title,place,start,end,genre,realm,url,thumbnail,source,period_raw,trend_ratio,popularity,crawled_at
"2026 카즈미 타테이시 트리오 내한공연-크리스마스, 재즈를 만나다-(서울)",강동아트센터 대극장 한강,2026-12-24,2026-12-24,콘서트,강동구,https://culture.seoul.go.kr/culture/culture/cultureEvent/view.do?cultcode=158770&menuNo=200008,https://culture.seoul.go.kr/cmmn/file/getImage.do?atchFileId=401a984b98ff4af8a57122219ee0d591&thumb=Y,서울시 문화행사,,0.006661,30,2026-08-23 01:14:23
"2026 카즈미 타테이시 트리오 내한공연-지브리, 재즈를 만나다-(서울)",영등포아트홀,2026-12-22,2026-12-22,콘서트,영등포구,https://culture.seoul.go.kr/culture/culture/cultureEvent/view.do?cultcode=158691&menuNo=200008,https://culture.seoul.go.kr/cmmn/file/getImage.do?atchFileId=ae89ba10b5c64459b3e2fe3942048f84&thumb=Y,서울시 문화행사,,0.072056,53,2026-08-23 01:14:23
[마포문화재단] 체홉 4대 장막 낭독극 [공놀이클럽의 사계절 체홉: 갈매기],마포아트센터 아트홀맥,2026-11-29,2026-11-29,연극,마포구,https://culture.seoul.go.kr/culture/culture/cultureEvent/view.do?cultcode=158955&menuNo=200008,https://culture.seoul.go.kr/cmmn/file/getImage.do?atchFileId=596148e92e5f4dd3870b298b700b9c2e&thumb=Y,서울시 문화행사,,0.055695,51,2026-08-23 01:14:23
파인캐릭터 2026 (FineCharacter 2026),동대문디자인플라자(DDP) 쇼룸 1층 (서울 중구 을지로 281),2026-11-27,2026-11-29,전시/미술,중구,https://culture.seoul.go.kr/culture/culture/cultureEvent/view.do?cultcode=158731&menuNo=200009,https://culture.seoul.go.kr/cmmn/file/getImage.do?atchFileId=f941d1c83dad4804b0f02fc3817af386&thumb=Y,서울시 문화행사,,,,2026-08-23 01:14:23
[마포문화재단] 제11회 M 클래식 축제 [뮤라벨 콘서트],마포아트센터 플레이맥,2026-10-28,2026-10-28,클래식,마포구,https://culture.seoul.go.kr/culture/culture/cultureEvent/view.do?cultcode=158566&menuNo=200008,https://culture.seoul.go.kr/cmmn/file/getImage.do?atchFileId=d0069ec8a15440cf83bea9a06775367a&thumb=Y,서울시 문화행사,,0.001089,12,2026-08-23 01:14:23
[꿈의숲아트센터] 꿈의숲 마티네 콘서트 [벨에포크 아트&뮤직] 시리즈3,북서울꿈의숲 상상톡톡미술관,2026-10-28,2026-10-28,콘서트,강북구,https://culture.seoul.go.kr/culture/culture/cultureEvent/view.do?cultcode=158447&menuNo=200008,https://culture.seoul.go.kr/cmmn/file/getImage.do?atchFileId=75a26c72552b4b38acca7be54e15cf8b&thumb=Y,서울시 문화행사,,0.009563,33,2026-08-23 01:14:23
[마포문화재단] 제11회 M 클래식 축제 [전수진의 피아니즘],마포아트센터 플레이맥,2026-10-27,2026-10-27,클래식,마포구,https://culture.seoul.go.kr/culture/culture/cultureEvent/view.do?cultcode=158565&menuNo=200008,https://culture.seoul.go.kr/cmmn/file/getImage.do?atchFileId=94a30babbe564eab9a4eee51586ffc3a&thumb=Y,서울시 문화행사,,0.001089,12,2026-08-23 01:14:23
"[서초문화재단] 2026 서울어텀페스타 선정작 [숨비소리, 해녀들의 노래]",서리풀아트스튜디오,2026-10-26,2026-11-09,연극,서초구,https://culture.seoul.go.kr/culture/culture/cultureEvent/view.do?cultcode=159097&menuNo=200008,https://culture.seoul.go.kr/cmmn/file/getImage.do?atchFileId=615df6acb7054be9add1d6af1dc8cedc&thumb=Y,서울시 문화행사,,0.000872,10,2026-08-23 01:14:23
[마포문화재단] 제11회 M 클래식 축제 [김도현x이수빈 듀오 리사이틀],마포아트센터 아트홀맥,2026-10-22,2026-10-22,클래식,마포구,https://culture.seoul.go.kr/culture/culture/cultureEvent/view.do?cultcode=158564&menuNo=200008,https://culture.seoul.go.kr/cmmn/file/getImage.do?atchFileId=af0e69c139674d2c889e2fed188c3170&thumb=Y,서울시 문화행사,,0.055695,51,2026-08-23 01:14:23
"[종로문화재단] 2026 윤동주문학제 [동주의 한글, 별이 되다]","종로구, 마로니에공원, 윤동주문학관 일대",2026-10-17,2026-10-18,축제-문화/예술,종로구,https://culture.seoul.go.kr/culture/culture/cultureEvent/view.do?cultcode=159107&menuNo=200010,https://culture.seoul.go.kr/cmmn/file/getImage.do?atchFileId=eebfc6876f884660800706d7535d16aa&thumb=Y,서울시 문화행사,,,,2026-08-23 01:14:23
[마포문화재단] 2026 [인디스커버리 : FESTA] TRACK 02,마포아트센터 아트홀맥,2026-10-17,2026-10-17,콘서트,마포구,https://culture.seoul.go.kr/culture/culture/cultureEvent/view.do?cultcode=158484&menuNo=200008,https://culture.seoul.go.kr/cmmn/file/getImage.do?atchFileId=49e49e5ac957439caa32f2e01e720560&thumb=Y,서울시 문화행사,,0.055695,51,2026-08-23 01:14:23
[광진문화재단] 2026 생활예술축제 [춤추는광진],서울어린이대공원 열린무대,2026-10-17,2026-10-17,축제-시민화합,광진구,https://culture.seoul.go.kr/culture/culture/cultureEvent/view.do?cultcode=159111&menuNo=200010,https://culture.seoul.go.kr/cmmn/file/getImage.do?atchFileId=ce6d5915fe4e47d89823a5f7384f4097&thumb=Y,서울시 문화행사,,,,2026-08-23 01:14:23
[마포문화재단] 2026 [인디스커버리 : FESTA] TRACK 01,마포아트센터 아트홀맥,2026-10-16,2026-10-16,콘서트,마포구,https://culture.seoul.go.kr/culture/culture/cultureEvent/view.do?cultcode=158483&menuNo=200008,https://culture.seoul.go.kr/cmmn/file/getImage.do?atchFileId=3d17bd7f9f0f4814af0c16207bb3a71b&thumb=Y,서울시 문화행사,,0.055695,51,2026-08-23 01:14:23
[영등포문화재단] 마티네콘서트 With 금난새 #3.베버, 영등포아트홀,2026-10-15,2026-10-15,클래식,영등포구,https://culture.seoul.go.kr/culture/culture/cultureEvent/view.do?cultcode=157909&menuNo=200008,https://culture.seoul.go.kr/cmmn/file/getImage.do?atchFileId=0410ae87ca824f11afa6370b0c19d9a8&thumb=Y,서울시 문화행사,,0.072056,53,2026-08-23 01:14:23
[마포문화재단] 제11회 M 클래식 축제 [하나의 울림],마포아트센터 아트홀맥,2026-10-14,2026-10-14,클래식,마포구,https://culture.seoul.go.kr/culture/culture/cultureEvent/view.do?cultcode=158563&menuNo=200008,https://culture.seoul.go.kr/cmmn/file/getImage.do?atchFileId=d2372238f9204b199c82a9c803225ece&thumb=Y,서울시 문화행사,,0.055695,51,2026-08-23 01:14:23
[마포문화재단] 2026 M 초이스 연극 [욕망이라는 이름의 전차],마포아트센터 아트홀맥,2026-10-08,2026-10-11,연극,마포구,https://culture.seoul.go.kr/culture/culture/cultureEvent/view.do?cultcode=159122&menuNo=200008,https://culture.seoul.go.kr/cmmn/file/getImage.do?atchFileId=23937681cfa34fb6b34a3c9369ffd913&thumb=Y,서울시 문화행사,,0.055695,51,2026-08-23 01:14:23
국립무용단 [더블빌:시나위],국립극장 해오름극장,2026-10-08,2026-10-11,무용,중구,https://culture.seoul.go.kr/culture/culture/cultureEvent/view.do?cultcode=158998&menuNo=200008,https://culture.seoul.go.kr/cmmn/file/getImage.do?atchFileId=3bb7a3a0a0f14cc1a3e7880472287be4&thumb=Y,서울시 문화행사,,0.257667,66,2026-08-23 01:14:23
2026년 중증장애인생산품박람회,서울 aT센터 1전시장,2026-10-06,2026-10-07,축제-시민화합,서초구,https://culture.seoul.go.kr/culture/culture/cultureEvent/view.do?cultcode=158996&menuNo=200010,https://culture.seoul.go.kr/cmmn/file/getImage.do?atchFileId=f89841e9f5d1491787c567a2af08d6e2&thumb=Y,서울시 문화행사,,,,2026-08-23 01:14:23
비올리스트 강동엽 보웬 전곡 시리즈 II - The English Rachmaninoff,예술의전당 리사이틀홀,2026-10-02,2026-10-02,클래식,서초구,https://culture.seoul.go.kr/culture/culture/cultureEvent/view.do?cultcode=159128&menuNo=200008,https://culture.seoul.go.kr/cmmn/file/getImage.do?atchFileId=d9d52f1ade2649cea6a87293d165bd38&thumb=Y,서울시 문화행사,,0.003573,24,2026-08-23 01:14:23
2026 인사동 엔틱&아트페어,"인사아트프라자, 안녕인사동 및 인사동 문화지구 전 지역",2026-10-01,2026-10-04,축제-문화/예술,종로구,https://culture.seoul.go.kr/culture/culture/cultureEvent/view.do?cultcode=159036&menuNo=200010,https://culture.seoul.go.kr/cmmn/file/getImage.do?atchFileId=467396e36da347099415c3b621bab272&thumb=Y,서울시 문화행사,,,,2026-08-23 01:14:23
수림뉴웨이브 2026 - 이재하 [현금제: 이중번역 (二重飜譯)],수림문화재단 김희수SPACE1,2026-10-01,2026-10-01,국악,동대문구,https://culture.seoul.go.kr/culture/culture/cultureEvent/view.do?cultcode=159094&menuNo=200008,https://culture.seoul.go.kr/cmmn/file/getImage.do?atchFileId=0b58a923224242e5bde21c7e4f2d993f&thumb=Y,서울시 문화행사,,,,2026-08-23 01:14:23
[서초문화원] 서초인문학 아카데미 [AI 시대의 인간다움] 김기현 교수,서초문화예술회관 아트홀,2026-09-30,2026-09-30,교육/체험,서초구,https://culture.seoul.go.kr/culture/culture/cultureEvent/view.do?cultcode=159123&menuNo=200011,https://culture.seoul.go.kr/cmmn/file/getImage.do?atchFileId=c02c0bb4c1954e4aa905cd600b158541&thumb=Y,서울시 문화행사,,0.001183,13,2026-08-23 01:14:23
수림뉴웨이브 2026 - 최태영의 해금 [비사비죽],수림문화재단 김희수SPACE1,2026-09-24,2026-09-24,국악,동대문구,https://culture.seoul.go.kr/culture/culture/cultureEvent/view.do?cultcode=159093&menuNo=200008,https://culture.seoul.go.kr/cmmn/file/getImage.do?atchFileId=bbcb3298f81c434ba0dfa1424bee9758&thumb=Y,서울시 문화행사,,,,2026-08-23 01:14:23
2026 다름다움 페스티벌,반포한강공원 예빛섬 야외무대 일원,2026-09-20,2026-09-20,축제-시민화합,서초구,https://culture.seoul.go.kr/culture/culture/cultureEvent/view.do?cultcode=159020&menuNo=200010,https://culture.seoul.go.kr/cmmn/file/getImage.do?atchFileId=574618453e43472ab0c0836521ac8f0d&thumb=Y,서울시 문화행사,,,,2026-08-23 01:14:23
2026 홍난파가곡제 [나의 살던 고향은],세종문화회관 대극장,2026-09-20,2026-09-20,콘서트,종로구,https://culture.seoul.go.kr/culture/culture/cultureEvent/view.do?cultcode=158999&menuNo=200008,https://culture.seoul.go.kr/cmmn/file/getImage.do?atchFileId=97ecedf30cf44cb4b081280b724a1aac&thumb=Y,서울시 문화행사,,0.138483,60,2026-08-23 01:14:23
서울거리예술축제 2026,"뚝섬한강공원, 서울숲",2026-09-19,2026-09-20,축제-문화/예술,광진구,https://culture.seoul.go.kr/culture/culture/cultureEvent/view.do?cultcode=159119&menuNo=200010,https://culture.seoul.go.kr/cmmn/file/getImage.do?atchFileId=7e5cf98f4dd449f6b8d3eb37720a4561&thumb=Y,서울시 문화행사,,,,2026-08-23 01:14:23
[구산동도서관마을] 9월 독서의 달 이달의 인문학 「빵 안 파는 빵집」-빵이(차에셀) 저자와의 만남,구산동도서관마을 3층 힐링캠프,2026-09-19,2026-09-19,교육/체험,은평구,https://culture.seoul.go.kr/culture/culture/cultureEvent/view.do?cultcode=159099&menuNo=200011,https://culture.seoul.go.kr/cmmn/file/getImage.do?atchFileId=ba8e9568777c4303aaa5ff44e38f36bd&thumb=Y,서울시 문화행사,,,,2026-08-23 01:14:23
올리버 케른 Piano Recital [Fantasies and Dances],아트센터 림 아트홀,2026-09-19,2026-09-19,클래식,종로구,https://culture.seoul.go.kr/culture/culture/cultureEvent/view.do?cultcode=159125&menuNo=200008,https://culture.seoul.go.kr/cmmn/file/getImage.do?atchFileId=f9f854d6f7ee4b3b8b72e36e039bd43d&thumb=Y,서울시 문화행사,,,,2026-08-23 01:14:23
[마포문화재단] 체홉 4대 장막 낭독극 [공놀이클럽의 사계절 체홉: 세자매],마포아트센터 플레이맥,2026-09-19,2026-09-19,연극,마포구,https://culture.seoul.go.kr/culture/culture/cultureEvent/view.do?cultcode=158954&menuNo=200008,https://culture.seoul.go.kr/cmmn/file/getImage.do?atchFileId=f50d3aa9d26845c793ef91f86dae8602&thumb=Y,서울시 문화행사,,0.001089,12,2026-08-23 01:14:23
[서울시립교향악단] 비그림파워코리아와 함께하는 2026 서울시향 파크 콘서트,서울어린이대공원 숲속의무대,2026-09-19,2026-09-19,클래식,광진구,https://culture.seoul.go.kr/culture/culture/cultureEvent/view.do?cultcode=159145&menuNo=200008,https://culture.seoul.go.kr/cmmn/file/getImage.do?atchFileId=098fb560b2e2462dae8d9bd5dbd38519&thumb=Y,서울시 문화행사,,0.007128,31,2026-08-23 01:14:23
2026 서울어텀페스타,"서울 전역의 실내외 공연장, 한강공원 일대, 서울문화재단 대학로센터 등",2026-09-18,2026-11-29,축제-문화/예술,광진구,https://culture.seoul.go.kr/culture/culture/cultureEvent/view.do?cultcode=159120&menuNo=200010,https://culture.seoul.go.kr/cmmn/file/getImage.do?atchFileId=367ad7c8294340e1a81fbb48f8832cdd&thumb=Y,서울시 문화행사,,0.000311,0,2026-08-23 01:14:23
"[관악문화재단] 상주단체시리즈 2 : 청춘,18대1",관악아트홀 공연장,2026-09-18,2026-09-19,연극,관악구,https://culture.seoul.go.kr/culture/culture/cultureEvent/view.do?cultcode=158631&menuNo=200008,https://culture.seoul.go.kr/cmmn/file/getImage.do?atchFileId=0d5c7fd74a9f4599be9e25bf03ed1ec6&thumb=Y,서울시 문화행사,,,,2026-08-23 01:14:23
[마포문화재단] 제11회 M 클래식 축제 [소프라노 황수미 리사이틀],마포아트센터 아트홀맥,2026-09-17,2026-09-17,클래식,마포구,https://culture.seoul.go.kr/culture/culture/cultureEvent/view.do?cultcode=158562&menuNo=200008,https://culture.seoul.go.kr/cmmn/file/getImage.do?atchFileId=7d94ec9c19bc411882c4cea646417c4f&thumb=Y,서울시 문화행사,,0.055695,51,2026-08-23 01:14:23
수림뉴웨이브 2026 - 정은혜 [Eot - Pulse],수림문화재단 김희수SPACE1,2026-09-17,2026-09-17,국악,동대문구,https://culture.seoul.go.kr/culture/culture/cultureEvent/view.do?cultcode=159092&menuNo=200008,https://culture.seoul.go.kr/cmmn/file/getImage.do?atchFileId=3147750611014b8fa504f35e1857a287&thumb=Y,서울시 문화행사,,,,2026-08-23 01:14:23
[문학주간2026] 곁눈질,대학로 마로니에 공원 일대,2026-09-16,2026-09-20,축제-문화/예술,종로구,https://culture.seoul.go.kr/culture/culture/cultureEvent/view.do?cultcode=158348&menuNo=200010,https://culture.seoul.go.kr/cmmn/file/getImage.do?atchFileId=cb8e4af0d28448b1b6ec5891a8a5daad&thumb=Y,서울시 문화행사,,,,2026-08-23 01:14:23
정연주 해금 독주회 [Seasons],국립국악원 우면당,2026-09-16,2026-09-16,국악,서초구,https://culture.seoul.go.kr/culture/culture/cultureEvent/view.do?cultcode=159138&menuNo=200008,https://culture.seoul.go.kr/cmmn/file/getImage.do?atchFileId=a663d9241670400893a587a52670a1b2&thumb=Y,서울시 문화행사,,0.008703,33,2026-08-23 01:14:23
[마포문화재단] 2026 M 아티스트 선율 피아노 리사이틀 Ⅱ,마포아트센터 아트홀맥,2026-09-16,2026-09-16,클래식,마포구,https://culture.seoul.go.kr/culture/culture/cultureEvent/view.do?cultcode=157857&menuNo=200008,https://culture.seoul.go.kr/cmmn/file/getImage.do?atchFileId=85fc1df81a114f9b90e3793fc465f23c&thumb=Y,서울시 문화행사,,0.055695,51,2026-08-23 01:14:23
[성동문화재단] 세계 영화 상영회 7회차 [슬로바키아 영화],성수아트홀,2026-09-16,2026-09-16,영화,성동구,https://culture.seoul.go.kr/culture/culture/cultureEvent/view.do?cultcode=159072&menuNo=200013,https://culture.seoul.go.kr/cmmn/file/getImage.do?atchFileId=07ab8e1eb5634f0195ea6c4e32b802cd&thumb=Y,서울시 문화행사,,0.033892,46,2026-08-23 01:14:23
[강북문화재단] 2026 마티네 콘서트 [클래식 인 시네마],강북문화예술회관 강북진달래홀,2026-09-16,2026-09-16,클래식,강북구,https://culture.seoul.go.kr/culture/culture/cultureEvent/view.do?cultcode=159136&menuNo=200008,https://culture.seoul.go.kr/cmmn/file/getImage.do?atchFileId=2dd93a32f88d4d02afe04a49b0d78c63&thumb=Y,서울시 문화행사,,0.000436,3,2026-08-23 01:14:23
[세종문화회관] 2026 누구나 클래식 with 대구시립교향악단,세종문화회관 세종대극장,2026-09-15,2026-09-15,클래식,종로구,https://culture.seoul.go.kr/culture/culture/cultureEvent/view.do?cultcode=158957&menuNo=200008,https://culture.seoul.go.kr/cmmn/file/getImage.do?atchFileId=9324b45feafa4e7fb9a9011e81c19daa&thumb=Y,서울시 문화행사,,,,2026-08-23 01:14:23
[구로문화재단] 2026 이달의 공연 [사운드트립]_9월 홍진호 with 김준서&차환희,구로아트밸리 예술극장,2026-09-15,2026-09-15,콘서트,구로구,https://culture.seoul.go.kr/culture/culture/cultureEvent/view.do?cultcode=158523&menuNo=200008,https://culture.seoul.go.kr/cmmn/file/getImage.do?atchFileId=9d3eb538e1444280acf0eb2144ef8a37&thumb=Y,서울시 문화행사,,0.003835,25,2026-08-23 01:14:23
라이브 퀘스트 뮤지컬 [코드네임X],국립중앙박물관 극장 용,2026-09-12,2026-10-18,뮤지컬/오페라,용산구,https://culture.seoul.go.kr/culture/culture/cultureEvent/view.do?cultcode=159103&menuNo=200008,https://culture.seoul.go.kr/cmmn/file/getImage.do?atchFileId=e5097d04bed64dc8b9df3f8aa24e1981&thumb=Y,서울시 문화행사,,0.081967,54,2026-08-23 01:14:23
[세종문화회관] 26세종시즌 [스미레 미용실],세종M씨어터,2026-09-12,2026-10-03,연극,종로구,https://culture.seoul.go.kr/culture/culture/cultureEvent/view.do?cultcode=159055&menuNo=200008,https://culture.seoul.go.kr/cmmn/file/getImage.do?atchFileId=cabf72f0c90446f1a43cbf195664aa4b&thumb=Y,서울시 문화행사,,0.003785,24,2026-08-23 01:14:23
제 4회 서울 두드림 페스티벌,"양천문화회관 대극장, 양천문화회관 해바라기홀, 양천문화회관 야외무대",2026-09-12,2026-09-13,축제-문화/예술,양천구,https://culture.seoul.go.kr/culture/culture/cultureEvent/view.do?cultcode=158968&menuNo=200010,https://culture.seoul.go.kr/cmmn/file/getImage.do?atchFileId=86d60ec3ca5c4d2293c87b09329001b5&thumb=Y,서울시 문화행사,,,,2026-08-23 01:14:23
"2026 동대문구 북 페스티벌 [책력장: 펼쳐라 책, 뛰어라 몸!]",동대문구청 미래광장 및 다목적 강당,2026-09-12,2026-09-12,축제-문화/예술,동대문구,https://culture.seoul.go.kr/culture/culture/cultureEvent/view.do?cultcode=159083&menuNo=200010,https://culture.seoul.go.kr/cmmn/file/getImage.do?atchFileId=108cc5873f4d42428226b93c97831b71&thumb=Y,서울시 문화행사,,,,2026-08-23 01:14:23
"[서울문화예술교육센터 서초] 음악의 집 [9월, 음악가의 사적인 플레이리스트] 음악으로 듣는 풍경",서울문화예술교육센터 서초 1층 더라운지,2026-09-12,2026-09-12,교육/체험,서초구,https://culture.seoul.go.kr/culture/culture/cultureEvent/view.do?cultcode=158502&menuNo=200011,https://culture.seoul.go.kr/cmmn/file/getImage.do?atchFileId=c734a5929b4744968f4c38bfe593f670&thumb=Y,서울시 문화행사,,,,2026-08-23 01:14:23
[구로문화재단] 예술극장 재개관 시리즈 [디토 오케스트라 정기연주회 톡톡 클래식],구로아트밸리 예술극장,2026-09-12,2026-09-12,클래식,구로구,https://culture.seoul.go.kr/culture/culture/cultureEvent/view.do?cultcode=158897&menuNo=200008,https://culture.seoul.go.kr/cmmn/file/getImage.do?atchFileId=12d994f057a947e9b31d22851147160d&thumb=Y,서울시 문화행사,,0.003835,25,2026-08-23 01:14:23
2026 서울시 함께 어울림 페스티벌,정릉천복합문화공간 DDM스케이트파크,2026-09-12,2026-09-12,축제-문화/예술,동대문구,https://culture.seoul.go.kr/culture/culture/cultureEvent/view.do?cultcode=158970&menuNo=200010,https://culture.seoul.go.kr/cmmn/file/getImage.do?atchFileId=32710aded5f6478088218fb5c07ee12a&thumb=Y,서울시 문화행사,,,,2026-08-23 01:14:23
[세종문화회관] 2026 꿈나무 토요음악회 [맛있는 클래식],세종문화회관 체임버홀,2026-09-12,2026-09-12,클래식,종로구,https://culture.seoul.go.kr/culture/culture/cultureEvent/view.do?cultcode=158940&menuNo=200008,https://culture.seoul.go.kr/cmmn/file/getImage.do?atchFileId=80127e1ce16f4d35a47b16082ad835d6&thumb=Y,서울시 문화행사,,0.010036,34,2026-08-23 01:14:23
[청계천박물관] 2026년 하반기 초등 특수학급 교육 [오감으로 만지는 청계천이야기],청계천박물관(서울특별시 성동구 청계천로 530),2026-09-11,2026-10-23,교육/체험,성동구,https://culture.seoul.go.kr/culture/culture/cultureEvent/view.do?cultcode=159051&menuNo=200011,https://culture.seoul.go.kr/cmmn/file/getImage.do?atchFileId=f26b8819bd584f1094fd7e4550b04614&thumb=Y,서울시 문화행사,,,,2026-08-23 01:14:23
지금이라도 차차차를 해보면 어떨까?,홍대갤러리 키르큐펠,2026-09-11,2026-09-19,전시/미술,마포구,https://culture.seoul.go.kr/culture/culture/cultureEvent/view.do?cultcode=159112&menuNo=200009,https://culture.seoul.go.kr/cmmn/file/getImage.do?atchFileId=dc5315e87fd64e80baf390fd11e9c4cf&thumb=Y,서울시 문화행사,,0.001394,15,2026-08-23 01:14:23
김보람 [관통시팔],성수아트홀 ,2026-09-11,2026-09-13,무용,성동구,https://culture.seoul.go.kr/culture/culture/cultureEvent/view.do?cultcode=158698&menuNo=200008,https://culture.seoul.go.kr/cmmn/file/getImage.do?atchFileId=3fcb89a55f6a47219a8262e6661b1b7b&thumb=Y,서울시 문화행사,,0.033892,46,2026-08-23 01:14:23
2026 용산 국가유산 야행,효창공원,2026-09-11,2026-09-12,축제-전통/역사,용산구,https://culture.seoul.go.kr/culture/culture/cultureEvent/view.do?cultcode=159144&menuNo=200010,https://culture.seoul.go.kr/cmmn/file/getImage.do?atchFileId=78fde7c3c6424e78aeeea2b8b67ebc4f&thumb=Y,서울시 문화행사,,0.135943,59,2026-08-23 01:14:23
"[2026 서울공익활동 박람회] 취향이 가치가 되는 곳, 삼각지 공지순례",서울시공익활동지원센터(B1) 및 1층(야외),2026-09-11,2026-09-12,교육/체험,용산구,https://culture.seoul.go.kr/culture/culture/cultureEvent/view.do?cultcode=159017&menuNo=200011,https://culture.seoul.go.kr/cmmn/file/getImage.do?atchFileId=e8caaa9c58ea41e182edbce08c6fe1a2&thumb=Y,서울시 문화행사,,,,2026-08-23 01:14:23
제2회 김한백 소금 독주회 [소금창고 프로젝트 Ⅱ],JCC아트센터 콘서트홀,2026-09-11,2026-09-11,국악,종로구,https://culture.seoul.go.kr/culture/culture/cultureEvent/view.do?cultcode=158948&menuNo=200008,https://culture.seoul.go.kr/cmmn/file/getImage.do?atchFileId=cf53c0e7d77c4b8a8be39c85980dd6fc&thumb=Y,서울시 문화행사,,0.001401,15,2026-08-23 01:14:23
[마포문화재단] 제11회 M 클래식 축제 [발렌티나 이고시나 피아노 리사이틀],마포아트센터 아트홀맥,2026-09-11,2026-09-11,클래식,마포구,https://culture.seoul.go.kr/culture/culture/cultureEvent/view.do?cultcode=158561&menuNo=200008,https://culture.seoul.go.kr/cmmn/file/getImage.do?atchFileId=9a2a9184d7a74ed6ab01b799d66630cf&thumb=Y,서울시 문화행사,,0.055695,51,2026-08-23 01:14:23
[마포구립서강도서관] 9월/도서관초대석 (조해진) 소설 [우리 세희] 바깥의 이야기 「작가힙톡(Hip-Talk)」,마포구립서강도서관 3층 세미나실,2026-09-11,2026-09-11,교육/체험,마포구,https://culture.seoul.go.kr/culture/culture/cultureEvent/view.do?cultcode=159045&menuNo=200011,https://culture.seoul.go.kr/cmmn/file/getImage.do?atchFileId=ce505f318240404c9262186491cf1647&thumb=Y,서울시 문화행사,,,,2026-08-23 01:14:23
[서울시립교향악단] 2026 서울시향 최수열의 스크랴빈 교향곡 4번,롯데콘서트홀,2026-09-11,2026-09-11,클래식,송파구,https://culture.seoul.go.kr/culture/culture/cultureEvent/view.do?cultcode=159008&menuNo=200008,https://culture.seoul.go.kr/cmmn/file/getImage.do?atchFileId=9337c36ba0c5470892d23d0d6e6d7c04&thumb=Y,서울시 문화행사,,0.808786,77,2026-08-23 01:14:23
[세종문화회관] 26세종시즌 [무감서기],세종대극장,2026-09-10,2026-09-13,무용,종로구,https://culture.seoul.go.kr/culture/culture/cultureEvent/view.do?cultcode=159069&menuNo=200008,https://culture.seoul.go.kr/cmmn/file/getImage.do?atchFileId=5bf2caa17d3c4cf083e38bff3b21412a&thumb=Y,서울시 문화행사,,0.002366,20,2026-08-23 01:14:23
우리신화이야기 [이야기장수와 도깨비],종로 아이들극장,2026-09-10,2026-09-13,연극,종로구,https://culture.seoul.go.kr/culture/culture/cultureEvent/view.do?cultcode=159065&menuNo=200008,https://culture.seoul.go.kr/cmmn/file/getImage.do?atchFileId=a266afb633b14918a36d429b7b7e11f7&thumb=Y,서울시 문화행사,,0.020009,41,2026-08-23 01:14:23
[마포문화재단] 제11회 M 클래식 축제 [백건우 피아노 리사이틀],마포아트센터 아트홀맥,2026-09-10,2026-09-10,클래식,마포구,https://culture.seoul.go.kr/culture/culture/cultureEvent/view.do?cultcode=158560&menuNo=200008,https://culture.seoul.go.kr/cmmn/file/getImage.do?atchFileId=2c95566928c44425baa96db84b164ae2&thumb=Y,서울시 문화행사,,0.055695,51,2026-08-23 01:14:23
수림뉴웨이브 2026 - 추다혜 [엇숨],김희수아트센터SPACE1,2026-09-10,2026-09-10,국악,동대문구,https://culture.seoul.go.kr/culture/culture/cultureEvent/view.do?cultcode=159029&menuNo=200008,https://culture.seoul.go.kr/cmmn/file/getImage.do?atchFileId=6757418ca850486f986c3248af2e9b88&thumb=Y,서울시 문화행사,,0.000311,0,2026-08-23 01:14:23
[성북문화재단] 2026 성북축제학교 [지음·이음·다음],돌곶이생활예술문화센터,2026-09-09,2026-11-04,교육/체험,성북구,https://culture.seoul.go.kr/culture/culture/cultureEvent/view.do?cultcode=159085&menuNo=200011,https://culture.seoul.go.kr/cmmn/file/getImage.do?atchFileId=c4b9b47c274e459b88696f0d1a7c1fed&thumb=Y,서울시 문화행사,,0.000747,9,2026-08-23 01:14:23
2026 예술 일자리 박람회 [예술로 일하다],"홍익대학교 대학로 아트센터 1·3 전시장, 예술가의집",2026-09-09,2026-09-10,축제-기타,종로구,https://culture.seoul.go.kr/culture/culture/cultureEvent/view.do?cultcode=158997&menuNo=200010,https://culture.seoul.go.kr/cmmn/file/getImage.do?atchFileId=16d41db9e64a4ed0bbfa0380d235a7df&thumb=Y,서울시 문화행사,,,,2026-08-23 01:14:23
[동대문문화재단] 2026 신규 기획공연 [브런치 콘서트 아트리움 - 국립국악관현악단 청년교육단원],선농단역사문화관 지하 3층 중정,2026-09-09,2026-09-09,국악,동대문구,https://culture.seoul.go.kr/culture/culture/cultureEvent/view.do?cultcode=159028&menuNo=200008,https://culture.seoul.go.kr/cmmn/file/getImage.do?atchFileId=7382ab9122024b6594971c0b1d6f0b7e&thumb=Y,서울시 문화행사,,,,2026-08-23 01:14:23
[서울시립교향악단] 2026 서울시향 체임버 클래식스 V: 고전 빈,세종문화회관 체임버홀,2026-09-09,2026-09-09,클래식,종로구,https://culture.seoul.go.kr/culture/culture/cultureEvent/view.do?cultcode=159009&menuNo=200008,https://culture.seoul.go.kr/cmmn/file/getImage.do?atchFileId=12be349c21b44c2b884c9a78abef8ed7&thumb=Y,서울시 문화행사,,0.010036,34,2026-08-23 01:14:23
[조윤라발레단] 어제 같은 오늘 그리고 내일은 III,마포아트센터 아트홀 맥,2026-09-08,2026-09-09,무용,마포구,https://culture.seoul.go.kr/culture/culture/cultureEvent/view.do?cultcode=159061&menuNo=200008,https://culture.seoul.go.kr/cmmn/file/getImage.do?atchFileId=2265a45888b14a72aefc5d7706f8591c&thumb=Y,서울시 문화행사,,0.055695,51,2026-08-23 01:14:23
[서울영화센터] 스크린 속 미술 이야기,서울영화센터 7층 다목적실,2026-09-08,2026-09-08,교육/체험,중구,https://culture.seoul.go.kr/culture/culture/cultureEvent/view.do?cultcode=158953&menuNo=200011,https://culture.seoul.go.kr/cmmn/file/getImage.do?atchFileId=8e2cbe96a69740428114db82338a6bb6&thumb=Y,서울시 문화행사,,,,2026-08-23 01:14:23
춤추는 여자들 [당신은 지금 바비레따에 살고 있군요 Ver.2],서울남산국악당 야외마당,2026-09-07,2026-09-21,무용,중구,https://culture.seoul.go.kr/culture/culture/cultureEvent/view.do?cultcode=159113&menuNo=200008,https://culture.seoul.go.kr/cmmn/file/getImage.do?atchFileId=0a5905dc15294e868f0496a547e9cf96&thumb=Y,서울시 문화행사,,,,2026-08-23 01:14:23
[도산안창호 기념관] 2026 어린이 역사체험,도산안창호기념관 강당(점진홀),2026-09-07,2026-09-11,교육/체험,강남구,https://culture.seoul.go.kr/culture/culture/cultureEvent/view.do?cultcode=159114&menuNo=200011,https://culture.seoul.go.kr/cmmn/file/getImage.do?atchFileId=b1708f6fe35c4084b941da79268a5b57&thumb=Y,서울시 문화행사,,,,2026-08-23 01:14:23
"[성북문화재단] 2026 성북 책모꼬지 북페스티벌 [도서관 네트워크 ON, 성북을 밝히다]","성북구청 앞 바람마당교, 성북천 수변활력거점 일대",2026-09-06,2026-09-06,축제-문화/예술,성북구,https://culture.seoul.go.kr/culture/culture/cultureEvent/view.do?cultcode=159109&menuNo=200010,https://culture.seoul.go.kr/cmmn/file/getImage.do?atchFileId=4e6f7dfa58dd4b6d87f0e78df67ffd4d&thumb=Y,서울시 문화행사,,,,2026-08-23 01:14:23
[서울영화센터] 스마트폰으로 만드는 나만의 영화 - Ⅲ.포스트프로덕션,서울영화센터 7층 다목적실,2026-09-05,2026-09-12,교육/체험,중구,https://culture.seoul.go.kr/culture/culture/cultureEvent/view.do?cultcode=158945&menuNo=200011,https://culture.seoul.go.kr/cmmn/file/getImage.do?atchFileId=eaf9f228cae24045bb53e90b110b45c5&thumb=Y,서울시 문화행사,,,,2026-08-23 01:14:23
[궁] 저자와 함께하는 인문학 여행 [궁으로 출근합니다.],서울도서관 광화문라운지,2026-09-05,2026-09-05,교육/체험,종로구,https://culture.seoul.go.kr/culture/culture/cultureEvent/view.do?cultcode=158993&menuNo=200011,https://culture.seoul.go.kr/cmmn/file/getImage.do?atchFileId=b8734b261518401f901a1d12a74c4404&thumb=Y,서울시 문화행사,,,,2026-08-23 01:14:23
프로젝트 오디너리 [Opera Without Words],세종체임버홀,2026-09-05,2026-09-05,클래식,종로구,https://culture.seoul.go.kr/culture/culture/cultureEvent/view.do?cultcode=159053&menuNo=200008,https://culture.seoul.go.kr/cmmn/file/getImage.do?atchFileId=02c0efdda21640feb8db739bfcd06213&thumb=Y,서울시 문화행사,,0.012949,36,2026-08-23 01:14:23
[강동문화재단XSIDance] 시네쿠아논아트x전복된 해부학적 풍경 [욕망은 혼란을 부른다],강동아트센터 대극장 한강,2026-09-05,2026-09-05,무용,강동구,https://culture.seoul.go.kr/culture/culture/cultureEvent/view.do?cultcode=159081&menuNo=200008,https://culture.seoul.go.kr/cmmn/file/getImage.do?atchFileId=35452ca6fd6941a6938b01f4fde6f5ae&thumb=Y,서울시 문화행사,,0.006661,30,2026-08-23 01:14:23
2026 Be My OBJECT [나만의 소품&오브제 마켓],서울 aT센터 1층,2026-09-04,2026-09-06,전시/미술,서초구,https://culture.seoul.go.kr/culture/culture/cultureEvent/view.do?cultcode=158601&menuNo=200009,https://culture.seoul.go.kr/cmmn/file/getImage.do?atchFileId=00616f7d701d4efd96676f736803a373&thumb=Y,서울시 문화행사,,,,2026-08-23 01:14:23
2026 사람사는세상 책문화제[질문하는 사람],노무현시민센터 ,2026-09-04,2026-09-06,교육/체험,종로구,https://culture.seoul.go.kr/culture/culture/cultureEvent/view.do?cultcode=159116&menuNo=200011,https://culture.seoul.go.kr/cmmn/file/getImage.do?atchFileId=16fff51827aa44f6a3370ddd7efa70f1&thumb=Y,서울시 문화행사,,0.023408,42,2026-08-23 01:14:23
2026 서울 일러스트코리아 in aT,서울 aT센터 3층,2026-09-04,2026-09-06,전시/미술,서초구,https://culture.seoul.go.kr/culture/culture/cultureEvent/view.do?cultcode=158602&menuNo=200009,https://culture.seoul.go.kr/cmmn/file/getImage.do?atchFileId=9be93c1591134e9cb1a7c299cfe3fba2&thumb=Y,서울시 문화행사,,,,2026-08-23 01:14:23
2026 새활용 페스티벌,서울새활용플라자 및 새활용거리 일대,2026-09-04,2026-09-06,축제-문화/예술,성동구,https://culture.seoul.go.kr/culture/culture/cultureEvent/view.do?cultcode=159040&menuNo=200010,https://culture.seoul.go.kr/cmmn/file/getImage.do?atchFileId=6e08c30f147b4de483afaec316fdb03a&thumb=Y,서울시 문화행사,,,,2026-08-23 01:14:23
[세종문화회관] HYPNOSIS THERAPY on Sync Next 26,세종S씨어터,2026-09-04,2026-09-05,기타,종로구,https://culture.seoul.go.kr/culture/culture/cultureEvent/view.do?cultcode=158975&menuNo=200013,https://culture.seoul.go.kr/cmmn/file/getImage.do?atchFileId=fb5f13bd19224b638343e75146f67525&thumb=Y,서울시 문화행사,,0.002528,20,2026-08-23 01:14:23
[서울외국인주민센터] 2026년 세계문화탐방 [일상 속 세계정거장] 튀르키예 문화편,주한튀르키예 문화원 지하강당 (서울 중구 동호로 240 환경빌딩),2026-09-04,2026-09-04,교육/체험,중구,https://culture.seoul.go.kr/culture/culture/cultureEvent/view.do?cultcode=159153&menuNo=200011,https://culture.seoul.go.kr/cmmn/file/getImage.do?atchFileId=bc0cf5a594c94effaf10973db4571073&thumb=Y,서울시 문화행사,,,,2026-08-23 01:14:23
[세종문화회관] 26세종시즌 [창작 국악 시리즈 신풍류전],세종M씨어터,2026-09-04,2026-09-04,국악,종로구,https://culture.seoul.go.kr/culture/culture/cultureEvent/view.do?cultcode=158973&menuNo=200008,https://culture.seoul.go.kr/cmmn/file/getImage.do?atchFileId=d12677461656425aba137914aeaea32e&thumb=Y,서울시 문화행사,,0.003785,24,2026-08-23 01:14:23
2026년 서초구 양성평등주간 기념특강 개그우먼 조혜련의 [행복의 레벨을 높여라!],서초구청 2층 대강당,2026-09-04,2026-09-04,교육/체험,서초구,https://culture.seoul.go.kr/culture/culture/cultureEvent/view.do?cultcode=158994&menuNo=200011,https://culture.seoul.go.kr/cmmn/file/getImage.do?atchFileId=64c7548fba5a44f4bc11fde59df2bd98&thumb=Y,서울시 문화행사,,,,2026-08-23 01:14:23
[서울백제어린이박물관] 문화로 야금야금 8월 특별프로그램 [버블&벌룬쇼],서울백제어린이박물관 야외 마당,2026-09-04,2026-09-04,기타,송파구,https://culture.seoul.go.kr/culture/culture/cultureEvent/view.do?cultcode=158789&menuNo=200013,https://culture.seoul.go.kr/cmmn/file/getImage.do?atchFileId=bb4909a1c98e4268a390d9bb54a19351&thumb=Y,서울시 문화행사,,,,2026-08-23 01:14:23
[서초문화재단] 서리풀 서초9 시리즈 6 피아니스트 최현아의 다이얼로그 [바흐와 베토벤의 근원과 구조],반포심산아트홀,2026-09-04,2026-09-04,클래식,서초구,https://culture.seoul.go.kr/culture/culture/cultureEvent/view.do?cultcode=158966&menuNo=200008,https://culture.seoul.go.kr/cmmn/file/getImage.do?atchFileId=15115fd99f064133b82035787879e99c&thumb=Y,서울시 문화행사,,0.023396,42,2026-08-23 01:14:23
From Latin America [남미로부터] 이동휘 클래식기타 독주회,세종체임버홀,2026-09-04,2026-09-04,독주/독창회,종로구,https://culture.seoul.go.kr/culture/culture/cultureEvent/view.do?cultcode=159054&menuNo=200008,https://culture.seoul.go.kr/cmmn/file/getImage.do?atchFileId=04f576208f764dd7b0c96e4f142a2064&thumb=Y,서울시 문화행사,,0.012949,36,2026-08-23 01:14:23
[청계천박물관] 2026년 하반기 유아 단체 교육 [꼬물꼬물 청계천 보물찾기],청계천박물관 (서울특별시 성동구 청계천로 530),2026-09-03,2026-10-22,교육/체험,성동구,https://culture.seoul.go.kr/culture/culture/cultureEvent/view.do?cultcode=159058&menuNo=200011,https://culture.seoul.go.kr/cmmn/file/getImage.do?atchFileId=6849a039cce2439eaa4aa4248a21d63c&thumb=Y,서울시 문화행사,,,,2026-08-23 01:14:23
2026 창극 중심 세계음악극축제,"국립극장(해오름극장, 달오름극장, 하늘극장)",2026-09-03,2026-09-26,축제-문화/예술,중구,https://culture.seoul.go.kr/culture/culture/cultureEvent/view.do?cultcode=158746&menuNo=200010,https://culture.seoul.go.kr/cmmn/file/getImage.do?atchFileId=268f31f96f574595ad83902c3091208b&thumb=Y,서울시 문화행사,,,,2026-08-23 01:14:23
국립극장 기획 [옹옹옹],국립극장 달오름극장,2026-09-03,2026-09-06,연극,중구,https://culture.seoul.go.kr/culture/culture/cultureEvent/view.do?cultcode=158854&menuNo=200008,https://culture.seoul.go.kr/cmmn/file/getImage.do?atchFileId=9190db742c0f46ed93a633f65eb0b313&thumb=Y,서울시 문화행사,,0.00965,34,2026-08-23 01:14:23
2026 서울시 찾아가는 유랑극단 선정작 [소시민],은평문화예술회관 숲속극장,2026-09-03,2026-09-05,연극,은평구,https://culture.seoul.go.kr/culture/culture/cultureEvent/view.do?cultcode=159118&menuNo=200008,https://culture.seoul.go.kr/cmmn/file/getImage.do?atchFileId=4a4a9f0caf2f48a0b83f19138f276098&thumb=Y,서울시 문화행사,,0.000311,0,2026-08-23 01:14:23
수림뉴웨이브 2026 - 이준 [Golden Hour],수림문화재단 김희수SPACE1,2026-09-03,2026-09-03,국악,동대문구,https://culture.seoul.go.kr/culture/culture/cultureEvent/view.do?cultcode=158636&menuNo=200008,https://culture.seoul.go.kr/cmmn/file/getImage.do?atchFileId=33462b1746e948de8080b374dcf09f74&thumb=Y,서울시 문화행사,,,,2026-08-23 01:14:23
[강동문화재단XSIDance] 토마스 눈 무용단 [사기꾼] / JKC 프로젝트 [ANY],강동아트센터 소극장 드림,2026-09-03,2026-09-03,무용,강동구,https://culture.seoul.go.kr/culture/culture/cultureEvent/view.do?cultcode=159080&menuNo=200008,https://culture.seoul.go.kr/cmmn/file/getImage.do?atchFileId=c47b27ed09954892bebb89ec1a8edfd3&thumb=Y,서울시 문화행사,,0.001594,16,2026-08-23 01:14:23
"[청계천박물관] 2026년 하반기 초등4~6학년 학급단체 교육 [졸졸졸 개천, 콸콸콸 준천]",청계천박물관(서울특별시 성동구 청계천로 530),2026-09-02,2026-10-28,교육/체험,성동구,https://culture.seoul.go.kr/culture/culture/cultureEvent/view.do?cultcode=159063&menuNo=200011,https://culture.seoul.go.kr/cmmn/file/getImage.do?atchFileId=a790dad425524623b8ac6f8f41b142ba&thumb=Y,서울시 문화행사,,,,2026-08-23 01:14:23
[개봉도서관] 2026년 특성화 프로그램 [찾아가는 금융교실],구로구공익활동지원센터 소회의실(잇다),2026-09-02,2026-09-23,교육/체험,구로구,https://culture.seoul.go.kr/culture/culture/cultureEvent/view.do?cultcode=158944&menuNo=200011,https://culture.seoul.go.kr/cmmn/file/getImage.do?atchFileId=57ef8462d71b469fbcbe52c61f840b30&thumb=Y,서울시 문화행사,,,,2026-08-23 01:14:23
[구산동도서관마을] 2026년 도서관 다문화 서비스 - 문화 다양성을 말하다 : 『그래도 되는 차별은 없다』 저자와의 만남,구산동도서관마을 3층 힐링캠프,2026-09-02,2026-09-23,교육/체험,은평구,https://culture.seoul.go.kr/culture/culture/cultureEvent/view.do?cultcode=159044&menuNo=200011,https://culture.seoul.go.kr/cmmn/file/getImage.do?atchFileId=1fde01cb7e4646c3ae6ea9c618ffaa82&thumb=Y,서울시 문화행사,,,,2026-08-23 01:14:23
[강동문화재단XSIDance] 울티마 베스 [보이드],강동아트센터 대극장 한강,2026-09-02,2026-09-02,무용,강동구,https://culture.seoul.go.kr/culture/culture/cultureEvent/view.do?cultcode=159079&menuNo=200008,https://culture.seoul.go.kr/cmmn/file/getImage.do?atchFileId=202b1c7e709249009da00b269c21cbb4&thumb=Y,서울시 문화행사,,0.006661,30,2026-08-23 01:14:23
[구로문화재단] 예술극장 재개관 시리즈 코믹발레오페라 [상상병 환자 2026],구로아트밸리 예술극장,2026-09-02,2026-09-02,뮤지컬/오페라,구로구,https://culture.seoul.go.kr/culture/culture/cultureEvent/view.do?cultcode=158896&menuNo=200008,https://culture.seoul.go.kr/cmmn/file/getImage.do?atchFileId=972b3e1cd9aa4c55927bd6ca6dd4b40a&thumb=Y,서울시 문화행사,,0.003835,25,2026-08-23 01:14:23
[서울생활사박물관] 2026년 하반기 변장나들이,서울생활사박물관,2026-09-01,2026-11-10,교육/체험,노원구,https://culture.seoul.go.kr/culture/culture/cultureEvent/view.do?cultcode=158814&menuNo=200011,https://culture.seoul.go.kr/cmmn/file/getImage.do?atchFileId=64b7417c2fcc4ee38e3fd4a5b426bc6f&thumb=Y,서울시 문화행사,,0.137026,59,2026-08-23 01:14:23
[송파 청년아티스트센터] 예술가와 함께하는 풍납 탐구 생활 9월 프로그램,송파 청년아티스트센터 1층,2026-09-01,2026-09-30,교육/체험,송파구,https://culture.seoul.go.kr/culture/culture/cultureEvent/view.do?cultcode=159100&menuNo=200011,https://culture.seoul.go.kr/cmmn/file/getImage.do?atchFileId=eaa7ab3dd97f485d8ae6e2f6ecae9a20&thumb=Y,서울시 문화행사,,,,2026-08-23 01:14:23
[중랑문화재단] 2026 중랑아트센터 [나대기 예술아카데미] 9월 프로그램,중랑아트센터 프로그램실/시청각실,2026-09-01,2026-09-30,교육/체험,중랑구,https://culture.seoul.go.kr/culture/culture/cultureEvent/view.do?cultcode=159130&menuNo=200011,https://culture.seoul.go.kr/cmmn/file/getImage.do?atchFileId=0acac25c7d99447e94d7f52b5260f46f&thumb=Y,서울시 문화행사,,,,2026-08-23 01:14:23
"[청계천박물관] 9월 개방형교육 [우리들의 친구, 청계천박물관]",청계천박물관 지하1층 교육실,2026-09-01,2026-09-29,교육/체험,성동구,https://culture.seoul.go.kr/culture/culture/cultureEvent/view.do?cultcode=159066&menuNo=200011,https://culture.seoul.go.kr/cmmn/file/getImage.do?atchFileId=7fbed14c8bb74bfa944edfb4a2f52bd0&thumb=Y,서울시 문화행사,,,,2026-08-23 01:14:23
"[창덕궁 낙선재] K-헤리티지 아트전, 이음의 선(線)",창덕궁 낙선재,2026-09-01,2026-09-06,전시/미술,종로구,https://culture.seoul.go.kr/culture/culture/cultureEvent/view.do?cultcode=159106&menuNo=200009,https://culture.seoul.go.kr/cmmn/file/getImage.do?atchFileId=1098449ba03a490ca4ce413ac49c2bfa&thumb=Y,서울시 문화행사,,0.00701,30,2026-08-23 01:14:23
[서울시청] 2026 서울아트위크,"뉴스뮤지엄, 서울시립미술관, 서울공예박물관, 코엑스 등 시각예술공간 135개소",2026-08-31,2026-09-06,전시/미술,중구,https://culture.seoul.go.kr/culture/culture/cultureEvent/view.do?cultcode=158910&menuNo=200009,https://culture.seoul.go.kr/cmmn/file/getImage.do?atchFileId=b4facea4de464be393e3e465268870a0&thumb=Y,서울시 문화행사,,,,2026-08-23 01:14:23
[서울디자인재단] 디자인마이애미 서울 2026,DDP 디자인랩 1층 SHOWROOM,2026-08-31,2026-09-06,전시/미술,중구,https://culture.seoul.go.kr/culture/culture/cultureEvent/view.do?cultcode=158808&menuNo=200009,https://culture.seoul.go.kr/cmmn/file/getImage.do?atchFileId=d3ce04e36a424d72889b619d1d2687c3&thumb=Y,서울시 문화행사,,,,2026-08-23 01:14:23
[라율 영재&영아티스트] 홍마리 바이올린 독주회,라율아트홀,2026-08-31,2026-08-31,독주/독창회,서초구,https://culture.seoul.go.kr/culture/culture/cultureEvent/view.do?cultcode=158929&menuNo=200008,https://culture.seoul.go.kr/cmmn/file/getImage.do?atchFileId=162dda84c17b422ea4e6f3bf0766138b&thumb=Y,서울시 문화행사,,0.012015,36,2026-08-23 01:14:23
김도연 피아노 독주회,예술의전당 인춘아트홀,2026-08-30,2026-08-30,클래식,서초구,https://culture.seoul.go.kr/culture/culture/cultureEvent/view.do?cultcode=158979&menuNo=200008,https://culture.seoul.go.kr/cmmn/file/getImage.do?atchFileId=4b97723b81ea43b6bf4128dde253b45d&thumb=Y,서울시 문화행사,,0.002693,21,2026-08-23 01:14:23
서울대학교 심상용 교수의 특별 강연 & 북토크 [자본은 어떻게 예술의 가격을 만들어왔는가],서울시립미술관 서소문본관 지하1층 세마홀,2026-08-30,2026-08-30,교육/체험,중구,https://culture.seoul.go.kr/culture/culture/cultureEvent/view.do?cultcode=159124&menuNo=200011,https://culture.seoul.go.kr/cmmn/file/getImage.do?atchFileId=c297f3b0b0bf408b8c70306686b64c6d&thumb=Y,서울시 문화행사,,,,2026-08-23 01:14:23
[서울시청] 제3회 서울조각페스티벌,"열린송현녹지광장, 뚝섬한강공원 ",2026-08-29,2026-11-30,축제-문화/예술,종로구,https://culture.seoul.go.kr/culture/culture/cultureEvent/view.do?cultcode=158899&menuNo=200010,https://culture.seoul.go.kr/cmmn/file/getImage.do?atchFileId=e468a7dc00f840d3bb2c62859be08575&thumb=Y,서울시 문화행사,,,,2026-08-23 01:14:23
[은평역사한옥박물관] 2026 전통건축 장인과 만나다,은평역사한옥박물관 교육실 ,2026-08-29,2026-11-28,교육/체험,은평구,https://culture.seoul.go.kr/culture/culture/cultureEvent/view.do?cultcode=158762&menuNo=200011,https://culture.seoul.go.kr/cmmn/file/getImage.do?atchFileId=19c0cafef11a4d39816b6f8019bfe41c&thumb=Y,서울시 문화행사,,,,2026-08-23 01:14:23
2026년 서울문화재단 예술창작활동지원 선정 프로젝트 [DUMMY : 더미],LDK,2026-08-29,2026-08-30,무용,용산구,https://culture.seoul.go.kr/culture/culture/cultureEvent/view.do?cultcode=159033&menuNo=200008,https://culture.seoul.go.kr/cmmn/file/getImage.do?atchFileId=04a2fa2dd26e4947ab686405632537de&thumb=Y,서울시 문화행사,,0.015402,38,2026-08-23 01:14:23
[아르코꿈밭극장] 오브제 인형극 [나의 창백한 푸른 점],아르코꿈밭극장,2026-08-29,2026-08-30,연극,종로구,https://culture.seoul.go.kr/culture/culture/cultureEvent/view.do?cultcode=159098&menuNo=200008,https://culture.seoul.go.kr/cmmn/file/getImage.do?atchFileId=a4a86eba99cc47b8b4f5eea7e03844f7&thumb=Y,서울시 문화행사,,0.012663,36,2026-08-23 01:14:23
"그 해, 뜨거웠던 여름의 기록 - 쇼팽 후기 작품들",스튜디오301 성수,2026-08-29,2026-08-29,클래식,성동구,https://culture.seoul.go.kr/culture/culture/cultureEvent/view.do?cultcode=158881&menuNo=200008,https://culture.seoul.go.kr/cmmn/file/getImage.do?atchFileId=9000e427424d45f1a1c8ed722c583960&thumb=Y,서울시 문화행사,,,,2026-08-23 01:14:23
[서울남산국악당] 2026 젊은국악 단장 - 창작아티스트 오늘 [다들 그러고 삽니다],서울남산국악당 크라운해태홀,2026-08-29,2026-08-29,국악,중구,https://culture.seoul.go.kr/culture/culture/cultureEvent/view.do?cultcode=158776&menuNo=200008,https://culture.seoul.go.kr/cmmn/file/getImage.do?atchFileId=b1d31a236c834cae87ab5234d5c33f00&thumb=Y,서울시 문화행사,,0.000498,5,2026-08-23 01:14:23
[양천문화재단] 2026 월간뮤지크 [김용준X이진성] 공연,양천문화회관 대극장,2026-08-29,2026-08-29,콘서트,양천구,https://culture.seoul.go.kr/culture/culture/cultureEvent/view.do?cultcode=158971&menuNo=200008,https://culture.seoul.go.kr/cmmn/file/getImage.do?atchFileId=93e4b1f751944f9d9396a117e7091bdf&thumb=Y,서울시 문화행사,,0.013335,37,2026-08-23 01:14:23
[구로문화누리도서관] 나이 그림책 작가 북토크 [마나의 편지],구로문화누리도서관 4층 큰누리홀,2026-08-29,2026-08-29,교육/체험,구로구,https://culture.seoul.go.kr/culture/culture/cultureEvent/view.do?cultcode=158795&menuNo=200011,https://culture.seoul.go.kr/cmmn/file/getImage.do?atchFileId=f38c30b6835a4dd5bbf02fe93cf9dfab&thumb=Y,서울시 문화행사,,,,2026-08-23 01:14:23
"[힙독클럽 X 서울아트책보고 북토크] 김혜리 기자, 신형철 평론가 『우리가 사랑한 책』 북토크 : 책을 닫을 때 시작되는 이야기",서울아트책보고 열린무대,2026-08-29,2026-08-29,교육/체험,구로구,https://culture.seoul.go.kr/culture/culture/cultureEvent/view.do?cultcode=159048&menuNo=200011,https://culture.seoul.go.kr/cmmn/file/getImage.do?atchFileId=22e33c731fce454fa509ab803da89133&thumb=Y,서울시 문화행사,,,,2026-08-23 01:14:23
[서울갤러리] 런치 스테이지 [싱어송라이터 헤디],서울갤러리 지하 1층 공연장,2026-08-29,2026-08-29,콘서트,중구,https://culture.seoul.go.kr/culture/culture/cultureEvent/view.do?cultcode=158757&menuNo=200008,https://culture.seoul.go.kr/cmmn/file/getImage.do?atchFileId=cd89d4060cae421fa57270beba8c0453&thumb=Y,서울시 문화행사,,,,2026-08-23 01:14:23
[강북문화재단] 명품 어린이 연극 [강아지똥],강북문화예술회관 강북소나무홀,2026-08-29,2026-08-29,연극,강북구,https://culture.seoul.go.kr/culture/culture/cultureEvent/view.do?cultcode=158707&menuNo=200008,https://culture.seoul.go.kr/cmmn/file/getImage.do?atchFileId=ff09f9bd3e8a4625991cf82d3417c04d&thumb=Y,서울시 문화행사,,0.001818,17,2026-08-23 01:14:23
[성동문화재단] 최정원·홍지민 토크&라이브 뮤지컬 콘서트 [한여름의 수다],소월아트홀,2026-08-29,2026-08-29,콘서트,성동구,https://culture.seoul.go.kr/culture/culture/cultureEvent/view.do?cultcode=158956&menuNo=200008,https://culture.seoul.go.kr/cmmn/file/getImage.do?atchFileId=a2f1e9c231574247acd40b1113f79a27&thumb=Y,서울시 문화행사,,0.159576,61,2026-08-23 01:14:23
서초구립한우리정보문화센터 특별공연 [지구를 살리는 환경 과학쇼],서초구립 한우리정보문화센터 B1F 한우리홀,2026-08-29,2026-08-29,콘서트,서초구,https://culture.seoul.go.kr/culture/culture/cultureEvent/view.do?cultcode=159131&menuNo=200008,https://culture.seoul.go.kr/cmmn/file/getImage.do?atchFileId=46c9a8623bb748dca36f39ed3c3c0790&thumb=Y,서울시 문화행사,,,,2026-08-23 01:14:23
[금천문화재단] 금천구립독산도서관 상주작가 지원사업 [마음의 각주],금천구립독산도서관 2층 강의실,2026-08-29,2026-08-29,교육/체험,금천구,https://culture.seoul.go.kr/culture/culture/cultureEvent/view.do?cultcode=158909&menuNo=200011,https://culture.seoul.go.kr/cmmn/file/getImage.do?atchFileId=a60fe91b71874cf68f9688c155037f87&thumb=Y,서울시 문화행사,,,,2026-08-23 01:14:23
"[서울역사편찬원] 지도로 그린 땅, 사람이 만든 서울",서울역사편찬원 강의실,2026-08-28,2026-11-20,교육/체험,송파구,https://culture.seoul.go.kr/culture/culture/cultureEvent/view.do?cultcode=158784&menuNo=200011,https://culture.seoul.go.kr/cmmn/file/getImage.do?atchFileId=b6d4a50b96284e1d8b1a0e2c27f3674b&thumb=Y,서울시 문화행사,,,,2026-08-23 01:14:23
[SKETCH 2026 : 유동의 미학] 우리는 단 한 번도 멎은 적 없다.,"송원아트센터 (서울특별시 종로구 화동 윤보선길 75) 1F, B2F, B3F 전시장",2026-08-28,2026-09-17,전시/미술,종로구,https://culture.seoul.go.kr/culture/culture/cultureEvent/view.do?cultcode=159064&menuNo=200009,https://culture.seoul.go.kr/cmmn/file/getImage.do?atchFileId=783015b8e65b43c99f66b7807c41c3d8&thumb=Y,서울시 문화행사,,,,2026-08-23 01:14:23
[세종문화회관] 김창완밴드 on Sync Next 26,세종S씨어터,2026-08-28,2026-08-29,콘서트,종로구,https://culture.seoul.go.kr/culture/culture/cultureEvent/view.do?cultcode=158974&menuNo=200008,https://culture.seoul.go.kr/cmmn/file/getImage.do?atchFileId=7085277eeaa644148cc1e42464a43ad9&thumb=Y,서울시 문화행사,,0.002528,20,2026-08-23 01:14:23
[동대문문화재단] 2026 동대문구 맥주축제,장안1수변공원,2026-08-28,2026-08-29,축제-문화/예술,동대문구,https://culture.seoul.go.kr/culture/culture/cultureEvent/view.do?cultcode=158839&menuNo=200010,https://culture.seoul.go.kr/cmmn/file/getImage.do?atchFileId=5829a39b096e45f68f2548e12e0b00bc&thumb=Y,서울시 문화행사,,0.018204,40,2026-08-23 01:14:23
[운현궁] 구름재 다실,운현궁 복도각/ 운현궁 기획전시실,2026-08-28,2026-08-28,교육/체험,종로구,https://culture.seoul.go.kr/culture/culture/cultureEvent/view.do?cultcode=159105&menuNo=200011,https://culture.seoul.go.kr/cmmn/file/getImage.do?atchFileId=a4be51e2e6af4431895a6ba838fadebe&thumb=Y,서울시 문화행사,,,,2026-08-23 01:14:23
[서울책보고] 8월 모여보고,서울책보고,2026-08-28,2026-08-28,교육/체험,송파구,https://culture.seoul.go.kr/culture/culture/cultureEvent/view.do?cultcode=158958&menuNo=200011,https://culture.seoul.go.kr/cmmn/file/getImage.do?atchFileId=09b5351d1d0843e08c6fa3fe85e7f80e&thumb=Y,서울시 문화행사,,0.078904,54,2026-08-23 01:14:23
[강남문화재단] 배리어프리 공연 [위라클 박위의 토크콘서트],광림아트센터 장천홀,2026-08-28,2026-08-28,교육/체험,강남구,https://culture.seoul.go.kr/culture/culture/cultureEvent/view.do?cultcode=159022&menuNo=200011,https://culture.seoul.go.kr/cmmn/file/getImage.do?atchFileId=a056784242154b43b7fd690203d87c76&thumb=Y,서울시 문화행사,,0.004034,25,2026-08-23 01:14:23
2026 국악관현악축제,국립국악원 예악당,2026-08-28,2026-08-28,국악,서초구,https://culture.seoul.go.kr/culture/culture/cultureEvent/view.do?cultcode=158778&menuNo=200008,https://culture.seoul.go.kr/cmmn/file/getImage.do?atchFileId=b5ba4e92075b40c09cba51e1d5ba34fa&thumb=Y,서울시 문화행사,,0.012078,36,2026-08-23 01:14:23
[서초문화재단] 서리풀 서초9 시리즈 5 시대를 넘나드는 오페라 [오페라 스펙트럼],반포심산아트홀,2026-08-28,2026-08-28,뮤지컬/오페라,서초구,https://culture.seoul.go.kr/culture/culture/cultureEvent/view.do?cultcode=158965&menuNo=200008,https://culture.seoul.go.kr/cmmn/file/getImage.do?atchFileId=db9cf44e9b184200b5dd5347c3cd92dd&thumb=Y,서울시 문화행사,,0.023396,42,2026-08-23 01:14:23
2026년 수림뉴웨이브: 엇,수림문화재단 김희수SPACE1,2026-08-27,2026-11-05,국악,동대문구,https://culture.seoul.go.kr/culture/culture/cultureEvent/view.do?cultcode=158634&menuNo=200008,https://culture.seoul.go.kr/cmmn/file/getImage.do?atchFileId=e48c405cee664482b645890a4cb1c348&thumb=Y,서울시 문화행사,,,,2026-08-23 01:14:23
송영후 개인전 [The Color of Memory 메모리의 색],공근혜갤러리 ,2026-08-27,2026-09-19,전시/미술,종로구,https://culture.seoul.go.kr/culture/culture/cultureEvent/view.do?cultcode=159043&menuNo=200009,https://culture.seoul.go.kr/cmmn/file/getImage.do?atchFileId=0c07bd626ad148938ec12e22fd2e4117&thumb=Y,서울시 문화행사,,0.001444,15,2026-08-23 01:14:23
2026 Crisp Wedge Frize 최종 선정 작가 [정재인 개인전: 나는 매일 밤 거미집을 망친다],크리스프 웨지,2026-08-27,2026-09-17,전시/미술,마포구,https://culture.seoul.go.kr/culture/culture/cultureEvent/view.do?cultcode=159127&menuNo=200009,https://culture.seoul.go.kr/cmmn/file/getImage.do?atchFileId=d01ee4c880ef42608d5d71bb0d0488b3&thumb=Y,서울시 문화행사,,,,2026-08-23 01:14:23
"[마포구립서강도서관] 8-9월 길 위의 인문학 [인생의 가을을 닮은 음악, 브람스] 조은아","마포구립서강도서관 3층 세미나실, 예술의 전당, 온라인",2026-08-27,2026-09-15,교육/체험,마포구,https://culture.seoul.go.kr/culture/culture/cultureEvent/view.do?cultcode=158927&menuNo=200011,https://culture.seoul.go.kr/cmmn/file/getImage.do?atchFileId=1f4b4808ca794376ba37903e94ea3200&thumb=Y,서울시 문화행사,,,,2026-08-23 01:14:23
전유나 가야금 독주회: 영산회상,국립국악원 풍류사랑방,2026-08-27,2026-08-27,국악,서초구,https://culture.seoul.go.kr/culture/culture/cultureEvent/view.do?cultcode=159014&menuNo=200008,https://culture.seoul.go.kr/cmmn/file/getImage.do?atchFileId=902af0846b0749cea5917b531dcb5bad&thumb=Y,서울시 문화행사,,0.002801,21,2026-08-23 01:14:23
수림뉴웨이브 2026 - 정상희 [엇:박],수림문화재단 김희수SPACE1,2026-08-27,2026-08-27,국악,동대문구,https://culture.seoul.go.kr/culture/culture/cultureEvent/view.do?cultcode=158635&menuNo=200008,https://culture.seoul.go.kr/cmmn/file/getImage.do?atchFileId=492234d3b74a4b398245312931fa2bc6&thumb=Y,서울시 문화행사,,,,2026-08-23 01:14:23
[서울시립 남서울미술관] 예술가의 런치박스 [조숙진 '소풍 추억'],서울시립 남서울미술관 (사당역 인근 위치),2026-08-27,2026-08-27,교육/체험,관악구,https://culture.seoul.go.kr/culture/culture/cultureEvent/view.do?cultcode=159084&menuNo=200011,https://culture.seoul.go.kr/cmmn/file/getImage.do?atchFileId=6cea9fc3d8684b7b8233f0039d0dc43c&thumb=Y,서울시 문화행사,,,,2026-08-23 01:14:23
[인문학 강연] 웃으며 배우는 영어의 힘: 언어유희가 만드는 영어학습 ,예스24 강서NC점 ,2026-08-27,2026-08-27,교육/체험,강서구,https://culture.seoul.go.kr/culture/culture/cultureEvent/view.do?cultcode=159021&menuNo=200011,https://culture.seoul.go.kr/cmmn/file/getImage.do?atchFileId=8c06cffa48b64228818cb11147275547&thumb=Y,서울시 문화행사,,0.000311,0,2026-08-23 01:14:23
[서울역사박물관] 제5회 서울역사박물관 배리어프리영화관 8월 상영 [미나리], 서울역사박물관 1층 강당(야주개홀),2026-08-27,2026-08-27,영화,종로구,https://culture.seoul.go.kr/culture/culture/cultureEvent/view.do?cultcode=158807&menuNo=200013,https://culture.seoul.go.kr/cmmn/file/getImage.do?atchFileId=2c3faec3fc2845619d14914cace7ed93&thumb=Y,서울시 문화행사,,,,2026-08-23 01:14:23
[서울책보고] 덕질토크#8 『종의 기원담』 김보영 작가,서울책보고 라운지,2026-08-27,2026-08-27,교육/체험,송파구,https://culture.seoul.go.kr/culture/culture/cultureEvent/view.do?cultcode=159038&menuNo=200011,https://culture.seoul.go.kr/cmmn/file/getImage.do?atchFileId=6d6eb1c6f4ad43f9a691138d72a199f4&thumb=Y,서울시 문화행사,,,,2026-08-23 01:14:23
[서초문화재단] 모차르트 피아노 협주곡 전곡 시리즈 IX,심산기념문화센터 2층 반포심산아트홀,2026-08-27,2026-08-27,클래식,서초구,https://culture.seoul.go.kr/culture/culture/cultureEvent/view.do?cultcode=158371&menuNo=200008,https://culture.seoul.go.kr/cmmn/file/getImage.do?atchFileId=8de0d33cb8714ee5bd17df3c3e807f77&thumb=Y,서울시 문화행사,,,,2026-08-23 01:14:23
[청계천박물관] 2026년 하반기 온라인 교육 [톡톡톡 청계천],각 기관,2026-08-26,2026-11-25,교육/체험,성동구,https://culture.seoul.go.kr/culture/culture/cultureEvent/view.do?cultcode=159050&menuNo=200011,https://culture.seoul.go.kr/cmmn/file/getImage.do?atchFileId=285db66942f74f07bd09bae3e13fd82f&thumb=Y,서울시 문화행사,,,,2026-08-23 01:14:23
"[갤러리 그라프] 기획전시 《After Hours: 밤이 되면 달라지는 감각》 - 서유라, 정인지, YEKKI",갤러리 그라프 전시실,2026-08-26,2026-10-02,전시/미술,강남구,https://culture.seoul.go.kr/culture/culture/cultureEvent/view.do?cultcode=159137&menuNo=200009,https://culture.seoul.go.kr/cmmn/file/getImage.do?atchFileId=27c9edc71cc84d3db6f8d5f711c1eaf5&thumb=Y,서울시 문화행사,,,,2026-08-23 01:14:23
[선샤인 필름페스티벌] 서강X서울대학교 학생 감독들의 영화 상영과 GV 시간,아리랑시네센터 3층 인디웨이브관(3관),2026-08-26,2026-08-27,영화,성북구,https://culture.seoul.go.kr/culture/culture/cultureEvent/view.do?cultcode=159090&menuNo=200013,https://culture.seoul.go.kr/cmmn/file/getImage.do?atchFileId=65d1112063e749a1afa414accd2162df&thumb=Y,서울시 문화행사,,,,2026-08-23 01:14:23
[서울시50플러스재단] 동부권역 중장년 채용박람회,서울시50플러스 동부캠퍼스,2026-08-26,2026-08-26,교육/체험,광진구,https://culture.seoul.go.kr/culture/culture/cultureEvent/view.do?cultcode=158901&menuNo=200011,https://culture.seoul.go.kr/cmmn/file/getImage.do?atchFileId=91a45740b14a49148d914b96276387c5&thumb=Y,서울시 문화행사,,0.001482,15,2026-08-23 01:14:23
[나라를 찾는 일에 남녀가 따로 있겠는가] 여가살롱 남자현편에 초대합니다!,서울여성플라자 2층 다목적라운지(라운지카페),2026-08-26,2026-08-26,교육/체험,동작구,https://culture.seoul.go.kr/culture/culture/cultureEvent/view.do?cultcode=159026&menuNo=200011,https://culture.seoul.go.kr/cmmn/file/getImage.do?atchFileId=e37d7219f8fd4b04adde51b3dc187f82&thumb=Y,서울시 문화행사,,,,2026-08-23 01:14:23
"2026 청소년 도박문제 포럼: 미디어 속 청소년 도박, 진짜 참교육은 무엇인가?",국회도서관 대강당(B105호),2026-08-26,2026-08-26,교육/체험,영등포구,https://culture.seoul.go.kr/culture/culture/cultureEvent/view.do?cultcode=159018&menuNo=200011,https://culture.seoul.go.kr/cmmn/file/getImage.do?atchFileId=e786d036482940049a37407a1e4e3aad&thumb=Y,서울시 문화행사,,,,2026-08-23 01:14:23
[서울돈화문국악당] 2026 국악플러그인(Gugak Plug-in) vol.3,서울돈화문국악당,2026-08-26,2026-08-26,국악,종로구,https://culture.seoul.go.kr/culture/culture/cultureEvent/view.do?cultcode=158702&menuNo=200008,https://culture.seoul.go.kr/cmmn/file/getImage.do?atchFileId=56756a8884d2415ebdab7277653905a8&thumb=Y,서울시 문화행사,,0.009687,34,2026-08-23 01:14:23
[서울갤러리] 런치 스테이지 [하모니시스트 이한결],서울갤러리 지하 1층 공연장,2026-08-26,2026-08-26,콘서트,중구,https://culture.seoul.go.kr/culture/culture/cultureEvent/view.do?cultcode=158756&menuNo=200008,https://culture.seoul.go.kr/cmmn/file/getImage.do?atchFileId=7ff2d64371ab4b209531d8c62ce134d1&thumb=Y,서울시 문화행사,,,,2026-08-23 01:14:23
"[서울로봇인공지능과학관] 강연/라임 콜로키엄 [2026년 제5회_보이스피싱, 이제 끝을 봅시다!]",서울로봇인공지능과학관 1층,2026-08-26,2026-08-26,교육/체험,도봉구,https://culture.seoul.go.kr/culture/culture/cultureEvent/view.do?cultcode=158980&menuNo=200011,https://culture.seoul.go.kr/cmmn/file/getImage.do?atchFileId=259d293ef69d4cba829ccb242864ccf7&thumb=Y,서울시 문화행사,,,,2026-08-23 01:14:23
[광진문화재단] 나루 트리오와 함께하는 '문화가 있는 날' [살롱음악회] (8월),나루아트센터 스페이스76,2026-08-26,2026-08-26,클래식,광진구,https://culture.seoul.go.kr/culture/culture/cultureEvent/view.do?cultcode=159110&menuNo=200008,https://culture.seoul.go.kr/cmmn/file/getImage.do?atchFileId=1c20eb01d9e9432ba15f46b933c9a30d&thumb=Y,서울시 문화행사,,,,2026-08-23 01:14:23
2026 서울 국제 시각장애예술인 뮤직페스티벌(SIMB) [프레스티지 콘서트],영산아트홀,2026-08-26,2026-08-26,클래식,영등포구,https://culture.seoul.go.kr/culture/culture/cultureEvent/view.do?cultcode=158947&menuNo=200008,https://culture.seoul.go.kr/cmmn/file/getImage.do?atchFileId=06abc1b539134b329e5b0c2f439a300e&thumb=Y,서울시 문화행사,,0.064423,52,2026-08-23 01:14:23
[도봉문화원] 2026. 8월의 편지 인문학 특강 [내 모양의 여행],도봉구민회관 소공연장(3층),2026-08-26,2026-08-26,교육/체험,도봉구,https://culture.seoul.go.kr/culture/culture/cultureEvent/view.do?cultcode=159132&menuNo=200011,https://culture.seoul.go.kr/cmmn/file/getImage.do?atchFileId=aa5184cebda14ccca921a2b6d6f5e811&thumb=Y,서울시 문화행사,,,,2026-08-23 01:14:23
[동작문화재단] 상도어울마당 아트홀 '아트 박스 콘서트' 8회차 [먼 곳에서 온 가까운 우리],상도어울마당 아트홀,2026-08-26,2026-08-26,콘서트,동작구,https://culture.seoul.go.kr/culture/culture/cultureEvent/view.do?cultcode=158833&menuNo=200008,https://culture.seoul.go.kr/cmmn/file/getImage.do?atchFileId=7169f4c99cba43b68dfe76c0a5489d77&thumb=Y,서울시 문화행사,,0.00042,3,2026-08-23 01:14:23
[금천구립독산도서관] (8월) 수요일 힙독 시네마,금천구립독산도서관 2층 강의실,2026-08-26,2026-08-26,영화,금천구,https://culture.seoul.go.kr/culture/culture/cultureEvent/view.do?cultcode=158914&menuNo=200013,https://culture.seoul.go.kr/cmmn/file/getImage.do?atchFileId=397ec5ecbbee4b6b831d9dff832d2a50&thumb=Y,서울시 문화행사,,,,2026-08-23 01:14:23
[국토발전전시관] 정기강연 [이 땅 위에 우리 이야기],국토발전전시관 정동국토마루(1층),2026-08-26,2026-08-26,교육/체험,중구,https://culture.seoul.go.kr/culture/culture/cultureEvent/view.do?cultcode=158857&menuNo=200011,https://culture.seoul.go.kr/cmmn/file/getImage.do?atchFileId=dadc8a18e2a3413da862ff65b63a70c9&thumb=Y,서울시 문화행사,,,,2026-08-23 01:14:23
[서울문화재단] STEP-1 | 예술현장 A to Z 강의 [창작보다 괴로운 프로덕션 글쓰기],서울문화재단 청년예술청 그레이홀,2026-08-26,2026-08-26,교육/체험,서대문구,https://culture.seoul.go.kr/culture/culture/cultureEvent/view.do?cultcode=158886&menuNo=200011,https://culture.seoul.go.kr/cmmn/file/getImage.do?atchFileId=ba7eafbd5a234162b32270de3d79aa5d&thumb=Y,서울시 문화행사,,,,2026-08-23 01:14:23
"[서울시립미술관] 아마도, 모두 우리 [Perhaps, All of Us] 캐나다 전시",주캐나다한국문화원 1층 전시실,2026-08-25,2026-10-14,전시/미술,,https://culture.seoul.go.kr/culture/culture/cultureEvent/view.do?cultcode=159015&menuNo=200009,https://culture.seoul.go.kr/cmmn/file/getImage.do?atchFileId=effeb5f645694892afae167c4567bbad&thumb=Y,서울시 문화행사,,,,2026-08-23 01:14:23
[송파 청년아티스트센터] 3기 릴레이 개인전 [성좌적 영창술] - 이유빈,송파 청년아티스트센터 지하1층 아트 스페이스,2026-08-25,2026-09-05,전시/미술,송파구,https://culture.seoul.go.kr/culture/culture/cultureEvent/view.do?cultcode=159067&menuNo=200009,https://culture.seoul.go.kr/cmmn/file/getImage.do?atchFileId=496142f5ba03456ca77c357987ecb3f7&thumb=Y,서울시 문화행사,,,,2026-08-23 01:14:23
[운현궁] 2026 하우스뮤지엄 [악기 끝에 머문 매듭_이예인 개인전],운현궁 노락당,2026-08-25,2026-08-30,전시/미술,종로구,https://culture.seoul.go.kr/culture/culture/cultureEvent/view.do?cultcode=159139&menuNo=200009,https://culture.seoul.go.kr/cmmn/file/getImage.do?atchFileId=4316e9063a284827814d3fcc0537a806&thumb=Y,서울시 문화행사,,0.000374,2,2026-08-23 01:14:23
2026 서울 국제 시각장애예술인 뮤직페스티벌(SIMB),서울대학교 음악대학,2026-08-25,2026-08-27,축제-문화/예술,관악구,https://culture.seoul.go.kr/culture/culture/cultureEvent/view.do?cultcode=158952&menuNo=200010,https://culture.seoul.go.kr/cmmn/file/getImage.do?atchFileId=90f1f595678f463daaade92ebf96178c&thumb=Y,서울시 문화행사,,0.051125,50,2026-08-23 01:14:23
[서울로봇인공지능과학관] 2026년 성인 대상 프로그램 [기록으로 기억하다],서울로봇인공지능과학관 2층 세미나실,2026-08-25,2026-08-26,교육/체험,도봉구,https://culture.seoul.go.kr/culture/culture/cultureEvent/view.do?cultcode=158676&menuNo=200011,https://culture.seoul.go.kr/cmmn/file/getImage.do?atchFileId=53f862a1b71944989f8ea01d93ce2db1&thumb=Y,서울시 문화행사,,,,2026-08-23 01:14:23
2026 ASEAN Panorama 전시 테마프로그램 [한낮의 북토크],한국프레스센터 1F 아세안홀,2026-08-25,2026-08-25,콘서트,종로구,https://culture.seoul.go.kr/culture/culture/cultureEvent/view.do?cultcode=159135&menuNo=200008,https://culture.seoul.go.kr/cmmn/file/getImage.do?atchFileId=6a626d7ee2cf43caa5a5dd5796af272f&thumb=Y,서울시 문화행사,,,,2026-08-23 01:14:23
[서울문화재단] 《PLAY-UP 아카데미》 드라마투르기적 사고와 실전: 창작 현장에서의 드라마투르그 역할과 실전 이해,서울연극창작센터,2026-08-24,2026-11-09,교육/체험,성북구,https://culture.seoul.go.kr/culture/culture/cultureEvent/view.do?cultcode=158894&menuNo=200011,https://culture.seoul.go.kr/cmmn/file/getImage.do?atchFileId=1d5cdc5e4f7c4fe3846e02e991e920e7&thumb=Y,서울시 문화행사,,0.03642,47,2026-08-23 01:14:23
"[성동문화재단] 영화로 떠나는 예술여행, 시네마 공감","다락옥수, 성수아트홀",2026-08-24,2026-11-09,교육/체험,성동구,https://culture.seoul.go.kr/culture/culture/cultureEvent/view.do?cultcode=158895&menuNo=200011,https://culture.seoul.go.kr/cmmn/file/getImage.do?atchFileId=b41c8a448d2f4edca9479c48cc1c6573&thumb=Y,서울시 문화행사,,,,2026-08-23 01:14:23
[용산문화재단] 협력전시 [PARALLAX(시차): Where We Meet],용산문화재단 1층 팝업홀,2026-08-24,2026-09-12,전시/미술,용산구,https://culture.seoul.go.kr/culture/culture/cultureEvent/view.do?cultcode=159062&menuNo=200009,https://culture.seoul.go.kr/cmmn/file/getImage.do?atchFileId=fc9cc9a0e96d49d28f08e9f3500045f2&thumb=Y,서울시 문화행사,,,,2026-08-23 01:14:23
[서초문화원] 2026년 8월 [서초문화대학] 신규 공개강좌,서초문화예술회관 3층 강의실 · B1 아리아홀,2026-08-24,2026-08-31,교육/체험,서초구,https://culture.seoul.go.kr/culture/culture/cultureEvent/view.do?cultcode=159089&menuNo=200011,https://culture.seoul.go.kr/cmmn/file/getImage.do?atchFileId=f866283b34314004a4312d21a6f0bf42&thumb=Y,서울시 문화행사,,,,2026-08-23 01:14:23
[김근태기념도서관] TEAM낙원장×김근태기념도서관 8월 오픈도서관 [기억을 바꿔놓기],"김근태기념도서관 2층 공간, 마루",2026-08-23,2026-08-30,교육/체험,도봉구,https://culture.seoul.go.kr/culture/culture/cultureEvent/view.do?cultcode=159037&menuNo=200011,https://culture.seoul.go.kr/cmmn/file/getImage.do?atchFileId=524629f130324091a9ebf3dde219cf6e&thumb=Y,서울시 문화행사,,,,2026-08-23 01:14:23
[세종문화회관] 김혜경 워크숍 at Sync Next 26,세종S씨어터,2026-08-23,2026-08-23,교육/체험,종로구,https://culture.seoul.go.kr/culture/culture/cultureEvent/view.do?cultcode=158775&menuNo=200011,https://culture.seoul.go.kr/cmmn/file/getImage.do?atchFileId=f4d7e13b6d9548dea2dcd4fa920680eb&thumb=Y,서울시 문화행사,,0.002528,20,2026-08-23 01:14:23
작곡동인 원시인 [오늘의 음악 Ⅳ - 5인의 산조],서울돈화문국악당,2026-08-23,2026-08-23,국악,종로구,https://culture.seoul.go.kr/culture/culture/cultureEvent/view.do?cultcode=158810&menuNo=200008,https://culture.seoul.go.kr/cmmn/file/getImage.do?atchFileId=3a687d3deefc4787a32ef3d7916491e0&thumb=Y,서울시 문화행사,,0.009687,34,2026-08-23 01:14:23
[라율 영재&영아티스트] 안선율 플루트 독주회,라율아트홀,2026-08-23,2026-08-23,클래식,서초구,https://culture.seoul.go.kr/culture/culture/cultureEvent/view.do?cultcode=158805&menuNo=200008,https://culture.seoul.go.kr/cmmn/file/getImage.do?atchFileId=93bb2e4384e941d1ac9c052ca9be3149&thumb=Y,서울시 문화행사,,0.012015,36,2026-08-23 01:14:23
[서울시립 사진미술관] 어린이 감상교육 [미술관 탐험],서울시립 사진미술관 전시실 및 1교육실,2026-08-22,2026-10-10,교육/체험,도봉구,https://culture.seoul.go.kr/culture/culture/cultureEvent/view.do?cultcode=159088&menuNo=200011,https://culture.seoul.go.kr/cmmn/file/getImage.do?atchFileId=58b5cc517e864af98cc4493523de4315&thumb=Y,서울시 문화행사,,,,2026-08-23 01:14:23
"[관악문화재단] 2026 꿈다락 문화예술학교 [도시의 쉼표- 관악, 우리들의 해비타트]",싱글벙글교육센터 및 관악구 일대 야외 공간 (관악구 남부순환로234길 73),2026-08-22,2026-09-20,교육/체험,관악구,https://culture.seoul.go.kr/culture/culture/cultureEvent/view.do?cultcode=159001&menuNo=200011,https://culture.seoul.go.kr/cmmn/file/getImage.do?atchFileId=435506e0085c49e4b44295d8849c4529&thumb=Y,서울시 문화행사,,,,2026-08-23 01:14:23
"[관악문화재단] 2026 꿈다락 문화예술학교 [도시의 쉼표 - 다시 만나는 공간, 다시 깨우는 감각]",싱글벙글교육센터 및 관악구 일대 야외 공간 (관악구 남부순환로234길 73),2026-08-22,2026-09-20,교육/체험,관악구,https://culture.seoul.go.kr/culture/culture/cultureEvent/view.do?cultcode=159000&menuNo=200011,https://culture.seoul.go.kr/cmmn/file/getImage.do?atchFileId=f5cd464ce10343e3bb2767d269bf43a9&thumb=Y,서울시 문화행사,,,,2026-08-23 01:14:23
"[서울남산국악당] 2026 젊은국악 단장 '김성 자람의 기술 RE:GROW', '창작아티스트 오늘 다들 그러고 삽니다'",서울남산국악당 크라운해태홀,2026-08-22,2026-08-29,국악,중구,https://culture.seoul.go.kr/culture/culture/cultureEvent/view.do?cultcode=158918&menuNo=200008,https://culture.seoul.go.kr/cmmn/file/getImage.do?atchFileId=d74519eff56342acbd15dfa3dc502b74&thumb=Y,서울시 문화행사,,0.000498,5,2026-08-23 01:14:23
[강동아트센터] 심포니 오브 뮤지컬 II [주소연의 Dear My Music],강동아트센터 대극장 한강,2026-08-22,2026-08-23,뮤지컬/오페라,강동구,https://culture.seoul.go.kr/culture/culture/cultureEvent/view.do?cultcode=158845&menuNo=200008,https://culture.seoul.go.kr/cmmn/file/getImage.do?atchFileId=34816920e44341eeacd7ffebd391e188&thumb=Y,서울시 문화행사,,0.006661,30,2026-08-23 01:14:23
[서울시평생교육진흥원] 서울시민대학 모두의학교 캠퍼스 8월 모두공연장 페이퍼아트 뮤지컬 [종이아빠],모두의학교 캠퍼스 1층 시민홀,2026-08-22,2026-08-22,뮤지컬/오페라,금천구,https://culture.seoul.go.kr/culture/culture/cultureEvent/view.do?cultcode=158392&menuNo=200008,https://culture.seoul.go.kr/cmmn/file/getImage.do?atchFileId=9527ef162d0a4136a0360058822f67f7&thumb=Y,서울시 문화행사,,,,2026-08-23 01:14:23
[라율 영재&영아티스트] 이민선 첼로 독주회,라율아트홀,2026-08-22,2026-08-22,독주/독창회,서초구,https://culture.seoul.go.kr/culture/culture/cultureEvent/view.do?cultcode=158748&menuNo=200008,https://culture.seoul.go.kr/cmmn/file/getImage.do?atchFileId=d69ce7bf45374b41b9edb395198923ec&thumb=Y,서울시 문화행사,,0.012015,36,2026-08-23 01:14:23
[영등포문화재단] 영등포아트홀 상주단체 '서울발레시어터' [해설이 있는 고전발레],영등포아트홀,2026-08-22,2026-08-22,무용,영등포구,https://culture.seoul.go.kr/culture/culture/cultureEvent/view.do?cultcode=157907&menuNo=200008,https://culture.seoul.go.kr/cmmn/file/getImage.do?atchFileId=8396dcbd62dc4a159004478d1565e21d&thumb=Y,서울시 문화행사,,0.072056,53,2026-08-23 01:14:23
[서울시립 북서울미술관] 2026 타이틀 매치 《오인환 vs. 장서영: 휴먼 에러》 아티스트 토크 [태그 매치],서울시립 북서울미술관 다목적홀 B1층,2026-08-22,2026-08-22,기타,노원구,https://culture.seoul.go.kr/culture/culture/cultureEvent/view.do?cultcode=159086&menuNo=200013,https://culture.seoul.go.kr/cmmn/file/getImage.do?atchFileId=156c612009d344579ea14ecef95b51ec&thumb=Y,서울시 문화행사,,,,2026-08-23 01:14:23
도무스 피아노 트리오의 제 3회 정기연주회 잃어버린 목소리 되찾은 목소리,세종체임버홀,2026-08-22,2026-08-22,클래식,종로구,https://culture.seoul.go.kr/culture/culture/cultureEvent/view.do?cultcode=159075&menuNo=200008,https://culture.seoul.go.kr/cmmn/file/getImage.do?atchFileId=ad6a96a4caa84fd39c818eea2a5619e9&thumb=Y,서울시 문화행사,,0.012949,36,2026-08-23 01:14:23
[서울남산국악당] 2026 젊은국악 단장 - 김성 [자람의 기술 RE:GROW],서울남산국악당 크라운해태홀,2026-08-22,2026-08-22,국악,중구,https://culture.seoul.go.kr/culture/culture/cultureEvent/view.do?cultcode=158723&menuNo=200008,https://culture.seoul.go.kr/cmmn/file/getImage.do?atchFileId=667fead19660405e9feb5bfdb8be3a75&thumb=Y,서울시 문화행사,,0.000498,5,2026-08-23 01:14:23
대학 클래식 기타 페스타 l UCGF 2026,서울교육대학교 종합문화관 (대학본부) ,2026-08-22,2026-08-22,클래식,서초구,https://culture.seoul.go.kr/culture/culture/cultureEvent/view.do?cultcode=158950&menuNo=200008,https://culture.seoul.go.kr/cmmn/file/getImage.do?atchFileId=ce0b19a86dec413793f88d61b715d7e3&thumb=Y,서울시 문화행사,,,,2026-08-23 01:14:23
[서울생활문화센터 체부] 2026 행복양육프로그램 [도깨비 소동],서울생활문화센터 체부 (서울 종로구 체부동 187),2026-08-22,2026-08-22,교육/체험,종로구,https://culture.seoul.go.kr/culture/culture/cultureEvent/view.do?cultcode=158820&menuNo=200011,https://culture.seoul.go.kr/cmmn/file/getImage.do?atchFileId=cc07c790c300430392bed850428ccd96&thumb=Y,서울시 문화행사,,,,2026-08-23 01:14:23
[꿈마을도서관] 리보와앤 [어윤정 작가와의 만남],꿈마을도서관 3층 프로그램실,2026-08-22,2026-08-22,교육/체험,구로구,https://culture.seoul.go.kr/culture/culture/cultureEvent/view.do?cultcode=159004&menuNo=200011,https://culture.seoul.go.kr/cmmn/file/getImage.do?atchFileId=097d6af30e944164a5c2e4104d45f4e5&thumb=Y,서울시 문화행사,,,,2026-08-23 01:14:23
"뮤지컬 [안녕, 나의 웬수 - 서울]",KT&G 상상마당 대치아트홀 ,2026-08-22,2026-08-22,뮤지컬/오페라,강남구,https://culture.seoul.go.kr/culture/culture/cultureEvent/view.do?cultcode=158684&menuNo=200008,https://culture.seoul.go.kr/cmmn/file/getImage.do?atchFileId=0eacadccc21641c1be1f003ed26bdf09&thumb=Y,서울시 문화행사,,0.0383,47,2026-08-23 01:14:23
[서울아트책보고] 씨드북 [지구를 위한 옷장 순환 마켓],서울아트책보고 워크숍룸,2026-08-22,2026-08-22,교육/체험,구로구,https://culture.seoul.go.kr/culture/culture/cultureEvent/view.do?cultcode=159046&menuNo=200011,https://culture.seoul.go.kr/cmmn/file/getImage.do?atchFileId=2e45b173b19d47d8bcf9ff896056962b&thumb=Y,서울시 문화행사,,,,2026-08-23 01:14:23
[마포구립서강도서관] 8월/어린이메이킹 해봄이웃집Maker [폐키보드로 만드는 나만의 클릭커],마포구립서강도서관 3층 세미나실,2026-08-22,2026-08-22,교육/체험,마포구,https://culture.seoul.go.kr/culture/culture/cultureEvent/view.do?cultcode=158933&menuNo=200011,https://culture.seoul.go.kr/cmmn/file/getImage.do?atchFileId=24a46e930da245959247c7b70cb8e89f&thumb=Y,서울시 문화행사,,,,2026-08-23 01:14:23
"[동작문화재단] 본동어울마당 아트홀 '본동 세레나데' 8회차 [아크기타듀오의 영화처럼, 클래식처럼]",본동어울마당 아트홀,2026-08-22,2026-08-22,클래식,동작구,https://culture.seoul.go.kr/culture/culture/cultureEvent/view.do?cultcode=158791&menuNo=200008,https://culture.seoul.go.kr/cmmn/file/getImage.do?atchFileId=89f6c0613bf24289a43eabec1ea78521&thumb=Y,서울시 문화행사,,0.000311,0,2026-08-23 01:14:23
이은결 30주년 [ONE OF ONE],세종대극장,2026-08-22,2026-08-22,콘서트,종로구,https://culture.seoul.go.kr/culture/culture/cultureEvent/view.do?cultcode=158773&menuNo=200008,https://culture.seoul.go.kr/cmmn/file/getImage.do?atchFileId=b046c81d880c470382952922163f99f7&thumb=Y,서울시 문화행사,,0.002366,20,2026-08-23 01:14:23
제9회 동아주니어콩쿠르 특전 독주회 [김형완 플루트 독주회],라율아트홀,2026-08-22,2026-08-22,독주/독창회,서초구,https://culture.seoul.go.kr/culture/culture/cultureEvent/view.do?cultcode=158758&menuNo=200008,https://culture.seoul.go.kr/cmmn/file/getImage.do?atchFileId=f661c445af0a4053b554a6e68f041fd9&thumb=Y,서울시 문화행사,,0.012015,36,2026-08-23 01:14:23
"[역삼푸른솔도서관] 문장과 문장 사이, 번역의 세계 ",강남구립 역삼푸른솔도서관 프로그램실,2026-08-21,2026-08-28,교육/체험,강남구,https://culture.seoul.go.kr/culture/culture/cultureEvent/view.do?cultcode=159034&menuNo=200011,https://culture.seoul.go.kr/cmmn/file/getImage.do?atchFileId=1717c00dac1b400cbfddb4c12a4cadd6&thumb=Y,서울시 문화행사,,,,2026-08-23 01:14:23
[세종문화회관] 김혜경 on Sync Next 26,세종S씨어터,2026-08-21,2026-08-24,무용,종로구,https://culture.seoul.go.kr/culture/culture/cultureEvent/view.do?cultcode=158774&menuNo=200008,https://culture.seoul.go.kr/cmmn/file/getImage.do?atchFileId=d39d7901b54d441c89ec754d06a10d2e&thumb=Y,서울시 문화행사,,0.002528,20,2026-08-23 01:14:23
[마포문화재단] 2026 M 초이스 창극 [살로메],마포아트센터 아트홀맥,2026-08-21,2026-08-23,국악,마포구,https://culture.seoul.go.kr/culture/culture/cultureEvent/view.do?cultcode=158297&menuNo=200008,https://culture.seoul.go.kr/cmmn/file/getImage.do?atchFileId=df7058709e444ca1b351d420b5d99594&thumb=Y,서울시 문화행사,,0.055695,51,2026-08-23 01:14:23
[성북문화재단] 한예종연극창작플랫폼X꿈빛극장 [대학살의 신],꿈빛극장,2026-08-21,2026-08-22,연극,성북구,https://culture.seoul.go.kr/culture/culture/cultureEvent/view.do?cultcode=158921&menuNo=200008,https://culture.seoul.go.kr/cmmn/file/getImage.do?atchFileId=b06ac4ccbe924c2d9f7810467096ac8a&thumb=Y,서울시 문화행사,,0.013846,37,2026-08-23 01:14:23
[서울문화재단] [STEP-1 | 예술현장 A to Z 강의 [널 위한 문화예술이 제안하는 청년예술가가 관객에게 다가가는 법: 내 작업을 콘텐츠로 보여준다는 것],서울문화재단 청년예술청 그레이홀,2026-08-21,2026-08-21,교육/체험,서대문구,https://culture.seoul.go.kr/culture/culture/cultureEvent/view.do?cultcode=158889&menuNo=200011,https://culture.seoul.go.kr/cmmn/file/getImage.do?atchFileId=e71189fccda248cf96d7e327d9342925&thumb=Y,서울시 문화행사,,,,2026-08-23 01:14:23
[선유도서관] 2026년 문학기행 연계 「우리 사이에 이야기가 머무는 밤 :우다영 작가와의 만남」,선유도서관 5층 프로그램실1,2026-08-21,2026-08-21,교육/체험,영등포구,https://culture.seoul.go.kr/culture/culture/cultureEvent/view.do?cultcode=159134&menuNo=200011,https://culture.seoul.go.kr/cmmn/file/getImage.do?atchFileId=ffb27fc4a16741b1b0c6f76ae05f31b2&thumb=Y,서울시 문화행사,,,,2026-08-23 01:14:23
"제6회 소리로 잇다 - 소리풍경, 확장과 미래 (Soundscape: Expansion and the Future)",세종체임버홀,2026-08-21,2026-08-21,국악,종로구,https://culture.seoul.go.kr/culture/culture/cultureEvent/view.do?cultcode=159074&menuNo=200008,https://culture.seoul.go.kr/cmmn/file/getImage.do?atchFileId=715990b56b004eec94f5776c0cdea6ee&thumb=Y,서울시 문화행사,,0.012949,36,2026-08-23 01:14:23
[작가힙톡] 광진정보도서관 「오래된 세계의 농담」 이다혜 작가와의 만남,광진정보도서관 문화동 지하1층 영화음악감상실,2026-08-21,2026-08-21,교육/체험,광진구,https://culture.seoul.go.kr/culture/culture/cultureEvent/view.do?cultcode=159005&menuNo=200011,https://culture.seoul.go.kr/cmmn/file/getImage.do?atchFileId=538ad09e08b6421c84a09ed5125ea1fa&thumb=Y,서울시 문화행사,,,,2026-08-23 01:14:23
[서초문화재단] 서리풀 서초9 시리즈 4 바리톤 김우진 리사이틀 [바흐 베이스 독창 칸타타 전곡연주],반포심산아트홀,2026-08-21,2026-08-21,클래식,서초구,https://culture.seoul.go.kr/culture/culture/cultureEvent/view.do?cultcode=158963&menuNo=200008,https://culture.seoul.go.kr/cmmn/file/getImage.do?atchFileId=0ab7da031f7449ee889fdcbf4dde4842&thumb=Y,서울시 문화행사,,0.023396,42,2026-08-23 01:14:23
"[마포구립서강도서관] 8월/어린이강좌 [플라스틱 섬, 어린이 도서관초대석] 이명애 작가",마포구립서강도서관 4층 어린이자료실,2026-08-21,2026-08-21,교육/체험,마포구,https://culture.seoul.go.kr/culture/culture/cultureEvent/view.do?cultcode=158890&menuNo=200011,https://culture.seoul.go.kr/cmmn/file/getImage.do?atchFileId=d3a808ed070c4d6ba7e4b64b60ca8533&thumb=Y,서울시 문화행사,,,,2026-08-23 01:14:23
[서울 문화의 밤] 8월 작가힙톡(Hip-Talk) - (원도) 우리가 기억해야 할 얼굴,서울도서관 1층 생각마루,2026-08-21,2026-08-21,교육/체험,중구,https://culture.seoul.go.kr/culture/culture/cultureEvent/view.do?cultcode=158869&menuNo=200011,https://culture.seoul.go.kr/cmmn/file/getImage.do?atchFileId=f17605479c0c4bafb61fe5389b353514&thumb=Y,서울시 문화행사,,,,2026-08-23 01:14:23
[라율 영재&영아티스트] 문예성 바이올린 독주회,라율아트홀,2026-08-21,2026-08-21,독주/독창회,서초구,https://culture.seoul.go.kr/culture/culture/cultureEvent/view.do?cultcode=158733&menuNo=200008,https://culture.seoul.go.kr/cmmn/file/getImage.do?atchFileId=d043ca49f50a41adb5712b89b681ea68&thumb=Y,서울시 문화행사,,0.012015,36,2026-08-23 01:14:23
2026 케이피아에듀 연주프로젝트 [여름의공명],JCC아트센터 콘서트홀,2026-08-21,2026-08-21,클래식,강북구,https://culture.seoul.go.kr/culture/culture/cultureEvent/view.do?cultcode=158596&menuNo=200008,https://culture.seoul.go.kr/cmmn/file/getImage.do?atchFileId=bedfd8269d224ce6a2eeb96ac240d6c7&thumb=Y,서울시 문화행사,,0.001401,15,2026-08-23 01:14:23
[서울시립 서서울미술관] 미디어 작가전 《김희천: 두더지들》,"서울시립 서서울미술관 B1 제1,2전시실, 다목적홀",2026-08-20,2026-11-08,전시/미술,금천구,https://culture.seoul.go.kr/culture/culture/cultureEvent/view.do?cultcode=158763&menuNo=200009,https://culture.seoul.go.kr/cmmn/file/getImage.do?atchFileId=8f9d4ee329554763b4b0ed830c6fdb30&thumb=Y,서울시 문화행사,,,,2026-08-23 01:14:23
백남준·김류 [백색소음 White Noise],BHAK,2026-08-20,2026-09-23,전시/미술,용산구,https://culture.seoul.go.kr/culture/culture/cultureEvent/view.do?cultcode=159121&menuNo=200009,https://culture.seoul.go.kr/cmmn/file/getImage.do?atchFileId=0dd67465a31646d4a35d7d14e738c013&thumb=Y,서울시 문화행사,,0.000436,3,2026-08-23 01:14:23
제2회 한여름의 구로스마스 축제,디큐브시티 해바라기광장,2026-08-20,2026-08-21,축제-기타,구로구,https://culture.seoul.go.kr/culture/culture/cultureEvent/view.do?cultcode=159003&menuNo=200010,https://culture.seoul.go.kr/cmmn/file/getImage.do?atchFileId=a35cfd97f3f544639f8e09718b05a763&thumb=Y,서울시 문화행사,,,,2026-08-23 01:14:23
[마포문화재단] 인디스커버리 : CHALLENGE [STAGE 07-08],마포아트센터 플레이맥,2026-08-20,2026-08-21,콘서트,마포구,https://culture.seoul.go.kr/culture/culture/cultureEvent/view.do?cultcode=158555&menuNo=200008,https://culture.seoul.go.kr/cmmn/file/getImage.do?atchFileId=e9a517592c804bd6b9c7b7ea5e8dd3e1&thumb=Y,서울시 문화행사,,0.001089,12,2026-08-23 01:14:23
[서울시립교향악단] 2026 서울시향 얍 판 츠베덴의 레스피기 ‘로마의 소나무’ ① ②,롯데콘서트홀,2026-08-20,2026-08-21,클래식,송파구,https://culture.seoul.go.kr/culture/culture/cultureEvent/view.do?cultcode=158271&menuNo=200008,https://culture.seoul.go.kr/cmmn/file/getImage.do?atchFileId=46c94fafee0d45cea239223faa7b5c59&thumb=Y,서울시 문화행사,,0.808786,77,2026-08-23 01:14:23
[서울도서관] 2026년 생성형 AI 시민교육,서울시 중구 일자리센터,2026-08-20,2026-08-20,교육/체험,중구,https://culture.seoul.go.kr/culture/culture/cultureEvent/view.do?cultcode=158741&menuNo=200011,https://culture.seoul.go.kr/cmmn/file/getImage.do?atchFileId=abeae55f929449f793b2bb15cbfac7c9&thumb=Y,서울시 문화행사,,,,2026-08-23 01:14:23
서울디자인런2026@SUP [자기다움의 언어 - 업사이클 브랜드의 코어를 설계하다],서울새활용프라자,2026-08-20,2026-08-20,교육/체험,성동구,https://culture.seoul.go.kr/culture/culture/cultureEvent/view.do?cultcode=158962&menuNo=200011,https://culture.seoul.go.kr/cmmn/file/getImage.do?atchFileId=e9e8543026244e40ab1e85fa01212591&thumb=Y,서울시 문화행사,,0.000685,8,2026-08-23 01:14:23
8월 국회문화극장 [하나 코리아],국회의원회관 2층 대회의실,2026-08-20,2026-08-20,영화,영등포구,https://culture.seoul.go.kr/culture/culture/cultureEvent/view.do?cultcode=158922&menuNo=200013,https://culture.seoul.go.kr/cmmn/file/getImage.do?atchFileId=7958e9cb0b534f71b2f7ce8a09768f78&thumb=Y,서울시 문화행사,,0.000311,0,2026-08-23 01:14:23
[성동문화재단] 2026년 골목 바이브 5회차,서울북카페 센버스,2026-08-20,2026-08-20,콘서트,성동구,https://culture.seoul.go.kr/culture/culture/cultureEvent/view.do?cultcode=158823&menuNo=200008,https://culture.seoul.go.kr/cmmn/file/getImage.do?atchFileId=d5da8f24e12b4eab8f24805c920bde8e&thumb=Y,서울시 문화행사,,0.000591,6,2026-08-23 01:14:23
남미와 한국의 소리풍경,세종체임버홀,2026-08-20,2026-08-20,클래식,종로구,https://culture.seoul.go.kr/culture/culture/cultureEvent/view.do?cultcode=159073&menuNo=200008,https://culture.seoul.go.kr/cmmn/file/getImage.do?atchFileId=d1be7f1b947548aca34a52f7da485432&thumb=Y,서울시 문화행사,,0.012949,36,2026-08-23 01:14:23
"[은평문화재단] 알테무지크서울 은평나음 《바흐, 시간의 몸짓》",은평문화예술회관 공연장,2026-08-20,2026-08-20,클래식,은평구,https://culture.seoul.go.kr/culture/culture/cultureEvent/view.do?cultcode=158272&menuNo=200008,https://culture.seoul.go.kr/cmmn/file/getImage.do?atchFileId=f873fe5faf8a45ecb9d2f76853f6c62e&thumb=Y,서울시 문화행사,,,,2026-08-23 01:14:23
"[양천문화재단] 2026 문화예술 아카데미 [하루, 나들이]",양천생활문화센터 별관 3~4층,2026-08-19,2026-10-31,교육/체험,양천구,https://culture.seoul.go.kr/culture/culture/cultureEvent/view.do?cultcode=158926&menuNo=200011,https://culture.seoul.go.kr/cmmn/file/getImage.do?atchFileId=09a987bf4c684a9a8c65faf070908293&thumb=Y,서울시 문화행사,,,,2026-08-23 01:14:23
[갤러리 플래닛] 스스로 그러한 Self-So,"갤러리 플래닛 (서울시 강남구 압구정로 71길 14,2층)",2026-08-19,2026-09-18,전시/미술,강남구,https://culture.seoul.go.kr/culture/culture/cultureEvent/view.do?cultcode=159078&menuNo=200009,https://culture.seoul.go.kr/cmmn/file/getImage.do?atchFileId=f91c2a8c074a48368d3d1a3e6906d20c&thumb=Y,서울시 문화행사,,,,2026-08-23 01:14:23
"[마포구립서강도서관] 8월/다문화지원사업 [그 너머의 문화, 스페인]",마포구립서강도서관 3층 세미나실,2026-08-19,2026-09-09,교육/체험,마포구,https://culture.seoul.go.kr/culture/culture/cultureEvent/view.do?cultcode=158856&menuNo=200011,https://culture.seoul.go.kr/cmmn/file/getImage.do?atchFileId=e9efd850ae024f64bd32c3467ca2d789&thumb=Y,서울시 문화행사,,,,2026-08-23 01:14:23
[서울시립 북서울미술관] 《권병준: 내 마음속에 너는》 연계 워크숍 [우리도 해설사!],"스튜디오 2, 전시실 5·6",2026-08-19,2026-08-20,교육/체험,노원구,https://culture.seoul.go.kr/culture/culture/cultureEvent/view.do?cultcode=158777&menuNo=200011,https://culture.seoul.go.kr/cmmn/file/getImage.do?atchFileId=7c9b0e3a45ea4f9b9a2ee5844829bb94&thumb=Y,서울시 문화행사,,,,2026-08-23 01:14:23
"[대우재단 시민강좌] 『순간과 영원』: 도시, 기념비적 유물을 통해 본 고대인의 삶과 죽음","대우재단빌딩 5층, 대우학술라운지",2026-08-19,2026-08-19,교육/체험,종로구,https://culture.seoul.go.kr/culture/culture/cultureEvent/view.do?cultcode=159012&menuNo=200011,https://culture.seoul.go.kr/cmmn/file/getImage.do?atchFileId=2f91d8a1b68443bf85d335bb8ed1ea46&thumb=Y,서울시 문화행사,,,,2026-08-23 01:14:23
"[구산동도서관마을] 주한인도문화원 주관,『나마스테, 인도 와인』김성현 저자 북 토크",구산동도서관마을 3층 힐링캠프,2026-08-19,2026-08-19,교육/체험,은평구,https://culture.seoul.go.kr/culture/culture/cultureEvent/view.do?cultcode=159039&menuNo=200011,https://culture.seoul.go.kr/cmmn/file/getImage.do?atchFileId=ef66697ab88c4f39bdb0a9e122da4b39&thumb=Y,서울시 문화행사,,,,2026-08-23 01:14:23
[서울갤러리] 런치 스테이지 [해금 솔로 아티스트 우하린],서울갤러리 지하 1층 공연장,2026-08-19,2026-08-19,국악,중구,https://culture.seoul.go.kr/culture/culture/cultureEvent/view.do?cultcode=158755&menuNo=200008,https://culture.seoul.go.kr/cmmn/file/getImage.do?atchFileId=a14db9c7299f4f66ae0add7688a9cf16&thumb=Y,서울시 문화행사,,,,2026-08-23 01:14:23
금성 서화 소장품 기획전 [자연을 사랑한 화가들 展],금성아트스페이스 1층 전시실,2026-08-18,2026-09-15,전시/미술,마포구,https://culture.seoul.go.kr/culture/culture/cultureEvent/view.do?cultcode=159104&menuNo=200009,https://culture.seoul.go.kr/cmmn/file/getImage.do?atchFileId=a3c5471912774451b96620da223666d1&thumb=Y,서울시 문화행사,,,,2026-08-23 01:14:23
[온에어갤러리] Saran Penyajian,온에어갤러리,2026-08-18,2026-08-29,전시/미술,서대문구,https://culture.seoul.go.kr/culture/culture/cultureEvent/view.do?cultcode=159115&menuNo=200009,https://culture.seoul.go.kr/cmmn/file/getImage.do?atchFileId=8ffcb22a177e477c8fbaa21e01b375a4&thumb=Y,서울시 문화행사,,0.00249,20,2026-08-23 01:14:23
제15회 UAUS 파빌리온 기획전시 ,광화문광장 (서울특별시 종로구 세종대로 175),2026-08-18,2026-08-28,전시/미술,종로구,https://culture.seoul.go.kr/culture/culture/cultureEvent/view.do?cultcode=159041&menuNo=200009,https://culture.seoul.go.kr/cmmn/file/getImage.do?atchFileId=27416a15282b467baf2965de5dc5b0d5&thumb=Y,서울시 문화행사,,,,2026-08-23 01:14:23
[세종문화회관] 2026 누구나 클래식 with 수원시립교향악단,세종문화회관 세종대극장,2026-08-18,2026-08-19,클래식,종로구,https://culture.seoul.go.kr/culture/culture/cultureEvent/view.do?cultcode=158619&menuNo=200008,https://culture.seoul.go.kr/cmmn/file/getImage.do?atchFileId=64c040c1070a43b3ad5f94bd2c15bdec&thumb=Y,서울시 문화행사,,,,2026-08-23 01:14:23
지음 클라리넷 앙상블 제 20회 정기연주회,세종체임버홀,2026-08-18,2026-08-18,클래식,중랑구,https://culture.seoul.go.kr/culture/culture/cultureEvent/view.do?cultcode=159071&menuNo=200008,https://culture.seoul.go.kr/cmmn/file/getImage.do?atchFileId=025ed332ffa24c2a8bf96c2e4c389d25&thumb=Y,서울시 문화행사,,0.012949,36,2026-08-23 01:14:23
[운현궁] 2026 하우스뮤지엄 [겹의 시간_예올빛 단체전],운현궁 노락당,2026-08-17,2026-08-23,전시/미술,종로구,https://culture.seoul.go.kr/culture/culture/cultureEvent/view.do?cultcode=158981&menuNo=200009,https://culture.seoul.go.kr/cmmn/file/getImage.do?atchFileId=7cb770b6d2614db882438fafbaea0644&thumb=Y,서울시 문화행사,,0.000374,2,2026-08-23 01:14:23
썸머 무비 콘서트,세종대극장위치보기	,2026-08-17,2026-08-17,클래식,종로구,https://culture.seoul.go.kr/culture/culture/cultureEvent/view.do?cultcode=158772&menuNo=200008,https://culture.seoul.go.kr/cmmn/file/getImage.do?atchFileId=c85aba4251a94ed39dba36844b66039e&thumb=Y,서울시 문화행사,,,,2026-08-23 01:14:23
서필원 피아노 독주회 - 라흐마니노프 2개의 피아노 소나타,세종체임버홀,2026-08-17,2026-08-17,독주/독창회,종로구,https://culture.seoul.go.kr/culture/culture/cultureEvent/view.do?cultcode=159070&menuNo=200008,https://culture.seoul.go.kr/cmmn/file/getImage.do?atchFileId=ef2b8a4d00bd4ca4908ccdacfa01aee8&thumb=Y,서울시 문화행사,,0.012949,36,2026-08-23 01:14:23
[라율 영재&영아티스트] 박희영 첼로 독주회,라율아트홀,2026-08-17,2026-08-17,클래식,서초구,https://culture.seoul.go.kr/culture/culture/cultureEvent/view.do?cultcode=158695&menuNo=200008,https://culture.seoul.go.kr/cmmn/file/getImage.do?atchFileId=0f5d56925d794c99bc8dd350d8585397&thumb=Y,서울시 문화행사,,0.012015,36,2026-08-23 01:14:23
"[함석헌기념관] 흐름의 서, 삶을 묻다",함석헌기념관 씨알갤러리,2026-08-16,2026-08-30,전시/미술,도봉구,https://culture.seoul.go.kr/culture/culture/cultureEvent/view.do?cultcode=158729&menuNo=200009,https://culture.seoul.go.kr/cmmn/file/getImage.do?atchFileId=f09f48be5f864c6cbc74039c5adcdcf0&thumb=Y,서울시 문화행사,,,,2026-08-23 01:14:23
[독립문영천시장] 815-816 연계 독립만찬 영천축제,독립문문화공원 및 영천시장 일대,2026-08-16,2026-08-16,축제-기타,서대문구,https://culture.seoul.go.kr/culture/culture/cultureEvent/view.do?cultcode=158849&menuNo=200010,https://culture.seoul.go.kr/cmmn/file/getImage.do?atchFileId=0f2e99d6de1b46ffb0da929ac31af81e&thumb=Y,서울시 문화행사,,,,2026-08-23 01:14:23
[서울시립교향악단] 2026 서울시향 시민과 함께하는 광복절 기념 음악회: 베토벤 [합창],세종문화회관 대극장,2026-08-16,2026-08-16,클래식,종로구,https://culture.seoul.go.kr/culture/culture/cultureEvent/view.do?cultcode=158273&menuNo=200008,https://culture.seoul.go.kr/cmmn/file/getImage.do?atchFileId=65139093b46d47378cbc16ef1e99e15c&thumb=Y,서울시 문화행사,,0.138483,60,2026-08-23 01:14:23
[2026 신진미술인 지원 프로그램] 김진주 기획전 《Embody》,"합 (서울시 종로구 자하문로 55, 2층)",2026-08-15,2026-08-29,전시/미술,종로구,https://culture.seoul.go.kr/culture/culture/cultureEvent/view.do?cultcode=159024&menuNo=200009,https://culture.seoul.go.kr/cmmn/file/getImage.do?atchFileId=5ca8b222724941aaaf8992eb2bb7d155&thumb=Y,서울시 문화행사,,,,2026-08-23 01:14:23
[세종문화회관] 그렇게 바람이 불었고 나는 두 형을 먹었다. [이하느리 on Sync Next 26],세종문화회관 세종S씨어터,2026-08-15,2026-08-17,기타,종로구,https://culture.seoul.go.kr/culture/culture/cultureEvent/view.do?cultcode=158697&menuNo=200013,https://culture.seoul.go.kr/cmmn/file/getImage.do?atchFileId=282d0458f6f949979e572e8cbf519b39&thumb=Y,서울시 문화행사,,,,2026-08-23 01:14:23
[독립문영천시장] 제4회 815 독립만찬 영맥축제,독립문문화공원 및 영천시장 일대,2026-08-15,2026-08-16,축제-기타,서대문구,https://culture.seoul.go.kr/culture/culture/cultureEvent/view.do?cultcode=158848&menuNo=200010,https://culture.seoul.go.kr/cmmn/file/getImage.do?atchFileId=c5aa1957818a4611b2b5f12898ae3ee8&thumb=Y,서울시 문화행사,,,,2026-08-23 01:14:23
[서울시립 사진미술관] 2026 여름콘서트,서울시립 사진미술관 1층 (서울특별시 도봉구 마들로13길 68),2026-08-15,2026-08-15,콘서트,도봉구,https://culture.seoul.go.kr/culture/culture/cultureEvent/view.do?cultcode=159087&menuNo=200008,https://culture.seoul.go.kr/cmmn/file/getImage.do?atchFileId=8afc08601f714c9a97fa9c9771985aa8&thumb=Y,서울시 문화행사,,,,2026-08-23 01:14:23
어린이 과학 강연극 [과학을 부탁해],서울어린이대공원 아트센터 (주)케이티씨씨엠,2026-08-15,2026-08-15,연극,광진구,https://culture.seoul.go.kr/culture/culture/cultureEvent/view.do?cultcode=158936&menuNo=200008,https://culture.seoul.go.kr/cmmn/file/getImage.do?atchFileId=aa8f29bc275a49e5bd0b6bbfef8c34ef&thumb=Y,서울시 문화행사,,,,2026-08-23 01:14:23
제81주년 광복절 소울해치와 떠나는 항일유적 탐방 ,탑골공원 정문,2026-08-15,2026-08-15,교육/체험,종로구,https://culture.seoul.go.kr/culture/culture/cultureEvent/view.do?cultcode=158987&menuNo=200011,https://culture.seoul.go.kr/cmmn/file/getImage.do?atchFileId=90db3464bd54483da30050d85475fd93&thumb=Y,서울시 문화행사,,,,2026-08-23 01:14:23
"문예북흥 No.67 - 어른이 되는 법을 배운 적 없이 『어른의 미래』를 살아가는 우리의 현재, 편혜영의 '일상 서스펜스'로 바라보는 어른의 현재",이호철북콘서트홀,2026-08-15,2026-08-15,교육/체험,은평구,https://culture.seoul.go.kr/culture/culture/cultureEvent/view.do?cultcode=158801&menuNo=200011,https://culture.seoul.go.kr/cmmn/file/getImage.do?atchFileId=ee8919ad652d40b08b084813c8abc51a&thumb=Y,서울시 문화행사,,0.013049,36,2026-08-23 01:14:23
[서울갤러리] 런치 스테이지 [1인 오케스트라 로로컴퍼니],서울갤러리 지하 1층 공연장,2026-08-15,2026-08-15,콘서트,중구,https://culture.seoul.go.kr/culture/culture/cultureEvent/view.do?cultcode=158754&menuNo=200008,https://culture.seoul.go.kr/cmmn/file/getImage.do?atchFileId=2d9841333bb5449d809c34ee072d9ec2&thumb=Y,서울시 문화행사,,,,2026-08-23 01:14:23
[서울아트책보고] 은희경 소설가 『시간의 감촉』 북토크 : 인간의 몸에 새겨진 사랑,서울아트책보고 열린무대,2026-08-15,2026-08-15,교육/체험,구로구,https://culture.seoul.go.kr/culture/culture/cultureEvent/view.do?cultcode=158844&menuNo=200011,https://culture.seoul.go.kr/cmmn/file/getImage.do?atchFileId=0d51a08aa7464774bb3c1f214210b6ef&thumb=Y,서울시 문화행사,,,,2026-08-23 01:14:23
제81주년 광복절 기념 타종행사,보신각 일대,2026-08-15,2026-08-15,축제-전통/역사,종로구,https://culture.seoul.go.kr/culture/culture/cultureEvent/view.do?cultcode=159091&menuNo=200010,https://culture.seoul.go.kr/cmmn/file/getImage.do?atchFileId=6e4be559b5a44d40b976221f104ff19e&thumb=Y,서울시 문화행사,,,,2026-08-23 01:14:23
"[서울역사박물관] 2026년 제2회 재능나눔콘서트 [서울의 기억, 서울, 무대가 되다]",서울역사박물관 1층 로비,2026-08-15,2026-08-15,콘서트,종로구,https://culture.seoul.go.kr/culture/culture/cultureEvent/view.do?cultcode=158793&menuNo=200008,https://culture.seoul.go.kr/cmmn/file/getImage.do?atchFileId=4e542d3c6dae4b18a6e90005853f31a9&thumb=Y,서울시 문화행사,,,,2026-08-23 01:14:23
[서울역사박물관] 서울도시계획 대관람,서울역사박물관 기획전시실A,2026-08-14,2026-11-08,전시/미술,종로구,https://culture.seoul.go.kr/culture/culture/cultureEvent/view.do?cultcode=158824&menuNo=200009,https://culture.seoul.go.kr/cmmn/file/getImage.do?atchFileId=cc449667a3c447f68835d21a4e8c2356&thumb=Y,서울시 문화행사,,,,2026-08-23 01:14:23
이지 리 개인전 : 유영하는 레버넌트 (Drifting Among Revenants),탈영역우정국 1층,2026-08-14,2026-08-30,전시/미술,마포구,https://culture.seoul.go.kr/culture/culture/cultureEvent/view.do?cultcode=158967&menuNo=200009,https://culture.seoul.go.kr/cmmn/file/getImage.do?atchFileId=a48d36cb9148439e893ec2aa979bc55f&thumb=Y,서울시 문화행사,,,,2026-08-23 01:14:23
[세종문화회관] 26세종시즌 [더블 빌 죽음과 소녀],국립극장 해오름극장,2026-08-14,2026-08-16,무용,중구,https://culture.seoul.go.kr/culture/culture/cultureEvent/view.do?cultcode=158983&menuNo=200008,https://culture.seoul.go.kr/cmmn/file/getImage.do?atchFileId=fef72f9bdb2e4b16aacb0e241be41e9f&thumb=Y,서울시 문화행사,,0.257667,66,2026-08-23 01:14:23
서울야외도서관 [책읽는 맑은냇가] 특별운영,청계천 모전교 ~ 광통교,2026-08-14,2026-08-16,기타,종로구,https://culture.seoul.go.kr/culture/culture/cultureEvent/view.do?cultcode=158989&menuNo=200013,https://culture.seoul.go.kr/cmmn/file/getImage.do?atchFileId=3e2710ac56d842b48e46025f1ff8a825&thumb=Y,서울시 문화행사,,,,2026-08-23 01:14:23
[강동문화재단] 극단 명작옥수수밭 [세기의 사나이],강동아트센터 대극장 한강,2026-08-14,2026-08-15,연극,강동구,https://culture.seoul.go.kr/culture/culture/cultureEvent/view.do?cultcode=158843&menuNo=200008,https://culture.seoul.go.kr/cmmn/file/getImage.do?atchFileId=a1bca97dc0aa4e4c82388845be429bbd&thumb=Y,서울시 문화행사,,0.006661,30,2026-08-23 01:14:23
[서울아트책보고] 제4회 고척스카이돔 영화상영회 [한여름 밤의 돔],고척스카이돔 그라운드,2026-08-14,2026-08-14,영화,구로구,https://culture.seoul.go.kr/culture/culture/cultureEvent/view.do?cultcode=158990&menuNo=200013,https://culture.seoul.go.kr/cmmn/file/getImage.do?atchFileId=93709fd2edf3429cb5ca956496d84fe0&thumb=Y,서울시 문화행사,,0.000498,5,2026-08-23 01:14:23
[라율 영재&영아티스트] 신지우 비올라 독주회,라율아트홀,2026-08-14,2026-08-14,클래식,서초구,https://culture.seoul.go.kr/culture/culture/cultureEvent/view.do?cultcode=158642&menuNo=200008,https://culture.seoul.go.kr/cmmn/file/getImage.do?atchFileId=22a4812630a8409aa25ca720b326df57&thumb=Y,서울시 문화행사,,0.012015,36,2026-08-23 01:14:23
[서울 문화의 밤] 8월 작가힙톡(Hip-Talk) - (허민숙) 거절살인 : 규율에 실패해 온 이유,서울도서관 1층 생각마루,2026-08-14,2026-08-14,교육/체험,중구,https://culture.seoul.go.kr/culture/culture/cultureEvent/view.do?cultcode=158866&menuNo=200011,https://culture.seoul.go.kr/cmmn/file/getImage.do?atchFileId=51eff0243106442dad84e950b7b71aa1&thumb=Y,서울시 문화행사,,,,2026-08-23 01:14:23
[서울문화재단] STEP-1 | 예술현장 A to Z 강의 [연출가의 타임라인: 작품분석부터 공연운영까지 프로세스],서울문화재단 청년예술청 그레이홀,2026-08-14,2026-08-14,교육/체험,서대문구,https://culture.seoul.go.kr/culture/culture/cultureEvent/view.do?cultcode=158887&menuNo=200011,https://culture.seoul.go.kr/cmmn/file/getImage.do?atchFileId=2457b75902a04ec89a6e67726489b1cb&thumb=Y,서울시 문화행사,,,,2026-08-23 01:14:23
"광복81년 전야제 [영웅의 꿈, 광복의 빛이 되다]",국회의사당 중앙잔디광장,2026-08-14,2026-08-14,뮤지컬/오페라,영등포구,https://culture.seoul.go.kr/culture/culture/cultureEvent/view.do?cultcode=158942&menuNo=200008,https://culture.seoul.go.kr/cmmn/file/getImage.do?atchFileId=b9ca18467f1d4e259f7fc30048aeb186&thumb=Y,서울시 문화행사,,0.000809,9,2026-08-23 01:14:23
2026 이럴때 이런음악 해설이 있는 청소년음악회 ,세종체임버홀,2026-08-14,2026-08-14,클래식,종로구,https://culture.seoul.go.kr/culture/culture/cultureEvent/view.do?cultcode=158626&menuNo=200008,https://culture.seoul.go.kr/cmmn/file/getImage.do?atchFileId=337638fb6bfb4fde8cac74a7e1a199ec&thumb=Y,서울시 문화행사,,0.012949,36,2026-08-23 01:14:23
[서울문화재단] 춤추는 라운지 특별공연 [춤선캡 신토불이BURI댄스],서울무용창작센터 (서울문화예술교육센터은평),2026-08-14,2026-08-14,무용,은평구,https://culture.seoul.go.kr/culture/culture/cultureEvent/view.do?cultcode=158893&menuNo=200008,https://culture.seoul.go.kr/cmmn/file/getImage.do?atchFileId=67294d6fd4bb42d88287600f4a041f24&thumb=Y,서울시 문화행사,,,,2026-08-23 01:14:23
[운현궁] 2026 광복절 기념 [운현궁 한옥 콘서트],운현궁 노락당,2026-08-14,2026-08-14,콘서트,종로구,https://culture.seoul.go.kr/culture/culture/cultureEvent/view.do?cultcode=158837&menuNo=200008,https://culture.seoul.go.kr/cmmn/file/getImage.do?atchFileId=9134a6c951324f4ba1a08d74c7c51609&thumb=Y,서울시 문화행사,,0.000374,2,2026-08-23 01:14:23
"2026 지혜학교 [현실 속에서의 사유와  초탈, 장자를 만나다]",탄허기념불교박물관 도서실,2026-08-13,2026-11-05,교육/체험,강남구,https://culture.seoul.go.kr/culture/culture/cultureEvent/view.do?cultcode=158618&menuNo=200011,https://culture.seoul.go.kr/cmmn/file/getImage.do?atchFileId=dd6a54fd3d044aef976d4e71fb10b967&thumb=Y,서울시 문화행사,,,,2026-08-23 01:14:23
[서울시립 북서울미술관] 2026 타이틀 매치 《오인환 vs. 장서영: 휴먼 에러》,"서울시립 북서울미술관 1층 전시실 1,2 서울시립 북서울미술관 2층 전시실 3,4",2026-08-13,2026-10-25,전시/미술,노원구,https://culture.seoul.go.kr/culture/culture/cultureEvent/view.do?cultcode=158761&menuNo=200009,https://culture.seoul.go.kr/cmmn/file/getImage.do?atchFileId=ddd0a99f208a46c19f18368275621888&thumb=Y,서울시 문화행사,,,,2026-08-23 01:14:23
[노화랑] 김덕기 [빛이 머무는 Where Light Lingers],"노화랑 1, 2층 전시장",2026-08-13,2026-09-10,전시/미술,종로구,https://culture.seoul.go.kr/culture/culture/cultureEvent/view.do?cultcode=158859&menuNo=200009,https://culture.seoul.go.kr/cmmn/file/getImage.do?atchFileId=49423f7e5e0b483a8819fa200cd87829&thumb=Y,서울시 문화행사,,,,2026-08-23 01:14:23
[구로문화재단] 오류아트홀 8월 기획공연 '음악극 [시인의 사랑],오류아트홀,2026-08-13,2026-08-14,뮤지컬/오페라,구로구,https://culture.seoul.go.kr/culture/culture/cultureEvent/view.do?cultcode=158524&menuNo=200008,https://culture.seoul.go.kr/cmmn/file/getImage.do?atchFileId=ae9c6b6ff8514bc186aa7b78db157f25&thumb=Y,서울시 문화행사,,0.019636,40,2026-08-23 01:14:23
2026년 서울문화재단 8.15 광복절 특별기획 프로그램 [극장은 달린다!],서울문화재단 대학로극장 쿼드,2026-08-13,2026-08-14,연극,종로구,https://culture.seoul.go.kr/culture/culture/cultureEvent/view.do?cultcode=158988&menuNo=200008,https://culture.seoul.go.kr/cmmn/file/getImage.do?atchFileId=dd46fffbde334267a6f4199c42123a1c&thumb=Y,서울시 문화행사,,,,2026-08-23 01:14:23
보훈가족과 서울시민이 함께하는 보훈음악회,세종문화회관 체임버홀,2026-08-13,2026-08-13,축제-문화/예술,종로구,https://culture.seoul.go.kr/culture/culture/cultureEvent/view.do?cultcode=158726&menuNo=200010,https://culture.seoul.go.kr/cmmn/file/getImage.do?atchFileId=83be2ad2c48747e6b4498e4aa0003637&thumb=Y,서울시 문화행사,,0.010036,34,2026-08-23 01:14:23
"[구산동도서관마을] 이달의 인문학(8월) 「AI시대, 강력한 개인이 온다」구본권 저자와의 만남",구산동도서관마을 3층 힐링캠프,2026-08-13,2026-08-13,교육/체험,은평구,https://culture.seoul.go.kr/culture/culture/cultureEvent/view.do?cultcode=158645&menuNo=200011,https://culture.seoul.go.kr/cmmn/file/getImage.do?atchFileId=d8efd9b485e348cba8c52bb9d67dab14&thumb=Y,서울시 문화행사,,,,2026-08-23 01:14:23
[라율 영재&영아티스트] 이소영 바이올린 독주회,라율아트홀,2026-08-13,2026-08-13,클래식,서초구,https://culture.seoul.go.kr/culture/culture/cultureEvent/view.do?cultcode=158620&menuNo=200008,https://culture.seoul.go.kr/cmmn/file/getImage.do?atchFileId=46c3e847bee54db4be00f942effa4dfb&thumb=Y,서울시 문화행사,,0.012015,36,2026-08-23 01:14:23
[구립증산도서관] 2026 사서와 함께하는 독서 동아리 [씨앗] 2기,지하 문화강좌실,2026-08-13,2026-08-13,교육/체험,은평구,https://culture.seoul.go.kr/culture/culture/cultureEvent/view.do?cultcode=159027&menuNo=200011,https://culture.seoul.go.kr/cmmn/file/getImage.do?atchFileId=ee8bf1bec27e450d928041a7e4b354dd&thumb=Y,서울시 문화행사,,,,2026-08-23 01:14:23
[서초문화재단] 서리풀청년아트갤러리 전시 [Scene: 場과 面(장과 면)],서리풀청년아트갤러리,2026-08-12,2026-09-05,전시/미술,서초구,https://culture.seoul.go.kr/culture/culture/cultureEvent/view.do?cultcode=159007&menuNo=200009,https://culture.seoul.go.kr/cmmn/file/getImage.do?atchFileId=61095b02efce457db6c640be13e27ca7&thumb=Y,서울시 문화행사,,0.000722,8,2026-08-23 01:14:23
"2026 경운박물관 초대전 [포(袍), 재현으로 피어나다]",경기여고 100주년기념관 1층,2026-08-12,2026-08-27,전시/미술,강남구,https://culture.seoul.go.kr/culture/culture/cultureEvent/view.do?cultcode=159011&menuNo=200009,https://culture.seoul.go.kr/cmmn/file/getImage.do?atchFileId=5299eaa88d5c47108892aa6f8e028083&thumb=Y,서울시 문화행사,,,,2026-08-23 01:14:23
건축 연합 동아리 아키텐 34기 전시 [건축의 빈 틈],아케이드 서울,2026-08-12,2026-08-17,전시/미술,영등포구,https://culture.seoul.go.kr/culture/culture/cultureEvent/view.do?cultcode=158977&menuNo=200009,https://culture.seoul.go.kr/cmmn/file/getImage.do?atchFileId=5b9c24cdf7ce4ac18d098ae3b4517edb&thumb=Y,서울시 문화행사,,0.002789,21,2026-08-23 01:14:23
"[여름, 낭독시즌] 봄 작가, 겨울 무대 낭독공연 2026",대학로예술극장 소극장,2026-08-12,2026-08-16,연극,종로구,https://culture.seoul.go.kr/culture/culture/cultureEvent/view.do?cultcode=158692&menuNo=200008,https://culture.seoul.go.kr/cmmn/file/getImage.do?atchFileId=4c7e4703e1434b8c8f661d762c1a2154&thumb=Y,서울시 문화행사,,0.003984,25,2026-08-23 01:14:23
[서초문화재단] 어린이 공연 넌버벌 [네네네],반포심산아트홀,2026-08-12,2026-08-14,연극,서초구,https://culture.seoul.go.kr/culture/culture/cultureEvent/view.do?cultcode=158632&menuNo=200008,https://culture.seoul.go.kr/cmmn/file/getImage.do?atchFileId=e57ab0cc510943fe97e01a1e5ad9bd29&thumb=Y,서울시 문화행사,,0.023396,42,2026-08-23 01:14:23
"[서울문화예술교육센터 강북] 우리 곁의 예술-감각하기 [영화로 떠나는 예술여행, 시네마 공감]",서울문화예술교육센터 강북 2층 예술당솔샘,2026-08-12,2026-08-13,교육/체험,강북구,https://culture.seoul.go.kr/culture/culture/cultureEvent/view.do?cultcode=158892&menuNo=200011,https://culture.seoul.go.kr/cmmn/file/getImage.do?atchFileId=3d83d71cee5b4b92b577b430cbf1e476&thumb=Y,서울시 문화행사,,,,2026-08-23 01:14:23
[금천구립가산도서관] 8월 문화가 있는 날 [책과 체험으로 만나는 광복절],금천구립가산도서관 6층 강의실,2026-08-12,2026-08-12,교육/체험,금천구,https://culture.seoul.go.kr/culture/culture/cultureEvent/view.do?cultcode=158911&menuNo=200011,https://culture.seoul.go.kr/cmmn/file/getImage.do?atchFileId=366403ea640a4b4aa5ea03b5b9db1563&thumb=Y,서울시 문화행사,,,,2026-08-23 01:14:23
[구로기적의도서관] 2026 생활밀착형 기후변화과학 교육 [도서관에서 기후랑 놀자],구로기적의도서관 2층 강당,2026-08-12,2026-08-12,교육/체험,구로구,https://culture.seoul.go.kr/culture/culture/cultureEvent/view.do?cultcode=158984&menuNo=200011,https://culture.seoul.go.kr/cmmn/file/getImage.do?atchFileId=3ee3504738014371bbe1bd2907744871&thumb=Y,서울시 문화행사,,,,2026-08-23 01:14:23
[서울시립교향악단] 2026 서울시향 유럽 투어 프리뷰 콘서트: 베토벤 ‘합창’,예술의전당 콘서트홀,2026-08-12,2026-08-12,클래식,서초구,https://culture.seoul.go.kr/culture/culture/cultureEvent/view.do?cultcode=158270&menuNo=200008,https://culture.seoul.go.kr/cmmn/file/getImage.do?atchFileId=fea8de4874764cb99f7c8d443b62111a&thumb=Y,서울시 문화행사,,0.021067,41,2026-08-23 01:14:23
2026 제6회 [S Classic Week] 2nd '세대와 시대의 조화',세종체임버홀,2026-08-12,2026-08-12,클래식,종로구,https://culture.seoul.go.kr/culture/culture/cultureEvent/view.do?cultcode=158992&menuNo=200008,https://culture.seoul.go.kr/cmmn/file/getImage.do?atchFileId=6c54bd97ed894656b810e4f6a30ac0d1&thumb=Y,서울시 문화행사,,0.012949,36,2026-08-23 01:14:23
김현희 해금풍류 Ⅵ [김영재류 해금산조],국립국악원 풍류사랑방,2026-08-12,2026-08-12,국악,서초구,https://culture.seoul.go.kr/culture/culture/cultureEvent/view.do?cultcode=158738&menuNo=200008,https://culture.seoul.go.kr/cmmn/file/getImage.do?atchFileId=4a8487f09b65446d8ca31ebd00a7bd6f&thumb=Y,서울시 문화행사,,0.002801,21,2026-08-23 01:14:23
[영등포문화재단] 해외공연영상 상영 [2026 빈 필하모닉 여름 음악회],영등포아트홀,2026-08-12,2026-08-12,클래식,영등포구,https://culture.seoul.go.kr/culture/culture/cultureEvent/view.do?cultcode=158913&menuNo=200008,https://culture.seoul.go.kr/cmmn/file/getImage.do?atchFileId=9ce9130fbe854065a860eefe95b0f61a&thumb=Y,서울시 문화행사,,0.072056,53,2026-08-23 01:14:23
2026 까망돌어울마당 아트홀 정기 기획공연 [까망돌 칸타빌레] 8회차 창작집단 현인의 [더 클라운],까망돌어울마당 아트홀,2026-08-12,2026-08-12,연극,동작구,https://culture.seoul.go.kr/culture/culture/cultureEvent/view.do?cultcode=158781&menuNo=200008,https://culture.seoul.go.kr/cmmn/file/getImage.do?atchFileId=6ecb76d16e3d4a689f952c130fac34e1&thumb=Y,서울시 문화행사,,0.001463,15,2026-08-23 01:14:23
2026 제6회 [S Classic Week] 1st '악기의 조화',세종체임버홀,2026-08-12,2026-08-12,클래식,종로구,https://culture.seoul.go.kr/culture/culture/cultureEvent/view.do?cultcode=158991&menuNo=200008,https://culture.seoul.go.kr/cmmn/file/getImage.do?atchFileId=985adb5f050b4c7b8294a99449bc5c46&thumb=Y,서울시 문화행사,,0.012949,36,2026-08-23 01:14:23
[서울갤러리] 런치 스테이지 [기타리스트 HOOON],서울갤러리 지하 1층 공연장,2026-08-12,2026-08-12,콘서트,중구,https://culture.seoul.go.kr/culture/culture/cultureEvent/view.do?cultcode=158753&menuNo=200008,https://culture.seoul.go.kr/cmmn/file/getImage.do?atchFileId=f49e13cb6c93481e9b9b85a93d1e5401&thumb=Y,서울시 문화행사,,,,2026-08-23 01:14:23
"[서울문화재단] 2026 서울문화예술교육 프로그램 [모아, 담아] 2차",서울시내 전역,2026-08-11,2026-12-31,교육/체험,종로구,https://culture.seoul.go.kr/culture/culture/cultureEvent/view.do?cultcode=159023&menuNo=200011,https://culture.seoul.go.kr/cmmn/file/getImage.do?atchFileId=713932a3c70640dd9e84d8c90fcacbe4&thumb=Y,서울시 문화행사,,,,2026-08-23 01:14:23
[구산동도서관마을] 2026년 구산동도서관마을 길 위의 인문학 [미술사 X 그림책 : 삶을 읽는 시선],구산동도서관마을 3층 힐링캠프,2026-08-11,2026-10-27,교육/체험,은평구,https://culture.seoul.go.kr/culture/culture/cultureEvent/view.do?cultcode=158472&menuNo=200011,https://culture.seoul.go.kr/cmmn/file/getImage.do?atchFileId=8035af0e8e5e4371a49847c24ea0618c&thumb=Y,서울시 문화행사,,,,2026-08-23 01:14:23
[동대문문화재단] 2026년 생생 국가유산 사업 [지구를 지키는 선농단] - 도시농부학교(심화반),선농단역사문화관 및 선농단역사공원,2026-08-11,2026-10-20,교육/체험,동대문구,https://culture.seoul.go.kr/culture/culture/cultureEvent/view.do?cultcode=158646&menuNo=200011,https://culture.seoul.go.kr/cmmn/file/getImage.do?atchFileId=0fbb9c97a59f4d86a2f4a97ddab21c18&thumb=Y,서울시 문화행사,,,,2026-08-23 01:14:23
[서울문화재단] STEP-1 | 예술현장 A to Z 강의 [백스테이지 라이브: 무대 감독이 말하는 기술진과 창작자와의 현명한 소통 방법],서울문화재단 청년예술청 그레이홀,2026-08-11,2026-08-11,교육/체험,서대문구,https://culture.seoul.go.kr/culture/culture/cultureEvent/view.do?cultcode=158884&menuNo=200011,https://culture.seoul.go.kr/cmmn/file/getImage.do?atchFileId=9ca4842af51e4e139c857f4a123d760f&thumb=Y,서울시 문화행사,,,,2026-08-23 01:14:23
김인선 피아노 독주회 - 비극의 탄생,세종체임버홀,2026-08-11,2026-08-11,독주/독창회,종로구,https://culture.seoul.go.kr/culture/culture/cultureEvent/view.do?cultcode=158666&menuNo=200008,https://culture.seoul.go.kr/cmmn/file/getImage.do?atchFileId=07e31b29cd54434b8cf272575fbb445e&thumb=Y,서울시 문화행사,,0.012949,36,2026-08-23 01:14:23
2026 청춘만발,국립정동극장 세실,2026-08-10,2026-08-21,콘서트,중구,https://culture.seoul.go.kr/culture/culture/cultureEvent/view.do?cultcode=158597&menuNo=200008,https://culture.seoul.go.kr/cmmn/file/getImage.do?atchFileId=ac495d3dfa7146d6a76eb3cd28b66a68&thumb=Y,서울시 문화행사,,0.009836,34,2026-08-23 01:14:23
"[UNFRAMED] 틀을 벗어나, 진짜 나를 마주하는 곳",동대문디자인플라자 디자인랩1층 DDP쇼룸,2026-08-10,2026-08-16,전시/미술,중구,https://culture.seoul.go.kr/culture/culture/cultureEvent/view.do?cultcode=158972&menuNo=200009,https://culture.seoul.go.kr/cmmn/file/getImage.do?atchFileId=e7aed51f968d46dc8b1de3c30db2b7f3&thumb=Y,서울시 문화행사,,,,2026-08-23 01:14:23
모스틀리 첼로 페스티벌 인 서울 2026 [Path] - Ⅰ One Way Only,세종체임버홀,2026-08-10,2026-08-10,클래식,종로구,https://culture.seoul.go.kr/culture/culture/cultureEvent/view.do?cultcode=158606&menuNo=200008,https://culture.seoul.go.kr/cmmn/file/getImage.do?atchFileId=5c0d3eb7c3a342c3a0c8556844e0fc3f&thumb=Y,서울시 문화행사,,0.012949,36,2026-08-23 01:14:23
[마포구립서강도서관] 8월/어린이메이킹 [행복맘껏time] 두 번째 일요일은 해봄공간 오픈데이,마포구립서강도서관 4층 어린이자료실 해봄,2026-08-09,2026-08-09,교육/체험,마포구,https://culture.seoul.go.kr/culture/culture/cultureEvent/view.do?cultcode=158728&menuNo=200011,https://culture.seoul.go.kr/cmmn/file/getImage.do?atchFileId=4d7faf044bf24cc089374f88991f7b0b&thumb=Y,서울시 문화행사,,,,2026-08-23 01:14:23
[구립증산도서관] 장애인 인식개선 인형극 [난 너와 친구하고 싶어],구립증산도서관 2층 강당,2026-08-09,2026-08-09,연극,은평구,https://culture.seoul.go.kr/culture/culture/cultureEvent/view.do?cultcode=158875&menuNo=200008,https://culture.seoul.go.kr/cmmn/file/getImage.do?atchFileId=309fbd96b5d54730bff4e8a6faabd513&thumb=Y,서울시 문화행사,,,,2026-08-23 01:14:23
"[서울시립과학관] Grow up, Bio up! 생명, 제약 진로특강",서울시립과학관 3층 스타홀,2026-08-09,2026-08-09,교육/체험,노원구,https://culture.seoul.go.kr/culture/culture/cultureEvent/view.do?cultcode=158682&menuNo=200011,https://culture.seoul.go.kr/cmmn/file/getImage.do?atchFileId=21e7dd6c03e4421993a48d78ce9742ea&thumb=Y,서울시 문화행사,,,,2026-08-23 01:14:23
앙상블 결의 함께하는 음악회 II: 낭만의 언어,라율아트홀,2026-08-09,2026-08-09,클래식,서초구,https://culture.seoul.go.kr/culture/culture/cultureEvent/view.do?cultcode=158690&menuNo=200008,https://culture.seoul.go.kr/cmmn/file/getImage.do?atchFileId=73db0d33dbc94293ad28101818a9eb38&thumb=Y,서울시 문화행사,,0.012015,36,2026-08-23 01:14:23
[한솥아트스페이스] 이상원 개인전 [레스토피아 : RESTOPIA],한솥아트스페이스(서울시 강남구 압구정로 459 B1F),2026-08-08,2026-09-19,전시/미술,강남구,https://culture.seoul.go.kr/culture/culture/cultureEvent/view.do?cultcode=158934&menuNo=200009,https://culture.seoul.go.kr/cmmn/file/getImage.do?atchFileId=d10e584593fb4a95a3cb81e11e4822d0&thumb=Y,서울시 문화행사,,,,2026-08-23 01:14:23
이은솔 개인전: Proof of Screaming,YK PRESENTS,2026-08-08,2026-08-31,전시/미술,중구,https://culture.seoul.go.kr/culture/culture/cultureEvent/view.do?cultcode=159002&menuNo=200009,https://culture.seoul.go.kr/cmmn/file/getImage.do?atchFileId=c9a2cebecc334a21a25b45bcb094e550&thumb=Y,서울시 문화행사,,,,2026-08-23 01:14:23
푸르메재단 넥슨어린이재활병원 기금모금 자선전시 [제3회 마음으로 연결된 우리],서울아트센터 도암 3층 도암갤러리,2026-08-08,2026-08-14,전시/미술,종로구,https://culture.seoul.go.kr/culture/culture/cultureEvent/view.do?cultcode=158969&menuNo=200009,https://culture.seoul.go.kr/cmmn/file/getImage.do?atchFileId=1bb1eeaf5ba44e4283e48f3862807ef7&thumb=Y,서울시 문화행사,,,,2026-08-23 01:14:23
[강동문화재단] 와이즈발레단 [백조왕자],강동아트센터 대극장 한강,2026-08-08,2026-08-09,무용,강동구,https://culture.seoul.go.kr/culture/culture/cultureEvent/view.do?cultcode=158842&menuNo=200008,https://culture.seoul.go.kr/cmmn/file/getImage.do?atchFileId=b473397869b7429993034c38faef8ebb&thumb=Y,서울시 문화행사,,0.006661,30,2026-08-23 01:14:23
마에스트로 핑고와 떠나는 클래식 지구 한 바퀴,서울체임버홀,2026-08-08,2026-08-09,클래식,서초구,https://culture.seoul.go.kr/culture/culture/cultureEvent/view.do?cultcode=158633&menuNo=200008,https://culture.seoul.go.kr/cmmn/file/getImage.do?atchFileId=40b1800588514d9fb7bb1c936f0d1728&thumb=Y,서울시 문화행사,,0.001556,16,2026-08-23 01:14:23
바이올린과 피아노로 듣는 [세헤라자데],스튜디오301 성수,2026-08-08,2026-08-08,클래식,성동구,https://culture.seoul.go.kr/culture/culture/cultureEvent/view.do?cultcode=158880&menuNo=200008,https://culture.seoul.go.kr/cmmn/file/getImage.do?atchFileId=12fbb096ac7c4c85be994f566d987987&thumb=Y,서울시 문화행사,,,,2026-08-23 01:14:23
[힙독클럽 X 서울아트책보고] 『이런 건 왜 또 기막히게 생각나서』 북토크 : 음악 덕후 아저씨 배순탁 음악 평론가의 음감회,서울아트책보고,2026-08-08,2026-08-08,교육/체험,구로구,https://culture.seoul.go.kr/culture/culture/cultureEvent/view.do?cultcode=158787&menuNo=200011,https://culture.seoul.go.kr/cmmn/file/getImage.do?atchFileId=052fd174096f4794b72787237b0c1d39&thumb=Y,서울시 문화행사,,0.048448,49,2026-08-23 01:14:23
[서울문화재단] 동북권 시민예술 이음 큰잔치,서울문화예술교육센터 강북,2026-08-08,2026-08-08,축제-시민화합,강북구,https://culture.seoul.go.kr/culture/culture/cultureEvent/view.do?cultcode=158710&menuNo=200010,https://culture.seoul.go.kr/cmmn/file/getImage.do?atchFileId=40e14f7f4b494d999683fa7db0365db0&thumb=Y,서울시 문화행사,,0.00518,27,2026-08-23 01:14:23
[성동구립도서관] 2026년 서울가족학교  [패밀리셰프],성동구립도서관,2026-08-08,2026-08-08,교육/체험,성동구,https://culture.seoul.go.kr/culture/culture/cultureEvent/view.do?cultcode=158800&menuNo=200011,https://culture.seoul.go.kr/cmmn/file/getImage.do?atchFileId=56033148b8f04e9e8610d17c2e6ebb83&thumb=Y,서울시 문화행사,,0.325165,68,2026-08-23 01:14:23
[강동문화재단] 최태지의 발레 오픈 리허설,강동아트센터 소극장 드림,2026-08-08,2026-08-08,무용,강동구,https://culture.seoul.go.kr/culture/culture/cultureEvent/view.do?cultcode=158840&menuNo=200008,https://culture.seoul.go.kr/cmmn/file/getImage.do?atchFileId=f101dd7f3ca24f25a347d4c0347a8f8c&thumb=Y,서울시 문화행사,,0.001594,16,2026-08-23 01:14:23
[서울생활문화센터 체부] 체부 인사이트 No.3 협력강연 [항공 사진으로 본 서촌의 50년] 신민재 건축가,서울생활문화센터 체부 체부홀,2026-08-08,2026-08-08,교육/체험,종로구,https://culture.seoul.go.kr/culture/culture/cultureEvent/view.do?cultcode=158672&menuNo=200011,https://culture.seoul.go.kr/cmmn/file/getImage.do?atchFileId=92c68fe7a9ab4738a35d2955e2ee9bd1&thumb=Y,서울시 문화행사,,,,2026-08-23 01:14:23
"[서울문화예술교육센터 서초] 음악의 집 [8월, 음악가의 사적인 플레이리스트] 류이치 사카모토의 피아노 여정",서울문화예술교육센터 서초 1층 더라운지,2026-08-08,2026-08-08,교육/체험,서초구,https://culture.seoul.go.kr/culture/culture/cultureEvent/view.do?cultcode=158503&menuNo=200011,https://culture.seoul.go.kr/cmmn/file/getImage.do?atchFileId=26a5216bf51a4fb3b38dffc41c79b9e7&thumb=Y,서울시 문화행사,,,,2026-08-23 01:14:23
[라율 영재&영아티스트] 박예솔 바이올린 독주회,라율아트홀,2026-08-08,2026-08-08,독주/독창회,서초구,https://culture.seoul.go.kr/culture/culture/cultureEvent/view.do?cultcode=158588&menuNo=200008,https://culture.seoul.go.kr/cmmn/file/getImage.do?atchFileId=788885bfe234486ca3ddb78b8a543901&thumb=Y,서울시 문화행사,,0.012015,36,2026-08-23 01:14:23
[서울갤러리] 런치 스테이지 [컨템포러리 재즈밴드 김루꾸 재즈밴드],서울갤러리 지하 1층 공연장,2026-08-08,2026-08-08,콘서트,중구,https://culture.seoul.go.kr/culture/culture/cultureEvent/view.do?cultcode=158752&menuNo=200008,https://culture.seoul.go.kr/cmmn/file/getImage.do?atchFileId=f68ef14d8ab844b6b8729fa5f06d8af1&thumb=Y,서울시 문화행사,,,,2026-08-23 01:14:23
2026 청소년을 위한 클래식 페스티벌,세종체임버홀,2026-08-08,2026-08-08,클래식,종로구,https://culture.seoul.go.kr/culture/culture/cultureEvent/view.do?cultcode=158607&menuNo=200008,https://culture.seoul.go.kr/cmmn/file/getImage.do?atchFileId=51a8c970fb0e44cd9486217380c48211&thumb=Y,서울시 문화행사,,0.012949,36,2026-08-23 01:14:23
"[우리역사문화도서관] 생활의 지혜, 기초 한문 강독 [사자소학 四字小學]",우리역사문화도서관 강의실,2026-08-07,2026-12-18,교육/체험,강동구,https://culture.seoul.go.kr/culture/culture/cultureEvent/view.do?cultcode=158855&menuNo=200011,https://culture.seoul.go.kr/cmmn/file/getImage.do?atchFileId=c61897dfbf884f82a2ca4f68325d12f5&thumb=Y,서울시 문화행사,,,,2026-08-23 01:14:23
[서울문화재단] 《PLAY-UP 아카데미》 장막극 창작 트레이닝,서울연극창작센터,2026-08-07,2026-11-27,교육/체험,성북구,https://culture.seoul.go.kr/culture/culture/cultureEvent/view.do?cultcode=158629&menuNo=200011,https://culture.seoul.go.kr/cmmn/file/getImage.do?atchFileId=6d11dd726fec4e308d7dfd40357af7ba&thumb=Y,서울시 문화행사,,0.03642,47,2026-08-23 01:14:23
[금천문화재단] 2026 마음을 말하는 연극 2기,금천구립시흥도서관 4층 강의실,2026-08-07,2026-10-27,교육/체험,금천구,https://culture.seoul.go.kr/culture/culture/cultureEvent/view.do?cultcode=158904&menuNo=200011,https://culture.seoul.go.kr/cmmn/file/getImage.do?atchFileId=b97ff9f53a0f44109e69512347b0faef&thumb=Y,서울시 문화행사,,,,2026-08-23 01:14:23
[종로문화재단] 뮤지컬 [드라랄라 치과],종로 아이들극장,2026-08-07,2026-08-30,뮤지컬/오페라,종로구,https://culture.seoul.go.kr/culture/culture/cultureEvent/view.do?cultcode=158559&menuNo=200008,https://culture.seoul.go.kr/cmmn/file/getImage.do?atchFileId=1d184877cf0b435cbd76216e7a7c560a&thumb=Y,서울시 문화행사,,0.020009,41,2026-08-23 01:14:23
프랭크 개인전 [베를린],"서울시 용산구 대사관로12길 8 , OMG",2026-08-07,2026-08-22,전시/미술,용산구,https://culture.seoul.go.kr/culture/culture/cultureEvent/view.do?cultcode=159006&menuNo=200009,https://culture.seoul.go.kr/cmmn/file/getImage.do?atchFileId=98d31cc7600348258983f860c436fc9b&thumb=Y,서울시 문화행사,,,,2026-08-23 01:14:23
[서울시립미술관 서소문본관] 2026 서울 문화의 밤 연계 [수어통역 전시 해설]_8월,서울시립미술관 서소문본관 2층 가나아트컬렉션 전시실/상설 전시실,2026-08-07,2026-08-21,전시/미술,중구,https://culture.seoul.go.kr/culture/culture/cultureEvent/view.do?cultcode=158551&menuNo=200009,https://culture.seoul.go.kr/cmmn/file/getImage.do?atchFileId=4a55f08e0ef349cf9c6160cc2847560c&thumb=Y,서울시 문화행사,,,,2026-08-23 01:14:23
[세종문화회관] 음이온 on Sync Next 26,세종S씨어터,2026-08-07,2026-08-10,기타,종로구,https://culture.seoul.go.kr/culture/culture/cultureEvent/view.do?cultcode=158699&menuNo=200013,https://culture.seoul.go.kr/cmmn/file/getImage.do?atchFileId=fc5e301d4fde443a821f2220f2411b4f&thumb=Y,서울시 문화행사,,0.002528,20,2026-08-23 01:14:23
국토발전전시관 여름방학 행사 [ROOM7 : 건축가의 방],국토발전전시관 정동국토마루(1층),2026-08-07,2026-08-08,교육/체험,중구,https://culture.seoul.go.kr/culture/culture/cultureEvent/view.do?cultcode=158651&menuNo=200011,https://culture.seoul.go.kr/cmmn/file/getImage.do?atchFileId=415b13e9fbc6476ab58bb9315ef3ba74&thumb=Y,서울시 문화행사,,,,2026-08-23 01:14:23
2026 백년시장 야시장 [백년나이트 : 메기의 귀환],강북구 백년시장 일대,2026-08-07,2026-08-08,축제-기타,강북구,https://culture.seoul.go.kr/culture/culture/cultureEvent/view.do?cultcode=158714&menuNo=200010,https://culture.seoul.go.kr/cmmn/file/getImage.do?atchFileId=416c33366f0642fcad0d624492a953ef&thumb=Y,서울시 문화행사,,,,2026-08-23 01:14:23
김로희 하프 리사이틀,세종체임버홀,2026-08-07,2026-08-07,독주/독창회,종로구,https://culture.seoul.go.kr/culture/culture/cultureEvent/view.do?cultcode=158608&menuNo=200008,https://culture.seoul.go.kr/cmmn/file/getImage.do?atchFileId=cfcfbfdfe30b4e5293d5e74b35c52d8e&thumb=Y,서울시 문화행사,,0.012949,36,2026-08-23 01:14:23
"[금천문화재단] 백범 김구 탄신 150주년 기념 특강 [작가힙톡(Hip-Talk X 서울문학기행) : 백범을 읽다, 문화의 힘을 만나다]",금천구립가산도서관 1층 라운지,2026-08-07,2026-08-07,교육/체험,금천구,https://culture.seoul.go.kr/culture/culture/cultureEvent/view.do?cultcode=158905&menuNo=200011,https://culture.seoul.go.kr/cmmn/file/getImage.do?atchFileId=146578e0baab4694aecb09613ae63a0d&thumb=Y,서울시 문화행사,,,,2026-08-23 01:14:23
[힙독클럽 X 서울아트책보고] 정용준 소설가 『겨울통』 북토크 : 얼어버린 사랑 녹이기,서울아트책보고,2026-08-07,2026-08-07,교육/체험,구로구,https://culture.seoul.go.kr/culture/culture/cultureEvent/view.do?cultcode=158786&menuNo=200011,https://culture.seoul.go.kr/cmmn/file/getImage.do?atchFileId=ca0cb6dadad54b778836c1fb96c3536a&thumb=Y,서울시 문화행사,,0.048448,49,2026-08-23 01:14:23
[라율 영재&영아티스트] 장도연 첼로 독주회,라율아트홀,2026-08-07,2026-08-07,독주/독창회,서초구,https://culture.seoul.go.kr/culture/culture/cultureEvent/view.do?cultcode=158540&menuNo=200008,https://culture.seoul.go.kr/cmmn/file/getImage.do?atchFileId=4f8659295374479c96be9601ade79afe&thumb=Y,서울시 문화행사,,0.012015,36,2026-08-23 01:14:23
[서울도서관] 시네마루 영화 [귀를 기울이면] 상영회,서울도서관 1층 생각마루,2026-08-07,2026-08-07,영화,중구,https://culture.seoul.go.kr/culture/culture/cultureEvent/view.do?cultcode=158876&menuNo=200013,https://culture.seoul.go.kr/cmmn/file/getImage.do?atchFileId=60fd6007bfcc4ae7a1df6570a49dd84b&thumb=Y,서울시 문화행사,,,,2026-08-23 01:14:23
[서울시립교향악단] 2026 작은음악회,동대문구 아르코 카멜리아홀,2026-08-07,2026-08-07,클래식,동대문구,https://culture.seoul.go.kr/culture/culture/cultureEvent/view.do?cultcode=158735&menuNo=200008,https://culture.seoul.go.kr/cmmn/file/getImage.do?atchFileId=588e744240954f1fb6f91b6abca75260&thumb=Y,서울시 문화행사,,0.000436,3,2026-08-23 01:14:23
[구산동도서관마을] 2026년 구산동도서관마을 지혜학교 [몸으로 인문학하기],구산동도서관마을 3층 힐링캠프,2026-08-06,2026-10-29,교육/체험,은평구,https://culture.seoul.go.kr/culture/culture/cultureEvent/view.do?cultcode=158475&menuNo=200011,https://culture.seoul.go.kr/cmmn/file/getImage.do?atchFileId=35e2cf66de9a4e6ba452faecbf663017&thumb=Y,서울시 문화행사,,,,2026-08-23 01:14:23
"[구립증산도서관] 미니멀 북큐레이션 [달마다, 나를 아끼는 습관] 소소한 취미, 특별한 하루",2층 종합자료실,2026-08-06,2026-08-31,교육/체험,은평구,https://culture.seoul.go.kr/culture/culture/cultureEvent/view.do?cultcode=159052&menuNo=200011,https://culture.seoul.go.kr/cmmn/file/getImage.do?atchFileId=0751e50c402a4d97837470464c9dfda2&thumb=Y,서울시 문화행사,,,,2026-08-23 01:14:23
[서초문화재단] 2026 서초-한강 아트투어,고속터미널역 지하 고투몰 G2 출구 앞 광장,2026-08-06,2026-08-30,교육/체험,서초구,https://culture.seoul.go.kr/culture/culture/cultureEvent/view.do?cultcode=158919&menuNo=200011,https://culture.seoul.go.kr/cmmn/file/getImage.do?atchFileId=da0ddc46d2a94db4add36d5a22c0a532&thumb=Y,서울시 문화행사,,,,2026-08-23 01:14:23
서울아트책보고 북클럽 X 은행나무 : 무너진 세계에서 우리를 살게 하는 것들 [1기],서울아트책보고 워크숍룸,2026-08-06,2026-08-27,교육/체험,구로구,https://culture.seoul.go.kr/culture/culture/cultureEvent/view.do?cultcode=158713&menuNo=200011,https://culture.seoul.go.kr/cmmn/file/getImage.do?atchFileId=4ed43bc3a8fc427ab4a085a1f5f9d4a9&thumb=Y,서울시 문화행사,,,,2026-08-23 01:14:23
[그루브재즈데이] 재즈클럽에서 만나는 불멸의 스탠다드 재즈,재즈클럽그루브,2026-08-06,2026-08-20,콘서트,서초구,https://culture.seoul.go.kr/culture/culture/cultureEvent/view.do?cultcode=158920&menuNo=200008,https://culture.seoul.go.kr/cmmn/file/getImage.do?atchFileId=702456a6627648c49b63c6f9cde24fdf&thumb=Y,서울시 문화행사,,0.00371,24,2026-08-23 01:14:23
[겹겹 프로젝트] 사진전 [뒤안길에 새긴 이름],서울 인사동 마루아트센터 2관,2026-08-06,2026-08-17,전시/미술,종로구,https://culture.seoul.go.kr/culture/culture/cultureEvent/view.do?cultcode=158951&menuNo=200009,https://culture.seoul.go.kr/cmmn/file/getImage.do?atchFileId=482c8f13262044138d5256321010c194&thumb=Y,서울시 문화행사,,,,2026-08-23 01:14:23
[서울시립 사진미술관] 어린이 여름방학 워크숍 [나의 첫 번째 사진책],"서울시립 사진미술관 2층 1,2전시실 / 3층 3,4전시실 / 4층 1교육실",2026-08-06,2026-08-14,교육/체험,도봉구,https://culture.seoul.go.kr/culture/culture/cultureEvent/view.do?cultcode=158764&menuNo=200011,https://culture.seoul.go.kr/cmmn/file/getImage.do?atchFileId=c3e521ffadd24599b67b6a984e3dc5c1&thumb=Y,서울시 문화행사,,,,2026-08-23 01:14:23
[마포구립서강도서관] 8월/어린이강좌 도서관 다문화서비스 다정다감 [올레! 스페인],마포구립서강도서관 3층 세미나실,2026-08-06,2026-08-13,교육/체험,마포구,https://culture.seoul.go.kr/culture/culture/cultureEvent/view.do?cultcode=158711&menuNo=200011,https://culture.seoul.go.kr/cmmn/file/getImage.do?atchFileId=51f19a2ec60541b68ff6d2e8ade2f502&thumb=Y,서울시 문화행사,,,,2026-08-23 01:14:23
[서울시립교향악단] 작은 음악회_금천누리종합사회복지관,금천누리종합사회복지관 5층 강당,2026-08-06,2026-08-06,클래식,금천구,https://culture.seoul.go.kr/culture/culture/cultureEvent/view.do?cultcode=158879&menuNo=200008,https://culture.seoul.go.kr/cmmn/file/getImage.do?atchFileId=fe49936d6423435aac704f9cdb505b75&thumb=Y,서울시 문화행사,,,,2026-08-23 01:14:23
피아포네 앙상블 정기연주회,세종체임버홀,2026-08-06,2026-08-06,클래식,종로구,https://culture.seoul.go.kr/culture/culture/cultureEvent/view.do?cultcode=158667&menuNo=200008,https://culture.seoul.go.kr/cmmn/file/getImage.do?atchFileId=7c6ab89a530c4352bd36537cce77ec9f&thumb=Y,서울시 문화행사,,0.012949,36,2026-08-23 01:14:23
송파구 청년예술인 [2026 더 임팩트] 리치파이 단독 공연 | 힐링 재즈 캠프 ,석촌호수 아뜰리에,2026-08-06,2026-08-06,콘서트,송파구,https://culture.seoul.go.kr/culture/culture/cultureEvent/view.do?cultcode=158712&menuNo=200008,https://culture.seoul.go.kr/cmmn/file/getImage.do?atchFileId=cbcf3d81cf544569ae65a8b4337a3fab&thumb=Y,서울시 문화행사,,0.009637,34,2026-08-23 01:14:23
[서울시립미술관 서소문본관] 예술가의 런치박스 [김현석 '조물 조물 테이블'],서울시립미술관 서소문본관 3층 세마엘,2026-08-06,2026-08-06,교육/체험,중구,https://culture.seoul.go.kr/culture/culture/cultureEvent/view.do?cultcode=158703&menuNo=200011,https://culture.seoul.go.kr/cmmn/file/getImage.do?atchFileId=9ea8bdabfff8477b8e48a4522b0cd7d2&thumb=Y,서울시 문화행사,,,,2026-08-23 01:14:23
[성동구립도서관] 기억을 팝니다 [김용일 작가와의 만남],성동구립도서관,2026-08-06,2026-08-06,교육/체험,성동구,https://culture.seoul.go.kr/culture/culture/cultureEvent/view.do?cultcode=158799&menuNo=200011,https://culture.seoul.go.kr/cmmn/file/getImage.do?atchFileId=1cc583e3af4146f0afcf56e2fd95531f&thumb=Y,서울시 문화행사,,0.325165,68,2026-08-23 01:14:23
[개봉도서관] 2026년 특성화 프로그램 [슬기로운 경제생활과 똑똑한 돈 관리법] 신현수 작가와의 만남 / 개봉초 권장도서,구로구공익활동지원센터 강의실(펼치다),2026-08-06,2026-08-06,교육/체험,구로구,https://culture.seoul.go.kr/culture/culture/cultureEvent/view.do?cultcode=158616&menuNo=200011,https://culture.seoul.go.kr/cmmn/file/getImage.do?atchFileId=d9697afd5efa44d0a406920c4da7da96&thumb=Y,서울시 문화행사,,,,2026-08-23 01:14:23
[더 갤러리 호수] 호수동물아트전,더 갤러리 호수,2026-08-05,2026-10-25,전시/미술,송파구,https://culture.seoul.go.kr/culture/culture/cultureEvent/view.do?cultcode=159108&menuNo=200009,https://culture.seoul.go.kr/cmmn/file/getImage.do?atchFileId=6bba787e075e46ada1ecd708b8289f36&thumb=Y,서울시 문화행사,,0.013808,37,2026-08-23 01:14:23
[청운문확도서관] 2026 지혜학교 [세계문학으로 읽는 12가지 지혜],청운문학도서관 ,2026-08-05,2026-10-21,교육/체험,종로구,https://culture.seoul.go.kr/culture/culture/cultureEvent/view.do?cultcode=158718&menuNo=200011,https://culture.seoul.go.kr/cmmn/file/getImage.do?atchFileId=984e2e0b871048b08b42c2b74ccb4a1d&thumb=Y,서울시 문화행사,,0.159277,61,2026-08-23 01:14:23
"[갤러리지우헌] 김보경, 서민정 [두 개의 달]",갤러리 지우헌,2026-08-05,2026-09-12,전시/미술,종로구,https://culture.seoul.go.kr/culture/culture/cultureEvent/view.do?cultcode=158830&menuNo=200009,https://culture.seoul.go.kr/cmmn/file/getImage.do?atchFileId=495e9820ebd94669970a6064a63f0167&thumb=Y,서울시 문화행사,,0.000685,8,2026-08-23 01:14:23
2026 광화문광장 달빛요가,광화문광장 육조마당,2026-08-05,2026-09-03,축제-관광/체육,종로구,https://culture.seoul.go.kr/culture/culture/cultureEvent/view.do?cultcode=158943&menuNo=200010,https://culture.seoul.go.kr/cmmn/file/getImage.do?atchFileId=09e71210e5494ef38bf8b987dc4d8665&thumb=Y,서울시 문화행사,,0.001183,13,2026-08-23 01:14:23
"[마포구립서강도서관] 8월/청년 Book Cx클래스 [떠나고, 쓰다 - 여행 에세이 쓰기]",마포구립서강도서관 3층 Book C,2026-08-05,2026-08-19,교육/체험,마포구,https://culture.seoul.go.kr/culture/culture/cultureEvent/view.do?cultcode=158623&menuNo=200011,https://culture.seoul.go.kr/cmmn/file/getImage.do?atchFileId=396847aec8a347ec8dcc5902fb177f34&thumb=Y,서울시 문화행사,,,,2026-08-23 01:14:23
[송파 청년아티스트센터] 3기 릴레이 개인전 [한낮의 먹구름] - 김문빈,송파 청년아티스트센터 지하1층 아트스페이스,2026-08-05,2026-08-19,전시/미술,송파구,https://culture.seoul.go.kr/culture/culture/cultureEvent/view.do?cultcode=158829&menuNo=200009,https://culture.seoul.go.kr/cmmn/file/getImage.do?atchFileId=b6267a1351d447e6984656c1ec665496&thumb=Y,서울시 문화행사,,,,2026-08-23 01:14:23
"[세종뮤지엄갤러리] 특별기획전 [인연因緣, 두 번째]","세종대학교 세종뮤지엄갤러리 1, 2관",2026-08-05,2026-08-16,전시/미술,광진구,https://culture.seoul.go.kr/culture/culture/cultureEvent/view.do?cultcode=158982&menuNo=200009,https://culture.seoul.go.kr/cmmn/file/getImage.do?atchFileId=f11414970b134fe1a28906df38778ade&thumb=Y,서울시 문화행사,,,,2026-08-23 01:14:23
2026 K컬쳐·공연 글로벌 마케팅 전문인력양성 아카데미 2기 참여자 모집,서울사이버대학교 및 대학로 일원,2026-08-05,2026-08-07,교육/체험,강북구,https://culture.seoul.go.kr/culture/culture/cultureEvent/view.do?cultcode=158541&menuNo=200011,https://culture.seoul.go.kr/cmmn/file/getImage.do?atchFileId=f638336db9fa4cec948a08aa82f13ee4&thumb=Y,서울시 문화행사,,,,2026-08-23 01:14:23
"[마포구립서강도서관] 8월/어린이 2026 어린이 여름 독서교실 [여름아, 읽자]",4층 어린이자료실 해봄,2026-08-05,2026-08-06,교육/체험,마포구,https://culture.seoul.go.kr/culture/culture/cultureEvent/view.do?cultcode=158617&menuNo=200011,https://culture.seoul.go.kr/cmmn/file/getImage.do?atchFileId=643b1c9b88a94620ad94d4220d6cc3ed&thumb=Y,서울시 문화행사,,,,2026-08-23 01:14:23
[서울도서관] 과연 눈으로 본 것이 사실일까? : 미디어 리터러시 강의 (김진 앵커),서울도서관 1층 생각마루,2026-08-05,2026-08-05,교육/체험,중구,https://culture.seoul.go.kr/culture/culture/cultureEvent/view.do?cultcode=158877&menuNo=200011,https://culture.seoul.go.kr/cmmn/file/getImage.do?atchFileId=91c0793272e941178a6cfe1d3222994d&thumb=Y,서울시 문화행사,,,,2026-08-23 01:14:23
"[구립증산도서관] 가죽붓, 문자그림 혁필화 원데이 클래스 [혁필화는 COOL하다!]",구립증산도서관 1층 문화교육실,2026-08-05,2026-08-05,교육/체험,은평구,https://culture.seoul.go.kr/culture/culture/cultureEvent/view.do?cultcode=158874&menuNo=200011,https://culture.seoul.go.kr/cmmn/file/getImage.do?atchFileId=5fc99a5bfb8d4678ac300e955f17c2d1&thumb=Y,서울시 문화행사,,,,2026-08-23 01:14:23
[서울문화재단] STEP-1 | 예술현장 A to Z 강의 [작가는 무엇을 어떻게 쓰는가: 시각예술가가 마주하는 다양한 글쓰기],서울문화재단 청년예술청 그레이홀,2026-08-05,2026-08-05,교육/체험,서대문구,https://culture.seoul.go.kr/culture/culture/cultureEvent/view.do?cultcode=158888&menuNo=200011,https://culture.seoul.go.kr/cmmn/file/getImage.do?atchFileId=6d97bc5ed29c4d2792544aa9d47f46cd&thumb=Y,서울시 문화행사,,,,2026-08-23 01:14:23
[서울시립교향악단] 작은 음악회_ 늘푸른나무복지관,늘푸른나무복지관 3층 대회의실,2026-08-05,2026-08-05,클래식,강서구,https://culture.seoul.go.kr/culture/culture/cultureEvent/view.do?cultcode=158878&menuNo=200008,https://culture.seoul.go.kr/cmmn/file/getImage.do?atchFileId=069772635eb74e73b444cc0b30521a28&thumb=Y,서울시 문화행사,,,,2026-08-23 01:14:23
[서울갤러리] 런치 스테이지 [첼리스트 빅바플],서울갤러리 지하 1층 공연장,2026-08-05,2026-08-05,콘서트,중구,https://culture.seoul.go.kr/culture/culture/cultureEvent/view.do?cultcode=158751&menuNo=200008,https://culture.seoul.go.kr/cmmn/file/getImage.do?atchFileId=f814060b748e4152a0364d956ccb8213&thumb=Y,서울시 문화행사,,,,2026-08-23 01:14:23
[노들섬] 오픈노들,노들섬,2026-08-04,2026-10-31,축제-문화/예술,용산구,https://culture.seoul.go.kr/culture/culture/cultureEvent/view.do?cultcode=158941&menuNo=200010,https://culture.seoul.go.kr/cmmn/file/getImage.do?atchFileId=30761e9c3ac048e1bcbe66f2f305da36&thumb=Y,서울시 문화행사,,0.338488,68,2026-08-23 01:14:23
[중랑문화재단] 2026 중랑아트센터 [나대기 예술아카데미] 8월 프로그램,중랑아트센터 프로그램실/시청각실,2026-08-04,2026-08-28,교육/체험,중랑구,https://culture.seoul.go.kr/culture/culture/cultureEvent/view.do?cultcode=158716&menuNo=200011,https://culture.seoul.go.kr/cmmn/file/getImage.do?atchFileId=4fef32d9a74743f5be4eb06080b2cad9&thumb=Y,서울시 문화행사,,,,2026-08-23 01:14:23
[서울시립 북서울미술관] 2026 대학(원)생 예비 에듀케이터 프로그램,서울시립 북서울미술관 B1 스튜디오2,2026-08-04,2026-08-28,교육/체험,노원구,https://culture.seoul.go.kr/culture/culture/cultureEvent/view.do?cultcode=158466&menuNo=200011,https://culture.seoul.go.kr/cmmn/file/getImage.do?atchFileId=21382883e5534a23a97300f3b837b386&thumb=Y,서울시 문화행사,,,,2026-08-23 01:14:23
[구립증산도서관] '8월 야간강좌' 직장인을 위한 NotebookLM200% 활용 실천,구립증산도서관 1층 문화교육실,2026-08-04,2026-08-25,교육/체험,은평구,https://culture.seoul.go.kr/culture/culture/cultureEvent/view.do?cultcode=158871&menuNo=200011,https://culture.seoul.go.kr/cmmn/file/getImage.do?atchFileId=8f18e5f649f9425599e635102701f607&thumb=Y,서울시 문화행사,,,,2026-08-23 01:14:23
JCC 건축탐방 : 안도 타다오 건축을 읽다,"JCC재능아트센터, 재능크리에이티브센터",2026-08-04,2026-08-25,교육/체험,종로구,https://culture.seoul.go.kr/culture/culture/cultureEvent/view.do?cultcode=158745&menuNo=200011,https://culture.seoul.go.kr/cmmn/file/getImage.do?atchFileId=051aea3fb5ab44bc9bc99bb0f46929a7&thumb=Y,서울시 문화행사,,,,2026-08-23 01:14:23
[영등포문화재단] 클래식 입문 시리즈 [여름밤 클래식],영등포아트홀,2026-08-04,2026-08-22,클래식,영등포구,https://culture.seoul.go.kr/culture/culture/cultureEvent/view.do?cultcode=158333&menuNo=200008,https://culture.seoul.go.kr/cmmn/file/getImage.do?atchFileId=161fadd1c39e4dbaa214f9c62f8f5024&thumb=Y,서울시 문화행사,,0.072056,53,2026-08-23 01:14:23
차슬아 개인전 [동굴로],크리스프 웨지,2026-08-04,2026-08-17,전시/미술,마포구,https://culture.seoul.go.kr/culture/culture/cultureEvent/view.do?cultcode=158858&menuNo=200009,https://culture.seoul.go.kr/cmmn/file/getImage.do?atchFileId=1de149be80ba4b8b8e2f98b02fd1d513&thumb=Y,서울시 문화행사,,,,2026-08-23 01:14:23
[서울상상나라] 제2기 초등연극학교 : 슈퍼 파워 상상에너지,서울상상나라 B1표현놀이실,2026-08-04,2026-08-14,교육/체험,광진구,https://culture.seoul.go.kr/culture/culture/cultureEvent/view.do?cultcode=158665&menuNo=200011,https://culture.seoul.go.kr/cmmn/file/getImage.do?atchFileId=c021cd2084664e36b11a2297d7db8e3e&thumb=Y,서울시 문화행사,,,,2026-08-23 01:14:23
2026 4인 4색 Artist Masterclass Series - 윤정열 개인전,"미림아트갤러리(인사동길 11-1, 3F)",2026-08-04,2026-08-09,전시/미술,종로구,https://culture.seoul.go.kr/culture/culture/cultureEvent/view.do?cultcode=158949&menuNo=200009,https://culture.seoul.go.kr/cmmn/file/getImage.do?atchFileId=4c21f57ab6634c859160213a88e2b381&thumb=Y,서울시 문화행사,,,,2026-08-23 01:14:23
[서울시립과학관] 2026 여름방학 교육 프로그램 [여름방학 특강],"서울시립과학관 2,3,4교육실",2026-08-04,2026-08-07,교육/체험,노원구,https://culture.seoul.go.kr/culture/culture/cultureEvent/view.do?cultcode=158706&menuNo=200011,https://culture.seoul.go.kr/cmmn/file/getImage.do?atchFileId=60b1ea86c5784d85b9dfbc9da3728870&thumb=Y,서울시 문화행사,,,,2026-08-23 01:14:23
[서울시립 남서울미술관] 《권진규의 영원한 집》 연계 프로그램 [우리는 미술관에서 AI와 철학한다],서울시립 남서울미술관(서울시 관악구 남부순환로 2076),2026-08-04,2026-08-07,교육/체험,관악구,https://culture.seoul.go.kr/culture/culture/cultureEvent/view.do?cultcode=158652&menuNo=200011,https://culture.seoul.go.kr/cmmn/file/getImage.do?atchFileId=bfcf3a679b6d4320a4909bb84e1eae66&thumb=Y,서울시 문화행사,,,,2026-08-23 01:14:23
"천예나 피아노 독주회 - Chopin, 그 시적인 순간들",세종체임버홀,2026-08-04,2026-08-04,독주/독창회,종로구,https://culture.seoul.go.kr/culture/culture/cultureEvent/view.do?cultcode=158668&menuNo=200008,https://culture.seoul.go.kr/cmmn/file/getImage.do?atchFileId=d36af8a3debc45b299bbbb27386f54c5&thumb=Y,서울시 문화행사,,0.012949,36,2026-08-23 01:14:23
[서울시립교향악단] 우리동네 실내악-영등포 아트홀,영등포 아트홀,2026-08-04,2026-08-04,클래식,영등포구,https://culture.seoul.go.kr/culture/culture/cultureEvent/view.do?cultcode=158732&menuNo=200008,https://culture.seoul.go.kr/cmmn/file/getImage.do?atchFileId=ecac34a0c4ed4be4b5db244b2b2c4074&thumb=Y,서울시 문화행사,,0.072056,53,2026-08-23 01:14:23
[강북문화재단] 2026 코르딕 커넥션 프로젝트 [베이비 오페라 전문 워크숍],강북문화예술회관 강북진달래홀,2026-08-04,2026-08-04,교육/체험,강북구,https://culture.seoul.go.kr/culture/culture/cultureEvent/view.do?cultcode=158637&menuNo=200011,https://culture.seoul.go.kr/cmmn/file/getImage.do?atchFileId=08e02389a0ec476295b0ad9ea1fdb05f&thumb=Y,서울시 문화행사,,0.000436,3,2026-08-23 01:14:23
앙상블 에스프리 제9회 정기연주회,예술의전당 IBK챔버홀,2026-08-04,2026-08-04,클래식,서초구,https://culture.seoul.go.kr/culture/culture/cultureEvent/view.do?cultcode=158821&menuNo=200008,https://culture.seoul.go.kr/cmmn/file/getImage.do?atchFileId=195d00fd945e47ba88ccb843112062e9&thumb=Y,서울시 문화행사,,0.000934,11,2026-08-23 01:14:23
[구립증산도서관] 비밀책방 [취향을 발견하는 청소년 독서 구독],구립증산도서관 2층 사서실,2026-08-03,2026-11-26,교육/체험,은평구,https://culture.seoul.go.kr/culture/culture/cultureEvent/view.do?cultcode=158868&menuNo=200011,https://culture.seoul.go.kr/cmmn/file/getImage.do?atchFileId=1579eb71b52746e08c3e5918186e0b77&thumb=Y,서울시 문화행사,,,,2026-08-23 01:14:23
"[구립증산도서관] '도서관은 쿨하다' 시원한 여름, 스마트폰으로 담는 쿨한 우리 동네",구립증산도서관 1층 문화교육실,2026-08-03,2026-08-31,교육/체험,은평구,https://culture.seoul.go.kr/culture/culture/cultureEvent/view.do?cultcode=158870&menuNo=200011,https://culture.seoul.go.kr/cmmn/file/getImage.do?atchFileId=b353a0c08b514674a7c5664f49ff330d&thumb=Y,서울시 문화행사,,,,2026-08-23 01:14:23
[강남구 평생학습센터] 2026 온가족 여름방학 특강,강남구 평생학습센터,2026-08-03,2026-08-13,교육/체험,강남구,https://culture.seoul.go.kr/culture/culture/cultureEvent/view.do?cultcode=158641&menuNo=200011,https://culture.seoul.go.kr/cmmn/file/getImage.do?atchFileId=fb7822527a5d46d0888023fdfe3ee8e5&thumb=Y,서울시 문화행사,,0.014643,38,2026-08-23 01:14:23
[서울시립교향악단] 2026년 문화나눔 - 서울시립교향악단 [작은 음악회],서울시립북부장애인종합복지관 3층 강당,2026-08-03,2026-08-03,클래식,노원구,https://culture.seoul.go.kr/culture/culture/cultureEvent/view.do?cultcode=158701&menuNo=200008,https://culture.seoul.go.kr/cmmn/file/getImage.do?atchFileId=3de649d786e74dcdbcd3d9d5f73b5978&thumb=Y,서울시 문화행사,,,,2026-08-23 01:14:23
전시 [리빙포인트],주석모음집,2026-08-02,2026-08-23,전시/미술,종로구,https://culture.seoul.go.kr/culture/culture/cultureEvent/view.do?cultcode=158959&menuNo=200009,https://culture.seoul.go.kr/cmmn/file/getImage.do?atchFileId=1de58789f23a4fa2969c99560f95a547&thumb=Y,서울시 문화행사,,,,2026-08-23 01:14:23
[서울시청] 쉬엄쉬엄 모닝 ,광나루 자전거 공원,2026-08-02,2026-08-09,축제-관광/체육,강동구,https://culture.seoul.go.kr/culture/culture/cultureEvent/view.do?cultcode=158903&menuNo=200010,https://culture.seoul.go.kr/cmmn/file/getImage.do?atchFileId=142a415b6df746a7a96d794585b7fce7&thumb=Y,서울시 문화행사,,0.007072,31,2026-08-23 01:14:23
[서울무형유산교육전시장] 2026년 2차 일반교육 모집안내(18주),서울무형유산 교육전시장,2026-08-01,2026-12-31,교육/체험,종로구,https://culture.seoul.go.kr/culture/culture/cultureEvent/view.do?cultcode=158477&menuNo=200011,https://culture.seoul.go.kr/cmmn/file/getImage.do?atchFileId=6d9ed4c6c80d4f92b67f169b499a1ce3&thumb=Y,서울시 문화행사,,0.005989,29,2026-08-23 01:14:23
"[서울문화재단] 큰 즐거움이 있는 길, [대-락(樂)로]",서울연극센터 1층 라운지,2026-08-01,2026-11-21,축제-문화/예술,종로구,https://culture.seoul.go.kr/culture/culture/cultureEvent/view.do?cultcode=158930&menuNo=200010,https://culture.seoul.go.kr/cmmn/file/getImage.do?atchFileId=55536e1876f8496dbc48d7adcb9009df&thumb=Y,서울시 문화행사,,,,2026-08-23 01:14:23
[중구문화재단] 뮤지컬 [디어 에반 핸슨],충무아트센터,2026-08-01,2026-11-01,뮤지컬/오페라,중구,https://culture.seoul.go.kr/culture/culture/cultureEvent/view.do?cultcode=158529&menuNo=200008,https://culture.seoul.go.kr/cmmn/file/getImage.do?atchFileId=19fb5eb0e087415984110cf261bd84bb&thumb=Y,서울시 문화행사,,0.389364,70,2026-08-23 01:14:23
[광진문화재단] 2026 생활밀착형 문화예술교육 지원사업 [가가호호(家家好好)] - 광진 ,광진생활문화센터 5F,2026-08-01,2026-11-01,교육/체험,광진구,https://culture.seoul.go.kr/culture/culture/cultureEvent/view.do?cultcode=158986&menuNo=200011,https://culture.seoul.go.kr/cmmn/file/getImage.do?atchFileId=32b51532623942c58edee6f7c82549de&thumb=Y,서울시 문화행사,,,,2026-08-23 01:14:23
[B the B] 라라레서피 x MeME 작가 [WANTED: Protect Your Energy],"비더비 UP-TOWN (울시 중구 을지로 281, DDP마켓 지하2층)",2026-08-01,2026-09-30,전시/미술,중구,https://culture.seoul.go.kr/culture/culture/cultureEvent/view.do?cultcode=159102&menuNo=200009,https://culture.seoul.go.kr/cmmn/file/getImage.do?atchFileId=347d574d5a9e46c5b5c5c84fbd8f2935&thumb=Y,서울시 문화행사,,,,2026-08-23 01:14:23
[서울상상나라] 두들팝,상상나라극장,2026-08-01,2026-09-20,뮤지컬/오페라,광진구,https://culture.seoul.go.kr/culture/culture/cultureEvent/view.do?cultcode=158709&menuNo=200008,https://culture.seoul.go.kr/cmmn/file/getImage.do?atchFileId=d2605387b9204faaaae87a2f4a051181&thumb=Y,서울시 문화행사,,0.019001,40,2026-08-23 01:14:23
DDP 버스킹 8월 공연 일정 안내,"DDP 어울림광장, 팔거리",2026-08-01,2026-08-31,콘서트,중구,https://culture.seoul.go.kr/culture/culture/cultureEvent/view.do?cultcode=158780&menuNo=200008,https://culture.seoul.go.kr/cmmn/file/getImage.do?atchFileId=fd140b9f9b5d4750924ef5fbb40f43b9&thumb=Y,서울시 문화행사,,,,2026-08-23 01:14:23
[송파 청년아티스트센터] 예술가와 함께하는 풍납 탐구 생활 8월 프로그램,송파 청년아티스트센터 1층,2026-08-01,2026-08-31,교육/체험,송파구,https://culture.seoul.go.kr/culture/culture/cultureEvent/view.do?cultcode=158705&menuNo=200011,https://culture.seoul.go.kr/cmmn/file/getImage.do?atchFileId=30a7b504663f4c049ad731355eb8adb0&thumb=Y,서울시 문화행사,,,,2026-08-23 01:14:23
[마포구립서강도서관] 8월 문화프로그램 안내,마포구립서강도서관,2026-08-01,2026-08-31,교육/체험,마포구,https://culture.seoul.go.kr/culture/culture/cultureEvent/view.do?cultcode=158767&menuNo=200011,https://culture.seoul.go.kr/cmmn/file/getImage.do?atchFileId=056c162805284b66aebc7e900da8f795&thumb=Y,서울시 문화행사,,0.013559,37,2026-08-23 01:14:23
[마포구립서강도서관] 2026년 도서관은 쿨하다 특별전시 [내 손 안의 갤러리],마포구립서강도서관 5층 종합자료실 벽면 서가,2026-08-01,2026-08-31,전시/미술,마포구,https://culture.seoul.go.kr/culture/culture/cultureEvent/view.do?cultcode=158946&menuNo=200009,https://culture.seoul.go.kr/cmmn/file/getImage.do?atchFileId=1b2fc660f8dc4722ba49adb73cfe06f4&thumb=Y,서울시 문화행사,,,,2026-08-23 01:14:23
"[구립증산도서관] 가족열람실 8월 북큐레이션 [같이 보자, 여름 풍경]",증산구립도서관 3층 가족열람실,2026-08-01,2026-08-31,전시/미술,은평구,https://culture.seoul.go.kr/culture/culture/cultureEvent/view.do?cultcode=159019&menuNo=200009,https://culture.seoul.go.kr/cmmn/file/getImage.do?atchFileId=6dc0d4a86ec242ccae065dc4fe13f350&thumb=Y,서울시 문화행사,,,,2026-08-23 01:14:23
[마포구립서강도서관] 8월/팟캐스트 서강도서관 피셜 70회 [오늘의 목적지는 스페인입니다],팟빵(온라인),2026-08-01,2026-08-31,기타,마포구,https://culture.seoul.go.kr/culture/culture/cultureEvent/view.do?cultcode=158939&menuNo=200013,https://culture.seoul.go.kr/cmmn/file/getImage.do?atchFileId=1b5578c735a04b7f8f3b11287c58d248&thumb=Y,서울시 문화행사,,,,2026-08-23 01:14:23
[서울시립 미술아카이브] 예술가의 놀이터,서울시립 미술아카이브 배움동 2층 모두의 교실,2026-08-01,2026-08-30,교육/체험,종로구,https://culture.seoul.go.kr/culture/culture/cultureEvent/view.do?cultcode=158978&menuNo=200011,https://culture.seoul.go.kr/cmmn/file/getImage.do?atchFileId=e18190c725a14688bef4965964f7001e&thumb=Y,서울시 문화행사,,,,2026-08-23 01:14:23
2026 보신각 달빛 타종행사,보신각 일원,2026-08-01,2026-08-29,축제-전통/역사,종로구,https://culture.seoul.go.kr/culture/culture/cultureEvent/view.do?cultcode=158985&menuNo=200010,https://culture.seoul.go.kr/cmmn/file/getImage.do?atchFileId=bc71635b16b348c281f37fc7102643f1&thumb=Y,서울시 문화행사,,,,2026-08-23 01:14:23
[마포구립서강도서관] 8월/어린이메이킹 [해봄아 노올자!] 해봄맘껏Time,마포구립서강도서관 4층 어린이자료실 내 해봄,2026-08-01,2026-08-29,교육/체험,마포구,https://culture.seoul.go.kr/culture/culture/cultureEvent/view.do?cultcode=158806&menuNo=200011,https://culture.seoul.go.kr/cmmn/file/getImage.do?atchFileId=121043c1549f4c39b76ba6a70753ee26&thumb=Y,서울시 문화행사,,,,2026-08-23 01:14:23
[구립증산도서관] 8월 테마전시체험전 - 테마로 즐기는 도서관 II [고양이 찻집],구립증산도서관 지하 1층 북갤러리 및 3층 가족열람실,2026-08-01,2026-08-26,전시/미술,은평구,https://culture.seoul.go.kr/culture/culture/cultureEvent/view.do?cultcode=159016&menuNo=200009,https://culture.seoul.go.kr/cmmn/file/getImage.do?atchFileId=19680415d3194f82a2fc7d40af65d2ae&thumb=Y,서울시 문화행사,,,,2026-08-23 01:14:23
"[구립증산도서관] 책 따라 걷는 도서관 - 8월 원화 전시 [나, 주먹밥]",구립증산도서관 1층 로비 및 3층 어린이열람실,2026-08-01,2026-08-24,전시/미술,은평구,https://culture.seoul.go.kr/culture/culture/cultureEvent/view.do?cultcode=159025&menuNo=200009,https://culture.seoul.go.kr/cmmn/file/getImage.do?atchFileId=74462e152d7641cf884e615526ad9e42&thumb=Y,서울시 문화행사,,,,2026-08-23 01:14:23
[2026 신진미술인 지원 프로그램] 안상범 개인전 《블랙 박스》,"LDK.DT (서울시 용산구 한남동 653-4, 지하)",2026-08-01,2026-08-24,전시/미술,용산구,https://culture.seoul.go.kr/culture/culture/cultureEvent/view.do?cultcode=158976&menuNo=200009,https://culture.seoul.go.kr/cmmn/file/getImage.do?atchFileId=f40f15ff99ed4970ba3ef2633b177902&thumb=Y,서울시 문화행사,,,,2026-08-23 01:14:23
2026 문화역서울284 8월 내부 공간투어,문화역서울284,2026-08-01,2026-08-16,전시/미술,중구,https://culture.seoul.go.kr/culture/culture/cultureEvent/view.do?cultcode=158851&menuNo=200009,https://culture.seoul.go.kr/cmmn/file/getImage.do?atchFileId=b6ebc1fea3e24bcaa1a6df65674a909a&thumb=Y,서울시 문화행사,,0.094605,56,2026-08-23 01:14:23
[미래한강본부] 2026 한강페스티벌-여름 [Hangang River Festival-Summer],"한강 수상과 9개 한강공원 일대(망원, 잠실, 양화, 난지 중심)",2026-08-01,2026-08-16,축제-기타,마포구,https://culture.seoul.go.kr/culture/culture/cultureEvent/view.do?cultcode=158429&menuNo=200010,https://culture.seoul.go.kr/cmmn/file/getImage.do?atchFileId=60c35889e8934c82acce7cde270ee0a6&thumb=Y,서울시 문화행사,,,,2026-08-23 01:14:23
박정호 개인전 [빛; 스며들다],온에어갤러리,2026-08-01,2026-08-09,전시/미술,서대문구,https://culture.seoul.go.kr/culture/culture/cultureEvent/view.do?cultcode=158931&menuNo=200009,https://culture.seoul.go.kr/cmmn/file/getImage.do?atchFileId=ae3de239e99b4819b0433e696f1f0e08&thumb=Y,서울시 문화행사,,0.00249,20,2026-08-23 01:14:23
[세종문화회관] 코드세시 on Sync Next 26,세종S씨어터,2026-08-01,2026-08-03,기타,종로구,https://culture.seoul.go.kr/culture/culture/cultureEvent/view.do?cultcode=158700&menuNo=200013,https://culture.seoul.go.kr/cmmn/file/getImage.do?atchFileId=bffcb93c7fd540be90c9f639d44b13db&thumb=Y,서울시 문화행사,,0.002528,20,2026-08-23 01:14:23
2026 아시테지 국제여름축제 [내 친구 송아지],종로 아이들극장,2026-08-01,2026-08-02,연극,종로구,https://culture.seoul.go.kr/culture/culture/cultureEvent/view.do?cultcode=158570&menuNo=200008,https://culture.seoul.go.kr/cmmn/file/getImage.do?atchFileId=ee312bb7b3774d27ac2cd0c09c6ff79e&thumb=Y,서울시 문화행사,,0.020009,41,2026-08-23 01:14:23
[서울아트책보고] 천하제일덕질비평대회 [덕질비평 백일장] 다 울었니? 이제 덕력을 쓰자,서울아트책보고 북카페,2026-08-01,2026-08-01,교육/체험,구로구,https://culture.seoul.go.kr/culture/culture/cultureEvent/view.do?cultcode=158580&menuNo=200011,https://culture.seoul.go.kr/cmmn/file/getImage.do?atchFileId=55564a9f8a624107a2a41f1f3950da26&thumb=Y,서울시 문화행사,,,,2026-08-23 01:14:23
[서울갤러리] 런치 스테이지 [싱어송라이터 사운드힐즈],서울갤러리 지하 1층 공연장,2026-08-01,2026-08-01,콘서트,중구,https://culture.seoul.go.kr/culture/culture/cultureEvent/view.do?cultcode=158750&menuNo=200008,https://culture.seoul.go.kr/cmmn/file/getImage.do?atchFileId=b42cfe5cd32d46558a52cbcb06f1c46b&thumb=Y,서울시 문화행사,,,,2026-08-23 01:14:23
[서울역사박물관] 2026년 제4회 박물관 토요음악회 [서울역사박물관 문화스테이지-삼현(三絃)],서울역사박물관 1층 로비,2026-08-01,2026-08-01,콘서트,종로구,https://culture.seoul.go.kr/culture/culture/cultureEvent/view.do?cultcode=158790&menuNo=200008,https://culture.seoul.go.kr/cmmn/file/getImage.do?atchFileId=687f769869a849b9ac2cab6c847f1ad7&thumb=Y,서울시 문화행사,,,,2026-08-23 01:14:23
"[구로문화재단] 명화해설음악회 [도슨트와 함께, 음악으로 잠시 쉬어가다.]",구로창의아트홀,2026-08-01,2026-08-01,클래식,구로구,https://culture.seoul.go.kr/culture/culture/cultureEvent/view.do?cultcode=158520&menuNo=200008,https://culture.seoul.go.kr/cmmn/file/getImage.do?atchFileId=cc34bbb8a7c14c3bb83f568f92144372&thumb=Y,서울시 문화행사,,0.016697,39,2026-08-23 01:14:23
2026 카오스 콘서트 : 인긴-인간-인갼,연세대 백주년기념관 콘서트홀,2026-08-01,2026-08-01,콘서트,서대문구,https://culture.seoul.go.kr/culture/culture/cultureEvent/view.do?cultcode=158452&menuNo=200008,https://culture.seoul.go.kr/cmmn/file/getImage.do?atchFileId=dcff30136e6b4139b2651ac76f9bad10&thumb=Y,서울시 문화행사,,0.001843,17,2026-08-23 01:14:23
2026 아뜰리에 광화 [세종뜨락 작은 영화관],세종문화회관 세종뜨락,2026-08-01,2026-08-01,영화,종로구,https://culture.seoul.go.kr/culture/culture/cultureEvent/view.do?cultcode=158647&menuNo=200013,https://culture.seoul.go.kr/cmmn/file/getImage.do?atchFileId=6c9791ca4b944ff8b6ad64029a3a353e&thumb=Y,서울시 문화행사,,,,2026-08-23 01:14:23
[라율 영재&영아티스트] 최아인 첼로 독주회,라율아트홀,2026-08-01,2026-08-01,독주/독창회,서초구,https://culture.seoul.go.kr/culture/culture/cultureEvent/view.do?cultcode=158485&menuNo=200008,https://culture.seoul.go.kr/cmmn/file/getImage.do?atchFileId=8efb1adcb2604ab8b46b688da121599d&thumb=Y,서울시 문화행사,,0.012015,36,2026-08-23 01:14:23
[구립증산도서관] KSD나눔재단 찾아가는 금융교육 [디지털 금융 파헤치기],구립증산도서관 ,2026-08-01,2026-08-01,교육/체험,은평구,https://culture.seoul.go.kr/culture/culture/cultureEvent/view.do?cultcode=158872&menuNo=200011,https://culture.seoul.go.kr/cmmn/file/getImage.do?atchFileId=a63a1fa254484a00bf18246103275270&thumb=Y,서울시 문화행사,,0.027492,44,2026-08-23 01:14:23
[서울무용창작센터 정기대관 공연] 툇마루무용단 [2026 툇마루무용단 KNOCK VER.2],서울무용창작센터 (서울문화예술교육센터은평),2026-08-01,2026-08-01,무용,은평구,https://culture.seoul.go.kr/culture/culture/cultureEvent/view.do?cultcode=158882&menuNo=200008,https://culture.seoul.go.kr/cmmn/file/getImage.do?atchFileId=c73071332e524b91888eb7ed0f74207a&thumb=Y,서울시 문화행사,,,,2026-08-23 01:14:23
[서울문화예술교육센터 은평] 춤추는 라운지 [말랑말랑 UFO 연구소 - 꿈꾸는 몸을 찾아서],서울문화예술교육센터 은평 댄스스튜디오2,2026-08-01,2026-08-01,교육/체험,은평구,https://culture.seoul.go.kr/culture/culture/cultureEvent/view.do?cultcode=158891&menuNo=200011,https://culture.seoul.go.kr/cmmn/file/getImage.do?atchFileId=8f5bccab6d7a4e0085f5d258d2863889&thumb=Y,서울시 문화행사,,,,2026-08-23 01:14:23
루시어콘서트 : 마드리드 공방의 초대,파르티타홀,2026-08-01,2026-08-01,콘서트,서초구,https://culture.seoul.go.kr/culture/culture/cultureEvent/view.do?cultcode=158612&menuNo=200008,https://culture.seoul.go.kr/cmmn/file/getImage.do?atchFileId=77ac6f379dcd4b14a9aa517932b6f2a3&thumb=Y,서울시 문화행사,,,,2026-08-23 01:14:23
[문화살롱 5120] 공유시선 선정 전시 [On Body Senses],문화살롱 5120,2026-07-31,2026-09-05,전시/미술,노원구,https://culture.seoul.go.kr/culture/culture/cultureEvent/view.do?cultcode=158885&menuNo=200009,https://culture.seoul.go.kr/cmmn/file/getImage.do?atchFileId=11892125a6f84bf48967760b6ed91541&thumb=Y,서울시 문화행사,,0.000311,0,2026-08-23 01:14:23
DDP 바캉스: 뮤직페스티벌,DDP 어울림광장,2026-07-31,2026-08-02,축제-문화/예술,동대문구,https://culture.seoul.go.kr/culture/culture/cultureEvent/view.do?cultcode=158743&menuNo=200010,https://culture.seoul.go.kr/cmmn/file/getImage.do?atchFileId=c5b8af643af049308d633f9bed641a5d&thumb=Y,서울시 문화행사,,0.007994,32,2026-08-23 01:14:23
[관악문화재단] 상주단체시리즈 1 : 뮤지컬 [왕세자실종사건],관악아트홀 공연장,2026-07-31,2026-08-01,뮤지컬/오페라,관악구,https://culture.seoul.go.kr/culture/culture/cultureEvent/view.do?cultcode=158630&menuNo=200008,https://culture.seoul.go.kr/cmmn/file/getImage.do?atchFileId=b6297144429d44a893e12ea296cfe8c9&thumb=Y,서울시 문화행사,,,,2026-08-23 01:14:23
2026년 야간 공연 관람권_[진노 震怒],예술공간 혜화,2026-07-31,2026-07-31,연극,종로구,https://culture.seoul.go.kr/culture/culture/cultureEvent/view.do?cultcode=158599&menuNo=200008,https://culture.seoul.go.kr/cmmn/file/getImage.do?atchFileId=b836a3a1b6674fe1aa51f87e761e4daa&thumb=Y,서울시 문화행사,,0.003001,22,2026-08-23 01:14:23
피아니스트 고예린 & 김경진 듀오 리사이틀,세종체임버홀,2026-07-31,2026-07-31,클래식,종로구,https://culture.seoul.go.kr/culture/culture/cultureEvent/view.do?cultcode=158669&menuNo=200008,https://culture.seoul.go.kr/cmmn/file/getImage.do?atchFileId=b3b0181cdd47408093b744f80d1aa05d&thumb=Y,서울시 문화행사,,0.012949,36,2026-08-23 01:14:23
[서울책보고] 7월 모여보고,서울책보고 라운지,2026-07-31,2026-07-31,교육/체험,송파구,https://culture.seoul.go.kr/culture/culture/cultureEvent/view.do?cultcode=158742&menuNo=200011,https://culture.seoul.go.kr/cmmn/file/getImage.do?atchFileId=caace50e51f243e08b4769e22404d5d7&thumb=Y,서울시 문화행사,,,,2026-08-23 01:14:23
[서울백제어린이박물관] 제35회 송파구 박물관 나들이,"서울백제어린이박물관, 더 갤러리 호수, 소마미술관 등",2026-07-30,2026-08-30,교육/체험,송파구,https://culture.seoul.go.kr/culture/culture/cultureEvent/view.do?cultcode=159030&menuNo=200011,https://culture.seoul.go.kr/cmmn/file/getImage.do?atchFileId=d7bbe2725c4542ba8592de73114af619&thumb=Y,서울시 문화행사,,,,2026-08-23 01:14:23
[민주화운동기념관] 방학 가족 교육프로그램 [모두의 가치! 민주적인 우리 가족],민주화운동기념관 E(교육동) 3층 교육실,2026-07-30,2026-08-06,교육/체험,용산구,https://culture.seoul.go.kr/culture/culture/cultureEvent/view.do?cultcode=158883&menuNo=200011,https://culture.seoul.go.kr/cmmn/file/getImage.do?atchFileId=5699a1bd207745868ad6a407473c6567&thumb=Y,서울시 문화행사,,,,2026-08-23 01:14:23
[언더스탠드에비뉴] 아트스탠드 전시 [Re:member],언더스탠드에비뉴 아트스탠드,2026-07-30,2026-08-03,전시/미술,성동구,https://culture.seoul.go.kr/culture/culture/cultureEvent/view.do?cultcode=158734&menuNo=200009,https://culture.seoul.go.kr/cmmn/file/getImage.do?atchFileId=0eed5773867640649389934ac1f6698c&thumb=Y,서울시 문화행사,,0.000591,6,2026-08-23 01:14:23
서울일러스트레이션페어V.21,서울 코엑스 C홀,2026-07-30,2026-08-02,전시/미술,강남구,https://culture.seoul.go.kr/culture/culture/cultureEvent/view.do?cultcode=157622&menuNo=200009,https://culture.seoul.go.kr/cmmn/file/getImage.do?atchFileId=58458ce3d82141a4bf0e8e612233a372&thumb=Y,서울시 문화행사,,0.001307,14,2026-08-23 01:14:23
2026 국립극장 어린이 예술학교 여름방학 2기,국립극장 별관 별별예술마루,2026-07-30,2026-08-01,교육/체험,중구,https://culture.seoul.go.kr/culture/culture/cultureEvent/view.do?cultcode=158398&menuNo=200011,https://culture.seoul.go.kr/cmmn/file/getImage.do?atchFileId=fde1517db9d540e9ba369cfbe3b2a805&thumb=Y,서울시 문화행사,,,,2026-08-23 01:14:23
2026 국제수면치유박람회,"삼성동 코엑스 B홀, 컨퍼런스 룸 (서울 강남구 영동대로 513 코엑스 1층 B홀 전관)",2026-07-30,2026-08-01,축제-기타,강남구,https://culture.seoul.go.kr/culture/culture/cultureEvent/view.do?cultcode=158679&menuNo=200010,https://culture.seoul.go.kr/cmmn/file/getImage.do?atchFileId=41fd0d68854841628087b0681fb971ca&thumb=Y,서울시 문화행사,,0.003175,23,2026-08-23 01:14:23
제25회 송파구립 청소년 교향악단 정기연주회 : 세헤라자데,송파문화예술회관 아트홀,2026-07-30,2026-07-30,클래식,송파구,https://culture.seoul.go.kr/culture/culture/cultureEvent/view.do?cultcode=158640&menuNo=200008,https://culture.seoul.go.kr/cmmn/file/getImage.do?atchFileId=e756993753654d088ca6d6d83affec94&thumb=Y,서울시 문화행사,,0.000436,3,2026-08-23 01:14:23
[서울책보고] 작가들토크 with 한국과학소설작가연대 [SF작가의 사생활 - 어쩌다 보니 SF작가가 되어버렸어],서울책보고 라운지,2026-07-30,2026-07-30,교육/체험,송파구,https://culture.seoul.go.kr/culture/culture/cultureEvent/view.do?cultcode=158655&menuNo=200011,https://culture.seoul.go.kr/cmmn/file/getImage.do?atchFileId=27f0cdd557a04872b2990eedf22ee014&thumb=Y,서울시 문화행사,,,,2026-08-23 01:14:23
조종현 귀국 클라리넷 독주회,세종체임버홀,2026-07-30,2026-07-30,독주/독창회,종로구,https://culture.seoul.go.kr/culture/culture/cultureEvent/view.do?cultcode=158670&menuNo=200008,https://culture.seoul.go.kr/cmmn/file/getImage.do?atchFileId=724462d0895449cb9f6d1c03204b99cb&thumb=Y,서울시 문화행사,,0.012949,36,2026-08-23 01:14:23
[동작문화재단] 2026 상도어울마당 아트홀 하반기 정기 기획공연 [아트 박스 콘서트],상도어울마당 아트홀,2026-07-29,2026-12-12,콘서트,동작구,https://culture.seoul.go.kr/culture/culture/cultureEvent/view.do?cultcode=158715&menuNo=200008,https://culture.seoul.go.kr/cmmn/file/getImage.do?atchFileId=ed002abef6bd4d26a7ed545f9a4561b2&thumb=Y,서울시 문화행사,,0.00042,3,2026-08-23 01:14:23
[서울시립 남서울미술관] 2026년 한국 대표 조각가전 《조숙진: 지나가는 자리》,"서울시립 남서울미술관 1층 야외, 2층 전시실",2026-07-29,2026-11-15,전시/미술,관악구,https://culture.seoul.go.kr/culture/culture/cultureEvent/view.do?cultcode=158469&menuNo=200009,https://culture.seoul.go.kr/cmmn/file/getImage.do?atchFileId=aed5b82f656b4da18eed358532b288ae&thumb=Y,서울시 문화행사,,,,2026-08-23 01:14:23
[서울생활문화센터 체부] 길 위의 인문학 [노래와 예술로 만나는 인문학적 질문들],서울생활문화센터 체부 체부홀,2026-07-29,2026-08-26,교육/체험,종로구,https://culture.seoul.go.kr/culture/culture/cultureEvent/view.do?cultcode=158678&menuNo=200011,https://culture.seoul.go.kr/cmmn/file/getImage.do?atchFileId=c3d63ffdcbf84eba865abb14c7240eef&thumb=Y,서울시 문화행사,,,,2026-08-23 01:14:23
[청계천박물관] 2026년 여름방학 가족 교육 [청계천 시장에 가면],청계천박물관 지하 1층 교육실 (서울특별시 성동구 청계천로 530),2026-07-29,2026-08-13,교육/체험,성동구,https://culture.seoul.go.kr/culture/culture/cultureEvent/view.do?cultcode=158658&menuNo=200011,https://culture.seoul.go.kr/cmmn/file/getImage.do?atchFileId=b6fd1be96a5a46d8a52e1db5deab7074&thumb=Y,서울시 문화행사,,,,2026-08-23 01:14:23
2026 S1472 공간지원 기획사업 [공간드림 1472] 선정작가 전시 [프로젝트527 : 잠 못 이루는 밤의 갤러리],관천로 문화플랫폼 S1472,2026-07-29,2026-08-12,전시/미술,관악구,https://culture.seoul.go.kr/culture/culture/cultureEvent/view.do?cultcode=158928&menuNo=200009,https://culture.seoul.go.kr/cmmn/file/getImage.do?atchFileId=43514f9faeb5415e8311a07dfb0ee2f6&thumb=Y,서울시 문화행사,,,,2026-08-23 01:14:23
2026 지식정보 취약계층 도서관서비스 개선사업 [다양성 탐험대 : AI와 함께하는 문화다양성 이해],성현동작은도서관 미디어실,2026-07-29,2026-08-06,교육/체험,관악구,https://culture.seoul.go.kr/culture/culture/cultureEvent/view.do?cultcode=158545&menuNo=200011,https://culture.seoul.go.kr/cmmn/file/getImage.do?atchFileId=988d60f29d6141dc94700e190ee12ba8&thumb=Y,서울시 문화행사,,,,2026-08-23 01:14:23
2026 대한민국 우표전시회,동대문디자인플라자(DDP) 이간수문 전시장,2026-07-29,2026-08-02,전시/미술,중구,https://culture.seoul.go.kr/culture/culture/cultureEvent/view.do?cultcode=158769&menuNo=200009,https://culture.seoul.go.kr/cmmn/file/getImage.do?atchFileId=6efbbfdac79e429a9f07f5637586e671&thumb=Y,서울시 문화행사,,0.010661,35,2026-08-23 01:14:23
2026 아시테지 국제여름축제 [랑랑별 때때롱],종로 아이들극장,2026-07-29,2026-07-30,연극,종로구,https://culture.seoul.go.kr/culture/culture/cultureEvent/view.do?cultcode=158569&menuNo=200008,https://culture.seoul.go.kr/cmmn/file/getImage.do?atchFileId=726b4a69e8db45a6bf258179f10b3fe6&thumb=Y,서울시 문화행사,,0.020009,41,2026-08-23 01:14:23
[서울갤러리] 런치 스테이지 [ 싱어송라이터 이훈주],서울갤러리 지하 1층 공연장,2026-07-29,2026-07-29,콘서트,중구,https://culture.seoul.go.kr/culture/culture/cultureEvent/view.do?cultcode=158536&menuNo=200008,https://culture.seoul.go.kr/cmmn/file/getImage.do?atchFileId=0e192a32c96b4e2d951d858eafa72e3b&thumb=Y,서울시 문화행사,,,,2026-08-23 01:14:23
"[역삼푸른솔도서관] 퇴근길 인문학 시즌2 #4. [불안의 시대, 생각의 전환으로 삶의 기준 만들기]",역삼푸른솔도서관 프로그램실,2026-07-29,2026-07-29,교육/체험,강남구,https://culture.seoul.go.kr/culture/culture/cultureEvent/view.do?cultcode=158717&menuNo=200011,https://culture.seoul.go.kr/cmmn/file/getImage.do?atchFileId=5b6d4d7188f54e7c9df1599656e7ae68&thumb=Y,서울시 문화행사,,,,2026-08-23 01:14:23
[서울로봇인공지능과학관] 강연/라임 콜로키엄 [2026년 제4회_피지컬 AI 및 자율 로봇 기술],서울로봇인공지능과학관 1층 로비,2026-07-29,2026-07-29,교육/체험,강북구,https://culture.seoul.go.kr/culture/culture/cultureEvent/view.do?cultcode=158579&menuNo=200011,https://culture.seoul.go.kr/cmmn/file/getImage.do?atchFileId=086d9626b8184e69bfccee8bef6d9035&thumb=Y,서울시 문화행사,,,,2026-08-23 01:14:23
[은평문화재단] 7월 숲속라이브 탭댄스 [탭 꾼],은평문화예술회관 숲속극장,2026-07-29,2026-07-29,무용,은평구,https://culture.seoul.go.kr/culture/culture/cultureEvent/view.do?cultcode=158263&menuNo=200008,https://culture.seoul.go.kr/cmmn/file/getImage.do?atchFileId=778a879f74be42069a21d7d2763170bd&thumb=Y,서울시 문화행사,,0.000311,0,2026-08-23 01:14:23
[광진문화재단] 나루 영 아티스트와 함께하는 '문화가 있는 날' [살롱음악회] (7월),나루아트센터 스페이스76,2026-07-29,2026-07-29,클래식,광진구,https://culture.seoul.go.kr/culture/culture/cultureEvent/view.do?cultcode=158595&menuNo=200008,https://culture.seoul.go.kr/cmmn/file/getImage.do?atchFileId=58265f891e3a4114a1953feba7e76956&thumb=Y,서울시 문화행사,,,,2026-08-23 01:14:23
[구립증산도서관] 2026 책과 함께하는 [에코 탐험대로 지구 지키기] 7월,구립증산도서관 3층 어린이열람실,2026-07-29,2026-07-29,교육/체험,은평구,https://culture.seoul.go.kr/culture/culture/cultureEvent/view.do?cultcode=158873&menuNo=200011,https://culture.seoul.go.kr/cmmn/file/getImage.do?atchFileId=55542994d33a461f8b9ec32bfe487941&thumb=Y,서울시 문화행사,,,,2026-08-23 01:14:23
"[서울공예박물관] 비밀요원 CMI: 두 번째 비밀코드 [1,2학년]",전시3동 1층 교육실 및 전시1동-전시3동 상설전시실,2026-07-28,2026-08-28,교육/체험,종로구,https://culture.seoul.go.kr/culture/culture/cultureEvent/view.do?cultcode=158680&menuNo=200011,https://culture.seoul.go.kr/cmmn/file/getImage.do?atchFileId=e175f392953b44e5b80d5683d4e39b41&thumb=Y,서울시 문화행사,,,,2026-08-23 01:14:23
[서울시립 북서울미술관] Buk-SeMA 어린이 방학 프로그램 [배낭 탐험가!],서울시립 북서울미술관 1층 안내데스크 옆,2026-07-28,2026-08-28,교육/체험,노원구,https://culture.seoul.go.kr/culture/culture/cultureEvent/view.do?cultcode=159082&menuNo=200011,https://culture.seoul.go.kr/cmmn/file/getImage.do?atchFileId=df3687536b7c4e298a3fde886a2d5aa6&thumb=Y,서울시 문화행사,,,,2026-08-23 01:14:23
[한성백제박물관] 2026년 여름방학교실 [왕의 선물: 반짝반짝 금동관모],박물관 교육실,2026-07-28,2026-08-22,교육/체험,송파구,https://culture.seoul.go.kr/culture/culture/cultureEvent/view.do?cultcode=158813&menuNo=200011,https://culture.seoul.go.kr/cmmn/file/getImage.do?atchFileId=aaf24d3bce804401a00344a5ec8a47d7&thumb=Y,서울시 문화행사,,,,2026-08-23 01:14:23
[거마도서관] 어린이 여름방학 시 창작 프로그램 [지금부터 시작(詩作)!],거마도서관 5층 프로그램실,2026-07-28,2026-08-11,교육/체험,송파구,https://culture.seoul.go.kr/culture/culture/cultureEvent/view.do?cultcode=158674&menuNo=200011,https://culture.seoul.go.kr/cmmn/file/getImage.do?atchFileId=05467db048744f0b953ce28b845777dc&thumb=Y,서울시 문화행사,,,,2026-08-23 01:14:23
문화 프로그램 문화실험공간 호수ㅣ2026 더 임팩트 청년예술인 공모전시 [운명은 ( ) 이다],문화실험공간 호수 2F,2026-07-28,2026-08-09,전시/미술,송파구,https://culture.seoul.go.kr/culture/culture/cultureEvent/view.do?cultcode=158759&menuNo=200009,https://culture.seoul.go.kr/cmmn/file/getImage.do?atchFileId=100d538e7bd64c599175ffa6ab30988a&thumb=Y,서울시 문화행사,,,,2026-08-23 01:14:23
[서울우리소리박물관] 2026 여름방학 교실 [우리소리 수집가],서울우리소리박물관 교육실,2026-07-28,2026-08-07,교육/체험,중구,https://culture.seoul.go.kr/culture/culture/cultureEvent/view.do?cultcode=158625&menuNo=200011,https://culture.seoul.go.kr/cmmn/file/getImage.do?atchFileId=df38546f8f5b4d509db66ee10ddec843&thumb=Y,서울시 문화행사,,,,2026-08-23 01:14:23
7월 무료 전시 [UNFRAMED PURENESS],동대문디자인플라자 디자인랩1층 DDP쇼룸,2026-07-28,2026-08-05,전시/미술,중구,https://culture.seoul.go.kr/culture/culture/cultureEvent/view.do?cultcode=158798&menuNo=200009,https://culture.seoul.go.kr/cmmn/file/getImage.do?atchFileId=ad0ce398502a4ae3b6cda97974d04f09&thumb=Y,서울시 문화행사,,,,2026-08-23 01:14:23
"[운현궁] 하우스뮤지엄 [수(繡), 꿈을 베다_수연(繡緣) 단체전]",운현궁 노락당,2026-07-28,2026-08-02,전시/미술,종로구,https://culture.seoul.go.kr/culture/culture/cultureEvent/view.do?cultcode=158779&menuNo=200009,https://culture.seoul.go.kr/cmmn/file/getImage.do?atchFileId=3861e6f7c53e471eb33a070c2c997dd7&thumb=Y,서울시 문화행사,,0.000374,2,2026-08-23 01:14:23
[폴란드 재즈듀오 내한공연] PIAZZOLLA DUO,재즈클럽 그루브,2026-07-28,2026-07-28,콘서트,서초구,https://culture.seoul.go.kr/culture/culture/cultureEvent/view.do?cultcode=158686&menuNo=200008,https://culture.seoul.go.kr/cmmn/file/getImage.do?atchFileId=4fff40c62d7e444a980cfee6bf528707&thumb=Y,서울시 문화행사,,0.00371,24,2026-08-23 01:14:23
김연경 바이올린 독주회,세종체임버홀,2026-07-28,2026-07-28,독주/독창회,종로구,https://culture.seoul.go.kr/culture/culture/cultureEvent/view.do?cultcode=158671&menuNo=200008,https://culture.seoul.go.kr/cmmn/file/getImage.do?atchFileId=c7e62370f1314ed984dfa77fb336d8e6&thumb=Y,서울시 문화행사,,0.012949,36,2026-08-23 01:14:23
[2026 신진미술인 지원 프로그램] 최은빈 개인전 《Airborne》,Hall 1 (서울시 영등포구 양평로22마길 8),2026-07-27,2026-08-09,전시/미술,영등포구,https://culture.seoul.go.kr/culture/culture/cultureEvent/view.do?cultcode=158760&menuNo=200009,https://culture.seoul.go.kr/cmmn/file/getImage.do?atchFileId=78c8dfe575694b75aa2792527cf96309&thumb=Y,서울시 문화행사,,,,2026-08-23 01:14:23
[구립증산도서관] 제36회 여름독서교실 [우주에서 보내는 여름방학],구립증산도서관 지하문화강좌실,2026-07-27,2026-07-29,교육/체험,은평구,https://culture.seoul.go.kr/culture/culture/cultureEvent/view.do?cultcode=158861&menuNo=200011,https://culture.seoul.go.kr/cmmn/file/getImage.do?atchFileId=353d9d01c670445187f4a508d8f23765&thumb=Y,서울시 문화행사,,,,2026-08-23 01:14:23
"[서울생활문화센터 체부] 청년문화기획자 네트워크 2026 [살롱, 내일] 2회차",서울생활문화센터 체부(체부홀),2026-07-27,2026-07-27,교육/체험,종로구,https://culture.seoul.go.kr/culture/culture/cultureEvent/view.do?cultcode=158613&menuNo=200011,https://culture.seoul.go.kr/cmmn/file/getImage.do?atchFileId=c3e6972797994ab898d876078e7f630b&thumb=Y,서울시 문화행사,,,,2026-08-23 01:14:23
[세종문화회관] 세종 인스피레이션 [죽음과 소녀 콘서트],세종대극장,2026-07-27,2026-07-27,클래식,종로구,https://culture.seoul.go.kr/culture/culture/cultureEvent/view.do?cultcode=158448&menuNo=200008,https://culture.seoul.go.kr/cmmn/file/getImage.do?atchFileId=dd5760a3084943ae8db45eed777e2840&thumb=Y,서울시 문화행사,,0.002366,20,2026-08-23 01:14:23
[세종문화회관] 김관지 on Sync Next 26,세종S씨어터,2026-07-26,2026-07-26,무용,종로구,https://culture.seoul.go.kr/culture/culture/cultureEvent/view.do?cultcode=158422&menuNo=200008,https://culture.seoul.go.kr/cmmn/file/getImage.do?atchFileId=0b6bc3d33dd14e59b89dec76f9df6ca9&thumb=Y,서울시 문화행사,,0.002528,20,2026-08-23 01:14:23
[서울생활문화센터 낙원]2026 7월 문화로드 낙원 국립중앙박물관에 갑니다.,국립중앙박물관,2026-07-26,2026-07-26,교육/체험,용산구,https://culture.seoul.go.kr/culture/culture/cultureEvent/view.do?cultcode=158809&menuNo=200011,https://culture.seoul.go.kr/cmmn/file/getImage.do?atchFileId=b8e4bede2add4b3089024975990f530b&thumb=Y,서울시 문화행사,,8.734018,100,2026-08-23 01:14:23
[SIBF책 x 서울아트책보고] 조각가 김윤신의 조형 철학과 작업 이야기 - 권근영 기자 강연,서울아트책보고 워크숍룸,2026-07-26,2026-07-26,교육/체험,구로구,https://culture.seoul.go.kr/culture/culture/cultureEvent/view.do?cultcode=158720&menuNo=200011,https://culture.seoul.go.kr/cmmn/file/getImage.do?atchFileId=5f9635353ce0497aa4c1e66b49da4533&thumb=Y,서울시 문화행사,,,,2026-08-23 01:14:23
[서울아트책보고] 원데이클래스 [오카리나로 여름노래 연주하기 : 동요부터 지브리OST까지],서울아트책보고 워크숍룸,2026-07-26,2026-07-26,교육/체험,구로구,https://culture.seoul.go.kr/culture/culture/cultureEvent/view.do?cultcode=158656&menuNo=200011,https://culture.seoul.go.kr/cmmn/file/getImage.do?atchFileId=de59a761c8a5488eb87b69f9654ea016&thumb=Y,서울시 문화행사,,,,2026-08-23 01:14:23
[서울시립과학관] 과학북토크: 달작한 사이언스 (6월) [미생물로 쓴 소설들],서울시립과학관 3층 스타홀,2026-07-26,2026-07-26,교육/체험,금천구,https://culture.seoul.go.kr/culture/culture/cultureEvent/view.do?cultcode=158683&menuNo=200011,https://culture.seoul.go.kr/cmmn/file/getImage.do?atchFileId=6221e16d3c1d4c29938f5ba9833978f4&thumb=Y,서울시 문화행사,,,,2026-08-23 01:14:23
[서울생활문화센터 체부] 2026 하반기 생활문화콘서트 [로쿠스타 우쿨렐레 앙상블],서울생활문화센터 체부 체부홀,2026-07-26,2026-07-26,콘서트,종로구,https://culture.seoul.go.kr/culture/culture/cultureEvent/view.do?cultcode=158675&menuNo=200008,https://culture.seoul.go.kr/cmmn/file/getImage.do?atchFileId=6f4a4ea8f3464e45bd06d20c73c80b9c&thumb=Y,서울시 문화행사,,,,2026-08-23 01:14:23
[서울생활문화센터 체부] 2026 하반기 생활문화콘서트 [하나리케 마이투투],서울생활문화센터 체부 체부홀,2026-07-26,2026-07-26,콘서트,종로구,https://culture.seoul.go.kr/culture/culture/cultureEvent/view.do?cultcode=158673&menuNo=200008,https://culture.seoul.go.kr/cmmn/file/getImage.do?atchFileId=7b9ee2afb8b34ee29ba1d1a0bf913eb3&thumb=Y,서울시 문화행사,,,,2026-08-23 01:14:23
프랑스 음악 레퍼토리 [French Repertoire] 피아니스트 김이안,스튜디오301 성수,2026-07-25,2026-08-15,클래식,성동구,https://culture.seoul.go.kr/culture/culture/cultureEvent/view.do?cultcode=158627&menuNo=200008,https://culture.seoul.go.kr/cmmn/file/getImage.do?atchFileId=d13d2f3c208e4f6eb3434d70514f3acd&thumb=Y,서울시 문화행사,,,,2026-08-23 01:14:23
[서울시립과학관] 대학탐방 [독성시대X과학관: 서울시립대 화학물질 빅데이터 AI연구센터와 함께하는 독성학 탐험대],서울시립대학교 시대융합관 연구실,2026-07-25,2026-08-08,교육/체험,동대문구,https://culture.seoul.go.kr/culture/culture/cultureEvent/view.do?cultcode=158462&menuNo=200011,https://culture.seoul.go.kr/cmmn/file/getImage.do?atchFileId=d0c6dc91a6a447708c632dffa9a4b580&thumb=Y,서울시 문화행사,,,,2026-08-23 01:14:23
정혜성·김정호 [In-Between],온에어갤러리,2026-07-25,2026-08-08,전시/미술,서대문구,https://culture.seoul.go.kr/culture/culture/cultureEvent/view.do?cultcode=158852&menuNo=200009,https://culture.seoul.go.kr/cmmn/file/getImage.do?atchFileId=2a2cb017f59f4a1caadc10a72c60de95&thumb=Y,서울시 문화행사,,0.00249,20,2026-08-23 01:14:23
루나킴 개인전 [티파사의 폐허],온에어갤러리,2026-07-25,2026-08-08,전시/미술,서대문구,https://culture.seoul.go.kr/culture/culture/cultureEvent/view.do?cultcode=158853&menuNo=200009,https://culture.seoul.go.kr/cmmn/file/getImage.do?atchFileId=5b70d09481b54c7eaf7239a1e38f9e04&thumb=Y,서울시 문화행사,,0.00249,20,2026-08-23 01:14:23
[서울시립과학관] 2026 한여름의 과학관,서울시립과학관,2026-07-25,2026-08-02,축제-기타,노원구,https://culture.seoul.go.kr/culture/culture/cultureEvent/view.do?cultcode=158925&menuNo=200010,https://culture.seoul.go.kr/cmmn/file/getImage.do?atchFileId=d8862ba06d9b4b4199484d445da280c8&thumb=Y,서울시 문화행사,,0.284088,67,2026-08-23 01:14:23
[서울시립과학관] 2026여름방학 SAM& 스탬프 에듀투어,"시립노원청소년미래진로센터, 서울시립북서울미술관, 서울시립과학관 등",2026-07-25,2026-08-01,교육/체험,노원구,https://culture.seoul.go.kr/culture/culture/cultureEvent/view.do?cultcode=158624&menuNo=200011,https://culture.seoul.go.kr/cmmn/file/getImage.do?atchFileId=9817ca03e8bf4b239cd0837f6087ca79&thumb=Y,서울시 문화행사,,,,2026-08-23 01:14:23
[서울아트책보고] 원데이클래스 [업사이클링 북바인딩 원데이클래스],서울아트책보고 워크숍룸,2026-07-25,2026-07-31,교육/체험,구로구,https://culture.seoul.go.kr/culture/culture/cultureEvent/view.do?cultcode=158582&menuNo=200011,https://culture.seoul.go.kr/cmmn/file/getImage.do?atchFileId=f2839656f20c4d97bcc24b9d259ad58c&thumb=Y,서울시 문화행사,,,,2026-08-23 01:14:23
[구립증산도서관] 수색동 광명문고와 함께하는 동네서점 북큐레이션,구립증산도서관 2층 종합자료실,2026-07-25,2026-07-30,전시/미술,은평구,https://culture.seoul.go.kr/culture/culture/cultureEvent/view.do?cultcode=158864&menuNo=200009,https://culture.seoul.go.kr/cmmn/file/getImage.do?atchFileId=4a1a3bc97aa04a0eaf290da51b4dac98&thumb=Y,서울시 문화행사,,,,2026-08-23 01:14:23
Flutist Evelyn Chayeun Kim [Dreams & Fantasies] 김채은 플루트 리사이틀,아트센터 림 아트홀,2026-07-25,2026-07-28,클래식,종로구,https://culture.seoul.go.kr/culture/culture/cultureEvent/view.do?cultcode=158549&menuNo=200008,https://culture.seoul.go.kr/cmmn/file/getImage.do?atchFileId=af325ebc39dc4a6b9c7d9082e1cdedfe&thumb=Y,서울시 문화행사,,,,2026-08-23 01:14:23
안성수픽업그룹 [ROSE - MASTERPIECE],서울시 광진구 나루아트센터 대극장,2026-07-25,2026-07-26,무용,광진구,https://culture.seoul.go.kr/culture/culture/cultureEvent/view.do?cultcode=158527&menuNo=200008,https://culture.seoul.go.kr/cmmn/file/getImage.do?atchFileId=993d93f0a9734979b184794d2d819199&thumb=Y,서울시 문화행사,,,,2026-08-23 01:14:23
[서울시립 미술아카이브] 책과 말: 아카이브 역사가의 에세이,서울시립 미술아카이브 나눔동 다목적홀(종로구 평창문화로 100),2026-07-25,2026-07-25,교육/체험,종로구,https://culture.seoul.go.kr/culture/culture/cultureEvent/view.do?cultcode=158552&menuNo=200011,https://culture.seoul.go.kr/cmmn/file/getImage.do?atchFileId=1353e8337e2c46bfa6ab3988a21464d7&thumb=Y,서울시 문화행사,,,,2026-08-23 01:14:23
[금천장애인종합복지관] 발달장애인 오케스트라와 함께하는 작은 음악회,서울시립 서서울미술관 지하1층 로비,2026-07-25,2026-07-25,콘서트,금천구,https://culture.seoul.go.kr/culture/culture/cultureEvent/view.do?cultcode=158639&menuNo=200008,https://culture.seoul.go.kr/cmmn/file/getImage.do?atchFileId=437808e93d3241498987aac9dc78fd24&thumb=Y,서울시 문화행사,,,,2026-08-23 01:14:23
"문예북흥 No.66 - 함민복 시인이 살고 있는 강화의 보드랍고 야들야들한 개흙, 발을 잡아주고 가는 길도 잡아주는, 그 『말랑말랑한 힘』의 단단함",이호철북콘서트홀,2026-07-25,2026-07-25,교육/체험,은평구,https://culture.seoul.go.kr/culture/culture/cultureEvent/view.do?cultcode=158643&menuNo=200011,https://culture.seoul.go.kr/cmmn/file/getImage.do?atchFileId=67ad586c6b4f49c18d7592966ba431e6&thumb=Y,서울시 문화행사,,0.013049,36,2026-08-23 01:14:23
특별세미나 [중독에서 회복으로] 단주 11년의 이야기와 재발예방의 실제,"온라인 zoom, 자기사랑 세미나실 2층 ",2026-07-25,2026-07-25,교육/체험,종로구,https://culture.seoul.go.kr/culture/culture/cultureEvent/view.do?cultcode=158471&menuNo=200011,https://culture.seoul.go.kr/cmmn/file/getImage.do?atchFileId=54716466d90d494f9c03849b05b9ba94&thumb=Y,서울시 문화행사,,,,2026-08-23 01:14:23
[서울도서관] 2026 움직이는 서울형책방 6회 : 무아레서점,광화문 라운지 (광화문역 9번 출구),2026-07-25,2026-07-25,교육/체험,종로구,https://culture.seoul.go.kr/culture/culture/cultureEvent/view.do?cultcode=158653&menuNo=200011,https://culture.seoul.go.kr/cmmn/file/getImage.do?atchFileId=9ebc224c21f54988ac1a4a61f7a17dfa&thumb=Y,서울시 문화행사,,,,2026-08-23 01:14:23
[서울문화예술교육센터 용산] 다정한 아트라운지 [다니엘 린데만 악단의 음악여행],서울문화예술교육센터 용산 업무동 1층 아트라운지,2026-07-25,2026-07-25,클래식,용산구,https://culture.seoul.go.kr/culture/culture/cultureEvent/view.do?cultcode=158504&menuNo=200008,https://culture.seoul.go.kr/cmmn/file/getImage.do?atchFileId=817fa666896e4ee080e0179180215dcb&thumb=Y,서울시 문화행사,,,,2026-08-23 01:14:23
[성동문화재단] 판타지 발레 [구미호],소월아트홀,2026-07-25,2026-07-25,무용,성동구,https://culture.seoul.go.kr/culture/culture/cultureEvent/view.do?cultcode=158346&menuNo=200008,https://culture.seoul.go.kr/cmmn/file/getImage.do?atchFileId=aecddd54da41434d970114088cda9007&thumb=Y,서울시 문화행사,,0.159576,61,2026-08-23 01:14:23
"[서초문화재단] 서리풀 작곡가 탐구 시리즈 [변주의 언어, 실내악의 대화]",심산기념문화센터 2층 반포심산아트홀,2026-07-25,2026-07-25,클래식,서초구,https://culture.seoul.go.kr/culture/culture/cultureEvent/view.do?cultcode=158377&menuNo=200008,https://culture.seoul.go.kr/cmmn/file/getImage.do?atchFileId=325f976e7a914c7d85f9312a68cf0321&thumb=Y,서울시 문화행사,,,,2026-08-23 01:14:23
피아니스트 김하얀의 Collaborative Recital,세종체임버홀,2026-07-25,2026-07-25,클래식,종로구,https://culture.seoul.go.kr/culture/culture/cultureEvent/view.do?cultcode=158687&menuNo=200008,https://culture.seoul.go.kr/cmmn/file/getImage.do?atchFileId=2cc79ceb9e59484ca312891f4ea193fc&thumb=Y,서울시 문화행사,,0.012949,36,2026-08-23 01:14:23
[꿈의숲아트센터] 2026 여름방학 시즌공연 [최태지의 발레 보물상자],꿈의숲아트센터 퍼포먼스홀,2026-07-25,2026-07-25,무용,강북구,https://culture.seoul.go.kr/culture/culture/cultureEvent/view.do?cultcode=158070&menuNo=200008,https://culture.seoul.go.kr/cmmn/file/getImage.do?atchFileId=c8712f578e7f4bc6a7701659f65e75f6&thumb=Y,서울시 문화행사,,0.036383,46,2026-08-23 01:14:23
글로벌 아트링크 페스티벌,석계역 문화공원,2026-07-25,2026-07-25,축제-문화/예술,노원구,https://culture.seoul.go.kr/culture/culture/cultureEvent/view.do?cultcode=158689&menuNo=200010,https://culture.seoul.go.kr/cmmn/file/getImage.do?atchFileId=1c75d8f881da4eac9c104f609bba8edf&thumb=Y,서울시 문화행사,,0.000747,9,2026-08-23 01:14:23
"[사람사는세상노무현재단] 정준희, 변영주의 [문화정변] with. 김일란 감독",노무현시민센터 지하2층 다목적홀 가치하다,2026-07-25,2026-07-25,교육/체험,종로구,https://culture.seoul.go.kr/culture/culture/cultureEvent/view.do?cultcode=158724&menuNo=200011,https://culture.seoul.go.kr/cmmn/file/getImage.do?atchFileId=36f62d37a8474c72b8520ccc8f17e1e3&thumb=Y,서울시 문화행사,,,,2026-08-23 01:14:23
2026 길 위의 인문학·지혜학교 [현대 도시의 담(淡) 프로젝트] 비움으로 채우는 삶의 수묵화,"서울시 종로구 삼일대로 28길16, 5층 대한민국전통예술전승원",2026-07-24,2026-10-23,교육/체험,종로구,https://culture.seoul.go.kr/culture/culture/cultureEvent/view.do?cultcode=158456&menuNo=200011,https://culture.seoul.go.kr/cmmn/file/getImage.do?atchFileId=e1c2bdd4f6074eff8bbe794f627ce5a7&thumb=Y,서울시 문화행사,,,,2026-08-23 01:14:23
섬유기획전 [안식의 결 Texture of Rest],"우란문화재단 우란1경, 우란2경 ",2026-07-24,2026-10-02,전시/미술,성동구,https://culture.seoul.go.kr/culture/culture/cultureEvent/view.do?cultcode=159117&menuNo=200009,https://culture.seoul.go.kr/cmmn/file/getImage.do?atchFileId=6cd09d6c58bb4c5ab2d963489874ec5b&thumb=Y,서울시 문화행사,,,,2026-08-23 01:14:23
2026 마포문화재단 가족·어린이 축제 [해피 마포 와글와글] 이머시브 뮤지컬 [고래밥 - 바다 대운동회],마포아트센터 아트홀맥,2026-07-24,2026-08-16,뮤지컬/오페라,마포구,https://culture.seoul.go.kr/culture/culture/cultureEvent/view.do?cultcode=157804&menuNo=200008,https://culture.seoul.go.kr/cmmn/file/getImage.do?atchFileId=93c282981eda4e27816283168edb99fc&thumb=Y,서울시 문화행사,,0.055695,51,2026-08-23 01:14:23
[성북문화재단] 길에서 만난 스튜디오,"스튜디오D, 성북문화예술교육센터, 스튜디오 챠큭, 성북문화원 등",2026-07-24,2026-08-04,교육/체험,성북구,https://culture.seoul.go.kr/culture/culture/cultureEvent/view.do?cultcode=158558&menuNo=200011,https://culture.seoul.go.kr/cmmn/file/getImage.do?atchFileId=ca6ce0d4d95d4732b56080214ad45682&thumb=Y,서울시 문화행사,,,,2026-08-23 01:14:23
[서울백제어린이박물관] 초등1-3학년 동반가족 대상 [문화로 야금야금] 어린이 북토크,서울백제어린이박물관 교육실,2026-07-24,2026-07-31,교육/체험,송파구,https://culture.seoul.go.kr/culture/culture/cultureEvent/view.do?cultcode=158811&menuNo=200011,https://culture.seoul.go.kr/cmmn/file/getImage.do?atchFileId=3051825caa7645a0b5bf2a95523974aa&thumb=Y,서울시 문화행사,,,,2026-08-23 01:14:23
2026 아시테지 국제여름축제 [타나: 작은 동굴],종로 아이들극장,2026-07-24,2026-07-26,무용,종로구,https://culture.seoul.go.kr/culture/culture/cultureEvent/view.do?cultcode=158567&menuNo=200008,https://culture.seoul.go.kr/cmmn/file/getImage.do?atchFileId=1277be46caa24452ac1fca6eceea67e7&thumb=Y,서울시 문화행사,,0.020009,41,2026-08-23 01:14:23
[광진문화재단] 연극 [플란다스의 미친 개],광진어린이공연장,2026-07-24,2026-07-26,연극,광진구,https://culture.seoul.go.kr/culture/culture/cultureEvent/view.do?cultcode=158594&menuNo=200008,https://culture.seoul.go.kr/cmmn/file/getImage.do?atchFileId=2aa9f1d8c962449e82ce5577c18e72cf&thumb=Y,서울시 문화행사,,0.001681,16,2026-08-23 01:14:23
모두를 위한 뮤지컬 [이상하고 아름다운 하얀숲],모두예술극장 ,2026-07-24,2026-07-26,뮤지컬/오페라,서대문구,https://culture.seoul.go.kr/culture/culture/cultureEvent/view.do?cultcode=158490&menuNo=200008,https://culture.seoul.go.kr/cmmn/file/getImage.do?atchFileId=ba495f0c4ea04aab9de74bf8477dfe5e&thumb=Y,서울시 문화행사,,0.024292,43,2026-08-23 01:14:23
[성북문화재단] 브런치콘서트 [11시11분] - 미드나잇 인 파리,꿈빛극장,2026-07-24,2026-07-25,콘서트,성북구,https://culture.seoul.go.kr/culture/culture/cultureEvent/view.do?cultcode=158583&menuNo=200008,https://culture.seoul.go.kr/cmmn/file/getImage.do?atchFileId=aeaf5d64e22d4710946c000c749b897f&thumb=Y,서울시 문화행사,,0.013846,37,2026-08-23 01:14:23
"2026 위송이의 춤 [무온[舞溫]- 춤, 스며들다]",국립국악원 풍류사랑방,2026-07-24,2026-07-24,무용,서초구,https://culture.seoul.go.kr/culture/culture/cultureEvent/view.do?cultcode=158465&menuNo=200008,https://culture.seoul.go.kr/cmmn/file/getImage.do?atchFileId=1bb7e66f1cdb4b41ac1ac5368bee44da&thumb=Y,서울시 문화행사,,0.002801,21,2026-08-23 01:14:23
[서울시립미술관 서소문본관] 《유영국: 산은 내 안에 있다》 전시 연계 프로그램 [유영국(永國): 무한을 걷는 사람],서울시립미술관 서소문본관 B1 세마홀,2026-07-24,2026-07-24,교육/체험,중구,https://culture.seoul.go.kr/culture/culture/cultureEvent/view.do?cultcode=158704&menuNo=200011,https://culture.seoul.go.kr/cmmn/file/getImage.do?atchFileId=3af2c40b285a4849bbd0a87a70a20ff4&thumb=Y,서울시 문화행사,,,,2026-08-23 01:14:23
[서울아트책보고] 이동진 바리스타와 함께하는 [NEXT 커피 이야기],서울아트책보고 열린무대,2026-07-24,2026-07-24,교육/체험,구로구,https://culture.seoul.go.kr/culture/culture/cultureEvent/view.do?cultcode=158744&menuNo=200011,https://culture.seoul.go.kr/cmmn/file/getImage.do?atchFileId=64738e815977490c82c5f0b39cbd443b&thumb=Y,서울시 문화행사,,,,2026-08-23 01:14:23
"[서울 문화의 밤] 7월 작가힙톡(Hip-Talk) - 관계 속에서 나를 지키는 철학의 기술(현남숙, 진보성)",서울도서관 1층 생각마루,2026-07-24,2026-07-24,교육/체험,중구,https://culture.seoul.go.kr/culture/culture/cultureEvent/view.do?cultcode=158410&menuNo=200011,https://culture.seoul.go.kr/cmmn/file/getImage.do?atchFileId=b1a194a47aab4029859075a70d86f12b&thumb=Y,서울시 문화행사,,,,2026-08-23 01:14:23
2026년 야간 공연 관람권_[입국심사],서강대학교 메리홀 대극장,2026-07-24,2026-07-24,연극,마포구,https://culture.seoul.go.kr/culture/culture/cultureEvent/view.do?cultcode=158415&menuNo=200008,https://culture.seoul.go.kr/cmmn/file/getImage.do?atchFileId=c4df7e84d446450f80f990befcabe94b&thumb=Y,서울시 문화행사,,0.00503,27,2026-08-23 01:14:23
[영등포문화재단] 어슬렁 어슬렁 콘서트 #여름 [죠지&김뜻돌],영등포아트홀,2026-07-24,2026-07-24,콘서트,영등포구,https://culture.seoul.go.kr/culture/culture/cultureEvent/view.do?cultcode=157906&menuNo=200008,https://culture.seoul.go.kr/cmmn/file/getImage.do?atchFileId=7419db533c3545ceaf22b37388863cf3&thumb=Y,서울시 문화행사,,0.072056,53,2026-08-23 01:14:23
"[여름, 사랑] 길벗어린이 그림책작가 그룹전","아트센터림 1층 아트윈도우, 2층 갤러리 1,2관",2026-07-23,2026-08-23,전시/미술,종로구,https://culture.seoul.go.kr/culture/culture/cultureEvent/view.do?cultcode=158725&menuNo=200009,https://culture.seoul.go.kr/cmmn/file/getImage.do?atchFileId=fc775388407f4613997a01b4c9239e55&thumb=Y,서울시 문화행사,,,,2026-08-23 01:14:23
2026년 여름 어린이·청소년 장애인교육연수 단기강좌 [어울림 여름 놀이터],"서울시 어울림플라자 3층 세미나실1, 3층 분임토의실",2026-07-23,2026-08-14,교육/체험,강서구,https://culture.seoul.go.kr/culture/culture/cultureEvent/view.do?cultcode=158382&menuNo=200011,https://culture.seoul.go.kr/cmmn/file/getImage.do?atchFileId=290a9d62610e47f883954041bb449124&thumb=Y,서울시 문화행사,,,,2026-08-23 01:14:23
[서초X구로문화재단] 서리풀청년아트갤러리 전시 [궤도 : 축적된 시간의 교차],서리풀청년아트갤러리,2026-07-23,2026-08-07,전시/미술,서초구,https://culture.seoul.go.kr/culture/culture/cultureEvent/view.do?cultcode=158765&menuNo=200009,https://culture.seoul.go.kr/cmmn/file/getImage.do?atchFileId=6c3c128e9f694e65b8ffe6b58e5c3992&thumb=Y,서울시 문화행사,,0.000722,8,2026-08-23 01:14:23
전시 [오프-토픽],이화아트센터,2026-07-23,2026-08-06,전시/미술,서대문구,https://culture.seoul.go.kr/culture/culture/cultureEvent/view.do?cultcode=158932&menuNo=200009,https://culture.seoul.go.kr/cmmn/file/getImage.do?atchFileId=30d7530b01d146708c707265b8aab8c5&thumb=Y,서울시 문화행사,,0.00084,10,2026-08-23 01:14:23
2026 아시테지 국제여름축제,"아르코예술극장, 아르코꿈밭극장, 종로아이들극장, 서울연극창작센터, 모두예술극장",2026-07-23,2026-08-02,축제-문화/예술,종로구,https://culture.seoul.go.kr/culture/culture/cultureEvent/view.do?cultcode=158482&menuNo=200010,https://culture.seoul.go.kr/cmmn/file/getImage.do?atchFileId=afa1f9dba1a345149a57bf76656366cf&thumb=Y,서울시 문화행사,,0.009637,34,2026-08-23 01:14:23
[평화문화진지] 2026 평화문화진지 무료 대관 공고 선정 공연 - 포럼연극 [남들 사는대로 살아],평화문화진지 다목적공연장,2026-07-23,2026-07-26,연극,도봉구,https://culture.seoul.go.kr/culture/culture/cultureEvent/view.do?cultcode=158496&menuNo=200008,https://culture.seoul.go.kr/cmmn/file/getImage.do?atchFileId=c466860066354bae8dc8e010ae049e16&thumb=Y,서울시 문화행사,,,,2026-08-23 01:14:23
2026 국립극장 어린이 예술학교 여름방학 1기,국립극장 별관 별별예술마루,2026-07-23,2026-07-25,교육/체험,중구,https://culture.seoul.go.kr/culture/culture/cultureEvent/view.do?cultcode=158397&menuNo=200011,https://culture.seoul.go.kr/cmmn/file/getImage.do?atchFileId=88262123aba847c282e89d5d515e79c7&thumb=Y,서울시 문화행사,,,,2026-08-23 01:14:23
[마포문화재단] 인디스커버리 : CHALLENGE [STAGE 05-06],마포아트센터 플레이맥,2026-07-23,2026-07-24,콘서트,마포구,https://culture.seoul.go.kr/culture/culture/cultureEvent/view.do?cultcode=158554&menuNo=200008,https://culture.seoul.go.kr/cmmn/file/getImage.do?atchFileId=00236a57deed47d0b592f212282d634a&thumb=Y,서울시 문화행사,,0.001089,12,2026-08-23 01:14:23
[서울시립교향악단] 2026 서울시향 수산나 멜키의 슈베르트 '그레이트' ① ②,롯데콘서트홀,2026-07-23,2026-07-24,클래식,송파구,https://culture.seoul.go.kr/culture/culture/cultureEvent/view.do?cultcode=158266&menuNo=200008,https://culture.seoul.go.kr/cmmn/file/getImage.do?atchFileId=5917d0c9dcf4438db1453531e25ff3a5&thumb=Y,서울시 문화행사,,0.808786,77,2026-08-23 01:14:23
[서초문화재단] 모차르트 피아노 협주곡 전곡 시리즈 VIII,심산기념문화센터 2층 반포심산아트홀,2026-07-23,2026-07-23,클래식,서초구,https://culture.seoul.go.kr/culture/culture/cultureEvent/view.do?cultcode=158370&menuNo=200008,https://culture.seoul.go.kr/cmmn/file/getImage.do?atchFileId=45d40893c3f64b94865e3c5c8f694285&thumb=Y,서울시 문화행사,,,,2026-08-23 01:14:23
[성동문화재단] 2026년 골목 바이브 4회차,재즈엑스오버,2026-07-23,2026-07-23,콘서트,성동구,https://culture.seoul.go.kr/culture/culture/cultureEvent/view.do?cultcode=158302&menuNo=200008,https://culture.seoul.go.kr/cmmn/file/getImage.do?atchFileId=a7edd3982e4e48c0b7a2888c8522f6c5&thumb=Y,서울시 문화행사,,0.002926,22,2026-08-23 01:14:23
[서울생활문화센터 체부] 나의 서촌리스트 [비효율의 미학:만드는 사람들],서울생활문화센터 체부 금오재 사랑,2026-07-23,2026-07-23,교육/체험,종로구,https://culture.seoul.go.kr/culture/culture/cultureEvent/view.do?cultcode=158677&menuNo=200011,https://culture.seoul.go.kr/cmmn/file/getImage.do?atchFileId=88dcae1ce1f640aba35d13254a940156&thumb=Y,서울시 문화행사,,,,2026-08-23 01:14:23
"[서울역사박물관] 제4회 배리어프리영화관 7월 상영 [괜찮아? 괜찮아, 괜찮아!]",서울역사박물관 1층 강당(야주개홀),2026-07-23,2026-07-23,영화,종로구,https://culture.seoul.go.kr/culture/culture/cultureEvent/view.do?cultcode=158262&menuNo=200013,https://culture.seoul.go.kr/cmmn/file/getImage.do?atchFileId=d9aa5c88b9bf4412872b95c9e4ca8578&thumb=Y,서울시 문화행사,,,,2026-08-23 01:14:23
[대우재단 시민강좌] 서양정치사상과 국제정치: 플라톤에서 칸트까지,"대우재단빌딩 5층, 대우학술라운지",2026-07-23,2026-07-23,교육/체험,종로구,https://culture.seoul.go.kr/culture/culture/cultureEvent/view.do?cultcode=158662&menuNo=200011,https://culture.seoul.go.kr/cmmn/file/getImage.do?atchFileId=c0b1b2c748e94855ad5aa4320812b04b&thumb=Y,서울시 문화행사,,,,2026-08-23 01:14:23
[서울책보고] 첫눈토크#6 《가디언》선정 주목할 올해의 SF 『루미너스』박지선 작가,서울책보고 라운지,2026-07-23,2026-07-23,교육/체험,송파구,https://culture.seoul.go.kr/culture/culture/cultureEvent/view.do?cultcode=158654&menuNo=200011,https://culture.seoul.go.kr/cmmn/file/getImage.do?atchFileId=c065b87cf9c34e2b9c859fb9e28f796a&thumb=Y,서울시 문화행사,,,,2026-08-23 01:14:23
[중랑문화재단] 서울 문화예술교육 지원사업 [망우 쓰다],중랑문화재단,2026-07-22,2026-11-14,교육/체험,중랑구,https://culture.seoul.go.kr/culture/culture/cultureEvent/view.do?cultcode=158530&menuNo=200011,https://culture.seoul.go.kr/cmmn/file/getImage.do?atchFileId=1e5d10501e584222b11740a3f479f557&thumb=Y,서울시 문화행사,,0.029011,44,2026-08-23 01:14:23
[서울공예박물관] 공예동행@쇼윈도 #4. 몸에 베인 기억을 묻다 Burying Memories Etched in the Body,전시3동  1층 쇼윈도 갤러리,2026-07-22,2026-08-30,전시/미술,종로구,https://culture.seoul.go.kr/culture/culture/cultureEvent/view.do?cultcode=158681&menuNo=200009,https://culture.seoul.go.kr/cmmn/file/getImage.do?atchFileId=b7ef5218d297488fa390285f4b412b63&thumb=Y,서울시 문화행사,,,,2026-08-23 01:14:23
[서울아트책보고] 책을 둘러싼 이야기들 : 서평 쓰기 워크숍 - 금정연 작가,서울아트책보고 워크숍룸,2026-07-22,2026-08-26,교육/체험,구로구,https://culture.seoul.go.kr/culture/culture/cultureEvent/view.do?cultcode=158574&menuNo=200011,https://culture.seoul.go.kr/cmmn/file/getImage.do?atchFileId=b6d0f7d6c8894550a084d7b202f5797d&thumb=Y,서울시 문화행사,,,,2026-08-23 01:14:23
[서울시평생교육진흥원] 2026년 동남권캠퍼스 [수요미래특강: AI마스터 위크],서울시민대학 동남권캠퍼스 4층,2026-07-22,2026-08-19,교육/체험,강동구,https://culture.seoul.go.kr/culture/culture/cultureEvent/view.do?cultcode=158395&menuNo=200011,https://culture.seoul.go.kr/cmmn/file/getImage.do?atchFileId=fd9f7ce4ed4e489ba536423cfb2a66bd&thumb=Y,서울시 문화행사,,,,2026-08-23 01:14:23
[용산문화재단x아모레퍼시픽재단] Nature in the City,용산문화재단 1층 팝업홀,2026-07-22,2026-08-15,전시/미술,용산구,https://culture.seoul.go.kr/culture/culture/cultureEvent/view.do?cultcode=158736&menuNo=200009,https://culture.seoul.go.kr/cmmn/file/getImage.do?atchFileId=cb93b2d9ec744640b47c261013cfb2a9&thumb=Y,서울시 문화행사,,,,2026-08-23 01:14:23
[서울시립 북서울미술관] 2026 화성 연대기 [비미래를 위한 노드],서울시립 북서울미술관 스튜디오 1,2026-07-22,2026-07-31,교육/체험,노원구,https://culture.seoul.go.kr/culture/culture/cultureEvent/view.do?cultcode=158553&menuNo=200011,https://culture.seoul.go.kr/cmmn/file/getImage.do?atchFileId=16883f0762c94b11b52129907e7126b8&thumb=Y,서울시 문화행사,,,,2026-08-23 01:14:23
김규리(1996)화가 [SECTION 01. BUTTERFLY] 전시,인사아트프라자갤러리 2F 4관,2026-07-22,2026-07-28,전시/미술,종로구,https://culture.seoul.go.kr/culture/culture/cultureEvent/view.do?cultcode=158730&menuNo=200009,https://culture.seoul.go.kr/cmmn/file/getImage.do?atchFileId=01549865d4ea404b81f275d0c7f27082&thumb=Y,서울시 문화행사,,,,2026-08-23 01:14:23
미림아트갤러리 [The Shape of Water] - 임정규 초대전,미림아트 3층 미림아트갤러리,2026-07-22,2026-07-27,전시/미술,종로구,https://culture.seoul.go.kr/culture/culture/cultureEvent/view.do?cultcode=158727&menuNo=200009,https://culture.seoul.go.kr/cmmn/file/getImage.do?atchFileId=bcdff735123744a3ac271802524134df&thumb=Y,서울시 문화행사,,,,2026-08-23 01:14:23
2026 서울 여성과 가족이 함께하는 [여가(女家)살롱] 3회,서울여성플라자 2층 다목적라운지(라운지카페),2026-07-22,2026-07-22,교육/체험,동작구,https://culture.seoul.go.kr/culture/culture/cultureEvent/view.do?cultcode=158578&menuNo=200011,https://culture.seoul.go.kr/cmmn/file/getImage.do?atchFileId=12cf1964c85f47c899249d4cbcebb635&thumb=Y,서울시 문화행사,,,,2026-08-23 01:14:23
[대우재단 시민강좌] 데이비드 흄의 철학: 인간 정신의 지형도 다시 그리기,"대우재단빌딩 5층, 대우학술라운지",2026-07-22,2026-07-22,교육/체험,종로구,https://culture.seoul.go.kr/culture/culture/cultureEvent/view.do?cultcode=158661&menuNo=200011,https://culture.seoul.go.kr/cmmn/file/getImage.do?atchFileId=65d4fb58cb264d0f96d72baa1e681e74&thumb=Y,서울시 문화행사,,,,2026-08-23 01:14:23
[라율 영재&영아티스트] 조정우 클라리넷 독주회,라율아트홀,2026-07-22,2026-07-22,독주/독창회,서초구,https://culture.seoul.go.kr/culture/culture/cultureEvent/view.do?cultcode=158381&menuNo=200008,https://culture.seoul.go.kr/cmmn/file/getImage.do?atchFileId=2863a4ec890648a6b41ab2166874a1b5&thumb=Y,서울시 문화행사,,0.012015,36,2026-08-23 01:14:23
현준희 바이올린 독주회 - A Sentimental Night II 심연(深淵),세종체임버홀,2026-07-22,2026-07-22,독주/독창회,종로구,https://culture.seoul.go.kr/culture/culture/cultureEvent/view.do?cultcode=158688&menuNo=200008,https://culture.seoul.go.kr/cmmn/file/getImage.do?atchFileId=6ef8656605d4433bb5481768a302c0d3&thumb=Y,서울시 문화행사,,0.012949,36,2026-08-23 01:14:23
[금천문화재단] 2026 공연장상주단체 찾아가는 공연 [소리 듣는 데이],금천구립가산도서관 1층 라운지,2026-07-22,2026-07-22,국악,금천구,https://culture.seoul.go.kr/culture/culture/cultureEvent/view.do?cultcode=158737&menuNo=200008,https://culture.seoul.go.kr/cmmn/file/getImage.do?atchFileId=08ec04bf029640b7bd4500d3f1fc420f&thumb=Y,서울시 문화행사,,,,2026-08-23 01:14:23
국토발전전시관 정기강연 [이 땅 위에 우리 이야기],국토발전전시관 정동국토마루(1층),2026-07-22,2026-07-22,교육/체험,중구,https://culture.seoul.go.kr/culture/culture/cultureEvent/view.do?cultcode=158402&menuNo=200011,https://culture.seoul.go.kr/cmmn/file/getImage.do?atchFileId=eb666054748644679c6c819b37e24a52&thumb=Y,서울시 문화행사,,,,2026-08-23 01:14:23
7월 1인가구세미나 [전기세폭탄없는 여름나기],서울시립문래청소년센터 4층 달촌미디어실,2026-07-22,2026-07-22,교육/체험,영등포구,https://culture.seoul.go.kr/culture/culture/cultureEvent/view.do?cultcode=158435&menuNo=200011,https://culture.seoul.go.kr/cmmn/file/getImage.do?atchFileId=b400ccab81ba466aa9fd5d61b3eca0e3&thumb=Y,서울시 문화행사,,,,2026-08-23 01:14:23
[구립증산도서관] 여름맞이 친환경 도우아트 [가족이 함께 빚는 자연이야기],구립증산도서관 지하 문화강좌실,2026-07-22,2026-07-22,교육/체험,은평구,https://culture.seoul.go.kr/culture/culture/cultureEvent/view.do?cultcode=158862&menuNo=200011,https://culture.seoul.go.kr/cmmn/file/getImage.do?atchFileId=9dbafb4637684d3d8737063a57ab5d37&thumb=Y,서울시 문화행사,,,,2026-08-23 01:14:23
[구립증산도서관] 7월 책 읽어주는 사서 [수요일은 책이랑 쑥쑥],구립증산도서관 3층 가족열람실,2026-07-22,2026-07-22,교육/체험,은평구,https://culture.seoul.go.kr/culture/culture/cultureEvent/view.do?cultcode=158863&menuNo=200011,https://culture.seoul.go.kr/cmmn/file/getImage.do?atchFileId=f906244abd4c4436a068d583158b7b23&thumb=Y,서울시 문화행사,,,,2026-08-23 01:14:23
[서울상상나라] 가방에 쏘옥!,서울상상나라 B1 표현놀이실,2026-07-21,2026-08-16,교육/체험,광진구,https://culture.seoul.go.kr/culture/culture/cultureEvent/view.do?cultcode=158663&menuNo=200011,https://culture.seoul.go.kr/cmmn/file/getImage.do?atchFileId=ac36c370043b4fd9b3c891ec931cfd24&thumb=Y,서울시 문화행사,,,,2026-08-23 01:14:23
"[운현궁] 하우스뮤지엄 [궁중의 기억 푸른 화원, 청화(靑華)_지평도예 단체전",운현궁 노락당,2026-07-21,2026-07-26,전시/미술,종로구,https://culture.seoul.go.kr/culture/culture/cultureEvent/view.do?cultcode=158708&menuNo=200009,https://culture.seoul.go.kr/cmmn/file/getImage.do?atchFileId=9cfeed0cf1614705b56c1ee835b7d410&thumb=Y,서울시 문화행사,,0.000374,2,2026-08-23 01:14:23
[서울시립미술관 서소문본관] 예술가의 런치박스 듀킴 [허니듀와 다육사도들],서울시립미술관 서소문본관 3층 세마엘,2026-07-21,2026-07-23,교육/체험,중구,https://culture.seoul.go.kr/culture/culture/cultureEvent/view.do?cultcode=158453&menuNo=200011,https://culture.seoul.go.kr/cmmn/file/getImage.do?atchFileId=ae270bbb7e5a453094140ad8909078b9&thumb=Y,서울시 문화행사,,,,2026-08-23 01:14:23
[서울문화재단] 정책포럼 [제12회 서울문화예술포럼],"서울문화재단 청년예술청 그레이홀(서대문구 경기대로 26-26,B2)",2026-07-21,2026-07-21,기타,서대문구,https://culture.seoul.go.kr/culture/culture/cultureEvent/view.do?cultcode=158501&menuNo=200013,https://culture.seoul.go.kr/cmmn/file/getImage.do?atchFileId=d966d7144f9e4ff19a55e9c97c564b62&thumb=Y,서울시 문화행사,,,,2026-08-23 01:14:23
"[한성백제박물관] 성인 대상 [읽고 쓰는 백제사Season2 삼국유사, 한시편]",한성백제박물관 교육실,2026-07-20,2026-08-31,교육/체험,송파구,https://culture.seoul.go.kr/culture/culture/cultureEvent/view.do?cultcode=158489&menuNo=200011,https://culture.seoul.go.kr/cmmn/file/getImage.do?atchFileId=27fa2b845487439ca5982b7dccc9c102&thumb=Y,서울시 문화행사,,,,2026-08-23 01:14:23
[구립증산도서관] 하계 부모교육 특강 - 친구에게 휘둘리지 않는 아이의 단단한 말하기,구립증산도서관 2층 강당,2026-07-20,2026-07-20,교육/체험,은평구,https://culture.seoul.go.kr/culture/culture/cultureEvent/view.do?cultcode=158517&menuNo=200011,https://culture.seoul.go.kr/cmmn/file/getImage.do?atchFileId=9427b0eaa78d46fb8911bcdf1d0389f9&thumb=Y,서울시 문화행사,,,,2026-08-23 01:14:23
김지혜 바이올린 독주회 - 그리그 바이올린 소나타 전곡 연주,세종체임버홀,2026-07-20,2026-07-20,독주/독창회,종로구,https://culture.seoul.go.kr/culture/culture/cultureEvent/view.do?cultcode=158693&menuNo=200008,https://culture.seoul.go.kr/cmmn/file/getImage.do?atchFileId=9a1c9e38dd394a4ba5686af016ee59f9&thumb=Y,서울시 문화행사,,0.012949,36,2026-08-23 01:14:23
[서울영화센터] 스마트폰으로 만드는 나만의 영화 - Ⅱ.프리프로덕션,서울영화센터 7층 다목적실,2026-07-18,2626-08-08,교육/체험,중구,https://culture.seoul.go.kr/culture/culture/cultureEvent/view.do?cultcode=158497&menuNo=200011,https://culture.seoul.go.kr/cmmn/file/getImage.do?atchFileId=26e7844e4bcf468da603bae9774d5694&thumb=Y,서울시 문화행사,,,,2026-08-23 01:14:23
[동작문화재단] 2026 까망돌어울마당 아트홀 하반기 정기 기획공연 [까망돌 칸타빌레],까망돌어울마당 아트홀,2026-07-18,2026-12-09,콘서트,동작구,https://culture.seoul.go.kr/culture/culture/cultureEvent/view.do?cultcode=158401&menuNo=200008,https://culture.seoul.go.kr/cmmn/file/getImage.do?atchFileId=a4de3e9d2435423c8bd3df38acba3622&thumb=Y,서울시 문화행사,,0.001463,15,2026-08-23 01:14:23
2026 서울문학기행,"기행, 강연별 상이",2026-07-18,2026-10-31,교육/체험,마포구,https://culture.seoul.go.kr/culture/culture/cultureEvent/view.do?cultcode=158378&menuNo=200011,https://culture.seoul.go.kr/cmmn/file/getImage.do?atchFileId=07cfb341e5934c7582884c709c513b12&thumb=Y,서울시 문화행사,,,,2026-08-23 01:14:23
[서울무형유산교육전시장] 홍염 일일체험 [명주실 전통염색 일일체험] 2차,서울무형유산교육전시장,2026-07-18,2026-08-29,교육/체험,종로구,https://culture.seoul.go.kr/culture/culture/cultureEvent/view.do?cultcode=158783&menuNo=200011,https://culture.seoul.go.kr/cmmn/file/getImage.do?atchFileId=f0a0680dd10f434f892398c14e4400bd&thumb=Y,서울시 문화행사,,0.005989,29,2026-08-23 01:14:23
[은평문화재단] 가가호호 - [춤추는 여름방학],구립은평뉴타운도서관 2층 다목적실,2026-07-18,2026-08-08,교육/체험,은평구,https://culture.seoul.go.kr/culture/culture/cultureEvent/view.do?cultcode=158288&menuNo=200011,https://culture.seoul.go.kr/cmmn/file/getImage.do?atchFileId=59ce1bf343f64b30ac3ec3f4b79721dc&thumb=Y,서울시 문화행사,,,,2026-08-23 01:14:23
[남산골한옥마을] 2026 남산골 여름나기 [여름다과],남산골한옥마을 옥인동 가옥,2026-07-18,2026-08-02,교육/체험,중구,https://culture.seoul.go.kr/culture/culture/cultureEvent/view.do?cultcode=158428&menuNo=200011,https://culture.seoul.go.kr/cmmn/file/getImage.do?atchFileId=c6906f781fde41848fd3bbd72e09e01f&thumb=Y,서울시 문화행사,,,,2026-08-23 01:14:23
"[송파 청년아티스트센터] 3기 릴레이 개인전 [Far-Sighted, Near-Sighted-티조현리]",송파 청년아티스트센터 지하1층 아트스페이스,2026-07-18,2026-07-30,전시/미술,송파구,https://culture.seoul.go.kr/culture/culture/cultureEvent/view.do?cultcode=158587&menuNo=200009,https://culture.seoul.go.kr/cmmn/file/getImage.do?atchFileId=063db182ff0e48a19412575b1d565221&thumb=Y,서울시 문화행사,,,,2026-08-23 01:14:23
[꿈의숲아트센터] 올리브와 찐콩 [피노키오 트라이얼],꿈의숲아트센터 퍼포먼스홀,2026-07-18,2026-07-19,연극,강북구,https://culture.seoul.go.kr/culture/culture/cultureEvent/view.do?cultcode=158210&menuNo=200008,https://culture.seoul.go.kr/cmmn/file/getImage.do?atchFileId=a36d5b7f2e6549819adadde5345d0328&thumb=Y,서울시 문화행사,,0.036383,46,2026-08-23 01:14:23
2026 윤성주 춤 아카데미 창단 공연 [월-月],국립국악원 예악당,2026-07-18,2026-07-19,무용,서초구,https://culture.seoul.go.kr/culture/culture/cultureEvent/view.do?cultcode=158205&menuNo=200008,https://culture.seoul.go.kr/cmmn/file/getImage.do?atchFileId=40a41a5665f04c5385dbde8763cd456c&thumb=Y,서울시 문화행사,,0.012078,36,2026-08-23 01:14:23
[Grown - up : 어른이 되어가는 것] 몰입형재즈 공연 X 소셜링,"블루트레인 재즈클럽, 면목로 182 지하 1층",2026-07-18,2026-07-18,콘서트,광진구,https://culture.seoul.go.kr/culture/culture/cultureEvent/view.do?cultcode=158360&menuNo=200008,https://culture.seoul.go.kr/cmmn/file/getImage.do?atchFileId=ec0274013c2c493b9263bdadd3c5a251&thumb=Y,서울시 문화행사,,,,2026-08-23 01:14:23
"[살롱클래식] 듀오 트라베르소 - 여름, 슈베르트, 그리고 방랑",라율아트홀,2026-07-18,2026-07-18,클래식,서초구,https://culture.seoul.go.kr/culture/culture/cultureEvent/view.do?cultcode=158605&menuNo=200008,https://culture.seoul.go.kr/cmmn/file/getImage.do?atchFileId=9417e7f48a5e46d8a47f574e040f455f&thumb=Y,서울시 문화행사,,0.012015,36,2026-08-23 01:14:23
테너 김승직 솔로 리사이틀 : 시인의 사랑,세종체임버홀,2026-07-18,2026-07-18,클래식,종로구,https://culture.seoul.go.kr/culture/culture/cultureEvent/view.do?cultcode=158694&menuNo=200008,https://culture.seoul.go.kr/cmmn/file/getImage.do?atchFileId=211b1bf489c7479e81869255086e279d&thumb=Y,서울시 문화행사,,0.012949,36,2026-08-23 01:14:23
"[서울문화예술교육센터 강북] 일상의 무대 [7월 워크숍 : 오늘, 우리는 광대] (초등학생 + 가족 대상)","2층 예술당솔샘, 움직임창작실1",2026-07-18,2026-07-18,교육/체험,강북구,https://culture.seoul.go.kr/culture/culture/cultureEvent/view.do?cultcode=158519&menuNo=200011,https://culture.seoul.go.kr/cmmn/file/getImage.do?atchFileId=9c683748da884abeb43b9e728479b7da&thumb=Y,서울시 문화행사,,,,2026-08-23 01:14:23
[용산역사박물관] 2026 용산역사박물관 [월간 청음회] 7월,용산역사박물관 1층 로비,2026-07-18,2026-07-18,클래식,용산구,https://culture.seoul.go.kr/culture/culture/cultureEvent/view.do?cultcode=158215&menuNo=200008,https://culture.seoul.go.kr/cmmn/file/getImage.do?atchFileId=dc6c458289754c9a811580c1e84e4a17&thumb=Y,서울시 문화행사,,,,2026-08-23 01:14:23
[서울갤러리] 런치 스테이지 [싱어송라이터 장여름],서울갤러리 지하 1층 공연장,2026-07-18,2026-07-18,콘서트,중구,https://culture.seoul.go.kr/culture/culture/cultureEvent/view.do?cultcode=158532&menuNo=200008,https://culture.seoul.go.kr/cmmn/file/getImage.do?atchFileId=4311c6174f824e42bfc6daad3fa9da27&thumb=Y,서울시 문화행사,,,,2026-08-23 01:14:23
[서울남산국악당] 소나기 Project 20th [삼채 三彩],서울남산국악당 크라운해태홀,2026-07-18,2026-07-18,국악,중구,https://culture.seoul.go.kr/culture/culture/cultureEvent/view.do?cultcode=158290&menuNo=200008,https://culture.seoul.go.kr/cmmn/file/getImage.do?atchFileId=ff005442219843468fc75c6ce676e73a&thumb=Y,서울시 문화행사,,0.000498,5,2026-08-23 01:14:23
2026 까망돌어울마당 아트홀 상반기 정기 기획공연 [까망돌 칸타빌레] 7회차 해의 아이들의 [삼양동화],까망돌어울마당 아트홀,2026-07-18,2026-07-18,콘서트,동작구,https://culture.seoul.go.kr/culture/culture/cultureEvent/view.do?cultcode=158403&menuNo=200008,https://culture.seoul.go.kr/cmmn/file/getImage.do?atchFileId=1bf69c51071b4659a59d7a3bbf21cddf&thumb=Y,서울시 문화행사,,0.001463,15,2026-08-23 01:14:23
[구립증산도서관] KSD나눔재단 찾아가는 금융교육 [우리 가족 현명한 금융생활],구립증산도서관 지하문화강좌실,2026-07-18,2026-07-18,교육/체험,은평구,https://culture.seoul.go.kr/culture/culture/cultureEvent/view.do?cultcode=158860&menuNo=200011,https://culture.seoul.go.kr/cmmn/file/getImage.do?atchFileId=cef0d2ba6407475c9c5c768486991a3d&thumb=Y,서울시 문화행사,,,,2026-08-23 01:14:23
"동시대 윤리, 사회적 모델 너머로",서울연극센터,2026-07-18,2026-07-18,교육/체험,종로구,https://culture.seoul.go.kr/culture/culture/cultureEvent/view.do?cultcode=158458&menuNo=200011,https://culture.seoul.go.kr/cmmn/file/getImage.do?atchFileId=66660e34ac204be08ad81ebed94a84cd&thumb=Y,서울시 문화행사,,0.016448,39,2026-08-23 01:14:23
시나브로 가슴에 [도깨비 운동회],서울돈화문국악당,2026-07-18,2026-07-18,무용,종로구,https://culture.seoul.go.kr/culture/culture/cultureEvent/view.do?cultcode=158427&menuNo=200008,https://culture.seoul.go.kr/cmmn/file/getImage.do?atchFileId=de6009e9026549b5a84c20a707d1199f&thumb=Y,서울시 문화행사,,0.009687,34,2026-08-23 01:14:23
[광진문화재단] 나루아티스트 X 롯데백화점 건대스타시티점 특별기획전 [일상 속의 예술 산책],롯데백화점 건대스타시티점 [10층],2026-07-17,2026-08-17,전시/미술,광진구,https://culture.seoul.go.kr/culture/culture/cultureEvent/view.do?cultcode=158591&menuNo=200009,https://culture.seoul.go.kr/cmmn/file/getImage.do?atchFileId=8f5b1299d51b4baabbf5eb6b977046cf&thumb=Y,서울시 문화행사,,,,2026-08-23 01:14:23
DDP 여름 스페셜투어 2026,"DDP 라운지 투어데스크 (아트홀 1층 A3, A4 출입문)",2026-07-17,2026-08-08,교육/체험,중구,https://culture.seoul.go.kr/culture/culture/cultureEvent/view.do?cultcode=158609&menuNo=200011,https://culture.seoul.go.kr/cmmn/file/getImage.do?atchFileId=dae43bb6deaa4bc6a611b8195f4d9d15&thumb=Y,서울시 문화행사,,,,2026-08-23 01:14:23
[서울공예박물관] 임페리얼 골드: 자수(3·4기),서울공예박물관 전시3동 1층 교육실,2026-07-17,2026-07-25,교육/체험,종로구,https://culture.seoul.go.kr/culture/culture/cultureEvent/view.do?cultcode=158585&menuNo=200011,https://culture.seoul.go.kr/cmmn/file/getImage.do?atchFileId=e979db62753545439637cdb6fb034bd2&thumb=Y,서울시 문화행사,,,,2026-08-23 01:14:23
[세종문화회관] 여유와 설빈 on Sync Next 26,세종S씨어터,2026-07-17,2026-07-17,영화,종로구,https://culture.seoul.go.kr/culture/culture/cultureEvent/view.do?cultcode=158340&menuNo=200013,https://culture.seoul.go.kr/cmmn/file/getImage.do?atchFileId=e6813693553f480d99edd5a25312f6c8&thumb=Y,서울시 문화행사,,0.002528,20,2026-08-23 01:14:23
키타무라 아사미 피아노 리사이틀,세종체임버홀,2026-07-17,2026-07-17,독주/독창회,종로구,https://culture.seoul.go.kr/culture/culture/cultureEvent/view.do?cultcode=158696&menuNo=200008,https://culture.seoul.go.kr/cmmn/file/getImage.do?atchFileId=f16661bd8ea24df3b2204b6e7f4b0ef1&thumb=Y,서울시 문화행사,,0.012949,36,2026-08-23 01:14:23
2026년 야간 공연 관람권_[없는 잘못],미아리고개예술극장,2026-07-17,2026-07-17,연극,성북구,https://culture.seoul.go.kr/culture/culture/cultureEvent/view.do?cultcode=158414&menuNo=200008,https://culture.seoul.go.kr/cmmn/file/getImage.do?atchFileId=12350df995ec48dbac22ac799906388c&thumb=Y,서울시 문화행사,,0.006649,30,2026-08-23 01:14:23
[사운드나루@서울 2026] 한일 뮤지션 스토리 쇼케이스,서교스퀘어,2026-07-17,2026-07-17,콘서트,마포구,https://culture.seoul.go.kr/culture/culture/cultureEvent/view.do?cultcode=158384&menuNo=200008,https://culture.seoul.go.kr/cmmn/file/getImage.do?atchFileId=9dbeafedfd134ee0837ba5fbcc9a03a2&thumb=Y,서울시 문화행사,,0.014282,37,2026-08-23 01:14:23
[송파문화재단] 2026 송파 문화예술 활성화 지원사업 선정작 [발레 블러썸],송파문화예술회관 송파아트홀,2026-07-17,2026-07-17,무용,송파구,https://culture.seoul.go.kr/culture/culture/cultureEvent/view.do?cultcode=158224&menuNo=200008,https://culture.seoul.go.kr/cmmn/file/getImage.do?atchFileId=5264036584e744d1aba1e5edbeb2074d&thumb=Y,서울시 문화행사,,,,2026-08-23 01:14:23
[서울백제어린이박물관] 초등1-3학년 동반가족 대상 [뮤지엄 휴휴프로그램4] 나라사랑,"서울백제어린이박물관 교육실, 전시실 등",2026-07-17,2026-07-17,교육/체험,송파구,https://culture.seoul.go.kr/culture/culture/cultureEvent/view.do?cultcode=158628&menuNo=200011,https://culture.seoul.go.kr/cmmn/file/getImage.do?atchFileId=481a22f1683746548bcb2941174eeaf5&thumb=Y,서울시 문화행사,,,,2026-08-23 01:14:23
[마포구립서강도서관] 7~10월/읽는 인간_호모 부커스 Ⅲ. [마르셀 프루스트의 『잃어버린 시간을 찾아서』 읽기],"온라인(ZOOM), 서강도서관 3층 세미나실",2026-07-16,2026-10-29,교육/체험,마포구,https://culture.seoul.go.kr/culture/culture/cultureEvent/view.do?cultcode=158339&menuNo=200011,https://culture.seoul.go.kr/cmmn/file/getImage.do?atchFileId=6e32f54ab532460f879cc6be27c415c5&thumb=Y,서울시 문화행사,,,,2026-08-23 01:14:23
[서울시립 사진미술관] 마틴 파 : We Are Martin Parr,"서울시립 사진미술관 2층 영상홀, 서울시립 사진미술관 2층 1,2,3,4전시실",2026-07-16,2026-10-18,전시/미술,도봉구,https://culture.seoul.go.kr/culture/culture/cultureEvent/view.do?cultcode=158468&menuNo=200009,https://culture.seoul.go.kr/cmmn/file/getImage.do?atchFileId=1dde0d7d300d465f9e977d4aaf2fe0a2&thumb=Y,서울시 문화행사,,,,2026-08-23 01:14:23
[문화실험공간 호수] 월간 호수랩 8월: 예술로 더위격파!,문화실험공간 호수 3층 강의실,2026-07-16,2026-08-31,교육/체험,송파구,https://culture.seoul.go.kr/culture/culture/cultureEvent/view.do?cultcode=158615&menuNo=200011,https://culture.seoul.go.kr/cmmn/file/getImage.do?atchFileId=ef3546d32b584f14b00377bee8dcdfd4&thumb=Y,서울시 문화행사,,,,2026-08-23 01:14:23
제9회 동아주니어콩쿠르 특전독주회 [박주원 피아노 독주회],라율아트홀,2026-07-16,2026-07-16,클래식,서초구,https://culture.seoul.go.kr/culture/culture/cultureEvent/view.do?cultcode=158457&menuNo=200008,https://culture.seoul.go.kr/cmmn/file/getImage.do?atchFileId=7792895e3edb4f6b93c91ccecc470093&thumb=Y,서울시 문화행사,,0.012015,36,2026-08-23 01:14:23
7월 국회문화극장 [흘려보낸 여름],국회의원회관 2층 대회의실,2026-07-16,2026-07-16,영화,영등포구,https://culture.seoul.go.kr/culture/culture/cultureEvent/view.do?cultcode=158438&menuNo=200013,https://culture.seoul.go.kr/cmmn/file/getImage.do?atchFileId=a46df66975e348cda7a7e56ffde4193b&thumb=Y,서울시 문화행사,,0.000311,0,2026-08-23 01:14:23
서울디자인런2026@SUP [제도의 지형 - 순환경제 규제가 만드는 기회],서울새활용플라자 5층 교육실,2026-07-16,2026-07-16,교육/체험,성동구,https://culture.seoul.go.kr/culture/culture/cultureEvent/view.do?cultcode=158481&menuNo=200011,https://culture.seoul.go.kr/cmmn/file/getImage.do?atchFileId=8da192683e75445797b6b6715bc8dd69&thumb=Y,서울시 문화행사,,,,2026-08-23 01:14:23
[중구문화재단] SAC ON SCREEN : 티에리 위에의 어린왕자,충무아트센터 씨네마,2026-07-16,2026-07-16,클래식,중구,https://culture.seoul.go.kr/culture/culture/cultureEvent/view.do?cultcode=158528&menuNo=200008,https://culture.seoul.go.kr/cmmn/file/getImage.do?atchFileId=47d21967d46e43f39b5bd2466fb7c550&thumb=Y,서울시 문화행사,,0.000467,4,2026-08-23 01:14:23
"[서초문화재단] 서리풀 서초9 시리즈 3 [그녀는 사랑하고, 그는 꿈꾼다 Sie liebt, Ertraumt]",심산기념문화센터 2층 반포심산아트홀,2026-07-16,2026-07-16,클래식,서초구,https://culture.seoul.go.kr/culture/culture/cultureEvent/view.do?cultcode=158374&menuNo=200008,https://culture.seoul.go.kr/cmmn/file/getImage.do?atchFileId=7fa63117f28041ee8e6151170aaf1d52&thumb=Y,서울시 문화행사,,,,2026-08-23 01:14:23
[서울시립교향악단] 2026 서울시향 퇴근길 토크 콘서트 Ⅱ : 여름 음악 축제 ②,대한성공회 서울주교좌성당,2026-07-16,2026-07-16,클래식,중구,https://culture.seoul.go.kr/culture/culture/cultureEvent/view.do?cultcode=158268&menuNo=200008,https://culture.seoul.go.kr/cmmn/file/getImage.do?atchFileId=2a52d1e2db814a43891b8161c7e02d03&thumb=Y,서울시 문화행사,,0.005242,28,2026-08-23 01:14:23
NEC첼로앙상블 정기연주회,세종체임버홀,2026-07-16,2026-07-16,클래식,종로구,https://culture.seoul.go.kr/culture/culture/cultureEvent/view.do?cultcode=158451&menuNo=200008,https://culture.seoul.go.kr/cmmn/file/getImage.do?atchFileId=9e6c61be29e94c6bad2e029b52d6df02&thumb=Y,서울시 문화행사,,0.012949,36,2026-08-23 01:14:23
대학로1등 판타지코믹연극 [타임],대학로스타릿홀 5층,2026-07-15,2026-12-31,연극,종로구,https://culture.seoul.go.kr/culture/culture/cultureEvent/view.do?cultcode=158165&menuNo=200008,https://culture.seoul.go.kr/cmmn/file/getImage.do?atchFileId=415b27406ee0410a96615f543202602b&thumb=Y,서울시 문화행사,,,,2026-08-23 01:14:23
[동작문화재단] 2026 본동어울마당 아트홀 하반기 정기 기획공연 [본동 세레나데],본동어울마당 아트홀,2026-07-15,2026-12-16,콘서트,동작구,https://culture.seoul.go.kr/culture/culture/cultureEvent/view.do?cultcode=158785&menuNo=200008,https://culture.seoul.go.kr/cmmn/file/getImage.do?atchFileId=4a60d747b84944d28ff605b182ac1d9f&thumb=Y,서울시 문화행사,,0.000311,0,2026-08-23 01:14:23
[서울식물원] 2026 서울식물원 여름행사 [식물원은 미술관 : 프리다가 사랑한 식물들],서울식물원 식물문화센터,2026-07-15,2026-08-17,축제-문화/예술,강서구,https://culture.seoul.go.kr/culture/culture/cultureEvent/view.do?cultcode=158434&menuNo=200010,https://culture.seoul.go.kr/cmmn/file/getImage.do?atchFileId=50d142ca0d6640cc93c25a7ea50223f6&thumb=Y,서울시 문화행사,,0.001805,17,2026-08-23 01:14:23
[서울도서관 × 서울특별시 어린이병원] 정여울 - 찾아가는 작가힙톡(Hip-Talk),서울특별시 어린이병원 발달센터 5층 강당,2026-07-15,2026-07-29,교육/체험,서초구,https://culture.seoul.go.kr/culture/culture/cultureEvent/view.do?cultcode=158740&menuNo=200011,https://culture.seoul.go.kr/cmmn/file/getImage.do?atchFileId=e095c0db0a7b41299bda27e719d8d2bd&thumb=Y,서울시 문화행사,,,,2026-08-23 01:14:23
어린이 마당놀이극 [거기 누구요],종로아이들극장,2026-07-15,2026-07-19,국악,종로구,https://culture.seoul.go.kr/culture/culture/cultureEvent/view.do?cultcode=158557&menuNo=200008,https://culture.seoul.go.kr/cmmn/file/getImage.do?atchFileId=27cf1880d26f47c1a85dd0157f51208b&thumb=Y,서울시 문화행사,,0.020009,41,2026-08-23 01:14:23
연극 [네번째 사람],예술공간혜화,2026-07-15,2026-07-18,연극,종로구,https://culture.seoul.go.kr/culture/culture/cultureEvent/view.do?cultcode=158433&menuNo=200008,https://culture.seoul.go.kr/cmmn/file/getImage.do?atchFileId=fab0b7301ad24471bc7a0e0535ca4c53&thumb=Y,서울시 문화행사,,0.003001,22,2026-08-23 01:14:23
리움미술관 아이디어 뮤지엄 《In the Middle Voice: 다섯 개의 움직임》 - [듣기의 실천들],리움미술관 강당 및 온라인,2026-07-15,2026-07-16,교육/체험,용산구,https://culture.seoul.go.kr/culture/culture/cultureEvent/view.do?cultcode=158494&menuNo=200011,https://culture.seoul.go.kr/cmmn/file/getImage.do?atchFileId=9d716fe7143b4a02b7c9976d1352cb70&thumb=Y,서울시 문화행사,,,,2026-08-23 01:14:23
[동작문화재단] 본동어울마당 아트홀 '본동 세레나데' 7회차 [뮤라인컴퍼니의 사랑이 머무는 순간],본동어울마당 아트홀,2026-07-15,2026-07-15,뮤지컬/오페라,동작구,https://culture.seoul.go.kr/culture/culture/cultureEvent/view.do?cultcode=158614&menuNo=200008,https://culture.seoul.go.kr/cmmn/file/getImage.do?atchFileId=8e28b5f33b3c41b8ad8f50a039a70a52&thumb=Y,서울시 문화행사,,0.000311,0,2026-08-23 01:14:23
인사도시유적전시관 개관,인사도시유적전시관 (서울 종로구 종로11길 18 (인사동)),2026-07-15,2026-07-15,기타,종로구,https://culture.seoul.go.kr/culture/culture/cultureEvent/view.do?cultcode=158575&menuNo=200013,https://culture.seoul.go.kr/cmmn/file/getImage.do?atchFileId=8d5efe6563d846c7be5a607117d4bbac&thumb=Y,서울시 문화행사,,,,2026-08-23 01:14:23
[서울시립 서서울미술관] 《우리의 시간은 여기서부터》 연계 수어 통역 전시 해설 프로그램 [여기를 함께 읽는 시간], 서울시립 서서울미술관,2026-07-15,2026-07-15,교육/체험,금천구,https://culture.seoul.go.kr/culture/culture/cultureEvent/view.do?cultcode=158548&menuNo=200011,https://culture.seoul.go.kr/cmmn/file/getImage.do?atchFileId=30a3ee3b1e2245759fe1361e9bb98bf9&thumb=Y,서울시 문화행사,,0.031141,45,2026-08-23 01:14:23
[성동문화재단] 세계 영화 상영회 6회차 [독일 영화],성수아트홀,2026-07-15,2026-07-15,영화,성동구,https://culture.seoul.go.kr/culture/culture/cultureEvent/view.do?cultcode=158300&menuNo=200013,https://culture.seoul.go.kr/cmmn/file/getImage.do?atchFileId=4de5c9d83ab040a3a0e8597b975649fa&thumb=Y,서울시 문화행사,,0.033892,46,2026-08-23 01:14:23
[마포문화재단] M 마티네 [2026 MAC 모닝 콘서트 ＃5],마포아트센터 아트홀맥,2026-07-15,2026-07-15,클래식,마포구,https://culture.seoul.go.kr/culture/culture/cultureEvent/view.do?cultcode=157855&menuNo=200008,https://culture.seoul.go.kr/cmmn/file/getImage.do?atchFileId=9146124c6c174b139468f1e07c66e38c&thumb=Y,서울시 문화행사,,0.055695,51,2026-08-23 01:14:23
[서울역사박물관] 여민공수與民共守 [백성과 함께 지킨다],서울역사박물관 기획전시실 B / 한양도성박물관 기획전시실,2026-07-14,2026-10-25,전시/미술,종로구,https://culture.seoul.go.kr/culture/culture/cultureEvent/view.do?cultcode=158246&menuNo=200009,https://culture.seoul.go.kr/cmmn/file/getImage.do?atchFileId=504caf944a314f089d9de743e41f3aed&thumb=Y,서울시 문화행사,,,,2026-08-23 01:14:23
[서울아트책보고] 큐레이션 서가 4기 [지구와 나누는 대화],서울아트책보고 예술책방,2026-07-14,2026-10-11,전시/미술,구로구,https://culture.seoul.go.kr/culture/culture/cultureEvent/view.do?cultcode=158589&menuNo=200009,https://culture.seoul.go.kr/cmmn/file/getImage.do?atchFileId=b4950995fcbb44909bea2e8d7e9e74be&thumb=Y,서울시 문화행사,,,,2026-08-23 01:14:23
[한성백제박물관] 여름방학 청소년 자율체험 박물관 미션 탐방! [한원 속 백제를 찾아라!],"한성백제박물관 기획전시실, 안내데스크",2026-07-14,2026-08-30,교육/체험,송파구,https://culture.seoul.go.kr/culture/culture/cultureEvent/view.do?cultcode=158812&menuNo=200011,https://culture.seoul.go.kr/cmmn/file/getImage.do?atchFileId=db71cc531fd04979888f64a1ae379ed4&thumb=Y,서울시 문화행사,,,,2026-08-23 01:14:23
강미미 [잃어버린 것을 찾으려면 아래로 내려가야 한다],주석모음집,2026-07-14,2026-07-28,전시/미술,종로구,https://culture.seoul.go.kr/culture/culture/cultureEvent/view.do?cultcode=158598&menuNo=200009,https://culture.seoul.go.kr/cmmn/file/getImage.do?atchFileId=52447d4348ce4369b82585b45cfe1778&thumb=Y,서울시 문화행사,,,,2026-08-23 01:14:23
"2026 더 임팩트 청년예술인 공모전시 [뿌리로 닿아, 넝쿨로 흐르는 우리] ",문화실험공간 호수 2F 전시실,2026-07-14,2026-07-26,전시/미술,송파구,https://culture.seoul.go.kr/culture/culture/cultureEvent/view.do?cultcode=158610&menuNo=200009,https://culture.seoul.go.kr/cmmn/file/getImage.do?atchFileId=eba22255cd3b4ccaba87e121a422f538&thumb=Y,서울시 문화행사,,,,2026-08-23 01:14:23
"[운현궁] 하우스뮤지엄 [시간을 굽다, 푸름을 담다_손인자 개인전]",운현궁 노락당,2026-07-14,2026-07-19,전시/미술,종로구,https://culture.seoul.go.kr/culture/culture/cultureEvent/view.do?cultcode=158611&menuNo=200009,https://culture.seoul.go.kr/cmmn/file/getImage.do?atchFileId=4912ab7614084ef584a78452ec61a011&thumb=Y,서울시 문화행사,,0.000374,2,2026-08-23 01:14:23
Ensemble VoRA 스페셜 프로젝트 [Beyond the Light],세종체임버홀,2026-07-14,2026-07-14,클래식,종로구,https://culture.seoul.go.kr/culture/culture/cultureEvent/view.do?cultcode=158450&menuNo=200008,https://culture.seoul.go.kr/cmmn/file/getImage.do?atchFileId=7745aeec188f49a1870b8cd2638537ad&thumb=Y,서울시 문화행사,,0.012949,36,2026-08-23 01:14:23
[서초문화재단] 2026 심산영화관 [로미오와 줄리엣],심산기념문화센터 반포심산아트홀,2026-07-14,2026-07-14,영화,서초구,https://culture.seoul.go.kr/culture/culture/cultureEvent/view.do?cultcode=158573&menuNo=200013,https://culture.seoul.go.kr/cmmn/file/getImage.do?atchFileId=e9a77b9fe563457aacc63f48ec3349d9&thumb=Y,서울시 문화행사,,,,2026-08-23 01:14:23
[서울시립교향악단] 2026 서울시향 퇴근길 토크 콘서트 Ⅱ : 여름 음악 축제 ①,정동제일교회,2026-07-14,2026-07-14,클래식,중구,https://culture.seoul.go.kr/culture/culture/cultureEvent/view.do?cultcode=158267&menuNo=200008,https://culture.seoul.go.kr/cmmn/file/getImage.do?atchFileId=8564d2c6bfa44f93be4d93dc2678a1b3&thumb=Y,서울시 문화행사,,0.039782,47,2026-08-23 01:14:23
[마포문화재단] 2026 꿈의 스튜디오 마포 - 예술 교육 프로그램,마포아트센터 이너프라운지,2026-07-13,2026-08-03,교육/체험,마포구,https://culture.seoul.go.kr/culture/culture/cultureEvent/view.do?cultcode=158638&menuNo=200011,https://culture.seoul.go.kr/cmmn/file/getImage.do?atchFileId=a103729e2b2b403cb840e65b7360228b&thumb=Y,서울시 문화행사,,,,2026-08-23 01:14:23
[연남스페이스] 빛을 [보다],연남스페이스 - 라이브랩 B2,2026-07-13,2026-07-16,전시/미술,마포구,https://culture.seoul.go.kr/culture/culture/cultureEvent/view.do?cultcode=158577&menuNo=200009,https://culture.seoul.go.kr/cmmn/file/getImage.do?atchFileId=225895c70d1d4b67a9ac2eaa7c7077c2&thumb=Y,서울시 문화행사,,,,2026-08-23 01:14:23
"[서울공예박물관]2026 공예문화유산 보존복원 성과 시민 공개행사 [TIMELESS CRAFT, 보존과 재현의 현장]","전시3동 4층 직물보존연구센터, 교육동 강당",2026-07-13,2026-07-13,교육/체험,종로구,https://culture.seoul.go.kr/culture/culture/cultureEvent/view.do?cultcode=158445&menuNo=200011,https://culture.seoul.go.kr/cmmn/file/getImage.do?atchFileId=56b7fa3387894835b3f36371a57a32ee&thumb=Y,서울시 문화행사,,,,2026-08-23 01:14:23
[서소문성지 역사박물관] 《THE FACE: 마주하다》 전시 연계 프로그램 [나를 비추는 거울 액자 만들기],서소문성지 역사박물관 지하1층 명례방,2026-07-12,2026-08-15,교육/체험,중구,https://culture.seoul.go.kr/culture/culture/cultureEvent/view.do?cultcode=158543&menuNo=200011,https://culture.seoul.go.kr/cmmn/file/getImage.do?atchFileId=2a95e73e609a4a078ce23e2ad669334c&thumb=Y,서울시 문화행사,,,,2026-08-23 01:14:23
[마포구립서강도서관] 7월/어린이메이킹 [행복맘껏time] 두 번째 일요일은 해봄공간 오픈데이,마포구립서강도서관 4층 어린이자료실 내 해봄,2026-07-12,2026-07-12,교육/체험,마포구,https://culture.seoul.go.kr/culture/culture/cultureEvent/view.do?cultcode=158362&menuNo=200011,https://culture.seoul.go.kr/cmmn/file/getImage.do?atchFileId=0d628f32594e4b78a7bb6c442d36c3d8&thumb=Y,서울시 문화행사,,,,2026-08-23 01:14:23
Poetic Dialogue,쌀롱드무지끄,2026-07-12,2026-07-12,클래식,종로구,https://culture.seoul.go.kr/culture/culture/cultureEvent/view.do?cultcode=158531&menuNo=200008,https://culture.seoul.go.kr/cmmn/file/getImage.do?atchFileId=e17f1ba370c541739f392ed89b9a1e39&thumb=Y,서울시 문화행사,,0.007645,31,2026-08-23 01:14:23
[서울문화재단] 2026 피어나다 프로젝트 Part.2 [파도를 넘어 피어나다!],서울문화예술교육센터 은평 (서울무용창작센터),2026-07-12,2026-07-12,무용,은평구,https://culture.seoul.go.kr/culture/culture/cultureEvent/view.do?cultcode=158461&menuNo=200008,https://culture.seoul.go.kr/cmmn/file/getImage.do?atchFileId=83a0fcbf4cca4f7dbccba01d659528de&thumb=Y,서울시 문화행사,,,,2026-08-23 01:14:23
[세종문화회관] 2026 상상톡톡미술관 기획전시 [빠씨를 찾아서],북서울꿈의숲 상상톡톡미술관,2026-07-11,2026-10-25,전시/미술,강북구,https://culture.seoul.go.kr/culture/culture/cultureEvent/view.do?cultcode=158234&menuNo=200009,https://culture.seoul.go.kr/cmmn/file/getImage.do?atchFileId=bf0370292aa74772a8e9a413a3196fbf&thumb=Y,서울시 문화행사,,0.009563,33,2026-08-23 01:14:23
[서울문화예술교육센터 은평] 춤추는 라운지 [시민예술가와 함께하는' 나를 위한 춤' - A반],"서울문화예술교육센터 은평 댄스스튜디오1, 서울무용창작센터",2026-07-11,2026-08-14,교육/체험,은평구,https://culture.seoul.go.kr/culture/culture/cultureEvent/view.do?cultcode=158505&menuNo=200011,https://culture.seoul.go.kr/cmmn/file/getImage.do?atchFileId=763a1c6a84794e41ba6bc9afe86a2e12&thumb=Y,서울시 문화행사,,,,2026-08-23 01:14:23
[서울문화예술교육센터 은평] 춤추는 라운지 [시민예술가와 함께하는' 나를 위한 춤' - B반],"서울문화예술교육센터 은평 댄스스튜디오1, 서울무용창작센터",2026-07-11,2026-08-14,교육/체험,은평구,https://culture.seoul.go.kr/culture/culture/cultureEvent/view.do?cultcode=158518&menuNo=200011,https://culture.seoul.go.kr/cmmn/file/getImage.do?atchFileId=de32c966c278465396209ca208b3345d&thumb=Y,서울시 문화행사,,,,2026-08-23 01:14:23
정재열 개인전 [Curtain Call],오에이오에이,2026-07-11,2026-08-08,전시/미술,강남구,https://culture.seoul.go.kr/culture/culture/cultureEvent/view.do?cultcode=158644&menuNo=200009,https://culture.seoul.go.kr/cmmn/file/getImage.do?atchFileId=f67f69926d0f4e309451804f1f98b107&thumb=Y,서울시 문화행사,,0.000311,0,2026-08-23 01:14:23
[예술공간 의식주] 편지를 소각하며,예술공간 의식주,2026-07-11,2026-08-02,전시/미술,서대문구,https://culture.seoul.go.kr/culture/culture/cultureEvent/view.do?cultcode=158622&menuNo=200009,https://culture.seoul.go.kr/cmmn/file/getImage.do?atchFileId=f5f2f3f900b24e78bdc58a950a5a381b&thumb=Y,서울시 문화행사,,0.000311,0,2026-08-23 01:14:23
[강북문화재단] 2026 강북Festa 공연안내,강북진달래홀 공연장,2026-07-11,2026-08-01,연극,강북구,https://culture.seoul.go.kr/culture/culture/cultureEvent/view.do?cultcode=158526&menuNo=200008,https://culture.seoul.go.kr/cmmn/file/getImage.do?atchFileId=2c591ac7a3fc481cb7a2b59dabf575cd&thumb=Y,서울시 문화행사,,,,2026-08-23 01:14:23
"[서울기록원] 유아, 어린이 대상 교육 프로그램 [우리들의 여름이야기]",서울기록원 3층 교육실,2026-07-11,2026-07-30,교육/체험,은평구,https://culture.seoul.go.kr/culture/culture/cultureEvent/view.do?cultcode=158500&menuNo=200011,https://culture.seoul.go.kr/cmmn/file/getImage.do?atchFileId=cd4f5a21b9434e0fa2062dc92721487d&thumb=Y,서울시 문화행사,,,,2026-08-23 01:14:23
[평화문화진지] 2026 평화문화진지 무료 대관 공고 선정 공연 - 리허설: 세 개의 이야기,평화문화진지 벙커시어터,2026-07-11,2026-07-12,연극,도봉구,https://culture.seoul.go.kr/culture/culture/cultureEvent/view.do?cultcode=158495&menuNo=200008,https://culture.seoul.go.kr/cmmn/file/getImage.do?atchFileId=154ec710b2354f9882f803d6ab410a5e&thumb=Y,서울시 문화행사,,,,2026-08-23 01:14:23
DDP 상생마켓: 썸머 바캉스 마켓,DDP 어울림광장,2026-07-11,2026-07-12,기타,중구,https://culture.seoul.go.kr/culture/culture/cultureEvent/view.do?cultcode=158473&menuNo=200013,https://culture.seoul.go.kr/cmmn/file/getImage.do?atchFileId=c4c3b860c09a4f5aaaf512753ffcdbf6&thumb=Y,서울시 문화행사,,0.007994,32,2026-08-23 01:14:23
[관악구] 스트릿 댄스 패스티벌 [그루브 인 관악],서울시 관악구 관악아트홀,2026-07-11,2026-07-12,축제-관광/체육,관악구,https://culture.seoul.go.kr/culture/culture/cultureEvent/view.do?cultcode=158226&menuNo=200010,https://culture.seoul.go.kr/cmmn/file/getImage.do?atchFileId=2ffe364abcea4c6b9b1df4855ba81b61&thumb=Y,서울시 문화행사,,,,2026-08-23 01:14:23
[한성백제박물관] 2026 한성백제박물관 월드뮤직 콘서트,한성백제박물관 지하 2층 한성백제홀,2026-07-11,2026-07-11,콘서트,송파구,https://culture.seoul.go.kr/culture/culture/cultureEvent/view.do?cultcode=158474&menuNo=200008,https://culture.seoul.go.kr/cmmn/file/getImage.do?atchFileId=21198954141f4c5bb2ffad374d539e75&thumb=Y,서울시 문화행사,,,,2026-08-23 01:14:23
[성동문화재단] 여름방학특집 [영화 속 클래식 음악여행],소월아트홀,2026-07-11,2026-07-11,클래식,성동구,https://culture.seoul.go.kr/culture/culture/cultureEvent/view.do?cultcode=158227&menuNo=200008,https://culture.seoul.go.kr/cmmn/file/getImage.do?atchFileId=809b4b1e6bc24bdcaf5eac0419ac0c2f&thumb=Y,서울시 문화행사,,0.159576,61,2026-08-23 01:14:23
[서울남산국악당] 동해안별신굿 [굿도 보고 떡도 먹고],서울남산국악당 크라운해태홀,2026-07-11,2026-07-11,국악,중구,https://culture.seoul.go.kr/culture/culture/cultureEvent/view.do?cultcode=158170&menuNo=200008,https://culture.seoul.go.kr/cmmn/file/getImage.do?atchFileId=c574caf898f44308ab559cc6e13cf39d&thumb=Y,서울시 문화행사,,0.000498,5,2026-08-23 01:14:23
[구립증산도서관] KSD나눔재단 찾아가는 금융교육 [우리 아이를 위한 용돈관리],구립증산도서관 지하문화강좌실,2026-07-11,2026-07-11,교육/체험,은평구,https://culture.seoul.go.kr/culture/culture/cultureEvent/view.do?cultcode=158508&menuNo=200011,https://culture.seoul.go.kr/cmmn/file/getImage.do?atchFileId=e72142b2e6194471a8f494418f72f0c4&thumb=Y,서울시 문화행사,,,,2026-08-23 01:14:23
문예북흥 No.65 - 『모든 흔들리는 눈망울 위에』 그리움과 슬픔이 비쳐 '마음잡을 수 없는 날'이면 하늘과 꽃을 그리는 시인 김주대,이호철북콘서트홀,2026-07-11,2026-07-11,교육/체험,은평구,https://culture.seoul.go.kr/culture/culture/cultureEvent/view.do?cultcode=158396&menuNo=200011,https://culture.seoul.go.kr/cmmn/file/getImage.do?atchFileId=c965ec946a0a410c91f64e40e6783c3e&thumb=Y,서울시 문화행사,,0.013049,36,2026-08-23 01:14:23
"[서울아트책보고] 전시연계 북토크 [덕질, 내 사랑의 주인이 되는 일에 대하여] 안희제 작가",서울아트책보고 워크숍룸,2026-07-11,2026-07-11,교육/체험,구로구,https://culture.seoul.go.kr/culture/culture/cultureEvent/view.do?cultcode=158581&menuNo=200011,https://culture.seoul.go.kr/cmmn/file/getImage.do?atchFileId=b8c72852d0d14798ad6f18aa753e0643&thumb=Y,서울시 문화행사,,,,2026-08-23 01:14:23
[거마도서관] 지금 몇 시? 거마시(詩) : 시집 홈쇼핑,거마도서관 5층 어린이자료실,2026-07-11,2026-07-11,교육/체험,송파구,https://culture.seoul.go.kr/culture/culture/cultureEvent/view.do?cultcode=158454&menuNo=200011,https://culture.seoul.go.kr/cmmn/file/getImage.do?atchFileId=a019799c2ca8459facf99e0f55cc292f&thumb=Y,서울시 문화행사,,,,2026-08-23 01:14:23
[세종문화회관] 2026 꿈나무 토요음악회 [춤추는 클래식],세종체임버홀,2026-07-11,2026-07-11,클래식,종로구,https://culture.seoul.go.kr/culture/culture/cultureEvent/view.do?cultcode=158336&menuNo=200008,https://culture.seoul.go.kr/cmmn/file/getImage.do?atchFileId=05f5ffa0e9b442b68566679264c0fcb1&thumb=Y,서울시 문화행사,,0.012949,36,2026-08-23 01:14:23
앙상블 어우름의 코드(Chord) 속의 코드(Code) I : MBTI in Music,라율아트홀,2026-07-11,2026-07-11,클래식,서초구,https://culture.seoul.go.kr/culture/culture/cultureEvent/view.do?cultcode=158436&menuNo=200008,https://culture.seoul.go.kr/cmmn/file/getImage.do?atchFileId=076a6e5bb6124f919bf846831a0d4afa&thumb=Y,서울시 문화행사,,0.012015,36,2026-08-23 01:14:23
"[구립증산도서관] 책이랑 놀자, 이렇게! 7월 프로그램",구립증산도서관 지하문화강좌실,2026-07-11,2026-07-11,교육/체험,은평구,https://culture.seoul.go.kr/culture/culture/cultureEvent/view.do?cultcode=158507&menuNo=200011,https://culture.seoul.go.kr/cmmn/file/getImage.do?atchFileId=d1ce831826d14df0be5898f9fd938131&thumb=Y,서울시 문화행사,,,,2026-08-23 01:14:23
[강남문화재단] 7월 키즈예술공연 [언빌리버블쇼],강남씨어터,2026-07-11,2026-07-11,기타,강남구,https://culture.seoul.go.kr/culture/culture/cultureEvent/view.do?cultcode=158590&menuNo=200013,https://culture.seoul.go.kr/cmmn/file/getImage.do?atchFileId=105ccecbc9c643789c5862b551edc5d2&thumb=Y,서울시 문화행사,,0.012152,36,2026-08-23 01:14:23
[구로문화재단] 2026 공연예술 활동 지원 [구로아트브릿지] 선정작 극단 파수꾼 [돌고 돌고],오류아트홀,2026-07-11,2026-07-11,연극,구로구,https://culture.seoul.go.kr/culture/culture/cultureEvent/view.do?cultcode=158522&menuNo=200008,https://culture.seoul.go.kr/cmmn/file/getImage.do?atchFileId=889124aa70df4c11bc868da3d60d9615&thumb=Y,서울시 문화행사,,0.019636,40,2026-08-23 01:14:23
[김근태기념도서관] 《닿다》 전시연계워크숍 [기억에 닿는 그림],"김근태기념도서관 2층 공간, 마루",2026-07-11,2026-07-11,교육/체험,도봉구,https://culture.seoul.go.kr/culture/culture/cultureEvent/view.do?cultcode=158537&menuNo=200011,https://culture.seoul.go.kr/cmmn/file/getImage.do?atchFileId=2955d5d4add24dff9972caa04c50e0ce&thumb=Y,서울시 문화행사,,,,2026-08-23 01:14:23
2026 [파문 波紋 ; Ripple] 공성환 개인전,"갤러리제이원 (서울시 종로구 팔판길13 전시장1F, 2F)",2026-07-10,2026-07-29,전시/미술,종로구,https://culture.seoul.go.kr/culture/culture/cultureEvent/view.do?cultcode=158660&menuNo=200009,https://culture.seoul.go.kr/cmmn/file/getImage.do?atchFileId=517226af8b43491a8e6bf0db617f2396&thumb=Y,서울시 문화행사,,,,2026-08-23 01:14:23
신예지 개인전: Tight Knit,크리스프 웨지,2026-07-10,2026-07-23,전시/미술,마포구,https://culture.seoul.go.kr/culture/culture/cultureEvent/view.do?cultcode=158493&menuNo=200009,https://culture.seoul.go.kr/cmmn/file/getImage.do?atchFileId=cd6354c4c5a0495987ba5e72d423da94&thumb=Y,서울시 문화행사,,,,2026-08-23 01:14:23
"[세종문화회관] 천하제일탈공작소, baan on Sync Next 26",세종S씨어터,2026-07-10,2026-07-11,국악,종로구,https://culture.seoul.go.kr/culture/culture/cultureEvent/view.do?cultcode=158338&menuNo=200008,https://culture.seoul.go.kr/cmmn/file/getImage.do?atchFileId=bc1acc6025a24cba9976d0443f15858a&thumb=Y,서울시 문화행사,,0.002528,20,2026-08-23 01:14:23
카이로스 앙상블 제4회 정기연주회,세종체임버홀,2026-07-10,2026-07-10,클래식,종로구,https://culture.seoul.go.kr/culture/culture/cultureEvent/view.do?cultcode=158449&menuNo=200008,https://culture.seoul.go.kr/cmmn/file/getImage.do?atchFileId=8027c90d196e43d8a307158cac827871&thumb=Y,서울시 문화행사,,0.012949,36,2026-08-23 01:14:23
"[SIBF책 x 서울아트책보고] 천국을 업고 지옥 불을 건너는 사람들 - 쓰는 엄마, 사는 작가",서울아트책보고 열린무대,2026-07-10,2026-07-10,교육/체험,구로구,https://culture.seoul.go.kr/culture/culture/cultureEvent/view.do?cultcode=158412&menuNo=200011,https://culture.seoul.go.kr/cmmn/file/getImage.do?atchFileId=12b444bb50734cc68a0ec19a4348c65a&thumb=Y,서울시 문화행사,,,,2026-08-23 01:14:23
2026년 야간 공연 관람권_[꽁치구이 시선돌리기 프로젝트 - `그 첫번째`],선돌극장,2026-07-10,2026-07-10,연극,종로구,https://culture.seoul.go.kr/culture/culture/cultureEvent/view.do?cultcode=158413&menuNo=200008,https://culture.seoul.go.kr/cmmn/file/getImage.do?atchFileId=5e4450dda01441b5b4f978b2d290caaa&thumb=Y,서울시 문화행사,,0.009749,34,2026-08-23 01:14:23
"[서울시립 서서울미술관] 《우리의 시간은 여기서부터》 전시연계 서서울미술관 건립 아카이브 토크 [여기, 미술관을 만든 시간들]",서울시립 서서울미술관 B1 다목적홀,2026-07-10,2026-07-10,교육/체험,금천구,https://culture.seoul.go.kr/culture/culture/cultureEvent/view.do?cultcode=158467&menuNo=200011,https://culture.seoul.go.kr/cmmn/file/getImage.do?atchFileId=666192b68ddb4e31b02323df2fb77e22&thumb=Y,서울시 문화행사,,,,2026-08-23 01:14:23
[서울시립교향악단] 2026 서울시향 이지윤의 드보르자크 바이올린 협주곡,롯데콘서트홀,2026-07-10,2026-07-10,클래식,송파구,https://culture.seoul.go.kr/culture/culture/cultureEvent/view.do?cultcode=158260&menuNo=200008,https://culture.seoul.go.kr/cmmn/file/getImage.do?atchFileId=ff14835719b041479914eb1dcf75c35b&thumb=Y,서울시 문화행사,,0.808786,77,2026-08-23 01:14:23
2026년 야간 공연 관람권_[십분],연우소극장,2026-07-10,2026-07-10,연극,종로구,https://culture.seoul.go.kr/culture/culture/cultureEvent/view.do?cultcode=158391&menuNo=200008,https://culture.seoul.go.kr/cmmn/file/getImage.do?atchFileId=6a7b84b75d91458e9638367aae9cd8cd&thumb=Y,서울시 문화행사,,0.008654,32,2026-08-23 01:14:23
[구산동도서관마을] 2026년 구산동도서관마을 이달의 인문학(7월) [우주(宇宙)를 짓다] 윤주연 저자와의 만남,구산동도서관마을 3층 힐링캠프,2026-07-10,2026-07-10,교육/체험,은평구,https://culture.seoul.go.kr/culture/culture/cultureEvent/view.do?cultcode=158312&menuNo=200011,https://culture.seoul.go.kr/cmmn/file/getImage.do?atchFileId=243bc816ff0e414682401afbe07a6396&thumb=Y,서울시 문화행사,,,,2026-08-23 01:14:23
[서초문화재단] 서리풀 서초9 시리즈 2 [이탈리아로부터 온 사랑의 그림 Liebesbilder aus Italien],심산기념문화센터 2층 반포심산아트홀,2026-07-10,2026-07-10,클래식,서초구,https://culture.seoul.go.kr/culture/culture/cultureEvent/view.do?cultcode=158373&menuNo=200008,https://culture.seoul.go.kr/cmmn/file/getImage.do?atchFileId=3fcfe731bc734c79b6cc22bbc091b8c3&thumb=Y,서울시 문화행사,,,,2026-08-23 01:14:23
[한성백제박물관] 주한이탈리아문화원 연계 어린이 워크숍,한성백제박물관 및  서울백제어린이박물관  교육실,2026-07-10,2026-07-10,교육/체험,송파구,https://culture.seoul.go.kr/culture/culture/cultureEvent/view.do?cultcode=158439&menuNo=200011,https://culture.seoul.go.kr/cmmn/file/getImage.do?atchFileId=eece04f97a2041bfa5fa9cb4cf522b1c&thumb=Y,서울시 문화행사,,,,2026-08-23 01:14:23
"[서울 문화의 밤] 7월 작가힙톡(Hip-Talk) - '진짜 나'를 들여다보는 철학적 시선(박은미, 오상현)", 서울도서관 1층 생각마루,2026-07-10,2026-07-10,교육/체험,중구,https://culture.seoul.go.kr/culture/culture/cultureEvent/view.do?cultcode=158409&menuNo=200011,https://culture.seoul.go.kr/cmmn/file/getImage.do?atchFileId=4280aff247bd4716a054f190dd422cf7&thumb=Y,서울시 문화행사,,,,2026-08-23 01:14:23
[서울시립미술관 서소문본관] 코랄 비평연구 모임,서울시립미술관 서소문본관 ,2026-07-09,2026-09-09,교육/체험,중구,https://culture.seoul.go.kr/culture/culture/cultureEvent/view.do?cultcode=158202&menuNo=200011,https://culture.seoul.go.kr/cmmn/file/getImage.do?atchFileId=c7d1eeb3a4014add8f9a91da57273d99&thumb=Y,서울시 문화행사,,0.054898,51,2026-08-23 01:14:23
스릴러 공포연극 [시그널],대학로 공간아울,2026-07-09,2026-08-24,연극,종로구,https://culture.seoul.go.kr/culture/culture/cultureEvent/view.do?cultcode=158192&menuNo=200008,https://culture.seoul.go.kr/cmmn/file/getImage.do?atchFileId=0078925dd90a4f1e8553b66555e48a22&thumb=Y,서울시 문화행사,,0.001531,16,2026-08-23 01:14:23
"개인전 “911” Ground Concerto no.1, op.5",YK PRESENTS,2026-07-09,2026-07-31,전시/미술,중구,https://culture.seoul.go.kr/culture/culture/cultureEvent/view.do?cultcode=158547&menuNo=200009,https://culture.seoul.go.kr/cmmn/file/getImage.do?atchFileId=bbcb32c47b224343911e109440d7749b&thumb=Y,서울시 문화행사,,,,2026-08-23 01:14:23
[구립증산도서관] 책 읽어주는 사서 여름특집 [책 읽어주는 고양이],구립증산도서관 3층 가족열람실,2026-07-09,2026-07-30,교육/체험,은평구,https://culture.seoul.go.kr/culture/culture/cultureEvent/view.do?cultcode=158867&menuNo=200011,https://culture.seoul.go.kr/cmmn/file/getImage.do?atchFileId=bb8bb4d8adbf4b409fad5c8b39d7723c&thumb=Y,서울시 문화행사,,,,2026-08-23 01:14:23
"[강남문화재단] 제1015회 목요예술무대 [세 번째 파장, 민우혁]",강남씨어터,2026-07-09,2026-07-09,뮤지컬/오페라,강남구,https://culture.seoul.go.kr/culture/culture/cultureEvent/view.do?cultcode=158352&menuNo=200008,https://culture.seoul.go.kr/cmmn/file/getImage.do?atchFileId=7f0373978bb24c31a8a8a7a48fa9ea61&thumb=Y,서울시 문화행사,,0.012152,36,2026-08-23 01:14:23
[서초문화재단] 서리풀 전곡 연주 시리즈 [하이든 교향곡 35 'London'],심산기념문화센터 2층 반포심산아트홀,2026-07-09,2026-07-09,클래식,서초구,https://culture.seoul.go.kr/culture/culture/cultureEvent/view.do?cultcode=158375&menuNo=200008,https://culture.seoul.go.kr/cmmn/file/getImage.do?atchFileId=1546d4b7fe5249fbb74a6e0c550e2904&thumb=Y,서울시 문화행사,,,,2026-08-23 01:14:23
[구립증산도서관] 2026 지혜학교 [나의 GO백서 - 바둑으로 삶을 기록하고 복기하다],구립증산도서관 지하문화강좌실,2026-07-08,2026-10-31,교육/체험,은평구,https://culture.seoul.go.kr/culture/culture/cultureEvent/view.do?cultcode=158516&menuNo=200011,https://culture.seoul.go.kr/cmmn/file/getImage.do?atchFileId=e382a9b5b2cf4cf781f8cfdaf3344e31&thumb=Y,서울시 문화행사,,,,2026-08-23 01:14:23
[구립증산도서관] 여름 맞이 로비 전시 [책 속으로 풍덩! 도서관 바캉스],구립증산도서관 1층 로비,2026-07-08,2026-07-29,전시/미술,은평구,https://culture.seoul.go.kr/culture/culture/cultureEvent/view.do?cultcode=158865&menuNo=200009,https://culture.seoul.go.kr/cmmn/file/getImage.do?atchFileId=9fe84a09c99d488bb29cd0fda461ae31&thumb=Y,서울시 문화행사,,,,2026-08-23 01:14:23
"[개봉도서관] 시니어 AI시대, 일상에 챗GPT 활용하기",구로문화원 3층 다목적실,2026-07-08,2026-07-29,교육/체험,구로구,https://culture.seoul.go.kr/culture/culture/cultureEvent/view.do?cultcode=158245&menuNo=200011,https://culture.seoul.go.kr/cmmn/file/getImage.do?atchFileId=6d39f7261b624d59a3abb25fb039f82e&thumb=Y,서울시 문화행사,,,,2026-08-23 01:14:23
[미림아트갤러리] 전스미 개인전,미림아트 3층 미림아트갤러리,2026-07-08,2026-07-14,전시/미술,종로구,https://culture.seoul.go.kr/culture/culture/cultureEvent/view.do?cultcode=158488&menuNo=200009,https://culture.seoul.go.kr/cmmn/file/getImage.do?atchFileId=32a00d4e1df64757ad7f43924e18b18d&thumb=Y,서울시 문화행사,,,,2026-08-23 01:14:23
"2026 청풍전(淸風展), 바람의 축제",동덕아트갤러리 B1,2026-07-08,2026-07-13,축제-전통/역사,종로구,https://culture.seoul.go.kr/culture/culture/cultureEvent/view.do?cultcode=158443&menuNo=200010,https://culture.seoul.go.kr/cmmn/file/getImage.do?atchFileId=434c7d2f4e634d3186159dd5d688801f&thumb=Y,서울시 문화행사,,,,2026-08-23 01:14:23
[강남문화재단] 강남심포니오케스트라 제116회 정기연주회 [스트라빈스키 봄의 제전],예술의전당 콘서트홀,2026-07-08,2026-07-08,클래식,서초구,https://culture.seoul.go.kr/culture/culture/cultureEvent/view.do?cultcode=158350&menuNo=200008,https://culture.seoul.go.kr/cmmn/file/getImage.do?atchFileId=74a9b9afba494dc2887586fd274c6aec&thumb=Y,서울시 문화행사,,0.021067,41,2026-08-23 01:14:23
"[서울도서관] 월간 북돋움 [흔들리지 않고, 우리 아이와 나란히 걷는 법]",온라인(Zoom),2026-07-08,2026-07-08,교육/체험,중구,https://culture.seoul.go.kr/culture/culture/cultureEvent/view.do?cultcode=158411&menuNo=200011,https://culture.seoul.go.kr/cmmn/file/getImage.do?atchFileId=40576b008c5e42b59e6e48b9b98a9e5b&thumb=Y,서울시 문화행사,,,,2026-08-23 01:14:23
[서울시립교향악단] 2026 서울시향 체임버 클래식스 IV: 체코,금호아트홀 연세,2026-07-08,2026-07-08,클래식,서대문구,https://culture.seoul.go.kr/culture/culture/cultureEvent/view.do?cultcode=158269&menuNo=200008,https://culture.seoul.go.kr/cmmn/file/getImage.do?atchFileId=823f9e66045940108ca2417674fdb557&thumb=Y,서울시 문화행사,,0.043791,48,2026-08-23 01:14:23
2026 크리에이티브 디렉터 세미나,포스코타워 역삼 이벤트홀(3F),2026-07-08,2026-07-08,교육/체험,강남구,https://culture.seoul.go.kr/culture/culture/cultureEvent/view.do?cultcode=158305&menuNo=200011,https://culture.seoul.go.kr/cmmn/file/getImage.do?atchFileId=b2412f065e014032acaad845a0ea2e08&thumb=Y,서울시 문화행사,,,,2026-08-23 01:14:23
[동대문문화재단] 2026 신규 기획공연 [브런치 콘서트 아트리움 - 국립오페라스튜디오],선농단역사문화관,2026-07-08,2026-07-08,뮤지컬/오페라,동대문구,https://culture.seoul.go.kr/culture/culture/cultureEvent/view.do?cultcode=158036&menuNo=200008,https://culture.seoul.go.kr/cmmn/file/getImage.do?atchFileId=956a9cd3898f41329eaaf5efac775fb5&thumb=Y,서울시 문화행사,,0.003698,24,2026-08-23 01:14:23
[마포문화재단] 마포 골목 문화예술교육 [취향도감],"감성충전 : 제로헌드레드, 추억더미 : 스파인 서울, 색의잔상 : 그래도감성공방",2026-07-07,2026-09-09,교육/체험,마포구,https://culture.seoul.go.kr/culture/culture/cultureEvent/view.do?cultcode=158223&menuNo=200011,https://culture.seoul.go.kr/cmmn/file/getImage.do?atchFileId=55eb51fc63504e43acd79b2c3608adeb&thumb=Y,서울시 문화행사,,,,2026-08-23 01:14:23
"[성북문화예술교육센터] 성북문화예술교육 실험실 [다른 속도로, 아직 가는 중입니다]",성북문화예술교육센터,2026-07-07,2026-08-18,교육/체험,성북구,https://culture.seoul.go.kr/culture/culture/cultureEvent/view.do?cultcode=158299&menuNo=200011,https://culture.seoul.go.kr/cmmn/file/getImage.do?atchFileId=89402a0e6728460fa19a59f90faedba4&thumb=Y,서울시 문화행사,,0.004208,25,2026-08-23 01:14:23
[서울시립과학관] 2026 과학관 성인교육 [사이언스 투 사운드: 영감의 작곡법],서울시립과학관 3층 2교육실,2026-07-07,2026-07-14,교육/체험,노원구,https://culture.seoul.go.kr/culture/culture/cultureEvent/view.do?cultcode=158303&menuNo=200011,https://culture.seoul.go.kr/cmmn/file/getImage.do?atchFileId=05e438f4d79a4340b2d27ee8e6b4b453&thumb=Y,서울시 문화행사,,,,2026-08-23 01:14:23
[운현궁] 하우스뮤지엄 [천의 리듬을 따라서_현대 조각보전_김경희 개인전],운현궁 노락당,2026-07-07,2026-07-12,전시/미술,종로구,https://culture.seoul.go.kr/culture/culture/cultureEvent/view.do?cultcode=158534&menuNo=200009,https://culture.seoul.go.kr/cmmn/file/getImage.do?atchFileId=ed414a330adc4cec80d7574014da400b&thumb=Y,서울시 문화행사,,0.000374,2,2026-08-23 01:14:23
[세종문화회관] 바람만으로 모래만으로는 소리가 나지 않는다,일민미술관,2026-07-07,2026-07-07,국악,종로구,https://culture.seoul.go.kr/culture/culture/cultureEvent/view.do?cultcode=158420&menuNo=200008,https://culture.seoul.go.kr/cmmn/file/getImage.do?atchFileId=1e0932e69a174dc69d498ceee7fafdda&thumb=Y,서울시 문화행사,,0.08244,54,2026-08-23 01:14:23
나를 찾아가는 길 : 치유를 위한 선명상 음악회,마포아트센터 아트홀맥,2026-07-07,2026-07-07,콘서트,마포구,https://culture.seoul.go.kr/culture/culture/cultureEvent/view.do?cultcode=158313&menuNo=200008,https://culture.seoul.go.kr/cmmn/file/getImage.do?atchFileId=81fda7d50ff745dc80f32a78a0f6023a&thumb=Y,서울시 문화행사,,0.055695,51,2026-08-23 01:14:23
[구립증산도서관] 2026 여름독서챌린지 [방울방울 책방울],구립증산도서관,2026-07-06,2026-08-31,교육/체험,은평구,https://culture.seoul.go.kr/culture/culture/cultureEvent/view.do?cultcode=158509&menuNo=200011,https://culture.seoul.go.kr/cmmn/file/getImage.do?atchFileId=7667579d822d41d2a5b41cd8c67dba9b&thumb=Y,서울시 문화행사,,0.027492,44,2026-08-23 01:14:23
[세종예술아카데미] 2026 스포츠 in 아트스테이션 여름특강,세종예술아카데미 오픈스테이지,2026-07-06,2026-08-28,교육/체험,종로구,https://culture.seoul.go.kr/culture/culture/cultureEvent/view.do?cultcode=158347&menuNo=200011,https://culture.seoul.go.kr/cmmn/file/getImage.do?atchFileId=934a89e14c954e59b608f7f84fa5f231&thumb=Y,서울시 문화행사,,,,2026-08-23 01:14:23
"[서울공예박물관] 나전함, 공예를 담다",전시3동 1층 교육실,2026-07-06,2026-07-27,교육/체험,종로구,https://culture.seoul.go.kr/culture/culture/cultureEvent/view.do?cultcode=158446&menuNo=200011,https://culture.seoul.go.kr/cmmn/file/getImage.do?atchFileId=e250af456c694525a7c8fc566c9124c2&thumb=Y,서울시 문화행사,,,,2026-08-23 01:14:23
메조 소프라노 사비나 김 독창회 [My Journey],세종체임버홀,2026-07-06,2026-07-06,독주/독창회,종로구,https://culture.seoul.go.kr/culture/culture/cultureEvent/view.do?cultcode=158181&menuNo=200008,https://culture.seoul.go.kr/cmmn/file/getImage.do?atchFileId=da74e1585f4a49c88e7b635ba48c448d&thumb=Y,서울시 문화행사,,0.012949,36,2026-08-23 01:14:23
[미감도서관] 초보 부모 방탄 육아│소아청소년과 전문의와 함께하는 육아 강연,미감도서관,2026-07-05,2026-07-05,교육/체험,양천구,https://culture.seoul.go.kr/culture/culture/cultureEvent/view.do?cultcode=158097&menuNo=200011,https://culture.seoul.go.kr/cmmn/file/getImage.do?atchFileId=37cc0233799247f6b8139b1c28018a56&thumb=Y,서울시 문화행사,,0.016436,39,2026-08-23 01:14:23
[서울상상나라] 그림책 작업실: 사소하고 특별한,서울상상나라 B1 기획전시실,2026-07-04,2027-12-31,전시/미술,광진구,https://culture.seoul.go.kr/culture/culture/cultureEvent/view.do?cultcode=158491&menuNo=200009,https://culture.seoul.go.kr/cmmn/file/getImage.do?atchFileId=d7fb4b799ec945e8a2f7009bc7da234b&thumb=Y,서울시 문화행사,,,,2026-08-23 01:14:23
[강남문화재단] 서울문화예술교육 [개인의 장소 : 공공의 지도],삼성2동복합문화센터 4층 취미교실,2026-07-04,2026-10-10,교육/체험,강남구,https://culture.seoul.go.kr/culture/culture/cultureEvent/view.do?cultcode=158180&menuNo=200011,https://culture.seoul.go.kr/cmmn/file/getImage.do?atchFileId=9cb872ba317f4fca8a11184d626ec498&thumb=Y,서울시 문화행사,,,,2026-08-23 01:14:23
뮤지컬 [할머니의 여름휴가 : 씨씨상점],국립중앙박물관 극장 용,2026-07-04,2026-08-30,뮤지컬/오페라,용산구,https://culture.seoul.go.kr/culture/culture/cultureEvent/view.do?cultcode=158649&menuNo=200008,https://culture.seoul.go.kr/cmmn/file/getImage.do?atchFileId=f5ad787641fa48498201e81c837de65c&thumb=Y,서울시 문화행사,,0.081967,54,2026-08-23 01:14:23
[세종문화회관] 연극 [오이디푸스],세종M씨어터,2026-07-04,2026-08-23,연극,종로구,https://culture.seoul.go.kr/culture/culture/cultureEvent/view.do?cultcode=158159&menuNo=200008,https://culture.seoul.go.kr/cmmn/file/getImage.do?atchFileId=dab401cd01bf487d9b538099e996a3f7&thumb=Y,서울시 문화행사,,0.003785,24,2026-08-23 01:14:23
[평화문화진지] 2026년 평화문화진지 정기예술교육프로그램 [예술 피움] - 7월,평화문화진지 (서울 도봉구 마들로 932),2026-07-04,2026-07-26,교육/체험,도봉구,https://culture.seoul.go.kr/culture/culture/cultureEvent/view.do?cultcode=158498&menuNo=200011,https://culture.seoul.go.kr/cmmn/file/getImage.do?atchFileId=1755a2dd81ed420fb258316b9b460ae3&thumb=Y,서울시 문화행사,,,,2026-08-23 01:14:23
 [구로문화재단] 2026 꿈꾸는극장 [가족뮤지컬],꿈나무극장,2026-07-04,2026-07-18,뮤지컬/오페라,구로구,https://culture.seoul.go.kr/culture/culture/cultureEvent/view.do?cultcode=158521&menuNo=200008,https://culture.seoul.go.kr/cmmn/file/getImage.do?atchFileId=c358928b898a4f209c8cbdd4c1508c98&thumb=Y,서울시 문화행사,,0.000311,0,2026-08-23 01:14:23
[서울시립과학관] 독성시대X과학관: 서울시립대 화학물질 빅데이터 AI연구센터와 함께하는 환경 속 독성 실험 교실,서울시립과학관 3층 2교육실,2026-07-04,2026-07-11,교육/체험,노원구,https://culture.seoul.go.kr/culture/culture/cultureEvent/view.do?cultcode=158460&menuNo=200011,https://culture.seoul.go.kr/cmmn/file/getImage.do?atchFileId=623563676190446fa525da5569211c15&thumb=Y,서울시 문화행사,,,,2026-08-23 01:14:23
[서울디자인재단] DDP 상생마켓: 서울패션허브 SUMMER MARKET,DDP 어울림광장 교각 아래,2026-07-04,2026-07-05,기타,중구,https://culture.seoul.go.kr/culture/culture/cultureEvent/view.do?cultcode=158394&menuNo=200013,https://culture.seoul.go.kr/cmmn/file/getImage.do?atchFileId=8193ca15320941ff87280ac84f9753a8&thumb=Y,서울시 문화행사,,,,2026-08-23 01:14:23
[서울역사박물관] 제3회 박물관 토요음악회 [서울역사박물관 문화스테이지-탭꾼 탭댄스],서울역사박물관 1층 로비,2026-07-04,2026-07-04,콘서트,종로구,https://culture.seoul.go.kr/culture/culture/cultureEvent/view.do?cultcode=158280&menuNo=200008,https://culture.seoul.go.kr/cmmn/file/getImage.do?atchFileId=1e163ad4e36c4ae3ba253e6a5a001c5e&thumb=Y,서울시 문화행사,,,,2026-08-23 01:14:23
[서울책보고] 큐레이션 토크 with 우주스토리 [더 몰랑] 윤혜지 작가,서울책보고 라운지,2026-07-04,2026-07-04,교육/체험,송파구,https://culture.seoul.go.kr/culture/culture/cultureEvent/view.do?cultcode=158321&menuNo=200011,https://culture.seoul.go.kr/cmmn/file/getImage.do?atchFileId=aae5ff6089b84c89b1d2407b1e71c9d0&thumb=Y,서울시 문화행사,,,,2026-08-23 01:14:23
제6회 명인전 서울의 명인 · 명무 · 명창 展,서울남산국악당,2026-07-04,2026-07-04,국악,중구,https://culture.seoul.go.kr/culture/culture/cultureEvent/view.do?cultcode=158442&menuNo=200008,https://culture.seoul.go.kr/cmmn/file/getImage.do?atchFileId=e90d5f54b189431ea51d468006b888d1&thumb=Y,서울시 문화행사,,0.010422,34,2026-08-23 01:14:23
[라율 영재&영아티스트] 유종혁 첼로 독주회,라율아트홀,2026-07-04,2026-07-04,독주/독창회,서초구,https://culture.seoul.go.kr/culture/culture/cultureEvent/view.do?cultcode=158217&menuNo=200008,https://culture.seoul.go.kr/cmmn/file/getImage.do?atchFileId=7af2009fedfb4bf8b230ebf57c7a0152&thumb=Y,서울시 문화행사,,0.012015,36,2026-08-23 01:14:23
[동대문문화재단] 2026 생생 국가유산 사업 [지구를 지키는 선농마켓],선농단역사문화공원 및 선농단역사문화관,2026-07-04,2026-07-04,축제-문화/예술,동대문구,https://culture.seoul.go.kr/culture/culture/cultureEvent/view.do?cultcode=158194&menuNo=200010,https://culture.seoul.go.kr/cmmn/file/getImage.do?atchFileId=675779ba4ecb4415bd59e692e0aab174&thumb=Y,서울시 문화행사,,,,2026-08-23 01:14:23
제3회 크레아 트리오 정기연주회,세종체임버홀,2026-07-04,2026-07-04,클래식,종로구,https://culture.seoul.go.kr/culture/culture/cultureEvent/view.do?cultcode=158139&menuNo=200008,https://culture.seoul.go.kr/cmmn/file/getImage.do?atchFileId=b1732335cea443daa632d4193ac4cd68&thumb=Y,서울시 문화행사,,0.012949,36,2026-08-23 01:14:23
[성동문화재단] 2026 두모포 뮤지컬 페스티벌,옥수역 하부 한강공원,2026-07-04,2026-07-04,축제-문화/예술,성동구,https://culture.seoul.go.kr/culture/culture/cultureEvent/view.do?cultcode=158249&menuNo=200010,https://culture.seoul.go.kr/cmmn/file/getImage.do?atchFileId=ebb883b51a044eb18193be7cbc5bc95a&thumb=Y,서울시 문화행사,,,,2026-08-23 01:14:23
[관악문화재단] FOUR PIANOS [앙상블 클라비어 x 피아노 오케스트라],관악아트홀 공연장,2026-07-04,2026-07-04,클래식,관악구,https://culture.seoul.go.kr/culture/culture/cultureEvent/view.do?cultcode=158151&menuNo=200008,https://culture.seoul.go.kr/cmmn/file/getImage.do?atchFileId=341268155fc24a298f293dc01259e86d&thumb=Y,서울시 문화행사,,,,2026-08-23 01:14:23
[강서구] 2026 우장산 그린빛페스타,우장산 축구장,2026-07-04,2026-07-04,축제-문화/예술,강서구,https://culture.seoul.go.kr/culture/culture/cultureEvent/view.do?cultcode=158293&menuNo=200010,https://culture.seoul.go.kr/cmmn/file/getImage.do?atchFileId=296fd3d24f6549e4a3f4d2ed205c1dd5&thumb=Y,서울시 문화행사,,0.004607,26,2026-08-23 01:14:23
노우찬·이기찬 [입으로 부는 바람 When breath turns to Wind],스페이스 카다로그,2026-07-03,2026-07-29,전시/미술,중구,https://culture.seoul.go.kr/culture/culture/cultureEvent/view.do?cultcode=158539&menuNo=200009,https://culture.seoul.go.kr/cmmn/file/getImage.do?atchFileId=5cb27c527d424eff83088dcf82d09091&thumb=Y,서울시 문화행사,,0.000716,8,2026-08-23 01:14:23
김민호 개인전 [결: 유동하는 풍경],온에어갤러리,2026-07-03,2026-07-22,전시/미술,서대문구,https://culture.seoul.go.kr/culture/culture/cultureEvent/view.do?cultcode=158479&menuNo=200009,https://culture.seoul.go.kr/cmmn/file/getImage.do?atchFileId=9edf9b4a8c444104b4ddde690c1b797a&thumb=Y,서울시 문화행사,,0.00249,20,2026-08-23 01:14:23
[서울공예박물관] 임페리얼 골드: 자수(1·2기),서울공예박물관 전시3동 1층 교육실,2026-07-03,2026-07-11,교육/체험,종로구,https://culture.seoul.go.kr/culture/culture/cultureEvent/view.do?cultcode=158440&menuNo=200011,https://culture.seoul.go.kr/cmmn/file/getImage.do?atchFileId=57ae4d8725054a318b04c2ad7b25d943&thumb=Y,서울시 문화행사,,,,2026-08-23 01:14:23
"[세종문화회관] 해미 클레멘세비츠, 김예지, 올리비에 마랭, 심은용, 크리스티앙 플루아, 조윤영 on Sync Next 26",세종S씨어터,2026-07-03,2026-07-05,연극,종로구,https://culture.seoul.go.kr/culture/culture/cultureEvent/view.do?cultcode=158335&menuNo=200008,https://culture.seoul.go.kr/cmmn/file/getImage.do?atchFileId=3c90f6f41e204d7c896c2606458fafad&thumb=Y,서울시 문화행사,,0.002528,20,2026-08-23 01:14:23
2026 제17회 대한민국오페라페스티벌 [헨젤과 그레텔],자유소극장,2026-07-03,2026-07-05,뮤지컬/오페라,서초구,https://culture.seoul.go.kr/culture/culture/cultureEvent/view.do?cultcode=158244&menuNo=200008,https://culture.seoul.go.kr/cmmn/file/getImage.do?atchFileId=d3b69daa157c48a1ada95b7b1ba83b69&thumb=Y,서울시 문화행사,,0.000451,4,2026-08-23 01:14:23
박규희 [기타의 시간],아트센터 림 아트홀,2026-07-03,2026-07-04,클래식,종로구,https://culture.seoul.go.kr/culture/culture/cultureEvent/view.do?cultcode=158379&menuNo=200008,https://culture.seoul.go.kr/cmmn/file/getImage.do?atchFileId=9e094851163a417b93965610503f01df&thumb=Y,서울시 문화행사,,,,2026-08-23 01:14:23
[금천문화재단] 낭독극 [프랙처],금천뮤지컬센터 금천예술극장,2026-07-03,2026-07-04,연극,금천구,https://culture.seoul.go.kr/culture/culture/cultureEvent/view.do?cultcode=158259&menuNo=200008,https://culture.seoul.go.kr/cmmn/file/getImage.do?atchFileId=1e96476fda9a4fa5af7d8365f672f977&thumb=Y,서울시 문화행사,,,,2026-08-23 01:14:23
하늘 바람 햇살 이야기,씨스퀘어 1층,2026-07-03,2026-07-03,국악,강남구,https://culture.seoul.go.kr/culture/culture/cultureEvent/view.do?cultcode=158322&menuNo=200008,https://culture.seoul.go.kr/cmmn/file/getImage.do?atchFileId=f0c2b260c3b541faa20699ab7ed16ce9&thumb=Y,서울시 문화행사,,,,2026-08-23 01:14:23
[마포문화재단] 제11회 M 클래식 축제 [한국가곡의 밤],마포아트센터 아트홀맥,2026-07-03,2026-07-03,클래식,마포구,https://culture.seoul.go.kr/culture/culture/cultureEvent/view.do?cultcode=158187&menuNo=200008,https://culture.seoul.go.kr/cmmn/file/getImage.do?atchFileId=37101e6a34c1453c85c38b22112fce54&thumb=Y,서울시 문화행사,,0.055695,51,2026-08-23 01:14:23
"[서울역사박물관] 브랑쿠시 - 루마니아에서 파리, 그리고 세계로 [위대한 조각가 탄생 150주년을 기념하며]",서울역사박물관 야주개홀,2026-07-03,2026-07-03,영화,종로구,https://culture.seoul.go.kr/culture/culture/cultureEvent/view.do?cultcode=158328&menuNo=200013,https://culture.seoul.go.kr/cmmn/file/getImage.do?atchFileId=5f0da273edf243a8bac69932c3c5cff4&thumb=Y,서울시 문화행사,,0.000654,7,2026-08-23 01:14:23
[한성백제박물관] 2026년 한성백제박물관 독서모임 [북토크],한성백제박물관 교육실,2026-07-03,2026-07-03,교육/체험,송파구,https://culture.seoul.go.kr/culture/culture/cultureEvent/view.do?cultcode=158437&menuNo=200011,https://culture.seoul.go.kr/cmmn/file/getImage.do?atchFileId=06cece3b9fa344aa822ea073a05c3bfe&thumb=Y,서울시 문화행사,,,,2026-08-23 01:14:23
[서울공예박물관] 7월 큐레이터와 함께하는 전시해설 | 《더 하이브리드》,전시1동 3층,2026-07-03,2026-07-03,교육/체험,종로구,https://culture.seoul.go.kr/culture/culture/cultureEvent/view.do?cultcode=158441&menuNo=200011,https://culture.seoul.go.kr/cmmn/file/getImage.do?atchFileId=9f1d1a7b707044e1b13059d467b2cba1&thumb=Y,서울시 문화행사,,,,2026-08-23 01:14:23
2026년 야간 공연 관람권_[리온],미마지아트센터 물빛극장,2026-07-03,2026-07-03,연극,종로구,https://culture.seoul.go.kr/culture/culture/cultureEvent/view.do?cultcode=158390&menuNo=200008,https://culture.seoul.go.kr/cmmn/file/getImage.do?atchFileId=800b6fc54a494258967c4cbaddea32b0&thumb=Y,서울시 문화행사,,0.00359,24,2026-08-23 01:14:23
[서초문화재단] 서리풀 서초9 시리즈 1 [삶에 대하여 Vom Leben],심산기념문화센터 2층 반포심산아트홀,2026-07-03,2026-07-03,클래식,서초구,https://culture.seoul.go.kr/culture/culture/cultureEvent/view.do?cultcode=158372&menuNo=200008,https://culture.seoul.go.kr/cmmn/file/getImage.do?atchFileId=787cbe88849f4d668019f16289d1b165&thumb=Y,서울시 문화행사,,,,2026-08-23 01:14:23
[서울 문화의 밤] 7월 작가힙톡(Hip-Talk) - 곁에 서는 응시(김인정) ,서울도서관 1층 생각마루,2026-07-03,2026-07-03,교육/체험,중구,https://culture.seoul.go.kr/culture/culture/cultureEvent/view.do?cultcode=158407&menuNo=200011,https://culture.seoul.go.kr/cmmn/file/getImage.do?atchFileId=161ff0109a4e4a9e9f851547dd810acf&thumb=Y,서울시 문화행사,,,,2026-08-23 01:14:23
"[서울시립교향악단] 2026 서울시향 행복한 음악회, 함께! I",예술의전당 IBK기업은행챔버홀,2026-07-03,2026-07-03,클래식,서초구,https://culture.seoul.go.kr/culture/culture/cultureEvent/view.do?cultcode=158275&menuNo=200008,https://culture.seoul.go.kr/cmmn/file/getImage.do?atchFileId=6a64d789468544feb503b9df2b97c26e&thumb=Y,서울시 문화행사,,,,2026-08-23 01:14:23
[세종문화회관] 26세종시즌 [실내악 시리즈 일노래],세종체임버홀,2026-07-03,2026-07-03,국악,종로구,https://culture.seoul.go.kr/culture/culture/cultureEvent/view.do?cultcode=158033&menuNo=200008,https://culture.seoul.go.kr/cmmn/file/getImage.do?atchFileId=05c3b9bbeb104e57b772a8d6665dd38f&thumb=Y,서울시 문화행사,,0.012949,36,2026-08-23 01:14:23
MOFAA 파일럿 렉처 [통제 불능의 미학: 자동기술법부터 사이키델릭까지],전태일기념관 4층 교육실,2026-07-03,2026-07-03,교육/체험,종로구,https://culture.seoul.go.kr/culture/culture/cultureEvent/view.do?cultcode=158385&menuNo=200011,https://culture.seoul.go.kr/cmmn/file/getImage.do?atchFileId=1a9b35081f0f4a2797a8fe77a34494fc&thumb=Y,서울시 문화행사,,,,2026-08-23 01:14:23
[마포구립서강도서관] 7월/어린이메이킹 [해봄아 노올자!] 해봄맘껏Time,마포구립서강도서관 4층 어린이자료실 내 해봄,2026-07-02,2026-07-31,교육/체험,마포구,https://culture.seoul.go.kr/culture/culture/cultureEvent/view.do?cultcode=158388&menuNo=200011,https://culture.seoul.go.kr/cmmn/file/getImage.do?atchFileId=3cc3e2652cd744fa86d2fe75c8611a98&thumb=Y,서울시 문화행사,,,,2026-08-23 01:14:23
[구립증산도서관] 2026 길 위의 인문학 1부 나를 만나는 클래식,지하문화강좌실,2026-07-02,2026-07-30,교육/체험,은평구,https://culture.seoul.go.kr/culture/culture/cultureEvent/view.do?cultcode=158283&menuNo=200011,https://culture.seoul.go.kr/cmmn/file/getImage.do?atchFileId=ee025045454649e09a53bf1a2ce77a80&thumb=Y,서울시 문화행사,,,,2026-08-23 01:14:23
[서울아트책보고] 소설가와 함께 소설 읽기 - 정용준 소설가,서울아트책보고 워크숍룸,2026-07-02,2026-07-30,교육/체험,구로구,https://culture.seoul.go.kr/culture/culture/cultureEvent/view.do?cultcode=158315&menuNo=200011,https://culture.seoul.go.kr/cmmn/file/getImage.do?atchFileId=4ba5684e34b5400bbede7a0244bcf961&thumb=Y,서울시 문화행사,,,,2026-08-23 01:14:23
2026년 작당모의 창작신작 [모기],예술공간혜화,2026-07-02,2026-07-12,연극,종로구,https://culture.seoul.go.kr/culture/culture/cultureEvent/view.do?cultcode=158235&menuNo=200008,https://culture.seoul.go.kr/cmmn/file/getImage.do?atchFileId=3976a84e0ec447978a3a000a92a4d336&thumb=Y,서울시 문화행사,,0.003001,22,2026-08-23 01:14:23
[영등포문화재단] 마티네콘서트 With 금난새 #2.엘가,영등포아트홀,2026-07-02,2026-07-02,클래식,영등포구,https://culture.seoul.go.kr/culture/culture/cultureEvent/view.do?cultcode=157900&menuNo=200008,https://culture.seoul.go.kr/cmmn/file/getImage.do?atchFileId=bd32b9e30c3d408796fb585e5ab20771&thumb=Y,서울시 문화행사,,0.072056,53,2026-08-23 01:14:23
국회 개방 정오의 콘서트 [7월 국회 버스킹],국회 중앙잔디광장(국회도서관 방면),2026-07-02,2026-07-02,콘서트,영등포구,https://culture.seoul.go.kr/culture/culture/cultureEvent/view.do?cultcode=158417&menuNo=200008,https://culture.seoul.go.kr/cmmn/file/getImage.do?atchFileId=eb40847b7c6b42019108ec1f0b37af5a&thumb=Y,서울시 문화행사,,,,2026-08-23 01:14:23
[마포문화재단] 제11회 M 클래식 축제 [한여름 밤의 뮤지컬],마포아트센터 아트홀맥,2026-07-02,2026-07-02,뮤지컬/오페라,마포구,https://culture.seoul.go.kr/culture/culture/cultureEvent/view.do?cultcode=158189&menuNo=200008,https://culture.seoul.go.kr/cmmn/file/getImage.do?atchFileId=6b3cfe1c0efc4994b0508fbfbf535078&thumb=Y,서울시 문화행사,,0.055695,51,2026-08-23 01:14:23
[강남문화재단] 제184회 강남마티네콘서트 피아니스트 김정원과 함께하는 아침의 음악정원 Ⅱ,광림아트센터 장천홀,2026-07-02,2026-07-02,클래식,강남구,https://culture.seoul.go.kr/culture/culture/cultureEvent/view.do?cultcode=158279&menuNo=200008,https://culture.seoul.go.kr/cmmn/file/getImage.do?atchFileId=7880442f84584501a48beaa0a694eba4&thumb=Y,서울시 문화행사,,0.004034,25,2026-08-23 01:14:23
[대우재단 시민강좌] 이해를 추구하는 신앙: 캔터베리의 안셀무스,"대우재단빌딩 5층, 대우학술라운지",2026-07-02,2026-07-02,교육/체험,종로구,https://culture.seoul.go.kr/culture/culture/cultureEvent/view.do?cultcode=158233&menuNo=200011,https://culture.seoul.go.kr/cmmn/file/getImage.do?atchFileId=6a3eb22c980e4f71b7df92be8e29e01c&thumb=Y,서울시 문화행사,,,,2026-08-23 01:14:23
[서울시립과학관] 2026 미스터리 AI 사라진 가족의 행방(단체/테마교실),서울시립과학관 1층 메이커스튜디오,2026-07-01,2026-12-04,교육/체험,노원구,https://culture.seoul.go.kr/culture/culture/cultureEvent/view.do?cultcode=158782&menuNo=200011,https://culture.seoul.go.kr/cmmn/file/getImage.do?atchFileId=8aaaeb7c6afa4ef08dc208f0fb32ac1c&thumb=Y,서울시 문화행사,,,,2026-08-23 01:14:23
[서울역사박물관] XR 전시 [걷는 순간 역사가 펼쳐집니다],서울역사박물관 3F 전시실,2026-07-01,2026-10-31,전시/미술,종로구,https://culture.seoul.go.kr/culture/culture/cultureEvent/view.do?cultcode=158749&menuNo=200009,https://culture.seoul.go.kr/cmmn/file/getImage.do?atchFileId=fc53b2df94144d3987ca412f5d23839a&thumb=Y,서울시 문화행사,,,,2026-08-23 01:14:23
[문학의집·서울] 제5회 시의 정원,문학의집·서울 산림문학관 야외 정원,2026-07-01,2026-09-30,전시/미술,중구,https://culture.seoul.go.kr/culture/culture/cultureEvent/view.do?cultcode=158722&menuNo=200009,https://culture.seoul.go.kr/cmmn/file/getImage.do?atchFileId=5bdf4cf0b36d4cfcb91822678092bfa0&thumb=Y,서울시 문화행사,,,,2026-08-23 01:14:23
[마포구립서강도서관] 3분기/어린이갤러리 [내일은 맑겠습니다],마포구립서강도서관 4층 어린이자료실,2026-07-01,2026-09-30,전시/미술,마포구,https://culture.seoul.go.kr/culture/culture/cultureEvent/view.do?cultcode=158311&menuNo=200009,https://culture.seoul.go.kr/cmmn/file/getImage.do?atchFileId=fdc9077da2cc4801b891f62f5eefab98&thumb=Y,서울시 문화행사,,,,2026-08-23 01:14:23
2026 서울로미디어캔버스 두 번째 전시,서울 만리동광장 앞 서울로미디어캔버스,2026-07-01,2026-09-19,전시/미술,중구,https://culture.seoul.go.kr/culture/culture/cultureEvent/view.do?cultcode=158960&menuNo=200009,https://culture.seoul.go.kr/cmmn/file/getImage.do?atchFileId=35286ee4c0e64b299717748a10bf8a25&thumb=Y,서울시 문화행사,,,,2026-08-23 01:14:23
"여름식탁 : 여섯 개의 손, 하나의 식탁",국가유산체험센터 1층 케잇 갤러리 (성동구 아차산로47),2026-07-01,2026-09-12,전시/미술,성동구,https://culture.seoul.go.kr/culture/culture/cultureEvent/view.do?cultcode=158387&menuNo=200009,https://culture.seoul.go.kr/cmmn/file/getImage.do?atchFileId=2ac20ad888e74752838ac89fddfd2e98&thumb=Y,서울시 문화행사,,,,2026-08-23 01:14:23
[금천구립시흥도서관] 2026년 길 위의 인문학 [한중일 고전문학 그랜드 투어],"금천구립시흥도서관  4층 강의실  / 탐방: 추사박물관, 과천향교",2026-07-01,2026-09-09,교육/체험,금천구,https://culture.seoul.go.kr/culture/culture/cultureEvent/view.do?cultcode=158276&menuNo=200011,https://culture.seoul.go.kr/cmmn/file/getImage.do?atchFileId=48ae5d6512db4ab48448d86d973c0fff&thumb=Y,서울시 문화행사,,,,2026-08-23 01:14:23
"2026 해치마당 미디어월 두 번째 전시 : 여름, 잠시 다른 세계",해치마당 미디어월(광화문역 9번 출구 진입로),2026-07-01,2026-08-31,전시/미술,종로구,https://culture.seoul.go.kr/culture/culture/cultureEvent/view.do?cultcode=158961&menuNo=200009,https://culture.seoul.go.kr/cmmn/file/getImage.do?atchFileId=1a84ab788304435eadf63695b565cb6e&thumb=Y,서울시 문화행사,,,,2026-08-23 01:14:23
2026 아뜰리에 광화 두 번째 전시 [짙어지는 빛],세종문화회관 외벽 미디어파사드,2026-07-01,2026-08-31,전시/미술,종로구,https://culture.seoul.go.kr/culture/culture/cultureEvent/view.do?cultcode=158444&menuNo=200009,https://culture.seoul.go.kr/cmmn/file/getImage.do?atchFileId=0f2af1c3dcae4260a04ed448752cd30e&thumb=Y,서울시 문화행사,,,,2026-08-23 01:14:23
[서울식물원] 2026년 서울식물원 물놀이터,서울식물원 호수원 수변가로 (분수가 보이는 호숫가 산책로 주변),2026-07-01,2026-08-30,축제-관광/체육,강서구,https://culture.seoul.go.kr/culture/culture/cultureEvent/view.do?cultcode=158404&menuNo=200010,https://culture.seoul.go.kr/cmmn/file/getImage.do?atchFileId=120ebf599d6c4d028cd2322ea249968f&thumb=Y,서울시 문화행사,,,,2026-08-23 01:14:23
[서울아트책보고] 팝업존 [도서전 밖으로 나온 책들],서울아트책보고 예술책방 내 팝업존,2026-07-01,2026-08-30,전시/미술,구로구,https://culture.seoul.go.kr/culture/culture/cultureEvent/view.do?cultcode=159049&menuNo=200009,https://culture.seoul.go.kr/cmmn/file/getImage.do?atchFileId=9aafb164ce0140f5b24e69e0c58ef0f0&thumb=Y,서울시 문화행사,,,,2026-08-23 01:14:23
[DDP] 버스킹 7월 공연 일정 안내,"DDP 어울림광장, 팔거리",2026-07-01,2026-07-31,콘서트,중구,https://culture.seoul.go.kr/culture/culture/cultureEvent/view.do?cultcode=158470&menuNo=200008,https://culture.seoul.go.kr/cmmn/file/getImage.do?atchFileId=0ccdd666f40a430ba8cf1ee656af26a8&thumb=Y,서울시 문화행사,,,,2026-08-23 01:14:23
"[구립증산도서관] 가족열람실 7월 북큐레이션 [같이 읽자, 여름 먹거리]",구립증산도서관 3층 가족열람실,2026-07-01,2026-07-31,교육/체험,은평구,https://culture.seoul.go.kr/culture/culture/cultureEvent/view.do?cultcode=158513&menuNo=200011,https://culture.seoul.go.kr/cmmn/file/getImage.do?atchFileId=38f3913bd2864d4d8c5c0e576220c9e5&thumb=Y,서울시 문화행사,,,,2026-08-23 01:14:23
[마포구립서강도서관] 7월/행사 [7월 문화프로그램 안내],마포구립서강도서관,2026-07-01,2026-07-31,교육/체험,마포구,https://culture.seoul.go.kr/culture/culture/cultureEvent/view.do?cultcode=158253&menuNo=200011,https://culture.seoul.go.kr/cmmn/file/getImage.do?atchFileId=1c3033182acb49bc83fad1ec2e66fcd5&thumb=Y,서울시 문화행사,,0.013559,37,2026-08-23 01:14:23
[송파 청년아티스트센터] 예술가와 함께하는 풍납 탐구 생활 7월 프로그램,송파 청년아티스트센터 1층,2026-07-01,2026-07-31,교육/체험,송파구,https://culture.seoul.go.kr/culture/culture/cultureEvent/view.do?cultcode=158325&menuNo=200011,https://culture.seoul.go.kr/cmmn/file/getImage.do?atchFileId=79a99ac216bd48709edd6e4b7e192201&thumb=Y,서울시 문화행사,,,,2026-08-23 01:14:23
[마포구립서강도서관] 7월/팟캐스트 서강도서관 피셜 69회 [레볼루셔너리 로드],마포구립서강도서관,2026-07-01,2026-07-31,기타,마포구,https://culture.seoul.go.kr/culture/culture/cultureEvent/view.do?cultcode=158480&menuNo=200013,https://culture.seoul.go.kr/cmmn/file/getImage.do?atchFileId=31070ac710134a1d94be64e4b4ea39c5&thumb=Y,서울시 문화행사,,0.013559,37,2026-08-23 01:14:23
[구립증산도서관] 7월 주말영화상영안내,구립증산도서관 2층 소강당,2026-07-01,2026-07-30,영화,은평구,https://culture.seoul.go.kr/culture/culture/cultureEvent/view.do?cultcode=158515&menuNo=200013,https://culture.seoul.go.kr/cmmn/file/getImage.do?atchFileId=b7ebcb7b583842fbbc9c68c2b27ce07b&thumb=Y,서울시 문화행사,,,,2026-08-23 01:14:23
한혜림 [손가락 끝을 맞대어 두드려줍니다],갤러리메일란,2026-07-01,2026-07-30,전시/미술,종로구,https://culture.seoul.go.kr/culture/culture/cultureEvent/view.do?cultcode=158719&menuNo=200009,https://culture.seoul.go.kr/cmmn/file/getImage.do?atchFileId=d438a8d2cd344e0b9ea3c7076fa0833a&thumb=Y,서울시 문화행사,,0.000374,2,2026-08-23 01:14:23
[구립증산도서관] 2026년 7월 북인사이트 : 여름 이야기,구립증산도서관 2층 종합자료실 앞 ,2026-07-01,2026-07-30,전시/미술,은평구,https://culture.seoul.go.kr/culture/culture/cultureEvent/view.do?cultcode=158514&menuNo=200009,https://culture.seoul.go.kr/cmmn/file/getImage.do?atchFileId=98bd636e424f49fdb9c49fb240e9817e&thumb=Y,서울시 문화행사,,,,2026-08-23 01:14:23
[구립증산도서관] 책 따라 걷는 도서관 - 7월 원화 전시 [감염 동물],구립증산도서관 1층 로비 및 3층 어린이열람실,2026-07-01,2026-07-27,전시/미술,은평구,https://culture.seoul.go.kr/culture/culture/cultureEvent/view.do?cultcode=158510&menuNo=200009,https://culture.seoul.go.kr/cmmn/file/getImage.do?atchFileId=0898601617c34a68b9c74b6e7ac0c70c&thumb=Y,서울시 문화행사,,,,2026-08-23 01:14:23
[마포구립서강도서관] 7월/영유아 [말놀이 잘잘잘],4층 어린이자료실 꼬마방,2026-07-01,2026-07-25,교육/체험,마포구,https://culture.seoul.go.kr/culture/culture/cultureEvent/view.do?cultcode=158168&menuNo=200011,https://culture.seoul.go.kr/cmmn/file/getImage.do?atchFileId=009aaef4a1724e6580860635728b0306&thumb=Y,서울시 문화행사,,,,2026-08-23 01:14:23
[구립증산도서관] 테마로 즐기는 도서관 - 7월 테마전시체험전 [얼음산 빙수가게],구립증산도서관 지하 1층 북갤러리 및 3층 가족열람실,2026-07-01,2026-07-25,전시/미술,은평구,https://culture.seoul.go.kr/culture/culture/cultureEvent/view.do?cultcode=158512&menuNo=200009,https://culture.seoul.go.kr/cmmn/file/getImage.do?atchFileId=d8ac0895633440fd87a34abb6b02e207&thumb=Y,서울시 문화행사,,,,2026-08-23 01:14:23
[마포문화재단] 2026 지역예술가 [전시공간 지원사업] 청년작가전 X 홍익대학교 ‘지나는 것에 이름을 붙이면’,마포아트센터 갤러리맥,2026-07-01,2026-07-20,전시/미술,마포구,https://culture.seoul.go.kr/culture/culture/cultureEvent/view.do?cultcode=158546&menuNo=200009,https://culture.seoul.go.kr/cmmn/file/getImage.do?atchFileId=5cd7951b9c0745f4a01aa7d74de2b54a&thumb=Y,서울시 문화행사,,,,2026-08-23 01:14:23
기술이 사람을 만날 때: 연결은 마음을 향한다,동대문디자인플라자 디자인랩1층 DDP쇼룸,2026-07-01,2026-07-20,전시/미술,중구,https://culture.seoul.go.kr/culture/culture/cultureEvent/view.do?cultcode=158345&menuNo=200009,https://culture.seoul.go.kr/cmmn/file/getImage.do?atchFileId=241c44fe49624e70bcf2c64fe8c6abc1&thumb=Y,서울시 문화행사,,,,2026-08-23 01:14:23
[2026 신진미술인 지원 프로그램] 허수인 개인전 《사적인 프로토콜》,더레퍼런스 (서울 종로구 자하문로24길 44),2026-07-01,2026-07-18,전시/미술,종로구,https://culture.seoul.go.kr/culture/culture/cultureEvent/view.do?cultcode=158463&menuNo=200009,https://culture.seoul.go.kr/cmmn/file/getImage.do?atchFileId=fbbb287b5b0d49309c8023416bca53e4&thumb=Y,서울시 문화행사,,,,2026-08-23 01:14:23
7월 공모선정작품 [공연봄날],"서울문화예술교육센터 은평, 서울문화예술교육센터 서초, 북서울 꿈의숲아트센터",2026-07-01,2026-07-17,콘서트,서초구,https://culture.seoul.go.kr/culture/culture/cultureEvent/view.do?cultcode=158314&menuNo=200008,https://culture.seoul.go.kr/cmmn/file/getImage.do?atchFileId=52ca62b490664383b3939b51d28703fe&thumb=Y,서울시 문화행사,,,,2026-08-23 01:14:23
[송파 청년아티스트센터] 3기 릴레이 개인전 [부풀리고 터뜨리며 본 것들-민주미],송파 청년아티스트센터 지하1층 아트스페이스,2026-07-01,2026-07-13,전시/미술,송파구,https://culture.seoul.go.kr/culture/culture/cultureEvent/view.do?cultcode=158380&menuNo=200009,https://culture.seoul.go.kr/cmmn/file/getImage.do?atchFileId=bccdb92e8a79478b86f7c2f0fe82f6b9&thumb=Y,서울시 문화행사,,,,2026-08-23 01:14:23
해외바이어가 직접 찾는 글로벌 전시회 [2026 인터참코리아] InterCHARM Korea,"코엑스 A홀, C홀 ",2026-07-01,2026-07-03,전시/미술,강남구,https://culture.seoul.go.kr/culture/culture/cultureEvent/view.do?cultcode=156571&menuNo=200009,https://culture.seoul.go.kr/cmmn/file/getImage.do?atchFileId=5f2a4e2e793e49b987e5902a6e58cdf7&thumb=Y,서울시 문화행사,,,,2026-08-23 01:14:23
[서초문화재단 x 한국하프시코드협회 공동기획] '건반 음악의 이정표를 찾아' 시리즈 1 [마디가 없는 프렐류드],반포심산아트홀,2026-07-01,2026-07-01,클래식,서초구,https://culture.seoul.go.kr/culture/culture/cultureEvent/view.do?cultcode=157851&menuNo=200008,https://culture.seoul.go.kr/cmmn/file/getImage.do?atchFileId=b81d94d7bb034a5e84be18a81b345f33&thumb=Y,서울시 문화행사,,0.023396,42,2026-08-23 01:14:23
"[종로문화재단] 2026년 종로구립합창단 정기연주회 [Terra Viva, Vox Spei]",JCC아트센터 콘서트홀,2026-07-01,2026-07-01,클래식,종로구,https://culture.seoul.go.kr/culture/culture/cultureEvent/view.do?cultcode=158294&menuNo=200008,https://culture.seoul.go.kr/cmmn/file/getImage.do?atchFileId=b80e20f3eb3a44b3a23d148f053f2c91&thumb=Y,서울시 문화행사,,0.001401,15,2026-08-23 01:14:23
[마포문화재단] 제11회 M 클래식 축제 [불멸의 오페라],마포아트센터 아트홀맥,2026-07-01,2026-07-01,클래식,마포구,https://culture.seoul.go.kr/culture/culture/cultureEvent/view.do?cultcode=158188&menuNo=200008,https://culture.seoul.go.kr/cmmn/file/getImage.do?atchFileId=6261f3a8b4294d2598029e680bc12a80&thumb=Y,서울시 문화행사,,0.055695,51,2026-08-23 01:14:23
한동연 첼로 독주회,세종체임버홀,2026-07-01,2026-07-01,독주/독창회,종로구,https://culture.seoul.go.kr/culture/culture/cultureEvent/view.do?cultcode=158141&menuNo=200008,https://culture.seoul.go.kr/cmmn/file/getImage.do?atchFileId=dbfaf2925e72467aa8fff83a6be652ae&thumb=Y,서울시 문화행사,,0.012949,36,2026-08-23 01:14:23
김봉규 사진전 [코로나 19 접촉금지시대],갤러리 인덱스,2026-06-30,2026-07-13,전시/미술,종로구,https://culture.seoul.go.kr/culture/culture/cultureEvent/view.do?cultcode=158572&menuNo=200009,https://culture.seoul.go.kr/cmmn/file/getImage.do?atchFileId=95cf481fc2474d27b1799f35a239ba35&thumb=Y,서울시 문화행사,,0.00084,10,2026-08-23 01:14:23
[문화실험공간 호수] 2026 더 임팩트 청년예술인 공모전시 [우리가 지나온 밤의 지형],문화실험공간 호수 2층 (전시실),2026-06-30,2026-07-12,전시/미술,송파구,https://culture.seoul.go.kr/culture/culture/cultureEvent/view.do?cultcode=158486&menuNo=200009,https://culture.seoul.go.kr/cmmn/file/getImage.do?atchFileId=7dc30b99a92249faa620bf4157735d1a&thumb=Y,서울시 문화행사,,,,2026-08-23 01:14:23
[운현궁] 하우스뮤지엄 [문 너머의 문]_심자나 개인전,서울 운현궁 노락당,2026-06-30,2026-07-05,전시/미술,종로구,https://culture.seoul.go.kr/culture/culture/cultureEvent/view.do?cultcode=158367&menuNo=200009,https://culture.seoul.go.kr/cmmn/file/getImage.do?atchFileId=9828dc3090d24cb68d455369221dc298&thumb=Y,서울시 문화행사,,,,2026-08-23 01:14:23
2026 아동·청소년 도박문제예방교육 포럼 [아동청소년 도박문제의 실태와 예방교육의 필요성에 대하여],페럼타워 페럼홀(서울특별시 중구 을지로5길 19),2026-06-30,2026-06-30,교육/체험,중구,https://culture.seoul.go.kr/culture/culture/cultureEvent/view.do?cultcode=158094&menuNo=200011,https://culture.seoul.go.kr/cmmn/file/getImage.do?atchFileId=f16efb6d99874eff865a51e08027ad2d&thumb=Y,서울시 문화행사,,,,2026-08-23 01:14:23
[GS아트센터] 양인모 X 김치앤칩스,GS아트센터,2026-06-30,2026-06-30,클래식,강남구,https://culture.seoul.go.kr/culture/culture/cultureEvent/view.do?cultcode=156772&menuNo=200008,https://culture.seoul.go.kr/cmmn/file/getImage.do?atchFileId=344dc2e128c94b82977c28aab4a1381d&thumb=Y,서울시 문화행사,,0.219292,64,2026-08-23 01:14:23
[제18회 과학문화 혁신 포럼] 과학자본 확충을 위한 과학문화 정책의 전환과 과제,코엑스 컨퍼런스룸 327호,2026-06-30,2026-06-30,교육/체험,강남구,https://culture.seoul.go.kr/culture/culture/cultureEvent/view.do?cultcode=158343&menuNo=200011,https://culture.seoul.go.kr/cmmn/file/getImage.do?atchFileId=092adf9be82f4eef8d24a43a6b19bc12&thumb=Y,서울시 문화행사,,,,2026-08-23 01:14:23
[서울시립교향악단] 2026 서울시향 작은음악회 - 고려대학교 구로병원,고려대학교 구로병원 신관 로비,2026-06-30,2026-06-30,클래식,구로구,https://culture.seoul.go.kr/culture/culture/cultureEvent/view.do?cultcode=158332&menuNo=200008,https://culture.seoul.go.kr/cmmn/file/getImage.do?atchFileId=f39ebc6dac4746e595a783f3621d9ce0&thumb=Y,서울시 문화행사,,,,2026-08-23 01:14:23
서은영 가야금 독주회 공력 Ⅴ [철가락 - 이태백류 철가야금산조 전바탕],국립국악원 우면당,2026-06-30,2026-06-30,국악,서초구,https://culture.seoul.go.kr/culture/culture/cultureEvent/view.do?cultcode=158112&menuNo=200008,https://culture.seoul.go.kr/cmmn/file/getImage.do?atchFileId=17c62f97c2d24df99cca56e992783b25&thumb=Y,서울시 문화행사,,0.008703,33,2026-08-23 01:14:23
2026 생애주기별 문화예술교육 지원사업 '꿈다락 문화예술학교' [사람책 프로젝트X노년 : 인생 레시피],성신여대입구역 부근 연습실 (추후 공지),2026-06-29,2026-10-19,교육/체험,성북구,https://culture.seoul.go.kr/culture/culture/cultureEvent/view.do?cultcode=158251&menuNo=200011,https://culture.seoul.go.kr/cmmn/file/getImage.do?atchFileId=db84a18e36484d018ee8ace1a7643c85&thumb=Y,서울시 문화행사,,,,2026-08-23 01:14:23
[연세대학교 미래교육원] 2026학년도 여름학기 교육과정 안내,연세대학교 이윤재관,2026-06-29,2026-08-21,교육/체험,서대문구,https://culture.seoul.go.kr/culture/culture/cultureEvent/view.do?cultcode=157905&menuNo=200011,https://culture.seoul.go.kr/cmmn/file/getImage.do?atchFileId=904c46dc65f744adb7856a32e8b1c875&thumb=Y,서울시 문화행사,,0.000747,9,2026-08-23 01:14:23
[종로문화재단] 2026 종로 문화예술 지원사업 [디그업 종로] 선정 프로젝트 킴콜린 개인전 《THE UNSTILL LIFE TOUR》,키미아트 (서울시 종로구 평창30길 47),2026-06-29,2026-08-02,전시/미술,종로구,https://culture.seoul.go.kr/culture/culture/cultureEvent/view.do?cultcode=158571&menuNo=200009,https://culture.seoul.go.kr/cmmn/file/getImage.do?atchFileId=1ae9a0ec628b4a57b49778fe1593344b&thumb=Y,서울시 문화행사,,,,2026-08-23 01:14:23
[서울문화재단] 2026년 예술플러스창업 [오픈특강] 참여자 모집,청년예술청 그레이홀(서울시 서대문구 경기대로 26-26),2026-06-29,2026-07-13,교육/체험,서대문구,https://culture.seoul.go.kr/culture/culture/cultureEvent/view.do?cultcode=158238&menuNo=200011,https://culture.seoul.go.kr/cmmn/file/getImage.do?atchFileId=4149940c85b64385ac4bba0cbc89be80&thumb=Y,서울시 문화행사,,,,2026-08-23 01:14:23
소프라노 성윤주 독창회,세종체임버홀,2026-06-29,2026-06-29,독주/독창회,종로구,https://culture.seoul.go.kr/culture/culture/cultureEvent/view.do?cultcode=158142&menuNo=200008,https://culture.seoul.go.kr/cmmn/file/getImage.do?atchFileId=1b82d4f0f0ac4f2887e05159155a5cdb&thumb=Y,서울시 문화행사,,0.012949,36,2026-08-23 01:14:23
[서울생활문화센터 낙원] 2026년 6월 문화로드 낙원 홍릉 숲길을 걷습니다.,청량리역 광장 - 영희원- 세종대왕 기념관- 홍릉 수목원 등,2026-06-28,2026-06-28,교육/체험,동대문구,https://culture.seoul.go.kr/culture/culture/cultureEvent/view.do?cultcode=158358&menuNo=200011,https://culture.seoul.go.kr/cmmn/file/getImage.do?atchFileId=fe816685ea474b9a9d8ef243975cc29d&thumb=Y,서울시 문화행사,,,,2026-08-23 01:14:23
[GS아트센터] NDT 1 - 필름 스크리닝 [미스트],GS아트센터,2026-06-28,2026-06-28,무용,강남구,https://culture.seoul.go.kr/culture/culture/cultureEvent/view.do?cultcode=156774&menuNo=200008,https://culture.seoul.go.kr/cmmn/file/getImage.do?atchFileId=d3b7aaac258d4d63b74178084bc4bb88&thumb=Y,서울시 문화행사,,0.219292,64,2026-08-23 01:14:23
[GS아트센터] 다미앵 잘레 X 코헤이 나와 [프리즘],GS아트센터,2026-06-28,2026-06-28,무용,강남구,https://culture.seoul.go.kr/culture/culture/cultureEvent/view.do?cultcode=156773&menuNo=200008,https://culture.seoul.go.kr/cmmn/file/getImage.do?atchFileId=7ad9d266674546dfa5fcdeb47fc42b02&thumb=Y,서울시 문화행사,,0.219292,64,2026-08-23 01:14:23
[서울시립과학관] 과학북토크: 달작한 사이언스 (6월) [출산의 배신],서울시립과학관 3층 스타홀,2026-06-28,2026-06-28,교육/체험,노원구,https://culture.seoul.go.kr/culture/culture/cultureEvent/view.do?cultcode=158389&menuNo=200011,https://culture.seoul.go.kr/cmmn/file/getImage.do?atchFileId=7798fd47385745f0a2792ef04bf52474&thumb=Y,서울시 문화행사,,,,2026-08-23 01:14:23
[관악문화재단] 2026 꿈다락문화예술학교 [관악 어린이 건축가들],싱글벙글교육센터 문화도시공유공간 및 야외공간,2026-06-27,2026-07-26,교육/체험,관악구,https://culture.seoul.go.kr/culture/culture/cultureEvent/view.do?cultcode=158155&menuNo=200011,https://culture.seoul.go.kr/cmmn/file/getImage.do?atchFileId=293143a326ea47a28208d2693201d497&thumb=Y,서울시 문화행사,,,,2026-08-23 01:14:23
더 아카이브: 뮤지컬의 순간들,국립중앙박물관 극장 용  ,2026-06-27,2026-06-28,콘서트,용산구,https://culture.seoul.go.kr/culture/culture/cultureEvent/view.do?cultcode=158064&menuNo=200008,https://culture.seoul.go.kr/cmmn/file/getImage.do?atchFileId=a3f308fab6c1405c942a53078c77caee&thumb=Y,서울시 문화행사,,0.081967,54,2026-08-23 01:14:23
더 아카이브 : 뮤지컬의 순간들,국립중앙박물관 극장 용,2026-06-27,2026-06-28,뮤지컬/오페라,용산구,https://culture.seoul.go.kr/culture/culture/cultureEvent/view.do?cultcode=158287&menuNo=200008,https://culture.seoul.go.kr/cmmn/file/getImage.do?atchFileId=60d1b49a5f034c119efbcb7468c5325c&thumb=Y,서울시 문화행사,,0.081967,54,2026-08-23 01:14:23
Performance by EPT [溫(온)] - 창단 10주년 기념 연주회,세종체임버홀,2026-06-27,2026-06-27,클래식,종로구,https://culture.seoul.go.kr/culture/culture/cultureEvent/view.do?cultcode=158182&menuNo=200008,https://culture.seoul.go.kr/cmmn/file/getImage.do?atchFileId=44b6d78b62214272a9c0abca9ba274db&thumb=Y,서울시 문화행사,,0.012949,36,2026-08-23 01:14:23
"문예북흥 No.64 - 반려견과 반려인, 서로의 반려가 된 배우 문정희와 골든 리트리버 마누의 동행과 교감의 기록, 『마누 이야기』",이호철북콘서트홀,2026-06-27,2026-06-27,교육/체험,은평구,https://culture.seoul.go.kr/culture/culture/cultureEvent/view.do?cultcode=158230&menuNo=200011,https://culture.seoul.go.kr/cmmn/file/getImage.do?atchFileId=bd70ad22b906491699bd9731bf42847f&thumb=Y,서울시 문화행사,,0.013049,36,2026-08-23 01:14:23
[서울문화예술교육센터 강북] 상설프로젝트 《일상의 무대》 6월 전통공예 워크숍 [복을 담은 장승 목인형],서울문화예술교육센터 강북 4층 대강의실,2026-06-27,2026-06-27,교육/체험,강북구,https://culture.seoul.go.kr/culture/culture/cultureEvent/view.do?cultcode=158327&menuNo=200011,https://culture.seoul.go.kr/cmmn/file/getImage.do?atchFileId=9982aea9bf774d84879cef33de5967c6&thumb=Y,서울시 문화행사,,,,2026-08-23 01:14:23
"[서울갤러리] 유월의 설렘, 유얼 스테이지 [싱어송라이터 무이야드]",서울갤러리 지하 1층 공연장,2026-06-27,2026-06-27,콘서트,중구,https://culture.seoul.go.kr/culture/culture/cultureEvent/view.do?cultcode=158052&menuNo=200008,https://culture.seoul.go.kr/cmmn/file/getImage.do?atchFileId=ef921ed2258941099aadf2e63fa57223&thumb=Y,서울시 문화행사,,,,2026-08-23 01:14:23
[관악문화재단] 음악공장 노올량 [플레이리스트 : 세대별 아리랑],관악아트홀 공연장,2026-06-27,2026-06-27,국악,관악구,https://culture.seoul.go.kr/culture/culture/cultureEvent/view.do?cultcode=157768&menuNo=200008,https://culture.seoul.go.kr/cmmn/file/getImage.do?atchFileId=264e220c83bc49a292d54dd9adde57ef&thumb=Y,서울시 문화행사,,,,2026-08-23 01:14:23
[서울문화예술교육센터 용산] 다정한 아트라운지 [안녕을 나누는 사이 ― 글과 만난 공간],서울문화예술교육센터 용산 업무동 1층 아트라운지,2026-06-27,2026-06-27,교육/체험,용산구,https://culture.seoul.go.kr/culture/culture/cultureEvent/view.do?cultcode=158059&menuNo=200011,https://culture.seoul.go.kr/cmmn/file/getImage.do?atchFileId=edd98d719aa442b496c890d4349dd280&thumb=Y,서울시 문화행사,,,,2026-08-23 01:14:23
[동작문화재단] 본동어울마당 아트홀 '본동 세레나데' [제이에스브라스 콜렉티브의 쇼 마칭 브라스 밴드],본동어울마당 아트홀,2026-06-27,2026-06-27,뮤지컬/오페라,동작구,https://culture.seoul.go.kr/culture/culture/cultureEvent/view.do?cultcode=157968&menuNo=200008,https://culture.seoul.go.kr/cmmn/file/getImage.do?atchFileId=d6f03db9466047f7beb8d3fbe563ac7c&thumb=Y,서울시 문화행사,,0.000311,0,2026-08-23 01:14:23
"[영등포아트스퀘어] 배우 문정희 북콘서트 [금빛 동행, 마누 이야기]",영등포아트스퀘어 스퀘어A,2026-06-27,2026-06-27,콘서트,영등포구,https://culture.seoul.go.kr/culture/culture/cultureEvent/view.do?cultcode=158197&menuNo=200008,https://culture.seoul.go.kr/cmmn/file/getImage.do?atchFileId=879948e424604b6fa1eabd6aa853ac99&thumb=Y,서울시 문화행사,,,,2026-08-23 01:14:23
[서울아트책보고] 어린이 프로그램 [그림책 예술놀이: 상상하는 우리],서울아트책보고 워크숍룸,2026-06-27,2026-06-27,교육/체험,구로구,https://culture.seoul.go.kr/culture/culture/cultureEvent/view.do?cultcode=158285&menuNo=200011,https://culture.seoul.go.kr/cmmn/file/getImage.do?atchFileId=21e00694a4534dd793a15769aa84d556&thumb=Y,서울시 문화행사,,,,2026-08-23 01:14:23
[서울도서관] 초등3-4학년 [어린이 디지털 리터러시 교육: 디지털 두드림],서울도서관 4층 사서교육장,2026-06-27,2026-06-27,교육/체험,중구,https://culture.seoul.go.kr/culture/culture/cultureEvent/view.do?cultcode=158122&menuNo=200011,https://culture.seoul.go.kr/cmmn/file/getImage.do?atchFileId=a0a0da7d973545dea342b57e1fc32033&thumb=Y,서울시 문화행사,,,,2026-08-23 01:14:23
[강남문화재단] 우리동네 작은음악회 [두루두루] - 강남스퀘어,강남스퀘어 광장(강남역 11번출구 앞),2026-06-27,2026-06-27,콘서트,강남구,https://culture.seoul.go.kr/culture/culture/cultureEvent/view.do?cultcode=158359&menuNo=200008,https://culture.seoul.go.kr/cmmn/file/getImage.do?atchFileId=88cf3ece51754ae5a92e1c948629183e&thumb=Y,서울시 문화행사,,,,2026-08-23 01:14:23
[서울도서관] 2026 움직이는 서울형책방 5회 : 도토리책방,광화문 라운지 (광화문역 9번 출구),2026-06-27,2026-06-27,교육/체험,종로구,https://culture.seoul.go.kr/culture/culture/cultureEvent/view.do?cultcode=158317&menuNo=200011,https://culture.seoul.go.kr/cmmn/file/getImage.do?atchFileId=e8ebb99098734e08b34acd70362fd3c0&thumb=Y,서울시 문화행사,,,,2026-08-23 01:14:23
[서초문화재단] 서리풀 작곡가 탐구 시리즈 [하모니카를 사랑한 작곡가들],심산기념문화센터 2층 반포심산아트홀,2026-06-27,2026-06-27,클래식,서초구,https://culture.seoul.go.kr/culture/culture/cultureEvent/view.do?cultcode=158376&menuNo=200008,https://culture.seoul.go.kr/cmmn/file/getImage.do?atchFileId=b59e5bb8a7d64235a04e62b76e6451c0&thumb=Y,서울시 문화행사,,,,2026-08-23 01:14:23
[살롱클래식] 서린 듀오 - 한 여름의 서사,라율아트홀,2026-06-27,2026-06-27,클래식,서초구,https://culture.seoul.go.kr/culture/culture/cultureEvent/view.do?cultcode=158098&menuNo=200008,https://culture.seoul.go.kr/cmmn/file/getImage.do?atchFileId=686ac975cd604b599a175847bebf33d4&thumb=Y,서울시 문화행사,,0.012015,36,2026-08-23 01:14:23
황소원 피아노 독주회,예술의전당 리사이틀홀,2026-06-27,2026-06-27,독주/독창회,서초구,https://culture.seoul.go.kr/culture/culture/cultureEvent/view.do?cultcode=157874&menuNo=200008,https://culture.seoul.go.kr/cmmn/file/getImage.do?atchFileId=f41755b118264fcaa0a479eb2ebc1f17&thumb=Y,서울시 문화행사,,0.003573,24,2026-08-23 01:14:23
[서울역사박물관] 태화관_시간을 잇는 공간,공평도시유적전시관 기획전시실,2026-06-26,2027-03-07,전시/미술,종로구,https://culture.seoul.go.kr/culture/culture/cultureEvent/view.do?cultcode=158657&menuNo=200009,https://culture.seoul.go.kr/cmmn/file/getImage.do?atchFileId=ce0c0494297949a38bb5e2106bd16fbb&thumb=Y,서울시 문화행사,,,,2026-08-23 01:14:23
모양채집 : 그린 것이 닿을 때까지,"아트센터림 1층 아트윈도우, 2층 제 1/2 전시실",2026-06-26,2026-07-10,전시/미술,종로구,https://culture.seoul.go.kr/culture/culture/cultureEvent/view.do?cultcode=158295&menuNo=200009,https://culture.seoul.go.kr/cmmn/file/getImage.do?atchFileId=59fd5f511c5f4165ab1e1e2dbfe9342d&thumb=Y,서울시 문화행사,,,,2026-08-23 01:14:23
[구로기적의도서관] 2026 찾아가는 생추어리학교 [포스트휴머니즘 시대 생명감수성],구로기적의도서관 2층 강당,2026-06-26,2026-07-03,교육/체험,구로구,https://culture.seoul.go.kr/culture/culture/cultureEvent/view.do?cultcode=158298&menuNo=200011,https://culture.seoul.go.kr/cmmn/file/getImage.do?atchFileId=026d586b65ee44da864eb644d22bf845&thumb=Y,서울시 문화행사,,,,2026-08-23 01:14:23
2026년 제2회 서울브라보발레페스티벌(SEOUL BRAVO BALLET FESTIVAL),서울아트센터 도암홀,2026-06-26,2026-06-28,무용,종로구,https://culture.seoul.go.kr/culture/culture/cultureEvent/view.do?cultcode=158082&menuNo=200008,https://culture.seoul.go.kr/cmmn/file/getImage.do?atchFileId=eba2adadb07b4e58b7c0b81608c3b5a7&thumb=Y,서울시 문화행사,,0.017345,39,2026-08-23 01:14:23
한일공동창작극 [조세이탄광 - 살고 싶었다],서울성북미디어문화마루 꿈빛극장,2026-06-26,2026-06-28,연극,성북구,https://culture.seoul.go.kr/culture/culture/cultureEvent/view.do?cultcode=157904&menuNo=200008,https://culture.seoul.go.kr/cmmn/file/getImage.do?atchFileId=39ab0ba0a6e440d3ac798e5cfee15081&thumb=Y,서울시 문화행사,,,,2026-08-23 01:14:23
[서울문화예술교육센터 강북] 공연 '라이브씨어터' [단편소설극장],2층 예술당솔샘,2026-06-26,2026-06-27,연극,강북구,https://culture.seoul.go.kr/culture/culture/cultureEvent/view.do?cultcode=157704&menuNo=200008,https://culture.seoul.go.kr/cmmn/file/getImage.do?atchFileId=e37e6edcb88c497fabc1e219ad1e8758&thumb=Y,서울시 문화행사,,,,2026-08-23 01:14:23
[서울시립교향악단] 2026 서울시향 우리동네 음악회-뮤지엄 콘서트 (서울시립북서울미술관), 서울시립북서울미술관 야외 별광장,2026-06-26,2026-06-26,클래식,노원구,https://culture.seoul.go.kr/culture/culture/cultureEvent/view.do?cultcode=158329&menuNo=200008,https://culture.seoul.go.kr/cmmn/file/getImage.do?atchFileId=3160c958069048f9abe0f844c6e78166&thumb=Y,서울시 문화행사,,,,2026-08-23 01:14:23
2026 국가무형유산 거문고산조 김영재 보유자 공개행사,국가무형유산 전수교육관 민속극장 풍류,2026-06-26,2026-06-26,국악,강남구,https://culture.seoul.go.kr/culture/culture/cultureEvent/view.do?cultcode=158252&menuNo=200008,https://culture.seoul.go.kr/cmmn/file/getImage.do?atchFileId=8767a8feeb324353b309512b32b723b4&thumb=Y,서울시 문화행사,,,,2026-08-23 01:14:23
[서울외국인주민센터] 세계문화탐방 [일상 속 세계정거장] 스페인 문화편,인스티투토 세르반테스,2026-06-26,2026-06-26,교육/체험,중구,https://culture.seoul.go.kr/culture/culture/cultureEvent/view.do?cultcode=158129&menuNo=200011,https://culture.seoul.go.kr/cmmn/file/getImage.do?atchFileId=2c32a106e2f1409c9ded4a576fe49abb&thumb=Y,서울시 문화행사,,0.000311,0,2026-08-23 01:14:23
피아니스트 고연경 렉처 리사이틀 Ⅱ 모순의 시간 (Paradox in Time),세종체임버홀,2026-06-26,2026-06-26,클래식,종로구,https://culture.seoul.go.kr/culture/culture/cultureEvent/view.do?cultcode=158200&menuNo=200008,https://culture.seoul.go.kr/cmmn/file/getImage.do?atchFileId=61204dd483d449e8b46b6dfdacfac7a4&thumb=Y,서울시 문화행사,,0.012949,36,2026-08-23 01:14:23
[서울책보고] 6월 모여보고,서울책보고(잠실나루역 1번 출구 도보 1분),2026-06-26,2026-06-26,교육/체험,송파구,https://culture.seoul.go.kr/culture/culture/cultureEvent/view.do?cultcode=158319&menuNo=200011,https://culture.seoul.go.kr/cmmn/file/getImage.do?atchFileId=fbb2b496cc01402c9f2af7982caad1ea&thumb=Y,서울시 문화행사,,,,2026-08-23 01:14:23
더 멘즈 콰이어 남성합창단 제18회 정기연주회,롯데콘서트홀,2026-06-26,2026-06-26,클래식,송파구,https://culture.seoul.go.kr/culture/culture/cultureEvent/view.do?cultcode=158146&menuNo=200008,https://culture.seoul.go.kr/cmmn/file/getImage.do?atchFileId=67ce3d9bf2df4508923d4da9525474d9&thumb=Y,서울시 문화행사,,0.808786,77,2026-08-23 01:14:23
[한성백제박물관] 제28회 쟁점백제사 학술회의 개최 안내 [백제 한성기의 영역 - 연구 방법론의 새로운 모색],한성백제박물관 한성백제홀,2026-06-26,2026-06-26,기타,송파구,https://culture.seoul.go.kr/culture/culture/cultureEvent/view.do?cultcode=158221&menuNo=200013,https://culture.seoul.go.kr/cmmn/file/getImage.do?atchFileId=189aabbac06b49a7beb74358c3691f6b&thumb=Y,서울시 문화행사,,,,2026-08-23 01:14:23
[동작문화재단] 2026 까망돌어울마당 아트홀 공연실황 스크린 ON-AIR 5회차 [춘향탈옥] 2부,까망돌어울마당 아트홀(동작구 서달로 129 지하 1층),2026-06-26,2026-06-26,뮤지컬/오페라,동작구,https://culture.seoul.go.kr/culture/culture/cultureEvent/view.do?cultcode=157889&menuNo=200008,https://culture.seoul.go.kr/cmmn/file/getImage.do?atchFileId=0a6230768fb641c280971b270a6b78ae&thumb=Y,서울시 문화행사,,,,2026-08-23 01:14:23
[서울시립 북서울미술관] 유휴공간 전시 《보편타당한 당신 - 심이다은》,"서울시립 북서울미술관 2층 유휴공간 라운지 2, 3",2026-06-25,2027-04-11,전시/미술,노원구,https://culture.seoul.go.kr/culture/culture/cultureEvent/view.do?cultcode=158239&menuNo=200009,https://culture.seoul.go.kr/cmmn/file/getImage.do?atchFileId=91e5b3cca3f5406cb7a8c0d441349b8f&thumb=Y,서울시 문화행사,,,,2026-08-23 01:14:23
[서초문화재단] 서리풀청년아트갤러리 전시 [뱀보다 두려운 것은],서리풀청년아트갤러리,2026-06-25,2026-07-18,전시/미술,서초구,https://culture.seoul.go.kr/culture/culture/cultureEvent/view.do?cultcode=158399&menuNo=200009,https://culture.seoul.go.kr/cmmn/file/getImage.do?atchFileId=b435bd77457346deb9f81c64befbc2cb&thumb=Y,서울시 문화행사,,0.000722,8,2026-08-23 01:14:23
[서초문화재단] 모차르트 피아노 협주곡 전곡 시리즈 VII,심산기념문화센터 2층 반포심산아트홀,2026-06-25,2026-06-25,클래식,서초구,https://culture.seoul.go.kr/culture/culture/cultureEvent/view.do?cultcode=158369&menuNo=200008,https://culture.seoul.go.kr/cmmn/file/getImage.do?atchFileId=bfd67d2a2508419f99926838ff486eb2&thumb=Y,서울시 문화행사,,,,2026-08-23 01:14:23
[서울역사박물관] 제3회 배리어프리영화관 6월 상영 [오즈의 마법사],서울역사박물관 1층 강당(야주개홀),2026-06-25,2026-06-25,영화,종로구,https://culture.seoul.go.kr/culture/culture/cultureEvent/view.do?cultcode=157934&menuNo=200013,https://culture.seoul.go.kr/cmmn/file/getImage.do?atchFileId=ada532419d78469eb309be82c1e7b680&thumb=Y,서울시 문화행사,,,,2026-08-23 01:14:23
"[사람사는세상노무현재단] 정준희, 변영주의 문화정변 - 여우락페스티벌",노무현시민센터 지하 2층 다목적홀 '가치하다',2026-06-25,2026-06-25,콘서트,종로구,https://culture.seoul.go.kr/culture/culture/cultureEvent/view.do?cultcode=158351&menuNo=200008,https://culture.seoul.go.kr/cmmn/file/getImage.do?atchFileId=f91fe0562ca546f7ae17519f5e29c026&thumb=Y,서울시 문화행사,,,,2026-08-23 01:14:23
[공연봄날 X 서울시립교향악단] 2026 서울시향 우리동네 실내악 - 광림아트센터 장천홀,광림아트센터 장천홀,2026-06-25,2026-06-25,클래식,강남구,https://culture.seoul.go.kr/culture/culture/cultureEvent/view.do?cultcode=158330&menuNo=200008,https://culture.seoul.go.kr/cmmn/file/getImage.do?atchFileId=4bbb52713514454aa8fece075e2cf3fa&thumb=Y,서울시 문화행사,,0.004034,25,2026-08-23 01:14:23
[성동문화재단] 2026년 골목 바이브 3회차,빈플래토,2026-06-25,2026-06-25,콘서트,성동구,https://culture.seoul.go.kr/culture/culture/cultureEvent/view.do?cultcode=158025&menuNo=200008,https://culture.seoul.go.kr/cmmn/file/getImage.do?atchFileId=93576ca3a24e4114a730b6ad32e615be&thumb=Y,서울시 문화행사,,0.001444,15,2026-08-23 01:14:23
[서울책보고] 큐레이션 토크 with 북멘토 [내 머리에 버섯이 났어요] 주핀쉬안 작가,서울책보고 라운지,2026-06-25,2026-06-25,교육/체험,송파구,https://culture.seoul.go.kr/culture/culture/cultureEvent/view.do?cultcode=158318&menuNo=200011,https://culture.seoul.go.kr/cmmn/file/getImage.do?atchFileId=45c820570bbf48208e927331e4fff69c&thumb=Y,서울시 문화행사,,,,2026-08-23 01:14:23
"[서울도서관] 글로벌 작가힙톡 대만 [리그라러 아우, 황우이전, 마익항] 작가와의 만남",서울도서관 1층 생각마루,2026-06-25,2026-06-25,교육/체험,종로구,https://culture.seoul.go.kr/culture/culture/cultureEvent/view.do?cultcode=158308&menuNo=200011,https://culture.seoul.go.kr/cmmn/file/getImage.do?atchFileId=5583f825733a479c8122fce9ace2c979&thumb=Y,서울시 문화행사,,,,2026-08-23 01:14:23
"[서울문화예술교육센터 용산] 힐링북콘서트 [마음퇴근, 쉼을 읽는 저녁 6월]",서울문화예술교육센터 용산 1층 아트라운지,2026-06-25,2026-06-25,콘서트,용산구,https://culture.seoul.go.kr/culture/culture/cultureEvent/view.do?cultcode=158056&menuNo=200008,https://culture.seoul.go.kr/cmmn/file/getImage.do?atchFileId=bf6e107154c74e089fb91739036fbb33&thumb=Y,서울시 문화행사,,,,2026-08-23 01:14:23
[마포구립서강도서관] 6-11월/길 위의 인문학 [독서 페어링：All that library to do],"마포구립서강도서관 3층 세미나실 / 독서관 / 예술의 전당 / 온라인(패들렛, zoom)",2026-06-24,2026-11-15,교육/체험,마포구,https://culture.seoul.go.kr/culture/culture/cultureEvent/view.do?cultcode=158167&menuNo=200011,https://culture.seoul.go.kr/cmmn/file/getImage.do?atchFileId=2af602e1412d464ba09822a5f47e5079&thumb=Y,서울시 문화행사,,,,2026-08-23 01:14:23
[은평문화재단] 2026 문화로 치유 지원사업 [도시숲 예술치유],불광천수변무대,2026-06-24,2026-09-12,교육/체험,은평구,https://culture.seoul.go.kr/culture/culture/cultureEvent/view.do?cultcode=158257&menuNo=200011,https://culture.seoul.go.kr/cmmn/file/getImage.do?atchFileId=114a4809a3e84373af5aaf43825741df&thumb=Y,서울시 문화행사,,,,2026-08-23 01:14:23
[서울시립미술관 서소문본관] 2026 예술가의 런치박스 [생성하는 테이블],서울시립미술관 서소문본관 3층 세마엘,2026-06-24,2026-08-27,교육/체험,중구,https://culture.seoul.go.kr/culture/culture/cultureEvent/view.do?cultcode=158143&menuNo=200011,https://culture.seoul.go.kr/cmmn/file/getImage.do?atchFileId=e6bfd531b30f4ff0b55df22a1c59808e&thumb=Y,서울시 문화행사,,,,2026-08-23 01:14:23
누구나 청춘무대 [청춘가요마당],문화일보홀,2026-06-24,2026-08-26,교육/체험,중구,https://culture.seoul.go.kr/culture/culture/cultureEvent/view.do?cultcode=158331&menuNo=200011,https://culture.seoul.go.kr/cmmn/file/getImage.do?atchFileId=9f819e7b81bc410cbf59ae5dfbfeb3d7&thumb=Y,서울시 문화행사,,0.00127,14,2026-08-23 01:14:23
[강북문화재단] 2026년 강북Festa [전시프로그램],강북진달래홀 갤러리,2026-06-24,2026-08-08,전시/미술,강북구,https://culture.seoul.go.kr/culture/culture/cultureEvent/view.do?cultcode=158525&menuNo=200009,https://culture.seoul.go.kr/cmmn/file/getImage.do?atchFileId=d168f4e24a2647e4ab34fe07eefe8a9b&thumb=Y,서울시 문화행사,,,,2026-08-23 01:14:23
[두산갤러리] 두산인문극장 기획전: 3개국어,두산아트센터 두산갤러리,2026-06-24,2026-08-01,전시/미술,종로구,https://culture.seoul.go.kr/culture/culture/cultureEvent/view.do?cultcode=158368&menuNo=200009,https://culture.seoul.go.kr/cmmn/file/getImage.do?atchFileId=9559126f27874a9592cc70cbeff1c3e7&thumb=Y,서울시 문화행사,,,,2026-08-23 01:14:23
[갤러리지우헌] 이택수 개인전 [잔잔: 기록되지 못한 것들],갤러리 지우헌,2026-06-24,2026-07-25,전시/미술,종로구,https://culture.seoul.go.kr/culture/culture/cultureEvent/view.do?cultcode=158349&menuNo=200009,https://culture.seoul.go.kr/cmmn/file/getImage.do?atchFileId=8b4095923454461f9a171bf60546824d&thumb=Y,서울시 문화행사,,0.000685,8,2026-08-23 01:14:23
"[마포구립서강도서관] 6-7월 길 위의 인문학 (진경, 독서관) 오감 활용 에세이","서강도서관 3층 세미나실, 독서관",2026-06-24,2026-07-22,교육/체험,마포구,https://culture.seoul.go.kr/culture/culture/cultureEvent/view.do?cultcode=158101&menuNo=200011,https://culture.seoul.go.kr/cmmn/file/getImage.do?atchFileId=15a11a31e36241beb53877ab640084b7&thumb=Y,서울시 문화행사,,,,2026-08-23 01:14:23
유효진 개인전 [눈 밖에 손 안에 발톱 옆에 눈],챔버 (서울 성북구 동소문로 26-6),2026-06-24,2026-07-19,전시/미술,성북구,https://culture.seoul.go.kr/culture/culture/cultureEvent/view.do?cultcode=158464&menuNo=200009,https://culture.seoul.go.kr/cmmn/file/getImage.do?atchFileId=615084a0c2b746dcafc837bf22be5e8b&thumb=Y,서울시 문화행사,,,,2026-08-23 01:14:23
종이쪽 연구회 제4회 정기 모임 [플라이 플라이어 Fly Flyer],나이트 쉬프트,2026-06-24,2026-07-07,교육/체험,중구,https://culture.seoul.go.kr/culture/culture/cultureEvent/view.do?cultcode=158186&menuNo=200011,https://culture.seoul.go.kr/cmmn/file/getImage.do?atchFileId=24358febf09240c880415bebfc1e591c&thumb=Y,서울시 문화행사,,0.00381,24,2026-08-23 01:14:23
[미림아트갤러리] 각자의 삶 - Each One’s Life - 윤수정 개인전,미림아트 3층 미림아트갤러리,2026-06-24,2026-06-30,전시/미술,종로구,https://culture.seoul.go.kr/culture/culture/cultureEvent/view.do?cultcode=158354&menuNo=200009,https://culture.seoul.go.kr/cmmn/file/getImage.do?atchFileId=f80b96b0e60f45b2b8b802aaf9c1df20&thumb=Y,서울시 문화행사,,,,2026-08-23 01:14:23
김조민·한봄이 2인전 [PATINA 손때: 인내에 깃든 탐욕],경인미술관,2026-06-24,2026-06-30,전시/미술,종로구,https://culture.seoul.go.kr/culture/culture/cultureEvent/view.do?cultcode=158416&menuNo=200009,https://culture.seoul.go.kr/cmmn/file/getImage.do?atchFileId=1aa6c9193cd0418fac4648e817201498&thumb=Y,서울시 문화행사,,0.019748,41,2026-08-23 01:14:23
[다시보는 공연봄날] 사자특공대 백수지왕,서울남산국악당 크라운해태홀,2026-06-24,2026-06-27,국악,중구,https://culture.seoul.go.kr/culture/culture/cultureEvent/view.do?cultcode=158342&menuNo=200008,https://culture.seoul.go.kr/cmmn/file/getImage.do?atchFileId=abd4d24f706245dab037ec22f94a6e25&thumb=Y,서울시 문화행사,,0.000498,5,2026-08-23 01:14:23
[다미앵 잘레 X 코헤이 나와] 플래닛 [방랑자],GS아트센터(역삼역),2026-06-24,2026-06-26,무용,강남구,https://culture.seoul.go.kr/culture/culture/cultureEvent/view.do?cultcode=157653&menuNo=200008,https://culture.seoul.go.kr/cmmn/file/getImage.do?atchFileId=a1ca5a6b1d4745718603d4f7f7832175&thumb=Y,서울시 문화행사,,,,2026-08-23 01:14:23
[서울시립 미술아카이브] 예술가의 런치박스 [백정기 '능동적인 재료'],서울시립 미술아카이브 나눔동 2층 다목적홀 (서울시 종로구 평창문화로 101),2026-06-24,2026-06-25,교육/체험,종로구,https://culture.seoul.go.kr/culture/culture/cultureEvent/view.do?cultcode=158144&menuNo=200011,https://culture.seoul.go.kr/cmmn/file/getImage.do?atchFileId=73ee6035dfcd46b0929385dafc942a3d&thumb=Y,서울시 문화행사,,,,2026-08-23 01:14:23
박진희 피아노 독주회,세종체임버홀,2026-06-24,2026-06-24,독주/독창회,종로구,https://culture.seoul.go.kr/culture/culture/cultureEvent/view.do?cultcode=158201&menuNo=200008,https://culture.seoul.go.kr/cmmn/file/getImage.do?atchFileId=b4a1f93bd9474216bc35827ea2e2c579&thumb=Y,서울시 문화행사,,0.012949,36,2026-08-23 01:14:23
2026 까망돌어울마당 아트홀 상반기 정기 기획공연 [까망돌 칸타빌레] 6회차 국악단 민음의 [우리 국악 이야기],까망돌어울마당 아트홀,2026-06-24,2026-06-24,콘서트,동작구,https://culture.seoul.go.kr/culture/culture/cultureEvent/view.do?cultcode=158191&menuNo=200008,https://culture.seoul.go.kr/cmmn/file/getImage.do?atchFileId=2cecf85aff244fe2bfec92f5011345fc&thumb=Y,서울시 문화행사,,0.001463,15,2026-08-23 01:14:23
[구립증산도서관] 환경의 달 - 직조바느질 원데이 클래스 제로웨이스트 수선공방,1층 문화교육실,2026-06-24,2026-06-24,교육/체험,은평구,https://culture.seoul.go.kr/culture/culture/cultureEvent/view.do?cultcode=158282&menuNo=200011,https://culture.seoul.go.kr/cmmn/file/getImage.do?atchFileId=cb20b9ac494d45028e0eea944e326459&thumb=Y,서울시 문화행사,,,,2026-08-23 01:14:23
2026 서울 여성과 가족이 함께하는 2026 여가살롱 2회,서울여성플라자 2층 다목적라운지(라운지카페),2026-06-24,2026-06-24,교육/체험,동작구,https://culture.seoul.go.kr/culture/culture/cultureEvent/view.do?cultcode=158102&menuNo=200011,https://culture.seoul.go.kr/cmmn/file/getImage.do?atchFileId=d1f60fa6ba3d47a184e7dd29ebbeaeb7&thumb=Y,서울시 문화행사,,,,2026-08-23 01:14:23
"[서울갤러리] 유월의 설렘, 유얼 스테이지 [싱어송라이터 심각한 개구리]",서울갤러리 지하 1층 공연장,2026-06-24,2026-06-24,콘서트,중구,https://culture.seoul.go.kr/culture/culture/cultureEvent/view.do?cultcode=158051&menuNo=200008,https://culture.seoul.go.kr/cmmn/file/getImage.do?atchFileId=bdec4d04d4f0478c9079ca04853205db&thumb=Y,서울시 문화행사,,,,2026-08-23 01:14:23
[서울도서관] 글로벌 작가힙톡 대만 [리앙 작가와의 만남],서울도서관 1층 생각마루,2026-06-24,2026-06-24,교육/체험,중구,https://culture.seoul.go.kr/culture/culture/cultureEvent/view.do?cultcode=158309&menuNo=200011,https://culture.seoul.go.kr/cmmn/file/getImage.do?atchFileId=f8e8bbf14c0146899173bc8b66402078&thumb=Y,서울시 문화행사,,,,2026-08-23 01:14:23
[서울도서관] 월간 북돋움 [지친 마음에도 쉼이 필요해요],서울도서관 4층 사서교육장,2026-06-24,2026-06-24,교육/체험,중구,https://culture.seoul.go.kr/culture/culture/cultureEvent/view.do?cultcode=158316&menuNo=200011,https://culture.seoul.go.kr/cmmn/file/getImage.do?atchFileId=9ac2605ca706449dbc80aa8290109f97&thumb=Y,서울시 문화행사,,,,2026-08-23 01:14:23
손철주의 오래된 그림공부 [표정이 왜 저럴까?],JCC재능크리에이티브센터 스튜디오,2026-06-24,2026-06-24,교육/체험,종로구,https://culture.seoul.go.kr/culture/culture/cultureEvent/view.do?cultcode=158177&menuNo=200011,https://culture.seoul.go.kr/cmmn/file/getImage.do?atchFileId=2a903b4355764df0a55377827e6de590&thumb=Y,서울시 문화행사,,,,2026-08-23 01:14:23
[서울시립교향악단] 2026 서울시향 우리동네 음악회-뮤지엄 콘서트 (서울역사박물관),서울역사박물관 1층 로비,2026-06-24,2026-06-24,클래식,종로구,https://culture.seoul.go.kr/culture/culture/cultureEvent/view.do?cultcode=158324&menuNo=200008,https://culture.seoul.go.kr/cmmn/file/getImage.do?atchFileId=bbacbf9e97cb4b1ab45974b80b27880a&thumb=Y,서울시 문화행사,,,,2026-08-23 01:14:23
[관악문화재단] 2026년 예술의전당 싹온스크린(SAC ON SCREEN) 6월 상영작 안내,싱글벙글교육센터 싱글동 1층 다목적강당,2026-06-24,2026-06-24,뮤지컬/오페라,관악구,https://culture.seoul.go.kr/culture/culture/cultureEvent/view.do?cultcode=158326&menuNo=200008,https://culture.seoul.go.kr/cmmn/file/getImage.do?atchFileId=9ddc6e43548547b09a97d2eedc0e3162&thumb=Y,서울시 문화행사,,,,2026-08-23 01:14:23
[마포문화재단] 2026 MAC 모닝 콘서트 ＃4,마포아트센터 아트홀맥,2026-06-24,2026-06-24,클래식,마포구,https://culture.seoul.go.kr/culture/culture/cultureEvent/view.do?cultcode=157457&menuNo=200008,https://culture.seoul.go.kr/cmmn/file/getImage.do?atchFileId=f56c06c4bae24a67b60617b310613d7c&thumb=Y,서울시 문화행사,,0.055695,51,2026-08-23 01:14:23
[구로문화누리도서관] 인문학배움터 [글로벌 구로 : 경계를 넘는 세계시민 인문학],구로문화누리도서관 4층 배움누리2,2026-06-24,2026-06-24,교육/체험,구로구,https://culture.seoul.go.kr/culture/culture/cultureEvent/view.do?cultcode=157995&menuNo=200011,https://culture.seoul.go.kr/cmmn/file/getImage.do?atchFileId=8c10532f6ee74ae1a686277014ad426d&thumb=Y,서울시 문화행사,,,,2026-08-23 01:14:23
[예술가의집] 제28회 작곡가의방 [이홍석],예술가의집 다목적홀,2026-06-24,2026-06-24,교육/체험,종로구,https://culture.seoul.go.kr/culture/culture/cultureEvent/view.do?cultcode=158216&menuNo=200011,https://culture.seoul.go.kr/cmmn/file/getImage.do?atchFileId=6ccb2e5e719f422f800f3cb5877c7dfb&thumb=Y,서울시 문화행사,,,,2026-08-23 01:14:23
[서울로봇인공지능과학관] 강연/라임 콜로키엄 [2026년 제3회_로봇이 사람이 되고 싶어한다면?],서울로봇인공지능과학관 1층,2026-06-24,2026-06-24,교육/체험,도봉구,https://culture.seoul.go.kr/culture/culture/cultureEvent/view.do?cultcode=158153&menuNo=200011,https://culture.seoul.go.kr/cmmn/file/getImage.do?atchFileId=d4cf7ef0396949e8a972f62371feddd5&thumb=Y,서울시 문화행사,,,,2026-08-23 01:14:23
[광진문화재단] 나루아티스트와 함께하는 '문화가 있는 날' [살롱음악회] (6월),나루아트센터  스페이스76,2026-06-24,2026-06-24,클래식,광진구,https://culture.seoul.go.kr/culture/culture/cultureEvent/view.do?cultcode=157873&menuNo=200008,https://culture.seoul.go.kr/cmmn/file/getImage.do?atchFileId=da99716a20254f859683ad3fe513c7b0&thumb=Y,서울시 문화행사,,,,2026-08-23 01:14:23
[꿈의숲아트센터] 꿈의숲 마티네 콘서트 [벨에포크 아트&뮤직] 시리즈2,꿈의숲아트센터 콘서트홀,2026-06-24,2026-06-24,콘서트,강북구,https://culture.seoul.go.kr/culture/culture/cultureEvent/view.do?cultcode=157755&menuNo=200008,https://culture.seoul.go.kr/cmmn/file/getImage.do?atchFileId=eb3c1a4d183744d2a19bf409cdc5cc87&thumb=Y,서울시 문화행사,,0.000623,7,2026-08-23 01:14:23
[서울식물원] 2026 서울식물원 기획전시 《다정한 균형: 서로를 비추는》,"식물문화센터 프로젝트홀2, 주제원, 온실, 마곡문화관",2026-06-23,2027-05-16,전시/미술,강서구,https://culture.seoul.go.kr/culture/culture/cultureEvent/view.do?cultcode=158400&menuNo=200009,https://culture.seoul.go.kr/cmmn/file/getImage.do?atchFileId=f58a4482c9fc4a3faa24ef90fd63dda0&thumb=Y,서울시 문화행사,,,,2026-08-23 01:14:23
2026 삼각산금암미술관 은평 공예 공모 선정자 展 [경외의 구조],삼각산금암미술관,2026-06-23,2026-08-23,전시/미술,은평구,https://culture.seoul.go.kr/culture/culture/cultureEvent/view.do?cultcode=158476&menuNo=200009,https://culture.seoul.go.kr/cmmn/file/getImage.do?atchFileId=5ddbcd3b203b4c6eb79c5ec716aa5110&thumb=Y,서울시 문화행사,,0.002029,18,2026-08-23 01:14:23
[서울시립과학관] 독성시대X과학관: 서울시립대 화학물질 빅데이터 AI연구센터와 함께하는 리딩 사이언스,서울시립과학관 3층 2교육실,2026-06-23,2026-08-04,교육/체험,노원구,https://culture.seoul.go.kr/culture/culture/cultureEvent/view.do?cultcode=158455&menuNo=200011,https://culture.seoul.go.kr/cmmn/file/getImage.do?atchFileId=e278ff0230a247649aa3bccd8fd5ec34&thumb=Y,서울시 문화행사,,,,2026-08-23 01:14:23
"유수진 개인전 [흙을 파고, 씨앗을 놓고, 물을 주며]",아트스페이스 보안 3,2026-06-23,2026-07-19,전시/미술,종로구,https://culture.seoul.go.kr/culture/culture/cultureEvent/view.do?cultcode=158366&menuNo=200009,https://culture.seoul.go.kr/cmmn/file/getImage.do?atchFileId=1af1663abafd4c03b02d221f566e1801&thumb=Y,서울시 문화행사,,0.000311,0,2026-08-23 01:14:23
"[서울시립과학관] 2026 과학관 성인교육 [감정, 그 너머: 신경전달물질로 알아보는 몸과 마음의 관계]",서울시립과학관 3층 교육실,2026-06-23,2026-06-30,교육/체험,노원구,https://culture.seoul.go.kr/culture/culture/cultureEvent/view.do?cultcode=158304&menuNo=200011,https://culture.seoul.go.kr/cmmn/file/getImage.do?atchFileId=878c09989c5b41bcbcc9c0915bae9938&thumb=Y,서울시 문화행사,,,,2026-08-23 01:14:23
[강남문화재단] 강남합창단 제48회 정기연주회 [김인재 예술감독 취임 연주회],광림아트센터 장천홀,2026-06-23,2026-06-23,클래식,강남구,https://culture.seoul.go.kr/culture/culture/cultureEvent/view.do?cultcode=158014&menuNo=200008,https://culture.seoul.go.kr/cmmn/file/getImage.do?atchFileId=aa7a104bf90f41c7b1614af891c2e9f4&thumb=Y,서울시 문화행사,,0.004034,25,2026-08-23 01:14:23
서울페스티발앙상블 제11회 정기연주회,세종체임버홀,2026-06-23,2026-06-23,클래식,종로구,https://culture.seoul.go.kr/culture/culture/cultureEvent/view.do?cultcode=158337&menuNo=200008,https://culture.seoul.go.kr/cmmn/file/getImage.do?atchFileId=51318fb7cfff4c9283d6d06cf46e7f90&thumb=Y,서울시 문화행사,,0.012949,36,2026-08-23 01:14:23
[서울시립교향악단] 2026 서울시향 퇴근길 콘서트 - 우리가 사랑한 뮤지컬,LG아트센터 서울 SIGNATURE 홀,2026-06-23,2026-06-23,클래식,강서구,https://culture.seoul.go.kr/culture/culture/cultureEvent/view.do?cultcode=157466&menuNo=200008,https://culture.seoul.go.kr/cmmn/file/getImage.do?atchFileId=2ba985e00ece46bfb33f9dfcff1a634c&thumb=Y,서울시 문화행사,,,,2026-08-23 01:14:23
[서울돈화문국악당] 춤추는 돈화문 : 궁중무용과 민속무용,서울돈화문국악당,2026-06-22,2026-07-21,교육/체험,종로구,https://culture.seoul.go.kr/culture/culture/cultureEvent/view.do?cultcode=158174&menuNo=200011,https://culture.seoul.go.kr/cmmn/file/getImage.do?atchFileId=b87414246fe84932a1cd796b17cc20b1&thumb=Y,서울시 문화행사,,0.009687,34,2026-08-23 01:14:23
윤지원 피아노 독주회,세종체임버홀,2026-06-22,2026-06-22,독주/독창회,종로구,https://culture.seoul.go.kr/culture/culture/cultureEvent/view.do?cultcode=158203&menuNo=200008,https://culture.seoul.go.kr/cmmn/file/getImage.do?atchFileId=2cbac9c180604946a0b005b4ee7bad82&thumb=Y,서울시 문화행사,,0.012949,36,2026-08-23 01:14:23
[성북문화재단] 한-량예술잔치2026,성북문화예술교육센터,2026-06-21,2026-06-21,축제-문화/예술,성북구,https://culture.seoul.go.kr/culture/culture/cultureEvent/view.do?cultcode=157890&menuNo=200010,https://culture.seoul.go.kr/cmmn/file/getImage.do?atchFileId=34e5824532bd42319de8672ea123c8fe&thumb=Y,서울시 문화행사,,0.004208,25,2026-08-23 01:14:23
박가빈의 소리로 피어나는 춘향이야기: 설렘,한국문화의집 KOUS,2026-06-21,2026-06-21,국악,강남구,https://culture.seoul.go.kr/culture/culture/cultureEvent/view.do?cultcode=158256&menuNo=200008,https://culture.seoul.go.kr/cmmn/file/getImage.do?atchFileId=e10ebac08d2b419da2cf128cdb33e2ae&thumb=Y,서울시 문화행사,,0.001089,12,2026-08-23 01:14:23
[가가호호X은평] 은평 가족예술캠프《몽글몽글》,은평문화예술회관 숲속극장 및 일대,2026-06-21,2026-06-21,축제-문화/예술,은평구,https://culture.seoul.go.kr/culture/culture/cultureEvent/view.do?cultcode=158289&menuNo=200010,https://culture.seoul.go.kr/cmmn/file/getImage.do?atchFileId=0cfe9c5c262a4338b908c64879aa08cd&thumb=Y,서울시 문화행사,,,,2026-08-23 01:14:23
[답십리영화미디어아트센터] 답십리 필름을 타고~!,답십리영화미디어아트센터 2층 OT실,2026-06-20,2026-09-19,교육/체험,동대문구,https://culture.seoul.go.kr/culture/culture/cultureEvent/view.do?cultcode=158027&menuNo=200011,https://culture.seoul.go.kr/cmmn/file/getImage.do?atchFileId=e16a303b746947bab758d1e1deb6e096&thumb=Y,서울시 문화행사,,,,2026-08-23 01:14:23
뮤지컬 [파가니니],홍익대 대학로 아트센터 대극장,2026-06-20,2026-08-30,뮤지컬/오페라,종로구,https://culture.seoul.go.kr/culture/culture/cultureEvent/view.do?cultcode=157961&menuNo=200008,https://culture.seoul.go.kr/cmmn/file/getImage.do?atchFileId=187eddf278fa4220ae1c55dcba755e05&thumb=Y,서울시 문화행사,,0.003337,23,2026-08-23 01:14:23
[서울시립 미술아카이브] 그림이 된 이야기,서울시립 미술아카이브 배움동 2층 모두의 교실 (서울시 종로구 평창문화로 99),2026-06-20,2026-07-19,교육/체험,종로구,https://culture.seoul.go.kr/culture/culture/cultureEvent/view.do?cultcode=158550&menuNo=200011,https://culture.seoul.go.kr/cmmn/file/getImage.do?atchFileId=4c533c980ffd42158345b14be0757370&thumb=Y,서울시 문화행사,,,,2026-08-23 01:14:23
김모연 개인전 [Styx],예술공간 의식주,2026-06-20,2026-07-05,전시/미술,서대문구,https://culture.seoul.go.kr/culture/culture/cultureEvent/view.do?cultcode=158426&menuNo=200009,https://culture.seoul.go.kr/cmmn/file/getImage.do?atchFileId=a7aa6f68f222481d94aee0ed263cd7af&thumb=Y,서울시 문화행사,,0.000311,0,2026-08-23 01:14:23
[서울영화센터] 스마트폰으로 만드는 나만의 영화 - Ⅰ.기획/개발,서울영화센터 7층 다목적실,2026-06-20,2026-06-27,교육/체험,중구,https://culture.seoul.go.kr/culture/culture/cultureEvent/view.do?cultcode=158090&menuNo=200011,https://culture.seoul.go.kr/cmmn/file/getImage.do?atchFileId=46dc6b3d8b3b471982fa0d47798e78a0&thumb=Y,서울시 문화행사,,,,2026-08-23 01:14:23
[서울백제어린이박물관] 유아·어린이 가족 대상 [뮤지엄휴휴프로그램5],"서울백제어린이박물관 교육실, 전시실",2026-06-20,2026-06-21,교육/체험,송파구,https://culture.seoul.go.kr/culture/culture/cultureEvent/view.do?cultcode=158220&menuNo=200011,https://culture.seoul.go.kr/cmmn/file/getImage.do?atchFileId=876e8f6cc13043f1a09bb90de2298191&thumb=Y,서울시 문화행사,,,,2026-08-23 01:14:23
"한국-오스트리아 어린이 국제 무용극 [파울라, 피터 그리고 파니니]",아이들극장,2026-06-20,2026-06-21,무용,종로구,https://culture.seoul.go.kr/culture/culture/cultureEvent/view.do?cultcode=157852&menuNo=200008,https://culture.seoul.go.kr/cmmn/file/getImage.do?atchFileId=2693805a79c748be987c2d2e00f5e244&thumb=Y,서울시 문화행사,,0.018503,40,2026-08-23 01:14:23
한국증권금융 꿈나눔재단 희망 Dream 게임음악 오케스트라 콘서트 [LEVEL UP],국립중앙박물관 극장 용(서울 용산구 서빙고로 137 국립중앙박물관),2026-06-20,2026-06-20,콘서트,용산구,https://culture.seoul.go.kr/culture/culture/cultureEvent/view.do?cultcode=158066&menuNo=200008,https://culture.seoul.go.kr/cmmn/file/getImage.do?atchFileId=6d62d4c88b29455e98174cebe133aebc&thumb=Y,서울시 문화행사,,,,2026-08-23 01:14:23
[서울도서관] 2026 움직이는 서울형책방 4회 : 책가도,광화문 라운지 (광화문역 9번 출구),2026-06-20,2026-06-20,교육/체험,종로구,https://culture.seoul.go.kr/culture/culture/cultureEvent/view.do?cultcode=158306&menuNo=200011,https://culture.seoul.go.kr/cmmn/file/getImage.do?atchFileId=fd6e911f84844b46aadc38f65d15976a&thumb=Y,서울시 문화행사,,,,2026-08-23 01:14:23
빛의 바다 빛의 음악 : 피아니스트 김이안 x 건축가 김종진 교수,서울숲 스튜디오301,2026-06-20,2026-06-20,클래식,성동구,https://culture.seoul.go.kr/culture/culture/cultureEvent/view.do?cultcode=158218&menuNo=200008,https://culture.seoul.go.kr/cmmn/file/getImage.do?atchFileId=239f4aeb59e44c54aca7ef106406dae2&thumb=Y,서울시 문화행사,,,,2026-08-23 01:14:23
2026홍난파가곡제 [홍난파가옥 선셋콘서트],홍난파가옥 앞 야외무대,2026-06-20,2026-06-20,콘서트,종로구,https://culture.seoul.go.kr/culture/culture/cultureEvent/view.do?cultcode=158209&menuNo=200008,https://culture.seoul.go.kr/cmmn/file/getImage.do?atchFileId=588db468a0d94d0f85689f167afac91d&thumb=Y,서울시 문화행사,,,,2026-08-23 01:14:23
[강남문화재단] 6월 키즈예술공연 [노는 국악 셋!],강남씨어터,2026-06-20,2026-06-20,국악,강남구,https://culture.seoul.go.kr/culture/culture/cultureEvent/view.do?cultcode=158176&menuNo=200008,https://culture.seoul.go.kr/cmmn/file/getImage.do?atchFileId=fd611bb1111642f2b2a5482cf96c239c&thumb=Y,서울시 문화행사,,0.012152,36,2026-08-23 01:14:23
파르티타 살롱콘서트 : 플레이더퓨쳐,파르티타홀,2026-06-20,2026-06-20,클래식,서초구,https://culture.seoul.go.kr/culture/culture/cultureEvent/view.do?cultcode=158164&menuNo=200008,https://culture.seoul.go.kr/cmmn/file/getImage.do?atchFileId=1142c49af7ae4c278066da477c4cdca5&thumb=Y,서울시 문화행사,,,,2026-08-23 01:14:23
[서울외국인주민센터 X 주한페루대사관] 페루 영화 상영회,답십리영화미디어아트센터,2026-06-20,2026-06-20,영화,동대문구,https://culture.seoul.go.kr/culture/culture/cultureEvent/view.do?cultcode=158127&menuNo=200013,https://culture.seoul.go.kr/cmmn/file/getImage.do?atchFileId=b226ea5933ad4b7fba89efd7c746a903&thumb=Y,서울시 문화행사,,0.00391,25,2026-08-23 01:14:23
[서울도서관] 초등1-2학년 [어린이 디지털 리터러시 교육: 디지털 두드림],서울도서관 4층 사서교육장,2026-06-20,2026-06-20,교육/체험,중구,https://culture.seoul.go.kr/culture/culture/cultureEvent/view.do?cultcode=158123&menuNo=200011,https://culture.seoul.go.kr/cmmn/file/getImage.do?atchFileId=d94ec38a5cff42bc913b45ebbf518c70&thumb=Y,서울시 문화행사,,,,2026-08-23 01:14:23
2026 제2회 서울브라보발레페스티벌 [D-PLAYGROUND],광진어린이공연장,2026-06-20,2026-06-20,교육/체험,광진구,https://culture.seoul.go.kr/culture/culture/cultureEvent/view.do?cultcode=158080&menuNo=200011,https://culture.seoul.go.kr/cmmn/file/getImage.do?atchFileId=cf3deee134754bcc8a7c0b0912dc8f1a&thumb=Y,서울시 문화행사,,0.001681,16,2026-08-23 01:14:23
"[서울갤러리] 유월의 설렘, 유얼 스테이지 [마임 퍼포먼스 백솽팩토리]",서울갤러리 지하 1층 공연장,2026-06-20,2026-06-20,연극,중구,https://culture.seoul.go.kr/culture/culture/cultureEvent/view.do?cultcode=158050&menuNo=200008,https://culture.seoul.go.kr/cmmn/file/getImage.do?atchFileId=9fffeb3e49ea419498ad99b6443c4635&thumb=Y,서울시 문화행사,,,,2026-08-23 01:14:23
[중랑구립면목정보도서관] 6월 주말N인문산책 [음악이 펼치는 사유의 세계 1부: 음악적 시간은 다르게 흘러간다],면목정보도서관 3층 세미나실,2026-06-20,2026-06-20,교육/체험,중랑구,https://culture.seoul.go.kr/culture/culture/cultureEvent/view.do?cultcode=158013&menuNo=200011,https://culture.seoul.go.kr/cmmn/file/getImage.do?atchFileId=5de2d4caa153482eb20c6317a52f4c18&thumb=Y,서울시 문화행사,,,,2026-08-23 01:14:23
[용산역사박물관] 2026 용산역사박물관 [월간 청음회] 6월,용산역사박물관 1층 로비,2026-06-20,2026-06-20,뮤지컬/오페라,용산구,https://culture.seoul.go.kr/culture/culture/cultureEvent/view.do?cultcode=157996&menuNo=200008,https://culture.seoul.go.kr/cmmn/file/getImage.do?atchFileId=b8fb9f4cbe8b4c17800acd37bf2afb87&thumb=Y,서울시 문화행사,,,,2026-08-23 01:14:23
智山 김재관의 박봉술제 적벽가 완창 발표회 [적벽가],나루아트센터 대공연장,2026-06-20,2026-06-20,국악,광진구,https://culture.seoul.go.kr/culture/culture/cultureEvent/view.do?cultcode=157979&menuNo=200008,https://culture.seoul.go.kr/cmmn/file/getImage.do?atchFileId=23092c8e81f449cd84127e569e7424b4&thumb=Y,서울시 문화행사,,0.011878,36,2026-08-23 01:14:23
[서울시립교향악단] 2026 서울시향 체임버 클래식스 III: 독일 & 오스트리아,세종문화회관 체임버홀,2026-06-20,2026-06-20,클래식,종로구,https://culture.seoul.go.kr/culture/culture/cultureEvent/view.do?cultcode=157468&menuNo=200008,https://culture.seoul.go.kr/cmmn/file/getImage.do?atchFileId=82404586d15441f38643c10c658ac0d1&thumb=Y,서울시 문화행사,,0.010036,34,2026-08-23 01:14:23
[동작문화재단] 2026 상도어울마당 아트홀 '아트 박스 콘서트' 6회차 [잠자는 숲속의 공주],상도어울마당 아트홀,2026-06-20,2026-06-20,콘서트,동작구,https://culture.seoul.go.kr/culture/culture/cultureEvent/view.do?cultcode=157969&menuNo=200008,https://culture.seoul.go.kr/cmmn/file/getImage.do?atchFileId=8641273b80034ee2994622d9241fc406&thumb=Y,서울시 문화행사,,0.00042,3,2026-08-23 01:14:23
[한성백제박물관] 2026 한성백제박물관 콘서트 - 여름,한성백제박물관 한성백제홀,2026-06-20,2026-06-20,클래식,송파구,https://culture.seoul.go.kr/culture/culture/cultureEvent/view.do?cultcode=157634&menuNo=200008,https://culture.seoul.go.kr/cmmn/file/getImage.do?atchFileId=46ece2d2137540ae98718d227b786fbd&thumb=Y,서울시 문화행사,,,,2026-08-23 01:14:23
[마포문화재단] 체홉 4대 장막 낭독극 [공놀이클럽의 사계절 체홉: 바냐 아저씨], 마포아트센터 플레이맥,2026-06-20,2026-06-20,연극,마포구,https://culture.seoul.go.kr/culture/culture/cultureEvent/view.do?cultcode=157803&menuNo=200008,https://culture.seoul.go.kr/cmmn/file/getImage.do?atchFileId=fe53055d1f7f4c4a8f2a30bbc2db3cc0&thumb=Y,서울시 문화행사,,0.001089,12,2026-08-23 01:14:23
"[서울아트책보고] 사랑의 덕통사고: 사랑 이후, 우리가 만들어 낸 세계",서울아트책보고 갤러리,2026-06-19,2026-09-06,전시/미술,구로구,https://culture.seoul.go.kr/culture/culture/cultureEvent/view.do?cultcode=158323&menuNo=200009,https://culture.seoul.go.kr/cmmn/file/getImage.do?atchFileId=02a257f2f9324c099d17f9485e4335ee&thumb=Y,서울시 문화행사,,,,2026-08-23 01:14:23
[갤러리자유] 그룹전 [Recast: 오래된 형상의 미래],갤러리자유 1층 전시실,2026-06-19,2026-08-16,전시/미술,용산구,https://culture.seoul.go.kr/culture/culture/cultureEvent/view.do?cultcode=158802&menuNo=200009,https://culture.seoul.go.kr/cmmn/file/getImage.do?atchFileId=0dc395d04ab64496afb365af5eea9d8f&thumb=Y,서울시 문화행사,,,,2026-08-23 01:14:23
[문화실험공간 호수] 월간 호수랩 7월 : 내안의 보물찾기,문화실험공간 호수 3F ,2026-06-19,2026-07-31,교육/체험,송파구,https://culture.seoul.go.kr/culture/culture/cultureEvent/view.do?cultcode=158492&menuNo=200011,https://culture.seoul.go.kr/cmmn/file/getImage.do?atchFileId=f3f7d70167d249808cb8b00e0fb45082&thumb=Y,서울시 문화행사,,,,2026-08-23 01:14:23
2026 Doam Summer Kids Art Camp [미술사로 여름 바캉스],서울아트센터 도암 3층 도암갤러리 내 아카데미룸,2026-06-19,2026-07-24,교육/체험,종로구,https://culture.seoul.go.kr/culture/culture/cultureEvent/view.do?cultcode=158386&menuNo=200011,https://culture.seoul.go.kr/cmmn/file/getImage.do?atchFileId=ee516033c93d496488a1a79bba85b28e&thumb=Y,서울시 문화행사,,,,2026-08-23 01:14:23
[한솥아트스페이스] 한솥도시락 33주년 창립기념전시 [밥 심(飯心) : 입안 가득 풍경],한솥아트스페이스 (서울시 강남구 압구정로 459 B1F),2026-06-19,2026-07-18,전시/미술,강남구,https://culture.seoul.go.kr/culture/culture/cultureEvent/view.do?cultcode=158296&menuNo=200009,https://culture.seoul.go.kr/cmmn/file/getImage.do?atchFileId=5e8e433c26ac4fc7ae0b1c827c68af59&thumb=Y,서울시 문화행사,,,,2026-08-23 01:14:23
[2026 신진미술인 지원 프로그램] 반재하 개인전 《모퉁이를 돌면 거짓 친구》, NC문화재단 2F 스튜디오 화이트,2026-06-19,2026-07-12,전시/미술,종로구,https://culture.seoul.go.kr/culture/culture/cultureEvent/view.do?cultcode=158344&menuNo=200009,https://culture.seoul.go.kr/cmmn/file/getImage.do?atchFileId=1b51903d0418468f8502a51066d96c5d&thumb=Y,서울시 문화행사,,,,2026-08-23 01:14:23
정보경 개인전 [사유를 앞질러],"서울시 용산구 대사관로12길 8 , OMG",2026-06-19,2026-07-05,전시/미술,용산구,https://culture.seoul.go.kr/culture/culture/cultureEvent/view.do?cultcode=158115&menuNo=200009,https://culture.seoul.go.kr/cmmn/file/getImage.do?atchFileId=a06bd38a307c4a6d9ea32740ae7ac894&thumb=Y,서울시 문화행사,,,,2026-08-23 01:14:23
[서울시립 사진미술관] 사진공유 프로젝트 《집-들이!》,서울시립 사진미술관 1층 로비,2026-06-19,2026-07-05,전시/미술,도봉구,https://culture.seoul.go.kr/culture/culture/cultureEvent/view.do?cultcode=158353&menuNo=200009,https://culture.seoul.go.kr/cmmn/file/getImage.do?atchFileId=b406e315e6024d288d863129812896f9&thumb=Y,서울시 문화행사,,,,2026-08-23 01:14:23
[한성백제박물관] 2026 야간갤러리 톡 톡,한성백제박물관 기획전시실,2026-06-19,2026-07-03,전시/미술,송파구,https://culture.seoul.go.kr/culture/culture/cultureEvent/view.do?cultcode=158292&menuNo=200009,https://culture.seoul.go.kr/cmmn/file/getImage.do?atchFileId=d8c7455c385b405d81ea9e1b39a5e8e2&thumb=Y,서울시 문화행사,,,,2026-08-23 01:14:23
이민지 개인전: 아무 일도 없는 방,크리스프 웨지,2026-06-19,2026-07-02,전시/미술,마포구,https://culture.seoul.go.kr/culture/culture/cultureEvent/view.do?cultcode=158232&menuNo=200009,https://culture.seoul.go.kr/cmmn/file/getImage.do?atchFileId=5e6ec703c494490b9bf71a14f00c5ec0&thumb=Y,서울시 문화행사,,,,2026-08-23 01:14:23
[관악문화재단 × 서울대 문화예술원] 디지털과 만나는 관악마을창작소 시즌3 [새삶스런 예술 전파사],싱글벙글교육센터,2026-06-19,2026-07-01,교육/체험,관악구,https://culture.seoul.go.kr/culture/culture/cultureEvent/view.do?cultcode=158356&menuNo=200011,https://culture.seoul.go.kr/cmmn/file/getImage.do?atchFileId=f34ff15f8089421da48404f3896c3824&thumb=Y,서울시 문화행사,,0.01082,35,2026-08-23 01:14:23
홍지희 [급류],주석모음집 1층,2026-06-19,2026-06-28,전시/미술,종로구,https://culture.seoul.go.kr/culture/culture/cultureEvent/view.do?cultcode=158255&menuNo=200009,https://culture.seoul.go.kr/cmmn/file/getImage.do?atchFileId=630a0c3d5c9049f98457b052abc90014&thumb=Y,서울시 문화행사,,,,2026-08-23 01:14:23
[강동문화재단] 서울시무용단 [미메시스],강동아트센터 대극장 한강,2026-06-19,2026-06-20,무용,강동구,https://culture.seoul.go.kr/culture/culture/cultureEvent/view.do?cultcode=157913&menuNo=200008,https://culture.seoul.go.kr/cmmn/file/getImage.do?atchFileId=34dbcae7b24b434a9846cd9c30cba4bb&thumb=Y,서울시 문화행사,,0.006661,30,2026-08-23 01:14:23
Pianist 김송현의 [시간의 풍경],아트센터 림 아트홀,2026-06-19,2026-06-20,클래식,종로구,https://culture.seoul.go.kr/culture/culture/cultureEvent/view.do?cultcode=158179&menuNo=200008,https://culture.seoul.go.kr/cmmn/file/getImage.do?atchFileId=2fa00aa5c5fe445e82b53d01e0560076&thumb=Y,서울시 문화행사,,,,2026-08-23 01:14:23
오지랖 OZ_Rap 2.0,대학로예술극장 소극장,2026-06-19,2026-06-20,무용,종로구,https://culture.seoul.go.kr/culture/culture/cultureEvent/view.do?cultcode=157928&menuNo=200008,https://culture.seoul.go.kr/cmmn/file/getImage.do?atchFileId=54a8ed66f7b246658f80aaaac05adb9b&thumb=Y,서울시 문화행사,,0.003984,25,2026-08-23 01:14:23
[금천문화재단] 2026 모두예술극장 지역 공연 사업 [야호야호 Echoing Dance],금천뮤지컬센터 금천예술극장,2026-06-19,2026-06-20,무용,금천구,https://culture.seoul.go.kr/culture/culture/cultureEvent/view.do?cultcode=157970&menuNo=200008,https://culture.seoul.go.kr/cmmn/file/getImage.do?atchFileId=ff221b7d7f0c465ea8e91d4cff582d99&thumb=Y,서울시 문화행사,,,,2026-08-23 01:14:23
[영등포문화재단] 어린이뮤지컬 [목 짧은 기린 지피],영등포아트홀,2026-06-19,2026-06-20,뮤지컬/오페라,영등포구,https://culture.seoul.go.kr/culture/culture/cultureEvent/view.do?cultcode=157899&menuNo=200008,https://culture.seoul.go.kr/cmmn/file/getImage.do?atchFileId=605ea67246894571bce19375d9f8292d&thumb=Y,서울시 문화행사,,0.072056,53,2026-08-23 01:14:23
[서울시] 2026 서울국악축제 ,반포한강공원 달빛광장,2026-06-19,2026-06-19,축제-전통/역사,서초구,https://culture.seoul.go.kr/culture/culture/cultureEvent/view.do?cultcode=157635&menuNo=200010,https://culture.seoul.go.kr/cmmn/file/getImage.do?atchFileId=57ac51f6fcab467eb7dc43fa3d969ab4&thumb=Y,서울시 문화행사,,0.002465,20,2026-08-23 01:14:23
[서울도서관] 2026 움직이는 서울형책방 3회 : 책가도,광화문 라운지 (광화문역 9번 출구),2026-06-19,2026-06-19,교육/체험,종로구,https://culture.seoul.go.kr/culture/culture/cultureEvent/view.do?cultcode=158307&menuNo=200011,https://culture.seoul.go.kr/cmmn/file/getImage.do?atchFileId=b73c98ffe3f04a478976f9a07af4f80b&thumb=Y,서울시 문화행사,,,,2026-08-23 01:14:23
제23회 서울국제환경영화제 x 비욘드 야외상영회 [Green Cinema Picnic],여의도한강공원 물빛무대 앞 광장,2026-06-19,2026-06-19,축제-문화/예술,영등포구,https://culture.seoul.go.kr/culture/culture/cultureEvent/view.do?cultcode=158243&menuNo=200010,https://culture.seoul.go.kr/cmmn/file/getImage.do?atchFileId=3ec194e8525145f5a3486ca4d4632254&thumb=Y,서울시 문화행사,,,,2026-08-23 01:14:23
[한국메세나협회/IBK기업은행] 다문화 통합을 위한 찾아가는 음악회 [IBK 모두다 가족콘서트 2026],국립중앙박물관 극장 용,2026-06-19,2026-06-19,콘서트,용산구,https://culture.seoul.go.kr/culture/culture/cultureEvent/view.do?cultcode=158150&menuNo=200008,https://culture.seoul.go.kr/cmmn/file/getImage.do?atchFileId=09cb0e86032a4ce4ae441613a9df091a&thumb=Y,서울시 문화행사,,0.081967,54,2026-08-23 01:14:23
[서울 문화의 밤] 6월 작가힙톡(Hip-Talk) - 운동하면 좋은 걸 누가 모르냐고요(하주원),서울도서관 1층 생각마루,2026-06-19,2026-06-19,교육/체험,중구,https://culture.seoul.go.kr/culture/culture/cultureEvent/view.do?cultcode=158068&menuNo=200011,https://culture.seoul.go.kr/cmmn/file/getImage.do?atchFileId=1172f0decd8647ad93d3b72f6cd7fef2&thumb=Y,서울시 문화행사,,,,2026-08-23 01:14:23
[구로문화재단] 퓨전국악 콘서트_6월의 퀸(Queen),오류아트홀,2026-06-19,2026-06-19,국악,구로구,https://culture.seoul.go.kr/culture/culture/cultureEvent/view.do?cultcode=157620&menuNo=200008,https://culture.seoul.go.kr/cmmn/file/getImage.do?atchFileId=40a19a1f88b944a4a75f7f8fd0f58053&thumb=Y,서울시 문화행사,,0.019636,40,2026-08-23 01:14:23
[운현궁] 2026 서울 운현궁 [맞춤형 전통문화체험 : 다도 원데이클래스],운현궁 이로당,2026-06-19,2026-06-19,교육/체험,종로구,https://culture.seoul.go.kr/culture/culture/cultureEvent/view.do?cultcode=158250&menuNo=200011,https://culture.seoul.go.kr/cmmn/file/getImage.do?atchFileId=9ea625511204403a90336150db07f004&thumb=Y,서울시 문화행사,,,,2026-08-23 01:14:23
본 투 비 클래식 [클래식 큐레이션 III - 고전],세종체임버홀,2026-06-19,2026-06-19,클래식,종로구,https://culture.seoul.go.kr/culture/culture/cultureEvent/view.do?cultcode=157935&menuNo=200008,https://culture.seoul.go.kr/cmmn/file/getImage.do?atchFileId=06de5d1bc50f49ad9aecd1c2dc7ee962&thumb=Y,서울시 문화행사,,0.012949,36,2026-08-23 01:14:23
"[한국예술종합학교] 한국예술연구소 2026년 학술대회 [돌봄의 예술, 담론과 실천의 새로운 연결]",한국예술종합학교 대학로 캠퍼스 1층 강당,2026-06-19,2026-06-19,교육/체험,종로구,https://culture.seoul.go.kr/culture/culture/cultureEvent/view.do?cultcode=158231&menuNo=200011,https://culture.seoul.go.kr/cmmn/file/getImage.do?atchFileId=94fe33643e08469781ca949911ae29c1&thumb=Y,서울시 문화행사,,,,2026-08-23 01:14:23
[서울문화예술교육센터 서초] 앙상블시리즈 [지중해의 바로크],서울문화예술교육센터 서초 5층 서울체임버홀,2026-06-19,2026-06-19,교육/체험,서초구,https://culture.seoul.go.kr/culture/culture/cultureEvent/view.do?cultcode=157707&menuNo=200011,https://culture.seoul.go.kr/cmmn/file/getImage.do?atchFileId=c59bfba9758f413fbeeb778bbc452fd3&thumb=Y,서울시 문화행사,,,,2026-08-23 01:14:23
[서울시립교향악단] 2026 서울시향 조너선 노트의 차이콥스키 교향곡 3번 ②,롯데콘서트홀,2026-06-19,2026-06-19,클래식,송파구,https://culture.seoul.go.kr/culture/culture/cultureEvent/view.do?cultcode=157463&menuNo=200008,https://culture.seoul.go.kr/cmmn/file/getImage.do?atchFileId=3a7911757e8c4d5ba00bb98c78ddb7b4&thumb=Y,서울시 문화행사,,0.808786,77,2026-08-23 01:14:23
"[서울우리소리박물관] 2026 서울우리소리박물관 기획전 [다시, 아리랑]",서울우리소리박물관 기획전시실(별채),2026-06-18,2027-05-30,전시/미술,종로구,https://culture.seoul.go.kr/culture/culture/cultureEvent/view.do?cultcode=158406&menuNo=200009,https://culture.seoul.go.kr/cmmn/file/getImage.do?atchFileId=4277bcac1a50437682bd95e3987745ce&thumb=Y,서울시 문화행사,,,,2026-08-23 01:14:23
아기상어 비밀 초대장: 비커밍 샤크,뮤지엄 전시2관,2026-06-18,2026-07-31,전시/미술,중구,https://culture.seoul.go.kr/culture/culture/cultureEvent/view.do?cultcode=157834&menuNo=200009,https://culture.seoul.go.kr/cmmn/file/getImage.do?atchFileId=66f2bd3c631e454ba27b78760ddcfb0d&thumb=Y,서울시 문화행사,,,,2026-08-23 01:14:23
도암갤러리 기획전 [겹쳐 보는 순간 A Layered Moment],서울아트센터 도암 3층 도암갤러리,2026-06-18,2026-07-25,전시/미술,종로구,https://culture.seoul.go.kr/culture/culture/cultureEvent/view.do?cultcode=158198&menuNo=200009,https://culture.seoul.go.kr/cmmn/file/getImage.do?atchFileId=9b4f1bb8f5654d74b2596e9b77fbcf26&thumb=Y,서울시 문화행사,,,,2026-08-23 01:14:23
[서울백제어린이박물관] 유아·어린이 가족 대상 [서울역사생태탐험대2],"서울백제어린이박물관 교육실, 전시실",2026-06-18,2026-07-09,교육/체험,송파구,https://culture.seoul.go.kr/culture/culture/cultureEvent/view.do?cultcode=158212&menuNo=200011,https://culture.seoul.go.kr/cmmn/file/getImage.do?atchFileId=fc6bd82a5d4f49688662661434cffec0&thumb=Y,서울시 문화행사,,,,2026-08-23 01:14:23
[한성백제박물관] 2026 초등단체 비대면 [한성부터 서울까지] (서울역사박물관 공동교육),비대면 원격교육,2026-06-18,2026-07-03,교육/체험,송파구,https://culture.seoul.go.kr/culture/culture/cultureEvent/view.do?cultcode=157541&menuNo=200011,https://culture.seoul.go.kr/cmmn/file/getImage.do?atchFileId=a251ccb1125f4b72ad5ba60bab9d52a1&thumb=Y,서울시 문화행사,,,,2026-08-23 01:14:23
[서울시립교향악단] 2026 서울시향 조너선 노트의 차이콥스키 교향곡 3번 ①,예술의전당 콘서트홀,2026-06-18,2026-06-18,클래식,서초구,https://culture.seoul.go.kr/culture/culture/cultureEvent/view.do?cultcode=157462&menuNo=200008,https://culture.seoul.go.kr/cmmn/file/getImage.do?atchFileId=f047bbc088a74269928f774d098f6c5c&thumb=Y,서울시 문화행사,,0.021067,41,2026-08-23 01:14:23
정지강 윤형숙 피아노 듀오 리사이틀 - Masterpiece Reimagined II,세종체임버홀,2026-06-18,2026-06-18,클래식,종로구,https://culture.seoul.go.kr/culture/culture/cultureEvent/view.do?cultcode=157936&menuNo=200008,https://culture.seoul.go.kr/cmmn/file/getImage.do?atchFileId=1fd10e83709a4d1386ea6c056d781924&thumb=Y,서울시 문화행사,,0.012949,36,2026-08-23 01:14:23
[중장년 문화행사] 생애주기별 마음챙김 건강강좌 [중장년을 위한 힐링콘서트],강남씨어터 (역삼 1동 복합문화센터 3층),2026-06-18,2026-06-18,교육/체험,강남구,https://culture.seoul.go.kr/culture/culture/cultureEvent/view.do?cultcode=158149&menuNo=200011,https://culture.seoul.go.kr/cmmn/file/getImage.do?atchFileId=5672ead5af8f49e7804d3a4e42c80870&thumb=Y,서울시 문화행사,,,,2026-08-23 01:14:23
[성동문화재단] 천선란 작가와 함께하는 [2026 성동구 구립도서관 북 콘서트],성수아트홀,2026-06-18,2026-06-18,교육/체험,성동구,https://culture.seoul.go.kr/culture/culture/cultureEvent/view.do?cultcode=158022&menuNo=200011,https://culture.seoul.go.kr/cmmn/file/getImage.do?atchFileId=a3f6de30434f44279253dab9cd981dd8&thumb=Y,서울시 문화행사,,0.033892,46,2026-08-23 01:14:23
재능 혜화 마티네,JCC 재능아트센터 콘서트홀,2026-06-18,2026-06-18,클래식,종로구,https://culture.seoul.go.kr/culture/culture/cultureEvent/view.do?cultcode=158154&menuNo=200008,https://culture.seoul.go.kr/cmmn/file/getImage.do?atchFileId=0c623fa193dc4ff98e967c8d71c92814&thumb=Y,서울시 문화행사,,,,2026-08-23 01:14:23
제30회 송파구립교향악단 정기연주회 삶의 파동: 환희에서 비극까지,송파문화예술회관,2026-06-18,2026-06-18,클래식,송파구,https://culture.seoul.go.kr/culture/culture/cultureEvent/view.do?cultcode=157878&menuNo=200008,https://culture.seoul.go.kr/cmmn/file/getImage.do?atchFileId=105bcb587bb149408c3cbca183c6b2ba&thumb=Y,서울시 문화행사,,0.019088,40,2026-08-23 01:14:23
"[서울 디자인런 2026 ― 순환의 언어, 브랜드의 기술] 1회차",서울새활용플라자 5층 교육실,2026-06-18,2026-06-18,교육/체험,성동구,https://culture.seoul.go.kr/culture/culture/cultureEvent/view.do?cultcode=158107&menuNo=200011,https://culture.seoul.go.kr/cmmn/file/getImage.do?atchFileId=b6770d4ff80d4d36957cb7ba9a80e4cd&thumb=Y,서울시 문화행사,,,,2026-08-23 01:14:23
6월 국회문화극장 [세계의 주인],국회의원회관 2층 대회의실,2026-06-18,2026-06-18,영화,영등포구,https://culture.seoul.go.kr/culture/culture/cultureEvent/view.do?cultcode=158108&menuNo=200013,https://culture.seoul.go.kr/cmmn/file/getImage.do?atchFileId=f85b3d369e974091affa66380d4391ec&thumb=Y,서울시 문화행사,,0.000311,0,2026-08-23 01:14:23
"[서울시립미술관] 2026 투어링 케이-아츠 《아마도, 모두 우리》","주워싱턴한국문화원 (2370 Massachusetts Ave., N.W. Washington, D.C. 20008)",2026-06-17,2026-08-11,전시/미술,,https://culture.seoul.go.kr/culture/culture/cultureEvent/view.do?cultcode=158208&menuNo=200009,https://culture.seoul.go.kr/cmmn/file/getImage.do?atchFileId=df609b55f8804a1eb5b6fd30c84949b9&thumb=Y,서울시 문화행사,,,,2026-08-23 01:14:23
[도봉문화정보도서관] 시니어를 위한 디지털 배움교실,도봉문화정보도서관 1층 컴퓨터교육실,2026-06-17,2026-07-22,교육/체험,도봉구,https://culture.seoul.go.kr/culture/culture/cultureEvent/view.do?cultcode=158118&menuNo=200011,https://culture.seoul.go.kr/cmmn/file/getImage.do?atchFileId=12f727f470964f93b0d8e1cbf901e7d5&thumb=Y,서울시 문화행사,,,,2026-08-23 01:14:23
[서울아트책보고] 20세기 현대건축: 서양 근대부터 한국 현대까지 - 임석재 이화여대 건축학과 교수,서울아트책보고 워크숍룸,2026-06-17,2026-07-22,교육/체험,구로구,https://culture.seoul.go.kr/culture/culture/cultureEvent/view.do?cultcode=158126&menuNo=200011,https://culture.seoul.go.kr/cmmn/file/getImage.do?atchFileId=96eeb87f98764d839c1fc5c199b7dc3c&thumb=Y,서울시 문화행사,,,,2026-08-23 01:14:23
[서울공예박물관] 공예동행@쇼윈도 #3. FUNCTIONAL MUTATION : 기능적 돌연변이,서울공예박물관 전시3동,2026-06-17,2026-07-12,전시/미술,종로구,https://culture.seoul.go.kr/culture/culture/cultureEvent/view.do?cultcode=158237&menuNo=200009,https://culture.seoul.go.kr/cmmn/file/getImage.do?atchFileId=0bf2bd494234443cbbc7e1b33d5f78a9&thumb=Y,서울시 문화행사,,0.000311,0,2026-08-23 01:14:23
[서울아트책보고] 처음 만나는 동시대 미술 - 이소영 미술 에세이스트,서울아트책보고 워크숍룸,2026-06-17,2026-07-01,교육/체험,구로구,https://culture.seoul.go.kr/culture/culture/cultureEvent/view.do?cultcode=158128&menuNo=200011,https://culture.seoul.go.kr/cmmn/file/getImage.do?atchFileId=670bf276b9a145b0844c6bbf6b4bd901&thumb=Y,서울시 문화행사,,,,2026-08-23 01:14:23
2026 서울시 민간축제 지원 육성사업 [2026 보훈무용제],"나루아트센터 대, 소공연장",2026-06-17,2026-06-28,축제-기타,광진구,https://culture.seoul.go.kr/culture/culture/cultureEvent/view.do?cultcode=158169&menuNo=200010,https://culture.seoul.go.kr/cmmn/file/getImage.do?atchFileId=1be15c30714d40c480c1ba064f04bad7&thumb=Y,서울시 문화행사,,,,2026-08-23 01:14:23
[강서구] 오구오구 어린이 버스킹,관내 어린이공원 등 8개소,2026-06-17,2026-06-25,축제-문화/예술,강서구,https://culture.seoul.go.kr/culture/culture/cultureEvent/view.do?cultcode=158039&menuNo=200010,https://culture.seoul.go.kr/cmmn/file/getImage.do?atchFileId=d77d40dde1bc4468a854e6616b2744e3&thumb=Y,서울시 문화행사,,,,2026-08-23 01:14:23
[서울시립 미술아카이브] 2026 폴리오 스튜디오 결과보고전 《아크 아크 아크》,서울시립 미술아카이브 나눔동 2층 다목적홀,2026-06-17,2026-06-21,전시/미술,종로구,https://culture.seoul.go.kr/culture/culture/cultureEvent/view.do?cultcode=158211&menuNo=200009,https://culture.seoul.go.kr/cmmn/file/getImage.do?atchFileId=948e2936b2e244619165a329870ae5a3&thumb=Y,서울시 문화행사,,,,2026-08-23 01:14:23
[서울시] 로컬 트립 [맛;잇다] - 미식 팝업,"서울 중구 세종대로 119, 지역관광 안테나숍 옥상",2026-06-17,2026-06-20,축제-관광/체육,중구,https://culture.seoul.go.kr/culture/culture/cultureEvent/view.do?cultcode=158254&menuNo=200010,https://culture.seoul.go.kr/cmmn/file/getImage.do?atchFileId=15e3945e0e8d4c0b9023fc258f489a77&thumb=Y,서울시 문화행사,,,,2026-08-23 01:14:23
[국립박물관문화재단] 인문학콘서트 [유물로 읽는 삶],국립중앙박물관 극장 용,2026-06-17,2026-06-18,클래식,용산구,https://culture.seoul.go.kr/culture/culture/cultureEvent/view.do?cultcode=157589&menuNo=200008,https://culture.seoul.go.kr/cmmn/file/getImage.do?atchFileId=9a5519c0c7ce410dbf5a4b5152340ac4&thumb=Y,서울시 문화행사,,0.081967,54,2026-08-23 01:14:23
[강북문화재단] 2026 마티네 콘서트 [탱고가 흐르는 아침],강북문화예술회관 강북진달래홀,2026-06-17,2026-06-17,콘서트,강북구,https://culture.seoul.go.kr/culture/culture/cultureEvent/view.do?cultcode=157711&menuNo=200008,https://culture.seoul.go.kr/cmmn/file/getImage.do?atchFileId=470dce4252fa4f3dad45ea34323a2c34&thumb=Y,서울시 문화행사,,0.000436,3,2026-08-23 01:14:23
[국토발전전시관] 정기강연 [대한민국 보물지도],국토발전전시관 1층 정동국토마루,2026-06-17,2026-06-17,교육/체험,중구,https://culture.seoul.go.kr/culture/culture/cultureEvent/view.do?cultcode=158043&menuNo=200011,https://culture.seoul.go.kr/cmmn/file/getImage.do?atchFileId=be996c5a30c84364b01f023f57a27662&thumb=Y,서울시 문화행사,,,,2026-08-23 01:14:23
[성동문화재단] 세계 영화 상영회 5회차 [헝가리 영화],성수아트홀(2호선 뚝섬역 6번 출구 방향) ,2026-06-17,2026-06-17,영화,성동구,https://culture.seoul.go.kr/culture/culture/cultureEvent/view.do?cultcode=157894&menuNo=200013,https://culture.seoul.go.kr/cmmn/file/getImage.do?atchFileId=121b0b5729624da199f17ed61f2b65ad&thumb=Y,서울시 문화행사,,,,2026-08-23 01:14:23
[바로크 건반 음악 시리즈 II] 박해진 피아노 독주회,세종체임버홀,2026-06-17,2026-06-17,독주/독창회,종로구,https://culture.seoul.go.kr/culture/culture/cultureEvent/view.do?cultcode=157937&menuNo=200008,https://culture.seoul.go.kr/cmmn/file/getImage.do?atchFileId=75519ef0981f4fc685603fe8e3c50aea&thumb=Y,서울시 문화행사,,0.012949,36,2026-08-23 01:14:23
"[서울갤러리] 유월의 설렘, 유얼 스테이지 [퓨전국악 땅콩콩]",서울갤러리 지하 1층 공연장,2026-06-17,2026-06-17,국악,중구,https://culture.seoul.go.kr/culture/culture/cultureEvent/view.do?cultcode=158049&menuNo=200008,https://culture.seoul.go.kr/cmmn/file/getImage.do?atchFileId=b57813db40574e6fa0c6730fa586aa9c&thumb=Y,서울시 문화행사,,,,2026-08-23 01:14:23
[서울시립과학관] 2026년서울시립과학관 전시 [지구의 맥박 : EARTH'S PULSE],서울시립과학관 3층 X전시실,2026-06-16,2026-09-06,전시/미술,노원구,https://culture.seoul.go.kr/culture/culture/cultureEvent/view.do?cultcode=158301&menuNo=200009,https://culture.seoul.go.kr/cmmn/file/getImage.do?atchFileId=d6dd19545735467a97002500e5ba60a1&thumb=Y,서울시 문화행사,,,,2026-08-23 01:14:23
"[서울시립미술관 서소문본관] 한국 근대 거장전 《유영국: 산은 내 안에 있다》 연계 시니어 프로그램 [나의 산, 나의 시간]","서울시립미술관 서소문본관 1층 전시실, 서울시립미술관 서소문본관 B1 2강의실",2026-06-16,2026-07-14,교육/체험,중구,https://culture.seoul.go.kr/culture/culture/cultureEvent/view.do?cultcode=157962&menuNo=200011,https://culture.seoul.go.kr/cmmn/file/getImage.do?atchFileId=745ea6b7321c427cbc4fa9ddd00880d3&thumb=Y,서울시 문화행사,,,,2026-08-23 01:14:23
[남산골한옥마을] 드로잉 장르 특화 아트페어 《드로잉 그로잉 Drawing-Growing》,남산골한옥마을 (전통공예관 / 관훈동 민씨가옥 / 관훈동 민씨가옥 사랑채),2026-06-16,2026-06-21,축제-문화/예술,중구,https://culture.seoul.go.kr/culture/culture/cultureEvent/view.do?cultcode=158341&menuNo=200010,https://culture.seoul.go.kr/cmmn/file/getImage.do?atchFileId=767e4648ccb14db6a1536ead1651ad93&thumb=Y,서울시 문화행사,,,,2026-08-23 01:14:23
[서울공예박물관] 2026 국제학술심포지엄 《아시아 공유유산 옻칠의 전승 현황과 과제》,서울공예박물관 교육동 강당,2026-06-16,2026-06-16,교육/체험,은평구,https://culture.seoul.go.kr/culture/culture/cultureEvent/view.do?cultcode=158236&menuNo=200011,https://culture.seoul.go.kr/cmmn/file/getImage.do?atchFileId=cc866d3f5b37438da08722efa6887e72&thumb=Y,서울시 문화행사,,,,2026-08-23 01:14:23
보컬콘소트서울 제9회 정기연주회,세종체임버홀,2026-06-16,2026-06-16,클래식,종로구,https://culture.seoul.go.kr/culture/culture/cultureEvent/view.do?cultcode=157957&menuNo=200008,https://culture.seoul.go.kr/cmmn/file/getImage.do?atchFileId=ea0dd99a958f4d238813bf6339d22593&thumb=Y,서울시 문화행사,,0.012949,36,2026-08-23 01:14:23
[서울시립미술관] 2026 찾아가는 미술감상 교실,신청기관이 제공하는 강의공간,2026-06-15,2026-12-31,교육/체험,중구,https://culture.seoul.go.kr/culture/culture/cultureEvent/view.do?cultcode=158310&menuNo=200011,https://culture.seoul.go.kr/cmmn/file/getImage.do?atchFileId=6ebc78e9cd3e498489f926dae7aa0e7e&thumb=Y,서울시 문화행사,,,,2026-08-23 01:14:23
"[구립증산도서관] 2026년 미디어교육 평생교실 - AI 탐험대 : 똑똑하게 쓰고, 제대로 판단하자!",1층 문화교육실,2026-06-14,2026-07-12,교육/체험,은평구,https://culture.seoul.go.kr/culture/culture/cultureEvent/view.do?cultcode=158138&menuNo=200011,https://culture.seoul.go.kr/cmmn/file/getImage.do?atchFileId=081d2ca31bc843c5b019cde7711c1cde&thumb=Y,서울시 문화행사,,,,2026-08-23 01:14:23
[평화문화진지] 2026년 평화문화진지 정기예술교육프로그램 [예술 피움] - 6월,평화문화진지 (서울 도봉구 마들로 932),2026-06-14,2026-06-28,교육/체험,도봉구,https://culture.seoul.go.kr/culture/culture/cultureEvent/view.do?cultcode=158089&menuNo=200011,https://culture.seoul.go.kr/cmmn/file/getImage.do?atchFileId=feb8e67714b949f3a13eb23f4b65195a&thumb=Y,서울시 문화행사,,,,2026-08-23 01:14:23
제23회 서울국제환경영화제 펫퍼민트 와 함께하는 반려동물축제 [지구 WE 펫밀리 축제],용마폭포공원,2026-06-14,2026-06-14,축제-기타,중랑구,https://culture.seoul.go.kr/culture/culture/cultureEvent/view.do?cultcode=158030&menuNo=200010,https://culture.seoul.go.kr/cmmn/file/getImage.do?atchFileId=dabc707c6b4b416f8cea42728ea4768a&thumb=Y,서울시 문화행사,,0.082813,55,2026-08-23 01:14:23
[마포구립서강도서관] 6월/어린이메이킹 [행복맘껏time] 두 번째 일요일은 해봄공간 오픈데이,마포구립서강도서관 4층 어린이자료실 해봄,2026-06-14,2026-06-14,교육/체험,마포구,https://culture.seoul.go.kr/culture/culture/cultureEvent/view.do?cultcode=157897&menuNo=200011,https://culture.seoul.go.kr/cmmn/file/getImage.do?atchFileId=643c2aabfa2840fd98a7f8a47962145a&thumb=Y,서울시 문화행사,,,,2026-08-23 01:14:23
[서울하수도과학관] 도심 물순환 탐방 : LID 공원을 만나다(6월),서울하수도과학관 영상실 및 물순환테마파크 ,2026-06-14,2026-06-14,교육/체험,성동구,https://culture.seoul.go.kr/culture/culture/cultureEvent/view.do?cultcode=157948&menuNo=200011,https://culture.seoul.go.kr/cmmn/file/getImage.do?atchFileId=22056df39fc84a97befa14c4e9a8a6c7&thumb=Y,서울시 문화행사,,,,2026-08-23 01:14:23
"우리동네사람들 시즌6 [소리를 넘어, 마음으로]",영산아트홀,2026-06-14,2026-06-14,클래식,영등포구,https://culture.seoul.go.kr/culture/culture/cultureEvent/view.do?cultcode=158007&menuNo=200008,https://culture.seoul.go.kr/cmmn/file/getImage.do?atchFileId=d1f3aaa5eb784f5faeaefa57509becaa&thumb=Y,서울시 문화행사,,0.064423,52,2026-08-23 01:14:23
[살롱클래식] 한정원 피아노 독주회 - Sonata Remains,라율아트홀,2026-06-14,2026-06-14,독주/독창회,서초구,https://culture.seoul.go.kr/culture/culture/cultureEvent/view.do?cultcode=157926&menuNo=200008,https://culture.seoul.go.kr/cmmn/file/getImage.do?atchFileId=8df10405f36c472497c8e8ded4caf767&thumb=Y,서울시 문화행사,,0.012015,36,2026-08-23 01:14:23
[청계천박물관] 청계천의 별이 된 노무라 모토유키,청계천박물관 기획전시,2026-06-13,2026-10-11,전시/미술,성동구,https://culture.seoul.go.kr/culture/culture/cultureEvent/view.do?cultcode=157966&menuNo=200009,https://culture.seoul.go.kr/cmmn/file/getImage.do?atchFileId=b6decf917c7b4178936795499bec6516&thumb=Y,서울시 문화행사,,,,2026-08-23 01:14:23
[B the B] 신규 기획전 오픈 : Beauty Tranlated,"비더비 UP-TOWN (울시 중구 을지로 281, DDP마켓 지하2층)",2026-06-13,2026-09-27,전시/미술,중구,https://culture.seoul.go.kr/culture/culture/cultureEvent/view.do?cultcode=159101&menuNo=200009,https://culture.seoul.go.kr/cmmn/file/getImage.do?atchFileId=9f514b94fe1740e2b0a518738f41e1c5&thumb=Y,서울시 문화행사,,,,2026-08-23 01:14:23
[서울기록원] 초등 4-6학년 대상 직업체험프로그램 [기록물 보존요원으로 임명합니다!],서울기록원 3층 교육실,2026-06-13,2026-07-05,교육/체험,은평구,https://culture.seoul.go.kr/culture/culture/cultureEvent/view.do?cultcode=158117&menuNo=200011,https://culture.seoul.go.kr/cmmn/file/getImage.do?atchFileId=4f5e6ebd713c4cccab408869df52db47&thumb=Y,서울시 문화행사,,,,2026-08-23 01:14:23
[서울문화예술교육센터 은평] 몸으로 예술놀이(오전반),서울문화예술교육센터 은평 댄스스튜디오1,2026-06-13,2026-07-04,교육/체험,은평구,https://culture.seoul.go.kr/culture/culture/cultureEvent/view.do?cultcode=158058&menuNo=200011,https://culture.seoul.go.kr/cmmn/file/getImage.do?atchFileId=51b4bb7d46ee4cd28f758a3ad35a9c74&thumb=Y,서울시 문화행사,,,,2026-08-23 01:14:23
2026 평화문화진지 호국보훈 문화제 [RE:MEMORY: 기억을 잇고 평화를 만들다],평화문화진지,2026-06-13,2026-06-28,축제-문화/예술,도봉구,https://culture.seoul.go.kr/culture/culture/cultureEvent/view.do?cultcode=158148&menuNo=200010,https://culture.seoul.go.kr/cmmn/file/getImage.do?atchFileId=30c92c7927d0401c91ebf21864cb9550&thumb=Y,서울시 문화행사,,0.005541,28,2026-08-23 01:14:23
[송파 청년아티스트센터] 3기 릴레이 개인전 [초록 낮 The scene of a stranger-명진],"10:00 ~ 18:00, 일요일 및 공휴일 휴관",2026-06-13,2026-06-25,전시/미술,송파구,https://culture.seoul.go.kr/culture/culture/cultureEvent/view.do?cultcode=158116&menuNo=200009,https://culture.seoul.go.kr/cmmn/file/getImage.do?atchFileId=12f6aa8a599d4aec9acfe25358eb5ddc&thumb=Y,서울시 문화행사,,,,2026-08-23 01:14:23
[서울문화예술교육센터 용산] 창작의 발견 [그림이 되는 순간들] 2기,서울문화예술교육센터 용산 5층 홀,2026-06-13,2026-06-20,교육/체험,용산구,https://culture.seoul.go.kr/culture/culture/cultureEvent/view.do?cultcode=158240&menuNo=200011,https://culture.seoul.go.kr/cmmn/file/getImage.do?atchFileId=05145e2d260b4b0ea4218f78617df545&thumb=Y,서울시 문화행사,,,,2026-08-23 01:14:23
"[서울문화예술교육센터 강북] 워크숍 'play, play' [말하고 싶은 '탈'_2기]",4층 대강의실,2026-06-13,2026-06-20,교육/체험,강북구,https://culture.seoul.go.kr/culture/culture/cultureEvent/view.do?cultcode=157705&menuNo=200011,https://culture.seoul.go.kr/cmmn/file/getImage.do?atchFileId=b77d36d7e62f46088bc2903719df7d50&thumb=Y,서울시 문화행사,,,,2026-08-23 01:14:23
[문화공간이육사] 기획전시 [육사답사] 연계 프로그램 [성북인문탐방 : 시인 육사 씨의 일일],문화공간이육사 3층 교목실,2026-06-13,2026-06-20,교육/체험,성북구,https://culture.seoul.go.kr/culture/culture/cultureEvent/view.do?cultcode=158092&menuNo=200011,https://culture.seoul.go.kr/cmmn/file/getImage.do?atchFileId=10062559bb1b41d0806411d2e239b3bc&thumb=Y,서울시 문화행사,,,,2026-08-23 01:14:23
2026 국제평화 문화화합 대잔치,서울어린이대공원 열린무대,2026-06-13,2026-06-14,축제-문화/예술,광진구,https://culture.seoul.go.kr/culture/culture/cultureEvent/view.do?cultcode=158162&menuNo=200010,https://culture.seoul.go.kr/cmmn/file/getImage.do?atchFileId=59e00f75ff604c5ba59b4b15e40d3c4e&thumb=Y,서울시 문화행사,,,,2026-08-23 01:14:23
[성북문화재단] 뮤지컬 [가방 들어주는 아이들],꿈빛극장,2026-06-13,2026-06-14,뮤지컬/오페라,성북구,https://culture.seoul.go.kr/culture/culture/cultureEvent/view.do?cultcode=157845&menuNo=200008,https://culture.seoul.go.kr/cmmn/file/getImage.do?atchFileId=34dd89cd957345c2b413246e817abaca&thumb=Y,서울시 문화행사,,0.013846,37,2026-08-23 01:14:23
[누구나 청춘무대] 6월 문화예술공연 [미스터 보쟁글스],문화일보홀 ,2026-06-13,2026-06-13,뮤지컬/오페라,중구,https://culture.seoul.go.kr/culture/culture/cultureEvent/view.do?cultcode=158193&menuNo=200008,https://culture.seoul.go.kr/cmmn/file/getImage.do?atchFileId=0333cc5ab3c74674b8c94bb7f900f4d7&thumb=Y,서울시 문화행사,,0.00127,14,2026-08-23 01:14:23
[서울아트책보고] 공연 [Book Step 탱고&재즈],서울아트책보고 중정광장,2026-06-13,2026-06-13,클래식,구로구,https://culture.seoul.go.kr/culture/culture/cultureEvent/view.do?cultcode=158125&menuNo=200008,https://culture.seoul.go.kr/cmmn/file/getImage.do?atchFileId=42bac89b91474c949faca72e919cbfb7&thumb=Y,서울시 문화행사,,,,2026-08-23 01:14:23
제5회 서초구 아버지센터 [서리풀 아마추어 남성 성악 콩쿠르],방배열린문화센터 4층 대강당,2026-06-13,2026-06-13,기타,서초구,https://culture.seoul.go.kr/culture/culture/cultureEvent/view.do?cultcode=157668&menuNo=200013,https://culture.seoul.go.kr/cmmn/file/getImage.do?atchFileId=1a5b609d1b284d66a548025af4d9cffb&thumb=Y,서울시 문화행사,,,,2026-08-23 01:14:23
2026 종로생활문화축제 [종로랑 축제],종로구 마로니에공원 일대 ,2026-06-13,2026-06-13,축제-문화/예술,종로구,https://culture.seoul.go.kr/culture/culture/cultureEvent/view.do?cultcode=158096&menuNo=200010,https://culture.seoul.go.kr/cmmn/file/getImage.do?atchFileId=2ac77e0dd5264f23b175964e2030c721&thumb=Y,서울시 문화행사,,,,2026-08-23 01:14:23
[서울역사박물관] 제2회 박물관 토요음악회 [서울역사박물관 문화스테이지-원스컴퍼니],서울역사박물관 1층 로비,2026-06-13,2026-06-13,콘서트,종로구,https://culture.seoul.go.kr/culture/culture/cultureEvent/view.do?cultcode=158132&menuNo=200008,https://culture.seoul.go.kr/cmmn/file/getImage.do?atchFileId=bb93cc4391a34e29b131e4f7a10ccf02&thumb=Y,서울시 문화행사,,,,2026-08-23 01:14:23
[라율 영재&영아티스트] 강보리 첼로 독주회,라율아트홀,2026-06-13,2026-06-13,독주/독창회,서초구,https://culture.seoul.go.kr/culture/culture/cultureEvent/view.do?cultcode=157925&menuNo=200008,https://culture.seoul.go.kr/cmmn/file/getImage.do?atchFileId=cf78d77c5a814530996fb2cefc991955&thumb=Y,서울시 문화행사,,0.012015,36,2026-08-23 01:14:23
[서울역사편찬원] 2026년 6월 서울역사문화답사,"화랑대철도공원, 육군사관학교 육군박물관, 삼군부 청헌당 등",2026-06-13,2026-06-13,교육/체험,송파구,https://culture.seoul.go.kr/culture/culture/cultureEvent/view.do?cultcode=158085&menuNo=200011,https://culture.seoul.go.kr/cmmn/file/getImage.do?atchFileId=d42e48789ecc4068a577adfaea1ba86c&thumb=Y,서울시 문화행사,,,,2026-08-23 01:14:23
"[구립증산도서관] 책이랑 놀자, 이렇게! 6월 프로그램",구립증산도서관 지하문화강좌실,2026-06-13,2026-06-13,교육/체험,은평구,https://culture.seoul.go.kr/culture/culture/cultureEvent/view.do?cultcode=158140&menuNo=200011,https://culture.seoul.go.kr/cmmn/file/getImage.do?atchFileId=82be4bf516a641c1a16681596fe686d7&thumb=Y,서울시 문화행사,,,,2026-08-23 01:14:23
[구로문화재단] 2026 이달의 공연 [사운드트립]_6월 최정원&드림뮤지컬,구로근린공원 (기상악화 시 구로구청 강당),2026-06-13,2026-06-13,뮤지컬/오페라,구로구,https://culture.seoul.go.kr/culture/culture/cultureEvent/view.do?cultcode=157710&menuNo=200008,https://culture.seoul.go.kr/cmmn/file/getImage.do?atchFileId=93a4ffe561c7423d82e781ef1343664c&thumb=Y,서울시 문화행사,,,,2026-08-23 01:14:23
"문예북흥 No.63 - 『왜 서울에 살아』는 '질문이자 대답, 공항 말고 갯벌, 개발 말고 갯벌!'을 외치는 환경평화 활동가 김규영은 왜 군산에 살까?",이호철북콘서트홀,2026-06-13,2026-06-13,교육/체험,은평구,https://culture.seoul.go.kr/culture/culture/cultureEvent/view.do?cultcode=158076&menuNo=200011,https://culture.seoul.go.kr/cmmn/file/getImage.do?atchFileId=f926ce673907494a9287ca76879f2234&thumb=Y,서울시 문화행사,,0.013049,36,2026-08-23 01:14:23
"[서울시립 백남준을 기억하는 집] 《메가트론 랩소디》 동기신호 프로그램, 프로토룸 [렉처퍼포먼스+렉처퍼포먼스 Matter Matters: 효율 너머의 코드와 데이터]",서울시립 백남준을 기억하는 집(서울 종로구 종로53길 12-1),2026-06-13,2026-06-13,교육/체험,종로구,https://culture.seoul.go.kr/culture/culture/cultureEvent/view.do?cultcode=158072&menuNo=200011,https://culture.seoul.go.kr/cmmn/file/getImage.do?atchFileId=6a73cdf5b316408b9f81eaa5c6818322&thumb=Y,서울시 문화행사,,,,2026-08-23 01:14:23
[서울아트책보고] 원데이클래스 [뚝딱! 나만의 칼림바 만들기],서울아트책보고 워크숍룸,2026-06-13,2026-06-13,교육/체험,구로구,https://culture.seoul.go.kr/culture/culture/cultureEvent/view.do?cultcode=158069&menuNo=200011,https://culture.seoul.go.kr/cmmn/file/getImage.do?atchFileId=041030b1f29a4720b813733ed36a9cf3&thumb=Y,서울시 문화행사,,,,2026-08-23 01:14:23
"[서울문화예술교육센터 서초] 음악의 집 6월, 음악가의 사적인 플레이리스트 [감동·기록·추억 사이에 '음악'이 있다]",서울문화예술교육센터 서초 1층,2026-06-13,2026-06-13,교육/체험,서초구,https://culture.seoul.go.kr/culture/culture/cultureEvent/view.do?cultcode=158060&menuNo=200011,https://culture.seoul.go.kr/cmmn/file/getImage.do?atchFileId=560c5d4aa74540d992a42c2d8cb357dc&thumb=Y,서울시 문화행사,,,,2026-08-23 01:14:23
한국피아노듀오협회 제71회 정기연주회,예술의전당 리사이틀홀,2026-06-13,2026-06-13,클래식,서초구,https://culture.seoul.go.kr/culture/culture/cultureEvent/view.do?cultcode=157981&menuNo=200008,https://culture.seoul.go.kr/cmmn/file/getImage.do?atchFileId=75a9766611ca46598847ec2031a97182&thumb=Y,서울시 문화행사,,0.003573,24,2026-08-23 01:14:23
"[서울갤러리] 유월의 설렘, 유얼 스테이지 [현악트리오 청춘유수]",서울갤러리 지하 1층 공연장,2026-06-13,2026-06-13,클래식,중구,https://culture.seoul.go.kr/culture/culture/cultureEvent/view.do?cultcode=158048&menuNo=200008,https://culture.seoul.go.kr/cmmn/file/getImage.do?atchFileId=2a7abd85079546b488b583d574406279&thumb=Y,서울시 문화행사,,,,2026-08-23 01:14:23
[구로구] 북토크 [비하인드 더 크라임],구로문화누리도서관 4층 큰누리홀,2026-06-13,2026-06-13,교육/체험,구로구,https://culture.seoul.go.kr/culture/culture/cultureEvent/view.do?cultcode=157993&menuNo=200011,https://culture.seoul.go.kr/cmmn/file/getImage.do?atchFileId=975fc67e3fe84730b73982cd691fd571&thumb=Y,서울시 문화행사,,,,2026-08-23 01:14:23
[남산골한옥마을] 2026 남산골 세시절기 [단오],남산골한옥마을,2026-06-13,2026-06-13,축제-전통/역사,중구,https://culture.seoul.go.kr/culture/culture/cultureEvent/view.do?cultcode=158037&menuNo=200010,https://culture.seoul.go.kr/cmmn/file/getImage.do?atchFileId=3c77a457cddf4b57aa05cedaccf61f86&thumb=Y,서울시 문화행사,,0.078829,54,2026-08-23 01:14:23
[서울시립교향악단] 2026 서울시향 강변음악회,여의도한강공원 물빛무대 앞 광장,2026-06-13,2026-06-13,클래식,영등포구,https://culture.seoul.go.kr/culture/culture/cultureEvent/view.do?cultcode=157460&menuNo=200008,https://culture.seoul.go.kr/cmmn/file/getImage.do?atchFileId=aa681d2803ba46859e2b35c2ae371ba3&thumb=Y,서울시 문화행사,,,,2026-08-23 01:14:23
2026 풍납토성 한마음 축제,풍납백제문화공원 야외,2026-06-13,2026-06-13,축제-기타,송파구,https://culture.seoul.go.kr/culture/culture/cultureEvent/view.do?cultcode=157876&menuNo=200010,https://culture.seoul.go.kr/cmmn/file/getImage.do?atchFileId=de6018b05c044a76a6a3229cc3af6cad&thumb=Y,서울시 문화행사,,,,2026-08-23 01:14:23
"DDP 협력전시 한불수교 140주년 기념, 서울-파리 국제교류전 [The Baguette from Seoul]",동대문디자인플라자(DDP) 갤러리문,2026-06-12,2026-06-29,전시/미술,중구,https://culture.seoul.go.kr/culture/culture/cultureEvent/view.do?cultcode=158405&menuNo=200009,https://culture.seoul.go.kr/cmmn/file/getImage.do?atchFileId=d46198c3d59d48efb3edc3285e9944aa&thumb=Y,서울시 문화행사,,,,2026-08-23 01:14:23
[미래한강본부] 한강플플 북중미 월드컵 팝업,"한강플플 (뚝섬 자벌레 1,3층)",2026-06-12,2026-06-28,축제-관광/체육,광진구,https://culture.seoul.go.kr/culture/culture/cultureEvent/view.do?cultcode=158219&menuNo=200010,https://culture.seoul.go.kr/cmmn/file/getImage.do?atchFileId=5140ff4c073149689cfea6c40261e615&thumb=Y,서울시 문화행사,,,,2026-08-23 01:14:23
"[구로구립개봉도서관] 2026년 상반기 프로그램 [지구를 지키는 손, 그린아트 공방]",개봉도서관 1층 어린이자료실,2026-06-12,2026-06-19,교육/체험,구로구,https://culture.seoul.go.kr/culture/culture/cultureEvent/view.do?cultcode=157988&menuNo=200011,https://culture.seoul.go.kr/cmmn/file/getImage.do?atchFileId=d3a1ec05d6c14947a1f69599aa7ebecb&thumb=Y,서울시 문화행사,,,,2026-08-23 01:14:23
"[구로구립개봉도서관] 2026년 상반기 프로그램 [지구를 지키는 손, 업사이클 공방]",개봉도서관 1층 어린이자료실,2026-06-12,2026-06-19,교육/체험,구로구,https://culture.seoul.go.kr/culture/culture/cultureEvent/view.do?cultcode=157987&menuNo=200011,https://culture.seoul.go.kr/cmmn/file/getImage.do?atchFileId=f6f7aeb2db744d6eb142c5fd632b7707&thumb=Y,서울시 문화행사,,,,2026-08-23 01:14:23
[서울문화재단] 2026년 서울무용센터 상반기 입주예술가 작업공유회,서울무용창작센터 (은평구 수색로 322-2),2026-06-12,2026-06-14,무용,은평구,https://culture.seoul.go.kr/culture/culture/cultureEvent/view.do?cultcode=158053&menuNo=200008,https://culture.seoul.go.kr/cmmn/file/getImage.do?atchFileId=cc4b8fc874084696ba903d73519a322f&thumb=Y,서울시 문화행사,,,,2026-08-23 01:14:23
[마포문화재단] 영희 페스티벌,"마포아트센터 아트홀맥, 플레이맥, 갤러리맥, 스튜디오3, 야외광장",2026-06-12,2026-06-14,축제-문화/예술,마포구,https://culture.seoul.go.kr/culture/culture/cultureEvent/view.do?cultcode=157990&menuNo=200010,https://culture.seoul.go.kr/cmmn/file/getImage.do?atchFileId=db855fb6909c4897b9ed62404a13b1a0&thumb=Y,서울시 문화행사,,,,2026-08-23 01:14:23
2026년 야간 공연 관람권_[기억의 날],예술공간 혜화,2026-06-12,2026-06-12,연극,종로구,https://culture.seoul.go.kr/culture/culture/cultureEvent/view.do?cultcode=157974&menuNo=200008,https://culture.seoul.go.kr/cmmn/file/getImage.do?atchFileId=ba63c9a29a4545229813198245888a94&thumb=Y,서울시 문화행사,,0.003001,22,2026-08-23 01:14:23
[동작문화재단] 2026 까망돌어울마당 아트홀 공연실황 스크린 ON-AIR 5회차 [춘향탈옥] 1부,까망돌어울마당 아트홀(동작구 서달로 129 지하 1층),2026-06-12,2026-06-12,뮤지컬/오페라,동작구,https://culture.seoul.go.kr/culture/culture/cultureEvent/view.do?cultcode=157888&menuNo=200008,https://culture.seoul.go.kr/cmmn/file/getImage.do?atchFileId=5dbb6480beb0439ba044496bc8a764e8&thumb=Y,서울시 문화행사,,,,2026-08-23 01:14:23
"[운현궁] 흥선대원군의 취향 탐색, 풍류의 유람 [운현유람기]","운현궁 노안당, 노락당, 이로당",2026-06-12,2026-06-12,교육/체험,종로구,https://culture.seoul.go.kr/culture/culture/cultureEvent/view.do?cultcode=158121&menuNo=200011,https://culture.seoul.go.kr/cmmn/file/getImage.do?atchFileId=c3af2c7e05424f559374ff598deab5fc&thumb=Y,서울시 문화행사,,,,2026-08-23 01:14:23
[금천구립가산도서관] 한불수교 140주년 기념 특강 [작가힙톡(Hip-Talk) : 프랑스 미술관 역사로 걷다],금천구립가산도서관 1층 라운지,2026-06-12,2026-06-12,교육/체험,금천구,https://culture.seoul.go.kr/culture/culture/cultureEvent/view.do?cultcode=157997&menuNo=200011,https://culture.seoul.go.kr/cmmn/file/getImage.do?atchFileId=d50c04cd55504c0999d1f316642ea77b&thumb=Y,서울시 문화행사,,,,2026-08-23 01:14:23
[서울 문화의 밤] 6월 작가힙톡(Hip-Talk) - 스트레스는 어떻게 나를 바꾸는가(하지현),서울도서관 1층 생각마루,2026-06-12,2026-06-12,교육/체험,중구,https://culture.seoul.go.kr/culture/culture/cultureEvent/view.do?cultcode=158067&menuNo=200011,https://culture.seoul.go.kr/cmmn/file/getImage.do?atchFileId=3f788ee75fd44b09a6e5e1f19485c721&thumb=Y,서울시 문화행사,,,,2026-08-23 01:14:23
2026년 야간 공연 관람권_[잔류시민],대학로극장 쿼드,2026-06-12,2026-06-12,연극,종로구,https://culture.seoul.go.kr/culture/culture/cultureEvent/view.do?cultcode=157973&menuNo=200008,https://culture.seoul.go.kr/cmmn/file/getImage.do?atchFileId=8c3810bf95a94a69ab0bb6048319b8eb&thumb=Y,서울시 문화행사,,0.010422,34,2026-08-23 01:14:23
[서울시립 북서울미술관] 권병준: 내 마음속에 너는,"서울시립 북서울미술관 지하 1층 전시실 5, 6",2026-06-11,2027-05-16,전시/미술,노원구,https://culture.seoul.go.kr/culture/culture/cultureEvent/view.do?cultcode=158044&menuNo=200009,https://culture.seoul.go.kr/cmmn/file/getImage.do?atchFileId=b719788b82ac44859e6fbcd9e8e58b89&thumb=Y,서울시 문화행사,,,,2026-08-23 01:14:23
[서울영화센터] 단체관람 할인 안내,"서울영화센터 상영관 1,2,3",2026-06-11,2026-12-31,영화,중구,https://culture.seoul.go.kr/culture/culture/cultureEvent/view.do?cultcode=158225&menuNo=200013,https://culture.seoul.go.kr/cmmn/file/getImage.do?atchFileId=2a8cc3a60a454fb6a523eb23015d0f05&thumb=Y,서울시 문화행사,,,,2026-08-23 01:14:23
2026 문화역서울284 [내부 공간투어],문화역서울284,2026-06-11,2026-08-16,전시/미술,중구,https://culture.seoul.go.kr/culture/culture/cultureEvent/view.do?cultcode=158664&menuNo=200009,https://culture.seoul.go.kr/cmmn/file/getImage.do?atchFileId=d930e7813fa444bb9423ca8135a4e196&thumb=Y,서울시 문화행사,,0.094605,56,2026-08-23 01:14:23
[서울백제어린이박물관] 유단체 대상 [서울역사생태탐험대2] (여름),"서울백제어린이박물관 교육실, 전시실 등",2026-06-11,2026-07-30,교육/체험,송파구,https://culture.seoul.go.kr/culture/culture/cultureEvent/view.do?cultcode=157839&menuNo=200011,https://culture.seoul.go.kr/cmmn/file/getImage.do?atchFileId=028bc749b78e4add82e795475698fa90&thumb=Y,서울시 문화행사,,,,2026-08-23 01:14:23
[서울공예박물관] 2026 SeMoCA 공예강좌 #4,서울공예박물관 교육동 1층 강당,2026-06-11,2026-06-19,교육/체험,종로구,https://culture.seoul.go.kr/culture/culture/cultureEvent/view.do?cultcode=158160&menuNo=200011,https://culture.seoul.go.kr/cmmn/file/getImage.do?atchFileId=0f279886f4b3421a8470c703d015d5b3&thumb=Y,서울시 문화행사,,,,2026-08-23 01:14:23
제58회 서울음악제,"(11일) 이음아트홀, (14일) 모두예술극장",2026-06-11,2026-06-14,축제-기타,서대문구,https://culture.seoul.go.kr/culture/culture/cultureEvent/view.do?cultcode=158178&menuNo=200010,https://culture.seoul.go.kr/cmmn/file/getImage.do?atchFileId=8249147a604e4df6b2b5dc7db961b7e6&thumb=Y,서울시 문화행사,,,,2026-08-23 01:14:23
[금천문화재단] 2026 금천패션영화제 순회상영회 [Re:wind],"책이든거리 작은도서관, 맑은누리 작은도서관, 금천구립가산도서관",2026-06-11,2026-06-13,영화,금천구,https://culture.seoul.go.kr/culture/culture/cultureEvent/view.do?cultcode=157945&menuNo=200013,https://culture.seoul.go.kr/cmmn/file/getImage.do?atchFileId=7ccd00735c9446ad81e3b55c0708a881&thumb=Y,서울시 문화행사,,,,2026-08-23 01:14:23
한국영상대학교 영상디자인학과 27회 졸업작품전 [범람(氾濫) ; 틀을 깨고 쏟아져 나오다.],서울특별시 중구 다산로 138 RnL 로즈앤라임 빌딩 B1층,2026-06-11,2026-06-13,전시/미술,중구,https://culture.seoul.go.kr/culture/culture/cultureEvent/view.do?cultcode=158147&menuNo=200009,https://culture.seoul.go.kr/cmmn/file/getImage.do?atchFileId=e839ff95a0374089bcbb09c5a5bd80d1&thumb=Y,서울시 문화행사,,,,2026-08-23 01:14:23
[서울문화예술교육센터 강북] 토크콘서트 [배우 장영남의 사적인 예술],서울문화예술교육센터 강북 2층 예술당솔샘,2026-06-11,2026-06-11,교육/체험,강북구,https://culture.seoul.go.kr/culture/culture/cultureEvent/view.do?cultcode=158057&menuNo=200011,https://culture.seoul.go.kr/cmmn/file/getImage.do?atchFileId=f069d582919c4f6fb52730254feadbbf&thumb=Y,서울시 문화행사,,,,2026-08-23 01:14:23
"[강남문화재단] 제1013회 목요예술무대 [두 번째 파장, 오월오일]",강남씨어터,2026-06-11,2026-06-11,콘서트,강남구,https://culture.seoul.go.kr/culture/culture/cultureEvent/view.do?cultcode=158001&menuNo=200008,https://culture.seoul.go.kr/cmmn/file/getImage.do?atchFileId=5fe1b4ea0ecd42909280bb3a9f818d4e&thumb=Y,서울시 문화행사,,0.012152,36,2026-08-23 01:14:23
[서울공예박물관] 권순형 로드: 도자벽화 탐방,서울공예박물관 교육실(전시3동 1층),2026-06-11,2026-06-11,교육/체험,종로구,https://culture.seoul.go.kr/culture/culture/cultureEvent/view.do?cultcode=158074&menuNo=200011,https://culture.seoul.go.kr/cmmn/file/getImage.do?atchFileId=9a1f35285d974456a9b2686ca556a239&thumb=Y,서울시 문화행사,,,,2026-08-23 01:14:23
[금천문화재단] 2026 생활밀착형 문화예술교육 [가가호호:금천감각정원],금천마을활력소 어울샘,2026-06-10,2026-10-31,교육/체험,금천구,https://culture.seoul.go.kr/culture/culture/cultureEvent/view.do?cultcode=157998&menuNo=200011,https://culture.seoul.go.kr/cmmn/file/getImage.do?atchFileId=e36081acca5642b19ea723c131086165&thumb=Y,서울시 문화행사,,,,2026-08-23 01:14:23
"[서울문화재단] 2026 서울문화예술교육센터 양천 [모두의 아뜰리에] 상설 체험 프로그램: 《오늘의 색, 오늘의 기억》",서울문화예술교육센터 양천 1층 로비,2026-06-10,2026-10-08,교육/체험,양천구,https://culture.seoul.go.kr/culture/culture/cultureEvent/view.do?cultcode=158361&menuNo=200011,https://culture.seoul.go.kr/cmmn/file/getImage.do?atchFileId=de0cee3e3568458286c9068176301e57&thumb=Y,서울시 문화행사,,,,2026-08-23 01:14:23
[관악문화재단] 2026 꿈다락문화예술학교 [감각 드로잉-내 인생의 화양연화],싱글벙글교육센터 문화도시공유공간 ,2026-06-10,2026-08-12,교육/체험,관악구,https://culture.seoul.go.kr/culture/culture/cultureEvent/view.do?cultcode=158156&menuNo=200011,https://culture.seoul.go.kr/cmmn/file/getImage.do?atchFileId=4f42004f35cd4b2b99309ab8e50c842f&thumb=Y,서울시 문화행사,,,,2026-08-23 01:14:23
"갤러리 그라프 기획전시 - 몬트, 무아 강, 황소영 《Invisible Rhythm》",갤러리 그라프 전시실,2026-06-10,2026-07-15,전시/미술,강남구,https://culture.seoul.go.kr/culture/culture/cultureEvent/view.do?cultcode=158320&menuNo=200009,https://culture.seoul.go.kr/cmmn/file/getImage.do?atchFileId=05b2253295134bffad87deb690132776&thumb=Y,서울시 문화행사,,,,2026-08-23 01:14:23
[서울무형유산교육전시장] 2026년 달빛공방 모집 안내,서울무형유산교육전시장(서울시 종로구 율곡로10길 13),2026-06-10,2026-07-03,교육/체험,종로구,https://culture.seoul.go.kr/culture/culture/cultureEvent/view.do?cultcode=158083&menuNo=200011,https://culture.seoul.go.kr/cmmn/file/getImage.do?atchFileId=d63c9970fac84f96a7e3175a956fdbca&thumb=Y,서울시 문화행사,,,,2026-08-23 01:14:23
[서울시립 남서울미술관] 2권진규 상설전시 《권진규의 영원한 집》 특별 도슨트,서울시립 남서울미술관 1층 전시실,2026-06-10,2026-07-01,전시/미술,관악구,https://culture.seoul.go.kr/culture/culture/cultureEvent/view.do?cultcode=158357&menuNo=200009,https://culture.seoul.go.kr/cmmn/file/getImage.do?atchFileId=65d5c403da544e138b7a3c64fb0c4077&thumb=Y,서울시 문화행사,,,,2026-08-23 01:14:23
[금천구립가산도서관] 2026년 조부모교육 [황혼육아학교],금천구립가산도서관 6층 강의실,2026-06-10,2026-07-01,교육/체험,금천구,https://culture.seoul.go.kr/culture/culture/cultureEvent/view.do?cultcode=157431&menuNo=200011,https://culture.seoul.go.kr/cmmn/file/getImage.do?atchFileId=5f53a5231cd54011bccded5ee1a26732&thumb=Y,서울시 문화행사,,,,2026-08-23 01:14:23
[온에어갤러리] 변재희 개인전 [Color Phantasmagoria],온에어갤러리,2026-06-10,2026-06-30,전시/미술,서대문구,https://culture.seoul.go.kr/culture/culture/cultureEvent/view.do?cultcode=158364&menuNo=200009,https://culture.seoul.go.kr/cmmn/file/getImage.do?atchFileId=3a5a1fce2ee5405a978068f61d9ffa05&thumb=Y,서울시 문화행사,,0.00249,20,2026-08-23 01:14:23
[온에어갤러리] 희박한 공기 Thin Air,온에어갤러리,2026-06-10,2026-06-30,전시/미술,서대문구,https://culture.seoul.go.kr/culture/culture/cultureEvent/view.do?cultcode=158363&menuNo=200009,https://culture.seoul.go.kr/cmmn/file/getImage.do?atchFileId=5bdeebf91c8b47149b53c5633727c512&thumb=Y,서울시 문화행사,,0.00249,20,2026-08-23 01:14:23
[온에어갤러리] 양태모 개인전 《기표들의 실험대 이후》,온에어갤러리,2026-06-10,2026-06-30,전시/미술,서대문구,https://culture.seoul.go.kr/culture/culture/cultureEvent/view.do?cultcode=158365&menuNo=200009,https://culture.seoul.go.kr/cmmn/file/getImage.do?atchFileId=e649af304b7543f3a0ed1db0d6a50f6f&thumb=Y,서울시 문화행사,,0.00249,20,2026-08-23 01:14:23
다시보는 공연봄날,"세종문화회관 S씨어터, 서울남산국악당",2026-06-10,2026-06-28,콘서트,종로구,https://culture.seoul.go.kr/culture/culture/cultureEvent/view.do?cultcode=158011&menuNo=200008,https://culture.seoul.go.kr/cmmn/file/getImage.do?atchFileId=3694a9df80c5464793a31fb381ec9de4&thumb=Y,서울시 문화행사,,,,2026-08-23 01:14:23
지금은 나을지 몰라도: 윤이도 개인전,"서울시 중구 창경궁로5길 32, 3층 COSO",2026-06-10,2026-06-26,전시/미술,중구,https://culture.seoul.go.kr/culture/culture/cultureEvent/view.do?cultcode=158166&menuNo=200009,https://culture.seoul.go.kr/cmmn/file/getImage.do?atchFileId=b3d61abed2da4870af8b098b0a69b6cf&thumb=Y,서울시 문화행사,,,,2026-08-23 01:14:23
[노원문화재단] 2026노원어린이극장 공동기획 시즌 [오늘도 바람],노원어린이극장,2026-06-10,2026-06-21,연극,노원구,https://culture.seoul.go.kr/culture/culture/cultureEvent/view.do?cultcode=157879&menuNo=200008,https://culture.seoul.go.kr/cmmn/file/getImage.do?atchFileId=3b021124662b4eb28ea176a8addb60f2&thumb=Y,서울시 문화행사,,0.010907,35,2026-08-23 01:14:23
[서울도서관] 나를 지키는 보이스피싱 예방교육(시니어 대상),서울도서관 4층 사서교육장,2026-06-10,2026-06-17,교육/체험,중구,https://culture.seoul.go.kr/culture/culture/cultureEvent/view.do?cultcode=158063&menuNo=200011,https://culture.seoul.go.kr/cmmn/file/getImage.do?atchFileId=427c0483818f4a908c4f0184e8b4b3e3&thumb=Y,서울시 문화행사,,,,2026-08-23 01:14:23
2026 K컬쳐·공연 글로벌 마케팅 전문인력양성 아카데미 1기,서울사이버대학교 및 서울 일원,2026-06-10,2026-06-12,교육/체험,강북구,https://culture.seoul.go.kr/culture/culture/cultureEvent/view.do?cultcode=157814&menuNo=200011,https://culture.seoul.go.kr/cmmn/file/getImage.do?atchFileId=6ce0dc19f4d14715a5f303ca14bbf3d2&thumb=Y,서울시 문화행사,,,,2026-08-23 01:14:23
[국립박물관문화재단] 뮤지엄 모먼트 [인문학 클래식 콘서트],국립중앙박물관 극장 용,2026-06-10,2026-06-11,클래식,용산구,https://culture.seoul.go.kr/culture/culture/cultureEvent/view.do?cultcode=157588&menuNo=200008,https://culture.seoul.go.kr/cmmn/file/getImage.do?atchFileId=fdec9b93677a4a0799cc69cb513ffd7b&thumb=Y,서울시 문화행사,,0.081967,54,2026-08-23 01:14:23
2026 권효진의 춤판 [생명의 그물 X 생명의 DNA],김희수아트센터,2026-06-10,2026-06-11,무용,동대문구,https://culture.seoul.go.kr/culture/culture/cultureEvent/view.do?cultcode=158081&menuNo=200008,https://culture.seoul.go.kr/cmmn/file/getImage.do?atchFileId=d03dfee5de3a41a5af9ca8de511855cd&thumb=Y,서울시 문화행사,,0.004283,26,2026-08-23 01:14:23
"[서울도서관] 월간 북돋움 [나도 부모는 처음이야, 육아를 놀이처럼 하는 법!]",온라인(Zoom),2026-06-10,2026-06-10,교육/체험,중구,https://culture.seoul.go.kr/culture/culture/cultureEvent/view.do?cultcode=158062&menuNo=200011,https://culture.seoul.go.kr/cmmn/file/getImage.do?atchFileId=663f746a5c8c4c079ab01ab12f202600&thumb=Y,서울시 문화행사,,,,2026-08-23 01:14:23
2026 한·중 문화교류전 [국제 문화예술공연 대축제],대한민국예술인센터 20층 (서울 양천구 목동서로 225),2026-06-10,2026-06-10,축제-문화/예술,양천구,https://culture.seoul.go.kr/culture/culture/cultureEvent/view.do?cultcode=157885&menuNo=200010,https://culture.seoul.go.kr/cmmn/file/getImage.do?atchFileId=5594ae534c884dfa8582c516dea77a16&thumb=Y,서울시 문화행사,,,,2026-08-23 01:14:23
"[서울갤러리] 유월의 설렘, 유얼 스테이지 [재즈앙상블 하나비 앙상블]",서울갤러리 지하 1층 공연장,2026-06-10,2026-06-10,콘서트,중구,https://culture.seoul.go.kr/culture/culture/cultureEvent/view.do?cultcode=158047&menuNo=200008,https://culture.seoul.go.kr/cmmn/file/getImage.do?atchFileId=29a4f47914e54ddfbb1a76ff8ddf86ff&thumb=Y,서울시 문화행사,,,,2026-08-23 01:14:23
(사)서울윈드오케스트라 제 119회 정기연주회 [윈드 오케스트라로 만나는 국악음악],예술의 전당 콘서트홀,2026-06-10,2026-06-10,콘서트,서초구,https://culture.seoul.go.kr/culture/culture/cultureEvent/view.do?cultcode=157675&menuNo=200008,https://culture.seoul.go.kr/cmmn/file/getImage.do?atchFileId=42c9b504a45f439bbaabc86a6bd68dbe&thumb=Y,서울시 문화행사,,0.021067,41,2026-08-23 01:14:23
[한국장애인문화예술원] 이:음 예술창작 아카데미 [장애예술인 강사 양성과정],모두미술공간 세미나실,2026-06-09,2026-11-19,교육/체험,종로구,https://culture.seoul.go.kr/culture/culture/cultureEvent/view.do?cultcode=158009&menuNo=200011,https://culture.seoul.go.kr/cmmn/file/getImage.do?atchFileId=dacf381696e84b1198445ff52584f8ea&thumb=Y,서울시 문화행사,,,,2026-08-23 01:14:23
[세종문화회관] 뮤지컬 [베토벤],세종대극장,2026-06-09,2026-08-18,뮤지컬/오페라,종로구,https://culture.seoul.go.kr/culture/culture/cultureEvent/view.do?cultcode=157826&menuNo=200008,https://culture.seoul.go.kr/cmmn/file/getImage.do?atchFileId=8d648c25ae3e4c8198caf34a2b1d8eac&thumb=Y,서울시 문화행사,,0.002366,20,2026-08-23 01:14:23
[서초문화원] 2026년 서초문화원 [청년문화살롱],서초문화예술회관 및 관내 문화공간,2026-06-09,2026-08-14,교육/체험,서초구,https://culture.seoul.go.kr/culture/culture/cultureEvent/view.do?cultcode=158119&menuNo=200011,https://culture.seoul.go.kr/cmmn/file/getImage.do?atchFileId=824b0601d1db45c9b51a5f33b02e9b80&thumb=Y,서울시 문화행사,,,,2026-08-23 01:14:23
[성북문화재단] 돌곶이생활예술문화센터 2026년 여름 프로그램 프로그램(6-7월),돌곶이생활예술문화센터,2026-06-09,2026-08-07,교육/체험,성북구,https://culture.seoul.go.kr/culture/culture/cultureEvent/view.do?cultcode=157892&menuNo=200011,https://culture.seoul.go.kr/cmmn/file/getImage.do?atchFileId=12c248a713104ab392b5e6b5bf2c660d&thumb=Y,서울시 문화행사,,0.000747,9,2026-08-23 01:14:23
K-헤리티지 아트전 [미백 未白],2층,2026-06-09,2026-07-26,전시/미술,송파구,https://culture.seoul.go.kr/culture/culture/cultureEvent/view.do?cultcode=158185&menuNo=200009,https://culture.seoul.go.kr/cmmn/file/getImage.do?atchFileId=a56fde22781a4b49a462e1b4ee81f745&thumb=Y,서울시 문화행사,,0.006749,30,2026-08-23 01:14:23
[서울시립미술관 서소문본관] 2026 SeMA 외국어 도슨트 역량강화 교육 ,서울시립미술관 서소문본관 1층 ,2026-06-09,2026-07-17,교육/체험,중구,https://culture.seoul.go.kr/culture/culture/cultureEvent/view.do?cultcode=158206&menuNo=200011,https://culture.seoul.go.kr/cmmn/file/getImage.do?atchFileId=644e99155abe4b80a7a29a4f80c15b40&thumb=Y,서울시 문화행사,,,,2026-08-23 01:14:23
[2026 신진미술인 지원 프로그램] 신재은 개인전 《GAIA-피식의 서》,Hall 1 (서울시 영등포구 양평로22마길 8),2026-06-09,2026-07-17,전시/미술,중구,https://culture.seoul.go.kr/culture/culture/cultureEvent/view.do?cultcode=158207&menuNo=200009,https://culture.seoul.go.kr/cmmn/file/getImage.do?atchFileId=14c9c9e883e04c8e9f8fa29eae539a25&thumb=Y,서울시 문화행사,,,,2026-08-23 01:14:23
[세종문화회관] 26세종시즌 [더 트라이브],세종M씨어터,2026-06-09,2026-06-27,뮤지컬/오페라,은평구,https://culture.seoul.go.kr/culture/culture/cultureEvent/view.do?cultcode=157723&menuNo=200008,https://culture.seoul.go.kr/cmmn/file/getImage.do?atchFileId=9b6c93c7c48340c085b27cbdff94b1bf&thumb=Y,서울시 문화행사,,0.003785,24,2026-08-23 01:14:23
강채연 개인전 [Soft temple],2층,2026-06-09,2026-06-27,전시/미술,용산구,https://culture.seoul.go.kr/culture/culture/cultureEvent/view.do?cultcode=158183&menuNo=200009,https://culture.seoul.go.kr/cmmn/file/getImage.do?atchFileId=90bb876d7d5d4e0cb61a90c5e4a5c7c7&thumb=Y,서울시 문화행사,,0.006749,30,2026-08-23 01:14:23
[서울우리소리박물관] 2026 방과후 국악기 체험교실 [꿈나무 해금교실 : 나도 연주자!],서울우리소리박물관 및 서울우리소리도서관,2026-06-09,2026-06-20,교육/체험,종로구,https://culture.seoul.go.kr/culture/culture/cultureEvent/view.do?cultcode=158084&menuNo=200011,https://culture.seoul.go.kr/cmmn/file/getImage.do?atchFileId=a28fa369d5b44c70a836b7a59d32d834&thumb=Y,서울시 문화행사,,,,2026-08-23 01:14:23
[운현궁] 기획전시 [이화의 향연]_대한민국시서문학 예술인협의회 단체전,운현궁 기획전시실,2026-06-09,2026-06-14,전시/미술,종로구,https://culture.seoul.go.kr/culture/culture/cultureEvent/view.do?cultcode=158158&menuNo=200009,https://culture.seoul.go.kr/cmmn/file/getImage.do?atchFileId=3826edf9615c42a1a9c3505d076f3e5b&thumb=Y,서울시 문화행사,,,,2026-08-23 01:14:23
[서울시립과학관] 2026 과학관 성인교육 [알약의 비밀],서울시립과학관 3층 교육실,2026-06-09,2026-06-09,교육/체험,노원구,https://culture.seoul.go.kr/culture/culture/cultureEvent/view.do?cultcode=158078&menuNo=200011,https://culture.seoul.go.kr/cmmn/file/getImage.do?atchFileId=cfa350446bf849ffac44f1ba8e7fdc3e&thumb=Y,서울시 문화행사,,,,2026-08-23 01:14:23
[이한열기념관] 6월 민주항쟁 39주년 기념 하반기 특별 전시 《이런 양심수》,이한열기념관 3층 기획전시실,2026-06-08,2026-11-30,전시/미술,마포구,https://culture.seoul.go.kr/culture/culture/cultureEvent/view.do?cultcode=158190&menuNo=200009,https://culture.seoul.go.kr/cmmn/file/getImage.do?atchFileId=685642824c9e4951a4e2cacea373200b&thumb=Y,서울시 문화행사,,,,2026-08-23 01:14:23
[서울기록원] 서울시민의 추억을 재생(再生)합니다Ⅳ [비디오·카세트 테이프 디지털 변환 서비스],서울기록원 1층,2026-06-08,2026-06-26,교육/체험,은평구,https://culture.seoul.go.kr/culture/culture/cultureEvent/view.do?cultcode=158093&menuNo=200011,https://culture.seoul.go.kr/cmmn/file/getImage.do?atchFileId=ca8cf0e38fb94f669fb1d9bf31e91952&thumb=Y,서울시 문화행사,,,,2026-08-23 01:14:23
[서울문화재단] 《PLAY-UP 아카데미》 기초연기수업: 더 존재하기,서울연극창작센터 연습실1,2026-06-08,2026-06-11,교육/체험,성북구,https://culture.seoul.go.kr/culture/culture/cultureEvent/view.do?cultcode=157838&menuNo=200011,https://culture.seoul.go.kr/cmmn/file/getImage.do?atchFileId=2755bd67f94d441f8ffae7b6db39d84a&thumb=Y,서울시 문화행사,,,,2026-08-23 01:14:23
[서울시립과학관] 2026 일상실험실: 실험 체험 프로그램 (6월),서울시립과학관 1층 별관 메이커스튜디오,2026-06-07,2026-06-28,교육/체험,노원구,https://culture.seoul.go.kr/culture/culture/cultureEvent/view.do?cultcode=158075&menuNo=200011,https://culture.seoul.go.kr/cmmn/file/getImage.do?atchFileId=12cabb9b409b4f459c438ee33a17d4b3&thumb=Y,서울시 문화행사,,,,2026-08-23 01:14:23
[김근태기념도서관] BOOK전시 연계·AI 콘텐츠 제작 교육 [내 손으로 만드는 민주주의 가치],"김근태기념도서관 공간, 마루(2층 다목적 강당)",2026-06-07,2026-06-28,교육/체험,도봉구,https://culture.seoul.go.kr/culture/culture/cultureEvent/view.do?cultcode=158034&menuNo=200011,https://culture.seoul.go.kr/cmmn/file/getImage.do?atchFileId=850178ea513a48e2bc20fc3d959479e5&thumb=Y,서울시 문화행사,,,,2026-08-23 01:14:23
[서울돈화문국악당] 2026 돈화문 전통생활문화축제,서울돈화문국악당,2026-06-07,2026-06-07,축제-문화/예술,종로구,https://culture.seoul.go.kr/culture/culture/cultureEvent/view.do?cultcode=157941&menuNo=200010,https://culture.seoul.go.kr/cmmn/file/getImage.do?atchFileId=f74b110a6f72439d87c9966c3493d807&thumb=Y,서울시 문화행사,,0.009687,34,2026-08-23 01:14:23
[구립증산도서관] 2026년 환경교육주간 프로그램 [책 자르는 시간! : 폐기 도서 활용 리사이클링 북 만들기],지하문화강좌실,2026-06-07,2026-06-07,교육/체험,은평구,https://culture.seoul.go.kr/culture/culture/cultureEvent/view.do?cultcode=158131&menuNo=200011,https://culture.seoul.go.kr/cmmn/file/getImage.do?atchFileId=2dd0f2d2e1cd477b8c5b616102747940&thumb=Y,서울시 문화행사,,,,2026-08-23 01:14:23
안은선 피아노 독주회 ,예술의전당 인춘아트홀,2026-06-07,2026-06-07,클래식,서초구,https://culture.seoul.go.kr/culture/culture/cultureEvent/view.do?cultcode=157872&menuNo=200008,https://culture.seoul.go.kr/cmmn/file/getImage.do?atchFileId=9ce8a85d92284520a5b60224ff1594f2&thumb=Y,서울시 문화행사,,0.002693,21,2026-08-23 01:14:23
바리톤 김상진 독창회,국제아트홀,2026-06-07,2026-06-07,독주/독창회,강남구,https://culture.seoul.go.kr/culture/culture/cultureEvent/view.do?cultcode=157902&menuNo=200008,https://culture.seoul.go.kr/cmmn/file/getImage.do?atchFileId=29bcf407d6aa4f7a8b022c3397f63ac0&thumb=Y,서울시 문화행사,,0.009724,34,2026-08-23 01:14:23
앙상블 결의 함께하는 음악회 I : 세계의 계절,라율아트홀,2026-06-07,2026-06-07,클래식,서초구,https://culture.seoul.go.kr/culture/culture/cultureEvent/view.do?cultcode=157923&menuNo=200008,https://culture.seoul.go.kr/cmmn/file/getImage.do?atchFileId=f0258d6527f64e3b8b3e9f7ce620abc7&thumb=Y,서울시 문화행사,,0.012015,36,2026-08-23 01:14:23
[성북문화재단] 제 18회 성북세계음식축제 누리마실 [지구맛대로],성북로 일대,2026-06-07,2026-06-07,축제-시민화합,성북구,https://culture.seoul.go.kr/culture/culture/cultureEvent/view.do?cultcode=157940&menuNo=200010,https://culture.seoul.go.kr/cmmn/file/getImage.do?atchFileId=59496eb5cb4b4b96905651bf32464494&thumb=Y,서울시 문화행사,,,,2026-08-23 01:14:23
[중구문화재단] 내셔널지오그래픽 특별기획 : OCEAN 가장 거대한 기록,충무아트센터 갤러리,2026-06-06,2026-10-11,전시/미술,중구,https://culture.seoul.go.kr/culture/culture/cultureEvent/view.do?cultcode=157841&menuNo=200009,https://culture.seoul.go.kr/cmmn/file/getImage.do?atchFileId=03d8ae598cbe4c548e6f0947c3e5ded6&thumb=Y,서울시 문화행사,,0.026994,44,2026-08-23 01:14:23
[서소문성지 역사박물관] 2026 한불수교 140주년 기념 특별기획전 《THE FACE: 마주하다》,서소문성지 역사박물관 기획전시실,2026-06-06,2026-09-06,전시/미술,중구,https://culture.seoul.go.kr/culture/culture/cultureEvent/view.do?cultcode=158111&menuNo=200009,https://culture.seoul.go.kr/cmmn/file/getImage.do?atchFileId=b088a2139ba64629ad5a9ce6a4b2a254&thumb=Y,서울시 문화행사,,,,2026-08-23 01:14:23
[AI예술교육] 수상한 산책 클럽: 에-움-길 우회로 404,파프리스튜디오(남산야외식물원에서 도보 3분),2026-06-06,2026-07-04,교육/체험,용산구,https://culture.seoul.go.kr/culture/culture/cultureEvent/view.do?cultcode=158018&menuNo=200011,https://culture.seoul.go.kr/cmmn/file/getImage.do?atchFileId=ff3016ba24a94db082963e7ddab2052e&thumb=Y,서울시 문화행사,,,,2026-08-23 01:14:23
[미래한강본부] 한강플플 오픈 마이크 x 구석구석 라이브,한강플플 1층 리버뷰라운지,2026-06-06,2026-06-28,콘서트,광진구,https://culture.seoul.go.kr/culture/culture/cultureEvent/view.do?cultcode=158222&menuNo=200008,https://culture.seoul.go.kr/cmmn/file/getImage.do?atchFileId=61254fc01da5477b9030bdc0d4075a5f&thumb=Y,서울시 문화행사,,,,2026-08-23 01:14:23
한강플플 언더더브릿지 시네마_6월,뚝섬 한강플플 3층,2026-06-06,2026-06-27,영화,광진구,https://culture.seoul.go.kr/culture/culture/cultureEvent/view.do?cultcode=158334&menuNo=200013,https://culture.seoul.go.kr/cmmn/file/getImage.do?atchFileId=01dd510cfb564ef0be44b1f38fb85b8b&thumb=Y,서울시 문화행사,,,,2026-08-23 01:14:23
[DDP] Hermes [MYSTERY AT THE GROOMS'],DDP 아트홀 1관,2026-06-06,2026-06-16,전시/미술,중구,https://culture.seoul.go.kr/culture/culture/cultureEvent/view.do?cultcode=158145&menuNo=200009,https://culture.seoul.go.kr/cmmn/file/getImage.do?atchFileId=567dba2418c848f29374d2bd9ddeeeb4&thumb=Y,서울시 문화행사,,0.002303,20,2026-08-23 01:14:23
[서울시농수산식품공사] 제2회 가락몰 야외음악회 [제2회 가락테이블 콘서트],가락몰 3층 하늘공원,2026-06-06,2026-06-14,콘서트,송파구,https://culture.seoul.go.kr/culture/culture/cultureEvent/view.do?cultcode=157633&menuNo=200008,https://culture.seoul.go.kr/cmmn/file/getImage.do?atchFileId=03be040f2a384c58bad67896064f7276&thumb=Y,서울시 문화행사,,,,2026-08-23 01:14:23
신은주 개인전 [여행가방 속 3년],에케이다 (서울시 중구 퇴계로 39길 12-7),2026-06-06,2026-06-13,전시/미술,중구,https://culture.seoul.go.kr/culture/culture/cultureEvent/view.do?cultcode=158163&menuNo=200009,https://culture.seoul.go.kr/cmmn/file/getImage.do?atchFileId=8e025d4894444a0bb8b08853dc438f01&thumb=Y,서울시 문화행사,,,,2026-08-23 01:14:23
2026 서울시민예술학교 양천 봄시즌 6월 현충일 특별 프로그램 [다시 만나는 소리],서울문화예술교육센터 양천 야외수조 공간,2026-06-06,2026-06-06,국악,양천구,https://culture.seoul.go.kr/culture/culture/cultureEvent/view.do?cultcode=158054&menuNo=200008,https://culture.seoul.go.kr/cmmn/file/getImage.do?atchFileId=781f390413874b9aac836737f026315c&thumb=Y,서울시 문화행사,,,,2026-08-23 01:14:23
"[서울갤러리] 유월의 설렘, 유얼 스테이지 [마술 퍼포먼스 마술사 남우석]",서울갤러리 지하 1층 공연장,2026-06-06,2026-06-06,기타,중구,https://culture.seoul.go.kr/culture/culture/cultureEvent/view.do?cultcode=158046&menuNo=200013,https://culture.seoul.go.kr/cmmn/file/getImage.do?atchFileId=b3c9152881f24d41be2b537f3c1bda37&thumb=Y,서울시 문화행사,,,,2026-08-23 01:14:23
[서울백제어린이박물관] 2026년 한성백제박물관 어린이 문화행사 [어린이 박물관 축제 한마당],서울백제어린이박물관,2026-06-06,2026-06-06,축제-문화/예술,송파구,https://culture.seoul.go.kr/culture/culture/cultureEvent/view.do?cultcode=157919&menuNo=200010,https://culture.seoul.go.kr/cmmn/file/getImage.do?atchFileId=2c6fc1f1b8b34dc88e0d7d6098b45aef&thumb=Y,서울시 문화행사,,0.047589,49,2026-08-23 01:14:23
"[힙독클럽 X 서울아트책보고] 야구에 진심인 소설가들의 북토크쇼: 혹시, 야구 좋아하세요?",서울아트책보고 열린 무대,2026-06-06,2026-06-06,교육/체험,구로구,https://culture.seoul.go.kr/culture/culture/cultureEvent/view.do?cultcode=158020&menuNo=200011,https://culture.seoul.go.kr/cmmn/file/getImage.do?atchFileId=773e156f080d4ee69cce97cd2e73d9f7&thumb=Y,서울시 문화행사,,,,2026-08-23 01:14:23
[서울남산국악당] 2026 남산 국악위크 [Vocal Space '조각눈'],서울남산국악당 크라운해태홀,2026-06-06,2026-06-06,국악,중구,https://culture.seoul.go.kr/culture/culture/cultureEvent/view.do?cultcode=157939&menuNo=200008,https://culture.seoul.go.kr/cmmn/file/getImage.do?atchFileId=7d396ecdae38486dbb83c52e6270a6e9&thumb=Y,서울시 문화행사,,0.000498,5,2026-08-23 01:14:23
[서울무형유산교육전시장] 2026년 2차 일반교육(12주) 모집 안내,서울무형유산 교육전시장,2026-06-05,2026-08-29,교육/체험,종로구,https://culture.seoul.go.kr/culture/culture/cultureEvent/view.do?cultcode=157774&menuNo=200011,https://culture.seoul.go.kr/cmmn/file/getImage.do?atchFileId=75b8ae86399341c9b7b6814ea67ad550&thumb=Y,서울시 문화행사,,0.005989,29,2026-08-23 01:14:23
[문화살롱 5120] LH 행복 인스톨레이션,문화살롱 5120,2026-06-05,2026-07-11,전시/미술,노원구,https://culture.seoul.go.kr/culture/culture/cultureEvent/view.do?cultcode=158120&menuNo=200009,https://culture.seoul.go.kr/cmmn/file/getImage.do?atchFileId=c6a578c3ec7145d2b59fba784fa2bf91&thumb=Y,서울시 문화행사,,0.000311,0,2026-08-23 01:14:23
[DDP] Dream in Light 6월,"DDP 전면, 유구전시장 앞, 미래로 상부",2026-06-05,2026-07-02,전시/미술,중구,https://culture.seoul.go.kr/culture/culture/cultureEvent/view.do?cultcode=158172&menuNo=200009,https://culture.seoul.go.kr/cmmn/file/getImage.do?atchFileId=5b3752bae4a14e7e9a379ce132bf64bd&thumb=Y,서울시 문화행사,,,,2026-08-23 01:14:23
[서울공예박물관] 공예별당 음악감상회: SeMoCA 한옥 리스닝 클럽,서울공예박물관 공예별당,2026-06-05,2026-06-20,교육/체험,종로구,https://culture.seoul.go.kr/culture/culture/cultureEvent/view.do?cultcode=157958&menuNo=200011,https://culture.seoul.go.kr/cmmn/file/getImage.do?atchFileId=2bbf23b8f72d4f52869a2fb80a94667b&thumb=Y,서울시 문화행사,,,,2026-08-23 01:14:23
제3회 쉬엄쉬엄 한강 3종축제,"뚝섬한강공원,잠실한강공원 일대",2026-06-05,2026-06-07,축제-관광/체육,광진구,https://culture.seoul.go.kr/culture/culture/cultureEvent/view.do?cultcode=157429&menuNo=200010,https://culture.seoul.go.kr/cmmn/file/getImage.do?atchFileId=7b1e65c1c99542bb9b42128ef3f0927c&thumb=Y,서울시 문화행사,,,,2026-08-23 01:14:23
신영시장 창립 20주년 기념 한국공항공사와 함께하는 [6.7해피버스데이],신영시장 중앙통로,2026-06-05,2026-06-07,축제-시민화합,양천구,https://culture.seoul.go.kr/culture/culture/cultureEvent/view.do?cultcode=157984&menuNo=200010,https://culture.seoul.go.kr/cmmn/file/getImage.do?atchFileId=d18384e3a2cb40dcb6d01e4993bb77d3&thumb=Y,서울시 문화행사,,,,2026-08-23 01:14:23
[서울돈화문국악당] 2026 돈화문 국악위크 [사이... 소리... 숨...],서울돈화문국악당,2026-06-05,2026-06-06,국악,종로구,https://culture.seoul.go.kr/culture/culture/cultureEvent/view.do?cultcode=157811&menuNo=200008,https://culture.seoul.go.kr/cmmn/file/getImage.do?atchFileId=25d9bc0f7db44eb3b208ed2cf85980b8&thumb=Y,서울시 문화행사,,0.009687,34,2026-08-23 01:14:23
제23회 서울국제환경영화제 개막식,롯데월드몰 8층,2026-06-05,2026-06-05,축제-문화/예술,송파구,https://culture.seoul.go.kr/culture/culture/cultureEvent/view.do?cultcode=157977&menuNo=200010,https://culture.seoul.go.kr/cmmn/file/getImage.do?atchFileId=edee1256e79d43e8aa888ecadac5d968&thumb=Y,서울시 문화행사,,,,2026-08-23 01:14:23
[서울공예박물관] 6월 큐레이터와 함께하는 전시해설 | 《더 하이브리드》,전시1동 3층,2026-06-05,2026-06-05,교육/체험,종로구,https://culture.seoul.go.kr/culture/culture/cultureEvent/view.do?cultcode=157833&menuNo=200011,https://culture.seoul.go.kr/cmmn/file/getImage.do?atchFileId=adbd56c6cbb8456b9028f4cdd560c5ad&thumb=Y,서울시 문화행사,,,,2026-08-23 01:14:23
[서초문화재단] 서리풀청년예술단 [서초M.스타즈] 5기 예술가곡 시리즈2] Les Nuits d’ete 여름밤,반포심산아트홀,2026-06-05,2026-06-05,클래식,서초구,https://culture.seoul.go.kr/culture/culture/cultureEvent/view.do?cultcode=157849&menuNo=200008,https://culture.seoul.go.kr/cmmn/file/getImage.do?atchFileId=cc6fa2e073fe40b096249ce2446de44a&thumb=Y,서울시 문화행사,,0.023396,42,2026-08-23 01:14:23
[서울시립미술관 서소문본관] 2026 서울 문화의 밤 연계 [수어통역 전시 해설],서울시립미술관 서소문본관 2층 가나아트컬렉션 전시실/상설 전시실,2026-06-05,2026-06-05,전시/미술,중구,https://culture.seoul.go.kr/culture/culture/cultureEvent/view.do?cultcode=157960&menuNo=200009,https://culture.seoul.go.kr/cmmn/file/getImage.do?atchFileId=3c7c9e9caee94c60bf471cad4e9adef8&thumb=Y,서울시 문화행사,,,,2026-08-23 01:14:23
[서울시립교향악단] 2026 서울시향 우리동네 음악회-뮤지엄 콘서트,서울공예박물관 공예마당 안마당,2026-06-05,2026-06-05,클래식,종로구,https://culture.seoul.go.kr/culture/culture/cultureEvent/view.do?cultcode=158071&menuNo=200008,https://culture.seoul.go.kr/cmmn/file/getImage.do?atchFileId=7d2a7f34148444a884c4cb21725f1cfb&thumb=Y,서울시 문화행사,,,,2026-08-23 01:14:23
[서울 문화의 밤] 6월 작가힙톡(Hip-Talk) - 오늘도 괜찮은 척 버티는 마음에게 (유정은),서울도서관 1층 생각마루,2026-06-05,2026-06-05,교육/체험,중구,https://culture.seoul.go.kr/culture/culture/cultureEvent/view.do?cultcode=158065&menuNo=200011,https://culture.seoul.go.kr/cmmn/file/getImage.do?atchFileId=737c5a639e914f26b52722b6ad93c161&thumb=Y,서울시 문화행사,,,,2026-08-23 01:14:23
[문화로 야금야금] 운현궁 특별공연 [핸드팬 콘서트],운현궁 內 이로,2026-06-05,2026-06-05,콘서트,종로구,https://culture.seoul.go.kr/culture/culture/cultureEvent/view.do?cultcode=158061&menuNo=200008,https://culture.seoul.go.kr/cmmn/file/getImage.do?atchFileId=e73037ef15cc46bd92b9cb6677dd86a3&thumb=Y,서울시 문화행사,,,,2026-08-23 01:14:23
2026년 야간 공연 관람권_[청춘판타지],극장 동국,2026-06-05,2026-06-05,연극,종로구,https://culture.seoul.go.kr/culture/culture/cultureEvent/view.do?cultcode=157975&menuNo=200008,https://culture.seoul.go.kr/cmmn/file/getImage.do?atchFileId=3b973198614f475fb58dd828dc0b0c82&thumb=Y,서울시 문화행사,,0.008019,32,2026-08-23 01:14:23
[라율 영재&영아티스트] 안우빈 첼로 독주회,19:30,2026-06-05,2026-06-05,독주/독창회,서초구,https://culture.seoul.go.kr/culture/culture/cultureEvent/view.do?cultcode=157924&menuNo=200008,https://culture.seoul.go.kr/cmmn/file/getImage.do?atchFileId=de4c133f0acb4abe9abe36e1c71c4d2a&thumb=Y,서울시 문화행사,,,,2026-08-23 01:14:23
2026년 야간 공연 관람권_[하붑],나온씨어터,2026-06-05,2026-06-05,연극,종로구,https://culture.seoul.go.kr/culture/culture/cultureEvent/view.do?cultcode=157976&menuNo=200008,https://culture.seoul.go.kr/cmmn/file/getImage.do?atchFileId=686840dd815c4d8597b2db11e44a852c&thumb=Y,서울시 문화행사,,0.008915,33,2026-08-23 01:14:23
Violinist 박정현 & Harpist 이진 듀오 리사이틀,세종체임버홀,2026-06-05,2026-06-05,클래식,종로구,https://culture.seoul.go.kr/culture/culture/cultureEvent/view.do?cultcode=157752&menuNo=200008,https://culture.seoul.go.kr/cmmn/file/getImage.do?atchFileId=fb4c99b5d8a648efacc93077dde066a5&thumb=Y,서울시 문화행사,,0.012949,36,2026-08-23 01:14:23
팔색찬란 - K로 가득한 지역,청와대 사랑채 1층,2026-06-04,2026-12-31,전시/미술,종로구,https://culture.seoul.go.kr/culture/culture/cultureEvent/view.do?cultcode=158419&menuNo=200009,https://culture.seoul.go.kr/cmmn/file/getImage.do?atchFileId=ed98d4bdc198459f97fac9b0b43477ea&thumb=Y,서울시 문화행사,,,,2026-08-23 01:14:23
[마포문화재단] 제11회 마포 M 클래식 축제,"마포아트센터 아트홀맥, 플레이맥",2026-06-04,2026-12-23,축제-문화/예술,마포구,https://culture.seoul.go.kr/culture/culture/cultureEvent/view.do?cultcode=158568&menuNo=200010,https://culture.seoul.go.kr/cmmn/file/getImage.do?atchFileId=9cea0757d5c74a81a43ecbbcb5c29b33&thumb=Y,서울시 문화행사,,,,2026-08-23 01:14:23
[강동문화재단] 쥬세뻬 비탈레 [동물의 세계: 몬도 아니말레],강동아트센터 아트랑 1층~3층,2026-06-04,2026-08-23,전시/미술,강동구,https://culture.seoul.go.kr/culture/culture/cultureEvent/view.do?cultcode=157911&menuNo=200009,https://culture.seoul.go.kr/cmmn/file/getImage.do?atchFileId=3474ac29ece741f89ccba60d785609e1&thumb=Y,서울시 문화행사,,,,2026-08-23 01:14:23
[마포구립서강도서관] 6월/어린이메이킹 [해봄아 노올자!] 해봄맘껏Time,마포구립서강도서관 4층 어린이자료실 해봄,2026-06-04,2026-06-27,교육/체험,마포구,https://culture.seoul.go.kr/culture/culture/cultureEvent/view.do?cultcode=157950&menuNo=200011,https://culture.seoul.go.kr/cmmn/file/getImage.do?atchFileId=c974c7d95a4b47febe8bf72b8c1cd1d9&thumb=Y,서울시 문화행사,,,,2026-08-23 01:14:23
[구로구립개봉도서관] 2026년 특성화 프로그램 [찾아가는 금융교실],구로구공익활동지원센터 소회의실(잇다),2026-06-04,2026-06-25,교육/체험,구로구,https://culture.seoul.go.kr/culture/culture/cultureEvent/view.do?cultcode=157986&menuNo=200011,https://culture.seoul.go.kr/cmmn/file/getImage.do?atchFileId=aa0d3d92291443ac986538e272d4091d&thumb=Y,서울시 문화행사,,,,2026-08-23 01:14:23
[마포구립서강도서관] 6월/읽는 인간_호모 부커스 II. [유발 하라리의 『넥서스』 읽기],서강도서관 3층 세미나실,2026-06-04,2026-06-25,교육/체험,마포구,https://culture.seoul.go.kr/culture/culture/cultureEvent/view.do?cultcode=157712&menuNo=200011,https://culture.seoul.go.kr/cmmn/file/getImage.do?atchFileId=d236efbbe9cb4842ac9d198b4780f874&thumb=Y,서울시 문화행사,,,,2026-08-23 01:14:23
국회 개방 정오의 콘서트 [6월 국회 버스킹],국회의사당 잔미마당,2026-06-04,2026-06-18,클래식,영등포구,https://culture.seoul.go.kr/culture/culture/cultureEvent/view.do?cultcode=158029&menuNo=200008,https://culture.seoul.go.kr/cmmn/file/getImage.do?atchFileId=6fc33e95a3c74503b27dd66048966ba8&thumb=Y,서울시 문화행사,,,,2026-08-23 01:14:23
"[케이움갤러리] 남겨진 얼굴, 번지는 풍경 (박종호, 이윤경 2인전)",케이움갤러리 B1/2F,2026-06-04,2026-06-18,전시/미술,송파구,https://culture.seoul.go.kr/culture/culture/cultureEvent/view.do?cultcode=158035&menuNo=200009,https://culture.seoul.go.kr/cmmn/file/getImage.do?atchFileId=9e78c6ac394b4fd9a60897fd7495035f&thumb=Y,서울시 문화행사,,,,2026-08-23 01:14:23
[강서구] 2026년 강서 문화동행 버스킹 [STAGE IN MAGOK],"마곡문화거리(마곡동797-13) 일원, 발산역 1번 출구 앞 광장",2026-06-04,2026-06-13,축제-문화/예술,강서구,https://culture.seoul.go.kr/culture/culture/cultureEvent/view.do?cultcode=157999&menuNo=200010,https://culture.seoul.go.kr/cmmn/file/getImage.do?atchFileId=944394b46ce84d37bd8aafdf1e884769&thumb=Y,서울시 문화행사,,,,2026-08-23 01:14:23
[구산동도서관마을] 그건 쓰레기가 아니라고요 [홍수열 저자와의 만남 : 환경교육주간],구산동도서관마을 3층 힐링캠프,2026-06-04,2026-06-04,교육/체험,은평구,https://culture.seoul.go.kr/culture/culture/cultureEvent/view.do?cultcode=158004&menuNo=200011,https://culture.seoul.go.kr/cmmn/file/getImage.do?atchFileId=ade86a45bf2d437a8cf2df1d9a5e51a2&thumb=Y,서울시 문화행사,,,,2026-08-23 01:14:23
[마포문화재단]  2026 M 아티스트 [선율 피아노 리사이틀Ⅰ],마포아트센터 아트홀맥,2026-06-04,2026-06-04,클래식,마포구,https://culture.seoul.go.kr/culture/culture/cultureEvent/view.do?cultcode=157451&menuNo=200008,https://culture.seoul.go.kr/cmmn/file/getImage.do?atchFileId=d6f837f3994446a4aff0c7403e54e90e&thumb=Y,서울시 문화행사,,0.055695,51,2026-08-23 01:14:23
"[서울외국인주민센터] 창신동, 네팔타운 지역탐방",창신동 일대,2026-06-04,2026-06-04,교육/체험,종로구,https://culture.seoul.go.kr/culture/culture/cultureEvent/view.do?cultcode=157908&menuNo=200011,https://culture.seoul.go.kr/cmmn/file/getImage.do?atchFileId=0a8de504cc7c4912a759bff598ca9711&thumb=Y,서울시 문화행사,,,,2026-08-23 01:14:23
[서초문화재단 x 이탈리아문화원] 공동기획 시리즈 1 낭만주의와 현대음악 사이 [시간 속의 대화],반포심산아트홀,2026-06-04,2026-06-04,클래식,서초구,https://culture.seoul.go.kr/culture/culture/cultureEvent/view.do?cultcode=157850&menuNo=200008,https://culture.seoul.go.kr/cmmn/file/getImage.do?atchFileId=5e394cf75192487dbf38b85d4a705258&thumb=Y,서울시 문화행사,,0.023396,42,2026-08-23 01:14:23
"[덕수궁] 한국-프랑스 수교 140주년 기념 특별전 [반화, 상서로운 마음]", 덕수궁 돈덕전,2026-06-03,2026-08-30,전시/미술,중구,https://culture.seoul.go.kr/culture/culture/cultureEvent/view.do?cultcode=158161&menuNo=200009,https://culture.seoul.go.kr/cmmn/file/getImage.do?atchFileId=f9b616e1fc31441581086164556e078a&thumb=Y,서울시 문화행사,,0.030817,45,2026-08-23 01:14:23
"Centrifugation 이후, 조형공장에서 계속되는 난파선 만들기와 Melting Point Study에서 우리는 내가 아니다",옥상팩토리,2026-06-03,2026-06-21,전시/미술,송파구,https://culture.seoul.go.kr/culture/culture/cultureEvent/view.do?cultcode=158106&menuNo=200009,https://culture.seoul.go.kr/cmmn/file/getImage.do?atchFileId=b9e44ca656c94a6c93b1a133fe184957&thumb=Y,서울시 문화행사,,,,2026-08-23 01:14:23
스페이스 깨 [세 칸의 방],스페이스 깨 1층,2026-06-03,2026-06-14,전시/미술,종로구,https://culture.seoul.go.kr/culture/culture/cultureEvent/view.do?cultcode=158184&menuNo=200009,https://culture.seoul.go.kr/cmmn/file/getImage.do?atchFileId=bbecbd92d4c24f5b9509ac21918eeb4a&thumb=Y,서울시 문화행사,,,,2026-08-23 01:14:23
[미림아트갤러리] 3 Artists Group Exhibition [TIME],미림아트 3층 미림아트갤러리,2026-06-03,2026-06-09,전시/미술,종로구,https://culture.seoul.go.kr/culture/culture/cultureEvent/view.do?cultcode=158105&menuNo=200009,https://culture.seoul.go.kr/cmmn/file/getImage.do?atchFileId=a3e83c3b64cc49bdaee30e979ebd8353&thumb=Y,서울시 문화행사,,,,2026-08-23 01:14:23
[마포문화재단] 연극 [미미의 미미한 연애],마포아트센터 플레이맥,2026-06-03,2026-06-07,연극,마포구,https://culture.seoul.go.kr/culture/culture/cultureEvent/view.do?cultcode=157450&menuNo=200008,https://culture.seoul.go.kr/cmmn/file/getImage.do?atchFileId=a34b846f1ca64ef6b3cf7ba6c744abd9&thumb=Y,서울시 문화행사,,0.001089,12,2026-08-23 01:14:23
"[서울갤러리] 유월의 설렘, 유얼 스테이지 [재즈 어쿠스틱 듀오 온비나밴드]",서울갤러리 지하 1층 공연장,2026-06-03,2026-06-03,콘서트,중구,https://culture.seoul.go.kr/culture/culture/cultureEvent/view.do?cultcode=158045&menuNo=200008,https://culture.seoul.go.kr/cmmn/file/getImage.do?atchFileId=7b37d98e3fec4808a6552914e576bef7&thumb=Y,서울시 문화행사,,,,2026-08-23 01:14:23
구민희 피아노 독주회,세종체임버홀,2026-06-03,2026-06-03,독주/독창회,종로구,https://culture.seoul.go.kr/culture/culture/cultureEvent/view.do?cultcode=157753&menuNo=200008,https://culture.seoul.go.kr/cmmn/file/getImage.do?atchFileId=f9998f21fca24adaa44891d6c94a4f27&thumb=Y,서울시 문화행사,,0.012949,36,2026-08-23 01:14:23
"[한성백제박물관] 2026 한성백제박물관 기증자료 특별전시회 [기록 & 역사Ⅰ: 백제 역사의 실마리, 한원(翰苑)]",한성백제박물관 기획전시실,2026-06-02,2026-08-30,전시/미술,송파구,https://culture.seoul.go.kr/culture/culture/cultureEvent/view.do?cultcode=158171&menuNo=200009,https://culture.seoul.go.kr/cmmn/file/getImage.do?atchFileId=40e3dcdb086446b6bd6c155d1f30eb4a&thumb=Y,서울시 문화행사,,,,2026-08-23 01:14:23
제26회 재능동화구연대회,JCC아트센터 콘서트홀,2026-06-02,2026-07-31,기타,종로구,https://culture.seoul.go.kr/culture/culture/cultureEvent/view.do?cultcode=158600&menuNo=200013,https://culture.seoul.go.kr/cmmn/file/getImage.do?atchFileId=63fb16c97ce34caa98affb49f8be23de&thumb=Y,서울시 문화행사,,0.001401,15,2026-08-23 01:14:23
[중랑문화재단] 봉화산 옹기문화마당 6월~7월 체험프로그램,봉화산 옹기문화마당(중랑구 신내로21길 115-1),2026-06-02,2026-07-28,교육/체험,중랑구,https://culture.seoul.go.kr/culture/culture/cultureEvent/view.do?cultcode=158264&menuNo=200011,https://culture.seoul.go.kr/cmmn/file/getImage.do?atchFileId=4225db043f314540ae2aa0058a7aeedc&thumb=Y,서울시 문화행사,,,,2026-08-23 01:14:23
[중랑문화재단] 2026 창의융합 유아동 예술프로그램 [말랑말랑 중랑] 6월,중랑아트센터 프로그램실,2026-06-02,2026-06-27,교육/체험,중랑구,https://culture.seoul.go.kr/culture/culture/cultureEvent/view.do?cultcode=157914&menuNo=200011,https://culture.seoul.go.kr/cmmn/file/getImage.do?atchFileId=70b0ee012a8b4978ab8ddf57e6dce17f&thumb=Y,서울시 문화행사,,,,2026-08-23 01:14:23
"[서울문화예술교육센터 강북] 워크숍 'play, play' [내가 그리는 정가]",서울문화예술교육센터 강북 4층 대강의실,2026-06-02,2026-06-23,교육/체험,강북구,https://culture.seoul.go.kr/culture/culture/cultureEvent/view.do?cultcode=158055&menuNo=200011,https://culture.seoul.go.kr/cmmn/file/getImage.do?atchFileId=0638c85a3bcd427cba550fb2762ede7d&thumb=Y,서울시 문화행사,,,,2026-08-23 01:14:23
"[청계천박물관] 6월 개방형교육 [우리들의 친구, 청계천박물관]",청계천박물관 지하1층 교육실,2026-06-02,2026-06-23,교육/체험,성동구,https://culture.seoul.go.kr/culture/culture/cultureEvent/view.do?cultcode=157938&menuNo=200011,https://culture.seoul.go.kr/cmmn/file/getImage.do?atchFileId=6304dfc9aa7a4105aedd6f097165c2fd&thumb=Y,서울시 문화행사,,,,2026-08-23 01:14:23
"[서울시립과학관] 2026 과학관 성인교육 [맥주를 맛보다, 발효를 배우다!]",서울시립과학관,2026-06-02,2026-06-16,교육/체험,노원구,https://culture.seoul.go.kr/culture/culture/cultureEvent/view.do?cultcode=158077&menuNo=200011,https://culture.seoul.go.kr/cmmn/file/getImage.do?atchFileId=481d0161951b4d06a821810537998914&thumb=Y,서울시 문화행사,,0.284088,67,2026-08-23 01:14:23
이연정 개인전: Much Loved,크리스프 웨지,2026-06-02,2026-06-14,전시/미술,마포구,https://culture.seoul.go.kr/culture/culture/cultureEvent/view.do?cultcode=158031&menuNo=200009,https://culture.seoul.go.kr/cmmn/file/getImage.do?atchFileId=1a6f45b951694e30bcc7868b24ad191a&thumb=Y,서울시 문화행사,,,,2026-08-23 01:14:23
DDP 협력전시 아우라닷: 더 스마트주얼리 앤 워치 AI 휴먼전,DDP 갤러리문,2026-06-02,2026-06-10,전시/미술,중구,https://culture.seoul.go.kr/culture/culture/cultureEvent/view.do?cultcode=158173&menuNo=200009,https://culture.seoul.go.kr/cmmn/file/getImage.do?atchFileId=2684eeb761404348a1a68cbf27fb2ad1&thumb=Y,서울시 문화행사,,,,2026-08-23 01:14:23
[운현궁] 기획전시 [옻칠 애완 기물 - 나전으로 전하는 안부],운현궁 기획전시실,2026-06-02,2026-06-07,전시/미술,종로구,https://culture.seoul.go.kr/culture/culture/cultureEvent/view.do?cultcode=158079&menuNo=200009,https://culture.seoul.go.kr/cmmn/file/getImage.do?atchFileId=3558fab749e34904b8eac458f692b327&thumb=Y,서울시 문화행사,,,,2026-08-23 01:14:23
배화 ESG 그린페스타 포럼 1회차 [내 주변 물건의 탄소발자국 계산하기],배화여자대학교 일대,2026-06-02,2026-06-02,교육/체험,종로구,https://culture.seoul.go.kr/culture/culture/cultureEvent/view.do?cultcode=158073&menuNo=200011,https://culture.seoul.go.kr/cmmn/file/getImage.do?atchFileId=ae463bf9692c4a168178e52b07d505a4&thumb=Y,서울시 문화행사,,,,2026-08-23 01:14:23
김진환 비올라 독주회 : 존재의 교향곡,금호아트홀 연세,2026-06-02,2026-06-02,클래식,서대문구,https://culture.seoul.go.kr/culture/culture/cultureEvent/view.do?cultcode=157299&menuNo=200008,https://culture.seoul.go.kr/cmmn/file/getImage.do?atchFileId=368e8a9bbce34800be0200fd97d8eb8a&thumb=Y,서울시 문화행사,,0.043791,48,2026-08-23 01:14:23
이노우에 리에 [하얀 벽],갤러리 메일란,2026-06-01,2026-06-30,전시/미술,종로구,https://culture.seoul.go.kr/culture/culture/cultureEvent/view.do?cultcode=158383&menuNo=200009,https://culture.seoul.go.kr/cmmn/file/getImage.do?atchFileId=e507d8d7896a496f8b1dfb3f7bc9c673&thumb=Y,서울시 문화행사,,0.000374,2,2026-08-23 01:14:23
[광대생각] 2026 유아문화예술교육 [나를 데려다줘!] 참여 유아교육기관 모집,1회차  유아교육기관(유치원/어린이집) / 2~4회차 성북문화예술교육센터,2026-06-01,2026-06-30,교육/체험,강북구,https://culture.seoul.go.kr/culture/culture/cultureEvent/view.do?cultcode=157657&menuNo=200011,https://culture.seoul.go.kr/cmmn/file/getImage.do?atchFileId=43af3aba047a47359aa00e81f103a36a&thumb=Y,서울시 문화행사,,,,2026-08-23 01:14:23
[마포구립서강도서관] 6월/행사 [6월 문화프로그램 안내],마포구립서강도서관,2026-06-01,2026-06-30,교육/체험,마포구,https://culture.seoul.go.kr/culture/culture/cultureEvent/view.do?cultcode=158095&menuNo=200011,https://culture.seoul.go.kr/cmmn/file/getImage.do?atchFileId=a16d569b9ec74940957a20a5426d59e3&thumb=Y,서울시 문화행사,,0.013559,37,2026-08-23 01:14:23
"[구립증산도서관] 가족열람실 6월 북큐레이션 [같이 하자, 실천]",3층 가족열람실,2026-06-01,2026-06-30,교육/체험,은평구,https://culture.seoul.go.kr/culture/culture/cultureEvent/view.do?cultcode=158136&menuNo=200011,https://culture.seoul.go.kr/cmmn/file/getImage.do?atchFileId=1794ce6a3e784cfb84b4589eb7100c03&thumb=Y,서울시 문화행사,,,,2026-08-23 01:14:23
[마포구립서강도서관] 6월/팟캐스트 서강도서관 피셜 68회 [해파리 만개],팟빵(온라인),2026-06-01,2026-06-30,기타,마포구,https://culture.seoul.go.kr/culture/culture/cultureEvent/view.do?cultcode=158104&menuNo=200013,https://culture.seoul.go.kr/cmmn/file/getImage.do?atchFileId=14dc4d753150449b850ef3aab1128fd1&thumb=Y,서울시 문화행사,,,,2026-08-23 01:14:23
[구립증산도서관] 북인사이트 2026년 6월 : 탄소중립,2층 종합자료실,2026-06-01,2026-06-30,전시/미술,은평구,https://culture.seoul.go.kr/culture/culture/cultureEvent/view.do?cultcode=158137&menuNo=200009,https://culture.seoul.go.kr/cmmn/file/getImage.do?atchFileId=f10f7b00ee204b7f9ae251230efba498&thumb=Y,서울시 문화행사,,,,2026-08-23 01:14:23
[송파 청년아티스트센터] 예술가와 함께하는 풍납 탐구 생활 6월 프로그램,송파 청년아티스트센터 1층,2026-06-01,2026-06-30,교육/체험,송파구,https://culture.seoul.go.kr/culture/culture/cultureEvent/view.do?cultcode=157912&menuNo=200011,https://culture.seoul.go.kr/cmmn/file/getImage.do?atchFileId=da43efd372c544ffb852b4cc7bfd4d6a&thumb=Y,서울시 문화행사,,,,2026-08-23 01:14:23
[구립증산도서관] 테마로 즐기는 도서관 - 6월 테마전시체험전 [아이스크림 걸음],지하 1층 북갤러리 및 3층 가족열람실,2026-06-01,2026-06-24,전시/미술,은평구,https://culture.seoul.go.kr/culture/culture/cultureEvent/view.do?cultcode=158135&menuNo=200009,https://culture.seoul.go.kr/cmmn/file/getImage.do?atchFileId=2ceb5446faf942fb85d492f3e8ca1c48&thumb=Y,서울시 문화행사,,,,2026-08-23 01:14:23
[구립증산도서관] 호국보훈의 달 기념 [빙글빙글 나라사랑 바람개비],"구립증산도서관 3층 가족열람실, 어린이열람실",2026-06-01,2026-06-24,교육/체험,은평구,https://culture.seoul.go.kr/culture/culture/cultureEvent/view.do?cultcode=158130&menuNo=200011,https://culture.seoul.go.kr/cmmn/file/getImage.do?atchFileId=f80a6ec68aae4973b6341a4c1189a594&thumb=Y,서울시 문화행사,,,,2026-08-23 01:14:23
"[구립증산도서관] 책 따라 걷는 도서관 6월 원화 전시 [용기를 내, 비닐장갑!]",구립증산도서관 1층 로비 / 3층 어린이열람실,2026-06-01,2026-06-23,전시/미술,은평구,https://culture.seoul.go.kr/culture/culture/cultureEvent/view.do?cultcode=158134&menuNo=200009,https://culture.seoul.go.kr/cmmn/file/getImage.do?atchFileId=bb6141430a1b48f68c56772252e3df92&thumb=Y,서울시 문화행사,,,,2026-08-23 01:14:23
이한올 플루트 독주회,세종체임버홀,2026-06-01,2026-06-01,독주/독창회,종로구,https://culture.seoul.go.kr/culture/culture/cultureEvent/view.do?cultcode=157754&menuNo=200008,https://culture.seoul.go.kr/cmmn/file/getImage.do?atchFileId=5478072ffb8e42369243f4627bee3867&thumb=Y,서울시 문화행사,,0.012949,36,2026-08-23 01:14:23
[서울시립과학관] 과학북토크: 달작한 사이언스 (5월) [응! 생물학],서울시립과학관 3층 스타홀,2026-05-31,2026-05-31,교육/체험,노원구,https://culture.seoul.go.kr/culture/culture/cultureEvent/view.do?cultcode=157770&menuNo=200011,https://culture.seoul.go.kr/cmmn/file/getImage.do?atchFileId=866e02616fda4b4dbaa9caeeb0eed9c2&thumb=Y,서울시 문화행사,,,,2026-08-23 01:14:23
[성동구립도서관] 5월 영어스토리텔링 수업,성동구립도서관,2026-05-31,2026-05-31,교육/체험,성동구,https://culture.seoul.go.kr/culture/culture/cultureEvent/view.do?cultcode=157557&menuNo=200011,https://culture.seoul.go.kr/cmmn/file/getImage.do?atchFileId=a1533fe9090f45e5b48f80e7a0c90edc&thumb=Y,서울시 문화행사,,0.325165,68,2026-08-23 01:14:23
[서울도서관] 2026 움직이는 서울형책방 2회 : 여행마을,광화문 라운지 (실내) ※광화문역 9번 출구,2026-05-31,2026-05-31,교육/체험,종로구,https://culture.seoul.go.kr/culture/culture/cultureEvent/view.do?cultcode=157931&menuNo=200011,https://culture.seoul.go.kr/cmmn/file/getImage.do?atchFileId=44b4a5502a4c4237a6f7275d73b053f0&thumb=Y,서울시 문화행사,,,,2026-08-23 01:14:23
[서울아트책보고] 공연 [서가(書架)& String:열람실의 사중주],서울아트책보고 열람실,2026-05-31,2026-05-31,클래식,구로구,https://culture.seoul.go.kr/culture/culture/cultureEvent/view.do?cultcode=158021&menuNo=200008,https://culture.seoul.go.kr/cmmn/file/getImage.do?atchFileId=46745875d7b642178565974da46711bd&thumb=Y,서울시 문화행사,,,,2026-08-23 01:14:23
2026 서울시민예술학교 은평 예술마스터 과정 [감정출구 쇼케이스],서울문화예술교육센터 은평,2026-05-31,2026-05-31,무용,은평구,https://culture.seoul.go.kr/culture/culture/cultureEvent/view.do?cultcode=158010&menuNo=200008,https://culture.seoul.go.kr/cmmn/file/getImage.do?atchFileId=35f5ea9184e347f4b7f37d98e95c7754&thumb=Y,서울시 문화행사,,0.000984,11,2026-08-23 01:14:23
2026 서리풀청년아트갤러리X한우리정보문화센터 협력 전시 [소프트 선샤인],서리풀청년아트갤러리 ,2026-05-30,2026-06-14,전시/미술,서초구,https://culture.seoul.go.kr/culture/culture/cultureEvent/view.do?cultcode=158103&menuNo=200009,https://culture.seoul.go.kr/cmmn/file/getImage.do?atchFileId=29a95c0a346f4692a9eff95f4765e1b4&thumb=Y,서울시 문화행사,,0.000722,8,2026-08-23 01:14:23
2026 서리풀 청년작가 특별전: 작업 진행 중,예술의전당 한가람미술관 제7전시실,2026-05-30,2026-06-14,전시/미술,서초구,https://culture.seoul.go.kr/culture/culture/cultureEvent/view.do?cultcode=157781&menuNo=200009,https://culture.seoul.go.kr/cmmn/file/getImage.do?atchFileId=1ef3464f74f347b0bcc7e5f853a6c625&thumb=Y,서울시 문화행사,,,,2026-08-23 01:14:23
[서울시 어울림플라자] 1박 2일 가족 캠프 [퐁퐁 탐험대],서울시 어울림플라자 연수시설,2026-05-30,2026-05-31,교육/체험,강서구,https://culture.seoul.go.kr/culture/culture/cultureEvent/view.do?cultcode=157847&menuNo=200011,https://culture.seoul.go.kr/cmmn/file/getImage.do?atchFileId=21b9ad494acb4addb05a201dfc6d43c9&thumb=Y,서울시 문화행사,,,,2026-08-23 01:14:23
[서초문화재단] 2026 서리풀 악기거리 [토요 브런치 투어] 5월 모집,서리풀 악기거리 일대 (공연장·카페·공방·악기상점),2026-05-30,2026-05-30,교육/체험,서초구,https://culture.seoul.go.kr/culture/culture/cultureEvent/view.do?cultcode=157858&menuNo=200011,https://culture.seoul.go.kr/cmmn/file/getImage.do?atchFileId=b8711ec416ee434c99f01653c7e802be&thumb=Y,서울시 문화행사,,,,2026-08-23 01:14:23
[서초문화재단] 2026 서리풀 작곡가 탐구 시리즈 [더블베이스의 시작과 여정],반포심산아트홀,2026-05-30,2026-05-30,클래식,서초구,https://culture.seoul.go.kr/culture/culture/cultureEvent/view.do?cultcode=157721&menuNo=200008,https://culture.seoul.go.kr/cmmn/file/getImage.do?atchFileId=83a45cf753e74245ad0d9f121f016a75&thumb=Y,서울시 문화행사,,0.023396,42,2026-08-23 01:14:23
[환경문화국제페스티벌] 2026 난빛축제,월드컵공원 내 서울에너지드림센터 앞 잔디마당,2026-05-30,2026-05-30,축제-문화/예술,마포구,https://culture.seoul.go.kr/culture/culture/cultureEvent/view.do?cultcode=157846&menuNo=200010,https://culture.seoul.go.kr/cmmn/file/getImage.do?atchFileId=b3f3b2adff8140c488174b23747795bd&thumb=Y,서울시 문화행사,,,,2026-08-23 01:14:23
이모셔널 데미지 락페스티벌 2026,서울 KT&G 상상마당 홍대 라이브홀,2026-05-30,2026-05-30,콘서트,마포구,https://culture.seoul.go.kr/culture/culture/cultureEvent/view.do?cultcode=157556&menuNo=200008,https://culture.seoul.go.kr/cmmn/file/getImage.do?atchFileId=254b8a0183ac404cb0883a3e8db33d5c&thumb=Y,서울시 문화행사,,,,2026-08-23 01:14:23
세워진 기억들: 시대의 얼굴이 된 공공미술,아르코 미술관 3층 세미나실 (서울시 종로구 동숭길 3),2026-05-30,2026-05-30,교육/체험,종로구,https://culture.seoul.go.kr/culture/culture/cultureEvent/view.do?cultcode=157982&menuNo=200011,https://culture.seoul.go.kr/cmmn/file/getImage.do?atchFileId=c33c03a4cdf141319e674672dfdfd7df&thumb=Y,서울시 문화행사,,,,2026-08-23 01:14:23
[서울시립미술관 서소문본관] 한국 근대 거장전 《유영국: 산은 내 안에 있다》 전시 연계 특별 학술대회 [추상의 경계 - 유영국 다시 읽기],서울시립미술관 서소문본관 B1 세마홀,2026-05-30,2026-05-30,교육/체험,중구,https://culture.seoul.go.kr/culture/culture/cultureEvent/view.do?cultcode=157764&menuNo=200011,https://culture.seoul.go.kr/cmmn/file/getImage.do?atchFileId=e70fec15e73c4a18a4044cd0ad8a2484&thumb=Y,서울시 문화행사,,,,2026-08-23 01:14:23
"6·10만세운동 100주년 기념 보훈문화제 [다시 울리는 6·10, 그날의 함성을 잇다]",청계광장 및 청계천 일대,2026-05-30,2026-05-30,축제-시민화합,중구,https://culture.seoul.go.kr/culture/culture/cultureEvent/view.do?cultcode=157929&menuNo=200010,https://culture.seoul.go.kr/cmmn/file/getImage.do?atchFileId=7f9f3d5513a94dcab2e4684ad98a9219&thumb=Y,서울시 문화행사,,,,2026-08-23 01:14:23
문예북흥 No.62 - 『딸과 함께한 세계문학 읽기』 를 통해 대중음악평론가 이경준이 딸과 함께한 대화와 성장의 기록,이호철북콘서트홀,2026-05-30,2026-05-30,교육/체험,은평구,https://culture.seoul.go.kr/culture/culture/cultureEvent/view.do?cultcode=157864&menuNo=200011,https://culture.seoul.go.kr/cmmn/file/getImage.do?atchFileId=ba1e9f4896164fad83820c015dbe7db8&thumb=Y,서울시 문화행사,,0.013049,36,2026-08-23 01:14:23
김정림 피아노 독주회,세종체임버홀,2026-05-30,2026-05-30,독주/독창회,은평구,https://culture.seoul.go.kr/culture/culture/cultureEvent/view.do?cultcode=157952&menuNo=200008,https://culture.seoul.go.kr/cmmn/file/getImage.do?atchFileId=3b0db0bd1b2a4ebcbe30730a4b5d6aba&thumb=Y,서울시 문화행사,,0.012949,36,2026-08-23 01:14:23
제7회 이수진 가야금 독주회 [絃의 여행 IV],한국문화의집 kous,2026-05-30,2026-05-30,국악,강남구,https://culture.seoul.go.kr/culture/culture/cultureEvent/view.do?cultcode=157722&menuNo=200008,https://culture.seoul.go.kr/cmmn/file/getImage.do?atchFileId=295d571e18e34860bf1e16ed5e7f9c05&thumb=Y,서울시 문화행사,,0.001089,12,2026-08-23 01:14:23
[구산동도서관마을] 「SF영화 속 우주과학 빼먹기」 루카 저자와의 만남 : 과학적 상상력을 넓히는 시간,구산동도서관마을 3층 힐링캠프,2026-05-30,2026-05-30,교육/체험,은평구,https://culture.seoul.go.kr/culture/culture/cultureEvent/view.do?cultcode=157771&menuNo=200011,https://culture.seoul.go.kr/cmmn/file/getImage.do?atchFileId=1b69a993edef4df6ae0c7e3e827820aa&thumb=Y,서울시 문화행사,,,,2026-08-23 01:14:23
[거마도서관] 상주작가 지금 몇 시? 거마시(詩) : 최필립 작가와의 만남,거마도서관 5층 어린이자료실,2026-05-30,2026-05-30,교육/체험,송파구,https://culture.seoul.go.kr/culture/culture/cultureEvent/view.do?cultcode=157927&menuNo=200011,https://culture.seoul.go.kr/cmmn/file/getImage.do?atchFileId=abfcaf3658264c52bab778e5255e45ad&thumb=Y,서울시 문화행사,,,,2026-08-23 01:14:23
[이마트 투모로우 어린이 환경 축제] 내일을 만드는 오늘,서울함 공원 잔디밭,2026-05-30,2026-05-30,축제-기타,마포구,https://culture.seoul.go.kr/culture/culture/cultureEvent/view.do?cultcode=158041&menuNo=200010,https://culture.seoul.go.kr/cmmn/file/getImage.do?atchFileId=1032fa6b5079422081ff0f1ae09f8c00&thumb=Y,서울시 문화행사,,,,2026-08-23 01:14:23
[성동문화재단] 성동구립도서관 [우리동네 북(BOOK)돋움] 강연 프로그램,성동구립도서관,2026-05-30,2026-05-30,교육/체험,성동구,https://culture.seoul.go.kr/culture/culture/cultureEvent/view.do?cultcode=157724&menuNo=200011,https://culture.seoul.go.kr/cmmn/file/getImage.do?atchFileId=87926bd11c9c4342bf9300845ef09bd6&thumb=Y,서울시 문화행사,,0.325165,68,2026-08-23 01:14:23
[성동문화재단] 성동구립 꿈의 오케스트라 [숲 속 오케스트라 - 성장의 시간],성수동 구두 테마공원,2026-05-30,2026-05-30,클래식,성동구,https://culture.seoul.go.kr/culture/culture/cultureEvent/view.do?cultcode=157825&menuNo=200008,https://culture.seoul.go.kr/cmmn/file/getImage.do?atchFileId=abbbef03ac5f4ffdbd088875477eeb2a&thumb=Y,서울시 문화행사,,0.002515,20,2026-08-23 01:14:23
파르티타 살롱콘서트 : 청출어람,파르티타홀,2026-05-30,2026-05-30,콘서트,서초구,https://culture.seoul.go.kr/culture/culture/cultureEvent/view.do?cultcode=158008&menuNo=200008,https://culture.seoul.go.kr/cmmn/file/getImage.do?atchFileId=14da78dc594e437391dd6030136789a1&thumb=Y,서울시 문화행사,,,,2026-08-23 01:14:23
구지언 개인전 [재로부터],인가희갤러리,2026-05-29,2026-06-27,전시/미술,용산구,https://culture.seoul.go.kr/culture/culture/cultureEvent/view.do?cultcode=158284&menuNo=200009,https://culture.seoul.go.kr/cmmn/file/getImage.do?atchFileId=b6b795687faf41f0b5f28b1d42394dac&thumb=Y,서울시 문화행사,,0.000311,0,2026-08-23 01:14:23
[중랑문화재단X사진잇다] 꿈다락문화예술학교 [틈으로 빚는 목소리],중랑아트센터 시청각실,2026-05-29,2026-06-23,교육/체험,중랑구,https://culture.seoul.go.kr/culture/culture/cultureEvent/view.do?cultcode=158157&menuNo=200011,https://culture.seoul.go.kr/cmmn/file/getImage.do?atchFileId=38899bd6aae445bd8324b21900a43df5&thumb=Y,서울시 문화행사,,,,2026-08-23 01:14:23
[서울문화예술교육센터 강북] 공연 '라이브씨어터' [둥둥주의보],2층 예술당솔샘,2026-05-29,2026-05-30,교육/체험,강북구,https://culture.seoul.go.kr/culture/culture/cultureEvent/view.do?cultcode=157836&menuNo=200011,https://culture.seoul.go.kr/cmmn/file/getImage.do?atchFileId=92cff7df2aca48c88417824b14ad5800&thumb=Y,서울시 문화행사,,,,2026-08-23 01:14:23
"[금천문화재단] 2026 공연장상주단체 영유아 예술체험 프로그램 [동그라미, 세모, 네모]",금천뮤지컬센터,2026-05-29,2026-05-30,교육/체험,금천구,https://culture.seoul.go.kr/culture/culture/cultureEvent/view.do?cultcode=157401&menuNo=200011,https://culture.seoul.go.kr/cmmn/file/getImage.do?atchFileId=75d9a3c97aca464697ea31d1d8795d0b&thumb=Y,서울시 문화행사,,0.003063,22,2026-08-23 01:14:23
[서울책보고] 5월 모여보고,서울책보고(잠실나루역 1번 출구 도보 1분),2026-05-29,2026-05-29,교육/체험,송파구,https://culture.seoul.go.kr/culture/culture/cultureEvent/view.do?cultcode=157932&menuNo=200011,https://culture.seoul.go.kr/cmmn/file/getImage.do?atchFileId=bfe7cc9d83574d3c917b1cd5c2233893&thumb=Y,서울시 문화행사,,,,2026-08-23 01:14:23
[동대문문화재단] 2026 문화예술 기획공연 [와인et멜로디(5월)] Vol.3 남예지,선농단역사문화관 지하3층 문화중정,2026-05-29,2026-05-29,콘서트,동대문구,https://culture.seoul.go.kr/culture/culture/cultureEvent/view.do?cultcode=157887&menuNo=200008,https://culture.seoul.go.kr/cmmn/file/getImage.do?atchFileId=a9fba7bfde774c0a9852324d014318b4&thumb=Y,서울시 문화행사,,,,2026-08-23 01:14:23
[강북문화재단] The Grand Show! 김연자x나태주x조엘라,강북문화예술회관 강북소나무홀,2026-05-29,2026-05-29,콘서트,강북구,https://culture.seoul.go.kr/culture/culture/cultureEvent/view.do?cultcode=157642&menuNo=200008,https://culture.seoul.go.kr/cmmn/file/getImage.do?atchFileId=9b5727f91e7c402b931a9547a50fe2b9&thumb=Y,서울시 문화행사,,0.001818,17,2026-08-23 01:14:23
[운현궁] 2026 별 헤는 밤 운현궁 안내(5월),서울 운현궁,2026-05-29,2026-05-29,교육/체험,종로구,https://culture.seoul.go.kr/culture/culture/cultureEvent/view.do?cultcode=157920&menuNo=200011,https://culture.seoul.go.kr/cmmn/file/getImage.do?atchFileId=ccaf70ad0dff41cdb6851e071f99c8a8&thumb=Y,서울시 문화행사,,0.000374,2,2026-08-23 01:14:23
[서울시립교향악단] 2026 서울시향 마르쿠스 슈텐츠와 바딤 글루즈만 ②,예술의전당 콘서트홀,2026-05-29,2026-05-29,클래식,서초구,https://culture.seoul.go.kr/culture/culture/cultureEvent/view.do?cultcode=157446&menuNo=200008,https://culture.seoul.go.kr/cmmn/file/getImage.do?atchFileId=a8050cd604f84788973ac660a48199fc&thumb=Y,서울시 문화행사,,0.021067,41,2026-08-23 01:14:23
[세종문화회관] 26세종시즌 [Re-프로젝트 형식의 재발견],세종문화회관 세종M씨어터,2026-05-29,2026-05-29,국악,종로구,https://culture.seoul.go.kr/culture/culture/cultureEvent/view.do?cultcode=157681&menuNo=200008,https://culture.seoul.go.kr/cmmn/file/getImage.do?atchFileId=c50b3f53a31d4766b53a9489aaa4d959&thumb=Y,서울시 문화행사,,,,2026-08-23 01:14:23
[강남힐링센터] 힐링 명사와의 특별한 하루 [이향란의 운동습관 특강],강남힐링센터(개포) 그룹힐링실,2026-05-29,2026-05-29,교육/체험,강남구,https://culture.seoul.go.kr/culture/culture/cultureEvent/view.do?cultcode=157697&menuNo=200011,https://culture.seoul.go.kr/cmmn/file/getImage.do?atchFileId=bab479e76786421b92db03a9525342b1&thumb=Y,서울시 문화행사,,,,2026-08-23 01:14:23
소프라노 양소연 귀국 독창회,세종체임버홀,2026-05-29,2026-05-29,독주/독창회,종로구,https://culture.seoul.go.kr/culture/culture/cultureEvent/view.do?cultcode=157954&menuNo=200008,https://culture.seoul.go.kr/cmmn/file/getImage.do?atchFileId=dd21a3fc8a654b82b7a7a677b4b46031&thumb=Y,서울시 문화행사,,0.012949,36,2026-08-23 01:14:23
2026 [서울기록원] 성인 대상 강연프로그램 [기록을 바라보는 여섯 개의 시선],서울기록원,2026-05-28,2026-10-23,교육/체험,은평구,https://culture.seoul.go.kr/culture/culture/cultureEvent/view.do?cultcode=158091&menuNo=200011,https://culture.seoul.go.kr/cmmn/file/getImage.do?atchFileId=b57bc8df452a4ebd89a66f0029b3f270&thumb=Y,서울시 문화행사,,0.032062,45,2026-08-23 01:14:23
[서울시지원/ 전액무료] AI 융합 주얼리 트렌드 MD 및 비주얼 스타일링 실무,종로여성인력개발센터,2026-05-28,2026-09-02,교육/체험,종로구,https://culture.seoul.go.kr/culture/culture/cultureEvent/view.do?cultcode=157367&menuNo=200011,https://culture.seoul.go.kr/cmmn/file/getImage.do?atchFileId=977e4d67fc594426ba04b34e189df4a3&thumb=Y,서울시 문화행사,,0.016448,39,2026-08-23 01:14:23
[보안1942] 우주언 개인전 [말하는 벽 불경한 혀],아트스페이스 보안2,2026-05-28,2026-06-21,전시/미술,종로구,https://culture.seoul.go.kr/culture/culture/cultureEvent/view.do?cultcode=158015&menuNo=200009,https://culture.seoul.go.kr/cmmn/file/getImage.do?atchFileId=ac6e21d911fb4cc9942a1a004d245247&thumb=Y,서울시 문화행사,,,,2026-08-23 01:14:23
[노화랑] 변연미《스스로 그러한 숲》,"노화랑 1, 2층 전시장",2026-05-28,2026-06-18,전시/미술,종로구,https://culture.seoul.go.kr/culture/culture/cultureEvent/view.do?cultcode=157953&menuNo=200009,https://culture.seoul.go.kr/cmmn/file/getImage.do?atchFileId=8ad1de2c072848c89eb6999bd2a7403f&thumb=Y,서울시 문화행사,,,,2026-08-23 01:14:23
2026 서울문화재단 예술창작활동지원 선정프로젝트 [또 여기인가],연우소극장,2026-05-28,2026-06-07,연극,종로구,https://culture.seoul.go.kr/culture/culture/cultureEvent/view.do?cultcode=157918&menuNo=200008,https://culture.seoul.go.kr/cmmn/file/getImage.do?atchFileId=c90133f3bca54ce68aab001c1862b04a&thumb=Y,서울시 문화행사,,0.008654,32,2026-08-23 01:14:23
[송파문화재단] 2026 송파 문화예술 활성화 지원사업 선정작 [산책하기 좋은 날],글마루도서관 숲속극장,2026-05-28,2026-05-30,연극,송파구,https://culture.seoul.go.kr/culture/culture/cultureEvent/view.do?cultcode=157896&menuNo=200008,https://culture.seoul.go.kr/cmmn/file/getImage.do?atchFileId=9cf0ed16a3dd4e96a765c0095f67f829&thumb=Y,서울시 문화행사,,,,2026-08-23 01:14:23
[서울시립교향악단] 2026 서울시향 마르쿠스 슈텐츠와 바딤 글루즈만 ①,롯데콘서트홀,2026-05-28,2026-05-28,클래식,송파구,https://culture.seoul.go.kr/culture/culture/cultureEvent/view.do?cultcode=157445&menuNo=200008,https://culture.seoul.go.kr/cmmn/file/getImage.do?atchFileId=1fbd5595c1084528ae9e9e5b47b0fbe0&thumb=Y,서울시 문화행사,,0.808786,77,2026-08-23 01:14:23
"[서울문화예술교육센터 용산] 힐링북콘서트 [마음퇴근, 쉼을 읽는 저녁 5월]",서울문화예술교육센터 용산 1층 아트라운지,2026-05-28,2026-05-28,교육/체험,용산구,https://culture.seoul.go.kr/culture/culture/cultureEvent/view.do?cultcode=157619&menuNo=200011,https://culture.seoul.go.kr/cmmn/file/getImage.do?atchFileId=35212126efcb4de69b4d612f4e3b09a6&thumb=Y,서울시 문화행사,,,,2026-08-23 01:14:23
[중랑상봉도서관] 5월 작가상봉 함윤이 작가 [자개장의 용도],중랑상봉도서관 3층 유아어린이자료실,2026-05-28,2026-05-28,교육/체험,중랑구,https://culture.seoul.go.kr/culture/culture/cultureEvent/view.do?cultcode=157632&menuNo=200011,https://culture.seoul.go.kr/cmmn/file/getImage.do?atchFileId=b2262e95b61a41a78aa9ce9c98e8bbb9&thumb=Y,서울시 문화행사,,,,2026-08-23 01:14:23
GS아트센터 x 국립심포니오케스트라 라이브 애니메이션 시네스테틱스 [피터와 늑대 & 어미 거위],GS아트센터,2026-05-28,2026-05-28,클래식,강남구,https://culture.seoul.go.kr/culture/culture/cultureEvent/view.do?cultcode=156579&menuNo=200008,https://culture.seoul.go.kr/cmmn/file/getImage.do?atchFileId=a1ea41e496ec4b64b34f59306ee372fc&thumb=Y,서울시 문화행사,,0.219292,64,2026-08-23 01:14:23
"제16회 강서필하모닉오케스트라 정기연주회(5월, 사랑을 담다)",세종체임버홀,2026-05-28,2026-05-28,클래식,종로구,https://culture.seoul.go.kr/culture/culture/cultureEvent/view.do?cultcode=157955&menuNo=200008,https://culture.seoul.go.kr/cmmn/file/getImage.do?atchFileId=08d715c3f5704b649f24c9f5799d608a&thumb=Y,서울시 문화행사,,0.012949,36,2026-08-23 01:14:23
[서초문화재단] 모차르트 피아노 협주곡 전곡 시리즈 VI,반포심산아트홀,2026-05-28,2026-05-28,클래식,서초구,https://culture.seoul.go.kr/culture/culture/cultureEvent/view.do?cultcode=157719&menuNo=200008,https://culture.seoul.go.kr/cmmn/file/getImage.do?atchFileId=bed9180a81ed4a928bd55868468a90bd&thumb=Y,서울시 문화행사,,0.023396,42,2026-08-23 01:14:23
[세종문화회관] 세종예술아카데미 [어반드로잉(입문)],세종문화회관 스퀘어홀,2026-05-27,2026-06-24,교육/체험,종로구,https://culture.seoul.go.kr/culture/culture/cultureEvent/view.do?cultcode=157100&menuNo=200011,https://culture.seoul.go.kr/cmmn/file/getImage.do?atchFileId=74cb8e773c934451855bc9dd31e33e56&thumb=Y,서울시 문화행사,,0.000623,7,2026-08-23 01:14:23
[세종문화회관] 세종예술아카데미 [어반드로잉(기초)],세종문화회관 스퀘어홀,2026-05-27,2026-06-24,교육/체험,종로구,https://culture.seoul.go.kr/culture/culture/cultureEvent/view.do?cultcode=157099&menuNo=200011,https://culture.seoul.go.kr/cmmn/file/getImage.do?atchFileId=d4ad6807594c4c77ad166ff6e3785b9c&thumb=Y,서울시 문화행사,,0.000623,7,2026-08-23 01:14:23
연극 [화이트 래빗 레드 래빗 (WHITE RABBIT RED RABBIT)],세종S씨어터,2026-05-27,2026-06-07,연극,종로구,https://culture.seoul.go.kr/culture/culture/cultureEvent/view.do?cultcode=157682&menuNo=200008,https://culture.seoul.go.kr/cmmn/file/getImage.do?atchFileId=5060bdbe7e9441018cd24ddea070b215&thumb=Y,서울시 문화행사,,0.002528,20,2026-08-23 01:14:23
[마포문화재단] M 마티네 [2026 MAC 모닝 콘서트 ＃3],마포아트센터 아트홀맥,2026-05-27,2026-05-27,클래식,마포구,https://culture.seoul.go.kr/culture/culture/cultureEvent/view.do?cultcode=157453&menuNo=200008,https://culture.seoul.go.kr/cmmn/file/getImage.do?atchFileId=c19cc24346194bdb871d56d86db6b168&thumb=Y,서울시 문화행사,,0.055695,51,2026-08-23 01:14:23
[양천문화재단] 2026 월간뮤지크 [마이클 리 X 백형훈],양천문화회관 대극장,2026-05-27,2026-05-27,뮤지컬/오페라,양천구,https://culture.seoul.go.kr/culture/culture/cultureEvent/view.do?cultcode=157587&menuNo=200008,https://culture.seoul.go.kr/cmmn/file/getImage.do?atchFileId=e2b1e62ee7744485b96cbf3570006c42&thumb=Y,서울시 문화행사,,0.013335,37,2026-08-23 01:14:23
[라율 영재&영아티스트] 허에린 첼로 독주회,라율아트홀,2026-05-27,2026-05-27,클래식,서초구,https://culture.seoul.go.kr/culture/culture/cultureEvent/view.do?cultcode=157520&menuNo=200008,https://culture.seoul.go.kr/cmmn/file/getImage.do?atchFileId=05f3965c139e47688dd4ba0a0d6b2419&thumb=Y,서울시 문화행사,,0.012015,36,2026-08-23 01:14:23
[서울책보고] 북토크 [큐레이션 토크 with 소소한소통] 쉬운정보로 만나는 발달장애인의 첫 취업·연애·자립 이야기,서울책보고 라운지,2026-05-27,2026-05-27,교육/체험,송파구,https://culture.seoul.go.kr/culture/culture/cultureEvent/view.do?cultcode=157933&menuNo=200011,https://culture.seoul.go.kr/cmmn/file/getImage.do?atchFileId=411355a8956b490696be3317dd41d06e&thumb=Y,서울시 문화행사,,,,2026-08-23 01:14:23
[은평문화재단] 숲속라이브(앙상블 아티스) [비올리스트 공세정의 Love Songs in Spring],은평문화예술회관 숲속극장,2026-05-27,2026-05-27,클래식,은평구,https://culture.seoul.go.kr/culture/culture/cultureEvent/view.do?cultcode=157443&menuNo=200008,https://culture.seoul.go.kr/cmmn/file/getImage.do?atchFileId=53e425e217c2405d82acce676c04389e&thumb=Y,서울시 문화행사,,0.000311,0,2026-08-23 01:14:23
"[서초문화원] 서초인문학 아카데미 [환상의 섬 제주 이어도, 세계를 잇는 한국 문화] 강병철, 양금희 시인",서초문화예술회관,2026-05-27,2026-05-27,교육/체험,서초구,https://culture.seoul.go.kr/culture/culture/cultureEvent/view.do?cultcode=157640&menuNo=200011,https://culture.seoul.go.kr/cmmn/file/getImage.do?atchFileId=4567fafcb6c544fdbe34b25da3c5bd1d&thumb=Y,서울시 문화행사,,0.055894,51,2026-08-23 01:14:23
[국토발전전시관] 정기강연 - 이 땅 위에 우리 이야기,국토발전전시관 1층 정동국토마루,2026-05-27,2026-05-27,교육/체험,중구,https://culture.seoul.go.kr/culture/culture/cultureEvent/view.do?cultcode=157863&menuNo=200011,https://culture.seoul.go.kr/cmmn/file/getImage.do?atchFileId=84e10d28705d4b5dac9e82d92eba5a2e&thumb=Y,서울시 문화행사,,,,2026-08-23 01:14:23
[예술가의집] 제27회 작곡가의방 [김상욱],예술가의집 다목적홀,2026-05-27,2026-05-27,교육/체험,종로구,https://culture.seoul.go.kr/culture/culture/cultureEvent/view.do?cultcode=157813&menuNo=200011,https://culture.seoul.go.kr/cmmn/file/getImage.do?atchFileId=774cb9b1a69142ce814a5fb8235be655&thumb=Y,서울시 문화행사,,,,2026-08-23 01:14:23
제2회 동덕 아레떼 싱어즈 정기연주회 [다시 만나는 동심의 세계],세종M씨어터,2026-05-27,2026-05-27,클래식,종로구,https://culture.seoul.go.kr/culture/culture/cultureEvent/view.do?cultcode=157827&menuNo=200008,https://culture.seoul.go.kr/cmmn/file/getImage.do?atchFileId=3eae67f29ecf4824ba0e7bb5a50e856c&thumb=Y,서울시 문화행사,,0.003785,24,2026-08-23 01:14:23
손철주의 오래된 그림공부 [그림을 듣거나 만지다],JCC재능크리에이티브센터 스튜디오,2026-05-27,2026-05-27,교육/체험,종로구,https://culture.seoul.go.kr/culture/culture/cultureEvent/view.do?cultcode=157824&menuNo=200011,https://culture.seoul.go.kr/cmmn/file/getImage.do?atchFileId=a0d9652fbb6f4ff992d849d4bcdf9832&thumb=Y,서울시 문화행사,,,,2026-08-23 01:14:23
2026 까망돌어울마당 아트홀 상반기 정기 기획공연 [까망돌 칸타빌레] 5회차 주현정의 [그림책을 입은 바로크 음악],까망돌어울마당 아트홀,2026-05-27,2026-05-27,콘서트,동작구,https://culture.seoul.go.kr/culture/culture/cultureEvent/view.do?cultcode=157742&menuNo=200008,https://culture.seoul.go.kr/cmmn/file/getImage.do?atchFileId=f81856078a2440c29b665b1bb8439168&thumb=Y,서울시 문화행사,,0.001463,15,2026-08-23 01:14:23
"[서울아트책보고] 예술 지구: 자연이 예술을, 예술로 지구를!",서울아트책보고 아트북열람실,2026-05-26,2026-09-06,전시/미술,구로구,https://culture.seoul.go.kr/culture/culture/cultureEvent/view.do?cultcode=158586&menuNo=200009,https://culture.seoul.go.kr/cmmn/file/getImage.do?atchFileId=34521093ba74469086e99cf1030b3868&thumb=Y,서울시 문화행사,,,,2026-08-23 01:14:23
[송파 청년아티스트센터] 3기 릴레이 개인전 [Servicing for Service-김다솔],송파 청년아티스트센터 지하1층 아트 스페이스,2026-05-26,2026-06-09,전시/미술,송파구,https://culture.seoul.go.kr/culture/culture/cultureEvent/view.do?cultcode=157980&menuNo=200009,https://culture.seoul.go.kr/cmmn/file/getImage.do?atchFileId=b4a28fc3b5a2494d9e8c3e76f2e33794&thumb=Y,서울시 문화행사,,,,2026-08-23 01:14:23
[서울문화예술교육센터 용산] 서울미술산책 [서울에 도착한 파리 현대미술의 성지],서울문화예술교육센터 용산 6층 다목적홀,2026-05-26,2026-05-26,교육/체험,용산구,https://culture.seoul.go.kr/culture/culture/cultureEvent/view.do?cultcode=157646&menuNo=200011,https://culture.seoul.go.kr/cmmn/file/getImage.do?atchFileId=03ddc5e4ea2b4aecb82f6323ddae0e4e&thumb=Y,서울시 문화행사,,,,2026-08-23 01:14:23
[배화 ESG 그린페스타] 친환경 미션·포럼·체험 프로그램,배화여자대학교 일대,2026-05-25,2026-06-20,교육/체험,종로구,https://culture.seoul.go.kr/culture/culture/cultureEvent/view.do?cultcode=158099&menuNo=200011,https://culture.seoul.go.kr/cmmn/file/getImage.do?atchFileId=e05c22e936fd4249b42f0ceaa7e1d0e2&thumb=Y,서울시 문화행사,,,,2026-08-23 01:14:23
[운현궁] 2026 기획전시 [지란지실(芝蘭之室) - 난초 향기 가득한 공간],운현궁 기획전시실,2026-05-25,2026-05-31,전시/미술,종로구,https://culture.seoul.go.kr/culture/culture/cultureEvent/view.do?cultcode=158016&menuNo=200009,https://culture.seoul.go.kr/cmmn/file/getImage.do?atchFileId=3f963b374b54467eb2efb4f101bd9e4b&thumb=Y,서울시 문화행사,,,,2026-08-23 01:14:23
앙상블 Knoll 제 4회 정기연주회,세종체임버홀,2026-05-25,2026-05-25,클래식,종로구,https://culture.seoul.go.kr/culture/culture/cultureEvent/view.do?cultcode=157683&menuNo=200008,https://culture.seoul.go.kr/cmmn/file/getImage.do?atchFileId=2fc33f93d089417895577fa75cf9857c&thumb=Y,서울시 문화행사,,0.012949,36,2026-08-23 01:14:23
[운현궁] 2026 서울 운현궁 맞춤형 전통문화 체험 : 협도 원데이클래스,운현궁 앞마당,2026-05-25,2026-05-25,교육/체험,종로구,https://culture.seoul.go.kr/culture/culture/cultureEvent/view.do?cultcode=157921&menuNo=200011,https://culture.seoul.go.kr/cmmn/file/getImage.do?atchFileId=ef2d81279f254b17ba0da3db1990c05e&thumb=Y,서울시 문화행사,,,,2026-08-23 01:14:23
"[서울생활문화센터 체부] 2026 청년문화기획자 네트워크 [살롱, 내일] 기획자 시그널",서울생활문화센터 체부홀,2026-05-25,2026-05-25,기타,종로구,https://culture.seoul.go.kr/culture/culture/cultureEvent/view.do?cultcode=157806&menuNo=200013,https://culture.seoul.go.kr/cmmn/file/getImage.do?atchFileId=343d1c06f71f44e2b9a0ddbdce27e159&thumb=Y,서울시 문화행사,,,,2026-08-23 01:14:23
[노원문화재단] 2026 찾아가는 오케스트라｜상계주공3단지아파트,상계동 상계주공3단지아파트 관리사무소 옆 작은 운동장,2026-05-25,2026-05-25,클래식,노원구,https://culture.seoul.go.kr/culture/culture/cultureEvent/view.do?cultcode=157880&menuNo=200008,https://culture.seoul.go.kr/cmmn/file/getImage.do?atchFileId=a456edcbdd234366b1a8c8666771522c&thumb=Y,서울시 문화행사,,,,2026-08-23 01:14:23
이민지 바이올린 독주회,금호아트홀 연세,2026-05-25,2026-05-25,클래식,서대문구,https://culture.seoul.go.kr/culture/culture/cultureEvent/view.do?cultcode=157791&menuNo=200008,https://culture.seoul.go.kr/cmmn/file/getImage.do?atchFileId=478498e5a11b436598f83e72539f024b&thumb=Y,서울시 문화행사,,0.043791,48,2026-08-23 01:14:23
[종로문화재단] 종로구 야외도서관 [종로 열린 책마루],"청운문학도서관, 청운공원, 마로니에공원",2026-05-24,2026-10-03,기타,종로구,https://culture.seoul.go.kr/culture/culture/cultureEvent/view.do?cultcode=158556&menuNo=200013,https://culture.seoul.go.kr/cmmn/file/getImage.do?atchFileId=fe20caad2b90476bb5aecf5e50038adc&thumb=Y,서울시 문화행사,,,,2026-08-23 01:14:23
[운현궁] 2026 서울 운현궁 맞춤형 전통문화체험 : 다도 원데이클래스,운현궁 이로당,2026-05-24,2026-05-24,교육/체험,종로구,https://culture.seoul.go.kr/culture/culture/cultureEvent/view.do?cultcode=157922&menuNo=200011,https://culture.seoul.go.kr/cmmn/file/getImage.do?atchFileId=6d3576d324ec495995f485e0e0e1b2e1&thumb=Y,서울시 문화행사,,,,2026-08-23 01:14:23
[중구문화재단] 연극 [렁스],충무아트센터,2026-05-23,2026-08-02,연극,중구,https://culture.seoul.go.kr/culture/culture/cultureEvent/view.do?cultcode=157848&menuNo=200008,https://culture.seoul.go.kr/cmmn/file/getImage.do?atchFileId=1be8bd609b4744daa451ca768770b803&thumb=Y,서울시 문화행사,,0.389364,70,2026-08-23 01:14:23
황유윤 개인전 [Skin-Ship],예술공간 의식주,2026-05-23,2026-06-14,전시/미술,서대문구,https://culture.seoul.go.kr/culture/culture/cultureEvent/view.do?cultcode=158026&menuNo=200009,https://culture.seoul.go.kr/cmmn/file/getImage.do?atchFileId=86ae073f63e24edc8e043035c32d3244&thumb=Y,서울시 문화행사,,0.000311,0,2026-08-23 01:14:23
황웅태 개인전 [펄럭],"부피 (서울 종로구 혜화동 53-24 1층, 옥상)",2026-05-23,2026-06-13,전시/미술,종로구,https://culture.seoul.go.kr/culture/culture/cultureEvent/view.do?cultcode=158113&menuNo=200009,https://culture.seoul.go.kr/cmmn/file/getImage.do?atchFileId=0d14bbae4d5443d4a46c99ec0c425474&thumb=Y,서울시 문화행사,,,,2026-08-23 01:14:23
네가 흔들려 바람인 줄 알았다,온에어갤러리,2026-05-23,2026-06-06,전시/미술,서대문구,https://culture.seoul.go.kr/culture/culture/cultureEvent/view.do?cultcode=157949&menuNo=200009,https://culture.seoul.go.kr/cmmn/file/getImage.do?atchFileId=1c8d7a76045e414d88c2e7dbd0ca5c46&thumb=Y,서울시 문화행사,,0.00249,20,2026-08-23 01:14:23
[남산골한옥마을] 2026 남산골 상반기 한옥콘서트 [시공이음],BOOK 남산골한옥마을 이승업 가옥 / MUSIC 남산골한옥마을 민씨 가옥,2026-05-23,2026-06-05,콘서트,중구,https://culture.seoul.go.kr/culture/culture/cultureEvent/view.do?cultcode=157756&menuNo=200008,https://culture.seoul.go.kr/cmmn/file/getImage.do?atchFileId=981e29d3f7a64ae9bd19b8d32e5284c5&thumb=Y,서울시 문화행사,,,,2026-08-23 01:14:23
"[서울문화예술교육센터 강북] 워크숍 'play, play' [명탐정의 비밀택배 : 사라진 이야기를 찾아라!] 2기",서울문화예술교육센터 강북 3층 움직임창작실 2,2026-05-23,2026-05-30,교육/체험,강북구,https://culture.seoul.go.kr/culture/culture/cultureEvent/view.do?cultcode=157613&menuNo=200011,https://culture.seoul.go.kr/cmmn/file/getImage.do?atchFileId=fa4d68071e664e8d9e836bc0a83b6127&thumb=Y,서울시 문화행사,,,,2026-08-23 01:14:23
"[서울문화예술교육센터 강북] 워크숍 'play, play' [명탐정의 비밀택배 : 사라진 이야기를 찾아라!] 1기",3층 움직임창작실 2,2026-05-23,2026-05-30,교육/체험,강북구,https://culture.seoul.go.kr/culture/culture/cultureEvent/view.do?cultcode=157649&menuNo=200011,https://culture.seoul.go.kr/cmmn/file/getImage.do?atchFileId=ed8629fd78cd48c38382b35efdddee27&thumb=Y,서울시 문화행사,,,,2026-08-23 01:14:23
[아듀:Adieu] 쎄시봉 The Last 콘서트,세종대극장,2026-05-23,2026-05-24,콘서트,종로구,https://culture.seoul.go.kr/culture/culture/cultureEvent/view.do?cultcode=157605&menuNo=200008,https://culture.seoul.go.kr/cmmn/file/getImage.do?atchFileId=002ae50e76284c129b9d5052fe1ba90b&thumb=Y,서울시 문화행사,,0.002366,20,2026-08-23 01:14:23
[영둥포문화재단] 기획공연 발레 [피터팬],영등포아트홀,2026-05-23,2026-05-24,무용,영등포구,https://culture.seoul.go.kr/culture/culture/cultureEvent/view.do?cultcode=156872&menuNo=200008,https://culture.seoul.go.kr/cmmn/file/getImage.do?atchFileId=6616ad996adb4f0fb63d2a2588bad96b&thumb=Y,서울시 문화행사,,0.072056,53,2026-08-23 01:14:23
[구로문화재단] 오류아트홀 5월기획공연 [춤이 말하다; 문소리X리아킴],오류아트홀,2026-05-23,2026-05-23,무용,구로구,https://culture.seoul.go.kr/culture/culture/cultureEvent/view.do?cultcode=157600&menuNo=200008,https://culture.seoul.go.kr/cmmn/file/getImage.do?atchFileId=8cc238910c694a388c6673bceb238d69&thumb=Y,서울시 문화행사,,0.019636,40,2026-08-23 01:14:23
2026 인디애나대학교 동문 음악회,서울 일신홀,2026-05-23,2026-05-23,클래식,용산구,https://culture.seoul.go.kr/culture/culture/cultureEvent/view.do?cultcode=157870&menuNo=200008,https://culture.seoul.go.kr/cmmn/file/getImage.do?atchFileId=6a2ae4553aa84edeaf2895bcf0d6f028&thumb=Y,서울시 문화행사,,,,2026-08-23 01:14:23
[광진문화재단] 제26회 서울국제즉흥춤축제 즉흥피크닉(폐막식),나루아트센터 야외광장,2026-05-23,2026-05-23,무용,광진구,https://culture.seoul.go.kr/culture/culture/cultureEvent/view.do?cultcode=157868&menuNo=200008,https://culture.seoul.go.kr/cmmn/file/getImage.do?atchFileId=90a03fc6dbc0410d9d59155685d39628&thumb=Y,서울시 문화행사,,,,2026-08-23 01:14:23
2026년 제23회 한강사랑 그림그리기 대회,뚝섬한강공원 수변무대,2026-05-23,2026-05-23,축제-문화/예술,광진구,https://culture.seoul.go.kr/culture/culture/cultureEvent/view.do?cultcode=157844&menuNo=200010,https://culture.seoul.go.kr/cmmn/file/getImage.do?atchFileId=71de00b2eff24df5a3a329350de2cdd9&thumb=Y,서울시 문화행사,,0.000602,6,2026-08-23 01:14:23
[서울문화예술교육센터 강북] 일상의 무대 [5월 워크숍 : 가야금 소리의 몸짓],서울문화예술교육센터 강북 1층,2026-05-23,2026-05-23,교육/체험,강북구,https://culture.seoul.go.kr/culture/culture/cultureEvent/view.do?cultcode=157837&menuNo=200011,https://culture.seoul.go.kr/cmmn/file/getImage.do?atchFileId=1531f7291c4646b5b3225378c27702a7&thumb=Y,서울시 문화행사,,,,2026-08-23 01:14:23
[서울공예박물관] 2026 SeMoCA 공예강좌 #3,서울공예박물관 교육동 1층 강당,2026-05-23,2026-05-23,교육/체험,종로구,https://culture.seoul.go.kr/culture/culture/cultureEvent/view.do?cultcode=157832&menuNo=200011,https://culture.seoul.go.kr/cmmn/file/getImage.do?atchFileId=7dd19abf1c29430f9d1821d69fab3e3c&thumb=Y,서울시 문화행사,,,,2026-08-23 01:14:23
[구립증산도서관] 2026 부처님 오신 날 맞이 [문화 체험 DAY],구립증산도서관 1층 로비 및 3층 가족열람실,2026-05-23,2026-05-23,교육/체험,은평구,https://culture.seoul.go.kr/culture/culture/cultureEvent/view.do?cultcode=157817&menuNo=200011,https://culture.seoul.go.kr/cmmn/file/getImage.do?atchFileId=04b2709734d849afb5c22cccf75b0abd&thumb=Y,서울시 문화행사,,,,2026-08-23 01:14:23
[서울역사편찬원] 2026년 [제8차] 엄마아빠와 함께하는 교과서 역사기행,서대문형무소역사관,2026-05-23,2026-05-23,교육/체험,서대문구,https://culture.seoul.go.kr/culture/culture/cultureEvent/view.do?cultcode=157794&menuNo=200011,https://culture.seoul.go.kr/cmmn/file/getImage.do?atchFileId=778136f2eac44033aece7f2acb4392ff&thumb=Y,서울시 문화행사,,0.124376,58,2026-08-23 01:14:23
[서울역사편찬원] 2026년 5월 서울역사문화답사,의정부지 → 월대 → 고궁박물관 → 장흥고 터 표석 → 내수사 터 표석 등,2026-05-23,2026-05-23,교육/체험,종로구,https://culture.seoul.go.kr/culture/culture/cultureEvent/view.do?cultcode=157792&menuNo=200011,https://culture.seoul.go.kr/cmmn/file/getImage.do?atchFileId=1755c7449c8b445b855f6edfe108b6c6&thumb=Y,서울시 문화행사,,,,2026-08-23 01:14:23
구범서 클라리넷 독주회: 새로운 시작과 동행 ,모차르트홀 2층 ,2026-05-23,2026-05-23,클래식,강남구,https://culture.seoul.go.kr/culture/culture/cultureEvent/view.do?cultcode=157777&menuNo=200008,https://culture.seoul.go.kr/cmmn/file/getImage.do?atchFileId=0abacf575a9b493dacf9d8d2da0e9fdb&thumb=Y,서울시 문화행사,,,,2026-08-23 01:14:23
[서울시립미술관 서소문본관] 2026 모두를 위한 예술 프로그램 [몸으로 만나는 미술관] 추상과 몸의 풍경,서울시립미술관 서소문본관 야외조각공원 등,2026-05-23,2026-05-23,교육/체험,중구,https://culture.seoul.go.kr/culture/culture/cultureEvent/view.do?cultcode=157767&menuNo=200011,https://culture.seoul.go.kr/cmmn/file/getImage.do?atchFileId=2ea7b59fad854fdf8ddeef89c3d33dfe&thumb=Y,서울시 문화행사,,,,2026-08-23 01:14:23
[서울남산국악당] 2026 젊은국악 단장 쇼케이스,서울남산국악당 크라운해태홀,2026-05-23,2026-05-23,국악,중구,https://culture.seoul.go.kr/culture/culture/cultureEvent/view.do?cultcode=157713&menuNo=200008,https://culture.seoul.go.kr/cmmn/file/getImage.do?atchFileId=503f79ecab2c405692ab3acfd9cafadf&thumb=Y,서울시 문화행사,,0.000498,5,2026-08-23 01:14:23
[서울문화예술교육센터 용산] 다정한 아트라운지 [클래식 콘서트] '프렌치 살롱'(Salon francais),서울문화예술교육센터 용산 업무동 1층 아트라운지,2026-05-23,2026-05-23,클래식,용산구,https://culture.seoul.go.kr/culture/culture/cultureEvent/view.do?cultcode=157614&menuNo=200008,https://culture.seoul.go.kr/cmmn/file/getImage.do?atchFileId=a55793d59a8b4b4bac8319c156076738&thumb=Y,서울시 문화행사,,,,2026-08-23 01:14:23
윤은경 피아노 독주회,세종체임버홀,2026-05-23,2026-05-23,독주/독창회,종로구,https://culture.seoul.go.kr/culture/culture/cultureEvent/view.do?cultcode=157590&menuNo=200008,https://culture.seoul.go.kr/cmmn/file/getImage.do?atchFileId=b3ad9b8c69ff46dc98eaa1a63e39eb62&thumb=Y,서울시 문화행사,,0.012949,36,2026-08-23 01:14:23
빛과 모래로 만나는 동화콘서트,구로꿈나무극장,2026-05-23,2026-05-23,콘서트,구로구,https://culture.seoul.go.kr/culture/culture/cultureEvent/view.do?cultcode=157536&menuNo=200008,https://culture.seoul.go.kr/cmmn/file/getImage.do?atchFileId=2cd0f5b6c12343d8a99169db1589f9ec&thumb=Y,서울시 문화행사,,0.001444,15,2026-08-23 01:14:23
"[성북문화재단] 크로스오버 아티스트 박현수 [오, 솔레미오]",꿈빛극장,2026-05-23,2026-05-23,클래식,성북구,https://culture.seoul.go.kr/culture/culture/cultureEvent/view.do?cultcode=157398&menuNo=200008,https://culture.seoul.go.kr/cmmn/file/getImage.do?atchFileId=768e80d5bda749618dc99393a8f80750&thumb=Y,서울시 문화행사,,0.013846,37,2026-08-23 01:14:23
[노들섬] 아뜰리에 노들 2026 첫 번째 전시 : 시작의 근원 (The Origin of All Beginnings) ,노들섬 남단 한강대교 하부 미디어파사드,2026-05-22,2026-07-31,전시/미술,용산구,https://culture.seoul.go.kr/culture/culture/cultureEvent/view.do?cultcode=157942&menuNo=200009,https://culture.seoul.go.kr/cmmn/file/getImage.do?atchFileId=b9a6ea2524ec431491e314682698c40d&thumb=Y,서울시 문화행사,,,,2026-08-23 01:14:23
[서울아트책보고] 21세기 영화감독 열전 - 송경원 [씨네21] 편집장,서울아트책보고 워크숍룸,2026-05-22,2026-06-26,교육/체험,구로구,https://culture.seoul.go.kr/culture/culture/cultureEvent/view.do?cultcode=157881&menuNo=200011,https://culture.seoul.go.kr/cmmn/file/getImage.do?atchFileId=c24781df60d54893ba8e26c86f27b08e&thumb=Y,서울시 문화행사,,,,2026-08-23 01:14:23
김인규 개인전 [어리석음의 지혜],"서울시 용산구 대사관로12길 8 , OMG",2026-05-22,2026-06-06,전시/미술,용산구,https://culture.seoul.go.kr/culture/culture/cultureEvent/view.do?cultcode=158100&menuNo=200009,https://culture.seoul.go.kr/cmmn/file/getImage.do?atchFileId=36e57a09478c455a9138f9aa84f05bbc&thumb=Y,서울시 문화행사,,,,2026-08-23 01:14:23
2026 공공한옥 밤마실,"홍건익가옥, 배렴가옥, 북촌라운지, 서촌라운지 등",2026-05-22,2026-05-31,축제-문화/예술,종로구,https://culture.seoul.go.kr/culture/culture/cultureEvent/view.do?cultcode=157985&menuNo=200010,https://culture.seoul.go.kr/cmmn/file/getImage.do?atchFileId=47385a611d0643f38bd609bb79319fc2&thumb=Y,서울시 문화행사,,,,2026-08-23 01:14:23
[춘섬이의 거짓말] - 제47회 서울연극제 공식선정작,아르코예술극장 대극장,2026-05-22,2026-05-31,연극,종로구,https://culture.seoul.go.kr/culture/culture/cultureEvent/view.do?cultcode=157550&menuNo=200008,https://culture.seoul.go.kr/cmmn/file/getImage.do?atchFileId=b66dae48bd114ca2930c12db46e3b5f1&thumb=Y,서울시 문화행사,,0.005827,29,2026-08-23 01:14:23
"그 시절의 즐거움을, 지금 다시 함께 즐기는 축제 [낭만페스티벌]","언더스텐드에비뉴 중앙광장, 아트스텐드",2026-05-22,2026-05-24,축제-기타,성동구,https://culture.seoul.go.kr/culture/culture/cultureEvent/view.do?cultcode=157694&menuNo=200010,https://culture.seoul.go.kr/cmmn/file/getImage.do?atchFileId=d38fade9f6ea4619a276d5b41ced6301&thumb=Y,서울시 문화행사,,,,2026-08-23 01:14:23
[세종문화회관] 2026 누구나 세종썸머페스티벌 [광화문에서 만나는 아리아],광화문 광장,2026-05-22,2026-05-23,클래식,종로구,https://culture.seoul.go.kr/culture/culture/cultureEvent/view.do?cultcode=157604&menuNo=200008,https://culture.seoul.go.kr/cmmn/file/getImage.do?atchFileId=eed7e17e80304a0ea8f720ae704b1935&thumb=Y,서울시 문화행사,,0.111676,57,2026-08-23 01:14:23
[성동문화재단] 2026 소월아트홀에서 떠나는 유럽여행 콘서트,소월아트홀,2026-05-22,2026-05-23,콘서트,성동구,https://culture.seoul.go.kr/culture/culture/cultureEvent/view.do?cultcode=157498&menuNo=200008,https://culture.seoul.go.kr/cmmn/file/getImage.do?atchFileId=ad012030110543a3bbdd8ea76af336d3&thumb=Y,서울시 문화행사,,0.159576,61,2026-08-23 01:14:23
[세종문화회관] 제 4회 야외오페라 라 트라비아타,여의도 한강공원 물빛무대,2026-05-22,2026-05-23,뮤지컬/오페라,영등포구,https://culture.seoul.go.kr/culture/culture/cultureEvent/view.do?cultcode=157572&menuNo=200008,https://culture.seoul.go.kr/cmmn/file/getImage.do?atchFileId=6e19b918294b4d8ca72b1f0a8ec452e1&thumb=Y,서울시 문화행사,,0.016149,39,2026-08-23 01:14:23
[운현궁] 2026 서울 운현궁 한옥 콘서트,운현궁 노락당,2026-05-22,2026-05-22,국악,종로구,https://culture.seoul.go.kr/culture/culture/cultureEvent/view.do?cultcode=157930&menuNo=200008,https://culture.seoul.go.kr/cmmn/file/getImage.do?atchFileId=a6070d405f3a47ab92d26b3c74b9095f&thumb=Y,서울시 문화행사,,0.000374,2,2026-08-23 01:14:23
장애인과 함께하는 5월 가정음악회,세종체임버홀,2026-05-22,2026-05-22,클래식,종로구,https://culture.seoul.go.kr/culture/culture/cultureEvent/view.do?cultcode=157956&menuNo=200008,https://culture.seoul.go.kr/cmmn/file/getImage.do?atchFileId=3317233beba6444d84abc8b36bebba3a&thumb=Y,서울시 문화행사,,0.012949,36,2026-08-23 01:14:23
[서울 문화의 밤] 5월 작가힙톡(Hip-Talk) - 자연관찰일기 (이다_2회차),서울도서관 1층 생각마루,2026-05-22,2026-05-22,교육/체험,중구,https://culture.seoul.go.kr/culture/culture/cultureEvent/view.do?cultcode=157680&menuNo=200011,https://culture.seoul.go.kr/cmmn/file/getImage.do?atchFileId=5d4f2d910ed34a34979055b4dd0cc86a&thumb=Y,서울시 문화행사,,,,2026-08-23 01:14:23
[동작문화재단] 본동어울마당 아트홀 '본동 세레나데' 5회차 [여우락예술단의 독보적인 국악 한마당],본동어울마당 아트홀,2026-05-22,2026-05-22,국악,동작구,https://culture.seoul.go.kr/culture/culture/cultureEvent/view.do?cultcode=157480&menuNo=200008,https://culture.seoul.go.kr/cmmn/file/getImage.do?atchFileId=3593cc7e1b9542a081746ddcbc7aaa5c&thumb=Y,서울시 문화행사,,0.000311,0,2026-08-23 01:14:23
2026 국가무형유산전수교육관 12공방 연합특별전 [공들임(工-DREAM)],국가무형유산전수교육관 2층 전시장 「결」,2026-05-21,2026-08-21,전시/미술,강남구,https://culture.seoul.go.kr/culture/culture/cultureEvent/view.do?cultcode=157862&menuNo=200009,https://culture.seoul.go.kr/cmmn/file/getImage.do?atchFileId=401e6e5fb6974d088a70f9d21c40a809&thumb=Y,서울시 문화행사,,,,2026-08-23 01:14:23
[서울식물원] 2026 서울식물원 주제정원 수국 전시 [초여름의 솜사탕],"서울식물원 주제정원 정원사 정원, 치유의 정원",2026-05-21,2026-06-30,전시/미술,강서구,https://culture.seoul.go.kr/culture/culture/cultureEvent/view.do?cultcode=158086&menuNo=200009,https://culture.seoul.go.kr/cmmn/file/getImage.do?atchFileId=6407bfd03742408fa23b1397a0d29ab3&thumb=Y,서울시 문화행사,,,,2026-08-23 01:14:23
[서울시립 미술아카이브] 숨은 그림 찾기-한국 여성 미술가들,서울시립 미술아카이브 나눔동 2층 다목적홀,2026-05-21,2026-06-11,교육/체험,종로구,https://culture.seoul.go.kr/culture/culture/cultureEvent/view.do?cultcode=157763&menuNo=200011,https://culture.seoul.go.kr/cmmn/file/getImage.do?atchFileId=67ee6349cac84be29c0575288e4078a3&thumb=Y,서울시 문화행사,,,,2026-08-23 01:14:23
[마포문화재단] [인디스커버리 : CHALLENGE] STAGE 01-02,마포아트센터 플레이맥,2026-05-21,2026-05-22,콘서트,마포구,https://culture.seoul.go.kr/culture/culture/cultureEvent/view.do?cultcode=157802&menuNo=200008,https://culture.seoul.go.kr/cmmn/file/getImage.do?atchFileId=5ed14fdb826749d78d657b938863c2f3&thumb=Y,서울시 문화행사,,0.001089,12,2026-08-23 01:14:23
[대우재단 시민강좌] 《경민편》으로 읽는 조선 문화의 힘,"대우재단빌딩 5층, 대우학술라운지",2026-05-21,2026-05-21,교육/체험,서대문구,https://culture.seoul.go.kr/culture/culture/cultureEvent/view.do?cultcode=157842&menuNo=200011,https://culture.seoul.go.kr/cmmn/file/getImage.do?atchFileId=a617f114fe1243b4b9be0a4d724c1834&thumb=Y,서울시 문화행사,,,,2026-08-23 01:14:23
[세종문화회관] 26세종시즌 [명작시리즈 II 카르미나 부라나],세종대극장,2026-05-21,2026-05-21,클래식,종로구,https://culture.seoul.go.kr/culture/culture/cultureEvent/view.do?cultcode=157554&menuNo=200008,https://culture.seoul.go.kr/cmmn/file/getImage.do?atchFileId=6ae51df0af544539b10261994428fdb6&thumb=Y,서울시 문화행사,,0.002366,20,2026-08-23 01:14:23
[서울문화예술교육센터 용산] 다정한 아트라운지 [계절 엮기] 1회차,서울문화예술교육센터 용산 업무동 1층 아트라운지,2026-05-21,2026-05-21,교육/체험,용산구,https://culture.seoul.go.kr/culture/culture/cultureEvent/view.do?cultcode=157617&menuNo=200011,https://culture.seoul.go.kr/cmmn/file/getImage.do?atchFileId=2e556c3d45374b2c870efdab7f3cac90&thumb=Y,서울시 문화행사,,,,2026-08-23 01:14:23
문종인 프로젝트 : '작곡가의 방 시리즈' Composer Ⅱ. 김은성,라율아트홀,2026-05-21,2026-05-21,클래식,서초구,https://culture.seoul.go.kr/culture/culture/cultureEvent/view.do?cultcode=157903&menuNo=200008,https://culture.seoul.go.kr/cmmn/file/getImage.do?atchFileId=44aefcae939e4240849416bec70079c9&thumb=Y,서울시 문화행사,,0.012015,36,2026-08-23 01:14:23
[강남문화재단] 제1012회 목요예술무대 [다크니스 품바],강남씨어터 역삼1동복합문화센터 3층,2026-05-21,2026-05-21,무용,강남구,https://culture.seoul.go.kr/culture/culture/cultureEvent/view.do?cultcode=157860&menuNo=200008,https://culture.seoul.go.kr/cmmn/file/getImage.do?atchFileId=a7677f5d2e154b0f8b452ea8c70faa77&thumb=Y,서울시 문화행사,,,,2026-08-23 01:14:23
"5월 국회문화극장 [국립창극단과 함께 하는 '우리 소리, 판소리']",국회의원회관 2층 대회의실,2026-05-21,2026-05-21,국악,영등포구,https://culture.seoul.go.kr/culture/culture/cultureEvent/view.do?cultcode=157891&menuNo=200008,https://culture.seoul.go.kr/cmmn/file/getImage.do?atchFileId=18815fefcbba48c2bfd0397b596e213f&thumb=Y,서울시 문화행사,,0.000311,0,2026-08-23 01:14:23
한국가곡연구회 제59회 정기연주회,세종체임버홀,2026-05-21,2026-05-21,콘서트,종로구,https://culture.seoul.go.kr/culture/culture/cultureEvent/view.do?cultcode=157951&menuNo=200008,https://culture.seoul.go.kr/cmmn/file/getImage.do?atchFileId=64432f6c737a47b898df84d37412d26d&thumb=Y,서울시 문화행사,,0.012949,36,2026-08-23 01:14:23
[서울책보고] 첫눈토크#5 [나를 넓히는 오독의 순간들],서울책보고 라운지,2026-05-21,2026-05-21,교육/체험,송파구,https://culture.seoul.go.kr/culture/culture/cultureEvent/view.do?cultcode=157735&menuNo=200011,https://culture.seoul.go.kr/cmmn/file/getImage.do?atchFileId=6a3dd0acc8bd48c8b4b5041e942550ff&thumb=Y,서울시 문화행사,,,,2026-08-23 01:14:23
2026 생애주기별 문화예술교육 지원사업 '꿈다락 문화예술학교' [사람책 프로젝트X중장년 : 사랑 페이지],성신여대입구역 인근 연습실 (추후 공지),2026-05-20,2026-07-22,교육/체험,성북구,https://culture.seoul.go.kr/culture/culture/cultureEvent/view.do?cultcode=157815&menuNo=200011,https://culture.seoul.go.kr/cmmn/file/getImage.do?atchFileId=b94750c12ad74584b311c31dfa3b64d6&thumb=Y,서울시 문화행사,,,,2026-08-23 01:14:23
[중랑문화재단] 중장년 문화예술교육 프로그램 [틈으로 바라본 삶의 초상],중랑아트센터 시청각실,2026-05-20,2026-07-15,교육/체험,중랑구,https://culture.seoul.go.kr/culture/culture/cultureEvent/view.do?cultcode=157808&menuNo=200011,https://culture.seoul.go.kr/cmmn/file/getImage.do?atchFileId=cd1cb600bc5a4e6c9d035ed42834d3c5&thumb=Y,서울시 문화행사,,,,2026-08-23 01:14:23
[서울시립 남서울미술관] 제14회 서울미디어시티비엔날레 사전프로그램 《포란》,서울시립 남서울미술관 2층 전시실,2026-05-20,2026-07-05,전시/미술,관악구,https://culture.seoul.go.kr/culture/culture/cultureEvent/view.do?cultcode=157959&menuNo=200009,https://culture.seoul.go.kr/cmmn/file/getImage.do?atchFileId=b51bf44184e848ccaf03d2b52793952d&thumb=Y,서울시 문화행사,,,,2026-08-23 01:14:23
[DEMILE Solo Exhibition] 사이-음 ,미림아트 3층 미림아트갤러리,2026-05-20,2026-05-31,전시/미술,종로구,https://culture.seoul.go.kr/culture/culture/cultureEvent/view.do?cultcode=157901&menuNo=200009,https://culture.seoul.go.kr/cmmn/file/getImage.do?atchFileId=a11e3940a8d749b19911f3fdaa48abe4&thumb=Y,서울시 문화행사,,,,2026-08-23 01:14:23
"[성동문화재단] 다락(樂)옥수 '문화, 곁으로 오다' 5월 [SAC on Screen]",다락옥수,2026-05-20,2026-05-27,뮤지컬/오페라,성동구,https://culture.seoul.go.kr/culture/culture/cultureEvent/view.do?cultcode=157893&menuNo=200008,https://culture.seoul.go.kr/cmmn/file/getImage.do?atchFileId=dd161103dace405abeb682920b21b023&thumb=Y,서울시 문화행사,,0.002914,22,2026-08-23 01:14:23
[서울로봇인공지능과학관] 2026년 제 2회 라임 콜로키엄 [비인간 지능이 재편하는 세계],서울로봇인공지능과학관 1층,2026-05-20,2026-05-20,교육/체험,도봉구,https://culture.seoul.go.kr/culture/culture/cultureEvent/view.do?cultcode=157695&menuNo=200011,https://culture.seoul.go.kr/cmmn/file/getImage.do?atchFileId=e155a22ef8cb4141be25e788be3295f4&thumb=Y,서울시 문화행사,,,,2026-08-23 01:14:23
"[구산동도서관마을] 「도서관이 된 마을, 마을이 된 도서관」 출간 기념 북토크",구산동도서관마을 3층 힐링캠프,2026-05-20,2026-05-20,교육/체험,은평구,https://culture.seoul.go.kr/culture/culture/cultureEvent/view.do?cultcode=157780&menuNo=200011,https://culture.seoul.go.kr/cmmn/file/getImage.do?atchFileId=fe0554484d304abda5a7305fae2de3c5&thumb=Y,서울시 문화행사,,,,2026-08-23 01:14:23
[구립증산도서관] 가정의 달 특별 베이킹드로잉(슈링클스) 원데이클래스 [우리 가족 액자 만들기],구립증산도서관  지하1층 문화강좌실,2026-05-20,2026-05-20,교육/체험,은평구,https://culture.seoul.go.kr/culture/culture/cultureEvent/view.do?cultcode=157818&menuNo=200011,https://culture.seoul.go.kr/cmmn/file/getImage.do?atchFileId=23a61bf9314741fba80742f57bcdae14&thumb=Y,서울시 문화행사,,,,2026-08-23 01:14:23
2026 이룸뜰 마티네 콘서트,서울시립대학교 전농관 뒤 이룸뜰,2026-05-20,2026-05-20,클래식,동대문구,https://culture.seoul.go.kr/culture/culture/cultureEvent/view.do?cultcode=157886&menuNo=200008,https://culture.seoul.go.kr/cmmn/file/getImage.do?atchFileId=19b56b75629242288b32096481919da7&thumb=Y,서울시 문화행사,,,,2026-08-23 01:14:23
[동대문문화재단] 동대문구 아르코 2026년 기획공연 [콘서트 청(淸):ON] OP 1. VOICE OF BLOSSOM,"동대문구 아르코 카멜리아홀(동대문구 왕산로 200, 타워동 5층)",2026-05-20,2026-05-20,콘서트,동대문구,https://culture.seoul.go.kr/culture/culture/cultureEvent/view.do?cultcode=157884&menuNo=200008,https://culture.seoul.go.kr/cmmn/file/getImage.do?atchFileId=42c72eea8c6c437da0b7f06750c0bc3a&thumb=Y,서울시 문화행사,,,,2026-08-23 01:14:23
[서울도서관] 월간 북돋움 [0~24개월 잘 자는 아이의 비결],온라인(Zoom),2026-05-20,2026-05-20,교육/체험,중구,https://culture.seoul.go.kr/culture/culture/cultureEvent/view.do?cultcode=157729&menuNo=200011,https://culture.seoul.go.kr/cmmn/file/getImage.do?atchFileId=609db8f35a94479b9649f6d59827736a&thumb=Y,서울시 문화행사,,,,2026-08-23 01:14:23
[구립증산도서관] 보호자 게임리터러시 교육 [게임시대를 살고있는 부모는 이렇게 키운다],구립증산도서관 2층 강당,2026-05-20,2026-05-20,교육/체험,은평구,https://culture.seoul.go.kr/culture/culture/cultureEvent/view.do?cultcode=157738&menuNo=200011,https://culture.seoul.go.kr/cmmn/file/getImage.do?atchFileId=c8814b81224349a59001b4c74e7b3e60&thumb=Y,서울시 문화행사,,,,2026-08-23 01:14:23
[서울시립미술관 서소문본관] 2026년 한국 근대 거장전 《유영국: 산은 내 안에 있다》,서울시립미술관 서소문본관 1층 전시실,2026-05-19,2026-10-25,전시/미술,중구,https://culture.seoul.go.kr/culture/culture/cultureEvent/view.do?cultcode=157686&menuNo=200009,https://culture.seoul.go.kr/cmmn/file/getImage.do?atchFileId=1d442b535cae430d8bce0aa89bc234ba&thumb=Y,서울시 문화행사,,,,2026-08-23 01:14:23
공연봄날X세종문화회관 PART 2,세종문화회관 M씨어터,2026-05-19,2026-05-25,콘서트,종로구,https://culture.seoul.go.kr/culture/culture/cultureEvent/view.do?cultcode=157793&menuNo=200008,https://culture.seoul.go.kr/cmmn/file/getImage.do?atchFileId=b177f0130f4e420da263320b5deb40f8&thumb=Y,서울시 문화행사,,0.060277,51,2026-08-23 01:14:23
"[운현궁] 2026 기획 전시 [화원(畵園), 소망이 피어나는 자리]",운현궁 기획전시실,2026-05-19,2026-05-24,전시/미술,종로구,https://culture.seoul.go.kr/culture/culture/cultureEvent/view.do?cultcode=157895&menuNo=200009,https://culture.seoul.go.kr/cmmn/file/getImage.do?atchFileId=cb2ff7ba26a741148a6b26acd0581b4c&thumb=Y,서울시 문화행사,,,,2026-08-23 01:14:23
2026 삼일로창고극장 [WHAT'S NEXT PROJECT 인큐베이팅 팩토리],삼일로창고극장,2026-05-19,2026-05-23,축제-문화/예술,중구,https://culture.seoul.go.kr/culture/culture/cultureEvent/view.do?cultcode=157504&menuNo=200010,https://culture.seoul.go.kr/cmmn/file/getImage.do?atchFileId=8f1b67944df5494f9ebba18dc07e4424&thumb=Y,서울시 문화행사,,0.007085,31,2026-08-23 01:14:23
[서초문화재단] 2026 심산영화관 [하얼빈],반포심산아트홀,2026-05-19,2026-05-19,영화,서초구,https://culture.seoul.go.kr/culture/culture/cultureEvent/view.do?cultcode=157720&menuNo=200013,https://culture.seoul.go.kr/cmmn/file/getImage.do?atchFileId=239083a3c60f4a67a7d167791fbf53ab&thumb=Y,서울시 문화행사,,0.023396,42,2026-08-23 01:14:23
바이올린 윤여영 & 첼로 장우리 듀오 리사이틀 ,예술의전당 리사이틀홀,2026-05-19,2026-05-19,클래식,서초구,https://culture.seoul.go.kr/culture/culture/cultureEvent/view.do?cultcode=157869&menuNo=200008,https://culture.seoul.go.kr/cmmn/file/getImage.do?atchFileId=1883db8d87af48c4b0959b2af77751cd&thumb=Y,서울시 문화행사,,0.003573,24,2026-08-23 01:14:23
[세종문화회관] 2026 누구나 클래식 with KBS교향악단,세종문화회관 세종대극장,2026-05-19,2026-05-19,클래식,종로구,https://culture.seoul.go.kr/culture/culture/cultureEvent/view.do?cultcode=157253&menuNo=200008,https://culture.seoul.go.kr/cmmn/file/getImage.do?atchFileId=b80dbddaf1544cf4bee158d46b079d38&thumb=Y,서울시 문화행사,,,,2026-08-23 01:14:23
이영주 피아노 리사이틀 [슈베르트 피아노 소나타 전곡 시리즈 I],세종체임버홀,2026-05-19,2026-05-19,독주/독창회,종로구,https://culture.seoul.go.kr/culture/culture/cultureEvent/view.do?cultcode=157573&menuNo=200008,https://culture.seoul.go.kr/cmmn/file/getImage.do?atchFileId=00a3eabea3c64af6af0a455c55e3afd0&thumb=Y,서울시 문화행사,,0.012949,36,2026-08-23 01:14:23
[문화공간이육사] 2026 기획전시 [육사답사],문화공간이육사 3층 교목실,2026-05-18,2026-11-14,전시/미술,성북구,https://culture.seoul.go.kr/culture/culture/cultureEvent/view.do?cultcode=158087&menuNo=200009,https://culture.seoul.go.kr/cmmn/file/getImage.do?atchFileId=4385c07b44de409e84f8a4947392c41d&thumb=Y,서울시 문화행사,,,,2026-08-23 01:14:23
2026년 2차 [논현글로벌평생학습센터] 학습자 모집,논현글로벌평생학습센터 3층 강의실,2026-05-18,2026-08-14,교육/체험,강남구,https://culture.seoul.go.kr/culture/culture/cultureEvent/view.do?cultcode=157484&menuNo=200011,https://culture.seoul.go.kr/cmmn/file/getImage.do?atchFileId=90ec90fe56b3410380937fc1ce43c8f1&thumb=Y,서울시 문화행사,,,,2026-08-23 01:14:23
2026 생애주기별 문화예술교육 지원사업 '꿈다락 문화예술학교' [사람책 프로젝트X청년 : 실패 개발서],성신여대입구역 인근 연습실 (추후 공지),2026-05-18,2026-06-22,교육/체험,성북구,https://culture.seoul.go.kr/culture/culture/cultureEvent/view.do?cultcode=157822&menuNo=200011,https://culture.seoul.go.kr/cmmn/file/getImage.do?atchFileId=95c6e7c880764c5aad03df520c3f5d10&thumb=Y,서울시 문화행사,,,,2026-08-23 01:14:23
김민준 피아노 독주회,세종체임버홀,2026-05-18,2026-05-18,독주/독창회,종로구,https://culture.seoul.go.kr/culture/culture/cultureEvent/view.do?cultcode=157574&menuNo=200008,https://culture.seoul.go.kr/cmmn/file/getImage.do?atchFileId=60a1cdf091c949ef833e7f471caec309&thumb=Y,서울시 문화행사,,0.012949,36,2026-08-23 01:14:23
[서울시립 미술아카이브] 레퍼런스 라이브러리 2026 책시선들,서울시립 미술아카이브 모음동 1층 레퍼런스 라이브러리,2026-05-16,2026-06-27,교육/체험,종로구,https://culture.seoul.go.kr/culture/culture/cultureEvent/view.do?cultcode=157759&menuNo=200011,https://culture.seoul.go.kr/cmmn/file/getImage.do?atchFileId=41abb86a155546ecbad284c6dcc79d1d&thumb=Y,서울시 문화행사,,,,2026-08-23 01:14:23
소실의 층위 : 유폐된 기억과 길 잃은 시간의 조각들,갤러리 스페이스엘 ,2026-05-16,2026-06-14,전시/미술,서초구,https://culture.seoul.go.kr/culture/culture/cultureEvent/view.do?cultcode=157978&menuNo=200009,https://culture.seoul.go.kr/cmmn/file/getImage.do?atchFileId=de7d4ce9a3ae4c86abb06c94f030aa10&thumb=Y,서울시 문화행사,,0.000716,8,2026-08-23 01:14:23
"[서울공예박물관] 임페리얼 블루: 청화(5월 3,4,5주차)",전시3동 1층 교육실 및 전시1동 3층 기획전시실,2026-05-16,2026-05-30,교육/체험,종로구,https://culture.seoul.go.kr/culture/culture/cultureEvent/view.do?cultcode=157769&menuNo=200011,https://culture.seoul.go.kr/cmmn/file/getImage.do?atchFileId=59e71fd896d2419faee7efbdc66de4c0&thumb=Y,서울시 문화행사,,,,2026-08-23 01:14:23
[서울시청] 2026 제28회 서울드럼페스티벌,동대문디자인플라자(DDP),2026-05-16,2026-05-17,축제-문화/예술,중구,https://culture.seoul.go.kr/culture/culture/cultureEvent/view.do?cultcode=157531&menuNo=200010,https://culture.seoul.go.kr/cmmn/file/getImage.do?atchFileId=d71b5532b9444a3ead037c6e6c9278a0&thumb=Y,서울시 문화행사,,0.000311,0,2026-08-23 01:14:23
2026 [연등회] YeonDeungHoe,"동대문~종각사거리(종로 일원), 조계사, 봉은사, 청계천, 광화문광장, 인사동",2026-05-16,2026-05-17,축제-문화/예술,종로구,https://culture.seoul.go.kr/culture/culture/cultureEvent/view.do?cultcode=156678&menuNo=200010,https://culture.seoul.go.kr/cmmn/file/getImage.do?atchFileId=d397d0297b7148f5ae1deb382e829b9c&thumb=Y,서울시 문화행사,,,,2026-08-23 01:14:23
2026 국토발전전시관 가정의 달 문화행사 [출동! 가족탐험대],국토발전전시관 관내 및 앞마당,2026-05-16,2026-05-17,축제-문화/예술,중구,https://culture.seoul.go.kr/culture/culture/cultureEvent/view.do?cultcode=157835&menuNo=200010,https://culture.seoul.go.kr/cmmn/file/getImage.do?atchFileId=107fe24dd67a41af92a6e31357bcba96&thumb=Y,서울시 문화행사,,,,2026-08-23 01:14:23
2026 D.FESTA  거리공연축제,대학로 마로니에공원 일대,2026-05-16,2026-05-17,축제-문화/예술,종로구,https://culture.seoul.go.kr/culture/culture/cultureEvent/view.do?cultcode=157840&menuNo=200010,https://culture.seoul.go.kr/cmmn/file/getImage.do?atchFileId=4cb32848db2a4c6d8562fdb5d88f5b0a&thumb=Y,서울시 문화행사,,,,2026-08-23 01:14:23
[서울시립과학관] 개관 9주년 기념 [ 사이언스 페스티벌 ] - Youth & Rose -,서울시립과학관,2026-05-16,2026-05-17,축제-기타,노원구,https://culture.seoul.go.kr/culture/culture/cultureEvent/view.do?cultcode=157843&menuNo=200010,https://culture.seoul.go.kr/cmmn/file/getImage.do?atchFileId=33c930b427ae4f7b9fe1056c050e2eaa&thumb=Y,서울시 문화행사,,0.284088,67,2026-08-23 01:14:23
"[중랑구립면목정보도서관] 5월 주말N인문산책: 음악, 시대를 거닐다",면목정보도서관 3층 세미나실,2026-05-16,2026-05-16,교육/체험,중랑구,https://culture.seoul.go.kr/culture/culture/cultureEvent/view.do?cultcode=157544&menuNo=200011,https://culture.seoul.go.kr/cmmn/file/getImage.do?atchFileId=7299cf4a88e240c0bd1fb1b2d2b350d5&thumb=Y,서울시 문화행사,,,,2026-08-23 01:14:23
[서울남산국악당] 제26회 서울국제즉흥춤축제 개막공연,서울남산국악당,2026-05-16,2026-05-16,국악,중구,https://culture.seoul.go.kr/culture/culture/cultureEvent/view.do?cultcode=157322&menuNo=200008,https://culture.seoul.go.kr/cmmn/file/getImage.do?atchFileId=52a95c1a1a5e4a98be7d8e74f46bd209&thumb=Y,서울시 문화행사,,0.010422,34,2026-08-23 01:14:23
[서울시립 미술아카이브] 《알렉사에게》 연계 강연 [아카이빙 잇기],서울시립 미술아카이브 나눔동 2층 다목적홀,2026-05-16,2026-05-16,교육/체험,종로구,https://culture.seoul.go.kr/culture/culture/cultureEvent/view.do?cultcode=157762&menuNo=200011,https://culture.seoul.go.kr/cmmn/file/getImage.do?atchFileId=3ea98c83487e437da853a425ecf1967f&thumb=Y,서울시 문화행사,,,,2026-08-23 01:14:23
"[구립증산도서관] 책이랑 놀자, 이렇게! 5월 프로그램",구립증산도서관 지하문화강좌실,2026-05-16,2026-05-16,교육/체험,은평구,https://culture.seoul.go.kr/culture/culture/cultureEvent/view.do?cultcode=157740&menuNo=200011,https://culture.seoul.go.kr/cmmn/file/getImage.do?atchFileId=85b88405dae14b8ba20d2aa832b33ce0&thumb=Y,서울시 문화행사,,,,2026-08-23 01:14:23
[서울도서관] 2026 움직이는 서울형책방 1회 : 비플랫폼,광화문 라운지 (광화문역 9번 출구),2026-05-16,2026-05-16,교육/체험,종로구,https://culture.seoul.go.kr/culture/culture/cultureEvent/view.do?cultcode=157731&menuNo=200011,https://culture.seoul.go.kr/cmmn/file/getImage.do?atchFileId=9ad1ef85d6404b189f10ea1ac91867a3&thumb=Y,서울시 문화행사,,,,2026-08-23 01:14:23
[종로문화재단] 2026 [어디나 스테이지] @청계천 광통교,청계천 광통교,2026-05-16,2026-05-16,콘서트,종로구,https://culture.seoul.go.kr/culture/culture/cultureEvent/view.do?cultcode=157853&menuNo=200008,https://culture.seoul.go.kr/cmmn/file/getImage.do?atchFileId=4ec121251aa84d57883c58d788a78794&thumb=Y,서울시 문화행사,,0.009924,34,2026-08-23 01:14:23
문예북흥 No.61 - 『5.18 푸른 눈의 증인』 폴 코트라이트가 증언하고 우리가 기억해야 할 오월의 광주,이호철북콘서트홀,2026-05-16,2026-05-16,교육/체험,은평구,https://culture.seoul.go.kr/culture/culture/cultureEvent/view.do?cultcode=157699&menuNo=200011,https://culture.seoul.go.kr/cmmn/file/getImage.do?atchFileId=13082aaf32b5400386e1c0ef74f667e2&thumb=Y,서울시 문화행사,,0.013049,36,2026-08-23 01:14:23
[양천중앙도서관] 북스타트 주간 공연 [나는 고양이로소이다],양천중앙도서관 중앙홀,2026-05-16,2026-05-16,연극,양천구,https://culture.seoul.go.kr/culture/culture/cultureEvent/view.do?cultcode=157427&menuNo=200008,https://culture.seoul.go.kr/cmmn/file/getImage.do?atchFileId=868f3b8f2bdd4e4086d7dc995123448d&thumb=Y,서울시 문화행사,,,,2026-08-23 01:14:23
[강남문화재단] 5월 키즈예술공연 [숲속 동물들의 재주잔치],강남씨어터,2026-05-16,2026-05-16,연극,강남구,https://culture.seoul.go.kr/culture/culture/cultureEvent/view.do?cultcode=157861&menuNo=200008,https://culture.seoul.go.kr/cmmn/file/getImage.do?atchFileId=d1d60ce6a7ef4c6098d6cc6edf4b2b70&thumb=Y,서울시 문화행사,,0.012152,36,2026-08-23 01:14:23
[구로문화누리도서관] 북토크 [경쟁 교육은 야만이다],구로문화누리도서관 4층 큰누리홀,2026-05-16,2026-05-16,교육/체험,구로구,https://culture.seoul.go.kr/culture/culture/cultureEvent/view.do?cultcode=157448&menuNo=200011,https://culture.seoul.go.kr/cmmn/file/getImage.do?atchFileId=370f364d37be49e6af8f9e37966e87fd&thumb=Y,서울시 문화행사,,,,2026-08-23 01:14:23
[광진문화재단] 2026 피크닉 in 나루,서울어린이대공원 숲속의무대,2026-05-16,2026-05-16,축제-문화/예술,광진구,https://culture.seoul.go.kr/culture/culture/cultureEvent/view.do?cultcode=157867&menuNo=200010,https://culture.seoul.go.kr/cmmn/file/getImage.do?atchFileId=afe44802e74a4537b78b5f233453242b&thumb=Y,서울시 문화행사,,0.007128,31,2026-08-23 01:14:23
사랑의 열매 복권기금 토크콘서트 [통通하는 시간],KT&G 상상플래닛 커넥트홀,2026-05-16,2026-05-16,콘서트,성동구,https://culture.seoul.go.kr/culture/culture/cultureEvent/view.do?cultcode=157644&menuNo=200008,https://culture.seoul.go.kr/cmmn/file/getImage.do?atchFileId=004838649b1f4de488ab0b466ae0657d&thumb=Y,서울시 문화행사,,,,2026-08-23 01:14:23
리비툼 오케스트라 제4회 정기연주회 : 차이콥스키 현을 위한 세레나데,북서울꿈의숲아트센터 콘서트홀,2026-05-16,2026-05-16,클래식,강북구,https://culture.seoul.go.kr/culture/culture/cultureEvent/view.do?cultcode=157639&menuNo=200008,https://culture.seoul.go.kr/cmmn/file/getImage.do?atchFileId=72dc8e42248140dea81805f1cfbee651&thumb=Y,서울시 문화행사,,0.000789,9,2026-08-23 01:14:23
[마포구립서강도서관] 5월/초등 고학년을 위한 AI 강연 [꿈꾸는 IT 놀이터],마포구립서강도서관 3층 세미나실,2026-05-16,2026-05-16,교육/체험,마포구,https://culture.seoul.go.kr/culture/culture/cultureEvent/view.do?cultcode=157629&menuNo=200011,https://culture.seoul.go.kr/cmmn/file/getImage.do?atchFileId=9f23ad9ccc10495e8483a320837dde13&thumb=Y,서울시 문화행사,,,,2026-08-23 01:14:23
[용산역사박물관] 2026 용산역사박물관 [월간 청음회] 5월,용산역사박물관 1층 로비,2026-05-16,2026-05-16,국악,용산구,https://culture.seoul.go.kr/culture/culture/cultureEvent/view.do?cultcode=157627&menuNo=200008,https://culture.seoul.go.kr/cmmn/file/getImage.do?atchFileId=263f84e849ed43e98677a506b9be822b&thumb=Y,서울시 문화행사,,,,2026-08-23 01:14:23
[관학문화재단] 로열인문학 [윤일상의 창작 노트]를 훔치다],관악아트홀 공연장,2026-05-16,2026-05-16,콘서트,관악구,https://culture.seoul.go.kr/culture/culture/cultureEvent/view.do?cultcode=157477&menuNo=200008,https://culture.seoul.go.kr/cmmn/file/getImage.do?atchFileId=e6c55178c2334be09b6601f19b229cb2&thumb=Y,서울시 문화행사,,,,2026-08-23 01:14:23
[동작문화재단] 상도어울마당 아트홀 '아트 박스 콘서트' [책 읽는 마법사],상도어울마당 아트홀,2026-05-16,2026-05-16,콘서트,동작구,https://culture.seoul.go.kr/culture/culture/cultureEvent/view.do?cultcode=157481&menuNo=200008,https://culture.seoul.go.kr/cmmn/file/getImage.do?atchFileId=7b4a89a4a6874e4f8e3405d85695a3e4&thumb=Y,서울시 문화행사,,0.00042,3,2026-08-23 01:14:23
[서울문화재단] 춤추는 라운지 [바흐x무브먼트 in SDCC],서울무용창작센터,2026-05-16,2026-05-16,무용,은평구,https://culture.seoul.go.kr/culture/culture/cultureEvent/view.do?cultcode=157494&menuNo=200008,https://culture.seoul.go.kr/cmmn/file/getImage.do?atchFileId=b49e12997b604fe496d62b4e450faa06&thumb=Y,서울시 문화행사,,0.008766,33,2026-08-23 01:14:23
[구로문화재단] 2026 이달의 공연 [사운드트립]_5월 조환지&정승원,구로근린공원(기상 상황에 따라 변경될 수 있음),2026-05-16,2026-05-16,뮤지컬/오페라,구로구,https://culture.seoul.go.kr/culture/culture/cultureEvent/view.do?cultcode=157597&menuNo=200008,https://culture.seoul.go.kr/cmmn/file/getImage.do?atchFileId=8bb6dd395dad462789e510df32fde948&thumb=Y,서울시 문화행사,,,,2026-08-23 01:14:23
[서울아트책보고] 나의 도치에게 [최지예 작가와의 만남 : 내가 보내는 첫 번째 편지],서울아트책보고 워크숍룸,2026-05-16,2026-05-16,교육/체험,구로구,https://culture.seoul.go.kr/culture/culture/cultureEvent/view.do?cultcode=157566&menuNo=200011,https://culture.seoul.go.kr/cmmn/file/getImage.do?atchFileId=8326b69141324a1ea45d1b120e9cd417&thumb=Y,서울시 문화행사,,,,2026-08-23 01:14:23
[서울문화예술교육센터강북] 상설프로젝트 [일상의 무대] 체험 전시 및 연계 워크숍,서울문화예술교육센터 강북 1층 예술도담,2026-05-15,2027-03-31,교육/체험,강북구,https://culture.seoul.go.kr/culture/culture/cultureEvent/view.do?cultcode=157809&menuNo=200011,https://culture.seoul.go.kr/cmmn/file/getImage.do?atchFileId=29a3ca1518a540c1a80d4df817752b32&thumb=Y,서울시 문화행사,,,,2026-08-23 01:14:23
"[종로문화재단] 2026 박노수미술관 작가 협업전시 [향, 산수를 물들이다]",종로구립 박노수미술관,2026-05-15,2026-12-06,전시/미술,종로구,https://culture.seoul.go.kr/culture/culture/cultureEvent/view.do?cultcode=157807&menuNo=200009,https://culture.seoul.go.kr/cmmn/file/getImage.do?atchFileId=5f03761607dd4fe69af0fc1fa4ed6490&thumb=Y,서울시 문화행사,,,,2026-08-23 01:14:23
[서울생활사박물관] 대학에서 우리는 ,서울생활사박물관 기획전시실,2026-05-15,2026-09-27,전시/미술,노원구,https://culture.seoul.go.kr/culture/culture/cultureEvent/view.do?cultcode=157972&menuNo=200009,https://culture.seoul.go.kr/cmmn/file/getImage.do?atchFileId=e6590ac7beeb48abbc5f73c32ba0990a&thumb=Y,서울시 문화행사,,,,2026-08-23 01:14:23
[서울역사박물관] 전쟁에도 선은 있다(Wars have limits),서울역사박물관 로비전시실,2026-05-15,2026-08-09,전시/미술,종로구,https://culture.seoul.go.kr/culture/culture/cultureEvent/view.do?cultcode=157967&menuNo=200009,https://culture.seoul.go.kr/cmmn/file/getImage.do?atchFileId=e5deadd995a54bae8c8d6528dcd887cf&thumb=Y,서울시 문화행사,,,,2026-08-23 01:14:23
[서울아트책보고] 현대 소설 깊이 읽기 - 한유주 소설가,서울아트책보고 워크숍룸,2026-05-15,2026-06-19,교육/체험,구로구,https://culture.seoul.go.kr/culture/culture/cultureEvent/view.do?cultcode=157714&menuNo=200011,https://culture.seoul.go.kr/cmmn/file/getImage.do?atchFileId=e7ea4cdce4e74015962585af6e78c4f1&thumb=Y,서울시 문화행사,,,,2026-08-23 01:14:23
[서울시립 북서울미술관] 《몸을 위한 간주곡 ― 소목장세미》 연계 워크숍 [우리의 무늬 : 나무 컵 받침 만들기],"서울시립 북서울미술관 B1 스튜디오1, 1층 라운지 1",2026-05-15,2026-06-19,교육/체험,노원구,https://culture.seoul.go.kr/culture/culture/cultureEvent/view.do?cultcode=157829&menuNo=200011,https://culture.seoul.go.kr/cmmn/file/getImage.do?atchFileId=d649d10fc74c48568bc0df0f1aa3fcbb&thumb=Y,서울시 문화행사,,,,2026-08-23 01:14:23
일상에서 만나는 전통 그리고 고양이 : 묘재 그림전,"아트센터림 1층 아트윈도우, 2층 제 1/2 전시실",2026-05-15,2026-06-14,전시/미술,종로구,https://culture.seoul.go.kr/culture/culture/cultureEvent/view.do?cultcode=157816&menuNo=200009,https://culture.seoul.go.kr/cmmn/file/getImage.do?atchFileId=bcf78ced5b5c427f92266efefd958aa2&thumb=Y,서울시 문화행사,,,,2026-08-23 01:14:23
[중랑문화재단] 제 18회 중랑 서울장미축제,중랑장미공원,2026-05-15,2026-05-23,축제-자연/경관,중랑구,https://culture.seoul.go.kr/culture/culture/cultureEvent/view.do?cultcode=157630&menuNo=200010,https://culture.seoul.go.kr/cmmn/file/getImage.do?atchFileId=0aca464b6b7a4d258aee1400bb4272cc&thumb=Y,서울시 문화행사,,0.001444,15,2026-08-23 01:14:23
[서울시립미술관 서소문본관] 2026 모두를 위한 예술 프로그램 [몸으로 만나는 미술관] SeMA 워밍업(Warming-up),서울시립미술관 서소문본관 야외 공간 및 3층 SeMA L,2026-05-15,2026-05-22,교육/체험,중구,https://culture.seoul.go.kr/culture/culture/cultureEvent/view.do?cultcode=157766&menuNo=200011,https://culture.seoul.go.kr/cmmn/file/getImage.do?atchFileId=1e613a83025b4dedab5231ae795ecdd0&thumb=Y,서울시 문화행사,,,,2026-08-23 01:14:23
[세종문화회관] In the Bamboo Forest,세종M씨어터,2026-05-15,2026-05-17,무용,종로구,https://culture.seoul.go.kr/culture/culture/cultureEvent/view.do?cultcode=156602&menuNo=200008,https://culture.seoul.go.kr/cmmn/file/getImage.do?atchFileId=3371b5f5f9d048e8805924732ea10c9c&thumb=Y,서울시 문화행사,,0.003785,24,2026-08-23 01:14:23
[남산골한옥마을] 월간소반 : 주전부리,남산골한옥마을(서울시 중구),2026-05-15,2026-05-16,축제-기타,중구,https://culture.seoul.go.kr/culture/culture/cultureEvent/view.do?cultcode=157684&menuNo=200010,https://culture.seoul.go.kr/cmmn/file/getImage.do?atchFileId=b1f17c2f69e64c4d988fa2be7540e634&thumb=Y,서울시 문화행사,,,,2026-08-23 01:14:23
[운현궁] 2026 서울 운현궁 맞춤형 전통 문화체험 검무 원데이 클래스_5월,서울 운현궁 노락당,2026-05-15,2026-05-15,교육/체험,종로구,https://culture.seoul.go.kr/culture/culture/cultureEvent/view.do?cultcode=157727&menuNo=200011,https://culture.seoul.go.kr/cmmn/file/getImage.do?atchFileId=5f1913020f63475b92bc368bd2cfda65&thumb=Y,서울시 문화행사,,,,2026-08-23 01:14:23
황건영 피아노 독주회,세종체임버홀,2026-05-15,2026-05-15,독주/독창회,종로구,https://culture.seoul.go.kr/culture/culture/cultureEvent/view.do?cultcode=157575&menuNo=200008,https://culture.seoul.go.kr/cmmn/file/getImage.do?atchFileId=ba86bc2befa44d7bb764b89d7e03b4ba&thumb=Y,서울시 문화행사,,0.012949,36,2026-08-23 01:14:23
[세종문화회관] 26세종시즌·스위트석 [해리 포터와 죽음의 성물™ Part II 인 콘서트],세종문화회관 세종대극장,2026-05-15,2026-05-15,클래식,종로구,https://culture.seoul.go.kr/culture/culture/cultureEvent/view.do?cultcode=156599&menuNo=200008,https://culture.seoul.go.kr/cmmn/file/getImage.do?atchFileId=43866cc881c24dec936d47570f881456&thumb=Y,서울시 문화행사,,,,2026-08-23 01:14:23
[서울 문화의 밤] 5월 작가힙톡(Hip-Talk) - 도시관찰일기 (이다_1회차),서울도서관 1층 생각마루,2026-05-15,2026-05-15,교육/체험,중구,https://culture.seoul.go.kr/culture/culture/cultureEvent/view.do?cultcode=157679&menuNo=200011,https://culture.seoul.go.kr/cmmn/file/getImage.do?atchFileId=5388ff2e41d043c89dc84fa3ba0592d9&thumb=Y,서울시 문화행사,,,,2026-08-23 01:14:23
[서울시립교향악단] 2026 서울시향 우리동네 관현악 : 강동아트센터,강동아트센터 대극장 한강,2026-05-15,2026-05-15,클래식,강동구,https://culture.seoul.go.kr/culture/culture/cultureEvent/view.do?cultcode=157467&menuNo=200008,https://culture.seoul.go.kr/cmmn/file/getImage.do?atchFileId=8ca832eecf6b43d4a5f49a68cb7d1ac6&thumb=Y,서울시 문화행사,,0.006661,30,2026-08-23 01:14:23
[살롱클래식] Trinity K - 베버를 만나다,라율아트홀,2026-05-15,2026-05-15,클래식,서초구,https://culture.seoul.go.kr/culture/culture/cultureEvent/view.do?cultcode=157518&menuNo=200008,https://culture.seoul.go.kr/cmmn/file/getImage.do?atchFileId=dde5e6d8d31b408e9b47c66f31df453f&thumb=Y,서울시 문화행사,,0.012015,36,2026-08-23 01:14:23
[서울시립 서서울미술관] 개관 특별 미디어 소장품전 《서서울의 투명한 |청소년| 기계》,"서울시립 서서울미술관 1층 제3전시실, B1 제 1,2전시실",2026-05-14,2026-07-26,전시/미술,금천구,https://culture.seoul.go.kr/culture/culture/cultureEvent/view.do?cultcode=157782&menuNo=200009,https://culture.seoul.go.kr/cmmn/file/getImage.do?atchFileId=8311454255c546ce96f76c56b8ced9e6&thumb=Y,서울시 문화행사,,,,2026-08-23 01:14:23
[서울시립 서서울미술관] 《우리의 시간은 여기서부터》 전시연계 워크숍 [이 길로 가도 괜찮을까요? - 현대미술 표지판 만들기],서울시립 서서울미술관 1층 스튜디오 2,2026-05-14,2026-06-04,교육/체험,금천구,https://culture.seoul.go.kr/culture/culture/cultureEvent/view.do?cultcode=157830&menuNo=200011,https://culture.seoul.go.kr/cmmn/file/getImage.do?atchFileId=54b4b2d9da044c3c8fe3ecc4310aba3b&thumb=Y,서울시 문화행사,,,,2026-08-23 01:14:23
[서울문화예술교육센터 서초] 메이커스 워크숍 [몸의 앙상블 (2차)],서울문화예술교육센터 서초 4층 멀티 스튜디오,2026-05-14,2026-05-28,교육/체험,서초구,https://culture.seoul.go.kr/culture/culture/cultureEvent/view.do?cultcode=157508&menuNo=200011,https://culture.seoul.go.kr/cmmn/file/getImage.do?atchFileId=0eb0e0f0cb0843d9910d847b686a2ac7&thumb=Y,서울시 문화행사,,,,2026-08-23 01:14:23
Gear: 배치전환자,주석모음집,2026-05-14,2026-05-28,전시/미술,종로구,https://culture.seoul.go.kr/culture/culture/cultureEvent/view.do?cultcode=157828&menuNo=200009,https://culture.seoul.go.kr/cmmn/file/getImage.do?atchFileId=525d0d54fcd04dd9af34b08c3fee1d9c&thumb=Y,서울시 문화행사,,,,2026-08-23 01:14:23
제46회 전통공예명품전,국가무형유산전수교육관 3층 전시장 「올」,2026-05-14,2026-05-22,전시/미술,강남구,https://culture.seoul.go.kr/culture/culture/cultureEvent/view.do?cultcode=157387&menuNo=200009,https://culture.seoul.go.kr/cmmn/file/getImage.do?atchFileId=c80e0b7d106f4608a9e6c117ce995760&thumb=Y,서울시 문화행사,,,,2026-08-23 01:14:23
[종로문화재단] 2026 키우피우 오브제극축제 [봉장취],종로 아이들극장,2026-05-14,2026-05-16,연극,종로구,https://culture.seoul.go.kr/culture/culture/cultureEvent/view.do?cultcode=157043&menuNo=200008,https://culture.seoul.go.kr/cmmn/file/getImage.do?atchFileId=39fcab0efbc84d3ca24d2055c7f0dfdf&thumb=Y,서울시 문화행사,,0.020009,41,2026-08-23 01:14:23
[서울생활문화센터 체부] 체부국악실내악단 정기공연 [인간이도],서울생활문화센터 체부 체부홀,2026-05-14,2026-05-14,국악,종로구,https://culture.seoul.go.kr/culture/culture/cultureEvent/view.do?cultcode=157789&menuNo=200008,https://culture.seoul.go.kr/cmmn/file/getImage.do?atchFileId=99d88166aaba4f338a08383bbb81e83f&thumb=Y,서울시 문화행사,,,,2026-08-23 01:14:23
[서초문화재단] 서리풀 전곡 연주 시리즈 [하이든 교향곡 33 'Military'],반포심산아트홀,2026-05-14,2026-05-14,클래식,성동구,https://culture.seoul.go.kr/culture/culture/cultureEvent/view.do?cultcode=157718&menuNo=200008,https://culture.seoul.go.kr/cmmn/file/getImage.do?atchFileId=59b77e61e9f940e1b518e40f31d27e45&thumb=Y,서울시 문화행사,,0.023396,42,2026-08-23 01:14:23
[서울시립교향악단] 2026 서울시향 우리동네 관현악 - 동작구,숭실대학교 한경직기념관,2026-05-14,2026-05-14,클래식,동작구,https://culture.seoul.go.kr/culture/culture/cultureEvent/view.do?cultcode=157449&menuNo=200008,https://culture.seoul.go.kr/cmmn/file/getImage.do?atchFileId=926d3a294ce145a4aab6adebec51751a&thumb=Y,서울시 문화행사,,0.000311,0,2026-08-23 01:14:23
피아노 듀오 MINO 리사이틀,세종체임버홀,2026-05-14,2026-05-14,클래식,종로구,https://culture.seoul.go.kr/culture/culture/cultureEvent/view.do?cultcode=157591&menuNo=200008,https://culture.seoul.go.kr/cmmn/file/getImage.do?atchFileId=8d4c0b62f27e4346abc93063fe9cc995&thumb=Y,서울시 문화행사,,0.012949,36,2026-08-23 01:14:23
2026 은평역사한옥박물관 기획전시 [1.5m의 우주],은평역사한옥박물관 3층 기획전시실,2026-05-13,2026-09-06,전시/미술,은평구,https://culture.seoul.go.kr/culture/culture/cultureEvent/view.do?cultcode=157819&menuNo=200009,https://culture.seoul.go.kr/cmmn/file/getImage.do?atchFileId=c9e27db8d7d4453fb4506b548a542951&thumb=Y,서울시 문화행사,,,,2026-08-23 01:14:23
[한성백제박물관] 역사를 알기 쉽게 천천히 배우고 싶은 초등학생을 위한 [신비한 유물도감],한성백제박물관 교육실,2026-05-13,2026-06-24,교육/체험,송파구,https://culture.seoul.go.kr/culture/culture/cultureEvent/view.do?cultcode=157455&menuNo=200011,https://culture.seoul.go.kr/cmmn/file/getImage.do?atchFileId=adb52770dd8e4600b6809bc251b948b1&thumb=Y,서울시 문화행사,,,,2026-08-23 01:14:23
2026 상반기 [경복궁] 야간관람,"광화문, 흥례문, 근정전, 경회루, 사정전, 강녕전, 교태전, 아미산 권역",2026-05-13,2026-06-14,교육/체험,중구,https://culture.seoul.go.kr/culture/culture/cultureEvent/view.do?cultcode=158088&menuNo=200011,https://culture.seoul.go.kr/cmmn/file/getImage.do?atchFileId=8ba3d90dc7804f8aa9661bd578e4d57d&thumb=Y,서울시 문화행사,,,,2026-08-23 01:14:23
[서울문화예술교육센터 서초] 음악의 여정 [음악을 탄생시킨 사물들],서울문화예술교육센터 서초 3층 앙상블실1,2026-05-13,2026-05-27,교육/체험,서초구,https://culture.seoul.go.kr/culture/culture/cultureEvent/view.do?cultcode=157509&menuNo=200011,https://culture.seoul.go.kr/cmmn/file/getImage.do?atchFileId=69263c6c9d974e2baa4b397170d22514&thumb=Y,서울시 문화행사,,,,2026-08-23 01:14:23
[노원문화재단] 어린이뮤지컬 [책키와 북키],노원어린이극장,2026-05-13,2026-05-25,뮤지컬/오페라,노원구,https://culture.seoul.go.kr/culture/culture/cultureEvent/view.do?cultcode=157423&menuNo=200008,https://culture.seoul.go.kr/cmmn/file/getImage.do?atchFileId=e074d8bdb75b44c0a5e0ae11fc91f4bd&thumb=Y,서울시 문화행사,,0.010907,35,2026-08-23 01:14:23
[세종뮤지엄갤러리] 사군자 조각展 [김광호 기획초대전],세종뮤지엄갤러리 1관,2026-05-13,2026-05-24,전시/미술,광진구,https://culture.seoul.go.kr/culture/culture/cultureEvent/view.do?cultcode=157854&menuNo=200009,https://culture.seoul.go.kr/cmmn/file/getImage.do?atchFileId=1720c1691ccc46979cff082f644173ad&thumb=Y,서울시 문화행사,,,,2026-08-23 01:14:23
[세종뮤지엄갤러리] 김선태 기획초대전,세종뮤지엄갤러리 2관 (광진구 능동로  209 세종대학교 대양AI B1),2026-05-13,2026-05-24,전시/미술,광진구,https://culture.seoul.go.kr/culture/culture/cultureEvent/view.do?cultcode=158019&menuNo=200009,https://culture.seoul.go.kr/cmmn/file/getImage.do?atchFileId=a86c0ff01cf249f186b6afbe6d149c04&thumb=Y,서울시 문화행사,,,,2026-08-23 01:14:23
한국현대춤협회 [제39회 한국현대춤작가 12인전],나루아트센터 대공연장,2026-05-13,2026-05-20,무용,광진구,https://culture.seoul.go.kr/culture/culture/cultureEvent/view.do?cultcode=157561&menuNo=200008,https://culture.seoul.go.kr/cmmn/file/getImage.do?atchFileId=2cd7afc2122e4b02a727dd7186ab3ffd&thumb=Y,서울시 문화행사,,0.011878,36,2026-08-23 01:14:23
"미림아트갤러리 [쉼, 머무는 곳] 이미경 개인전",미림아트 3층 미림아트갤러리,2026-05-13,2026-05-18,전시/미술,종로구,https://culture.seoul.go.kr/culture/culture/cultureEvent/view.do?cultcode=157784&menuNo=200009,https://culture.seoul.go.kr/cmmn/file/getImage.do?atchFileId=ea0770b1f66c4b3c89945bc78a0ea7f3&thumb=Y,서울시 문화행사,,,,2026-08-23 01:14:23
[성동문화재단] 세계 영화 상영회 4회차 [스페인 영화],성수아트홀,2026-05-13,2026-05-13,영화,성동구,https://culture.seoul.go.kr/culture/culture/cultureEvent/view.do?cultcode=157500&menuNo=200013,https://culture.seoul.go.kr/cmmn/file/getImage.do?atchFileId=37be768d9f7c48d78be70de7a941ad4a&thumb=Y,서울시 문화행사,,0.033892,46,2026-08-23 01:14:23
2026 평화나눔음악회,세종대극장,2026-05-13,2026-05-13,클래식,종로구,https://culture.seoul.go.kr/culture/culture/cultureEvent/view.do?cultcode=157553&menuNo=200008,https://culture.seoul.go.kr/cmmn/file/getImage.do?atchFileId=35a2bff07c4a4169b74de695d55c1cf8&thumb=Y,서울시 문화행사,,0.002366,20,2026-08-23 01:14:23
[동대문문화재단] 브런치 콘서트 아트리움 - 국립오페라단: 국립오페라스튜디오,선농단역사문화관 지하 3층 중정,2026-05-13,2026-05-13,뮤지컬/오페라,동대문구,https://culture.seoul.go.kr/culture/culture/cultureEvent/view.do?cultcode=157329&menuNo=200008,https://culture.seoul.go.kr/cmmn/file/getImage.do?atchFileId=7f22d9f009874f5aac8aecf9589ab91e&thumb=Y,서울시 문화행사,,,,2026-08-23 01:14:23
[서울문화예술교육센터 은평] 영유아 원데이 [베베음악요가(오후반)],서울문화예술교육센터 은평 댄스스튜디오1,2026-05-13,2026-05-13,교육/체험,은평구,https://culture.seoul.go.kr/culture/culture/cultureEvent/view.do?cultcode=157648&menuNo=200011,https://culture.seoul.go.kr/cmmn/file/getImage.do?atchFileId=8efca9dacd024bf2b32fd8c659ccc9a5&thumb=Y,서울시 문화행사,,,,2026-08-23 01:14:23
[서울갤러리] 런치 스테이지 [해금 아티스트 우하린],서울갤러리 지하 1층 공연장,2026-05-13,2026-05-13,국악,중구,https://culture.seoul.go.kr/culture/culture/cultureEvent/view.do?cultcode=157745&menuNo=200008,https://culture.seoul.go.kr/cmmn/file/getImage.do?atchFileId=39b296a0a03943c49649759d7391e532&thumb=Y,서울시 문화행사,,,,2026-08-23 01:14:23
[서울시지원/ 전액무료] AI 인사이트 공연문화콘텐츠 기획,종로여성인력개발센터,2026-05-12,2026-08-06,교육/체험,종로구,https://culture.seoul.go.kr/culture/culture/cultureEvent/view.do?cultcode=157366&menuNo=200011,https://culture.seoul.go.kr/cmmn/file/getImage.do?atchFileId=3b2807c6e1ad415cbebce23402b0251a&thumb=Y,서울시 문화행사,,0.016448,39,2026-08-23 01:14:23
[서울공예박물관] 색유만개 : 권순형 기증특별전시,"서울공예박물관 전시1동  1층 로비, 안내동 일부",2026-05-12,2026-08-02,전시/미술,종로구,https://culture.seoul.go.kr/culture/culture/cultureEvent/view.do?cultcode=157607&menuNo=200009,https://culture.seoul.go.kr/cmmn/file/getImage.do?atchFileId=36124f9be563428e8d2635a4078fd319&thumb=Y,서울시 문화행사,,,,2026-08-23 01:14:23
[서울생활문화센터 서교] art1st - 소리로 그리는 마음,서울생활문화센터 서교(합정역),2026-05-12,2026-07-28,교육/체험,마포구,https://culture.seoul.go.kr/culture/culture/cultureEvent/view.do?cultcode=157788&menuNo=200011,https://culture.seoul.go.kr/cmmn/file/getImage.do?atchFileId=e1a661be31c548d7927816115a8ee8cf&thumb=Y,서울시 문화행사,,,,2026-08-23 01:14:23
2026 김근태기념도서관 민주주의·인권 기획전 《닿다》,"김근태기념도서관 1F(생각곳1, 기억곳1)",2026-05-12,2026-07-12,전시/미술,도봉구,https://culture.seoul.go.kr/culture/culture/cultureEvent/view.do?cultcode=158003&menuNo=200009,https://culture.seoul.go.kr/cmmn/file/getImage.do?atchFileId=bc1a7ee8819c4897b75d529a7074f6dc&thumb=Y,서울시 문화행사,,,,2026-08-23 01:14:23
"[한성백제박물관] 상반기 장애인 단체 대면 교육 [옛날옛날, 빛나는 백제 이야기]",박물관 로비/교육실,2026-05-12,2026-06-30,교육/체험,송파구,https://culture.seoul.go.kr/culture/culture/cultureEvent/view.do?cultcode=157690&menuNo=200011,https://culture.seoul.go.kr/cmmn/file/getImage.do?atchFileId=58420146f27740e39e6ac91e88d71d70&thumb=Y,서울시 문화행사,,,,2026-08-23 01:14:23
[연세대학교 미래교육원] 서대문구 행복캠퍼스 연세 인생학교: AI 인사이트,연세대학교 이윤재관,2026-05-12,2026-06-16,교육/체험,서대문구,https://culture.seoul.go.kr/culture/culture/cultureEvent/view.do?cultcode=157542&menuNo=200011,https://culture.seoul.go.kr/cmmn/file/getImage.do?atchFileId=0e6845c3c9164dfd99f7fc2a9608c1fa&thumb=Y,서울시 문화행사,,0.000747,9,2026-08-23 01:14:23
"[서울백제어린이박물관] 초등 2-3학년 학급 대상 [어린이백제연구소2] 옛날 도구, 오늘날 도구 (도구의변천)","서울백제어린이박물관(교육실, 전시실)",2026-05-12,2026-06-10,교육/체험,송파구,https://culture.seoul.go.kr/culture/culture/cultureEvent/view.do?cultcode=156836&menuNo=200011,https://culture.seoul.go.kr/cmmn/file/getImage.do?atchFileId=85ede03678db4ee5a0adb99f465d78ff&thumb=Y,서울시 문화행사,,,,2026-08-23 01:14:23
2026 Creative AI : Computer Vision,서울 종로구 율곡로 1길 37,2026-05-12,2026-06-09,교육/체험,종로구,https://culture.seoul.go.kr/culture/culture/cultureEvent/view.do?cultcode=157502&menuNo=200011,https://culture.seoul.go.kr/cmmn/file/getImage.do?atchFileId=14a3fd01522546f8a240146ca6e846be&thumb=Y,서울시 문화행사,,,,2026-08-23 01:14:23
[서울문화예술교육센터 용산] 미술독서회 [질문하는 미술: 미술과 책으로 그려보는 오늘의 세계],서울문화예술교육센터 용산 6층 다목적홀,2026-05-12,2026-06-02,교육/체험,용산구,https://culture.seoul.go.kr/culture/culture/cultureEvent/view.do?cultcode=157506&menuNo=200011,https://culture.seoul.go.kr/cmmn/file/getImage.do?atchFileId=09a3661ad95e4498aa0e369c7123378a&thumb=Y,서울시 문화행사,,,,2026-08-23 01:14:23
[서울시립과학관] 2026 과학관 성인교육 [내 몸 그림 설명서 - 그리고 움직이기],서울시립과학관 3층 3교육실,2026-05-12,2026-05-26,교육/체험,노원구,https://culture.seoul.go.kr/culture/culture/cultureEvent/view.do?cultcode=157358&menuNo=200011,https://culture.seoul.go.kr/cmmn/file/getImage.do?atchFileId=a21ea159202044b99215d3dd8c59725a&thumb=Y,서울시 문화행사,,,,2026-08-23 01:14:23
[서울시립미술관 서소문본관] 2026 모두를 위한 예술 프로그램 [쉬운 미술관] 감각 번역: 페이퍼 글리치 사전,서울시립미술관 서소문본관 3층 세마엘,2026-05-12,2026-05-26,교육/체험,중구,https://culture.seoul.go.kr/culture/culture/cultureEvent/view.do?cultcode=157765&menuNo=200011,https://culture.seoul.go.kr/cmmn/file/getImage.do?atchFileId=2c9a9acd49ea4b47ae3eb6b662044770&thumb=Y,서울시 문화행사,,,,2026-08-23 01:14:23
김재연 개인전: 호기,크리스프 웨지,2026-05-12,2026-05-24,전시/미술,마포구,https://culture.seoul.go.kr/culture/culture/cultureEvent/view.do?cultcode=157741&menuNo=200009,https://culture.seoul.go.kr/cmmn/file/getImage.do?atchFileId=242e40f466f2481fbd48977d6050188c&thumb=Y,서울시 문화행사,,,,2026-08-23 01:14:23
[운현궁] 2026 기획 전시 [단청이 스며든 자리],운현궁 기획전시실,2026-05-12,2026-05-17,전시/미술,종로구,https://culture.seoul.go.kr/culture/culture/cultureEvent/view.do?cultcode=157805&menuNo=200009,https://culture.seoul.go.kr/cmmn/file/getImage.do?atchFileId=9fa80cafef594ba095f0682cd4cb8032&thumb=Y,서울시 문화행사,,,,2026-08-23 01:14:23
[성동구립성수도서관] 다문화인식개선 교육 인형극 [아랫마을에서 온 두루미],성수아트홀 2층 성수책마루,2026-05-12,2026-05-12,연극,성동구,https://culture.seoul.go.kr/culture/culture/cultureEvent/view.do?cultcode=157576&menuNo=200008,https://culture.seoul.go.kr/cmmn/file/getImage.do?atchFileId=0a7c3c6547ae4e75942df9fb85841692&thumb=Y,서울시 문화행사,,,,2026-08-23 01:14:23
[서울문화예술교육센터 은평] 성인 원데이 클래스 [나를 세우는 발레핏(5월)],서울문화예술교육센터 은평 댄스스튜디오1,2026-05-12,2026-05-12,교육/체험,은평구,https://culture.seoul.go.kr/culture/culture/cultureEvent/view.do?cultcode=157647&menuNo=200011,https://culture.seoul.go.kr/cmmn/file/getImage.do?atchFileId=1a6c440c88f74990ad39cfc183ce7e51&thumb=Y,서울시 문화행사,,,,2026-08-23 01:14:23
[구립증산도서관] 가정의 달 특별공연 [마술연필을 가진 마술사],구립증산도서관 2층 강당,2026-05-12,2026-05-12,기타,은평구,https://culture.seoul.go.kr/culture/culture/cultureEvent/view.do?cultcode=157730&menuNo=200013,https://culture.seoul.go.kr/cmmn/file/getImage.do?atchFileId=dcd27fbc78af41268ac7c2f267ac1513&thumb=Y,서울시 문화행사,,,,2026-08-23 01:14:23
[서울시립 미술아카이브] 2026 서울시립 미술아카이브 대학연계프로그램 [오픈아카이브],서울시립 미술아카이브 모음동 3층 리서치랩,2026-05-11,2026-11-30,교육/체험,종로구,https://culture.seoul.go.kr/culture/culture/cultureEvent/view.do?cultcode=158355&menuNo=200011,https://culture.seoul.go.kr/cmmn/file/getImage.do?atchFileId=5c7f7c8c7a1747bf94c59448e40c1dd5&thumb=Y,서울시 문화행사,,,,2026-08-23 01:14:23
[서울남산국악당] 2026 전통예술 기획학교 [전농스쿨],서울남산국악당,2026-05-11,2026-06-08,교육/체험,중구,https://culture.seoul.go.kr/culture/culture/cultureEvent/view.do?cultcode=158175&menuNo=200011,https://culture.seoul.go.kr/cmmn/file/getImage.do?atchFileId=c8a94b59021441d78178a70ad165b77d&thumb=Y,서울시 문화행사,,0.010422,34,2026-08-23 01:14:23
[구립증산도서관] 가정의 달 맞이 [나도 건축가! : 네모네모 집 만들기],구립증산도서관 지하문화강좌실,2026-05-11,2026-05-11,교육/체험,은평구,https://culture.seoul.go.kr/culture/culture/cultureEvent/view.do?cultcode=157739&menuNo=200011,https://culture.seoul.go.kr/cmmn/file/getImage.do?atchFileId=b9303e0496b24a388b349b1f0781756a&thumb=Y,서울시 문화행사,,,,2026-08-23 01:14:23
[서울시립교향악단] 2026 서울시향 작은 음악회 - 국민건강보험공단 서울요양원,국민건강보험공단 서울요양원 4층 강당,2026-05-11,2026-05-11,클래식,강남구,https://culture.seoul.go.kr/culture/culture/cultureEvent/view.do?cultcode=157758&menuNo=200008,https://culture.seoul.go.kr/cmmn/file/getImage.do?atchFileId=3db385a588834ae48076001857269e1d&thumb=Y,서울시 문화행사,,,,2026-08-23 01:14:23
[앙상블 결 공연을 위한 어린이 클래스] w. 음악박사 스텔라,라율아트홀,2026-05-10,2026-05-31,교육/체험,서초구,https://culture.seoul.go.kr/culture/culture/cultureEvent/view.do?cultcode=157779&menuNo=200011,https://culture.seoul.go.kr/cmmn/file/getImage.do?atchFileId=8bd1b3ca7d3c414d81f766f460c66a7b&thumb=Y,서울시 문화행사,,0.012015,36,2026-08-23 01:14:23
"대한독립영화만세 Chapter.02 환경다큐 3편 [수라, 바로 지금 여기, 땅에 쓰는 시]",이호철북콘서트홀,2026-05-10,2026-05-24,영화,은평구,https://culture.seoul.go.kr/culture/culture/cultureEvent/view.do?cultcode=157760&menuNo=200013,https://culture.seoul.go.kr/cmmn/file/getImage.do?atchFileId=e6ae59cc371f4f6c90a1576d8b0d2abc&thumb=Y,서울시 문화행사,,0.013049,36,2026-08-23 01:14:23
[마포구립서강도서관] 5월/어린이메이킹 [행복맘껏time] 두 번째 일요일은 해봄공간 오픈데이,마포구립서강도서관 4층 어린이자료실 해봄,2026-05-10,2026-05-10,교육/체험,마포구,https://culture.seoul.go.kr/culture/culture/cultureEvent/view.do?cultcode=157524&menuNo=200011,https://culture.seoul.go.kr/cmmn/file/getImage.do?atchFileId=79db49392ea14941825d3f09bd6deefe&thumb=Y,서울시 문화행사,,,,2026-08-23 01:14:23
2026 서울시 태권도 공연,"남산골한옥마을, DDP(동대문디자인플라자) 등",2026-05-09,2026-10-18,축제-문화/예술,중구,https://culture.seoul.go.kr/culture/culture/cultureEvent/view.do?cultcode=157783&menuNo=200010,https://culture.seoul.go.kr/cmmn/file/getImage.do?atchFileId=292cefda02074a1bba028aea65b48755&thumb=Y,서울시 문화행사,,,,2026-08-23 01:14:23
[서울상상나라] 에너지 위기! 대체에너지 탐험,서울상상나라 B1 표현놀이실,2026-05-09,2026-07-19,교육/체험,광진구,https://culture.seoul.go.kr/culture/culture/cultureEvent/view.do?cultcode=157798&menuNo=200011,https://culture.seoul.go.kr/cmmn/file/getImage.do?atchFileId=582b93fb96294ba4b10535197ad0b6e4&thumb=Y,서울시 문화행사,,,,2026-08-23 01:14:23
[서울상상나라] To. 외계인,서울상상나라 B1 창의놀이실,2026-05-09,2026-07-19,교육/체험,광진구,https://culture.seoul.go.kr/culture/culture/cultureEvent/view.do?cultcode=157797&menuNo=200011,https://culture.seoul.go.kr/cmmn/file/getImage.do?atchFileId=240d6c4f932d44c099f463537898e10d&thumb=Y,서울시 문화행사,,,,2026-08-23 01:14:23
김수수 개인전 [불과 공],갤러리508,2026-05-09,2026-06-24,전시/미술,강남구,https://culture.seoul.go.kr/culture/culture/cultureEvent/view.do?cultcode=158005&menuNo=200009,https://culture.seoul.go.kr/cmmn/file/getImage.do?atchFileId=139d05ae4f2f4d758a1727a84d43a972&thumb=Y,서울시 문화행사,,0.001198,13,2026-08-23 01:14:23
[서울시립 미술아카이브] 기억을 그리는 여행가,서울시립 미술아카이브 배움동 2층 모두의 교실,2026-05-09,2026-06-07,교육/체험,종로구,https://culture.seoul.go.kr/culture/culture/cultureEvent/view.do?cultcode=157831&menuNo=200011,https://culture.seoul.go.kr/cmmn/file/getImage.do?atchFileId=6a0a2afdf4f7432ea4194b3014f84009&thumb=Y,서울시 문화행사,,,,2026-08-23 01:14:23
[서울상상나라] 우리 가족 얼굴 피자,서울상상나라 B1 요리놀이실,2026-05-09,2026-05-31,교육/체험,광진구,https://culture.seoul.go.kr/culture/culture/cultureEvent/view.do?cultcode=157800&menuNo=200011,https://culture.seoul.go.kr/cmmn/file/getImage.do?atchFileId=911928e567334b468469a48c46b21df2&thumb=Y,서울시 문화행사,,,,2026-08-23 01:14:23
[서울상상나라] 연두빛 타르트,서울상상나라 B1 요리놀이실,2026-05-09,2026-05-31,교육/체험,광진구,https://culture.seoul.go.kr/culture/culture/cultureEvent/view.do?cultcode=157799&menuNo=200011,https://culture.seoul.go.kr/cmmn/file/getImage.do?atchFileId=8294893045ec4d9db9f6d5e2b49c908e&thumb=Y,서울시 문화행사,,,,2026-08-23 01:14:23
[서울문화예술교육센터 양천] 예술작업실 [사진으로 만나는 장면들],"서울문화예술교육센터 양천 다목적홀, 야외수조",2026-05-09,2026-05-30,교육/체험,양천구,https://culture.seoul.go.kr/culture/culture/cultureEvent/view.do?cultcode=157507&menuNo=200011,https://culture.seoul.go.kr/cmmn/file/getImage.do?atchFileId=7ddbee09bbd04115b84d71acfd0181f7&thumb=Y,서울시 문화행사,,,,2026-08-23 01:14:23
[금천구립가산도서관] 다문화페스타 [사서의 가방 속  세 나라 이야기],금천구립가산도서관 6층 강의실,2026-05-09,2026-05-21,교육/체험,금천구,https://culture.seoul.go.kr/culture/culture/cultureEvent/view.do?cultcode=157430&menuNo=200011,https://culture.seoul.go.kr/cmmn/file/getImage.do?atchFileId=d646eca21e8945da90fdd07d97caaf7e&thumb=Y,서울시 문화행사,,,,2026-08-23 01:14:23
[구립증산도서관] 가정의 달 맞이 로비 이벤트 [우리 가족 얼마나 행복할까],구립증산도서관 1층 로비,2026-05-09,2026-05-21,교육/체험,은평구,https://culture.seoul.go.kr/culture/culture/cultureEvent/view.do?cultcode=157820&menuNo=200011,https://culture.seoul.go.kr/cmmn/file/getImage.do?atchFileId=d8890dc17cb648c5b17979b77ba76e65&thumb=Y,서울시 문화행사,,,,2026-08-23 01:14:23
제8회 어르니마켓 서울 커먼그라운드,커먼그라운드 야외광장,2026-05-09,2026-05-17,축제-기타,광진구,https://culture.seoul.go.kr/culture/culture/cultureEvent/view.do?cultcode=157624&menuNo=200010,https://culture.seoul.go.kr/cmmn/file/getImage.do?atchFileId=add748e31b7646b685ea25d9ec6254e2&thumb=Y,서울시 문화행사,,,,2026-08-23 01:14:23
[서울시립미술관 서소문본관] 2026 모두를 위한 예술 프로그램 [쉬운 미술관] 끝없는 이야기,서울시립미술관 서소문본관 3층 세마엘,2026-05-09,2026-05-16,교육/체험,중구,https://culture.seoul.go.kr/culture/culture/cultureEvent/view.do?cultcode=157671&menuNo=200011,https://culture.seoul.go.kr/cmmn/file/getImage.do?atchFileId=79376f559b904aae84bc87a010cc19e5&thumb=Y,서울시 문화행사,,,,2026-08-23 01:14:23
"[서울문화예술교육센터 강북] 워크숍 'play, play' [말하고 싶은 '탈'_1기]",서울문화예술교육센터 강북 4층 대강의실,2026-05-09,2026-05-16,교육/체험,강북구,https://culture.seoul.go.kr/culture/culture/cultureEvent/view.do?cultcode=157510&menuNo=200011,https://culture.seoul.go.kr/cmmn/file/getImage.do?atchFileId=4c05f62b2b61431eaacd7f0ec71d30de&thumb=Y,서울시 문화행사,,,,2026-08-23 01:14:23
[관악문화재단] 2026 관악 책빵축제,별빛내린천 서원보도교 일대,2026-05-09,2026-05-10,축제-문화/예술,관악구,https://culture.seoul.go.kr/culture/culture/cultureEvent/view.do?cultcode=157421&menuNo=200010,https://culture.seoul.go.kr/cmmn/file/getImage.do?atchFileId=2b23e4cb3ba54768bd2047d5e726eadc&thumb=Y,서울시 문화행사,,,,2026-08-23 01:14:23
"[서울시 어울림플라자] 2026 서울시 어울림플라자 가정의달 행사 [퐁퐁, 포용!]",서울시 어울림플라자 지하1층 어린이도서관 야외,2026-05-09,2026-05-10,교육/체험,강서구,https://culture.seoul.go.kr/culture/culture/cultureEvent/view.do?cultcode=157778&menuNo=200011,https://culture.seoul.go.kr/cmmn/file/getImage.do?atchFileId=6351600875cd48cab621f1c787878d07&thumb=Y,서울시 문화행사,,,,2026-08-23 01:14:23
[관악문화재단] 제5회 관악별빛사생대회,관천로 문화플랫폼 S1472 및 별빛내린천 수변,2026-05-09,2026-05-10,축제-기타,관악구,https://culture.seoul.go.kr/culture/culture/cultureEvent/view.do?cultcode=157311&menuNo=200010,https://culture.seoul.go.kr/cmmn/file/getImage.do?atchFileId=b1ac0f0aceaf403791d37c4de0443a45&thumb=Y,서울시 문화행사,,,,2026-08-23 01:14:23
[서울시] 2026 서울세계도시문화축제,서울동대문디자인플라자(DDP),2026-05-09,2026-05-10,축제-문화/예술,중구,https://culture.seoul.go.kr/culture/culture/cultureEvent/view.do?cultcode=157406&menuNo=200010,https://culture.seoul.go.kr/cmmn/file/getImage.do?atchFileId=cbf371472cad48199ce916f80ad87a1a&thumb=Y,서울시 문화행사,,,,2026-08-23 01:14:23
[세종문화회관] CHANGMO : THE EMPEROR,세종문화회관 세종대극장,2026-05-09,2026-05-10,콘서트,중구,https://culture.seoul.go.kr/culture/culture/cultureEvent/view.do?cultcode=156954&menuNo=200008,https://culture.seoul.go.kr/cmmn/file/getImage.do?atchFileId=af3b057052eb4868a869793cade3dd0b&thumb=Y,서울시 문화행사,,,,2026-08-23 01:14:23
[서울문화예술교육센터 은평] 춤추는 라운지 [바흐를 듣는 몸],서울무용창작센터,2026-05-09,2026-05-09,교육/체험,은평구,https://culture.seoul.go.kr/culture/culture/cultureEvent/view.do?cultcode=157539&menuNo=200011,https://culture.seoul.go.kr/cmmn/file/getImage.do?atchFileId=2ab5c25eabf646da9887b11f802cb494&thumb=Y,서울시 문화행사,,0.008766,33,2026-08-23 01:14:23
지브리 vs 주술회전 OST 콘서트,세종문화회관 세종M씨어터,2026-05-09,2026-05-09,클래식,은평구,https://culture.seoul.go.kr/culture/culture/cultureEvent/view.do?cultcode=157234&menuNo=200008,https://culture.seoul.go.kr/cmmn/file/getImage.do?atchFileId=f1b70524f0be4cf6be26076c4b529d46&thumb=Y,서울시 문화행사,,,,2026-08-23 01:14:23
[노원평생학습관] 제17회 노원평생학습한마당: 배움이 팡! 재미가 톡!,"노원평생학습관 앞마당, 시청각실, 로비 등",2026-05-09,2026-05-09,축제-문화/예술,노원구,https://culture.seoul.go.kr/culture/culture/cultureEvent/view.do?cultcode=157626&menuNo=200010,https://culture.seoul.go.kr/cmmn/file/getImage.do?atchFileId=0cb39891a12c4e3584a504ec63337d0d&thumb=Y,서울시 문화행사,,,,2026-08-23 01:14:23
[운현궁] 2026 서울 운현궁 고종·명성후 가례 재현 행사,운현궁 노락당,2026-05-09,2026-05-09,축제-전통/역사,종로구,https://culture.seoul.go.kr/culture/culture/cultureEvent/view.do?cultcode=157726&menuNo=200010,https://culture.seoul.go.kr/cmmn/file/getImage.do?atchFileId=b81a231d4c2944d5aa5d05ea3328c0b5&thumb=Y,서울시 문화행사,,0.000374,2,2026-08-23 01:14:23
[서울시립교향악단] 2026 서울시향 김선욱과 알리스 사라 오트 ②,예술의전당 콘서트홀,2026-05-09,2026-05-09,클래식,서초구,https://culture.seoul.go.kr/culture/culture/cultureEvent/view.do?cultcode=157347&menuNo=200008,https://culture.seoul.go.kr/cmmn/file/getImage.do?atchFileId=60df33553b584805b603c8d5b392051d&thumb=Y,서울시 문화행사,,0.021067,41,2026-08-23 01:14:23
[시민정원학교 공개특강] 조경가 김봉찬의 자연주의정원,사람사는세상 노무현시민센터 다목적홀 가치하다,2026-05-09,2026-05-09,교육/체험,종로구,https://culture.seoul.go.kr/culture/culture/cultureEvent/view.do?cultcode=157439&menuNo=200011,https://culture.seoul.go.kr/cmmn/file/getImage.do?atchFileId=c41f5ebe349b4df6b20f2a71bdcff5f9&thumb=Y,서울시 문화행사,,,,2026-08-23 01:14:23
[서울갤러리] 런치 스테이지 [싱어송라이터 이훈주],서울갤러리 지하 1층 공연장,2026-05-09,2026-05-09,콘서트,중구,https://culture.seoul.go.kr/culture/culture/cultureEvent/view.do?cultcode=157744&menuNo=200008,https://culture.seoul.go.kr/cmmn/file/getImage.do?atchFileId=06490da944dd4344a397b17adc10ea7f&thumb=Y,서울시 문화행사,,,,2026-08-23 01:14:23
[마포문화재단] 2026 마포아트센터 광장문화축제 [무대위의 책방],마포아트센터 앞 광장,2026-05-09,2026-05-09,축제-기타,마포구,https://culture.seoul.go.kr/culture/culture/cultureEvent/view.do?cultcode=157654&menuNo=200010,https://culture.seoul.go.kr/cmmn/file/getImage.do?atchFileId=cab1b81dc31d41bb85e96402ad73e6a8&thumb=Y,서울시 문화행사,,,,2026-08-23 01:14:23
[서울문화예술교육센터 은평] 춤추는 라운지 [몸으로 만나는 바흐 - 춤과 무용사이],서울무용창작센터,2026-05-09,2026-05-09,교육/체험,은평구,https://culture.seoul.go.kr/culture/culture/cultureEvent/view.do?cultcode=157540&menuNo=200011,https://culture.seoul.go.kr/cmmn/file/getImage.do?atchFileId=8e97aff3ebee4cf1bf52cb87ed29e2ea&thumb=Y,서울시 문화행사,,0.008766,33,2026-08-23 01:14:23
[광진문화재단] 2026 나루동요제,서울어린이대공원 열린무대 ※우천 시 연기 및 별도 안내,2026-05-09,2026-05-09,축제-기타,광진구,https://culture.seoul.go.kr/culture/culture/cultureEvent/view.do?cultcode=157096&menuNo=200010,https://culture.seoul.go.kr/cmmn/file/getImage.do?atchFileId=7c38e0720f5f4e9b89970006fc1868e2&thumb=Y,서울시 문화행사,,,,2026-08-23 01:14:23
"봄의 예술 산책, 건축과 음악을 거닐다",Studio301 성수,2026-05-09,2026-05-09,콘서트,성동구,https://culture.seoul.go.kr/culture/culture/cultureEvent/view.do?cultcode=157599&menuNo=200008,https://culture.seoul.go.kr/cmmn/file/getImage.do?atchFileId=4cc78f7fc30f43dba27f639fe3fc1813&thumb=Y,서울시 문화행사,,,,2026-08-23 01:14:23
[강남문화재단] 배리어프리 공연 넌버벌 [네네네],"강남씨어터(서울특별시 강남구 역삼로 7길 16, 역삼1동복합문화센터 3층)",2026-05-09,2026-05-09,연극,강남구,https://culture.seoul.go.kr/culture/culture/cultureEvent/view.do?cultcode=157757&menuNo=200008,https://culture.seoul.go.kr/cmmn/file/getImage.do?atchFileId=221d93a6fd7745b68e135eb1ca3827bb&thumb=Y,서울시 문화행사,,,,2026-08-23 01:14:23
"[서울문화예술교육센터 서초] 5월, 음악가의 사적인 플레이리스트 [폭풍 뒤의 빛, 베토벤 음악의 서사]",서울문화예술교육센터 서초,2026-05-09,2026-05-09,교육/체험,서초구,https://culture.seoul.go.kr/culture/culture/cultureEvent/view.do?cultcode=157538&menuNo=200011,https://culture.seoul.go.kr/cmmn/file/getImage.do?atchFileId=5b03e2e382b04615aa73c7b30a7a01b2&thumb=Y,서울시 문화행사,,0.015713,38,2026-08-23 01:14:23
[서울공예박물관] 2026 SeMoCA 공예강좌 #2,서울공예박물관 교육동 1층 강당,2026-05-09,2026-05-09,교육/체험,종로구,https://culture.seoul.go.kr/culture/culture/cultureEvent/view.do?cultcode=157689&menuNo=200011,https://culture.seoul.go.kr/cmmn/file/getImage.do?atchFileId=727602c0cfcc4550a35529baa4deced7&thumb=Y,서울시 문화행사,,,,2026-08-23 01:14:23
[서울책보고] 큐레이션 토크 with 키즈엠 [나만의 별모빌 만들기 - 체험형 북토크],서울책보고 라운지,2026-05-09,2026-05-09,교육/체험,송파구,https://culture.seoul.go.kr/culture/culture/cultureEvent/view.do?cultcode=157563&menuNo=200011,https://culture.seoul.go.kr/cmmn/file/getImage.do?atchFileId=367609ab8f9f4b5db0daf16e81ca89eb&thumb=Y,서울시 문화행사,,,,2026-08-23 01:14:23
[서울아트책보고] 지구 생명을 살리는 산소 [김형진 박사님과 함께하는 산소 대탐험],서울아트책보고 워크숍룸,2026-05-09,2026-05-09,교육/체험,구로구,https://culture.seoul.go.kr/culture/culture/cultureEvent/view.do?cultcode=157565&menuNo=200011,https://culture.seoul.go.kr/cmmn/file/getImage.do?atchFileId=7b5a561a07e14e8a9bf0b465a48b60f2&thumb=Y,서울시 문화행사,,,,2026-08-23 01:14:23
"[구립증산도서관] 가정의 달 맞이 형제자매 협동 프로그램 [내 옆에 쏙, 평생 친구!]",구립증산도서관 지하문화강좌실,2026-05-09,2026-05-09,교육/체험,은평구,https://culture.seoul.go.kr/culture/culture/cultureEvent/view.do?cultcode=157728&menuNo=200011,https://culture.seoul.go.kr/cmmn/file/getImage.do?atchFileId=1fd7ed59de5e4d10b750db1988cd57b1&thumb=Y,서울시 문화행사,,,,2026-08-23 01:14:23
"2026 노들노을스테이지 라이브하우스 - Tokai, 주혜린, 프랭클리(FRankly)",노들섬 라이브하우스,2026-05-09,2026-05-09,콘서트,용산구,https://culture.seoul.go.kr/culture/culture/cultureEvent/view.do?cultcode=157505&menuNo=200008,https://culture.seoul.go.kr/cmmn/file/getImage.do?atchFileId=92c9cae2d4914ad6ba7aeb2938018548&thumb=Y,서울시 문화행사,,0.042421,48,2026-08-23 01:14:23
[서울문화재단] 어린이 문학 워크숍 [문학레시피 연희문학창작촌×현대리바트],연희문학창작촌 책다방연희,2026-05-09,2026-05-09,교육/체험,서대문구,https://culture.seoul.go.kr/culture/culture/cultureEvent/view.do?cultcode=157581&menuNo=200011,https://culture.seoul.go.kr/cmmn/file/getImage.do?atchFileId=61f3d040f935435ab1bfb725c82948a3&thumb=Y,서울시 문화행사,,,,2026-08-23 01:14:23
[서울시농수산식품공사] 2026년 제3회 가락몰 전국빵지자랑,가락몰 3층 하늘공원,2026-05-08,2026-05-10,축제-기타,송파구,https://culture.seoul.go.kr/culture/culture/cultureEvent/view.do?cultcode=157454&menuNo=200010,https://culture.seoul.go.kr/cmmn/file/getImage.do?atchFileId=bf5d7be485e442e8b9d8342a23c9daeb&thumb=Y,서울시 문화행사,,,,2026-08-23 01:14:23
[미래한강본부] 2026 한강 서래섬 피크닉 콘서트 [봄결찬란],반포한강공원 서래섬,2026-05-08,2026-05-10,콘서트,서초구,https://culture.seoul.go.kr/culture/culture/cultureEvent/view.do?cultcode=157776&menuNo=200008,https://culture.seoul.go.kr/cmmn/file/getImage.do?atchFileId=d5a70a02d66147888408d575008be5bf&thumb=Y,서울시 문화행사,,,,2026-08-23 01:14:23
제46회 한국합창제,국립극장 해오름극장,2026-05-08,2026-05-10,클래식,중구,https://culture.seoul.go.kr/culture/culture/cultureEvent/view.do?cultcode=157501&menuNo=200008,https://culture.seoul.go.kr/cmmn/file/getImage.do?atchFileId=272bbbd79927484babbca00fb3c9f1c9&thumb=Y,서울시 문화행사,,0.257667,66,2026-08-23 01:14:23
[강동문화재단] 판소리 음악극 [긴긴밤],강동아트센터 소극장 드림,2026-05-08,2026-05-09,국악,강동구,https://culture.seoul.go.kr/culture/culture/cultureEvent/view.do?cultcode=157080&menuNo=200008,https://culture.seoul.go.kr/cmmn/file/getImage.do?atchFileId=7a04e39dc20747a5b2feefa02e3731ca&thumb=Y,서울시 문화행사,,0.001594,16,2026-08-23 01:14:23
[서울문화예술교육센터 강북] 공연 [라이브씨어터] 하붑,서울문화예술교육센터 강북 2층 예술당솔샘,2026-05-08,2026-05-09,연극,강북구,https://culture.seoul.go.kr/culture/culture/cultureEvent/view.do?cultcode=157609&menuNo=200008,https://culture.seoul.go.kr/cmmn/file/getImage.do?atchFileId=351215b44f0d4e1684b3a739f3924813&thumb=Y,서울시 문화행사,,,,2026-08-23 01:14:23
[강북문화재단] 2026 [419연극제] 극단 76 [기국서의 햄릿],강북문화예술회관 강북소나무홀,2026-05-08,2026-05-09,연극,강북구,https://culture.seoul.go.kr/culture/culture/cultureEvent/view.do?cultcode=157297&menuNo=200008,https://culture.seoul.go.kr/cmmn/file/getImage.do?atchFileId=920e7a18932e469eaa87a03fa5f1017e&thumb=Y,서울시 문화행사,,0.001818,17,2026-08-23 01:14:23
[서울 문화의 밤] 5월 작가힙톡(Hip-Talk) - 극한에서 살아남은 생명들의 이야기 (이원영),서울도서관 1층 생각마루,2026-05-08,2026-05-08,교육/체험,중구,https://culture.seoul.go.kr/culture/culture/cultureEvent/view.do?cultcode=157678&menuNo=200011,https://culture.seoul.go.kr/cmmn/file/getImage.do?atchFileId=143eba956ace4139a67ac17fd1d93e6f&thumb=Y,서울시 문화행사,,,,2026-08-23 01:14:23
[서울시립교향악단] 2026 서울시향 김선욱의 베토벤과 브람스 ①,롯데콘서트홀,2026-05-08,2026-05-08,클래식,송파구,https://culture.seoul.go.kr/culture/culture/cultureEvent/view.do?cultcode=157346&menuNo=200008,https://culture.seoul.go.kr/cmmn/file/getImage.do?atchFileId=0f290a74d9c047b98b640aaf5de60255&thumb=Y,서울시 문화행사,,0.808786,77,2026-08-23 01:14:23
[서울역사박물관] 스웨덴 극단 ‘밈테아트른’ 초청 공연 [내 꺼야! (It’s MiNE!)],서울역사박물관,2026-05-08,2026-05-08,연극,종로구,https://culture.seoul.go.kr/culture/culture/cultureEvent/view.do?cultcode=157743&menuNo=200008,https://culture.seoul.go.kr/cmmn/file/getImage.do?atchFileId=016fc7f95e5f43d79b77a39d63bba469&thumb=Y,서울시 문화행사,,0.699003,75,2026-08-23 01:14:23
[구산동도서관마을] 「에브리웨어 경제학」 김경곤 저자와의 만남(작가힙톡) : 세상의 흐름을 읽는 경제 문해력,구산동도서관마을 3층 힐링캠프,2026-05-08,2026-05-08,교육/체험,은평구,https://culture.seoul.go.kr/culture/culture/cultureEvent/view.do?cultcode=157585&menuNo=200011,https://culture.seoul.go.kr/cmmn/file/getImage.do?atchFileId=1f42d123faa84bf2a969b01c71ccc4d6&thumb=Y,서울시 문화행사,,,,2026-08-23 01:14:23
서울세계소리페스티벌 [서울! 실크로드를 가다],KBS홀,2026-05-08,2026-05-08,콘서트,영등포구,https://culture.seoul.go.kr/culture/culture/cultureEvent/view.do?cultcode=157674&menuNo=200008,https://culture.seoul.go.kr/cmmn/file/getImage.do?atchFileId=9126ee0f47e2430cb5f5b343cc9f6662&thumb=Y,서울시 문화행사,,0.021715,41,2026-08-23 01:14:23
[강동문화재단] 밀레니엄심포니오케스트라 [지브리&디즈니 OST 콘서트], 강동아트센터 대극장 한강,2026-05-08,2026-05-08,클래식,강동구,https://culture.seoul.go.kr/culture/culture/cultureEvent/view.do?cultcode=157085&menuNo=200008,https://culture.seoul.go.kr/cmmn/file/getImage.do?atchFileId=6d4f53a85554411fab356230b5c14711&thumb=Y,서울시 문화행사,,0.006661,30,2026-08-23 01:14:23
[송파 청년아티스트센터] 3기 릴레이 개인전 [교차점],송파 청년아티스트센터 지하1층 아트 스페이스,2026-05-07,2026-10-31,전시/미술,송파구,https://culture.seoul.go.kr/culture/culture/cultureEvent/view.do?cultcode=157706&menuNo=200009,https://culture.seoul.go.kr/cmmn/file/getImage.do?atchFileId=59b38b0849614c78a65e330cf6993c4f&thumb=Y,서울시 문화행사,,,,2026-08-23 01:14:23
김영준 x 요시다 유니 기획전 Face to face,DDP 이간수문전시장,2026-05-07,2026-06-07,전시/미술,중구,https://culture.seoul.go.kr/culture/culture/cultureEvent/view.do?cultcode=157672&menuNo=200009,https://culture.seoul.go.kr/cmmn/file/getImage.do?atchFileId=2e699755a39b40619ddea53a22e59ef4&thumb=Y,서울시 문화행사,,0.000545,5,2026-08-23 01:14:23
임하리 작가의 개인전 [구루구루 GURUGURU],"갤러리 플래닛 (서울시 강남구 압구정로 71길 14,2층)",2026-05-07,2026-05-30,전시/미술,강남구,https://culture.seoul.go.kr/culture/culture/cultureEvent/view.do?cultcode=157687&menuNo=200009,https://culture.seoul.go.kr/cmmn/file/getImage.do?atchFileId=6fc12843cdf641228ed0eced1a23eaf5&thumb=Y,서울시 문화행사,,,,2026-08-23 01:14:23
[구립증산도서관] 스마트 아카데미 수강생 모집 (상반기),구립증산도서관 1층 문화교육실,2026-05-07,2026-05-28,교육/체험,은평구,https://culture.seoul.go.kr/culture/culture/cultureEvent/view.do?cultcode=157522&menuNo=200011,https://culture.seoul.go.kr/cmmn/file/getImage.do?atchFileId=715ea970b5504d2db2ce97d051f294f5&thumb=Y,서울시 문화행사,,,,2026-08-23 01:14:23
"[송파 청년아티스트센터] 3기 릴레이 개인전 [Eternal Mansion, 영원을 담은 나의 집-서혜인]",송파 청년아티스트센터 지하1층 아트 스페이스,2026-05-07,2026-05-19,전시/미술,송파구,https://culture.seoul.go.kr/culture/culture/cultureEvent/view.do?cultcode=157708&menuNo=200009,https://culture.seoul.go.kr/cmmn/file/getImage.do?atchFileId=274065400738486c8fed1fb8d16dc731&thumb=Y,서울시 문화행사,,,,2026-08-23 01:14:23
2026년 창경궁 야연(상반기),창경궁 문정전 일원,2026-05-07,2026-05-17,교육/체험,종로구,https://culture.seoul.go.kr/culture/culture/cultureEvent/view.do?cultcode=157796&menuNo=200011,https://culture.seoul.go.kr/cmmn/file/getImage.do?atchFileId=9e29ccf0743c49d0a4fb2c0ad10ffb9e&thumb=Y,서울시 문화행사,,,,2026-08-23 01:14:23
기획 전시 [기억가게 2026 - 오래 쓰는 마음],모리함 전시관 2-3F,2026-05-07,2026-05-17,전시/미술,중구,https://culture.seoul.go.kr/culture/culture/cultureEvent/view.do?cultcode=157656&menuNo=200009,https://culture.seoul.go.kr/cmmn/file/getImage.do?atchFileId=63228b6b991948bda588ecfb7ede3998&thumb=Y,서울시 문화행사,,,,2026-08-23 01:14:23
[종로문화재단] 2026 키우피우 오브제극축제 [코 잃은 코끼리 코바],종로 아이들극장,2026-05-07,2026-05-09,연극,종로구,https://culture.seoul.go.kr/culture/culture/cultureEvent/view.do?cultcode=157042&menuNo=200008,https://culture.seoul.go.kr/cmmn/file/getImage.do?atchFileId=d5711ec0975d4cbda3e47fbc2f3b6142&thumb=Y,서울시 문화행사,,0.020009,41,2026-08-23 01:14:23
[은평문화재단] 은평문화재단*알테무지크서울 5월 [클래식 ABC],은평문화예술회관 숲속극장,2026-05-07,2026-05-07,클래식,은평구,https://culture.seoul.go.kr/culture/culture/cultureEvent/view.do?cultcode=157441&menuNo=200008,https://culture.seoul.go.kr/cmmn/file/getImage.do?atchFileId=4be03338e0754469afadedfb850a4765&thumb=Y,서울시 문화행사,,0.000311,0,2026-08-23 01:14:23
다사랑 클라리넷 앙상블 창단 20주년 기념 음악회,세종체임버홀,2026-05-07,2026-05-07,클래식,종로구,https://culture.seoul.go.kr/culture/culture/cultureEvent/view.do?cultcode=157592&menuNo=200008,https://culture.seoul.go.kr/cmmn/file/getImage.do?atchFileId=a8546644454d4d36b8fa86631824b3f3&thumb=Y,서울시 문화행사,,0.012949,36,2026-08-23 01:14:23
2026 문화가 흐르는 서울광장,서울광장,2026-05-06,2026-12-31,콘서트,중구,https://culture.seoul.go.kr/culture/culture/cultureEvent/view.do?cultcode=157652&menuNo=200008,https://culture.seoul.go.kr/cmmn/file/getImage.do?atchFileId=1b528df0c90847c5a74b9110b2d2dd28&thumb=Y,서울시 문화행사,,0.033145,46,2026-08-23 01:14:23
[중랑구립정보도서관] 2026 상반기 [중랑 공감소통 인문],중랑구립정보도서관 4층 강당,2026-05-06,2026-06-25,교육/체험,중랑구,https://culture.seoul.go.kr/culture/culture/cultureEvent/view.do?cultcode=157447&menuNo=200011,https://culture.seoul.go.kr/cmmn/file/getImage.do?atchFileId=6ba1b33895724fcba74e91f85fc17122&thumb=Y,서울시 문화행사,,,,2026-08-23 01:14:23
[갤러리지우헌] 허상욱 개인전: 분청 마음,갤러리 지우헌,2026-05-06,2026-06-03,전시/미술,종로구,https://culture.seoul.go.kr/culture/culture/cultureEvent/view.do?cultcode=157715&menuNo=200009,https://culture.seoul.go.kr/cmmn/file/getImage.do?atchFileId=cbdadfe6623e471d8e41a958828bab71&thumb=Y,서울시 문화행사,,0.000685,8,2026-08-23 01:14:23
"[서울문화예술교육센터 용산] 독서가이드 [고전발견 : 마침내, 인간]",서울문화예술교육센터 용산 5층 홀,2026-05-06,2026-05-27,교육/체험,용산구,https://culture.seoul.go.kr/culture/culture/cultureEvent/view.do?cultcode=157709&menuNo=200011,https://culture.seoul.go.kr/cmmn/file/getImage.do?atchFileId=13cf296975f1413d85c52072b734c937&thumb=Y,서울시 문화행사,,,,2026-08-23 01:14:23
[서울무형유산교육전시장] 2026년 운현궁에서 배우는 전통매듭 체험 모집,운현궁 이로당,2026-05-06,2026-05-27,교육/체험,종로구,https://culture.seoul.go.kr/culture/culture/cultureEvent/view.do?cultcode=157558&menuNo=200011,https://culture.seoul.go.kr/cmmn/file/getImage.do?atchFileId=d9f7c6b35e4b444dab781fe2fd07b841&thumb=Y,서울시 문화행사,,,,2026-08-23 01:14:23
[관악문화재단] 2026 S1472 어린이주간 [미술로 봄!],관천로 문화플랫폼 S1472 및 별빛내린천 수변,2026-05-06,2026-05-10,축제-기타,관악구,https://culture.seoul.go.kr/culture/culture/cultureEvent/view.do?cultcode=157584&menuNo=200010,https://culture.seoul.go.kr/cmmn/file/getImage.do?atchFileId=e2abe55ed3e34e39a3d7104bae940e86&thumb=Y,서울시 문화행사,,,,2026-08-23 01:14:23
2026 노들노을스테이지,"노들섬 잔디마당, 라이브하우스, 노들갤러리 1관&2관",2026-05-06,2026-05-09,축제-문화/예술,용산구,https://culture.seoul.go.kr/culture/culture/cultureEvent/view.do?cultcode=157416&menuNo=200010,https://culture.seoul.go.kr/cmmn/file/getImage.do?atchFileId=dd1c26d348094a47bde19fb566e00287&thumb=Y,서울시 문화행사,,,,2026-08-23 01:14:23
공연봄날X세종문화회관 PART1,세종문화회관 M씨어터,2026-05-06,2026-05-08,콘서트,종로구,https://culture.seoul.go.kr/culture/culture/cultureEvent/view.do?cultcode=157685&menuNo=200008,https://culture.seoul.go.kr/cmmn/file/getImage.do?atchFileId=1380e21b8cfb4ce3964585e986333dc1&thumb=Y,서울시 문화행사,,0.060277,51,2026-08-23 01:14:23
[강남구 평생학습센터] 유럽 4개국 문화원과 함께하는 [세계인의날 특강],논현글로벌평생학습센터 3층 3강의실,2026-05-06,2026-05-08,교육/체험,강남구,https://culture.seoul.go.kr/culture/culture/cultureEvent/view.do?cultcode=157408&menuNo=200011,https://culture.seoul.go.kr/cmmn/file/getImage.do?atchFileId=2b051a3616dc45fbbab4b26e6fe7d03b&thumb=Y,서울시 문화행사,,,,2026-08-23 01:14:23
선정원 피아노 독주회,세종체임버홀,2026-05-06,2026-05-06,독주/독창회,종로구,https://culture.seoul.go.kr/culture/culture/cultureEvent/view.do?cultcode=157593&menuNo=200008,https://culture.seoul.go.kr/cmmn/file/getImage.do?atchFileId=a5578b3f408b42479f46aea23f02d5ea&thumb=Y,서울시 문화행사,,0.012949,36,2026-08-23 01:14:23
2026 디즈니 인 콘서트 : Beyond the Magic,세종문화회관 세종대극장,2026-05-06,2026-05-06,클래식,종로구,https://culture.seoul.go.kr/culture/culture/cultureEvent/view.do?cultcode=156953&menuNo=200008,https://culture.seoul.go.kr/cmmn/file/getImage.do?atchFileId=c38124d818104eb5bc1827a8faf0e408&thumb=Y,서울시 문화행사,,,,2026-08-23 01:14:23
[금천구립금나래도서관] 어린이인형극 [뽀글이의 하루],금천구립금나래도서관 강의실,2026-05-06,2026-05-06,연극,금천구,https://culture.seoul.go.kr/culture/culture/cultureEvent/view.do?cultcode=157425&menuNo=200008,https://culture.seoul.go.kr/cmmn/file/getImage.do?atchFileId=ebb9a3bad65947c18eb407955d902f9e&thumb=Y,서울시 문화행사,,,,2026-08-23 01:14:23
[도봉문화재단] 둘리뮤지엄 [둘리와 함께 그린 어린이날],둘리뮤지엄 내·외부 일대,2026-05-05,2026-05-25,교육/체험,도봉구,https://culture.seoul.go.kr/culture/culture/cultureEvent/view.do?cultcode=157882&menuNo=200011,https://culture.seoul.go.kr/cmmn/file/getImage.do?atchFileId=f66c9f2641a9448caa204d45145a1e04&thumb=Y,서울시 문화행사,,,,2026-08-23 01:14:23
[운현궁] 2026 기획전시 [구르믈 그리는 오랭이],운현궁 기획전시실,2026-05-05,2026-05-10,전시/미술,종로구,https://culture.seoul.go.kr/culture/culture/cultureEvent/view.do?cultcode=157696&menuNo=200009,https://culture.seoul.go.kr/cmmn/file/getImage.do?atchFileId=b95af706c6b4497881df3581de89ff91&thumb=Y,서울시 문화행사,,,,2026-08-23 01:14:23
[서울역사박물관 X 경희궁] 책 읽으라궁,경희궁 회랑 (우천시 취소),2026-05-05,2026-05-10,교육/체험,종로구,https://culture.seoul.go.kr/culture/culture/cultureEvent/view.do?cultcode=157569&menuNo=200011,https://culture.seoul.go.kr/cmmn/file/getImage.do?atchFileId=5efa3ff683774834be1707a6b8691079&thumb=Y,서울시 문화행사,,,,2026-08-23 01:14:23
[서울역사박물관] 한-불 수교 140주년 기념 어린이 아뜰리에 [이야기를 들려줘!] X 경희궁,경희궁 회랑 (우천시 서울역사박물관 내부),2026-05-05,2026-05-10,교육/체험,종로구,https://culture.seoul.go.kr/culture/culture/cultureEvent/view.do?cultcode=157474&menuNo=200011,https://culture.seoul.go.kr/cmmn/file/getImage.do?atchFileId=65217570768645b2bd954818177d9171&thumb=Y,서울시 문화행사,,,,2026-08-23 01:14:23
[남산골한옥마을] 2026 남산골 어린이마을,남산골한옥마을 일대,2026-05-05,2026-05-05,축제-기타,중구,https://culture.seoul.go.kr/culture/culture/cultureEvent/view.do?cultcode=157577&menuNo=200010,https://culture.seoul.go.kr/cmmn/file/getImage.do?atchFileId=766ef06783da4170bf0d80cf285eea76&thumb=Y,서울시 문화행사,,,,2026-08-23 01:14:23
[운현궁] 어린이날 운현궁에서 놀궁 [우리 가족 함께 한옥콘서트],운현궁 노락당,2026-05-05,2026-05-05,콘서트,종로구,https://culture.seoul.go.kr/culture/culture/cultureEvent/view.do?cultcode=157637&menuNo=200008,https://culture.seoul.go.kr/cmmn/file/getImage.do?atchFileId=28d035fb0f414f50a0ed9385698e5ffa&thumb=Y,서울시 문화행사,,0.000374,2,2026-08-23 01:14:23
피카스(PICAS) 그림동화 음악회 - [피아노로 듣는 흥부전],세종체임버홀,2026-05-05,2026-05-05,클래식,종로구,https://culture.seoul.go.kr/culture/culture/cultureEvent/view.do?cultcode=157602&menuNo=200008,https://culture.seoul.go.kr/cmmn/file/getImage.do?atchFileId=a5d5c560e0e943a09391ea62af9c255b&thumb=Y,서울시 문화행사,,0.012949,36,2026-08-23 01:14:23
[서울아트책보고] 어린이날 특별 기획 가족 뮤지컬 [잃어버린 색을 찾아서],서울아트책보고 열린무대,2026-05-05,2026-05-05,뮤지컬/오페라,구로구,https://culture.seoul.go.kr/culture/culture/cultureEvent/view.do?cultcode=157564&menuNo=200008,https://culture.seoul.go.kr/cmmn/file/getImage.do?atchFileId=83fe0b3888244cb68ee998bf0b0cd89b&thumb=Y,서울시 문화행사,,,,2026-08-23 01:14:23
서울 스프링페스티벌 로드쇼,뚝섬 한강공원 수변무대,2026-05-05,2026-05-05,축제-관광/체육,광진구,https://culture.seoul.go.kr/culture/culture/cultureEvent/view.do?cultcode=157199&menuNo=200010,https://culture.seoul.go.kr/cmmn/file/getImage.do?atchFileId=425c5cef4c2e476c8aa925f59264302f&thumb=Y,서울시 문화행사,,0.000602,6,2026-08-23 01:14:23
2026 방도 기획 공모 당선작 [Self-Clipper],2~3층,2026-05-04,2026-05-22,전시/미술,영등포구,https://culture.seoul.go.kr/culture/culture/cultureEvent/view.do?cultcode=157810&menuNo=200009,https://culture.seoul.go.kr/cmmn/file/getImage.do?atchFileId=c0a6863417eb432caecb95732cab01a3&thumb=Y,서울시 문화행사,,,,2026-08-23 01:14:23
[구립증산도서관] 책 따라 걷는 도서관 5월 원화 전시 [백 개의 꽃씨와 쥐],구립증산도서관 1층 로비 / 3층 어린이열람실,2026-05-04,2026-05-21,전시/미술,은평구,https://culture.seoul.go.kr/culture/culture/cultureEvent/view.do?cultcode=157733&menuNo=200009,https://culture.seoul.go.kr/cmmn/file/getImage.do?atchFileId=837c3ea57b184aab9350a834a60becd2&thumb=Y,서울시 문화행사,,,,2026-08-23 01:14:23
서울서커스페스티벌2026,노들섬,2026-05-04,2026-05-05,축제-문화/예술,용산구,https://culture.seoul.go.kr/culture/culture/cultureEvent/view.do?cultcode=157595&menuNo=200010,https://culture.seoul.go.kr/cmmn/file/getImage.do?atchFileId=6894f126744c454da139afeb2054ef31&thumb=Y,서울시 문화행사,,0.338488,68,2026-08-23 01:14:23
Saint-Saens: 어린이와 함께 연주하는 동물의 사육제,세종체임버홀,2026-05-04,2026-05-04,클래식,종로구,https://culture.seoul.go.kr/culture/culture/cultureEvent/view.do?cultcode=157603&menuNo=200008,https://culture.seoul.go.kr/cmmn/file/getImage.do?atchFileId=c71716d7e3894d50be742c41feeb871b&thumb=Y,서울시 문화행사,,0.012949,36,2026-08-23 01:14:23
[서울시립과학관] 2026 일상실험실: 실험 체험 프로그램 (5월),서울시립과학관 1층 별관 메이커스튜디오,2026-05-03,2026-05-31,교육/체험,노원구,https://culture.seoul.go.kr/culture/culture/cultureEvent/view.do?cultcode=157773&menuNo=200011,https://culture.seoul.go.kr/cmmn/file/getImage.do?atchFileId=049401b220a442d989015c1d18341bf5&thumb=Y,서울시 문화행사,,,,2026-08-23 01:14:23
[중랑문화재단] 봉화산 옹기문화마당 5월~6월 체험프로그램,봉화산 옹기문화마당(중랑구 신내로21길 115-1),2026-05-02,2026-06-27,교육/체험,중랑구,https://culture.seoul.go.kr/culture/culture/cultureEvent/view.do?cultcode=157529&menuNo=200011,https://culture.seoul.go.kr/cmmn/file/getImage.do?atchFileId=b4a38d0fe3ee44b0bc05ab636497afda&thumb=Y,서울시 문화행사,,,,2026-08-23 01:14:23
2026 한강 웰니스 위크,광나루 한강공원 헬스장 주변,2026-05-02,2026-06-14,축제-관광/체육,영등포구,https://culture.seoul.go.kr/culture/culture/cultureEvent/view.do?cultcode=157703&menuNo=200010,https://culture.seoul.go.kr/cmmn/file/getImage.do?atchFileId=ce5c2bb4892d494fb486ce4381467ab3&thumb=Y,서울시 문화행사,,,,2026-08-23 01:14:23
[서울시립 사진미술관] 어린이를 위한 감상교육 [미술관 탐험],서울시립 사진미술관 전시실 및 1교육실,2026-05-02,2026-06-13,교육/체험,도봉구,https://culture.seoul.go.kr/culture/culture/cultureEvent/view.do?cultcode=157761&menuNo=200011,https://culture.seoul.go.kr/cmmn/file/getImage.do?atchFileId=3b060851bfe0447fa662c416d69083b5&thumb=Y,서울시 문화행사,,,,2026-08-23 01:14:23
[서울식물원] 2026 낭만수국전 HYDRANGEA SHOW,서울식물원 전시온실 지중해관,2026-05-02,2026-05-31,전시/미술,강서구,https://culture.seoul.go.kr/culture/culture/cultureEvent/view.do?cultcode=157795&menuNo=200009,https://culture.seoul.go.kr/cmmn/file/getImage.do?atchFileId=969c3a5bc5694862bdd4688ca678571d&thumb=Y,서울시 문화행사,,,,2026-08-23 01:14:23
[마포구립서강도서관] 5월 문화프로그램 안내,마포구립서강도서관,2026-05-02,2026-05-31,교육/체험,마포구,https://culture.seoul.go.kr/culture/culture/cultureEvent/view.do?cultcode=157623&menuNo=200011,https://culture.seoul.go.kr/cmmn/file/getImage.do?atchFileId=d6bd2f0d07ec4b7b828891ec32177f7e&thumb=Y,서울시 문화행사,,0.013559,37,2026-08-23 01:14:23
"[구립증산도서관] 가족열람실 5월 북큐레이션 [같이 놀아요, 가족]",구립증산도서관  3층 가족열람실,2026-05-02,2026-05-31,교육/체험,은평구,https://culture.seoul.go.kr/culture/culture/cultureEvent/view.do?cultcode=157736&menuNo=200011,https://culture.seoul.go.kr/cmmn/file/getImage.do?atchFileId=3caa641c5c5b4130b58755689586bf6d&thumb=Y,서울시 문화행사,,,,2026-08-23 01:14:23
[마포구립서강도서관] 5월/어린이메이킹 [해봄아 노올자!] 해봄맘껏Time,마포구립서강도서관 4층 어린이자료실 내 해봄,2026-05-02,2026-05-30,교육/체험,마포구,https://culture.seoul.go.kr/culture/culture/cultureEvent/view.do?cultcode=157568&menuNo=200011,https://culture.seoul.go.kr/cmmn/file/getImage.do?atchFileId=d23762ba92f547b1b5b1e077075cd352&thumb=Y,서울시 문화행사,,,,2026-08-23 01:14:23
빛과 어둠의 경계에서,세종문화회관 세종S씨어터,2026-05-02,2026-05-25,연극,종로구,https://culture.seoul.go.kr/culture/culture/cultureEvent/view.do?cultcode=157335&menuNo=200008,https://culture.seoul.go.kr/cmmn/file/getImage.do?atchFileId=0eeea492c11e4eb7816334e58cfeb6ce&thumb=Y,서울시 문화행사,,,,2026-08-23 01:14:23
최명숙 개인전 [시-서-화],공간일리,2026-05-02,2026-05-24,전시/미술,종로구,https://culture.seoul.go.kr/culture/culture/cultureEvent/view.do?cultcode=157658&menuNo=200009,https://culture.seoul.go.kr/cmmn/file/getImage.do?atchFileId=d221d407e8dd4d2da306cd90e87ec9fe&thumb=Y,서울시 문화행사,,,,2026-08-23 01:14:23
[구립증산도서관] 테마로 즐기는 도서관 - 5월 테마전시체험전 [도서관 고양이: 두 번째 이야기],구립증산도서관 지하 1층 북갤러리 및 3층 가족열람실,2026-05-02,2026-05-23,전시/미술,은평구,https://culture.seoul.go.kr/culture/culture/cultureEvent/view.do?cultcode=157734&menuNo=200009,https://culture.seoul.go.kr/cmmn/file/getImage.do?atchFileId=70cf549668794862a581af57347920ec&thumb=Y,서울시 문화행사,,,,2026-08-23 01:14:23
[영등포문화재단] 술술센터 [BayVer the ㅔㅣㅏㅣ ― 전통의 결구와 인공지능의 결핍 展] 이영후,술술센터 B1 술술갤러리,2026-05-02,2026-05-17,전시/미술,영등포구,https://culture.seoul.go.kr/culture/culture/cultureEvent/view.do?cultcode=157823&menuNo=200009,https://culture.seoul.go.kr/cmmn/file/getImage.do?atchFileId=30b4f92a13084f9fbba9fddffe4991cc&thumb=Y,서울시 문화행사,,,,2026-08-23 01:14:23
[서울아트책보고] 처음 만나는 미술사 - 이소영 미술 교육인ㆍ미술 에세이스트,서울아트책보고 워크숍룸,2026-05-02,2026-05-16,교육/체험,구로구,https://culture.seoul.go.kr/culture/culture/cultureEvent/view.do?cultcode=157567&menuNo=200011,https://culture.seoul.go.kr/cmmn/file/getImage.do?atchFileId=f47a521600bd4c239ce177fe47f7d1e8&thumb=Y,서울시 문화행사,,,,2026-08-23 01:14:23
[미래한강본부] 2026 한강페스티벌-봄 [Hangang River Festival-Spring],"한강공원 일대(이촌, 반포, 여의도 중심)",2026-05-02,2026-05-10,축제-기타,용산구,https://culture.seoul.go.kr/culture/culture/cultureEvent/view.do?cultcode=157526&menuNo=200010,https://culture.seoul.go.kr/cmmn/file/getImage.do?atchFileId=002c92fe376e47d5a536e69b9de6c727&thumb=Y,서울시 문화행사,,,,2026-08-23 01:14:23
2026 DDP 어린이 디자인 페스티벌,"DDP 어울림광장, 팔거리, 잔디언덕",2026-05-02,2026-05-05,축제-문화/예술,중구,https://culture.seoul.go.kr/culture/culture/cultureEvent/view.do?cultcode=157547&menuNo=200010,https://culture.seoul.go.kr/cmmn/file/getImage.do?atchFileId=868c4b8eeb19495c9d6fa91a8328caf8&thumb=Y,서울시 문화행사,,,,2026-08-23 01:14:23
[관학문화재단] 어린이뮤지컬 [피터래빗],관악아트홀 공연장,2026-05-02,2026-05-03,뮤지컬/오페라,관악구,https://culture.seoul.go.kr/culture/culture/cultureEvent/view.do?cultcode=157476&menuNo=200008,https://culture.seoul.go.kr/cmmn/file/getImage.do?atchFileId=cea355cb36264547ad53c2f049d4304b&thumb=Y,서울시 문화행사,,,,2026-08-23 01:14:23
[서울문화재단] 2026 어린이·가족 예술축제 [톡톡],"서울문화예술교육센터 양천, 서서울호수공원",2026-05-02,2026-05-03,축제-문화/예술,양천구,https://culture.seoul.go.kr/culture/culture/cultureEvent/view.do?cultcode=157519&menuNo=200010,https://culture.seoul.go.kr/cmmn/file/getImage.do?atchFileId=732806299ab2466bbd8d2f483f2cb555&thumb=Y,서울시 문화행사,,,,2026-08-23 01:14:23
지브리 & 디즈니 OST 콘서트,세종문화회관 세종대극장,2026-05-02,2026-05-03,클래식,종로구,https://culture.seoul.go.kr/culture/culture/cultureEvent/view.do?cultcode=157334&menuNo=200008,https://culture.seoul.go.kr/cmmn/file/getImage.do?atchFileId=33150244bd134a35a147db2334f7ebdb&thumb=Y,서울시 문화행사,,,,2026-08-23 01:14:23
[꿈의숲아트센터] 2026 꿈의숲 어린이마술콘서트 [쇼프라이즈 II],꿈의숲아트센터 퍼포먼스홀,2026-05-02,2026-05-03,콘서트,강북구,https://culture.seoul.go.kr/culture/culture/cultureEvent/view.do?cultcode=157315&menuNo=200008,https://culture.seoul.go.kr/cmmn/file/getImage.do?atchFileId=08ca752d18d547599009bbe22f19e70f&thumb=Y,서울시 문화행사,,0.036383,46,2026-08-23 01:14:23
[서울돈화문국악당] 2026 어울어울우리가족 - 강강술래 한바퀴,"서울돈화문국악당 , 서울우리소리박물관",2026-05-02,2026-05-03,국악,종로구,https://culture.seoul.go.kr/culture/culture/cultureEvent/view.do?cultcode=157465&menuNo=200008,https://culture.seoul.go.kr/cmmn/file/getImage.do?atchFileId=36117112cfea4f9381fa16ebcdafbbaf&thumb=Y,서울시 문화행사,,,,2026-08-23 01:14:23
2026 서울재즈페스타 ,여의도 한강공원 물빛광장 특설무대,2026-05-02,2026-05-02,축제-문화/예술,영등포구,https://culture.seoul.go.kr/culture/culture/cultureEvent/view.do?cultcode=157512&menuNo=200010,https://culture.seoul.go.kr/cmmn/file/getImage.do?atchFileId=3fea4efc4d074b3b8194e1ef3c34a7c2&thumb=Y,서울시 문화행사,,,,2026-08-23 01:14:23
[서울시립교향악단] 2026 서울시향 키즈 콘서트 - 클래식 음악 여행,롯데콘서트홀,2026-05-02,2026-05-02,클래식,송파구,https://culture.seoul.go.kr/culture/culture/cultureEvent/view.do?cultcode=157348&menuNo=200008,https://culture.seoul.go.kr/cmmn/file/getImage.do?atchFileId=42d1b4429e534ba3ac8c62592f4760e3&thumb=Y,서울시 문화행사,,0.808786,77,2026-08-23 01:14:23
김미령 바이올린 독주회,세종체임버홀,2026-05-02,2026-05-02,독주/독창회,종로구,https://culture.seoul.go.kr/culture/culture/cultureEvent/view.do?cultcode=157555&menuNo=200008,https://culture.seoul.go.kr/cmmn/file/getImage.do?atchFileId=6c08c0f0b6d949c8b1245de12eaf8f68&thumb=Y,서울시 문화행사,,0.012949,36,2026-08-23 01:14:23
2026 자문밖문화포럼 예술강좌 프로그램 [자하크리에이티브 워크(JAHA CREATIVE WORK)],서울시립미술아카이브 배움동 2층 (서울특별시 종로구 평창문화로 101),2026-05-02,2026-05-02,교육/체험,종로구,https://culture.seoul.go.kr/culture/culture/cultureEvent/view.do?cultcode=157438&menuNo=200011,https://culture.seoul.go.kr/cmmn/file/getImage.do?atchFileId=eab22f527c2f49bb8b17d46df22cd9d5&thumb=Y,서울시 문화행사,,,,2026-08-23 01:14:23
[성동문화재단] 민쿠스발레 SUITE [돈키호테 & 라 바야데르],소월아트홀,2026-05-02,2026-05-02,무용,성동구,https://culture.seoul.go.kr/culture/culture/cultureEvent/view.do?cultcode=157497&menuNo=200008,https://culture.seoul.go.kr/cmmn/file/getImage.do?atchFileId=93d819dfc2a4421e996968d4e679dbaa&thumb=Y,서울시 문화행사,,0.159576,61,2026-08-23 01:14:23
2026 서울거리공연 구석구석라이브,공연별 상이,2026-05-01,2026-12-31,콘서트,용산구,https://culture.seoul.go.kr/culture/culture/cultureEvent/view.do?cultcode=157655&menuNo=200008,https://culture.seoul.go.kr/cmmn/file/getImage.do?atchFileId=edccc8857cfe4ac1886089adadae554e&thumb=Y,서울시 문화행사,,,,2026-08-23 01:14:23
"[서울문화재단] 2026 서울문화예술교육 프로그램 [모아, 담아] 1차",서울시내 전역,2026-05-01,2026-11-30,교육/체험,종로구,https://culture.seoul.go.kr/culture/culture/cultureEvent/view.do?cultcode=158124&menuNo=200011,https://culture.seoul.go.kr/cmmn/file/getImage.do?atchFileId=6bb9215b9aa04215ba91c59e9d283a80&thumb=Y,서울시 문화행사,,,,2026-08-23 01:14:23
2026 서울국제정원박람회,서울숲 일대,2026-05-01,2026-10-27,축제-자연/경관,성동구,https://culture.seoul.go.kr/culture/culture/cultureEvent/view.do?cultcode=156916&menuNo=200010,https://culture.seoul.go.kr/cmmn/file/getImage.do?atchFileId=94950c28bee44177bf2bff226fec0dc4&thumb=Y,서울시 문화행사,,,,2026-08-23 01:14:23
[서울시] 2026 오간수교 미디어파사드 사계1 전시 [청계 리브(LIVE): 초록 스프링],오간수교(서울시 종로구 율곡로 오간수문지),2026-05-01,2026-08-31,전시/미술,종로구,https://culture.seoul.go.kr/culture/culture/cultureEvent/view.do?cultcode=157915&menuNo=200009,https://culture.seoul.go.kr/cmmn/file/getImage.do?atchFileId=7b7e9cf869254bed97acd714f44811b8&thumb=Y,서울시 문화행사,,,,2026-08-23 01:14:23
[영등포아트스퀘어] Living Geometry(생동 기하학),영등포아트스퀘어,2026-05-01,2026-06-28,전시/미술,영등포구,https://culture.seoul.go.kr/culture/culture/cultureEvent/view.do?cultcode=157433&menuNo=200009,https://culture.seoul.go.kr/cmmn/file/getImage.do?atchFileId=75e21f2c95e444d6b9d7e19be57f8a23&thumb=Y,서울시 문화행사,,0.007931,32,2026-08-23 01:14:23
[서초문화재단] 서초문화관광해설사 전문양성과정 5기 (예사문화체험지도사 자격증) 모집 ,서초문화예술회관 및 관내 주용 관광지,2026-05-01,2026-06-11,교육/체험,서초구,https://culture.seoul.go.kr/culture/culture/cultureEvent/view.do?cultcode=157812&menuNo=200011,https://culture.seoul.go.kr/cmmn/file/getImage.do?atchFileId=7e5d5452b6034b7f9f1e2a1aab81b40a&thumb=Y,서울시 문화행사,,,,2026-08-23 01:14:23
[구립증산도서관] 2026년 5월 북인사이트 : 책으로 만나는 축제,구립증산도서관 2층 종합자료실 앞,2026-05-01,2026-05-31,축제-문화/예술,은평구,https://culture.seoul.go.kr/culture/culture/cultureEvent/view.do?cultcode=157737&menuNo=200010,https://culture.seoul.go.kr/cmmn/file/getImage.do?atchFileId=48ac54e0aae44d1793814109bf6a53bf&thumb=Y,서울시 문화행사,,,,2026-08-23 01:14:23
[마포구립서강도서관] 5월/팟캐스트 서강도서관 피셜 67회 [사랑은 하트 모양이 아니야],팟빵(온라인),2026-05-01,2026-05-31,기타,마포구,https://culture.seoul.go.kr/culture/culture/cultureEvent/view.do?cultcode=157716&menuNo=200013,https://culture.seoul.go.kr/cmmn/file/getImage.do?atchFileId=a1359a54a76d43118ba19e9bfad9a580&thumb=Y,서울시 문화행사,,,,2026-08-23 01:14:23
Let Dreams Shine! [베베핀 드림랜드],동대문디자인플라자 디자인랩1층 DDP쇼룸,2026-05-01,2026-05-31,교육/체험,중구,https://culture.seoul.go.kr/culture/culture/cultureEvent/view.do?cultcode=157641&menuNo=200011,https://culture.seoul.go.kr/cmmn/file/getImage.do?atchFileId=b578b0a0e4724a718dff9fbd6ca77cbc&thumb=Y,서울시 문화행사,,,,2026-08-23 01:14:23
DDPlay 버스킹 5월 공연 안내,"DDP 어울림광장, 팔거리",2026-05-01,2026-05-31,콘서트,중구,https://culture.seoul.go.kr/culture/culture/cultureEvent/view.do?cultcode=157546&menuNo=200008,https://culture.seoul.go.kr/cmmn/file/getImage.do?atchFileId=06255b5f16c1435a95ddf9214cbe8d86&thumb=Y,서울시 문화행사,,,,2026-08-23 01:14:23
[송파 청년아티스트센터] 예술가와 함께하는 풍납 탐구 생활 5월 프로그램,송파 청년아티스트센터 1층,2026-05-01,2026-05-31,교육/체험,송파구,https://culture.seoul.go.kr/culture/culture/cultureEvent/view.do?cultcode=157548&menuNo=200011,https://culture.seoul.go.kr/cmmn/file/getImage.do?atchFileId=a415c9a18a6e4a4dabfe50f8ddc56436&thumb=Y,서울시 문화행사,,,,2026-08-23 01:14:23
[마포문화재단] 2026 마포문화재단 가족·어린이 축제 [해피 마포 와글와글] 뮤지컬 [푸른 사자 와니니],마포아트센터 아트홀맥,2026-05-01,2026-05-24,뮤지컬/오페라,마포구,https://culture.seoul.go.kr/culture/culture/cultureEvent/view.do?cultcode=157464&menuNo=200008,https://culture.seoul.go.kr/cmmn/file/getImage.do?atchFileId=2b656942a92e414e9978da951568397a&thumb=Y,서울시 문화행사,,0.055695,51,2026-08-23 01:14:23
[미림아트갤러리] Surface is a Question  : 평면은 질문이다.,미림아트 3층 미림아트갤러리,2026-05-01,2026-05-11,전시/미술,종로구,https://culture.seoul.go.kr/culture/culture/cultureEvent/view.do?cultcode=157650&menuNo=200009,https://culture.seoul.go.kr/cmmn/file/getImage.do?atchFileId=99c9945bfac14e70873c9c27e9fafb5a&thumb=Y,서울시 문화행사,,,,2026-08-23 01:14:23
[미래한강본부] 한강플플 어드벤처 (어린이날 행사),"뚝섬한강공원 자벌레(한강플플) 실내(1, 3층) 및 외부 공간",2026-05-01,2026-05-05,축제-기타,광진구,https://culture.seoul.go.kr/culture/culture/cultureEvent/view.do?cultcode=157692&menuNo=200010,https://culture.seoul.go.kr/cmmn/file/getImage.do?atchFileId=03d1bf1bf3974674aab61f7a066e4d1f&thumb=Y,서울시 문화행사,,,,2026-08-23 01:14:23
2026 서울상상나라 어린이날,서울상상나라,2026-05-01,2026-05-05,교육/체험,광진구,https://culture.seoul.go.kr/culture/culture/cultureEvent/view.do?cultcode=157673&menuNo=200011,https://culture.seoul.go.kr/cmmn/file/getImage.do?atchFileId=8c6028f6684c478bbf6309f8f6bd4e94&thumb=Y,서울시 문화행사,,0.731712,76,2026-08-23 01:14:23
[서울도서관] 2026 서울야외도서관 [책읽는 서울광장],서울광장,2026-05-01,2026-05-05,기타,중구,https://culture.seoul.go.kr/culture/culture/cultureEvent/view.do?cultcode=157496&menuNo=200013,https://culture.seoul.go.kr/cmmn/file/getImage.do?atchFileId=3c03dc0358804597b8b21befebaca80c&thumb=Y,서울시 문화행사,,0.033145,46,2026-08-23 01:14:23
DDP 어린이투어 2026,DDP 뮤지엄(배움터) 1층 투어데스크,2026-05-01,2026-05-05,교육/체험,중구,https://culture.seoul.go.kr/culture/culture/cultureEvent/view.do?cultcode=157549&menuNo=200011,https://culture.seoul.go.kr/cmmn/file/getImage.do?atchFileId=b3abca51953b4272961822e55b50e3ae&thumb=Y,서울시 문화행사,,,,2026-08-23 01:14:23
[세종문화회관] 26세종시즌 [스피드],세종문화회관 세종M씨어터,2026-05-01,2026-05-03,무용,종로구,https://culture.seoul.go.kr/culture/culture/cultureEvent/view.do?cultcode=156597&menuNo=200008,https://culture.seoul.go.kr/cmmn/file/getImage.do?atchFileId=594711af0e124fef985e64d3f24ad56c&thumb=Y,서울시 문화행사,,,,2026-08-23 01:14:23
[서울남산국악당] 2026 남산 마당페스타,서울남산국악당 야외마당,2026-05-01,2026-05-03,국악,중구,https://culture.seoul.go.kr/culture/culture/cultureEvent/view.do?cultcode=157444&menuNo=200008,https://culture.seoul.go.kr/cmmn/file/getImage.do?atchFileId=73401bfb15964b3982ed0ca3d75bc64d&thumb=Y,서울시 문화행사,,,,2026-08-23 01:14:23
가수 윤수일 데뷔 50주년 기념 콘서트,세종대극장,2026-05-01,2026-05-01,콘서트,종로구,https://culture.seoul.go.kr/culture/culture/cultureEvent/view.do?cultcode=157552&menuNo=200008,https://culture.seoul.go.kr/cmmn/file/getImage.do?atchFileId=2c75c92574ad4dfca28d990f4149ccea&thumb=Y,서울시 문화행사,,0.002366,20,2026-08-23 01:14:23
김정연 바이올린 독주회,예술의전당 IBK 기업은행챔버홀,2026-05-01,2026-05-01,독주/독창회,서초구,https://culture.seoul.go.kr/culture/culture/cultureEvent/view.do?cultcode=157168&menuNo=200008,https://culture.seoul.go.kr/cmmn/file/getImage.do?atchFileId=12ff07aff7d74493af25ef5024935af5&thumb=Y,서울시 문화행사,,,,2026-08-23 01:14:23
[서울시립미술관 서소문본관] 난지미술창작스튜디오 20주년 기념전 《사랑의 기원》,"서울시립미술관 서소문본관 2, 3층 전시실, ",2026-04-30,2026-09-06,전시/미술,중구,https://culture.seoul.go.kr/culture/culture/cultureEvent/view.do?cultcode=157688&menuNo=200009,https://culture.seoul.go.kr/cmmn/file/getImage.do?atchFileId=5311a4e1a69849ccb38a1385e000017b&thumb=Y,서울시 문화행사,,,,2026-08-23 01:14:23
[서울역사박물관] 한성부입니다,서울역사박물관 기획전시실A,2026-04-30,2026-07-12,전시/미술,종로구,https://culture.seoul.go.kr/culture/culture/cultureEvent/view.do?cultcode=157570&menuNo=200009,https://culture.seoul.go.kr/cmmn/file/getImage.do?atchFileId=b10c4064ae5043fcb9362b3b120fab9b&thumb=Y,서울시 문화행사,,,,2026-08-23 01:14:23
Catherine & Renato CASCIANI: Somebody has to collect it,서울시 종로구 토탈미술관 전관,2026-04-30,2026-05-31,전시/미술,종로구,https://culture.seoul.go.kr/culture/culture/cultureEvent/view.do?cultcode=157628&menuNo=200009,https://culture.seoul.go.kr/cmmn/file/getImage.do?atchFileId=395613bc85e1432c8791a6720468e478&thumb=Y,서울시 문화행사,,,,2026-08-23 01:14:23
2026 봄 궁중문화축전 [왕비의 취향],창경궁 통명전,2026-04-30,2026-05-03,축제-전통/역사,종로구,https://culture.seoul.go.kr/culture/culture/cultureEvent/view.do?cultcode=157393&menuNo=200010,https://culture.seoul.go.kr/cmmn/file/getImage.do?atchFileId=1ae39b1995504dffa1aa83723fb49c4c&thumb=Y,서울시 문화행사,,0.001598,16,2026-08-23 01:14:23
월드비어컨테이너 2026 서울 커먼그라운드,커먼그라운드 야외광장 및 중앙팝업,2026-04-30,2026-05-03,축제-기타,광진구,https://culture.seoul.go.kr/culture/culture/cultureEvent/view.do?cultcode=157598&menuNo=200010,https://culture.seoul.go.kr/cmmn/file/getImage.do?atchFileId=fa44737fc4ca40a3abfb311950f00d57&thumb=Y,서울시 문화행사,,,,2026-08-23 01:14:23
[종로문화재단] 2026 키우피우 오브제극축제  [걸리버 여행기：ZOOM IN OUT],종로 아이들극장,2026-04-30,2026-05-02,연극,종로구,https://culture.seoul.go.kr/culture/culture/cultureEvent/view.do?cultcode=157041&menuNo=200008,https://culture.seoul.go.kr/cmmn/file/getImage.do?atchFileId=e9d06b0497dd45f6832b2571cf14dfcb&thumb=Y,서울시 문화행사,,0.020009,41,2026-08-23 01:14:23
동편제 박봉술바디 김금미 완창판소리 [적벽가],민속극장 풍류,2026-04-30,2026-04-30,국악,강남구,https://culture.seoul.go.kr/culture/culture/cultureEvent/view.do?cultcode=157535&menuNo=200008,https://culture.seoul.go.kr/cmmn/file/getImage.do?atchFileId=c32bbec311bc46f5b4b9c2c40dc5ba5d&thumb=Y,서울시 문화행사,,0.012987,36,2026-08-23 01:14:23
"[서울문화예술교육센터 용산] 힐링북콘서트 [마음퇴근, 쉼을 읽는 저녁 4월]",서울문화예술교육센터 용산 1층 아트라운지,2026-04-30,2026-04-30,콘서트,용산구,https://culture.seoul.go.kr/culture/culture/cultureEvent/view.do?cultcode=157610&menuNo=200008,https://culture.seoul.go.kr/cmmn/file/getImage.do?atchFileId=33a0ed0eb73b4175a5ccb14a8c78c067&thumb=Y,서울시 문화행사,,,,2026-08-23 01:14:23
[세종문화회관] 서울시발레단 그랑 발레데이,세종문화회관 세종대극장,2026-04-30,2026-04-30,교육/체험,종로구,https://culture.seoul.go.kr/culture/culture/cultureEvent/view.do?cultcode=157490&menuNo=200011,https://culture.seoul.go.kr/cmmn/file/getImage.do?atchFileId=53f058ea33c046ae9396a547e20e29f3&thumb=Y,서울시 문화행사,,,,2026-08-23 01:14:23
"[마포구립서강도서관] 4-6월/어린이강좌 [우리 함께 동화읽을래?, 동화동무씨동무]",마포구립서강도서관 3층 세미나실,2026-04-29,2026-06-24,교육/체험,마포구,https://culture.seoul.go.kr/culture/culture/cultureEvent/view.do?cultcode=157103&menuNo=200011,https://culture.seoul.go.kr/cmmn/file/getImage.do?atchFileId=8cdfa1ffaee84ad7a51a6fc3e589900c&thumb=Y,서울시 문화행사,,,,2026-08-23 01:14:23
"[세종뮤지엄갤러리] 김품창 제주 25년: 숲과 바다, 고래를 기억하다 김품창 기획초대전",세종뮤지엄갤러리 1관 (광진구 능동로  209 세종대학교 대양AI B1),2026-04-29,2026-05-10,전시/미술,광진구,https://culture.seoul.go.kr/culture/culture/cultureEvent/view.do?cultcode=157717&menuNo=200009,https://culture.seoul.go.kr/cmmn/file/getImage.do?atchFileId=f4bf37e04f264a6781fafc6ca8de2761&thumb=Y,서울시 문화행사,,,,2026-08-23 01:14:23
[구립증산도서관] 2026 책과 함께하는 [에코 탐험대로 지구 지키기],3층 어린이열람실,2026-04-29,2026-04-29,교육/체험,은평구,https://culture.seoul.go.kr/culture/culture/cultureEvent/view.do?cultcode=157693&menuNo=200011,https://culture.seoul.go.kr/cmmn/file/getImage.do?atchFileId=b745f5109d76472f8c6600390207885a&thumb=Y,서울시 문화행사,,,,2026-08-23 01:14:23
2026 까망돌어울마당 아트홀 상반기 정기 기획공연 [까망돌 칸타빌레] 4회차 박연수 마술사의 [미스터 매직],까망돌어울마당 아트홀,2026-04-29,2026-04-29,기타,동작구,https://culture.seoul.go.kr/culture/culture/cultureEvent/view.do?cultcode=157337&menuNo=200013,https://culture.seoul.go.kr/cmmn/file/getImage.do?atchFileId=d33383251bb842d08c161695ea97fb20&thumb=Y,서울시 문화행사,,0.001463,15,2026-08-23 01:14:23
이아라 바이올린 독주회 - 작곡가 알파벳시리즈 VI J-K,세종문화회관 세종체임버홀,2026-04-29,2026-04-29,독주/독창회,종로구,https://culture.seoul.go.kr/culture/culture/cultureEvent/view.do?cultcode=157279&menuNo=200008,https://culture.seoul.go.kr/cmmn/file/getImage.do?atchFileId=52b5dfc74c4e4b258fbf425c56e910de&thumb=Y,서울시 문화행사,,,,2026-08-23 01:14:23
최정윤의 춤 열세 번째 이야기 [쌍쌍무브],서울남산국악당 크라운해태홀,2026-04-29,2026-04-29,무용,중구,https://culture.seoul.go.kr/culture/culture/cultureEvent/view.do?cultcode=157344&menuNo=200008,https://culture.seoul.go.kr/cmmn/file/getImage.do?atchFileId=76a0fbfbe9cf4368a34732df3d7626dd&thumb=Y,서울시 문화행사,,0.000498,5,2026-08-23 01:14:23
[서울책보고] 첫눈토크#4 [도시는 사람을 만들고 사람은 도시를 만든다],서울책보고 라운지,2026-04-29,2026-04-29,교육/체험,송파구,https://culture.seoul.go.kr/culture/culture/cultureEvent/view.do?cultcode=157471&menuNo=200011,https://culture.seoul.go.kr/cmmn/file/getImage.do?atchFileId=ef5aa75b403a4b97aff27c4edfca8750&thumb=Y,서울시 문화행사,,,,2026-08-23 01:14:23
[금천구립금나래도서관] 문화가 있는 날 [클래식에서 살아남기] 1회차 [음악 속 이야기],금나래도서관 강의실,2026-04-29,2026-04-29,교육/체험,금천구,https://culture.seoul.go.kr/culture/culture/cultureEvent/view.do?cultcode=157179&menuNo=200011,https://culture.seoul.go.kr/cmmn/file/getImage.do?atchFileId=83f2a620e9eb491a8d41c7f67266ad20&thumb=Y,서울시 문화행사,,,,2026-08-23 01:14:23
[은평문화재단] 숲속라이브 [소리꾼 오단해의 풍류],은평문화예술회관 숲속극장,2026-04-29,2026-04-29,국악,은평구,https://culture.seoul.go.kr/culture/culture/cultureEvent/view.do?cultcode=157184&menuNo=200008,https://culture.seoul.go.kr/cmmn/file/getImage.do?atchFileId=71db0185334f470e8a55bf46c958b02b&thumb=Y,서울시 문화행사,,0.000311,0,2026-08-23 01:14:23
[PLATFORM P 교육 프로그램] 변화하는 독자층을 위한 출판 전략 - 큰글자책 이지페이지의 모색,플랫폼 P 2층 다목적실,2026-04-29,2026-04-29,교육/체험,마포구,https://culture.seoul.go.kr/culture/culture/cultureEvent/view.do?cultcode=157436&menuNo=200011,https://culture.seoul.go.kr/cmmn/file/getImage.do?atchFileId=5ef4d172f8f7476aaa5e95db94a8e765&thumb=Y,서울시 문화행사,,,,2026-08-23 01:14:23
제62회 유나이티드 필하모닉 오케스트라와 함께하는 가족음악회 [Great Korea],세종문화회관 세종대극장,2026-04-29,2026-04-29,클래식,종로구,https://culture.seoul.go.kr/culture/culture/cultureEvent/view.do?cultcode=157264&menuNo=200008,https://culture.seoul.go.kr/cmmn/file/getImage.do?atchFileId=9a49748925fe4daf9112849d48eebf62&thumb=Y,서울시 문화행사,,,,2026-08-23 01:14:23
"[서울공예박물관] 공예협력전시 [안동별궁, 시간의 겹]",서울공예박물관 전시1동 3층 기획전시실,2026-04-28,2027-08-29,전시/미술,종로구,https://culture.seoul.go.kr/culture/culture/cultureEvent/view.do?cultcode=157420&menuNo=200009,https://culture.seoul.go.kr/cmmn/file/getImage.do?atchFileId=a1622fcb6e024123ac90f40cdc8e32fd&thumb=Y,서울시 문화행사,,,,2026-08-23 01:14:23
[서울상상나라] 놀이의 가능성: 보다,서울상상나라 1층 로비,2026-04-28,2026-10-31,전시/미술,광진구,https://culture.seoul.go.kr/culture/culture/cultureEvent/view.do?cultcode=157801&menuNo=200009,https://culture.seoul.go.kr/cmmn/file/getImage.do?atchFileId=33e106ada63a4554889b2194d3b76aa7&thumb=Y,서울시 문화행사,,,,2026-08-23 01:14:23
[G밸리산업박물관] 기획전 [수학을 깨우는 산업 놀이터],G밸리산업박물관 기획전시실,2026-04-28,2026-09-26,전시/미술,구로구,https://culture.seoul.go.kr/culture/culture/cultureEvent/view.do?cultcode=157473&menuNo=200009,https://culture.seoul.go.kr/cmmn/file/getImage.do?atchFileId=46176463c54849abbbedb5ffda58e663&thumb=Y,서울시 문화행사,,,,2026-08-23 01:14:23
[서울공예박물관] 한불수교 140주년 기념전시 [더 하이브리드],서울공예박물관 전시1동 3층 기획전시실,2026-04-28,2026-07-26,전시/미술,종로구,https://culture.seoul.go.kr/culture/culture/cultureEvent/view.do?cultcode=157211&menuNo=200009,https://culture.seoul.go.kr/cmmn/file/getImage.do?atchFileId=aaaf677cdfac468db6f5c9e13fd397ad&thumb=Y,서울시 문화행사,,,,2026-08-23 01:14:23
[서울시립 서서울미술관] 서서울미술관 개관특별 프로젝트 [태각(胎刻)],서울시립 서서울미술관 1층 미디어랩,2026-04-28,2026-07-12,전시/미술,금천구,https://culture.seoul.go.kr/culture/culture/cultureEvent/view.do?cultcode=157669&menuNo=200009,https://culture.seoul.go.kr/cmmn/file/getImage.do?atchFileId=b843a77df01247a4a211bdb07341ae52&thumb=Y,서울시 문화행사,,,,2026-08-23 01:14:23
[서울생활문화센터 체부] 체부작업展 [선 위에 머무는 마음],"윈도우 갤러리, 금오재 마실",2026-04-28,2026-06-30,전시/미술,종로구,https://culture.seoul.go.kr/culture/culture/cultureEvent/view.do?cultcode=157790&menuNo=200009,https://culture.seoul.go.kr/cmmn/file/getImage.do?atchFileId=b51cfd4f38d64d21be656e622812b5cb&thumb=Y,서울시 문화행사,,,,2026-08-23 01:14:23
[한성백제박물관] 2026년 상반기 성인 대상 [서울 고대유적 탐방],"한성백제박물관, 몽촌토성, 풍납동토성, 석촌동고분군 일대",2026-04-28,2026-06-11,교육/체험,송파구,https://culture.seoul.go.kr/culture/culture/cultureEvent/view.do?cultcode=157084&menuNo=200011,https://culture.seoul.go.kr/cmmn/file/getImage.do?atchFileId=3d89263b5e85481c894204ef7a05d20e&thumb=Y,서울시 문화행사,,,,2026-08-23 01:14:23
[운현궁] 2026 기획전시 [시간을 견뎌온 나무],운현궁 기획전시실,2026-04-28,2026-05-03,전시/미술,종로구,https://culture.seoul.go.kr/culture/culture/cultureEvent/view.do?cultcode=157616&menuNo=200009,https://culture.seoul.go.kr/cmmn/file/getImage.do?atchFileId=c085f787849b4b48858e7f045dc31d68&thumb=Y,서울시 문화행사,,,,2026-08-23 01:14:23
2026년 봄 궁중문화축전 [아침 궁을 깨우다],창덕궁 일대,2026-04-28,2026-05-03,교육/체험,종로구,https://culture.seoul.go.kr/culture/culture/cultureEvent/view.do?cultcode=157397&menuNo=200011,https://culture.seoul.go.kr/cmmn/file/getImage.do?atchFileId=08cdc4eed2204d5989a5396628e6b2eb&thumb=Y,서울시 문화행사,,,,2026-08-23 01:14:23
종묘제례악 야간공연,종묘 정전,2026-04-28,2026-04-30,국악,종로구,https://culture.seoul.go.kr/culture/culture/cultureEvent/view.do?cultcode=157413&menuNo=200008,https://culture.seoul.go.kr/cmmn/file/getImage.do?atchFileId=a78bd69ffefb4e0ca15d4e6b93256c36&thumb=Y,서울시 문화행사,,0.00381,24,2026-08-23 01:14:23
2026년 봄 궁중문화축전 [효명세자와 달의 춤],창덕궁 일대,2026-04-28,2026-04-29,무용,종로구,https://culture.seoul.go.kr/culture/culture/cultureEvent/view.do?cultcode=157440&menuNo=200008,https://culture.seoul.go.kr/cmmn/file/getImage.do?atchFileId=b7cc7e7a04dc49eb8c0e93af7d579fde&thumb=Y,서울시 문화행사,,,,2026-08-23 01:14:23
"[금천구립가산도서관] 4월 문화가 있는 날 [책과 함께 머무는 시간, 감성 독서대 만들기]",금천구립가산도서관 6층 강의실,2026-04-28,2026-04-28,교육/체험,금천구,https://culture.seoul.go.kr/culture/culture/cultureEvent/view.do?cultcode=157182&menuNo=200011,https://culture.seoul.go.kr/cmmn/file/getImage.do?atchFileId=3fe2e959626548f6b829126b42f82bdb&thumb=Y,서울시 문화행사,,,,2026-08-23 01:14:23
더벨과 함께하는 Musical & Symphony,세종대극장,2026-04-28,2026-04-28,클래식,종로구,https://culture.seoul.go.kr/culture/culture/cultureEvent/view.do?cultcode=157551&menuNo=200008,https://culture.seoul.go.kr/cmmn/file/getImage.do?atchFileId=5f659093df624671b5c69f0dfedd0e86&thumb=Y,서울시 문화행사,,0.002366,20,2026-08-23 01:14:23
[서초문화재단] 2026 공공미술 전시 [Wonder Street],서초구 전역 원베일리 공공보행로 피카소벽화거리,2026-04-27,2026-11-15,전시/미술,서초구,https://culture.seoul.go.kr/culture/culture/cultureEvent/view.do?cultcode=157859&menuNo=200009,https://culture.seoul.go.kr/cmmn/file/getImage.do?atchFileId=498dce7623c14d5a8d800371cee2c248&thumb=Y,서울시 문화행사,,,,2026-08-23 01:14:23
"2026년 경복궁 생과방 특별행사 [유주, 생과방의 봄]",경복궁 생과방,2026-04-27,2026-05-03,교육/체험,종로구,https://culture.seoul.go.kr/culture/culture/cultureEvent/view.do?cultcode=157596&menuNo=200011,https://culture.seoul.go.kr/cmmn/file/getImage.do?atchFileId=7d83b8e30037472093d35bd4a3782178&thumb=Y,서울시 문화행사,,0.26002,66,2026-08-23 01:14:23
"2026년 봄 궁중문화축전 [영춘헌, 봄의 서재]","창경궁 영춘헌, 대온실",2026-04-27,2026-05-01,교육/체험,종로구,https://culture.seoul.go.kr/culture/culture/cultureEvent/view.do?cultcode=157412&menuNo=200011,https://culture.seoul.go.kr/cmmn/file/getImage.do?atchFileId=6250b76402e244a29eb5915f94f36b5e&thumb=Y,서울시 문화행사,,,,2026-08-23 01:14:23
[살롱클래식] 한솔빈 바이올린 독주회,라율아트홀,2026-04-27,2026-04-27,클래식,서초구,https://culture.seoul.go.kr/culture/culture/cultureEvent/view.do?cultcode=157244&menuNo=200008,https://culture.seoul.go.kr/cmmn/file/getImage.do?atchFileId=4ad88c9fc3824e22b5688b7e54694c31&thumb=Y,서울시 문화행사,,0.012015,36,2026-08-23 01:14:23
[서울시립교향악단] 2026 서울시향 작은 음악회 : 중구교육지원센터,중구교육지원센터 에듀라이브러리,2026-04-27,2026-04-27,클래식,중구,https://culture.seoul.go.kr/culture/culture/cultureEvent/view.do?cultcode=156958&menuNo=200008,https://culture.seoul.go.kr/cmmn/file/getImage.do?atchFileId=f2f51754f83a4ea990e847db6408e3a5&thumb=Y,서울시 문화행사,,,,2026-08-23 01:14:23
2026 서로장터,"서울광장, 서울숲, 양재시민의 숲, 잠수교",2026-04-26,2026-11-01,축제-기타,성동구,https://culture.seoul.go.kr/culture/culture/cultureEvent/view.do?cultcode=157478&menuNo=200010,https://culture.seoul.go.kr/cmmn/file/getImage.do?atchFileId=b5b274e789f84a8da67e6c2ec3815326&thumb=Y,서울시 문화행사,,,,2026-08-23 01:14:23
[서울시립과학관] 세상을 담은 밥 한 그릇의 의미,서울시립과학관,2026-04-26,2026-05-31,교육/체험,노원구,https://culture.seoul.go.kr/culture/culture/cultureEvent/view.do?cultcode=157493&menuNo=200011,https://culture.seoul.go.kr/cmmn/file/getImage.do?atchFileId=d9bb3f15a24a4ce282a5120cb40b978b&thumb=Y,서울시 문화행사,,0.284088,67,2026-08-23 01:14:23
[서울생활문화센터 낙원] 2026 4월 문화로드 낙원 서대문 형무소 일대를 걷습니다.,3호선 독립문역 5번출구,2026-04-26,2026-04-26,교육/체험,서대문구,https://culture.seoul.go.kr/culture/culture/cultureEvent/view.do?cultcode=157491&menuNo=200011,https://culture.seoul.go.kr/cmmn/file/getImage.do?atchFileId=226ad1d66bfd41339f8282eae01ff9fe&thumb=Y,서울시 문화행사,,,,2026-08-23 01:14:23
[서울시립과학관] 과학북토크: 달작한 사이언스 (4월) [야구x수학],서울시립과학관 3층 스타홀,2026-04-26,2026-04-26,교육/체험,노원구,https://culture.seoul.go.kr/culture/culture/cultureEvent/view.do?cultcode=157255&menuNo=200011,https://culture.seoul.go.kr/cmmn/file/getImage.do?atchFileId=afd52914504945aa9c18ec256192b0ee&thumb=Y,서울시 문화행사,,,,2026-08-23 01:14:23
[성동구립도서관] 4월 영어스토리텔링 수업,성동구립도서관,2026-04-26,2026-04-26,교육/체험,성동구,https://culture.seoul.go.kr/culture/culture/cultureEvent/view.do?cultcode=157149&menuNo=200011,https://culture.seoul.go.kr/cmmn/file/getImage.do?atchFileId=3c7d88284cc74c31a9dd8f9609da9e8c&thumb=Y,서울시 문화행사,,0.325165,68,2026-08-23 01:14:23
[서울디자인재단] 키크니 특별전 : 그렸고 그런 사이,뮤지엄 전시1관,2026-04-25,2026-09-06,전시/미술,중구,https://culture.seoul.go.kr/culture/culture/cultureEvent/view.do?cultcode=157351&menuNo=200009,https://culture.seoul.go.kr/cmmn/file/getImage.do?atchFileId=5b5e3f16b605439ea83b1ecf8d5ce8b8&thumb=Y,서울시 문화행사,,,,2026-08-23 01:14:23
[서울시립 미술아카이브] 《알렉사에게》 연계 워크숍 [0부터 1까지],서울시립 미술아카이브 나눔동 2층 다목적홀,2026-04-25,2026-05-31,교육/체험,종로구,https://culture.seoul.go.kr/culture/culture/cultureEvent/view.do?cultcode=157645&menuNo=200011,https://culture.seoul.go.kr/cmmn/file/getImage.do?atchFileId=695dedb782e24c2ab3ed50d72210db71&thumb=Y,서울시 문화행사,,,,2026-08-23 01:14:23
절망에서 기쁨으로 : From Despair to Joy,서울숲 STUDIO301,2026-04-25,2026-05-30,클래식,성동구,https://culture.seoul.go.kr/culture/culture/cultureEvent/view.do?cultcode=157403&menuNo=200008,https://culture.seoul.go.kr/cmmn/file/getImage.do?atchFileId=d2d81cd22fc1499198836d4cca64fb07&thumb=Y,서울시 문화행사,,,,2026-08-23 01:14:23
[서소문성지 역사박물관] 2026 기획 초대전 [안병철: 물성에서 생명으로],서소문성지 역사박물관 기획전시실,2026-04-25,2026-05-30,전시/미술,중구,https://culture.seoul.go.kr/culture/culture/cultureEvent/view.do?cultcode=157691&menuNo=200009,https://culture.seoul.go.kr/cmmn/file/getImage.do?atchFileId=93406006c9b4403ba274b054e1e6244c&thumb=Y,서울시 문화행사,,,,2026-08-23 01:14:23
2026 자문밖문화포럼 예술강좌 프로그램 [자하아트렉쳐 JAHA ART LECTURE],서울시립미술아카이브 배움동(서울특별시 종로구 평창문화로 101) ,2026-04-25,2026-05-30,교육/체험,종로구,https://culture.seoul.go.kr/culture/culture/cultureEvent/view.do?cultcode=157379&menuNo=200011,https://culture.seoul.go.kr/cmmn/file/getImage.do?atchFileId=fdb6e1f1768a42cd9353172ef1576887&thumb=Y,서울시 문화행사,,,,2026-08-23 01:14:23
[동대문문화재단] 2026년 생생 국가유산 사업 [지구를 지키는 선농단] - 어린이도시농부학교,선농단역사문화관 및 선농단역사공원,2026-04-25,2026-05-23,교육/체험,동대문구,https://culture.seoul.go.kr/culture/culture/cultureEvent/view.do?cultcode=157382&menuNo=200011,https://culture.seoul.go.kr/cmmn/file/getImage.do?atchFileId=d7e174074cd243039ac40db4a74bc2f9&thumb=Y,서울시 문화행사,,,,2026-08-23 01:14:23
이유빈 개인전 [내 옷장 안의 용],예술공간 의식주,2026-04-25,2026-05-10,전시/미술,서대문구,https://culture.seoul.go.kr/culture/culture/cultureEvent/view.do?cultcode=157611&menuNo=200009,https://culture.seoul.go.kr/cmmn/file/getImage.do?atchFileId=1391c356e7f94f61a65422b152fb76c2&thumb=Y,서울시 문화행사,,0.000311,0,2026-08-23 01:14:23
2026 봄 궁중문화축전 [특별 굿즈 - 궁패스 향낭],"경복궁, 창덕궁, 덕수궁, 창경궁, 경희궁, 종묘",2026-04-25,2026-05-03,기타,종로구,https://culture.seoul.go.kr/culture/culture/cultureEvent/view.do?cultcode=157396&menuNo=200013,https://culture.seoul.go.kr/cmmn/file/getImage.do?atchFileId=f8c2cf02671241dda24352c17bc47797&thumb=Y,서울시 문화행사,,,,2026-08-23 01:14:23
2026년 봄 궁중문화축전,"경복궁, 창덕궁, 덕수궁, 창경궁, 경희궁, 종묘",2026-04-25,2026-05-03,축제-전통/역사,종로구,https://culture.seoul.go.kr/culture/culture/cultureEvent/view.do?cultcode=157390&menuNo=200010,https://culture.seoul.go.kr/cmmn/file/getImage.do?atchFileId=b7141adcfe974de284d33f9880780c72&thumb=Y,서울시 문화행사,,,,2026-08-23 01:14:23
"2026년 봄 궁중문화축전 [경복궁, 시간여행-궁중새내기]",경복궁 일대,2026-04-25,2026-04-29,교육/체험,종로구,https://culture.seoul.go.kr/culture/culture/cultureEvent/view.do?cultcode=157395&menuNo=200011,https://culture.seoul.go.kr/cmmn/file/getImage.do?atchFileId=93e962b54e8e4af89de75f36a482b016&thumb=Y,서울시 문화행사,,,,2026-08-23 01:14:23
2026년 종묘 묘현례,종묘 일원,2026-04-25,2026-04-27,뮤지컬/오페라,종로구,https://culture.seoul.go.kr/culture/culture/cultureEvent/view.do?cultcode=157486&menuNo=200008,https://culture.seoul.go.kr/cmmn/file/getImage.do?atchFileId=5cc83461890245d9a9145d7b0c8c5b21&thumb=Y,서울시 문화행사,,,,2026-08-23 01:14:23
컴온러너스 런페스타 with 커먼그라운드,커먼그라운드 야외광장·MH동 1층 중앙팝업,2026-04-25,2026-04-26,축제-기타,광진구,https://culture.seoul.go.kr/culture/culture/cultureEvent/view.do?cultcode=157271&menuNo=200010,https://culture.seoul.go.kr/cmmn/file/getImage.do?atchFileId=cf91df43cb244c28b87a15a8453e2c5a&thumb=Y,서울시 문화행사,,,,2026-08-23 01:14:23
[노원문화재단] 2026 노원어린이극장 공동기획 더 어린 관객을 위한 극장 [흔들흔들 우주],노원어린이극장,2026-04-25,2026-04-26,연극,노원구,https://culture.seoul.go.kr/culture/culture/cultureEvent/view.do?cultcode=157181&menuNo=200008,https://culture.seoul.go.kr/cmmn/file/getImage.do?atchFileId=69b9a415b6ce4ef99c2e1900f9264508&thumb=Y,서울시 문화행사,,0.010907,35,2026-08-23 01:14:23
[서울식물원] 2026 서울식물원 해봄축제 ,서울식물원 열린숲 일대 ,2026-04-25,2026-04-26,축제-문화/예술,강서구,https://culture.seoul.go.kr/culture/culture/cultureEvent/view.do?cultcode=157185&menuNo=200010,https://culture.seoul.go.kr/cmmn/file/getImage.do?atchFileId=f21e9a158a15409082ab169effce5077&thumb=Y,서울시 문화행사,,,,2026-08-23 01:14:23
"[서울문화예술교육센터 서초] 음악의 집 4월, 계절이 흐르는 음악 [오래된 울림, 봄을 깨우다]",서울문화예술교육센터 서초 1층 더 라운지,2026-04-25,2026-04-25,클래식,서초구,https://culture.seoul.go.kr/culture/culture/cultureEvent/view.do?cultcode=157511&menuNo=200008,https://culture.seoul.go.kr/cmmn/file/getImage.do?atchFileId=082b0272b4b14fa79a8c12c68a0f12f6&thumb=Y,서울시 문화행사,,,,2026-08-23 01:14:23
[동작문화재단] 2026 본동어울마당 아트홀 상반기 정기 기획공연 본동 세레나데 4회차 [벌룬퍼포머 광대엽의 벌룬아트&저글링 쇼],본동어울마당 아트홀,2026-04-25,2026-04-25,콘서트,동작구,https://culture.seoul.go.kr/culture/culture/cultureEvent/view.do?cultcode=157190&menuNo=200008,https://culture.seoul.go.kr/cmmn/file/getImage.do?atchFileId=ea65ecf95706433db0ca989f3053d321&thumb=Y,서울시 문화행사,,0.000311,0,2026-08-23 01:14:23
[서울식물원] 2026 해봄축제 정원콘서트,서울식물원 열린숲 메인무대,2026-04-25,2026-04-25,콘서트,강서구,https://culture.seoul.go.kr/culture/culture/cultureEvent/view.do?cultcode=157601&menuNo=200008,https://culture.seoul.go.kr/cmmn/file/getImage.do?atchFileId=1d3163171c124847bc7caa8d4b7813d2&thumb=Y,서울시 문화행사,,,,2026-08-23 01:14:23
[서울역사편찬원] 2026년 [제4차] 엄마아빠와 함께하는 교과서 역사기행,종묘,2026-04-25,2026-04-25,교육/체험,종로구,https://culture.seoul.go.kr/culture/culture/cultureEvent/view.do?cultcode=157362&menuNo=200011,https://culture.seoul.go.kr/cmmn/file/getImage.do?atchFileId=bcf15749a3114f2b830f37e489c3fdc1&thumb=Y,서울시 문화행사,,0.276294,66,2026-08-23 01:14:23
[서울아트책보고] 따끈따끈 말 베이커리 [주현조 작가와 함께 좋아하는 말로 빵 상상하기],서울아트책보고 워크숍룸,2026-04-25,2026-04-25,교육/체험,구로구,https://culture.seoul.go.kr/culture/culture/cultureEvent/view.do?cultcode=157333&menuNo=200011,https://culture.seoul.go.kr/cmmn/file/getImage.do?atchFileId=c64ff093c3504ba095960e7044fe0036&thumb=Y,서울시 문화행사,,,,2026-08-23 01:14:23
[타이타닉] 라이브 백-투-백 필름 콘서트,세종문화회관 세종대극장,2026-04-25,2026-04-25,콘서트,종로구,https://culture.seoul.go.kr/culture/culture/cultureEvent/view.do?cultcode=156596&menuNo=200008,https://culture.seoul.go.kr/cmmn/file/getImage.do?atchFileId=b1dbe89c477d4558b01aa580b468acb6&thumb=Y,서울시 문화행사,,,,2026-08-23 01:14:23
[서초문화재단] 2026 서리풀 작곡가 탐구 시리즈 [고향에서 세계로 : 드보르작의 실내악],반포심산아트홀,2026-04-25,2026-04-25,클래식,서초구,https://culture.seoul.go.kr/culture/culture/cultureEvent/view.do?cultcode=157369&menuNo=200008,https://culture.seoul.go.kr/cmmn/file/getImage.do?atchFileId=0c926fc1b91c4d62b893104a6c65627f&thumb=Y,서울시 문화행사,,0.023396,42,2026-08-23 01:14:23
[서울역사편찬원] 2026년 4월 서울역사문화답사,"의릉, 한예종 강당, 석관동 도당, 장위동 김진흥 가옥, 남대문중학교 등",2026-04-25,2026-04-25,교육/체험,송파구,https://culture.seoul.go.kr/culture/culture/cultureEvent/view.do?cultcode=157361&menuNo=200011,https://culture.seoul.go.kr/cmmn/file/getImage.do?atchFileId=2964d6dcf7aa40a99ccb09de6603163c&thumb=Y,서울시 문화행사,,,,2026-08-23 01:14:23
"문예북흥 No.60 - 모차르트에 미친 사람, 방송/컬럼니스트 이채훈이 밝히는 모차르트의 비밀스러운 위대성-읽는 다큐멘터리 『모차르트 평전』",이호철북콘서트홀,2026-04-25,2026-04-25,교육/체험,은평구,https://culture.seoul.go.kr/culture/culture/cultureEvent/view.do?cultcode=157392&menuNo=200011,https://culture.seoul.go.kr/cmmn/file/getImage.do?atchFileId=b2b71c89d4914de689c36e77c45ad248&thumb=Y,서울시 문화행사,,0.013049,36,2026-08-23 01:14:23
[서울기록원] 2026년 예비 기록 전문가의 날,서울기록원 5층 컨퍼런스룸,2026-04-24,2026-10-30,교육/체험,은평구,https://culture.seoul.go.kr/culture/culture/cultureEvent/view.do?cultcode=157377&menuNo=200011,https://culture.seoul.go.kr/cmmn/file/getImage.do?atchFileId=ca175e3977b545eab6fe5d2565595850&thumb=Y,서울시 문화행사,,,,2026-08-23 01:14:23
[한솥아트스페이스] 전이수 우린사랑하기에도시간이부족하다 : We don't have enough time to love,한솥아트스페이스 (서울시 강남구 압구정로 459 B1F),2026-04-24,2026-05-30,전시/미술,강남구,https://culture.seoul.go.kr/culture/culture/cultureEvent/view.do?cultcode=157533&menuNo=200009,https://culture.seoul.go.kr/cmmn/file/getImage.do?atchFileId=7b12e4ce35f9478bbafd6fa9b8a28187&thumb=Y,서울시 문화행사,,,,2026-08-23 01:14:23
[서울시립 사진미술관] 2026 서울사진축제 : 미술관 속 영화관 [진과 세계 사이에서],서울시립 사진미술관 2층 영상홀,2026-04-24,2026-05-29,영화,도봉구,https://culture.seoul.go.kr/culture/culture/cultureEvent/view.do?cultcode=157489&menuNo=200013,https://culture.seoul.go.kr/cmmn/file/getImage.do?atchFileId=7938fe59e75e4986abeeaa7b0d1b15a9&thumb=Y,서울시 문화행사,,,,2026-08-23 01:14:23
금시랑 [뒤의 달],OMG (서울시 용산구 대사관로12길 8),2026-04-24,2026-05-09,전시/미술,용산구,https://culture.seoul.go.kr/culture/culture/cultureEvent/view.do?cultcode=157583&menuNo=200009,https://culture.seoul.go.kr/cmmn/file/getImage.do?atchFileId=30e5f66b8a0a4fd984579abd0937b1ee&thumb=Y,서울시 문화행사,,,,2026-08-23 01:14:23
2026년 상반기 창경궁 물빛연화,창경궁 춘당지 일대,2026-04-24,2026-05-03,전시/미술,종로구,https://culture.seoul.go.kr/culture/culture/cultureEvent/view.do?cultcode=157485&menuNo=200009,https://culture.seoul.go.kr/cmmn/file/getImage.do?atchFileId=fee4ce94239a4916af93f3a9e99c30c4&thumb=Y,서울시 문화행사,,,,2026-08-23 01:14:23
[금천문화재단] 2026 금천라이브 플러스 상반기 공연,금천구청 썬큰광장,2026-04-24,2026-04-25,콘서트,금천구,https://culture.seoul.go.kr/culture/culture/cultureEvent/view.do?cultcode=157178&menuNo=200008,https://culture.seoul.go.kr/cmmn/file/getImage.do?atchFileId=9ba6e60547a140ebb0e273193b27e7b0&thumb=Y,서울시 문화행사,,,,2026-08-23 01:14:23
[강북문화재단] 2026 [419연극제] 오무아무아 [투표함에 빠져 허우적대던 우리는 보았을까? - 안티고네1960],강북문화예술회관 강북소나무홀,2026-04-24,2026-04-25,연극,강북구,https://culture.seoul.go.kr/culture/culture/cultureEvent/view.do?cultcode=157296&menuNo=200008,https://culture.seoul.go.kr/cmmn/file/getImage.do?atchFileId=a285cc5c470748a396614aad5c806fb1&thumb=Y,서울시 문화행사,,0.001818,17,2026-08-23 01:14:23
[영등포문화재단] 어슬렁 어슬렁 콘서트 #봄 [정우],영등포아트홀,2026-04-24,2026-04-24,콘서트,영등포구,https://culture.seoul.go.kr/culture/culture/cultureEvent/view.do?cultcode=156775&menuNo=200008,https://culture.seoul.go.kr/cmmn/file/getImage.do?atchFileId=dc4dc7d8aaf145629a7206b9ec983533&thumb=Y,서울시 문화행사,,0.072056,53,2026-08-23 01:14:23
"[서울 문화의 밤] 4월 작가힙톡(Hip-Talk) - 제 꿈은 다 이루었어요 (서은혜, 장차현실)", 서울도서관 1층 생각마루,2026-04-24,2026-04-24,교육/체험,중구,https://culture.seoul.go.kr/culture/culture/cultureEvent/view.do?cultcode=157136&menuNo=200011,https://culture.seoul.go.kr/cmmn/file/getImage.do?atchFileId=927a88bb3d5b471db27a601a73bafa23&thumb=Y,서울시 문화행사,,,,2026-08-23 01:14:23
"2026년 봄 궁중문화축전 [개막제-궁, 예술을 깨우다 Hyper Palace]",경복궁 흥례문 광장,2026-04-24,2026-04-24,축제-문화/예술,종로구,https://culture.seoul.go.kr/culture/culture/cultureEvent/view.do?cultcode=157411&menuNo=200010,https://culture.seoul.go.kr/cmmn/file/getImage.do?atchFileId=7b24566e1b3549a6b8207b827d36c1c7&thumb=Y,서울시 문화행사,,,,2026-08-23 01:14:23
[서울책보고] 4월 모여보고,서울책보고 라운지,2026-04-24,2026-04-24,교육/체험,송파구,https://culture.seoul.go.kr/culture/culture/cultureEvent/view.do?cultcode=157472&menuNo=200011,https://culture.seoul.go.kr/cmmn/file/getImage.do?atchFileId=2faf56f66a5e4e348e9736510cc13d62&thumb=Y,서울시 문화행사,,,,2026-08-23 01:14:23
[서울외국인주민센터] 세계문화탐방 [일상 속 세계정거장] 페루편,인스티투토 세르반테스,2026-04-24,2026-04-24,교육/체험,중구,https://culture.seoul.go.kr/culture/culture/cultureEvent/view.do?cultcode=157291&menuNo=200011,https://culture.seoul.go.kr/cmmn/file/getImage.do?atchFileId=6bb6d8ba96104076ac0e4f2d55f2405d&thumb=Y,서울시 문화행사,,0.000311,0,2026-08-23 01:14:23
"[운현궁] 운현의 봄밤, 지식의 유람 [운현 유람기]",운현궁 일원,2026-04-24,2026-04-24,교육/체험,종로구,https://culture.seoul.go.kr/culture/culture/cultureEvent/view.do?cultcode=157385&menuNo=200011,https://culture.seoul.go.kr/cmmn/file/getImage.do?atchFileId=76e82a8fb4af40799e1e6badeb031cae&thumb=Y,서울시 문화행사,,,,2026-08-23 01:14:23
대한민국 제46회 장애인의 날 기념 제23회 사랑의 음악회 [공감의 선율],예술의 전당 콘서트홀,2026-04-24,2026-04-24,클래식,서초구,https://culture.seoul.go.kr/culture/culture/cultureEvent/view.do?cultcode=157308&menuNo=200008,https://culture.seoul.go.kr/cmmn/file/getImage.do?atchFileId=f14e8742eb7d4ee9a306291229d32b6c&thumb=Y,서울시 문화행사,,0.021067,41,2026-08-23 01:14:23
[청담종합사회복지관] 청년 요리·사회참여 커뮤니티 [ON(溫)마을 행복한 밥상],청담종합사회복지관 구관 1층 청담수랏간 및 소규모 회의실 등,2026-04-23,2026-11-26,교육/체험,금천구,https://culture.seoul.go.kr/culture/culture/cultureEvent/view.do?cultcode=157052&menuNo=200011,https://culture.seoul.go.kr/cmmn/file/getImage.do?atchFileId=6a0eb676c72347e2b07b56b19220770f&thumb=Y,서울시 문화행사,,,,2026-08-23 01:14:23
"[서울도서관] 2026년 서울야외도서관 (책읽는 서울광장, 광화문 책마당, 책읽는 맑은 냇가)","서울광장, 광화문 광장, 청계천 일대",2026-04-23,2026-11-01,축제-문화/예술,중구,https://culture.seoul.go.kr/culture/culture/cultureEvent/view.do?cultcode=156879&menuNo=200010,https://culture.seoul.go.kr/cmmn/file/getImage.do?atchFileId=57da07b01aed40ad984d40559a42ae61&thumb=Y,서울시 문화행사,,,,2026-08-23 01:14:23
"[서울시립 북서울미술관] 글짓, 쓰는 예술","서울시립 북서울미술관 1, 2층 전시실 1, 2, 3, 4, 별 마당",2026-04-23,2026-07-12,전시/미술,노원구,https://culture.seoul.go.kr/culture/culture/cultureEvent/view.do?cultcode=157328&menuNo=200009,https://culture.seoul.go.kr/cmmn/file/getImage.do?atchFileId=6b0a619b112b4cfcaa0b838942ce9702&thumb=Y,서울시 문화행사,,,,2026-08-23 01:14:23
성북구립미술관x강동문화재단 [상념의 시간展],강동아트센터 아트갤러리 그림,2026-04-23,2026-05-31,전시/미술,성북구,https://culture.seoul.go.kr/culture/culture/cultureEvent/view.do?cultcode=157910&menuNo=200009,https://culture.seoul.go.kr/cmmn/file/getImage.do?atchFileId=c1c38978f72d45a888daa6d3f1cfef43&thumb=Y,서울시 문화행사,,,,2026-08-23 01:14:23
[서울시립 미술아카이브] 원문으로 읽는 한국현대미술사,서울시립 미술아카이브 나눔동 2층 다목적홀,2026-04-23,2026-05-15,교육/체험,종로구,https://culture.seoul.go.kr/culture/culture/cultureEvent/view.do?cultcode=157594&menuNo=200011,https://culture.seoul.go.kr/cmmn/file/getImage.do?atchFileId=e5917dfc87db4a93a39426c4a210392d&thumb=Y,서울시 문화행사,,,,2026-08-23 01:14:23
[노화랑] 기획전 [IN PINK],"노화랑 1, 2층 전시장",2026-04-23,2026-05-14,전시/미술,종로구,https://culture.seoul.go.kr/culture/culture/cultureEvent/view.do?cultcode=157488&menuNo=200009,https://culture.seoul.go.kr/cmmn/file/getImage.do?atchFileId=813a89fb33224ca9b184a59c222a411b&thumb=Y,서울시 문화행사,,,,2026-08-23 01:14:23
2026 서울 일러스트코리아,코엑스 Hall B2,2026-04-23,2026-04-26,전시/미술,강남구,https://culture.seoul.go.kr/culture/culture/cultureEvent/view.do?cultcode=156697&menuNo=200009,https://culture.seoul.go.kr/cmmn/file/getImage.do?atchFileId=8d7f102ed5534beaad52c9c04f7caf90&thumb=Y,서울시 문화행사,,,,2026-08-23 01:14:23
지예송 하프 귀국 독주회,세종문화회관 세종체임버홀,2026-04-23,2026-04-23,독주/독창회,종로구,https://culture.seoul.go.kr/culture/culture/cultureEvent/view.do?cultcode=157278&menuNo=200008,https://culture.seoul.go.kr/cmmn/file/getImage.do?atchFileId=ac0524fdaaad477a855a07486f44960c&thumb=Y,서울시 문화행사,,,,2026-08-23 01:14:23
[오금청소년센터] 체험형 팹랩 장비 투어 [미래연구소],오금청소년센터 2층 창작공방 '폼',2026-04-23,2026-04-23,교육/체험,송파구,https://culture.seoul.go.kr/culture/culture/cultureEvent/view.do?cultcode=157399&menuNo=200011,https://culture.seoul.go.kr/cmmn/file/getImage.do?atchFileId=83d9c2c8b98240d4b085636548ca8761&thumb=Y,서울시 문화행사,,,,2026-08-23 01:14:23
[서울시립교향악단] 2026 서울시향 퇴근길 토크 콘서트 I : 모차르트 단조의 얼굴,대한성공회 서울주교좌성당,2026-04-23,2026-04-23,클래식,중구,https://culture.seoul.go.kr/culture/culture/cultureEvent/view.do?cultcode=157086&menuNo=200008,https://culture.seoul.go.kr/cmmn/file/getImage.do?atchFileId=efbd4c3b9b1a451397f6a923ef72aea1&thumb=Y,서울시 문화행사,,0.005242,28,2026-08-23 01:14:23
[마포문화재단] 달팽이들의 오페라 피가로의 결혼,마포아트센터 플레이맥,2026-04-23,2026-04-23,뮤지컬/오페라,마포구,https://culture.seoul.go.kr/culture/culture/cultureEvent/view.do?cultcode=157221&menuNo=200008,https://culture.seoul.go.kr/cmmn/file/getImage.do?atchFileId=130689d11d094281bfb2c2c3220ede10&thumb=Y,서울시 문화행사,,0.001089,12,2026-08-23 01:14:23
[서울역사박물관] 제2회 배리어프리영화관 [소방관] 상영 안내,서울역사박물관 1층 강당(야주개홀),2026-04-23,2026-04-23,영화,종로구,https://culture.seoul.go.kr/culture/culture/cultureEvent/view.do?cultcode=157261&menuNo=200013,https://culture.seoul.go.kr/cmmn/file/getImage.do?atchFileId=b05136d2e0604c54a7221b301f94c205&thumb=Y,서울시 문화행사,,,,2026-08-23 01:14:23
[서울시립 서서울미술관] 서서울미술관 미디어랩 파일럿-리딩랩,서울시립 서서울미술관 스튜디오 2,2026-04-22,2026-06-20,교육/체험,금천구,https://culture.seoul.go.kr/culture/culture/cultureEvent/view.do?cultcode=157579&menuNo=200011,https://culture.seoul.go.kr/cmmn/file/getImage.do?atchFileId=73d52cf27a2543599a2a8d8db3f77244&thumb=Y,서울시 문화행사,,,,2026-08-23 01:14:23
[서울시립 북서울미술관] Buk SeMA 미술사 산책 강연 시리즈 [창작하다],서울시립 북서울미술관 B1 다목적홀,2026-04-22,2026-06-17,교육/체험,노원구,https://culture.seoul.go.kr/culture/culture/cultureEvent/view.do?cultcode=157283&menuNo=200011,https://culture.seoul.go.kr/cmmn/file/getImage.do?atchFileId=d40fa584b0c64c47bb97ce53085a1395&thumb=Y,서울시 문화행사,,,,2026-08-23 01:14:23
[동대문문화재단] 2026 답십리영화미디어아트센터 협력전시 [중간의 끝],"답십리영화미디어아트센터 1층 기획전시실, 홀",2026-04-22,2026-05-31,전시/미술,동대문구,https://culture.seoul.go.kr/culture/culture/cultureEvent/view.do?cultcode=157663&menuNo=200009,https://culture.seoul.go.kr/cmmn/file/getImage.do?atchFileId=b8300d4a30aa4ef0a7b746d8ea7f7d34&thumb=Y,서울시 문화행사,,,,2026-08-23 01:14:23
DCW 공모 기획전 : HUMORS(후모어스),두산아트센터 두산갤러리,2026-04-22,2026-05-30,전시/미술,종로구,https://culture.seoul.go.kr/culture/culture/cultureEvent/view.do?cultcode=157545&menuNo=200009,https://culture.seoul.go.kr/cmmn/file/getImage.do?atchFileId=a7c935a6f7264bd7b080cc4bfc883f39&thumb=Y,서울시 문화행사,,,,2026-08-23 01:14:23
[세종뮤지엄갤러리] Auspicious Chorus-상서로운 기운 이철희 기획초대전,세종뮤지엄갤러리 2관,2026-04-22,2026-05-10,전시/미술,광진구,https://culture.seoul.go.kr/culture/culture/cultureEvent/view.do?cultcode=157670&menuNo=200009,https://culture.seoul.go.kr/cmmn/file/getImage.do?atchFileId=973470b94e9f4baead7f520716762ff2&thumb=Y,서울시 문화행사,,,,2026-08-23 01:14:23
[서울문화예술교육센터 강북] 솔샘고전클럽 [우리가 가장 예뻤을 때 : 시라노에서],2층 예술당솔샘,2026-04-22,2026-05-06,교육/체험,강북구,https://culture.seoul.go.kr/culture/culture/cultureEvent/view.do?cultcode=157019&menuNo=200011,https://culture.seoul.go.kr/cmmn/file/getImage.do?atchFileId=28adf2f752934670a94a917b8ebc4208&thumb=Y,서울시 문화행사,,,,2026-08-23 01:14:23
"[성동문화재단] 다락(樂)옥수 '문화, 곁으로 오다' 4월 [SAC on Screen]",다락옥수,2026-04-22,2026-04-29,뮤지컬/오페라,성동구,https://culture.seoul.go.kr/culture/culture/cultureEvent/view.do?cultcode=157499&menuNo=200008,https://culture.seoul.go.kr/cmmn/file/getImage.do?atchFileId=389f18a6a93e46ab96514405f10923cf&thumb=Y,서울시 문화행사,,0.002914,22,2026-08-23 01:14:23
[미림아트갤러리] 김채윤 & 코모도쿤 2인전 [Soft Creatures: 내면의 사유가 만든 풍경과 형상],미림아트 3층 미림아트갤러리,2026-04-22,2026-04-28,전시/미술,종로구,https://culture.seoul.go.kr/culture/culture/cultureEvent/view.do?cultcode=157537&menuNo=200009,https://culture.seoul.go.kr/cmmn/file/getImage.do?atchFileId=16161d0c754c4e209281c74b6c90a754&thumb=Y,서울시 문화행사,,,,2026-08-23 01:14:23
[예술가의집] 제26회 작곡가의방 [한정임],예술가의집 다목적홀,2026-04-22,2026-04-22,클래식,종로구,https://culture.seoul.go.kr/culture/culture/cultureEvent/view.do?cultcode=157410&menuNo=200008,https://culture.seoul.go.kr/cmmn/file/getImage.do?atchFileId=3c3b2b8835624c1d8b374911a4de3273&thumb=Y,서울시 문화행사,,,,2026-08-23 01:14:23
[구립증산도서관] 4월 책 읽어주는 사서 [수요일은 책이랑 쑥쑥],구립증산도서관 3층 가족열람실,2026-04-22,2026-04-22,교육/체험,은평구,https://culture.seoul.go.kr/culture/culture/cultureEvent/view.do?cultcode=157523&menuNo=200011,https://culture.seoul.go.kr/cmmn/file/getImage.do?atchFileId=e5841535db584baeab8001485e9f1c3a&thumb=Y,서울시 문화행사,,,,2026-08-23 01:14:23
"[서초문화원] 서초인문학 아카데미 [겪어보면 안다, 그냥 살자] 김홍신 소설가",서초문화예술회관 1층 아트홀,2026-04-22,2026-04-22,교육/체험,서초구,https://culture.seoul.go.kr/culture/culture/cultureEvent/view.do?cultcode=157409&menuNo=200011,https://culture.seoul.go.kr/cmmn/file/getImage.do?atchFileId=35f44c521f8747979ec9f2f93d5e3762&thumb=Y,서울시 문화행사,,,,2026-08-23 01:14:23
[서울생활문화센터 서교] Life in 서교 4회차 - 작은 영화 제작기,서울생활문화센터 서교 서교스퀘어,2026-04-22,2026-04-22,교육/체험,마포구,https://culture.seoul.go.kr/culture/culture/cultureEvent/view.do?cultcode=157352&menuNo=200011,https://culture.seoul.go.kr/cmmn/file/getImage.do?atchFileId=e48dbd1aa7b54e5da64de8018a5858a3&thumb=Y,서울시 문화행사,,,,2026-08-23 01:14:23
손철주의 오래된 그림공부 [조선의 별별 일꾼들],JCC크리에이티브센터 스튜디오,2026-04-22,2026-04-22,교육/체험,종로구,https://culture.seoul.go.kr/culture/culture/cultureEvent/view.do?cultcode=157342&menuNo=200011,https://culture.seoul.go.kr/cmmn/file/getImage.do?atchFileId=b01583db4b7f4f84843f8a03bc078118&thumb=Y,서울시 문화행사,,,,2026-08-23 01:14:23
[꿈의숲아트센터] 2026 꿈의숲 마티네 콘서트 [벨에포크 아트 & 뮤직] 시리즈1,꿈의숲아트센터 콘서트홀,2026-04-22,2026-04-22,콘서트,강북구,https://culture.seoul.go.kr/culture/culture/cultureEvent/view.do?cultcode=157033&menuNo=200008,https://culture.seoul.go.kr/cmmn/file/getImage.do?atchFileId=66183bd0f5894bc89c12998fc4b57ef9&thumb=Y,서울시 문화행사,,0.000623,7,2026-08-23 01:14:23
[마포문화재단] M 마티네 [2026 MAC 모닝 콘서트] ＃2,마포아트센터 아트홀맥,2026-04-22,2026-04-22,클래식,마포구,https://culture.seoul.go.kr/culture/culture/cultureEvent/view.do?cultcode=156646&menuNo=200008,https://culture.seoul.go.kr/cmmn/file/getImage.do?atchFileId=3c4fe32879484e55a5aecd980c020a0c&thumb=Y,서울시 문화행사,,0.055695,51,2026-08-23 01:14:23
[온에어갤러리] 지각의 층위와 그 지형,온에어갤러리,2026-04-21,2026-05-17,전시/미술,서대문구,https://culture.seoul.go.kr/culture/culture/cultureEvent/view.do?cultcode=157559&menuNo=200009,https://culture.seoul.go.kr/cmmn/file/getImage.do?atchFileId=74f54cd9ac6f48368ec99f17ebbbe9b8&thumb=Y,서울시 문화행사,,0.00249,20,2026-08-23 01:14:23
제21회 서울스프링실내악축제 [모차르트와 영재들],"예술의전당 IBK기업은행챔버홀, 세종문화회관 체임버홀, 아트스페이스3",2026-04-21,2026-05-03,클래식,서초구,https://culture.seoul.go.kr/culture/culture/cultureEvent/view.do?cultcode=157121&menuNo=200008,https://culture.seoul.go.kr/cmmn/file/getImage.do?atchFileId=529161a4f4464c7aaa6c8ec318c6004a&thumb=Y,서울시 문화행사,,,,2026-08-23 01:14:23
"[운현궁] 2026 기획전시 [수고했어요, 오늘도]",운현궁 기획전시실,2026-04-21,2026-04-26,전시/미술,종로구,https://culture.seoul.go.kr/culture/culture/cultureEvent/view.do?cultcode=157503&menuNo=200009,https://culture.seoul.go.kr/cmmn/file/getImage.do?atchFileId=50855f500db342aa8f5f8cd77a698b22&thumb=Y,서울시 문화행사,,,,2026-08-23 01:14:23
최성철 귀국 타악기 독주회,세종문화회관 세종체임버홀,2026-04-21,2026-04-21,독주/독창회,종로구,https://culture.seoul.go.kr/culture/culture/cultureEvent/view.do?cultcode=157233&menuNo=200008,https://culture.seoul.go.kr/cmmn/file/getImage.do?atchFileId=5c39ae55853040c3856893053263db8e&thumb=Y,서울시 문화행사,,,,2026-08-23 01:14:23
2026 한강이야기여행 [한강역사탐방] ,"광나루, 잠실, 뚝섬, 잠원, 반포, 이촌, 여의도, 양화, 난지, 망원, 강서",2026-04-20,2026-11-15,교육/체험,용산구,https://culture.seoul.go.kr/culture/culture/cultureEvent/view.do?cultcode=157700&menuNo=200011,https://culture.seoul.go.kr/cmmn/file/getImage.do?atchFileId=f4d68594fb0a4a329acc12a6796064fd&thumb=Y,서울시 문화행사,,,,2026-08-23 01:14:23
[서울식물원] 씨앗도서관 전문가 강연,서울식물원 식물문화센터 2층 보타닉홀,2026-04-19,2026-04-29,교육/체험,강서구,https://culture.seoul.go.kr/culture/culture/cultureEvent/view.do?cultcode=157345&menuNo=200011,https://culture.seoul.go.kr/cmmn/file/getImage.do?atchFileId=76bb3614b698490695ac12528d3b5b40&thumb=Y,서울시 문화행사,,,,2026-08-23 01:14:23
디지몬 심포니: 선택받은 아이들 Epilogue,세종문화회관 세종대극장,2026-04-19,2026-04-20,콘서트,종로구,https://culture.seoul.go.kr/culture/culture/cultureEvent/view.do?cultcode=157107&menuNo=200008,https://culture.seoul.go.kr/cmmn/file/getImage.do?atchFileId=554cb3179c6248bf9c501bf53b5d728f&thumb=Y,서울시 문화행사,,,,2026-08-23 01:14:23
이선화 거문고 독주회 [가즌會上],국립국악원 풍류사랑방,2026-04-19,2026-04-19,국악,서초구,https://culture.seoul.go.kr/culture/culture/cultureEvent/view.do?cultcode=157292&menuNo=200008,https://culture.seoul.go.kr/cmmn/file/getImage.do?atchFileId=2dae674c92e84561b0940c62dd87e6dc&thumb=Y,서울시 문화행사,,0.002801,21,2026-08-23 01:14:23
[서울문화예술교육센터 은평] 예술마스터 [감정출구],서울문화예술교육센터 은평 댄스스튜디오1 서울무용창작센터,2026-04-18,2026-05-31,교육/체험,은평구,https://culture.seoul.go.kr/culture/culture/cultureEvent/view.do?cultcode=157015&menuNo=200011,https://culture.seoul.go.kr/cmmn/file/getImage.do?atchFileId=9349b9be34ce44689eb667bd53d53ee0&thumb=Y,서울시 문화행사,,,,2026-08-23 01:14:23
"[낙담치 말라, 요동치는 선의(善意)의 숨결] 이현배 개인전",갤러리 무모,2026-04-18,2026-05-16,전시/미술,송파구,https://culture.seoul.go.kr/culture/culture/cultureEvent/view.do?cultcode=157434&menuNo=200009,https://culture.seoul.go.kr/cmmn/file/getImage.do?atchFileId=9aa8a25595714a47bb221a2a1fee1cbe&thumb=Y,서울시 문화행사,,,,2026-08-23 01:14:23
[파리 보이지 않는 파리 Paris Unseen] 전시 연계 특별 강연,성곡미술관 조각정원 글라스카페,2026-04-18,2026-05-09,교육/체험,종로구,https://culture.seoul.go.kr/culture/culture/cultureEvent/view.do?cultcode=157470&menuNo=200011,https://culture.seoul.go.kr/cmmn/file/getImage.do?atchFileId=31378d510a714c809bd87a818a8aabb6&thumb=Y,서울시 문화행사,,,,2026-08-23 01:14:23
한강플플 그린마켓,뚝섬 자벌레(한강플플) 일대,2026-04-18,2026-04-19,축제-문화/예술,광진구,https://culture.seoul.go.kr/culture/culture/cultureEvent/view.do?cultcode=157479&menuNo=200010,https://culture.seoul.go.kr/cmmn/file/getImage.do?atchFileId=e665704abc3c4a82b4a63a05ff1b9e4a&thumb=Y,서울시 문화행사,,,,2026-08-23 01:14:23
[강북문화재단] 칼로막베스,강북문화예술회관 강북소나무홀,2026-04-18,2026-04-19,연극,강북구,https://culture.seoul.go.kr/culture/culture/cultureEvent/view.do?cultcode=157057&menuNo=200008,https://culture.seoul.go.kr/cmmn/file/getImage.do?atchFileId=45ebb59a94e0410d833925f440f565ee&thumb=Y,서울시 문화행사,,0.001818,17,2026-08-23 01:14:23
[종로문화재단] 아이들극장 기획초청 영유아공연 [봄여름가을겨울 슴숨슘],종로아이들극장,2026-04-18,2026-04-19,무용,종로구,https://culture.seoul.go.kr/culture/culture/cultureEvent/view.do?cultcode=157214&menuNo=200008,https://culture.seoul.go.kr/cmmn/file/getImage.do?atchFileId=0d86dc794d96409d8061cb8256362c74&thumb=Y,서울시 문화행사,,0.020009,41,2026-08-23 01:14:23
[강북문화재단] 2026 [419연극제] 강북청년연극 프로젝트 [4월로 걷는 사람들],강북문화예술회관 강북진달래홀,2026-04-18,2026-04-19,연극,강북구,https://culture.seoul.go.kr/culture/culture/cultureEvent/view.do?cultcode=157295&menuNo=200008,https://culture.seoul.go.kr/cmmn/file/getImage.do?atchFileId=625f85f047dc4485bb86534240ce8616&thumb=Y,서울시 문화행사,,0.000436,3,2026-08-23 01:14:23
보이스 오브 팬텀 [리베란테],세종문화회관 세종대극장,2026-04-18,2026-04-18,콘서트,종로구,https://culture.seoul.go.kr/culture/culture/cultureEvent/view.do?cultcode=157106&menuNo=200008,https://culture.seoul.go.kr/cmmn/file/getImage.do?atchFileId=8ba634e63b8142beb3cbc51cb6676e0c&thumb=Y,서울시 문화행사,,,,2026-08-23 01:14:23
"[구립증산도서관] 책이랑 놀자, 이렇게! 4월",구립증산도서관 지하문화강좌실,2026-04-18,2026-04-18,교육/체험,은평구,https://culture.seoul.go.kr/culture/culture/cultureEvent/view.do?cultcode=157364&menuNo=200011,https://culture.seoul.go.kr/cmmn/file/getImage.do?atchFileId=01a36fd4e3ba48aa9e7b2cd4b9fc240c&thumb=Y,서울시 문화행사,,,,2026-08-23 01:14:23
[서울아트책보고] 임수정 작가와 함께하는 '으쌰! 으쌰! 대단한 ○○씨!' [상황극과 미니북 만들기],서울아트책보고 워크숍룸,2026-04-18,2026-04-18,교육/체험,구로구,https://culture.seoul.go.kr/culture/culture/cultureEvent/view.do?cultcode=157332&menuNo=200011,https://culture.seoul.go.kr/cmmn/file/getImage.do?atchFileId=987703a7894947f791862952e3de775c&thumb=Y,서울시 문화행사,,,,2026-08-23 01:14:23
[서울남산국악당] 옴니버스 인형극 [음마갱깽 인형극장],서울남산국악당 크라운해태홀,2026-04-18,2026-04-18,국악,중구,https://culture.seoul.go.kr/culture/culture/cultureEvent/view.do?cultcode=157094&menuNo=200008,https://culture.seoul.go.kr/cmmn/file/getImage.do?atchFileId=385c5620f1784880b759cf33d9e4841b&thumb=Y,서울시 문화행사,,0.000498,5,2026-08-23 01:14:23
[한성백제박물관] 2026 한성백제박물관 콘서트 [봄(Spring): 봄빛 드는 정원],한성백제홀(한성백제박물관 B2),2026-04-18,2026-04-18,콘서트,송파구,https://culture.seoul.go.kr/culture/culture/cultureEvent/view.do?cultcode=157360&menuNo=200008,https://culture.seoul.go.kr/cmmn/file/getImage.do?atchFileId=0e5c3c48e3ca477a82399d5147e73533&thumb=Y,서울시 문화행사,,,,2026-08-23 01:14:23
전쟁기념관 북 토크 [북적북적],2층 아카이브센터,2026-04-18,2026-04-18,교육/체험,용산구,https://culture.seoul.go.kr/culture/culture/cultureEvent/view.do?cultcode=157289&menuNo=200011,https://culture.seoul.go.kr/cmmn/file/getImage.do?atchFileId=c635bf3678ae4b0e8ed34bd5d376a88d&thumb=Y,서울시 문화행사,,,,2026-08-23 01:14:23
오아라 피아노 독주회,세종문화회관 세종체임버홀,2026-04-18,2026-04-18,독주/독창회,종로구,https://culture.seoul.go.kr/culture/culture/cultureEvent/view.do?cultcode=157280&menuNo=200008,https://culture.seoul.go.kr/cmmn/file/getImage.do?atchFileId=c7de182044a749b086c3cceb6a983803&thumb=Y,서울시 문화행사,,,,2026-08-23 01:14:23
"[사람사는세상노무현재단] 정준희, 변영주의 문화정변",노무현시민센터 지하 2층 다목적홀 '가치하다',2026-04-18,2026-04-18,교육/체험,종로구,https://culture.seoul.go.kr/culture/culture/cultureEvent/view.do?cultcode=157414&menuNo=200011,https://culture.seoul.go.kr/cmmn/file/getImage.do?atchFileId=d558bcdba2e545ecbcf930f46b9ce104&thumb=Y,서울시 문화행사,,,,2026-08-23 01:14:23
김진환 졸업연주회,서울대학교 49동 예술관 콘서트홀,2026-04-18,2026-04-18,클래식,관악구,https://culture.seoul.go.kr/culture/culture/cultureEvent/view.do?cultcode=157254&menuNo=200008,https://culture.seoul.go.kr/cmmn/file/getImage.do?atchFileId=8ce68d199a8947cdbc3cf2165006c328&thumb=Y,서울시 문화행사,,,,2026-08-23 01:14:23
[동대문문화재단] 2026 제47회 선농대제,선농단역사공원일대 및 동대문구청,2026-04-18,2026-04-18,축제-전통/역사,동대문구,https://culture.seoul.go.kr/culture/culture/cultureEvent/view.do?cultcode=157248&menuNo=200010,https://culture.seoul.go.kr/cmmn/file/getImage.do?atchFileId=89181ff7cacb4bda9a40f3d651c019e6&thumb=Y,서울시 문화행사,,,,2026-08-23 01:14:23
[관악문화재단] 대니 구 X 디토 오케스트라 - Mozartiana,관악아트홀,2026-04-18,2026-04-18,클래식,관악구,https://culture.seoul.go.kr/culture/culture/cultureEvent/view.do?cultcode=157049&menuNo=200008,https://culture.seoul.go.kr/cmmn/file/getImage.do?atchFileId=1a60590c5b3d4abf8ddccd2ec865c419&thumb=Y,서울시 문화행사,,0.014282,37,2026-08-23 01:14:23
[서울백제어린이박물관] 2026 서울 문화의 밤 [문화로 야금야금] 연계 『백제왕도 달빛기행』 ,"서울백제어린이박물관 앞마당, 전시실 / 몽촌토성",2026-04-17,2026-11-27,교육/체험,송파구,https://culture.seoul.go.kr/culture/culture/cultureEvent/view.do?cultcode=158803&menuNo=200011,https://culture.seoul.go.kr/cmmn/file/getImage.do?atchFileId=842012fe31f148959348cdddb2c263e3&thumb=Y,서울시 문화행사,,,,2026-08-23 01:14:23
[서울백제어린이박물관] 2026 문화로 야금야금 연계 [백제왕성 달빛 캠프],서울백제어린이박물관 주변 잔디밭,2026-04-17,2026-11-27,교육/체험,송파구,https://culture.seoul.go.kr/culture/culture/cultureEvent/view.do?cultcode=158804&menuNo=200011,https://culture.seoul.go.kr/cmmn/file/getImage.do?atchFileId=b84561d0b3fd44259a86fa9a1e88050a&thumb=Y,서울시 문화행사,,,,2026-08-23 01:14:23
[소마미술관] 그림책이 살아있다!,소마미술관 2관 기획전시실,2026-04-17,2026-09-06,전시/미술,송파구,https://culture.seoul.go.kr/culture/culture/cultureEvent/view.do?cultcode=157116&menuNo=200009,https://culture.seoul.go.kr/cmmn/file/getImage.do?atchFileId=cf267080189e4a3eadeeb6c5e8b0ade7&thumb=Y,서울시 문화행사,,,,2026-08-23 01:14:23
[소마미술관] 조각이 꿈+틀 [올림픽조각체험프로젝트#02] 상설전,소마미술관 2관 상설전시실,2026-04-17,2026-09-06,전시/미술,송파구,https://culture.seoul.go.kr/culture/culture/cultureEvent/view.do?cultcode=157117&menuNo=200009,https://culture.seoul.go.kr/cmmn/file/getImage.do?atchFileId=c4ac3bd4533342b993b5ccfd5d42086c&thumb=Y,서울시 문화행사,,,,2026-08-23 01:14:23
서울대학교미술관 개관 20주년 기념 아카이브 전시 [안과 밖 Inside/Outside],서울대학교미술관 전관,2026-04-17,2026-06-28,전시/미술,관악구,https://culture.seoul.go.kr/culture/culture/cultureEvent/view.do?cultcode=157495&menuNo=200009,https://culture.seoul.go.kr/cmmn/file/getImage.do?atchFileId=54fc34d4d06c4f8ba9d5871235e51725&thumb=Y,서울시 문화행사,,,,2026-08-23 01:14:23
메리엠제이 개인전 [매일의  온도],"아트센터림  1층 아트윈도우 및 2층 제 1, 2 전시실 ",2026-04-17,2026-05-10,전시/미술,종로구,https://culture.seoul.go.kr/culture/culture/cultureEvent/view.do?cultcode=157407&menuNo=200009,https://culture.seoul.go.kr/cmmn/file/getImage.do?atchFileId=72f6e6929c7e4ce2b9d8e9066e07a7ff&thumb=Y,서울시 문화행사,,,,2026-08-23 01:14:23
손지윤 개인전 [정면을 가장한 장면],크리스프 웨지,2026-04-17,2026-05-06,전시/미술,마포구,https://culture.seoul.go.kr/culture/culture/cultureEvent/view.do?cultcode=157312&menuNo=200009,https://culture.seoul.go.kr/cmmn/file/getImage.do?atchFileId=7e812fa34d8f49d881bf2e2335279cd1&thumb=Y,서울시 문화행사,,,,2026-08-23 01:14:23
[한국공예·디자인문화진흥원] KCDF도서자료실 자료 나눔,KCDF갤러리 지하1층 자료실,2026-04-17,2026-04-29,기타,종로구,https://culture.seoul.go.kr/culture/culture/cultureEvent/view.do?cultcode=157521&menuNo=200013,https://culture.seoul.go.kr/cmmn/file/getImage.do?atchFileId=491b75e9d4ef45fb9de1ea90ec5e903d&thumb=Y,서울시 문화행사,,,,2026-08-23 01:14:23
새끼-치기⁴ [bzzz],온수공간,2026-04-17,2026-04-26,전시/미술,마포구,https://culture.seoul.go.kr/culture/culture/cultureEvent/view.do?cultcode=157404&menuNo=200009,https://culture.seoul.go.kr/cmmn/file/getImage.do?atchFileId=72ca7a1bb0004291bd889a1929247d2f&thumb=Y,서울시 문화행사,,0.004022,25,2026-08-23 01:14:23
[강동문화재단] 접근성 높은 연극 [해리엇],강동아트센터 소극장 드림,2026-04-17,2026-04-26,연극,강동구,https://culture.seoul.go.kr/culture/culture/cultureEvent/view.do?cultcode=157079&menuNo=200008,https://culture.seoul.go.kr/cmmn/file/getImage.do?atchFileId=087fef1956f24a5f999e2f2a88c7c8c6&thumb=Y,서울시 문화행사,,0.001594,16,2026-08-23 01:14:23
[구로문화재단] 오감자극 영유아 공연 [얼굴과 얼굴 마주;봄],구로창의아트홀,2026-04-17,2026-04-19,연극,구로구,https://culture.seoul.go.kr/culture/culture/cultureEvent/view.do?cultcode=156845&menuNo=200008,https://culture.seoul.go.kr/cmmn/file/getImage.do?atchFileId=b206636243d7406a86d3949568c99f10&thumb=Y,서울시 문화행사,,0.016697,39,2026-08-23 01:14:23
[성동문화재단] 성동 미니어처 오페라 [세빌리아의 이발사],소월아트홀 (월요일 휴관),2026-04-17,2026-04-18,뮤지컬/오페라,성동구,https://culture.seoul.go.kr/culture/culture/cultureEvent/view.do?cultcode=157158&menuNo=200008,https://culture.seoul.go.kr/cmmn/file/getImage.do?atchFileId=83cd18ea478d4b6aa06e2c085335c934&thumb=Y,서울시 문화행사,,,,2026-08-23 01:14:23
[서울문화예술교육센터 강북] 공연 '라이브씨어터' [나는 기와입니다],2층 예술당솔샘,2026-04-17,2026-04-18,연극,강북구,https://culture.seoul.go.kr/culture/culture/cultureEvent/view.do?cultcode=157018&menuNo=200008,https://culture.seoul.go.kr/cmmn/file/getImage.do?atchFileId=d55e4d5b37ca4357a46a1cadab918a5b&thumb=Y,서울시 문화행사,,,,2026-08-23 01:14:23
[마포문화재단] 2026 M 초이스 [ABT 스튜디오 컴퍼니 발레 갈라],마포아트센터 아트홀맥,2026-04-17,2026-04-18,무용,마포구,https://culture.seoul.go.kr/culture/culture/cultureEvent/view.do?cultcode=156583&menuNo=200008,https://culture.seoul.go.kr/cmmn/file/getImage.do?atchFileId=c89fb746c7e9457ebcdb54b1c594284b&thumb=Y,서울시 문화행사,,0.055695,51,2026-08-23 01:14:23
"[구로구] 영어독서특강 [AI시대, 도서관을 활용한 스마트한 영어독서법]",구로문화누리도서관 4층 큰누리홀,2026-04-17,2026-04-17,교육/체험,구로구,https://culture.seoul.go.kr/culture/culture/cultureEvent/view.do?cultcode=157224&menuNo=200011,https://culture.seoul.go.kr/cmmn/file/getImage.do?atchFileId=429012348a324bbfbaec8b6a2b351bf1&thumb=Y,서울시 문화행사,,,,2026-08-23 01:14:23
[서울도서관] 안인모/이희명 [클래식 명곡으로 만나는 싱그러운 봄],서울도서관 1층 생각마루,2026-04-17,2026-04-17,클래식,중구,https://culture.seoul.go.kr/culture/culture/cultureEvent/view.do?cultcode=157331&menuNo=200008,https://culture.seoul.go.kr/cmmn/file/getImage.do?atchFileId=afc93b673db1465d8e110bec414133a1&thumb=Y,서울시 문화행사,,,,2026-08-23 01:14:23
[서울외국인주민센터] 세계문화탐방 [일상 속 세계정거장] 콜롬비아편,광화문역 인근(개별공지),2026-04-17,2026-04-17,교육/체험,종로구,https://culture.seoul.go.kr/culture/culture/cultureEvent/view.do?cultcode=157290&menuNo=200011,https://culture.seoul.go.kr/cmmn/file/getImage.do?atchFileId=8069814611654f3cb7a728cc9fdcd1fe&thumb=Y,서울시 문화행사,,,,2026-08-23 01:14:23
[구로문화재단] 팝페라 콘서트 [4월의 비상(飛上)],오류아트홀,2026-04-17,2026-04-17,콘서트,구로구,https://culture.seoul.go.kr/culture/culture/cultureEvent/view.do?cultcode=156846&menuNo=200008,https://culture.seoul.go.kr/cmmn/file/getImage.do?atchFileId=b51046bed4b1460cb516de68de1fb816&thumb=Y,서울시 문화행사,,0.019636,40,2026-08-23 01:14:23
폴란드 합창 음악의 향연,예술의전당 IBK기업은행챔버홀,2026-04-17,2026-04-17,클래식,서초구,https://culture.seoul.go.kr/culture/culture/cultureEvent/view.do?cultcode=157309&menuNo=200008,https://culture.seoul.go.kr/cmmn/file/getImage.do?atchFileId=ae4cc4cf13434d8e9137d7a365821cb0&thumb=Y,서울시 문화행사,,,,2026-08-23 01:14:23
"[도봉문화정보도서관] 책으로 읽다, 영화 [왕과 사는 남자]가 우리에게 던진 질문들",도봉문화정보도서관 2층 문화마루,2026-04-17,2026-04-17,교육/체험,도봉구,https://culture.seoul.go.kr/culture/culture/cultureEvent/view.do?cultcode=157381&menuNo=200011,https://culture.seoul.go.kr/cmmn/file/getImage.do?atchFileId=06cc296cf6dc438891bc53ff39b5b7a3&thumb=Y,서울시 문화행사,,,,2026-08-23 01:14:23
[마포구립서강도서관] 4월/도서관초대석 (박재연) 도서관의날·도서관주간 기념 도서관초대석 [당신의 취향은 당신 것이 아니다],마포구립서강도서관 3층 세미나실,2026-04-17,2026-04-17,교육/체험,마포구,https://culture.seoul.go.kr/culture/culture/cultureEvent/view.do?cultcode=157126&menuNo=200011,https://culture.seoul.go.kr/cmmn/file/getImage.do?atchFileId=5d0183a8704f4bf2a067fdfd18df7b29&thumb=Y,서울시 문화행사,,,,2026-08-23 01:14:23
[운현궁] 2026 별 헤는 밤 운현궁,서울 운현궁,2026-04-17,2026-04-17,교육/체험,종로구,https://culture.seoul.go.kr/culture/culture/cultureEvent/view.do?cultcode=157223&menuNo=200011,https://culture.seoul.go.kr/cmmn/file/getImage.do?atchFileId=03f28364cf344cd0b3fc9561eb3e0829&thumb=Y,서울시 문화행사,,0.000374,2,2026-08-23 01:14:23
[동대문문화재단] 봄바람 설렁설렁 국악콘서트 [김성녀의 마당놀이 - 심청이와 춘향이가 온다],동대문구청 미래광장,2026-04-17,2026-04-17,국악,동대문구,https://culture.seoul.go.kr/culture/culture/cultureEvent/view.do?cultcode=157252&menuNo=200008,https://culture.seoul.go.kr/cmmn/file/getImage.do?atchFileId=4865ca67958446938f12b17a546ddee7&thumb=Y,서울시 문화행사,,,,2026-08-23 01:14:23
[서울시립미술관 서소문본관] 가나아트컬렉션 《기술의 저변: 경계에 선 장면들》,서울시립미술관 서소문본관 2층 가나아트컬렉션 전시실/상설 전시실,2026-04-16,2026-11-22,전시/미술,중구,https://culture.seoul.go.kr/culture/culture/cultureEvent/view.do?cultcode=157284&menuNo=200009,https://culture.seoul.go.kr/cmmn/file/getImage.do?atchFileId=a4d0b10a374d4e7fb8f255560c9ef279&thumb=Y,서울시 문화행사,,,,2026-08-23 01:14:23
[영등포문화재단] 2026 영등포아트홀 기획공연 [마티네콘서트 With 금난새],영등포아트홀,2026-04-16,2026-10-15,클래식,영등포구,https://culture.seoul.go.kr/culture/culture/cultureEvent/view.do?cultcode=156776&menuNo=200008,https://culture.seoul.go.kr/cmmn/file/getImage.do?atchFileId=183ce1c96a134f20b1d702c042a8bf0c&thumb=Y,서울시 문화행사,,0.072056,53,2026-08-23 01:14:23
[중구문화재단] 뮤지컬 [스윙 데이즈_암호명 A],충무아트센터 대극장,2026-04-16,2026-07-05,뮤지컬/오페라,중구,https://culture.seoul.go.kr/culture/culture/cultureEvent/view.do?cultcode=156673&menuNo=200008,https://culture.seoul.go.kr/cmmn/file/getImage.do?atchFileId=862c9a38b3b146358637293a4f2c8d30&thumb=Y,서울시 문화행사,,0.068295,53,2026-08-23 01:14:23
[서울문화예술교육센터 용산] 렉처in살롱 [재즈를 즐기는 세 가지 방법],서울문화예술교육센터 용산 6층 다목적홀,2026-04-16,2026-06-18,교육/체험,용산구,https://culture.seoul.go.kr/culture/culture/cultureEvent/view.do?cultcode=157002&menuNo=200011,https://culture.seoul.go.kr/cmmn/file/getImage.do?atchFileId=fe123bbc24e24059b849dd488ecf4737&thumb=Y,서울시 문화행사,,,,2026-08-23 01:14:23
2026년 창덕궁 달빛기행(상반기),창덕궁,2026-04-16,2026-05-31,교육/체험,종로구,https://culture.seoul.go.kr/culture/culture/cultureEvent/view.do?cultcode=157394&menuNo=200011,https://culture.seoul.go.kr/cmmn/file/getImage.do?atchFileId=ff2504aca6df4f19a9a1a3f095c02178&thumb=Y,서울시 문화행사,,0.383338,69,2026-08-23 01:14:23
[관악문화재단] 2026 미디어센터관악[ AI 관악 미디어 크리에이터 아카데미 시즌1],미디어센터 관악,2026-04-16,2026-05-28,교육/체험,관악구,https://culture.seoul.go.kr/culture/culture/cultureEvent/view.do?cultcode=157336&menuNo=200011,https://culture.seoul.go.kr/cmmn/file/getImage.do?atchFileId=c1ad1cd0ef6c49d29764cf2b351037eb&thumb=Y,서울시 문화행사,,0.000949,11,2026-08-23 01:14:23
[서울우리소리박물관] 2026년 상반기 외국인 전통문화체험,서울우리소리박물관 상설전시실 및 교육실,2026-04-16,2026-05-14,교육/체험,종로구,https://culture.seoul.go.kr/culture/culture/cultureEvent/view.do?cultcode=157200&menuNo=200011,https://culture.seoul.go.kr/cmmn/file/getImage.do?atchFileId=183cd9e9b78549d098992df989c47096&thumb=Y,서울시 문화행사,,,,2026-08-23 01:14:23
[서울기록원] 가족대상 주말체험프로그램 [우리 잠시 안녕! 기록으로 다시 만나!],서울기록원 3층 교육실,2026-04-16,2026-05-03,교육/체험,은평구,https://culture.seoul.go.kr/culture/culture/cultureEvent/view.do?cultcode=157483&menuNo=200011,https://culture.seoul.go.kr/cmmn/file/getImage.do?atchFileId=77f274e87b7f4e629a196f3a430daaf6&thumb=Y,서울시 문화행사,,,,2026-08-23 01:14:23
"[금천문화재단] 2026 공연장상주단체 기획공연 [봉쥬르, 독퇴흐 크노크!]",금천뮤지컬센터 (시흥대로115길 48 3층 금천예술극장),2026-04-16,2026-04-25,뮤지컬/오페라,금천구,https://culture.seoul.go.kr/culture/culture/cultureEvent/view.do?cultcode=156737&menuNo=200008,https://culture.seoul.go.kr/cmmn/file/getImage.do?atchFileId=3a00c714e98e45dcb02853ee18aca00d&thumb=Y,서울시 문화행사,,,,2026-08-23 01:14:23
[구립증산도서관] 2026 사서와 함께하는 독서 동아리 [씨앗] 1기,지하 1층 문화강좌실,2026-04-16,2026-04-17,교육/체험,은평구,https://culture.seoul.go.kr/culture/culture/cultureEvent/view.do?cultcode=157339&menuNo=200011,https://culture.seoul.go.kr/cmmn/file/getImage.do?atchFileId=d5ce7f17e6984a86991211ddef5ae5fb&thumb=Y,서울시 문화행사,,,,2026-08-23 01:14:23
[세종문화회관] 26세종시즌 [믹스드 오케스트라 26],세종문화회관 세종대극장,2026-04-16,2026-04-16,클래식,종로구,https://culture.seoul.go.kr/culture/culture/cultureEvent/view.do?cultcode=156410&menuNo=200008,https://culture.seoul.go.kr/cmmn/file/getImage.do?atchFileId=97f4c34363974ced891fa98b5bb6fd11&thumb=Y,서울시 문화행사,,,,2026-08-23 01:14:23
[대우재단 시민강좌] 현대음악의 아름다움: 쇤베르크에서 AI음악까지,"대우재단빌딩 5층, 대우학술라운지",2026-04-16,2026-04-16,교육/체험,종로구,https://culture.seoul.go.kr/culture/culture/cultureEvent/view.do?cultcode=157249&menuNo=200011,https://culture.seoul.go.kr/cmmn/file/getImage.do?atchFileId=3a69bf73deea4a6298fe789f890a49ff&thumb=Y,서울시 문화행사,,,,2026-08-23 01:14:23
[중구문화재단] SAC ON SCREEN : 베를린 필하모닉 카메라타,충무아트센터 씨네마,2026-04-16,2026-04-16,영화,중구,https://culture.seoul.go.kr/culture/culture/cultureEvent/view.do?cultcode=157276&menuNo=200013,https://culture.seoul.go.kr/cmmn/file/getImage.do?atchFileId=74422e16e26544cb891b920210e73aa2&thumb=Y,서울시 문화행사,,0.000467,4,2026-08-23 01:14:23
[서울문화재단] 제11회 서울문화예술포럼,서울문화재단 청년예술청 그레이홀,2026-04-16,2026-04-16,기타,서대문구,https://culture.seoul.go.kr/culture/culture/cultureEvent/view.do?cultcode=157415&menuNo=200013,https://culture.seoul.go.kr/cmmn/file/getImage.do?atchFileId=1e366b7e5dbb417585de9c210e6deaea&thumb=Y,서울시 문화행사,,,,2026-08-23 01:14:23
Toki Asako Live in Korea 2026,나루아트센터 대공연장,2026-04-16,2026-04-16,콘서트,광진구,https://culture.seoul.go.kr/culture/culture/cultureEvent/view.do?cultcode=156530&menuNo=200008,https://culture.seoul.go.kr/cmmn/file/getImage.do?atchFileId=04d63e47da934666ac04eedd2fbc6ad7&thumb=Y,서울시 문화행사,,0.011878,36,2026-08-23 01:14:23
[성동문화재단] 세계 영화 상영회 3회차 [인도 영화],성수아트홀,2026-04-16,2026-04-16,영화,성동구,https://culture.seoul.go.kr/culture/culture/cultureEvent/view.do?cultcode=157156&menuNo=200013,https://culture.seoul.go.kr/cmmn/file/getImage.do?atchFileId=fd83b138827645e182c3c0b179e91ac2&thumb=Y,서울시 문화행사,,0.033892,46,2026-08-23 01:14:23
"[송파문화재단] 2026 송파인생학교: 엄마배우 프로젝트 [엄마, 요즘 뭐해?]",송파문화예술회관 2층 강당,2026-04-15,2026-07-22,교육/체험,송파구,https://culture.seoul.go.kr/culture/culture/cultureEvent/view.do?cultcode=157062&menuNo=200011,https://culture.seoul.go.kr/cmmn/file/getImage.do?atchFileId=0932de8fcabc4ccc91d2f7fe3f3593fc&thumb=Y,서울시 문화행사,,,,2026-08-23 01:14:23
[서울문화예술교육센터 용산] 렉처in살롱 [클래식 음악 여행],서울문화예술교육센터 용산 6층 다목적홀,2026-04-15,2026-06-17,교육/체험,용산구,https://culture.seoul.go.kr/culture/culture/cultureEvent/view.do?cultcode=157013&menuNo=200011,https://culture.seoul.go.kr/cmmn/file/getImage.do?atchFileId=876cb55b2c854315b9123a7a86a975e8&thumb=Y,서울시 문화행사,,,,2026-08-23 01:14:23
[서울식물원] 주제정원 봄 전시 [봄빛 정원: 땅에서 피어난 봄빛],서울식물원 주제정원 내 계류 주변,2026-04-15,2026-05-31,전시/미술,강서구,https://culture.seoul.go.kr/culture/culture/cultureEvent/view.do?cultcode=157582&menuNo=200009,https://culture.seoul.go.kr/cmmn/file/getImage.do?atchFileId=adfdc93640c946a29acdc8d12802f793&thumb=Y,서울시 문화행사,,,,2026-08-23 01:14:23
[서울시립미술관×중구문화재단] 협력전시 [SeMA Collection: 청록미로],충무아트센터 갤러리 G1,2026-04-15,2026-05-17,전시/미술,중구,https://culture.seoul.go.kr/culture/culture/cultureEvent/view.do?cultcode=157621&menuNo=200009,https://culture.seoul.go.kr/cmmn/file/getImage.do?atchFileId=cfa4043b588541618a1c45763ada3e23&thumb=Y,서울시 문화행사,,,,2026-08-23 01:14:23
[세종뮤지엄갤러리] 자연대화주의II: 비가시적 바람어 - 박상삼 기획초대전,세종뮤지엄갤러리 1관 (광진구 능동로  209 세종대학교 대양AI B1),2026-04-15,2026-04-26,전시/미술,광진구,https://culture.seoul.go.kr/culture/culture/cultureEvent/view.do?cultcode=157532&menuNo=200009,https://culture.seoul.go.kr/cmmn/file/getImage.do?atchFileId=4759b950b2754d07b4def0470e7c7029&thumb=Y,서울시 문화행사,,,,2026-08-23 01:14:23
미림아트갤러리 [생의 위로 | The Breath of Life] 송해리 개인전,미림아트 3층 미림아트갤러리,2026-04-15,2026-04-20,전시/미술,종로구,https://culture.seoul.go.kr/culture/culture/cultureEvent/view.do?cultcode=157417&menuNo=200009,https://culture.seoul.go.kr/cmmn/file/getImage.do?atchFileId=c47a1d5240464e42a4a9c7d3860ea1e9&thumb=Y,서울시 문화행사,,,,2026-08-23 01:14:23
Spirit of SNU Strings XIV,예술의전당 IBK기업은행챔버홀,2026-04-15,2026-04-15,클래식,서초구,https://culture.seoul.go.kr/culture/culture/cultureEvent/view.do?cultcode=157384&menuNo=200008,https://culture.seoul.go.kr/cmmn/file/getImage.do?atchFileId=e323f5b080a24b2580dc9bf45d3ce15d&thumb=Y,서울시 문화행사,,,,2026-08-23 01:14:23
1인가구 세미나 - 나에게 딱 맞는 인테리어 공간 컨설팅 (3D모형 실습),카페큐브 (구로구 디지털로34길 55 코오롱싸이언스밸리2차 지하1층),2026-04-15,2026-04-15,교육/체험,구로구,https://culture.seoul.go.kr/culture/culture/cultureEvent/view.do?cultcode=157171&menuNo=200011,https://culture.seoul.go.kr/cmmn/file/getImage.do?atchFileId=5090f2b32fe54396a533f75004081f89&thumb=Y,서울시 문화행사,,,,2026-08-23 01:14:23
[양천중앙도서관] 2026 도서관주간 '선량한 차별주의자' 저자 김지혜 작가 특강,양천중앙도서관 중앙홀,2026-04-15,2026-04-15,교육/체험,양천구,https://culture.seoul.go.kr/culture/culture/cultureEvent/view.do?cultcode=157241&menuNo=200011,https://culture.seoul.go.kr/cmmn/file/getImage.do?atchFileId=a214fcafaa854d7c851217d12401bbe0&thumb=Y,서울시 문화행사,,,,2026-08-23 01:14:23
[삼각산금암미술관] 머묾 Sojourn,삼각산금암미술관,2026-04-14,2026-06-14,전시/미술,은평구,https://culture.seoul.go.kr/culture/culture/cultureEvent/view.do?cultcode=157618&menuNo=200009,https://culture.seoul.go.kr/cmmn/file/getImage.do?atchFileId=2201e42c5c35480a84a25af3d9918770&thumb=Y,서울시 문화행사,,0.002029,18,2026-08-23 01:14:23
[양천중앙도서관] K-POP다가치,양천중앙도서관 B1 세미나실1,2026-04-14,2026-05-26,교육/체험,양천구,https://culture.seoul.go.kr/culture/culture/cultureEvent/view.do?cultcode=157030&menuNo=200011,https://culture.seoul.go.kr/cmmn/file/getImage.do?atchFileId=ca6e0699ae1f474ba4dddff87bd64254&thumb=Y,서울시 문화행사,,,,2026-08-23 01:14:23
[양천중앙도서관] 퇴근 후 디지털 클래스 노션(Notion) 실습 과정,양천중앙도서관 4층 디지털자료실,2026-04-14,2026-05-19,교육/체험,양천구,https://culture.seoul.go.kr/culture/culture/cultureEvent/view.do?cultcode=156979&menuNo=200011,https://culture.seoul.go.kr/cmmn/file/getImage.do?atchFileId=3e9d5084397841dfac3faae628d3aad3&thumb=Y,서울시 문화행사,,,,2026-08-23 01:14:23
[서울시립과학관] 2026 과학관 성인교육 [식물 아뜰리에: 관찰과 표본],서울시립과학관 3층 1교육실,2026-04-14,2026-04-28,교육/체험,노원구,https://culture.seoul.go.kr/culture/culture/cultureEvent/view.do?cultcode=157359&menuNo=200011,https://culture.seoul.go.kr/cmmn/file/getImage.do?atchFileId=3c6f9ebe594f45d19f277bd27046a8b5&thumb=Y,서울시 문화행사,,,,2026-08-23 01:14:23
[운현궁] 2026 기획전시 [태평성대를 꿈꾸며_고색창연 단체전],운현궁 기획전시실,2026-04-14,2026-04-19,전시/미술,종로구,https://culture.seoul.go.kr/culture/culture/cultureEvent/view.do?cultcode=157386&menuNo=200009,https://culture.seoul.go.kr/cmmn/file/getImage.do?atchFileId=2e17d3da9c87479c941a2d68f1638c0b&thumb=Y,서울시 문화행사,,,,2026-08-23 01:14:23
[서초문화재단] 2026 심산 영화관 [로마의 휴일],심산기념문화센터 반포심산아트홀,2026-04-14,2026-04-14,영화,서초구,https://culture.seoul.go.kr/culture/culture/cultureEvent/view.do?cultcode=157045&menuNo=200013,https://culture.seoul.go.kr/cmmn/file/getImage.do?atchFileId=6c0d73925bec4be78859a0882401e22d&thumb=Y,서울시 문화행사,,,,2026-08-23 01:14:23
[세종문화회관] 2026 누구나 클래식 with 강릉시립교향악단,세종문화회관 세종대극장,2026-04-14,2026-04-14,클래식,종로구,https://culture.seoul.go.kr/culture/culture/cultureEvent/view.do?cultcode=156934&menuNo=200008,https://culture.seoul.go.kr/cmmn/file/getImage.do?atchFileId=c0247e918599427db13228c74d4f836c&thumb=Y,서울시 문화행사,,,,2026-08-23 01:14:23
"[서울시립미술관] 《지구울림 - 헤르츠앤도우》 토크 프로그램 [크로스워크, 청각적 생태계의 실천에 대하여]","온라인 스트리밍, 상시",2026-04-14,2026-04-14,교육/체험,중구,https://culture.seoul.go.kr/culture/culture/cultureEvent/view.do?cultcode=157285&menuNo=200011,https://culture.seoul.go.kr/cmmn/file/getImage.do?atchFileId=ebe4a439a56649d0a84ab078b2f8f6f8&thumb=Y,서울시 문화행사,,,,2026-08-23 01:14:23
[서울시립교향악단] 2026 서울시향 우리동네 실내악 : 나루아트센터,나루아트센터 대공연장,2026-04-14,2026-04-14,클래식,광진구,https://culture.seoul.go.kr/culture/culture/cultureEvent/view.do?cultcode=156959&menuNo=200008,https://culture.seoul.go.kr/cmmn/file/getImage.do?atchFileId=5b46248bc20f4368ac3869e22b56ee09&thumb=Y,서울시 문화행사,,0.011878,36,2026-08-23 01:14:23
[서울역사박물관] PUTTO,서울역사박물관 로비전시실,2026-04-13,2026-05-10,전시/미술,종로구,https://culture.seoul.go.kr/culture/culture/cultureEvent/view.do?cultcode=157571&menuNo=200009,https://culture.seoul.go.kr/cmmn/file/getImage.do?atchFileId=0c06e4c751eb4d72be2cc9790f3e1955&thumb=Y,서울시 문화행사,,,,2026-08-23 01:14:23
[구립증산도서관] 도서관 주간 기념 어린이 독서 캠프 [넘겨서 세계속으로],구립증산도서관 지하 문화강좌실,2026-04-13,2026-04-14,교육/체험,은평구,https://culture.seoul.go.kr/culture/culture/cultureEvent/view.do?cultcode=157338&menuNo=200011,https://culture.seoul.go.kr/cmmn/file/getImage.do?atchFileId=2d6b55beecd644548ee964a30997fef8&thumb=Y,서울시 문화행사,,,,2026-08-23 01:14:23
[서울시립교향악단] 2026 서울시향 우리동네 실내악 : 정동제일교회,정동제일교회 벧엘예배당,2026-04-13,2026-04-13,클래식,중구,https://culture.seoul.go.kr/culture/culture/cultureEvent/view.do?cultcode=156966&menuNo=200008,https://culture.seoul.go.kr/cmmn/file/getImage.do?atchFileId=e142f126fb7d46a4b9820684a2f3de23&thumb=Y,서울시 문화행사,,,,2026-08-23 01:14:23
소프라노 이윤정 독창회,세종문화회관 세종체임버홀,2026-04-13,2026-04-13,독주/독창회,종로구,https://culture.seoul.go.kr/culture/culture/cultureEvent/view.do?cultcode=157281&menuNo=200008,https://culture.seoul.go.kr/cmmn/file/getImage.do?atchFileId=76c42521bc2f4f729757373c07bbb642&thumb=Y,서울시 문화행사,,,,2026-08-23 01:14:23
[서울시립 사진미술관] 2026 서울사진축제 : 포토라이브러리 워크숍 [일요일의 독서클럽],"2층 영상홀, 4층 포토라이브러리",2026-04-12,2026-06-07,교육/체험,도봉구,https://culture.seoul.go.kr/culture/culture/cultureEvent/view.do?cultcode=157487&menuNo=200011,https://culture.seoul.go.kr/cmmn/file/getImage.do?atchFileId=498300d2f5194d3b8fd3d736e7cb345f&thumb=Y,서울시 문화행사,,,,2026-08-23 01:14:23
[서울시립과학관] 2026년 상반기 가족 과학 실험교실 [과학에 물들다],"서울시립과학관 1~3교육실, 3층 스타홀",2026-04-12,2026-05-03,교육/체험,노원구,https://culture.seoul.go.kr/culture/culture/cultureEvent/view.do?cultcode=156986&menuNo=200011,https://culture.seoul.go.kr/cmmn/file/getImage.do?atchFileId=cf584d544eb14d48b7ef860c8c0c4f4c&thumb=Y,서울시 문화행사,,,,2026-08-23 01:14:23
[구로문화누리도서관] 북토크 [지구의 끝에서 발견한 것은],구로문화누리도서관 4층 큰누리홀,2026-04-12,2026-04-19,교육/체험,구로구,https://culture.seoul.go.kr/culture/culture/cultureEvent/view.do?cultcode=157151&menuNo=200011,https://culture.seoul.go.kr/cmmn/file/getImage.do?atchFileId=1a1b0b8fda024386a5bdcdbb89ce22b8&thumb=Y,서울시 문화행사,,,,2026-08-23 01:14:23
[서울문화예술교육센터 은평] 가족왈츠파티(오후반),서울무용창작센터,2026-04-12,2026-04-19,교육/체험,은평구,https://culture.seoul.go.kr/culture/culture/cultureEvent/view.do?cultcode=157016&menuNo=200011,https://culture.seoul.go.kr/cmmn/file/getImage.do?atchFileId=0761b39d36e24d04945161202c1dbaa4&thumb=Y,서울시 문화행사,,0.008766,33,2026-08-23 01:14:23
이선아 피아노 독주회,예술의전당 인춘아트홀,2026-04-12,2026-04-12,클래식,서초구,https://culture.seoul.go.kr/culture/culture/cultureEvent/view.do?cultcode=157147&menuNo=200008,https://culture.seoul.go.kr/cmmn/file/getImage.do?atchFileId=55ed1e67714e4e02915f8a455a39e77e&thumb=Y,서울시 문화행사,,0.002693,21,2026-08-23 01:14:23
[서울도서관] 마술사의 도서관 - 도서관주간 기념 마술쇼,서울도서관 1층 생각마루,2026-04-12,2026-04-12,기타,중구,https://culture.seoul.go.kr/culture/culture/cultureEvent/view.do?cultcode=157330&menuNo=200013,https://culture.seoul.go.kr/cmmn/file/getImage.do?atchFileId=208543274d694dd79b7cac469d957a83&thumb=Y,서울시 문화행사,,,,2026-08-23 01:14:23
[구립증산도서관] 도서관의 날 기념 [팔랑팔랑 벚꽃 북크닉],지하 문화강좌실 및 불광천,2026-04-12,2026-04-12,교육/체험,은평구,https://culture.seoul.go.kr/culture/culture/cultureEvent/view.do?cultcode=157326&menuNo=200011,https://culture.seoul.go.kr/cmmn/file/getImage.do?atchFileId=5169ba0a181f4aad96ca528ec315ed40&thumb=Y,서울시 문화행사,,,,2026-08-23 01:14:23
[서울 스테이 라운지 - 공연을 기다려-봄!] 싱어송라이터 사운드힐즈,서울갤러리 지하 1층 공연장,2026-04-12,2026-04-12,콘서트,중구,https://culture.seoul.go.kr/culture/culture/cultureEvent/view.do?cultcode=157314&menuNo=200008,https://culture.seoul.go.kr/cmmn/file/getImage.do?atchFileId=bc32c077f27541eabbe0d62f7b131405&thumb=Y,서울시 문화행사,,,,2026-08-23 01:14:23
[마포구립서강도서관] 4월/어린이메이킹 [행복맘껏time] (두 번째 일요일은 해봄공간 오픈데이),마포구립서강도서관 4층 어린이자료실 해봄,2026-04-12,2026-04-12,교육/체험,마포구,https://culture.seoul.go.kr/culture/culture/cultureEvent/view.do?cultcode=157174&menuNo=200011,https://culture.seoul.go.kr/cmmn/file/getImage.do?atchFileId=a8f21a4deec14c999173e3dc9403311f&thumb=Y,서울시 문화행사,,,,2026-08-23 01:14:23
"[김근태기념도서관] 도서관주간·작가초청강연 [AI, 글쓰기, 저작권:AI를 활용하고 AI를 넘어서기]","김근태기념도서관 공간, 마루(2층 다목적 강당)",2026-04-12,2026-04-12,교육/체험,도봉구,https://culture.seoul.go.kr/culture/culture/cultureEvent/view.do?cultcode=157070&menuNo=200011,https://culture.seoul.go.kr/cmmn/file/getImage.do?atchFileId=6a9bc0179b784602b30510fa72403309&thumb=Y,서울시 문화행사,,,,2026-08-23 01:14:23
[성동구립용답도서관] 2026 용답도서관 도서관의 날·도서관주간 [토끼 구름 토끼] 김진희 작가와의 만남 ,성동구립용답도서관,2026-04-12,2026-04-12,교육/체험,성동구,https://culture.seoul.go.kr/culture/culture/cultureEvent/view.do?cultcode=157144&menuNo=200011,https://culture.seoul.go.kr/cmmn/file/getImage.do?atchFileId=45780837c0124eaebc076b8595ac312b&thumb=Y,서울시 문화행사,,0.005927,29,2026-08-23 01:14:23
2026 의정부지 역사유적광장 전통무예행사,의정부지 역사유적광장,2026-04-11,2026-10-31,축제-전통/역사,종로구,https://culture.seoul.go.kr/culture/culture/cultureEvent/view.do?cultcode=157327&menuNo=200010,https://culture.seoul.go.kr/cmmn/file/getImage.do?atchFileId=628a9bae996a407bbfee67752dd508db&thumb=Y,서울시 문화행사,,0.000311,0,2026-08-23 01:14:23
[서울시립과학관] 미스터리 AI 사라진 가족의 행방,서울시립과학관 1층 메이커스튜디오,2026-04-11,2026-08-22,교육/체험,노원구,https://culture.seoul.go.kr/culture/culture/cultureEvent/view.do?cultcode=157492&menuNo=200011,https://culture.seoul.go.kr/cmmn/file/getImage.do?atchFileId=670b9eb5726e40858604a89cfc7b3b5c&thumb=Y,서울시 문화행사,,,,2026-08-23 01:14:23
[서울하수도과학관] 이름 없는 오염원 '비점' 미스테리!,서울하수도과학관 ,2026-04-11,2026-06-27,교육/체험,성동구,https://culture.seoul.go.kr/culture/culture/cultureEvent/view.do?cultcode=157225&menuNo=200011,https://culture.seoul.go.kr/cmmn/file/getImage.do?atchFileId=2349906ff684456987f2c34c3c3ce768&thumb=Y,서울시 문화행사,,0.032635,45,2026-08-23 01:14:23
[서울하수도과학관] 날아라! 재이용수 물로켓,서울하수도과학관 ,2026-04-11,2026-06-27,교육/체험,성동구,https://culture.seoul.go.kr/culture/culture/cultureEvent/view.do?cultcode=157215&menuNo=200011,https://culture.seoul.go.kr/cmmn/file/getImage.do?atchFileId=385727de1664469f98ed9daeeb55368a&thumb=Y,서울시 문화행사,,0.032635,45,2026-08-23 01:14:23
[서울하수도과학관] 팡!팡! 우리 가족 재이용수 물로켓,서울하수도과학관 ,2026-04-11,2026-06-27,교육/체험,성동구,https://culture.seoul.go.kr/culture/culture/cultureEvent/view.do?cultcode=157227&menuNo=200011,https://culture.seoul.go.kr/cmmn/file/getImage.do?atchFileId=3960ad94ef28487f98dfcebfc96ef29e&thumb=Y,서울시 문화행사,,0.032635,45,2026-08-23 01:14:23
2026 아뜰리에 광화 봄 전시 [피어나는 빛],세종문화회관 외벽 미디어파사드,2026-04-11,2026-06-19,전시/미술,종로구,https://culture.seoul.go.kr/culture/culture/cultureEvent/view.do?cultcode=157432&menuNo=200009,https://culture.seoul.go.kr/cmmn/file/getImage.do?atchFileId=196d7f704d5646a2bb4bb40523a8c4aa&thumb=Y,서울시 문화행사,,,,2026-08-23 01:14:23
2026 책읽는 한강공원,여의도한강공원 멀티플라자 및 잔디한강 일대,2026-04-11,2026-05-23,기타,영등포구,https://culture.seoul.go.kr/culture/culture/cultureEvent/view.do?cultcode=157701&menuNo=200013,https://culture.seoul.go.kr/cmmn/file/getImage.do?atchFileId=33d2b8c5b5784f62b59cc903b9978e33&thumb=Y,서울시 문화행사,,,,2026-08-23 01:14:23
"[서울문화예술교육센터 강북] 워크숍 'play, play' [꿈틀꿈틀 마음인형 조각소]",3층 움직임창작실 2,2026-04-11,2026-05-02,교육/체험,강북구,https://culture.seoul.go.kr/culture/culture/cultureEvent/view.do?cultcode=157012&menuNo=200011,https://culture.seoul.go.kr/cmmn/file/getImage.do?atchFileId=04ee06c1417845d39bc33a8a3697ee5c&thumb=Y,서울시 문화행사,,,,2026-08-23 01:14:23
[금천문화재단] 2026 찾아가는 금천라이브,"안양천 퐁당퐁당 어린이 물놀이장, 맑은누리 작은도서관",2026-04-11,2026-04-18,콘서트,금천구,https://culture.seoul.go.kr/culture/culture/cultureEvent/view.do?cultcode=157130&menuNo=200008,https://culture.seoul.go.kr/cmmn/file/getImage.do?atchFileId=9ff21a4f7786462c98d670ba2d820dd3&thumb=Y,서울시 문화행사,,,,2026-08-23 01:14:23
[마포문화재단] 2026 M 초이스 연극 [비기닝],마포아트센터 아트홀맥,2026-04-11,2026-04-12,연극,마포구,https://culture.seoul.go.kr/culture/culture/cultureEvent/view.do?cultcode=156731&menuNo=200008,https://culture.seoul.go.kr/cmmn/file/getImage.do?atchFileId=91d673a823b5455ab00075419d2d46d6&thumb=Y,서울시 문화행사,,0.055695,51,2026-08-23 01:14:23
박지나 피아노 독주회,세종문화회관 세종체임버홀,2026-04-11,2026-04-11,독주/독창회,종로구,https://culture.seoul.go.kr/culture/culture/cultureEvent/view.do?cultcode=157282&menuNo=200008,https://culture.seoul.go.kr/cmmn/file/getImage.do?atchFileId=f1b536a2f9ce4abab3a976c76b7822d9&thumb=Y,서울시 문화행사,,,,2026-08-23 01:14:23
2026 Immersion 몰입,성수아트홀,2026-04-11,2026-04-11,클래식,성동구,https://culture.seoul.go.kr/culture/culture/cultureEvent/view.do?cultcode=156957&menuNo=200008,https://culture.seoul.go.kr/cmmn/file/getImage.do?atchFileId=59052d270ec643fabaa076e13c513a75&thumb=Y,서울시 문화행사,,0.033892,46,2026-08-23 01:14:23
"문예북흥 No.59 - 『들뢰즈, 괴물의 사유』를 통해 보는 국악인 원일의 시나위적 음악과 삶. 신神, 아我, 위爲, 하나가 되다.",이호철북콘서트홀,2026-04-11,2026-04-11,교육/체험,은평구,https://culture.seoul.go.kr/culture/culture/cultureEvent/view.do?cultcode=157230&menuNo=200011,https://culture.seoul.go.kr/cmmn/file/getImage.do?atchFileId=c815aa375f104de5b3e85d83851ee5f4&thumb=Y,서울시 문화행사,,0.013049,36,2026-08-23 01:14:23
[살롱클래식] 최기원 기타 독주회,라율아트홀,2026-04-11,2026-04-11,클래식,서초구,https://culture.seoul.go.kr/culture/culture/cultureEvent/view.do?cultcode=157120&menuNo=200008,https://culture.seoul.go.kr/cmmn/file/getImage.do?atchFileId=31d4b9ff19194305b1b468a76ee50a4a&thumb=Y,서울시 문화행사,,0.012015,36,2026-08-23 01:14:23
[서울 스테이 라운지 - 공연을 기다려-봄!] 플라멩코 기타리스트 레오 플라멩코,서울갤러리 지하 1층 공연장,2026-04-11,2026-04-11,콘서트,중구,https://culture.seoul.go.kr/culture/culture/cultureEvent/view.do?cultcode=157313&menuNo=200008,https://culture.seoul.go.kr/cmmn/file/getImage.do?atchFileId=d2ea1bc3f56e4a35a32d42720f811ea4&thumb=Y,서울시 문화행사,,,,2026-08-23 01:14:23
[구로문화재단] 2026 이달의 공연 [사운드트립]_4월 소냐&진정훈,구로근린공원(기상 상황에 따라 변경될 수 있음),2026-04-11,2026-04-11,콘서트,구로구,https://culture.seoul.go.kr/culture/culture/cultureEvent/view.do?cultcode=157009&menuNo=200008,https://culture.seoul.go.kr/cmmn/file/getImage.do?atchFileId=267a0ec5dec74a60ab3bfc27d8fc7b71&thumb=Y,서울시 문화행사,,,,2026-08-23 01:14:23
[중랑문화재단] 2026 봉화산 옹기문화축제,봉화산 옹기문화마당 1관 (신내로21길 115-1),2026-04-11,2026-04-11,축제-문화/예술,중랑구,https://culture.seoul.go.kr/culture/culture/cultureEvent/view.do?cultcode=157216&menuNo=200010,https://culture.seoul.go.kr/cmmn/file/getImage.do?atchFileId=cdddd9f01f11404dbef7c2ba84ca025f&thumb=Y,서울시 문화행사,,,,2026-08-23 01:14:23
"[서울아트책보고] 열람실 큐레이션 연계프로그램 : [수집, 책, 디자인]",서울아트책보고 아트북 열람실,2026-04-11,2026-04-11,교육/체험,구로구,https://culture.seoul.go.kr/culture/culture/cultureEvent/view.do?cultcode=157258&menuNo=200011,https://culture.seoul.go.kr/cmmn/file/getImage.do?atchFileId=b2a40d7af85b471cbf6e6628258748b3&thumb=Y,서울시 문화행사,,,,2026-08-23 01:14:23
[서울아트책보고] 김난지 작가와 함께하는 그림책 속 주인공 되어 보기 : 나의 장화 화분에서는 어떤 식물이 자랄까?, 서울아트책보고 워크숍룸,2026-04-11,2026-04-11,교육/체험,구로구,https://culture.seoul.go.kr/culture/culture/cultureEvent/view.do?cultcode=157260&menuNo=200011,https://culture.seoul.go.kr/cmmn/file/getImage.do?atchFileId=edf636736d844ab98d154b60307602df&thumb=Y,서울시 문화행사,,,,2026-08-23 01:14:23
[송파문화재단] 양정무 교수 명사 특강 [일상에서 만나는 명작의 순간],송파글마루도서관 B1 숲속극장,2026-04-11,2026-04-11,교육/체험,송파구,https://culture.seoul.go.kr/culture/culture/cultureEvent/view.do?cultcode=157163&menuNo=200011,https://culture.seoul.go.kr/cmmn/file/getImage.do?atchFileId=afa0b129359f4912aa1e0aee4caef38e&thumb=Y,서울시 문화행사,,,,2026-08-23 01:14:23
[서울문화예술교육센터 은평 ] 사회공헌 프로그램 어린이 워크숍 [숨어라 쉿!],서울문화예술교육센터 은평 1층 공연장,2026-04-11,2026-04-11,교육/체험,은평구,https://culture.seoul.go.kr/culture/culture/cultureEvent/view.do?cultcode=157170&menuNo=200011,https://culture.seoul.go.kr/cmmn/file/getImage.do?atchFileId=014e2994d48748a49bc456de3a35eff7&thumb=Y,서울시 문화행사,,,,2026-08-23 01:14:23
토마스 스트로넨 내한공연,JCC아트센터 콘서트홀,2026-04-11,2026-04-11,콘서트,종로구,https://culture.seoul.go.kr/culture/culture/cultureEvent/view.do?cultcode=156913&menuNo=200008,https://culture.seoul.go.kr/cmmn/file/getImage.do?atchFileId=feba5da6748a44528f134745660d2cf6&thumb=Y,서울시 문화행사,,0.001401,15,2026-08-23 01:14:23
[송파문화재단] 2026년 도서관의 날 기념행사,송파글마루도서관 일대,2026-04-11,2026-04-11,축제-문화/예술,송파구,https://culture.seoul.go.kr/culture/culture/cultureEvent/view.do?cultcode=157162&menuNo=200010,https://culture.seoul.go.kr/cmmn/file/getImage.do?atchFileId=bfb14e310aaa43868f634fcf54af142a&thumb=Y,서울시 문화행사,,,,2026-08-23 01:14:23
[은평역사한옥박물관] 지혜가 담긴 한옥-온돌,은평역사한옥박물관 교육실 및 전시실 ,2026-04-10,2026-07-31,교육/체험,은평구,https://culture.seoul.go.kr/culture/culture/cultureEvent/view.do?cultcode=157129&menuNo=200011,https://culture.seoul.go.kr/cmmn/file/getImage.do?atchFileId=64cf3e5a4efd4399b32a6247dd3880da&thumb=Y,서울시 문화행사,,,,2026-08-23 01:14:23
2026 서울로미디어캔버스 봄 전시,서울시 중구 만리재로 215 우리은행 중림동 지점,2026-04-10,2026-06-19,전시/미술,중구,https://culture.seoul.go.kr/culture/culture/cultureEvent/view.do?cultcode=157785&menuNo=200009,https://culture.seoul.go.kr/cmmn/file/getImage.do?atchFileId=b15ff546b76540b0ad60cbc8c2e6801d&thumb=Y,서울시 문화행사,,,,2026-08-23 01:14:23
2026 해치마당 미디어월 봄 전시,광화문 역 9번출구 진입로 벽면 해치마당 미디어월,2026-04-10,2026-06-19,전시/미술,종로구,https://culture.seoul.go.kr/culture/culture/cultureEvent/view.do?cultcode=157787&menuNo=200009,https://culture.seoul.go.kr/cmmn/file/getImage.do?atchFileId=ac862f94f21744ec8092ccc4372c0539&thumb=Y,서울시 문화행사,,,,2026-08-23 01:14:23
이상한 K-뷰티 : 엄마의 서랍장,DDP 마켓 B2F 비더비 다운타운,2026-04-10,2026-06-10,전시/미술,중구,https://culture.seoul.go.kr/culture/culture/cultureEvent/view.do?cultcode=157606&menuNo=200009,https://culture.seoul.go.kr/cmmn/file/getImage.do?atchFileId=e187f20c0b5d4e7ebcbff38d8f60b63e&thumb=Y,서울시 문화행사,,,,2026-08-23 01:14:23
2026 한강불빛 공연 [드론라이트쇼],여의도·뚝섬·잠실한강공원,2026-04-10,2026-06-05,축제-자연/경관,영등포구,https://culture.seoul.go.kr/culture/culture/cultureEvent/view.do?cultcode=157197&menuNo=200010,https://culture.seoul.go.kr/cmmn/file/getImage.do?atchFileId=d75dcf778a8247ca87c787f4950e6bcc&thumb=Y,서울시 문화행사,,,,2026-08-23 01:14:23
[오에이오에이] 양하·유리 [미시적 재난 Micro-Disaster],오에이오에이,2026-04-10,2026-05-23,전시/미술,강남구,https://culture.seoul.go.kr/culture/culture/cultureEvent/view.do?cultcode=157391&menuNo=200009,https://culture.seoul.go.kr/cmmn/file/getImage.do?atchFileId=505e5673da7f4566adf7b4ec9a57bdd2&thumb=Y,서울시 문화행사,,0.000311,0,2026-08-23 01:14:23
빅쇼부터 이색체험까지! 펀(FUN)하게 즐기는 한강!! [서울스프링페스티벌],"한강공원 일원(여의도, 뚝섬, 반포 등) ",2026-04-10,2026-05-05,축제-문화/예술,영등포구,https://culture.seoul.go.kr/culture/culture/cultureEvent/view.do?cultcode=157088&menuNo=200010,https://culture.seoul.go.kr/cmmn/file/getImage.do?atchFileId=52f791b592624fff94461ee37bf13be2&thumb=Y,서울시 문화행사,,,,2026-08-23 01:14:23
Irreversible Scenes: 자리 없는 몸들의 시간,LDK.DT,2026-04-10,2026-04-26,전시/미술,용산구,https://culture.seoul.go.kr/culture/culture/cultureEvent/view.do?cultcode=157316&menuNo=200009,https://culture.seoul.go.kr/cmmn/file/getImage.do?atchFileId=40d6110ba944419e9246ddaf5e99bc05&thumb=Y,서울시 문화행사,,,,2026-08-23 01:14:23
[한양도성박물관] 2026년 [한양도성 답사: 순성기행] 4월반,한양도성박물관 ,2026-04-10,2026-04-17,교육/체험,종로구,https://culture.seoul.go.kr/culture/culture/cultureEvent/view.do?cultcode=156977&menuNo=200011,https://culture.seoul.go.kr/cmmn/file/getImage.do?atchFileId=96b41ea80c5941a8a3a1bd21564d072e&thumb=Y,서울시 문화행사,,0.036495,47,2026-08-23 01:14:23
[서울 커먼그라운드] 제1회 호호랑친구들 - 수집가마켓,커먼그라운드 중앙광장,2026-04-10,2026-04-12,축제-기타,광진구,https://culture.seoul.go.kr/culture/culture/cultureEvent/view.do?cultcode=157032&menuNo=200010,https://culture.seoul.go.kr/cmmn/file/getImage.do?atchFileId=31e10fea099349be885b5c32272ac896&thumb=Y,서울시 문화행사,,,,2026-08-23 01:14:23
[강북문화재단] 2026 [419연극제] 강북연극협회 [그린을 기다리며],강북문화예술회관 강북진달래홀,2026-04-10,2026-04-11,연극,강북구,https://culture.seoul.go.kr/culture/culture/cultureEvent/view.do?cultcode=157294&menuNo=200008,https://culture.seoul.go.kr/cmmn/file/getImage.do?atchFileId=dd6b0652bbab4a3d940d8b61d88cb8d6&thumb=Y,서울시 문화행사,,0.000436,3,2026-08-23 01:14:23
[운현궁] 2026 서울 운현궁 맞춤형 전통 문화체험 : 검무 원데이 클래스,운현궁 노락당 ,2026-04-10,2026-04-10,교육/체험,종로구,https://culture.seoul.go.kr/culture/culture/cultureEvent/view.do?cultcode=157273&menuNo=200011,https://culture.seoul.go.kr/cmmn/file/getImage.do?atchFileId=24683d78531c4159bc1e068d1d6d9aaa&thumb=Y,서울시 문화행사,,0.000374,2,2026-08-23 01:14:23
제6회 울림 색소폰 앙상블 정기연주회,세종문화회관 세종체임버홀,2026-04-10,2026-04-10,클래식,종로구,https://culture.seoul.go.kr/culture/culture/cultureEvent/view.do?cultcode=157265&menuNo=200008,https://culture.seoul.go.kr/cmmn/file/getImage.do?atchFileId=9d9bd974fdf449d99a05895c0ef8a770&thumb=Y,서울시 문화행사,,,,2026-08-23 01:14:23
"[서울 문화의 밤] 4월 작가힙톡(Hip-Talk) - 안녕하세요, 서울의 노동자들 (윤지영)",서울도서관 1층 생각마루,2026-04-10,2026-04-10,교육/체험,중구,https://culture.seoul.go.kr/culture/culture/cultureEvent/view.do?cultcode=157135&menuNo=200011,https://culture.seoul.go.kr/cmmn/file/getImage.do?atchFileId=c99789331b384ba4b1e577c021c54974&thumb=Y,서울시 문화행사,,,,2026-08-23 01:14:23
[구립증산도서관] 2026 유아 독서 동아리 [책책박사] 1기,구립증산도서관 지하 문화강좌실,2026-04-09,2026-07-21,교육/체험,은평구,https://culture.seoul.go.kr/culture/culture/cultureEvent/view.do?cultcode=157340&menuNo=200011,https://culture.seoul.go.kr/cmmn/file/getImage.do?atchFileId=02501ee5ec054716a97eb0a1241fdc42&thumb=Y,서울시 문화행사,,,,2026-08-23 01:14:23
[서울시립 사진미술관] 2026 서울사진축제 : Photo SeMA 기획서가 [모두를 위한 사진책],서울시립 사진미술관 4층 포토라이브러리,2026-04-09,2026-07-05,전시/미술,도봉구,https://culture.seoul.go.kr/culture/culture/cultureEvent/view.do?cultcode=157578&menuNo=200009,https://culture.seoul.go.kr/cmmn/file/getImage.do?atchFileId=65ddc38604e4492b869a6d972a08ec81&thumb=Y,서울시 문화행사,,,,2026-08-23 01:14:23
[서울시립 사진미술관] 2026 서울사진축제 [서울 사진 산책],서울 시내 24개소 문화공간 / 외부 별도 장소,2026-04-09,2026-06-14,전시/미술,도봉구,https://culture.seoul.go.kr/culture/culture/cultureEvent/view.do?cultcode=157349&menuNo=200009,https://culture.seoul.go.kr/cmmn/file/getImage.do?atchFileId=10e7f9cf6cd94078a47d5e519a4b6e7f&thumb=Y,서울시 문화행사,,,,2026-08-23 01:14:23
[서울시립 사진미술관] 2026 서울사진축제 : 아티스트 토크 [작가의 방],서울시립 사진미술관 2층  영상홀,2026-04-09,2026-06-14,전시/미술,도봉구,https://culture.seoul.go.kr/culture/culture/cultureEvent/view.do?cultcode=157475&menuNo=200009,https://culture.seoul.go.kr/cmmn/file/getImage.do?atchFileId=20a62cd7a4a5468a905848cae3284ff6&thumb=Y,서울시 문화행사,,,,2026-08-23 01:14:23
[서울시립 사진미술관] 서울사진축제 《컴백홈》,서울시립 사진미술관,2026-04-09,2026-06-14,전시/미술,도봉구,https://culture.seoul.go.kr/culture/culture/cultureEvent/view.do?cultcode=157269&menuNo=200009,https://culture.seoul.go.kr/cmmn/file/getImage.do?atchFileId=c4c9d45245364ab48711d6ccbeb9e699&thumb=Y,서울시 문화행사,,0.198287,63,2026-08-23 01:14:23
[청계천박물관] 2026년 상반기 유아 단체 교육 [꼬물꼬물 청계천 보물찾기],청계천박물관(성동구),2026-04-09,2026-06-04,교육/체험,성동구,https://culture.seoul.go.kr/culture/culture/cultureEvent/view.do?cultcode=156942&menuNo=200011,https://culture.seoul.go.kr/cmmn/file/getImage.do?atchFileId=8b5681523837468e8e163bce666ea057&thumb=Y,서울시 문화행사,,,,2026-08-23 01:14:23
[중구문화재단] 2026년 상반기 4월 [씨네타운 중구],충무아트센터 소극장 씨네마,2026-04-09,2026-04-30,영화,중구,https://culture.seoul.go.kr/culture/culture/cultureEvent/view.do?cultcode=157277&menuNo=200013,https://culture.seoul.go.kr/cmmn/file/getImage.do?atchFileId=a4606eab57bf4ce0be33ec7dbc166a01&thumb=Y,서울시 문화행사,,,,2026-08-23 01:14:23
[내한공연] Wim Hoste : Jazz and Beyond with 그루버김밴드,재즈클럽 그루브,2026-04-09,2026-04-30,콘서트,서초구,https://culture.seoul.go.kr/culture/culture/cultureEvent/view.do?cultcode=157243&menuNo=200008,https://culture.seoul.go.kr/cmmn/file/getImage.do?atchFileId=a780f754d1ba427eaea38a12d3c52a19&thumb=Y,서울시 문화행사,,0.00371,24,2026-08-23 01:14:23
[서울식물원] 정원의 숨결을 담은 우리 소리 [소금 힐링 연주],서울식물원 식물문화센터,2026-04-09,2026-04-30,교육/체험,강서구,https://culture.seoul.go.kr/culture/culture/cultureEvent/view.do?cultcode=157343&menuNo=200011,https://culture.seoul.go.kr/cmmn/file/getImage.do?atchFileId=3defebbb049244dd8cebbcd01241af9b&thumb=Y,서울시 문화행사,,0.001805,17,2026-08-23 01:14:23
[구로문화누리도서관] 인문학배움터: 서양철학 깊이읽기 [플라톤의 사심(思深)],구로문화누리도서관 4층 배움누리2,2026-04-09,2026-04-30,교육/체험,구로구,https://culture.seoul.go.kr/culture/culture/cultureEvent/view.do?cultcode=157153&menuNo=200011,https://culture.seoul.go.kr/cmmn/file/getImage.do?atchFileId=cfa2b96cdfb24a158d41da52e39b6da5&thumb=Y,서울시 문화행사,,,,2026-08-23 01:14:23
[아트 301] 영 아티스트 어워드 2026 [더 리빙 아카이브],아트 301 갤러리,2026-04-09,2026-04-23,전시/미술,강남구,https://culture.seoul.go.kr/culture/culture/cultureEvent/view.do?cultcode=156840&menuNo=200009,https://culture.seoul.go.kr/cmmn/file/getImage.do?atchFileId=7587ef20a62c4eb393fce2a544779d55&thumb=Y,서울시 문화행사,,,,2026-08-23 01:14:23
소프라노 강혜정의 어느 봄날,아트센터 림 아트홀,2026-04-09,2026-04-13,클래식,종로구,https://culture.seoul.go.kr/culture/culture/cultureEvent/view.do?cultcode=157247&menuNo=200008,https://culture.seoul.go.kr/cmmn/file/getImage.do?atchFileId=d12f74fbad384b78ad3468a96253547c&thumb=Y,서울시 문화행사,,,,2026-08-23 01:14:23
[세종문화회관] 26세종시즌 [나부코],세종문화회관 세종대극장,2026-04-09,2026-04-12,뮤지컬/오페라,종로구,https://culture.seoul.go.kr/culture/culture/cultureEvent/view.do?cultcode=156411&menuNo=200008,https://culture.seoul.go.kr/cmmn/file/getImage.do?atchFileId=b322087863f54dc3b33296c5013ddf1e&thumb=Y,서울시 문화행사,,,,2026-08-23 01:14:23
[강남문화재단] 제1009회 목요예술무대 [춤으로 쓰는 독립일기],강남씨어터,2026-04-09,2026-04-09,무용,강남구,https://culture.seoul.go.kr/culture/culture/cultureEvent/view.do?cultcode=157154&menuNo=200008,https://culture.seoul.go.kr/cmmn/file/getImage.do?atchFileId=fab2bd5ccdd84b66bb663ab9bf9f5ec3&thumb=Y,서울시 문화행사,,0.012152,36,2026-08-23 01:14:23
"[서울외국인주민센터] 다양성의 큰 숲, 대림동을 걷다",대림동 일대,2026-04-09,2026-04-09,교육/체험,영등포구,https://culture.seoul.go.kr/culture/culture/cultureEvent/view.do?cultcode=157133&menuNo=200011,https://culture.seoul.go.kr/cmmn/file/getImage.do?atchFileId=7d4663321dd84cb6a17851004bd0fbd8&thumb=Y,서울시 문화행사,,,,2026-08-23 01:14:23
"[청계천박물관] 2026년 상반기 초등4~6학년 학급단체 교육 [졸졸졸 개천, 콸콸콸 준천]",청계천박물관(성동구),2026-04-08,2026-06-24,교육/체험,성동구,https://culture.seoul.go.kr/culture/culture/cultureEvent/view.do?cultcode=156943&menuNo=200011,https://culture.seoul.go.kr/cmmn/file/getImage.do?atchFileId=78fe1eceefef43f086b715112b7a4aac&thumb=Y,서울시 문화행사,,,,2026-08-23 01:14:23
[서울공예박물관] 공예동행@쇼윈도 #2. 빛의 흐름 The Flow of Light,전시3동 1층 쇼윈도 갤러리,2026-04-08,2026-05-31,전시/미술,종로구,https://culture.seoul.go.kr/culture/culture/cultureEvent/view.do?cultcode=157354&menuNo=200009,https://culture.seoul.go.kr/cmmn/file/getImage.do?atchFileId=d813307c6065486caf69b2ad498a0e61&thumb=Y,서울시 문화행사,,,,2026-08-23 01:14:23
[경복궁] 2026 생과방(상반기),경복궁 생과방,2026-04-08,2026-05-27,교육/체험,종로구,https://culture.seoul.go.kr/culture/culture/cultureEvent/view.do?cultcode=157368&menuNo=200011,https://culture.seoul.go.kr/cmmn/file/getImage.do?atchFileId=4864144c5a084ea4a1228924afe585e6&thumb=Y,서울시 문화행사,,0.26002,66,2026-08-23 01:14:23
[덕수궁] 2026 밤의 석조전(상반기),덕수궁 석조전 일원,2026-04-08,2026-05-17,축제-전통/역사,중구,https://culture.seoul.go.kr/culture/culture/cultureEvent/view.do?cultcode=157365&menuNo=200010,https://culture.seoul.go.kr/cmmn/file/getImage.do?atchFileId=cc6179c75f1547b2b72e2a3cca26b6da&thumb=Y,서울시 문화행사,,,,2026-08-23 01:14:23
[서울아트책보고] 나와 타인을 알아가는 글쓰기,서울아트책보고,2026-04-08,2026-05-13,교육/체험,구로구,https://culture.seoul.go.kr/culture/culture/cultureEvent/view.do?cultcode=156877&menuNo=200011,https://culture.seoul.go.kr/cmmn/file/getImage.do?atchFileId=934cbbeed0e94753b2ddef8f32fddfe6&thumb=Y,서울시 문화행사,,0.048448,49,2026-08-23 01:14:23
[서울문화예술교육센터 용산] 창작의 발견 [그림이 말하는 오늘의 나],서울문화예술교육센터 용산 5층 홀,2026-04-08,2026-04-29,교육/체험,용산구,https://culture.seoul.go.kr/culture/culture/cultureEvent/view.do?cultcode=157005&menuNo=200011,https://culture.seoul.go.kr/cmmn/file/getImage.do?atchFileId=80a6b7b56d0c4837a64c7373f1159c7d&thumb=Y,서울시 문화행사,,,,2026-08-23 01:14:23
"[서울문화예술교육센터 용산] 한 번쯤, 에세이 싹 틔우기",서울문화예술교육센터 용산 5층 강의실,2026-04-08,2026-04-29,교육/체험,용산구,https://culture.seoul.go.kr/culture/culture/cultureEvent/view.do?cultcode=157001&menuNo=200011,https://culture.seoul.go.kr/cmmn/file/getImage.do?atchFileId=4a3e72f1388e4c74ba72f411960c323a&thumb=Y,서울시 문화행사,,,,2026-08-23 01:14:23
한불수교 140주년 기념 특별전 [1900년 파리만국박람회와 서울의 추억],갤러리 인덱스,2026-04-08,2026-04-20,전시/미술,종로구,https://culture.seoul.go.kr/culture/culture/cultureEvent/view.do?cultcode=157374&menuNo=200009,https://culture.seoul.go.kr/cmmn/file/getImage.do?atchFileId=782c2e25b46b4406841e4bfb979c5a8b&thumb=Y,서울시 문화행사,,0.00084,10,2026-08-23 01:14:23
[세종뮤지엄갤러리 기획초대전] Visible Sound [최소리 개인전],세종뮤지엄갤러리 2관,2026-04-08,2026-04-19,전시/미술,광진구,https://culture.seoul.go.kr/culture/culture/cultureEvent/view.do?cultcode=157350&menuNo=200009,https://culture.seoul.go.kr/cmmn/file/getImage.do?atchFileId=d707fddd53614344b8a5fbf13a92292b&thumb=Y,서울시 문화행사,,,,2026-08-23 01:14:23
페이지룸8 x 지우헌 [옥토- 북촌-서촌],"페이지룸8, 갤러리 지우헌",2026-04-08,2026-04-18,전시/미술,종로구,https://culture.seoul.go.kr/culture/culture/cultureEvent/view.do?cultcode=157400&menuNo=200009,https://culture.seoul.go.kr/cmmn/file/getImage.do?atchFileId=496fdf95d04e453f8192ad051d381d4b&thumb=Y,서울시 문화행사,,,,2026-08-23 01:14:23
[훈기상화] 흙의 비망록,국립국악원 풍류사랑방,2026-04-08,2026-04-08,국악,서초구,https://culture.seoul.go.kr/culture/culture/cultureEvent/view.do?cultcode=157123&menuNo=200008,https://culture.seoul.go.kr/cmmn/file/getImage.do?atchFileId=7196059998b948d3af56875af8b18dba&thumb=Y,서울시 문화행사,,0.002801,21,2026-08-23 01:14:23
이한슬 피아노 독주회,세종문화회관 세종체임버홀,2026-04-08,2026-04-08,독주/독창회,종로구,https://culture.seoul.go.kr/culture/culture/cultureEvent/view.do?cultcode=156973&menuNo=200008,https://culture.seoul.go.kr/cmmn/file/getImage.do?atchFileId=fb2523ffe7c94e99868b4d7b73f8b58a&thumb=Y,서울시 문화행사,,,,2026-08-23 01:14:23
[서울문화예술교육센터 서초] 상설 마티네콘서트 [스피리오 리사이틀],서울문화예술교육센터 서초 5층 서울체임버홀,2026-04-07,2026-12-29,콘서트,서초구,https://culture.seoul.go.kr/culture/culture/cultureEvent/view.do?cultcode=157017&menuNo=200008,https://culture.seoul.go.kr/cmmn/file/getImage.do?atchFileId=dabb8b336d274f21be1328303901fd47&thumb=Y,서울시 문화행사,,,,2026-08-23 01:14:23
[서울하수도과학관 체험형 기획전] 오염코드404: 비점오염원을 찾아라! ,서울하수도과학관 1층 로비 ,2026-04-07,2026-08-30,전시/미술,성동구,https://culture.seoul.go.kr/culture/culture/cultureEvent/view.do?cultcode=157219&menuNo=200009,https://culture.seoul.go.kr/cmmn/file/getImage.do?atchFileId=04d728c2d63e41e78e06cff79d1d72cd&thumb=Y,서울시 문화행사,,,,2026-08-23 01:14:23
[서초문화재단] 서리풀청년아트갤러리 전시 [Visible Ghost],서리풀청년아트갤러리,2026-04-07,2026-05-08,전시/미술,서초구,https://culture.seoul.go.kr/culture/culture/cultureEvent/view.do?cultcode=157525&menuNo=200009,https://culture.seoul.go.kr/cmmn/file/getImage.do?atchFileId=9d0ee20923274ae6bf9e11d47e50102f&thumb=Y,서울시 문화행사,,0.000722,8,2026-08-23 01:14:23
[서울백제어린이박물관] 초등 2-3학년 학급 대상 [어린이백제연구소1] 땅속 백제 보물찾기 대작전(발굴),"서울백제어린이박물관 교육실, 전시실, 야외발굴체험장, 전시실 등",2026-04-07,2026-04-29,교육/체험,송파구,https://culture.seoul.go.kr/culture/culture/cultureEvent/view.do?cultcode=156835&menuNo=200011,https://culture.seoul.go.kr/cmmn/file/getImage.do?atchFileId=fd9bd6da5d8d40f08a22c906e9e7a050&thumb=Y,서울시 문화행사,,,,2026-08-23 01:14:23
"[서울문화예술교육센터 용산] 음악독서회 [헤르만 헤세, 음악 위에 쓰다]",서울문화예술교육센터 용산 6층 다목적홀,2026-04-07,2026-04-28,교육/체험,용산구,https://culture.seoul.go.kr/culture/culture/cultureEvent/view.do?cultcode=157004&menuNo=200011,https://culture.seoul.go.kr/cmmn/file/getImage.do?atchFileId=b825f8516a3c4f1b80b165e14034070b&thumb=Y,서울시 문화행사,,,,2026-08-23 01:14:23
[서울문화예술교육센터 양천] 예술 ON [처음 만나는 미디어아트],"서울문화예술교육센터 양천 다목적홀, 야외수조",2026-04-07,2026-04-28,교육/체험,양천구,https://culture.seoul.go.kr/culture/culture/cultureEvent/view.do?cultcode=157020&menuNo=200011,https://culture.seoul.go.kr/cmmn/file/getImage.do?atchFileId=ce011a5e114e406f9fa73f857c1473dd&thumb=Y,서울시 문화행사,,,,2026-08-23 01:14:23
"[서울문화예술교육센터 용산] 독서가이드 [요즘 한국소설, 동시대 문학의 좌표]",서울문화예술교육센터 용산 5층 홀,2026-04-07,2026-04-28,교육/체험,용산구,https://culture.seoul.go.kr/culture/culture/cultureEvent/view.do?cultcode=157003&menuNo=200011,https://culture.seoul.go.kr/cmmn/file/getImage.do?atchFileId=b49e4fdf908c4602932b8886d4416ed1&thumb=Y,서울시 문화행사,,,,2026-08-23 01:14:23
[운현궁] 2026 기획전시 [오색의 열_김수수 개인전],운현궁 기획전시실,2026-04-07,2026-04-12,전시/미술,종로구,https://culture.seoul.go.kr/culture/culture/cultureEvent/view.do?cultcode=157304&menuNo=200009,https://culture.seoul.go.kr/cmmn/file/getImage.do?atchFileId=e33742e12c0f4b6f92a17cef314cf376&thumb=Y,서울시 문화행사,,,,2026-08-23 01:14:23
[덕수궁] 석어당 살구꽃 향기로 문을 열다,덕수궁 일원,2026-04-07,2026-04-10,전시/미술,중구,https://culture.seoul.go.kr/culture/culture/cultureEvent/view.do?cultcode=157388&menuNo=200009,https://culture.seoul.go.kr/cmmn/file/getImage.do?atchFileId=55eba41dd1f14990947655dc5561558b&thumb=Y,서울시 문화행사,,,,2026-08-23 01:14:23
제1회 허서원 가야금 독주회 [정중동(靜中動)],국립국악원 풍류사랑방,2026-04-07,2026-04-07,국악,서초구,https://culture.seoul.go.kr/culture/culture/cultureEvent/view.do?cultcode=157010&menuNo=200008,https://culture.seoul.go.kr/cmmn/file/getImage.do?atchFileId=595f152d556145e9909fed48b394dc67&thumb=Y,서울시 문화행사,,0.002801,21,2026-08-23 01:14:23
김수영 피아노 독주회,세종문화회관 체임버홀,2026-04-07,2026-04-07,독주/독창회,종로구,https://culture.seoul.go.kr/culture/culture/cultureEvent/view.do?cultcode=156955&menuNo=200008,https://culture.seoul.go.kr/cmmn/file/getImage.do?atchFileId=353ecdfc40424aab999734ddc0034e2e&thumb=Y,서울시 문화행사,,0.010036,34,2026-08-23 01:14:23
[서울생활사박물관] 2026년 서울생활문화탐방-경춘선숲길(초등 4~6학년 학급 단체),"화랑대철도공원, 경춘선숲길, 서울생활사박물관",2026-04-06,2026-09-21,교육/체험,노원구,https://culture.seoul.go.kr/culture/culture/cultureEvent/view.do?cultcode=156818&menuNo=200011,https://culture.seoul.go.kr/cmmn/file/getImage.do?atchFileId=48ac4791fffa4a64908b83b7b6d2f08d&thumb=Y,서울시 문화행사,,,,2026-08-23 01:14:23
양아라 개인전 [REVIVE],강남문화재단 강남전시실 ,2026-04-06,2026-04-14,전시/미술,강남구,https://culture.seoul.go.kr/culture/culture/cultureEvent/view.do?cultcode=157303&menuNo=200009,https://culture.seoul.go.kr/cmmn/file/getImage.do?atchFileId=0479e9ca287c41849bfb8fb604a368da&thumb=Y,서울시 문화행사,,,,2026-08-23 01:14:23
포르테피아노와 함께하는 최연우 바이올린 독주회,세종문화회관 세종체임버홀,2026-04-06,2026-04-06,독주/독창회,종로구,https://culture.seoul.go.kr/culture/culture/cultureEvent/view.do?cultcode=157266&menuNo=200008,https://culture.seoul.go.kr/cmmn/file/getImage.do?atchFileId=bda02ed8e1fc4178878758374251cf86&thumb=Y,서울시 문화행사,,,,2026-08-23 01:14:23
[중구문화재단] 월요극장 11 - 뮤지컬 [홍련],충무아트센터 중극장 블랙,2026-04-06,2026-04-06,뮤지컬/오페라,중구,https://culture.seoul.go.kr/culture/culture/cultureEvent/view.do?cultcode=157274&menuNo=200008,https://culture.seoul.go.kr/cmmn/file/getImage.do?atchFileId=67049e1a3e994bf79094adee5160de4f&thumb=Y,서울시 문화행사,,0.011928,36,2026-08-23 01:14:23
[광진문화재단] 전래동화 뮤지컬 음악회,광진어린이공연장,2026-04-05,2026-04-06,뮤지컬/오페라,광진구,https://culture.seoul.go.kr/culture/culture/cultureEvent/view.do?cultcode=156464&menuNo=200008,https://culture.seoul.go.kr/cmmn/file/getImage.do?atchFileId=2cc1934d617747ff9cc6981c78ca00f6&thumb=Y,서울시 문화행사,,0.001681,16,2026-08-23 01:14:23
[꿈마을도서관] 쿠키크림의 비밀 하이진 작가와의 만남,꿈마을도서관 3층 프로그램실,2026-04-05,2026-04-05,교육/체험,구로구,https://culture.seoul.go.kr/culture/culture/cultureEvent/view.do?cultcode=157191&menuNo=200011,https://culture.seoul.go.kr/cmmn/file/getImage.do?atchFileId=4b5f81c4d65a48378be9684909f8e7a1&thumb=Y,서울시 문화행사,,,,2026-08-23 01:14:23
[광진문화재단] 2026 나루랑 버스킹,"청춘뜨락, 아차산 토요한마당 상설무대",2026-04-04,2026-10-31,콘서트,광진구,https://culture.seoul.go.kr/culture/culture/cultureEvent/view.do?cultcode=157866&menuNo=200008,https://culture.seoul.go.kr/cmmn/file/getImage.do?atchFileId=f59ff874b56443108c6e0ca0dfb31dbb&thumb=Y,서울시 문화행사,,,,2026-08-23 01:14:23
[서울시립과학관] 사이언스 버스킹 - 실험 기구로 만나는 일상 속 생활 과학,서울시립과학관 1층 로비,2026-04-04,2026-05-10,교육/체험,노원구,https://culture.seoul.go.kr/culture/culture/cultureEvent/view.do?cultcode=157357&menuNo=200011,https://culture.seoul.go.kr/cmmn/file/getImage.do?atchFileId=97030e38259146a4849e62626dee3018&thumb=Y,서울시 문화행사,,,,2026-08-23 01:14:23
박슬기 개인전 [화전가],공간일리,2026-04-04,2026-04-26,전시/미술,종로구,https://culture.seoul.go.kr/culture/culture/cultureEvent/view.do?cultcode=157615&menuNo=200009,https://culture.seoul.go.kr/cmmn/file/getImage.do?atchFileId=dcb243f055664c4f9f69b3fcfd3e97f1&thumb=Y,서울시 문화행사,,,,2026-08-23 01:14:23
"[서울문화예술교육센터 양천] 벽면드로잉 [하늘 땅, 나 너 우리!]","다목적홀(1회차), 서울문화예술교육센터 양천 스튜디오A(2~4회차)",2026-04-04,2026-04-25,교육/체험,양천구,https://culture.seoul.go.kr/culture/culture/cultureEvent/view.do?cultcode=157021&menuNo=200011,https://culture.seoul.go.kr/cmmn/file/getImage.do?atchFileId=cab9f21acf0b4926b477c73fce1c0fb2&thumb=Y,서울시 문화행사,,,,2026-08-23 01:14:23
[청계천박물관] 2026년 상반기 [우리는 청계천 탐험대] 교육생 모집안내(4월),청계천박물관 지하 1층 교육실,2026-04-04,2026-04-25,교육/체험,성동구,https://culture.seoul.go.kr/culture/culture/cultureEvent/view.do?cultcode=157038&menuNo=200011,https://culture.seoul.go.kr/cmmn/file/getImage.do?atchFileId=23c235e3c9004383b715c9e5d29dd6b4&thumb=Y,서울시 문화행사,,,,2026-08-23 01:14:23
[중랑문화재단] 2026 창의융합 유아동 예술프로그램 [말랑말랑 중랑] 4월,중랑아트센터 프로그램실,2026-04-04,2026-04-25,교육/체험,중랑구,https://culture.seoul.go.kr/culture/culture/cultureEvent/view.do?cultcode=157089&menuNo=200011,https://culture.seoul.go.kr/cmmn/file/getImage.do?atchFileId=cb978ebd196e446481ebe919df8d4c11&thumb=Y,서울시 문화행사,,,,2026-08-23 01:14:23
[평화문화진지] 2026년 평화문화진지 정기예술교육프로그램 [예술 피움] - 4월,평화문화진지 (서울특별시 도봉구 마들로 932),2026-04-04,2026-04-22,교육/체험,도봉구,https://culture.seoul.go.kr/culture/culture/cultureEvent/view.do?cultcode=157380&menuNo=200011,https://culture.seoul.go.kr/cmmn/file/getImage.do?atchFileId=9b243185139548ff94389ca214c60e52&thumb=Y,서울시 문화행사,,,,2026-08-23 01:14:23
김호연 개인전 [웃음꽃],온에어갤러리,2026-04-04,2026-04-18,전시/미술,서대문구,https://culture.seoul.go.kr/culture/culture/cultureEvent/view.do?cultcode=157321&menuNo=200009,https://culture.seoul.go.kr/cmmn/file/getImage.do?atchFileId=d54c881d91eb4a61aecc30f2f9fe094a&thumb=Y,서울시 문화행사,,0.00249,20,2026-08-23 01:14:23
"[노원문화재단] 인상파, 찬란한 순간들 [전시 연계 특별강연 Ⅱ]",노원문화예술회관 5층 소공연장 ,2026-04-04,2026-04-18,교육/체험,노원구,https://culture.seoul.go.kr/culture/culture/cultureEvent/view.do?cultcode=157242&menuNo=200011,https://culture.seoul.go.kr/cmmn/file/getImage.do?atchFileId=7a2aeb7928954a13ae0223403a53934e&thumb=Y,서울시 문화행사,,,,2026-08-23 01:14:23
[영등포아트스퀘어] 영등포 생태 환경 융합 예술교육 - 우리동네 초록집,영등포아트스퀘어 교육실,2026-04-04,2026-04-12,교육/체험,영등포구,https://culture.seoul.go.kr/culture/culture/cultureEvent/view.do?cultcode=157060&menuNo=200011,https://culture.seoul.go.kr/cmmn/file/getImage.do?atchFileId=f2ba91c1f3be4b7c99242ab12c7d6114&thumb=Y,서울시 문화행사,,,,2026-08-23 01:14:23
[서울대공원] 2026년 봄꽃축제,서울대공원,2026-04-04,2026-04-12,축제-자연/경관,,https://culture.seoul.go.kr/culture/culture/cultureEvent/view.do?cultcode=157148&menuNo=200010,https://culture.seoul.go.kr/cmmn/file/getImage.do?atchFileId=64aa8c01335d451d84cc8348f6bf8fe9&thumb=Y,서울시 문화행사,,0.537858,73,2026-08-23 01:14:23
"[서울문화예술교육센터 양천] 우리가 궁금했던 예술 [미술로 떠나는 봄 여행, 중부유럽 미술관]",서울문화예술교육센터 양천 다목적홀,2026-04-04,2026-04-11,교육/체험,양천구,https://culture.seoul.go.kr/culture/culture/cultureEvent/view.do?cultcode=157022&menuNo=200011,https://culture.seoul.go.kr/cmmn/file/getImage.do?atchFileId=fcf71a3df486465b82ee4a5d5b54f39c&thumb=Y,서울시 문화행사,,,,2026-08-23 01:14:23
DDP Design Play 4월 디자인마켓,DDP 어울림광장,2026-04-04,2026-04-05,축제-기타,중구,https://culture.seoul.go.kr/culture/culture/cultureEvent/view.do?cultcode=157287&menuNo=200010,https://culture.seoul.go.kr/cmmn/file/getImage.do?atchFileId=379d60b8fdc944a2b7113b7d233767df&thumb=Y,서울시 문화행사,,0.007994,32,2026-08-23 01:14:23
"2026년 신촌 벚꽃 버스킹 [신촌, 벚꽃에 물들다]",서대문 신촌 스타광장 및 연세로 일대,2026-04-04,2026-04-05,축제-자연/경관,서대문구,https://culture.seoul.go.kr/culture/culture/cultureEvent/view.do?cultcode=157207&menuNo=200010,https://culture.seoul.go.kr/cmmn/file/getImage.do?atchFileId=213f31b3f8ca4d868b955841cf5b62f2&thumb=Y,서울시 문화행사,,,,2026-08-23 01:14:23
2026년 국제인도법 시네마 토크 ,서울영화센터 제1상영관(지하 1층),2026-04-04,2026-04-04,교육/체험,중구,https://culture.seoul.go.kr/culture/culture/cultureEvent/view.do?cultcode=157066&menuNo=200011,https://culture.seoul.go.kr/cmmn/file/getImage.do?atchFileId=bfefd505e3904c868a7e01f14e57b17e&thumb=Y,서울시 문화행사,,,,2026-08-23 01:14:23
[강서구] 2026 강서봄빛페스타,방화근린공원,2026-04-04,2026-04-04,축제-문화/예술,강서구,https://culture.seoul.go.kr/culture/culture/cultureEvent/view.do?cultcode=156875&menuNo=200010,https://culture.seoul.go.kr/cmmn/file/getImage.do?atchFileId=70576bdeca2d46f2a6e88bd4e8427d69&thumb=Y,서울시 문화행사,,0.004669,26,2026-08-23 01:14:23
창작발레 [안네프랑크],국립극장 해오름극장,2026-04-04,2026-04-04,무용,중구,https://culture.seoul.go.kr/culture/culture/cultureEvent/view.do?cultcode=156896&menuNo=200008,https://culture.seoul.go.kr/cmmn/file/getImage.do?atchFileId=8074d07a366d4e9297cf2bc4575392f3&thumb=Y,서울시 문화행사,,0.257667,66,2026-08-23 01:14:23
[서울시립교향악단] 2026 서울시향 체임버 클래식스 II: 슬라브,세종문화회관 체임버홀,2026-04-04,2026-04-04,클래식,종로구,https://culture.seoul.go.kr/culture/culture/cultureEvent/view.do?cultcode=156967&menuNo=200008,https://culture.seoul.go.kr/cmmn/file/getImage.do?atchFileId=31a069e9aa6241a3a668b571bab4359f&thumb=Y,서울시 문화행사,,0.010036,34,2026-08-23 01:14:23
[서울역사박물관] 제1회 박물관 토요음악회 [서울역사박물관 문화스테이지-프로젝트 락],서울역사박물관 1층 로비,2026-04-04,2026-04-04,국악,종로구,https://culture.seoul.go.kr/culture/culture/cultureEvent/view.do?cultcode=157238&menuNo=200008,https://culture.seoul.go.kr/cmmn/file/getImage.do?atchFileId=1decc4473ce74d778464fcc43dae7358&thumb=Y,서울시 문화행사,,,,2026-08-23 01:14:23
2026 부활절 퍼레이드,광화문 광장 일대,2026-04-04,2026-04-04,축제-기타,종로구,https://culture.seoul.go.kr/culture/culture/cultureEvent/view.do?cultcode=157196&menuNo=200010,https://culture.seoul.go.kr/cmmn/file/getImage.do?atchFileId=e66b5ab40bea498aad572b60b7417820&thumb=Y,서울시 문화행사,,,,2026-08-23 01:14:23
[남산골한옥마을] 2026 남산골 세시절기 한식,남산골한옥마을,2026-04-04,2026-04-04,교육/체험,중구,https://culture.seoul.go.kr/culture/culture/cultureEvent/view.do?cultcode=157140&menuNo=200011,https://culture.seoul.go.kr/cmmn/file/getImage.do?atchFileId=23f1e38015844ed79c16303fa5e40fbd&thumb=Y,서울시 문화행사,,0.078829,54,2026-08-23 01:14:23
[마포문화재단] 체홉 4대 장막 낭독극 [공놀이클럽의 사계절 체홉: 벚꽃동산],마포아트센터 플레이맥,2026-04-04,2026-04-04,연극,마포구,https://culture.seoul.go.kr/culture/culture/cultureEvent/view.do?cultcode=157058&menuNo=200008,https://culture.seoul.go.kr/cmmn/file/getImage.do?atchFileId=e677b386f9894070b48dada7d1b4e88f&thumb=Y,서울시 문화행사,,0.001089,12,2026-08-23 01:14:23
[남산골한옥마을] 2026 남산골 전통체험 [예술가의 시간],남산골한옥마을 전통가옥 프로그램별 상이,2026-04-03,2026-10-25,교육/체험,중구,https://culture.seoul.go.kr/culture/culture/cultureEvent/view.do?cultcode=157090&menuNo=200011,https://culture.seoul.go.kr/cmmn/file/getImage.do?atchFileId=65cd91f8db7b435e96bed67b434bcb84&thumb=Y,서울시 문화행사,,,,2026-08-23 01:14:23
2026 국립정동극장 예술단 [광대],국립정동극장 (서울시 중구 정동길 43),2026-04-03,2026-05-30,국악,중구,https://culture.seoul.go.kr/culture/culture/cultureEvent/view.do?cultcode=156992&menuNo=200008,https://culture.seoul.go.kr/cmmn/file/getImage.do?atchFileId=4f9239d8737945efb3a4bb4ab1cecb99&thumb=Y,서울시 문화행사,,,,2026-08-23 01:14:23
[청계천박물관] 2026년 상반기 초등 특수학급 교육 [오감으로 만지는 청계천이야기],청계천박물관(성동구),2026-04-03,2026-05-29,교육/체험,성동구,https://culture.seoul.go.kr/culture/culture/cultureEvent/view.do?cultcode=156941&menuNo=200011,https://culture.seoul.go.kr/cmmn/file/getImage.do?atchFileId=647c350eeb0c475a8e6151c445a029a1&thumb=Y,서울시 문화행사,,,,2026-08-23 01:14:23
[GS아트센터] 리미니 프로토콜 [리모트 서울] 추가 회차 오픈,서울 강남 일대,2026-04-03,2026-05-10,연극,강남구,https://culture.seoul.go.kr/culture/culture/cultureEvent/view.do?cultcode=156771&menuNo=200008,https://culture.seoul.go.kr/cmmn/file/getImage.do?atchFileId=5d7dedeee96847baac43134d72bd46c0&thumb=Y,서울시 문화행사,,,,2026-08-23 01:14:23
[서울공예박물관] 4월 기록: 필름 사진과 북바인딩 클래스(2030 청년 대상),전시3동 1층 교육실 및 박물관 일대,2026-04-03,2026-04-28,교육/체험,종로구,https://culture.seoul.go.kr/culture/culture/cultureEvent/view.do?cultcode=157169&menuNo=200011,https://culture.seoul.go.kr/cmmn/file/getImage.do?atchFileId=80a8147f8fa441b1b0b82ef1d801b717&thumb=Y,서울시 문화행사,,,,2026-08-23 01:14:23
OFF COURSE CLUB,동대문디자인플라자 디자인랩1층 DDP쇼룸,2026-04-03,2026-04-26,전시/미술,중구,https://culture.seoul.go.kr/culture/culture/cultureEvent/view.do?cultcode=157306&menuNo=200009,https://culture.seoul.go.kr/cmmn/file/getImage.do?atchFileId=749bf72a61be4cf0850f021b8b719b44&thumb=Y,서울시 문화행사,,,,2026-08-23 01:14:23
[금천구립독산도서관] 그림책 작가와의 만남: 봄밤 작가 힙톡(Hip-Talk),금천구립독산도서관 2층 강의실,2026-04-03,2026-04-24,교육/체험,금천구,https://culture.seoul.go.kr/culture/culture/cultureEvent/view.do?cultcode=157187&menuNo=200011,https://culture.seoul.go.kr/cmmn/file/getImage.do?atchFileId=6467b851ee5d4d78b364ceef4257a8d0&thumb=Y,서울시 문화행사,,,,2026-08-23 01:14:23
[구산동도서관마을] 4월 클래식으로 시대를 읽는 시간 Ⅰ : 태고의 음악부터 낭만주의 음악까지,구산동도서관마을 3층 힐링캠프,2026-04-03,2026-04-17,교육/체험,은평구,https://culture.seoul.go.kr/culture/culture/cultureEvent/view.do?cultcode=157118&menuNo=200011,https://culture.seoul.go.kr/cmmn/file/getImage.do?atchFileId=1697ad1b3bd74374af0d797ed755cdfa&thumb=Y,서울시 문화행사,,,,2026-08-23 01:14:23
"[송파구청] 아름다운 봄, 벚꽃이야기 호수벚꽃축제",송파구 석촌호수 동호 및 서호 일대,2026-04-03,2026-04-11,축제-자연/경관,송파구,https://culture.seoul.go.kr/culture/culture/cultureEvent/view.do?cultcode=157113&menuNo=200010,https://culture.seoul.go.kr/cmmn/file/getImage.do?atchFileId=eddcc1fbe57549b995d58d38bd7eb9db&thumb=Y,서울시 문화행사,,,,2026-08-23 01:14:23
"[영등포문화재단] 2026 영등포 여의도 봄꽃축제 [봄의 정원, 모두 함께]","여의서로 국회뒤편, 국회 축구장",2026-04-03,2026-04-07,축제-자연/경관,영등포구,https://culture.seoul.go.kr/culture/culture/cultureEvent/view.do?cultcode=157160&menuNo=200010,https://culture.seoul.go.kr/cmmn/file/getImage.do?atchFileId=c9d5b4c729c5456997eb851b36d122a4&thumb=Y,서울시 문화행사,,,,2026-08-23 01:14:23
[서대문구] 2026 서대문 봄빛축제,"안산벚꽃마당, 홍제폭포광장",2026-04-03,2026-04-05,축제-문화/예술,서대문구,https://culture.seoul.go.kr/culture/culture/cultureEvent/view.do?cultcode=157195&menuNo=200010,https://culture.seoul.go.kr/cmmn/file/getImage.do?atchFileId=1170af8e2fba42fc9bd4854d8d6411e6&thumb=Y,서울시 문화행사,,,,2026-08-23 01:14:23
[강동문화재단] 안애순 컴퍼니 [춤이 말하다: 문소리Ｘ리아킴],강동아트센터 소극장 드림,2026-04-03,2026-04-04,무용,강동구,https://culture.seoul.go.kr/culture/culture/cultureEvent/view.do?cultcode=157076&menuNo=200008,https://culture.seoul.go.kr/cmmn/file/getImage.do?atchFileId=7e8bea1b678d449ba9e86a159f02ec87&thumb=Y,서울시 문화행사,,0.001594,16,2026-08-23 01:14:23
[서울 문화의 밤] 4월 작가힙톡(Hip-Talk) - 필연적 혼자의 시대를 항해하는 방법 (김수영),서울도서관 1층 생각마루,2026-04-03,2026-04-03,교육/체험,중구,https://culture.seoul.go.kr/culture/culture/cultureEvent/view.do?cultcode=157134&menuNo=200011,https://culture.seoul.go.kr/cmmn/file/getImage.do?atchFileId=f00ede38462d4de3b1a6f895a6d6f4dd&thumb=Y,서울시 문화행사,,,,2026-08-23 01:14:23
[강북문화재단] Re:COMPOSE with RabidAnce(리컴포즈 위드 라비던스),강북문화예술회관 강북소나무홀,2026-04-03,2026-04-03,국악,강북구,https://culture.seoul.go.kr/culture/culture/cultureEvent/view.do?cultcode=157055&menuNo=200008,https://culture.seoul.go.kr/cmmn/file/getImage.do?atchFileId=9b688cfd37be40f9a879ff218f8ce9f4&thumb=Y,서울시 문화행사,,0.001818,17,2026-08-23 01:14:23
[노들섬] 노들 미리봄 페스티벌,노들섬 잔디마당,2026-04-03,2026-04-03,축제-문화/예술,용산구,https://culture.seoul.go.kr/culture/culture/cultureEvent/view.do?cultcode=157288&menuNo=200010,https://culture.seoul.go.kr/cmmn/file/getImage.do?atchFileId=efd066ff24534d05aa37df84dca65b32&thumb=Y,서울시 문화행사,,0.001515,15,2026-08-23 01:14:23
[서울시립 북서울미술관] 유휴공간 전시 [몸을 위한 간주곡 ― 소목장세미],서울시립 북서울미술관 1층 라운지 1,2026-04-02,2027-05-30,전시/미술,노원구,https://culture.seoul.go.kr/culture/culture/cultureEvent/view.do?cultcode=157098&menuNo=200009,https://culture.seoul.go.kr/cmmn/file/getImage.do?atchFileId=359ed2d7e71c43d9b9fe014008449cdd&thumb=Y,서울시 문화행사,,,,2026-08-23 01:14:23
[서울생활사박물관] 2026년 조각조각 서울이야기 엮기(초등5~6학년 학급단체),서울생활사박물관,2026-04-02,2026-11-26,교육/체험,노원구,https://culture.seoul.go.kr/culture/culture/cultureEvent/view.do?cultcode=156700&menuNo=200011,https://culture.seoul.go.kr/cmmn/file/getImage.do?atchFileId=bfea6f07006b4186bf9e33dc85c239f6&thumb=Y,서울시 문화행사,,0.137026,59,2026-08-23 01:14:23
[광진문화재단] 2025 건대프리마켓,청춘뜨락,2026-04-02,2026-11-01,기타,광진구,https://culture.seoul.go.kr/culture/culture/cultureEvent/view.do?cultcode=157865&menuNo=200013,https://culture.seoul.go.kr/cmmn/file/getImage.do?atchFileId=43026c51cb23473c89f28c08f2ddd2c8&thumb=Y,서울시 문화행사,,,,2026-08-23 01:14:23
[영등포문화재단] 2026 도림 생활문화센터 특별프로그램,도림 생활문화센터(영등포구 도신로 33길 4),2026-04-02,2026-07-21,교육/체험,영등포구,https://culture.seoul.go.kr/culture/culture/cultureEvent/view.do?cultcode=157073&menuNo=200011,https://culture.seoul.go.kr/cmmn/file/getImage.do?atchFileId=71ba9d5a073c49deb4051fb19a843254&thumb=Y,서울시 문화행사,,,,2026-08-23 01:14:23
2026 코리아나미술관 기획전 [Folding Acts: 리듬실험],코리아나미술관,2026-04-02,2026-05-30,전시/미술,강남구,https://culture.seoul.go.kr/culture/culture/cultureEvent/view.do?cultcode=157875&menuNo=200009,https://culture.seoul.go.kr/cmmn/file/getImage.do?atchFileId=aa9f96ebb7dd4b9184f1bfd0e9195ecb&thumb=Y,서울시 문화행사,,0.000519,5,2026-08-23 01:14:23
[마포구립서강도서관] 4월/어린이메이킹 [해봄아 노올자! 해봄맘껏Time],마포구립서강도서관 4층 어린이자료실 내 해봄,2026-04-02,2026-04-30,교육/체험,마포구,https://culture.seoul.go.kr/culture/culture/cultureEvent/view.do?cultcode=157173&menuNo=200011,https://culture.seoul.go.kr/cmmn/file/getImage.do?atchFileId=d17827b037344d34996b4054b8c9e40a&thumb=Y,서울시 문화행사,,,,2026-08-23 01:14:23
부드러운 것이 세상을 강하게 하듯이,갤러리 더씨(서울시 용산구 임정로 35 2층),2026-04-02,2026-04-25,전시/미술,용산구,https://culture.seoul.go.kr/culture/culture/cultureEvent/view.do?cultcode=155834&menuNo=200009,https://culture.seoul.go.kr/cmmn/file/getImage.do?atchFileId=cb40260ea2924f9a997dce27191f3f43&thumb=Y,서울시 문화행사,,,,2026-08-23 01:14:23
[구립증산도서관] 책 따라 걷는 도서관 - 4월 원화 전시 [에너지 충전],구립증산도서관 1층 로비 / 3층 어린이열람실,2026-04-02,2026-04-23,전시/미술,은평구,https://culture.seoul.go.kr/culture/culture/cultureEvent/view.do?cultcode=157323&menuNo=200009,https://culture.seoul.go.kr/cmmn/file/getImage.do?atchFileId=ba61e576e4b945e7b0908500002d04a3&thumb=Y,서울시 문화행사,,,,2026-08-23 01:14:23
구유빈 개인전 [레가토],인가희갤러리,2026-04-02,2026-04-22,전시/미술,용산구,https://culture.seoul.go.kr/culture/culture/cultureEvent/view.do?cultcode=157301&menuNo=200009,https://culture.seoul.go.kr/cmmn/file/getImage.do?atchFileId=f1ca8213a01c44dda256017b1a1302fe&thumb=Y,서울시 문화행사,,0.000311,0,2026-08-23 01:14:23
[서울돈화문국악당] 2026 산조대전,서울돈화문국악당 공연장,2026-04-02,2026-04-19,국악,종로구,https://culture.seoul.go.kr/culture/culture/cultureEvent/view.do?cultcode=156738&menuNo=200008,https://culture.seoul.go.kr/cmmn/file/getImage.do?atchFileId=38b9c05d5a2240f09cb3565b15fa96b9&thumb=Y,서울시 문화행사,,,,2026-08-23 01:14:23
[서울우리소리박물관] 2026 상반기 유아 전통문화체험 [우리소리랑 놀자],누마루 또는 후원,2026-04-02,2026-04-10,교육/체험,종로구,https://culture.seoul.go.kr/culture/culture/cultureEvent/view.do?cultcode=156988&menuNo=200011,https://culture.seoul.go.kr/cmmn/file/getImage.do?atchFileId=1d979b13cf5646e8a1056d6054aae187&thumb=Y,서울시 문화행사,,,,2026-08-23 01:14:23
"[서울시립교향악단] 2026 서울시향 얍 판 츠베덴의 브루크너 교향곡 4번 ①, ②",롯데콘서트홀,2026-04-02,2026-04-03,클래식,송파구,https://culture.seoul.go.kr/culture/culture/cultureEvent/view.do?cultcode=156970&menuNo=200008,https://culture.seoul.go.kr/cmmn/file/getImage.do?atchFileId=305e639fd41545629ba598cbe7327bd2&thumb=Y,서울시 문화행사,,0.808786,77,2026-08-23 01:14:23
[중구문화재단] SAC ON SCREEN : 드보르작의 신세계로부터,충무아트센터 씨네마,2026-04-02,2026-04-02,영화,중구,https://culture.seoul.go.kr/culture/culture/cultureEvent/view.do?cultcode=157275&menuNo=200013,https://culture.seoul.go.kr/cmmn/file/getImage.do?atchFileId=d420c7ab599640c1ab3a6ff289d54320&thumb=Y,서울시 문화행사,,0.000467,4,2026-08-23 01:14:23
[강남문화재단] 제182회 강남마티네콘서트[ 김정원과 함께하는 아침의 음악정원 Ⅱ],광림아트센터 장천홀,2026-04-02,2026-04-02,클래식,강남구,https://culture.seoul.go.kr/culture/culture/cultureEvent/view.do?cultcode=157157&menuNo=200008,https://culture.seoul.go.kr/cmmn/file/getImage.do?atchFileId=852f8c94576a409a819126a76baf052e&thumb=Y,서울시 문화행사,,0.004034,25,2026-08-23 01:14:23
Cotton Project IV. 세기를 잇는 선율의 대화,반포심산아트홀,2026-04-02,2026-04-02,클래식,서초구,https://culture.seoul.go.kr/culture/culture/cultureEvent/view.do?cultcode=157189&menuNo=200008,https://culture.seoul.go.kr/cmmn/file/getImage.do?atchFileId=04fcffa1491e4925a74b6fb6bc034569&thumb=Y,서울시 문화행사,,0.023396,42,2026-08-23 01:14:23
바로크와 현대가곡 연구회 제96회 정기연주회,세종문화회관 세종체임버홀,2026-04-02,2026-04-02,클래식,종로구,https://culture.seoul.go.kr/culture/culture/cultureEvent/view.do?cultcode=157268&menuNo=200008,https://culture.seoul.go.kr/cmmn/file/getImage.do?atchFileId=c7fa9dfe2c8d46da91f4c47fbf1e9165&thumb=Y,서울시 문화행사,,,,2026-08-23 01:14:23
[마포문화재단] 2026 M 초이스 이자람 판소리 갈라 [작창 2007/2015],마포아트센터 아트홀맥,2026-04-02,2026-04-02,국악,마포구,https://culture.seoul.go.kr/culture/culture/cultureEvent/view.do?cultcode=156736&menuNo=200008,https://culture.seoul.go.kr/cmmn/file/getImage.do?atchFileId=55c0021fd04e4d48a2d2c871cea7ad3f&thumb=Y,서울시 문화행사,,0.055695,51,2026-08-23 01:14:23
[서울시립과학관] 2026 고교탐구교실,서울시립과학관 1~4교육실,2026-04-01,2026-12-31,교육/체험,노원구,https://culture.seoul.go.kr/culture/culture/cultureEvent/view.do?cultcode=156520&menuNo=200011,https://culture.seoul.go.kr/cmmn/file/getImage.do?atchFileId=147f27a87e86495ea0c95b94be1e0544&thumb=Y,서울시 문화행사,,,,2026-08-23 01:14:23
[서울역사박물관] 2026년 [느낌있는 박물관] 중·고등학교 특수학급 기관 모집,서울역사박물관,2026-04-01,2026-12-31,교육/체험,종로구,https://culture.seoul.go.kr/culture/culture/cultureEvent/view.do?cultcode=156940&menuNo=200011,https://culture.seoul.go.kr/cmmn/file/getImage.do?atchFileId=f76ba86eca1b43ff935a895f5017bcfd&thumb=Y,서울시 문화행사,,0.699003,75,2026-08-23 01:14:23
[서울시립과학관] 2026 이공계 특화 진로 탐색,서울시립과학관 1~4교육실,2026-04-01,2026-12-06,교육/체험,노원구,https://culture.seoul.go.kr/culture/culture/cultureEvent/view.do?cultcode=156519&menuNo=200011,https://culture.seoul.go.kr/cmmn/file/getImage.do?atchFileId=9407318681064f028d407ee59a8d1f09&thumb=Y,서울시 문화행사,,,,2026-08-23 01:14:23
[서울시립과학관] 2026 과학테마교실,서울시립과학관 1~4교육실,2026-04-01,2026-12-04,교육/체험,노원구,https://culture.seoul.go.kr/culture/culture/cultureEvent/view.do?cultcode=156523&menuNo=200011,https://culture.seoul.go.kr/cmmn/file/getImage.do?atchFileId=4d91689512aa49c9b4ab277008c81d9d&thumb=Y,서울시 문화행사,,,,2026-08-23 01:14:23
[서울생활사박물관] 2026년 무브무브 나의 생활사 교육생 모집 (초등 3~4학년 학급단체),서울생활사박물관,2026-04-01,2026-12-02,교육/체험,노원구,https://culture.seoul.go.kr/culture/culture/cultureEvent/view.do?cultcode=156701&menuNo=200011,https://culture.seoul.go.kr/cmmn/file/getImage.do?atchFileId=6bbaf409b1094f6d869081497b8571b5&thumb=Y,서울시 문화행사,,0.137026,59,2026-08-23 01:14:23
2026년 집옥재(팔우정 포함) 작은 도서관 개방,경복궁 집옥재·팔우정,2026-04-01,2026-10-31,교육/체험,종로구,https://culture.seoul.go.kr/culture/culture/cultureEvent/view.do?cultcode=157383&menuNo=200011,https://culture.seoul.go.kr/cmmn/file/getImage.do?atchFileId=d70525e916b548cda13443c9e10190f3&thumb=Y,서울시 문화행사,,,,2026-08-23 01:14:23
2026년 경복궁 [경회루·향원정] 특별관람,경복궁 경회루·향원정,2026-04-01,2026-10-30,교육/체험,종로구,https://culture.seoul.go.kr/culture/culture/cultureEvent/view.do?cultcode=157389&menuNo=200011,https://culture.seoul.go.kr/cmmn/file/getImage.do?atchFileId=37630da9c19349fbac8494e92e5c64d8&thumb=Y,서울시 문화행사,,,,2026-08-23 01:14:23
[마포구립서강도서관] 2분기/어린이갤러리 [우리는 당신에 대해 조금 알고 있습니다],마포구립서강도서관 4층 어린이자료실,2026-04-01,2026-06-29,전시/미술,마포구,https://culture.seoul.go.kr/culture/culture/cultureEvent/view.do?cultcode=157198&menuNo=200009,https://culture.seoul.go.kr/cmmn/file/getImage.do?atchFileId=950bd956fd2a4517ba7078ab5e766989&thumb=Y,서울시 문화행사,,,,2026-08-23 01:14:23
[운현궁] 2026 서울 운현궁 예절교실,"운현궁 이로당, 노락당",2026-04-01,2026-06-12,교육/체험,종로구,https://culture.seoul.go.kr/culture/culture/cultureEvent/view.do?cultcode=156901&menuNo=200011,https://culture.seoul.go.kr/cmmn/file/getImage.do?atchFileId=48bfe53ae79b43ffa93809a0bea94372&thumb=Y,서울시 문화행사,,,,2026-08-23 01:14:23
기.기.기(奇.己.氣): 동시대와 시행착오,일민미술관,2026-04-01,2026-05-31,전시/미술,종로구,https://culture.seoul.go.kr/culture/culture/cultureEvent/view.do?cultcode=157256&menuNo=200009,https://culture.seoul.go.kr/cmmn/file/getImage.do?atchFileId=6e05d79e4d0e4358b3eae2df5081eb13&thumb=Y,서울시 문화행사,,0.08244,54,2026-08-23 01:14:23
"[금천구립독산도서관] 2026년 금천시민대학 [보이지 않던 것들의 미술사] - 권력, 침묵, 그리고 예술이 말을 걸 때",금천구립독산도서관 2층 강의실,2026-04-01,2026-05-13,교육/체험,금천구,https://culture.seoul.go.kr/culture/culture/cultureEvent/view.do?cultcode=157180&menuNo=200011,https://culture.seoul.go.kr/cmmn/file/getImage.do?atchFileId=ad948f80994b4d7ba1bb82cd4b9bbccc&thumb=Y,서울시 문화행사,,,,2026-08-23 01:14:23
강현지 개인전 [절기의 빛 - 곡우穀雨],갤러리메일란,2026-04-01,2026-04-30,전시/미술,종로구,https://culture.seoul.go.kr/culture/culture/cultureEvent/view.do?cultcode=157320&menuNo=200009,https://culture.seoul.go.kr/cmmn/file/getImage.do?atchFileId=085ee5229f0f4299b55a2c8e312ce0c3&thumb=Y,서울시 문화행사,,0.000374,2,2026-08-23 01:14:23
[중랑문화재단] 2026 중랑아트센터 [나대기 예술아카데미] 4월 프로그램,중랑아트센터 프로그램실/시청각실,2026-04-01,2026-04-30,교육/체험,중랑구,https://culture.seoul.go.kr/culture/culture/cultureEvent/view.do?cultcode=157231&menuNo=200011,https://culture.seoul.go.kr/cmmn/file/getImage.do?atchFileId=cb8c2383d83447d1be9e49bb389b0aa4&thumb=Y,서울시 문화행사,,,,2026-08-23 01:14:23
[송파 청년아티스트센터] 예술가와 함께하는 풍납 탐구 생활 4월 프로그램,송파 청년아티스트센터 1층,2026-04-01,2026-04-30,교육/체험,송파구,https://culture.seoul.go.kr/culture/culture/cultureEvent/view.do?cultcode=157132&menuNo=200011,https://culture.seoul.go.kr/cmmn/file/getImage.do?atchFileId=51af3a9b109f4b7ea8045149f94153b1&thumb=Y,서울시 문화행사,,,,2026-08-23 01:14:23
[마포구립서강도서관] 4월/팟캐스트 서강도서관 피셜 66회 [우리가 사랑한 거짓말],온라인 팟빵,2026-04-01,2026-04-30,기타,마포구,https://culture.seoul.go.kr/culture/culture/cultureEvent/view.do?cultcode=157298&menuNo=200013,https://culture.seoul.go.kr/cmmn/file/getImage.do?atchFileId=63b18d19b5d043b7bba7158d29ccf45a&thumb=Y,서울시 문화행사,,,,2026-08-23 01:14:23
[마포구립서강도서관] 4월/행사 [4월 문화프로그램 안내],마포구립서강도서관,2026-04-01,2026-04-30,교육/체험,마포구,https://culture.seoul.go.kr/culture/culture/cultureEvent/view.do?cultcode=157240&menuNo=200011,https://culture.seoul.go.kr/cmmn/file/getImage.do?atchFileId=e000842bf40f4261aac1b1f461d50e3f&thumb=Y,서울시 문화행사,,0.013559,37,2026-08-23 01:14:23
[DDP] DDPlay 버스킹 4월 공연 일정 안내,"DDP 어울림광장, 팔거리",2026-04-01,2026-04-30,콘서트,중구,https://culture.seoul.go.kr/culture/culture/cultureEvent/view.do?cultcode=157286&menuNo=200008,https://culture.seoul.go.kr/cmmn/file/getImage.do?atchFileId=232be73456bb42f0a9b202f36a839c9a&thumb=Y,서울시 문화행사,,,,2026-08-23 01:14:23
[구립증산도서관] 테마로 즐기는 도서관 - 4월 테마전시체험전 [어린이의 아침],지하 1층 북갤러리 및 3층 가족열람실,2026-04-01,2026-04-26,전시/미술,은평구,https://culture.seoul.go.kr/culture/culture/cultureEvent/view.do?cultcode=157324&menuNo=200009,https://culture.seoul.go.kr/cmmn/file/getImage.do?atchFileId=a38f9844d8db49669cd061b8a52d93a6&thumb=Y,서울시 문화행사,,,,2026-08-23 01:14:23
"[구립증산도서관] 가족열람실 4월 북큐레이션 [같이 나누자, 봄날]",3층 가족열람실,2026-04-01,2026-04-26,교육/체험,은평구,https://culture.seoul.go.kr/culture/culture/cultureEvent/view.do?cultcode=157325&menuNo=200011,https://culture.seoul.go.kr/cmmn/file/getImage.do?atchFileId=68e563deb6f24cb5b65aca142315d8ca&thumb=Y,서울시 문화행사,,,,2026-08-23 01:14:23
[강북문화재단] 2026 어린이·청소년문화예술프로그램 [강북 그림책 아트플레이],강북문화예술회관 강북진달래홀 갤러리,2026-04-01,2026-04-25,축제-문화/예술,강북구,https://culture.seoul.go.kr/culture/culture/cultureEvent/view.do?cultcode=157056&menuNo=200010,https://culture.seoul.go.kr/cmmn/file/getImage.do?atchFileId=d5063d3e9f1e4e26a6d34c75e1af3caa&thumb=Y,서울시 문화행사,,,,2026-08-23 01:14:23
미림아트갤러리 [스며들다_끝없는 덧칠의 광기] 제24회 후후 초대전,미림아트 3층 미림아트갤러리,2026-04-01,2026-04-12,전시/미술,종로구,https://culture.seoul.go.kr/culture/culture/cultureEvent/view.do?cultcode=157246&menuNo=200009,https://culture.seoul.go.kr/cmmn/file/getImage.do?atchFileId=bad3d208796443c5ba59ca13ad482709&thumb=Y,서울시 문화행사,,,,2026-08-23 01:14:23
[세종뮤지엄갤러리] 속삭이는 빛 : Whispering Light -정희경 기획초대전,세종뮤지엄갤러리 1관,2026-04-01,2026-04-12,전시/미술,광진구,https://culture.seoul.go.kr/culture/culture/cultureEvent/view.do?cultcode=157305&menuNo=200009,https://culture.seoul.go.kr/cmmn/file/getImage.do?atchFileId=29b1843b56da478ca39e411c7440c3e2&thumb=Y,서울시 문화행사,,,,2026-08-23 01:14:23
[서울문화예술교육센터 은평] 가족왈츠파티(오전반),서울무용창작센터,2026-04-01,2026-04-10,교육/체험,은평구,https://culture.seoul.go.kr/culture/culture/cultureEvent/view.do?cultcode=157014&menuNo=200011,https://culture.seoul.go.kr/cmmn/file/getImage.do?atchFileId=5bd1d1b2d9fc4efaa5412d7432bcefd5&thumb=Y,서울시 문화행사,,0.008766,33,2026-08-23 01:14:23
이은경 개인전 [판화: 동판화와 지판화],스페이스로라,2026-04-01,2026-04-07,전시/미술,성동구,https://culture.seoul.go.kr/culture/culture/cultureEvent/view.do?cultcode=157302&menuNo=200009,https://culture.seoul.go.kr/cmmn/file/getImage.do?atchFileId=b3132ec5082242c69a378fbb237ad5c5&thumb=Y,서울시 문화행사,,,,2026-08-23 01:14:23
"SC BRIGHT 큐레이션 산책 시리즈 II ？ 4월, 봄의 결",세종문화회관 세종체임버홀,2026-04-01,2026-04-01,클래식,종로구,https://culture.seoul.go.kr/culture/culture/cultureEvent/view.do?cultcode=157267&menuNo=200008,https://culture.seoul.go.kr/cmmn/file/getImage.do?atchFileId=194c40d0100141f7abd5ef07c4ddda67&thumb=Y,서울시 문화행사,,,,2026-08-23 01:14:23
[중구문화재단] 중구 수요음악회 공연안내 / 4월 1일(수),충무아트센터 로비,2026-04-01,2026-04-01,클래식,중구,https://culture.seoul.go.kr/culture/culture/cultureEvent/view.do?cultcode=157270&menuNo=200008,https://culture.seoul.go.kr/cmmn/file/getImage.do?atchFileId=777aa15e8e1a43f091a6af8d4d01f7cf&thumb=Y,서울시 문화행사,,,,2026-08-23 01:14:23
[세종문화회관] 세종예술아카데미 [정승빈 작가] 스테들러와 함께하는 여행드로잉 클래스,세종예술아카데미 스퀘어홀,2026-03-31,2026-09-15,교육/체험,종로구,https://culture.seoul.go.kr/culture/culture/cultureEvent/view.do?cultcode=157026&menuNo=200011,https://culture.seoul.go.kr/cmmn/file/getImage.do?atchFileId=a0247bcdf4484818baaca748c977391f&thumb=Y,서울시 문화행사,,,,2026-08-23 01:14:23
[세종문화회관] 세종예술아카데미 [박인홍 작가] 스테들러와 함께하는 여행드로잉 클래스,세종예술아카데미 스퀘어홀,2026-03-31,2026-08-31,교육/체험,종로구,https://culture.seoul.go.kr/culture/culture/cultureEvent/view.do?cultcode=157025&menuNo=200011,https://culture.seoul.go.kr/cmmn/file/getImage.do?atchFileId=c9b88469d8f0468e960f00b0e5b0785d&thumb=Y,서울시 문화행사,,,,2026-08-23 01:14:23
[한성백제박물관] 2026년 상반기 문화다양성 교육 [백제와 함께하는 이웃나라들],대면) 박물관 교육실/ (비대면) 각 학급 교실,2026-03-31,2026-06-30,교육/체험,송파구,https://culture.seoul.go.kr/culture/culture/cultureEvent/view.do?cultcode=157232&menuNo=200011,https://culture.seoul.go.kr/cmmn/file/getImage.do?atchFileId=79379b0c10fc462fb325ecdb455dd3db&thumb=Y,서울시 문화행사,,,,2026-08-23 01:14:23
[동작문화재단] 2026 동작 아트 라이브,"사당만남의공원, 이수역 버스킹공연장, 숭실대학교 등",2026-03-31,2026-05-29,콘서트,동작구,https://culture.seoul.go.kr/culture/culture/cultureEvent/view.do?cultcode=157192&menuNo=200008,https://culture.seoul.go.kr/cmmn/file/getImage.do?atchFileId=0447a7f5b2ab402f99ada8320d02aed1&thumb=Y,서울시 문화행사,,,,2026-08-23 01:14:23
"[청계천박물관] 2026년 3~4월 개방형교육 [우리들의 친구, 청계천박물관]",청계천박물관(성동구),2026-03-31,2026-04-28,교육/체험,성동구,https://culture.seoul.go.kr/culture/culture/cultureEvent/view.do?cultcode=156962&menuNo=200011,https://culture.seoul.go.kr/cmmn/file/getImage.do?atchFileId=774a665b49824f2d9b510005901fbfc5&thumb=Y,서울시 문화행사,,,,2026-08-23 01:14:23
"[운현궁] 2026 기획전시 [운현궁, 시공을 넘어선 행복으로의 초대Ⅳ]",운현궁 기획전시실,2026-03-31,2026-04-05,전시/미술,종로구,https://culture.seoul.go.kr/culture/culture/cultureEvent/view.do?cultcode=157161&menuNo=200009,https://culture.seoul.go.kr/cmmn/file/getImage.do?atchFileId=25ae76d8ce654645863dd872632a46ba&thumb=Y,서울시 문화행사,,,,2026-08-23 01:14:23
[성동문화재단] 2026 세계 영화 상영회 [체코 영화 주간행사],성수아트홀,2026-03-31,2026-04-04,영화,성동구,https://culture.seoul.go.kr/culture/culture/cultureEvent/view.do?cultcode=156838&menuNo=200013,https://culture.seoul.go.kr/cmmn/file/getImage.do?atchFileId=faf4e385554a4a9b822b7a1a018208e7&thumb=Y,서울시 문화행사,,0.033892,46,2026-08-23 01:14:23
[세종문화회관] 세종예술아카데미 [그레이스 발레 (성인 취미 발레)],세종문화회관 예술동 4층 종합연습실,2026-03-30,2026-06-29,교육/체험,종로구,https://culture.seoul.go.kr/culture/culture/cultureEvent/view.do?cultcode=156885&menuNo=200011,https://culture.seoul.go.kr/cmmn/file/getImage.do?atchFileId=8b685870654e4cd78bf509ea783f7748&thumb=Y,서울시 문화행사,,,,2026-08-23 01:14:23
[세종문화회관] 세종예술아카데미 [어반드로잉(중급)],세종문화회관 스퀘어홀,2026-03-30,2026-05-11,교육/체험,종로구,https://culture.seoul.go.kr/culture/culture/cultureEvent/view.do?cultcode=157101&menuNo=200011,https://culture.seoul.go.kr/cmmn/file/getImage.do?atchFileId=ceb3aabc08f34582838d2dfd662a9ebe&thumb=Y,서울시 문화행사,,0.000623,7,2026-08-23 01:14:23
[세종문화회관] 26세종시즌 [빅 마더],세종문화회관 세종M씨어터,2026-03-30,2026-04-26,연극,종로구,https://culture.seoul.go.kr/culture/culture/cultureEvent/view.do?cultcode=156514&menuNo=200008,https://culture.seoul.go.kr/cmmn/file/getImage.do?atchFileId=75217880bbb04c578f61a19412dec14b&thumb=Y,서울시 문화행사,,,,2026-08-23 01:14:23
[서초문화원] 제8회 양재천 벚꽃 등(燈) 축제,양재천 영동1교 ~ 영동2교 구간,2026-03-30,2026-04-19,축제-자연/경관,서초구,https://culture.seoul.go.kr/culture/culture/cultureEvent/view.do?cultcode=157095&menuNo=200010,https://culture.seoul.go.kr/cmmn/file/getImage.do?atchFileId=23dd3b047b754148ad79039ef9d325d7&thumb=Y,서울시 문화행사,,,,2026-08-23 01:14:23
PROMENADE,롯데콘서트홀,2026-03-30,2026-03-30,클래식,송파구,https://culture.seoul.go.kr/culture/culture/cultureEvent/view.do?cultcode=156947&menuNo=200008,https://culture.seoul.go.kr/cmmn/file/getImage.do?atchFileId=6b0af900125442e891db8bc7c39f4e1f&thumb=Y,서울시 문화행사,,0.808786,77,2026-08-23 01:14:23
바로크비올리스트 장민경의 The Bach III,세종문화회관 세종체임버홀,2026-03-30,2026-03-30,클래식,종로구,https://culture.seoul.go.kr/culture/culture/cultureEvent/view.do?cultcode=156971&menuNo=200008,https://culture.seoul.go.kr/cmmn/file/getImage.do?atchFileId=8b344bbd4ba44d22a2c084d528244fe0&thumb=Y,서울시 문화행사,,,,2026-08-23 01:14:23
[서울문화예술교육센터 강북] 2026서울어린이취타대 오픈클래스,서울문화예술교육센터 강북 2층 예술당솔샘,2026-03-29,2026-03-29,교육/체험,강북구,https://culture.seoul.go.kr/culture/culture/cultureEvent/view.do?cultcode=157172&menuNo=200011,https://culture.seoul.go.kr/cmmn/file/getImage.do?atchFileId=3653d3e661fe4d76843361ceffb84685&thumb=Y,서울시 문화행사,,,,2026-08-23 01:14:23
[여의도 한강공원] 2026 삼삼한 걷기 행사,여의도 한강공원 물빛무대 일대  |  (출발점) 너른들판 ~ (도착점) 물빛공원,2026-03-29,2026-03-29,축제-관광/체육,영등포구,https://culture.seoul.go.kr/culture/culture/cultureEvent/view.do?cultcode=157047&menuNo=200010,https://culture.seoul.go.kr/cmmn/file/getImage.do?atchFileId=19b14a586f8145cd860fa206e02e50b0&thumb=Y,서울시 문화행사,,,,2026-08-23 01:14:23
[성동구립도서관] 3월 [영어스토리텔링],성동구립도서관,2026-03-29,2026-03-29,교육/체험,성동구,https://culture.seoul.go.kr/culture/culture/cultureEvent/view.do?cultcode=156716&menuNo=200011,https://culture.seoul.go.kr/cmmn/file/getImage.do?atchFileId=c7fd8a55b7554f349f9357203e50961e&thumb=Y,서울시 문화행사,,0.325165,68,2026-08-23 01:14:23
[남산골한옥마을] 남산골 전통혼례,관훈동 민씨가옥 안채 마당 (야외 혼례),2026-03-28,2026-11-15,축제-전통/역사,중구,https://culture.seoul.go.kr/culture/culture/cultureEvent/view.do?cultcode=156333&menuNo=200010,https://culture.seoul.go.kr/cmmn/file/getImage.do?atchFileId=33830aa756d2463ab6ae27c45a425b0e&thumb=Y,서울시 문화행사,,,,2026-08-23 01:14:23
[서울시립과학관] 2026 토요과학강연,서울시립과학관 1층 사이언스홀,2026-03-28,2026-10-31,교육/체험,노원구,https://culture.seoul.go.kr/culture/culture/cultureEvent/view.do?cultcode=157772&menuNo=200011,https://culture.seoul.go.kr/cmmn/file/getImage.do?atchFileId=44c9feb4b789462796a1c6eaa7fca575&thumb=Y,서울시 문화행사,,,,2026-08-23 01:14:23
[세종문화회관] 세종예술아카데미 [정연석 작가] 스테들러와 함께하는 여행드로잉 클래스,세종예술아카데미 스퀘어홀,2026-03-28,2026-09-05,교육/체험,종로구,https://culture.seoul.go.kr/culture/culture/cultureEvent/view.do?cultcode=157028&menuNo=200011,https://culture.seoul.go.kr/cmmn/file/getImage.do?atchFileId=df2237ca7f754d009407bc3321cae86f&thumb=Y,서울시 문화행사,,,,2026-08-23 01:14:23
[세종문화회관] 세종예술아카데미 [이승익 작가] 스테들러와 함께하는 여행드로잉 클래스,세종예술아카데미 스퀘어홀,2026-03-28,2026-08-29,교육/체험,종로구,https://culture.seoul.go.kr/culture/culture/cultureEvent/view.do?cultcode=157027&menuNo=200011,https://culture.seoul.go.kr/cmmn/file/getImage.do?atchFileId=09ebfb8dbbcf453e86aadfe529b90ff8&thumb=Y,서울시 문화행사,,,,2026-08-23 01:14:23
[세종문화회관] 2026 상반기 세종 어린이 발레 아카데미,세종문화회관 예술동 4층 종합연습실	,2026-03-28,2026-06-27,교육/체험,종로구,https://culture.seoul.go.kr/culture/culture/cultureEvent/view.do?cultcode=157104&menuNo=200011,https://culture.seoul.go.kr/cmmn/file/getImage.do?atchFileId=b47ad1471d3d428a9482934f7b03787f&thumb=Y,서울시 문화행사,,,,2026-08-23 01:14:23
[YDP창의예술교육센터] 2026 나다운 문화예술소풍,"YDP창의예술교육센터, 여의도·마포 일대",2026-03-28,2026-05-30,교육/체험,영등포구,https://culture.seoul.go.kr/culture/culture/cultureEvent/view.do?cultcode=157072&menuNo=200011,https://culture.seoul.go.kr/cmmn/file/getImage.do?atchFileId=9a37ace14b1244b8bab0b915a27d858e&thumb=Y,서울시 문화행사,,,,2026-08-23 01:14:23
[서울시립 미술아카이브] 네모의 숨바꼭질,서울시립 미술아카이브 배움동 2층 모두의 교실,2026-03-28,2026-04-26,교육/체험,종로구,https://culture.seoul.go.kr/culture/culture/cultureEvent/view.do?cultcode=156981&menuNo=200011,https://culture.seoul.go.kr/cmmn/file/getImage.do?atchFileId=f7e13e0337e24747ad95782f6bf63f32&thumb=Y,서울시 문화행사,,,,2026-08-23 01:14:23
[노원문화재단] 2026 노원어린이극장 공동기획 시즌2 [덩덩쿵별쿵 어린왕자],노원어린이극장,2026-03-28,2026-04-12,국악,노원구,https://culture.seoul.go.kr/culture/culture/cultureEvent/view.do?cultcode=156863&menuNo=200008,https://culture.seoul.go.kr/cmmn/file/getImage.do?atchFileId=a561b7b7eefb40988214fc178f0f1e27&thumb=Y,서울시 문화행사,,0.010907,35,2026-08-23 01:14:23
[마포문화재단] 2026 M 초이스 발레 [갓 GAT], 마포아트센터 아트홀맥,2026-03-28,2026-03-29,무용,마포구,https://culture.seoul.go.kr/culture/culture/cultureEvent/view.do?cultcode=156643&menuNo=200008,https://culture.seoul.go.kr/cmmn/file/getImage.do?atchFileId=2c34a8ffe5b649d3b3da35d9145a45ff&thumb=Y,서울시 문화행사,,0.055695,51,2026-08-23 01:14:23
김 삶 바이올린 독주회,예술의전당 리사이틀홀,2026-03-28,2026-03-28,독주/독창회,서초구,https://culture.seoul.go.kr/culture/culture/cultureEvent/view.do?cultcode=157145&menuNo=200008,https://culture.seoul.go.kr/cmmn/file/getImage.do?atchFileId=5724b82196b749e9901d5b4f092c9a25&thumb=Y,서울시 문화행사,,0.003573,24,2026-08-23 01:14:23
문예북흥 No.58 - 메모광 김중혁의 메모 일대기를 담은 『미묘한 메모의 묘미』,이호철북콘서트홀,2026-03-28,2026-03-28,교육/체험,은평구,https://culture.seoul.go.kr/culture/culture/cultureEvent/view.do?cultcode=157046&menuNo=200011,https://culture.seoul.go.kr/cmmn/file/getImage.do?atchFileId=70260e8132034efb98d12a63874cc03e&thumb=Y,서울시 문화행사,,0.013049,36,2026-08-23 01:14:23
[종로문화재단] 아이들 콘서트 : 클래식 with 디토 오케스트라,종로 아이들극장,2026-03-28,2026-03-28,클래식,종로구,https://culture.seoul.go.kr/culture/culture/cultureEvent/view.do?cultcode=157031&menuNo=200008,https://culture.seoul.go.kr/cmmn/file/getImage.do?atchFileId=f780b59bbbc040629e06a5a35d3d2513&thumb=Y,서울시 문화행사,,0.020009,41,2026-08-23 01:14:23
[영등포구청] 2026 영등포청소년축제 [영스티벌],영등포아트스퀘어(타임스퀘어 지하2층) 및 타임스퀘어 광장,2026-03-28,2026-03-28,축제-문화/예술,영등포구,https://culture.seoul.go.kr/culture/culture/cultureEvent/view.do?cultcode=157193&menuNo=200010,https://culture.seoul.go.kr/cmmn/file/getImage.do?atchFileId=92e9e3c6e9604d38a6b42923ca509078&thumb=Y,서울시 문화행사,,,,2026-08-23 01:14:23
2026 서울 유아차 런,광화문광장(출발지) ~ 마포대교 ~ 여의도공원 문화의마당(도착지),2026-03-28,2026-03-28,축제-관광/체육,종로구,https://culture.seoul.go.kr/culture/culture/cultureEvent/view.do?cultcode=156908&menuNo=200010,https://culture.seoul.go.kr/cmmn/file/getImage.do?atchFileId=75aa3c46bd8948adad68c70c788fffe0&thumb=Y,서울시 문화행사,,0.000654,7,2026-08-23 01:14:23
[관악문화재단] 2026 로열인문학 [하루키가 사랑한 재즈],관악아트홀 공연장,2026-03-28,2026-03-28,콘서트,관악구,https://culture.seoul.go.kr/culture/culture/cultureEvent/view.do?cultcode=156765&menuNo=200008,https://culture.seoul.go.kr/cmmn/file/getImage.do?atchFileId=bd5f3d86e26544ddadbd4afbc2a6194a&thumb=Y,서울시 문화행사,,,,2026-08-23 01:14:23
2026 안양오페라단 정기연주회 [모차르트 탄생 270주년 기념] - 봄의 향연 오페라 갈라 콘서트,세종문화회관 세종체임버홀,2026-03-28,2026-03-28,클래식,종로구,https://culture.seoul.go.kr/culture/culture/cultureEvent/view.do?cultcode=157235&menuNo=200008,https://culture.seoul.go.kr/cmmn/file/getImage.do?atchFileId=2fd641f6d5b44ffb83566efe33c9b92b&thumb=Y,서울시 문화행사,,,,2026-08-23 01:14:23
[슈만 서거 170주년 기념] 하주애 신승훈 조인트 피아노 리사이틀,예술의전당 인춘아트홀,2026-03-28,2026-03-28,클래식,서초구,https://culture.seoul.go.kr/culture/culture/cultureEvent/view.do?cultcode=156843&menuNo=200008,https://culture.seoul.go.kr/cmmn/file/getImage.do?atchFileId=9256b178fdc94225b8eccdfe138c87de&thumb=Y,서울시 문화행사,,0.002693,21,2026-08-23 01:14:23
김이안 피아노 리사이틀 [창밖의 비창] Pathetique beyond the Pane,헤르만아트홀 성수,2026-03-28,2026-03-28,클래식,성동구,https://culture.seoul.go.kr/culture/culture/cultureEvent/view.do?cultcode=156991&menuNo=200008,https://culture.seoul.go.kr/cmmn/file/getImage.do?atchFileId=4f0659fd43e345f9ab36f376bb63ff91&thumb=Y,서울시 문화행사,,,,2026-08-23 01:14:23
[서울역사편찬원] 2026년 3월 서울역사문화답사 신청 안내,"숭례문, 칠패시장 터 표석, 염천교, 손기정공원, 약현성당, 서소문성지 역사박물관 등",2026-03-28,2026-03-28,교육/체험,중구,https://culture.seoul.go.kr/culture/culture/cultureEvent/view.do?cultcode=156989&menuNo=200011,https://culture.seoul.go.kr/cmmn/file/getImage.do?atchFileId=0b23ef7b4fe54a4899f21236d73a0325&thumb=Y,서울시 문화행사,,,,2026-08-23 01:14:23
[서울시립교향악단] 2026 서울시향 아주 특별한 콘서트,예술의전당 콘서트홀,2026-03-28,2026-03-28,클래식,서초구,https://culture.seoul.go.kr/culture/culture/cultureEvent/view.do?cultcode=156710&menuNo=200008,https://culture.seoul.go.kr/cmmn/file/getImage.do?atchFileId=ff85bbf768044a83bc8f7402d6e67655&thumb=Y,서울시 문화행사,,0.021067,41,2026-08-23 01:14:23
"[서울역사박물관] 제1회 재능나눔콘서트 개최 [서울의 기억, 봄, 도시를 깨우다]",박물관 1층 로비,2026-03-28,2026-03-28,클래식,종로구,https://culture.seoul.go.kr/culture/culture/cultureEvent/view.do?cultcode=157092&menuNo=200008,https://culture.seoul.go.kr/cmmn/file/getImage.do?atchFileId=b7920bc711f34d98901ccd3172f61915&thumb=Y,서울시 문화행사,,,,2026-08-23 01:14:23
서울시 어르신 문화공간 [누구나 청춘무대] 3월 스페셜 공연,문화일보홀 (지하철 5호선 서대문역 5번출구,2026-03-28,2026-03-28,콘서트,중구,https://culture.seoul.go.kr/culture/culture/cultureEvent/view.do?cultcode=157239&menuNo=200008,https://culture.seoul.go.kr/cmmn/file/getImage.do?atchFileId=47f9f6ed0628454ea94a778dcfc0ea43&thumb=Y,서울시 문화행사,,,,2026-08-23 01:14:23
[서울문화재단] 2026 신당창작아케이드 [어쩌다 마주친 공예 in 노들섬],노들섬 노들서가 내 아트스페이스 엣지 1층 (서울특별시 용산구 양녕로 445),2026-03-27,2026-12-31,전시/미술,용산구,https://culture.seoul.go.kr/culture/culture/cultureEvent/view.do?cultcode=157363&menuNo=200009,https://culture.seoul.go.kr/cmmn/file/getImage.do?atchFileId=a8c296336d0f4398b55de07ad93424af&thumb=Y,서울시 문화행사,,,,2026-08-23 01:14:23
"[용산역사박물관] 인문학, 용산공방: 색으로 만나는 박물관",용산역사박물관,2026-03-27,2026-07-31,교육/체험,용산구,https://culture.seoul.go.kr/culture/culture/cultureEvent/view.do?cultcode=156878&menuNo=200011,https://culture.seoul.go.kr/cmmn/file/getImage.do?atchFileId=3494f875b47a45c0acf6594f15706d7d&thumb=Y,서울시 문화행사,,0.049743,50,2026-08-23 01:14:23
[GS아트센터] 2026 기획 시즌 안내,GS아트센터,2026-03-27,2026-06-30,축제-문화/예술,강남구,https://culture.seoul.go.kr/culture/culture/cultureEvent/view.do?cultcode=156413&menuNo=200010,https://culture.seoul.go.kr/cmmn/file/getImage.do?atchFileId=e508d60121c445b5aad6ed03b2603f71&thumb=Y,서울시 문화행사,,0.219292,64,2026-08-23 01:14:23
[서울역사박물관] 어린이박물관 개관 기념 국제교류전 [볼 빨간 돼지의 종이 모험],서울역사박물관 기획전시실B,2026-03-27,2026-06-07,전시/미술,종로구,https://culture.seoul.go.kr/culture/culture/cultureEvent/view.do?cultcode=156972&menuNo=200009,https://culture.seoul.go.kr/cmmn/file/getImage.do?atchFileId=2a013b8c231945839ea87784bca2c18e&thumb=Y,서울시 문화행사,,,,2026-08-23 01:14:23
연극 [운베난트],예스24스테이지 3관,2026-03-27,2026-06-07,연극,종로구,https://culture.seoul.go.kr/culture/culture/cultureEvent/view.do?cultcode=157115&menuNo=200008,https://culture.seoul.go.kr/cmmn/file/getImage.do?atchFileId=b22d720f5efc44dda84da2606b0e5f75&thumb=Y,서울시 문화행사,,0.029871,45,2026-08-23 01:14:23
"[서울공예박물관] 밤의 작업실; 한 땀, 감꽃 복주머니 (3·4월)",전시 3동 1층 교육실,2026-03-27,2026-04-24,교육/체험,종로구,https://culture.seoul.go.kr/culture/culture/cultureEvent/view.do?cultcode=157353&menuNo=200011,https://culture.seoul.go.kr/cmmn/file/getImage.do?atchFileId=61985d15f18442278adedd48d64e0bde&thumb=Y,서울시 문화행사,,,,2026-08-23 01:14:23
[강동문화재단] 유니버설발레단 [돈키호테],강동아트센터 대극장 한강,2026-03-27,2026-03-28,무용,강동구,https://culture.seoul.go.kr/culture/culture/cultureEvent/view.do?cultcode=157075&menuNo=200008,https://culture.seoul.go.kr/cmmn/file/getImage.do?atchFileId=f67b984df74647dd891bdf9cbfc9de0b&thumb=Y,서울시 문화행사,,0.006661,30,2026-08-23 01:14:23
[서울역사박물관] 2026 시네마 퀘벡(Cinema Quebec),서울역사박물관 1층 야주개홀,2026-03-27,2026-03-28,영화,종로구,https://culture.seoul.go.kr/culture/culture/cultureEvent/view.do?cultcode=156974&menuNo=200013,https://culture.seoul.go.kr/cmmn/file/getImage.do?atchFileId=3feb33baf00946bfbb3190bc303bef0a&thumb=Y,서울시 문화행사,,,,2026-08-23 01:14:23
[노원문화재단] 2026 공동기획공연 연극 [와이즈 칠드런],노원문화예술회관 대공연장,2026-03-27,2026-03-28,연극,노원구,https://culture.seoul.go.kr/culture/culture/cultureEvent/view.do?cultcode=157059&menuNo=200008,https://culture.seoul.go.kr/cmmn/file/getImage.do?atchFileId=dc34c29940fa4739853341d129e836a2&thumb=Y,서울시 문화행사,,0.001507,15,2026-08-23 01:14:23
[중구문화재단] 클로즈업 : 인생영화 [#2 찬실이는 복도 많지],충무아트센터 씨네마,2026-03-27,2026-03-27,영화,중구,https://culture.seoul.go.kr/culture/culture/cultureEvent/view.do?cultcode=157029&menuNo=200013,https://culture.seoul.go.kr/cmmn/file/getImage.do?atchFileId=35076139ee1f4e1f9ed7e1362c03e55b&thumb=Y,서울시 문화행사,,0.000467,4,2026-08-23 01:14:23
[서울역사박물관] 어린이박물관 개관 기념 [한양탐험 체험부스],서울역사박물관 어린이박물관 앞 데크,2026-03-27,2026-03-27,교육/체험,종로구,https://culture.seoul.go.kr/culture/culture/cultureEvent/view.do?cultcode=157138&menuNo=200011,https://culture.seoul.go.kr/cmmn/file/getImage.do?atchFileId=c69deb67514e43509f4d6e7497346c12&thumb=Y,서울시 문화행사,,,,2026-08-23 01:14:23
[서울책보고] 커뮤니티 [3월 모여보고],서울책보고(잠실나루역 1번 출구 도보 1분),2026-03-27,2026-03-27,교육/체험,송파구,https://culture.seoul.go.kr/culture/culture/cultureEvent/view.do?cultcode=157091&menuNo=200011,https://culture.seoul.go.kr/cmmn/file/getImage.do?atchFileId=f8a2125d332a4e8d9e79c8d160028921&thumb=Y,서울시 문화행사,,,,2026-08-23 01:14:23
소프라노 김은희 리사이틀,세종문화회관 세종체임버홀,2026-03-27,2026-03-27,독주/독창회,종로구,https://culture.seoul.go.kr/culture/culture/cultureEvent/view.do?cultcode=157108&menuNo=200008,https://culture.seoul.go.kr/cmmn/file/getImage.do?atchFileId=2dca0a4721564eeead9241b06c6eec57&thumb=Y,서울시 문화행사,,,,2026-08-23 01:14:23
[서울역사박물관] 어린이박물관 개관기념 [도전! 한양 골든벨],서울역사박물관 야외 중정,2026-03-27,2026-03-27,교육/체험,종로구,https://culture.seoul.go.kr/culture/culture/cultureEvent/view.do?cultcode=157139&menuNo=200011,https://culture.seoul.go.kr/cmmn/file/getImage.do?atchFileId=c8b412dfd1d44afea0e7abfc65b22c2c&thumb=Y,서울시 문화행사,,,,2026-08-23 01:14:23
[살롱클래식] L’Aube Quartet(로브 콰르텟) Recital,라율아트홀,2026-03-27,2026-03-27,클래식,서초구,https://culture.seoul.go.kr/culture/culture/cultureEvent/view.do?cultcode=156894&menuNo=200008,https://culture.seoul.go.kr/cmmn/file/getImage.do?atchFileId=e809cdee6f3d4a1a91bf445c2f09d644&thumb=Y,서울시 문화행사,,0.012015,36,2026-08-23 01:14:23
[동대문문화재단] 2026 문화예술 기획공연 [와인et멜로디(3월)] Vol.1 김수유x이한결,선농단역사문화관,2026-03-27,2026-03-27,콘서트,동대문구,https://culture.seoul.go.kr/culture/culture/cultureEvent/view.do?cultcode=157061&menuNo=200008,https://culture.seoul.go.kr/cmmn/file/getImage.do?atchFileId=6d7497a7d29943109b0e3e499fa1c1a9&thumb=Y,서울시 문화행사,,0.003698,24,2026-08-23 01:14:23
[서울시립 미술아카이브] 알렉사에게,서울시립 미술아카이브,2026-03-26,2026-07-26,전시/미술,종로구,https://culture.seoul.go.kr/culture/culture/cultureEvent/view.do?cultcode=157142&menuNo=200009,https://culture.seoul.go.kr/cmmn/file/getImage.do?atchFileId=ce155d3ba0b8484693032df01e0e4434&thumb=Y,서울시 문화행사,,0.028102,44,2026-08-23 01:14:23
[한성백제박물관] 2026 상반기 초등단체 대면 교육 [서울 쏙! 백제 콕!],한성백제박물관 교육실,2026-03-26,2026-07-03,교육/체험,송파구,https://culture.seoul.go.kr/culture/culture/cultureEvent/view.do?cultcode=156906&menuNo=200011,https://culture.seoul.go.kr/cmmn/file/getImage.do?atchFileId=f3b484610b65420297a3ae47001c6120&thumb=Y,서울시 문화행사,,,,2026-08-23 01:14:23
[한성백제박물관] 2026 상반기 초등단체 비대면 교육 [서울 쏙! 백제 콕!],각 학급 교실(비대면 원격 교육),2026-03-26,2026-07-03,교육/체험,송파구,https://culture.seoul.go.kr/culture/culture/cultureEvent/view.do?cultcode=156907&menuNo=200011,https://culture.seoul.go.kr/cmmn/file/getImage.do?atchFileId=fb761ebe217849eaa4f63b1b0f6ac759&thumb=Y,서울시 문화행사,,,,2026-08-23 01:14:23
"[김근태기념도서관] 민주해설사 양성과정 3기 [현장에서 배우는 민주, 해설로 잇다]","김근태기념도서관(내부 이론교육 및 기관해설), 민주화운동기념관, 창동일대 ",2026-03-26,2026-05-28,교육/체험,도봉구,https://culture.seoul.go.kr/culture/culture/cultureEvent/view.do?cultcode=156909&menuNo=200011,https://culture.seoul.go.kr/cmmn/file/getImage.do?atchFileId=5da6004dbb5e42589e078012f06ba9cc&thumb=Y,서울시 문화행사,,,,2026-08-23 01:14:23
"[성북문화재단] 2026 성북구립미술관 기획전시 [1946, 성북회화연구소]",성북구립미술관,2026-03-26,2026-05-24,전시/미술,성북구,https://culture.seoul.go.kr/culture/culture/cultureEvent/view.do?cultcode=157054&menuNo=200009,https://culture.seoul.go.kr/cmmn/file/getImage.do?atchFileId=c988cb2dcbee4467bda377e6e0e7804f&thumb=Y,서울시 문화행사,,0.014655,38,2026-08-23 01:14:23
2026 소상공인 힘보탬 박람회,동대문디자인플라자(DDP),2026-03-26,2026-03-27,축제-기타,중구,https://culture.seoul.go.kr/culture/culture/cultureEvent/view.do?cultcode=157236&menuNo=200010,https://culture.seoul.go.kr/cmmn/file/getImage.do?atchFileId=ac5486f8bd294004b7f9e9d1b99e37b7&thumb=Y,서울시 문화행사,,0.000311,0,2026-08-23 01:14:23
[서초문화재단] 모차르트 피아노 협주곡 전곡 시리즈 IV,"반포심산아트홀, 서초구 전역",2026-03-26,2026-03-26,클래식,서초구,https://culture.seoul.go.kr/culture/culture/cultureEvent/view.do?cultcode=157044&menuNo=200008,https://culture.seoul.go.kr/cmmn/file/getImage.do?atchFileId=cbb8187182024063b936dd7af4c7dfbd&thumb=Y,서울시 문화행사,,,,2026-08-23 01:14:23
[서울역사박물관] 2026년 3월26일 2시 [라라랜드] 배리어프리영화 상영,서울역사박물관 1층 강당(야주개홀),2026-03-26,2026-03-26,영화,종로구,https://culture.seoul.go.kr/culture/culture/cultureEvent/view.do?cultcode=156841&menuNo=200013,https://culture.seoul.go.kr/cmmn/file/getImage.do?atchFileId=e23bbffc519e4f2282fb04e99df677b3&thumb=Y,서울시 문화행사,,,,2026-08-23 01:14:23
"[강북문화재단] 2026 마티네 콘서트 [국악, 경계넘어 G-hwaja]",강북문화예술회관 강북소나무홀,2026-03-26,2026-03-26,국악,강북구,https://culture.seoul.go.kr/culture/culture/cultureEvent/view.do?cultcode=157011&menuNo=200008,https://culture.seoul.go.kr/cmmn/file/getImage.do?atchFileId=a9b3b9c92c2040a99f28971b1781d993&thumb=Y,서울시 문화행사,,0.001818,17,2026-08-23 01:14:23
김경헌의 오가선집(金經憲式 五歌選集),국립국악원 풍류사랑방,2026-03-26,2026-03-26,국악,서초구,https://culture.seoul.go.kr/culture/culture/cultureEvent/view.do?cultcode=156866&menuNo=200008,https://culture.seoul.go.kr/cmmn/file/getImage.do?atchFileId=36230649f1384da5bc69bb527b7370de&thumb=Y,서울시 문화행사,,0.002801,21,2026-08-23 01:14:23
[오금청소년센터] 체험형 팹랩 투어 [미래연구소],오금청소년센터 2층 창작공방 '폼',2026-03-26,2026-03-26,교육/체험,송파구,https://culture.seoul.go.kr/culture/culture/cultureEvent/view.do?cultcode=157069&menuNo=200011,https://culture.seoul.go.kr/cmmn/file/getImage.do?atchFileId=3f37c4e9cb2947b2b761d3ffed4a3223&thumb=Y,서울시 문화행사,,,,2026-08-23 01:14:23
[청계천박물관] 2026년 상반기 온라인 교육 [톡톡톡 청계천],각 기관 (온라인 교육),2026-03-25,2026-06-24,교육/체험,성동구,https://culture.seoul.go.kr/culture/culture/cultureEvent/view.do?cultcode=156800&menuNo=200011,https://culture.seoul.go.kr/cmmn/file/getImage.do?atchFileId=d7b472ea120448b9adfeac8f5d0fa595&thumb=Y,서울시 문화행사,,,,2026-08-23 01:14:23
[금천문화재단] 금천구립독산도서관의 수요일 힙독 시네마(3월),금천구립독산도서관 2층 강의실,2026-03-25,2026-04-29,영화,금천구,https://culture.seoul.go.kr/culture/culture/cultureEvent/view.do?cultcode=156739&menuNo=200013,https://culture.seoul.go.kr/cmmn/file/getImage.do?atchFileId=2653c512ffc9479da5eda3813e973f4e&thumb=Y,서울시 문화행사,,,,2026-08-23 01:14:23
[세종문화회관] 세종예술아카데미 [어반드로잉 (심화)],세종문화회관 스퀘어홀 및 야외수업,2026-03-25,2026-04-26,교육/체험,종로구,https://culture.seoul.go.kr/culture/culture/cultureEvent/view.do?cultcode=156812&menuNo=200011,https://culture.seoul.go.kr/cmmn/file/getImage.do?atchFileId=081b1662cb2e4ce0aac1bd6a83387a1e&thumb=Y,서울시 문화행사,,,,2026-08-23 01:14:23
"[희곡 클래스] 불가능한 무대 쓰기 , 김주희(극작가) : 서울연극관 인큐베이팅 클래스3","서울시 마포구 포은로 44, 2층(합정동) ",2026-03-25,2026-04-15,교육/체험,마포구,https://culture.seoul.go.kr/culture/culture/cultureEvent/view.do?cultcode=156928&menuNo=200011,https://culture.seoul.go.kr/cmmn/file/getImage.do?atchFileId=aa9d24f5733f4d55841cd71584618eb8&thumb=Y,서울시 문화행사,,,,2026-08-23 01:14:23
[아트센터림] 판화정원: 여섯 명의 정원사들,아트센터림 2층 전시실 /  주말 1층 아트윈도우 팝업,2026-03-25,2026-04-12,전시/미술,종로구,https://culture.seoul.go.kr/culture/culture/cultureEvent/view.do?cultcode=157245&menuNo=200009,https://culture.seoul.go.kr/cmmn/file/getImage.do?atchFileId=edeb34f5905a4cd78ef3ab066c4ab168&thumb=Y,서울시 문화행사,,,,2026-08-23 01:14:23
[세종뮤지엄갤러리] 자연의 숨소리-The Breath of Nature: 차일만 기획초대전,세종뮤지엄갤러리 2관 (대양AI센터 지하2층),2026-03-25,2026-04-05,전시/미술,광진구,https://culture.seoul.go.kr/culture/culture/cultureEvent/view.do?cultcode=157257&menuNo=200009,https://culture.seoul.go.kr/cmmn/file/getImage.do?atchFileId=7c6c1dd00dd549a8979dd440682f0872&thumb=Y,서울시 문화행사,,,,2026-08-23 01:14:23
바이올리니스트 김혜란의 [VIOLIN EMOTION Ⅸ],금호아트홀연세,2026-03-25,2026-03-25,클래식,서대문구,https://culture.seoul.go.kr/culture/culture/cultureEvent/view.do?cultcode=156767&menuNo=200008,https://culture.seoul.go.kr/cmmn/file/getImage.do?atchFileId=fe70ca7f0f3141b9a89bb0074c5e5ba4&thumb=Y,서울시 문화행사,,0.043791,48,2026-08-23 01:14:23
[은평문화재단] 기획공연 [3월 숲속라이브 _ARC (아크)],은평문화예술회관 숲속극장,2026-03-25,2026-03-25,클래식,은평구,https://culture.seoul.go.kr/culture/culture/cultureEvent/view.do?cultcode=157071&menuNo=200008,https://culture.seoul.go.kr/cmmn/file/getImage.do?atchFileId=f0e10224ea784bb1aed6ed84a81be09f&thumb=Y,서울시 문화행사,,0.000311,0,2026-08-23 01:14:23
[마포문화재단] M 마티네 [2026 MAC 모닝 콘서트] ＃1,  아트홀맥아트홀맥,2026-03-25,2026-03-25,클래식,마포구,https://culture.seoul.go.kr/culture/culture/cultureEvent/view.do?cultcode=156645&menuNo=200008,https://culture.seoul.go.kr/cmmn/file/getImage.do?atchFileId=38f50a94e8e445e58cef473d0470601c&thumb=Y,서울시 문화행사,,,,2026-08-23 01:14:23
손철주의 오래된 그림공부 [무늬는 할 말이 많다],JCC크리에이티브센터 스튜디오,2026-03-25,2026-03-25,교육/체험,종로구,https://culture.seoul.go.kr/culture/culture/cultureEvent/view.do?cultcode=157037&menuNo=200011,https://culture.seoul.go.kr/cmmn/file/getImage.do?atchFileId=6460328f52ba4f1b872bb4df398259b5&thumb=Y,서울시 문화행사,,,,2026-08-23 01:14:23
[광진문화재단] 나루아티스트와 함께하는 '문화가 있는 날' [살롱음악회] (3월),나루아트센터 스페이스76,2026-03-25,2026-03-25,클래식,광진구,https://culture.seoul.go.kr/culture/culture/cultureEvent/view.do?cultcode=157048&menuNo=200008,https://culture.seoul.go.kr/cmmn/file/getImage.do?atchFileId=6c244a05e1f548458c22dbb4750407b4&thumb=Y,서울시 문화행사,,,,2026-08-23 01:14:23
"2026년 제 1회 라임 콜로키엄 [AI와 연대하는 감각, 패스트무버 이야기]",서울로봇인공지능과학관,2026-03-25,2026-03-25,교육/체험,도봉구,https://culture.seoul.go.kr/culture/culture/cultureEvent/view.do?cultcode=157082&menuNo=200011,https://culture.seoul.go.kr/cmmn/file/getImage.do?atchFileId=b5d99dd3211645a6892c2a2fe6cfc05a&thumb=Y,서울시 문화행사,,0.111476,57,2026-08-23 01:14:23
"2026 까망돌어울마당 아트홀 상반기 정기 기획공연 [까망돌 칸타빌레] 3회차 모어바운스의 [More Bounce, Unbound]",까망돌어울마당 아트홀,2026-03-25,2026-03-25,콘서트,동작구,https://culture.seoul.go.kr/culture/culture/cultureEvent/view.do?cultcode=156903&menuNo=200008,https://culture.seoul.go.kr/cmmn/file/getImage.do?atchFileId=b18b2604cfc34647b2df25d19d8dbd54&thumb=Y,서울시 문화행사,,0.001463,15,2026-08-23 01:14:23
[서울역사박물관] 2026년 청소년 박물관 톡(TALK) 모집안내,서울역사박물관,2026-03-24,2026-12-11,교육/체험,종로구,https://culture.seoul.go.kr/culture/culture/cultureEvent/view.do?cultcode=156976&menuNo=200011,https://culture.seoul.go.kr/cmmn/file/getImage.do?atchFileId=eca24afbbdb94aa9872d0473e2cc1590&thumb=Y,서울시 문화행사,,0.699003,75,2026-08-23 01:14:23
[한성백제박물관] 초등 4~6학년 학급 비대면 교육 [한강삼국지: 삼국의 한강 쟁탈전],신청 학급 교실,2026-03-24,2026-07-01,교육/체험,송파구,https://culture.seoul.go.kr/culture/culture/cultureEvent/view.do?cultcode=156754&menuNo=200011,https://culture.seoul.go.kr/cmmn/file/getImage.do?atchFileId=ee2f38002896461d88e55f36df203dfc&thumb=Y,서울시 문화행사,,,,2026-08-23 01:14:23
[한성백제박물관] 초등 4~6학년 단체 대면 교육 [한강삼국지: 삼국의 한강 쟁탈전],한성백제박물관 교육실,2026-03-24,2026-07-01,교육/체험,송파구,https://culture.seoul.go.kr/culture/culture/cultureEvent/view.do?cultcode=156755&menuNo=200011,https://culture.seoul.go.kr/cmmn/file/getImage.do?atchFileId=0183d0f0f64d43dea7f2f1f5a5823734&thumb=Y,서울시 문화행사,,,,2026-08-23 01:14:23
[중랑문화재단] 중랑아트센터 기획전 [몸으로 맛보는 오감 놀이터-요리조리],중랑아트센터 제1전시실 (서울시 중랑구 망우로 353 이노시티 C동 B2F),2026-03-24,2026-06-20,전시/미술,중랑구,https://culture.seoul.go.kr/culture/culture/cultureEvent/view.do?cultcode=157081&menuNo=200009,https://culture.seoul.go.kr/cmmn/file/getImage.do?atchFileId=1b6b193eda0547ac8627cd545d0052a2&thumb=Y,서울시 문화행사,,,,2026-08-23 01:14:23
[영등포문화재단] YDP창의예술교육센터 [예술놀이터 봄 프로그램],YDP창의예술교육센터,2026-03-24,2026-05-31,교육/체험,영등포구,https://culture.seoul.go.kr/culture/culture/cultureEvent/view.do?cultcode=156980&menuNo=200011,https://culture.seoul.go.kr/cmmn/file/getImage.do?atchFileId=5bcd86dc1e294bf392f09f6d2ee509c6&thumb=Y,서울시 문화행사,,0.000789,9,2026-08-23 01:14:23
홍범·김주환 2인전 [틈을 걷다],더 갤러리 호수,2026-03-24,2026-05-24,전시/미술,송파구,https://culture.seoul.go.kr/culture/culture/cultureEvent/view.do?cultcode=157251&menuNo=200009,https://culture.seoul.go.kr/cmmn/file/getImage.do?atchFileId=3e31e677b15e459ca780d07a735a163d&thumb=Y,서울시 문화행사,,0.013808,37,2026-08-23 01:14:23
[서울시립 북서울미술관] Buk SeMA 어린이 전시 감상 프로그램 [이야기하는 미술관],"서울시립 북서울미술관 B1 전시실 5,6",2026-03-24,2026-05-07,교육/체험,노원구,https://culture.seoul.go.kr/culture/culture/cultureEvent/view.do?cultcode=156575&menuNo=200011,https://culture.seoul.go.kr/cmmn/file/getImage.do?atchFileId=49c96013005d4d45b3e9cb8157e9ddfd&thumb=Y,서울시 문화행사,,,,2026-08-23 01:14:23
"옥스퍼드 사전 등재 단어 특별전, [말꽃, 피어나다]",세종문화회관 한글갤러리 (세종문화회관 지하 ‘세종이야기’ 공간 내에 위치해 있습니다),2026-03-24,2026-04-19,전시/미술,종로구,https://culture.seoul.go.kr/culture/culture/cultureEvent/view.do?cultcode=157051&menuNo=200009,https://culture.seoul.go.kr/cmmn/file/getImage.do?atchFileId=8a854891b61545d3a6d7ad28f218f94b&thumb=Y,서울시 문화행사,,,,2026-08-23 01:14:23
[서울시립미술관 서소문본관] 《최재은: 약속》 전시 연계 프로그램: 종자볼 만들기,서울시립미술관 서소문본관 1층 로비,2026-03-24,2026-04-05,교육/체험,중구,https://culture.seoul.go.kr/culture/culture/cultureEvent/view.do?cultcode=157143&menuNo=200011,https://culture.seoul.go.kr/cmmn/file/getImage.do?atchFileId=477851ea823f4c16a6f62666ece9084a&thumb=Y,서울시 문화행사,,,,2026-08-23 01:14:23
김아연 개인전 [Still Moving],크리스프 웨지,2026-03-24,2026-04-05,전시/미술,마포구,https://culture.seoul.go.kr/culture/culture/cultureEvent/view.do?cultcode=157124&menuNo=200009,https://culture.seoul.go.kr/cmmn/file/getImage.do?atchFileId=6a3e38fd1ed7493cbe41c74a10bbb86e&thumb=Y,서울시 문화행사,,,,2026-08-23 01:14:23
신지연 개인전 [시간의 결 위에 놓인 것들],북촌 한옥청,2026-03-24,2026-03-29,전시/미술,종로구,https://culture.seoul.go.kr/culture/culture/cultureEvent/view.do?cultcode=157125&menuNo=200009,https://culture.seoul.go.kr/cmmn/file/getImage.do?atchFileId=72e8b0972e1845a483d10b99ecf7b814&thumb=Y,서울시 문화행사,,0.00259,21,2026-08-23 01:14:23
[중구문화재단] 중구민을 위한 명사특강 : 최태성의 역사이야기,충무아트센터 대극장,2026-03-24,2026-03-24,교육/체험,중구,https://culture.seoul.go.kr/culture/culture/cultureEvent/view.do?cultcode=157039&menuNo=200011,https://culture.seoul.go.kr/cmmn/file/getImage.do?atchFileId=e072d6c544cf45e59f599dc30d98bb80&thumb=Y,서울시 문화행사,,0.068295,53,2026-08-23 01:14:23
"[마포구립서강도서관] 3-4월/어린이전시·이벤트 [우리 함께 골라볼까?, 동화동무씨동무]",마포구립서강도서관 4층 어린이자료실,2026-03-23,2026-04-24,전시/미술,마포구,https://culture.seoul.go.kr/culture/culture/cultureEvent/view.do?cultcode=157102&menuNo=200009,https://culture.seoul.go.kr/cmmn/file/getImage.do?atchFileId=a82a71e377ad45a1b917fc77fe1da8dc&thumb=Y,서울시 문화행사,,,,2026-08-23 01:14:23
소프라노 정주희 리사이틀 [시간의 결을 노래하다 : 바로크에서 낭만까지],세종문화회관 세종체임버홀,2026-03-23,2026-03-23,클래식,종로구,https://culture.seoul.go.kr/culture/culture/cultureEvent/view.do?cultcode=156969&menuNo=200008,https://culture.seoul.go.kr/cmmn/file/getImage.do?atchFileId=08b18be14c5449a981afc5419d8e58f2&thumb=Y,서울시 문화행사,,,,2026-08-23 01:14:23
[서울역사박물관] 한-불 수교 140주년 기념 어린이 아뜰리에 [이야기를 들려줘!],서울역사박물관 1층 1학습실,2026-03-22,2026-03-22,교육/체험,종로구,https://culture.seoul.go.kr/culture/culture/cultureEvent/view.do?cultcode=157036&menuNo=200011,https://culture.seoul.go.kr/cmmn/file/getImage.do?atchFileId=84071af8fc9c4658848ecf1873dce48c&thumb=Y,서울시 문화행사,,,,2026-08-23 01:14:23
"2026년 경운박물관 특별기획전 [노라 노, First and Forever]",경운박물관 기획전시실(경기여고 100주년기념관 1층),2026-03-21,2026-07-16,전시/미술,강남구,https://culture.seoul.go.kr/culture/culture/cultureEvent/view.do?cultcode=157008&menuNo=200009,https://culture.seoul.go.kr/cmmn/file/getImage.do?atchFileId=3a699cb0cb0d44278217f4d4521d2d43&thumb=Y,서울시 문화행사,,,,2026-08-23 01:14:23
[서울디자인재단] DDP 루프탑 투어_2026,DDP 뮤지엄 1층(M3 출입문) 투어 데스크 (시작장소),2026-03-21,2026-05-31,교육/체험,중구,https://culture.seoul.go.kr/culture/culture/cultureEvent/view.do?cultcode=157428&menuNo=200011,https://culture.seoul.go.kr/cmmn/file/getImage.do?atchFileId=973b28af071b405ea7f6eb7ab715abaa&thumb=Y,서울시 문화행사,,,,2026-08-23 01:14:23
[서울도서관] 초급 한국 수어 회화 [손으로 말해요],서울도서관 4층 사서교육장,2026-03-21,2026-05-09,교육/체험,중구,https://culture.seoul.go.kr/culture/culture/cultureEvent/view.do?cultcode=156936&menuNo=200011,https://culture.seoul.go.kr/cmmn/file/getImage.do?atchFileId=e26afd354de34184936b1b282e991bad&thumb=Y,서울시 문화행사,,,,2026-08-23 01:14:23
[구립증산도서관] 재개관 기념 프로그램 [내가 그린 도서관의 한 장면] 디지털 드로잉 클래스,구립증산도서관 1층 문화교육실,2026-03-21,2026-04-11,교육/체험,은평구,https://culture.seoul.go.kr/culture/culture/cultureEvent/view.do?cultcode=156932&menuNo=200011,https://culture.seoul.go.kr/cmmn/file/getImage.do?atchFileId=c1aa8f6819904cf4ad9f313079a642fb&thumb=Y,서울시 문화행사,,,,2026-08-23 01:14:23
김진 개인전 [감자설화 II],예술공간 의식주,2026-03-21,2026-04-05,전시/미술,서대문구,https://culture.seoul.go.kr/culture/culture/cultureEvent/view.do?cultcode=157128&menuNo=200009,https://culture.seoul.go.kr/cmmn/file/getImage.do?atchFileId=5643d7bc68e6403eb788b2b909d5f16e&thumb=Y,서울시 문화행사,,0.000311,0,2026-08-23 01:14:23
[서울아트책보고] 봄 시즌 상설공연 [처음 만나는 세계],서울아트책보고 열린무대,2026-03-21,2026-03-21,콘서트,구로구,https://culture.seoul.go.kr/culture/culture/cultureEvent/view.do?cultcode=156961&menuNo=200008,https://culture.seoul.go.kr/cmmn/file/getImage.do?atchFileId=ba55570969264611be7d0f7e6f5d75bb&thumb=Y,서울시 문화행사,,,,2026-08-23 01:14:23
[성동문화재단] 2026 봄바람 콘서트 : Flower is Blooming,소월아트홀,2026-03-21,2026-03-21,콘서트,성동구,https://culture.seoul.go.kr/culture/culture/cultureEvent/view.do?cultcode=156712&menuNo=200008,https://culture.seoul.go.kr/cmmn/file/getImage.do?atchFileId=1e8832427b224e1dacdf716b545791d2&thumb=Y,서울시 문화행사,,0.159576,61,2026-08-23 01:14:23
지브리와 사랑에 빠지다 : 지브리 영화음악 콘서트,구로아트밸리 예술극장,2026-03-21,2026-03-21,클래식,구로구,https://culture.seoul.go.kr/culture/culture/cultureEvent/view.do?cultcode=156642&menuNo=200008,https://culture.seoul.go.kr/cmmn/file/getImage.do?atchFileId=a1d91a5f569541cfbaff7ab7afe32a47&thumb=Y,서울시 문화행사,,0.003835,25,2026-08-23 01:14:23
[서울아트책보고] 리사이클링 팝업북 만들기: 180도 팝업책[이야기를 펼쳐보자],서울아트책보고 워크숍룸,2026-03-21,2026-03-21,교육/체험,구로구,https://culture.seoul.go.kr/culture/culture/cultureEvent/view.do?cultcode=156937&menuNo=200011,https://culture.seoul.go.kr/cmmn/file/getImage.do?atchFileId=827069c7e8d64955baa8c9d11fdf550e&thumb=Y,서울시 문화행사,,,,2026-08-23 01:14:23
[구로문화재단] 2026 오류아트홀 신춘음악회 [봄의 멜로디],오류아트홀,2026-03-21,2026-03-21,클래식,구로구,https://culture.seoul.go.kr/culture/culture/cultureEvent/view.do?cultcode=156844&menuNo=200008,https://culture.seoul.go.kr/cmmn/file/getImage.do?atchFileId=556a11fccd9d42778e89330b262bde49&thumb=Y,서울시 문화행사,,0.019636,40,2026-08-23 01:14:23
[그루버김밴드] Smooth Jazz Concert,재즈클럽그루브,2026-03-21,2026-03-21,콘서트,서초구,https://culture.seoul.go.kr/culture/culture/cultureEvent/view.do?cultcode=156993&menuNo=200008,https://culture.seoul.go.kr/cmmn/file/getImage.do?atchFileId=61aec295bcc346d4ac5d317b2b7b22aa&thumb=Y,서울시 문화행사,,0.00371,24,2026-08-23 01:14:23
[미래한강본부] 2026 버킷런 (Bucket Run 2026),잠실 한강공원 모래사장,2026-03-21,2026-03-21,축제-관광/체육,송파구,https://culture.seoul.go.kr/culture/culture/cultureEvent/view.do?cultcode=156926&menuNo=200010,https://culture.seoul.go.kr/cmmn/file/getImage.do?atchFileId=a941bc2c2fb4402d9a839f72f209c60f&thumb=Y,서울시 문화행사,,,,2026-08-23 01:14:23
[구립증산도서관] 그린 리모델링 재개관 기념 초등 책놀이 프로그램 [내가 만드는 푸른 지구],지하문화강좌실,2026-03-21,2026-03-21,교육/체험,은평구,https://culture.seoul.go.kr/culture/culture/cultureEvent/view.do?cultcode=156933&menuNo=200011,https://culture.seoul.go.kr/cmmn/file/getImage.do?atchFileId=7f467b8588f54d4f843c88302ca5ea01&thumb=Y,서울시 문화행사,,,,2026-08-23 01:14:23
디자인 워크샵 발표회 [만들기의 방식2],아케이드 서울,2026-03-21,2026-03-21,교육/체험,영등포구,https://culture.seoul.go.kr/culture/culture/cultureEvent/view.do?cultcode=157122&menuNo=200011,https://culture.seoul.go.kr/cmmn/file/getImage.do?atchFileId=4ffba919a06047ac9f9f445bb43ef388&thumb=Y,서울시 문화행사,,0.002789,21,2026-08-23 01:14:23
"[김근태기념도서관] 2026동아리 역량강화&시민참여 열린강연 [장은수 대표 초청 강연 읽다, 일하다, 사랑하다]","김근태기념도서관 2층강당(공간,마루)",2026-03-21,2026-03-21,교육/체험,도봉구,https://culture.seoul.go.kr/culture/culture/cultureEvent/view.do?cultcode=156931&menuNo=200011,https://culture.seoul.go.kr/cmmn/file/getImage.do?atchFileId=0283447cd2b641049d5a2fe4523648c8&thumb=Y,서울시 문화행사,,,,2026-08-23 01:14:23
[동작문화재단] 2026 상도어울마당 아트홀 상반기 정기 기획공연 '아트 박스 콘서트' 3회차 [The Bliss],상도어울마당 아트홀,2026-03-21,2026-03-21,콘서트,동작구,https://culture.seoul.go.kr/culture/culture/cultureEvent/view.do?cultcode=156905&menuNo=200008,https://culture.seoul.go.kr/cmmn/file/getImage.do?atchFileId=346be04d1b0c462fb2991577673f15f4&thumb=Y,서울시 문화행사,,0.00042,3,2026-08-23 01:14:23
스펙트로신테시스 서울 Spectrosynthesis Seoul,아트선재센터,2026-03-20,2026-06-28,전시/미술,종로구,https://culture.seoul.go.kr/culture/culture/cultureEvent/view.do?cultcode=157262&menuNo=200009,https://culture.seoul.go.kr/cmmn/file/getImage.do?atchFileId=1bbb87d0d71243b996db22604e96a261&thumb=Y,서울시 문화행사,,0.039508,47,2026-08-23 01:14:23
Dream in Light [BTS Music light],"DDP 전면, 유구전시장 앞, 미래로 상부",2026-03-20,2026-04-12,전시/미술,중구,https://culture.seoul.go.kr/culture/culture/cultureEvent/view.do?cultcode=157237&menuNo=200009,https://culture.seoul.go.kr/cmmn/file/getImage.do?atchFileId=d9bedf03aaaa4f14beb0141af991a2fe&thumb=Y,서울시 문화행사,,,,2026-08-23 01:14:23
전시 연계 워크숍: 작가와 함께 하는 창작 스튜디오 - 이서윤 작가,도암갤러리내 아카데미실,2026-03-20,2026-04-11,교육/체험,종로구,https://culture.seoul.go.kr/culture/culture/cultureEvent/view.do?cultcode=157112&menuNo=200011,https://culture.seoul.go.kr/cmmn/file/getImage.do?atchFileId=53bc6ab3a4034546ba6e114ac38ef91f&thumb=Y,서울시 문화행사,,,,2026-08-23 01:14:23
전시 연계 워크숍: 작가와 함께 하는 창작 스튜디오 - 김미수 작가,도암갤러리내 아카데미실,2026-03-20,2026-04-04,교육/체험,종로구,https://culture.seoul.go.kr/culture/culture/cultureEvent/view.do?cultcode=157111&menuNo=200011,https://culture.seoul.go.kr/cmmn/file/getImage.do?atchFileId=337d950629a1494f87de6749c6bd5b73&thumb=Y,서울시 문화행사,,,,2026-08-23 01:14:23
윤해원 첼로 독주회,세종문화회관 세종체임버홀,2026-03-20,2026-03-20,독주/독창회,종로구,https://culture.seoul.go.kr/culture/culture/cultureEvent/view.do?cultcode=156968&menuNo=200008,https://culture.seoul.go.kr/cmmn/file/getImage.do?atchFileId=81baf52c837e45b3bc17b6bcd9f96ffe&thumb=Y,서울시 문화행사,,,,2026-08-23 01:14:23
[동작문화재단] 2026 본동어울마당 아트홀 상반기 정기 기획공연 본동 세레나데 3회차 [라피나토의 소리로 그린 풍경],본동어울마당 아트홀,2026-03-20,2026-03-20,콘서트,동작구,https://culture.seoul.go.kr/culture/culture/cultureEvent/view.do?cultcode=156990&menuNo=200008,https://culture.seoul.go.kr/cmmn/file/getImage.do?atchFileId=d503613efd2a4076b4ff4ec20932c0b3&thumb=Y,서울시 문화행사,,0.000311,0,2026-08-23 01:14:23
국립국악관현악단 관현악시리즈III [2025 상주 작곡가 : 손다혜·홍민웅],국립극장 해오름극장,2026-03-20,2026-03-20,국악,중구,https://culture.seoul.go.kr/culture/culture/cultureEvent/view.do?cultcode=156897&menuNo=200008,https://culture.seoul.go.kr/cmmn/file/getImage.do?atchFileId=9eb683981d21407b97ae6375e456bfba&thumb=Y,서울시 문화행사,,0.257667,66,2026-08-23 01:14:23
[세종문화회관] 세종예술아카데미 [이야기가 있는 클래식],세종문화회관 서클홀,2026-03-19,2026-05-28,교육/체험,종로구,https://culture.seoul.go.kr/culture/culture/cultureEvent/view.do?cultcode=156883&menuNo=200011,https://culture.seoul.go.kr/cmmn/file/getImage.do?atchFileId=0373af8e16694df8b923159a02ec0a2a&thumb=Y,서울시 문화행사,,,,2026-08-23 01:14:23
[세종문화회관] 세종예술아카데미 [미술사가 이 현의 전시와 함께보는 서양 미술사 - 바로크와 로코코],세종문화회관 서클홀,2026-03-19,2026-05-21,교육/체험,종로구,https://culture.seoul.go.kr/culture/culture/cultureEvent/view.do?cultcode=156881&menuNo=200011,https://culture.seoul.go.kr/cmmn/file/getImage.do?atchFileId=377ac3cd61d6416baa3b3f43a826b900&thumb=Y,서울시 문화행사,,,,2026-08-23 01:14:23
[서울백제어린이박물관] 유단체 대상 [서울역사생태탐험대1] 봄,"서울백제어린이박물관(교육실, 전시실), 야외생태체험장, 전시실 등",2026-03-19,2026-05-21,교육/체험,송파구,https://culture.seoul.go.kr/culture/culture/cultureEvent/view.do?cultcode=156747&menuNo=200011,https://culture.seoul.go.kr/cmmn/file/getImage.do?atchFileId=7504518b70b54ac7b5c8367519f44947&thumb=Y,서울시 문화행사,,,,2026-08-23 01:14:23
[세종문화회관] 세종예술아카데미 [뮤지컬의 탄생],세종문화회관 서클홀,2026-03-19,2026-05-07,교육/체험,종로구,https://culture.seoul.go.kr/culture/culture/cultureEvent/view.do?cultcode=156882&menuNo=200011,https://culture.seoul.go.kr/cmmn/file/getImage.do?atchFileId=ec68f97be2d241fdab2be8f754a99de4&thumb=Y,서울시 문화행사,,,,2026-08-23 01:14:23
[도암갤러리] 기획전 [어떤 감각으로부터 From Certain Senses],서울아트센터 도암 3층 도암갤러리,2026-03-19,2026-04-25,전시/미술,종로구,https://culture.seoul.go.kr/culture/culture/cultureEvent/view.do?cultcode=157034&menuNo=200009,https://culture.seoul.go.kr/cmmn/file/getImage.do?atchFileId=36e3e8442f284d4489b7cf9ef22c5d82&thumb=Y,서울시 문화행사,,,,2026-08-23 01:14:23
전시 연계 워크숍: 작가와 함께 하는 창작 스튜디오 - 김진선 작가,도암갤러리내 아카데미실,2026-03-19,2026-04-25,교육/체험,종로구,https://culture.seoul.go.kr/culture/culture/cultureEvent/view.do?cultcode=157109&menuNo=200011,https://culture.seoul.go.kr/cmmn/file/getImage.do?atchFileId=c84ef2ee9b3d47acbeb7ec12c9fc6919&thumb=Y,서울시 문화행사,,,,2026-08-23 01:14:23
[노화랑] 픽셀킴 [비행을 위한 기도],"노화랑 1, 2층 전시장",2026-03-19,2026-04-09,전시/미술,종로구,https://culture.seoul.go.kr/culture/culture/cultureEvent/view.do?cultcode=157083&menuNo=200009,https://culture.seoul.go.kr/cmmn/file/getImage.do?atchFileId=f6dee6f8f4a846afb3b71483e9aad69f&thumb=Y,서울시 문화행사,,,,2026-08-23 01:14:23
[두산갤러리] DCW 2025 퍼블릭: 하루(들),두산아트센터 두산갤러리,2026-03-19,2026-04-04,전시/미술,종로구,https://culture.seoul.go.kr/culture/culture/cultureEvent/view.do?cultcode=157067&menuNo=200009,https://culture.seoul.go.kr/cmmn/file/getImage.do?atchFileId=f550170e24c64c44baf52e86bb4cd8a9&thumb=Y,서울시 문화행사,,,,2026-08-23 01:14:23
허예름 개인전 [원본은 없다 버전 투],청년예술청 화이트갤러리,2026-03-19,2026-03-24,전시/미술,서대문구,https://culture.seoul.go.kr/culture/culture/cultureEvent/view.do?cultcode=156900&menuNo=200009,https://culture.seoul.go.kr/cmmn/file/getImage.do?atchFileId=a463564a49b5402f8b747f843a2daafc&thumb=Y,서울시 문화행사,,0.000311,0,2026-08-23 01:14:23
아트테크 워크숍 [INACCURATE USAGE: RNBO and Web],술술센터 4층 술술홀,2026-03-19,2026-03-20,교육/체험,영등포구,https://culture.seoul.go.kr/culture/culture/cultureEvent/view.do?cultcode=156856&menuNo=200011,https://culture.seoul.go.kr/cmmn/file/getImage.do?atchFileId=85e004424df640eabc802d9de0485905&thumb=Y,서울시 문화행사,,,,2026-08-23 01:14:23
"[서울시립교향악단] 2026 서울시향 얍 판 츠베덴의 말러 교향곡 6번 [비극적] ①, ②",롯데콘서트홀,2026-03-19,2026-03-19,클래식,송파구,https://culture.seoul.go.kr/culture/culture/cultureEvent/view.do?cultcode=156488&menuNo=200008,https://culture.seoul.go.kr/cmmn/file/getImage.do?atchFileId=63f8b1e790784f598285b26ed36a1cdb&thumb=Y,서울시 문화행사,,0.808786,77,2026-08-23 01:14:23
"[살롱클래식] 이은선, 리즈 문 포레(G.faure)의 봄",라율아트홀,2026-03-19,2026-03-19,클래식,서초구,https://culture.seoul.go.kr/culture/culture/cultureEvent/view.do?cultcode=156887&menuNo=200008,https://culture.seoul.go.kr/cmmn/file/getImage.do?atchFileId=d154a2b0c3f24891b3bbbf046ddb6422&thumb=Y,서울시 문화행사,,0.012015,36,2026-08-23 01:14:23
[강동문화재단] 2026 스타인웨이 위너콘서트 인 코리아,강동아트센터 대극장 한강,2026-03-19,2026-03-19,클래식,강동구,https://culture.seoul.go.kr/culture/culture/cultureEvent/view.do?cultcode=157074&menuNo=200008,https://culture.seoul.go.kr/cmmn/file/getImage.do?atchFileId=06b47d1145a346bb82df065fd656ebdc&thumb=Y,서울시 문화행사,,0.006661,30,2026-08-23 01:14:23
[서울생활문화센터 낙원] 초보기타 교실 추가모집 / 색소폰 교실 & 클리닉,서울생활문화센터 낙원 5번 안내실,2026-03-18,2026-06-24,교육/체험,종로구,https://culture.seoul.go.kr/culture/culture/cultureEvent/view.do?cultcode=156978&menuNo=200011,https://culture.seoul.go.kr/cmmn/file/getImage.do?atchFileId=19019906a68a46efbe0ae1c1d60984bd&thumb=Y,서울시 문화행사,,,,2026-08-23 01:14:23
[종로여성인력개발센터] AI 파워드 문화·예술 프로젝트 기획 실무 마스터 실무 마스터,종로여성인력개발센터,2026-03-18,2026-06-23,교육/체험,종로구,https://culture.seoul.go.kr/culture/culture/cultureEvent/view.do?cultcode=156487&menuNo=200011,https://culture.seoul.go.kr/cmmn/file/getImage.do?atchFileId=f824d3bddc6d4c239ee2e5611e22870a&thumb=Y,서울시 문화행사,,0.016448,39,2026-08-23 01:14:23
[서울시립 사진미술관] 포토 디스커버리 프로젝트 《사진집》,서울시립 사진미술관 1층 로비,2026-03-18,2026-06-14,전시/미술,도봉구,https://culture.seoul.go.kr/culture/culture/cultureEvent/view.do?cultcode=157141&menuNo=200009,https://culture.seoul.go.kr/cmmn/file/getImage.do?atchFileId=0f7936d9f2d94354a36657010b418fbb&thumb=Y,서울시 문화행사,,,,2026-08-23 01:14:23
[영등포문화재단] 도림생활문화센터 2026 사계절클래스 [봄] 프로그램,도림 생활문화센터,2026-03-18,2026-05-28,교육/체험,영등포구,https://culture.seoul.go.kr/culture/culture/cultureEvent/view.do?cultcode=156871&menuNo=200011,https://culture.seoul.go.kr/cmmn/file/getImage.do?atchFileId=a2644dd1e8574e3ba4a0a24eb4c69156&thumb=Y,서울시 문화행사,,0.005815,29,2026-08-23 01:14:23
[세종문화회관] 세종예술아카데미 [클래식브런치],세종문화회관 서클홀,2026-03-18,2026-05-20,교육/체험,종로구,https://culture.seoul.go.kr/culture/culture/cultureEvent/view.do?cultcode=156880&menuNo=200011,https://culture.seoul.go.kr/cmmn/file/getImage.do?atchFileId=43b7fd7ecf2b44d1b7ba2ec25e6cc7a7&thumb=Y,서울시 문화행사,,,,2026-08-23 01:14:23
[세종뮤지엄갤러리] 고영진 기획초대전,세종뮤지엄갤러리 1관 (광진구 능동로 209 세종대학교 대양 AI B1),2026-03-18,2026-03-29,전시/미술,광진구,https://culture.seoul.go.kr/culture/culture/cultureEvent/view.do?cultcode=157119&menuNo=200009,https://culture.seoul.go.kr/cmmn/file/getImage.do?atchFileId=c5487afe1f8749cc80de2dd7de1aacd6&thumb=Y,서울시 문화행사,,,,2026-08-23 01:14:23
피아니스트 정성희 - 베토벤 피아노 소나타 전곡 시리즈 I,세종문화회관 세종체임버홀,2026-03-18,2026-03-18,독주/독창회,종로구,https://culture.seoul.go.kr/culture/culture/cultureEvent/view.do?cultcode=156965&menuNo=200008,https://culture.seoul.go.kr/cmmn/file/getImage.do?atchFileId=de0f00a6ddb04ec697abb8ebda538e5f&thumb=Y,서울시 문화행사,,,,2026-08-23 01:14:23
제87회 서울오라토리오 정기연주회 [영혼을 울리는 음악회 IX],예술의 전당 콘서트홀,2026-03-18,2026-03-18,클래식,서초구,https://culture.seoul.go.kr/culture/culture/cultureEvent/view.do?cultcode=156904&menuNo=200008,https://culture.seoul.go.kr/cmmn/file/getImage.do?atchFileId=dcc5cc9d42954b6ea3c071f98a037d16&thumb=Y,서울시 문화행사,,0.021067,41,2026-08-23 01:14:23
[서초문화재단] 서리풀 고음악 시리즈 [Bach in Blue],반포심산아트홀,2026-03-18,2026-03-18,클래식,서초구,https://culture.seoul.go.kr/culture/culture/cultureEvent/view.do?cultcode=157078&menuNo=200008,https://culture.seoul.go.kr/cmmn/file/getImage.do?atchFileId=d7ad7e73977740ffb51d4d25c15272ae&thumb=Y,서울시 문화행사,,0.023396,42,2026-08-23 01:14:23
[강남문화재단] 2026 강남심포니오케스트라 기획공연 콘서트오페라 [마술피리],GS아트센터,2026-03-18,2026-03-18,뮤지컬/오페라,강남구,https://culture.seoul.go.kr/culture/culture/cultureEvent/view.do?cultcode=156857&menuNo=200008,https://culture.seoul.go.kr/cmmn/file/getImage.do?atchFileId=aefa958f76da46dfb37f80d36ed1c61c&thumb=Y,서울시 문화행사,,0.219292,64,2026-08-23 01:14:23
[세종문화회관] 세종예술아카데미 [히든보이스],세종문화회관 서클홀,2026-03-17,2026-06-30,교육/체험,종로구,https://culture.seoul.go.kr/culture/culture/cultureEvent/view.do?cultcode=156809&menuNo=200011,https://culture.seoul.go.kr/cmmn/file/getImage.do?atchFileId=96b505aa681348d48b661d248108f577&thumb=Y,서울시 문화행사,,,,2026-08-23 01:14:23
[서울역사박물관] 2026년 작은전시 [사어피: 상어와 가오리로 만든 바다 가죽],서울역사박물관 상설전시 1존 작은 전시실,2026-03-17,2026-06-28,전시/미술,종로구,https://culture.seoul.go.kr/culture/culture/cultureEvent/view.do?cultcode=157110&menuNo=200009,https://culture.seoul.go.kr/cmmn/file/getImage.do?atchFileId=c5b7a0f0a6de4f92949be2a3b00e0d18&thumb=Y,서울시 문화행사,,,,2026-08-23 01:14:23
[서울생활사박물관] 2026년 상반기 변장나들이(유치원 및 어린이집 단체),서울생활사박물관,2026-03-17,2026-06-02,교육/체험,노원구,https://culture.seoul.go.kr/culture/culture/cultureEvent/view.do?cultcode=156815&menuNo=200011,https://culture.seoul.go.kr/cmmn/file/getImage.do?atchFileId=24e3946a701943bea49d55457db0148a&thumb=Y,서울시 문화행사,,0.137026,59,2026-08-23 01:14:23
[서울시립미술관 서소문본관] SeMA 아카데미: 판화적 시도와 실험들,서울시립미술관 서소문본관 B1 세마홀,2026-03-17,2026-04-14,교육/체험,노원구,https://culture.seoul.go.kr/culture/culture/cultureEvent/view.do?cultcode=156834&menuNo=200011,https://culture.seoul.go.kr/cmmn/file/getImage.do?atchFileId=79d3e00becb04ac690a3b8d4f62159ed&thumb=Y,서울시 문화행사,,,,2026-08-23 01:14:23
[강동문화재단] 문화예술아카데미 [특별강좌] 그림으로 치유하는 모두의 마음,강동아트센터 스튜디오#3,2026-03-17,2026-03-17,교육/체험,강동구,https://culture.seoul.go.kr/culture/culture/cultureEvent/view.do?cultcode=156588&menuNo=200011,https://culture.seoul.go.kr/cmmn/file/getImage.do?atchFileId=31c972d4ddfc459ebdb9a88b84ff4cf2&thumb=Y,서울시 문화행사,,,,2026-08-23 01:14:23
피아니스트 조지현의 쇼팽 시리즈 II,예술의전당 리사이틀홀,2026-03-17,2026-03-17,클래식,서초구,https://culture.seoul.go.kr/culture/culture/cultureEvent/view.do?cultcode=156768&menuNo=200008,https://culture.seoul.go.kr/cmmn/file/getImage.do?atchFileId=22d00f2295dd41ea8b1cbcdbd760a9cc&thumb=Y,서울시 문화행사,,0.003573,24,2026-08-23 01:14:23
[서울시립과학관] 서울시립과학관과 함께하는 미완의 식물지 - 이소요 작가 아티언스 토크,서울시립 북서울미술관 1층,2026-03-17,2026-03-17,교육/체험,노원구,https://culture.seoul.go.kr/culture/culture/cultureEvent/view.do?cultcode=156987&menuNo=200011,https://culture.seoul.go.kr/cmmn/file/getImage.do?atchFileId=dec4f49288664f439f83144deb9d0740&thumb=Y,서울시 문화행사,,,,2026-08-23 01:14:23
[세종문화회관] 세종예술아카데미 [2026 상반기 스포츠 in 아트스테이션],세종문화회관 오픈스테이지의 탁 트인 마루형 공간,2026-03-16,2026-06-26,교육/체험,종로구,https://culture.seoul.go.kr/culture/culture/cultureEvent/view.do?cultcode=157023&menuNo=200011,https://culture.seoul.go.kr/cmmn/file/getImage.do?atchFileId=16cb755c035e4ddc86c7cfbfa3654ca5&thumb=Y,서울시 문화행사,,,,2026-08-23 01:14:23
[서울시립 서서울미술관] 《우리의 시간은 여기서부터》 개관특별 프로젝트 [태각(胎刻) - 노년의 태몽을 새기다],서울시립 서서울미술관 기타,2026-03-16,2026-04-06,교육/체험,금천구,https://culture.seoul.go.kr/culture/culture/cultureEvent/view.do?cultcode=156920&menuNo=200011,https://culture.seoul.go.kr/cmmn/file/getImage.do?atchFileId=da4ee143fe18470194ed702dd1ad7ced&thumb=Y,서울시 문화행사,,,,2026-08-23 01:14:23
"[구립증산도서관] 가족열람실 3월 북큐레이션 [같이 걷자, 지구야]",3층 가족열람실,2026-03-16,2026-03-31,교육/체험,은평구,https://culture.seoul.go.kr/culture/culture/cultureEvent/view.do?cultcode=157007&menuNo=200011,https://culture.seoul.go.kr/cmmn/file/getImage.do?atchFileId=cac350d542164590a610e8db0d1c88a7&thumb=Y,서울시 문화행사,,,,2026-08-23 01:14:23
[구립증산도서관] 3월 테마전시체험전 - 테마로 즐기는 도서관 [나홀로 버스],지하 1층 북갤러리 및 3층 가족열람실,2026-03-16,2026-03-25,전시/미술,은평구,https://culture.seoul.go.kr/culture/culture/cultureEvent/view.do?cultcode=157006&menuNo=200009,https://culture.seoul.go.kr/cmmn/file/getImage.do?atchFileId=12a1b46651fe4c9a92a7e06c05c76e7e&thumb=Y,서울시 문화행사,,,,2026-08-23 01:14:23
[구립증산도서관] 책 따라 걷는 도서관 - 3월 원화 전시 [으쌰으쌰 당근],1층 로비 및 3층 어린이열람실,2026-03-16,2026-03-22,전시/미술,은평구,https://culture.seoul.go.kr/culture/culture/cultureEvent/view.do?cultcode=157064&menuNo=200009,https://culture.seoul.go.kr/cmmn/file/getImage.do?atchFileId=e8d5f301c83a4b6f8d2eb3476a8356e1&thumb=Y,서울시 문화행사,,,,2026-08-23 01:14:23
트리오 진심 眞心 창단 연주회,세종문화회관 세종체임버홀,2026-03-16,2026-03-16,클래식,종로구,https://culture.seoul.go.kr/culture/culture/cultureEvent/view.do?cultcode=156964&menuNo=200008,https://culture.seoul.go.kr/cmmn/file/getImage.do?atchFileId=3ffbdb4d81e841a799f23ce81571a2ed&thumb=Y,서울시 문화행사,,,,2026-08-23 01:14:23
[한성백제박물관] 2026년 상반기 주말가족교육 [문화유산 보존 연구소],한성백제박물관 교육실,2026-03-14,2026-07-04,교육/체험,송파구,https://culture.seoul.go.kr/culture/culture/cultureEvent/view.do?cultcode=156850&menuNo=200011,https://culture.seoul.go.kr/cmmn/file/getImage.do?atchFileId=69fec744c82446619d58e8ce8cb6baab&thumb=Y,서울시 문화행사,,,,2026-08-23 01:14:23
[한성백제박물관] 2026년 상반기 주말가족탐방 [몽촌토성 탐방],"몽촌토성, 박물관 교육실",2026-03-14,2026-05-30,교육/체험,송파구,https://culture.seoul.go.kr/culture/culture/cultureEvent/view.do?cultcode=156851&menuNo=200011,https://culture.seoul.go.kr/cmmn/file/getImage.do?atchFileId=31a20aade65d41b882a74ff2a6424ee7&thumb=Y,서울시 문화행사,,,,2026-08-23 01:14:23
2026 국립극장 어린이 예술학교 유아반 (1학기),국립극장 뜰아래연습장 B2 다목적교육실,2026-03-14,2026-05-23,교육/체험,중구,https://culture.seoul.go.kr/culture/culture/cultureEvent/view.do?cultcode=156884&menuNo=200011,https://culture.seoul.go.kr/cmmn/file/getImage.do?atchFileId=4d36afd4ac204d67bade0bd7b035e70a&thumb=Y,서울시 문화행사,,,,2026-08-23 01:14:23
이소윤 개인전 [아무데도 두지 않고],이스랏아트룸,2026-03-14,2026-04-18,전시/미술,서초구,https://culture.seoul.go.kr/culture/culture/cultureEvent/view.do?cultcode=157164&menuNo=200009,https://culture.seoul.go.kr/cmmn/file/getImage.do?atchFileId=766a49191eef4637a6b31cf5bae3a5af&thumb=Y,서울시 문화행사,,,,2026-08-23 01:14:23
"[서울시] 주말 아침, 차 없는 도로에서 걷고 뛰자! [쉬엄쉬엄 모닝] 3월",여의도공원 출발 ~ 여의대로 ~ 마포대교 왕복 (약 5km 구간),2026-03-14,2026-03-29,축제-관광/체육,마포구,https://culture.seoul.go.kr/culture/culture/cultureEvent/view.do?cultcode=157087&menuNo=200010,https://culture.seoul.go.kr/cmmn/file/getImage.do?atchFileId=fbe07fd64ea24842a5e687fe3a45c611&thumb=Y,서울시 문화행사,,,,2026-08-23 01:14:23
"[노원문화재단] 이태호 석좌교수 초청 특강 [인상파, 찬란한 순간들] 전시 연계 특별 강연",노원문화예술회관 5층 소공연장 ,2026-03-14,2026-03-21,교육/체험,노원구,https://culture.seoul.go.kr/culture/culture/cultureEvent/view.do?cultcode=156984&menuNo=200011,https://culture.seoul.go.kr/cmmn/file/getImage.do?atchFileId=1c24bcda236c49a283bb385d5780d51d&thumb=Y,서울시 문화행사,,,,2026-08-23 01:14:23
[세종문화회관] 26세종시즌 [더블 빌 Bliss & Jakie],세종M씨어터,2026-03-14,2026-03-21,무용,종로구,https://culture.seoul.go.kr/culture/culture/cultureEvent/view.do?cultcode=156440&menuNo=200008,https://culture.seoul.go.kr/cmmn/file/getImage.do?atchFileId=ade5abe42cfb4c1194d6ac114db6a308&thumb=Y,서울시 문화행사,,0.003785,24,2026-08-23 01:14:23
[창밖의 비창] IAN KIM 피아노 리사이틀,서울숲 스튜디오301,2026-03-14,2026-03-21,클래식,성동구,https://culture.seoul.go.kr/culture/culture/cultureEvent/view.do?cultcode=156745&menuNo=200008,https://culture.seoul.go.kr/cmmn/file/getImage.do?atchFileId=99d2822310744b4bbad3f55bfa959cfd&thumb=Y,서울시 문화행사,,,,2026-08-23 01:14:23
[서울아트책보고] 리사이클링 팝업북 만들기3차: 사각주머니책 [이야기를 담아보자],서울아트책보고 워크숍룸,2026-03-14,2026-03-14,교육/체험,구로구,https://culture.seoul.go.kr/culture/culture/cultureEvent/view.do?cultcode=156799&menuNo=200011,https://culture.seoul.go.kr/cmmn/file/getImage.do?atchFileId=b6cfd4facabb4baea87c5270a9b2fafc&thumb=Y,서울시 문화행사,,,,2026-08-23 01:14:23
소프라노 김미주 독창회 [고전과 낭만 사이],세종체임버홀,2026-03-14,2026-03-14,클래식,종로구,https://culture.seoul.go.kr/culture/culture/cultureEvent/view.do?cultcode=156963&menuNo=200008,https://culture.seoul.go.kr/cmmn/file/getImage.do?atchFileId=01f4d96222a144fe8ce3ab72614d86f8&thumb=Y,서울시 문화행사,,0.012949,36,2026-08-23 01:14:23
"문예북흥 No.57 -  바쁜 일상 속에서 느리게 걷고 생각할 때 비로소 보이는, 윤성희가 선물하는 '그런 날'들의 모음 『느리게 가는 마음』",이호철북콘서트홀,2026-03-14,2026-03-14,교육/체험,은평구,https://culture.seoul.go.kr/culture/culture/cultureEvent/view.do?cultcode=156935&menuNo=200011,https://culture.seoul.go.kr/cmmn/file/getImage.do?atchFileId=7b396f46d5434132af85db07fa958b17&thumb=Y,서울시 문화행사,,0.013049,36,2026-08-23 01:14:23
[라율 영재&영아티스트] 이윤하 바이올린 독주회,라율아트홀,2026-03-14,2026-02-14,클래식,서초구,https://culture.seoul.go.kr/culture/culture/cultureEvent/view.do?cultcode=156891&menuNo=200008,https://culture.seoul.go.kr/cmmn/file/getImage.do?atchFileId=f6e499c4b3f5477e8fc46431b009602c&thumb=Y,서울시 문화행사,,0.012015,36,2026-08-23 01:14:23
일인용 심야 공연 [이인환각연쇄고리: Find a Channelhead],콜드슬립,2026-03-13,2026-04-04,전시/미술,강북구,https://culture.seoul.go.kr/culture/culture/cultureEvent/view.do?cultcode=156899&menuNo=200009,https://culture.seoul.go.kr/cmmn/file/getImage.do?atchFileId=f376fe3b857b48c5a89129b2e34756c2&thumb=Y,서울시 문화행사,,,,2026-08-23 01:14:23
극단허리 36주년 기념작품 [김보책],공간아울,2026-03-13,2026-03-22,연극,종로구,https://culture.seoul.go.kr/culture/culture/cultureEvent/view.do?cultcode=156910&menuNo=200008,https://culture.seoul.go.kr/cmmn/file/getImage.do?atchFileId=7ea984e7ba3542ad8d61a63724786a7c&thumb=Y,서울시 문화행사,,0.02164,41,2026-08-23 01:14:23
[서울돈화문국악당] 광대생각 - 어린이연희극 [연희 판타지아],서울돈화문국악당,2026-03-13,2026-03-15,국악,종로구,https://culture.seoul.go.kr/culture/culture/cultureEvent/view.do?cultcode=156833&menuNo=200008,https://culture.seoul.go.kr/cmmn/file/getImage.do?atchFileId=073d3e7d1eaf4aa2a07889b97f54b1ba&thumb=Y,서울시 문화행사,,0.009687,34,2026-08-23 01:14:23
서울러닝엑스포 Seoul Running Expo,"아트홀1관, 아트홀2관, 이간수문전시장, 디자인홀, 잔디사랑방, 어울림광장",2026-03-13,2026-03-15,축제-관광/체육,중구,https://culture.seoul.go.kr/culture/culture/cultureEvent/view.do?cultcode=156985&menuNo=200010,https://culture.seoul.go.kr/cmmn/file/getImage.do?atchFileId=e6598433090c44ecba1e789f0e3ebe8f&thumb=Y,서울시 문화행사,,,,2026-08-23 01:14:23
2026년 서울문화재단 예술창작활동지원 선정 프로젝트 [장단은 점에서 시작한다],연희예술극장 ,2026-03-13,2026-03-14,콘서트,마포구,https://culture.seoul.go.kr/culture/culture/cultureEvent/view.do?cultcode=156847&menuNo=200008,https://culture.seoul.go.kr/cmmn/file/getImage.do?atchFileId=1eb6a758844447a287638b4ac187c066&thumb=Y,서울시 문화행사,,0.011978,36,2026-08-23 01:14:23
[서울남산국악당] 서울교방 6인전 : 공화(空花)-허공에 핀 꽃,서울남산국악당 크라운해태홀,2026-03-13,2026-03-14,국악,중구,https://culture.seoul.go.kr/culture/culture/cultureEvent/view.do?cultcode=156727&menuNo=200008,https://culture.seoul.go.kr/cmmn/file/getImage.do?atchFileId=ea2654079d7442579de0d5d3ad1c94b2&thumb=Y,서울시 문화행사,,0.000498,5,2026-08-23 01:14:23
"쇼팽, 세 개의 소나타와 세 개의 고독 [정혜연 쇼팽 피아노 소나타 전곡 리사이틀]",예술의전당 리사이틀홀,2026-03-13,2026-03-13,클래식,서초구,https://culture.seoul.go.kr/culture/culture/cultureEvent/view.do?cultcode=156769&menuNo=200008,https://culture.seoul.go.kr/cmmn/file/getImage.do?atchFileId=8539b0090e544be5a7e048ab7b301c6f&thumb=Y,서울시 문화행사,,0.003573,24,2026-08-23 01:14:23
[영등포문화재단] 화이트데이 로맨틱 콘서트 [라틴 키친 루나 X 일레인],영등포아트홀,2026-03-13,2026-03-13,콘서트,영등포구,https://culture.seoul.go.kr/culture/culture/cultureEvent/view.do?cultcode=156591&menuNo=200008,https://culture.seoul.go.kr/cmmn/file/getImage.do?atchFileId=b89e4b51eb404798963c9fe07dbe9b09&thumb=Y,서울시 문화행사,,0.072056,53,2026-08-23 01:14:23
[서울시립 서서울미술관] SeMA 프로젝트V_얄루,서울시립 서서울미술관 기타,2026-03-12,2026-07-26,전시/미술,금천구,https://culture.seoul.go.kr/culture/culture/cultureEvent/view.do?cultcode=156946&menuNo=200009,https://culture.seoul.go.kr/cmmn/file/getImage.do?atchFileId=9b2745301f40413a877f12a426f31820&thumb=Y,서울시 문화행사,,,,2026-08-23 01:14:23
[서울시립 서서울미술관] 서서울미술관 개관특별전 《우리의 시간은 여기서부터》,"서서울미술관 스튜디오 1, 1층 로비, 잔디마당 1 등",2026-03-12,2026-07-12,전시/미술,금천구,https://culture.seoul.go.kr/culture/culture/cultureEvent/view.do?cultcode=156945&menuNo=200009,https://culture.seoul.go.kr/cmmn/file/getImage.do?atchFileId=048c706e8f7544f9998d4fa5d12d34d7&thumb=Y,서울시 문화행사,,,,2026-08-23 01:14:23
[서울시립 서서울미술관] 서서울미술관 개관 특별전 SeMA 퍼포먼스 《호흡》,서울시립 서서울미술관,2026-03-12,2026-04-12,전시/미술,금천구,https://culture.seoul.go.kr/culture/culture/cultureEvent/view.do?cultcode=156918&menuNo=200009,https://culture.seoul.go.kr/cmmn/file/getImage.do?atchFileId=7648cdc395fa4fd0869f086fffbd0a39&thumb=Y,서울시 문화행사,,0.031141,45,2026-08-23 01:14:23
오태정 개인전 [이것은 정녕 나의 몸이니],공간일리,2026-03-12,2026-03-29,전시/미술,종로구,https://culture.seoul.go.kr/culture/culture/cultureEvent/view.do?cultcode=157105&menuNo=200009,https://culture.seoul.go.kr/cmmn/file/getImage.do?atchFileId=8846e80f69214fd487d046b9b2ca74fc&thumb=Y,서울시 문화행사,,,,2026-08-23 01:14:23
"[세종문화회관] 세종시즌 [명작시리즈 I 언제라도, 봄]",세종체임버홀,2026-03-12,2026-03-13,콘서트,종로구,https://culture.seoul.go.kr/culture/culture/cultureEvent/view.do?cultcode=156390&menuNo=200008,https://culture.seoul.go.kr/cmmn/file/getImage.do?atchFileId=df2c2cefe8ed475a95aad8451dd82a5f&thumb=Y,서울시 문화행사,,0.012949,36,2026-08-23 01:14:23
[서초문화재단] 서리풀 전곡 연주 시리즈 [하이든 교향곡 전곡 시리즈 31] Surprise,서초구 전역 반포심산아트홀,2026-03-12,2026-03-12,클래식,서초구,https://culture.seoul.go.kr/culture/culture/cultureEvent/view.do?cultcode=156853&menuNo=200008,https://culture.seoul.go.kr/cmmn/file/getImage.do?atchFileId=c7c69271e61e4eb483e183cea52334b2&thumb=Y,서울시 문화행사,,,,2026-08-23 01:14:23
[라율 영재&영아티스트] 정하은 첼로 독주회,라율아트홀,2026-03-12,2026-03-12,클래식,서초구,https://culture.seoul.go.kr/culture/culture/cultureEvent/view.do?cultcode=156890&menuNo=200008,https://culture.seoul.go.kr/cmmn/file/getImage.do?atchFileId=91b27d57bcc54c02808ab1cb3c10bf06&thumb=Y,서울시 문화행사,,0.012015,36,2026-08-23 01:14:23
[마포구립서강도서관] 3월/읽는 인간 호모부커스Ⅰ [마구마구 야구 읽기] 2차시 스포츠 산업 전문가 정희윤 특별 초청,3층 세미나실,2026-03-12,2026-03-12,교육/체험,마포구,https://culture.seoul.go.kr/culture/culture/cultureEvent/view.do?cultcode=156759&menuNo=200011,https://culture.seoul.go.kr/cmmn/file/getImage.do?atchFileId=356fa1f6d6cd4ef695610bc904dd89f2&thumb=Y,서울시 문화행사,,,,2026-08-23 01:14:23
[광진문화재단] 차이코프스키 피아노 트리오,나루아트센터 대공연장,2026-03-12,2026-03-12,클래식,광진구,https://culture.seoul.go.kr/culture/culture/cultureEvent/view.do?cultcode=156676&menuNo=200008,https://culture.seoul.go.kr/cmmn/file/getImage.do?atchFileId=c4bca70b2cb545b898482ae86b38331f&thumb=Y,서울시 문화행사,,0.011878,36,2026-08-23 01:14:23
마지막 춤은 나와 함께 The Last Dance with Me,"갤러리 플래닛 (서울시 강남구 압구정로 71길 14,2층)",2026-03-11,2026-04-10,전시/미술,강남구,https://culture.seoul.go.kr/culture/culture/cultureEvent/view.do?cultcode=156927&menuNo=200009,https://culture.seoul.go.kr/cmmn/file/getImage.do?atchFileId=4fc42094e2a2464e8431b201ee7dbfab&thumb=Y,서울시 문화행사,,,,2026-08-23 01:14:23
"[갤러리 지우헌] 이선, 김동해 [비로소 밤]",갤러리 지우헌,2026-03-11,2026-04-04,전시/미술,종로구,https://culture.seoul.go.kr/culture/culture/cultureEvent/view.do?cultcode=156827&menuNo=200009,https://culture.seoul.go.kr/cmmn/file/getImage.do?atchFileId=438b683406c042019fd7f560d79b899d&thumb=Y,서울시 문화행사,,0.000685,8,2026-08-23 01:14:23
김보섭 사진전 [송도 사라진 갯벌과 먼우금 사람들],갤러리 인덱스,2026-03-11,2026-03-27,전시/미술,종로구,https://culture.seoul.go.kr/culture/culture/cultureEvent/view.do?cultcode=157093&menuNo=200009,https://culture.seoul.go.kr/cmmn/file/getImage.do?atchFileId=1fe3ba6ef3e94a7da328500aad8d3be3&thumb=Y,서울시 문화행사,,0.00084,10,2026-08-23 01:14:23
[세종뮤지엄갤러리] 문창진 기획초대전-빛의 여정: 1980-2024,세종뮤지엄갤러리 2관,2026-03-11,2026-03-22,전시/미술,광진구,https://culture.seoul.go.kr/culture/culture/cultureEvent/view.do?cultcode=157000&menuNo=200009,https://culture.seoul.go.kr/cmmn/file/getImage.do?atchFileId=714a60e47cc748799abfebb85a5c0fbb&thumb=Y,서울시 문화행사,,,,2026-08-23 01:14:23
추정현의 가야금 [시간의 매듭],국립국악원 풍류사랑방,2026-03-11,2026-03-11,국악,서초구,https://culture.seoul.go.kr/culture/culture/cultureEvent/view.do?cultcode=156796&menuNo=200008,https://culture.seoul.go.kr/cmmn/file/getImage.do?atchFileId=ea76be7d3eee434387d080df1c53cedf&thumb=Y,서울시 문화행사,,0.002801,21,2026-08-23 01:14:23
2026 도암 인문학 클래스: 에피소드로 듣는 서양예술사,서울아트센터 도암 3층 도암갤러리 내 아카데미룸,2026-03-10,2026-06-02,교육/체험,종로구,https://culture.seoul.go.kr/culture/culture/cultureEvent/view.do?cultcode=156684&menuNo=200011,https://culture.seoul.go.kr/cmmn/file/getImage.do?atchFileId=fc95a92626444af288696abbbb6ee55f&thumb=Y,서울시 문화행사,,,,2026-08-23 01:14:23
[서울아트책보고] 처음 만나는 세계,서울아트책보고 북카페 앤 라운지,2026-03-10,2026-05-31,전시/미술,구로구,https://culture.seoul.go.kr/culture/culture/cultureEvent/view.do?cultcode=156892&menuNo=200009,https://culture.seoul.go.kr/cmmn/file/getImage.do?atchFileId=57c7dae9273d4eaeb82db962852b352e&thumb=Y,서울시 문화행사,,,,2026-08-23 01:14:23
[이한열기념관] 2026년 상반기 특별 기획 전시 [내 손안의 광장],이한열기념관 3층 기획전시실 ,2026-03-10,2026-05-24,전시/미술,마포구,https://culture.seoul.go.kr/culture/culture/cultureEvent/view.do?cultcode=156995&menuNo=200009,https://culture.seoul.go.kr/cmmn/file/getImage.do?atchFileId=faedbf0b22ec4beaa7e50819a50acde6&thumb=Y,서울시 문화행사,,,,2026-08-23 01:14:23
[예송미술관] 송파 청년아티스트센터 3기 입주보고전 [:CO-FLOW],서울특별시 송파구 백제고분로 242 문화예술회관 1층 예송미술관,2026-03-10,2026-03-27,전시/미술,송파구,https://culture.seoul.go.kr/culture/culture/cultureEvent/view.do?cultcode=157040&menuNo=200009,https://culture.seoul.go.kr/cmmn/file/getImage.do?atchFileId=87e42d6e6c80430182fb9e9bbd02e197&thumb=Y,서울시 문화행사,,,,2026-08-23 01:14:23
[강동문화재단] 문화예술아카데미 [통합수강권] 미술특강 시리즈,강동아트센터 스튜디오#3,2026-03-10,2026-03-17,교육/체험,강동구,https://culture.seoul.go.kr/culture/culture/cultureEvent/view.do?cultcode=156590&menuNo=200011,https://culture.seoul.go.kr/cmmn/file/getImage.do?atchFileId=9e95f8bb5112478cb16564a7848bcf25&thumb=Y,서울시 문화행사,,,,2026-08-23 01:14:23
[강북문화재단] 내한 첫 공연 2026 스타인웨이 위너콘서트 인 코리아 [이판 우 리사이틀],강북문화예술회관 강북소나무홀,2026-03-10,2026-03-10,클래식,강북구,https://culture.seoul.go.kr/culture/culture/cultureEvent/view.do?cultcode=156721&menuNo=200008,https://culture.seoul.go.kr/cmmn/file/getImage.do?atchFileId=813b9ad73d0e48d1bfed95dc373b6839&thumb=Y,서울시 문화행사,,0.001818,17,2026-08-23 01:14:23
제9회 더싱어즈 정기연주회,세종체임버홀,2026-03-10,2026-03-10,클래식,종로구,https://culture.seoul.go.kr/culture/culture/cultureEvent/view.do?cultcode=156725&menuNo=200008,https://culture.seoul.go.kr/cmmn/file/getImage.do?atchFileId=6c476a4e78ce4fdf8581526379291295&thumb=Y,서울시 문화행사,,0.012949,36,2026-08-23 01:14:23
[송파문화재단] 2026 송파 신춘음악회,롯데콘서트홀(송파구 올림픽로 300 롯데월드몰 8층),2026-03-10,2026-03-10,콘서트,송파구,https://culture.seoul.go.kr/culture/culture/cultureEvent/view.do?cultcode=156870&menuNo=200008,https://culture.seoul.go.kr/cmmn/file/getImage.do?atchFileId=a36b9b7e68fb41a495b898d8d5763746&thumb=Y,서울시 문화행사,,,,2026-08-23 01:14:23
"[강동문화재단] 문화예술아카데미 [특별강좌] 예술작품, 보는 즐거움에서 자산으로",강동아트센터 스튜디오#3,2026-03-10,2026-03-10,교육/체험,강동구,https://culture.seoul.go.kr/culture/culture/cultureEvent/view.do?cultcode=156589&menuNo=200011,https://culture.seoul.go.kr/cmmn/file/getImage.do?atchFileId=95a88dffe8504a32927652f239adcf7c&thumb=Y,서울시 문화행사,,,,2026-08-23 01:14:23
[서울도서관] 월간 북돋움 [부모의 마음을 북(Book)돋우는 독서교육 강연],"오프라인(서울도서관), 온라인(zoom) 병행",2026-03-09,2026-03-09,교육/체험,중구,https://culture.seoul.go.kr/culture/culture/cultureEvent/view.do?cultcode=156848&menuNo=200011,https://culture.seoul.go.kr/cmmn/file/getImage.do?atchFileId=2af031df6bad4be7a13bf15374a322e8&thumb=Y,서울시 문화행사,,,,2026-08-23 01:14:23
융(C. G. Jung)과 함께 읽는 회복의 12단계 대장정,온라인 ZOOM 또는 자기사랑 세미나실,2026-03-08,2027-01-31,교육/체험,종로구,https://culture.seoul.go.kr/culture/culture/cultureEvent/view.do?cultcode=156914&menuNo=200011,https://culture.seoul.go.kr/cmmn/file/getImage.do?atchFileId=3c8f9cad832647d6bd4111f8cfb41818&thumb=Y,서울시 문화행사,,,,2026-08-23 01:14:23
[세종문화회관] 세종시즌 [THE WASP],세종S씨어터,2026-03-08,2026-04-26,연극,종로구,https://culture.seoul.go.kr/culture/culture/cultureEvent/view.do?cultcode=156604&menuNo=200008,https://culture.seoul.go.kr/cmmn/file/getImage.do?atchFileId=1d51f982e5214c7c9e5de6db001b1c25&thumb=Y,서울시 문화행사,,0.002528,20,2026-08-23 01:14:23
[미아리고개예술극장] 미아리고개예술극장 상주단체 '극단 신세계' 공공프로그램 [나의 장례희망],미아리고개예술극장,2026-03-08,2026-04-06,교육/체험,성북구,https://culture.seoul.go.kr/culture/culture/cultureEvent/view.do?cultcode=156869&menuNo=200011,https://culture.seoul.go.kr/cmmn/file/getImage.do?atchFileId=bf3d238d766a476b86971cf861f73e7d&thumb=Y,서울시 문화행사,,0.006649,30,2026-08-23 01:14:23
피아니스트 김진석 베토벤 시리즈 9 - 김진석 피아노 독주회,예술의전당 음악당 리사이틀홀,2026-03-08,2026-03-08,클래식,서초구,https://culture.seoul.go.kr/culture/culture/cultureEvent/view.do?cultcode=156930&menuNo=200008,https://culture.seoul.go.kr/cmmn/file/getImage.do?atchFileId=41ee5d9e5d41437a8e66e04d3e0602c1&thumb=Y,서울시 문화행사,,0.002101,19,2026-08-23 01:14:23
[마포구립서강도서관] 3월/어린이메이킹 [행복맘껏time] (두 번째 일요일은 해봄공간 오픈데이),마포구립서강도서관 4층 어린이자료실 내 해봄,2026-03-08,2026-03-08,교육/체험,마포구,https://culture.seoul.go.kr/culture/culture/cultureEvent/view.do?cultcode=156801&menuNo=200011,https://culture.seoul.go.kr/cmmn/file/getImage.do?atchFileId=b56ae591dab144f3aff8f8e19b11328f&thumb=Y,서울시 문화행사,,,,2026-08-23 01:14:23
[평화문화진지] 2026년 평화문화진지 정기 예술교육 프로그램 [예술 피움],평화문화진지 (서울특별시 도봉구 마들로 932),2026-03-07,2026-12-05,교육/체험,도봉구,https://culture.seoul.go.kr/culture/culture/cultureEvent/view.do?cultcode=156807&menuNo=200011,https://culture.seoul.go.kr/cmmn/file/getImage.do?atchFileId=1225a58128ff48a0beb980324add7419&thumb=Y,서울시 문화행사,,,,2026-08-23 01:14:23
[서울역사박물관] 2026 상반기 우리 가족 박물관 여행(주말) [전차가 달리는 서울풍경],서울역사박물관,2026-03-07,2026-06-20,교육/체험,종로구,https://culture.seoul.go.kr/culture/culture/cultureEvent/view.do?cultcode=156939&menuNo=200011,https://culture.seoul.go.kr/cmmn/file/getImage.do?atchFileId=626058e2fb0e4f28b355d2d789ecde29&thumb=Y,서울시 문화행사,,0.699003,75,2026-08-23 01:14:23
[은평역사한옥박물관] 2026년 상반기 소목교실,은평역사한옥박물관 목공실,2026-03-07,2026-05-30,교육/체험,은평구,https://culture.seoul.go.kr/culture/culture/cultureEvent/view.do?cultcode=156683&menuNo=200011,https://culture.seoul.go.kr/cmmn/file/getImage.do?atchFileId=516903fa5ee34b3ab63d9595fa4fdf2e&thumb=Y,서울시 문화행사,,,,2026-08-23 01:14:23
[서울생활사박물관] 2026년 상반기 가족생활사공작소(초등학생 동반 가족),서울생활사박물관,2026-03-07,2026-05-09,교육/체험,노원구,https://culture.seoul.go.kr/culture/culture/cultureEvent/view.do?cultcode=156817&menuNo=200011,https://culture.seoul.go.kr/cmmn/file/getImage.do?atchFileId=374c01ccfc534c728e3f3017210967f7&thumb=Y,서울시 문화행사,,0.137026,59,2026-08-23 01:14:23
장민승 개인전 [북극성 北極星 Polaris],갤러리 508 (서울시 강남구 도산대로67길 14  1층),2026-03-07,2026-04-30,전시/미술,강남구,https://culture.seoul.go.kr/culture/culture/cultureEvent/view.do?cultcode=157229&menuNo=200009,https://culture.seoul.go.kr/cmmn/file/getImage.do?atchFileId=69a2be2b505549988f501c7fc85ca2da&thumb=Y,서울시 문화행사,,,,2026-08-23 01:14:23
"한-벨기에 수교 125주년 필립 그뤽 개인전 [YOURS TRULY, LE CAT]",보자르갤러리 (Beaux-Arts Gallery),2026-03-07,2026-03-27,전시/미술,강남구,https://culture.seoul.go.kr/culture/culture/cultureEvent/view.do?cultcode=156787&menuNo=200009,https://culture.seoul.go.kr/cmmn/file/getImage.do?atchFileId=34cd0183807748eeab67881fc7c77c60&thumb=Y,서울시 문화행사,,,,2026-08-23 01:14:23
[라율 영재&영아티스트] 장서연 바이올린 독주회,라율아트홀,2026-03-07,2026-03-07,클래식,서초구,https://culture.seoul.go.kr/culture/culture/cultureEvent/view.do?cultcode=156889&menuNo=200008,https://culture.seoul.go.kr/cmmn/file/getImage.do?atchFileId=12951a1f407d4f89bfd91401f6fec63d&thumb=Y,서울시 문화행사,,0.012015,36,2026-08-23 01:14:23
[노원문화재단] 2026 기획공연 국립현대무용단 [정글],노원문화예술회관 대공연장,2026-03-07,2026-03-07,무용,노원구,https://culture.seoul.go.kr/culture/culture/cultureEvent/view.do?cultcode=156734&menuNo=200008,https://culture.seoul.go.kr/cmmn/file/getImage.do?atchFileId=8b8b1b96b4b2448faf444ce02585e677&thumb=Y,서울시 문화행사,,0.001507,15,2026-08-23 01:14:23
가야금 산조·병창 김민정 프로젝트 [아라비안 산조],국립민속박물관 강당,2026-03-07,2026-03-07,국악,종로구,https://culture.seoul.go.kr/culture/culture/cultureEvent/view.do?cultcode=156860&menuNo=200008,https://culture.seoul.go.kr/cmmn/file/getImage.do?atchFileId=e2d35713cbc44826b02f7c156d67f7ef&thumb=Y,서울시 문화행사,,,,2026-08-23 01:14:23
2026년 서울아트밍글링 신진예술인 모집,DDP 디자인홀,2026-03-07,2026-03-07,교육/체험,중구,https://culture.seoul.go.kr/culture/culture/cultureEvent/view.do?cultcode=156793&menuNo=200011,https://culture.seoul.go.kr/cmmn/file/getImage.do?atchFileId=587b60144c0e4c5a9dcc43ab0e03dbc7&thumb=Y,서울시 문화행사,,0.000623,7,2026-08-23 01:14:23
[서울시립과학관] 2026 저자 초청 강연 [완벽한 때는 오지 않는다: 어느 독성학자의 실험실 바깥 이야기] 최진희 교수,서울시립과학관 1층 사이언스홀,2026-03-07,2026-03-07,교육/체험,노원구,https://culture.seoul.go.kr/culture/culture/cultureEvent/view.do?cultcode=156819&menuNo=200011,https://culture.seoul.go.kr/cmmn/file/getImage.do?atchFileId=9b25cf9582694140bd639d2fc5e3fcb2&thumb=Y,서울시 문화행사,,,,2026-08-23 01:14:23
[서울아트책보고] 리사이클링 팝업북 만들기 2차 : 방책_이야기를 들어봐,서울아트책보고 워크숍룸,2026-03-07,2026-03-07,교육/체험,구로구,https://culture.seoul.go.kr/culture/culture/cultureEvent/view.do?cultcode=156798&menuNo=200011,https://culture.seoul.go.kr/cmmn/file/getImage.do?atchFileId=6866415023ae47309d887437abdbbcd1&thumb=Y,서울시 문화행사,,,,2026-08-23 01:14:23
"[서울시립 미술아카이브] 진로 탐색 [아하, 아카이브!]",서울시립 미술아카이브 배움동 2층 모두의 교실,2026-03-06,2026-12-04,교육/체험,종로구,https://culture.seoul.go.kr/culture/culture/cultureEvent/view.do?cultcode=156983&menuNo=200011,https://culture.seoul.go.kr/cmmn/file/getImage.do?atchFileId=b96ec7a38f1f4c24b82bbe02af8d6b34&thumb=Y,서울시 문화행사,,,,2026-08-23 01:14:23
박신양의 전시쑈 [제 4의 벽],"세종미술관 1관,세종미술관 2관",2026-03-06,2026-05-10,전시/미술,종로구,https://culture.seoul.go.kr/culture/culture/cultureEvent/view.do?cultcode=156952&menuNo=200009,https://culture.seoul.go.kr/cmmn/file/getImage.do?atchFileId=36a069227f774dc7a9dac3f0bab880c2&thumb=Y,서울시 문화행사,,,,2026-08-23 01:14:23
[서울역사편찬원] 2026년 상반기 서울역사강좌 [오직 잊지 않기 위해 남긴다],서울역사편찬원 강의실,2026-03-06,2026-05-08,교육/체험,송파구,https://culture.seoul.go.kr/culture/culture/cultureEvent/view.do?cultcode=156667&menuNo=200011,https://culture.seoul.go.kr/cmmn/file/getImage.do?atchFileId=dd66119214564d5ea4320abb5bd1ddff&thumb=Y,서울시 문화행사,,,,2026-08-23 01:14:23
[공근혜갤러리] 기후 위기 특별 기획전 [사라지는 풍경들: 우리가 마주한 지구의 시간],공근혜갤러리,2026-03-06,2026-03-29,전시/미술,종로구,https://culture.seoul.go.kr/culture/culture/cultureEvent/view.do?cultcode=156580&menuNo=200009,https://culture.seoul.go.kr/cmmn/file/getImage.do?atchFileId=8cd275a04afe426d8b7ccf2c1a4e4ed7&thumb=Y,서울시 문화행사,,0.001444,15,2026-08-23 01:14:23
[서울백제어린이박물관]  양육자 대상 [뮤지엄 휴휴프로그램9] 도장 만들기,서울백제어린이박물관 교육실,2026-03-06,2026-03-27,교육/체험,송파구,https://culture.seoul.go.kr/culture/culture/cultureEvent/view.do?cultcode=156749&menuNo=200011,https://culture.seoul.go.kr/cmmn/file/getImage.do?atchFileId=4fae9ee550fb40b1ae0509e828302cc8&thumb=Y,서울시 문화행사,,,,2026-08-23 01:14:23
바이올리니스트 성경주의 [베토벤 바이올린 소나타 전곡 연주 Ⅱ],금호아트홀연세,2026-03-06,2026-03-06,클래식,서대문구,https://culture.seoul.go.kr/culture/culture/cultureEvent/view.do?cultcode=156766&menuNo=200008,https://culture.seoul.go.kr/cmmn/file/getImage.do?atchFileId=e334b889923c4171bf002b5d0894149c&thumb=Y,서울시 문화행사,,0.043791,48,2026-08-23 01:14:23
[한성백제박물관] 2026년 백제학회 공동주최 학술회의 개최 안내 [백제학 연구의 성과와 과제],한성백제박물관 대강당,2026-03-06,2026-03-06,기타,송파구,https://culture.seoul.go.kr/culture/culture/cultureEvent/view.do?cultcode=156924&menuNo=200013,https://culture.seoul.go.kr/cmmn/file/getImage.do?atchFileId=e7fd6d3589134cefa80bd0935471e0e9&thumb=Y,서울시 문화행사,,,,2026-08-23 01:14:23
[서울외국인주민센터] 세계문화탐방 [일상 속 세계정거장] 인도편,서울외국인주민센터,2026-03-06,2026-03-06,교육/체험,영등포구,https://culture.seoul.go.kr/culture/culture/cultureEvent/view.do?cultcode=156780&menuNo=200011,https://culture.seoul.go.kr/cmmn/file/getImage.do?atchFileId=b0baeeef1853445b81b3a3568b225748&thumb=Y,서울시 문화행사,,,,2026-08-23 01:14:23
[동작문화재단] 2026 까망돌어울마당 아트홀 국립극장 협력사업 [공연실황 스크린 : ON AIR] 6회차 [리어] 1부,까망돌어울마당 아트홀(동작구 서달로 129 지하 1층),2026-03-06,2026-03-06,영화,동작구,https://culture.seoul.go.kr/culture/culture/cultureEvent/view.do?cultcode=156867&menuNo=200013,https://culture.seoul.go.kr/cmmn/file/getImage.do?atchFileId=d8c33b32a93f49a0a5cdcdc092a99c9c&thumb=Y,서울시 문화행사,,,,2026-08-23 01:14:23
[서초문화재단] 서리풀청년예술단 [서초M.스타즈] 5기 예술가곡 시리즈 [봄이오면],반포심산아트홀,2026-03-06,2026-03-06,클래식,서초구,https://culture.seoul.go.kr/culture/culture/cultureEvent/view.do?cultcode=156808&menuNo=200008,https://culture.seoul.go.kr/cmmn/file/getImage.do?atchFileId=093b80720cb1446a802d209ec0af89fd&thumb=Y,서울시 문화행사,,0.023396,42,2026-08-23 01:14:23
[마포구립서강도서관] 3월/어린이메이킹 [해봄아 노올자! 해봄맘껏Time],매주 목·금·토요일 15:00~17:00,2026-03-05,2026-03-28,교육/체험,마포구,https://culture.seoul.go.kr/culture/culture/cultureEvent/view.do?cultcode=156795&menuNo=200011,https://culture.seoul.go.kr/cmmn/file/getImage.do?atchFileId=25db3087f2604d78a2e8c3a1c079115c&thumb=Y,서울시 문화행사,,,,2026-08-23 01:14:23
[마포구립서강도서관] 3월/읽는 인간 호모부커스Ⅰ [마구마구 야구 읽기],3층 세미나실,2026-03-05,2026-03-26,교육/체험,마포구,https://culture.seoul.go.kr/culture/culture/cultureEvent/view.do?cultcode=156672&menuNo=200011,https://culture.seoul.go.kr/cmmn/file/getImage.do?atchFileId=4fd3bfeb14e143df9985315156ab5170&thumb=Y,서울시 문화행사,,,,2026-08-23 01:14:23
아라타 미노 개인전 [조용한 생활과 사소한 점유],인가희갤러리,2026-03-05,2026-03-25,전시/미술,용산구,https://culture.seoul.go.kr/culture/culture/cultureEvent/view.do?cultcode=156994&menuNo=200009,https://culture.seoul.go.kr/cmmn/file/getImage.do?atchFileId=7d485be49e34421e9747bfd24d9d8442&thumb=Y,서울시 문화행사,,0.000311,0,2026-08-23 01:14:23
[중랑문화재단] 중랑아트센터 예술교육 결과공유전시 [선 넘는 예술],중랑아트센터 제1전시실(서울시 중랑구 망우로 353 이노시티 C동 B2F),2026-03-05,2026-03-14,전시/미술,중랑구,https://culture.seoul.go.kr/culture/culture/cultureEvent/view.do?cultcode=156895&menuNo=200009,https://culture.seoul.go.kr/cmmn/file/getImage.do?atchFileId=c3f2754fead642d2b725764a4137781d&thumb=Y,서울시 문화행사,,,,2026-08-23 01:14:23
소프라노 윤아르나 독창회 - 파리 여행을 위한 플레이리스트 vol. 2,세종문화회관 세종체임버홀,2026-03-05,2026-03-05,클래식,종로구,https://culture.seoul.go.kr/culture/culture/cultureEvent/view.do?cultcode=156696&menuNo=200008,https://culture.seoul.go.kr/cmmn/file/getImage.do?atchFileId=5fde0af0d36448acaaacff5e4a5d0ba3&thumb=Y,서울시 문화행사,,,,2026-08-23 01:14:23
[재즈클럽 그루브] 내한공연 Wim Hoste : From Dubai to Seoul(with 그루버김밴드),재즈클럽 그루브(Jazz Club Groove),2026-03-05,2026-03-05,콘서트,서초구,https://culture.seoul.go.kr/culture/culture/cultureEvent/view.do?cultcode=156661&menuNo=200008,https://culture.seoul.go.kr/cmmn/file/getImage.do?atchFileId=8ffeb5f9eb964fef82c396603e8ef4cb&thumb=Y,서울시 문화행사,,,,2026-08-23 01:14:23
[강남문화재단] 181회 강남마티네콘서트 피아니스트 김정원과 함께하는 [아침의 음악정원 Ⅱ],광림아트센터 장천홀,2026-03-05,2026-03-05,클래식,강남구,https://culture.seoul.go.kr/culture/culture/cultureEvent/view.do?cultcode=156855&menuNo=200008,https://culture.seoul.go.kr/cmmn/file/getImage.do?atchFileId=304038cd7c284930aa67b852f555e226&thumb=Y,서울시 문화행사,,0.004034,25,2026-08-23 01:14:23
"[국가유산청 궁능유적본부] 창덕궁 정전, 인정전에 들다(내부관람)",창덕궁 인정전,2026-03-04,2026-03-29,전시/미술,종로구,https://culture.seoul.go.kr/culture/culture/cultureEvent/view.do?cultcode=156999&menuNo=200009,https://culture.seoul.go.kr/cmmn/file/getImage.do?atchFileId=1a4c507b14104d65b899df84cdf780d0&thumb=Y,서울시 문화행사,,,,2026-08-23 01:14:23
[세종뮤지엄갤러리] 김동석 기획초대전, 세종뮤지엄갤러리 1관(광진구 능동로 209 세종대학교 대양 AI B1),2026-03-04,2026-03-15,전시/미술,광진구,https://culture.seoul.go.kr/culture/culture/cultureEvent/view.do?cultcode=156956&menuNo=200009,https://culture.seoul.go.kr/cmmn/file/getImage.do?atchFileId=a22ba54992ff4faea7a43a5544e8cfcc&thumb=Y,서울시 문화행사,,,,2026-08-23 01:14:23
뮤지엄 콘서트 Dance & Waltz  - 세계의 춤,국립중앙박물관 극장 ,2026-03-04,2026-03-04,클래식,용산구,https://culture.seoul.go.kr/culture/culture/cultureEvent/view.do?cultcode=156777&menuNo=200008,https://culture.seoul.go.kr/cmmn/file/getImage.do?atchFileId=f007bf74514f46d884cad3784d71a489&thumb=Y,서울시 문화행사,,,,2026-08-23 01:14:23
2026 국립현대미술관 미술은행 소장품전 [현대미술 거장과 동시대 작가들의 조우],"관악아트홀 전시실, 관천로 문화플랫폼 S1472",2026-03-03,2026-04-26,전시/미술,관악구,https://culture.seoul.go.kr/culture/culture/cultureEvent/view.do?cultcode=156778&menuNo=200009,https://culture.seoul.go.kr/cmmn/file/getImage.do?atchFileId=0a0ec1eb0d92445b9d1319998e545dbe&thumb=Y,서울시 문화행사,,,,2026-08-23 01:14:23
[성동문화재단] 재단X주한슬로바키아대사관 협력 전시 [21세기의 PARTY],성동문화재단 소월전시실,2026-03-03,2026-03-14,전시/미술,성동구,https://culture.seoul.go.kr/culture/culture/cultureEvent/view.do?cultcode=156803&menuNo=200009,https://culture.seoul.go.kr/cmmn/file/getImage.do?atchFileId=3ca8597dc928451a867143cabffdc153&thumb=Y,서울시 문화행사,,,,2026-08-23 01:14:23
첼리스트 홍진호 [첼로 스케이프],세종M씨어터,2026-03-03,2026-03-03,클래식,종로구,https://culture.seoul.go.kr/culture/culture/cultureEvent/view.do?cultcode=156693&menuNo=200008,https://culture.seoul.go.kr/cmmn/file/getImage.do?atchFileId=7a35e8f507ee4d3ca4ec872dadded591&thumb=Y,서울시 문화행사,,0.003785,24,2026-08-23 01:14:23
[서초문화재단] 2026 심산 영화관 [미션],심산기념문화센터 반포심산아트홀,2026-03-03,2026-03-03,영화,서초구,https://culture.seoul.go.kr/culture/culture/cultureEvent/view.do?cultcode=156854&menuNo=200013,https://culture.seoul.go.kr/cmmn/file/getImage.do?atchFileId=c45ed0ac34dc400a8d48e15edb451296&thumb=Y,서울시 문화행사,,,,2026-08-23 01:14:23
[도봉문화원] 제4회 정월대보름 민속놀이 한마당 [말(言)하는 대로],"편지문학관, 도봉갤러리 및 도봉문화원 일원 / *노해랑길",2026-03-03,2026-03-03,축제-전통/역사,도봉구,https://culture.seoul.go.kr/culture/culture/cultureEvent/view.do?cultcode=156839&menuNo=200010,https://culture.seoul.go.kr/cmmn/file/getImage.do?atchFileId=27a65bf8690c47f083ccf9154040b755&thumb=Y,서울시 문화행사,,,,2026-08-23 01:14:23
[성북여성문화센터] 2026 봄학기 수강생 모집,성북여성문화센터,2026-03-02,2026-05-31,교육/체험,성북구,https://culture.seoul.go.kr/culture/culture/cultureEvent/view.do?cultcode=156648&menuNo=200011,https://culture.seoul.go.kr/cmmn/file/getImage.do?atchFileId=6a23de2d418a4e9b9ac0507095b37763&thumb=Y,서울시 문화행사,,,,2026-08-23 01:14:23
[서울역사박물관] 2026년 상반기 [우리 가족 경희궁 탐험대],서울역사박물관,2026-03-02,2026-05-16,교육/체험,종로구,https://culture.seoul.go.kr/culture/culture/cultureEvent/view.do?cultcode=156938&menuNo=200011,https://culture.seoul.go.kr/cmmn/file/getImage.do?atchFileId=3a6e3d40661a48dcb583aa14c43f6231&thumb=Y,서울시 문화행사,,0.699003,75,2026-08-23 01:14:23
[라율 영재&영아티스트] 김지우 첼로 독주회,라율아트홀,2026-03-02,2026-03-02,클래식,서초구,https://culture.seoul.go.kr/culture/culture/cultureEvent/view.do?cultcode=156888&menuNo=200008,https://culture.seoul.go.kr/cmmn/file/getImage.do?atchFileId=c266723fe7ac4a199fdead1f1fabccc9&thumb=Y,서울시 문화행사,,0.012015,36,2026-08-23 01:14:23
[남산골한옥마을] 세시 [2026 남산골 정월대보름],남산골한옥마을,2026-03-02,2026-03-02,축제-전통/역사,중구,https://culture.seoul.go.kr/culture/culture/cultureEvent/view.do?cultcode=156792&menuNo=200010,https://culture.seoul.go.kr/cmmn/file/getImage.do?atchFileId=684f93064c674604b330d54f99079f2b&thumb=Y,서울시 문화행사,,0.078829,54,2026-08-23 01:14:23
강금화 피아노 독주회,세종문화회관 세종체임버홀,2026-03-02,2026-03-02,독주/독창회,종로구,https://culture.seoul.go.kr/culture/culture/cultureEvent/view.do?cultcode=156658&menuNo=200008,https://culture.seoul.go.kr/cmmn/file/getImage.do?atchFileId=3f83a8108a7f42c9acfd06415d6e85ef&thumb=Y,서울시 문화행사,,,,2026-08-23 01:14:23
[국가유산청 궁능유적본부] 수문장 순라의식,"(토요일)경복궁 내부 (일요일, 공휴일)인사동 문화의 거리",2026-03-01,2026-11-29,기타,종로구,https://culture.seoul.go.kr/culture/culture/cultureEvent/view.do?cultcode=156996&menuNo=200013,https://culture.seoul.go.kr/cmmn/file/getImage.do?atchFileId=923de3d9169e463b9c8098a8e132be38&thumb=Y,서울시 문화행사,,,,2026-08-23 01:14:23
"[서울기록원] 2026년 문화소외층, 시니어 대상 [기록으로 기억을 잇다!]",단체별 상이,2026-03-01,2026-08-31,교육/체험,은평구,https://culture.seoul.go.kr/culture/culture/cultureEvent/view.do?cultcode=156806&menuNo=200011,https://culture.seoul.go.kr/cmmn/file/getImage.do?atchFileId=84b3efd0ecbb410bb82c6cef42dc184d&thumb=Y,서울시 문화행사,,,,2026-08-23 01:14:23
[마포구립서강도서관] 3월 문화프로그램 안내,마포구립서강도서관,2026-03-01,2026-03-31,교육/체험,마포구,https://culture.seoul.go.kr/culture/culture/cultureEvent/view.do?cultcode=156788&menuNo=200011,https://culture.seoul.go.kr/cmmn/file/getImage.do?atchFileId=ce90b9463ecb406ca8e0d246e3c3ccca&thumb=Y,서울시 문화행사,,0.013559,37,2026-08-23 01:14:23
[송파 청년아티스트센터]  3월 생활문화 프로그램,송파 청년아티스트센터 1층,2026-03-01,2026-03-31,교육/체험,송파구,https://culture.seoul.go.kr/culture/culture/cultureEvent/view.do?cultcode=156820&menuNo=200011,https://culture.seoul.go.kr/cmmn/file/getImage.do?atchFileId=0f49ff5c063740df808210808ca17323&thumb=Y,서울시 문화행사,,,,2026-08-23 01:14:23
[마포구립서강도서관] 3월/팟캐스트 서강도서관 피셜 65회 [시(詩)작하는 마음],온라인 팟빵,2026-03-01,2026-03-31,기타,마포구,https://culture.seoul.go.kr/culture/culture/cultureEvent/view.do?cultcode=156917&menuNo=200013,https://culture.seoul.go.kr/cmmn/file/getImage.do?atchFileId=d7df49b9aac3470fa9efcb423ba2ee37&thumb=Y,서울시 문화행사,,,,2026-08-23 01:14:23
서울역사박물관 [버틴스키: 추출/추상] 전시 연계 영화 2차 상영회 [인류세: 인간의 시대],서울역사박물관 야주개홀,2026-03-01,2026-03-01,영화,종로구,https://culture.seoul.go.kr/culture/culture/cultureEvent/view.do?cultcode=156595&menuNo=200013,https://culture.seoul.go.kr/cmmn/file/getImage.do?atchFileId=6b64786c43714d198a90fe0b01fc35a4&thumb=Y,서울시 문화행사,,0.000654,7,2026-08-23 01:14:23
제107주년 3.1절 기념 타종행사,종로구 보신각 일대,2026-03-01,2026-03-01,축제-전통/역사,종로구,https://culture.seoul.go.kr/culture/culture/cultureEvent/view.do?cultcode=156805&menuNo=200010,https://culture.seoul.go.kr/cmmn/file/getImage.do?atchFileId=a31c1fe36f744e33bf7e0c6646f1f519&thumb=Y,서울시 문화행사,,,,2026-08-23 01:14:23
BtheB 뷰티기획전 [Beauty For All],DDP 지하2층 DDP마켓 비더비,2026-02-28,2026-06-07,전시/미술,동대문구,https://culture.seoul.go.kr/culture/culture/cultureEvent/view.do?cultcode=156852&menuNo=200009,https://culture.seoul.go.kr/cmmn/file/getImage.do?atchFileId=5209bf1d22f345568a88cce60bbc8688&thumb=Y,서울시 문화행사,,,,2026-08-23 01:14:23
[중구문화재단] 뮤지컬 [홍련],충무아트센터 중극장 블랙,2026-02-28,2026-05-17,뮤지컬/오페라,중구,https://culture.seoul.go.kr/culture/culture/cultureEvent/view.do?cultcode=156539&menuNo=200008,https://culture.seoul.go.kr/cmmn/file/getImage.do?atchFileId=e86257233f3b4d50bf436983435399eb&thumb=Y,서울시 문화행사,,0.011928,36,2026-08-23 01:14:23
홍준호 개인전 [이름없는 흔적들],갤러리 무모,2026-02-28,2026-03-29,전시/미술,송파구,https://culture.seoul.go.kr/culture/culture/cultureEvent/view.do?cultcode=156816&menuNo=200009,https://culture.seoul.go.kr/cmmn/file/getImage.do?atchFileId=9982218794f34b2eb75ded92cbb4d4cf&thumb=Y,서울시 문화행사,,,,2026-08-23 01:14:23
[김륜아 개인전] 번개의 궤적 (The Path of Lightning),미오갤러리,2026-02-28,2026-03-28,전시/미술,종로구,https://culture.seoul.go.kr/culture/culture/cultureEvent/view.do?cultcode=156944&menuNo=200009,https://culture.seoul.go.kr/cmmn/file/getImage.do?atchFileId=60628c9d97084b97a051c0d8665c559b&thumb=Y,서울시 문화행사,,,,2026-08-23 01:14:23
서지원 개인전 [궤적: 기억의 집합],예술공간 의식주,2026-02-28,2026-03-15,전시/미술,서대문구,https://culture.seoul.go.kr/culture/culture/cultureEvent/view.do?cultcode=156929&menuNo=200009,https://culture.seoul.go.kr/cmmn/file/getImage.do?atchFileId=379d0b32550146fa9b3e0bd6452be068&thumb=Y,서울시 문화행사,,0.000311,0,2026-08-23 01:14:23
김희소 개인전 [Trace Mapping],크리스프 웨지,2026-02-28,2026-03-12,전시/미술,마포구,https://culture.seoul.go.kr/culture/culture/cultureEvent/view.do?cultcode=156811&menuNo=200009,https://culture.seoul.go.kr/cmmn/file/getImage.do?atchFileId=0efbbea74f3d4c7ab9d727f224a43be4&thumb=Y,서울시 문화행사,,,,2026-08-23 01:14:23
서울AI페스티벌 2026,DDP 아트홀 1관,2026-02-28,2026-03-01,축제-기타,중구,https://culture.seoul.go.kr/culture/culture/cultureEvent/view.do?cultcode=156893&menuNo=200010,https://culture.seoul.go.kr/cmmn/file/getImage.do?atchFileId=d4256b322b044892a103a174d4a2a047&thumb=Y,서울시 문화행사,,0.002303,20,2026-08-23 01:14:23
[서울시립교향악단] 2026 서울시향 체임버 클래식스 I: 미국,세종문화회관 체임버홀,2026-02-28,2026-02-28,클래식,종로구,https://culture.seoul.go.kr/culture/culture/cultureEvent/view.do?cultcode=156451&menuNo=200008,https://culture.seoul.go.kr/cmmn/file/getImage.do?atchFileId=5ba42ca9a0db4692a8ea0a886a7b5753&thumb=Y,서울시 문화행사,,0.010036,34,2026-08-23 01:14:23
[영등포아트스퀘어] 2월 문화가 있는 날 공연 [장면 위에 흐르는 재즈],영등포아트스퀘어 스퀘어T,2026-02-28,2026-02-28,콘서트,영등포구,https://culture.seoul.go.kr/culture/culture/cultureEvent/view.do?cultcode=156783&menuNo=200008,https://culture.seoul.go.kr/cmmn/file/getImage.do?atchFileId=873babb4235e46df81992173888b467e&thumb=Y,서울시 문화행사,,,,2026-08-23 01:14:23
[구로구] 이금희 북토크 [책이 건네는 따뜻한 위로],구로문화누리도서관 4층 큰누리홀,2026-02-28,2026-02-28,교육/체험,구로구,https://culture.seoul.go.kr/culture/culture/cultureEvent/view.do?cultcode=156613&menuNo=200011,https://culture.seoul.go.kr/cmmn/file/getImage.do?atchFileId=4b7d61fb18794209b78a1421bb94b880&thumb=Y,서울시 문화행사,,,,2026-08-23 01:14:23
[서울아트책보고] 리사이클링 팝업북 만들기 1차: 무대책_나를 소개합니다,서울아트책보고 워크숍룸,2026-02-28,2026-02-28,교육/체험,구로구,https://culture.seoul.go.kr/culture/culture/cultureEvent/view.do?cultcode=156724&menuNo=200011,https://culture.seoul.go.kr/cmmn/file/getImage.do?atchFileId=f68a0f69bd4443b4ab391960d67cb331&thumb=Y,서울시 문화행사,,,,2026-08-23 01:14:23
"문예북흥 No.56 - 황인찬의 첫 산문집 『읽는 슬픔, 말하는 사랑』으로 삶을 다채롭게 하다. 시를 통해 슬픔도 사랑도 아름다움이 되다.",이호철북콘서트홀,2026-02-28,2026-02-28,교육/체험,은평구,https://culture.seoul.go.kr/culture/culture/cultureEvent/view.do?cultcode=156779&menuNo=200011,https://culture.seoul.go.kr/cmmn/file/getImage.do?atchFileId=618027675539428ebe07a0c8641168c0&thumb=Y,서울시 문화행사,,0.013049,36,2026-08-23 01:14:23
[동작문화재단] 2026 본동어울마당 아트홀 상반기 정기 기획공연 본동 세레나데 2회차 [수피아엔터테인먼트의 환상적인 마술쇼],본동어울마당 아트홀,2026-02-28,2026-02-28,기타,동작구,https://culture.seoul.go.kr/culture/culture/cultureEvent/view.do?cultcode=156864&menuNo=200013,https://culture.seoul.go.kr/cmmn/file/getImage.do?atchFileId=bc224e9550c0479b8588c4a0889fb48b&thumb=Y,서울시 문화행사,,0.000311,0,2026-08-23 01:14:23
[서울남산국악당] 국무 이용녀 만신 새해대운맞이 [진접굿],서울남산국악당 크라운해태홀,2026-02-28,2026-02-28,국악,중구,https://culture.seoul.go.kr/culture/culture/cultureEvent/view.do?cultcode=156548&menuNo=200008,https://culture.seoul.go.kr/cmmn/file/getImage.do?atchFileId=92d360e6a81b412eaa9e06ad3562101e&thumb=Y,서울시 문화행사,,0.000498,5,2026-08-23 01:14:23
[노원문화재단] 기획공연 [노원구민과 함께하는 2026 신년음악회],노원문화예술회관 대공연장,2026-02-28,2026-02-28,클래식,노원구,https://culture.seoul.go.kr/culture/culture/cultureEvent/view.do?cultcode=156862&menuNo=200008,https://culture.seoul.go.kr/cmmn/file/getImage.do?atchFileId=9d6396feb62541a491bcee21fd9f21ca&thumb=Y,서울시 문화행사,,0.001507,15,2026-08-23 01:14:23
"[동작문화재단] 2026 동작 신춘음악회 [Hello, Spring Concert]",Converse Stage Arena 여명 (동작역 5번 출구),2026-02-28,2026-02-28,콘서트,동작구,https://culture.seoul.go.kr/culture/culture/cultureEvent/view.do?cultcode=156865&menuNo=200008,https://culture.seoul.go.kr/cmmn/file/getImage.do?atchFileId=6995f7ec5cbf47aaa6ef95b051a91b8b&thumb=Y,서울시 문화행사,,,,2026-08-23 01:14:23
[한솥 아트스페이스] 신예린 [도시의 리듬 : City Rhythms],한솥아트스페이스(서울시 강남구 압구정로 459 B1F),2026-02-27,2026-04-04,전시/미술,강남구,https://culture.seoul.go.kr/culture/culture/cultureEvent/view.do?cultcode=156832&menuNo=200009,https://culture.seoul.go.kr/cmmn/file/getImage.do?atchFileId=2ee7f5d344cf4743ace1ef34e24962a0&thumb=Y,서울시 문화행사,,,,2026-08-23 01:14:23
연극 [나리],서울특별시 종로구 대학로 120 (동숭동) 지하 1층,2026-02-27,2026-03-08,연극,종로구,https://culture.seoul.go.kr/culture/culture/cultureEvent/view.do?cultcode=156607&menuNo=200008,https://culture.seoul.go.kr/cmmn/file/getImage.do?atchFileId=cbeaa63ded85476aa43b06d58f4fe9d5&thumb=Y,서울시 문화행사,,,,2026-08-23 01:14:23
연극 [당신이 잃어버린 것],명동 삼일로 창고극장,2026-02-27,2026-03-01,연극,중구,https://culture.seoul.go.kr/culture/culture/cultureEvent/view.do?cultcode=156823&menuNo=200008,https://culture.seoul.go.kr/cmmn/file/getImage.do?atchFileId=547fb9a7a62a45358756c0c658ccffc0&thumb=Y,서울시 문화행사,,,,2026-08-23 01:14:23
[서울외국인주민센터] 세계문화탐방 [일상 속 세계정거장],지하철 3호선 안국역 인근(※추후 개별 안내),2026-02-27,2026-02-27,교육/체험,종로구,https://culture.seoul.go.kr/culture/culture/cultureEvent/view.do?cultcode=156717&menuNo=200011,https://culture.seoul.go.kr/cmmn/file/getImage.do?atchFileId=74dc6eb01e534a14a08fd668465a341f&thumb=Y,서울시 문화행사,,,,2026-08-23 01:14:23
[노원문화재단] 2026 노원어린이극장 공동기획 시즌 [삼양동화],노원어린이극장,2026-02-26,2026-03-15,연극,종로구,https://culture.seoul.go.kr/culture/culture/cultureEvent/view.do?cultcode=156616&menuNo=200008,https://culture.seoul.go.kr/cmmn/file/getImage.do?atchFileId=f42c44ad867a4b09a6a6f4054707293a&thumb=Y,서울시 문화행사,,0.010907,35,2026-08-23 01:14:23
엘라이자 프렌즐리 개인전 [두 번 말하는 새 (The Bird that Speaks Twice)],스페이스 로라,2026-02-26,2026-03-04,전시/미술,성동구,https://culture.seoul.go.kr/culture/culture/cultureEvent/view.do?cultcode=156868&menuNo=200009,https://culture.seoul.go.kr/cmmn/file/getImage.do?atchFileId=93f8bb1a553e418db3a1506f0239ea36&thumb=Y,서울시 문화행사,,,,2026-08-23 01:14:23
[구로문화재단] 구로창의아트홀 소극장 문화예술공간 지원 사업 [오페라 라보엠],구로창의아트홀,2026-02-26,2026-02-27,뮤지컬/오페라,구로구,https://culture.seoul.go.kr/culture/culture/cultureEvent/view.do?cultcode=156842&menuNo=200008,https://culture.seoul.go.kr/cmmn/file/getImage.do?atchFileId=d71a6a06528b4340947c2beed4775b4e&thumb=Y,서울시 문화행사,,0.016697,39,2026-08-23 01:14:23
플루티스트 최용재 & 로익슈나이더 듀오콘서트,거암아트홀,2026-02-26,2026-02-26,클래식,강남구,https://culture.seoul.go.kr/culture/culture/cultureEvent/view.do?cultcode=156682&menuNo=200008,https://culture.seoul.go.kr/cmmn/file/getImage.do?atchFileId=88db714f531b489fa79e3bb761938545&thumb=Y,서울시 문화행사,,,,2026-08-23 01:14:23
[서초문화재단] 모차르트 피아노 협주곡 전곡 시리즈,반포심산아트홀,2026-02-26,2026-02-26,클래식,서초구,https://culture.seoul.go.kr/culture/culture/cultureEvent/view.do?cultcode=156794&menuNo=200008,https://culture.seoul.go.kr/cmmn/file/getImage.do?atchFileId=4c352784b3414386bbb703921f760ba2&thumb=Y,서울시 문화행사,,0.023396,42,2026-08-23 01:14:23
[서울시립미술관 서소문본관] 《근접한 세계》 전시연계 프로그램 : 하산 샤리프: UAE 현대미술의 선구자,세마 SeMA Hall (서울시립미술관 서소문본관 지하 1층),2026-02-26,2026-02-26,교육/체험,중구,https://culture.seoul.go.kr/culture/culture/cultureEvent/view.do?cultcode=156822&menuNo=200011,https://culture.seoul.go.kr/cmmn/file/getImage.do?atchFileId=007398b77d954c5f9de594f02c7107e6&thumb=Y,서울시 문화행사,,,,2026-08-23 01:14:23
[서울책보고] 큐레이션 토크 with 새벽고양이 [숨겨진 세계 근대문학을 꺼내다],서울책보고 라운지,2026-02-26,2026-02-26,교육/체험,송파구,https://culture.seoul.go.kr/culture/culture/cultureEvent/view.do?cultcode=156657&menuNo=200011,https://culture.seoul.go.kr/cmmn/file/getImage.do?atchFileId=5d5278c6a4e949b9ba4a37d118116206&thumb=Y,서울시 문화행사,,,,2026-08-23 01:14:23
[삼청각] 수요 상설 공연 [삼청일화예술단],삼청각 일화당,2026-02-25,2026-12-30,국악,성북구,https://culture.seoul.go.kr/culture/culture/cultureEvent/view.do?cultcode=156402&menuNo=200008,https://culture.seoul.go.kr/cmmn/file/getImage.do?atchFileId=8c585b9706324e5485f9c905b5f24bdc&thumb=Y,서울시 문화행사,,,,2026-08-23 01:14:23
[서울아트책보고] 처음 만나는 가죽 공예,서울아트책보고 워크숍룸,2026-02-25,2026-03-18,교육/체험,구로구,https://culture.seoul.go.kr/culture/culture/cultureEvent/view.do?cultcode=156723&menuNo=200011,https://culture.seoul.go.kr/cmmn/file/getImage.do?atchFileId=b8bf826f957f4cdb82e88b9b14b96709&thumb=Y,서울시 문화행사,,,,2026-08-23 01:14:23
"그리고 그리기 (Drawing, drawing)","써드베란다 (종로구 인사동길 9, 3층)",2026-02-25,2026-03-08,전시/미술,종로구,https://culture.seoul.go.kr/culture/culture/cultureEvent/view.do?cultcode=156911&menuNo=200009,https://culture.seoul.go.kr/cmmn/file/getImage.do?atchFileId=94d07219c98b453b89e3023fedb2e59f&thumb=Y,서울시 문화행사,,,,2026-08-23 01:14:23
"[특별 세미나] 스마트폰에 빠진 자녀, 어떻게 도와야 할까?",자기사랑 세미나실 2층 또는 온라인 zoom 참여,2026-02-25,2026-02-25,교육/체험,종로구,https://culture.seoul.go.kr/culture/culture/cultureEvent/view.do?cultcode=156671&menuNo=200011,https://culture.seoul.go.kr/cmmn/file/getImage.do?atchFileId=9d5e5a8dbe004bcc828e0ee174150030&thumb=Y,서울시 문화행사,,,,2026-08-23 01:14:23
[서울시립교향악단] 2026 서울시향 작은 음악회,서울시민대학 다시가는 캠퍼스 B1층 대강당,2026-02-25,2026-02-25,클래식,관악구,https://culture.seoul.go.kr/culture/culture/cultureEvent/view.do?cultcode=156751&menuNo=200008,https://culture.seoul.go.kr/cmmn/file/getImage.do?atchFileId=30cf0ed33e174aaba1936ad2548a9c05&thumb=Y,서울시 문화행사,,,,2026-08-23 01:14:23
[서울생활문화센터 낙원] 2026 낙원 락락청음회 vol.1 - 씨네뮤직,서울생활문화센터 낙원 N스페이스,2026-02-25,2026-02-25,교육/체험,종로구,https://culture.seoul.go.kr/culture/culture/cultureEvent/view.do?cultcode=156752&menuNo=200011,https://culture.seoul.go.kr/cmmn/file/getImage.do?atchFileId=1db335ef8b124fe6975f4274a1c8544c&thumb=Y,서울시 문화행사,,,,2026-08-23 01:14:23
[금천문화재단] 그림책 아트 체험 [꼬마 정원사의 비밀 책방],금천구립독산도서관 강의실,2026-02-25,2026-02-25,교육/체험,금천구,https://culture.seoul.go.kr/culture/culture/cultureEvent/view.do?cultcode=156536&menuNo=200011,https://culture.seoul.go.kr/cmmn/file/getImage.do?atchFileId=428be2198efa403a8b8b9a2a71434430&thumb=Y,서울시 문화행사,,,,2026-08-23 01:14:23
[금천문화재단] 영화 상영 [수요일 힙독 시네마],금천구립독산도서관 강의실,2026-02-25,2026-02-25,영화,금천구,https://culture.seoul.go.kr/culture/culture/cultureEvent/view.do?cultcode=156532&menuNo=200013,https://culture.seoul.go.kr/cmmn/file/getImage.do?atchFileId=2e541d881dab4f2d9a292bf373037587&thumb=Y,서울시 문화행사,,,,2026-08-23 01:14:23
"2026 까망돌어울마당 아트홀 상반기 정기 기획공연 [까망돌 칸타빌레] 2회차 신명을 일구는 사람들 [얼씨구나, 용궁가자!]",까망돌어울마당 아트홀,2026-02-25,2026-02-25,콘서트,동작구,https://culture.seoul.go.kr/culture/culture/cultureEvent/view.do?cultcode=156626&menuNo=200008,https://culture.seoul.go.kr/cmmn/file/getImage.do?atchFileId=f86ef34da9f84e0982859656aec84f3c&thumb=Y,서울시 문화행사,,0.001463,15,2026-08-23 01:14:23
[서울시립미술관 서소문본관] 《근접한 세계》 전시연계 프로그램 : 건국 초기 UAE 사회적 흐름과 초기 현대미술,세마엘 SeMA L (서울시립미술관 서소문본관 3층),2026-02-25,2026-02-25,교육/체험,중구,https://culture.seoul.go.kr/culture/culture/cultureEvent/view.do?cultcode=156821&menuNo=200011,https://culture.seoul.go.kr/cmmn/file/getImage.do?atchFileId=411b7226dddf46e89d9925eb8cc62329&thumb=Y,서울시 문화행사,,,,2026-08-23 01:14:23
고소미 개인전 [다양체],스페이스 톤,2026-02-24,2026-08-20,전시/미술,마포구,https://culture.seoul.go.kr/culture/culture/cultureEvent/view.do?cultcode=157050&menuNo=200009,https://culture.seoul.go.kr/cmmn/file/getImage.do?atchFileId=e5fb3f25560f40679263c73b8ba9ee10&thumb=Y,서울시 문화행사,,,,2026-08-23 01:14:23
닥터 퓨처 스튜디오 2.0 [예술과 기술이 만나는 실험실],아트센터 나비 미술관,2026-02-24,2026-02-25,교육/체험,종로구,https://culture.seoul.go.kr/culture/culture/cultureEvent/view.do?cultcode=156763&menuNo=200011,https://culture.seoul.go.kr/cmmn/file/getImage.do?atchFileId=7ffe5eebad504b3f91fea01dc946ff3f&thumb=Y,서울시 문화행사,,,,2026-08-23 01:14:23
[서울시립과학관] 과학관이 쉬워지는 [감각 관람 도구],서울시립과학관 (서울특별시 노원구 한글비석로 160) ,2026-02-24,2026-02-24,교육/체험,노원구,https://culture.seoul.go.kr/culture/culture/cultureEvent/view.do?cultcode=156764&menuNo=200011,https://culture.seoul.go.kr/cmmn/file/getImage.do?atchFileId=a4f86389195a46ed92a6b3c6285e6505&thumb=Y,서울시 문화행사,,,,2026-08-23 01:14:23
코리아나미술관 *c-lab 9.0 [미술관/실험실 Museum/Laboratory],코리아나미술관,2026-02-24,2026-02-14,전시/미술,강남구,https://culture.seoul.go.kr/culture/culture/cultureEvent/view.do?cultcode=156829&menuNo=200009,https://culture.seoul.go.kr/cmmn/file/getImage.do?atchFileId=2bfd5fc8d38a4212a89a147ca2f192e1&thumb=Y,서울시 문화행사,,0.000519,5,2026-08-23 01:14:23
[서울우리소리박물관] 2026 상반기 온라인 학교 연계 프로그램 [우리소리 꾸러미],각 기관 별 상이,2026-02-23,2026-03-06,교육/체험,종로구,https://culture.seoul.go.kr/culture/culture/cultureEvent/view.do?cultcode=156814&menuNo=200011,https://culture.seoul.go.kr/cmmn/file/getImage.do?atchFileId=2fce4de52d5042a6b229d6b15973cd0b&thumb=Y,서울시 문화행사,,,,2026-08-23 01:14:23
"[서울생활문화센터 체부] 강연 [살롱, 낯선]",서울생활문화센터 체부 체부홀,2026-02-23,2026-02-23,교육/체험,종로구,https://culture.seoul.go.kr/culture/culture/cultureEvent/view.do?cultcode=156753&menuNo=200011,https://culture.seoul.go.kr/cmmn/file/getImage.do?atchFileId=0379f651be2e4ca4b97bc43d8b5b15bb&thumb=Y,서울시 문화행사,,,,2026-08-23 01:14:23
임현정 바이올린 독주회,세종체임버홀,2026-02-23,2026-02-23,클래식,종로구,https://culture.seoul.go.kr/culture/culture/cultureEvent/view.do?cultcode=156600&menuNo=200008,https://culture.seoul.go.kr/cmmn/file/getImage.do?atchFileId=73116815bc1b41d1a0360a4e27722030&thumb=Y,서울시 문화행사,,0.012949,36,2026-08-23 01:14:23
[강남문화재단] 강남심포니오케스트라 제115회 정기연주회,예술의전당 콘서트홀,2026-02-22,2026-02-22,클래식,서초구,https://culture.seoul.go.kr/culture/culture/cultureEvent/view.do?cultcode=156562&menuNo=200008,https://culture.seoul.go.kr/cmmn/file/getImage.do?atchFileId=21cd8c08be2a48ac9b0be67c279bfeab&thumb=Y,서울시 문화행사,,0.021067,41,2026-08-23 01:14:23
원현정 피아노 독주회,금호아트홀연세,2026-02-22,2026-02-22,클래식,서대문구,https://culture.seoul.go.kr/culture/culture/cultureEvent/view.do?cultcode=156704&menuNo=200008,https://culture.seoul.go.kr/cmmn/file/getImage.do?atchFileId=9504cdde122f4d6185a51c8bba125862&thumb=Y,서울시 문화행사,,0.043791,48,2026-08-23 01:14:23
[성동구립도서관] 2월 영어스토리텔링 수업,성동구립도서관,2026-02-22,2026-02-22,교육/체험,성동구,https://culture.seoul.go.kr/culture/culture/cultureEvent/view.do?cultcode=156445&menuNo=200011,https://culture.seoul.go.kr/cmmn/file/getImage.do?atchFileId=cf1b2312b842420e8c7762ea391fe65a&thumb=Y,서울시 문화행사,,0.325165,68,2026-08-23 01:14:23
"[서울시립과학관] 비인간도감 with IPA 워크숍, [공학자의 AI미디어 아트:디지털 아상블라주]",서울시립과학관 1층 G전시실 내 '틔움',2026-02-22,2026-02-22,교육/체험,노원구,https://culture.seoul.go.kr/culture/culture/cultureEvent/view.do?cultcode=156757&menuNo=200011,https://culture.seoul.go.kr/cmmn/file/getImage.do?atchFileId=26a90a6225a542f4a307b4b5a1f1b847&thumb=Y,서울시 문화행사,,,,2026-08-23 01:14:23
[광진문화재단] 키크클럽,광진어린이공연장,2026-02-21,2026-04-04,기타,광진구,https://culture.seoul.go.kr/culture/culture/cultureEvent/view.do?cultcode=156463&menuNo=200013,https://culture.seoul.go.kr/cmmn/file/getImage.do?atchFileId=b266cd5040c24d98bf7dd047816477b9&thumb=Y,서울시 문화행사,,0.001681,16,2026-08-23 01:14:23
[서울책보고] 큐레이션 토크 with 키다리 [오늘은 내가 복 산타] 엉뚱발랄 복 산타 되기 프로젝트,서울책보고 라운지,2026-02-21,2026-02-21,교육/체험,송파구,https://culture.seoul.go.kr/culture/culture/cultureEvent/view.do?cultcode=156656&menuNo=200011,https://culture.seoul.go.kr/cmmn/file/getImage.do?atchFileId=e56c93dd97ca4a0995b1650d54a0b74b&thumb=Y,서울시 문화행사,,,,2026-08-23 01:14:23
"[서울시립과학관] 비인간도감 with IPA 특별 강연, [공학자가 바라본 기술-인간 상호작용의 역사:AI는 정말 예외적인가?]",서울시립과학관 1층 사이언스홀,2026-02-21,2026-02-21,교육/체험,노원구,https://culture.seoul.go.kr/culture/culture/cultureEvent/view.do?cultcode=156756&menuNo=200011,https://culture.seoul.go.kr/cmmn/file/getImage.do?atchFileId=3c7344a64a21454dab8c20fa6b04492d&thumb=Y,서울시 문화행사,,,,2026-08-23 01:14:23
[강서문화원] 강서의 봄 - 고성현의 시간에 기대어,강서아트리움 아리홀,2026-02-21,2026-02-21,클래식,강서구,https://culture.seoul.go.kr/culture/culture/cultureEvent/view.do?cultcode=156529&menuNo=200008,https://culture.seoul.go.kr/cmmn/file/getImage.do?atchFileId=f62b427e95bc4ffd8e4e64fbc081d36e&thumb=Y,서울시 문화행사,,,,2026-08-23 01:14:23
[관악문화재단] 2026 관악아트홀 신년맞이 [김성녀의 마당놀이 심청이와 춘향이가 온다],관악아트홀,2026-02-21,2026-02-21,국악,관악구,https://culture.seoul.go.kr/culture/culture/cultureEvent/view.do?cultcode=156360&menuNo=200008,https://culture.seoul.go.kr/cmmn/file/getImage.do?atchFileId=d89e21ff9a4548b39003760214cde736&thumb=Y,서울시 문화행사,,0.014282,37,2026-08-23 01:14:23
뮤지컬 [마루의 파란하늘],예림당아트홀,2026-02-21,2026-02-21,뮤지컬/오페라,강남구,https://culture.seoul.go.kr/culture/culture/cultureEvent/view.do?cultcode=156668&menuNo=200008,https://culture.seoul.go.kr/cmmn/file/getImage.do?atchFileId=49323ae3c0134ae39a8f651eb43b639c&thumb=Y,서울시 문화행사,,,,2026-08-23 01:14:23
[서울책보고] 큐레이션 토크 with 북멘토 [나도 피자] 강수린 작가와 함께하는 맛난 북토크,서울책보고 라운지,2026-02-21,2026-02-21,교육/체험,송파구,https://culture.seoul.go.kr/culture/culture/cultureEvent/view.do?cultcode=156655&menuNo=200011,https://culture.seoul.go.kr/cmmn/file/getImage.do?atchFileId=b80d9ed679f6416e9caa1a06676c6481&thumb=Y,서울시 문화행사,,,,2026-08-23 01:14:23
[세종문화회관] 뮤지컬 [안나 카레니나],세종문화회관 세종대극장,2026-02-20,2026-03-29,뮤지컬/오페라,종로구,https://culture.seoul.go.kr/culture/culture/cultureEvent/view.do?cultcode=156572&menuNo=200008,https://culture.seoul.go.kr/cmmn/file/getImage.do?atchFileId=0bd918e6e9144815a827f0551e5622ec&thumb=Y,서울시 문화행사,,,,2026-08-23 01:14:23
[중구문화재단] 2026년 상반기 [씨네타운 중구] 무료관람 사전신청 안내,충무아트센터 소극장 씨네마(지하1층),2026-02-20,2026-02-26,영화,중구,https://culture.seoul.go.kr/culture/culture/cultureEvent/view.do?cultcode=156702&menuNo=200013,https://culture.seoul.go.kr/cmmn/file/getImage.do?atchFileId=c7fbc900bcdb4000baadb311d38f7d2e&thumb=Y,서울시 문화행사,,,,2026-08-23 01:14:23
[심포니 오디세이] A Journey from Classic to Modern 제4회 Sungshin Piano Ensemble Concert,세종체임버홀,2026-02-18,2026-02-18,클래식,종로구,https://culture.seoul.go.kr/culture/culture/cultureEvent/view.do?cultcode=156565&menuNo=200008,https://culture.seoul.go.kr/cmmn/file/getImage.do?atchFileId=6e67209bcc684357aea5e7a0cce0a09e&thumb=Y,서울시 문화행사,,0.012949,36,2026-08-23 01:14:23
[한성백제박물관] 2026년 한성백제박물관 설날 박물관 큰잔치,"한성백제박물관 광장 및 로비, 서울백제어린이박물관 로비",2026-02-18,2026-02-18,축제-전통/역사,송파구,https://culture.seoul.go.kr/culture/culture/cultureEvent/view.do?cultcode=156743&menuNo=200010,https://culture.seoul.go.kr/cmmn/file/getImage.do?atchFileId=e63918d0513344c783e6d24eb9d4600b&thumb=Y,서울시 문화행사,,,,2026-08-23 01:14:23
[서울역사박물관] 2026년 서울역사박물관 [설맞이 한마당],서울역사박물관 실내 및 중정데크,2026-02-18,2026-02-18,축제-전통/역사,종로구,https://culture.seoul.go.kr/culture/culture/cultureEvent/view.do?cultcode=156692&menuNo=200010,https://culture.seoul.go.kr/cmmn/file/getImage.do?atchFileId=501471e1aad04f79beb757d6908ca633&thumb=Y,서울시 문화행사,,,,2026-08-23 01:14:23
이승민 피아노 독주회,세종체임버홀,2026-02-17,2026-02-17,독주/독창회,종로구,https://culture.seoul.go.kr/culture/culture/cultureEvent/view.do?cultcode=156566&menuNo=200008,https://culture.seoul.go.kr/cmmn/file/getImage.do?atchFileId=5a1e7e094a2442fcbd9944f2a3ca03aa&thumb=Y,서울시 문화행사,,0.012949,36,2026-08-23 01:14:23
[운현궁] 2026 서울 운현궁 행복가득 설맞이,운현궁 일원,2026-02-16,2026-02-18,축제-전통/역사,종로구,https://culture.seoul.go.kr/culture/culture/cultureEvent/view.do?cultcode=156740&menuNo=200010,https://culture.seoul.go.kr/cmmn/file/getImage.do?atchFileId=74d2c0051caf490ab9868dde02c228ee&thumb=Y,서울시 문화행사,,,,2026-08-23 01:14:23
[남산골한옥마을] 2026 남산골 설축제,남산골한옥마을,2026-02-16,2026-02-18,축제-전통/역사,중구,https://culture.seoul.go.kr/culture/culture/cultureEvent/view.do?cultcode=156619&menuNo=200010,https://culture.seoul.go.kr/cmmn/file/getImage.do?atchFileId=607fe1ba6f5343a383f13dd9f9d7e7cc&thumb=Y,서울시 문화행사,,0.078829,54,2026-08-23 01:14:23
[서울식물원] 2026 설날 맞이 [전통놀이 프로그램],식물문화센터 1층 프로젝트홀1(북라운지),2026-02-16,2026-02-18,축제-전통/역사,강서구,https://culture.seoul.go.kr/culture/culture/cultureEvent/view.do?cultcode=156785&menuNo=200010,https://culture.seoul.go.kr/cmmn/file/getImage.do?atchFileId=4b9c1e1e6bdb4560b466f5cc9a52cbbe&thumb=Y,서울시 문화행사,,,,2026-08-23 01:14:23
피아니스트 이정화 리사이틀,세종체임버홀,2026-02-16,2026-02-16,독주/독창회,종로구,https://culture.seoul.go.kr/culture/culture/cultureEvent/view.do?cultcode=156567&menuNo=200008,https://culture.seoul.go.kr/cmmn/file/getImage.do?atchFileId=ba60c7f847ab46098ad674f24d432d00&thumb=Y,서울시 문화행사,,0.012949,36,2026-08-23 01:14:23
2026 서울함 설맞이 전통놀이 한마당,서울함공원,2026-02-16,2026-02-16,축제-전통/역사,마포구,https://culture.seoul.go.kr/culture/culture/cultureEvent/view.do?cultcode=156781&menuNo=200010,https://culture.seoul.go.kr/cmmn/file/getImage.do?atchFileId=ffc4b28b62c94604970fca433e6a69fa&thumb=Y,서울시 문화행사,,,,2026-08-23 01:14:23
"[서울식물원] 설레는 봄의 초대, [미리, 봄]","서울식물원 전시온실 내 열대관, 지중해관",2026-02-14,2026-04-30,전시/미술,강서구,https://culture.seoul.go.kr/culture/culture/cultureEvent/view.do?cultcode=156810&menuNo=200009,https://culture.seoul.go.kr/cmmn/file/getImage.do?atchFileId=11c9184b6e73416ab1697d52040d5f8c&thumb=Y,서울시 문화행사,,,,2026-08-23 01:14:23
[서울한양도성] 2025 서울KYC도성길라잡이 [15기_한양도성 시민교육] 참가자 모집 ,서울교사노동조합 교육장,2026-02-14,2026-03-14,교육/체험,성북구,https://culture.seoul.go.kr/culture/culture/cultureEvent/view.do?cultcode=156400&menuNo=200011,https://culture.seoul.go.kr/cmmn/file/getImage.do?atchFileId=a673197587304ef181e7d37ea8f232eb&thumb=Y,서울시 문화행사,,,,2026-08-23 01:14:23
2026년 함석헌기념관 씨알갤러리 상반기 4차 대관 전시 [착각의경건],도봉문화재단 함석헌기념관 씨알갤러리,2026-02-14,2026-02-28,전시/미술,도봉구,https://culture.seoul.go.kr/culture/culture/cultureEvent/view.do?cultcode=156758&menuNo=200009,https://culture.seoul.go.kr/cmmn/file/getImage.do?atchFileId=339efc1b7a8b40acb2b84513652a2998&thumb=Y,서울시 문화행사,,,,2026-08-23 01:14:23
2026 설맞이 한강플플 축제,뚝섬한강공원 한강플플(자벌레),2026-02-14,2026-02-18,축제-전통/역사,광진구,https://culture.seoul.go.kr/culture/culture/cultureEvent/view.do?cultcode=156782&menuNo=200010,https://culture.seoul.go.kr/cmmn/file/getImage.do?atchFileId=b77b48a6af5d4432aae6f4814aa165ea&thumb=Y,서울시 문화행사,,,,2026-08-23 01:14:23
2026 설연휴 한강 생태공원 체험프로그램 운영 안내,한강공원 생태체험 6개소,2026-02-14,2026-02-18,교육/체험,마포구,https://culture.seoul.go.kr/culture/culture/cultureEvent/view.do?cultcode=156784&menuNo=200011,https://culture.seoul.go.kr/cmmn/file/getImage.do?atchFileId=c586fe6efc064af3b5a2f819a4815823&thumb=Y,서울시 문화행사,,,,2026-08-23 01:14:23
"[서울우리소리박물관] 2026년 설 맞이 문화행사 [설날, 소리로 인사하다]",서울우리소리박물관,2026-02-14,2026-02-18,축제-전통/역사,종로구,https://culture.seoul.go.kr/culture/culture/cultureEvent/view.do?cultcode=156741&menuNo=200010,https://culture.seoul.go.kr/cmmn/file/getImage.do?atchFileId=1820d977beff401593f89c9bb1b578f8&thumb=Y,서울시 문화행사,,,,2026-08-23 01:14:23
프로젝트 오디너리 [작곡가들의 러브레터],세종문화회관 세종체임버홀,2026-02-14,2026-02-14,클래식,종로구,https://culture.seoul.go.kr/culture/culture/cultureEvent/view.do?cultcode=156632&menuNo=200008,https://culture.seoul.go.kr/cmmn/file/getImage.do?atchFileId=c7337a9369e24c49856af6c0c4bb46bf&thumb=Y,서울시 문화행사,,,,2026-08-23 01:14:23
문예북흥 No.55 - 『일요일의 예술가』의 모임에 황유원이 당신을 초대합니다. 혹은 일요일의 예술가인 당신이 황유원을 초대하는 것일지도.,이호철북콘서트홀,2026-02-14,2026-02-14,교육/체험,은평구,https://culture.seoul.go.kr/culture/culture/cultureEvent/view.do?cultcode=156669&menuNo=200011,https://culture.seoul.go.kr/cmmn/file/getImage.do?atchFileId=68339e6600cd40b49ac230d9e443da12&thumb=Y,서울시 문화행사,,0.013049,36,2026-08-23 01:14:23
한국대학생클래식기타연합회 45회 정기연주회,꿈의숲 콘서트홀,2026-02-14,2026-02-14,클래식,강북구,https://culture.seoul.go.kr/culture/culture/cultureEvent/view.do?cultcode=156726&menuNo=200008,https://culture.seoul.go.kr/cmmn/file/getImage.do?atchFileId=4ff1a6b240ca468ca6906bff171868ef&thumb=Y,서울시 문화행사,,,,2026-08-23 01:14:23
서툶의 인문학: 동화와 그림책으로 읽는 마음의 언어,남가좌새롬어린이도서관 4층 다목적실,2026-02-13,2026-02-27,교육/체험,서대문구,https://culture.seoul.go.kr/culture/culture/cultureEvent/view.do?cultcode=156670&menuNo=200011,https://culture.seoul.go.kr/cmmn/file/getImage.do?atchFileId=4ce0bf8fab3d49aeaed8d68938b7b459&thumb=Y,서울시 문화행사,,,,2026-08-23 01:14:23
국립무용단 [2026 축제],국립극장 하늘극장,2026-02-13,2026-02-18,무용,중구,https://culture.seoul.go.kr/culture/culture/cultureEvent/view.do?cultcode=156641&menuNo=200008,https://culture.seoul.go.kr/cmmn/file/getImage.do?atchFileId=7f0378a62d1349b5bdecc03b1ec5d920&thumb=Y,서울시 문화행사,,,,2026-08-23 01:14:23
[마포구립서강도서관] 2월/어린이 공연 (별여울) 개관 18주년 기념 어린이공연 [호호빵빵 달콤한 인생],마포구립서강도서관 4층 어린이자료실,2026-02-13,2026-02-13,연극,마포구,https://culture.seoul.go.kr/culture/culture/cultureEvent/view.do?cultcode=156605&menuNo=200008,https://culture.seoul.go.kr/cmmn/file/getImage.do?atchFileId=b9d2d57221954fc483aca7ffe378beeb&thumb=Y,서울시 문화행사,,,,2026-08-23 01:14:23
[광진문화재단] 광진문화재단X건국대학교 [청춘아트브릿지] ⑥ [클래식] Verdurous Serenade [초록의 세레나데],나루아트센터 대공연장,2026-02-13,2026-02-13,클래식,광진구,https://culture.seoul.go.kr/culture/culture/cultureEvent/view.do?cultcode=156560&menuNo=200008,https://culture.seoul.go.kr/cmmn/file/getImage.do?atchFileId=d18649cd3fd84b0784758b384e0554ec&thumb=Y,서울시 문화행사,,0.011878,36,2026-08-23 01:14:23
[노화랑] 김란 [Throw back],"노화랑 1, 2층 전시장",2026-02-12,2026-03-05,전시/미술,종로구,https://culture.seoul.go.kr/culture/culture/cultureEvent/view.do?cultcode=156748&menuNo=200009,https://culture.seoul.go.kr/cmmn/file/getImage.do?atchFileId=e0773722aa0242678e63b2b27f6a8914&thumb=Y,서울시 문화행사,,,,2026-08-23 01:14:23
화성의 노을은 푸른색이다,삼일로창고극장,2026-02-12,2026-02-15,연극,중구,https://culture.seoul.go.kr/culture/culture/cultureEvent/view.do?cultcode=156639&menuNo=200008,https://culture.seoul.go.kr/cmmn/file/getImage.do?atchFileId=b8c2fa61620f47b28a7b2e93fbf81417&thumb=Y,서울시 문화행사,,0.007085,31,2026-08-23 01:14:23
"[서울시립교향악단] 2026 서울시향 니콜라이 루간스키의 쇼팽 피아노 협주곡 1번 ①, ②",예술의전당 콘서트홀,2026-02-12,2026-02-13,클래식,서초구,https://culture.seoul.go.kr/culture/culture/cultureEvent/view.do?cultcode=156450&menuNo=200008,https://culture.seoul.go.kr/cmmn/file/getImage.do?atchFileId=86fa4c1838204f3eb11fee223bd08ef1&thumb=Y,서울시 문화행사,,0.021067,41,2026-08-23 01:14:23
[서울책보고] 큐레이션 토크 with 네오픽션 [인생 스릴러를 찾아서 - 살인자의 쇼핑몰] 강지영 작가와의 만남,서울책보고 라운지,2026-02-12,2026-02-12,교육/체험,송파구,https://culture.seoul.go.kr/culture/culture/cultureEvent/view.do?cultcode=156653&menuNo=200011,https://culture.seoul.go.kr/cmmn/file/getImage.do?atchFileId=ae158287c985446da3c3228b2eaa402d&thumb=Y,서울시 문화행사,,,,2026-08-23 01:14:23
[서초문화재단] 2026 서리풀 신년음악회,반포심산아트홀,2026-02-12,2026-02-12,클래식,서초구,https://culture.seoul.go.kr/culture/culture/cultureEvent/view.do?cultcode=156663&menuNo=200008,https://culture.seoul.go.kr/cmmn/file/getImage.do?atchFileId=2fccf2adffc348f4b9c1d7dc25feadf3&thumb=Y,서울시 문화행사,,0.023396,42,2026-08-23 01:14:23
콰르텟 나인 창단연주회,세종체임버홀,2026-02-12,2026-02-12,클래식,종로구,https://culture.seoul.go.kr/culture/culture/cultureEvent/view.do?cultcode=156573&menuNo=200008,https://culture.seoul.go.kr/cmmn/file/getImage.do?atchFileId=a3b4e33eb1964f7a8d2ef8030e6efa5a&thumb=Y,서울시 문화행사,,0.012949,36,2026-08-23 01:14:23
가톨릭대학교 서울성모병원 기탁 업무 협약 기념 특별전 [위안과 치유의 공명 共鳴],서소문성지 역사박물관 기획전시실,2026-02-11,2026-03-28,전시/미술,중구,https://culture.seoul.go.kr/culture/culture/cultureEvent/view.do?cultcode=156742&menuNo=200009,https://culture.seoul.go.kr/cmmn/file/getImage.do?atchFileId=47827526105645f297f7dccec8bff668&thumb=Y,서울시 문화행사,,,,2026-08-23 01:14:23
[세종뮤지엄갤러리] 무용한 것들-허공에 담다: 이명주 기획초대전,세종뮤지엄갤러리 1관 (광진구 능동로 209 세종대학교 대양 AI B1),2026-02-11,2026-03-01,전시/미술,광진구,https://culture.seoul.go.kr/culture/culture/cultureEvent/view.do?cultcode=156828&menuNo=200009,https://culture.seoul.go.kr/cmmn/file/getImage.do?atchFileId=3084d02b8f5a49a0a03442d30b4a0299&thumb=Y,서울시 문화행사,,,,2026-08-23 01:14:23
[서울외국인주민센터] 세계문화체험 [일상 속 세계정거장] 이슬람문화편,한국이슬람교 서울중앙성원(서울 용산구 우사단로10길 39),2026-02-11,2026-02-11,교육/체험,용산구,https://culture.seoul.go.kr/culture/culture/cultureEvent/view.do?cultcode=156574&menuNo=200011,https://culture.seoul.go.kr/cmmn/file/getImage.do?atchFileId=8e96cca4d92e40a9a7a389a5d0ea6017&thumb=Y,서울시 문화행사,,,,2026-08-23 01:14:23
소프라노 송지선 독창회,세종체임버홀,2026-02-11,2026-02-11,독주/독창회,종로구,https://culture.seoul.go.kr/culture/culture/cultureEvent/view.do?cultcode=156601&menuNo=200008,https://culture.seoul.go.kr/cmmn/file/getImage.do?atchFileId=4b1b69dacaeb48efaa6738e446ce4c0b&thumb=Y,서울시 문화행사,,0.012949,36,2026-08-23 01:14:23
홍규선 귀국 색소폰 독주회,금호아트홀 연세,2026-02-11,2026-02-11,독주/독창회,서대문구,https://culture.seoul.go.kr/culture/culture/cultureEvent/view.do?cultcode=156577&menuNo=200008,https://culture.seoul.go.kr/cmmn/file/getImage.do?atchFileId=ec9e2acd1cbf46e793fce6fab7510a82&thumb=Y,서울시 문화행사,,0.043791,48,2026-08-23 01:14:23
"[서울문화재단] 커피 한 잔으로 이어진 특별한 만남, 예술로 커피챗(Artist : 박상원)",서울문화재단 대학로센터 1층 카페쿼드,2026-02-10,2026-02-10,교육/체험,종로구,https://culture.seoul.go.kr/culture/culture/cultureEvent/view.do?cultcode=156629&menuNo=200011,https://culture.seoul.go.kr/cmmn/file/getImage.do?atchFileId=58fe44224235474886a77d18d9935057&thumb=Y,서울시 문화행사,,,,2026-08-23 01:14:23
2026년 서울디자인재단 + 디자인대학 협력사업 설명회,DDP 디자인랩 3층 디자인홀,2026-02-10,2026-02-10,기타,중구,https://culture.seoul.go.kr/culture/culture/cultureEvent/view.do?cultcode=156631&menuNo=200013,https://culture.seoul.go.kr/cmmn/file/getImage.do?atchFileId=b0151dbeeaff4ebf8029febe09cf586e&thumb=Y,서울시 문화행사,,,,2026-08-23 01:14:23
[강남문화재단] 2026년 설맞이 감사콘서트,광림아트센터 장천홀,2026-02-10,2026-02-10,콘서트,강남구,https://culture.seoul.go.kr/culture/culture/cultureEvent/view.do?cultcode=156561&menuNo=200008,https://culture.seoul.go.kr/cmmn/file/getImage.do?atchFileId=d87b81c6c78245c08bb54b20140add7f&thumb=Y,서울시 문화행사,,0.004034,25,2026-08-23 01:14:23
[서울우리소리박물관] 2026 자율학습 프로그램 [우리소리 친구들],누마루 또는 교육실,2026-02-09,2026-12-31,교육/체험,종로구,https://culture.seoul.go.kr/culture/culture/cultureEvent/view.do?cultcode=156746&menuNo=200011,https://culture.seoul.go.kr/cmmn/file/getImage.do?atchFileId=94d1c28647de4daf8f612b8fe830a020&thumb=Y,서울시 문화행사,,,,2026-08-23 01:14:23
"[서초문화원] 서초인문학 아카데미 [대화의 힘, 외교의 기술: 중동문화를 중심으로]",서초문화예술회관 1층 아트홀,2026-02-09,2026-02-25,교육/체험,서초구,https://culture.seoul.go.kr/culture/culture/cultureEvent/view.do?cultcode=156718&menuNo=200011,https://culture.seoul.go.kr/cmmn/file/getImage.do?atchFileId=3f25bd7c4e044e20a0f4acdd82e1ed84&thumb=Y,서울시 문화행사,,,,2026-08-23 01:14:23
[서울공예박물관] 가죽에 새기는 도자의 감성 [분청으로 피우다],서울공예박물관 전시3동 1층 교육실,2026-02-09,2026-02-23,교육/체험,종로구,https://culture.seoul.go.kr/culture/culture/cultureEvent/view.do?cultcode=156665&menuNo=200011,https://culture.seoul.go.kr/cmmn/file/getImage.do?atchFileId=767494170de84db1b9c143d0084e97f6&thumb=Y,서울시 문화행사,,,,2026-08-23 01:14:23
국성화 플루트 독주회,세종체임버홀,2026-02-09,2026-02-09,독주/독창회,종로구,https://culture.seoul.go.kr/culture/culture/cultureEvent/view.do?cultcode=156485&menuNo=200008,https://culture.seoul.go.kr/cmmn/file/getImage.do?atchFileId=5700d296897043c786605d098e2050b8&thumb=Y,서울시 문화행사,,0.012949,36,2026-08-23 01:14:23
가온소리 1주년 기념 콘서트,온쉼표홀,2026-02-08,2026-02-08,콘서트,송파구,https://culture.seoul.go.kr/culture/culture/cultureEvent/view.do?cultcode=156593&menuNo=200008,https://culture.seoul.go.kr/cmmn/file/getImage.do?atchFileId=6b8be516212e4db2b72df25b95fe6c6b&thumb=Y,서울시 문화행사,,,,2026-08-23 01:14:23
[마포구립서강도서관] 2월/어린이메이킹 [행복맘껏time] 두번째 일요일은 해봄공간 오픈데이,마포구립서강도서관 4층 어린이자료실 내 해봄,2026-02-08,2026-02-08,교육/체험,마포구,https://culture.seoul.go.kr/culture/culture/cultureEvent/view.do?cultcode=156611&menuNo=200011,https://culture.seoul.go.kr/cmmn/file/getImage.do?atchFileId=166bbbcc894c47bdaf64fa9bd6cf4cc8&thumb=Y,서울시 문화행사,,,,2026-08-23 01:14:23
김지민 모스 초이 2인전 [Sticky-aid Solution],공간유보,2026-02-07,2026-02-28,전시/미술,송파구,https://culture.seoul.go.kr/culture/culture/cultureEvent/view.do?cultcode=156722&menuNo=200009,https://culture.seoul.go.kr/cmmn/file/getImage.do?atchFileId=be232237d2a744508d9d602be2d76ff1&thumb=Y,서울시 문화행사,,,,2026-08-23 01:14:23
장영은 개인전 [아우성의 부피],예술공간 의식주,2026-02-07,2026-02-22,전시/미술,서대문구,https://culture.seoul.go.kr/culture/culture/cultureEvent/view.do?cultcode=156699&menuNo=200009,https://culture.seoul.go.kr/cmmn/file/getImage.do?atchFileId=221f5f499216431f881c9cee2f52b37e&thumb=Y,서울시 문화행사,,0.000311,0,2026-08-23 01:14:23
"[강남문화재단] 양재천 수변 문화 쉼터 토요 콘텐츠 시리즈 [도심 속 작은 쉼, 문화로 물들다]",양재천 수변 문화 쉼터,2026-02-07,2026-02-21,클래식,강남구,https://culture.seoul.go.kr/culture/culture/cultureEvent/view.do?cultcode=156675&menuNo=200008,https://culture.seoul.go.kr/cmmn/file/getImage.do?atchFileId=a3fe419b0d9648ad8a89c76794c85c1f&thumb=Y,서울시 문화행사,,,,2026-08-23 01:14:23
[서울남산국악당] 엄마아빠 행복 프로젝트 [우리가족 국악캠프],"서울남산국악당 소리마루, 연습실 ",2026-02-07,2026-02-14,국악,중구,https://culture.seoul.go.kr/culture/culture/cultureEvent/view.do?cultcode=156512&menuNo=200008,https://culture.seoul.go.kr/cmmn/file/getImage.do?atchFileId=152ac795e783429b8fbf55cbdb5c3161&thumb=Y,서울시 문화행사,,,,2026-08-23 01:14:23
나선: 영원함의 형태,금천예술공장 3층 대형전시장,2026-02-07,2026-02-12,전시/미술,금천구,https://culture.seoul.go.kr/culture/culture/cultureEvent/view.do?cultcode=156614&menuNo=200009,https://culture.seoul.go.kr/cmmn/file/getImage.do?atchFileId=9a8125748cab4b1fb4a377fc032be3a5&thumb=Y,서울시 문화행사,,,,2026-08-23 01:14:23
[서울문화재단] 2026 서울 커넥트 스테이지 : 무용,서울문화예술교육센터 은평 서울무용창작센터,2026-02-07,2026-02-08,무용,은평구,https://culture.seoul.go.kr/culture/culture/cultureEvent/view.do?cultcode=156615&menuNo=200008,https://culture.seoul.go.kr/cmmn/file/getImage.do?atchFileId=755d43d1689340b990d78ea55d15d867&thumb=Y,서울시 문화행사,,,,2026-08-23 01:14:23
[마포구립서강도서관] 2월/도서관초대석 (김겨울) 개관 18주년 기념 도서관초대석 [취향의 기원과 책 읽기],서강도서관 3층 세미나실,2026-02-07,2026-02-07,교육/체험,마포구,https://culture.seoul.go.kr/culture/culture/cultureEvent/view.do?cultcode=156525&menuNo=200011,https://culture.seoul.go.kr/cmmn/file/getImage.do?atchFileId=9f0b2b8f88fa49f88b8b559929e5cca8&thumb=Y,서울시 문화행사,,,,2026-08-23 01:14:23
[강북문화재단] 2026 강북구립청소년오케스트라 정기연주회,강북문화예술회관 강북소나무홀,2026-02-07,2026-02-07,클래식,강북구,https://culture.seoul.go.kr/culture/culture/cultureEvent/view.do?cultcode=156540&menuNo=200008,https://culture.seoul.go.kr/cmmn/file/getImage.do?atchFileId=f5435e32d5094ac1974c0ff8ae3fe7f3&thumb=Y,서울시 문화행사,,0.001818,17,2026-08-23 01:14:23
박채영 피아노 독주회,아트센터 림 아트홀,2026-02-07,2026-02-07,독주/독창회,종로구,https://culture.seoul.go.kr/culture/culture/cultureEvent/view.do?cultcode=156636&menuNo=200008,https://culture.seoul.go.kr/cmmn/file/getImage.do?atchFileId=9f7e2f20b6924b88874782a245fa0dc0&thumb=Y,서울시 문화행사,,,,2026-08-23 01:14:23
밤이 전하는 이야기 with 소프라노 오은지 테너 김래주 베이스바리톤 윤종민,세종문화회관 세종체임버홀,2026-02-07,2026-02-07,클래식,종로구,https://culture.seoul.go.kr/culture/culture/cultureEvent/view.do?cultcode=156695&menuNo=200008,https://culture.seoul.go.kr/cmmn/file/getImage.do?atchFileId=9689a68a457b467189d1118b91bf2a07&thumb=Y,서울시 문화행사,,,,2026-08-23 01:14:23
[금천문화재단] 2026 금나래아트홀 ACC 공동기획 공연 [토끼전],금나래아트홀,2026-02-07,2026-02-07,연극,금천구,https://culture.seoul.go.kr/culture/culture/cultureEvent/view.do?cultcode=156466&menuNo=200008,https://culture.seoul.go.kr/cmmn/file/getImage.do?atchFileId=e6f6f107382c4b38b851f9a802ff3506&thumb=Y,서울시 문화행사,,,,2026-08-23 01:14:23
[울트라백화점 서울 Vol.2] 포스트 서브컬쳐,DDP 뮤지엄 전시 2관,2026-02-06,2026-03-27,전시/미술,중구,https://culture.seoul.go.kr/culture/culture/cultureEvent/view.do?cultcode=156660&menuNo=200009,https://culture.seoul.go.kr/cmmn/file/getImage.do?atchFileId=3d6f7c7aa209427eb0e5166c8733f086&thumb=Y,서울시 문화행사,,,,2026-08-23 01:14:23
[한성백제박물관] 2026 겨울방학교실 쓱싹쓱싹 반달돌칼_고대인의 농사 도구,한성백제박물관 교육실,2026-02-06,2026-02-25,교육/체험,송파구,https://culture.seoul.go.kr/culture/culture/cultureEvent/view.do?cultcode=156493&menuNo=200011,https://culture.seoul.go.kr/cmmn/file/getImage.do?atchFileId=a263388ef6db46cc9bd2f1e36268ec4e&thumb=Y,서울시 문화행사,,,,2026-08-23 01:14:23
뮤지컬 [어림없는 청춘],CKL스테이지(서울 중구 청계천로 40 지하 1층),2026-02-06,2026-02-15,뮤지컬/오페라,중구,https://culture.seoul.go.kr/culture/culture/cultureEvent/view.do?cultcode=156610&menuNo=200008,https://culture.seoul.go.kr/cmmn/file/getImage.do?atchFileId=eae6f63ff57b4f32bf905211cf8ec6f9&thumb=Y,서울시 문화행사,,,,2026-08-23 01:14:23
국립극단 2026 기획초청 Pick크닉 [이상한어린이연극-오감도],국립극단 명동예술극장,2026-02-06,2026-02-14,연극,중구,https://culture.seoul.go.kr/culture/culture/cultureEvent/view.do?cultcode=156640&menuNo=200008,https://culture.seoul.go.kr/cmmn/file/getImage.do?atchFileId=c18988765c7c43f98c2311f2bc1db791&thumb=Y,서울시 문화행사,,,,2026-08-23 01:14:23
"[노원문화재단] 인상파, 찬란한 순간들 전시 연계 공연 [빛을 듣다, 색을 보다]",노원문화예술회관 대공연장,2026-02-06,2026-02-08,클래식,노원구,https://culture.seoul.go.kr/culture/culture/cultureEvent/view.do?cultcode=156495&menuNo=200008,https://culture.seoul.go.kr/cmmn/file/getImage.do?atchFileId=4cd9e2ae68bf42f2bd7a7e1c9c1ce6c7&thumb=Y,서울시 문화행사,,0.001507,15,2026-08-23 01:14:23
입체낭독극 [입력중 쩜쩜쩜],삼일로창고극장,2026-02-06,2026-02-08,연극,중구,https://culture.seoul.go.kr/culture/culture/cultureEvent/view.do?cultcode=156638&menuNo=200008,https://culture.seoul.go.kr/cmmn/file/getImage.do?atchFileId=4c6a4f337e9f467fafa08756e6b18613&thumb=Y,서울시 문화행사,,0.007085,31,2026-08-23 01:14:23
이윤호 트롬본 독주회,세종체임버홀,2026-02-06,2026-02-06,독주/독창회,종로구,https://culture.seoul.go.kr/culture/culture/cultureEvent/view.do?cultcode=156432&menuNo=200008,https://culture.seoul.go.kr/cmmn/file/getImage.do?atchFileId=e409258a40bc41ad896c5145124eb456&thumb=Y,서울시 문화행사,,0.012949,36,2026-08-23 01:14:23
[영등포문화재단] 후원 음악회 [포커스 나눔콘서트],영등포아트홀,2026-02-06,2026-02-06,클래식,영등포구,https://culture.seoul.go.kr/culture/culture/cultureEvent/view.do?cultcode=156538&menuNo=200008,https://culture.seoul.go.kr/cmmn/file/getImage.do?atchFileId=cf39c29a41024a1598dc5e7e6a532836&thumb=Y,서울시 문화행사,,0.072056,53,2026-08-23 01:14:23
[동작문화재단] 까망돌어울마당 아트홀 국립극장 협력사업 [공연실황 스크린 : ON AIR] 4회차 [묵향],까망돌어울마당 아트홀,2026-02-06,2026-02-06,영화,동작구,https://culture.seoul.go.kr/culture/culture/cultureEvent/view.do?cultcode=156584&menuNo=200013,https://culture.seoul.go.kr/cmmn/file/getImage.do?atchFileId=470dc05df28c406fb3c3354ae15dfe38&thumb=Y,서울시 문화행사,,0.001463,15,2026-08-23 01:14:23
주연경 바이올린 독주회,금호아트홀연세,2026-02-06,2026-02-06,독주/독창회,서대문구,https://culture.seoul.go.kr/culture/culture/cultureEvent/view.do?cultcode=156430&menuNo=200008,https://culture.seoul.go.kr/cmmn/file/getImage.do?atchFileId=a8a1b0f1d1d04cdd9d220a725223bbf7&thumb=Y,서울시 문화행사,,0.043791,48,2026-08-23 01:14:23
[마포구립서강도서관] 2월/어린이메이킹 [해봄아 노올자! 해봄맘껏Time],4층 어린이자료실 내 해봄,2026-02-05,2026-02-28,교육/체험,마포구,https://culture.seoul.go.kr/culture/culture/cultureEvent/view.do?cultcode=156681&menuNo=200011,https://culture.seoul.go.kr/cmmn/file/getImage.do?atchFileId=17795075656b4683af3103c32e510f7b&thumb=Y,서울시 문화행사,,,,2026-08-23 01:14:23
현오 개인전 [새벽에 남은 새],인가희갤러리,2026-02-05,2026-02-25,전시/미술,용산구,https://culture.seoul.go.kr/culture/culture/cultureEvent/view.do?cultcode=156786&menuNo=200009,https://culture.seoul.go.kr/cmmn/file/getImage.do?atchFileId=a527a754f0de43f39a4a5df664bcfb0d&thumb=Y,서울시 문화행사,,0.000311,0,2026-08-23 01:14:23
연극 [방랑자],국립정동극장 세실,2026-02-05,2026-02-13,연극,중구,https://culture.seoul.go.kr/culture/culture/cultureEvent/view.do?cultcode=156578&menuNo=200008,https://culture.seoul.go.kr/cmmn/file/getImage.do?atchFileId=a6fa28fa30954a8d989c05312e15a948&thumb=Y,서울시 문화행사,,0.009836,34,2026-08-23 01:14:23
"아키텐 예술건축실험 프로젝트 전시 [이것은 건축이 아니다: Somewhere, Nowhere]","보안1942 아트스페이스 보안 1,2 (구 보안여관 및 신관 지하 1층)",2026-02-05,2026-02-11,전시/미술,종로구,https://culture.seoul.go.kr/culture/culture/cultureEvent/view.do?cultcode=156654&menuNo=200009,https://culture.seoul.go.kr/cmmn/file/getImage.do?atchFileId=2533521d64c9477697de0b2533e6a161&thumb=Y,서울시 문화행사,,,,2026-08-23 01:14:23
[강남문화재단] 제180회 강남마티네콘서트│피아니스트 김정원과 함께하는 아침의 음악정원 Ⅱ,광림아트센터 장천홀,2026-02-05,2026-02-05,클래식,강남구,https://culture.seoul.go.kr/culture/culture/cultureEvent/view.do?cultcode=156581&menuNo=200008,https://culture.seoul.go.kr/cmmn/file/getImage.do?atchFileId=f400b62e1b3e4fcfab439a56258ba33c&thumb=Y,서울시 문화행사,,0.004034,25,2026-08-23 01:14:23
[대우재단 시민강좌] 위기미디어의 세 가지 국면,아트선재센터 지하 아트홀,2026-02-05,2026-02-05,교육/체험,종로구,https://culture.seoul.go.kr/culture/culture/cultureEvent/view.do?cultcode=156544&menuNo=200011,https://culture.seoul.go.kr/cmmn/file/getImage.do?atchFileId=c9864e124fa1468ba18ff3e96fd51d22&thumb=Y,서울시 문화행사,,,,2026-08-23 01:14:23
[서울하수도과학관] 하수처리장 견학,서울하수도과학관,2026-02-04,2026-11-26,교육/체험,성동구,https://culture.seoul.go.kr/culture/culture/cultureEvent/view.do?cultcode=156708&menuNo=200011,https://culture.seoul.go.kr/cmmn/file/getImage.do?atchFileId=31aeac269e8a4a7ab6c4b1aa504c80c3&thumb=Y,서울시 문화행사,,0.032635,45,2026-08-23 01:14:23
[서울돈화문국악당] 2026 일소당 음악회,서울돈화문국악당,2026-02-04,2026-02-14,국악,종로구,https://culture.seoul.go.kr/culture/culture/cultureEvent/view.do?cultcode=156509&menuNo=200008,https://culture.seoul.go.kr/cmmn/file/getImage.do?atchFileId=f462c5b5d1744040a6dfa13efb6a61d6&thumb=Y,서울시 문화행사,,0.009687,34,2026-08-23 01:14:23
미림아트갤러리 [深心幽谷] - 깊은심속 옹달샘 : Park Hayoung Solo Exhibition,미림아트갤러리 (3F),2026-02-04,2026-02-10,전시/미술,종로구,https://culture.seoul.go.kr/culture/culture/cultureEvent/view.do?cultcode=156662&menuNo=200009,https://culture.seoul.go.kr/cmmn/file/getImage.do?atchFileId=b86ee0c6000c409cb36e65a40a08f682&thumb=Y,서울시 문화행사,,,,2026-08-23 01:14:23
김유빈 피아노 리사이틀 Journey Series III Germany,세종문화회관 세종체임버홀,2026-02-04,2026-02-04,독주/독창회,종로구,https://culture.seoul.go.kr/culture/culture/cultureEvent/view.do?cultcode=156424&menuNo=200008,https://culture.seoul.go.kr/cmmn/file/getImage.do?atchFileId=f28f5dcfe1934bce93cdb87194ffdc0b&thumb=Y,서울시 문화행사,,,,2026-08-23 01:14:23
"[서울책보고] 마음을 채우는 문장, 나를 찾는 필사 - 필사 해빛 노트 [고전]",서울책보고 라운지(잠실나루역 1번 출구),2026-02-03,2026-02-24,교육/체험,송파구,https://culture.seoul.go.kr/culture/culture/cultureEvent/view.do?cultcode=156652&menuNo=200011,https://culture.seoul.go.kr/cmmn/file/getImage.do?atchFileId=c7a2b28117184221b3fd94ed81f4d897&thumb=Y,서울시 문화행사,,,,2026-08-23 01:14:23
[크리스프 웨지] 김륜아 개인전: 날개와 다리,크리스프 웨지,2026-02-03,2026-02-14,전시/미술,마포구,https://culture.seoul.go.kr/culture/culture/cultureEvent/view.do?cultcode=156516&menuNo=200009,https://culture.seoul.go.kr/cmmn/file/getImage.do?atchFileId=02dfb4610bc54c66bdf59cd5782b60d8&thumb=Y,서울시 문화행사,,,,2026-08-23 01:14:23
[서울공예박물관] 금기숙 기증특별전 연계 워크숍 #2 [Drops: 춤추는 빛],서울공예박물관 전시3동 1층 교육실,2026-02-03,2026-02-12,교육/체험,종로구,https://culture.seoul.go.kr/culture/culture/cultureEvent/view.do?cultcode=156634&menuNo=200011,https://culture.seoul.go.kr/cmmn/file/getImage.do?atchFileId=e12905652245473baa2c8b18861d1fa9&thumb=Y,서울시 문화행사,,,,2026-08-23 01:14:23
[서울시립 북서울미술관] Buk SeMA 어린이 방학 프로그램 [배낭 탐험가! 전시 투어],"서울시립 북서울미술관 B1 전시실5,6",2026-02-03,2026-02-04,교육/체험,노원구,https://culture.seoul.go.kr/culture/culture/cultureEvent/view.do?cultcode=156517&menuNo=200011,https://culture.seoul.go.kr/cmmn/file/getImage.do?atchFileId=bd7a2fddfddf4e15a002f86e20c3ca85&thumb=Y,서울시 문화행사,,,,2026-08-23 01:14:23
[세종대학교미래교육원] 2026 피아노 무료레슨 Day,세종대학교 새날관 내 연습실,2026-02-03,2026-02-04,교육/체험,광진구,https://culture.seoul.go.kr/culture/culture/cultureEvent/view.do?cultcode=156545&menuNo=200011,https://culture.seoul.go.kr/cmmn/file/getImage.do?atchFileId=66775dcdc40f472499c01ae8ba8a3c40&thumb=Y,서울시 문화행사,,,,2026-08-23 01:14:23
김강호 피아노 독주회,세종체임버홀,2026-02-03,2026-02-03,독주/독창회,종로구,https://culture.seoul.go.kr/culture/culture/cultureEvent/view.do?cultcode=156431&menuNo=200008,https://culture.seoul.go.kr/cmmn/file/getImage.do?atchFileId=a485ab5b4a214409b3c13f02b89a0c99&thumb=Y,서울시 문화행사,,0.012949,36,2026-08-23 01:14:23
[휘경행복도서관] 도파민 세대를 위한 문해력 특강: 이승화 작가와의 만남, 휘경행복도서관 1층 어린이열람실,2026-02-03,2026-02-03,교육/체험,동대문구,https://culture.seoul.go.kr/culture/culture/cultureEvent/view.do?cultcode=156650&menuNo=200011,https://culture.seoul.go.kr/cmmn/file/getImage.do?atchFileId=8e75828868e646fe8133fc2b71e6ed54&thumb=Y,서울시 문화행사,,,,2026-08-23 01:14:23
[관악문화재단] 2026 관악아트홀 신년맞이 [필 하모닉 앙상블],관악아트홀,2026-02-03,2026-02-03,클래식,광진구,https://culture.seoul.go.kr/culture/culture/cultureEvent/view.do?cultcode=156357&menuNo=200008,https://culture.seoul.go.kr/cmmn/file/getImage.do?atchFileId=7ba5fc48c9d141d199a6e530e9eb6b2f&thumb=Y,서울시 문화행사,,0.014282,37,2026-08-23 01:14:23
[세종대학교미래교육원] 2026 관현악 2차 무료레슨 DAY,세종대학교 새날관 연습실,2026-02-02,2026-02-27,교육/체험,광진구,https://culture.seoul.go.kr/culture/culture/cultureEvent/view.do?cultcode=156550&menuNo=200011,https://culture.seoul.go.kr/cmmn/file/getImage.do?atchFileId=59b611303d824aa9bb9a64054341b4ce&thumb=Y,서울시 문화행사,,,,2026-08-23 01:14:23
[연세대학교 미래교육원] 2026학년도 1학기 원데이클래스,연세대학교 이윤재관(622),2026-02-02,2026-02-07,교육/체험,서대문구,https://culture.seoul.go.kr/culture/culture/cultureEvent/view.do?cultcode=156449&menuNo=200011,https://culture.seoul.go.kr/cmmn/file/getImage.do?atchFileId=219cd3fe8e6d4a49bc984a27c31f8e52&thumb=Y,서울시 문화행사,,,,2026-08-23 01:14:23
바이올리니스트 조최현 & 피아니스트 공원경 듀오 리사이틀,세종체임버홀,2026-02-02,2026-02-02,클래식,종로구,https://culture.seoul.go.kr/culture/culture/cultureEvent/view.do?cultcode=156406&menuNo=200008,https://culture.seoul.go.kr/cmmn/file/getImage.do?atchFileId=34f324bc87ee4f1d9fc0543947997ab7&thumb=Y,서울시 문화행사,,0.012949,36,2026-08-23 01:14:23
[서울공예박물관] 2026년 국제 옻칠 학술강연 《유럽의 칠공예》,서울공예박물관 교육동 강당,2026-02-02,2026-02-02,교육/체험,종로구,https://culture.seoul.go.kr/culture/culture/cultureEvent/view.do?cultcode=156633&menuNo=200011,https://culture.seoul.go.kr/cmmn/file/getImage.do?atchFileId=e60ae2ddcaff4242bf116b9d9575c1ab&thumb=Y,서울시 문화행사,,,,2026-08-23 01:14:23
[중구문화재단] 2026 월요극장 - 뮤지컬 [비하인드 더 문],충무아트센터 중극장 블랙,2026-02-02,2026-02-02,영화,중구,https://culture.seoul.go.kr/culture/culture/cultureEvent/view.do?cultcode=156582&menuNo=200013,https://culture.seoul.go.kr/cmmn/file/getImage.do?atchFileId=e7ee955a12f24a148353156ee0b5b54d&thumb=Y,서울시 문화행사,,0.011928,36,2026-08-23 01:14:23
"[서울무형유산교육전시장] 2026년 1차 일반교육(12주, 18주) 모집안내",서울무형유산 교육전시장,2026-02-01,2026-04-28,교육/체험,종로구,https://culture.seoul.go.kr/culture/culture/cultureEvent/view.do?cultcode=156453&menuNo=200011,https://culture.seoul.go.kr/cmmn/file/getImage.do?atchFileId=a23291f594a443c782bc6c1941ffcb3c&thumb=Y,서울시 문화행사,,0.005989,29,2026-08-23 01:14:23
[마포구립서강도서관] 2월/팟캐스트 서강도서관 피셜 64회 [겨울의 언어],온라인 팟빵,2026-02-01,2026-02-28,기타,마포구,https://culture.seoul.go.kr/culture/culture/cultureEvent/view.do?cultcode=156674&menuNo=200013,https://culture.seoul.go.kr/cmmn/file/getImage.do?atchFileId=c8d10fadc93f452a88be8cbe933a3320&thumb=Y,서울시 문화행사,,,,2026-08-23 01:14:23
DDPlay 버스킹 2월 공연 일정,"DDP 어울림광장, 팔거리",2026-02-01,2026-02-28,콘서트,중구,https://culture.seoul.go.kr/culture/culture/cultureEvent/view.do?cultcode=156659&menuNo=200008,https://culture.seoul.go.kr/cmmn/file/getImage.do?atchFileId=4d4d6fe0043349aca1f598e92ffe093f&thumb=Y,서울시 문화행사,,,,2026-08-23 01:14:23
[서울상상나라] 딸기 티라미수,서울상상나라 B1 요리놀이실,2026-02-01,2026-02-28,교육/체험,광진구,https://culture.seoul.go.kr/culture/culture/cultureEvent/view.do?cultcode=156690&menuNo=200011,https://culture.seoul.go.kr/cmmn/file/getImage.do?atchFileId=7be7751534a445de9d033cd4805e0aeb&thumb=Y,서울시 문화행사,,,,2026-08-23 01:14:23
[서울상상나라] 색동 삼색 경단,서울상상나라 B1 요리놀이실,2026-02-01,2026-02-28,교육/체험,광진구,https://culture.seoul.go.kr/culture/culture/cultureEvent/view.do?cultcode=156691&menuNo=200011,https://culture.seoul.go.kr/cmmn/file/getImage.do?atchFileId=62afa74a7fff4eb79a15b9e04381df34&thumb=Y,서울시 문화행사,,,,2026-08-23 01:14:23
[제기동감초마을현진건기념도서관] 2026 제기동감초마을현진건기념도서관 개관 2주년 행사,제기동감초마을현진건기념도서관,2026-02-01,2026-02-28,교육/체험,동대문구,https://culture.seoul.go.kr/culture/culture/cultureEvent/view.do?cultcode=156651&menuNo=200011,https://culture.seoul.go.kr/cmmn/file/getImage.do?atchFileId=7b541e62a13a46988d444780f549d1b2&thumb=Y,서울시 문화행사,,,,2026-08-23 01:14:23
[송파 청년아티스트센터] 예술가와 함께하는 풍납 탐구 생활 2월 프로그램,송파 청년아티스트센터 1층,2026-02-01,2026-02-28,교육/체험,송파구,https://culture.seoul.go.kr/culture/culture/cultureEvent/view.do?cultcode=156617&menuNo=200011,https://culture.seoul.go.kr/cmmn/file/getImage.do?atchFileId=53522c53478b4437be70c4ed70bdb0a5&thumb=Y,서울시 문화행사,,,,2026-08-23 01:14:23
[연세대학교 미래교육원] 2026학년도 1학기 정규과정 안내,연세대학교 이윤재관,2026-02-01,2026-02-23,교육/체험,서대문구,https://culture.seoul.go.kr/culture/culture/cultureEvent/view.do?cultcode=156666&menuNo=200011,https://culture.seoul.go.kr/cmmn/file/getImage.do?atchFileId=3b61a691250047f6b6aff3b43097df3a&thumb=Y,서울시 문화행사,,0.000747,9,2026-08-23 01:14:23
"고상지 트리오, 피아졸라: 부에노스 아이레스의 사계",아트센터림 아트홀,2026-01-31,2026-01-31,클래식,중랑구,https://culture.seoul.go.kr/culture/culture/cultureEvent/view.do?cultcode=156637&menuNo=200008,https://culture.seoul.go.kr/cmmn/file/getImage.do?atchFileId=f172d4123b504b3bb842dd740a49356f&thumb=Y,서울시 문화행사,,,,2026-08-23 01:14:23
[노원문화재단] 제1회 열린국악연주회 [공명],노원문화예술회관 대공연장,2026-01-31,2026-01-31,국악,노원구,https://culture.seoul.go.kr/culture/culture/cultureEvent/view.do?cultcode=156594&menuNo=200008,https://culture.seoul.go.kr/cmmn/file/getImage.do?atchFileId=9bccbf07fdbb4377bdb603e6bacc2980&thumb=Y,서울시 문화행사,,0.001507,15,2026-08-23 01:14:23
"최수정 피아노 독주회-時를 위한 시詩IV. Arioso, 音들이 돌아오는 시간",세종문화회관 체임버홀,2026-01-31,2026-01-31,독주/독창회,서초구,https://culture.seoul.go.kr/culture/culture/cultureEvent/view.do?cultcode=156429&menuNo=200008,https://culture.seoul.go.kr/cmmn/file/getImage.do?atchFileId=cb46513d135444db9e929822d2181df9&thumb=Y,서울시 문화행사,,0.010036,34,2026-08-23 01:14:23
[꿈의숲아트센터] 이룸 오케스트라 제8회 연주회,꿈의숲 콘서트홀,2026-01-31,2026-01-31,클래식,강북구,https://culture.seoul.go.kr/culture/culture/cultureEvent/view.do?cultcode=156515&menuNo=200008,https://culture.seoul.go.kr/cmmn/file/getImage.do?atchFileId=1a8de8ecfbe343ecb014fa6db60af913&thumb=Y,서울시 문화행사,,,,2026-08-23 01:14:23
"다락(樂)옥수, [문화, 곁으로 오다] 위드뮤직 클라리넷 앙상블 음악회",다락옥수,2026-01-31,2026-01-31,콘서트,성동구,https://culture.seoul.go.kr/culture/culture/cultureEvent/view.do?cultcode=156618&menuNo=200008,https://culture.seoul.go.kr/cmmn/file/getImage.do?atchFileId=9600f7bb0fe741a9914ced98cd9ea9f6&thumb=Y,서울시 문화행사,,0.002914,22,2026-08-23 01:14:23
2026년 연극 [사의 찬미],세종문화회관 세종M씨어터,2026-01-30,2026-03-02,연극,종로구,https://culture.seoul.go.kr/culture/culture/cultureEvent/view.do?cultcode=156425&menuNo=200008,https://culture.seoul.go.kr/cmmn/file/getImage.do?atchFileId=4e249b6aa76347229d34a1b37093efe3&thumb=Y,서울시 문화행사,,,,2026-08-23 01:14:23
[강동문화재단] 쇼뮤지컬 [프린세스 캐치! 티니핑],강동아트센터  대극장 한강,2026-01-30,2026-03-02,뮤지컬/오페라,강동구,https://culture.seoul.go.kr/culture/culture/cultureEvent/view.do?cultcode=156182&menuNo=200008,https://culture.seoul.go.kr/cmmn/file/getImage.do?atchFileId=0e56682c84e14b1197b34d725feafedb&thumb=Y,서울시 문화행사,,,,2026-08-23 01:14:23
뮤지컬 [The Mission: K],세종문화회관 세종대극장,2026-01-30,2026-02-01,뮤지컬/오페라,종로구,https://culture.seoul.go.kr/culture/culture/cultureEvent/view.do?cultcode=156408&menuNo=200008,https://culture.seoul.go.kr/cmmn/file/getImage.do?atchFileId=d47a6e1847544c1b952ade828364cee1&thumb=Y,서울시 문화행사,,,,2026-08-23 01:14:23
[성동문화재단] 연극 [만선],성수아트홀(월요일 휴관),2026-01-30,2026-01-31,연극,성동구,https://culture.seoul.go.kr/culture/culture/cultureEvent/view.do?cultcode=156443&menuNo=200008,https://culture.seoul.go.kr/cmmn/file/getImage.do?atchFileId=ca2e44264a364365bf4d6a9a698ef287&thumb=Y,서울시 문화행사,,,,2026-08-23 01:14:23
[서울돈화문국악당] 고금성 | 이희문컴퍼니 [高李 접어 부르는 완창 12雜歌(잡가)],서울돈화문국악당,2026-01-30,2026-01-31,국악,종로구,https://culture.seoul.go.kr/culture/culture/cultureEvent/view.do?cultcode=156543&menuNo=200008,https://culture.seoul.go.kr/cmmn/file/getImage.do?atchFileId=e3cf781d761741039c3dabd5b9065542&thumb=Y,서울시 문화행사,,0.009687,34,2026-08-23 01:14:23
청각장애 아동·청소년 연극 [미로의 백화점],구로창의아트홀,2026-01-30,2026-01-31,연극,구로구,https://culture.seoul.go.kr/culture/culture/cultureEvent/view.do?cultcode=156392&menuNo=200008,https://culture.seoul.go.kr/cmmn/file/getImage.do?atchFileId=400716ff24a5401b956848aaf4928e9f&thumb=Y,서울시 문화행사,,0.016697,39,2026-08-23 01:14:23
[금천문화재단] 2026 금나래아트홀 제작공연 복합극 [환어],금나래아트홀,2026-01-30,2026-01-31,연극,금천구,https://culture.seoul.go.kr/culture/culture/cultureEvent/view.do?cultcode=156305&menuNo=200008,https://culture.seoul.go.kr/cmmn/file/getImage.do?atchFileId=8c16f03fa8f9494f8d0f4d1e09d09356&thumb=Y,서울시 문화행사,,,,2026-08-23 01:14:23
[서울시립교향악단] 2026 서울시향 필리프 조르당의 브루크너 교향곡 9번 ②,예술의전당 콘서트홀,2026-01-30,2026-01-30,클래식,서초구,https://culture.seoul.go.kr/culture/culture/cultureEvent/view.do?cultcode=156211&menuNo=200008,https://culture.seoul.go.kr/cmmn/file/getImage.do?atchFileId=79b468376cea42ba8ca756255ac1fd6d&thumb=Y,서울시 문화행사,,0.021067,41,2026-08-23 01:14:23
2026 클라리넷 앙상블 휘 정기연주회 - Colorful Clarinets,세종체임버홀,2026-01-30,2026-01-30,클래식,종로구,https://culture.seoul.go.kr/culture/culture/cultureEvent/view.do?cultcode=156486&menuNo=200008,https://culture.seoul.go.kr/cmmn/file/getImage.do?atchFileId=e3043d86bdaf4a56910068b1273aea15&thumb=Y,서울시 문화행사,,0.012949,36,2026-08-23 01:14:23
[동작문화재단] 2026 본동어울마당 아트홀 상반기 정기 기획공연 본동 세레나데 1회차 [삼태기의 시니어 청춘 콘서트],본동어울마당 아트홀,2026-01-30,2026-01-30,콘서트,동작구,https://culture.seoul.go.kr/culture/culture/cultureEvent/view.do?cultcode=156585&menuNo=200008,https://culture.seoul.go.kr/cmmn/file/getImage.do?atchFileId=af30f62c07fc4b178249d7a24dc8c69c&thumb=Y,서울시 문화행사,,0.000311,0,2026-08-23 01:14:23
[서울대학교미술관] 오류를 거니는 산책자,서울대학교미술관 전관,2026-01-29,2026-03-29,전시/미술,관악구,https://culture.seoul.go.kr/culture/culture/cultureEvent/view.do?cultcode=156528&menuNo=200009,https://culture.seoul.go.kr/cmmn/file/getImage.do?atchFileId=1d57a6a3da414a45a87947cc57edf50c&thumb=Y,서울시 문화행사,,,,2026-08-23 01:14:23
2026 국립극장 어린이 예술학교 겨울방학,국립극장 뜰아래연습장 B2 공용리허설룸2,2026-01-29,2026-02-07,교육/체험,중구,https://culture.seoul.go.kr/culture/culture/cultureEvent/view.do?cultcode=156405&menuNo=200011,https://culture.seoul.go.kr/cmmn/file/getImage.do?atchFileId=597818f93a154b21902837ed6d1d81b1&thumb=Y,서울시 문화행사,,,,2026-08-23 01:14:23
[서울시립교향악단] 2026 서울시향 필리프 조르당의 브루크너 교향곡 9번 ①,롯데콘서트홀,2026-01-29,2026-01-29,클래식,송파구,https://culture.seoul.go.kr/culture/culture/cultureEvent/view.do?cultcode=156210&menuNo=200008,https://culture.seoul.go.kr/cmmn/file/getImage.do?atchFileId=05a407d446c8451abd476315e80fb17c&thumb=Y,서울시 문화행사,,0.808786,77,2026-08-23 01:14:23
소프라노 강종희 독창회,세종체임버홀,2026-01-29,2026-01-29,독주/독창회,종로구,https://culture.seoul.go.kr/culture/culture/cultureEvent/view.do?cultcode=156433&menuNo=200008,https://culture.seoul.go.kr/cmmn/file/getImage.do?atchFileId=cf202897de7d433797805fc7d1b237fb&thumb=Y,서울시 문화행사,,0.012949,36,2026-08-23 01:14:23
[동작문화재단] 2026 까망돌어울마당 아트홀 상반기 정기 기획공연 [까망돌 칸타빌레],까망돌어울마당 아트홀,2026-01-28,2026-06-24,콘서트,동작구,https://culture.seoul.go.kr/culture/culture/cultureEvent/view.do?cultcode=156492&menuNo=200008,https://culture.seoul.go.kr/cmmn/file/getImage.do?atchFileId=2a80f10da1914724b39f5b31a9c8aaf9&thumb=Y,서울시 문화행사,,0.001463,15,2026-08-23 01:14:23
[서울공예박물관] 공예동행@쇼윈도 #1. 누적의 형상 Forms of Accumulation,서울공예박물관 전시3동  ,2026-01-28,2026-03-29,전시/미술,종로구,https://culture.seoul.go.kr/culture/culture/cultureEvent/view.do?cultcode=156750&menuNo=200009,https://culture.seoul.go.kr/cmmn/file/getImage.do?atchFileId=cf36914719ab472b9f8cd0f1d7905a15&thumb=Y,서울시 문화행사,,0.000311,0,2026-08-23 01:14:23
[마포문화재단] M 마티네 [MAC 모닝 콘서트 #1~3] 패키지,마포아트센터 아트홀맥,2026-01-28,2026-03-24,클래식,마포구,https://culture.seoul.go.kr/culture/culture/cultureEvent/view.do?cultcode=156644&menuNo=200008,https://culture.seoul.go.kr/cmmn/file/getImage.do?atchFileId=e3b01577bc0f4cc1a7224fefe630c1b0&thumb=Y,서울시 문화행사,,0.055695,51,2026-08-23 01:14:23
두산아트랩 전시 2026,두산아트센터 두산갤러리,2026-01-28,2026-03-07,전시/미술,종로구,https://culture.seoul.go.kr/culture/culture/cultureEvent/view.do?cultcode=156625&menuNo=200009,https://culture.seoul.go.kr/cmmn/file/getImage.do?atchFileId=76e0164fe96c4098b738607be0e30629&thumb=Y,서울시 문화행사,,,,2026-08-23 01:14:23
"[관악문화재단] 2026 S1472 특별기획전시 [3, 2, 1]",관천로 문화플랫폼 S1472,2026-01-28,2026-02-11,전시/미술,관악구,https://culture.seoul.go.kr/culture/culture/cultureEvent/view.do?cultcode=156677&menuNo=200009,https://culture.seoul.go.kr/cmmn/file/getImage.do?atchFileId=b604de293140440284111080ea172e83&thumb=Y,서울시 문화행사,,,,2026-08-23 01:14:23
첼리스트 신호철이 해설하는 [앙상블 플레이리스트 ep.5],북서울 꿈의 아트센터 콘서트홀,2026-01-28,2026-01-28,클래식,강북구,https://culture.seoul.go.kr/culture/culture/cultureEvent/view.do?cultcode=156563&menuNo=200008,https://culture.seoul.go.kr/cmmn/file/getImage.do?atchFileId=68f9e14480d4488cbaf1373d25b0c00d&thumb=Y,서울시 문화행사,,,,2026-08-23 01:14:23
[강남문화재단] 강남심포니오케스트라 제114회 정기연주회,예술의전당 콘서트홀,2026-01-28,2026-01-28,클래식,서초구,https://culture.seoul.go.kr/culture/culture/cultureEvent/view.do?cultcode=156462&menuNo=200008,https://culture.seoul.go.kr/cmmn/file/getImage.do?atchFileId=4d6cb3203d8d49a1a60f13331355aa30&thumb=Y,서울시 문화행사,,0.021067,41,2026-08-23 01:14:23
"[서초문화원] 2026 신년음악회 [서초, 국악 : 새 빛의 울림]",서초문화예술회관 1층 아트홀,2026-01-28,2026-01-28,국악,서초구,https://culture.seoul.go.kr/culture/culture/cultureEvent/view.do?cultcode=156420&menuNo=200008,https://culture.seoul.go.kr/cmmn/file/getImage.do?atchFileId=3345837d9c604d4a8ad9e13f46798805&thumb=Y,서울시 문화행사,,,,2026-08-23 01:14:23
CMS ROUND-TABLE의 친절한 클래식,세종체임버홀,2026-01-28,2026-01-28,클래식,종로구,https://culture.seoul.go.kr/culture/culture/cultureEvent/view.do?cultcode=156434&menuNo=200008,https://culture.seoul.go.kr/cmmn/file/getImage.do?atchFileId=33faef11516e494c9a1269c3119a9d4e&thumb=Y,서울시 문화행사,,0.012949,36,2026-08-23 01:14:23
"[서울역사박물관] 서울 속 미국, 워싱턴 속 대한제국 - 두 공사관 이야기",서울역사박물관 로비전시실,2026-01-27,2026-03-29,전시/미술,종로구,https://culture.seoul.go.kr/culture/culture/cultureEvent/view.do?cultcode=156923&menuNo=200009,https://culture.seoul.go.kr/cmmn/file/getImage.do?atchFileId=5fde1912c06b44cb96121e4d444a002a&thumb=Y,서울시 문화행사,,,,2026-08-23 01:14:23
2026년 한국문화정보원 사업설명회,한국문화정보원 7층 대회의실,2026-01-27,2026-01-27,기타,마포구,https://culture.seoul.go.kr/culture/culture/cultureEvent/view.do?cultcode=156609&menuNo=200013,https://culture.seoul.go.kr/cmmn/file/getImage.do?atchFileId=bc48808c2d734d539929ce295cb2c767&thumb=Y,서울시 문화행사,,,,2026-08-23 01:14:23
권효진 피아노 독주회,세종체임버홀,2026-01-27,2026-01-27,독주/독창회,종로구,https://culture.seoul.go.kr/culture/culture/cultureEvent/view.do?cultcode=156437&menuNo=200008,https://culture.seoul.go.kr/cmmn/file/getImage.do?atchFileId=c2008eafb0e94339b979701c59b5de87&thumb=Y,서울시 문화행사,,0.012949,36,2026-08-23 01:14:23
제17회 ARKO한국창작음악제 (국악부문),예술의전당 콘서트홀,2026-01-27,2026-01-27,국악,서초구,https://culture.seoul.go.kr/culture/culture/cultureEvent/view.do?cultcode=156564&menuNo=200008,https://culture.seoul.go.kr/cmmn/file/getImage.do?atchFileId=fbb55c18c75f4fd09f147184b6520e8a&thumb=Y,서울시 문화행사,,0.021067,41,2026-08-23 01:14:23
김정훈 바이올린 독주회,예술의전당 인춘아트홀,2026-01-27,2026-01-27,클래식,서초구,https://culture.seoul.go.kr/culture/culture/cultureEvent/view.do?cultcode=156476&menuNo=200008,https://culture.seoul.go.kr/cmmn/file/getImage.do?atchFileId=f04dabcedd1442579a0d2354e8b9a0b7&thumb=Y,서울시 문화행사,,0.002693,21,2026-08-23 01:14:23
서울 윈터 뮤직 페스티벌 2026 Warm Air,정동1928 아트센터,2026-01-27,2026-01-27,클래식,중구,https://culture.seoul.go.kr/culture/culture/cultureEvent/view.do?cultcode=156542&menuNo=200008,https://culture.seoul.go.kr/cmmn/file/getImage.do?atchFileId=6faa1f328163455585a4f4789d11c421&thumb=Y,서울시 문화행사,,,,2026-08-23 01:14:23
[강남구 평생학습센터] 2026년 1차 논현글로벌평생학습센터 수강생 모집,논현글로벌평생학습센터 강의실,2026-01-26,2026-05-01,교육/체험,강남구,https://culture.seoul.go.kr/culture/culture/cultureEvent/view.do?cultcode=156475&menuNo=200011,https://culture.seoul.go.kr/cmmn/file/getImage.do?atchFileId=6eec9507a70b4f94bc59e0d213f3c250&thumb=Y,서울시 문화행사,,,,2026-08-23 01:14:23
[갤러리 안터] 그해겨울은 따뜻했네,갤러리 안터,2026-01-26,2026-04-20,전시/미술,종로구,https://culture.seoul.go.kr/culture/culture/cultureEvent/view.do?cultcode=157373&menuNo=200009,https://culture.seoul.go.kr/cmmn/file/getImage.do?atchFileId=23846e8480f24f39927bc91cd969a4d5&thumb=Y,서울시 문화행사,,,,2026-08-23 01:14:23
[세종대학교 미래교육원] 2026 성악 무료레슨 Day,세종대학교 새날관 내 연습실,2026-01-26,2026-01-27,교육/체험,광진구,https://culture.seoul.go.kr/culture/culture/cultureEvent/view.do?cultcode=156455&menuNo=200011,https://culture.seoul.go.kr/cmmn/file/getImage.do?atchFileId=c15116ae8b2943bc9b133839d0d167ca&thumb=Y,서울시 문화행사,,,,2026-08-23 01:14:23
[세종문화회관] 세종 인스피레이션 [리딩 & 리스닝 스테이지],세종대극장,2026-01-25,2026-01-26,교육/체험,종로구,https://culture.seoul.go.kr/culture/culture/cultureEvent/view.do?cultcode=156384&menuNo=200011,https://culture.seoul.go.kr/cmmn/file/getImage.do?atchFileId=b5d48bdc69c643acad673d5b76d8803b&thumb=Y,서울시 문화행사,,0.002366,20,2026-08-23 01:14:23
별관 기금마련전 [새의 선물 : Borderline],"별관 (서울시 마포구 망원로 74, 2층)",2026-01-24,2026-02-08,전시/미술,마포구,https://culture.seoul.go.kr/culture/culture/cultureEvent/view.do?cultcode=156587&menuNo=200009,https://culture.seoul.go.kr/cmmn/file/getImage.do?atchFileId=a09f649ee3ba49e0aab70ca3a6a49119&thumb=Y,서울시 문화행사,,,,2026-08-23 01:14:23
[종로문화재단] 2026 무계원 [아주 보통의 하루] 전시 연계 공예체험,무계원 사랑채2,2026-01-24,2026-02-07,교육/체험,종로구,https://culture.seoul.go.kr/culture/culture/cultureEvent/view.do?cultcode=156490&menuNo=200011,https://culture.seoul.go.kr/cmmn/file/getImage.do?atchFileId=c8bf2a90babc4650acc2d47e0f401dfe&thumb=Y,서울시 문화행사,,,,2026-08-23 01:14:23
서울역사박물관 [버틴스키: 추출/추상] 전시 연계 영화 상영회 [인류세: 인간의 시대],서울역사박물관 야주개홀,2026-01-24,2026-01-24,영화,종로구,https://culture.seoul.go.kr/culture/culture/cultureEvent/view.do?cultcode=156484&menuNo=200013,https://culture.seoul.go.kr/cmmn/file/getImage.do?atchFileId=be09577430ec4dc98c376ea261cca255&thumb=Y,서울시 문화행사,,0.000654,7,2026-08-23 01:14:23
피아니스트 박인혜의 베토벤 피아노 소나타 정주행 III,세종체임버홀,2026-01-24,2026-01-24,클래식,종로구,https://culture.seoul.go.kr/culture/culture/cultureEvent/view.do?cultcode=156435&menuNo=200008,https://culture.seoul.go.kr/cmmn/file/getImage.do?atchFileId=c84284039b4e454b861726b8f07ca53a&thumb=Y,서울시 문화행사,,0.012949,36,2026-08-23 01:14:23
최백호 콘서트,세종대극장,2026-01-24,2026-01-24,콘서트,종로구,https://culture.seoul.go.kr/culture/culture/cultureEvent/view.do?cultcode=156372&menuNo=200008,https://culture.seoul.go.kr/cmmn/file/getImage.do?atchFileId=42174d268d534d4bb66d7acbcaf85219&thumb=Y,서울시 문화행사,,0.002366,20,2026-08-23 01:14:23
알리 20주년 단독 콘서트 - 용진(勇進) 서울,세종M씨어터,2026-01-24,2026-01-24,콘서트,종로구,https://culture.seoul.go.kr/culture/culture/cultureEvent/view.do?cultcode=156603&menuNo=200008,https://culture.seoul.go.kr/cmmn/file/getImage.do?atchFileId=3cd1f6a563b849d190b5ad3064a06672&thumb=Y,서울시 문화행사,,0.003785,24,2026-08-23 01:14:23
도봉 마을아카이브 연계 민주주의 · 인권 기획전 《기억×기록》전시연계워크숍 [정말 멋진 세상이에요],"김근태기념도서관 2층 공간, 마루",2026-01-24,2026-01-24,교육/체험,은평구,https://culture.seoul.go.kr/culture/culture/cultureEvent/view.do?cultcode=156417&menuNo=200011,https://culture.seoul.go.kr/cmmn/file/getImage.do?atchFileId=0f230421c78b4c4abf14bede4beadf5e&thumb=Y,서울시 문화행사,,,,2026-08-23 01:14:23
[동작문화재단] 2026 상도어울마당 아트홀 상반기 정기 기획공연 '아트 박스 콘서트' 1회차 [손영춘의 인생 모노드라마],상도어울마당 아트홀,2026-01-24,2026-01-24,콘서트,동작구,https://culture.seoul.go.kr/culture/culture/cultureEvent/view.do?cultcode=156586&menuNo=200008,https://culture.seoul.go.kr/cmmn/file/getImage.do?atchFileId=230a2965a90b49ab8e64ac6024ef5454&thumb=Y,서울시 문화행사,,0.00042,3,2026-08-23 01:14:23
"[구립증산도서관] 파쳄작은도서관과 함께하는 [2026 책이랑 놀자, 이렇게!] 1월",파쳄작은도서관,2026-01-24,2026-01-24,교육/체험,은평구,https://culture.seoul.go.kr/culture/culture/cultureEvent/view.do?cultcode=156479&menuNo=200011,https://culture.seoul.go.kr/cmmn/file/getImage.do?atchFileId=362995efd61e407a9eef325f0381413c&thumb=Y,서울시 문화행사,,,,2026-08-23 01:14:23
쿠키런: 킹덤 아트 콜라보 프로젝트 특별전 [위대한 왕국의 유산],아라아트센터 1층,2026-01-23,2026-04-12,전시/미술,종로구,https://culture.seoul.go.kr/culture/culture/cultureEvent/view.do?cultcode=156694&menuNo=200009,https://culture.seoul.go.kr/cmmn/file/getImage.do?atchFileId=9c74132fc5284ea5a8a9423a9dda6e8d&thumb=Y,서울시 문화행사,,,,2026-08-23 01:14:23
[강동문화재단] 문화예술아카데미 어린이 성인 발레 [클래식 스완: 토슈즈반],강동아트센터 스튜디오#2,2026-01-23,2026-03-27,교육/체험,강동구,https://culture.seoul.go.kr/culture/culture/cultureEvent/view.do?cultcode=156506&menuNo=200011,https://culture.seoul.go.kr/cmmn/file/getImage.do?atchFileId=6704fdbc6f7449188155fa9266a39946&thumb=Y,서울시 문화행사,,,,2026-08-23 01:14:23
[강동문화재단] 극장의 도로시,강동아트센터  소극장 드림 일대,2026-01-23,2026-02-01,뮤지컬/오페라,강동구,https://culture.seoul.go.kr/culture/culture/cultureEvent/view.do?cultcode=156419&menuNo=200008,https://culture.seoul.go.kr/cmmn/file/getImage.do?atchFileId=0d81dd383d3141b596954ea85c46aa74&thumb=Y,서울시 문화행사,,,,2026-08-23 01:14:23
[광진문화재단] 광진구민과 함께하는 2026 광진문화재단 신년음악회,나루아트센터 대공연장,2026-01-23,2026-01-23,클래식,광진구,https://culture.seoul.go.kr/culture/culture/cultureEvent/view.do?cultcode=156369&menuNo=200008,https://culture.seoul.go.kr/cmmn/file/getImage.do?atchFileId=af3a2cc7985c4405a11535f68ecf0f27&thumb=Y,서울시 문화행사,,0.011878,36,2026-08-23 01:14:23
"[마포구립서강도서관] 독서토론회 [2026년 목, 수다]",마포구립서강도서관 3층 Book C,2026-01-22,2026-12-24,기타,마포구,https://culture.seoul.go.kr/culture/culture/cultureEvent/view.do?cultcode=156177&menuNo=200013,https://culture.seoul.go.kr/cmmn/file/getImage.do?atchFileId=f0983e8cc8024af8bb7b9d953d7e0803&thumb=Y,서울시 문화행사,,,,2026-08-23 01:14:23
[강동문화재단] 문화예술아카데미 성인 미술 [드로잉 아틀리에],강동아트센터 스튜디오#3,2026-01-22,2026-03-26,교육/체험,강동구,https://culture.seoul.go.kr/culture/culture/cultureEvent/view.do?cultcode=156500&menuNo=200011,https://culture.seoul.go.kr/cmmn/file/getImage.do?atchFileId=7a28aaad76ee461fae5df8a65e621aca&thumb=Y,서울시 문화행사,,,,2026-08-23 01:14:23
재즈클럽과 스튜디오에서 만나는 잼세션 시리즈! [그루브잼세션],재즈클럽 그루브,2026-01-22,2026-02-26,콘서트,서초구,https://culture.seoul.go.kr/culture/culture/cultureEvent/view.do?cultcode=156472&menuNo=200008,https://culture.seoul.go.kr/cmmn/file/getImage.do?atchFileId=3acf3b59ff844457a5e82afdfd102997&thumb=Y,서울시 문화행사,,0.00371,24,2026-08-23 01:14:23
[노화랑] 김성복 [그리움의 그림자],"노화랑 1, 2층 저시관",2026-01-22,2026-02-05,전시/미술,종로구,https://culture.seoul.go.kr/culture/culture/cultureEvent/view.do?cultcode=156521&menuNo=200009,https://culture.seoul.go.kr/cmmn/file/getImage.do?atchFileId=4f273b9487b348038d7acf1961185ce0&thumb=Y,서울시 문화행사,,,,2026-08-23 01:14:23
[강북문화재단] 안애순 컴퍼니 [춤이 말하다: 문소리x리아킴] ,강북문화예술회관 강북소나무홀,2026-01-22,2026-01-23,무용,강북구,https://culture.seoul.go.kr/culture/culture/cultureEvent/view.do?cultcode=156460&menuNo=200008,https://culture.seoul.go.kr/cmmn/file/getImage.do?atchFileId=c87fd384e8534b569718105dd8b98caf&thumb=Y,서울시 문화행사,,0.001818,17,2026-08-23 01:14:23
김지현 귀국 피아노 독주회,세종체임버홀,2026-01-22,2026-01-22,클래식,종로구,https://culture.seoul.go.kr/culture/culture/cultureEvent/view.do?cultcode=156354&menuNo=200008,https://culture.seoul.go.kr/cmmn/file/getImage.do?atchFileId=88c06dd2c87f477585ebed40fe9107a2&thumb=Y,서울시 문화행사,,0.012949,36,2026-08-23 01:14:23
[강동문화재단] 문화예술아카데미 어린이 연극 A반 [리틀 씨어터: 감정+몸짓 융합 연극놀이],강동아트센터 스튜디오#2,2026-01-21,2026-04-01,교육/체험,강동구,https://culture.seoul.go.kr/culture/culture/cultureEvent/view.do?cultcode=156498&menuNo=200011,https://culture.seoul.go.kr/cmmn/file/getImage.do?atchFileId=75b67a3afad04106a83354efe831dccc&thumb=Y,서울시 문화행사,,,,2026-08-23 01:14:23
[강동문화재단] 문화예술아카데미 어린이 연극 B반 [리틀씨어터: 생각을 키우는 인문학 연극], 강동아트센터 스튜디오#2,2026-01-21,2026-04-01,교육/체험,강동구,https://culture.seoul.go.kr/culture/culture/cultureEvent/view.do?cultcode=156499&menuNo=200011,https://culture.seoul.go.kr/cmmn/file/getImage.do?atchFileId=93565807ed674c779343958feaabde35&thumb=Y,서울시 문화행사,,,,2026-08-23 01:14:23
뮤지컬 [긴긴밤],링크아트센터드림 드림1관,2026-01-21,2026-03-29,뮤지컬/오페라,종로구,https://culture.seoul.go.kr/culture/culture/cultureEvent/view.do?cultcode=156621&menuNo=200008,https://culture.seoul.go.kr/cmmn/file/getImage.do?atchFileId=ae20b803a0634546ade7543ade7a5bd3&thumb=Y,서울시 문화행사,,,,2026-08-23 01:14:23
[강동문화재단] 문화예술아카데미 이수민의 [클래식 시간 여행],강동아트센터 스튜디오#3,2026-01-21,2026-02-11,교육/체험,강동구,https://culture.seoul.go.kr/culture/culture/cultureEvent/view.do?cultcode=156508&menuNo=200011,https://culture.seoul.go.kr/cmmn/file/getImage.do?atchFileId=9905c8a2a6a241f4a6e06c1fd44ea757&thumb=Y,서울시 문화행사,,,,2026-08-23 01:14:23
[마포구립서강도서관] 1-2월 / 어린이 읽는 인간 호모부커스 [2년간의 휴가],마포구립서강도서관 4층 어린이자료실 해봄,2026-01-21,2026-02-11,교육/체험,마포구,https://culture.seoul.go.kr/culture/culture/cultureEvent/view.do?cultcode=156350&menuNo=200011,https://culture.seoul.go.kr/cmmn/file/getImage.do?atchFileId=6af0679b33f64eec9830d3ec7c5e9012&thumb=Y,서울시 문화행사,,,,2026-08-23 01:14:23
[서울백제어린이박물관] 초등 3학년 어린이 대상 겨울방학 교육 [조물조물~ 백제 공방],"서울백제어린이박물관 교육실, 전시실",2026-01-21,2026-01-22,교육/체험,양천구,https://culture.seoul.go.kr/culture/culture/cultureEvent/view.do?cultcode=156414&menuNo=200011,https://culture.seoul.go.kr/cmmn/file/getImage.do?atchFileId=ea73244982fa4f40ac2c7ff4c2024638&thumb=Y,서울시 문화행사,,,,2026-08-23 01:14:23
[서울시립과학관] 2026년 서울시립과학관 [교사연수] 참가자 모집 안내,서울시립과학관 각 교육실,2026-01-21,2026-01-21,교육/체험,노원구,https://culture.seoul.go.kr/culture/culture/cultureEvent/view.do?cultcode=156454&menuNo=200011,https://culture.seoul.go.kr/cmmn/file/getImage.do?atchFileId=a74c34e37d29412ba02bad534c594e9e&thumb=Y,서울시 문화행사,,,,2026-08-23 01:14:23
1인가구 세미나 [혼삶 모먼트 : 잘 살고 있나요?],홍대 인사이터 홈 (동교로 196 4층),2026-01-21,2026-01-21,교육/체험,마포구,https://culture.seoul.go.kr/culture/culture/cultureEvent/view.do?cultcode=156480&menuNo=200011,https://culture.seoul.go.kr/cmmn/file/getImage.do?atchFileId=6baf2f31cd664e81b05dd09a555a36d4&thumb=Y,서울시 문화행사,,,,2026-08-23 01:14:23
[강동문화재단] 문화예술아카데미 어린이 발레 A반 [리틀스완: 백조의 호수와 함께],강동아트센터 스튜디오#2,2026-01-20,2026-03-31,교육/체험,강동구,https://culture.seoul.go.kr/culture/culture/cultureEvent/view.do?cultcode=156497&menuNo=200011,https://culture.seoul.go.kr/cmmn/file/getImage.do?atchFileId=d0beb1c7561a42f8b270a9beffefb055&thumb=Y,서울시 문화행사,,,,2026-08-23 01:14:23
[강동문화재단] 문화예술아카데미 어린이 미술 B반 [리틀 아틀리에: 어린이 건축가],"강동아트센터 스튜디오#3, 강동아트센터 스튜디오#2",2026-01-20,2026-02-24,교육/체험,강동구,https://culture.seoul.go.kr/culture/culture/cultureEvent/view.do?cultcode=156496&menuNo=200011,https://culture.seoul.go.kr/cmmn/file/getImage.do?atchFileId=79a8d0fbebd646b3bb75c90258833b54&thumb=Y,서울시 문화행사,,,,2026-08-23 01:14:23
[종로문화재단] 2026 궁중무용 [춘앵전] 교사연수 오픈클래스,우리소리도서관 4층 국악누리방,2026-01-20,2026-02-24,교육/체험,종로구,https://culture.seoul.go.kr/culture/culture/cultureEvent/view.do?cultcode=156461&menuNo=200011,https://culture.seoul.go.kr/cmmn/file/getImage.do?atchFileId=a98128237bfb4db8aa3a4c9ec5a1999c&thumb=Y,서울시 문화행사,,,,2026-08-23 01:14:23
디자인하우스 사진부 x 라보엘 빈티지 [Editorial Home],갤러리 지우헌,2026-01-20,2026-02-21,전시/미술,종로구,https://culture.seoul.go.kr/culture/culture/cultureEvent/view.do?cultcode=156471&menuNo=200009,https://culture.seoul.go.kr/cmmn/file/getImage.do?atchFileId=a240578d840040a5917972ec600a2977&thumb=Y,서울시 문화행사,,0.000685,8,2026-08-23 01:14:23
[서울시립과학관] MYSTERY A.I. [사라진 가족의 행방],서울시립과학관 1층 테라스(메이커스튜디오 앞),2026-01-20,2026-01-31,교육/체험,노원구,https://culture.seoul.go.kr/culture/culture/cultureEvent/view.do?cultcode=156524&menuNo=200011,https://culture.seoul.go.kr/cmmn/file/getImage.do?atchFileId=076a3055d5c24d48b23b4134781e1159&thumb=Y,서울시 문화행사,,,,2026-08-23 01:14:23
[서울시동부권직장맘지원센터] 1월 노동법률교육 [직장맘·대디가 알아야 할 2026년 모·부성보호제도 개정법],온라인(ZOOM),2026-01-20,2026-01-27,교육/체험,광진구,https://culture.seoul.go.kr/culture/culture/cultureEvent/view.do?cultcode=156456&menuNo=200011,https://culture.seoul.go.kr/cmmn/file/getImage.do?atchFileId=37f982ff8c804575a03b463372d6527a&thumb=Y,서울시 문화행사,,,,2026-08-23 01:14:23
[강동문화재단] 문화예술아카데미 어린이 성인 발레 [클래식 스완: 중급반],강동아트센터 스튜디오#2,2026-01-19,2026-04-06,교육/체험,강동구,https://culture.seoul.go.kr/culture/culture/cultureEvent/view.do?cultcode=156505&menuNo=200011,https://culture.seoul.go.kr/cmmn/file/getImage.do?atchFileId=2131462907e645e09f8637a0e7d4cfd7&thumb=Y,서울시 문화행사,,,,2026-08-23 01:14:23
[강동문화재단] 문화예술아카데미 어린이 성인 발레 [클래식 스완: 작품반],강동아트센터 스튜디오#2,2026-01-19,2026-04-06,교육/체험,강동구,https://culture.seoul.go.kr/culture/culture/cultureEvent/view.do?cultcode=156507&menuNo=200011,https://culture.seoul.go.kr/cmmn/file/getImage.do?atchFileId=240a1fc67f6940f78231d471427a7a3b&thumb=Y,서울시 문화행사,,,,2026-08-23 01:14:23
클림트와 라치오디의 기적,마이아트뮤지엄,2026-01-19,2026-03-22,전시/미술,강남구,https://culture.seoul.go.kr/culture/culture/cultureEvent/view.do?cultcode=156513&menuNo=200009,https://culture.seoul.go.kr/cmmn/file/getImage.do?atchFileId=0b01e0c64233415696eabc638c44d12e&thumb=Y,서울시 문화행사,,,,2026-08-23 01:14:23
대한민국뮤지컬페스티벌 - 제10회 한국뮤지컬어워즈,세종문화회관 세종대극장,2026-01-19,2026-01-19,뮤지컬/오페라,종로구,https://culture.seoul.go.kr/culture/culture/cultureEvent/view.do?cultcode=156423&menuNo=200008,https://culture.seoul.go.kr/cmmn/file/getImage.do?atchFileId=f02093f06e184a53829036627ddfe624&thumb=Y,서울시 문화행사,,,,2026-08-23 01:14:23
[성동구립도서관] 1월 영어스토리텔링 수업,성동구립도서관,2026-01-18,2026-01-18,교육/체험,성동구,https://culture.seoul.go.kr/culture/culture/cultureEvent/view.do?cultcode=156444&menuNo=200011,https://culture.seoul.go.kr/cmmn/file/getImage.do?atchFileId=73fe153de9824d3ab4ea25cbc7b32318&thumb=Y,서울시 문화행사,,0.325165,68,2026-08-23 01:14:23
"[서울기록원] 성인대상 기록문화체험 [기록적 오늘, 취향의 발견]",서울기록원 3층 교육실,2026-01-17,2026-02-22,교육/체험,은평구,https://culture.seoul.go.kr/culture/culture/cultureEvent/view.do?cultcode=156457&menuNo=200011,https://culture.seoul.go.kr/cmmn/file/getImage.do?atchFileId=65672b4440cb43d8bf80b570240f6e2d&thumb=Y,서울시 문화행사,,,,2026-08-23 01:14:23
IAN KIM Piano Salon 2026,서울숲 스튜디오301,2026-01-17,2026-02-21,클래식,성동구,https://culture.seoul.go.kr/culture/culture/cultureEvent/view.do?cultcode=156418&menuNo=200008,https://culture.seoul.go.kr/cmmn/file/getImage.do?atchFileId=139fcacc37064aa69bf157d4662dbd3a&thumb=Y,서울시 문화행사,,,,2026-08-23 01:14:23
[서울무형유산교육전시장] 2026년 겨울방학 초등학생 특별체험,서울무형유산교육전시장 지하1층 세미나실,2026-01-17,2026-01-25,교육/체험,종로구,https://culture.seoul.go.kr/culture/culture/cultureEvent/view.do?cultcode=156442&menuNo=200011,https://culture.seoul.go.kr/cmmn/file/getImage.do?atchFileId=3c6db2245912410bbe6a64f2a614cf4e&thumb=Y,서울시 문화행사,,,,2026-08-23 01:14:23
"DDP 협력전시 [2026 VIDAK, 디총 31주년 기념 [K_Culture]: 신진작가 국제 초대전]",동대문디자인플라자(DDP) 디자인뮤지엄 둘레길 A(B2~1층),2026-01-17,2026-01-22,전시/미술,중구,https://culture.seoul.go.kr/culture/culture/cultureEvent/view.do?cultcode=156518&menuNo=200009,https://culture.seoul.go.kr/cmmn/file/getImage.do?atchFileId=7728ca04f41747b78ffcb7a172dafb93&thumb=Y,서울시 문화행사,,,,2026-08-23 01:14:23
[반지의 제왕: 왕의 귀환] 인 콘서트,세종대극장,2026-01-17,2026-01-18,클래식,종로구,https://culture.seoul.go.kr/culture/culture/cultureEvent/view.do?cultcode=156315&menuNo=200008,https://culture.seoul.go.kr/cmmn/file/getImage.do?atchFileId=b8fb603b048e42aa85e1951b2e5e2c09&thumb=Y,서울시 문화행사,,0.002366,20,2026-08-23 01:14:23
"[은평역사한옥박물관] 북한산의 작은 이웃, 새와 만나요",은평역사한옥박물관 교육실,2026-01-17,2026-01-17,교육/체험,은평구,https://culture.seoul.go.kr/culture/culture/cultureEvent/view.do?cultcode=156404&menuNo=200011,https://culture.seoul.go.kr/cmmn/file/getImage.do?atchFileId=35578fb04d844d639243399bba3a8309&thumb=Y,서울시 문화행사,,,,2026-08-23 01:14:23
김미현 심야전시 [Night Bodies],콜드슬립,2026-01-16,2026-02-21,전시/미술,강북구,https://culture.seoul.go.kr/culture/culture/cultureEvent/view.do?cultcode=155856&menuNo=200009,https://culture.seoul.go.kr/cmmn/file/getImage.do?atchFileId=a1b6d243a93d4c6c8c90c88808d2b48e&thumb=Y,서울시 문화행사,,,,2026-08-23 01:14:23
"[서울상상나라] 국제상 수상 빛의 방 신규 교육 프로그램 [빛, 너머]",서울상상나라 B1 빛의방,2026-01-16,2026-02-01,교육/체험,광진구,https://culture.seoul.go.kr/culture/culture/cultureEvent/view.do?cultcode=156401&menuNo=200011,https://culture.seoul.go.kr/cmmn/file/getImage.do?atchFileId=0cbf5cfc5ae14abd8d067ac8c23bccbc&thumb=Y,서울시 문화행사,,,,2026-08-23 01:14:23
[서울돈화문국악당] 예술 인생 60주년 기념[김운태傳],서울돈화문국악당,2026-01-16,2026-01-25,국악,종로구,https://culture.seoul.go.kr/culture/culture/cultureEvent/view.do?cultcode=156352&menuNo=200008,https://culture.seoul.go.kr/cmmn/file/getImage.do?atchFileId=48f438ef64c04cb999079d896831730e&thumb=Y,서울시 문화행사,,0.009687,34,2026-08-23 01:14:23
"[동작문화재단] 까망돌어울마당 아트홀 국립극장 협력사업 [공연실황 스크린 : ON AIR] 3회차 [귀토, 토끼의 팔란] 2부",까망돌어울마당 아트홀,2026-01-16,2026-01-16,영화,동작구,https://culture.seoul.go.kr/culture/culture/cultureEvent/view.do?cultcode=156421&menuNo=200013,https://culture.seoul.go.kr/cmmn/file/getImage.do?atchFileId=853adc8720a546afa9aa59a5b7833f3c&thumb=Y,서울시 문화행사,,0.001463,15,2026-08-23 01:14:23
[구로문화재단] 2026 구로문화재단 신년음악회,구로아트밸리 예술극장,2026-01-16,2026-01-16,클래식,구로구,https://culture.seoul.go.kr/culture/culture/cultureEvent/view.do?cultcode=156224&menuNo=200008,https://culture.seoul.go.kr/cmmn/file/getImage.do?atchFileId=7093c522035342ac9fd1468355624eb0&thumb=Y,서울시 문화행사,,0.003835,25,2026-08-23 01:14:23
테너 최병준 귀국 독창회,세종체임버홀,2026-01-16,2026-01-16,독주/독창회,종로구,https://culture.seoul.go.kr/culture/culture/cultureEvent/view.do?cultcode=156375&menuNo=200008,https://culture.seoul.go.kr/cmmn/file/getImage.do?atchFileId=ab8a2f4c6b70492bb7729dd63e23c767&thumb=Y,서울시 문화행사,,0.012949,36,2026-08-23 01:14:23
[강북문화재단] 2026 강북문화재단 신년음악회 [한빛예술단 & 라포엠],강북문화예술회관 강북소나무홀,2026-01-16,2026-01-16,클래식,강북구,https://culture.seoul.go.kr/culture/culture/cultureEvent/view.do?cultcode=156308&menuNo=200008,https://culture.seoul.go.kr/cmmn/file/getImage.do?atchFileId=6b61808aa02240d3b860c4111319ed6d&thumb=Y,서울시 문화행사,,0.001818,17,2026-08-23 01:14:23
[금천문화재단] 기획전시 《지구의 다른 거주자들 Things Beyond Beings》 전시 연계 프로그램 안내,금나래갤러리,2026-01-15,2026-02-07,교육/체험,금천구,https://culture.seoul.go.kr/culture/culture/cultureEvent/view.do?cultcode=156494&menuNo=200011,https://culture.seoul.go.kr/cmmn/file/getImage.do?atchFileId=bfcc14e2f7ce4bde887c6b3f3c4b2690&thumb=Y,서울시 문화행사,,,,2026-08-23 01:14:23
"[마포구립서강도서관] 2026년 개관 18주년 기념 집중인문학 [여성 작가, 세상을 다시 쓰다]",마포구립서강도서관 3층,2026-01-15,2026-02-05,교육/체험,마포구,https://culture.seoul.go.kr/culture/culture/cultureEvent/view.do?cultcode=156346&menuNo=200011,https://culture.seoul.go.kr/cmmn/file/getImage.do?atchFileId=ee25773660e244e895ab697e930986c5&thumb=Y,서울시 문화행사,,,,2026-08-23 01:14:23
"[마포구립서강도서관] 1월 어린이 겨울 독서교실 [겨울아, 읽자]",마포구립서강도서관 4층 어린이자료실 해봄,2026-01-15,2026-01-22,교육/체험,마포구,https://culture.seoul.go.kr/culture/culture/cultureEvent/view.do?cultcode=156345&menuNo=200011,https://culture.seoul.go.kr/cmmn/file/getImage.do?atchFileId=218a17c6f09b4777b14cd98275ba381d&thumb=Y,서울시 문화행사,,,,2026-08-23 01:14:23
[서울책보고] 북토크 [나로 살 결심] 문유석 작가,서울책보고 라운지 (잠실나루역 1번 출구 도보 1분),2026-01-15,2026-01-15,교육/체험,송파구,https://culture.seoul.go.kr/culture/culture/cultureEvent/view.do?cultcode=156459&menuNo=200011,https://culture.seoul.go.kr/cmmn/file/getImage.do?atchFileId=e46ec010bd22436fb331401c8ab6776c&thumb=Y,서울시 문화행사,,,,2026-08-23 01:14:23
신년음악회 : 리듬 오브 클래식,세종문화회관 세종대극장,2026-01-15,2026-01-15,클래식,종로구,https://culture.seoul.go.kr/culture/culture/cultureEvent/view.do?cultcode=156409&menuNo=200008,https://culture.seoul.go.kr/cmmn/file/getImage.do?atchFileId=623ea9e414674c25bf2281c9c58c9de9&thumb=Y,서울시 문화행사,,,,2026-08-23 01:14:23
[금천문화재단] 금나래갤러리 기획전시 [지구의 (다른) 거주자들],금나래갤러리,2026-01-14,2026-02-22,전시/미술,금천구,https://culture.seoul.go.kr/culture/culture/cultureEvent/view.do?cultcode=156307&menuNo=200009,https://culture.seoul.go.kr/cmmn/file/getImage.do?atchFileId=5f31a787336d4be086a8dbcdf12c2f9a&thumb=Y,서울시 문화행사,,,,2026-08-23 01:14:23
데비 한 초대전 [Odyssey of Becoming: SHADOW PEOPLE],서소문성지 역사박물관 지하 2층 기획전시실,2026-01-14,2026-02-07,전시/미술,중구,https://culture.seoul.go.kr/culture/culture/cultureEvent/view.do?cultcode=156551&menuNo=200009,https://culture.seoul.go.kr/cmmn/file/getImage.do?atchFileId=594243f2ff1744798106db0c8d58b5d1&thumb=Y,서울시 문화행사,,,,2026-08-23 01:14:23
[어린이청소년국학도서관] 겨울방학 특강 [성균관대학교와 함께하는 문해력 향상교실],어린이청소년 국학도서관 세미나실,2026-01-14,2026-02-04,교육/체험,종로구,https://culture.seoul.go.kr/culture/culture/cultureEvent/view.do?cultcode=156415&menuNo=200011,https://culture.seoul.go.kr/cmmn/file/getImage.do?atchFileId=34d231cdf25249bc92642788219c3b5e&thumb=Y,서울시 문화행사,,,,2026-08-23 01:14:23
송하나 피아노 독주회,세종체임버홀,2026-01-14,2026-01-14,클래식,종로구,https://culture.seoul.go.kr/culture/culture/cultureEvent/view.do?cultcode=156386&menuNo=200008,https://culture.seoul.go.kr/cmmn/file/getImage.do?atchFileId=9798803527c3425c87c567d99549b162&thumb=Y,서울시 문화행사,,0.012949,36,2026-08-23 01:14:23
[한양도성박물관] 겨울방학 교육 모집,한양도성박물관,2026-01-13,2026-02-12,교육/체험,종로구,https://culture.seoul.go.kr/culture/culture/cultureEvent/view.do?cultcode=156447&menuNo=200011,https://culture.seoul.go.kr/cmmn/file/getImage.do?atchFileId=1e3783a4584646a1bcd95532f4415be9&thumb=Y,서울시 문화행사,,0.036495,47,2026-08-23 01:14:23
[강서문화원] Color; Melodies of Life,강서아트리움,2026-01-13,2026-01-30,전시/미술,강서구,https://culture.seoul.go.kr/culture/culture/cultureEvent/view.do?cultcode=156527&menuNo=200009,https://culture.seoul.go.kr/cmmn/file/getImage.do?atchFileId=d3cc5aaaa53c44a5aff063718702f168&thumb=Y,서울시 문화행사,,,,2026-08-23 01:14:23
미림아트갤러리 [백일몽 | Daydreamin’] - 어떤 도시의 기록,"미림아트센터 3층, 미림아트갤러리",2026-01-13,2026-01-26,전시/미술,종로구,https://culture.seoul.go.kr/culture/culture/cultureEvent/view.do?cultcode=156469&menuNo=200009,https://culture.seoul.go.kr/cmmn/file/getImage.do?atchFileId=ff2a16eba5ee49d78c675d4ff716b585&thumb=Y,서울시 문화행사,,,,2026-08-23 01:14:23
[서울우리소리박물관] 2026 겨울방학 교실 [우리소리 사물놀이패],서울우리소리박물관 B2층 교육실,2026-01-13,2026-01-23,교육/체험,종로구,https://culture.seoul.go.kr/culture/culture/cultureEvent/view.do?cultcode=156399&menuNo=200011,https://culture.seoul.go.kr/cmmn/file/getImage.do?atchFileId=44d2aa6459484e5bbe11ba92df8360f8&thumb=Y,서울시 문화행사,,,,2026-08-23 01:14:23
[서울백제어린이박물관] 초등 1-2학년 어린이 대상 겨울방학 교육 [조물조물~ 백제 공방],"서울백제어린이박물관 교육실, 전시실",2026-01-13,2026-01-20,교육/체험,송파구,https://culture.seoul.go.kr/culture/culture/cultureEvent/view.do?cultcode=156412&menuNo=200011,https://culture.seoul.go.kr/cmmn/file/getImage.do?atchFileId=618759a104e342ba8e459148f586ec8b&thumb=Y,서울시 문화행사,,,,2026-08-23 01:14:23
앙상블 콘스피로 창단 연주회,세종체임버홀,2026-01-13,2026-01-13,클래식,종로구,https://culture.seoul.go.kr/culture/culture/cultureEvent/view.do?cultcode=156353&menuNo=200008,https://culture.seoul.go.kr/cmmn/file/getImage.do?atchFileId=b27b33ad304d47ed90dc9fecfec341cf&thumb=Y,서울시 문화행사,,0.012949,36,2026-08-23 01:14:23
[용두어린이영어도서관] 2026년 1분기 Focus on Language,용두어린이영어도서관,2026-01-12,2026-03-30,교육/체험,동대문구,https://culture.seoul.go.kr/culture/culture/cultureEvent/view.do?cultcode=156649&menuNo=200011,https://culture.seoul.go.kr/cmmn/file/getImage.do?atchFileId=7adbe581eceb4f92ab175e9949841fe0&thumb=Y,서울시 문화행사,,,,2026-08-23 01:14:23
[세종대 미래교육원] 2026 방학특별강좌 관현악 그룹레슨,세종대학교 새날관 내 연습실,2026-01-12,2026-03-06,교육/체험,광진구,https://culture.seoul.go.kr/culture/culture/cultureEvent/view.do?cultcode=156339&menuNo=200011,https://culture.seoul.go.kr/cmmn/file/getImage.do?atchFileId=3da6bd59852a428d9f8ca65cd3a9e2f8&thumb=Y,서울시 문화행사,,,,2026-08-23 01:14:23
[서울생활사박물관] 2026년 겨울방학 교육 우리는 박물관 학예연구사(중학생),"서울생활사박물관 (생활사전시실, 기획전시실, 수장고, 교육실 등)",2026-01-12,2026-01-27,교육/체험,노원구,https://culture.seoul.go.kr/culture/culture/cultureEvent/view.do?cultcode=156304&menuNo=200011,https://culture.seoul.go.kr/cmmn/file/getImage.do?atchFileId=3e30002dfde34ec78abb2768c1a9879b&thumb=Y,서울시 문화행사,,,,2026-08-23 01:14:23
영화 [휴민트] 개봉 기념 특별 기획전,DDP 이간수문전시장,2026-01-12,2026-01-25,전시/미술,중구,https://culture.seoul.go.kr/culture/culture/cultureEvent/view.do?cultcode=156576&menuNo=200009,https://culture.seoul.go.kr/cmmn/file/getImage.do?atchFileId=aa6dbfb3f57d4a39bca9cea5c59623ff&thumb=Y,서울시 문화행사,,0.000545,5,2026-08-23 01:14:23
"[서울공예박물관] 또롱또롱 마법사 금도목섬!_1,2월",서울공예박물관 전시3동 1층 교육실,2026-01-11,2026-02-01,교육/체험,종로구,https://culture.seoul.go.kr/culture/culture/cultureEvent/view.do?cultcode=156272&menuNo=200011,https://culture.seoul.go.kr/cmmn/file/getImage.do?atchFileId=4a1082f0b5c84f2d9f7eefa0556a537b&thumb=Y,서울시 문화행사,,,,2026-08-23 01:14:23
[종로아이들극장] 미디어 상상 놀이극 [거인의 책상],종로 아이들극장,2026-01-10,2026-02-01,연극,종로구,https://culture.seoul.go.kr/culture/culture/cultureEvent/view.do?cultcode=156199&menuNo=200008,https://culture.seoul.go.kr/cmmn/file/getImage.do?atchFileId=082b0a434fdc4bc5a0f601b984c1048f&thumb=Y,서울시 문화행사,,0.020009,41,2026-08-23 01:14:23
달나라동백꽃 [풀(POOL)] - 2025 창작산실 올해의신작 연극,대학로예술극장 소극장,2026-01-10,2026-01-18,연극,종로구,https://culture.seoul.go.kr/culture/culture/cultureEvent/view.do?cultcode=156363&menuNo=200008,https://culture.seoul.go.kr/cmmn/file/getImage.do?atchFileId=0fe499c24a7c49ef9dd313ac2e9619ef&thumb=Y,서울시 문화행사,,0.003984,25,2026-08-23 01:14:23
"[신청 마감] 문예북흥 No.53 - 새해 첫 문예북흥은 황석영과 함께, 수령 600년 팽나무 『할매』가 기억하는 생성과 소멸의 시간을.",이호철북콘서트홀,2026-01-10,2026-01-10,교육/체험,은평구,https://culture.seoul.go.kr/culture/culture/cultureEvent/view.do?cultcode=156446&menuNo=200011,https://culture.seoul.go.kr/cmmn/file/getImage.do?atchFileId=9c6c66c75f174fd98772d9f38615dd9b&thumb=Y,서울시 문화행사,,0.013049,36,2026-08-23 01:14:23
[성동문화재단] 2026 성동구민과 함께하는  신년음악회,소월아트홀  (월요일 휴관),2026-01-10,2026-01-10,클래식,성동구,https://culture.seoul.go.kr/culture/culture/cultureEvent/view.do?cultcode=156368&menuNo=200008,https://culture.seoul.go.kr/cmmn/file/getImage.do?atchFileId=d11403c365084add981da3c5151d61b8&thumb=Y,서울시 문화행사,,,,2026-08-23 01:14:23
[서울아트센터 도암] 전시 연계 워크숍: Red Horse 붉은 말 애니메이션 만들기,서울아트센터 도암,2026-01-10,2026-01-10,교육/체험,종로구,https://culture.seoul.go.kr/culture/culture/cultureEvent/view.do?cultcode=156458&menuNo=200011,https://culture.seoul.go.kr/cmmn/file/getImage.do?atchFileId=15b32a7b0ce44d47aadf193800308141&thumb=Y,서울시 문화행사,,,,2026-08-23 01:14:23
[DDP] Dream in Light,"DDP 전면, 유구전시장 앞, 미래로 상부",2026-01-09,2026-12-31,전시/미술,중구,https://culture.seoul.go.kr/culture/culture/cultureEvent/view.do?cultcode=156491&menuNo=200009,https://culture.seoul.go.kr/cmmn/file/getImage.do?atchFileId=bfa59aa56eed4af8b441d88bad873037&thumb=Y,서울시 문화행사,,,,2026-08-23 01:14:23
2026 서울문화예술교육센터 양천 [모두의 아뜰리에] 상설 체험 프로그램 [종이로 팝(Pop)! 상상으로 업(Up)!],서울문화예술교육센터 양천 1층,2026-01-09,2026-02-27,교육/체험,양천구,https://culture.seoul.go.kr/culture/culture/cultureEvent/view.do?cultcode=156489&menuNo=200011,https://culture.seoul.go.kr/cmmn/file/getImage.do?atchFileId=289207ee59fe40969b0ed75dff96a215&thumb=Y,서울시 문화행사,,,,2026-08-23 01:14:23
[한솥아트스페이스] 김재명 개인전 [자연 곁에서 : BESIDE NATURE] from.연우진,한솥아트스페이스(서울시 강남구 압구정로 459 B1F),2026-01-09,2026-01-24,전시/미술,강남구,https://culture.seoul.go.kr/culture/culture/cultureEvent/view.do?cultcode=156436&menuNo=200009,https://culture.seoul.go.kr/cmmn/file/getImage.do?atchFileId=eb92b884995f40099c0abb7cdaaeb684&thumb=Y,서울시 문화행사,,,,2026-08-23 01:14:23
광진문화재단X세종대학교 [청춘 아트 브릿지] ① [연극] 검찰관,나루아트센터 대공연장,2026-01-09,2026-01-10,연극,광진구,https://culture.seoul.go.kr/culture/culture/cultureEvent/view.do?cultcode=156422&menuNo=200008,https://culture.seoul.go.kr/cmmn/file/getImage.do?atchFileId=0a018fbe28c247bc93ca72da57286e02&thumb=Y,서울시 문화행사,,0.011878,36,2026-08-23 01:14:23
국립국악관현악단 [2026 신년 음악회],국립극장 해오름극장,2026-01-09,2026-01-09,국악,중구,https://culture.seoul.go.kr/culture/culture/cultureEvent/view.do?cultcode=156190&menuNo=200008,https://culture.seoul.go.kr/cmmn/file/getImage.do?atchFileId=06b61ef871bf47e2ba0f0412bd390467&thumb=Y,서울시 문화행사,,0.257667,66,2026-08-23 01:14:23
이다솜 피아노 독주회,세종체임버홀,2026-01-09,2026-01-09,독주/독창회,종로구,https://culture.seoul.go.kr/culture/culture/cultureEvent/view.do?cultcode=156438&menuNo=200008,https://culture.seoul.go.kr/cmmn/file/getImage.do?atchFileId=dcfeb39b759845fba291ac053910ccaa&thumb=Y,서울시 문화행사,,0.012949,36,2026-08-23 01:14:23
2026 도암 신년음악회,서울아트센터 도암홀 (서울특별시 종로구 평창문화로 70),2026-01-09,2026-01-09,클래식,종로구,https://culture.seoul.go.kr/culture/culture/cultureEvent/view.do?cultcode=156391&menuNo=200008,https://culture.seoul.go.kr/cmmn/file/getImage.do?atchFileId=1f755efe2bb04599a3b215db03212ddc&thumb=Y,서울시 문화행사,,,,2026-08-23 01:14:23
[서울시립교향악단] 2026 서울시향 신년 음악회,롯데콘서트홀,2026-01-09,2026-01-09,클래식,송파구,https://culture.seoul.go.kr/culture/culture/cultureEvent/view.do?cultcode=156209&menuNo=200008,https://culture.seoul.go.kr/cmmn/file/getImage.do?atchFileId=f507845673bb4102bd1ae10e3632285c&thumb=Y,서울시 문화행사,,0.808786,77,2026-08-23 01:14:23
연극 [튜링머신],세종문화회관 세종S씨어터,2026-01-08,2026-03-01,연극,종로구,https://culture.seoul.go.kr/culture/culture/cultureEvent/view.do?cultcode=156407&menuNo=200008,https://culture.seoul.go.kr/cmmn/file/getImage.do?atchFileId=678bb003de304393bffd96984249afc6&thumb=Y,서울시 문화행사,,,,2026-08-23 01:14:23
[서울시립과학관] 2026 겨울방학 [미지의 행성에 불시착!] 체험 프로그램,과학관 별관 메이커 스튜디오,2026-01-08,2026-02-08,교육/체험,노원구,https://culture.seoul.go.kr/culture/culture/cultureEvent/view.do?cultcode=156398&menuNo=200011,https://culture.seoul.go.kr/cmmn/file/getImage.do?atchFileId=6c7935230a7243aca631a49e7a4534a1&thumb=Y,서울시 문화행사,,,,2026-08-23 01:14:23
[중랑문화재단] 2026 창의융합 유아동 예술프로그램 [말랑말랑 중랑] 1월,중랑아트센터 프로그램실,2026-01-08,2026-01-31,교육/체험,중랑구,https://culture.seoul.go.kr/culture/culture/cultureEvent/view.do?cultcode=156337&menuNo=200011,https://culture.seoul.go.kr/cmmn/file/getImage.do?atchFileId=3868f8c3c0ed46cdb55de0106695d099&thumb=Y,서울시 문화행사,,,,2026-08-23 01:14:23
[중랑청소년문화예술창작센터] 1월 아트청 프로그램 안내,중랑청소년문화예술창작센터,2026-01-08,2026-01-31,교육/체험,중랑구,https://culture.seoul.go.kr/culture/culture/cultureEvent/view.do?cultcode=156403&menuNo=200011,https://culture.seoul.go.kr/cmmn/file/getImage.do?atchFileId=9a28d185dd484efe8d8f7428a5ef2804&thumb=Y,서울시 문화행사,,,,2026-08-23 01:14:23
"신촌 리빙랩(Living-Lab) 1기 [사이클(Cycle): 기후위기 시대, 순환하는 물질과 연결되는 존재]",코지모임공간 신촌 4호점 SPACE 11 (2호선 신촌역 버티고타워 10층),2026-01-08,2026-01-29,교육/체험,서대문구,https://culture.seoul.go.kr/culture/culture/cultureEvent/view.do?cultcode=156303&menuNo=200011,https://culture.seoul.go.kr/cmmn/file/getImage.do?atchFileId=92b870cde83b46da88ece65dab90f4b9&thumb=Y,서울시 문화행사,,,,2026-08-23 01:14:23
전시 [하이퍼에코 Hyperecho],탈영역우정국,2026-01-08,2026-01-20,전시/미술,마포구,https://culture.seoul.go.kr/culture/culture/cultureEvent/view.do?cultcode=156470&menuNo=200009,https://culture.seoul.go.kr/cmmn/file/getImage.do?atchFileId=aa8d8d21cf8a4e97b76e886243696ad8&thumb=Y,서울시 문화행사,,,,2026-08-23 01:14:23
[센과 치히로의 행방불명] 오리지널 투어 (SPIRITED AWAY),예술의 전당 오페라극장,2026-01-07,2026-03-22,뮤지컬/오페라,서초구,https://culture.seoul.go.kr/culture/culture/cultureEvent/view.do?cultcode=156510&menuNo=200008,https://culture.seoul.go.kr/cmmn/file/getImage.do?atchFileId=1053a59b98f641c9bcc524a759ff3bff&thumb=Y,서울시 문화행사,,,,2026-08-23 01:14:23
[서울시립과학관] 2026년 겨울방학 [미스터리 실험실] 체험 프로그램,서울시립과학관 3층 로비,2026-01-07,2026-02-28,교육/체험,노원구,https://culture.seoul.go.kr/culture/culture/cultureEvent/view.do?cultcode=156448&menuNo=200011,https://culture.seoul.go.kr/cmmn/file/getImage.do?atchFileId=add53387c5cb4789afb74852011fc5a4&thumb=Y,서울시 문화행사,,,,2026-08-23 01:14:23
[서울아트책보고] 독서모임 공간지원 프로그램,"워크숍룸, 아트북 열람실",2026-01-07,2026-02-28,기타,구로구,https://culture.seoul.go.kr/culture/culture/cultureEvent/view.do?cultcode=156452&menuNo=200013,https://culture.seoul.go.kr/cmmn/file/getImage.do?atchFileId=1b12f8c4fa5c4a76ae82600b984548f3&thumb=Y,서울시 문화행사,,,,2026-08-23 01:14:23
[세종뮤지엄갤러리] 사유의 시점 - 조현애 기획초대전,세종뮤지엄갤러리 1관 (광진구 능동로 209 세종대학교 대양 AI B1),2026-01-07,2026-01-18,전시/미술,광진구,https://culture.seoul.go.kr/culture/culture/cultureEvent/view.do?cultcode=156481&menuNo=200009,https://culture.seoul.go.kr/cmmn/file/getImage.do?atchFileId=6b8b3b1f3fae4f389512679707371bde&thumb=Y,서울시 문화행사,,,,2026-08-23 01:14:23
[세종뮤지엄갤러리] New Symphony-김순남 기획초대전,세종뮤지엄갤러리 1관 (광진구 능동로 209 세종대학교 대양 AI B1),2026-01-07,2026-01-18,전시/미술,광진구,https://culture.seoul.go.kr/culture/culture/cultureEvent/view.do?cultcode=156482&menuNo=200009,https://culture.seoul.go.kr/cmmn/file/getImage.do?atchFileId=c6d6ecf73e064e5ca2102eb87eaacb25&thumb=Y,서울시 문화행사,,,,2026-08-23 01:14:23
[세종문화회관] 2026 누구나 클래식 [신년음악회],세종대극장,2026-01-07,2026-01-07,클래식,종로구,https://culture.seoul.go.kr/culture/culture/cultureEvent/view.do?cultcode=156323&menuNo=200008,https://culture.seoul.go.kr/cmmn/file/getImage.do?atchFileId=3cbe8b15f4404f44980824d89d6df2a0&thumb=Y,서울시 문화행사,,0.002366,20,2026-08-23 01:14:23
장인형 피아노 독주회,세종체임버홀,2026-01-07,2026-01-07,클래식,종로구,https://culture.seoul.go.kr/culture/culture/cultureEvent/view.do?cultcode=156374&menuNo=200008,https://culture.seoul.go.kr/cmmn/file/getImage.do?atchFileId=de8b1f54bcd74a34b01b933f755d621a&thumb=Y,서울시 문화행사,,0.012949,36,2026-08-23 01:14:23
[서울생활문화센터 체부] 생활문화전시회 [체부에게 한 마디 : 캘리그라피 전],서울생활문화센터 체부 윈도우 갤러리,2026-01-06,2026-02-18,전시/미술,종로구,https://culture.seoul.go.kr/culture/culture/cultureEvent/view.do?cultcode=156606&menuNo=200009,https://culture.seoul.go.kr/cmmn/file/getImage.do?atchFileId=7278f4eb851b4687ae3b4db16ea46476&thumb=Y,서울시 문화행사,,,,2026-08-23 01:14:23
[중랑문화재단] 2026 중랑아트센터 [나대기 예술아카데미] 1월 프로그램,중랑아트센터 프로그램실,2026-01-06,2026-01-30,교육/체험,중랑구,https://culture.seoul.go.kr/culture/culture/cultureEvent/view.do?cultcode=156343&menuNo=200011,https://culture.seoul.go.kr/cmmn/file/getImage.do?atchFileId=220ab3496d6a4ab9aced2c142b9ba8c9&thumb=Y,서울시 문화행사,,,,2026-08-23 01:14:23
"[한성백제박물관] 겨울방학교실1 [백제왕성, 수상한 우물의 비밀]",한성백제박물관 지하2층 교육실1·2,2026-01-06,2026-01-24,교육/체험,송파구,https://culture.seoul.go.kr/culture/culture/cultureEvent/view.do?cultcode=156387&menuNo=200011,https://culture.seoul.go.kr/cmmn/file/getImage.do?atchFileId=ae13452bc23949139bf47e10fd82f219&thumb=Y,서울시 문화행사,,,,2026-08-23 01:14:23
김재한 트롬본 독주회,세종체임버홀,2026-01-06,2026-01-06,독주/독창회,종로구,https://culture.seoul.go.kr/culture/culture/cultureEvent/view.do?cultcode=156373&menuNo=200008,https://culture.seoul.go.kr/cmmn/file/getImage.do?atchFileId=f7fb0930b1b64827a565d27e5aced7de&thumb=Y,서울시 문화행사,,0.012949,36,2026-08-23 01:14:23
[서울대공원] 겨울을 녹이는 남미관 이야기,서울동물원 남미관,2026-01-05,2026-02-07,교육/체험,,https://culture.seoul.go.kr/culture/culture/cultureEvent/view.do?cultcode=156635&menuNo=200011,https://culture.seoul.go.kr/cmmn/file/getImage.do?atchFileId=6917a5c284884672b138d32c45a80622&thumb=Y,서울시 문화행사,,,,2026-08-23 01:14:23
[구립증산도서관] 책 따라 걷는 도서관 - 1월 온라인 원화 전시 [오토의 털 스웨터],온라인 (도서관 홈페이지),2026-01-05,2026-01-26,전시/미술,은평구,https://culture.seoul.go.kr/culture/culture/cultureEvent/view.do?cultcode=156474&menuNo=200009,https://culture.seoul.go.kr/cmmn/file/getImage.do?atchFileId=fddf45e5d45c4f17ab5dea3e5486efa0&thumb=Y,서울시 문화행사,,,,2026-08-23 01:14:23
[서울생활사박물관] 2026년 겨울방학 교육 프로그램 [조각조각 가족이야기 엮기],서울생활사박물관,2026-01-04,2026-01-23,교육/체험,노원구,https://culture.seoul.go.kr/culture/culture/cultureEvent/view.do?cultcode=156220&menuNo=200011,https://culture.seoul.go.kr/cmmn/file/getImage.do?atchFileId=befab665ba8d49aa91dbb7588eaf355c&thumb=Y,서울시 문화행사,,0.137026,59,2026-08-23 01:14:23
[청계천박물관] 2026년 주말가족교육 [타임머신 타고 떠나는 청계천 이야기],청계천박물관 지하 1층 교육실,2026-01-03,2026-01-31,교육/체험,성동구,https://culture.seoul.go.kr/culture/culture/cultureEvent/view.do?cultcode=156394&menuNo=200011,https://culture.seoul.go.kr/cmmn/file/getImage.do?atchFileId=5b3eefa5747b47d58cc4c17b9c3e1755&thumb=Y,서울시 문화행사,,,,2026-08-23 01:14:23
[서울상상나라] 당근 라페 꽃게 샌드위치,서울상상나라 B1 요리놀이실,2026-01-03,2026-01-31,교육/체험,광진구,https://culture.seoul.go.kr/culture/culture/cultureEvent/view.do?cultcode=156502&menuNo=200011,https://culture.seoul.go.kr/cmmn/file/getImage.do?atchFileId=de21d1253f3042bab5113204e605af75&thumb=Y,서울시 문화행사,,,,2026-08-23 01:14:23
[서울상상나라] 히잉~말 빵,서울상상나라 B1 요리놀이실,2026-01-03,2026-01-31,교육/체험,광진구,https://culture.seoul.go.kr/culture/culture/cultureEvent/view.do?cultcode=156501&menuNo=200011,https://culture.seoul.go.kr/cmmn/file/getImage.do?atchFileId=4581b8065a2846dcac02e904e45bdd3f&thumb=Y,서울시 문화행사,,,,2026-08-23 01:14:23
[노원문화재단] 2026 공동기획공연 뮤지컬 [푸른사자 와니니],노원문화예술회관 대공연장,2026-01-03,2026-01-25,뮤지컬/오페라,노원구,https://culture.seoul.go.kr/culture/culture/cultureEvent/view.do?cultcode=156078&menuNo=200008,https://culture.seoul.go.kr/cmmn/file/getImage.do?atchFileId=6b82b67e5a264334b9646c853fa30171&thumb=Y,서울시 문화행사,,0.001507,15,2026-08-23 01:14:23
조유리 바이올린 독주회 - 모차르트 소나타 전곡 시리즈 IV,세종체임버홀,2026-01-03,2026-01-03,독주/독창회,종로구,https://culture.seoul.go.kr/culture/culture/cultureEvent/view.do?cultcode=156328&menuNo=200008,https://culture.seoul.go.kr/cmmn/file/getImage.do?atchFileId=452d28f355c14721812ae81bf9c8d24c&thumb=Y,서울시 문화행사,,0.012949,36,2026-08-23 01:14:23
DDP 건축투어 2026,"DDP(동대문디자인플라자) / DDP 라운지 투어데스크(아트홀 1층 A3, A4)",2026-01-02,2027-12-31,교육/체험,중구,https://culture.seoul.go.kr/culture/culture/cultureEvent/view.do?cultcode=158747&menuNo=200011,https://culture.seoul.go.kr/cmmn/file/getImage.do?atchFileId=687b3c25e2e94dc9a9b8af5824a58ccc&thumb=Y,서울시 문화행사,,,,2026-08-23 01:14:23
[서울디자인재단] SUP 시민참여 프로그램 [자원순환 이야기],서울새활용플라자 1층 새활용하우스,2026-01-02,2026-12-31,교육/체험,성동구,https://culture.seoul.go.kr/culture/culture/cultureEvent/view.do?cultcode=156557&menuNo=200011,https://culture.seoul.go.kr/cmmn/file/getImage.do?atchFileId=80e93c16fdef4ae49cf04b149dc2701f&thumb=Y,서울시 문화행사,,,,2026-08-23 01:14:23
"[서울디자인재단] [해치와 나눔히어로] 장난감 기부, 나눔 체험",서울새활용플라자 1층 새활용하우스,2026-01-02,2026-12-31,교육/체험,성동구,https://culture.seoul.go.kr/culture/culture/cultureEvent/view.do?cultcode=156555&menuNo=200011,https://culture.seoul.go.kr/cmmn/file/getImage.do?atchFileId=0f77dbb41066453a9cf39fabf0b69b95&thumb=Y,서울시 문화행사,,,,2026-08-23 01:14:23
[서울디자인재단] 2025 [Now for Zero-Waste Vol.2 : 새로제로] 展,서울새활용플라자 1층 새활용하우스,2026-01-02,2026-12-31,전시/미술,성동구,https://culture.seoul.go.kr/culture/culture/cultureEvent/view.do?cultcode=156558&menuNo=200009,https://culture.seoul.go.kr/cmmn/file/getImage.do?atchFileId=6d22a5166ca244068a398ed32972e504&thumb=Y,서울시 문화행사,,,,2026-08-23 01:14:23
[관악문화재단] 2026 싱글벙글교육센터 1분기 평생학습 교육프로그램,싱글벙글교육센터,2026-01-02,2026-03-31,교육/체험,관악구,https://culture.seoul.go.kr/culture/culture/cultureEvent/view.do?cultcode=156320&menuNo=200011,https://culture.seoul.go.kr/cmmn/file/getImage.do?atchFileId=d84b52bce1ec41d78917e56d695ba820&thumb=Y,서울시 문화행사,,0.01082,35,2026-08-23 01:14:23
[마포구립서강도서관] 1분기 어린이갤러리 [미스터 팔롱의 판타스틱 의상실],마포구립서강도서관 4층 어린이자료실,2026-01-02,2026-03-30,전시/미술,마포구,https://culture.seoul.go.kr/culture/culture/cultureEvent/view.do?cultcode=156389&menuNo=200009,https://culture.seoul.go.kr/cmmn/file/getImage.do?atchFileId=0a1699e696424853b3159fe49f50daa7&thumb=Y,서울시 문화행사,,,,2026-08-23 01:14:23
[서울상상나라] 깨어나는 물건,서울상상나라 B1 창의놀이실,2026-01-02,2026-02-28,교육/체험,광진구,https://culture.seoul.go.kr/culture/culture/cultureEvent/view.do?cultcode=156504&menuNo=200011,https://culture.seoul.go.kr/cmmn/file/getImage.do?atchFileId=4158060a7eb045749237c47e09a5fb62&thumb=Y,서울시 문화행사,,,,2026-08-23 01:14:23
[서울상상나라] 출발! 똥버스 탐험대,서울상상나라 B1 표현놀이실,2026-01-02,2026-02-28,교육/체험,광진구,https://culture.seoul.go.kr/culture/culture/cultureEvent/view.do?cultcode=156503&menuNo=200011,https://culture.seoul.go.kr/cmmn/file/getImage.do?atchFileId=a646d5bd51424d74b49c6cf4d50fd30d&thumb=Y,서울시 문화행사,,,,2026-08-23 01:14:23
[소마미술관] Into Drawing 53 홍유영 개인전 : 배열 속의 또 다른 배열,소마미술관 1관 5전시실,2026-01-02,2026-02-08,전시/미술,송파구,https://culture.seoul.go.kr/culture/culture/cultureEvent/view.do?cultcode=156355&menuNo=200009,https://culture.seoul.go.kr/cmmn/file/getImage.do?atchFileId=16ac4f47f24f4b2a8fbe6949b505792c&thumb=Y,서울시 문화행사,,,,2026-08-23 01:14:23
"erased, emerged : 유현경 개인전",이스랏아트룸 전시실,2026-01-02,2026-02-07,전시/미술,서초구,https://culture.seoul.go.kr/culture/culture/cultureEvent/view.do?cultcode=156441&menuNo=200009,https://culture.seoul.go.kr/cmmn/file/getImage.do?atchFileId=2344d5b4903b46d099de40ff074f1016&thumb=Y,서울시 문화행사,,,,2026-08-23 01:14:23
[마포구립서강도서관] 1월/어린이메이킹 [해봄아 노올자!] 해봄맘껏Time,4층 어린이자료실 내 해봄,2026-01-02,2026-01-31,교육/체험,마포구,https://culture.seoul.go.kr/culture/culture/cultureEvent/view.do?cultcode=156522&menuNo=200011,https://culture.seoul.go.kr/cmmn/file/getImage.do?atchFileId=f9c33101c2a04aff83d17f581b86b3dc&thumb=Y,서울시 문화행사,,,,2026-08-23 01:14:23
"[종로아이들극장] 제22회 서울 아시테지 겨울축제 [꼬마야, 꼬마야]",종로 아이들극장,2026-01-02,2026-01-03,연극,종로구,https://culture.seoul.go.kr/culture/culture/cultureEvent/view.do?cultcode=156200&menuNo=200008,https://culture.seoul.go.kr/cmmn/file/getImage.do?atchFileId=ae4e98a2f4a1431fbc426e6855f914c2&thumb=Y,서울시 문화행사,,0.020009,41,2026-08-23 01:14:23
비앙상블 정기연주회,세종체임버홀,2026-01-02,2026-01-02,클래식,종로구,https://culture.seoul.go.kr/culture/culture/cultureEvent/view.do?cultcode=156385&menuNo=200008,https://culture.seoul.go.kr/cmmn/file/getImage.do?atchFileId=fa45acfe428c490fa88986979fbbc015&thumb=Y,서울시 문화행사,,0.012949,36,2026-08-23 01:14:23
[서울생활문화센터 체부] 금오재 상시 프로그램 [병오년(2026) 안녕!],서울생활문화센터 체부 금오재 마실,2026-01-01,2026-02-28,교육/체험,종로구,https://culture.seoul.go.kr/culture/culture/cultureEvent/view.do?cultcode=156608&menuNo=200011,https://culture.seoul.go.kr/cmmn/file/getImage.do?atchFileId=761561663bc641608e2cccff8c73fafb&thumb=Y,서울시 문화행사,,,,2026-08-23 01:14:23
[마포구립서강도서관] 1-2월/행사 개관 18주년 기념 프로그램 안내,마포구립서강도서관,2026-01-01,2026-02-28,교육/체험,마포구,https://culture.seoul.go.kr/culture/culture/cultureEvent/view.do?cultcode=156526&menuNo=200011,https://culture.seoul.go.kr/cmmn/file/getImage.do?atchFileId=46456f41a50d4a1a8f7f6bf31ee6ce42&thumb=Y,서울시 문화행사,,0.013559,37,2026-08-23 01:14:23
[송파 청년아티스트센터] 예술가와 함께하는 풍납 탐구 생활 1월 프로그램,송파 청년아티스트센터 1층,2026-01-01,2026-01-31,교육/체험,송파구,https://culture.seoul.go.kr/culture/culture/cultureEvent/view.do?cultcode=156335&menuNo=200011,https://culture.seoul.go.kr/cmmn/file/getImage.do?atchFileId=75dfa41005a949dca75ecb0fdad244cd&thumb=Y,서울시 문화행사,,,,2026-08-23 01:14:23
앙상블 버라이어티 신년음악회 [All That Waltz],세종체임버홀,2026-01-01,2026-01-01,클래식,종로구,https://culture.seoul.go.kr/culture/culture/cultureEvent/view.do?cultcode=156316&menuNo=200008,https://culture.seoul.go.kr/cmmn/file/getImage.do?atchFileId=cfe684b1b9cc429a92a838b2aa89eb13&thumb=Y,서울시 문화행사,,0.012949,36,2026-08-23 01:14:23
[미래한강본부] 2025 한강공원 눈썰매장 개장,"뚝섬, 잠원, 여의도",2025-12-31,2026-02-28,기타,광진구,https://culture.seoul.go.kr/culture/culture/cultureEvent/view.do?cultcode=156541&menuNo=200013,https://culture.seoul.go.kr/cmmn/file/getImage.do?atchFileId=cf56c8d18c7745ef82812a84a034c6ab&thumb=Y,서울시 문화행사,,,,2026-08-23 01:14:23
연극 [잔류자들],선돌극장,2025-12-31,2026-01-04,연극,종로구,https://culture.seoul.go.kr/culture/culture/cultureEvent/view.do?cultcode=156336&menuNo=200008,https://culture.seoul.go.kr/cmmn/file/getImage.do?atchFileId=cba8c3039a774de295d107a3d2c18cb4&thumb=Y,서울시 문화행사,,0.009749,34,2026-08-23 01:14:23
서울라이트 DDP : 새해맞이 카운트다운,DDP 전면(어울림광장 및 디자인거리 관람가능),2025-12-31,2026-01-01,축제-시민화합,중구,https://culture.seoul.go.kr/culture/culture/cultureEvent/view.do?cultcode=156271&menuNo=200010,https://culture.seoul.go.kr/cmmn/file/getImage.do?atchFileId=e662ad689fc84f459b8e3e7ae673a612&thumb=Y,서울시 문화행사,,,,2026-08-23 01:14:23
[서대문구] 2026 신촌카운트다운콘서트,신촌 스타광장,2025-12-31,2026-01-01,축제-문화/예술,서대문구,https://culture.seoul.go.kr/culture/culture/cultureEvent/view.do?cultcode=156188&menuNo=200010,https://culture.seoul.go.kr/cmmn/file/getImage.do?atchFileId=a4ad501b24e54f74a9491495a6da45be&thumb=Y,서울시 문화행사,,,,2026-08-23 01:14:23
2025 제야의 종 타종행사,보신각 일대,2025-12-31,2026-01-01,축제-시민화합,종로구,https://culture.seoul.go.kr/culture/culture/cultureEvent/view.do?cultcode=156247&menuNo=200010,https://culture.seoul.go.kr/cmmn/file/getImage.do?atchFileId=d1c471ee11ba428aa9f2b3184fb472ed&thumb=Y,서울시 문화행사,,,,2026-08-23 01:14:23
크리스마스 지브리 & 디즈니 OST 콘서트,세종대극장,2025-12-31,2025-12-31,클래식,종로구,https://culture.seoul.go.kr/culture/culture/cultureEvent/view.do?cultcode=156216&menuNo=200008,https://culture.seoul.go.kr/cmmn/file/getImage.do?atchFileId=01dc3cce53b94b95a623480a9d67b107&thumb=Y,서울시 문화행사,,0.002366,20,2026-08-23 01:14:23
2025 아듀콘서트,세종체임버홀,2025-12-31,2025-12-31,클래식,종로구,https://culture.seoul.go.kr/culture/culture/cultureEvent/view.do?cultcode=156217&menuNo=200008,https://culture.seoul.go.kr/cmmn/file/getImage.do?atchFileId=5016fc7d514e4edb9e87bf5ce70b4f8a&thumb=Y,서울시 문화행사,,0.012949,36,2026-08-23 01:14:23
2025 DOAM OPEN CALL 선정 전시 [무너지는 것들에 대하여 When Things Collapse],서울아트센터 도암 3층 도암갤러리,2025-12-30,2026-01-29,전시/미술,종로구,https://culture.seoul.go.kr/culture/culture/cultureEvent/view.do?cultcode=156382&menuNo=200009,https://culture.seoul.go.kr/cmmn/file/getImage.do?atchFileId=17f7174b6e72471eb75560f21acdd9c1&thumb=Y,서울시 문화행사,,,,2026-08-23 01:14:23
[세종문화회관] 정명훈 × KBS교향악단 [베토벤 9],세종대극장,2025-12-30,2025-12-30,클래식,종로구,https://culture.seoul.go.kr/culture/culture/cultureEvent/view.do?cultcode=156150&menuNo=200008,https://culture.seoul.go.kr/cmmn/file/getImage.do?atchFileId=53ac477d4a5e4909b16bba45677e4fa9&thumb=Y,서울시 문화행사,,0.002366,20,2026-08-23 01:14:23
[관악문화재단] 송년음악회 [지브리&디즈니 OST 콘서트],관악문화재단 관악아트홀,2025-12-30,2025-12-30,클래식,관악구,https://culture.seoul.go.kr/culture/culture/cultureEvent/view.do?cultcode=155855&menuNo=200008,https://culture.seoul.go.kr/cmmn/file/getImage.do?atchFileId=1691c6d2c9c54e44aa80262671d3b973&thumb=Y,서울시 문화행사,,,,2026-08-23 01:14:23
2025 서울콘 SEOULCon,DDP 일대,2025-12-29,2026-01-01,콘서트,중구,https://culture.seoul.go.kr/culture/culture/cultureEvent/view.do?cultcode=156176&menuNo=200008,https://culture.seoul.go.kr/cmmn/file/getImage.do?atchFileId=03efcbea19a14c21bd360a3f74287e3f&thumb=Y,서울시 문화행사,,,,2026-08-23 01:14:23
김성아 바이올린 독주회,세종체임버홀,2025-12-29,2025-12-29,독주/독창회,종로구,https://culture.seoul.go.kr/culture/culture/cultureEvent/view.do?cultcode=156325&menuNo=200008,https://culture.seoul.go.kr/cmmn/file/getImage.do?atchFileId=cdd7fa990cf94a968834b5216ac01498&thumb=Y,서울시 문화행사,,0.012949,36,2026-08-23 01:14:23
[광진문화재단] 송년특집 클래식 발레 [호두까기 인형],나루아트센터 대공연장,2025-12-28,2025-12-31,무용,광진구,https://culture.seoul.go.kr/culture/culture/cultureEvent/view.do?cultcode=156052&menuNo=200008,https://culture.seoul.go.kr/cmmn/file/getImage.do?atchFileId=1971a1b5a32d4e3b84076f9c1e49d5b6&thumb=Y,서울시 문화행사,,0.011878,36,2026-08-23 01:14:23
"2025 서울윈터페스타[ K-POP 댄스파티 1회차] with 서인, DJ ILLI",서울특별시청 8층 다목적홀,2025-12-28,2025-12-28,축제-문화/예술,중구,https://culture.seoul.go.kr/culture/culture/cultureEvent/view.do?cultcode=156367&menuNo=200010,https://culture.seoul.go.kr/cmmn/file/getImage.do?atchFileId=94866898732d4e97b94087fafcb22788&thumb=Y,서울시 문화행사,,,,2026-08-23 01:14:23
[구립증산정보도서관] 어린이도서관 동네북과 함께하는 [찾아가는 팝업 도서관],어린이도서관 동네북(은평구 진흥로 174 3층),2025-12-28,2025-12-28,교육/체험,은평구,https://culture.seoul.go.kr/culture/culture/cultureEvent/view.do?cultcode=156359&menuNo=200011,https://culture.seoul.go.kr/cmmn/file/getImage.do?atchFileId=45ffda66f976491e81d0b7f319afdd04&thumb=Y,서울시 문화행사,,,,2026-08-23 01:14:23
뮤지컬 [이터니티],NOL 유니플렉스 1관,2025-12-27,2026-03-15,뮤지컬/오페라,종로구,https://culture.seoul.go.kr/culture/culture/cultureEvent/view.do?cultcode=156624&menuNo=200008,https://culture.seoul.go.kr/cmmn/file/getImage.do?atchFileId=ca46a6d6562347af8e546fadbb874f95&thumb=Y,서울시 문화행사,,,,2026-08-23 01:14:23
2025 한강페스티벌 겨울 [한강바람축제],반포한강공원 세빛섬 앞 수변무대,2025-12-27,2025-12-28,축제-시민화합,서초구,https://culture.seoul.go.kr/culture/culture/cultureEvent/view.do?cultcode=156252&menuNo=200010,https://culture.seoul.go.kr/cmmn/file/getImage.do?atchFileId=9b67968a77134019825cf794133b597a&thumb=Y,서울시 문화행사,,,,2026-08-23 01:14:23
그루브앤드(groove&) [물의 놀이] - 2025년 창작산실 2차 제작지원 전통예술,대학로예술극장 소극장,2025-12-27,2025-12-28,연극,종로구,https://culture.seoul.go.kr/culture/culture/cultureEvent/view.do?cultcode=156388&menuNo=200008,https://culture.seoul.go.kr/cmmn/file/getImage.do?atchFileId=5834d762d9c84fe9937d0718673976d8&thumb=Y,서울시 문화행사,,0.003984,25,2026-08-23 01:14:23
"문예북흥 No.52 - 『월든』 호수에 비친 나를 바라보는 시간, 김태훈과 함께하는 삶의 성찰과 노래.",이호철북콘서트홀,2025-12-27,2025-12-27,교육/체험,은평구,https://culture.seoul.go.kr/culture/culture/cultureEvent/view.do?cultcode=156299&menuNo=200011,https://culture.seoul.go.kr/cmmn/file/getImage.do?atchFileId=81ae13105cfa476aa22aad07f76c106c&thumb=Y,서울시 문화행사,,0.013049,36,2026-08-23 01:14:23
[성동문화재단] 2025 성동문화나눔 송년공연 [카로스 타악기 앙상블],소월아트홀 (월요일 휴관),2025-12-27,2025-12-27,클래식,성동구,https://culture.seoul.go.kr/culture/culture/cultureEvent/view.do?cultcode=156044&menuNo=200008,https://culture.seoul.go.kr/cmmn/file/getImage.do?atchFileId=91a017edee654cc68953db55437e710f&thumb=Y,서울시 문화행사,,,,2026-08-23 01:14:23
[금천문화재단] 2025 국립심포니오케스트라와 함께하는 송년음악회,금나래아트홀,2025-12-27,2025-12-27,클래식,금천구,https://culture.seoul.go.kr/culture/culture/cultureEvent/view.do?cultcode=155923&menuNo=200008,https://culture.seoul.go.kr/cmmn/file/getImage.do?atchFileId=a6668b6c7687419e89854a3f4fbe336f&thumb=Y,서울시 문화행사,,,,2026-08-23 01:14:23
MINDBOOM 마인드붐 서울 2025 : 잃어버린 행운 보관소 LOST AND LUCKY,"서울 서대문구 원앙아리(서대문구 천연동 13-13, 1층)",2025-12-27,2025-12-27,전시/미술,서대문구,https://culture.seoul.go.kr/culture/culture/cultureEvent/view.do?cultcode=156347&menuNo=200009,https://culture.seoul.go.kr/cmmn/file/getImage.do?atchFileId=daa1e51f19814f64bdf7d9ea7608c050&thumb=Y,서울시 문화행사,,,,2026-08-23 01:14:23
[양천문화재단] 박해미의 살롱콘서트 [라비앙로즈],양천문화회관 대극장,2025-12-27,2025-12-27,콘서트,양천구,https://culture.seoul.go.kr/culture/culture/cultureEvent/view.do?cultcode=156238&menuNo=200008,https://culture.seoul.go.kr/cmmn/file/getImage.do?atchFileId=ff17b07286a74cdb80d16969cbe264d0&thumb=Y,서울시 문화행사,,0.013335,37,2026-08-23 01:14:23
[금천문화재단] 2025 만천명월예술인家 예술인 대상 AI 워크숍 [AI 예술인가] 온라인 교육 결과전,"만천명월예술인가, 온라인 전시",2025-12-26,2026-01-31,전시/미술,금천구,https://culture.seoul.go.kr/culture/culture/cultureEvent/view.do?cultcode=156426&menuNo=200009,https://culture.seoul.go.kr/cmmn/file/getImage.do?atchFileId=2275f66f52e246438faa189b12023acc&thumb=Y,서울시 문화행사,,,,2026-08-23 01:14:23
[성동문화재단] 2025 생활밀착형 문화예술교육 지원사업 가가호호 사업 성과공유 전시회 [한 그루씩 모여 숲이 되다],소월전시실 (서울시 성동구 왕십리로 281),2025-12-26,2025-12-31,전시/미술,중구,https://culture.seoul.go.kr/culture/culture/cultureEvent/view.do?cultcode=156383&menuNo=200009,https://culture.seoul.go.kr/cmmn/file/getImage.do?atchFileId=bef6707ea7714e2ab10625f7595ef4d6&thumb=Y,서울시 문화행사,,,,2026-08-23 01:14:23
[동작문화재단] 까망돌어울마당 아트홀 [공연실황 스크린 : ON AIR] 1회차 향연,까망돌어울마당 아트홀,2025-12-26,2025-12-26,영화,동작구,https://culture.seoul.go.kr/culture/culture/cultureEvent/view.do?cultcode=156233&menuNo=200013,https://culture.seoul.go.kr/cmmn/file/getImage.do?atchFileId=ec5568a86c8c4c0eaf439550c1740d94&thumb=Y,서울시 문화행사,,0.001463,15,2026-08-23 01:14:23
2025 국립국악관현악단 청년교육단원 결과 발표회 [청풍국악(靑風國樂)],국립극장 해오름,2025-12-26,2025-12-26,국악,중구,https://culture.seoul.go.kr/culture/culture/cultureEvent/view.do?cultcode=155952&menuNo=200008,https://culture.seoul.go.kr/cmmn/file/getImage.do?atchFileId=f47e383eb9414ef7bed29f63b245bebd&thumb=Y,서울시 문화행사,,,,2026-08-23 01:14:23
서울일러스트레이션페어V.20,코엑스 C홀,2025-12-25,2025-12-28,전시/미술,강남구,https://culture.seoul.go.kr/culture/culture/cultureEvent/view.do?cultcode=156193&menuNo=200009,https://culture.seoul.go.kr/cmmn/file/getImage.do?atchFileId=5476f4ec37dc415b896902f1c6f4797b&thumb=Y,서울시 문화행사,,,,2026-08-23 01:14:23
[광진문화재단] 가족무용극 고블린파티② [루돌프],광진어린이공연장,2025-12-25,2025-12-26,무용,광진구,https://culture.seoul.go.kr/culture/culture/cultureEvent/view.do?cultcode=155612&menuNo=200008,https://culture.seoul.go.kr/cmmn/file/getImage.do?atchFileId=b06c3b01a0404c4e98744b7fdf9e65f7&thumb=Y,서울시 문화행사,,0.001681,16,2026-08-23 01:14:23
[관악문화재단] 클래식 그림자극 [호두까기인형],관악문화재단 관악아트홀,2025-12-25,2025-12-25,클래식,관악구,https://culture.seoul.go.kr/culture/culture/cultureEvent/view.do?cultcode=155853&menuNo=200008,https://culture.seoul.go.kr/cmmn/file/getImage.do?atchFileId=9bf8924918094e4fa787512724c910af&thumb=Y,서울시 문화행사,,,,2026-08-23 01:14:23
[강동문화재단] 목요예술무대Ⅲ [제비씨의 크리스마스], 강동아트센터 소극장 드림,2025-12-25,2025-12-25,국악,강동구,https://culture.seoul.go.kr/culture/culture/cultureEvent/view.do?cultcode=156110&menuNo=200008,https://culture.seoul.go.kr/cmmn/file/getImage.do?atchFileId=a9ecb12c702f4b3ca3e9fe7c26129dc0&thumb=Y,서울시 문화행사,,0.001594,16,2026-08-23 01:14:23
2025 크리스마스 콘서트 - 서울브라스사운드,세종문화회관 세종체임버홀,2025-12-25,2025-12-25,클래식,종로구,https://culture.seoul.go.kr/culture/culture/cultureEvent/view.do?cultcode=156218&menuNo=200008,https://culture.seoul.go.kr/cmmn/file/getImage.do?atchFileId=a09b83d5b5084d63beec216f9f320317&thumb=Y,서울시 문화행사,,,,2026-08-23 01:14:23
라틴 키친 루나 단독 콘서트 [라키루의 크리스마스],세종S씨어터,2025-12-25,2025-12-25,클래식,종로구,https://culture.seoul.go.kr/culture/culture/cultureEvent/view.do?cultcode=156324&menuNo=200008,https://culture.seoul.go.kr/cmmn/file/getImage.do?atchFileId=6ef4c8f0f5bf44bab5360a9090b69959&thumb=Y,서울시 문화행사,,0.002528,20,2026-08-23 01:14:23
[동대문문화재단] 동행: 동대문에 퍼지는 음악의 향기,"동답초등학교, 선농단역사문화관, 동대문구 아르코",2025-12-24,2026-01-23,클래식,동대문구,https://culture.seoul.go.kr/culture/culture/cultureEvent/view.do?cultcode=156230&menuNo=200008,https://culture.seoul.go.kr/cmmn/file/getImage.do?atchFileId=4a4e637b73b34b5c9c79648cd3321532&thumb=Y,서울시 문화행사,,,,2026-08-23 01:14:23
"미림아트갤러리 [심혼, 진혼의 손길] 신현욱 12회 개인전","미림아트갤러리(서울 종로구 인사동길 11-1, 3F)",2025-12-24,2025-12-30,전시/미술,종로구,https://culture.seoul.go.kr/culture/culture/cultureEvent/view.do?cultcode=156344&menuNo=200009,https://culture.seoul.go.kr/cmmn/file/getImage.do?atchFileId=8e0e0000f2cb42688d34dd614a5cda14&thumb=Y,서울시 문화행사,,,,2026-08-23 01:14:23
2025 서울아트쇼,코엑스 A홀,2025-12-24,2025-12-28,전시/미술,강남구,https://culture.seoul.go.kr/culture/culture/cultureEvent/view.do?cultcode=156296&menuNo=200009,https://culture.seoul.go.kr/cmmn/file/getImage.do?atchFileId=25490369197c410c92727d3092ff5e5d&thumb=Y,서울시 문화행사,,,,2026-08-23 01:14:23
[노원문화재단] 뮤지컬 [김종욱 찾기]부터 [푸른 사자 와니니]까지 [김혜성 찾기],노원문화예술회관 대공연장,2025-12-24,2025-12-25,뮤지컬/오페라,노원구,https://culture.seoul.go.kr/culture/culture/cultureEvent/view.do?cultcode=156229&menuNo=200008,https://culture.seoul.go.kr/cmmn/file/getImage.do?atchFileId=e65ee9fd78764dea98dd0f3d0f196f0e&thumb=Y,서울시 문화행사,,0.001507,15,2026-08-23 01:14:23
[세종문화회관 꿈의숲] 꿈의숲 크리스마스 콘서트 [선물],꿈의숲 콘서트홀,2025-12-24,2025-12-25,클래식,강북구,https://culture.seoul.go.kr/culture/culture/cultureEvent/view.do?cultcode=156073&menuNo=200008,https://culture.seoul.go.kr/cmmn/file/getImage.do?atchFileId=9e4d33554276419ba01b352346b68ea9&thumb=Y,서울시 문화행사,,,,2026-08-23 01:14:23
[서초문화원] 2025년 송년음악회 : 오페라 갈라 콘서트,서초문화예술회관 1층 아트홀,2025-12-24,2025-12-24,뮤지컬/오페라,서초구,https://culture.seoul.go.kr/culture/culture/cultureEvent/view.do?cultcode=156131&menuNo=200008,https://culture.seoul.go.kr/cmmn/file/getImage.do?atchFileId=acecd91ffb8442fd9e0c6730bb5c49ed&thumb=Y,서울시 문화행사,,,,2026-08-23 01:14:23
국립국악관현악단 [2025 윈터 콘서트],국립극장 해오름,2025-12-24,2025-12-24,국악,중구,https://culture.seoul.go.kr/culture/culture/cultureEvent/view.do?cultcode=155951&menuNo=200008,https://culture.seoul.go.kr/cmmn/file/getImage.do?atchFileId=3ebb3e692024470f971cc2f379910074&thumb=Y,서울시 문화행사,,,,2026-08-23 01:14:23
[서울시립미술관 서소문본관] 최재은: 약속,서울시립미술관 서소문본관 1층 전시실,2025-12-23,2026-04-05,전시/미술,중구,https://culture.seoul.go.kr/culture/culture/cultureEvent/view.do?cultcode=156266&menuNo=200009,https://culture.seoul.go.kr/cmmn/file/getImage.do?atchFileId=c17f81d8813a4e8490129a6d972b4747&thumb=Y,서울시 문화행사,,,,2026-08-23 01:14:23
"[서울공예박물관] 금기숙 기증특별전 [Dancing, Dreaming, Enlightening]","서울공예박물관 전시1동 로비, 1층, 3층",2025-12-23,2026-03-15,전시/미술,종로구,https://culture.seoul.go.kr/culture/culture/cultureEvent/view.do?cultcode=156031&menuNo=200009,https://culture.seoul.go.kr/cmmn/file/getImage.do?atchFileId=46a89c40d4a3401bb4a0e0e30d7ecc52&thumb=Y,서울시 문화행사,,,,2026-08-23 01:14:23
[영등포문화재단] 2025 현대미술기획전 [표면 없는 두께],영등포아트스퀘어,2025-12-23,2026-01-08,전시/미술,영등포구,https://culture.seoul.go.kr/culture/culture/cultureEvent/view.do?cultcode=156133&menuNo=200009,https://culture.seoul.go.kr/cmmn/file/getImage.do?atchFileId=e923bfff27b84ba8a7d8e86a6e56d37f&thumb=Y,서울시 문화행사,,0.007931,32,2026-08-23 01:14:23
양아라 개인전 [공 생 존: 共 生 存],미앤갤러리,2025-12-23,2025-12-30,전시/미술,종로구,https://culture.seoul.go.kr/culture/culture/cultureEvent/view.do?cultcode=156331&menuNo=200009,https://culture.seoul.go.kr/cmmn/file/getImage.do?atchFileId=156241f2a58741a8b564dab09a829d6d&thumb=Y,서울시 문화행사,,,,2026-08-23 01:14:23
[성북여성문화센터] 크리스마스 케이크 만들기,성북여성문화센터,2025-12-23,2025-12-24,교육/체험,성북구,https://culture.seoul.go.kr/culture/culture/cultureEvent/view.do?cultcode=156234&menuNo=200011,https://culture.seoul.go.kr/cmmn/file/getImage.do?atchFileId=6217fe43c0ae4c5598a6799eb589e695&thumb=Y,서울시 문화행사,,,,2026-08-23 01:14:23
"[중랑문화재단] To Winter, With Love 말로 크리스마스 재즈 콘서트", 중랑구청 대강당 ,2025-12-23,2025-12-23,콘서트,중랑구,https://culture.seoul.go.kr/culture/culture/cultureEvent/view.do?cultcode=156026&menuNo=200008,https://culture.seoul.go.kr/cmmn/file/getImage.do?atchFileId=fef9ff6927974a2ebc8de42bb1d0555b&thumb=Y,서울시 문화행사,,,,2026-08-23 01:14:23
[성동문화재단] 소월 아트갤러리 콘서트 - 시즌Ⅱ,소월아트홀,2025-12-23,2025-12-23,클래식,성동구,https://culture.seoul.go.kr/culture/culture/cultureEvent/view.do?cultcode=156295&menuNo=200008,https://culture.seoul.go.kr/cmmn/file/getImage.do?atchFileId=d868fdcfd2984d81ab22608f6bb9cb63&thumb=Y,서울시 문화행사,,0.159576,61,2026-08-23 01:14:23
[송파문화재단] 기획 공연 [호두까기 인형] 2막 발레 공연,송파문화예술회관,2025-12-23,2025-12-23,무용,송파구,https://culture.seoul.go.kr/culture/culture/cultureEvent/view.do?cultcode=156237&menuNo=200008,https://culture.seoul.go.kr/cmmn/file/getImage.do?atchFileId=097901c2a28f47d6a0af4b41b8218811&thumb=Y,서울시 문화행사,,0.019088,40,2026-08-23 01:14:23
[서울시] 2026년 서울청년문화패스 신청자 모집,온라인 접수,2025-12-22,2026-12-31,기타,중구,https://culture.seoul.go.kr/culture/culture/cultureEvent/view.do?cultcode=156277&menuNo=200013,https://culture.seoul.go.kr/cmmn/file/getImage.do?atchFileId=d208526580cd45d7ac90b4bdc6021ca0&thumb=Y,서울시 문화행사,,,,2026-08-23 01:14:23
월리를 찾아라 특별전,서울숲 더서울라이티움 (서울 성동구 서울숲2길 32-14 갤러리아포레),2025-12-22,2026-04-05,전시/미술,성동구,https://culture.seoul.go.kr/culture/culture/cultureEvent/view.do?cultcode=156511&menuNo=200009,https://culture.seoul.go.kr/cmmn/file/getImage.do?atchFileId=232514a3bf8449aa869df79d6eb787a5&thumb=Y,서울시 문화행사,,,,2026-08-23 01:14:23
[관악문화재단] 2025 우주관문스쿨 도시-건축 콘텐츠 기획자 양성 과정 결과보고 전시,싱글벙글교육센터 벙글동 1층 문화도시공유공간,2025-12-22,2026-01-20,전시/미술,관악구,https://culture.seoul.go.kr/culture/culture/cultureEvent/view.do?cultcode=156427&menuNo=200009,https://culture.seoul.go.kr/cmmn/file/getImage.do?atchFileId=e1c79d4c4659436c9b64e530142831c9&thumb=Y,서울시 문화행사,,,,2026-08-23 01:14:23
제1회 대중연모노드라마페스타,공간아울 (서울 종로구 대학로 120 지하 1층),2025-12-22,2026-01-04,연극,종로구,https://culture.seoul.go.kr/culture/culture/cultureEvent/view.do?cultcode=155945&menuNo=200008,https://culture.seoul.go.kr/cmmn/file/getImage.do?atchFileId=5068141ca76c4097a67f356dabdd1840&thumb=Y,서울시 문화행사,,,,2026-08-23 01:14:23
(사)프렌즈오브뮤직 30회 정기연주회 - Valhalla Winter,세종체임버홀,2025-12-22,2025-12-22,클래식,종로구,https://culture.seoul.go.kr/culture/culture/cultureEvent/view.do?cultcode=156329&menuNo=200008,https://culture.seoul.go.kr/cmmn/file/getImage.do?atchFileId=f6409c4f96b94bdaa6eb2100447852d2&thumb=Y,서울시 문화행사,,0.012949,36,2026-08-23 01:14:23
2025 파리나무십자가소년합창단 특별초청공연,광림교회 본당 2층,2025-12-22,2025-12-22,콘서트,강남구,https://culture.seoul.go.kr/culture/culture/cultureEvent/view.do?cultcode=156276&menuNo=200008,https://culture.seoul.go.kr/cmmn/file/getImage.do?atchFileId=c5e6fdce938841e98e4367f69f730ac1&thumb=Y,서울시 문화행사,,,,2026-08-23 01:14:23
"[운현궁] 2025 운현궁에서 맞이하는 작은 설, 동지",운현궁 일원,2025-12-22,2025-12-22,축제-전통/역사,종로구,https://culture.seoul.go.kr/culture/culture/cultureEvent/view.do?cultcode=156317&menuNo=200010,https://culture.seoul.go.kr/cmmn/file/getImage.do?atchFileId=bc0d1aebef464b96a2f0b77e2e2da0ed&thumb=Y,서울시 문화행사,,,,2026-08-23 01:14:23
2025 아뜰리에 광화 겨울 전시 [신진작가 공모전],광화문광장 ~ 해치마당,2025-12-21,2026-03-19,전시/미술,종로구,https://culture.seoul.go.kr/culture/culture/cultureEvent/view.do?cultcode=156380&menuNo=200009,https://culture.seoul.go.kr/cmmn/file/getImage.do?atchFileId=53bb9aa29f27442aa947486d42b2eb2d&thumb=Y,서울시 문화행사,,,,2026-08-23 01:14:23
2025 서울로미디어캔버스 겨울 전시 [숨결],서울로미디어캔버스 (서울시 중구 만리재로 215),2025-12-21,2026-03-19,전시/미술,중구,https://culture.seoul.go.kr/culture/culture/cultureEvent/view.do?cultcode=156364&menuNo=200009,https://culture.seoul.go.kr/cmmn/file/getImage.do?atchFileId=fb70732218d2453d911050561e0c1d51&thumb=Y,서울시 문화행사,,,,2026-08-23 01:14:23
[성동구립도서관] 12월 영어스토리텔링 수업,성동구립도서관,2025-12-21,2025-12-21,교육/체험,성동구,https://culture.seoul.go.kr/culture/culture/cultureEvent/view.do?cultcode=156043&menuNo=200011,https://culture.seoul.go.kr/cmmn/file/getImage.do?atchFileId=e4ec686bbc944fba826adbaf153579bf&thumb=Y,서울시 문화행사,,0.325165,68,2026-08-23 01:14:23
강태경 거문고 독주회 [다시 산조],국립국악원 풍류사랑방,2025-12-21,2025-12-21,국악,서초구,https://culture.seoul.go.kr/culture/culture/cultureEvent/view.do?cultcode=156214&menuNo=200008,https://culture.seoul.go.kr/cmmn/file/getImage.do?atchFileId=290dc19b2f114b0babf4a8fc3d87cf78&thumb=Y,서울시 문화행사,,0.002801,21,2026-08-23 01:14:23
[강북문화재단] 엘리자베스 랭그리터 특별전 [매일이 크리스마스],강북문화예술회관 강북진달래홀 갤러리,2025-12-20,2026-02-07,전시/미술,강북구,https://culture.seoul.go.kr/culture/culture/cultureEvent/view.do?cultcode=156349&menuNo=200009,https://culture.seoul.go.kr/cmmn/file/getImage.do?atchFileId=36d61edbad834c189db91eb81c92bce4&thumb=Y,서울시 문화행사,,,,2026-08-23 01:14:23
"[강서문화원] 경계의 빛, 낮과 밤의 대화",강서아트리움 1층 갤러리 서,2025-12-20,2025-12-31,전시/미술,강서구,https://culture.seoul.go.kr/culture/culture/cultureEvent/view.do?cultcode=156361&menuNo=200009,https://culture.seoul.go.kr/cmmn/file/getImage.do?atchFileId=8ab3b36050554feea1c1a32b9d64065c&thumb=Y,서울시 문화행사,,,,2026-08-23 01:14:23
"[성동문화재단] 2025 예술교육 성과공유 전시 [안녕 다름, 안녕 닮음 시즌4]",갤러리허브,2025-12-20,2025-12-28,전시/미술,성동구,https://culture.seoul.go.kr/culture/culture/cultureEvent/view.do?cultcode=156297&menuNo=200009,https://culture.seoul.go.kr/cmmn/file/getImage.do?atchFileId=2923b0316d6f457e8b17c88efeabed9a&thumb=Y,서울시 문화행사,,,,2026-08-23 01:14:23
[강북문화재단] 2025 강북구립소년소녀합창단 창단 8주년 기념 정기연주회,강북문화예술회관 강북진달래홀,2025-12-20,2025-12-20,콘서트,강북구,https://culture.seoul.go.kr/culture/culture/cultureEvent/view.do?cultcode=156313&menuNo=200008,https://culture.seoul.go.kr/cmmn/file/getImage.do?atchFileId=26d75247031943f890ff964c1d4b7beb&thumb=Y,서울시 문화행사,,0.000436,3,2026-08-23 01:14:23
[성북여성문화센터] 따뜻하장 로비상회,"성북여성문화센터(성북로4길 177, 성북구민회관)",2025-12-20,2025-12-20,축제-기타,성북구,https://culture.seoul.go.kr/culture/culture/cultureEvent/view.do?cultcode=156302&menuNo=200010,https://culture.seoul.go.kr/cmmn/file/getImage.do?atchFileId=4f75dd0a1a1b4cff88ae2e6b7e60a206&thumb=Y,서울시 문화행사,,,,2026-08-23 01:14:23
"[증산정보도서관] 파쳄작은도서관 그림책감정표현놀이 프로그램 [마음아, 놀자!]",파쳄작은도서관,2025-12-20,2025-12-20,교육/체험,은평구,https://culture.seoul.go.kr/culture/culture/cultureEvent/view.do?cultcode=156173&menuNo=200011,https://culture.seoul.go.kr/cmmn/file/getImage.do?atchFileId=63d1e4142a3e4e75b00bcd62d1e6c940&thumb=Y,서울시 문화행사,,,,2026-08-23 01:14:23
[세종문화회관] 2025 꿈의숲 밴드 콘서트 : 프롬올투휴먼&오월오일,꿈의숲 퍼포먼스홀,2025-12-20,2025-12-20,콘서트,강북구,https://culture.seoul.go.kr/culture/culture/cultureEvent/view.do?cultcode=156074&menuNo=200008,https://culture.seoul.go.kr/cmmn/file/getImage.do?atchFileId=9f09d1db2f57497da84519ed1009cdf9&thumb=Y,서울시 문화행사,,,,2026-08-23 01:14:23
[대한민국역사박물관] 특별전 연계 - 낭독과 음악으로 그리는 [밤풍경],대한민국역사박물관 3층,2025-12-20,2025-12-20,콘서트,종로구,https://culture.seoul.go.kr/culture/culture/cultureEvent/view.do?cultcode=156312&menuNo=200008,https://culture.seoul.go.kr/cmmn/file/getImage.do?atchFileId=fedbe8976a314f9ea6afce31dd3963a2&thumb=Y,서울시 문화행사,,,,2026-08-23 01:14:23
"[구립증산정보도서관] 파쳄작은도서관과 함께 하는 [책이랑 놀자, 이렇게!] 12월편",파쳄작은도서관,2025-12-20,2025-12-20,교육/체험,은평구,https://culture.seoul.go.kr/culture/culture/cultureEvent/view.do?cultcode=156175&menuNo=200011,https://culture.seoul.go.kr/cmmn/file/getImage.do?atchFileId=5120bda02ad44301b54e2584a3108a61&thumb=Y,서울시 문화행사,,,,2026-08-23 01:14:23
[구로문화재단] 2025 송년콘서트 [자이언티 & 원슈타인],구로아트밸리 예술극장,2025-12-20,2025-12-20,콘서트,구로구,https://culture.seoul.go.kr/culture/culture/cultureEvent/view.do?cultcode=155790&menuNo=200008,https://culture.seoul.go.kr/cmmn/file/getImage.do?atchFileId=2004241bf9674ee4980ad6133f1bac0d&thumb=Y,서울시 문화행사,,0.003835,25,2026-08-23 01:14:23
[은평문화재단] 2025 생활밀착형 문화예술교육 지원사업 가가호호-원데이 클래스 [소원트리와 함께하는 반짝반짝 크리스마스 캔들 만들기],은평문화예술회관 소회의실,2025-12-20,2025-12-20,교육/체험,은평구,https://culture.seoul.go.kr/culture/culture/cultureEvent/view.do?cultcode=156340&menuNo=200011,https://culture.seoul.go.kr/cmmn/file/getImage.do?atchFileId=03b14c47f81e424b8cda75f765002829&thumb=Y,서울시 문화행사,,,,2026-08-23 01:14:23
문예북흥 No.51 - 『영혼의 물질적인 밤』을 지샌 이장욱의 '에크리(쓰기)'. 삶과 문학의 지평선이 뒤섞인다.,이호철 북콘서트홀,2025-12-20,2025-12-20,교육/체험,은평구,https://culture.seoul.go.kr/culture/culture/cultureEvent/view.do?cultcode=156194&menuNo=200011,https://culture.seoul.go.kr/cmmn/file/getImage.do?atchFileId=9be56f0bd29848ec92b9dd245d84ca1c&thumb=Y,서울시 문화행사,,,,2026-08-23 01:14:23
[서울시립 북서울미술관] 《지구 울림 - 헤르츠앤도우》 퍼포먼스와 토크 [행성적 듣기를 위한 사운드],서울시립 북서울미술관 B1 다목적홀,2025-12-20,2025-12-20,교육/체험,노원구,https://culture.seoul.go.kr/culture/culture/cultureEvent/view.do?cultcode=156197&menuNo=200011,https://culture.seoul.go.kr/cmmn/file/getImage.do?atchFileId=1e23da1dcaa0462b8b7d9c02cd3dc25a&thumb=Y,서울시 문화행사,,,,2026-08-23 01:14:23
마에스트로 금난새와 함께하는 푸근한 음악회,서울특별시 종로구 평창문화로 70 서울아트센터 도암홀,2025-12-20,2025-12-20,클래식,종로구,https://culture.seoul.go.kr/culture/culture/cultureEvent/view.do?cultcode=156204&menuNo=200008,https://culture.seoul.go.kr/cmmn/file/getImage.do?atchFileId=45d602338c4743efafbacfa069145eb2&thumb=Y,서울시 문화행사,,,,2026-08-23 01:14:23
"2025 서울식물원 기획전 《우리들의 자연, 행성적 공존》 특별 도슨트 [감정의 붉은면]","서울식물원 온실, 보타닉홀",2025-12-20,2025-12-20,교육/체험,강서구,https://culture.seoul.go.kr/culture/culture/cultureEvent/view.do?cultcode=156260&menuNo=200011,https://culture.seoul.go.kr/cmmn/file/getImage.do?atchFileId=c5a123ff1d464b66b540f877f2082b0c&thumb=Y,서울시 문화행사,,,,2026-08-23 01:14:23
[관악문화재단] 연극 [늘근도둑이야기],관악문화재단 관악아트홀,2025-12-20,2025-12-20,연극,관악구,https://culture.seoul.go.kr/culture/culture/cultureEvent/view.do?cultcode=155852&menuNo=200008,https://culture.seoul.go.kr/cmmn/file/getImage.do?atchFileId=d73d920d55c740fdbd3d11f9bdcdceb3&thumb=Y,서울시 문화행사,,,,2026-08-23 01:14:23
[강북문화재단] 위대한 클래식 작곡가들 [베토벤 with 피아니스트 노예진 ＆ OES 카메라타],강북문화예술회관 강북소나무홀,2025-12-20,2025-12-20,클래식,강북구,https://culture.seoul.go.kr/culture/culture/cultureEvent/view.do?cultcode=156002&menuNo=200008,https://culture.seoul.go.kr/cmmn/file/getImage.do?atchFileId=2c01b05c842e4dfbbdee665cae02027d&thumb=Y,서울시 문화행사,,0.001818,17,2026-08-23 01:14:23
"[영등포문화재단] 기획공연(열린극장) [장사익 소리판 - 송년의 노래, 영등포의 밤]",영등포아트홀,2025-12-20,2025-12-20,국악,영등포구,https://culture.seoul.go.kr/culture/culture/cultureEvent/view.do?cultcode=156104&menuNo=200008,https://culture.seoul.go.kr/cmmn/file/getImage.do?atchFileId=8bd5944d013b47c4b4299863a9462ab6&thumb=Y,서울시 문화행사,,0.072056,53,2026-08-23 01:14:23
최종민 일러스트레이터와 함께하는 아이패드 드로잉: 크리스마스 그림그리기,서울아트책보고 워크숍룸,2025-12-20,2025-12-20,교육/체험,구로구,https://culture.seoul.go.kr/culture/culture/cultureEvent/view.do?cultcode=156215&menuNo=200011,https://culture.seoul.go.kr/cmmn/file/getImage.do?atchFileId=80a47fdd2b6e410bbcd6988ce238861b&thumb=Y,서울시 문화행사,,,,2026-08-23 01:14:23
"[남산골한옥마을] 2025 남산골 세시절기 [동지, 한 해를 잇다]",남산골한옥마을,2025-12-20,2025-12-20,축제-전통/역사,중구,https://culture.seoul.go.kr/culture/culture/cultureEvent/view.do?cultcode=156332&menuNo=200010,https://culture.seoul.go.kr/cmmn/file/getImage.do?atchFileId=29419c450a3d494b8a575dfc7df2686c&thumb=Y,서울시 문화행사,,0.078829,54,2026-08-23 01:14:23
송영주 솔로 피아노 for Christmas [Winter Story],JCC 아트센터 콘서트홀,2025-12-20,2025-12-20,콘서트,종로구,https://culture.seoul.go.kr/culture/culture/cultureEvent/view.do?cultcode=155956&menuNo=200008,https://culture.seoul.go.kr/cmmn/file/getImage.do?atchFileId=01a7763521ab4c16911ac07d03ab7c1c&thumb=Y,서울시 문화행사,,,,2026-08-23 01:14:23
"[노원문화재단] 인상파, 찬란한 순간들: 모네, 르누아르, 반 고흐 그리고 세잔",노원문화예술회관 4층 노원아트뮤지엄,2025-12-19,2026-05-31,전시/미술,노원구,https://culture.seoul.go.kr/culture/culture/cultureEvent/view.do?cultcode=155934&menuNo=200009,https://culture.seoul.go.kr/cmmn/file/getImage.do?atchFileId=ff53f76d05b543519b366229d5c2b1ef&thumb=Y,서울시 문화행사,,,,2026-08-23 01:14:23
2025-2026 서울광장 스케이트장,서울광장,2025-12-19,2026-02-08,축제-시민화합,중구,https://culture.seoul.go.kr/culture/culture/cultureEvent/view.do?cultcode=156183&menuNo=200010,https://culture.seoul.go.kr/cmmn/file/getImage.do?atchFileId=7a69df103ca441eaaed4884a943ff2ef&thumb=Y,서울시 문화행사,,0.033145,46,2026-08-23 01:14:23
[미래한강본부] 2025 한강페스티벌-겨울 [Hangang River Festival-Winter],"한강공원 일대(반포, 여의도 중심)",2025-12-19,2025-12-31,축제-기타,서초구,https://culture.seoul.go.kr/culture/culture/cultureEvent/view.do?cultcode=155531&menuNo=200010,https://culture.seoul.go.kr/cmmn/file/getImage.do?atchFileId=b91229d1765f4c448e5e50c47081a0e5&thumb=Y,서울시 문화행사,,,,2026-08-23 01:14:23
봄2025 한강페스티벌 겨울 [ON한강],반포한강공원 세빛섬 앞 둔치,2025-12-19,2025-12-28,축제-문화/예술,서초구,https://culture.seoul.go.kr/culture/culture/cultureEvent/view.do?cultcode=156249&menuNo=200010,https://culture.seoul.go.kr/cmmn/file/getImage.do?atchFileId=6d0e9b88c66c4c02835f2c9353f8e614&thumb=Y,서울시 문화행사,,,,2026-08-23 01:14:23
2025 로맨틱 한강 [크리스마스 마켓],뚝섬 한강공원 자벌레 & 청담대교 하부,2025-12-19,2025-12-25,축제-문화/예술,광진구,https://culture.seoul.go.kr/culture/culture/cultureEvent/view.do?cultcode=156253&menuNo=200010,https://culture.seoul.go.kr/cmmn/file/getImage.do?atchFileId=0d9bcf1e18cd476ebdb5bf04f33e9cb6&thumb=Y,서울시 문화행사,,,,2026-08-23 01:14:23
[종로문화재단] 판타지 밴드 시어터 [산타찾기],아이들극장,2025-12-19,2025-12-25,연극,종로구,https://culture.seoul.go.kr/culture/culture/cultureEvent/view.do?cultcode=155840&menuNo=200008,https://culture.seoul.go.kr/cmmn/file/getImage.do?atchFileId=683708a98bd648ad8e04515b783cc4bc&thumb=Y,서울시 문화행사,,0.018503,40,2026-08-23 01:14:23
창립 12주년 기념전 [건축사 윤정훈 전시회],갤러리 인덱스,2025-12-19,2025-12-21,전시/미술,종로구,https://culture.seoul.go.kr/culture/culture/cultureEvent/view.do?cultcode=156300&menuNo=200009,https://culture.seoul.go.kr/cmmn/file/getImage.do?atchFileId=ed32a803a7824616875ae15e6c68c401&thumb=Y,서울시 문화행사,,0.00084,10,2026-08-23 01:14:23
[양재aT센터] 에그테크코리아 2025,양재aT센터 제1전시장,2025-12-19,2025-12-21,전시/미술,서초구,https://culture.seoul.go.kr/culture/culture/cultureEvent/view.do?cultcode=155795&menuNo=200009,https://culture.seoul.go.kr/cmmn/file/getImage.do?atchFileId=05ffd889c9c341ccbd1bdc10f10e835b&thumb=Y,서울시 문화행사,,,,2026-08-23 01:14:23
[관악문화재단] 2025 청년정책페스타,관악청년청 전층,2025-12-19,2025-12-20,축제-문화/예술,관악구,https://culture.seoul.go.kr/culture/culture/cultureEvent/view.do?cultcode=156198&menuNo=200010,https://culture.seoul.go.kr/cmmn/file/getImage.do?atchFileId=472bd3f8dc604ee4800aab125d667ae7&thumb=Y,서울시 문화행사,,,,2026-08-23 01:14:23
[세종문화회관] 합창과 문학의 만남 [너를 두고],세종체임버홀,2025-12-19,2025-12-20,클래식,종로구,https://culture.seoul.go.kr/culture/culture/cultureEvent/view.do?cultcode=156152&menuNo=200008,https://culture.seoul.go.kr/cmmn/file/getImage.do?atchFileId=f47e29fd330f4350b3019263634ea675&thumb=Y,서울시 문화행사,,0.012949,36,2026-08-23 01:14:23
[성동문화재단] 크리스마스 발레 [호두까기 인형],소월아트홀 (월요일 휴관),2025-12-19,2025-12-20,무용,성동구,https://culture.seoul.go.kr/culture/culture/cultureEvent/view.do?cultcode=156041&menuNo=200008,https://culture.seoul.go.kr/cmmn/file/getImage.do?atchFileId=a6eb4581a44e4bd7bda4e34715893566&thumb=Y,서울시 문화행사,,,,2026-08-23 01:14:23
2025 국립극장 [송년판소리],국립극장 달오름극장,2025-12-19,2025-12-20,국악,중구,https://culture.seoul.go.kr/culture/culture/cultureEvent/view.do?cultcode=156191&menuNo=200008,https://culture.seoul.go.kr/cmmn/file/getImage.do?atchFileId=153a828f98a04f03a7dc4be334da5b62&thumb=Y,서울시 문화행사,,0.00965,34,2026-08-23 01:14:23
[서울남산국악당] 판소리 쑛스토리3 : 현진건 편,서울남산국악당 크라운해태홀,2025-12-19,2025-12-20,국악,중구,https://culture.seoul.go.kr/culture/culture/cultureEvent/view.do?cultcode=156246&menuNo=200008,https://culture.seoul.go.kr/cmmn/file/getImage.do?atchFileId=f1e6072af11f4cac999a76b01b8632c5&thumb=Y,서울시 문화행사,,0.000498,5,2026-08-23 01:14:23
[2025 국회도서관 송년콘서트] 브라스와 성악이 만나는곳 국회도서관 음악이 흐르는 밤,국회도서관 대강당,2025-12-19,2025-12-19,콘서트,영등포구,https://culture.seoul.go.kr/culture/culture/cultureEvent/view.do?cultcode=156067&menuNo=200008,https://culture.seoul.go.kr/cmmn/file/getImage.do?atchFileId=83f6b76c3d5a4169b978be0c208e8093&thumb=Y,서울시 문화행사,,,,2026-08-23 01:14:23
[서울디자인재단] DDP 서울디자인런 브랜드 포럼 : 좋은 브랜드는 어떻게 만들어질까?,동대문디자인플라자(DDP) 디자인랩 3층 디자인홀,2025-12-19,2025-12-19,교육/체험,중구,https://culture.seoul.go.kr/culture/culture/cultureEvent/view.do?cultcode=156244&menuNo=200011,https://culture.seoul.go.kr/cmmn/file/getImage.do?atchFileId=b712f8ccfeee415cbd6847ac3daeedb2&thumb=Y,서울시 문화행사,,,,2026-08-23 01:14:23
[문화N중랑] 연희집단 The 광대 2025년 창작주체 [당골포차],중랑구민회관 대공연장,2025-12-19,2025-12-19,국악,중랑구,https://culture.seoul.go.kr/culture/culture/cultureEvent/view.do?cultcode=155880&menuNo=200008,https://culture.seoul.go.kr/cmmn/file/getImage.do?atchFileId=fba436c7fbbc40a3916552640d2a045a&thumb=Y,서울시 문화행사,,,,2026-08-23 01:14:23
[서초문화재단] 서리풀청년예술단 [서초M.스타즈] 4기 실내악 시리즈 Ⅳ ,심산기념문화센터 2층 반포심산아트홀,2025-12-19,2025-12-19,클래식,서초구,https://culture.seoul.go.kr/culture/culture/cultureEvent/view.do?cultcode=155920&menuNo=200008,https://culture.seoul.go.kr/cmmn/file/getImage.do?atchFileId=ade40ed2c424434f92630be0781603fa&thumb=Y,서울시 문화행사,,,,2026-08-23 01:14:23
[서울시립교향악단] 2025 서울시향 얍 판 츠베덴의 베토벤 [합창] ②,롯데콘서트홀,2025-12-19,2025-12-19,클래식,송파구,https://culture.seoul.go.kr/culture/culture/cultureEvent/view.do?cultcode=155528&menuNo=200008,https://culture.seoul.go.kr/cmmn/file/getImage.do?atchFileId=06707408de714525965a0dda346ebfd3&thumb=Y,서울시 문화행사,,0.808786,77,2026-08-23 01:14:23
"성탄 특집 - 중독, 신께 무릎 꿇다 [도박중독 회복자가 말한다]",자기사랑 세미나실 2층 ,2025-12-19,2025-12-19,교육/체험,종로구,https://culture.seoul.go.kr/culture/culture/cultureEvent/view.do?cultcode=156141&menuNo=200011,https://culture.seoul.go.kr/cmmn/file/getImage.do?atchFileId=22c39dcddc4e4ddb882d329776cf5ce3&thumb=Y,서울시 문화행사,,,,2026-08-23 01:14:23
[서울 문화의 밤] 12월 방구석 북토크 - 책 읽는 시민이 답이다(오지은),서울도서관 1층 생각마루,2025-12-19,2025-12-19,교육/체험,중구,https://culture.seoul.go.kr/culture/culture/cultureEvent/view.do?cultcode=156113&menuNo=200011,https://culture.seoul.go.kr/cmmn/file/getImage.do?atchFileId=d954524e05b749fc8ddc506ea5328fd8&thumb=Y,서울시 문화행사,,,,2026-08-23 01:14:23
[관악문화재단] 2025년 청년문화포럼 [청년문화와 트렌드],관악청년청 3층 다목적강당,2025-12-19,2025-12-19,기타,관악구,https://culture.seoul.go.kr/culture/culture/cultureEvent/view.do?cultcode=156318&menuNo=200013,https://culture.seoul.go.kr/cmmn/file/getImage.do?atchFileId=ac968fb85ad448db9cc0f4e3e7af4539&thumb=Y,서울시 문화행사,,,,2026-08-23 01:14:23
[송파문화재단] 송파상대놀이 명작화 특별 공연 [나비야 나비야 우리 같이 살아보자],송파문화예술회관,2025-12-19,2025-12-19,국악,송파구,https://culture.seoul.go.kr/culture/culture/cultureEvent/view.do?cultcode=156294&menuNo=200008,https://culture.seoul.go.kr/cmmn/file/getImage.do?atchFileId=83e57218b1ce4ee1914fc601a03e935c&thumb=Y,서울시 문화행사,,0.019088,40,2026-08-23 01:14:23
제51회 신악회 정기연주회 [Being as Breathing 대금 :송지윤],정효아트홀,2025-12-19,2025-12-19,국악,서초구,https://culture.seoul.go.kr/culture/culture/cultureEvent/view.do?cultcode=156192&menuNo=200008,https://culture.seoul.go.kr/cmmn/file/getImage.do?atchFileId=b16c29a37c7c42ecab8c71f873b2d9c3&thumb=Y,서울시 문화행사,,,,2026-08-23 01:14:23
[국립고궁박물관] 한·일 국교정상화 60주년 기념 특별전 [천년을 흘러온 시간],1층 기획전시실Ⅲ·Ⅳ,2025-12-18,2026-02-18,전시/미술,종로구,https://culture.seoul.go.kr/culture/culture/cultureEvent/view.do?cultcode=156570&menuNo=200009,https://culture.seoul.go.kr/cmmn/file/getImage.do?atchFileId=e17a2cbc1b214f2d9f2b6875e1c3efb5&thumb=Y,서울시 문화행사,,,,2026-08-23 01:14:23
김희수 개인전 [끝내 내가 보고 싶은 것],에브리데이몬데이,2025-12-18,2026-02-08,전시/미술,송파구,https://culture.seoul.go.kr/culture/culture/cultureEvent/view.do?cultcode=156314&menuNo=200009,https://culture.seoul.go.kr/cmmn/file/getImage.do?atchFileId=e62a35db0088419aa52a56f7f8683e6d&thumb=Y,서울시 문화행사,,,,2026-08-23 01:14:23
[서울디자인재단] 서울라이트 DDP 2025 겨울,동대문디자인프라자(DDP) 전면부 일대,2025-12-18,2025-12-31,축제-문화/예술,중구,https://culture.seoul.go.kr/culture/culture/cultureEvent/view.do?cultcode=156126&menuNo=200010,https://culture.seoul.go.kr/cmmn/file/getImage.do?atchFileId=d103ab0a033541cbb3fa83f1da83cdeb&thumb=Y,서울시 문화행사,,,,2026-08-23 01:14:23
[노화랑] 홍영훈 개인전 [네버 에버 랜드],"노화랑 1, 2층 전시관",2025-12-18,2025-12-29,전시/미술,종로구,https://culture.seoul.go.kr/culture/culture/cultureEvent/view.do?cultcode=156326&menuNo=200009,https://culture.seoul.go.kr/cmmn/file/getImage.do?atchFileId=46848b9432964a2ab3af1c967a260c18&thumb=Y,서울시 문화행사,,,,2026-08-23 01:14:23
DDP 겨울 스페셜투어: 나이트&라이트 투어,DDP 전역,2025-12-18,2025-12-24,전시/미술,중구,https://culture.seoul.go.kr/culture/culture/cultureEvent/view.do?cultcode=156270&menuNo=200009,https://culture.seoul.go.kr/cmmn/file/getImage.do?atchFileId=1e9c140404734f94bf633c5ede066fac&thumb=Y,서울시 문화행사,,,,2026-08-23 01:14:23
[세종문화회관] 서울시무용단 [안무가 랩: 듀오],세종문화회관 세종S씨어터,2025-12-18,2025-12-21,무용,종로구,https://culture.seoul.go.kr/culture/culture/cultureEvent/view.do?cultcode=156151&menuNo=200008,https://culture.seoul.go.kr/cmmn/file/getImage.do?atchFileId=5f3a5f0656834fcc8abaa3baea3d3cf2&thumb=Y,서울시 문화행사,,,,2026-08-23 01:14:23
[마포문화재단] 2025 M 송년시리즈Ⅱ 발레 [호두까기 인형],마포아트센터 아트홀맥,2025-12-18,2025-12-21,무용,마포구,https://culture.seoul.go.kr/culture/culture/cultureEvent/view.do?cultcode=155636&menuNo=200008,https://culture.seoul.go.kr/cmmn/file/getImage.do?atchFileId=cde9f08e268e4926b599f6689777911f&thumb=Y,서울시 문화행사,,0.055695,51,2026-08-23 01:14:23
K-핸드메이드페어 2025,서울 삼성동 코엑스 1층  B홀,2025-12-18,2025-12-21,전시/미술,강남구,https://culture.seoul.go.kr/culture/culture/cultureEvent/view.do?cultcode=152033&menuNo=200009,https://culture.seoul.go.kr/cmmn/file/getImage.do?atchFileId=42afe00583eb4b0983dba37a04a41222&thumb=Y,서울시 문화행사,,,,2026-08-23 01:14:23
신현식 아쟁 독주회 [위로],국립국악원 우면당 ,2025-12-18,2025-12-18,국악,서초구,https://culture.seoul.go.kr/culture/culture/cultureEvent/view.do?cultcode=156189&menuNo=200008,https://culture.seoul.go.kr/cmmn/file/getImage.do?atchFileId=9171ccfe9d4f484b8d292065086b02eb&thumb=Y,서울시 문화행사,,0.008703,33,2026-08-23 01:14:23
[함신익과 심포니 송] 마스터즈 시리즈 X [송년음악회 기쁨의 노래],롯데콘서트홀,2025-12-18,2025-12-18,클래식,송파구,https://culture.seoul.go.kr/culture/culture/cultureEvent/view.do?cultcode=153886&menuNo=200008,https://culture.seoul.go.kr/cmmn/file/getImage.do?atchFileId=59fea2e4231945dda2872c8fcc2785af&thumb=Y,서울시 문화행사,,0.808786,77,2026-08-23 01:14:23
[서울시립교향악단] 2025 서울시향 얍 판 츠베덴의 베토벤 [합창] ①,예술의전당 콘서트홀,2025-12-18,2025-12-18,클래식,서초구,https://culture.seoul.go.kr/culture/culture/cultureEvent/view.do?cultcode=155530&menuNo=200008,https://culture.seoul.go.kr/cmmn/file/getImage.do?atchFileId=183c8be23a5c432c98f2ebad7ca67816&thumb=Y,서울시 문화행사,,0.021067,41,2026-08-23 01:14:23
[성북문화예술교육센터] 모두 예술로 오픈테이블 - 연결되는 사이는 사이,성북문화예술교육센터 5층,2025-12-18,2025-12-18,기타,성북구,https://culture.seoul.go.kr/culture/culture/cultureEvent/view.do?cultcode=156301&menuNo=200013,https://culture.seoul.go.kr/cmmn/file/getImage.do?atchFileId=90f712eec1d241a9afa96008c871bb90&thumb=Y,서울시 문화행사,,,,2026-08-23 01:14:23
[강남문화재단] 2025 살롱음악회 [Winter Classic],라움아트센터 체임버홀,2025-12-18,2025-12-18,클래식,강남구,https://culture.seoul.go.kr/culture/culture/cultureEvent/view.do?cultcode=156227&menuNo=200008,https://culture.seoul.go.kr/cmmn/file/getImage.do?atchFileId=019451cc1bc545929af51901f2ef65ee&thumb=Y,서울시 문화행사,,,,2026-08-23 01:14:23
지순자의 민요 길라잡이 Ⅱ,국립국악원 풍류사랑방,2025-12-18,2025-12-18,국악,서초구,https://culture.seoul.go.kr/culture/culture/cultureEvent/view.do?cultcode=156202&menuNo=200008,https://culture.seoul.go.kr/cmmn/file/getImage.do?atchFileId=764e32b8f866474da235bc5174a12f12&thumb=Y,서울시 문화행사,,0.002801,21,2026-08-23 01:14:23
[서울아트책보고] 그림책 몸짓: 나는 컵이 아니야,서울아트책보고 열린무대,2025-12-18,2025-12-18,교육/체험,구로구,https://culture.seoul.go.kr/culture/culture/cultureEvent/view.do?cultcode=156195&menuNo=200011,https://culture.seoul.go.kr/cmmn/file/getImage.do?atchFileId=b66719759e1c46a583d88d5cb661fc54&thumb=Y,서울시 문화행사,,,,2026-08-23 01:14:23
권송희 [소금] - 수림뉴웨이브2025,수림문화재단 김희수SPACE1,2025-12-18,2025-12-18,국악,동대문구,https://culture.seoul.go.kr/culture/culture/cultureEvent/view.do?cultcode=156179&menuNo=200008,https://culture.seoul.go.kr/cmmn/file/getImage.do?atchFileId=26c9608db59944d997fa2d906e3fde69&thumb=Y,서울시 문화행사,,,,2026-08-23 01:14:23
[서울시립 사진미술관] PhotoSeMA 2기 도슨트 양성교육,서울시립 북서울미술관 B1 스튜디오2,2025-12-18,2025-12-18,교육/체험,노원구,https://culture.seoul.go.kr/culture/culture/cultureEvent/view.do?cultcode=156154&menuNo=200011,https://culture.seoul.go.kr/cmmn/file/getImage.do?atchFileId=4af74a89da7748579e711d7ec2b9af98&thumb=Y,서울시 문화행사,,,,2026-08-23 01:14:23
[서초문화재단] 모차르트 피아노 협주곡 전곡 시리즈 2,심산기념문화센터 2층 반포심산아트홀,2025-12-18,2025-12-18,클래식,서초구,https://culture.seoul.go.kr/culture/culture/cultureEvent/view.do?cultcode=155877&menuNo=200008,https://culture.seoul.go.kr/cmmn/file/getImage.do?atchFileId=2156c0f83e8f4feb95e6af7c90eec047&thumb=Y,서울시 문화행사,,,,2026-08-23 01:14:23
[강동문화재단] 낭만바리케이트 작품 낭독회 [작곡열전2] : 뮤지컬 [이차원의 신],강동아트센터 소극장 드림,2025-12-18,2025-12-18,뮤지컬/오페라,강동구,https://culture.seoul.go.kr/culture/culture/cultureEvent/view.do?cultcode=156109&menuNo=200008,https://culture.seoul.go.kr/cmmn/file/getImage.do?atchFileId=0ade500af79741499d4ce2e4929ef560&thumb=Y,서울시 문화행사,,0.001594,16,2026-08-23 01:14:23
채수현의 경기십이잡가 시리즈 2025 [십이잡가를 품은 춘향: 再],한국문화의집 코우스,2025-12-18,2025-12-18,국악,강남구,https://culture.seoul.go.kr/culture/culture/cultureEvent/view.do?cultcode=156069&menuNo=200008,https://culture.seoul.go.kr/cmmn/file/getImage.do?atchFileId=2636d5ab481b4614a23e68d250e10e58&thumb=Y,서울시 문화행사,,,,2026-08-23 01:14:23
뮤지컬 [킹키부츠],샤롯데씨어터,2025-12-17,2026-03-29,뮤지컬/오페라,송파구,https://culture.seoul.go.kr/culture/culture/cultureEvent/view.do?cultcode=156622&menuNo=200008,https://culture.seoul.go.kr/cmmn/file/getImage.do?atchFileId=a682d99405a14669b75d08365bc38fbe&thumb=Y,서울시 문화행사,,,,2026-08-23 01:14:23
[서초문화재단] 서리풀 휴(休) 갤러리 [서리풀페스티벌 사생대회 수상작 전시],"심산기념문화센터 B1, 서리풀 휴(休) 갤러리",2025-12-17,2026-01-17,전시/미술,서초구,https://culture.seoul.go.kr/culture/culture/cultureEvent/view.do?cultcode=156356&menuNo=200009,https://culture.seoul.go.kr/cmmn/file/getImage.do?atchFileId=a944122274d9477182777448120fec0c&thumb=Y,서울시 문화행사,,,,2026-08-23 01:14:23
"거인의 식탁 Feast of the Giant, 김진 개인전","갤러리 플래닛 (서울시 강남구 압구정로 71길 14,2층)",2025-12-17,2026-01-09,전시/미술,강남구,https://culture.seoul.go.kr/culture/culture/cultureEvent/view.do?cultcode=156298&menuNo=200009,https://culture.seoul.go.kr/cmmn/file/getImage.do?atchFileId=d9be35f9b3d144c7b0f8a3f55881920c&thumb=Y,서울시 문화행사,,,,2026-08-23 01:14:23
"[세종뮤지엄갤러리] 전통을 담고, 깊이를 담다 Embracing Tradition, Embracing Depth","세종뮤지엄갤러리 1, 2관",2025-12-17,2025-12-28,전시/미술,광진구,https://culture.seoul.go.kr/culture/culture/cultureEvent/view.do?cultcode=156327&menuNo=200009,https://culture.seoul.go.kr/cmmn/file/getImage.do?atchFileId=07389a865a194cc7867d48683d2f0ce1&thumb=Y,서울시 문화행사,,,,2026-08-23 01:14:23
[세종문화회관] 유니버설발레단 [호두까기인형],세종대극장,2025-12-17,2025-12-28,무용,종로구,https://culture.seoul.go.kr/culture/culture/cultureEvent/view.do?cultcode=155946&menuNo=200008,https://culture.seoul.go.kr/cmmn/file/getImage.do?atchFileId=92d5e25e55c641f386c82cf80e67fcbf&thumb=Y,서울시 문화행사,,0.002366,20,2026-08-23 01:14:23
[서울문화예술교육센터 은평] 원데이 [클래식 기초 발레]_12월,서울문화예술교육센터 은평 3층 댄스스튜디오1,2025-12-17,2025-12-17,영화,은평구,https://culture.seoul.go.kr/culture/culture/cultureEvent/view.do?cultcode=155979&menuNo=200013,https://culture.seoul.go.kr/cmmn/file/getImage.do?atchFileId=1f4600346bac43b399398a65a2bd6b0c&thumb=Y,서울시 문화행사,,,,2026-08-23 01:14:23
[종로문화재단] 금빛으로 지은 옷을 여미다,배화여자대학교 도서관 1층 전통문화전시실,2025-12-16,2026-06-26,전시/미술,종로구,https://culture.seoul.go.kr/culture/culture/cultureEvent/view.do?cultcode=156309&menuNo=200009,https://culture.seoul.go.kr/cmmn/file/getImage.do?atchFileId=dc73759daf4e460fb1b9184a298f8c43&thumb=Y,서울시 문화행사,,,,2026-08-23 01:14:23
[서울시립미술관 서소문본관] 근접한 세계,"서울시립미술관 서소문본관 2,3층 전시실, 프로젝트 갤러리, 크리스탈 갤러리",2025-12-16,2026-03-29,전시/미술,중구,https://culture.seoul.go.kr/culture/culture/cultureEvent/view.do?cultcode=156159&menuNo=200009,https://culture.seoul.go.kr/cmmn/file/getImage.do?atchFileId=d504be6799ce40b2a271e8f69f1a4502&thumb=Y,서울시 문화행사,,,,2026-08-23 01:14:23
[서울시립 북서울미술관] Buk SeMA 어린이 방학 프로그램 [배낭 탐험가!],"서울시립 북서울미술관 B1 전시실 5, 6",2025-12-16,2026-02-27,교육/체험,노원구,https://culture.seoul.go.kr/culture/culture/cultureEvent/view.do?cultcode=156267&menuNo=200011,https://culture.seoul.go.kr/cmmn/file/getImage.do?atchFileId=14dc916ef49f4d3c94f4986381dfc201&thumb=Y,서울시 문화행사,,,,2026-08-23 01:14:23
[마포문화재단] 2025 꿈의 스튜디오 마포 - 예술교육 프로그램 [우리가 꿈이 되는 순간],마포아트센터 갤러리맥,2025-12-16,2025-12-21,전시/미술,마포구,https://culture.seoul.go.kr/culture/culture/cultureEvent/view.do?cultcode=156263&menuNo=200009,https://culture.seoul.go.kr/cmmn/file/getImage.do?atchFileId=1c0328fa88554903a50555a5d6489605&thumb=Y,서울시 문화행사,,,,2026-08-23 01:14:23
[서초문화재단] 2025 심산 영화관 [닥터 지바고],심산기념문화센터 반포심산아트홀,2025-12-16,2025-12-16,영화,서초구,https://culture.seoul.go.kr/culture/culture/cultureEvent/view.do?cultcode=156020&menuNo=200013,https://culture.seoul.go.kr/cmmn/file/getImage.do?atchFileId=ccba1801b8514ddbaf07e4d562f17d82&thumb=Y,서울시 문화행사,,,,2026-08-23 01:14:23
[서울도서관] 글쓰기와 감각의 교육 - 도서관에서 배우는 포용의 언어,서울도서관 1층 생각마루,2025-12-16,2025-12-16,교육/체험,중구,https://culture.seoul.go.kr/culture/culture/cultureEvent/view.do?cultcode=156205&menuNo=200011,https://culture.seoul.go.kr/cmmn/file/getImage.do?atchFileId=dc17864e7c27457d84d9f52194a093a1&thumb=Y,서울시 문화행사,,,,2026-08-23 01:14:23
[성동문화재단] 소월 아트갤러리 콘서트 - 시즌Ⅰ,소월아트홀,2025-12-16,2025-12-16,콘서트,성동구,https://culture.seoul.go.kr/culture/culture/cultureEvent/view.do?cultcode=156124&menuNo=200008,https://culture.seoul.go.kr/cmmn/file/getImage.do?atchFileId=8ad758b87662415092f9d8e6aacce7a3&thumb=Y,서울시 문화행사,,0.159576,61,2026-08-23 01:14:23
"[서울문화예술교육센터 은평] 원데이 [당신의 움직임을 예술로, 메디컬 바레]_12월",서울문화예술교육센터 은평 3층 댄스스튜디오1 ,2025-12-16,2025-12-16,교육/체험,은평구,https://culture.seoul.go.kr/culture/culture/cultureEvent/view.do?cultcode=155978&menuNo=200011,https://culture.seoul.go.kr/cmmn/file/getImage.do?atchFileId=dd5242a8e16e497bac8ae20329ecb2f9&thumb=Y,서울시 문화행사,,,,2026-08-23 01:14:23
[서울역사박물관] 재능나눔콘서트 [크리스마스 스페셜 콘서트],서울역사박물관 1층 로비,2025-12-16,2025-12-16,콘서트,종로구,https://culture.seoul.go.kr/culture/culture/cultureEvent/view.do?cultcode=156264&menuNo=200008,https://culture.seoul.go.kr/cmmn/file/getImage.do?atchFileId=d7f1cc1cfa3643e6a6bae254cb94341a&thumb=Y,서울시 문화행사,,,,2026-08-23 01:14:23
[영등포문화재단] 도림 생활문화센터 [2025 도림나잇-쇼 앤 재즈],도림 생활문화센터,2025-12-16,2025-12-16,콘서트,양천구,https://culture.seoul.go.kr/culture/culture/cultureEvent/view.do?cultcode=156239&menuNo=200008,https://culture.seoul.go.kr/cmmn/file/getImage.do?atchFileId=9f88ffaffee14d5b8f05da696d246643&thumb=Y,서울시 문화행사,,0.005815,29,2026-08-23 01:14:23
2025 강남구 평생학습센터 [크리스마스특강],"강남구 평생학습센터 4개소(논현,일원, 수서,개포)",2025-12-15,2025-12-19,교육/체험,강남구,https://culture.seoul.go.kr/culture/culture/cultureEvent/view.do?cultcode=156082&menuNo=200011,https://culture.seoul.go.kr/cmmn/file/getImage.do?atchFileId=6ae39b316df241e6ac05446bea95d3ab&thumb=Y,서울시 문화행사,,,,2026-08-23 01:14:23
[서울남산·돈화문국악당] 청년국악인 실무 특강,"10:00, 14:00",2025-12-15,2025-12-15,교육/체험,중구,https://culture.seoul.go.kr/culture/culture/cultureEvent/view.do?cultcode=156135&menuNo=200011,https://culture.seoul.go.kr/cmmn/file/getImage.do?atchFileId=ed47d61fe6a84112bcb94159ef74cbbd&thumb=Y,서울시 문화행사,,,,2026-08-23 01:14:23
[종로문화재단] 2025 어디나 스테이지 12월 공연,광화문아트홀,2025-12-15,2025-12-15,콘서트,종로구,https://culture.seoul.go.kr/culture/culture/cultureEvent/view.do?cultcode=156101&menuNo=200008,https://culture.seoul.go.kr/cmmn/file/getImage.do?atchFileId=d4811a3cb70d43fe9803762816241d7d&thumb=Y,서울시 문화행사,,,,2026-08-23 01:14:23
2025 문화가 흐르는 서울광장 12월,광화문광장 특설무대,2025-12-14,2025-12-14,콘서트,종로구,https://culture.seoul.go.kr/culture/culture/cultureEvent/view.do?cultcode=156221&menuNo=200008,https://culture.seoul.go.kr/cmmn/file/getImage.do?atchFileId=4f20ddeef7c148a9be362a6aac817009&thumb=Y,서울시 문화행사,,,,2026-08-23 01:14:23
[서울역사박물관] 한-캐나다 상호 문화교류의 해 기념 특별전 [BURTYNSKY: EXTRACTION / ABSTRACTION],서울역사박물관 기획전시실A,2025-12-13,2026-03-02,전시/미술,종로구,https://culture.seoul.go.kr/culture/culture/cultureEvent/view.do?cultcode=155991&menuNo=200009,https://culture.seoul.go.kr/cmmn/file/getImage.do?atchFileId=591a2868b5f043ce9c43cfd0a097a516&thumb=Y,서울시 문화행사,,,,2026-08-23 01:14:23
슬미 앤드 재엔더플루이드 개인전 [흐르는 말처럼],갤러리인,2025-12-13,2025-12-29,전시/미술,서대문구,https://culture.seoul.go.kr/culture/culture/cultureEvent/view.do?cultcode=156250&menuNo=200009,https://culture.seoul.go.kr/cmmn/file/getImage.do?atchFileId=d9bbed82798643b89e48437cb7047022&thumb=Y,서울시 문화행사,,,,2026-08-23 01:14:23
이나림 개인전 [눈이 타오르는 비탈],예술공간 의식주,2025-12-13,2025-12-28,전시/미술,서대문구,https://culture.seoul.go.kr/culture/culture/cultureEvent/view.do?cultcode=156251&menuNo=200009,https://culture.seoul.go.kr/cmmn/file/getImage.do?atchFileId=411c3ac10c40412184223af69e126366&thumb=Y,서울시 문화행사,,0.000311,0,2026-08-23 01:14:23
겨울몽환 : Winter Reverie 2025,서울숲 스튜디오301,2025-12-13,2025-12-27,클래식,성동구,https://culture.seoul.go.kr/culture/culture/cultureEvent/view.do?cultcode=156056&menuNo=200008,https://culture.seoul.go.kr/cmmn/file/getImage.do?atchFileId=97e813ce3d7e4077b384ac1533163a1d&thumb=Y,서울시 문화행사,,,,2026-08-23 01:14:23
[종로문화재단] 상촌재 겨울맞이 전통 의식주 교육 프로그램,상촌재 (서울시 종로구 자하문로 17길 12-11),2025-12-13,2025-12-14,교육/체험,종로구,https://culture.seoul.go.kr/culture/culture/cultureEvent/view.do?cultcode=156170&menuNo=200011,https://culture.seoul.go.kr/cmmn/file/getImage.do?atchFileId=7d48840988014714895e0dcc05dab413&thumb=Y,서울시 문화행사,,,,2026-08-23 01:14:23
[세종문화회관] 제17기 시민연극교실 [햄릿],세종S씨어터,2025-12-13,2025-12-14,연극,종로구,https://culture.seoul.go.kr/culture/culture/cultureEvent/view.do?cultcode=156138&menuNo=200008,https://culture.seoul.go.kr/cmmn/file/getImage.do?atchFileId=6aeb9f9b7ad0400b9ad39a955296dd81&thumb=Y,서울시 문화행사,,0.002528,20,2026-08-23 01:14:23
[강서문화원] 특별기획전 [프로메테우스展],강서아트리움 갤러리서,2025-12-13,2025-12-14,교육/체험,강서구,https://culture.seoul.go.kr/culture/culture/cultureEvent/view.do?cultcode=156241&menuNo=200011,https://culture.seoul.go.kr/cmmn/file/getImage.do?atchFileId=6ca6f6468dcf428cb70eea40b4111b93&thumb=Y,서울시 문화행사,,,,2026-08-23 01:14:23
[종로문화재단] 창신소담도서관 개관행사 가족뮤지컬,창신소담도서관 (종로구 창신길 83 1층),2025-12-13,2025-12-13,뮤지컬/오페라,종로구,https://culture.seoul.go.kr/culture/culture/cultureEvent/view.do?cultcode=156226&menuNo=200008,https://culture.seoul.go.kr/cmmn/file/getImage.do?atchFileId=c68ce13664b044479e652702d8397c2f&thumb=Y,서울시 문화행사,,,,2026-08-23 01:14:23
[은평문화재단] 2025 패밀리위크 [라비던스 콘서트],은평문화예술회관 공연장,2025-12-13,2025-12-13,콘서트,은평구,https://culture.seoul.go.kr/culture/culture/cultureEvent/view.do?cultcode=156094&menuNo=200008,https://culture.seoul.go.kr/cmmn/file/getImage.do?atchFileId=4462ee55403c45b1ae43b712744c73bf&thumb=Y,서울시 문화행사,,,,2026-08-23 01:14:23
[서울시립교향악단] 2025 서울시향과 함께하는 미라클(美樂Classic) 서울 : 크리스마스 이야기,코엑스 별마당 도서관,2025-12-13,2025-12-13,클래식,서초구,https://culture.seoul.go.kr/culture/culture/cultureEvent/view.do?cultcode=156016&menuNo=200008,https://culture.seoul.go.kr/cmmn/file/getImage.do?atchFileId=2d994e1ee9804ea4b13fb95fa82c7e5f&thumb=Y,서울시 문화행사,,,,2026-08-23 01:14:23
[성북문화재단] 윈터콘서트 [브로콜리너마저: 어떤 노래는 날개를 달고],"꿈빛극장 (서울 성북구 길음로7길 20, 서울성북미디어문화마루 4층)",2025-12-13,2025-12-13,콘서트,성북구,https://culture.seoul.go.kr/culture/culture/cultureEvent/view.do?cultcode=156087&menuNo=200008,https://culture.seoul.go.kr/cmmn/file/getImage.do?atchFileId=028be4dec2104d12a4c78ecb93c92502&thumb=Y,서울시 문화행사,,,,2026-08-23 01:14:23
[세종문화회관] 25세종시즌 [오페라 갈라],세종대극장,2025-12-13,2025-12-13,뮤지컬/오페라,종로구,https://culture.seoul.go.kr/culture/culture/cultureEvent/view.do?cultcode=155929&menuNo=200008,https://culture.seoul.go.kr/cmmn/file/getImage.do?atchFileId=fe2d1c83ef1d485a9d47a70601f0eba7&thumb=Y,서울시 문화행사,,0.002366,20,2026-08-23 01:14:23
"2025 카즈미 타테이시 트리오 내한공연 [지브리, 재즈를 만나다-서울]",용산아트홀 대극장 미르,2025-12-13,2025-12-13,콘서트,용산구,https://culture.seoul.go.kr/culture/culture/cultureEvent/view.do?cultcode=154341&menuNo=200008,https://culture.seoul.go.kr/cmmn/file/getImage.do?atchFileId=311fd9815943420c808f1a00933ae9fb&thumb=Y,서울시 문화행사,,,,2026-08-23 01:14:23
[서울시립 북서울미술관] 나란히 보는 미술관 《크리스찬 히다카 : 하늘이 극장이 되고 극장이 하늘에 있으니》 展,"서울시립 북서울미술관 B1 전시실 5,6 스튜디오1",2025-12-13,2025-12-13,교육/체험,노원구,https://culture.seoul.go.kr/culture/culture/cultureEvent/view.do?cultcode=155933&menuNo=200011,https://culture.seoul.go.kr/cmmn/file/getImage.do?atchFileId=c2315f308bfb4a8c9ea20a673d59c1e6&thumb=Y,서울시 문화행사,,,,2026-08-23 01:14:23
[서울시립 미술아카이브] 2025 서울시립 미술아카이브 대학연계프로그램 폴리오 스튜디오 결과보고전 《미완(완)》,서울시립 미술아카이브 나눔동 2층,2025-12-13,2025-12-13,전시/미술,종로구,https://culture.seoul.go.kr/culture/culture/cultureEvent/view.do?cultcode=156269&menuNo=200009,https://culture.seoul.go.kr/cmmn/file/getImage.do?atchFileId=60f9fdf286ea483d9767452081e39e80&thumb=Y,서울시 문화행사,,,,2026-08-23 01:14:23
[도봉문화재단] 2025 마을극장 흰고무신 [따뜻한 행복 공예소],마을극장 흰고무신,2025-12-13,2025-12-13,교육/체험,도봉구,https://culture.seoul.go.kr/culture/culture/cultureEvent/view.do?cultcode=156186&menuNo=200011,https://culture.seoul.go.kr/cmmn/file/getImage.do?atchFileId=f3d2046ce5ae4fb0af5ff4f4b2d65cab&thumb=Y,서울시 문화행사,,,,2026-08-23 01:14:23
[관악문화재단] 악단광칠 콘서트 [매우 춰라!],관악문화재단 관악아트홀,2025-12-13,2025-12-13,국악,관악구,https://culture.seoul.go.kr/culture/culture/cultureEvent/view.do?cultcode=155851&menuNo=200008,https://culture.seoul.go.kr/cmmn/file/getImage.do?atchFileId=0f7a5bba70b34122ae22f603aea47c84&thumb=Y,서울시 문화행사,,,,2026-08-23 01:14:23
[노원문화재단] 2025 노원어린이극장 축제프로그램 [와따가따 가족극장],노원어린이극장,2025-12-13,2025-12-13,교육/체험,노원구,https://culture.seoul.go.kr/culture/culture/cultureEvent/view.do?cultcode=156077&menuNo=200011,https://culture.seoul.go.kr/cmmn/file/getImage.do?atchFileId=320382a765da4a4f88ee406409e76bcf&thumb=Y,서울시 문화행사,,0.010907,35,2026-08-23 01:14:23
[서울생활문화센터 체부] 체부씨네마 4회차 - 겨울 실내 감성 상영회,서울생활문화센터 체부 (체부홀),2025-12-13,2025-12-13,영화,종로구,https://culture.seoul.go.kr/culture/culture/cultureEvent/view.do?cultcode=156143&menuNo=200013,https://culture.seoul.go.kr/cmmn/file/getImage.do?atchFileId=c13f9c9145aa4c3b8f66272ed8167459&thumb=Y,서울시 문화행사,,,,2026-08-23 01:14:23
클라식한콰이어 제 2회 정기연주회 [별은 너에게로],로데아트센터 콘서트홀,2025-12-13,2025-12-13,클래식,서초구,https://culture.seoul.go.kr/culture/culture/cultureEvent/view.do?cultcode=155862&menuNo=200008,https://culture.seoul.go.kr/cmmn/file/getImage.do?atchFileId=3ffc1f5406e04f3393b2e5e6325bb897&thumb=Y,서울시 문화행사,,,,2026-08-23 01:14:23
[윤극영가옥] 제3회 윤극영 동요자랑,더뮤직 스튜디오 (강북구 노해로 109 4층),2025-12-13,2025-12-13,기타,강북구,https://culture.seoul.go.kr/culture/culture/cultureEvent/view.do?cultcode=156223&menuNo=200013,https://culture.seoul.go.kr/cmmn/file/getImage.do?atchFileId=7de0057b33cb499099862b1cd247987a&thumb=Y,서울시 문화행사,,,,2026-08-23 01:14:23
[중랑문화재단] 들썩들썩 신내마실 영화제 [사랑의 하츄핑],중랑구청 지하 대강당,2025-12-13,2025-12-13,영화,중랑구,https://culture.seoul.go.kr/culture/culture/cultureEvent/view.do?cultcode=156240&menuNo=200013,https://culture.seoul.go.kr/cmmn/file/getImage.do?atchFileId=1b175b94eb7f4bdf9d08fc98ed7919d0&thumb=Y,서울시 문화행사,,,,2026-08-23 01:14:23
문예북흥 No.50 - '건축가 이타미 준의 수제자'이자 '아버지 이타미 준의 딸'인 건축가 유이화가 들려주는 『이타미 준 나의 건축』,이호철북콘서트홀,2025-12-13,2025-12-13,교육/체험,은평구,https://culture.seoul.go.kr/culture/culture/cultureEvent/view.do?cultcode=156132&menuNo=200011,https://culture.seoul.go.kr/cmmn/file/getImage.do?atchFileId=7088d4d476da4b3a995335add289c348&thumb=Y,서울시 문화행사,,0.013049,36,2026-08-23 01:14:23
[구로문화재단] 2025 오류아트홀 연말 기획공연 [짙은 콘서트],오류아트홀,2025-12-13,2025-12-13,콘서트,구로구,https://culture.seoul.go.kr/culture/culture/cultureEvent/view.do?cultcode=156006&menuNo=200008,https://culture.seoul.go.kr/cmmn/file/getImage.do?atchFileId=fb5ec31ae2bb49cbbcb0f23d69b2fa63&thumb=Y,서울시 문화행사,,0.019636,40,2026-08-23 01:14:23
"[성북근현대문학관] 길 위의 시인, 신경림",성북근현대문학관 1층 기획전시실,2025-12-12,2026-06-07,전시/미술,성북구,https://culture.seoul.go.kr/culture/culture/cultureEvent/view.do?cultcode=156902&menuNo=200009,https://culture.seoul.go.kr/cmmn/file/getImage.do?atchFileId=62a1db6a8a88488faa86a7eb6cdd4c9f&thumb=Y,서울시 문화행사,,,,2026-08-23 01:14:23
[서울디자인재단] DDP 청년 창작자 그룹전시 [Next Hi-Light]展,"DDP 뮤지엄 둘레길 C구간(2F~4F), 둘레길 갤러리(3F), 갤러리문",2025-12-12,2026-03-31,전시/미술,중구,https://culture.seoul.go.kr/culture/culture/cultureEvent/view.do?cultcode=156142&menuNo=200009,https://culture.seoul.go.kr/cmmn/file/getImage.do?atchFileId=b3b2a26e0db94cf8a354bff6d0171813&thumb=Y,서울시 문화행사,,,,2026-08-23 01:14:23
[중구문화재단] 보노보노 40주년 특별전 in Seoul,충무아트센터 갤러리,2025-12-12,2026-03-29,전시/미술,중구,https://culture.seoul.go.kr/culture/culture/cultureEvent/view.do?cultcode=155804&menuNo=200009,https://culture.seoul.go.kr/cmmn/file/getImage.do?atchFileId=456364a52ba34cfab39827aa30fd42d9&thumb=Y,서울시 문화행사,,0.026994,44,2026-08-23 01:14:23
[종로문화재단] 2025 무계원 협력전시 [아주 보통의 하루],무계원,2025-12-12,2026-02-24,전시/미술,종로구,https://culture.seoul.go.kr/culture/culture/cultureEvent/view.do?cultcode=156168&menuNo=200009,https://culture.seoul.go.kr/cmmn/file/getImage.do?atchFileId=ba63c0cb1a9a424294d329fee8f0e086&thumb=Y,서울시 문화행사,,,,2026-08-23 01:14:23
2025 서울윈터페스타,"광화문, 청계천, DDP 등 서울 랜드마크 일대",2025-12-12,2026-01-18,축제-문화/예술,종로구,https://culture.seoul.go.kr/culture/culture/cultureEvent/view.do?cultcode=156163&menuNo=200010,https://culture.seoul.go.kr/cmmn/file/getImage.do?atchFileId=21b2e403e9af4ed1bcbb2bbb7fcd0e3b&thumb=Y,서울시 문화행사,,,,2026-08-23 01:14:23
2025 서울빛초롱축제,청계천 일대(청계광장 ~ 삼일교) / 우이천 일대(우이교 ~ 수유교),2025-12-12,2026-01-18,축제-문화/예술,종로구,https://culture.seoul.go.kr/culture/culture/cultureEvent/view.do?cultcode=155808&menuNo=200010,https://culture.seoul.go.kr/cmmn/file/getImage.do?atchFileId=940033f753cf47a397aab567c433671e&thumb=Y,서울시 문화행사,,,,2026-08-23 01:14:23
 2025 서울라이트 광화문,광화문광장 일원,2025-12-12,2026-01-04,전시/미술,종로구,https://culture.seoul.go.kr/culture/culture/cultureEvent/view.do?cultcode=156243&menuNo=200009,https://culture.seoul.go.kr/cmmn/file/getImage.do?atchFileId=42e1c86425674d70ab8980db19ae35fc&thumb=Y,서울시 문화행사,,,,2026-08-23 01:14:23
2025 광화문 마켓,광화문광장,2025-12-12,2025-12-31,축제-문화/예술,종로구,https://culture.seoul.go.kr/culture/culture/cultureEvent/view.do?cultcode=156248&menuNo=200010,https://culture.seoul.go.kr/cmmn/file/getImage.do?atchFileId=9a0c973acb2145288e3c693c2a4f1d5c&thumb=Y,서울시 문화행사,,,,2026-08-23 01:14:23
[겸재정선미술관] 2025 겸재 예술학교 수강생 작품전,"겸재정선미술관 1층 제 1,2 기획전시실",2025-12-12,2025-12-28,전시/미술,강서구,https://culture.seoul.go.kr/culture/culture/cultureEvent/view.do?cultcode=156362&menuNo=200009,https://culture.seoul.go.kr/cmmn/file/getImage.do?atchFileId=2c82ed4d1cfd4e43b6ec956db40006f1&thumb=Y,서울시 문화행사,,,,2026-08-23 01:14:23
[성북문화재단 기획전시] 빗방울이 얇은 창문을 통통통통 두드렸다,미아리고개하부공간 (서울 성북구 동선동3가 22-6) ,2025-12-12,2025-12-23,전시/미술,성북구,https://culture.seoul.go.kr/culture/culture/cultureEvent/view.do?cultcode=156184&menuNo=200009,https://culture.seoul.go.kr/cmmn/file/getImage.do?atchFileId=d16f2a7ab1a7445fae414ef476d14897&thumb=Y,서울시 문화행사,,,,2026-08-23 01:14:23
정훈목 신작 [Yaras] - 2025년 창작산실 2차 제작지원 무용,대학로예술극장,2025-12-12,2025-12-14,무용,종로구,https://culture.seoul.go.kr/culture/culture/cultureEvent/view.do?cultcode=156127&menuNo=200008,https://culture.seoul.go.kr/cmmn/file/getImage.do?atchFileId=2c6fca1625fa4fcb8805eb37eb98ff0c&thumb=Y,서울시 문화행사,,,,2026-08-23 01:14:23
[성동문화재단] 2025 성동공연예술프로젝트 연극 [파도],성수아트홀(월요일 휴관),2025-12-12,2025-12-14,연극,성동구,https://culture.seoul.go.kr/culture/culture/cultureEvent/view.do?cultcode=156042&menuNo=200008,https://culture.seoul.go.kr/cmmn/file/getImage.do?atchFileId=c198053876214224b2191e9bbb0f9aff&thumb=Y,서울시 문화행사,,,,2026-08-23 01:14:23
[강북문화재단] 찾아가는 유랑극단 [환상공간],강북문화예술회관 강북진달래홀,2025-12-12,2025-12-13,연극,강북구,https://culture.seoul.go.kr/culture/culture/cultureEvent/view.do?cultcode=156003&menuNo=200008,https://culture.seoul.go.kr/cmmn/file/getImage.do?atchFileId=57370d98d65e4025bd7ffd1739560d30&thumb=Y,서울시 문화행사,,0.000436,3,2026-08-23 01:14:23
[구로문화재단] 창의아트홀 연극 [만선],구로창의아트홀,2025-12-12,2025-12-13,연극,구로구,https://culture.seoul.go.kr/culture/culture/cultureEvent/view.do?cultcode=156166&menuNo=200008,https://culture.seoul.go.kr/cmmn/file/getImage.do?atchFileId=f169992369d5497cab834bd71da34d5a&thumb=Y,서울시 문화행사,,0.016697,39,2026-08-23 01:14:23
[서초문화재단] 서리풀청년예술단 [서초M.스타즈] 5기 예술가곡 시리즈 Ⅱ ,심산기념문화센터 2층 반포심산아트홀,2025-12-12,2025-12-12,클래식,서초구,https://culture.seoul.go.kr/culture/culture/cultureEvent/view.do?cultcode=155921&menuNo=200008,https://culture.seoul.go.kr/cmmn/file/getImage.do?atchFileId=d876754a7da645628e13b4ebdde3ba86&thumb=Y,서울시 문화행사,,,,2026-08-23 01:14:23
[서울아트책보고] 가장 비싼 현대미술 작가들의 비밀,서울아트책보고 열린무대,2025-12-12,2025-12-12,교육/체험,구로구,https://culture.seoul.go.kr/culture/culture/cultureEvent/view.do?cultcode=156196&menuNo=200011,https://culture.seoul.go.kr/cmmn/file/getImage.do?atchFileId=c259d482be604393a6adda460f6419b2&thumb=Y,서울시 문화행사,,,,2026-08-23 01:14:23
[서울역사박물관] 버틴스키: 추출/추상 [큐레이터와의 대화],서울역사박물관 1학습실,2025-12-12,2025-12-12,교육/체험,종로구,https://culture.seoul.go.kr/culture/culture/cultureEvent/view.do?cultcode=156265&menuNo=200011,https://culture.seoul.go.kr/cmmn/file/getImage.do?atchFileId=59d53fa121dc48dc821dd3fe8debe9e7&thumb=Y,서울시 문화행사,,,,2026-08-23 01:14:23
[서울시립 북서울미술관] 《일렉트릭 쇼크》 연계 라운드테이블 [감전-사](感電-詞),서울시립 북서울미술관 B1층 다목적홀,2025-12-12,2025-12-12,교육/체험,노원구,https://culture.seoul.go.kr/culture/culture/cultureEvent/view.do?cultcode=156140&menuNo=200011,https://culture.seoul.go.kr/cmmn/file/getImage.do?atchFileId=861628486d904fdc9fb2ccc9d4ae5b35&thumb=Y,서울시 문화행사,,,,2026-08-23 01:14:23
[세종문화회관] 2025 누구나 동행챔버오케스트라 창단연주회,세종체임버홀,2025-12-12,2025-12-12,클래식,종로구,https://culture.seoul.go.kr/culture/culture/cultureEvent/view.do?cultcode=156137&menuNo=200008,https://culture.seoul.go.kr/cmmn/file/getImage.do?atchFileId=f3e9bae99b0b404dbd73b23fb8f9590c&thumb=Y,서울시 문화행사,,0.012949,36,2026-08-23 01:14:23
"[성동문화재단] 다락(樂)옥수 '문화, 곁으로 오다' [오카리나&팬플룻 다 함께 음악회] ",다락옥수,2025-12-12,2025-12-12,클래식,성동구,https://culture.seoul.go.kr/culture/culture/cultureEvent/view.do?cultcode=156236&menuNo=200008,https://culture.seoul.go.kr/cmmn/file/getImage.do?atchFileId=5771399830764e749050895c8c935cb1&thumb=Y,서울시 문화행사,,0.002914,22,2026-08-23 01:14:23
[종로문화재단] 창신소담도서관 개관행사 북콘서트 & 북토크,창신소담도서관 (종로구 창신길 83 1층),2025-12-12,2025-12-12,교육/체험,종로구,https://culture.seoul.go.kr/culture/culture/cultureEvent/view.do?cultcode=156225&menuNo=200011,https://culture.seoul.go.kr/cmmn/file/getImage.do?atchFileId=ab18432dba3945a1b461ffbfad4dd279&thumb=Y,서울시 문화행사,,,,2026-08-23 01:14:23
[대한민국역사박물관] 2025 특별전 [밤풍경],대한민국역사박물관 3층 주제관,2025-12-11,2026-03-22,전시/미술,종로구,https://culture.seoul.go.kr/culture/culture/cultureEvent/view.do?cultcode=156278&menuNo=200009,https://culture.seoul.go.kr/cmmn/file/getImage.do?atchFileId=3625c51d21d04d3d9c685400cf05b1a2&thumb=Y,서울시 문화행사,,,,2026-08-23 01:14:23
윤장호 개인전 [낙원의 땅에는 뾰족한 가시만 남았다],팩션,2025-12-11,2025-12-26,전시/미술,서대문구,https://culture.seoul.go.kr/culture/culture/cultureEvent/view.do?cultcode=156261&menuNo=200009,https://culture.seoul.go.kr/cmmn/file/getImage.do?atchFileId=e56653b7752046cea5c802d497f0bdd3&thumb=Y,서울시 문화행사,,,,2026-08-23 01:14:23
2025년 서울문화재단 예술창작활동지원 선정 프로젝트 [명태 말고 영태],서울연극창작센터 서울씨어터 제로,2025-12-11,2025-12-14,연극,성북구,https://culture.seoul.go.kr/culture/culture/cultureEvent/view.do?cultcode=156100&menuNo=200008,https://culture.seoul.go.kr/cmmn/file/getImage.do?atchFileId=81600d6ec0ca4cc3a93969509ab7baed&thumb=Y,서울시 문화행사,,,,2026-08-23 01:14:23
[서울남산국악당] 춤이되고 말이되고,서울남산국악당 크라운해태홀,2025-12-11,2025-12-13,국악,중구,https://culture.seoul.go.kr/culture/culture/cultureEvent/view.do?cultcode=155948&menuNo=200008,https://culture.seoul.go.kr/cmmn/file/getImage.do?atchFileId=c6be089981cc43ac833aeaa479372dbc&thumb=Y,서울시 문화행사,,0.000498,5,2026-08-23 01:14:23
이정석 [아로(我露): 나를 새기는 소리],수림문화재단 김희수SPACE1,2025-12-11,2025-12-11,국악,동대문구,https://culture.seoul.go.kr/culture/culture/cultureEvent/view.do?cultcode=156178&menuNo=200008,https://culture.seoul.go.kr/cmmn/file/getImage.do?atchFileId=8038c10afad54320a48e1df461b1d7c1&thumb=Y,서울시 문화행사,,,,2026-08-23 01:14:23
[서울공예박물관] 어린이박물관 공예창작활동 개발을 위한 뚝딱 워크숍,전시3동 1층 교육실,2025-12-11,2025-12-11,교육/체험,종로구,https://culture.seoul.go.kr/culture/culture/cultureEvent/view.do?cultcode=156157&menuNo=200011,https://culture.seoul.go.kr/cmmn/file/getImage.do?atchFileId=e6429d98c31b4948851f7898f98c31b1&thumb=Y,서울시 문화행사,,,,2026-08-23 01:14:23
[서울공예박물관] 2025년 한국 근대 청자 조사연구 컨퍼런스,"교육동, 기타장소",2025-12-11,2025-12-11,기타,종로구,https://culture.seoul.go.kr/culture/culture/cultureEvent/view.do?cultcode=156156&menuNo=200013,https://culture.seoul.go.kr/cmmn/file/getImage.do?atchFileId=e09cf4bfee7142e4a3af0fad6aeaa6d5&thumb=Y,서울시 문화행사,,,,2026-08-23 01:14:23
"[서초문화재단] 서리풀 송년음악회 [Adieu, 2025]",심산기념문화센터 2층 반포심산아트홀,2025-12-11,2025-12-11,클래식,서초구,https://culture.seoul.go.kr/culture/culture/cultureEvent/view.do?cultcode=156187&menuNo=200008,https://culture.seoul.go.kr/cmmn/file/getImage.do?atchFileId=0762e2a0526f4658b8383850b17591b5&thumb=Y,서울시 문화행사,,,,2026-08-23 01:14:23
[서울아트책보고] 그림책 몸짓 공연: 소리소리 잔소리와 헤어지는 법,서울아트책보고 열린무대,2025-12-11,2025-12-11,연극,구로구,https://culture.seoul.go.kr/culture/culture/cultureEvent/view.do?cultcode=156117&menuNo=200008,https://culture.seoul.go.kr/cmmn/file/getImage.do?atchFileId=214fb657d8b947d2b1a98a15e9edb871&thumb=Y,서울시 문화행사,,,,2026-08-23 01:14:23
"[마포구립서강도서관] 12월/낭독회 [누구라도 괜찮아 열두 번째 낭독회, 바자회]","(낭독회)4층 어린이자료실, (바자회)5층 복도",2025-12-11,2025-12-11,기타,마포구,https://culture.seoul.go.kr/culture/culture/cultureEvent/view.do?cultcode=156066&menuNo=200013,https://culture.seoul.go.kr/cmmn/file/getImage.do?atchFileId=f63636b383fc4d589708cc8d9e94fdcf&thumb=Y,서울시 문화행사,,,,2026-08-23 01:14:23
"[서울역사박물관] 기증유물특별전 [한글편지, 문안 아뢰옵고]",서울역사박물관 기획전시실B,2025-12-10,2026-03-02,전시/미술,종로구,https://culture.seoul.go.kr/culture/culture/cultureEvent/view.do?cultcode=155990&menuNo=200009,https://culture.seoul.go.kr/cmmn/file/getImage.do?atchFileId=f493c9c5ad824e27a1f6b81d5e50d89b&thumb=Y,서울시 문화행사,,,,2026-08-23 01:14:23
민경숙 초대전,통인화랑 5F Gallery,2025-12-10,2026-02-25,전시/미술,종로구,https://culture.seoul.go.kr/culture/culture/cultureEvent/view.do?cultcode=156358&menuNo=200009,https://culture.seoul.go.kr/cmmn/file/getImage.do?atchFileId=3f10145c37314177a4b3835704725dfa&thumb=Y,서울시 문화행사,,,,2026-08-23 01:14:23
"[서울상상나라] 전시연계 워크숍 [쓱쓱, 킁킁, 말랑말랑 & 처음 만난 세계]",서울상상나라 2층 서울형 키즈카페,2025-12-10,2025-12-13,교육/체험,광진구,https://culture.seoul.go.kr/culture/culture/cultureEvent/view.do?cultcode=156164&menuNo=200011,https://culture.seoul.go.kr/cmmn/file/getImage.do?atchFileId=bd3f5657e4d24302b446f9b06cc05f18&thumb=Y,서울시 문화행사,,,,2026-08-23 01:14:23
[마포문화재단 x 윤별발레컴퍼니] 2025 M 송년시리즈 1. 발레 갈라 [블랙 앤 화이트],마포아트센터 아트홀맥,2025-12-10,2025-12-11,무용,마포구,https://culture.seoul.go.kr/culture/culture/cultureEvent/view.do?cultcode=155682&menuNo=200008,https://culture.seoul.go.kr/cmmn/file/getImage.do?atchFileId=0d10d55673f444158688221cab178cae&thumb=Y,서울시 문화행사,,0.055695,51,2026-08-23 01:14:23
[중랑문화재단] 망우열전 - 아사카와 다쿠미 [심는 날],중랑구민회관 대공연장,2025-12-10,2025-12-10,연극,중랑구,https://culture.seoul.go.kr/culture/culture/cultureEvent/view.do?cultcode=156027&menuNo=200008,https://culture.seoul.go.kr/cmmn/file/getImage.do?atchFileId=15b67ea6c66a42e4894c62d7bfcf5b3f&thumb=Y,서울시 문화행사,,,,2026-08-23 01:14:23
"제86회 서울오라토리오 정기연주회 [헨델, 메시아]",여의도 KBS홀,2025-12-10,2025-12-10,클래식,영등포구,https://culture.seoul.go.kr/culture/culture/cultureEvent/view.do?cultcode=156050&menuNo=200008,https://culture.seoul.go.kr/cmmn/file/getImage.do?atchFileId=88e9914accbd436592de1061f0855c9b&thumb=Y,서울시 문화행사,,,,2026-08-23 01:14:23
[아르떼 아카데미] 해외 전문가 초청 연수 [네덜란드 뮤직헤바우 사운드랩(SoundLAB)],엘루오씨앤씨(서울 강남구 신사역 인근),2025-12-10,2025-12-10,교육/체험,강남구,https://culture.seoul.go.kr/culture/culture/cultureEvent/view.do?cultcode=156068&menuNo=200011,https://culture.seoul.go.kr/cmmn/file/getImage.do?atchFileId=36a10440976d453694ee8f3870b32126&thumb=Y,서울시 문화행사,,,,2026-08-23 01:14:23
임경미 가야금 독주회 [춤을 품은 가락],국립국악원 풍류사랑방,2025-12-10,2025-12-10,국악,서초구,https://culture.seoul.go.kr/culture/culture/cultureEvent/view.do?cultcode=156048&menuNo=200008,https://culture.seoul.go.kr/cmmn/file/getImage.do?atchFileId=df7d177010464c67913320108183099c&thumb=Y,서울시 문화행사,,0.002801,21,2026-08-23 01:14:23
[덕수궁] 쿠키런: 사라진 국가유산을 찾아서,덕수궁 돈덕전,2025-12-09,2026-04-05,전시/미술,중구,https://culture.seoul.go.kr/culture/culture/cultureEvent/view.do?cultcode=156222&menuNo=200009,https://culture.seoul.go.kr/cmmn/file/getImage.do?atchFileId=b7bb20814b2544939f0e022e18714b1e&thumb=Y,서울시 문화행사,,0.030817,45,2026-08-23 01:14:23
[서울시립미술관 서소문본관] 한운성컬렉션 기증기획전 《그림과 현실》,서울시립미술관 서소문본관 2층 가나아트컬렉션 전시실/상설 전시실,2025-12-09,2026-03-22,전시/미술,중구,https://culture.seoul.go.kr/culture/culture/cultureEvent/view.do?cultcode=156120&menuNo=200009,https://culture.seoul.go.kr/cmmn/file/getImage.do?atchFileId=b7bb60409eab4e8dad3537dcff60edab&thumb=Y,서울시 문화행사,,,,2026-08-23 01:14:23
 [서울시립과학관] 2025 자연을 담은 생태화 그리기 수강생 작품 전시회,서울시립과학관 루트2층 누구나갤러리,2025-12-09,2026-01-31,전시/미술,노원구,https://culture.seoul.go.kr/culture/culture/cultureEvent/view.do?cultcode=156292&menuNo=200009,https://culture.seoul.go.kr/cmmn/file/getImage.do?atchFileId=405a84cb2aeb43f1b1c955b28b2dd426&thumb=Y,서울시 문화행사,,,,2026-08-23 01:14:23
제4회 서울융합예술페스티벌 언폴드엑스 2025 [Let Things Go: 관계들의 관계],문화역서울284,2025-12-09,2025-12-21,전시/미술,중구,https://culture.seoul.go.kr/culture/culture/cultureEvent/view.do?cultcode=155919&menuNo=200009,https://culture.seoul.go.kr/cmmn/file/getImage.do?atchFileId=934af06dd80544dea4f80ab438bb2efa&thumb=Y,서울시 문화행사,,0.094605,56,2026-08-23 01:14:23
[성동문화재단] 2025 성동문화재단 연말 기획 초대전 [시간을 칠(漆)하다],성수아뜰리에,2025-12-09,2025-12-21,전시/미술,성동구,https://culture.seoul.go.kr/culture/culture/cultureEvent/view.do?cultcode=156235&menuNo=200009,https://culture.seoul.go.kr/cmmn/file/getImage.do?atchFileId=2d49580c72c244ec9a4a8dd6a377e5b4&thumb=Y,서울시 문화행사,,,,2026-08-23 01:14:23
"[종로문화재단] 우리소리도서관 겨울 특강 [국악으로 얼쑤절쑤_겨울, 탈춤]",우리소리도서관 4층 국악누리방 ,2025-12-09,2025-12-16,교육/체험,종로구,https://culture.seoul.go.kr/culture/culture/cultureEvent/view.do?cultcode=156058&menuNo=200011,https://culture.seoul.go.kr/cmmn/file/getImage.do?atchFileId=4d397ccc04ec4186b37f56e6c6e42d6f&thumb=Y,서울시 문화행사,,,,2026-08-23 01:14:23
[한성백제박물관] 2025년 선사·고대 기획전 연계 교육 [풍납동 토성 비밀 탐험대],한성백제박물관 교육실,2025-12-09,2025-12-12,교육/체험,송파구,https://culture.seoul.go.kr/culture/culture/cultureEvent/view.do?cultcode=156160&menuNo=200011,https://culture.seoul.go.kr/cmmn/file/getImage.do?atchFileId=8e325b36c85f4ce389483e6adde2444f&thumb=Y,서울시 문화행사,,,,2026-08-23 01:14:23
[노원문화재단] 2025 노원문화공회 포럼 [문화도시 노원의 미래를 이야기하다],노원문화예술회관 6층 다완재,2025-12-09,2025-12-09,기타,노원구,https://culture.seoul.go.kr/culture/culture/cultureEvent/view.do?cultcode=155958&menuNo=200013,https://culture.seoul.go.kr/cmmn/file/getImage.do?atchFileId=aac84a08a05d484b9743eeb3ba7a581b&thumb=Y,서울시 문화행사,,,,2026-08-23 01:14:23
[서울대학교 중앙도서관 X 관악문화재단] AI insight : 서울대와 미디어센터관악이 함께 그리는 미래,서울대학교 SNU COMMONS 중앙도서관(62동) 중앙도서관 본관 1층,2025-12-08,2025-12-24,전시/미술,관악구,https://culture.seoul.go.kr/culture/culture/cultureEvent/view.do?cultcode=156319&menuNo=200009,https://culture.seoul.go.kr/cmmn/file/getImage.do?atchFileId=21d446c7295f4532845cdafd10e3b113&thumb=Y,서울시 문화행사,,,,2026-08-23 01:14:23
김은수 거문고 독주회 [임동식 산조와 길닦음],국립국악원,2025-12-07,2025-12-07,국악,서초구,https://culture.seoul.go.kr/culture/culture/cultureEvent/view.do?cultcode=156021&menuNo=200008,https://culture.seoul.go.kr/cmmn/file/getImage.do?atchFileId=07ba675ffb8448a3983da013317c19d4&thumb=Y,서울시 문화행사,,,,2026-08-23 01:14:23
"Musica Pictura, Pictura Musica #6 회화 컬렉터 헨델- 화폭에 흐르는 선율",이호철북콘서트홀,2025-12-07,2025-12-07,클래식,은평구,https://culture.seoul.go.kr/culture/culture/cultureEvent/view.do?cultcode=156064&menuNo=200008,https://culture.seoul.go.kr/cmmn/file/getImage.do?atchFileId=7637ae6f439f4b44ac885a155035f6bb&thumb=Y,서울시 문화행사,,0.013049,36,2026-08-23 01:14:23
김영후 빅밴드 Hoo Kim Big Band 단독공연,소월아트홀,2025-12-07,2025-12-07,콘서트,성동구,https://culture.seoul.go.kr/culture/culture/cultureEvent/view.do?cultcode=156206&menuNo=200008,https://culture.seoul.go.kr/cmmn/file/getImage.do?atchFileId=e474c83162b946049e96dae5751e5130&thumb=Y,서울시 문화행사,,0.159576,61,2026-08-23 01:14:23
[강동문화재단] 뮤지컬 [매직 판타지아 - 도로시 리턴즈], 강동아트센터 대극장 한강,2025-12-06,2026-01-04,뮤지컬/오페라,강동구,https://culture.seoul.go.kr/culture/culture/cultureEvent/view.do?cultcode=156108&menuNo=200008,https://culture.seoul.go.kr/cmmn/file/getImage.do?atchFileId=a094276bc2894194a9f3171226cdf3ef&thumb=Y,서울시 문화행사,,0.006661,30,2026-08-23 01:14:23
[서울시립과학관] 2025 쉿! 미스터리 실험실,서울시립과학관 3층 로비,2025-12-06,2025-12-28,교육/체험,노원구,https://culture.seoul.go.kr/culture/culture/cultureEvent/view.do?cultcode=156293&menuNo=200011,https://culture.seoul.go.kr/cmmn/file/getImage.do?atchFileId=28c5d72169424428859289e0ab413d6c&thumb=Y,서울시 문화행사,,,,2026-08-23 01:14:23
미림아트갤러리 [2025 한국템플드로잉협회 제1회 협회전],3층 미림아트 갤러리,2025-12-06,2025-12-21,전시/미술,종로구,https://culture.seoul.go.kr/culture/culture/cultureEvent/view.do?cultcode=156153&menuNo=200009,https://culture.seoul.go.kr/cmmn/file/getImage.do?atchFileId=ffaa545a54454b6eaeda30dd2ce6eaf9&thumb=Y,서울시 문화행사,,,,2026-08-23 01:14:23
2025 겨울 스페이스세컨뷰 3인전 [사소해지기·되풀이하기·바탕색되기],스페이스세컨뷰 (정효문화재단 2F),2025-12-06,2025-12-20,전시/미술,서초구,https://culture.seoul.go.kr/culture/culture/cultureEvent/view.do?cultcode=156155&menuNo=200009,https://culture.seoul.go.kr/cmmn/file/getImage.do?atchFileId=054bfdd5741f468d87cf7f1941f702fa&thumb=Y,서울시 문화행사,,,,2026-08-23 01:14:23
[서울시립 난지미술창작스튜디오] 정세영 [당신이 날 볼 수 없다는 것만 빼면] 2025,서울시립 난지미술창작스튜디오 전시실 갤러리 1 (서울 마포구 하늘공원로 108-1),2025-12-06,2025-12-07,기타,마포구,https://culture.seoul.go.kr/culture/culture/cultureEvent/view.do?cultcode=155927&menuNo=200013,https://culture.seoul.go.kr/cmmn/file/getImage.do?atchFileId=59213e86a14b4d88b9c7485acf404713&thumb=Y,서울시 문화행사,,,,2026-08-23 01:14:23
[서울시립 난지미술창작스튜디오] 오선영 [얼라이브] 2021/2025,서울시립 난지미술창작스튜디오 전시실 갤러리 2 (서울 마포구 하늘공원로 108-1),2025-12-06,2025-12-07,기타,마포구,https://culture.seoul.go.kr/culture/culture/cultureEvent/view.do?cultcode=155926&menuNo=200013,https://culture.seoul.go.kr/cmmn/file/getImage.do?atchFileId=7729416b4f4b46d7a98403a071d637e5&thumb=Y,서울시 문화행사,,,,2026-08-23 01:14:23
[구립구산동도서관마을] 2025년 [겨울날 피어오른 마을음악회],구립구산동도서관마을 3층 힐링캠프,2025-12-06,2025-12-06,클래식,은평구,https://culture.seoul.go.kr/culture/culture/cultureEvent/view.do?cultcode=156049&menuNo=200008,https://culture.seoul.go.kr/cmmn/file/getImage.do?atchFileId=8997bdccda8b40d187365a36af16d9b9&thumb=Y,서울시 문화행사,,,,2026-08-23 01:14:23
[구로문화재단] 창의아트홀 기획공연 [악단광칠 올스탠딩 콘서트] 매우 춰라!,구로창의아트홀,2025-12-06,2025-12-06,콘서트,구로구,https://culture.seoul.go.kr/culture/culture/cultureEvent/view.do?cultcode=155799&menuNo=200008,https://culture.seoul.go.kr/cmmn/file/getImage.do?atchFileId=b3d86b70159c4c7eb2390dc024fe5bad&thumb=Y,서울시 문화행사,,0.016697,39,2026-08-23 01:14:23
제3회 모아(M.O.A)앙상블 정기연주회 [자립을 노래하다],국제아트홀,2025-12-06,2025-12-06,클래식,강남구,https://culture.seoul.go.kr/culture/culture/cultureEvent/view.do?cultcode=156051&menuNo=200008,https://culture.seoul.go.kr/cmmn/file/getImage.do?atchFileId=4d8b7405112849f883f71f518f6f3006&thumb=Y,서울시 문화행사,,0.009724,34,2026-08-23 01:14:23
[마포문화재단] M 아티스트 2025 바리톤 박주성 리사이틀 Ⅱ,마포아트센터 아트홀맥,2025-12-06,2025-12-06,클래식,마포구,https://culture.seoul.go.kr/culture/culture/cultureEvent/view.do?cultcode=153461&menuNo=200008,https://culture.seoul.go.kr/cmmn/file/getImage.do?atchFileId=69c6cfa6dbca4995bf24e969b1cc3d4c&thumb=Y,서울시 문화행사,,0.055695,51,2026-08-23 01:14:23
[동작문화재단] 2025 본동어울마당 아트홀 정기 기획공연 [본·사람·잇다] 7회차,본동어울마당 아트홀(동작구 노량진로 32길 79 지하1층),2025-12-06,2025-12-06,기타,동작구,https://culture.seoul.go.kr/culture/culture/cultureEvent/view.do?cultcode=156028&menuNo=200013,https://culture.seoul.go.kr/cmmn/file/getImage.do?atchFileId=bc9e913788264a6aaaf24e3a81c000d0&thumb=Y,서울시 문화행사,,,,2026-08-23 01:14:23
[관악문화재단] 2025 꿈의 극단 관악 제1회 정기공연 뮤지컬 [외솔],관악아트홀 공연장,2025-12-06,2025-12-06,뮤지컬/오페라,관악구,https://culture.seoul.go.kr/culture/culture/cultureEvent/view.do?cultcode=156054&menuNo=200008,https://culture.seoul.go.kr/cmmn/file/getImage.do?atchFileId=6f7c2a85ed7d4769a544c1cb106fc8d9&thumb=Y,서울시 문화행사,,,,2026-08-23 01:14:23
[송파문화재단] 국악 관현악 [윈터 콘서트],송파문화예술회관,2025-12-06,2025-12-06,국악,송파구,https://culture.seoul.go.kr/culture/culture/cultureEvent/view.do?cultcode=156089&menuNo=200008,https://culture.seoul.go.kr/cmmn/file/getImage.do?atchFileId=560f1819a91e4426bac5b639fbdc27c4&thumb=Y,서울시 문화행사,,0.019088,40,2026-08-23 01:14:23
"문예북흥 No.49 - 『네가 봄에 써야지 속으로 생각했던』 감정에 대해서, 한겨울을 지나며 심보선이 쓴다. 쌓인 외로움 속에서 꽃 필 희망을 기다린다.",이호철북콘서트홀,2025-12-06,2025-12-06,교육/체험,은평구,https://culture.seoul.go.kr/culture/culture/cultureEvent/view.do?cultcode=156063&menuNo=200011,https://culture.seoul.go.kr/cmmn/file/getImage.do?atchFileId=31d74b49ff66417a86b121426d9d3e31&thumb=Y,서울시 문화행사,,0.013049,36,2026-08-23 01:14:23
[양천문화재단] 2025년 북콘서트 [고전에서 찾은 삶의 방향],양천문화회관 대극장 2F,2025-12-06,2025-12-06,콘서트,양천구,https://culture.seoul.go.kr/culture/culture/cultureEvent/view.do?cultcode=156096&menuNo=200008,https://culture.seoul.go.kr/cmmn/file/getImage.do?atchFileId=1003fb6468b441d7a99ed3a52ae8fa7b&thumb=Y,서울시 문화행사,,,,2026-08-23 01:14:23
[은평문화재단] 2025 송년음악회,은평문화예술회관 공연장,2025-12-06,2025-12-06,클래식,은평구,https://culture.seoul.go.kr/culture/culture/cultureEvent/view.do?cultcode=156093&menuNo=200008,https://culture.seoul.go.kr/cmmn/file/getImage.do?atchFileId=b20e95dc25b64e759e7aad3730dd79cd&thumb=Y,서울시 문화행사,,,,2026-08-23 01:14:23
[서울문화예술교육센터 용산] 다정한 아트라운지 [안녕을 나누는 사이 겨울나기],업무동 1층 아트라운지,2025-12-06,2025-12-06,교육/체험,용산구,https://culture.seoul.go.kr/culture/culture/cultureEvent/view.do?cultcode=155691&menuNo=200011,https://culture.seoul.go.kr/cmmn/file/getImage.do?atchFileId=c698c1ce4ccd4544abe94c95dc268d2f&thumb=Y,서울시 문화행사,,,,2026-08-23 01:14:23
[종로문화재단] 2025년 종로구립소년소녀합창단 정기연주회 [별의 노래],아이들극장(서울시 종로구 성균관로 91),2025-12-06,2025-12-06,콘서트,종로구,https://culture.seoul.go.kr/culture/culture/cultureEvent/view.do?cultcode=155841&menuNo=200008,https://culture.seoul.go.kr/cmmn/file/getImage.do?atchFileId=09055ff6fa1e40b7913ccc07cb6016d6&thumb=Y,서울시 문화행사,,,,2026-08-23 01:14:23
[세종문화회관] 뮤지컬 크리스마스 캐럴,세종M씨어터,2025-12-05,2025-12-28,뮤지컬/오페라,종로구,https://culture.seoul.go.kr/culture/culture/cultureEvent/view.do?cultcode=155830&menuNo=200008,https://culture.seoul.go.kr/cmmn/file/getImage.do?atchFileId=2507472d9a564f4cbde26e899dd0965f&thumb=Y,서울시 문화행사,,0.003785,24,2026-08-23 01:14:23
[노들섬] 2025 노들섬 초청전시 [I MY ME MINE],노들라운지,2025-12-05,2025-12-27,전시/미술,용산구,https://culture.seoul.go.kr/culture/culture/cultureEvent/view.do?cultcode=156161&menuNo=200009,https://culture.seoul.go.kr/cmmn/file/getImage.do?atchFileId=f7745b554b74405b967116bf389378a5&thumb=Y,서울시 문화행사,,,,2026-08-23 01:14:23
[서울공예박물관] Open Studio : 폭닥폭닥 니트공예,서울공예박물관 전시3동 1층 교육실,2025-12-05,2025-12-26,교육/체험,종로구,https://culture.seoul.go.kr/culture/culture/cultureEvent/view.do?cultcode=155980&menuNo=200011,https://culture.seoul.go.kr/cmmn/file/getImage.do?atchFileId=b54635894b4a41c6bded2699340239d4&thumb=Y,서울시 문화행사,,,,2026-08-23 01:14:23
[강동문화재단] AI Photography 영 아티스트_CONNECTIONS展,복합문화공간 아트랑,2025-12-05,2025-12-21,전시/미술,강동구,https://culture.seoul.go.kr/culture/culture/cultureEvent/view.do?cultcode=156107&menuNo=200009,https://culture.seoul.go.kr/cmmn/file/getImage.do?atchFileId=1ec2e1c35ae345b7ad93e6b2f6b36977&thumb=Y,서울시 문화행사,,,,2026-08-23 01:14:23
신당창작아케이드X신세계L&B 테이블웨어 공예상품 개발 프로젝트 [레이어 앤 모어(Layer and more)],뮤지엄멋 m2(서울특별시 중구 퇴계로411),2025-12-05,2025-12-21,전시/미술,중구,https://culture.seoul.go.kr/culture/culture/cultureEvent/view.do?cultcode=156245&menuNo=200009,https://culture.seoul.go.kr/cmmn/file/getImage.do?atchFileId=91029f4cd0644083b58821cfc44f5b26&thumb=Y,서울시 문화행사,,,,2026-08-23 01:14:23
[서울시립 북서울미술관] Buk-SeMA 뮤지엄 나이트 가족 프로그램 [예술로 가족: 생각의 조각으로 만드는 나만의 꿈의 장극],"서울시립 북서울미술관 B1 전시실 5, 6, 스튜디오1",2025-12-05,2025-12-19,교육/체험,노원구,https://culture.seoul.go.kr/culture/culture/cultureEvent/view.do?cultcode=156071&menuNo=200011,https://culture.seoul.go.kr/cmmn/file/getImage.do?atchFileId=7cbfe54fbac046e78812647a384927ea&thumb=Y,서울시 문화행사,,,,2026-08-23 01:14:23
연극 [레몬 LEMON],연극실험실 혜화동1번지,2025-12-05,2025-12-14,연극,종로구,https://culture.seoul.go.kr/culture/culture/cultureEvent/view.do?cultcode=155884&menuNo=200008,https://culture.seoul.go.kr/cmmn/file/getImage.do?atchFileId=09a4b2fc30754781ac7cc6883c9d5e94&thumb=Y,서울시 문화행사,,,,2026-08-23 01:14:23
[청계천박물관] 12월 유아가족교육 [궁금이의 그림책 박물관],청계천박물관 지하1층 교육실,2025-12-05,2025-12-12,교육/체험,성동구,https://culture.seoul.go.kr/culture/culture/cultureEvent/view.do?cultcode=156136&menuNo=200011,https://culture.seoul.go.kr/cmmn/file/getImage.do?atchFileId=5f1d71148e0d43f484987c9f717c6519&thumb=Y,서울시 문화행사,,,,2026-08-23 01:14:23
괴물도감,아르코꿈밭극장,2025-12-05,2025-12-07,국악,종로구,https://culture.seoul.go.kr/culture/culture/cultureEvent/view.do?cultcode=155940&menuNo=200008,https://culture.seoul.go.kr/cmmn/file/getImage.do?atchFileId=25620a7f014145eb90ea37911e1de64b&thumb=Y,서울시 문화행사,,0.012663,36,2026-08-23 01:14:23
[서울돈화문국악당] 어린이 환경극 [북극곰 이야기],서울돈화문국악당,2025-12-05,2025-12-06,연극,종로구,https://culture.seoul.go.kr/culture/culture/cultureEvent/view.do?cultcode=155932&menuNo=200008,https://culture.seoul.go.kr/cmmn/file/getImage.do?atchFileId=df1690d0874c4238bbbf8948d86e6de0&thumb=Y,서울시 문화행사,,0.009687,34,2026-08-23 01:14:23
[서울시립 사진미술관] 어린이 감상 교육 [사진이 들려주는 이야기],서울시립 사진미술관 4층 2교육실,2025-12-05,2025-12-05,교육/체험,동대문구,https://culture.seoul.go.kr/culture/culture/cultureEvent/view.do?cultcode=156139&menuNo=200011,https://culture.seoul.go.kr/cmmn/file/getImage.do?atchFileId=2fd14ea8a7014b439d5ab93bb6577e09&thumb=Y,서울시 문화행사,,,,2026-08-23 01:14:23
[서초문화재단] 서리풀 고음악 시리즈 [바로크 노엘],심산기념문화센터 2층 반포심산아트홀,2025-12-05,2025-12-05,클래식,서초구,https://culture.seoul.go.kr/culture/culture/cultureEvent/view.do?cultcode=155874&menuNo=200008,https://culture.seoul.go.kr/cmmn/file/getImage.do?atchFileId=f9d8a3626ee7458f87b261a2f3320bb5&thumb=Y,서울시 문화행사,,,,2026-08-23 01:14:23
[서울아트책보고] 에디토리얼 씽킹: 모든 것이 있는 시대의 창조적 사고법,서울아트책보고 열린무대,2025-12-05,2025-12-05,교육/체험,구로구,https://culture.seoul.go.kr/culture/culture/cultureEvent/view.do?cultcode=156134&menuNo=200011,https://culture.seoul.go.kr/cmmn/file/getImage.do?atchFileId=8fb1f5f6d22a4a6bbcb0dfe05ca72e8a&thumb=Y,서울시 문화행사,,,,2026-08-23 01:14:23
[한성백제박물관] 2025년 한성백제박물관 북토크,한성백제박물관 교육실,2025-12-05,2025-12-05,교육/체험,송파구,https://culture.seoul.go.kr/culture/culture/cultureEvent/view.do?cultcode=156118&menuNo=200011,https://culture.seoul.go.kr/cmmn/file/getImage.do?atchFileId=f5fc4fafc6b84c4bb6b5200369c6915c&thumb=Y,서울시 문화행사,,,,2026-08-23 01:14:23
[서울 문화의 밤] 12월 방구석 북토크 - 읽지 않는 아이는 어떻게 읽지 못하는 어른이 되는가(김지원),서울도서관 1층 생각마루,2025-12-05,2025-12-05,교육/체험,중구,https://culture.seoul.go.kr/culture/culture/cultureEvent/view.do?cultcode=156112&menuNo=200011,https://culture.seoul.go.kr/cmmn/file/getImage.do?atchFileId=3048378666ed4b57934ee4c50415355d&thumb=Y,서울시 문화행사,,,,2026-08-23 01:14:23
[서울시립미술관 서소문본관] 2025 SeMA-하나 평론상 시상식 & 한국 현대미술비평 집담회 개최,서울시립미술관 서소문본관 B1 세마홀,2025-12-05,2025-12-05,기타,중구,https://culture.seoul.go.kr/culture/culture/cultureEvent/view.do?cultcode=156072&menuNo=200013,https://culture.seoul.go.kr/cmmn/file/getImage.do?atchFileId=2c05ae56bce747999da7f9a75f04285c&thumb=Y,서울시 문화행사,,,,2026-08-23 01:14:23
[세종문화회관] 12월 누구나 클래식 [황수경의 해설 클래식 송년 콘서트],세종대극장,2025-12-05,2025-12-05,클래식,종로구,https://culture.seoul.go.kr/culture/culture/cultureEvent/view.do?cultcode=155928&menuNo=200008,https://culture.seoul.go.kr/cmmn/file/getImage.do?atchFileId=fdb9081f5cb74f68972e6255f952924c&thumb=Y,서울시 문화행사,,0.002366,20,2026-08-23 01:14:23
[서울시립 북서울미술관] 일렉트릭 쇼크,"서울시립 북서울미술관 1, 2층 전시실 1, 3",2025-12-04,2026-03-22,전시/미술,노원구,https://culture.seoul.go.kr/culture/culture/cultureEvent/view.do?cultcode=155982&menuNo=200009,https://culture.seoul.go.kr/cmmn/file/getImage.do?atchFileId=1be925434ba94d5c8d54ee520f772bfa&thumb=Y,서울시 문화행사,,,,2026-08-23 01:14:23
"[서울시립 북서울미술관] 《미완의 식물지-이소요》, 《꽃 시계-안나 리들러》","서울시립 북서울미술관 1층, 2층 전시실 2, 4",2025-12-04,2026-03-22,전시/미술,노원구,https://culture.seoul.go.kr/culture/culture/cultureEvent/view.do?cultcode=155981&menuNo=200009,https://culture.seoul.go.kr/cmmn/file/getImage.do?atchFileId=c145b430e2f246a09f886e9eb9a7e9b1&thumb=Y,서울시 문화행사,,,,2026-08-23 01:14:23
뮤지컬 [여명의 눈동자],Converse Stage Arena ,2025-12-04,2026-01-31,뮤지컬/오페라,동작구,https://culture.seoul.go.kr/culture/culture/cultureEvent/view.do?cultcode=156351&menuNo=200008,https://culture.seoul.go.kr/cmmn/file/getImage.do?atchFileId=40fb7ca06f6e435c96bd597404a9dca1&thumb=Y,서울시 문화행사,,,,2026-08-23 01:14:23
[중랑문화재단] 창의융합 유아동 예술프로그램 [말랑말랑 중랑] 12월,중랑아트센터 프로그램실,2025-12-04,2025-12-27,교육/체험,중랑구,https://culture.seoul.go.kr/culture/culture/cultureEvent/view.do?cultcode=156011&menuNo=200011,https://culture.seoul.go.kr/cmmn/file/getImage.do?atchFileId=78d8abebde6d4062b0a9c175bd84685a&thumb=Y,서울시 문화행사,,,,2026-08-23 01:14:23
[서울시립교향악단] 국립오페라단 x 서울시립교향악단 오페라 [트리스탄과 이졸데],예술의전당 오페라극장,2025-12-04,2025-12-07,클래식,서초구,https://culture.seoul.go.kr/culture/culture/cultureEvent/view.do?cultcode=155527&menuNo=200008,https://culture.seoul.go.kr/cmmn/file/getImage.do?atchFileId=b1b6c14bfc2140a28cd7784f705c7fbc&thumb=Y,서울시 문화행사,,,,2026-08-23 01:14:23
"이슬기 [시간, 보이지 않는] - 수림뉴웨이브2025",수림문화재단 김희수SPACE1,2025-12-04,2025-12-04,국악,동대문구,https://culture.seoul.go.kr/culture/culture/cultureEvent/view.do?cultcode=155818&menuNo=200008,https://culture.seoul.go.kr/cmmn/file/getImage.do?atchFileId=025ad70859574cbd9d80e9e8cc33421c&thumb=Y,서울시 문화행사,,,,2026-08-23 01:14:23
[도봉문화재단] 2025년 12월 [도봉예술인극장],쌍문동어르신복지관,2025-12-04,2025-12-04,콘서트,도봉구,https://culture.seoul.go.kr/culture/culture/cultureEvent/view.do?cultcode=156185&menuNo=200008,https://culture.seoul.go.kr/cmmn/file/getImage.do?atchFileId=4a959c7b075948edb30b7c822319c53b&thumb=Y,서울시 문화행사,,,,2026-08-23 01:14:23
[노원문화재단] 2025 노원문화재단 연극교실 작품발표회 [버지니아 그레이의 초상],노원어린이극장 B1,2025-12-04,2025-12-04,연극,노원구,https://culture.seoul.go.kr/culture/culture/cultureEvent/view.do?cultcode=156075&menuNo=200008,https://culture.seoul.go.kr/cmmn/file/getImage.do?atchFileId=2c60f1dcbd0e47a9954bca726be7992b&thumb=Y,서울시 문화행사,,,,2026-08-23 01:14:23
"[세종문화회관] 25세종시즌 [헨델, 메시아]",롯데콘서트홀,2025-12-04,2025-12-04,클래식,양천구,https://culture.seoul.go.kr/culture/culture/cultureEvent/view.do?cultcode=155831&menuNo=200008,https://culture.seoul.go.kr/cmmn/file/getImage.do?atchFileId=b372369d98854ba1b6cb7cc6c002b271&thumb=Y,서울시 문화행사,,0.808786,77,2026-08-23 01:14:23
최혜림의 아쟁 독주회 [흩은가락],국립국악원 풍류사랑방,2025-12-04,2025-12-04,국악,서초구,https://culture.seoul.go.kr/culture/culture/cultureEvent/view.do?cultcode=155822&menuNo=200008,https://culture.seoul.go.kr/cmmn/file/getImage.do?atchFileId=93cf68f986b4466c9a7ab6fa1ae9d114&thumb=Y,서울시 문화행사,,0.002801,21,2026-08-23 01:14:23
[강남문화재단] 제1008회 목요예술무대 시리즈 파장 [윤상&김현철&동물원의 겨울을 노래하다],CG아트홀(서울특별시 강남구 언주로 711 건설회관 2층),2025-12-04,2025-12-04,콘서트,강남구,https://culture.seoul.go.kr/culture/culture/cultureEvent/view.do?cultcode=156174&menuNo=200008,https://culture.seoul.go.kr/cmmn/file/getImage.do?atchFileId=d6bdaf72718d48918b85f2247e51fabd&thumb=Y,서울시 문화행사,,,,2026-08-23 01:14:23
"[서울시립 미술아카이브] 밤마중 미술관, 첫 번째 시간",서울시립 미술아카이브 모음동 1층 라운지 1,2025-12-04,2025-12-04,교육/체험,종로구,https://culture.seoul.go.kr/culture/culture/cultureEvent/view.do?cultcode=156070&menuNo=200011,https://culture.seoul.go.kr/cmmn/file/getImage.do?atchFileId=dae81320b56f4c13b82254471cae1eca&thumb=Y,서울시 문화행사,,,,2026-08-23 01:14:23
[강남문화재단] 제179회 강남마티네콘서트│피아니스트 김정원과 함께하는 아침의 음악정원,광림아트센터 장천홀,2025-12-04,2025-12-04,클래식,강남구,https://culture.seoul.go.kr/culture/culture/cultureEvent/view.do?cultcode=155943&menuNo=200008,https://culture.seoul.go.kr/cmmn/file/getImage.do?atchFileId=570b5126c2a54317b94131df21e575b6&thumb=Y,서울시 문화행사,,0.004034,25,2026-08-23 01:14:23
[서울공예박물관] 어린이박물관 공예창작활동 개발을 위한 싹뚝 워크숍,전시3동 1층 교육실,2025-12-04,2025-12-04,교육/체험,종로구,https://culture.seoul.go.kr/culture/culture/cultureEvent/view.do?cultcode=156158&menuNo=200011,https://culture.seoul.go.kr/cmmn/file/getImage.do?atchFileId=3ab4a88b16d04b3f9e356728d77c1431&thumb=Y,서울시 문화행사,,,,2026-08-23 01:14:23
"[국립민속박물관] 출산, 모두의 잔치",국립민속박물관 기획전시실 1,2025-12-03,2026-05-10,전시/미술,종로구,https://culture.seoul.go.kr/culture/culture/cultureEvent/view.do?cultcode=156257&menuNo=200009,https://culture.seoul.go.kr/cmmn/file/getImage.do?atchFileId=3133951df47645e8ac672a6ec0e899c4&thumb=Y,서울시 문화행사,,,,2026-08-23 01:14:23
"[국립고궁박물관] RE:BORN, 시간을 잇는 보존과학",2층 기획전시실 Ⅰ·Ⅱ,2025-12-03,2026-02-01,전시/미술,종로구,https://culture.seoul.go.kr/culture/culture/cultureEvent/view.do?cultcode=156569&menuNo=200009,https://culture.seoul.go.kr/cmmn/file/getImage.do?atchFileId=fcf2141a215d41e7a621495387b99090&thumb=Y,서울시 문화행사,,,,2026-08-23 01:14:23
"[서울의공원] 해치의 겨울정원여행, 함께 떠나요!","서울식물원, 월드컵공원, 북서울꿈의숲정원문화힐링센터 등",2025-12-03,2026-01-31,축제-자연/경관,강서구,https://culture.seoul.go.kr/culture/culture/cultureEvent/view.do?cultcode=156180&menuNo=200010,https://culture.seoul.go.kr/cmmn/file/getImage.do?atchFileId=9c77b25a7e334214ae2794e21204705a&thumb=Y,서울시 문화행사,,,,2026-08-23 01:14:23
[세종뮤지엄갤러리] 하늘 아래 Under the Heavens - 정현영 기획초대전,세종뮤지엄갤러리 2관,2025-12-03,2025-12-14,전시/미술,광진구,https://culture.seoul.go.kr/culture/culture/cultureEvent/view.do?cultcode=156208&menuNo=200009,https://culture.seoul.go.kr/cmmn/file/getImage.do?atchFileId=9721d1cad3274c9cbc5649eb8044e995&thumb=Y,서울시 문화행사,,,,2026-08-23 01:14:23
[세종뮤지엄갤러리] 서천 꽃밭 - 서혜경 기획초대전 ,세종뮤지엄갤러리1관,2025-12-03,2025-12-14,전시/미술,광진구,https://culture.seoul.go.kr/culture/culture/cultureEvent/view.do?cultcode=156207&menuNo=200009,https://culture.seoul.go.kr/cmmn/file/getImage.do?atchFileId=b536431c3be3430c9776163f76f9080c&thumb=Y,서울시 문화행사,,,,2026-08-23 01:14:23
[서울식물원] 겨울행사 [안아주는 식물원],서울식물원,2025-12-03,2025-12-14,축제-자연/경관,강서구,https://culture.seoul.go.kr/culture/culture/cultureEvent/view.do?cultcode=156162&menuNo=200010,https://culture.seoul.go.kr/cmmn/file/getImage.do?atchFileId=49342d5233b248ec853bf35e905e3631&thumb=Y,서울시 문화행사,,,,2026-08-23 01:14:23
[달빛을 찍다] 유병임 도자개인전,갤러리 안터 (서울시 종로구 인사동 11길 16 1층),2025-12-03,2025-12-08,전시/미술,종로구,https://culture.seoul.go.kr/culture/culture/cultureEvent/view.do?cultcode=156167&menuNo=200009,https://culture.seoul.go.kr/cmmn/file/getImage.do?atchFileId=8c1c92b880974efb8c4ffb825921a160&thumb=Y,서울시 문화행사,,,,2026-08-23 01:14:23
[미아리고개예술극장] 미아리고개예술극장 10주년 공동기획공연 릴레이 쇼케이스4. [메타모르포세스],미아리고개예술극장,2025-12-03,2025-12-07,연극,성북구,https://culture.seoul.go.kr/culture/culture/cultureEvent/view.do?cultcode=156088&menuNo=200008,https://culture.seoul.go.kr/cmmn/file/getImage.do?atchFileId=5587953613e94d24ad5f3b3fca8d28e3&thumb=Y,서울시 문화행사,,0.006649,30,2026-08-23 01:14:23
[은평문화재단] 2025 꿈의 오케스트라 은평 정기연주회 [꿈의 선율],은평문화예술회관 공연장,2025-12-03,2025-12-03,클래식,은평구,https://culture.seoul.go.kr/culture/culture/cultureEvent/view.do?cultcode=156092&menuNo=200008,https://culture.seoul.go.kr/cmmn/file/getImage.do?atchFileId=c4da44b2ad1b4590ad397349a9a01893&thumb=Y,서울시 문화행사,,,,2026-08-23 01:14:23
[서울아트책보고] 그림책 몸짓 공연: 책속으로 들어간 인형,서울아트책보고 열린무대,2025-12-03,2025-12-03,연극,구로구,https://culture.seoul.go.kr/culture/culture/cultureEvent/view.do?cultcode=156116&menuNo=200008,https://culture.seoul.go.kr/cmmn/file/getImage.do?atchFileId=c0ac19854cfc4796a51e41d02e81d390&thumb=Y,서울시 문화행사,,,,2026-08-23 01:14:23
쿠푸쿠푸KUPUKUPU2: 송지섭 작곡발표회,일신홀,2025-12-03,2025-12-03,국악,용산구,https://culture.seoul.go.kr/culture/culture/cultureEvent/view.do?cultcode=156128&menuNo=200008,https://culture.seoul.go.kr/cmmn/file/getImage.do?atchFileId=db5f99b1330b4f10995bfa21692d1031&thumb=Y,서울시 문화행사,,,,2026-08-23 01:14:23
케이피아에듀 창단 연주 프로젝트,거암아트홀,2025-12-03,2025-12-03,클래식,강남구,https://culture.seoul.go.kr/culture/culture/cultureEvent/view.do?cultcode=155622&menuNo=200008,https://culture.seoul.go.kr/cmmn/file/getImage.do?atchFileId=41e3464df1d6400c8eea29afa3bfd20d&thumb=Y,서울시 문화행사,,,,2026-08-23 01:14:23
[서울문화재단] 스토리 살롱 : 빚어진 이야기들,서울연극센터(종로구 대명길 3),2025-12-03,2025-12-03,연극,종로구,https://culture.seoul.go.kr/culture/culture/cultureEvent/view.do?cultcode=156144&menuNo=200008,https://culture.seoul.go.kr/cmmn/file/getImage.do?atchFileId=818ef110fa7748f888fa8c46fc963819&thumb=Y,서울시 문화행사,,,,2026-08-23 01:14:23
[서초문화재단] 서리풀 오후의 실내악 [러시아의 향수],심산기념문화센터 2층 반포심산아트홀,2025-12-03,2025-12-03,클래식,서초구,https://culture.seoul.go.kr/culture/culture/cultureEvent/view.do?cultcode=155873&menuNo=200008,https://culture.seoul.go.kr/cmmn/file/getImage.do?atchFileId=cf489bf295c44adb91be9c373aa83a44&thumb=Y,서울시 문화행사,,,,2026-08-23 01:14:23
제1회 리틀아르떼페스타,서울시여성가족재단 아트홀봄,2025-12-03,2025-12-03,축제-기타,동작구,https://culture.seoul.go.kr/culture/culture/cultureEvent/view.do?cultcode=155863&menuNo=200010,https://culture.seoul.go.kr/cmmn/file/getImage.do?atchFileId=c1c662fd554e467c91ee4f1cebb6727b&thumb=Y,서울시 문화행사,,,,2026-08-23 01:14:23
[종로문화재단] 꿈의 극단 종로 제1회 정기 발표회 [휘이잇],아이들극장,2025-12-03,2025-12-03,연극,종로구,https://culture.seoul.go.kr/culture/culture/cultureEvent/view.do?cultcode=156169&menuNo=200008,https://culture.seoul.go.kr/cmmn/file/getImage.do?atchFileId=4426bf4634824d3e8cbf84af3d4c3ebd&thumb=Y,서울시 문화행사,,0.018503,40,2026-08-23 01:14:23
[서울문화예술교육센터 서초] 음악의 집 연계 프로그램,서울문화예술교육센터 서초,2025-12-02,2025-12-31,교육/체험,서초구,https://culture.seoul.go.kr/culture/culture/cultureEvent/view.do?cultcode=156076&menuNo=200011,https://culture.seoul.go.kr/cmmn/file/getImage.do?atchFileId=44fca2c9dcdc49ee8d2f1d18b5f7edd9&thumb=Y,서울시 문화행사,,0.015713,38,2026-08-23 01:14:23
[중랑문화재단] 2025 중랑아트센터 [나대기 예술아카데미] 12월 프로그램,중랑아트센터 프로그램실,2025-12-02,2025-12-31,교육/체험,중랑구,https://culture.seoul.go.kr/culture/culture/cultureEvent/view.do?cultcode=156012&menuNo=200011,https://culture.seoul.go.kr/cmmn/file/getImage.do?atchFileId=d3df568404db4878ad9f36ff514d07f5&thumb=Y,서울시 문화행사,,,,2026-08-23 01:14:23
[중랑문화재단] 12월 한평갤러리 이달의 작가 황정민 [Space-Time], 중랑아트센터 한평갤러리,2025-12-02,2025-12-31,전시/미술,중랑구,https://culture.seoul.go.kr/culture/culture/cultureEvent/view.do?cultcode=156181&menuNo=200009,https://culture.seoul.go.kr/cmmn/file/getImage.do?atchFileId=06e8f51760b749e5be2f97820a34b19b&thumb=Y,서울시 문화행사,,,,2026-08-23 01:14:23
[영등포문화재단] 2025 술술센터 예술X기술 전시 [경계에서 마주하는 세계] 김재익,술술센터 지하1층 술술갤러리,2025-12-02,2025-12-28,전시/미술,영등포구,https://culture.seoul.go.kr/culture/culture/cultureEvent/view.do?cultcode=156219&menuNo=200009,https://culture.seoul.go.kr/cmmn/file/getImage.do?atchFileId=40295859f78b4f09a0ccff08c9375ff6&thumb=Y,서울시 문화행사,,,,2026-08-23 01:14:23
제25회 국민대학교 회화전공 졸업전시 [완전히 삼켜지지 않아도 Not Swallowed Whole],"국민대학교 예술대학 1층 로비·110호, 2층 K-Art Gallery",2025-12-02,2025-12-20,전시/미술,성북구,https://culture.seoul.go.kr/culture/culture/cultureEvent/view.do?cultcode=156057&menuNo=200009,https://culture.seoul.go.kr/cmmn/file/getImage.do?atchFileId=e443058cdfc34292b70f785dff126a99&thumb=Y,서울시 문화행사,,,,2026-08-23 01:14:23
[강남문화재단] 강남합창단 제47회 정기연주회 [Lux et Gloria],광림아트센터 장천홀,2025-12-02,2025-12-02,클래식,강남구,https://culture.seoul.go.kr/culture/culture/cultureEvent/view.do?cultcode=156022&menuNo=200008,https://culture.seoul.go.kr/cmmn/file/getImage.do?atchFileId=73fb0899803647b989ccc694f56cf640&thumb=Y,서울시 문화행사,,0.004034,25,2026-08-23 01:14:23
[대우재단 시민강좌] 공룡에겐 없던 계획: 태양계 소행성과 인류의 생존 전략,"대우재단빌딩 5층, 대우학술라운지",2025-12-02,2025-12-02,교육/체험,종로구,https://culture.seoul.go.kr/culture/culture/cultureEvent/view.do?cultcode=156099&menuNo=200011,https://culture.seoul.go.kr/cmmn/file/getImage.do?atchFileId=1571467860fc482bbccf954293f65069&thumb=Y,서울시 문화행사,,,,2026-08-23 01:14:23
2026 SW 산업전망 컨퍼런스,코엑스 그랜드 컨퍼런스룸 401호,2025-12-02,2025-12-02,교육/체험,강남구,https://culture.seoul.go.kr/culture/culture/cultureEvent/view.do?cultcode=155881&menuNo=200011,https://culture.seoul.go.kr/cmmn/file/getImage.do?atchFileId=345cf87688f743a8b902c9b67e43e18e&thumb=Y,서울시 문화행사,,,,2026-08-23 01:14:23
[서초문화재단] 제15회 서초구립 여성합창단 정기연주회 [Jazz Christmas],심산기념문화센터 2층 반포심산아트홀,2025-12-02,2025-12-02,클래식,서초구,https://culture.seoul.go.kr/culture/culture/cultureEvent/view.do?cultcode=156103&menuNo=200008,https://culture.seoul.go.kr/cmmn/file/getImage.do?atchFileId=57f27c9d2c2f48e9848da1a20ddcb79d&thumb=Y,서울시 문화행사,,,,2026-08-23 01:14:23
[중구문화재단] 뮤지컬 [한복 입은 남자], 충무아트센터 대극장,2025-12-02,2025-03-08,뮤지컬/오페라,중구,https://culture.seoul.go.kr/culture/culture/cultureEvent/view.do?cultcode=155806&menuNo=200008,https://culture.seoul.go.kr/cmmn/file/getImage.do?atchFileId=a8dd5c22bf084c48b054376b1816ec5c&thumb=Y,서울시 문화행사,,0.068295,53,2026-08-23 01:14:23
2026 Doam Winter Kids Art Camp [미술사 속 겨울여행],서울아트센터 도암 3층 도암갤러리 내 아카데미룸,2025-12-01,2026-01-24,교육/체험,종로구,https://culture.seoul.go.kr/culture/culture/cultureEvent/view.do?cultcode=155974&menuNo=200011,https://culture.seoul.go.kr/cmmn/file/getImage.do?atchFileId=5662f3287a10427d85a23854cb5a8244&thumb=Y,서울시 문화행사,,,,2026-08-23 01:14:23
[마포구립서강도서관] 12월 문화프로그램,마포구립서강도서관,2025-12-01,2025-12-31,교육/체험,마포구,https://culture.seoul.go.kr/culture/culture/cultureEvent/view.do?cultcode=156062&menuNo=200011,https://culture.seoul.go.kr/cmmn/file/getImage.do?atchFileId=ff0e95934e5a4da6b829d26015d02255&thumb=Y,서울시 문화행사,,0.013559,37,2026-08-23 01:14:23
[마포구립서강도서관] 12월/팟캐스트 서강도서관 피셜 62회 [단 한 번의 삶],온라인 팟빵,2025-12-01,2025-12-31,기타,마포구,https://culture.seoul.go.kr/culture/culture/cultureEvent/view.do?cultcode=156148&menuNo=200013,https://culture.seoul.go.kr/cmmn/file/getImage.do?atchFileId=84ccc21c8afd47da9f41b3aef2857ff7&thumb=Y,서울시 문화행사,,,,2026-08-23 01:14:23
[관악문화재단] 2025 관악별빛산책 [WHITE MAGIC],별빛내린천 일대 (봉림교부터 신림교까지 약 200m) ,2025-12-01,2025-12-31,축제-문화/예술,관악구,https://culture.seoul.go.kr/culture/culture/cultureEvent/view.do?cultcode=155559&menuNo=200010,https://culture.seoul.go.kr/cmmn/file/getImage.do?atchFileId=765fa6f616f54bdbb7df12a6deebd49c&thumb=Y,서울시 문화행사,,,,2026-08-23 01:14:23
[송파 청년아티스트센터] 예술가와 함께하는 풍납 탐구 생활 12월 프로그램,송파 청년아티스트센터 1층,2025-12-01,2025-12-31,교육/체험,송파구,https://culture.seoul.go.kr/culture/culture/cultureEvent/view.do?cultcode=155995&menuNo=200011,https://culture.seoul.go.kr/cmmn/file/getImage.do?atchFileId=42d5670408d24f0d98211f80d657d298&thumb=Y,서울시 문화행사,,,,2026-08-23 01:14:23
[세종대학교 미래교육원] 2025 관현악 무료레슨 Day,세종대학교 새날관 내 연습실,2025-12-01,2025-12-31,교육/체험,광진구,https://culture.seoul.go.kr/culture/culture/cultureEvent/view.do?cultcode=156105&menuNo=200011,https://culture.seoul.go.kr/cmmn/file/getImage.do?atchFileId=ec45cc307789402c828f95b9d44eeb8c&thumb=Y,서울시 문화행사,,,,2026-08-23 01:14:23
[마포구립서강도서관] 12월/어린이 갤러리 [나와 티라노와 크리스마스],마포구립서강도서관 4층 어린이자료실,2025-12-01,2025-12-31,전시/미술,마포구,https://culture.seoul.go.kr/culture/culture/cultureEvent/view.do?cultcode=156065&menuNo=200009,https://culture.seoul.go.kr/cmmn/file/getImage.do?atchFileId=d5370b0dfa894375b858818656b9410f&thumb=Y,서울시 문화행사,,,,2026-08-23 01:14:23
"[관악문화재단] 2025 관악 예술창작 지원사업 성과공유전 [찾았다, 관희씨!]",관천로 문화플랫폼 S1472,2025-12-01,2025-12-31,전시/미술,관악구,https://culture.seoul.go.kr/culture/culture/cultureEvent/view.do?cultcode=156203&menuNo=200009,https://culture.seoul.go.kr/cmmn/file/getImage.do?atchFileId=e672e95485ae4edf9ab0bc44a8a2d10e&thumb=Y,서울시 문화행사,,,,2026-08-23 01:14:23
[청춘극장] 2025년 12월 영화 및 공연 프로그램,청춘극장 문화일보홀,2025-12-01,2025-12-31,영화,중구,https://culture.seoul.go.kr/culture/culture/cultureEvent/view.do?cultcode=156080&menuNo=200013,https://culture.seoul.go.kr/cmmn/file/getImage.do?atchFileId=b8ac5b39625e429ba079eafe0e169bb2&thumb=Y,서울시 문화행사,,,,2026-08-23 01:14:23
[구립증산정보도서관] 책 따라 걷는 도서관 - 12월 온라인 원화 전시 [눈아이],온라인(도서관 홈페이지),2025-12-01,2025-12-28,전시/미술,은평구,https://culture.seoul.go.kr/culture/culture/cultureEvent/view.do?cultcode=156172&menuNo=200009,https://culture.seoul.go.kr/cmmn/file/getImage.do?atchFileId=63bf066e8b13404984aeb57d70183a9b&thumb=Y,서울시 문화행사,,,,2026-08-23 01:14:23
DDP 영 디자이너 페스티벌 대학생 졸업전,DDP 이간수문 전시장,2025-12-01,2025-12-07,전시/미술,중구,https://culture.seoul.go.kr/culture/culture/cultureEvent/view.do?cultcode=155998&menuNo=200009,https://culture.seoul.go.kr/cmmn/file/getImage.do?atchFileId=ae41efa5debd4b0a8e7a33d654372084&thumb=Y,서울시 문화행사,,,,2026-08-23 01:14:23
"[서울시립미술관 서소문본관] 오민 [동시, 퍼포먼스] 2025",서울시립미술관 서소문본관 1층 전시실,2025-12-01,2025-12-02,기타,중구,https://culture.seoul.go.kr/culture/culture/cultureEvent/view.do?cultcode=155925&menuNo=200013,https://culture.seoul.go.kr/cmmn/file/getImage.do?atchFileId=0a184553b7884307b9b16470d6a80e80&thumb=Y,서울시 문화행사,,,,2026-08-23 01:14:23
[송파문화재단] 2025 송파 송년음악회,롯데콘서트홀(송파구 올림픽로 300 롯데월드몰 8층),2025-12-01,2025-12-01,콘서트,성북구,https://culture.seoul.go.kr/culture/culture/cultureEvent/view.do?cultcode=156090&menuNo=200008,https://culture.seoul.go.kr/cmmn/file/getImage.do?atchFileId=e064dc058b1d4db7a0e25793a1c2ce7e&thumb=Y,서울시 문화행사,,,,2026-08-23 01:14:23
제4회 앙상블 유포리아 정기연주회 ,금호아트홀 연세 ,2025-12-01,2025-12-01,클래식,서대문구,https://culture.seoul.go.kr/culture/culture/cultureEvent/view.do?cultcode=155964&menuNo=200008,https://culture.seoul.go.kr/cmmn/file/getImage.do?atchFileId=0751a6f1925041acb959dcb566f5e46c&thumb=Y,서울시 문화행사,,0.043791,48,2026-08-23 01:14:23
"[서울시립과학관] 과학북토크: 달작한 사이언스 (11월) [아무튼, 실험실]",서울시립과학관 사이언스홀,2025-11-30,2025-11-30,교육/체험,노원구,https://culture.seoul.go.kr/culture/culture/cultureEvent/view.do?cultcode=155913&menuNo=200011,https://culture.seoul.go.kr/cmmn/file/getImage.do?atchFileId=60aca0d9b42242738de5a3b6762224b9&thumb=Y,서울시 문화행사,,,,2026-08-23 01:14:23
[은평문화재단] 2025 은평생활문화센터 협력뮤지션 단독공연 [INDIE STAGE] 베이루트택시,은평생활문화센터 공연장(인디스테이션),2025-11-30,2025-11-30,콘서트,은평구,https://culture.seoul.go.kr/culture/culture/cultureEvent/view.do?cultcode=156091&menuNo=200008,https://culture.seoul.go.kr/cmmn/file/getImage.do?atchFileId=d2c3bfb79b034dfe8da0952d943ada03&thumb=Y,서울시 문화행사,,,,2026-08-23 01:14:23
[국립정동극장] 창작가무극 [청사초롱 불 밝혀라],국립정동극장,2025-11-29,2025-12-20,국악,중구,https://culture.seoul.go.kr/culture/culture/cultureEvent/view.do?cultcode=156282&menuNo=200008,https://culture.seoul.go.kr/cmmn/file/getImage.do?atchFileId=423cf8b42bb543fdac1e127198c80a1d&thumb=Y,서울시 문화행사,,,,2026-08-23 01:14:23
[서울우리소리박물관] 2025 하반기 가족행복교육프로그램 [아리랑을 담은 소리 상자],서울우리소리박물관 B2층 교육실,2025-11-29,2025-12-17,교육/체험,종로구,https://culture.seoul.go.kr/culture/culture/cultureEvent/view.do?cultcode=156005&menuNo=200011,https://culture.seoul.go.kr/cmmn/file/getImage.do?atchFileId=5eab116c1a0c4bc898a5287abd1a9876&thumb=Y,서울시 문화행사,,,,2026-08-23 01:14:23
[틸라 그라운드] Spectral Plateaus,틸라 그라운드,2025-11-29,2025-12-14,전시/미술,마포구,https://culture.seoul.go.kr/culture/culture/cultureEvent/view.do?cultcode=156213&menuNo=200009,https://culture.seoul.go.kr/cmmn/file/getImage.do?atchFileId=e244c1200edf4b6093a788643ac5154a&thumb=Y,서울시 문화행사,,,,2026-08-23 01:14:23
[서울공예박물관] 조한 건축가와 달리는 [SeMoCA 러닝 브런치],서울공예박물관 전시3동 1층 교육실,2025-11-29,2025-11-30,교육/체험,종로구,https://culture.seoul.go.kr/culture/culture/cultureEvent/view.do?cultcode=155983&menuNo=200011,https://culture.seoul.go.kr/cmmn/file/getImage.do?atchFileId=5b4fb58f92514c75a11a82034add1031&thumb=Y,서울시 문화행사,,,,2026-08-23 01:14:23
[서울시립과학관] 2025년 별빛축제 (부제: 별이 빛나는 밤),서울시립과학관,2025-11-29,2025-11-30,축제-기타,노원구,https://culture.seoul.go.kr/culture/culture/cultureEvent/view.do?cultcode=155914&menuNo=200010,https://culture.seoul.go.kr/cmmn/file/getImage.do?atchFileId=281bba679f624a4cb8136faf9343ae6f&thumb=Y,서울시 문화행사,,0.284088,67,2026-08-23 01:14:23
MUSICSCAPE - 그림자의 경계에서 ,예술의전당 자유소극장,2025-11-29,2025-11-30,클래식,서초구,https://culture.seoul.go.kr/culture/culture/cultureEvent/view.do?cultcode=155775&menuNo=200008,https://culture.seoul.go.kr/cmmn/file/getImage.do?atchFileId=003d63ccbb2744228ab0cb267e05e7d9&thumb=Y,서울시 문화행사,,,,2026-08-23 01:14:23
[구산동도서관마을] 에스윗 색소폰 콰르텟이 들려주는 클래식의 선율 [개관 10주년 축하 공연],구산동도서관마을 3층 힐링캠프,2025-11-29,2025-11-29,클래식,은평구,https://culture.seoul.go.kr/culture/culture/cultureEvent/view.do?cultcode=155900&menuNo=200008,https://culture.seoul.go.kr/cmmn/file/getImage.do?atchFileId=3f5398cfc0254d998d24e434fefaae17&thumb=Y,서울시 문화행사,,,,2026-08-23 01:14:23
[성동문화재단] 제3회 성동 꿈의 무용단 정기공연,소월아트홀,2025-11-29,2025-11-29,무용,성동구,https://culture.seoul.go.kr/culture/culture/cultureEvent/view.do?cultcode=155509&menuNo=200008,https://culture.seoul.go.kr/cmmn/file/getImage.do?atchFileId=b46a2565a78740ffbab0547ea98eac12&thumb=Y,서울시 문화행사,,0.159576,61,2026-08-23 01:14:23
[구로문화재단] 연극 [코다] 2025 구로아트브릿지 선정작,오류아트홀,2025-11-29,2025-11-29,연극,구로구,https://culture.seoul.go.kr/culture/culture/cultureEvent/view.do?cultcode=155279&menuNo=200008,https://culture.seoul.go.kr/cmmn/file/getImage.do?atchFileId=e4b932baf215455bb89949a06419766e&thumb=Y,서울시 문화행사,,0.019636,40,2026-08-23 01:14:23
KBS국악관현악단 2025 감사음악회 [Next Stage],여의도 KBS홀,2025-11-29,2025-11-29,국악,영등포구,https://culture.seoul.go.kr/culture/culture/cultureEvent/view.do?cultcode=156040&menuNo=200008,https://culture.seoul.go.kr/cmmn/file/getImage.do?atchFileId=5283a564af194114bbc8de931f2bfb49&thumb=Y,서울시 문화행사,,,,2026-08-23 01:14:23
[남산골한옥마을] 남산골 관례 [나의 스무살에게],남산골한옥마을 관훈동 민씨 가옥,2025-11-29,2025-11-29,교육/체험,중구,https://culture.seoul.go.kr/culture/culture/cultureEvent/view.do?cultcode=156037&menuNo=200011,https://culture.seoul.go.kr/cmmn/file/getImage.do?atchFileId=4fe99bb4cab2436db97df5d40ceeac2d&thumb=Y,서울시 문화행사,,,,2026-08-23 01:14:23
[강북문화재단] 미디어 파사드와 함께하는 명화 클래식 [공간갤러리 콘서트],강북문화예술회관 강북소나무홀,2025-11-29,2025-11-29,클래식,강북구,https://culture.seoul.go.kr/culture/culture/cultureEvent/view.do?cultcode=155583&menuNo=200008,https://culture.seoul.go.kr/cmmn/file/getImage.do?atchFileId=55762af18e6c4c0dabdddbf6c6bdaa14&thumb=Y,서울시 문화행사,,0.001818,17,2026-08-23 01:14:23
[구로문화재단] 구로구립소년소녀합창단 제15회 정기연주회 [행복의 주문],구로아트밸리 예술극장,2025-11-29,2025-11-29,클래식,구로구,https://culture.seoul.go.kr/culture/culture/cultureEvent/view.do?cultcode=155801&menuNo=200008,https://culture.seoul.go.kr/cmmn/file/getImage.do?atchFileId=1195696fcfdd4e39a889177251e39ef9&thumb=Y,서울시 문화행사,,0.003835,25,2026-08-23 01:14:23
"문예북흥 No.48 - 차장섭에게 「한옥의 벽」은 면, 「한옥의 천장」은 선, 「한옥의 담」은 점. 점·선·면의 총아- 한옥이다.",이호철북콘서트홀,2025-11-29,2025-11-29,교육/체험,은평구,https://culture.seoul.go.kr/culture/culture/cultureEvent/view.do?cultcode=155936&menuNo=200011,https://culture.seoul.go.kr/cmmn/file/getImage.do?atchFileId=304273a412564f9b8a4473aaf26119ad&thumb=Y,서울시 문화행사,,0.013049,36,2026-08-23 01:14:23
금천문화재단X서울시립 서서울미술관 협력 프로그램 [색이 보이는 공기],금천구 금천정원지원센터,2025-11-29,2025-11-29,교육/체험,금천구,https://culture.seoul.go.kr/culture/culture/cultureEvent/view.do?cultcode=156084&menuNo=200011,https://culture.seoul.go.kr/cmmn/file/getImage.do?atchFileId=5b01d1c50bb447b7874e8210169afe57&thumb=Y,서울시 문화행사,,,,2026-08-23 01:14:23
[강남문화재단] 강남심포니오케스트라 제112회 정기연주회,예술의 전당 콘서트홀,2025-11-29,2025-11-29,클래식,서초구,https://culture.seoul.go.kr/culture/culture/cultureEvent/view.do?cultcode=155942&menuNo=200008,https://culture.seoul.go.kr/cmmn/file/getImage.do?atchFileId=2dab231147fb43d188df72529f8998a1&thumb=Y,서울시 문화행사,,0.021067,41,2026-08-23 01:14:23
[마포문화재단] 마포구립소년소녀합창단 제18회 정기연주회 [Father Mother I Love You],마포아트센터 아트홀맥,2025-11-29,2025-11-29,클래식,마포구,https://culture.seoul.go.kr/culture/culture/cultureEvent/view.do?cultcode=156008&menuNo=200008,https://culture.seoul.go.kr/cmmn/file/getImage.do?atchFileId=0af1179a58364e45bdf334f1a1f5f02d&thumb=Y,서울시 문화행사,,0.055695,51,2026-08-23 01:14:23
[양천문화재단] 2025 월간뮤지크 기리보이X원슈타인 공연,양천문화회관 대극장,2025-11-29,2025-11-29,콘서트,양천구,https://culture.seoul.go.kr/culture/culture/cultureEvent/view.do?cultcode=156095&menuNo=200008,https://culture.seoul.go.kr/cmmn/file/getImage.do?atchFileId=4c32a0e9e274432291658be21be19246&thumb=Y,서울시 문화행사,,0.013335,37,2026-08-23 01:14:23
하우스 뮤직과 댄스의 정기 쇼케이스 [All That House Vol.3],연서로 268 b1 스페이스 잼,2025-11-29,2025-11-29,콘서트,은평구,https://culture.seoul.go.kr/culture/culture/cultureEvent/view.do?cultcode=155714&menuNo=200008,https://culture.seoul.go.kr/cmmn/file/getImage.do?atchFileId=5e80f248936e45f1a1fb98840ccc8c18&thumb=Y,서울시 문화행사,,,,2026-08-23 01:14:23
[금천구립시흥도서관] 벌룬매직쇼 [풍선이 풍성풍성],금천구립시흥도서관 2층 어린이자료실,2025-11-29,2025-11-29,기타,금천구,https://culture.seoul.go.kr/culture/culture/cultureEvent/view.do?cultcode=155541&menuNo=200013,https://culture.seoul.go.kr/cmmn/file/getImage.do?atchFileId=500de8f36f404061bafd2e7752793f6b&thumb=Y,서울시 문화행사,,,,2026-08-23 01:14:23
[서울시립 북서울미술관] 《지구 울림 - 헤르츠앤도우》 토크 [전시 연출을 위한 공간 음향 디자인],서울시립 북서울미술관 B1 스튜디오3,2025-11-29,2025-11-29,교육/체험,노원구,https://culture.seoul.go.kr/culture/culture/cultureEvent/view.do?cultcode=155924&menuNo=200011,https://culture.seoul.go.kr/cmmn/file/getImage.do?atchFileId=5dc9fdd08ba6496f9af33ec3c92a6583&thumb=Y,서울시 문화행사,,,,2026-08-23 01:14:23
2025 난빛음악제,에스플렉스센터 다목적공개홀(2층),2025-11-29,2025-11-29,콘서트,마포구,https://culture.seoul.go.kr/culture/culture/cultureEvent/view.do?cultcode=156055&menuNo=200008,https://culture.seoul.go.kr/cmmn/file/getImage.do?atchFileId=06b09198499b4f04b2a60e2fa8a0befe&thumb=Y,서울시 문화행사,,,,2026-08-23 01:14:23
[힙독클럽 X 서울아트책보고] 웹툰 『술꾼도시처녀들』 저자 미깡의 [술꾼도시여자의 주류생활 출간기념 북토크],서울아트책보고 열린무대,2025-11-29,2025-11-29,교육/체험,구로구,https://culture.seoul.go.kr/culture/culture/cultureEvent/view.do?cultcode=156115&menuNo=200011,https://culture.seoul.go.kr/cmmn/file/getImage.do?atchFileId=e95ec481302a4412bfc07a83d29d66bd&thumb=Y,서울시 문화행사,,,,2026-08-23 01:14:23
[서울도서관] 캔바AI로 만나는 우리 가족 디자인 클래스 CLASS,서울도서관 4층 사서교육장,2025-11-29,2025-11-29,교육/체험,중구,https://culture.seoul.go.kr/culture/culture/cultureEvent/view.do?cultcode=156111&menuNo=200011,https://culture.seoul.go.kr/cmmn/file/getImage.do?atchFileId=185494382e5f491a9874cc1760afe526&thumb=Y,서울시 문화행사,,,,2026-08-23 01:14:23
[국립중앙박물관] 광복 80주년 기념 특별전 우리들의 이순신,국립중앙박물관 특별전시실 2,2025-11-28,2026-03-03,전시/미술,용산구,https://culture.seoul.go.kr/culture/culture/cultureEvent/view.do?cultcode=156365&menuNo=200009,https://culture.seoul.go.kr/cmmn/file/getImage.do?atchFileId=4927e03e2dd844329209f6d8a3446a1c&thumb=Y,서울시 문화행사,,,,2026-08-23 01:14:23
[서울시] 2025 아뜰리에 노들 개장전시,노들섬 남단 한강대교 하부 미디어파사드,2025-11-28,2026-02-28,전시/미술,용산구,https://culture.seoul.go.kr/culture/culture/cultureEvent/view.do?cultcode=156079&menuNo=200009,https://culture.seoul.go.kr/cmmn/file/getImage.do?atchFileId=82b4b0ff7e9942a9939e70180a9e8844&thumb=Y,서울시 문화행사,,,,2026-08-23 01:14:23
국립극장 마당놀이 [홍길동이 온다],국립극장,2025-11-28,2026-01-31,국악,중구,https://culture.seoul.go.kr/culture/culture/cultureEvent/view.do?cultcode=156259&menuNo=200008,https://culture.seoul.go.kr/cmmn/file/getImage.do?atchFileId=9e843546581648d4ae60412ec50956b3&thumb=Y,서울시 문화행사,,,,2026-08-23 01:14:23
[DDP] TOhealME :COEXISTENCE (향으로 #나를 만나는 시간),B the B 다운타운,2025-11-28,2026-01-31,전시/미술,중구,https://culture.seoul.go.kr/culture/culture/cultureEvent/view.do?cultcode=156395&menuNo=200009,https://culture.seoul.go.kr/cmmn/file/getImage.do?atchFileId=330ffe0bf1be478da9c424069fa54adc&thumb=Y,서울시 문화행사,,,,2026-08-23 01:14:23
[마포문화재단] 2025 마포 시시각각 [사진으로 그리는 마포],마포아트센터 갤러리맥,2025-11-28,2025-12-12,전시/미술,마포구,https://culture.seoul.go.kr/culture/culture/cultureEvent/view.do?cultcode=156262&menuNo=200009,https://culture.seoul.go.kr/cmmn/file/getImage.do?atchFileId=cab8e4d7a4b445299fb63ddcc97e77af&thumb=Y,서울시 문화행사,,,,2026-08-23 01:14:23
[노원문화원] 2025 노원지역학 학술포럼,B1 다목적홀,2025-11-28,2025-12-10,교육/체험,노원구,https://culture.seoul.go.kr/culture/culture/cultureEvent/view.do?cultcode=156130&menuNo=200011,https://culture.seoul.go.kr/cmmn/file/getImage.do?atchFileId=ca3acf76c55b4b88b350f5d20f44d8d3&thumb=Y,서울시 문화행사,,,,2026-08-23 01:14:23
"[관악문화재단] 신림동, 1985년 3월 3일 11시 40분",관악중앙도서관 4층 서락,2025-11-28,2025-12-07,전시/미술,관악구,https://culture.seoul.go.kr/culture/culture/cultureEvent/view.do?cultcode=156201&menuNo=200009,https://culture.seoul.go.kr/cmmn/file/getImage.do?atchFileId=ab1d5e627d6349b0a7b07c0b661b901e&thumb=Y,서울시 문화행사,,,,2026-08-23 01:14:23
[서울외국인주민센터] 세계문화체험 [일상 속 세계정거장],서울외국인주민센터,2025-11-28,2025-12-05,교육/체험,영등포구,https://culture.seoul.go.kr/culture/culture/cultureEvent/view.do?cultcode=156023&menuNo=200011,https://culture.seoul.go.kr/cmmn/file/getImage.do?atchFileId=6a0a1ceff3ac423998d625a33cecd956&thumb=Y,서울시 문화행사,,,,2026-08-23 01:14:23
[서울문화예술교육센터 강북] 우리 곁의 예술-감각하기 [숲으로 예술탐험],서울문화예술교육센터 강북 및 주변 야외 공간,2025-11-28,2025-11-29,교육/체험,강북구,https://culture.seoul.go.kr/culture/culture/cultureEvent/view.do?cultcode=155976&menuNo=200011,https://culture.seoul.go.kr/cmmn/file/getImage.do?atchFileId=472e89991af2445882520b68c0961661&thumb=Y,서울시 문화행사,,,,2026-08-23 01:14:23
[서울문화예술교육센터 강북] 공연 '라이브씨어터' [고래바위에서 기다려],서울문화예술교육센터 강북 2층 예술당솔샘,2025-11-28,2025-11-29,교육/체험,강북구,https://culture.seoul.go.kr/culture/culture/cultureEvent/view.do?cultcode=155962&menuNo=200011,https://culture.seoul.go.kr/cmmn/file/getImage.do?atchFileId=053bc115bcd94713b7aa29236437963f&thumb=Y,서울시 문화행사,,,,2026-08-23 01:14:23
[서울시립교향악단] 2025 서울시향 얍 판 츠베덴과 이매뉴얼 엑스 ②,롯데콘서트홀,2025-11-28,2025-11-28,클래식,송파구,https://culture.seoul.go.kr/culture/culture/cultureEvent/view.do?cultcode=155532&menuNo=200008,https://culture.seoul.go.kr/cmmn/file/getImage.do?atchFileId=ce7a0490d32e4e808489d5d4da4bb1fd&thumb=Y,서울시 문화행사,,0.808786,77,2026-08-23 01:14:23
[마포문화재단] 마포구립실버합창단 제2회 정기연주회 [Adagio 느림예찬],마포아트센터 아트홀맥,2025-11-28,2025-11-28,콘서트,마포구,https://culture.seoul.go.kr/culture/culture/cultureEvent/view.do?cultcode=156007&menuNo=200008,https://culture.seoul.go.kr/cmmn/file/getImage.do?atchFileId=b58758965b844704a5fbd57fbb1c8efe&thumb=Y,서울시 문화행사,,0.055695,51,2026-08-23 01:14:23
[서울문화예술교육센터 용산] 다정한 아트라운지 [뽑기 드로잉],업무동 1층 아트라운지,2025-11-28,2025-11-28,교육/체험,용산구,https://culture.seoul.go.kr/culture/culture/cultureEvent/view.do?cultcode=155690&menuNo=200011,https://culture.seoul.go.kr/cmmn/file/getImage.do?atchFileId=f697f6bbf94c4148a864de1616f83e45&thumb=Y,서울시 문화행사,,,,2026-08-23 01:14:23
[강동문화재단] 한밤의 공연 산책 Ⅳ: 폴로세움+더 해프닝쇼 My Dream, 강동아트센터 소극장 드림,2025-11-28,2025-11-28,기타,강동구,https://culture.seoul.go.kr/culture/culture/cultureEvent/view.do?cultcode=156106&menuNo=200013,https://culture.seoul.go.kr/cmmn/file/getImage.do?atchFileId=3c5d1c64ee06497199f591dac658e010&thumb=Y,서울시 문화행사,,0.001594,16,2026-08-23 01:14:23
[마포구립서강도서관] 11월 도서관초대석 [수학을 포기한 또는 포기하려는 너에게],마포구립서강도서관 3층 세미나실,2025-11-28,2025-11-28,교육/체험,마포구,https://culture.seoul.go.kr/culture/culture/cultureEvent/view.do?cultcode=155785&menuNo=200011,https://culture.seoul.go.kr/cmmn/file/getImage.do?atchFileId=71b0dc03a0314f41bd2e6dbb04257deb&thumb=Y,서울시 문화행사,,,,2026-08-23 01:14:23
[서울시립 미술아카이브] 2025 연구교류 [번역 너머의 번역],서울시립 미술아카이브 나눔동 2층 다목적홀 ,2025-11-28,2025-11-28,기타,종로구,https://culture.seoul.go.kr/culture/culture/cultureEvent/view.do?cultcode=155825&menuNo=200013,https://culture.seoul.go.kr/cmmn/file/getImage.do?atchFileId=d906b7ccf6024b0db7b0840fc1f7ec55&thumb=Y,서울시 문화행사,,,,2026-08-23 01:14:23
[서울문화예술교육센터 용산] 다정한 아트라운지 [시들시들 드로잉],업무동 1층 아트라운지,2025-11-28,2025-11-28,교육/체험,용산구,https://culture.seoul.go.kr/culture/culture/cultureEvent/view.do?cultcode=155689&menuNo=200011,https://culture.seoul.go.kr/cmmn/file/getImage.do?atchFileId=07bd8dbf80164257b5d6725375adb48d&thumb=Y,서울시 문화행사,,,,2026-08-23 01:14:23
"[운현궁] 맞춤형 전통문화체험 원데이 클래스 [찻잔 속 운현궁의 마음을 담다, 차향가득 One day Class]",운현궁 이로당,2025-11-28,2025-11-28,교육/체험,종로구,https://culture.seoul.go.kr/culture/culture/cultureEvent/view.do?cultcode=156081&menuNo=200011,https://culture.seoul.go.kr/cmmn/file/getImage.do?atchFileId=21e40e4b030948f5841aefd2d908b525&thumb=Y,서울시 문화행사,,,,2026-08-23 01:14:23
[금천문화재단] 금천우리동네오케스트라 2025년 정기연주회 [별들의 함성],금나래아트홀,2025-11-28,2025-11-28,클래식,금천구,https://culture.seoul.go.kr/culture/culture/cultureEvent/view.do?cultcode=155542&menuNo=200008,https://culture.seoul.go.kr/cmmn/file/getImage.do?atchFileId=2354686332f44471a01e87a6b31d1b1e&thumb=Y,서울시 문화행사,,,,2026-08-23 01:14:23
커플·부부를 위한 1일 세미나 [나의 무의식이 말하는 사랑이야기] ,자기사랑 세미나실 2층 ,2025-11-28,2025-11-28,교육/체험,종로구,https://culture.seoul.go.kr/culture/culture/cultureEvent/view.do?cultcode=155902&menuNo=200011,https://culture.seoul.go.kr/cmmn/file/getImage.do?atchFileId=c61d50d41dbd45db97503a51dbf0e9a7&thumb=Y,서울시 문화행사,,,,2026-08-23 01:14:23
지운하 명인의 예인 인생 70주년 [동행],국립국악원 예악당,2025-11-28,2025-11-25,국악,서초구,https://culture.seoul.go.kr/culture/culture/cultureEvent/view.do?cultcode=155994&menuNo=200008,https://culture.seoul.go.kr/cmmn/file/getImage.do?atchFileId=e3c804c1c5d34da3b25b03df5e2e2b94&thumb=Y,서울시 문화행사,,0.012078,36,2026-08-23 01:14:23
[영등포문화재단] 2025 YDP창의예술교육센터 결과공유축제 [둥둥제],YDP창의예술교육센터 (영등포구 양평로20길 8-1),2025-11-27,2025-12-13,축제-문화/예술,영등포구,https://culture.seoul.go.kr/culture/culture/cultureEvent/view.do?cultcode=155968&menuNo=200010,https://culture.seoul.go.kr/cmmn/file/getImage.do?atchFileId=8f88c53e3fd940e2aa416b8be6d12ba8&thumb=Y,서울시 문화행사,,,,2026-08-23 01:14:23
[서울문화재단] 문학으로 모이는 방법들 2025 (11월),서울문화재단 대학로센터,2025-11-27,2025-11-29,교육/체험,종로구,https://culture.seoul.go.kr/culture/culture/cultureEvent/view.do?cultcode=155977&menuNo=200011,https://culture.seoul.go.kr/cmmn/file/getImage.do?atchFileId=9f8b3ec148df4dc6b838eb745a768f38&thumb=Y,서울시 문화행사,,,,2026-08-23 01:14:23
[서울공예박물관] 무크스튜디오X섬유(터프팅) 워크숍 [테이블 매트 만들기],무크스튜디오 (종로구 돈화문로 72),2025-11-27,2025-11-28,교육/체험,종로구,https://culture.seoul.go.kr/culture/culture/cultureEvent/view.do?cultcode=155954&menuNo=200011,https://culture.seoul.go.kr/cmmn/file/getImage.do?atchFileId=68582e25c67b445bbb9e941e39008072&thumb=Y,서울시 문화행사,,,,2026-08-23 01:14:23
[서울공예박물관] 박수지X도자공예 워크숍 [테이블 웨어 만들기],"박수지 작가 공방 (중구 장충단로10길 48, 1층)",2025-11-27,2025-11-28,교육/체험,중구,https://culture.seoul.go.kr/culture/culture/cultureEvent/view.do?cultcode=155955&menuNo=200011,https://culture.seoul.go.kr/cmmn/file/getImage.do?atchFileId=3c4deaf3c35d4e478fed7a9c84124946&thumb=Y,서울시 문화행사,,,,2026-08-23 01:14:23
"[서울역사박물관] 제7회 배리어프리영화관 [배리어프리 단편특별전-실금, 이씨 가문의 형제들, 찌개]",서울역사박물관 1층 강당(야주개홀),2025-11-27,2025-11-27,영화,종로구,https://culture.seoul.go.kr/culture/culture/cultureEvent/view.do?cultcode=155814&menuNo=200013,https://culture.seoul.go.kr/cmmn/file/getImage.do?atchFileId=ebf7637759774b0aa0b29f9dc2951eb9&thumb=Y,서울시 문화행사,,,,2026-08-23 01:14:23
[서초문화재단] 서리풀 재즈페스타 [Witchcraft],심산기념문화센터 2층 반포심산아트홀,2025-11-27,2025-11-27,클래식,서초구,https://culture.seoul.go.kr/culture/culture/cultureEvent/view.do?cultcode=155872&menuNo=200008,https://culture.seoul.go.kr/cmmn/file/getImage.do?atchFileId=56c9c3957cb84f159286ae34defd0b50&thumb=Y,서울시 문화행사,,,,2026-08-23 01:14:23
[마포문화재단] 2025 M발레시리즈 해설이 있는 발레 [Ballet Plus-고전발레로의 초대],마포아트센터 아트홀맥,2025-11-27,2025-11-27,무용,마포구,https://culture.seoul.go.kr/culture/culture/cultureEvent/view.do?cultcode=154787&menuNo=200008,https://culture.seoul.go.kr/cmmn/file/getImage.do?atchFileId=7c681bf63ce0466a82445d6044ec42cb&thumb=Y,서울시 문화행사,,0.055695,51,2026-08-23 01:14:23
[도봉문화원] 2025. 편지 낭독 콘서트 [오페라 속 편지 이야기: 사랑하기 때문에],도봉구민회관 소공연장(3층),2025-11-27,2025-11-27,뮤지컬/오페라,도봉구,https://culture.seoul.go.kr/culture/culture/cultureEvent/view.do?cultcode=155922&menuNo=200008,https://culture.seoul.go.kr/cmmn/file/getImage.do?atchFileId=e899b7f7c1b74293bef69e6945de193e&thumb=Y,서울시 문화행사,,,,2026-08-23 01:14:23
조성재 [진면목] - 수림뉴웨이브2025,김희수아트센터SPACE1,2025-11-27,2025-11-27,국악,동대문구,https://culture.seoul.go.kr/culture/culture/cultureEvent/view.do?cultcode=155817&menuNo=200008,https://culture.seoul.go.kr/cmmn/file/getImage.do?atchFileId=f431df33d7e64e0e8a7fc1a68480d922&thumb=Y,서울시 문화행사,,0.000311,0,2026-08-23 01:14:23
[서울시립교향악단] 2025 서울시향 얍 판 츠베덴과 이매뉴얼 엑스 ①,예술의전당 콘서트홀,2025-11-27,2025-11-27,클래식,서초구,https://culture.seoul.go.kr/culture/culture/cultureEvent/view.do?cultcode=155536&menuNo=200008,https://culture.seoul.go.kr/cmmn/file/getImage.do?atchFileId=d3d3556b21f445d0bc6465b5b5cd32e0&thumb=Y,서울시 문화행사,,0.021067,41,2026-08-23 01:14:23
"[서울외국인주민센터] 서울디아스포라 지역탐방 [다양성의 큰 숲, 대림동을 걷다]",대림동 일대,2025-11-27,2025-11-27,교육/체험,영등포구,https://culture.seoul.go.kr/culture/culture/cultureEvent/view.do?cultcode=155996&menuNo=200011,https://culture.seoul.go.kr/cmmn/file/getImage.do?atchFileId=24e3330af9d44a7caa6c6ce28bf686c1&thumb=Y,서울시 문화행사,,,,2026-08-23 01:14:23
[서울공예박물관] 시간을 마시는 미적 경험 [공예다회茶會],안내동 1층 한옥 파빌리온 필정,2025-11-27,2025-11-27,교육/체험,종로구,https://culture.seoul.go.kr/culture/culture/cultureEvent/view.do?cultcode=155953&menuNo=200011,https://culture.seoul.go.kr/cmmn/file/getImage.do?atchFileId=eff4050dae59493e92874d5f9dd67e02&thumb=Y,서울시 문화행사,,,,2026-08-23 01:14:23
[서울시립 사진미술관] 사진이 할 수 있는 모든 것,"서울시립 사진미술관 2층 1,2,3,4전시실, 2층 영상홀",2025-11-26,2026-03-01,전시/미술,동대문구,https://culture.seoul.go.kr/culture/culture/cultureEvent/view.do?cultcode=156004&menuNo=200009,https://culture.seoul.go.kr/cmmn/file/getImage.do?atchFileId=bb8f0d070646411a81b0936d5de4d716&thumb=Y,서울시 문화행사,,,,2026-08-23 01:14:23
[국립현대미술관] 이중시선," 국립현대미술관 서울 지하1층, MMCA영상관",2025-11-26,2026-01-10,전시/미술,종로구,https://culture.seoul.go.kr/culture/culture/cultureEvent/view.do?cultcode=156379&menuNo=200009,https://culture.seoul.go.kr/cmmn/file/getImage.do?atchFileId=186107f863a04e9c9991d204dbd92b5c&thumb=Y,서울시 문화행사,,,,2026-08-23 01:14:23
[서울공예박물관] 공예동행@쇼윈도 #6. 2326 5월 17일 탐사일지 7A-03,전시3동 1층 쇼윈도갤러리,2025-11-26,2025-12-28,전시/미술,종로구,https://culture.seoul.go.kr/culture/culture/cultureEvent/view.do?cultcode=155947&menuNo=200009,https://culture.seoul.go.kr/cmmn/file/getImage.do?atchFileId=f646fc5bf9984546b36865a001dafeb9&thumb=Y,서울시 문화행사,,,,2026-08-23 01:14:23
[광진문화재단] 국립극단 명작상영회,나루아트센터 스페이스76,2025-11-26,2025-12-10,영화,광진구,https://culture.seoul.go.kr/culture/culture/cultureEvent/view.do?cultcode=156025&menuNo=200013,https://culture.seoul.go.kr/cmmn/file/getImage.do?atchFileId=7ab2bde7a1c3460480a8f7e3d9d82bcd&thumb=Y,서울시 문화행사,,,,2026-08-23 01:14:23
[영등포문화재단] 기획공연(YDPPick) [도란도란 클래식 - 모차르트편],영등포아트홀,2025-11-26,2025-11-29,클래식,영등포구,https://culture.seoul.go.kr/culture/culture/cultureEvent/view.do?cultcode=156097&menuNo=200008,https://culture.seoul.go.kr/cmmn/file/getImage.do?atchFileId=a916d384e7764e0b9b21ce643aab3418&thumb=Y,서울시 문화행사,,0.072056,53,2026-08-23 01:14:23
[서울공예박물관] 필드오즈X우드카빙 워크숍 [우드 플레이트 만들기],"필드오즈 공방 (종로구 율곡로259, 1층)",2025-11-26,2025-11-26,교육/체험,종로구,https://culture.seoul.go.kr/culture/culture/cultureEvent/view.do?cultcode=155957&menuNo=200011,https://culture.seoul.go.kr/cmmn/file/getImage.do?atchFileId=6005e8ea096549e59d5c5f2d6576f28c&thumb=Y,서울시 문화행사,,,,2026-08-23 01:14:23
[동작문화재단] 한수진 바이올린 리사이틀,원불교 소태산홀,2025-11-26,2025-11-26,독주/독창회,동작구,https://culture.seoul.go.kr/culture/culture/cultureEvent/view.do?cultcode=156083&menuNo=200008,https://culture.seoul.go.kr/cmmn/file/getImage.do?atchFileId=c66e3bccced04404a9233fa997134068&thumb=Y,서울시 문화행사,,,,2026-08-23 01:14:23
[서울공예박물관] 2025년 서울공예박물관 국제학술심포지엄 《한·일 옻칠의 역사와 미래》,서울공예박물관 교육동 1층 강당,2025-11-26,2025-11-26,기타,종로구,https://culture.seoul.go.kr/culture/culture/cultureEvent/view.do?cultcode=155960&menuNo=200013,https://culture.seoul.go.kr/cmmn/file/getImage.do?atchFileId=727b2864aa454788a8bb14bf5daf5d3e&thumb=Y,서울시 문화행사,,,,2026-08-23 01:14:23
[성동문화재단] 2025 성동 필름 페스타 [세계 영화 상영회 9회차],성수아트홀,2025-11-26,2025-11-26,영화,성동구,https://culture.seoul.go.kr/culture/culture/cultureEvent/view.do?cultcode=155506&menuNo=200013,https://culture.seoul.go.kr/cmmn/file/getImage.do?atchFileId=76b4abe326424ab1a3f2dd33d2a5a2da&thumb=Y,서울시 문화행사,,0.033892,46,2026-08-23 01:14:23
[관악문화재단] 제16회 관악구립여성합창단 정기연주회 [노래에 진심],관악아트홀 공연장,2025-11-26,2025-11-26,콘서트,관악구,https://culture.seoul.go.kr/culture/culture/cultureEvent/view.do?cultcode=156053&menuNo=200008,https://culture.seoul.go.kr/cmmn/file/getImage.do?atchFileId=be7d043c048246519fc8986a5f1ac2aa&thumb=Y,서울시 문화행사,,,,2026-08-23 01:14:23
생황의 향악화II - 유예지,서울돈화문국악당,2025-11-26,2025-11-26,국악,종로구,https://culture.seoul.go.kr/culture/culture/cultureEvent/view.do?cultcode=155883&menuNo=200008,https://culture.seoul.go.kr/cmmn/file/getImage.do?atchFileId=4c6501bfe4ef464b88b5bd6ccdd32764&thumb=Y,서울시 문화행사,,0.009687,34,2026-08-23 01:14:23
[서울시립미술관 서소문본관] 2025 신진미술인 전시 리뷰 프로그램,서울시립미술관 서소문본관 3층 SeMA L,2025-11-26,2025-11-26,교육/체험,종로구,https://culture.seoul.go.kr/culture/culture/cultureEvent/view.do?cultcode=155823&menuNo=200011,https://culture.seoul.go.kr/cmmn/file/getImage.do?atchFileId=a99db354120445798f9266cc26a289c9&thumb=Y,서울시 문화행사,,,,2026-08-23 01:14:23
"[서울시립과학관] 특별기획전 2025년 전시 [그 약,알고 먹나요?]",서울시립과학관 X전시실,2025-11-25,2026-04-12,전시/미술,노원구,https://culture.seoul.go.kr/culture/culture/cultureEvent/view.do?cultcode=156285&menuNo=200009,https://culture.seoul.go.kr/cmmn/file/getImage.do?atchFileId=34b9bcefd2434b84a055856a0a2577a6&thumb=Y,서울시 문화행사,,,,2026-08-23 01:14:23
[김근태기념도서관] 도봉 마을아카이브 연계 민주주의·인권 기획전 [기억×기록],김근태기념도서관 B1~3F,2025-11-25,2026-02-08,전시/미술,도봉구,https://culture.seoul.go.kr/culture/culture/cultureEvent/view.do?cultcode=156268&menuNo=200009,https://culture.seoul.go.kr/cmmn/file/getImage.do?atchFileId=c45d8115fced4a64ac81e739950f385a&thumb=Y,서울시 문화행사,,,,2026-08-23 01:14:23
[서울역사박물관] 베셀레 바노체(Vesele Vanoce),서울역사박물관 1층 로비전시실,2025-11-25,2026-01-18,전시/미술,종로구,https://culture.seoul.go.kr/culture/culture/cultureEvent/view.do?cultcode=156393&menuNo=200009,https://culture.seoul.go.kr/cmmn/file/getImage.do?atchFileId=442b2d8fdcb24acba3b3d13a50fc1774&thumb=Y,서울시 문화행사,,,,2026-08-23 01:14:23
[청운문학도서관] 11월 종로 책크인 [소원을 담은 위시트리],청운문학도서관,2025-11-25,2025-12-29,교육/체험,종로구,https://culture.seoul.go.kr/culture/culture/cultureEvent/view.do?cultcode=156311&menuNo=200011,https://culture.seoul.go.kr/cmmn/file/getImage.do?atchFileId=b5fdd811df5d430e88061dc6693d0866&thumb=Y,서울시 문화행사,,0.159277,61,2026-08-23 01:14:23
[서울아트책보고] 화가의 사람들: 위대한 화가들의 사랑과 우정에 대하여,서울아트책보고 워크숍룸,2025-11-25,2025-12-11,교육/체험,구로구,https://culture.seoul.go.kr/culture/culture/cultureEvent/view.do?cultcode=156114&menuNo=200011,https://culture.seoul.go.kr/cmmn/file/getImage.do?atchFileId=ee240b05ada44368ba78e5b7c95b5a2b&thumb=Y,서울시 문화행사,,,,2026-08-23 01:14:23
"[운현궁] 2025 하우스뮤지엄 [바다의 조각, 한복에 피어나다]",운현궁 노락당,2025-11-25,2025-11-30,전시/미술,종로구,https://culture.seoul.go.kr/culture/culture/cultureEvent/view.do?cultcode=156046&menuNo=200009,https://culture.seoul.go.kr/cmmn/file/getImage.do?atchFileId=faca081a654a4bcab7cf05713e07fa9e&thumb=Y,서울시 문화행사,,0.000374,2,2026-08-23 01:14:23
[서울공예박물관] 인스타 감성 사진 클래스 [사진일상회],"서울공예박물관 전시3동, 기타장소",2025-11-25,2025-11-26,교육/체험,종로구,https://culture.seoul.go.kr/culture/culture/cultureEvent/view.do?cultcode=155985&menuNo=200011,https://culture.seoul.go.kr/cmmn/file/getImage.do?atchFileId=a45fa23080c74ef3a02600242973ff1a&thumb=Y,서울시 문화행사,,,,2026-08-23 01:14:23
[마포문화재단] 2025 M 기획시리즈 심수봉 콘서트 [꽃길],마포아트센터 아트홀맥,2025-11-25,2025-11-25,콘서트,마포구,https://culture.seoul.go.kr/culture/culture/cultureEvent/view.do?cultcode=155538&menuNo=200008,https://culture.seoul.go.kr/cmmn/file/getImage.do?atchFileId=f5768c84216e41e6be75dc9e7368711d&thumb=Y,서울시 문화행사,,0.055695,51,2026-08-23 01:14:23
[구립증산정보도서관] 자녀를 위한 과학 독서 수업 [초등맘이 꼭 알아야 할 과학 글쓰기와 사고력 키우기],온라인 줌(zoom),2025-11-25,2025-11-25,교육/체험,은평구,https://culture.seoul.go.kr/culture/culture/cultureEvent/view.do?cultcode=155901&menuNo=200011,https://culture.seoul.go.kr/cmmn/file/getImage.do?atchFileId=3e005e347f2249fab2b748bcfb074448&thumb=Y,서울시 문화행사,,,,2026-08-23 01:14:23
[성동문화재단] 제14회 성동구립꿈의오케스트라 정기연주회,소월아트홀,2025-11-25,2025-11-25,클래식,성동구,https://culture.seoul.go.kr/culture/culture/cultureEvent/view.do?cultcode=155508&menuNo=200008,https://culture.seoul.go.kr/cmmn/file/getImage.do?atchFileId=16f1b3a71301468b9b3da93cf0979610&thumb=Y,서울시 문화행사,,0.159576,61,2026-08-23 01:14:23
[서초문화재단] 서리풀 고음악 오디세이 [한국의 산조와 바로크 모음곡],심산기념문화센터 2층 반포심산아트홀,2025-11-25,2025-11-25,클래식,서초구,https://culture.seoul.go.kr/culture/culture/cultureEvent/view.do?cultcode=155871&menuNo=200008,https://culture.seoul.go.kr/cmmn/file/getImage.do?atchFileId=b5d470db50314278ada6708c3a3884a4&thumb=Y,서울시 문화행사,,,,2026-08-23 01:14:23
2025 서경스트링 오케스트라 정기연주회,영산아트홀,2025-11-25,2025-11-25,클래식,영등포구,https://culture.seoul.go.kr/culture/culture/cultureEvent/view.do?cultcode=155652&menuNo=200008,https://culture.seoul.go.kr/cmmn/file/getImage.do?atchFileId=c0916a417e674f35a2a99fc7a2487c5c&thumb=Y,서울시 문화행사,,0.064423,52,2026-08-23 01:14:23
2025 상명대학교 조형예술전공 제58회 졸업전시 [파도를 타는 법],"상명대학교 서울캠퍼스 미래백년관  B1 갤러리 월해, 밀레홀 / 미술가정관  1F 스페이스 제로",2025-11-24,2025-12-05,전시/미술,종로구,https://culture.seoul.go.kr/culture/culture/cultureEvent/view.do?cultcode=155868&menuNo=200009,https://culture.seoul.go.kr/cmmn/file/getImage.do?atchFileId=a4e2ce0b10c44a18b32f0589dfe2adfa&thumb=Y,서울시 문화행사,,,,2026-08-23 01:14:23
"[서울생활문화센터 체부] 청년문화기획자 네트워크 [살롱, 내일] 5회차",서울생활문화센터 체부,2025-11-24,2025-11-24,교육/체험,종로구,https://culture.seoul.go.kr/culture/culture/cultureEvent/view.do?cultcode=155895&menuNo=200011,https://culture.seoul.go.kr/cmmn/file/getImage.do?atchFileId=02e60faefc784681b9120b128926ba43&thumb=Y,서울시 문화행사,,,,2026-08-23 01:14:23
[서울공예박물관] 창작과 영감에 대한 북토크 [공예 너머의 대화],서울공예박물관 공예도서실,2025-11-24,2025-11-24,교육/체험,종로구,https://culture.seoul.go.kr/culture/culture/cultureEvent/view.do?cultcode=155986&menuNo=200011,https://culture.seoul.go.kr/cmmn/file/getImage.do?atchFileId=abe43ce4df1e4523a3b13c76085d878a&thumb=Y,서울시 문화행사,,,,2026-08-23 01:14:23
[서울공예박물관] 필사를 통한 마음 정화 시간 [공예도서 필사관],서울공예박물관 공예도서실,2025-11-24,2025-11-24,교육/체험,종로구,https://culture.seoul.go.kr/culture/culture/cultureEvent/view.do?cultcode=155999&menuNo=200011,https://culture.seoul.go.kr/cmmn/file/getImage.do?atchFileId=08d9a39aa9d24c1db77026f610f92ebf&thumb=Y,서울시 문화행사,,,,2026-08-23 01:14:23
[강남문화재단] 배리어프리 [최현우의 매직쇼],CG아트홀(서울특별시 강남구 언주로 711 건설회관 2층),2025-11-24,2025-11-24,기타,강남구,https://culture.seoul.go.kr/culture/culture/cultureEvent/view.do?cultcode=156024&menuNo=200013,https://culture.seoul.go.kr/cmmn/file/getImage.do?atchFileId=74a7b660cef046af86a354fe03749e13&thumb=Y,서울시 문화행사,,,,2026-08-23 01:14:23
[서울문화재단]  2025 《PLAY-UP 아카데미》 극작수업-희곡창작워크숍 예고편 쇼케이스,서울씨어터 제로 (서울연극창작센터 1층),2025-11-24,2025-11-24,연극,성북구,https://culture.seoul.go.kr/culture/culture/cultureEvent/view.do?cultcode=155969&menuNo=200008,https://culture.seoul.go.kr/cmmn/file/getImage.do?atchFileId=3ccb9a6714774fb6bcd78bf9262b1f46&thumb=Y,서울시 문화행사,,,,2026-08-23 01:14:23
[이회영기념관 특별전] 세 가지 눈물 - 성재 이시영,이회영기념관,2025-11-23,2026-03-01,전시/미술,종로구,https://culture.seoul.go.kr/culture/culture/cultureEvent/view.do?cultcode=156381&menuNo=200009,https://culture.seoul.go.kr/cmmn/file/getImage.do?atchFileId=4a498100291c407c9a1efcca5dbe6d6f&thumb=Y,서울시 문화행사,,,,2026-08-23 01:14:23
[서울문화예술교육센터 은평] 서울무용제 홍보대사 워크숍,서울문화예술교육센터 은평 3층 댄스스튜디오1,2025-11-23,2025-11-23,무용,은평구,https://culture.seoul.go.kr/culture/culture/cultureEvent/view.do?cultcode=155966&menuNo=200008,https://culture.seoul.go.kr/cmmn/file/getImage.do?atchFileId=8f119b198d1644d08249168c25f216c2&thumb=Y,서울시 문화행사,,,,2026-08-23 01:14:23
[성동구립도서관] 11월 영어스토리텔링 수업,성동구립도서관,2025-11-23,2025-11-23,교육/체험,성동구,https://culture.seoul.go.kr/culture/culture/cultureEvent/view.do?cultcode=155511&menuNo=200011,https://culture.seoul.go.kr/cmmn/file/getImage.do?atchFileId=cb5ce38c940b408380ed02d5c8dd9af0&thumb=Y,서울시 문화행사,,0.325165,68,2026-08-23 01:14:23
2025 누구나 꿈나무오케스트라 정기연주회,세종문화회관 세종M씨어터,2025-11-23,2025-11-23,클래식,종로구,https://culture.seoul.go.kr/culture/culture/cultureEvent/view.do?cultcode=155931&menuNo=200008,https://culture.seoul.go.kr/cmmn/file/getImage.do?atchFileId=e42f81ae6d64494b890a918c1a0dc209&thumb=Y,서울시 문화행사,,,,2026-08-23 01:14:23
"[마포문화재단] 제10회 M 클래식 축제 [가을, 세레나데]",마포아트센터 아트홀맥,2025-11-23,2025-11-23,클래식,마포구,https://culture.seoul.go.kr/culture/culture/cultureEvent/view.do?cultcode=155861&menuNo=200008,https://culture.seoul.go.kr/cmmn/file/getImage.do?atchFileId=4c0d023fff574e7c900d07c0b0f4b7fb&thumb=Y,서울시 문화행사,,0.055695,51,2026-08-23 01:14:23
"[국립중앙박물관] 이슬람 미술, 찬란한 빛의 여정",국립중앙박물관 상설전시관 이슬람실,2025-11-22,2026-10-11,전시/미술,은평구,https://culture.seoul.go.kr/culture/culture/cultureEvent/view.do?cultcode=156371&menuNo=200009,https://culture.seoul.go.kr/cmmn/file/getImage.do?atchFileId=69db1f87ea6447c6a1fe901e146ce2e1&thumb=Y,서울시 문화행사,,,,2026-08-23 01:14:23
[광진문화재단] 가족뮤지컬 [산타와 빈양말],나루아트센터 대공연장,2025-11-22,2025-12-25,뮤지컬/오페라,광진구,https://culture.seoul.go.kr/culture/culture/cultureEvent/view.do?cultcode=155611&menuNo=200008,https://culture.seoul.go.kr/cmmn/file/getImage.do?atchFileId=a499f5bbee034be890dc061fde079362&thumb=Y,서울시 문화행사,,0.011878,36,2026-08-23 01:14:23
[성북문화재단] 2025 성북문화예술교육센터 모두를 위한 문화예술교육 [모두 예술로],성북문화예술교육센터 5층,2025-11-22,2025-12-09,교육/체험,성북구,https://culture.seoul.go.kr/culture/culture/cultureEvent/view.do?cultcode=156098&menuNo=200011,https://culture.seoul.go.kr/cmmn/file/getImage.do?atchFileId=d38b321b54fc4e52b5e3e7e2672bebd0&thumb=Y,서울시 문화행사,,,,2026-08-23 01:14:23
[종로문화재단] 2025 무계원 어린이 음악극 [이야기극장],"무계원 사랑채1, 안채",2025-11-22,2025-12-06,연극,종로구,https://culture.seoul.go.kr/culture/culture/cultureEvent/view.do?cultcode=156009&menuNo=200008,https://culture.seoul.go.kr/cmmn/file/getImage.do?atchFileId=d8d0ac5ef6cc4570bd8d18d6f92c7bb0&thumb=Y,서울시 문화행사,,,,2026-08-23 01:14:23
[서울공예박물관] 세대가 함께 마음을 잇는 공예 [대대손손 공예],서울공예박물관 전시3동 1층 교육실,2025-11-22,2025-11-30,교육/체험,종로구,https://culture.seoul.go.kr/culture/culture/cultureEvent/view.do?cultcode=156000&menuNo=200011,https://culture.seoul.go.kr/cmmn/file/getImage.do?atchFileId=fe6a8ef7d0bb46e1b929d6e491647276&thumb=Y,서울시 문화행사,,,,2026-08-23 01:14:23
"[서울공예박물관] 개관 4주년 기념 [공박위크 2025: 공예로 잇고, 공예로 쉬다]",서울공예박물관,2025-11-22,2025-11-30,교육/체험,종로구,https://culture.seoul.go.kr/culture/culture/cultureEvent/view.do?cultcode=155987&menuNo=200011,https://culture.seoul.go.kr/cmmn/file/getImage.do?atchFileId=97bbe0974b1d45aa9d5c96b8812e0674&thumb=Y,서울시 문화행사,,,,2026-08-23 01:14:23
[서울문화예술교육센터 양천] 우리가 궁금했던 예술 [그림과 선율로 건네는 위로],서울문화예술교육센터 양천 다목적홀,2025-11-22,2025-11-29,교육/체험,양천구,https://culture.seoul.go.kr/culture/culture/cultureEvent/view.do?cultcode=155646&menuNo=200011,https://culture.seoul.go.kr/cmmn/file/getImage.do?atchFileId=ad5ea5397d9143df92afdd8bb5e12d76&thumb=Y,서울시 문화행사,,,,2026-08-23 01:14:23
KILL THAT BALL: SEOUL 프리스타일축구 월드챔피언쉽,강남 씨스퀘어 (강남구 영동대로 326 컬쳐랜드타워 1층),2025-11-22,2025-11-23,축제-문화/예술,강남구,https://culture.seoul.go.kr/culture/culture/cultureEvent/view.do?cultcode=155812&menuNo=200010,https://culture.seoul.go.kr/cmmn/file/getImage.do?atchFileId=a892fcc0807c4095adc0822d773a603d&thumb=Y,서울시 문화행사,,,,2026-08-23 01:14:23
PARISORANGEWINE [낭만에 대한 모든 것],"성동구 광나루로4가길 8, 1층",2025-11-22,2025-11-23,전시/미술,성동구,https://culture.seoul.go.kr/culture/culture/cultureEvent/view.do?cultcode=155899&menuNo=200009,https://culture.seoul.go.kr/cmmn/file/getImage.do?atchFileId=87cdfbefa89b4df39426bae11351cb5e&thumb=Y,서울시 문화행사,,,,2026-08-23 01:14:23
[함신익과 심포니 송] 마스터즈 시리즈 IX [스티븐 허프 경이 초연하는 스티븐 허프 피아노협주곡],롯데콘서트홀,2025-11-22,2025-11-22,클래식,송파구,https://culture.seoul.go.kr/culture/culture/cultureEvent/view.do?cultcode=153885&menuNo=200008,https://culture.seoul.go.kr/cmmn/file/getImage.do?atchFileId=ab920d5ca74643aa918155180ddad80a&thumb=Y,서울시 문화행사,,0.808786,77,2026-08-23 01:14:23
송인정 첼로 독주회,예술의전당 인춘아트홀,2025-11-22,2025-11-22,클래식,서초구,https://culture.seoul.go.kr/culture/culture/cultureEvent/view.do?cultcode=155709&menuNo=200008,https://culture.seoul.go.kr/cmmn/file/getImage.do?atchFileId=20d1236aeae246d9bcf86fc8e819fc4e&thumb=Y,서울시 문화행사,,0.002693,21,2026-08-23 01:14:23
"문예북흥 No.47  - 클래식 백과사전 유윤종이 들려주는 「클래식, 비밀과 거짓말」 그 은밀한 음악사 이야기.",이호철북콘서트홀,2025-11-22,2025-11-22,교육/체험,은평구,https://culture.seoul.go.kr/culture/culture/cultureEvent/view.do?cultcode=155937&menuNo=200011,https://culture.seoul.go.kr/cmmn/file/getImage.do?atchFileId=6cf8c349454f48ab874a6912a1a70650&thumb=Y,서울시 문화행사,,0.013049,36,2026-08-23 01:14:23
[강북문화재단] 예술로 동행 창작 매직컬 [명화배달부],강북문화예술회관 강북소나무홀,2025-11-22,2025-11-22,기타,강북구,https://culture.seoul.go.kr/culture/culture/cultureEvent/view.do?cultcode=155588&menuNo=200013,https://culture.seoul.go.kr/cmmn/file/getImage.do?atchFileId=3e015c30f7904e9cbea067e507316d41&thumb=Y,서울시 문화행사,,0.001818,17,2026-08-23 01:14:23
2025년 서울교육 학부모 시민 참여 한마당,"파이팩토리 스튜디오(서울특별시 광진구 광나루로 441, 7호선 어린이대공원역 2번 출구)",2025-11-22,2025-11-22,교육/체험,광진구,https://culture.seoul.go.kr/culture/culture/cultureEvent/view.do?cultcode=155912&menuNo=200011,https://culture.seoul.go.kr/cmmn/file/getImage.do?atchFileId=488af2ad57414acbaf0452ccac773e44&thumb=Y,서울시 문화행사,,,,2026-08-23 01:14:23
[서울문화재단] 2025 OPEN:LAB THEATER [음악연극 마샤],서울연극창작센터 서울씨어터 제로,2025-11-22,2025-11-22,연극,성북구,https://culture.seoul.go.kr/culture/culture/cultureEvent/view.do?cultcode=155753&menuNo=200008,https://culture.seoul.go.kr/cmmn/file/getImage.do?atchFileId=b5aa35a472174daabdab4fd4d19d0496&thumb=Y,서울시 문화행사,,,,2026-08-23 01:14:23
이아미 첼로 독주회 [Letters Without Words],롯데콘서트홀,2025-11-22,2025-11-22,독주/독창회,송파구,https://culture.seoul.go.kr/culture/culture/cultureEvent/view.do?cultcode=155651&menuNo=200008,https://culture.seoul.go.kr/cmmn/file/getImage.do?atchFileId=14ea2ba603254dc985b8b0269338b793&thumb=Y,서울시 문화행사,,0.808786,77,2026-08-23 01:14:23
[서울공예박물관] 공예 지식을 겨루는 [도전! 공예 골든벨!],서울공예박물관 은행나무 마당,2025-11-22,2025-11-22,교육/체험,종로구,https://culture.seoul.go.kr/culture/culture/cultureEvent/view.do?cultcode=156001&menuNo=200011,https://culture.seoul.go.kr/cmmn/file/getImage.do?atchFileId=d39c1a6683494f4e8450fb4cde5700b5&thumb=Y,서울시 문화행사,,,,2026-08-23 01:14:23
이신우의 가지 않은 길 III. 밝은 슬픔,예술의전당 IBK기업은행챔버홀,2025-11-22,2025-11-22,클래식,서초구,https://culture.seoul.go.kr/culture/culture/cultureEvent/view.do?cultcode=155641&menuNo=200008,https://culture.seoul.go.kr/cmmn/file/getImage.do?atchFileId=ede21233bdc04898aaa446f7e8430dc4&thumb=Y,서울시 문화행사,,,,2026-08-23 01:14:23
[구로문화재단] 인형극 [환상공간],오류아트홀,2025-11-22,2025-11-22,연극,구로구,https://culture.seoul.go.kr/culture/culture/cultureEvent/view.do?cultcode=155797&menuNo=200008,https://culture.seoul.go.kr/cmmn/file/getImage.do?atchFileId=e1e719a517664357bdff8e9aa6ada1f0&thumb=Y,서울시 문화행사,,0.019636,40,2026-08-23 01:14:23
[서울아트책보고] 노란돼지 《마음요리》와 함께 하는 힐링 마음요리 만들기,서울아트책보고 워크숍룸,2025-11-22,2025-11-22,교육/체험,금천구,https://culture.seoul.go.kr/culture/culture/cultureEvent/view.do?cultcode=155889&menuNo=200011,https://culture.seoul.go.kr/cmmn/file/getImage.do?atchFileId=883e0caabfdd4d3883f7fb29059a27b8&thumb=Y,서울시 문화행사,,,,2026-08-23 01:14:23
박현 바이올린 독주회,예술의전당 리사이틀홀,2025-11-22,2025-11-22,클래식,서초구,https://culture.seoul.go.kr/culture/culture/cultureEvent/view.do?cultcode=155708&menuNo=200008,https://culture.seoul.go.kr/cmmn/file/getImage.do?atchFileId=429155d71b104e3ab1e835cad38de174&thumb=Y,서울시 문화행사,,0.003573,24,2026-08-23 01:14:23
[서울문화예술교육센터 서초] 서리풀 이야기 해결단,"서울문화예술교육센터 서초 프로그램실 2,3",2025-11-22,2025-11-22,교육/체험,서초구,https://culture.seoul.go.kr/culture/culture/cultureEvent/view.do?cultcode=155972&menuNo=200011,https://culture.seoul.go.kr/cmmn/file/getImage.do?atchFileId=aa4002314d334001952fb84fff4b52a5&thumb=Y,서울시 문화행사,,,,2026-08-23 01:14:23
"[대우재단 시민강좌] 쇼펜하우어, 니체와 함께 인생을 생각한다","대우재단빌딩 5층, 대우학술라운지",2025-11-22,2025-11-22,교육/체험,종로구,https://culture.seoul.go.kr/culture/culture/cultureEvent/view.do?cultcode=155623&menuNo=200011,https://culture.seoul.go.kr/cmmn/file/getImage.do?atchFileId=fd6769c67587435c81d1e4a02de7ac45&thumb=Y,서울시 문화행사,,,,2026-08-23 01:14:23
[마포문화재단] 마포구립 윈드오케스트라 창단연주회 [나의 사랑 대한민국],마포아트센터 아트홀맥,2025-11-22,2025-11-22,클래식,마포구,https://culture.seoul.go.kr/culture/culture/cultureEvent/view.do?cultcode=155879&menuNo=200008,https://culture.seoul.go.kr/cmmn/file/getImage.do?atchFileId=51fee638759f4092a53476f5dd462ea1&thumb=Y,서울시 문화행사,,0.055695,51,2026-08-23 01:14:23
[마포구립서강도서관] 11월/종합자료실 특별전시 [서가의 美 : 교차하는 마음들],마포구립서강도서관 5층 종합자료실,2025-11-22,2025-11-22,전시/미술,마포구,https://culture.seoul.go.kr/culture/culture/cultureEvent/view.do?cultcode=155864&menuNo=200009,https://culture.seoul.go.kr/cmmn/file/getImage.do?atchFileId=ace254b8b6fc483eb0f67f9ffea0f419&thumb=Y,서울시 문화행사,,,,2026-08-23 01:14:23
"[B the B] REST, RESET, REBEAUTY",B the B UP-TOWN (DDP 지하2층 DDP마켓),2025-11-21,2026-02-22,전시/미술,중구,https://culture.seoul.go.kr/culture/culture/cultureEvent/view.do?cultcode=156396&menuNo=200009,https://culture.seoul.go.kr/cmmn/file/getImage.do?atchFileId=31a56bb2fa214fd99cdf94d369a72c25&thumb=Y,서울시 문화행사,,,,2026-08-23 01:14:23
[한성백제박물관] 2025 선사고대기획전 [을축년대홍수가 알려준 풍납토성의 비밀],한성백제박물관 기획전시실,2025-11-21,2026-02-01,전시/미술,송파구,https://culture.seoul.go.kr/culture/culture/cultureEvent/view.do?cultcode=155950&menuNo=200009,https://culture.seoul.go.kr/cmmn/file/getImage.do?atchFileId=a9282e405069499f91a36fa4aff60753&thumb=Y,서울시 문화행사,,,,2026-08-23 01:14:23
[남산골한옥마을] 2025 남산골 야외 방탈출 [도깨비의 시時그널],남산골한옥마을 일대,2025-11-21,2025-12-21,교육/체험,중구,https://culture.seoul.go.kr/culture/culture/cultureEvent/view.do?cultcode=155888&menuNo=200011,https://culture.seoul.go.kr/cmmn/file/getImage.do?atchFileId=e8089f75c2514d48b0229613f210fbef&thumb=Y,서울시 문화행사,,,,2026-08-23 01:14:23
"[공근혜갤러리] 서울, 기억의 단면",공근혜갤러리,2025-11-21,2025-12-13,전시/미술,종로구,https://culture.seoul.go.kr/culture/culture/cultureEvent/view.do?cultcode=155617&menuNo=200009,https://culture.seoul.go.kr/cmmn/file/getImage.do?atchFileId=1a9ff7b93a8d48e19c62ede3ffaeddcf&thumb=Y,서울시 문화행사,,0.001444,15,2026-08-23 01:14:23
[노화랑] 김태협 [Complexity 컴플렉시티],"노화랑 1, 2층 전시실",2025-11-21,2025-12-10,전시/미술,종로구,https://culture.seoul.go.kr/culture/culture/cultureEvent/view.do?cultcode=155967&menuNo=200009,https://culture.seoul.go.kr/cmmn/file/getImage.do?atchFileId=6be8cd7e18ab42afa3b6347a5e4cbbf2&thumb=Y,서울시 문화행사,,,,2026-08-23 01:14:23
[종로문화재단] 상주단체 청소년 신작 [실종: 그레텔을 찾아서],아이들극장,2025-11-21,2025-11-29,연극,종로구,https://culture.seoul.go.kr/culture/culture/cultureEvent/view.do?cultcode=155447&menuNo=200008,https://culture.seoul.go.kr/cmmn/file/getImage.do?atchFileId=101b1f957cfa4807ae380cc3ce95a330&thumb=Y,서울시 문화행사,,0.018503,40,2026-08-23 01:14:23
"[서울백제어린이박물관] 문화로 야금야금 연계 [반짝반짝 별빛 놀이터]_6,7회차","서울백제어린이박물관 다목적실, 전시실, 몽촌토성",2025-11-21,2025-11-28,교육/체험,송파구,https://culture.seoul.go.kr/culture/culture/cultureEvent/view.do?cultcode=155916&menuNo=200011,https://culture.seoul.go.kr/cmmn/file/getImage.do?atchFileId=900129ace7084a46bc930ff3f03126fa&thumb=Y,서울시 문화행사,,,,2026-08-23 01:14:23
[서울문화예술교육센터 강북] 공연 '라이브씨어터' [향기장수 이야기],서울문화예술교육센터 강북 2층 예술당솔샘,2025-11-21,2025-11-22,연극,강서구,https://culture.seoul.go.kr/culture/culture/cultureEvent/view.do?cultcode=155965&menuNo=200008,https://culture.seoul.go.kr/cmmn/file/getImage.do?atchFileId=cf899251386545f095b6345caeac5a08&thumb=Y,서울시 문화행사,,,,2026-08-23 01:14:23
[관악문화재단] 2025 AI로 만드는 가족 동요 앨범,관악문화재단 미디어센터관악,2025-11-21,2025-11-22,교육/체험,관악구,https://culture.seoul.go.kr/culture/culture/cultureEvent/view.do?cultcode=155857&menuNo=200011,https://culture.seoul.go.kr/cmmn/file/getImage.do?atchFileId=7aa7043d0a11477cb64547a714ac2b6e&thumb=Y,서울시 문화행사,,,,2026-08-23 01:14:23
"[서울남산국악당] 꼭두, 마지막 동행자 : 박영감 상여놀이",서울남산국악당 크라운해태홀,2025-11-21,2025-11-22,국악,중구,https://culture.seoul.go.kr/culture/culture/cultureEvent/view.do?cultcode=155561&menuNo=200008,https://culture.seoul.go.kr/cmmn/file/getImage.do?atchFileId=e40a6a94eca243e49f90b5bfad0e8f34&thumb=Y,서울시 문화행사,,0.000498,5,2026-08-23 01:14:23
[송파문화재단] 송파문화예술회관 개관 기념 공연,송파문화예술회관,2025-11-21,2025-11-22,클래식,송파구,https://culture.seoul.go.kr/culture/culture/cultureEvent/view.do?cultcode=155843&menuNo=200008,https://culture.seoul.go.kr/cmmn/file/getImage.do?atchFileId=ef6fbeaf2be9490c885b1e4225175c38&thumb=Y,서울시 문화행사,,0.019088,40,2026-08-23 01:14:23
[강북문화재단] 2025 우이천야외음악회 [우이천사계콘서트],우이천 벌리교,2025-11-21,2025-11-21,콘서트,강북구,https://culture.seoul.go.kr/culture/culture/cultureEvent/view.do?cultcode=155803&menuNo=200008,https://culture.seoul.go.kr/cmmn/file/getImage.do?atchFileId=cfbf333967614ad492b95b494667519c&thumb=Y,서울시 문화행사,,,,2026-08-23 01:14:23
"[운현궁] 맞춤형 전통문화체험 원데이 클래스 [찻잔 속 운현궁의 마음을 담다, 차향가득 One day Class]_11월",운현궁 이로당,2025-11-21,2025-11-21,교육/체험,종로구,https://culture.seoul.go.kr/culture/culture/cultureEvent/view.do?cultcode=155887&menuNo=200011,https://culture.seoul.go.kr/cmmn/file/getImage.do?atchFileId=1e020cd8b5f94e7bb77b1e798782bd55&thumb=Y,서울시 문화행사,,,,2026-08-23 01:14:23
[서울돈화문국악당] 2025 [야광명월 II],서울돈화문국악당 국악마당,2025-11-21,2025-11-21,국악,종로구,https://culture.seoul.go.kr/culture/culture/cultureEvent/view.do?cultcode=155890&menuNo=200008,https://culture.seoul.go.kr/cmmn/file/getImage.do?atchFileId=96a47af565f943ea9889d8f0fca41098&thumb=Y,서울시 문화행사,,,,2026-08-23 01:14:23
[동대문문화재단] 기획공연 [와인et멜로디(11월)] Vol.6 프렐류드,선농단역사문화관 지하3층 문화중정,2025-11-21,2025-11-21,클래식,동대문구,https://culture.seoul.go.kr/culture/culture/cultureEvent/view.do?cultcode=155579&menuNo=200008,https://culture.seoul.go.kr/cmmn/file/getImage.do?atchFileId=fc481c36e0d64ae193277b3735b4140a&thumb=Y,서울시 문화행사,,,,2026-08-23 01:14:23
[세종문화회관] 25세종시즌 믹스드 오케스트라 [넥스트 레벨],세종대극장,2025-11-21,2025-11-21,국악,종로구,https://culture.seoul.go.kr/culture/culture/cultureEvent/view.do?cultcode=155629&menuNo=200008,https://culture.seoul.go.kr/cmmn/file/getImage.do?atchFileId=eacb2356dd444ec882288c1a0ca2701b&thumb=Y,서울시 문화행사,,0.002366,20,2026-08-23 01:14:23
[구로구립글마루한옥어린이도서관] 서울 문화의 밤 프로그램 [유율과 함께하는 우리 소리 이야기],글마루한옥어린이도서관 별동 성학당,2025-11-21,2025-11-21,국악,구로구,https://culture.seoul.go.kr/culture/culture/cultureEvent/view.do?cultcode=155759&menuNo=200008,https://culture.seoul.go.kr/cmmn/file/getImage.do?atchFileId=fdfb2ad1f55248eaab644c809de39a30&thumb=Y,서울시 문화행사,,,,2026-08-23 01:14:23
"[서울 문화의 밤] 11월 방구석 북토크 - AI 천재들이 만든 세상, 우리는 어떻게 살아갈까(이승민)",서울도서관 1층 생각마루,2025-11-21,2025-11-21,교육/체험,중구,https://culture.seoul.go.kr/culture/culture/cultureEvent/view.do?cultcode=155718&menuNo=200011,https://culture.seoul.go.kr/cmmn/file/getImage.do?atchFileId=ff71702644334313ae7697f387086822&thumb=Y,서울시 문화행사,,,,2026-08-23 01:14:23
"[서울문화예술교육센터 서초] 코리올라누스 [셰익스피어, 오늘, 그리고 우리]",서울문화예술교육센터 서초 서울체임버홀,2025-11-21,2025-11-21,교육/체험,서초구,https://culture.seoul.go.kr/culture/culture/cultureEvent/view.do?cultcode=155971&menuNo=200011,https://culture.seoul.go.kr/cmmn/file/getImage.do?atchFileId=928da4f6dcae49a5acee1609d7b9340d&thumb=Y,서울시 문화행사,,,,2026-08-23 01:14:23
조수연 피아노 독주회,금호아트홀연세,2025-11-21,2025-11-21,클래식,서대문구,https://culture.seoul.go.kr/culture/culture/cultureEvent/view.do?cultcode=155706&menuNo=200008,https://culture.seoul.go.kr/cmmn/file/getImage.do?atchFileId=26e08536d7e64274a4cd33e17f95c252&thumb=Y,서울시 문화행사,,0.043791,48,2026-08-23 01:14:23
김도윤 귀국 첼로 독주회,금호아트홀연세,2025-11-21,2025-11-21,클래식,서대문구,https://culture.seoul.go.kr/culture/culture/cultureEvent/view.do?cultcode=155707&menuNo=200008,https://culture.seoul.go.kr/cmmn/file/getImage.do?atchFileId=bdd56ad74b8b4452819dd95394af2f8e&thumb=Y,서울시 문화행사,,0.043791,48,2026-08-23 01:14:23
[마포문화재단] M 기획시리즈 2025 재즈 올스타즈(JAZZ ALL STARS),마포아트센터 아트홀맥,2025-11-21,2025-11-21,콘서트,마포구,https://culture.seoul.go.kr/culture/culture/cultureEvent/view.do?cultcode=155526&menuNo=200008,https://culture.seoul.go.kr/cmmn/file/getImage.do?atchFileId=e3499d9a2c2742b8a6c28332869411c3&thumb=Y,서울시 문화행사,,0.055695,51,2026-08-23 01:14:23
[서울문화예술교육센터 강북] 우리 곁의 예술-감각하기 [행복할 결심],서울문화예술교육센터 강북 4층 대강의실,2025-11-20,2025-12-04,교육/체험,강북구,https://culture.seoul.go.kr/culture/culture/cultureEvent/view.do?cultcode=155975&menuNo=200011,https://culture.seoul.go.kr/cmmn/file/getImage.do?atchFileId=a4255ea7ded54e39bce42fb6cd3a75a5&thumb=Y,서울시 문화행사,,,,2026-08-23 01:14:23
미림아트갤러리 [기이한 징글 귀염] 이상면 초대전,미림아트 3층 미림아트갤러리,2025-11-20,2025-11-30,전시/미술,종로구,https://culture.seoul.go.kr/culture/culture/cultureEvent/view.do?cultcode=155959&menuNo=200009,https://culture.seoul.go.kr/cmmn/file/getImage.do?atchFileId=5dadd0f2f11a4f3da1a2b55ee1beead0&thumb=Y,서울시 문화행사,,,,2026-08-23 01:14:23
"[금천문화재단] 기획공연 2025 금나래아트홀 기획공연 상주단체 [봉쥬르, 독퇴흐 크노크!]",금나래아트홀,2025-11-20,2025-11-22,연극,금천구,https://culture.seoul.go.kr/culture/culture/cultureEvent/view.do?cultcode=155537&menuNo=200008,https://culture.seoul.go.kr/cmmn/file/getImage.do?atchFileId=d112eae183924f7196ec2ad59e42f203&thumb=Y,서울시 문화행사,,,,2026-08-23 01:14:23
"[마포구립서강도서관] 11월/어린이]해봄+ing [박스-박스 팝업놀이터, 내가 만든 재활용 자동차!]",마포구립서강도서관 4층 어린이자료실,2025-11-20,2025-11-20,교육/체험,마포구,https://culture.seoul.go.kr/culture/culture/cultureEvent/view.do?cultcode=155783&menuNo=200011,https://culture.seoul.go.kr/cmmn/file/getImage.do?atchFileId=9e5a3fa7a102487398fcdb576b14db8e&thumb=Y,서울시 문화행사,,,,2026-08-23 01:14:23
"[제1회 성북뮤지엄포럼] 성북, 문화예술자원의 보존과 지역 뮤지엄의 미래",고려대학교 백주년기념삼성관 B1F 국제원격회의실,2025-11-20,2025-11-20,교육/체험,성북구,https://culture.seoul.go.kr/culture/culture/cultureEvent/view.do?cultcode=155941&menuNo=200011,https://culture.seoul.go.kr/cmmn/file/getImage.do?atchFileId=1fcd01e4d8bf462fba3b2208f78f955f&thumb=Y,서울시 문화행사,,,,2026-08-23 01:14:23
[서울공예박물관] SeMoCA 글로벌 공예 멘토 워크숍 #6 한국-폴란드 문화교류 기획,서울공예박물관 교육동 1층 강당,2025-11-20,2025-11-20,교육/체험,종로구,https://culture.seoul.go.kr/culture/culture/cultureEvent/view.do?cultcode=155910&menuNo=200011,https://culture.seoul.go.kr/cmmn/file/getImage.do?atchFileId=67b92fb9b7284e27aea0d727d763b390&thumb=Y,서울시 문화행사,,,,2026-08-23 01:14:23
전지환 [금결: 쇠 소리로 엮은 시간의 매듭] - 수림뉴웨이브2025,김희수아트센터SPACE1,2025-11-20,2025-11-20,국악,동대문구,https://culture.seoul.go.kr/culture/culture/cultureEvent/view.do?cultcode=155816&menuNo=200008,https://culture.seoul.go.kr/cmmn/file/getImage.do?atchFileId=e07c7483a4754afd8dbae1af5177f494&thumb=Y,서울시 문화행사,,0.000311,0,2026-08-23 01:14:23
"[서울문화예술교육센터 용산] 힐링북콘서트 [마음퇴근, 쉼을 읽는 저녁 11월]",서울문화예술교육센터 용산 1층 아트라운지,2025-11-20,2025-11-20,교육/체험,용산구,https://culture.seoul.go.kr/culture/culture/cultureEvent/view.do?cultcode=155771&menuNo=200011,https://culture.seoul.go.kr/cmmn/file/getImage.do?atchFileId=5569619e99d94ed79b12d27e0c5a3ad2&thumb=Y,서울시 문화행사,,,,2026-08-23 01:14:23
[서울문화예술교육센터 서초] 소리만리: 판소리 워크숍,서울문화예술교육센터 서초 마스터클래스실,2025-11-20,2025-11-20,교육/체험,서초구,https://culture.seoul.go.kr/culture/culture/cultureEvent/view.do?cultcode=155973&menuNo=200011,https://culture.seoul.go.kr/cmmn/file/getImage.do?atchFileId=0505fd5f25964944ace7b2cdc4c3f304&thumb=Y,서울시 문화행사,,,,2026-08-23 01:14:23
[국립한글박물관] 글(자)감(각): 쓰기와 도구,문화역서울284 RTO,2025-11-19,2026-03-22,전시/미술,중구,https://culture.seoul.go.kr/culture/culture/cultureEvent/view.do?cultcode=156283&menuNo=200009,https://culture.seoul.go.kr/cmmn/file/getImage.do?atchFileId=d8ffdcc2a3a946498049d635a6d936ed&thumb=Y,서울시 문화행사,,,,2026-08-23 01:14:23
뮤지컬 [렌트],코엑스아티움,2025-11-19,2026-02-22,뮤지컬/오페라,강남구,https://culture.seoul.go.kr/culture/culture/cultureEvent/view.do?cultcode=156623&menuNo=200008,https://culture.seoul.go.kr/cmmn/file/getImage.do?atchFileId=102a4f707e834d7c9bc606a107296139&thumb=Y,서울시 문화행사,,,,2026-08-23 01:14:23
2025 세종뮤지엄갤러리 기획초대전 [쓰임을 사유하다: 권원덕],세종뮤지엄갤러리 2관,2025-11-19,2025-11-30,전시/미술,광진구,https://culture.seoul.go.kr/culture/culture/cultureEvent/view.do?cultcode=156146&menuNo=200009,https://culture.seoul.go.kr/cmmn/file/getImage.do?atchFileId=412b0e76fa7f473aa8682c525a337bd1&thumb=Y,서울시 문화행사,,,,2026-08-23 01:14:23
2025 세종뮤지엄갤러리 기획초대전 [일상의 풍경: 하연수],세종뮤지엄갤러리 1관,2025-11-19,2025-11-30,전시/미술,광진구,https://culture.seoul.go.kr/culture/culture/cultureEvent/view.do?cultcode=156147&menuNo=200009,https://culture.seoul.go.kr/cmmn/file/getImage.do?atchFileId=a1b2333fab774f94b1da430f2a18adcb&thumb=Y,서울시 문화행사,,,,2026-08-23 01:14:23
[서울생활문화센터 낙원] 낙원 악기 수리 워크샵 바이올린편,서울생활문화센터 낙원 수리수리 공작소,2025-11-19,2025-11-26,교육/체험,종로구,https://culture.seoul.go.kr/culture/culture/cultureEvent/view.do?cultcode=155894&menuNo=200011,https://culture.seoul.go.kr/cmmn/file/getImage.do?atchFileId=8e81ed26fe4b4d039e0fb6847fddedbb&thumb=Y,서울시 문화행사,,,,2026-08-23 01:14:23
연극 [오해: 지금 여기],대학로 소극장 혜화당,2025-11-19,2025-11-23,연극,종로구,https://culture.seoul.go.kr/culture/culture/cultureEvent/view.do?cultcode=155909&menuNo=200008,https://culture.seoul.go.kr/cmmn/file/getImage.do?atchFileId=7f58393f4fac413ca7d467cb89dadd5e&thumb=Y,서울시 문화행사,,,,2026-08-23 01:14:23
[중랑문화재단] AI 기반 미디어아트 전시 《뉴-미디어의 재해-석》: 전시연계 AI교육,중랑아트센터 회의실,2025-11-19,2025-11-21,교육/체험,중랑구,https://culture.seoul.go.kr/culture/culture/cultureEvent/view.do?cultcode=155882&menuNo=200011,https://culture.seoul.go.kr/cmmn/file/getImage.do?atchFileId=4ea37e3671f24c00b6ec8fe99e4e9108&thumb=Y,서울시 문화행사,,,,2026-08-23 01:14:23
[마포문화재단] 제10회 M 클래식 축제 [비르투오소들의 조우],마포아트센터 아트홀맥,2025-11-19,2025-11-19,클래식,마포구,https://culture.seoul.go.kr/culture/culture/cultureEvent/view.do?cultcode=154791&menuNo=200008,https://culture.seoul.go.kr/cmmn/file/getImage.do?atchFileId=5358c8c242a444538b8556b0fa03ffaf&thumb=Y,서울시 문화행사,,0.055695,51,2026-08-23 01:14:23
[서초문화재단] 서리풀 오후의 실내악 [독일의 감성 품은 첼로와 피아노],심산기념문화센터 2층 반포심산아트홀,2025-11-19,2025-11-19,클래식,서초구,https://culture.seoul.go.kr/culture/culture/cultureEvent/view.do?cultcode=155869&menuNo=200008,https://culture.seoul.go.kr/cmmn/file/getImage.do?atchFileId=63fa3265fc8d42ef979061293b097413&thumb=Y,서울시 문화행사,,,,2026-08-23 01:14:23
벨루스 콰르텟 창단 16주년 기념음악회,예술의전당 IBK기업은행챔버홀,2025-11-19,2025-11-19,클래식,서초구,https://culture.seoul.go.kr/culture/culture/cultureEvent/view.do?cultcode=155705&menuNo=200008,https://culture.seoul.go.kr/cmmn/file/getImage.do?atchFileId=c04e1145341e48b1aa4ee7aa0733b5a6&thumb=Y,서울시 문화행사,,,,2026-08-23 01:14:23
"2025 서울디자인창업포럼: Design Founders, New Perspective",DDP 디자인랩 3층 디자인홀,2025-11-19,2025-11-19,교육/체험,중구,https://culture.seoul.go.kr/culture/culture/cultureEvent/view.do?cultcode=155906&menuNo=200011,https://culture.seoul.go.kr/cmmn/file/getImage.do?atchFileId=2108200785f14b49aae612bbe1f5c037&thumb=Y,서울시 문화행사,,,,2026-08-23 01:14:23
[서울문화예술교육센터 서초] 내 인생이 희곡이 되는 순간!,서울문화예술교육센터 서초 마스터클래스실,2025-11-19,2025-11-19,교육/체험,서초구,https://culture.seoul.go.kr/culture/culture/cultureEvent/view.do?cultcode=155970&menuNo=200011,https://culture.seoul.go.kr/cmmn/file/getImage.do?atchFileId=644f375be4e64bca9a585a21dc6880e1&thumb=Y,서울시 문화행사,,,,2026-08-23 01:14:23
[청계천박물관] 청계천사람들: 삶과 기억의 만남,청계천박물관 기획전시실 (서울시 성동구 청계천로 530),2025-11-18,2026-03-29,전시/미술,서초구,https://culture.seoul.go.kr/culture/culture/cultureEvent/view.do?cultcode=155885&menuNo=200009,https://culture.seoul.go.kr/cmmn/file/getImage.do?atchFileId=610de2fb6d0a454a8c78e9a4aed40c21&thumb=Y,서울시 문화행사,,,,2026-08-23 01:14:23
2025 서울문화예술교육센터 서초 특화프로그램 [The Opus 2025],서울문화예술교육센터 서초,2025-11-18,2025-12-31,클래식,서초구,https://culture.seoul.go.kr/culture/culture/cultureEvent/view.do?cultcode=156145&menuNo=200008,https://culture.seoul.go.kr/cmmn/file/getImage.do?atchFileId=b182596ce89b4fffa69cb8b2b6767d6e&thumb=Y,서울시 문화행사,,0.015713,38,2026-08-23 01:14:23
[서울시립미술관 서소문본관] SeMA 아카데미: 조각적 시도와 실험들,서울시립미술관 서소문본관 B1 세마홀,2025-11-18,2025-12-16,교육/체험,중구,https://culture.seoul.go.kr/culture/culture/cultureEvent/view.do?cultcode=155735&menuNo=200011,https://culture.seoul.go.kr/cmmn/file/getImage.do?atchFileId=7e70a6e38e0c4fb7a11e78c5a9e712d5&thumb=Y,서울시 문화행사,,,,2026-08-23 01:14:23
[종로문화재단] 공연연계 교육프로그램 [아이들극장 아뜰리에],아이들극장,2025-11-18,2025-12-13,교육/체험,종로구,https://culture.seoul.go.kr/culture/culture/cultureEvent/view.do?cultcode=156014&menuNo=200011,https://culture.seoul.go.kr/cmmn/file/getImage.do?atchFileId=ed3dd850f0624521bd4116d3694fe784&thumb=Y,서울시 문화행사,,0.018503,40,2026-08-23 01:14:23
[운현궁] 2025 하우스뮤지엄 [머리위의 시간_족두리와 장신구의 재해석],운현궁 노락당,2025-11-18,2025-11-23,전시/미술,종로구,https://culture.seoul.go.kr/culture/culture/cultureEvent/view.do?cultcode=155904&menuNo=200009,https://culture.seoul.go.kr/cmmn/file/getImage.do?atchFileId=2824649f797d4a78b52b7d0d829d363e&thumb=Y,서울시 문화행사,,0.000374,2,2026-08-23 01:14:23
"[서울문화예술교육센터 서초] 2025 서울문화예술교육주간: 예술, 또 다른 세상을 잇다",서울문화예술교육센터 서초,2025-11-18,2025-11-22,교육/체험,서초구,https://culture.seoul.go.kr/culture/culture/cultureEvent/view.do?cultcode=155867&menuNo=200011,https://culture.seoul.go.kr/cmmn/file/getImage.do?atchFileId=415a30d740b1422284cb0a00a842dbd3&thumb=Y,서울시 문화행사,,0.015713,38,2026-08-23 01:14:23
"[서울문화예술교육센터 강북] 워크숍 'play, play'  [솔샘 이야기 해결단]",서울문화예술교육센터 강북 3층 전체,2025-11-18,2025-11-21,교육/체험,강북구,https://culture.seoul.go.kr/culture/culture/cultureEvent/view.do?cultcode=155961&menuNo=200011,https://culture.seoul.go.kr/cmmn/file/getImage.do?atchFileId=5c3342cfd124408f87edb7b926cbc7ac&thumb=Y,서울시 문화행사,,,,2026-08-23 01:14:23
[세종문화회관] 11월 누구나 클래식 [다니엘의 해설 클래식 - 차이콥스키와 발레음악],세종대극장,2025-11-18,2025-11-18,클래식,종로구,https://culture.seoul.go.kr/culture/culture/cultureEvent/view.do?cultcode=155552&menuNo=200008,https://culture.seoul.go.kr/cmmn/file/getImage.do?atchFileId=9183de976bac4fc39e53d14078b2f144&thumb=Y,서울시 문화행사,,0.002366,20,2026-08-23 01:14:23
"최용기 클라리넷 독주회 [소리의 파편] Fragments of Sound 숨, 파동, 그리고 그 경계 너머의 울림",일신홀,2025-11-18,2025-11-18,독주/독창회,용산구,https://culture.seoul.go.kr/culture/culture/cultureEvent/view.do?cultcode=155650&menuNo=200008,https://culture.seoul.go.kr/cmmn/file/getImage.do?atchFileId=ffd01b1aafe043ba8231ae0f4c02e472&thumb=Y,서울시 문화행사,,,,2026-08-23 01:14:23
[마포문화재단] 2025 지역예술가 《전시공간 지원사업》 지역작가전 [Fragment of Feeling],마포아트센터 갤러리맥,2025-11-18,2025-11-18,전시/미술,마포구,https://culture.seoul.go.kr/culture/culture/cultureEvent/view.do?cultcode=155262&menuNo=200009,https://culture.seoul.go.kr/cmmn/file/getImage.do?atchFileId=3d36ce405adc4a72b7832f6964585e66&thumb=Y,서울시 문화행사,,,,2026-08-23 01:14:23
[구립증산정보도서관] 자녀를 위한 영어 독서 코칭 2 - 효린파파 [올바른 자녀영어 교육법과 영어 독서],온라인 줌(zoom),2025-11-18,2025-11-18,교육/체험,은평구,https://culture.seoul.go.kr/culture/culture/cultureEvent/view.do?cultcode=155832&menuNo=200011,https://culture.seoul.go.kr/cmmn/file/getImage.do?atchFileId=f1876876eec24eceace0d29e151ae64b&thumb=Y,서울시 문화행사,,,,2026-08-23 01:14:23
[서울시] 글로벌 서울 아이디어 제안 숏폼 챌린지 결선,서울특별시청 8층 다목적홀,2025-11-18,2025-11-18,기타,중구,https://culture.seoul.go.kr/culture/culture/cultureEvent/view.do?cultcode=155698&menuNo=200013,https://culture.seoul.go.kr/cmmn/file/getImage.do?atchFileId=3ed72fb41c734708af28e0cfa7d0829d&thumb=Y,서울시 문화행사,,,,2026-08-23 01:14:23
국악합창 두레소리 [근대 소설을 노래하다],노들섬 라이브하우스,2025-11-18,2025-11-18,국악,용산구,https://culture.seoul.go.kr/culture/culture/cultureEvent/view.do?cultcode=155458&menuNo=200008,https://culture.seoul.go.kr/cmmn/file/getImage.do?atchFileId=b947494163bc4c38aaa9558b19242ff5&thumb=Y,서울시 문화행사,,0.042421,48,2026-08-23 01:14:23
[서초문화재단] 서리풀 휴(休) 갤러리 [Beatstudio_숲의 초상],"심산기념문화센터 B1, 서리풀 휴(休) 갤러리",2025-11-17,2025-12-12,전시/미술,서초구,https://culture.seoul.go.kr/culture/culture/cultureEvent/view.do?cultcode=156017&menuNo=200009,https://culture.seoul.go.kr/cmmn/file/getImage.do?atchFileId=e26ff1be04344f7b860c1a6be6874b10&thumb=Y,서울시 문화행사,,,,2026-08-23 01:14:23
WHY:2025 글로벌 포럼,DDP 디자인랩 2층 서울-온 화상스튜디오,2025-11-17,2025-11-17,기타,중구,https://culture.seoul.go.kr/culture/culture/cultureEvent/view.do?cultcode=155907&menuNo=200013,https://culture.seoul.go.kr/cmmn/file/getImage.do?atchFileId=62cf1f63e67c4885b4d3650ac3caf88e&thumb=Y,서울시 문화행사,,,,2026-08-23 01:14:23
[서초문화재단] 서리풀 어울림 콘서트 : 베토벤 바이올린 소나타 전곡 시리즈 - To B,심산기념문화센터 2층 반포심산아트홀,2025-11-17,2025-11-17,클래식,서초구,https://culture.seoul.go.kr/culture/culture/cultureEvent/view.do?cultcode=155833&menuNo=200008,https://culture.seoul.go.kr/cmmn/file/getImage.do?atchFileId=16685907da32472e967bc1067b614580&thumb=Y,서울시 문화행사,,,,2026-08-23 01:14:23
[상촌재] 상설 유료 및 이벤트 체험 프로그램,상촌재 (서울시 종로구 자하문로 17길 12-11),2025-11-16,2025-12-31,교육/체험,종로구,https://culture.seoul.go.kr/culture/culture/cultureEvent/view.do?cultcode=156310&menuNo=200011,https://culture.seoul.go.kr/cmmn/file/getImage.do?atchFileId=19059a10f6e3480086e90d8d9647d686&thumb=Y,서울시 문화행사,,,,2026-08-23 01:14:23
[도봉문화재단] 함석헌기념관 씨알갤러리 8차 대관전시 송주영 개인전 [선(線)],함석헌기념관 씨알갤러리,2025-11-16,2025-11-30,전시/미술,도봉구,https://culture.seoul.go.kr/culture/culture/cultureEvent/view.do?cultcode=156086&menuNo=200009,https://culture.seoul.go.kr/cmmn/file/getImage.do?atchFileId=bdff82bac4894fc881629147a81eedd5&thumb=Y,서울시 문화행사,,,,2026-08-23 01:14:23
플루트와 함께하는 바로크의 아침 [k-flutes 유지연 플루트 독주회],서울생활문화센터 체부 1층 체부홀,2025-11-16,2025-11-16,독주/독창회,종로구,https://culture.seoul.go.kr/culture/culture/cultureEvent/view.do?cultcode=155796&menuNo=200008,https://culture.seoul.go.kr/cmmn/file/getImage.do?atchFileId=b2ee72d7d0a94e1786903e3554fdf93e&thumb=Y,서울시 문화행사,,,,2026-08-23 01:14:23
신재훈 클라리넷 독주회,예술의전당 리사이틀홀,2025-11-16,2025-11-16,독주/독창회,서초구,https://culture.seoul.go.kr/culture/culture/cultureEvent/view.do?cultcode=155645&menuNo=200008,https://culture.seoul.go.kr/cmmn/file/getImage.do?atchFileId=9e7498a03a704e11b41db1b4d75e09f0&thumb=Y,서울시 문화행사,,0.003573,24,2026-08-23 01:14:23
[서울상상나라] 2F 기획전시 [사랑하는 모양이야],2층 서울형 키즈카페 시립 서울상상나라점,2025-11-15,2026-11-15,전시/미술,광진구,https://culture.seoul.go.kr/culture/culture/cultureEvent/view.do?cultcode=156165&menuNo=200009,https://culture.seoul.go.kr/cmmn/file/getImage.do?atchFileId=49257064be8745158d56780a881325da&thumb=Y,서울시 문화행사,,,,2026-08-23 01:14:23
2025 한강페스티벌 겨울 [산타클로스의 비밀 작전],"서울함공원, 망원한강공원",2025-11-15,2026-02-01,전시/미술,동작구,https://culture.seoul.go.kr/culture/culture/cultureEvent/view.do?cultcode=156279&menuNo=200009,https://culture.seoul.go.kr/cmmn/file/getImage.do?atchFileId=0af4d739ce694ed6bba46dcabaa3ff5b&thumb=Y,서울시 문화행사,,,,2026-08-23 01:14:23
[서울상상나라] 오리야? 토끼야!,서울상상나라 B1 창의놀이실,2025-11-15,2025-12-28,교육/체험,광진구,https://culture.seoul.go.kr/culture/culture/cultureEvent/view.do?cultcode=155764&menuNo=200011,https://culture.seoul.go.kr/cmmn/file/getImage.do?atchFileId=0cbed455b99f46d5a64606ba3c990af3&thumb=Y,서울시 문화행사,,,,2026-08-23 01:14:23
[도봉문화재단] 평화문화진지 8기 입주작가 결과보고전 : 작아졌을 때 보이는 것들,평화문화진지,2025-11-15,2025-12-06,전시/미술,동대문구,https://culture.seoul.go.kr/culture/culture/cultureEvent/view.do?cultcode=156085&menuNo=200009,https://culture.seoul.go.kr/cmmn/file/getImage.do?atchFileId=560c5305b097414bb14f33a040a91335&thumb=Y,서울시 문화행사,,0.005541,28,2026-08-23 01:14:23
콜렉티브 도 [당신을 못 믿어서 하는 얘기가 아니라],PS CENTER,2025-11-15,2025-12-05,전시/미술,중구,https://culture.seoul.go.kr/culture/culture/cultureEvent/view.do?cultcode=156061&menuNo=200009,https://culture.seoul.go.kr/cmmn/file/getImage.do?atchFileId=673d9b38c51646849739a024c2d2dc8f&thumb=Y,서울시 문화행사,,,,2026-08-23 01:14:23
쇼팽과 슈만의 대화 (ft. 슈베르트),서울숲 스튜디오301,2025-11-15,2025-11-29,클래식,성동구,https://culture.seoul.go.kr/culture/culture/cultureEvent/view.do?cultcode=155459&menuNo=200008,https://culture.seoul.go.kr/cmmn/file/getImage.do?atchFileId=956d9036d9c049ba8f5bcb126ab22924&thumb=Y,서울시 문화행사,,,,2026-08-23 01:14:23
[남산골한옥마을] 2025 남산골 겨울나기 [겨울온기 冬溫氣],남산골한옥마을 옥인동 가옥,2025-11-15,2025-11-16,교육/체험,중구,https://culture.seoul.go.kr/culture/culture/cultureEvent/view.do?cultcode=155732&menuNo=200011,https://culture.seoul.go.kr/cmmn/file/getImage.do?atchFileId=bd35ac9211dd4a8cb74a503792fafc6e&thumb=Y,서울시 문화행사,,,,2026-08-23 01:14:23
2025 국립대한민국임시정부기념관 토크콘서트 (11월),국립대한민국임시정부기념관 B1 의정원홀,2025-11-15,2025-11-15,교육/체험,서대문구,https://culture.seoul.go.kr/culture/culture/cultureEvent/view.do?cultcode=155727&menuNo=200011,https://culture.seoul.go.kr/cmmn/file/getImage.do?atchFileId=15277ab8821044e0a5f1fe9adc615748&thumb=Y,서울시 문화행사,,,,2026-08-23 01:14:23
"[서소문성지 역사박물관] 2025 가을곁에, 서소문: 가장 아름다운 노래",서소문성지 역사박물관 B3 콘솔레이션 홀,2025-11-15,2025-11-15,콘서트,중구,https://culture.seoul.go.kr/culture/culture/cultureEvent/view.do?cultcode=155475&menuNo=200008,https://culture.seoul.go.kr/cmmn/file/getImage.do?atchFileId=6119b6d094b741229a3e43c8ccceaedb&thumb=Y,서울시 문화행사,,,,2026-08-23 01:14:23
[서울역사박물관] 제3회 재능나눔콘서트 개최 [그날의 함성이 음악으로],서울역사박물관 1층 로비,2025-11-15,2025-11-15,콘서트,종로구,https://culture.seoul.go.kr/culture/culture/cultureEvent/view.do?cultcode=155813&menuNo=200008,https://culture.seoul.go.kr/cmmn/file/getImage.do?atchFileId=b24b1d47b14a4ee88a2bea8f37ceea62&thumb=Y,서울시 문화행사,,,,2026-08-23 01:14:23
[강북문화재단] 위대한 클래식 작곡가들 [멘델스존 & 차이콥스키 with 마레 콰르텟],강북문화예술회관 강북소나무홀,2025-11-15,2025-11-15,클래식,강북구,https://culture.seoul.go.kr/culture/culture/cultureEvent/view.do?cultcode=155484&menuNo=200008,https://culture.seoul.go.kr/cmmn/file/getImage.do?atchFileId=042781af0bd3435ca4f85f1cd6d260f1&thumb=Y,서울시 문화행사,,0.001818,17,2026-08-23 01:14:23
"[구립증산정보도서관] 파쳄작은도서관과 함께 하는 [책이랑 놀자, 이렇게!] 11월편",파쳄작은도서관,2025-11-15,2025-11-15,교육/체험,은평구,https://culture.seoul.go.kr/culture/culture/cultureEvent/view.do?cultcode=155897&menuNo=200011,https://culture.seoul.go.kr/cmmn/file/getImage.do?atchFileId=1de6f655f0cd41ff95fb5d8d52872439&thumb=Y,서울시 문화행사,,,,2026-08-23 01:14:23
2025 배봉산정원 가족축제,배봉산근린공원 열린광장,2025-11-15,2025-11-15,축제-문화/예술,동대문구,https://culture.seoul.go.kr/culture/culture/cultureEvent/view.do?cultcode=155787&menuNo=200010,https://culture.seoul.go.kr/cmmn/file/getImage.do?atchFileId=600c649aaa8742ea8fff56b27c9fd5a5&thumb=Y,서울시 문화행사,,,,2026-08-23 01:14:23
다니엘 린데만의 고택클럽,클래식고택 디토 (필운대로 35-16),2025-11-15,2025-11-15,콘서트,종로구,https://culture.seoul.go.kr/culture/culture/cultureEvent/view.do?cultcode=155786&menuNo=200008,https://culture.seoul.go.kr/cmmn/file/getImage.do?atchFileId=986d3907326047109660158f1cafd316&thumb=Y,서울시 문화행사,,,,2026-08-23 01:14:23
"문예북흥 No.46 이병률 - 길 위의 시인 이병률이 속삭인다. 「좋아서 그래」 사람과 사랑과 그사이의 예술과 외로움이, 센강을 흐르는 시간과 인생처럼 묵혀둔 와인이.",이호철북콘서트홀,2025-11-15,2025-11-15,교육/체험,은평구,https://culture.seoul.go.kr/culture/culture/cultureEvent/view.do?cultcode=155768&menuNo=200011,https://culture.seoul.go.kr/cmmn/file/getImage.do?atchFileId=b11ed47d58f246128a7f4d90afac65b1&thumb=Y,서울시 문화행사,,0.013049,36,2026-08-23 01:14:23
"[마포구립서강도서관] 더북데이 가치있는 나, 진짜 나를 만나다 [유경, 배윤슬 작가 세대공감 북토크]", 홍대 레드로드 R1,2025-11-15,2025-11-15,교육/체험,마포구,https://culture.seoul.go.kr/culture/culture/cultureEvent/view.do?cultcode=155767&menuNo=200011,https://culture.seoul.go.kr/cmmn/file/getImage.do?atchFileId=29b4c66a576548acb2339f9db534aa47&thumb=Y,서울시 문화행사,,,,2026-08-23 01:14:23
[강남문화재단] 11월 키즈예술공연 [발레 갈라 콘서트 - 클래식 발레 갈라 여행],강남구민회관,2025-11-15,2025-11-15,클래식,강남구,https://culture.seoul.go.kr/culture/culture/cultureEvent/view.do?cultcode=155944&menuNo=200008,https://culture.seoul.go.kr/cmmn/file/getImage.do?atchFileId=4119f16edacc4f91b2a23319be30eae8&thumb=Y,서울시 문화행사,,,,2026-08-23 01:14:23
이유림의 가야금 [가즌회상],서울돈화문국악당,2025-11-15,2025-11-15,국악,종로구,https://culture.seoul.go.kr/culture/culture/cultureEvent/view.do?cultcode=155748&menuNo=200008,https://culture.seoul.go.kr/cmmn/file/getImage.do?atchFileId=f75f551ef5394c3090d5ee196d03a595&thumb=Y,서울시 문화행사,,0.009687,34,2026-08-23 01:14:23
"[서울문화예술교육센터 용산] 다정한 아트라운지 [음악의 마지막 페이지, 재즈 콘서트 에필로그(Epilogue)]",서울문화예술교육센터 용산 업무동 1층 아트라운지,2025-11-15,2025-11-15,콘서트,용산구,https://culture.seoul.go.kr/culture/culture/cultureEvent/view.do?cultcode=155688&menuNo=200008,https://culture.seoul.go.kr/cmmn/file/getImage.do?atchFileId=876e5318d63f4a778ba9be77fd4317e4&thumb=Y,서울시 문화행사,,,,2026-08-23 01:14:23
[서울우리소리박물관] 6주년 기념 [민요프로젝트Ⅳ : 내일의 소리를 찾아서],서울우리소리박물관,2025-11-15,2025-11-15,국악,종로구,https://culture.seoul.go.kr/culture/culture/cultureEvent/view.do?cultcode=155918&menuNo=200008,https://culture.seoul.go.kr/cmmn/file/getImage.do?atchFileId=f03a72ad5c8944ada5ca8d864d8c3356&thumb=Y,서울시 문화행사,,,,2026-08-23 01:14:23
2025 세대같이 한마당,동덕여자대학교 백주년기념관(서울 성북구 화랑로 13길 60),2025-11-15,2025-11-15,축제-시민화합,성북구,https://culture.seoul.go.kr/culture/culture/cultureEvent/view.do?cultcode=155736&menuNo=200010,https://culture.seoul.go.kr/cmmn/file/getImage.do?atchFileId=0bb37d11321342a4b34253d8d02acd31&thumb=Y,서울시 문화행사,,,,2026-08-23 01:14:23
[서울생활사박물관] 임신과 출생 문화를 다룬 특별전 [아가 마중],서울생활사박물관 기획전시실,2025-11-14,2026-03-29,전시/미술,노원구,https://culture.seoul.go.kr/culture/culture/cultureEvent/view.do?cultcode=155930&menuNo=200009,https://culture.seoul.go.kr/cmmn/file/getImage.do?atchFileId=0d5cee5993b84c0ea09f5a00308cde07&thumb=Y,서울시 문화행사,,,,2026-08-23 01:14:23
"[국립중앙박물관] 인상주의에서 초기 모더니즘까지, 빛을 수집한 사람들 - 메트로폴리탄박물관 소장 로버트 리먼 컬렉션",국립중앙박물관 특별전시실1,2025-11-14,2026-03-15,전시/미술,용산구,https://culture.seoul.go.kr/culture/culture/cultureEvent/view.do?cultcode=156366&menuNo=200009,https://culture.seoul.go.kr/cmmn/file/getImage.do?atchFileId=99a58080bb604839b4349ec34ced523a&thumb=Y,서울시 문화행사,,,,2026-08-23 01:14:23
[노들섬] 2025 노들윈터페스타 [녹지 않는 눈사람],노들섬 일대,2025-11-14,2025-12-30,축제-기타,용산구,https://culture.seoul.go.kr/culture/culture/cultureEvent/view.do?cultcode=155935&menuNo=200010,https://culture.seoul.go.kr/cmmn/file/getImage.do?atchFileId=dff9d5e3433d47db8b598136d318970b&thumb=Y,서울시 문화행사,,,,2026-08-23 01:14:23
[소마미술관] Into Drawing 52 지나손 개인전 : Displaced 변위,소마미술관 1관 5전시실,2025-11-14,2025-12-21,전시/미술,송파구,https://culture.seoul.go.kr/culture/culture/cultureEvent/view.do?cultcode=155821&menuNo=200009,https://culture.seoul.go.kr/cmmn/file/getImage.do?atchFileId=60f6e9fc6a43426da203115abe12cd33&thumb=Y,서울시 문화행사,,,,2026-08-23 01:14:23
[한솥아트스페이스] 정화백 온기의 순간 : A  Moment of Warmth,한솥아트스페이스 (서울시 강남구 압구정로 459 B1F),2025-11-14,2025-12-13,전시/미술,강남구,https://culture.seoul.go.kr/culture/culture/cultureEvent/view.do?cultcode=155876&menuNo=200009,https://culture.seoul.go.kr/cmmn/file/getImage.do?atchFileId=362ad1e6354a46f682a2d827cf36c9a7&thumb=Y,서울시 문화행사,,,,2026-08-23 01:14:23
[종로문화재단] 2025 무계원 협력전시 [19/21 paika 10th exhibition],"무계원 안채, 별채 (서울시 종로구 창의문로 5가길 2)",2025-11-14,2025-11-30,전시/미술,종로구,https://culture.seoul.go.kr/culture/culture/cultureEvent/view.do?cultcode=156013&menuNo=200009,https://culture.seoul.go.kr/cmmn/file/getImage.do?atchFileId=352bcfc5e34745f9973b77ef77996075&thumb=Y,서울시 문화행사,,,,2026-08-23 01:14:23
[서울공예박물관] Open Studio : 조물조물 캔들공예_11월,전시3동 1층 교육실,2025-11-14,2025-11-21,교육/체험,종로구,https://culture.seoul.go.kr/culture/culture/cultureEvent/view.do?cultcode=155896&menuNo=200011,https://culture.seoul.go.kr/cmmn/file/getImage.do?atchFileId=a4111c201fc6424c83ab5824da78bb5a&thumb=Y,서울시 문화행사,,,,2026-08-23 01:14:23
[송파문화재단] 송파공간x예술인 연대프로젝트: 듀엣쏭 프로그램,"갤러리 화이트다이아몬드, 카페 비트윈, 디에스티클럽",2025-11-14,2025-11-16,축제-문화/예술,송파구,https://culture.seoul.go.kr/culture/culture/cultureEvent/view.do?cultcode=155844&menuNo=200010,https://culture.seoul.go.kr/cmmn/file/getImage.do?atchFileId=363094e91f974670a2342aa6fd7c4299&thumb=Y,서울시 문화행사,,,,2026-08-23 01:14:23
제17회 언리미티드 에디션 - 서울아트북페어 2025,서울시립 북서울미술관,2025-11-14,2025-11-16,축제-문화/예술,노원구,https://culture.seoul.go.kr/culture/culture/cultureEvent/view.do?cultcode=155811&menuNo=200010,https://culture.seoul.go.kr/cmmn/file/getImage.do?atchFileId=7d3a1314f4384c2f9cbf7470a971a8db&thumb=Y,서울시 문화행사,,,,2026-08-23 01:14:23
[관악문화재단] 관악 레코드페어,관악아트홀 전시실,2025-11-14,2025-11-16,축제-문화/예술,관악구,https://culture.seoul.go.kr/culture/culture/cultureEvent/view.do?cultcode=155850&menuNo=200010,https://culture.seoul.go.kr/cmmn/file/getImage.do?atchFileId=3764fc053a0342de9f1e9d29056fd879&thumb=Y,서울시 문화행사,,,,2026-08-23 01:14:23
[성동문화재단] 뮤지컬 [첫눈이 올 때 실연을 끝내자],성수아트홀,2025-11-14,2025-11-16,뮤지컬/오페라,성동구,https://culture.seoul.go.kr/culture/culture/cultureEvent/view.do?cultcode=155769&menuNo=200008,https://culture.seoul.go.kr/cmmn/file/getImage.do?atchFileId=f4521bb55bbe4f31aadfd6600a4fc308&thumb=Y,서울시 문화행사,,0.033892,46,2026-08-23 01:14:23
제주성주풀이 [새집 지어 오람구나],노무현시민센터 다목적홀 가치하다,2025-11-14,2025-11-15,국악,종로구,https://culture.seoul.go.kr/culture/culture/cultureEvent/view.do?cultcode=155865&menuNo=200008,https://culture.seoul.go.kr/cmmn/file/getImage.do?atchFileId=47386c28a6dc4e109acb5eb46a34bb02&thumb=Y,서울시 문화행사,,,,2026-08-23 01:14:23
[마포문화재단] 제10회 M 클래식 축제 [낭만의 중심에서],마포아트센터 플레이맥,2025-11-14,2025-11-14,클래식,마포구,https://culture.seoul.go.kr/culture/culture/cultureEvent/view.do?cultcode=154790&menuNo=200008,https://culture.seoul.go.kr/cmmn/file/getImage.do?atchFileId=cc3d1258e0be4314b61ae3e5fb35fc26&thumb=Y,서울시 문화행사,,0.001089,12,2026-08-23 01:14:23
"[운현궁] 2025 별 헤는 밤, 운현궁 [11월]",운현궁 일원,2025-11-14,2025-11-14,교육/체험,종로구,https://culture.seoul.go.kr/culture/culture/cultureEvent/view.do?cultcode=155712&menuNo=200011,https://culture.seoul.go.kr/cmmn/file/getImage.do?atchFileId=c9c7baf13ed54742a0ceca7b1e8f4da5&thumb=Y,서울시 문화행사,,,,2026-08-23 01:14:23
[서초문화재단] 서리풀 어울림 콘서트 : 바리톤 김봉중 토크 콘서트,심산기념문화센터 2층 반포심산아트홀,2025-11-14,2025-11-14,클래식,서초구,https://culture.seoul.go.kr/culture/culture/cultureEvent/view.do?cultcode=155828&menuNo=200008,https://culture.seoul.go.kr/cmmn/file/getImage.do?atchFileId=c31a3dad14e24dcb9671fdfa18aa5288&thumb=Y,서울시 문화행사,,,,2026-08-23 01:14:23
[서울생활문화센터 서교] 2025 서교청년예술창작스파크 참가작 [얼레벌레 - 월간운석발굴모임],"서울생활문화센터 서교, 서교 스퀘어",2025-11-14,2025-11-14,연극,마포구,https://culture.seoul.go.kr/culture/culture/cultureEvent/view.do?cultcode=155656&menuNo=200008,https://culture.seoul.go.kr/cmmn/file/getImage.do?atchFileId=1392f3cd3349489e94de269005cb3233&thumb=Y,서울시 문화행사,,,,2026-08-23 01:14:23
"[중구문화재단] 2025 중구구립합창단 정기연주회 [가을, 그 바람에 실린 울림]",충무아트센터 대극장,2025-11-14,2025-11-14,콘서트,중구,https://culture.seoul.go.kr/culture/culture/cultureEvent/view.do?cultcode=155807&menuNo=200008,https://culture.seoul.go.kr/cmmn/file/getImage.do?atchFileId=82ef6c1073d04f91ae0a540dd4d44109&thumb=Y,서울시 문화행사,,0.068295,53,2026-08-23 01:14:23
[서울 문화의 밤] 11월 방구석 북토크 - AI시대 인간의 경쟁력(강창래),서울도서관 1층 생각마루,2025-11-14,2025-11-14,교육/체험,중구,https://culture.seoul.go.kr/culture/culture/cultureEvent/view.do?cultcode=155719&menuNo=200011,https://culture.seoul.go.kr/cmmn/file/getImage.do?atchFileId=6da761eba2674c9aaf1f109bda5ab20c&thumb=Y,서울시 문화행사,,,,2026-08-23 01:14:23
2025 서울관광 ON Festa,서울 남산 팔각 광장,2025-11-14,2025-11-14,축제-문화/예술,중구,https://culture.seoul.go.kr/culture/culture/cultureEvent/view.do?cultcode=155870&menuNo=200010,https://culture.seoul.go.kr/cmmn/file/getImage.do?atchFileId=d407e065762f4145a6ae4c06c4771170&thumb=Y,서울시 문화행사,,,,2026-08-23 01:14:23
[서울공예박물관] 11월 큐레이터와 함께 하는 특별기획전 해설,서울공예박물관 3층 기획전시실,2025-11-14,2025-11-14,전시/미술,종로구,https://culture.seoul.go.kr/culture/culture/cultureEvent/view.do?cultcode=155657&menuNo=200009,https://culture.seoul.go.kr/cmmn/file/getImage.do?atchFileId=d1d0dc77696e4af09819dd535a73fa9d&thumb=Y,서울시 문화행사,,,,2026-08-23 01:14:23
[청계천박물관] 11월 14일 유아가족교육 [궁금이의 그림책 박물관],청계천박물관 지하1층 교육실,2025-11-14,2025-11-14,교육/체험,성동구,https://culture.seoul.go.kr/culture/culture/cultureEvent/view.do?cultcode=155666&menuNo=200011,https://culture.seoul.go.kr/cmmn/file/getImage.do?atchFileId=6b68980f874e4563980553aa34eed43f&thumb=Y,서울시 문화행사,,,,2026-08-23 01:14:23
[서울백제어린이박물관] 서울역사생태탐험대4 ,"서울백제어린이박물관 교육실(전시실, 다목적실)",2025-11-13,2025-12-11,교육/체험,송파구,https://culture.seoul.go.kr/culture/culture/cultureEvent/view.do?cultcode=155535&menuNo=200011,https://culture.seoul.go.kr/cmmn/file/getImage.do?atchFileId=96ac3f5f2cc7459a8818dfe6b9788e24&thumb=Y,서울시 문화행사,,,,2026-08-23 01:14:23
[갤러리플레닛] 홍세진 개인전 [공명하는 그리드  Grid in Resonance],"갤러리 플래닛 (서울시 강남구 압구정로 71길 14,2층)",2025-11-13,2025-12-05,전시/미술,강남구,https://culture.seoul.go.kr/culture/culture/cultureEvent/view.do?cultcode=155878&menuNo=200009,https://culture.seoul.go.kr/cmmn/file/getImage.do?atchFileId=bf26737468bf4ae293c76f41e132ff1d&thumb=Y,서울시 문화행사,,,,2026-08-23 01:14:23
배경욱 개인전 [나는 물을 좋아하고 말았다],이스랏아트룸,2025-11-13,2025-11-27,전시/미술,서초구,https://culture.seoul.go.kr/culture/culture/cultureEvent/view.do?cultcode=155847&menuNo=200009,https://culture.seoul.go.kr/cmmn/file/getImage.do?atchFileId=d0622294706b4b668973257a980c6590&thumb=Y,서울시 문화행사,,,,2026-08-23 01:14:23
[세종문화회관] 25세종시즌 G. Verdi Aida 아이다,세종대극장,2025-11-13,2025-11-16,뮤지컬/오페라,종로구,https://culture.seoul.go.kr/culture/culture/cultureEvent/view.do?cultcode=155551&menuNo=200008,https://culture.seoul.go.kr/cmmn/file/getImage.do?atchFileId=fe2b6a6679434ee0ba33a96b2577a0cf&thumb=Y,서울시 문화행사,,0.002366,20,2026-08-23 01:14:23
[서울문화재단] 2025 OPEN:LAB THEATER [멜라닌],서울연극창작센터 서울씨어터 제로,2025-11-13,2025-11-15,연극,성북구,https://culture.seoul.go.kr/culture/culture/cultureEvent/view.do?cultcode=155754&menuNo=200008,https://culture.seoul.go.kr/cmmn/file/getImage.do?atchFileId=3378981313c5405a9c21457fd5c9e430&thumb=Y,서울시 문화행사,,,,2026-08-23 01:14:23
[서울남산국악당] 2025 남산컨템포러리 - 차진엽×심은용×권송희 [Roots Hz 뿌리의 주파수],서울남산국악당 크라운해태홀,2025-11-13,2025-11-14,국악,중구,https://culture.seoul.go.kr/culture/culture/cultureEvent/view.do?cultcode=155713&menuNo=200008,https://culture.seoul.go.kr/cmmn/file/getImage.do?atchFileId=0d66674005064c659a3bff0ca91467d7&thumb=Y,서울시 문화행사,,0.000498,5,2026-08-23 01:14:23
[성동문화재단] 2025 성동별곡 [골목 바이브] 9회차 공연,빈플래토,2025-11-13,2025-11-13,콘서트,성동구,https://culture.seoul.go.kr/culture/culture/cultureEvent/view.do?cultcode=155507&menuNo=200008,https://culture.seoul.go.kr/cmmn/file/getImage.do?atchFileId=0494033f7c0c48e895948fae2de04e8d&thumb=Y,서울시 문화행사,,0.001444,15,2026-08-23 01:14:23
[용산구] 재즈로 듣는 [사운드 오브 뮤직],용산아트홀 대극장 미르,2025-11-13,2025-11-13,콘서트,용산구,https://culture.seoul.go.kr/culture/culture/cultureEvent/view.do?cultcode=155794&menuNo=200008,https://culture.seoul.go.kr/cmmn/file/getImage.do?atchFileId=b296184c4b6a404eaad443487ec15425&thumb=Y,서울시 문화행사,,,,2026-08-23 01:14:23
[서울문화재단] STAND-UP 아카데미 [미술시장 트렌드 2026(강연자 : 변지애)],서울예술인지원센터 렉처룸(서울시 종로구 동숭길 122),2025-11-13,2025-11-13,교육/체험,종로구,https://culture.seoul.go.kr/culture/culture/cultureEvent/view.do?cultcode=155789&menuNo=200011,https://culture.seoul.go.kr/cmmn/file/getImage.do?atchFileId=f1b70f9e125a40cfad9ae2144bc18899&thumb=Y,서울시 문화행사,,,,2026-08-23 01:14:23
성휘경 [용선가: Ludens] - 수림뉴웨이브2025,김희수아트센터SPACE1,2025-11-13,2025-11-13,국악,동대문구,https://culture.seoul.go.kr/culture/culture/cultureEvent/view.do?cultcode=155815&menuNo=200008,https://culture.seoul.go.kr/cmmn/file/getImage.do?atchFileId=5bbf1bc7029346c1a218605a9d95ecf3&thumb=Y,서울시 문화행사,,0.000311,0,2026-08-23 01:14:23
양혜순 비올라 독주회,세종문화회관 체임버홀,2025-11-13,2025-11-13,클래식,종로구,https://culture.seoul.go.kr/culture/culture/cultureEvent/view.do?cultcode=155704&menuNo=200008,https://culture.seoul.go.kr/cmmn/file/getImage.do?atchFileId=781a0485dc31417095143a631ee1d1d3&thumb=Y,서울시 문화행사,,0.010036,34,2026-08-23 01:14:23
2025 서울시립 난지미술창작스튜디오 국제 컨퍼런스 [모아-짓기],"서울시립 난지미술창작스튜디오 1층 전시실1, 2",2025-11-13,2025-11-13,교육/체험,마포구,https://culture.seoul.go.kr/culture/culture/cultureEvent/view.do?cultcode=155827&menuNo=200011,https://culture.seoul.go.kr/cmmn/file/getImage.do?atchFileId=0cc0f42e85844cd9b1ceffea06cef0f3&thumb=Y,서울시 문화행사,,,,2026-08-23 01:14:23
[서초문화재단] 서리풀 재즈페스타 [Timeless Love Notes],심산기념문화센터 2층 반포심산아트홀,2025-11-13,2025-11-13,클래식,서초구,https://culture.seoul.go.kr/culture/culture/cultureEvent/view.do?cultcode=155826&menuNo=200008,https://culture.seoul.go.kr/cmmn/file/getImage.do?atchFileId=833eb4f17ae2411d84501da799ad5c92&thumb=Y,서울시 문화행사,,,,2026-08-23 01:14:23
VIVA부부합창단 제6회 정기연주회 [어둠에서 빛으로],압구정동 광림아트센터,2025-11-13,2025-11-13,콘서트,강남구,https://culture.seoul.go.kr/culture/culture/cultureEvent/view.do?cultcode=155716&menuNo=200008,https://culture.seoul.go.kr/cmmn/file/getImage.do?atchFileId=89a65598360e4db9a20a53a83e0e7b4e&thumb=Y,서울시 문화행사,,,,2026-08-23 01:14:23
[서울디자인재단] 198X,DDP 뮤지엄 3층 둘레길갤러리,2025-11-12,2025-12-07,전시/미술,동대문구,https://culture.seoul.go.kr/culture/culture/cultureEvent/view.do?cultcode=155892&menuNo=200009,https://culture.seoul.go.kr/cmmn/file/getImage.do?atchFileId=1789552afd3646938097a82d1aa25059&thumb=Y,서울시 문화행사,,,,2026-08-23 01:14:23
[서울시립미술관 서소문본관] 2025 모두를 위한 예술 프로그램 [초대장],서울시립미술관 서소문본관 3층 세마엘,2025-11-12,2025-11-28,영화,중구,https://culture.seoul.go.kr/culture/culture/cultureEvent/view.do?cultcode=155837&menuNo=200013,https://culture.seoul.go.kr/cmmn/file/getImage.do?atchFileId=1b2ee1c2382f4d1c87d011ce3f20eaf5&thumb=Y,서울시 문화행사,,,,2026-08-23 01:14:23
[갤러리 인덱스] 회화와 사진- 노영실:김광식 부부 동행전,갤러리 인덱스,2025-11-12,2025-11-24,전시/미술,종로구,https://culture.seoul.go.kr/culture/culture/cultureEvent/view.do?cultcode=155898&menuNo=200009,https://culture.seoul.go.kr/cmmn/file/getImage.do?atchFileId=229d3aee4f6c403a8bd40c48b25c1673&thumb=Y,서울시 문화행사,,0.00084,10,2026-08-23 01:14:23
[마포문화재단] 제10회 M 클래식 축제 로맨틱 리사이틀 #4. [소프라노 임선혜],마포아트센터 아트홀맥,2025-11-12,2025-11-12,클래식,마포구,https://culture.seoul.go.kr/culture/culture/cultureEvent/view.do?cultcode=154480&menuNo=200008,https://culture.seoul.go.kr/cmmn/file/getImage.do?atchFileId=e9024ec395564021a50cfef589484967&thumb=Y,서울시 문화행사,,0.055695,51,2026-08-23 01:14:23
2025 모두예술주간 [장애인문화예술 동아시아 포럼],모두예술극장 공연장,2025-11-12,2025-11-12,기타,서대문구,https://culture.seoul.go.kr/culture/culture/cultureEvent/view.do?cultcode=155750&menuNo=200013,https://culture.seoul.go.kr/cmmn/file/getImage.do?atchFileId=ad0d2fa618da4d468320d91b02bcf397&thumb=Y,서울시 문화행사,,,,2026-08-23 01:14:23
[양천중앙도서관] 11월_삶과 죽음 그 경계에서의 우리 몸(응급의학과 의사 남궁인),양천중앙도서관 지하1층 중앙홀,2025-11-12,2025-11-12,교육/체험,양천구,https://culture.seoul.go.kr/culture/culture/cultureEvent/view.do?cultcode=155423&menuNo=200011,https://culture.seoul.go.kr/cmmn/file/getImage.do?atchFileId=87415cab8c3644b38d0f02f9d05208a7&thumb=Y,서울시 문화행사,,,,2026-08-23 01:14:23
DDP 브랜드 포럼 : 변화의 순간을 말하다,DDP 디자인랩 3층 디자인홀,2025-11-12,2025-11-12,교육/체험,중구,https://culture.seoul.go.kr/culture/culture/cultureEvent/view.do?cultcode=155742&menuNo=200011,https://culture.seoul.go.kr/cmmn/file/getImage.do?atchFileId=6c411216a1a745bbafe4cf6702806313&thumb=Y,서울시 문화행사,,,,2026-08-23 01:14:23
[서울상상나라] 통-하다,서울상상나라 1층 상설전시실,2025-11-11,2026-11-11,전시/미술,광진구,https://culture.seoul.go.kr/culture/culture/cultureEvent/view.do?cultcode=155891&menuNo=200009,https://culture.seoul.go.kr/cmmn/file/getImage.do?atchFileId=43c7d50c4bcf488982db4ed5e5d6a2a9&thumb=Y,서울시 문화행사,,,,2026-08-23 01:14:23
[서울역사박물관] 2025 보존과학 성과전: 도선사 석 삼존불상,서울역사박물관 상설전시 1존 작은 전시실,2025-11-11,2026-03-01,전시/미술,종로구,https://culture.seoul.go.kr/culture/culture/cultureEvent/view.do?cultcode=155993&menuNo=200009,https://culture.seoul.go.kr/cmmn/file/getImage.do?atchFileId=93d45f98b25f4918ab77f1e0b67151aa&thumb=Y,서울시 문화행사,,,,2026-08-23 01:14:23
[중구문화재단] 뮤지컬 [비하인드 더 문(Behind the Moon)],충무아트센터,2025-11-11,2026-02-08,뮤지컬/오페라,중구,https://culture.seoul.go.kr/culture/culture/cultureEvent/view.do?cultcode=155805&menuNo=200008,https://culture.seoul.go.kr/cmmn/file/getImage.do?atchFileId=52846ee76d114957b911550fb72cddae&thumb=Y,서울시 문화행사,,0.389364,70,2026-08-23 01:14:23
[서울식물원] 난초와 포인세티아가 선사하는 겨울정원 [윈터 가든],서울식물원 전시온실,2025-11-11,2026-01-25,전시/미술,강서구,https://culture.seoul.go.kr/culture/culture/cultureEvent/view.do?cultcode=155938&menuNo=200009,https://culture.seoul.go.kr/cmmn/file/getImage.do?atchFileId=331bbac92d494732b587ce1a8d33e724&thumb=Y,서울시 문화행사,,,,2026-08-23 01:14:23
"[국립중앙도서관] 해방의 소리, AI로 담다",국립중앙도서관 디지털도서관 B3층 작은전시실,2025-11-11,2025-12-31,전시/미술,서초구,https://culture.seoul.go.kr/culture/culture/cultureEvent/view.do?cultcode=155903&menuNo=200009,https://culture.seoul.go.kr/cmmn/file/getImage.do?atchFileId=93a0e03abea241c1a9f7ca1ab6d11a49&thumb=Y,서울시 문화행사,,,,2026-08-23 01:14:23
[동작문화재단] 2025 까망돌어울마당 아트홀 정기 기획공연 [까망돌 칸타빌레],까망돌어울마당 아트홀 (까망돌 도서관 지하1층),2025-11-11,2025-12-10,콘서트,동작구,https://culture.seoul.go.kr/culture/culture/cultureEvent/view.do?cultcode=155984&menuNo=200008,https://culture.seoul.go.kr/cmmn/file/getImage.do?atchFileId=5e16a2dd73444fef9e7eb140d2243d4e&thumb=Y,서울시 문화행사,,,,2026-08-23 01:14:23
[서울기록원] 성인대상 강연프로그램 [기록을 바라보는 여섯 개의 시선6] 나의 기록시간 [일상 기록 체험],서울기록원 3층 교육실,2025-11-11,2025-11-28,교육/체험,은평구,https://culture.seoul.go.kr/culture/culture/cultureEvent/view.do?cultcode=155886&menuNo=200011,https://culture.seoul.go.kr/cmmn/file/getImage.do?atchFileId=2d7bd53890554dc099f14e4c72a87492&thumb=Y,서울시 문화행사,,,,2026-08-23 01:14:23
미림아트갤러리 [공간감각] 박현준 개인전,"미림아트 3층 미림아트갤러리(인사동길11-1, 3F)",2025-11-11,2025-11-17,전시/미술,종로구,https://culture.seoul.go.kr/culture/culture/cultureEvent/view.do?cultcode=155836&menuNo=200009,https://culture.seoul.go.kr/cmmn/file/getImage.do?atchFileId=0509861ca1f5424eb6250432156de4e3&thumb=Y,서울시 문화행사,,,,2026-08-23 01:14:23
2025 아트코리아랩 페스티벌,"아트코리아랩 B1층, 6층, 16-17층",2025-11-11,2025-11-14,전시/미술,종로구,https://culture.seoul.go.kr/culture/culture/cultureEvent/view.do?cultcode=155773&menuNo=200009,https://culture.seoul.go.kr/cmmn/file/getImage.do?atchFileId=c2b1cb1439104f8e8a2487c504f73626&thumb=Y,서울시 문화행사,,,,2026-08-23 01:14:23
"[서울문화예술교육센터 은평] 원데이 클래스 11월 [당신의 움직임을 예술로, 메디컬 바레]",서울문화예술교육센터 은평 3층 댄스스튜디오1,2025-11-11,2025-11-11,영화,은평구,https://culture.seoul.go.kr/culture/culture/cultureEvent/view.do?cultcode=155788&menuNo=200013,https://culture.seoul.go.kr/cmmn/file/getImage.do?atchFileId=19e8a7f5bf5447159a9cc01f01481145&thumb=Y,서울시 문화행사,,,,2026-08-23 01:14:23
[마포문화재단] 제10회 M 클래식 축제 로맨틱 리사이틀 #3. [피아니스트 백혜선],마포아트센터 아트홀맥,2025-11-11,2025-11-11,클래식,마포구,https://culture.seoul.go.kr/culture/culture/cultureEvent/view.do?cultcode=154478&menuNo=200008,https://culture.seoul.go.kr/cmmn/file/getImage.do?atchFileId=efad9e8aad6b4fa3b44369a8747869c5&thumb=Y,서울시 문화행사,,0.055695,51,2026-08-23 01:14:23
[구립증산정보도서관] 부모교육 특강 자녀를 위한 영어 독서 코칭Ⅰ[도서관과 함께하는 스마트한 영어교육법],온라인 줌,2025-11-11,2025-11-11,교육/체험,은평구,https://culture.seoul.go.kr/culture/culture/cultureEvent/view.do?cultcode=155776&menuNo=200011,https://culture.seoul.go.kr/cmmn/file/getImage.do?atchFileId=98cd6d2405754ad0887f11fa82a6c2f3&thumb=Y,서울시 문화행사,,,,2026-08-23 01:14:23
[서울시립미술관 서소문본관] 2025년 서울시립미술관 미술아카데미 학교 연계 프로그램,온라인 교육,2025-11-10,2025-12-12,교육/체험,중구,https://culture.seoul.go.kr/culture/culture/cultureEvent/view.do?cultcode=155734&menuNo=200011,https://culture.seoul.go.kr/cmmn/file/getImage.do?atchFileId=eec7d5b5716e4aae80c9e2780df448a7&thumb=Y,서울시 문화행사,,,,2026-08-23 01:14:23
[성동문화재단] 주한리스트헝가리문화원 협력전시  [헝가리 성탄극 사진전],소월전시실,2025-11-10,2025-12-05,전시/미술,성동구,https://culture.seoul.go.kr/culture/culture/cultureEvent/view.do?cultcode=155510&menuNo=200009,https://culture.seoul.go.kr/cmmn/file/getImage.do?atchFileId=8772513dc19a49b9b9268fb847b80143&thumb=Y,서울시 문화행사,,,,2026-08-23 01:14:23
[종로문화재단] 2025 창신소통공작소 오픈랩 세번째 공예 전시 [축적의 장면],창신소통공작소 (서울시 종로구 창신 6가길 47),2025-11-10,2025-11-23,전시/미술,종로구,https://culture.seoul.go.kr/culture/culture/cultureEvent/view.do?cultcode=156010&menuNo=200009,https://culture.seoul.go.kr/cmmn/file/getImage.do?atchFileId=20d1836f7dbc403b9bcdb73da295275e&thumb=Y,서울시 문화행사,,,,2026-08-23 01:14:23
사각사각 소곤소곤,국립현대미술관 서울 교육동 2층,2026-08-15,2026-10-25,전시,기획전시,https://www.mmca.go.kr/exhibitions/exhibitionsDetail.do?exhId=202608200002088,https://www.mmca.go.kr/upload/exhibition/2026/08/2026082110114709013104.png,MMCA,2026-08-15 ~ 2026-10-25,,,2026-08-23 01:14:23
이대원: 당신을 슬프게 하는 것은 하나도 없다,"국립현대미술관 덕수궁 1, 2, 3, 4전시실",2026-08-06,2026-11-08,전시,기획전시,https://www.mmca.go.kr/exhibitions/exhibitionsDetail.do?exhId=202601120002029,https://www.mmca.go.kr/upload/exhibition/2026/07/2026072810471587913920.gif,MMCA,2026-08-06 ~ 2026-11-08,,,2026-08-23 01:14:23
MMCA×LG OLED 시리즈 2026,"국립현대미술관 서울 지하1층, 서울박스",2026-07-31,2026-11-29,전시,기획전시,https://www.mmca.go.kr/exhibitions/exhibitionsDetail.do?exhId=202601060002028,https://www.mmca.go.kr/upload/exhibition/2026/06/2026061002041170016962.gif,MMCA,2026-07-31 ~ 2026-11-29,,,2026-08-23 01:14:23
올해의 작가상 2026,"국립현대미술관 서울 1층, 1전시실 / 지하1층, 2전시실",2026-07-24,2026-12-06,전시,기획전시,https://www.mmca.go.kr/exhibitions/exhibitionsDetail.do?exhId=202512310002018,https://www.mmca.go.kr/upload/exhibition/2026/05/2026052703455452614624.png,MMCA,2026-07-24 ~ 2026-12-06,,,2026-08-23 01:14:23
과천관 40주년 프로젝트: 빛의 상상들,"국립현대미술관 과천 2원형전시실, 3층회랑 브릿지, 로비, 조각공원, 대강당 등 과천관 내 외부 전역 및 SNS플랫폼 등",2026-07-10,2027-10-31,전시,기획전시,https://www.mmca.go.kr/exhibitions/exhibitionsDetail.do?exhId=202601060002026,https://www.mmca.go.kr/upload/exhibition/2026/07/2026070309414020012054.png,MMCA,2026-07-10 ~ 2027-10-31,,,2026-08-23 01:14:23
이것은 개념미술이 (아니)다,"국립현대미술관 서울 지하1층 6, 7전시실 / 1층 미술관마당",2026-06-19,2026-10-11,전시,기획전시,https://www.mmca.go.kr/exhibitions/exhibitionsDetail.do?exhId=202601060002027,https://www.mmca.go.kr/upload/exhibition/2026/05/2026051904102270419400.gif,MMCA,2026-06-19 ~ 2026-10-11,,,2026-08-23 01:14:23
로드 무비: 1945년 이후 한·일 미술,"국립현대미술관 과천 1층,  1, 2 전시실, 중앙홀 및 조각공원",2026-05-14,2026-09-27,전시,기획전시,https://www.mmca.go.kr/exhibitions/exhibitionsDetail.do?exhId=202408210001821,https://www.mmca.go.kr/upload/exhibition/2026/04/2026042908555524716419.gif,MMCA,2026-05-14 ~ 2026-09-27,,,2026-08-23 01:14:23
오~감각미술관,국립현대미술관 어린이미술관,2026-04-30,2027-02-21,전시,기획전시,https://www.mmca.go.kr/exhibitions/exhibitionsDetail.do?exhId=202603240002068,https://www.mmca.go.kr/upload/exhibition/2026/03/202603250437045881725.png,MMCA,2026-04-30 ~ 2027-02-21,,,2026-08-23 01:14:23
방혜자 - 천지에 마음의 빛 뿌리며 간다,"국립현대미술관 청주 5층, 기획전시실",2026-04-24,2026-09-27,전시,기획전시,https://www.mmca.go.kr/exhibitions/exhibitionsDetail.do?exhId=202601060002022,https://www.mmca.go.kr/upload/exhibition/2026/03/2026031704552119711784.png,MMCA,2026-04-24 ~ 2026-09-27,,,2026-08-23 01:14:23
MMCA 과천 상설전 «한국근현대미술 II»,"국립현대미술관 과천 2층, 3, 4 전시실",2026-04-22,2027-06-27,전시,상설전시,https://www.mmca.go.kr/exhibitions/exhibitionsDetail.do?exhId=202501060001885,https://www.mmca.go.kr/upload/exhibition/2026/04/2026042010563457812371.png,MMCA,2026-04-22 ~ 2027-06-27,,,2026-08-23 01:14:23
MMCA 과천 상설전 «한국근현대미술 I»,"국립현대미술관 과천 3층, 5, 6전시실",2026-04-22,2027-06-27,전시,상설전시,https://www.mmca.go.kr/exhibitions/exhibitionsDetail.do?exhId=202501060001884,https://www.mmca.go.kr/upload/exhibition/2026/04/202604201055291871388.png,MMCA,2026-04-22 ~ 2027-06-27,,,2026-08-23 01:14:23
그래도 해보던 날들,국립현대미술관 서울 MMCA 아이공간,2026-04-17,2027-02-28,전시,기획전시,https://www.mmca.go.kr/exhibitions/exhibitionsDetail.do?exhId=202603300002070,https://www.mmca.go.kr/upload/exhibition/2026/08/202608200316114211524.gif,MMCA,2026-04-17 ~ 2027-02-28,,,2026-08-23 01:14:23
MMCA 다원예술 2026: 탐정의 시간,"국립현대미술관 서울 지하1층, MMCA 다원공간",2026-04-01,2026-12-06,다원예술,다원예술,https://www.mmca.go.kr/exhibitions/exhibitionsDetail.do?exhId=202601060002024,https://www.mmca.go.kr/upload/exhibition/2026/02/2026022405253166716635.gif,MMCA,2026-04-01 ~ 2026-12-06,,,2026-08-23 01:14:23
MMCA 해외 명작: 수련과 샹들리에,"국립현대미술관 과천 1층, 1원형전시실",2025-10-02,2027-01-03,전시,상설전시,https://www.mmca.go.kr/exhibitions/exhibitionsDetail.do?exhId=202508210001995,https://www.mmca.go.kr/upload/exhibition/2025/09/2025090801003815116883.gif,MMCA,2025-10-02 ~ 2027-01-03,,,2026-08-23 01:14:23
미술은행 20주년 특별전 «돌아온 미래: 형태와 생각의 발현»,"국립현대미술관 청주 3층, 개방수장고",2025-08-08,2027-07-31,전시,기획전시,https://www.mmca.go.kr/exhibitions/exhibitionsDetail.do?exhId=202508060001987,https://www.mmca.go.kr/upload/exhibition/2025/08/2025080610534430517778.png,MMCA,2025-08-08 ~ 2027-07-31,,,2026-08-23 01:14:23
특별수장고: 국립현대미술관 드로잉·일본 현대 판화 소장품,"국립현대미술관 청주 4층, 특별수장고",2025-07-22,2026-12-31,전시,상설전시,https://www.mmca.go.kr/exhibitions/exhibitionsDetail.do?exhId=202507100001975,https://www.mmca.go.kr/upload/exhibition/2025/07/2025071003423383917280.png,MMCA,2025-07-22 ~ 2026-12-31,,,2026-08-23 01:14:23
개방 수장고 개편,국립현대미술관 청주 개방수장고,2020-12-03,2026-12-31,전시,상설전시,https://www.mmca.go.kr/exhibitions/exhibitionsDetail.do?exhId=202012030001338,https://www.mmca.go.kr/upload/exhibition/2021/07/2021072711383216619535.png,MMCA,2020-12-03 ~ 2026-12-31,,,2026-08-23 01:14:23
서울시립 서서울미술관 미디어 작가전 《김희천: 두더지들》,서울시립미술관,2026-08-20,2026-11-08,전시,미술,https://sema.seoul.go.kr/kr/whatson/exhibition/detail?exNo=1565012,,SeMA,2026-08-20 ~ 2026-11-08,,,2026-08-23 01:14:23
2026 타이틀 매치 《오인환 vs. 장서영: 휴먼 에러》,서울시립미술관,2026-08-13,2026-10-25,전시,미술,https://sema.seoul.go.kr/kr/whatson/exhibition/detail?exNo=1563285,,SeMA,2026-08-13 ~ 2026-10-25,,,2026-08-23 01:14:23
조숙진: 지나가는 자리,서울시립미술관,2026-07-29,2026-11-15,전시,미술,https://sema.seoul.go.kr/kr/whatson/exhibition/detail?exNo=1556711,,SeMA,2026-07-29 ~ 2026-11-15,,,2026-08-23 01:14:23
《마틴 파 We Are Martin Parr》,서울시립미술관,2026-07-16,2026-10-18,전시,미술,https://sema.seoul.go.kr/kr/whatson/exhibition/detail?exNo=1553791,,SeMA,2026-07-16 ~ 2026-10-18,,,2026-08-23 01:14:23
유휴공간 전시 《보편타당한 당신 ― 심이다은》,서울시립미술관,2026-06-25,2027-04-11,전시,미술,https://sema.seoul.go.kr/kr/whatson/exhibition/detail?exNo=1549929,,SeMA,2026-06-25 ~ 2027-04-11,,,2026-08-23 01:14:23
《권병준: 내 마음속에 너는》,서울시립미술관,2026-06-11,2027-05-16,전시,미술,https://sema.seoul.go.kr/kr/whatson/exhibition/detail?exNo=1538201,,SeMA,2026-06-11 ~ 2027-05-16,,,2026-08-23 01:14:23
2026년 한국 근대 거장전 《유영국: 산은 내 안에 있다》,서울시립미술관,2026-05-19,2026-10-25,전시,미술,https://sema.seoul.go.kr/kr/whatson/exhibition/detail?exNo=1529410,,SeMA,2026-05-19 ~ 2026-10-25,,,2026-08-23 01:14:23
난지미술창작스튜디오 20주년 기념전 《사랑의 기원》,서울시립미술관,2026-04-30,2026-09-06,전시,미술,https://sema.seoul.go.kr/kr/whatson/exhibition/detail?exNo=1523485,,SeMA,2026-04-30 ~ 2026-09-06,,,2026-08-23 01:14:23
2026 예술의전당 토월정통연극 <유리동물원>,CJ 토월극장,2026-10-17,2026-10-17,공연,클래식/오페라,https://www.sac.or.kr/site/main/show/show_view?SN=83392,,예술의전당,CJ 토월극장 2026.10.17(토)~11.22(일),,,2026-08-23 01:14:23
임동혁 X 오케스트라 디 오리지널 < 리부트: 라흐마니노프 >,콘서트홀,2026-11-10,2026-11-10,공연,클래식/오페라,https://www.sac.or.kr/site/main/show/show_view?SN=81768,,예술의전당,콘서트홀 2026.11.10(화) 19:30,,,2026-08-23 01:14:23
프랑스 메스 그랑테스트 국립 오케스트라 내한공연,콘서트홀,2026-09-16,2026-09-16,공연,클래식/오페라,https://www.sac.or.kr/site/main/show/show_view?SN=74772,,예술의전당,콘서트홀 2026.09.16(수) 19:30,,,2026-08-23 01:14:23
손민수 피아노 리사이틀 -바흐 평균율 1권 음반발매기념,콘서트홀,2026-10-27,2026-10-27,공연,클래식/오페라,https://www.sac.or.kr/site/main/show/show_view?SN=74672,,예술의전당,콘서트홀 2026.10.27(화) 19:30,,,2026-08-23 01:14:23
와일드스미스 그림책 원화展,서울서예박물관,2026-07-07,2026-07-07,공연,클래식/오페라,https://www.sac.or.kr/site/main/show/show_view?SN=78112,,예술의전당,서울서예박물관 2026.07.07(화)~10.16(금),,,2026-08-23 01:14:23
베토벤 교향곡 x 두 대의 피아노 #2,IBK기업은행챔버홀,2026-08-28,2026-08-28,공연,클래식/오페라,https://www.sac.or.kr/site/main/show/show_view?SN=81157,,예술의전당,IBK기업은행챔버홀 2026.08.28(금) 19:30,,,2026-08-23 01:14:23
피아니스트 임동혁과 함께하는 차이코프스키,콘서트홀,2026-10-22,2026-10-22,공연,클래식/오페라,https://www.sac.or.kr/site/main/show/show_view?SN=84095,,예술의전당,콘서트홀 2026.10.22(목) 19:30,,,2026-08-23 01:14:23
페르난도 보테로: 형태의 미학,한가람디자인미술관,2026-04-24,2026-04-24,공연,클래식/오페라,https://www.sac.or.kr/site/main/show/show_view?SN=76470,,예술의전당,한가람디자인미술관 2026.04.24(금)~08.30(일),,,2026-08-23 01:14:23
이완 - 나는 쓴다,서울서예박물관,2026-07-17,2026-09-27,공연,클래식/오페라,https://www.sac.or.kr/site/main/show/show_view?SN=76454,,예술의전당,07.17(금)~09.27(일),,,2026-08-23 01:14:23
원재연 & 김수연 피아노 듀오 리사이틀,IBK기업은행챔버홀,2026-08-29,2026-08-29,공연,클래식/오페라,https://www.sac.or.kr/site/main/show/show_view?SN=81013,,예술의전당,08.29(토) 20:00,,,2026-08-23 01:14:23
구스타보 히메노 ＆ 룩셈부르크 필하모닉,콘서트홀,2026-09-11,2026-09-11,공연,클래식/오페라,https://www.sac.or.kr/site/main/show/show_view?SN=78533,,예술의전당,09.11(금) 19:30,,,2026-08-23 01:14:23
한화생명과 함께하는 예술의전당 11시 콘서트(11월),예술의전당,2026-09-02,2026-09-02,공연,클래식/오페라,https://www.sac.or.kr/site/main/show/show_view?SN=79801,,예술의전당,2026.09.02,,,2026-08-23 01:14:23
한화생명과 함께하는 예술의전당 11시 콘서트(12월),예술의전당,2026-09-02,2026-09-02,공연,클래식/오페라,https://www.sac.or.kr/site/main/show/show_view?SN=79800,,예술의전당,2026.09.02,,,2026-08-23 01:14:23
이지혜 x 김다솔: Beethoven II,예술의전당,2026-09-01,2026-09-01,공연,클래식/오페라,https://www.sac.or.kr/site/main/show/show_view?SN=84174,,예술의전당,2026.09.01,,,2026-08-23 01:14:23
2026 서울국제음악제 ‘이안 보스트리지 & 랄프 고토니: 슈만 시인의 사랑’,예술의전당,2026-08-27,2026-08-27,공연,클래식/오페라,https://www.sac.or.kr/site/main/show/show_view?SN=77418,,예술의전당,2026.08.27,,,2026-08-23 01:14:23
2026 서울국제음악제 `Serenade’,예술의전당,2026-08-26,2026-08-26,공연,클래식/오페라,https://www.sac.or.kr/site/main/show/show_view?SN=77421,,예술의전당,2026.08.26,,,2026-08-23 01:14:23
2026 서울국제음악제 `아르토 노라스와 김규연 리사이틀 : 멋진 추억`,예술의전당,2026-08-25,2026-08-25,공연,클래식/오페라,https://www.sac.or.kr/site/main/show/show_view?SN=77419,,예술의전당,2026.08.25,,,2026-08-23 01:14:23
파리나무십자가소년합창단 특별초청공연,예술의전당,2026-08-25,2026-08-25,공연,클래식/오페라,https://www.sac.or.kr/site/main/show/show_view?SN=74652,,예술의전당,2026.08.25,,,2026-08-23 01:14:23
조성현 바흐 플루트 소나타 전곡 리사이틀,예술의전당,2026-08-25,2026-08-25,공연,클래식/오페라,https://www.sac.or.kr/site/main/show/show_view?SN=77873,,예술의전당,2026.08.25,,,2026-08-23 01:14:23
