event_id,place_id,title,start_date,end_date,source_url,raw_description,ai_tags
1,1,한강 여름 야시장 & 달빛 버스킹,2026-07-26,2026-08-11,https://example.com/events/1,주말 한강의 바람을 맞으며 푸드트럭 음식과 멋진 인디 음악 공연을 즐겨보세요! 유모차 접근성이 좋고 돗자리를 깔 수 있어 온 가족이 함께 즐기기 안성맞춤입니다.,family:0.95;couple:0.80;single:0.60;주차편리;유모차;수유실;야외공원;피크닉
2,2,2026 무신사 뷰티 & 브랜드 팝업쇼,2026-07-26,2026-08-27,https://example.com/events/2,"글로벌 패션&뷰티 브랜드들이 참여하는 초대형 팝업스토어! 한정판 굿즈 배포 및 셀럽 방문, 인생샷을 찍을 수 있는 포토존이 다채롭게 마련되어 있습니다.",family:0.20;couple:0.95;single:0.85;인생샷;팝업스토어;핫플;주말데이트
3,3,디지털 캔버스: 현대 미술의 경계전,2026-07-26,2026-08-16,https://example.com/events/3,세계적인 미디어 아티스트들이 참여하여 관객의 모션에 실시간으로 반응하는 몰입형 미디어 아트 특별전. 혼자서 사색하며 깊이 있는 문화예술을 즐기기 좋습니다.,family:0.40;couple:0.75;single:0.95;실내;미술관;사색;조용한;예약제
4,4,아기동물 교감 스쿨 & 물놀이 페스티벌,2026-07-26,2026-09-08,https://example.com/events/4,어린이 동반 가족을 위한 맞춤형 체험 행사. 유모차 대여 시설이 잘 갖춰져 있으며 넓은 잔디광장과 무료 동물원 관람이 가능해 아기 동반 가족의 만족도가 매우 높습니다.,family:1.00;couple:0.50;single:0.30;주차편리;유모차;수유실;체험;아이와함께
5,5,혜화동 대학로 연계 야경 도보 산책,2026-07-26,2026-08-30,https://example.com/events/5,서울 성곽을 따라 펼쳐지는 은은한 조명과 아름다운 야경을 바라보며 걸을 수 있는 성곽 데이트 코스. 주변의 예쁜 루프탑 카페와 연계하기 좋습니다.,family:0.30;couple:0.98;single:0.70;야경;데이트코스;산책로;인생샷
6,6,전통 한옥 속 현대 공예 팝업 전,2026-07-26,2026-08-10,https://example.com/events/6,100년 된 익선동 한옥에서 펼쳐지는 청년 작가들의 현대 도자기 및 섬유 예술품 전시. 협소한 한옥 구조로 인해 안전상의 이유로 노키즈존으로 운영됩니다.,family:0.10;couple:0.85;single:0.90;노키즈존;한옥;갤러리;데이트;사색;소품샵
7,7,명사 초청 주말 문학 아카데미,2026-07-26,2026-09-08,https://example.com/events/7,초대형 책장 인테리어로 전 세계 여행객들의 이목을 끄는 복합 인문학 공간. 쾌적한 실내 쇼핑몰과 연결되어 날씨에 상관없이 유모차를 타거나 아이들과 걷기 좋습니다.,family:0.80;couple:0.85;single:0.85;실내;도서관;주차편리;유모차;복합쇼핑몰
8,8,2026 경복궁 주말 달빛 기행,2026-07-26,2026-09-06,https://example.com/events/8,어두운 밤 달빛 아래 고요하게 빛나는 근정전과 경회루를 거니는 최고 인기 야간 문화 행사. 한복 착용 시 무료입장이 가능하며 웅장한 인생샷을 남길 수 있습니다.,family:0.70;couple:0.97;single:0.60;고궁;야간개장;인생샷;한복체험;사전예약
9,9,심야 책방 & 작가와의 북토크,2026-07-26,2026-08-25,https://example.com/events/9,주말 저녁 소수의 인원만 예약을 받아 진행하는 독립작가 북토크 콘서트. 잔잔한 음악과 아늑한 공간에서 조용하게 한 주간의 스트레스를 해소하고 깊은 독서를 즐길 수 있습니다.,family:0.05;couple:0.50;single:1.00;노키즈존;독립서점;조용한;북토크;사색;예약제
10,10,반포 달빛무지개분수 & 재즈나잇,2026-07-26,2026-08-20,https://example.com/events/10,세계 최장 분수로 기네스북에 등재된 반포 한강의 달빛무지개분수 쇼를 배경으로 흐르는 감미로운 재즈 선율. 낭만적인 분위기로 커플들의 주말 필수 데이트 성지입니다.,family:0.75;couple:0.99;single:0.65;야외;분수쇼;야경;주차편리;데이트코스
11,11,헬로키티 50주년 특별 글로벌 네트워킹 전,2026-07-26,2026-09-09,https://example.com/events/11,"전 세계에서 사랑받는 캐릭터 헬로키티의 탄생 50주년 특별전. 추억을 회상할 수 있어 데이트 커플과 아기자기한 캐릭터를 좋아하는 싱글, 아이가 있는 가족 모두에게 즐거움을 줍니다.",family:0.85;couple:0.88;single:0.80;실내전시;굿즈샵;유모차;주차편리;캐릭터
12,12,해외 유명 바리스타 초청 주말 에스프레소 위크,2026-07-26,2026-09-06,https://example.com/events/12,"커피 애호가들을 위한 스페셜티 에스프레소 시음 축제. 골목 전체가 개성 있는 편집숍과 베이커리로 가득 차 걷는 즐거움이 크지만, 매장이 협소하고 인파가 많습니다.",family:0.15;couple:0.96;single:0.88;카페거리;베이커리;노키즈존;핫플;골목투어
13,13,폐정수장의 친환경 생태 가치 기획 전,2026-07-26,2026-08-14,https://example.com/events/13,"정수장 공장을 개조하여 만든 독창적인 친환경 생태공원. 비교적 한적하며, 빈티지한 콘크리트 구조물 사이로 피어난 이끼와 식물들이 신비로운 분위기를 내어 사색하기 아주 좋습니다.",family:0.60;couple:0.82;single:0.92;친환경;사색;출사지;산책;한적한
14,14,삼바 피에스타 페스티벌 2026,2026-07-26,2026-09-24,https://example.com/events/14,더운 여름 실내에서 즐기는 화려한 삼바 카니발 퍼레이드와 어트랙션! 연중무휴 쾌적하게 수유실 및 유모차 대여를 이용할 수 있어 패밀리 고객층의 부동의 1위 명소입니다.,family:0.98;couple:0.87;single:0.40;실내테마파크;퍼레이드;주차편리;유모차;수유실
15,15,한성백제 고대 무덤 속 비밀 체험전,2026-07-26,2026-08-09,https://example.com/events/15,"올림픽공원 안에 위치한 조용하고 유익한 역사 박물관. 넓은 실내 공간과 철저한 장애인/유모차 경사로 설계, 그리고 무료 체험 학습지가 있어 학부모들에게 숨겨진 명소입니다.",family:0.92;couple:0.60;single:0.75;박물관;어린이체험;실내;주차편리;유모차;한적한
16,16,점심 특선 설렁탕 세트,2026-07-26,2026-08-21,https://example.com/food/16,"매일 점심 11시~2시, 설렁탕+깍두기+공기밥 세트를 특가로 제공합니다. 50년 전통의 깊고 진한 사골 육수로 만든 국밥. 어린이 전용 소메뉴도 있어 온 가족이 함께 방문하기 좋습니다.",family:0.85;couple:0.50;single:0.70;food;한식;국밥;전통;점심;주차편리
17,17,여름 한정 냉쌀국수 런칭,2026-07-26,2026-08-20,https://example.com/food/17,시원하고 담백한 냉쌀국수를 여름 한정으로 선보입니다. 성수동 골목 안 숨은 맛집으로 웨이팅이 있을 수 있으니 오픈 직후 방문을 추천드립니다.,family:0.40;couple:0.85;single:0.90;food;아시안;쌀국수;성수동;분위기맛집;데이트
18,18,시그니처 트러플 파스타 & 와인 페어링,2026-07-26,2026-08-25,https://example.com/food/18,셰프의 시그니처 트러플 크림 파스타와 이탈리아 자연 와인의 환상적인 조합. 연남동 감성 가득한 내부 인테리어에서 특별한 저녁 식사를 즐겨보세요. 사전 예약 필수입니다.,family:0.15;couple:0.98;single:0.80;food;양식;파스타;이탈리안;분위기;노키즈존;예약필수
19,19,주말 브런치 버거 세트,2026-07-26,2026-08-15,https://example.com/food/19,주말 한정 브런치 타임(10:00~13:00)에 에그 버거 + 감자튀김 + 음료가 포함된 세트를 즐길 수 있습니다. 두툼한 수제 패티와 신선한 재료를 사용합니다.,family:0.50;couple:0.90;single:0.85;food;양식;버거;브런치;이태원;데이트
20,20,제주산 생참치 특선 코스,2026-07-26,2026-08-14,https://example.com/food/20,"제주 청정 바다에서 직송한 생참치를 다양한 부위별로 즐길 수 있는 코스 요리. 가족 모임과 회식 장소로 인기가 높으며, 참치 해체 쇼도 진행됩니다.",family:0.80;couple:0.90;single:0.70;food;일식;참치회;고급;가족모임;주차편리
21,21,30년 전통 순대국밥 특선,2026-07-26,2026-08-10,https://example.com/food/21,"강남 한복판에서 30년을 이어온 노포 순대국밥. 진한 육수와 신선한 순대, 수육이 어우러진 한 그릇. 혼밥러들의 성지이며, 이른 아침부터 밤늦게까지 언제나 문을 엽니다.",family:0.60;couple:0.40;single:0.95;food;한식;순대국;노포;숨은맛집;혼밥
22,22,여름 보양식 한정식 코스,2026-07-26,2026-08-22,https://example.com/food/22,"전통 한옥을 개조한 고즈넉한 공간에서 계절 재료를 활용한 한정식을 즐겨보세요. 여름 한정으로 삼계탕 코스가 추가되었으며, 코스 예약 시 전통차 서비스가 제공됩니다.",family:0.70;couple:0.95;single:0.75;food;한식;한정식;한옥;전통;분위기맛집
23,23,여름 빙수 페스티벌,2026-07-26,2026-08-07,https://example.com/food/23,"국산 팥을 사용한 정통 팥빙수부터 말차 크림 빙수, 딸기 우유 빙수까지 다양한 빙수 메뉴를 선보입니다. SNS에서 화제가 된 비주얼로 인스타그램 성지가 된 카페입니다.",family:0.75;couple:0.90;single:0.70;food;카페;디저트;빙수;인생샷;망원동
24,24,서울숲 뷰 브런치 & 애프터눈 티,2026-07-26,2026-08-06,https://example.com/food/24,서울숲 바로 앞에 위치한 대형 통창 카페. 싱그러운 녹음을 바라보며 즐기는 에그 베네딕트와 시그니처 커피가 유명합니다. 유모차 입장 가능하며 야외 테라스도 있습니다.,family:0.88;couple:0.92;single:0.75;food;카페;브런치;서울숲;테라스;유모차
25,25,을지로 야시장 합류 포장마차 이벤트,2026-07-26,2026-08-03,https://example.com/food/25,"을지로 골목 야시장에서 만나는 바삭하고 촉촉한 수제 타코야끼. 문어 가득한 오리지널부터 치즈, 명란 등 다양한 토핑을 선택할 수 있습니다. 인스타 챌린지 진행 중.",family:0.30;couple:0.80;single:0.95;food;일식;타코야끼;야시장;을지로;야경;혼밥
26,26,아이 생일 파티 패키지,2026-07-26,2026-08-06,https://example.com/food/26,"어린이 메뉴, 생일 케이크, 파티 물품이 포함된 특별 생일 파티 패키지를 운영합니다. 수유실과 기저귀 교환대, 어린이 좌식 의자가 갖춰져 있어 영유아 동반 가족에게 안성맞춤입니다.",family:0.98;couple:0.60;single:0.30;food;양식;패밀리레스토랑;키즈;수유실;주차편리
27,27,주말 한우 모둠 구이 특선,2026-07-26,2026-08-09,https://example.com/food/27,"1++ 등급 한우 채끝, 등심, 안심을 모아 담은 주말 특선 구이 세트. 특수 부위는 매일 한정 수량 운영됩니다. 연기 없는 스마트 그릴로 쾌적한 환경에서 식사 가능합니다.",family:0.65;couple:0.90;single:0.70;food;한식;한우;고기;신사동;분위기맛집;주차편리
28,28,"2026 카즈미 타테이시 트리오 내한공연-크리스마스, 재즈를 만나다-(서울)",2026-12-24,2026-12-24,https://culture.seoul.go.kr/culture/culture/cultureEvent/view.do?cultcode=158770&menuNo=200008,"[서울시 문화행사] 콘서트 | 2026 카즈미 타테이시 트리오 내한공연-크리스마스, 재즈를 만나다-(서울)",family:0.8;couple:0.9;single:0.8;공연;문화;실시간행사
29,28,"2026 카즈미 타테이시 트리오 내한공연-지브리, 재즈를 만나다-(서울)",2026-12-22,2026-12-22,https://culture.seoul.go.kr/culture/culture/cultureEvent/view.do?cultcode=158691&menuNo=200008,"[서울시 문화행사] 콘서트 | 2026 카즈미 타테이시 트리오 내한공연-지브리, 재즈를 만나다-(서울)",family:0.8;couple:0.9;single:0.8;공연;문화;실시간행사
30,28,파인캐릭터 2026 (FineCharacter 2026),2026-11-27,2026-11-29,https://culture.seoul.go.kr/culture/culture/cultureEvent/view.do?cultcode=158731&menuNo=200009,[서울시 문화행사] 전시/미술 | 파인캐릭터 2026 (FineCharacter 2026),family:0.8;couple:0.9;single:0.8;전시;문화;실시간행사
31,28,[꿈의숲아트센터] 꿈의숲 마티네 콘서트 [벨에포크 아트&뮤직] 시리즈3,2026-10-28,2026-10-28,https://culture.seoul.go.kr/culture/culture/cultureEvent/view.do?cultcode=158447&menuNo=200008,[서울시 문화행사] 콘서트 | [꿈의숲아트센터] 꿈의숲 마티네 콘서트 [벨에포크 아트&뮤직] 시리즈3,family:0.8;couple:0.9;single:0.8;공연;문화;실시간행사
32,28,[마포문화재단] 제11회 M 클래식 축제 [뮤라벨 콘서트],2026-10-28,2026-10-28,https://culture.seoul.go.kr/culture/culture/cultureEvent/view.do?cultcode=158566&menuNo=200008,[서울시 문화행사] 클래식 | [마포문화재단] 제11회 M 클래식 축제 [뮤라벨 콘서트],family:0.8;couple:0.9;single:0.8;공연;문화;실시간행사
33,28,[마포문화재단] 제11회 M 클래식 축제 [전수진의 피아니즘],2026-10-27,2026-10-27,https://culture.seoul.go.kr/culture/culture/cultureEvent/view.do?cultcode=158565&menuNo=200008,[서울시 문화행사] 클래식 | [마포문화재단] 제11회 M 클래식 축제 [전수진의 피아니즘],family:0.8;couple:0.9;single:0.8;공연;문화;실시간행사
34,28,[마포문화재단] 제11회 M 클래식 축제 [김도현x이수빈 듀오 리사이틀],2026-10-22,2026-10-22,https://culture.seoul.go.kr/culture/culture/cultureEvent/view.do?cultcode=158564&menuNo=200008,[서울시 문화행사] 클래식 | [마포문화재단] 제11회 M 클래식 축제 [김도현x이수빈 듀오 리사이틀],family:0.8;couple:0.9;single:0.8;공연;문화;실시간행사
35,28,[마포문화재단] 2026 [인디스커버리 : FESTA] TRACK 02,2026-10-17,2026-10-17,https://culture.seoul.go.kr/culture/culture/cultureEvent/view.do?cultcode=158484&menuNo=200008,[서울시 문화행사] 콘서트 | [마포문화재단] 2026 [인디스커버리 : FESTA] TRACK 02,family:0.8;couple:0.9;single:0.8;공연;문화;실시간행사
36,28,[마포문화재단] 2026 [인디스커버리 : FESTA] TRACK 01,2026-10-16,2026-10-16,https://culture.seoul.go.kr/culture/culture/cultureEvent/view.do?cultcode=158483&menuNo=200008,[서울시 문화행사] 콘서트 | [마포문화재단] 2026 [인디스커버리 : FESTA] TRACK 01,family:0.8;couple:0.9;single:0.8;공연;문화;실시간행사
37,28,[영등포문화재단] 마티네콘서트 With 금난새 #3.베버,2026-10-15,2026-10-15,https://culture.seoul.go.kr/culture/culture/cultureEvent/view.do?cultcode=157909&menuNo=200008,[서울시 문화행사] 클래식 | [영등포문화재단] 마티네콘서트 With 금난새 #3.베버,family:0.8;couple:0.9;single:0.8;공연;문화;실시간행사
38,28,[마포문화재단] 제11회 M 클래식 축제 [하나의 울림],2026-10-14,2026-10-14,https://culture.seoul.go.kr/culture/culture/cultureEvent/view.do?cultcode=158563&menuNo=200008,[서울시 문화행사] 클래식 | [마포문화재단] 제11회 M 클래식 축제 [하나의 울림],family:0.8;couple:0.9;single:0.8;공연;문화;실시간행사
39,28,"[관악문화재단] 상주단체시리즈 2 : 청춘,18대1",2026-09-18,2026-09-19,https://culture.seoul.go.kr/culture/culture/cultureEvent/view.do?cultcode=158631&menuNo=200008,"[서울시 문화행사] 연극 | [관악문화재단] 상주단체시리즈 2 : 청춘,18대1",family:0.8;couple:0.9;single:0.8;공연;문화;실시간행사
40,28,[마포문화재단] 제11회 M 클래식 축제 [소프라노 황수미 리사이틀],2026-09-17,2026-09-17,https://culture.seoul.go.kr/culture/culture/cultureEvent/view.do?cultcode=158562&menuNo=200008,[서울시 문화행사] 클래식 | [마포문화재단] 제11회 M 클래식 축제 [소프라노 황수미 리사이틀],family:0.8;couple:0.9;single:0.8;공연;문화;실시간행사
41,28,[마포문화재단] 2026 M 아티스트 선율 피아노 리사이틀 Ⅱ,2026-09-16,2026-09-16,https://culture.seoul.go.kr/culture/culture/cultureEvent/view.do?cultcode=157857&menuNo=200008,[서울시 문화행사] 클래식 | [마포문화재단] 2026 M 아티스트 선율 피아노 리사이틀 Ⅱ,family:0.8;couple:0.9;single:0.8;공연;문화;실시간행사
42,28,[구로문화재단] 2026 이달의 공연 [사운드트립]_9월 홍진호 with 김준서&차환희,2026-09-15,2026-09-15,https://culture.seoul.go.kr/culture/culture/cultureEvent/view.do?cultcode=158523&menuNo=200008,[서울시 문화행사] 콘서트 | [구로문화재단] 2026 이달의 공연 [사운드트립]_9월 홍진호 with 김준서&차환희,family:0.8;couple:0.9;single:0.8;공연;문화;실시간행사
43,28,"[서울문화예술교육센터 서초] 음악의 집 [9월, 음악가의 사적인 플레이리스트] 음악으로 듣는 풍경",2026-09-12,2026-09-12,https://culture.seoul.go.kr/culture/culture/cultureEvent/view.do?cultcode=158502&menuNo=200011,"[서울시 문화행사] 교육/체험 | [서울문화예술교육센터 서초] 음악의 집 [9월, 음악가의 사적인 플레이리스트] 음악으로 듣는 풍경",family:0.8;couple:0.9;single:0.8;공연;문화;실시간행사
44,28,김보람 [관통시팔],2026-09-11,2026-09-13,https://culture.seoul.go.kr/culture/culture/cultureEvent/view.do?cultcode=158698&menuNo=200008,[서울시 문화행사] 무용 | 김보람 [관통시팔],family:0.8;couple:0.9;single:0.8;공연;문화;실시간행사
45,28,[마포문화재단] 제11회 M 클래식 축제 [발렌티나 이고시나 피아노 리사이틀],2026-09-11,2026-09-11,https://culture.seoul.go.kr/culture/culture/cultureEvent/view.do?cultcode=158561&menuNo=200008,[서울시 문화행사] 클래식 | [마포문화재단] 제11회 M 클래식 축제 [발렌티나 이고시나 피아노 리사이틀],family:0.8;couple:0.9;single:0.8;공연;문화;실시간행사
46,28,[마포문화재단] 제11회 M 클래식 축제 [백건우 피아노 리사이틀],2026-09-10,2026-09-10,https://culture.seoul.go.kr/culture/culture/cultureEvent/view.do?cultcode=158560&menuNo=200008,[서울시 문화행사] 클래식 | [마포문화재단] 제11회 M 클래식 축제 [백건우 피아노 리사이틀],family:0.8;couple:0.9;single:0.8;공연;문화;실시간행사
47,28,2026 Be My OBJECT [나만의 소품&오브제 마켓],2026-09-04,2026-09-06,https://culture.seoul.go.kr/culture/culture/cultureEvent/view.do?cultcode=158601&menuNo=200009,[서울시 문화행사] 전시/미술 | 2026 Be My OBJECT [나만의 소품&오브제 마켓],family:0.8;couple:0.9;single:0.8;전시;문화;실시간행사
48,28,2026 창극 중심 세계음악극축제,2026-09-03,2026-09-26,https://culture.seoul.go.kr/culture/culture/cultureEvent/view.do?cultcode=158746&menuNo=200010,[서울시 문화행사] 축제-문화/예술 | 2026 창극 중심 세계음악극축제,family:0.8;couple:0.9;single:0.8;공연;문화;실시간행사
49,28,수림뉴웨이브 2026 - 이준 [Golden Hour],2026-09-03,2026-09-03,https://culture.seoul.go.kr/culture/culture/cultureEvent/view.do?cultcode=158636&menuNo=200008,[서울시 문화행사] 국악 | 수림뉴웨이브 2026 - 이준 [Golden Hour],family:0.8;couple:0.9;single:0.8;공연;문화;실시간행사
50,28,[서울생활사박물관] 2026년 하반기 변장나들이,2026-09-01,2026-11-10,https://culture.seoul.go.kr/culture/culture/cultureEvent/view.do?cultcode=158814&menuNo=200011,[서울시 문화행사] 교육/체험 | [서울생활사박물관] 2026년 하반기 변장나들이,family:0.8;couple:0.9;single:0.8;공연;문화;실시간행사
51,28,[서울디자인재단] 디자인마이애미 서울 2026,2026-08-31,2026-09-06,https://culture.seoul.go.kr/culture/culture/cultureEvent/view.do?cultcode=158808&menuNo=200009,[서울시 문화행사] 전시/미술 | [서울디자인재단] 디자인마이애미 서울 2026,family:0.8;couple:0.9;single:0.8;전시;문화;실시간행사
52,28,[은평역사한옥박물관] 2026 전통건축 장인과 만나다,2026-08-29,2026-11-28,https://culture.seoul.go.kr/culture/culture/cultureEvent/view.do?cultcode=158762&menuNo=200011,[서울시 문화행사] 교육/체험 | [은평역사한옥박물관] 2026 전통건축 장인과 만나다,family:0.8;couple:0.9;single:0.8;공연;문화;실시간행사
53,28,[서울갤러리] 런치 스테이지 [싱어송라이터 헤디],2026-08-29,2026-08-29,https://culture.seoul.go.kr/culture/culture/cultureEvent/view.do?cultcode=158757&menuNo=200008,[서울시 문화행사] 콘서트 | [서울갤러리] 런치 스테이지 [싱어송라이터 헤디],family:0.8;couple:0.9;single:0.8;공연;문화;실시간행사
54,28,[서울남산국악당] 2026 젊은국악 단장 - 창작아티스트 오늘 [다들 그러고 삽니다],2026-08-29,2026-08-29,https://culture.seoul.go.kr/culture/culture/cultureEvent/view.do?cultcode=158776&menuNo=200008,[서울시 문화행사] 국악 | [서울남산국악당] 2026 젊은국악 단장 - 창작아티스트 오늘 [다들 그러고 삽니다],family:0.8;couple:0.9;single:0.8;공연;문화;실시간행사
55,28,"[서울역사편찬원] 지도로 그린 땅, 사람이 만든 서울",2026-08-28,2026-11-20,https://culture.seoul.go.kr/culture/culture/cultureEvent/view.do?cultcode=158784&menuNo=200011,"[서울시 문화행사] 교육/체험 | [서울역사편찬원] 지도로 그린 땅, 사람이 만든 서울",family:0.8;couple:0.9;single:0.8;공연;문화;실시간행사
56,28,2026 국악관현악축제,2026-08-28,2026-08-28,https://culture.seoul.go.kr/culture/culture/cultureEvent/view.do?cultcode=158778&menuNo=200008,[서울시 문화행사] 국악 | 2026 국악관현악축제,family:0.8;couple:0.9;single:0.8;공연;문화;실시간행사
57,28,2026년 수림뉴웨이브: 엇,2026-08-27,2026-11-05,https://culture.seoul.go.kr/culture/culture/cultureEvent/view.do?cultcode=158634&menuNo=200008,[서울시 문화행사] 국악 | 2026년 수림뉴웨이브: 엇,family:0.8;couple:0.9;single:0.8;공연;문화;실시간행사
58,28,[서초문화재단] 모차르트 피아노 협주곡 전곡 시리즈 IX,2026-08-27,2026-08-27,https://culture.seoul.go.kr/culture/culture/cultureEvent/view.do?cultcode=158371&menuNo=200008,[서울시 문화행사] 클래식 | [서초문화재단] 모차르트 피아노 협주곡 전곡 시리즈 IX,family:0.8;couple:0.9;single:0.8;공연;문화;실시간행사
59,28,수림뉴웨이브 2026 - 정상희 [엇:박],2026-08-27,2026-08-27,https://culture.seoul.go.kr/culture/culture/cultureEvent/view.do?cultcode=158635&menuNo=200008,[서울시 문화행사] 국악 | 수림뉴웨이브 2026 - 정상희 [엇:박],family:0.8;couple:0.9;single:0.8;공연;문화;실시간행사
60,28,[서울역사박물관] 제5회 서울역사박물관 배리어프리영화관 8월 상영 [미나리],2026-08-27,2026-08-27,https://culture.seoul.go.kr/culture/culture/cultureEvent/view.do?cultcode=158807&menuNo=200013,[서울시 문화행사] 영화 | [서울역사박물관] 제5회 서울역사박물관 배리어프리영화관 8월 상영 [미나리],family:0.8;couple:0.9;single:0.8;공연;문화;실시간행사
61,28,[마포문화재단] M 마티네 [2026 MAC 모닝 콘서트 ＃6],2026-08-26,2026-08-26,https://culture.seoul.go.kr/culture/culture/cultureEvent/view.do?cultcode=157856&menuNo=200008,[서울시 문화행사] 콘서트 | [마포문화재단] M 마티네 [2026 MAC 모닝 콘서트 ＃6],family:0.8;couple:0.9;single:0.8;공연;문화;실시간행사
62,28,[서울갤러리] 런치 스테이지 [하모니시스트 이한결],2026-08-26,2026-08-26,https://culture.seoul.go.kr/culture/culture/cultureEvent/view.do?cultcode=158756&menuNo=200008,[서울시 문화행사] 콘서트 | [서울갤러리] 런치 스테이지 [하모니시스트 이한결],family:0.8;couple:0.9;single:0.8;공연;문화;실시간행사
63,28,[서울돈화문국악당] 2026 국악플러그인(Gugak Plug-in) vol.3,2026-08-26,2026-08-26,https://culture.seoul.go.kr/culture/culture/cultureEvent/view.do?cultcode=158702&menuNo=200008,[서울시 문화행사] 국악 | [서울돈화문국악당] 2026 국악플러그인(Gugak Plug-in) vol.3,family:0.8;couple:0.9;single:0.8;공연;문화;실시간행사
64,28,[서울로봇인공지능과학관] 2026년 성인 대상 프로그램 [기록으로 기억하다],2026-08-25,2026-08-26,https://culture.seoul.go.kr/culture/culture/cultureEvent/view.do?cultcode=158676&menuNo=200011,[서울시 문화행사] 교육/체험 | [서울로봇인공지능과학관] 2026년 성인 대상 프로그램 [기록으로 기억하다],family:0.8;couple:0.9;single:0.8;공연;문화;실시간행사
65,28,[세종문화회관] 김혜경 워크숍 at Sync Next 26,2026-08-23,2026-08-23,https://culture.seoul.go.kr/culture/culture/cultureEvent/view.do?cultcode=158775&menuNo=200011,[서울시 문화행사] 교육/체험 | [세종문화회관] 김혜경 워크숍 at Sync Next 26,family:0.8;couple:0.9;single:0.8;공연;문화;실시간행사
66,28,[라율 영재&영아티스트] 이민선 첼로 독주회,2026-08-22,2026-08-22,https://culture.seoul.go.kr/culture/culture/cultureEvent/view.do?cultcode=158748&menuNo=200008,[서울시 문화행사] 독주/독창회 | [라율 영재&영아티스트] 이민선 첼로 독주회,family:0.8;couple:0.9;single:0.8;공연;문화;실시간행사
67,28,이은결 30주년 [ONE OF ONE],2026-08-22,2026-08-22,https://culture.seoul.go.kr/culture/culture/cultureEvent/view.do?cultcode=158773&menuNo=200008,[서울시 문화행사] 콘서트 | 이은결 30주년 [ONE OF ONE],family:0.8;couple:0.9;single:0.8;공연;문화;실시간행사
68,28,[서울시평생교육진흥원] 서울시민대학 모두의학교 캠퍼스 8월 모두공연장 페이퍼아트 뮤지컬 [종이아빠],2026-08-22,2026-08-22,https://culture.seoul.go.kr/culture/culture/cultureEvent/view.do?cultcode=158392&menuNo=200008,[서울시 문화행사] 뮤지컬/오페라 | [서울시평생교육진흥원] 서울시민대학 모두의학교 캠퍼스 8월 모두공연장 페이퍼아트 뮤지컬 [종이아빠],family:0.8;couple:0.9;single:0.8;공연;문화;실시간행사
69,28,제9회 동아주니어콩쿠르 특전 독주회 [김형완 플루트 독주회],2026-08-22,2026-08-22,https://culture.seoul.go.kr/culture/culture/cultureEvent/view.do?cultcode=158758&menuNo=200008,[서울시 문화행사] 독주/독창회 | 제9회 동아주니어콩쿠르 특전 독주회 [김형완 플루트 독주회],family:0.8;couple:0.9;single:0.8;공연;문화;실시간행사
70,28,[서울남산국악당] 2026 젊은국악 단장 - 김성 [자람의 기술 RE:GROW],2026-08-22,2026-08-22,https://culture.seoul.go.kr/culture/culture/cultureEvent/view.do?cultcode=158723&menuNo=200008,[서울시 문화행사] 국악 | [서울남산국악당] 2026 젊은국악 단장 - 김성 [자람의 기술 RE:GROW],family:0.8;couple:0.9;single:0.8;공연;문화;실시간행사
71,28,"[동작문화재단] 본동어울마당 아트홀 '본동 세레나데' 8회차 [아크기타듀오의 영화처럼, 클래식처럼]",2026-08-22,2026-08-22,https://culture.seoul.go.kr/culture/culture/cultureEvent/view.do?cultcode=158791&menuNo=200008,"[서울시 문화행사] 클래식 | [동작문화재단] 본동어울마당 아트홀 '본동 세레나데' 8회차 [아크기타듀오의 영화처럼, 클래식처럼]",family:0.8;couple:0.9;single:0.8;공연;문화;실시간행사
72,28,"뮤지컬 [안녕, 나의 웬수 - 서울]",2026-08-22,2026-08-22,https://culture.seoul.go.kr/culture/culture/cultureEvent/view.do?cultcode=158684&menuNo=200008,"[서울시 문화행사] 뮤지컬/오페라 | 뮤지컬 [안녕, 나의 웬수 - 서울]",family:0.8;couple:0.9;single:0.8;공연;문화;실시간행사
73,28,[서울생활문화센터 체부] 2026 행복양육프로그램 [도깨비 소동],2026-08-22,2026-08-22,https://culture.seoul.go.kr/culture/culture/cultureEvent/view.do?cultcode=158820&menuNo=200011,[서울시 문화행사] 교육/체험 | [서울생활문화센터 체부] 2026 행복양육프로그램 [도깨비 소동],family:0.8;couple:0.9;single:0.8;공연;문화;실시간행사
74,28,[영등포문화재단] 영등포아트홀 상주단체 '서울발레시어터' [해설이 있는 고전발레],2026-08-22,2026-08-22,https://culture.seoul.go.kr/culture/culture/cultureEvent/view.do?cultcode=157907&menuNo=200008,[서울시 문화행사] 무용 | [영등포문화재단] 영등포아트홀 상주단체 '서울발레시어터' [해설이 있는 고전발레],family:0.8;couple:0.9;single:0.8;공연;문화;실시간행사
75,28,[세종문화회관] 김혜경 on Sync Next 26,2026-08-21,2026-08-24,https://culture.seoul.go.kr/culture/culture/cultureEvent/view.do?cultcode=158774&menuNo=200008,[서울시 문화행사] 무용 | [세종문화회관] 김혜경 on Sync Next 26,family:0.8;couple:0.9;single:0.8;공연;문화;실시간행사
76,28,[마포문화재단] 2026 M 초이스 창극 [살로메],2026-08-21,2026-08-23,https://culture.seoul.go.kr/culture/culture/cultureEvent/view.do?cultcode=158297&menuNo=200008,[서울시 문화행사] 국악 | [마포문화재단] 2026 M 초이스 창극 [살로메],family:0.8;couple:0.9;single:0.8;공연;문화;실시간행사
77,28,2026 케이피아에듀 연주프로젝트 [여름의공명],2026-08-21,2026-08-21,https://culture.seoul.go.kr/culture/culture/cultureEvent/view.do?cultcode=158596&menuNo=200008,[서울시 문화행사] 클래식 | 2026 케이피아에듀 연주프로젝트 [여름의공명],family:0.8;couple:0.9;single:0.8;공연;문화;실시간행사
78,28,[라율 영재&영아티스트] 문예성 바이올린 독주회,2026-08-21,2026-08-21,https://culture.seoul.go.kr/culture/culture/cultureEvent/view.do?cultcode=158733&menuNo=200008,[서울시 문화행사] 독주/독창회 | [라율 영재&영아티스트] 문예성 바이올린 독주회,family:0.8;couple:0.9;single:0.8;공연;문화;실시간행사
79,28,[서울시립 서서울미술관] 미디어 작가전 《김희천: 두더지들》,2026-08-20,2026-11-08,https://culture.seoul.go.kr/culture/culture/cultureEvent/view.do?cultcode=158763&menuNo=200009,[서울시 문화행사] 전시/미술 | [서울시립 서서울미술관] 미디어 작가전 《김희천: 두더지들》,family:0.8;couple:0.9;single:0.8;전시;문화;실시간행사
80,28,[마포문화재단] 인디스커버리 : CHALLENGE [STAGE 07-08],2026-08-20,2026-08-21,https://culture.seoul.go.kr/culture/culture/cultureEvent/view.do?cultcode=158555&menuNo=200008,[서울시 문화행사] 콘서트 | [마포문화재단] 인디스커버리 : CHALLENGE [STAGE 07-08],family:0.8;couple:0.9;single:0.8;공연;문화;실시간행사
81,28,[서울시립교향악단] 2026 서울시향 얍 판 츠베덴의 레스피기 ‘로마의 소나무’ ① ②,2026-08-20,2026-08-21,https://culture.seoul.go.kr/culture/culture/cultureEvent/view.do?cultcode=158271&menuNo=200008,[서울시 문화행사] 클래식 | [서울시립교향악단] 2026 서울시향 얍 판 츠베덴의 레스피기 ‘로마의 소나무’ ① ②,family:0.8;couple:0.9;single:0.8;공연;문화;실시간행사
82,28,[서울도서관] 2026년 생성형 AI 시민교육,2026-08-20,2026-08-20,https://culture.seoul.go.kr/culture/culture/cultureEvent/view.do?cultcode=158741&menuNo=200011,[서울시 문화행사] 교육/체험 | [서울도서관] 2026년 생성형 AI 시민교육,family:0.8;couple:0.9;single:0.8;공연;문화;실시간행사
83,28,"[은평문화재단] 알테무지크서울 은평나음 《바흐, 시간의 몸짓》",2026-08-20,2026-08-20,https://culture.seoul.go.kr/culture/culture/cultureEvent/view.do?cultcode=158272&menuNo=200008,"[서울시 문화행사] 클래식 | [은평문화재단] 알테무지크서울 은평나음 《바흐, 시간의 몸짓》",family:0.8;couple:0.9;single:0.8;공연;문화;실시간행사
84,28,[서울시립 북서울미술관] 《권병준: 내 마음속에 너는》 연계 워크숍 [우리도 해설사!],2026-08-19,2026-08-20,https://culture.seoul.go.kr/culture/culture/cultureEvent/view.do?cultcode=158777&menuNo=200011,[서울시 문화행사] 교육/체험 | [서울시립 북서울미술관] 《권병준: 내 마음속에 너는》 연계 워크숍 [우리도 해설사!],family:0.8;couple:0.9;single:0.8;공연;문화;실시간행사
85,28,[서울갤러리] 런치 스테이지 [해금 솔로 아티스트 우하린],2026-08-19,2026-08-19,https://culture.seoul.go.kr/culture/culture/cultureEvent/view.do?cultcode=158755&menuNo=200008,[서울시 문화행사] 국악 | [서울갤러리] 런치 스테이지 [해금 솔로 아티스트 우하린],family:0.8;couple:0.9;single:0.8;공연;문화;실시간행사
86,28,[세종문화회관] 2026 누구나 클래식 with 수원시립교향악단,2026-08-18,2026-08-19,https://culture.seoul.go.kr/culture/culture/cultureEvent/view.do?cultcode=158619&menuNo=200008,[서울시 문화행사] 클래식 | [세종문화회관] 2026 누구나 클래식 with 수원시립교향악단,family:0.8;couple:0.9;single:0.8;공연;문화;실시간행사
87,28,[라율 영재&영아티스트] 박희영 첼로 독주회,2026-08-17,2026-08-17,https://culture.seoul.go.kr/culture/culture/cultureEvent/view.do?cultcode=158695&menuNo=200008,[서울시 문화행사] 클래식 | [라율 영재&영아티스트] 박희영 첼로 독주회,family:0.8;couple:0.9;single:0.8;공연;문화;실시간행사
88,28,썸머 무비 콘서트,2026-08-17,2026-08-17,https://culture.seoul.go.kr/culture/culture/cultureEvent/view.do?cultcode=158772&menuNo=200008,[서울시 문화행사] 클래식 | 썸머 무비 콘서트,family:0.8;couple:0.9;single:0.8;공연;문화;실시간행사
89,28,[세종문화회관] 그렇게 바람이 불었고 나는 두 형을 먹었다. [이하느리 on Sync Next 26],2026-08-15,2026-08-17,https://culture.seoul.go.kr/culture/culture/cultureEvent/view.do?cultcode=158697&menuNo=200013,[서울시 문화행사] 기타 | [세종문화회관] 그렇게 바람이 불었고 나는 두 형을 먹었다. [이하느리 on Sync Next 26],family:0.8;couple:0.9;single:0.8;공연;문화;실시간행사
90,28,[서울갤러리] 런치 스테이지 [1인 오케스트라 로로컴퍼니],2026-08-15,2026-08-15,https://culture.seoul.go.kr/culture/culture/cultureEvent/view.do?cultcode=158754&menuNo=200008,[서울시 문화행사] 콘서트 | [서울갤러리] 런치 스테이지 [1인 오케스트라 로로컴퍼니],family:0.8;couple:0.9;single:0.8;공연;문화;실시간행사
91,28,2026 이럴때 이런음악 해설이 있는 청소년음악회 ,2026-08-14,2026-08-14,https://culture.seoul.go.kr/culture/culture/cultureEvent/view.do?cultcode=158626&menuNo=200008,[서울시 문화행사] 클래식 | 2026 이럴때 이런음악 해설이 있는 청소년음악회 ,family:0.8;couple:0.9;single:0.8;공연;문화;실시간행사
92,28,[라율 영재&영아티스트] 신지우 비올라 독주회,2026-08-14,2026-08-14,https://culture.seoul.go.kr/culture/culture/cultureEvent/view.do?cultcode=158642&menuNo=200008,[서울시 문화행사] 클래식 | [라율 영재&영아티스트] 신지우 비올라 독주회,family:0.8;couple:0.9;single:0.8;공연;문화;실시간행사
93,28,"2026 지혜학교 [현실 속에서의 사유와  초탈, 장자를 만나다]",2026-08-13,2026-11-05,https://culture.seoul.go.kr/culture/culture/cultureEvent/view.do?cultcode=158618&menuNo=200011,"[서울시 문화행사] 교육/체험 | 2026 지혜학교 [현실 속에서의 사유와  초탈, 장자를 만나다]",family:0.8;couple:0.9;single:0.8;공연;문화;실시간행사
94,28,[서울시립 북서울미술관] 2026 타이틀 매치 《오인환 vs. 장서영: 휴먼 에러》,2026-08-13,2026-10-25,https://culture.seoul.go.kr/culture/culture/cultureEvent/view.do?cultcode=158761&menuNo=200009,[서울시 문화행사] 전시/미술 | [서울시립 북서울미술관] 2026 타이틀 매치 《오인환 vs. 장서영: 휴먼 에러》,family:0.8;couple:0.9;single:0.8;전시;문화;실시간행사
95,28,[구로문화재단] 오류아트홀 8월 기획공연 '음악극 [시인의 사랑],2026-08-13,2026-08-14,https://culture.seoul.go.kr/culture/culture/cultureEvent/view.do?cultcode=158524&menuNo=200008,[서울시 문화행사] 뮤지컬/오페라 | [구로문화재단] 오류아트홀 8월 기획공연 '음악극 [시인의 사랑],family:0.8;couple:0.9;single:0.8;공연;문화;실시간행사
96,28,"[구산동도서관마을] 이달의 인문학(8월) 「AI시대, 강력한 개인이 온다」구본권 저자와의 만남",2026-08-13,2026-08-13,https://culture.seoul.go.kr/culture/culture/cultureEvent/view.do?cultcode=158645&menuNo=200011,"[서울시 문화행사] 교육/체험 | [구산동도서관마을] 이달의 인문학(8월) 「AI시대, 강력한 개인이 온다」구본권 저자와의 만남",family:0.8;couple:0.9;single:0.8;공연;문화;실시간행사
97,28,보훈가족과 서울시민이 함께하는 보훈음악회,2026-08-13,2026-08-13,https://culture.seoul.go.kr/culture/culture/cultureEvent/view.do?cultcode=158726&menuNo=200010,[서울시 문화행사] 축제-문화/예술 | 보훈가족과 서울시민이 함께하는 보훈음악회,family:0.8;couple:0.9;single:0.8;공연;문화;실시간행사
98,28,[라율 영재&영아티스트] 이소영 바이올린 독주회,2026-08-13,2026-08-13,https://culture.seoul.go.kr/culture/culture/cultureEvent/view.do?cultcode=158620&menuNo=200008,[서울시 문화행사] 클래식 | [라율 영재&영아티스트] 이소영 바이올린 독주회,family:0.8;couple:0.9;single:0.8;공연;문화;실시간행사
99,28,"[여름, 낭독시즌] 봄 작가, 겨울 무대 낭독공연 2026",2026-08-12,2026-08-16,https://culture.seoul.go.kr/culture/culture/cultureEvent/view.do?cultcode=158692&menuNo=200008,"[서울시 문화행사] 연극 | [여름, 낭독시즌] 봄 작가, 겨울 무대 낭독공연 2026",family:0.8;couple:0.9;single:0.8;공연;문화;실시간행사
100,28,[서초문화재단] 어린이 공연 넌버벌 [네네네],2026-08-12,2026-08-14,https://culture.seoul.go.kr/culture/culture/cultureEvent/view.do?cultcode=158632&menuNo=200008,[서울시 문화행사] 연극 | [서초문화재단] 어린이 공연 넌버벌 [네네네],family:0.8;couple:0.9;single:0.8;공연;문화;실시간행사
101,28,[서울시립교향악단] 2026 서울시향 유럽 투어 프리뷰 콘서트: 베토벤 ‘합창’,2026-08-12,2026-08-12,https://culture.seoul.go.kr/culture/culture/cultureEvent/view.do?cultcode=158270&menuNo=200008,[서울시 문화행사] 클래식 | [서울시립교향악단] 2026 서울시향 유럽 투어 프리뷰 콘서트: 베토벤 ‘합창’,family:0.8;couple:0.9;single:0.8;공연;문화;실시간행사
102,28,김현희 해금풍류 Ⅵ [김영재류 해금산조],2026-08-12,2026-08-12,https://culture.seoul.go.kr/culture/culture/cultureEvent/view.do?cultcode=158738&menuNo=200008,[서울시 문화행사] 국악 | 김현희 해금풍류 Ⅵ [김영재류 해금산조],family:0.8;couple:0.9;single:0.8;공연;문화;실시간행사
103,28,[서울갤러리] 런치 스테이지 [기타리스트 HOOON],2026-08-12,2026-08-12,https://culture.seoul.go.kr/culture/culture/cultureEvent/view.do?cultcode=158753&menuNo=200008,[서울시 문화행사] 콘서트 | [서울갤러리] 런치 스테이지 [기타리스트 HOOON],family:0.8;couple:0.9;single:0.8;공연;문화;실시간행사
104,28,2026 까망돌어울마당 아트홀 정기 기획공연 [까망돌 칸타빌레] 8회차 창작집단 현인의 [더 클라운],2026-08-12,2026-08-12,https://culture.seoul.go.kr/culture/culture/cultureEvent/view.do?cultcode=158781&menuNo=200008,[서울시 문화행사] 연극 | 2026 까망돌어울마당 아트홀 정기 기획공연 [까망돌 칸타빌레] 8회차 창작집단 현인의 [더 클라운],family:0.8;couple:0.9;single:0.8;공연;문화;실시간행사
105,28,[구산동도서관마을] 2026년 구산동도서관마을 길 위의 인문학 [미술사 X 그림책 : 삶을 읽는 시선],2026-08-11,2026-10-27,https://culture.seoul.go.kr/culture/culture/cultureEvent/view.do?cultcode=158472&menuNo=200011,[서울시 문화행사] 교육/체험 | [구산동도서관마을] 2026년 구산동도서관마을 길 위의 인문학 [미술사 X 그림책 : 삶을 읽는 시선],family:0.8;couple:0.9;single:0.8;공연;문화;실시간행사
106,28,[동대문문화재단] 2026년 생생 국가유산 사업 [지구를 지키는 선농단] - 도시농부학교(심화반),2026-08-11,2026-10-20,https://culture.seoul.go.kr/culture/culture/cultureEvent/view.do?cultcode=158646&menuNo=200011,[서울시 문화행사] 교육/체험 | [동대문문화재단] 2026년 생생 국가유산 사업 [지구를 지키는 선농단] - 도시농부학교(심화반),family:0.8;couple:0.9;single:0.8;공연;문화;실시간행사
107,28,김인선 피아노 독주회 - 비극의 탄생,2026-08-11,2026-08-11,https://culture.seoul.go.kr/culture/culture/cultureEvent/view.do?cultcode=158666&menuNo=200008,[서울시 문화행사] 독주/독창회 | 김인선 피아노 독주회 - 비극의 탄생,family:0.8;couple:0.9;single:0.8;공연;문화;실시간행사
108,28,2026 청춘만발,2026-08-10,2026-08-21,https://culture.seoul.go.kr/culture/culture/cultureEvent/view.do?cultcode=158597&menuNo=200008,[서울시 문화행사] 콘서트 | 2026 청춘만발,family:0.8;couple:0.9;single:0.8;공연;문화;실시간행사
109,28,모스틀리 첼로 페스티벌 인 서울 2026 [Path] - Ⅰ One Way Only,2026-08-10,2026-08-10,https://culture.seoul.go.kr/culture/culture/cultureEvent/view.do?cultcode=158606&menuNo=200008,[서울시 문화행사] 클래식 | 모스틀리 첼로 페스티벌 인 서울 2026 [Path] - Ⅰ One Way Only,family:0.8;couple:0.9;single:0.8;공연;문화;실시간행사
110,28,앙상블 결의 함께하는 음악회 II: 낭만의 언어,2026-08-09,2026-08-09,https://culture.seoul.go.kr/culture/culture/cultureEvent/view.do?cultcode=158690&menuNo=200008,[서울시 문화행사] 클래식 | 앙상블 결의 함께하는 음악회 II: 낭만의 언어,family:0.8;couple:0.9;single:0.8;공연;문화;실시간행사
111,28,[마포구립서강도서관] 8월/어린이메이킹 [행복맘껏time] 두 번째 일요일은 해봄공간 오픈데이,2026-08-09,2026-08-09,https://culture.seoul.go.kr/culture/culture/cultureEvent/view.do?cultcode=158728&menuNo=200011,[서울시 문화행사] 교육/체험 | [마포구립서강도서관] 8월/어린이메이킹 [행복맘껏time] 두 번째 일요일은 해봄공간 오픈데이,family:0.8;couple:0.9;single:0.8;공연;문화;실시간행사
112,28,"[서울시립과학관] Grow up, Bio up! 생명, 제약 진로특강",2026-08-09,2026-08-09,https://culture.seoul.go.kr/culture/culture/cultureEvent/view.do?cultcode=158682&menuNo=200011,"[서울시 문화행사] 교육/체험 | [서울시립과학관] Grow up, Bio up! 생명, 제약 진로특강",family:0.8;couple:0.9;single:0.8;공연;문화;실시간행사
113,28,마에스트로 핑고와 떠나는 클래식 지구 한 바퀴,2026-08-08,2026-08-09,https://culture.seoul.go.kr/culture/culture/cultureEvent/view.do?cultcode=158633&menuNo=200008,[서울시 문화행사] 클래식 | 마에스트로 핑고와 떠나는 클래식 지구 한 바퀴,family:0.8;couple:0.9;single:0.8;공연;문화;실시간행사
114,28,[서울생활문화센터 체부] 체부 인사이트 No.3 협력강연 [항공 사진으로 본 서촌의 50년] 신민재 건축가,2026-08-08,2026-08-08,https://culture.seoul.go.kr/culture/culture/cultureEvent/view.do?cultcode=158672&menuNo=200011,[서울시 문화행사] 교육/체험 | [서울생활문화센터 체부] 체부 인사이트 No.3 협력강연 [항공 사진으로 본 서촌의 50년] 신민재 건축가,family:0.8;couple:0.9;single:0.8;공연;문화;실시간행사
115,28,[힙독클럽 X 서울아트책보고] 『이런 건 왜 또 기막히게 생각나서』 북토크 : 음악 덕후 아저씨 배순탁 음악,2026-08-08,2026-08-08,https://culture.seoul.go.kr/culture/culture/cultureEvent/view.do?cultcode=158787&menuNo=200011,[서울시 문화행사] 교육/체험 | [힙독클럽 X 서울아트책보고] 『이런 건 왜 또 기막히게 생각나서』 북토크 : 음악 덕후 아저씨 배순탁 음악 평론가의 음감회,family:0.8;couple:0.9;single:0.8;공연;문화;실시간행사
116,28,"[서울문화예술교육센터 서초] 음악의 집 [8월, 음악가의 사적인 플레이리스트] 류이치 사카모토의 피아노 여정",2026-08-08,2026-08-08,https://culture.seoul.go.kr/culture/culture/cultureEvent/view.do?cultcode=158503&menuNo=200011,"[서울시 문화행사] 교육/체험 | [서울문화예술교육센터 서초] 음악의 집 [8월, 음악가의 사적인 플레이리스트] 류이치 사카모토의 피아노 여정",family:0.8;couple:0.9;single:0.8;공연;문화;실시간행사
117,28,[서울갤러리] 런치 스테이지 [컨템포러리 재즈밴드 김루꾸 재즈밴드],2026-08-08,2026-08-08,https://culture.seoul.go.kr/culture/culture/cultureEvent/view.do?cultcode=158752&menuNo=200008,[서울시 문화행사] 콘서트 | [서울갤러리] 런치 스테이지 [컨템포러리 재즈밴드 김루꾸 재즈밴드],family:0.8;couple:0.9;single:0.8;공연;문화;실시간행사
118,28,[서울문화재단] 동북권 시민예술 이음 큰잔치,2026-08-08,2026-08-08,https://culture.seoul.go.kr/culture/culture/cultureEvent/view.do?cultcode=158710&menuNo=200010,[서울시 문화행사] 축제-시민화합 | [서울문화재단] 동북권 시민예술 이음 큰잔치,family:0.8;couple:0.9;single:0.8;공연;문화;실시간행사
119,28,[라율 영재&영아티스트] 박예솔 바이올린 독주회,2026-08-08,2026-08-08,https://culture.seoul.go.kr/culture/culture/cultureEvent/view.do?cultcode=158588&menuNo=200008,[서울시 문화행사] 독주/독창회 | [라율 영재&영아티스트] 박예솔 바이올린 독주회,family:0.8;couple:0.9;single:0.8;공연;문화;실시간행사
120,28,2026 청소년을 위한 클래식 페스티벌,2026-08-08,2026-08-08,https://culture.seoul.go.kr/culture/culture/cultureEvent/view.do?cultcode=158607&menuNo=200008,[서울시 문화행사] 클래식 | 2026 청소년을 위한 클래식 페스티벌,family:0.8;couple:0.9;single:0.8;공연;문화;실시간행사
121,28,[서울문화재단] 《PLAY-UP 아카데미》 장막극 창작 트레이닝,2026-08-07,2026-11-27,https://culture.seoul.go.kr/culture/culture/cultureEvent/view.do?cultcode=158629&menuNo=200011,[서울시 문화행사] 교육/체험 | [서울문화재단] 《PLAY-UP 아카데미》 장막극 창작 트레이닝,family:0.8;couple:0.9;single:0.8;공연;문화;실시간행사
122,28,[종로문화재단] 뮤지컬 [드라랄라 치과],2026-08-07,2026-08-30,https://culture.seoul.go.kr/culture/culture/cultureEvent/view.do?cultcode=158559&menuNo=200008,[서울시 문화행사] 뮤지컬/오페라 | [종로문화재단] 뮤지컬 [드라랄라 치과],family:0.8;couple:0.9;single:0.8;공연;문화;실시간행사
123,28,[서울시립미술관 서소문본관] 2026 서울 문화의 밤 연계 [수어통역 전시 해설]_8월,2026-08-07,2026-08-21,https://culture.seoul.go.kr/culture/culture/cultureEvent/view.do?cultcode=158551&menuNo=200009,[서울시 문화행사] 전시/미술 | [서울시립미술관 서소문본관] 2026 서울 문화의 밤 연계 [수어통역 전시 해설]_8월,family:0.8;couple:0.9;single:0.8;전시;문화;실시간행사
124,28,[세종문화회관] 음이온 on Sync Next 26,2026-08-07,2026-08-10,https://culture.seoul.go.kr/culture/culture/cultureEvent/view.do?cultcode=158699&menuNo=200013,[서울시 문화행사] 기타 | [세종문화회관] 음이온 on Sync Next 26,family:0.8;couple:0.9;single:0.8;공연;문화;실시간행사
125,28,2026 백년시장 야시장 [백년나이트 : 메기의 귀환],2026-08-07,2026-08-08,https://culture.seoul.go.kr/culture/culture/cultureEvent/view.do?cultcode=158714&menuNo=200010,[서울시 문화행사] 축제-기타 | 2026 백년시장 야시장 [백년나이트 : 메기의 귀환],family:0.8;couple:0.9;single:0.8;공연;문화;실시간행사
126,28,국토발전전시관 여름방학 행사 [ROOM7 : 건축가의 방],2026-08-07,2026-08-08,https://culture.seoul.go.kr/culture/culture/cultureEvent/view.do?cultcode=158651&menuNo=200011,[서울시 문화행사] 교육/체험 | 국토발전전시관 여름방학 행사 [ROOM7 : 건축가의 방],family:0.8;couple:0.9;single:0.8;공연;문화;실시간행사
127,28,[서울시립교향악단] 2026 작은음악회,2026-08-07,2026-08-07,https://culture.seoul.go.kr/culture/culture/cultureEvent/view.do?cultcode=158735&menuNo=200008,[서울시 문화행사] 클래식 | [서울시립교향악단] 2026 작은음악회,family:0.8;couple:0.9;single:0.8;공연;문화;실시간행사
128,29,강남 MICE 관광특구 주말 나들이 & 핫플 탐방,2026-07-26,2026-08-31,https://data.seoul.go.kr,서울시 실시간 인구 데이터 연동 명소. 현재 혼잡도: 붐빔,family:0.8;couple:0.9;single:0.8;복합문화공간;실시간명소
129,30,동대문 패션타운 관광특구 주말 나들이 & 핫플 탐방,2026-07-26,2026-08-31,https://data.seoul.go.kr,서울시 실시간 인구 데이터 연동 명소. 현재 혼잡도: ,family:0.8;couple:0.9;single:0.8;복합문화공간;실시간명소
130,31,명동 관광특구 주말 나들이 & 핫플 탐방,2026-07-26,2026-08-31,https://data.seoul.go.kr,서울시 실시간 인구 데이터 연동 명소. 현재 혼잡도: 붐빔,family:0.8;couple:0.9;single:0.8;카페/식음;실시간명소
131,19,이태원 관광특구 주말 나들이 & 핫플 탐방,2026-07-26,2026-08-31,https://data.seoul.go.kr,서울시 실시간 인구 데이터 연동 명소. 현재 혼잡도: 여유,family:0.8;couple:0.9;single:0.8;카페/식음;실시간명소
132,14,잠실 관광특구 주말 나들이 & 핫플 탐방,2026-07-26,2026-08-31,https://data.seoul.go.kr,서울시 실시간 인구 데이터 연동 명소. 현재 혼잡도: 붐빔,family:0.8;couple:0.9;single:0.8;테마파크;실시간명소
133,32,종로·청계 관광특구 주말 나들이 & 핫플 탐방,2026-07-26,2026-08-31,https://data.seoul.go.kr,서울시 실시간 인구 데이터 연동 명소. 현재 혼잡도: 약간 붐빔,family:0.8;couple:0.9;single:0.8;문화유산/역사;실시간명소
134,33,홍대 관광특구 주말 나들이 & 핫플 탐방,2026-07-26,2026-08-31,https://data.seoul.go.kr,서울시 실시간 인구 데이터 연동 명소. 현재 혼잡도: 보통,family:0.8;couple:0.9;single:0.8;복합문화공간;실시간명소
135,34,덕수궁 주말 나들이 & 핫플 탐방,2026-07-26,2026-08-31,https://data.seoul.go.kr,서울시 실시간 인구 데이터 연동 명소. 현재 혼잡도: ,family:0.8;couple:0.9;single:0.8;문화유산/역사;실시간명소
136,35,창덕궁 주말 나들이 & 핫플 탐방,2026-07-26,2026-08-31,https://data.seoul.go.kr,서울시 실시간 인구 데이터 연동 명소. 현재 혼잡도: ,family:0.8;couple:0.9;single:0.8;문화유산/역사;실시간명소
137,36,창경궁 주말 나들이 & 핫플 탐방,2026-07-26,2026-08-31,https://data.seoul.go.kr,서울시 실시간 인구 데이터 연동 명소. 현재 혼잡도: ,family:0.8;couple:0.9;single:0.8;문화유산/역사;실시간명소
138,37,종묘 주말 나들이 & 핫플 탐방,2026-07-26,2026-08-31,https://data.seoul.go.kr,서울시 실시간 인구 데이터 연동 명소. 현재 혼잡도: ,family:0.8;couple:0.9;single:0.8;문화유산/역사;실시간명소
139,16,광화문광장 주말 나들이 & 핫플 탐방,2026-07-26,2026-08-31,https://data.seoul.go.kr,서울시 실시간 인구 데이터 연동 명소. 현재 혼잡도: 약간 붐빔,family:0.8;couple:0.9;single:0.8;문화유산/역사;실시간명소
140,38,숭례문 주말 나들이 & 핫플 탐방,2026-07-26,2026-08-31,https://data.seoul.go.kr,서울시 실시간 인구 데이터 연동 명소. 현재 혼잡도: 보통,family:0.8;couple:0.9;single:0.8;문화유산/역사;실시간명소
141,39,국립중앙박물관 주말 나들이 & 핫플 탐방,2026-07-26,2026-08-31,https://data.seoul.go.kr,서울시 실시간 인구 데이터 연동 명소. 현재 혼잡도: ,family:0.8;couple:0.9;single:0.8;박물관/전시;실시간명소
142,40,서울시립미술관 주말 나들이 & 핫플 탐방,2026-07-26,2026-08-31,https://data.seoul.go.kr,서울시 실시간 인구 데이터 연동 명소. 현재 혼잡도: ,family:0.8;couple:0.9;single:0.8;미술관/전시;실시간명소
143,41,세종문화회관 주말 나들이 & 핫플 탐방,2026-07-26,2026-08-31,https://data.seoul.go.kr,서울시 실시간 인구 데이터 연동 명소. 현재 혼잡도: ,family:0.8;couple:0.9;single:0.8;복합문화공간;실시간명소
144,42,동대문디자인플라자(DDP) 주말 나들이 & 핫플 탐방,2026-07-26,2026-08-31,https://data.seoul.go.kr,서울시 실시간 인구 데이터 연동 명소. 현재 혼잡도: ,family:0.8;couple:0.9;single:0.8;복합문화공간;실시간명소
145,43,남산골한옥마을 주말 나들이 & 핫플 탐방,2026-07-26,2026-08-31,https://data.seoul.go.kr,서울시 실시간 인구 데이터 연동 명소. 현재 혼잡도: ,family:0.8;couple:0.9;single:0.8;문화유산/역사;실시간명소
146,44,남산공원 주말 나들이 & 핫플 탐방,2026-07-26,2026-08-31,https://data.seoul.go.kr,서울시 실시간 인구 데이터 연동 명소. 현재 혼잡도: 보통,family:0.8;couple:0.9;single:0.8;공원/야외;실시간명소
147,45,서울어린이대공원 주말 나들이 & 핫플 탐방,2026-07-26,2026-08-31,https://data.seoul.go.kr,서울시 실시간 인구 데이터 연동 명소. 현재 혼잡도: ,family:0.8;couple:0.9;single:0.8;공원/야외;실시간명소
148,1,여의도한강공원 주말 나들이 & 핫플 탐방,2026-07-26,2026-08-31,https://data.seoul.go.kr,서울시 실시간 인구 데이터 연동 명소. 현재 혼잡도: 약간 붐빔,family:0.8;couple:0.9;single:0.8;공원/야외;실시간명소
149,46,뚝섬한강공원 주말 나들이 & 핫플 탐방,2026-07-26,2026-08-31,https://data.seoul.go.kr,서울시 실시간 인구 데이터 연동 명소. 현재 혼잡도: 약간 붐빔,family:0.8;couple:0.9;single:0.8;공원/야외;실시간명소
150,47,망원한강공원 주말 나들이 & 핫플 탐방,2026-07-26,2026-08-31,https://data.seoul.go.kr,서울시 실시간 인구 데이터 연동 명소. 현재 혼잡도: 약간 붐빔,family:0.8;couple:0.9;single:0.8;공원/야외;실시간명소
151,48,난지한강공원 주말 나들이 & 핫플 탐방,2026-07-26,2026-08-31,https://data.seoul.go.kr,서울시 실시간 인구 데이터 연동 명소. 현재 혼잡도: 약간 붐빔,family:0.8;couple:0.9;single:0.8;공원/야외;실시간명소
152,49,양화한강공원 주말 나들이 & 핫플 탐방,2026-07-26,2026-08-31,https://data.seoul.go.kr,서울시 실시간 인구 데이터 연동 명소. 현재 혼잡도: 여유,family:0.8;couple:0.9;single:0.8;공원/야외;실시간명소
153,50,이촌한강공원 주말 나들이 & 핫플 탐방,2026-07-26,2026-08-31,https://data.seoul.go.kr,서울시 실시간 인구 데이터 연동 명소. 현재 혼잡도: 약간 붐빔,family:0.8;couple:0.9;single:0.8;공원/야외;실시간명소
154,51,잠실한강공원 주말 나들이 & 핫플 탐방,2026-07-26,2026-08-31,https://data.seoul.go.kr,서울시 실시간 인구 데이터 연동 명소. 현재 혼잡도: 약간 붐빔,family:0.8;couple:0.9;single:0.8;공원/야외;실시간명소
155,52,광나루한강공원 주말 나들이 & 핫플 탐방,2026-07-26,2026-08-31,https://data.seoul.go.kr,서울시 실시간 인구 데이터 연동 명소. 현재 혼잡도: 약간 붐빔,family:0.8;couple:0.9;single:0.8;공원/야외;실시간명소
156,53,북한산국립공원 주말 나들이 & 핫플 탐방,2026-07-26,2026-08-31,https://data.seoul.go.kr,서울시 실시간 인구 데이터 연동 명소. 현재 혼잡도: ,family:0.8;couple:0.9;single:0.8;공원/야외;실시간명소
157,54,월드컵공원 주말 나들이 & 핫플 탐방,2026-07-26,2026-08-31,https://data.seoul.go.kr,서울시 실시간 인구 데이터 연동 명소. 현재 혼잡도: 붐빔,family:0.8;couple:0.9;single:0.8;공원/야외;실시간명소
158,55,올림픽공원 주말 나들이 & 핫플 탐방,2026-07-26,2026-08-31,https://data.seoul.go.kr,서울시 실시간 인구 데이터 연동 명소. 현재 혼잡도: 약간 붐빔,family:0.8;couple:0.9;single:0.8;공원/야외;실시간명소
159,56,보라매공원 주말 나들이 & 핫플 탐방,2026-07-26,2026-08-31,https://data.seoul.go.kr,서울시 실시간 인구 데이터 연동 명소. 현재 혼잡도: 여유,family:0.8;couple:0.9;single:0.8;공원/야외;실시간명소
160,57,북서울꿈의숲 주말 나들이 & 핫플 탐방,2026-07-26,2026-08-31,https://data.seoul.go.kr,서울시 실시간 인구 데이터 연동 명소. 현재 혼잡도: 보통,family:0.8;couple:0.9;single:0.8;공원/야외;실시간명소
161,58,서울식물원 주말 나들이 & 핫플 탐방,2026-07-26,2026-08-31,https://data.seoul.go.kr,서울시 실시간 인구 데이터 연동 명소. 현재 혼잡도: ,family:0.8;couple:0.9;single:0.8;공원/야외;실시간명소
162,59,용산공원 주말 나들이 & 핫플 탐방,2026-07-26,2026-08-31,https://data.seoul.go.kr,서울시 실시간 인구 데이터 연동 명소. 현재 혼잡도: ,family:0.8;couple:0.9;single:0.8;공원/야외;실시간명소
163,60,청계천 주말 나들이 & 핫플 탐방,2026-07-26,2026-08-31,https://data.seoul.go.kr,서울시 실시간 인구 데이터 연동 명소. 현재 혼잡도: ,family:0.8;couple:0.9;single:0.8;공원/야외;실시간명소
164,61,가로수길 주말 나들이 & 핫플 탐방,2026-07-26,2026-08-31,https://data.seoul.go.kr,서울시 실시간 인구 데이터 연동 명소. 현재 혼잡도: 보통,family:0.8;couple:0.9;single:0.8;팝업스토어;실시간명소
165,62,압구정로데오 주말 나들이 & 핫플 탐방,2026-07-26,2026-08-31,https://data.seoul.go.kr,서울시 실시간 인구 데이터 연동 명소. 현재 혼잡도: ,family:0.8;couple:0.9;single:0.8;팝업스토어;실시간명소
166,63,삼청동 주말 나들이 & 핫플 탐방,2026-07-26,2026-08-31,https://data.seoul.go.kr,서울시 실시간 인구 데이터 연동 명소. 현재 혼잡도: ,family:0.8;couple:0.9;single:0.8;미술관/전시;실시간명소
167,64,인사동 주말 나들이 & 핫플 탐방,2026-07-26,2026-08-31,https://data.seoul.go.kr,서울시 실시간 인구 데이터 연동 명소. 현재 혼잡도: 약간 붐빔,family:0.8;couple:0.9;single:0.8;문화유산/역사;실시간명소
168,65,대학로 주말 나들이 & 핫플 탐방,2026-07-26,2026-08-31,https://data.seoul.go.kr,서울시 실시간 인구 데이터 연동 명소. 현재 혼잡도: ,family:0.8;couple:0.9;single:0.8;복합문화공간;실시간명소
169,66,이대·신촌 주말 나들이 & 핫플 탐방,2026-07-26,2026-08-31,https://data.seoul.go.kr,서울시 실시간 인구 데이터 연동 명소. 현재 혼잡도: ,family:0.8;couple:0.9;single:0.8;카페/식음;실시간명소
170,67,건대입구 주말 나들이 & 핫플 탐방,2026-07-26,2026-08-31,https://data.seoul.go.kr,서울시 실시간 인구 데이터 연동 명소. 현재 혼잡도: ,family:0.8;couple:0.9;single:0.8;카페/식음;실시간명소
171,68,용리단길 주말 나들이 & 핫플 탐방,2026-07-26,2026-08-31,https://data.seoul.go.kr,서울시 실시간 인구 데이터 연동 명소. 현재 혼잡도: 보통,family:0.8;couple:0.9;single:0.8;카페/식음;실시간명소
172,69,문래창작촌 주말 나들이 & 핫플 탐방,2026-07-26,2026-08-31,https://data.seoul.go.kr,서울시 실시간 인구 데이터 연동 명소. 현재 혼잡도: ,family:0.8;couple:0.9;single:0.8;복합문화공간;실시간명소
173,70,서촌 주말 나들이 & 핫플 탐방,2026-07-26,2026-08-31,https://data.seoul.go.kr,서울시 실시간 인구 데이터 연동 명소. 현재 혼잡도: 보통,family:0.8;couple:0.9;single:0.8;문화유산/역사;실시간명소
174,22,북촌한옥마을 주말 나들이 & 핫플 탐방,2026-07-26,2026-08-31,https://data.seoul.go.kr,서울시 실시간 인구 데이터 연동 명소. 현재 혼잡도: 약간 붐빔,family:0.8;couple:0.9;single:0.8;문화유산/역사;실시간명소
175,71,강남역 주말 나들이 & 핫플 탐방,2026-07-26,2026-08-31,https://data.seoul.go.kr,서울시 실시간 인구 데이터 연동 명소. 현재 혼잡도: 붐빔,family:0.8;couple:0.9;single:0.8;카페/식음;실시간명소
176,72,홍대입구역 주말 나들이 & 핫플 탐방,2026-07-26,2026-08-31,https://data.seoul.go.kr,서울시 실시간 인구 데이터 연동 명소. 현재 혼잡도: ,family:0.8;couple:0.9;single:0.8;복합문화공간;실시간명소
177,73,샤로수길 주말 나들이 & 핫플 탐방,2026-07-26,2026-08-31,https://data.seoul.go.kr,서울시 실시간 인구 데이터 연동 명소. 현재 혼잡도: ,family:0.8;couple:0.9;single:0.8;카페/식음;실시간명소
178,44,N서울타워 주말 나들이 & 핫플 탐방,2026-07-26,2026-08-31,https://data.seoul.go.kr,서울시 실시간 인구 데이터 연동 명소. 현재 혼잡도: ,family:0.8;couple:0.9;single:0.8;공원/야외;실시간명소
179,74,경기도 아이사랑 영유아 오감발달 체험전,2026-08-01,2026-08-31,https://childcare.gg.go.kr,[경기도육아종합지원센터] 영유아와 부모가 함께하는 오감 감각 놀이 및 흙체험/물놀이 부스 | 대상: 0~5세 영유아 | 관람료: 무료 (사전예약),family:1.0;baby:1.0;영유아;무료체험;아기랑
180,75,성남시 야외 어린이 물놀이장 & 여름 맘스 힐링 축제,2026-07-25,2026-08-25,https://www.seongnam.go.kr,[성남시청 공공예약] 성남시 주관 유아 전용 얕은 수심 물놀이장 및 쉼터 테라스 | 대상: 영유아 및 초등 저학년 | 관람료: 무료,family:1.0;baby:0.9;여름피서지;물놀이;성남
181,74,캐치! 티니핑 매직쇼 뮤지컬 - 경기아트센터 공연,2026-08-08,2026-08-10,https://www.ticketlink.co.kr,"[티켓링크 / 인터파크] 아이들이 좋아하는 인기 애니메이션 티니핑 캐릭터 라이브 뮤지컬 | 대상: 2~7세 아동 | 관람료: 33,000원 ~ 66,000원",family:1.0;baby:0.9;티니핑;어린이뮤지컬;인기
182,76,모여라 띵동댕 번개맨 파워점프 Live - 용인포은아트홀,2026-08-15,2026-08-16,https://ticket.interpark.com,"[인터파크 티켓] EBS 인기 캐릭터 번개맨과 함께하는 어린이 참여형 뮤지컬 | 대상: 3세 이상 | 관람료: 40,000원 ~ 55,000원",family:1.0;baby:0.8;번개맨;어린이공연;용인
183,76,고양시 킨텍스 상상체험 키즈월드 여름 특별전,2026-07-15,2026-08-30,https://www.ticketlink.co.kr,"[티켓링크] 실내 초대형 에어바운스, 썰매, 보트체험 등 실내 대형 어린이 놀이동산 | 대상: 영유아~초등 | 관람료: 22,000원",family:1.0;baby:0.8;킨텍스;키즈월드;실내놀이터
184,76,화성시 뽀로로파크 & 아동 동화 체험존 Festival,2026-08-01,2026-08-15,https://www.hscity.go.kr,[화성시 시청 공지] 동탄 호수공원에서 만나는 뽀로로 야외 포토존 및 어린이 인형극 | 대상: 1~5세 영유아 | 관람료: 무료,family:1.0;baby:1.0;뽀로로;동탄호수공원;무료행사
185,75,2026 썸머 크래프트 썸머 파크 콘서트 - 성남아트센터,2026-08-07,2026-08-09,https://www.ticketlink.co.kr,"[티켓링크] 국내 최정상 오케스트라와 팝페라가 함께하는 여름밤 야외 음악회 | 대상: 전연령 / 커플 / 가족 | 관람료: 55,000원 ~ 110,000원",couple:1.0;single:0.8;family:0.7;콘서트;음악회;성남아트센터
186,76,빛의 시어터: 몰입형 미디어아트 특별전 '반 고흐 & 르누아르',2026-06-01,2026-10-31,https://ticket.interpark.com,"[인터파크 티켓] 웅장한 대형 스크린과 음악이 선사하는 명화 속 몰입형 미디어아트 전시 | 대상: 전연령 | 관람료: 29,000원",couple:1.0;single:0.9;family:0.8;미디어아트;전시;데이트
187,74,지브리 애니메이션 캔들라이트 콘서트 - 수원 SK아트리움,2026-08-20,2026-08-21,https://ticket.interpark.com,"[인터파크 티켓 / 티켓링크] 수천 개의 촛불 속에서 연주되는 하울의 움직이는 성, 토토로 OST 현악 4중주 | 대상: 초등 이상 / 커플 / 싱글 | 관람료: 65,000원 ~ 85,000원",couple:1.0;single:1.0;family:0.7;캔들라이트;지브리;음악회
188,76,경기도 미술관 2026 현대 미술 특별전 '감각의 숲',2026-07-01,2026-09-30,https://gmoma.ggcf.kr,"[경기도미술관 예매] 자연과 인간의 조화를 다룬 감각적인 현대 미술 및 다채로운 설치 미술전 | 대상: 전연령 | 관람료: 4,000원 (도민 할인가)",single:1.0;couple:0.9;family:0.8;경기도미술관;현대미술;전시
189,76,2026 부천 파크 썸머 페스티벌 & 락 콘서트,2026-08-14,2026-08-15,https://www.bcf.or.kr,[부천시 문화재단] 인디 밴드 및 유명 록 아티스트들이 펼치는 시원한 여름 야외 락 페스티벌 | 대상: 15세 이상 / 싱글 / 커플 | 관람료: 무료,single:1.0;couple:0.9;콘서트;부천;페스티벌;무료
190,28,"2026 성시경 with friends ［자,오늘은］",2026-09-05,2026-09-06,https://tickets.interpark.com//ticket.interpark.com/Tiki/Main/TiKiGoodsinfo.asp?GoodsCode=26010248,[인터파크 예매 랭킹 1위] 콘서트/페스티벌 | 관람료: 11 | 예매율: 20.1%,family:0.5;couple:0.95;single:0.9;콘서트/페스티벌;인터파크실시간
191,28,2026 임영웅 콘서트 ［IM HERO - THE STADIUM 2］,2026-09-04,2026-09-06,https://tickets.interpark.com//ticket.interpark.com/Tiki/Main/TiKiGoodsinfo.asp?GoodsCode=26009868,[인터파크 예매 랭킹 2위] 콘서트/페스티벌 | 관람료: 10 | 예매율: 6.8%,family:0.5;couple:0.95;single:0.9;콘서트/페스티벌;인터파크실시간
192,28,싸이흠뻑쇼 SUMMERSWAG2026 - 대전,2026-08-22,2026-08-23,https://tickets.interpark.com//ticket.interpark.com/Tiki/Main/TiKiGoodsinfo.asp?GoodsCode=26007850,[인터파크 예매 랭킹 3위] 콘서트/페스티벌 | 관람료: 10 | 예매율: 5.1%,family:0.5;couple:0.95;single:0.9;콘서트/페스티벌;인터파크실시간
193,28,Stray Kids World Tour 〈RUN IT SEOUL〉,2026-07-25,2026-08-02,https://tickets.interpark.com//ticket.interpark.com/Tiki/Main/TiKiGoodsinfo.asp?GoodsCode=26008422,[인터파크 예매 랭킹 4위] 콘서트/페스티벌 | 관람료: 10 | 예매율: 4.9%,family:0.5;couple:0.95;single:0.9;콘서트/페스티벌;인터파크실시간
194,28,싸이흠뻑쇼 SUMMERSWAG2026 - 부산,2026-08-15,2026-08-16,https://tickets.interpark.com//ticket.interpark.com/Tiki/Main/TiKiGoodsinfo.asp?GoodsCode=26007845,[인터파크 예매 랭킹 5위] 콘서트/페스티벌 | 관람료: 10 | 예매율: 3.6%,family:0.5;couple:0.95;single:0.9;콘서트/페스티벌;인터파크실시간
195,28,2026 인천펜타포트 락 페스티벌 with KB국민카드,2026-07-31,2026-08-02,https://tickets.interpark.com//ticket.interpark.com/Tiki/Main/TiKiGoodsinfo.asp?GoodsCode=26006159,[인터파크 예매 랭킹 6위] 콘서트/페스티벌 | 관람료: 9 | 예매율: 3%,family:0.5;couple:0.95;single:0.9;콘서트/페스티벌;인터파크실시간
196,28,2026 Asia Top Artist Festival,2026-09-19,2026-09-20,https://tickets.interpark.com//ticket.interpark.com/Tiki/Main/TiKiGoodsinfo.asp?GoodsCode=26009383,[인터파크 예매 랭킹 7위] 콘서트/페스티벌 | 관람료: 9 | 예매율: 2.1%,family:0.5;couple:0.95;single:0.9;콘서트/페스티벌;인터파크실시간
197,28,싸이흠뻑쇼 SUMMERSWAG2026 - 광주,2026-08-08,2026-08-08,https://tickets.interpark.com//ticket.interpark.com/Tiki/Main/TiKiGoodsinfo.asp?GoodsCode=26007870,[인터파크 예매 랭킹 8위] 콘서트/페스티벌 | 관람료: 9 | 예매율: 1.9%,family:0.5;couple:0.95;single:0.9;콘서트/페스티벌;인터파크실시간
198,28,BOYNEXTDOOR TOUR ‘KNOCK ON Vol.2’ IN BUSAN,2026-07-31,2026-08-02,https://tickets.interpark.com//ticket.interpark.com/Tiki/Main/TiKiGoodsinfo.asp?GoodsCode=26008566,[인터파크 예매 랭킹 9위] 콘서트/페스티벌 | 관람료: 9 | 예매율: 1.9%,family:0.5;couple:0.95;single:0.9;콘서트/페스티벌;인터파크실시간
199,55,그랜드 민트 페스티벌 2026,2026-10-17,2026-10-18,https://tickets.interpark.com//ticket.interpark.com/Tiki/Main/TiKiGoodsinfo.asp?GoodsCode=26010721,[인터파크 예매 랭킹 10위] 콘서트/페스티벌 | 관람료: 9 | 예매율: 1.5%,family:0.5;couple:0.95;single:0.9;콘서트/페스티벌;인터파크실시간
200,28,찰리 푸스 내한공연,2026-10-11,2026-10-11,https://tickets.interpark.com//ticket.interpark.com/Tiki/Main/TiKiGoodsinfo.asp?GoodsCode=26005759,[인터파크 예매 랭킹 11위] 콘서트/페스티벌 | 관람료: 9 | 예매율: 1.5%,family:0.5;couple:0.95;single:0.9;콘서트/페스티벌;인터파크실시간
201,28,옥토버페스트 서울 2026 일반석,2026-09-12,2026-09-21,https://tickets.interpark.com//ticket.interpark.com/Tiki/Main/TiKiGoodsinfo.asp?GoodsCode=26010333,[인터파크 예매 랭킹 11위] 콘서트/페스티벌 | 관람료: 5 | 예매율: 1.5%,family:0.5;couple:0.95;single:0.9;콘서트/페스티벌;인터파크실시간
202,28,싸이흠뻑쇼 SUMMERSWAG2026 - 수원,2026-08-01,2026-08-02,https://tickets.interpark.com//ticket.interpark.com/Tiki/Main/TiKiGoodsinfo.asp?GoodsCode=26007849,[인터파크 예매 랭킹 13위] 콘서트/페스티벌 | 관람료: 9 | 예매율: 1.4%,family:0.5;couple:0.95;single:0.9;콘서트/페스티벌;인터파크실시간
203,55,2026 izna Concert Tour: WHO DAT GIRL？in SEOUL,2026-09-19,2026-09-20,https://tickets.interpark.com//ticket.interpark.com/Tiki/Main/TiKiGoodsinfo.asp?GoodsCode=26010264,[인터파크 예매 랭킹 13위] 콘서트/페스티벌 | 관람료: 9 | 예매율: 1.4%,family:0.5;couple:0.95;single:0.9;콘서트/페스티벌;인터파크실시간
204,28,2026 무명전설 전국투어 콘서트 - 부천,2026-09-05,2026-09-05,https://tickets.interpark.com//ticket.interpark.com/Tiki/Main/TiKiGoodsinfo.asp?GoodsCode=26007444,[인터파크 예매 랭킹 15위] 콘서트/페스티벌 | 관람료: 9 | 예매율: 1.4%,family:0.5;couple:0.95;single:0.9;콘서트/페스티벌;인터파크실시간
205,4,2026 SEO EUNKWANG 〈REC : Feel Alive〉,2026-07-26,2026-07-26,https://tickets.interpark.com//ticket.interpark.com/Tiki/Main/TiKiGoodsinfo.asp?GoodsCode=26010347,[인터파크 예매 랭킹 16위] 콘서트/페스티벌 | 관람료: 3 | 예매율: 1.3%,family:0.5;couple:0.95;single:0.9;콘서트/페스티벌;인터파크실시간
206,28,Young K Solo Tour 〈YOUNGEST〉 in INCHEON,2026-08-14,2026-08-16,https://tickets.interpark.com//ticket.interpark.com/Tiki/Main/TiKiGoodsinfo.asp?GoodsCode=26009887,[인터파크 예매 랭킹 17위] 콘서트/페스티벌 | 관람료: 8 | 예매율: 1.2%,family:0.5;couple:0.95;single:0.9;콘서트/페스티벌;인터파크실시간
207,28,2026 PLAVE World Tour ［KEEP IT MANIC］ in Incheon,2026-09-12,2026-09-13,https://tickets.interpark.com//ticket.interpark.com/Tiki/Main/TiKiGoodsinfo.asp?GoodsCode=26008189,[인터파크 예매 랭킹 18위] 콘서트/페스티벌 | 관람료: 8 | 예매율: 1.2%,family:0.5;couple:0.95;single:0.9;콘서트/페스티벌;인터파크실시간
208,55,쏜애플 콘서트 ‘나의 세기’ - 서울,2026-08-15,2026-08-16,https://tickets.interpark.com//ticket.interpark.com/Tiki/Main/TiKiGoodsinfo.asp?GoodsCode=26008537,[인터파크 예매 랭킹 19위] 콘서트/페스티벌 | 관람료: 8 | 예매율: 1.2%,family:0.5;couple:0.95;single:0.9;콘서트/페스티벌;인터파크실시간
209,28,벤슨 분 내한공연,2026-10-26,2026-10-26,https://tickets.interpark.com//ticket.interpark.com/Tiki/Main/TiKiGoodsinfo.asp?GoodsCode=26010154,[인터파크 예매 랭킹 20위] 콘서트/페스티벌 | 관람료: 8 | 예매율: 1.1%,family:0.5;couple:0.95;single:0.9;콘서트/페스티벌;인터파크실시간
210,28,［데뷔 60주년 기념공연］ 2026 남진 전국투어 콘서트 - 예산,2026-09-05,2026-09-05,https://tickets.interpark.com//ticket.interpark.com/Tiki/Main/TiKiGoodsinfo.asp?GoodsCode=26010407,[인터파크 예매 랭킹 20위] 콘서트/페스티벌 | 관람료: 8 | 예매율: 1.1%,family:0.5;couple:0.95;single:0.9;콘서트/페스티벌;인터파크실시간
211,28,MADLY MEDLEY 2026,2026-09-05,2026-09-06,https://tickets.interpark.com//ticket.interpark.com/Tiki/Main/TiKiGoodsinfo.asp?GoodsCode=26009656,[인터파크 예매 랭킹 22위] 콘서트/페스티벌 | 관람료: 8 | 예매율: 1%,family:0.5;couple:0.95;single:0.9;콘서트/페스티벌;인터파크실시간
212,28,2026 HAHA FAN CONCERT - 부산,2026-08-22,2026-08-22,https://tickets.interpark.com//ticket.interpark.com/Tiki/Main/TiKiGoodsinfo.asp?GoodsCode=26009186,[인터파크 예매 랭킹 22위] 콘서트/페스티벌 | 관람료: 7 | 예매율: 1%,family:0.5;couple:0.95;single:0.9;콘서트/페스티벌;인터파크실시간
213,28,ENHYPEN WORLD TOUR ‘BLOOD SAGA’ IN BUSAN,2026-08-08,2026-08-09,https://tickets.interpark.com//ticket.interpark.com/Tiki/Main/TiKiGoodsinfo.asp?GoodsCode=26009346,[인터파크 예매 랭킹 24위] 콘서트/페스티벌 | 관람료: 8 | 예매율: 1%,family:0.5;couple:0.95;single:0.9;콘서트/페스티벌;인터파크실시간
214,28,혜은이 ＇26 썸머파티,2026-07-04,2026-08-02,https://tickets.interpark.com//ticket.interpark.com/Tiki/Main/TiKiGoodsinfo.asp?GoodsCode=26007209,[인터파크 예매 랭킹 25위] 콘서트/페스티벌 | 관람료: 6 | 예매율: 0.9%,family:0.5;couple:0.95;single:0.9;콘서트/페스티벌;인터파크실시간
215,28,"ano LIVE in SEOUL, KOREA 2026",2026-10-17,2026-10-18,https://tickets.interpark.com//ticket.interpark.com/Tiki/Main/TiKiGoodsinfo.asp?GoodsCode=26010474,[인터파크 예매 랭킹 26위] 콘서트/페스티벌 | 관람료: 8 | 예매율: 0.9%,family:0.5;couple:0.95;single:0.9;콘서트/페스티벌;인터파크실시간
216,28,〈2026 G2A〉 in KINTEX,2026-10-09,2026-10-09,https://tickets.interpark.com//ticket.interpark.com/Tiki/Main/TiKiGoodsinfo.asp?GoodsCode=26007354,[인터파크 예매 랭킹 27위] 콘서트/페스티벌 | 관람료: 6 | 예매율: 0.9%,family:0.5;couple:0.95;single:0.9;콘서트/페스티벌;인터파크실시간
217,28,포스트 말론 내한공연,2026-10-02,2026-10-02,https://tickets.interpark.com//ticket.interpark.com/Tiki/Main/TiKiGoodsinfo.asp?GoodsCode=26004944,[인터파크 예매 랭킹 28위] 콘서트/페스티벌 | 관람료: 8 | 예매율: 0.8%,family:0.5;couple:0.95;single:0.9;콘서트/페스티벌;인터파크실시간
218,28,CLICK-B RE:CLICK (한여름밤의 꿈 VOL.2),2026-08-08,2026-08-09,https://tickets.interpark.com//ticket.interpark.com/Tiki/Main/TiKiGoodsinfo.asp?GoodsCode=26008194,[인터파크 예매 랭킹 28위] 콘서트/페스티벌 | 관람료: 8 | 예매율: 0.8%,family:0.5;couple:0.95;single:0.9;콘서트/페스티벌;인터파크실시간
219,55,전유진 2nd Fan Concert ‘TWENTY-ONE’,2026-08-29,2026-08-30,https://tickets.interpark.com//ticket.interpark.com/Tiki/Main/TiKiGoodsinfo.asp?GoodsCode=26010675,[인터파크 예매 랭킹 30위] 콘서트/페스티벌 | 관람료: 7 | 예매율: 0.8%,family:0.5;couple:0.95;single:0.9;콘서트/페스티벌;인터파크실시간
220,28,2026 STAYC FAN CONCERT TOUR ［STAY CLOSER］,2026-08-22,2026-08-23,https://tickets.interpark.com//ticket.interpark.com/Tiki/Main/TiKiGoodsinfo.asp?GoodsCode=26009546,[인터파크 예매 랭킹 30위] 콘서트/페스티벌 | 관람료: 7 | 예매율: 0.8%,family:0.5;couple:0.95;single:0.9;콘서트/페스티벌;인터파크실시간
221,28,원소윤 스탠드업 코미디 ＇원 ＇,2026-08-08,2026-08-08,https://tickets.interpark.com//ticket.interpark.com/Tiki/Main/TiKiGoodsinfo.asp?GoodsCode=26010693,[인터파크 예매 랭킹 30위] 콘서트/페스티벌 | 관람료: 4 | 예매율: 0.8%,family:0.5;couple:0.95;single:0.9;콘서트/페스티벌;인터파크실시간
222,28,현대카드 슈퍼콘서트 28 위켄드(The Weeknd),2026-10-07,2026-10-08,https://tickets.interpark.com//ticket.interpark.com/Tiki/Main/TiKiGoodsinfo.asp?GoodsCode=26006903,[인터파크 예매 랭킹 33위] 콘서트/페스티벌 | 관람료: 8 | 예매율: 0.7%,family:0.5;couple:0.95;single:0.9;콘서트/페스티벌;인터파크실시간
223,28,〈현역가왕3〉 with 현역가왕 패밀리 페스티벌 - 부산,2026-08-15,2026-08-16,https://tickets.interpark.com//ticket.interpark.com/Tiki/Main/TiKiGoodsinfo.asp?GoodsCode=26009797,[인터파크 예매 랭킹 33위] 콘서트/페스티벌 | 관람료: 7 | 예매율: 0.7%,family:0.5;couple:0.95;single:0.9;콘서트/페스티벌;인터파크실시간
224,28,2026 지소쿠리클럽 단독 콘서트 : 와일드 오피스(Wild Office),2026-08-20,2026-08-23,https://tickets.interpark.com//ticket.interpark.com/Tiki/Main/TiKiGoodsinfo.asp?GoodsCode=26010429,[인터파크 예매 랭킹 33위] 콘서트/페스티벌 | 관람료: 7 | 예매율: 0.7%,family:0.5;couple:0.95;single:0.9;콘서트/페스티벌;인터파크실시간
225,28,2026 CassCool Festival,2026-08-22,2026-08-22,https://tickets.interpark.com//ticket.interpark.com/Tiki/Main/TiKiGoodsinfo.asp?GoodsCode=26009526,[인터파크 예매 랭킹 33위] 콘서트/페스티벌 | 관람료: 6 | 예매율: 0.7%,family:0.5;couple:0.95;single:0.9;콘서트/페스티벌;인터파크실시간
226,28,2026 무명전설 전국투어 콘서트 - 부산,2026-08-29,2026-08-29,https://tickets.interpark.com//ticket.interpark.com/Tiki/Main/TiKiGoodsinfo.asp?GoodsCode=26006786,[인터파크 예매 랭킹 37위] 콘서트/페스티벌 | 관람료: 7 | 예매율: 0.7%,family:0.5;couple:0.95;single:0.9;콘서트/페스티벌;인터파크실시간
227,28,2026 무명전설 전국투어 콘서트 - 광주,2026-08-22,2026-08-22,https://tickets.interpark.com//ticket.interpark.com/Tiki/Main/TiKiGoodsinfo.asp?GoodsCode=26006811,[인터파크 예매 랭킹 38위] 콘서트/페스티벌 | 관람료: 7 | 예매율: 0.6%,family:0.5;couple:0.95;single:0.9;콘서트/페스티벌;인터파크실시간
228,28,2026 무명전설 전국투어 콘서트 - 대전,2026-08-01,2026-08-01,https://tickets.interpark.com//ticket.interpark.com/Tiki/Main/TiKiGoodsinfo.asp?GoodsCode=26006558,[인터파크 예매 랭킹 38위] 콘서트/페스티벌 | 관람료: 7 | 예매율: 0.6%,family:0.5;couple:0.95;single:0.9;콘서트/페스티벌;인터파크실시간
229,28,2026 손태진 단독 콘서트 〈THE MAESTRO〉 - 수원,2026-08-22,2026-08-23,https://tickets.interpark.com//ticket.interpark.com/Tiki/Main/TiKiGoodsinfo.asp?GoodsCode=26010100,[인터파크 예매 랭킹 40위] 콘서트/페스티벌 | 관람료: 7 | 예매율: 0.6%,family:0.5;couple:0.95;single:0.9;콘서트/페스티벌;인터파크실시간
230,28,2026 2PM Concert “THE RETURN” in INCHEON,2026-08-08,2026-08-09,https://tickets.interpark.com//ticket.interpark.com/Tiki/Main/TiKiGoodsinfo.asp?GoodsCode=26009235,[인터파크 예매 랭킹 41위] 콘서트/페스티벌 | 관람료: 7 | 예매율: 0.5%,family:0.5;couple:0.95;single:0.9;콘서트/페스티벌;인터파크실시간
231,28,포르쉐 바이브 서울,2026-10-03,2026-10-04,https://tickets.interpark.com//ticket.interpark.com/Tiki/Main/TiKiGoodsinfo.asp?GoodsCode=26010008,[인터파크 예매 랭킹 41위] 콘서트/페스티벌 | 관람료: 2 | 예매율: 0.5%,family:0.5;couple:0.95;single:0.9;콘서트/페스티벌;인터파크실시간
232,28,Vaundy ASIA ARENA TOUR 2026 “HORO” IN SEOUL,2026-09-19,2026-09-20,https://tickets.interpark.com//ticket.interpark.com/Tiki/Main/TiKiGoodsinfo.asp?GoodsCode=26003199,[인터파크 예매 랭킹 43위] 콘서트/페스티벌 | 관람료: 6 | 예매율: 0.5%,family:0.5;couple:0.95;single:0.9;콘서트/페스티벌;인터파크실시간
233,28,［성남］ 2026 장윤정 라이브 콘서트 〈THE MASTER〉,2026-09-05,2026-09-05,https://tickets.interpark.com//ticket.interpark.com/Tiki/Main/TiKiGoodsinfo.asp?GoodsCode=26009749,[인터파크 예매 랭킹 43위] 콘서트/페스티벌 | 관람료: 6 | 예매율: 0.5%,family:0.5;couple:0.95;single:0.9;콘서트/페스티벌;인터파크실시간
234,28,짙은 : MINTPAPER 20th SPECIAL LIVE,2026-08-09,2026-08-09,https://tickets.interpark.com//ticket.interpark.com/Tiki/Main/TiKiGoodsinfo.asp?GoodsCode=26009635,[인터파크 예매 랭킹 43위] 콘서트/페스티벌 | 관람료: 5 | 예매율: 0.5%,family:0.5;couple:0.95;single:0.9;콘서트/페스티벌;인터파크실시간
235,28,STAGE CONCERT SERIES Ⅰ 〈프랑켄슈타인 : 더 뮤지컬 콘서트〉,2026-08-01,2026-08-02,https://tickets.interpark.com//ticket.interpark.com/Tiki/Main/TiKiGoodsinfo.asp?GoodsCode=26008695,[인터파크 예매 랭킹 46위] 콘서트/페스티벌 | 관람료: 6 | 예매율: 0.4%,family:0.5;couple:0.95;single:0.9;콘서트/페스티벌;인터파크실시간
236,28,2026 엠씨더맥스 이수 콘서트 ＇DSOTM＇,2026-08-29,2026-08-30,https://tickets.interpark.com//ticket.interpark.com/Tiki/Main/TiKiGoodsinfo.asp?GoodsCode=26009013,[인터파크 예매 랭킹 47위] 콘서트/페스티벌 | 관람료: 6 | 예매율: 0.4%,family:0.5;couple:0.95;single:0.9;콘서트/페스티벌;인터파크실시간
237,28,2026 무명전설 전국투어 콘서트 - 청주,2026-09-19,2026-09-19,https://tickets.interpark.com//ticket.interpark.com/Tiki/Main/TiKiGoodsinfo.asp?GoodsCode=26007417,[인터파크 예매 랭킹 47위] 콘서트/페스티벌 | 관람료: 6 | 예매율: 0.4%,family:0.5;couple:0.95;single:0.9;콘서트/페스티벌;인터파크실시간
238,28,재하 팬콘서트 〈재하가 장르다〉,2026-08-22,2026-08-22,https://tickets.interpark.com//ticket.interpark.com/Tiki/Main/TiKiGoodsinfo.asp?GoodsCode=26010713,[인터파크 예매 랭킹 47위] 콘서트/페스티벌 | 관람료: 6 | 예매율: 0.4%,family:0.5;couple:0.95;single:0.9;콘서트/페스티벌;인터파크실시간
239,28,FT 아일랜드 with 심포니,2026-08-15,2026-08-16,https://tickets.interpark.com//ticket.interpark.com/Tiki/Main/TiKiGoodsinfo.asp?GoodsCode=26008226,[인터파크 예매 랭킹 50위] 콘서트/페스티벌 | 관람료: 6 | 예매율: 0.3%,family:0.5;couple:0.95;single:0.9;콘서트/페스티벌;인터파크실시간
240,28,뮤지컬 드라큘라 (Dracula：The Musical),2026-07-10,2026-10-18,https://tickets.interpark.com//ticket.interpark.com/Tiki/Main/TiKiGoodsinfo.asp?GoodsCode=L0000142,[인터파크 예매 랭킹 1위] 뮤지컬 | 관람료: 11 | 예매율: 24.5%,family:0.7;couple:0.95;single:0.6;뮤지컬;인터파크실시간
241,41,뮤지컬 〈베토벤〉,2026-06-09,2026-08-11,https://tickets.interpark.com//ticket.interpark.com/Tiki/Main/TiKiGoodsinfo.asp?GoodsCode=P0004669,[인터파크 예매 랭킹 2위] 뮤지컬 | 관람료: 10 | 예매율: 6.5%,family:0.7;couple:0.95;single:0.6;뮤지컬;인터파크실시간
242,28,뮤지컬 〈헬스키친〉 (Musical Hell’s Kitchen),2026-07-24,2026-11-08,https://tickets.interpark.com//ticket.interpark.com/Tiki/Main/TiKiGoodsinfo.asp?GoodsCode=26007169,[인터파크 예매 랭킹 3위] 뮤지컬 | 관람료: 10 | 예매율: 6.2%,family:0.7;couple:0.95;single:0.6;뮤지컬;인터파크실시간
243,28,뮤지컬 〈그날들〉,2026-06-09,2026-08-23,https://tickets.interpark.com//ticket.interpark.com/Tiki/Main/TiKiGoodsinfo.asp?GoodsCode=26005310,[인터파크 예매 랭킹 4위] 뮤지컬 | 관람료: 10 | 예매율: 5.1%,family:0.7;couple:0.95;single:0.6;뮤지컬;인터파크실시간
244,28,뮤지컬 〈유미의 세포들〉,2026-06-30,2026-08-23,https://tickets.interpark.com//ticket.interpark.com/Tiki/Main/TiKiGoodsinfo.asp?GoodsCode=26006325,[인터파크 예매 랭킹 5위] 뮤지컬 | 관람료: 9 | 예매율: 3.7%,family:0.7;couple:0.95;single:0.6;뮤지컬;인터파크실시간
245,28,뮤지컬 〈엘리자벳〉,2026-08-16,2026-11-15,https://tickets.interpark.com//ticket.interpark.com/Tiki/Main/TiKiGoodsinfo.asp?GoodsCode=26009314,[인터파크 예매 랭킹 6위] 뮤지컬 | 관람료: 9 | 예매율: 3.5%,family:0.7;couple:0.95;single:0.6;뮤지컬;인터파크실시간
246,28,뮤지컬 〈빨래〉 - 32차 프로덕션,2026-06-11,2027-02-21,https://tickets.interpark.com//ticket.interpark.com/Tiki/Main/TiKiGoodsinfo.asp?GoodsCode=26007159,[인터파크 예매 랭킹 7위] 뮤지컬 | 관람료: 8 | 예매율: 3.3%,family:0.7;couple:0.95;single:0.6;뮤지컬;인터파크실시간
247,28,뮤지컬 〈빌리 엘리어트〉,2026-04-12,2026-07-26,https://tickets.interpark.com//ticket.interpark.com/Tiki/Main/TiKiGoodsinfo.asp?GoodsCode=26001001,[인터파크 예매 랭킹 8위] 뮤지컬 | 관람료: 9 | 예매율: 3.2%,family:0.7;couple:0.95;single:0.6;뮤지컬;인터파크실시간
248,28,뮤지컬 〈웨스턴 스토리〉 기깔나는 코믹 서부극,2026-07-01,2026-09-27,https://tickets.interpark.com//ticket.interpark.com/Tiki/Main/TiKiGoodsinfo.asp?GoodsCode=26007505,[인터파크 예매 랭킹 9위] 뮤지컬 | 관람료: 8 | 예매율: 3.1%,family:0.7;couple:0.95;single:0.6;뮤지컬;인터파크실시간
249,28,뮤지컬 〈겨울왕국〉 한국 초연 (FROZEN The Musical),2026-08-13,2027-03-01,https://tickets.interpark.com//ticket.interpark.com/Tiki/Main/TiKiGoodsinfo.asp?GoodsCode=26007416,[인터파크 예매 랭킹 10위] 뮤지컬 | 관람료: 9 | 예매율: 3%,family:0.7;couple:0.95;single:0.6;뮤지컬;인터파크실시간
250,65,뮤지컬 〈브라더스 까라마조프〉,2026-05-12,2026-09-06,https://tickets.interpark.com//ticket.interpark.com/Tiki/Main/TiKiGoodsinfo.asp?GoodsCode=26004473,[인터파크 예매 랭킹 11위] 뮤지컬 | 관람료: 8 | 예매율: 2.8%,family:0.7;couple:0.95;single:0.6;뮤지컬;인터파크실시간
251,28,뮤지컬 〈디어 에반 핸슨〉 (Musical Dear Evan Hansen),2026-08-01,2026-11-01,https://tickets.interpark.com//ticket.interpark.com/Tiki/Main/TiKiGoodsinfo.asp?GoodsCode=26007442,[인터파크 예매 랭킹 12위] 뮤지컬 | 관람료: 9 | 예매율: 2.4%,family:0.7;couple:0.95;single:0.6;뮤지컬;인터파크실시간
252,28,뮤지컬 〈비더슈탄트〉,2026-07-23,2026-10-11,https://tickets.interpark.com//ticket.interpark.com/Tiki/Main/TiKiGoodsinfo.asp?GoodsCode=26008861,[인터파크 예매 랭킹 13위] 뮤지컬 | 관람료: 7 | 예매율: 2.2%,family:0.7;couple:0.95;single:0.6;뮤지컬;인터파크실시간
253,28,뮤지컬 〈블랙메리포핀스〉,2026-06-18,2026-09-06,https://tickets.interpark.com//ticket.interpark.com/Tiki/Main/TiKiGoodsinfo.asp?GoodsCode=26006404,[인터파크 예매 랭킹 14위] 뮤지컬 | 관람료: 8 | 예매율: 1.8%,family:0.7;couple:0.95;single:0.6;뮤지컬;인터파크실시간
254,65,뮤지컬 〈파가니니〉,2026-06-20,2026-08-30,https://tickets.interpark.com//ticket.interpark.com/Tiki/Main/TiKiGoodsinfo.asp?GoodsCode=26006228,[인터파크 예매 랭킹 15위] 뮤지컬 | 관람료: 8 | 예매율: 1.8%,family:0.7;couple:0.95;single:0.6;뮤지컬;인터파크실시간
255,41,이은결 30주년 〈ONE OF ONE〉,2026-08-22,2026-09-06,https://tickets.interpark.com//ticket.interpark.com/Tiki/Main/TiKiGoodsinfo.asp?GoodsCode=26007764,[인터파크 예매 랭킹 16위] 뮤지컬 | 관람료: 8 | 예매율: 1.7%,family:0.7;couple:0.95;single:0.6;뮤지컬;인터파크실시간
256,28,〈슬립노모어 서울〉 (Sleep No More Seoul),2025-07-24,2026-09-27,https://tickets.interpark.com//ticket.interpark.com/Tiki/Main/TiKiGoodsinfo.asp?GoodsCode=25008376,[인터파크 예매 랭킹 17위] 뮤지컬 | 관람료: 9 | 예매율: 1.6%,family:0.7;couple:0.95;single:0.6;뮤지컬;인터파크실시간
257,28,최현우 FaTe - 서울,2026-08-01,2026-08-23,https://tickets.interpark.com//ticket.interpark.com/Tiki/Main/TiKiGoodsinfo.asp?GoodsCode=26007823,[인터파크 예매 랭킹 18위] 뮤지컬 | 관람료: 8 | 예매율: 1.5%,family:0.7;couple:0.95;single:0.6;뮤지컬;인터파크실시간
258,28,나 혼자만 레벨업 on ICE,2026-08-07,2026-08-17,https://tickets.interpark.com//ticket.interpark.com/Tiki/Main/TiKiGoodsinfo.asp?GoodsCode=26008022,[인터파크 예매 랭킹 19위] 뮤지컬 | 관람료: 8 | 예매율: 1.5%,family:0.7;couple:0.95;single:0.6;뮤지컬;인터파크실시간
259,28,뮤지컬 〈시데레우스〉,2026-06-04,2026-08-30,https://tickets.interpark.com//ticket.interpark.com/Tiki/Main/TiKiGoodsinfo.asp?GoodsCode=26006420,[인터파크 예매 랭킹 20위] 뮤지컬 | 관람료: 6 | 예매율: 1.4%,family:0.7;couple:0.95;single:0.6;뮤지컬;인터파크실시간
260,65,2026 뮤지컬 〈Mad Hatter〉,2026-06-09,2026-08-30,https://tickets.interpark.com//ticket.interpark.com/Tiki/Main/TiKiGoodsinfo.asp?GoodsCode=26006189,[인터파크 예매 랭킹 21위] 뮤지컬 | 관람료: 6 | 예매율: 1.2%,family:0.7;couple:0.95;single:0.6;뮤지컬;인터파크실시간
261,28,뮤지컬 〈피리 부는 사나이〉,2026-06-12,2026-08-02,https://tickets.interpark.com//ticket.interpark.com/Tiki/Main/TiKiGoodsinfo.asp?GoodsCode=26006201,[인터파크 예매 랭킹 22위] 뮤지컬 | 관람료: 6 | 예매율: 1.1%,family:0.7;couple:0.95;single:0.6;뮤지컬;인터파크실시간
262,65,뮤지컬 〈소년의 초상〉,2026-07-28,2026-10-18,https://tickets.interpark.com//ticket.interpark.com/Tiki/Main/TiKiGoodsinfo.asp?GoodsCode=26008698,[인터파크 예매 랭킹 22위] 뮤지컬 | 관람료: 6 | 예매율: 1.1%,family:0.7;couple:0.95;single:0.6;뮤지컬;인터파크실시간
263,28,뮤지컬 〈광화문연가〉,2026-09-06,2026-11-15,https://tickets.interpark.com//ticket.interpark.com/Tiki/Main/TiKiGoodsinfo.asp?GoodsCode=26009625,[인터파크 예매 랭킹 24위] 뮤지컬 | 관람료: 8 | 예매율: 1%,family:0.7;couple:0.95;single:0.6;뮤지컬;인터파크실시간
264,28,뮤지컬 〈어둑시니〉,2026-06-09,2026-08-30,https://tickets.interpark.com//ticket.interpark.com/Tiki/Main/TiKiGoodsinfo.asp?GoodsCode=26006560,[인터파크 예매 랭킹 25위] 뮤지컬 | 관람료: 6 | 예매율: 0.8%,family:0.7;couple:0.95;single:0.6;뮤지컬;인터파크실시간
265,28,뮤지컬 〈박열〉,2026-06-10,2026-09-06,https://tickets.interpark.com//ticket.interpark.com/Tiki/Main/TiKiGoodsinfo.asp?GoodsCode=26006751,[인터파크 예매 랭킹 25위] 뮤지컬 | 관람료: 6 | 예매율: 0.8%,family:0.7;couple:0.95;single:0.6;뮤지컬;인터파크실시간
266,28,최현우 19+I - 대전,2026-10-17,2026-10-18,https://tickets.interpark.com//ticket.interpark.com/Tiki/Main/TiKiGoodsinfo.asp?GoodsCode=26009211,[인터파크 예매 랭킹 27위] 뮤지컬 | 관람료: 6 | 예매율: 0.8%,family:0.7;couple:0.95;single:0.6;뮤지컬;인터파크실시간
267,28,쇼뮤지컬 ［와일드 와일드］,2025-06-13,2026-10-31,https://tickets.interpark.com//ticket.interpark.com/Tiki/Main/TiKiGoodsinfo.asp?GoodsCode=25006677,[인터파크 예매 랭킹 27위] 뮤지컬 | 관람료: 6 | 예매율: 0.8%,family:0.7;couple:0.95;single:0.6;뮤지컬;인터파크실시간
268,28,뮤지컬 〈푸른 꽃〉,2026-08-13,2026-10-25,https://tickets.interpark.com//ticket.interpark.com/Tiki/Main/TiKiGoodsinfo.asp?GoodsCode=26009616,[인터파크 예매 랭킹 29위] 뮤지컬 | 관람료: 6 | 예매율: 0.7%,family:0.7;couple:0.95;single:0.6;뮤지컬;인터파크실시간
269,65,뮤지컬 〈김종욱 찾기〉,2026-03-07,2026-08-31,https://tickets.interpark.com//ticket.interpark.com/Tiki/Main/TiKiGoodsinfo.asp?GoodsCode=26003258,[인터파크 예매 랭킹 30위] 뮤지컬 | 관람료: 2 | 예매율: 0.6%,family:0.7;couple:0.95;single:0.6;뮤지컬;인터파크실시간
270,65,뮤지컬 〈콰이어 오브 맨〉,2026-09-18,2027-01-03,https://tickets.interpark.com//ticket.interpark.com/Tiki/Main/TiKiGoodsinfo.asp?GoodsCode=26009193,[인터파크 예매 랭킹 31위] 뮤지컬 | 관람료: 5 | 예매율: 0.6%,family:0.7;couple:0.95;single:0.6;뮤지컬;인터파크실시간
271,28,난타(NANTA) - 명동공연,2022-07-08,2026-12-31,https://tickets.interpark.com//ticket.interpark.com/Tiki/Main/TiKiGoodsinfo.asp?GoodsCode=22006637,[인터파크 예매 랭킹 31위] 뮤지컬 | 관람료: 4 | 예매율: 0.6%,family:0.7;couple:0.95;single:0.6;뮤지컬;인터파크실시간
272,28,뮤지컬 〈서편제〉 - 세종시,2026-07-30,2026-08-01,https://tickets.interpark.com//ticket.interpark.com/Tiki/Main/TiKiGoodsinfo.asp?GoodsCode=26007621,[인터파크 예매 랭킹 33위] 뮤지컬 | 관람료: 6 | 예매율: 0.5%,family:0.7;couple:0.95;single:0.6;뮤지컬;인터파크실시간
273,28,뮤지컬 떳다ㅅㄱ,2026-07-23,2026-08-20,https://tickets.interpark.com//ticket.interpark.com/Tiki/Main/TiKiGoodsinfo.asp?GoodsCode=26008714,[인터파크 예매 랭킹 33위] 뮤지컬 | 관람료: 3 | 예매율: 0.5%,family:0.7;couple:0.95;single:0.6;뮤지컬;인터파크실시간
274,28,뮤지컬 〈그날들〉 - 대구,2026-09-04,2026-09-06,https://tickets.interpark.com//ticket.interpark.com/Tiki/Main/TiKiGoodsinfo.asp?GoodsCode=26009910,[인터파크 예매 랭킹 35위] 뮤지컬 | 관람료: 7 | 예매율: 0.5%,family:0.7;couple:0.95;single:0.6;뮤지컬;인터파크실시간
275,65,뮤지컬 〈키키의 경계성 인격장애 다이어리〉,2026-07-30,2026-10-04,https://tickets.interpark.com//ticket.interpark.com/Tiki/Main/TiKiGoodsinfo.asp?GoodsCode=26008712,[인터파크 예매 랭킹 36위] 뮤지컬 | 관람료: 2 | 예매율: 0.4%,family:0.7;couple:0.95;single:0.6;뮤지컬;인터파크실시간
276,28,"뮤지컬 〈어서 오세요, 휴남동 서점입니다〉 - 서울",2025-03-01,2026-09-30,https://tickets.interpark.com//ticket.interpark.com/Tiki/Main/TiKiGoodsinfo.asp?GoodsCode=26002729,[인터파크 예매 랭킹 37위] 뮤지컬 | 관람료: 3 | 예매율: 0.4%,family:0.7;couple:0.95;single:0.6;뮤지컬;인터파크실시간
277,28,"K-컬처프로젝트 〈태권유랑단, 녹두〉",2026-09-04,2026-09-12,https://tickets.interpark.com//ticket.interpark.com/Tiki/Main/TiKiGoodsinfo.asp?GoodsCode=26008652,[인터파크 예매 랭킹 38위] 뮤지컬 | 관람료: 2 | 예매율: 0.4%,family:0.7;couple:0.95;single:0.6;뮤지컬;인터파크실시간
278,28,뮤지컬 〈그날들〉 - 대전,2026-09-26,2026-09-27,https://tickets.interpark.com//ticket.interpark.com/Tiki/Main/TiKiGoodsinfo.asp?GoodsCode=26009831,[인터파크 예매 랭킹 39위] 뮤지컬 | 관람료: 6 | 예매율: 0.3%,family:0.7;couple:0.95;single:0.6;뮤지컬;인터파크실시간
279,28,이은결 30주년 〈ONE OF ONE〉 - 부산,2026-10-02,2026-10-04,https://tickets.interpark.com//ticket.interpark.com/Tiki/Main/TiKiGoodsinfo.asp?GoodsCode=26008747,[인터파크 예매 랭킹 39위] 뮤지컬 | 관람료: 5 | 예매율: 0.3%,family:0.7;couple:0.95;single:0.6;뮤지컬;인터파크실시간
280,28,뮤지컬 〈왕자대전〉 - 수원,2026-08-01,2026-08-01,https://tickets.interpark.com//ticket.interpark.com/Tiki/Main/TiKiGoodsinfo.asp?GoodsCode=26010255,[인터파크 예매 랭킹 39위] 뮤지컬 | 관람료: 1 | 예매율: 0.3%,family:0.7;couple:0.95;single:0.6;뮤지컬;인터파크실시간
281,28,최현우 19+I - 이천,2026-11-14,2026-11-15,https://tickets.interpark.com//ticket.interpark.com/Tiki/Main/TiKiGoodsinfo.asp?GoodsCode=26009532,[인터파크 예매 랭킹 42위] 뮤지컬 | 관람료: 4 | 예매율: 0.3%,family:0.7;couple:0.95;single:0.6;뮤지컬;인터파크실시간
282,28,뮤지컬 〈종의 기원〉,2026-06-23,2026-09-20,https://tickets.interpark.com//ticket.interpark.com/Tiki/Main/TiKiGoodsinfo.asp?GoodsCode=26006810,[인터파크 예매 랭킹 42위] 뮤지컬 | 관람료: 3 | 예매율: 0.3%,family:0.7;couple:0.95;single:0.6;뮤지컬;인터파크실시간
283,28,2026 뮤지컬 〈미드나잇 : 액터뮤지션〉,2026-04-08,2026-08-09,https://tickets.interpark.com//ticket.interpark.com/Tiki/Main/TiKiGoodsinfo.asp?GoodsCode=26004103,[인터파크 예매 랭킹 42위] 뮤지컬 | 관람료: 3 | 예매율: 0.3%,family:0.7;couple:0.95;single:0.6;뮤지컬;인터파크실시간
284,28,창작가무극 〈청사초롱 불 밝혀라〉,2026-08-22,2026-09-13,https://tickets.interpark.com//ticket.interpark.com/Tiki/Main/TiKiGoodsinfo.asp?GoodsCode=26009512,[인터파크 예매 랭킹 42위] 뮤지컬 | 관람료: 3 | 예매율: 0.3%,family:0.7;couple:0.95;single:0.6;뮤지컬;인터파크실시간
285,28,뮤지컬 늦봄의 길 - 수원,2026-08-15,2026-08-15,https://tickets.interpark.com//ticket.interpark.com/Tiki/Main/TiKiGoodsinfo.asp?GoodsCode=26009258,[인터파크 예매 랭킹 42위] 뮤지컬 | 관람료: 2 | 예매율: 0.3%,family:0.7;couple:0.95;single:0.6;뮤지컬;인터파크실시간
286,28,뮤지컬 〈서편제〉 - 당진,2026-08-06,2026-08-08,https://tickets.interpark.com//ticket.interpark.com/Tiki/Main/TiKiGoodsinfo.asp?GoodsCode=26007938,[인터파크 예매 랭킹 47위] 뮤지컬 | 관람료: 6 | 예매율: 0.3%,family:0.7;couple:0.95;single:0.6;뮤지컬;인터파크실시간
287,28,뮤지컬 팬레터 - 진주,2026-09-18,2026-09-19,https://tickets.interpark.com//ticket.interpark.com/Tiki/Main/TiKiGoodsinfo.asp?GoodsCode=26010131,[인터파크 예매 랭킹 47위] 뮤지컬 | 관람료: 3 | 예매율: 0.3%,family:0.7;couple:0.95;single:0.6;뮤지컬;인터파크실시간
288,28,뮤지컬 〈스트라빈스키〉,2026-06-30,2026-09-13,https://tickets.interpark.com//ticket.interpark.com/Tiki/Main/TiKiGoodsinfo.asp?GoodsCode=26009480,[인터파크 예매 랭킹 47위] 뮤지컬 | 관람료: 2 | 예매율: 0.3%,family:0.7;couple:0.95;single:0.6;뮤지컬;인터파크실시간
289,28,뮤지컬 Club 〈설화〉,2026-05-14,2026-11-29,https://tickets.interpark.com//ticket.interpark.com/Tiki/Main/TiKiGoodsinfo.asp?GoodsCode=26008571,[인터파크 예매 랭킹 47위] 뮤지컬 | 관람료: 2 | 예매율: 0.3%,family:0.7;couple:0.95;single:0.6;뮤지컬;인터파크실시간
290,28,연극 〈베니스의 상인〉,2026-07-08,2026-08-09,https://tickets.interpark.com//ticket.interpark.com/Tiki/Main/TiKiGoodsinfo.asp?GoodsCode=26005135,[인터파크 예매 랭킹 1위] 연극 | 관람료: 11 | 예매율: 29.8%,family:0.5;couple:0.6;single:0.9;연극;인터파크실시간
291,65,죽은 시인의 사회,2026-07-18,2026-09-13,https://tickets.interpark.com//ticket.interpark.com/Tiki/Main/TiKiGoodsinfo.asp?GoodsCode=26006175,[인터파크 예매 랭킹 2위] 연극 | 관람료: 10 | 예매율: 8.6%,family:0.5;couple:0.6;single:0.9;연극;인터파크실시간
292,41,연극 〈오이디푸스〉,2026-07-04,2026-08-23,https://tickets.interpark.com//ticket.interpark.com/Tiki/Main/TiKiGoodsinfo.asp?GoodsCode=P0004710,[인터파크 예매 랭킹 3위] 연극 | 관람료: 9 | 예매율: 5.7%,family:0.5;couple:0.6;single:0.9;연극;인터파크실시간
293,28,연극 〈베니스의 상인〉 - 대구,2026-08-28,2026-08-29,https://tickets.interpark.com//ticket.interpark.com/Tiki/Main/TiKiGoodsinfo.asp?GoodsCode=26009849,[인터파크 예매 랭킹 4위] 연극 | 관람료: 9 | 예매율: 4.6%,family:0.5;couple:0.6;single:0.9;연극;인터파크실시간
294,28,연극 〈베니스의 상인〉 - 이천,2026-09-11,2026-09-12,https://tickets.interpark.com//ticket.interpark.com/Tiki/Main/TiKiGoodsinfo.asp?GoodsCode=26010608,[인터파크 예매 랭킹 5위] 연극 | 관람료: 9 | 예매율: 4.6%,family:0.5;couple:0.6;single:0.9;연극;인터파크실시간
295,28,연극 〈2호선세입자〉 : 지하철 생존 코미디 - JS아트홀,2026-07-11,2026-08-31,https://tickets.interpark.com//ticket.interpark.com/Tiki/Main/TiKiGoodsinfo.asp?GoodsCode=26008423,[인터파크 예매 랭킹 6위] 연극 | 관람료: 6 | 예매율: 3.2%,family:0.5;couple:0.6;single:0.9;연극;인터파크실시간
296,28,블랙코미디 최강자! 연극 〈죽여주는 이야기〉- 18주년,2008-05-15,2026-11-30,https://tickets.interpark.com//ticket.interpark.com/Tiki/Main/TiKiGoodsinfo.asp?GoodsCode=26003518,[인터파크 예매 랭킹 7위] 연극 | 관람료: 6 | 예매율: 2.9%,family:0.5;couple:0.6;single:0.9;연극;인터파크실시간
297,28,연극 〈플리백 (Fleabag)〉 한국 초연,2026-06-19,2026-09-06,https://tickets.interpark.com//ticket.interpark.com/Tiki/Main/TiKiGoodsinfo.asp?GoodsCode=26006445,[인터파크 예매 랭킹 8위] 연극 | 관람료: 8 | 예매율: 2.7%,family:0.5;couple:0.6;single:0.9;연극;인터파크실시간
298,28,"연극 〈쉬어매드니스〉-웃음은 시원하게, 추리는 치열하게! 당신이 완성할 결말!",2015-11-12,2026-08-31,https://tickets.interpark.com//ticket.interpark.com/Tiki/Main/TiKiGoodsinfo.asp?GoodsCode=24006928,[인터파크 예매 랭킹 9위] 연극 | 관람료: 6 | 예매율: 1.8%,family:0.5;couple:0.6;single:0.9;연극;인터파크실시간
299,28,국민연극 〈라이어〉 - 상명아트홀 1관,2025-01-10,2026-08-31,https://tickets.interpark.com//ticket.interpark.com/Tiki/Main/TiKiGoodsinfo.asp?GoodsCode=24017527,[인터파크 예매 랭킹 10위] 연극 | 관람료: 6 | 예매율: 1.8%,family:0.5;couple:0.6;single:0.9;연극;인터파크실시간
300,65,2026연극 사랑해엄마,2026-05-01,2026-10-25,https://tickets.interpark.com//ticket.interpark.com/Tiki/Main/TiKiGoodsinfo.asp?GoodsCode=26005154,[인터파크 예매 랭킹 11위] 연극 | 관람료: 7 | 예매율: 1.8%,family:0.5;couple:0.6;single:0.9;연극;인터파크실시간
301,28,연극 〈타인의 삶〉,2026-07-01,2026-09-13,https://tickets.interpark.com//ticket.interpark.com/Tiki/Main/TiKiGoodsinfo.asp?GoodsCode=L0000143,[인터파크 예매 랭킹 12위] 연극 | 관람료: 8 | 예매율: 1.7%,family:0.5;couple:0.6;single:0.9;연극;인터파크실시간
302,28,"연극 〈꽃, 별이 지나〉",2026-06-16,2026-08-23,https://tickets.interpark.com//ticket.interpark.com/Tiki/Main/TiKiGoodsinfo.asp?GoodsCode=26007167,[인터파크 예매 랭킹 13위] 연극 | 관람료: 7 | 예매율: 1.5%,family:0.5;couple:0.6;single:0.9;연극;인터파크실시간
303,28,대학로 혜화 연극 한뼘사이,2025-05-01,2026-08-31,https://tickets.interpark.com//ticket.interpark.com/Tiki/Main/TiKiGoodsinfo.asp?GoodsCode=25005387,[인터파크 예매 랭킹 14위] 연극 | 관람료: 4 | 예매율: 1.3%,family:0.5;couple:0.6;single:0.9;연극;인터파크실시간
304,65,연극 〈더 헬멧〉,2026-07-09,2026-10-11,https://tickets.interpark.com//ticket.interpark.com/Tiki/Main/TiKiGoodsinfo.asp?GoodsCode=26007583,[인터파크 예매 랭킹 15위] 연극 | 관람료: 6 | 예매율: 1.3%,family:0.5;couple:0.6;single:0.9;연극;인터파크실시간
305,65,연극〈늘근도둑이야기〉,2022-03-05,2026-08-31,https://tickets.interpark.com//ticket.interpark.com/Tiki/Main/TiKiGoodsinfo.asp?GoodsCode=22001159,[인터파크 예매 랭킹 16위] 연극 | 관람료: 4 | 예매율: 1.2%,family:0.5;couple:0.6;single:0.9;연극;인터파크실시간
306,28,4D공포연극 〈스위치〉,2026-04-01,2026-08-31,https://tickets.interpark.com//ticket.interpark.com/Tiki/Main/TiKiGoodsinfo.asp?GoodsCode=26003529,[인터파크 예매 랭킹 17위] 연극 | 관람료: 4 | 예매율: 1%,family:0.5;couple:0.6;single:0.9;연극;인터파크실시간
307,28,코믹추리스릴러 연극 〈행오버〉 - 12년째 공연 중,2014-09-11,2026-08-31,https://tickets.interpark.com//ticket.interpark.com/Tiki/Main/TiKiGoodsinfo.asp?GoodsCode=26002148,[인터파크 예매 랭킹 18위] 연극 | 관람료: 4 | 예매율: 0.9%,family:0.5;couple:0.6;single:0.9;연극;인터파크실시간
308,65,대학로 혜화 연극 사내연애 보고서,2024-07-01,2026-08-31,https://tickets.interpark.com//ticket.interpark.com/Tiki/Main/TiKiGoodsinfo.asp?GoodsCode=24008626,[인터파크 예매 랭킹 18위] 연극 | 관람료: 3 | 예매율: 0.9%,family:0.5;couple:0.6;single:0.9;연극;인터파크실시간
309,28,연극 〈구미호 식당〉,2026-03-20,2026-08-17,https://tickets.interpark.com//ticket.interpark.com/Tiki/Main/TiKiGoodsinfo.asp?GoodsCode=26002026,[인터파크 예매 랭킹 20위] 연극 | 관람료: 3 | 예매율: 0.8%,family:0.5;couple:0.6;single:0.9;연극;인터파크실시간
310,28,뮤직드라마 〈불편한 편의점1〉 - 부산,2026-03-28,2026-08-30,https://tickets.interpark.com//ticket.interpark.com/Tiki/Main/TiKiGoodsinfo.asp?GoodsCode=26001679,[인터파크 예매 랭킹 21위] 연극 | 관람료: 4 | 예매율: 0.7%,family:0.5;couple:0.6;single:0.9;연극;인터파크실시간
311,65,대학로 혜화 연극 플러팅,2026-06-02,2026-08-31,https://tickets.interpark.com//ticket.interpark.com/Tiki/Main/TiKiGoodsinfo.asp?GoodsCode=26007360,[인터파크 예매 랭킹 22위] 연극 | 관람료: 3 | 예매율: 0.7%,family:0.5;couple:0.6;single:0.9;연극;인터파크실시간
312,65,배꼽 쏟고 눈물 잡는 연극 ［보물찾기］,2025-12-12,2026-08-31,https://tickets.interpark.com//ticket.interpark.com/Tiki/Main/TiKiGoodsinfo.asp?GoodsCode=25017226,[인터파크 예매 랭킹 22위] 연극 | 관람료: 3 | 예매율: 0.7%,family:0.5;couple:0.6;single:0.9;연극;인터파크실시간
313,28,연극 〈댄포스가 옳았다〉,2026-06-12,2026-08-30,https://tickets.interpark.com//ticket.interpark.com/Tiki/Main/TiKiGoodsinfo.asp?GoodsCode=26006311,[인터파크 예매 랭킹 24위] 연극 | 관람료: 6 | 예매율: 0.7%,family:0.5;couple:0.6;single:0.9;연극;인터파크실시간
314,28,그레잇코미디추리극 〈히든퍼즐〉,2026-07-01,2026-08-31,https://tickets.interpark.com//ticket.interpark.com/Tiki/Main/TiKiGoodsinfo.asp?GoodsCode=26008016,[인터파크 예매 랭킹 24위] 연극 | 관람료: 3 | 예매율: 0.7%,family:0.5;couple:0.6;single:0.9;연극;인터파크실시간
315,28,뮤직드라마 〈불편한 편의점〉 - 김호연 작가의 밀리언셀러 소설이 공연으로 재탄생 (서울),2023-04-08,2026-09-30,https://tickets.interpark.com//ticket.interpark.com/Tiki/Main/TiKiGoodsinfo.asp?GoodsCode=26002626,[인터파크 예매 랭킹 26위] 연극 | 관람료: 4 | 예매율: 0.6%,family:0.5;couple:0.6;single:0.9;연극;인터파크실시간
316,65,연극 〈내가 하면 로맨스〉,2026-05-01,2026-08-31,https://tickets.interpark.com//ticket.interpark.com/Tiki/Main/TiKiGoodsinfo.asp?GoodsCode=26004699,[인터파크 예매 랭킹 27위] 연극 | 관람료: 5 | 예매율: 0.6%,family:0.5;couple:0.6;single:0.9;연극;인터파크실시간
317,28,대학로 대표 코믹 연극 〈오백에삼십〉 - 서울,2024-03-01,2026-08-31,https://tickets.interpark.com//ticket.interpark.com/Tiki/Main/TiKiGoodsinfo.asp?GoodsCode=24001916,[인터파크 예매 랭킹 28위] 연극 | 관람료: 3 | 예매율: 0.6%,family:0.5;couple:0.6;single:0.9;연극;인터파크실시간
318,28,대학로 대표 코믹 힐링극 〈뷰티풀라이프〉,2018-02-20,2026-08-31,https://tickets.interpark.com//ticket.interpark.com/Tiki/Main/TiKiGoodsinfo.asp?GoodsCode=18001569,[인터파크 예매 랭킹 28위] 연극 | 관람료: 3 | 예매율: 0.6%,family:0.5;couple:0.6;single:0.9;연극;인터파크실시간
319,28,준생:영웅으로 살다 - 횡성,2026-08-07,2026-08-07,https://tickets.interpark.com//ticket.interpark.com/Tiki/Main/TiKiGoodsinfo.asp?GoodsCode=26009725,[인터파크 예매 랭킹 28위] 연극 | 관람료: 2 | 예매율: 0.6%,family:0.5;couple:0.6;single:0.9;연극;인터파크실시간
320,28,코믹추리극 ［마피아게임］,2026-03-07,2026-08-31,https://tickets.interpark.com//ticket.interpark.com/Tiki/Main/TiKiGoodsinfo.asp?GoodsCode=26002527,[인터파크 예매 랭킹 31위] 연극 | 관람료: 2 | 예매율: 0.5%,family:0.5;couple:0.6;single:0.9;연극;인터파크실시간
321,28,연극 〈마트로시카〉,2026-05-01,2026-08-31,https://tickets.interpark.com//ticket.interpark.com/Tiki/Main/TiKiGoodsinfo.asp?GoodsCode=26005602,[인터파크 예매 랭킹 32위] 연극 | 관람료: 4 | 예매율: 0.5%,family:0.5;couple:0.6;single:0.9;연극;인터파크실시간
322,28,마피아게임 - 광주,2026-07-30,2026-08-30,https://tickets.interpark.com//ticket.interpark.com/Tiki/Main/TiKiGoodsinfo.asp?GoodsCode=26009068,[인터파크 예매 랭킹 32위] 연극 | 관람료: 3 | 예매율: 0.5%,family:0.5;couple:0.6;single:0.9;연극;인터파크실시간
323,28,연극 〈나의PS파트너〉,2024-02-03,2026-08-31,https://tickets.interpark.com//ticket.interpark.com/Tiki/Main/TiKiGoodsinfo.asp?GoodsCode=24001114,[인터파크 예매 랭킹 32위] 연극 | 관람료: 3 | 예매율: 0.5%,family:0.5;couple:0.6;single:0.9;연극;인터파크실시간
324,28,2026 연극 〈다 내 아이들〉,2026-08-21,2026-08-30,https://tickets.interpark.com//ticket.interpark.com/Tiki/Main/TiKiGoodsinfo.asp?GoodsCode=26010241,[인터파크 예매 랭킹 35위] 연극 | 관람료: 3 | 예매율: 0.4%,family:0.5;couple:0.6;single:0.9;연극;인터파크실시간
325,28,공포스릴러연극 〈시그널〉 - 서울,2026-07-09,2026-08-24,https://tickets.interpark.com//ticket.interpark.com/Tiki/Main/TiKiGoodsinfo.asp?GoodsCode=26008357,[인터파크 예매 랭킹 35위] 연극 | 관람료: 2 | 예매율: 0.4%,family:0.5;couple:0.6;single:0.9;연극;인터파크실시간
326,28,연극 사랑해엄마 (인천),2026-09-05,2026-09-06,https://tickets.interpark.com//ticket.interpark.com/Tiki/Main/TiKiGoodsinfo.asp?GoodsCode=26006949,[인터파크 예매 랭킹 37위] 연극 | 관람료: 4 | 예매율: 0.4%,family:0.5;couple:0.6;single:0.9;연극;인터파크실시간
327,28,연극 핫식스,2023-04-03,2026-08-31,https://tickets.interpark.com//ticket.interpark.com/Tiki/Main/TiKiGoodsinfo.asp?GoodsCode=23003616,[인터파크 예매 랭킹 37위] 연극 | 관람료: 2 | 예매율: 0.4%,family:0.5;couple:0.6;single:0.9;연극;인터파크실시간
328,65,좀비연극 오마이갓,2023-04-11,2026-08-31,https://tickets.interpark.com//ticket.interpark.com/Tiki/Main/TiKiGoodsinfo.asp?GoodsCode=23004562,[인터파크 예매 랭킹 37위] 연극 | 관람료: 2 | 예매율: 0.4%,family:0.5;couple:0.6;single:0.9;연극;인터파크실시간
329,28,［2026 M 초이스］ 창극 〈살로메〉,2026-08-21,2026-08-23,https://tickets.interpark.com//ticket.interpark.com/Tiki/Main/TiKiGoodsinfo.asp?GoodsCode=26008816,[인터파크 예매 랭킹 40위] 연극 | 관람료: 4 | 예매율: 0.4%,family:0.5;couple:0.6;single:0.9;연극;인터파크실시간
330,65,연극 〈가족사진〉,2026-07-30,2026-08-02,https://tickets.interpark.com//ticket.interpark.com/Tiki/Main/TiKiGoodsinfo.asp?GoodsCode=26010649,[인터파크 예매 랭킹 40위] 연극 | 관람료: 2 | 예매율: 0.4%,family:0.5;couple:0.6;single:0.9;연극;인터파크실시간
331,28,대학로 청소년연극 〈사춘기메들리〉,2024-02-01,2026-08-31,https://tickets.interpark.com//ticket.interpark.com/Tiki/Main/TiKiGoodsinfo.asp?GoodsCode=24001202,[인터파크 예매 랭킹 40위] 연극 | 관람료: 2 | 예매율: 0.4%,family:0.5;couple:0.6;single:0.9;연극;인터파크실시간
332,28,연극 너의 목소리가 들려,2023-11-14,2026-08-31,https://tickets.interpark.com//ticket.interpark.com/Tiki/Main/TiKiGoodsinfo.asp?GoodsCode=23016780,[인터파크 예매 랭킹 43위] 연극 | 관람료: 2 | 예매율: 0.3%,family:0.5;couple:0.6;single:0.9;연극;인터파크실시간
333,28,국립극단 〈스카팽〉 - 화성,2026-11-20,2026-11-22,https://tickets.interpark.com//ticket.interpark.com/Tiki/Main/TiKiGoodsinfo.asp?GoodsCode=26007546,[인터파크 예매 랭킹 43위] 연극 | 관람료: 2 | 예매율: 0.3%,family:0.5;couple:0.6;single:0.9;연극;인터파크실시간
334,28,연극 〈렁스〉 : 연극열전10_아홉 번째 작품,2026-05-23,2026-08-02,https://tickets.interpark.com//ticket.interpark.com/Tiki/Main/TiKiGoodsinfo.asp?GoodsCode=26005060,[인터파크 예매 랭킹 45위] 연극 | 관람료: 3 | 예매율: 0.3%,family:0.5;couple:0.6;single:0.9;연극;인터파크실시간
335,28,대구 동성로 공포연극 〈스위치〉 - 대구,2026-07-09,2026-08-30,https://tickets.interpark.com//ticket.interpark.com/Tiki/Main/TiKiGoodsinfo.asp?GoodsCode=26008310,[인터파크 예매 랭킹 45위] 연극 | 관람료: 2 | 예매율: 0.3%,family:0.5;couple:0.6;single:0.9;연극;인터파크실시간
336,28,연극 ［나의 PS파트너］ - 대구,2026-07-24,2026-08-30,https://tickets.interpark.com//ticket.interpark.com/Tiki/Main/TiKiGoodsinfo.asp?GoodsCode=26008748,[인터파크 예매 랭킹 45위] 연극 | 관람료: 2 | 예매율: 0.3%,family:0.5;couple:0.6;single:0.9;연극;인터파크실시간
337,28,대학로 혜화 연극 비누향기,2021-07-10,2026-07-31,https://tickets.interpark.com//ticket.interpark.com/Tiki/Main/TiKiGoodsinfo.asp?GoodsCode=21007446,[인터파크 예매 랭킹 45위] 연극 | 관람료: 2 | 예매율: 0.3%,family:0.5;couple:0.6;single:0.9;연극;인터파크실시간
338,28,프랑스 스트라스부르 국립극장 ‘라크리마’,2026-10-02,2026-10-03,https://tickets.interpark.com//ticket.interpark.com/Tiki/Main/TiKiGoodsinfo.asp?GoodsCode=26002044,[인터파크 예매 랭킹 49위] 연극 | 관람료: 4 | 예매율: 0.3%,family:0.5;couple:0.6;single:0.9;연극;인터파크실시간
339,41,피지컬 시어터 〈네이처 오브 포겟팅〉 : 연극열전10_열 번째 작품,2026-09-18,2026-11-29,https://tickets.interpark.com//ticket.interpark.com/Tiki/Main/TiKiGoodsinfo.asp?GoodsCode=P0004771,[인터파크 예매 랭킹 49위] 연극 | 관람료: 2 | 예매율: 0.3%,family:0.5;couple:0.6;single:0.9;연극;인터파크실시간
340,28,2026 예술의전당＆유니버설발레단 〈백조의 호수〉,2026-08-14,2026-08-23,https://tickets.interpark.com//ticket.interpark.com/Tiki/Main/TiKiGoodsinfo.asp?GoodsCode=26008352,[인터파크 예매 랭킹 1위] 클래식/음악회 | 관람료: 9 | 예매율: 6.5%,family:0.5;couple:0.95;single:0.9;클래식/음악회;인터파크실시간
341,28,국내 최초 〈인터스텔라 필름콘서트〉 한국 초연,2026-10-11,2026-10-11,https://tickets.interpark.com//ticket.interpark.com/Tiki/Main/TiKiGoodsinfo.asp?GoodsCode=26010025,[인터파크 예매 랭킹 2위] 클래식/음악회 | 관람료: 8 | 예매율: 2.4%,family:0.5;couple:0.95;single:0.9;클래식/음악회;인터파크실시간
342,28,지브리＆디즈니 영화음악 FESTA(8/9),2026-08-09,2026-08-09,https://tickets.interpark.com//ticket.interpark.com/Tiki/Main/TiKiGoodsinfo.asp?GoodsCode=26006406,[인터파크 예매 랭킹 3위] 클래식/음악회 | 관람료: 7 | 예매율: 2.4%,family:0.5;couple:0.95;single:0.9;클래식/음악회;인터파크실시간
343,28,"우리 시대 에투알 2026 (7.29, 8.1-2)",2026-07-29,2026-08-02,https://tickets.interpark.com//ticket.interpark.com/Tiki/Main/TiKiGoodsinfo.asp?GoodsCode=26007743,[인터파크 예매 랭킹 4위] 클래식/음악회 | 관람료: 9 | 예매율: 2.3%,family:0.5;couple:0.95;single:0.9;클래식/음악회;인터파크실시간
344,28,강남심포니오케스트라 제117회 정기연주회,2026-08-05,2026-08-05,https://tickets.interpark.com//ticket.interpark.com/Tiki/Main/TiKiGoodsinfo.asp?GoodsCode=26008713,[인터파크 예매 랭킹 5위] 클래식/음악회 | 관람료: 4 | 예매율: 1.8%,family:0.5;couple:0.95;single:0.9;클래식/음악회;인터파크실시간
345,28,낭만주의 거장 〈말러＆라흐마니노프＆차이코프스키〉,2026-09-03,2026-09-03,https://tickets.interpark.com//ticket.interpark.com/Tiki/Main/TiKiGoodsinfo.asp?GoodsCode=26007649,[인터파크 예매 랭킹 6위] 클래식/음악회 | 관람료: 6 | 예매율: 1.4%,family:0.5;couple:0.95;single:0.9;클래식/음악회;인터파크실시간
346,28,클래식시리즈3. 조수미 세계무대 데뷔 40주년 기념 공연 - 인천,2026-08-21,2026-08-21,https://tickets.interpark.com//ticket.interpark.com/Tiki/Main/TiKiGoodsinfo.asp?GoodsCode=26010747,[인터파크 예매 랭킹 7위] 클래식/음악회 | 관람료: 6 | 예매율: 1.3%,family:0.5;couple:0.95;single:0.9;클래식/음악회;인터파크실시간
347,28,2026 장한나의 대전그랜드페스티벌 오프닝 콘서트,2026-10-04,2026-10-04,https://tickets.interpark.com//ticket.interpark.com/Tiki/Main/TiKiGoodsinfo.asp?GoodsCode=26009901,[인터파크 예매 랭킹 7위] 클래식/음악회 | 관람료: 3 | 예매율: 1.3%,family:0.5;couple:0.95;single:0.9;클래식/음악회;인터파크실시간
348,28,2026 천안예술의전당 개관14주년 기념공연II 국립오페라단 오페라 ＜피가로의 결혼＞ - 천안,2026-09-19,2026-09-20,https://tickets.interpark.com//ticket.interpark.com/Tiki/Main/TiKiGoodsinfo.asp?GoodsCode=26010562,[인터파크 예매 랭킹 9위] 클래식/음악회 | 관람료: 4 | 예매율: 1.2%,family:0.5;couple:0.95;single:0.9;클래식/음악회;인터파크실시간
349,28,〈시댄스 투모로우〉 ［SIDance2026］,2026-09-15,2026-09-18,https://tickets.interpark.com//ticket.interpark.com/Tiki/Main/TiKiGoodsinfo.asp?GoodsCode=26010735,[인터파크 예매 랭킹 9위] 클래식/음악회 | 관람료: 3 | 예매율: 1.2%,family:0.5;couple:0.95;single:0.9;클래식/음악회;인터파크실시간
350,28,파보 예르비 ＆ 에스토니안 페스티벌 오케스트라,2026-10-20,2026-10-20,https://tickets.interpark.com//ticket.interpark.com/Tiki/Main/TiKiGoodsinfo.asp?GoodsCode=26010276,[인터파크 예매 랭킹 11위] 클래식/음악회 | 관람료: 6 | 예매율: 1.1%,family:0.5;couple:0.95;single:0.9;클래식/음악회;인터파크실시간
351,28,국립오페라단 〈라 트라비아타〉 - 화성,2026-09-11,2026-09-12,https://tickets.interpark.com//ticket.interpark.com/Tiki/Main/TiKiGoodsinfo.asp?GoodsCode=26007873,[인터파크 예매 랭킹 11위] 클래식/음악회 | 관람료: 4 | 예매율: 1.1%,family:0.5;couple:0.95;single:0.9;클래식/음악회;인터파크실시간
352,28,［NBF:B 2026］지젤 (Giselle),2026-08-21,2026-08-22,https://tickets.interpark.com//ticket.interpark.com/Tiki/Main/TiKiGoodsinfo.asp?GoodsCode=26010754,[인터파크 예매 랭킹 13위] 클래식/음악회 | 관람료: 3 | 예매율: 1.1%,family:0.5;couple:0.95;single:0.9;클래식/음악회;인터파크실시간
353,28,지브리＆디즈니 영화음악 FESTA,2026-08-30,2026-08-30,https://tickets.interpark.com//ticket.interpark.com/Tiki/Main/TiKiGoodsinfo.asp?GoodsCode=26007953,[인터파크 예매 랭킹 14위] 클래식/음악회 | 관람료: 6 | 예매율: 1%,family:0.5;couple:0.95;single:0.9;클래식/음악회;인터파크실시간
354,28,너의 이름은. - 필름 콘서트 - 부산,2026-08-08,2026-08-08,https://tickets.interpark.com//ticket.interpark.com/Tiki/Main/TiKiGoodsinfo.asp?GoodsCode=26005815,[인터파크 예매 랭킹 14위] 클래식/음악회 | 관람료: 5 | 예매율: 1%,family:0.5;couple:0.95;single:0.9;클래식/음악회;인터파크실시간
355,28,포르테 디 콰트로 10주년 기념 콘서트_부산,2026-09-13,2026-09-13,https://tickets.interpark.com//ticket.interpark.com/Tiki/Main/TiKiGoodsinfo.asp?GoodsCode=26010434,[인터파크 예매 랭킹 16위] 클래식/음악회 | 관람료: 6 | 예매율: 0.9%,family:0.5;couple:0.95;single:0.9;클래식/음악회;인터파크실시간
356,28,지브리＆디즈니 영화음악 오케스트라 콘서트 - 2026 경주 OPEN,2026-08-02,2026-08-02,https://tickets.interpark.com//ticket.interpark.com/Tiki/Main/TiKiGoodsinfo.asp?GoodsCode=26006927,[인터파크 예매 랭킹 16위] 클래식/음악회 | 관람료: 5 | 예매율: 0.9%,family:0.5;couple:0.95;single:0.9;클래식/음악회;인터파크실시간
357,28,제23회 대구국제오페라축제 〈마술피리〉 - 대구,2026-10-16,2026-10-17,https://tickets.interpark.com//ticket.interpark.com/Tiki/Main/TiKiGoodsinfo.asp?GoodsCode=26010317,[인터파크 예매 랭킹 16위] 클래식/음악회 | 관람료: 2 | 예매율: 0.9%,family:0.5;couple:0.95;single:0.9;클래식/음악회;인터파크실시간
358,28,썸머 무비 콘서트 - 대전,2026-08-06,2026-08-06,https://tickets.interpark.com//ticket.interpark.com/Tiki/Main/TiKiGoodsinfo.asp?GoodsCode=26008665,[인터파크 예매 랭킹 19위] 클래식/음악회 | 관람료: 3 | 예매율: 0.8%,family:0.5;couple:0.95;single:0.9;클래식/음악회;인터파크실시간
359,28,〈금난새의 유쾌한 클래식〉 대전국제음악제 - 대전,2026-08-01,2026-08-01,https://tickets.interpark.com//ticket.interpark.com/Tiki/Main/TiKiGoodsinfo.asp?GoodsCode=26009859,[인터파크 예매 랭킹 19위] 클래식/음악회 | 관람료: 3 | 예매율: 0.8%,family:0.5;couple:0.95;single:0.9;클래식/음악회;인터파크실시간
360,28,주페 ‘레퀴엠’ 〈국립합창단 ＆ 강남심포니오케스트라〉 - 화성,2026-09-13,2026-09-13,https://tickets.interpark.com//ticket.interpark.com/Tiki/Main/TiKiGoodsinfo.asp?GoodsCode=26009661,[인터파크 예매 랭킹 19위] 클래식/음악회 | 관람료: 2 | 예매율: 0.8%,family:0.5;couple:0.95;single:0.9;클래식/음악회;인터파크실시간
361,28,국립오페라단 정기공연 오페라 〈라인의 황금〉,2026-10-29,2026-11-01,https://tickets.interpark.com//ticket.interpark.com/Tiki/Main/TiKiGoodsinfo.asp?GoodsCode=26001652,[인터파크 예매 랭킹 22위] 클래식/음악회 | 관람료: 5 | 예매율: 0.8%,family:0.5;couple:0.95;single:0.9;클래식/음악회;인터파크실시간
362,28,손민수 피아노 리사이틀,2026-10-27,2026-10-27,https://tickets.interpark.com//ticket.interpark.com/Tiki/Main/TiKiGoodsinfo.asp?GoodsCode=26009966,[인터파크 예매 랭킹 22위] 클래식/음악회 | 관람료: 5 | 예매율: 0.8%,family:0.5;couple:0.95;single:0.9;클래식/음악회;인터파크실시간
363,28,지브리＆디즈니 영화음악 오케스트라 콘서트 - 대구 앙코르,2026-08-23,2026-08-23,https://tickets.interpark.com//ticket.interpark.com/Tiki/Main/TiKiGoodsinfo.asp?GoodsCode=26004796,[인터파크 예매 랭킹 22위] 클래식/음악회 | 관람료: 4 | 예매율: 0.8%,family:0.5;couple:0.95;single:0.9;클래식/음악회;인터파크실시간
364,41,썸머 무비 콘서트,2026-08-17,2026-08-17,https://tickets.interpark.com//ticket.interpark.com/Tiki/Main/TiKiGoodsinfo.asp?GoodsCode=P0004727,[인터파크 예매 랭킹 22위] 클래식/음악회 | 관람료: 4 | 예매율: 0.8%,family:0.5;couple:0.95;single:0.9;클래식/음악회;인터파크실시간
365,28,시네마 배틀 콘서트 LEGEND VS LEGEND,2026-07-26,2026-07-26,https://tickets.interpark.com//ticket.interpark.com/Tiki/Main/TiKiGoodsinfo.asp?GoodsCode=26007332,[인터파크 예매 랭킹 22위] 클래식/음악회 | 관람료: 3 | 예매율: 0.8%,family:0.5;couple:0.95;single:0.9;클래식/음악회;인터파크실시간
366,28,2026 〈청춘만발〉,2026-08-10,2026-08-21,https://tickets.interpark.com//ticket.interpark.com/Tiki/Main/TiKiGoodsinfo.asp?GoodsCode=26009589,[인터파크 예매 랭킹 22위] 클래식/음악회 | 관람료: 2 | 예매율: 0.8%,family:0.5;couple:0.95;single:0.9;클래식/음악회;인터파크실시간
367,28,국립오페라단 정기공연 오페라 〈돈 카를로스〉,2026-12-03,2026-12-06,https://tickets.interpark.com//ticket.interpark.com/Tiki/Main/TiKiGoodsinfo.asp?GoodsCode=26001653,[인터파크 예매 랭킹 28위] 클래식/음악회 | 관람료: 5 | 예매율: 0.7%,family:0.5;couple:0.95;single:0.9;클래식/음악회;인터파크실시간
368,28,2026 예술의전당 오페라 〈투란도트〉 (7.26),2026-07-26,2026-07-26,https://tickets.interpark.com//ticket.interpark.com/Tiki/Main/TiKiGoodsinfo.asp?GoodsCode=26006300,[인터파크 예매 랭킹 28위] 클래식/음악회 | 관람료: 4 | 예매율: 0.7%,family:0.5;couple:0.95;single:0.9;클래식/음악회;인터파크실시간
369,28,KBS교향악단 제829회 정기연주회,2026-08-27,2026-08-27,https://tickets.interpark.com//ticket.interpark.com/Tiki/Main/TiKiGoodsinfo.asp?GoodsCode=25017203,[인터파크 예매 랭킹 28위] 클래식/음악회 | 관람료: 4 | 예매율: 0.7%,family:0.5;couple:0.95;single:0.9;클래식/음악회;인터파크실시간
370,28,MelON 디즈니+ 지브리 오케스트라 콘서트 vol.3 - 고양앙코르,2026-08-30,2026-08-30,https://tickets.interpark.com//ticket.interpark.com/Tiki/Main/TiKiGoodsinfo.asp?GoodsCode=26009703,[인터파크 예매 랭킹 28위] 클래식/음악회 | 관람료: 3 | 예매율: 0.7%,family:0.5;couple:0.95;single:0.9;클래식/음악회;인터파크실시간
371,28,2026 평창대관령음악제 Concert ＃8 ‘고독에서 환희로’,2026-07-28,2026-07-28,https://tickets.interpark.com//ticket.interpark.com/Tiki/Main/TiKiGoodsinfo.asp?GoodsCode=26006010,[인터파크 예매 랭킹 28위] 클래식/음악회 | 관람료: 3 | 예매율: 0.7%,family:0.5;couple:0.95;single:0.9;클래식/음악회;인터파크실시간
372,28,KT그룹희망나눔재단과 함께하는 예술의전당 마음을 담은 클래식(8월),2026-08-28,2026-08-28,https://tickets.interpark.com//ticket.interpark.com/Tiki/Main/TiKiGoodsinfo.asp?GoodsCode=26010703,[인터파크 예매 랭킹 28위] 클래식/음악회 | 관람료: 2 | 예매율: 0.7%,family:0.5;couple:0.95;single:0.9;클래식/음악회;인터파크실시간
373,28,"국립심포니오케스트라 〈파야, 삼각모자 모음곡〉",2026-08-07,2026-08-07,https://tickets.interpark.com//ticket.interpark.com/Tiki/Main/TiKiGoodsinfo.asp?GoodsCode=25017043,[인터파크 예매 랭킹 28위] 클래식/음악회 | 관람료: 2 | 예매율: 0.7%,family:0.5;couple:0.95;single:0.9;클래식/음악회;인터파크실시간
374,28,2026 마포아트센터 마티네 콘서트［MAC 모닝 콘서트］＃6,2026-08-26,2026-08-26,https://tickets.interpark.com//ticket.interpark.com/Tiki/Main/TiKiGoodsinfo.asp?GoodsCode=26005649,[인터파크 예매 랭킹 28위] 클래식/음악회 | 관람료: 2 | 예매율: 0.7%,family:0.5;couple:0.95;single:0.9;클래식/음악회;인터파크실시간
375,28,영유아를 위한 베이비오페라 〈오르페오의 포근〉 - 구리,2026-08-08,2026-08-09,https://tickets.interpark.com//ticket.interpark.com/Tiki/Main/TiKiGoodsinfo.asp?GoodsCode=26010554,[인터파크 예매 랭킹 28위] 클래식/음악회 | 관람료: 2 | 예매율: 0.7%,family:0.5;couple:0.95;single:0.9;클래식/음악회;인터파크실시간
376,28,사이먼 래틀 경 ＆ 바이에른 방송교향악단 (11/12),2026-11-12,2026-11-12,https://tickets.interpark.com//ticket.interpark.com/Tiki/Main/TiKiGoodsinfo.asp?GoodsCode=26006932,[인터파크 예매 랭킹 37위] 클래식/음악회 | 관람료: 7 | 예매율: 0.6%,family:0.5;couple:0.95;single:0.9;클래식/음악회;인터파크실시간
377,28,디즈니 판타지아 인 콘서트,2026-08-04,2026-08-04,https://tickets.interpark.com//ticket.interpark.com/Tiki/Main/TiKiGoodsinfo.asp?GoodsCode=26005845,[인터파크 예매 랭킹 37위] 클래식/음악회 | 관람료: 4 | 예매율: 0.6%,family:0.5;couple:0.95;single:0.9;클래식/음악회;인터파크실시간
378,28,지브리＆디즈니 영화음악 오케스트라 콘서트 - 광주 앙코르 (9/13),2026-09-13,2026-09-13,https://tickets.interpark.com//ticket.interpark.com/Tiki/Main/TiKiGoodsinfo.asp?GoodsCode=26008550,[인터파크 예매 랭킹 37위] 클래식/음악회 | 관람료: 4 | 예매율: 0.6%,family:0.5;couple:0.95;single:0.9;클래식/음악회;인터파크실시간
379,28,윤별발레컴퍼니 발레 갈라 〈앙 드올〉 - 수원,2026-09-06,2026-09-06,https://tickets.interpark.com//ticket.interpark.com/Tiki/Main/TiKiGoodsinfo.asp?GoodsCode=26010349,[인터파크 예매 랭킹 37위] 클래식/음악회 | 관람료: 3 | 예매율: 0.6%,family:0.5;couple:0.95;single:0.9;클래식/음악회;인터파크실시간
380,28,KBS교향악단과 함께하는 제10회 여수음악제 - 특별연주회Ⅱ〈백윤학의 Cine-Fantasy〉,2026-09-04,2026-09-04,https://tickets.interpark.com//ticket.interpark.com/Tiki/Main/TiKiGoodsinfo.asp?GoodsCode=26010284,[인터파크 예매 랭킹 37위] 클래식/음악회 | 관람료: 2 | 예매율: 0.6%,family:0.5;couple:0.95;single:0.9;클래식/음악회;인터파크실시간
381,28,지브리 ＆ 디즈니 OST 콘서트 with 첼로댁-이천,2026-08-29,2026-08-29,https://tickets.interpark.com//ticket.interpark.com/Tiki/Main/TiKiGoodsinfo.asp?GoodsCode=26010001,[인터파크 예매 랭킹 37위] 클래식/음악회 | 관람료: 2 | 예매율: 0.6%,family:0.5;couple:0.95;single:0.9;클래식/음악회;인터파크실시간
382,28,예술의전당 토요콘서트 - 프리뷰 베토벤(8월),2026-08-15,2026-08-15,https://tickets.interpark.com//ticket.interpark.com/Tiki/Main/TiKiGoodsinfo.asp?GoodsCode=26007999,[인터파크 예매 랭킹 37위] 클래식/음악회 | 관람료: 2 | 예매율: 0.6%,family:0.5;couple:0.95;single:0.9;클래식/음악회;인터파크실시간
383,28,동물의 사육제 - 의정부,2026-08-08,2026-08-08,https://tickets.interpark.com//ticket.interpark.com/Tiki/Main/TiKiGoodsinfo.asp?GoodsCode=26009862,[인터파크 예매 랭킹 37위] 클래식/음악회 | 관람료: 1 | 예매율: 0.6%,family:0.5;couple:0.95;single:0.9;클래식/음악회;인터파크실시간
384,28,사물놀이 느닷 〈양평아리랑〉 쇼케이스 - 양평,2026-08-01,2026-08-01,https://tickets.interpark.com//ticket.interpark.com/Tiki/Main/TiKiGoodsinfo.asp?GoodsCode=26010153,[인터파크 예매 랭킹 37위] 클래식/음악회 | 관람료: 1 | 예매율: 0.6%,family:0.5;couple:0.95;single:0.9;클래식/음악회;인터파크실시간
385,28,양인모 ＆ 헬싱키 필하모닉 오케스트라-대전,2026-10-21,2026-10-21,https://tickets.interpark.com//ticket.interpark.com/Tiki/Main/TiKiGoodsinfo.asp?GoodsCode=26008255,[인터파크 예매 랭킹 46위] 클래식/음악회 | 관람료: 4 | 예매율: 0.5%,family:0.5;couple:0.95;single:0.9;클래식/음악회;인터파크실시간
386,28,한스 짐머 영화음악 콘서트 2026_서울,2026-08-29,2026-08-29,https://tickets.interpark.com//ticket.interpark.com/Tiki/Main/TiKiGoodsinfo.asp?GoodsCode=26005143,[인터파크 예매 랭킹 46위] 클래식/음악회 | 관람료: 4 | 예매율: 0.5%,family:0.5;couple:0.95;single:0.9;클래식/음악회;인터파크실시간
387,28,한스 짐머 영화음악 콘서트 2026_수원,2026-10-04,2026-10-04,https://tickets.interpark.com//ticket.interpark.com/Tiki/Main/TiKiGoodsinfo.asp?GoodsCode=26010712,[인터파크 예매 랭킹 46위] 클래식/음악회 | 관람료: 4 | 예매율: 0.5%,family:0.5;couple:0.95;single:0.9;클래식/음악회;인터파크실시간
388,28,지용 피아노 리사이틀,2026-09-29,2026-09-29,https://tickets.interpark.com//ticket.interpark.com/Tiki/Main/TiKiGoodsinfo.asp?GoodsCode=26010548,[인터파크 예매 랭킹 46위] 클래식/음악회 | 관람료: 3 | 예매율: 0.5%,family:0.5;couple:0.95;single:0.9;클래식/음악회;인터파크실시간
389,28,지브리＆디즈니 영화음악 FESTA(10/3),2026-10-03,2026-10-03,https://tickets.interpark.com//ticket.interpark.com/Tiki/Main/TiKiGoodsinfo.asp?GoodsCode=26009493,[인터파크 예매 랭킹 46위] 클래식/음악회 | 관람료: 3 | 예매율: 0.5%,family:0.5;couple:0.95;single:0.9;클래식/음악회;인터파크실시간
390,28,［단독 10%할인］ 키크니 특별전 : 그렸고 그런사이,2026-04-25,2026-09-06,https://tickets.interpark.com//ticket.interpark.com/Tiki/Main/TiKiGoodsinfo.asp?GoodsCode=26005868,[인터파크 예매 랭킹 1위] 전시/행사 | 관람료: 9 | 예매율: 15.2%,family:0.7;couple:0.95;single:0.6;전시/행사;인터파크실시간
391,41,"인상주의를 넘어: 르누아르, 드가, 고흐, 마티스, 피카소",2026-05-28,2026-08-23,https://tickets.interpark.com//ticket.interpark.com/Tiki/Main/TiKiGoodsinfo.asp?GoodsCode=26006222,[인터파크 예매 랭킹 2위] 전시/행사 | 관람료: 9 | 예매율: 12.8%,family:0.7;couple:0.95;single:0.6;전시/행사;인터파크실시간
392,28,［얼리버드］ 현대카드 컬처프로젝트31 웨인티보 전,2026-09-19,2026-12-18,https://tickets.interpark.com//ticket.interpark.com/Tiki/Main/TiKiGoodsinfo.asp?GoodsCode=26010009,[인터파크 예매 랭킹 3위] 전시/행사 | 관람료: 7 | 예매율: 7.9%,family:0.7;couple:0.95;single:0.6;전시/행사;인터파크실시간
393,28,스튜디오 지브리展 in Jeju,2026-07-11,2027-07-11,https://tickets.interpark.com//ticket.interpark.com/Tiki/Main/TiKiGoodsinfo.asp?GoodsCode=26009468,[인터파크 예매 랭킹 4위] 전시/행사 | 관람료: 8 | 예매율: 7.6%,family:0.7;couple:0.95;single:0.6;전시/행사;인터파크실시간
394,28,"［얼리버드40%할인］ 봉주르, 장자크 상페",2026-09-10,2026-10-18,https://tickets.interpark.com//ticket.interpark.com/Tiki/Main/TiKiGoodsinfo.asp?GoodsCode=26010702,[인터파크 예매 랭킹 5위] 전시/행사 | 관람료: 6 | 예매율: 4.7%,family:0.7;couple:0.95;single:0.6;전시/행사;인터파크실시간
395,28,대구간송미술관 상설전시,2026-01-27,2026-08-30,https://tickets.interpark.com//ticket.interpark.com/Tiki/Main/TiKiGoodsinfo.asp?GoodsCode=26000742,[인터파크 예매 랭킹 6위] 전시/행사 | 관람료: 3 | 예매율: 3.2%,family:0.7;couple:0.95;single:0.6;전시/행사;인터파크실시간
396,28,［여름특가 30% 할인］ 와일드스미스 그림책 원화展,2026-07-07,2026-10-16,https://tickets.interpark.com//ticket.interpark.com/Tiki/Main/TiKiGoodsinfo.asp?GoodsCode=26009680,[인터파크 예매 랭킹 7위] 전시/행사 | 관람료: 6 | 예매율: 2.8%,family:0.7;couple:0.95;single:0.6;전시/행사;인터파크실시간
397,28,〈인상파의 밤 : 파리 1874 / 쿠푸왕의 피라미드〉,2026-03-17,2026-09-30,https://tickets.interpark.com//ticket.interpark.com/Tiki/Main/TiKiGoodsinfo.asp?GoodsCode=26001243,[인터파크 예매 랭킹 8위] 전시/행사 | 관람료: 7 | 예매율: 2.8%,family:0.7;couple:0.95;single:0.6;전시/행사;인터파크실시간
398,28,［뱅크시특별전］ 뱅크시 : Still Here,2026-07-22,2026-11-03,https://tickets.interpark.com//ticket.interpark.com/Tiki/Main/TiKiGoodsinfo.asp?GoodsCode=26010707,[인터파크 예매 랭킹 9위] 전시/행사 | 관람료: 6 | 예매율: 2.6%,family:0.7;couple:0.95;single:0.6;전시/행사;인터파크실시간
399,28,［오픈 특가 ~25%］ 울트라백화점 부산 : 텍스트 쇼핑 클럽,2026-07-17,2026-11-01,https://tickets.interpark.com//ticket.interpark.com/Tiki/Main/TiKiGoodsinfo.asp?GoodsCode=26006746,[인터파크 예매 랭킹 10위] 전시/행사 | 관람료: 6 | 예매율: 2.3%,family:0.7;couple:0.95;single:0.6;전시/행사;인터파크실시간
400,28,앤디 워홀: 예술을 팔다 - 대구,2026-07-03,2026-10-25,https://tickets.interpark.com//ticket.interpark.com/Tiki/Main/TiKiGoodsinfo.asp?GoodsCode=26007685,[인터파크 예매 랭킹 11위] 전시/행사 | 관람료: 6 | 예매율: 2.1%,family:0.7;couple:0.95;single:0.6;전시/행사;인터파크실시간
401,28,［단독할인 평일10%］ 페르난도 보테로전,2026-04-24,2026-08-30,https://tickets.interpark.com//ticket.interpark.com/Tiki/Main/TiKiGoodsinfo.asp?GoodsCode=26006230,[인터파크 예매 랭킹 12위] 전시/행사 | 관람료: 6 | 예매율: 2.1%,family:0.7;couple:0.95;single:0.6;전시/행사;인터파크실시간
402,28,［북촌］2026년 7월~8월_어둠속의대화(DIALOGUE IN THE DARK),2010-01-20,2026-08-31,https://tickets.interpark.com//ticket.interpark.com/Tiki/Main/TiKiGoodsinfo.asp?GoodsCode=26007155,[인터파크 예매 랭킹 13위] 전시/행사 | 관람료: 6 | 예매율: 1.9%,family:0.7;couple:0.95;single:0.6;전시/행사;인터파크실시간
403,28,내셔널지오그래픽 특별기획 OCEAN 가장 거대한 기록,2026-06-06,2026-10-11,https://tickets.interpark.com//ticket.interpark.com/Tiki/Main/TiKiGoodsinfo.asp?GoodsCode=26007353,[인터파크 예매 랭킹 14위] 전시/행사 | 관람료: 5 | 예매율: 1.7%,family:0.7;couple:0.95;single:0.6;전시/행사;인터파크실시간
404,28,맥스 시덴토프 개인전,2026-03-27,2026-08-30,https://tickets.interpark.com//ticket.interpark.com/Tiki/Main/TiKiGoodsinfo.asp?GoodsCode=26003427,[인터파크 예매 랭킹 14위] 전시/행사 | 관람료: 4 | 예매율: 1.7%,family:0.7;couple:0.95;single:0.6;전시/행사;인터파크실시간
405,28,성률 기획전 여름을 닮은 우리,2026-04-30,2026-09-27,https://tickets.interpark.com//ticket.interpark.com/Tiki/Main/TiKiGoodsinfo.asp?GoodsCode=26006321,[인터파크 예매 랭킹 16위] 전시/행사 | 관람료: 4 | 예매율: 1.5%,family:0.7;couple:0.95;single:0.6;전시/행사;인터파크실시간
406,28,［상시관람］ 진격의 거인展 FINAL,2026-06-22,2026-11-01,https://tickets.interpark.com//ticket.interpark.com/Tiki/Main/TiKiGoodsinfo.asp?GoodsCode=26007894,[인터파크 예매 랭킹 17위] 전시/행사 | 관람료: 6 | 예매율: 1.5%,family:0.7;couple:0.95;single:0.6;전시/행사;인터파크실시간
407,28,서울일러스트레이션페어V.21 얼리버드 티켓,2026-07-30,2026-08-02,https://tickets.interpark.com//ticket.interpark.com/Tiki/Main/TiKiGoodsinfo.asp?GoodsCode=26005653,[인터파크 예매 랭킹 18위] 전시/행사 | 관람료: 4 | 예매율: 1.4%,family:0.7;couple:0.95;single:0.6;전시/행사;인터파크실시간
408,28,아기상어 비밀 초대장: 비커밍 샤크,2026-06-18,2026-12-19,https://tickets.interpark.com//ticket.interpark.com/Tiki/Main/TiKiGoodsinfo.asp?GoodsCode=26008798,[인터파크 예매 랭킹 19위] 전시/행사 | 관람료: 6 | 예매율: 1.2%,family:0.7;couple:0.95;single:0.6;전시/행사;인터파크실시간
409,28,［개막특가］ 조은 원화전: 오늘의 정원,2026-07-17,2026-11-29,https://tickets.interpark.com//ticket.interpark.com/Tiki/Main/TiKiGoodsinfo.asp?GoodsCode=26010388,[인터파크 예매 랭킹 19위] 전시/행사 | 관람료: 4 | 예매율: 1.2%,family:0.7;couple:0.95;single:0.6;전시/행사;인터파크실시간
410,28,［청주］ 앙리마티스와 파리의 화가들,2026-07-16,2026-10-25,https://tickets.interpark.com//ticket.interpark.com/Tiki/Main/TiKiGoodsinfo.asp?GoodsCode=26008108,[인터파크 예매 랭킹 21위] 전시/행사 | 관람료: 3 | 예매율: 1%,family:0.7;couple:0.95;single:0.6;전시/행사;인터파크실시간
411,28,대전 국제 와인 EXPO 2026 입장권,2026-11-06,2026-11-08,https://tickets.interpark.com//ticket.interpark.com/Tiki/Main/TiKiGoodsinfo.asp?GoodsCode=26009667,[인터파크 예매 랭킹 22위] 전시/행사 | 관람료: 3 | 예매율: 0.9%,family:0.7;couple:0.95;single:0.6;전시/행사;인터파크실시간
412,28,［슈퍼얼리버드］ 이강소: 일어나고 사라지는,2026-08-21,2026-09-20,https://tickets.interpark.com//ticket.interpark.com/Tiki/Main/TiKiGoodsinfo.asp?GoodsCode=26010749,[인터파크 예매 랭킹 23위] 전시/행사 | 관람료: 2 | 예매율: 0.8%,family:0.7;couple:0.95;single:0.6;전시/행사;인터파크실시간
413,28,［동탄］2026년 7월~8월_어둠속의대화(DIALOGUE IN THE DARK),2021-08-20,2026-08-31,https://tickets.interpark.com//ticket.interpark.com/Tiki/Main/TiKiGoodsinfo.asp?GoodsCode=26007094,[인터파크 예매 랭킹 24위] 전시/행사 | 관람료: 4 | 예매율: 0.7%,family:0.7;couple:0.95;single:0.6;전시/행사;인터파크실시간
414,28,［여름특가］ 마르크 샤갈 특별전 대구,2026-06-30,2026-10-11,https://tickets.interpark.com//ticket.interpark.com/Tiki/Main/TiKiGoodsinfo.asp?GoodsCode=26007635,[인터파크 예매 랭킹 25위] 전시/행사 | 관람료: 3 | 예매율: 0.7%,family:0.7;couple:0.95;single:0.6;전시/행사;인터파크실시간
415,28,"에바 알머슨의 체험전 〈리나, 슈퍼히어로〉",2026-05-01,2026-08-23,https://tickets.interpark.com//ticket.interpark.com/Tiki/Main/TiKiGoodsinfo.asp?GoodsCode=26005043,[인터파크 예매 랭킹 26위] 전시/행사 | 관람료: 2 | 예매율: 0.7%,family:0.7;couple:0.95;single:0.6;전시/행사;인터파크실시간
416,28,"［얼리버드］ 헤일리 티프먼, 일상을 그리다 평범한 하루의 온도 - 부산",2026-07-30,2026-09-13,https://tickets.interpark.com//ticket.interpark.com/Tiki/Main/TiKiGoodsinfo.asp?GoodsCode=26009249,[인터파크 예매 랭킹 26위] 전시/행사 | 관람료: 2 | 예매율: 0.7%,family:0.7;couple:0.95;single:0.6;전시/행사;인터파크실시간
417,28,［입장권］ 2026 송도맥주축제: 환상의 나라 비어랜드(일자지정),2026-08-22,2026-08-30,https://tickets.interpark.com//ticket.interpark.com/Tiki/Main/TiKiGoodsinfo.asp?GoodsCode=26010853,[인터파크 예매 랭킹 28위] 전시/행사 | 관람료: 2 | 예매율: 0.6%,family:0.7;couple:0.95;single:0.6;전시/행사;인터파크실시간
418,28,［HYBE INSIGHT］ 투모로우바이투게더 전시 ＇LAYERS OF US＇,2026-08-13,2026-09-06,https://tickets.interpark.com//ticket.interpark.com/Tiki/Main/TiKiGoodsinfo.asp?GoodsCode=26009282,[인터파크 예매 랭킹 29위] 전시/행사 | 관람료: 4 | 예매율: 0.5%,family:0.7;couple:0.95;single:0.6;전시/행사;인터파크실시간
419,28,2026 서울카페쇼,2026-11-11,2026-11-14,https://tickets.interpark.com//ticket.interpark.com/Tiki/Main/TiKiGoodsinfo.asp?GoodsCode=26010190,[인터파크 예매 랭킹 29위] 전시/행사 | 관람료: 2 | 예매율: 0.5%,family:0.7;couple:0.95;single:0.6;전시/행사;인터파크실시간
420,28,찬란한 에르미타주,2026-04-30,2026-07-30,https://tickets.interpark.com//ticket.interpark.com/Tiki/Main/TiKiGoodsinfo.asp?GoodsCode=26003900,[인터파크 예매 랭킹 29위] 전시/행사 | 관람료: 2 | 예매율: 0.5%,family:0.7;couple:0.95;single:0.6;전시/행사;인터파크실시간
421,28,파리 보이지 않는 파리 프랑스 사진전,2026-04-02,2026-07-26,https://tickets.interpark.com//ticket.interpark.com/Tiki/Main/TiKiGoodsinfo.asp?GoodsCode=26004725,[인터파크 예매 랭킹 29위] 전시/행사 | 관람료: 2 | 예매율: 0.5%,family:0.7;couple:0.95;single:0.6;전시/행사;인터파크실시간
422,28,［VIP］ 2026 송도맥주축제: 환상의 나라 비어랜드,2026-08-22,2026-08-30,https://tickets.interpark.com//ticket.interpark.com/Tiki/Main/TiKiGoodsinfo.asp?GoodsCode=26010061,[인터파크 예매 랭킹 33위] 전시/행사 | 관람료: 8 | 예매율: 0.5%,family:0.7;couple:0.95;single:0.6;전시/행사;인터파크실시간
423,28,［50%할인］ 필립 예니카 기획전: 럭키 럭키 럭키,2026-06-19,2026-09-19,https://tickets.interpark.com//ticket.interpark.com/Tiki/Main/TiKiGoodsinfo.asp?GoodsCode=26007072,[인터파크 예매 랭킹 34위] 전시/행사 | 관람료: 2 | 예매율: 0.4%,family:0.7;couple:0.95;single:0.6;전시/행사;인터파크실시간
424,28,워너 브롱크호스트 부산전,2026-05-22,2026-10-25,https://tickets.interpark.com//ticket.interpark.com/Tiki/Main/TiKiGoodsinfo.asp?GoodsCode=26007456,[인터파크 예매 랭킹 34위] 전시/행사 | 관람료: 2 | 예매율: 0.4%,family:0.7;couple:0.95;single:0.6;전시/행사;인터파크실시간
425,28,［예매10%할인］ 자비 솔라 특별전,2026-07-10,2026-10-17,https://tickets.interpark.com//ticket.interpark.com/Tiki/Main/TiKiGoodsinfo.asp?GoodsCode=26009895,[인터파크 예매 랭킹 34위] 전시/행사 | 관람료: 2 | 예매율: 0.4%,family:0.7;couple:0.95;single:0.6;전시/행사;인터파크실시간
426,28,2026 아시아프 100,2026-07-01,2026-08-05,https://tickets.interpark.com//ticket.interpark.com/Tiki/Main/TiKiGoodsinfo.asp?GoodsCode=26007236,[인터파크 예매 랭킹 34위] 전시/행사 | 관람료: 1 | 예매율: 0.4%,family:0.7;couple:0.95;single:0.6;전시/행사;인터파크실시간
427,28,뱅크시 사진전 〈 Who is Banksy 〉 - 청주,2026-07-08,2026-08-30,https://tickets.interpark.com//ticket.interpark.com/Tiki/Main/TiKiGoodsinfo.asp?GoodsCode=26008560,[인터파크 예매 랭킹 38위] 전시/행사 | 관람료: 2 | 예매율: 0.4%,family:0.7;couple:0.95;single:0.6;전시/행사;인터파크실시간
428,28,쿠이료코전 ＆ 던전밥 미궁탐색展_IN SEOUL,2026-06-20,2026-08-30,https://tickets.interpark.com//ticket.interpark.com/Tiki/Main/TiKiGoodsinfo.asp?GoodsCode=26007877,[인터파크 예매 랭킹 39위] 전시/행사 | 관람료: 2 | 예매율: 0.4%,family:0.7;couple:0.95;single:0.6;전시/행사;인터파크실시간
429,28,고스트 바둑왕 원화전,2026-06-27,2026-08-23,https://tickets.interpark.com//ticket.interpark.com/Tiki/Main/TiKiGoodsinfo.asp?GoodsCode=26008615,[인터파크 예매 랭킹 39위] 전시/행사 | 관람료: 2 | 예매율: 0.4%,family:0.7;couple:0.95;single:0.6;전시/행사;인터파크실시간
430,28,［7월 한정 30% 할인+엽서 증정］ 마리 로랑생 회고전,2026-04-10,2026-08-23,https://tickets.interpark.com//ticket.interpark.com/Tiki/Main/TiKiGoodsinfo.asp?GoodsCode=26002980,[인터파크 예매 랭킹 39위] 전시/행사 | 관람료: 2 | 예매율: 0.4%,family:0.7;couple:0.95;single:0.6;전시/행사;인터파크실시간
431,28,［개막특가］ 이기훈 원화전: 내일의 낙원,2026-07-17,2026-11-29,https://tickets.interpark.com//ticket.interpark.com/Tiki/Main/TiKiGoodsinfo.asp?GoodsCode=26010356,[인터파크 예매 랭킹 39위] 전시/행사 | 관람료: 2 | 예매율: 0.4%,family:0.7;couple:0.95;single:0.6;전시/행사;인터파크실시간
432,28,2026 순천만국가정원 입장권,2025-04-08,2026-12-31,https://tickets.interpark.com//ticket.interpark.com/Tiki/Main/TiKiGoodsinfo.asp?GoodsCode=25005022,[인터파크 예매 랭킹 39위] 전시/행사 | 관람료: 2 | 예매율: 0.4%,family:0.7;couple:0.95;single:0.6;전시/행사;인터파크실시간
433,28,［썸머 할인 50%］ 슈타이들 북 컬처 - 광주,2026-07-03,2026-08-30,https://tickets.interpark.com//ticket.interpark.com/Tiki/Main/TiKiGoodsinfo.asp?GoodsCode=26009504,[인터파크 예매 랭킹 39위] 전시/행사 | 관람료: 1 | 예매율: 0.4%,family:0.7;couple:0.95;single:0.6;전시/행사;인터파크실시간
434,28,개그콘서트_제14회 부산국제코미디페스티벌,2026-08-22,2026-08-22,https://tickets.interpark.com//ticket.interpark.com/Tiki/Main/TiKiGoodsinfo.asp?GoodsCode=26010339,[인터파크 예매 랭킹 45위] 전시/행사 | 관람료: 2 | 예매율: 0.3%,family:0.7;couple:0.95;single:0.6;전시/행사;인터파크실시간
435,28,"스페인의 거장 고야: 이성이 잠들 때, 괴물이 깨어난다展",2026-06-26,2026-09-30,https://tickets.interpark.com//ticket.interpark.com/Tiki/Main/TiKiGoodsinfo.asp?GoodsCode=26006434,[인터파크 예매 랭킹 45위] 전시/행사 | 관람료: 2 | 예매율: 0.3%,family:0.7;couple:0.95;single:0.6;전시/행사;인터파크실시간
436,28,그림책이 살아있다!,2026-04-17,2026-09-06,https://tickets.interpark.com//ticket.interpark.com/Tiki/Main/TiKiGoodsinfo.asp?GoodsCode=26005974,[인터파크 예매 랭킹 45위] 전시/행사 | 관람료: 2 | 예매율: 0.3%,family:0.7;couple:0.95;single:0.6;전시/행사;인터파크실시간
437,28,서울코미디올스타스_제14회 부산국제코미디페스티벌,2026-08-29,2026-08-29,https://tickets.interpark.com//ticket.interpark.com/Tiki/Main/TiKiGoodsinfo.asp?GoodsCode=26010358,[인터파크 예매 랭킹 48위] 전시/행사 | 관람료: 2 | 예매율: 0.3%,family:0.7;couple:0.95;single:0.6;전시/행사;인터파크실시간
438,28,2026 상상톡톡미술관 기획전시 〈빠씨를 찾아서〉,2026-07-11,2026-10-25,https://tickets.interpark.com//ticket.interpark.com/Tiki/Main/TiKiGoodsinfo.asp?GoodsCode=P0004726,[인터파크 예매 랭킹 48위] 전시/행사 | 관람료: 2 | 예매율: 0.3%,family:0.7;couple:0.95;single:0.6;전시/행사;인터파크실시간
439,28,［굿바이40%할인］ 상상력 옷장,2026-04-24,2026-08-23,https://tickets.interpark.com//ticket.interpark.com/Tiki/Main/TiKiGoodsinfo.asp?GoodsCode=26006318,[인터파크 예매 랭킹 48위] 전시/행사 | 관람료: 2 | 예매율: 0.3%,family:0.7;couple:0.95;single:0.6;전시/행사;인터파크실시간
440,28,2026 뮤지컬 〈숲속 100층짜리 집〉,2026-07-03,2026-08-17,https://tickets.interpark.com//ticket.interpark.com/Tiki/Main/TiKiGoodsinfo.asp?GoodsCode=26005533,[인터파크 예매 랭킹 1위] 가족/어린이/아동 | 관람료: 9 | 예매율: 12.5%,family:0.5;couple:0.6;single:0.6;가족/어린이/아동;인터파크실시간
441,55,송승환의 가족뮤지컬 〈더 스토리 오브 언더더씨〉 - 서울,2026-07-10,2026-08-23,https://tickets.interpark.com//ticket.interpark.com/Tiki/Main/TiKiGoodsinfo.asp?GoodsCode=26006254,[인터파크 예매 랭킹 2위] 가족/어린이/아동 | 관람료: 8 | 예매율: 6.5%,family:0.5;couple:0.6;single:0.6;가족/어린이/아동;인터파크실시간
442,28,［해피 마포 와글와글］ 이머시브 뮤지컬 〈고래밥 - 바다 대운동회〉,2026-07-24,2026-08-16,https://tickets.interpark.com//ticket.interpark.com/Tiki/Main/TiKiGoodsinfo.asp?GoodsCode=26005904,[인터파크 예매 랭킹 3위] 가족/어린이/아동 | 관람료: 7 | 예매율: 5.5%,family:0.5;couple:0.6;single:0.6;가족/어린이/아동;인터파크실시간
443,39,뮤지컬 〈할머니의 여름휴가 : 씨씨상점〉,2026-07-04,2026-08-30,https://tickets.interpark.com//ticket.interpark.com/Tiki/Main/TiKiGoodsinfo.asp?GoodsCode=26005128,[인터파크 예매 랭킹 4위] 가족/어린이/아동 | 관람료: 7 | 예매율: 5.2%,family:0.5;couple:0.6;single:0.6;가족/어린이/아동;인터파크실시간
444,45,뮤지컬 〈장수탕 선녀님〉 - 서울어린이대공원,2026-03-14,2026-11-29,https://tickets.interpark.com//ticket.interpark.com/Tiki/Main/TiKiGoodsinfo.asp?GoodsCode=26001516,[인터파크 예매 랭킹 5위] 가족/어린이/아동 | 관람료: 7 | 예매율: 4.8%,family:0.5;couple:0.6;single:0.6;가족/어린이/아동;인터파크실시간
445,28,시간을 파는 상점,2024-03-15,2026-08-30,https://tickets.interpark.com//ticket.interpark.com/Tiki/Main/TiKiGoodsinfo.asp?GoodsCode=24002778,[인터파크 예매 랭킹 6위] 가족/어린이/아동 | 관람료: 6 | 예매율: 3.5%,family:0.5;couple:0.6;single:0.6;가족/어린이/아동;인터파크실시간
446,28,뮤지컬 〈알사탕〉 - 서울숲,2025-03-29,2026-08-30,https://tickets.interpark.com//ticket.interpark.com/Tiki/Main/TiKiGoodsinfo.asp?GoodsCode=25002679,[인터파크 예매 랭킹 7위] 가족/어린이/아동 | 관람료: 6 | 예매율: 3.4%,family:0.5;couple:0.6;single:0.6;가족/어린이/아동;인터파크실시간
447,28,쇼뮤지컬 〈시크릿쥬쥬 : 별의보석〉 - 잃어버린 빛을 찾아서,2026-07-24,2026-08-09,https://tickets.interpark.com//ticket.interpark.com/Tiki/Main/TiKiGoodsinfo.asp?GoodsCode=26007319,[인터파크 예매 랭킹 8위] 가족/어린이/아동 | 관람료: 6 | 예매율: 2.9%,family:0.5;couple:0.6;single:0.6;가족/어린이/아동;인터파크실시간
448,28,가족뮤지컬 〈넘버블록스〉 - 성남,2026-08-01,2026-08-02,https://tickets.interpark.com//ticket.interpark.com/Tiki/Main/TiKiGoodsinfo.asp?GoodsCode=26006730,[인터파크 예매 랭킹 9위] 가족/어린이/아동 | 관람료: 6 | 예매율: 2.2%,family:0.5;couple:0.6;single:0.6;가족/어린이/아동;인터파크실시간
449,28,브레드이발소 : 여름방학 특별전 in 한남,2026-07-16,2026-09-06,https://tickets.interpark.com//ticket.interpark.com/Tiki/Main/TiKiGoodsinfo.asp?GoodsCode=26008900,[인터파크 예매 랭킹 9위] 가족/어린이/아동 | 관람료: 4 | 예매율: 2.2%,family:0.5;couple:0.6;single:0.6;가족/어린이/아동;인터파크실시간
450,28,쇼뮤지컬 〈프린세스 캐치! 티니핑〉 - 춘천,2026-09-12,2026-09-13,https://tickets.interpark.com//ticket.interpark.com/Tiki/Main/TiKiGoodsinfo.asp?GoodsCode=26009727,[인터파크 예매 랭킹 11위] 가족/어린이/아동 | 관람료: 5 | 예매율: 1.6%,family:0.5;couple:0.6;single:0.6;가족/어린이/아동;인터파크실시간
451,28,쇼뮤지컬 〈프린세스 캐치! 티니핑〉 - 창원,2026-09-05,2026-09-06,https://tickets.interpark.com//ticket.interpark.com/Tiki/Main/TiKiGoodsinfo.asp?GoodsCode=26009716,[인터파크 예매 랭킹 11위] 가족/어린이/아동 | 관람료: 5 | 예매율: 1.6%,family:0.5;couple:0.6;single:0.6;가족/어린이/아동;인터파크실시간
452,28,가족뮤지컬 〈넘버블록스〉 - 청주,2026-08-22,2026-08-23,https://tickets.interpark.com//ticket.interpark.com/Tiki/Main/TiKiGoodsinfo.asp?GoodsCode=26009998,[인터파크 예매 랭킹 13위] 가족/어린이/아동 | 관람료: 5 | 예매율: 1.5%,family:0.5;couple:0.6;single:0.6;가족/어린이/아동;인터파크실시간
453,28,［대구］ 라이브 시트콤 뮤지컬 〈인싸가족〉,2026-08-29,2026-08-30,https://tickets.interpark.com//ticket.interpark.com/Tiki/Main/TiKiGoodsinfo.asp?GoodsCode=26008544,[인터파크 예매 랭킹 13위] 가족/어린이/아동 | 관람료: 4 | 예매율: 1.5%,family:0.5;couple:0.6;single:0.6;가족/어린이/아동;인터파크실시간
454,28,라이브 시트콤 뮤지컬 〈인싸가족〉,2026-07-25,2026-08-02,https://tickets.interpark.com//ticket.interpark.com/Tiki/Main/TiKiGoodsinfo.asp?GoodsCode=26005873,[인터파크 예매 랭킹 15위] 가족/어린이/아동 | 관람료: 4 | 예매율: 1.3%,family:0.5;couple:0.6;single:0.6;가족/어린이/아동;인터파크실시간
455,28,2026 뮤지컬 〈숲속 100층짜리 집〉 - 부산,2026-10-03,2026-10-04,https://tickets.interpark.com//ticket.interpark.com/Tiki/Main/TiKiGoodsinfo.asp?GoodsCode=26010704,[인터파크 예매 랭킹 15위] 가족/어린이/아동 | 관람료: 4 | 예매율: 1.3%,family:0.5;couple:0.6;single:0.6;가족/어린이/아동;인터파크실시간
456,28,가족뮤지컬 〈구름빵〉 - 완주,2026-08-07,2026-08-07,https://tickets.interpark.com//ticket.interpark.com/Tiki/Main/TiKiGoodsinfo.asp?GoodsCode=26010595,[인터파크 예매 랭킹 15위] 가족/어린이/아동 | 관람료: 1 | 예매율: 1.3%,family:0.5;couple:0.6;single:0.6;가족/어린이/아동;인터파크실시간
457,28,"에바 알머슨의 프리미엄 가족 뮤지컬〈리나, 슈퍼히어로〉",2026-07-10,2026-08-23,https://tickets.interpark.com//ticket.interpark.com/Tiki/Main/TiKiGoodsinfo.asp?GoodsCode=26006268,[인터파크 예매 랭킹 18위] 가족/어린이/아동 | 관람료: 4 | 예매율: 1.1%,family:0.5;couple:0.6;single:0.6;가족/어린이/아동;인터파크실시간
458,28,"뮤지컬 멜로우TV 〈Run it up, 팀 나빠〉 - 수원",2026-08-29,2026-08-30,https://tickets.interpark.com//ticket.interpark.com/Tiki/Main/TiKiGoodsinfo.asp?GoodsCode=26009221,[인터파크 예매 랭킹 18위] 가족/어린이/아동 | 관람료: 4 | 예매율: 1.1%,family:0.5;couple:0.6;single:0.6;가족/어린이/아동;인터파크실시간
459,28,용인어린이상상의숲 환경 퍼포먼스〈싸운드써커스〉,2026-06-20,2026-08-16,https://tickets.interpark.com//ticket.interpark.com/Tiki/Main/TiKiGoodsinfo.asp?GoodsCode=26007640,[인터파크 예매 랭킹 18위] 가족/어린이/아동 | 관람료: 2 | 예매율: 1.1%,family:0.5;couple:0.6;single:0.6;가족/어린이/아동;인터파크실시간
460,28,2026 어린이 아트스테이지〈꼬마장승 가출기〉 - 김포,2026-08-29,2026-08-30,https://tickets.interpark.com//ticket.interpark.com/Tiki/Main/TiKiGoodsinfo.asp?GoodsCode=26010547,[인터파크 예매 랭킹 18위] 가족/어린이/아동 | 관람료: 2 | 예매율: 1.1%,family:0.5;couple:0.6;single:0.6;가족/어린이/아동;인터파크실시간
461,28,뮤지컬 헬로카봇 〈카봇크루가 되어줘!〉,2026-07-25,2026-08-23,https://tickets.interpark.com//ticket.interpark.com/Tiki/Main/TiKiGoodsinfo.asp?GoodsCode=26007680,[인터파크 예매 랭킹 22위] 가족/어린이/아동 | 관람료: 4 | 예매율: 1%,family:0.5;couple:0.6;single:0.6;가족/어린이/아동;인터파크실시간
462,28,뮤지컬 최고다 호기심딱지 시즌4 〈우리 몸은 우리가 지킨다!〉 - 천안,2026-09-19,2026-09-20,https://tickets.interpark.com//ticket.interpark.com/Tiki/Main/TiKiGoodsinfo.asp?GoodsCode=26009286,[인터파크 예매 랭킹 22위] 가족/어린이/아동 | 관람료: 4 | 예매율: 1%,family:0.5;couple:0.6;single:0.6;가족/어린이/아동;인터파크실시간
463,28,베베핀 뮤지컬 〈두근두근 새친구〉 - 인천,2026-08-29,2026-08-30,https://tickets.interpark.com//ticket.interpark.com/Tiki/Main/TiKiGoodsinfo.asp?GoodsCode=26009615,[인터파크 예매 랭킹 24위] 가족/어린이/아동 | 관람료: 4 | 예매율: 1%,family:0.5;couple:0.6;single:0.6;가족/어린이/아동;인터파크실시간
464,28,가족뮤지컬 〈코밈〉 - 서울,2026-10-03,2026-10-11,https://tickets.interpark.com//ticket.interpark.com/Tiki/Main/TiKiGoodsinfo.asp?GoodsCode=26009927,[인터파크 예매 랭킹 25위] 가족/어린이/아동 | 관람료: 4 | 예매율: 0.9%,family:0.5;couple:0.6;single:0.6;가족/어린이/아동;인터파크실시간
465,28,쇼뮤지컬 〈프린세스 캐치! 티니핑〉 - 전주,2026-10-10,2026-10-11,https://tickets.interpark.com//ticket.interpark.com/Tiki/Main/TiKiGoodsinfo.asp?GoodsCode=26009893,[인터파크 예매 랭킹 26위] 가족/어린이/아동 | 관람료: 3 | 예매율: 0.8%,family:0.5;couple:0.6;single:0.6;가족/어린이/아동;인터파크실시간
466,28,"뮤지컬 멜로우TV 〈Run it up, 팀 나빠〉 - 고양",2026-08-01,2026-08-02,https://tickets.interpark.com//ticket.interpark.com/Tiki/Main/TiKiGoodsinfo.asp?GoodsCode=26006708,[인터파크 예매 랭킹 26위] 가족/어린이/아동 | 관람료: 3 | 예매율: 0.8%,family:0.5;couple:0.6;single:0.6;가족/어린이/아동;인터파크실시간
467,28,용인어린이상상의숲 미술놀이터 〈색깔 없은 식물원은 심심해〉,2026-04-22,2026-12-31,https://tickets.interpark.com//ticket.interpark.com/Tiki/Main/TiKiGoodsinfo.asp?GoodsCode=26005667,[인터파크 예매 랭킹 26위] 가족/어린이/아동 | 관람료: 1 | 예매율: 0.8%,family:0.5;couple:0.6;single:0.6;가족/어린이/아동;인터파크실시간
468,28,2026 뮤지컬 〈숲속 100층짜리 집〉 - 대전,2026-10-31,2026-11-01,https://tickets.interpark.com//ticket.interpark.com/Tiki/Main/TiKiGoodsinfo.asp?GoodsCode=26010668,[인터파크 예매 랭킹 29위] 가족/어린이/아동 | 관람료: 3 | 예매율: 0.7%,family:0.5;couple:0.6;single:0.6;가족/어린이/아동;인터파크실시간
469,28,바다탐험대 옥토넛 시즌4 : 숨겨진 보물을 찾아라! - 안산,2026-09-05,2026-09-06,https://tickets.interpark.com//ticket.interpark.com/Tiki/Main/TiKiGoodsinfo.asp?GoodsCode=26009863,[인터파크 예매 랭킹 29위] 가족/어린이/아동 | 관람료: 3 | 예매율: 0.7%,family:0.5;couple:0.6;single:0.6;가족/어린이/아동;인터파크실시간
470,28,바다탐험대 옥토넛 시즌4 : 숨겨진 보물을 찾아라! - 인천,2026-08-29,2026-08-30,https://tickets.interpark.com//ticket.interpark.com/Tiki/Main/TiKiGoodsinfo.asp?GoodsCode=26008302,[인터파크 예매 랭킹 29위] 가족/어린이/아동 | 관람료: 3 | 예매율: 0.7%,family:0.5;couple:0.6;single:0.6;가족/어린이/아동;인터파크실시간
471,28,꾸러기음악회-신기한 악기의 세계,2026-08-15,2026-08-16,https://tickets.interpark.com//ticket.interpark.com/Tiki/Main/TiKiGoodsinfo.asp?GoodsCode=26008394,[인터파크 예매 랭킹 32위] 가족/어린이/아동 | 관람료: 3 | 예매율: 0.7%,family:0.5;couple:0.6;single:0.6;가족/어린이/아동;인터파크실시간
472,28,베베핀 뮤지컬 〈두근두근 새친구〉 - 서울,2026-07-29,2026-08-02,https://tickets.interpark.com//ticket.interpark.com/Tiki/Main/TiKiGoodsinfo.asp?GoodsCode=26008012,[인터파크 예매 랭킹 32위] 가족/어린이/아동 | 관람료: 3 | 예매율: 0.7%,family:0.5;couple:0.6;single:0.6;가족/어린이/아동;인터파크실시간
473,28,패브릭오브제극 〈코 잃은 코끼리 코바〉 2026 어린이 가족 페스티벌,2026-07-30,2026-08-09,https://tickets.interpark.com//ticket.interpark.com/Tiki/Main/TiKiGoodsinfo.asp?GoodsCode=26006975,[인터파크 예매 랭킹 32위] 가족/어린이/아동 | 관람료: 2 | 예매율: 0.7%,family:0.5;couple:0.6;single:0.6;가족/어린이/아동;인터파크실시간
474,28,아주아주 배고픈 애벌레 쇼 - 영어,2025-11-21,2026-09-27,https://tickets.interpark.com//ticket.interpark.com/Tiki/Main/TiKiGoodsinfo.asp?GoodsCode=25015122,[인터파크 예매 랭킹 32위] 가족/어린이/아동 | 관람료: 2 | 예매율: 0.7%,family:0.5;couple:0.6;single:0.6;가족/어린이/아동;인터파크실시간
475,28,아주아주 배고픈 애벌레 쇼 - 한국어,2025-10-24,2026-09-27,https://tickets.interpark.com//ticket.interpark.com/Tiki/Main/TiKiGoodsinfo.asp?GoodsCode=25013600,[인터파크 예매 랭킹 32위] 가족/어린이/아동 | 관람료: 2 | 예매율: 0.7%,family:0.5;couple:0.6;single:0.6;가족/어린이/아동;인터파크실시간
476,28,★여름방학특집★ 코미디게임,2026-04-18,2026-08-30,https://tickets.interpark.com//ticket.interpark.com/Tiki/Main/TiKiGoodsinfo.asp?GoodsCode=26005397,[인터파크 예매 랭킹 32위] 가족/어린이/아동 | 관람료: 2 | 예매율: 0.7%,family:0.5;couple:0.6;single:0.6;가족/어린이/아동;인터파크실시간
477,28,오리지널 과학마술콘서트 시즌2 (북서울),2026-07-30,2026-08-16,https://tickets.interpark.com//ticket.interpark.com/Tiki/Main/TiKiGoodsinfo.asp?GoodsCode=26006425,[인터파크 예매 랭킹 32위] 가족/어린이/아동 | 관람료: 2 | 예매율: 0.7%,family:0.5;couple:0.6;single:0.6;가족/어린이/아동;인터파크실시간
478,28,쇼뮤지컬 〈프린세스 캐치! 티니핑〉 - 안양,2026-08-29,2026-08-30,https://tickets.interpark.com//ticket.interpark.com/Tiki/Main/TiKiGoodsinfo.asp?GoodsCode=26008710,[인터파크 예매 랭킹 39위] 가족/어린이/아동 | 관람료: 3 | 예매율: 0.6%,family:0.5;couple:0.6;single:0.6;가족/어린이/아동;인터파크실시간
479,28,뮤지컬 타키포오 ［몬스터 전쟁의 서막 ; 더 좀비］ - 용인,2026-08-29,2026-08-30,https://tickets.interpark.com//ticket.interpark.com/Tiki/Main/TiKiGoodsinfo.asp?GoodsCode=26008949,[인터파크 예매 랭킹 39위] 가족/어린이/아동 | 관람료: 2 | 예매율: 0.6%,family:0.5;couple:0.6;single:0.6;가족/어린이/아동;인터파크실시간
480,28,리얼공룡쇼 〈다이노〉 - 안산,2026-08-08,2026-08-08,https://tickets.interpark.com//ticket.interpark.com/Tiki/Main/TiKiGoodsinfo.asp?GoodsCode=26009285,[인터파크 예매 랭킹 39위] 가족/어린이/아동 | 관람료: 2 | 예매율: 0.6%,family:0.5;couple:0.6;single:0.6;가족/어린이/아동;인터파크실시간
481,28,2026 가족퍼포먼스쇼 〈아쿠아쇼 - 바닷속버블왕국〉 - 성남,2026-07-24,2026-07-26,https://tickets.interpark.com//ticket.interpark.com/Tiki/Main/TiKiGoodsinfo.asp?GoodsCode=26007618,[인터파크 예매 랭킹 39위] 가족/어린이/아동 | 관람료: 2 | 예매율: 0.6%,family:0.5;couple:0.6;single:0.6;가족/어린이/아동;인터파크실시간
482,28,도깨비 방망이,2026-08-01,2026-08-01,https://tickets.interpark.com//ticket.interpark.com/Tiki/Main/TiKiGoodsinfo.asp?GoodsCode=26009234,[인터파크 예매 랭킹 39위] 가족/어린이/아동 | 관람료: 1 | 예매율: 0.6%,family:0.5;couple:0.6;single:0.6;가족/어린이/아동;인터파크실시간
483,28,공룡 대발이 안전 어드벤처 - 현대백화점 킨텍스점,2026-07-10,2026-08-02,https://tickets.interpark.com//ticket.interpark.com/Tiki/Main/TiKiGoodsinfo.asp?GoodsCode=26009735,[인터파크 예매 랭킹 39위] 가족/어린이/아동 | 관람료: 1 | 예매율: 0.6%,family:0.5;couple:0.6;single:0.6;가족/어린이/아동;인터파크실시간
484,28,무예뮤지컬 〈1790〉 - 수원,2026-08-08,2026-08-29,https://tickets.interpark.com//ticket.interpark.com/Tiki/Main/TiKiGoodsinfo.asp?GoodsCode=26008940,[인터파크 예매 랭킹 39위] 가족/어린이/아동 | 관람료: 1 | 예매율: 0.6%,family:0.5;couple:0.6;single:0.6;가족/어린이/아동;인터파크실시간
485,28,쇼뮤지컬 〈프린세스 캐치! 티니핑〉 - 천안,2026-08-15,2026-08-16,https://tickets.interpark.com//ticket.interpark.com/Tiki/Main/TiKiGoodsinfo.asp?GoodsCode=26008327,[인터파크 예매 랭킹 46위] 가족/어린이/아동 | 관람료: 2 | 예매율: 0.5%,family:0.5;couple:0.6;single:0.6;가족/어린이/아동;인터파크실시간
486,28,뮤지컬 헬로카봇 〈카봇크루가 되어줘!〉 - 하남,2026-09-12,2026-09-13,https://tickets.interpark.com//ticket.interpark.com/Tiki/Main/TiKiGoodsinfo.asp?GoodsCode=26010137,[인터파크 예매 랭킹 46위] 가족/어린이/아동 | 관람료: 2 | 예매율: 0.5%,family:0.5;couple:0.6;single:0.6;가족/어린이/아동;인터파크실시간
487,28,뮤지컬 집사TV 시즌 2 Part.2 : 〈대저택 끝 없는 문〉 - 대전,2026-09-12,2026-09-13,https://tickets.interpark.com//ticket.interpark.com/Tiki/Main/TiKiGoodsinfo.asp?GoodsCode=26010229,[인터파크 예매 랭킹 46위] 가족/어린이/아동 | 관람료: 2 | 예매율: 0.5%,family:0.5;couple:0.6;single:0.6;가족/어린이/아동;인터파크실시간
488,28,뮤지컬 〈AI세계에서 살아남기〉 - 서울숲,2026-07-28,2026-12-31,https://tickets.interpark.com//ticket.interpark.com/Tiki/Main/TiKiGoodsinfo.asp?GoodsCode=26007627,[인터파크 예매 랭킹 46위] 가족/어린이/아동 | 관람료: 2 | 예매율: 0.5%,family:0.5;couple:0.6;single:0.6;가족/어린이/아동;인터파크실시간
489,28,음악극 〈시인의 사랑〉,2026-08-13,2026-08-14,https://tickets.interpark.com//ticket.interpark.com/Tiki/Main/TiKiGoodsinfo.asp?GoodsCode=26010091,[인터파크 예매 랭킹 46위] 가족/어린이/아동 | 관람료: 2 | 예매율: 0.5%,family:0.5;couple:0.6;single:0.6;가족/어린이/아동;인터파크실시간
490,28,티켓링크 단독: 2026 캐치! 티니핑 어린이 페스티벌 - 성남,2026-08-01,2026-08-15,https://www.ticketlink.co.kr,"[티켓링크 예매] 가족/어린이 | 가격: 35,000원 ~ 60,000원",family:1.0;baby:1.0;티니핑;티켓링크단독
491,28,티켓링크 예매: 2026 부천 썸머 파크 락 페스티벌,2026-08-14,2026-08-15,https://www.ticketlink.co.kr,[티켓링크 예매] 콘서트/페스티벌 | 가격: 무료입장,single:1.0;couple:0.9;락페스티벌;티켓링크예매
492,45,[인스타 핫플] #아이와가볼만한곳 - 서울어린이대공원 & 상상나라,2026-07-26,2026-10-24,https://www.instagram.com,"📸 잔디밭 동물원 무료입장과 어린이 상상나라 체험관 강추 | 언급량: 482,000개 | 트렌딩 점수: 96.5점",family:0.9;couple:0.9;single:0.8;#아이와가볼만한곳;서울;인스타100핫플
493,2,[인스타 핫플] #주말팝업스토어 - 성수동 에스팩토리 팝업스토어 거리,2026-07-26,2026-10-24,https://www.instagram.com,"📸 주말 줄서서 들어가는 신상 브랜드 팝업스토어 성지 | 언급량: 185,000개 | 트렌딩 점수: 98.2점",family:0.9;couple:0.9;single:0.8;#주말팝업스토어;서울;인스타100핫플
494,2,[인스타 핫플] #성수동핫플 - 성수동 연무장길 & 디저트 카페거리,2026-07-26,2026-10-24,https://www.instagram.com,"📸 인스타 감성 뿜뿜 감성 베이커리와 편집샵 거리 | 언급량: 620,000개 | 트렌딩 점수: 99.0점",family:0.9;couple:0.9;single:0.8;#성수동핫플;서울;인스타100핫플
495,45,[인스타 핫플] #아기랑가평 - 가평 베키키즈풀빌라 & 아침고요수목원,2026-07-26,2026-09-24,https://www.instagram.com,"📸 아기랑 가평 키즈풀빌라 온수풀에서 힐링하고 온 1박2일 가족여행 기록 #아기랑가평 | 📊 언급량: 94,000개 | 트렌딩 점수: 94.8점 ([TRENDING] 인스타 핫플)",family:1.0;baby:1.0;아기랑가평;키즈풀빌라
496,1,[인스타 핫플] #서울주말데이트 - 여의도 한강공원 피크닉 & 무지개분수,2026-07-26,2026-10-24,https://www.instagram.com,"📸 여름밤 강바람 맞으며 즐기는 피크닉 텐트 데이트 | 언급량: 340,000개 | 트렌딩 점수: 97.4점",family:0.9;couple:0.9;single:0.8;#서울주말데이트;서울;인스타100핫플
497,14,[인스타 핫플] #아이와가볼만한곳 - 잠실 롯데월드 아쿠아리움,2026-07-26,2026-10-24,https://www.instagram.com,"📸 수중터널과 벨루가가 너무 인상적인 아이와 주말 필수 코스 | 언급량: 520,000개 | 트렌딩 점수: 98.5점",family:0.9;couple:0.9;single:0.8;#아이와가볼만한곳;서울;인스타100핫플
498,76,[인스타 핫플] #아이와가볼만한곳 - 용인 에버랜드 & 판다월드,2026-07-26,2026-10-24,https://www.instagram.com,"📸 푸바오 바오패밀리 보고 사파리 월드 투어하는 주말 나들이 | 언급량: 1,250,000개 | 트렌딩 점수: 99.5점",family:0.9;couple:0.9;single:0.8;#아이와가볼만한곳;경기;인스타100핫플
499,28,[인스타 핫플] #아이와가볼만한곳 - 국립과천과학관 & 공룡동산,2026-07-26,2026-10-24,https://www.instagram.com,"📸 실내 대형 공룡 전시관과 우주체험관이 아이들에게 최고 | 언급량: 290,000개 | 트렌딩 점수: 95.8점",family:0.9;couple:0.9;single:0.8;#아이와가볼만한곳;경기;인스타100핫플
500,7,[인스타 핫플] #아이와가볼만한곳 - 수원 스타필드 챔피언더블랙벨트,2026-07-26,2026-10-24,https://www.instagram.com,"📸 국내 최대규모 실내 익스트림 키즈 파크 방문 후기 | 언급량: 175,000개 | 트렌딩 점수: 97.2점",family:0.9;couple:0.9;single:0.8;#아이와가볼만한곳;경기;인스타100핫플
501,28,[인스타 핫플] #아이와가볼만한곳 - 킨텍스 상상체험 키즈월드,2026-07-26,2026-10-24,https://www.instagram.com,"📸 에어바운스와 실내 썰매장이 완비된 실내 대형 어린이 천국 | 언급량: 210,000개 | 트렌딩 점수: 96.0점",family:0.9;couple:0.9;single:0.8;#아이와가볼만한곳;경기;인스타100핫플
502,75,[인스타 핫플] #아이와가볼만한곳 - 성남 탄천 야외 물놀이장,2026-07-26,2026-10-24,https://www.instagram.com,"📸 성남시 무료 운영 야외 물놀이장과 맘스 힐링 존 | 언급량: 88,000개 | 트렌딩 점수: 93.5점",family:0.9;couple:0.9;single:0.8;#아이와가볼만한곳;경기;인스타100핫플
503,28,[인스타 핫플] #아이와가볼만한곳 - 동탄 뽀로로파크 & 테마파크,2026-07-26,2026-10-24,https://www.instagram.com,"📸 뽀로로 공연과 싱어롱쇼가 함께하는 캐릭터 테마파크 | 언급량: 142,000개 | 트렌딩 점수: 95.0점",family:0.9;couple:0.9;single:0.8;#아이와가볼만한곳;경기;인스타100핫플
504,28,[인스타 핫플] #아이와가볼만한곳 - 파주 헤이리 예술마을 키즈존,2026-07-26,2026-10-24,https://www.instagram.com,"📸 토이박물관과 아동 체험 공방이 가득한 문화 예술 거리 | 언급량: 310,000개 | 트렌딩 점수: 94.2점",family:0.9;couple:0.9;single:0.8;#아이와가볼만한곳;경기;인스타100핫플
505,28,[인스타 핫플] #아이와가볼만한곳 - 남양주 코코몽 팜빌리지,2026-07-26,2026-10-24,https://www.instagram.com,"📸 유기농 농장 체험과 헛간 놀이터가 아기에게 딱이에요 | 언급량: 95,000개 | 트렌딩 점수: 92.8점",family:0.9;couple:0.9;single:0.8;#아이와가볼만한곳;경기;인스타100핫플
506,28,[인스타 핫플] #아이와가볼만한곳 - 포천 어메이징파크 & 숲속체험,2026-07-26,2026-10-24,https://www.instagram.com,"📸 대형 톱니바퀴와 숲속 구름다리 히든 파크 | 언급량: 76,000개 | 트렌딩 점수: 93.1점",family:0.9;couple:0.9;single:0.8;#아이와가볼만한곳;경기;인스타100핫플
507,28,[인스타 핫플] #아이와가볼만한곳 - 양평 양떼목장 & 동물체험,2026-07-26,2026-10-24,https://www.instagram.com,"📸 건초 먹이주기 체험과 아기양들이 반겨주는 푸른 목장 | 언급량: 165,000개 | 트렌딩 점수: 96.8점",family:0.9;couple:0.9;single:0.8;#아이와가볼만한곳;경기;인스타100핫플
508,28,[인스타 핫플] #아이와가볼만한곳 - 곤지암 곤지암리조트 루지 360,2026-07-26,2026-10-24,https://www.instagram.com,"📸 아이와 함께 탑승 가능한 숲속 신나는 루지 트랙 | 언급량: 130,000개 | 트렌딩 점수: 95.5점",family:0.9;couple:0.9;single:0.8;#아이와가볼만한곳;경기;인스타100핫플
509,28,[인스타 핫플] #아이와가볼만한곳 - 시흥 갯골생태공원 흔들전망대,2026-07-26,2026-10-24,https://www.instagram.com,"📸 갯골 억새밭과 전기차 타고 도는 드넓은 공원 | 언급량: 220,000개 | 트렌딩 점수: 96.2점",family:0.9;couple:0.9;single:0.8;#아이와가볼만한곳;경기;인스타100핫플
510,28,[인스타 핫플] #아이와가볼만한곳 - 안산 대부도 바다향기테마파크,2026-07-26,2026-10-24,https://www.instagram.com,"📸 풍차와 메타세쿼이아 길 전동바이크 타고 누비기 | 언급량: 180,000개 | 트렌딩 점수: 94.7점",family:0.9;couple:0.9;single:0.8;#아이와가볼만한곳;경기;인스타100핫플
511,28,[인스타 핫플] #아이와가볼만한곳 - 김포 라베니체 금빛수로 문보트,2026-07-26,2026-10-24,https://www.instagram.com,"📸 한국의 베네치아 수로에서 초승달 모양 문보트 탑승 | 언급량: 250,000개 | 트렌딩 점수: 97.8점",family:0.9;couple:0.9;single:0.8;#아이와가볼만한곳;경기;인스타100핫플
512,28,[인스타 핫플] #아이와가볼만한곳 - 이천 공룡수목원 & 곤충박물관,2026-07-26,2026-10-24,https://www.instagram.com,"📸 움직이는 대형 핑키 공룡들이 숲속에 가득한 수목원 | 언급량: 89,000개 | 트렌딩 점수: 93.9점",family:0.9;couple:0.9;single:0.8;#아이와가볼만한곳;경기;인스타100핫플
513,28,[인스타 핫플] #아이와가볼만한곳 - 부천 무릉도원수목원 & 수생식물원,2026-07-26,2026-10-24,https://www.instagram.com,"📸 기암절벽 폭포와 테마 정원이 아름다운 부천의 명소 | 언급량: 115,000개 | 트렌딩 점수: 94.0점",family:0.9;couple:0.9;single:0.8;#아이와가볼만한곳;경기;인스타100핫플
514,28,[인스타 핫플] #아이와가볼만한곳 - 안양 예술공원 & 계곡 놀이터,2026-07-26,2026-10-24,https://www.instagram.com,"📸 시원한 계곡 물놀이와 야외 현대미술 조각품 둘러보기 | 언급량: 145,000개 | 트렌딩 점수: 94.5점",family:0.9;couple:0.9;single:0.8;#아이와가볼만한곳;경기;인스타100핫플
515,7,[인스타 핫플] #아이와가볼만한곳 - 하남 스타필드 바운스 트램폴린,2026-07-26,2026-10-24,https://www.instagram.com,"📸 아이들 스트레스 날려버리는 트램폴린 스포츠 파크 | 언급량: 190,000개 | 트렌딩 점수: 95.9점",family:0.9;couple:0.9;single:0.8;#아이와가볼만한곳;경기;인스타100핫플
516,28,[인스타 핫플] #아이와가볼만한곳 - 의왕 백운호수 테마파크 & 데크길,2026-07-26,2026-10-24,https://www.instagram.com,"📸 호수 위 순환 산책 데크와 백운호수 오리배 모터보트 | 언급량: 160,000개 | 트렌딩 점수: 95.2점",family:0.9;couple:0.9;single:0.8;#아이와가볼만한곳;경기;인스타100핫플
517,54,[인스타 핫플] #아이와가볼만한곳 - 상암 월드컵공원 평화의공원,2026-07-26,2026-10-24,https://www.instagram.com,"📸 연날리기와 피크닉존이 있는 대형 가족 공원 | 언급량: 280,000개 | 트렌딩 점수: 95.4점",family:0.9;couple:0.9;single:0.8;#아이와가볼만한곳;서울;인스타100핫플
518,39,[인스타 핫플] #아이와가볼만한곳 - 국립중앙박물관 어린이박물관,2026-07-26,2026-10-24,https://www.instagram.com,"📸 손으로 만지는 신라 왕관과 역사 체험이 무료 | 언급량: 340,000개 | 트렌딩 점수: 97.5점",family:0.9;couple:0.9;single:0.8;#아이와가볼만한곳;서울;인스타100핫플
519,28,[인스타 핫플] #아이와가볼만한곳 - 국립민속박물관 어린이박물관,2026-07-26,2026-10-24,https://www.instagram.com,"📸 전래동화 체험관과 옛날 골목길 전시가 가득 | 언급량: 210,000개 | 트렌딩 점수: 94.8점",family:0.9;couple:0.9;single:0.8;#아이와가볼만한곳;서울;인스타100핫플
520,28,[인스타 핫플] #아이와가볼만한곳 - 파주 하니랜드 놀이동산,2026-07-26,2026-10-24,https://www.instagram.com,"📸 레트로 감성의 레저공원과 오리배 호수 산책 | 언급량: 68,000개 | 트렌딩 점수: 91.5점",family:0.9;couple:0.9;single:0.8;#아이와가볼만한곳;경기;인스타100핫플
521,28,[인스타 핫플] #아이와가볼만한곳 - 평택 소풍정원 캠핑장 & 미로원,2026-07-26,2026-10-24,https://www.instagram.com,"📸 수변 데크길과 수풀 속 나무 미로가 재밌는 공원 | 언급량: 92,000개 | 트렌딩 점수: 93.4점",family:0.9;couple:0.9;single:0.8;#아이와가볼만한곳;경기;인스타100핫플
522,28,[인스타 핫플] #아이와가볼만한곳 - 과천 서울대공원 동물원 & 리프트,2026-07-26,2026-10-24,https://www.instagram.com,"📸 스카이리프트 타고 관람하는 대한민국 최대 동물원 | 언급량: 780,000개 | 트렌딩 점수: 98.9점",family:0.9;couple:0.9;single:0.8;#아이와가볼만한곳;경기;인스타100핫플
523,28,[인스타 핫플] #아이와가볼만한곳 - 양평 들꽃수목원 & 체험장,2026-07-26,2026-10-24,https://www.instagram.com,"📸 남한강변에 위치한 야생화 수목원과 곤충박물관 | 언급량: 65,000개 | 트렌딩 점수: 91.2점",family:0.9;couple:0.9;single:0.8;#아이와가볼만한곳;경기;인스타100핫플
524,76,[인스타 핫플] #아이와가볼만한곳 - 용인 한국민속촌 아동체험,2026-07-26,2026-10-24,https://www.instagram.com,"📸 조선시대 승마 체험 및 옛날 얼음슬러시 맛보기 | 언급량: 550,000개 | 트렌딩 점수: 97.6점",family:0.9;couple:0.9;single:0.8;#아이와가볼만한곳;경기;인스타100핫플
525,28,[인스타 핫플] #아이와가볼만한곳 - 수원 광교호수공원 신비한 물너미,2026-07-26,2026-10-24,https://www.instagram.com,"📸 국내 최대 수변공원 야경과 분수 물놀이터 | 언급량: 420,000개 | 트렌딩 점수: 97.0점",family:0.9;couple:0.9;single:0.8;#아이와가볼만한곳;경기;인스타100핫플
526,28,[인스타 핫플] #아이와가볼만한곳 - 가평 쁘띠프랑스 & 피노키오마을,2026-07-26,2026-10-24,https://www.instagram.com,"📸 이국적인 프랑스 마을과 인형극 퍼포먼스 | 언급량: 390,000개 | 트렌딩 점수: 96.4점",family:0.9;couple:0.9;single:0.8;#아이와가볼만한곳;경기;인스타100핫플
527,28,[인스타 핫플] #아이와가볼만한곳 - 양주 조명박물관 & 빛체험관,2026-07-26,2026-10-24,https://www.instagram.com,"📸 반짝이는 감성 조명 전시와 자일로폰 체험 | 언급량: 58,000개 | 트렌딩 점수: 90.8점",family:0.9;couple:0.9;single:0.8;#아이와가볼만한곳;경기;인스타100핫플
528,28,[인스타 핫플] #아이와가볼만한곳 - 포천 허브아일랜드 핑크모래존,2026-07-26,2026-10-24,https://www.instagram.com,"📸 인스타에서 난리난 핑크모래 썰매장과 산타마을 | 언급량: 410,000개 | 트렌딩 점수: 97.3점",family:0.9;couple:0.9;single:0.8;#아이와가볼만한곳;경기;인스타100핫플
529,28,[인스타 핫플] #아이와가볼만한곳 - 화성 융건릉 산책로,2026-07-26,2026-10-24,https://www.instagram.com,"📸 울창한 소나무 숲길 따라 걷기 좋은 유네스코 세계유산 | 언급량: 110,000개 | 트렌딩 점수: 93.8점",family:0.9;couple:0.9;single:0.8;#아이와가볼만한곳;경기;인스타100핫플
530,28,[인스타 핫플] #아이와가볼만한곳 - 여주 곤충박물관 & 사파리,2026-07-26,2026-10-24,https://www.instagram.com,"📸 파충류 터치 체험과 장수풍뎅이 직접 만지기 | 언급량: 82,000개 | 트렌딩 점수: 92.5점",family:0.9;couple:0.9;single:0.8;#아이와가볼만한곳;경기;인스타100핫플
531,1,[인스타 핫플] #주말팝업스토어 - 여의도 더현대 서울 지하 팝업존,2026-07-26,2026-10-24,https://www.instagram.com,"📸 글로벌 캐릭터 및 패션 팝업이 끊이지 않는 곳 | 언급량: 890,000개 | 트렌딩 점수: 99.4점",family:0.9;couple:0.9;single:0.8;#주말팝업스토어;서울;인스타100핫플
532,14,[인스타 핫플] #서울주말데이트 - 잠실 롯데월드몰 넥스트 미디어아트전,2026-07-26,2026-10-24,https://www.instagram.com,"📸 화려한 대형 몰입형 미디어아트 인생샷 스팟 | 언급량: 450,000개 | 트렌딩 점수: 97.9점",family:0.9;couple:0.9;single:0.8;#서울주말데이트;서울;인스타100핫플
533,3,[인스타 핫플] #서울주말데이트 - 삼청동 국립현대미술관 서울관,2026-07-26,2026-10-24,https://www.instagram.com,"📸 마당이 예쁜 현대미술관 전시 관람 후 삼청동 산책 | 언급량: 270,000개 | 트렌딩 점수: 96.6점",family:0.9;couple:0.9;single:0.8;#서울주말데이트;서울;인스타100핫플
534,6,[인스타 핫플] #서울주말데이트 - 익선동 한옥 카페거리 & 수제화골목,2026-07-26,2026-10-24,https://www.instagram.com,"📸 좁은 골목길에 힙한 수제 디저트 한옥 카페들 | 언급량: 580,000개 | 트렌딩 점수: 98.3점",family:0.9;couple:0.9;single:0.8;#서울주말데이트;서울;인스타100핫플
535,9,[인스타 핫플] #서울주말데이트 - 연남동 경의선숲길 연남 연트럴파크,2026-07-26,2026-10-24,https://www.instagram.com,"📸 잔디밭에 앉아서 와인 한잔하기 좋은 주말 연남동 | 언급량: 690,000개 | 트렌딩 점수: 98.7점",family:0.9;couple:0.9;single:0.8;#서울주말데이트;서울;인스타100핫플
536,65,[인스타 핫플] #서울주말데이트 - 혜화 대학로 연극거리 & 마로니에공원,2026-07-26,2026-10-24,https://www.instagram.com,"📸 로맨틱 코미디 연극 관람 후 마로니에공원 버스킹 | 언급량: 410,000개 | 트렌딩 점수: 96.9점",family:0.9;couple:0.9;single:0.8;#서울주말데이트;서울;인스타100핫플
537,72,[인스타 핫플] #성수동핫플 - 홍대입구 걷고싶은거리 버스킹존,2026-07-26,2026-10-24,https://www.instagram.com,"📸 청춘들의 댄스와 노래 버스킹이 넘쳐나는 거리 | 언급량: 920,000개 | 트렌딩 점수: 99.2점",family:0.9;couple:0.9;single:0.8;#성수동핫플;서울;인스타100핫플
538,68,[인스타 핫플] #서울주말데이트 - 용산 용리단길 & 신용산 맛집거리,2026-07-26,2026-10-24,https://www.instagram.com,"📸 이국적인 레스토랑과 감성 와인바가 늘어선 핫플 | 언급량: 310,000개 | 트렌딩 점수: 97.1점",family:0.9;couple:0.9;single:0.8;#서울주말데이트;서울;인스타100핫플
539,25,[인스타 핫플] #서울주말데이트 - 을지로 힙지도 야장 골목,2026-07-26,2026-10-24,https://www.instagram.com,"📸 인쇄소 골목 사이 노가리와 맥주 야장이 힙한 곳 | 언급량: 480,000개 | 트렌딩 점수: 97.7점",family:0.9;couple:0.9;single:0.8;#서울주말데이트;서울;인스타100핫플
540,28,[인스타 핫플] #서울주말데이트 - 문래동 창작촌 아티스트 골목,2026-07-26,2026-10-24,https://www.instagram.com,"📸 철공소와 미술 공방이 어우러진 레트로감성 핫플 | 언급량: 210,000개 | 트렌딩 점수: 95.6점",family:0.9;couple:0.9;single:0.8;#서울주말데이트;서울;인스타100핫플
541,70,[인스타 핫플] #서울주말데이트 - 서촌 통인시장 & 서촌 카페거리,2026-07-26,2026-10-24,https://www.instagram.com,"📸 엽전 도시락 체험과 인왕산 아래 호젓한 서촌 카페 | 언급량: 380,000개 | 트렌딩 점수: 96.7점",family:0.9;couple:0.9;single:0.8;#서울주말데이트;서울;인스타100핫플
542,62,[인스타 핫플] #주말팝업스토어 - 압구정 로데오거리 & 도산공원,2026-07-26,2026-10-24,https://www.instagram.com,"📸 명품 플래그십 스토어와 럭셔리 디저트 카페 라인업 | 언급량: 750,000개 | 트렌딩 점수: 98.8점",family:0.9;couple:0.9;single:0.8;#주말팝업스토어;서울;인스타100핫플
543,71,[인스타 핫플] #주말팝업스토어 - 강남역 카카오프렌즈 & 브랜드 팝업,2026-07-26,2026-10-24,https://www.instagram.com,"📸 대형 굿즈샵과 유동인구가 집중되는 신상 팝업존 | 언급량: 610,000개 | 트렌딩 점수: 97.9점",family:0.9;couple:0.9;single:0.8;#주말팝업스토어;서울;인스타100핫플
544,15,[인스타 핫플] #서울주말데이트 - 송파 석촌호수 송리단길 디저트,2026-07-26,2026-10-24,https://www.instagram.com,"📸 석촌호수 산책 후 송리단길 타코 및 일본식 디저트 | 언급량: 520,000개 | 트렌딩 점수: 97.6점",family:0.9;couple:0.9;single:0.8;#서울주말데이트;서울;인스타100핫플
545,24,[인스타 핫플] #성수동핫플 - 서울숲 중앙공원 & 피크닉 잔디밭,2026-07-26,2026-10-24,https://www.instagram.com,"📸 사슴 사육장과 대형 수목이 둘러싸인 도심 그린 핫플 | 언급량: 810,000개 | 트렌딩 점수: 99.1점",family:0.9;couple:0.9;single:0.8;#성수동핫플;서울;인스타100핫플
546,11,[인스타 핫플] #주말팝업스토어 - 동대문 DDP 디자인플라자 전시장,2026-07-26,2026-10-24,https://www.instagram.com,"📸 우주선 모양 랜드마크의 패션위크 및 대형 디자인전 | 언급량: 670,000개 | 트렌딩 점수: 98.4점",family:0.9;couple:0.9;single:0.8;#주말팝업스토어;서울;인스타100핫플
547,28,[인스타 핫플] #서울주말데이트 - 남산타워 N서울타워 & 자물쇠 전망대,2026-07-26,2026-10-24,https://www.instagram.com,"📸 케이블카 타고 올라가서 바라보는 360도 파노라마 야경 | 언급량: 950,000개 | 트렌딩 점수: 99.3점",family:0.9;couple:0.9;single:0.8;#서울주말데이트;서울;인스타100핫플
548,34,[인스타 핫플] #서울주말데이트 - 덕수궁 돌담길 & 정동길 산책,2026-07-26,2026-10-24,https://www.instagram.com,"📸 연인들이 걷기 좋은 운치 있는 고궁 돌담길 산책 | 언급량: 390,000개 | 트렌딩 점수: 96.8점",family:0.9;couple:0.9;single:0.8;#서울주말데이트;서울;인스타100핫플
549,8,[인스타 핫플] #서울주말데이트 - 경복궁 야간관람 & 광화문광장,2026-07-26,2026-10-24,https://www.instagram.com,"📸 한복 입고 즐기는 고궁 은은한 조명 야간 관람 | 언급량: 880,000개 | 트렌딩 점수: 99.1점",family:0.9;couple:0.9;single:0.8;#서울주말데이트;서울;인스타100핫플
550,40,[인스타 핫플] #서울주말데이트 - 서울시립미술관 서소문본관,2026-07-26,2026-10-24,https://www.instagram.com,"📸 무료로 관람하는 수준 높은 현대미술 기획전시 | 언급량: 190,000개 | 트렌딩 점수: 95.1점",family:0.9;couple:0.9;single:0.8;#서울주말데이트;서울;인스타100핫플
551,53,[인스타 핫플] #서울주말데이트 - 은평 한옥마을 & 북한산 조망 카페,2026-07-26,2026-10-24,https://www.instagram.com,"📸 북한산 웅장한 봉우리가 병풍처럼 펼쳐진 한옥 마을 | 언급량: 230,000개 | 트렌딩 점수: 96.3점",family:0.9;couple:0.9;single:0.8;#서울주말데이트;서울;인스타100핫플
552,41,[인스타 핫플] #서울주말데이트 - 세종문화회관 야외 계단 파크,2026-07-26,2026-10-24,https://www.instagram.com,"📸 광화문 광장 앞에서 펼쳐지는 주말 야외 클래식 연주 | 언급량: 260,000개 | 트렌딩 점수: 95.7점",family:0.9;couple:0.9;single:0.8;#서울주말데이트;서울;인스타100핫플
553,55,[인스타 핫플] #서울주말데이트 - 올림픽공원 나홀로나무 & 장미광장,2026-07-26,2026-10-24,https://www.instagram.com,"📸 넓은 푸른 언덕 위에 서 있는 나홀로나무 포토존 | 언급량: 590,000개 | 트렌딩 점수: 98.0점",family:0.9;couple:0.9;single:0.8;#서울주말데이트;서울;인스타100핫플
554,60,[인스타 핫플] #서울주말데이트 - 청계천 등불축제 & 광교 수변 산책,2026-07-26,2026-10-24,https://www.instagram.com,"📸 도심 속 물소리 들으며 조명 징검다리 건너기 | 언급량: 470,000개 | 트렌딩 점수: 97.2점",family:0.9;couple:0.9;single:0.8;#서울주말데이트;서울;인스타100핫플
555,19,[인스타 핫플] #서울주말데이트 - 이태원 경리단길 & 해방촌 노을전망대,2026-07-26,2026-10-24,https://www.instagram.com,"📸 남산 아래 루프탑 카페에서 감상하는 서울 일몰 뷰 | 언급량: 640,000개 | 트렌딩 점수: 98.6점",family:0.9;couple:0.9;single:0.8;#서울주말데이트;서울;인스타100핫플
556,23,[인스타 핫플] #성수동핫플 - 망원동 망리단길 & 망원시장 맛집,2026-07-26,2026-10-24,https://www.instagram.com,"📸 고추튀김과 닭강정이 맛있고 힙한 소품샵 천국 | 언급량: 430,000개 | 트렌딩 점수: 97.3점",family:0.9;couple:0.9;single:0.8;#성수동핫플;서울;인스타100핫플
557,28,[인스타 핫플] #서울주말데이트 - 반포 한강공원 세빛섬 & 달빛무지개분수,2026-07-26,2026-10-24,https://www.instagram.com,"📸 세계 최장 교량 분수가 만들어내는 무지개 빛줄기 | 언급량: 720,000개 | 트렌딩 점수: 98.9점",family:0.9;couple:0.9;single:0.8;#서울주말데이트;서울;인스타100핫플
558,6,[인스타 핫플] #서울주말데이트 - 북촌 한옥마을 8경 포토스팟,2026-07-26,2026-10-24,https://www.instagram.com,"📸 한옥 지붕 사이로 서울타워가 보이는 최고 포토존 | 언급량: 830,000개 | 트렌딩 점수: 99.0점",family:0.9;couple:0.9;single:0.8;#서울주말데이트;서울;인스타100핫플
559,28,[인스타 핫플] #서울주말데이트 - 성북동 길상사 & 한옥 찻집,2026-07-26,2026-10-24,https://www.instagram.com,"📸 조용하고 정갈한 침묵의 공간과 시원한 숲 산책 | 언급량: 150,000개 | 트렌딩 점수: 94.6점",family:0.9;couple:0.9;single:0.8;#서울주말데이트;서울;인스타100핫플
560,27,[인스타 핫플] #성수동핫플 - 가로수길 & 신사동 힙스트리트,2026-07-26,2026-10-24,https://www.instagram.com,"📸 은행나무길 따라 이어지는 해외 뷰티 팝업스토어 | 언급량: 790,000개 | 트렌딩 점수: 98.7점",family:0.9;couple:0.9;single:0.8;#성수동핫플;서울;인스타100핫플
561,28,[인스타 핫플] #서울주말데이트 - 한남동 대사관로 카페거리 & 리움미술관,2026-07-26,2026-10-24,https://www.instagram.com,"📸 고급스러운 갤러리와 정갈한 브런치 카페들이 가득 | 언급량: 610,000개 | 트렌딩 점수: 98.2점",family:0.9;couple:0.9;single:0.8;#서울주말데이트;서울;인스타100핫플
562,28,[인스타 핫플] #서울주말데이트 - 예술의전당 음악분수 & 오페라하우스,2026-07-26,2026-10-24,https://www.instagram.com,"📸 세계적 클래식 공연 관람과 신나는 야외 음악분수 | 언급량: 350,000개 | 트렌딩 점수: 96.5점",family:0.9;couple:0.9;single:0.8;#서울주말데이트;서울;인스타100핫플
563,28,[인스타 핫플] #아기랑가평 - 가평 베키 키즈 풀빌라 & 아침고요수목원,2026-07-26,2026-10-24,https://www.instagram.com,"📸 아기랑 가평 온수풀빌라에서 힐링하는 1박2일 코스 | 언급량: 94,000개 | 트렌딩 점수: 94.8점",family:0.9;couple:0.9;single:0.8;#아기랑가평;경기;인스타100핫플
564,28,[인스타 핫플] #경기근교핫플 - 가평 이탈리아마을 피노키오와 다빈치,2026-07-26,2026-10-24,https://www.instagram.com,"📸 중세 이탈리아 거리를 옮겨놓은 듯한 스냅 포토존 | 언급량: 145,000개 | 트렌딩 점수: 95.5점",family:0.9;couple:0.9;single:0.8;#경기근교핫플;경기;인스타100핫플
565,28,[인스타 핫플] #경기근교핫플 - 가평 잣향기푸른숲 & 피톤치드 산책로,2026-07-26,2026-10-24,https://www.instagram.com,"📸 수령 80년 이상 잣나무가 뿜어내는 압도적 피톤치드 | 언급량: 82,000개 | 트렌딩 점수: 93.2점",family:0.9;couple:0.9;single:0.8;#경기근교핫플;경기;인스타100핫플
566,28,[인스타 핫플] #경기근교핫플 - 양평 세미원 연꽃박물관 & 세한정,2026-07-26,2026-10-24,https://www.instagram.com,"📸 남한강 물결 따라 피어나는 하얀 백련과 홍련 연꽃밭 | 언급량: 210,000개 | 트렌딩 점수: 96.1점",family:0.9;couple:0.9;single:0.8;#경기근교핫플;경기;인스타100핫플
567,28,[인스타 핫플] #경기근교핫플 - 양평 두물머리 핫도그 & 강변산책,2026-07-26,2026-10-24,https://www.instagram.com,"📸 북한강과 남한강이 만나는 풍경 보며 핫도그 냠냠 | 언급량: 740,000개 | 트렌딩 점수: 98.9점",family:0.9;couple:0.9;single:0.8;#경기근교핫플;경기;인스타100핫플
568,28,[인스타 핫플] #경기근교핫플 - 파주 마장호수 흔들다리 & 꿀벌체험,2026-07-26,2026-10-24,https://www.instagram.com,"📸 호수를 가로지르는 220m 아찔한 흔들다리 걷기 | 언급량: 390,000개 | 트렌딩 점수: 97.4점",family:0.9;couple:0.9;single:0.8;#경기근교핫플;경기;인스타100핫플
569,28,[인스타 핫플] #경기근교핫플 - 파주 앤드테라스 식물원 카페,2026-07-26,2026-10-24,https://www.instagram.com,"📸 초대형 유리온실 속 열대식물과 브런치가 뛰어난 카페 | 언급량: 180,000개 | 트렌딩 점수: 96.4점",family:0.9;couple:0.9;single:0.8;#경기근교핫플;경기;인스타100핫플
570,76,[인스타 핫플] #경기근교핫플 - 용인 보정동 카페거리,2026-07-26,2026-10-24,https://www.instagram.com,"📸 유럽 감성의 아기자기한 이색 카페들과 일루미네이션 | 언급량: 230,000개 | 트렌딩 점수: 96.0점",family:0.9;couple:0.9;single:0.8;#경기근교핫플;경기;인스타100핫플
571,76,[인스타 핫플] #경기근교핫플 - 용인 한국민속촌 야간개장 달빛시즌,2026-07-26,2026-10-24,https://www.instagram.com,"📸 은은한 청사초롱 조명 아래 민속촌 주막 해오름 공연 | 언급량: 550,000개 | 트렌딩 점수: 97.8점",family:0.9;couple:0.9;single:0.8;#경기근교핫플;경기;인스타100핫플
572,28,[인스타 핫플] #경기근교핫플 - 수원 화성행궁 야간개장 & 행리단길,2026-07-26,2026-10-24,https://www.instagram.com,"📸 성곽길 따라 피어나는 루프탑 야경과 행리단길 맛집 | 언급량: 680,000개 | 트렌딩 점수: 98.8점",family:0.9;couple:0.9;single:0.8;#경기근교핫플;경기;인스타100핫플
573,75,[인스타 핫플] #경기근교핫플 - 성남 율동공원 번지점프 & 수변데크,2026-07-26,2026-10-24,https://www.instagram.com,"📸 스릴 넘치는 45m 번지점프와 율동호수 수변 산책로 | 언급량: 190,000개 | 트렌딩 점수: 95.3점",family:0.9;couple:0.9;single:0.8;#경기근교핫플;경기;인스타100핫플
574,75,[인스타 핫플] #경기근교핫플 - 성남 분당 중앙공원 야외음악당,2026-07-26,2026-10-24,https://www.instagram.com,"📸 도심 속 우거진 수목과 주말 파크 콘서트 무대 | 언급량: 240,000개 | 트렌딩 점수: 96.0점",family:0.9;couple:0.9;single:0.8;#경기근교핫플;경기;인스타100핫플
575,28,[인스타 핫플] #경기근교핫플 - 고양 행주산성 역사공원 & 한강뷰,2026-07-26,2026-10-24,https://www.instagram.com,"📸 행주대교 한강 노을 감상하기 가장 탁월한 힐링 장소 | 언급량: 150,000개 | 트렌딩 점수: 94.9점",family:0.9;couple:0.9;single:0.8;#경기근교핫플;경기;인스타100핫플
576,28,[인스타 핫플] #경기근교핫플 - 부천 상동호수공원 튜립/코스모스,2026-07-26,2026-10-24,https://www.instagram.com,"📸 계절마다 화려하게 피어나는 대규모 꽃밭 포토존 | 언급량: 170,000개 | 트렌딩 점수: 95.4점",family:0.9;couple:0.9;single:0.8;#경기근교핫플;경기;인스타100핫플
577,28,[인스타 핫플] #경기근교핫플 - 남양주 물의정원 강변 양귀비 꽃밭,2026-07-26,2026-10-24,https://www.instagram.com,"📸 북한강변 기운 느티나무에 누워 찍는 감성샷 스팟 | 언급량: 310,000개 | 트렌딩 점수: 97.0점",family:0.9;couple:0.9;single:0.8;#경기근교핫플;경기;인스타100핫플
578,28,[인스타 핫플] #경기근교핫플 - 포천 비둘기낭 폭포 & 주상절리,2026-07-26,2026-10-24,https://www.instagram.com,"📸 에메랄드빛 폭포수와 한탄강 주상절리 신비로운 풍경 | 언급량: 140,000개 | 트렌딩 점수: 95.2점",family:0.9;couple:0.9;single:0.8;#경기근교핫플;경기;인스타100핫플
579,28,[인스타 핫플] #경기근교핫플 - 포천 아트밸리 천주호 & 모노레일,2026-07-26,2026-10-24,https://www.instagram.com,"📸 화강암 채석장을 호수로 탈바꿈한 신비로운 절경 | 언급량: 360,000개 | 트렌딩 점수: 97.5점",family:0.9;couple:0.9;single:0.8;#경기근교핫플;경기;인스타100핫플
580,28,[인스타 핫플] #경기근교핫플 - 광주 남한산성 로터리 & 탐방로,2026-07-26,2026-10-24,https://www.instagram.com,"📸 서울 전경이 한눈에 내려다보이는 서암문 노을 스팟 | 언급량: 420,000개 | 트렌딩 점수: 97.1점",family:0.9;couple:0.9;single:0.8;#경기근교핫플;경기;인스타100핫플
581,28,[인스타 핫플] #경기근교핫플 - 시흥 오이도 빨간등대 & 조개구이,2026-07-26,2026-10-24,https://www.instagram.com,"📸 빨간 등대 배경으로 사진 찍고 서해 낙조 감상 | 언급량: 510,000개 | 트렌딩 점수: 97.7점",family:0.9;couple:0.9;single:0.8;#경기근교핫플;경기;인스타100핫플
582,28,[인스타 핫플] #경기근교핫플 - 화성 제부도 모세의기적 바닷길,2026-07-26,2026-10-24,https://www.instagram.com,"📸 하루 두 번 바닷길이 열리는 신비의 섬 제부도 드라이브 | 언급량: 330,000개 | 트렌딩 점수: 96.8점",family:0.9;couple:0.9;single:0.8;#경기근교핫플;경기;인스타100핫플
583,28,[인스타 핫플] #경기근교핫플 - 김포 아라뱃길 현대 프리미엄 아울렛,2026-07-26,2026-10-24,https://www.instagram.com,"📸 주말 불꽃크루즈와 수변 아울렛 럭셔리 쇼핑 | 언급량: 290,000개 | 트렌딩 점수: 96.6점",family:0.9;couple:0.9;single:0.8;#경기근교핫플;경기;인스타100핫플
584,28,[인스타 핫플] #경기근교핫플 - 안성 안성맞춤랜드 억새동남,2026-07-26,2026-10-24,https://www.instagram.com,"📸 넓은 수변공원과 주말 바우덕이 풍물단 공연 | 언급량: 105,000개 | 트렌딩 점수: 93.6점",family:0.9;couple:0.9;single:0.8;#경기근교핫플;경기;인스타100핫플
585,28,[인스타 핫플] #경기근교핫플 - 여주 강천섬 유원지 노란 은행나무,2026-07-26,2026-10-24,https://www.instagram.com,"📸 단풍철 노랗게 물드는 1km 은행나무 길 피크닉 | 언급량: 180,000개 | 트렌딩 점수: 96.2점",family:0.9;couple:0.9;single:0.8;#경기근교핫플;경기;인스타100핫플
586,28,[인스타 핫플] #경기근교핫플 - 이천 시몬스 테라스 감성 라이프스타일,2026-07-26,2026-10-24,https://www.instagram.com,"📸 크리스마스 트리와 인스타 핫플로 유명한 전시공간 | 언급량: 270,000개 | 트렌딩 점수: 97.2점",family:0.9;couple:0.9;single:0.8;#경기근교핫플;경기;인스타100핫플
587,28,[인스타 핫플] #경기근교핫플 - 의왕 왕송호수 레일바이크 & 조류생태,2026-07-26,2026-10-24,https://www.instagram.com,"📸 호수 한바퀴를 돌며 바다처럼 트인 뷰를 즐기는 바이크 | 언급량: 150,000개 | 트렌딩 점수: 95.1점",family:0.9;couple:0.9;single:0.8;#경기근교핫플;경기;인스타100핫플
588,28,[인스타 핫플] #아기랑가평 - 가평 자라섬 남도 꽃정원,2026-07-26,2026-10-24,https://www.instagram.com,"📸 북한강 위 섬 전체에 펼쳐지는 알록달록 꽃의 향연 | 언급량: 220,000개 | 트렌딩 점수: 96.5점",family:0.9;couple:0.9;single:0.8;#아기랑가평;경기;인스타100핫플
589,28,[인스타 핫플] #경기근교핫플 - 파주 임진각 평화누리 바람의언덕,2026-07-26,2026-10-24,https://www.instagram.com,"📸 알록달록 수천 개의 바람개비가 돌아가는 잔디 언덕 | 언급량: 480,000개 | 트렌딩 점수: 97.8점",family:0.9;couple:0.9;single:0.8;#경기근교핫플;경기;인스타100핫플
590,76,[인스타 핫플] #경기근교핫플 - 용인 와우정사 놋쇠 대형 불두,2026-07-26,2026-10-24,https://www.instagram.com,"📸 입구에 위치한 8m 대형 불두와 세계 불상 박물관 | 언급량: 120,000개 | 트렌딩 점수: 94.3점",family:0.9;couple:0.9;single:0.8;#경기근교핫플;경기;인스타100핫플
591,28,[인스타 핫플] #경기근교핫플 - 수원 월화원 중국식 전통정원,2026-07-26,2026-10-24,https://www.instagram.com,"📸 드라마 촬영지로 유명한 양광식 중국 정원 풍경 | 언급량: 190,000개 | 트렌딩 점수: 96.2점",family:0.9;couple:0.9;single:0.8;#경기근교핫플;경기;인스타100핫플
592,28,[인스타 핫플] #경기근교핫플 - 양평 구둔역 폐역 레트로 출사지,2026-07-26,2026-10-24,https://www.instagram.com,"📸 영화 건축학개론 촬영지 철길 감성 포토존 | 언급량: 98,000개 | 트렌딩 점수: 93.7점",family:0.9;couple:0.9;single:0.8;#경기근교핫플;경기;인스타100핫플
593,28,[인스타 1만 DB] #수목원데이트 - 평창군 드림 피크닉존 #1,2026-07-26,2026-10-24,https://www.instagram.com,"📸 강원특별자치도 평창군에서 인스타 소셜 반응이 뜨거운 식물원수목원 명소! 게시물 483,261개 달성 | 언급량: 483,261개 | 트렌딩 점수: 94.2점",family:0.8;couple:0.9;single:0.9;#수목원데이트;평창군;인스타1만DB
594,28,[인스타 1만 DB] #야경스타그램 - 사상구 힐링 디저트카페 #2,2026-07-26,2026-10-24,https://www.instagram.com,"📸 부산광역시 사상구에서 인스타 소셜 반응이 뜨거운 감성야경명소 명소! 게시물 247,231개 달성 | 언급량: 247,231개 | 트렌딩 점수: 97.1점",family:0.8;couple:0.9;single:0.8;#야경스타그램;사상구;인스타1만DB
595,28,[인스타 1만 DB] #바다여행 - 서구 에스 글램핑장 #3,2026-07-26,2026-10-24,https://www.instagram.com,"📸 광주광역시 서구에서 인스타 소셜 반응이 뜨거운 바다해변산책 명소! 게시물 762,920개 달성 | 언급량: 762,920개 | 트렌딩 점수: 90.6점",family:0.9;couple:0.9;single:0.8;#바다여행;서구;인스타1만DB
596,28,[인스타 1만 DB] #동물체험 - 강화군 블루 야경전망대 #4,2026-07-26,2026-10-24,https://www.instagram.com,"📸 인천광역시 강화군에서 인스타 소셜 반응이 뜨거운 동물원사파리 명소! 게시물 974,337개 달성 | 언급량: 974,337개 | 트렌딩 점수: 98.0점",family:0.9;couple:0.9;single:0.6;#동물체험;강화군;인스타1만DB
597,28,[인스타 1만 DB] #물놀이장소 - 의성군 가든 디저트카페 #5,2026-07-26,2026-10-24,https://www.instagram.com,"📸 경상북도 의성군에서 인스타 소셜 반응이 뜨거운 계곡물놀이축제 명소! 게시물 851,288개 달성 | 언급량: 851,288개 | 트렌딩 점수: 93.7점",family:0.8;couple:0.7;single:0.8;#물놀이장소;의성군;인스타1만DB
598,28,[인스타 1만 DB] #수목원데이트 - 연제구 에스 한옥거리 #6,2026-07-26,2026-10-24,https://www.instagram.com,"📸 부산광역시 연제구에서 인스타 소셜 반응이 뜨거운 식물원수목원 명소! 게시물 1,197,793개 달성 | 언급량: 1,197,793개 | 트렌딩 점수: 92.6점",family:0.9;couple:0.9;single:0.8;#수목원데이트;연제구;인스타1만DB
599,28,[인스타 1만 DB] #수목원데이트 - 연천군 스타 한옥거리 #7,2026-07-26,2026-10-24,https://www.instagram.com,"📸 경기도 연천군에서 인스타 소셜 반응이 뜨거운 식물원수목원 명소! 게시물 1,000,746개 달성 | 언급량: 1,000,746개 | 트렌딩 점수: 92.1점",family:0.7;couple:1.0;single:0.8;#수목원데이트;연천군;인스타1만DB
600,28,[인스타 1만 DB] #동물체험 - 북구 에스 해변카페 #8,2026-07-26,2026-10-24,https://www.instagram.com,"📸 울산광역시 북구에서 인스타 소셜 반응이 뜨거운 동물원사파리 명소! 게시물 660,141개 달성 | 언급량: 660,141개 | 트렌딩 점수: 96.8점",family:0.8;couple:0.8;single:0.9;#동물체험;북구;인스타1만DB
601,28,[인스타 1만 DB] #전시회추천 - 남구 에스 체험파크 #9,2026-07-26,2026-10-24,https://www.instagram.com,"📸 대구광역시 남구에서 인스타 소셜 반응이 뜨거운 미술관전시회 명소! 게시물 84,435개 달성 | 언급량: 84,435개 | 트렌딩 점수: 94.7점",family:0.8;couple:0.8;single:0.8;#전시회추천;남구;인스타1만DB
602,28,[인스타 1만 DB] #주말가족나들이 - 강서구 에스 갤러리 #10,2026-07-26,2026-10-24,https://www.instagram.com,"📸 부산광역시 강서구에서 인스타 소셜 반응이 뜨거운 주말가족나들이 명소! 게시물 993,648개 달성 | 언급량: 993,648개 | 트렌딩 점수: 96.3점",family:0.8;couple:0.8;single:0.8;#주말가족나들이;강서구;인스타1만DB
603,28,[인스타 1만 DB] #전시회추천 - 여주시 선셋 노포야장 #11,2026-07-26,2026-10-24,https://www.instagram.com,"📸 경기도 여주시에서 인스타 소셜 반응이 뜨거운 미술관전시회 명소! 게시물 221,305개 달성 | 언급량: 221,305개 | 트렌딩 점수: 95.2점",family:0.9;couple:0.9;single:0.7;#전시회추천;여주시;인스타1만DB
604,28,[인스타 1만 DB] #골목투어 - 계룡시 그린 산책데크 #12,2026-07-26,2026-10-24,https://www.instagram.com,"📸 충청남도 계룡시에서 인스타 소셜 반응이 뜨거운 레트로노포골목 명소! 게시물 1,060,264개 달성 | 언급량: 1,060,264개 | 트렌딩 점수: 86.4점",family:0.9;couple:0.8;single:0.7;#골목투어;계룡시;인스타1만DB
605,28,[인스타 1만 DB] #아이와가볼만한곳 - 강북구 스퀘어 디저트카페 #13,2026-07-26,2026-10-24,https://www.instagram.com,"📸 서울특별시 강북구에서 인스타 소셜 반응이 뜨거운 아이와가볼만한곳 명소! 게시물 431,896개 달성 | 언급량: 431,896개 | 트렌딩 점수: 86.8점",family:0.6;couple:0.9;single:0.7;#아이와가볼만한곳;강북구;인스타1만DB
606,28,[인스타 1만 DB] #아이와가볼만한곳 - 구미시 선셋 갤러리 #14,2026-07-26,2026-10-24,https://www.instagram.com,"📸 경상북도 구미시에서 인스타 소셜 반응이 뜨거운 아이와가볼만한곳 명소! 게시물 297,831개 달성 | 언급량: 297,831개 | 트렌딩 점수: 88.3점",family:0.8;couple:1.0;single:0.9;#아이와가볼만한곳;구미시;인스타1만DB
607,28,[인스타 1만 DB] #성수동핫플 - 서귀포시 가든 풀빌라 #15,2026-07-26,2026-10-24,https://www.instagram.com,"📸 제주특별자치도 서귀포시에서 인스타 소셜 반응이 뜨거운 핫플카페거리 명소! 게시물 298,841개 달성 | 언급량: 298,841개 | 트렌딩 점수: 96.6점",family:0.8;couple:0.9;single:0.7;#성수동핫플;서귀포시;인스타1만DB
608,28,[인스타 1만 DB] #주말가족나들이 - 괴산군 파크 체험파크 #16,2026-07-26,2026-10-24,https://www.instagram.com,"📸 충청북도 괴산군에서 인스타 소셜 반응이 뜨거운 주말가족나들이 명소! 게시물 237,579개 달성 | 언급량: 237,579개 | 트렌딩 점수: 98.1점",family:0.6;couple:0.8;single:0.7;#주말가족나들이;괴산군;인스타1만DB
609,28,[인스타 1만 DB] #수목원데이트 - 강남구 테라스 키즈월드 #17,2026-07-26,2026-10-24,https://www.instagram.com,"📸 서울특별시 강남구에서 인스타 소셜 반응이 뜨거운 식물원수목원 명소! 게시물 651,845개 달성 | 언급량: 651,845개 | 트렌딩 점수: 89.8점",family:0.6;couple:1.0;single:0.8;#수목원데이트;강남구;인스타1만DB
610,28,[인스타 1만 DB] #액티비티추천 - 보령시 드림 문화공간 #18,2026-07-26,2026-10-24,https://www.instagram.com,"📸 충청남도 보령시에서 인스타 소셜 반응이 뜨거운 루지액티비티 명소! 게시물 924,340개 달성 | 언급량: 924,340개 | 트렌딩 점수: 90.0점",family:0.8;couple:0.9;single:0.6;#액티비티추천;보령시;인스타1만DB
611,28,[인스타 1만 DB] #주말가족나들이 - 진주시 뷰티풀 팝업존 #19,2026-07-26,2026-10-24,https://www.instagram.com,"📸 경상남도 진주시에서 인스타 소셜 반응이 뜨거운 주말가족나들이 명소! 게시물 1,157,458개 달성 | 언급량: 1,157,458개 | 트렌딩 점수: 85.7점",family:0.9;couple:0.9;single:0.7;#주말가족나들이;진주시;인스타1만DB
612,28,[인스타 1만 DB] #수목원데이트 - 관악구 감성 수목원 #20,2026-07-26,2026-10-24,https://www.instagram.com,"📸 서울특별시 관악구에서 인스타 소셜 반응이 뜨거운 식물원수목원 명소! 게시물 351,363개 달성 | 언급량: 351,363개 | 트렌딩 점수: 97.5점",family:0.8;couple:0.8;single:0.7;#수목원데이트;관악구;인스타1만DB
613,28,[인스타 1만 DB] #전시회추천 - 계양구 뷰티풀 글램핑장 #21,2026-07-26,2026-10-24,https://www.instagram.com,"📸 인천광역시 계양구에서 인스타 소셜 반응이 뜨거운 미술관전시회 명소! 게시물 381,361개 달성 | 언급량: 381,361개 | 트렌딩 점수: 91.9점",family:1.0;couple:0.9;single:0.7;#전시회추천;계양구;인스타1만DB
614,28,[인스타 1만 DB] #수목원데이트 - 논산시 테라스 노포야장 #22,2026-07-26,2026-10-24,https://www.instagram.com,"📸 충청남도 논산시에서 인스타 소셜 반응이 뜨거운 식물원수목원 명소! 게시물 266,879개 달성 | 언급량: 266,879개 | 트렌딩 점수: 96.8점",family:0.9;couple:0.9;single:0.9;#수목원데이트;논산시;인스타1만DB
615,28,[인스타 1만 DB] #성수동핫플 - 세종시 스퀘어 키즈월드 #23,2026-07-26,2026-10-24,https://www.instagram.com,"📸 세종특별자치시 세종시에서 인스타 소셜 반응이 뜨거운 핫플카페거리 명소! 게시물 870,643개 달성 | 언급량: 870,643개 | 트렌딩 점수: 96.6점",family:0.9;couple:0.9;single:0.9;#성수동핫플;세종시;인스타1만DB
616,28,[인스타 1만 DB] #캠핑스타그램 - 영주시 로얄 문화공간 #24,2026-07-26,2026-10-24,https://www.instagram.com,"📸 경상북도 영주시에서 인스타 소셜 반응이 뜨거운 숲속캠핑카라반 명소! 게시물 245,043개 달성 | 언급량: 245,043개 | 트렌딩 점수: 95.6점",family:0.8;couple:0.9;single:0.7;#캠핑스타그램;영주시;인스타1만DB
617,28,[인스타 1만 DB] #핫플맛집 - 장성군 로얄 수목원 #25,2026-07-26,2026-10-24,https://www.instagram.com,"📸 전라남도 장성군에서 인스타 소셜 반응이 뜨거운 인스타핫플맛집 명소! 게시물 227,768개 달성 | 언급량: 227,768개 | 트렌딩 점수: 88.9점",family:1.0;couple:0.8;single:0.8;#핫플맛집;장성군;인스타1만DB
618,28,[인스타 1만 DB] #서울주말데이트 - 영주시 드림 키즈월드 #26,2026-07-26,2026-10-24,https://www.instagram.com,"📸 경상북도 영주시에서 인스타 소셜 반응이 뜨거운 서울주말데이트 명소! 게시물 595,462개 달성 | 언급량: 595,462개 | 트렌딩 점수: 97.4점",family:0.7;couple:0.8;single:0.7;#서울주말데이트;영주시;인스타1만DB
619,28,[인스타 1만 DB] #문화재탐방 - 중구 에스 한옥거리 #27,2026-07-26,2026-10-24,https://www.instagram.com,"📸 인천광역시 중구에서 인스타 소셜 반응이 뜨거운 유네스코문화재 명소! 게시물 47,359개 달성 | 언급량: 47,359개 | 트렌딩 점수: 86.4점",family:0.6;couple:0.7;single:0.8;#문화재탐방;중구;인스타1만DB
620,28,[인스타 1만 DB] #물놀이장소 - 군위군 오션 팝업존 #28,2026-07-26,2026-10-24,https://www.instagram.com,"📸 경상북도 군위군에서 인스타 소셜 반응이 뜨거운 계곡물놀이축제 명소! 게시물 862,649개 달성 | 언급량: 862,649개 | 트렌딩 점수: 94.0점",family:0.8;couple:0.8;single:0.8;#물놀이장소;군위군;인스타1만DB
621,28,[인스타 1만 DB] #수목원데이트 - 정선군 에스 해변카페 #29,2026-07-26,2026-10-24,https://www.instagram.com,"📸 강원특별자치도 정선군에서 인스타 소셜 반응이 뜨거운 식물원수목원 명소! 게시물 627,119개 달성 | 언급량: 627,119개 | 트렌딩 점수: 90.3점",family:0.9;couple:0.8;single:0.6;#수목원데이트;정선군;인스타1만DB
622,28,[인스타 1만 DB] #서울주말데이트 - 남구 블루 한옥거리 #30,2026-07-26,2026-10-24,https://www.instagram.com,"📸 광주광역시 남구에서 인스타 소셜 반응이 뜨거운 서울주말데이트 명소! 게시물 683,745개 달성 | 언급량: 683,745개 | 트렌딩 점수: 98.4점",family:0.8;couple:0.8;single:0.8;#서울주말데이트;남구;인스타1만DB
623,28,[인스타 1만 DB] #한옥마을 - 속초시 스타 피크닉존 #31,2026-07-26,2026-10-24,https://www.instagram.com,"📸 강원특별자치도 속초시에서 인스타 소셜 반응이 뜨거운 감성한옥마을 명소! 게시물 93,263개 달성 | 언급량: 93,263개 | 트렌딩 점수: 92.7점",family:0.8;couple:1.0;single:0.7;#한옥마을;속초시;인스타1만DB
624,28,[인스타 1만 DB] #캠핑스타그램 - 서구 가든 해변카페 #32,2026-07-26,2026-10-24,https://www.instagram.com,"📸 대구광역시 서구에서 인스타 소셜 반응이 뜨거운 숲속캠핑카라반 명소! 게시물 806,008개 달성 | 언급량: 806,008개 | 트렌딩 점수: 96.5점",family:0.9;couple:0.9;single:0.7;#캠핑스타그램;서구;인스타1만DB
625,28,[인스타 1만 DB] #동물체험 - 은평구 로얄 해변카페 #33,2026-07-26,2026-10-24,https://www.instagram.com,"📸 서울특별시 은평구에서 인스타 소셜 반응이 뜨거운 동물원사파리 명소! 게시물 549,719개 달성 | 언급량: 549,719개 | 트렌딩 점수: 87.2점",family:0.6;couple:0.8;single:0.7;#동물체험;은평구;인스타1만DB
626,28,[인스타 1만 DB] #경기근교핫플 - 김제시 스카이 디저트카페 #34,2026-07-26,2026-10-24,https://www.instagram.com,"📸 전북특별자치도 김제시에서 인스타 소셜 반응이 뜨거운 경기근교핫플 명소! 게시물 391,024개 달성 | 언급량: 391,024개 | 트렌딩 점수: 85.6점",family:0.9;couple:0.9;single:0.8;#경기근교핫플;김제시;인스타1만DB
627,28,[인스타 1만 DB] #키즈카페추천 - 광산구 포레스트 체험파크 #35,2026-07-26,2026-10-24,https://www.instagram.com,"📸 광주광역시 광산구에서 인스타 소셜 반응이 뜨거운 키즈체험파크 명소! 게시물 524,202개 달성 | 언급량: 524,202개 | 트렌딩 점수: 85.9점",family:0.7;couple:0.9;single:0.6;#키즈카페추천;광산구;인스타1만DB
628,28,[인스타 1만 DB] #야경스타그램 - 고성군 로얄 산책데크 #36,2026-07-26,2026-10-24,https://www.instagram.com,"📸 경상남도 고성군에서 인스타 소셜 반응이 뜨거운 감성야경명소 명소! 게시물 735,765개 달성 | 언급량: 735,765개 | 트렌딩 점수: 88.0점",family:0.7;couple:0.9;single:0.8;#야경스타그램;고성군;인스타1만DB
629,28,[인스타 1만 DB] #주말가족나들이 - 사하구 뷰티풀 한옥거리 #37,2026-07-26,2026-10-24,https://www.instagram.com,"📸 부산광역시 사하구에서 인스타 소셜 반응이 뜨거운 주말가족나들이 명소! 게시물 337,499개 달성 | 언급량: 337,499개 | 트렌딩 점수: 98.2점",family:1.0;couple:0.9;single:0.9;#주말가족나들이;사하구;인스타1만DB
630,28,[인스타 1만 DB] #아기랑가평 - 중구 그린 야경전망대 #38,2026-07-26,2026-10-24,https://www.instagram.com,"📸 대구광역시 중구에서 인스타 소셜 반응이 뜨거운 아기랑풀빌라 명소! 게시물 796,805개 달성 | 언급량: 796,805개 | 트렌딩 점수: 95.8점",family:0.7;couple:0.9;single:0.9;#아기랑가평;중구;인스타1만DB
631,28,[인스타 1만 DB] #주말가족나들이 - 송파구 스카이 야경전망대 #39,2026-07-26,2026-10-24,https://www.instagram.com,"📸 서울특별시 송파구에서 인스타 소셜 반응이 뜨거운 주말가족나들이 명소! 게시물 1,215,890개 달성 | 언급량: 1,215,890개 | 트렌딩 점수: 99.1점",family:0.8;couple:1.0;single:0.8;#주말가족나들이;송파구;인스타1만DB
632,28,[인스타 1만 DB] #서울주말데이트 - 금산군 그린 수목원 #40,2026-07-26,2026-10-24,https://www.instagram.com,"📸 충청남도 금산군에서 인스타 소셜 반응이 뜨거운 서울주말데이트 명소! 게시물 831,236개 달성 | 언급량: 831,236개 | 트렌딩 점수: 93.1점",family:0.7;couple:0.9;single:0.8;#서울주말데이트;금산군;인스타1만DB
633,28,[인스타 1만 DB] #전시회추천 - 중구 블루 야경전망대 #41,2026-07-26,2026-10-24,https://www.instagram.com,"📸 대전광역시 중구에서 인스타 소셜 반응이 뜨거운 미술관전시회 명소! 게시물 764,151개 달성 | 언급량: 764,151개 | 트렌딩 점수: 99.4점",family:0.7;couple:0.9;single:0.6;#전시회추천;중구;인스타1만DB
634,28,[인스타 1만 DB] #캠핑스타그램 - 수영구 로얄 풀빌라 #42,2026-07-26,2026-10-24,https://www.instagram.com,"📸 부산광역시 수영구에서 인스타 소셜 반응이 뜨거운 숲속캠핑카라반 명소! 게시물 1,097,529개 달성 | 언급량: 1,097,529개 | 트렌딩 점수: 87.7점",family:0.8;couple:0.7;single:0.9;#캠핑스타그램;수영구;인스타1만DB
635,28,[인스타 1만 DB] #캠핑스타그램 - 제주시 그린 글램핑장 #43,2026-07-26,2026-10-24,https://www.instagram.com,"📸 제주특별자치도 제주시에서 인스타 소셜 반응이 뜨거운 숲속캠핑카라반 명소! 게시물 649,700개 달성 | 언급량: 649,700개 | 트렌딩 점수: 92.9점",family:0.8;couple:0.8;single:0.6;#캠핑스타그램;제주시;인스타1만DB
636,28,[인스타 1만 DB] #서울주말데이트 - 북구 그린 해변카페 #44,2026-07-26,2026-10-24,https://www.instagram.com,"📸 광주광역시 북구에서 인스타 소셜 반응이 뜨거운 서울주말데이트 명소! 게시물 565,651개 달성 | 언급량: 565,651개 | 트렌딩 점수: 89.5점",family:0.6;couple:0.8;single:0.7;#서울주말데이트;북구;인스타1만DB
637,28,[인스타 1만 DB] #캠핑스타그램 - 제주시 스퀘어 글램핑장 #45,2026-07-26,2026-10-24,https://www.instagram.com,"📸 제주특별자치도 제주시에서 인스타 소셜 반응이 뜨거운 숲속캠핑카라반 명소! 게시물 188,118개 달성 | 언급량: 188,118개 | 트렌딩 점수: 96.5점",family:0.6;couple:0.8;single:0.7;#캠핑스타그램;제주시;인스타1만DB
638,28,[인스타 1만 DB] #키즈카페추천 - 세종시 가든 키즈월드 #46,2026-07-26,2026-10-24,https://www.instagram.com,"📸 세종특별자치시 세종시에서 인스타 소셜 반응이 뜨거운 키즈체험파크 명소! 게시물 691,737개 달성 | 언급량: 691,737개 | 트렌딩 점수: 94.7점",family:0.8;couple:0.8;single:0.7;#키즈카페추천;세종시;인스타1만DB
639,28,[인스타 1만 DB] #캠핑스타그램 - 남구 아뜰리에 한옥거리 #47,2026-07-26,2026-10-24,https://www.instagram.com,"📸 울산광역시 남구에서 인스타 소셜 반응이 뜨거운 숲속캠핑카라반 명소! 게시물 1,252,032개 달성 | 언급량: 1,252,032개 | 트렌딩 점수: 88.2점",family:0.8;couple:0.9;single:0.8;#캠핑스타그램;남구;인스타1만DB
640,28,[인스타 1만 DB] #키즈카페추천 - 북구 스타 키즈월드 #48,2026-07-26,2026-10-24,https://www.instagram.com,"📸 대구광역시 북구에서 인스타 소셜 반응이 뜨거운 키즈체험파크 명소! 게시물 573,798개 달성 | 언급량: 573,798개 | 트렌딩 점수: 97.8점",family:0.7;couple:0.9;single:0.7;#키즈카페추천;북구;인스타1만DB
641,28,[인스타 1만 DB] #동물체험 - 서구 스타 산책데크 #49,2026-07-26,2026-10-24,https://www.instagram.com,"📸 광주광역시 서구에서 인스타 소셜 반응이 뜨거운 동물원사파리 명소! 게시물 630,449개 달성 | 언급량: 630,449개 | 트렌딩 점수: 91.8점",family:0.8;couple:0.7;single:0.8;#동물체험;서구;인스타1만DB
642,28,[인스타 1만 DB] #서울주말데이트 - 수성구 테라스 문화공간 #50,2026-07-26,2026-10-24,https://www.instagram.com,"📸 대구광역시 수성구에서 인스타 소셜 반응이 뜨거운 서울주말데이트 명소! 게시물 905,107개 달성 | 언급량: 905,107개 | 트렌딩 점수: 94.6점",family:0.6;couple:0.8;single:0.7;#서울주말데이트;수성구;인스타1만DB
643,28,[인스타 1만 DB] #핫플맛집 - 무주군 중앙 키즈월드 #51,2026-07-26,2026-10-24,https://www.instagram.com,"📸 전북특별자치도 무주군에서 인스타 소셜 반응이 뜨거운 인스타핫플맛집 명소! 게시물 1,229,149개 달성 | 언급량: 1,229,149개 | 트렌딩 점수: 94.1점",family:0.9;couple:0.9;single:0.9;#핫플맛집;무주군;인스타1만DB
644,28,[인스타 1만 DB] #아이와가볼만한곳 - 금정구 포레스트 미디어아트전 #52,2026-07-26,2026-10-24,https://www.instagram.com,"📸 부산광역시 금정구에서 인스타 소셜 반응이 뜨거운 아이와가볼만한곳 명소! 게시물 268,420개 달성 | 언급량: 268,420개 | 트렌딩 점수: 97.6점",family:0.7;couple:0.7;single:0.7;#아이와가볼만한곳;금정구;인스타1만DB
645,28,[인스타 1만 DB] #핫플맛집 - 울주군 오션 글램핑장 #53,2026-07-26,2026-10-24,https://www.instagram.com,"📸 울산광역시 울주군에서 인스타 소셜 반응이 뜨거운 인스타핫플맛집 명소! 게시물 180,649개 달성 | 언급량: 180,649개 | 트렌딩 점수: 95.2점",family:0.8;couple:0.7;single:0.6;#핫플맛집;울주군;인스타1만DB
646,28,[인스타 1만 DB] #물놀이장소 - 서구 감성 풀빌라 #54,2026-07-26,2026-10-24,https://www.instagram.com,"📸 광주광역시 서구에서 인스타 소셜 반응이 뜨거운 계곡물놀이축제 명소! 게시물 663,959개 달성 | 언급량: 663,959개 | 트렌딩 점수: 93.4점",family:0.9;couple:0.9;single:0.8;#물놀이장소;서구;인스타1만DB
647,28,[인스타 1만 DB] #핫플맛집 - 춘천시 가든 팝업존 #55,2026-07-26,2026-10-24,https://www.instagram.com,"📸 강원특별자치도 춘천시에서 인스타 소셜 반응이 뜨거운 인스타핫플맛집 명소! 게시물 403,514개 달성 | 언급량: 403,514개 | 트렌딩 점수: 95.9점",family:1.0;couple:1.0;single:0.9;#핫플맛집;춘천시;인스타1만DB
648,28,[인스타 1만 DB] #캠핑스타그램 - 남구 선셋 갤러리 #56,2026-07-26,2026-10-24,https://www.instagram.com,"📸 광주광역시 남구에서 인스타 소셜 반응이 뜨거운 숲속캠핑카라반 명소! 게시물 550,506개 달성 | 언급량: 550,506개 | 트렌딩 점수: 98.1점",family:0.9;couple:0.7;single:0.7;#캠핑스타그램;남구;인스타1만DB
649,28,[인스타 1만 DB] #캠핑스타그램 - 성동구 에스 노포야장 #57,2026-07-26,2026-10-24,https://www.instagram.com,"📸 서울특별시 성동구에서 인스타 소셜 반응이 뜨거운 숲속캠핑카라반 명소! 게시물 431,775개 달성 | 언급량: 431,775개 | 트렌딩 점수: 89.0점",family:0.9;couple:0.8;single:0.7;#캠핑스타그램;성동구;인스타1만DB
650,28,[인스타 1만 DB] #문화재탐방 - 여주시 그린 야경전망대 #58,2026-07-26,2026-10-24,https://www.instagram.com,"📸 경기도 여주시에서 인스타 소셜 반응이 뜨거운 유네스코문화재 명소! 게시물 1,027,079개 달성 | 언급량: 1,027,079개 | 트렌딩 점수: 86.3점",family:0.8;couple:0.9;single:0.7;#문화재탐방;여주시;인스타1만DB
651,28,[인스타 1만 DB] #캠핑스타그램 - 남구 뷰티풀 디저트카페 #59,2026-07-26,2026-10-24,https://www.instagram.com,"📸 광주광역시 남구에서 인스타 소셜 반응이 뜨거운 숲속캠핑카라반 명소! 게시물 1,193,689개 달성 | 언급량: 1,193,689개 | 트렌딩 점수: 96.8점",family:0.9;couple:1.0;single:0.9;#캠핑스타그램;남구;인스타1만DB
652,28,[인스타 1만 DB] #서울주말데이트 - 서귀포시 오션 문화공간 #60,2026-07-26,2026-10-24,https://www.instagram.com,"📸 제주특별자치도 서귀포시에서 인스타 소셜 반응이 뜨거운 서울주말데이트 명소! 게시물 75,556개 달성 | 언급량: 75,556개 | 트렌딩 점수: 88.6점",family:0.8;couple:1.0;single:0.6;#서울주말데이트;서귀포시;인스타1만DB
653,28,[인스타 1만 DB] #골목투어 - 서구 중앙 키즈월드 #61,2026-07-26,2026-10-24,https://www.instagram.com,"📸 대전광역시 서구에서 인스타 소셜 반응이 뜨거운 레트로노포골목 명소! 게시물 777,830개 달성 | 언급량: 777,830개 | 트렌딩 점수: 90.8점",family:0.8;couple:0.9;single:0.6;#골목투어;서구;인스타1만DB
654,28,[인스타 1만 DB] #경기근교핫플 - 제천시 스카이 팝업존 #62,2026-07-26,2026-10-24,https://www.instagram.com,"📸 충청북도 제천시에서 인스타 소셜 반응이 뜨거운 경기근교핫플 명소! 게시물 87,401개 달성 | 언급량: 87,401개 | 트렌딩 점수: 96.7점",family:1.0;couple:0.8;single:0.7;#경기근교핫플;제천시;인스타1만DB
655,28,[인스타 1만 DB] #물놀이장소 - 구미시 뷰티풀 풀빌라 #63,2026-07-26,2026-10-24,https://www.instagram.com,"📸 경상북도 구미시에서 인스타 소셜 반응이 뜨거운 계곡물놀이축제 명소! 게시물 127,497개 달성 | 언급량: 127,497개 | 트렌딩 점수: 87.7점",family:0.7;couple:0.9;single:0.7;#물놀이장소;구미시;인스타1만DB
656,28,[인스타 1만 DB] #야경스타그램 - 도봉구 드림 글램핑장 #64,2026-07-26,2026-10-24,https://www.instagram.com,"📸 서울특별시 도봉구에서 인스타 소셜 반응이 뜨거운 감성야경명소 명소! 게시물 1,153,220개 달성 | 언급량: 1,153,220개 | 트렌딩 점수: 91.9점",family:0.9;couple:0.7;single:0.7;#야경스타그램;도봉구;인스타1만DB
657,28,[인스타 1만 DB] #골목투어 - 제주시 힐링 팝업존 #65,2026-07-26,2026-10-24,https://www.instagram.com,"📸 제주특별자치도 제주시에서 인스타 소셜 반응이 뜨거운 레트로노포골목 명소! 게시물 213,508개 달성 | 언급량: 213,508개 | 트렌딩 점수: 93.7점",family:0.9;couple:0.9;single:0.7;#골목투어;제주시;인스타1만DB
658,28,[인스타 1만 DB] #수목원데이트 - 광진구 감성 디저트카페 #66,2026-07-26,2026-10-24,https://www.instagram.com,"📸 서울특별시 광진구에서 인스타 소셜 반응이 뜨거운 식물원수목원 명소! 게시물 901,760개 달성 | 언급량: 901,760개 | 트렌딩 점수: 91.4점",family:0.9;couple:0.8;single:0.7;#수목원데이트;광진구;인스타1만DB
659,28,[인스타 1만 DB] #캠핑스타그램 - 남구 뷰티풀 한옥거리 #67,2026-07-26,2026-10-24,https://www.instagram.com,"📸 부산광역시 남구에서 인스타 소셜 반응이 뜨거운 숲속캠핑카라반 명소! 게시물 902,467개 달성 | 언급량: 902,467개 | 트렌딩 점수: 97.7점",family:0.9;couple:1.0;single:0.8;#캠핑스타그램;남구;인스타1만DB
660,28,[인스타 1만 DB] #한옥마을 - 울주군 테라스 디저트카페 #68,2026-07-26,2026-10-24,https://www.instagram.com,"📸 울산광역시 울주군에서 인스타 소셜 반응이 뜨거운 감성한옥마을 명소! 게시물 457,611개 달성 | 언급량: 457,611개 | 트렌딩 점수: 87.9점",family:0.9;couple:0.8;single:0.8;#한옥마을;울주군;인스타1만DB
661,28,[인스타 1만 DB] #아기랑가평 - 공주시 감성 한옥거리 #69,2026-07-26,2026-10-24,https://www.instagram.com,"📸 충청남도 공주시에서 인스타 소셜 반응이 뜨거운 아기랑풀빌라 명소! 게시물 411,989개 달성 | 언급량: 411,989개 | 트렌딩 점수: 85.5점",family:1.0;couple:0.9;single:0.9;#아기랑가평;공주시;인스타1만DB
662,28,[인스타 1만 DB] #캠핑스타그램 - 남원시 파크 체험파크 #70,2026-07-26,2026-10-24,https://www.instagram.com,"📸 전북특별자치도 남원시에서 인스타 소셜 반응이 뜨거운 숲속캠핑카라반 명소! 게시물 1,014,449개 달성 | 언급량: 1,014,449개 | 트렌딩 점수: 91.8점",family:0.7;couple:0.8;single:0.9;#캠핑스타그램;남원시;인스타1만DB
663,28,[인스타 1만 DB] #동물체험 - 태백시 더현대 글램핑장 #71,2026-07-26,2026-10-24,https://www.instagram.com,"📸 강원특별자치도 태백시에서 인스타 소셜 반응이 뜨거운 동물원사파리 명소! 게시물 971,336개 달성 | 언급량: 971,336개 | 트렌딩 점수: 94.0점",family:0.8;couple:1.0;single:0.8;#동물체험;태백시;인스타1만DB
664,28,[인스타 1만 DB] #성수동핫플 - 남구 스퀘어 노포야장 #72,2026-07-26,2026-10-24,https://www.instagram.com,"📸 광주광역시 남구에서 인스타 소셜 반응이 뜨거운 핫플카페거리 명소! 게시물 740,493개 달성 | 언급량: 740,493개 | 트렌딩 점수: 97.2점",family:0.8;couple:0.9;single:0.6;#성수동핫플;남구;인스타1만DB
665,28,[인스타 1만 DB] #주말팝업스토어 - 남원시 그린 팝업존 #73,2026-07-26,2026-10-24,https://www.instagram.com,"📸 전북특별자치도 남원시에서 인스타 소셜 반응이 뜨거운 주말팝업스토어 명소! 게시물 162,325개 달성 | 언급량: 162,325개 | 트렌딩 점수: 98.7점",family:0.8;couple:0.8;single:0.8;#주말팝업스토어;남원시;인스타1만DB
666,28,[인스타 1만 DB] #골목투어 - 울주군 로얄 체험파크 #74,2026-07-26,2026-10-24,https://www.instagram.com,"📸 울산광역시 울주군에서 인스타 소셜 반응이 뜨거운 레트로노포골목 명소! 게시물 336,080개 달성 | 언급량: 336,080개 | 트렌딩 점수: 87.0점",family:0.6;couple:0.7;single:0.8;#골목투어;울주군;인스타1만DB
667,28,[인스타 1만 DB] #주말팝업스토어 - 전주시 그린 피크닉존 #75,2026-07-26,2026-10-24,https://www.instagram.com,"📸 전북특별자치도 전주시에서 인스타 소셜 반응이 뜨거운 주말팝업스토어 명소! 게시물 717,364개 달성 | 언급량: 717,364개 | 트렌딩 점수: 87.3점",family:1.0;couple:0.8;single:0.8;#주말팝업스토어;전주시;인스타1만DB
668,28,[인스타 1만 DB] #바다여행 - 남구 더현대 키즈월드 #76,2026-07-26,2026-10-24,https://www.instagram.com,"📸 울산광역시 남구에서 인스타 소셜 반응이 뜨거운 바다해변산책 명소! 게시물 893,428개 달성 | 언급량: 893,428개 | 트렌딩 점수: 92.2점",family:0.8;couple:0.8;single:0.8;#바다여행;남구;인스타1만DB
669,28,[인스타 1만 DB] #골목투어 - 연제구 드림 체험파크 #77,2026-07-26,2026-10-24,https://www.instagram.com,"📸 부산광역시 연제구에서 인스타 소셜 반응이 뜨거운 레트로노포골목 명소! 게시물 1,061,384개 달성 | 언급량: 1,061,384개 | 트렌딩 점수: 90.7점",family:0.6;couple:0.8;single:0.6;#골목투어;연제구;인스타1만DB
670,28,[인스타 1만 DB] #핫플맛집 - 세종시 가든 체험파크 #78,2026-07-26,2026-10-24,https://www.instagram.com,"📸 세종특별자치시 세종시에서 인스타 소셜 반응이 뜨거운 인스타핫플맛집 명소! 게시물 756,279개 달성 | 언급량: 756,279개 | 트렌딩 점수: 97.9점",family:0.7;couple:0.9;single:0.8;#핫플맛집;세종시;인스타1만DB
671,28,[인스타 1만 DB] #성수동핫플 - 대덕구 로얄 풀빌라 #79,2026-07-26,2026-10-24,https://www.instagram.com,"📸 대전광역시 대덕구에서 인스타 소셜 반응이 뜨거운 핫플카페거리 명소! 게시물 974,000개 달성 | 언급량: 974,000개 | 트렌딩 점수: 97.0점",family:0.9;couple:0.9;single:0.7;#성수동핫플;대덕구;인스타1만DB
672,28,[인스타 1만 DB] #주말가족나들이 - 금천구 포레스트 산책데크 #80,2026-07-26,2026-10-24,https://www.instagram.com,"📸 서울특별시 금천구에서 인스타 소셜 반응이 뜨거운 주말가족나들이 명소! 게시물 369,412개 달성 | 언급량: 369,412개 | 트렌딩 점수: 88.9점",family:0.7;couple:0.8;single:0.9;#주말가족나들이;금천구;인스타1만DB
673,28,[인스타 1만 DB] #동물체험 - 남양주시 스타 노포야장 #81,2026-07-26,2026-10-24,https://www.instagram.com,"📸 경기도 남양주시에서 인스타 소셜 반응이 뜨거운 동물원사파리 명소! 게시물 1,167,803개 달성 | 언급량: 1,167,803개 | 트렌딩 점수: 85.5점",family:1.0;couple:1.0;single:0.8;#동물체험;남양주시;인스타1만DB
674,28,[인스타 1만 DB] #주말가족나들이 - 제주시 테라스 팝업존 #82,2026-07-26,2026-10-24,https://www.instagram.com,"📸 제주특별자치도 제주시에서 인스타 소셜 반응이 뜨거운 주말가족나들이 명소! 게시물 625,931개 달성 | 언급량: 625,931개 | 트렌딩 점수: 87.5점",family:0.6;couple:0.8;single:0.7;#주말가족나들이;제주시;인스타1만DB
675,28,[인스타 1만 DB] #핫플맛집 - 하남시 그린 풀빌라 #83,2026-07-26,2026-10-24,https://www.instagram.com,"📸 경기도 하남시에서 인스타 소셜 반응이 뜨거운 인스타핫플맛집 명소! 게시물 1,163,093개 달성 | 언급량: 1,163,093개 | 트렌딩 점수: 92.6점",family:0.8;couple:0.8;single:0.6;#핫플맛집;하남시;인스타1만DB
676,28,[인스타 1만 DB] #동물체험 - 상주시 파크 노포야장 #84,2026-07-26,2026-10-24,https://www.instagram.com,"📸 경상북도 상주시에서 인스타 소셜 반응이 뜨거운 동물원사파리 명소! 게시물 198,418개 달성 | 언급량: 198,418개 | 트렌딩 점수: 85.5점",family:0.8;couple:0.9;single:0.7;#동물체험;상주시;인스타1만DB
677,28,[인스타 1만 DB] #야경스타그램 - 보령시 뷰티풀 문화공간 #85,2026-07-26,2026-10-24,https://www.instagram.com,"📸 충청남도 보령시에서 인스타 소셜 반응이 뜨거운 감성야경명소 명소! 게시물 1,073,742개 달성 | 언급량: 1,073,742개 | 트렌딩 점수: 90.0점",family:0.7;couple:0.9;single:0.7;#야경스타그램;보령시;인스타1만DB
678,28,[인스타 1만 DB] #캠핑스타그램 - 중구 그린 수목원 #86,2026-07-26,2026-10-24,https://www.instagram.com,"📸 인천광역시 중구에서 인스타 소셜 반응이 뜨거운 숲속캠핑카라반 명소! 게시물 1,203,857개 달성 | 언급량: 1,203,857개 | 트렌딩 점수: 92.6점",family:0.7;couple:0.9;single:0.9;#캠핑스타그램;중구;인스타1만DB
679,28,[인스타 1만 DB] #키즈카페추천 - 단양군 뷰티풀 갤러리 #87,2026-07-26,2026-10-24,https://www.instagram.com,"📸 충청북도 단양군에서 인스타 소셜 반응이 뜨거운 키즈체험파크 명소! 게시물 1,168,677개 달성 | 언급량: 1,168,677개 | 트렌딩 점수: 87.1점",family:0.9;couple:0.7;single:0.8;#키즈카페추천;단양군;인스타1만DB
680,28,[인스타 1만 DB] #수목원데이트 - 수성구 아뜰리에 디저트카페 #88,2026-07-26,2026-10-24,https://www.instagram.com,"📸 대구광역시 수성구에서 인스타 소셜 반응이 뜨거운 식물원수목원 명소! 게시물 1,254,962개 달성 | 언급량: 1,254,962개 | 트렌딩 점수: 94.6점",family:0.7;couple:0.8;single:0.7;#수목원데이트;수성구;인스타1만DB
681,28,[인스타 1만 DB] #액티비티추천 - 완도군 스카이 풀빌라 #89,2026-07-26,2026-10-24,https://www.instagram.com,"📸 전라남도 완도군에서 인스타 소셜 반응이 뜨거운 루지액티비티 명소! 게시물 658,567개 달성 | 언급량: 658,567개 | 트렌딩 점수: 92.9점",family:1.0;couple:0.8;single:0.8;#액티비티추천;완도군;인스타1만DB
682,28,[인스타 1만 DB] #서울주말데이트 - 울주군 더현대 갤러리 #90,2026-07-26,2026-10-24,https://www.instagram.com,"📸 울산광역시 울주군에서 인스타 소셜 반응이 뜨거운 서울주말데이트 명소! 게시물 348,736개 달성 | 언급량: 348,736개 | 트렌딩 점수: 99.1점",family:1.0;couple:0.8;single:0.6;#서울주말데이트;울주군;인스타1만DB
683,28,[인스타 1만 DB] #수목원데이트 - 영등포구 블루 수목원 #91,2026-07-26,2026-10-24,https://www.instagram.com,"📸 서울특별시 영등포구에서 인스타 소셜 반응이 뜨거운 식물원수목원 명소! 게시물 870,033개 달성 | 언급량: 870,033개 | 트렌딩 점수: 85.3점",family:0.8;couple:1.0;single:0.7;#수목원데이트;영등포구;인스타1만DB
684,28,[인스타 1만 DB] #액티비티추천 - 서초구 스타 피크닉존 #92,2026-07-26,2026-10-24,https://www.instagram.com,"📸 서울특별시 서초구에서 인스타 소셜 반응이 뜨거운 루지액티비티 명소! 게시물 491,942개 달성 | 언급량: 491,942개 | 트렌딩 점수: 89.8점",family:0.9;couple:1.0;single:0.9;#액티비티추천;서초구;인스타1만DB
685,28,[인스타 1만 DB] #전시회추천 - 북구 에스 노포야장 #93,2026-07-26,2026-10-24,https://www.instagram.com,"📸 울산광역시 북구에서 인스타 소셜 반응이 뜨거운 미술관전시회 명소! 게시물 875,758개 달성 | 언급량: 875,758개 | 트렌딩 점수: 89.4점",family:0.7;couple:0.8;single:0.8;#전시회추천;북구;인스타1만DB
686,28,[인스타 1만 DB] #주말가족나들이 - 구로구 블루 해변카페 #94,2026-07-26,2026-10-24,https://www.instagram.com,"📸 서울특별시 구로구에서 인스타 소셜 반응이 뜨거운 주말가족나들이 명소! 게시물 486,541개 달성 | 언급량: 486,541개 | 트렌딩 점수: 95.2점",family:0.7;couple:0.9;single:0.7;#주말가족나들이;구로구;인스타1만DB
687,28,[인스타 1만 DB] #키즈카페추천 - 음성군 로얄 해변카페 #95,2026-07-26,2026-10-24,https://www.instagram.com,"📸 충청북도 음성군에서 인스타 소셜 반응이 뜨거운 키즈체험파크 명소! 게시물 450,506개 달성 | 언급량: 450,506개 | 트렌딩 점수: 93.1점",family:1.0;couple:0.9;single:0.7;#키즈카페추천;음성군;인스타1만DB
688,28,[인스타 1만 DB] #물놀이장소 - 김제시 더현대 풀빌라 #96,2026-07-26,2026-10-24,https://www.instagram.com,"📸 전북특별자치도 김제시에서 인스타 소셜 반응이 뜨거운 계곡물놀이축제 명소! 게시물 1,081,759개 달성 | 언급량: 1,081,759개 | 트렌딩 점수: 85.6점",family:0.8;couple:0.8;single:0.7;#물놀이장소;김제시;인스타1만DB
689,28,[인스타 1만 DB] #물놀이장소 - 서구 파크 갤러리 #97,2026-07-26,2026-10-24,https://www.instagram.com,"📸 대구광역시 서구에서 인스타 소셜 반응이 뜨거운 계곡물놀이축제 명소! 게시물 139,097개 달성 | 언급량: 139,097개 | 트렌딩 점수: 89.5점",family:0.6;couple:0.9;single:0.7;#물놀이장소;서구;인스타1만DB
690,28,[인스타 1만 DB] #야경스타그램 - 해남군 로얄 야경전망대 #98,2026-07-26,2026-10-24,https://www.instagram.com,"📸 전라남도 해남군에서 인스타 소셜 반응이 뜨거운 감성야경명소 명소! 게시물 1,076,213개 달성 | 언급량: 1,076,213개 | 트렌딩 점수: 97.3점",family:0.7;couple:0.8;single:0.7;#야경스타그램;해남군;인스타1만DB
691,28,[인스타 1만 DB] #바다여행 - 달서구 오션 글램핑장 #99,2026-07-26,2026-10-24,https://www.instagram.com,"📸 대구광역시 달서구에서 인스타 소셜 반응이 뜨거운 바다해변산책 명소! 게시물 526,712개 달성 | 언급량: 526,712개 | 트렌딩 점수: 93.7점",family:0.7;couple:0.9;single:0.9;#바다여행;달서구;인스타1만DB
692,28,[인스타 1만 DB] #주말가족나들이 - 홍천군 뷰티풀 갤러리 #100,2026-07-26,2026-10-24,https://www.instagram.com,"📸 강원특별자치도 홍천군에서 인스타 소셜 반응이 뜨거운 주말가족나들이 명소! 게시물 840,433개 달성 | 언급량: 840,433개 | 트렌딩 점수: 99.8점",family:0.7;couple:0.9;single:0.7;#주말가족나들이;홍천군;인스타1만DB
693,28,[인스타 1만 DB] #서울주말데이트 - 동구 감성 해변카페 #101,2026-07-26,2026-10-24,https://www.instagram.com,"📸 인천광역시 동구에서 인스타 소셜 반응이 뜨거운 서울주말데이트 명소! 게시물 273,209개 달성 | 언급량: 273,209개 | 트렌딩 점수: 93.9점",family:0.9;couple:1.0;single:0.8;#서울주말데이트;동구;인스타1만DB
694,28,[인스타 1만 DB] #키즈카페추천 - 남구 블루 체험파크 #102,2026-07-26,2026-10-24,https://www.instagram.com,"📸 대구광역시 남구에서 인스타 소셜 반응이 뜨거운 키즈체험파크 명소! 게시물 217,821개 달성 | 언급량: 217,821개 | 트렌딩 점수: 86.0점",family:0.7;couple:0.7;single:0.8;#키즈카페추천;남구;인스타1만DB
695,28,[인스타 1만 DB] #주말가족나들이 - 동해시 로얄 갤러리 #103,2026-07-26,2026-10-24,https://www.instagram.com,"📸 강원특별자치도 동해시에서 인스타 소셜 반응이 뜨거운 주말가족나들이 명소! 게시물 729,883개 달성 | 언급량: 729,883개 | 트렌딩 점수: 87.7점",family:0.6;couple:0.8;single:0.7;#주말가족나들이;동해시;인스타1만DB
696,28,[인스타 1만 DB] #문화재탐방 - 양양군 중앙 디저트카페 #104,2026-07-26,2026-10-24,https://www.instagram.com,"📸 강원특별자치도 양양군에서 인스타 소셜 반응이 뜨거운 유네스코문화재 명소! 게시물 58,185개 달성 | 언급량: 58,185개 | 트렌딩 점수: 91.9점",family:1.0;couple:0.7;single:0.7;#문화재탐방;양양군;인스타1만DB
697,28,[인스타 1만 DB] #캠핑스타그램 - 북구 스타 팝업존 #105,2026-07-26,2026-10-24,https://www.instagram.com,"📸 울산광역시 북구에서 인스타 소셜 반응이 뜨거운 숲속캠핑카라반 명소! 게시물 869,909개 달성 | 언급량: 869,909개 | 트렌딩 점수: 91.3점",family:0.6;couple:0.9;single:0.8;#캠핑스타그램;북구;인스타1만DB
698,28,[인스타 1만 DB] #캠핑스타그램 - 동구 뷰티풀 체험파크 #106,2026-07-26,2026-10-24,https://www.instagram.com,"📸 대구광역시 동구에서 인스타 소셜 반응이 뜨거운 숲속캠핑카라반 명소! 게시물 312,051개 달성 | 언급량: 312,051개 | 트렌딩 점수: 94.0점",family:0.7;couple:0.9;single:0.7;#캠핑스타그램;동구;인스타1만DB
699,28,[인스타 1만 DB] #캠핑스타그램 - 홍천군 그린 한옥거리 #107,2026-07-26,2026-10-24,https://www.instagram.com,"📸 강원특별자치도 홍천군에서 인스타 소셜 반응이 뜨거운 숲속캠핑카라반 명소! 게시물 188,588개 달성 | 언급량: 188,588개 | 트렌딩 점수: 96.4점",family:0.7;couple:0.8;single:0.8;#캠핑스타그램;홍천군;인스타1만DB
700,28,[인스타 1만 DB] #한옥마을 - 구례군 드림 풀빌라 #108,2026-07-26,2026-10-24,https://www.instagram.com,"📸 전라남도 구례군에서 인스타 소셜 반응이 뜨거운 감성한옥마을 명소! 게시물 1,121,392개 달성 | 언급량: 1,121,392개 | 트렌딩 점수: 88.7점",family:0.8;couple:0.8;single:0.7;#한옥마을;구례군;인스타1만DB
701,28,[인스타 1만 DB] #주말가족나들이 - 북구 스카이 노포야장 #109,2026-07-26,2026-10-24,https://www.instagram.com,"📸 대구광역시 북구에서 인스타 소셜 반응이 뜨거운 주말가족나들이 명소! 게시물 356,795개 달성 | 언급량: 356,795개 | 트렌딩 점수: 97.1점",family:0.7;couple:0.8;single:0.6;#주말가족나들이;북구;인스타1만DB
702,28,[인스타 1만 DB] #주말가족나들이 - 세종시 오션 키즈월드 #110,2026-07-26,2026-10-24,https://www.instagram.com,"📸 세종특별자치시 세종시에서 인스타 소셜 반응이 뜨거운 주말가족나들이 명소! 게시물 682,366개 달성 | 언급량: 682,366개 | 트렌딩 점수: 98.6점",family:0.9;couple:0.9;single:0.7;#주말가족나들이;세종시;인스타1만DB
703,28,[인스타 1만 DB] #한옥마을 - 달성군 파크 피크닉존 #111,2026-07-26,2026-10-24,https://www.instagram.com,"📸 대구광역시 달성군에서 인스타 소셜 반응이 뜨거운 감성한옥마을 명소! 게시물 796,459개 달성 | 언급량: 796,459개 | 트렌딩 점수: 97.2점",family:0.8;couple:0.9;single:0.8;#한옥마을;달성군;인스타1만DB
704,28,[인스타 1만 DB] #아이와가볼만한곳 - 고성군 아뜰리에 해변카페 #112,2026-07-26,2026-10-24,https://www.instagram.com,"📸 경상남도 고성군에서 인스타 소셜 반응이 뜨거운 아이와가볼만한곳 명소! 게시물 750,500개 달성 | 언급량: 750,500개 | 트렌딩 점수: 88.7점",family:0.8;couple:0.8;single:0.7;#아이와가볼만한곳;고성군;인스타1만DB
705,28,[인스타 1만 DB] #전시회추천 - 종로구 로얄 팝업존 #113,2026-07-26,2026-10-24,https://www.instagram.com,"📸 서울특별시 종로구에서 인스타 소셜 반응이 뜨거운 미술관전시회 명소! 게시물 258,597개 달성 | 언급량: 258,597개 | 트렌딩 점수: 89.9점",family:0.7;couple:0.8;single:0.9;#전시회추천;종로구;인스타1만DB
706,28,[인스타 1만 DB] #주말가족나들이 - 전주시 감성 팝업존 #114,2026-07-26,2026-10-24,https://www.instagram.com,"📸 전북특별자치도 전주시에서 인스타 소셜 반응이 뜨거운 주말가족나들이 명소! 게시물 178,381개 달성 | 언급량: 178,381개 | 트렌딩 점수: 87.6점",family:0.9;couple:1.0;single:0.9;#주말가족나들이;전주시;인스타1만DB
707,28,[인스타 1만 DB] #한옥마을 - 중구 로얄 팝업존 #115,2026-07-26,2026-10-24,https://www.instagram.com,"📸 울산광역시 중구에서 인스타 소셜 반응이 뜨거운 감성한옥마을 명소! 게시물 621,259개 달성 | 언급량: 621,259개 | 트렌딩 점수: 86.6점",family:0.8;couple:0.7;single:0.9;#한옥마을;중구;인스타1만DB
708,28,[인스타 1만 DB] #액티비티추천 - 강릉시 파크 팝업존 #116,2026-07-26,2026-10-24,https://www.instagram.com,"📸 강원특별자치도 강릉시에서 인스타 소셜 반응이 뜨거운 루지액티비티 명소! 게시물 302,157개 달성 | 언급량: 302,157개 | 트렌딩 점수: 99.4점",family:0.8;couple:0.7;single:0.8;#액티비티추천;강릉시;인스타1만DB
709,28,[인스타 1만 DB] #캠핑스타그램 - 해남군 로얄 노포야장 #117,2026-07-26,2026-10-24,https://www.instagram.com,"📸 전라남도 해남군에서 인스타 소셜 반응이 뜨거운 숲속캠핑카라반 명소! 게시물 413,814개 달성 | 언급량: 413,814개 | 트렌딩 점수: 91.1점",family:0.7;couple:0.9;single:0.9;#캠핑스타그램;해남군;인스타1만DB
710,28,[인스타 1만 DB] #바다여행 - 부여군 포레스트 디저트카페 #118,2026-07-26,2026-10-24,https://www.instagram.com,"📸 충청남도 부여군에서 인스타 소셜 반응이 뜨거운 바다해변산책 명소! 게시물 965,826개 달성 | 언급량: 965,826개 | 트렌딩 점수: 91.1점",family:0.8;couple:0.9;single:0.6;#바다여행;부여군;인스타1만DB
711,28,[인스타 1만 DB] #서울주말데이트 - 도봉구 중앙 한옥거리 #119,2026-07-26,2026-10-24,https://www.instagram.com,"📸 서울특별시 도봉구에서 인스타 소셜 반응이 뜨거운 서울주말데이트 명소! 게시물 417,009개 달성 | 언급량: 417,009개 | 트렌딩 점수: 99.3점",family:0.8;couple:0.9;single:0.7;#서울주말데이트;도봉구;인스타1만DB
712,28,[인스타 1만 DB] #전시회추천 - 홍성군 힐링 피크닉존 #120,2026-07-26,2026-10-24,https://www.instagram.com,"📸 충청남도 홍성군에서 인스타 소셜 반응이 뜨거운 미술관전시회 명소! 게시물 420,427개 달성 | 언급량: 420,427개 | 트렌딩 점수: 90.7점",family:0.7;couple:1.0;single:0.9;#전시회추천;홍성군;인스타1만DB
713,28,[인스타 1만 DB] #액티비티추천 - 동작구 그린 산책데크 #121,2026-07-26,2026-10-24,https://www.instagram.com,"📸 서울특별시 동작구에서 인스타 소셜 반응이 뜨거운 루지액티비티 명소! 게시물 1,173,591개 달성 | 언급량: 1,173,591개 | 트렌딩 점수: 87.9점",family:0.7;couple:0.8;single:0.8;#액티비티추천;동작구;인스타1만DB
714,28,[인스타 1만 DB] #물놀이장소 - 연수구 로얄 글램핑장 #122,2026-07-26,2026-10-24,https://www.instagram.com,"📸 인천광역시 연수구에서 인스타 소셜 반응이 뜨거운 계곡물놀이축제 명소! 게시물 303,741개 달성 | 언급량: 303,741개 | 트렌딩 점수: 87.2점",family:0.8;couple:0.9;single:0.7;#물놀이장소;연수구;인스타1만DB
715,28,[인스타 1만 DB] #주말가족나들이 - 강서구 감성 풀빌라 #123,2026-07-26,2026-10-24,https://www.instagram.com,"📸 부산광역시 강서구에서 인스타 소셜 반응이 뜨거운 주말가족나들이 명소! 게시물 769,199개 달성 | 언급량: 769,199개 | 트렌딩 점수: 86.0점",family:0.9;couple:0.7;single:0.9;#주말가족나들이;강서구;인스타1만DB
716,28,[인스타 1만 DB] #캠핑스타그램 - 군포시 더현대 산책데크 #124,2026-07-26,2026-10-24,https://www.instagram.com,"📸 경기도 군포시에서 인스타 소셜 반응이 뜨거운 숲속캠핑카라반 명소! 게시물 1,008,517개 달성 | 언급량: 1,008,517개 | 트렌딩 점수: 98.6점",family:1.0;couple:0.7;single:0.7;#캠핑스타그램;군포시;인스타1만DB
717,28,[인스타 1만 DB] #전시회추천 - 삼척시 스타 산책데크 #125,2026-07-26,2026-10-24,https://www.instagram.com,"📸 강원특별자치도 삼척시에서 인스타 소셜 반응이 뜨거운 미술관전시회 명소! 게시물 884,010개 달성 | 언급량: 884,010개 | 트렌딩 점수: 92.1점",family:0.7;couple:0.7;single:0.9;#전시회추천;삼척시;인스타1만DB
718,28,[인스타 1만 DB] #성수동핫플 - 과천시 블루 한옥거리 #126,2026-07-26,2026-10-24,https://www.instagram.com,"📸 경기도 과천시에서 인스타 소셜 반응이 뜨거운 핫플카페거리 명소! 게시물 203,904개 달성 | 언급량: 203,904개 | 트렌딩 점수: 88.0점",family:0.7;couple:0.9;single:0.6;#성수동핫플;과천시;인스타1만DB
719,28,[인스타 1만 DB] #아이와가볼만한곳 - 서구 선셋 피크닉존 #127,2026-07-26,2026-10-24,https://www.instagram.com,"📸 광주광역시 서구에서 인스타 소셜 반응이 뜨거운 아이와가볼만한곳 명소! 게시물 545,622개 달성 | 언급량: 545,622개 | 트렌딩 점수: 99.5점",family:0.9;couple:0.9;single:0.8;#아이와가볼만한곳;서구;인스타1만DB
720,28,[인스타 1만 DB] #캠핑스타그램 - 세종시 스카이 갤러리 #128,2026-07-26,2026-10-24,https://www.instagram.com,"📸 세종특별자치시 세종시에서 인스타 소셜 반응이 뜨거운 숲속캠핑카라반 명소! 게시물 1,039,659개 달성 | 언급량: 1,039,659개 | 트렌딩 점수: 91.3점",family:0.9;couple:0.8;single:0.7;#캠핑스타그램;세종시;인스타1만DB
721,28,[인스타 1만 DB] #수목원데이트 - 무주군 아뜰리에 해변카페 #129,2026-07-26,2026-10-24,https://www.instagram.com,"📸 전북특별자치도 무주군에서 인스타 소셜 반응이 뜨거운 식물원수목원 명소! 게시물 1,141,799개 달성 | 언급량: 1,141,799개 | 트렌딩 점수: 96.3점",family:0.9;couple:1.0;single:0.8;#수목원데이트;무주군;인스타1만DB
722,28,[인스타 1만 DB] #주말팝업스토어 - 달성군 오션 팝업존 #130,2026-07-26,2026-10-24,https://www.instagram.com,"📸 대구광역시 달성군에서 인스타 소셜 반응이 뜨거운 주말팝업스토어 명소! 게시물 1,005,720개 달성 | 언급량: 1,005,720개 | 트렌딩 점수: 97.8점",family:0.8;couple:0.7;single:0.9;#주말팝업스토어;달성군;인스타1만DB
723,28,[인스타 1만 DB] #핫플맛집 - 안동시 스타 미디어아트전 #131,2026-07-26,2026-10-24,https://www.instagram.com,"📸 경상북도 안동시에서 인스타 소셜 반응이 뜨거운 인스타핫플맛집 명소! 게시물 901,410개 달성 | 언급량: 901,410개 | 트렌딩 점수: 94.6점",family:0.7;couple:0.8;single:0.9;#핫플맛집;안동시;인스타1만DB
724,28,[인스타 1만 DB] #주말팝업스토어 - 강서구 드림 갤러리 #132,2026-07-26,2026-10-24,https://www.instagram.com,"📸 서울특별시 강서구에서 인스타 소셜 반응이 뜨거운 주말팝업스토어 명소! 게시물 751,349개 달성 | 언급량: 751,349개 | 트렌딩 점수: 90.8점",family:0.9;couple:0.9;single:0.8;#주말팝업스토어;강서구;인스타1만DB
725,28,[인스타 1만 DB] #전시회추천 - 담양군 가든 야경전망대 #133,2026-07-26,2026-10-24,https://www.instagram.com,"📸 전라남도 담양군에서 인스타 소셜 반응이 뜨거운 미술관전시회 명소! 게시물 901,292개 달성 | 언급량: 901,292개 | 트렌딩 점수: 91.5점",family:0.8;couple:0.7;single:0.7;#전시회추천;담양군;인스타1만DB
726,28,[인스타 1만 DB] #한옥마을 - 영천시 로얄 갤러리 #134,2026-07-26,2026-10-24,https://www.instagram.com,"📸 경상북도 영천시에서 인스타 소셜 반응이 뜨거운 감성한옥마을 명소! 게시물 564,017개 달성 | 언급량: 564,017개 | 트렌딩 점수: 89.7점",family:0.9;couple:0.9;single:0.8;#한옥마을;영천시;인스타1만DB
727,28,[인스타 1만 DB] #성수동핫플 - 광산구 감성 산책데크 #135,2026-07-26,2026-10-24,https://www.instagram.com,"📸 광주광역시 광산구에서 인스타 소셜 반응이 뜨거운 핫플카페거리 명소! 게시물 406,390개 달성 | 언급량: 406,390개 | 트렌딩 점수: 91.8점",family:0.7;couple:0.9;single:0.9;#성수동핫플;광산구;인스타1만DB
728,28,[인스타 1만 DB] #물놀이장소 - 달성군 포레스트 산책데크 #136,2026-07-26,2026-10-24,https://www.instagram.com,"📸 대구광역시 달성군에서 인스타 소셜 반응이 뜨거운 계곡물놀이축제 명소! 게시물 623,532개 달성 | 언급량: 623,532개 | 트렌딩 점수: 86.4점",family:0.6;couple:1.0;single:0.8;#물놀이장소;달성군;인스타1만DB
729,28,[인스타 1만 DB] #바다여행 - 동구 드림 한옥거리 #137,2026-07-26,2026-10-24,https://www.instagram.com,"📸 광주광역시 동구에서 인스타 소셜 반응이 뜨거운 바다해변산책 명소! 게시물 674,398개 달성 | 언급량: 674,398개 | 트렌딩 점수: 86.4점",family:0.9;couple:0.8;single:0.8;#바다여행;동구;인스타1만DB
730,28,[인스타 1만 DB] #야경스타그램 - 제주시 선셋 키즈월드 #138,2026-07-26,2026-10-24,https://www.instagram.com,"📸 제주특별자치도 제주시에서 인스타 소셜 반응이 뜨거운 감성야경명소 명소! 게시물 488,687개 달성 | 언급량: 488,687개 | 트렌딩 점수: 94.1점",family:0.7;couple:0.9;single:0.9;#야경스타그램;제주시;인스타1만DB
731,28,[인스타 1만 DB] #골목투어 - 고창군 에스 노포야장 #139,2026-07-26,2026-10-24,https://www.instagram.com,"📸 전북특별자치도 고창군에서 인스타 소셜 반응이 뜨거운 레트로노포골목 명소! 게시물 1,100,876개 달성 | 언급량: 1,100,876개 | 트렌딩 점수: 95.6점",family:0.9;couple:0.9;single:0.6;#골목투어;고창군;인스타1만DB
732,28,[인스타 1만 DB] #아이와가볼만한곳 - 완주군 뷰티풀 해변카페 #140,2026-07-26,2026-10-24,https://www.instagram.com,"📸 전북특별자치도 완주군에서 인스타 소셜 반응이 뜨거운 아이와가볼만한곳 명소! 게시물 209,701개 달성 | 언급량: 209,701개 | 트렌딩 점수: 90.5점",family:0.9;couple:0.9;single:0.8;#아이와가볼만한곳;완주군;인스타1만DB
733,28,[인스타 1만 DB] #주말팝업스토어 - 강북구 힐링 팝업존 #141,2026-07-26,2026-10-24,https://www.instagram.com,"📸 서울특별시 강북구에서 인스타 소셜 반응이 뜨거운 주말팝업스토어 명소! 게시물 672,428개 달성 | 언급량: 672,428개 | 트렌딩 점수: 86.9점",family:0.6;couple:0.7;single:0.6;#주말팝업스토어;강북구;인스타1만DB
734,28,[인스타 1만 DB] #주말팝업스토어 - 양구군 감성 수목원 #142,2026-07-26,2026-10-24,https://www.instagram.com,"📸 강원특별자치도 양구군에서 인스타 소셜 반응이 뜨거운 주말팝업스토어 명소! 게시물 1,048,373개 달성 | 언급량: 1,048,373개 | 트렌딩 점수: 99.4점",family:0.6;couple:0.8;single:0.7;#주말팝업스토어;양구군;인스타1만DB
735,28,[인스타 1만 DB] #수목원데이트 - 함평군 테라스 노포야장 #143,2026-07-26,2026-10-24,https://www.instagram.com,"📸 전라남도 함평군에서 인스타 소셜 반응이 뜨거운 식물원수목원 명소! 게시물 1,124,535개 달성 | 언급량: 1,124,535개 | 트렌딩 점수: 96.4점",family:1.0;couple:1.0;single:0.7;#수목원데이트;함평군;인스타1만DB
736,28,[인스타 1만 DB] #전시회추천 - 동구 파크 미디어아트전 #144,2026-07-26,2026-10-24,https://www.instagram.com,"📸 인천광역시 동구에서 인스타 소셜 반응이 뜨거운 미술관전시회 명소! 게시물 760,484개 달성 | 언급량: 760,484개 | 트렌딩 점수: 86.2점",family:0.7;couple:0.8;single:0.7;#전시회추천;동구;인스타1만DB
737,28,[인스타 1만 DB] #전시회추천 - 성남시 힐링 문화공간 #145,2026-07-26,2026-10-24,https://www.instagram.com,"📸 경기도 성남시에서 인스타 소셜 반응이 뜨거운 미술관전시회 명소! 게시물 22,226개 달성 | 언급량: 22,226개 | 트렌딩 점수: 89.6점",family:0.8;couple:0.9;single:0.9;#전시회추천;성남시;인스타1만DB
738,28,[인스타 1만 DB] #서울주말데이트 - 달성군 선셋 글램핑장 #146,2026-07-26,2026-10-24,https://www.instagram.com,"📸 대구광역시 달성군에서 인스타 소셜 반응이 뜨거운 서울주말데이트 명소! 게시물 388,891개 달성 | 언급량: 388,891개 | 트렌딩 점수: 93.8점",family:1.0;couple:0.7;single:0.9;#서울주말데이트;달성군;인스타1만DB
739,28,[인스타 1만 DB] #주말팝업스토어 - 달성군 드림 디저트카페 #147,2026-07-26,2026-10-24,https://www.instagram.com,"📸 대구광역시 달성군에서 인스타 소셜 반응이 뜨거운 주말팝업스토어 명소! 게시물 329,061개 달성 | 언급량: 329,061개 | 트렌딩 점수: 93.9점",family:0.9;couple:0.8;single:0.9;#주말팝업스토어;달성군;인스타1만DB
740,28,[인스타 1만 DB] #액티비티추천 - 동래구 오션 풀빌라 #148,2026-07-26,2026-10-24,https://www.instagram.com,"📸 부산광역시 동래구에서 인스타 소셜 반응이 뜨거운 루지액티비티 명소! 게시물 442,359개 달성 | 언급량: 442,359개 | 트렌딩 점수: 97.6점",family:0.6;couple:1.0;single:0.7;#액티비티추천;동래구;인스타1만DB
741,28,[인스타 1만 DB] #경기근교핫플 - 서구 테라스 피크닉존 #149,2026-07-26,2026-10-24,https://www.instagram.com,"📸 부산광역시 서구에서 인스타 소셜 반응이 뜨거운 경기근교핫플 명소! 게시물 1,089,165개 달성 | 언급량: 1,089,165개 | 트렌딩 점수: 86.8점",family:0.8;couple:0.7;single:0.8;#경기근교핫플;서구;인스타1만DB
742,28,[인스타 1만 DB] #골목투어 - 영월군 힐링 해변카페 #150,2026-07-26,2026-10-24,https://www.instagram.com,"📸 강원특별자치도 영월군에서 인스타 소셜 반응이 뜨거운 레트로노포골목 명소! 게시물 1,002,343개 달성 | 언급량: 1,002,343개 | 트렌딩 점수: 90.0점",family:0.7;couple:1.0;single:0.6;#골목투어;영월군;인스타1만DB
743,28,[인스타 1만 DB] #키즈카페추천 - 양산시 스타 해변카페 #151,2026-07-26,2026-10-24,https://www.instagram.com,"📸 경상남도 양산시에서 인스타 소셜 반응이 뜨거운 키즈체험파크 명소! 게시물 1,060,098개 달성 | 언급량: 1,060,098개 | 트렌딩 점수: 96.6점",family:0.8;couple:1.0;single:0.8;#키즈카페추천;양산시;인스타1만DB
744,28,[인스타 1만 DB] #핫플맛집 - 남구 로얄 디저트카페 #152,2026-07-26,2026-10-24,https://www.instagram.com,"📸 울산광역시 남구에서 인스타 소셜 반응이 뜨거운 인스타핫플맛집 명소! 게시물 304,691개 달성 | 언급량: 304,691개 | 트렌딩 점수: 86.8점",family:1.0;couple:1.0;single:0.9;#핫플맛집;남구;인스타1만DB
745,28,[인스타 1만 DB] #핫플맛집 - 계룡시 더현대 한옥거리 #153,2026-07-26,2026-10-24,https://www.instagram.com,"📸 충청남도 계룡시에서 인스타 소셜 반응이 뜨거운 인스타핫플맛집 명소! 게시물 844,564개 달성 | 언급량: 844,564개 | 트렌딩 점수: 87.2점",family:0.9;couple:0.9;single:0.9;#핫플맛집;계룡시;인스타1만DB
746,28,[인스타 1만 DB] #수목원데이트 - 천안시 중앙 야경전망대 #154,2026-07-26,2026-10-24,https://www.instagram.com,"📸 충청남도 천안시에서 인스타 소셜 반응이 뜨거운 식물원수목원 명소! 게시물 338,678개 달성 | 언급량: 338,678개 | 트렌딩 점수: 87.3점",family:0.9;couple:0.7;single:0.6;#수목원데이트;천안시;인스타1만DB
747,28,[인스타 1만 DB] #아이와가볼만한곳 - 세종시 오션 글램핑장 #155,2026-07-26,2026-10-24,https://www.instagram.com,"📸 세종특별자치시 세종시에서 인스타 소셜 반응이 뜨거운 아이와가볼만한곳 명소! 게시물 107,648개 달성 | 언급량: 107,648개 | 트렌딩 점수: 85.9점",family:1.0;couple:0.7;single:0.9;#아이와가볼만한곳;세종시;인스타1만DB
748,28,[인스타 1만 DB] #전시회추천 - 중구 스타 키즈월드 #156,2026-07-26,2026-10-24,https://www.instagram.com,"📸 울산광역시 중구에서 인스타 소셜 반응이 뜨거운 미술관전시회 명소! 게시물 267,662개 달성 | 언급량: 267,662개 | 트렌딩 점수: 98.5점",family:0.6;couple:0.7;single:0.7;#전시회추천;중구;인스타1만DB
749,28,[인스타 1만 DB] #아기랑가평 - 영동군 파크 글램핑장 #157,2026-07-26,2026-10-24,https://www.instagram.com,"📸 충청북도 영동군에서 인스타 소셜 반응이 뜨거운 아기랑풀빌라 명소! 게시물 931,634개 달성 | 언급량: 931,634개 | 트렌딩 점수: 99.0점",family:1.0;couple:0.8;single:0.9;#아기랑가평;영동군;인스타1만DB
750,28,[인스타 1만 DB] #바다여행 - 진천군 포레스트 수목원 #158,2026-07-26,2026-10-24,https://www.instagram.com,"📸 충청북도 진천군에서 인스타 소셜 반응이 뜨거운 바다해변산책 명소! 게시물 215,292개 달성 | 언급량: 215,292개 | 트렌딩 점수: 97.7점",family:0.8;couple:0.7;single:0.6;#바다여행;진천군;인스타1만DB
751,28,[인스타 1만 DB] #바다여행 - 서귀포시 포레스트 노포야장 #159,2026-07-26,2026-10-24,https://www.instagram.com,"📸 제주특별자치도 서귀포시에서 인스타 소셜 반응이 뜨거운 바다해변산책 명소! 게시물 102,786개 달성 | 언급량: 102,786개 | 트렌딩 점수: 87.5점",family:0.7;couple:0.8;single:0.8;#바다여행;서귀포시;인스타1만DB
752,28,[인스타 1만 DB] #주말가족나들이 - 창녕군 에스 미디어아트전 #160,2026-07-26,2026-10-24,https://www.instagram.com,"📸 경상남도 창녕군에서 인스타 소셜 반응이 뜨거운 주말가족나들이 명소! 게시물 280,217개 달성 | 언급량: 280,217개 | 트렌딩 점수: 89.4점",family:0.8;couple:0.8;single:0.7;#주말가족나들이;창녕군;인스타1만DB
753,28,[인스타 1만 DB] #캠핑스타그램 - 연수구 스타 팝업존 #161,2026-07-26,2026-10-24,https://www.instagram.com,"📸 인천광역시 연수구에서 인스타 소셜 반응이 뜨거운 숲속캠핑카라반 명소! 게시물 125,733개 달성 | 언급량: 125,733개 | 트렌딩 점수: 87.9점",family:1.0;couple:0.8;single:0.6;#캠핑스타그램;연수구;인스타1만DB
754,28,[인스타 1만 DB] #서울주말데이트 - 동구 뷰티풀 산책데크 #162,2026-07-26,2026-10-24,https://www.instagram.com,"📸 부산광역시 동구에서 인스타 소셜 반응이 뜨거운 서울주말데이트 명소! 게시물 489,858개 달성 | 언급량: 489,858개 | 트렌딩 점수: 94.3점",family:0.6;couple:0.8;single:0.7;#서울주말데이트;동구;인스타1만DB
755,28,[인스타 1만 DB] #서울주말데이트 - 중구 선셋 산책데크 #163,2026-07-26,2026-10-24,https://www.instagram.com,"📸 대구광역시 중구에서 인스타 소셜 반응이 뜨거운 서울주말데이트 명소! 게시물 471,596개 달성 | 언급량: 471,596개 | 트렌딩 점수: 90.7점",family:0.6;couple:1.0;single:0.9;#서울주말데이트;중구;인스타1만DB
756,28,[인스타 1만 DB] #캠핑스타그램 - 제천시 힐링 풀빌라 #164,2026-07-26,2026-10-24,https://www.instagram.com,"📸 충청북도 제천시에서 인스타 소셜 반응이 뜨거운 숲속캠핑카라반 명소! 게시물 243,080개 달성 | 언급량: 243,080개 | 트렌딩 점수: 97.5점",family:0.6;couple:1.0;single:0.6;#캠핑스타그램;제천시;인스타1만DB
757,28,[인스타 1만 DB] #경기근교핫플 - 무주군 오션 산책데크 #165,2026-07-26,2026-10-24,https://www.instagram.com,"📸 전북특별자치도 무주군에서 인스타 소셜 반응이 뜨거운 경기근교핫플 명소! 게시물 259,962개 달성 | 언급량: 259,962개 | 트렌딩 점수: 92.6점",family:0.7;couple:0.7;single:0.6;#경기근교핫플;무주군;인스타1만DB
758,28,[인스타 1만 DB] #주말가족나들이 - 제주시 드림 해변카페 #166,2026-07-26,2026-10-24,https://www.instagram.com,"📸 제주특별자치도 제주시에서 인스타 소셜 반응이 뜨거운 주말가족나들이 명소! 게시물 153,015개 달성 | 언급량: 153,015개 | 트렌딩 점수: 88.4점",family:0.9;couple:0.9;single:0.9;#주말가족나들이;제주시;인스타1만DB
759,28,[인스타 1만 DB] #아기랑가평 - 제천시 감성 해변카페 #167,2026-07-26,2026-10-24,https://www.instagram.com,"📸 충청북도 제천시에서 인스타 소셜 반응이 뜨거운 아기랑풀빌라 명소! 게시물 444,404개 달성 | 언급량: 444,404개 | 트렌딩 점수: 96.7점",family:1.0;couple:0.9;single:0.7;#아기랑가평;제천시;인스타1만DB
760,28,[인스타 1만 DB] #아이와가볼만한곳 - 안양시 아뜰리에 야경전망대 #168,2026-07-26,2026-10-24,https://www.instagram.com,"📸 경기도 안양시에서 인스타 소셜 반응이 뜨거운 아이와가볼만한곳 명소! 게시물 374,409개 달성 | 언급량: 374,409개 | 트렌딩 점수: 97.5점",family:0.8;couple:0.8;single:0.8;#아이와가볼만한곳;안양시;인스타1만DB
761,28,[인스타 1만 DB] #물놀이장소 - 익산시 가든 산책데크 #169,2026-07-26,2026-10-24,https://www.instagram.com,"📸 전북특별자치도 익산시에서 인스타 소셜 반응이 뜨거운 계곡물놀이축제 명소! 게시물 162,723개 달성 | 언급량: 162,723개 | 트렌딩 점수: 95.4점",family:0.8;couple:1.0;single:0.8;#물놀이장소;익산시;인스타1만DB
762,28,[인스타 1만 DB] #핫플맛집 - 사하구 스퀘어 해변카페 #170,2026-07-26,2026-10-24,https://www.instagram.com,"📸 부산광역시 사하구에서 인스타 소셜 반응이 뜨거운 인스타핫플맛집 명소! 게시물 856,149개 달성 | 언급량: 856,149개 | 트렌딩 점수: 89.1점",family:1.0;couple:0.9;single:0.6;#핫플맛집;사하구;인스타1만DB
763,28,[인스타 1만 DB] #주말팝업스토어 - 세종시 아뜰리에 키즈월드 #171,2026-07-26,2026-10-24,https://www.instagram.com,"📸 세종특별자치시 세종시에서 인스타 소셜 반응이 뜨거운 주말팝업스토어 명소! 게시물 59,387개 달성 | 언급량: 59,387개 | 트렌딩 점수: 93.5점",family:0.7;couple:0.8;single:0.8;#주말팝업스토어;세종시;인스타1만DB
764,28,[인스타 1만 DB] #문화재탐방 - 시흥시 에스 미디어아트전 #172,2026-07-26,2026-10-24,https://www.instagram.com,"📸 경기도 시흥시에서 인스타 소셜 반응이 뜨거운 유네스코문화재 명소! 게시물 493,730개 달성 | 언급량: 493,730개 | 트렌딩 점수: 92.5점",family:1.0;couple:1.0;single:0.8;#문화재탐방;시흥시;인스타1만DB
765,28,[인스타 1만 DB] #골목투어 - 합천군 스퀘어 피크닉존 #173,2026-07-26,2026-10-24,https://www.instagram.com,"📸 경상남도 합천군에서 인스타 소셜 반응이 뜨거운 레트로노포골목 명소! 게시물 36,299개 달성 | 언급량: 36,299개 | 트렌딩 점수: 96.2점",family:0.8;couple:0.8;single:0.7;#골목투어;합천군;인스타1만DB
766,28,[인스타 1만 DB] #야경스타그램 - 여수시 스퀘어 풀빌라 #174,2026-07-26,2026-10-24,https://www.instagram.com,"📸 전라남도 여수시에서 인스타 소셜 반응이 뜨거운 감성야경명소 명소! 게시물 70,820개 달성 | 언급량: 70,820개 | 트렌딩 점수: 91.2점",family:0.7;couple:1.0;single:0.6;#야경스타그램;여수시;인스타1만DB
767,28,[인스타 1만 DB] #아이와가볼만한곳 - 달서구 테라스 키즈월드 #175,2026-07-26,2026-10-24,https://www.instagram.com,"📸 대구광역시 달서구에서 인스타 소셜 반응이 뜨거운 아이와가볼만한곳 명소! 게시물 830,158개 달성 | 언급량: 830,158개 | 트렌딩 점수: 93.8점",family:0.8;couple:0.7;single:0.8;#아이와가볼만한곳;달서구;인스타1만DB
768,28,[인스타 1만 DB] #동물체험 - 하남시 드림 풀빌라 #176,2026-07-26,2026-10-24,https://www.instagram.com,"📸 경기도 하남시에서 인스타 소셜 반응이 뜨거운 동물원사파리 명소! 게시물 108,280개 달성 | 언급량: 108,280개 | 트렌딩 점수: 99.0점",family:0.7;couple:0.8;single:0.8;#동물체험;하남시;인스타1만DB
769,28,[인스타 1만 DB] #동물체험 - 양주시 스퀘어 한옥거리 #177,2026-07-26,2026-10-24,https://www.instagram.com,"📸 경기도 양주시에서 인스타 소셜 반응이 뜨거운 동물원사파리 명소! 게시물 1,218,033개 달성 | 언급량: 1,218,033개 | 트렌딩 점수: 88.7점",family:1.0;couple:0.9;single:0.7;#동물체험;양주시;인스타1만DB
770,28,[인스타 1만 DB] #아이와가볼만한곳 - 춘천시 스카이 갤러리 #178,2026-07-26,2026-10-24,https://www.instagram.com,"📸 강원특별자치도 춘천시에서 인스타 소셜 반응이 뜨거운 아이와가볼만한곳 명소! 게시물 869,813개 달성 | 언급량: 869,813개 | 트렌딩 점수: 85.3점",family:0.7;couple:0.9;single:0.6;#아이와가볼만한곳;춘천시;인스타1만DB
771,28,[인스타 1만 DB] #아이와가볼만한곳 - 성동구 그린 한옥거리 #179,2026-07-26,2026-10-24,https://www.instagram.com,"📸 서울특별시 성동구에서 인스타 소셜 반응이 뜨거운 아이와가볼만한곳 명소! 게시물 318,626개 달성 | 언급량: 318,626개 | 트렌딩 점수: 92.7점",family:0.7;couple:1.0;single:0.8;#아이와가볼만한곳;성동구;인스타1만DB
772,28,[인스타 1만 DB] #바다여행 - 구리시 중앙 산책데크 #180,2026-07-26,2026-10-24,https://www.instagram.com,"📸 경기도 구리시에서 인스타 소셜 반응이 뜨거운 바다해변산책 명소! 게시물 573,742개 달성 | 언급량: 573,742개 | 트렌딩 점수: 85.9점",family:0.8;couple:0.8;single:0.7;#바다여행;구리시;인스타1만DB
773,28,[인스타 1만 DB] #주말가족나들이 - 의령군 뷰티풀 문화공간 #181,2026-07-26,2026-10-24,https://www.instagram.com,"📸 경상남도 의령군에서 인스타 소셜 반응이 뜨거운 주말가족나들이 명소! 게시물 252,011개 달성 | 언급량: 252,011개 | 트렌딩 점수: 95.3점",family:1.0;couple:0.8;single:0.6;#주말가족나들이;의령군;인스타1만DB
774,28,[인스타 1만 DB] #캠핑스타그램 - 순천시 감성 야경전망대 #182,2026-07-26,2026-10-24,https://www.instagram.com,"📸 전라남도 순천시에서 인스타 소셜 반응이 뜨거운 숲속캠핑카라반 명소! 게시물 643,013개 달성 | 언급량: 643,013개 | 트렌딩 점수: 94.5점",family:0.8;couple:0.9;single:0.7;#캠핑스타그램;순천시;인스타1만DB
775,28,[인스타 1만 DB] #성수동핫플 - 영주시 로얄 팝업존 #183,2026-07-26,2026-10-24,https://www.instagram.com,"📸 경상북도 영주시에서 인스타 소셜 반응이 뜨거운 핫플카페거리 명소! 게시물 455,437개 달성 | 언급량: 455,437개 | 트렌딩 점수: 87.5점",family:0.7;couple:0.8;single:0.7;#성수동핫플;영주시;인스타1만DB
776,28,[인스타 1만 DB] #아기랑가평 - 서구 스퀘어 디저트카페 #184,2026-07-26,2026-10-24,https://www.instagram.com,"📸 대구광역시 서구에서 인스타 소셜 반응이 뜨거운 아기랑풀빌라 명소! 게시물 476,439개 달성 | 언급량: 476,439개 | 트렌딩 점수: 87.8점",family:0.9;couple:0.8;single:0.8;#아기랑가평;서구;인스타1만DB
777,28,[인스타 1만 DB] #캠핑스타그램 - 동구 힐링 수목원 #185,2026-07-26,2026-10-24,https://www.instagram.com,"📸 부산광역시 동구에서 인스타 소셜 반응이 뜨거운 숲속캠핑카라반 명소! 게시물 799,370개 달성 | 언급량: 799,370개 | 트렌딩 점수: 94.1점",family:0.6;couple:0.8;single:0.7;#캠핑스타그램;동구;인스타1만DB
778,28,[인스타 1만 DB] #액티비티추천 - 북구 드림 문화공간 #186,2026-07-26,2026-10-24,https://www.instagram.com,"📸 광주광역시 북구에서 인스타 소셜 반응이 뜨거운 루지액티비티 명소! 게시물 999,714개 달성 | 언급량: 999,714개 | 트렌딩 점수: 92.2점",family:0.8;couple:0.8;single:0.6;#액티비티추천;북구;인스타1만DB
779,28,[인스타 1만 DB] #문화재탐방 - 구리시 에스 키즈월드 #187,2026-07-26,2026-10-24,https://www.instagram.com,"📸 경기도 구리시에서 인스타 소셜 반응이 뜨거운 유네스코문화재 명소! 게시물 23,021개 달성 | 언급량: 23,021개 | 트렌딩 점수: 86.0점",family:0.7;couple:0.9;single:0.8;#문화재탐방;구리시;인스타1만DB
780,28,[인스타 1만 DB] #액티비티추천 - 중구 가든 글램핑장 #188,2026-07-26,2026-10-24,https://www.instagram.com,"📸 대구광역시 중구에서 인스타 소셜 반응이 뜨거운 루지액티비티 명소! 게시물 1,133,109개 달성 | 언급량: 1,133,109개 | 트렌딩 점수: 89.9점",family:0.9;couple:0.7;single:0.7;#액티비티추천;중구;인스타1만DB
781,28,[인스타 1만 DB] #수목원데이트 - 순창군 선셋 피크닉존 #189,2026-07-26,2026-10-24,https://www.instagram.com,"📸 전북특별자치도 순창군에서 인스타 소셜 반응이 뜨거운 식물원수목원 명소! 게시물 611,202개 달성 | 언급량: 611,202개 | 트렌딩 점수: 86.7점",family:0.6;couple:0.8;single:0.7;#수목원데이트;순창군;인스타1만DB
782,28,[인스타 1만 DB] #주말팝업스토어 - 영양군 에스 체험파크 #190,2026-07-26,2026-10-24,https://www.instagram.com,"📸 경상북도 영양군에서 인스타 소셜 반응이 뜨거운 주말팝업스토어 명소! 게시물 1,177,292개 달성 | 언급량: 1,177,292개 | 트렌딩 점수: 97.3점",family:1.0;couple:0.9;single:0.9;#주말팝업스토어;영양군;인스타1만DB
783,28,[인스타 1만 DB] #문화재탐방 - 광산구 그린 체험파크 #191,2026-07-26,2026-10-24,https://www.instagram.com,"📸 광주광역시 광산구에서 인스타 소셜 반응이 뜨거운 유네스코문화재 명소! 게시물 162,598개 달성 | 언급량: 162,598개 | 트렌딩 점수: 86.7점",family:0.9;couple:1.0;single:0.7;#문화재탐방;광산구;인스타1만DB
784,28,[인스타 1만 DB] #전시회추천 - 고흥군 파크 디저트카페 #192,2026-07-26,2026-10-24,https://www.instagram.com,"📸 전라남도 고흥군에서 인스타 소셜 반응이 뜨거운 미술관전시회 명소! 게시물 783,738개 달성 | 언급량: 783,738개 | 트렌딩 점수: 99.7점",family:1.0;couple:0.8;single:0.8;#전시회추천;고흥군;인스타1만DB
785,28,[인스타 1만 DB] #주말팝업스토어 - 충주시 뷰티풀 글램핑장 #193,2026-07-26,2026-10-24,https://www.instagram.com,"📸 충청북도 충주시에서 인스타 소셜 반응이 뜨거운 주말팝업스토어 명소! 게시물 624,712개 달성 | 언급량: 624,712개 | 트렌딩 점수: 97.7점",family:0.6;couple:0.9;single:0.8;#주말팝업스토어;충주시;인스타1만DB
786,28,[인스타 1만 DB] #성수동핫플 - 서천군 로얄 팝업존 #194,2026-07-26,2026-10-24,https://www.instagram.com,"📸 충청남도 서천군에서 인스타 소셜 반응이 뜨거운 핫플카페거리 명소! 게시물 609,421개 달성 | 언급량: 609,421개 | 트렌딩 점수: 93.9점",family:0.7;couple:0.7;single:0.7;#성수동핫플;서천군;인스타1만DB
787,28,[인스타 1만 DB] #야경스타그램 - 세종시 감성 해변카페 #195,2026-07-26,2026-10-24,https://www.instagram.com,"📸 세종특별자치시 세종시에서 인스타 소셜 반응이 뜨거운 감성야경명소 명소! 게시물 1,202,545개 달성 | 언급량: 1,202,545개 | 트렌딩 점수: 91.6점",family:0.7;couple:1.0;single:0.7;#야경스타그램;세종시;인스타1만DB
788,28,[인스타 1만 DB] #경기근교핫플 - 남구 에스 노포야장 #196,2026-07-26,2026-10-24,https://www.instagram.com,"📸 광주광역시 남구에서 인스타 소셜 반응이 뜨거운 경기근교핫플 명소! 게시물 651,451개 달성 | 언급량: 651,451개 | 트렌딩 점수: 98.3점",family:0.8;couple:0.8;single:0.7;#경기근교핫플;남구;인스타1만DB
789,28,[인스타 1만 DB] #바다여행 - 제주시 아뜰리에 글램핑장 #197,2026-07-26,2026-10-24,https://www.instagram.com,"📸 제주특별자치도 제주시에서 인스타 소셜 반응이 뜨거운 바다해변산책 명소! 게시물 1,109,571개 달성 | 언급량: 1,109,571개 | 트렌딩 점수: 90.2점",family:0.8;couple:0.9;single:0.6;#바다여행;제주시;인스타1만DB
790,28,[인스타 1만 DB] #동물체험 - 서구 에스 키즈월드 #198,2026-07-26,2026-10-24,https://www.instagram.com,"📸 광주광역시 서구에서 인스타 소셜 반응이 뜨거운 동물원사파리 명소! 게시물 927,184개 달성 | 언급량: 927,184개 | 트렌딩 점수: 99.7점",family:0.9;couple:0.8;single:0.7;#동물체험;서구;인스타1만DB
791,28,[인스타 1만 DB] #캠핑스타그램 - 용산구 파크 디저트카페 #199,2026-07-26,2026-10-24,https://www.instagram.com,"📸 서울특별시 용산구에서 인스타 소셜 반응이 뜨거운 숲속캠핑카라반 명소! 게시물 468,964개 달성 | 언급량: 468,964개 | 트렌딩 점수: 92.3점",family:0.7;couple:0.8;single:0.8;#캠핑스타그램;용산구;인스타1만DB
792,28,[인스타 1만 DB] #바다여행 - 계룡시 오션 피크닉존 #200,2026-07-26,2026-10-24,https://www.instagram.com,"📸 충청남도 계룡시에서 인스타 소셜 반응이 뜨거운 바다해변산책 명소! 게시물 658,894개 달성 | 언급량: 658,894개 | 트렌딩 점수: 88.1점",family:0.6;couple:0.9;single:0.9;#바다여행;계룡시;인스타1만DB
793,28,[인스타 1만 DB] #아이와가볼만한곳 - 정읍시 테라스 산책데크 #201,2026-07-26,2026-10-24,https://www.instagram.com,"📸 전북특별자치도 정읍시에서 인스타 소셜 반응이 뜨거운 아이와가볼만한곳 명소! 게시물 980,141개 달성 | 언급량: 980,141개 | 트렌딩 점수: 91.6점",family:0.7;couple:1.0;single:0.8;#아이와가볼만한곳;정읍시;인스타1만DB
794,28,[인스타 1만 DB] #동물체험 - 통영시 힐링 야경전망대 #202,2026-07-26,2026-10-24,https://www.instagram.com,"📸 경상남도 통영시에서 인스타 소셜 반응이 뜨거운 동물원사파리 명소! 게시물 584,682개 달성 | 언급량: 584,682개 | 트렌딩 점수: 92.7점",family:0.9;couple:1.0;single:0.7;#동물체험;통영시;인스타1만DB
795,28,[인스타 1만 DB] #문화재탐방 - 전주시 오션 키즈월드 #203,2026-07-26,2026-10-24,https://www.instagram.com,"📸 전북특별자치도 전주시에서 인스타 소셜 반응이 뜨거운 유네스코문화재 명소! 게시물 902,572개 달성 | 언급량: 902,572개 | 트렌딩 점수: 86.5점",family:0.7;couple:0.9;single:0.8;#문화재탐방;전주시;인스타1만DB
796,28,[인스타 1만 DB] #바다여행 - 문경시 스타 팝업존 #204,2026-07-26,2026-10-24,https://www.instagram.com,"📸 경상북도 문경시에서 인스타 소셜 반응이 뜨거운 바다해변산책 명소! 게시물 951,316개 달성 | 언급량: 951,316개 | 트렌딩 점수: 90.2점",family:0.8;couple:0.7;single:0.7;#바다여행;문경시;인스타1만DB
797,28,[인스타 1만 DB] #바다여행 - 순창군 파크 야경전망대 #205,2026-07-26,2026-10-24,https://www.instagram.com,"📸 전북특별자치도 순창군에서 인스타 소셜 반응이 뜨거운 바다해변산책 명소! 게시물 177,937개 달성 | 언급량: 177,937개 | 트렌딩 점수: 97.8점",family:1.0;couple:1.0;single:0.6;#바다여행;순창군;인스타1만DB
798,28,[인스타 1만 DB] #동물체험 - 서귀포시 선셋 수목원 #206,2026-07-26,2026-10-24,https://www.instagram.com,"📸 제주특별자치도 서귀포시에서 인스타 소셜 반응이 뜨거운 동물원사파리 명소! 게시물 711,567개 달성 | 언급량: 711,567개 | 트렌딩 점수: 93.2점",family:0.9;couple:0.9;single:0.9;#동물체험;서귀포시;인스타1만DB
799,28,[인스타 1만 DB] #물놀이장소 - 울주군 로얄 디저트카페 #207,2026-07-26,2026-10-24,https://www.instagram.com,"📸 울산광역시 울주군에서 인스타 소셜 반응이 뜨거운 계곡물놀이축제 명소! 게시물 1,034,887개 달성 | 언급량: 1,034,887개 | 트렌딩 점수: 92.6점",family:0.8;couple:0.8;single:0.8;#물놀이장소;울주군;인스타1만DB
800,28,[인스타 1만 DB] #골목투어 - 사천시 오션 노포야장 #208,2026-07-26,2026-10-24,https://www.instagram.com,"📸 경상남도 사천시에서 인스타 소셜 반응이 뜨거운 레트로노포골목 명소! 게시물 1,149,577개 달성 | 언급량: 1,149,577개 | 트렌딩 점수: 98.3점",family:0.7;couple:0.8;single:0.7;#골목투어;사천시;인스타1만DB
801,28,[인스타 1만 DB] #캠핑스타그램 - 중구 아뜰리에 야경전망대 #209,2026-07-26,2026-10-24,https://www.instagram.com,"📸 서울특별시 중구에서 인스타 소셜 반응이 뜨거운 숲속캠핑카라반 명소! 게시물 1,124,874개 달성 | 언급량: 1,124,874개 | 트렌딩 점수: 98.5점",family:0.9;couple:0.9;single:0.8;#캠핑스타그램;중구;인스타1만DB
802,28,[인스타 1만 DB] #주말팝업스토어 - 달성군 로얄 갤러리 #210,2026-07-26,2026-10-24,https://www.instagram.com,"📸 대구광역시 달성군에서 인스타 소셜 반응이 뜨거운 주말팝업스토어 명소! 게시물 1,068,250개 달성 | 언급량: 1,068,250개 | 트렌딩 점수: 87.8점",family:0.8;couple:0.8;single:0.8;#주말팝업스토어;달성군;인스타1만DB
803,28,[인스타 1만 DB] #성수동핫플 - 서귀포시 테라스 노포야장 #211,2026-07-26,2026-10-24,https://www.instagram.com,"📸 제주특별자치도 서귀포시에서 인스타 소셜 반응이 뜨거운 핫플카페거리 명소! 게시물 561,063개 달성 | 언급량: 561,063개 | 트렌딩 점수: 98.3점",family:0.7;couple:0.9;single:0.6;#성수동핫플;서귀포시;인스타1만DB
804,28,[인스타 1만 DB] #아이와가볼만한곳 - 중구 그린 디저트카페 #212,2026-07-26,2026-10-24,https://www.instagram.com,"📸 대전광역시 중구에서 인스타 소셜 반응이 뜨거운 아이와가볼만한곳 명소! 게시물 943,966개 달성 | 언급량: 943,966개 | 트렌딩 점수: 97.3점",family:0.8;couple:0.8;single:0.7;#아이와가볼만한곳;중구;인스타1만DB
805,28,[인스타 1만 DB] #키즈카페추천 - 동구 드림 팝업존 #213,2026-07-26,2026-10-24,https://www.instagram.com,"📸 광주광역시 동구에서 인스타 소셜 반응이 뜨거운 키즈체험파크 명소! 게시물 1,011,655개 달성 | 언급량: 1,011,655개 | 트렌딩 점수: 92.3점",family:0.8;couple:1.0;single:0.7;#키즈카페추천;동구;인스타1만DB
806,28,[인스타 1만 DB] #골목투어 - 장흥군 스카이 디저트카페 #214,2026-07-26,2026-10-24,https://www.instagram.com,"📸 전라남도 장흥군에서 인스타 소셜 반응이 뜨거운 레트로노포골목 명소! 게시물 76,531개 달성 | 언급량: 76,531개 | 트렌딩 점수: 99.4점",family:0.9;couple:0.9;single:0.8;#골목투어;장흥군;인스타1만DB
807,28,[인스타 1만 DB] #주말가족나들이 - 대덕구 중앙 노포야장 #215,2026-07-26,2026-10-24,https://www.instagram.com,"📸 대전광역시 대덕구에서 인스타 소셜 반응이 뜨거운 주말가족나들이 명소! 게시물 201,550개 달성 | 언급량: 201,550개 | 트렌딩 점수: 97.9점",family:0.7;couple:0.9;single:0.9;#주말가족나들이;대덕구;인스타1만DB
808,28,[인스타 1만 DB] #키즈카페추천 - 정읍시 스타 피크닉존 #216,2026-07-26,2026-10-24,https://www.instagram.com,"📸 전북특별자치도 정읍시에서 인스타 소셜 반응이 뜨거운 키즈체험파크 명소! 게시물 695,147개 달성 | 언급량: 695,147개 | 트렌딩 점수: 88.1점",family:0.9;couple:0.8;single:0.7;#키즈카페추천;정읍시;인스타1만DB
809,28,[인스타 1만 DB] #골목투어 - 사하구 그린 야경전망대 #217,2026-07-26,2026-10-24,https://www.instagram.com,"📸 부산광역시 사하구에서 인스타 소셜 반응이 뜨거운 레트로노포골목 명소! 게시물 995,313개 달성 | 언급량: 995,313개 | 트렌딩 점수: 87.0점",family:0.6;couple:1.0;single:0.7;#골목투어;사하구;인스타1만DB
810,28,[인스타 1만 DB] #골목투어 - 괴산군 테라스 피크닉존 #218,2026-07-26,2026-10-24,https://www.instagram.com,"📸 충청북도 괴산군에서 인스타 소셜 반응이 뜨거운 레트로노포골목 명소! 게시물 489,729개 달성 | 언급량: 489,729개 | 트렌딩 점수: 95.8점",family:0.7;couple:1.0;single:0.8;#골목투어;괴산군;인스타1만DB
811,28,[인스타 1만 DB] #주말팝업스토어 - 구례군 스카이 한옥거리 #219,2026-07-26,2026-10-24,https://www.instagram.com,"📸 전라남도 구례군에서 인스타 소셜 반응이 뜨거운 주말팝업스토어 명소! 게시물 599,601개 달성 | 언급량: 599,601개 | 트렌딩 점수: 92.7점",family:0.7;couple:1.0;single:0.8;#주말팝업스토어;구례군;인스타1만DB
812,28,[인스타 1만 DB] #주말가족나들이 - 영월군 감성 키즈월드 #220,2026-07-26,2026-10-24,https://www.instagram.com,"📸 강원특별자치도 영월군에서 인스타 소셜 반응이 뜨거운 주말가족나들이 명소! 게시물 1,223,892개 달성 | 언급량: 1,223,892개 | 트렌딩 점수: 98.0점",family:0.8;couple:0.9;single:0.9;#주말가족나들이;영월군;인스타1만DB
813,28,[인스타 1만 DB] #한옥마을 - 영월군 선셋 갤러리 #221,2026-07-26,2026-10-24,https://www.instagram.com,"📸 강원특별자치도 영월군에서 인스타 소셜 반응이 뜨거운 감성한옥마을 명소! 게시물 607,338개 달성 | 언급량: 607,338개 | 트렌딩 점수: 96.2점",family:0.7;couple:0.9;single:0.7;#한옥마을;영월군;인스타1만DB
814,28,[인스타 1만 DB] #아기랑가평 - 남해군 테라스 디저트카페 #222,2026-07-26,2026-10-24,https://www.instagram.com,"📸 경상남도 남해군에서 인스타 소셜 반응이 뜨거운 아기랑풀빌라 명소! 게시물 300,713개 달성 | 언급량: 300,713개 | 트렌딩 점수: 95.3점",family:0.7;couple:0.9;single:0.8;#아기랑가평;남해군;인스타1만DB
815,28,[인스타 1만 DB] #캠핑스타그램 - 증평군 그린 디저트카페 #223,2026-07-26,2026-10-24,https://www.instagram.com,"📸 충청북도 증평군에서 인스타 소셜 반응이 뜨거운 숲속캠핑카라반 명소! 게시물 828,185개 달성 | 언급량: 828,185개 | 트렌딩 점수: 90.8점",family:0.9;couple:1.0;single:0.7;#캠핑스타그램;증평군;인스타1만DB
816,28,[인스타 1만 DB] #한옥마을 - 세종시 포레스트 풀빌라 #224,2026-07-26,2026-10-24,https://www.instagram.com,"📸 세종특별자치시 세종시에서 인스타 소셜 반응이 뜨거운 감성한옥마을 명소! 게시물 1,005,699개 달성 | 언급량: 1,005,699개 | 트렌딩 점수: 86.1점",family:1.0;couple:0.8;single:0.8;#한옥마을;세종시;인스타1만DB
817,28,[인스타 1만 DB] #액티비티추천 - 고성군 블루 한옥거리 #225,2026-07-26,2026-10-24,https://www.instagram.com,"📸 경상남도 고성군에서 인스타 소셜 반응이 뜨거운 루지액티비티 명소! 게시물 56,240개 달성 | 언급량: 56,240개 | 트렌딩 점수: 90.1점",family:1.0;couple:0.9;single:0.7;#액티비티추천;고성군;인스타1만DB
818,28,[인스타 1만 DB] #주말팝업스토어 - 용산구 스퀘어 디저트카페 #226,2026-07-26,2026-10-24,https://www.instagram.com,"📸 서울특별시 용산구에서 인스타 소셜 반응이 뜨거운 주말팝업스토어 명소! 게시물 669,564개 달성 | 언급량: 669,564개 | 트렌딩 점수: 90.7점",family:0.9;couple:1.0;single:0.7;#주말팝업스토어;용산구;인스타1만DB
819,28,[인스타 1만 DB] #아기랑가평 - 청양군 감성 산책데크 #227,2026-07-26,2026-10-24,https://www.instagram.com,"📸 충청남도 청양군에서 인스타 소셜 반응이 뜨거운 아기랑풀빌라 명소! 게시물 1,108,845개 달성 | 언급량: 1,108,845개 | 트렌딩 점수: 92.7점",family:0.7;couple:1.0;single:0.7;#아기랑가평;청양군;인스타1만DB
820,28,[인스타 1만 DB] #핫플맛집 - 창녕군 오션 팝업존 #228,2026-07-26,2026-10-24,https://www.instagram.com,"📸 경상남도 창녕군에서 인스타 소셜 반응이 뜨거운 인스타핫플맛집 명소! 게시물 1,104,337개 달성 | 언급량: 1,104,337개 | 트렌딩 점수: 92.7점",family:0.7;couple:0.9;single:0.7;#핫플맛집;창녕군;인스타1만DB
821,11,[인스타 1만 DB] #액티비티추천 - 동대문구 힐링 한옥거리 #229,2026-07-26,2026-10-24,https://www.instagram.com,"📸 서울특별시 동대문구에서 인스타 소셜 반응이 뜨거운 루지액티비티 명소! 게시물 254,811개 달성 | 언급량: 254,811개 | 트렌딩 점수: 86.9점",family:0.9;couple:0.8;single:0.7;#액티비티추천;동대문구;인스타1만DB
822,28,[인스타 1만 DB] #동물체험 - 남구 더현대 산책데크 #230,2026-07-26,2026-10-24,https://www.instagram.com,"📸 광주광역시 남구에서 인스타 소셜 반응이 뜨거운 동물원사파리 명소! 게시물 609,301개 달성 | 언급량: 609,301개 | 트렌딩 점수: 89.0점",family:0.9;couple:0.7;single:0.9;#동물체험;남구;인스타1만DB
823,28,[인스타 1만 DB] #한옥마을 - 남구 감성 풀빌라 #231,2026-07-26,2026-10-24,https://www.instagram.com,"📸 광주광역시 남구에서 인스타 소셜 반응이 뜨거운 감성한옥마을 명소! 게시물 1,266,295개 달성 | 언급량: 1,266,295개 | 트렌딩 점수: 86.3점",family:0.6;couple:0.9;single:0.8;#한옥마을;남구;인스타1만DB
824,28,[인스타 1만 DB] #동물체험 - 연수구 스퀘어 문화공간 #232,2026-07-26,2026-10-24,https://www.instagram.com,"📸 인천광역시 연수구에서 인스타 소셜 반응이 뜨거운 동물원사파리 명소! 게시물 38,309개 달성 | 언급량: 38,309개 | 트렌딩 점수: 88.6점",family:0.7;couple:1.0;single:0.7;#동물체험;연수구;인스타1만DB
825,11,[인스타 1만 DB] #골목투어 - 동대문구 드림 한옥거리 #233,2026-07-26,2026-10-24,https://www.instagram.com,"📸 서울특별시 동대문구에서 인스타 소셜 반응이 뜨거운 레트로노포골목 명소! 게시물 124,787개 달성 | 언급량: 124,787개 | 트렌딩 점수: 95.9점",family:0.6;couple:0.9;single:0.8;#골목투어;동대문구;인스타1만DB
826,28,[인스타 1만 DB] #바다여행 - 유성구 스타 수목원 #234,2026-07-26,2026-10-24,https://www.instagram.com,"📸 대전광역시 유성구에서 인스타 소셜 반응이 뜨거운 바다해변산책 명소! 게시물 731,378개 달성 | 언급량: 731,378개 | 트렌딩 점수: 93.6점",family:0.8;couple:1.0;single:0.7;#바다여행;유성구;인스타1만DB
827,28,[인스타 1만 DB] #키즈카페추천 - 북구 더현대 노포야장 #235,2026-07-26,2026-10-24,https://www.instagram.com,"📸 광주광역시 북구에서 인스타 소셜 반응이 뜨거운 키즈체험파크 명소! 게시물 89,884개 달성 | 언급량: 89,884개 | 트렌딩 점수: 95.9점",family:0.7;couple:0.9;single:0.8;#키즈카페추천;북구;인스타1만DB
828,28,[인스타 1만 DB] #물놀이장소 - 밀양시 스퀘어 미디어아트전 #236,2026-07-26,2026-10-24,https://www.instagram.com,"📸 경상남도 밀양시에서 인스타 소셜 반응이 뜨거운 계곡물놀이축제 명소! 게시물 291,172개 달성 | 언급량: 291,172개 | 트렌딩 점수: 89.1점",family:0.7;couple:0.7;single:0.7;#물놀이장소;밀양시;인스타1만DB
829,28,[인스타 1만 DB] #동물체험 - 세종시 힐링 산책데크 #237,2026-07-26,2026-10-24,https://www.instagram.com,"📸 세종특별자치시 세종시에서 인스타 소셜 반응이 뜨거운 동물원사파리 명소! 게시물 446,511개 달성 | 언급량: 446,511개 | 트렌딩 점수: 85.7점",family:0.9;couple:0.7;single:0.6;#동물체험;세종시;인스타1만DB
830,28,[인스타 1만 DB] #경기근교핫플 - 남동구 뷰티풀 키즈월드 #238,2026-07-26,2026-10-24,https://www.instagram.com,"📸 인천광역시 남동구에서 인스타 소셜 반응이 뜨거운 경기근교핫플 명소! 게시물 229,877개 달성 | 언급량: 229,877개 | 트렌딩 점수: 87.2점",family:0.6;couple:1.0;single:0.7;#경기근교핫플;남동구;인스타1만DB
831,28,[인스타 1만 DB] #캠핑스타그램 - 산청군 중앙 한옥거리 #239,2026-07-26,2026-10-24,https://www.instagram.com,"📸 경상남도 산청군에서 인스타 소셜 반응이 뜨거운 숲속캠핑카라반 명소! 게시물 59,168개 달성 | 언급량: 59,168개 | 트렌딩 점수: 93.3점",family:1.0;couple:0.7;single:0.9;#캠핑스타그램;산청군;인스타1만DB
832,28,[인스타 1만 DB] #액티비티추천 - 성주군 감성 미디어아트전 #240,2026-07-26,2026-10-24,https://www.instagram.com,"📸 경상북도 성주군에서 인스타 소셜 반응이 뜨거운 루지액티비티 명소! 게시물 345,607개 달성 | 언급량: 345,607개 | 트렌딩 점수: 93.8점",family:0.6;couple:1.0;single:0.7;#액티비티추천;성주군;인스타1만DB
833,28,[인스타 1만 DB] #성수동핫플 - 홍천군 스퀘어 키즈월드 #241,2026-07-26,2026-10-24,https://www.instagram.com,"📸 강원특별자치도 홍천군에서 인스타 소셜 반응이 뜨거운 핫플카페거리 명소! 게시물 1,061,224개 달성 | 언급량: 1,061,224개 | 트렌딩 점수: 98.9점",family:1.0;couple:0.7;single:0.7;#성수동핫플;홍천군;인스타1만DB
834,28,[인스타 1만 DB] #바다여행 - 함양군 블루 산책데크 #242,2026-07-26,2026-10-24,https://www.instagram.com,"📸 경상남도 함양군에서 인스타 소셜 반응이 뜨거운 바다해변산책 명소! 게시물 956,688개 달성 | 언급량: 956,688개 | 트렌딩 점수: 91.7점",family:0.8;couple:0.8;single:0.8;#바다여행;함양군;인스타1만DB
835,28,[인스타 1만 DB] #물놀이장소 - 양구군 가든 팝업존 #243,2026-07-26,2026-10-24,https://www.instagram.com,"📸 강원특별자치도 양구군에서 인스타 소셜 반응이 뜨거운 계곡물놀이축제 명소! 게시물 411,725개 달성 | 언급량: 411,725개 | 트렌딩 점수: 98.1점",family:0.7;couple:0.8;single:0.8;#물놀이장소;양구군;인스타1만DB
836,28,[인스타 1만 DB] #주말팝업스토어 - 달서구 뷰티풀 한옥거리 #244,2026-07-26,2026-10-24,https://www.instagram.com,"📸 대구광역시 달서구에서 인스타 소셜 반응이 뜨거운 주말팝업스토어 명소! 게시물 1,164,334개 달성 | 언급량: 1,164,334개 | 트렌딩 점수: 98.9점",family:0.7;couple:0.9;single:0.7;#주말팝업스토어;달서구;인스타1만DB
837,28,[인스타 1만 DB] #골목투어 - 남구 테라스 문화공간 #245,2026-07-26,2026-10-24,https://www.instagram.com,"📸 광주광역시 남구에서 인스타 소셜 반응이 뜨거운 레트로노포골목 명소! 게시물 471,925개 달성 | 언급량: 471,925개 | 트렌딩 점수: 87.8점",family:0.7;couple:0.9;single:0.7;#골목투어;남구;인스타1만DB
838,28,[인스타 1만 DB] #아이와가볼만한곳 - 거제시 블루 산책데크 #246,2026-07-26,2026-10-24,https://www.instagram.com,"📸 경상남도 거제시에서 인스타 소셜 반응이 뜨거운 아이와가볼만한곳 명소! 게시물 842,221개 달성 | 언급량: 842,221개 | 트렌딩 점수: 93.3점",family:0.6;couple:0.9;single:0.8;#아이와가볼만한곳;거제시;인스타1만DB
839,28,[인스타 1만 DB] #서울주말데이트 - 세종시 테라스 풀빌라 #247,2026-07-26,2026-10-24,https://www.instagram.com,"📸 세종특별자치시 세종시에서 인스타 소셜 반응이 뜨거운 서울주말데이트 명소! 게시물 124,635개 달성 | 언급량: 124,635개 | 트렌딩 점수: 89.6점",family:0.9;couple:1.0;single:0.7;#서울주말데이트;세종시;인스타1만DB
840,28,[인스타 1만 DB] #주말가족나들이 - 정선군 뷰티풀 피크닉존 #248,2026-07-26,2026-10-24,https://www.instagram.com,"📸 강원특별자치도 정선군에서 인스타 소셜 반응이 뜨거운 주말가족나들이 명소! 게시물 885,519개 달성 | 언급량: 885,519개 | 트렌딩 점수: 92.5점",family:0.6;couple:0.9;single:0.8;#주말가족나들이;정선군;인스타1만DB
841,28,[인스타 1만 DB] #주말가족나들이 - 순창군 그린 노포야장 #249,2026-07-26,2026-10-24,https://www.instagram.com,"📸 전북특별자치도 순창군에서 인스타 소셜 반응이 뜨거운 주말가족나들이 명소! 게시물 499,194개 달성 | 언급량: 499,194개 | 트렌딩 점수: 96.2점",family:0.7;couple:0.9;single:0.9;#주말가족나들이;순창군;인스타1만DB
842,28,[인스타 1만 DB] #캠핑스타그램 - 동래구 아뜰리에 키즈월드 #250,2026-07-26,2026-10-24,https://www.instagram.com,"📸 부산광역시 동래구에서 인스타 소셜 반응이 뜨거운 숲속캠핑카라반 명소! 게시물 914,683개 달성 | 언급량: 914,683개 | 트렌딩 점수: 86.6점",family:0.7;couple:0.8;single:0.8;#캠핑스타그램;동래구;인스타1만DB
843,28,[인스타 1만 DB] #성수동핫플 - 성남시 중앙 팝업존 #251,2026-07-26,2026-10-24,https://www.instagram.com,"📸 경기도 성남시에서 인스타 소셜 반응이 뜨거운 핫플카페거리 명소! 게시물 383,395개 달성 | 언급량: 383,395개 | 트렌딩 점수: 90.8점",family:0.7;couple:0.9;single:0.7;#성수동핫플;성남시;인스타1만DB
844,28,[인스타 1만 DB] #바다여행 - 북구 가든 갤러리 #252,2026-07-26,2026-10-24,https://www.instagram.com,"📸 울산광역시 북구에서 인스타 소셜 반응이 뜨거운 바다해변산책 명소! 게시물 167,126개 달성 | 언급량: 167,126개 | 트렌딩 점수: 93.8점",family:0.8;couple:0.8;single:0.7;#바다여행;북구;인스타1만DB
845,28,[인스타 1만 DB] #핫플맛집 - 고성군 힐링 문화공간 #253,2026-07-26,2026-10-24,https://www.instagram.com,"📸 강원특별자치도 고성군에서 인스타 소셜 반응이 뜨거운 인스타핫플맛집 명소! 게시물 1,002,299개 달성 | 언급량: 1,002,299개 | 트렌딩 점수: 95.2점",family:1.0;couple:0.8;single:0.8;#핫플맛집;고성군;인스타1만DB
846,28,[인스타 1만 DB] #전시회추천 - 보령시 아뜰리에 체험파크 #254,2026-07-26,2026-10-24,https://www.instagram.com,"📸 충청남도 보령시에서 인스타 소셜 반응이 뜨거운 미술관전시회 명소! 게시물 109,316개 달성 | 언급량: 109,316개 | 트렌딩 점수: 91.6점",family:1.0;couple:0.9;single:0.8;#전시회추천;보령시;인스타1만DB
847,28,[인스타 1만 DB] #동물체험 - 성동구 뷰티풀 한옥거리 #255,2026-07-26,2026-10-24,https://www.instagram.com,"📸 서울특별시 성동구에서 인스타 소셜 반응이 뜨거운 동물원사파리 명소! 게시물 739,483개 달성 | 언급량: 739,483개 | 트렌딩 점수: 99.4점",family:0.7;couple:0.9;single:0.9;#동물체험;성동구;인스타1만DB
848,28,[인스타 1만 DB] #아이와가볼만한곳 - 남원시 중앙 글램핑장 #256,2026-07-26,2026-10-24,https://www.instagram.com,"📸 전북특별자치도 남원시에서 인스타 소셜 반응이 뜨거운 아이와가볼만한곳 명소! 게시물 365,438개 달성 | 언급량: 365,438개 | 트렌딩 점수: 93.4점",family:0.6;couple:0.8;single:0.7;#아이와가볼만한곳;남원시;인스타1만DB
849,28,[인스타 1만 DB] #주말가족나들이 - 수성구 아뜰리에 피크닉존 #257,2026-07-26,2026-10-24,https://www.instagram.com,"📸 대구광역시 수성구에서 인스타 소셜 반응이 뜨거운 주말가족나들이 명소! 게시물 1,261,424개 달성 | 언급량: 1,261,424개 | 트렌딩 점수: 85.7점",family:0.8;couple:0.9;single:0.9;#주말가족나들이;수성구;인스타1만DB
850,28,[인스타 1만 DB] #야경스타그램 - 동구 테라스 키즈월드 #258,2026-07-26,2026-10-24,https://www.instagram.com,"📸 대구광역시 동구에서 인스타 소셜 반응이 뜨거운 감성야경명소 명소! 게시물 107,927개 달성 | 언급량: 107,927개 | 트렌딩 점수: 99.2점",family:0.8;couple:0.9;single:0.8;#야경스타그램;동구;인스타1만DB
851,28,[인스타 1만 DB] #아기랑가평 - 철원군 중앙 해변카페 #259,2026-07-26,2026-10-24,https://www.instagram.com,"📸 강원특별자치도 철원군에서 인스타 소셜 반응이 뜨거운 아기랑풀빌라 명소! 게시물 393,190개 달성 | 언급량: 393,190개 | 트렌딩 점수: 93.4점",family:0.6;couple:0.8;single:0.8;#아기랑가평;철원군;인스타1만DB
852,28,[인스타 1만 DB] #수목원데이트 - 울주군 테라스 야경전망대 #260,2026-07-26,2026-10-24,https://www.instagram.com,"📸 울산광역시 울주군에서 인스타 소셜 반응이 뜨거운 식물원수목원 명소! 게시물 724,041개 달성 | 언급량: 724,041개 | 트렌딩 점수: 88.9점",family:0.9;couple:0.7;single:0.8;#수목원데이트;울주군;인스타1만DB
853,28,[인스타 1만 DB] #키즈카페추천 - 순창군 중앙 수목원 #261,2026-07-26,2026-10-24,https://www.instagram.com,"📸 전북특별자치도 순창군에서 인스타 소셜 반응이 뜨거운 키즈체험파크 명소! 게시물 360,146개 달성 | 언급량: 360,146개 | 트렌딩 점수: 90.1점",family:0.6;couple:0.8;single:0.7;#키즈카페추천;순창군;인스타1만DB
854,28,[인스타 1만 DB] #액티비티추천 - 동구 스퀘어 한옥거리 #262,2026-07-26,2026-10-24,https://www.instagram.com,"📸 광주광역시 동구에서 인스타 소셜 반응이 뜨거운 루지액티비티 명소! 게시물 106,718개 달성 | 언급량: 106,718개 | 트렌딩 점수: 87.9점",family:0.7;couple:0.7;single:0.7;#액티비티추천;동구;인스타1만DB
855,28,[인스타 1만 DB] #동물체험 - 계양구 감성 키즈월드 #263,2026-07-26,2026-10-24,https://www.instagram.com,"📸 인천광역시 계양구에서 인스타 소셜 반응이 뜨거운 동물원사파리 명소! 게시물 822,919개 달성 | 언급량: 822,919개 | 트렌딩 점수: 98.7점",family:0.6;couple:0.9;single:0.7;#동물체험;계양구;인스타1만DB
856,28,[인스타 1만 DB] #아이와가볼만한곳 - 공주시 에스 피크닉존 #264,2026-07-26,2026-10-24,https://www.instagram.com,"📸 충청남도 공주시에서 인스타 소셜 반응이 뜨거운 아이와가볼만한곳 명소! 게시물 132,359개 달성 | 언급량: 132,359개 | 트렌딩 점수: 98.6점",family:0.9;couple:0.8;single:0.8;#아이와가볼만한곳;공주시;인스타1만DB
857,28,[인스타 1만 DB] #주말팝업스토어 - 영천시 포레스트 글램핑장 #265,2026-07-26,2026-10-24,https://www.instagram.com,"📸 경상북도 영천시에서 인스타 소셜 반응이 뜨거운 주말팝업스토어 명소! 게시물 107,033개 달성 | 언급량: 107,033개 | 트렌딩 점수: 97.8점",family:0.8;couple:0.9;single:0.9;#주말팝업스토어;영천시;인스타1만DB
858,28,[인스타 1만 DB] #물놀이장소 - 동구 블루 갤러리 #266,2026-07-26,2026-10-24,https://www.instagram.com,"📸 울산광역시 동구에서 인스타 소셜 반응이 뜨거운 계곡물놀이축제 명소! 게시물 1,152,955개 달성 | 언급량: 1,152,955개 | 트렌딩 점수: 85.5점",family:0.6;couple:0.9;single:0.6;#물놀이장소;동구;인스타1만DB
859,28,[인스타 1만 DB] #주말팝업스토어 - 중구 오션 문화공간 #267,2026-07-26,2026-10-24,https://www.instagram.com,"📸 대전광역시 중구에서 인스타 소셜 반응이 뜨거운 주말팝업스토어 명소! 게시물 140,467개 달성 | 언급량: 140,467개 | 트렌딩 점수: 90.5점",family:0.7;couple:1.0;single:0.9;#주말팝업스토어;중구;인스타1만DB
860,28,[인스타 1만 DB] #경기근교핫플 - 동구 더현대 갤러리 #268,2026-07-26,2026-10-24,https://www.instagram.com,"📸 부산광역시 동구에서 인스타 소셜 반응이 뜨거운 경기근교핫플 명소! 게시물 913,711개 달성 | 언급량: 913,711개 | 트렌딩 점수: 98.0점",family:1.0;couple:0.9;single:0.8;#경기근교핫플;동구;인스타1만DB
861,28,[인스타 1만 DB] #핫플맛집 - 천안시 아뜰리에 미디어아트전 #269,2026-07-26,2026-10-24,https://www.instagram.com,"📸 충청남도 천안시에서 인스타 소셜 반응이 뜨거운 인스타핫플맛집 명소! 게시물 437,602개 달성 | 언급량: 437,602개 | 트렌딩 점수: 90.9점",family:0.8;couple:0.7;single:0.8;#핫플맛집;천안시;인스타1만DB
862,28,[인스타 1만 DB] #주말가족나들이 - 곡성군 스퀘어 해변카페 #270,2026-07-26,2026-10-24,https://www.instagram.com,"📸 전라남도 곡성군에서 인스타 소셜 반응이 뜨거운 주말가족나들이 명소! 게시물 48,319개 달성 | 언급량: 48,319개 | 트렌딩 점수: 99.6점",family:1.0;couple:0.7;single:0.9;#주말가족나들이;곡성군;인스타1만DB
863,28,[인스타 1만 DB] #바다여행 - 구리시 파크 한옥거리 #271,2026-07-26,2026-10-24,https://www.instagram.com,"📸 경기도 구리시에서 인스타 소셜 반응이 뜨거운 바다해변산책 명소! 게시물 256,278개 달성 | 언급량: 256,278개 | 트렌딩 점수: 97.4점",family:0.9;couple:1.0;single:0.9;#바다여행;구리시;인스타1만DB
864,28,[인스타 1만 DB] #동물체험 - 세종시 중앙 키즈월드 #272,2026-07-26,2026-10-24,https://www.instagram.com,"📸 세종특별자치시 세종시에서 인스타 소셜 반응이 뜨거운 동물원사파리 명소! 게시물 59,552개 달성 | 언급량: 59,552개 | 트렌딩 점수: 95.0점",family:0.9;couple:0.7;single:0.7;#동물체험;세종시;인스타1만DB
865,28,[인스타 1만 DB] #성수동핫플 - 북구 중앙 한옥거리 #273,2026-07-26,2026-10-24,https://www.instagram.com,"📸 울산광역시 북구에서 인스타 소셜 반응이 뜨거운 핫플카페거리 명소! 게시물 760,368개 달성 | 언급량: 760,368개 | 트렌딩 점수: 87.0점",family:0.8;couple:0.8;single:0.8;#성수동핫플;북구;인스타1만DB
866,28,[인스타 1만 DB] #핫플맛집 - 동해시 파크 풀빌라 #274,2026-07-26,2026-10-24,https://www.instagram.com,"📸 강원특별자치도 동해시에서 인스타 소셜 반응이 뜨거운 인스타핫플맛집 명소! 게시물 107,449개 달성 | 언급량: 107,449개 | 트렌딩 점수: 87.5점",family:1.0;couple:0.9;single:0.9;#핫플맛집;동해시;인스타1만DB
867,28,[인스타 1만 DB] #골목투어 - 세종시 스타 해변카페 #275,2026-07-26,2026-10-24,https://www.instagram.com,"📸 세종특별자치시 세종시에서 인스타 소셜 반응이 뜨거운 레트로노포골목 명소! 게시물 409,528개 달성 | 언급량: 409,528개 | 트렌딩 점수: 97.7점",family:0.7;couple:0.8;single:0.6;#골목투어;세종시;인스타1만DB
868,28,[인스타 1만 DB] #액티비티추천 - 부천시 블루 풀빌라 #276,2026-07-26,2026-10-24,https://www.instagram.com,"📸 경기도 부천시에서 인스타 소셜 반응이 뜨거운 루지액티비티 명소! 게시물 611,088개 달성 | 언급량: 611,088개 | 트렌딩 점수: 87.4점",family:0.6;couple:0.8;single:0.6;#액티비티추천;부천시;인스타1만DB
869,28,[인스타 1만 DB] #골목투어 - 세종시 테라스 수목원 #277,2026-07-26,2026-10-24,https://www.instagram.com,"📸 세종특별자치시 세종시에서 인스타 소셜 반응이 뜨거운 레트로노포골목 명소! 게시물 232,701개 달성 | 언급량: 232,701개 | 트렌딩 점수: 99.0점",family:0.8;couple:0.9;single:0.9;#골목투어;세종시;인스타1만DB
870,28,[인스타 1만 DB] #액티비티추천 - 북구 스카이 해변카페 #278,2026-07-26,2026-10-24,https://www.instagram.com,"📸 광주광역시 북구에서 인스타 소셜 반응이 뜨거운 루지액티비티 명소! 게시물 270,070개 달성 | 언급량: 270,070개 | 트렌딩 점수: 97.5점",family:0.7;couple:0.7;single:0.9;#액티비티추천;북구;인스타1만DB
871,28,[인스타 1만 DB] #서울주말데이트 - 구미시 스타 디저트카페 #279,2026-07-26,2026-10-24,https://www.instagram.com,"📸 경상북도 구미시에서 인스타 소셜 반응이 뜨거운 서울주말데이트 명소! 게시물 251,413개 달성 | 언급량: 251,413개 | 트렌딩 점수: 92.5점",family:0.9;couple:0.9;single:0.7;#서울주말데이트;구미시;인스타1만DB
872,28,[인스타 1만 DB] #키즈카페추천 - 고양시 가든 노포야장 #280,2026-07-26,2026-10-24,https://www.instagram.com,"📸 경기도 고양시에서 인스타 소셜 반응이 뜨거운 키즈체험파크 명소! 게시물 399,694개 달성 | 언급량: 399,694개 | 트렌딩 점수: 97.9점",family:0.9;couple:0.7;single:0.9;#키즈카페추천;고양시;인스타1만DB
873,28,[인스타 1만 DB] #바다여행 - 동해시 로얄 산책데크 #281,2026-07-26,2026-10-24,https://www.instagram.com,"📸 강원특별자치도 동해시에서 인스타 소셜 반응이 뜨거운 바다해변산책 명소! 게시물 610,058개 달성 | 언급량: 610,058개 | 트렌딩 점수: 90.2점",family:0.9;couple:0.9;single:0.7;#바다여행;동해시;인스타1만DB
874,28,[인스타 1만 DB] #키즈카페추천 - 옹진군 테라스 팝업존 #282,2026-07-26,2026-10-24,https://www.instagram.com,"📸 인천광역시 옹진군에서 인스타 소셜 반응이 뜨거운 키즈체험파크 명소! 게시물 1,108,308개 달성 | 언급량: 1,108,308개 | 트렌딩 점수: 87.8점",family:0.9;couple:0.9;single:0.7;#키즈카페추천;옹진군;인스타1만DB
875,28,[인스타 1만 DB] #액티비티추천 - 구례군 블루 디저트카페 #283,2026-07-26,2026-10-24,https://www.instagram.com,"📸 전라남도 구례군에서 인스타 소셜 반응이 뜨거운 루지액티비티 명소! 게시물 229,193개 달성 | 언급량: 229,193개 | 트렌딩 점수: 85.0점",family:0.6;couple:0.9;single:0.7;#액티비티추천;구례군;인스타1만DB
876,28,[인스타 1만 DB] #액티비티추천 - 장수군 중앙 팝업존 #284,2026-07-26,2026-10-24,https://www.instagram.com,"📸 전북특별자치도 장수군에서 인스타 소셜 반응이 뜨거운 루지액티비티 명소! 게시물 628,523개 달성 | 언급량: 628,523개 | 트렌딩 점수: 85.5점",family:1.0;couple:0.9;single:0.8;#액티비티추천;장수군;인스타1만DB
877,28,[인스타 1만 DB] #캠핑스타그램 - 제주시 더현대 키즈월드 #285,2026-07-26,2026-10-24,https://www.instagram.com,"📸 제주특별자치도 제주시에서 인스타 소셜 반응이 뜨거운 숲속캠핑카라반 명소! 게시물 82,219개 달성 | 언급량: 82,219개 | 트렌딩 점수: 93.4점",family:0.9;couple:0.9;single:0.7;#캠핑스타그램;제주시;인스타1만DB
878,28,[인스타 1만 DB] #야경스타그램 - 성남시 블루 해변카페 #286,2026-07-26,2026-10-24,https://www.instagram.com,"📸 경기도 성남시에서 인스타 소셜 반응이 뜨거운 감성야경명소 명소! 게시물 1,120,796개 달성 | 언급량: 1,120,796개 | 트렌딩 점수: 87.3점",family:1.0;couple:0.8;single:0.8;#야경스타그램;성남시;인스타1만DB
879,28,[인스타 1만 DB] #서울주말데이트 - 함안군 아뜰리에 수목원 #287,2026-07-26,2026-10-24,https://www.instagram.com,"📸 경상남도 함안군에서 인스타 소셜 반응이 뜨거운 서울주말데이트 명소! 게시물 642,389개 달성 | 언급량: 642,389개 | 트렌딩 점수: 92.0점",family:0.8;couple:0.8;single:0.7;#서울주말데이트;함안군;인스타1만DB
880,28,[인스타 1만 DB] #경기근교핫플 - 북구 포레스트 팝업존 #288,2026-07-26,2026-10-24,https://www.instagram.com,"📸 광주광역시 북구에서 인스타 소셜 반응이 뜨거운 경기근교핫플 명소! 게시물 249,705개 달성 | 언급량: 249,705개 | 트렌딩 점수: 85.3점",family:0.9;couple:0.8;single:0.7;#경기근교핫플;북구;인스타1만DB
881,28,[인스타 1만 DB] #아이와가볼만한곳 - 중구 스타 글램핑장 #289,2026-07-26,2026-10-24,https://www.instagram.com,"📸 부산광역시 중구에서 인스타 소셜 반응이 뜨거운 아이와가볼만한곳 명소! 게시물 467,140개 달성 | 언급량: 467,140개 | 트렌딩 점수: 94.0점",family:1.0;couple:0.7;single:0.6;#아이와가볼만한곳;중구;인스타1만DB
882,28,[인스타 1만 DB] #서울주말데이트 - 진천군 스퀘어 풀빌라 #290,2026-07-26,2026-10-24,https://www.instagram.com,"📸 충청북도 진천군에서 인스타 소셜 반응이 뜨거운 서울주말데이트 명소! 게시물 290,968개 달성 | 언급량: 290,968개 | 트렌딩 점수: 95.9점",family:0.9;couple:0.9;single:0.7;#서울주말데이트;진천군;인스타1만DB
883,28,[인스타 1만 DB] #캠핑스타그램 - 평택시 중앙 미디어아트전 #291,2026-07-26,2026-10-24,https://www.instagram.com,"📸 경기도 평택시에서 인스타 소셜 반응이 뜨거운 숲속캠핑카라반 명소! 게시물 199,722개 달성 | 언급량: 199,722개 | 트렌딩 점수: 87.8점",family:0.7;couple:1.0;single:0.6;#캠핑스타그램;평택시;인스타1만DB
884,28,[인스타 1만 DB] #핫플맛집 - 증평군 에스 팝업존 #292,2026-07-26,2026-10-24,https://www.instagram.com,"📸 충청북도 증평군에서 인스타 소셜 반응이 뜨거운 인스타핫플맛집 명소! 게시물 1,192,674개 달성 | 언급량: 1,192,674개 | 트렌딩 점수: 92.7점",family:0.8;couple:0.9;single:0.7;#핫플맛집;증평군;인스타1만DB
885,28,[인스타 1만 DB] #서울주말데이트 - 남해군 감성 풀빌라 #293,2026-07-26,2026-10-24,https://www.instagram.com,"📸 경상남도 남해군에서 인스타 소셜 반응이 뜨거운 서울주말데이트 명소! 게시물 572,788개 달성 | 언급량: 572,788개 | 트렌딩 점수: 95.7점",family:0.9;couple:0.9;single:0.9;#서울주말데이트;남해군;인스타1만DB
886,28,[인스타 1만 DB] #액티비티추천 - 달성군 스카이 글램핑장 #294,2026-07-26,2026-10-24,https://www.instagram.com,"📸 대구광역시 달성군에서 인스타 소셜 반응이 뜨거운 루지액티비티 명소! 게시물 222,617개 달성 | 언급량: 222,617개 | 트렌딩 점수: 93.4점",family:0.8;couple:0.8;single:0.6;#액티비티추천;달성군;인스타1만DB
887,28,[인스타 1만 DB] #물놀이장소 - 하남시 중앙 키즈월드 #295,2026-07-26,2026-10-24,https://www.instagram.com,"📸 경기도 하남시에서 인스타 소셜 반응이 뜨거운 계곡물놀이축제 명소! 게시물 1,030,865개 달성 | 언급량: 1,030,865개 | 트렌딩 점수: 96.8점",family:1.0;couple:0.7;single:0.6;#물놀이장소;하남시;인스타1만DB
888,28,[인스타 1만 DB] #주말가족나들이 - 세종시 블루 글램핑장 #296,2026-07-26,2026-10-24,https://www.instagram.com,"📸 세종특별자치시 세종시에서 인스타 소셜 반응이 뜨거운 주말가족나들이 명소! 게시물 587,811개 달성 | 언급량: 587,811개 | 트렌딩 점수: 88.2점",family:0.7;couple:1.0;single:0.7;#주말가족나들이;세종시;인스타1만DB
889,28,[인스타 1만 DB] #골목투어 - 동구 스퀘어 노포야장 #297,2026-07-26,2026-10-24,https://www.instagram.com,"📸 광주광역시 동구에서 인스타 소셜 반응이 뜨거운 레트로노포골목 명소! 게시물 425,640개 달성 | 언급량: 425,640개 | 트렌딩 점수: 89.0점",family:0.9;couple:0.8;single:0.7;#골목투어;동구;인스타1만DB
890,28,[인스타 1만 DB] #서울주말데이트 - 대덕구 선셋 해변카페 #298,2026-07-26,2026-10-24,https://www.instagram.com,"📸 대전광역시 대덕구에서 인스타 소셜 반응이 뜨거운 서울주말데이트 명소! 게시물 585,193개 달성 | 언급량: 585,193개 | 트렌딩 점수: 95.9점",family:0.6;couple:0.9;single:0.9;#서울주말데이트;대덕구;인스타1만DB
891,28,[인스타 1만 DB] #키즈카페추천 - 하남시 스타 풀빌라 #299,2026-07-26,2026-10-24,https://www.instagram.com,"📸 경기도 하남시에서 인스타 소셜 반응이 뜨거운 키즈체험파크 명소! 게시물 334,946개 달성 | 언급량: 334,946개 | 트렌딩 점수: 98.0점",family:0.9;couple:0.9;single:0.7;#키즈카페추천;하남시;인스타1만DB
892,28,[인스타 1만 DB] #야경스타그램 - 중구 파크 미디어아트전 #300,2026-07-26,2026-10-24,https://www.instagram.com,"📸 대구광역시 중구에서 인스타 소셜 반응이 뜨거운 감성야경명소 명소! 게시물 617,469개 달성 | 언급량: 617,469개 | 트렌딩 점수: 90.4점",family:0.8;couple:0.7;single:0.7;#야경스타그램;중구;인스타1만DB
893,28,[공공키즈카페/실내놀이터] 서울형 키즈카페 동작구 상도3동점 (상도 맘스하트카페),2026-07-26,2026-09-24,http://icare.seoul.go.kr/kidscafe/sangdo,"🏛️ 서울시 공식 지정 공공 실내놀이터. 그물놀이기구와 친환경 목재 가구가 갖춰진 저렴한 공공 키즈카페 | 대상: 3세 ~ 7세 미취학 아동 | 이용료: 아동 3,000원 / 보호자 무료 (2시간 기준)",family:1.0;baby:1.0;father:1.0;서울형키즈카페;동작구;공공키즈카페
894,28,[공공키즈카페/실내놀이터] 서울형 키즈카페 성동구 금호 맘스하트카페,2026-07-26,2026-09-24,http://icare.seoul.go.kr/kidscafe/seongdong,"🏛️ 영유아 전용 볼풀장과 수유실, 아빠 피크닉 존이 갖춰진 성동구 공공 놀이공간 | 대상: 0세 ~ 5세 영유아 | 이용료: 무료 ~ 2,000원",family:1.0;baby:1.0;father:1.0;서울형키즈카페;성동구;무료놀이터
895,28,[공공키즈카페/실내놀이터] 서울형 키즈카페 종로구 혜화 아동체험관,2026-07-26,2026-09-24,http://data.seoul.go.kr/openpage/kidscafe/jongno,"🏛️ 대학로 인근에 위치한 예술 체험형 서울형 키즈카페. 미디어아트 샌드아트 체험존 운용 | 대상: 4세 ~ 9세 어린이 | 이용료: 아동 3,000원",family:1.0;baby:1.0;father:0.9;서울형키즈카페;종로구;미디어아트
896,28,[공공키즈카페/실내놀이터] 경기도 수원시 장안구 아이러브맘카페 (공공 키즈놀이터),2026-07-26,2026-09-24,http://gyeonggi.childcare.go.kr/suwon/ilove,🏛️ 수원시 육아종합지원센터에서 직영하는 영유아 실내 놀이 공간 및 부모 쉼터 | 대상: 0세 ~ 7세 영유아 | 이용료: 수원시민 무료,family:1.0;baby:1.0;father:1.0;아이러브맘카페;수원시;무료키즈카페
897,28,[공공키즈카페/실내놀이터] 경기도 고양시 덕양구 아이러브맘카페 화정점,2026-07-26,2026-09-24,http://gyeonggi.childcare.go.kr/goyang/hwajeong,🏛️ 고양시 육아센터 운영. 영유아 소근육 발달 장난감과 미끄럼틀이 갖춰진 공공 실내놀이방 | 대상: 0세 ~ 6세 영유아 | 이용료: 무료 (사전예약제),family:1.0;baby:1.0;father:1.0;고양시;아이러브맘카페;공공놀이방
898,28,[장난감도서관/대여소] 서울시 녹색장난감도서관 (을지로입구역 지하 1층),2026-07-26,2026-09-24,http://seoul.childcare.go.kr/toy/green,"🏛️ 서울시 공식 대형 장난감도서관. 승용장난감, 미끄럼틀, 블록 등 3,000여 종 무료 대여 | 대상: 0세 ~ 7세 아동 부모 | 이용료: 연회비 10,000원 (회당 장난감 2점 대여 무료)",family:1.0;baby:1.0;father:1.0;녹색장난감도서관;서울시;장난감대여
899,28,[장난감도서관/대여소] 서울 마포구 장난감도서관 (상암 맘스하트),2026-07-26,2026-09-24,http://seoul.childcare.go.kr/mapo/toy,🏛️ 소독된 발달단계별 맞춤 원목 장난감 및 대형 바운서 택배 배송 서비스 제공 | 대상: 0세 ~ 5세 영유아 | 이용료: 마포구민 무료 대여,family:1.0;baby:1.0;father:1.0;마포구;장난감도서관;원목장난감
900,28,[장난감도서관/대여소] 경기도 성남시 복정동 장난감도서관 & 무인 대여함,2026-07-26,2026-09-24,http://gyeonggi.childcare.go.kr/seongnam/toy,"🏛️ 성남시 육아종합지원센터 운영. 주말 24시간 무인 반납함 운용 및 드라이브스루 수령 서비스 | 대상: 0세 ~ 7세 영유아 | 이용료: 연회비 10,000원",family:1.0;baby:1.0;father:1.0;성남시;장난감도서관;드라이브스루
901,28,[장난감도서관/대여소] 중앙육아종합지원센터 전국 공공 장난감도서관 통합검색,2026-07-26,2026-09-24,http://central.childcare.go.kr/toy/search,🏛️ 전국 300여 개 지자체 공공 장난감도서관 재고 및 예약 서비스를 통합 안내 | 대상: 전국 영유아 부모 | 이용료: 지자체별 회원 무료,family:1.0;baby:1.0;father:1.0;중앙육아센터;전국장난감도서관
902,28,[체험행사/아빠프로그램] 서울시 몽땅정보몽땅 '주말 프렌디대디 아빠와 함께하는 오감놀이 교실',2026-07-26,2026-09-24,http://icare.seoul.go.kr/program/daddy_play,🏛️ 아빠와 아기가 신체 표현 놀이 및 황토 흙 만지기 오감발달을 함께하는 토요일 인기 클래스 | 대상: 24개월 ~ 48개월 영유아 + 아빠 | 이용료: 무료 (선착순 접수),family:1.0;baby:1.0;father:1.0;프렌디대디;아빠육아;오감놀이
903,28,[체험행사/아빠프로그램] 서울시 아이해피 주말 아동 미술 퍼포먼스 '신나는 물감 팡팡',2026-07-26,2026-09-24,http://iseoul.seoul.go.kr/culture/art_play,"🏛️ 벽면에 대형 도화지를 펼치고 아빠와 함께 친환경 물감을 뿌리며 노는 감성 미술 퍼포먼스 | 대상: 3세 ~ 6세 영유아 | 이용료: 가구당 5,000원",family:1.0;baby:1.0;father:1.0;아이해피;미술퍼포먼스;주말체험
904,28,[체험행사/아빠프로그램] 경기도 육아종합지원센터 영유아 생태 체험 '아빠랑 숲속 곤충 탐험대',2026-07-26,2026-09-24,http://gyeonggi.childcare.go.kr/program/forest_expedition,🏛️ 숲해설가와 함께 숲길을 걸으며 장수풍뎅이와 나비를 관찰하는 아빠 맞춤 주말 야외 프로그램 | 대상: 4세 ~ 7세 유아 + 아빠 | 이용료: 무료,family:1.0;baby:1.0;father:1.0;경기도육아센터;숲체험;아빠와함께
905,28,[부모교육/아빠특강] 임신육아종합포털 아이사랑 '초보 아빠를 위한 육아의 정석 꿀팁 온·오프라인 특강',2026-07-26,2026-09-24,http://www.childcare.go.kr/edu/father_guide,"🏛️ 소아청소년과 전문의와 육아 전문가가 전하는 아기 목욕법, 떼쓰는 아기 대화법 아빠 특강 | 대상: 영유아 부모 (특히 초보 아빠) | 이용료: 무료",family:1.0;father:1.0;아이사랑;부모교육;아빠육아특강
906,28,[부모교육/아빠특강] 경기도청 공공 육아 '아빠육아달인 100단 아빠단 토크 콘서트',2026-07-26,2026-09-24,http://www.gg.go.kr/childcare/daddy_talk,🏛️ 경기도 아빠단 우수 육아 멘토들과 함께 육아 고충을 나누고 퀴즈쇼를 즐기는 토크 콘서트 | 대상: 경기도 거주 아빠 | 이용료: 무료,family:1.0;father:1.0;경기도청;아빠단;토크콘서트
