source,category,product_id,title,venue,start_date,end_date,target_age,price_info,booking_url,image_url,ai_tags,crawled_at
티켓링크,전시,65037,2026-2027 HL안양 선예매권,안양 종합운동장 실내빙상장 안양 실내빙상장,2026-08-31,2027-05-30,전체 관람가 (전 연령),"30,000원",https://www.ticketlink.co.kr/product/65037,http://image.toast.com/aaaaab/ticketlink/TKL_8/AnyangHallanew(1).png,family:0.8;couple:1.0;single:0.9;exhibition:1.0;티켓링크;전시;경기,2026-08-22 23:33:05
티켓링크,전시,64519,"인상파, 찬란한 순간들: 모네, 르누아르, 고흐 그리고 세잔","국립아시아문화전당 국립아시아문화전당 문화창조원 복합전시 6,7관",2026-09-22,2027-02-20,전체 관람가 (전 연령),"6,500원",https://www.ticketlink.co.kr/product/64519,http://image.toast.com/aaaaab/ticketlink/TKL_5/인상파_티켓링크_720x889.jpg,family:0.8;couple:1.0;single:0.9;exhibition:1.0;티켓링크;전시;광주,2026-08-22 23:33:05
티켓링크,공연,63516,최현우 30주년 기념 공연 - LEGACY,올림픽공원 올림픽공원 우리금융아트홀,2026-11-27,2027-01-02,전체 관람가,"77,000원 ~ 110,000원",https://www.ticketlink.co.kr/product/63516,http://image.toast.com/aaaaab/ticketlink/TKL_4/leg_main_0609.jpg,family:0.3;couple:1.0;single:0.9;티켓링크;공연;서울,2026-08-22 23:33:05
티켓링크,공연,64292,2026 부활 연말 콘서트 < Where Is Here >,마포아트센터 마포아트센터 아트홀 맥,2026-12-30,2026-12-30,8세 이상 (전체/초등 이상),"108,900원 ~ 143,000원",https://www.ticketlink.co.kr/product/64292,http://image.toast.com/aaaaab/ticketlink/TKL_5/main0708-1840.jpg,family:0.3;couple:1.0;single:0.9;티켓링크;공연;서울,2026-08-22 23:33:05
티켓링크,전시,61398,공예체험 원데이 체험 입장권,한국공예체험박물관 한국공예체험박물관,2026-02-02,2026-12-30,전체 관람가 (전 연령),"15,000원",https://www.ticketlink.co.kr/product/61398,http://image.toast.com/aaaaab/ticketlink/TKL_6/원본설명서(박물관)(1).png,family:0.8;couple:1.0;single:0.9;exhibition:1.0;티켓링크;전시;경기,2026-08-22 23:33:05
티켓링크,전시,61244,2026 K리그1 김천상무 티켓북,김천종합운동장 김천종합운동장,2026-01-29,2026-12-30,전체 관람가 (전 연령),"150,000원",https://www.ticketlink.co.kr/product/61244,http://image.toast.com/aaaaab/ticketlink/TKL_6/김천_emblem_2024_2(1).png,family:0.8;couple:1.0;single:0.9;exhibition:1.0;티켓링크;전시;경북,2026-08-22 23:33:05
티켓링크,전시,60539,서대문형무소,서대문형무소 서대문형무소,2025-12-18,2026-12-30,전체 관람가 (전 연령),"25,900원",https://www.ticketlink.co.kr/product/60539,http://image.toast.com/aaaaab/ticketlink/TKL_4/west_pst1212.jpg,family:0.8;couple:1.0;single:0.9;exhibition:1.0;티켓링크;전시;서울,2026-08-22 23:33:05
티켓링크,공연,63276,베이시스트 이기욱 리사이틀 - 대구,수성아트피아 수성아트피아 소극장,2026-12-29,2026-12-29,전체 관람가,"10,000원",https://www.ticketlink.co.kr/product/63276,http://image.toast.com/aaaaab/ticketlink/TKL_10/Lkiwook_pst0515.jpg,family:0.3;couple:1.0;single:0.9;티켓링크;공연;대구,2026-08-22 23:33:05
티켓링크,가족/어린이,63851,2026 가족뮤지컬 <겨울이야기> - 전주,전주학생교육문화관 전주학생교육문화회관,2026-12-26,2026-12-26,전체 관람가 (가족/어린이 동반),"50,000원",https://www.ticketlink.co.kr/product/63851,http://image.toast.com/aaaaab/ticketlink/TKL_9/w_pst0613.jpg,family:1.0;baby:1.0;toddler:1.0;가족어린이동반;티켓링크;공연;전북,2026-08-22 23:33:05
티켓링크,공연,63636,"일요음악회 <우리의 노래, 꿈으로 새긴 희망의 발자국> - 대구",수성아트피아 수성아트피아 소극장,2026-12-26,2026-12-26,전체 관람가,0원,https://www.ticketlink.co.kr/product/63636,http://image.toast.com/aaaaab/ticketlink/TKL_7/1227_main_0604.jpg,family:0.3;couple:1.0;single:0.9;티켓링크;공연;대구,2026-08-22 23:33:05
티켓링크,전시,64577,부산 스탠드업 코미디 <부산코미디클럽>,어댑터씨어터 1관 어댑터씨어터 1관,2026-07-23,2026-12-30,전체 관람가 (전 연령),"30,000원",https://www.ticketlink.co.kr/product/64577,http://image.toast.com/aaaaab/ticketlink/TKL_1/bs_stand_pst_0723.jpg,family:0.8;couple:1.0;single:0.9;exhibition:1.0;티켓링크;전시;부산,2026-08-22 23:33:05
티켓링크,전시,64540,[부산] 뮤지컬 웁스 : Oops,어댑터씨어터 1관 어댑터씨어터 1관,2026-07-24,2026-12-30,전체 관람가 (전 연령),"35,000원",https://www.ticketlink.co.kr/product/64540,http://image.toast.com/aaaaab/ticketlink/TKL_1/oo_main_0721.jpg,family:0.8;couple:1.0;single:0.9;exhibition:1.0;티켓링크;전시;부산,2026-08-22 23:33:05
티켓링크,전시,64537,[부산] WHO DONE IT: 후던잇,어댑터씨어터 1관 어댑터씨어터 1관,2026-07-28,2026-12-30,전체 관람가 (전 연령),"35,000원",https://www.ticketlink.co.kr/product/64537,http://image.toast.com/aaaaab/ticketlink/TKL_10/who_main_0721.jpg,family:0.8;couple:1.0;single:0.9;exhibition:1.0;티켓링크;전시;부산,2026-08-22 23:33:05
티켓링크,공연,64523,뮤지컬 <알사탕> - 서울숲,갤러리아포레 서울숲 씨어터 1관,2026-09-03,2026-12-30,8세 이상 관람가,"66,000원",https://www.ticketlink.co.kr/product/64523,http://image.toast.com/aaaaab/ticketlink/TKL_10/candy_pst_260721.jpg,family:0.3;couple:1.0;single:0.9;티켓링크;공연;서울,2026-08-22 23:33:05
티켓링크,공연,63625,뮤지컬 < AI세계에서 살아남기 > - 서울숲,서울숲 서울숲 씨어터 2관,2026-07-27,2026-12-30,8세 이상 관람가,"66,000원",https://www.ticketlink.co.kr/product/63625,http://image.toast.com/aaaaab/ticketlink/TKL_9/main0602(5).jpg,family:0.3;couple:1.0;single:0.9;티켓링크;공연;서울,2026-08-22 23:33:05
티켓링크,전시,63573,ATEEZ - 14TH MINI ALBUM [GOLDEN HOUR : Part.5] 합본 Ver.,티켓링크 해당 없음,2026-06-01,2026-12-30,전체 관람가 (전 연령),"55,800원",https://www.ticketlink.co.kr/product/63573,http://image.toast.com/aaaaab/ticketlink/TKL_9/ateez_main_all.jpg,family:0.8;couple:1.0;single:0.9;exhibition:1.0;티켓링크;전시;서울,2026-08-22 23:33:05
티켓링크,전시,63572,ATEEZ - 14TH MINI ALBUM [GOLDEN HOUR : Part.5] Z Ver.,티켓링크 해당 없음,2026-06-01,2026-12-30,전체 관람가 (전 연령),"18,600원",https://www.ticketlink.co.kr/product/63572,http://image.toast.com/aaaaab/ticketlink/TKL_8/ateez_main_z.jpg,family:0.8;couple:1.0;single:0.9;exhibition:1.0;티켓링크;전시;서울,2026-08-22 23:33:05
티켓링크,전시,63571,ATEEZ - 14TH MINI ALBUM [GOLDEN HOUR : Part.5] DIARY Ver.,티켓링크 해당 없음,2026-06-01,2026-12-30,전체 관람가 (전 연령),"18,600원",https://www.ticketlink.co.kr/product/63571,http://image.toast.com/aaaaab/ticketlink/TKL_4/ateez_main_d(1).jpg,family:0.8;couple:1.0;single:0.9;exhibition:1.0;티켓링크;전시;서울,2026-08-22 23:33:05
티켓링크,전시,64695,연극 <오! 럭키데이> - 부산,BNK부산은행조은극장 BNK부산은행조은극장 2관,2026-08-12,2027-01-02,전체 관람가 (전 연령),"40,000원",https://www.ticketlink.co.kr/product/64695,http://image.toast.com/aaaaab/ticketlink/TKL_1/main0730(2).jpg,family:0.8;couple:1.0;single:0.9;exhibition:1.0;티켓링크;전시;부산,2026-08-22 23:33:05
티켓링크,전시,64507,연극 <그때 변홍례> - 부산,어댑터씨어터 2관 어댑터씨어터 2관,2026-05-21,2026-12-30,전체 관람가 (전 연령),"35,000원",https://www.ticketlink.co.kr/product/64507,http://image.toast.com/aaaaab/ticketlink/TKL_7/bhr_pst0721.jpg,family:0.8;couple:1.0;single:0.9;exhibition:1.0;티켓링크;전시;부산,2026-08-22 23:33:05
티켓링크,가족/어린이,64247,가족뮤지컬 <호두까기인형> - 평택서부,평택서부문화예술회관 평택서부문화예술회관 대공연장,2026-12-25,2026-12-26,전체 관람가 (가족/어린이 동반),"50,000원 ~ 60,000원",https://www.ticketlink.co.kr/product/64247,http://image.toast.com/aaaaab/ticketlink/TKL_4/pt_pst0706.jpg,family:1.0;baby:1.0;toddler:1.0;가족어린이동반;티켓링크;공연;경기,2026-08-22 23:33:05
티켓링크,전시,64091,"KAWS: 카우스 개인전 <친구, 그리고 이웃>",스페이스K 서울 스페이스K 서울,2026-07-22,2026-12-26,전체 관람가 (전 연령),"3,000원",https://www.ticketlink.co.kr/product/64091,http://image.toast.com/aaaaab/ticketlink/TKL_6/kaws_main_720_0701.jpg,family:0.8;couple:1.0;single:0.9;exhibition:1.0;티켓링크;전시;서울,2026-08-22 23:33:05
티켓링크,전시,57112,국악공연 진연(進宴),진연홀 진연,2025-06-25,2026-12-30,전체 관람가 (전 연령),"65,000원",https://www.ticketlink.co.kr/product/57112,http://image.toast.com/aaaaab/ticketlink/TKL_9/jy_pst_0918.jpg,family:0.8;couple:1.0;single:0.9;exhibition:1.0;티켓링크;전시;서울,2026-08-22 23:33:05
티켓링크,가족/어린이,64245,가족뮤지컬 <빨간모자와 늑대> - 평택북부,평택북부문예회관 평택북부문화예술회관 대공연장,2026-12-25,2026-12-26,전체 관람가 (가족/어린이 동반),"60,000원",https://www.ticketlink.co.kr/product/64245,http://image.toast.com/aaaaab/ticketlink/TKL_3/pt_pst0706.jpg,family:1.0;baby:1.0;toddler:1.0;가족어린이동반;티켓링크;공연;경기,2026-08-22 23:33:05
티켓링크,공연,63785,국민연극 <라이어 3탄> 광주,5.18기념문화센터 5.18기념문화센터 민주홀,2026-12-21,2026-12-26,8세 이상 관람가,"49,000원",https://www.ticketlink.co.kr/product/63785,http://image.toast.com/aaaaab/ticketlink/TKL_4/l_pst0611.jpg,family:0.3;couple:1.0;single:0.9;티켓링크;공연;광주,2026-08-22 23:33:05
티켓링크,공연,59996,"부천필하모닉오케스트라 제342회 정기연주회 - 베토벤, 합창",부천아트센터 부천아트센터 콘서트홀,2026-12-22,2026-12-23,전체 관람가,"10,000원 ~ 30,000원",https://www.ticketlink.co.kr/product/59996,http://image.toast.com/aaaaab/ticketlink/TKL_3/phil_pst_1125(1).jpg,family:0.3;couple:1.0;single:0.9;티켓링크;공연;경기,2026-08-22 23:33:05
티켓링크,전시,61076,마티네시리즈 <12월 겨울나그네>,수성아트피아 수성아트피아 대극장 (무대 위),2026-12-16,2026-12-16,전체 관람가 (전 연령),"30,000원",https://www.ticketlink.co.kr/product/61076,http://image.toast.com/aaaaab/ticketlink/TKL_8/12_main0129.jpg,family:0.8;couple:1.0;single:0.9;exhibition:1.0;티켓링크;전시;대구,2026-08-22 23:33:05
티켓링크,가족/어린이,63957,"2026 가족뮤지컬 <엄마까투리 - 유치원도, 도시도 처음이야> - 부천",부천시민회관 부천시민회관 대공연장,2026-12-11,2026-12-12,전체 관람가 (가족/어린이 동반),"66,000원",https://www.ticketlink.co.kr/product/63957,http://image.toast.com/aaaaab/ticketlink/TKL_3/dosi_pst0618.jpg,family:1.0;baby:1.0;toddler:1.0;가족어린이동반;티켓링크;공연;경기,2026-08-22 23:33:05
티켓링크,전시,63570,ATEEZ - 14TH MINI ALBUM [GOLDEN HOUR : Part.5] A Ver.,티켓링크 해당 없음,2026-06-01,2026-12-30,전체 관람가 (전 연령),"18,600원",https://www.ticketlink.co.kr/product/63570,http://image.toast.com/aaaaab/ticketlink/TKL_5/ateez_main_a.jpg,family:0.8;couple:1.0;single:0.9;exhibition:1.0;티켓링크;전시;서울,2026-08-22 23:33:05
티켓링크,공연,65063,바다탐험대 옥토넛 시즌4 : 숨겨진 보물을 찾아라! - 의정부,의정부 예술의전당 의정부 예술의전당 대극장,2026-12-24,2026-12-24,전체 관람가,"70,000원",https://www.ticketlink.co.kr/product/65063,http://image.toast.com/aaaaab/ticketlink/TKL_10/o_ui_0819.jpg,family:0.3;couple:1.0;single:0.9;티켓링크;공연;경기,2026-08-22 23:33:05
티켓링크,공연,53402,지브리와 사랑에 빠지다 : 지브리 영화음악 콘서트 2026 - 대구,스테이지 M 스테이지 M(스테이지엠),2025-01-04,2026-12-25,8세 이상 (전체/초등 이상),"33,000원",https://www.ticketlink.co.kr/product/53402,http://image.toast.com/aaaaab/ticketlink/TKL_2/main1122(3).jpg,family:0.3;couple:1.0;single:0.9;티켓링크;공연;대구,2026-08-22 23:33:05
티켓링크,공연,58396,스테이지엠 크리스마스 영화 음악 & 캐롤 콘서트 2026 - 대구 스테이지엠,스테이지 M 스테이지 M(스테이지엠),2025-12-12,2026-12-24,8세 이상 (전체/초등 이상),"35,000원",https://www.ticketlink.co.kr/product/58396,http://image.toast.com/aaaaab/ticketlink/TKL_4/XMAS_POSTER_0822.jpg,family:0.3;couple:1.0;single:0.9;티켓링크;공연;대구,2026-08-22 23:33:05
티켓링크,가족/어린이,63916,"2026 가족뮤지컬 <엄마까투리 - 유치원도, 도시도 처음이야> - 전주",전주학생교육문화관 전주학생교육문화회관,2026-12-24,2026-12-25,전체 관람가 (가족/어린이 동반),"66,000원",https://www.ticketlink.co.kr/product/63916,http://image.toast.com/aaaaab/ticketlink/TKL_6/jj_pst_0616.jpg,family:1.0;baby:1.0;toddler:1.0;가족어린이동반;티켓링크;공연;전북,2026-08-22 23:33:05
티켓링크,가족/어린이,64902,(2026년성탄가족 뮤지컬) 빨간코 루돌프와산타클로스 - 전주,전주 덕진예술회관 전주 덕진예술회관,2026-12-19,2026-12-19,전체 관람가 (가족/어린이 동반),"30,000원",https://www.ticketlink.co.kr/product/64902,http://image.toast.com/aaaaab/ticketlink/TKL_4/jeonju_pst0811.jpg,family:1.0;baby:1.0;toddler:1.0;가족어린이동반;티켓링크;공연;전북,2026-08-22 23:33:05
티켓링크,가족/어린이,64744,"2026 가족뮤지컬 <엄마까투리 - 유치원도, 도시도 처음이야> - 평택",평택서부문화예술회관 평택서부문화예술회관 대공연장,2026-12-18,2026-12-19,전체 관람가 (가족/어린이 동반),"66,000원",https://www.ticketlink.co.kr/product/64744,http://image.toast.com/aaaaab/ticketlink/TKL_4/pst_0803.jpg,family:1.0;baby:1.0;toddler:1.0;가족어린이동반;티켓링크;공연;경기,2026-08-22 23:33:05
티켓링크,가족/어린이,64990,-크리스마스특집- 가족뮤지컬 리얼공룡쇼<다이노> - 익산,솜리문화예술회관 솜리문화예술회관 중공연장,2026-12-18,2026-12-18,전체 관람가 (가족/어린이 동반),"50,000원",https://www.ticketlink.co.kr/product/64990,http://image.toast.com/aaaaab/ticketlink/TKL_6/iksan_pst0814.jpg,family:1.0;baby:1.0;toddler:1.0;가족어린이동반;티켓링크;공연;전북,2026-08-22 23:33:05
티켓링크,공연,60020,"부천시립합창단 제180회 정기연주회 - 헨델, 메시아",부천아트센터 부천아트센터 콘서트홀,2026-12-15,2026-12-16,전체 관람가,"10,000원 ~ 20,000원",https://www.ticketlink.co.kr/product/60020,http://image.toast.com/aaaaab/ticketlink/TKL_8/chorale_pst_1125(3).jpg,family:0.3;couple:1.0;single:0.9;티켓링크;공연;경기,2026-08-22 23:33:05
티켓링크,가족/어린이,63956,2026 가족뮤지컬 <겨울이야기> - 양천,양천문화회관 양천문화회관 대극장,2026-12-11,2026-12-12,전체 관람가 (가족/어린이 동반),"50,000원",https://www.ticketlink.co.kr/product/63956,http://image.toast.com/aaaaab/ticketlink/TKL_2/m0622-f.jpg,family:1.0;baby:1.0;toddler:1.0;가족어린이동반;티켓링크;공연;서울,2026-08-22 23:33:05
티켓링크,공연,64815,뮤지컬 집사TV 시즌 2 part.2 : <대저택 끝 없는 문> - 용인,용인시 평생학습관 큰어울마당 용인시 평생학습관 큰어울마당,2026-11-27,2026-11-28,8세 이상 관람가,"70,000원",https://www.ticketlink.co.kr/product/64815,http://image.toast.com/aaaaab/ticketlink/TKL_4/yongin_pst0805.jpg,family:0.3;couple:1.0;single:0.9;티켓링크;공연;경기,2026-08-22 23:33:05
티켓링크,공연,63344,뮤지컬 <겨울왕국> 한국 초연 (FROZEN The Musical),샤롯데씨어터 샤롯데씨어터,2026-08-12,2027-02-28,8세 이상 관람가,"90,000원 ~ 219,500원",https://www.ticketlink.co.kr/product/63344,http://image.toast.com/aaaaab/ticketlink/TKL_6/FROZEN_POSTER_0804(1).jpg,family:0.3;couple:1.0;single:0.9;티켓링크;공연;서울,2026-08-22 23:33:05
티켓링크,전시,63360,플래시백 : 계림 (FLASHBACK : GYERIM) in 경주,플래시백 : 계림 플래시백 : 계림,2026-05-19,2026-12-30,전체 관람가 (전 연령),"11,900원",https://www.ticketlink.co.kr/product/63360,http://image.toast.com/aaaaab/ticketlink/TKL_8/main00424.jpg,family:0.8;couple:1.0;single:0.9;exhibition:1.0;티켓링크;전시;경북,2026-08-22 23:33:05
티켓링크,공연,64753,스테이지엠 크리스마스 영화음악 & 캐롤 콘서트 2026 - 인천,아트센터인천 아트센터인천 다목적홀,2026-12-24,2026-12-24,8세 이상 (전체/초등 이상),"40,000원",https://www.ticketlink.co.kr/product/64753,http://image.toast.com/aaaaab/ticketlink/TKL_2/ic_mani_0803.jpg,family:0.3;couple:1.0;single:0.9;티켓링크;공연;인천,2026-08-22 23:33:05
티켓링크,가족/어린이,64840,[크리스마스특별할인] 가족뮤지컬 <누가내머리에똥쌌어?> - 세종,BOK아트센터 BOK아트센터,2026-12-23,2026-12-24,전체 관람가 (가족/어린이 동반),"50,000원",https://www.ticketlink.co.kr/product/64840,http://image.toast.com/aaaaab/ticketlink/TKL_10/who-pst0806.jpg,family:1.0;baby:1.0;toddler:1.0;가족어린이동반;티켓링크;공연;세종,2026-08-22 23:33:05
티켓링크,공연,64747,금호 위너스: 박성민 Bass,금호아트홀 연세 금호아트홀 연세,2026-12-18,2026-12-18,전체 관람가,"20,000원",https://www.ticketlink.co.kr/product/64747,http://image.toast.com/aaaaab/ticketlink/TKL_4/261219_p_main_0803.JPG,family:0.3;couple:1.0;single:0.9;티켓링크;공연;서울,2026-08-22 23:33:05
티켓링크,가족/어린이,62947,아기상어 비밀 초대장,동대문디자인플라자 동대문디자인플라자 전시 2관,2026-06-17,2026-12-18,전체 관람가 (가족/어린이 동반),"23,000원",https://www.ticketlink.co.kr/product/62947,http://image.toast.com/aaaaab/ticketlink/TKL_3/shark_main_0619.jpg,family:1.0;baby:1.0;toddler:1.0;가족어린이동반;티켓링크;전시;서울,2026-08-22 23:33:05
티켓링크,전시,63062,뮤지컬 Club <설화>,극장 온 극장 온,2026-05-13,2026-11-28,전체 관람가 (전 연령),"35,000원",https://www.ticketlink.co.kr/product/63062,http://image.toast.com/aaaaab/ticketlink/TKL_5/main0609(2).jpg,family:0.8;couple:1.0;single:0.9;exhibition:1.0;티켓링크;전시;서울,2026-08-22 23:33:05
티켓링크,공연,64548,경주 여성 합창 아카데미 (Gyeongju Lady’s Choral) - 경주,경주예술의전당 대회의실 경주예술의전당 대회의실,2026-09-03,2026-12-17,전체 관람가,"210,000원",https://www.ticketlink.co.kr/product/64548,http://image.toast.com/aaaaab/ticketlink/TKL_3/don_pst0722.jpg,family:0.3;couple:1.0;single:0.9;티켓링크;공연;경북,2026-08-22 23:33:05
티켓링크,공연,64414,[안동] 2026 유키 구라모토 콘서트 Peacefully - 안동,안동문화예술의전당 안동문화예술의전당 웅부홀,2026-12-16,2026-12-16,8세 이상 (전체/초등 이상),"10,000원 ~ 50,000원",https://www.ticketlink.co.kr/product/64414,http://image.toast.com/aaaaab/ticketlink/TKL_10/main0714(1).jpg,family:0.3;couple:1.0;single:0.9;티켓링크;공연;경북,2026-08-22 23:33:05
티켓링크,전시,64742,[링크어택] 2026 뮤지컬 <미드나잇 : 액터뮤지션> - THE CHOICE 비지정석,대학로 유니플렉스 NOL유니플렉스 3관,2026-08-10,2026-11-28,전체 관람가 (전 연령),"70,000원",https://www.ticketlink.co.kr/product/64742,http://image.toast.com/aaaaab/ticketlink/TKL_1/MIDNIGHT_main_0803.jpg,family:0.8;couple:1.0;single:0.9;exhibition:1.0;티켓링크;전시;서울,2026-08-22 23:33:05
티켓링크,공연,64370,2026 뮤지컬 <미드나잇 : 액터뮤지션> - THE CHOICE,대학로 유니플렉스 NOL유니플렉스 3관,2026-08-10,2026-11-28,8세 이상 관람가,"70,000원",https://www.ticketlink.co.kr/product/64370,http://image.toast.com/aaaaab/ticketlink/TKL_2/m0711.jpg,family:0.3;couple:1.0;single:0.9;티켓링크;공연;서울,2026-08-22 23:33:05
티켓링크,공연,59431,2026 서울시향 얍 판 츠베덴의 말러 교향곡 4번,롯데콘서트홀 롯데콘서트홀,2026-11-26,2026-11-26,전체 관람가,"10,000원 ~ 150,000원",https://www.ticketlink.co.kr/product/59431,http://image.toast.com/aaaaab/ticketlink/TKL_8/11-2611-27_main_1117.jpg,family:0.3;couple:1.0;single:0.9;티켓링크;공연;서울,2026-08-22 23:33:05
티켓링크,공연,60017,부천필하모닉오케스트라 제341회 정기연주회 - A Portrait in Contrast 대조 속의 초상,부천아트센터 부천아트센터 콘서트홀,2026-11-25,2026-11-26,전체 관람가,"10,000원 ~ 30,000원",https://www.ticketlink.co.kr/product/60017,http://image.toast.com/aaaaab/ticketlink/TKL_5/phil_pst_1125(4).jpg,family:0.3;couple:1.0;single:0.9;티켓링크;공연;경기,2026-08-22 23:33:05
티켓링크,전시,64910,서도호,국립현대미술관 서울 국립현대미술관 서울,2026-08-26,2027-02-08,전체 관람가 (전 연령),"8,000원",https://www.ticketlink.co.kr/product/64910,http://image.toast.com/aaaaab/ticketlink/TKL_2/sudoho_main_720x960.jpg,family:0.8;couple:1.0;single:0.9;exhibition:1.0;티켓링크;전시;서울,2026-08-22 23:33:05
티켓링크,전시,61037,[MD] 박서진 공식 응원봉,장소없음 장소없음,2026-07-03,2026-12-29,전체 관람가 (전 연령),"46,000원",https://www.ticketlink.co.kr/product/61037,http://image.toast.com/aaaaab/ticketlink/TKL_8/is_main_0113.jpg,family:0.8;couple:1.0;single:0.9;exhibition:1.0;티켓링크;전시;서울,2026-08-22 23:33:05
티켓링크,공연,60117,2026 오르간 오딧세이,롯데콘서트홀 롯데콘서트홀,2026-12-16,2026-12-15,전체 관람가,"17,500원 ~ 25,000원",https://www.ticketlink.co.kr/product/60117,http://image.toast.com/aaaaab/ticketlink/TKL_7/or_main_1209.jpg,family:0.3;couple:1.0;single:0.9;티켓링크;공연;서울,2026-08-22 23:33:05
티켓링크,공연,64482,피지컬 시어터 〈네이처 오브 포겟팅〉 : 연극열전10_열 번째 작품,세종문화회관 세종문화회관 S씨어터,2026-09-17,2026-11-28,8세 이상 관람가,"44,000원 ~ 66,000원",https://www.ticketlink.co.kr/product/64482,http://image.toast.com/aaaaab/ticketlink/TKL_6/main0720(3).jpg,family:0.3;couple:1.0;single:0.9;티켓링크;공연;서울,2026-08-22 23:33:05
티켓링크,공연,59430,2026 서울시향 한누 린투의 프로코피예프 ‘로미오와 줄리엣’,롯데콘서트홀 롯데콘서트홀,2026-11-19,2026-11-19,전체 관람가,"10,000원 ~ 100,000원",https://www.ticketlink.co.kr/product/59430,http://image.toast.com/aaaaab/ticketlink/TKL_10/main_0716.jpg,family:0.3;couple:1.0;single:0.9;티켓링크;공연;서울,2026-08-22 23:33:05
티켓링크,공연,60412,2026 롯콘 마티네 <대니 구의 플레이리스트>,롯데콘서트홀 롯데콘서트홀,2026-09-10,2026-11-04,전체 관람가,"10,000원 ~ 45,000원",https://www.ticketlink.co.kr/product/60412,http://image.toast.com/aaaaab/ticketlink/TKL_8/dan_main_1209.jpg,family:0.3;couple:1.0;single:0.9;티켓링크;공연;서울,2026-08-22 23:33:05
티켓링크,전시,64017,울트라백화점 부산 : 텍스트 쇼핑 클럽,피아크 피아크 2F,2026-07-16,2026-10-31,전체 관람가 (전 연령),"10,000원",https://www.ticketlink.co.kr/product/64017,http://image.toast.com/aaaaab/ticketlink/TKL_4/ultrabusan_main_720_0619.jpg,family:0.8;couple:1.0;single:0.9;exhibition:1.0;티켓링크;전시;부산,2026-08-22 23:33:05
티켓링크,전시,64648,가우디: 서울에서 다시 태어나다,신사하우스 신사하우스,2026-07-31,2026-10-30,전체 관람가 (전 연령),"16,000원",https://www.ticketlink.co.kr/product/64648,http://image.toast.com/aaaaab/ticketlink/TKL_6/gaudi_pst0728.jpg,family:0.8;couple:1.0;single:0.9;exhibition:1.0;티켓링크;전시;서울,2026-08-22 23:33:05
티켓링크,공연,64526,2026 김동하 Stand-up Comedy Tour < Life Goes On > - 순천,순천문화예술회관 순천문화예술회관 대극장,2026-10-30,2026-10-30,전체 관람가,"66,000원 ~ 77,000원",https://www.ticketlink.co.kr/product/64526,http://image.toast.com/aaaaab/ticketlink/TKL_2/main0722(5).jpg,family:0.3;couple:1.0;single:0.9;티켓링크;공연;전남,2026-08-22 23:33:05
티켓링크,공연,64752,스테이지엠 크리스마스 영화음악 & 캐롤 콘서트 2026 - 대전,대전예술의전당 대전예술의전당 앙상블홀,2026-12-19,2026-12-19,8세 이상 (전체/초등 이상),"36,000원 ~ 40,000원",https://www.ticketlink.co.kr/product/64752,http://image.toast.com/aaaaab/ticketlink/TKL_1/dj_mani_0803(1).jpg,family:0.3;couple:1.0;single:0.9;티켓링크;공연;대전,2026-08-22 23:33:05
티켓링크,공연,64670,스테이지엠 크리스마스 영화음악 & 캐롤 콘서트 2026 - 대구콘서트하우스,대구콘서트하우스 대구콘서트하우스 챔버홀,2026-12-18,2026-12-18,8세 이상 (전체/초등 이상),"40,000원",https://www.ticketlink.co.kr/product/64670,http://image.toast.com/aaaaab/ticketlink/TKL_7/XMAS_pst_0805.jpg,family:0.3;couple:1.0;single:0.9;티켓링크;공연;대구,2026-08-22 23:33:05
티켓링크,공연,63807,[안동] 11월 브런치 콘서트 - 블랙박스 시리즈 'Jazz in Blue 민경인 트리오',안동문화예술의전당 안동문화예술의전당 백조홀,2026-11-10,2026-11-10,8세 이상 (전체/초등 이상),"20,000원",https://www.ticketlink.co.kr/product/63807,http://image.toast.com/aaaaab/ticketlink/TKL_5/11_info0611-00.jpg,family:0.3;couple:1.0;single:0.9;티켓링크;공연;경북,2026-08-22 23:33:05
티켓링크,공연,63080,[주술회전 인 콘서트]월드투어 in SEOUL,경희대학교 평화의전당 경희대학교 평화의전당,2026-11-06,2026-11-07,8세 이상 (전체/초등 이상),"77,000원 ~ 154,000원",https://www.ticketlink.co.kr/product/63080,http://image.toast.com/aaaaab/ticketlink/TKL_9/JJK_405.png,family:0.3;couple:1.0;single:0.9;티켓링크;공연;서울,2026-08-22 23:33:05
티켓링크,공연,64923,2026 소통왕 말자쑈 in Gwangju,광주예술의전당 광주예술의전당 대극장,2026-11-06,2026-11-06,전체 관람가,"44,000원 ~ 66,000원",https://www.ticketlink.co.kr/product/64923,http://image.toast.com/aaaaab/ticketlink/TKL_1/main0811(3).jpg,family:0.3;couple:1.0;single:0.9;티켓링크;공연;광주,2026-08-22 23:33:05
티켓링크,공연,63193,2026 변진섭 베트남 호치민 콘서트 (2026 Byeon Jin-seob Concert in Ho Chi Minh City),사이공 오페라하우스 (Saigon Opera House) 사이공 오페라하우스 (Saigon Opera House),2026-10-31,2026-10-31,8세 이상 (전체/초등 이상),"110,000원 ~ 220,000원",https://www.ticketlink.co.kr/product/63193,http://image.toast.com/aaaaab/ticketlink/TKL_8/v_main_0624.jpg,family:0.3;couple:1.0;single:0.9;티켓링크;공연;국외,2026-08-22 23:33:05
티켓링크,공연,51876,코믹 마샬아츠 퍼포먼스 <점프>,명보아트홀 가온홀 명보아트홀 가온홀 B3 점프 전용극장,2024-09-30,2026-10-30,전체 관람가,"50,000원 ~ 70,000원",https://www.ticketlink.co.kr/product/51876,http://image.toast.com/aaaaab/ticketlink/TKL_1/jump_main_0706.png,family:0.3;couple:1.0;single:0.9;티켓링크;공연;서울,2026-08-22 23:33:05
티켓링크,공연,63686,조슈아 레드먼 쿼텟 내한공연,연세대학교 연세대학교 백주년기념관 콘서트홀,2026-10-22,2026-10-22,전체 관람가,"70,000원 ~ 140,000원",https://www.ticketlink.co.kr/product/63686,http://image.toast.com/aaaaab/ticketlink/TKL_6/jo_main_0625.jpg,family:0.3;couple:1.0;single:0.9;티켓링크;공연;서울,2026-08-22 23:33:05
티켓링크,공연,59429,2026 서울시향 얍 판 츠베덴의 모차르트 ‘레퀴엠’ ①,롯데콘서트홀 롯데콘서트홀,2026-10-23,2026-10-22,전체 관람가,"10,000원 ~ 150,000원",https://www.ticketlink.co.kr/product/59429,http://image.toast.com/aaaaab/ticketlink/TKL_4/j_main_0716.jpg,family:0.3;couple:1.0;single:0.9;티켓링크;공연;서울,2026-08-22 23:33:05
티켓링크,공연,64831,뮤지컬 <난세> : 정도전과 이방원의 이야기,NOL 서경스퀘어 NOL 서경스퀘어 스콘 2관,2026-09-07,2026-11-28,8세 이상 관람가,"55,000원 ~ 66,000원",https://www.ticketlink.co.kr/product/64831,http://image.toast.com/aaaaab/ticketlink/TKL_7/NS_PST_0807.jpg,family:0.3;couple:1.0;single:0.9;티켓링크;공연;서울,2026-08-22 23:33:05
티켓링크,공연,64609,샤를 뒤트와 & 마르타 아르헤리치 with KBS교향악단,롯데콘서트홀 롯데콘서트홀,2026-11-21,2026-11-21,전체 관람가,"70,000원 ~ 270,000원",https://www.ticketlink.co.kr/product/64609,http://image.toast.com/aaaaab/ticketlink/TKL_2/s_main_0729.jpg,family:0.3;couple:1.0;single:0.9;티켓링크;공연;서울,2026-08-22 23:33:05
티켓링크,공연,63550,[안동] 해외 아트 서커스 - 덕 폰드 : Duck Pond,안동문화예술의전당 안동문화예술의전당 웅부홀,2026-11-19,2026-11-20,전체 관람가,"10,000원 ~ 30,000원",https://www.ticketlink.co.kr/product/63550,http://image.toast.com/aaaaab/ticketlink/TKL_10/D_PST_0529.jpg,family:0.3;couple:1.0;single:0.9;티켓링크;공연;경북,2026-08-22 23:33:05
티켓링크,공연,60486,뮤지컬 <크리스마스 캐럴>,세종문화회관 세종문화회관 M씨어터,2026-12-01,2026-12-26,8세 이상 관람가,"60,000원 ~ 80,000원",https://www.ticketlink.co.kr/product/60486,http://image.toast.com/aaaaab/ticketlink/TKL_9/m0105.jpg,family:0.3;couple:1.0;single:0.9;티켓링크;공연;서울,2026-08-22 23:33:05
티켓링크,공연,53912,스테이지 M 캔들데이 콘서트 - 대구,스테이지 M 스테이지 M(스테이지엠),2025-01-16,2026-12-26,8세 이상 (전체/초등 이상),"35,000원 ~ 45,000원",https://www.ticketlink.co.kr/product/53912,http://image.toast.com/aaaaab/ticketlink/TKL_10/pst0106.jpg,family:0.3;couple:1.0;single:0.9;티켓링크;공연;대구,2026-08-22 23:33:05
티켓링크,공연,64214,T-SQUARE Live in Seoul 2026,연세대학교 연세대학교 대강당,2026-10-10,2026-10-10,전체 관람가,"77,000원 ~ 143,000원",https://www.ticketlink.co.kr/product/64214,http://image.toast.com/aaaaab/ticketlink/TKL_6/main0702(3).jpg,family:0.3;couple:1.0;single:0.9;티켓링크;공연;서울,2026-08-22 23:33:05
티켓링크,공연,64755,2026 ASMBL CRSH : SEOUL,KBS아레나 KBS아레나,2026-10-04,2026-10-04,전체 관람가,"50,000원 ~ 110,000원",https://www.ticketlink.co.kr/product/64755,http://image.toast.com/aaaaab/ticketlink/TKL_9/main0803(6).jpg,family:0.3;couple:1.0;single:0.9;티켓링크;공연;서울,2026-08-22 23:33:05
티켓링크,공연,60086,금호아트홀 아름다운 목요일 - 노부스 콰르텟 String Quartet,금호아트홀 연세 금호아트홀 연세,2026-09-30,2026-09-30,전체 관람가,"60,000원",https://www.ticketlink.co.kr/product/60086,http://image.toast.com/aaaaab/ticketlink/TKL_4/1001_pst_1121.jpg,family:0.3;couple:1.0;single:0.9;티켓링크;공연;서울,2026-08-22 23:33:05
티켓링크,전시,53696,공룡테마파크 < DINO BAY > 시즌3+Robot,기흥리빙파워센터 4층 기흥리빙파워센터 4층,2024-12-13,2026-09-29,전체 관람가 (전 연령),"9,400원",https://www.ticketlink.co.kr/product/53696,http://image.toast.com/aaaaab/ticketlink/TKL_8/pst_0713.jpg,family:0.8;couple:1.0;single:0.9;exhibition:1.0;티켓링크;전시;경기,2026-08-22 23:33:05
티켓링크,공연,65083,슬로우다이브 내한공연,KBS아레나 KBS아레나,2026-12-07,2026-12-07,전체 관람가,"132,000원 ~ 143,000원",https://www.ticketlink.co.kr/product/65083,http://image.toast.com/aaaaab/ticketlink/TKL_10/PST_0821.jpg,family:0.3;couple:1.0;single:0.9;티켓링크;공연;서울,2026-08-22 23:33:05
티켓링크,전시,64962,2026 CassCool Festival,서울랜드 서울랜드,2026-08-21,2026-08-21,전체 관람가 (전 연령),"77,000원",https://www.ticketlink.co.kr/product/64962,http://image.toast.com/aaaaab/ticketlink/TKL_7/cass_pst0813.jpg,family:0.8;couple:1.0;single:0.9;exhibition:1.0;티켓링크;전시;경기,2026-08-22 23:33:05
티켓링크,공연,64442,서승현 플루트 독주회 - 대구,수성아트피아 수성아트피아 소극장,2026-07-22,2026-07-22,전체 관람가,"10,000원",https://www.ticketlink.co.kr/product/64442,http://image.toast.com/aaaaab/ticketlink/TKL_7/main0715(2).jpg,family:0.3;couple:1.0;single:0.9;티켓링크;공연;대구,2026-08-22 23:33:05
티켓링크,공연,62912,U-KNOW PROJECT 26 : SCENE#1 in SEOUL,잠실실내체육관 잠실실내체육관,2026-07-16,2026-07-18,전체 관람가,"165,000원 ~ 198,000원",https://www.ticketlink.co.kr/product/62912,http://image.toast.com/aaaaab/ticketlink/TKL_9/26유노윤호콘서트_대표이미지v.260707.jpg,family:0.3;couple:1.0;single:0.9;티켓링크;공연;서울,2026-08-22 23:33:05
티켓링크,공연,60359,밤 트리오와 함께하는 크리스마스 & 뉴이어 재즈 콘서트 - 대구,스테이지 M 스테이지 M(스테이지엠),2025-12-24,2026-12-24,8세 이상 (전체/초등 이상),"35,000원",https://www.ticketlink.co.kr/product/60359,http://image.toast.com/aaaaab/ticketlink/TKL_3/jazz_main_1204.jpg,family:0.3;couple:1.0;single:0.9;티켓링크;공연;대구,2026-08-22 23:33:05
티켓링크,공연,60122,"금호솔로이스츠 < V. 독일, 위대한 시작 >",금호아트홀 연세 금호아트홀 연세,2026-12-17,2026-12-17,전체 관람가,"50,000원",https://www.ticketlink.co.kr/product/60122,http://image.toast.com/aaaaab/ticketlink/TKL_6/1218_g_main_1120.jpg,family:0.3;couple:1.0;single:0.9;티켓링크;공연;서울,2026-08-22 23:33:05
티켓링크,공연,60121,"금호솔로이스츠 < IV. 러시아, 영혼의 기록 >",금호아트홀 연세 금호아트홀 연세,2026-12-16,2026-12-16,전체 관람가,"50,000원",https://www.ticketlink.co.kr/product/60121,http://image.toast.com/aaaaab/ticketlink/TKL_5/1217_r_main_1120.jpg,family:0.3;couple:1.0;single:0.9;티켓링크;공연;서울,2026-08-22 23:33:05
티켓링크,공연,64746,금호 위너스: 김현서 Violin,금호아트홀 연세 금호아트홀 연세,2026-12-09,2026-12-09,전체 관람가,"20,000원",https://www.ticketlink.co.kr/product/64746,http://image.toast.com/aaaaab/ticketlink/TKL_10/261210_k_main_0803.JPG,family:0.3;couple:1.0;single:0.9;티켓링크;공연;서울,2026-08-22 23:33:05
티켓링크,공연,60108,금호아트홀 아름다운 목요일 - 조진주 Violin Solo,금호아트홀 연세 금호아트홀 연세,2026-12-02,2026-12-02,전체 관람가,"50,000원",https://www.ticketlink.co.kr/product/60108,http://image.toast.com/aaaaab/ticketlink/TKL_5/m1122.jpg,family:0.3;couple:1.0;single:0.9;티켓링크;공연;서울,2026-08-22 23:33:05
티켓링크,공연,64649,연극 < VL >,링크더스페이스 링크더스페이스 2관,2026-08-31,2026-11-28,8세 이상 관람가,"66,000원",https://www.ticketlink.co.kr/product/64649,http://image.toast.com/aaaaab/ticketlink/TKL_10/VL_main_0803.jpg,family:0.3;couple:1.0;single:0.9;티켓링크;공연;서울,2026-08-22 23:33:05
티켓링크,공연,65008,이은미 콘서트 with 오케스트라 : 추억이 핀다 - 청주,청주 예술의전당 청주예술의전당 대공연장,2026-11-07,2026-11-07,8세 이상 (전체/초등 이상),"99,000원 ~ 132,000원",https://www.ticketlink.co.kr/product/65008,http://image.toast.com/aaaaab/ticketlink/TKL_8/lee_pst0815.jpg,family:0.3;couple:1.0;single:0.9;티켓링크;공연;충북,2026-08-22 23:33:05
티켓링크,공연,60010,부천필하모닉오케스트라 제340회 정기연주회 - Distant Worlds 먼 세계,부천아트센터 부천아트센터 콘서트홀,2026-10-29,2026-10-30,전체 관람가,"10,000원 ~ 30,000원",https://www.ticketlink.co.kr/product/60010,http://image.toast.com/aaaaab/ticketlink/TKL_6/phil_pst_1125(1).jpg,family:0.3;couple:1.0;single:0.9;티켓링크;공연;경기,2026-08-22 23:33:05
티켓링크,공연,63126,2026 한영애 50주년 콘서트 < Snowrain > - 대전,대전 우송예술회관 대전 우송예술회관,2026-10-23,2026-10-23,8세 이상 (전체/초등 이상),"99,000원 ~ 132,000원",https://www.ticketlink.co.kr/product/63126,http://image.toast.com/aaaaab/ticketlink/TKL_7/main0630(2).jpg,family:0.3;couple:1.0;single:0.9;티켓링크;공연;대전,2026-08-22 23:33:05
티켓링크,공연,64817,뮤지컬 <곤 투모로우> 10주년 기념 공연,홍익대 대학로 아트센터 홍익대 대학로 아트센터 대극장,2026-09-14,2026-11-28,8세 이상 관람가,"60,000원 ~ 130,000원",https://www.ticketlink.co.kr/product/64817,http://image.toast.com/aaaaab/ticketlink/TKL_9/GT_pst0807.jpg,family:0.3;couple:1.0;single:0.9;티켓링크;공연;서울,2026-08-22 23:33:05
티켓링크,공연,60101,금호아트홀 아름다운 목요일 - 프란츠 슈베르트 X 문지영 Piano I,금호아트홀 연세 금호아트홀 연세,2026-11-11,2026-11-11,전체 관람가,"50,000원",https://www.ticketlink.co.kr/product/60101,http://image.toast.com/aaaaab/ticketlink/TKL_4/1112_251122.jpg,family:0.3;couple:1.0;single:0.9;티켓링크;공연;서울,2026-08-22 23:33:05
티켓링크,공연,64514,다비드 바뱅 & 아드리앙 몽도 '피아노 피아노',예울마루 GS칼텍스 예울마루 대극장,2026-10-26,2026-10-26,전체 관람가,"60,000원",https://www.ticketlink.co.kr/product/64514,http://image.toast.com/aaaaab/ticketlink/TKL_6/piano_pst0724.jpg,family:0.3;couple:1.0;single:0.9;티켓링크;공연;전남,2026-08-22 23:33:05
티켓링크,공연,64591,Creator’s Box: 코드세시 & 64ksana ‘EN:TRANCE’,LG아트센터 서울 LG아트센터 서울 U+ 스테이지,2026-10-22,2026-10-25,전체 관람가,"30,000원",https://www.ticketlink.co.kr/product/64591,http://image.toast.com/aaaaab/ticketlink/TKL_4/ENTRANCE_main_0730.jpg,family:0.3;couple:1.0;single:0.9;티켓링크;공연;서울,2026-08-22 23:33:05
티켓링크,공연,64776,THE GREATEST: 전율 소향 X 김기태 - 대구,천마아트센터 천마아트센터 그랜드홀,2026-10-17,2026-10-17,전체 관람가,"110,000원 ~ 143,000원",https://www.ticketlink.co.kr/product/64776,http://image.toast.com/aaaaab/ticketlink/TKL_3/daegu_pst0804.jpg,family:0.3;couple:1.0;single:0.9;티켓링크;공연;경북,2026-08-22 23:33:05
티켓링크,공연,63865,라이브 퀘스트 뮤지컬 <코드네임X>,국립중앙박물관 국립중앙박물관 극장 용,2026-09-11,2026-10-17,8세 이상 관람가,"44,000원 ~ 77,000원",https://www.ticketlink.co.kr/product/63865,http://image.toast.com/aaaaab/ticketlink/TKL_3/code_pst0613.jpg,family:0.3;couple:1.0;single:0.9;티켓링크;공연;서울,2026-08-22 23:33:05
티켓링크,공연,64987,(사)희망나눔과 함께하는 희망나눔 열린음악회 - 대구,아양아트센터 대구 아양아트센터 아양홀,2026-10-16,2026-10-16,전체 관람가,"30,000원",https://www.ticketlink.co.kr/product/64987,http://image.toast.com/aaaaab/ticketlink/TKL_10/pst0814(1).jpg,family:0.3;couple:1.0;single:0.9;티켓링크;공연;대구,2026-08-22 23:33:05
티켓링크,가족/어린이,63387,가족뮤지컬 <에그박사와 아마존 대탐험> - 부산,벡스코 부산 BEXCO 오디토리움,2026-10-09,2026-10-10,전체 관람가 (가족/어린이 동반),"42,900원 ~ 54,900원",https://www.ticketlink.co.kr/product/63387,http://image.toast.com/aaaaab/ticketlink/TKL_4/main0520(4).jpg,family:1.0;baby:1.0;toddler:1.0;가족어린이동반;티켓링크;공연;부산,2026-08-22 23:33:05
티켓링크,공연,63968,이은결 30주년 < ONE OF ONE > - 부산,벡스코 벡스코 오디토리움,2026-10-01,2026-10-03,전체 관람가,"66,000원 ~ 110,000원",https://www.ticketlink.co.kr/product/63968,http://image.toast.com/aaaaab/ticketlink/TKL_10/main_0804.jpg,family:0.3;couple:1.0;single:0.9;티켓링크;공연;부산,2026-08-22 23:33:05
티켓링크,공연,57330,마이 케미컬 로맨스 내한공연 (My Chemical Romance Live in Korea),인천 파라다이스 시티 파라다이스시티 컬쳐파크,2026-11-06,2026-11-06,전체 관람가,"175,000원 ~ 220,000원",https://www.ticketlink.co.kr/product/57330,http://image.toast.com/aaaaab/ticketlink/TKL_9/main1220-1100.jpg,family:0.3;couple:1.0;single:0.9;티켓링크;공연;인천,2026-08-22 23:33:05
티켓링크,공연,64522,테오도르 쿠렌치스 & 유토피아 오케스트라 (11.18),롯데콘서트홀 롯데콘서트홀,2026-11-18,2026-11-17,전체 관람가,"60,000원 ~ 380,000원",https://www.ticketlink.co.kr/product/64522,http://image.toast.com/aaaaab/ticketlink/TKL_4/1118_main_0723.jpg,family:0.3;couple:1.0;single:0.9;티켓링크;공연;서울,2026-08-22 23:33:05
티켓링크,공연,64584,테오도르 쿠렌치스 & 유토피아 오케스트라  (11.17),롯데콘서트홀 롯데콘서트홀,2026-11-17,2026-11-16,전체 관람가,"80,000원 ~ 380,000원",https://www.ticketlink.co.kr/product/64584,http://image.toast.com/aaaaab/ticketlink/TKL_8/1117_main_0723.jpg,family:0.3;couple:1.0;single:0.9;티켓링크;공연;서울,2026-08-22 23:33:05
티켓링크,전시,64728,2026 푸드위크 코리아,"코엑스 코엑스 A. B. C홀, Platz홀",2026-11-03,2026-11-06,전체 관람가 (전 연령),"5,900원",https://www.ticketlink.co.kr/product/64728,http://image.toast.com/aaaaab/ticketlink/TKL_1/2026푸드위크_티켓링크(720x890).png,family:0.8;couple:1.0;single:0.9;exhibition:1.0;티켓링크;전시;서울,2026-08-22 23:33:05
티켓링크,전시,53031,낭독공연 <ㅎㅇㄱㅎㅇㄱ> - 부산,공간 소극장 공간 소극장,2024-12-18,2024-12-20,전체 관람가 (전 연령),"30,000원",https://www.ticketlink.co.kr/product/53031,http://image.toast.com/aaaaab/ticketlink/TKL_2/h_main_1101.jpg,family:0.8;couple:1.0;single:0.9;exhibition:1.0;티켓링크;전시;부산,2026-08-22 23:33:05
티켓링크,공연,47723,2024 KIM SUNG KYU FAN MEETING [ㅅㄱ2 : 사계],KBS아레나 KBS아레나,2024-01-26,2024-01-26,전체 관람가,"99,000원",https://www.ticketlink.co.kr/product/47723,http://image.toast.com/aaaaab/ticketlink/TKL_9/MAIN_POSTER_0102.jpg,family:0.3;couple:1.0;single:0.9;티켓링크;공연;서울,2026-08-22 23:33:05
티켓링크,전시,47471,연극 <네잎클로버> - 대구,골목실험극장 골목실험극장,2024-01-11,2024-01-13,전체 관람가 (전 연령),"30,000원",https://www.ticketlink.co.kr/product/47471,http://image.toast.com/aaaaab/ticketlink/TKL_5/clover_231207.jpg,family:0.8;couple:1.0;single:0.9;exhibition:1.0;티켓링크;전시;대구,2026-08-22 23:33:05
티켓링크,공연,38463,박다울 `ㄱㅓㅁㅜㄴㄱㅗ` _싱크넥스트22,세종문화회관 세종문화회관 S씨어터,2022-07-25,2022-07-26,전체 관람가,"50,000원",https://www.ticketlink.co.kr/product/38463,http://image.toast.com/aaaaab/ticketlink/TKL_5/m0517.jpg,family:0.3;couple:1.0;single:0.9;티켓링크;공연;서울,2026-08-22 23:33:05
티켓링크,공연,36961,아듀! 2021 제야음악회 - 안동,안동문화예술의전당 안동문화예술의전당 웅부홀,2021-12-30,2021-12-30,전체 관람가,"10,000원 ~ 30,000원",https://www.ticketlink.co.kr/product/36961,http://image.toast.com/aaaaab/ticketlink/TKL_10/jeya_pst12201330.jpg,family:0.3;couple:1.0;single:0.9;티켓링크;공연;경북,2026-08-22 23:33:05
티켓링크,가족/어린이,38781,천안시립흥타령풍물단 제12회 정기공연 - 천안,천안예술의전당 천안예술의전당 소공연장,2022-06-09,2022-06-09,전체 관람가 (가족/어린이 동반),"6,000원",https://www.ticketlink.co.kr/product/38781,http://image.toast.com/aaaaab/ticketlink/TKL_8/pig_220525.jpg,family:1.0;baby:1.0;toddler:1.0;가족어린이동반;티켓링크;공연;충남,2026-08-22 23:33:05
티켓링크,전시,59516,연극아 놀자! 한울림 골목연극제 공연예술창작집단 어니언킹  <ㅋㄷㅋㄷ>,한울림소극장 한울림소극장,2025-12-18,2025-12-19,전체 관람가 (전 연령),"30,000원",https://www.ticketlink.co.kr/product/59516,http://image.toast.com/aaaaab/ticketlink/TKL_1/main1105(1).jpg,family:0.8;couple:1.0;single:0.9;exhibition:1.0;티켓링크;전시;대구,2026-08-22 23:33:05
티켓링크,예매권,53042,(통합할인권)연극 <윤조병展> - 부산,공간 소극장 공간 소극장,2024-11-18,2024-12-20,8세 이상 관람가,"40,000원",https://www.ticketlink.co.kr/product/53042,http://image.toast.com/aaaaab/ticketlink/TKL_4/y_main_1101.jpg,family:0.3;couple:1.0;single:0.9;티켓링크;예매권;부산,2026-08-22 23:33:05
티켓링크,전시,53027,연극 <ㅋㄷㅋㄷ> - 부산,공간 소극장 공간 소극장,2024-11-18,2024-11-22,전체 관람가 (전 연령),"30,000원",https://www.ticketlink.co.kr/product/53027,http://image.toast.com/aaaaab/ticketlink/TKL_9/k_main_1101.jpg,family:0.8;couple:1.0;single:0.9;exhibition:1.0;티켓링크;전시;부산,2026-08-22 23:33:05
티켓링크,공연,49961,2024 CHUNJI FANMEETING in Seoul,ㅎㄷCAFE ㅎㄷCAFE,2024-05-14,2024-05-14,전체 관람가,"88,000원",https://www.ticketlink.co.kr/product/49961,http://image.toast.com/aaaaab/ticketlink/TKL_8/main0502(2).jpg,family:0.3;couple:1.0;single:0.9;티켓링크;공연;서울,2026-08-22 23:33:05
티켓링크,공연,49460,M.O.N.T - Rocking Spring,ㅎㄷ STAGE 지하 1층 공연장 ㅎㄷ STAGE 지하 1층 공연장,2024-04-20,2024-04-20,전체 관람가,"99,000원",https://www.ticketlink.co.kr/product/49460,http://image.toast.com/aaaaab/ticketlink/TKL_10/몬트포스터.jpg,family:0.3;couple:1.0;single:0.9;티켓링크;공연;서울,2026-08-22 23:33:05
티켓링크,공연,49458,Jay Chang - Rocking Spring,ㅎㄷ STAGE 지하 1층 공연장 ㅎㄷ STAGE 지하 1층 공연장,2024-04-20,2024-04-20,전체 관람가,"99,000원",https://www.ticketlink.co.kr/product/49458,http://image.toast.com/aaaaab/ticketlink/TKL_9/main0401(5).jpg,family:0.3;couple:1.0;single:0.9;티켓링크;공연;서울,2026-08-22 23:33:05
티켓링크,공연,45233,KBS 50년×god 25년 2023 KBS 대기획 <ㅇㅁㄷ 지오디>,송도 달빛축제공원 인천 송도 달빛축제공원 대공연장,2023-09-08,2023-09-08,전체 관람가,0원,https://www.ticketlink.co.kr/product/45233,http://image.toast.com/aaaaab/ticketlink/TKL_7/god_poster.jpg,family:0.3;couple:1.0;single:0.9;티켓링크;공연;인천,2026-08-22 23:33:05
티켓링크,공연,42861,五제 – 대한의 오도(五島)를 노래하다.,오푸스라움 살롱콘서트홀 오푸스라움 살롱콘서트홀,2023-03-24,2023-03-24,전체 관람가,"15,000원",https://www.ticketlink.co.kr/product/42861,http://image.toast.com/aaaaab/ticketlink/TKL_9/main0306.jpg,family:0.3;couple:1.0;single:0.9;티켓링크;공연;대구,2026-08-22 23:33:05
티켓링크,공연,36073,2021 달서청년연극제 <커튼 콜> - 대구,달서아트센터 대구 달서아트센터 와룡홀,2021-11-05,2021-11-06,8세 이상 (전체/초등 이상),"10,000원",https://www.ticketlink.co.kr/product/36073,http://image.toast.com/aaaaab/ticketlink/TKL_6/c1025.jpg,family:0.3;couple:1.0;single:0.9;티켓링크;공연;대구,2026-08-22 23:33:05
티켓링크,전시,33410,[공원벤치가 견뎌야하는 상실의 무게] - 공상모임 作心365 (대구),한울림소극장 한울림소극장,2020-11-13,2020-11-13,전체 관람가 (전 연령),"20,000원",https://www.ticketlink.co.kr/product/33410,http://image.toast.com/aaaaab/ticketlink/TKL_9/hanwoollim_1030_1011(2).jpg,family:0.8;couple:1.0;single:0.9;exhibition:1.0;티켓링크;전시;대구,2026-08-22 23:33:05
티켓링크,공연,13890,2016 썸머페스티벌 : 폐막공연 - 빠리에게 마법을 걸다! (걷다),호텔인터불고 대구 호텔 인터불고 컨벤션홀,2016-07-15,2016-07-15,8세 이상 (전체/초등 이상),"10,000원 ~ 50,000원",https://www.ticketlink.co.kr/product/13890,http://image.toast.com/aaaaab/ticketlink/TKL_2/ssf_main0620(1).jpg,family:0.3;couple:1.0;single:0.9;티켓링크;공연;대구,2026-08-22 23:33:05
티켓링크,전시,53029,연극 <ㅉㅅㅉㅅ> - 부산,공간 소극장 공간 소극장,2024-12-02,2024-12-06,전체 관람가 (전 연령),"30,000원",https://www.ticketlink.co.kr/product/53029,http://image.toast.com/aaaaab/ticketlink/TKL_9/zz_main_1101.jpg,family:0.8;couple:1.0;single:0.9;exhibition:1.0;티켓링크;전시;부산,2026-08-22 23:33:05
티켓링크,공연,43833,모니카xCIFIKA〈쓰인 적 없는 ㅅ〉_싱크넥스트23,세종문화회관 세종문화회관 S씨어터,2023-08-17,2023-08-19,전체 관람가,"45,000원 ~ 55,000원",https://www.ticketlink.co.kr/product/43833,http://image.toast.com/aaaaab/ticketlink/TKL_5/main0620(2).jpg,family:0.3;couple:1.0;single:0.9;티켓링크;공연;서울,2026-08-22 23:33:05
티켓링크,예매권,37232,2022 인천유나이티드 ㅅㅇ전 2게임권,인천축구전용경기장 인천축구전용경기장,2022-02-18,2022-12-29,전체 관람가,"30,000원",https://www.ticketlink.co.kr/product/37232,http://image.toast.com/aaaaab/ticketlink/TKL_8/Incheon_United_FC.png,family:0.3;couple:1.0;single:0.9;티켓링크;예매권;인천,2026-08-22 23:33:05
티켓링크,공연,40003,에델 라인클랑 두번째 팬미팅 #ㅋㅇㅇ,한국방송회관 한국방송회관 코바코홀,2022-09-16,2022-09-16,전체 관람가,"44,000원 ~ 66,000원",https://www.ticketlink.co.kr/product/40003,http://image.toast.com/aaaaab/ticketlink/TKL_5/ㅋㅇㅇ대표이미지405x500_220826.jpg,family:0.3;couple:1.0;single:0.9;티켓링크;공연;서울,2026-08-22 23:33:05
티켓링크,공연,38355,태싯그룹 `ㅋㅋ프로젝트` _싱크넥스트22,세종문화회관 세종문화회관 S씨어터,2022-07-14,2022-07-15,전체 관람가,"50,000원",https://www.ticketlink.co.kr/product/38355,http://image.toast.com/aaaaab/ticketlink/TKL_6/m0510(2).jpg,family:0.3;couple:1.0;single:0.9;티켓링크;공연;서울,2026-08-22 23:33:05
티켓링크,전시,60541,북촌투어,북촌일대 북촌일대,2026-01-02,2026-12-30,전체 관람가 (전 연령),"14,900원",https://www.ticketlink.co.kr/product/60541,http://image.toast.com/aaaaab/ticketlink/TKL_5/n_main1212.jpg,family:0.8;couple:1.0;single:0.9;exhibition:1.0;티켓링크;전시;서울,2026-08-22 23:33:05
티켓링크,가족/어린이,65098,가족뮤지컬 <로봇특공대> - 포항,포항문화예술회관 포항문화예술회관 대공연장,2026-12-26,2026-12-26,전체 관람가 (가족/어린이 동반),"55,000원",https://www.ticketlink.co.kr/product/65098,http://image.toast.com/aaaaab/ticketlink/TKL_6/main0820.jpg,family:1.0;baby:1.0;toddler:1.0;가족어린이동반;티켓링크;공연;경북,2026-08-22 23:33:05
티켓링크,가족/어린이,64735,가족뮤지컬 <스크루지 아저씨의 크리스마스 캐롤> - 수원,수원문화원 수원문화원 빛누리아트홀,2026-12-25,2026-12-26,전체 관람가 (가족/어린이 동반),"50,000원",https://www.ticketlink.co.kr/product/64735,http://image.toast.com/aaaaab/ticketlink/TKL_9/main0803(3).jpg,family:1.0;baby:1.0;toddler:1.0;가족어린이동반;티켓링크;공연;서울,2026-08-22 23:33:05
티켓링크,전시,64762,"<조선시대 성시도(城市圖), 다시 깨어나다>",해든뮤지움 해든뮤지움,2026-07-28,2026-12-30,전체 관람가 (전 연령),"20,000원",https://www.ticketlink.co.kr/product/64762,http://image.toast.com/aaaaab/ticketlink/TKL_3/티켓링크포스터(2).jpg,family:0.8;couple:1.0;single:0.9;exhibition:1.0;티켓링크;전시;인천,2026-08-22 23:33:05
티켓링크,공연,64563,은빛 발레리나 - 경주,경주예술의전당 대연습실 경주예술의전당 대연습실,2026-09-03,2026-12-17,전체 관람가,"170,000원 ~ 255,000원",https://www.ticketlink.co.kr/product/64563,http://image.toast.com/aaaaab/ticketlink/TKL_7/silver_pst0723(1).jpg,family:0.3;couple:1.0;single:0.9;티켓링크;공연;경북,2026-08-22 23:33:05
티켓링크,공연,61243,2026 인문학과 함께하는 브런치콘서트 - 수의사 설채현,아양아트센터 대구 아양아트센터 아양홀,2026-12-08,2026-12-08,8세 이상 (전체/초등 이상),"15,000원",https://www.ticketlink.co.kr/product/61243,http://image.toast.com/aaaaab/ticketlink/TKL_3/br_main_0126.jpg,family:0.3;couple:1.0;single:0.9;티켓링크;공연;대구,2026-08-22 23:33:05
티켓링크,공연,64924,뮤지컬 <아나키스트>,예스24아트원 예스24아트원 1관,2026-09-14,2026-12-05,8세 이상 관람가,"55,000원 ~ 77,000원",https://www.ticketlink.co.kr/product/64924,http://image.toast.com/aaaaab/ticketlink/TKL_1/ana_main_0814(1411).jpg,family:0.3;couple:1.0;single:0.9;티켓링크;공연;서울,2026-08-22 23:33:05
티켓링크,가족/어린이,62984,수성키즈클래식 <별이 빛나는 클래식 콘서트> - 대구,수성아트피아 수성아트피아 소극장,2026-12-04,2026-12-04,전체 관람가 (가족/어린이 동반),"10,000원",https://www.ticketlink.co.kr/product/62984,http://image.toast.com/aaaaab/ticketlink/TKL_4/kids_1205_main0429.jpg,family:1.0;baby:1.0;toddler:1.0;가족어린이동반;티켓링크;공연;대구,2026-08-22 23:33:05
티켓링크,공연,64561,"베니스에서 할렘까지, 시대와 지역을 가로지르는 열두 번의 시선 - 경주",경주예술의전당 대회의실 경주예술의전당 대회의실,2026-09-06,2026-11-29,전체 관람가,"180,000원",https://www.ticketlink.co.kr/product/64561,http://image.toast.com/aaaaab/ticketlink/TKL_10/b_pst0723.jpg,family:0.3;couple:1.0;single:0.9;티켓링크;공연;경북,2026-08-22 23:33:05
티켓링크,전시,47927,세계문화유산 창덕궁,창덕궁 창덕궁,2024-01-12,2026-12-26,전체 관람가 (전 연령),"14,900원",https://www.ticketlink.co.kr/product/47927,http://image.toast.com/aaaaab/ticketlink/TKL_3/changdeok_pst0110.jpg,family:0.8;couple:1.0;single:0.9;exhibition:1.0;티켓링크;전시;서울,2026-08-22 23:33:05
티켓링크,전시,47912,정동 한바퀴,정동길 정동길,2024-01-12,2026-12-25,전체 관람가 (전 연령),"14,900원",https://www.ticketlink.co.kr/product/47912,http://image.toast.com/aaaaab/ticketlink/TKL_10/tour_pst0110.jpg,family:0.8;couple:1.0;single:0.9;exhibition:1.0;티켓링크;전시;서울,2026-08-22 23:33:05
티켓링크,공연,42166,영재한음（국악）회,서울남산국악당 서울남산국악당 크라운해태홀,2023-01-28,2026-12-26,전체 관람가,"30,000원",https://www.ticketlink.co.kr/product/42166,http://image.toast.com/aaaaab/ticketlink/TKL_4/yj_pst0216.jpg,family:0.3;couple:1.0;single:0.9;티켓링크;공연;서울,2026-08-22 23:33:05
티켓링크,전시,47934,예술인의마을 서촌,경복궁 서쪽지역일대 경복궁 서쪽지역일대,2024-01-12,2026-12-25,전체 관람가 (전 연령),"14,900원",https://www.ticketlink.co.kr/product/47934,http://image.toast.com/aaaaab/ticketlink/TKL_6/seochon_pst0110.jpg,family:0.8;couple:1.0;single:0.9;exhibition:1.0;티켓링크;전시;서울,2026-08-22 23:33:05
티켓링크,공연,64812,지브리를 품은 클래식 <우리의 겨울은 따스했다> - 대구,비원뮤직홀 비원뮤직홀 공연장,2026-12-21,2026-12-21,8세 이상 (전체/초등 이상),"20,000원",https://www.ticketlink.co.kr/product/64812,http://image.toast.com/aaaaab/ticketlink/TKL_6/info1_0805.jpg,family:0.3;couple:1.0;single:0.9;티켓링크;공연;대구,2026-08-22 23:33:05
티켓링크,공연,62197,연극 사랑해엄마 (대전),대전예술의전당 대전예술의전당 아트홀,2026-12-24,2026-12-25,8세 이상 관람가,"66,000원",https://www.ticketlink.co.kr/product/62197,http://image.toast.com/aaaaab/ticketlink/TKL_10/lovemom_daejeon_pst0625.jpg,family:0.3;couple:1.0;single:0.9;티켓링크;공연;대전,2026-08-22 23:33:05
티켓링크,가족/어린이,64853,가족뮤지컬 <호두까기인형> - 충주,충주문화회관 충주문화회관,2026-12-24,2026-12-24,전체 관람가 (가족/어린이 동반),"40,000원",https://www.ticketlink.co.kr/product/64853,http://image.toast.com/aaaaab/ticketlink/TKL_7/cj_main_0806.jpg,family:1.0;baby:1.0;toddler:1.0;가족어린이동반;티켓링크;공연;충북,2026-08-22 23:33:05
티켓링크,공연,65061,바다탐험대 옥토넛 시즌4 : 숨겨진 보물을 찾아라! - 용인,용인문예회관 용인시문예회관 처인홀,2026-12-11,2026-12-12,전체 관람가,"70,000원",https://www.ticketlink.co.kr/product/65061,http://image.toast.com/aaaaab/ticketlink/TKL_5/o_pst0819.jpg,family:0.3;couple:1.0;single:0.9;티켓링크;공연;경기,2026-08-22 23:33:05
티켓링크,공연,64984,바다탐험대 옥토넛 시즌4 : 숨겨진 보물을 찾아라! - 부천,복사골문화센터 아트홀 복사골문화센터 아트홀,2026-12-04,2026-12-05,전체 관람가,"70,000원",https://www.ticketlink.co.kr/product/64984,http://image.toast.com/aaaaab/ticketlink/TKL_5/bucheon_pst0814.jpg,family:0.3;couple:1.0;single:0.9;티켓링크;공연;경기,2026-08-22 23:33:05
티켓링크,공연,64293,2026 뮤지컬 <숲속 100층짜리 집> - 대구,천마아트센터 영남대학교 천마아트센터 그랜드홀,2026-11-20,2026-11-21,8세 이상 관람가,"77,000원",https://www.ticketlink.co.kr/product/64293,http://image.toast.com/aaaaab/ticketlink/TKL_10/daegu_pst0708.jpg,family:0.3;couple:1.0;single:0.9;티켓링크;공연;경북,2026-08-22 23:33:05
티켓링크,공연,61083,우카시 트바르코프스키 연출 '로스코',LG아트센터 서울 LG아트센터 서울 LG SIGNATURE 홀,2026-11-12,2026-11-15,전체 관람가,"50,000원 ~ 110,000원",https://www.ticketlink.co.kr/product/61083,http://image.toast.com/aaaaab/ticketlink/TKL_7/main0820(2)(1).jpg,family:0.3;couple:1.0;single:0.9;티켓링크;공연;서울,2026-08-22 23:33:05
티켓링크,공연,64804,지브리를 품은 클래식 <풍성히 깊어가는 가을> - 부산,해운대문화회관 해운대문화회관 고운홀,2026-11-14,2026-11-14,8세 이상 (전체/초등 이상),"30,000원",https://www.ticketlink.co.kr/product/64804,http://image.toast.com/aaaaab/ticketlink/TKL_1/pst_0805.jpg,family:0.3;couple:1.0;single:0.9;티켓링크;공연;부산,2026-08-22 23:33:05
티켓링크,전시,64665,[얼리버드] <시오타 치하루: 기억의 빛 속으로>,헤레디움 / 아트사이트 소제 헤레디움 / 아트사이트 소제,2026-08-29,2027-02-20,전체 관람가 (전 연령),"5,000원",https://www.ticketlink.co.kr/product/64665,http://image.toast.com/aaaaab/ticketlink/TKL_8/chiharu_main07291318.jpg,family:0.8;couple:1.0;single:0.9;exhibition:1.0;티켓링크;전시;대전,2026-08-22 23:33:05
티켓링크,전시,57089,창경궁 인문학산책(야간),창경궁 창경궁,2025-06-30,2026-12-30,전체 관람가 (전 연령),"19,900원",https://www.ticketlink.co.kr/product/57089,http://image.toast.com/aaaaab/ticketlink/TKL_8/ch_main0620.jpg,family:0.8;couple:1.0;single:0.9;exhibition:1.0;티켓링크;전시;서울,2026-08-22 23:33:05
티켓링크,전시,57088,창덕궁 인문학산책,창덕궁 창덕궁,2025-06-30,2026-12-30,전체 관람가 (전 연령),"19,900원",https://www.ticketlink.co.kr/product/57088,http://image.toast.com/aaaaab/ticketlink/TKL_3/chang_720X889_0620.jpg,family:0.8;couple:1.0;single:0.9;exhibition:1.0;티켓링크;전시;서울,2026-08-22 23:33:05
티켓링크,전시,57087,선릉 인문학산책,선릉 선릉,2025-06-30,2026-12-30,전체 관람가 (전 연령),"19,900원",https://www.ticketlink.co.kr/product/57087,http://image.toast.com/aaaaab/ticketlink/TKL_4/sr_720X889_0620.jpg,family:0.8;couple:1.0;single:0.9;exhibition:1.0;티켓링크;전시;서울,2026-08-22 23:33:05
티켓링크,전시,57086,덕수궁 인문학산책 (야간),덕수궁 덕수궁,2025-06-30,2026-12-30,전체 관람가 (전 연령),"19,900원",https://www.ticketlink.co.kr/product/57086,http://image.toast.com/aaaaab/ticketlink/TKL_7/d_pst0620.jpg,family:0.8;couple:1.0;single:0.9;exhibition:1.0;티켓링크;전시;서울,2026-08-22 23:33:05
티켓링크,전시,57085,서울역사박물관 인문학산책,서울역사박물관 서울역사박물관,2025-06-30,2026-12-30,전체 관람가 (전 연령),"19,900원",https://www.ticketlink.co.kr/product/57085,http://image.toast.com/aaaaab/ticketlink/TKL_4/seoul_720X889_0630.jpg,family:0.8;couple:1.0;single:0.9;exhibition:1.0;티켓링크;전시;서울,2026-08-22 23:33:05
티켓링크,전시,57084,경희궁 인문학산책,경희궁 경희궁,2025-06-30,2026-12-30,전체 관람가 (전 연령),"19,900원",https://www.ticketlink.co.kr/product/57084,http://image.toast.com/aaaaab/ticketlink/TKL_7/k_720X889_0620.jpg,family:0.8;couple:1.0;single:0.9;exhibition:1.0;티켓링크;전시;서울,2026-08-22 23:33:05
티켓링크,전시,63476,필립 예니카 기획전: 럭키 럭키 럭키,띠아트 홍대 띠아트 뮤지엄 홍대,2026-06-18,2026-12-30,전체 관람가 (전 연령),"20,000원",https://www.ticketlink.co.kr/product/63476,http://image.toast.com/aaaaab/ticketlink/TKL_4/lucky_main_0518.jpg,family:0.8;couple:1.0;single:0.9;exhibition:1.0;티켓링크;전시;서울,2026-08-22 23:33:05
티켓링크,공연,48982,페인터즈-광화문전용관,광화문 전용관(경향아트힐) 광화문 전용관(경향아트힐),2024-03-24,2026-11-29,전체 관람가,"50,000원 ~ 70,000원",https://www.ticketlink.co.kr/product/48982,http://image.toast.com/aaaaab/ticketlink/TKL_5/p_main_0211.png,family:0.3;couple:1.0;single:0.9;티켓링크;공연;서울,2026-08-22 23:33:05
티켓링크,공연,65010,[안동] 베토벤 합창 교향곡 '환희의 송가',안동문화예술의전당 안동문화예술의전당 웅부홀,2026-11-26,2026-11-26,전체 관람가,"10,000원",https://www.ticketlink.co.kr/product/65010,http://image.toast.com/aaaaab/ticketlink/TKL_8/b_pst0817.jpg,family:0.3;couple:1.0;single:0.9;티켓링크;공연;경북,2026-08-22 23:33:05
티켓링크,공연,64855,뮤지컬 <오셀로와 이아고>,대학로 자유극장 대학로 자유극장,2026-09-07,2026-11-21,8세 이상 관람가,"55,000원 ~ 66,000원",https://www.ticketlink.co.kr/product/64855,http://image.toast.com/aaaaab/ticketlink/TKL_6/o_pst_0807.jpg,family:0.3;couple:1.0;single:0.9;티켓링크;공연;서울,2026-08-22 23:33:05
티켓링크,전시,64599,제 45기 TBC 가요아카데미 (선착순 자유석 예매),대백프라자 대구 대백프라자 10층 프라임홀,2026-09-07,2026-11-16,전체 관람가 (전 연령),"120,000원",https://www.ticketlink.co.kr/product/64599,http://image.toast.com/aaaaab/ticketlink/TKL_8/main0724(4).jpg,family:0.8;couple:1.0;single:0.9;exhibition:1.0;티켓링크;전시;대구,2026-08-22 23:33:05
티켓링크,가족/어린이,62983,수성키즈클래식 <리듬으로 만나는 클래식 놀이터> - 대구,수성아트피아 수성아트피아 소극장,2026-11-13,2026-11-13,전체 관람가 (가족/어린이 동반),"10,000원",https://www.ticketlink.co.kr/product/62983,http://image.toast.com/aaaaab/ticketlink/TKL_2/kids_1114_main0429.jpg,family:1.0;baby:1.0;toddler:1.0;가족어린이동반;티켓링크;공연;대구,2026-08-22 23:33:05
티켓링크,가족/어린이,65097,가족뮤지컬 <로봇 특공대> - 부산기장,차성아트홀 차성아트홀,2026-10-30,2026-10-30,전체 관람가 (가족/어린이 동반),"55,000원",https://www.ticketlink.co.kr/product/65097,http://image.toast.com/aaaaab/ticketlink/TKL_6/main0820.jpg,family:1.0;baby:1.0;toddler:1.0;가족어린이동반;티켓링크;공연;부산,2026-08-22 23:33:05
티켓링크,공연,64722,로프,업스테이지 업스테이지,2026-09-17,2026-10-24,전체 관람가,"44,000원 ~ 55,000원",https://www.ticketlink.co.kr/product/64722,http://image.toast.com/aaaaab/ticketlink/TKL_3/main0802(3).jpg,family:0.3;couple:1.0;single:0.9;티켓링크;공연;서울,2026-08-22 23:33:05
티켓링크,공연,65011,[안동] 안동시립합창단 제32회 정기연주회 - 모차르트  레퀴엠,안동문화예술의전당 안동문화예술의전당 웅부홀,2026-10-21,2026-10-21,전체 관람가,"10,000원",https://www.ticketlink.co.kr/product/65011,http://image.toast.com/aaaaab/ticketlink/TKL_6/req_pst0817.jpg,family:0.3;couple:1.0;single:0.9;티켓링크;공연;경북,2026-08-22 23:33:05
티켓링크,가족/어린이,65002,시대악기로 듣는 모차르트 가족의 음악 이야기,예울마루 여수 GS칼텍스 예울마루 소극장,2026-10-21,2026-10-21,전체 관람가 (가족/어린이 동반),"40,000원",https://www.ticketlink.co.kr/product/65002,http://image.toast.com/aaaaab/ticketlink/TKL_10/mo_pst0818.jpg,family:1.0;baby:1.0;toddler:1.0;가족어린이동반;티켓링크;공연;전남,2026-08-22 23:33:05
티켓링크,공연,60115,금호아트홀 아름다운 목요일 - 모차르트 플러스 II - 폴 루이스 Piano,금호아트홀 연세 금호아트홀 연세,2026-10-21,2026-10-21,전체 관람가,"70,000원 ~ 80,000원",https://www.ticketlink.co.kr/product/60115,http://image.toast.com/aaaaab/ticketlink/TKL_1/m1122.jpg,family:0.3;couple:1.0;single:0.9;티켓링크;공연;서울,2026-08-22 23:33:05
티켓링크,공연,60114,금호아트홀 아름다운 목요일 - 모차르트 플러스 I - 폴 루이스 Piano,금호아트홀 연세 금호아트홀 연세,2026-10-20,2026-10-20,전체 관람가,"70,000원 ~ 80,000원",https://www.ticketlink.co.kr/product/60114,http://image.toast.com/aaaaab/ticketlink/TKL_8/m1122(1).jpg,family:0.3;couple:1.0;single:0.9;티켓링크;공연;서울,2026-08-22 23:33:05
티켓링크,공연,65056,두 명의 피아니스트가 연주하는 모차르트-광주,아트스페이스 아트스페이스 흥학관,2026-10-08,2026-10-08,전체 관람가,0원,https://www.ticketlink.co.kr/product/65056,http://image.toast.com/aaaaab/ticketlink/TKL_7/main0819(1).jpg,family:0.3;couple:1.0;single:0.9;티켓링크;공연;광주,2026-08-22 23:33:05
티켓링크,가족/어린이,64328,어린이 뮤지컬 <달 샤베트>,예울마루 여수 GS칼텍스 예울마루 대극장,2026-09-30,2026-10-03,전체 관람가 (가족/어린이 동반),"66,000원",https://www.ticketlink.co.kr/product/64328,http://image.toast.com/aaaaab/ticketlink/TKL_1/dal_main_0709.png,family:1.0;baby:1.0;toddler:1.0;가족어린이동반;티켓링크;공연;전남,2026-08-22 23:33:05
티켓링크,공연,65084,카피추 뮤직 토크 콘서트 : 천지창조 - 부산,영화의전당 영화의전당 하늘연극장,2026-12-24,2026-12-24,8세 이상 (전체/초등 이상),"44,000원",https://www.ticketlink.co.kr/product/65084,http://image.toast.com/aaaaab/ticketlink/TKL_4/busan_pst0820.jpg,family:0.3;couple:1.0;single:0.9;티켓링크;공연;부산,2026-08-22 23:33:05
티켓링크,공연,64560,내 인생의 클래식 - 경주,경주예술의전당 대회의실 경주예술의전당 대회의실,2026-09-03,2026-12-10,8세 이상 (전체/초등 이상),"180,000원",https://www.ticketlink.co.kr/product/64560,http://image.toast.com/aaaaab/ticketlink/TKL_9/jo_pst0723.jpg,family:0.3;couple:1.0;single:0.9;티켓링크;공연;경북,2026-08-22 23:33:05
티켓링크,가족/어린이,64999,- 크리스마스특집 - 가족뮤지컬 <빨간코 루돌프와산타클로스> - 포항,포항시청 문화동 대잠홀 포항시청 대잠홀,2026-12-18,2026-12-18,전체 관람가 (가족/어린이 동반),"55,000원",https://www.ticketlink.co.kr/product/64999,http://image.toast.com/aaaaab/ticketlink/TKL_9/pst_0814.jpg,family:1.0;baby:1.0;toddler:1.0;가족어린이동반;티켓링크;공연;경북,2026-08-22 23:33:05
티켓링크,가족/어린이,64894,(2026년성탄가족 뮤지컬) 빨간코 루돌프와산타클로스 - 양산,양산문화예술회관 양산문화예술회관 대공연장,2026-12-18,2026-12-18,전체 관람가 (가족/어린이 동반),"20,000원 ~ 30,000원",https://www.ticketlink.co.kr/product/64894,http://image.toast.com/aaaaab/ticketlink/TKL_9/red_pst0811.jpg,family:1.0;baby:1.0;toddler:1.0;가족어린이동반;티켓링크;공연;경남,2026-08-22 23:33:05
티켓링크,가족/어린이,64892,(2026년성탄가족 뮤지컬) 빨간코 루돌프와산타클로스 - 여수,여수시민회관 여수시민회관 대공연장,2026-12-12,2026-12-12,전체 관람가 (가족/어린이 동반),"20,000원 ~ 30,000원",https://www.ticketlink.co.kr/product/64892,http://image.toast.com/aaaaab/ticketlink/TKL_9/red_pst0811.jpg,family:1.0;baby:1.0;toddler:1.0;가족어린이동반;티켓링크;공연;전남,2026-08-22 23:33:05
티켓링크,공연,64905,몽글몽글꿈공장 (판타지 무용컬) - 천안,천안시 성환문화회관 천안시 성환문화회관 대공연장,2026-11-06,2026-11-06,8세 이상 (전체/초등 이상),"30,000원 ~ 50,000원",https://www.ticketlink.co.kr/product/64905,http://image.toast.com/aaaaab/ticketlink/TKL_8/mongle_pst0811.jpg,family:0.3;couple:1.0;single:0.9;티켓링크;공연;충남,2026-08-22 23:33:05
티켓링크,공연,63794,순수한 사랑 이야기를 담은 힐링연극 <아모르파티>,광주빛고을시민문화관 빛고을시민문화관 공연장,2026-12-22,2026-12-26,8세 이상 관람가,"49,000원",https://www.ticketlink.co.kr/product/63794,http://image.toast.com/aaaaab/ticketlink/TKL_9/amr_pst0611.jpg,family:0.3;couple:1.0;single:0.9;티켓링크;공연;광주,2026-08-22 23:33:05
티켓링크,공연,64516,"최백호 50주년 콘서트 <낭만의 50년, 시간의 흔적을 노래하다> - 창원",창원 3.15 아트센터 창원 3.15 아트센터 대극장,2026-12-04,2026-12-04,8세 이상 (전체/초등 이상),"110,000원 ~ 143,000원",https://www.ticketlink.co.kr/product/64516,http://image.toast.com/aaaaab/ticketlink/TKL_10/50_main_0720.jpg,family:0.3;couple:1.0;single:0.9;티켓링크;공연;경남,2026-08-22 23:33:05
티켓링크,공연,64595,공룡애니멀쇼 시즌3 - 파주,파주 문산행복센터 파주 문산행복센터,2026-11-13,2026-11-13,전체 관람가,"21,000원",https://www.ticketlink.co.kr/product/64595,http://image.toast.com/aaaaab/ticketlink/TKL_8/main0724(3).jpg,family:0.3;couple:1.0;single:0.9;티켓링크;공연;경기,2026-08-22 23:33:05
티켓링크,공연,60490,아.파.트.,세종문화회관 세종문화회관 M씨어터,2026-10-23,2026-11-13,전체 관람가,"40,000원 ~ 60,000원",https://www.ticketlink.co.kr/product/60490,http://image.toast.com/aaaaab/ticketlink/TKL_7/m0105.jpg,family:0.3;couple:1.0;single:0.9;티켓링크;공연;서울,2026-08-22 23:33:05
티켓링크,가족/어린이,63225,가족인형극 <속임수에 걸린 꾀보토끼> 광주,공연일번지 공연일번지,2026-06-05,2026-11-06,전체 관람가 (가족/어린이 동반),"15,000원",https://www.ticketlink.co.kr/product/63225,http://image.toast.com/aaaaab/ticketlink/TKL_10/rabbit_260514_main.png,family:1.0;baby:1.0;toddler:1.0;가족어린이동반;티켓링크;전시;광주,2026-08-22 23:33:05
티켓링크,전시,63927,앙리마티스와 파리의 화가들,"문화제조창 본관 청주시한국공예관 갤러리 3,5 전시실 문화제조창 본관 청주시한국공예관 갤러리 3,5 전시실",2026-07-15,2026-10-24,전체 관람가 (전 연령),"20,000원",https://www.ticketlink.co.kr/product/63927,http://image.toast.com/aaaaab/ticketlink/TKL_9/web_ticketlink_01.jpg,family:0.8;couple:1.0;single:0.9;exhibition:1.0;티켓링크;전시;충북,2026-08-22 23:33:05
티켓링크,가족/어린이,64546,2026 가족체험극 < AI로봇과 함께하는 - 사이언스 마술쇼 > - 목포,목포시민문화체육센터 목포시민문화체육센터 소공연장,2026-12-12,2026-12-12,전체 관람가 (가족/어린이 동반),"50,000원",https://www.ticketlink.co.kr/product/64546,http://image.toast.com/aaaaab/ticketlink/TKL_10/AI_MAIN_0722.png,family:1.0;baby:1.0;toddler:1.0;가족어린이동반;티켓링크;공연;전남,2026-08-22 23:33:05
티켓링크,전시,63744,뱅크시 : Still Here,더현대서울 더현대 서울 ALT.1,2026-07-21,2026-11-02,전체 관람가 (전 연령),"18,000원",https://www.ticketlink.co.kr/product/63744,http://image.toast.com/aaaaab/ticketlink/TKL_10/뱅크시스틸히얼-포스터_720x889.jpg,family:0.8;couple:1.0;single:0.9;exhibition:1.0;티켓링크;전시;서울,2026-08-22 23:33:05
티켓링크,전시,64626,페이퍼 후추-사각사각의 순간들 인 울산,장생포문화창고 장생포문화창고,2026-07-31,2026-10-31,전체 관람가 (전 연령),"5,000원",https://www.ticketlink.co.kr/product/64626,http://image.toast.com/aaaaab/ticketlink/TKL_2/티켓링크_포스터_720x889_jpg.jpg,family:0.8;couple:1.0;single:0.9;exhibition:1.0;티켓링크;전시;울산,2026-08-22 23:33:05
티켓링크,전시,64978,(사전예매) 식객: 맛의 뒤편,국립아시아문화전당 국립아시아문화전당,2026-09-16,2026-10-30,전체 관람가 (전 연령),"7,000원",https://www.ticketlink.co.kr/product/64978,http://image.toast.com/aaaaab/ticketlink/TKL_4/720x890_1.jpg,family:0.8;couple:1.0;single:0.9;exhibition:1.0;티켓링크;전시;광주,2026-08-22 23:33:05
티켓링크,전시,64700,"2026 세계유산축전 기획행사 <반구대 야별행 ‘달 아래, 반구대‘>",울산시 반구대 암각화 일원 울산시 반구대 암각화 일원,2026-09-07,2026-09-18,전체 관람가 (전 연령),0원,https://www.ticketlink.co.kr/product/64700,http://image.toast.com/aaaaab/ticketlink/TKL_3/u_main_0811.jpg,family:0.8;couple:1.0;single:0.9;exhibition:1.0;티켓링크;전시;울산,2026-08-22 23:33:05
티켓링크,공연,65128,2026 여수세계섬박람회 개막식,2026여수세계섬박람회 주행사장 열린무대 2026여수세계섬박람회 주행사장 열린무대,2026-09-04,2026-09-04,전체 관람가,0원,https://www.ticketlink.co.kr/product/65128,http://image.toast.com/aaaaab/ticketlink/TKL_4/ys_main_0821.jpg,family:0.3;couple:1.0;single:0.9;티켓링크;공연;전남,2026-08-22 23:33:05
티켓링크,전시,63204,[펫캉스 프로모션] 2026 트리토피아 <와우와우 포레스트> - 대구,대구 엑스코 엑스코 서관 1홀,2026-07-17,2026-08-22,전체 관람가 (전 연령),"14,000원",https://www.ticketlink.co.kr/product/63204,http://image.toast.com/aaaaab/ticketlink/TKL_1/POSTER_0814.jpeg,family:0.8;couple:1.0;single:0.9;exhibition:1.0;티켓링크;전시;대구,2026-08-22 23:33:05
티켓링크,공연,63942,2026 카오스 콘서트 : 인긴-인간-인갼,연세대학교 연세대학교 백주년기념관 콘서트홀,2026-07-31,2026-07-31,8세 이상 (전체/초등 이상),"40,000원",https://www.ticketlink.co.kr/product/63942,http://image.toast.com/aaaaab/ticketlink/TKL_5/main0617.jpg,family:0.3;couple:1.0;single:0.9;티켓링크;공연;서울,2026-08-22 23:33:05
티켓링크,전시,61560,이터널 리턴 3주년 페스티벌,DCC대전컨벤션센터 제1전시장 DCC대전컨벤션센터 제1전시장,2026-07-10,2026-07-11,전체 관람가 (전 연령),"22,000원",https://www.ticketlink.co.kr/product/61560,http://image.toast.com/aaaaab/ticketlink/TKL_8/이터널리턴3주년페스티벌_대표이미지(405)_0504.png,family:0.8;couple:1.0;single:0.9;exhibition:1.0;티켓링크;전시;대전,2026-08-22 23:33:05
티켓링크,공연,63905,2026 대구치맥페스티벌 <프리미엄 사전예약존>,두류공원 2.28자유광장 두류공원 2.28자유광장,2026-06-30,2026-07-04,8세 이상 (전체/초등 이상),"85,000원",https://www.ticketlink.co.kr/product/63905,http://image.toast.com/aaaaab/ticketlink/TKL_2/beer_pst0611.jpg,family:0.3;couple:1.0;single:0.9;티켓링크;공연;대구,2026-08-22 23:33:05
티켓링크,전시,62298,제17회 대구꽃박람회,대구 엑스코 대구 엑스코 1층 동관 전시장,2026-06-03,2026-06-06,전체 관람가 (전 연령),"6,000원",https://www.ticketlink.co.kr/product/62298,http://image.toast.com/aaaaab/ticketlink/TKL_9/flower_pst0320.jpg,family:0.8;couple:1.0;single:0.9;exhibition:1.0;티켓링크;전시;대구,2026-08-22 23:33:05
티켓링크,공연,62766,2026 창경궁 야연 (상반기),창경궁 창경궁 문정전,2026-05-06,2026-05-16,전체 관람가,"50,000원",https://www.ticketlink.co.kr/product/62766,http://image.toast.com/aaaaab/ticketlink/TKL_7/NIGHT_pst0416.jpg,family:0.3;couple:1.0;single:0.9;티켓링크;공연;서울,2026-08-22 23:33:05
티켓링크,전시,62893,2026 대구약령시한방문화축제  <황금둥글레를 찾아라!> 체험권 사전예매!,대구약령시 천일한약방 앞 대구약령시 천일한약방 앞,2026-05-06,2026-05-09,전체 관람가 (전 연령),"1,000원",https://www.ticketlink.co.kr/product/62893,http://image.toast.com/aaaaab/ticketlink/TKL_1/dg_main_0423.png,family:0.8;couple:1.0;single:0.9;exhibition:1.0;티켓링크;전시;대구,2026-08-22 23:33:05
티켓링크,공연,62494,"2026 경복궁 생과방 특별행사 '유주(幼主), 생과방의 봄'",경복궁 경복궁 생과방,2026-04-26,2026-05-02,전체 관람가,0원,https://www.ticketlink.co.kr/product/62494,http://image.toast.com/aaaaab/ticketlink/TKL_10/생과방특별_main_0414.jpg,family:0.3;couple:1.0;single:0.9;티켓링크;공연;서울,2026-08-22 23:33:05
티켓링크,가족/어린이,64903,[극단예일40주년 티켓반값이벤트]2026가족뮤지컬<겨울왕국 시즌3> - 대구,대구어린이세상 대구어린이세상 꾀꼬리극장,2026-10-30,2026-10-31,전체 관람가 (가족/어린이 동반),"50,000원",https://www.ticketlink.co.kr/product/64903,http://image.toast.com/aaaaab/ticketlink/TKL_8/w_0811.jpg,family:1.0;baby:1.0;toddler:1.0;가족어린이동반;티켓링크;공연;대구,2026-08-22 23:33:05
티켓링크,가족/어린이,64488,가족뮤지컬 <메탈카드봇W> - 서울,티켓링크 1975 씨어터 티켓링크 1975 씨어터,2026-10-02,2026-10-10,전체 관람가 (가족/어린이 동반),"42,900원 ~ 54,900원",https://www.ticketlink.co.kr/product/64488,http://image.toast.com/aaaaab/ticketlink/TKL_1/metal_pst0720.jpg,family:1.0;baby:1.0;toddler:1.0;가족어린이동반;티켓링크;공연;서울,2026-08-22 23:33:05
티켓링크,전시,64655,2026 ACC 엑스뮤직페스티벌 - 얼리버드 티켓,국립아시아문화전당 국립아시아문화전당 예술극장 일대,2026-09-30,2026-10-03,전체 관람가 (전 연령),"70,000원",https://www.ticketlink.co.kr/product/64655,http://image.toast.com/aaaaab/ticketlink/TKL_9/acc_pst0730.jpg,family:0.8;couple:1.0;single:0.9;exhibition:1.0;티켓링크;전시;광주,2026-08-22 23:33:05
티켓링크,가족/어린이,64451,쇼뮤지컬 <프린세스 캐치! 티니핑>,티켓링크 1975 씨어터 티켓링크 1975 씨어터 (구 어린이회관 문화관),2026-09-23,2026-09-26,전체 관람가 (가족/어린이 동반),"70,000원",https://www.ticketlink.co.kr/product/64451,http://image.toast.com/aaaaab/ticketlink/TKL_7/c_main_0715.jpg,family:1.0;baby:1.0;toddler:1.0;가족어린이동반;티켓링크;공연;서울,2026-08-22 23:33:05
티켓링크,공연,64771,2026 김용빈 콘서트 '세레나데',티켓링크 라이브 아레나 티켓링크 라이브 아레나,2026-09-18,2026-09-19,8세 이상 (전체/초등 이상),"132,000원 ~ 165,000원",https://www.ticketlink.co.kr/product/64771,http://image.toast.com/aaaaab/ticketlink/TKL_1/kim-pst0804.jpg,family:0.3;couple:1.0;single:0.9;티켓링크;공연;서울,2026-08-22 23:33:05
티켓링크,가족/어린이,64918,[부산] 라이브 시트콤 뮤지컬 <인싸가족>,소향씨어터 소향씨어터 우리은행홀,2026-10-16,2026-10-17,전체 관람가 (가족/어린이 동반),"50,000원 ~ 70,000원",https://www.ticketlink.co.kr/product/64918,http://image.toast.com/aaaaab/ticketlink/TKL_3/main0811(1).jpg,family:1.0;baby:1.0;toddler:1.0;가족어린이동반;티켓링크;공연;부산,2026-08-22 23:33:05
티켓링크,전시,64835,[예매권 추첨] 2026 덕수궁 밤의 석조전 (하반기),덕수궁 석조전 덕수궁 석조전,2026-09-08,2026-10-17,전체 관람가 (전 연령),0원,https://www.ticketlink.co.kr/product/64835,http://image.toast.com/aaaaab/ticketlink/TKL_10/seokjo_main_0805.jpg,family:0.8;couple:1.0;single:0.9;exhibition:1.0;티켓링크;전시;서울,2026-08-22 23:33:05
티켓링크,전시,64919,[예매권 추첨] 2026 창덕궁 달빛기행 (하반기),창덕궁 창덕궁,2026-09-09,2026-10-16,전체 관람가 (전 연령),0원,https://www.ticketlink.co.kr/product/64919,http://image.toast.com/aaaaab/ticketlink/TKL_8/moon_main_0807.jpg,family:0.8;couple:1.0;single:0.9;exhibition:1.0;티켓링크;전시;서울,2026-08-22 23:33:05
티켓링크,가족/어린이,64917,[울산] 라이브 시트콤 뮤지컬 <인싸가족>,울산문화예술회관 울산문화예술회관 대공연장,2026-10-10,2026-10-10,전체 관람가 (가족/어린이 동반),"50,000원 ~ 70,000원",https://www.ticketlink.co.kr/product/64917,http://image.toast.com/aaaaab/ticketlink/TKL_1/main0811(2).jpg,family:1.0;baby:1.0;toddler:1.0;가족어린이동반;티켓링크;공연;울산,2026-08-22 23:33:05
티켓링크,공연,65103,파리에서 온 편지 - 대구,수성아트피아 수성아트피아 소극장,2026-09-17,2026-09-17,전체 관람가,"20,000원",https://www.ticketlink.co.kr/product/65103,http://image.toast.com/aaaaab/ticketlink/TKL_2/main0820(2).jpg,family:0.3;couple:1.0;single:0.9;티켓링크;공연;대구,2026-08-22 23:33:05
티켓링크,공연,63536,뮤지컬 더 픽션 - 포항 (일반예매),포항시청 문화동 대잠홀 포항시청 대잠홀,2026-08-27,2026-08-28,8세 이상 관람가,"10,000원 ~ 30,000원",https://www.ticketlink.co.kr/product/63536,http://image.toast.com/aaaaab/ticketlink/TKL_4/fic_main_0527.jpg,family:0.3;couple:1.0;single:0.9;티켓링크;공연;경북,2026-08-22 23:33:05
티켓링크,전시,64787,[예매권 추첨] 2026 경복궁 생과방 (하반기),경복궁 경복궁 소주방,2026-09-01,2026-10-25,전체 관람가 (전 연령),0원,https://www.ticketlink.co.kr/product/64787,http://image.toast.com/aaaaab/ticketlink/TKL_5/생과방_main_0811.jpg,family:0.8;couple:1.0;single:0.9;exhibition:1.0;티켓링크;전시;서울,2026-08-22 23:33:05
티켓링크,전시,64509,그랜드 민트 페스티벌 2026,올림픽공원 한얼광장 올림픽공원,2026-10-16,2026-10-17,전체 관람가 (전 연령),"132,000원",https://www.ticketlink.co.kr/product/64509,http://image.toast.com/aaaaab/ticketlink/TKL_10/mint_pst0721.jpg,family:0.8;couple:1.0;single:0.9;exhibition:1.0;티켓링크;전시;서울,2026-08-22 23:33:05
티켓링크,전시,63999,"[특별전] 한국 미술, 조선 후기부터 현대까지 - 경주",경주예술의전당 경주예술의전당 알천미술관 갤러리해(4F),2026-06-29,2026-10-17,전체 관람가 (전 연령),"5,000원",https://www.ticketlink.co.kr/product/63999,http://image.toast.com/aaaaab/ticketlink/TKL_10/gj_korea_0619.jpg,family:0.8;couple:1.0;single:0.9;exhibition:1.0;티켓링크;전시;경북,2026-08-22 23:33:05
티켓링크,전시,64319,2026 GHOST 페스티벌,임진각 평화누리 임진각평화누리,2026-10-08,2026-10-10,전체 관람가 (전 연령),"96,000원",https://www.ticketlink.co.kr/product/64319,http://image.toast.com/aaaaab/ticketlink/TKL_9/main_720_890_0709.jpg,family:0.8;couple:1.0;single:0.9;exhibition:1.0;티켓링크;전시;경기,2026-08-22 23:33:05
티켓링크,공연,64865,우리가 노래하는 세상 - 청소년 합창 페스티벌 (대구),수성아트피아 수성아트피아 대극장,2026-09-18,2026-09-18,8세 이상 (전체/초등 이상),"5,000원",https://www.ticketlink.co.kr/product/64865,http://image.toast.com/aaaaab/ticketlink/TKL_6/ssartpia_01_02_02_01.jpg,family:0.3;couple:1.0;single:0.9;티켓링크;공연;대구,2026-08-22 23:33:05
티켓링크,공연,64850,DSAC 아트 페스티벌 <2026 달서청년연극제>,달서아트센터 달서아트센터 와룡홀,2026-09-04,2026-09-11,8세 이상 (전체/초등 이상),0원,https://www.ticketlink.co.kr/product/64850,http://image.toast.com/aaaaab/ticketlink/TKL_9/ds_pst_0818.jpg,family:0.3;couple:1.0;single:0.9;티켓링크;공연;대구,2026-08-22 23:33:05
티켓링크,전시,64420,사운드 플래닛 페스티벌 2026,인천 파라다이스시티 파라다이스시티,2026-09-04,2026-09-05,전체 관람가 (전 연령),"118,800원",https://www.ticketlink.co.kr/product/64420,http://image.toast.com/aaaaab/ticketlink/TKL_7/pst_0807(1).jpg,family:0.8;couple:1.0;single:0.9;exhibition:1.0;티켓링크;전시;인천,2026-08-22 23:33:05
티켓링크,전시,64985,사운드 플래닛 페스티벌 2026 <미드나잇 파티> - 인천,파라다이스시티 클럽 크로마 파라다이스시티 클럽 크로마,2026-09-04,2026-09-04,전체 관람가 (전 연령),"88,000원",https://www.ticketlink.co.kr/product/64985,http://image.toast.com/aaaaab/ticketlink/TKL_10/main0814.jpg,family:0.8;couple:1.0;single:0.9;exhibition:1.0;티켓링크;전시;인천,2026-08-22 23:33:05
티켓링크,공연,63621,Sustainable Wave Festival 서스테이너블 웨이브 페스티벌,인천 문학경기장 주경기장 인천 문학경기장 주경기장,2026-08-28,2026-08-29,8세 이상 (전체/초등 이상),"110,000원",https://www.ticketlink.co.kr/product/63621,http://image.toast.com/aaaaab/ticketlink/TKL_4/sus_pst_0704.jpg,family:0.3;couple:1.0;single:0.9;티켓링크;공연;인천,2026-08-22 23:33:05
티켓링크,공연,63403,대구동성로공포연극 <스위치>,대구문화예술전용극장 CT 대구문화예술전용극장 CT,2026-07-08,2026-08-29,8세 이상 관람가,"40,000원",https://www.ticketlink.co.kr/product/63403,http://image.toast.com/aaaaab/ticketlink/TKL_8/S_PST_0521.jpg,family:0.3;couple:1.0;single:0.9;티켓링크;공연;대구,2026-08-22 23:33:05
티켓링크,공연,64842,뮤지컬 <전설의 리틀 농구단> - 경주,경주예술의전당 경주예술의전당 화랑홀,2026-09-10,2026-09-10,8세 이상 관람가,"15,000원 ~ 50,000원",https://www.ticketlink.co.kr/product/64842,http://image.toast.com/aaaaab/ticketlink/TKL_8/main0806(6).jpg,family:0.3;couple:1.0;single:0.9;티켓링크;공연;경북,2026-08-22 23:33:05
티켓링크,전시,64508,2026 경주 워터풀 페스티벌 - 스플래시존,경주실내체육관 경주실내체육관,2026-08-14,2026-08-22,전체 관람가 (전 연령),0원,https://www.ticketlink.co.kr/product/64508,http://image.toast.com/aaaaab/ticketlink/TKL_7/water_main_0721.jpg,family:0.8;couple:1.0;single:0.9;exhibition:1.0;티켓링크;전시;경북,2026-08-22 23:33:05
티켓링크,공연,64634,ZFN ORIGIN 05,레이어스튜디오 11 레이어스튜디오 11,2026-08-21,2026-08-21,전체 관람가,"59,000원 ~ 199,000원",https://www.ticketlink.co.kr/product/64634,http://image.toast.com/aaaaab/ticketlink/TKL_8/zfn_poster.png,family:0.3;couple:1.0;single:0.9;티켓링크;공연;서울,2026-08-22 23:33:05
티켓링크,공연,64495,2026 KEL 이터널 리턴 미드시즌컵,광주 이스포츠 경기장 광주 이스포츠 경기장,2026-07-31,2026-08-01,전체 관람가,"15,000원",https://www.ticketlink.co.kr/product/64495,http://image.toast.com/aaaaab/ticketlink/TKL_8/main0720(4).jpg,family:0.3;couple:1.0;single:0.9;티켓링크;공연;광주,2026-08-22 23:33:05
티켓링크,공연,64187,2026 뉴캄옥션,상암 콜로세움 상암 SOOP 콜로세움,2026-07-03,2026-07-03,전체 관람가,"15,000원",https://www.ticketlink.co.kr/product/64187,http://image.toast.com/aaaaab/ticketlink/TKL_6/main0701.png,family:0.3;couple:1.0;single:0.9;티켓링크;공연;서울,2026-08-22 23:33:05
티켓링크,공연,63098,뮤지컬 <전설의 리틀 농구단> - 대구,대구학생문화센터 대구학생문화센터 대공연장,2026-06-19,2026-06-19,8세 이상 관람가,"10,000원 ~ 20,000원",https://www.ticketlink.co.kr/product/63098,http://image.toast.com/aaaaab/ticketlink/TKL_9/main0506(3).jpg,family:0.3;couple:1.0;single:0.9;티켓링크;공연;대구,2026-08-22 23:33:05
티켓링크,공연,60511,로블록스 X SOOP e스포츠 페스타,상암 콜로세움 상암 SOOP 콜로세움,2025-12-20,2025-12-20,전체 관람가,"5,000원 ~ 10,000원",https://www.ticketlink.co.kr/product/60511,http://image.toast.com/aaaaab/ticketlink/TKL_1/20251215_티켓링크_사이트용_대표이미지.png,family:0.3;couple:1.0;single:0.9;티켓링크;공연;서울,2026-08-22 23:33:05
티켓링크,전시,59504,블루 아카이브 4주년 페스티벌 (Blue Archive 4th anniversary Festival),"일산 킨텍스 킨텍스 제1전시장 1홀,2홀",2025-11-28,2025-11-29,전체 관람가 (전 연령),"10,000원",https://www.ticketlink.co.kr/product/59504,http://image.toast.com/aaaaab/ticketlink/TKL_4/blue_main_1103.jpg,family:0.8;couple:1.0;single:0.9;exhibition:1.0;티켓링크;전시;경기,2026-08-22 23:33:05
티켓링크,공연,59170,2025 SPOTLIGHT SERIES Pacific x GES ASIA,광주 이스포츠 경기장 광주 이스포츠 경기장,2025-10-29,2025-11-01,전체 관람가,"5,000원",https://www.ticketlink.co.kr/product/59170,http://image.toast.com/aaaaab/ticketlink/TKL_8/ss_251013_1304.jpg,family:0.3;couple:1.0;single:0.9;티켓링크;공연;광주,2026-08-22 23:33:05
티켓링크,공연,64288,서울시국악관현악단 / 2026 대한민국국악관현악축제,세종문화회관 세종문화회관 M씨어터,2026-10-16,2026-10-16,전체 관람가,"10,000원",https://www.ticketlink.co.kr/product/64288,http://image.toast.com/aaaaab/ticketlink/TKL_5/main0802(1).jpg,family:0.3;couple:1.0;single:0.9;티켓링크;공연;서울,2026-08-22 23:33:05
티켓링크,공연,64277,천안시충남국악관현악단 / 2026 대한민국국악관현악축제,세종문화회관 세종문화회관 M씨어터,2026-10-15,2026-10-15,전체 관람가,"10,000원",https://www.ticketlink.co.kr/product/64277,http://image.toast.com/aaaaab/ticketlink/TKL_1/main0802(3).jpg,family:0.3;couple:1.0;single:0.9;티켓링크;공연;서울,2026-08-22 23:33:05
티켓링크,공연,64279,부산시립국악관현악단 / 2026 대한민국국악관현악축제,세종문화회관 세종문화회관 M씨어터,2026-10-14,2026-10-14,전체 관람가,"10,000원",https://www.ticketlink.co.kr/product/64279,http://image.toast.com/aaaaab/ticketlink/TKL_6/main0802(2).jpg,family:0.3;couple:1.0;single:0.9;티켓링크;공연;서울,2026-08-22 23:33:05
티켓링크,공연,64281,국립국악원창작악단 / 2026 대한민국국악관현악축제,세종문화회관 세종문화회관 M씨어터,2026-10-13,2026-10-13,전체 관람가,"10,000원",https://www.ticketlink.co.kr/product/64281,http://image.toast.com/aaaaab/ticketlink/TKL_8/main0802(3).jpg,family:0.3;couple:1.0;single:0.9;티켓링크;공연;서울,2026-08-22 23:33:05
티켓링크,공연,64280,성남시립국악단 / 2026 대한민국국악관현악축제,세종문화회관 세종문화회관 M씨어터,2026-10-12,2026-10-12,전체 관람가,"10,000원",https://www.ticketlink.co.kr/product/64280,http://image.toast.com/aaaaab/ticketlink/TKL_8/main0802(2).jpg,family:0.3;couple:1.0;single:0.9;티켓링크;공연;서울,2026-08-22 23:33:05
티켓링크,공연,64282,강원특별자치도립국악관현악단 / 2026 대한민국국악관현악축제,세종문화회관 세종문화회관 M씨어터,2026-10-10,2026-10-10,전체 관람가,"10,000원",https://www.ticketlink.co.kr/product/64282,http://image.toast.com/aaaaab/ticketlink/TKL_1/main0802(5).jpg,family:0.3;couple:1.0;single:0.9;티켓링크;공연;서울,2026-08-22 23:33:05
티켓링크,공연,64276,〈특별공연〉중앙국악관현악단 / 2026 대한민국국악관혁악축제,세종문화회관 세종문화회관 M씨어터,2026-10-09,2026-10-09,전체 관람가,"10,000원",https://www.ticketlink.co.kr/product/64276,http://image.toast.com/aaaaab/ticketlink/TKL_4/main0802(1).jpg,family:0.3;couple:1.0;single:0.9;티켓링크;공연;서울,2026-08-22 23:33:05
티켓링크,공연,64278,진주시립국악관현악단 / 2026 대한민국국악관현악축제,세종문화회관 세종문화회관 M씨어터,2026-10-08,2026-10-08,전체 관람가,"10,000원",https://www.ticketlink.co.kr/product/64278,http://image.toast.com/aaaaab/ticketlink/TKL_6/main0802(1).jpg,family:0.3;couple:1.0;single:0.9;티켓링크;공연;서울,2026-08-22 23:33:05
티켓링크,공연,60473,트리플 빌 〈올 포 한스 판 마넨〉,세종문화회관 세종문화회관 M씨어터,2026-11-18,2026-11-21,전체 관람가,"50,000원 ~ 70,000원",https://www.ticketlink.co.kr/product/60473,http://image.toast.com/aaaaab/ticketlink/TKL_3/m0105.jpg,family:0.3;couple:1.0;single:0.9;티켓링크;공연;서울,2026-08-22 23:33:05
티켓링크,공연,64667,국립현대무용단 <트리플 빌>,예울마루 GS칼텍스 예울마루 대극장,2026-10-13,2026-10-13,8세 이상 (전체/초등 이상),"40,000원 ~ 60,000원",https://www.ticketlink.co.kr/product/64667,http://image.toast.com/aaaaab/ticketlink/TKL_4/tri_p_0814(1807).jpg,family:0.3;couple:1.0;single:0.9;티켓링크;공연;전남,2026-08-22 23:33:05
티켓링크,공연,65044,2026 제4회 무용비엔날레,천마아트센터 천마아트센터 그랜드홀,2026-09-18,2026-09-18,8세 이상 (전체/초등 이상),"30,000원 ~ 66,000원",https://www.ticketlink.co.kr/product/65044,http://image.toast.com/aaaaab/ticketlink/TKL_2/pst_0819(1).jpg,family:0.3;couple:1.0;single:0.9;티켓링크;공연;경북,2026-08-22 23:33:05
티켓링크,공연,64717,"유망예술가 발굴 프로젝트 무용 <두 개의 결, 하나의 무대>",대구북구어울아트센터 어울아트센터 함지홀,2026-09-17,2026-09-17,8세 이상 (전체/초등 이상),"15,000원",https://www.ticketlink.co.kr/product/64717,http://image.toast.com/aaaaab/ticketlink/TKL_2/two_pst0804.jpg,family:0.3;couple:1.0;single:0.9;티켓링크;공연;대구,2026-08-22 23:33:05
티켓링크,공연,64943,안다미로아트컴퍼니 현대무용 <문> - 경산,경산시민회관 경산시민회관 대공연장,2026-09-12,2026-09-12,8세 이상 (전체/초등 이상),"10,000원",https://www.ticketlink.co.kr/product/64943,http://image.toast.com/aaaaab/ticketlink/TKL_4/main0812(4).jpg,family:0.3;couple:1.0;single:0.9;티켓링크;공연;경북,2026-08-22 23:33:05
티켓링크,공연,65029,2026 남구청년예술제 - 대구,대덕문화전당 대덕문화전당 드림홀,2026-09-09,2026-09-10,전체 관람가,0원,https://www.ticketlink.co.kr/product/65029,http://image.toast.com/aaaaab/ticketlink/TKL_7/namgu_pst0818.jpg,family:0.3;couple:1.0;single:0.9;티켓링크;공연;대구,2026-08-22 23:33:05
티켓링크,공연,64828,최재형고려인민족학교 아리랑예술단 포항초청공연 연해주 아리랑,포항시청 문화동 대잠홀 포항시청 대잠홀,2026-09-10,2026-09-10,전체 관람가,0원,https://www.ticketlink.co.kr/product/64828,http://image.toast.com/aaaaab/ticketlink/TKL_4/y_info1_0806.jpg,family:0.3;couple:1.0;single:0.9;티켓링크;공연;경북,2026-08-22 23:33:05
티켓링크,공연,64692,"아트컴퍼니 그루의 <소리의 결, 울림> - 대구",아양아트센터 대구 아양아트센터 아양홀,2026-09-10,2026-09-10,전체 관람가,0원,https://www.ticketlink.co.kr/product/64692,http://image.toast.com/aaaaab/ticketlink/TKL_5/ay_pst0730.jpg,family:0.3;couple:1.0;single:0.9;티켓링크;공연;대구,2026-08-22 23:33:05
티켓링크,공연,63163,연극 사랑해엄마 (울산),울산문화예술회관 울산문화예술회관 대공연장,2026-12-18,2026-12-19,8세 이상 관람가,"55,000원 ~ 66,000원",https://www.ticketlink.co.kr/product/63163,http://image.toast.com/aaaaab/ticketlink/TKL_10/lovemom_ulsan_pst0624.jpg,family:0.3;couple:1.0;single:0.9;티켓링크;공연;울산,2026-08-22 23:33:05
티켓링크,전시,57083,경복궁 인문학산책,경복궁 경복궁,2025-06-30,2026-12-30,전체 관람가 (전 연령),"19,900원",https://www.ticketlink.co.kr/product/57083,http://image.toast.com/aaaaab/ticketlink/TKL_1/g-720X889_0620.jpg,family:0.8;couple:1.0;single:0.9;exhibition:1.0;티켓링크;전시;서울,2026-08-22 23:33:05
티켓링크,전시,57082,국립고궁박물관 인문학산책,국립고궁박물관 국립고궁박물관,2025-06-30,2026-12-30,전체 관람가 (전 연령),"19,900원",https://www.ticketlink.co.kr/product/57082,http://image.toast.com/aaaaab/ticketlink/TKL_8/pst_720X889_0620.jpg,family:0.8;couple:1.0;single:0.9;exhibition:1.0;티켓링크;전시;서울,2026-08-22 23:33:05
티켓링크,전시,60991,약선음식체험 원데이 클래스,서울한방진흥센터 서울한방진흥센터 3층 약선음식체험관,2026-01-23,2026-12-04,전체 관람가 (전 연령),"15,000원",https://www.ticketlink.co.kr/product/60991,http://image.toast.com/aaaaab/ticketlink/TKL_9/main_720(11).jpg,family:0.8;couple:1.0;single:0.9;exhibition:1.0;티켓링크;전시;서울,2026-08-22 23:33:05
티켓링크,가족/어린이,62378,뮤지컬 <장수탕 선녀님> - 서울어린이대공원,서울어린이대공원 아트센터 서울어린이대공원 아트센터,2026-03-13,2026-11-28,전체 관람가 (가족/어린이 동반),"66,000원",https://www.ticketlink.co.kr/product/62378,http://image.toast.com/aaaaab/ticketlink/TKL_6/jang_main_0325(1).jpg,family:1.0;baby:1.0;toddler:1.0;가족어린이동반;티켓링크;공연;서울,2026-08-22 23:33:05
티켓링크,공연,64750,스테이지엠 크리스마스 영화음악 & 캐롤 콘서트 2026 - 수원,경기아트센터 경기아트센터 소극장,2026-12-12,2026-12-12,8세 이상 (전체/초등 이상),"40,000원",https://www.ticketlink.co.kr/product/64750,http://image.toast.com/aaaaab/ticketlink/TKL_6/gg_mani_0803.jpg,family:0.3;couple:1.0;single:0.9;티켓링크;공연;경기,2026-08-22 23:33:05
티켓링크,공연,64062,지브리와 사랑에 빠지다 : 지브리 영화음악 콘서트 2026 - 의정부 앙코르,의정부 예술의전당 의정부예술의전당 소극장,2026-12-04,2026-12-04,8세 이상 (전체/초등 이상),"40,000원",https://www.ticketlink.co.kr/product/64062,http://image.toast.com/aaaaab/ticketlink/TKL_1/e_main_0731.jpg,family:0.3;couple:1.0;single:0.9;티켓링크;공연;경기,2026-08-22 23:33:05
티켓링크,공연,63238,최현우 19+I - 수원,경기아트센터 경기아트센터 대극장,2026-11-20,2026-11-21,전체 관람가,"77,000원 ~ 99,000원",https://www.ticketlink.co.kr/product/63238,http://image.toast.com/aaaaab/ticketlink/TKL_7/main0514(2).jpg,family:0.3;couple:1.0;single:0.9;티켓링크;공연;경기,2026-08-22 23:33:05
티켓링크,가족/어린이,63892,"2026 가족뮤지컬 <엄마까투리 - 유치원도, 도시도 처음이야> - 수원",경기아트센터 경기아트센터 소극장,2026-11-13,2026-11-14,전체 관람가 (가족/어린이 동반),"66,000원",https://www.ticketlink.co.kr/product/63892,http://image.toast.com/aaaaab/ticketlink/TKL_8/sw_pst_0615.jpg,family:1.0;baby:1.0;toddler:1.0;가족어린이동반;티켓링크;공연;경기,2026-08-22 23:33:05
티켓링크,가족/어린이,63426,송승환의 가족뮤지컬 <더 스토리 오브 언더더씨> - 수원,경기아트센터 경기아트센터 대극장,2026-11-13,2026-11-14,전체 관람가 (가족/어린이 동반),"55,000원 ~ 77,000원",https://www.ticketlink.co.kr/product/63426,http://image.toast.com/aaaaab/ticketlink/TKL_7/sw_pst_0625.jpg,family:1.0;baby:1.0;toddler:1.0;가족어린이동반;티켓링크;공연;경기,2026-08-22 23:33:05
티켓링크,가족/어린이,65052,2026년 어린이서커스쇼 - 안산,안산올림픽기념관 안산올림픽기념관 대공연장,2026-11-07,2026-11-07,전체 관람가 (가족/어린이 동반),"20,000원 ~ 30,000원",https://www.ticketlink.co.kr/product/65052,http://image.toast.com/aaaaab/ticketlink/TKL_1/ansan_pst0819.jpg,family:1.0;baby:1.0;toddler:1.0;가족어린이동반;티켓링크;공연;경기,2026-08-22 23:33:05
티켓링크,전시,63656,"경기전 금요 야간 상설 프로그램, 별빛누빔 (전주)",전주한옥마을 경기전 전주한옥마을 경기전 내,2026-06-18,2026-11-05,전체 관람가 (전 연령),"10,000원",https://www.ticketlink.co.kr/product/63656,http://image.toast.com/aaaaab/ticketlink/TKL_2/jj_main_0605.jpg,family:0.8;couple:1.0;single:0.9;exhibition:1.0;티켓링크;전시;전북,2026-08-22 23:33:05
티켓링크,전시,63487,2026 경기도자비엔날레,"이천 경기도자 미술관, 여주 경기생활도자 미술관, 광주 경기도자 박물관 [이천]이천경기도자미술관, [여주]여주경기생활도자미술관, [광주]광주경기도자박물관",2026-09-17,2026-10-31,전체 관람가 (전 연령),"1,500원",https://www.ticketlink.co.kr/product/63487,http://image.toast.com/aaaaab/ticketlink/TKL_10/포스터720.jpg,family:0.8;couple:1.0;single:0.9;exhibition:1.0;티켓링크;전시;경기,2026-08-22 23:33:05
티켓링크,가족/어린이,64607,착한공연  어린이뮤지컬겨울왕국 - 평택,평택문화예술회관(남부) 평택남부문화예술회관 대공연장,2026-10-23,2026-10-23,전체 관람가 (가족/어린이 동반),"50,000원",https://www.ticketlink.co.kr/product/64607,http://image.toast.com/aaaaab/ticketlink/TKL_4/winter_pst0725.jpg,family:1.0;baby:1.0;toddler:1.0;가족어린이동반;티켓링크;공연;경기,2026-08-22 23:33:05
티켓링크,공연,64765,2026 동물뮤지컬 <정글북> - 인천,인천서구문화회관 인천서구문화회관 대공연장,2026-12-24,2026-12-25,8세 이상 관람가,"55,000원",https://www.ticketlink.co.kr/product/64765,http://image.toast.com/aaaaab/ticketlink/TKL_2/pst_0804(1).jpg,family:0.3;couple:1.0;single:0.9;티켓링크;공연;인천,2026-08-22 23:33:05
티켓링크,공연,64942,뮤지컬 <팬레터> - 인천,인천문화예술회관 인천문화예술회관 대공연장,2026-11-20,2026-11-21,8세 이상 관람가,"66,000원 ~ 110,000원",https://www.ticketlink.co.kr/product/64942,http://image.toast.com/aaaaab/ticketlink/TKL_7/main0812.jpg,family:0.3;couple:1.0;single:0.9;티켓링크;공연;인천,2026-08-22 23:33:05
티켓링크,가족/어린이,64597,어린이뮤지컬 <콧구멍을 후비면> - 인천,인천문화예술회관 인천문화예술회관 소공연장,2026-10-02,2026-10-03,전체 관람가 (가족/어린이 동반),"40,000원",https://www.ticketlink.co.kr/product/64597,http://image.toast.com/aaaaab/ticketlink/TKL_2/nose_pst_0724.jpg,family:1.0;baby:1.0;toddler:1.0;가족어린이동반;티켓링크;공연;인천,2026-08-22 23:33:05
티켓링크,공연,64993,연극 <덧칠>,인천수봉문화회관 인천수봉문화회관 소공연장,2026-09-16,2026-09-18,8세 이상 관람가,"20,000원",https://www.ticketlink.co.kr/product/64993,http://image.toast.com/aaaaab/ticketlink/TKL_6/main0814.jpg,family:0.3;couple:1.0;single:0.9;티켓링크;공연;인천,2026-08-22 23:33:05
티켓링크,공연,63167,연극 사랑해엄마 (인천),인천문화예술회관 인천문화예술회관 대공연장,2026-09-04,2026-09-05,8세 이상 관람가,"55,000원 ~ 66,000원",https://www.ticketlink.co.kr/product/63167,http://image.toast.com/aaaaab/ticketlink/TKL_7/lovemom_incheon_pst0624.jpg,family:0.3;couple:1.0;single:0.9;티켓링크;공연;인천,2026-08-22 23:33:05
티켓링크,공연,64194,누가 내 머리에 똥 쌌어 - 부산 낙동,부산 낙동아트센터 부산 낙동아트센터 앙상블극장,2026-11-07,2026-11-07,전체 관람가,"50,000원",https://www.ticketlink.co.kr/product/64194,http://image.toast.com/aaaaab/ticketlink/TKL_7/who_pst0702.jpg,family:0.3;couple:1.0;single:0.9;티켓링크;공연;부산,2026-08-22 23:33:05
티켓링크,공연,64476,2025-26 김창옥 토크콘서트 시즌 5 - 부산,소향씨어터 소향씨어터 우리은행홀,2026-10-31,2026-10-31,8세 이상 (전체/초등 이상),"66,000원 ~ 88,000원",https://www.ticketlink.co.kr/product/64476,http://image.toast.com/aaaaab/ticketlink/TKL_2/changok_pst0717.jpg,family:0.3;couple:1.0;single:0.9;티켓링크;공연;부산,2026-08-22 23:33:05
티켓링크,공연,64703,2026 변진섭 전국투어 콘서트 : 변천사 시즌 2.5 : 시간여행 - 여수,여수시민회관 여수시민회관,2026-11-14,2026-11-14,8세 이상 (전체/초등 이상),"99,000원 ~ 132,000원",https://www.ticketlink.co.kr/product/64703,http://image.toast.com/aaaaab/ticketlink/TKL_1/angel_pst0731.jpg,family:0.3;couple:1.0;single:0.9;티켓링크;공연;전남,2026-08-22 23:33:05
티켓링크,가족/어린이,65075,가족뮤지컬 <로봇 특공대> - 광주,5.18기념문화센터 5.18기념문화센터 민주홀,2026-11-07,2026-11-07,전체 관람가 (가족/어린이 동반),"55,000원",https://www.ticketlink.co.kr/product/65075,http://image.toast.com/aaaaab/ticketlink/TKL_3/main0820(5).jpg,family:1.0;baby:1.0;toddler:1.0;가족어린이동반;티켓링크;공연;광주,2026-08-22 23:33:05
티켓링크,가족/어린이,64465,[광주] 라이브 시트콤 뮤지컬 <인싸가족>,5.18기념문화센터 5.18기념문화센터 민주홀,2026-10-23,2026-10-24,전체 관람가 (가족/어린이 동반),"50,000원 ~ 70,000원",https://www.ticketlink.co.kr/product/64465,http://image.toast.com/aaaaab/ticketlink/TKL_10/main0716(10).jpg,family:1.0;baby:1.0;toddler:1.0;가족어린이동반;티켓링크;공연;광주,2026-08-22 23:33:05
티켓링크,전시,64760,나의 첫사랑 레시피 - 대전,이수아트홀 이수아트홀,2026-09-30,2026-11-28,전체 관람가 (전 연령),"50,000원",https://www.ticketlink.co.kr/product/64760,http://image.toast.com/aaaaab/ticketlink/TKL_8/main_0804.jpg,family:0.8;couple:1.0;single:0.9;exhibition:1.0;티켓링크;전시;대전,2026-08-22 23:33:05
티켓링크,공연,64557,2026 뮤지컬 <숲속 100층짜리 집> - 대전,대전 우송예술회관 대전 우송예술회관,2026-10-30,2026-10-31,8세 이상 관람가,"70,000원",https://www.ticketlink.co.kr/product/64557,http://image.toast.com/aaaaab/ticketlink/TKL_2/dj_pst_0722.jpg,family:0.3;couple:1.0;single:0.9;티켓링크;공연;대전,2026-08-22 23:33:05
티켓링크,전시,63934,연극 <염쟁이유씨>- 대전공연,아신극장 2관 아신극장 2관,2026-10-01,2026-10-31,전체 관람가 (전 연령),"40,000원",https://www.ticketlink.co.kr/product/63934,http://image.toast.com/aaaaab/ticketlink/TKL_4/uc_pst07291634.jpg,family:0.8;couple:1.0;single:0.9;exhibition:1.0;티켓링크;전시;대전,2026-08-22 23:33:05
티켓링크,전시,64912,연극 <죽여주는 이야기>- 대전공연,런던스테이지 런던스테이지,2026-09-03,2026-10-24,전체 관람가 (전 연령),"40,000원",https://www.ticketlink.co.kr/product/64912,http://image.toast.com/aaaaab/ticketlink/TKL_10/st_main_0810.jpg,family:0.8;couple:1.0;single:0.9;exhibition:1.0;티켓링크;전시;대전,2026-08-22 23:33:05
티켓링크,가족/어린이,64654,2026 가족뮤지컬 <피노키오> - 대전,한밭대학교 아트홀 한밭대학교 아트홀,2026-10-23,2026-10-24,전체 관람가 (가족/어린이 동반),"50,000원",https://www.ticketlink.co.kr/product/64654,http://image.toast.com/aaaaab/ticketlink/TKL_4/pn_dj_pst_0728.jpg,family:1.0;baby:1.0;toddler:1.0;가족어린이동반;티켓링크;공연;대전,2026-08-22 23:33:05
티켓링크,가족/어린이,65081,가족뮤지컬<로봇 특공대> - 대전,대전평송청소년문화센터 대전평송청소년문화센터 대극장,2026-10-23,2026-10-23,전체 관람가 (가족/어린이 동반),"55,000원",https://www.ticketlink.co.kr/product/65081,http://image.toast.com/aaaaab/ticketlink/TKL_6/main0820.jpg,family:1.0;baby:1.0;toddler:1.0;가족어린이동반;티켓링크;공연;대전,2026-08-22 23:33:05
티켓링크,공연,64242,이상준쇼 45 - 울산,HD아트센터 HD아트센터 대공연장,2026-11-20,2026-11-20,전체 관람가,"45,000원",https://www.ticketlink.co.kr/product/64242,http://image.toast.com/aaaaab/ticketlink/TKL_2/main_0706.jpg,family:0.3;couple:1.0;single:0.9;티켓링크;공연;울산,2026-08-22 23:33:05
티켓링크,공연,64911,뮤지컬 <팬레터> - 울산,HD아트센터 HD아트센터 대공연장,2026-10-28,2026-10-30,8세 이상 관람가,"66,000원 ~ 110,000원",https://www.ticketlink.co.kr/product/64911,http://image.toast.com/aaaaab/ticketlink/TKL_4/main0811(1).jpg,family:0.3;couple:1.0;single:0.9;티켓링크;공연;울산,2026-08-22 23:33:05
티켓링크,공연,64672,2026 김동하 Stand-up Comedy Tour< Life Goes On >-울산,HD아트센터 HD아트센터 대공연장,2026-10-16,2026-10-16,전체 관람가,"66,000원 ~ 77,000원",https://www.ticketlink.co.kr/product/64672,http://image.toast.com/aaaaab/ticketlink/TKL_7/ul_main_0729.jpg,family:0.3;couple:1.0;single:0.9;티켓링크;공연;울산,2026-08-22 23:33:05
티켓링크,전시,63340,가장 완벽한 환영 THE MOST PERFECT ILLUSION - 울산,울산시립미술관 울산시립미술관,2026-07-01,2026-10-04,전체 관람가 (전 연령),"8,000원",https://www.ticketlink.co.kr/product/63340,http://image.toast.com/aaaaab/ticketlink/TKL_2/main0615-1407.jpg,family:0.8;couple:1.0;single:0.9;exhibition:1.0;티켓링크;전시;울산,2026-08-22 23:33:05
티켓링크,가족/어린이,64226,가족뮤지컬 <넘버블록스> - 울산앵콜,HD아트센터 HD아트센터 대공연장,2026-10-02,2026-10-03,전체 관람가 (가족/어린이 동반),"60,000원 ~ 70,000원",https://www.ticketlink.co.kr/product/64226,http://image.toast.com/aaaaab/ticketlink/TKL_7/ulsan_main_0703.jpg,family:1.0;baby:1.0;toddler:1.0;가족어린이동반;티켓링크;공연;울산,2026-08-22 23:33:05
티켓링크,공연,64553,뮤지컬 <6시 퇴근> - 울산,HD아트센터 HD아트센터 대공연장,2026-09-17,2026-09-18,8세 이상 관람가,"40,000원 ~ 66,000원",https://www.ticketlink.co.kr/product/64553,http://image.toast.com/aaaaab/ticketlink/TKL_8/6_main_0721.jpg,family:0.3;couple:1.0;single:0.9;티켓링크;공연;울산,2026-08-22 23:33:05
티켓링크,공연,60492,오페라 갈라,세종문화회관 세종문화회관 대극장,2026-12-11,2026-12-11,8세 이상 (전체/초등 이상),"30,000원 ~ 120,000원",https://www.ticketlink.co.kr/product/60492,http://image.toast.com/aaaaab/ticketlink/TKL_4/m0105.jpg,family:0.3;couple:1.0;single:0.9;티켓링크;공연;서울,2026-08-22 23:33:05
티켓링크,공연,60497,송년 음악회,세종문화회관 세종문화회관 대극장,2026-12-09,2026-12-09,전체 관람가,"30,000원 ~ 50,000원",https://www.ticketlink.co.kr/product/60497,http://image.toast.com/aaaaab/ticketlink/TKL_10/m0105.jpg,family:0.3;couple:1.0;single:0.9;티켓링크;공연;서울,2026-08-22 23:33:05
티켓링크,가족/어린이,60505,송년 가족 음악회,세종문화회관 세종문화회관 대극장,2026-12-04,2026-12-04,전체 관람가 (가족/어린이 동반),"30,000원 ~ 50,000원",https://www.ticketlink.co.kr/product/60505,http://image.toast.com/aaaaab/ticketlink/TKL_1/m0105.jpg,family:1.0;baby:1.0;toddler:1.0;가족어린이동반;티켓링크;공연;서울,2026-08-22 23:33:05
티켓링크,공연,60504,라보엠,세종문화회관 세종문화회관 대극장,2026-11-04,2026-11-07,전체 관람가,"50,000원 ~ 150,000원",https://www.ticketlink.co.kr/product/60504,http://image.toast.com/aaaaab/ticketlink/TKL_8/main0727(2).jpg,family:0.3;couple:1.0;single:0.9;티켓링크;공연;서울,2026-08-22 23:33:05
티켓링크,가족/어린이,60331,2026 베스트셀러 어린이 뮤지컬<사과가 쿵> - 세종,BOK아트센터 BOK아트센터,2026-10-29,2026-10-30,전체 관람가 (가족/어린이 동반),"50,000원",https://www.ticketlink.co.kr/product/60331,http://image.toast.com/aaaaab/ticketlink/TKL_8/main0522-1651.jpg,family:1.0;baby:1.0;toddler:1.0;가족어린이동반;티켓링크;공연;세종,2026-08-22 23:33:05
티켓링크,공연,64243,이상준쇼 45 - 강릉,강원대학교 강릉캠퍼스 해람문화관 강원대학교 강릉캠퍼스 해람문화관,2026-11-27,2026-11-27,전체 관람가,"45,000원",https://www.ticketlink.co.kr/product/64243,http://image.toast.com/aaaaab/ticketlink/TKL_2/main_0706.jpg,family:0.3;couple:1.0;single:0.9;티켓링크;공연;강원,2026-08-22 23:33:05
티켓링크,공연,63946,2026 김장훈 전국투어 콘서트 : 원맨쇼 - 강릉,강원대학교 강릉캠퍼스 해람문화관 강원대학교 강릉캠퍼스 해람문화관,2026-10-30,2026-10-30,8세 이상 (전체/초등 이상),"55,000원 ~ 77,000원",https://www.ticketlink.co.kr/product/63946,http://image.toast.com/aaaaab/ticketlink/TKL_6/main_kjh_260618.jpg,family:0.3;couple:1.0;single:0.9;티켓링크;공연;강원,2026-08-22 23:33:05
티켓링크,가족/어린이,65070,(가족체험공연) 어린이워터버블쇼 - 강릉,강원대학교 강릉캠퍼스 해람문화관 강원대학교 강릉캠퍼스 해람문화관,2026-10-08,2026-10-08,전체 관람가 (가족/어린이 동반),"50,000원",https://www.ticketlink.co.kr/product/65070,http://image.toast.com/aaaaab/ticketlink/TKL_4/water_pst0820.jpg,family:1.0;baby:1.0;toddler:1.0;가족어린이동반;티켓링크;공연;강원,2026-08-22 23:33:05
티켓링크,공연,64198,"뮤지컬 멜로우TV < Run it up, 팀나빠 > - 강릉",강원대학교 강릉캠퍼스 해람문화관 강원대학교 강릉캠퍼스 해람문화관,2026-09-18,2026-09-18,8세 이상 관람가,"70,000원",https://www.ticketlink.co.kr/product/64198,http://image.toast.com/aaaaab/ticketlink/TKL_9/mtv_gr_pst0702.jpg,family:0.3;couple:1.0;single:0.9;티켓링크;공연;강원,2026-08-22 23:33:05
티켓링크,가족/어린이,64218,쇼뮤지컬 <프린세스 캐치! 티니핑> - 춘천,백령아트센터 강원대학교 백령아트센터,2026-09-11,2026-09-12,전체 관람가 (가족/어린이 동반),"60,000원 ~ 70,000원",https://www.ticketlink.co.kr/product/64218,http://image.toast.com/aaaaab/ticketlink/TKL_4/cc_main_0702.jpg,family:1.0;baby:1.0;toddler:1.0;가족어린이동반;티켓링크;공연;강원,2026-08-22 23:33:05
티켓링크,전시,65028,연극 <딜레마>,창덕궁소극장 창덕궁소극장,2026-09-01,2026-09-05,전체 관람가 (전 연령),"40,000원",https://www.ticketlink.co.kr/product/65028,http://image.toast.com/aaaaab/ticketlink/TKL_10/1w0818(2).jpg,family:0.8;couple:1.0;single:0.9;exhibition:1.0;티켓링크;전시;서울,2026-08-22 23:33:05
티켓링크,공연,64941,<미스트롯4> 전국투어 콘서트 - 춘천,백령아트센터 강원대학교 백령아트센터,2026-09-04,2026-09-04,8세 이상 (전체/초등 이상),"132,000원 ~ 154,000원",https://www.ticketlink.co.kr/product/64941,http://image.toast.com/aaaaab/ticketlink/TKL_8/main0812-1845.jpg,family:0.3;couple:1.0;single:0.9;티켓링크;공연;강원,2026-08-22 23:33:05
티켓링크,공연,65050,강원특별자치도립국악관현악단 기획공연 - 춘천,백령아트센터 백령아트센터,2026-09-02,2026-09-02,전체 관람가,0원,https://www.ticketlink.co.kr/product/65050,http://image.toast.com/aaaaab/ticketlink/TKL_10/main0819.jpg,family:0.3;couple:1.0;single:0.9;티켓링크;공연;강원,2026-08-22 23:33:05
티켓링크,가족/어린이,64163,어린이 공포 체험 뮤지컬 < MBC 심야괴담회x니니키즈:학교에서 살아남기 > - 강릉,강원대학교 강릉캠퍼스 해람문화관 강원대학교 강릉캠퍼스 해람문화관,2026-09-10,2026-09-11,전체 관람가 (가족/어린이 동반),"38,900원 ~ 43,900원",https://www.ticketlink.co.kr/product/64163,http://image.toast.com/aaaaab/ticketlink/TKL_2/GR_main_0630.jpg,family:1.0;baby:1.0;toddler:1.0;가족어린이동반;티켓링크;공연;강원,2026-08-22 23:33:05
티켓링크,공연,64244,[데뷔 60주년 기념공연] 2026 남진 전국투어 콘서트 - 음성,음성문화예술회관 음성문화예술회관 대공연장,2026-11-07,2026-11-07,8세 이상 (전체/초등 이상),"121,000원 ~ 132,000원",https://www.ticketlink.co.kr/product/64244,http://image.toast.com/aaaaab/ticketlink/TKL_6/nj_umm_pst0810.jpg,family:0.3;couple:1.0;single:0.9;티켓링크;공연;충북,2026-08-22 23:33:05
티켓링크,공연,64971,겨울이야기 - 충북혁신도시,충북혁신도시 복합혁신센터 공연장 충북혁신도시 복합혁신센터 공연장,2026-10-16,2026-10-16,전체 관람가,"50,000원",https://www.ticketlink.co.kr/product/64971,http://image.toast.com/aaaaab/ticketlink/TKL_7/winter_pst0813.jpg,family:0.3;couple:1.0;single:0.9;티켓링크;공연;충북,2026-08-22 23:33:05
티켓링크,가족/어린이,64566,[착한공연] 어린이뮤지컬신데렐라 - 청주,청주아트홀 청주아트홀,2026-10-02,2026-10-02,전체 관람가 (가족/어린이 동반),"40,000원",https://www.ticketlink.co.kr/product/64566,http://image.toast.com/aaaaab/ticketlink/TKL_5/cin_pst07090930.jpg,family:1.0;baby:1.0;toddler:1.0;가족어린이동반;티켓링크;공연;충북,2026-08-22 23:33:05
티켓링크,전시,62628,미피와 마법 우체통 in 오송,충북갤러리 청주오스코관 충북갤러리 청주오스코관,2026-05-06,2026-08-22,전체 관람가 (전 연령),"15,000원",https://www.ticketlink.co.kr/product/62628,http://image.toast.com/aaaaab/ticketlink/TKL_6/mify_main_0409.jpg,family:0.8;couple:1.0;single:0.9;exhibition:1.0;티켓링크;전시;충북,2026-08-22 23:33:05
티켓링크,가족/어린이,62986,국내최초!! [사이버매직쇼] 초대형블록버스터레이져쇼 - 청주,청주아트홀 청주아트홀,2026-08-14,2026-08-15,전체 관람가 (가족/어린이 동반),"40,000원",https://www.ticketlink.co.kr/product/62986,http://image.toast.com/aaaaab/ticketlink/TKL_2/cm_main07021432a.jpg,family:1.0;baby:1.0;toddler:1.0;가족어린이동반;티켓링크;공연;충북,2026-08-22 23:33:05
티켓링크,공연,63482,우리가 사랑한 시네마 뮤직 콘서트 2026 - 충주,충주 호암예술관 충주 호암예술관,2026-08-07,2026-08-07,8세 이상 (전체/초등 이상),"40,000원",https://www.ticketlink.co.kr/product/63482,http://image.toast.com/aaaaab/ticketlink/TKL_1/cj_main_0528.jpg,family:0.3;couple:1.0;single:0.9;티켓링크;공연;충북,2026-08-22 23:33:05
티켓링크,가족/어린이,62851,착한공연 만원의행복 <어린이뮤지컬 피터팬> - 청주,청주아트홀 청주아트홀,2026-07-24,2026-07-25,전체 관람가 (가족/어린이 동반),"10,000원",https://www.ticketlink.co.kr/product/62851,http://image.toast.com/aaaaab/ticketlink/TKL_2/p_main_0421.png,family:1.0;baby:1.0;toddler:1.0;가족어린이동반;티켓링크;공연;충북,2026-08-22 23:33:05
티켓링크,공연,63248,지브리와 사랑에 빠지다 : 지브리 영화음악 콘서트 2026 - 청주,청주아트홀 청주아트홀,2026-07-18,2026-07-18,8세 이상 (전체/초등 이상),"40,000원",https://www.ticketlink.co.kr/product/63248,http://image.toast.com/aaaaab/ticketlink/TKL_9/z719_pst05191507.jpg,family:0.3;couple:1.0;single:0.9;티켓링크;공연;충북,2026-08-22 23:33:05
티켓링크,가족/어린이,63470,가족오페라 '세빌리아의 이발사',영동복합문화예술회관 영동복합문화예술회관,2026-07-02,2026-07-03,전체 관람가 (가족/어린이 동반),"10,000원",https://www.ticketlink.co.kr/product/63470,http://image.toast.com/aaaaab/ticketlink/TKL_8/main0604-1606.jpg,family:1.0;baby:1.0;toddler:1.0;가족어린이동반;티켓링크;공연;충북,2026-08-22 23:33:05
티켓링크,전시,62627,[얼리버드50%] 미피와 마법 우체통 in 오송,충북갤러리 청주오스코관 충북갤러리 청주오스코관,2026-05-06,2026-06-11,전체 관람가 (전 연령),"6,000원",https://www.ticketlink.co.kr/product/62627,http://image.toast.com/aaaaab/ticketlink/TKL_5/720890.jpg,family:0.8;couple:1.0;single:0.9;exhibition:1.0;티켓링크;전시;충북,2026-08-22 23:33:05
티켓링크,공연,64101,최현우 19+I - 대전,충남대학교 정심화홀 충남대학교 정심화홀,2026-10-16,2026-10-17,전체 관람가,"99,000원",https://www.ticketlink.co.kr/product/64101,http://image.toast.com/aaaaab/ticketlink/TKL_2/dj_main_0625.jpg,family:0.3;couple:1.0;single:0.9;티켓링크;공연;대전,2026-08-22 23:33:05
티켓링크,가족/어린이,64824,착한공연가족뮤지컬[겨울왕국] - 세종,BOK아트센터 BOK아트센터,2026-09-19,2026-09-19,전체 관람가 (가족/어린이 동반),"40,000원",https://www.ticketlink.co.kr/product/64824,http://image.toast.com/aaaaab/ticketlink/TKL_9/w_main_0806.png,family:1.0;baby:1.0;toddler:1.0;가족어린이동반;티켓링크;공연;세종,2026-08-22 23:33:05
티켓링크,공연,64564,천안시충남국악관현악단 제92회 정기연주회 - 천안,천안시청 천안시청 봉서홀,2026-09-10,2026-09-10,전체 관람가,"10,000원",https://www.ticketlink.co.kr/product/64564,http://image.toast.com/aaaaab/ticketlink/TKL_1/main0728(1).jpg,family:0.3;couple:1.0;single:0.9;티켓링크;공연;충남,2026-08-22 23:33:05
티켓링크,공연,64459,[데뷔 60주년 기념공연] 2026 남진 전국투어 콘서트 - 예산,예산문예회관 예산문예회관,2026-09-04,2026-09-04,8세 이상 (전체/초등 이상),"132,000원 ~ 143,000원",https://www.ticketlink.co.kr/product/64459,http://image.toast.com/aaaaab/ticketlink/TKL_4/main0716(6).jpg,family:0.3;couple:1.0;single:0.9;티켓링크;공연;충남,2026-08-22 23:33:05
티켓링크,가족/어린이,63658,[착한공연] 초대형레이져공연 <사이버매직쇼> - 대전,대전평송청소년문화센터 대전 평송청소년문화센터 소극장,2026-08-29,2026-08-29,전체 관람가 (가족/어린이 동반),"40,000원",https://www.ticketlink.co.kr/product/63658,http://image.toast.com/aaaaab/ticketlink/TKL_9/pst_main07021808.jpg,family:1.0;baby:1.0;toddler:1.0;가족어린이동반;티켓링크;공연;대전,2026-08-22 23:33:05
티켓링크,가족/어린이,64081,착한공연[DRAWING] 어린이매직페인팅쇼 - 세종,BOK아트센터 BOK아트센터,2026-08-22,2026-08-22,전체 관람가 (가족/어린이 동반),"40,000원",https://www.ticketlink.co.kr/product/64081,http://image.toast.com/aaaaab/ticketlink/TKL_8/pst_0624(2).jpg,family:1.0;baby:1.0;toddler:1.0;가족어린이동반;티켓링크;공연;세종,2026-08-22 23:33:05
티켓링크,가족/어린이,63797,싱어롱뮤지컬 브레드이발소 <브레드와 윌크의 세계여행> - 세종시,세종 문화예술회관(세종특별자치시) 세종문화예술회관 대공연장 (세종시),2026-08-07,2026-08-07,전체 관람가 (가족/어린이 동반),"60,000원",https://www.ticketlink.co.kr/product/63797,http://image.toast.com/aaaaab/ticketlink/TKL_3/sj_pst_0611.jpg,family:1.0;baby:1.0;toddler:1.0;가족어린이동반;티켓링크;공연;충남,2026-08-22 23:33:05
티켓링크,가족/어린이,63689,2026 가족뮤지컬 <인어공주> - 당진,당진문예의전당 당진 문예의전당 소공연장,2026-07-31,2026-07-31,전체 관람가 (가족/어린이 동반),"50,000원",https://www.ticketlink.co.kr/product/63689,http://image.toast.com/aaaaab/ticketlink/TKL_5/i_pst0608.png,family:1.0;baby:1.0;toddler:1.0;가족어린이동반;티켓링크;공연;충남,2026-08-22 23:33:05
티켓링크,가족/어린이,63671,착한공연 초대형리얼공룡쇼뮤지컬 [다이노] - 아산,아산평생학습관 아산시 평생학습관,2026-07-31,2026-07-31,전체 관람가 (가족/어린이 동반),"50,000원",https://www.ticketlink.co.kr/product/63671,http://image.toast.com/aaaaab/ticketlink/TKL_10/d_pst0607.jpg,family:1.0;baby:1.0;toddler:1.0;가족어린이동반;티켓링크;공연;충남,2026-08-22 23:33:05
티켓링크,공연,64329,뮤지컬 집사TV 시즌 2 part.2 : <대저택 끝 없는 문> - 전주,전북대학교 삼성문화회관 전북대학교 삼성문화회관,2026-10-30,2026-10-31,8세 이상 관람가,"70,000원",https://www.ticketlink.co.kr/product/64329,http://image.toast.com/aaaaab/ticketlink/TKL_9/tv_pst0709.jpg,family:0.3;couple:1.0;single:0.9;티켓링크;공연;전북,2026-08-22 23:33:05
티켓링크,공연,64238,이상준쇼 45 - 전주,전북대학교 삼성문화회관 전북대학교 삼성문화회관 대공연장,2026-10-10,2026-10-10,전체 관람가,"45,000원",https://www.ticketlink.co.kr/product/64238,http://image.toast.com/aaaaab/ticketlink/TKL_2/main_0706.jpg,family:0.3;couple:1.0;single:0.9;티켓링크;공연;전북,2026-08-22 23:33:05
티켓링크,공연,64167,2026 소통왕 말자쑈 in Jeonju,전북대학교 삼성문화회관 전북대학교 삼성문화회관 영산홀,2026-09-11,2026-09-11,전체 관람가,"44,000원 ~ 66,000원",https://www.ticketlink.co.kr/product/64167,http://image.toast.com/aaaaab/ticketlink/TKL_2/main0630(1).jpg,family:0.3;couple:1.0;single:0.9;티켓링크;공연;전북,2026-08-22 23:33:05
티켓링크,가족/어린이,63600,착한공연 레이져홀로그램 <사이버매직쇼> - 익산,솜리문화예술회관 솜리문화예술회관 중공연장,2026-09-05,2026-09-05,전체 관람가 (가족/어린이 동반),"40,000원",https://www.ticketlink.co.kr/product/63600,http://image.toast.com/aaaaab/ticketlink/TKL_8/cm_main07021432a.jpg,family:1.0;baby:1.0;toddler:1.0;가족어린이동반;티켓링크;공연;전북,2026-08-22 23:33:05
티켓링크,가족/어린이,63594,착한공연 레이져홀로그램<사이버매직쇼> - 군산,군산예술의전당 군산예술의전당 대공연장,2026-09-04,2026-09-04,전체 관람가 (가족/어린이 동반),"40,000원",https://www.ticketlink.co.kr/product/63594,http://image.toast.com/aaaaab/ticketlink/TKL_10/cm_main07021432a.jpg,family:1.0;baby:1.0;toddler:1.0;가족어린이동반;티켓링크;공연;전북,2026-08-22 23:33:05
티켓링크,공연,64833,춤의 빛 그 아름다운 여정-군산,군산예술의전당 군산예술의전당 소공연장,2026-08-28,2026-08-28,전체 관람가,0원,https://www.ticketlink.co.kr/product/64833,http://image.toast.com/aaaaab/ticketlink/TKL_6/dance_pst0806.jpg,family:0.3;couple:1.0;single:0.9;티켓링크;공연;전북,2026-08-22 23:33:05
티켓링크,전시,64666,2026 AMAZON DJ WATER FESTIVAL - 전주,아마존 아쿠아파크 완주 아마존 아쿠아파크 완주,2026-08-27,2026-08-28,전체 관람가 (전 연령),"59,000원",https://www.ticketlink.co.kr/product/64666,http://image.toast.com/aaaaab/ticketlink/TKL_5/pst0730.jpg,family:0.8;couple:1.0;single:0.9;exhibition:1.0;티켓링크;전시;전북,2026-08-22 23:33:05
티켓링크,공연,64740,한 청년의 마지막 편지-전주,전북대학교 삼성문화회관 전북대학교 삼성문화회관 대공연장,2026-08-07,2026-08-07,전체 관람가,0원,https://www.ticketlink.co.kr/product/64740,http://image.toast.com/aaaaab/ticketlink/TKL_4/le_main_0803.jpg,family:0.3;couple:1.0;single:0.9;티켓링크;공연;전북,2026-08-22 23:33:05
티켓링크,전시,64976,2026 뮤지컬에 마술을 더하다!<매직컬 피터팬>여수,여수시민회관 여수시민회관,2026-10-10,2026-10-10,전체 관람가 (전 연령),"30,000원",https://www.ticketlink.co.kr/product/64976,http://image.toast.com/aaaaab/ticketlink/TKL_7/pst_0813.jpg,family:0.8;couple:1.0;single:0.9;exhibition:1.0;티켓링크;전시;전남,2026-08-22 23:33:05
티켓링크,전시,64977,2026 뮤지컬에 마술을 더하다!<매직컬 피터팬>광양,광양문화예술회관 광양문화예술회관,2026-10-09,2026-10-09,전체 관람가 (전 연령),"30,000원",https://www.ticketlink.co.kr/product/64977,http://image.toast.com/aaaaab/ticketlink/TKL_5/pst_0813.jpg,family:0.8;couple:1.0;single:0.9;exhibition:1.0;티켓링크;전시;전남,2026-08-22 23:33:05
티켓링크,전시,65082,(09월) 함평파크골프장,전남 함평군 함평읍 곤재로 83 전남 함평군 함평읍 곤재로 83,2026-08-31,2026-09-29,전체 관람가 (전 연령),"7,000원",https://www.ticketlink.co.kr/product/65082,http://image.toast.com/aaaaab/ticketlink/TKL_8/golf_pst0120.jpg,family:0.8;couple:1.0;single:0.9;exhibition:1.0;티켓링크;전시;전남,2026-08-22 23:33:05
티켓링크,가족/어린이,64988,착한공연 어린이뮤지컬 라푼젤 - 순천,순천문화예술회관 순천시문화예술회관 대극장,2026-09-19,2026-09-19,전체 관람가 (가족/어린이 동반),"40,000원",https://www.ticketlink.co.kr/product/64988,http://image.toast.com/aaaaab/ticketlink/TKL_5/suncheon_pst0814.jpg,family:1.0;baby:1.0;toddler:1.0;가족어린이동반;티켓링크;공연;전남,2026-08-22 23:33:05
티켓링크,공연,64303,전남도립국악단 토요가무악희 <그린국악> 시즌 3 / 제968회,남도소리울림터 남도소리울림터 공연장,2026-09-18,2026-09-18,전체 관람가,"10,000원",https://www.ticketlink.co.kr/product/64303,http://image.toast.com/aaaaab/ticketlink/TKL_4/m0708.jpg,family:0.3;couple:1.0;single:0.9;티켓링크;공연;전남,2026-08-22 23:33:05
티켓링크,가족/어린이,64731,착한공연 만원의행복 <어린이뮤지컬라푼젤> - 광주,5.18기념문화센터 5.18기념문화센터 민주홀,2026-09-12,2026-09-12,전체 관람가 (가족/어린이 동반),"10,000원",https://www.ticketlink.co.kr/product/64731,http://image.toast.com/aaaaab/ticketlink/TKL_5/gj_main_0803.jpg,family:1.0;baby:1.0;toddler:1.0;가족어린이동반;티켓링크;공연;광주,2026-08-22 23:33:05
티켓링크,가족/어린이,64837,[착한공연]만원의행복 < DRAWING 어린이매직페인팅쇼 > - 목포,목포시민문화체육센터 목포시민문화체육센터 소공연장,2026-09-11,2026-09-11,전체 관람가 (가족/어린이 동반),"10,000원",https://www.ticketlink.co.kr/product/64837,http://image.toast.com/aaaaab/ticketlink/TKL_3/temp_1782019982763_0806.jpg,family:1.0;baby:1.0;toddler:1.0;가족어린이동반;티켓링크;공연;전남,2026-08-22 23:33:05
티켓링크,공연,64316,[데뷔 60주년 기념공연] 2026 남진 전국투어 콘서트 - 고령,대가야문화누리 대가야문화누리 우륵홀,2026-11-14,2026-11-14,8세 이상 (전체/초등 이상),"99,000원 ~ 132,000원",https://www.ticketlink.co.kr/product/64316,http://image.toast.com/aaaaab/ticketlink/TKL_9/namjin_go_pst0810.jpg,family:0.3;couple:1.0;single:0.9;티켓링크;공연;경북,2026-08-22 23:33:05
티켓링크,공연,64185,지브리와 사랑에 빠지다 : 지브리 영화음악 콘서트 2026 - 경주,경주예술의전당 경주예술의전당 원화홀,2026-10-09,2026-10-09,8세 이상 (전체/초등 이상),"40,000원",https://www.ticketlink.co.kr/product/64185,http://image.toast.com/aaaaab/ticketlink/TKL_8/main0701(4).jpg,family:0.3;couple:1.0;single:0.9;티켓링크;공연;경북,2026-08-22 23:33:05
티켓링크,가족/어린이,65033,가족뮤지컬 <로봇 특공대> - 대구,대구어린이세상 대구어린이세상 꾀꼬리극장,2026-10-08,2026-10-08,전체 관람가 (가족/어린이 동반),"55,000원",https://www.ticketlink.co.kr/product/65033,http://image.toast.com/aaaaab/ticketlink/TKL_4/main0818(13).jpg,family:1.0;baby:1.0;toddler:1.0;가족어린이동반;티켓링크;공연;대구,2026-08-22 23:33:05
티켓링크,가족/어린이,63799,싱어롱뮤지컬 브레드이발소 <브레드와 윌크의 세계여행> - 대구,대구어린이세상 대구어린이세상 꾀꼬리극장,2026-09-18,2026-09-19,전체 관람가 (가족/어린이 동반),"60,000원",https://www.ticketlink.co.kr/product/63799,http://image.toast.com/aaaaab/ticketlink/TKL_3/dg_pst_0611.jpg,family:1.0;baby:1.0;toddler:1.0;가족어린이동반;티켓링크;공연;대구,2026-08-22 23:33:05
티켓링크,가족/어린이,64325,착한공연 워터버블쇼 - 포항,포항시청 문화동 대잠홀 포항시청 대잠홀,2026-09-12,2026-09-12,전체 관람가 (가족/어린이 동반),"50,000원",https://www.ticketlink.co.kr/product/64325,http://image.toast.com/aaaaab/ticketlink/TKL_7/m0709.png,family:1.0;baby:1.0;toddler:1.0;가족어린이동반;티켓링크;공연;경북,2026-08-22 23:33:05
티켓링크,공연,64681,동락관 개관 10주년 기념콘서트 시즌III 헤어드레서,경상북도청 동락관 경상북도 동락관 공연장,2026-09-11,2026-09-11,8세 이상 (전체/초등 이상),"10,000원",https://www.ticketlink.co.kr/product/64681,http://image.toast.com/aaaaab/ticketlink/TKL_4/hair_pst0730.jpg,family:0.3;couple:1.0;single:0.9;티켓링크;공연;경북,2026-08-22 23:33:05
티켓링크,공연,63777,[사이버매직쇼] 초대형블록버스터레이져쇼 - 대구,대구어린이세상 대구어린이세상 꾀꼬리극장,2026-08-21,2026-08-21,전체 관람가,"50,000원",https://www.ticketlink.co.kr/product/63777,http://image.toast.com/aaaaab/ticketlink/TKL_5/cm_main07021432a.jpg,family:0.3;couple:1.0;single:0.9;티켓링크;공연;대구,2026-08-22 23:33:05
티켓링크,가족/어린이,63667,착한공연 만원의행복 <어린이뮤지컬겨울왕국> - 김천,김천시립문화회관 김천시립문화회관,2026-08-21,2026-08-21,전체 관람가 (가족/어린이 동반),"40,000원",https://www.ticketlink.co.kr/product/63667,http://image.toast.com/aaaaab/ticketlink/TKL_3/poster_0625.png,family:1.0;baby:1.0;toddler:1.0;가족어린이동반;티켓링크;공연;경북,2026-08-22 23:33:05
티켓링크,공연,63373,지브리와 사랑에 빠지다 : 지브리 영화음악 콘서트 2026 - 거제 앙코르,거제문화예술회관 거제문화예술회관 소극장,2026-08-28,2026-08-28,8세 이상 (전체/초등 이상),"40,000원",https://www.ticketlink.co.kr/product/63373,http://image.toast.com/aaaaab/ticketlink/TKL_5/gj_main_0520.jpg,family:0.3;couple:1.0;single:0.9;티켓링크;공연;경남,2026-08-22 23:33:05
티켓링크,가족/어린이,63955,착한공연 <어린이서커스> - 경남진주,경상국립대학교 칠암캠퍼스 본관 2층 대강당 경상국립대학교 칠암캠퍼스 본관 2층 대강당 (16동건물),2026-08-14,2026-08-14,전체 관람가 (가족/어린이 동반),"40,000원",https://www.ticketlink.co.kr/product/63955,http://image.toast.com/aaaaab/ticketlink/TKL_1/25008195_p_main0618.jpg,family:1.0;baby:1.0;toddler:1.0;가족어린이동반;티켓링크;공연;경남,2026-08-22 23:33:05
티켓링크,가족/어린이,63510,착한공연만원의행복 <워터버블쇼> - 양산,쌍벽루 아트홀 쌍벽루 아트홀,2026-08-14,2026-08-14,전체 관람가 (가족/어린이 동반),"10,000원",https://www.ticketlink.co.kr/product/63510,http://image.toast.com/aaaaab/ticketlink/TKL_3/b_pst0528.png,family:1.0;baby:1.0;toddler:1.0;가족어린이동반;티켓링크;공연;경남,2026-08-22 23:33:05
티켓링크,가족/어린이,63579,어린이 마술쇼 - 진주,경상국립대학교 칠암캠퍼스 본관 2층 대강당 경상국립대학교 칠암캠퍼스 본관 2층 대강당 (16동건물),2026-07-17,2026-07-17,전체 관람가 (가족/어린이 동반),"10,000원",https://www.ticketlink.co.kr/product/63579,http://image.toast.com/aaaaab/ticketlink/TKL_4/cm_main0601.jpg,family:1.0;baby:1.0;toddler:1.0;가족어린이동반;티켓링크;공연;경남,2026-08-22 23:33:05
티켓링크,공연,63115,뮤지컬 <개구쟁이 특공대 : 마녀저택> - 진주,경남문화예술회관 경남문화예술회관 대공연장,2026-07-03,2026-07-04,8세 이상 관람가,"70,000원",https://www.ticketlink.co.kr/product/63115,http://image.toast.com/aaaaab/ticketlink/TKL_9/g_pst0507.jpg,family:0.3;couple:1.0;single:0.9;티켓링크;공연;경남,2026-08-22 23:33:05
티켓링크,공연,62728,2026 김동하 Stand-up Comedy Tour< Life Goes On >-창원,경남 MBC홀 창원 MBC경남홀,2026-06-13,2026-06-13,전체 관람가,"66,000원 ~ 77,000원",https://www.ticketlink.co.kr/product/62728,http://image.toast.com/aaaaab/ticketlink/TKL_6/cw_main_0415.jpg,family:0.3;couple:1.0;single:0.9;티켓링크;공연;경남,2026-08-22 23:33:05
티켓링크,공연,63417,김시라의 품바 : Original - 창원,경남 MBC홀 MBC 경남홀,2026-06-06,2026-06-06,전체 관람가,"44,000원 ~ 55,000원",https://www.ticketlink.co.kr/product/63417,http://image.toast.com/aaaaab/ticketlink/TKL_1/pb_main_0602.jpg,family:0.3;couple:1.0;single:0.9;티켓링크;공연;경남,2026-08-22 23:33:05
티켓링크,공연,62536,2026 김정민 전국투어 콘서트 : 대한민국 락발라더 김정민 - 창원,경남 MBC홀 MBC 경남홀,2026-06-06,2026-06-06,8세 이상 (전체/초등 이상),"55,000원 ~ 110,000원",https://www.ticketlink.co.kr/product/62536,http://image.toast.com/aaaaab/ticketlink/TKL_10/kiim_main_0406.jpg,family:0.3;couple:1.0;single:0.9;티켓링크;공연;경남,2026-08-22 23:33:05
티켓링크,공연,62543,2026 김장훈 전국투어 콘서트 : 원맨쇼 - 창원,경남 MBC홀 MBC 경남홀,2026-06-05,2026-06-05,8세 이상 (전체/초등 이상),"66,000원 ~ 77,000원",https://www.ticketlink.co.kr/product/62543,http://image.toast.com/aaaaab/ticketlink/TKL_6/changwon_pst0406.jpg,family:0.3;couple:1.0;single:0.9;티켓링크;공연;경남,2026-08-22 23:33:05
티켓링크,공연,60766,"최백호 50주년 콘서트 <낭만의 50년, 시간의 흔적을 노래하다> - 진주",경남문화예술회관 경남문화예술회관 대공연장,2026-04-25,2026-04-25,8세 이상 (전체/초등 이상),"99,000원 ~ 132,000원",https://www.ticketlink.co.kr/product/60766,http://image.toast.com/aaaaab/ticketlink/TKL_1/cbh_251230.jpg,family:0.3;couple:1.0;single:0.9;티켓링크;공연;경남,2026-08-22 23:33:05
티켓링크,가족/어린이,64964,2026가족뮤지컬<백설공주> - 제주,설문대여성문화센터 설문대여성문화센터,2026-10-31,2026-10-31,전체 관람가 (가족/어린이 동반),"40,000원",https://www.ticketlink.co.kr/product/64964,http://image.toast.com/aaaaab/ticketlink/TKL_7/sw_pst_0814.jpg,family:1.0;baby:1.0;toddler:1.0;가족어린이동반;티켓링크;공연;제주,2026-08-22 23:33:05
티켓링크,전시,65054,2026 세계유산축전-제주 화산섬과 용암동굴 : 벵뒤굴,벵뒤굴 및 인근 소형굴 벵뒤굴 및 인근 소형굴,2026-10-03,2026-10-17,전체 관람가 (전 연령),"10,000원",https://www.ticketlink.co.kr/product/65054,http://image.toast.com/aaaaab/ticketlink/TKL_9/11_pst0819.jpg,family:0.8;couple:1.0;single:0.9;exhibition:1.0;티켓링크;전시;제주,2026-08-22 23:33:05
티켓링크,전시,65051,2026 세계유산축전-제주 화산섬과 용암동굴 : 만장굴 & 김녕굴,만장굴 및 김녕굴 만장굴 및 김녕굴,2026-10-03,2026-10-17,전체 관람가 (전 연령),"10,000원",https://www.ticketlink.co.kr/product/65051,http://image.toast.com/aaaaab/ticketlink/TKL_7/10_main0819.jpg,family:0.8;couple:1.0;single:0.9;exhibition:1.0;티켓링크;전시;제주,2026-08-22 23:33:05
티켓링크,전시,65049,2026 세계유산축전-제주 화산섬과 용암동굴 : 세계유산 탐험버스,거문오름용암동굴계 일원 거문오름용암동굴계 일원,2026-10-14,2026-10-17,전체 관람가 (전 연령),"5,000원",https://www.ticketlink.co.kr/product/65049,http://image.toast.com/aaaaab/ticketlink/TKL_5/9_main0819.jpg,family:0.8;couple:1.0;single:0.9;exhibition:1.0;티켓링크;전시;제주,2026-08-22 23:33:05
티켓링크,전시,65040,2026 세계유산축전-제주 화산섬과 용암동굴 : 워킹투어-3구간,만장캠프 만장캠프,2026-10-02,2026-10-17,전체 관람가 (전 연령),"5,000원",https://www.ticketlink.co.kr/product/65040,http://image.toast.com/aaaaab/ticketlink/TKL_3/3_main0819.jpg,family:0.8;couple:1.0;single:0.9;exhibition:1.0;티켓링크;전시;제주,2026-08-22 23:33:05
티켓링크,전시,65039,2026 세계유산축전-제주 화산섬과 용암동굴 : 워킹투어-2구간,덕천캠프 덕천캠프,2026-10-02,2026-10-17,전체 관람가 (전 연령),"5,000원",https://www.ticketlink.co.kr/product/65039,http://image.toast.com/aaaaab/ticketlink/TKL_8/w_main0819.jpg,family:0.8;couple:1.0;single:0.9;exhibition:1.0;티켓링크;전시;제주,2026-08-22 23:33:05
티켓링크,전시,65036,2026 세계유산축전-제주 화산섬과 용암동굴 : 워킹투어-1구간,제주세계자연유산센터 제주세계자연유산센터 워킹투어 운영캠프,2026-10-02,2026-10-17,전체 관람가 (전 연령),"5,000원",https://www.ticketlink.co.kr/product/65036,http://image.toast.com/aaaaab/ticketlink/TKL_1/whf_main0819.jpg,family:0.8;couple:1.0;single:0.9;exhibition:1.0;티켓링크;전시;제주,2026-08-22 23:33:05
티켓링크,공연,64190,뮤지컬 최고다 호기심딱지 시즌4<피사총사: 우리 몸은 우리가 지킨다!> -  제주,제주아트센터 제주아트센터 대극장,2026-10-16,2026-10-17,8세 이상 관람가,"70,000원",https://www.ticketlink.co.kr/product/64190,http://image.toast.com/aaaaab/ticketlink/TKL_4/jj_main_0701.jpg,family:0.3;couple:1.0;single:0.9;티켓링크;공연;제주,2026-08-22 23:33:05
티켓링크,전시,65055,2026 세계유산축전-제주 화산섬과 용암동굴 : 별빛산행 일출투어,한라산 성판악 한라산 성판악,2026-10-09,2026-10-16,전체 관람가 (전 연령),"10,000원",https://www.ticketlink.co.kr/product/65055,http://image.toast.com/aaaaab/ticketlink/TKL_4/12_main0819.jpg,family:0.8;couple:1.0;single:0.9;exhibition:1.0;티켓링크;전시;제주,2026-08-22 23:33:05
티켓링크,전시,65043,2026 세계유산축전 - 제주 화산섬과 용암동굴 : 유산마을 이야기 (선흘1리),제주세계유산마을 제주 세계자연유산마을(선흘1리) 일원,2026-10-09,2026-10-16,전체 관람가 (전 연령),"10,000원",https://www.ticketlink.co.kr/product/65043,http://image.toast.com/aaaaab/ticketlink/TKL_5/5_main0819.jpg,family:0.8;couple:1.0;single:0.9;exhibition:1.0;티켓링크;전시;제주,2026-08-22 23:33:05
