source_site,category,place_or_event_name,period,target_age,region,fee_info,description,booking_url,ai_tags,crawled_at,theme_tags,congestion_score,popularity_score
네이버 지역검색 API | 서울 강남구,독립서점,여행책가방,상시,성인 (개인 방문 적합),"서울특별시 강남구 광평로51길 22 한아름상가 205호 | 좌표:1271039293,374892423",장소 문의 (전화/홈페이지 참조),"서울 강남구에 위치한 독립서점 관련 장소 [여행책가방] (쇼핑,유통>서점). 전화: 정보없음",https://blog.naver.com/hellotravelbook,"single:0.95;couple:0.4;family:0.3;쇼핑,유통>서점;독립서점",2026-08-23 19:43:15,bookstore:1.0;quiet:1.0;indoor:1.0,2,70
네이버 지역검색 API | 서울 강남구,독립서점,노브북스,상시,성인 (개인 방문 적합),"서울특별시 강남구 도산대로 235 1층 | 좌표:1270326467,375215843",장소 문의 (전화/홈페이지 참조),"서울 강남구에 위치한 독립서점 관련 장소 [노브북스] (쇼핑,유통>서점). 전화: 정보없음",https://www.instagram.com/nov_books_9,"single:0.95;couple:0.4;family:0.3;쇼핑,유통>서점;독립서점",2026-08-23 19:43:15,bookstore:1.0;quiet:1.0;indoor:1.0,2,70
네이버 지역검색 API | 서울 강남구,독립서점,우공이산컴퍼니,상시,성인 (개인 방문 적합),"서울특별시 강남구 압구정로28길 42 401호 | 좌표:1270274732,375237849",장소 문의 (전화/홈페이지 참조),"서울 강남구에 위치한 독립서점 관련 장소 [우공이산컴퍼니] (서비스,산업>장소대여). 전화: 정보없음",https://www.instagram.com/yu.gong.yi.shan,"single:0.95;couple:0.4;family:0.3;서비스,산업>장소대여;독립서점",2026-08-23 19:43:15,bookstore:1.0;quiet:1.0;indoor:1.0,2,70
네이버 지역검색 API | 서울 강남구,독립서점,도토리책방,상시,성인 (개인 방문 적합),"서울특별시 광진구 아차산로41길 7 1층 101호 | 좌표:1270788141,375381452",장소 문의 (전화/홈페이지 참조),서울 강남구에 위치한 독립서점 관련 장소 [도토리책방] (서점>독립서점). 전화: 정보없음,https://www.instagram.com/dotori_bookstore,single:0.95;couple:0.4;family:0.3;서점>독립서점;독립서점,2026-08-23 19:43:15,bookstore:1.0;quiet:1.0;indoor:1.0,2,70
네이버 지역검색 API | 서울 강남구,독립서점,비주얼 콜렉트,상시,성인 (개인 방문 적합),"서울특별시 성동구 연무장13길 3 2층 오른쪽호 | 좌표:1270579389,375420006",장소 문의 (전화/홈페이지 참조),서울 강남구에 위치한 독립서점 관련 장소 [비주얼 콜렉트] (서점>독립서점). 전화: 정보없음,https://smartstore.naver.com/visualcollect,single:0.95;couple:0.4;family:0.3;서점>독립서점;독립서점,2026-08-23 19:43:15,bookstore:1.0;quiet:1.0;indoor:1.0,2,70
네이버 지역검색 API | 서울 강남구,독립서점,북앤레스트,상시,성인 (개인 방문 적합),"서울특별시 강남구 삼성로104길 22 예림빌딩 1층 (서울특별시 강남구 삼성동 153 예림빌딩 1층) | 좌표:1270565584,375110369",장소 문의 (전화/홈페이지 참조),"서울 강남구에 위치한 북카페 관련 장소 [북앤레스트] (카페,디저트>북카페). 전화: 정보없음",http://instagram.com/booknrest,"single:0.85;couple:0.4;family:0.3;카페,디저트>북카페;북카페",2026-08-23 19:43:15,bookstore:0.8;quiet:0.9;indoor:1.0,2,70
네이버 지역검색 API | 서울 강남구,독립서점,테라로사 포스코센터점,상시,성인 (개인 방문 적합),"서울특별시 강남구 테헤란로 440 포스코센터 1층 | 좌표:1270560829,375060634",장소 문의 (전화/홈페이지 참조),"서울 강남구에 위치한 북카페 관련 장소 [테라로사 포스코센터점] (카페,디저트>카페). 전화: 정보없음",https://terarosa.com,"single:0.85;couple:0.4;family:0.3;카페,디저트>카페;북카페",2026-08-23 19:43:15,bookstore:0.8;quiet:0.9;indoor:1.0,2,70
네이버 지역검색 API | 서울 강남구,독립서점,북어위크,상시,성인 (개인 방문 적합),"서울특별시 강남구 자곡로11길 28 LH수서2단지 상가 2층, 201호 | 좌표:1271073288,374786262",장소 문의 (전화/홈페이지 참조),"서울 강남구에 위치한 북카페 관련 장소 [북어위크] (음식점>카페,디저트). 전화: 정보없음",https://www.youtube.com/@bookaweek2018,"single:0.85;couple:0.4;family:0.3;음식점>카페,디저트;북카페",2026-08-23 19:43:15,bookstore:0.8;quiet:0.9;indoor:1.0,2,70
네이버 지역검색 API | 서울 강남구,독립서점,북카페레벤,상시,성인 (개인 방문 적합),"서울특별시 강남구 학동로 116 북카페레벤, 성바오로서원 | 좌표:1270236652,375116105",장소 문의 (전화/홈페이지 참조),"서울 강남구에 위치한 북카페 관련 장소 [북카페레벤] (카페,디저트>북카페). 전화: 정보없음",https://blog.naver.com/bookcafeleben,"single:0.85;couple:0.4;family:0.3;카페,디저트>북카페;북카페",2026-08-23 19:43:15,bookstore:0.8;quiet:0.9;indoor:1.0,2,70
네이버 지역검색 API | 서울 강남구,독립서점,카페 공명 신사 가로수길점,상시,성인 (개인 방문 적합),"서울특별시 강남구 도산대로15길 32-4 지하1층, 1층, 2층, 3층 | 좌표:1270239065,375206435",장소 문의 (전화/홈페이지 참조),"서울 강남구에 위치한 북카페 관련 장소 [카페 공명 신사 가로수길점] (카페,디저트>카페). 전화: 정보없음",https://cafegm.kr/,"single:0.85;couple:0.4;family:0.3;카페,디저트>카페;북카페",2026-08-23 19:43:15,bookstore:0.8;quiet:0.9;indoor:1.0,2,70
네이버 지역검색 API | 서울 강남구,조용한 힐링,토즈 모임센터 강남역 회의실타워점,상시,성인 (개인 방문 적합),"서울특별시 강남구 강남대로84길 24-4 1~6층 | 좌표:1270306659,374967416",장소 문의 (전화/홈페이지 참조),"서울 강남구에 위치한 스터디카페 관련 장소 [토즈 모임센터 강남역 회의실타워점] (임대,대여>장소대여). 전화: 정보없음",https://blog.naver.com/toztower_24,"single:0.9;couple:0.4;family:0.3;임대,대여>장소대여;스터디카페",2026-08-23 19:43:15,healing:0.7;quiet:1.0;solo:1.0,2,70
네이버 지역검색 API | 서울 강남구,조용한 힐링,토즈모임센터 선릉삼성 회의실공간점,상시,성인 (개인 방문 적합),"서울특별시 강남구 테헤란로70길 14-8 세왕개발빌딩 A동 9층 | 좌표:1270529358,375046218",장소 문의 (전화/홈페이지 참조),"서울 강남구에 위치한 스터디카페 관련 장소 [토즈모임센터 선릉삼성 회의실공간점] (임대,대여>장소대여). 전화: 정보없음",https://blog.naver.com/toz_workforest,"single:0.9;couple:0.4;family:0.3;임대,대여>장소대여;스터디카페",2026-08-23 19:43:15,healing:0.7;quiet:1.0;solo:1.0,2,70
네이버 지역검색 API | 서울 강남구,조용한 힐링,카공족 강남일원점,상시,성인 (개인 방문 적합),"서울특별시 강남구 일원로9길 8 4층 | 좌표:1270822035,374893968",장소 문의 (전화/홈페이지 참조),"서울 강남구에 위치한 스터디카페 관련 장소 [카공족 강남일원점] (카페,디저트>스터디카페). 전화: 정보없음",https://www.instagram.com/cagongzok_official,"single:0.9;couple:0.4;family:0.3;카페,디저트>스터디카페;스터디카페",2026-08-23 19:43:15,healing:0.7;quiet:1.0;solo:1.0,2,70
네이버 지역검색 API | 서울 강남구,조용한 힐링,에스랩 스터디카페 강남 3호점,상시,성인 (개인 방문 적합),"서울특별시 강남구 강남대로78길 14 신화빌딩 3층 | 좌표:1270305469,374949438",장소 문의 (전화/홈페이지 참조),서울 강남구에 위치한 스터디카페 관련 장소 [에스랩 스터디카페 강남 3호점] (스터디카페). 전화: 정보없음,http://pf.kakao.com/_xmRxoxcj,single:0.9;couple:0.4;family:0.3;스터디카페;스터디카페,2026-08-23 19:43:15,healing:0.7;quiet:1.0;solo:1.0,2,70
네이버 지역검색 API | 서울 강남구,조용한 힐링,선릉더모임센터,상시,성인 (개인 방문 적합),"서울특별시 강남구 테헤란로 326 역삼 아이타워 지하 1층 | 좌표:1270471966,375036181",장소 문의 (전화/홈페이지 참조),"서울 강남구에 위치한 스터디카페 관련 장소 [선릉더모임센터] (서비스,산업>장소대여). 전화: 정보없음",http://www.ienbiz.com/,"single:0.9;couple:0.4;family:0.3;서비스,산업>장소대여;스터디카페",2026-08-23 19:43:15,healing:0.7;quiet:1.0;solo:1.0,2,70
네이버 지역검색 API | 서울 강남구,조용한 힐링,플래닛 요가 스트레치,상시,성인 (개인 방문 적합),"서울특별시 강남구 테헤란로64길 18 3층 | 좌표:1270512201,375037779",장소 문의 (전화/홈페이지 참조),서울 강남구에 위치한 요가원 관련 장소 [플래닛 요가 스트레치] (스포츠시설>요가원). 전화: 정보없음,https://www.instagram.com/planet_stretch,single:0.8;couple:0.4;family:0.3;스포츠시설>요가원;요가원,2026-08-23 19:43:15,healing:1.0;quiet:0.8;solo:0.9,2,70
네이버 지역검색 API | 서울 강남구,조용한 힐링,오앤 요가 필라테스,상시,성인 (개인 방문 적합),"서울특별시 강남구 테헤란로87길 13 서영빌딩9층 | 좌표:1270586395,375086418",장소 문의 (전화/홈페이지 참조),서울 강남구에 위치한 요가원 관련 장소 [오앤 요가 필라테스] (스포츠시설>요가원). 전화: 정보없음,https://smartstore.naver.com/onyogastudio,single:0.8;couple:0.4;family:0.3;스포츠시설>요가원;요가원,2026-08-23 19:43:15,healing:1.0;quiet:0.8;solo:0.9,2,70
네이버 지역검색 API | 서울 강남구,조용한 힐링,젠요가 역삼센터,상시,성인 (개인 방문 적합),"서울특별시 강남구 테헤란로19길 5 2층 | 좌표:1270334849,375004637",장소 문의 (전화/홈페이지 참조),서울 강남구에 위치한 요가원 관련 장소 [젠요가 역삼센터] (스포츠시설>요가원). 전화: 정보없음,http://pf.kakao.com/_jmvQj,single:0.8;couple:0.4;family:0.3;스포츠시설>요가원;요가원,2026-08-23 19:43:15,healing:1.0;quiet:0.8;solo:0.9,2,70
네이버 지역검색 API | 서울 강남구,조용한 힐링,바바요가 삼성,상시,성인 (개인 방문 적합),"서울특별시 강남구 삼성로115길 22 2층 | 좌표:1270503104,375145450",장소 문의 (전화/홈페이지 참조),서울 강남구에 위치한 요가원 관련 장소 [바바요가 삼성] (스포츠시설>요가원). 전화: 정보없음,https://pf.kakao.com/_rZjMxj,single:0.8;couple:0.4;family:0.3;스포츠시설>요가원;요가원,2026-08-23 19:43:15,healing:1.0;quiet:0.8;solo:0.9,2,70
네이버 지역검색 API | 서울 강남구,조용한 힐링,애프터 요가 매봉역점,상시,성인 (개인 방문 적합),"서울특별시 강남구 남부순환로 2730 GS25 빌딩 5층 | 좌표:1270447099,374857512",장소 문의 (전화/홈페이지 참조),서울 강남구에 위치한 요가원 관련 장소 [애프터 요가 매봉역점] (스포츠시설>요가원). 전화: 정보없음,https://blog.naver.com/cmryp,single:0.8;couple:0.4;family:0.3;스포츠시설>요가원;요가원,2026-08-23 19:43:15,healing:1.0;quiet:0.8;solo:0.9,2,70
네이버 지역검색 API | 서울 강남구,조용한 힐링,마음수련 명상센터 강남점,상시,성인 (개인 방문 적합),"서울특별시 강남구 테헤란로 403 리치타워 4층 401~402호 | 좌표:1270495325,375050918",장소 문의 (전화/홈페이지 참조),"서울 강남구에 위치한 명상센터 관련 장소 [마음수련 명상센터 강남점] (스포츠,레크레이션교육>요가,명상). 전화: 정보없음",https://trueselfclass.com/,"single:0.85;couple:0.4;family:0.3;스포츠,레크레이션교육>요가,명상;명상센터",2026-08-23 19:43:15,healing:1.0;quiet:1.0;solo:1.0,2,70
네이버 지역검색 API | 서울 강남구,조용한 힐링,마음수련 명상센터 청담점,상시,성인 (개인 방문 적합),"서울특별시 강남구 학동로 342 에스케이 허브블루 406호 | 좌표:1270408461,375167495",장소 문의 (전화/홈페이지 참조),"서울 강남구에 위치한 명상센터 관련 장소 [마음수련 명상센터 청담점] (스포츠,레크레이션교육>요가,명상). 전화: 정보없음",https://trueselfclass.com/,"single:0.85;couple:0.4;family:0.3;스포츠,레크레이션교육>요가,명상;명상센터",2026-08-23 19:43:15,healing:1.0;quiet:1.0;solo:1.0,2,70
네이버 지역검색 API | 서울 강남구,조용한 힐링,마음수련 명상센터 수서점,상시,성인 (개인 방문 적합),"서울특별시 강남구 광평로51길 8 로얄프라자 401호 | 좌표:1271024711,374883738",장소 문의 (전화/홈페이지 참조),"서울 강남구에 위치한 명상센터 관련 장소 [마음수련 명상센터 수서점] (스포츠,레크레이션교육>요가,명상). 전화: 정보없음",https://trueselfclass.com,"single:0.85;couple:0.4;family:0.3;스포츠,레크레이션교육>요가,명상;명상센터",2026-08-23 19:43:15,healing:1.0;quiet:1.0;solo:1.0,2,70
네이버 지역검색 API | 서울 강남구,조용한 힐링,강남힐링센터 신사,상시,성인 (개인 방문 적합),"서울특별시 강남구 논현로155길 13 1, 2, 3, 4, 5층 | 좌표:1270268041,375216495",장소 문의 (전화/홈페이지 참조),"서울 강남구에 위치한 명상센터 관련 장소 [강남힐링센터 신사] (스포츠,레크레이션교육>요가,명상). 전화: 정보없음",https://www.gangnam.go.kr/healing/lectInfo/list.do?key=2411090011&sc_cntrCd=003,"single:0.85;couple:0.4;family:0.3;스포츠,레크레이션교육>요가,명상;명상센터",2026-08-23 19:43:15,healing:1.0;quiet:1.0;solo:1.0,2,70
네이버 지역검색 API | 서울 강남구,조용한 힐링,브레인트레이닝센터 강남명상치유점,상시,성인 (개인 방문 적합),"서울특별시 강남구 테헤란로78길 8 6층 | 좌표:1270552450,375056682",장소 문의 (전화/홈페이지 참조),"서울 강남구에 위치한 명상센터 관련 장소 [브레인트레이닝센터 강남명상치유점] (스포츠,레크레이션교육>요가,명상). 전화: 정보없음",https://blog.naver.com/coolwind54_,"single:0.85;couple:0.4;family:0.3;스포츠,레크레이션교육>요가,명상;명상센터",2026-08-23 19:43:15,healing:1.0;quiet:1.0;solo:1.0,2,70
네이버 지역검색 API | 서울 강남구,역사·문화,고궁익스프레스 (강남센트럴시티점),상시,성인 (개인 방문 적합),"서울특별시 서초구 신반포로 176 | 좌표:1270034060,375051027",장소 문의 (전화/홈페이지 참조),서울 강남구에 위치한 고궁 관련 장소 [고궁익스프레스 (강남센트럴시티점)] (한식>비빔밥). 전화: 정보없음,https://map.naver.com/v5/search/%EA%B3%A0%EA%B6%81%EC%9D%B5%EC%8A%A4%ED%94%84%EB%A0%88%EC%8A%A4%20%28%EA%B0%95%EB%82%A8%EC%84%BC%ED%8A%B8%EB%9F%B4%EC%8B%9C%ED%8B%B0%EC%A0%90%29,single:0.75;couple:0.4;family:0.3;한식>비빔밥;고궁,2026-08-23 19:43:15,culture:1.0;history:1.0;outdoor:0.6,2,70
네이버 지역검색 API | 서울 강남구,역사·문화,고궁,상시,성인 (개인 방문 적합),"서울특별시 서초구 언남12길 16 | 좌표:1270446868,374737056",장소 문의 (전화/홈페이지 참조),"서울 강남구에 위치한 고궁 관련 장소 [고궁] (쇼핑,유통>과자,사탕,초코렛). 전화: 정보없음",https://map.naver.com/v5/search/%EA%B3%A0%EA%B6%81,"single:0.75;couple:0.4;family:0.3;쇼핑,유통>과자,사탕,초코렛;고궁",2026-08-23 19:43:15,culture:1.0;history:1.0;outdoor:0.6,2,70
네이버 지역검색 API | 서울 강남구,역사·문화,봉은사,상시,성인 (개인 방문 적합),"서울특별시 강남구 봉은사로 531 봉은사 | 좌표:1270576546,375149197",장소 문의 (전화/홈페이지 참조),"서울 강남구에 위치한 사찰 관련 장소 [봉은사] (불교>절,사찰). 전화: 정보없음",http://www.bongeunsa.org/,"single:0.7;couple:0.4;family:0.3;불교>절,사찰;사찰",2026-08-23 19:43:15,culture:1.0;history:0.9;outdoor:0.7,2,70
네이버 지역검색 API | 서울 강남구,역사·문화,능인선원,상시,성인 (개인 방문 적합),"서울특별시 강남구 양재대로 340 능인선원 | 좌표:1270525916,374716779",장소 문의 (전화/홈페이지 참조),"서울 강남구에 위치한 사찰 관련 장소 [능인선원] (불교>절,사찰). 전화: 정보없음",http://www.gotobuddha.org/,"single:0.7;couple:0.4;family:0.3;불교>절,사찰;사찰",2026-08-23 19:43:15,culture:1.0;history:0.9;outdoor:0.7,2,70
네이버 지역검색 API | 서울 강남구,역사·문화,대한불교조계종 전국비구니회관 법룡사,상시,성인 (개인 방문 적합),"서울특별시 강남구 광평로31길 56 전국비구니회관 법룡사 | 좌표:1270884056,374860481",장소 문의 (전화/홈페이지 참조),"서울 강남구에 위치한 사찰 관련 장소 [대한불교조계종 전국비구니회관 법룡사] (불교>절,사찰). 전화: 정보없음",https://kbhiksuni.org/beopyongsa-temple/,"single:0.7;couple:0.4;family:0.3;불교>절,사찰;사찰",2026-08-23 19:43:15,culture:1.0;history:0.9;outdoor:0.7,2,70
네이버 지역검색 API | 서울 강남구,역사·문화,불교총지종 총지사,상시,성인 (개인 방문 적합),"서울특별시 강남구 도곡로25길 35 | 좌표:1270403174,374951043",장소 문의 (전화/홈페이지 참조),"서울 강남구에 위치한 사찰 관련 장소 [불교총지종 총지사] (불교>절,사찰). 전화: 정보없음",http://www.chongji.or.kr/,"single:0.7;couple:0.4;family:0.3;불교>절,사찰;사찰",2026-08-23 19:43:15,culture:1.0;history:0.9;outdoor:0.7,2,70
네이버 지역검색 API | 서울 강남구,역사·문화,불국사,상시,성인 (개인 방문 적합),"서울특별시 강남구 광평로10길 30-71 | 좌표:1270749125,374773763",장소 문의 (전화/홈페이지 참조),"서울 강남구에 위치한 사찰 관련 장소 [불국사] (불교>절,사찰). 전화: 정보없음",https://map.naver.com/v5/search/%EB%B6%88%EA%B5%AD%EC%82%AC,"single:0.7;couple:0.4;family:0.3;불교>절,사찰;사찰",2026-08-23 19:43:15,culture:1.0;history:0.9;outdoor:0.7,2,70
네이버 지역검색 API | 서울 강남구,자연·공원,서울둘레길인증스탬프(대모산입구),상시,성인 (개인 방문 적합),"서울특별시 강남구 수서동 | 좌표:1271022897,374865939",장소 문의 (전화/홈페이지 참조),"서울 강남구에 위치한 둘레길 관련 장소 [서울둘레길인증스탬프(대모산입구)] (여행,명소>거리,골목). 전화: 정보없음",https://map.naver.com/v5/search/%EC%84%9C%EC%9A%B8%EB%91%98%EB%A0%88%EA%B8%B8%EC%9D%B8%EC%A6%9D%EC%8A%A4%ED%83%AC%ED%94%84%28%EB%8C%80%EB%AA%A8%EC%82%B0%EC%9E%85%EA%B5%AC%29,"single:0.8;couple:0.4;family:0.3;여행,명소>거리,골목;둘레길",2026-08-23 19:43:15,nature:1.0;outdoor:1.0;walk:1.0,2,70
네이버 지역검색 API | 서울 강남구,자연·공원,서울둘레길9코스(대모구룡산),상시,성인 (개인 방문 적합),"서울특별시 강남구 양재대로 478 | 좌표:1270691749,374716958",장소 문의 (전화/홈페이지 참조),"서울 강남구에 위치한 둘레길 관련 장소 [서울둘레길9코스(대모구룡산)] (여행,명소>도보코스). 전화: 정보없음",https://map.naver.com/v5/search/%EC%84%9C%EC%9A%B8%EB%91%98%EB%A0%88%EA%B8%B89%EC%BD%94%EC%8A%A4%28%EB%8C%80%EB%AA%A8%EA%B5%AC%EB%A3%A1%EC%82%B0%29,"single:0.8;couple:0.4;family:0.3;여행,명소>도보코스;둘레길",2026-08-23 19:43:15,nature:1.0;outdoor:1.0;walk:1.0,2,70
네이버 지역검색 API | 서울 강남구,자연·공원,서울둘레길인증스탬프(광평교),상시,성인 (개인 방문 적합),"서울특별시 강남구 수서동 | 좌표:1271068624,374881930",장소 문의 (전화/홈페이지 참조),"서울 강남구에 위치한 둘레길 관련 장소 [서울둘레길인증스탬프(광평교)] (여행,명소>거리,골목). 전화: 정보없음",https://map.naver.com/v5/search/%EC%84%9C%EC%9A%B8%EB%91%98%EB%A0%88%EA%B8%B8%EC%9D%B8%EC%A6%9D%EC%8A%A4%ED%83%AC%ED%94%84%28%EA%B4%91%ED%8F%89%EA%B5%90%29,"single:0.8;couple:0.4;family:0.3;여행,명소>거리,골목;둘레길",2026-08-23 19:43:15,nature:1.0;outdoor:1.0;walk:1.0,2,70
네이버 지역검색 API | 서울 강남구,자연·공원,수서역6번출입구,상시,성인 (개인 방문 적합),"서울특별시 강남구 수서동 | 좌표:1271018739,374869291",장소 문의 (전화/홈페이지 참조),서울 강남구에 위치한 둘레길 관련 장소 [수서역6번출입구] (도로시설>방면정보). 전화: 정보없음,https://map.naver.com/v5/search/%EC%88%98%EC%84%9C%EC%97%AD6%EB%B2%88%EC%B6%9C%EC%9E%85%EA%B5%AC,single:0.8;couple:0.4;family:0.3;도로시설>방면정보;둘레길,2026-08-23 19:43:15,nature:1.0;outdoor:1.0;walk:1.0,2,70
네이버 지역검색 API | 서울 강남구,자연·공원,구룡산입구(구룡산서울둘레길입구)자전거대여소,상시,성인 (개인 방문 적합),"서울특별시 강남구 개포동 | 좌표:1270554607,374745757",장소 문의 (전화/홈페이지 참조),"서울 강남구에 위치한 둘레길 관련 장소 [구룡산입구(구룡산서울둘레길입구)자전거대여소] (임대,대여>자전거). 전화: 정보없음",https://map.naver.com/v5/search/%EA%B5%AC%EB%A3%A1%EC%82%B0%EC%9E%85%EA%B5%AC%28%EA%B5%AC%EB%A3%A1%EC%82%B0%EC%84%9C%EC%9A%B8%EB%91%98%EB%A0%88%EA%B8%B8%EC%9E%85%EA%B5%AC%29%EC%9E%90%EC%A0%84%EA%B1%B0%EB%8C%80%EC%97%AC%EC%86%8C,"single:0.8;couple:0.4;family:0.3;임대,대여>자전거;둘레길",2026-08-23 19:43:15,nature:1.0;outdoor:1.0;walk:1.0,2,70
네이버 지역검색 API | 서울 강남구,자연·공원,수목원,상시,성인 (개인 방문 적합),"서울특별시 강남구 수서동 산1 | 좌표:1271022351,374864456",장소 문의 (전화/홈페이지 참조),서울 강남구에 위치한 수목원 관련 장소 [수목원] (한식>닭요리). 전화: 정보없음,https://map.naver.com/v5/search/%EC%88%98%EB%AA%A9%EC%9B%90,single:0.75;couple:0.4;family:0.3;한식>닭요리;수목원,2026-08-23 19:43:15,nature:1.0;outdoor:1.0;walk:0.8,2,70
네이버 지역검색 API | 서울 강남구,자연·공원,수목원빌라,상시,성인 (개인 방문 적합),"서울특별시 강남구 봉은사로74길 6-9 | 좌표:1270514784,375115764",장소 문의 (전화/홈페이지 참조),"서울 강남구에 위치한 수목원 관련 장소 [수목원빌라] (시설,건물>주택). 전화: 정보없음",https://map.naver.com/v5/search/%EC%88%98%EB%AA%A9%EC%9B%90%EB%B9%8C%EB%9D%BC,"single:0.75;couple:0.4;family:0.3;시설,건물>주택;수목원",2026-08-23 19:43:15,nature:1.0;outdoor:1.0;walk:0.8,2,70
네이버 지역검색 API | 서울 강남구,자연·공원,농업회사법인한국수목원,상시,성인 (개인 방문 적합),"서울특별시 강남구 테헤란로64길 13 | 좌표:1270514390,375042432",장소 문의 (전화/홈페이지 참조),"서울 강남구에 위치한 수목원 관련 장소 [농업회사법인한국수목원] (서비스,산업>농업). 전화: 정보없음",https://map.naver.com/v5/search/%EB%86%8D%EC%97%85%ED%9A%8C%EC%82%AC%EB%B2%95%EC%9D%B8%ED%95%9C%EA%B5%AD%EC%88%98%EB%AA%A9%EC%9B%90,"single:0.75;couple:0.4;family:0.3;서비스,산업>농업;수목원",2026-08-23 19:43:15,nature:1.0;outdoor:1.0;walk:0.8,2,70
네이버 지역검색 API | 서울 강남구,자연·공원,서울숲,상시,성인 (개인 방문 적합),"서울특별시 성동구 뚝섬로 273 | 좌표:1270385663,375419644",장소 문의 (전화/홈페이지 참조),"서울 강남구에 위치한 수목원 관련 장소 [서울숲] (여행,명소>숲,숲길). 전화: 정보없음",https://parks.seoul.go.kr/,"single:0.75;couple:0.4;family:0.3;여행,명소>숲,숲길;수목원",2026-08-23 19:43:15,nature:1.0;outdoor:1.0;walk:0.8,2,70
네이버 지역검색 API | 서울 강남구,자연·공원,서울숲 곤충식물원,상시,성인 (개인 방문 적합),"서울특별시 성동구 | 좌표:1270391864,375414557",장소 문의 (전화/홈페이지 참조),"서울 강남구에 위치한 수목원 관련 장소 [서울숲 곤충식물원] (여행,명소>식물원,수목원). 전화: 정보없음",https://map.naver.com/v5/search/%EC%84%9C%EC%9A%B8%EC%88%B2%20%EA%B3%A4%EC%B6%A9%EC%8B%9D%EB%AC%BC%EC%9B%90,"single:0.75;couple:0.4;family:0.3;여행,명소>식물원,수목원;수목원",2026-08-23 19:43:15,nature:1.0;outdoor:1.0;walk:0.8,2,70
네이버 지역검색 API | 서울 마포구,독립서점,1984,상시,성인 (개인 방문 적합),"서울특별시 마포구 동교로 194 혜원빌딩 1층 | 좌표:1269227907,375574011",장소 문의 (전화/홈페이지 참조),"서울 마포구에 위치한 독립서점 관련 장소 [1984] (음식점>카페,디저트). 전화: 정보없음",http://instagram.com/1984store,"single:0.95;couple:0.4;family:0.3;음식점>카페,디저트;독립서점",2026-08-23 19:43:15,bookstore:1.0;quiet:1.0;indoor:1.0,2,70
네이버 지역검색 API | 서울 마포구,독립서점,공상온도,상시,성인 (개인 방문 적합),"서울특별시 마포구 동교로23길 40 지하 | 좌표:1269197591,375576420",장소 문의 (전화/홈페이지 참조),"서울 마포구에 위치한 독립서점 관련 장소 [공상온도] (음식점>카페,디저트). 전화: 정보없음",https://daangn.com/kr/link/pickup/menu/43886,"single:0.95;couple:0.4;family:0.3;음식점>카페,디저트;독립서점",2026-08-23 19:43:15,bookstore:1.0;quiet:1.0;indoor:1.0,2,70
네이버 지역검색 API | 서울 마포구,독립서점,땡스북스,상시,성인 (개인 방문 적합),"서울특별시 마포구 양화로6길 57-6 1층 | 좌표:1269176686,375488904",장소 문의 (전화/홈페이지 참조),"서울 마포구에 위치한 독립서점 관련 장소 [땡스북스] (쇼핑,유통>서점). 전화: 정보없음",https://smartstore.naver.com/thanksbooks,"single:0.95;couple:0.4;family:0.3;쇼핑,유통>서점;독립서점",2026-08-23 19:43:15,bookstore:1.0;quiet:1.0;indoor:1.0,2,70
네이버 지역검색 API | 서울 마포구,독립서점,책바,상시,성인 (개인 방문 적합),"서울특별시 마포구 포은로 90 301호 | 좌표:1269053047,375551097",장소 문의 (전화/홈페이지 참조),서울 마포구에 위치한 독립서점 관련 장소 [책바] (술집>바(BAR)). 전화: 정보없음,https://app.catchtable.co.kr/ct/shop/chaegbar,single:0.95;couple:0.4;family:0.3;술집>바(BAR);독립서점,2026-08-23 19:43:15,bookstore:1.0;quiet:1.0;indoor:1.0,2,70
네이버 지역검색 API | 서울 마포구,독립서점,연남서가,상시,성인 (개인 방문 적합),"서울특별시 마포구 성미산로29안길 7 지1층좌측 | 좌표:1269226798,375650602",장소 문의 (전화/홈페이지 참조),서울 마포구에 위치한 독립서점 관련 장소 [연남서가] (서점>독립서점). 전화: 정보없음,http://www.ynbook.co.kr,single:0.95;couple:0.4;family:0.3;서점>독립서점;독립서점,2026-08-23 19:43:15,bookstore:1.0;quiet:1.0;indoor:1.0,2,70
네이버 지역검색 API | 서울 마포구,독립서점,카페 공명 연남점,상시,성인 (개인 방문 적합),"서울특별시 마포구 연희로 11 1층 카페 공명 연남 | 좌표:1269264344,375600309",장소 문의 (전화/홈페이지 참조),"서울 마포구에 위치한 북카페 관련 장소 [카페 공명 연남점] (음식점>카페,디저트). 전화: 정보없음",https://cafegm.kr/,"single:0.85;couple:0.4;family:0.3;음식점>카페,디저트;북카페",2026-08-23 19:43:15,bookstore:0.8;quiet:0.9;indoor:1.0,2,70
네이버 지역검색 API | 서울 마포구,독립서점,카페꼼마 합정점,상시,성인 (개인 방문 적합),"서울특별시 마포구 포은로 49 | 좌표:1269068006,375519325",장소 문의 (전화/홈페이지 참조),"서울 마포구에 위치한 북카페 관련 장소 [카페꼼마 합정점] (음식점>카페,디저트). 전화: 정보없음",https://www.instagram.com/cafecomma_official,"single:0.85;couple:0.4;family:0.3;음식점>카페,디저트;북카페",2026-08-23 19:43:15,bookstore:0.8;quiet:0.9;indoor:1.0,2,70
네이버 지역검색 API | 서울 마포구,독립서점,카페 공명 망원책빵,상시,성인 (개인 방문 적합),"서울특별시 마포구 월드컵로13길 22-3 지하1층, 1층, 2층 | 좌표:1269087154,375556988",장소 문의 (전화/홈페이지 참조),"서울 마포구에 위치한 북카페 관련 장소 [카페 공명 망원책빵] (음식점>카페,디저트). 전화: 정보없음",https://cafegm.kr,"single:0.85;couple:0.4;family:0.3;음식점>카페,디저트;북카페",2026-08-23 19:43:15,bookstore:0.8;quiet:0.9;indoor:1.0,2,70
네이버 지역검색 API | 서울 마포구,독립서점,렉터스라운지 홍대,상시,성인 (개인 방문 적합),"서울특별시 마포구 와우산로29가길 54-6 지하1층, 지상1층 렉터스라운지 | 좌표:1269266828,375540325",장소 문의 (전화/홈페이지 참조),"서울 마포구에 위치한 북카페 관련 장소 [렉터스라운지 홍대] (음식점>카페,디저트). 전화: 정보없음",https://www.instagram.com/lectus.lounge,"single:0.85;couple:0.4;family:0.3;음식점>카페,디저트;북카페",2026-08-23 19:43:15,bookstore:0.8;quiet:0.9;indoor:1.0,2,70
네이버 지역검색 API | 서울 마포구,독립서점,채그로,상시,성인 (개인 방문 적합),"서울특별시 마포구 마포대로4다길 31 8층 채그로카페 | 좌표:1269442193,375356886",장소 문의 (전화/홈페이지 참조),"서울 마포구에 위치한 북카페 관련 장소 [채그로] (카페,디저트>북카페). 전화: 정보없음",https://www.instagram.com/check_grow,"single:0.85;couple:0.4;family:0.3;카페,디저트>북카페;북카페",2026-08-23 19:43:15,bookstore:0.8;quiet:0.9;indoor:1.0,2,70
네이버 지역검색 API | 서울 마포구,조용한 힐링,토즈 모임센터 홍대점,상시,성인 (개인 방문 적합),"서울특별시 마포구 연남로 13 영상빌딩 3층 | 좌표:1269227770,375608537",장소 문의 (전화/홈페이지 참조),"서울 마포구에 위치한 스터디카페 관련 장소 [토즈 모임센터 홍대점] (임대,대여>장소대여). 전화: 정보없음",https://blog.naver.com/tozhongdae,"single:0.9;couple:0.4;family:0.3;임대,대여>장소대여;스터디카페",2026-08-23 19:43:15,healing:0.7;quiet:1.0;solo:1.0,2,70
네이버 지역검색 API | 서울 마포구,조용한 힐링,토즈 신촌비즈센터,상시,성인 (개인 방문 적합),"서울특별시 마포구 서강로 136 아이비타워 15층 | 좌표:1269358867,375540253",장소 문의 (전화/홈페이지 참조),"서울 마포구에 위치한 스터디카페 관련 장소 [토즈 신촌비즈센터] (임대,대여>장소대여). 전화: 정보없음",https://www.instagram.com/toz_sinchon,"single:0.9;couple:0.4;family:0.3;임대,대여>장소대여;스터디카페",2026-08-23 19:43:15,healing:0.7;quiet:1.0;solo:1.0,2,70
네이버 지역검색 API | 서울 마포구,조용한 힐링,카공족 망원역1호점,상시,성인 (개인 방문 적합),"서울특별시 마포구 동교로13길 20 2층 | 좌표:1269130730,375554805",장소 문의 (전화/홈페이지 참조),"서울 마포구에 위치한 스터디카페 관련 장소 [카공족 망원역1호점] (카페,디저트>스터디카페). 전화: 정보없음",https://www.instagram.com/mangwoncgz,"single:0.9;couple:0.4;family:0.3;카페,디저트>스터디카페;스터디카페",2026-08-23 19:43:15,healing:0.7;quiet:1.0;solo:1.0,2,70
네이버 지역검색 API | 서울 마포구,조용한 힐링,두드림 스터디룸,상시,성인 (개인 방문 적합),"서울특별시 마포구 고산길 4 성이빌딩3층 | 좌표:1269376538,375530485",장소 문의 (전화/홈페이지 참조),"서울 마포구에 위치한 스터디카페 관련 장소 [두드림 스터디룸] (서비스,산업>장소대여). 전화: 정보없음",https://www.instagram.com/do_dream_studyroom,"single:0.9;couple:0.4;family:0.3;서비스,산업>장소대여;스터디카페",2026-08-23 19:43:15,healing:0.7;quiet:1.0;solo:1.0,2,70
네이버 지역검색 API | 서울 마포구,조용한 힐링,시츠프로브,상시,성인 (개인 방문 적합),"서울특별시 마포구 월드컵북로 94 1층 | 좌표:1269150695,375619832",장소 문의 (전화/홈페이지 참조),"서울 마포구에 위치한 스터디카페 관련 장소 [시츠프로브] (카페,디저트>카페). 전화: 정보없음",https://www.instagram.com/cafe_sitzprobe,"single:0.9;couple:0.4;family:0.3;카페,디저트>카페;스터디카페",2026-08-23 19:43:15,healing:0.7;quiet:1.0;solo:1.0,2,70
네이버 지역검색 API | 서울 마포구,조용한 힐링,복샘요가 &amp; 플라잉 마포역점,상시,성인 (개인 방문 적합),"서울특별시 마포구 토정로 320 주원빌딩 5층 | 좌표:1269439361,375393621",장소 문의 (전화/홈페이지 참조),서울 마포구에 위치한 요가원 관련 장소 [복샘요가 &amp; 플라잉 마포역점] (스포츠시설>요가원). 전화: 정보없음,https://blog.naver.com/boksaemyoga,single:0.8;couple:0.4;family:0.3;스포츠시설>요가원;요가원,2026-08-23 19:43:15,healing:1.0;quiet:0.8;solo:0.9,2,70
네이버 지역검색 API | 서울 마포구,조용한 힐링,요가쿨라,상시,성인 (개인 방문 적합),"서울특별시 마포구 와우산로29마길 24-1 2층 | 좌표:1269261923,375552501",장소 문의 (전화/홈페이지 참조),서울 마포구에 위치한 요가원 관련 장소 [요가쿨라] (스포츠시설>요가원). 전화: 정보없음,https://blog.naver.com/comet1264,single:0.8;couple:0.4;family:0.3;스포츠시설>요가원;요가원,2026-08-23 19:43:15,healing:1.0;quiet:0.8;solo:0.9,2,70
네이버 지역검색 API | 서울 마포구,조용한 힐링,복샘요가 전통요가 광흥창점,상시,성인 (개인 방문 적합),"서울특별시 마포구 토정로 195 2층 | 좌표:1269327302,375455574",장소 문의 (전화/홈페이지 참조),서울 마포구에 위치한 요가원 관련 장소 [복샘요가 전통요가 광흥창점] (스포츠시설>요가원). 전화: 정보없음,https://blog.naver.com/boksaemyoga,single:0.8;couple:0.4;family:0.3;스포츠시설>요가원;요가원,2026-08-23 19:43:15,healing:1.0;quiet:0.8;solo:0.9,2,70
네이버 지역검색 API | 서울 마포구,조용한 힐링,사트얌요가 공덕점,상시,성인 (개인 방문 적합),"서울특별시 마포구 새창로 40 5층 사트얌요가 | 좌표:1269540392,375412451",장소 문의 (전화/홈페이지 참조),서울 마포구에 위치한 요가원 관련 장소 [사트얌요가 공덕점] (스포츠시설>요가원). 전화: 정보없음,https://www.instagram.com/satyamyoga_seoul?igsh=eHhjbHRkenk2NWph,single:0.8;couple:0.4;family:0.3;스포츠시설>요가원;요가원,2026-08-23 19:43:15,healing:1.0;quiet:0.8;solo:0.9,2,70
네이버 지역검색 API | 서울 마포구,조용한 힐링,AAS YOGA &amp; LIFE,상시,성인 (개인 방문 적합),"서울특별시 마포구 양화진2길 13 3층 | 좌표:1269118739,375479761",장소 문의 (전화/홈페이지 참조),서울 마포구에 위치한 요가원 관련 장소 [AAS YOGA &amp; LIFE] (스포츠시설>요가원). 전화: 정보없음,https://www.instagram.com/agast_art_studio,single:0.8;couple:0.4;family:0.3;스포츠시설>요가원;요가원,2026-08-23 19:43:15,healing:1.0;quiet:0.8;solo:0.9,2,70
네이버 지역검색 API | 서울 마포구,조용한 힐링,마음수련 명상센터 홍대점,상시,성인 (개인 방문 적합),"서울특별시 마포구 와우산로 117 2층 | 좌표:1269264402,375534045",장소 문의 (전화/홈페이지 참조),"서울 마포구에 위치한 명상센터 관련 장소 [마음수련 명상센터 홍대점] (스포츠,레크레이션교육>요가,명상). 전화: 정보없음",https://blog.naver.com/meditationlife,"single:0.85;couple:0.4;family:0.3;스포츠,레크레이션교육>요가,명상;명상센터",2026-08-23 19:43:15,healing:1.0;quiet:1.0;solo:1.0,2,70
네이버 지역검색 API | 서울 마포구,조용한 힐링,마음수련 명상센터 상암점,상시,성인 (개인 방문 적합),"서울특별시 마포구 성암로11길 56 마포중동청구아파트상가 3층 303호 | 좌표:1269013393,375741429",장소 문의 (전화/홈페이지 참조),"서울 마포구에 위치한 명상센터 관련 장소 [마음수련 명상센터 상암점] (스포츠,레크레이션교육>요가,명상). 전화: 정보없음",https://trueselfclass.com/,"single:0.85;couple:0.4;family:0.3;스포츠,레크레이션교육>요가,명상;명상센터",2026-08-23 19:43:15,healing:1.0;quiet:1.0;solo:1.0,2,70
네이버 지역검색 API | 서울 마포구,조용한 힐링,금빛요가명상센터,상시,성인 (개인 방문 적합),"서울특별시 마포구 백범로 205 105동 1층 104호 | 좌표:1269535482,375431382",장소 문의 (전화/홈페이지 참조),"서울 마포구에 위치한 명상센터 관련 장소 [금빛요가명상센터] (스포츠,레크레이션교육>요가,명상). 전화: 정보없음",http://pf.kakao.com/_xacfGG,"single:0.85;couple:0.4;family:0.3;스포츠,레크레이션교육>요가,명상;명상센터",2026-08-23 19:43:15,healing:1.0;quiet:1.0;solo:1.0,2,70
네이버 지역검색 API | 서울 마포구,조용한 힐링,브레인트레이닝센터 공덕명상점,상시,성인 (개인 방문 적합),"서울특별시 마포구 마포대로8길 9 영명빌딩 2층 브레인트레이닝센터 공덕점 | 좌표:1269538339,375465343",장소 문의 (전화/홈페이지 참조),"서울 마포구에 위치한 명상센터 관련 장소 [브레인트레이닝센터 공덕명상점] (스포츠,레크레이션교육>요가,명상). 전화: 정보없음",https://youtube.com/@김다원의브레인허그,"single:0.85;couple:0.4;family:0.3;스포츠,레크레이션교육>요가,명상;명상센터",2026-08-23 19:43:15,healing:1.0;quiet:1.0;solo:1.0,2,70
네이버 지역검색 API | 서울 마포구,조용한 힐링,아함 요가센터,상시,성인 (개인 방문 적합),"서울특별시 마포구 성미산로2길 43 401호 | 좌표:1269105704,375565897",장소 문의 (전화/홈페이지 참조),"서울 마포구에 위치한 명상센터 관련 장소 [아함 요가센터] (스포츠,레크레이션교육>요가,명상). 전화: 정보없음",http://cafe.daum.net/Gangadevi,"single:0.85;couple:0.4;family:0.3;스포츠,레크레이션교육>요가,명상;명상센터",2026-08-23 19:43:15,healing:1.0;quiet:1.0;solo:1.0,2,70
네이버 지역검색 API | 서울 마포구,역사·문화,비아꼬레아,상시,성인 (개인 방문 적합),"서울특별시 마포구 마포대로4다길 18 | 좌표:1269439972,375361588",장소 문의 (전화/홈페이지 참조),"서울 마포구에 위치한 고궁 관련 장소 [비아꼬레아] (서비스,산업>여행사). 전화: 정보없음",http://www.seulstorytour.com/ko/,"single:0.75;couple:0.4;family:0.3;서비스,산업>여행사;고궁",2026-08-23 19:43:15,culture:1.0;history:1.0;outdoor:0.6,2,70
네이버 지역검색 API | 서울 마포구,역사·문화,고궁떡집,상시,성인 (개인 방문 적합),"서울특별시 양천구 목동동로 387 105호 | 좌표:1268798962,375355848",장소 문의 (전화/홈페이지 참조),"서울 마포구에 위치한 고궁 관련 장소 [고궁떡집] (전통식품>떡,한과). 전화: 정보없음",http://	kokung.wdw.kr,"single:0.75;couple:0.4;family:0.3;전통식품>떡,한과;고궁",2026-08-23 19:43:15,culture:1.0;history:1.0;outdoor:0.6,2,70
네이버 지역검색 API | 서울 마포구,역사·문화,고궁빌라,상시,성인 (개인 방문 적합),"서울특별시 서대문구 세검정로4가길 37 | 좌표:1269514880,375941990",장소 문의 (전화/홈페이지 참조),"서울 마포구에 위치한 고궁 관련 장소 [고궁빌라] (시설,건물>주택). 전화: 정보없음",https://map.naver.com/v5/search/%EA%B3%A0%EA%B6%81%EB%B9%8C%EB%9D%BC,"single:0.75;couple:0.4;family:0.3;시설,건물>주택;고궁",2026-08-23 19:43:15,culture:1.0;history:1.0;outdoor:0.6,2,70
네이버 지역검색 API | 서울 마포구,역사·문화,서화한복,상시,성인 (개인 방문 적합),"서울특별시 종로구 사직로 137 지층 | 좌표:1269739658,375760345",장소 문의 (전화/홈페이지 참조),"서울 마포구에 위치한 고궁 관련 장소 [서화한복] (임대,대여>한복대여). 전화: 정보없음",http://www.instagram.com/seohwahanbok,"single:0.75;couple:0.4;family:0.3;임대,대여>한복대여;고궁",2026-08-23 19:43:15,culture:1.0;history:1.0;outdoor:0.6,2,70
네이버 지역검색 API | 서울 마포구,역사·문화,원데이한복,상시,성인 (개인 방문 적합),"서울특별시 종로구 사직로 137 지하층 | 좌표:1269738667,375760543",장소 문의 (전화/홈페이지 참조),"서울 마포구에 위치한 고궁 관련 장소 [원데이한복] (임대,대여>한복대여). 전화: 정보없음",http://www.onedayhanbok.com/,"single:0.75;couple:0.4;family:0.3;임대,대여>한복대여;고궁",2026-08-23 19:43:15,culture:1.0;history:1.0;outdoor:0.6,2,70
네이버 지역검색 API | 서울 마포구,역사·문화,만덕사,상시,성인 (개인 방문 적합),"서울특별시 마포구 서강로18길 22 | 좌표:1269357701,375530782",장소 문의 (전화/홈페이지 참조),"서울 마포구에 위치한 사찰 관련 장소 [만덕사] (불교>절,사찰). 전화: 정보없음",https://map.naver.com/v5/search/%EB%A7%8C%EB%8D%95%EC%82%AC,"single:0.7;couple:0.4;family:0.3;불교>절,사찰;사찰",2026-08-23 19:43:15,culture:1.0;history:0.9;outdoor:0.7,2,70
네이버 지역검색 API | 서울 마포구,역사·문화,석불사,상시,성인 (개인 방문 적합),"서울특별시 마포구 마포대로4다길 23-6 | 좌표:1269447527,375359351",장소 문의 (전화/홈페이지 참조),"서울 마포구에 위치한 사찰 관련 장소 [석불사] (불교>절,사찰). 전화: 정보없음",https://www.facebook.com/seokbulsa/about,"single:0.7;couple:0.4;family:0.3;불교>절,사찰;사찰",2026-08-23 19:43:15,culture:1.0;history:0.9;outdoor:0.7,2,70
네이버 지역검색 API | 서울 마포구,역사·문화,성림사,상시,성인 (개인 방문 적합),"서울특별시 마포구 월드컵북로15안길 15 | 좌표:1269115420,375629760",장소 문의 (전화/홈페이지 참조),"서울 마포구에 위치한 사찰 관련 장소 [성림사] (불교>절,사찰). 전화: 정보없음",http://성림사.net,"single:0.7;couple:0.4;family:0.3;불교>절,사찰;사찰",2026-08-23 19:43:15,culture:1.0;history:0.9;outdoor:0.7,2,70
네이버 지역검색 API | 서울 마포구,역사·문화,법화사,상시,성인 (개인 방문 적합),"서울특별시 마포구 상암동 24-6 | 좌표:1268980625,375733000",장소 문의 (전화/홈페이지 참조),"서울 마포구에 위치한 사찰 관련 장소 [법화사] (불교>절,사찰). 전화: 정보없음",https://blog.naver.com/bubhwasa1,"single:0.7;couple:0.4;family:0.3;불교>절,사찰;사찰",2026-08-23 19:43:15,culture:1.0;history:0.9;outdoor:0.7,2,70
네이버 지역검색 API | 서울 마포구,역사·문화,법화경수행원,상시,성인 (개인 방문 적합),"서울특별시 마포구 대흥로 24 | 좌표:1269378900,375430550",장소 문의 (전화/홈페이지 참조),"서울 마포구에 위치한 사찰 관련 장소 [법화경수행원] (불교>절,사찰). 전화: 정보없음",https://map.naver.com/v5/search/%EB%B2%95%ED%99%94%EA%B2%BD%EC%88%98%ED%96%89%EC%9B%90,"single:0.7;couple:0.4;family:0.3;불교>절,사찰;사찰",2026-08-23 19:43:15,culture:1.0;history:0.9;outdoor:0.7,2,70
네이버 지역검색 API | 서울 마포구,자연·공원,서울둘레길15코스(노을하늘공원),상시,성인 (개인 방문 적합),"서울특별시 마포구 상암동 482-49 | 좌표:1268803249,375671266",장소 문의 (전화/홈페이지 참조),"서울 마포구에 위치한 둘레길 관련 장소 [서울둘레길15코스(노을하늘공원)] (여행,명소>도보코스). 전화: 정보없음",https://map.naver.com/v5/search/%EC%84%9C%EC%9A%B8%EB%91%98%EB%A0%88%EA%B8%B815%EC%BD%94%EC%8A%A4%28%EB%85%B8%EC%9D%84%ED%95%98%EB%8A%98%EA%B3%B5%EC%9B%90%29,"single:0.8;couple:0.4;family:0.3;여행,명소>도보코스;둘레길",2026-08-23 19:43:15,nature:1.0;outdoor:1.0;walk:1.0,2,70
네이버 지역검색 API | 서울 마포구,자연·공원,양산도 등촌점,상시,성인 (개인 방문 적합),"서울특별시 강서구 공항대로 519 1층 101호 | 좌표:1268641314,375516701",장소 문의 (전화/홈페이지 참조),서울 마포구에 위치한 둘레길 관련 장소 [양산도 등촌점] (음식점>일식>일식당). 전화: 정보없음,https://app.catchtable.co.kr/ct/shop/ysngsando_deungchon,single:0.8;couple:0.4;family:0.3;음식점>일식>일식당;둘레길,2026-08-23 19:43:15,nature:1.0;outdoor:1.0;walk:1.0,2,70
네이버 지역검색 API | 서울 마포구,자연·공원,안산자락길,상시,성인 (개인 방문 적합),"서울특별시 서대문구 봉원사길 75-66 | 좌표:1269465278,375743780",장소 문의 (전화/홈페이지 참조),"서울 마포구에 위치한 둘레길 관련 장소 [안산자락길] (여행,명소>산책로). 전화: 정보없음",https://map.naver.com/v5/search/%EC%95%88%EC%82%B0%EC%9E%90%EB%9D%BD%EA%B8%B8,"single:0.8;couple:0.4;family:0.3;여행,명소>산책로;둘레길",2026-08-23 19:43:15,nature:1.0;outdoor:1.0;walk:1.0,2,70
네이버 지역검색 API | 서울 마포구,자연·공원,서울둘레길14코스(안양천하류),상시,성인 (개인 방문 적합),"서울특별시 영등포구 양평동 504-1 | 좌표:1268832755,375265889",장소 문의 (전화/홈페이지 참조),"서울 마포구에 위치한 둘레길 관련 장소 [서울둘레길14코스(안양천하류)] (여행,명소>도보코스). 전화: 정보없음",https://map.naver.com/v5/search/%EC%84%9C%EC%9A%B8%EB%91%98%EB%A0%88%EA%B8%B814%EC%BD%94%EC%8A%A4%28%EC%95%88%EC%96%91%EC%B2%9C%ED%95%98%EB%A5%98%29,"single:0.8;couple:0.4;family:0.3;여행,명소>도보코스;둘레길",2026-08-23 19:43:15,nature:1.0;outdoor:1.0;walk:1.0,2,70
네이버 지역검색 API | 서울 마포구,자연·공원,서울둘레길인증스탬프(가양대교남단),상시,성인 (개인 방문 적합),"서울특별시 강서구 가양동 | 좌표:1268564305,375638440",장소 문의 (전화/홈페이지 참조),"서울 마포구에 위치한 둘레길 관련 장소 [서울둘레길인증스탬프(가양대교남단)] (여행,명소>거리,골목). 전화: 정보없음",https://map.naver.com/v5/search/%EC%84%9C%EC%9A%B8%EB%91%98%EB%A0%88%EA%B8%B8%EC%9D%B8%EC%A6%9D%EC%8A%A4%ED%83%AC%ED%94%84%28%EA%B0%80%EC%96%91%EB%8C%80%EA%B5%90%EB%82%A8%EB%8B%A8%29,"single:0.8;couple:0.4;family:0.3;여행,명소>거리,골목;둘레길",2026-08-23 19:43:15,nature:1.0;outdoor:1.0;walk:1.0,2,70
네이버 지역검색 API | 서울 마포구,자연·공원,난빛정원,상시,성인 (개인 방문 적합),"서울특별시 마포구 증산로 32 | 좌표:1268927042,375633310",장소 문의 (전화/홈페이지 참조),"서울 마포구에 위치한 수목원 관련 장소 [난빛정원] (여행,명소>식물원,수목원). 전화: 정보없음",https://map.naver.com/v5/search/%EB%82%9C%EB%B9%9B%EC%A0%95%EC%9B%90,"single:0.75;couple:0.4;family:0.3;여행,명소>식물원,수목원;수목원",2026-08-23 19:43:15,nature:1.0;outdoor:1.0;walk:0.8,2,70
네이버 지역검색 API | 서울 마포구,자연·공원,장미정원,상시,성인 (개인 방문 적합),"서울특별시 마포구 | 좌표:1269517911,375443402",장소 문의 (전화/홈페이지 참조),"서울 마포구에 위치한 수목원 관련 장소 [장미정원] (여행,명소>식물원,수목원). 전화: 정보없음",https://map.naver.com/v5/search/%EC%9E%A5%EB%AF%B8%EC%A0%95%EC%9B%90,"single:0.75;couple:0.4;family:0.3;여행,명소>식물원,수목원;수목원",2026-08-23 19:43:15,nature:1.0;outdoor:1.0;walk:0.8,2,70
네이버 지역검색 API | 서울 마포구,자연·공원,디자인수목원,상시,성인 (개인 방문 적합),"서울특별시 마포구 성미산로 155 | 좌표:1269235222,375645690",장소 문의 (전화/홈페이지 참조),"서울 마포구에 위치한 수목원 관련 장소 [디자인수목원] (광고,마케팅>광고대행). 전화: 정보없음",http://soomokwon.net/,"single:0.75;couple:0.4;family:0.3;광고,마케팅>광고대행;수목원",2026-08-23 19:43:15,nature:1.0;outdoor:1.0;walk:0.8,2,70
네이버 지역검색 API | 서울 마포구,자연·공원,선유도공원,상시,성인 (개인 방문 적합),"서울특별시 영등포구 선유로 343 | 좌표:1269001400,375434180",장소 문의 (전화/홈페이지 참조),"서울 마포구에 위치한 수목원 관련 장소 [선유도공원] (여행,명소>근린공원). 전화: 정보없음",https://parks.seoul.go.kr/content.do?key=2604300019,"single:0.75;couple:0.4;family:0.3;여행,명소>근린공원;수목원",2026-08-23 19:43:15,nature:1.0;outdoor:1.0;walk:0.8,2,70
네이버 지역검색 API | 서울 마포구,자연·공원,당산공원이끼정원,상시,성인 (개인 방문 적합),"서울특별시 영등포구 당산로27길 12 | 좌표:1268958763,375254314",장소 문의 (전화/홈페이지 참조),"서울 마포구에 위치한 수목원 관련 장소 [당산공원이끼정원] (여행,명소>식물원,수목원). 전화: 정보없음",https://map.naver.com/v5/search/%EB%8B%B9%EC%82%B0%EA%B3%B5%EC%9B%90%EC%9D%B4%EB%81%BC%EC%A0%95%EC%9B%90,"single:0.75;couple:0.4;family:0.3;여행,명소>식물원,수목원;수목원",2026-08-23 19:43:15,nature:1.0;outdoor:1.0;walk:0.8,2,70
네이버 지역검색 API | 서울 종로구,독립서점,오브젝트 삼청점,상시,성인 (개인 방문 적합),"서울특별시 종로구 북촌로5길 6 1층 | 좌표:1269845655,375794185",장소 문의 (전화/홈페이지 참조),"서울 종로구에 위치한 독립서점 관련 장소 [오브젝트 삼청점] (쇼핑,유통>종합생활용품). 전화: 정보없음",https://www.facebook.com/insideobject,"single:0.95;couple:0.4;family:0.3;쇼핑,유통>종합생활용품;독립서점",2026-08-23 19:43:15,bookstore:1.0;quiet:1.0;indoor:1.0,2,70
네이버 지역검색 API | 서울 종로구,독립서점,서촌 그 책방,상시,성인 (개인 방문 적합),"서울특별시 종로구 자하문로5가길 30-1 서울시 종로구 자하문로 5가길 30-1 | 좌표:1269703352,375787586",장소 문의 (전화/홈페이지 참조),서울 종로구에 위치한 독립서점 관련 장소 [서촌 그 책방] (서점>독립서점). 전화: 정보없음,http://instagram.com/seochonbooks,single:0.95;couple:0.4;family:0.3;서점>독립서점;독립서점,2026-08-23 19:43:15,bookstore:1.0;quiet:1.0;indoor:1.0,2,70
네이버 지역검색 API | 서울 종로구,독립서점,창신책방,상시,성인 (개인 방문 적합),"서울특별시 종로구 종로51길 23-17 1층 | 좌표:1270114309,375729203",장소 문의 (전화/홈페이지 참조),서울 종로구에 위치한 독립서점 관련 장소 [창신책방] (서점>독립서점). 전화: 정보없음,https://map.naver.com/v5/search/%EC%B0%BD%EC%8B%A0%EC%B1%85%EB%B0%A9,single:0.95;couple:0.4;family:0.3;서점>독립서점;독립서점,2026-08-23 19:43:15,bookstore:1.0;quiet:1.0;indoor:1.0,2,70
네이버 지역검색 API | 서울 종로구,독립서점,수북강녕,상시,성인 (개인 방문 적합),"서울특별시 종로구 창덕궁길 106 2층 | 좌표:1269895809,375821796",장소 문의 (전화/홈페이지 참조),서울 종로구에 위치한 독립서점 관련 장소 [수북강녕] (서점>독립서점). 전화: 정보없음,https://www.instagram.com/soobook2022,single:0.95;couple:0.4;family:0.3;서점>독립서점;독립서점,2026-08-23 19:43:15,bookstore:1.0;quiet:1.0;indoor:1.0,2,70
네이버 지역검색 API | 서울 종로구,독립서점,책책,상시,성인 (개인 방문 적합),"서울특별시 종로구 자하문로1나길 11 책책 | 좌표:1269715326,375770091",장소 문의 (전화/홈페이지 참조),서울 종로구에 위치한 독립서점 관련 장소 [책책] (서점>독립서점). 전화: 정보없음,https://www.instagram.com/chaegchaeg,single:0.95;couple:0.4;family:0.3;서점>독립서점;독립서점,2026-08-23 19:43:15,bookstore:1.0;quiet:1.0;indoor:1.0,2,70
네이버 지역검색 API | 서울 종로구,독립서점,더숲 초소책방,상시,성인 (개인 방문 적합),"서울특별시 종로구 인왕산로 172 | 좌표:1269642050,375859414",장소 문의 (전화/홈페이지 참조),"서울 종로구에 위치한 북카페 관련 장소 [더숲 초소책방] (카페,디저트>카페). 전화: 정보없음",https://deosup.com/42,"single:0.85;couple:0.4;family:0.3;카페,디저트>카페;북카페",2026-08-23 19:43:15,bookstore:0.8;quiet:0.9;indoor:1.0,2,70
네이버 지역검색 API | 서울 종로구,독립서점,나지트,상시,성인 (개인 방문 적합),"서울특별시 종로구 창경궁로26길 33 1층 | 좌표:1269995271,375818385",장소 문의 (전화/홈페이지 참조),"서울 종로구에 위치한 북카페 관련 장소 [나지트] (음식점>카페,디저트). 전화: 정보없음",https://www.instagram.com/yournazit,"single:0.85;couple:0.4;family:0.3;음식점>카페,디저트;북카페",2026-08-23 19:43:15,bookstore:0.8;quiet:0.9;indoor:1.0,2,70
네이버 지역검색 API | 서울 종로구,독립서점,베란다,상시,성인 (개인 방문 적합),"서울특별시 종로구 사직로10길 9-4 | 좌표:1269705503,375753694",장소 문의 (전화/홈페이지 참조),"서울 종로구에 위치한 북카페 관련 장소 [베란다] (음식점>카페,디저트). 전화: 정보없음",https://www.instagram.com/veranda_seoul,"single:0.85;couple:0.4;family:0.3;음식점>카페,디저트;북카페",2026-08-23 19:43:15,bookstore:0.8;quiet:0.9;indoor:1.0,2,70
네이버 지역검색 API | 서울 종로구,독립서점,카페 수달,상시,성인 (개인 방문 적합),"서울특별시 종로구 율곡로 49-14 | 좌표:1269844135,375766924",장소 문의 (전화/홈페이지 참조),"서울 종로구에 위치한 북카페 관련 장소 [카페 수달] (음식점>카페,디저트). 전화: 정보없음",https://www.instagram.com/cafe_sudal,"single:0.85;couple:0.4;family:0.3;음식점>카페,디저트;북카페",2026-08-23 19:43:15,bookstore:0.8;quiet:0.9;indoor:1.0,2,70
네이버 지역검색 API | 서울 종로구,독립서점,파이키,상시,성인 (개인 방문 적합),"서울특별시 종로구 서순라길 81 파이키 | 좌표:1269923772,375739414",장소 문의 (전화/홈페이지 참조),"서울 종로구에 위치한 북카페 관련 장소 [파이키] (카페,디저트>북카페). 전화: 정보없음",https://www.instagram.com/fikee.seoul,"single:0.85;couple:0.4;family:0.3;카페,디저트>북카페;북카페",2026-08-23 19:43:15,bookstore:0.8;quiet:0.9;indoor:1.0,2,70
네이버 지역검색 API | 서울 종로구,조용한 힐링,토즈모임센터 광화문점,상시,성인 (개인 방문 적합),"서울특별시 종로구 새문안로 89 601호 | 좌표:1269745322,375704736",장소 문의 (전화/홈페이지 참조),"서울 종로구에 위치한 스터디카페 관련 장소 [토즈모임센터 광화문점] (임대,대여>장소대여). 전화: 정보없음",https://blog.naver.com/tozghm0022,"single:0.9;couple:0.4;family:0.3;임대,대여>장소대여;스터디카페",2026-08-23 19:43:15,healing:0.7;quiet:1.0;solo:1.0,2,70
네이버 지역검색 API | 서울 종로구,조용한 힐링,열정공장,상시,성인 (개인 방문 적합),"서울특별시 종로구 대학로11길 20 우리빌딩 5층 | 좌표:1270005383,375823913",장소 문의 (전화/홈페이지 참조),"서울 종로구에 위치한 스터디카페 관련 장소 [열정공장] (서비스,산업>장소대여). 전화: 정보없음",https://blog.naver.com/sm5530,"single:0.9;couple:0.4;family:0.3;서비스,산업>장소대여;스터디카페",2026-08-23 19:43:15,healing:0.7;quiet:1.0;solo:1.0,2,70
네이버 지역검색 API | 서울 종로구,조용한 힐링,토니씨의 작업실,상시,성인 (개인 방문 적합),"서울특별시 종로구 성균관로 13 2층 | 좌표:1269977295,375838744",장소 문의 (전화/홈페이지 참조),"서울 종로구에 위치한 스터디카페 관련 장소 [토니씨의 작업실] (음식점>카페,디저트). 전화: 정보없음",https://jakupsil-seoul.co.kr,"single:0.9;couple:0.4;family:0.3;음식점>카페,디저트;스터디카페",2026-08-23 19:43:15,healing:0.7;quiet:1.0;solo:1.0,2,70
네이버 지역검색 API | 서울 종로구,조용한 힐링,종로스터디카페 피앤티스퀘어,상시,성인 (개인 방문 적합),"서울특별시 종로구 수표로 105 육의전빌딩 지하2층 | 좌표:1269891559,375706064",장소 문의 (전화/홈페이지 참조),"서울 종로구에 위치한 스터디카페 관련 장소 [종로스터디카페 피앤티스퀘어] (서비스,산업>장소대여). 전화: 정보없음",https://map.naver.com/v5/search/%EC%A2%85%EB%A1%9C%EC%8A%A4%ED%84%B0%EB%94%94%EC%B9%B4%ED%8E%98%20%ED%94%BC%EC%95%A4%ED%8B%B0%EC%8A%A4%ED%80%98%EC%96%B4,"single:0.9;couple:0.4;family:0.3;서비스,산업>장소대여;스터디카페",2026-08-23 19:43:15,healing:0.7;quiet:1.0;solo:1.0,2,70
네이버 지역검색 API | 서울 종로구,조용한 힐링,랭스터디카페 대학로점,상시,성인 (개인 방문 적합),"서울특별시 종로구 대학로10길 15-11 3층 | 좌표:1270028211,375822844",장소 문의 (전화/홈페이지 참조),"서울 종로구에 위치한 스터디카페 관련 장소 [랭스터디카페 대학로점] (서비스,산업>장소대여). 전화: 정보없음",https://spacecloud.kr/space/18002,"single:0.9;couple:0.4;family:0.3;서비스,산업>장소대여;스터디카페",2026-08-23 19:43:15,healing:0.7;quiet:1.0;solo:1.0,2,70
네이버 지역검색 API | 서울 종로구,조용한 힐링,아마비아요가 종로점,상시,성인 (개인 방문 적합),"서울특별시 종로구 삼일대로17길 51 7층 아마비아요가 종로점 | 좌표:1269846374,375691016",장소 문의 (전화/홈페이지 참조),서울 종로구에 위치한 요가원 관련 장소 [아마비아요가 종로점] (스포츠시설>요가원). 전화: 정보없음,https://blog.naver.com/amavia_/223934724784,single:0.8;couple:0.4;family:0.3;스포츠시설>요가원;요가원,2026-08-23 19:43:15,healing:1.0;quiet:0.8;solo:0.9,2,70
네이버 지역검색 API | 서울 종로구,조용한 힐링,해방요가,상시,성인 (개인 방문 적합),"서울특별시 종로구 경희궁1길 33-14 1층 | 좌표:1269688702,375729323",장소 문의 (전화/홈페이지 참조),서울 종로구에 위치한 요가원 관련 장소 [해방요가] (스포츠시설>요가원). 전화: 정보없음,http://pf.kakao.com/_xgaxfxgG,single:0.8;couple:0.4;family:0.3;스포츠시설>요가원;요가원,2026-08-23 19:43:15,healing:1.0;quiet:0.8;solo:0.9,2,70
네이버 지역검색 API | 서울 종로구,조용한 힐링,스티타요가,상시,성인 (개인 방문 적합),"서울특별시 종로구 평창12길 3 4층 402호 | 좌표:1269672314,376061821",장소 문의 (전화/홈페이지 참조),서울 종로구에 위치한 요가원 관련 장소 [스티타요가] (스포츠시설>요가원). 전화: 정보없음,https://www.instagram.com/sthita_yoga,single:0.8;couple:0.4;family:0.3;스포츠시설>요가원;요가원,2026-08-23 19:43:15,healing:1.0;quiet:0.8;solo:0.9,2,70
네이버 지역검색 API | 서울 종로구,조용한 힐링,보일드요가,상시,성인 (개인 방문 적합),"서울특별시 종로구 율곡로4길 6 3층 | 좌표:1269820910,375752842",장소 문의 (전화/홈페이지 참조),서울 종로구에 위치한 요가원 관련 장소 [보일드요가] (스포츠시설>요가원). 전화: 정보없음,https://Boiledyoga.com,single:0.8;couple:0.4;family:0.3;스포츠시설>요가원;요가원,2026-08-23 19:43:15,healing:1.0;quiet:0.8;solo:0.9,2,70
네이버 지역검색 API | 서울 종로구,조용한 힐링,니드요가,상시,성인 (개인 방문 적합),"서울특별시 종로구 율곡로 52 4층 | 좌표:1269853995,375762485",장소 문의 (전화/홈페이지 참조),서울 종로구에 위치한 요가원 관련 장소 [니드요가] (스포츠시설>요가원). 전화: 정보없음,http://instagram.com/needyoga_studio,single:0.8;couple:0.4;family:0.3;스포츠시설>요가원;요가원,2026-08-23 19:43:15,healing:1.0;quiet:0.8;solo:0.9,2,70
네이버 지역검색 API | 서울 종로구,조용한 힐링,마음수련 명상센터 대학로점,상시,성인 (개인 방문 적합),"서울특별시 종로구 성균관로 12 304호 | 좌표:1269981823,375839747",장소 문의 (전화/홈페이지 참조),"서울 종로구에 위치한 명상센터 관련 장소 [마음수련 명상센터 대학로점] (스포츠,레크레이션교육>요가,명상). 전화: 정보없음",https://trueselfclass.com/,"single:0.85;couple:0.4;family:0.3;스포츠,레크레이션교육>요가,명상;명상센터",2026-08-23 19:43:15,healing:1.0;quiet:1.0;solo:1.0,2,70
네이버 지역검색 API | 서울 종로구,조용한 힐링,묵티나트명상센터,상시,성인 (개인 방문 적합),"서울특별시 종로구 삼청로10길 12 2층 | 좌표:1269820079,375878655",장소 문의 (전화/홈페이지 참조),"서울 종로구에 위치한 명상센터 관련 장소 [묵티나트명상센터] (스포츠,레크레이션교육>요가,명상). 전화: 정보없음",https://map.naver.com/v5/search/%EB%AC%B5%ED%8B%B0%EB%82%98%ED%8A%B8%EB%AA%85%EC%83%81%EC%84%BC%ED%84%B0,"single:0.85;couple:0.4;family:0.3;스포츠,레크레이션교육>요가,명상;명상센터",2026-08-23 19:43:15,healing:1.0;quiet:1.0;solo:1.0,2,70
네이버 지역검색 API | 서울 종로구,조용한 힐링,광화문천부경명상센터,상시,성인 (개인 방문 적합),"서울특별시 종로구 삼봉로 81 413호 | 좌표:1269815061,375725618",장소 문의 (전화/홈페이지 참조),"서울 종로구에 위치한 명상센터 관련 장소 [광화문천부경명상센터] (스포츠,레크레이션교육>요가,명상). 전화: 정보없음",https://blog.naver.com/cbkgwanghwa,"single:0.85;couple:0.4;family:0.3;스포츠,레크레이션교육>요가,명상;명상센터",2026-08-23 19:43:15,healing:1.0;quiet:1.0;solo:1.0,2,70
네이버 지역검색 API | 서울 종로구,조용한 힐링,히말라야 명상센터,상시,성인 (개인 방문 적합),"서울특별시 종로구 새문안로5가길 11 옥빌딩 | 좌표:1269738263,375731455",장소 문의 (전화/홈페이지 참조),"서울 종로구에 위치한 명상센터 관련 장소 [히말라야 명상센터] (스포츠,레크레이션교육>요가,명상). 전화: 정보없음",http://www.sanskrit.or.kr/,"single:0.85;couple:0.4;family:0.3;스포츠,레크레이션교육>요가,명상;명상센터",2026-08-23 19:43:15,healing:1.0;quiet:1.0;solo:1.0,2,70
네이버 지역검색 API | 서울 종로구,조용한 힐링,라운지 아카식,상시,성인 (개인 방문 적합),"서울특별시 종로구 북촌로1길 30-11 2층 | 좌표:1269839456,375778085",장소 문의 (전화/홈페이지 참조),"서울 종로구에 위치한 명상센터 관련 장소 [라운지 아카식] (서비스,산업>장소대여). 전화: 정보없음",https://www.instagram.com/lounge_akashic,"single:0.85;couple:0.4;family:0.3;서비스,산업>장소대여;명상센터",2026-08-23 19:43:15,healing:1.0;quiet:1.0;solo:1.0,2,70
네이버 지역검색 API | 서울 종로구,역사·문화,국립고궁박물관,상시,성인 (개인 방문 적합),"서울특별시 종로구 효자로 12 국립고궁박물관 | 좌표:1269750486,375765261",장소 문의 (전화/홈페이지 참조),"서울 종로구에 위치한 고궁 관련 장소 [국립고궁박물관] (여행,명소>박물관). 전화: 정보없음",http://www.gogung.go.kr/,"single:0.75;couple:0.4;family:0.3;여행,명소>박물관;고궁",2026-08-23 19:43:15,culture:1.0;history:1.0;outdoor:0.6,2,70
네이버 지역검색 API | 서울 종로구,역사·문화,고궁의아침 서울대병원,상시,성인 (개인 방문 적합),"서울특별시 종로구 창경궁로 158 고궁의아침 서울대병원 | 좌표:1269975450,375762428",장소 문의 (전화/홈페이지 참조),"서울 종로구에 위치한 고궁 관련 장소 [고궁의아침 서울대병원] (한식>육류,고기요리). 전화: 정보없음",https://blog.naver.com/gogungmorning,"single:0.75;couple:0.4;family:0.3;한식>육류,고기요리;고궁",2026-08-23 19:43:15,culture:1.0;history:1.0;outdoor:0.6,2,70
네이버 지역검색 API | 서울 종로구,역사·문화,이디야커피 국립고궁박물관점,상시,성인 (개인 방문 적합),"서울특별시 종로구 효자로 12 국립고궁박물관 1층 | 좌표:1269749749,375765916",장소 문의 (전화/홈페이지 참조),"서울 종로구에 위치한 고궁 관련 장소 [이디야커피 국립고궁박물관점] (카페,디저트>카페). 전화: 정보없음",https://blog.naver.com/ediya-coffee,"single:0.75;couple:0.4;family:0.3;카페,디저트>카페;고궁",2026-08-23 19:43:15,culture:1.0;history:1.0;outdoor:0.6,2,70
네이버 지역검색 API | 서울 종로구,역사·문화,사랑 고궁박물관,상시,성인 (개인 방문 적합),"서울특별시 종로구 효자로 12 국립고궁박물관 1층 | 좌표:1269749223,375766677",장소 문의 (전화/홈페이지 참조),"서울 종로구에 위치한 고궁 관련 장소 [사랑 고궁박물관] (카페,디저트>카페). 전화: 정보없음",http://www.gogung.go.kr/,"single:0.75;couple:0.4;family:0.3;카페,디저트>카페;고궁",2026-08-23 19:43:15,culture:1.0;history:1.0;outdoor:0.6,2,70
네이버 지역검색 API | 서울 종로구,역사·문화,경복궁 고궁뜨락,상시,성인 (개인 방문 적합),"서울특별시 종로구 효자로 12 | 좌표:1269749224,375766678",장소 문의 (전화/홈페이지 참조),"서울 종로구에 위치한 고궁 관련 장소 [경복궁 고궁뜨락] (음식점>카페,디저트). 전화: 정보없음",https://map.naver.com/v5/search/%EA%B2%BD%EB%B3%B5%EA%B6%81%20%EA%B3%A0%EA%B6%81%EB%9C%A8%EB%9D%BD,"single:0.75;couple:0.4;family:0.3;음식점>카페,디저트;고궁",2026-08-23 19:43:15,culture:1.0;history:1.0;outdoor:0.6,2,70
네이버 지역검색 API | 서울 종로구,역사·문화,조계사,상시,성인 (개인 방문 적합),"서울특별시 종로구 우정국로 55 | 좌표:1269818548,375737806",장소 문의 (전화/홈페이지 참조),"서울 종로구에 위치한 사찰 관련 장소 [조계사] (불교>절,사찰). 전화: 정보없음",https://blog.naver.com/jogyesa_1st,"single:0.7;couple:0.4;family:0.3;불교>절,사찰;사찰",2026-08-23 19:43:15,culture:1.0;history:0.9;outdoor:0.7,2,70
네이버 지역검색 API | 서울 종로구,역사·문화,승가사,상시,성인 (개인 방문 적합),"서울특별시 종로구 비봉4길 213 | 좌표:1269606714,376266867",장소 문의 (전화/홈페이지 참조),"서울 종로구에 위치한 사찰 관련 장소 [승가사] (불교>절,사찰). 전화: 정보없음",https://map.naver.com/v5/search/%EC%8A%B9%EA%B0%80%EC%82%AC,"single:0.7;couple:0.4;family:0.3;불교>절,사찰;사찰",2026-08-23 19:43:15,culture:1.0;history:0.9;outdoor:0.7,2,70
네이버 지역검색 API | 서울 종로구,역사·문화,금선사,상시,성인 (개인 방문 적합),"서울특별시 종로구 비봉길 137 | 좌표:1269533993,376207078",장소 문의 (전화/홈페이지 참조),"서울 종로구에 위치한 사찰 관련 장소 [금선사] (불교>절,사찰). 전화: 정보없음",http://www.geumsunsa.org/main.php,"single:0.7;couple:0.4;family:0.3;불교>절,사찰;사찰",2026-08-23 19:43:15,culture:1.0;history:0.9;outdoor:0.7,2,70
네이버 지역검색 API | 서울 종로구,역사·문화,대각사,상시,성인 (개인 방문 적합),"서울특별시 종로구 율곡로10길 87 대각사 | 좌표:1269920449,375736760",장소 문의 (전화/홈페이지 참조),"서울 종로구에 위치한 사찰 관련 장소 [대각사] (불교>절,사찰). 전화: 정보없음",https://map.naver.com/v5/search/%EB%8C%80%EA%B0%81%EC%82%AC,"single:0.7;couple:0.4;family:0.3;불교>절,사찰;사찰",2026-08-23 19:43:15,culture:1.0;history:0.9;outdoor:0.7,2,70
네이버 지역검색 API | 서울 종로구,역사·문화,법련사,상시,성인 (개인 방문 적합),"서울특별시 종로구 삼청로 10 법련사 | 좌표:1269798999,375768859",장소 문의 (전화/홈페이지 참조),"서울 종로구에 위치한 사찰 관련 장소 [법련사] (불교>절,사찰). 전화: 정보없음",https://blog.naver.com/bubryunsa,"single:0.7;couple:0.4;family:0.3;불교>절,사찰;사찰",2026-08-23 19:43:15,culture:1.0;history:0.9;outdoor:0.7,2,70
네이버 지역검색 API | 서울 종로구,자연·공원,서울한양도성길1코스(백악구간),상시,성인 (개인 방문 적합),"서울특별시 종로구 와룡공원길 41 | 좌표:1269861123,375936511",장소 문의 (전화/홈페이지 참조),"서울 종로구에 위치한 둘레길 관련 장소 [서울한양도성길1코스(백악구간)] (거리,골목>도보코스). 전화: 정보없음",https://map.naver.com/v5/search/%EC%84%9C%EC%9A%B8%ED%95%9C%EC%96%91%EB%8F%84%EC%84%B1%EA%B8%B81%EC%BD%94%EC%8A%A4%28%EB%B0%B1%EC%95%85%EA%B5%AC%EA%B0%84%29,"single:0.8;couple:0.4;family:0.3;거리,골목>도보코스;둘레길",2026-08-23 19:43:15,nature:1.0;outdoor:1.0;walk:1.0,2,70
네이버 지역검색 API | 서울 종로구,자연·공원,서울둘레길18코스(북한산종로),상시,성인 (개인 방문 적합),"서울특별시 종로구 평창동 575 | 좌표:1269626749,376110083",장소 문의 (전화/홈페이지 참조),"서울 종로구에 위치한 둘레길 관련 장소 [서울둘레길18코스(북한산종로)] (여행,명소>도보코스). 전화: 정보없음",https://map.naver.com/v5/search/%EC%84%9C%EC%9A%B8%EB%91%98%EB%A0%88%EA%B8%B818%EC%BD%94%EC%8A%A4%28%EB%B6%81%ED%95%9C%EC%82%B0%EC%A2%85%EB%A1%9C%29,"single:0.8;couple:0.4;family:0.3;여행,명소>도보코스;둘레길",2026-08-23 19:43:15,nature:1.0;outdoor:1.0;walk:1.0,2,70
네이버 지역검색 API | 서울 종로구,자연·공원,서울둘레길인증스탬프(형제봉입구),상시,성인 (개인 방문 적합),"서울특별시 종로구 평창동 | 좌표:1269820936,376127904",장소 문의 (전화/홈페이지 참조),"서울 종로구에 위치한 둘레길 관련 장소 [서울둘레길인증스탬프(형제봉입구)] (여행,명소>거리,골목). 전화: 정보없음",https://map.naver.com/v5/search/%EC%84%9C%EC%9A%B8%EB%91%98%EB%A0%88%EA%B8%B8%EC%9D%B8%EC%A6%9D%EC%8A%A4%ED%83%AC%ED%94%84%28%ED%98%95%EC%A0%9C%EB%B4%89%EC%9E%85%EA%B5%AC%29,"single:0.8;couple:0.4;family:0.3;여행,명소>거리,골목;둘레길",2026-08-23 19:43:15,nature:1.0;outdoor:1.0;walk:1.0,2,70
네이버 지역검색 API | 서울 종로구,자연·공원,서울한양도성길2코스(낙산구간)인증스탬프,상시,성인 (개인 방문 적합),"서울특별시 종로구 창신동 | 좌표:1270097771,375708906",장소 문의 (전화/홈페이지 참조),"서울 종로구에 위치한 둘레길 관련 장소 [서울한양도성길2코스(낙산구간)인증스탬프] (여행,명소>거리,골목). 전화: 정보없음",https://map.naver.com/v5/search/%EC%84%9C%EC%9A%B8%ED%95%9C%EC%96%91%EB%8F%84%EC%84%B1%EA%B8%B82%EC%BD%94%EC%8A%A4%28%EB%82%99%EC%82%B0%EA%B5%AC%EA%B0%84%29%EC%9D%B8%EC%A6%9D%EC%8A%A4%ED%83%AC%ED%94%84,"single:0.8;couple:0.4;family:0.3;여행,명소>거리,골목;둘레길",2026-08-23 19:43:15,nature:1.0;outdoor:1.0;walk:1.0,2,70
네이버 지역검색 API | 서울 종로구,자연·공원,서울한양도성길4코스(인왕구간)인증사진,상시,성인 (개인 방문 적합),"서울특별시 종로구 옥인동 | 좌표:1269580427,375849108",장소 문의 (전화/홈페이지 참조),"서울 종로구에 위치한 둘레길 관련 장소 [서울한양도성길4코스(인왕구간)인증사진] (여행,명소>거리,골목). 전화: 정보없음",https://map.naver.com/v5/search/%EC%84%9C%EC%9A%B8%ED%95%9C%EC%96%91%EB%8F%84%EC%84%B1%EA%B8%B84%EC%BD%94%EC%8A%A4%28%EC%9D%B8%EC%99%95%EA%B5%AC%EA%B0%84%29%EC%9D%B8%EC%A6%9D%EC%82%AC%EC%A7%84,"single:0.8;couple:0.4;family:0.3;여행,명소>거리,골목;둘레길",2026-08-23 19:43:15,nature:1.0;outdoor:1.0;walk:1.0,2,70
네이버 지역검색 API | 서울 종로구,자연·공원,창경궁자생식물학습장,상시,성인 (개인 방문 적합),"서울특별시 종로구 창경궁로 185 | 좌표:1269949568,375826629",장소 문의 (전화/홈페이지 참조),"서울 종로구에 위치한 수목원 관련 장소 [창경궁자생식물학습장] (여행,명소>식물원,수목원). 전화: 정보없음",https://map.naver.com/v5/search/%EC%B0%BD%EA%B2%BD%EA%B6%81%EC%9E%90%EC%83%9D%EC%8B%9D%EB%AC%BC%ED%95%99%EC%8A%B5%EC%9E%A5,"single:0.75;couple:0.4;family:0.3;여행,명소>식물원,수목원;수목원",2026-08-23 19:43:15,nature:1.0;outdoor:1.0;walk:0.8,2,70
네이버 지역검색 API | 서울 종로구,자연·공원,인왕산수목원약수터 개방화장실,상시,성인 (개인 방문 적합),"서울특별시 종로구 옥인동 179-1 | 좌표:1269636139,375817799",장소 문의 (전화/홈페이지 참조),서울 종로구에 위치한 수목원 관련 장소 [인왕산수목원약수터 개방화장실] (화장실). 전화: 정보없음,https://map.naver.com/v5/search/%EC%9D%B8%EC%99%95%EC%82%B0%EC%88%98%EB%AA%A9%EC%9B%90%EC%95%BD%EC%88%98%ED%84%B0%20%EA%B0%9C%EB%B0%A9%ED%99%94%EC%9E%A5%EC%8B%A4,single:0.75;couple:0.4;family:0.3;화장실;수목원,2026-08-23 19:43:15,nature:1.0;outdoor:1.0;walk:0.8,2,70
네이버 지역검색 API | 서울 종로구,자연·공원,창경궁,상시,성인 (개인 방문 적합),"서울특별시 종로구 창경궁로 185 창경궁 | 좌표:1269941420,375794951",장소 문의 (전화/홈페이지 참조),"서울 종로구에 위치한 수목원 관련 장소 [창경궁] (여행,명소>궁궐). 전화: 정보없음",https://royal.khs.go.kr/cgg,"single:0.75;couple:0.4;family:0.3;여행,명소>궁궐;수목원",2026-08-23 19:43:15,nature:1.0;outdoor:1.0;walk:0.8,2,70
네이버 지역검색 API | 서울 종로구,자연·공원,창경궁 대온실,상시,성인 (개인 방문 적합),"서울특별시 종로구 창경궁로 185 | 좌표:1269940019,375829799",장소 문의 (전화/홈페이지 참조),"서울 종로구에 위치한 수목원 관련 장소 [창경궁 대온실] (문화,유적>부속시설). 전화: 정보없음",https://map.naver.com/v5/search/%EC%B0%BD%EA%B2%BD%EA%B6%81%20%EB%8C%80%EC%98%A8%EC%8B%A4,"single:0.75;couple:0.4;family:0.3;문화,유적>부속시설;수목원",2026-08-23 19:43:15,nature:1.0;outdoor:1.0;walk:0.8,2,70
네이버 지역검색 API | 서울 종로구,자연·공원,왕십리2동마을정원,상시,성인 (개인 방문 적합),"서울특별시 성동구 | 좌표:1270298808,375639507",장소 문의 (전화/홈페이지 참조),"서울 종로구에 위치한 수목원 관련 장소 [왕십리2동마을정원] (여행,명소>식물원,수목원). 전화: 정보없음",https://map.naver.com/v5/search/%EC%99%95%EC%8B%AD%EB%A6%AC2%EB%8F%99%EB%A7%88%EC%9D%84%EC%A0%95%EC%9B%90,"single:0.75;couple:0.4;family:0.3;여행,명소>식물원,수목원;수목원",2026-08-23 19:43:15,nature:1.0;outdoor:1.0;walk:0.8,2,70
네이버 지역검색 API | 서울 용산구,독립서점,스토리지북앤필름,상시,성인 (개인 방문 적합),"서울특별시 용산구 신흥로 115-1 1층 | 좌표:1269831410,375447467",장소 문의 (전화/홈페이지 참조),서울 용산구에 위치한 독립서점 관련 장소 [스토리지북앤필름] (서점>독립서점). 전화: 정보없음,http://www.storagebookandfilm.com,single:0.95;couple:0.4;family:0.3;서점>독립서점;독립서점,2026-08-23 19:43:15,bookstore:1.0;quiet:1.0;indoor:1.0,2,70
네이버 지역검색 API | 서울 용산구,독립서점,별책부록,상시,성인 (개인 방문 적합),"서울특별시 용산구 신흥로16길 7 1층 | 좌표:1269870101,375449280",장소 문의 (전화/홈페이지 참조),"서울 용산구에 위치한 독립서점 관련 장소 [별책부록] (쇼핑,유통>서점). 전화: 정보없음",https://blog.naver.com/byeolcheck,"single:0.95;couple:0.4;family:0.3;쇼핑,유통>서점;독립서점",2026-08-23 19:43:15,bookstore:1.0;quiet:1.0;indoor:1.0,2,70
네이버 지역검색 API | 서울 용산구,독립서점,스토리지북앤필름 로터리점,상시,성인 (개인 방문 적합),"서울특별시 용산구 신흥로36길 5 1층 | 좌표:1269819502,375465214",장소 문의 (전화/홈페이지 참조),서울 용산구에 위치한 독립서점 관련 장소 [스토리지북앤필름 로터리점] (서점>독립서점). 전화: 정보없음,https://www.instagram.com/at_storage,single:0.95;couple:0.4;family:0.3;서점>독립서점;독립서점,2026-08-23 19:43:15,bookstore:1.0;quiet:1.0;indoor:1.0,2,70
네이버 지역검색 API | 서울 용산구,독립서점,픽셀 퍼 인치,상시,성인 (개인 방문 적합),"서울특별시 용산구 한강대로54길 7 301호 | 좌표:1269720577,375328467",장소 문의 (전화/홈페이지 참조),서울 용산구에 위치한 독립서점 관련 장소 [픽셀 퍼 인치] (서점>독립서점). 전화: 정보없음,https://pixelperinch.com,single:0.95;couple:0.4;family:0.3;서점>독립서점;독립서점,2026-08-23 19:43:15,bookstore:1.0;quiet:1.0;indoor:1.0,2,70
네이버 지역검색 API | 서울 용산구,독립서점,고요서사,상시,성인 (개인 방문 적합),"서울특별시 용산구 신흥로15길 18-4 1층 고요서사 | 좌표:1269858463,375443689",장소 문의 (전화/홈페이지 참조),"서울 용산구에 위치한 독립서점 관련 장소 [고요서사] (쇼핑,유통>서점). 전화: 정보없음",https://goyoseosa.co.kr,"single:0.95;couple:0.4;family:0.3;쇼핑,유통>서점;독립서점",2026-08-23 19:43:15,bookstore:1.0;quiet:1.0;indoor:1.0,2,70
네이버 지역검색 API | 서울 용산구,독립서점,북파크라운지,상시,성인 (개인 방문 적합),"서울특별시 용산구 이태원로 294 블루스퀘어 3층 북파크라운지 | 좌표:1270024193,375409711",장소 문의 (전화/홈페이지 참조),"서울 용산구에 위치한 북카페 관련 장소 [북파크라운지] (카페,디저트>북카페). 전화: 정보없음",https://www.instagram.com/nol.theater/,"single:0.85;couple:0.4;family:0.3;카페,디저트>북카페;북카페",2026-08-23 19:43:15,bookstore:0.8;quiet:0.9;indoor:1.0,2,70
네이버 지역검색 API | 서울 용산구,독립서점,장마가 시작될 때,상시,성인 (개인 방문 적합),"서울특별시 용산구 회나무로28길 6-3 지하1층 | 좌표:1269916529,375392935",장소 문의 (전화/홈페이지 참조),"서울 용산구에 위치한 북카페 관련 장소 [장마가 시작될 때] (음식점>카페,디저트). 전화: 정보없음",https://map.naver.com/v5/search/%EC%9E%A5%EB%A7%88%EA%B0%80%20%EC%8B%9C%EC%9E%91%EB%90%A0%20%EB%95%8C,"single:0.85;couple:0.4;family:0.3;음식점>카페,디저트;북카페",2026-08-23 19:43:15,bookstore:0.8;quiet:0.9;indoor:1.0,2,70
네이버 지역검색 API | 서울 용산구,독립서점,텐티북스 &amp; 카페,상시,성인 (개인 방문 적합),"서울특별시 용산구 이태원로 4 | 좌표:1269745254,375350215",장소 문의 (전화/홈페이지 참조),"서울 용산구에 위치한 북카페 관련 장소 [텐티북스 &amp; 카페] (음식점>카페,디저트). 전화: 정보없음",http://tiantibooks.co.kr,"single:0.85;couple:0.4;family:0.3;음식점>카페,디저트;북카페",2026-08-23 19:43:15,bookstore:0.8;quiet:0.9;indoor:1.0,2,70
네이버 지역검색 API | 서울 용산구,독립서점,녹음집,상시,성인 (개인 방문 적합),"서울특별시 용산구 원효로 177-2 2층 | 좌표:1269623515,375359463",장소 문의 (전화/홈페이지 참조),"서울 용산구에 위치한 북카페 관련 장소 [녹음집] (카페,디저트>카페). 전화: 정보없음",https://www.instagram.com/nokumm.zip,"single:0.85;couple:0.4;family:0.3;카페,디저트>카페;북카페",2026-08-23 19:43:15,bookstore:0.8;quiet:0.9;indoor:1.0,2,70
네이버 지역검색 API | 서울 용산구,독립서점,언리튼잉크,상시,성인 (개인 방문 적합),"서울특별시 용산구 신흥로26길 11-20 1층 | 좌표:1269836064,375456620",장소 문의 (전화/홈페이지 참조),"서울 용산구에 위치한 북카페 관련 장소 [언리튼잉크] (음식점>카페,디저트). 전화: 정보없음",https://blog.naver.com/unwritten_ink,"single:0.85;couple:0.4;family:0.3;음식점>카페,디저트;북카페",2026-08-23 19:43:15,bookstore:0.8;quiet:0.9;indoor:1.0,2,70
네이버 지역검색 API | 서울 용산구,조용한 힐링,카공족 숙명여대점,상시,성인 (개인 방문 적합),"서울특별시 용산구 청파로47길 4 2층 | 좌표:1269701558,375450715",장소 문의 (전화/홈페이지 참조),"서울 용산구에 위치한 스터디카페 관련 장소 [카공족 숙명여대점] (카페,디저트>스터디카페). 전화: 정보없음",https://www.instagram.com/cagongzok_official/,"single:0.9;couple:0.4;family:0.3;카페,디저트>스터디카페;스터디카페",2026-08-23 19:43:15,healing:0.7;quiet:1.0;solo:1.0,2,70
네이버 지역검색 API | 서울 용산구,조용한 힐링,리얼스터디카페 이촌1호점,상시,성인 (개인 방문 적합),"서울특별시 용산구 이촌로 280 지하 1층(한일마트 옆) | 좌표:1269780062,375183989",장소 문의 (전화/홈페이지 참조),"서울 용산구에 위치한 스터디카페 관련 장소 [리얼스터디카페 이촌1호점] (서비스,산업>장소대여). 전화: 정보없음",https://blog.naver.com/real_studycafe,"single:0.9;couple:0.4;family:0.3;서비스,산업>장소대여;스터디카페",2026-08-23 19:43:15,healing:0.7;quiet:1.0;solo:1.0,2,70
네이버 지역검색 API | 서울 용산구,조용한 힐링,써밋스터디카페 이태원점,상시,성인 (개인 방문 적합),"서울특별시 용산구 회나무로13길 5 501호 | 좌표:1269892995,375395434",장소 문의 (전화/홈페이지 참조),서울 용산구에 위치한 스터디카페 관련 장소 [써밋스터디카페 이태원점] (스터디카페). 전화: 정보없음,https://map.naver.com/v5/search/%EC%8D%A8%EB%B0%8B%EC%8A%A4%ED%84%B0%EB%94%94%EC%B9%B4%ED%8E%98%20%EC%9D%B4%ED%83%9C%EC%9B%90%EC%A0%90,single:0.9;couple:0.4;family:0.3;스터디카페;스터디카페,2026-08-23 19:43:15,healing:0.7;quiet:1.0;solo:1.0,2,70
네이버 지역검색 API | 서울 용산구,조용한 힐링,리얼스터디카페 이촌2호점,상시,성인 (개인 방문 적합),"서울특별시 용산구 이촌로64길 61 | 좌표:1269678544,375202009",장소 문의 (전화/홈페이지 참조),서울 용산구에 위치한 스터디카페 관련 장소 [리얼스터디카페 이촌2호점] (스터디카페). 전화: 정보없음,https://blog.naver.com/real_studycafe,single:0.9;couple:0.4;family:0.3;스터디카페;스터디카페,2026-08-23 19:43:15,healing:0.7;quiet:1.0;solo:1.0,2,70
네이버 지역검색 API | 서울 용산구,조용한 힐링,미라클스터디카페 원효센터,상시,성인 (개인 방문 적합),"서울특별시 용산구 백범로 341 용산 리첸시아 A동 B1 | 좌표:1269672894,375379929",장소 문의 (전화/홈페이지 참조),"서울 용산구에 위치한 스터디카페 관련 장소 [미라클스터디카페 원효센터] (서비스,산업>장소대여). 전화: 정보없음",http://pf.kakao.com/_vxaxahb,"single:0.9;couple:0.4;family:0.3;서비스,산업>장소대여;스터디카페",2026-08-23 19:43:15,healing:0.7;quiet:1.0;solo:1.0,2,70
네이버 지역검색 API | 서울 용산구,조용한 힐링,아메리카요가 용산점,상시,성인 (개인 방문 적합),"서울특별시 용산구 새창로 213-12 현대하이엘 2층 아메리카요가용산점(파리바게트 옆 건물) | 좌표:1269680375,375304923",장소 문의 (전화/홈페이지 참조),서울 용산구에 위치한 요가원 관련 장소 [아메리카요가 용산점] (스포츠시설>요가원). 전화: 정보없음,https://blog.naver.com/ayoyongsan,single:0.8;couple:0.4;family:0.3;스포츠시설>요가원;요가원,2026-08-23 19:43:15,healing:1.0;quiet:0.8;solo:0.9,2,70
네이버 지역검색 API | 서울 용산구,조용한 힐링,숨 쉬는 고래 서울,상시,성인 (개인 방문 적합),"서울특별시 용산구 이태원로55가길 49 4층 | 좌표:1269992773,375363564",장소 문의 (전화/홈페이지 참조),서울 용산구에 위치한 요가원 관련 장소 [숨 쉬는 고래 서울] (스포츠시설>요가원). 전화: 정보없음,http://breathingwhale.com,single:0.8;couple:0.4;family:0.3;스포츠시설>요가원;요가원,2026-08-23 19:43:15,healing:1.0;quiet:0.8;solo:0.9,2,70
네이버 지역검색 API | 서울 용산구,조용한 힐링,요가윤나다 이촌점,상시,성인 (개인 방문 적합),"서울특별시 용산구 이촌로 200 302호 | 좌표:1269693258,375209819",장소 문의 (전화/홈페이지 참조),서울 용산구에 위치한 요가원 관련 장소 [요가윤나다 이촌점] (스포츠시설>요가원). 전화: 정보없음,https://blog.naver.com/yogayunnada_05,single:0.8;couple:0.4;family:0.3;스포츠시설>요가원;요가원,2026-08-23 19:43:15,healing:1.0;quiet:0.8;solo:0.9,2,70
네이버 지역검색 API | 서울 용산구,조용한 힐링,노루물요가,상시,성인 (개인 방문 적합),"서울특별시 용산구 후암로 2 3층 | 좌표:1269785828,375461923",장소 문의 (전화/홈페이지 참조),서울 용산구에 위치한 요가원 관련 장소 [노루물요가] (스포츠시설>요가원). 전화: 정보없음,https://www.instagram.com/norumul.yoga,single:0.8;couple:0.4;family:0.3;스포츠시설>요가원;요가원,2026-08-23 19:43:15,healing:1.0;quiet:0.8;solo:0.9,2,70
네이버 지역검색 API | 서울 용산구,조용한 힐링,앨리스요가,상시,성인 (개인 방문 적합),"서울특별시 용산구 원효로 214-6 3층 | 좌표:1269660299,375374040",장소 문의 (전화/홈페이지 참조),서울 용산구에 위치한 요가원 관련 장소 [앨리스요가] (스포츠시설>요가원). 전화: 정보없음,https://blog.naver.com/aliceyogahoney,single:0.8;couple:0.4;family:0.3;스포츠시설>요가원;요가원,2026-08-23 19:43:15,healing:1.0;quiet:0.8;solo:0.9,2,70
네이버 지역검색 API | 서울 용산구,조용한 힐링,센터원 명상센터,상시,성인 (개인 방문 적합),"서울특별시 용산구 신흥로 11 해방촌, 명상센터 3,4층 | 좌표:1269863260,375396251",장소 문의 (전화/홈페이지 참조),"서울 용산구에 위치한 명상센터 관련 장소 [센터원 명상센터] (서비스,산업>기업). 전화: 정보없음",https://blog.naver.com/centerone_,"single:0.85;couple:0.4;family:0.3;서비스,산업>기업;명상센터",2026-08-23 19:43:15,healing:1.0;quiet:1.0;solo:1.0,2,70
네이버 지역검색 API | 서울 용산구,조용한 힐링,브라마 쿠마리스 명상센터 서울,상시,성인 (개인 방문 적합),"서울특별시 용산구 한남대로 150-9 샬롬힐 | 좌표:1270036047,375422001",장소 문의 (전화/홈페이지 참조),"서울 용산구에 위치한 명상센터 관련 장소 [브라마 쿠마리스 명상센터 서울] (협회,단체). 전화: 정보없음",http://www.bkkorea.org/,"single:0.85;couple:0.4;family:0.3;협회,단체;명상센터",2026-08-23 19:43:15,healing:1.0;quiet:1.0;solo:1.0,2,70
네이버 지역검색 API | 서울 용산구,조용한 힐링,밀밀아,상시,성인 (개인 방문 적합),"서울특별시 용산구 녹사평대로40나길 38-11 밀밀아 | 좌표:1269893522,375362786",장소 문의 (전화/홈페이지 참조),"서울 용산구에 위치한 명상센터 관련 장소 [밀밀아] (스포츠,레크레이션교육>요가,명상). 전화: 정보없음",https://blog.naver.com/milmilayoga,"single:0.85;couple:0.4;family:0.3;스포츠,레크레이션교육>요가,명상;명상센터",2026-08-23 19:43:15,healing:1.0;quiet:1.0;solo:1.0,2,70
네이버 지역검색 API | 서울 용산구,조용한 힐링,지평선 명상,상시,성인 (개인 방문 적합),"서울특별시 용산구 한강대로104라길 3 3층 | 좌표:1269753295,375501652",장소 문의 (전화/홈페이지 참조),"서울 용산구에 위치한 명상센터 관련 장소 [지평선 명상] (교육,학문>교육원,교육센터). 전화: 정보없음",http://pf.kakao.com/_rUxkTX/chat,"single:0.85;couple:0.4;family:0.3;교육,학문>교육원,교육센터;명상센터",2026-08-23 19:43:15,healing:1.0;quiet:1.0;solo:1.0,2,70
네이버 지역검색 API | 서울 용산구,조용한 힐링,이촌상담센터,상시,성인 (개인 방문 적합),"서울특별시 용산구 이촌로87길 21 | 좌표:1269783599,375202443",장소 문의 (전화/홈페이지 참조),"서울 용산구에 위치한 명상센터 관련 장소 [이촌상담센터] (건강,의료>심리상담). 전화: 정보없음",https://smartstore.naver.com/,"single:0.85;couple:0.4;family:0.3;건강,의료>심리상담;명상센터",2026-08-23 19:43:15,healing:1.0;quiet:1.0;solo:1.0,2,70
네이버 지역검색 API | 서울 용산구,역사·문화,국가유산청 궁능유적본부,상시,성인 (개인 방문 적합),"서울특별시 중구 소공로 70 | 좌표:1269823511,375616195",장소 문의 (전화/홈페이지 참조),"서울 용산구에 위치한 고궁 관련 장소 [국가유산청 궁능유적본부] (공공,사회기관>국가유산청). 전화: 정보없음",https://royal.khs.go.kr/royaltombs,"single:0.75;couple:0.4;family:0.3;공공,사회기관>국가유산청;고궁",2026-08-23 19:43:15,culture:1.0;history:1.0;outdoor:0.6,2,70
네이버 지역검색 API | 서울 용산구,역사·문화,대원정사,상시,성인 (개인 방문 적합),"서울특별시 용산구 두텁바위로60길 49 대원정사 | 좌표:1269834123,375489479",장소 문의 (전화/홈페이지 참조),"서울 용산구에 위치한 사찰 관련 장소 [대원정사] (불교>절,사찰). 전화: 정보없음",https://map.naver.com/v5/search/%EB%8C%80%EC%9B%90%EC%A0%95%EC%82%AC,"single:0.7;couple:0.4;family:0.3;불교>절,사찰;사찰",2026-08-23 19:43:15,culture:1.0;history:0.9;outdoor:0.7,2,70
네이버 지역검색 API | 서울 용산구,역사·문화,원광사,상시,성인 (개인 방문 적합),"서울특별시 용산구 한강대로40길 46 | 좌표:1269719500,375298907",장소 문의 (전화/홈페이지 참조),"서울 용산구에 위치한 사찰 관련 장소 [원광사] (불교>절,사찰). 전화: 정보없음",https://map.naver.com/v5/search/%EC%9B%90%EA%B4%91%EC%82%AC,"single:0.7;couple:0.4;family:0.3;불교>절,사찰;사찰",2026-08-23 19:43:15,culture:1.0;history:0.9;outdoor:0.7,2,70
네이버 지역검색 API | 서울 용산구,역사·문화,보광사,상시,성인 (개인 방문 적합),"서울특별시 용산구 장문로15나길 6 | 좌표:1269975000,375271833",장소 문의 (전화/홈페이지 참조),"서울 용산구에 위치한 사찰 관련 장소 [보광사] (불교>절,사찰). 전화: 정보없음",http://www.bogwangsa.or.kr/,"single:0.7;couple:0.4;family:0.3;불교>절,사찰;사찰",2026-08-23 19:43:15,culture:1.0;history:0.9;outdoor:0.7,2,70
네이버 지역검색 API | 서울 용산구,역사·문화,담마와나선원,상시,성인 (개인 방문 적합),"서울특별시 용산구 청파로47길 20-2 2층 | 좌표:1269693238,375449265",장소 문의 (전화/홈페이지 참조),"서울 용산구에 위치한 사찰 관련 장소 [담마와나선원] (불교>절,사찰). 전화: 정보없음",https://map.naver.com/v5/search/%EB%8B%B4%EB%A7%88%EC%99%80%EB%82%98%EC%84%A0%EC%9B%90,"single:0.7;couple:0.4;family:0.3;불교>절,사찰;사찰",2026-08-23 19:43:15,culture:1.0;history:0.9;outdoor:0.7,2,70
네이버 지역검색 API | 서울 용산구,역사·문화,묘법사,상시,성인 (개인 방문 적합),"서울특별시 용산구 원효로 113-5 | 좌표:1269557996,375331643",장소 문의 (전화/홈페이지 참조),"서울 용산구에 위치한 사찰 관련 장소 [묘법사] (불교>절,사찰). 전화: 정보없음",https://map.naver.com/v5/search/%EB%AC%98%EB%B2%95%EC%82%AC,"single:0.7;couple:0.4;family:0.3;불교>절,사찰;사찰",2026-08-23 19:43:15,culture:1.0;history:0.9;outdoor:0.7,2,70
네이버 지역검색 API | 서울 용산구,자연·공원,ESP,상시,성인 (개인 방문 적합),"서울특별시 용산구 신흥로20길 16 1층 | 좌표:1269847923,375464013",장소 문의 (전화/홈페이지 참조),서울 용산구에 위치한 둘레길 관련 장소 [ESP] (음식점>양식). 전화: 정보없음,https://app.catchtable.co.kr/ct/shop/esp?from=share&type=DINING,single:0.8;couple:0.4;family:0.3;음식점>양식;둘레길,2026-08-23 19:43:15,nature:1.0;outdoor:1.0;walk:1.0,2,70
네이버 지역검색 API | 서울 용산구,자연·공원,남산둘레길,상시,성인 (개인 방문 적합),"서울특별시 용산구 남산공원길 126 | 좌표:1269891937,375486852",장소 문의 (전화/홈페이지 참조),"서울 용산구에 위치한 둘레길 관련 장소 [남산둘레길] (여행,명소>도보코스). 전화: 정보없음",https://map.naver.com/v5/search/%EB%82%A8%EC%82%B0%EB%91%98%EB%A0%88%EA%B8%B8,"single:0.8;couple:0.4;family:0.3;여행,명소>도보코스;둘레길",2026-08-23 19:43:15,nature:1.0;outdoor:1.0;walk:1.0,2,70
네이버 지역검색 API | 서울 용산구,자연·공원,남산산채집,상시,성인 (개인 방문 적합),"서울특별시 중구 소파로 95 1층 | 좌표:1269853930,375567733",장소 문의 (전화/홈페이지 참조),서울 용산구에 위치한 둘레길 관련 장소 [남산산채집] (음식점>일식>돈가스). 전화: 정보없음,https://map.naver.com/v5/search/%EB%82%A8%EC%82%B0%EC%82%B0%EC%B1%84%EC%A7%91,single:0.8;couple:0.4;family:0.3;음식점>일식>돈가스;둘레길,2026-08-23 19:43:15,nature:1.0;outdoor:1.0;walk:1.0,2,70
네이버 지역검색 API | 서울 용산구,자연·공원,서울한양도성길3코스(남산구간)인증사진,상시,성인 (개인 방문 적합),"서울특별시 중구 예장동 | 좌표:1269875674,375518452",장소 문의 (전화/홈페이지 참조),"서울 용산구에 위치한 둘레길 관련 장소 [서울한양도성길3코스(남산구간)인증사진] (여행,명소>거리,골목). 전화: 정보없음",https://map.naver.com/v5/search/%EC%84%9C%EC%9A%B8%ED%95%9C%EC%96%91%EB%8F%84%EC%84%B1%EA%B8%B83%EC%BD%94%EC%8A%A4%28%EB%82%A8%EC%82%B0%EA%B5%AC%EA%B0%84%29%EC%9D%B8%EC%A6%9D%EC%82%AC%EC%A7%84,"single:0.8;couple:0.4;family:0.3;여행,명소>거리,골목;둘레길",2026-08-23 19:43:15,nature:1.0;outdoor:1.0;walk:1.0,2,70
네이버 지역검색 API | 서울 용산구,자연·공원,서울한양도성길3코스(남산구간)인증스탬프,상시,성인 (개인 방문 적합),"서울특별시 중구 남대문로5가 | 좌표:1269748940,375592133",장소 문의 (전화/홈페이지 참조),"서울 용산구에 위치한 둘레길 관련 장소 [서울한양도성길3코스(남산구간)인증스탬프] (여행,명소>거리,골목). 전화: 정보없음",https://map.naver.com/v5/search/%EC%84%9C%EC%9A%B8%ED%95%9C%EC%96%91%EB%8F%84%EC%84%B1%EA%B8%B83%EC%BD%94%EC%8A%A4%28%EB%82%A8%EC%82%B0%EA%B5%AC%EA%B0%84%29%EC%9D%B8%EC%A6%9D%EC%8A%A4%ED%83%AC%ED%94%84,"single:0.8;couple:0.4;family:0.3;여행,명소>거리,골목;둘레길",2026-08-23 19:43:15,nature:1.0;outdoor:1.0;walk:1.0,2,70
네이버 지역검색 API | 서울 용산구,자연·공원,한국숲정원,상시,성인 (개인 방문 적합),"서울특별시 용산구 | 좌표:1269955430,375427509",장소 문의 (전화/홈페이지 참조),"서울 용산구에 위치한 수목원 관련 장소 [한국숲정원] (여행,명소>식물원,수목원). 전화: 정보없음",https://map.naver.com/v5/search/%ED%95%9C%EA%B5%AD%EC%88%B2%EC%A0%95%EC%9B%90,"single:0.75;couple:0.4;family:0.3;여행,명소>식물원,수목원;수목원",2026-08-23 19:43:15,nature:1.0;outdoor:1.0;walk:0.8,2,70
네이버 지역검색 API | 서울 용산구,자연·공원,남산야외식물원,상시,성인 (개인 방문 적합),"서울특별시 용산구 | 좌표:1269954579,375427635",장소 문의 (전화/홈페이지 참조),"서울 용산구에 위치한 수목원 관련 장소 [남산야외식물원] (여행,명소>식물원,수목원). 전화: 정보없음",https://map.naver.com/v5/search/%EB%82%A8%EC%82%B0%EC%95%BC%EC%99%B8%EC%8B%9D%EB%AC%BC%EC%9B%90,"single:0.75;couple:0.4;family:0.3;여행,명소>식물원,수목원;수목원",2026-08-23 19:43:15,nature:1.0;outdoor:1.0;walk:0.8,2,70
네이버 지역검색 API | 서울 용산구,자연·공원,호네,상시,성인 (개인 방문 적합),"서울특별시 용산구 백범로77길 61 1층 | 좌표:1269664930,375407995",장소 문의 (전화/홈페이지 참조),"서울 용산구에 위치한 수목원 관련 장소 [호네] (여행,명소>식물원,수목원). 전화: 정보없음",https://map.naver.com/v5/search/%ED%98%B8%EB%84%A4,"single:0.75;couple:0.4;family:0.3;여행,명소>식물원,수목원;수목원",2026-08-23 19:43:15,nature:1.0;outdoor:1.0;walk:0.8,2,70
네이버 지역검색 API | 서울 용산구,자연·공원,종합행정타운힐링정원,상시,성인 (개인 방문 적합),"서울특별시 용산구 녹사평대로 150 용산구종합행정타운 | 좌표:1269903674,375323085",장소 문의 (전화/홈페이지 참조),"서울 용산구에 위치한 수목원 관련 장소 [종합행정타운힐링정원] (여행,명소>식물원,수목원). 전화: 정보없음",https://map.naver.com/v5/search/%EC%A2%85%ED%95%A9%ED%96%89%EC%A0%95%ED%83%80%EC%9A%B4%ED%9E%90%EB%A7%81%EC%A0%95%EC%9B%90,"single:0.75;couple:0.4;family:0.3;여행,명소>식물원,수목원;수목원",2026-08-23 19:43:15,nature:1.0;outdoor:1.0;walk:0.8,2,70
네이버 지역검색 API | 서울 성동구,독립서점,픽셀투페이퍼,상시,성인 (개인 방문 적합),"서울특별시 성동구 뚝섬로 392 2층 | 좌표:1270542059,375388813",장소 문의 (전화/홈페이지 참조),서울 성동구에 위치한 독립서점 관련 장소 [픽셀투페이퍼] (서점>독립서점). 전화: 정보없음,https://www.instagram.com/pixeltopaper.seoul,single:0.95;couple:0.4;family:0.3;서점>독립서점;독립서점,2026-08-23 19:43:15,bookstore:1.0;quiet:1.0;indoor:1.0,2,70
네이버 지역검색 API | 서울 성동구,독립서점,프루스트의 서재,상시,성인 (개인 방문 적합),"서울특별시 성동구 무수막길 56 1F | 좌표:1270219456,375512363",장소 문의 (전화/홈페이지 참조),서울 성동구에 위치한 독립서점 관련 장소 [프루스트의 서재] (서점>독립서점). 전화: 정보없음,https://proustbook.com,single:0.95;couple:0.4;family:0.3;서점>독립서점;독립서점,2026-08-23 19:43:15,bookstore:1.0;quiet:1.0;indoor:1.0,2,70
네이버 지역검색 API | 서울 성동구,독립서점,낫저스트북스,상시,성인 (개인 방문 적합),"서울특별시 성동구 서울숲길 44 3층 | 좌표:1270423383,375479157",장소 문의 (전화/홈페이지 참조),서울 성동구에 위치한 독립서점 관련 장소 [낫저스트북스] (서점>독립서점). 전화: 정보없음,https://map.naver.com/v5/search/%EB%82%AB%EC%A0%80%EC%8A%A4%ED%8A%B8%EB%B6%81%EC%8A%A4,single:0.95;couple:0.4;family:0.3;서점>독립서점;독립서점,2026-08-23 19:43:15,bookstore:1.0;quiet:1.0;indoor:1.0,2,70
네이버 지역검색 API | 서울 성동구,독립서점,옥수서재,상시,성인 (개인 방문 적합),"서울특별시 성동구 한림말1길 16-1 B1층 | 좌표:1270164486,375427120",장소 문의 (전화/홈페이지 참조),서울 성동구에 위치한 독립서점 관련 장소 [옥수서재] (서점>독립서점). 전화: 정보없음,http://www.instagram.com/oksubook,single:0.95;couple:0.4;family:0.3;서점>독립서점;독립서점,2026-08-23 19:43:15,bookstore:1.0;quiet:1.0;indoor:1.0,2,70
네이버 지역검색 API | 서울 성동구,독립서점,서울북카페 센버스,상시,성인 (개인 방문 적합),"서울특별시 성동구 아차산로13길 31 자원빌딩 2층 | 좌표:1270615463,375458066",장소 문의 (전화/홈페이지 참조),"서울 성동구에 위치한 북카페 관련 장소 [서울북카페 센버스] (카페,디저트>북카페). 전화: 정보없음",https://www.instagram.com/senvers_official/,"single:0.85;couple:0.4;family:0.3;카페,디저트>북카페;북카페",2026-08-23 19:43:15,bookstore:0.8;quiet:0.9;indoor:1.0,2,70
네이버 지역검색 API | 서울 성동구,독립서점,어바웃더챕터,상시,성인 (개인 방문 적합),"서울특별시 성동구 서울숲4길 20-1 지하1층 | 좌표:1270431851,375471190",장소 문의 (전화/홈페이지 참조),"서울 성동구에 위치한 북카페 관련 장소 [어바웃더챕터] (카페,디저트>북카페). 전화: 정보없음",https://www.instagram.com/about_the_chapter,"single:0.85;couple:0.4;family:0.3;카페,디저트>북카페;북카페",2026-08-23 19:43:15,bookstore:0.8;quiet:0.9;indoor:1.0,2,70
네이버 지역검색 API | 서울 성동구,독립서점,아무튼겨울,상시,성인 (개인 방문 적합),"서울특별시 성동구 성덕정1길 3 아무튼겨울 1~3F | 좌표:1270458951,375397270",장소 문의 (전화/홈페이지 참조),"서울 성동구에 위치한 북카페 관련 장소 [아무튼겨울] (카페,디저트>카페). 전화: 정보없음",https://www.instagram.com/anywaywinter8,"single:0.85;couple:0.4;family:0.3;카페,디저트>카페;북카페",2026-08-23 19:43:15,bookstore:0.8;quiet:0.9;indoor:1.0,2,70
네이버 지역검색 API | 서울 성동구,독립서점,카페마실,상시,성인 (개인 방문 적합),"서울특별시 성동구 왕십리로 410 센트라스상가 L동 3층 | 좌표:1270293108,375647933",장소 문의 (전화/홈페이지 참조),"서울 성동구에 위치한 북카페 관련 장소 [카페마실] (음식점>카페,디저트). 전화: 정보없음",https://map.naver.com/v5/search/%EC%B9%B4%ED%8E%98%EB%A7%88%EC%8B%A4,"single:0.85;couple:0.4;family:0.3;음식점>카페,디저트;북카페",2026-08-23 19:43:15,bookstore:0.8;quiet:0.9;indoor:1.0,2,70
네이버 지역검색 API | 서울 성동구,독립서점,이파리서재,상시,성인 (개인 방문 적합),"서울특별시 성동구 동일로 77 5층 (엘레베이터 없어요) | 좌표:1270623905,375398884",장소 문의 (전화/홈페이지 참조),"서울 성동구에 위치한 북카페 관련 장소 [이파리서재] (카페,디저트>북카페). 전화: 정보없음",https://blog.naver.com/ipary_bookcafe,"single:0.85;couple:0.4;family:0.3;카페,디저트>북카페;북카페",2026-08-23 19:43:15,bookstore:0.8;quiet:0.9;indoor:1.0,2,70
네이버 지역검색 API | 서울 성동구,조용한 힐링,랭스터디카페 한양대점,상시,성인 (개인 방문 적합),"서울특별시 성동구 왕십리로 235 제1호 3층 | 좌표:1270414062,375573295",장소 문의 (전화/홈페이지 참조),"서울 성동구에 위치한 스터디카페 관련 장소 [랭스터디카페 한양대점] (서비스,산업>장소대여). 전화: 정보없음",https://www.instagram.com/langstudy.cafe_hanyangdae?igsh=cnljc3o2aTdpMmNq,"single:0.9;couple:0.4;family:0.3;서비스,산업>장소대여;스터디카페",2026-08-23 19:43:15,healing:0.7;quiet:1.0;solo:1.0,2,70
네이버 지역검색 API | 서울 성동구,조용한 힐링,카공족 뚝섬점,상시,성인 (개인 방문 적합),"서울특별시 성동구 상원10길 4 2층 | 좌표:1270484087,375490105",장소 문의 (전화/홈페이지 참조),"서울 성동구에 위치한 스터디카페 관련 장소 [카공족 뚝섬점] (카페,디저트>스터디카페). 전화: 정보없음",https://www.instagram.com/cagongzok_official/,"single:0.9;couple:0.4;family:0.3;카페,디저트>스터디카페;스터디카페",2026-08-23 19:43:15,healing:0.7;quiet:1.0;solo:1.0,2,70
네이버 지역검색 API | 서울 성동구,조용한 힐링,카공족 신금호역점,상시,성인 (개인 방문 적합),"서울특별시 성동구 금호산길 67 금호빌딩 401호 | 좌표:1270195285,375543423",장소 문의 (전화/홈페이지 참조),"서울 성동구에 위치한 스터디카페 관련 장소 [카공족 신금호역점] (카페,디저트>스터디카페). 전화: 정보없음",http://pf.kakao.com/_kAPKX/chat,"single:0.9;couple:0.4;family:0.3;카페,디저트>스터디카페;스터디카페",2026-08-23 19:43:15,healing:0.7;quiet:1.0;solo:1.0,2,70
네이버 지역검색 API | 서울 성동구,조용한 힐링,망고스터디카페 상왕십리역점,상시,성인 (개인 방문 적합),"서울특별시 성동구 마장로 185 2층 망고스터디카페 | 좌표:1270304628,375669116",장소 문의 (전화/홈페이지 참조),"서울 성동구에 위치한 스터디카페 관련 장소 [망고스터디카페 상왕십리역점] (서비스,산업>장소대여). 전화: 정보없음",https://map.naver.com/v5/search/%EB%A7%9D%EA%B3%A0%EC%8A%A4%ED%84%B0%EB%94%94%EC%B9%B4%ED%8E%98%20%EC%83%81%EC%99%95%EC%8B%AD%EB%A6%AC%EC%97%AD%EC%A0%90,"single:0.9;couple:0.4;family:0.3;서비스,산업>장소대여;스터디카페",2026-08-23 19:43:15,healing:0.7;quiet:1.0;solo:1.0,2,70
네이버 지역검색 API | 서울 성동구,조용한 힐링,MOiM 스터디룸 왕십리점,상시,성인 (개인 방문 적합),"서울특별시 성동구 마조로5길 6 2층 | 좌표:1270404337,375601627",장소 문의 (전화/홈페이지 참조),서울 성동구에 위치한 스터디카페 관련 장소 [MOiM 스터디룸 왕십리점] (스터디카페). 전화: 정보없음,https://map.naver.com/v5/search/MOiM%20%EC%8A%A4%ED%84%B0%EB%94%94%EB%A3%B8%20%EC%99%95%EC%8B%AD%EB%A6%AC%EC%A0%90,single:0.9;couple:0.4;family:0.3;스터디카페;스터디카페,2026-08-23 19:43:15,healing:0.7;quiet:1.0;solo:1.0,2,70
네이버 지역검색 API | 서울 성동구,조용한 힐링,애프터 요가 필라테스 서울숲점,상시,성인 (개인 방문 적합),"서울특별시 성동구 왕십리로 50 지하1층 애프터 요가 서울숲점 | 좌표:1270451976,375416972",장소 문의 (전화/홈페이지 참조),서울 성동구에 위치한 요가원 관련 장소 [애프터 요가 필라테스 서울숲점] (스포츠시설>요가원). 전화: 정보없음,https://booking.naver.com/booking/13/bizes/586914,single:0.8;couple:0.4;family:0.3;스포츠시설>요가원;요가원,2026-08-23 19:43:15,healing:1.0;quiet:0.8;solo:0.9,2,70
네이버 지역검색 API | 서울 성동구,조용한 힐링,요가스토리 서울숲,상시,성인 (개인 방문 적합),"서울특별시 성동구 서울숲2길 28-12 2층 yogastory | 좌표:1270413942,375466229",장소 문의 (전화/홈페이지 참조),서울 성동구에 위치한 요가원 관련 장소 [요가스토리 서울숲] (스포츠시설>요가원). 전화: 정보없음,http://instagram.com/yogastory_official,single:0.8;couple:0.4;family:0.3;스포츠시설>요가원;요가원,2026-08-23 19:43:15,healing:1.0;quiet:0.8;solo:0.9,2,70
네이버 지역검색 API | 서울 성동구,조용한 힐링,요가웨이브,상시,성인 (개인 방문 적합),"서울특별시 성동구 뚝섬로7길 2 2,3F 요가웨이브 | 좌표:1270566786,375386375",장소 문의 (전화/홈페이지 참조),서울 성동구에 위치한 요가원 관련 장소 [요가웨이브] (스포츠시설>요가원). 전화: 정보없음,https://www.youtube.com/@yogawave6273,single:0.8;couple:0.4;family:0.3;스포츠시설>요가원;요가원,2026-08-23 19:43:15,healing:1.0;quiet:0.8;solo:0.9,2,70
네이버 지역검색 API | 서울 성동구,조용한 힐링,울루루요가 신금호점,상시,성인 (개인 방문 적합),"서울특별시 성동구 금호로 150-1 3층 | 좌표:1270204676,375544569",장소 문의 (전화/홈페이지 참조),서울 성동구에 위치한 요가원 관련 장소 [울루루요가 신금호점] (스포츠시설>요가원). 전화: 정보없음,http://pf.kakao.com/_xoAxodn,single:0.8;couple:0.4;family:0.3;스포츠시설>요가원;요가원,2026-08-23 19:43:15,healing:1.0;quiet:0.8;solo:0.9,2,70
네이버 지역검색 API | 서울 성동구,조용한 힐링,옥수동요가,상시,성인 (개인 방문 적합),"서울특별시 성동구 한림말길 6 2층 | 좌표:1270118064,375410367",장소 문의 (전화/홈페이지 참조),서울 성동구에 위치한 요가원 관련 장소 [옥수동요가] (스포츠시설>요가원). 전화: 정보없음,https://www.instagram.com/oksudong_yoga,single:0.8;couple:0.4;family:0.3;스포츠시설>요가원;요가원,2026-08-23 19:43:15,healing:1.0;quiet:0.8;solo:0.9,2,70
네이버 지역검색 API | 서울 성동구,조용한 힐링,한국 펠든크라이스 센터,상시,성인 (개인 방문 적합),"서울특별시 성동구 성수일로11길 11 경남빌딩 301호 | 좌표:1270501713,375492273",장소 문의 (전화/홈페이지 참조),"서울 성동구에 위치한 명상센터 관련 장소 [한국 펠든크라이스 센터] (스포츠,레크레이션교육>요가,명상). 전화: 정보없음",https://www.koreafeldenkrais.kr/,"single:0.85;couple:0.4;family:0.3;스포츠,레크레이션교육>요가,명상;명상센터",2026-08-23 19:43:15,healing:1.0;quiet:1.0;solo:1.0,2,70
네이버 지역검색 API | 서울 성동구,조용한 힐링,라리마힐링센터,상시,성인 (개인 방문 적합),"서울특별시 성동구 성수일로1길 11-9 서울숲오피스텔 504호 | 좌표:1270472516,375416593",장소 문의 (전화/홈페이지 참조),"서울 성동구에 위치한 명상센터 관련 장소 [라리마힐링센터] (스포츠,레크레이션교육>요가,명상). 전화: 정보없음",https://www.instagram.com/larimar_healing_center,"single:0.85;couple:0.4;family:0.3;스포츠,레크레이션교육>요가,명상;명상센터",2026-08-23 19:43:15,healing:1.0;quiet:1.0;solo:1.0,2,70
네이버 지역검색 API | 서울 성동구,조용한 힐링,파드메 스페이스,상시,성인 (개인 방문 적합),"서울특별시 성동구 한림말길 31 지하1층 B37호 | 좌표:1270146042,375410788",장소 문의 (전화/홈페이지 참조),"서울 성동구에 위치한 명상센터 관련 장소 [파드메 스페이스] (서비스,산업>장소대여). 전화: 정보없음",https://blog.naver.com/padmespace,"single:0.85;couple:0.4;family:0.3;서비스,산업>장소대여;명상센터",2026-08-23 19:43:15,healing:1.0;quiet:1.0;solo:1.0,2,70
네이버 지역검색 API | 서울 성동구,조용한 힐링,나무요가센터,상시,성인 (개인 방문 적합),"서울특별시 성동구 한림말길 31 삼성아파트상가 403호 | 좌표:1270145431,375411229",장소 문의 (전화/홈페이지 참조),"서울 성동구에 위치한 명상센터 관련 장소 [나무요가센터] (스포츠,레크레이션교육>요가,명상). 전화: 정보없음",https://www.instagram.com/namu_yoga?igsh=N3Jjcmo4eWJ4ZGFm&utm_source=qr,"single:0.85;couple:0.4;family:0.3;스포츠,레크레이션교육>요가,명상;명상센터",2026-08-23 19:43:15,healing:1.0;quiet:1.0;solo:1.0,2,70
네이버 지역검색 API | 서울 성동구,역사·문화,고기가득 고궁왕비빔밥,상시,성인 (개인 방문 적합),"서울특별시 종로구 지봉로11길 4 | 좌표:1270151285,375767869",장소 문의 (전화/홈페이지 참조),서울 성동구에 위치한 고궁 관련 장소 [고기가득 고궁왕비빔밥] (음식점>한식). 전화: 정보없음,https://map.naver.com/v5/search/%EA%B3%A0%EA%B8%B0%EA%B0%80%EB%93%9D%20%EA%B3%A0%EA%B6%81%EC%99%95%EB%B9%84%EB%B9%94%EB%B0%A5,single:0.75;couple:0.4;family:0.3;음식점>한식;고궁,2026-08-23 19:43:15,culture:1.0;history:1.0;outdoor:0.6,2,70
네이버 지역검색 API | 서울 성동구,역사·문화,고궁마실창경궁한복대여,상시,성인 (개인 방문 적합),"서울특별시 종로구 창경궁로 229 한성빌딩 3층 | 좌표:1269979229,375825401",장소 문의 (전화/홈페이지 참조),"서울 성동구에 위치한 고궁 관련 장소 [고궁마실창경궁한복대여] (임대,대여>한복대여). 전화: 정보없음",https://www.instagram.com/gogungmasil/,"single:0.75;couple:0.4;family:0.3;임대,대여>한복대여;고궁",2026-08-23 19:43:15,culture:1.0;history:1.0;outdoor:0.6,2,70
네이버 지역검색 API | 서울 성동구,역사·문화,보은사,상시,성인 (개인 방문 적합),"서울특별시 성동구 독서당로39길 37 | 좌표:1270102106,375411185",장소 문의 (전화/홈페이지 참조),"서울 성동구에 위치한 사찰 관련 장소 [보은사] (불교>절,사찰). 전화: 정보없음",https://map.naver.com/v5/search/%EB%B3%B4%EC%9D%80%EC%82%AC,"single:0.7;couple:0.4;family:0.3;불교>절,사찰;사찰",2026-08-23 19:43:15,culture:1.0;history:0.9;outdoor:0.7,2,70
네이버 지역검색 API | 서울 성동구,역사·문화,관음사,상시,성인 (개인 방문 적합),"서울특별시 성동구 무학로4길 15 | 좌표:1270324750,375648332",장소 문의 (전화/홈페이지 참조),"서울 성동구에 위치한 사찰 관련 장소 [관음사] (불교>절,사찰). 전화: 정보없음",https://map.naver.com/v5/search/%EA%B4%80%EC%9D%8C%EC%82%AC,"single:0.7;couple:0.4;family:0.3;불교>절,사찰;사찰",2026-08-23 19:43:15,culture:1.0;history:0.9;outdoor:0.7,2,70
네이버 지역검색 API | 서울 성동구,역사·문화,금오정사,상시,성인 (개인 방문 적합),"서울특별시 성동구 금호로 67 | 좌표:1270257656,375493699",장소 문의 (전화/홈페이지 참조),"서울 성동구에 위치한 사찰 관련 장소 [금오정사] (불교>절,사찰). 전화: 정보없음",https://map.naver.com/v5/search/%EA%B8%88%EC%98%A4%EC%A0%95%EC%82%AC,"single:0.7;couple:0.4;family:0.3;불교>절,사찰;사찰",2026-08-23 19:43:15,culture:1.0;history:0.9;outdoor:0.7,2,70
네이버 지역검색 API | 서울 성동구,역사·문화,종궁사,상시,성인 (개인 방문 적합),"서울특별시 성동구 금호동2가 382 | 좌표:1270212779,375520898",장소 문의 (전화/홈페이지 참조),"서울 성동구에 위치한 사찰 관련 장소 [종궁사] (불교>절,사찰). 전화: 정보없음",https://map.naver.com/v5/search/%EC%A2%85%EA%B6%81%EC%82%AC,"single:0.7;couple:0.4;family:0.3;불교>절,사찰;사찰",2026-08-23 19:43:15,culture:1.0;history:0.9;outdoor:0.7,2,70
네이버 지역검색 API | 서울 성동구,역사·문화,미타사관음암,상시,성인 (개인 방문 적합),"서울특별시 성동구 독서당로40길 21 미타사 관음암 | 좌표:1270172154,375435205",장소 문의 (전화/홈페이지 참조),"서울 성동구에 위치한 사찰 관련 장소 [미타사관음암] (불교>절,사찰). 전화: 정보없음",https://map.naver.com/v5/search/%EB%AF%B8%ED%83%80%EC%82%AC%EA%B4%80%EC%9D%8C%EC%95%94,"single:0.7;couple:0.4;family:0.3;불교>절,사찰;사찰",2026-08-23 19:43:15,culture:1.0;history:0.9;outdoor:0.7,2,70
네이버 지역검색 API | 서울 성동구,자연·공원,서울숲우리강산푸르게푸르게정원,상시,성인 (개인 방문 적합),"서울특별시 성동구 | 좌표:1270404406,375434203",장소 문의 (전화/홈페이지 참조),"서울 성동구에 위치한 수목원 관련 장소 [서울숲우리강산푸르게푸르게정원] (여행,명소>식물원,수목원). 전화: 정보없음",https://map.naver.com/v5/search/%EC%84%9C%EC%9A%B8%EC%88%B2%EC%9A%B0%EB%A6%AC%EA%B0%95%EC%82%B0%ED%91%B8%EB%A5%B4%EA%B2%8C%ED%91%B8%EB%A5%B4%EA%B2%8C%EC%A0%95%EC%9B%90,"single:0.75;couple:0.4;family:0.3;여행,명소>식물원,수목원;수목원",2026-08-23 19:43:15,nature:1.0;outdoor:1.0;walk:0.8,2,70
네이버 지역검색 API | 서울 성동구,자연·공원,중랑천피크닉정원,상시,성인 (개인 방문 적합),"서울특별시 성동구 | 좌표:1270432124,375533631",장소 문의 (전화/홈페이지 참조),"서울 성동구에 위치한 수목원 관련 장소 [중랑천피크닉정원] (여행,명소>식물원,수목원). 전화: 정보없음",https://map.naver.com/v5/search/%EC%A4%91%EB%9E%91%EC%B2%9C%ED%94%BC%ED%81%AC%EB%8B%89%EC%A0%95%EC%9B%90,"single:0.75;couple:0.4;family:0.3;여행,명소>식물원,수목원;수목원",2026-08-23 19:43:15,nature:1.0;outdoor:1.0;walk:0.8,2,70
네이버 지역검색 API | 서울 서대문구,독립서점,유어마인드,상시,성인 (개인 방문 적합),"서울특별시 서대문구 연희로 122 302호 | 좌표:1269324382,375684604",장소 문의 (전화/홈페이지 참조),서울 서대문구에 위치한 독립서점 관련 장소 [유어마인드] (서점>독립서점). 전화: 정보없음,https://your-mind.com/,single:0.95;couple:0.4;family:0.3;서점>독립서점;독립서점,2026-08-23 19:43:15,bookstore:1.0;quiet:1.0;indoor:1.0,2,70
네이버 지역검색 API | 서울 서대문구,독립서점,미스터리 유니온,상시,성인 (개인 방문 적합),"서울특별시 서대문구 이화여대길 88-11 | 좌표:1269437243,375593699",장소 문의 (전화/홈페이지 참조),서울 서대문구에 위치한 독립서점 관련 장소 [미스터리 유니온] (서점>독립서점). 전화: 정보없음,http://www.instagram.com/mysteryunionbook,single:0.95;couple:0.4;family:0.3;서점>독립서점;독립서점,2026-08-23 19:43:15,bookstore:1.0;quiet:1.0;indoor:1.0,2,70
네이버 지역검색 API | 서울 서대문구,독립서점,연희사과,상시,성인 (개인 방문 적합),"서울특별시 서대문구 홍제천로 200-5 2층 2호 | 좌표:1269352439,375789902",장소 문의 (전화/홈페이지 참조),서울 서대문구에 위치한 독립서점 관련 장소 [연희사과] (서점>독립서점). 전화: 정보없음,https://www.instagram.com/yeonhui_apple?igsh=MWFrYXA0MG5kdGxpdg%3D%3D&utm_source=qr,single:0.95;couple:0.4;family:0.3;서점>독립서점;독립서점,2026-08-23 19:43:15,bookstore:1.0;quiet:1.0;indoor:1.0,2,70
네이버 지역검색 API | 서울 서대문구,독립서점,모래내책방,상시,성인 (개인 방문 적합),"서울특별시 서대문구 수색로 23-1 3층 | 좌표:1269155407,375687011",장소 문의 (전화/홈페이지 참조),서울 서대문구에 위치한 독립서점 관련 장소 [모래내책방] (서점>독립서점). 전화: 정보없음,https://linktr.ee/sandstreambook,single:0.95;couple:0.4;family:0.3;서점>독립서점;독립서점,2026-08-23 19:43:15,bookstore:1.0;quiet:1.0;indoor:1.0,2,70
네이버 지역검색 API | 서울 서대문구,독립서점,책친구네집 아쳅토,상시,성인 (개인 방문 적합),"서울특별시 서대문구 홍연길 72 1층 안쪽호 | 좌표:1269307043,375763121",장소 문의 (전화/홈페이지 참조),서울 서대문구에 위치한 독립서점 관련 장소 [책친구네집 아쳅토] (서점>독립서점). 전화: 정보없음,https://www.instagram.com/accepto.official,single:0.95;couple:0.4;family:0.3;서점>독립서점;독립서점,2026-08-23 19:43:15,bookstore:1.0;quiet:1.0;indoor:1.0,2,70
네이버 지역검색 API | 서울 서대문구,독립서점,비플러스,상시,성인 (개인 방문 적합),"서울특별시 서대문구 응암로 95 1층 | 좌표:1269122621,375814225",장소 문의 (전화/홈페이지 참조),"서울 서대문구에 위치한 북카페 관련 장소 [비플러스] (음식점>카페,디저트). 전화: 정보없음",https://www.instagram.com/cafe_bplus,"single:0.85;couple:0.4;family:0.3;음식점>카페,디저트;북카페",2026-08-23 19:43:15,bookstore:0.8;quiet:0.9;indoor:1.0,2,70
네이버 지역검색 API | 서울 서대문구,독립서점,북카페파오,상시,성인 (개인 방문 적합),"서울특별시 서대문구 이화여대길 34 신흥빌딩 3층 파오 | 좌표:1269459602,375584688",장소 문의 (전화/홈페이지 참조),"서울 서대문구에 위치한 북카페 관련 장소 [북카페파오] (음식점>카페,디저트). 전화: 정보없음",https://www.instagram.com/bookcafe_pao/,"single:0.85;couple:0.4;family:0.3;음식점>카페,디저트;북카페",2026-08-23 19:43:15,bookstore:0.8;quiet:0.9;indoor:1.0,2,70
네이버 지역검색 API | 서울 서대문구,독립서점,시도 플레이스,상시,성인 (개인 방문 적합),"서울특별시 서대문구 연희맛로 7-7 시도 플레이스 1~2F | 좌표:1269283474,375662825",장소 문의 (전화/홈페이지 참조),"서울 서대문구에 위치한 북카페 관련 장소 [시도 플레이스] (음식점>카페,디저트). 전화: 정보없음",https://www.instagram.com/siiiido_place,"single:0.85;couple:0.4;family:0.3;음식점>카페,디저트;북카페",2026-08-23 19:43:15,bookstore:0.8;quiet:0.9;indoor:1.0,2,70
네이버 지역검색 API | 서울 서대문구,독립서점,밤의서점,상시,성인 (개인 방문 적합),"서울특별시 서대문구 성산로 567-8 1층 | 좌표:1269463894,375666778",장소 문의 (전화/홈페이지 참조),"서울 서대문구에 위치한 북카페 관련 장소 [밤의서점] (쇼핑,유통>서점). 전화: 정보없음",https://www.instagram.com/librairie_de_nuit,"single:0.85;couple:0.4;family:0.3;쇼핑,유통>서점;북카페",2026-08-23 19:43:15,bookstore:0.8;quiet:0.9;indoor:1.0,2,70
네이버 지역검색 API | 서울 서대문구,독립서점,애딩웜스,상시,성인 (개인 방문 적합),"서울특별시 서대문구 증가로 10 403호 | 좌표:1269317520,375693942",장소 문의 (전화/홈페이지 참조),"서울 서대문구에 위치한 북카페 관련 장소 [애딩웜스] (쇼핑,유통>서점). 전화: 정보없음",https://www.instagram.com/adding.warmth,"single:0.85;couple:0.4;family:0.3;쇼핑,유통>서점;북카페",2026-08-23 19:43:15,bookstore:0.8;quiet:0.9;indoor:1.0,2,70
네이버 지역검색 API | 서울 서대문구,조용한 힐링,랭스터디카페 신촌점,상시,성인 (개인 방문 적합),"서울특별시 서대문구 명물길 6 3층 랭스터디카페 신촌점 | 좌표:1269374114,375573235",장소 문의 (전화/홈페이지 참조),"서울 서대문구에 위치한 스터디카페 관련 장소 [랭스터디카페 신촌점] (서비스,산업>장소대여). 전화: 정보없음",http://instagram.com/lang.studycafe_sinchon/,"single:0.9;couple:0.4;family:0.3;서비스,산업>장소대여;스터디카페",2026-08-23 19:43:15,healing:0.7;quiet:1.0;solo:1.0,2,70
네이버 지역검색 API | 서울 서대문구,조용한 힐링,페즈 라이브러리 스터디카페 신촌,상시,성인 (개인 방문 적합),"서울특별시 서대문구 명물길 21 3층 | 좌표:1269377858,375579764",장소 문의 (전화/홈페이지 참조),서울 서대문구에 위치한 스터디카페 관련 장소 [페즈 라이브러리 스터디카페 신촌] (스터디카페). 전화: 정보없음,https://www.instagram.com/fes_library,single:0.9;couple:0.4;family:0.3;스터디카페;스터디카페,2026-08-23 19:43:15,healing:0.7;quiet:1.0;solo:1.0,2,70
네이버 지역검색 API | 서울 서대문구,조용한 힐링,디딤스터디카페 워크라운지 이대점,상시,성인 (개인 방문 적합),"서울특별시 서대문구 이화여대길 33 2층 | 좌표:1269456347,375584620",장소 문의 (전화/홈페이지 참조),"서울 서대문구에 위치한 스터디카페 관련 장소 [디딤스터디카페 워크라운지 이대점] (카페,디저트>스터디카페). 전화: 정보없음",https://map.naver.com/v5/search/%EB%94%94%EB%94%A4%EC%8A%A4%ED%84%B0%EB%94%94%EC%B9%B4%ED%8E%98%20%EC%9B%8C%ED%81%AC%EB%9D%BC%EC%9A%B4%EC%A7%80%20%EC%9D%B4%EB%8C%80%EC%A0%90,"single:0.9;couple:0.4;family:0.3;카페,디저트>스터디카페;스터디카페",2026-08-23 19:43:15,healing:0.7;quiet:1.0;solo:1.0,2,70
네이버 지역검색 API | 서울 서대문구,조용한 힐링,카공족 연희점,상시,성인 (개인 방문 적합),"서울특별시 서대문구 연희로 98 3층 | 좌표:1269310187,375666211",장소 문의 (전화/홈페이지 참조),"서울 서대문구에 위치한 스터디카페 관련 장소 [카공족 연희점] (카페,디저트>스터디카페). 전화: 정보없음",https://www.instagram.com/cagongzok_official/,"single:0.9;couple:0.4;family:0.3;카페,디저트>스터디카페;스터디카페",2026-08-23 19:43:15,healing:0.7;quiet:1.0;solo:1.0,2,70
네이버 지역검색 API | 서울 서대문구,조용한 힐링,스터디 카페 모각,상시,성인 (개인 방문 적합),"서울특별시 서대문구 연희로2길 62 한빛빌딩 B동 1층 | 좌표:1269278718,375591716",장소 문의 (전화/홈페이지 참조),서울 서대문구에 위치한 스터디카페 관련 장소 [스터디 카페 모각] (스터디카페). 전화: 정보없음,https://www.instagram.com/cafe.mogak/,single:0.9;couple:0.4;family:0.3;스터디카페;스터디카페,2026-08-23 19:43:15,healing:0.7;quiet:1.0;solo:1.0,2,70
네이버 지역검색 API | 서울 서대문구,조용한 힐링,마이트리요가 연희,상시,성인 (개인 방문 적합),"서울특별시 서대문구 연희로 85 5층 | 좌표:1269299137,375659426",장소 문의 (전화/홈페이지 참조),서울 서대문구에 위치한 요가원 관련 장소 [마이트리요가 연희] (스포츠시설>요가원). 전화: 정보없음,https://www.instagram.com/maitri_yeonhui,single:0.8;couple:0.4;family:0.3;스포츠시설>요가원;요가원,2026-08-23 19:43:15,healing:1.0;quiet:0.8;solo:0.9,2,70
네이버 지역검색 API | 서울 서대문구,조용한 힐링,아마비아요가 서대문점,상시,성인 (개인 방문 적합),"서울특별시 서대문구 통일로 127 충정로 우체국 건물 3층 | 좌표:1269659690,375659366",장소 문의 (전화/홈페이지 참조),서울 서대문구에 위치한 요가원 관련 장소 [아마비아요가 서대문점] (스포츠시설>요가원). 전화: 정보없음,https://www.youtube.com/channel/UCOZsbaSvozkT_m0sUeT156g,single:0.8;couple:0.4;family:0.3;스포츠시설>요가원;요가원,2026-08-23 19:43:15,healing:1.0;quiet:0.8;solo:0.9,2,70
네이버 지역검색 API | 서울 서대문구,조용한 힐링,요가하는 작은집,상시,성인 (개인 방문 적합),"서울특별시 서대문구 가재울로2안길 47 1층 | 좌표:1269249916,375755837",장소 문의 (전화/홈페이지 참조),서울 서대문구에 위치한 요가원 관련 장소 [요가하는 작은집] (스포츠시설>요가원). 전화: 정보없음,https://www.instagram.com/little_house_of_yoga,single:0.8;couple:0.4;family:0.3;스포츠시설>요가원;요가원,2026-08-23 19:43:15,healing:1.0;quiet:0.8;solo:0.9,2,70
네이버 지역검색 API | 서울 서대문구,조용한 힐링,요가윤나다 독립문점,상시,성인 (개인 방문 적합),"서울특별시 서대문구 통일로 199 3층 | 좌표:1269612083,375709692",장소 문의 (전화/홈페이지 참조),서울 서대문구에 위치한 요가원 관련 장소 [요가윤나다 독립문점] (스포츠시설>요가원). 전화: 정보없음,https://blog.naver.com/yogayunnada,single:0.8;couple:0.4;family:0.3;스포츠시설>요가원;요가원,2026-08-23 19:43:15,healing:1.0;quiet:0.8;solo:0.9,2,70
네이버 지역검색 API | 서울 서대문구,조용한 힐링,빅블루 요가,상시,성인 (개인 방문 적합),"서울특별시 서대문구 연희로15길 31 지층 | 좌표:1269302433,375688084",장소 문의 (전화/홈페이지 참조),서울 서대문구에 위치한 요가원 관련 장소 [빅블루 요가] (스포츠시설>요가원). 전화: 정보없음,https://www.instagram.com/bigblue.yoga/,single:0.8;couple:0.4;family:0.3;스포츠시설>요가원;요가원,2026-08-23 19:43:15,healing:1.0;quiet:0.8;solo:0.9,2,70
네이버 지역검색 API | 서울 서대문구,조용한 힐링,숨명상센터,상시,성인 (개인 방문 적합),"서울특별시 서대문구 연희로26길 48 2층 | 좌표:1269380733,375720958",장소 문의 (전화/홈페이지 참조),"서울 서대문구에 위치한 명상센터 관련 장소 [숨명상센터] (스포츠,레크레이션교육>요가,명상). 전화: 정보없음",http://www.thesoum.com/,"single:0.85;couple:0.4;family:0.3;스포츠,레크레이션교육>요가,명상;명상센터",2026-08-23 19:43:15,healing:1.0;quiet:1.0;solo:1.0,2,70
네이버 지역검색 API | 서울 서대문구,조용한 힐링,오스모브,상시,성인 (개인 방문 적합),"서울특별시 서대문구 연희로25길 66 3층 | 좌표:1269328313,375707753",장소 문의 (전화/홈페이지 참조),"서울 서대문구에 위치한 명상센터 관련 장소 [오스모브] (서비스,산업>장소대여). 전화: 정보없음",http://pf.kakao.com/_Mhsyn,"single:0.85;couple:0.4;family:0.3;서비스,산업>장소대여;명상센터",2026-08-23 19:43:15,healing:1.0;quiet:1.0;solo:1.0,2,70
네이버 지역검색 API | 서울 서대문구,조용한 힐링,브레인트레이닝센터 홍제명상점,상시,성인 (개인 방문 적합),"서울특별시 서대문구 통일로 440 4층 브레인트레이닝센터 | 좌표:1269451053,375883605",장소 문의 (전화/홈페이지 참조),"서울 서대문구에 위치한 명상센터 관련 장소 [브레인트레이닝센터 홍제명상점] (스포츠,레크레이션교육>요가,명상). 전화: 정보없음",https://blog.naver.com/fellow380,"single:0.85;couple:0.4;family:0.3;스포츠,레크레이션교육>요가,명상;명상센터",2026-08-23 19:43:15,healing:1.0;quiet:1.0;solo:1.0,2,70
네이버 지역검색 API | 서울 서대문구,조용한 힐링,자연치유센터,상시,성인 (개인 방문 적합),"서울특별시 서대문구 수색로 102 활명한방병원 3,4층 | 좌표:1269083266,375728792",장소 문의 (전화/홈페이지 참조),"서울 서대문구에 위치한 명상센터 관련 장소 [자연치유센터] (스포츠,레크레이션교육>요가,명상). 전화: 정보없음",https://map.naver.com/v5/search/%EC%9E%90%EC%97%B0%EC%B9%98%EC%9C%A0%EC%84%BC%ED%84%B0,"single:0.85;couple:0.4;family:0.3;스포츠,레크레이션교육>요가,명상;명상센터",2026-08-23 19:43:15,healing:1.0;quiet:1.0;solo:1.0,2,70
네이버 지역검색 API | 서울 서대문구,조용한 힐링,비로자나국제선원,상시,성인 (개인 방문 적합),"서울특별시 서대문구 홍제내길 42 | 좌표:1269363628,375843573",장소 문의 (전화/홈페이지 참조),서울 서대문구에 위치한 명상센터 관련 장소 [비로자나국제선원] (종교>불교). 전화: 정보없음,http://www.cosmicbuddha.kr/,single:0.85;couple:0.4;family:0.3;종교>불교;명상센터,2026-08-23 19:43:15,healing:1.0;quiet:1.0;solo:1.0,2,70
네이버 지역검색 API | 서울 서대문구,역사·문화,덕수궁,상시,성인 (개인 방문 적합),"서울특별시 중구 세종대로 99 덕수궁 | 좌표:1269749148,375660945",장소 문의 (전화/홈페이지 참조),"서울 서대문구에 위치한 고궁 관련 장소 [덕수궁] (여행,명소>궁궐). 전화: 정보없음",https://royal.khs.go.kr/dsg,"single:0.75;couple:0.4;family:0.3;여행,명소>궁궐;고궁",2026-08-23 19:43:15,culture:1.0;history:1.0;outdoor:0.6,2,70
네이버 지역검색 API | 서울 서대문구,역사·문화,옥천암,상시,성인 (개인 방문 적합),"서울특별시 서대문구 홍지문길 1-38 옥천암 | 좌표:1269543475,375969645",장소 문의 (전화/홈페이지 참조),"서울 서대문구에 위치한 사찰 관련 장소 [옥천암] (불교>절,사찰). 전화: 정보없음",http://www.okcheonam.com/,"single:0.7;couple:0.4;family:0.3;불교>절,사찰;사찰",2026-08-23 19:43:15,culture:1.0;history:0.9;outdoor:0.7,2,70
네이버 지역검색 API | 서울 서대문구,역사·문화,봉원사,상시,성인 (개인 방문 적합),"서울특별시 서대문구 봉원동 산1 | 좌표:1269477866,375720004",장소 문의 (전화/홈페이지 참조),"서울 서대문구에 위치한 사찰 관련 장소 [봉원사] (불교>절,사찰). 전화: 정보없음",http://www.bongwonsa.or.kr/,"single:0.7;couple:0.4;family:0.3;불교>절,사찰;사찰",2026-08-23 19:43:15,culture:1.0;history:0.9;outdoor:0.7,2,70
네이버 지역검색 API | 서울 서대문구,역사·문화,백련사,상시,성인 (개인 방문 적합),"서울특별시 서대문구 백련사길 170-72 한국불교 태고종 백련사 | 좌표:1269272066,375864223",장소 문의 (전화/홈페이지 참조),"서울 서대문구에 위치한 사찰 관련 장소 [백련사] (불교>절,사찰). 전화: 정보없음",https://paengryontemple.or.kr/,"single:0.7;couple:0.4;family:0.3;불교>절,사찰;사찰",2026-08-23 19:43:15,culture:1.0;history:0.9;outdoor:0.7,2,70
네이버 지역검색 API | 서울 서대문구,역사·문화,성룡사,상시,성인 (개인 방문 적합),"서울특별시 서대문구 신촌로7길 30 | 좌표:1269323001,375581523",장소 문의 (전화/홈페이지 참조),"서울 서대문구에 위치한 사찰 관련 장소 [성룡사] (불교>절,사찰). 전화: 정보없음",https://www.instagram.com/sinchonhaetal?igsh=dnRqdWZuZ3M2MHQ5,"single:0.7;couple:0.4;family:0.3;불교>절,사찰;사찰",2026-08-23 19:43:15,culture:1.0;history:0.9;outdoor:0.7,2,70
네이버 지역검색 API | 서울 서대문구,역사·문화,대한불교조계종 석가사,상시,성인 (개인 방문 적합),"서울특별시 서대문구 연희로33가길 6-29 | 좌표:1269336797,375771694",장소 문의 (전화/홈페이지 참조),"서울 서대문구에 위치한 사찰 관련 장소 [대한불교조계종 석가사] (불교>절,사찰). 전화: 정보없음",https://map.naver.com/v5/search/%EB%8C%80%ED%95%9C%EB%B6%88%EA%B5%90%EC%A1%B0%EA%B3%84%EC%A2%85%20%EC%84%9D%EA%B0%80%EC%82%AC,"single:0.7;couple:0.4;family:0.3;불교>절,사찰;사찰",2026-08-23 19:43:15,culture:1.0;history:0.9;outdoor:0.7,2,70
네이버 지역검색 API | 서울 서대문구,자연·공원,북한산둘레길7구간(옛성길),상시,성인 (개인 방문 적합),"서울특별시 서대문구 홍은동 산1-1 | 좌표:1269469499,376076416",장소 문의 (전화/홈페이지 참조),"서울 서대문구에 위치한 둘레길 관련 장소 [북한산둘레길7구간(옛성길)] (여행,명소>도보코스). 전화: 정보없음",https://map.naver.com/v5/search/%EB%B6%81%ED%95%9C%EC%82%B0%EB%91%98%EB%A0%88%EA%B8%B87%EA%B5%AC%EA%B0%84%28%EC%98%9B%EC%84%B1%EA%B8%B8%29,"single:0.8;couple:0.4;family:0.3;여행,명소>도보코스;둘레길",2026-08-23 19:43:15,nature:1.0;outdoor:1.0;walk:1.0,2,70
네이버 지역검색 API | 서울 서대문구,자연·공원,서울둘레길인증스탬프(증산체육공원),상시,성인 (개인 방문 적합),"서울특별시 은평구 증산동 | 좌표:1269026618,375851513",장소 문의 (전화/홈페이지 참조),"서울 서대문구에 위치한 둘레길 관련 장소 [서울둘레길인증스탬프(증산체육공원)] (여행,명소>거리,골목). 전화: 정보없음",https://map.naver.com/v5/search/%EC%84%9C%EC%9A%B8%EB%91%98%EB%A0%88%EA%B8%B8%EC%9D%B8%EC%A6%9D%EC%8A%A4%ED%83%AC%ED%94%84%28%EC%A6%9D%EC%82%B0%EC%B2%B4%EC%9C%A1%EA%B3%B5%EC%9B%90%29,"single:0.8;couple:0.4;family:0.3;여행,명소>거리,골목;둘레길",2026-08-23 19:43:15,nature:1.0;outdoor:1.0;walk:1.0,2,70
네이버 지역검색 API | 서울 서대문구,자연·공원,서울둘레길16코스(봉산앵봉산),상시,성인 (개인 방문 적합),"서울특별시 은평구 갈현로15길 27-1 은평의 마을 | 좌표:1269016993,376104268",장소 문의 (전화/홈페이지 참조),"서울 서대문구에 위치한 둘레길 관련 장소 [서울둘레길16코스(봉산앵봉산)] (여행,명소>도보코스). 전화: 정보없음",https://map.naver.com/v5/search/%EC%84%9C%EC%9A%B8%EB%91%98%EB%A0%88%EA%B8%B816%EC%BD%94%EC%8A%A4%28%EB%B4%89%EC%82%B0%EC%95%B5%EB%B4%89%EC%82%B0%29,"single:0.8;couple:0.4;family:0.3;여행,명소>도보코스;둘레길",2026-08-23 19:43:15,nature:1.0;outdoor:1.0;walk:1.0,2,70
네이버 지역검색 API | 서울 서대문구,자연·공원,사계절정원,상시,성인 (개인 방문 적합),"서울특별시 서대문구 | 좌표:1269192029,375705361",장소 문의 (전화/홈페이지 참조),"서울 서대문구에 위치한 수목원 관련 장소 [사계절정원] (여행,명소>식물원,수목원). 전화: 정보없음",https://map.naver.com/v5/search/%EC%82%AC%EA%B3%84%EC%A0%88%EC%A0%95%EC%9B%90,"single:0.75;couple:0.4;family:0.3;여행,명소>식물원,수목원;수목원",2026-08-23 19:43:15,nature:1.0;outdoor:1.0;walk:0.8,2,70
네이버 지역검색 API | 서울 은평구,독립서점,책방시나브로,상시,성인 (개인 방문 적합),"서울특별시 은평구 응암로25길 11-1 1층 책방시나브로 (BOOKSHOP) | 좌표:1269170032,375952630",장소 문의 (전화/홈페이지 참조),서울 은평구에 위치한 독립서점 관련 장소 [책방시나브로] (서점>독립서점). 전화: 정보없음,http://smartstore.naver.com/littlebylittlebooks,single:0.95;couple:0.4;family:0.3;서점>독립서점;독립서점,2026-08-23 19:43:15,bookstore:1.0;quiet:1.0;indoor:1.0,2,70
네이버 지역검색 API | 서울 은평구,독립서점,은둔책방,상시,성인 (개인 방문 적합),"서울특별시 은평구 은평로3길 20-3 1층 | 좌표:1269154160,376007813",장소 문의 (전화/홈페이지 참조),서울 은평구에 위치한 독립서점 관련 장소 [은둔책방] (서점>독립서점). 전화: 정보없음,https://youtube.com/@EundunBookstore,single:0.95;couple:0.4;family:0.3;서점>독립서점;독립서점,2026-08-23 19:43:15,bookstore:1.0;quiet:1.0;indoor:1.0,2,70
네이버 지역검색 API | 서울 은평구,독립서점,읽는공간 사색서재,상시,성인 (개인 방문 적합),"서울특별시 은평구 연서로4길 12 2층 읽는공간 사색서재 | 좌표:1269173437,376024824",장소 문의 (전화/홈페이지 참조),서울 은평구에 위치한 독립서점 관련 장소 [읽는공간 사색서재] (서점>독립서점). 전화: 정보없음,https://linktr.ee/sasaekbooks,single:0.95;couple:0.4;family:0.3;서점>독립서점;독립서점,2026-08-23 19:43:15,bookstore:1.0;quiet:1.0;indoor:1.0,2,70
네이버 지역검색 API | 서울 은평구,독립서점,더누크,상시,성인 (개인 방문 적합),"서울특별시 은평구 녹번로 46 1층 더누크 | 좌표:1269298269,376055413",장소 문의 (전화/홈페이지 참조),서울 은평구에 위치한 독립서점 관련 장소 [더누크] (서점>독립서점). 전화: 정보없음,https://www.instagram.com/thenook.books,single:0.95;couple:0.4;family:0.3;서점>독립서점;독립서점,2026-08-23 19:43:15,bookstore:1.0;quiet:1.0;indoor:1.0,2,70
네이버 지역검색 API | 서울 은평구,독립서점,섬타임즈,상시,성인 (개인 방문 적합),"서울특별시 은평구 연서로 455 상가비 536동 제지하1층 107호 | 좌표:1269330467,376366144",장소 문의 (전화/홈페이지 참조),서울 은평구에 위치한 독립서점 관련 장소 [섬타임즈] (서점>독립서점). 전화: 정보없음,https://www.instagram.com/sometimes_jeju,single:0.95;couple:0.4;family:0.3;서점>독립서점;독립서점,2026-08-23 19:43:15,bookstore:1.0;quiet:1.0;indoor:1.0,2,70
네이버 지역검색 API | 서울 은평구,독립서점,알키미스타,상시,성인 (개인 방문 적합),"서울특별시 은평구 응암로9길 24 1층 | 좌표:1269138613,375878363",장소 문의 (전화/홈페이지 참조),"서울 은평구에 위치한 북카페 관련 장소 [알키미스타] (음식점>카페,디저트). 전화: 정보없음",https://blog.naver.com/alquimistar,"single:0.85;couple:0.4;family:0.3;음식점>카페,디저트;북카페",2026-08-23 19:43:15,bookstore:0.8;quiet:0.9;indoor:1.0,2,70
네이버 지역검색 API | 서울 은평구,독립서점,불광문고 수련점,상시,성인 (개인 방문 적합),"서울특별시 은평구 연서로 71 2층 | 좌표:1269151672,376054730",장소 문의 (전화/홈페이지 참조),"서울 은평구에 위치한 북카페 관련 장소 [불광문고 수련점] (쇼핑,유통>서점). 전화: 정보없음",https://www.facebook.com/bkbook1996,"single:0.85;couple:0.4;family:0.3;쇼핑,유통>서점;북카페",2026-08-23 19:43:15,bookstore:0.8;quiet:0.9;indoor:1.0,2,70
네이버 지역검색 API | 서울 은평구,독립서점,갈림길 서재,상시,성인 (개인 방문 적합),"서울특별시 은평구 증산로19길 8-3 1층 | 좌표:1269134854,375948769",장소 문의 (전화/홈페이지 참조),"서울 은평구에 위치한 북카페 관련 장소 [갈림길 서재] (카페,디저트>북카페). 전화: 정보없음",https://www.instagram.com/fork_library/,"single:0.85;couple:0.4;family:0.3;카페,디저트>북카페;북카페",2026-08-23 19:43:15,bookstore:0.8;quiet:0.9;indoor:1.0,2,70
네이버 지역검색 API | 서울 은평구,독립서점,물푸레북카페,상시,성인 (개인 방문 적합),"서울특별시 은평구 진관4로 48-51 은평뉴타운상림마을 742동 1층 | 좌표:1269298651,376436129",장소 문의 (전화/홈페이지 참조),"서울 은평구에 위치한 북카페 관련 장소 [물푸레북카페] (카페,디저트>북카페). 전화: 정보없음",https://www.instagram.com/bookcafemulpure/,"single:0.85;couple:0.4;family:0.3;카페,디저트>북카페;북카페",2026-08-23 19:43:15,bookstore:0.8;quiet:0.9;indoor:1.0,2,70
네이버 지역검색 API | 서울 은평구,독립서점,카페옴니버스,상시,성인 (개인 방문 적합),"서울특별시 은평구 진관3로 77 | 좌표:1269194210,376431008",장소 문의 (전화/홈페이지 참조),"서울 은평구에 위치한 북카페 관련 장소 [카페옴니버스] (음식점>카페,디저트). 전화: 정보없음",https://www.instagram.com/ep.booktown,"single:0.85;couple:0.4;family:0.3;음식점>카페,디저트;북카페",2026-08-23 19:43:15,bookstore:0.8;quiet:0.9;indoor:1.0,2,70
네이버 지역검색 API | 서울 은평구,조용한 힐링,노블 24시 스터디카페,상시,성인 (개인 방문 적합),"서울특별시 은평구 통일로 908 2층 | 좌표:1269202439,376241245",장소 문의 (전화/홈페이지 참조),"서울 은평구에 위치한 스터디카페 관련 장소 [노블 24시 스터디카페] (서비스,산업>장소대여). 전화: 정보없음",https://map.naver.com/v5/search/%EB%85%B8%EB%B8%94%2024%EC%8B%9C%20%EC%8A%A4%ED%84%B0%EB%94%94%EC%B9%B4%ED%8E%98,"single:0.9;couple:0.4;family:0.3;서비스,산업>장소대여;스터디카페",2026-08-23 19:43:15,healing:0.7;quiet:1.0;solo:1.0,2,70
네이버 지역검색 API | 서울 은평구,조용한 힐링,에피소드스터디카페,상시,성인 (개인 방문 적합),"서울특별시 은평구 연서로 195 2층 | 좌표:1269184727,376163934",장소 문의 (전화/홈페이지 참조),"서울 은평구에 위치한 스터디카페 관련 장소 [에피소드스터디카페] (서비스,산업>장소대여). 전화: 정보없음",https://www.instagram.com/ep.studycafe,"single:0.9;couple:0.4;family:0.3;서비스,산업>장소대여;스터디카페",2026-08-23 19:43:15,healing:0.7;quiet:1.0;solo:1.0,2,70
네이버 지역검색 API | 서울 은평구,조용한 힐링,르하임스터디카페 구파발역점,상시,성인 (개인 방문 적합),"서울특별시 은평구 진관2로 29-21 드림스퀘어 7층 | 좌표:1269193345,376357377",장소 문의 (전화/홈페이지 참조),"서울 은평구에 위치한 스터디카페 관련 장소 [르하임스터디카페 구파발역점] (서비스,산업>장소대여). 전화: 정보없음",https://blog.naver.com/kimgw8001,"single:0.9;couple:0.4;family:0.3;서비스,산업>장소대여;스터디카페",2026-08-23 19:43:15,healing:0.7;quiet:1.0;solo:1.0,2,70
네이버 지역검색 API | 서울 은평구,조용한 힐링,시스 스터디카페 서대문은평센터,상시,성인 (개인 방문 적합),"서울특별시 은평구 가좌로 179 4층 | 좌표:1269205950,375870296",장소 문의 (전화/홈페이지 참조),서울 은평구에 위치한 스터디카페 관련 장소 [시스 스터디카페 서대문은평센터] (스터디카페). 전화: 정보없음,https://s.solo.pickko.net/CJPkUiZFGJewlWawjkqCe,single:0.9;couple:0.4;family:0.3;스터디카페;스터디카페,2026-08-23 19:43:15,healing:0.7;quiet:1.0;solo:1.0,2,70
네이버 지역검색 API | 서울 은평구,조용한 힐링,미라클 스터디카페 은평진관센터,상시,성인 (개인 방문 적합),"서울특별시 은평구 진관3로 11 101동 208호 | 좌표:1269182748,376394039",장소 문의 (전화/홈페이지 참조),"서울 은평구에 위치한 스터디카페 관련 장소 [미라클 스터디카페 은평진관센터] (서비스,산업>장소대여). 전화: 정보없음",http://pf.kakao.com/_lxoaxfG,"single:0.9;couple:0.4;family:0.3;서비스,산업>장소대여;스터디카페",2026-08-23 19:43:15,healing:0.7;quiet:1.0;solo:1.0,2,70
네이버 지역검색 API | 서울 은평구,조용한 힐링,요가스테이 은평구파발점,상시,성인 (개인 방문 적합),"서울특별시 은평구 통일로 1034 2층 217호 | 좌표:1269180011,376350853",장소 문의 (전화/홈페이지 참조),서울 은평구에 위치한 요가원 관련 장소 [요가스테이 은평구파발점] (스포츠시설>요가원). 전화: 정보없음,https://youtube.com/@yogastay_suji,single:0.8;couple:0.4;family:0.3;스포츠시설>요가원;요가원,2026-08-23 19:43:15,healing:1.0;quiet:0.8;solo:0.9,2,70
네이버 지역검색 API | 서울 은평구,조용한 힐링,에어리얼플로우요가,상시,성인 (개인 방문 적합),"서울특별시 은평구 증산로 235 골드스퀘어 2층 | 좌표:1269047309,375796122",장소 문의 (전화/홈페이지 참조),서울 은평구에 위치한 요가원 관련 장소 [에어리얼플로우요가] (스포츠시설>요가원). 전화: 정보없음,https://blog.naver.com/jazz3112,single:0.8;couple:0.4;family:0.3;스포츠시설>요가원;요가원,2026-08-23 19:43:15,healing:1.0;quiet:0.8;solo:0.9,2,70
네이버 지역검색 API | 서울 은평구,조용한 힐링,지옴요가,상시,성인 (개인 방문 적합),"서울특별시 은평구 응암로 264 서울빌딩 6층 | 좌표:1269188925,375953086",장소 문의 (전화/홈페이지 참조),서울 은평구에 위치한 요가원 관련 장소 [지옴요가] (스포츠시설>요가원). 전화: 정보없음,https://blog.naver.com/ziomyoga,single:0.8;couple:0.4;family:0.3;스포츠시설>요가원;요가원,2026-08-23 19:43:15,healing:1.0;quiet:0.8;solo:0.9,2,70
네이버 지역검색 API | 서울 은평구,조용한 힐링,아메리카요가 연신내점,상시,성인 (개인 방문 적합),"서울특별시 은평구 연서로 201 3층 | 좌표:1269186999,376167850",장소 문의 (전화/홈페이지 참조),서울 은평구에 위치한 요가원 관련 장소 [아메리카요가 연신내점] (스포츠시설>요가원). 전화: 정보없음,https://blog.naver.com/kmeglove98,single:0.8;couple:0.4;family:0.3;스포츠시설>요가원;요가원,2026-08-23 19:43:15,healing:1.0;quiet:0.8;solo:0.9,2,70
네이버 지역검색 API | 서울 은평구,조용한 힐링,아라마요가,상시,성인 (개인 방문 적합),"서울특별시 은평구 응암로 190 3층 | 좌표:1269171658,375888176",장소 문의 (전화/홈페이지 참조),서울 은평구에 위치한 요가원 관련 장소 [아라마요가] (스포츠시설>요가원). 전화: 정보없음,https://blog.naver.com/aramayoga,single:0.8;couple:0.4;family:0.3;스포츠시설>요가원;요가원,2026-08-23 19:43:15,healing:1.0;quiet:0.8;solo:0.9,2,70
네이버 지역검색 API | 서울 은평구,조용한 힐링,수경명상센터,상시,성인 (개인 방문 적합),"서울특별시 은평구 연서로34길 5 지하1층 | 좌표:1269270395,376214189",장소 문의 (전화/홈페이지 참조),"서울 은평구에 위치한 명상센터 관련 장소 [수경명상센터] (스포츠,레크레이션교육>요가,명상). 전화: 정보없음",https://map.naver.com/v5/search/%EC%88%98%EA%B2%BD%EB%AA%85%EC%83%81%EC%84%BC%ED%84%B0,"single:0.85;couple:0.4;family:0.3;스포츠,레크레이션교육>요가,명상;명상센터",2026-08-23 19:43:15,healing:1.0;quiet:1.0;solo:1.0,2,70
네이버 지역검색 API | 서울 은평구,조용한 힐링,마음수련 명상센터 은평점,상시,성인 (개인 방문 적합),"서울특별시 은평구 진흥로 27 하늘애1차아파트 상가 202호 | 좌표:1269184467,376005340",장소 문의 (전화/홈페이지 참조),"서울 은평구에 위치한 명상센터 관련 장소 [마음수련 명상센터 은평점] (스포츠,레크레이션교육>요가,명상). 전화: 정보없음",http://trueselfclass.com/,"single:0.85;couple:0.4;family:0.3;스포츠,레크레이션교육>요가,명상;명상센터",2026-08-23 19:43:15,healing:1.0;quiet:1.0;solo:1.0,2,70
네이버 지역검색 API | 서울 은평구,조용한 힐링,한국크리슈나무르티센터,상시,성인 (개인 방문 적합),"서울특별시 은평구 통일로 728 2층 | 좌표:1269301915,376105799",장소 문의 (전화/홈페이지 참조),"서울 은평구에 위치한 명상센터 관련 장소 [한국크리슈나무르티센터] (교육,학문>교육원,교육센터). 전화: 정보없음",https://krishnamurti.kr,"single:0.85;couple:0.4;family:0.3;교육,학문>교육원,교육센터;명상센터",2026-08-23 19:43:15,healing:1.0;quiet:1.0;solo:1.0,2,70
네이버 지역검색 API | 서울 은평구,조용한 힐링,브레인트레이닝센터 연신내명상,상시,성인 (개인 방문 적합),"서울특별시 은평구 통일로 874 연신빌딩 7층 | 좌표:1269203503,376210357",장소 문의 (전화/홈페이지 참조),"서울 은평구에 위치한 명상센터 관련 장소 [브레인트레이닝센터 연신내명상] (스포츠,레크레이션교육>요가,명상). 전화: 정보없음",https://map.naver.com/v5/search/%EB%B8%8C%EB%A0%88%EC%9D%B8%ED%8A%B8%EB%A0%88%EC%9D%B4%EB%8B%9D%EC%84%BC%ED%84%B0%20%EC%97%B0%EC%8B%A0%EB%82%B4%EB%AA%85%EC%83%81,"single:0.85;couple:0.4;family:0.3;스포츠,레크레이션교육>요가,명상;명상센터",2026-08-23 19:43:15,healing:1.0;quiet:1.0;solo:1.0,2,70
네이버 지역검색 API | 서울 은평구,조용한 힐링,선무도선요가명상강서치유센타,상시,성인 (개인 방문 적합),"서울특별시 은평구 서오릉로2길 11 | 좌표:1269280418,376024087",장소 문의 (전화/홈페이지 참조),서울 은평구에 위치한 명상센터 관련 장소 [선무도선요가명상강서치유센타] (스포츠시설>요가원). 전화: 정보없음,https://map.naver.com/v5/search/%EC%84%A0%EB%AC%B4%EB%8F%84%EC%84%A0%EC%9A%94%EA%B0%80%EB%AA%85%EC%83%81%EA%B0%95%EC%84%9C%EC%B9%98%EC%9C%A0%EC%84%BC%ED%83%80,single:0.85;couple:0.4;family:0.3;스포츠시설>요가원;명상센터,2026-08-23 19:43:15,healing:1.0;quiet:1.0;solo:1.0,2,70
네이버 지역검색 API | 서울 은평구,역사·문화,진관사,상시,성인 (개인 방문 적합),"서울특별시 은평구 진관길 73 진관사 | 좌표:1269466776,376379923",장소 문의 (전화/홈페이지 참조),"서울 은평구에 위치한 사찰 관련 장소 [진관사] (불교>절,사찰). 전화: 정보없음",http://www.jinkwansa.org/,"single:0.7;couple:0.4;family:0.3;불교>절,사찰;사찰",2026-08-23 19:43:15,culture:1.0;history:0.9;outdoor:0.7,2,70
네이버 지역검색 API | 서울 은평구,역사·문화,수국사,상시,성인 (개인 방문 적합),"서울특별시 은평구 서오릉로23길 8-5 1층 | 좌표:1269054146,376158033",장소 문의 (전화/홈페이지 참조),"서울 은평구에 위치한 사찰 관련 장소 [수국사] (불교>절,사찰). 전화: 정보없음",http://수국사.org,"single:0.7;couple:0.4;family:0.3;불교>절,사찰;사찰",2026-08-23 19:43:15,culture:1.0;history:0.9;outdoor:0.7,2,70
네이버 지역검색 API | 서울 은평구,역사·문화,삼천사,상시,성인 (개인 방문 적합),"서울특별시 은평구 연서로54길 127 | 좌표:1269525093,376422683",장소 문의 (전화/홈페이지 참조),"서울 은평구에 위치한 사찰 관련 장소 [삼천사] (불교>절,사찰). 전화: 정보없음",http://www.3004.or.kr/,"single:0.7;couple:0.4;family:0.3;불교>절,사찰;사찰",2026-08-23 19:43:15,culture:1.0;history:0.9;outdoor:0.7,2,70
네이버 지역검색 API | 서울 은평구,역사·문화,백화사,상시,성인 (개인 방문 적합),"서울특별시 은평구 의상봉길 70-7 | 좌표:1269451348,376505175",장소 문의 (전화/홈페이지 참조),"서울 은평구에 위치한 사찰 관련 장소 [백화사] (불교>절,사찰). 전화: 정보없음",https://map.naver.com/v5/search/%EB%B0%B1%ED%99%94%EC%82%AC,"single:0.7;couple:0.4;family:0.3;불교>절,사찰;사찰",2026-08-23 19:43:15,culture:1.0;history:0.9;outdoor:0.7,2,70
네이버 지역검색 API | 서울 은평구,역사·문화,불광사,상시,성인 (개인 방문 적합),"서울특별시 은평구 불광로18길 49 | 좌표:1269364475,376233488",장소 문의 (전화/홈페이지 참조),"서울 은평구에 위치한 사찰 관련 장소 [불광사] (불교>절,사찰). 전화: 정보없음",https://map.naver.com/v5/search/%EB%B6%88%EA%B4%91%EC%82%AC,"single:0.7;couple:0.4;family:0.3;불교>절,사찰;사찰",2026-08-23 19:43:15,culture:1.0;history:0.9;outdoor:0.7,2,70
네이버 지역검색 API | 서울 은평구,자연·공원,카페 309,상시,성인 (개인 방문 적합),"서울특별시 은평구 의상봉길 56-16 의상빌딩 1~3층 | 좌표:1269438822,376516947",장소 문의 (전화/홈페이지 참조),"서울 은평구에 위치한 둘레길 관련 장소 [카페 309] (음식점>카페,디저트). 전화: 정보없음",https://www.instagram.com/309cafe/,"single:0.8;couple:0.4;family:0.3;음식점>카페,디저트;둘레길",2026-08-23 19:43:15,nature:1.0;outdoor:1.0;walk:1.0,2,70
네이버 지역검색 API | 서울 은평구,자연·공원,둘렛길맛집,상시,성인 (개인 방문 적합),"서울특별시 은평구 불광로18가길 49 세자매 둘레길 식당 | 좌표:1269336678,376260357",장소 문의 (전화/홈페이지 참조),서울 은평구에 위치한 둘레길 관련 장소 [둘렛길맛집] (음식점>한식). 전화: 정보없음,https://map.naver.com/v5/search/%EB%91%98%EB%A0%9B%EA%B8%B8%EB%A7%9B%EC%A7%91,single:0.8;couple:0.4;family:0.3;음식점>한식;둘레길,2026-08-23 19:43:15,nature:1.0;outdoor:1.0;walk:1.0,2,70
네이버 지역검색 API | 서울 은평구,자연·공원,서울둘레길17코스(북한산은평),상시,성인 (개인 방문 적합),"서울특별시 은평구 불광동 산7-1 | 좌표:1269329138,376242916",장소 문의 (전화/홈페이지 참조),"서울 은평구에 위치한 둘레길 관련 장소 [서울둘레길17코스(북한산은평)] (여행,명소>도보코스). 전화: 정보없음",https://map.naver.com/v5/search/%EC%84%9C%EC%9A%B8%EB%91%98%EB%A0%88%EA%B8%B817%EC%BD%94%EC%8A%A4%28%EB%B6%81%ED%95%9C%EC%82%B0%EC%9D%80%ED%8F%89%29,"single:0.8;couple:0.4;family:0.3;여행,명소>도보코스;둘레길",2026-08-23 19:43:15,nature:1.0;outdoor:1.0;walk:1.0,2,70
네이버 지역검색 API | 서울 은평구,자연·공원,북한산둘레길9구간(마실길),상시,성인 (개인 방문 적합),"서울특별시 은평구 진관동 132-28 | 좌표:1269407129,376429364",장소 문의 (전화/홈페이지 참조),"서울 은평구에 위치한 둘레길 관련 장소 [북한산둘레길9구간(마실길)] (여행,명소>도보코스). 전화: 정보없음",https://map.naver.com/v5/search/%EB%B6%81%ED%95%9C%EC%82%B0%EB%91%98%EB%A0%88%EA%B8%B89%EA%B5%AC%EA%B0%84%28%EB%A7%88%EC%8B%A4%EA%B8%B8%29,"single:0.8;couple:0.4;family:0.3;여행,명소>도보코스;둘레길",2026-08-23 19:43:15,nature:1.0;outdoor:1.0;walk:1.0,2,70
네이버 지역검색 API | 서울 은평구,자연·공원,호랭이 커피 불광점,상시,성인 (개인 방문 적합),"서울특별시 은평구 불광로 177 호랭이커피 | 좌표:1269311082,376224002",장소 문의 (전화/홈페이지 참조),"서울 은평구에 위치한 둘레길 관련 장소 [호랭이 커피 불광점] (음식점>카페,디저트). 전화: 정보없음",https://www.instagram.com/horaengi_coffee,"single:0.8;couple:0.4;family:0.3;음식점>카페,디저트;둘레길",2026-08-23 19:43:15,nature:1.0;outdoor:1.0;walk:1.0,2,70
네이버 지역검색 API | 서울 은평구,자연·공원,뿌리깊은수목원,상시,성인 (개인 방문 적합),"서울특별시 은평구 북한산로 332 | 좌표:1269455039,376570288",장소 문의 (전화/홈페이지 참조),"서울 은평구에 위치한 수목원 관련 장소 [뿌리깊은수목원] (쇼핑,유통>조경). 전화: 정보없음",http://seowoojnd.com/arboretum/,"single:0.75;couple:0.4;family:0.3;쇼핑,유통>조경;수목원",2026-08-23 19:43:15,nature:1.0;outdoor:1.0;walk:0.8,2,70
네이버 지역검색 API | 서울 은평구,자연·공원,뿌리깊은수목원입구,상시,성인 (개인 방문 적합),"서울특별시 은평구 진관동 | 좌표:1269440098,376577192",장소 문의 (전화/홈페이지 참조),서울 은평구에 위치한 수목원 관련 장소 [뿌리깊은수목원입구] (도로시설>방면정보). 전화: 정보없음,https://map.naver.com/v5/search/%EB%BF%8C%EB%A6%AC%EA%B9%8A%EC%9D%80%EC%88%98%EB%AA%A9%EC%9B%90%EC%9E%85%EA%B5%AC,single:0.75;couple:0.4;family:0.3;도로시설>방면정보;수목원,2026-08-23 19:43:15,nature:1.0;outdoor:1.0;walk:0.8,2,70
네이버 지역검색 API | 서울 은평구,자연·공원,월하수목원,상시,성인 (개인 방문 적합),"경기도 고양시 덕양구 통일로 33 | 좌표:1269104634,376447756",장소 문의 (전화/홈페이지 참조),"서울 은평구에 위치한 수목원 관련 장소 [월하수목원] (쇼핑,유통>원예,화훼농원). 전화: 정보없음",https://blog.naver.com/flowermom0918,"single:0.75;couple:0.4;family:0.3;쇼핑,유통>원예,화훼농원;수목원",2026-08-23 19:43:15,nature:1.0;outdoor:1.0;walk:0.8,2,70
네이버 지역검색 API | 서울 송파구,독립서점,무수책방,상시,성인 (개인 방문 적합),"서울특별시 송파구 백제고분로 197 지층 | 좌표:1270887840,375043859",장소 문의 (전화/홈페이지 참조),서울 송파구에 위치한 독립서점 관련 장소 [무수책방] (서점>독립서점). 전화: 정보없음,https://blog.naver.com/ggull2018,single:0.95;couple:0.4;family:0.3;서점>독립서점;독립서점,2026-08-23 19:43:15,bookstore:1.0;quiet:1.0;indoor:1.0,2,70
네이버 지역검색 API | 서울 송파구,독립서점,에밀앤폴,상시,성인 (개인 방문 적합),"서울특별시 송파구 올림픽로32길 22-23 2층 202호 | 좌표:1271083741,375134986",장소 문의 (전화/홈페이지 참조),서울 송파구에 위치한 독립서점 관련 장소 [에밀앤폴] (서점>독립서점). 전화: 정보없음,https://www.instagram.com/emile_and_paul/,single:0.95;couple:0.4;family:0.3;서점>독립서점;독립서점,2026-08-23 19:43:15,bookstore:1.0;quiet:1.0;indoor:1.0,2,70
네이버 지역검색 API | 서울 송파구,독립서점,북택트플러스,상시,성인 (개인 방문 적합),"서울특별시 송파구 오금로27길 53 3층 301호 | 좌표:1271208583,375104556",장소 문의 (전화/홈페이지 참조),서울 송파구에 위치한 독립서점 관련 장소 [북택트플러스] (서점>독립서점). 전화: 정보없음,https://blog.naver.com/noregret02,single:0.95;couple:0.4;family:0.3;서점>독립서점;독립서점,2026-08-23 19:43:15,bookstore:1.0;quiet:1.0;indoor:1.0,2,70
네이버 지역검색 API | 서울 송파구,독립서점,뜸book뜸book,상시,성인 (개인 방문 적합),"서울특별시 송파구 석촌호수로 118 | 좌표:1270900398,375074508",장소 문의 (전화/홈페이지 참조),서울 송파구에 위치한 독립서점 관련 장소 [뜸book뜸book] (서점>독립서점). 전화: 정보없음,https://map.naver.com/v5/search/%EB%9C%B8book%EB%9C%B8book,single:0.95;couple:0.4;family:0.3;서점>독립서점;독립서점,2026-08-23 19:43:15,bookstore:1.0;quiet:1.0;indoor:1.0,2,70
네이버 지역검색 API | 서울 송파구,독립서점,무엇보다 책방,상시,성인 (개인 방문 적합),"서울특별시 송파구 백제고분로45길 30 미석빌딩 305호 | 좌표:1271084759,375104801",장소 문의 (전화/홈페이지 참조),"서울 송파구에 위치한 독립서점 관련 장소 [무엇보다 책방] (쇼핑,유통>서점). 전화: 정보없음",https://blog.naver.com/musnmas,"single:0.95;couple:0.4;family:0.3;쇼핑,유통>서점;독립서점",2026-08-23 19:43:15,bookstore:1.0;quiet:1.0;indoor:1.0,2,70
네이버 지역검색 API | 서울 송파구,독립서점,사색서랍,상시,성인 (개인 방문 적합),"서울특별시 송파구 송파대로46길 12-1 4층 | 좌표:1271062718,375082633",장소 문의 (전화/홈페이지 참조),"서울 송파구에 위치한 북카페 관련 장소 [사색서랍] (카페,디저트>북카페). 전화: 정보없음",https://smartstore.naver.com/thinkingcabinet,"single:0.85;couple:0.4;family:0.3;카페,디저트>북카페;북카페",2026-08-23 19:43:15,bookstore:0.8;quiet:0.9;indoor:1.0,2,70
네이버 지역검색 API | 서울 송파구,독립서점,카페 마나랑,상시,성인 (개인 방문 적합),"서울특별시 송파구 송파대로49길 37 1층, 2층 | 좌표:1271005789,375063643",장소 문의 (전화/홈페이지 참조),"서울 송파구에 위치한 북카페 관련 장소 [카페 마나랑] (음식점>카페,디저트). 전화: 정보없음",https://map.naver.com/v5/search/%EC%B9%B4%ED%8E%98%20%EB%A7%88%EB%82%98%EB%9E%91,"single:0.85;couple:0.4;family:0.3;음식점>카페,디저트;북카페",2026-08-23 19:43:15,bookstore:0.8;quiet:0.9;indoor:1.0,2,70
네이버 지역검색 API | 서울 송파구,독립서점,하우스서울,상시,성인 (개인 방문 적합),"서울특별시 송파구 백제고분로9길 5 | 좌표:1270796243,375093451",장소 문의 (전화/홈페이지 참조),"서울 송파구에 위치한 북카페 관련 장소 [하우스서울] (카페,디저트>카페). 전화: 정보없음",https://blog.naver.com/hows_seoul,"single:0.85;couple:0.4;family:0.3;카페,디저트>카페;북카페",2026-08-23 19:43:15,bookstore:0.8;quiet:0.9;indoor:1.0,2,70
네이버 지역검색 API | 서울 송파구,독립서점,녹북 방이점,상시,성인 (개인 방문 적합),"서울특별시 송파구 오금로11길 10 한라빌딩 6층 603호 | 좌표:1271083091,375142462",장소 문의 (전화/홈페이지 참조),"서울 송파구에 위치한 북카페 관련 장소 [녹북 방이점] (카페,디저트>북카페). 전화: 정보없음",http://pf.kakao.com/_EmJHG,"single:0.85;couple:0.4;family:0.3;카페,디저트>북카페;북카페",2026-08-23 19:43:15,bookstore:0.8;quiet:0.9;indoor:1.0,2,70
네이버 지역검색 API | 서울 송파구,독립서점,놀숲 잠실새내점,상시,성인 (개인 방문 적합),"서울특별시 송파구 올림픽로12길 4 4층 | 좌표:1270827890,375112815",장소 문의 (전화/홈페이지 참조),"서울 송파구에 위치한 북카페 관련 장소 [놀숲 잠실새내점] (스포츠,오락>만화방). 전화: 정보없음",http://krbda.com/nolsoop,"single:0.85;couple:0.4;family:0.3;스포츠,오락>만화방;북카페",2026-08-23 19:43:15,bookstore:0.8;quiet:0.9;indoor:1.0,2,70
네이버 지역검색 API | 서울 송파구,조용한 힐링,피터스룸 코워킹카페 석촌,상시,성인 (개인 방문 적합),"서울특별시 송파구 백제고분로42길 4-17 3층 | 좌표:1271087117,375054220",장소 문의 (전화/홈페이지 참조),서울 송파구에 위치한 스터디카페 관련 장소 [피터스룸 코워킹카페 석촌] (스터디카페). 전화: 정보없음,https://www.instagram.com/peters__room?igsh=bjRveHhqNXl2M2Nw&utm_source=qr,single:0.9;couple:0.4;family:0.3;스터디카페;스터디카페,2026-08-23 19:43:15,healing:0.7;quiet:1.0;solo:1.0,2,70
네이버 지역검색 API | 서울 송파구,조용한 힐링,카공족 문정역 1호점,상시,성인 (개인 방문 적합),"서울특별시 송파구 문정로 9 201호 | 좌표:1271238182,374863676",장소 문의 (전화/홈페이지 참조),"서울 송파구에 위치한 스터디카페 관련 장소 [카공족 문정역 1호점] (카페,디저트>스터디카페). 전화: 정보없음",https://www.instagram.com/cagongzok_official/,"single:0.9;couple:0.4;family:0.3;카페,디저트>스터디카페;스터디카페",2026-08-23 19:43:15,healing:0.7;quiet:1.0;solo:1.0,2,70
네이버 지역검색 API | 서울 송파구,조용한 힐링,카공족 삼전역점,상시,성인 (개인 방문 적합),"서울특별시 송파구 백제고분로 210 3층 | 좌표:1270898735,375035663",장소 문의 (전화/홈페이지 참조),"서울 송파구에 위치한 스터디카페 관련 장소 [카공족 삼전역점] (카페,디저트>스터디카페). 전화: 정보없음",https://www.instagram.com/cagongzok_official,"single:0.9;couple:0.4;family:0.3;카페,디저트>스터디카페;스터디카페",2026-08-23 19:43:15,healing:0.7;quiet:1.0;solo:1.0,2,70
네이버 지역검색 API | 서울 송파구,조용한 힐링,디딤스터디카페 잠실점,상시,성인 (개인 방문 적합),"서울특별시 송파구 삼전로 85 지하1층 | 좌표:1270892892,375062278",장소 문의 (전화/홈페이지 참조),"서울 송파구에 위치한 스터디카페 관련 장소 [디딤스터디카페 잠실점] (카페,디저트>스터디카페). 전화: 정보없음",https://map.naver.com/v5/search/%EB%94%94%EB%94%A4%EC%8A%A4%ED%84%B0%EB%94%94%EC%B9%B4%ED%8E%98%20%EC%9E%A0%EC%8B%A4%EC%A0%90,"single:0.9;couple:0.4;family:0.3;카페,디저트>스터디카페;스터디카페",2026-08-23 19:43:15,healing:0.7;quiet:1.0;solo:1.0,2,70
네이버 지역검색 API | 서울 송파구,조용한 힐링,카공족 송파사거리점,상시,성인 (개인 방문 적합),"서울특별시 송파구 가락로 139 2층 | 좌표:1271111804,375024290",장소 문의 (전화/홈페이지 참조),"서울 송파구에 위치한 스터디카페 관련 장소 [카공족 송파사거리점] (카페,디저트>스터디카페). 전화: 정보없음",http://pf.kakao.com/_xoxdxjhX,"single:0.9;couple:0.4;family:0.3;카페,디저트>스터디카페;스터디카페",2026-08-23 19:43:15,healing:0.7;quiet:1.0;solo:1.0,2,70
네이버 지역검색 API | 서울 송파구,조용한 힐링,요가바이아터스,상시,성인 (개인 방문 적합),"서울특별시 송파구 송파대로 410 송연빌딩 2층 | 좌표:1271087166,375039911",장소 문의 (전화/홈페이지 참조),서울 송파구에 위치한 요가원 관련 장소 [요가바이아터스] (스포츠시설>요가원). 전화: 정보없음,http://www.instagram.com/yogabyotters,single:0.8;couple:0.4;family:0.3;스포츠시설>요가원;요가원,2026-08-23 19:43:15,healing:1.0;quiet:0.8;solo:0.9,2,70
네이버 지역검색 API | 서울 송파구,조용한 힐링,꾸요가 가락점,상시,성인 (개인 방문 적합),"서울특별시 송파구 중대로16길 19-10 3층 꾸 요가원 | 좌표:1271265080,374951956",장소 문의 (전화/홈페이지 참조),서울 송파구에 위치한 요가원 관련 장소 [꾸요가 가락점] (스포츠시설>요가원). 전화: 정보없음,https://blog.naver.com/jane91949,single:0.8;couple:0.4;family:0.3;스포츠시설>요가원;요가원,2026-08-23 19:43:15,healing:1.0;quiet:0.8;solo:0.9,2,70
네이버 지역검색 API | 서울 송파구,조용한 힐링,아리아요가 잠실점,상시,성인 (개인 방문 적합),"서울특별시 송파구 올림픽로35길 93 지하1층 121호 | 좌표:1271044332,375177325",장소 문의 (전화/홈페이지 참조),서울 송파구에 위치한 요가원 관련 장소 [아리아요가 잠실점] (스포츠시설>요가원). 전화: 정보없음,https://www.instagram.com/aria_jamsil?igsh=MWk2bTJ2aWp4ZXBq,single:0.8;couple:0.4;family:0.3;스포츠시설>요가원;요가원,2026-08-23 19:43:15,healing:1.0;quiet:0.8;solo:0.9,2,70
네이버 지역검색 API | 서울 송파구,조용한 힐링,슬로우벗베럴요가스튜디오,상시,성인 (개인 방문 적합),"서울특별시 송파구 올림픽로35길 104 장미전철상가 5층 슬로우벗베럴요가 | 좌표:1271037404,375202158",장소 문의 (전화/홈페이지 참조),서울 송파구에 위치한 요가원 관련 장소 [슬로우벗베럴요가스튜디오] (스포츠시설>요가원). 전화: 정보없음,https://www.instagram.com/slow.but.better.yoga,single:0.8;couple:0.4;family:0.3;스포츠시설>요가원;요가원,2026-08-23 19:43:15,healing:1.0;quiet:0.8;solo:0.9,2,70
네이버 지역검색 API | 서울 송파구,조용한 힐링,하타요가안 송파나루역점,상시,성인 (개인 방문 적합),"서울특별시 송파구 백제고분로 411 5층 요가안 | 좌표:1271102969,375079506",장소 문의 (전화/홈페이지 참조),서울 송파구에 위치한 요가원 관련 장소 [하타요가안 송파나루역점] (스포츠시설>요가원). 전화: 정보없음,https://www.instagram.com/hatha_yoga_an,single:0.8;couple:0.4;family:0.3;스포츠시설>요가원;요가원,2026-08-23 19:43:15,healing:1.0;quiet:0.8;solo:0.9,2,70
네이버 지역검색 API | 서울 송파구,조용한 힐링,마음수련 명상센터 석촌점,상시,성인 (개인 방문 적합),"서울특별시 송파구 송파대로 455 태종빌딩 202호 마음수련 | 좌표:1271051372,375070300",장소 문의 (전화/홈페이지 참조),"서울 송파구에 위치한 명상센터 관련 장소 [마음수련 명상센터 석촌점] (스포츠,레크레이션교육>요가,명상). 전화: 정보없음",https://trueselfclass.com/,"single:0.85;couple:0.4;family:0.3;스포츠,레크레이션교육>요가,명상;명상센터",2026-08-23 19:43:15,healing:1.0;quiet:1.0;solo:1.0,2,70
네이버 지역검색 API | 서울 송파구,조용한 힐링,마음수련 명상센터 오금역점,상시,성인 (개인 방문 적합),"서울특별시 송파구 중대로 200 태화빌딩 4층 | 좌표:1271266854,374996482",장소 문의 (전화/홈페이지 참조),"서울 송파구에 위치한 명상센터 관련 장소 [마음수련 명상센터 오금역점] (스포츠,레크레이션교육>요가,명상). 전화: 정보없음",https://trueselfclass.com/,"single:0.85;couple:0.4;family:0.3;스포츠,레크레이션교육>요가,명상;명상센터",2026-08-23 19:43:15,healing:1.0;quiet:1.0;solo:1.0,2,70
네이버 지역검색 API | 서울 송파구,조용한 힐링,이원힐링명상센터,상시,성인 (개인 방문 적합),"서울특별시 송파구 중대로 218 신광빌딩 7층 701호 | 좌표:1271276879,375010318",장소 문의 (전화/홈페이지 참조),"서울 송파구에 위치한 명상센터 관련 장소 [이원힐링명상센터] (스포츠,레크레이션교육>요가,명상). 전화: 정보없음",https://blog.naver.com/warpmeditation0101,"single:0.85;couple:0.4;family:0.3;스포츠,레크레이션교육>요가,명상;명상센터",2026-08-23 19:43:15,healing:1.0;quiet:1.0;solo:1.0,2,70
네이버 지역검색 API | 서울 송파구,조용한 힐링,브레인트레이닝센터 잠실점,상시,성인 (개인 방문 적합),"서울특별시 송파구 송파대로 410 송연빌딩 3층 | 좌표:1271087331,375039909",장소 문의 (전화/홈페이지 참조),"서울 송파구에 위치한 명상센터 관련 장소 [브레인트레이닝센터 잠실점] (스포츠,레크레이션교육>요가,명상). 전화: 정보없음",https://m.brain-training.co.kr,"single:0.85;couple:0.4;family:0.3;스포츠,레크레이션교육>요가,명상;명상센터",2026-08-23 19:43:15,healing:1.0;quiet:1.0;solo:1.0,2,70
네이버 지역검색 API | 서울 송파구,조용한 힐링,요가랩 잠실센터,상시,성인 (개인 방문 적합),"서울특별시 송파구 송파대로 562 웰리스타워 지하1층 | 좌표:1270993402,375152775",장소 문의 (전화/홈페이지 참조),서울 송파구에 위치한 명상센터 관련 장소 [요가랩 잠실센터] (스포츠시설>요가원). 전화: 정보없음,https://blog.naver.com/yogalab_jamsil,single:0.85;couple:0.4;family:0.3;스포츠시설>요가원;명상센터,2026-08-23 19:43:15,healing:1.0;quiet:1.0;solo:1.0,2,70
네이버 지역검색 API | 서울 송파구,역사·문화,고궁길라잡이 덕수궁 창덕궁 경복궁 창경궁 현장해설,상시,성인 (개인 방문 적합),"서울특별시 강동구 성안로 162 | 좌표:1271357074,375374146",장소 문의 (전화/홈페이지 참조),"서울 송파구에 위치한 고궁 관련 장소 [고궁길라잡이 덕수궁 창덕궁 경복궁 창경궁 현장해설] (교육,학문>교육원,교육센터). 전화: 정보없음",https://map.naver.com/v5/search/%EA%B3%A0%EA%B6%81%EA%B8%B8%EB%9D%BC%EC%9E%A1%EC%9D%B4%20%EB%8D%95%EC%88%98%EA%B6%81%20%EC%B0%BD%EB%8D%95%EA%B6%81%20%EA%B2%BD%EB%B3%B5%EA%B6%81%20%EC%B0%BD%EA%B2%BD%EA%B6%81%20%ED%98%84%EC%9E%A5%ED%95%B4%EC%84%A4,"single:0.75;couple:0.4;family:0.3;교육,학문>교육원,교육센터;고궁",2026-08-23 19:43:15,culture:1.0;history:1.0;outdoor:0.6,2,70
네이버 지역검색 API | 서울 송파구,역사·문화,법융사,상시,성인 (개인 방문 적합),"서울특별시 송파구 중대로40길 5 | 좌표:1271339579,375078126",장소 문의 (전화/홈페이지 참조),"서울 송파구에 위치한 사찰 관련 장소 [법융사] (불교>절,사찰). 전화: 정보없음",https://map.naver.com/v5/search/%EB%B2%95%EC%9C%B5%EC%82%AC,"single:0.7;couple:0.4;family:0.3;불교>절,사찰;사찰",2026-08-23 19:43:15,culture:1.0;history:0.9;outdoor:0.7,2,70
네이버 지역검색 API | 서울 송파구,역사·문화,중생사,상시,성인 (개인 방문 적합),"서울특별시 송파구 성내천로38길 5 | 좌표:1271536120,374976860",장소 문의 (전화/홈페이지 참조),"서울 송파구에 위치한 사찰 관련 장소 [중생사] (불교>절,사찰). 전화: 정보없음",https://map.naver.com/v5/search/%EC%A4%91%EC%83%9D%EC%82%AC,"single:0.7;couple:0.4;family:0.3;불교>절,사찰;사찰",2026-08-23 19:43:15,culture:1.0;history:0.9;outdoor:0.7,2,70
네이버 지역검색 API | 서울 송파구,역사·문화,장경사,상시,성인 (개인 방문 적합),"서울특별시 송파구 마천로21길 5 | 좌표:1271377653,375042047",장소 문의 (전화/홈페이지 참조),"서울 송파구에 위치한 사찰 관련 장소 [장경사] (불교>절,사찰). 전화: 정보없음",https://map.naver.com/v5/search/%EC%9E%A5%EA%B2%BD%EC%82%AC,"single:0.7;couple:0.4;family:0.3;불교>절,사찰;사찰",2026-08-23 19:43:15,culture:1.0;history:0.9;outdoor:0.7,2,70
네이버 지역검색 API | 서울 송파구,역사·문화,미륵암,상시,성인 (개인 방문 적합),"서울특별시 송파구 가락로11길 27-10 | 좌표:1271031361,375030294",장소 문의 (전화/홈페이지 참조),"서울 송파구에 위치한 사찰 관련 장소 [미륵암] (불교>절,사찰). 전화: 정보없음",https://map.naver.com/v5/search/%EB%AF%B8%EB%A5%B5%EC%95%94,"single:0.7;couple:0.4;family:0.3;불교>절,사찰;사찰",2026-08-23 19:43:15,culture:1.0;history:0.9;outdoor:0.7,2,70
네이버 지역검색 API | 서울 송파구,자연·공원,매머드익스프레스 송파둘레길본점,상시,성인 (개인 방문 적합),"서울특별시 송파구 삼전로2길 57 1층 | 좌표:1270906928,374993646",장소 문의 (전화/홈페이지 참조),"서울 송파구에 위치한 둘레길 관련 장소 [매머드익스프레스 송파둘레길본점] (카페,디저트>카페). 전화: 정보없음",https://map.naver.com/v5/search/%EB%A7%A4%EB%A8%B8%EB%93%9C%EC%9D%B5%EC%8A%A4%ED%94%84%EB%A0%88%EC%8A%A4%20%EC%86%A1%ED%8C%8C%EB%91%98%EB%A0%88%EA%B8%B8%EB%B3%B8%EC%A0%90,"single:0.8;couple:0.4;family:0.3;카페,디저트>카페;둘레길",2026-08-23 19:43:15,nature:1.0;outdoor:1.0;walk:1.0,2,70
네이버 지역검색 API | 서울 송파구,자연·공원,서울둘레길인증스탬프(방이동생태경관보전지역),상시,성인 (개인 방문 적합),"서울특별시 송파구 방이동 | 좌표:1271404550,375123259",장소 문의 (전화/홈페이지 참조),"서울 송파구에 위치한 둘레길 관련 장소 [서울둘레길인증스탬프(방이동생태경관보전지역)] (여행,명소>거리,골목). 전화: 정보없음",https://map.naver.com/v5/search/%EC%84%9C%EC%9A%B8%EB%91%98%EB%A0%88%EA%B8%B8%EC%9D%B8%EC%A6%9D%EC%8A%A4%ED%83%AC%ED%94%84%28%EB%B0%A9%EC%9D%B4%EB%8F%99%EC%83%9D%ED%83%9C%EA%B2%BD%EA%B4%80%EB%B3%B4%EC%A0%84%EC%A7%80%EC%97%AD%29,"single:0.8;couple:0.4;family:0.3;여행,명소>거리,골목;둘레길",2026-08-23 19:43:15,nature:1.0;outdoor:1.0;walk:1.0,2,70
네이버 지역검색 API | 서울 송파구,자연·공원,송파둘레길,상시,성인 (개인 방문 적합),"서울특별시 송파구 풍납동 422 | 좌표:1271058327,375245283",장소 문의 (전화/홈페이지 참조),"서울 송파구에 위치한 둘레길 관련 장소 [송파둘레길] (여행,명소>산책로). 전화: 정보없음",https://map.naver.com/v5/search/%EC%86%A1%ED%8C%8C%EB%91%98%EB%A0%88%EA%B8%B8,"single:0.8;couple:0.4;family:0.3;여행,명소>산책로;둘레길",2026-08-23 19:43:15,nature:1.0;outdoor:1.0;walk:1.0,2,70
네이버 지역검색 API | 서울 송파구,자연·공원,서울둘레길8코스(장지탄천),상시,성인 (개인 방문 적합),"서울특별시 송파구 장지동 851 | 좌표:1271355832,374877756",장소 문의 (전화/홈페이지 참조),"서울 송파구에 위치한 둘레길 관련 장소 [서울둘레길8코스(장지탄천)] (여행,명소>도보코스). 전화: 정보없음",https://map.naver.com/v5/search/%EC%84%9C%EC%9A%B8%EB%91%98%EB%A0%88%EA%B8%B88%EC%BD%94%EC%8A%A4%28%EC%9E%A5%EC%A7%80%ED%83%84%EC%B2%9C%29,"single:0.8;couple:0.4;family:0.3;여행,명소>도보코스;둘레길",2026-08-23 19:43:15,nature:1.0;outdoor:1.0;walk:1.0,2,70
네이버 지역검색 API | 서울 송파구,자연·공원,이마트24 송파성내천둘레길점,상시,성인 (개인 방문 적합),"서울특별시 송파구 성내천로23길 21 | 좌표:1271445219,375012337",장소 문의 (전화/홈페이지 참조),"서울 송파구에 위치한 둘레길 관련 장소 [이마트24 송파성내천둘레길점] (생활,편의>편의점). 전화: 정보없음",https://abr.ge/3uedxc,"single:0.8;couple:0.4;family:0.3;생활,편의>편의점;둘레길",2026-08-23 19:43:15,nature:1.0;outdoor:1.0;walk:1.0,2,70
네이버 지역검색 API | 서울 송파구,자연·공원,서울어린이대공원,상시,성인 (개인 방문 적합),"서울특별시 광진구 능동로 216 | 좌표:1270809212,375498986",장소 문의 (전화/홈페이지 참조),"서울 송파구에 위치한 수목원 관련 장소 [서울어린이대공원] (여행,명소>테마파크). 전화: 정보없음",https://www.instagram.com/seoul_children_grandpark/,"single:0.75;couple:0.4;family:0.3;여행,명소>테마파크;수목원",2026-08-23 19:43:15,nature:1.0;outdoor:1.0;walk:0.8,2,70
네이버 지역검색 API | 서울 송파구,자연·공원,서울어린이대공원식물원,상시,성인 (개인 방문 적합),"서울특별시 광진구 능동로 216 | 좌표:1270810558,375486435",장소 문의 (전화/홈페이지 참조),"서울 송파구에 위치한 수목원 관련 장소 [서울어린이대공원식물원] (여행,명소>식물원,수목원). 전화: 정보없음",https://map.naver.com/v5/search/%EC%84%9C%EC%9A%B8%EC%96%B4%EB%A6%B0%EC%9D%B4%EB%8C%80%EA%B3%B5%EC%9B%90%EC%8B%9D%EB%AC%BC%EC%9B%90,"single:0.75;couple:0.4;family:0.3;여행,명소>식물원,수목원;수목원",2026-08-23 19:43:15,nature:1.0;outdoor:1.0;walk:0.8,2,70
네이버 지역검색 API | 서울 송파구,자연·공원,왕성수목원,상시,성인 (개인 방문 적합),"서울특별시 강동구 둔촌동 561-11 | 좌표:1271522053,375368337",장소 문의 (전화/홈페이지 참조),"서울 송파구에 위치한 수목원 관련 장소 [왕성수목원] (시설,건물>농공시설). 전화: 정보없음",https://map.naver.com/v5/search/%EC%99%95%EC%84%B1%EC%88%98%EB%AA%A9%EC%9B%90,"single:0.75;couple:0.4;family:0.3;시설,건물>농공시설;수목원",2026-08-23 19:43:15,nature:1.0;outdoor:1.0;walk:0.8,2,70
네이버 지역검색 API | 서울 송파구,자연·공원,뜨랑,상시,성인 (개인 방문 적합),"서울특별시 강동구 동남로 870 강동아트센터 | 좌표:1271577347,375513008",장소 문의 (전화/홈페이지 참조),"서울 송파구에 위치한 수목원 관련 장소 [뜨랑] (여행,명소>식물원,수목원). 전화: 정보없음",https://map.naver.com/v5/search/%EB%9C%A8%EB%9E%91,"single:0.75;couple:0.4;family:0.3;여행,명소>식물원,수목원;수목원",2026-08-23 19:43:15,nature:1.0;outdoor:1.0;walk:0.8,2,70
네이버 지역검색 API | 서울 영등포구,독립서점,동물책방 정글핌피,상시,성인 (개인 방문 적합),"서울특별시 영등포구 경인로77길 19 남성아파트 상가 203호 | 좌표:1268919668,375129673",장소 문의 (전화/홈페이지 참조),서울 영등포구에 위치한 독립서점 관련 장소 [동물책방 정글핌피] (서점>독립서점). 전화: 정보없음,https://www.instagram.com/junglepimfy,single:0.95;couple:0.4;family:0.3;서점>독립서점;독립서점,2026-08-23 19:43:15,bookstore:1.0;quiet:1.0;indoor:1.0,2,70
네이버 지역검색 API | 서울 영등포구,독립서점,새고서림,상시,성인 (개인 방문 적합),"서울특별시 영등포구 영신로39길 8-1 201호 | 좌표:1269003521,375216942",장소 문의 (전화/홈페이지 참조),서울 영등포구에 위치한 독립서점 관련 장소 [새고서림] (서점>독립서점). 전화: 정보없음,https://acatatdawn.oopy.io/,single:0.95;couple:0.4;family:0.3;서점>독립서점;독립서점,2026-08-23 19:43:15,bookstore:1.0;quiet:1.0;indoor:1.0,2,70
네이버 지역검색 API | 서울 영등포구,독립서점,노란숲그림책스튜디오,상시,성인 (개인 방문 적합),"서울특별시 영등포구 신풍로 60 1층 | 좌표:1269127235,374999108",장소 문의 (전화/홈페이지 참조),서울 영등포구에 위치한 독립서점 관련 장소 [노란숲그림책스튜디오] (서점>독립서점). 전화: 정보없음,https://map.naver.com/v5/search/%EB%85%B8%EB%9E%80%EC%88%B2%EA%B7%B8%EB%A6%BC%EC%B1%85%EC%8A%A4%ED%8A%9C%EB%94%94%EC%98%A4,single:0.95;couple:0.4;family:0.3;서점>독립서점;독립서점,2026-08-23 19:43:15,bookstore:1.0;quiet:1.0;indoor:1.0,2,70
네이버 지역검색 API | 서울 영등포구,독립서점,별채부록,상시,성인 (개인 방문 적합),"서울특별시 영등포구 선유로23길 14-2 지하1층 | 좌표:1268886582,375232108",장소 문의 (전화/홈페이지 참조),서울 영등포구에 위치한 독립서점 관련 장소 [별채부록] (서점>독립서점). 전화: 정보없음,https://www.instagram.com/byulchae_burok__,single:0.95;couple:0.4;family:0.3;서점>독립서점;독립서점,2026-08-23 19:43:15,bookstore:1.0;quiet:1.0;indoor:1.0,2,70
네이버 지역검색 API | 서울 영등포구,독립서점,청색종이,상시,성인 (개인 방문 적합),"서울특별시 영등포구 도림로131길 17 | 좌표:1268937678,375139838",장소 문의 (전화/홈페이지 참조),"서울 영등포구에 위치한 독립서점 관련 장소 [청색종이] (서비스,산업>출판사). 전화: 정보없음",https://blog.naver.com/theotherk,"single:0.95;couple:0.4;family:0.3;서비스,산업>출판사;독립서점",2026-08-23 19:43:15,bookstore:1.0;quiet:1.0;indoor:1.0,2,70
네이버 지역검색 API | 서울 영등포구,독립서점,맨홀커피웨스턴책방,상시,성인 (개인 방문 적합),"서울특별시 영등포구 영등포로27길 24 맨홀커피 웨스턴 책방 1층 | 좌표:1268995265,375229918",장소 문의 (전화/홈페이지 참조),"서울 영등포구에 위치한 북카페 관련 장소 [맨홀커피웨스턴책방] (음식점>카페,디저트). 전화: 정보없음",https://www.instagram.com/manhole_coffee/,"single:0.85;couple:0.4;family:0.3;음식점>카페,디저트;북카페",2026-08-23 19:43:15,bookstore:0.8;quiet:0.9;indoor:1.0,2,70
네이버 지역검색 API | 서울 영등포구,독립서점,맨홀커피,상시,성인 (개인 방문 적합),"서울특별시 영등포구 영신로 247 B동상가 지하1층 | 좌표:1269039150,375292717",장소 문의 (전화/홈페이지 참조),"서울 영등포구에 위치한 북카페 관련 장소 [맨홀커피] (음식점>카페,디저트). 전화: 정보없음",https://instagram.com/manhole_coffee?utm_medium=copy_link,"single:0.85;couple:0.4;family:0.3;음식점>카페,디저트;북카페",2026-08-23 19:43:15,bookstore:0.8;quiet:0.9;indoor:1.0,2,70
네이버 지역검색 API | 서울 영등포구,독립서점,강변서재,상시,성인 (개인 방문 적합),"서울특별시 영등포구 의사당대로 1 국회 사랑재 옆 건물 2층 | 좌표:1269163184,375329545",장소 문의 (전화/홈페이지 참조),"서울 영등포구에 위치한 북카페 관련 장소 [강변서재] (음식점>카페,디저트). 전화: 정보없음",https://map.naver.com/v5/search/%EA%B0%95%EB%B3%80%EC%84%9C%EC%9E%AC,"single:0.85;couple:0.4;family:0.3;음식점>카페,디저트;북카페",2026-08-23 19:43:15,bookstore:0.8;quiet:0.9;indoor:1.0,2,70
네이버 지역검색 API | 서울 영등포구,독립서점,카페꼼마 여의도신영증권점,상시,성인 (개인 방문 적합),"서울특별시 영등포구 국제금융로8길 16 1층 카페꼼마 | 좌표:1269287911,375211305",장소 문의 (전화/홈페이지 참조),"서울 영등포구에 위치한 북카페 관련 장소 [카페꼼마 여의도신영증권점] (음식점>카페,디저트). 전화: 정보없음",https://www.instagram.com/cafecomma_official/,"single:0.85;couple:0.4;family:0.3;음식점>카페,디저트;북카페",2026-08-23 19:43:15,bookstore:0.8;quiet:0.9;indoor:1.0,2,70
네이버 지역검색 API | 서울 영등포구,독립서점,포엣룸,상시,성인 (개인 방문 적합),"서울특별시 영등포구 도림로141가길 4 1층 포엣룸 | 좌표:1268926397,375148956",장소 문의 (전화/홈페이지 참조),"서울 영등포구에 위치한 북카페 관련 장소 [포엣룸] (음식점>카페,디저트). 전화: 정보없음",https://www.instagram.com/poet_room,"single:0.85;couple:0.4;family:0.3;음식점>카페,디저트;북카페",2026-08-23 19:43:15,bookstore:0.8;quiet:0.9;indoor:1.0,2,70
네이버 지역검색 API | 서울 영등포구,조용한 힐링,카공족 신도림역점,상시,성인 (개인 방문 적합),"서울특별시 영등포구 도영로 24 2층 | 좌표:1268961817,375084698",장소 문의 (전화/홈페이지 참조),"서울 영등포구에 위치한 스터디카페 관련 장소 [카공족 신도림역점] (카페,디저트>스터디카페). 전화: 정보없음",https://www.instagram.com/cagongzok_official,"single:0.9;couple:0.4;family:0.3;카페,디저트>스터디카페;스터디카페",2026-08-23 19:43:15,healing:0.7;quiet:1.0;solo:1.0,2,70
네이버 지역검색 API | 서울 영등포구,조용한 힐링,카공족 대방역점,상시,성인 (개인 방문 적합),"서울특별시 영등포구 영등포로 418-1 2층 | 좌표:1269243863,375126008",장소 문의 (전화/홈페이지 참조),"서울 영등포구에 위치한 스터디카페 관련 장소 [카공족 대방역점] (카페,디저트>스터디카페). 전화: 정보없음",https://www.instagram.com/cagongzok_official/,"single:0.9;couple:0.4;family:0.3;카페,디저트>스터디카페;스터디카페",2026-08-23 19:43:15,healing:0.7;quiet:1.0;solo:1.0,2,70
네이버 지역검색 API | 서울 영등포구,조용한 힐링,영등포 스터디카페 타임,상시,성인 (개인 방문 적합),"서울특별시 영등포구 도신로29길 12 3층 영등포 스터디카페 타임 | 좌표:1269050041,375096233",장소 문의 (전화/홈페이지 참조),서울 영등포구에 위치한 스터디카페 관련 장소 [영등포 스터디카페 타임] (스터디카페). 전화: 정보없음,https://map.naver.com/v5/search/%EC%98%81%EB%93%B1%ED%8F%AC%20%EC%8A%A4%ED%84%B0%EB%94%94%EC%B9%B4%ED%8E%98%20%ED%83%80%EC%9E%84,single:0.9;couple:0.4;family:0.3;스터디카페;스터디카페,2026-08-23 19:43:15,healing:0.7;quiet:1.0;solo:1.0,2,70
네이버 지역검색 API | 서울 영등포구,조용한 힐링,카공족 문래점,상시,성인 (개인 방문 적합),"서울특별시 영등포구 선유로 76 2층 202호 | 좌표:1268899118,375206365",장소 문의 (전화/홈페이지 참조),"서울 영등포구에 위치한 스터디카페 관련 장소 [카공족 문래점] (카페,디저트>스터디카페). 전화: 정보없음",https://www.instagram.com/cagongzok_official,"single:0.9;couple:0.4;family:0.3;카페,디저트>스터디카페;스터디카페",2026-08-23 19:43:15,healing:0.7;quiet:1.0;solo:1.0,2,70
네이버 지역검색 API | 서울 영등포구,조용한 힐링,플랜에이스터디카페 당산센터,상시,성인 (개인 방문 적합),"서울특별시 영등포구 당산로 214 상가 3층, 301호 | 좌표:1269036816,375327460",장소 문의 (전화/홈페이지 참조),"서울 영등포구에 위치한 스터디카페 관련 장소 [플랜에이스터디카페 당산센터] (서비스,산업>장소대여). 전화: 정보없음",http://pf.kakao.com/_kxjZCK,"single:0.9;couple:0.4;family:0.3;서비스,산업>장소대여;스터디카페",2026-08-23 19:43:15,healing:0.7;quiet:1.0;solo:1.0,2,70
네이버 지역검색 API | 서울 영등포구,조용한 힐링,아마비아요가 당산점,상시,성인 (개인 방문 적합),"서울특별시 영등포구 선유로54길 14 소미더클래스한강 101동 지하1층 | 좌표:1268997090,375356996",장소 문의 (전화/홈페이지 참조),서울 영등포구에 위치한 요가원 관련 장소 [아마비아요가 당산점] (스포츠시설>요가원). 전화: 정보없음,https://www.instagram.com/amaviayoga/,single:0.8;couple:0.4;family:0.3;스포츠시설>요가원;요가원,2026-08-23 19:43:15,healing:1.0;quiet:0.8;solo:0.9,2,70
네이버 지역검색 API | 서울 영등포구,조용한 힐링,애니원요가 선유도점,상시,성인 (개인 방문 적합),"서울특별시 영등포구 양평로 118 4층 애니원요가 선유도점 | 좌표:1268946672,375378453",장소 문의 (전화/홈페이지 참조),서울 영등포구에 위치한 요가원 관련 장소 [애니원요가 선유도점] (스포츠시설>요가원). 전화: 정보없음,https://blog.naver.com/leejh9872,single:0.8;couple:0.4;family:0.3;스포츠시설>요가원;요가원,2026-08-23 19:43:15,healing:1.0;quiet:0.8;solo:0.9,2,70
네이버 지역검색 API | 서울 영등포구,조용한 힐링,아메리카요가 여의도점,상시,성인 (개인 방문 적합),"서울특별시 영등포구 여의대방로 394 우정빌딩 5층 | 좌표:1269327758,375193933",장소 문의 (전화/홈페이지 참조),서울 영등포구에 위치한 요가원 관련 장소 [아메리카요가 여의도점] (스포츠시설>요가원). 전화: 정보없음,https://blog.naver.com/ayo-yeouido,single:0.8;couple:0.4;family:0.3;스포츠시설>요가원;요가원,2026-08-23 19:43:15,healing:1.0;quiet:0.8;solo:0.9,2,70
네이버 지역검색 API | 서울 영등포구,조용한 힐링,쏠바레 선유도역점,상시,성인 (개인 방문 적합),"서울특별시 영등포구 양평로 114 2층 | 좌표:1268950418,375374972",장소 문의 (전화/홈페이지 참조),서울 영등포구에 위치한 요가원 관련 장소 [쏠바레 선유도역점] (스포츠시설>요가원). 전화: 정보없음,https://blog.naver.com/solebarre,single:0.8;couple:0.4;family:0.3;스포츠시설>요가원;요가원,2026-08-23 19:43:15,healing:1.0;quiet:0.8;solo:0.9,2,70
네이버 지역검색 API | 서울 영등포구,조용한 힐링,무이스요가,상시,성인 (개인 방문 적합),"서울특별시 영등포구 의사당대로1길 25 하남빌딩 2층 무이스요가 | 좌표:1269296229,375200210",장소 문의 (전화/홈페이지 참조),서울 영등포구에 위치한 요가원 관련 장소 [무이스요가] (스포츠시설>요가원). 전화: 정보없음,https://blog.naver.com/muisyoga,single:0.8;couple:0.4;family:0.3;스포츠시설>요가원;요가원,2026-08-23 19:43:15,healing:1.0;quiet:0.8;solo:0.9,2,70
네이버 지역검색 API | 서울 영등포구,조용한 힐링,마음수련 명상센터 여의도점,상시,성인 (개인 방문 적합),"서울특별시 영등포구 국제금융로 78 홍우빌딩 508-B호 | 좌표:1269313093,375208743",장소 문의 (전화/홈페이지 참조),"서울 영등포구에 위치한 명상센터 관련 장소 [마음수련 명상센터 여의도점] (스포츠,레크레이션교육>요가,명상). 전화: 정보없음",https://trueselfclass.com/,"single:0.85;couple:0.4;family:0.3;스포츠,레크레이션교육>요가,명상;명상센터",2026-08-23 19:43:15,healing:1.0;quiet:1.0;solo:1.0,2,70
네이버 지역검색 API | 서울 영등포구,조용한 힐링,아시아행복연구원,상시,성인 (개인 방문 적합),"서울특별시 영등포구 63로 32 1107호 | 좌표:1269390436,375189554",장소 문의 (전화/홈페이지 참조),"서울 영등포구에 위치한 명상센터 관련 장소 [아시아행복연구원] (교육,학문>교육원,교육센터). 전화: 정보없음",https://band.us/@awareness,"single:0.85;couple:0.4;family:0.3;교육,학문>교육원,교육센터;명상센터",2026-08-23 19:43:15,healing:1.0;quiet:1.0;solo:1.0,2,70
네이버 지역검색 API | 서울 영등포구,조용한 힐링,브레인트레이닝센터 여의도점,상시,성인 (개인 방문 적합),"서울특별시 영등포구 국제금융로6길 30 백상빌딩 6층 602호 | 좌표:1269266154,375217254",장소 문의 (전화/홈페이지 참조),"서울 영등포구에 위치한 명상센터 관련 장소 [브레인트레이닝센터 여의도점] (스포츠,레크레이션교육>요가,명상). 전화: 정보없음",https://www.brain-training.co.kr,"single:0.85;couple:0.4;family:0.3;스포츠,레크레이션교육>요가,명상;명상센터",2026-08-23 19:43:15,healing:1.0;quiet:1.0;solo:1.0,2,70
네이버 지역검색 API | 서울 영등포구,조용한 힐링,바디블라썸아트센터,상시,성인 (개인 방문 적합),"서울특별시 영등포구 양평로 144 온스퀘어빌딩 지하1층 헤트 | 좌표:1268922165,375389804",장소 문의 (전화/홈페이지 참조),"서울 영등포구에 위치한 명상센터 관련 장소 [바디블라썸아트센터] (스포츠,레크레이션교육>요가,명상). 전화: 정보없음",https://blog.naver.com/ghsjrj,"single:0.85;couple:0.4;family:0.3;스포츠,레크레이션교육>요가,명상;명상센터",2026-08-23 19:43:15,healing:1.0;quiet:1.0;solo:1.0,2,70
네이버 지역검색 API | 서울 영등포구,조용한 힐링,서울명상실 명상의계절,상시,성인 (개인 방문 적합),"서울특별시 영등포구 도림천로19길 12 9층 911호 | 좌표:1269005935,374869177",장소 문의 (전화/홈페이지 참조),"서울 영등포구에 위치한 명상센터 관련 장소 [서울명상실 명상의계절] (서비스,산업>장소대여). 전화: 정보없음",https://blog.naver.com/m_season,"single:0.85;couple:0.4;family:0.3;서비스,산업>장소대여;명상센터",2026-08-23 19:43:15,healing:1.0;quiet:1.0;solo:1.0,2,70
네이버 지역검색 API | 서울 영등포구,역사·문화,통해사,상시,성인 (개인 방문 적합),"서울특별시 영등포구 도신로60길 30 통해사 | 좌표:1269171905,375092924",장소 문의 (전화/홈페이지 참조),"서울 영등포구에 위치한 사찰 관련 장소 [통해사] (불교>절,사찰). 전화: 정보없음",https://map.naver.com/v5/search/%ED%86%B5%ED%95%B4%EC%82%AC,"single:0.7;couple:0.4;family:0.3;불교>절,사찰;사찰",2026-08-23 19:43:15,culture:1.0;history:0.9;outdoor:0.7,2,70
네이버 지역검색 API | 서울 영등포구,역사·문화,자운사,상시,성인 (개인 방문 적합),"서울특별시 영등포구 버드나루로22길 5-3 | 좌표:1269075375,375312167",장소 문의 (전화/홈페이지 참조),"서울 영등포구에 위치한 사찰 관련 장소 [자운사] (불교>절,사찰). 전화: 정보없음",https://map.naver.com/v5/search/%EC%9E%90%EC%9A%B4%EC%82%AC,"single:0.7;couple:0.4;family:0.3;불교>절,사찰;사찰",2026-08-23 19:43:15,culture:1.0;history:0.9;outdoor:0.7,2,70
네이버 지역검색 API | 서울 영등포구,역사·문화,해인사,상시,성인 (개인 방문 적합),"서울특별시 영등포구 신길로 180 2층 | 좌표:1269111251,375081790",장소 문의 (전화/홈페이지 참조),"서울 영등포구에 위치한 사찰 관련 장소 [해인사] (불교>절,사찰). 전화: 정보없음",https://blog.naver.com/yeongam0215,"single:0.7;couple:0.4;family:0.3;불교>절,사찰;사찰",2026-08-23 19:43:15,culture:1.0;history:0.9;outdoor:0.7,2,70
네이버 지역검색 API | 서울 영등포구,역사·문화,청룡사,상시,성인 (개인 방문 적합),"서울특별시 영등포구 영등포로65길 23-1 | 좌표:1269199545,375156815",장소 문의 (전화/홈페이지 참조),"서울 영등포구에 위치한 사찰 관련 장소 [청룡사] (불교>절,사찰). 전화: 정보없음",https://map.naver.com/v5/search/%EC%B2%AD%EB%A3%A1%EC%82%AC,"single:0.7;couple:0.4;family:0.3;불교>절,사찰;사찰",2026-08-23 19:43:15,culture:1.0;history:0.9;outdoor:0.7,2,70
네이버 지역검색 API | 서울 영등포구,자연·공원,신세계크루즈투어,상시,성인 (개인 방문 적합),"서울특별시 영등포구 당산로38길 13-7 301호 | 좌표:1268999159,375291321",장소 문의 (전화/홈페이지 참조),"서울 영등포구에 위치한 둘레길 관련 장소 [신세계크루즈투어] (서비스,산업>여행사). 전화: 정보없음",https://smartstore.naver.com/tour1,"single:0.8;couple:0.4;family:0.3;서비스,산업>여행사;둘레길",2026-08-23 19:43:15,nature:1.0;outdoor:1.0;walk:1.0,2,70
네이버 지역검색 API | 서울 영등포구,자연·공원,서울둘레길인증스탬프(구일역),상시,성인 (개인 방문 적합),"서울특별시 구로구 구로동 | 좌표:1268709662,374958706",장소 문의 (전화/홈페이지 참조),"서울 영등포구에 위치한 둘레길 관련 장소 [서울둘레길인증스탬프(구일역)] (여행,명소>거리,골목). 전화: 정보없음",https://map.naver.com/v5/search/%EC%84%9C%EC%9A%B8%EB%91%98%EB%A0%88%EA%B8%B8%EC%9D%B8%EC%A6%9D%EC%8A%A4%ED%83%AC%ED%94%84%28%EA%B5%AC%EC%9D%BC%EC%97%AD%29,"single:0.8;couple:0.4;family:0.3;여행,명소>거리,골목;둘레길",2026-08-23 19:43:15,nature:1.0;outdoor:1.0;walk:1.0,2,70
네이버 지역검색 API | 서울 영등포구,자연·공원,양천둘레길(산림형코스-용왕산구간),상시,성인 (개인 방문 적합),"서울특별시 양천구 용왕정길 41 | 좌표:1268771264,375432048",장소 문의 (전화/홈페이지 참조),"서울 영등포구에 위치한 둘레길 관련 장소 [양천둘레길(산림형코스-용왕산구간)] (여행,명소>도보코스). 전화: 정보없음",https://map.naver.com/v5/search/%EC%96%91%EC%B2%9C%EB%91%98%EB%A0%88%EA%B8%B8%28%EC%82%B0%EB%A6%BC%ED%98%95%EC%BD%94%EC%8A%A4-%EC%9A%A9%EC%99%95%EC%82%B0%EA%B5%AC%EA%B0%84%29,"single:0.8;couple:0.4;family:0.3;여행,명소>도보코스;둘레길",2026-08-23 19:43:15,nature:1.0;outdoor:1.0;walk:1.0,2,70
네이버 지역검색 API | 서울 영등포구,자연·공원,양천둘레길(하천형코스),상시,성인 (개인 방문 적합),"서울특별시 양천구 안양천로 916 | 좌표:1268810154,375289260",장소 문의 (전화/홈페이지 참조),"서울 영등포구에 위치한 둘레길 관련 장소 [양천둘레길(하천형코스)] (여행,명소>도보코스). 전화: 정보없음",https://map.naver.com/v5/search/%EC%96%91%EC%B2%9C%EB%91%98%EB%A0%88%EA%B8%B8%28%ED%95%98%EC%B2%9C%ED%98%95%EC%BD%94%EC%8A%A4%29,"single:0.8;couple:0.4;family:0.3;여행,명소>도보코스;둘레길",2026-08-23 19:43:15,nature:1.0;outdoor:1.0;walk:1.0,2,70
네이버 지역검색 API | 서울 영등포구,자연·공원,생명의숲정원,상시,성인 (개인 방문 적합),"서울특별시 동작구 여의대방로20나길 27 보라매공원 놀이터화장실 | 좌표:1269183601,374922558",장소 문의 (전화/홈페이지 참조),"서울 영등포구에 위치한 수목원 관련 장소 [생명의숲정원] (여행,명소>식물원,수목원). 전화: 정보없음",https://map.naver.com/v5/search/%EC%83%9D%EB%AA%85%EC%9D%98%EC%88%B2%EC%A0%95%EC%9B%90,"single:0.75;couple:0.4;family:0.3;여행,명소>식물원,수목원;수목원",2026-08-23 19:43:15,nature:1.0;outdoor:1.0;walk:0.8,2,70
네이버 지역검색 API | 서울 중구,독립서점,소수책방,상시,성인 (개인 방문 적합),"서울특별시 중구 다산로20길 26 2층 | 좌표:1270135934,375568350",장소 문의 (전화/홈페이지 참조),서울 중구에 위치한 독립서점 관련 장소 [소수책방] (서점>독립서점). 전화: 정보없음,https://blog.naver.com/sosoobook,single:0.95;couple:0.4;family:0.3;서점>독립서점;독립서점,2026-08-23 19:43:15,bookstore:1.0;quiet:1.0;indoor:1.0,2,70
네이버 지역검색 API | 서울 중구,독립서점,스페인책방,상시,성인 (개인 방문 적합),"서울특별시 중구 퇴계로36길 29 기남빌딩 302호 | 좌표:1269950679,375605509",장소 문의 (전화/홈페이지 참조),서울 중구에 위치한 독립서점 관련 장소 [스페인책방] (서점>독립서점). 전화: 정보없음,https://www.instagram.com/spainbookshop/,single:0.95;couple:0.4;family:0.3;서점>독립서점;독립서점,2026-08-23 19:43:15,bookstore:1.0;quiet:1.0;indoor:1.0,2,70
네이버 지역검색 API | 서울 중구,독립서점,노말에이,상시,성인 (개인 방문 적합),"서울특별시 중구 마른내로 12 4층 | 좌표:1269891161,375646109",장소 문의 (전화/홈페이지 참조),서울 중구에 위치한 독립서점 관련 장소 [노말에이] (서점>독립서점). 전화: 정보없음,https://blog.naver.com/131watt,single:0.95;couple:0.4;family:0.3;서점>독립서점;독립서점,2026-08-23 19:43:15,bookstore:1.0;quiet:1.0;indoor:1.0,2,70
네이버 지역검색 API | 서울 중구,독립서점,책방오타루,상시,성인 (개인 방문 적합),"서울특별시 중구 장충단로 226-12 4층 | 좌표:1270082273,375648414",장소 문의 (전화/홈페이지 참조),서울 중구에 위치한 독립서점 관련 장소 [책방오타루] (서점>독립서점). 전화: 정보없음,https://www.instagram.com/otaru_bookstore/,single:0.95;couple:0.4;family:0.3;서점>독립서점;독립서점,2026-08-23 19:43:15,bookstore:1.0;quiet:1.0;indoor:1.0,2,70
네이버 지역검색 API | 서울 중구,독립서점,트리라이크스워터,상시,성인 (개인 방문 적합),"서울특별시 중구 퇴계로41길 48 3층 | 좌표:1269961009,375639203",장소 문의 (전화/홈페이지 참조),서울 중구에 위치한 독립서점 관련 장소 [트리라이크스워터] (서점>독립서점). 전화: 정보없음,https://treelikeswater.com/index.html,single:0.95;couple:0.4;family:0.3;서점>독립서점;독립서점,2026-08-23 19:43:15,bookstore:1.0;quiet:1.0;indoor:1.0,2,70
네이버 지역검색 API | 서울 중구,독립서점,카페느티,상시,성인 (개인 방문 적합),"서울특별시 중구 을지로 97 카페느티 1층~5층 루프탑 | 좌표:1269887172,375663812",장소 문의 (전화/홈페이지 참조),"서울 중구에 위치한 북카페 관련 장소 [카페느티] (음식점>카페,디저트). 전화: 정보없음",https://map.naver.com/v5/search/%EC%B9%B4%ED%8E%98%EB%8A%90%ED%8B%B0,"single:0.85;couple:0.4;family:0.3;음식점>카페,디저트;북카페",2026-08-23 19:43:15,bookstore:0.8;quiet:0.9;indoor:1.0,2,70
네이버 지역검색 API | 서울 중구,독립서점,카페허블&amp;남산책방,상시,성인 (개인 방문 적합),"서울특별시 중구 필동로8길 73 1, 2층 | 좌표:1269933778,375566810",장소 문의 (전화/홈페이지 참조),"서울 중구에 위치한 북카페 관련 장소 [카페허블&amp;남산책방] (카페,디저트>북카페). 전화: 정보없음",https://www.instagram.com/hubble_namsan,"single:0.85;couple:0.4;family:0.3;카페,디저트>북카페;북카페",2026-08-23 19:43:15,bookstore:0.8;quiet:0.9;indoor:1.0,2,70
네이버 지역검색 API | 서울 중구,독립서점,산 다미아노,상시,성인 (개인 방문 적합),"서울특별시 중구 정동길 9 프란치시꼬교육회관 1층 | 좌표:1269699861,375676611",장소 문의 (전화/홈페이지 참조),"서울 중구에 위치한 북카페 관련 장소 [산 다미아노] (카페,디저트>북카페). 전화: 정보없음",https://www.instagram.com/sandamiano_cafe?igsh=NTlzZmo4dXhnazU0,"single:0.85;couple:0.4;family:0.3;카페,디저트>북카페;북카페",2026-08-23 19:43:15,bookstore:0.8;quiet:0.9;indoor:1.0,2,70
네이버 지역검색 API | 서울 중구,독립서점,도탑다,상시,성인 (개인 방문 적합),"서울특별시 중구 충무로 52-2 3층 | 좌표:1269929010,375658553",장소 문의 (전화/홈페이지 참조),"서울 중구에 위치한 북카페 관련 장소 [도탑다] (음식점>카페,디저트). 전화: 정보없음",https://www.instagram.com/_dotopda,"single:0.85;couple:0.4;family:0.3;음식점>카페,디저트;북카페",2026-08-23 19:43:15,bookstore:0.8;quiet:0.9;indoor:1.0,2,70
네이버 지역검색 API | 서울 중구,독립서점,콩툰 동대문점,상시,성인 (개인 방문 적합),"서울특별시 중구 장충단로 253 지하1층 160호 콩툰 만화카페 | 좌표:1270081041,375674846",장소 문의 (전화/홈페이지 참조),서울 중구에 위치한 북카페 관련 장소 [콩툰 동대문점] (만화방). 전화: 정보없음,https://blog.naver.com/kongtoon_dongdaemun,single:0.85;couple:0.4;family:0.3;만화방;북카페,2026-08-23 19:43:15,bookstore:0.8;quiet:0.9;indoor:1.0,2,70
네이버 지역검색 API | 서울 중구,조용한 힐링,서울고용복지플러스센터,상시,성인 (개인 방문 적합),"서울특별시 중구 삼일대로 363 1층 | 좌표:1269870535,375671779",장소 문의 (전화/홈페이지 참조),"서울 중구에 위치한 스터디카페 관련 장소 [서울고용복지플러스센터] (공공,사회기관>고용복지플러스센터). 전화: 정보없음",https://www.instagram.com/moel_seoulew/,"single:0.9;couple:0.4;family:0.3;공공,사회기관>고용복지플러스센터;스터디카페",2026-08-23 19:43:15,healing:0.7;quiet:1.0;solo:1.0,2,70
네이버 지역검색 API | 서울 중구,조용한 힐링,카공족 약수역점,상시,성인 (개인 방문 적합),"서울특별시 중구 동호로12길 4 유금빌딩 3층 | 좌표:1270106059,375555057",장소 문의 (전화/홈페이지 참조),"서울 중구에 위치한 스터디카페 관련 장소 [카공족 약수역점] (카페,디저트>스터디카페). 전화: 정보없음",https://www.instagram.com/cagongzok_official,"single:0.9;couple:0.4;family:0.3;카페,디저트>스터디카페;스터디카페",2026-08-23 19:43:15,healing:0.7;quiet:1.0;solo:1.0,2,70
네이버 지역검색 API | 서울 중구,조용한 힐링,오드쓰북,상시,성인 (개인 방문 적합),"서울특별시 중구 퇴계로83길 5 오드쓰북 | 좌표:1270184403,375660662",장소 문의 (전화/홈페이지 참조),"서울 중구에 위치한 스터디카페 관련 장소 [오드쓰북] (쇼핑,유통>서점). 전화: 정보없음",https://www.instagram.com/oddsbook,"single:0.9;couple:0.4;family:0.3;쇼핑,유통>서점;스터디카페",2026-08-23 19:43:15,healing:0.7;quiet:1.0;solo:1.0,2,70
네이버 지역검색 API | 서울 중구,조용한 힐링,써밋스터디카페 서울로점,상시,성인 (개인 방문 적합),"서울특별시 중구 중림로 47 3층 | 좌표:1269683716,375574655",장소 문의 (전화/홈페이지 참조),서울 중구에 위치한 스터디카페 관련 장소 [써밋스터디카페 서울로점] (스터디카페). 전화: 정보없음,https://blog.naver.com/seoulrosummit,single:0.9;couple:0.4;family:0.3;스터디카페;스터디카페,2026-08-23 19:43:15,healing:0.7;quiet:1.0;solo:1.0,2,70
네이버 지역검색 API | 서울 중구,조용한 힐링,공유오피스 드림캐쳐스 중구신당역점,상시,성인 (개인 방문 적합),"서울특별시 중구 퇴계로 450 신영빌딩 5층 | 좌표:1270215439,375653012",장소 문의 (전화/홈페이지 참조),"서울 중구에 위치한 스터디카페 관련 장소 [공유오피스 드림캐쳐스 중구신당역점] (서비스,산업>임대업). 전화: 정보없음",https://www.youtube.com/@dreamcatchers-,"single:0.9;couple:0.4;family:0.3;서비스,산업>임대업;스터디카페",2026-08-23 19:43:15,healing:0.7;quiet:1.0;solo:1.0,2,70
네이버 지역검색 API | 서울 중구,조용한 힐링,젠요가 서울시청센터,상시,성인 (개인 방문 적합),"서울특별시 중구 다동길 33 효광빌딩 5층 | 좌표:1269811519,375679912",장소 문의 (전화/홈페이지 참조),서울 중구에 위치한 요가원 관련 장소 [젠요가 서울시청센터] (스포츠시설>요가원). 전화: 정보없음,https://pf.kakao.com/_xklULT/chat,single:0.8;couple:0.4;family:0.3;스포츠시설>요가원;요가원,2026-08-23 19:43:15,healing:1.0;quiet:0.8;solo:0.9,2,70
네이버 지역검색 API | 서울 중구,조용한 힐링,요가스튜디오 텅,상시,성인 (개인 방문 적합),"서울특별시 중구 만리재로 199 3층 | 좌표:1269677285,375554733",장소 문의 (전화/홈페이지 참조),서울 중구에 위치한 요가원 관련 장소 [요가스튜디오 텅] (스포츠시설>요가원). 전화: 정보없음,https://blog.naver.com/hatharowoon-,single:0.8;couple:0.4;family:0.3;스포츠시설>요가원;요가원,2026-08-23 19:43:15,healing:1.0;quiet:0.8;solo:0.9,2,70
네이버 지역검색 API | 서울 중구,조용한 힐링,번지피지오 플라잉 필라테스 요가,상시,성인 (개인 방문 적합),"서울특별시 중구 동호로 186-7 2층 | 좌표:1270115167,375546195",장소 문의 (전화/홈페이지 참조),서울 중구에 위치한 요가원 관련 장소 [번지피지오 플라잉 필라테스 요가] (스포츠시설>요가원). 전화: 정보없음,http://pf.kakao.com/_mIxinK/chat,single:0.8;couple:0.4;family:0.3;스포츠시설>요가원;요가원,2026-08-23 19:43:15,healing:1.0;quiet:0.8;solo:0.9,2,70
네이버 지역검색 API | 서울 중구,조용한 힐링,애프터 요가 충무로역점,상시,성인 (개인 방문 적합),"서울특별시 중구 퇴계로42길 7 2층 애프터 요가 충무로역점 | 좌표:1269968311,375613158",장소 문의 (전화/홈페이지 참조),서울 중구에 위치한 요가원 관련 장소 [애프터 요가 충무로역점] (스포츠시설>요가원). 전화: 정보없음,https://afteryogapilates.com/cm,single:0.8;couple:0.4;family:0.3;스포츠시설>요가원;요가원,2026-08-23 19:43:15,healing:1.0;quiet:0.8;solo:0.9,2,70
네이버 지역검색 API | 서울 중구,조용한 힐링,자비선명상센터,상시,성인 (개인 방문 적합),"서울특별시 중구 퇴계로 235 | 좌표:1269978244,375625144",장소 문의 (전화/홈페이지 참조),서울 중구에 위치한 명상센터 관련 장소 [자비선명상센터] (종교>불교). 전화: 정보없음,https://map.naver.com/v5/search/%EC%9E%90%EB%B9%84%EC%84%A0%EB%AA%85%EC%83%81%EC%84%BC%ED%84%B0,single:0.85;couple:0.4;family:0.3;종교>불교;명상센터,2026-08-23 19:43:15,healing:1.0;quiet:1.0;solo:1.0,2,70
네이버 지역검색 API | 서울 중구,조용한 힐링,브레인트레이닝센터 왕십리점,상시,성인 (개인 방문 적합),"서울특별시 중구 난계로 159 헤세드빌딩 4층 브레인트레이닝센터 왕십리점 | 좌표:1270233671,375656712",장소 문의 (전화/홈페이지 참조),"서울 중구에 위치한 명상센터 관련 장소 [브레인트레이닝센터 왕십리점] (스포츠,레크레이션교육>요가,명상). 전화: 정보없음",https://blog.naver.com/dohea_tao,"single:0.85;couple:0.4;family:0.3;스포츠,레크레이션교육>요가,명상;명상센터",2026-08-23 19:43:15,healing:1.0;quiet:1.0;solo:1.0,2,70
네이버 지역검색 API | 서울 중구,조용한 힐링,브레인트레이닝센터 광화문명상점,상시,성인 (개인 방문 적합),"서울특별시 중구 무교로 32 406호 | 좌표:1269795793,375687701",장소 문의 (전화/홈페이지 참조),"서울 중구에 위치한 명상센터 관련 장소 [브레인트레이닝센터 광화문명상점] (스포츠,레크레이션교육>요가,명상). 전화: 정보없음",https://www.brain-training.co.kr/,"single:0.85;couple:0.4;family:0.3;스포츠,레크레이션교육>요가,명상;명상센터",2026-08-23 19:43:15,healing:1.0;quiet:1.0;solo:1.0,2,70
네이버 지역검색 API | 서울 중구,조용한 힐링,더웰니스콜렉티브,상시,성인 (개인 방문 적합),"서울특별시 중구 한강대로 416 서울스퀘어 14층 | 좌표:1269737678,375555057",장소 문의 (전화/홈페이지 참조),"서울 중구에 위치한 명상센터 관련 장소 [더웰니스콜렉티브] (교육,학문>교육원,교육센터). 전화: 정보없음",https://map.naver.com/v5/search/%EB%8D%94%EC%9B%B0%EB%8B%88%EC%8A%A4%EC%BD%9C%EB%A0%89%ED%8B%B0%EB%B8%8C,"single:0.85;couple:0.4;family:0.3;교육,학문>교육원,교육센터;명상센터",2026-08-23 19:43:15,healing:1.0;quiet:1.0;solo:1.0,2,70
네이버 지역검색 API | 서울 중구,역사·문화,남산충정사,상시,성인 (개인 방문 적합),"서울특별시 중구 퇴계로34길 26 남산충정사 | 좌표:1269929076,375597945",장소 문의 (전화/홈페이지 참조),"서울 중구에 위치한 사찰 관련 장소 [남산충정사] (불교>절,사찰). 전화: 정보없음",https://blog.naver.com/namsan_chungjeongsa,"single:0.7;couple:0.4;family:0.3;불교>절,사찰;사찰",2026-08-23 19:43:15,culture:1.0;history:0.9;outdoor:0.7,2,70
네이버 지역검색 API | 서울 중구,역사·문화,서울불광산사,상시,성인 (개인 방문 적합),"서울특별시 중구 동호로24길 7-6 | 좌표:1270048849,375597293",장소 문의 (전화/홈페이지 참조),"서울 중구에 위치한 사찰 관련 장소 [서울불광산사] (불교>절,사찰). 전화: 정보없음",https://map.naver.com/v5/search/%EC%84%9C%EC%9A%B8%EB%B6%88%EA%B4%91%EC%82%B0%EC%82%AC,"single:0.7;couple:0.4;family:0.3;불교>절,사찰;사찰",2026-08-23 19:43:15,culture:1.0;history:0.9;outdoor:0.7,2,70
네이버 지역검색 API | 서울 중구,역사·문화,향천선원,상시,성인 (개인 방문 적합),"서울특별시 중구 동호로18길 33 5층 향천선원 | 좌표:1270100436,375578702",장소 문의 (전화/홈페이지 참조),"서울 중구에 위치한 사찰 관련 장소 [향천선원] (불교>절,사찰). 전화: 정보없음",https://cafe.daum.net/hy3171,"single:0.7;couple:0.4;family:0.3;불교>절,사찰;사찰",2026-08-23 19:43:15,culture:1.0;history:0.9;outdoor:0.7,2,70
네이버 지역검색 API | 서울 중구,역사·문화,월명사,상시,성인 (개인 방문 적합),"서울특별시 중구 소공로1길 2 | 좌표:1269828095,375576330",장소 문의 (전화/홈페이지 참조),"서울 중구에 위치한 사찰 관련 장소 [월명사] (불교>절,사찰). 전화: 정보없음",http://www.wolmyeongsa.com/,"single:0.7;couple:0.4;family:0.3;불교>절,사찰;사찰",2026-08-23 19:43:15,culture:1.0;history:0.9;outdoor:0.7,2,70
네이버 지역검색 API | 서울 중구,역사·문화,정각원,상시,성인 (개인 방문 적합),"서울특별시 중구 필동로1길 30 | 좌표:1270011740,375574800",장소 문의 (전화/홈페이지 참조),"서울 중구에 위치한 사찰 관련 장소 [정각원] (불교>절,사찰). 전화: 정보없음",https://jeonggak.dongguk.edu/,"single:0.7;couple:0.4;family:0.3;불교>절,사찰;사찰",2026-08-23 19:43:15,culture:1.0;history:0.9;outdoor:0.7,2,70
네이버 지역검색 API | 서울 중구,자연·공원,동대문디자인플라자뮤지엄,상시,성인 (개인 방문 적합),"서울특별시 중구 을지로 281 동대문디자인플라자뮤지엄 | 좌표:1270095258,375667630",장소 문의 (전화/홈페이지 참조),"서울 중구에 위치한 둘레길 관련 장소 [동대문디자인플라자뮤지엄] (문화,예술>복합문화공간). 전화: 정보없음",https://map.naver.com/v5/search/%EB%8F%99%EB%8C%80%EB%AC%B8%EB%94%94%EC%9E%90%EC%9D%B8%ED%94%8C%EB%9D%BC%EC%9E%90%EB%AE%A4%EC%A7%80%EC%97%84,"single:0.8;couple:0.4;family:0.3;문화,예술>복합문화공간;둘레길",2026-08-23 19:43:15,nature:1.0;outdoor:1.0;walk:1.0,2,70
네이버 지역검색 API | 서울 중구,자연·공원,성수JC매력가든,상시,성인 (개인 방문 적합),"서울특별시 성동구 | 좌표:1270304363,375419995",장소 문의 (전화/홈페이지 참조),"서울 중구에 위치한 수목원 관련 장소 [성수JC매력가든] (여행,명소>식물원,수목원). 전화: 정보없음",https://map.naver.com/v5/search/%EC%84%B1%EC%88%98JC%EB%A7%A4%EB%A0%A5%EA%B0%80%EB%93%A0,"single:0.75;couple:0.4;family:0.3;여행,명소>식물원,수목원;수목원",2026-08-23 19:43:15,nature:1.0;outdoor:1.0;walk:0.8,2,70
네이버 지역검색 API | 서울 강북구,독립서점,책방 시행과착오,상시,성인 (개인 방문 적합),"서울특별시 강북구 도봉로96길 75 1층 좌측 | 좌표:1270322106,376387460",장소 문의 (전화/홈페이지 참조),서울 강북구에 위치한 독립서점 관련 장소 [책방 시행과착오] (서점>독립서점). 전화: 정보없음,http://pf.kakao.com/_WmxkxeG,single:0.95;couple:0.4;family:0.3;서점>독립서점;독립서점,2026-08-23 19:43:15,bookstore:1.0;quiet:1.0;indoor:1.0,2,70
네이버 지역검색 API | 서울 강북구,독립서점,공존책방 냥냥헌,상시,성인 (개인 방문 적합),"서울특별시 강북구 삼양로117길 27 1층 | 좌표:1270145887,376437361",장소 문의 (전화/홈페이지 참조),서울 강북구에 위치한 독립서점 관련 장소 [공존책방 냥냥헌] (서점>독립서점). 전화: 정보없음,https://www.instagram.com/yaong_seoga,single:0.95;couple:0.4;family:0.3;서점>독립서점;독립서점,2026-08-23 19:43:15,bookstore:1.0;quiet:1.0;indoor:1.0,2,70
네이버 지역검색 API | 서울 강북구,독립서점,에포케책방,상시,성인 (개인 방문 적합),"서울특별시 강북구 4.19로 2 2층 2호 | 좌표:1270139455,376483404",장소 문의 (전화/홈페이지 참조),"서울 강북구에 위치한 독립서점 관련 장소 [에포케책방] (카페,디저트>북카페). 전화: 정보없음",https://www.instagram.com/epoche_bookclub/,"single:0.95;couple:0.4;family:0.3;카페,디저트>북카페;독립서점",2026-08-23 19:43:15,bookstore:1.0;quiet:1.0;indoor:1.0,2,70
네이버 지역검색 API | 서울 강북구,독립서점,호박이넝쿨책,상시,성인 (개인 방문 적합),"서울특별시 성북구 아리랑로 120-10 1층 호박이넝쿨책 | 좌표:1270140388,376027164",장소 문의 (전화/홈페이지 참조),서울 강북구에 위치한 독립서점 관련 장소 [호박이넝쿨책] (서점>독립서점). 전화: 정보없음,https://www.instagram.com/hobakbook.official,single:0.95;couple:0.4;family:0.3;서점>독립서점;독립서점,2026-08-23 19:43:15,bookstore:1.0;quiet:1.0;indoor:1.0,2,70
네이버 지역검색 API | 서울 강북구,독립서점,책가도,상시,성인 (개인 방문 적합),"서울특별시 도봉구 해등로 109 창동주공1단지 상가 2층 211호 | 좌표:1270408398,376533413",장소 문의 (전화/홈페이지 참조),서울 강북구에 위치한 독립서점 관련 장소 [책가도] (서점>독립서점). 전화: 정보없음,https://blog.naver.com/bookstore_chaekgado,single:0.95;couple:0.4;family:0.3;서점>독립서점;독립서점,2026-08-23 19:43:15,bookstore:1.0;quiet:1.0;indoor:1.0,2,70
네이버 지역검색 API | 서울 강북구,독립서점,재간정,상시,성인 (개인 방문 적합),"서울특별시 강북구 도봉로101길 18 | 좌표:1270296549,376433571",장소 문의 (전화/홈페이지 참조),"서울 강북구에 위치한 북카페 관련 장소 [재간정] (음식점>카페,디저트). 전화: 정보없음",https://map.naver.com/v5/search/%EC%9E%AC%EA%B0%84%EC%A0%95,"single:0.85;couple:0.4;family:0.3;음식점>카페,디저트;북카페",2026-08-23 19:43:15,bookstore:0.8;quiet:0.9;indoor:1.0,2,70
네이버 지역검색 API | 서울 강북구,독립서점,에피네 수유,상시,성인 (개인 방문 적합),"서울특별시 강북구 도봉로 315 3층 R312호 에피네 카페 | 좌표:1270233704,376370350",장소 문의 (전화/홈페이지 참조),"서울 강북구에 위치한 북카페 관련 장소 [에피네 수유] (음식점>카페,디저트). 전화: 정보없음",https://www.instagram.com/iam.epne_,"single:0.85;couple:0.4;family:0.3;음식점>카페,디저트;북카페",2026-08-23 19:43:15,bookstore:0.8;quiet:0.9;indoor:1.0,2,70
네이버 지역검색 API | 서울 강북구,독립서점,산수유 북카페,상시,성인 (개인 방문 적합),"서울특별시 강북구 인수봉로23길 56-7 북카페 산수유 | 좌표:1270098461,376278497",장소 문의 (전화/홈페이지 참조),"서울 강북구에 위치한 북카페 관련 장소 [산수유 북카페] (카페,디저트>북카페). 전화: 정보없음",https://www.instagram.com/sansooyou_bookcafe/,"single:0.85;couple:0.4;family:0.3;카페,디저트>북카페;북카페",2026-08-23 19:43:15,bookstore:0.8;quiet:0.9;indoor:1.0,2,70
네이버 지역검색 API | 서울 강북구,독립서점,더숲아카데미하우스,상시,성인 (개인 방문 적합),"서울특별시 강북구 4.19로 135 | 좌표:1270013935,376404244",장소 문의 (전화/홈페이지 참조),"서울 강북구에 위치한 북카페 관련 장소 [더숲아카데미하우스] (문화,예술>복합문화공간). 전화: 정보없음",https://academyhouse.deosup.com,"single:0.85;couple:0.4;family:0.3;문화,예술>복합문화공간;북카페",2026-08-23 19:43:15,bookstore:0.8;quiet:0.9;indoor:1.0,2,70
네이버 지역검색 API | 서울 강북구,독립서점,칩멍크,상시,성인 (개인 방문 적합),"서울특별시 강북구 삼양로98길 7 1층 | 좌표:1270176481,376387268",장소 문의 (전화/홈페이지 참조),서울 강북구에 위치한 북카페 관련 장소 [칩멍크] (브런치카페). 전화: 정보없음,https://map.naver.com/v5/search/%EC%B9%A9%EB%A9%8D%ED%81%AC,single:0.85;couple:0.4;family:0.3;브런치카페;북카페,2026-08-23 19:43:15,bookstore:0.8;quiet:0.9;indoor:1.0,2,70
네이버 지역검색 API | 서울 강북구,조용한 힐링,카공족 수유역점,상시,성인 (개인 방문 적합),"서울특별시 강북구 도봉로 350 3층 | 좌표:1270267054,376385799",장소 문의 (전화/홈페이지 참조),"서울 강북구에 위치한 스터디카페 관련 장소 [카공족 수유역점] (카페,디저트>스터디카페). 전화: 정보없음",https://www.instagram.com/cagongzok_official,"single:0.9;couple:0.4;family:0.3;카페,디저트>스터디카페;스터디카페",2026-08-23 19:43:15,healing:0.7;quiet:1.0;solo:1.0,2,70
네이버 지역검색 API | 서울 강북구,조용한 힐링,공간 프리미엄 독서실,상시,성인 (개인 방문 적합),"서울특별시 강북구 도봉로 177 서광빌딩 4층 | 좌표:1270265661,376246459",장소 문의 (전화/홈페이지 참조),"서울 강북구에 위치한 스터디카페 관련 장소 [공간 프리미엄 독서실] (교육,학문>독서실). 전화: 정보없음",http://blog.naver.com/ssunny411,"single:0.9;couple:0.4;family:0.3;교육,학문>독서실;스터디카페",2026-08-23 19:43:15,healing:0.7;quiet:1.0;solo:1.0,2,70
네이버 지역검색 API | 서울 강북구,조용한 힐링,카공족 미아사거리역점,상시,성인 (개인 방문 적합),"서울특별시 강북구 도봉로10길 22 4층 | 좌표:1270308979,376136027",장소 문의 (전화/홈페이지 참조),"서울 강북구에 위치한 스터디카페 관련 장소 [카공족 미아사거리역점] (카페,디저트>스터디카페). 전화: 정보없음",https://www.instagram.com/cagongzok_miasageori/,"single:0.9;couple:0.4;family:0.3;카페,디저트>스터디카페;스터디카페",2026-08-23 19:43:15,healing:0.7;quiet:1.0;solo:1.0,2,70
네이버 지역검색 API | 서울 강북구,조용한 힐링,내공관리형스터디카페 미아점,상시,성인 (개인 방문 적합),"서울특별시 강북구 도봉로 217 지하 1층 | 좌표:1270251108,376280577",장소 문의 (전화/홈페이지 참조),서울 강북구에 위치한 스터디카페 관련 장소 [내공관리형스터디카페 미아점] (스터디카페). 전화: 정보없음,https://www.naegongstudy.com,single:0.9;couple:0.4;family:0.3;스터디카페;스터디카페,2026-08-23 19:43:15,healing:0.7;quiet:1.0;solo:1.0,2,70
네이버 지역검색 API | 서울 강북구,조용한 힐링,카공족 미아역점,상시,성인 (개인 방문 적합),"서울특별시 강북구 도봉로 193 3층 | 좌표:1270259851,376260035",장소 문의 (전화/홈페이지 참조),"서울 강북구에 위치한 스터디카페 관련 장소 [카공족 미아역점] (카페,디저트>스터디카페). 전화: 정보없음",https://www.instagram.com/cagongzok_official,"single:0.9;couple:0.4;family:0.3;카페,디저트>스터디카페;스터디카페",2026-08-23 19:43:15,healing:0.7;quiet:1.0;solo:1.0,2,70
네이버 지역검색 API | 서울 강북구,조용한 힐링,수유요가 프리미엄,상시,성인 (개인 방문 적합),"서울특별시 강북구 도봉로 329 동오빌딩 8층 수유요가 프리미엄 | 좌표:1270247171,376375561",장소 문의 (전화/홈페이지 참조),서울 강북구에 위치한 요가원 관련 장소 [수유요가 프리미엄] (스포츠시설>요가원). 전화: 정보없음,https://smartstore.naver.com/suyuyoga,single:0.8;couple:0.4;family:0.3;스포츠시설>요가원;요가원,2026-08-23 19:43:15,healing:1.0;quiet:0.8;solo:0.9,2,70
네이버 지역검색 API | 서울 강북구,조용한 힐링,뮤온 요가&amp;필라테스,상시,성인 (개인 방문 적합),"서울특별시 강북구 도봉로 325 7층 뮤온 요가&필라테스 | 좌표:1270243657,376373260",장소 문의 (전화/홈페이지 참조),서울 강북구에 위치한 요가원 관련 장소 [뮤온 요가&amp;필라테스] (스포츠시설>요가원). 전화: 정보없음,https://booking.naver.com/booking/6/bizes/704623/items/4455864,single:0.8;couple:0.4;family:0.3;스포츠시설>요가원;요가원,2026-08-23 19:43:15,healing:1.0;quiet:0.8;solo:0.9,2,70
네이버 지역검색 API | 서울 강북구,조용한 힐링,바름요가,상시,성인 (개인 방문 적합),"서울특별시 강북구 오패산로 170-1 1층 | 좌표:1270334242,376170159",장소 문의 (전화/홈페이지 참조),서울 강북구에 위치한 요가원 관련 장소 [바름요가] (스포츠시설>요가원). 전화: 정보없음,https://www.instagram.com/bareum_yoga,single:0.8;couple:0.4;family:0.3;스포츠시설>요가원;요가원,2026-08-23 19:43:15,healing:1.0;quiet:0.8;solo:0.9,2,70
네이버 지역검색 API | 서울 강북구,조용한 힐링,리하트요가,상시,성인 (개인 방문 적합),"서울특별시 강북구 삼양로 424 정암빌딩 2층 리하트요가 | 좌표:1270170625,376414939",장소 문의 (전화/홈페이지 참조),서울 강북구에 위치한 요가원 관련 장소 [리하트요가] (스포츠시설>요가원). 전화: 정보없음,http://instagram.com/reheart_yoga,single:0.8;couple:0.4;family:0.3;스포츠시설>요가원;요가원,2026-08-23 19:43:15,healing:1.0;quiet:0.8;solo:0.9,2,70
네이버 지역검색 API | 서울 강북구,조용한 힐링,요가힐,상시,성인 (개인 방문 적합),"서울특별시 강북구 솔샘로 223 삼미빌딩 3층 | 좌표:1270175897,376202822",장소 문의 (전화/홈페이지 참조),서울 강북구에 위치한 요가원 관련 장소 [요가힐] (스포츠시설>요가원). 전화: 정보없음,https://blog.naver.com/00sunhyun,single:0.8;couple:0.4;family:0.3;스포츠시설>요가원;요가원,2026-08-23 19:43:15,healing:1.0;quiet:0.8;solo:0.9,2,70
네이버 지역검색 API | 서울 강북구,조용한 힐링,하늘꽃향기 자연치유명상센터,상시,성인 (개인 방문 적합),"서울특별시 강북구 인수봉로81길 24 | 좌표:1270090860,376456974",장소 문의 (전화/홈페이지 참조),"서울 강북구에 위치한 명상센터 관련 장소 [하늘꽃향기 자연치유명상센터] (건강,의료>대체,보조의료). 전화: 정보없음",http://www.skyflower.org/,"single:0.85;couple:0.4;family:0.3;건강,의료>대체,보조의료;명상센터",2026-08-23 19:43:15,healing:1.0;quiet:1.0;solo:1.0,2,70
네이버 지역검색 API | 서울 강북구,조용한 힐링,브레인트레이닝센터 수유점,상시,성인 (개인 방문 적합),"서울특별시 강북구 도봉로 317 덕산빌딩 4층 | 좌표:1270239908,376368115",장소 문의 (전화/홈페이지 참조),"서울 강북구에 위치한 명상센터 관련 장소 [브레인트레이닝센터 수유점] (스포츠,레크레이션교육>요가,명상). 전화: 정보없음",https://blog.naver.com/ssl1227,"single:0.85;couple:0.4;family:0.3;스포츠,레크레이션교육>요가,명상;명상센터",2026-08-23 19:43:15,healing:1.0;quiet:1.0;solo:1.0,2,70
네이버 지역검색 API | 서울 강북구,조용한 힐링,비아채심리상담센터,상시,성인 (개인 방문 적합),"서울특별시 강북구 오패산로 396-1 4층 4010호 | 좌표:1270278504,376366625",장소 문의 (전화/홈페이지 참조),"서울 강북구에 위치한 명상센터 관련 장소 [비아채심리상담센터] (건강,의료>심리상담). 전화: 정보없음",https://blog.naver.com/biachae,"single:0.85;couple:0.4;family:0.3;건강,의료>심리상담;명상센터",2026-08-23 19:43:15,healing:1.0;quiet:1.0;solo:1.0,2,70
네이버 지역검색 API | 서울 강북구,조용한 힐링,티벳불교 수행센터 자비미륵사,상시,성인 (개인 방문 적합),"서울특별시 강북구 도봉로96길 75 4층 | 좌표:1270322399,376387585",장소 문의 (전화/홈페이지 참조),"서울 강북구에 위치한 명상센터 관련 장소 [티벳불교 수행센터 자비미륵사] (여행,명소>종교시설). 전화: 정보없음",https://cafe.naver.com/https://cafe.naver.com/MyCafeIntro.nhn?clubid=29538565,"single:0.85;couple:0.4;family:0.3;여행,명소>종교시설;명상센터",2026-08-23 19:43:15,healing:1.0;quiet:1.0;solo:1.0,2,70
네이버 지역검색 API | 서울 강북구,조용한 힐링,예수고난회명상의집,상시,성인 (개인 방문 적합),"서울특별시 강북구 삼양로179길 283 | 좌표:1270028535,376740161",장소 문의 (전화/홈페이지 참조),서울 강북구에 위치한 명상센터 관련 장소 [예수고난회명상의집] (종교>천주교). 전화: 정보없음,https://map.naver.com/v5/search/%EC%98%88%EC%88%98%EA%B3%A0%EB%82%9C%ED%9A%8C%EB%AA%85%EC%83%81%EC%9D%98%EC%A7%91,single:0.85;couple:0.4;family:0.3;종교>천주교;명상센터,2026-08-23 19:43:15,healing:1.0;quiet:1.0;solo:1.0,2,70
네이버 지역검색 API | 서울 강북구,역사·문화,도선사,상시,성인 (개인 방문 적합),"서울특별시 강북구 도선사길 278 | 좌표:1269896035,376551435",장소 문의 (전화/홈페이지 참조),"서울 강북구에 위치한 사찰 관련 장소 [도선사] (불교>절,사찰). 전화: 정보없음",https://blog.naver.com/doseontemple,"single:0.7;couple:0.4;family:0.3;불교>절,사찰;사찰",2026-08-23 19:43:15,culture:1.0;history:0.9;outdoor:0.7,2,70
네이버 지역검색 API | 서울 강북구,역사·문화,화계사,상시,성인 (개인 방문 적합),"서울특별시 강북구 화계사길 117 | 좌표:1270074130,376331084",장소 문의 (전화/홈페이지 참조),"서울 강북구에 위치한 사찰 관련 장소 [화계사] (불교>절,사찰). 전화: 정보없음",http://www.hwagyesa.org/,"single:0.7;couple:0.4;family:0.3;불교>절,사찰;사찰",2026-08-23 19:43:15,culture:1.0;history:0.9;outdoor:0.7,2,70
네이버 지역검색 API | 서울 강북구,역사·문화,청혜도원,상시,성인 (개인 방문 적합),"서울특별시 강북구 삼양로173길 21 청혜도원 | 좌표:1270113570,376625986",장소 문의 (전화/홈페이지 참조),"서울 강북구에 위치한 사찰 관련 장소 [청혜도원] (불교>절,사찰). 전화: 정보없음",https://map.naver.com/v5/search/%EC%B2%AD%ED%98%9C%EB%8F%84%EC%9B%90,"single:0.7;couple:0.4;family:0.3;불교>절,사찰;사찰",2026-08-23 19:43:15,culture:1.0;history:0.9;outdoor:0.7,2,70
네이버 지역검색 API | 서울 강북구,자연·공원,초가집,상시,성인 (개인 방문 적합),"서울특별시 강북구 삼양로173길 116-28 | 좌표:1270063011,376622536",장소 문의 (전화/홈페이지 참조),서울 강북구에 위치한 둘레길 관련 장소 [초가집] (한식>한정식). 전화: 정보없음,https://map.naver.com/v5/search/%EC%B4%88%EA%B0%80%EC%A7%91,single:0.8;couple:0.4;family:0.3;한식>한정식;둘레길,2026-08-23 19:43:15,nature:1.0;outdoor:1.0;walk:1.0,2,70
네이버 지역검색 API | 서울 강북구,자연·공원,북한산둘레길2구간(순례길),상시,성인 (개인 방문 적합),"서울특별시 강북구 | 좌표:1270046373,376468500",장소 문의 (전화/홈페이지 참조),"서울 강북구에 위치한 둘레길 관련 장소 [북한산둘레길2구간(순례길)] (여행,명소>도보코스). 전화: 정보없음",https://map.naver.com/v5/search/%EB%B6%81%ED%95%9C%EC%82%B0%EB%91%98%EB%A0%88%EA%B8%B82%EA%B5%AC%EA%B0%84%28%EC%88%9C%EB%A1%80%EA%B8%B8%29,"single:0.8;couple:0.4;family:0.3;여행,명소>도보코스;둘레길",2026-08-23 19:43:15,nature:1.0;outdoor:1.0;walk:1.0,2,70
네이버 지역검색 API | 서울 강북구,자연·공원,화계사 템플스테이,상시,성인 (개인 방문 적합),"서울특별시 강북구 화계사길 117 화계사 템플스테이 | 좌표:1270071088,376325343",장소 문의 (전화/홈페이지 참조),"서울 강북구에 위치한 둘레길 관련 장소 [화계사 템플스테이] (여행,명소>템플스테이). 전화: 정보없음",https://www.youtube.com/@hwagyesatemplestay10,"single:0.8;couple:0.4;family:0.3;여행,명소>템플스테이;둘레길",2026-08-23 19:43:15,nature:1.0;outdoor:1.0;walk:1.0,2,70
네이버 지역검색 API | 서울 강북구,자연·공원,북한산둘레길3구간(흰구름길),상시,성인 (개인 방문 적합),"서울특별시 강북구 수유동 산164-1 | 좌표:1270084684,376322959",장소 문의 (전화/홈페이지 참조),"서울 강북구에 위치한 둘레길 관련 장소 [북한산둘레길3구간(흰구름길)] (여행,명소>도보코스). 전화: 정보없음",https://map.naver.com/v5/search/%EB%B6%81%ED%95%9C%EC%82%B0%EB%91%98%EB%A0%88%EA%B8%B83%EA%B5%AC%EA%B0%84%28%ED%9D%B0%EA%B5%AC%EB%A6%84%EA%B8%B8%29,"single:0.8;couple:0.4;family:0.3;여행,명소>도보코스;둘레길",2026-08-23 19:43:15,nature:1.0;outdoor:1.0;walk:1.0,2,70
네이버 지역검색 API | 서울 강북구,자연·공원,서울둘레길인증스탬프(화계사일주문),상시,성인 (개인 방문 적합),"서울특별시 강북구 수유동 | 좌표:1270092610,376330959",장소 문의 (전화/홈페이지 참조),"서울 강북구에 위치한 둘레길 관련 장소 [서울둘레길인증스탬프(화계사일주문)] (여행,명소>거리,골목). 전화: 정보없음",https://map.naver.com/v5/search/%EC%84%9C%EC%9A%B8%EB%91%98%EB%A0%88%EA%B8%B8%EC%9D%B8%EC%A6%9D%EC%8A%A4%ED%83%AC%ED%94%84%28%ED%99%94%EA%B3%84%EC%82%AC%EC%9D%BC%EC%A3%BC%EB%AC%B8%29,"single:0.8;couple:0.4;family:0.3;여행,명소>거리,골목;둘레길",2026-08-23 19:43:15,nature:1.0;outdoor:1.0;walk:1.0,2,70
네이버 지역검색 API | 서울 강북구,자연·공원,북서울꿈의숲계절수목원,상시,성인 (개인 방문 적합),"서울특별시 강북구 | 좌표:1270433299,376218609",장소 문의 (전화/홈페이지 참조),"서울 강북구에 위치한 수목원 관련 장소 [북서울꿈의숲계절수목원] (도시,테마공원>부속시설). 전화: 정보없음",https://map.naver.com/v5/search/%EB%B6%81%EC%84%9C%EC%9A%B8%EA%BF%88%EC%9D%98%EC%88%B2%EA%B3%84%EC%A0%88%EC%88%98%EB%AA%A9%EC%9B%90,"single:0.75;couple:0.4;family:0.3;도시,테마공원>부속시설;수목원",2026-08-23 19:43:15,nature:1.0;outdoor:1.0;walk:0.8,2,70
네이버 지역검색 API | 서울 강북구,자연·공원,서울창포원,상시,성인 (개인 방문 적합),"서울특별시 도봉구 마들로 916 | 좌표:1270479046,376895404",장소 문의 (전화/홈페이지 참조),"서울 강북구에 위치한 수목원 관련 장소 [서울창포원] (여행,명소>식물원,수목원). 전화: 정보없음",https://parks.seoul.go.kr/content.do?key=2604300018,"single:0.75;couple:0.4;family:0.3;여행,명소>식물원,수목원;수목원",2026-08-23 19:43:15,nature:1.0;outdoor:1.0;walk:0.8,2,70
네이버 지역검색 API | 서울 노원구,독립서점,동네책방 브론테살롱,상시,성인 (개인 방문 적합),"서울특별시 노원구 동일로242길 87 커피나무 2층 | 좌표:1270599619,376746538",장소 문의 (전화/홈페이지 참조),서울 노원구에 위치한 독립서점 관련 장소 [동네책방 브론테살롱] (서점>독립서점). 전화: 정보없음,https://www.instagram.com/bronte_salon_book,single:0.95;couple:0.4;family:0.3;서점>독립서점;독립서점,2026-08-23 19:43:15,bookstore:1.0;quiet:1.0;indoor:1.0,2,70
네이버 지역검색 API | 서울 노원구,독립서점,그림책공간틈,상시,성인 (개인 방문 적합),"서울특별시 노원구 동일로 986 노원프레미어스엠코 B206호 | 좌표:1270762120,376184810",장소 문의 (전화/홈페이지 참조),서울 노원구에 위치한 독립서점 관련 장소 [그림책공간틈] (서점>독립서점). 전화: 정보없음,https://www.instagram.com/teum_1101,single:0.95;couple:0.4;family:0.3;서점>독립서점;독립서점,2026-08-23 19:43:15,bookstore:1.0;quiet:1.0;indoor:1.0,2,70
네이버 지역검색 API | 서울 노원구,독립서점,책인감,상시,성인 (개인 방문 적합),"서울특별시 노원구 동일로182길 63-1 2층 | 좌표:1270775528,376235692",장소 문의 (전화/홈페이지 참조),"서울 노원구에 위치한 독립서점 관련 장소 [책인감] (쇼핑,유통>서점). 전화: 정보없음",https://blog.naver.com/lcj2020a,"single:0.95;couple:0.4;family:0.3;쇼핑,유통>서점;독립서점",2026-08-23 19:43:15,bookstore:1.0;quiet:1.0;indoor:1.0,2,70
네이버 지역검색 API | 서울 노원구,독립서점,지구불시착,상시,성인 (개인 방문 적합),"서울특별시 노원구 공릉로32길 13 1층 | 좌표:1270798926,376219133",장소 문의 (전화/홈페이지 참조),"서울 노원구에 위치한 독립서점 관련 장소 [지구불시착] (쇼핑,유통>서점). 전화: 정보없음",https://www.instagram.com/unplannedearth_books/,"single:0.95;couple:0.4;family:0.3;쇼핑,유통>서점;독립서점",2026-08-23 19:43:15,bookstore:1.0;quiet:1.0;indoor:1.0,2,70
네이버 지역검색 API | 서울 노원구,독립서점,경춘스테이션북앤커피,상시,성인 (개인 방문 적합),"서울특별시 노원구 공릉로55길 53 | 좌표:1270698191,376315312",장소 문의 (전화/홈페이지 참조),"서울 노원구에 위치한 북카페 관련 장소 [경춘스테이션북앤커피] (음식점>카페,디저트). 전화: 정보없음",https://map.naver.com/v5/search/%EA%B2%BD%EC%B6%98%EC%8A%A4%ED%85%8C%EC%9D%B4%EC%85%98%EB%B6%81%EC%95%A4%EC%BB%A4%ED%94%BC,"single:0.85;couple:0.4;family:0.3;음식점>카페,디저트;북카페",2026-08-23 19:43:15,bookstore:0.8;quiet:0.9;indoor:1.0,2,70
네이버 지역검색 API | 서울 노원구,독립서점,놀숲 노원역점,상시,성인 (개인 방문 적합),"서울특별시 노원구 상계로 59 2층 | 좌표:1270615782,376561607",장소 문의 (전화/홈페이지 참조),"서울 노원구에 위치한 북카페 관련 장소 [놀숲 노원역점] (스포츠,오락>만화방). 전화: 정보없음",http://krbda.com/nolsoop,"single:0.85;couple:0.4;family:0.3;스포츠,오락>만화방;북카페",2026-08-23 19:43:15,bookstore:0.8;quiet:0.9;indoor:1.0,2,70
네이버 지역검색 API | 서울 노원구,독립서점,커피랑도서관 은행사거리점,상시,성인 (개인 방문 적합),"서울특별시 노원구 한글비석로 242 삼부프라자 3층 커피랑도서관 은행사거리점 | 좌표:1270769853,376492399",장소 문의 (전화/홈페이지 참조),"서울 노원구에 위치한 북카페 관련 장소 [커피랑도서관 은행사거리점] (카페,디저트>스터디카페). 전화: 정보없음",http://pf.kakao.com/_vuxlxbb,"single:0.85;couple:0.4;family:0.3;카페,디저트>스터디카페;북카페",2026-08-23 19:43:15,bookstore:0.8;quiet:0.9;indoor:1.0,2,70
네이버 지역검색 API | 서울 노원구,독립서점,공릉행복발전소,상시,성인 (개인 방문 적합),"서울특별시 노원구 동일로179길 22 | 좌표:1270727800,376220826",장소 문의 (전화/홈페이지 참조),"서울 노원구에 위치한 북카페 관련 장소 [공릉행복발전소] (카페,디저트>북카페). 전화: 정보없음",https://blog.naver.com/grhappylib,"single:0.85;couple:0.4;family:0.3;카페,디저트>북카페;북카페",2026-08-23 19:43:15,bookstore:0.8;quiet:0.9;indoor:1.0,2,70
네이버 지역검색 API | 서울 노원구,독립서점,놀숲 중계은행사거리점,상시,성인 (개인 방문 적합),"서울특별시 노원구 한글비석로 231 지하1층 | 좌표:1270763680,376482284",장소 문의 (전화/홈페이지 참조),"서울 노원구에 위치한 북카페 관련 장소 [놀숲 중계은행사거리점] (스포츠,오락>만화방). 전화: 정보없음",http://www.instagram.com/nolsoopjg,"single:0.85;couple:0.4;family:0.3;스포츠,오락>만화방;북카페",2026-08-23 19:43:15,bookstore:0.8;quiet:0.9;indoor:1.0,2,70
네이버 지역검색 API | 서울 노원구,조용한 힐링,랭스터디카페 공릉점,상시,성인 (개인 방문 적합),"서울특별시 노원구 동일로192길 11 3층 | 좌표:1270737085,376261237",장소 문의 (전화/홈페이지 참조),"서울 노원구에 위치한 스터디카페 관련 장소 [랭스터디카페 공릉점] (서비스,산업>장소대여). 전화: 정보없음",https://blog.naver.com/langstudygn?tab=1,"single:0.9;couple:0.4;family:0.3;서비스,산업>장소대여;스터디카페",2026-08-23 19:43:15,healing:0.7;quiet:1.0;solo:1.0,2,70
네이버 지역검색 API | 서울 노원구,조용한 힐링,카공족빌리지 공릉점,상시,성인 (개인 방문 적합),"서울특별시 노원구 동일로176길 46 3층 | 좌표:1270775711,376203257",장소 문의 (전화/홈페이지 참조),서울 노원구에 위치한 스터디카페 관련 장소 [카공족빌리지 공릉점] (스터디카페). 전화: 정보없음,https://blog.naver.com/kagongzokvillage,single:0.9;couple:0.4;family:0.3;스터디카페;스터디카페,2026-08-23 19:43:15,healing:0.7;quiet:1.0;solo:1.0,2,70
네이버 지역검색 API | 서울 노원구,조용한 힐링,카공족 마들역점,상시,성인 (개인 방문 적합),"서울특별시 노원구 동일로 1545 5층 503호 | 좌표:1270569974,376664002",장소 문의 (전화/홈페이지 참조),"서울 노원구에 위치한 스터디카페 관련 장소 [카공족 마들역점] (카페,디저트>스터디카페). 전화: 정보없음",https://www.instagram.com/cagongzok_official/,"single:0.9;couple:0.4;family:0.3;카페,디저트>스터디카페;스터디카페",2026-08-23 19:43:15,healing:0.7;quiet:1.0;solo:1.0,2,70
네이버 지역검색 API | 서울 노원구,조용한 힐링,노원역스터디룸 스터디카페 더골스터디,상시,성인 (개인 방문 적합),"서울특별시 노원구 상계로5길 3 4층 | 좌표:1270638803,376568041",장소 문의 (전화/홈페이지 참조),"서울 노원구에 위치한 스터디카페 관련 장소 [노원역스터디룸 스터디카페 더골스터디] (서비스,산업>장소대여). 전화: 정보없음",https://booking.naver.com/booking/10/bizes/368474,"single:0.9;couple:0.4;family:0.3;서비스,산업>장소대여;스터디카페",2026-08-23 19:43:15,healing:0.7;quiet:1.0;solo:1.0,2,70
네이버 지역검색 API | 서울 노원구,조용한 힐링,위 스터디룸앤카페,상시,성인 (개인 방문 적합),"서울특별시 노원구 한글비석로 264 5층 513호 | 좌표:1270769847,376508623",장소 문의 (전화/홈페이지 참조),"서울 노원구에 위치한 스터디카페 관련 장소 [위 스터디룸앤카페] (서비스,산업>장소대여). 전화: 정보없음",https://blog.naver.com/westudyroom-junggye,"single:0.9;couple:0.4;family:0.3;서비스,산업>장소대여;스터디카페",2026-08-23 19:43:15,healing:0.7;quiet:1.0;solo:1.0,2,70
네이버 지역검색 API | 서울 노원구,조용한 힐링,아쉬탕가j요가,상시,성인 (개인 방문 적합),"서울특별시 노원구 석계로 105 3층 J요가 | 좌표:1270605691,376228717",장소 문의 (전화/홈페이지 참조),서울 노원구에 위치한 요가원 관련 장소 [아쉬탕가j요가] (스포츠시설>요가원). 전화: 정보없음,https://www.instagram.com/astanga_j_yoga/,single:0.8;couple:0.4;family:0.3;스포츠시설>요가원;요가원,2026-08-23 19:43:15,healing:1.0;quiet:0.8;solo:0.9,2,70
네이버 지역검색 API | 서울 노원구,조용한 힐링,요가이서 &amp; 필라테스 노원점,상시,성인 (개인 방문 적합),"서울특별시 노원구 노원로 526 2층 요가이서 | 좌표:1270604708,376612280",장소 문의 (전화/홈페이지 참조),서울 노원구에 위치한 요가원 관련 장소 [요가이서 &amp; 필라테스 노원점] (스포츠시설>요가원). 전화: 정보없음,https://gym90.creatorlink.net/,single:0.8;couple:0.4;family:0.3;스포츠시설>요가원;요가원,2026-08-23 19:43:15,healing:1.0;quiet:0.8;solo:0.9,2,70
네이버 지역검색 API | 서울 노원구,조용한 힐링,오늘도 요가,상시,성인 (개인 방문 적합),"서울특별시 노원구 동일로242길 39 4층 | 좌표:1270576443,376752319",장소 문의 (전화/홈페이지 참조),서울 노원구에 위치한 요가원 관련 장소 [오늘도 요가] (스포츠시설>요가원). 전화: 정보없음,https://www.instagram.com/today.yoga,single:0.8;couple:0.4;family:0.3;스포츠시설>요가원;요가원,2026-08-23 19:43:15,healing:1.0;quiet:0.8;solo:0.9,2,70
네이버 지역검색 API | 서울 노원구,조용한 힐링,아메리카요가 석계점,상시,성인 (개인 방문 적합),"서울특별시 노원구 석계로 17 4층 | 좌표:1270642798,376163102",장소 문의 (전화/홈페이지 참조),서울 노원구에 위치한 요가원 관련 장소 [아메리카요가 석계점] (스포츠시설>요가원). 전화: 정보없음,https://www.instagram.com/ayo_seokgye/,single:0.8;couple:0.4;family:0.3;스포츠시설>요가원;요가원,2026-08-23 19:43:15,healing:1.0;quiet:0.8;solo:0.9,2,70
네이버 지역검색 API | 서울 노원구,조용한 힐링,힐링하다 번지&amp;요가 화랑대점,상시,성인 (개인 방문 적합),"서울특별시 노원구 노원로 3 2층, 201호 힐링하다 번지&요가 | 좌표:1270866513,376219901",장소 문의 (전화/홈페이지 참조),서울 노원구에 위치한 요가원 관련 장소 [힐링하다 번지&amp;요가 화랑대점] (스포츠시설>요가원). 전화: 정보없음,http://pf.kakao.com/_xeAWxgn,single:0.8;couple:0.4;family:0.3;스포츠시설>요가원;요가원,2026-08-23 19:43:15,healing:1.0;quiet:0.8;solo:0.9,2,70
네이버 지역검색 API | 서울 노원구,조용한 힐링,마음수련 명상센터 노원점,상시,성인 (개인 방문 적합),"서울특별시 노원구 상계로 63-7 청우빌딩 5층 | 좌표:1270618955,376565125",장소 문의 (전화/홈페이지 참조),"서울 노원구에 위치한 명상센터 관련 장소 [마음수련 명상센터 노원점] (스포츠,레크레이션교육>요가,명상). 전화: 정보없음",http://trueselfclass.com/,"single:0.85;couple:0.4;family:0.3;스포츠,레크레이션교육>요가,명상;명상센터",2026-08-23 19:43:15,healing:1.0;quiet:1.0;solo:1.0,2,70
네이버 지역검색 API | 서울 노원구,조용한 힐링,마음수련 명상센터 태릉입구역센터,상시,성인 (개인 방문 적합),"서울특별시 노원구 동일로173가길 37 선석빌딩 6층 | 좌표:1270731003,376199220",장소 문의 (전화/홈페이지 참조),"서울 노원구에 위치한 명상센터 관련 장소 [마음수련 명상센터 태릉입구역센터] (스포츠,레크레이션교육>요가,명상). 전화: 정보없음",http://trueselfclass.com/,"single:0.85;couple:0.4;family:0.3;스포츠,레크레이션교육>요가,명상;명상센터",2026-08-23 19:43:15,healing:1.0;quiet:1.0;solo:1.0,2,70
네이버 지역검색 API | 서울 노원구,조용한 힐링,브레인트레이닝센터 상계점,상시,성인 (개인 방문 적합),"서울특별시 노원구 노해로 521 정일빌딩 3층 | 좌표:1270659305,376557707",장소 문의 (전화/홈페이지 참조),"서울 노원구에 위치한 명상센터 관련 장소 [브레인트레이닝센터 상계점] (스포츠,레크레이션교육>요가,명상). 전화: 정보없음",https://www.brain-training.co.kr/Default.aspx,"single:0.85;couple:0.4;family:0.3;스포츠,레크레이션교육>요가,명상;명상센터",2026-08-23 19:43:15,healing:1.0;quiet:1.0;solo:1.0,2,70
네이버 지역검색 API | 서울 노원구,조용한 힐링,관음선원 관음불교대학 하늘숲명상센터,상시,성인 (개인 방문 적합),"서울특별시 노원구 상계로35가길 92 관음선원 하늘숲명상센터 | 좌표:1270788276,376742848",장소 문의 (전화/홈페이지 참조),"서울 노원구에 위치한 명상센터 관련 장소 [관음선원 관음불교대학 하늘숲명상센터] (불교>절,사찰). 전화: 정보없음",https://map.naver.com/v5/search/%EA%B4%80%EC%9D%8C%EC%84%A0%EC%9B%90%20%EA%B4%80%EC%9D%8C%EB%B6%88%EA%B5%90%EB%8C%80%ED%95%99%20%ED%95%98%EB%8A%98%EC%88%B2%EB%AA%85%EC%83%81%EC%84%BC%ED%84%B0,"single:0.85;couple:0.4;family:0.3;불교>절,사찰;명상센터",2026-08-23 19:43:15,healing:1.0;quiet:1.0;solo:1.0,2,70
네이버 지역검색 API | 서울 노원구,조용한 힐링,브레인트레이닝센터 공릉점,상시,성인 (개인 방문 적합),"서울특별시 노원구 동일로 1085 샘병원빌딩 3층 | 좌표:1270721192,376266938",장소 문의 (전화/홈페이지 참조),"서울 노원구에 위치한 명상센터 관련 장소 [브레인트레이닝센터 공릉점] (스포츠,레크레이션교육>요가,명상). 전화: 정보없음",https://blog.naver.com/bt-center,"single:0.85;couple:0.4;family:0.3;스포츠,레크레이션교육>요가,명상;명상센터",2026-08-23 19:43:15,healing:1.0;quiet:1.0;solo:1.0,2,70
네이버 지역검색 API | 서울 노원구,역사·문화,경수사,상시,성인 (개인 방문 적합),"서울특별시 노원구 상계동 산164-21 | 좌표:1270843061,376662752",장소 문의 (전화/홈페이지 참조),"서울 노원구에 위치한 사찰 관련 장소 [경수사] (불교>절,사찰). 전화: 정보없음",https://map.naver.com/v5/search/%EA%B2%BD%EC%88%98%EC%82%AC,"single:0.7;couple:0.4;family:0.3;불교>절,사찰;사찰",2026-08-23 19:43:15,culture:1.0;history:0.9;outdoor:0.7,2,70
네이버 지역검색 API | 서울 노원구,역사·문화,염불사,상시,성인 (개인 방문 적합),"서울특별시 노원구 동일로250길 44-142 | 좌표:1270661306,376844494",장소 문의 (전화/홈페이지 참조),"서울 노원구에 위치한 사찰 관련 장소 [염불사] (불교>절,사찰). 전화: 정보없음",https://map.naver.com/v5/search/%EC%97%BC%EB%B6%88%EC%82%AC,"single:0.7;couple:0.4;family:0.3;불교>절,사찰;사찰",2026-08-23 19:43:15,culture:1.0;history:0.9;outdoor:0.7,2,70
네이버 지역검색 API | 서울 노원구,역사·문화,도안사,상시,성인 (개인 방문 적합),"서울특별시 노원구 덕릉로145길 97 | 좌표:1270854500,376838760",장소 문의 (전화/홈페이지 참조),"서울 노원구에 위치한 사찰 관련 장소 [도안사] (불교>절,사찰). 전화: 정보없음",http://www.doansa.or.kr/,"single:0.7;couple:0.4;family:0.3;불교>절,사찰;사찰",2026-08-23 19:43:15,culture:1.0;history:0.9;outdoor:0.7,2,70
네이버 지역검색 API | 서울 노원구,역사·문화,학림사,상시,성인 (개인 방문 적합),"서울특별시 노원구 덕릉로129가길 241 | 좌표:1270773710,376821081",장소 문의 (전화/홈페이지 참조),"서울 노원구에 위치한 사찰 관련 장소 [학림사] (불교>절,사찰). 전화: 정보없음",https://map.naver.com/v5/search/%ED%95%99%EB%A6%BC%EC%82%AC,"single:0.7;couple:0.4;family:0.3;불교>절,사찰;사찰",2026-08-23 19:43:15,culture:1.0;history:0.9;outdoor:0.7,2,70
네이버 지역검색 API | 서울 노원구,자연·공원,순대국 옥순도마 수락산역 본점,상시,성인 (개인 방문 적합),"서울특별시 노원구 동일로242길 87 1층 | 좌표:1270599619,376746539",장소 문의 (전화/홈페이지 참조),"서울 노원구에 위치한 둘레길 관련 장소 [순대국 옥순도마 수락산역 본점] (한식>순대,순댓국). 전화: 정보없음",https://blog.naver.com/dkdksj111,"single:0.8;couple:0.4;family:0.3;한식>순대,순댓국;둘레길",2026-08-23 19:43:15,nature:1.0;outdoor:1.0;walk:1.0,2,70
네이버 지역검색 API | 서울 노원구,자연·공원,서울둘레길1코스(수락산),상시,성인 (개인 방문 적합),"서울특별시 노원구 상계동 산44-3 | 좌표:1270596636,376800173",장소 문의 (전화/홈페이지 참조),"서울 노원구에 위치한 둘레길 관련 장소 [서울둘레길1코스(수락산)] (여행,명소>도보코스). 전화: 정보없음",https://map.naver.com/v5/search/%EC%84%9C%EC%9A%B8%EB%91%98%EB%A0%88%EA%B8%B81%EC%BD%94%EC%8A%A4%28%EC%88%98%EB%9D%BD%EC%82%B0%29,"single:0.8;couple:0.4;family:0.3;여행,명소>도보코스;둘레길",2026-08-23 19:43:15,nature:1.0;outdoor:1.0;walk:1.0,2,70
네이버 지역검색 API | 서울 노원구,자연·공원,서울둘레길인증스탬프(상계동나들이철쭉동산),상시,성인 (개인 방문 적합),"서울특별시 노원구 상계동 | 좌표:1270836533,376683949",장소 문의 (전화/홈페이지 참조),"서울 노원구에 위치한 둘레길 관련 장소 [서울둘레길인증스탬프(상계동나들이철쭉동산)] (여행,명소>거리,골목). 전화: 정보없음",https://map.naver.com/v5/search/%EC%84%9C%EC%9A%B8%EB%91%98%EB%A0%88%EA%B8%B8%EC%9D%B8%EC%A6%9D%EC%8A%A4%ED%83%AC%ED%94%84%28%EC%83%81%EA%B3%84%EB%8F%99%EB%82%98%EB%93%A4%EC%9D%B4%EC%B2%A0%EC%AD%89%EB%8F%99%EC%82%B0%29,"single:0.8;couple:0.4;family:0.3;여행,명소>거리,골목;둘레길",2026-08-23 19:43:15,nature:1.0;outdoor:1.0;walk:1.0,2,70
네이버 지역검색 API | 서울 노원구,자연·공원,서울둘레길2코스(덕릉고개),상시,성인 (개인 방문 적합),"서울특별시 노원구 상계동 산155-14 | 좌표:1270873204,376766269",장소 문의 (전화/홈페이지 참조),"서울 노원구에 위치한 둘레길 관련 장소 [서울둘레길2코스(덕릉고개)] (여행,명소>도보코스). 전화: 정보없음",https://map.naver.com/v5/search/%EC%84%9C%EC%9A%B8%EB%91%98%EB%A0%88%EA%B8%B82%EC%BD%94%EC%8A%A4%28%EB%8D%95%EB%A6%89%EA%B3%A0%EA%B0%9C%29,"single:0.8;couple:0.4;family:0.3;여행,명소>도보코스;둘레길",2026-08-23 19:43:15,nature:1.0;outdoor:1.0;walk:1.0,2,70
네이버 지역검색 API | 서울 노원구,자연·공원,서울둘레길3코스(불암산),상시,성인 (개인 방문 적합),"서울특별시 노원구 중계동 산112 | 좌표:1270887494,376459005",장소 문의 (전화/홈페이지 참조),"서울 노원구에 위치한 둘레길 관련 장소 [서울둘레길3코스(불암산)] (여행,명소>도보코스). 전화: 정보없음",https://map.naver.com/v5/search/%EC%84%9C%EC%9A%B8%EB%91%98%EB%A0%88%EA%B8%B83%EC%BD%94%EC%8A%A4%28%EB%B6%88%EC%95%94%EC%82%B0%29,"single:0.8;couple:0.4;family:0.3;여행,명소>도보코스;둘레길",2026-08-23 19:43:15,nature:1.0;outdoor:1.0;walk:1.0,2,70
네이버 지역검색 API | 서울 노원구,자연·공원,산들소리,상시,성인 (개인 방문 적합),"경기도 남양주시 불암산로59번길 48-31 산들소리 | 좌표:1270988395,376503945",장소 문의 (전화/홈페이지 참조),"서울 노원구에 위치한 수목원 관련 장소 [산들소리] (여행,명소>식물원,수목원). 전화: 정보없음",https://www.instagram.com/arboretum_sandul/,"single:0.75;couple:0.4;family:0.3;여행,명소>식물원,수목원;수목원",2026-08-23 19:43:15,nature:1.0;outdoor:1.0;walk:0.8,2,70
네이버 지역검색 API | 서울 노원구,자연·공원,산들소리카페허브원,상시,성인 (개인 방문 적합),"경기도 남양주시 별내동 산124-9 | 좌표:1270994950,376504435",장소 문의 (전화/홈페이지 참조),"서울 노원구에 위치한 수목원 관련 장소 [산들소리카페허브원] (관람,체험>부속시설). 전화: 정보없음",https://map.naver.com/v5/search/%EC%82%B0%EB%93%A4%EC%86%8C%EB%A6%AC%EC%B9%B4%ED%8E%98%ED%97%88%EB%B8%8C%EC%9B%90,"single:0.75;couple:0.4;family:0.3;관람,체험>부속시설;수목원",2026-08-23 19:43:15,nature:1.0;outdoor:1.0;walk:0.8,2,70
네이버 지역검색 API | 서울 노원구,자연·공원,산들소리카페레스토랑,상시,성인 (개인 방문 적합),"경기도 남양주시 불암산로59번길 48-29 | 좌표:1270993534,376508613",장소 문의 (전화/홈페이지 참조),"서울 노원구에 위치한 수목원 관련 장소 [산들소리카페레스토랑] (관람,체험>부속시설). 전화: 정보없음",https://map.naver.com/v5/search/%EC%82%B0%EB%93%A4%EC%86%8C%EB%A6%AC%EC%B9%B4%ED%8E%98%EB%A0%88%EC%8A%A4%ED%86%A0%EB%9E%91,"single:0.75;couple:0.4;family:0.3;관람,체험>부속시설;수목원",2026-08-23 19:43:15,nature:1.0;outdoor:1.0;walk:0.8,2,70
네이버 지역검색 API | 서울 관악구,독립서점,엉금책방,상시,성인 (개인 방문 적합),"서울특별시 관악구 신림로 391 2층 | 좌표:1269278728,374890969",장소 문의 (전화/홈페이지 참조),서울 관악구에 위치한 독립서점 관련 장소 [엉금책방] (서점>독립서점). 전화: 정보없음,https://map.naver.com/v5/search/%EC%97%89%EA%B8%88%EC%B1%85%EB%B0%A9,single:0.95;couple:0.4;family:0.3;서점>독립서점;독립서점,2026-08-23 19:43:15,bookstore:1.0;quiet:1.0;indoor:1.0,2,70
네이버 지역검색 API | 서울 관악구,독립서점,홀로상점,상시,성인 (개인 방문 적합),"서울특별시 관악구 관악로12길 25 1층 | 좌표:1269539897,374781506",장소 문의 (전화/홈페이지 참조),서울 관악구에 위치한 독립서점 관련 장소 [홀로상점] (서점>독립서점). 전화: 정보없음,https://www.instagram.com/store_hollow1,single:0.95;couple:0.4;family:0.3;서점>독립서점;독립서점,2026-08-23 19:43:15,bookstore:1.0;quiet:1.0;indoor:1.0,2,70
네이버 지역검색 API | 서울 관악구,독립서점,책바 바인딩,상시,성인 (개인 방문 적합),"서울특별시 관악구 남부순환로231길 11 1층 101호 | 좌표:1269569457,374803902",장소 문의 (전화/홈페이지 참조),서울 관악구에 위치한 독립서점 관련 장소 [책바 바인딩] (서점>독립서점). 전화: 정보없음,https://linktr.ee/bar_in_ding,single:0.95;couple:0.4;family:0.3;서점>독립서점;독립서점,2026-08-23 19:43:15,bookstore:1.0;quiet:1.0;indoor:1.0,2,70
네이버 지역검색 API | 서울 관악구,독립서점,회전문서재,상시,성인 (개인 방문 적합),"서울특별시 관악구 조원로2길 55 1층 4호 노란색 벽 | 좌표:1269013128,374812438",장소 문의 (전화/홈페이지 참조),서울 관악구에 위치한 독립서점 관련 장소 [회전문서재] (서점>독립서점). 전화: 정보없음,https://booking.naver.com/afterwork-library,single:0.95;couple:0.4;family:0.3;서점>독립서점;독립서점,2026-08-23 19:43:15,bookstore:1.0;quiet:1.0;indoor:1.0,2,70
네이버 지역검색 API | 서울 관악구,독립서점,이나영책방,상시,성인 (개인 방문 적합),"서울특별시 관악구 조원로 77 202호 | 좌표:1269108795,374844175",장소 문의 (전화/홈페이지 참조),서울 관악구에 위치한 독립서점 관련 장소 [이나영책방] (서점>독립서점). 전화: 정보없음,https://blog.naver.com/lnybookshop,single:0.95;couple:0.4;family:0.3;서점>독립서점;독립서점,2026-08-23 19:43:15,bookstore:1.0;quiet:1.0;indoor:1.0,2,70
네이버 지역검색 API | 서울 관악구,독립서점,북덕방,상시,성인 (개인 방문 적합),"서울특별시 관악구 봉천로 544-1 2층 201호 | 좌표:1269581918,374782418",장소 문의 (전화/홈페이지 참조),"서울 관악구에 위치한 북카페 관련 장소 [북덕방] (음식점>카페,디저트). 전화: 정보없음",https://www.instagram.com/bookduckbang,"single:0.85;couple:0.4;family:0.3;음식점>카페,디저트;북카페",2026-08-23 19:43:15,bookstore:0.8;quiet:0.9;indoor:1.0,2,70
네이버 지역검색 API | 서울 관악구,독립서점,카페 아래로,상시,성인 (개인 방문 적합),"서울특별시 관악구 난곡로10길 10 카페 아래로 | 좌표:1269202413,374652249",장소 문의 (전화/홈페이지 참조),"서울 관악구에 위치한 북카페 관련 장소 [카페 아래로] (음식점>카페,디저트). 전화: 정보없음",https://www.instagram.com/cafe_arero,"single:0.85;couple:0.4;family:0.3;음식점>카페,디저트;북카페",2026-08-23 19:43:15,bookstore:0.8;quiet:0.9;indoor:1.0,2,70
네이버 지역검색 API | 서울 관악구,독립서점,히코,상시,성인 (개인 방문 적합),"서울특별시 관악구 남부순환로 1746-1 2층 | 좌표:1269440896,374819447",장소 문의 (전화/홈페이지 참조),"서울 관악구에 위치한 북카페 관련 장소 [히코] (음식점>카페,디저트). 전화: 정보없음",https://www.instagram.com/cafe.hik0/,"single:0.85;couple:0.4;family:0.3;음식점>카페,디저트;북카페",2026-08-23 19:43:15,bookstore:0.8;quiet:0.9;indoor:1.0,2,70
네이버 지역검색 API | 서울 관악구,독립서점,감성공백,상시,성인 (개인 방문 적합),"서울특별시 관악구 남부순환로152길 17 2층 | 좌표:1269192275,374819174",장소 문의 (전화/홈페이지 참조),"서울 관악구에 위치한 북카페 관련 장소 [감성공백] (음식점>카페,디저트). 전화: 정보없음",https://www.instagram.com/gamsung0100/,"single:0.85;couple:0.4;family:0.3;음식점>카페,디저트;북카페",2026-08-23 19:43:15,bookstore:0.8;quiet:0.9;indoor:1.0,2,70
네이버 지역검색 API | 서울 관악구,조용한 힐링,랭스터디카페 신림점,상시,성인 (개인 방문 적합),"서울특별시 관악구 신림로 376 2층 랭스터디카페 신림점 | 좌표:1269289457,374879239",장소 문의 (전화/홈페이지 참조),"서울 관악구에 위치한 스터디카페 관련 장소 [랭스터디카페 신림점] (서비스,산업>장소대여). 전화: 정보없음",https://www.instagram.com/langstudycafe_sillim,"single:0.9;couple:0.4;family:0.3;서비스,산업>장소대여;스터디카페",2026-08-23 19:43:15,healing:0.7;quiet:1.0;solo:1.0,2,70
네이버 지역검색 API | 서울 관악구,조용한 힐링,디딤스터디카페 워크라운지 서울대입구역점,상시,성인 (개인 방문 적합),"서울특별시 관악구 남부순환로218길 36 2층 | 좌표:1269501097,374798114",장소 문의 (전화/홈페이지 참조),"서울 관악구에 위치한 스터디카페 관련 장소 [디딤스터디카페 워크라운지 서울대입구역점] (카페,디저트>스터디카페). 전화: 정보없음",https://map.naver.com/v5/search/%EB%94%94%EB%94%A4%EC%8A%A4%ED%84%B0%EB%94%94%EC%B9%B4%ED%8E%98%20%EC%9B%8C%ED%81%AC%EB%9D%BC%EC%9A%B4%EC%A7%80%20%EC%84%9C%EC%9A%B8%EB%8C%80%EC%9E%85%EA%B5%AC%EC%97%AD%EC%A0%90,"single:0.9;couple:0.4;family:0.3;카페,디저트>스터디카페;스터디카페",2026-08-23 19:43:15,healing:0.7;quiet:1.0;solo:1.0,2,70
네이버 지역검색 API | 서울 관악구,조용한 힐링,스페이스액트 스터디카페,상시,성인 (개인 방문 적합),"서울특별시 관악구 신림로59길 23 삼모스포렉스 12층 | 좌표:1269285435,374826395",장소 문의 (전화/홈페이지 참조),"서울 관악구에 위치한 스터디카페 관련 장소 [스페이스액트 스터디카페] (서비스,산업>장소대여). 전화: 정보없음",https://actedu.info/,"single:0.9;couple:0.4;family:0.3;서비스,산업>장소대여;스터디카페",2026-08-23 19:43:15,healing:0.7;quiet:1.0;solo:1.0,2,70
네이버 지역검색 API | 서울 관악구,조용한 힐링,페이스더블랙워크&amp;스터디 서울대벤처타운점,상시,성인 (개인 방문 적합),"서울특별시 관악구 신림로 85 3층 | 좌표:1269399343,374703340",장소 문의 (전화/홈페이지 참조),서울 관악구에 위치한 스터디카페 관련 장소 [페이스더블랙워크&amp;스터디 서울대벤처타운점] (스터디카페). 전화: 정보없음,https://buly.kr/3j9LfkK,single:0.9;couple:0.4;family:0.3;스터디카페;스터디카페,2026-08-23 19:43:15,healing:0.7;quiet:1.0;solo:1.0,2,70
네이버 지역검색 API | 서울 관악구,조용한 힐링,카공족 신대방역점,상시,성인 (개인 방문 적합),"서울특별시 관악구 남부순환로151길 73 2층 | 좌표:1269143567,374843945",장소 문의 (전화/홈페이지 참조),"서울 관악구에 위치한 스터디카페 관련 장소 [카공족 신대방역점] (카페,디저트>스터디카페). 전화: 정보없음",http://pf.kakao.com/_xfnyxbX,"single:0.9;couple:0.4;family:0.3;카페,디저트>스터디카페;스터디카페",2026-08-23 19:43:15,healing:0.7;quiet:1.0;solo:1.0,2,70
네이버 지역검색 API | 서울 관악구,조용한 힐링,요가원더랜드 낙성대,상시,성인 (개인 방문 적합),"서울특별시 관악구 인헌6길 16 3층 306호 | 좌표:1269660220,374741092",장소 문의 (전화/홈페이지 참조),서울 관악구에 위치한 요가원 관련 장소 [요가원더랜드 낙성대] (스포츠시설>요가원). 전화: 정보없음,https://yogawonderland.co.kr/,single:0.8;couple:0.4;family:0.3;스포츠시설>요가원;요가원,2026-08-23 19:43:15,healing:1.0;quiet:0.8;solo:0.9,2,70
네이버 지역검색 API | 서울 관악구,조용한 힐링,요가룩스 신림점,상시,성인 (개인 방문 적합),"서울특별시 관악구 남부순환로 1464 승도빌딩 3층 요가룩스 신림점 | 좌표:1269133716,374813013",장소 문의 (전화/홈페이지 참조),서울 관악구에 위치한 요가원 관련 장소 [요가룩스 신림점] (스포츠시설>요가원). 전화: 정보없음,https://www.instagram.com/yogalooks_sillim,single:0.8;couple:0.4;family:0.3;스포츠시설>요가원;요가원,2026-08-23 19:43:15,healing:1.0;quiet:0.8;solo:0.9,2,70
네이버 지역검색 API | 서울 관악구,조용한 힐링,아메리카요가 서울대입구역점,상시,성인 (개인 방문 적합),"서울특별시 관악구 남부순환로 1797 호혜빌딩 2층 | 좌표:1269499459,374818191",장소 문의 (전화/홈페이지 참조),서울 관악구에 위치한 요가원 관련 장소 [아메리카요가 서울대입구역점] (스포츠시설>요가원). 전화: 정보없음,https://www.instagram.com/americayoga_seoul,single:0.8;couple:0.4;family:0.3;스포츠시설>요가원;요가원,2026-08-23 19:43:15,healing:1.0;quiet:0.8;solo:0.9,2,70
네이버 지역검색 API | 서울 관악구,조용한 힐링,더플로우 요가 신림,상시,성인 (개인 방문 적합),"서울특별시 관악구 신림로65길 24 4, 5층 더플로우 | 좌표:1269282160,374851216",장소 문의 (전화/홈페이지 참조),서울 관악구에 위치한 요가원 관련 장소 [더플로우 요가 신림] (스포츠시설>요가원). 전화: 정보없음,https://더플로우.com,single:0.8;couple:0.4;family:0.3;스포츠시설>요가원;요가원,2026-08-23 19:43:15,healing:1.0;quiet:0.8;solo:0.9,2,70
네이버 지역검색 API | 서울 관악구,조용한 힐링,새별요가,상시,성인 (개인 방문 적합),"서울특별시 관악구 난곡로 359 4층 새별요가 | 좌표:1269135125,374861073",장소 문의 (전화/홈페이지 참조),서울 관악구에 위치한 요가원 관련 장소 [새별요가] (스포츠시설>요가원). 전화: 정보없음,https://blog.naver.com/han_sallyoga,single:0.8;couple:0.4;family:0.3;스포츠시설>요가원;요가원,2026-08-23 19:43:15,healing:1.0;quiet:0.8;solo:0.9,2,70
네이버 지역검색 API | 서울 관악구,조용한 힐링,마음수련 명상센터 서울대입구역점,상시,성인 (개인 방문 적합),"서울특별시 관악구 남부순환로 1808 제5층 제1호 | 좌표:1269509341,374810980",장소 문의 (전화/홈페이지 참조),"서울 관악구에 위치한 명상센터 관련 장소 [마음수련 명상센터 서울대입구역점] (스포츠,레크레이션교육>요가,명상). 전화: 정보없음",https://trueselfclass.com/,"single:0.85;couple:0.4;family:0.3;스포츠,레크레이션교육>요가,명상;명상센터",2026-08-23 19:43:15,healing:1.0;quiet:1.0;solo:1.0,2,70
네이버 지역검색 API | 서울 관악구,조용한 힐링,마음수련 명상센터 사당역점,상시,성인 (개인 방문 적합),"서울특별시 관악구 남부순환로 2068 르메이에르강남타운 1차 203호 | 좌표:1269785635,374763416",장소 문의 (전화/홈페이지 참조),"서울 관악구에 위치한 명상센터 관련 장소 [마음수련 명상센터 사당역점] (스포츠,레크레이션교육>요가,명상). 전화: 정보없음",http://trueselfclass.com/,"single:0.85;couple:0.4;family:0.3;스포츠,레크레이션교육>요가,명상;명상센터",2026-08-23 19:43:15,healing:1.0;quiet:1.0;solo:1.0,2,70
네이버 지역검색 API | 서울 관악구,조용한 힐링,보라매힐링명상&amp;요가센터,상시,성인 (개인 방문 적합),"서울특별시 관악구 보라매로 25 2층 | 좌표:1269265558,374919232",장소 문의 (전화/홈페이지 참조),"서울 관악구에 위치한 명상센터 관련 장소 [보라매힐링명상&amp;요가센터] (스포츠,레크레이션교육>요가,명상). 전화: 정보없음",https://blog.naver.com/bhmy2023,"single:0.85;couple:0.4;family:0.3;스포츠,레크레이션교육>요가,명상;명상센터",2026-08-23 19:43:15,healing:1.0;quiet:1.0;solo:1.0,2,70
네이버 지역검색 API | 서울 관악구,조용한 힐링,아쉬탕가요가센터,상시,성인 (개인 방문 적합),"서울특별시 관악구 신림로 113 5층 | 좌표:1269366730,374706345",장소 문의 (전화/홈페이지 참조),"서울 관악구에 위치한 명상센터 관련 장소 [아쉬탕가요가센터] (스포츠,레크레이션교육>요가,명상). 전화: 정보없음",http://cafe.daum.net/yogascience,"single:0.85;couple:0.4;family:0.3;스포츠,레크레이션교육>요가,명상;명상센터",2026-08-23 19:43:15,healing:1.0;quiet:1.0;solo:1.0,2,70
네이버 지역검색 API | 서울 관악구,조용한 힐링,제나힐링심리상담센터,상시,성인 (개인 방문 적합),"서울특별시 관악구 남부순환로 1811 신원메트로빌 806호 | 좌표:1269514833,374817674",장소 문의 (전화/홈페이지 참조),"서울 관악구에 위치한 명상센터 관련 장소 [제나힐링심리상담센터] (건강,의료>심리상담). 전화: 정보없음",https://blog.naver.com/zenatherapy,"single:0.85;couple:0.4;family:0.3;건강,의료>심리상담;명상센터",2026-08-23 19:43:15,healing:1.0;quiet:1.0;solo:1.0,2,70
네이버 지역검색 API | 서울 관악구,역사·문화,명락사,상시,성인 (개인 방문 적합),"서울특별시 관악구 청룡1길 11 | 좌표:1269469942,374813764",장소 문의 (전화/홈페이지 참조),"서울 관악구에 위치한 사찰 관련 장소 [명락사] (불교>절,사찰). 전화: 정보없음",https://map.naver.com/v5/search/%EB%AA%85%EB%9D%BD%EC%82%AC,"single:0.7;couple:0.4;family:0.3;불교>절,사찰;사찰",2026-08-23 19:43:15,culture:1.0;history:0.9;outdoor:0.7,2,70
네이버 지역검색 API | 서울 관악구,역사·문화,성주암,상시,성인 (개인 방문 적합),"서울특별시 관악구 신림로 15-250 성주암 | 좌표:1269427677,374575011",장소 문의 (전화/홈페이지 참조),"서울 관악구에 위치한 사찰 관련 장소 [성주암] (불교>절,사찰). 전화: 정보없음",https://map.naver.com/v5/search/%EC%84%B1%EC%A3%BC%EC%95%94,"single:0.7;couple:0.4;family:0.3;불교>절,사찰;사찰",2026-08-23 19:43:15,culture:1.0;history:0.9;outdoor:0.7,2,70
네이버 지역검색 API | 서울 관악구,역사·문화,대한불교조계종약수사,상시,성인 (개인 방문 적합),"서울특별시 관악구 약수암1길 28 약수사 | 좌표:1269345979,374591185",장소 문의 (전화/홈페이지 참조),"서울 관악구에 위치한 사찰 관련 장소 [대한불교조계종약수사] (불교>절,사찰). 전화: 정보없음",https://map.naver.com/v5/search/%EB%8C%80%ED%95%9C%EB%B6%88%EA%B5%90%EC%A1%B0%EA%B3%84%EC%A2%85%EC%95%BD%EC%88%98%EC%82%AC,"single:0.7;couple:0.4;family:0.3;불교>절,사찰;사찰",2026-08-23 19:43:15,culture:1.0;history:0.9;outdoor:0.7,2,70
네이버 지역검색 API | 서울 관악구,역사·문화,보명사,상시,성인 (개인 방문 적합),"서울특별시 관악구 법원단지9길 91 | 좌표:1269243292,374767964",장소 문의 (전화/홈페이지 참조),"서울 관악구에 위치한 사찰 관련 장소 [보명사] (불교>절,사찰). 전화: 정보없음",https://map.naver.com/v5/search/%EB%B3%B4%EB%AA%85%EC%82%AC,"single:0.7;couple:0.4;family:0.3;불교>절,사찰;사찰",2026-08-23 19:43:15,culture:1.0;history:0.9;outdoor:0.7,2,70
네이버 지역검색 API | 서울 관악구,자연·공원,서울둘레길인증스탬프(관음사입구),상시,성인 (개인 방문 적합),"서울특별시 관악구 남현동 | 좌표:1269781845,374695530",장소 문의 (전화/홈페이지 참조),"서울 관악구에 위치한 둘레길 관련 장소 [서울둘레길인증스탬프(관음사입구)] (여행,명소>거리,골목). 전화: 정보없음",https://map.naver.com/v5/search/%EC%84%9C%EC%9A%B8%EB%91%98%EB%A0%88%EA%B8%B8%EC%9D%B8%EC%A6%9D%EC%8A%A4%ED%83%AC%ED%94%84%28%EA%B4%80%EC%9D%8C%EC%82%AC%EC%9E%85%EA%B5%AC%29,"single:0.8;couple:0.4;family:0.3;여행,명소>거리,골목;둘레길",2026-08-23 19:43:15,nature:1.0;outdoor:1.0;walk:1.0,2,70
네이버 지역검색 API | 서울 관악구,자연·공원,서울둘레길인증스탬프(관악산공원입구),상시,성인 (개인 방문 적합),"서울특별시 관악구 신림동 | 좌표:1269467575,374675461",장소 문의 (전화/홈페이지 참조),"서울 관악구에 위치한 둘레길 관련 장소 [서울둘레길인증스탬프(관악산공원입구)] (여행,명소>거리,골목). 전화: 정보없음",https://map.naver.com/v5/search/%EC%84%9C%EC%9A%B8%EB%91%98%EB%A0%88%EA%B8%B8%EC%9D%B8%EC%A6%9D%EC%8A%A4%ED%83%AC%ED%94%84%28%EA%B4%80%EC%95%85%EC%82%B0%EA%B3%B5%EC%9B%90%EC%9E%85%EA%B5%AC%29,"single:0.8;couple:0.4;family:0.3;여행,명소>거리,골목;둘레길",2026-08-23 19:43:15,nature:1.0;outdoor:1.0;walk:1.0,2,70
네이버 지역검색 API | 서울 관악구,자연·공원,서울둘레길11코스(관악산),상시,성인 (개인 방문 적합),"서울특별시 관악구 봉천동 산4-9 | 좌표:1269635635,374685198",장소 문의 (전화/홈페이지 참조),"서울 관악구에 위치한 둘레길 관련 장소 [서울둘레길11코스(관악산)] (여행,명소>도보코스). 전화: 정보없음",https://map.naver.com/v5/search/%EC%84%9C%EC%9A%B8%EB%91%98%EB%A0%88%EA%B8%B811%EC%BD%94%EC%8A%A4%28%EA%B4%80%EC%95%85%EC%82%B0%29,"single:0.8;couple:0.4;family:0.3;여행,명소>도보코스;둘레길",2026-08-23 19:43:15,nature:1.0;outdoor:1.0;walk:1.0,2,70
네이버 지역검색 API | 서울 관악구,자연·공원,관악산둘레길,상시,성인 (개인 방문 적합),"서울특별시 관악구 신림동 산32-22 | 좌표:1269479729,374637680",장소 문의 (전화/홈페이지 참조),"서울 관악구에 위치한 둘레길 관련 장소 [관악산둘레길] (여행,명소>산책로). 전화: 정보없음",https://map.naver.com/v5/search/%EA%B4%80%EC%95%85%EC%82%B0%EB%91%98%EB%A0%88%EA%B8%B8,"single:0.8;couple:0.4;family:0.3;여행,명소>산책로;둘레길",2026-08-23 19:43:15,nature:1.0;outdoor:1.0;walk:1.0,2,70
네이버 지역검색 API | 서울 관악구,자연·공원,관악산둘레길-관악구구간,상시,성인 (개인 방문 적합),"서울특별시 관악구 봉천동 산41-1 | 좌표:1269539871,374715932",장소 문의 (전화/홈페이지 참조),"서울 관악구에 위치한 둘레길 관련 장소 [관악산둘레길-관악구구간] (여행,명소>도보코스). 전화: 정보없음",https://map.naver.com/v5/search/%EA%B4%80%EC%95%85%EC%82%B0%EB%91%98%EB%A0%88%EA%B8%B8-%EA%B4%80%EC%95%85%EA%B5%AC%EA%B5%AC%EA%B0%84,"single:0.8;couple:0.4;family:0.3;여행,명소>도보코스;둘레길",2026-08-23 19:43:15,nature:1.0;outdoor:1.0;walk:1.0,2,70
네이버 지역검색 API | 서울 관악구,자연·공원,관악산야외식물원,상시,성인 (개인 방문 적합),"서울특별시 관악구 신림동 205-1 | 좌표:1269481060,374618039",장소 문의 (전화/홈페이지 참조),"서울 관악구에 위치한 수목원 관련 장소 [관악산야외식물원] (여행,명소>식물원,수목원). 전화: 정보없음",https://map.naver.com/v5/search/%EA%B4%80%EC%95%85%EC%82%B0%EC%95%BC%EC%99%B8%EC%8B%9D%EB%AC%BC%EC%9B%90,"single:0.75;couple:0.4;family:0.3;여행,명소>식물원,수목원;수목원",2026-08-23 19:43:15,nature:1.0;outdoor:1.0;walk:0.8,2,70
네이버 지역검색 API | 서울 관악구,자연·공원,낙성꽃뜰정원,상시,성인 (개인 방문 적합),"서울특별시 관악구 | 좌표:1269593916,374736367",장소 문의 (전화/홈페이지 참조),"서울 관악구에 위치한 수목원 관련 장소 [낙성꽃뜰정원] (여행,명소>식물원,수목원). 전화: 정보없음",https://map.naver.com/v5/search/%EB%82%99%EC%84%B1%EA%BD%83%EB%9C%B0%EC%A0%95%EC%9B%90,"single:0.75;couple:0.4;family:0.3;여행,명소>식물원,수목원;수목원",2026-08-23 19:43:15,nature:1.0;outdoor:1.0;walk:0.8,2,70
네이버 지역검색 API | 서울 관악구,자연·공원,과천식물원,상시,성인 (개인 방문 적합),"경기도 과천시 홍촌말로 38 | 좌표:1269811970,374261800",장소 문의 (전화/홈페이지 참조),"서울 관악구에 위치한 수목원 관련 장소 [과천식물원] (여행,명소>식물원,수목원). 전화: 정보없음",https://map.naver.com/v5/search/%EA%B3%BC%EC%B2%9C%EC%8B%9D%EB%AC%BC%EC%9B%90,"single:0.75;couple:0.4;family:0.3;여행,명소>식물원,수목원;수목원",2026-08-23 19:43:15,nature:1.0;outdoor:1.0;walk:0.8,2,70
네이버 지역검색 API | 서울 관악구,자연·공원,도하공원금천의결,상시,성인 (개인 방문 적합),"서울특별시 금천구 | 좌표:1268954468,374587823",장소 문의 (전화/홈페이지 참조),"서울 관악구에 위치한 수목원 관련 장소 [도하공원금천의결] (여행,명소>식물원,수목원). 전화: 정보없음",https://map.naver.com/v5/search/%EB%8F%84%ED%95%98%EA%B3%B5%EC%9B%90%EA%B8%88%EC%B2%9C%EC%9D%98%EA%B2%B0,"single:0.75;couple:0.4;family:0.3;여행,명소>식물원,수목원;수목원",2026-08-23 19:43:15,nature:1.0;outdoor:1.0;walk:0.8,2,70
네이버 지역검색 API | 서울 동작구,독립서점,소셜서재,상시,성인 (개인 방문 적합),"서울특별시 동작구 동작대로9길 18 지하 1층 | 좌표:1269805232,374806962",장소 문의 (전화/홈페이지 참조),서울 동작구에 위치한 독립서점 관련 장소 [소셜서재] (서점>독립서점). 전화: 정보없음,https://www.instagram.com/social_seoje,single:0.95;couple:0.4;family:0.3;서점>독립서점;독립서점,2026-08-23 19:43:15,bookstore:1.0;quiet:1.0;indoor:1.0,2,70
네이버 지역검색 API | 서울 동작구,독립서점,대륙서점,상시,성인 (개인 방문 적합),"서울특별시 동작구 성대로 40 1층대륙서점 | 좌표:1269332920,374989810",장소 문의 (전화/홈페이지 참조),"서울 동작구에 위치한 독립서점 관련 장소 [대륙서점] (쇼핑,유통>서점). 전화: 정보없음",https://www.instagram.com/daerukbooks?igshid=l12z4ktyz22s,"single:0.95;couple:0.4;family:0.3;쇼핑,유통>서점;독립서점",2026-08-23 19:43:15,bookstore:1.0;quiet:1.0;indoor:1.0,2,70
네이버 지역검색 API | 서울 동작구,독립서점,책방 언덕위에,상시,성인 (개인 방문 적합),"서울특별시 동작구 흑석로 88 3층 302호 | 좌표:1269593658,375071120",장소 문의 (전화/홈페이지 참조),서울 동작구에 위치한 독립서점 관련 장소 [책방 언덕위에] (서점>독립서점). 전화: 정보없음,https://www.instagram.com/undergwie/,single:0.95;couple:0.4;family:0.3;서점>독립서점;독립서점,2026-08-23 19:43:15,bookstore:1.0;quiet:1.0;indoor:1.0,2,70
네이버 지역검색 API | 서울 동작구,독립서점,모즈나,상시,성인 (개인 방문 적합),"서울특별시 동작구 사당로23사길 33-3 2층 | 좌표:1269690612,374907679",장소 문의 (전화/홈페이지 참조),서울 동작구에 위치한 독립서점 관련 장소 [모즈나] (서점>독립서점). 전화: 정보없음,https://www.instagram.com/moznabooks,single:0.95;couple:0.4;family:0.3;서점>독립서점;독립서점,2026-08-23 19:43:15,bookstore:1.0;quiet:1.0;indoor:1.0,2,70
네이버 지역검색 API | 서울 동작구,독립서점,북사운드,상시,성인 (개인 방문 적합),"서울특별시 동작구 사당로17길 8 대림프라자 2층 212호 | 좌표:1269744210,374840383",장소 문의 (전화/홈페이지 참조),"서울 동작구에 위치한 독립서점 관련 장소 [북사운드] (쇼핑,유통>서점). 전화: 정보없음",https://www.instagram.com/booksound2025,"single:0.95;couple:0.4;family:0.3;쇼핑,유통>서점;독립서점",2026-08-23 19:43:15,bookstore:1.0;quiet:1.0;indoor:1.0,2,70
네이버 지역검색 API | 서울 동작구,독립서점,오누이,상시,성인 (개인 방문 적합),"서울특별시 동작구 시흥대로 676 혜석빌딩 | 좌표:1269091225,374916294",장소 문의 (전화/홈페이지 참조),서울 동작구에 위치한 북카페 관련 장소 [오누이] (갤러리카페). 전화: 정보없음,https://map.naver.com/v5/search/%EC%98%A4%EB%88%84%EC%9D%B4,single:0.85;couple:0.4;family:0.3;갤러리카페;북카페,2026-08-23 19:43:15,bookstore:0.8;quiet:0.9;indoor:1.0,2,70
네이버 지역검색 API | 서울 동작구,독립서점,공간인흑석,상시,성인 (개인 방문 적합),"서울특별시 동작구 흑석로5길 94 | 좌표:1269587786,375093064",장소 문의 (전화/홈페이지 참조),"서울 동작구에 위치한 북카페 관련 장소 [공간인흑석] (서비스,산업>장소대여). 전화: 정보없음",https://blog.naver.com/in-thegarden/223913929194,"single:0.85;couple:0.4;family:0.3;서비스,산업>장소대여;북카페",2026-08-23 19:43:15,bookstore:0.8;quiet:0.9;indoor:1.0,2,70
네이버 지역검색 API | 서울 동작구,독립서점,놀숲 노량진점,상시,성인 (개인 방문 적합),"서울특별시 동작구 노량진로 176 B1 | 좌표:1269455183,375134467",장소 문의 (전화/홈페이지 참조),"서울 동작구에 위치한 북카페 관련 장소 [놀숲 노량진점] (스포츠,오락>만화방). 전화: 정보없음",http://krbda.com/nolsoop,"single:0.85;couple:0.4;family:0.3;스포츠,오락>만화방;북카페",2026-08-23 19:43:15,bookstore:0.8;quiet:0.9;indoor:1.0,2,70
네이버 지역검색 API | 서울 동작구,독립서점,신대방햇살,상시,성인 (개인 방문 적합),"서울특별시 동작구 여의대방로16길 53 | 좌표:1269167802,374947228",장소 문의 (전화/홈페이지 참조),"서울 동작구에 위치한 북카페 관련 장소 [신대방햇살] (카페,디저트>북카페). 전화: 정보없음",https://map.naver.com/v5/search/%EC%8B%A0%EB%8C%80%EB%B0%A9%ED%96%87%EC%82%B4,"single:0.85;couple:0.4;family:0.3;카페,디저트>북카페;북카페",2026-08-23 19:43:15,bookstore:0.8;quiet:0.9;indoor:1.0,2,70
네이버 지역검색 API | 서울 동작구,조용한 힐링,혜림재 스터디룸&amp;카페,상시,성인 (개인 방문 적합),"서울특별시 동작구 만양로14바길 24 1층 | 좌표:1269468231,375113624",장소 문의 (전화/홈페이지 참조),"서울 동작구에 위치한 스터디카페 관련 장소 [혜림재 스터디룸&amp;카페] (서비스,산업>장소대여). 전화: 정보없음",https://hyerimjae.notion.site/67d9daaa140441f38e658e80c359b822?pvs=4,"single:0.9;couple:0.4;family:0.3;서비스,산업>장소대여;스터디카페",2026-08-23 19:43:15,healing:0.7;quiet:1.0;solo:1.0,2,70
네이버 지역검색 API | 서울 동작구,조용한 힐링,컨센터블 스터디룸&amp;카페 이수점,상시,성인 (개인 방문 적합),"서울특별시 동작구 동작대로39길 22 이수힐스테이트 에비뉴 상가 2층 | 좌표:1269823347,374942888",장소 문의 (전화/홈페이지 참조),"서울 동작구에 위치한 스터디카페 관련 장소 [컨센터블 스터디룸&amp;카페 이수점] (서비스,산업>장소대여). 전화: 정보없음",https://yamoo.notion.site/7770ceb9557b454da6d9f51b99e03036?source=copy_link,"single:0.9;couple:0.4;family:0.3;서비스,산업>장소대여;스터디카페",2026-08-23 19:43:15,healing:0.7;quiet:1.0;solo:1.0,2,70
네이버 지역검색 API | 서울 동작구,조용한 힐링,수림당 스터디룸&amp;카페,상시,성인 (개인 방문 적합),"서울특별시 동작구 만양로14사길 1 | 좌표:1269471689,375124248",장소 문의 (전화/홈페이지 참조),"서울 동작구에 위치한 스터디카페 관련 장소 [수림당 스터디룸&amp;카페] (서비스,산업>장소대여). 전화: 정보없음",https://surimdang.notion.site/149810b868c3805f81afcaaaf57a5783?pvs=4,"single:0.9;couple:0.4;family:0.3;서비스,산업>장소대여;스터디카페",2026-08-23 19:43:15,healing:0.7;quiet:1.0;solo:1.0,2,70
네이버 지역검색 API | 서울 동작구,조용한 힐링,랭스터디카페 노량진점,상시,성인 (개인 방문 적합),"서울특별시 동작구 노량진로 159 2층, 3층, 4층 랭스터디카페 노량진점 | 좌표:1269435919,375139858",장소 문의 (전화/홈페이지 참조),"서울 동작구에 위치한 스터디카페 관련 장소 [랭스터디카페 노량진점] (서비스,산업>장소대여). 전화: 정보없음",https://www.instagram.com/langstudy_nrj1,"single:0.9;couple:0.4;family:0.3;서비스,산업>장소대여;스터디카페",2026-08-23 19:43:15,healing:0.7;quiet:1.0;solo:1.0,2,70
네이버 지역검색 API | 서울 동작구,조용한 힐링,관리형 스터디카페 특별 노량진점,상시,성인 (개인 방문 적합),"서울특별시 동작구 노량진로 206 7층 | 좌표:1269486587,375127519",장소 문의 (전화/홈페이지 참조),서울 동작구에 위치한 스터디카페 관련 장소 [관리형 스터디카페 특별 노량진점] (스터디카페). 전화: 정보없음,http://pf.kakao.com/_xmIjxcn/chat,single:0.9;couple:0.4;family:0.3;스터디카페;스터디카페,2026-08-23 19:43:15,healing:0.7;quiet:1.0;solo:1.0,2,70
네이버 지역검색 API | 서울 동작구,조용한 힐링,솔라즈요가,상시,성인 (개인 방문 적합),"서울특별시 동작구 동작대로7길 97 6층 | 좌표:1269778842,374771111",장소 문의 (전화/홈페이지 참조),서울 동작구에 위치한 요가원 관련 장소 [솔라즈요가] (스포츠시설>요가원). 전화: 정보없음,https://www.instagram.com/solaz_yoga,single:0.8;couple:0.4;family:0.3;스포츠시설>요가원;요가원,2026-08-23 19:43:15,healing:1.0;quiet:0.8;solo:0.9,2,70
네이버 지역검색 API | 서울 동작구,조용한 힐링,누아바레&amp;요가,상시,성인 (개인 방문 적합),"서울특별시 동작구 남부순환로 2027 1층 | 좌표:1269739121,374764061",장소 문의 (전화/홈페이지 참조),서울 동작구에 위치한 요가원 관련 장소 [누아바레&amp;요가] (스포츠시설>요가원). 전화: 정보없음,https://www.nuabarre.kr/,single:0.8;couple:0.4;family:0.3;스포츠시설>요가원;요가원,2026-08-23 19:43:15,healing:1.0;quiet:0.8;solo:0.9,2,70
네이버 지역검색 API | 서울 동작구,조용한 힐링,라니요가,상시,성인 (개인 방문 적합),"서울특별시 동작구 상도로 69 상원빌딩3층 | 좌표:1269283927,374999695",장소 문의 (전화/홈페이지 참조),서울 동작구에 위치한 요가원 관련 장소 [라니요가] (스포츠시설>요가원). 전화: 정보없음,https://pf.kakao.com/_ZDxjxij,single:0.8;couple:0.4;family:0.3;스포츠시설>요가원;요가원,2026-08-23 19:43:15,healing:1.0;quiet:0.8;solo:0.9,2,70
네이버 지역검색 API | 서울 동작구,조용한 힐링,오티움요가,상시,성인 (개인 방문 적합),"서울특별시 동작구 흑석한강로 2 3층 1호 | 좌표:1269665178,375065984",장소 문의 (전화/홈페이지 참조),서울 동작구에 위치한 요가원 관련 장소 [오티움요가] (스포츠시설>요가원). 전화: 정보없음,https://www.instagram.com/otiumyoga_,single:0.8;couple:0.4;family:0.3;스포츠시설>요가원;요가원,2026-08-23 19:43:15,healing:1.0;quiet:0.8;solo:0.9,2,70
네이버 지역검색 API | 서울 동작구,조용한 힐링,롯지요가,상시,성인 (개인 방문 적합),"서울특별시 동작구 양녕로30길 4 2층 롯지요가 | 좌표:1269445135,374992633",장소 문의 (전화/홈페이지 참조),서울 동작구에 위치한 요가원 관련 장소 [롯지요가] (스포츠시설>요가원). 전화: 정보없음,https://pf.kakao.com/_xjhxmZxj/chat,single:0.8;couple:0.4;family:0.3;스포츠시설>요가원;요가원,2026-08-23 19:43:15,healing:1.0;quiet:0.8;solo:0.9,2,70
네이버 지역검색 API | 서울 동작구,조용한 힐링,온마음 명상센터,상시,성인 (개인 방문 적합),"서울특별시 동작구 현충로 75 소태산 갤러리 | 좌표:1269638593,375097590",장소 문의 (전화/홈페이지 참조),"서울 동작구에 위치한 명상센터 관련 장소 [온마음 명상센터] (협회,단체). 전화: 정보없음",https://map.naver.com/v5/search/%EC%98%A8%EB%A7%88%EC%9D%8C%20%EB%AA%85%EC%83%81%EC%84%BC%ED%84%B0,"single:0.85;couple:0.4;family:0.3;협회,단체;명상센터",2026-08-23 19:43:15,healing:1.0;quiet:1.0;solo:1.0,2,70
네이버 지역검색 API | 서울 동작구,조용한 힐링,보리선수 백옥명상센터,상시,성인 (개인 방문 적합),"서울특별시 동작구 사당로 253-3 유창빌딩 3층-5층 | 좌표:1269757674,374836075",장소 문의 (전화/홈페이지 참조),서울 동작구에 위치한 명상센터 관련 장소 [보리선수 백옥명상센터] (종교>불교). 전화: 정보없음,https://blog.naver.com/bdmeditation,single:0.85;couple:0.4;family:0.3;종교>불교;명상센터,2026-08-23 19:43:15,healing:1.0;quiet:1.0;solo:1.0,2,70
네이버 지역검색 API | 서울 동작구,조용한 힐링,수연템플 공감치유요가센터,상시,성인 (개인 방문 적합),"서울특별시 동작구 시흥대로 606 동작 협성휴포레 시그니처 오피스동 316호 | 좌표:1269055334,374865084",장소 문의 (전화/홈페이지 참조),"서울 동작구에 위치한 명상센터 관련 장소 [수연템플 공감치유요가센터] (스포츠,레크레이션교육>요가,명상). 전화: 정보없음",https://blog.naver.com/hiris3805,"single:0.85;couple:0.4;family:0.3;스포츠,레크레이션교육>요가,명상;명상센터",2026-08-23 19:43:15,healing:1.0;quiet:1.0;solo:1.0,2,70
네이버 지역검색 API | 서울 동작구,조용한 힐링,브레인트레이닝센터 이수점,상시,성인 (개인 방문 적합),"서울특별시 동작구 동작대로 71 2층 | 좌표:1269816142,374828895",장소 문의 (전화/홈페이지 참조),"서울 동작구에 위치한 명상센터 관련 장소 [브레인트레이닝센터 이수점] (스포츠,레크레이션교육>요가,명상). 전화: 정보없음",https://blog.naver.com/brainglory,"single:0.85;couple:0.4;family:0.3;스포츠,레크레이션교육>요가,명상;명상센터",2026-08-23 19:43:15,healing:1.0;quiet:1.0;solo:1.0,2,70
네이버 지역검색 API | 서울 동작구,조용한 힐링,유정선 통합움직임센터,상시,성인 (개인 방문 적합),"서울특별시 동작구 동작대로7길 28 2층 | 좌표:1269803021,374793679",장소 문의 (전화/홈페이지 참조),"서울 동작구에 위치한 명상센터 관련 장소 [유정선 통합움직임센터] (스포츠,레크레이션교육>요가,명상). 전화: 정보없음",https://blog.naver.com/seodam71,"single:0.85;couple:0.4;family:0.3;스포츠,레크레이션교육>요가,명상;명상센터",2026-08-23 19:43:15,healing:1.0;quiet:1.0;solo:1.0,2,70
네이버 지역검색 API | 서울 동작구,역사·문화,달마사,상시,성인 (개인 방문 적합),"서울특별시 동작구 서달로 50-26 | 좌표:1269621497,374985379",장소 문의 (전화/홈페이지 참조),"서울 동작구에 위치한 사찰 관련 장소 [달마사] (불교>절,사찰). 전화: 정보없음",https://dalmasa.org,"single:0.7;couple:0.4;family:0.3;불교>절,사찰;사찰",2026-08-23 19:43:15,culture:1.0;history:0.9;outdoor:0.7,2,70
네이버 지역검색 API | 서울 동작구,역사·문화,중대 사자암,상시,성인 (개인 방문 적합),"서울특별시 동작구 국사봉1길 235-14 | 좌표:1269370775,374923695",장소 문의 (전화/홈페이지 참조),"서울 동작구에 위치한 사찰 관련 장소 [중대 사자암] (불교>절,사찰). 전화: 정보없음",https://map.naver.com/v5/search/%EC%A4%91%EB%8C%80%20%EC%82%AC%EC%9E%90%EC%95%94,"single:0.7;couple:0.4;family:0.3;불교>절,사찰;사찰",2026-08-23 19:43:15,culture:1.0;history:0.9;outdoor:0.7,2,70
네이버 지역검색 API | 서울 동작구,역사·문화,대한불교조계종 상도선원,상시,성인 (개인 방문 적합),"서울특별시 동작구 상도로55길 33 | 좌표:1269565340,374980390",장소 문의 (전화/홈페이지 참조),"서울 동작구에 위치한 사찰 관련 장소 [대한불교조계종 상도선원] (불교>절,사찰). 전화: 정보없음",http://cafe.naver.com/sangdomeditation/,"single:0.7;couple:0.4;family:0.3;불교>절,사찰;사찰",2026-08-23 19:43:15,culture:1.0;history:0.9;outdoor:0.7,2,70
네이버 지역검색 API | 서울 동작구,역사·문화,국립서울현충원호국지장사,상시,성인 (개인 방문 적합),"서울특별시 동작구 현충로 210 | 좌표:1269648943,374986605",장소 문의 (전화/홈페이지 참조),"서울 동작구에 위치한 사찰 관련 장소 [국립서울현충원호국지장사] (불교>절,사찰). 전화: 정보없음",https://blog.naver.com/jizangsa,"single:0.7;couple:0.4;family:0.3;불교>절,사찰;사찰",2026-08-23 19:43:15,culture:1.0;history:0.9;outdoor:0.7,2,70
네이버 지역검색 API | 서울 동작구,역사·문화,극락정사,상시,성인 (개인 방문 적합),"서울특별시 동작구 매봉로 79 | 좌표:1269513124,375084499",장소 문의 (전화/홈페이지 참조),"서울 동작구에 위치한 사찰 관련 장소 [극락정사] (불교>절,사찰). 전화: 정보없음",https://map.naver.com/v5/search/%EA%B7%B9%EB%9D%BD%EC%A0%95%EC%82%AC,"single:0.7;couple:0.4;family:0.3;불교>절,사찰;사찰",2026-08-23 19:43:15,culture:1.0;history:0.9;outdoor:0.7,2,70
네이버 지역검색 API | 서울 동작구,자연·공원,동작충효길2코스(현충원길),상시,성인 (개인 방문 적합),"서울특별시 동작구 동작동 산11-1 | 좌표:1269746476,374947977",장소 문의 (전화/홈페이지 참조),"서울 동작구에 위치한 둘레길 관련 장소 [동작충효길2코스(현충원길)] (거리,골목>도보코스). 전화: 정보없음",https://map.naver.com/v5/search/%EB%8F%99%EC%9E%91%EC%B6%A9%ED%9A%A8%EA%B8%B82%EC%BD%94%EC%8A%A4%28%ED%98%84%EC%B6%A9%EC%9B%90%EA%B8%B8%29,"single:0.8;couple:0.4;family:0.3;거리,골목>도보코스;둘레길",2026-08-23 19:43:15,nature:1.0;outdoor:1.0;walk:1.0,2,70
네이버 지역검색 API | 서울 동작구,자연·공원,서울둘레길인증스탬프(우면산입구(방배동)),상시,성인 (개인 방문 적합),"서울특별시 서초구 방배동 | 좌표:1269868170,374734505",장소 문의 (전화/홈페이지 참조),"서울 동작구에 위치한 둘레길 관련 장소 [서울둘레길인증스탬프(우면산입구(방배동))] (여행,명소>거리,골목). 전화: 정보없음",https://map.naver.com/v5/search/%EC%84%9C%EC%9A%B8%EB%91%98%EB%A0%88%EA%B8%B8%EC%9D%B8%EC%A6%9D%EC%8A%A4%ED%83%AC%ED%94%84%28%EC%9A%B0%EB%A9%B4%EC%82%B0%EC%9E%85%EA%B5%AC%28%EB%B0%A9%EB%B0%B0%EB%8F%99%29%29,"single:0.8;couple:0.4;family:0.3;여행,명소>거리,골목;둘레길",2026-08-23 19:43:15,nature:1.0;outdoor:1.0;walk:1.0,2,70
네이버 지역검색 API | 서울 동작구,자연·공원,강변조경,상시,성인 (개인 방문 적합),"서울특별시 동작구 현충로 75 | 좌표:1269639494,375097532",장소 문의 (전화/홈페이지 참조),서울 동작구에 위치한 수목원 관련 장소 [강변조경] (건설업>조경건설). 전화: 정보없음,https://map.naver.com/v5/search/%EA%B0%95%EB%B3%80%EC%A1%B0%EA%B2%BD,single:0.75;couple:0.4;family:0.3;건설업>조경건설;수목원,2026-08-23 19:43:15,nature:1.0;outdoor:1.0;walk:0.8,2,70
네이버 지역검색 API | 서울 광진구,독립서점,우연과감상 책방,상시,성인 (개인 방문 적합),"서울특별시 광진구 자양로45길 18 2층, 우연과감상 책방 | 좌표:1270913212,375520840",장소 문의 (전화/홈페이지 참조),서울 광진구에 위치한 독립서점 관련 장소 [우연과감상 책방] (서점>독립서점). 전화: 정보없음,https://www.instagram.com/7bookstore_,single:0.95;couple:0.4;family:0.3;서점>독립서점;독립서점,2026-08-23 19:43:15,bookstore:1.0;quiet:1.0;indoor:1.0,2,70
네이버 지역검색 API | 서울 광진구,독립서점,책방 파란,상시,성인 (개인 방문 적합),"서울특별시 광진구 긴고랑로16길 58 모서리 | 좌표:1270814914,375595365",장소 문의 (전화/홈페이지 참조),서울 광진구에 위치한 독립서점 관련 장소 [책방 파란] (서점>독립서점). 전화: 정보없음,https://www.instagram.com/paran.ovo/,single:0.95;couple:0.4;family:0.3;서점>독립서점;독립서점,2026-08-23 19:43:15,bookstore:1.0;quiet:1.0;indoor:1.0,2,70
네이버 지역검색 API | 서울 광진구,독립서점,인덱스숍,상시,성인 (개인 방문 적합),"서울특별시 광진구 아차산로 200 커먼그라운드 나이키 건물 3층 | 좌표:1270657883,375412459",장소 문의 (전화/홈페이지 참조),"서울 광진구에 위치한 독립서점 관련 장소 [인덱스숍] (쇼핑,유통>서점). 전화: 정보없음",http://instagram.com/indexshop.kr,"single:0.95;couple:0.4;family:0.3;쇼핑,유통>서점;독립서점",2026-08-23 19:43:15,bookstore:1.0;quiet:1.0;indoor:1.0,2,70
네이버 지역검색 API | 서울 광진구,독립서점,피리의 서재,상시,성인 (개인 방문 적합),"서울특별시 광진구 능동로40길 29 1층 | 좌표:1270817489,375578348",장소 문의 (전화/홈페이지 참조),"서울 광진구에 위치한 독립서점 관련 장소 [피리의 서재] (쇼핑,유통>서점). 전화: 정보없음",https://www.instagram.com/piribrary/,"single:0.95;couple:0.4;family:0.3;쇼핑,유통>서점;독립서점",2026-08-23 19:43:15,bookstore:1.0;quiet:1.0;indoor:1.0,2,70
네이버 지역검색 API | 서울 광진구,독립서점,책방고즈넉,상시,성인 (개인 방문 적합),"서울특별시 광진구 동일로60길 41-13 | 좌표:1270763112,375578534",장소 문의 (전화/홈페이지 참조),"서울 광진구에 위치한 북카페 관련 장소 [책방고즈넉] (음식점>카페,디저트). 전화: 정보없음",https://www.instagram.com/goesneok_official,"single:0.85;couple:0.4;family:0.3;음식점>카페,디저트;북카페",2026-08-23 19:43:15,bookstore:0.8;quiet:0.9;indoor:1.0,2,70
네이버 지역검색 API | 서울 광진구,독립서점,카페유림,상시,성인 (개인 방문 적합),"서울특별시 광진구 뚝섬로52길 66 1층 | 좌표:1270776680,375292155",장소 문의 (전화/홈페이지 참조),"서울 광진구에 위치한 북카페 관련 장소 [카페유림] (음식점>카페,디저트). 전화: 정보없음",https://www.instagram.com/cafe_yurim,"single:0.85;couple:0.4;family:0.3;음식점>카페,디저트;북카페",2026-08-23 19:43:15,bookstore:0.8;quiet:0.9;indoor:1.0,2,70
네이버 지역검색 API | 서울 광진구,독립서점,사유정원,상시,성인 (개인 방문 적합),"서울특별시 광진구 자양로15길 26 6층 | 좌표:1270821386,375357365",장소 문의 (전화/홈페이지 참조),"서울 광진구에 위치한 북카페 관련 장소 [사유정원] (카페,디저트>북카페). 전화: 정보없음",https://www.instagram.com/sayou_jungwon,"single:0.85;couple:0.4;family:0.3;카페,디저트>북카페;북카페",2026-08-23 19:43:15,bookstore:0.8;quiet:0.9;indoor:1.0,2,70
네이버 지역검색 API | 서울 광진구,독립서점,사유,상시,성인 (개인 방문 적합),"서울특별시 광진구 천호대로104길 23 1층 | 좌표:1270754878,375574518",장소 문의 (전화/홈페이지 참조),"서울 광진구에 위치한 북카페 관련 장소 [사유] (카페,디저트>북카페). 전화: 정보없음",https://youtube.com/sayooroom,"single:0.85;couple:0.4;family:0.3;카페,디저트>북카페;북카페",2026-08-23 19:43:15,bookstore:0.8;quiet:0.9;indoor:1.0,2,70
네이버 지역검색 API | 서울 광진구,독립서점,토즈 건대점,상시,성인 (개인 방문 적합),"서울특별시 광진구 아차산로 207 선일빌딩 5층 | 좌표:1270666258,375415669",장소 문의 (전화/홈페이지 참조),"서울 광진구에 위치한 북카페 관련 장소 [토즈 건대점] (임대,대여>장소대여). 전화: 정보없음",https://blog.naver.com/tozmoimcenter,"single:0.85;couple:0.4;family:0.3;임대,대여>장소대여;북카페",2026-08-23 19:43:15,bookstore:0.8;quiet:0.9;indoor:1.0,2,70
네이버 지역검색 API | 서울 광진구,조용한 힐링,랭스터디카페 세종대점,상시,성인 (개인 방문 적합),"서울특별시 광진구 광나루로 390 | 좌표:1270730080,375474083",장소 문의 (전화/홈페이지 참조),"서울 광진구에 위치한 스터디카페 관련 장소 [랭스터디카페 세종대점] (서비스,산업>장소대여). 전화: 정보없음",http://pf.kakao.com/_xanJNb,"single:0.9;couple:0.4;family:0.3;서비스,산업>장소대여;스터디카페",2026-08-23 19:43:15,healing:0.7;quiet:1.0;solo:1.0,2,70
네이버 지역검색 API | 서울 광진구,조용한 힐링,카페 드 스터디 리온 구의역점,상시,성인 (개인 방문 적합),"서울특별시 광진구 아차산로49길 61 B1층 | 좌표:1270840934,375396465",장소 문의 (전화/홈페이지 참조),서울 광진구에 위치한 스터디카페 관련 장소 [카페 드 스터디 리온 구의역점] (스터디카페). 전화: 정보없음,https://www.instagram.com/cafe_de_study_reon?igsh=czUwOXBlcDIyOGNo,single:0.9;couple:0.4;family:0.3;스터디카페;스터디카페,2026-08-23 19:43:15,healing:0.7;quiet:1.0;solo:1.0,2,70
네이버 지역검색 API | 서울 광진구,조용한 힐링,카공족 군자역점,상시,성인 (개인 방문 적합),"서울특별시 광진구 능동로32길 5 2층 | 좌표:1270790824,375553255",장소 문의 (전화/홈페이지 참조),"서울 광진구에 위치한 스터디카페 관련 장소 [카공족 군자역점] (카페,디저트>스터디카페). 전화: 정보없음",https://www.instagram.com/cagongzok_official/,"single:0.9;couple:0.4;family:0.3;카페,디저트>스터디카페;스터디카페",2026-08-23 19:43:15,healing:0.7;quiet:1.0;solo:1.0,2,70
네이버 지역검색 API | 서울 광진구,조용한 힐링,랭스터디카페 구의점,상시,성인 (개인 방문 적합),"서울특별시 광진구 아차산로 475 지하1층 | 좌표:1270946249,375406660",장소 문의 (전화/홈페이지 참조),"서울 광진구에 위치한 스터디카페 관련 장소 [랭스터디카페 구의점] (서비스,산업>장소대여). 전화: 정보없음",https://www.instagram.com/langstudycafe_guui/?hl=ko,"single:0.9;couple:0.4;family:0.3;서비스,산업>장소대여;스터디카페",2026-08-23 19:43:15,healing:0.7;quiet:1.0;solo:1.0,2,70
네이버 지역검색 API | 서울 광진구,조용한 힐링,삶은요가,상시,성인 (개인 방문 적합),"서울특별시 광진구 능동로4길 61 2층, 삶은요가 | 좌표:1270704608,375319428",장소 문의 (전화/홈페이지 참조),서울 광진구에 위치한 요가원 관련 장소 [삶은요가] (스포츠시설>요가원). 전화: 정보없음,https://www.instagram.com/lifeisyogakr,single:0.8;couple:0.4;family:0.3;스포츠시설>요가원;요가원,2026-08-23 19:43:15,healing:1.0;quiet:0.8;solo:0.9,2,70
네이버 지역검색 API | 서울 광진구,조용한 힐링,수요가,상시,성인 (개인 방문 적합),"서울특별시 광진구 아차산로 445 201호 | 좌표:1270918637,375390196",장소 문의 (전화/홈페이지 참조),서울 광진구에 위치한 요가원 관련 장소 [수요가] (스포츠시설>요가원). 전화: 정보없음,https://www.instagram.com/suyoga_room2?igsh=YmxsNmp4aW9kNWJ5,single:0.8;couple:0.4;family:0.3;스포츠시설>요가원;요가원,2026-08-23 19:43:15,healing:1.0;quiet:0.8;solo:0.9,2,70
네이버 지역검색 API | 서울 광진구,조용한 힐링,이라이요가,상시,성인 (개인 방문 적합),"서울특별시 광진구 아차산로 481 3층 이라이요가 | 좌표:1270950014,375409022",장소 문의 (전화/홈페이지 참조),서울 광진구에 위치한 요가원 관련 장소 [이라이요가] (스포츠시설>요가원). 전화: 정보없음,https://www.instagram.com/irai_yoga,single:0.8;couple:0.4;family:0.3;스포츠시설>요가원;요가원,2026-08-23 19:43:15,healing:1.0;quiet:0.8;solo:0.9,2,70
네이버 지역검색 API | 서울 광진구,조용한 힐링,아메리카요가 건대점,상시,성인 (개인 방문 적합),"서울특별시 광진구 아차산로 213 5층 | 좌표:1270672043,375413798",장소 문의 (전화/홈페이지 참조),서울 광진구에 위치한 요가원 관련 장소 [아메리카요가 건대점] (스포츠시설>요가원). 전화: 정보없음,https://blog.naver.com/yoozard,single:0.8;couple:0.4;family:0.3;스포츠시설>요가원;요가원,2026-08-23 19:43:15,healing:1.0;quiet:0.8;solo:0.9,2,70
네이버 지역검색 API | 서울 광진구,조용한 힐링,아름다운 건강명상센터,상시,성인 (개인 방문 적합),"서울특별시 광진구 아차산로78길 72 | 좌표:1271104520,375513529",장소 문의 (전화/홈페이지 참조),"서울 광진구에 위치한 명상센터 관련 장소 [아름다운 건강명상센터] (스포츠,레크레이션교육>요가,명상). 전화: 정보없음",https://blog.naver.com/careneducenter,"single:0.85;couple:0.4;family:0.3;스포츠,레크레이션교육>요가,명상;명상센터",2026-08-23 19:43:15,healing:1.0;quiet:1.0;solo:1.0,2,70
네이버 지역검색 API | 서울 광진구,조용한 힐링,편안함나누기 명상센터,상시,성인 (개인 방문 적합),"서울특별시 광진구 아차산로78길 75 현대골든텔2 1113호 | 좌표:1271110172,375516090",장소 문의 (전화/홈페이지 참조),"서울 광진구에 위치한 명상센터 관련 장소 [편안함나누기 명상센터] (스포츠,레크레이션교육>요가,명상). 전화: 정보없음",https://blog.naver.com/wi2980,"single:0.85;couple:0.4;family:0.3;스포츠,레크레이션교육>요가,명상;명상센터",2026-08-23 19:43:15,healing:1.0;quiet:1.0;solo:1.0,2,70
네이버 지역검색 API | 서울 광진구,조용한 힐링,브레인트레이닝센터 구의점,상시,성인 (개인 방문 적합),"서울특별시 광진구 자양로 113 현대하이엘 3층 브레인트레이닝센터 | 좌표:1270830323,375379347",장소 문의 (전화/홈페이지 참조),"서울 광진구에 위치한 명상센터 관련 장소 [브레인트레이닝센터 구의점] (스포츠,레크레이션교육>요가,명상). 전화: 정보없음",https://blog.naver.com/brdahncd,"single:0.85;couple:0.4;family:0.3;스포츠,레크레이션교육>요가,명상;명상센터",2026-08-23 19:43:15,healing:1.0;quiet:1.0;solo:1.0,2,70
네이버 지역검색 API | 서울 광진구,조용한 힐링,본명상,상시,성인 (개인 방문 적합),"서울특별시 광진구 동일로 116 제일빌딩 3층 302호 | 좌표:1270647916,375428675",장소 문의 (전화/홈페이지 참조),"서울 광진구에 위치한 명상센터 관련 장소 [본명상] (스포츠,레크레이션교육>요가,명상). 전화: 정보없음",https://bornmeditation.com,"single:0.85;couple:0.4;family:0.3;스포츠,레크레이션교육>요가,명상;명상센터",2026-08-23 19:43:15,healing:1.0;quiet:1.0;solo:1.0,2,70
네이버 지역검색 API | 서울 광진구,조용한 힐링,마음수련 명상센터 강동점,상시,성인 (개인 방문 적합),"서울특별시 강동구 올림픽로 552 홍익빌딩 2층 202호 | 좌표:1271210162,375307711",장소 문의 (전화/홈페이지 참조),"서울 광진구에 위치한 명상센터 관련 장소 [마음수련 명상센터 강동점] (스포츠,레크레이션교육>요가,명상). 전화: 정보없음",https://trueselfclass.com/,"single:0.85;couple:0.4;family:0.3;스포츠,레크레이션교육>요가,명상;명상센터",2026-08-23 19:43:15,healing:1.0;quiet:1.0;solo:1.0,2,70
네이버 지역검색 API | 서울 광진구,역사·문화,영화사,상시,성인 (개인 방문 적합),"서울특별시 광진구 영화사로 107 | 좌표:1270979915,375541864",장소 문의 (전화/홈페이지 참조),"서울 광진구에 위치한 사찰 관련 장소 [영화사] (불교>절,사찰). 전화: 정보없음",https://www.yeonghwasa.org,"single:0.7;couple:0.4;family:0.3;불교>절,사찰;사찰",2026-08-23 19:43:15,culture:1.0;history:0.9;outdoor:0.7,2,70
네이버 지역검색 API | 서울 광진구,역사·문화,용마산용암사,상시,성인 (개인 방문 적합),"서울특별시 광진구 용마산로28길 62 | 좌표:1270901636,375671415",장소 문의 (전화/홈페이지 참조),"서울 광진구에 위치한 사찰 관련 장소 [용마산용암사] (불교>절,사찰). 전화: 정보없음",https://blog.naver.com/yongamsa500,"single:0.7;couple:0.4;family:0.3;불교>절,사찰;사찰",2026-08-23 19:43:15,culture:1.0;history:0.9;outdoor:0.7,2,70
네이버 지역검색 API | 서울 광진구,역사·문화,기원정사,상시,성인 (개인 방문 적합),"서울특별시 광진구 영화사로11길 41-6 | 좌표:1270953728,375564886",장소 문의 (전화/홈페이지 참조),"서울 광진구에 위치한 사찰 관련 장소 [기원정사] (불교>절,사찰). 전화: 정보없음",https://map.naver.com/v5/search/%EA%B8%B0%EC%9B%90%EC%A0%95%EC%82%AC,"single:0.7;couple:0.4;family:0.3;불교>절,사찰;사찰",2026-08-23 19:43:15,culture:1.0;history:0.9;outdoor:0.7,2,70
네이버 지역검색 API | 서울 광진구,역사·문화,대한불교 조계종능인정사,상시,성인 (개인 방문 적합),"서울특별시 광진구 자양로11길 62 3층 | 좌표:1270814367,375331835",장소 문의 (전화/홈페이지 참조),"서울 광진구에 위치한 사찰 관련 장소 [대한불교 조계종능인정사] (불교>절,사찰). 전화: 정보없음",https://map.naver.com/v5/search/%EB%8C%80%ED%95%9C%EB%B6%88%EA%B5%90%20%EC%A1%B0%EA%B3%84%EC%A2%85%EB%8A%A5%EC%9D%B8%EC%A0%95%EC%82%AC,"single:0.7;couple:0.4;family:0.3;불교>절,사찰;사찰",2026-08-23 19:43:15,culture:1.0;history:0.9;outdoor:0.7,2,70
네이버 지역검색 API | 서울 광진구,역사·문화,불심선원,상시,성인 (개인 방문 적합),"서울특별시 광진구 긴고랑로 193-2 | 좌표:1270954690,375606991",장소 문의 (전화/홈페이지 참조),"서울 광진구에 위치한 사찰 관련 장소 [불심선원] (불교>절,사찰). 전화: 정보없음",https://map.naver.com/v5/search/%EB%B6%88%EC%8B%AC%EC%84%A0%EC%9B%90,"single:0.7;couple:0.4;family:0.3;불교>절,사찰;사찰",2026-08-23 19:43:15,culture:1.0;history:0.9;outdoor:0.7,2,70
네이버 지역검색 API | 서울 광진구,자연·공원,서울둘레길인증스탬프(광진교북단),상시,성인 (개인 방문 적합),"서울특별시 광진구 광장동 | 좌표:1271090101,375459682",장소 문의 (전화/홈페이지 참조),"서울 광진구에 위치한 둘레길 관련 장소 [서울둘레길인증스탬프(광진교북단)] (여행,명소>거리,골목). 전화: 정보없음",https://map.naver.com/v5/search/%EC%84%9C%EC%9A%B8%EB%91%98%EB%A0%88%EA%B8%B8%EC%9D%B8%EC%A6%9D%EC%8A%A4%ED%83%AC%ED%94%84%28%EA%B4%91%EC%A7%84%EA%B5%90%EB%B6%81%EB%8B%A8%29,"single:0.8;couple:0.4;family:0.3;여행,명소>거리,골목;둘레길",2026-08-23 19:43:15,nature:1.0;outdoor:1.0;walk:1.0,2,70
네이버 지역검색 API | 서울 광진구,자연·공원,서울둘레길인증스탬프(아차산공원관리소),상시,성인 (개인 방문 적합),"서울특별시 광진구 | 좌표:1270998702,375531440",장소 문의 (전화/홈페이지 참조),"서울 광진구에 위치한 둘레길 관련 장소 [서울둘레길인증스탬프(아차산공원관리소)] (여행,명소>거리,골목). 전화: 정보없음",https://map.naver.com/v5/search/%EC%84%9C%EC%9A%B8%EB%91%98%EB%A0%88%EA%B8%B8%EC%9D%B8%EC%A6%9D%EC%8A%A4%ED%83%AC%ED%94%84%28%EC%95%84%EC%B0%A8%EC%82%B0%EA%B3%B5%EC%9B%90%EA%B4%80%EB%A6%AC%EC%86%8C%29,"single:0.8;couple:0.4;family:0.3;여행,명소>거리,골목;둘레길",2026-08-23 19:43:15,nature:1.0;outdoor:1.0;walk:1.0,2,70
네이버 지역검색 API | 서울 광진구,자연·공원,광나루역2번출입구,상시,성인 (개인 방문 적합),"서울특별시 광진구 광장동 | 좌표:1271043500,375453600",장소 문의 (전화/홈페이지 참조),서울 광진구에 위치한 둘레길 관련 장소 [광나루역2번출입구] (도로시설>방면정보). 전화: 정보없음,https://map.naver.com/v5/search/%EA%B4%91%EB%82%98%EB%A3%A8%EC%97%AD2%EB%B2%88%EC%B6%9C%EC%9E%85%EA%B5%AC,single:0.8;couple:0.4;family:0.3;도로시설>방면정보;둘레길,2026-08-23 19:43:15,nature:1.0;outdoor:1.0;walk:1.0,2,70
네이버 지역검색 API | 서울 광진구,자연·공원,한국식물원수목원협회,상시,성인 (개인 방문 적합),"서울특별시 광진구 아차산로76가길 13 2층 201호 | 좌표:1271072549,375470315",장소 문의 (전화/홈페이지 참조),"서울 광진구에 위치한 수목원 관련 장소 [한국식물원수목원협회] (협회,단체). 전화: 정보없음",https://kabga.or.kr,"single:0.75;couple:0.4;family:0.3;협회,단체;수목원",2026-08-23 19:43:15,nature:1.0;outdoor:1.0;walk:0.8,2,70
네이버 지역검색 API | 경기 수원시,독립서점,큰새,상시,성인 (개인 방문 적합),"경기도 수원시 팔달구 행궁로 30-1 지하 큰새 | 좌표:1270148125,372798021",장소 문의 (전화/홈페이지 참조),경기 수원시에 위치한 독립서점 관련 장소 [큰새] (서점>독립서점). 전화: 정보없음,https://www.instagram.com/keunsae__,single:0.95;couple:0.4;family:0.3;서점>독립서점;독립서점,2026-08-23 19:43:15,bookstore:1.0;quiet:1.0;indoor:1.0,2,70
네이버 지역검색 API | 경기 수원시,독립서점,여름서가,상시,성인 (개인 방문 적합),"경기도 수원시 영통구 대학3로 7 나보나스퀘어 109호 | 좌표:1270421299,372998203",장소 문의 (전화/홈페이지 참조),경기 수원시에 위치한 독립서점 관련 장소 [여름서가] (서점>독립서점). 전화: 정보없음,https://www.summerbookshop.com,single:0.95;couple:0.4;family:0.3;서점>독립서점;독립서점,2026-08-23 19:43:15,bookstore:1.0;quiet:1.0;indoor:1.0,2,70
네이버 지역검색 API | 경기 수원시,독립서점,브로콜리숲,상시,성인 (개인 방문 적합),"경기도 수원시 팔달구 화서문로32번길 21-10 2층 | 좌표:1270127067,372844046",장소 문의 (전화/홈페이지 참조),경기 수원시에 위치한 독립서점 관련 장소 [브로콜리숲] (서점>독립서점). 전화: 정보없음,http://www.instagram.com/broccoli_soop,single:0.95;couple:0.4;family:0.3;서점>독립서점;독립서점,2026-08-23 19:43:15,bookstore:1.0;quiet:1.0;indoor:1.0,2,70
네이버 지역검색 API | 경기 수원시,독립서점,오평,상시,성인 (개인 방문 적합),"경기도 수원시 영통구 청명북로7번길 8-16 | 좌표:1270793798,372530613",장소 문의 (전화/홈페이지 참조),경기 수원시에 위치한 독립서점 관련 장소 [오평] (서점>독립서점). 전화: 정보없음,https://smartstore.naver.com/ohpyeong,single:0.95;couple:0.4;family:0.3;서점>독립서점;독립서점,2026-08-23 19:43:15,bookstore:1.0;quiet:1.0;indoor:1.0,2,70
네이버 지역검색 API | 경기 수원시,독립서점,셰익스피어42,상시,성인 (개인 방문 적합),"경기도 수원시 권선구 권광로91번길 55 지하1층 | 좌표:1270266003,372568079",장소 문의 (전화/홈페이지 참조),경기 수원시에 위치한 독립서점 관련 장소 [셰익스피어42] (서점>독립서점). 전화: 정보없음,https://sites.google.com/view/soso42/%ED%99%88,single:0.95;couple:0.4;family:0.3;서점>독립서점;독립서점,2026-08-23 19:43:15,bookstore:1.0;quiet:1.0;indoor:1.0,2,70
네이버 지역검색 API | 경기 수원시,독립서점,수원지관서가,상시,성인 (개인 방문 적합),"경기도 수원시 팔달구 월드컵로381번길 2 수원평생학습관 1관 | 좌표:1270279964,372913442",장소 문의 (전화/홈페이지 참조),"경기 수원시에 위치한 북카페 관련 장소 [수원지관서가] (음식점>카페,디저트). 전화: 정보없음",https://map.naver.com/v5/search/%EC%88%98%EC%9B%90%EC%A7%80%EA%B4%80%EC%84%9C%EA%B0%80,"single:0.85;couple:0.4;family:0.3;음식점>카페,디저트;북카페",2026-08-23 19:43:15,bookstore:0.8;quiet:0.9;indoor:1.0,2,70
네이버 지역검색 API | 경기 수원시,독립서점,카페그루비,상시,성인 (개인 방문 적합),"경기도 수원시 영통구 센트럴파크로127번길 148 | 좌표:1270554415,372939247",장소 문의 (전화/홈페이지 참조),"경기 수원시에 위치한 북카페 관련 장소 [카페그루비] (음식점>카페,디저트). 전화: 정보없음",https://www.instagram.com/cafe_groovy,"single:0.85;couple:0.4;family:0.3;음식점>카페,디저트;북카페",2026-08-23 19:43:15,bookstore:0.8;quiet:0.9;indoor:1.0,2,70
네이버 지역검색 API | 경기 수원시,독립서점,아우토그라프커피 행궁본점,상시,성인 (개인 방문 적합),"경기도 수원시 팔달구 화서문로31번길 14-20 | 좌표:1270117468,372858366",장소 문의 (전화/홈페이지 참조),"경기 수원시에 위치한 북카페 관련 장소 [아우토그라프커피 행궁본점] (카페,디저트>카페). 전화: 정보없음",https://www.instagram.com/auto_graph__/,"single:0.85;couple:0.4;family:0.3;카페,디저트>카페;북카페",2026-08-23 19:43:15,bookstore:0.8;quiet:0.9;indoor:1.0,2,70
네이버 지역검색 API | 경기 수원시,독립서점,노트,상시,성인 (개인 방문 적합),"경기도 수원시 팔달구 정조로 843 2층 | 좌표:1270161118,372833512",장소 문의 (전화/홈페이지 참조),"경기 수원시에 위치한 북카페 관련 장소 [노트] (음식점>카페,디저트). 전화: 정보없음",https://www.instagram.com/note__scene,"single:0.85;couple:0.4;family:0.3;음식점>카페,디저트;북카페",2026-08-23 19:43:15,bookstore:0.8;quiet:0.9;indoor:1.0,2,70
네이버 지역검색 API | 경기 수원시,조용한 힐링,토즈스터디센터 수원영통2센터,상시,성인 (개인 방문 적합),"경기도 수원시 영통구 봉영로 1767 701호 | 좌표:1270816330,372667834",장소 문의 (전화/홈페이지 참조),"경기 수원시에 위치한 스터디카페 관련 장소 [토즈스터디센터 수원영통2센터] (임대,대여>장소대여). 전화: 정보없음",https://www.instagram.com/toz0tong,"single:0.9;couple:0.4;family:0.3;임대,대여>장소대여;스터디카페",2026-08-23 19:43:15,healing:0.7;quiet:1.0;solo:1.0,2,70
네이버 지역검색 API | 경기 수원시,조용한 힐링,카공프렌즈 스터디카페 경희대국제캠퍼스점,상시,성인 (개인 방문 적합),"경기도 수원시 영통구 덕영대로 1689 5층 | 좌표:1270760229,372479808",장소 문의 (전화/홈페이지 참조),경기 수원시에 위치한 스터디카페 관련 장소 [카공프렌즈 스터디카페 경희대국제캠퍼스점] (스터디카페). 전화: 정보없음,https://www.instagram.com/cagongfriends_official,single:0.9;couple:0.4;family:0.3;스터디카페;스터디카페,2026-08-23 19:43:15,healing:0.7;quiet:1.0;solo:1.0,2,70
네이버 지역검색 API | 경기 수원시,조용한 힐링,카공족 영통역1호점,상시,성인 (개인 방문 적합),"경기도 수원시 영통구 봉영로 1606 미네시티 2층 207호 | 좌표:1270744859,372538737",장소 문의 (전화/홈페이지 참조),"경기 수원시에 위치한 스터디카페 관련 장소 [카공족 영통역1호점] (카페,디저트>스터디카페). 전화: 정보없음",https://www.instagram.com/cagongzok_official,"single:0.9;couple:0.4;family:0.3;카페,디저트>스터디카페;스터디카페",2026-08-23 19:43:15,healing:0.7;quiet:1.0;solo:1.0,2,70
네이버 지역검색 API | 경기 수원시,조용한 힐링,카공족 수원성대점,상시,성인 (개인 방문 적합),"경기도 수원시 장안구 서부로2126번길 9 401호 | 좌표:1269721737,372981770",장소 문의 (전화/홈페이지 참조),"경기 수원시에 위치한 스터디카페 관련 장소 [카공족 수원성대점] (카페,디저트>스터디카페). 전화: 정보없음",http://pf.kakao.com/_XUDAX,"single:0.9;couple:0.4;family:0.3;카페,디저트>스터디카페;스터디카페",2026-08-23 19:43:15,healing:0.7;quiet:1.0;solo:1.0,2,70
네이버 지역검색 API | 경기 수원시,조용한 힐링,더블에스 관리형 스터디카페 수원영통점,상시,성인 (개인 방문 적합),"경기도 수원시 영통구 반달로 110 2층 | 좌표:1270768243,372531209",장소 문의 (전화/홈페이지 참조),경기 수원시에 위치한 스터디카페 관련 장소 [더블에스 관리형 스터디카페 수원영통점] (스터디카페). 전화: 정보없음,http://pf.kakao.com/_HTeXX/chat,single:0.9;couple:0.4;family:0.3;스터디카페;스터디카페,2026-08-23 19:43:15,healing:0.7;quiet:1.0;solo:1.0,2,70
네이버 지역검색 API | 경기 수원시,조용한 힐링,바라다요가앤필라테스,상시,성인 (개인 방문 적합),"경기도 수원시 팔달구 인계로94번길 39-9 소망프라자 201호 | 좌표:1270276893,372664208",장소 문의 (전화/홈페이지 참조),경기 수원시에 위치한 요가원 관련 장소 [바라다요가앤필라테스] (스포츠시설>요가원). 전화: 정보없음,http://pf.kakao.com/_BxevxhK/chat,single:0.8;couple:0.4;family:0.3;스포츠시설>요가원;요가원,2026-08-23 19:43:15,healing:1.0;quiet:0.8;solo:0.9,2,70
네이버 지역검색 API | 경기 수원시,조용한 힐링,요가 스피릿 플라잉 &amp; 번지피지오 수원점,상시,성인 (개인 방문 적합),"경기도 수원시 영통구 망포로 142 B동 4층 403호 | 좌표:1270493582,372409407",장소 문의 (전화/홈페이지 참조),경기 수원시에 위치한 요가원 관련 장소 [요가 스피릿 플라잉 &amp; 번지피지오 수원점] (스포츠시설>요가원). 전화: 정보없음,https://www.instagram.com/yogaspirit_suwon?igsh=OXM3ajV2MDE2cXl4&utm_source=qr,single:0.8;couple:0.4;family:0.3;스포츠시설>요가원;요가원,2026-08-23 19:43:15,healing:1.0;quiet:0.8;solo:0.9,2,70
네이버 지역검색 API | 경기 수원시,조용한 힐링,요가투더피플,상시,성인 (개인 방문 적합),"경기도 수원시 영통구 권선로882번길 26-23 1층 요가투더피플 | 좌표:1270422433,372499779",장소 문의 (전화/홈페이지 참조),경기 수원시에 위치한 요가원 관련 장소 [요가투더피플] (스포츠시설>요가원). 전화: 정보없음,https://blog.naver.com/yogatothepeople,single:0.8;couple:0.4;family:0.3;스포츠시설>요가원;요가원,2026-08-23 19:43:15,healing:1.0;quiet:0.8;solo:0.9,2,70
네이버 지역검색 API | 경기 수원시,조용한 힐링,리본요가 수원점,상시,성인 (개인 방문 적합),"경기도 수원시 팔달구 덕영대로 905 아이메카 상가 7층 | 좌표:1270005447,372678850",장소 문의 (전화/홈페이지 참조),경기 수원시에 위치한 요가원 관련 장소 [리본요가 수원점] (스포츠시설>요가원). 전화: 정보없음,https://rebornyoga.co.kr,single:0.8;couple:0.4;family:0.3;스포츠시설>요가원;요가원,2026-08-23 19:43:15,healing:1.0;quiet:0.8;solo:0.9,2,70
네이버 지역검색 API | 경기 수원시,조용한 힐링,원요가샬라,상시,성인 (개인 방문 적합),"경기도 수원시 영통구 권선로908번길 52-22 4층 | 좌표:1270444049,372473180",장소 문의 (전화/홈페이지 참조),경기 수원시에 위치한 요가원 관련 장소 [원요가샬라] (스포츠시설>요가원). 전화: 정보없음,https://blog.naver.com/oneyogashala_2021,single:0.8;couple:0.4;family:0.3;스포츠시설>요가원;요가원,2026-08-23 19:43:15,healing:1.0;quiet:0.8;solo:0.9,2,70
네이버 지역검색 API | 경기 수원시,조용한 힐링,마음수련 명상센터 광교점,상시,성인 (개인 방문 적합),"경기도 수원시 영통구 센트럴타운로 106 센트럴프라자 208호 | 좌표:1270501574,372927376",장소 문의 (전화/홈페이지 참조),"경기 수원시에 위치한 명상센터 관련 장소 [마음수련 명상센터 광교점] (스포츠,레크레이션교육>요가,명상). 전화: 정보없음",https://trueselfclass.com/,"single:0.85;couple:0.4;family:0.3;스포츠,레크레이션교육>요가,명상;명상센터",2026-08-23 19:43:15,healing:1.0;quiet:1.0;solo:1.0,2,70
네이버 지역검색 API | 경기 수원시,조용한 힐링,마음수련 명상센터 장안점,상시,성인 (개인 방문 적합),"경기도 수원시 장안구 정자천로 187 롯데프라자 203호 | 좌표:1269955359,372964072",장소 문의 (전화/홈페이지 참조),"경기 수원시에 위치한 명상센터 관련 장소 [마음수련 명상센터 장안점] (스포츠,레크레이션교육>요가,명상). 전화: 정보없음",http://trueselfclass.com/,"single:0.85;couple:0.4;family:0.3;스포츠,레크레이션교육>요가,명상;명상센터",2026-08-23 19:43:15,healing:1.0;quiet:1.0;solo:1.0,2,70
네이버 지역검색 API | 경기 수원시,조용한 힐링,마음수련 명상센터 성균관대역점,상시,성인 (개인 방문 적합),"경기도 수원시 장안구 서부로 2139 SK허브블루 6층 608호 | 좌표:1269716659,372994569",장소 문의 (전화/홈페이지 참조),"경기 수원시에 위치한 명상센터 관련 장소 [마음수련 명상센터 성균관대역점] (스포츠,레크레이션교육>요가,명상). 전화: 정보없음",http://trueselfclass.com/,"single:0.85;couple:0.4;family:0.3;스포츠,레크레이션교육>요가,명상;명상센터",2026-08-23 19:43:15,healing:1.0;quiet:1.0;solo:1.0,2,70
네이버 지역검색 API | 경기 수원시,조용한 힐링,브레인트레이닝센터 영통점,상시,성인 (개인 방문 적합),"경기도 수원시 영통구 덕영대로 1503 5층 | 좌표:1270552294,372461022",장소 문의 (전화/홈페이지 참조),"경기 수원시에 위치한 명상센터 관련 장소 [브레인트레이닝센터 영통점] (스포츠,레크레이션교육>요가,명상). 전화: 정보없음",https://www.brain-training.co.kr/Default.aspx,"single:0.85;couple:0.4;family:0.3;스포츠,레크레이션교육>요가,명상;명상센터",2026-08-23 19:43:15,healing:1.0;quiet:1.0;solo:1.0,2,70
네이버 지역검색 API | 경기 수원시,조용한 힐링,브레인트레이닝센터 천천동점,상시,성인 (개인 방문 적합),"경기도 수원시 장안구 덕영대로535번길 38 6층 | 좌표:1269823273,372971720",장소 문의 (전화/홈페이지 참조),"경기 수원시에 위치한 명상센터 관련 장소 [브레인트레이닝센터 천천동점] (스포츠,레크레이션교육>요가,명상). 전화: 정보없음",https://www.brain-training.co.kr/Default.aspx,"single:0.85;couple:0.4;family:0.3;스포츠,레크레이션교육>요가,명상;명상센터",2026-08-23 19:43:15,healing:1.0;quiet:1.0;solo:1.0,2,70
네이버 지역검색 API | 경기 수원시,역사·문화,수공감수학학원,상시,성인 (개인 방문 적합),"경기도 군포시 번영로 508 신산빌딩 401호 | 좌표:1269339084,373579274",장소 문의 (전화/홈페이지 참조),"경기 수원시에 위치한 고궁 관련 장소 [수공감수학학원] (교습학원,교습소>수학교육). 전화: 정보없음",https://blog.naver.com/moonanmath,"single:0.75;couple:0.4;family:0.3;교습학원,교습소>수학교육;고궁",2026-08-23 19:43:15,culture:1.0;history:1.0;outdoor:0.6,2,70
네이버 지역검색 API | 경기 수원시,역사·문화,대한불교조계종 봉녕사,상시,성인 (개인 방문 적합),"경기도 수원시 팔달구 창룡대로 236-54 | 좌표:1270382984,372907952",장소 문의 (전화/홈페이지 참조),"경기 수원시에 위치한 사찰 관련 장소 [대한불교조계종 봉녕사] (불교>절,사찰). 전화: 정보없음",http://www.bongnyeongsa.org/,"single:0.7;couple:0.4;family:0.3;불교>절,사찰;사찰",2026-08-23 19:43:15,culture:1.0;history:0.9;outdoor:0.7,2,70
네이버 지역검색 API | 경기 수원시,역사·문화,용광사,상시,성인 (개인 방문 적합),"경기도 수원시 장안구 파장천로 74 대한불교천태종 용광사 | 좌표:1269986865,373110749",장소 문의 (전화/홈페이지 참조),"경기 수원시에 위치한 사찰 관련 장소 [용광사] (불교>절,사찰). 전화: 정보없음",https://map.naver.com/v5/search/%EC%9A%A9%EA%B4%91%EC%82%AC,"single:0.7;couple:0.4;family:0.3;불교>절,사찰;사찰",2026-08-23 19:43:15,culture:1.0;history:0.9;outdoor:0.7,2,70
네이버 지역검색 API | 경기 수원시,역사·문화,대승원,상시,성인 (개인 방문 적합),"경기도 수원시 팔달구 행궁로26번길 38 | 좌표:1270126898,372795244",장소 문의 (전화/홈페이지 참조),"경기 수원시에 위치한 사찰 관련 장소 [대승원] (불교>절,사찰). 전화: 정보없음",https://map.naver.com/v5/search/%EB%8C%80%EC%8A%B9%EC%9B%90,"single:0.7;couple:0.4;family:0.3;불교>절,사찰;사찰",2026-08-23 19:43:15,culture:1.0;history:0.9;outdoor:0.7,2,70
네이버 지역검색 API | 경기 수원시,역사·문화,용화사,상시,성인 (개인 방문 적합),"경기도 수원시 권선구 칠보로88번길 260 | 좌표:1269372639,372611552",장소 문의 (전화/홈페이지 참조),"경기 수원시에 위치한 사찰 관련 장소 [용화사] (불교>절,사찰). 전화: 정보없음",https://map.naver.com/v5/search/%EC%9A%A9%ED%99%94%EC%82%AC,"single:0.7;couple:0.4;family:0.3;불교>절,사찰;사찰",2026-08-23 19:43:15,culture:1.0;history:0.9;outdoor:0.7,2,70
네이버 지역검색 API | 경기 수원시,역사·문화,팔달사,상시,성인 (개인 방문 적합),"경기도 수원시 팔달구 행궁로 68 | 좌표:1270153272,372764651",장소 문의 (전화/홈페이지 참조),"경기 수원시에 위치한 사찰 관련 장소 [팔달사] (불교>절,사찰). 전화: 정보없음",https://map.naver.com/v5/search/%ED%8C%94%EB%8B%AC%EC%82%AC,"single:0.7;couple:0.4;family:0.3;불교>절,사찰;사찰",2026-08-23 19:43:15,culture:1.0;history:0.9;outdoor:0.7,2,70
네이버 지역검색 API | 경기 수원시,자연·공원,수원팔색길(화성성곽길),상시,성인 (개인 방문 적합),"경기도 수원시 팔달구 정조로 776-2 | 좌표:1270168625,372771499",장소 문의 (전화/홈페이지 참조),"경기 수원시에 위치한 둘레길 관련 장소 [수원팔색길(화성성곽길)] (거리,골목>도보코스). 전화: 정보없음",https://map.naver.com/v5/search/%EC%88%98%EC%9B%90%ED%8C%94%EC%83%89%EA%B8%B8%28%ED%99%94%EC%84%B1%EC%84%B1%EA%B3%BD%EA%B8%B8%29,"single:0.8;couple:0.4;family:0.3;거리,골목>도보코스;둘레길",2026-08-23 19:43:15,nature:1.0;outdoor:1.0;walk:1.0,2,70
네이버 지역검색 API | 경기 수원시,자연·공원,수원팔색길(지게길),상시,성인 (개인 방문 적합),"경기도 수원시 장안구 상광교동 340-2 | 좌표:1270141064,373273620",장소 문의 (전화/홈페이지 참조),"경기 수원시에 위치한 둘레길 관련 장소 [수원팔색길(지게길)] (거리,골목>도보코스). 전화: 정보없음",https://map.naver.com/v5/search/%EC%88%98%EC%9B%90%ED%8C%94%EC%83%89%EA%B8%B8%28%EC%A7%80%EA%B2%8C%EA%B8%B8%29,"single:0.8;couple:0.4;family:0.3;거리,골목>도보코스;둘레길",2026-08-23 19:43:15,nature:1.0;outdoor:1.0;walk:1.0,2,70
네이버 지역검색 API | 경기 수원시,자연·공원,수원팔색길(여우길),상시,성인 (개인 방문 적합),"경기도 수원시 영통구 | 좌표:1270500301,372947085",장소 문의 (전화/홈페이지 참조),"경기 수원시에 위치한 둘레길 관련 장소 [수원팔색길(여우길)] (거리,골목>도보코스). 전화: 정보없음",https://map.naver.com/v5/search/%EC%88%98%EC%9B%90%ED%8C%94%EC%83%89%EA%B8%B8%28%EC%97%AC%EC%9A%B0%EA%B8%B8%29,"single:0.8;couple:0.4;family:0.3;거리,골목>도보코스;둘레길",2026-08-23 19:43:15,nature:1.0;outdoor:1.0;walk:1.0,2,70
네이버 지역검색 API | 경기 수원시,자연·공원,수원팔색길(도란길),상시,성인 (개인 방문 적합),"경기도 수원시 영통구 매탄동 1314 | 좌표:1270486384,372583033",장소 문의 (전화/홈페이지 참조),"경기 수원시에 위치한 둘레길 관련 장소 [수원팔색길(도란길)] (거리,골목>도보코스). 전화: 정보없음",https://map.naver.com/v5/search/%EC%88%98%EC%9B%90%ED%8C%94%EC%83%89%EA%B8%B8%28%EB%8F%84%EB%9E%80%EA%B8%B8%29,"single:0.8;couple:0.4;family:0.3;거리,골목>도보코스;둘레길",2026-08-23 19:43:15,nature:1.0;outdoor:1.0;walk:1.0,2,70
네이버 지역검색 API | 경기 수원시,자연·공원,수원팔색길(효행길),상시,성인 (개인 방문 적합),"경기도 수원시 팔달구 북수동 5-2 | 좌표:1270145724,372887170",장소 문의 (전화/홈페이지 참조),"경기 수원시에 위치한 둘레길 관련 장소 [수원팔색길(효행길)] (거리,골목>도보코스). 전화: 정보없음",https://map.naver.com/v5/search/%EC%88%98%EC%9B%90%ED%8C%94%EC%83%89%EA%B8%B8%28%ED%9A%A8%ED%96%89%EA%B8%B8%29,"single:0.8;couple:0.4;family:0.3;거리,골목>도보코스;둘레길",2026-08-23 19:43:15,nature:1.0;outdoor:1.0;walk:1.0,2,70
네이버 지역검색 API | 경기 수원시,자연·공원,일월수목원,상시,성인 (개인 방문 적합),"경기도 수원시 장안구 일월로 61 일월수목원 | 좌표:1269760421,372883577",장소 문의 (전화/홈페이지 참조),"경기 수원시에 위치한 수목원 관련 장소 [일월수목원] (여행,명소>식물원,수목원). 전화: 정보없음",https://www.suwon.go.kr/web/iwarbor/index.do,"single:0.75;couple:0.4;family:0.3;여행,명소>식물원,수목원;수목원",2026-08-23 19:43:15,nature:1.0;outdoor:1.0;walk:0.8,2,70
네이버 지역검색 API | 경기 수원시,자연·공원,영흥수목원,상시,성인 (개인 방문 적합),"경기도 수원시 영통구 영통로 435 영흥수목원 | 좌표:1270711629,372636683",장소 문의 (전화/홈페이지 참조),"경기 수원시에 위치한 수목원 관련 장소 [영흥수목원] (여행,명소>식물원,수목원). 전화: 정보없음",https://www.suwon.go.kr/web/yharbor/index.do,"single:0.75;couple:0.4;family:0.3;여행,명소>식물원,수목원;수목원",2026-08-23 19:43:15,nature:1.0;outdoor:1.0;walk:0.8,2,70
네이버 지역검색 API | 경기 수원시,자연·공원,최씨화로 서수원본점,상시,성인 (개인 방문 적합),"경기도 수원시 권선구 일월천로4번길 43-9 | 좌표:1269743685,372826485",장소 문의 (전화/홈페이지 참조),경기 수원시에 위치한 수목원 관련 장소 [최씨화로 서수원본점] (한식>소고기구이). 전화: 정보없음,https://www.instagram.com/jeonmuntae9/,single:0.75;couple:0.4;family:0.3;한식>소고기구이;수목원,2026-08-23 19:43:15,nature:1.0;outdoor:1.0;walk:0.8,2,70
네이버 지역검색 API | 경기 수원시,자연·공원,수복헌 연자약초수목원,상시,성인 (개인 방문 적합),"경기도 수원시 권선구 입북로43번길 41-25 | 좌표:1269568647,372939932",장소 문의 (전화/홈페이지 참조),"경기 수원시에 위치한 수목원 관련 장소 [수복헌 연자약초수목원] (카페,디저트>한방카페). 전화: 정보없음",https://www.instagram.com/subokheon_official,"single:0.75;couple:0.4;family:0.3;카페,디저트>한방카페;수목원",2026-08-23 19:43:15,nature:1.0;outdoor:1.0;walk:0.8,2,70
네이버 지역검색 API | 경기 수원시,자연·공원,고반가든 서수원점,상시,성인 (개인 방문 적합),"경기도 수원시 권선구 일월천로4번길 22 고반가든 서수원점 | 좌표:1269734375,372820671",장소 문의 (전화/홈페이지 참조),경기 수원시에 위치한 수목원 관련 장소 [고반가든 서수원점] (한식>소고기구이). 전화: 정보없음,https://app.catchtable.co.kr/ct/shop/GobanGardenWestSuwon,single:0.75;couple:0.4;family:0.3;한식>소고기구이;수목원,2026-08-23 19:43:15,nature:1.0;outdoor:1.0;walk:0.8,2,70
네이버 지역검색 API | 경기 성남시,독립서점,책덕방,상시,성인 (개인 방문 적합),"경기도 성남시 중원구 산성대로 230-18 성남 중앙 지하상가 D동 마열 10호 | 좌표:1271433458,374386626",장소 문의 (전화/홈페이지 참조),경기 성남시에 위치한 독립서점 관련 장소 [책덕방] (서점>독립서점). 전화: 정보없음,https://www.instagram.com/seongnam_chakdeokbang?igsh=MWgzMzgwYzNlYTI4ag%3D%3D&utm_source=qr,single:0.95;couple:0.4;family:0.3;서점>독립서점;독립서점,2026-08-23 19:43:15,bookstore:1.0;quiet:1.0;indoor:1.0,2,70
네이버 지역검색 API | 경기 성남시,독립서점,북술북술,상시,성인 (개인 방문 적합),"경기도 성남시 분당구 동판교로52번길 17-3 1층 | 좌표:1271149415,373865622",장소 문의 (전화/홈페이지 참조),"경기 성남시에 위치한 독립서점 관련 장소 [북술북술] (카페,디저트>북카페). 전화: 정보없음",https://blog.naver.com/afterwork_pangyo,"single:0.95;couple:0.4;family:0.3;카페,디저트>북카페;독립서점",2026-08-23 19:43:15,bookstore:1.0;quiet:1.0;indoor:1.0,2,70
네이버 지역검색 API | 경기 성남시,독립서점,온적공간,상시,성인 (개인 방문 적합),"경기도 성남시 수정구 대왕판교로982번길 21-2 | 좌표:1271045893,374289447",장소 문의 (전화/홈페이지 참조),"경기 성남시에 위치한 독립서점 관련 장소 [온적공간] (음식점>카페,디저트). 전화: 정보없음",https://smartstore.naver.com/onjeok,"single:0.95;couple:0.4;family:0.3;음식점>카페,디저트;독립서점",2026-08-23 19:43:15,bookstore:1.0;quiet:1.0;indoor:1.0,2,70
네이버 지역검색 API | 경기 성남시,독립서점,커피 플로어: 뚱이와 못난이,상시,성인 (개인 방문 적합),"경기도 성남시 분당구 벌말로 10 목련마을 1단지 종합상가 2층 202호 | 좌표:1271383505,374089622",장소 문의 (전화/홈페이지 참조),"경기 성남시에 위치한 독립서점 관련 장소 [커피 플로어: 뚱이와 못난이] (카페,디저트>북카페). 전화: 정보없음",https://blog.naver.com/coffeefloor202,"single:0.95;couple:0.4;family:0.3;카페,디저트>북카페;독립서점",2026-08-23 19:43:15,bookstore:1.0;quiet:1.0;indoor:1.0,2,70
네이버 지역검색 API | 경기 성남시,독립서점,우주소년,상시,성인 (개인 방문 적합),"경기도 용인시 수지구 고기로129번길 18 2층 | 좌표:1270883191,373466068",장소 문의 (전화/홈페이지 참조),경기 성남시에 위치한 독립서점 관련 장소 [우주소년] (서점>독립서점). 전화: 정보없음,https://band.us/@ujoosonyeon,single:0.95;couple:0.4;family:0.3;서점>독립서점;독립서점,2026-08-23 19:43:15,bookstore:1.0;quiet:1.0;indoor:1.0,2,70
네이버 지역검색 API | 경기 성남시,독립서점,북마크 커피&amp;베이커리,상시,성인 (개인 방문 적합),"경기도 성남시 분당구 돌마로 87 3층 | 좌표:1271117462,373503915",장소 문의 (전화/홈페이지 참조),"경기 성남시에 위치한 북카페 관련 장소 [북마크 커피&amp;베이커리] (음식점>카페,디저트). 전화: 정보없음",https://www.instagram.com/bookmarkcoffee.kr,"single:0.85;couple:0.4;family:0.3;음식점>카페,디저트;북카페",2026-08-23 19:43:15,bookstore:0.8;quiet:0.9;indoor:1.0,2,70
네이버 지역검색 API | 경기 성남시,독립서점,커도의서재,상시,성인 (개인 방문 적합),"경기도 성남시 수정구 위례대로 83 1층 | 좌표:1271439274,374681042",장소 문의 (전화/홈페이지 참조),"경기 성남시에 위치한 북카페 관련 장소 [커도의서재] (음식점>카페,디저트). 전화: 정보없음",https://www.instagram.com/codolibrary/,"single:0.85;couple:0.4;family:0.3;음식점>카페,디저트;북카페",2026-08-23 19:43:15,bookstore:0.8;quiet:0.9;indoor:1.0,2,70
네이버 지역검색 API | 경기 성남시,독립서점,리멤,상시,성인 (개인 방문 적합),"경기도 성남시 분당구 불정로71번길 4-5 1층 | 좌표:1271130243,373604656",장소 문의 (전화/홈페이지 참조),"경기 성남시에 위치한 북카페 관련 장소 [리멤] (음식점>카페,디저트). 전화: 정보없음",https://remem.so,"single:0.85;couple:0.4;family:0.3;음식점>카페,디저트;북카페",2026-08-23 19:43:15,bookstore:0.8;quiet:0.9;indoor:1.0,2,70
네이버 지역검색 API | 경기 성남시,독립서점,어느비움,상시,성인 (개인 방문 적합),"경기도 성남시 분당구 발이봉남로43번길 3 1층 | 좌표:1271288110,373629388",장소 문의 (전화/홈페이지 참조),"경기 성남시에 위치한 북카페 관련 장소 [어느비움] (카페,디저트>북카페). 전화: 정보없음",https://www.instagram.com/eunuebium,"single:0.85;couple:0.4;family:0.3;카페,디저트>북카페;북카페",2026-08-23 19:43:15,bookstore:0.8;quiet:0.9;indoor:1.0,2,70
네이버 지역검색 API | 경기 성남시,조용한 힐링,랭스터디카페 서현점,상시,성인 (개인 방문 적합),"경기도 성남시 분당구 분당로53번길 19 3층 랭스터디카페서현점 | 좌표:1271221799,373845205",장소 문의 (전화/홈페이지 참조),"경기 성남시에 위치한 스터디카페 관련 장소 [랭스터디카페 서현점] (서비스,산업>장소대여). 전화: 정보없음",https://app.orderqueen.kr/Index.aspx?cid=06990015,"single:0.9;couple:0.4;family:0.3;서비스,산업>장소대여;스터디카페",2026-08-23 19:43:15,healing:0.7;quiet:1.0;solo:1.0,2,70
네이버 지역검색 API | 경기 성남시,조용한 힐링,생텀 분당서현본점,상시,성인 (개인 방문 적합),"경기도 성남시 분당구 황새울로360번길 19 금화빌딩 지하1층 | 좌표:1271259558,373858796",장소 문의 (전화/홈페이지 참조),"경기 성남시에 위치한 스터디카페 관련 장소 [생텀 분당서현본점] (음식점>카페,디저트). 전화: 정보없음",http://www.instagram.com/sanctum_sh,"single:0.9;couple:0.4;family:0.3;음식점>카페,디저트;스터디카페",2026-08-23 19:43:15,healing:0.7;quiet:1.0;solo:1.0,2,70
네이버 지역검색 API | 경기 성남시,조용한 힐링,토즈스터디카페 위례광장센터,상시,성인 (개인 방문 적합),"경기도 성남시 수정구 위례광장로 320 아이에스센트럴타워 9층 903호 | 좌표:1271422845,374723588",장소 문의 (전화/홈페이지 참조),"경기 성남시에 위치한 스터디카페 관련 장소 [토즈스터디카페 위례광장센터] (임대,대여>장소대여). 전화: 정보없음",https://blog.naver.com/solarhill,"single:0.9;couple:0.4;family:0.3;임대,대여>장소대여;스터디카페",2026-08-23 19:43:15,healing:0.7;quiet:1.0;solo:1.0,2,70
네이버 지역검색 API | 경기 성남시,조용한 힐링,게더 공간대여&amp;스터디룸 스터디카페 분당 서현 본점,상시,성인 (개인 방문 적합),"경기도 성남시 분당구 서현로210번길 10 다두프라자 4층 게더 | 좌표:1271247246,373865066",장소 문의 (전화/홈페이지 참조),"경기 성남시에 위치한 스터디카페 관련 장소 [게더 공간대여&amp;스터디룸 스터디카페 분당 서현 본점] (서비스,산업>장소대여). 전화: 정보없음",https://www.instagram.com/p/CZgCw7rhLwA/?utm_medium=copy_link,"single:0.9;couple:0.4;family:0.3;서비스,산업>장소대여;스터디카페",2026-08-23 19:43:15,healing:0.7;quiet:1.0;solo:1.0,2,70
네이버 지역검색 API | 경기 성남시,조용한 힐링,라인발레핏&amp;플라잉요가,상시,성인 (개인 방문 적합),"경기도 성남시 중원구 희망로400번길 52 B1층 | 좌표:1271651276,374427668",장소 문의 (전화/홈페이지 참조),경기 성남시에 위치한 요가원 관련 장소 [라인발레핏&amp;플라잉요가] (스포츠시설>요가원). 전화: 정보없음,https://blog.naver.com/lineballetfit_fiying,single:0.8;couple:0.4;family:0.3;스포츠시설>요가원;요가원,2026-08-23 19:43:15,healing:1.0;quiet:0.8;solo:0.9,2,70
네이버 지역검색 API | 경기 성남시,조용한 힐링,젠요가 판교센터,상시,성인 (개인 방문 적합),"경기도 성남시 분당구 대왕판교로606번길 45 3층 | 좌표:1271119254,373968925",장소 문의 (전화/홈페이지 참조),경기 성남시에 위치한 요가원 관련 장소 [젠요가 판교센터] (스포츠시설>요가원). 전화: 정보없음,https://pf.kakao.com/_xjdQyj/chat,single:0.8;couple:0.4;family:0.3;스포츠시설>요가원;요가원,2026-08-23 19:43:15,healing:1.0;quiet:0.8;solo:0.9,2,70
네이버 지역검색 API | 경기 성남시,조용한 힐링,젠요가 뉴분당센터,상시,성인 (개인 방문 적합),"경기도 성남시 분당구 성남대로331번길 13 백궁프라자1 4층 | 좌표:1271063141,373653029",장소 문의 (전화/홈페이지 참조),경기 성남시에 위치한 요가원 관련 장소 [젠요가 뉴분당센터] (스포츠시설>요가원). 전화: 정보없음,https://pf.kakao.com/_xbWxmxkj/chat,single:0.8;couple:0.4;family:0.3;스포츠시설>요가원;요가원,2026-08-23 19:43:15,healing:1.0;quiet:0.8;solo:0.9,2,70
네이버 지역검색 API | 경기 성남시,조용한 힐링,알록요가하우스,상시,성인 (개인 방문 적합),"경기도 성남시 수정구 위례서일로3길 13 B1층 | 좌표:1271390492,374663283",장소 문의 (전화/홈페이지 참조),경기 성남시에 위치한 요가원 관련 장소 [알록요가하우스] (스포츠시설>요가원). 전화: 정보없음,https://blog.naver.com/kia814,single:0.8;couple:0.4;family:0.3;스포츠시설>요가원;요가원,2026-08-23 19:43:15,healing:1.0;quiet:0.8;solo:0.9,2,70
네이버 지역검색 API | 경기 성남시,조용한 힐링,아롬요가,상시,성인 (개인 방문 적합),"경기도 성남시 수정구 위례광장로 9-10 204호(창곡동, 아롬타워) | 좌표:1271406277,374649136",장소 문의 (전화/홈페이지 참조),경기 성남시에 위치한 요가원 관련 장소 [아롬요가] (스포츠시설>요가원). 전화: 정보없음,https://www.instagram.com/aromyoga1/,single:0.8;couple:0.4;family:0.3;스포츠시설>요가원;요가원,2026-08-23 19:43:15,healing:1.0;quiet:0.8;solo:0.9,2,70
네이버 지역검색 API | 경기 성남시,조용한 힐링,마음수련 명상센터 수내점,상시,성인 (개인 방문 적합),"경기도 성남시 분당구 황새울로258번길 32 코리아나빌딩 407호 | 좌표:1271162530,373795580",장소 문의 (전화/홈페이지 참조),"경기 성남시에 위치한 명상센터 관련 장소 [마음수련 명상센터 수내점] (스포츠,레크레이션교육>요가,명상). 전화: 정보없음",https://trueselfclass.com/,"single:0.85;couple:0.4;family:0.3;스포츠,레크레이션교육>요가,명상;명상센터",2026-08-23 19:43:15,healing:1.0;quiet:1.0;solo:1.0,2,70
네이버 지역검색 API | 경기 성남시,조용한 힐링,마음수련 명상센터 성남점,상시,성인 (개인 방문 적합),"경기도 성남시 수정구 산성대로 331 한신프라자오피스텔 102호 | 좌표:1271528431,374438101",장소 문의 (전화/홈페이지 참조),"경기 성남시에 위치한 명상센터 관련 장소 [마음수련 명상센터 성남점] (스포츠,레크레이션교육>요가,명상). 전화: 정보없음",https://trueselfclass.com/,"single:0.85;couple:0.4;family:0.3;스포츠,레크레이션교육>요가,명상;명상센터",2026-08-23 19:43:15,healing:1.0;quiet:1.0;solo:1.0,2,70
네이버 지역검색 API | 경기 성남시,조용한 힐링,마음수련 명상센터 오리역점,상시,성인 (개인 방문 적합),"경기도 성남시 분당구 구미로9번길 25 분당대맥주차빌딩 1동 303호 | 좌표:1271099441,373403798",장소 문의 (전화/홈페이지 참조),"경기 성남시에 위치한 명상센터 관련 장소 [마음수련 명상센터 오리역점] (스포츠,레크레이션교육>요가,명상). 전화: 정보없음",https://www.trueselfclass.com/,"single:0.85;couple:0.4;family:0.3;스포츠,레크레이션교육>요가,명상;명상센터",2026-08-23 19:43:15,healing:1.0;quiet:1.0;solo:1.0,2,70
네이버 지역검색 API | 경기 성남시,조용한 힐링,브레인트레이닝센터 미금점,상시,성인 (개인 방문 적합),"경기도 성남시 분당구 돌마로 86 엘레강스프라자 B동 701호 브레인 트레이닝센터 | 좌표:1271112912,373497105",장소 문의 (전화/홈페이지 참조),"경기 성남시에 위치한 명상센터 관련 장소 [브레인트레이닝센터 미금점] (스포츠,레크레이션교육>요가,명상). 전화: 정보없음",https://blog.naver.com/now77211,"single:0.85;couple:0.4;family:0.3;스포츠,레크레이션교육>요가,명상;명상센터",2026-08-23 19:43:15,healing:1.0;quiet:1.0;solo:1.0,2,70
네이버 지역검색 API | 경기 성남시,조용한 힐링,브레인트레이닝센터 서현명상치유점,상시,성인 (개인 방문 적합),"경기도 성남시 분당구 서현로 192 706호 | 좌표:1271244293,373877936",장소 문의 (전화/홈페이지 참조),"경기 성남시에 위치한 명상센터 관련 장소 [브레인트레이닝센터 서현명상치유점] (스포츠,레크레이션교육>요가,명상). 전화: 정보없음",https://blog.naver.com/soulshine1,"single:0.85;couple:0.4;family:0.3;스포츠,레크레이션교육>요가,명상;명상센터",2026-08-23 19:43:15,healing:1.0;quiet:1.0;solo:1.0,2,70
네이버 지역검색 API | 경기 성남시,역사·문화,고기가득 고궁왕비빔밥 상대원점,상시,성인 (개인 방문 적합),"경기도 성남시 중원구 상대원동 희망로 356 | 좌표:1271583694,374374724",장소 문의 (전화/홈페이지 참조),경기 성남시에 위치한 고궁 관련 장소 [고기가득 고궁왕비빔밥 상대원점] (음식점>한식). 전화: 정보없음,https://map.naver.com/v5/search/%EA%B3%A0%EA%B8%B0%EA%B0%80%EB%93%9D%20%EA%B3%A0%EA%B6%81%EC%99%95%EB%B9%84%EB%B9%94%EB%B0%A5%20%EC%83%81%EB%8C%80%EC%9B%90%EC%A0%90,single:0.75;couple:0.4;family:0.3;음식점>한식;고궁,2026-08-23 19:43:15,culture:1.0;history:1.0;outdoor:0.6,2,70
네이버 지역검색 API | 경기 성남시,역사·문화,대광사,상시,성인 (개인 방문 적합),"경기도 성남시 분당구 구미로185번길 30 | 좌표:1271276630,373467312",장소 문의 (전화/홈페이지 참조),"경기 성남시에 위치한 사찰 관련 장소 [대광사] (불교>절,사찰). 전화: 정보없음",http://www.daegwangsa.org/,"single:0.7;couple:0.4;family:0.3;불교>절,사찰;사찰",2026-08-23 19:43:15,culture:1.0;history:0.9;outdoor:0.7,2,70
네이버 지역검색 API | 경기 성남시,역사·문화,정토사,상시,성인 (개인 방문 적합),"경기도 성남시 수정구 상적동 344-2 | 좌표:1270676823,374263846",장소 문의 (전화/홈페이지 참조),"경기 성남시에 위치한 사찰 관련 장소 [정토사] (불교>절,사찰). 전화: 정보없음",http://www.jeongtosa.com/,"single:0.7;couple:0.4;family:0.3;불교>절,사찰;사찰",2026-08-23 19:43:15,culture:1.0;history:0.9;outdoor:0.7,2,70
네이버 지역검색 API | 경기 성남시,역사·문화,봉국사,상시,성인 (개인 방문 적합),"경기도 성남시 수정구 태평로 79 | 좌표:1271353016,374504949",장소 문의 (전화/홈페이지 참조),"경기 성남시에 위치한 사찰 관련 장소 [봉국사] (불교>절,사찰). 전화: 정보없음",http://www.bongguksa.or.kr/,"single:0.7;couple:0.4;family:0.3;불교>절,사찰;사찰",2026-08-23 19:43:15,culture:1.0;history:0.9;outdoor:0.7,2,70
네이버 지역검색 API | 경기 성남시,역사·문화,하얀마음선원,상시,성인 (개인 방문 적합),"경기도 성남시 분당구 방아로46번길 26 | 좌표:1271337493,373966826",장소 문의 (전화/홈페이지 참조),"경기 성남시에 위치한 사찰 관련 장소 [하얀마음선원] (불교>절,사찰). 전화: 정보없음",https://map.naver.com/v5/search/%ED%95%98%EC%96%80%EB%A7%88%EC%9D%8C%EC%84%A0%EC%9B%90,"single:0.7;couple:0.4;family:0.3;불교>절,사찰;사찰",2026-08-23 19:43:15,culture:1.0;history:0.9;outdoor:0.7,2,70
네이버 지역검색 API | 경기 성남시,역사·문화,영운정사,상시,성인 (개인 방문 적합),"경기도 성남시 분당구 판교로156번길 10 | 좌표:1270930866,373977147",장소 문의 (전화/홈페이지 참조),"경기 성남시에 위치한 사찰 관련 장소 [영운정사] (불교>절,사찰). 전화: 정보없음",http://www.youngunjungsa.kr/,"single:0.7;couple:0.4;family:0.3;불교>절,사찰;사찰",2026-08-23 19:43:15,culture:1.0;history:0.9;outdoor:0.7,2,70
네이버 지역검색 API | 경기 성남시,자연·공원,둘레길빌,상시,성인 (개인 방문 적합),"경기도 성남시 분당구 이매로89번길 27 | 좌표:1271324982,373950691",장소 문의 (전화/홈페이지 참조),"경기 성남시에 위치한 둘레길 관련 장소 [둘레길빌] (시설,건물>주택). 전화: 정보없음",https://map.naver.com/v5/search/%EB%91%98%EB%A0%88%EA%B8%B8%EB%B9%8C,"single:0.8;couple:0.4;family:0.3;시설,건물>주택;둘레길",2026-08-23 19:43:15,nature:1.0;outdoor:1.0;walk:1.0,2,70
네이버 지역검색 API | 경기 성남시,자연·공원,성남누비길1코스(남한산성길),상시,성인 (개인 방문 적합),"경기도 성남시 수정구 산성동 2226-1 | 좌표:1271518608,374622464",장소 문의 (전화/홈페이지 참조),"경기 성남시에 위치한 둘레길 관련 장소 [성남누비길1코스(남한산성길)] (거리,골목>도보코스). 전화: 정보없음",https://map.naver.com/v5/search/%EC%84%B1%EB%82%A8%EB%88%84%EB%B9%84%EA%B8%B81%EC%BD%94%EC%8A%A4%28%EB%82%A8%ED%95%9C%EC%82%B0%EC%84%B1%EA%B8%B8%29,"single:0.8;couple:0.4;family:0.3;거리,골목>도보코스;둘레길",2026-08-23 19:43:15,nature:1.0;outdoor:1.0;walk:1.0,2,70
네이버 지역검색 API | 경기 성남시,자연·공원,성남누비길6코스(청계산길),상시,성인 (개인 방문 적합),"경기도 성남시 수정구 상적동 산73-2 | 좌표:1270450847,374213490",장소 문의 (전화/홈페이지 참조),"경기 성남시에 위치한 둘레길 관련 장소 [성남누비길6코스(청계산길)] (거리,골목>도보코스). 전화: 정보없음",https://map.naver.com/v5/search/%EC%84%B1%EB%82%A8%EB%88%84%EB%B9%84%EA%B8%B86%EC%BD%94%EC%8A%A4%28%EC%B2%AD%EA%B3%84%EC%82%B0%EA%B8%B8%29,"single:0.8;couple:0.4;family:0.3;거리,골목>도보코스;둘레길",2026-08-23 19:43:15,nature:1.0;outdoor:1.0;walk:1.0,2,70
네이버 지역검색 API | 경기 성남시,자연·공원,성남누비길4코스(불곡산길),상시,성인 (개인 방문 적합),"경기도 성남시 분당구 구미동 산52 | 좌표:1271329469,373484948",장소 문의 (전화/홈페이지 참조),"경기 성남시에 위치한 둘레길 관련 장소 [성남누비길4코스(불곡산길)] (거리,골목>도보코스). 전화: 정보없음",https://map.naver.com/v5/search/%EC%84%B1%EB%82%A8%EB%88%84%EB%B9%84%EA%B8%B84%EC%BD%94%EC%8A%A4%28%EB%B6%88%EA%B3%A1%EC%82%B0%EA%B8%B8%29,"single:0.8;couple:0.4;family:0.3;거리,골목>도보코스;둘레길",2026-08-23 19:43:15,nature:1.0;outdoor:1.0;walk:1.0,2,70
네이버 지역검색 API | 경기 성남시,자연·공원,성남누비길2코스(검단산길),상시,성인 (개인 방문 적합),"경기도 성남시 중원구 상대원동 산1 | 좌표:1271952110,374464935",장소 문의 (전화/홈페이지 참조),"경기 성남시에 위치한 둘레길 관련 장소 [성남누비길2코스(검단산길)] (거리,골목>도보코스). 전화: 정보없음",https://map.naver.com/v5/search/%EC%84%B1%EB%82%A8%EB%88%84%EB%B9%84%EA%B8%B82%EC%BD%94%EC%8A%A4%28%EA%B2%80%EB%8B%A8%EC%82%B0%EA%B8%B8%29,"single:0.8;couple:0.4;family:0.3;거리,골목>도보코스;둘레길",2026-08-23 19:43:15,nature:1.0;outdoor:1.0;walk:1.0,2,70
네이버 지역검색 API | 경기 성남시,자연·공원,신구대학교식물원,상시,성인 (개인 방문 적합),"경기도 성남시 수정구 적푸리로 9 | 좌표:1270808460,374350499",장소 문의 (전화/홈페이지 참조),"경기 성남시에 위치한 수목원 관련 장소 [신구대학교식물원] (여행,명소>식물원,수목원). 전화: 정보없음",https://www.sbg.or.kr,"single:0.75;couple:0.4;family:0.3;여행,명소>식물원,수목원;수목원",2026-08-23 19:43:15,nature:1.0;outdoor:1.0;walk:0.8,2,70
네이버 지역검색 API | 경기 성남시,자연·공원,성남시 식물원,상시,성인 (개인 방문 적합),"경기도 성남시 중원구 은행로 72 | 좌표:1271668530,374531745",장소 문의 (전화/홈페이지 참조),"경기 성남시에 위치한 수목원 관련 장소 [성남시 식물원] (여행,명소>식물원,수목원). 전화: 정보없음",https://map.naver.com/v5/search/%EC%84%B1%EB%82%A8%EC%8B%9C%20%EC%8B%9D%EB%AC%BC%EC%9B%90,"single:0.75;couple:0.4;family:0.3;여행,명소>식물원,수목원;수목원",2026-08-23 19:43:15,nature:1.0;outdoor:1.0;walk:0.8,2,70
네이버 지역검색 API | 경기 성남시,자연·공원,식물관 판교,상시,성인 (개인 방문 적합),"경기도 성남시 분당구 석운로202번길 12-1 | 좌표:1270472300,373797249",장소 문의 (전화/홈페이지 참조),"경기 성남시에 위치한 수목원 관련 장소 [식물관 판교] (여행,명소>식물원,수목원). 전화: 정보없음",https://map.naver.com/v5/search/%EC%8B%9D%EB%AC%BC%EA%B4%80%20%ED%8C%90%EA%B5%90,"single:0.75;couple:0.4;family:0.3;여행,명소>식물원,수목원;수목원",2026-08-23 19:43:15,nature:1.0;outdoor:1.0;walk:0.8,2,70
네이버 지역검색 API | 경기 성남시,자연·공원,사송수목원,상시,성인 (개인 방문 적합),"경기도 성남시 수정구 사송동 274-5 | 좌표:1271182805,374161142",장소 문의 (전화/홈페이지 참조),"경기 성남시에 위치한 수목원 관련 장소 [사송수목원] (여행,명소>식물원,수목원). 전화: 정보없음",https://map.naver.com/v5/search/%EC%82%AC%EC%86%A1%EC%88%98%EB%AA%A9%EC%9B%90,"single:0.75;couple:0.4;family:0.3;여행,명소>식물원,수목원;수목원",2026-08-23 19:43:15,nature:1.0;outdoor:1.0;walk:0.8,2,70
네이버 지역검색 API | 경기 성남시,자연·공원,애림식물원,상시,성인 (개인 방문 적합),"경기도 성남시 중원구 마지로 383 | 좌표:1271678683,374216862",장소 문의 (전화/홈페이지 참조),"경기 성남시에 위치한 수목원 관련 장소 [애림식물원] (여행,명소>식물원,수목원). 전화: 정보없음",https://map.naver.com/v5/search/%EC%95%A0%EB%A6%BC%EC%8B%9D%EB%AC%BC%EC%9B%90,"single:0.75;couple:0.4;family:0.3;여행,명소>식물원,수목원;수목원",2026-08-23 19:43:15,nature:1.0;outdoor:1.0;walk:0.8,2,70
네이버 지역검색 API | 경기 고양시,독립서점,플라뇌즈,상시,성인 (개인 방문 적합),"경기도 고양시 덕양구 원당로59번길 49-24 203호 | 좌표:1268312738,376586380",장소 문의 (전화/홈페이지 참조),경기 고양시에 위치한 독립서점 관련 장소 [플라뇌즈] (서점>독립서점). 전화: 정보없음,http://www.instagram.com/flaneuse21th,single:0.95;couple:0.4;family:0.3;서점>독립서점;독립서점,2026-08-23 19:43:15,bookstore:1.0;quiet:1.0;indoor:1.0,2,70
네이버 지역검색 API | 경기 고양시,독립서점,그림이야기,상시,성인 (개인 방문 적합),"경기도 고양시 일산동구 일산로463번길 48-14 1F 그림이야기 | 좌표:1267735563,376726175",장소 문의 (전화/홈페이지 참조),경기 고양시에 위치한 독립서점 관련 장소 [그림이야기] (서점>독립서점). 전화: 정보없음,https://cafe.naver.com/artstory1023,single:0.95;couple:0.4;family:0.3;서점>독립서점;독립서점,2026-08-23 19:43:15,bookstore:1.0;quiet:1.0;indoor:1.0,2,70
네이버 지역검색 API | 경기 고양시,독립서점,위드위로,상시,성인 (개인 방문 적합),"경기도 고양시 일산서구 송포로 26 현대프라자 1층 120호 | 좌표:1267332982,376693295",장소 문의 (전화/홈페이지 참조),경기 고양시에 위치한 독립서점 관련 장소 [위드위로] (서점>독립서점). 전화: 정보없음,http://instagram.com/withwero,single:0.95;couple:0.4;family:0.3;서점>독립서점;독립서점,2026-08-23 19:43:15,bookstore:1.0;quiet:1.0;indoor:1.0,2,70
네이버 지역검색 API | 경기 고양시,독립서점,단향,상시,성인 (개인 방문 적합),"경기도 고양시 덕양구 삼송로 240 힐스테이트삼송역스칸센 202동 264호 | 좌표:1269002254,376531850",장소 문의 (전화/홈페이지 참조),경기 고양시에 위치한 독립서점 관련 장소 [단향] (서점>독립서점). 전화: 정보없음,https://www.instagram.com/daan_hyang_k_dessert,single:0.95;couple:0.4;family:0.3;서점>독립서점;독립서점,2026-08-23 19:43:15,bookstore:1.0;quiet:1.0;indoor:1.0,2,70
네이버 지역검색 API | 경기 고양시,독립서점,유월의 숨,상시,성인 (개인 방문 적합),"경기도 고양시 덕양구 삼원로1길 35 1층 | 좌표:1268761332,376451667",장소 문의 (전화/홈페이지 참조),경기 고양시에 위치한 독립서점 관련 장소 [유월의 숨] (서점>독립서점). 전화: 정보없음,https://www.instagram.com/yoursum_books/,single:0.95;couple:0.4;family:0.3;서점>독립서점;독립서점,2026-08-23 19:43:15,bookstore:1.0;quiet:1.0;indoor:1.0,2,70
네이버 지역검색 API | 경기 고양시,독립서점,책으로가는문,상시,성인 (개인 방문 적합),"경기도 고양시 덕양구 고양대로 1955 | 좌표:1268935657,376467298",장소 문의 (전화/홈페이지 참조),"경기 고양시에 위치한 북카페 관련 장소 [책으로가는문] (카페,디저트>북카페). 전화: 정보없음",http://instagram.com/books_beyond_thedoor_,"single:0.85;couple:0.4;family:0.3;카페,디저트>북카페;북카페",2026-08-23 19:43:15,bookstore:0.8;quiet:0.9;indoor:1.0,2,70
네이버 지역검색 API | 경기 고양시,독립서점,뒷북서재,상시,성인 (개인 방문 적합),"경기도 고양시 일산동구 율천로7번길 9 1층 | 좌표:1267837131,376668273",장소 문의 (전화/홈페이지 참조),"경기 고양시에 위치한 북카페 관련 장소 [뒷북서재] (음식점>카페,디저트). 전화: 정보없음",https://map.naver.com/v5/search/%EB%92%B7%EB%B6%81%EC%84%9C%EC%9E%AC,"single:0.85;couple:0.4;family:0.3;음식점>카페,디저트;북카페",2026-08-23 19:43:15,bookstore:0.8;quiet:0.9;indoor:1.0,2,70
네이버 지역검색 API | 경기 고양시,독립서점,낱말커피,상시,성인 (개인 방문 적합),"경기도 고양시 일산서구 호수로838번길 15-2 1층 | 좌표:1267500784,376706495",장소 문의 (전화/홈페이지 참조),"경기 고양시에 위치한 북카페 관련 장소 [낱말커피] (음식점>카페,디저트). 전화: 정보없음",https://www.instagram.com/wwordcoffee,"single:0.85;couple:0.4;family:0.3;음식점>카페,디저트;북카페",2026-08-23 19:43:15,bookstore:0.8;quiet:0.9;indoor:1.0,2,70
네이버 지역검색 API | 경기 고양시,독립서점,Cafe 그림책박물관,상시,성인 (개인 방문 적합),"경기도 고양시 덕양구 솔밭1길 38-7 1층 Cafe 그림책박물관 | 좌표:1268744308,376532624",장소 문의 (전화/홈페이지 참조),"경기 고양시에 위치한 북카페 관련 장소 [Cafe 그림책박물관] (카페,디저트>북카페). 전화: 정보없음",https://picturebook-museum.com,"single:0.85;couple:0.4;family:0.3;카페,디저트>북카페;북카페",2026-08-23 19:43:15,bookstore:0.8;quiet:0.9;indoor:1.0,2,70
네이버 지역검색 API | 경기 고양시,독립서점,너의 작업실,상시,성인 (개인 방문 적합),"경기도 고양시 일산동구 일산로380번길 63-36 .1층 | 좌표:1267829764,376713394",장소 문의 (전화/홈페이지 참조),"경기 고양시에 위치한 북카페 관련 장소 [너의 작업실] (쇼핑,유통>서점). 전화: 정보없음",http://www.instagram.com/your_jakupsil,"single:0.85;couple:0.4;family:0.3;쇼핑,유통>서점;북카페",2026-08-23 19:43:15,bookstore:0.8;quiet:0.9;indoor:1.0,2,70
네이버 지역검색 API | 경기 고양시,조용한 힐링,스퀘어81,상시,성인 (개인 방문 적합),"경기도 고양시 일산서구 중앙로 1371 뉴서울프라자 3층 | 좌표:1267663045,376667812",장소 문의 (전화/홈페이지 참조),"경기 고양시에 위치한 스터디카페 관련 장소 [스퀘어81] (음식점>카페,디저트). 전화: 정보없음",https://blog.naver.com/cafesquare81,"single:0.9;couple:0.4;family:0.3;음식점>카페,디저트;스터디카페",2026-08-23 19:43:15,healing:0.7;quiet:1.0;solo:1.0,2,70
네이버 지역검색 API | 경기 고양시,조용한 힐링,카공엔 주엽역점,상시,성인 (개인 방문 적합),"경기도 고양시 일산서구 강성로 121 7층 702호 | 좌표:1267621686,376705815",장소 문의 (전화/홈페이지 참조),경기 고양시에 위치한 스터디카페 관련 장소 [카공엔 주엽역점] (스터디카페). 전화: 정보없음,https://pf.kakao.com/_VxfHfX,single:0.9;couple:0.4;family:0.3;스터디카페;스터디카페,2026-08-23 19:43:15,healing:0.7;quiet:1.0;solo:1.0,2,70
네이버 지역검색 API | 경기 고양시,조용한 힐링,이지스터디카페,상시,성인 (개인 방문 적합),"경기도 고양시 일산서구 주화로 42 5층 501호 | 좌표:1267629179,376685688",장소 문의 (전화/홈페이지 참조),경기 고양시에 위치한 스터디카페 관련 장소 [이지스터디카페] (스터디카페). 전화: 정보없음,https://blog.naver.com/easystudyju,single:0.9;couple:0.4;family:0.3;스터디카페;스터디카페,2026-08-23 19:43:15,healing:0.7;quiet:1.0;solo:1.0,2,70
네이버 지역검색 API | 경기 고양시,조용한 힐링,카공족 대화역점,상시,성인 (개인 방문 적합),"경기도 고양시 일산서구 중앙로 1565 매드위즈 3층 301호 | 좌표:1267477162,376756230",장소 문의 (전화/홈페이지 참조),"경기 고양시에 위치한 스터디카페 관련 장소 [카공족 대화역점] (카페,디저트>스터디카페). 전화: 정보없음",https://www.instagram.com/cagongzok_official,"single:0.9;couple:0.4;family:0.3;카페,디저트>스터디카페;스터디카페",2026-08-23 19:43:15,healing:0.7;quiet:1.0;solo:1.0,2,70
네이버 지역검색 API | 경기 고양시,조용한 힐링,올타임스터디카페 고양화정점,상시,성인 (개인 방문 적합),"경기도 고양시 덕양구 화중로 98 2층 204-2호 | 좌표:1268314451,376357388",장소 문의 (전화/홈페이지 참조),경기 고양시에 위치한 스터디카페 관련 장소 [올타임스터디카페 고양화정점] (스터디카페). 전화: 정보없음,http://pf.kakao.com/_FfesX,single:0.9;couple:0.4;family:0.3;스터디카페;스터디카페,2026-08-23 19:43:15,healing:0.7;quiet:1.0;solo:1.0,2,70
네이버 지역검색 API | 경기 고양시,조용한 힐링,바루나요가 일산본점,상시,성인 (개인 방문 적합),"경기도 고양시 일산동구 중산로 105 현해프라자 4층 | 좌표:1267813348,376814060",장소 문의 (전화/홈페이지 참조),경기 고양시에 위치한 요가원 관련 장소 [바루나요가 일산본점] (스포츠시설>요가원). 전화: 정보없음,http://pf.kakao.com/_vWrvxl/chat,single:0.8;couple:0.4;family:0.3;스포츠시설>요가원;요가원,2026-08-23 19:43:15,healing:1.0;quiet:0.8;solo:0.9,2,70
네이버 지역검색 API | 경기 고양시,조용한 힐링,한플라잉요가,상시,성인 (개인 방문 적합),"경기도 고양시 덕양구 지축로 70 푸리마타워 7층(등촌칼국수 건물7층) | 좌표:1269157663,376492686",장소 문의 (전화/홈페이지 참조),경기 고양시에 위치한 요가원 관련 장소 [한플라잉요가] (스포츠시설>요가원). 전화: 정보없음,https://blog.naver.com/gks2656,single:0.8;couple:0.4;family:0.3;스포츠시설>요가원;요가원,2026-08-23 19:43:15,healing:1.0;quiet:0.8;solo:0.9,2,70
네이버 지역검색 API | 경기 고양시,조용한 힐링,두더지요가원,상시,성인 (개인 방문 적합),"경기도 고양시 일산동구 일산로394번길 19-3 지하1층 | 좌표:1267819485,376705335",장소 문의 (전화/홈페이지 참조),경기 고양시에 위치한 요가원 관련 장소 [두더지요가원] (스포츠시설>요가원). 전화: 정보없음,http://pf.kakao.com/_rgAlX/chat,single:0.8;couple:0.4;family:0.3;스포츠시설>요가원;요가원,2026-08-23 19:43:15,healing:1.0;quiet:0.8;solo:0.9,2,70
네이버 지역검색 API | 경기 고양시,조용한 힐링,봄요가,상시,성인 (개인 방문 적합),"경기도 고양시 덕양구 충장로 134 아이프라자 606호 봄요가 | 좌표:1268349555,376244058",장소 문의 (전화/홈페이지 참조),경기 고양시에 위치한 요가원 관련 장소 [봄요가] (스포츠시설>요가원). 전화: 정보없음,http://www.bomyoga.com/,single:0.8;couple:0.4;family:0.3;스포츠시설>요가원;요가원,2026-08-23 19:43:15,healing:1.0;quiet:0.8;solo:0.9,2,70
네이버 지역검색 API | 경기 고양시,조용한 힐링,연화요가,상시,성인 (개인 방문 적합),"경기도 고양시 일산동구 산두로109번길 38 1층 | 좌표:1267846124,376675512",장소 문의 (전화/홈페이지 참조),경기 고양시에 위치한 요가원 관련 장소 [연화요가] (스포츠시설>요가원). 전화: 정보없음,http://pf.kakao.com/_xnPXYn,single:0.8;couple:0.4;family:0.3;스포츠시설>요가원;요가원,2026-08-23 19:43:15,healing:1.0;quiet:0.8;solo:0.9,2,70
네이버 지역검색 API | 경기 고양시,조용한 힐링,마음수련 명상센터 일산점,상시,성인 (개인 방문 적합),"경기도 고양시 일산동구 일산로 38 백석우림보보카운티 310호 | 좌표:1267872768,376418677",장소 문의 (전화/홈페이지 참조),"경기 고양시에 위치한 명상센터 관련 장소 [마음수련 명상센터 일산점] (스포츠,레크레이션교육>요가,명상). 전화: 정보없음",https://trueselfclass.com/,"single:0.85;couple:0.4;family:0.3;스포츠,레크레이션교육>요가,명상;명상센터",2026-08-23 19:43:15,healing:1.0;quiet:1.0;solo:1.0,2,70
네이버 지역검색 API | 경기 고양시,조용한 힐링,마음수련 명상센터 대화점,상시,성인 (개인 방문 적합),"경기도 고양시 일산서구 중앙로 1542 신동아노블타워 201호 | 좌표:1267505350,376752721",장소 문의 (전화/홈페이지 참조),"경기 고양시에 위치한 명상센터 관련 장소 [마음수련 명상센터 대화점] (스포츠,레크레이션교육>요가,명상). 전화: 정보없음",https://trueselfclass.com/,"single:0.85;couple:0.4;family:0.3;스포츠,레크레이션교육>요가,명상;명상센터",2026-08-23 19:43:15,healing:1.0;quiet:1.0;solo:1.0,2,70
네이버 지역검색 API | 경기 고양시,조용한 힐링,마음수련 명상센터 화정점,상시,성인 (개인 방문 적합),"경기도 고양시 덕양구 화중로104번길 28 710호 | 좌표:1268331979,376356958",장소 문의 (전화/홈페이지 참조),"경기 고양시에 위치한 명상센터 관련 장소 [마음수련 명상센터 화정점] (스포츠,레크레이션교육>요가,명상). 전화: 정보없음",https://trueselfclass.com/,"single:0.85;couple:0.4;family:0.3;스포츠,레크레이션교육>요가,명상;명상센터",2026-08-23 19:43:15,healing:1.0;quiet:1.0;solo:1.0,2,70
네이버 지역검색 API | 경기 고양시,조용한 힐링,나우명상센터,상시,성인 (개인 방문 적합),"경기도 고양시 일산동구 중앙로 1079 백석동더리브스타일, 6층 620호 | 좌표:1267845885,376451195",장소 문의 (전화/홈페이지 참조),"경기 고양시에 위치한 명상센터 관련 장소 [나우명상센터] (스포츠,레크레이션교육>요가,명상). 전화: 정보없음",https://www.nowmeditation.kr,"single:0.85;couple:0.4;family:0.3;스포츠,레크레이션교육>요가,명상;명상센터",2026-08-23 19:43:15,healing:1.0;quiet:1.0;solo:1.0,2,70
네이버 지역검색 API | 경기 고양시,조용한 힐링,마린명상센터,상시,성인 (개인 방문 적합),"경기도 고양시 일산동구 연리지로 50 힐스테이트레이크뷰테라스트리상가 304호 | 좌표:1267575967,376603722",장소 문의 (전화/홈페이지 참조),"경기 고양시에 위치한 명상센터 관련 장소 [마린명상센터] (스포츠,레크레이션교육>요가,명상). 전화: 정보없음",https://map.naver.com/v5/search/%EB%A7%88%EB%A6%B0%EB%AA%85%EC%83%81%EC%84%BC%ED%84%B0,"single:0.85;couple:0.4;family:0.3;스포츠,레크레이션교육>요가,명상;명상센터",2026-08-23 19:43:15,healing:1.0;quiet:1.0;solo:1.0,2,70
네이버 지역검색 API | 경기 고양시,역사·문화,고궁한식,상시,성인 (개인 방문 적합),"경기도 고양시 일산서구 중앙로 1471 | 좌표:1267568333,376716100",장소 문의 (전화/홈페이지 참조),경기 고양시에 위치한 고궁 관련 장소 [고궁한식] (한식>냉면). 전화: 정보없음,https://map.naver.com/v5/search/%EA%B3%A0%EA%B6%81%ED%95%9C%EC%8B%9D,single:0.75;couple:0.4;family:0.3;한식>냉면;고궁,2026-08-23 19:43:15,culture:1.0;history:1.0;outdoor:0.6,2,70
네이버 지역검색 API | 경기 고양시,역사·문화,흥국사,상시,성인 (개인 방문 적합),"경기도 고양시 덕양구 흥국사길 82 | 좌표:1269400389,376634880",장소 문의 (전화/홈페이지 참조),"경기 고양시에 위치한 사찰 관련 장소 [흥국사] (불교>절,사찰). 전화: 정보없음",https://map.naver.com/v5/search/%ED%9D%A5%EA%B5%AD%EC%82%AC,"single:0.7;couple:0.4;family:0.3;불교>절,사찰;사찰",2026-08-23 19:43:15,culture:1.0;history:0.9;outdoor:0.7,2,70
네이버 지역검색 API | 경기 고양시,역사·문화,여래사,상시,성인 (개인 방문 적합),"경기도 고양시 일산동구 정발산로 127 | 좌표:1267822879,376595721",장소 문의 (전화/홈페이지 참조),"경기 고양시에 위치한 사찰 관련 장소 [여래사] (불교>절,사찰). 전화: 정보없음",http://www.ibuddha.tv/,"single:0.7;couple:0.4;family:0.3;불교>절,사찰;사찰",2026-08-23 19:43:15,culture:1.0;history:0.9;outdoor:0.7,2,70
네이버 지역검색 API | 경기 고양시,역사·문화,호국백운사,상시,성인 (개인 방문 적합),"경기도 고양시 덕양구 백운길 27-36 | 좌표:1269321014,376530530",장소 문의 (전화/홈페이지 참조),"경기 고양시에 위치한 사찰 관련 장소 [호국백운사] (불교>절,사찰). 전화: 정보없음",https://band.us/n/a5aa8288H9Xdx,"single:0.7;couple:0.4;family:0.3;불교>절,사찰;사찰",2026-08-23 19:43:15,culture:1.0;history:0.9;outdoor:0.7,2,70
네이버 지역검색 API | 경기 고양시,역사·문화,금륜사,상시,성인 (개인 방문 적합),"경기도 고양시 덕양구 용두로 176-10 | 좌표:1268979000,376230250",장소 문의 (전화/홈페이지 참조),"경기 고양시에 위치한 사찰 관련 장소 [금륜사] (불교>절,사찰). 전화: 정보없음",https://map.naver.com/v5/search/%EA%B8%88%EB%A5%9C%EC%82%AC,"single:0.7;couple:0.4;family:0.3;불교>절,사찰;사찰",2026-08-23 19:43:15,culture:1.0;history:0.9;outdoor:0.7,2,70
네이버 지역검색 API | 경기 고양시,역사·문화,임조선사,상시,성인 (개인 방문 적합),"경기도 고양시 일산동구 햇살로 67 | 좌표:1267767988,376663147",장소 문의 (전화/홈페이지 참조),"경기 고양시에 위치한 사찰 관련 장소 [임조선사] (불교>절,사찰). 전화: 정보없음",https://map.naver.com/v5/search/%EC%9E%84%EC%A1%B0%EC%84%A0%EC%82%AC,"single:0.7;couple:0.4;family:0.3;불교>절,사찰;사찰",2026-08-23 19:43:15,culture:1.0;history:0.9;outdoor:0.7,2,70
네이버 지역검색 API | 경기 고양시,자연·공원,북한산플레이,상시,성인 (개인 방문 적합),"경기도 고양시 덕양구 북한산로368번길 89 | 좌표:1269507845,376559798",장소 문의 (전화/홈페이지 참조),"경기 고양시에 위치한 둘레길 관련 장소 [북한산플레이] (음식점>카페,디저트). 전화: 정보없음",http://instagram.com/bukhansan_play,"single:0.8;couple:0.4;family:0.3;음식점>카페,디저트;둘레길",2026-08-23 19:43:15,nature:1.0;outdoor:1.0;walk:1.0,2,70
네이버 지역검색 API | 경기 고양시,자연·공원,도앤웍,상시,성인 (개인 방문 적합),"경기도 고양시 덕양구 일영로 139-14 | 좌표:1269192085,376584833",장소 문의 (전화/홈페이지 참조),경기 고양시에 위치한 둘레길 관련 장소 [도앤웍] (중식>중식당). 전화: 정보없음,https://blog.naver.com/chefonfire,single:0.8;couple:0.4;family:0.3;중식>중식당;둘레길,2026-08-23 19:43:15,nature:1.0;outdoor:1.0;walk:1.0,2,70
네이버 지역검색 API | 경기 고양시,자연·공원,북한산놀면라면카페 은평한옥마을점,상시,성인 (개인 방문 적합),"경기도 고양시 덕양구 북한산로368번길 85 1층 | 좌표:1269507001,376561068",장소 문의 (전화/홈페이지 참조),경기 고양시에 위치한 둘레길 관련 장소 [북한산놀면라면카페 은평한옥마을점] (분식>라면). 전화: 정보없음,https://bit.ly/북한산놀면,single:0.8;couple:0.4;family:0.3;분식>라면;둘레길,2026-08-23 19:43:15,nature:1.0;outdoor:1.0;walk:1.0,2,70
네이버 지역검색 API | 경기 고양시,자연·공원,고양누리길5코스(행주산성역사누리길),상시,성인 (개인 방문 적합),"경기도 고양시 덕양구 행주외동 산33 | 좌표:1268252401,375959507",장소 문의 (전화/홈페이지 참조),"경기 고양시에 위치한 둘레길 관련 장소 [고양누리길5코스(행주산성역사누리길)] (여행,명소>도보코스). 전화: 정보없음",https://map.naver.com/v5/search/%EA%B3%A0%EC%96%91%EB%88%84%EB%A6%AC%EA%B8%B85%EC%BD%94%EC%8A%A4%28%ED%96%89%EC%A3%BC%EC%82%B0%EC%84%B1%EC%97%AD%EC%82%AC%EB%88%84%EB%A6%AC%EA%B8%B8%29,"single:0.8;couple:0.4;family:0.3;여행,명소>도보코스;둘레길",2026-08-23 19:43:15,nature:1.0;outdoor:1.0;walk:1.0,2,70
네이버 지역검색 API | 경기 고양시,자연·공원,북한산둘레길11구간(효자길),상시,성인 (개인 방문 적합),"경기도 고양시 덕양구 효자동 88-1 | 좌표:1269570333,376703749",장소 문의 (전화/홈페이지 참조),"경기 고양시에 위치한 둘레길 관련 장소 [북한산둘레길11구간(효자길)] (여행,명소>도보코스). 전화: 정보없음",https://map.naver.com/v5/search/%EB%B6%81%ED%95%9C%EC%82%B0%EB%91%98%EB%A0%88%EA%B8%B811%EA%B5%AC%EA%B0%84%28%ED%9A%A8%EC%9E%90%EA%B8%B8%29,"single:0.8;couple:0.4;family:0.3;여행,명소>도보코스;둘레길",2026-08-23 19:43:15,nature:1.0;outdoor:1.0;walk:1.0,2,70
네이버 지역검색 API | 경기 고양시,자연·공원,고양시선인장식물원,상시,성인 (개인 방문 적합),"경기도 고양시 일산동구 호수로 731 선인장식물원 | 좌표:1267613533,376575038",장소 문의 (전화/홈페이지 참조),"경기 고양시에 위치한 수목원 관련 장소 [고양시선인장식물원] (여행,명소>식물원,수목원). 전화: 정보없음",https://www.instagram.com/goyang_cactushouse/,"single:0.75;couple:0.4;family:0.3;여행,명소>식물원,수목원;수목원",2026-08-23 19:43:15,nature:1.0;outdoor:1.0;walk:0.8,2,70
네이버 지역검색 API | 경기 고양시,자연·공원,배다골 테마파크식물원,상시,성인 (개인 방문 적합),"경기도 고양시 덕양구 화정동 8-1 | 좌표:1268470000,376306536",장소 문의 (전화/홈페이지 참조),"경기 고양시에 위치한 수목원 관련 장소 [배다골 테마파크식물원] (여행,명소>식물원,수목원). 전화: 정보없음",https://map.naver.com/v5/search/%EB%B0%B0%EB%8B%A4%EA%B3%A8%20%ED%85%8C%EB%A7%88%ED%8C%8C%ED%81%AC%EC%8B%9D%EB%AC%BC%EC%9B%90,"single:0.75;couple:0.4;family:0.3;여행,명소>식물원,수목원;수목원",2026-08-23 19:43:15,nature:1.0;outdoor:1.0;walk:0.8,2,70
네이버 지역검색 API | 경기 고양시,자연·공원,야초울,상시,성인 (개인 방문 적합),"경기도 고양시 덕양구 내곡동 108-1 | 좌표:1268101942,376381269",장소 문의 (전화/홈페이지 참조),"경기 고양시에 위치한 수목원 관련 장소 [야초울] (여행,명소>식물원,수목원). 전화: 정보없음",https://map.naver.com/v5/search/%EC%95%BC%EC%B4%88%EC%9A%B8,"single:0.75;couple:0.4;family:0.3;여행,명소>식물원,수목원;수목원",2026-08-23 19:43:15,nature:1.0;outdoor:1.0;walk:0.8,2,70
네이버 지역검색 API | 경기 고양시,자연·공원,쥬쥬랜드식물원,상시,성인 (개인 방문 적합),"경기도 고양시 덕양구 원당로458번길 7-42 | 좌표:1268550310,376886609",장소 문의 (전화/홈페이지 참조),"경기 고양시에 위치한 수목원 관련 장소 [쥬쥬랜드식물원] (여행,명소>식물원,수목원). 전화: 정보없음",https://map.naver.com/v5/search/%EC%A5%AC%EC%A5%AC%EB%9E%9C%EB%93%9C%EC%8B%9D%EB%AC%BC%EC%9B%90,"single:0.75;couple:0.4;family:0.3;여행,명소>식물원,수목원;수목원",2026-08-23 19:43:15,nature:1.0;outdoor:1.0;walk:0.8,2,70
네이버 지역검색 API | 경기 용인시,독립서점,"빈칸놀이터, 빈칸라운지",상시,성인 (개인 방문 적합),"경기도 용인시 처인구 금학로 426-4 1층, 2층 | 좌표:1272108893,372373871",장소 문의 (전화/홈페이지 참조),"경기 용인시에 위치한 독립서점 관련 장소 [빈칸놀이터, 빈칸라운지] (서점>독립서점). 전화: 정보없음",https://www.instagram.com/blankplayground.b_l_and,single:0.95;couple:0.4;family:0.3;서점>독립서점;독립서점,2026-08-23 19:43:15,bookstore:1.0;quiet:1.0;indoor:1.0,2,70
네이버 지역검색 API | 경기 용인시,독립서점,북살롱벗,상시,성인 (개인 방문 적합),"경기도 용인시 기흥구 신촌로73번길 5-1 1층 102호 | 좌표:1271127590,373070006",장소 문의 (전화/홈페이지 참조),경기 용인시에 위치한 독립서점 관련 장소 [북살롱벗] (서점>독립서점). 전화: 정보없음,http://www.instagram.com/booksalon_but,single:0.95;couple:0.4;family:0.3;서점>독립서점;독립서점,2026-08-23 19:43:15,bookstore:1.0;quiet:1.0;indoor:1.0,2,70
네이버 지역검색 API | 경기 용인시,독립서점,도토리책공방,상시,성인 (개인 방문 적합),"경기도 용인시 수지구 광교호수로378번길 4-7 101호 (주차장 지나 카페 거리 방면) | 좌표:1270804314,372977704",장소 문의 (전화/홈페이지 참조),경기 용인시에 위치한 독립서점 관련 장소 [도토리책공방] (서점>독립서점). 전화: 정보없음,https://www.instagram.com/dotorybookstudio,single:0.95;couple:0.4;family:0.3;서점>독립서점;독립서점,2026-08-23 19:43:15,bookstore:1.0;quiet:1.0;indoor:1.0,2,70
네이버 지역검색 API | 경기 용인시,독립서점,호롱불책방,상시,성인 (개인 방문 적합),"경기도 용인시 처인구 명지로60번길 20-3 1층 | 좌표:1271863448,372301183",장소 문의 (전화/홈페이지 참조),경기 용인시에 위치한 독립서점 관련 장소 [호롱불책방] (서점>독립서점). 전화: 정보없음,https://www.instagram.com/horongbul_books,single:0.95;couple:0.4;family:0.3;서점>독립서점;독립서점,2026-08-23 19:43:15,bookstore:1.0;quiet:1.0;indoor:1.0,2,70
네이버 지역검색 API | 경기 용인시,독립서점,리드엑스,상시,성인 (개인 방문 적합),"경기도 용인시 기흥구 덕영대로 1698 101호 리드엑스 | 좌표:1270765982,372469804",장소 문의 (전화/홈페이지 참조),"경기 용인시에 위치한 북카페 관련 장소 [리드엑스] (음식점>카페,디저트). 전화: 정보없음",https://www.instagram.com/Readxcafe?igsh=MXh6Y29mNjU4ZXI4eQ%3D%3D,"single:0.85;couple:0.4;family:0.3;음식점>카페,디저트;북카페",2026-08-23 19:43:15,bookstore:0.8;quiet:0.9;indoor:1.0,2,70
네이버 지역검색 API | 경기 용인시,독립서점,카페888,상시,성인 (개인 방문 적합),"경기도 용인시 처인구 이동읍 경기동로 888 | 좌표:1272076621,371247086",장소 문의 (전화/홈페이지 참조),"경기 용인시에 위치한 북카페 관련 장소 [카페888] (카페,디저트>카페). 전화: 정보없음",https://map.naver.com/v5/search/%EC%B9%B4%ED%8E%98888,"single:0.85;couple:0.4;family:0.3;카페,디저트>카페;북카페",2026-08-23 19:43:15,bookstore:0.8;quiet:0.9;indoor:1.0,2,70
네이버 지역검색 API | 경기 용인시,독립서점,북카페 꿈꾸는 정원,상시,성인 (개인 방문 적합),"경기도 용인시 기흥구 언동로125번길 16-9 102호 | 좌표:1271419382,372844664",장소 문의 (전화/홈페이지 참조),"경기 용인시에 위치한 북카페 관련 장소 [북카페 꿈꾸는 정원] (음식점>카페,디저트). 전화: 정보없음",https://blog.naver.com/hidorcas,"single:0.85;couple:0.4;family:0.3;음식점>카페,디저트;북카페",2026-08-23 19:43:15,bookstore:0.8;quiet:0.9;indoor:1.0,2,70
네이버 지역검색 API | 경기 용인시,독립서점,에코의서재,상시,성인 (개인 방문 적합),"경기도 용인시 기흥구 죽전로15번길 11-3 | 좌표:1271100115,373215068",장소 문의 (전화/홈페이지 참조),"경기 용인시에 위치한 북카페 관련 장소 [에코의서재] (카페,디저트>북카페). 전화: 정보없음",http://www.caffeeco.co.kr/,"single:0.85;couple:0.4;family:0.3;카페,디저트>북카페;북카페",2026-08-23 19:43:15,bookstore:0.8;quiet:0.9;indoor:1.0,2,70
네이버 지역검색 API | 경기 용인시,독립서점,동명서헌 북카페 거실,상시,성인 (개인 방문 적합),"경기도 용인시 처인구 백암면 박곡로224번길 9 1층 | 좌표:1273989655,371752646",장소 문의 (전화/홈페이지 참조),"경기 용인시에 위치한 북카페 관련 장소 [동명서헌 북카페 거실] (카페,디저트>북카페). 전화: 정보없음",https://www.instagram.com/bookcafe_103?igsh=MTFybmlic2NzcXoxNQ%3D%3D&utm_source=qr,"single:0.85;couple:0.4;family:0.3;카페,디저트>북카페;북카페",2026-08-23 19:43:15,bookstore:0.8;quiet:0.9;indoor:1.0,2,70
네이버 지역검색 API | 경기 용인시,조용한 힐링,랭스터디카페 강남대점,상시,성인 (개인 방문 적합),"경기도 용인시 기흥구 중부대로 583 네오플로스 1층 | 좌표:1271273666,372700751",장소 문의 (전화/홈페이지 참조),"경기 용인시에 위치한 스터디카페 관련 장소 [랭스터디카페 강남대점] (서비스,산업>장소대여). 전화: 정보없음",https://map.naver.com/v5/search/%EB%9E%AD%EC%8A%A4%ED%84%B0%EB%94%94%EC%B9%B4%ED%8E%98%20%EA%B0%95%EB%82%A8%EB%8C%80%EC%A0%90,"single:0.9;couple:0.4;family:0.3;서비스,산업>장소대여;스터디카페",2026-08-23 19:43:15,healing:0.7;quiet:1.0;solo:1.0,2,70
네이버 지역검색 API | 경기 용인시,조용한 힐링,디딤스터디카페 워크라운지 기흥구청점,상시,성인 (개인 방문 적합),"경기도 용인시 기흥구 구갈로60번길 1 3층 | 좌표:1271115354,372798505",장소 문의 (전화/홈페이지 참조),"경기 용인시에 위치한 스터디카페 관련 장소 [디딤스터디카페 워크라운지 기흥구청점] (카페,디저트>스터디카페). 전화: 정보없음",https://map.naver.com/v5/search/%EB%94%94%EB%94%A4%EC%8A%A4%ED%84%B0%EB%94%94%EC%B9%B4%ED%8E%98%20%EC%9B%8C%ED%81%AC%EB%9D%BC%EC%9A%B4%EC%A7%80%20%EA%B8%B0%ED%9D%A5%EA%B5%AC%EC%B2%AD%EC%A0%90,"single:0.9;couple:0.4;family:0.3;카페,디저트>스터디카페;스터디카페",2026-08-23 19:43:15,healing:0.7;quiet:1.0;solo:1.0,2,70
네이버 지역검색 API | 경기 용인시,조용한 힐링,디딤스터디카페 워크라운지 수지동천점,상시,성인 (개인 방문 적합),"경기도 용인시 수지구 수풍로 107 2층 | 좌표:1270931756,373332750",장소 문의 (전화/홈페이지 참조),"경기 용인시에 위치한 스터디카페 관련 장소 [디딤스터디카페 워크라운지 수지동천점] (카페,디저트>스터디카페). 전화: 정보없음",https://map.naver.com/v5/search/%EB%94%94%EB%94%A4%EC%8A%A4%ED%84%B0%EB%94%94%EC%B9%B4%ED%8E%98%20%EC%9B%8C%ED%81%AC%EB%9D%BC%EC%9A%B4%EC%A7%80%20%EC%88%98%EC%A7%80%EB%8F%99%EC%B2%9C%EC%A0%90,"single:0.9;couple:0.4;family:0.3;카페,디저트>스터디카페;스터디카페",2026-08-23 19:43:15,healing:0.7;quiet:1.0;solo:1.0,2,70
네이버 지역검색 API | 경기 용인시,조용한 힐링,앤딩스터디카페용인동백역점,상시,성인 (개인 방문 적합),"경기도 용인시 기흥구 동백중앙로 175 우함빌딩 5층 505호 | 좌표:1271541845,372699793",장소 문의 (전화/홈페이지 참조),"경기 용인시에 위치한 스터디카페 관련 장소 [앤딩스터디카페용인동백역점] (서비스,산업>장소대여). 전화: 정보없음",https://blog.naver.com/anding_gyd,"single:0.9;couple:0.4;family:0.3;서비스,산업>장소대여;스터디카페",2026-08-23 19:43:15,healing:0.7;quiet:1.0;solo:1.0,2,70
네이버 지역검색 API | 경기 용인시,조용한 힐링,토즈스터디카페 용인보라센터,상시,성인 (개인 방문 적합),"경기도 용인시 기흥구 한보라1로64번길 2 보라센타프라자 4층 401호 | 좌표:1271072197,372502371",장소 문의 (전화/홈페이지 참조),"경기 용인시에 위치한 스터디카페 관련 장소 [토즈스터디카페 용인보라센터] (임대,대여>장소대여). 전화: 정보없음",https://www.instagram.com/toz_boracenter_,"single:0.9;couple:0.4;family:0.3;임대,대여>장소대여;스터디카페",2026-08-23 19:43:15,healing:0.7;quiet:1.0;solo:1.0,2,70
네이버 지역검색 API | 경기 용인시,조용한 힐링,H요가 기흥점,상시,성인 (개인 방문 적합),"경기도 용인시 기흥구 구갈로60번길 5 5층 | 좌표:1271118185,372800517",장소 문의 (전화/홈페이지 참조),경기 용인시에 위치한 요가원 관련 장소 [H요가 기흥점] (스포츠시설>요가원). 전화: 정보없음,https://pf.kakao.com/_UVxiPxl,single:0.8;couple:0.4;family:0.3;스포츠시설>요가원;요가원,2026-08-23 19:43:15,healing:1.0;quiet:0.8;solo:0.9,2,70
네이버 지역검색 API | 경기 용인시,조용한 힐링,H요가 수지점,상시,성인 (개인 방문 적합),"경기도 용인시 수지구 풍덕천로 122 | 좌표:1270955422,373224846",장소 문의 (전화/홈페이지 참조),경기 용인시에 위치한 요가원 관련 장소 [H요가 수지점] (스포츠시설>요가원). 전화: 정보없음,http://pf.kakao.com/_xfxixcYxj,single:0.8;couple:0.4;family:0.3;스포츠시설>요가원;요가원,2026-08-23 19:43:15,healing:1.0;quiet:0.8;solo:0.9,2,70
네이버 지역검색 API | 경기 용인시,조용한 힐링,푸르샤요가,상시,성인 (개인 방문 적합),"경기도 용인시 기흥구 한보라1로10번길 6-3 3층 1호 | 좌표:1271089871,372538720",장소 문의 (전화/홈페이지 참조),경기 용인시에 위치한 요가원 관련 장소 [푸르샤요가] (스포츠시설>요가원). 전화: 정보없음,https://blog.naver.com/wntnr74,single:0.8;couple:0.4;family:0.3;스포츠시설>요가원;요가원,2026-08-23 19:43:15,healing:1.0;quiet:0.8;solo:0.9,2,70
네이버 지역검색 API | 경기 용인시,조용한 힐링,요가해보리 성복점,상시,성인 (개인 방문 적합),"경기도 용인시 수지구 성복2로 108-2 1층 128~129호 | 좌표:1270746422,373158106",장소 문의 (전화/홈페이지 참조),경기 용인시에 위치한 요가원 관련 장소 [요가해보리 성복점] (스포츠시설>요가원). 전화: 정보없음,https://blog.naver.com/yogahaebori,single:0.8;couple:0.4;family:0.3;스포츠시설>요가원;요가원,2026-08-23 19:43:15,healing:1.0;quiet:0.8;solo:0.9,2,70
네이버 지역검색 API | 경기 용인시,조용한 힐링,서천요가원,상시,성인 (개인 방문 적합),"경기도 용인시 기흥구 서천서로12번길 4-19 101호 | 좌표:1270747062,372405341",장소 문의 (전화/홈페이지 참조),경기 용인시에 위치한 요가원 관련 장소 [서천요가원] (스포츠시설>요가원). 전화: 정보없음,https://www.instagram.com/seocheon_yoga,single:0.8;couple:0.4;family:0.3;스포츠시설>요가원;요가원,2026-08-23 19:43:15,healing:1.0;quiet:0.8;solo:0.9,2,70
네이버 지역검색 API | 경기 용인시,조용한 힐링,마음수련 명상센터 수지점,상시,성인 (개인 방문 적합),"경기도 용인시 수지구 성복2로76번길 26-3 드림타워 408호 | 좌표:1270806965,373153657",장소 문의 (전화/홈페이지 참조),"경기 용인시에 위치한 명상센터 관련 장소 [마음수련 명상센터 수지점] (스포츠,레크레이션교육>요가,명상). 전화: 정보없음",http://trueselfclass.com/,"single:0.85;couple:0.4;family:0.3;스포츠,레크레이션교육>요가,명상;명상센터",2026-08-23 19:43:15,healing:1.0;quiet:1.0;solo:1.0,2,70
네이버 지역검색 API | 경기 용인시,조용한 힐링,마음수련 명상센터 동백점,상시,성인 (개인 방문 적합),"경기도 용인시 기흥구 동백5로 22 쥬네브문월드 249호 | 좌표:1271515240,372758534",장소 문의 (전화/홈페이지 참조),"경기 용인시에 위치한 명상센터 관련 장소 [마음수련 명상센터 동백점] (스포츠,레크레이션교육>요가,명상). 전화: 정보없음",https://trueselfclass.com/,"single:0.85;couple:0.4;family:0.3;스포츠,레크레이션교육>요가,명상;명상센터",2026-08-23 19:43:15,healing:1.0;quiet:1.0;solo:1.0,2,70
네이버 지역검색 API | 경기 용인시,조용한 힐링,몸마인드 요가센터,상시,성인 (개인 방문 적합),"경기도 용인시 기흥구 평촌3로 14 1층 몸마인드센터 | 좌표:1271528169,372806787",장소 문의 (전화/홈페이지 참조),"경기 용인시에 위치한 명상센터 관련 장소 [몸마인드 요가센터] (스포츠,레크레이션교육>요가,명상). 전화: 정보없음",https://blog.naver.com/mohmindxglia,"single:0.85;couple:0.4;family:0.3;스포츠,레크레이션교육>요가,명상;명상센터",2026-08-23 19:43:15,healing:1.0;quiet:1.0;solo:1.0,2,70
네이버 지역검색 API | 경기 용인시,조용한 힐링,브레인트레이닝센터 수지점,상시,성인 (개인 방문 적합),"경기도 용인시 수지구 풍덕천로 127 수지프라자 703호 | 좌표:1270957651,373234009",장소 문의 (전화/홈페이지 참조),"경기 용인시에 위치한 명상센터 관련 장소 [브레인트레이닝센터 수지점] (스포츠,레크레이션교육>요가,명상). 전화: 정보없음",https://www.brain-training.co.kr/Default.aspx,"single:0.85;couple:0.4;family:0.3;스포츠,레크레이션교육>요가,명상;명상센터",2026-08-23 19:43:15,healing:1.0;quiet:1.0;solo:1.0,2,70
네이버 지역검색 API | 경기 용인시,조용한 힐링,하늘동그라미수련센터,상시,성인 (개인 방문 적합),"경기도 용인시 수지구 풍덕천로 191 덕윤프라자 301호 | 좌표:1271015429,373268381",장소 문의 (전화/홈페이지 참조),"경기 용인시에 위치한 명상센터 관련 장소 [하늘동그라미수련센터] (스포츠,레크레이션교육>요가,명상). 전화: 정보없음",https://blog.naver.com/thrma2939,"single:0.85;couple:0.4;family:0.3;스포츠,레크레이션교육>요가,명상;명상센터",2026-08-23 19:43:15,healing:1.0;quiet:1.0;solo:1.0,2,70
네이버 지역검색 API | 경기 용인시,역사·문화,고기가득고궁왕비빔밥,상시,성인 (개인 방문 적합),"경기도 용인시 기흥구 동백3로11번길 21 | 좌표:1271521318,372705207",장소 문의 (전화/홈페이지 참조),경기 용인시에 위치한 고궁 관련 장소 [고기가득고궁왕비빔밥] (한식>비빔밥). 전화: 정보없음,https://map.naver.com/v5/search/%EA%B3%A0%EA%B8%B0%EA%B0%80%EB%93%9D%EA%B3%A0%EA%B6%81%EC%99%95%EB%B9%84%EB%B9%94%EB%B0%A5,single:0.75;couple:0.4;family:0.3;한식>비빔밥;고궁,2026-08-23 19:43:15,culture:1.0;history:1.0;outdoor:0.6,2,70
네이버 지역검색 API | 경기 용인시,역사·문화,고기가득고궁왕비빔밥 역북점,상시,성인 (개인 방문 적합),"경기도 용인시 처인구 명지로 24 | 좌표:1271880223,372339720",장소 문의 (전화/홈페이지 참조),"경기 용인시에 위치한 고궁 관련 장소 [고기가득고궁왕비빔밥 역북점] (한식>육류,고기요리). 전화: 정보없음",https://map.naver.com/v5/search/%EA%B3%A0%EA%B8%B0%EA%B0%80%EB%93%9D%EA%B3%A0%EA%B6%81%EC%99%95%EB%B9%84%EB%B9%94%EB%B0%A5%20%EC%97%AD%EB%B6%81%EC%A0%90,"single:0.75;couple:0.4;family:0.3;한식>육류,고기요리;고궁",2026-08-23 19:43:15,culture:1.0;history:1.0;outdoor:0.6,2,70
네이버 지역검색 API | 경기 용인시,역사·문화,고궁건축,상시,성인 (개인 방문 적합),"경기도 평택시 서탄면 서탄로 286-9 | 좌표:1270342831,371089233",장소 문의 (전화/홈페이지 참조),경기 용인시에 위치한 고궁 관련 장소 [고궁건축] (건설업>전문건설업). 전화: 정보없음,https://map.naver.com/v5/search/%EA%B3%A0%EA%B6%81%EA%B1%B4%EC%B6%95,single:0.75;couple:0.4;family:0.3;건설업>전문건설업;고궁,2026-08-23 19:43:15,culture:1.0;history:1.0;outdoor:0.6,2,70
네이버 지역검색 API | 경기 용인시,역사·문화,고궁건축입구,상시,성인 (개인 방문 적합),"경기도 평택시 서탄면 금암리 | 좌표:1270345651,371090570",장소 문의 (전화/홈페이지 참조),경기 용인시에 위치한 고궁 관련 장소 [고궁건축입구] (도로시설>방면정보). 전화: 정보없음,https://map.naver.com/v5/search/%EA%B3%A0%EA%B6%81%EA%B1%B4%EC%B6%95%EC%9E%85%EA%B5%AC,single:0.75;couple:0.4;family:0.3;도로시설>방면정보;고궁,2026-08-23 19:43:15,culture:1.0;history:1.0;outdoor:0.6,2,70
네이버 지역검색 API | 경기 용인시,역사·문화,약천사,상시,성인 (개인 방문 적합),"경기도 용인시 처인구 양지읍 양지로63번길 9-18 약천사 | 좌표:1272738747,372341317",장소 문의 (전화/홈페이지 참조),"경기 용인시에 위치한 사찰 관련 장소 [약천사] (불교>절,사찰). 전화: 정보없음",http://www.yak1004.wo.to/,"single:0.7;couple:0.4;family:0.3;불교>절,사찰;사찰",2026-08-23 19:43:15,culture:1.0;history:0.9;outdoor:0.7,2,70
네이버 지역검색 API | 경기 용인시,역사·문화,동도사,상시,성인 (개인 방문 적합),"경기도 용인시 처인구 이동읍 어진로 842 | 좌표:1271982337,371080257",장소 문의 (전화/홈페이지 참조),"경기 용인시에 위치한 사찰 관련 장소 [동도사] (불교>절,사찰). 전화: 정보없음",https://map.naver.com/v5/search/%EB%8F%99%EB%8F%84%EC%82%AC,"single:0.7;couple:0.4;family:0.3;불교>절,사찰;사찰",2026-08-23 19:43:15,culture:1.0;history:0.9;outdoor:0.7,2,70
네이버 지역검색 API | 경기 용인시,역사·문화,대원사,상시,성인 (개인 방문 적합),"경기도 용인시 수지구 성복1로 211-5 | 좌표:1270598954,373211748",장소 문의 (전화/홈페이지 참조),"경기 용인시에 위치한 사찰 관련 장소 [대원사] (불교>절,사찰). 전화: 정보없음",https://map.naver.com/v5/search/%EB%8C%80%EC%9B%90%EC%82%AC,"single:0.7;couple:0.4;family:0.3;불교>절,사찰;사찰",2026-08-23 19:43:15,culture:1.0;history:0.9;outdoor:0.7,2,70
네이버 지역검색 API | 경기 용인시,역사·문화,대한불교조계종 화운사,상시,성인 (개인 방문 적합),"경기도 용인시 처인구 동백죽전대로 111-14 | 좌표:1271617374,372519500",장소 문의 (전화/홈페이지 참조),"경기 용인시에 위치한 사찰 관련 장소 [대한불교조계종 화운사] (불교>절,사찰). 전화: 정보없음",http://www.hwaunsa.kr/,"single:0.7;couple:0.4;family:0.3;불교>절,사찰;사찰",2026-08-23 19:43:15,culture:1.0;history:0.9;outdoor:0.7,2,70
네이버 지역검색 API | 경기 용인시,역사·문화,법륜사,상시,성인 (개인 방문 적합),"경기도 용인시 처인구 원삼면 농촌파크로 126 법륜사 | 좌표:1272984941,371696629",장소 문의 (전화/홈페이지 참조),"경기 용인시에 위치한 사찰 관련 장소 [법륜사] (불교>절,사찰). 전화: 정보없음",http://www.beomnyunsa.or.kr/,"single:0.7;couple:0.4;family:0.3;불교>절,사찰;사찰",2026-08-23 19:43:15,culture:1.0;history:0.9;outdoor:0.7,2,70
네이버 지역검색 API | 경기 용인시,자연·공원,둘레길보리밥&amp;막국수,상시,성인 (개인 방문 적합),"경기도 용인시 기흥구 한일로9번길 31 네비게이션::용인조정경기장 주차장 | 좌표:1271011432,372412657",장소 문의 (전화/홈페이지 참조),경기 용인시에 위치한 둘레길 관련 장소 [둘레길보리밥&amp;막국수] (한식>보리밥). 전화: 정보없음,http://0312862789.tshome.co.kr/,single:0.8;couple:0.4;family:0.3;한식>보리밥;둘레길,2026-08-23 19:43:15,nature:1.0;outdoor:1.0;walk:1.0,2,70
네이버 지역검색 API | 경기 용인시,자연·공원,경기옛길영남길6코스스탬프(내동연꽃마을),상시,성인 (개인 방문 적합),"경기도 용인시 처인구 원삼면 사암리 | 좌표:1273011545,371758552",장소 문의 (전화/홈페이지 참조),"경기 용인시에 위치한 둘레길 관련 장소 [경기옛길영남길6코스스탬프(내동연꽃마을)] (여행,명소>거리,골목). 전화: 정보없음",https://map.naver.com/v5/search/%EA%B2%BD%EA%B8%B0%EC%98%9B%EA%B8%B8%EC%98%81%EB%82%A8%EA%B8%B86%EC%BD%94%EC%8A%A4%EC%8A%A4%ED%83%AC%ED%94%84%28%EB%82%B4%EB%8F%99%EC%97%B0%EA%BD%83%EB%A7%88%EC%9D%84%29,"single:0.8;couple:0.4;family:0.3;여행,명소>거리,골목;둘레길",2026-08-23 19:43:15,nature:1.0;outdoor:1.0;walk:1.0,2,70
네이버 지역검색 API | 경기 용인시,자연·공원,용담태교둘레길 주차장,상시,성인 (개인 방문 적합),"경기도 용인시 처인구 원삼면 사암리 | 좌표:1273094408,371927649",장소 문의 (전화/홈페이지 참조),"경기 용인시에 위치한 둘레길 관련 장소 [용담태교둘레길 주차장] (교통,운수>주차장). 전화: 정보없음",https://map.naver.com/v5/search/%EC%9A%A9%EB%8B%B4%ED%83%9C%EA%B5%90%EB%91%98%EB%A0%88%EA%B8%B8%20%EC%A3%BC%EC%B0%A8%EC%9E%A5,"single:0.8;couple:0.4;family:0.3;교통,운수>주차장;둘레길",2026-08-23 19:43:15,nature:1.0;outdoor:1.0;walk:1.0,2,70
네이버 지역검색 API | 경기 용인시,자연·공원,경기옛길영남길5코스스탬프(용인중앙시장),상시,성인 (개인 방문 적합),"경기도 용인시 처인구 김량장동 | 좌표:1272081440,372375593",장소 문의 (전화/홈페이지 참조),"경기 용인시에 위치한 둘레길 관련 장소 [경기옛길영남길5코스스탬프(용인중앙시장)] (여행,명소>거리,골목). 전화: 정보없음",https://map.naver.com/v5/search/%EA%B2%BD%EA%B8%B0%EC%98%9B%EA%B8%B8%EC%98%81%EB%82%A8%EA%B8%B85%EC%BD%94%EC%8A%A4%EC%8A%A4%ED%83%AC%ED%94%84%28%EC%9A%A9%EC%9D%B8%EC%A4%91%EC%95%99%EC%8B%9C%EC%9E%A5%29,"single:0.8;couple:0.4;family:0.3;여행,명소>거리,골목;둘레길",2026-08-23 19:43:15,nature:1.0;outdoor:1.0;walk:1.0,2,70
네이버 지역검색 API | 경기 용인시,자연·공원,경기옛길영남길3코스스탬프(민영환묘소),상시,성인 (개인 방문 적합),"경기도 용인시 기흥구 마북동 | 좌표:1271151367,372966346",장소 문의 (전화/홈페이지 참조),"경기 용인시에 위치한 둘레길 관련 장소 [경기옛길영남길3코스스탬프(민영환묘소)] (여행,명소>거리,골목). 전화: 정보없음",https://map.naver.com/v5/search/%EA%B2%BD%EA%B8%B0%EC%98%9B%EA%B8%B8%EC%98%81%EB%82%A8%EA%B8%B83%EC%BD%94%EC%8A%A4%EC%8A%A4%ED%83%AC%ED%94%84%28%EB%AF%BC%EC%98%81%ED%99%98%EB%AC%98%EC%86%8C%29,"single:0.8;couple:0.4;family:0.3;여행,명소>거리,골목;둘레길",2026-08-23 19:43:15,nature:1.0;outdoor:1.0;walk:1.0,2,70
네이버 지역검색 API | 경기 용인시,자연·공원,동천자연식물원,상시,성인 (개인 방문 적합),"경기도 용인시 수지구 동천로 233 | 좌표:1270794348,373373987",장소 문의 (전화/홈페이지 참조),"경기 용인시에 위치한 수목원 관련 장소 [동천자연식물원] (여행,명소>식물원,수목원). 전화: 정보없음",http://naturesoop.co.kr,"single:0.75;couple:0.4;family:0.3;여행,명소>식물원,수목원;수목원",2026-08-23 19:43:15,nature:1.0;outdoor:1.0;walk:0.8,2,70
네이버 지역검색 API | 경기 용인시,자연·공원,한택식물원,상시,성인 (개인 방문 적합),"경기도 용인시 처인구 백암면 한택로 2 한택식물원 | 좌표:1274074938,370945874",장소 문의 (전화/홈페이지 참조),"경기 용인시에 위치한 수목원 관련 장소 [한택식물원] (여행,명소>식물원,수목원). 전화: 정보없음",http://www.hantaek.co.kr,"single:0.75;couple:0.4;family:0.3;여행,명소>식물원,수목원;수목원",2026-08-23 19:43:15,nature:1.0;outdoor:1.0;walk:0.8,2,70
네이버 지역검색 API | 경기 용인시,자연·공원,용인자작나무숲,상시,성인 (개인 방문 적합),"경기도 용인시 처인구 백암면 황새울로 231 용인자작나무숲 | 좌표:1273526071,371112795",장소 문의 (전화/홈페이지 참조),"경기 용인시에 위치한 수목원 관련 장소 [용인자작나무숲] (여행,명소>관람,체험). 전화: 정보없음",https://blog.naver.com/yijajak,"single:0.75;couple:0.4;family:0.3;여행,명소>관람,체험;수목원",2026-08-23 19:43:15,nature:1.0;outdoor:1.0;walk:0.8,2,70
네이버 지역검색 API | 경기 용인시,자연·공원,용인수목원우림필유아파트,상시,성인 (개인 방문 적합),"경기도 용인시 처인구 포곡읍 백옥대로1898번길 34 | 좌표:1272381761,372948300",장소 문의 (전화/홈페이지 참조),경기 용인시에 위치한 수목원 관련 장소 [용인수목원우림필유아파트] (주택>아파트). 전화: 정보없음,https://map.naver.com/v5/search/%EC%9A%A9%EC%9D%B8%EC%88%98%EB%AA%A9%EC%9B%90%EC%9A%B0%EB%A6%BC%ED%95%84%EC%9C%A0%EC%95%84%ED%8C%8C%ED%8A%B8,single:0.75;couple:0.4;family:0.3;주택>아파트;수목원,2026-08-23 19:43:15,nature:1.0;outdoor:1.0;walk:0.8,2,70
네이버 지역검색 API | 경기 용인시,자연·공원,돌꽃카페,상시,성인 (개인 방문 적합),"경기도 용인시 처인구 원삼면 이원로 1037-29 돌꽃카페 | 좌표:1272975197,371555964",장소 문의 (전화/홈페이지 참조),"경기 용인시에 위치한 수목원 관련 장소 [돌꽃카페] (음식점>카페,디저트). 전화: 정보없음",http://instagram.com/stoneflower_cafe,"single:0.75;couple:0.4;family:0.3;음식점>카페,디저트;수목원",2026-08-23 19:43:15,nature:1.0;outdoor:1.0;walk:0.8,2,70
네이버 지역검색 API | 경기 파주시,독립서점,사적인서점,상시,성인 (개인 방문 적합),"경기도 파주시 돌곶이길 180-38 지층 | 좌표:1266918246,377140190",장소 문의 (전화/홈페이지 참조),경기 파주시에 위치한 독립서점 관련 장소 [사적인서점] (서점>독립서점). 전화: 정보없음,http://www.sajeokin-bookshop.com,single:0.95;couple:0.4;family:0.3;서점>독립서점;독립서점,2026-08-23 19:43:15,bookstore:1.0;quiet:1.0;indoor:1.0,2,70
네이버 지역검색 API | 경기 파주시,독립서점,고정순책방,상시,성인 (개인 방문 적합),"경기도 파주시 탄현면 헤이리마을길 48-48 2층 | 좌표:1267002411,377872413",장소 문의 (전화/홈페이지 참조),경기 파주시에 위치한 독립서점 관련 장소 [고정순책방] (서점>독립서점). 전화: 정보없음,https://blog.naver.com/gojungsoon_bookshop,single:0.95;couple:0.4;family:0.3;서점>독립서점;독립서점,2026-08-23 19:43:15,bookstore:1.0;quiet:1.0;indoor:1.0,2,70
네이버 지역검색 API | 경기 파주시,독립서점,책방아지트,상시,성인 (개인 방문 적합),"경기도 파주시 탄현면 방촌로 680 1층 | 좌표:1267186466,378047615",장소 문의 (전화/홈페이지 참조),경기 파주시에 위치한 독립서점 관련 장소 [책방아지트] (서점>독립서점). 전화: 정보없음,https://map.naver.com/v5/search/%EC%B1%85%EB%B0%A9%EC%95%84%EC%A7%80%ED%8A%B8,single:0.95;couple:0.4;family:0.3;서점>독립서점;독립서점,2026-08-23 19:43:15,bookstore:1.0;quiet:1.0;indoor:1.0,2,70
네이버 지역검색 API | 경기 파주시,독립서점,지도,상시,성인 (개인 방문 적합),"경기도 파주시 회동길 445 2층 201호 | 좌표:1266941474,377203342",장소 문의 (전화/홈페이지 참조),경기 파주시에 위치한 독립서점 관련 장소 [지도] (서점>독립서점). 전화: 정보없음,https://www.instagram.com/jido.map,single:0.95;couple:0.4;family:0.3;서점>독립서점;독립서점,2026-08-23 19:43:15,bookstore:1.0;quiet:1.0;indoor:1.0,2,70
네이버 지역검색 API | 경기 파주시,독립서점,그림이야기북스,상시,성인 (개인 방문 적합),"경기도 파주시 가람로 109 312등 1504호 | 좌표:1267602005,377378963",장소 문의 (전화/홈페이지 참조),경기 파주시에 위치한 독립서점 관련 장소 [그림이야기북스] (서점>독립서점). 전화: 정보없음,https://www.instagram.com/artstorybookstore,single:0.95;couple:0.4;family:0.3;서점>독립서점;독립서점,2026-08-23 19:43:15,bookstore:1.0;quiet:1.0;indoor:1.0,2,70
네이버 지역검색 API | 경기 파주시,독립서점,밀크북,상시,성인 (개인 방문 적합),"경기도 파주시 회동길 121 1층 | 좌표:1266877728,377073030",장소 문의 (전화/홈페이지 참조),"경기 파주시에 위치한 북카페 관련 장소 [밀크북] (카페,디저트>북카페). 전화: 정보없음",http://imilkbook.com,"single:0.85;couple:0.4;family:0.3;카페,디저트>북카페;북카페",2026-08-23 19:43:15,bookstore:0.8;quiet:0.9;indoor:1.0,2,70
네이버 지역검색 API | 경기 파주시,독립서점,리파크,상시,성인 (개인 방문 적합),"경기도 파주시 회동길 145 지지향 3관 1층 | 좌표:1266866421,377089886",장소 문의 (전화/홈페이지 참조),"경기 파주시에 위치한 북카페 관련 장소 [리파크] (음식점>카페,디저트). 전화: 정보없음",https://smartstore.naver.com/leeparkcoffee,"single:0.85;couple:0.4;family:0.3;음식점>카페,디저트;북카페",2026-08-23 19:43:15,bookstore:0.8;quiet:0.9;indoor:1.0,2,70
네이버 지역검색 API | 경기 파주시,독립서점,문발리헌책방골목블루박스,상시,성인 (개인 방문 적합),"경기도 파주시 문발로 240-21 | 좌표:1266886987,377149600",장소 문의 (전화/홈페이지 참조),"경기 파주시에 위치한 북카페 관련 장소 [문발리헌책방골목블루박스] (카페,디저트>북카페). 전화: 정보없음",https://map.naver.com/v5/search/%EB%AC%B8%EB%B0%9C%EB%A6%AC%ED%97%8C%EC%B1%85%EB%B0%A9%EA%B3%A8%EB%AA%A9%EB%B8%94%EB%A3%A8%EB%B0%95%EC%8A%A4,"single:0.85;couple:0.4;family:0.3;카페,디저트>북카페;북카페",2026-08-23 19:43:15,bookstore:0.8;quiet:0.9;indoor:1.0,2,70
네이버 지역검색 API | 경기 파주시,독립서점,페이지온커피,상시,성인 (개인 방문 적합),"경기도 파주시 광인사길 209 1층 | 좌표:1266876771,377167926",장소 문의 (전화/홈페이지 참조),"경기 파주시에 위치한 북카페 관련 장소 [페이지온커피] (음식점>카페,디저트). 전화: 정보없음",http://pf.kakao.com/_Sxkxfpn,"single:0.85;couple:0.4;family:0.3;음식점>카페,디저트;북카페",2026-08-23 19:43:15,bookstore:0.8;quiet:0.9;indoor:1.0,2,70
네이버 지역검색 API | 경기 파주시,독립서점,아이스타일카페,상시,성인 (개인 방문 적합),"경기도 파주시 회동길 160 | 좌표:1266873625,377092020",장소 문의 (전화/홈페이지 참조),"경기 파주시에 위치한 북카페 관련 장소 [아이스타일카페] (카페,디저트>카페). 전화: 정보없음",https://map.naver.com/v5/search/%EC%95%84%EC%9D%B4%EC%8A%A4%ED%83%80%EC%9D%BC%EC%B9%B4%ED%8E%98,"single:0.85;couple:0.4;family:0.3;카페,디저트>카페;북카페",2026-08-23 19:43:15,bookstore:0.8;quiet:0.9;indoor:1.0,2,70
네이버 지역검색 API | 경기 파주시,조용한 힐링,델루나스터디카페 파주운정점,상시,성인 (개인 방문 적합),"경기도 파주시 와석순환로 70 2층 203호 | 좌표:1267514955,377104630",장소 문의 (전화/홈페이지 참조),경기 파주시에 위치한 스터디카페 관련 장소 [델루나스터디카페 파주운정점] (스터디카페). 전화: 정보없음,https://map.naver.com/v5/search/%EB%8D%B8%EB%A3%A8%EB%82%98%EC%8A%A4%ED%84%B0%EB%94%94%EC%B9%B4%ED%8E%98%20%ED%8C%8C%EC%A3%BC%EC%9A%B4%EC%A0%95%EC%A0%90,single:0.9;couple:0.4;family:0.3;스터디카페;스터디카페,2026-08-23 19:43:15,healing:0.7;quiet:1.0;solo:1.0,2,70
네이버 지역검색 API | 경기 파주시,조용한 힐링,쑥먹은곰탱이 스터디카페,상시,성인 (개인 방문 적합),"경기도 파주시 심학산로423번길 7-33 파리바게트건물 3층 | 좌표:1267372308,377194266",장소 문의 (전화/홈페이지 참조),"경기 파주시에 위치한 스터디카페 관련 장소 [쑥먹은곰탱이 스터디카페] (서비스,산업>장소대여). 전화: 정보없음",https://youtu.be/yYisGA1I3lc?si=mHhBWF2B9ADHbzz_,"single:0.9;couple:0.4;family:0.3;서비스,산업>장소대여;스터디카페",2026-08-23 19:43:15,healing:0.7;quiet:1.0;solo:1.0,2,70
네이버 지역검색 API | 경기 파주시,조용한 힐링,르하임스터디카페 파주야당역점,상시,성인 (개인 방문 적합),"경기도 파주시 경의로 1090 삼융타워 703호 | 좌표:1267600616,377144742",장소 문의 (전화/홈페이지 참조),"경기 파주시에 위치한 스터디카페 관련 장소 [르하임스터디카페 파주야당역점] (서비스,산업>장소대여). 전화: 정보없음",https://lchayimstudycafe.com,"single:0.9;couple:0.4;family:0.3;서비스,산업>장소대여;스터디카페",2026-08-23 19:43:15,healing:0.7;quiet:1.0;solo:1.0,2,70
네이버 지역검색 API | 경기 파주시,조용한 힐링,카공족 파주동패점,상시,성인 (개인 방문 적합),"경기도 파주시 초롱꽃로 117-10 504호 | 좌표:1267173568,377128848",장소 문의 (전화/홈페이지 참조),"경기 파주시에 위치한 스터디카페 관련 장소 [카공족 파주동패점] (카페,디저트>스터디카페). 전화: 정보없음",http://pf.kakao.com/_ZxfYGX,"single:0.9;couple:0.4;family:0.3;카페,디저트>스터디카페;스터디카페",2026-08-23 19:43:15,healing:0.7;quiet:1.0;solo:1.0,2,70
네이버 지역검색 API | 경기 파주시,조용한 힐링,이루밍스터디카페 파주운정역점,상시,성인 (개인 방문 적합),"경기도 파주시 경의로 1204 월드타워 10차 1107호 | 좌표:1267614536,377249925",장소 문의 (전화/홈페이지 참조),경기 파주시에 위치한 스터디카페 관련 장소 [이루밍스터디카페 파주운정역점] (스터디카페). 전화: 정보없음,https://www.erooming.co.kr,single:0.9;couple:0.4;family:0.3;스터디카페;스터디카페,2026-08-23 19:43:15,healing:0.7;quiet:1.0;solo:1.0,2,70
네이버 지역검색 API | 경기 파주시,조용한 힐링,이본플라잉요가,상시,성인 (개인 방문 적합),"경기도 파주시 해올2길 8 10층 1001호 | 좌표:1267309540,377336371",장소 문의 (전화/홈페이지 참조),경기 파주시에 위치한 요가원 관련 장소 [이본플라잉요가] (스포츠시설>요가원). 전화: 정보없음,http://pf.kakao.com/_LMJYn/chat,single:0.8;couple:0.4;family:0.3;스포츠시설>요가원;요가원,2026-08-23 19:43:15,healing:1.0;quiet:0.8;solo:0.9,2,70
네이버 지역검색 API | 경기 파주시,조용한 힐링,지혜요가,상시,성인 (개인 방문 적합),"경기도 파주시 청암로17번길 47 2층 201호 | 좌표:1267348483,377288866",장소 문의 (전화/홈페이지 참조),경기 파주시에 위치한 요가원 관련 장소 [지혜요가] (스포츠시설>요가원). 전화: 정보없음,https://blog.naver.com/jh-yoga,single:0.8;couple:0.4;family:0.3;스포츠시설>요가원;요가원,2026-08-23 19:43:15,healing:1.0;quiet:0.8;solo:0.9,2,70
네이버 지역검색 API | 경기 파주시,조용한 힐링,목어깨 편한세상,상시,성인 (개인 방문 적합),"경기도 파주시 책향기로 830 207호 | 좌표:1267629058,377293297",장소 문의 (전화/홈페이지 참조),경기 파주시에 위치한 요가원 관련 장소 [목어깨 편한세상] (스포츠시설>요가원). 전화: 정보없음,https://blog.naver.com/lavi_ang,single:0.8;couple:0.4;family:0.3;스포츠시설>요가원;요가원,2026-08-23 19:43:15,healing:1.0;quiet:0.8;solo:0.9,2,70
네이버 지역검색 API | 경기 파주시,조용한 힐링,플라잉스토리,상시,성인 (개인 방문 적합),"경기도 파주시 심학산로 415 힐링플러스2 5층 | 좌표:1267378891,377184964",장소 문의 (전화/홈페이지 참조),경기 파주시에 위치한 요가원 관련 장소 [플라잉스토리] (스포츠시설>요가원). 전화: 정보없음,https://www.instagram.com/flyingmiha_paju,single:0.8;couple:0.4;family:0.3;스포츠시설>요가원;요가원,2026-08-23 19:43:15,healing:1.0;quiet:0.8;solo:0.9,2,70
네이버 지역검색 API | 경기 파주시,조용한 힐링,달팽이요가원,상시,성인 (개인 방문 적합),"경기도 파주시 청암로17번길 37 7층 702호 | 좌표:1267359621,377289948",장소 문의 (전화/홈페이지 참조),경기 파주시에 위치한 요가원 관련 장소 [달팽이요가원] (스포츠시설>요가원). 전화: 정보없음,https://www.instagram.com/dalpangee.yoga,single:0.8;couple:0.4;family:0.3;스포츠시설>요가원;요가원,2026-08-23 19:43:15,healing:1.0;quiet:0.8;solo:0.9,2,70
네이버 지역검색 API | 경기 파주시,조용한 힐링,마음수련 명상센터 운정점,상시,성인 (개인 방문 적합),"경기도 파주시 경의로 1114 에펠타워 6층 603호 | 좌표:1267603961,377166199",장소 문의 (전화/홈페이지 참조),"경기 파주시에 위치한 명상센터 관련 장소 [마음수련 명상센터 운정점] (스포츠,레크레이션교육>요가,명상). 전화: 정보없음",https://trueselfclass.com/,"single:0.85;couple:0.4;family:0.3;스포츠,레크레이션교육>요가,명상;명상센터",2026-08-23 19:43:15,healing:1.0;quiet:1.0;solo:1.0,2,70
네이버 지역검색 API | 경기 파주시,조용한 힐링,브레인트레이닝센터 파주명상치유점,상시,성인 (개인 방문 적합),"경기도 파주시 중앙로 303 4층 | 좌표:1267753483,377626410",장소 문의 (전화/홈페이지 참조),"경기 파주시에 위치한 명상센터 관련 장소 [브레인트레이닝센터 파주명상치유점] (스포츠,레크레이션교육>요가,명상). 전화: 정보없음",http://www.brain-training.co.kr,"single:0.85;couple:0.4;family:0.3;스포츠,레크레이션교육>요가,명상;명상센터",2026-08-23 19:43:15,healing:1.0;quiet:1.0;solo:1.0,2,70
네이버 지역검색 API | 경기 파주시,조용한 힐링,온가족미술심리상담센터,상시,성인 (개인 방문 적합),"경기도 파주시 탄현면 오색나비길 42-8 101호 | 좌표:1267046572,377775221",장소 문의 (전화/홈페이지 참조),"경기 파주시에 위치한 명상센터 관련 장소 [온가족미술심리상담센터] (건강,의료>심리상담). 전화: 정보없음",https://blog.naver.com/ongajok2023,"single:0.85;couple:0.4;family:0.3;건강,의료>심리상담;명상센터",2026-08-23 19:43:15,healing:1.0;quiet:1.0;solo:1.0,2,70
네이버 지역검색 API | 경기 파주시,조용한 힐링,천축사무문관,상시,성인 (개인 방문 적합),"서울특별시 도봉구 도봉산길 92 | 좌표:1270195277,376942896",장소 문의 (전화/홈페이지 참조),"경기 파주시에 위치한 명상센터 관련 장소 [천축사무문관] (불교>절,사찰). 전화: 정보없음",http://buddha71.cafe24.com/page_mRwO45,"single:0.85;couple:0.4;family:0.3;불교>절,사찰;명상센터",2026-08-23 19:43:15,healing:1.0;quiet:1.0;solo:1.0,2,70
네이버 지역검색 API | 경기 파주시,역사·문화,고궁전통찻집,상시,성인 (개인 방문 적합),"경기도 파주시 법원읍 애룡길 179-20 | 좌표:1268576669,378281798",장소 문의 (전화/홈페이지 참조),"경기 파주시에 위치한 고궁 관련 장소 [고궁전통찻집] (카페,디저트>차). 전화: 정보없음",https://map.naver.com/v5/search/%EA%B3%A0%EA%B6%81%EC%A0%84%ED%86%B5%EC%B0%BB%EC%A7%91,"single:0.75;couple:0.4;family:0.3;카페,디저트>차;고궁",2026-08-23 19:43:15,culture:1.0;history:1.0;outdoor:0.6,2,70
네이버 지역검색 API | 경기 파주시,역사·문화,커피 라빈트 프로방스점,상시,성인 (개인 방문 적합),"경기도 파주시 탄현면 새오리로 78 2층 | 좌표:1266855897,377911732",장소 문의 (전화/홈페이지 참조),"경기 파주시에 위치한 고궁 관련 장소 [커피 라빈트 프로방스점] (음식점>카페,디저트). 전화: 정보없음",https://map.naver.com/v5/search/%EC%BB%A4%ED%94%BC%20%EB%9D%BC%EB%B9%88%ED%8A%B8%20%ED%94%84%EB%A1%9C%EB%B0%A9%EC%8A%A4%EC%A0%90,"single:0.75;couple:0.4;family:0.3;음식점>카페,디저트;고궁",2026-08-23 19:43:15,culture:1.0;history:1.0;outdoor:0.6,2,70
네이버 지역검색 API | 경기 파주시,역사·문화,용암사,상시,성인 (개인 방문 적합),"경기도 파주시 광탄면 혜음로 742-28 | 좌표:1268651476,377536146",장소 문의 (전화/홈페이지 참조),"경기 파주시에 위치한 사찰 관련 장소 [용암사] (불교>절,사찰). 전화: 정보없음",https://map.naver.com/v5/search/%EC%9A%A9%EC%95%94%EC%82%AC,"single:0.7;couple:0.4;family:0.3;불교>절,사찰;사찰",2026-08-23 19:43:15,culture:1.0;history:0.9;outdoor:0.7,2,70
네이버 지역검색 API | 경기 파주시,역사·문화,검단사,상시,성인 (개인 방문 적합),"경기도 파주시 탄현면 필승로 292-33 검단사 | 좌표:1266861790,377692407",장소 문의 (전화/홈페이지 참조),"경기 파주시에 위치한 사찰 관련 장소 [검단사] (불교>절,사찰). 전화: 정보없음",https://map.naver.com/v5/search/%EA%B2%80%EB%8B%A8%EC%82%AC,"single:0.7;couple:0.4;family:0.3;불교>절,사찰;사찰",2026-08-23 19:43:15,culture:1.0;history:0.9;outdoor:0.7,2,70
네이버 지역검색 API | 경기 파주시,역사·문화,호국전진사,상시,성인 (개인 방문 적합),"경기도 파주시 광탄면 혜음로 1505 | 좌표:1268478775,378150986",장소 문의 (전화/홈페이지 참조),"경기 파주시에 위치한 사찰 관련 장소 [호국전진사] (불교>절,사찰). 전화: 정보없음",https://map.naver.com/v5/search/%ED%98%B8%EA%B5%AD%EC%A0%84%EC%A7%84%EC%82%AC,"single:0.7;couple:0.4;family:0.3;불교>절,사찰;사찰",2026-08-23 19:43:15,culture:1.0;history:0.9;outdoor:0.7,2,70
네이버 지역검색 API | 경기 파주시,자연·공원,심학산 아구찜,상시,성인 (개인 방문 적합),"경기도 파주시 교하로 595-8 1층 | 좌표:1267132743,377065794",장소 문의 (전화/홈페이지 참조),"경기 파주시에 위치한 둘레길 관련 장소 [심학산 아구찜] (한식>아귀찜,해물찜). 전화: 정보없음",https://map.naver.com/v5/search/%EC%8B%AC%ED%95%99%EC%82%B0%20%EC%95%84%EA%B5%AC%EC%B0%9C,"single:0.8;couple:0.4;family:0.3;한식>아귀찜,해물찜;둘레길",2026-08-23 19:43:15,nature:1.0;outdoor:1.0;walk:1.0,2,70
네이버 지역검색 API | 경기 파주시,자연·공원,임진각평화누리,상시,성인 (개인 방문 적합),"경기도 파주시 문산읍 사목리 | 좌표:1267533055,378682758",장소 문의 (전화/홈페이지 참조),"경기 파주시에 위치한 둘레길 관련 장소 [임진각평화누리] (여행,명소>거리,골목). 전화: 정보없음",https://map.naver.com/v5/search/%EC%9E%84%EC%A7%84%EA%B0%81%ED%8F%89%ED%99%94%EB%88%84%EB%A6%AC,"single:0.8;couple:0.4;family:0.3;여행,명소>거리,골목;둘레길",2026-08-23 19:43:15,nature:1.0;outdoor:1.0;walk:1.0,2,70
네이버 지역검색 API | 경기 파주시,자연·공원,심학산둘레길배수지입구주차장입구,상시,성인 (개인 방문 적합),"경기도 파주시 동패동 | 좌표:1267152246,377071139",장소 문의 (전화/홈페이지 참조),경기 파주시에 위치한 둘레길 관련 장소 [심학산둘레길배수지입구주차장입구] (도로시설>방면정보). 전화: 정보없음,https://map.naver.com/v5/search/%EC%8B%AC%ED%95%99%EC%82%B0%EB%91%98%EB%A0%88%EA%B8%B8%EB%B0%B0%EC%88%98%EC%A7%80%EC%9E%85%EA%B5%AC%EC%A3%BC%EC%B0%A8%EC%9E%A5%EC%9E%85%EA%B5%AC,single:0.8;couple:0.4;family:0.3;도로시설>방면정보;둘레길,2026-08-23 19:43:15,nature:1.0;outdoor:1.0;walk:1.0,2,70
네이버 지역검색 API | 경기 파주시,자연·공원,둘레길카페,상시,성인 (개인 방문 적합),"경기도 파주시 파평면 장마루로 263 1층 | 좌표:1268375041,379452272",장소 문의 (전화/홈페이지 참조),"경기 파주시에 위치한 둘레길 관련 장소 [둘레길카페] (음식점>카페,디저트). 전화: 정보없음",https://www.instagram.com/dullegil_cafe,"single:0.8;couple:0.4;family:0.3;음식점>카페,디저트;둘레길",2026-08-23 19:43:15,nature:1.0;outdoor:1.0;walk:1.0,2,70
네이버 지역검색 API | 경기 파주시,자연·공원,심학산둘레길,상시,성인 (개인 방문 적합),"경기도 파주시 산남동 산31 | 좌표:1267040541,377026844",장소 문의 (전화/홈페이지 참조),경기 파주시에 위치한 둘레길 관련 장소 [심학산둘레길] (지역명소>도보코스). 전화: 정보없음,https://map.naver.com/v5/search/%EC%8B%AC%ED%95%99%EC%82%B0%EB%91%98%EB%A0%88%EA%B8%B8,single:0.8;couple:0.4;family:0.3;지역명소>도보코스;둘레길,2026-08-23 19:43:15,nature:1.0;outdoor:1.0;walk:1.0,2,70
네이버 지역검색 API | 경기 파주시,자연·공원,벽초지수목원,상시,성인 (개인 방문 적합),"경기도 파주시 광탄면 부흥로 242 | 좌표:1268754409,378005109",장소 문의 (전화/홈페이지 참조),"경기 파주시에 위치한 수목원 관련 장소 [벽초지수목원] (여행,명소>식물원,수목원). 전화: 정보없음",http://www.bcj.co.kr/,"single:0.75;couple:0.4;family:0.3;여행,명소>식물원,수목원;수목원",2026-08-23 19:43:15,nature:1.0;outdoor:1.0;walk:0.8,2,70
네이버 지역검색 API | 경기 파주시,자연·공원,조인폴리아,상시,성인 (개인 방문 적합),"경기도 파주시 월롱면 황소바위길 304 | 좌표:1268013856,377795341",장소 문의 (전화/홈페이지 참조),"경기 파주시에 위치한 수목원 관련 장소 [조인폴리아] (여행,명소>식물원,수목원). 전화: 정보없음",https://blog.naver.com/join9488,"single:0.75;couple:0.4;family:0.3;여행,명소>식물원,수목원;수목원",2026-08-23 19:43:15,nature:1.0;outdoor:1.0;walk:0.8,2,70
네이버 지역검색 API | 경기 파주시,자연·공원,율곡수목원,상시,성인 (개인 방문 적합),"경기도 파주시 파평면 장승배기로 392 | 좌표:1268227657,378983637",장소 문의 (전화/홈페이지 참조),"경기 파주시에 위치한 수목원 관련 장소 [율곡수목원] (여행,명소>식물원,수목원). 전화: 정보없음",https://map.naver.com/v5/search/%EC%9C%A8%EA%B3%A1%EC%88%98%EB%AA%A9%EC%9B%90,"single:0.75;couple:0.4;family:0.3;여행,명소>식물원,수목원;수목원",2026-08-23 19:43:15,nature:1.0;outdoor:1.0;walk:0.8,2,70
네이버 지역검색 API | 경기 파주시,자연·공원,소울원,상시,성인 (개인 방문 적합),"경기도 파주시 탄현면 검산로 424-12 | 좌표:1267347834,378059316",장소 문의 (전화/홈페이지 참조),"경기 파주시에 위치한 수목원 관련 장소 [소울원] (여행,명소>식물원,수목원). 전화: 정보없음",http://www.soulone.co.kr/,"single:0.75;couple:0.4;family:0.3;여행,명소>식물원,수목원;수목원",2026-08-23 19:43:15,nature:1.0;outdoor:1.0;walk:0.8,2,70
네이버 지역검색 API | 경기 파주시,자연·공원,숙성사돈 파주법원리 본점,상시,성인 (개인 방문 적합),"경기도 파주시 법원읍 술이홀로 888-2 | 좌표:1268740059,378501955",장소 문의 (전화/홈페이지 참조),"경기 파주시에 위치한 수목원 관련 장소 [숙성사돈 파주법원리 본점] (한식>육류,고기요리). 전화: 정보없음",https://youtube.com/@숙성사돈,"single:0.75;couple:0.4;family:0.3;한식>육류,고기요리;수목원",2026-08-23 19:43:15,nature:1.0;outdoor:1.0;walk:0.8,2,70
