source_site,category,place_or_event_name,period,target_age,region,fee_info,description,booking_url,ai_tags,crawled_at,theme_tags,congestion_score,popularity_score,recommend_reason
서울시 문화행사,콘서트·공연,"2026 카즈미 타테이시 트리오 내한공연-크리스마스, 재즈를 만나다-(서울)",2026-12-24 ~ 2026-12-24,성인 (개인 관람 적합),강동아트센터 대극장 한강,상세 페이지 참조,"강동아트센터 대극장 한강에서 열리는 콘서트 행사 [2026 카즈미 타테이시 트리오 내한공연-크리스마스, 재즈를 만나다-(서울)]. 혼자 관람하기 좋은 몰입형 콘텐츠입니다.",https://culture.seoul.go.kr/culture/culture/cultureEvent/view.do?cultcode=158770&menuNo=200008,single:0.85;couple:0.7;family:0.3;콘서트;서울시문화행사,2026-08-23 19:51:20,concert:1.0;immersive:0.9;indoor:0.7,4,85,🎵 몰입감 있는 공연으로 혼자 즐기기 좋은 라이브 콘텐츠
서울시 문화행사,콘서트·공연,"2026 카즈미 타테이시 트리오 내한공연-지브리, 재즈를 만나다-(서울)",2026-12-22 ~ 2026-12-22,성인 (개인 관람 적합),영등포아트홀,상세 페이지 참조,"영등포아트홀에서 열리는 콘서트 행사 [2026 카즈미 타테이시 트리오 내한공연-지브리, 재즈를 만나다-(서울)]. 혼자 관람하기 좋은 몰입형 콘텐츠입니다.",https://culture.seoul.go.kr/culture/culture/cultureEvent/view.do?cultcode=158691&menuNo=200008,single:0.85;couple:0.7;family:0.3;콘서트;서울시문화행사,2026-08-23 19:51:20,concert:1.0;immersive:0.9;indoor:0.7,4,67,🎵 몰입감 있는 공연으로 혼자 즐기기 좋은 라이브 콘텐츠
서울시 문화행사,전시·미술관,파인캐릭터 2026 (FineCharacter 2026),2026-11-27 ~ 2026-11-29,성인 (개인 관람 적합),동대문디자인플라자(DDP) 쇼룸 1층 (서울 중구 을지로 281),상세 페이지 참조,동대문디자인플라자(DDP) 쇼룸 1층 (서울 중구 을지로 281)에서 열리는 전시/미술 행사 [파인캐릭터 2026 (FineCharacter 2026)]. 혼자 관람하기 좋은 몰입형 콘텐츠입니다.,https://culture.seoul.go.kr/culture/culture/cultureEvent/view.do?cultcode=158731&menuNo=200009,single:0.85;couple:0.7;family:0.3;전시/미술;서울시문화행사,2026-08-23 19:51:20,exhibition:1.0;quiet:0.8;indoor:0.9,4,77,🖼️ 조용히 몰입할 수 있는 전시 콘텐츠로 나 홀로 관람 최적
서울시 문화행사,콘서트·공연,[마포문화재단] 제11회 M 클래식 축제 [뮤라벨 콘서트],2026-10-28 ~ 2026-10-28,성인 (개인 관람 적합),마포아트센터 플레이맥,상세 페이지 참조,마포아트센터 플레이맥에서 열리는 클래식 행사 [[마포문화재단] 제11회 M 클래식 축제 [뮤라벨 콘서트]]. 혼자 관람하기 좋은 몰입형 콘텐츠입니다.,https://culture.seoul.go.kr/culture/culture/cultureEvent/view.do?cultcode=158566&menuNo=200008,single:0.85;couple:0.7;family:0.3;클래식;서울시문화행사,2026-08-23 19:51:20,concert:1.0;immersive:0.9;indoor:0.7,4,76,🎵 몰입감 있는 공연으로 혼자 즐기기 좋은 라이브 콘텐츠
서울시 문화행사,전시·미술관,[꿈의숲아트센터] 꿈의숲 마티네 콘서트 [벨에포크 아트&뮤직] 시리즈3,2026-10-28 ~ 2026-10-28,성인 (개인 관람 적합),북서울꿈의숲 상상톡톡미술관,상세 페이지 참조,북서울꿈의숲 상상톡톡미술관에서 열리는 콘서트 행사 [[꿈의숲아트센터] 꿈의숲 마티네 콘서트 [벨에포크 아트&뮤직] 시리즈3]. 혼자 관람하기 좋은 몰입형 콘텐츠입니다.,https://culture.seoul.go.kr/culture/culture/cultureEvent/view.do?cultcode=158447&menuNo=200008,single:0.85;couple:0.7;family:0.3;콘서트;서울시문화행사,2026-08-23 19:51:20,exhibition:1.0;quiet:0.8;indoor:0.9,2,57,🖼️ 조용히 몰입할 수 있는 전시 콘텐츠로 나 홀로 관람 최적
서울시 문화행사,콘서트·공연,[마포문화재단] 제11회 M 클래식 축제 [전수진의 피아니즘],2026-10-27 ~ 2026-10-27,성인 (개인 관람 적합),마포아트센터 플레이맥,상세 페이지 참조,마포아트센터 플레이맥에서 열리는 클래식 행사 [[마포문화재단] 제11회 M 클래식 축제 [전수진의 피아니즘]]. 혼자 관람하기 좋은 몰입형 콘텐츠입니다.,https://culture.seoul.go.kr/culture/culture/cultureEvent/view.do?cultcode=158565&menuNo=200008,single:0.85;couple:0.7;family:0.3;클래식;서울시문화행사,2026-08-23 19:51:20,concert:1.0;immersive:0.9;indoor:0.7,4,79,🎵 몰입감 있는 공연으로 혼자 즐기기 좋은 라이브 콘텐츠
서울시 문화행사,콘서트·공연,[마포문화재단] 제11회 M 클래식 축제 [김도현x이수빈 듀오 리사이틀],2026-10-22 ~ 2026-10-22,성인 (개인 관람 적합),마포아트센터 아트홀맥,상세 페이지 참조,마포아트센터 아트홀맥에서 열리는 클래식 행사 [[마포문화재단] 제11회 M 클래식 축제 [김도현x이수빈 듀오 리사이틀]]. 혼자 관람하기 좋은 몰입형 콘텐츠입니다.,https://culture.seoul.go.kr/culture/culture/cultureEvent/view.do?cultcode=158564&menuNo=200008,single:0.85;couple:0.7;family:0.3;클래식;서울시문화행사,2026-08-23 19:51:20,concert:1.0;immersive:0.9;indoor:0.7,4,85,🎵 몰입감 있는 공연으로 혼자 즐기기 좋은 라이브 콘텐츠
서울시 문화행사,콘서트·공연,[마포문화재단] 2026 [인디스커버리 : FESTA] TRACK 02,2026-10-17 ~ 2026-10-17,성인 (개인 관람 적합),마포아트센터 아트홀맥,상세 페이지 참조,마포아트센터 아트홀맥에서 열리는 콘서트 행사 [[마포문화재단] 2026 [인디스커버리 : FESTA] TRACK 02]. 혼자 관람하기 좋은 몰입형 콘텐츠입니다.,https://culture.seoul.go.kr/culture/culture/cultureEvent/view.do?cultcode=158484&menuNo=200008,single:0.85;couple:0.7;family:0.3;콘서트;서울시문화행사,2026-08-23 19:51:20,concert:1.0;immersive:0.9;indoor:0.7,2,71,🎵 몰입감 있는 공연으로 혼자 즐기기 좋은 라이브 콘텐츠
서울시 문화행사,콘서트·공연,[마포문화재단] 2026 [인디스커버리 : FESTA] TRACK 01,2026-10-16 ~ 2026-10-16,성인 (개인 관람 적합),마포아트센터 아트홀맥,상세 페이지 참조,마포아트센터 아트홀맥에서 열리는 콘서트 행사 [[마포문화재단] 2026 [인디스커버리 : FESTA] TRACK 01]. 혼자 관람하기 좋은 몰입형 콘텐츠입니다.,https://culture.seoul.go.kr/culture/culture/cultureEvent/view.do?cultcode=158483&menuNo=200008,single:0.85;couple:0.7;family:0.3;콘서트;서울시문화행사,2026-08-23 19:51:20,concert:1.0;immersive:0.9;indoor:0.7,2,72,🎵 몰입감 있는 공연으로 혼자 즐기기 좋은 라이브 콘텐츠
서울시 문화행사,콘서트·공연,[영등포문화재단] 마티네콘서트 With 금난새 #3.베버,2026-10-15 ~ 2026-10-15,성인 (개인 관람 적합),영등포아트홀,상세 페이지 참조,영등포아트홀에서 열리는 클래식 행사 [[영등포문화재단] 마티네콘서트 With 금난새 #3.베버]. 혼자 관람하기 좋은 몰입형 콘텐츠입니다.,https://culture.seoul.go.kr/culture/culture/cultureEvent/view.do?cultcode=157909&menuNo=200008,single:0.85;couple:0.7;family:0.3;클래식;서울시문화행사,2026-08-23 19:51:20,concert:1.0;immersive:0.9;indoor:0.7,4,64,🎵 몰입감 있는 공연으로 혼자 즐기기 좋은 라이브 콘텐츠
서울시 문화행사,콘서트·공연,[마포문화재단] 제11회 M 클래식 축제 [하나의 울림],2026-10-14 ~ 2026-10-14,성인 (개인 관람 적합),마포아트센터 아트홀맥,상세 페이지 참조,마포아트센터 아트홀맥에서 열리는 클래식 행사 [[마포문화재단] 제11회 M 클래식 축제 [하나의 울림]]. 혼자 관람하기 좋은 몰입형 콘텐츠입니다.,https://culture.seoul.go.kr/culture/culture/cultureEvent/view.do?cultcode=158563&menuNo=200008,single:0.85;couple:0.7;family:0.3;클래식;서울시문화행사,2026-08-23 19:51:20,concert:1.0;immersive:0.9;indoor:0.7,2,73,🎵 몰입감 있는 공연으로 혼자 즐기기 좋은 라이브 콘텐츠
서울시 문화행사,콘서트·공연,국립무용단 [더블빌:시나위],2026-10-08 ~ 2026-10-11,성인 (개인 관람 적합),국립극장 해오름극장,상세 페이지 참조,국립극장 해오름극장에서 열리는 무용 행사 [국립무용단 [더블빌:시나위]]. 혼자 관람하기 좋은 몰입형 콘텐츠입니다.,https://culture.seoul.go.kr/culture/culture/cultureEvent/view.do?cultcode=158998&menuNo=200008,single:0.85;couple:0.7;family:0.3;무용;서울시문화행사,2026-08-23 19:51:20,concert:1.0;immersive:0.9;indoor:0.7,3,58,🎵 몰입감 있는 공연으로 혼자 즐기기 좋은 라이브 콘텐츠
서울시 문화행사,콘서트·공연,비올리스트 강동엽 보웬 전곡 시리즈 II - The English Rachmaninoff,2026-10-02 ~ 2026-10-02,성인 (개인 관람 적합),예술의전당 리사이틀홀,상세 페이지 참조,예술의전당 리사이틀홀에서 열리는 클래식 행사 [비올리스트 강동엽 보웬 전곡 시리즈 II - The English Rachmaninoff]. 혼자 관람하기 좋은 몰입형 콘텐츠입니다.,https://culture.seoul.go.kr/culture/culture/cultureEvent/view.do?cultcode=159128&menuNo=200008,single:0.85;couple:0.7;family:0.3;클래식;서울시문화행사,2026-08-23 19:51:20,concert:1.0;immersive:0.9;indoor:0.7,4,63,🎵 몰입감 있는 공연으로 혼자 즐기기 좋은 라이브 콘텐츠
서울시 문화행사,콘서트·공연,2026 홍난파가곡제 [나의 살던 고향은],2026-09-20 ~ 2026-09-20,성인 (개인 관람 적합),세종문화회관 대극장,상세 페이지 참조,세종문화회관 대극장에서 열리는 콘서트 행사 [2026 홍난파가곡제 [나의 살던 고향은]]. 혼자 관람하기 좋은 몰입형 콘텐츠입니다.,https://culture.seoul.go.kr/culture/culture/cultureEvent/view.do?cultcode=158999&menuNo=200008,single:0.85;couple:0.7;family:0.3;콘서트;서울시문화행사,2026-08-23 19:51:20,concert:1.0;immersive:0.9;indoor:0.7,4,65,🎵 몰입감 있는 공연으로 혼자 즐기기 좋은 라이브 콘텐츠
서울시 문화행사,콘서트·공연,올리버 케른 Piano Recital [Fantasies and Dances],2026-09-19 ~ 2026-09-19,성인 (개인 관람 적합),아트센터 림 아트홀,상세 페이지 참조,아트센터 림 아트홀에서 열리는 클래식 행사 [올리버 케른 Piano Recital [Fantasies and Dances]]. 혼자 관람하기 좋은 몰입형 콘텐츠입니다.,https://culture.seoul.go.kr/culture/culture/cultureEvent/view.do?cultcode=159125&menuNo=200008,single:0.85;couple:0.7;family:0.3;클래식;서울시문화행사,2026-08-23 19:51:20,concert:1.0;immersive:0.9;indoor:0.7,2,77,🎵 몰입감 있는 공연으로 혼자 즐기기 좋은 라이브 콘텐츠
서울시 문화행사,콘서트·공연,[서울시립교향악단] 비그림파워코리아와 함께하는 2026 서울시향 파크 콘서트,2026-09-19 ~ 2026-09-19,성인 (개인 관람 적합),서울어린이대공원 숲속의무대,상세 페이지 참조,서울어린이대공원 숲속의무대에서 열리는 클래식 행사 [[서울시립교향악단] 비그림파워코리아와 함께하는 2026 서울시향 파크 콘서트]. 혼자 관람하기 좋은 몰입형 콘텐츠입니다.,https://culture.seoul.go.kr/culture/culture/cultureEvent/view.do?cultcode=159145&menuNo=200008,single:0.85;couple:0.7;family:0.3;클래식;서울시문화행사,2026-08-23 19:51:20,concert:1.0;immersive:0.9;indoor:0.7,2,80,🎵 몰입감 있는 공연으로 혼자 즐기기 좋은 라이브 콘텐츠
서울시 문화행사,콘서트·공연,[마포문화재단] 제11회 M 클래식 축제 [소프라노 황수미 리사이틀],2026-09-17 ~ 2026-09-17,성인 (개인 관람 적합),마포아트센터 아트홀맥,상세 페이지 참조,마포아트센터 아트홀맥에서 열리는 클래식 행사 [[마포문화재단] 제11회 M 클래식 축제 [소프라노 황수미 리사이틀]]. 혼자 관람하기 좋은 몰입형 콘텐츠입니다.,https://culture.seoul.go.kr/culture/culture/cultureEvent/view.do?cultcode=158562&menuNo=200008,single:0.85;couple:0.7;family:0.3;클래식;서울시문화행사,2026-08-23 19:51:20,concert:1.0;immersive:0.9;indoor:0.7,2,66,🎵 몰입감 있는 공연으로 혼자 즐기기 좋은 라이브 콘텐츠
서울시 문화행사,콘서트·공연,[강북문화재단] 2026 마티네 콘서트 [클래식 인 시네마],2026-09-16 ~ 2026-09-16,성인 (개인 관람 적합),강북문화예술회관 강북진달래홀,상세 페이지 참조,강북문화예술회관 강북진달래홀에서 열리는 클래식 행사 [[강북문화재단] 2026 마티네 콘서트 [클래식 인 시네마]]. 혼자 관람하기 좋은 몰입형 콘텐츠입니다.,https://culture.seoul.go.kr/culture/culture/cultureEvent/view.do?cultcode=159136&menuNo=200008,single:0.85;couple:0.7;family:0.3;클래식;서울시문화행사,2026-08-23 19:51:20,concert:1.0;immersive:0.9;indoor:0.7,3,70,🎵 몰입감 있는 공연으로 혼자 즐기기 좋은 라이브 콘텐츠
서울시 문화행사,콘서트·공연,[마포문화재단] 2026 M 아티스트 선율 피아노 리사이틀 Ⅱ,2026-09-16 ~ 2026-09-16,성인 (개인 관람 적합),마포아트센터 아트홀맥,상세 페이지 참조,마포아트센터 아트홀맥에서 열리는 클래식 행사 [[마포문화재단] 2026 M 아티스트 선율 피아노 리사이틀 Ⅱ]. 혼자 관람하기 좋은 몰입형 콘텐츠입니다.,https://culture.seoul.go.kr/culture/culture/cultureEvent/view.do?cultcode=157857&menuNo=200008,single:0.85;couple:0.7;family:0.3;클래식;서울시문화행사,2026-08-23 19:51:20,concert:1.0;immersive:0.9;indoor:0.7,3,78,🎵 몰입감 있는 공연으로 혼자 즐기기 좋은 라이브 콘텐츠
서울시 문화행사,콘서트·공연,[세종문화회관] 2026 누구나 클래식 with 대구시립교향악단,2026-09-15 ~ 2026-09-15,성인 (개인 관람 적합),세종문화회관 세종대극장,상세 페이지 참조,세종문화회관 세종대극장에서 열리는 클래식 행사 [[세종문화회관] 2026 누구나 클래식 with 대구시립교향악단]. 혼자 관람하기 좋은 몰입형 콘텐츠입니다.,https://culture.seoul.go.kr/culture/culture/cultureEvent/view.do?cultcode=158957&menuNo=200008,single:0.85;couple:0.7;family:0.3;클래식;서울시문화행사,2026-08-23 19:51:20,concert:1.0;immersive:0.9;indoor:0.7,2,74,🎵 몰입감 있는 공연으로 혼자 즐기기 좋은 라이브 콘텐츠
서울시 문화행사,콘서트·공연,[구로문화재단] 2026 이달의 공연 [사운드트립]_9월 홍진호 with 김준서&차환희,2026-09-15 ~ 2026-09-15,성인 (개인 관람 적합),구로아트밸리 예술극장,상세 페이지 참조,구로아트밸리 예술극장에서 열리는 콘서트 행사 [[구로문화재단] 2026 이달의 공연 [사운드트립]_9월 홍진호 with 김준서&차환희]. 혼자 관람하기 좋은 몰입형 콘텐츠입니다.,https://culture.seoul.go.kr/culture/culture/cultureEvent/view.do?cultcode=158523&menuNo=200008,single:0.85;couple:0.7;family:0.3;콘서트;서울시문화행사,2026-08-23 19:51:20,concert:1.0;immersive:0.9;indoor:0.7,4,59,🎵 몰입감 있는 공연으로 혼자 즐기기 좋은 라이브 콘텐츠
서울시 문화행사,콘서트·공연,[세종문화회관] 2026 꿈나무 토요음악회 [맛있는 클래식],2026-09-12 ~ 2026-09-12,성인 (개인 관람 적합),세종문화회관 체임버홀,상세 페이지 참조,세종문화회관 체임버홀에서 열리는 클래식 행사 [[세종문화회관] 2026 꿈나무 토요음악회 [맛있는 클래식]]. 혼자 관람하기 좋은 몰입형 콘텐츠입니다.,https://culture.seoul.go.kr/culture/culture/cultureEvent/view.do?cultcode=158940&menuNo=200008,single:0.85;couple:0.7;family:0.3;클래식;서울시문화행사,2026-08-23 19:51:20,concert:1.0;immersive:0.9;indoor:0.7,4,84,🎵 몰입감 있는 공연으로 혼자 즐기기 좋은 라이브 콘텐츠
서울시 문화행사,콘서트·공연,[구로문화재단] 예술극장 재개관 시리즈 [디토 오케스트라 정기연주회 톡톡 클래식],2026-09-12 ~ 2026-09-12,성인 (개인 관람 적합),구로아트밸리 예술극장,상세 페이지 참조,구로아트밸리 예술극장에서 열리는 클래식 행사 [[구로문화재단] 예술극장 재개관 시리즈 [디토 오케스트라 정기연주회 톡톡 클래식]]. 혼자 관람하기 좋은 몰입형 콘텐츠입니다.,https://culture.seoul.go.kr/culture/culture/cultureEvent/view.do?cultcode=158897&menuNo=200008,single:0.85;couple:0.7;family:0.3;클래식;서울시문화행사,2026-08-23 19:51:20,concert:1.0;immersive:0.9;indoor:0.7,4,62,🎵 몰입감 있는 공연으로 혼자 즐기기 좋은 라이브 콘텐츠
서울시 문화행사,전시·미술관,지금이라도 차차차를 해보면 어떨까?,2026-09-11 ~ 2026-09-19,성인 (개인 관람 적합),홍대갤러리 키르큐펠,상세 페이지 참조,홍대갤러리 키르큐펠에서 열리는 전시/미술 행사 [지금이라도 차차차를 해보면 어떨까?]. 혼자 관람하기 좋은 몰입형 콘텐츠입니다.,https://culture.seoul.go.kr/culture/culture/cultureEvent/view.do?cultcode=159112&menuNo=200009,single:0.85;couple:0.7;family:0.3;전시/미술;서울시문화행사,2026-08-23 19:51:20,exhibition:1.0;quiet:0.8;indoor:0.9,4,65,🖼️ 조용히 몰입할 수 있는 전시 콘텐츠로 나 홀로 관람 최적
서울시 문화행사,콘서트·공연,김보람 [관통시팔],2026-09-11 ~ 2026-09-13,성인 (개인 관람 적합),성수아트홀,상세 페이지 참조,성수아트홀에서 열리는 무용 행사 [김보람 [관통시팔]]. 혼자 관람하기 좋은 몰입형 콘텐츠입니다.,https://culture.seoul.go.kr/culture/culture/cultureEvent/view.do?cultcode=158698&menuNo=200008,single:0.85;couple:0.7;family:0.3;무용;서울시문화행사,2026-08-23 19:51:20,concert:1.0;immersive:0.9;indoor:0.7,4,78,🎵 몰입감 있는 공연으로 혼자 즐기기 좋은 라이브 콘텐츠
서울시 문화행사,콘서트·공연,[마포문화재단] 제11회 M 클래식 축제 [발렌티나 이고시나 피아노 리사이틀],2026-09-11 ~ 2026-09-11,성인 (개인 관람 적합),마포아트센터 아트홀맥,상세 페이지 참조,마포아트센터 아트홀맥에서 열리는 클래식 행사 [[마포문화재단] 제11회 M 클래식 축제 [발렌티나 이고시나 피아노 리사이틀]]. 혼자 관람하기 좋은 몰입형 콘텐츠입니다.,https://culture.seoul.go.kr/culture/culture/cultureEvent/view.do?cultcode=158561&menuNo=200008,single:0.85;couple:0.7;family:0.3;클래식;서울시문화행사,2026-08-23 19:51:20,concert:1.0;immersive:0.9;indoor:0.7,3,71,🎵 몰입감 있는 공연으로 혼자 즐기기 좋은 라이브 콘텐츠
서울시 문화행사,콘서트·공연,[서울시립교향악단] 2026 서울시향 최수열의 스크랴빈 교향곡 4번,2026-09-11 ~ 2026-09-11,성인 (개인 관람 적합),롯데콘서트홀,상세 페이지 참조,롯데콘서트홀에서 열리는 클래식 행사 [[서울시립교향악단] 2026 서울시향 최수열의 스크랴빈 교향곡 4번]. 혼자 관람하기 좋은 몰입형 콘텐츠입니다.,https://culture.seoul.go.kr/culture/culture/cultureEvent/view.do?cultcode=159008&menuNo=200008,single:0.85;couple:0.7;family:0.3;클래식;서울시문화행사,2026-08-23 19:51:20,concert:1.0;immersive:0.9;indoor:0.7,3,83,🎵 몰입감 있는 공연으로 혼자 즐기기 좋은 라이브 콘텐츠
서울시 문화행사,콘서트·공연,[세종문화회관] 26세종시즌 [무감서기],2026-09-10 ~ 2026-09-13,성인 (개인 관람 적합),세종대극장,상세 페이지 참조,세종대극장에서 열리는 무용 행사 [[세종문화회관] 26세종시즌 [무감서기]]. 혼자 관람하기 좋은 몰입형 콘텐츠입니다.,https://culture.seoul.go.kr/culture/culture/cultureEvent/view.do?cultcode=159069&menuNo=200008,single:0.85;couple:0.7;family:0.3;무용;서울시문화행사,2026-08-23 19:51:20,concert:1.0;immersive:0.9;indoor:0.7,4,66,🎵 몰입감 있는 공연으로 혼자 즐기기 좋은 라이브 콘텐츠
서울시 문화행사,콘서트·공연,[마포문화재단] 제11회 M 클래식 축제 [백건우 피아노 리사이틀],2026-09-10 ~ 2026-09-10,성인 (개인 관람 적합),마포아트센터 아트홀맥,상세 페이지 참조,마포아트센터 아트홀맥에서 열리는 클래식 행사 [[마포문화재단] 제11회 M 클래식 축제 [백건우 피아노 리사이틀]]. 혼자 관람하기 좋은 몰입형 콘텐츠입니다.,https://culture.seoul.go.kr/culture/culture/cultureEvent/view.do?cultcode=158560&menuNo=200008,single:0.85;couple:0.7;family:0.3;클래식;서울시문화행사,2026-08-23 19:51:20,concert:1.0;immersive:0.9;indoor:0.7,4,77,🎵 몰입감 있는 공연으로 혼자 즐기기 좋은 라이브 콘텐츠
서울시 문화행사,콘서트·공연,[서울시립교향악단] 2026 서울시향 체임버 클래식스 V: 고전 빈,2026-09-09 ~ 2026-09-09,성인 (개인 관람 적합),세종문화회관 체임버홀,상세 페이지 참조,세종문화회관 체임버홀에서 열리는 클래식 행사 [[서울시립교향악단] 2026 서울시향 체임버 클래식스 V: 고전 빈]. 혼자 관람하기 좋은 몰입형 콘텐츠입니다.,https://culture.seoul.go.kr/culture/culture/cultureEvent/view.do?cultcode=159009&menuNo=200008,single:0.85;couple:0.7;family:0.3;클래식;서울시문화행사,2026-08-23 19:51:20,concert:1.0;immersive:0.9;indoor:0.7,2,63,🎵 몰입감 있는 공연으로 혼자 즐기기 좋은 라이브 콘텐츠
서울시 문화행사,콘서트·공연,[조윤라발레단] 어제 같은 오늘 그리고 내일은 III,2026-09-08 ~ 2026-09-09,성인 (개인 관람 적합),마포아트센터 아트홀 맥,상세 페이지 참조,마포아트센터 아트홀 맥에서 열리는 무용 행사 [[조윤라발레단] 어제 같은 오늘 그리고 내일은 III]. 혼자 관람하기 좋은 몰입형 콘텐츠입니다.,https://culture.seoul.go.kr/culture/culture/cultureEvent/view.do?cultcode=159061&menuNo=200008,single:0.85;couple:0.7;family:0.3;무용;서울시문화행사,2026-08-23 19:51:20,concert:1.0;immersive:0.9;indoor:0.7,2,62,🎵 몰입감 있는 공연으로 혼자 즐기기 좋은 라이브 콘텐츠
서울시 문화행사,콘서트·공연,춤추는 여자들 [당신은 지금 바비레따에 살고 있군요 Ver.2],2026-09-07 ~ 2026-09-21,성인 (개인 관람 적합),서울남산국악당 야외마당,상세 페이지 참조,서울남산국악당 야외마당에서 열리는 무용 행사 [춤추는 여자들 [당신은 지금 바비레따에 살고 있군요 Ver.2]]. 혼자 관람하기 좋은 몰입형 콘텐츠입니다.,https://culture.seoul.go.kr/culture/culture/cultureEvent/view.do?cultcode=159113&menuNo=200008,single:0.85;couple:0.7;family:0.3;무용;서울시문화행사,2026-08-23 19:51:20,concert:1.0;immersive:0.9;indoor:0.7,2,84,🎵 몰입감 있는 공연으로 혼자 즐기기 좋은 라이브 콘텐츠
서울시 문화행사,콘서트·공연,[강동문화재단XSIDance] 시네쿠아논아트x전복된 해부학적 풍경 [욕망은 혼란을 부른다],2026-09-05 ~ 2026-09-05,성인 (개인 관람 적합),강동아트센터 대극장 한강,상세 페이지 참조,강동아트센터 대극장 한강에서 열리는 무용 행사 [[강동문화재단XSIDance] 시네쿠아논아트x전복된 해부학적 풍경 [욕망은 혼란을 부른다]]. 혼자 관람하기 좋은 몰입형 콘텐츠입니다.,https://culture.seoul.go.kr/culture/culture/cultureEvent/view.do?cultcode=159081&menuNo=200008,single:0.85;couple:0.7;family:0.3;무용;서울시문화행사,2026-08-23 19:51:20,concert:1.0;immersive:0.9;indoor:0.7,3,82,🎵 몰입감 있는 공연으로 혼자 즐기기 좋은 라이브 콘텐츠
서울시 문화행사,콘서트·공연,프로젝트 오디너리 [Opera Without Words],2026-09-05 ~ 2026-09-05,성인 (개인 관람 적합),세종체임버홀,상세 페이지 참조,세종체임버홀에서 열리는 클래식 행사 [프로젝트 오디너리 [Opera Without Words]]. 혼자 관람하기 좋은 몰입형 콘텐츠입니다.,https://culture.seoul.go.kr/culture/culture/cultureEvent/view.do?cultcode=159053&menuNo=200008,single:0.85;couple:0.7;family:0.3;클래식;서울시문화행사,2026-08-23 19:51:20,concert:1.0;immersive:0.9;indoor:0.7,2,83,🎵 몰입감 있는 공연으로 혼자 즐기기 좋은 라이브 콘텐츠
서울시 문화행사,전시·미술관,2026 서울 일러스트코리아 in aT,2026-09-04 ~ 2026-09-06,성인 (개인 관람 적합),서울 aT센터 3층,상세 페이지 참조,서울 aT센터 3층에서 열리는 전시/미술 행사 [2026 서울 일러스트코리아 in aT]. 혼자 관람하기 좋은 몰입형 콘텐츠입니다.,https://culture.seoul.go.kr/culture/culture/cultureEvent/view.do?cultcode=158602&menuNo=200009,single:0.85;couple:0.7;family:0.3;전시/미술;서울시문화행사,2026-08-23 19:51:20,exhibition:1.0;quiet:0.8;indoor:0.9,2,64,🖼️ 조용히 몰입할 수 있는 전시 콘텐츠로 나 홀로 관람 최적
서울시 문화행사,전시·미술관,2026 Be My OBJECT [나만의 소품&오브제 마켓],2026-09-04 ~ 2026-09-06,성인 (개인 관람 적합),서울 aT센터 1층,상세 페이지 참조,서울 aT센터 1층에서 열리는 전시/미술 행사 [2026 Be My OBJECT [나만의 소품&오브제 마켓]]. 혼자 관람하기 좋은 몰입형 콘텐츠입니다.,https://culture.seoul.go.kr/culture/culture/cultureEvent/view.do?cultcode=158601&menuNo=200009,single:0.85;couple:0.7;family:0.3;전시/미술;서울시문화행사,2026-08-23 19:51:20,exhibition:1.0;quiet:0.8;indoor:0.9,2,70,🖼️ 조용히 몰입할 수 있는 전시 콘텐츠로 나 홀로 관람 최적
서울시 문화행사,콘서트·공연,[서초문화재단] 서리풀 서초9 시리즈 6 피아니스트 최현아의 다이얼로그 [바흐와 베토벤의 근원과 구조],2026-09-04 ~ 2026-09-04,성인 (개인 관람 적합),반포심산아트홀,상세 페이지 참조,반포심산아트홀에서 열리는 클래식 행사 [[서초문화재단] 서리풀 서초9 시리즈 6 피아니스트 최현아의 다이얼로그 [바흐와 베토벤의 근원과 구조]]. 혼자 관람하기 좋은 몰입형 콘텐츠입니다.,https://culture.seoul.go.kr/culture/culture/cultureEvent/view.do?cultcode=158966&menuNo=200008,single:0.85;couple:0.7;family:0.3;클래식;서울시문화행사,2026-08-23 19:51:20,concert:1.0;immersive:0.9;indoor:0.7,4,74,🎵 몰입감 있는 공연으로 혼자 즐기기 좋은 라이브 콘텐츠
서울시 문화행사,콘서트·공연,[강동문화재단XSIDance] 토마스 눈 무용단 [사기꾼] / JKC 프로젝트 [ANY],2026-09-03 ~ 2026-09-03,성인 (개인 관람 적합),강동아트센터 소극장 드림,상세 페이지 참조,강동아트센터 소극장 드림에서 열리는 무용 행사 [[강동문화재단XSIDance] 토마스 눈 무용단 [사기꾼] / JKC 프로젝트 [ANY]]. 혼자 관람하기 좋은 몰입형 콘텐츠입니다.,https://culture.seoul.go.kr/culture/culture/cultureEvent/view.do?cultcode=159080&menuNo=200008,single:0.85;couple:0.7;family:0.3;무용;서울시문화행사,2026-08-23 19:51:20,concert:1.0;immersive:0.9;indoor:0.7,4,61,🎵 몰입감 있는 공연으로 혼자 즐기기 좋은 라이브 콘텐츠
서울시 문화행사,콘서트·공연,[강동문화재단XSIDance] 울티마 베스 [보이드],2026-09-02 ~ 2026-09-02,성인 (개인 관람 적합),강동아트센터 대극장 한강,상세 페이지 참조,강동아트센터 대극장 한강에서 열리는 무용 행사 [[강동문화재단XSIDance] 울티마 베스 [보이드]]. 혼자 관람하기 좋은 몰입형 콘텐츠입니다.,https://culture.seoul.go.kr/culture/culture/cultureEvent/view.do?cultcode=159079&menuNo=200008,single:0.85;couple:0.7;family:0.3;무용;서울시문화행사,2026-08-23 19:51:20,concert:1.0;immersive:0.9;indoor:0.7,2,57,🎵 몰입감 있는 공연으로 혼자 즐기기 좋은 라이브 콘텐츠
서울시 문화행사,전시·미술관,"[창덕궁 낙선재] K-헤리티지 아트전, 이음의 선(線)",2026-09-01 ~ 2026-09-06,성인 (개인 관람 적합),창덕궁 낙선재,상세 페이지 참조,"창덕궁 낙선재에서 열리는 전시/미술 행사 [[창덕궁 낙선재] K-헤리티지 아트전, 이음의 선(線)]. 혼자 관람하기 좋은 몰입형 콘텐츠입니다.",https://culture.seoul.go.kr/culture/culture/cultureEvent/view.do?cultcode=159106&menuNo=200009,single:0.85;couple:0.7;family:0.3;전시/미술;서울시문화행사,2026-08-23 19:51:20,exhibition:1.0;quiet:0.8;indoor:0.9,4,55,🖼️ 조용히 몰입할 수 있는 전시 콘텐츠로 나 홀로 관람 최적
서울시 문화행사,전시·미술관,[서울시청] 2026 서울아트위크,2026-08-31 ~ 2026-09-06,성인 (개인 관람 적합),"뉴스뮤지엄, 서울시립미술관, 서울공예박물관, 코엑스 등 시각예술공간 135개소",상세 페이지 참조,"뉴스뮤지엄, 서울시립미술관, 서울공예박물관, 코엑스 등 시각예술공간 135개소에서 열리는 전시/미술 행사 [[서울시청] 2026 서울아트위크]. 혼자 관람하기 좋은 몰입형 콘텐츠입니다.",https://culture.seoul.go.kr/culture/culture/cultureEvent/view.do?cultcode=158910&menuNo=200009,single:0.85;couple:0.7;family:0.3;전시/미술;서울시문화행사,2026-08-23 19:51:20,exhibition:1.0;quiet:0.8;indoor:0.9,2,66,🖼️ 조용히 몰입할 수 있는 전시 콘텐츠로 나 홀로 관람 최적
서울시 문화행사,전시·미술관,[서울디자인재단] 디자인마이애미 서울 2026,2026-08-31 ~ 2026-09-06,성인 (개인 관람 적합),DDP 디자인랩 1층 SHOWROOM,상세 페이지 참조,DDP 디자인랩 1층 SHOWROOM에서 열리는 전시/미술 행사 [[서울디자인재단] 디자인마이애미 서울 2026]. 혼자 관람하기 좋은 몰입형 콘텐츠입니다.,https://culture.seoul.go.kr/culture/culture/cultureEvent/view.do?cultcode=158808&menuNo=200009,single:0.85;couple:0.7;family:0.3;전시/미술;서울시문화행사,2026-08-23 19:51:20,exhibition:1.0;quiet:0.8;indoor:0.9,2,70,🖼️ 조용히 몰입할 수 있는 전시 콘텐츠로 나 홀로 관람 최적
서울시 문화행사,콘서트·공연,김도연 피아노 독주회,2026-08-30 ~ 2026-08-30,성인 (개인 관람 적합),예술의전당 인춘아트홀,상세 페이지 참조,예술의전당 인춘아트홀에서 열리는 클래식 행사 [김도연 피아노 독주회]. 혼자 관람하기 좋은 몰입형 콘텐츠입니다.,https://culture.seoul.go.kr/culture/culture/cultureEvent/view.do?cultcode=158979&menuNo=200008,single:0.85;couple:0.7;family:0.3;클래식;서울시문화행사,2026-08-23 19:51:20,concert:1.0;immersive:0.9;indoor:0.7,4,82,🎵 몰입감 있는 공연으로 혼자 즐기기 좋은 라이브 콘텐츠
서울시 문화행사,콘서트·공연,2026년 서울문화재단 예술창작활동지원 선정 프로젝트 [DUMMY : 더미],2026-08-29 ~ 2026-08-30,성인 (개인 관람 적합),LDK,상세 페이지 참조,LDK에서 열리는 무용 행사 [2026년 서울문화재단 예술창작활동지원 선정 프로젝트 [DUMMY : 더미]]. 혼자 관람하기 좋은 몰입형 콘텐츠입니다.,https://culture.seoul.go.kr/culture/culture/cultureEvent/view.do?cultcode=159033&menuNo=200008,single:0.85;couple:0.7;family:0.3;무용;서울시문화행사,2026-08-23 19:51:20,concert:1.0;immersive:0.9;indoor:0.7,3,63,🎵 몰입감 있는 공연으로 혼자 즐기기 좋은 라이브 콘텐츠
서울시 문화행사,콘서트·공연,"그 해, 뜨거웠던 여름의 기록 - 쇼팽 후기 작품들",2026-08-29 ~ 2026-08-29,성인 (개인 관람 적합),스튜디오301 성수,상세 페이지 참조,"스튜디오301 성수에서 열리는 클래식 행사 [그 해, 뜨거웠던 여름의 기록 - 쇼팽 후기 작품들]. 혼자 관람하기 좋은 몰입형 콘텐츠입니다.",https://culture.seoul.go.kr/culture/culture/cultureEvent/view.do?cultcode=158881&menuNo=200008,single:0.85;couple:0.7;family:0.3;클래식;서울시문화행사,2026-08-23 19:51:20,concert:1.0;immersive:0.9;indoor:0.7,4,82,🎵 몰입감 있는 공연으로 혼자 즐기기 좋은 라이브 콘텐츠
서울시 문화행사,콘서트·공연,서초구립한우리정보문화센터 특별공연 [지구를 살리는 환경 과학쇼],2026-08-29 ~ 2026-08-29,성인 (개인 관람 적합),서초구립 한우리정보문화센터 B1F 한우리홀,상세 페이지 참조,서초구립 한우리정보문화센터 B1F 한우리홀에서 열리는 콘서트 행사 [서초구립한우리정보문화센터 특별공연 [지구를 살리는 환경 과학쇼]]. 혼자 관람하기 좋은 몰입형 콘텐츠입니다.,https://culture.seoul.go.kr/culture/culture/cultureEvent/view.do?cultcode=159131&menuNo=200008,single:0.85;couple:0.7;family:0.3;콘서트;서울시문화행사,2026-08-23 19:51:20,concert:1.0;immersive:0.9;indoor:0.7,4,74,🎵 몰입감 있는 공연으로 혼자 즐기기 좋은 라이브 콘텐츠
서울시 문화행사,콘서트·공연,[양천문화재단] 2026 월간뮤지크 [김용준X이진성] 공연,2026-08-29 ~ 2026-08-29,성인 (개인 관람 적합),양천문화회관 대극장,상세 페이지 참조,양천문화회관 대극장에서 열리는 콘서트 행사 [[양천문화재단] 2026 월간뮤지크 [김용준X이진성] 공연]. 혼자 관람하기 좋은 몰입형 콘텐츠입니다.,https://culture.seoul.go.kr/culture/culture/cultureEvent/view.do?cultcode=158971&menuNo=200008,single:0.85;couple:0.7;family:0.3;콘서트;서울시문화행사,2026-08-23 19:51:20,concert:1.0;immersive:0.9;indoor:0.7,4,72,🎵 몰입감 있는 공연으로 혼자 즐기기 좋은 라이브 콘텐츠
서울시 문화행사,콘서트·공연,[성동문화재단] 최정원·홍지민 토크&라이브 뮤지컬 콘서트 [한여름의 수다],2026-08-29 ~ 2026-08-29,성인 (개인 관람 적합),소월아트홀,상세 페이지 참조,소월아트홀에서 열리는 콘서트 행사 [[성동문화재단] 최정원·홍지민 토크&라이브 뮤지컬 콘서트 [한여름의 수다]]. 혼자 관람하기 좋은 몰입형 콘텐츠입니다.,https://culture.seoul.go.kr/culture/culture/cultureEvent/view.do?cultcode=158956&menuNo=200008,single:0.85;couple:0.7;family:0.3;콘서트;서울시문화행사,2026-08-23 19:51:20,concert:1.0;immersive:0.9;indoor:0.7,3,69,🎵 몰입감 있는 공연으로 혼자 즐기기 좋은 라이브 콘텐츠
서울시 문화행사,전시·미술관,[서울갤러리] 런치 스테이지 [싱어송라이터 헤디],2026-08-29 ~ 2026-08-29,성인 (개인 관람 적합),서울갤러리 지하 1층 공연장,상세 페이지 참조,서울갤러리 지하 1층 공연장에서 열리는 콘서트 행사 [[서울갤러리] 런치 스테이지 [싱어송라이터 헤디]]. 혼자 관람하기 좋은 몰입형 콘텐츠입니다.,https://culture.seoul.go.kr/culture/culture/cultureEvent/view.do?cultcode=158757&menuNo=200008,single:0.85;couple:0.7;family:0.3;콘서트;서울시문화행사,2026-08-23 19:51:20,exhibition:1.0;quiet:0.8;indoor:0.9,3,78,🖼️ 조용히 몰입할 수 있는 전시 콘텐츠로 나 홀로 관람 최적
서울시 문화행사,전시·미술관,[SKETCH 2026 : 유동의 미학] 우리는 단 한 번도 멎은 적 없다.,2026-08-28 ~ 2026-09-17,성인 (개인 관람 적합),"송원아트센터 (서울특별시 종로구 화동 윤보선길 75) 1F, B2F, B3F 전시장",상세 페이지 참조,"송원아트센터 (서울특별시 종로구 화동 윤보선길 75) 1F, B2F, B3F 전시장에서 열리는 전시/미술 행사 [[SKETCH 2026 : 유동의 미학] 우리는 단 한 번도 멎은 적 없다.]. 혼자 관람하기 좋은 몰입형 콘텐츠입니다.",https://culture.seoul.go.kr/culture/culture/cultureEvent/view.do?cultcode=159064&menuNo=200009,single:0.85;couple:0.7;family:0.3;전시/미술;서울시문화행사,2026-08-23 19:51:20,exhibition:1.0;quiet:0.8;indoor:0.9,3,63,🖼️ 조용히 몰입할 수 있는 전시 콘텐츠로 나 홀로 관람 최적
서울시 문화행사,콘서트·공연,[세종문화회관] 김창완밴드 on Sync Next 26,2026-08-28 ~ 2026-08-29,성인 (개인 관람 적합),세종S씨어터,상세 페이지 참조,세종S씨어터에서 열리는 콘서트 행사 [[세종문화회관] 김창완밴드 on Sync Next 26]. 혼자 관람하기 좋은 몰입형 콘텐츠입니다.,https://culture.seoul.go.kr/culture/culture/cultureEvent/view.do?cultcode=158974&menuNo=200008,single:0.85;couple:0.7;family:0.3;콘서트;서울시문화행사,2026-08-23 19:51:20,concert:1.0;immersive:0.9;indoor:0.7,3,76,🎵 몰입감 있는 공연으로 혼자 즐기기 좋은 라이브 콘텐츠
서울시 문화행사,전시·미술관,송영후 개인전 [The Color of Memory 메모리의 색],2026-08-27 ~ 2026-09-19,성인 (개인 관람 적합),공근혜갤러리,상세 페이지 참조,공근혜갤러리에서 열리는 전시/미술 행사 [송영후 개인전 [The Color of Memory 메모리의 색]]. 혼자 관람하기 좋은 몰입형 콘텐츠입니다.,https://culture.seoul.go.kr/culture/culture/cultureEvent/view.do?cultcode=159043&menuNo=200009,single:0.85;couple:0.7;family:0.3;전시/미술;서울시문화행사,2026-08-23 19:51:20,exhibition:1.0;quiet:0.8;indoor:0.9,3,57,🖼️ 조용히 몰입할 수 있는 전시 콘텐츠로 나 홀로 관람 최적
서울시 문화행사,전시·미술관,2026 Crisp Wedge Frize 최종 선정 작가 [정재인 개인전: 나는 매일 밤 거미집을 망친다],2026-08-27 ~ 2026-09-17,성인 (개인 관람 적합),크리스프 웨지,상세 페이지 참조,크리스프 웨지에서 열리는 전시/미술 행사 [2026 Crisp Wedge Frize 최종 선정 작가 [정재인 개인전: 나는 매일 밤 거미집을 망친다]]. 혼자 관람하기 좋은 몰입형 콘텐츠입니다.,https://culture.seoul.go.kr/culture/culture/cultureEvent/view.do?cultcode=159127&menuNo=200009,single:0.85;couple:0.7;family:0.3;전시/미술;서울시문화행사,2026-08-23 19:51:20,exhibition:1.0;quiet:0.8;indoor:0.9,3,65,🖼️ 조용히 몰입할 수 있는 전시 콘텐츠로 나 홀로 관람 최적
서울시 문화행사,콘서트·공연,[서초문화재단] 모차르트 피아노 협주곡 전곡 시리즈 IX,2026-08-27 ~ 2026-08-27,성인 (개인 관람 적합),심산기념문화센터 2층 반포심산아트홀,상세 페이지 참조,심산기념문화센터 2층 반포심산아트홀에서 열리는 클래식 행사 [[서초문화재단] 모차르트 피아노 협주곡 전곡 시리즈 IX]. 혼자 관람하기 좋은 몰입형 콘텐츠입니다.,https://culture.seoul.go.kr/culture/culture/cultureEvent/view.do?cultcode=158371&menuNo=200008,single:0.85;couple:0.7;family:0.3;클래식;서울시문화행사,2026-08-23 19:51:20,concert:1.0;immersive:0.9;indoor:0.7,3,55,🎵 몰입감 있는 공연으로 혼자 즐기기 좋은 라이브 콘텐츠
서울시 문화행사,전시·미술관,"[갤러리 그라프] 기획전시 《After Hours: 밤이 되면 달라지는 감각》 - 서유라, 정인지, YEKKI",2026-08-26 ~ 2026-10-02,성인 (개인 관람 적합),갤러리 그라프 전시실,상세 페이지 참조,"갤러리 그라프 전시실에서 열리는 전시/미술 행사 [[갤러리 그라프] 기획전시 《After Hours: 밤이 되면 달라지는 감각》 - 서유라, 정인지, YEKKI]. 혼자 관람하기 좋은 몰입형 콘텐츠입니다.",https://culture.seoul.go.kr/culture/culture/cultureEvent/view.do?cultcode=159137&menuNo=200009,single:0.85;couple:0.7;family:0.3;전시/미술;서울시문화행사,2026-08-23 19:51:20,exhibition:1.0;quiet:0.8;indoor:0.9,3,77,🖼️ 조용히 몰입할 수 있는 전시 콘텐츠로 나 홀로 관람 최적
서울시 문화행사,콘서트·공연,2026 서울 국제 시각장애예술인 뮤직페스티벌(SIMB) [프레스티지 콘서트],2026-08-26 ~ 2026-08-26,성인 (개인 관람 적합),영산아트홀,상세 페이지 참조,영산아트홀에서 열리는 클래식 행사 [2026 서울 국제 시각장애예술인 뮤직페스티벌(SIMB) [프레스티지 콘서트]]. 혼자 관람하기 좋은 몰입형 콘텐츠입니다.,https://culture.seoul.go.kr/culture/culture/cultureEvent/view.do?cultcode=158947&menuNo=200008,single:0.85;couple:0.7;family:0.3;클래식;서울시문화행사,2026-08-23 19:51:20,concert:1.0;immersive:0.9;indoor:0.7,2,84,🎵 몰입감 있는 공연으로 혼자 즐기기 좋은 라이브 콘텐츠
서울시 문화행사,전시·미술관,[서울갤러리] 런치 스테이지 [하모니시스트 이한결],2026-08-26 ~ 2026-08-26,성인 (개인 관람 적합),서울갤러리 지하 1층 공연장,상세 페이지 참조,서울갤러리 지하 1층 공연장에서 열리는 콘서트 행사 [[서울갤러리] 런치 스테이지 [하모니시스트 이한결]]. 혼자 관람하기 좋은 몰입형 콘텐츠입니다.,https://culture.seoul.go.kr/culture/culture/cultureEvent/view.do?cultcode=158756&menuNo=200008,single:0.85;couple:0.7;family:0.3;콘서트;서울시문화행사,2026-08-23 19:51:20,exhibition:1.0;quiet:0.8;indoor:0.9,2,80,🖼️ 조용히 몰입할 수 있는 전시 콘텐츠로 나 홀로 관람 최적
서울시 문화행사,콘서트·공연,[동작문화재단] 상도어울마당 아트홀 '아트 박스 콘서트' 8회차 [먼 곳에서 온 가까운 우리],2026-08-26 ~ 2026-08-26,성인 (개인 관람 적합),상도어울마당 아트홀,상세 페이지 참조,상도어울마당 아트홀에서 열리는 콘서트 행사 [[동작문화재단] 상도어울마당 아트홀 '아트 박스 콘서트' 8회차 [먼 곳에서 온 가까운 우리]]. 혼자 관람하기 좋은 몰입형 콘텐츠입니다.,https://culture.seoul.go.kr/culture/culture/cultureEvent/view.do?cultcode=158833&menuNo=200008,single:0.85;couple:0.7;family:0.3;콘서트;서울시문화행사,2026-08-23 19:51:20,concert:1.0;immersive:0.9;indoor:0.7,2,68,🎵 몰입감 있는 공연으로 혼자 즐기기 좋은 라이브 콘텐츠
서울시 문화행사,콘서트·공연,[광진문화재단] 나루 트리오와 함께하는 '문화가 있는 날' [살롱음악회] (8월),2026-08-26 ~ 2026-08-26,성인 (개인 관람 적합),나루아트센터 스페이스76,상세 페이지 참조,나루아트센터 스페이스76에서 열리는 클래식 행사 [[광진문화재단] 나루 트리오와 함께하는 '문화가 있는 날' [살롱음악회] (8월)]. 혼자 관람하기 좋은 몰입형 콘텐츠입니다.,https://culture.seoul.go.kr/culture/culture/cultureEvent/view.do?cultcode=159110&menuNo=200008,single:0.85;couple:0.7;family:0.3;클래식;서울시문화행사,2026-08-23 19:51:20,concert:1.0;immersive:0.9;indoor:0.7,2,83,🎵 몰입감 있는 공연으로 혼자 즐기기 좋은 라이브 콘텐츠
서울시 문화행사,전시·미술관,"[서울시립미술관] 아마도, 모두 우리 [Perhaps, All of Us] 캐나다 전시",2026-08-25 ~ 2026-10-14,성인 (개인 관람 적합),주캐나다한국문화원 1층 전시실,상세 페이지 참조,"주캐나다한국문화원 1층 전시실에서 열리는 전시/미술 행사 [[서울시립미술관] 아마도, 모두 우리 [Perhaps, All of Us] 캐나다 전시]. 혼자 관람하기 좋은 몰입형 콘텐츠입니다.",https://culture.seoul.go.kr/culture/culture/cultureEvent/view.do?cultcode=159015&menuNo=200009,single:0.85;couple:0.7;family:0.3;전시/미술;서울시문화행사,2026-08-23 19:51:20,exhibition:1.0;quiet:0.8;indoor:0.9,2,68,🖼️ 조용히 몰입할 수 있는 전시 콘텐츠로 나 홀로 관람 최적
서울시 문화행사,전시·미술관,[송파 청년아티스트센터] 3기 릴레이 개인전 [성좌적 영창술] - 이유빈,2026-08-25 ~ 2026-09-05,성인 (개인 관람 적합),송파 청년아티스트센터 지하1층 아트 스페이스,상세 페이지 참조,송파 청년아티스트센터 지하1층 아트 스페이스에서 열리는 전시/미술 행사 [[송파 청년아티스트센터] 3기 릴레이 개인전 [성좌적 영창술] - 이유빈]. 혼자 관람하기 좋은 몰입형 콘텐츠입니다.,https://culture.seoul.go.kr/culture/culture/cultureEvent/view.do?cultcode=159067&menuNo=200009,single:0.85;couple:0.7;family:0.3;전시/미술;서울시문화행사,2026-08-23 19:51:20,exhibition:1.0;quiet:0.8;indoor:0.9,3,57,🖼️ 조용히 몰입할 수 있는 전시 콘텐츠로 나 홀로 관람 최적
서울시 문화행사,전시·미술관,[운현궁] 2026 하우스뮤지엄 [악기 끝에 머문 매듭_이예인 개인전],2026-08-25 ~ 2026-08-30,성인 (개인 관람 적합),운현궁 노락당,상세 페이지 참조,운현궁 노락당에서 열리는 전시/미술 행사 [[운현궁] 2026 하우스뮤지엄 [악기 끝에 머문 매듭_이예인 개인전]]. 혼자 관람하기 좋은 몰입형 콘텐츠입니다.,https://culture.seoul.go.kr/culture/culture/cultureEvent/view.do?cultcode=159139&menuNo=200009,single:0.85;couple:0.7;family:0.3;전시/미술;서울시문화행사,2026-08-23 19:51:20,exhibition:1.0;quiet:0.8;indoor:0.9,4,57,🖼️ 조용히 몰입할 수 있는 전시 콘텐츠로 나 홀로 관람 최적
서울시 문화행사,전시·미술관,2026 ASEAN Panorama 전시 테마프로그램 [한낮의 북토크],2026-08-25 ~ 2026-08-25,성인 (개인 관람 적합),한국프레스센터 1F 아세안홀,상세 페이지 참조,한국프레스센터 1F 아세안홀에서 열리는 콘서트 행사 [2026 ASEAN Panorama 전시 테마프로그램 [한낮의 북토크]]. 혼자 관람하기 좋은 몰입형 콘텐츠입니다.,https://culture.seoul.go.kr/culture/culture/cultureEvent/view.do?cultcode=159135&menuNo=200008,single:0.85;couple:0.7;family:0.3;콘서트;서울시문화행사,2026-08-23 19:51:20,exhibition:1.0;quiet:0.8;indoor:0.9,4,68,🖼️ 조용히 몰입할 수 있는 전시 콘텐츠로 나 홀로 관람 최적
서울시 문화행사,전시·미술관,[용산문화재단] 협력전시 [PARALLAX(시차): Where We Meet],2026-08-24 ~ 2026-09-12,성인 (개인 관람 적합),용산문화재단 1층 팝업홀,상세 페이지 참조,용산문화재단 1층 팝업홀에서 열리는 전시/미술 행사 [[용산문화재단] 협력전시 [PARALLAX(시차): Where We Meet]]. 혼자 관람하기 좋은 몰입형 콘텐츠입니다.,https://culture.seoul.go.kr/culture/culture/cultureEvent/view.do?cultcode=159062&menuNo=200009,single:0.85;couple:0.7;family:0.3;전시/미술;서울시문화행사,2026-08-23 19:51:20,exhibition:1.0;quiet:0.8;indoor:0.9,3,60,🖼️ 조용히 몰입할 수 있는 전시 콘텐츠로 나 홀로 관람 최적
서울시 문화행사,콘서트·공연,[라율 영재&영아티스트] 안선율 플루트 독주회,2026-08-23 ~ 2026-08-23,성인 (개인 관람 적합),라율아트홀,상세 페이지 참조,라율아트홀에서 열리는 클래식 행사 [[라율 영재&영아티스트] 안선율 플루트 독주회]. 혼자 관람하기 좋은 몰입형 콘텐츠입니다.,https://culture.seoul.go.kr/culture/culture/cultureEvent/view.do?cultcode=158805&menuNo=200008,single:0.85;couple:0.7;family:0.3;클래식;서울시문화행사,2026-08-23 19:51:20,concert:1.0;immersive:0.9;indoor:0.7,4,65,🎵 몰입감 있는 공연으로 혼자 즐기기 좋은 라이브 콘텐츠
서울시 문화행사,콘서트·공연,도무스 피아노 트리오의 제 3회 정기연주회 잃어버린 목소리 되찾은 목소리,2026-08-22 ~ 2026-08-22,성인 (개인 관람 적합),세종체임버홀,상세 페이지 참조,세종체임버홀에서 열리는 클래식 행사 [도무스 피아노 트리오의 제 3회 정기연주회 잃어버린 목소리 되찾은 목소리]. 혼자 관람하기 좋은 몰입형 콘텐츠입니다.,https://culture.seoul.go.kr/culture/culture/cultureEvent/view.do?cultcode=159075&menuNo=200008,single:0.85;couple:0.7;family:0.3;클래식;서울시문화행사,2026-08-23 19:51:20,concert:1.0;immersive:0.9;indoor:0.7,2,78,🎵 몰입감 있는 공연으로 혼자 즐기기 좋은 라이브 콘텐츠
서울시 문화행사,콘서트·공연,대학 클래식 기타 페스타 l UCGF 2026,2026-08-22 ~ 2026-08-22,성인 (개인 관람 적합),서울교육대학교 종합문화관 (대학본부),상세 페이지 참조,서울교육대학교 종합문화관 (대학본부)에서 열리는 클래식 행사 [대학 클래식 기타 페스타 l UCGF 2026]. 혼자 관람하기 좋은 몰입형 콘텐츠입니다.,https://culture.seoul.go.kr/culture/culture/cultureEvent/view.do?cultcode=158950&menuNo=200008,single:0.85;couple:0.7;family:0.3;클래식;서울시문화행사,2026-08-23 19:51:20,concert:1.0;immersive:0.9;indoor:0.7,4,60,🎵 몰입감 있는 공연으로 혼자 즐기기 좋은 라이브 콘텐츠
서울시 문화행사,콘서트·공연,이은결 30주년 [ONE OF ONE],2026-08-22 ~ 2026-08-22,성인 (개인 관람 적합),세종대극장,상세 페이지 참조,세종대극장에서 열리는 콘서트 행사 [이은결 30주년 [ONE OF ONE]]. 혼자 관람하기 좋은 몰입형 콘텐츠입니다.,https://culture.seoul.go.kr/culture/culture/cultureEvent/view.do?cultcode=158773&menuNo=200008,single:0.85;couple:0.7;family:0.3;콘서트;서울시문화행사,2026-08-23 19:51:20,concert:1.0;immersive:0.9;indoor:0.7,4,81,🎵 몰입감 있는 공연으로 혼자 즐기기 좋은 라이브 콘텐츠
서울시 문화행사,콘서트·공연,[영등포문화재단] 영등포아트홀 상주단체 '서울발레시어터' [해설이 있는 고전발레],2026-08-22 ~ 2026-08-22,성인 (개인 관람 적합),영등포아트홀,상세 페이지 참조,영등포아트홀에서 열리는 무용 행사 [[영등포문화재단] 영등포아트홀 상주단체 '서울발레시어터' [해설이 있는 고전발레]]. 혼자 관람하기 좋은 몰입형 콘텐츠입니다.,https://culture.seoul.go.kr/culture/culture/cultureEvent/view.do?cultcode=157907&menuNo=200008,single:0.85;couple:0.7;family:0.3;무용;서울시문화행사,2026-08-23 19:51:20,concert:1.0;immersive:0.9;indoor:0.7,3,64,🎵 몰입감 있는 공연으로 혼자 즐기기 좋은 라이브 콘텐츠
서울시 문화행사,콘서트·공연,"[동작문화재단] 본동어울마당 아트홀 '본동 세레나데' 8회차 [아크기타듀오의 영화처럼, 클래식처럼]",2026-08-22 ~ 2026-08-22,성인 (개인 관람 적합),본동어울마당 아트홀,상세 페이지 참조,"본동어울마당 아트홀에서 열리는 클래식 행사 [[동작문화재단] 본동어울마당 아트홀 '본동 세레나데' 8회차 [아크기타듀오의 영화처럼, 클래식처럼]]. 혼자 관람하기 좋은 몰입형 콘텐츠입니다.",https://culture.seoul.go.kr/culture/culture/cultureEvent/view.do?cultcode=158791&menuNo=200008,single:0.85;couple:0.7;family:0.3;클래식;서울시문화행사,2026-08-23 19:51:20,concert:1.0;immersive:0.9;indoor:0.7,4,63,🎵 몰입감 있는 공연으로 혼자 즐기기 좋은 라이브 콘텐츠
서울시 문화행사,콘서트·공연,[세종문화회관] 김혜경 on Sync Next 26,2026-08-21 ~ 2026-08-24,성인 (개인 관람 적합),세종S씨어터,상세 페이지 참조,세종S씨어터에서 열리는 무용 행사 [[세종문화회관] 김혜경 on Sync Next 26]. 혼자 관람하기 좋은 몰입형 콘텐츠입니다.,https://culture.seoul.go.kr/culture/culture/cultureEvent/view.do?cultcode=158774&menuNo=200008,single:0.85;couple:0.7;family:0.3;무용;서울시문화행사,2026-08-23 19:51:20,concert:1.0;immersive:0.9;indoor:0.7,2,85,🎵 몰입감 있는 공연으로 혼자 즐기기 좋은 라이브 콘텐츠
서울시 문화행사,콘서트·공연,[서초문화재단] 서리풀 서초9 시리즈 4 바리톤 김우진 리사이틀 [바흐 베이스 독창 칸타타 전곡연주],2026-08-21 ~ 2026-08-21,성인 (개인 관람 적합),반포심산아트홀,상세 페이지 참조,반포심산아트홀에서 열리는 클래식 행사 [[서초문화재단] 서리풀 서초9 시리즈 4 바리톤 김우진 리사이틀 [바흐 베이스 독창 칸타타 전곡연주]]. 혼자 관람하기 좋은 몰입형 콘텐츠입니다.,https://culture.seoul.go.kr/culture/culture/cultureEvent/view.do?cultcode=158963&menuNo=200008,single:0.85;couple:0.7;family:0.3;클래식;서울시문화행사,2026-08-23 19:51:20,concert:1.0;immersive:0.9;indoor:0.7,4,81,🎵 몰입감 있는 공연으로 혼자 즐기기 좋은 라이브 콘텐츠
서울시 문화행사,콘서트·공연,2026 케이피아에듀 연주프로젝트 [여름의공명],2026-08-21 ~ 2026-08-21,성인 (개인 관람 적합),JCC아트센터 콘서트홀,상세 페이지 참조,JCC아트센터 콘서트홀에서 열리는 클래식 행사 [2026 케이피아에듀 연주프로젝트 [여름의공명]]. 혼자 관람하기 좋은 몰입형 콘텐츠입니다.,https://culture.seoul.go.kr/culture/culture/cultureEvent/view.do?cultcode=158596&menuNo=200008,single:0.85;couple:0.7;family:0.3;클래식;서울시문화행사,2026-08-23 19:51:20,concert:1.0;immersive:0.9;indoor:0.7,4,82,🎵 몰입감 있는 공연으로 혼자 즐기기 좋은 라이브 콘텐츠
인터파크 티켓,콘서트·공연,2026 TVT CONCERT : 우리네 인생은 끝없는 서부영화.,2026-09-18 ~ 2026-09-20,성인 (개인 관람 적합),장충체육관,10,인터파크 티켓 실시간 인기 콘텐츠 [2026 TVT CONCERT : 우리네 인생은 끝없는 서부영화.]. 혼자 즐기기 좋은 몰입감 있는 콘텐츠입니다.,https://tickets.interpark.com//ticket.interpark.com/Tiki/Main/TiKiGoodsinfo.asp?GoodsCode=26012100,family:0.5;couple:0.95;single:0.9;콘서트/페스티벌;인터파크실시간,2026-08-23 04:38:54,concert:1.0;immersive:0.9;indoor:0.7,5,90,🎵 몰입감 있는 공연으로 혼자 즐기기 좋은 라이브 콘텐츠
인터파크 티켓,전시·미술관,마룬5 내한공연,2027-01-27 ~ 2027-01-27,성인 (개인 관람 적합),"킨텍스 제1전시장 4,5홀",10,인터파크 티켓 실시간 인기 콘텐츠 [마룬5 내한공연]. 혼자 즐기기 좋은 몰입감 있는 콘텐츠입니다.,https://tickets.interpark.com//ticket.interpark.com/Tiki/Main/TiKiGoodsinfo.asp?GoodsCode=26011315,family:0.5;couple:0.95;single:0.9;콘서트/페스티벌;인터파크실시간,2026-08-23 04:38:54,exhibition:1.0;quiet:0.8;indoor:0.9,4,90,🖼️ 조용히 몰입할 수 있는 전시 콘텐츠로 나 홀로 관람 최적
인터파크 티켓,콘서트·공연,2026 임영웅 콘서트 ［IM HERO - THE STADIUM 2］,2026-09-04 ~ 2026-09-06,성인 (개인 관람 적합),고양종합운동장 주경기장,10,인터파크 티켓 실시간 인기 콘텐츠 [2026 임영웅 콘서트 ［IM HERO - THE STADIUM 2］]. 혼자 즐기기 좋은 몰입감 있는 콘텐츠입니다.,https://tickets.interpark.com//ticket.interpark.com/Tiki/Main/TiKiGoodsinfo.asp?GoodsCode=26009868,family:0.5;couple:0.95;single:0.9;콘서트/페스티벌;인터파크실시간,2026-08-23 04:38:54,concert:1.0;immersive:0.9;indoor:0.7,3,90,🎵 몰입감 있는 공연으로 혼자 즐기기 좋은 라이브 콘텐츠
인터파크 티켓,콘서트·공연,포르쉐 바이브 서울,2026-10-03 ~ 2026-10-04,성인 (개인 관람 적합),문화비축기지,7,인터파크 티켓 실시간 인기 콘텐츠 [포르쉐 바이브 서울]. 혼자 즐기기 좋은 몰입감 있는 콘텐츠입니다.,https://tickets.interpark.com//ticket.interpark.com/Tiki/Main/TiKiGoodsinfo.asp?GoodsCode=26010008,family:0.5;couple:0.95;single:0.9;콘서트/페스티벌;인터파크실시간,2026-08-23 04:38:54,concert:1.0;immersive:0.9;indoor:0.7,3,90,🎵 몰입감 있는 공연으로 혼자 즐기기 좋은 라이브 콘텐츠
인터파크 티켓,콘서트·공연,"2026 성시경 with friends ［자,오늘은］",2026-09-05 ~ 2026-09-06,성인 (개인 관람 적합),올림픽 공원 88잔디마당,9,"인터파크 티켓 실시간 인기 콘텐츠 [2026 성시경 with friends ［자,오늘은］]. 혼자 즐기기 좋은 몰입감 있는 콘텐츠입니다.",https://tickets.interpark.com//ticket.interpark.com/Tiki/Main/TiKiGoodsinfo.asp?GoodsCode=26010248,family:0.5;couple:0.95;single:0.9;콘서트/페스티벌;인터파크실시간,2026-08-23 04:38:54,concert:1.0;immersive:0.9;indoor:0.7,4,90,🎵 몰입감 있는 공연으로 혼자 즐기기 좋은 라이브 콘텐츠
인터파크 티켓,콘서트·공연,옥토버페스트 서울 2026 일반석,2026-09-12 ~ 2026-09-21,성인 (개인 관람 적합),문화비축기지,6,인터파크 티켓 실시간 인기 콘텐츠 [옥토버페스트 서울 2026 일반석]. 혼자 즐기기 좋은 몰입감 있는 콘텐츠입니다.,https://tickets.interpark.com//ticket.interpark.com/Tiki/Main/TiKiGoodsinfo.asp?GoodsCode=26010333,family:0.5;couple:0.95;single:0.9;콘서트/페스티벌;인터파크실시간,2026-08-23 04:38:54,concert:1.0;immersive:0.9;indoor:0.7,5,90,🎵 몰입감 있는 공연으로 혼자 즐기기 좋은 라이브 콘텐츠
인터파크 티켓,콘서트·공연,테라와 함께하는 2026 이슬라이브 페스티벌,2026-09-12 ~ 2026-09-12,성인 (개인 관람 적합),송도달빛축제공원,7,인터파크 티켓 실시간 인기 콘텐츠 [테라와 함께하는 2026 이슬라이브 페스티벌]. 혼자 즐기기 좋은 몰입감 있는 콘텐츠입니다.,https://tickets.interpark.com//ticket.interpark.com/Tiki/Main/TiKiGoodsinfo.asp?GoodsCode=26010722,family:0.5;couple:0.95;single:0.9;콘서트/페스티벌;인터파크실시간,2026-08-23 04:38:54,concert:1.0;immersive:0.9;indoor:0.7,4,90,🎵 몰입감 있는 공연으로 혼자 즐기기 좋은 라이브 콘텐츠
인터파크 티켓,콘서트·공연,포스트 말론 내한공연,2026-10-02 ~ 2026-10-02,성인 (개인 관람 적합),고양종합운동장 주경기장,9,인터파크 티켓 실시간 인기 콘텐츠 [포스트 말론 내한공연]. 혼자 즐기기 좋은 몰입감 있는 콘텐츠입니다.,https://tickets.interpark.com//ticket.interpark.com/Tiki/Main/TiKiGoodsinfo.asp?GoodsCode=26004944,family:0.5;couple:0.95;single:0.9;콘서트/페스티벌;인터파크실시간,2026-08-23 04:38:54,concert:1.0;immersive:0.9;indoor:0.7,3,90,🎵 몰입감 있는 공연으로 혼자 즐기기 좋은 라이브 콘텐츠
인터파크 티켓,콘서트·공연,찰리 푸스 내한공연,2026-10-11 ~ 2026-10-11,성인 (개인 관람 적합),고양종합운동장 주경기장,9,인터파크 티켓 실시간 인기 콘텐츠 [찰리 푸스 내한공연]. 혼자 즐기기 좋은 몰입감 있는 콘텐츠입니다.,https://tickets.interpark.com//ticket.interpark.com/Tiki/Main/TiKiGoodsinfo.asp?GoodsCode=26005759,family:0.5;couple:0.95;single:0.9;콘서트/페스티벌;인터파크실시간,2026-08-23 04:38:54,concert:1.0;immersive:0.9;indoor:0.7,5,90,🎵 몰입감 있는 공연으로 혼자 즐기기 좋은 라이브 콘텐츠
인터파크 티켓,콘서트·공연,2026 세종보헤미안뮤직페스티벌,2026-10-30 ~ 2026-11-01,성인 (개인 관람 적합),세종중앙공원 도시축제마당(예정),6,인터파크 티켓 실시간 인기 콘텐츠 [2026 세종보헤미안뮤직페스티벌]. 혼자 즐기기 좋은 몰입감 있는 콘텐츠입니다.,https://tickets.interpark.com//ticket.interpark.com/Tiki/Main/TiKiGoodsinfo.asp?GoodsCode=26011660,family:0.5;couple:0.95;single:0.9;콘서트/페스티벌;인터파크실시간,2026-08-23 04:38:54,concert:1.0;immersive:0.9;indoor:0.7,3,90,🎵 몰입감 있는 공연으로 혼자 즐기기 좋은 라이브 콘텐츠
인터파크 티켓,콘서트·공연,Silica Gel Asia Tour 〈Syn.THE.Size: Ballad of You〉 in Seoul,2026-09-26 ~ 2026-09-27,성인 (개인 관람 적합),KSPO DOME,8,인터파크 티켓 실시간 인기 콘텐츠 [Silica Gel Asia Tour 〈Syn.THE.Size: Ballad of You〉 in Seoul]. 혼자 즐기기 좋은 몰입감 있는 콘텐츠입니다.,https://tickets.interpark.com//ticket.interpark.com/Tiki/Main/TiKiGoodsinfo.asp?GoodsCode=26007703,family:0.5;couple:0.95;single:0.9;콘서트/페스티벌;인터파크실시간,2026-08-23 04:38:54,concert:1.0;immersive:0.9;indoor:0.7,4,90,🎵 몰입감 있는 공연으로 혼자 즐기기 좋은 라이브 콘텐츠
인터파크 티켓,콘서트·공연,MADLY MEDLEY 2026,2026-09-05 ~ 2026-09-06,성인 (개인 관람 적합),문화비축기지,8,인터파크 티켓 실시간 인기 콘텐츠 [MADLY MEDLEY 2026]. 혼자 즐기기 좋은 몰입감 있는 콘텐츠입니다.,https://tickets.interpark.com//ticket.interpark.com/Tiki/Main/TiKiGoodsinfo.asp?GoodsCode=26009656,family:0.5;couple:0.95;single:0.9;콘서트/페스티벌;인터파크실시간,2026-08-23 04:38:54,concert:1.0;immersive:0.9;indoor:0.7,4,90,🎵 몰입감 있는 공연으로 혼자 즐기기 좋은 라이브 콘텐츠
인터파크 티켓,콘서트·공연,2026 Asia Top Artist Festival,2026-09-19 ~ 2026-09-20,성인 (개인 관람 적합),한강난지공원,8,인터파크 티켓 실시간 인기 콘텐츠 [2026 Asia Top Artist Festival]. 혼자 즐기기 좋은 몰입감 있는 콘텐츠입니다.,https://tickets.interpark.com//ticket.interpark.com/Tiki/Main/TiKiGoodsinfo.asp?GoodsCode=26009383,family:0.5;couple:0.95;single:0.9;콘서트/페스티벌;인터파크실시간,2026-08-23 04:38:54,concert:1.0;immersive:0.9;indoor:0.7,5,90,🎵 몰입감 있는 공연으로 혼자 즐기기 좋은 라이브 콘텐츠
인터파크 티켓,콘서트·공연,현대카드 슈퍼콘서트 28 위켄드(The Weeknd),2026-10-07 ~ 2026-10-08,성인 (개인 관람 적합),고양종합운동장 주경기장,9,인터파크 티켓 실시간 인기 콘텐츠 [현대카드 슈퍼콘서트 28 위켄드(The Weeknd)]. 혼자 즐기기 좋은 몰입감 있는 콘텐츠입니다.,https://tickets.interpark.com//ticket.interpark.com/Tiki/Main/TiKiGoodsinfo.asp?GoodsCode=26006903,family:0.5;couple:0.95;single:0.9;콘서트/페스티벌;인터파크실시간,2026-08-23 04:38:54,concert:1.0;immersive:0.9;indoor:0.7,3,90,🎵 몰입감 있는 공연으로 혼자 즐기기 좋은 라이브 콘텐츠
인터파크 티켓,콘서트·공연,2026 윤종신 전국투어 콘서트 〈가을냄새〉 서울,2026-10-02 ~ 2026-10-04,성인 (개인 관람 적합),NOL 씨어터 대학로 우리카드홀,8,인터파크 티켓 실시간 인기 콘텐츠 [2026 윤종신 전국투어 콘서트 〈가을냄새〉 서울]. 혼자 즐기기 좋은 몰입감 있는 콘텐츠입니다.,https://tickets.interpark.com//ticket.interpark.com/Tiki/Main/TiKiGoodsinfo.asp?GoodsCode=26012206,family:0.5;couple:0.95;single:0.9;콘서트/페스티벌;인터파크실시간,2026-08-23 04:38:54,concert:1.0;immersive:0.9;indoor:0.7,3,90,🎵 몰입감 있는 공연으로 혼자 즐기기 좋은 라이브 콘텐츠
인터파크 티켓,콘서트·공연,2026 ＆TEAM CONCERT TOUR ‘BLAZE THE WAY’ ENCORE in KSPO DOME,2026-10-03 ~ 2026-10-04,성인 (개인 관람 적합),KSPO DOME,8,인터파크 티켓 실시간 인기 콘텐츠 [2026 ＆TEAM CONCERT TOUR ‘BLAZE THE WAY’ ENCORE in KSPO DOME]. 혼자 즐기기 좋은 몰입감 있는 콘텐츠입니다.,https://tickets.interpark.com//ticket.interpark.com/Tiki/Main/TiKiGoodsinfo.asp?GoodsCode=26011092,family:0.5;couple:0.95;single:0.9;콘서트/페스티벌;인터파크실시간,2026-08-23 04:38:54,concert:1.0;immersive:0.9;indoor:0.7,5,90,🎵 몰입감 있는 공연으로 혼자 즐기기 좋은 라이브 콘텐츠
인터파크 티켓,콘서트·공연,2026 소통왕 말자쇼 - 청주,2026-10-03 ~ 2026-10-03,성인 (개인 관람 적합),청주예술의전당 대공연장,6,인터파크 티켓 실시간 인기 콘텐츠 [2026 소통왕 말자쇼 - 청주]. 혼자 즐기기 좋은 몰입감 있는 콘텐츠입니다.,https://tickets.interpark.com//ticket.interpark.com/Tiki/Main/TiKiGoodsinfo.asp?GoodsCode=26009618,family:0.5;couple:0.95;single:0.9;콘서트/페스티벌;인터파크실시간,2026-08-23 04:38:54,concert:1.0;immersive:0.9;indoor:0.7,5,90,🎵 몰입감 있는 공연으로 혼자 즐기기 좋은 라이브 콘텐츠
인터파크 티켓,전시·미술관,〈2026 G2A〉 in KINTEX,2026-10-09 ~ 2026-10-09,성인 (개인 관람 적합),"킨텍스 제 1전시장 2,3홀",6,인터파크 티켓 실시간 인기 콘텐츠 [〈2026 G2A〉 in KINTEX]. 혼자 즐기기 좋은 몰입감 있는 콘텐츠입니다.,https://tickets.interpark.com//ticket.interpark.com/Tiki/Main/TiKiGoodsinfo.asp?GoodsCode=26007354,family:0.5;couple:0.95;single:0.9;콘서트/페스티벌;인터파크실시간,2026-08-23 04:38:54,exhibition:1.0;quiet:0.8;indoor:0.9,5,90,🖼️ 조용히 몰입할 수 있는 전시 콘텐츠로 나 홀로 관람 최적
인터파크 티켓,콘서트·공연,2026 크러쉬 팬미팅 〈ZZINBOMBTING : CRUSH FARM〉,2026-09-12 ~ 2026-09-12,성인 (개인 관람 적합),명화라이브홀,6,인터파크 티켓 실시간 인기 콘텐츠 [2026 크러쉬 팬미팅 〈ZZINBOMBTING : CRUSH FARM〉]. 혼자 즐기기 좋은 몰입감 있는 콘텐츠입니다.,https://tickets.interpark.com//ticket.interpark.com/Tiki/Main/TiKiGoodsinfo.asp?GoodsCode=26011974,family:0.5;couple:0.95;single:0.9;콘서트/페스티벌;인터파크실시간,2026-08-23 04:38:54,concert:1.0;immersive:0.9;indoor:0.7,3,90,🎵 몰입감 있는 공연으로 혼자 즐기기 좋은 라이브 콘텐츠
인터파크 티켓,콘서트·공연,그랜드 민트 페스티벌 2026,2026-10-17 ~ 2026-10-18,성인 (개인 관람 적합),올림픽공원,7,인터파크 티켓 실시간 인기 콘텐츠 [그랜드 민트 페스티벌 2026]. 혼자 즐기기 좋은 몰입감 있는 콘텐츠입니다.,https://tickets.interpark.com//ticket.interpark.com/Tiki/Main/TiKiGoodsinfo.asp?GoodsCode=26010721,family:0.5;couple:0.95;single:0.9;콘서트/페스티벌;인터파크실시간,2026-08-23 04:38:54,concert:1.0;immersive:0.9;indoor:0.7,4,90,🎵 몰입감 있는 공연으로 혼자 즐기기 좋은 라이브 콘텐츠
인터파크 티켓,콘서트·공연,2026 INFINITE FANMEETING ［무한대집회Ⅴ］,2026-08-29 ~ 2026-08-30,성인 (개인 관람 적합),인스파이어 아레나,6,인터파크 티켓 실시간 인기 콘텐츠 [2026 INFINITE FANMEETING ［무한대집회Ⅴ］]. 혼자 즐기기 좋은 몰입감 있는 콘텐츠입니다.,https://tickets.interpark.com//ticket.interpark.com/Tiki/Main/TiKiGoodsinfo.asp?GoodsCode=26010239,family:0.5;couple:0.95;single:0.9;콘서트/페스티벌;인터파크실시간,2026-08-23 04:38:54,concert:1.0;immersive:0.9;indoor:0.7,5,90,🎵 몰입감 있는 공연으로 혼자 즐기기 좋은 라이브 콘텐츠
인터파크 티켓,콘서트·공연,이하이 솔로 콘서트 LEEHI SOLO CONCERT,2026-10-03 ~ 2026-10-03,성인 (개인 관람 적합),NOL 씨어터 합정 동양생명홀,7,인터파크 티켓 실시간 인기 콘텐츠 [이하이 솔로 콘서트 LEEHI SOLO CONCERT]. 혼자 즐기기 좋은 몰입감 있는 콘텐츠입니다.,https://tickets.interpark.com//ticket.interpark.com/Tiki/Main/TiKiGoodsinfo.asp?GoodsCode=26012121,family:0.5;couple:0.95;single:0.9;콘서트/페스티벌;인터파크실시간,2026-08-23 04:38:54,concert:1.0;immersive:0.9;indoor:0.7,3,90,🎵 몰입감 있는 공연으로 혼자 즐기기 좋은 라이브 콘텐츠
인터파크 티켓,콘서트·공연,2026 렛츠락 페스티벌,2026-10-03 ~ 2026-10-04,성인 (개인 관람 적합),난지 한강공원 일대,6,인터파크 티켓 실시간 인기 콘텐츠 [2026 렛츠락 페스티벌]. 혼자 즐기기 좋은 몰입감 있는 콘텐츠입니다.,https://tickets.interpark.com//ticket.interpark.com/Tiki/Main/TiKiGoodsinfo.asp?GoodsCode=26010980,family:0.5;couple:0.95;single:0.9;콘서트/페스티벌;인터파크실시간,2026-08-23 04:38:54,concert:1.0;immersive:0.9;indoor:0.7,5,90,🎵 몰입감 있는 공연으로 혼자 즐기기 좋은 라이브 콘텐츠
인터파크 티켓,콘서트·공연,2026 이승철 40주년 콘서트 ［THE VOICE: LEE SEUNG CHUL］ - 인천,2026-12-12 ~ 2026-12-12,성인 (개인 관람 적합),인스파이어 아레나,7,인터파크 티켓 실시간 인기 콘텐츠 [2026 이승철 40주년 콘서트 ［THE VOICE: LEE SEUNG CHUL］ - 인천]. 혼자 즐기기 좋은 몰입감 있는 콘텐츠입니다.,https://tickets.interpark.com//ticket.interpark.com/Tiki/Main/TiKiGoodsinfo.asp?GoodsCode=26011556,family:0.5;couple:0.95;single:0.9;콘서트/페스티벌;인터파크실시간,2026-08-23 04:38:54,concert:1.0;immersive:0.9;indoor:0.7,3,90,🎵 몰입감 있는 공연으로 혼자 즐기기 좋은 라이브 콘텐츠
인터파크 티켓,콘서트·공연,YUURI LIVE 2026 IN SEOUL,2026-12-05 ~ 2026-12-06,성인 (개인 관람 적합),인스파이어 아레나,7,인터파크 티켓 실시간 인기 콘텐츠 [YUURI LIVE 2026 IN SEOUL]. 혼자 즐기기 좋은 몰입감 있는 콘텐츠입니다.,https://tickets.interpark.com//ticket.interpark.com/Tiki/Main/TiKiGoodsinfo.asp?GoodsCode=26010352,family:0.5;couple:0.95;single:0.9;콘서트/페스티벌;인터파크실시간,2026-08-23 04:38:54,concert:1.0;immersive:0.9;indoor:0.7,5,90,🎵 몰입감 있는 공연으로 혼자 즐기기 좋은 라이브 콘텐츠
인터파크 티켓,콘서트·공연,2026 존박 콘서트［BREAK!］,2026-09-11 ~ 2026-09-13,성인 (개인 관람 적합),블루스퀘어 우리WON뱅킹홀,7,인터파크 티켓 실시간 인기 콘텐츠 [2026 존박 콘서트［BREAK!］]. 혼자 즐기기 좋은 몰입감 있는 콘텐츠입니다.,https://tickets.interpark.com//ticket.interpark.com/Tiki/Main/TiKiGoodsinfo.asp?GoodsCode=26011047,family:0.5;couple:0.95;single:0.9;콘서트/페스티벌;인터파크실시간,2026-08-23 04:38:54,concert:1.0;immersive:0.9;indoor:0.7,3,90,🎵 몰입감 있는 공연으로 혼자 즐기기 좋은 라이브 콘텐츠
인터파크 티켓,콘서트·공연,Vaundy ASIA ARENA TOUR 2026 “HORO” IN SEOUL,2026-09-19 ~ 2026-09-20,성인 (개인 관람 적합),인스파이어 아레나,7,인터파크 티켓 실시간 인기 콘텐츠 [Vaundy ASIA ARENA TOUR 2026 “HORO” IN SEOUL]. 혼자 즐기기 좋은 몰입감 있는 콘텐츠입니다.,https://tickets.interpark.com//ticket.interpark.com/Tiki/Main/TiKiGoodsinfo.asp?GoodsCode=26003199,family:0.5;couple:0.95;single:0.9;콘서트/페스티벌;인터파크실시간,2026-08-23 04:38:54,concert:1.0;immersive:0.9;indoor:0.7,5,90,🎵 몰입감 있는 공연으로 혼자 즐기기 좋은 라이브 콘텐츠
인터파크 티켓,콘서트·공연,2026 무명전설 전국투어 콘서트 - 청주,2026-09-19 ~ 2026-09-19,성인 (개인 관람 적합),청주대학교 석우문화체육관,7,인터파크 티켓 실시간 인기 콘텐츠 [2026 무명전설 전국투어 콘서트 - 청주]. 혼자 즐기기 좋은 몰입감 있는 콘텐츠입니다.,https://tickets.interpark.com//ticket.interpark.com/Tiki/Main/TiKiGoodsinfo.asp?GoodsCode=26007417,family:0.5;couple:0.95;single:0.9;콘서트/페스티벌;인터파크실시간,2026-08-23 04:38:54,concert:1.0;immersive:0.9;indoor:0.7,3,90,🎵 몰입감 있는 공연으로 혼자 즐기기 좋은 라이브 콘텐츠
인터파크 티켓,콘서트·공연,김윤아 단독 콘서트 ［Coffee and Cigarette］,2026-09-05 ~ 2026-09-13,성인 (개인 관람 적합),성신여대 운정그린캠퍼스 대강당,7,인터파크 티켓 실시간 인기 콘텐츠 [김윤아 단독 콘서트 ［Coffee and Cigarette］]. 혼자 즐기기 좋은 몰입감 있는 콘텐츠입니다.,https://tickets.interpark.com//ticket.interpark.com/Tiki/Main/TiKiGoodsinfo.asp?GoodsCode=26011195,family:0.5;couple:0.95;single:0.9;콘서트/페스티벌;인터파크실시간,2026-08-23 04:38:54,concert:1.0;immersive:0.9;indoor:0.7,3,90,🎵 몰입감 있는 공연으로 혼자 즐기기 좋은 라이브 콘텐츠
인터파크 티켓,콘서트·공연,〈미스트롯4〉 전국투어 콘서트 - 서울앵콜,2026-10-31 ~ 2026-10-31,성인 (개인 관람 적합),경희대학교 평화의전당,7,인터파크 티켓 실시간 인기 콘텐츠 [〈미스트롯4〉 전국투어 콘서트 - 서울앵콜]. 혼자 즐기기 좋은 몰입감 있는 콘텐츠입니다.,https://tickets.interpark.com//ticket.interpark.com/Tiki/Main/TiKiGoodsinfo.asp?GoodsCode=26011513,family:0.5;couple:0.95;single:0.9;콘서트/페스티벌;인터파크실시간,2026-08-23 04:38:54,concert:1.0;immersive:0.9;indoor:0.7,5,90,🎵 몰입감 있는 공연으로 혼자 즐기기 좋은 라이브 콘텐츠
인터파크 티켓,전시·미술관,［Global］［Shuttle Package］ 2026 NOL FESTIVAL,2026-10-17 ~ 2026-10-18,성인 (개인 관람 적합),일산 킨텍스 제 2전시장,6,인터파크 티켓 실시간 인기 콘텐츠 [［Global］［Shuttle Package］ 2026 NOL FESTIVAL]. 혼자 즐기기 좋은 몰입감 있는 콘텐츠입니다.,https://tickets.interpark.com//ticket.interpark.com/Tiki/Main/TiKiGoodsinfo.asp?GoodsCode=26010186,family:0.5;couple:0.95;single:0.9;콘서트/페스티벌;인터파크실시간,2026-08-23 04:38:54,exhibition:1.0;quiet:0.8;indoor:0.9,3,90,🖼️ 조용히 몰입할 수 있는 전시 콘텐츠로 나 홀로 관람 최적
인터파크 티켓,콘서트·공연,CLICK-B RE:CLICK (한여름밤의 꿈 VOL.2) ENCORE in BUSAN,2026-10-09 ~ 2026-10-09,성인 (개인 관람 적합),KBS부산홀,6,인터파크 티켓 실시간 인기 콘텐츠 [CLICK-B RE:CLICK (한여름밤의 꿈 VOL.2) ENCORE in BUSAN]. 혼자 즐기기 좋은 몰입감 있는 콘텐츠입니다.,https://tickets.interpark.com//ticket.interpark.com/Tiki/Main/TiKiGoodsinfo.asp?GoodsCode=26012055,family:0.5;couple:0.95;single:0.9;콘서트/페스티벌;인터파크실시간,2026-08-23 04:38:54,concert:1.0;immersive:0.9;indoor:0.7,3,90,🎵 몰입감 있는 공연으로 혼자 즐기기 좋은 라이브 콘텐츠
인터파크 티켓,콘서트·공연,2026 STAYC FAN CONCERT TOUR ［STAY CLOSER］,2026-08-22 ~ 2026-08-23,성인 (개인 관람 적합),블루스퀘어 우리WON뱅킹홀,6,인터파크 티켓 실시간 인기 콘텐츠 [2026 STAYC FAN CONCERT TOUR ［STAY CLOSER］]. 혼자 즐기기 좋은 몰입감 있는 콘텐츠입니다.,https://tickets.interpark.com//ticket.interpark.com/Tiki/Main/TiKiGoodsinfo.asp?GoodsCode=26009546,family:0.5;couple:0.95;single:0.9;콘서트/페스티벌;인터파크실시간,2026-08-23 04:38:54,concert:1.0;immersive:0.9;indoor:0.7,5,90,🎵 몰입감 있는 공연으로 혼자 즐기기 좋은 라이브 콘텐츠
인터파크 티켓,콘서트·공연,2026 PLAVE World Tour ［KEEP IT MANIC］ in Incheon,2026-09-12 ~ 2026-09-13,성인 (개인 관람 적합),인천문학경기장 주경기장,6,인터파크 티켓 실시간 인기 콘텐츠 [2026 PLAVE World Tour ［KEEP IT MANIC］ in Incheon]. 혼자 즐기기 좋은 몰입감 있는 콘텐츠입니다.,https://tickets.interpark.com//ticket.interpark.com/Tiki/Main/TiKiGoodsinfo.asp?GoodsCode=26008189,family:0.5;couple:0.95;single:0.9;콘서트/페스티벌;인터파크실시간,2026-08-23 04:38:54,concert:1.0;immersive:0.9;indoor:0.7,3,90,🎵 몰입감 있는 공연으로 혼자 즐기기 좋은 라이브 콘텐츠
인터파크 티켓,콘서트·공연,2026 윤종신 전국투어 콘서트 〈가을냄새〉 고양,2026-10-24 ~ 2026-10-24,성인 (개인 관람 적합),고양아람누리 아람극장,6,인터파크 티켓 실시간 인기 콘텐츠 [2026 윤종신 전국투어 콘서트 〈가을냄새〉 고양]. 혼자 즐기기 좋은 몰입감 있는 콘텐츠입니다.,https://tickets.interpark.com//ticket.interpark.com/Tiki/Main/TiKiGoodsinfo.asp?GoodsCode=26012207,family:0.5;couple:0.95;single:0.9;콘서트/페스티벌;인터파크실시간,2026-08-23 04:38:54,concert:1.0;immersive:0.9;indoor:0.7,3,90,🎵 몰입감 있는 공연으로 혼자 즐기기 좋은 라이브 콘텐츠
인터파크 티켓,콘서트·공연,쇼팽 in 뉴욕 - 클래시컬 재즈 나잇,2026-09-06 ~ 2026-09-06,성인 (개인 관람 적합),예술의전당 IBK기업은행챔버홀,4,인터파크 티켓 실시간 인기 콘텐츠 [쇼팽 in 뉴욕 - 클래시컬 재즈 나잇]. 혼자 즐기기 좋은 몰입감 있는 콘텐츠입니다.,https://tickets.interpark.com//ticket.interpark.com/Tiki/Main/TiKiGoodsinfo.asp?GoodsCode=26011013,family:0.5;couple:0.95;single:0.9;콘서트/페스티벌;인터파크실시간,2026-08-23 04:38:54,concert:1.0;immersive:0.9;indoor:0.7,4,90,🎵 몰입감 있는 공연으로 혼자 즐기기 좋은 라이브 콘텐츠
인터파크 티켓,콘서트·공연,사운드 플래닛 페스티벌 2026,2026-09-05 ~ 2026-09-06,성인 (개인 관람 적합),파라다이스시티,6,인터파크 티켓 실시간 인기 콘텐츠 [사운드 플래닛 페스티벌 2026]. 혼자 즐기기 좋은 몰입감 있는 콘텐츠입니다.,https://tickets.interpark.com//ticket.interpark.com/Tiki/Main/TiKiGoodsinfo.asp?GoodsCode=26010473,family:0.5;couple:0.95;single:0.9;콘서트/페스티벌;인터파크실시간,2026-08-23 04:38:54,concert:1.0;immersive:0.9;indoor:0.7,5,90,🎵 몰입감 있는 공연으로 혼자 즐기기 좋은 라이브 콘텐츠
인터파크 티켓,콘서트·공연,2026 HYUNJAE 1st FANMEETING ［The Present for you］,2026-09-12 ~ 2026-09-12,성인 (개인 관람 적합),코엑스아티움 우리은행홀,5,인터파크 티켓 실시간 인기 콘텐츠 [2026 HYUNJAE 1st FANMEETING ［The Present for you］]. 혼자 즐기기 좋은 몰입감 있는 콘텐츠입니다.,https://tickets.interpark.com//ticket.interpark.com/Tiki/Main/TiKiGoodsinfo.asp?GoodsCode=26011954,family:0.5;couple:0.95;single:0.9;콘서트/페스티벌;인터파크실시간,2026-08-23 04:38:54,concert:1.0;immersive:0.9;indoor:0.7,3,90,🎵 몰입감 있는 공연으로 혼자 즐기기 좋은 라이브 콘텐츠
인터파크 티켓,전시·미술관,레이니 내한공연,2026-10-03 ~ 2026-10-03,성인 (개인 관람 적합),킨텍스 제2전시장 9홀,6,인터파크 티켓 실시간 인기 콘텐츠 [레이니 내한공연]. 혼자 즐기기 좋은 몰입감 있는 콘텐츠입니다.,https://tickets.interpark.com//ticket.interpark.com/Tiki/Main/TiKiGoodsinfo.asp?GoodsCode=26004771,family:0.5;couple:0.95;single:0.9;콘서트/페스티벌;인터파크실시간,2026-08-23 04:38:54,exhibition:1.0;quiet:0.8;indoor:0.9,3,90,🖼️ 조용히 몰입할 수 있는 전시 콘텐츠로 나 홀로 관람 최적
인터파크 티켓,콘서트·공연,THE GREATEST: 전율 소향 X 김기태 - 부산,2026-09-06 ~ 2026-09-06,성인 (개인 관람 적합),부산시민회관 대극장,6,인터파크 티켓 실시간 인기 콘텐츠 [THE GREATEST: 전율 소향 X 김기태 - 부산]. 혼자 즐기기 좋은 몰입감 있는 콘텐츠입니다.,https://tickets.interpark.com//ticket.interpark.com/Tiki/Main/TiKiGoodsinfo.asp?GoodsCode=26011045,family:0.5;couple:0.95;single:0.9;콘서트/페스티벌;인터파크실시간,2026-08-23 04:38:54,concert:1.0;immersive:0.9;indoor:0.7,4,90,🎵 몰입감 있는 공연으로 혼자 즐기기 좋은 라이브 콘텐츠
인터파크 티켓,콘서트·공연,김영하 작가의 음악 - 군포,2026-09-12 ~ 2026-09-12,성인 (개인 관람 적합),군포문화예술회관 수리홀,2,인터파크 티켓 실시간 인기 콘텐츠 [김영하 작가의 음악 - 군포]. 혼자 즐기기 좋은 몰입감 있는 콘텐츠입니다.,https://tickets.interpark.com//ticket.interpark.com/Tiki/Main/TiKiGoodsinfo.asp?GoodsCode=26011006,family:0.5;couple:0.95;single:0.9;콘서트/페스티벌;인터파크실시간,2026-08-23 04:38:54,concert:1.0;immersive:0.9;indoor:0.7,4,90,🎵 몰입감 있는 공연으로 혼자 즐기기 좋은 라이브 콘텐츠
인터파크 티켓,전시·미술관,제이슨 므라즈(Jason Mraz) 아시아 투어 2026 - 서울,2026-11-14 ~ 2026-11-14,성인 (개인 관람 적합),일산 킨텍스 제1전시장 1홀,6,인터파크 티켓 실시간 인기 콘텐츠 [제이슨 므라즈(Jason Mraz) 아시아 투어 2026 - 서울]. 혼자 즐기기 좋은 몰입감 있는 콘텐츠입니다.,https://tickets.interpark.com//ticket.interpark.com/Tiki/Main/TiKiGoodsinfo.asp?GoodsCode=26006423,family:0.5;couple:0.95;single:0.9;콘서트/페스티벌;인터파크실시간,2026-08-23 04:38:54,exhibition:1.0;quiet:0.8;indoor:0.9,3,90,🖼️ 조용히 몰입할 수 있는 전시 콘텐츠로 나 홀로 관람 최적
인터파크 티켓,콘서트·공연,〈현역가왕3〉 with 현역가왕 패밀리 페스티벌 - 서울,2026-08-22 ~ 2026-08-23,성인 (개인 관람 적합),올림픽공원 올림픽홀,6,인터파크 티켓 실시간 인기 콘텐츠 [〈현역가왕3〉 with 현역가왕 패밀리 페스티벌 - 서울]. 혼자 즐기기 좋은 몰입감 있는 콘텐츠입니다.,https://tickets.interpark.com//ticket.interpark.com/Tiki/Main/TiKiGoodsinfo.asp?GoodsCode=26009620,family:0.5;couple:0.95;single:0.9;콘서트/페스티벌;인터파크실시간,2026-08-23 04:38:54,concert:1.0;immersive:0.9;indoor:0.7,5,90,🎵 몰입감 있는 공연으로 혼자 즐기기 좋은 라이브 콘텐츠
인터파크 티켓,콘서트·공연,2026 적재 LIVE SESSION : in s c ap e,2026-09-11 ~ 2026-09-20,성인 (개인 관람 적합),얼터(alter.),5,인터파크 티켓 실시간 인기 콘텐츠 [2026 적재 LIVE SESSION : in s c ap e]. 혼자 즐기기 좋은 몰입감 있는 콘텐츠입니다.,https://tickets.interpark.com//ticket.interpark.com/Tiki/Main/TiKiGoodsinfo.asp?GoodsCode=26011367,family:0.5;couple:0.95;single:0.9;콘서트/페스티벌;인터파크실시간,2026-08-23 04:38:54,concert:1.0;immersive:0.9;indoor:0.7,5,90,🎵 몰입감 있는 공연으로 혼자 즐기기 좋은 라이브 콘텐츠
인터파크 티켓,콘서트·공연,2026 무명전설 전국투어 콘서트 - 부산앵콜,2026-12-31 ~ 2026-12-31,성인 (개인 관람 적합),벡스코 오디토리움,6,인터파크 티켓 실시간 인기 콘텐츠 [2026 무명전설 전국투어 콘서트 - 부산앵콜]. 혼자 즐기기 좋은 몰입감 있는 콘텐츠입니다.,https://tickets.interpark.com//ticket.interpark.com/Tiki/Main/TiKiGoodsinfo.asp?GoodsCode=26011605,family:0.5;couple:0.95;single:0.9;콘서트/페스티벌;인터파크실시간,2026-08-23 04:38:54,concert:1.0;immersive:0.9;indoor:0.7,5,90,🎵 몰입감 있는 공연으로 혼자 즐기기 좋은 라이브 콘텐츠
인터파크 티켓,콘서트·공연,2026 무명전설 전국투어 콘서트 - 전주,2026-09-12 ~ 2026-09-12,성인 (개인 관람 적합),한국소리문화의전당 야외공연장,6,인터파크 티켓 실시간 인기 콘텐츠 [2026 무명전설 전국투어 콘서트 - 전주]. 혼자 즐기기 좋은 몰입감 있는 콘텐츠입니다.,https://tickets.interpark.com//ticket.interpark.com/Tiki/Main/TiKiGoodsinfo.asp?GoodsCode=26007305,family:0.5;couple:0.95;single:0.9;콘서트/페스티벌;인터파크실시간,2026-08-23 04:38:54,concert:1.0;immersive:0.9;indoor:0.7,3,90,🎵 몰입감 있는 공연으로 혼자 즐기기 좋은 라이브 콘텐츠
인터파크 티켓,콘서트·공연,RIIZE 3RD ANNIVERSARY FANMEETING - Ch. RIIZE : ON AIR,2026-09-12 ~ 2026-09-13,성인 (개인 관람 적합),인스파이어 아레나,5,인터파크 티켓 실시간 인기 콘텐츠 [RIIZE 3RD ANNIVERSARY FANMEETING - Ch. RIIZE : ON AIR]. 혼자 즐기기 좋은 몰입감 있는 콘텐츠입니다.,https://tickets.interpark.com//ticket.interpark.com/Tiki/Main/TiKiGoodsinfo.asp?GoodsCode=26010045,family:0.5;couple:0.95;single:0.9;콘서트/페스티벌;인터파크실시간,2026-08-23 04:38:54,concert:1.0;immersive:0.9;indoor:0.7,4,90,🎵 몰입감 있는 공연으로 혼자 즐기기 좋은 라이브 콘텐츠
인터파크 티켓,콘서트·공연,2025-26 김창옥 토크콘서트 시즌5 - 청주,2026-09-20 ~ 2026-09-20,성인 (개인 관람 적합),청주예술의전당 대공연장,4,인터파크 티켓 실시간 인기 콘텐츠 [2025-26 김창옥 토크콘서트 시즌5 - 청주]. 혼자 즐기기 좋은 몰입감 있는 콘텐츠입니다.,https://tickets.interpark.com//ticket.interpark.com/Tiki/Main/TiKiGoodsinfo.asp?GoodsCode=26010355,family:0.5;couple:0.95;single:0.9;콘서트/페스티벌;인터파크실시간,2026-08-23 04:38:54,concert:1.0;immersive:0.9;indoor:0.7,4,90,🎵 몰입감 있는 공연으로 혼자 즐기기 좋은 라이브 콘텐츠
인터파크 티켓,콘서트·공연,2026 월간뮤지크 〈김용준X이진성〉,2026-08-29 ~ 2026-08-29,성인 (개인 관람 적합),양천문화회관 대극장,2,인터파크 티켓 실시간 인기 콘텐츠 [2026 월간뮤지크 〈김용준X이진성〉]. 혼자 즐기기 좋은 몰입감 있는 콘텐츠입니다.,https://tickets.interpark.com//ticket.interpark.com/Tiki/Main/TiKiGoodsinfo.asp?GoodsCode=26009934,family:0.5;couple:0.95;single:0.9;콘서트/페스티벌;인터파크실시간,2026-08-23 04:38:54,concert:1.0;immersive:0.9;indoor:0.7,5,90,🎵 몰입감 있는 공연으로 혼자 즐기기 좋은 라이브 콘텐츠
인터파크 티켓,콘서트·공연,2026 무명전설 전국투어 콘서트 - 대구앵콜,2026-11-21 ~ 2026-11-21,성인 (개인 관람 적합),엑스코 5층 컨벤션홀,5,인터파크 티켓 실시간 인기 콘텐츠 [2026 무명전설 전국투어 콘서트 - 대구앵콜]. 혼자 즐기기 좋은 몰입감 있는 콘텐츠입니다.,https://tickets.interpark.com//ticket.interpark.com/Tiki/Main/TiKiGoodsinfo.asp?GoodsCode=26010589,family:0.5;couple:0.95;single:0.9;콘서트/페스티벌;인터파크실시간,2026-08-23 04:38:54,concert:1.0;immersive:0.9;indoor:0.7,5,90,🎵 몰입감 있는 공연으로 혼자 즐기기 좋은 라이브 콘텐츠
인터파크 티켓,콘서트·공연,뮤지컬 〈엘리자벳〉,2026-08-16 ~ 2026-11-15,성인 (개인 관람 적합),블루스퀘어 우리은행홀,11,인터파크 티켓 실시간 인기 콘텐츠 [뮤지컬 〈엘리자벳〉]. 혼자 즐기기 좋은 몰입감 있는 콘텐츠입니다.,https://tickets.interpark.com//ticket.interpark.com/Tiki/Main/TiKiGoodsinfo.asp?GoodsCode=26009314,family:0.7;couple:0.95;single:0.6;뮤지컬;인터파크실시간,2026-08-23 04:38:55,concert:1.0;immersive:0.9;indoor:0.7,5,60,🎵 몰입감 있는 공연으로 혼자 즐기기 좋은 라이브 콘텐츠
인터파크 티켓,콘서트·공연,뮤지컬 〈겨울왕국〉 한국 초연 (FROZEN The Musical),2026-08-13 ~ 2027-03-01,성인 (개인 관람 적합),샤롯데씨어터,11,인터파크 티켓 실시간 인기 콘텐츠 [뮤지컬 〈겨울왕국〉 한국 초연 (FROZEN The Musical)]. 혼자 즐기기 좋은 몰입감 있는 콘텐츠입니다.,https://tickets.interpark.com//ticket.interpark.com/Tiki/Main/TiKiGoodsinfo.asp?GoodsCode=26007416,family:0.7;couple:0.95;single:0.6;뮤지컬;인터파크실시간,2026-08-23 04:38:55,concert:1.0;immersive:0.9;indoor:0.7,4,60,🎵 몰입감 있는 공연으로 혼자 즐기기 좋은 라이브 콘텐츠
인터파크 티켓,콘서트·공연,뮤지컬 드라큘라 (Dracula：The Musical),2026-07-10 ~ 2026-10-18,성인 (개인 관람 적합),LG아트센터 서울 LG SIGNATURE 홀,10,인터파크 티켓 실시간 인기 콘텐츠 [뮤지컬 드라큘라 (Dracula：The Musical)]. 혼자 즐기기 좋은 몰입감 있는 콘텐츠입니다.,https://tickets.interpark.com//ticket.interpark.com/Tiki/Main/TiKiGoodsinfo.asp?GoodsCode=L0000142,family:0.7;couple:0.95;single:0.6;뮤지컬;인터파크실시간,2026-08-23 04:38:55,concert:1.0;immersive:0.9;indoor:0.7,5,60,🎵 몰입감 있는 공연으로 혼자 즐기기 좋은 라이브 콘텐츠
인터파크 티켓,콘서트·공연,뮤지컬 〈빨래〉 - 32차 프로덕션,2026-06-11 ~ 2027-02-21,성인 (개인 관람 적합),NOL 유니플렉스 2관,8,인터파크 티켓 실시간 인기 콘텐츠 [뮤지컬 〈빨래〉 - 32차 프로덕션]. 혼자 즐기기 좋은 몰입감 있는 콘텐츠입니다.,https://tickets.interpark.com//ticket.interpark.com/Tiki/Main/TiKiGoodsinfo.asp?GoodsCode=26007159,family:0.7;couple:0.95;single:0.6;뮤지컬;인터파크실시간,2026-08-23 04:38:55,concert:1.0;immersive:0.9;indoor:0.7,4,60,🎵 몰입감 있는 공연으로 혼자 즐기기 좋은 라이브 콘텐츠
인터파크 티켓,콘서트·공연,이은결 30주년 〈ONE OF ONE〉,2026-08-22 ~ 2026-09-06,성인 (개인 관람 적합),세종문화회관 대극장,9,인터파크 티켓 실시간 인기 콘텐츠 [이은결 30주년 〈ONE OF ONE〉]. 혼자 즐기기 좋은 몰입감 있는 콘텐츠입니다.,https://tickets.interpark.com//ticket.interpark.com/Tiki/Main/TiKiGoodsinfo.asp?GoodsCode=26007764,family:0.7;couple:0.95;single:0.6;뮤지컬;인터파크실시간,2026-08-23 04:38:55,concert:1.0;immersive:0.9;indoor:0.7,5,60,🎵 몰입감 있는 공연으로 혼자 즐기기 좋은 라이브 콘텐츠
인터파크 티켓,콘서트·공연,뮤지컬 〈웨스턴 스토리〉 기깔나는 코믹 서부극,2026-07-01 ~ 2026-09-27,성인 (개인 관람 적합),NOL 유니플렉스 1관,8,인터파크 티켓 실시간 인기 콘텐츠 [뮤지컬 〈웨스턴 스토리〉 기깔나는 코믹 서부극]. 혼자 즐기기 좋은 몰입감 있는 콘텐츠입니다.,https://tickets.interpark.com//ticket.interpark.com/Tiki/Main/TiKiGoodsinfo.asp?GoodsCode=26007505,family:0.7;couple:0.95;single:0.6;뮤지컬;인터파크실시간,2026-08-23 04:38:55,concert:1.0;immersive:0.9;indoor:0.7,5,60,🎵 몰입감 있는 공연으로 혼자 즐기기 좋은 라이브 콘텐츠
인터파크 티켓,콘서트·공연,뮤지컬 〈엠. 버터플라이〉,2026-09-22 ~ 2026-12-13,성인 (개인 관람 적합),예스24스테이지 1관,8,인터파크 티켓 실시간 인기 콘텐츠 [뮤지컬 〈엠. 버터플라이〉]. 혼자 즐기기 좋은 몰입감 있는 콘텐츠입니다.,https://tickets.interpark.com//ticket.interpark.com/Tiki/Main/TiKiGoodsinfo.asp?GoodsCode=26011453,family:0.7;couple:0.95;single:0.6;뮤지컬;인터파크실시간,2026-08-23 04:38:55,concert:1.0;immersive:0.9;indoor:0.7,4,60,🎵 몰입감 있는 공연으로 혼자 즐기기 좋은 라이브 콘텐츠
인터파크 티켓,콘서트·공연,뮤지컬 〈헬스키친〉 (Musical Hell’s Kitchen),2026-07-24 ~ 2026-11-08,성인 (개인 관람 적합),GS아트센터,9,인터파크 티켓 실시간 인기 콘텐츠 [뮤지컬 〈헬스키친〉 (Musical Hell’s Kitchen)]. 혼자 즐기기 좋은 몰입감 있는 콘텐츠입니다.,https://tickets.interpark.com//ticket.interpark.com/Tiki/Main/TiKiGoodsinfo.asp?GoodsCode=26007169,family:0.7;couple:0.95;single:0.6;뮤지컬;인터파크실시간,2026-08-23 04:38:55,concert:1.0;immersive:0.9;indoor:0.7,4,60,🎵 몰입감 있는 공연으로 혼자 즐기기 좋은 라이브 콘텐츠
인터파크 티켓,콘서트·공연,뮤지컬 〈비더슈탄트〉,2026-07-23 ~ 2026-10-11,성인 (개인 관람 적합),링크아트센터드림 드림1관,8,인터파크 티켓 실시간 인기 콘텐츠 [뮤지컬 〈비더슈탄트〉]. 혼자 즐기기 좋은 몰입감 있는 콘텐츠입니다.,https://tickets.interpark.com//ticket.interpark.com/Tiki/Main/TiKiGoodsinfo.asp?GoodsCode=26008861,family:0.7;couple:0.95;single:0.6;뮤지컬;인터파크실시간,2026-08-23 04:38:55,concert:1.0;immersive:0.9;indoor:0.7,5,60,🎵 몰입감 있는 공연으로 혼자 즐기기 좋은 라이브 콘텐츠
인터파크 티켓,콘서트·공연,뮤지컬 〈광화문연가〉,2026-09-06 ~ 2026-11-15,성인 (개인 관람 적합),디큐브 링크아트센터,9,인터파크 티켓 실시간 인기 콘텐츠 [뮤지컬 〈광화문연가〉]. 혼자 즐기기 좋은 몰입감 있는 콘텐츠입니다.,https://tickets.interpark.com//ticket.interpark.com/Tiki/Main/TiKiGoodsinfo.asp?GoodsCode=26009625,family:0.7;couple:0.95;single:0.6;뮤지컬;인터파크실시간,2026-08-23 04:38:55,concert:1.0;immersive:0.9;indoor:0.7,3,60,🎵 몰입감 있는 공연으로 혼자 즐기기 좋은 라이브 콘텐츠
인터파크 티켓,콘서트·공연,뮤지컬 〈디어 에반 핸슨〉 (Musical Dear Evan Hansen),2026-08-01 ~ 2026-11-01,성인 (개인 관람 적합),충무아트센터 대극장,9,인터파크 티켓 실시간 인기 콘텐츠 [뮤지컬 〈디어 에반 핸슨〉 (Musical Dear Evan Hansen)]. 혼자 즐기기 좋은 몰입감 있는 콘텐츠입니다.,https://tickets.interpark.com//ticket.interpark.com/Tiki/Main/TiKiGoodsinfo.asp?GoodsCode=26007442,family:0.7;couple:0.95;single:0.6;뮤지컬;인터파크실시간,2026-08-23 04:38:55,concert:1.0;immersive:0.9;indoor:0.7,3,60,🎵 몰입감 있는 공연으로 혼자 즐기기 좋은 라이브 콘텐츠
인터파크 티켓,콘서트·공연,뮤지컬 〈브라더스 까라마조프〉,2026-05-12 ~ 2026-09-06,성인 (개인 관람 적합),NOL 씨어터 대학로 우리투자증권홀,7,인터파크 티켓 실시간 인기 콘텐츠 [뮤지컬 〈브라더스 까라마조프〉]. 혼자 즐기기 좋은 몰입감 있는 콘텐츠입니다.,https://tickets.interpark.com//ticket.interpark.com/Tiki/Main/TiKiGoodsinfo.asp?GoodsCode=26004473,family:0.7;couple:0.95;single:0.6;뮤지컬;인터파크실시간,2026-08-23 04:38:55,concert:1.0;immersive:0.9;indoor:0.7,4,60,🎵 몰입감 있는 공연으로 혼자 즐기기 좋은 라이브 콘텐츠
인터파크 티켓,콘서트·공연,뮤지컬 〈팬레터〉 - 성남,2026-11-07 ~ 2026-11-08,성인 (개인 관람 적합),성남아트센터 오페라하우스,8,인터파크 티켓 실시간 인기 콘텐츠 [뮤지컬 〈팬레터〉 - 성남]. 혼자 즐기기 좋은 몰입감 있는 콘텐츠입니다.,https://tickets.interpark.com//ticket.interpark.com/Tiki/Main/TiKiGoodsinfo.asp?GoodsCode=26011738,family:0.7;couple:0.95;single:0.6;뮤지컬;인터파크실시간,2026-08-23 04:38:55,concert:1.0;immersive:0.9;indoor:0.7,5,60,🎵 몰입감 있는 공연으로 혼자 즐기기 좋은 라이브 콘텐츠
인터파크 티켓,콘서트·공연,뮤지컬 〈유미의 세포들〉,2026-06-30 ~ 2026-08-23,성인 (개인 관람 적합),예술의전당 CJ 토월극장,6,인터파크 티켓 실시간 인기 콘텐츠 [뮤지컬 〈유미의 세포들〉]. 혼자 즐기기 좋은 몰입감 있는 콘텐츠입니다.,https://tickets.interpark.com//ticket.interpark.com/Tiki/Main/TiKiGoodsinfo.asp?GoodsCode=26006325,family:0.7;couple:0.95;single:0.6;뮤지컬;인터파크실시간,2026-08-23 04:38:55,concert:1.0;immersive:0.9;indoor:0.7,4,60,🎵 몰입감 있는 공연으로 혼자 즐기기 좋은 라이브 콘텐츠
인터파크 티켓,콘서트·공연,2026 뮤지컬 〈Mad Hatter〉,2026-06-09 ~ 2026-08-30,성인 (개인 관람 적합),대학로 TOM(티오엠) 1관,5,인터파크 티켓 실시간 인기 콘텐츠 [2026 뮤지컬 〈Mad Hatter〉]. 혼자 즐기기 좋은 몰입감 있는 콘텐츠입니다.,https://tickets.interpark.com//ticket.interpark.com/Tiki/Main/TiKiGoodsinfo.asp?GoodsCode=26006189,family:0.7;couple:0.95;single:0.6;뮤지컬;인터파크실시간,2026-08-23 04:38:55,concert:1.0;immersive:0.9;indoor:0.7,5,60,🎵 몰입감 있는 공연으로 혼자 즐기기 좋은 라이브 콘텐츠
인터파크 티켓,콘서트·공연,뮤지컬 〈종의 기원〉,2026-06-23 ~ 2026-09-20,성인 (개인 관람 적합),동덕여자대학교 공연예술센터 코튼홀,4,인터파크 티켓 실시간 인기 콘텐츠 [뮤지컬 〈종의 기원〉]. 혼자 즐기기 좋은 몰입감 있는 콘텐츠입니다.,https://tickets.interpark.com//ticket.interpark.com/Tiki/Main/TiKiGoodsinfo.asp?GoodsCode=26006810,family:0.7;couple:0.95;single:0.6;뮤지컬;인터파크실시간,2026-08-23 04:38:55,concert:1.0;immersive:0.9;indoor:0.7,5,60,🎵 몰입감 있는 공연으로 혼자 즐기기 좋은 라이브 콘텐츠
인터파크 티켓,콘서트·공연,뮤지컬 〈시데레우스〉,2026-06-04 ~ 2026-08-30,성인 (개인 관람 적합),플러스씨어터,4,인터파크 티켓 실시간 인기 콘텐츠 [뮤지컬 〈시데레우스〉]. 혼자 즐기기 좋은 몰입감 있는 콘텐츠입니다.,https://tickets.interpark.com//ticket.interpark.com/Tiki/Main/TiKiGoodsinfo.asp?GoodsCode=26006420,family:0.7;couple:0.95;single:0.6;뮤지컬;인터파크실시간,2026-08-23 04:38:55,concert:1.0;immersive:0.9;indoor:0.7,4,60,🎵 몰입감 있는 공연으로 혼자 즐기기 좋은 라이브 콘텐츠
인터파크 티켓,콘서트·공연,최현우 30주년 기념 공연 - LEGACY,2026-11-28 ~ 2027-01-03,성인 (개인 관람 적합),올림픽공원 우리금융아트홀,6,인터파크 티켓 실시간 인기 콘텐츠 [최현우 30주년 기념 공연 - LEGACY]. 혼자 즐기기 좋은 몰입감 있는 콘텐츠입니다.,https://tickets.interpark.com//ticket.interpark.com/Tiki/Main/TiKiGoodsinfo.asp?GoodsCode=26007874,family:0.7;couple:0.95;single:0.6;뮤지컬;인터파크실시간,2026-08-23 04:38:55,concert:1.0;immersive:0.9;indoor:0.7,5,60,🎵 몰입감 있는 공연으로 혼자 즐기기 좋은 라이브 콘텐츠
인터파크 티켓,콘서트·공연,뮤지컬 〈블랙메리포핀스〉,2026-06-18 ~ 2026-09-06,성인 (개인 관람 적합),링크아트센터 벅스홀,5,인터파크 티켓 실시간 인기 콘텐츠 [뮤지컬 〈블랙메리포핀스〉]. 혼자 즐기기 좋은 몰입감 있는 콘텐츠입니다.,https://tickets.interpark.com//ticket.interpark.com/Tiki/Main/TiKiGoodsinfo.asp?GoodsCode=26006404,family:0.7;couple:0.95;single:0.6;뮤지컬;인터파크실시간,2026-08-23 04:38:55,concert:1.0;immersive:0.9;indoor:0.7,4,60,🎵 몰입감 있는 공연으로 혼자 즐기기 좋은 라이브 콘텐츠
인터파크 티켓,콘서트·공연,뮤지컬 〈소년의 초상〉,2026-07-28 ~ 2026-10-18,성인 (개인 관람 적합),대학로 TOM(티오엠) 2관,4,인터파크 티켓 실시간 인기 콘텐츠 [뮤지컬 〈소년의 초상〉]. 혼자 즐기기 좋은 몰입감 있는 콘텐츠입니다.,https://tickets.interpark.com//ticket.interpark.com/Tiki/Main/TiKiGoodsinfo.asp?GoodsCode=26008698,family:0.7;couple:0.95;single:0.6;뮤지컬;인터파크실시간,2026-08-23 04:38:55,concert:1.0;immersive:0.9;indoor:0.7,3,60,🎵 몰입감 있는 공연으로 혼자 즐기기 좋은 라이브 콘텐츠
인터파크 티켓,콘서트·공연,뮤지컬 〈그날들〉 - 이천,2026-10-31 ~ 2026-11-01,성인 (개인 관람 적합),이천아트홀 대공연장,5,인터파크 티켓 실시간 인기 콘텐츠 [뮤지컬 〈그날들〉 - 이천]. 혼자 즐기기 좋은 몰입감 있는 콘텐츠입니다.,https://tickets.interpark.com//ticket.interpark.com/Tiki/Main/TiKiGoodsinfo.asp?GoodsCode=26011647,family:0.7;couple:0.95;single:0.6;뮤지컬;인터파크실시간,2026-08-23 04:38:55,concert:1.0;immersive:0.9;indoor:0.7,3,60,🎵 몰입감 있는 공연으로 혼자 즐기기 좋은 라이브 콘텐츠
인터파크 티켓,콘서트·공연,창작가무극 〈청사초롱 불 밝혀라〉,2026-08-22 ~ 2026-09-13,성인 (개인 관람 적합),국립정동극장,4,인터파크 티켓 실시간 인기 콘텐츠 [창작가무극 〈청사초롱 불 밝혀라〉]. 혼자 즐기기 좋은 몰입감 있는 콘텐츠입니다.,https://tickets.interpark.com//ticket.interpark.com/Tiki/Main/TiKiGoodsinfo.asp?GoodsCode=26009512,family:0.7;couple:0.95;single:0.6;뮤지컬;인터파크실시간,2026-08-23 04:38:55,concert:1.0;immersive:0.9;indoor:0.7,3,60,🎵 몰입감 있는 공연으로 혼자 즐기기 좋은 라이브 콘텐츠
인터파크 티켓,콘서트·공연,쇼뮤지컬 ［와일드 와일드］,2025-06-13 ~ 2026-10-31,성인 (개인 관람 적합),와일드 와일드 전용관 (명보아트홀),4,인터파크 티켓 실시간 인기 콘텐츠 [쇼뮤지컬 ［와일드 와일드］]. 혼자 즐기기 좋은 몰입감 있는 콘텐츠입니다.,https://tickets.interpark.com//ticket.interpark.com/Tiki/Main/TiKiGoodsinfo.asp?GoodsCode=25006677,family:0.7;couple:0.95;single:0.6;뮤지컬;인터파크실시간,2026-08-23 04:38:55,concert:1.0;immersive:0.9;indoor:0.7,5,60,🎵 몰입감 있는 공연으로 혼자 즐기기 좋은 라이브 콘텐츠
인터파크 티켓,콘서트·공연,최현우 19+I - 부산,2026-10-10 ~ 2026-10-11,성인 (개인 관람 적합),부산시민회관 대극장,5,인터파크 티켓 실시간 인기 콘텐츠 [최현우 19+I - 부산]. 혼자 즐기기 좋은 몰입감 있는 콘텐츠입니다.,https://tickets.interpark.com//ticket.interpark.com/Tiki/Main/TiKiGoodsinfo.asp?GoodsCode=26006592,family:0.7;couple:0.95;single:0.6;뮤지컬;인터파크실시간,2026-08-23 04:38:55,concert:1.0;immersive:0.9;indoor:0.7,4,60,🎵 몰입감 있는 공연으로 혼자 즐기기 좋은 라이브 콘텐츠
인터파크 티켓,콘서트·공연,성남시립소년소녀합창단 기획연주회,2026-09-11 ~ 2026-09-12,성인 (개인 관람 적합),성남아트센터 앙상블시어터,1,인터파크 티켓 실시간 인기 콘텐츠 [성남시립소년소녀합창단 기획연주회]. 혼자 즐기기 좋은 몰입감 있는 콘텐츠입니다.,https://tickets.interpark.com//ticket.interpark.com/Tiki/Main/TiKiGoodsinfo.asp?GoodsCode=26011711,family:0.7;couple:0.95;single:0.6;뮤지컬;인터파크실시간,2026-08-23 04:38:55,concert:1.0;immersive:0.9;indoor:0.7,4,60,🎵 몰입감 있는 공연으로 혼자 즐기기 좋은 라이브 콘텐츠
인터파크 티켓,콘서트·공연,뮤지컬 〈그날들〉 - 대전,2026-09-26 ~ 2026-09-27,성인 (개인 관람 적합),대전예술의전당 아트홀,6,인터파크 티켓 실시간 인기 콘텐츠 [뮤지컬 〈그날들〉 - 대전]. 혼자 즐기기 좋은 몰입감 있는 콘텐츠입니다.,https://tickets.interpark.com//ticket.interpark.com/Tiki/Main/TiKiGoodsinfo.asp?GoodsCode=26009831,family:0.7;couple:0.95;single:0.6;뮤지컬;인터파크실시간,2026-08-23 04:38:55,concert:1.0;immersive:0.9;indoor:0.7,5,60,🎵 몰입감 있는 공연으로 혼자 즐기기 좋은 라이브 콘텐츠
인터파크 티켓,콘서트·공연,뮤지컬 〈곤 투모로우〉 10주년 기념 공연,2026-09-15 ~ 2026-11-29,성인 (개인 관람 적합),홍익대 대학로 아트센터 대극장,6,인터파크 티켓 실시간 인기 콘텐츠 [뮤지컬 〈곤 투모로우〉 10주년 기념 공연]. 혼자 즐기기 좋은 몰입감 있는 콘텐츠입니다.,https://tickets.interpark.com//ticket.interpark.com/Tiki/Main/TiKiGoodsinfo.asp?GoodsCode=26011520,family:0.7;couple:0.95;single:0.6;뮤지컬;인터파크실시간,2026-08-23 04:38:55,concert:1.0;immersive:0.9;indoor:0.7,4,60,🎵 몰입감 있는 공연으로 혼자 즐기기 좋은 라이브 콘텐츠
인터파크 티켓,콘서트·공연,국립창극단 〈귀토〉,2026-09-03 ~ 2026-09-06,성인 (개인 관람 적합),국립극장 해오름극장,3,인터파크 티켓 실시간 인기 콘텐츠 [국립창극단 〈귀토〉]. 혼자 즐기기 좋은 몰입감 있는 콘텐츠입니다.,https://tickets.interpark.com//ticket.interpark.com/Tiki/Main/TiKiGoodsinfo.asp?GoodsCode=26009917,family:0.7;couple:0.95;single:0.6;뮤지컬;인터파크실시간,2026-08-23 04:38:55,concert:1.0;immersive:0.9;indoor:0.7,4,60,🎵 몰입감 있는 공연으로 혼자 즐기기 좋은 라이브 콘텐츠
인터파크 티켓,콘서트·공연,〈슬립노모어 서울〉 (Sleep No More Seoul),2025-07-24 ~ 2026-11-15,성인 (개인 관람 적합),매키탄 호텔 (The McKithan Hotel),6,인터파크 티켓 실시간 인기 콘텐츠 [〈슬립노모어 서울〉 (Sleep No More Seoul)]. 혼자 즐기기 좋은 몰입감 있는 콘텐츠입니다.,https://tickets.interpark.com//ticket.interpark.com/Tiki/Main/TiKiGoodsinfo.asp?GoodsCode=25008376,family:0.7;couple:0.95;single:0.6;뮤지컬;인터파크실시간,2026-08-23 04:38:55,concert:1.0;immersive:0.9;indoor:0.7,3,60,🎵 몰입감 있는 공연으로 혼자 즐기기 좋은 라이브 콘텐츠
인터파크 티켓,콘서트·공연,뮤지컬 〈그날들〉,2026-06-09 ~ 2026-08-23,성인 (개인 관람 적합),디큐브 링크아트센터,5,인터파크 티켓 실시간 인기 콘텐츠 [뮤지컬 〈그날들〉]. 혼자 즐기기 좋은 몰입감 있는 콘텐츠입니다.,https://tickets.interpark.com//ticket.interpark.com/Tiki/Main/TiKiGoodsinfo.asp?GoodsCode=26005310,family:0.7;couple:0.95;single:0.6;뮤지컬;인터파크실시간,2026-08-23 04:38:55,concert:1.0;immersive:0.9;indoor:0.7,3,60,🎵 몰입감 있는 공연으로 혼자 즐기기 좋은 라이브 콘텐츠
인터파크 티켓,콘서트·공연,최현우 FaTe - 서울,2026-08-01 ~ 2026-08-23,성인 (개인 관람 적합),소월아트홀,4,인터파크 티켓 실시간 인기 콘텐츠 [최현우 FaTe - 서울]. 혼자 즐기기 좋은 몰입감 있는 콘텐츠입니다.,https://tickets.interpark.com//ticket.interpark.com/Tiki/Main/TiKiGoodsinfo.asp?GoodsCode=26007823,family:0.7;couple:0.95;single:0.6;뮤지컬;인터파크실시간,2026-08-23 04:38:55,concert:1.0;immersive:0.9;indoor:0.7,4,60,🎵 몰입감 있는 공연으로 혼자 즐기기 좋은 라이브 콘텐츠
인터파크 티켓,콘서트·공연,뮤지컬 〈파가니니〉,2026-06-20 ~ 2026-08-30,성인 (개인 관람 적합),홍익대 대학로 아트센터 대극장,4,인터파크 티켓 실시간 인기 콘텐츠 [뮤지컬 〈파가니니〉]. 혼자 즐기기 좋은 몰입감 있는 콘텐츠입니다.,https://tickets.interpark.com//ticket.interpark.com/Tiki/Main/TiKiGoodsinfo.asp?GoodsCode=26006228,family:0.7;couple:0.95;single:0.6;뮤지컬;인터파크실시간,2026-08-23 04:38:55,concert:1.0;immersive:0.9;indoor:0.7,5,60,🎵 몰입감 있는 공연으로 혼자 즐기기 좋은 라이브 콘텐츠
인터파크 티켓,콘서트·공연,뮤지컬 〈어둑시니〉,2026-06-09 ~ 2026-08-30,성인 (개인 관람 적합),NOL 서경스퀘어 스콘 2관,3,인터파크 티켓 실시간 인기 콘텐츠 [뮤지컬 〈어둑시니〉]. 혼자 즐기기 좋은 몰입감 있는 콘텐츠입니다.,https://tickets.interpark.com//ticket.interpark.com/Tiki/Main/TiKiGoodsinfo.asp?GoodsCode=26006560,family:0.7;couple:0.95;single:0.6;뮤지컬;인터파크실시간,2026-08-23 04:38:55,concert:1.0;immersive:0.9;indoor:0.7,3,60,🎵 몰입감 있는 공연으로 혼자 즐기기 좋은 라이브 콘텐츠
인터파크 티켓,콘서트·공연,뮤지컬 〈그날들〉 - 대구,2026-09-04 ~ 2026-09-06,성인 (개인 관람 적합),계명아트센터,6,인터파크 티켓 실시간 인기 콘텐츠 [뮤지컬 〈그날들〉 - 대구]. 혼자 즐기기 좋은 몰입감 있는 콘텐츠입니다.,https://tickets.interpark.com//ticket.interpark.com/Tiki/Main/TiKiGoodsinfo.asp?GoodsCode=26009910,family:0.7;couple:0.95;single:0.6;뮤지컬;인터파크실시간,2026-08-23 04:38:55,concert:1.0;immersive:0.9;indoor:0.7,4,60,🎵 몰입감 있는 공연으로 혼자 즐기기 좋은 라이브 콘텐츠
인터파크 티켓,콘서트·공연,뮤지컬 〈박열〉,2026-06-10 ~ 2026-09-06,성인 (개인 관람 적합),링크아트센터드림 드림4관,2,인터파크 티켓 실시간 인기 콘텐츠 [뮤지컬 〈박열〉]. 혼자 즐기기 좋은 몰입감 있는 콘텐츠입니다.,https://tickets.interpark.com//ticket.interpark.com/Tiki/Main/TiKiGoodsinfo.asp?GoodsCode=26006751,family:0.7;couple:0.95;single:0.6;뮤지컬;인터파크실시간,2026-08-23 04:38:55,concert:1.0;immersive:0.9;indoor:0.7,5,60,🎵 몰입감 있는 공연으로 혼자 즐기기 좋은 라이브 콘텐츠
인터파크 티켓,콘서트·공연,"1457, 소년 잠들다 - 영월",2026-09-11 ~ 2026-09-12,성인 (개인 관람 적합),영월 장릉 실경 무대,1,"인터파크 티켓 실시간 인기 콘텐츠 [1457, 소년 잠들다 - 영월]. 혼자 즐기기 좋은 몰입감 있는 콘텐츠입니다.",https://tickets.interpark.com//ticket.interpark.com/Tiki/Main/TiKiGoodsinfo.asp?GoodsCode=26011034,family:0.7;couple:0.95;single:0.6;뮤지컬;인터파크실시간,2026-08-23 04:38:55,concert:1.0;immersive:0.9;indoor:0.7,5,60,🎵 몰입감 있는 공연으로 혼자 즐기기 좋은 라이브 콘텐츠
인터파크 티켓,콘서트·공연,뮤지컬 〈그날들〉 - 광주,2026-10-10 ~ 2026-10-11,성인 (개인 관람 적합),광주예술의전당 대극장,5,인터파크 티켓 실시간 인기 콘텐츠 [뮤지컬 〈그날들〉 - 광주]. 혼자 즐기기 좋은 몰입감 있는 콘텐츠입니다.,https://tickets.interpark.com//ticket.interpark.com/Tiki/Main/TiKiGoodsinfo.asp?GoodsCode=26011345,family:0.7;couple:0.95;single:0.6;뮤지컬;인터파크실시간,2026-08-23 04:38:55,concert:1.0;immersive:0.9;indoor:0.7,5,60,🎵 몰입감 있는 공연으로 혼자 즐기기 좋은 라이브 콘텐츠
인터파크 티켓,콘서트·공연,뮤지컬 〈카페인〉,2026-08-20 ~ 2026-10-25,성인 (개인 관람 적합),대학로 더굿씨어터,3,인터파크 티켓 실시간 인기 콘텐츠 [뮤지컬 〈카페인〉]. 혼자 즐기기 좋은 몰입감 있는 콘텐츠입니다.,https://tickets.interpark.com//ticket.interpark.com/Tiki/Main/TiKiGoodsinfo.asp?GoodsCode=26010929,family:0.7;couple:0.95;single:0.6;뮤지컬;인터파크실시간,2026-08-23 04:38:55,concert:1.0;immersive:0.9;indoor:0.7,3,60,🎵 몰입감 있는 공연으로 혼자 즐기기 좋은 라이브 콘텐츠
인터파크 티켓,콘서트·공연,뮤지컬 〈푸른 꽃〉,2026-08-13 ~ 2026-10-25,성인 (개인 관람 적합),충무아트센터 중극장 블랙,3,인터파크 티켓 실시간 인기 콘텐츠 [뮤지컬 〈푸른 꽃〉]. 혼자 즐기기 좋은 몰입감 있는 콘텐츠입니다.,https://tickets.interpark.com//ticket.interpark.com/Tiki/Main/TiKiGoodsinfo.asp?GoodsCode=26009616,family:0.7;couple:0.95;single:0.6;뮤지컬;인터파크실시간,2026-08-23 04:38:55,concert:1.0;immersive:0.9;indoor:0.7,3,60,🎵 몰입감 있는 공연으로 혼자 즐기기 좋은 라이브 콘텐츠
인터파크 티켓,독립서점,"뮤지컬 〈어서 오세요, 휴남동 서점입니다〉 - 서울",2025-03-01 ~ 2026-09-30,성인 (개인 관람 적합),루미나아트홀,2,"인터파크 티켓 실시간 인기 콘텐츠 [뮤지컬 〈어서 오세요, 휴남동 서점입니다〉 - 서울]. 혼자 즐기기 좋은 몰입감 있는 콘텐츠입니다.",https://tickets.interpark.com//ticket.interpark.com/Tiki/Main/TiKiGoodsinfo.asp?GoodsCode=26002729,family:0.7;couple:0.95;single:0.6;뮤지컬;인터파크실시간,2026-08-23 04:38:55,bookstore:1.0;quiet:1.0;indoor:1.0,5,60,📚 혼자만의 시간을 보내기 좋은 조용한 독서 공간
인터파크 티켓,콘서트·공연,뮤지컬 〈해몽가〉,2026-06-25 ~ 2026-09-13,성인 (개인 관람 적합),예스24스테이지 1관,2,인터파크 티켓 실시간 인기 콘텐츠 [뮤지컬 〈해몽가〉]. 혼자 즐기기 좋은 몰입감 있는 콘텐츠입니다.,https://tickets.interpark.com//ticket.interpark.com/Tiki/Main/TiKiGoodsinfo.asp?GoodsCode=26007355,family:0.7;couple:0.95;single:0.6;뮤지컬;인터파크실시간,2026-08-23 04:38:55,concert:1.0;immersive:0.9;indoor:0.7,3,60,🎵 몰입감 있는 공연으로 혼자 즐기기 좋은 라이브 콘텐츠
인터파크 티켓,콘서트·공연,창작뮤지컬 〈거제도〉 - 거제,2026-08-26 ~ 2026-08-27,성인 (개인 관람 적합),거제문화예술회관 소극장,1,인터파크 티켓 실시간 인기 콘텐츠 [창작뮤지컬 〈거제도〉 - 거제]. 혼자 즐기기 좋은 몰입감 있는 콘텐츠입니다.,https://tickets.interpark.com//ticket.interpark.com/Tiki/Main/TiKiGoodsinfo.asp?GoodsCode=26007817,family:0.7;couple:0.95;single:0.6;뮤지컬;인터파크실시간,2026-08-23 04:38:55,concert:1.0;immersive:0.9;indoor:0.7,3,60,🎵 몰입감 있는 공연으로 혼자 즐기기 좋은 라이브 콘텐츠
인터파크 티켓,콘서트·공연,뮤지컬 〈그날들〉 - 인천,2026-10-03 ~ 2026-10-04,성인 (개인 관람 적합),인천문화예술회관 대공연장,4,인터파크 티켓 실시간 인기 콘텐츠 [뮤지컬 〈그날들〉 - 인천]. 혼자 즐기기 좋은 몰입감 있는 콘텐츠입니다.,https://tickets.interpark.com//ticket.interpark.com/Tiki/Main/TiKiGoodsinfo.asp?GoodsCode=26011269,family:0.7;couple:0.95;single:0.6;뮤지컬;인터파크실시간,2026-08-23 04:38:55,concert:1.0;immersive:0.9;indoor:0.7,5,60,🎵 몰입감 있는 공연으로 혼자 즐기기 좋은 라이브 콘텐츠
인터파크 티켓,콘서트·공연,최현우 19+I - 이천,2026-11-14 ~ 2026-11-15,성인 (개인 관람 적합),이천아트홀 대공연장,3,인터파크 티켓 실시간 인기 콘텐츠 [최현우 19+I - 이천]. 혼자 즐기기 좋은 몰입감 있는 콘텐츠입니다.,https://tickets.interpark.com//ticket.interpark.com/Tiki/Main/TiKiGoodsinfo.asp?GoodsCode=26009532,family:0.7;couple:0.95;single:0.6;뮤지컬;인터파크실시간,2026-08-23 04:38:55,concert:1.0;immersive:0.9;indoor:0.7,4,60,🎵 몰입감 있는 공연으로 혼자 즐기기 좋은 라이브 콘텐츠
인터파크 티켓,콘서트·공연,국립창극단 〈오이디푸스〉,2026-11-26 ~ 2026-12-05,성인 (개인 관람 적합),국립극장 달오름극장,2,인터파크 티켓 실시간 인기 콘텐츠 [국립창극단 〈오이디푸스〉]. 혼자 즐기기 좋은 몰입감 있는 콘텐츠입니다.,https://tickets.interpark.com//ticket.interpark.com/Tiki/Main/TiKiGoodsinfo.asp?GoodsCode=26010041,family:0.7;couple:0.95;single:0.6;뮤지컬;인터파크실시간,2026-08-23 04:38:55,concert:1.0;immersive:0.9;indoor:0.7,4,60,🎵 몰입감 있는 공연으로 혼자 즐기기 좋은 라이브 콘텐츠
인터파크 티켓,콘서트·공연,2026 세계음악극축제 : 혜성컴퍼니 〈백만사〉,2026-09-24 ~ 2026-09-26,성인 (개인 관람 적합),국립극장 달오름극장,2,인터파크 티켓 실시간 인기 콘텐츠 [2026 세계음악극축제 : 혜성컴퍼니 〈백만사〉]. 혼자 즐기기 좋은 몰입감 있는 콘텐츠입니다.,https://tickets.interpark.com//ticket.interpark.com/Tiki/Main/TiKiGoodsinfo.asp?GoodsCode=26010134,family:0.7;couple:0.95;single:0.6;뮤지컬;인터파크실시간,2026-08-23 04:38:55,concert:1.0;immersive:0.9;indoor:0.7,4,60,🎵 몰입감 있는 공연으로 혼자 즐기기 좋은 라이브 콘텐츠
인터파크 티켓,콘서트·공연,뮤지컬 달그림자 카페 - 대전,2026-08-20 ~ 2026-08-23,성인 (개인 관람 적합),소극장 고도,1,인터파크 티켓 실시간 인기 콘텐츠 [뮤지컬 달그림자 카페 - 대전]. 혼자 즐기기 좋은 몰입감 있는 콘텐츠입니다.,https://tickets.interpark.com//ticket.interpark.com/Tiki/Main/TiKiGoodsinfo.asp?GoodsCode=26011499,family:0.7;couple:0.95;single:0.6;뮤지컬;인터파크실시간,2026-08-23 04:38:55,concert:1.0;immersive:0.9;indoor:0.7,4,60,🎵 몰입감 있는 공연으로 혼자 즐기기 좋은 라이브 콘텐츠
인터파크 티켓,콘서트·공연,〈프랑켄슈타인 : 더 뮤지컬 콘서트〉 - 성남,2026-09-12 ~ 2026-09-13,성인 (개인 관람 적합),성남아트센터 오페라하우스,4,인터파크 티켓 실시간 인기 콘텐츠 [〈프랑켄슈타인 : 더 뮤지컬 콘서트〉 - 성남]. 혼자 즐기기 좋은 몰입감 있는 콘텐츠입니다.,https://tickets.interpark.com//ticket.interpark.com/Tiki/Main/TiKiGoodsinfo.asp?GoodsCode=26010911,family:0.7;couple:0.95;single:0.6;뮤지컬;인터파크실시간,2026-08-23 04:38:55,concert:1.0;immersive:0.9;indoor:0.7,3,60,🎵 몰입감 있는 공연으로 혼자 즐기기 좋은 라이브 콘텐츠
인터파크 티켓,콘서트·공연,난타(NANTA) - 명동공연,2022-07-08 ~ 2026-12-31,성인 (개인 관람 적합),명동난타극장,2,인터파크 티켓 실시간 인기 콘텐츠 [난타(NANTA) - 명동공연]. 혼자 즐기기 좋은 몰입감 있는 콘텐츠입니다.,https://tickets.interpark.com//ticket.interpark.com/Tiki/Main/TiKiGoodsinfo.asp?GoodsCode=22006637,family:0.7;couple:0.95;single:0.6;뮤지컬;인터파크실시간,2026-08-23 04:38:55,concert:1.0;immersive:0.9;indoor:0.7,5,60,🎵 몰입감 있는 공연으로 혼자 즐기기 좋은 라이브 콘텐츠
인터파크 티켓,콘서트·공연,뮤지컬 〈키키의 경계성 인격장애 다이어리〉,2026-07-30 ~ 2026-10-04,성인 (개인 관람 적합),대학로 SH아트홀,2,인터파크 티켓 실시간 인기 콘텐츠 [뮤지컬 〈키키의 경계성 인격장애 다이어리〉]. 혼자 즐기기 좋은 몰입감 있는 콘텐츠입니다.,https://tickets.interpark.com//ticket.interpark.com/Tiki/Main/TiKiGoodsinfo.asp?GoodsCode=26008712,family:0.7;couple:0.95;single:0.6;뮤지컬;인터파크실시간,2026-08-23 04:38:55,concert:1.0;immersive:0.9;indoor:0.7,4,60,🎵 몰입감 있는 공연으로 혼자 즐기기 좋은 라이브 콘텐츠
인터파크 티켓,콘서트·공연,죽은 시인의 사회,2026-07-18 ~ 2026-09-13,성인 (개인 관람 적합),NOL 씨어터 대학로 우리카드홀,9,인터파크 티켓 실시간 인기 콘텐츠 [죽은 시인의 사회]. 혼자 즐기기 좋은 몰입감 있는 콘텐츠입니다.,https://tickets.interpark.com//ticket.interpark.com/Tiki/Main/TiKiGoodsinfo.asp?GoodsCode=26006175,family:0.5;couple:0.6;single:0.9;연극;인터파크실시간,2026-08-23 04:38:55,concert:1.0;immersive:0.9;indoor:0.7,5,90,🎵 몰입감 있는 공연으로 혼자 즐기기 좋은 라이브 콘텐츠
인터파크 티켓,콘서트·공연,연극 〈2호선세입자〉 : 지하철 생존 코미디 - JS아트홀,2026-07-11 ~ 2026-09-30,성인 (개인 관람 적합),"JS아트홀(구,고스트씨어터)",6,인터파크 티켓 실시간 인기 콘텐츠 [연극 〈2호선세입자〉 : 지하철 생존 코미디 - JS아트홀]. 혼자 즐기기 좋은 몰입감 있는 콘텐츠입니다.,https://tickets.interpark.com//ticket.interpark.com/Tiki/Main/TiKiGoodsinfo.asp?GoodsCode=26008423,family:0.5;couple:0.6;single:0.9;연극;인터파크실시간,2026-08-23 04:38:55,concert:1.0;immersive:0.9;indoor:0.7,4,90,🎵 몰입감 있는 공연으로 혼자 즐기기 좋은 라이브 콘텐츠
인터파크 티켓,콘서트·공연,블랙코미디 최강자! 연극 〈죽여주는 이야기〉- 18주년,2008-05-15 ~ 2026-11-30,성인 (개인 관람 적합),지인시어터(구.알과핵소극장),4,인터파크 티켓 실시간 인기 콘텐츠 [블랙코미디 최강자! 연극 〈죽여주는 이야기〉- 18주년]. 혼자 즐기기 좋은 몰입감 있는 콘텐츠입니다.,https://tickets.interpark.com//ticket.interpark.com/Tiki/Main/TiKiGoodsinfo.asp?GoodsCode=26003518,family:0.5;couple:0.6;single:0.9;연극;인터파크실시간,2026-08-23 04:38:55,concert:1.0;immersive:0.9;indoor:0.7,3,90,🎵 몰입감 있는 공연으로 혼자 즐기기 좋은 라이브 콘텐츠
인터파크 티켓,콘서트·공연,연극 〈타인의 삶〉,2026-07-01 ~ 2026-09-13,성인 (개인 관람 적합),LG아트센터 서울 U+ 스테이지,7,인터파크 티켓 실시간 인기 콘텐츠 [연극 〈타인의 삶〉]. 혼자 즐기기 좋은 몰입감 있는 콘텐츠입니다.,https://tickets.interpark.com//ticket.interpark.com/Tiki/Main/TiKiGoodsinfo.asp?GoodsCode=L0000143,family:0.5;couple:0.6;single:0.9;연극;인터파크실시간,2026-08-23 04:38:55,concert:1.0;immersive:0.9;indoor:0.7,4,90,🎵 몰입감 있는 공연으로 혼자 즐기기 좋은 라이브 콘텐츠
인터파크 티켓,콘서트·공연,"연극 〈쉬어매드니스〉-웃음은 시원하게, 추리는 치열하게! 당신이 완성할 결말!",2015-11-12 ~ 2026-09-30,성인 (개인 관람 적합),콘텐츠박스(KONTENTZ BOX),4,"인터파크 티켓 실시간 인기 콘텐츠 [연극 〈쉬어매드니스〉-웃음은 시원하게, 추리는 치열하게! 당신이 완성할 결말!]. 혼자 즐기기 좋은 몰입감 있는 콘텐츠입니다.",https://tickets.interpark.com//ticket.interpark.com/Tiki/Main/TiKiGoodsinfo.asp?GoodsCode=24006928,family:0.5;couple:0.6;single:0.9;연극;인터파크실시간,2026-08-23 04:38:55,concert:1.0;immersive:0.9;indoor:0.7,5,90,🎵 몰입감 있는 공연으로 혼자 즐기기 좋은 라이브 콘텐츠
인터파크 티켓,콘서트·공연,연극 〈알테르 에고 Alter Ego(s)〉,2026-09-06 ~ 2026-11-22,성인 (개인 관람 적합),예스24스테이지 3관,6,인터파크 티켓 실시간 인기 콘텐츠 [연극 〈알테르 에고 Alter Ego(s)〉]. 혼자 즐기기 좋은 몰입감 있는 콘텐츠입니다.,https://tickets.interpark.com//ticket.interpark.com/Tiki/Main/TiKiGoodsinfo.asp?GoodsCode=26010933,family:0.5;couple:0.6;single:0.9;연극;인터파크실시간,2026-08-23 04:38:55,concert:1.0;immersive:0.9;indoor:0.7,4,90,🎵 몰입감 있는 공연으로 혼자 즐기기 좋은 라이브 콘텐츠
인터파크 티켓,콘서트·공연,2026 예술의전당 토월정통연극 〈유리동물원〉,2026-10-17 ~ 2026-11-22,성인 (개인 관람 적합),예술의전당 CJ 토월극장,7,인터파크 티켓 실시간 인기 콘텐츠 [2026 예술의전당 토월정통연극 〈유리동물원〉]. 혼자 즐기기 좋은 몰입감 있는 콘텐츠입니다.,https://tickets.interpark.com//ticket.interpark.com/Tiki/Main/TiKiGoodsinfo.asp?GoodsCode=26011438,family:0.5;couple:0.6;single:0.9;연극;인터파크실시간,2026-08-23 04:38:55,concert:1.0;immersive:0.9;indoor:0.7,5,90,🎵 몰입감 있는 공연으로 혼자 즐기기 좋은 라이브 콘텐츠
인터파크 티켓,콘서트·공연,대학로 혜화 연극 한뼘사이,2025-05-01 ~ 2026-09-30,성인 (개인 관람 적합),라온아트홀,4,인터파크 티켓 실시간 인기 콘텐츠 [대학로 혜화 연극 한뼘사이]. 혼자 즐기기 좋은 몰입감 있는 콘텐츠입니다.,https://tickets.interpark.com//ticket.interpark.com/Tiki/Main/TiKiGoodsinfo.asp?GoodsCode=25005387,family:0.5;couple:0.6;single:0.9;연극;인터파크실시간,2026-08-23 04:38:55,concert:1.0;immersive:0.9;indoor:0.7,5,90,🎵 몰입감 있는 공연으로 혼자 즐기기 좋은 라이브 콘텐츠
인터파크 티켓,콘서트·공연,연극 〈꽃의 비밀〉,2026-09-12 ~ 2026-11-29,성인 (개인 관람 적합),링크아트센터 벅스홀,6,인터파크 티켓 실시간 인기 콘텐츠 [연극 〈꽃의 비밀〉]. 혼자 즐기기 좋은 몰입감 있는 콘텐츠입니다.,https://tickets.interpark.com//ticket.interpark.com/Tiki/Main/TiKiGoodsinfo.asp?GoodsCode=26011174,family:0.5;couple:0.6;single:0.9;연극;인터파크실시간,2026-08-23 04:38:55,concert:1.0;immersive:0.9;indoor:0.7,4,90,🎵 몰입감 있는 공연으로 혼자 즐기기 좋은 라이브 콘텐츠
인터파크 티켓,콘서트·공연,연극 〈더 헬멧〉,2026-07-09 ~ 2026-10-11,성인 (개인 관람 적합),홍익대 대학로 아트센터 소극장,6,인터파크 티켓 실시간 인기 콘텐츠 [연극 〈더 헬멧〉]. 혼자 즐기기 좋은 몰입감 있는 콘텐츠입니다.,https://tickets.interpark.com//ticket.interpark.com/Tiki/Main/TiKiGoodsinfo.asp?GoodsCode=26007583,family:0.5;couple:0.6;single:0.9;연극;인터파크실시간,2026-08-23 04:38:55,concert:1.0;immersive:0.9;indoor:0.7,3,90,🎵 몰입감 있는 공연으로 혼자 즐기기 좋은 라이브 콘텐츠
인터파크 티켓,콘서트·공연,2026연극 사랑해엄마,2026-05-01 ~ 2026-10-25,성인 (개인 관람 적합),대학로 아트하우스,4,인터파크 티켓 실시간 인기 콘텐츠 [2026연극 사랑해엄마]. 혼자 즐기기 좋은 몰입감 있는 콘텐츠입니다.,https://tickets.interpark.com//ticket.interpark.com/Tiki/Main/TiKiGoodsinfo.asp?GoodsCode=26005154,family:0.5;couple:0.6;single:0.9;연극;인터파크실시간,2026-08-23 04:38:55,concert:1.0;immersive:0.9;indoor:0.7,4,90,🎵 몰입감 있는 공연으로 혼자 즐기기 좋은 라이브 콘텐츠
인터파크 티켓,콘서트·공연,코믹추리스릴러 연극 〈행오버〉 - 12년째 공연 중,2014-09-11 ~ 2026-11-30,성인 (개인 관람 적합),정극장,3,인터파크 티켓 실시간 인기 콘텐츠 [코믹추리스릴러 연극 〈행오버〉 - 12년째 공연 중]. 혼자 즐기기 좋은 몰입감 있는 콘텐츠입니다.,https://tickets.interpark.com//ticket.interpark.com/Tiki/Main/TiKiGoodsinfo.asp?GoodsCode=26002148,family:0.5;couple:0.6;single:0.9;연극;인터파크실시간,2026-08-23 04:38:55,concert:1.0;immersive:0.9;indoor:0.7,4,90,🎵 몰입감 있는 공연으로 혼자 즐기기 좋은 라이브 콘텐츠
인터파크 티켓,콘서트·공연,음악극 〈섬: 1933~2019〉,2026-09-22 ~ 2026-11-22,성인 (개인 관람 적합),국립정동극장,5,인터파크 티켓 실시간 인기 콘텐츠 [음악극 〈섬: 1933~2019〉]. 혼자 즐기기 좋은 몰입감 있는 콘텐츠입니다.,https://tickets.interpark.com//ticket.interpark.com/Tiki/Main/TiKiGoodsinfo.asp?GoodsCode=26011828,family:0.5;couple:0.6;single:0.9;연극;인터파크실시간,2026-08-23 04:38:55,concert:1.0;immersive:0.9;indoor:0.7,5,90,🎵 몰입감 있는 공연으로 혼자 즐기기 좋은 라이브 콘텐츠
인터파크 티켓,콘서트·공연,국립극단 ［안트로폴리스Ⅲ］ 오이디푸스,2026-09-24 ~ 2026-10-18,성인 (개인 관람 적합),국립극단 명동예술극장,4,인터파크 티켓 실시간 인기 콘텐츠 [국립극단 ［안트로폴리스Ⅲ］ 오이디푸스]. 혼자 즐기기 좋은 몰입감 있는 콘텐츠입니다.,https://tickets.interpark.com//ticket.interpark.com/Tiki/Main/TiKiGoodsinfo.asp?GoodsCode=26009959,family:0.5;couple:0.6;single:0.9;연극;인터파크실시간,2026-08-23 04:38:55,concert:1.0;immersive:0.9;indoor:0.7,4,90,🎵 몰입감 있는 공연으로 혼자 즐기기 좋은 라이브 콘텐츠
인터파크 티켓,콘서트·공연,19금 섹시코미디연극 〈핫식스〉,2023-04-03 ~ 2026-09-30,성인 (개인 관람 적합),도토리씨어터,3,인터파크 티켓 실시간 인기 콘텐츠 [19금 섹시코미디연극 〈핫식스〉]. 혼자 즐기기 좋은 몰입감 있는 콘텐츠입니다.,https://tickets.interpark.com//ticket.interpark.com/Tiki/Main/TiKiGoodsinfo.asp?GoodsCode=23003616,family:0.5;couple:0.6;single:0.9;연극;인터파크실시간,2026-08-23 04:38:55,concert:1.0;immersive:0.9;indoor:0.7,3,90,🎵 몰입감 있는 공연으로 혼자 즐기기 좋은 라이브 콘텐츠
인터파크 티켓,콘서트·공연,연극 〈플리백 (Fleabag)〉 한국 초연,2026-06-19 ~ 2026-09-06,성인 (개인 관람 적합),두산아트센터 연강홀,4,인터파크 티켓 실시간 인기 콘텐츠 [연극 〈플리백 (Fleabag)〉 한국 초연]. 혼자 즐기기 좋은 몰입감 있는 콘텐츠입니다.,https://tickets.interpark.com//ticket.interpark.com/Tiki/Main/TiKiGoodsinfo.asp?GoodsCode=26006445,family:0.5;couple:0.6;single:0.9;연극;인터파크실시간,2026-08-23 04:38:55,concert:1.0;immersive:0.9;indoor:0.7,4,90,🎵 몰입감 있는 공연으로 혼자 즐기기 좋은 라이브 콘텐츠
인터파크 티켓,콘서트·공연,진짜 좀비! 코믹공포연극 〈오마이갓〉,2023-04-11 ~ 2026-09-30,성인 (개인 관람 적합),대학로 오마이갓 전용관,3,인터파크 티켓 실시간 인기 콘텐츠 [진짜 좀비! 코믹공포연극 〈오마이갓〉]. 혼자 즐기기 좋은 몰입감 있는 콘텐츠입니다.,https://tickets.interpark.com//ticket.interpark.com/Tiki/Main/TiKiGoodsinfo.asp?GoodsCode=23004562,family:0.5;couple:0.6;single:0.9;연극;인터파크실시간,2026-08-23 04:38:55,concert:1.0;immersive:0.9;indoor:0.7,3,90,🎵 몰입감 있는 공연으로 혼자 즐기기 좋은 라이브 콘텐츠
인터파크 티켓,콘서트·공연,연극 〈오이디푸스〉,2026-07-04 ~ 2026-08-23,성인 (개인 관람 적합),세종문화회관 M씨어터,4,인터파크 티켓 실시간 인기 콘텐츠 [연극 〈오이디푸스〉]. 혼자 즐기기 좋은 몰입감 있는 콘텐츠입니다.,https://tickets.interpark.com//ticket.interpark.com/Tiki/Main/TiKiGoodsinfo.asp?GoodsCode=P0004710,family:0.5;couple:0.6;single:0.9;연극;인터파크실시간,2026-08-23 04:38:55,concert:1.0;immersive:0.9;indoor:0.7,4,90,🎵 몰입감 있는 공연으로 혼자 즐기기 좋은 라이브 콘텐츠
인터파크 티켓,콘서트·공연,연극 〈마트로시카〉,2026-05-01 ~ 2027-01-03,성인 (개인 관람 적합),명보아트홀 3층 라온홀,4,인터파크 티켓 실시간 인기 콘텐츠 [연극 〈마트로시카〉]. 혼자 즐기기 좋은 몰입감 있는 콘텐츠입니다.,https://tickets.interpark.com//ticket.interpark.com/Tiki/Main/TiKiGoodsinfo.asp?GoodsCode=26005602,family:0.5;couple:0.6;single:0.9;연극;인터파크실시간,2026-08-23 04:38:55,concert:1.0;immersive:0.9;indoor:0.7,4,90,🎵 몰입감 있는 공연으로 혼자 즐기기 좋은 라이브 콘텐츠
인터파크 티켓,콘서트·공연,연극 〈댄포스가 옳았다〉,2026-06-12 ~ 2026-08-30,성인 (개인 관람 적합),예스24스테이지 3관,4,인터파크 티켓 실시간 인기 콘텐츠 [연극 〈댄포스가 옳았다〉]. 혼자 즐기기 좋은 몰입감 있는 콘텐츠입니다.,https://tickets.interpark.com//ticket.interpark.com/Tiki/Main/TiKiGoodsinfo.asp?GoodsCode=26006311,family:0.5;couple:0.6;single:0.9;연극;인터파크실시간,2026-08-23 04:38:55,concert:1.0;immersive:0.9;indoor:0.7,3,90,🎵 몰입감 있는 공연으로 혼자 즐기기 좋은 라이브 콘텐츠
인터파크 티켓,콘서트·공연,대구 동성로 공포연극 〈스위치〉 - 대구,2026-07-09 ~ 2026-08-30,성인 (개인 관람 적합),문화예술전용극장 CT,3,인터파크 티켓 실시간 인기 콘텐츠 [대구 동성로 공포연극 〈스위치〉 - 대구]. 혼자 즐기기 좋은 몰입감 있는 콘텐츠입니다.,https://tickets.interpark.com//ticket.interpark.com/Tiki/Main/TiKiGoodsinfo.asp?GoodsCode=26008310,family:0.5;couple:0.6;single:0.9;연극;인터파크실시간,2026-08-23 04:38:55,concert:1.0;immersive:0.9;indoor:0.7,3,90,🎵 몰입감 있는 공연으로 혼자 즐기기 좋은 라이브 콘텐츠
인터파크 티켓,콘서트·공연,대학로 혜화 연극 사내연애 보고서,2024-07-01 ~ 2026-09-30,성인 (개인 관람 적합),대학로 제나아트홀,2,인터파크 티켓 실시간 인기 콘텐츠 [대학로 혜화 연극 사내연애 보고서]. 혼자 즐기기 좋은 몰입감 있는 콘텐츠입니다.,https://tickets.interpark.com//ticket.interpark.com/Tiki/Main/TiKiGoodsinfo.asp?GoodsCode=24008626,family:0.5;couple:0.6;single:0.9;연극;인터파크실시간,2026-08-23 04:38:55,concert:1.0;immersive:0.9;indoor:0.7,3,90,🎵 몰입감 있는 공연으로 혼자 즐기기 좋은 라이브 콘텐츠
인터파크 티켓,콘서트·공연,연극〈늘근도둑이야기〉,2022-03-05 ~ 2026-09-30,성인 (개인 관람 적합),대학로 아트포레스트 1관,2,인터파크 티켓 실시간 인기 콘텐츠 [연극〈늘근도둑이야기〉]. 혼자 즐기기 좋은 몰입감 있는 콘텐츠입니다.,https://tickets.interpark.com//ticket.interpark.com/Tiki/Main/TiKiGoodsinfo.asp?GoodsCode=22001159,family:0.5;couple:0.6;single:0.9;연극;인터파크실시간,2026-08-23 04:38:55,concert:1.0;immersive:0.9;indoor:0.7,4,90,🎵 몰입감 있는 공연으로 혼자 즐기기 좋은 라이브 콘텐츠
인터파크 티켓,콘서트·공연,연극 〈내가 하면 로맨스〉,2026-05-01 ~ 2026-09-30,성인 (개인 관람 적합),대학로 하마씨어터,4,인터파크 티켓 실시간 인기 콘텐츠 [연극 〈내가 하면 로맨스〉]. 혼자 즐기기 좋은 몰입감 있는 콘텐츠입니다.,https://tickets.interpark.com//ticket.interpark.com/Tiki/Main/TiKiGoodsinfo.asp?GoodsCode=26004699,family:0.5;couple:0.6;single:0.9;연극;인터파크실시간,2026-08-23 04:38:55,concert:1.0;immersive:0.9;indoor:0.7,4,90,🎵 몰입감 있는 공연으로 혼자 즐기기 좋은 라이브 콘텐츠
인터파크 티켓,콘서트·공연,코믹추리극 ［마피아게임］,2026-03-07 ~ 2026-09-30,성인 (개인 관람 적합),아라아트홀,2,인터파크 티켓 실시간 인기 콘텐츠 [코믹추리극 ［마피아게임］]. 혼자 즐기기 좋은 몰입감 있는 콘텐츠입니다.,https://tickets.interpark.com//ticket.interpark.com/Tiki/Main/TiKiGoodsinfo.asp?GoodsCode=26002527,family:0.5;couple:0.6;single:0.9;연극;인터파크실시간,2026-08-23 04:38:55,concert:1.0;immersive:0.9;indoor:0.7,4,90,🎵 몰입감 있는 공연으로 혼자 즐기기 좋은 라이브 콘텐츠
인터파크 티켓,콘서트·공연,뮤직드라마 〈불편한 편의점1〉 - 부산,2026-03-28 ~ 2026-08-30,성인 (개인 관람 적합),KNN시어터,3,인터파크 티켓 실시간 인기 콘텐츠 [뮤직드라마 〈불편한 편의점1〉 - 부산]. 혼자 즐기기 좋은 몰입감 있는 콘텐츠입니다.,https://tickets.interpark.com//ticket.interpark.com/Tiki/Main/TiKiGoodsinfo.asp?GoodsCode=26001679,family:0.5;couple:0.6;single:0.9;연극;인터파크실시간,2026-08-23 04:38:55,concert:1.0;immersive:0.9;indoor:0.7,3,90,🎵 몰입감 있는 공연으로 혼자 즐기기 좋은 라이브 콘텐츠
인터파크 티켓,콘서트·공연,국민연극 〈라이어〉 - 상명아트홀 1관,2025-01-10 ~ 2026-09-30,성인 (개인 관람 적합),상명아트홀 1관,2,인터파크 티켓 실시간 인기 콘텐츠 [국민연극 〈라이어〉 - 상명아트홀 1관]. 혼자 즐기기 좋은 몰입감 있는 콘텐츠입니다.,https://tickets.interpark.com//ticket.interpark.com/Tiki/Main/TiKiGoodsinfo.asp?GoodsCode=24017527,family:0.5;couple:0.6;single:0.9;연극;인터파크실시간,2026-08-23 04:38:55,concert:1.0;immersive:0.9;indoor:0.7,3,90,🎵 몰입감 있는 공연으로 혼자 즐기기 좋은 라이브 콘텐츠
인터파크 티켓,콘서트·공연,대학로 혜화 연극 플러팅,2026-06-02 ~ 2026-09-30,성인 (개인 관람 적합),대학로 라온씨어터,2,인터파크 티켓 실시간 인기 콘텐츠 [대학로 혜화 연극 플러팅]. 혼자 즐기기 좋은 몰입감 있는 콘텐츠입니다.,https://tickets.interpark.com//ticket.interpark.com/Tiki/Main/TiKiGoodsinfo.asp?GoodsCode=26007360,family:0.5;couple:0.6;single:0.9;연극;인터파크실시간,2026-08-23 04:38:55,concert:1.0;immersive:0.9;indoor:0.7,5,90,🎵 몰입감 있는 공연으로 혼자 즐기기 좋은 라이브 콘텐츠
인터파크 티켓,콘서트·공연,연극 사랑해엄마 (인천),2026-09-05 ~ 2026-09-06,성인 (개인 관람 적합),인천문화예술회관 대공연장,4,인터파크 티켓 실시간 인기 콘텐츠 [연극 사랑해엄마 (인천)]. 혼자 즐기기 좋은 몰입감 있는 콘텐츠입니다.,https://tickets.interpark.com//ticket.interpark.com/Tiki/Main/TiKiGoodsinfo.asp?GoodsCode=26006949,family:0.5;couple:0.6;single:0.9;연극;인터파크실시간,2026-08-23 04:38:55,concert:1.0;immersive:0.9;indoor:0.7,5,90,🎵 몰입감 있는 공연으로 혼자 즐기기 좋은 라이브 콘텐츠
인터파크 티켓,콘서트·공연,대학로 대표 코믹 힐링극 〈뷰티풀라이프〉,2018-02-20 ~ 2026-09-30,성인 (개인 관람 적합),JTN 아트홀 4관,2,인터파크 티켓 실시간 인기 콘텐츠 [대학로 대표 코믹 힐링극 〈뷰티풀라이프〉]. 혼자 즐기기 좋은 몰입감 있는 콘텐츠입니다.,https://tickets.interpark.com//ticket.interpark.com/Tiki/Main/TiKiGoodsinfo.asp?GoodsCode=18001569,family:0.5;couple:0.6;single:0.9;연극;인터파크실시간,2026-08-23 04:38:55,concert:1.0;immersive:0.9;indoor:0.7,4,90,🎵 몰입감 있는 공연으로 혼자 즐기기 좋은 라이브 콘텐츠
인터파크 티켓,콘서트·공연,그레잇코미디추리극 〈히든퍼즐〉,2026-07-01 ~ 2026-09-30,성인 (개인 관람 적합),컬쳐씨어터,2,인터파크 티켓 실시간 인기 콘텐츠 [그레잇코미디추리극 〈히든퍼즐〉]. 혼자 즐기기 좋은 몰입감 있는 콘텐츠입니다.,https://tickets.interpark.com//ticket.interpark.com/Tiki/Main/TiKiGoodsinfo.asp?GoodsCode=26008016,family:0.5;couple:0.6;single:0.9;연극;인터파크실시간,2026-08-23 04:38:55,concert:1.0;immersive:0.9;indoor:0.7,3,90,🎵 몰입감 있는 공연으로 혼자 즐기기 좋은 라이브 콘텐츠
인터파크 티켓,콘서트·공연,공포연극 ［괴담: 위험한해시태그］,2026-05-01 ~ 2026-08-30,성인 (개인 관람 적합),미래아트홀,2,인터파크 티켓 실시간 인기 콘텐츠 [공포연극 ［괴담: 위험한해시태그］]. 혼자 즐기기 좋은 몰입감 있는 콘텐츠입니다.,https://tickets.interpark.com//ticket.interpark.com/Tiki/Main/TiKiGoodsinfo.asp?GoodsCode=26005266,family:0.5;couple:0.6;single:0.9;연극;인터파크실시간,2026-08-23 04:38:55,concert:1.0;immersive:0.9;indoor:0.7,3,90,🎵 몰입감 있는 공연으로 혼자 즐기기 좋은 라이브 콘텐츠
인터파크 티켓,콘서트·공연,연극 〈클로저〉,2026-09-15 ~ 2026-12-06,성인 (개인 관람 적합),예스24스테이지 2관,3,인터파크 티켓 실시간 인기 콘텐츠 [연극 〈클로저〉]. 혼자 즐기기 좋은 몰입감 있는 콘텐츠입니다.,https://tickets.interpark.com//ticket.interpark.com/Tiki/Main/TiKiGoodsinfo.asp?GoodsCode=26010918,family:0.5;couple:0.6;single:0.9;연극;인터파크실시간,2026-08-23 04:38:55,concert:1.0;immersive:0.9;indoor:0.7,5,90,🎵 몰입감 있는 공연으로 혼자 즐기기 좋은 라이브 콘텐츠
인터파크 티켓,콘서트·공연,대구동성로 연극 〈흉터〉 - 대구,2026-06-19 ~ 2026-08-30,성인 (개인 관람 적합),아트플러스씨어터,2,인터파크 티켓 실시간 인기 콘텐츠 [대구동성로 연극 〈흉터〉 - 대구]. 혼자 즐기기 좋은 몰입감 있는 콘텐츠입니다.,https://tickets.interpark.com//ticket.interpark.com/Tiki/Main/TiKiGoodsinfo.asp?GoodsCode=26006864,family:0.5;couple:0.6;single:0.9;연극;인터파크실시간,2026-08-23 04:38:55,concert:1.0;immersive:0.9;indoor:0.7,4,90,🎵 몰입감 있는 공연으로 혼자 즐기기 좋은 라이브 콘텐츠
인터파크 티켓,콘서트·공연,4D공포연극 〈스위치〉,2026-04-01 ~ 2026-09-30,성인 (개인 관람 적합),아스가르드 씨어터,2,인터파크 티켓 실시간 인기 콘텐츠 [4D공포연극 〈스위치〉]. 혼자 즐기기 좋은 몰입감 있는 콘텐츠입니다.,https://tickets.interpark.com//ticket.interpark.com/Tiki/Main/TiKiGoodsinfo.asp?GoodsCode=26003529,family:0.5;couple:0.6;single:0.9;연극;인터파크실시간,2026-08-23 04:38:55,concert:1.0;immersive:0.9;indoor:0.7,3,90,🎵 몰입감 있는 공연으로 혼자 즐기기 좋은 라이브 콘텐츠
인터파크 티켓,콘서트·공연,대학로 혜화 연극 수상한 룸메이트 - 원작 비누향기,2026-08-01 ~ 2026-09-30,성인 (개인 관람 적합),서연아트홀,2,인터파크 티켓 실시간 인기 콘텐츠 [대학로 혜화 연극 수상한 룸메이트 - 원작 비누향기]. 혼자 즐기기 좋은 몰입감 있는 콘텐츠입니다.,https://tickets.interpark.com//ticket.interpark.com/Tiki/Main/TiKiGoodsinfo.asp?GoodsCode=26010628,family:0.5;couple:0.6;single:0.9;연극;인터파크실시간,2026-08-23 04:38:55,concert:1.0;immersive:0.9;indoor:0.7,4,90,🎵 몰입감 있는 공연으로 혼자 즐기기 좋은 라이브 콘텐츠
인터파크 티켓,콘서트·공연,연극 〈시크릿하우스〉 - 부산,2026-07-23 ~ 2026-09-13,성인 (개인 관람 적합),BNK부산은행조은극장 1관,2,인터파크 티켓 실시간 인기 콘텐츠 [연극 〈시크릿하우스〉 - 부산]. 혼자 즐기기 좋은 몰입감 있는 콘텐츠입니다.,https://tickets.interpark.com//ticket.interpark.com/Tiki/Main/TiKiGoodsinfo.asp?GoodsCode=26008931,family:0.5;couple:0.6;single:0.9;연극;인터파크실시간,2026-08-23 04:38:55,concert:1.0;immersive:0.9;indoor:0.7,4,90,🎵 몰입감 있는 공연으로 혼자 즐기기 좋은 라이브 콘텐츠
인터파크 티켓,콘서트·공연,연극 〈나의PS파트너〉,2024-02-03 ~ 2026-09-30,성인 (개인 관람 적합),마루아트홀,2,인터파크 티켓 실시간 인기 콘텐츠 [연극 〈나의PS파트너〉]. 혼자 즐기기 좋은 몰입감 있는 콘텐츠입니다.,https://tickets.interpark.com//ticket.interpark.com/Tiki/Main/TiKiGoodsinfo.asp?GoodsCode=24001114,family:0.5;couple:0.6;single:0.9;연극;인터파크실시간,2026-08-23 04:38:55,concert:1.0;immersive:0.9;indoor:0.7,3,90,🎵 몰입감 있는 공연으로 혼자 즐기기 좋은 라이브 콘텐츠
인터파크 티켓,콘서트·공연,대학로 대표 코믹 연극 〈오백에삼십〉 - 서울,2024-03-01 ~ 2026-09-30,성인 (개인 관람 적합),JTN 아트홀 3관,2,인터파크 티켓 실시간 인기 콘텐츠 [대학로 대표 코믹 연극 〈오백에삼십〉 - 서울]. 혼자 즐기기 좋은 몰입감 있는 콘텐츠입니다.,https://tickets.interpark.com//ticket.interpark.com/Tiki/Main/TiKiGoodsinfo.asp?GoodsCode=24001916,family:0.5;couple:0.6;single:0.9;연극;인터파크실시간,2026-08-23 04:38:55,concert:1.0;immersive:0.9;indoor:0.7,3,90,🎵 몰입감 있는 공연으로 혼자 즐기기 좋은 라이브 콘텐츠
인터파크 티켓,콘서트·공연,배꼽 쏟고 눈물 잡는 연극 ［보물찾기］,2025-12-12 ~ 2026-09-30,성인 (개인 관람 적합),대학로 아트포레스트 2관,2,인터파크 티켓 실시간 인기 콘텐츠 [배꼽 쏟고 눈물 잡는 연극 ［보물찾기］]. 혼자 즐기기 좋은 몰입감 있는 콘텐츠입니다.,https://tickets.interpark.com//ticket.interpark.com/Tiki/Main/TiKiGoodsinfo.asp?GoodsCode=25017226,family:0.5;couple:0.6;single:0.9;연극;인터파크실시간,2026-08-23 04:38:55,concert:1.0;immersive:0.9;indoor:0.7,4,90,🎵 몰입감 있는 공연으로 혼자 즐기기 좋은 라이브 콘텐츠
인터파크 티켓,콘서트·공연,연극 〈타인의 삶〉 - 부산,2026-11-06 ~ 2026-11-07,성인 (개인 관람 적합),부산시민회관 대극장,3,인터파크 티켓 실시간 인기 콘텐츠 [연극 〈타인의 삶〉 - 부산]. 혼자 즐기기 좋은 몰입감 있는 콘텐츠입니다.,https://tickets.interpark.com//ticket.interpark.com/Tiki/Main/TiKiGoodsinfo.asp?GoodsCode=26008632,family:0.5;couple:0.6;single:0.9;연극;인터파크실시간,2026-08-23 04:38:55,concert:1.0;immersive:0.9;indoor:0.7,5,90,🎵 몰입감 있는 공연으로 혼자 즐기기 좋은 라이브 콘텐츠
인터파크 티켓,콘서트·공연,연극 〈베니스의 상인〉 - 이천,2026-09-11 ~ 2026-09-12,성인 (개인 관람 적합),이천아트홀 대공연장,3,인터파크 티켓 실시간 인기 콘텐츠 [연극 〈베니스의 상인〉 - 이천]. 혼자 즐기기 좋은 몰입감 있는 콘텐츠입니다.,https://tickets.interpark.com//ticket.interpark.com/Tiki/Main/TiKiGoodsinfo.asp?GoodsCode=26010608,family:0.5;couple:0.6;single:0.9;연극;인터파크실시간,2026-08-23 04:38:55,concert:1.0;immersive:0.9;indoor:0.7,4,90,🎵 몰입감 있는 공연으로 혼자 즐기기 좋은 라이브 콘텐츠
인터파크 티켓,콘서트·공연,［2026 M 초이스］ 연극 〈욕망이라는 이름의 전차〉,2026-10-08 ~ 2026-10-11,성인 (개인 관람 적합),마포아트센터 아트홀맥,2,인터파크 티켓 실시간 인기 콘텐츠 [［2026 M 초이스］ 연극 〈욕망이라는 이름의 전차〉]. 혼자 즐기기 좋은 몰입감 있는 콘텐츠입니다.,https://tickets.interpark.com//ticket.interpark.com/Tiki/Main/TiKiGoodsinfo.asp?GoodsCode=26012072,family:0.5;couple:0.6;single:0.9;연극;인터파크실시간,2026-08-23 04:38:55,concert:1.0;immersive:0.9;indoor:0.7,5,90,🎵 몰입감 있는 공연으로 혼자 즐기기 좋은 라이브 콘텐츠
인터파크 티켓,콘서트·공연,뮤직드라마 〈불편한 편의점〉 - 김호연 작가의 밀리언셀러 소설이 공연으로 재탄생 (서울),2023-04-08 ~ 2026-09-30,성인 (개인 관람 적합),올웨이즈씨어터,2,인터파크 티켓 실시간 인기 콘텐츠 [뮤직드라마 〈불편한 편의점〉 - 김호연 작가의 밀리언셀러 소설이 공연으로 재탄생 (서울)]. 혼자 즐기기 좋은 몰입감 있는 콘텐츠입니다.,https://tickets.interpark.com//ticket.interpark.com/Tiki/Main/TiKiGoodsinfo.asp?GoodsCode=26002626,family:0.5;couple:0.6;single:0.9;연극;인터파크실시간,2026-08-23 04:38:55,concert:1.0;immersive:0.9;indoor:0.7,5,90,🎵 몰입감 있는 공연으로 혼자 즐기기 좋은 라이브 콘텐츠
인터파크 티켓,콘서트·공연,2026연극 서울의별,2026-07-31 ~ 2026-10-18,성인 (개인 관람 적합),대학로 스타릿홀,2,인터파크 티켓 실시간 인기 콘텐츠 [2026연극 서울의별]. 혼자 즐기기 좋은 몰입감 있는 콘텐츠입니다.,https://tickets.interpark.com//ticket.interpark.com/Tiki/Main/TiKiGoodsinfo.asp?GoodsCode=26010016,family:0.5;couple:0.6;single:0.9;연극;인터파크실시간,2026-08-23 04:38:55,concert:1.0;immersive:0.9;indoor:0.7,4,90,🎵 몰입감 있는 공연으로 혼자 즐기기 좋은 라이브 콘텐츠
인터파크 티켓,콘서트·공연,서울 대학로 혜화 일상코미디 연극 라면,2024-02-01 ~ 2026-09-30,성인 (개인 관람 적합),대학로 해피씨어터,2,인터파크 티켓 실시간 인기 콘텐츠 [서울 대학로 혜화 일상코미디 연극 라면]. 혼자 즐기기 좋은 몰입감 있는 콘텐츠입니다.,https://tickets.interpark.com//ticket.interpark.com/Tiki/Main/TiKiGoodsinfo.asp?GoodsCode=24000171,family:0.5;couple:0.6;single:0.9;연극;인터파크실시간,2026-08-23 04:38:55,concert:1.0;immersive:0.9;indoor:0.7,4,90,🎵 몰입감 있는 공연으로 혼자 즐기기 좋은 라이브 콘텐츠
인터파크 티켓,콘서트·공연,산아래 사람들,2026-08-30 ~ 2026-08-30,성인 (개인 관람 적합),제이원씨어터,1,인터파크 티켓 실시간 인기 콘텐츠 [산아래 사람들]. 혼자 즐기기 좋은 몰입감 있는 콘텐츠입니다.,https://tickets.interpark.com//ticket.interpark.com/Tiki/Main/TiKiGoodsinfo.asp?GoodsCode=26012166,family:0.5;couple:0.6;single:0.9;연극;인터파크실시간,2026-08-23 04:38:55,concert:1.0;immersive:0.9;indoor:0.7,5,90,🎵 몰입감 있는 공연으로 혼자 즐기기 좋은 라이브 콘텐츠
인터파크 티켓,콘서트·공연,국립극장 기획 〈옹옹옹〉,2026-09-03 ~ 2026-09-06,성인 (개인 관람 적합),국립극장 달오름극장,2,인터파크 티켓 실시간 인기 콘텐츠 [국립극장 기획 〈옹옹옹〉]. 혼자 즐기기 좋은 몰입감 있는 콘텐츠입니다.,https://tickets.interpark.com//ticket.interpark.com/Tiki/Main/TiKiGoodsinfo.asp?GoodsCode=26010000,family:0.5;couple:0.6;single:0.9;연극;인터파크실시간,2026-08-23 04:38:55,concert:1.0;immersive:0.9;indoor:0.7,3,90,🎵 몰입감 있는 공연으로 혼자 즐기기 좋은 라이브 콘텐츠
인터파크 티켓,콘서트·공연,뮤직드라마 〈불편한 편의점2〉 - 김호연 작가의 베스트셀러 소설이 공연으로 재탄생 (서울),2026-04-01 ~ 2026-09-30,성인 (개인 관람 적합),후암씨어터,2,인터파크 티켓 실시간 인기 콘텐츠 [뮤직드라마 〈불편한 편의점2〉 - 김호연 작가의 베스트셀러 소설이 공연으로 재탄생 (서울)]. 혼자 즐기기 좋은 몰입감 있는 콘텐츠입니다.,https://tickets.interpark.com//ticket.interpark.com/Tiki/Main/TiKiGoodsinfo.asp?GoodsCode=26002144,family:0.5;couple:0.6;single:0.9;연극;인터파크실시간,2026-08-23 04:38:55,concert:1.0;immersive:0.9;indoor:0.7,4,90,🎵 몰입감 있는 공연으로 혼자 즐기기 좋은 라이브 콘텐츠
인터파크 티켓,콘서트·공연,뮤직드라마 〈불편한 편의점2〉 - 부산,2026-09-03 ~ 2026-12-31,성인 (개인 관람 적합),KNN시어터,2,인터파크 티켓 실시간 인기 콘텐츠 [뮤직드라마 〈불편한 편의점2〉 - 부산]. 혼자 즐기기 좋은 몰입감 있는 콘텐츠입니다.,https://tickets.interpark.com//ticket.interpark.com/Tiki/Main/TiKiGoodsinfo.asp?GoodsCode=26010588,family:0.5;couple:0.6;single:0.9;연극;인터파크실시간,2026-08-23 04:38:55,concert:1.0;immersive:0.9;indoor:0.7,3,90,🎵 몰입감 있는 공연으로 혼자 즐기기 좋은 라이브 콘텐츠
인터파크 티켓,콘서트·공연,2026 예술의전당 국제음악제 - 이승원 ＆ 아나스타샤 코베키나 with SAC 페스티벌 오케스트라,2026-08-23 ~ 2026-08-23,성인 (개인 관람 적합),예술의전당 콘서트홀,6,인터파크 티켓 실시간 인기 콘텐츠 [2026 예술의전당 국제음악제 - 이승원 ＆ 아나스타샤 코베키나 with SAC 페스티벌 오케스트라]. 혼자 즐기기 좋은 몰입감 있는 콘텐츠입니다.,https://tickets.interpark.com//ticket.interpark.com/Tiki/Main/TiKiGoodsinfo.asp?GoodsCode=26008061,family:0.5;couple:0.95;single:0.9;클래식/음악회;인터파크실시간,2026-08-23 04:38:56,concert:1.0;immersive:0.9;indoor:0.7,3,90,🎵 몰입감 있는 공연으로 혼자 즐기기 좋은 라이브 콘텐츠
인터파크 티켓,콘서트·공연,2026 예술의전당＆유니버설발레단 〈백조의 호수〉,2026-08-14 ~ 2026-08-23,성인 (개인 관람 적합),예술의전당 오페라극장,8,인터파크 티켓 실시간 인기 콘텐츠 [2026 예술의전당＆유니버설발레단 〈백조의 호수〉]. 혼자 즐기기 좋은 몰입감 있는 콘텐츠입니다.,https://tickets.interpark.com//ticket.interpark.com/Tiki/Main/TiKiGoodsinfo.asp?GoodsCode=26008352,family:0.5;couple:0.95;single:0.9;클래식/음악회;인터파크실시간,2026-08-23 04:38:56,concert:1.0;immersive:0.9;indoor:0.7,4,90,🎵 몰입감 있는 공연으로 혼자 즐기기 좋은 라이브 콘텐츠
인터파크 티켓,콘서트·공연,유니버설발레단 〈잠자는 숲속의 미녀〉,2026-10-02 ~ 2026-10-04,성인 (개인 관람 적합),예술의전당 오페라극장,8,인터파크 티켓 실시간 인기 콘텐츠 [유니버설발레단 〈잠자는 숲속의 미녀〉]. 혼자 즐기기 좋은 몰입감 있는 콘텐츠입니다.,https://tickets.interpark.com//ticket.interpark.com/Tiki/Main/TiKiGoodsinfo.asp?GoodsCode=26010622,family:0.5;couple:0.95;single:0.9;클래식/음악회;인터파크실시간,2026-08-23 04:38:56,concert:1.0;immersive:0.9;indoor:0.7,4,90,🎵 몰입감 있는 공연으로 혼자 즐기기 좋은 라이브 콘텐츠
인터파크 티켓,콘서트·공연,피아니스트 임동혁과 함께하는 차이코프스키,2026-10-22 ~ 2026-10-22,성인 (개인 관람 적합),예술의전당 콘서트홀,6,인터파크 티켓 실시간 인기 콘텐츠 [피아니스트 임동혁과 함께하는 차이코프스키]. 혼자 즐기기 좋은 몰입감 있는 콘텐츠입니다.,https://tickets.interpark.com//ticket.interpark.com/Tiki/Main/TiKiGoodsinfo.asp?GoodsCode=26012258,family:0.5;couple:0.95;single:0.9;클래식/음악회;인터파크실시간,2026-08-23 04:38:56,concert:1.0;immersive:0.9;indoor:0.7,3,90,🎵 몰입감 있는 공연으로 혼자 즐기기 좋은 라이브 콘텐츠
인터파크 티켓,콘서트·공연,The World of Japanimation - 부산,2026-08-28 ~ 2026-08-28,성인 (개인 관람 적합),낙동아트센터,2,인터파크 티켓 실시간 인기 콘텐츠 [The World of Japanimation - 부산]. 혼자 즐기기 좋은 몰입감 있는 콘텐츠입니다.,https://tickets.interpark.com//ticket.interpark.com/Tiki/Main/TiKiGoodsinfo.asp?GoodsCode=26012082,family:0.5;couple:0.95;single:0.9;클래식/음악회;인터파크실시간,2026-08-23 04:38:56,concert:1.0;immersive:0.9;indoor:0.7,4,90,🎵 몰입감 있는 공연으로 혼자 즐기기 좋은 라이브 콘텐츠
인터파크 티켓,콘서트·공연,해설이 있는 명작발레 〈발레 시그니처〉,2026-10-31 ~ 2026-10-31,성인 (개인 관람 적합),성남아트리움 대극장,4,인터파크 티켓 실시간 인기 콘텐츠 [해설이 있는 명작발레 〈발레 시그니처〉]. 혼자 즐기기 좋은 몰입감 있는 콘텐츠입니다.,https://tickets.interpark.com//ticket.interpark.com/Tiki/Main/TiKiGoodsinfo.asp?GoodsCode=26012234,family:0.5;couple:0.95;single:0.9;클래식/음악회;인터파크실시간,2026-08-23 04:38:56,concert:1.0;immersive:0.9;indoor:0.7,5,90,🎵 몰입감 있는 공연으로 혼자 즐기기 좋은 라이브 콘텐츠
인터파크 티켓,콘서트·공연,KBS교향악단 제829회 정기연주회,2026-08-27 ~ 2026-08-27,성인 (개인 관람 적합),예술의전당 콘서트홀,6,인터파크 티켓 실시간 인기 콘텐츠 [KBS교향악단 제829회 정기연주회]. 혼자 즐기기 좋은 몰입감 있는 콘텐츠입니다.,https://tickets.interpark.com//ticket.interpark.com/Tiki/Main/TiKiGoodsinfo.asp?GoodsCode=25017203,family:0.5;couple:0.95;single:0.9;클래식/음악회;인터파크실시간,2026-08-23 04:38:56,concert:1.0;immersive:0.9;indoor:0.7,5,90,🎵 몰입감 있는 공연으로 혼자 즐기기 좋은 라이브 콘텐츠
인터파크 티켓,콘서트·공연,신카이 마코토 하이라이트 필름 콘서트,2026-09-27 ~ 2026-09-27,성인 (개인 관람 적합),롯데콘서트홀,5,인터파크 티켓 실시간 인기 콘텐츠 [신카이 마코토 하이라이트 필름 콘서트]. 혼자 즐기기 좋은 몰입감 있는 콘텐츠입니다.,https://tickets.interpark.com//ticket.interpark.com/Tiki/Main/TiKiGoodsinfo.asp?GoodsCode=26011159,family:0.5;couple:0.95;single:0.9;클래식/음악회;인터파크실시간,2026-08-23 04:38:56,concert:1.0;immersive:0.9;indoor:0.7,3,90,🎵 몰입감 있는 공연으로 혼자 즐기기 좋은 라이브 콘텐츠
인터파크 티켓,콘서트·공연,"현대자동차그룹과 함께 하는 조수미 세계무대 데뷔 40주년 기념공연, CONTINUUM",2026-09-04 ~ 2026-09-04,성인 (개인 관람 적합),예술의전당 콘서트홀,7,"인터파크 티켓 실시간 인기 콘텐츠 [현대자동차그룹과 함께 하는 조수미 세계무대 데뷔 40주년 기념공연, CONTINUUM]. 혼자 즐기기 좋은 몰입감 있는 콘텐츠입니다.",https://tickets.interpark.com//ticket.interpark.com/Tiki/Main/TiKiGoodsinfo.asp?GoodsCode=26010624,family:0.5;couple:0.95;single:0.9;클래식/음악회;인터파크실시간,2026-08-23 04:38:56,concert:1.0;immersive:0.9;indoor:0.7,3,90,🎵 몰입감 있는 공연으로 혼자 즐기기 좋은 라이브 콘텐츠
인터파크 티켓,콘서트·공연,지브리＆디즈니 영화음악 FESTA,2026-08-30 ~ 2026-08-30,성인 (개인 관람 적합),예술의전당 콘서트홀,6,인터파크 티켓 실시간 인기 콘텐츠 [지브리＆디즈니 영화음악 FESTA]. 혼자 즐기기 좋은 몰입감 있는 콘텐츠입니다.,https://tickets.interpark.com//ticket.interpark.com/Tiki/Main/TiKiGoodsinfo.asp?GoodsCode=26007953,family:0.5;couple:0.95;single:0.9;클래식/음악회;인터파크실시간,2026-08-23 04:38:56,concert:1.0;immersive:0.9;indoor:0.7,3,90,🎵 몰입감 있는 공연으로 혼자 즐기기 좋은 라이브 콘텐츠
인터파크 티켓,콘서트·공연,나 홀로 집에 인 콘서트,2026-12-13 ~ 2026-12-13,성인 (개인 관람 적합),예술의전당 콘서트홀,6,인터파크 티켓 실시간 인기 콘텐츠 [나 홀로 집에 인 콘서트]. 혼자 즐기기 좋은 몰입감 있는 콘텐츠입니다.,https://tickets.interpark.com//ticket.interpark.com/Tiki/Main/TiKiGoodsinfo.asp?GoodsCode=26011322,family:0.5;couple:0.95;single:0.9;클래식/음악회;인터파크실시간,2026-08-23 04:38:56,concert:1.0;immersive:0.9;indoor:0.7,4,90,🎵 몰입감 있는 공연으로 혼자 즐기기 좋은 라이브 콘텐츠
인터파크 티켓,콘서트·공연,예술의전당 토요콘서트 - 프리뷰 베토벤(11월),2026-11-21 ~ 2026-11-21,성인 (개인 관람 적합),예술의전당 콘서트홀,4,인터파크 티켓 실시간 인기 콘텐츠 [예술의전당 토요콘서트 - 프리뷰 베토벤(11월)]. 혼자 즐기기 좋은 몰입감 있는 콘텐츠입니다.,https://tickets.interpark.com//ticket.interpark.com/Tiki/Main/TiKiGoodsinfo.asp?GoodsCode=26012174,family:0.5;couple:0.95;single:0.9;클래식/음악회;인터파크실시간,2026-08-23 04:38:56,concert:1.0;immersive:0.9;indoor:0.7,4,90,🎵 몰입감 있는 공연으로 혼자 즐기기 좋은 라이브 콘텐츠
인터파크 티켓,콘서트·공연,일본 애니메이션 OST 오케스트라 콘서트,2026-09-05 ~ 2026-09-05,성인 (개인 관람 적합),예술의전당 콘서트홀,4,인터파크 티켓 실시간 인기 콘텐츠 [일본 애니메이션 OST 오케스트라 콘서트]. 혼자 즐기기 좋은 몰입감 있는 콘텐츠입니다.,https://tickets.interpark.com//ticket.interpark.com/Tiki/Main/TiKiGoodsinfo.asp?GoodsCode=26011717,family:0.5;couple:0.95;single:0.9;클래식/음악회;인터파크실시간,2026-08-23 04:38:56,concert:1.0;immersive:0.9;indoor:0.7,5,90,🎵 몰입감 있는 공연으로 혼자 즐기기 좋은 라이브 콘텐츠
인터파크 티켓,콘서트·공연,"국립심포니콘서트오케스트라 〈브람스, 교향곡 1번〉",2026-08-25 ~ 2026-08-25,성인 (개인 관람 적합),예술의전당 콘서트홀,2,"인터파크 티켓 실시간 인기 콘텐츠 [국립심포니콘서트오케스트라 〈브람스, 교향곡 1번〉]. 혼자 즐기기 좋은 몰입감 있는 콘텐츠입니다.",https://tickets.interpark.com//ticket.interpark.com/Tiki/Main/TiKiGoodsinfo.asp?GoodsCode=26009073,family:0.5;couple:0.95;single:0.9;클래식/음악회;인터파크실시간,2026-08-23 04:38:56,concert:1.0;immersive:0.9;indoor:0.7,4,90,🎵 몰입감 있는 공연으로 혼자 즐기기 좋은 라이브 콘텐츠
인터파크 티켓,콘서트·공연,2026 우면산별밤축제,2026-08-22 ~ 2026-09-19,성인 (개인 관람 적합),국립국악원 연희마당,2,인터파크 티켓 실시간 인기 콘텐츠 [2026 우면산별밤축제]. 혼자 즐기기 좋은 몰입감 있는 콘텐츠입니다.,https://tickets.interpark.com//ticket.interpark.com/Tiki/Main/TiKiGoodsinfo.asp?GoodsCode=26011030,family:0.5;couple:0.95;single:0.9;클래식/음악회;인터파크실시간,2026-08-23 04:38:56,concert:1.0;immersive:0.9;indoor:0.7,3,90,🎵 몰입감 있는 공연으로 혼자 즐기기 좋은 라이브 콘텐츠
인터파크 티켓,콘서트·공연,지브리＆디즈니 오케스트라 콘서트 (10.4),2026-10-04 ~ 2026-10-04,성인 (개인 관람 적합),롯데콘서트홀,4,인터파크 티켓 실시간 인기 콘텐츠 [지브리＆디즈니 오케스트라 콘서트 (10.4)]. 혼자 즐기기 좋은 몰입감 있는 콘텐츠입니다.,https://tickets.interpark.com//ticket.interpark.com/Tiki/Main/TiKiGoodsinfo.asp?GoodsCode=26011233,family:0.5;couple:0.95;single:0.9;클래식/음악회;인터파크실시간,2026-08-23 04:38:56,concert:1.0;immersive:0.9;indoor:0.7,3,90,🎵 몰입감 있는 공연으로 혼자 즐기기 좋은 라이브 콘텐츠
인터파크 티켓,콘서트·공연,대건챔버콰이어 창단 30주년 기념연주회,2026-10-23 ~ 2026-10-23,성인 (개인 관람 적합),예술의전당 IBK기업은행챔버홀,4,인터파크 티켓 실시간 인기 콘텐츠 [대건챔버콰이어 창단 30주년 기념연주회]. 혼자 즐기기 좋은 몰입감 있는 콘텐츠입니다.,https://tickets.interpark.com//ticket.interpark.com/Tiki/Main/TiKiGoodsinfo.asp?GoodsCode=26012386,family:0.5;couple:0.95;single:0.9;클래식/음악회;인터파크실시간,2026-08-23 04:38:56,concert:1.0;immersive:0.9;indoor:0.7,4,90,🎵 몰입감 있는 공연으로 혼자 즐기기 좋은 라이브 콘텐츠
인터파크 티켓,콘서트·공연,제23회 대구국제오페라축제 〈마술피리〉 - 대구,2026-10-16 ~ 2026-10-17,성인 (개인 관람 적합),수성아트피아 대극장,2,인터파크 티켓 실시간 인기 콘텐츠 [제23회 대구국제오페라축제 〈마술피리〉 - 대구]. 혼자 즐기기 좋은 몰입감 있는 콘텐츠입니다.,https://tickets.interpark.com//ticket.interpark.com/Tiki/Main/TiKiGoodsinfo.asp?GoodsCode=26010317,family:0.5;couple:0.95;single:0.9;클래식/음악회;인터파크실시간,2026-08-23 04:38:56,concert:1.0;immersive:0.9;indoor:0.7,3,90,🎵 몰입감 있는 공연으로 혼자 즐기기 좋은 라이브 콘텐츠
인터파크 티켓,콘서트·공연,국내 최초 〈인터스텔라 필름콘서트〉 한국 초연,2026-10-11 ~ 2026-10-11,성인 (개인 관람 적합),경희대학교 평화의전당,6,인터파크 티켓 실시간 인기 콘텐츠 [국내 최초 〈인터스텔라 필름콘서트〉 한국 초연]. 혼자 즐기기 좋은 몰입감 있는 콘텐츠입니다.,https://tickets.interpark.com//ticket.interpark.com/Tiki/Main/TiKiGoodsinfo.asp?GoodsCode=26010025,family:0.5;couple:0.95;single:0.9;클래식/음악회;인터파크실시간,2026-08-23 04:38:56,concert:1.0;immersive:0.9;indoor:0.7,5,90,🎵 몰입감 있는 공연으로 혼자 즐기기 좋은 라이브 콘텐츠
인터파크 티켓,콘서트·공연,국립발레단 〈호두까기인형〉 - 대구,2026-12-04 ~ 2026-12-05,성인 (개인 관람 적합),대구문화예술회관 팔공홀 (대극장),4,인터파크 티켓 실시간 인기 콘텐츠 [국립발레단 〈호두까기인형〉 - 대구]. 혼자 즐기기 좋은 몰입감 있는 콘텐츠입니다.,https://tickets.interpark.com//ticket.interpark.com/Tiki/Main/TiKiGoodsinfo.asp?GoodsCode=26011265,family:0.5;couple:0.95;single:0.9;클래식/음악회;인터파크실시간,2026-08-23 04:38:56,concert:1.0;immersive:0.9;indoor:0.7,3,90,🎵 몰입감 있는 공연으로 혼자 즐기기 좋은 라이브 콘텐츠
인터파크 티켓,콘서트·공연,디 오리지널 시리즈 2026 임동혁 X 오케스트라 디 오리지널 〈 리부트: 라흐마니노프 〉,2026-11-10 ~ 2026-11-10,성인 (개인 관람 적합),예술의전당 콘서트홀,5,인터파크 티켓 실시간 인기 콘텐츠 [디 오리지널 시리즈 2026 임동혁 X 오케스트라 디 오리지널 〈 리부트: 라흐마니노프 〉]. 혼자 즐기기 좋은 몰입감 있는 콘텐츠입니다.,https://tickets.interpark.com//ticket.interpark.com/Tiki/Main/TiKiGoodsinfo.asp?GoodsCode=26012173,family:0.5;couple:0.95;single:0.9;클래식/음악회;인터파크실시간,2026-08-23 04:38:56,concert:1.0;immersive:0.9;indoor:0.7,3,90,🎵 몰입감 있는 공연으로 혼자 즐기기 좋은 라이브 콘텐츠
인터파크 티켓,콘서트·공연,지브리＆디즈니 영화음악 FESTA(10/3),2026-10-03 ~ 2026-10-03,성인 (개인 관람 적합),롯데콘서트홀,4,인터파크 티켓 실시간 인기 콘텐츠 [지브리＆디즈니 영화음악 FESTA(10/3)]. 혼자 즐기기 좋은 몰입감 있는 콘텐츠입니다.,https://tickets.interpark.com//ticket.interpark.com/Tiki/Main/TiKiGoodsinfo.asp?GoodsCode=26009493,family:0.5;couple:0.95;single:0.9;클래식/음악회;인터파크실시간,2026-08-23 04:38:56,concert:1.0;immersive:0.9;indoor:0.7,5,90,🎵 몰입감 있는 공연으로 혼자 즐기기 좋은 라이브 콘텐츠
인터파크 티켓,콘서트·공연,2026 프랑스 메스 그랑테스트 국립 오케스트라 내한공연,2026-09-16 ~ 2026-09-16,성인 (개인 관람 적합),예술의전당 콘서트홀,6,인터파크 티켓 실시간 인기 콘텐츠 [2026 프랑스 메스 그랑테스트 국립 오케스트라 내한공연]. 혼자 즐기기 좋은 몰입감 있는 콘텐츠입니다.,https://tickets.interpark.com//ticket.interpark.com/Tiki/Main/TiKiGoodsinfo.asp?GoodsCode=26008211,family:0.5;couple:0.95;single:0.9;클래식/음악회;인터파크실시간,2026-08-23 04:38:56,concert:1.0;immersive:0.9;indoor:0.7,5,90,🎵 몰입감 있는 공연으로 혼자 즐기기 좋은 라이브 콘텐츠
인터파크 티켓,콘서트·공연,시네쿠아논아트x전복된 해부학적 풍경 〈욕망은 혼란을 부른다〉 ［SIDance2026］,2026-09-05 ~ 2026-09-05,성인 (개인 관람 적합),강동아트센터 대극장 한강,3,인터파크 티켓 실시간 인기 콘텐츠 [시네쿠아논아트x전복된 해부학적 풍경 〈욕망은 혼란을 부른다〉 ［SIDance2026］]. 혼자 즐기기 좋은 몰입감 있는 콘텐츠입니다.,https://tickets.interpark.com//ticket.interpark.com/Tiki/Main/TiKiGoodsinfo.asp?GoodsCode=26010204,family:0.5;couple:0.95;single:0.9;클래식/음악회;인터파크실시간,2026-08-23 04:38:56,concert:1.0;immersive:0.9;indoor:0.7,4,90,🎵 몰입감 있는 공연으로 혼자 즐기기 좋은 라이브 콘텐츠
인터파크 티켓,콘서트·공연,재패니메이션 영화음악 콘서트: UNSTOPPABLE 2026 인천 OPEN,2026-08-30 ~ 2026-08-30,성인 (개인 관람 적합),아트센터인천 콘서트홀,3,인터파크 티켓 실시간 인기 콘텐츠 [재패니메이션 영화음악 콘서트: UNSTOPPABLE 2026 인천 OPEN]. 혼자 즐기기 좋은 몰입감 있는 콘텐츠입니다.,https://tickets.interpark.com//ticket.interpark.com/Tiki/Main/TiKiGoodsinfo.asp?GoodsCode=26007157,family:0.5;couple:0.95;single:0.9;클래식/음악회;인터파크실시간,2026-08-23 04:38:56,concert:1.0;immersive:0.9;indoor:0.7,5,90,🎵 몰입감 있는 공연으로 혼자 즐기기 좋은 라이브 콘텐츠
인터파크 티켓,콘서트·공연,너의 이름은. 필름 콘서트 - 대구 앙코르 (10.18),2026-10-18 ~ 2026-10-18,성인 (개인 관람 적합),수성아트피아 대극장,4,인터파크 티켓 실시간 인기 콘텐츠 [너의 이름은. 필름 콘서트 - 대구 앙코르 (10.18)]. 혼자 즐기기 좋은 몰입감 있는 콘텐츠입니다.,https://tickets.interpark.com//ticket.interpark.com/Tiki/Main/TiKiGoodsinfo.asp?GoodsCode=26007471,family:0.5;couple:0.95;single:0.9;클래식/음악회;인터파크실시간,2026-08-23 04:38:56,concert:1.0;immersive:0.9;indoor:0.7,3,90,🎵 몰입감 있는 공연으로 혼자 즐기기 좋은 라이브 콘텐츠
인터파크 티켓,콘서트·공연,지브리＆디즈니 영화음악 오케스트라 콘서트 - 2026 고양 앙코르,2026-11-08 ~ 2026-11-08,성인 (개인 관람 적합),고양아람누리 아람음악당,4,인터파크 티켓 실시간 인기 콘텐츠 [지브리＆디즈니 영화음악 오케스트라 콘서트 - 2026 고양 앙코르]. 혼자 즐기기 좋은 몰입감 있는 콘텐츠입니다.,https://tickets.interpark.com//ticket.interpark.com/Tiki/Main/TiKiGoodsinfo.asp?GoodsCode=26008470,family:0.5;couple:0.95;single:0.9;클래식/음악회;인터파크실시간,2026-08-23 04:38:56,concert:1.0;immersive:0.9;indoor:0.7,4,90,🎵 몰입감 있는 공연으로 혼자 즐기기 좋은 라이브 콘텐츠
인터파크 티켓,콘서트·공연,손민수 피아노 리사이틀 - 하남,2026-10-31 ~ 2026-10-31,성인 (개인 관람 적합),하남문화예술회관 대극장(검단홀),2,인터파크 티켓 실시간 인기 콘텐츠 [손민수 피아노 리사이틀 - 하남]. 혼자 즐기기 좋은 몰입감 있는 콘텐츠입니다.,https://tickets.interpark.com//ticket.interpark.com/Tiki/Main/TiKiGoodsinfo.asp?GoodsCode=26011568,family:0.5;couple:0.95;single:0.9;클래식/음악회;인터파크실시간,2026-08-23 04:38:56,concert:1.0;immersive:0.9;indoor:0.7,3,90,🎵 몰입감 있는 공연으로 혼자 즐기기 좋은 라이브 콘텐츠
인터파크 티켓,콘서트·공연,지브리 OST 콘서트 : 디 오케스트라 - 성남,2026-09-19 ~ 2026-09-19,성인 (개인 관람 적합),성남아트센터 콘서트홀,2,인터파크 티켓 실시간 인기 콘텐츠 [지브리 OST 콘서트 : 디 오케스트라 - 성남]. 혼자 즐기기 좋은 몰입감 있는 콘텐츠입니다.,https://tickets.interpark.com//ticket.interpark.com/Tiki/Main/TiKiGoodsinfo.asp?GoodsCode=26010257,family:0.5;couple:0.95;single:0.9;클래식/음악회;인터파크실시간,2026-08-23 04:38:56,concert:1.0;immersive:0.9;indoor:0.7,5,90,🎵 몰입감 있는 공연으로 혼자 즐기기 좋은 라이브 콘텐츠
인터파크 티켓,콘서트·공연,창극 〈살로메〉 - 천안,2026-08-26 ~ 2026-08-26,성인 (개인 관람 적합),천안예술의전당 대공연장,2,인터파크 티켓 실시간 인기 콘텐츠 [창극 〈살로메〉 - 천안]. 혼자 즐기기 좋은 몰입감 있는 콘텐츠입니다.,https://tickets.interpark.com//ticket.interpark.com/Tiki/Main/TiKiGoodsinfo.asp?GoodsCode=26009344,family:0.5;couple:0.95;single:0.9;클래식/음악회;인터파크실시간,2026-08-23 04:38:56,concert:1.0;immersive:0.9;indoor:0.7,5,90,🎵 몰입감 있는 공연으로 혼자 즐기기 좋은 라이브 콘텐츠
인터파크 티켓,콘서트·공연,"피아노 마라톤, 김태형X김다솔X박진형 - 하남",2026-08-29 ~ 2026-08-29,성인 (개인 관람 적합),하남문화예술회관 대극장(검단홀),2,"인터파크 티켓 실시간 인기 콘텐츠 [피아노 마라톤, 김태형X김다솔X박진형 - 하남]. 혼자 즐기기 좋은 몰입감 있는 콘텐츠입니다.",https://tickets.interpark.com//ticket.interpark.com/Tiki/Main/TiKiGoodsinfo.asp?GoodsCode=26009202,family:0.5;couple:0.95;single:0.9;클래식/음악회;인터파크실시간,2026-08-23 04:38:56,concert:1.0;immersive:0.9;indoor:0.7,3,90,🎵 몰입감 있는 공연으로 혼자 즐기기 좋은 라이브 콘텐츠
인터파크 티켓,콘서트·공연,2026 예술의전당 국제음악제 - 현대음악앙상블소리 3.0,2026-08-23 ~ 2026-08-23,성인 (개인 관람 적합),예술의전당 리사이틀홀,1,인터파크 티켓 실시간 인기 콘텐츠 [2026 예술의전당 국제음악제 - 현대음악앙상블소리 3.0]. 혼자 즐기기 좋은 몰입감 있는 콘텐츠입니다.,https://tickets.interpark.com//ticket.interpark.com/Tiki/Main/TiKiGoodsinfo.asp?GoodsCode=26008046,family:0.5;couple:0.95;single:0.9;클래식/음악회;인터파크실시간,2026-08-23 04:38:56,concert:1.0;immersive:0.9;indoor:0.7,5,90,🎵 몰입감 있는 공연으로 혼자 즐기기 좋은 라이브 콘텐츠
인터파크 티켓,콘서트·공연,히사이시 조 영화음악 콘서트 2026_서울 파이널,2026-11-14 ~ 2026-11-14,성인 (개인 관람 적합),롯데콘서트홀,4,인터파크 티켓 실시간 인기 콘텐츠 [히사이시 조 영화음악 콘서트 2026_서울 파이널]. 혼자 즐기기 좋은 몰입감 있는 콘텐츠입니다.,https://tickets.interpark.com//ticket.interpark.com/Tiki/Main/TiKiGoodsinfo.asp?GoodsCode=26012030,family:0.5;couple:0.95;single:0.9;클래식/음악회;인터파크실시간,2026-08-23 04:38:56,concert:1.0;immersive:0.9;indoor:0.7,3,90,🎵 몰입감 있는 공연으로 혼자 즐기기 좋은 라이브 콘텐츠
인터파크 티켓,콘서트·공연,양인모 ＆ 헬싱키 필하모닉 오케스트라 : 2026월드오케스트라페스티벌 - 대구,2026-10-20 ~ 2026-10-20,성인 (개인 관람 적합),대구콘서트하우스 그랜드홀,3,인터파크 티켓 실시간 인기 콘텐츠 [양인모 ＆ 헬싱키 필하모닉 오케스트라 : 2026월드오케스트라페스티벌 - 대구]. 혼자 즐기기 좋은 몰입감 있는 콘텐츠입니다.,https://tickets.interpark.com//ticket.interpark.com/Tiki/Main/TiKiGoodsinfo.asp?GoodsCode=26012039,family:0.5;couple:0.95;single:0.9;클래식/음악회;인터파크실시간,2026-08-23 04:38:56,concert:1.0;immersive:0.9;indoor:0.7,3,90,🎵 몰입감 있는 공연으로 혼자 즐기기 좋은 라이브 콘텐츠
인터파크 티켓,콘서트·공연,국립오페라단 정기공연 오페라 〈라인의 황금〉,2026-10-29 ~ 2026-11-01,성인 (개인 관람 적합),예술의전당 오페라극장,3,인터파크 티켓 실시간 인기 콘텐츠 [국립오페라단 정기공연 오페라 〈라인의 황금〉]. 혼자 즐기기 좋은 몰입감 있는 콘텐츠입니다.,https://tickets.interpark.com//ticket.interpark.com/Tiki/Main/TiKiGoodsinfo.asp?GoodsCode=26001652,family:0.5;couple:0.95;single:0.9;클래식/음악회;인터파크실시간,2026-08-23 04:38:56,concert:1.0;immersive:0.9;indoor:0.7,3,90,🎵 몰입감 있는 공연으로 혼자 즐기기 좋은 라이브 콘텐츠
인터파크 티켓,콘서트·공연,알바로 피에리 기타 리사이틀,2026-09-19 ~ 2026-09-19,성인 (개인 관람 적합),영산아트홀,3,인터파크 티켓 실시간 인기 콘텐츠 [알바로 피에리 기타 리사이틀]. 혼자 즐기기 좋은 몰입감 있는 콘텐츠입니다.,https://tickets.interpark.com//ticket.interpark.com/Tiki/Main/TiKiGoodsinfo.asp?GoodsCode=26010022,family:0.5;couple:0.95;single:0.9;클래식/음악회;인터파크실시간,2026-08-23 04:38:56,concert:1.0;immersive:0.9;indoor:0.7,4,90,🎵 몰입감 있는 공연으로 혼자 즐기기 좋은 라이브 콘텐츠
인터파크 티켓,콘서트·공연,KBS교향악단과 함께하는 제10회 여수음악제 - 특별연주회Ⅰ〈라포엠의 Love Rhapsody〉,2026-08-30 ~ 2026-08-30,성인 (개인 관람 적합),GS칼텍스 예울마루 대극장,3,인터파크 티켓 실시간 인기 콘텐츠 [KBS교향악단과 함께하는 제10회 여수음악제 - 특별연주회Ⅰ〈라포엠의 Love Rhapsody〉]. 혼자 즐기기 좋은 몰입감 있는 콘텐츠입니다.,https://tickets.interpark.com//ticket.interpark.com/Tiki/Main/TiKiGoodsinfo.asp?GoodsCode=26010101,family:0.5;couple:0.95;single:0.9;클래식/음악회;인터파크실시간,2026-08-23 04:38:56,concert:1.0;immersive:0.9;indoor:0.7,4,90,🎵 몰입감 있는 공연으로 혼자 즐기기 좋은 라이브 콘텐츠
인터파크 티켓,콘서트·공연,국립오페라단 〈라 트라비아타〉 - 화성,2026-09-11 ~ 2026-09-12,성인 (개인 관람 적합),화성예술의전당 동탄아트홀,2,인터파크 티켓 실시간 인기 콘텐츠 [국립오페라단 〈라 트라비아타〉 - 화성]. 혼자 즐기기 좋은 몰입감 있는 콘텐츠입니다.,https://tickets.interpark.com//ticket.interpark.com/Tiki/Main/TiKiGoodsinfo.asp?GoodsCode=26007873,family:0.5;couple:0.95;single:0.9;클래식/음악회;인터파크실시간,2026-08-23 04:38:56,concert:1.0;immersive:0.9;indoor:0.7,5,90,🎵 몰입감 있는 공연으로 혼자 즐기기 좋은 라이브 콘텐츠
인터파크 티켓,콘서트·공연,영등포아트홀 기획공연 ［가을밤 낭만발레］,2026-10-24 ~ 2026-10-25,성인 (개인 관람 적합),영등포아트홀,2,인터파크 티켓 실시간 인기 콘텐츠 [영등포아트홀 기획공연 ［가을밤 낭만발레］]. 혼자 즐기기 좋은 몰입감 있는 콘텐츠입니다.,https://tickets.interpark.com//ticket.interpark.com/Tiki/Main/TiKiGoodsinfo.asp?GoodsCode=26010920,family:0.5;couple:0.95;single:0.9;클래식/음악회;인터파크실시간,2026-08-23 04:38:56,concert:1.0;immersive:0.9;indoor:0.7,4,90,🎵 몰입감 있는 공연으로 혼자 즐기기 좋은 라이브 콘텐츠
인터파크 티켓,콘서트·공연,과천시립교향악단 콘서트시리즈5 - 과천,2026-09-10 ~ 2026-09-10,성인 (개인 관람 적합),과천시민회관 대극장,1,인터파크 티켓 실시간 인기 콘텐츠 [과천시립교향악단 콘서트시리즈5 - 과천]. 혼자 즐기기 좋은 몰입감 있는 콘텐츠입니다.,https://tickets.interpark.com//ticket.interpark.com/Tiki/Main/TiKiGoodsinfo.asp?GoodsCode=26011487,family:0.5;couple:0.95;single:0.9;클래식/음악회;인터파크실시간,2026-08-23 04:38:56,concert:1.0;immersive:0.9;indoor:0.7,5,90,🎵 몰입감 있는 공연으로 혼자 즐기기 좋은 라이브 콘텐츠
인터파크 티켓,콘서트·공연,무감서기,2026-09-10 ~ 2026-09-13,성인 (개인 관람 적합),세종문화회관 대극장,4,인터파크 티켓 실시간 인기 콘텐츠 [무감서기]. 혼자 즐기기 좋은 몰입감 있는 콘텐츠입니다.,https://tickets.interpark.com//ticket.interpark.com/Tiki/Main/TiKiGoodsinfo.asp?GoodsCode=P0004472,family:0.5;couple:0.95;single:0.9;클래식/음악회;인터파크실시간,2026-08-23 04:38:56,concert:1.0;immersive:0.9;indoor:0.7,4,90,🎵 몰입감 있는 공연으로 혼자 즐기기 좋은 라이브 콘텐츠
인터파크 티켓,콘서트·공연,헐리우드 블록버스터＆디즈니 픽사 영화음악 FESTA - 성남,2026-10-24 ~ 2026-10-24,성인 (개인 관람 적합),성남아트센터 콘서트홀,3,인터파크 티켓 실시간 인기 콘텐츠 [헐리우드 블록버스터＆디즈니 픽사 영화음악 FESTA - 성남]. 혼자 즐기기 좋은 몰입감 있는 콘텐츠입니다.,https://tickets.interpark.com//ticket.interpark.com/Tiki/Main/TiKiGoodsinfo.asp?GoodsCode=26007592,family:0.5;couple:0.95;single:0.9;클래식/음악회;인터파크실시간,2026-08-23 04:38:56,concert:1.0;immersive:0.9;indoor:0.7,5,90,🎵 몰입감 있는 공연으로 혼자 즐기기 좋은 라이브 콘텐츠
인터파크 티켓,콘서트·공연,재패니메이션 영화음악 콘서트: THE UNSTOPPABLE (9/18),2026-09-18 ~ 2026-09-18,성인 (개인 관람 적합),롯데콘서트홀,3,인터파크 티켓 실시간 인기 콘텐츠 [재패니메이션 영화음악 콘서트: THE UNSTOPPABLE (9/18)]. 혼자 즐기기 좋은 몰입감 있는 콘텐츠입니다.,https://tickets.interpark.com//ticket.interpark.com/Tiki/Main/TiKiGoodsinfo.asp?GoodsCode=26008929,family:0.5;couple:0.95;single:0.9;클래식/음악회;인터파크실시간,2026-08-23 04:38:56,concert:1.0;immersive:0.9;indoor:0.7,3,90,🎵 몰입감 있는 공연으로 혼자 즐기기 좋은 라이브 콘텐츠
인터파크 티켓,콘서트·공연,2026 장한나의 대전그랜드페스티벌 클로징 콘서트,2026-10-10 ~ 2026-10-10,성인 (개인 관람 적합),대전예술의전당 아트홀,2,인터파크 티켓 실시간 인기 콘텐츠 [2026 장한나의 대전그랜드페스티벌 클로징 콘서트]. 혼자 즐기기 좋은 몰입감 있는 콘텐츠입니다.,https://tickets.interpark.com//ticket.interpark.com/Tiki/Main/TiKiGoodsinfo.asp?GoodsCode=26009902,family:0.5;couple:0.95;single:0.9;클래식/음악회;인터파크실시간,2026-08-23 04:38:56,concert:1.0;immersive:0.9;indoor:0.7,3,90,🎵 몰입감 있는 공연으로 혼자 즐기기 좋은 라이브 콘텐츠
인터파크 티켓,콘서트·공연,"멘델스존, 바흐를 만나다",2026-11-15 ~ 2026-11-15,성인 (개인 관람 적합),예술의전당 IBK기업은행챔버홀,2,"인터파크 티켓 실시간 인기 콘텐츠 [멘델스존, 바흐를 만나다]. 혼자 즐기기 좋은 몰입감 있는 콘텐츠입니다.",https://tickets.interpark.com//ticket.interpark.com/Tiki/Main/TiKiGoodsinfo.asp?GoodsCode=26011676,family:0.5;couple:0.95;single:0.9;클래식/음악회;인터파크실시간,2026-08-23 04:38:56,concert:1.0;immersive:0.9;indoor:0.7,5,90,🎵 몰입감 있는 공연으로 혼자 즐기기 좋은 라이브 콘텐츠
인터파크 티켓,콘서트·공연,예술의전당 토요콘서트 - 프리뷰 베토벤(12월),2026-12-19 ~ 2026-12-19,성인 (개인 관람 적합),예술의전당 콘서트홀,2,인터파크 티켓 실시간 인기 콘텐츠 [예술의전당 토요콘서트 - 프리뷰 베토벤(12월)]. 혼자 즐기기 좋은 몰입감 있는 콘텐츠입니다.,https://tickets.interpark.com//ticket.interpark.com/Tiki/Main/TiKiGoodsinfo.asp?GoodsCode=26012175,family:0.5;couple:0.95;single:0.9;클래식/음악회;인터파크실시간,2026-08-23 04:38:56,concert:1.0;immersive:0.9;indoor:0.7,4,90,🎵 몰입감 있는 공연으로 혼자 즐기기 좋은 라이브 콘텐츠
인터파크 티켓,콘서트·공연,"춤추다추임 〈갓을 쓴 도깨비, 갓깨비〉 ［SIDance2026］",2026-09-12 ~ 2026-09-12,성인 (개인 관람 적합),나루아트센터 대공연장,2,"인터파크 티켓 실시간 인기 콘텐츠 [춤추다추임 〈갓을 쓴 도깨비, 갓깨비〉 ［SIDance2026］]. 혼자 즐기기 좋은 몰입감 있는 콘텐츠입니다.",https://tickets.interpark.com//ticket.interpark.com/Tiki/Main/TiKiGoodsinfo.asp?GoodsCode=26010033,family:0.5;couple:0.95;single:0.9;클래식/음악회;인터파크실시간,2026-08-23 04:38:56,concert:1.0;immersive:0.9;indoor:0.7,5,90,🎵 몰입감 있는 공연으로 혼자 즐기기 좋은 라이브 콘텐츠
인터파크 티켓,콘서트·공연,［NBF:B 2026］한여름밤의 호두까기 인형,2026-08-28 ~ 2026-08-29,성인 (개인 관람 적합),노원문화예술회관 대공연장,2,인터파크 티켓 실시간 인기 콘텐츠 [［NBF:B 2026］한여름밤의 호두까기 인형]. 혼자 즐기기 좋은 몰입감 있는 콘텐츠입니다.,https://tickets.interpark.com//ticket.interpark.com/Tiki/Main/TiKiGoodsinfo.asp?GoodsCode=26010977,family:0.5;couple:0.95;single:0.9;클래식/음악회;인터파크실시간,2026-08-23 04:38:56,concert:1.0;immersive:0.9;indoor:0.7,3,90,🎵 몰입감 있는 공연으로 혼자 즐기기 좋은 라이브 콘텐츠
인터파크 티켓,콘서트·공연,2026 성남아트센터 마티네 콘서트,2026-03-19 ~ 2026-12-17,성인 (개인 관람 적합),성남아트센터 콘서트홀,2,인터파크 티켓 실시간 인기 콘텐츠 [2026 성남아트센터 마티네 콘서트]. 혼자 즐기기 좋은 몰입감 있는 콘텐츠입니다.,https://tickets.interpark.com//ticket.interpark.com/Tiki/Main/TiKiGoodsinfo.asp?GoodsCode=26002530,family:0.5;couple:0.95;single:0.9;클래식/음악회;인터파크실시간,2026-08-23 04:38:56,concert:1.0;immersive:0.9;indoor:0.7,5,90,🎵 몰입감 있는 공연으로 혼자 즐기기 좋은 라이브 콘텐츠
인터파크 티켓,콘서트·공연,숙명여자대학교 창학 120주년 오페라,2026-09-11 ~ 2026-09-12,성인 (개인 관람 적합),숙명여자대학교 숙연당,2,인터파크 티켓 실시간 인기 콘텐츠 [숙명여자대학교 창학 120주년 오페라]. 혼자 즐기기 좋은 몰입감 있는 콘텐츠입니다.,https://tickets.interpark.com//ticket.interpark.com/Tiki/Main/TiKiGoodsinfo.asp?GoodsCode=26011815,family:0.5;couple:0.95;single:0.9;클래식/음악회;인터파크실시간,2026-08-23 04:38:56,concert:1.0;immersive:0.9;indoor:0.7,4,90,🎵 몰입감 있는 공연으로 혼자 즐기기 좋은 라이브 콘텐츠
인터파크 티켓,전시·미술관,［얼리버드］ 스페인 미술 500년: 빛과 어둠의 연대기,2026-09-22 ~ 2026-11-29,성인 (개인 관람 적합),예술의전당 한가람디자인미술관,9,인터파크 티켓 실시간 인기 콘텐츠 [［얼리버드］ 스페인 미술 500년: 빛과 어둠의 연대기]. 혼자 즐기기 좋은 몰입감 있는 콘텐츠입니다.,https://tickets.interpark.com//ticket.interpark.com/Tiki/Main/TiKiGoodsinfo.asp?GoodsCode=26010709,family:0.7;couple:0.95;single:0.6;전시/행사;인터파크실시간,2026-08-23 04:38:57,exhibition:1.0;quiet:0.8;indoor:0.9,3,60,🖼️ 조용히 몰입할 수 있는 전시 콘텐츠로 나 홀로 관람 최적
인터파크 티켓,전시·미술관,"인상주의를 넘어: 르누아르, 드가, 고흐, 마티스, 피카소",2026-05-28 ~ 2026-08-23,성인 (개인 관람 적합),"세종문화회관 미술관 1,2관",8,"인터파크 티켓 실시간 인기 콘텐츠 [인상주의를 넘어: 르누아르, 드가, 고흐, 마티스, 피카소]. 혼자 즐기기 좋은 몰입감 있는 콘텐츠입니다.",https://tickets.interpark.com//ticket.interpark.com/Tiki/Main/TiKiGoodsinfo.asp?GoodsCode=26006222,family:0.7;couple:0.95;single:0.6;전시/행사;인터파크실시간,2026-08-23 04:38:57,exhibition:1.0;quiet:0.8;indoor:0.9,5,60,🖼️ 조용히 몰입할 수 있는 전시 콘텐츠로 나 홀로 관람 최적
인터파크 티켓,전시·미술관,［단독 10%할인］ 키크니 특별전 : 그렸고 그런사이,2026-04-25 ~ 2026-09-06,성인 (개인 관람 적합),동대문디자인플라자 뮤지엄 전시 1관,8,인터파크 티켓 실시간 인기 콘텐츠 [［단독 10%할인］ 키크니 특별전 : 그렸고 그런사이]. 혼자 즐기기 좋은 몰입감 있는 콘텐츠입니다.,https://tickets.interpark.com//ticket.interpark.com/Tiki/Main/TiKiGoodsinfo.asp?GoodsCode=26005868,family:0.7;couple:0.95;single:0.6;전시/행사;인터파크실시간,2026-08-23 04:38:57,exhibition:1.0;quiet:0.8;indoor:0.9,4,60,🖼️ 조용히 몰입할 수 있는 전시 콘텐츠로 나 홀로 관람 최적
인터파크 티켓,전시·미술관,［얼리버드］ 브래드 월스 사진전,2026-09-11 ~ 2027-03-01,성인 (개인 관람 적합),그라운드시소 용산,6,인터파크 티켓 실시간 인기 콘텐츠 [［얼리버드］ 브래드 월스 사진전]. 혼자 즐기기 좋은 몰입감 있는 콘텐츠입니다.,https://tickets.interpark.com//ticket.interpark.com/Tiki/Main/TiKiGoodsinfo.asp?GoodsCode=26010389,family:0.7;couple:0.95;single:0.6;전시/행사;인터파크실시간,2026-08-23 04:38:57,exhibition:1.0;quiet:0.8;indoor:0.9,5,60,🖼️ 조용히 몰입할 수 있는 전시 콘텐츠로 나 홀로 관람 최적
인터파크 티켓,전시·미술관,스튜디오 지브리展 in Jeju,2026-07-11 ~ 2027-07-11,성인 (개인 관람 적합),제주 동화마을 아트센터,7,인터파크 티켓 실시간 인기 콘텐츠 [스튜디오 지브리展 in Jeju]. 혼자 즐기기 좋은 몰입감 있는 콘텐츠입니다.,https://tickets.interpark.com//ticket.interpark.com/Tiki/Main/TiKiGoodsinfo.asp?GoodsCode=26009468,family:0.7;couple:0.95;single:0.6;전시/행사;인터파크실시간,2026-08-23 04:38:57,exhibition:1.0;quiet:0.8;indoor:0.9,4,60,🖼️ 조용히 몰입할 수 있는 전시 콘텐츠로 나 홀로 관람 최적
인터파크 티켓,전시·미술관,아기상어 비밀 초대장: 비커밍 샤크,2026-06-18 ~ 2026-12-19,성인 (개인 관람 적합),동대문디자인플라자 전시 2관,6,인터파크 티켓 실시간 인기 콘텐츠 [아기상어 비밀 초대장: 비커밍 샤크]. 혼자 즐기기 좋은 몰입감 있는 콘텐츠입니다.,https://tickets.interpark.com//ticket.interpark.com/Tiki/Main/TiKiGoodsinfo.asp?GoodsCode=26008798,family:0.7;couple:0.95;single:0.6;전시/행사;인터파크실시간,2026-08-23 04:38:57,exhibition:1.0;quiet:0.8;indoor:0.9,3,60,🖼️ 조용히 몰입할 수 있는 전시 콘텐츠로 나 홀로 관람 최적
인터파크 티켓,전시·미술관,［굿바이 30%］ 페르난도 보테로전,2026-04-24 ~ 2026-08-30,성인 (개인 관람 적합),예술의전당 한가람디자인미술관,6,인터파크 티켓 실시간 인기 콘텐츠 [［굿바이 30%］ 페르난도 보테로전]. 혼자 즐기기 좋은 몰입감 있는 콘텐츠입니다.,https://tickets.interpark.com//ticket.interpark.com/Tiki/Main/TiKiGoodsinfo.asp?GoodsCode=26006230,family:0.7;couple:0.95;single:0.6;전시/행사;인터파크실시간,2026-08-23 04:38:57,exhibition:1.0;quiet:0.8;indoor:0.9,4,60,🖼️ 조용히 몰입할 수 있는 전시 콘텐츠로 나 홀로 관람 최적
인터파크 티켓,전시·미술관,［입장권］ 2026 송도맥주축제: 환상의 나라 비어랜드(일자지정),2026-08-22 ~ 2026-08-30,성인 (개인 관람 적합),송도달빛축제공원,4,인터파크 티켓 실시간 인기 콘텐츠 [［입장권］ 2026 송도맥주축제: 환상의 나라 비어랜드(일자지정)]. 혼자 즐기기 좋은 몰입감 있는 콘텐츠입니다.,https://tickets.interpark.com//ticket.interpark.com/Tiki/Main/TiKiGoodsinfo.asp?GoodsCode=26010853,family:0.7;couple:0.95;single:0.6;전시/행사;인터파크실시간,2026-08-23 04:38:57,exhibition:1.0;quiet:0.8;indoor:0.9,4,60,🖼️ 조용히 몰입할 수 있는 전시 콘텐츠로 나 홀로 관람 최적
인터파크 티켓,전시·미술관,용인어린이상상의숲 요리조리스튜디오 〈상상파티시엘2〉,2026-09-11 ~ 2026-12-27,성인 (개인 관람 적합),용인어린이상상의숲 요리조리스튜디오,3,인터파크 티켓 실시간 인기 콘텐츠 [용인어린이상상의숲 요리조리스튜디오 〈상상파티시엘2〉]. 혼자 즐기기 좋은 몰입감 있는 콘텐츠입니다.,https://tickets.interpark.com//ticket.interpark.com/Tiki/Main/TiKiGoodsinfo.asp?GoodsCode=26012196,family:0.7;couple:0.95;single:0.6;전시/행사;인터파크실시간,2026-08-23 04:38:57,exhibition:1.0;quiet:0.8;indoor:0.9,4,60,🖼️ 조용히 몰입할 수 있는 전시 콘텐츠로 나 홀로 관람 최적
인터파크 티켓,전시·미술관,윤형근의 집 Yun Hyong-keun House,2026-09-01 ~ 2026-10-17,성인 (개인 관람 적합),윤형근의 집,4,인터파크 티켓 실시간 인기 콘텐츠 [윤형근의 집 Yun Hyong-keun House]. 혼자 즐기기 좋은 몰입감 있는 콘텐츠입니다.,https://tickets.interpark.com//ticket.interpark.com/Tiki/Main/TiKiGoodsinfo.asp?GoodsCode=26012184,family:0.7;couple:0.95;single:0.6;전시/행사;인터파크실시간,2026-08-23 04:38:57,exhibition:1.0;quiet:0.8;indoor:0.9,3,60,🖼️ 조용히 몰입할 수 있는 전시 콘텐츠로 나 홀로 관람 최적
인터파크 티켓,전시·미술관,［NOL 특별할인］ 뱅크시: Still Here,2026-08-21 ~ 2026-09-30,성인 (개인 관람 적합),더현대서울 6층 ALT.1,4,인터파크 티켓 실시간 인기 콘텐츠 [［NOL 특별할인］ 뱅크시: Still Here]. 혼자 즐기기 좋은 몰입감 있는 콘텐츠입니다.,https://tickets.interpark.com//ticket.interpark.com/Tiki/Main/TiKiGoodsinfo.asp?GoodsCode=26012257,family:0.7;couple:0.95;single:0.6;전시/행사;인터파크실시간,2026-08-23 04:38:57,exhibition:1.0;quiet:0.8;indoor:0.9,3,60,🖼️ 조용히 몰입할 수 있는 전시 콘텐츠로 나 홀로 관람 최적
인터파크 티켓,전시·미술관,［HYBE INSIGHT］ 투모로우바이투게더 전시 ＇LAYERS OF US＇,2026-08-13 ~ 2026-09-06,성인 (개인 관람 적합),더 서울라이티움,6,인터파크 티켓 실시간 인기 콘텐츠 [［HYBE INSIGHT］ 투모로우바이투게더 전시 ＇LAYERS OF US＇]. 혼자 즐기기 좋은 몰입감 있는 콘텐츠입니다.,https://tickets.interpark.com//ticket.interpark.com/Tiki/Main/TiKiGoodsinfo.asp?GoodsCode=26009282,family:0.7;couple:0.95;single:0.6;전시/행사;인터파크실시간,2026-08-23 04:38:57,exhibition:1.0;quiet:0.8;indoor:0.9,3,60,🖼️ 조용히 몰입할 수 있는 전시 콘텐츠로 나 홀로 관람 최적
인터파크 티켓,전시·미술관,대구간송미술관 상설전시,2026-01-27 ~ 2026-08-30,성인 (개인 관람 적합),대구간송미술관,2,인터파크 티켓 실시간 인기 콘텐츠 [대구간송미술관 상설전시]. 혼자 즐기기 좋은 몰입감 있는 콘텐츠입니다.,https://tickets.interpark.com//ticket.interpark.com/Tiki/Main/TiKiGoodsinfo.asp?GoodsCode=26000742,family:0.7;couple:0.95;single:0.6;전시/행사;인터파크실시간,2026-08-23 04:38:57,exhibition:1.0;quiet:0.8;indoor:0.9,5,60,🖼️ 조용히 몰입할 수 있는 전시 콘텐츠로 나 홀로 관람 최적
인터파크 티켓,전시·미술관,"［얼리버드］ 인상파, 찬란한 순간들 - 광주",2026-09-23 ~ 2027-02-21,성인 (개인 관람 적합),ACC 국립아시아문화전당,2,"인터파크 티켓 실시간 인기 콘텐츠 [［얼리버드］ 인상파, 찬란한 순간들 - 광주]. 혼자 즐기기 좋은 몰입감 있는 콘텐츠입니다.",https://tickets.interpark.com//ticket.interpark.com/Tiki/Main/TiKiGoodsinfo.asp?GoodsCode=26011839,family:0.7;couple:0.95;single:0.6;전시/행사;인터파크실시간,2026-08-23 04:38:57,exhibition:1.0;quiet:0.8;indoor:0.9,4,60,🖼️ 조용히 몰입할 수 있는 전시 콘텐츠로 나 홀로 관람 최적
인터파크 티켓,전시·미술관,［여름특가 30% 할인］ 와일드스미스 그림책 원화展,2026-07-07 ~ 2026-10-16,성인 (개인 관람 적합),예술의전당 서예박물관,3,인터파크 티켓 실시간 인기 콘텐츠 [［여름특가 30% 할인］ 와일드스미스 그림책 원화展]. 혼자 즐기기 좋은 몰입감 있는 콘텐츠입니다.,https://tickets.interpark.com//ticket.interpark.com/Tiki/Main/TiKiGoodsinfo.asp?GoodsCode=26009680,family:0.7;couple:0.95;single:0.6;전시/행사;인터파크실시간,2026-08-23 04:38:57,exhibition:1.0;quiet:0.8;indoor:0.9,5,60,🖼️ 조용히 몰입할 수 있는 전시 콘텐츠로 나 홀로 관람 최적
인터파크 티켓,전시·미술관,［8월 맞이 ~25%］ 울트라백화점 부산 : 텍스트 쇼핑 클럽,2026-07-17 ~ 2026-11-01,성인 (개인 관람 적합),"부산 영도 피아크 전시장 2F,3F",3,인터파크 티켓 실시간 인기 콘텐츠 [［8월 맞이 ~25%］ 울트라백화점 부산 : 텍스트 쇼핑 클럽]. 혼자 즐기기 좋은 몰입감 있는 콘텐츠입니다.,https://tickets.interpark.com//ticket.interpark.com/Tiki/Main/TiKiGoodsinfo.asp?GoodsCode=26006746,family:0.7;couple:0.95;single:0.6;전시/행사;인터파크실시간,2026-08-23 04:38:57,exhibition:1.0;quiet:0.8;indoor:0.9,3,60,🖼️ 조용히 몰입할 수 있는 전시 콘텐츠로 나 홀로 관람 최적
인터파크 티켓,전시·미술관,［얼리버드］ 현대카드 컬처프로젝트31 웨인티보 전,2026-09-19 ~ 2026-12-18,성인 (개인 관람 적합),동대문디자인플라자 뮤지엄,2,인터파크 티켓 실시간 인기 콘텐츠 [［얼리버드］ 현대카드 컬처프로젝트31 웨인티보 전]. 혼자 즐기기 좋은 몰입감 있는 콘텐츠입니다.,https://tickets.interpark.com//ticket.interpark.com/Tiki/Main/TiKiGoodsinfo.asp?GoodsCode=26010009,family:0.7;couple:0.95;single:0.6;전시/행사;인터파크실시간,2026-08-23 04:38:57,exhibition:1.0;quiet:0.8;indoor:0.9,3,60,🖼️ 조용히 몰입할 수 있는 전시 콘텐츠로 나 홀로 관람 최적
인터파크 티켓,전시·미술관,가우디: 서울에서 다시 태어나다,2026-08-01 ~ 2026-10-31,성인 (개인 관람 적합),신사하우스,4,인터파크 티켓 실시간 인기 콘텐츠 [가우디: 서울에서 다시 태어나다]. 혼자 즐기기 좋은 몰입감 있는 콘텐츠입니다.,https://tickets.interpark.com//ticket.interpark.com/Tiki/Main/TiKiGoodsinfo.asp?GoodsCode=26012044,family:0.7;couple:0.95;single:0.6;전시/행사;인터파크실시간,2026-08-23 04:38:57,exhibition:1.0;quiet:0.8;indoor:0.9,4,60,🖼️ 조용히 몰입할 수 있는 전시 콘텐츠로 나 홀로 관람 최적
인터파크 티켓,전시·미술관,앤디 워홀: 예술을 팔다 - 대구,2026-07-03 ~ 2026-10-25,성인 (개인 관람 적합),대구문화예술회관 미술관,3,인터파크 티켓 실시간 인기 콘텐츠 [앤디 워홀: 예술을 팔다 - 대구]. 혼자 즐기기 좋은 몰입감 있는 콘텐츠입니다.,https://tickets.interpark.com//ticket.interpark.com/Tiki/Main/TiKiGoodsinfo.asp?GoodsCode=26007685,family:0.7;couple:0.95;single:0.6;전시/행사;인터파크실시간,2026-08-23 04:38:57,exhibition:1.0;quiet:0.8;indoor:0.9,5,60,🖼️ 조용히 몰입할 수 있는 전시 콘텐츠로 나 홀로 관람 최적
인터파크 티켓,전시·미술관,［종료 특가 40%］ 맥스 시덴토프 개인전,2026-03-27 ~ 2026-08-30,성인 (개인 관람 적합),그라운드시소 센트럴,2,인터파크 티켓 실시간 인기 콘텐츠 [［종료 특가 40%］ 맥스 시덴토프 개인전]. 혼자 즐기기 좋은 몰입감 있는 콘텐츠입니다.,https://tickets.interpark.com//ticket.interpark.com/Tiki/Main/TiKiGoodsinfo.asp?GoodsCode=26003427,family:0.7;couple:0.95;single:0.6;전시/행사;인터파크실시간,2026-08-23 04:38:57,exhibition:1.0;quiet:0.8;indoor:0.9,3,60,🖼️ 조용히 몰입할 수 있는 전시 콘텐츠로 나 홀로 관람 최적
인터파크 티켓,전시·미술관,［뱅크시특별전］ 뱅크시 : Still Here,2026-07-22 ~ 2026-11-03,성인 (개인 관람 적합),더현대서울 6층 ALT.1,3,인터파크 티켓 실시간 인기 콘텐츠 [［뱅크시특별전］ 뱅크시 : Still Here]. 혼자 즐기기 좋은 몰입감 있는 콘텐츠입니다.,https://tickets.interpark.com//ticket.interpark.com/Tiki/Main/TiKiGoodsinfo.asp?GoodsCode=26010707,family:0.7;couple:0.95;single:0.6;전시/행사;인터파크실시간,2026-08-23 04:38:57,exhibition:1.0;quiet:0.8;indoor:0.9,4,60,🖼️ 조용히 몰입할 수 있는 전시 콘텐츠로 나 홀로 관람 최적
인터파크 티켓,전시·미술관,［여름특가40%］ 전주 앤서니브라운展,2026-06-20 ~ 2026-09-20,성인 (개인 관람 적합),한국소리문화의전당 전시장,2,인터파크 티켓 실시간 인기 콘텐츠 [［여름특가40%］ 전주 앤서니브라운展]. 혼자 즐기기 좋은 몰입감 있는 콘텐츠입니다.,https://tickets.interpark.com//ticket.interpark.com/Tiki/Main/TiKiGoodsinfo.asp?GoodsCode=26009071,family:0.7;couple:0.95;single:0.6;전시/행사;인터파크실시간,2026-08-23 04:38:57,exhibition:1.0;quiet:0.8;indoor:0.9,3,60,🖼️ 조용히 몰입할 수 있는 전시 콘텐츠로 나 홀로 관람 최적
인터파크 티켓,전시·미술관,"백제문화전당 상설전시 〈빛으로 잇는 시간, 백제〉",2026-08-01 ~ 2026-12-31,성인 (개인 관람 적합),백제문화전당 비단뜰 전시장,2,"인터파크 티켓 실시간 인기 콘텐츠 [백제문화전당 상설전시 〈빛으로 잇는 시간, 백제〉]. 혼자 즐기기 좋은 몰입감 있는 콘텐츠입니다.",https://tickets.interpark.com//ticket.interpark.com/Tiki/Main/TiKiGoodsinfo.asp?GoodsCode=26010582,family:0.7;couple:0.95;single:0.6;전시/행사;인터파크실시간,2026-08-23 04:38:57,exhibition:1.0;quiet:0.8;indoor:0.9,4,60,🖼️ 조용히 몰입할 수 있는 전시 콘텐츠로 나 홀로 관람 최적
인터파크 티켓,전시·미술관,［북촌］2026년 7월~8월_어둠속의대화(DIALOGUE IN THE DARK),2010-01-20 ~ 2026-08-31,성인 (개인 관람 적합),북촌 어둠속의대화,4,인터파크 티켓 실시간 인기 콘텐츠 [［북촌］2026년 7월~8월_어둠속의대화(DIALOGUE IN THE DARK)]. 혼자 즐기기 좋은 몰입감 있는 콘텐츠입니다.,https://tickets.interpark.com//ticket.interpark.com/Tiki/Main/TiKiGoodsinfo.asp?GoodsCode=26007155,family:0.7;couple:0.95;single:0.6;전시/행사;인터파크실시간,2026-08-23 04:38:57,exhibition:1.0;quiet:0.8;indoor:0.9,4,60,🖼️ 조용히 몰입할 수 있는 전시 콘텐츠로 나 홀로 관람 최적
인터파크 티켓,전시·미술관,［청주］ 앙리마티스와 파리의 화가들,2026-07-16 ~ 2026-10-25,성인 (개인 관람 적합),"문화제조창 본관 3층 한국공예관 갤러리 3,5관",2,인터파크 티켓 실시간 인기 콘텐츠 [［청주］ 앙리마티스와 파리의 화가들]. 혼자 즐기기 좋은 몰입감 있는 콘텐츠입니다.,https://tickets.interpark.com//ticket.interpark.com/Tiki/Main/TiKiGoodsinfo.asp?GoodsCode=26008108,family:0.7;couple:0.95;single:0.6;전시/행사;인터파크실시간,2026-08-23 04:38:57,exhibition:1.0;quiet:0.8;indoor:0.9,3,60,🖼️ 조용히 몰입할 수 있는 전시 콘텐츠로 나 홀로 관람 최적
인터파크 티켓,전시·미술관,2026부산비엔날레,2026-08-29 ~ 2026-11-01,성인 (개인 관람 적합),부산현대미술관 외 2곳,2,인터파크 티켓 실시간 인기 콘텐츠 [2026부산비엔날레]. 혼자 즐기기 좋은 몰입감 있는 콘텐츠입니다.,https://tickets.interpark.com//ticket.interpark.com/Tiki/Main/TiKiGoodsinfo.asp?GoodsCode=26007895,family:0.7;couple:0.95;single:0.6;전시/행사;인터파크실시간,2026-08-23 04:38:57,exhibition:1.0;quiet:0.8;indoor:0.9,5,60,🖼️ 조용히 몰입할 수 있는 전시 콘텐츠로 나 홀로 관람 최적
인터파크 티켓,전시·미술관,〈인상파의 밤 : 파리 1874 / 쿠푸왕의 피라미드〉,2026-03-17 ~ 2026-09-30,성인 (개인 관람 적합),전쟁기념관 특별전시실,3,인터파크 티켓 실시간 인기 콘텐츠 [〈인상파의 밤 : 파리 1874 / 쿠푸왕의 피라미드〉]. 혼자 즐기기 좋은 몰입감 있는 콘텐츠입니다.,https://tickets.interpark.com//ticket.interpark.com/Tiki/Main/TiKiGoodsinfo.asp?GoodsCode=26001243,family:0.7;couple:0.95;single:0.6;전시/행사;인터파크실시간,2026-08-23 04:38:57,exhibition:1.0;quiet:0.8;indoor:0.9,3,60,🖼️ 조용히 몰입할 수 있는 전시 콘텐츠로 나 홀로 관람 최적
인터파크 티켓,전시·미술관,폐막공연：나는개가수다_제14회 부산국제코미디페스티벌,2026-08-30 ~ 2026-08-30,성인 (개인 관람 적합),영화의전당 하늘연극장,3,인터파크 티켓 실시간 인기 콘텐츠 [폐막공연：나는개가수다_제14회 부산국제코미디페스티벌]. 혼자 즐기기 좋은 몰입감 있는 콘텐츠입니다.,https://tickets.interpark.com//ticket.interpark.com/Tiki/Main/TiKiGoodsinfo.asp?GoodsCode=26010211,family:0.7;couple:0.95;single:0.6;전시/행사;인터파크실시간,2026-08-23 04:38:57,exhibition:1.0;quiet:0.8;indoor:0.9,4,60,🖼️ 조용히 몰입할 수 있는 전시 콘텐츠로 나 홀로 관람 최적
인터파크 티켓,전시·미술관,2026 상상톡톡미술관 기획전시 〈빠씨를 찾아서〉,2026-07-11 ~ 2026-10-25,성인 (개인 관람 적합),꿈의숲_상상톡톡미술관,2,인터파크 티켓 실시간 인기 콘텐츠 [2026 상상톡톡미술관 기획전시 〈빠씨를 찾아서〉]. 혼자 즐기기 좋은 몰입감 있는 콘텐츠입니다.,https://tickets.interpark.com//ticket.interpark.com/Tiki/Main/TiKiGoodsinfo.asp?GoodsCode=P0004726,family:0.7;couple:0.95;single:0.6;전시/행사;인터파크실시간,2026-08-23 04:38:57,exhibition:1.0;quiet:0.8;indoor:0.9,3,60,🖼️ 조용히 몰입할 수 있는 전시 콘텐츠로 나 홀로 관람 최적
인터파크 티켓,전시·미술관,"［얼리버드40%할인］ 봉주르, 장자크 상페",2026-09-10 ~ 2026-10-18,성인 (개인 관람 적합),마이아트뮤지엄 원그로브점,2,"인터파크 티켓 실시간 인기 콘텐츠 [［얼리버드40%할인］ 봉주르, 장자크 상페]. 혼자 즐기기 좋은 몰입감 있는 콘텐츠입니다.",https://tickets.interpark.com//ticket.interpark.com/Tiki/Main/TiKiGoodsinfo.asp?GoodsCode=26010702,family:0.7;couple:0.95;single:0.6;전시/행사;인터파크실시간,2026-08-23 04:38:57,exhibition:1.0;quiet:0.8;indoor:0.9,4,60,🖼️ 조용히 몰입할 수 있는 전시 콘텐츠로 나 홀로 관람 최적
인터파크 티켓,전시·미술관,［여름특가］ 마르크 샤갈 특별전 대구,2026-06-30 ~ 2026-10-11,성인 (개인 관람 적합),대구예술발전소,2,인터파크 티켓 실시간 인기 콘텐츠 [［여름특가］ 마르크 샤갈 특별전 대구]. 혼자 즐기기 좋은 몰입감 있는 콘텐츠입니다.,https://tickets.interpark.com//ticket.interpark.com/Tiki/Main/TiKiGoodsinfo.asp?GoodsCode=26007635,family:0.7;couple:0.95;single:0.6;전시/행사;인터파크실시간,2026-08-23 04:38:57,exhibition:1.0;quiet:0.8;indoor:0.9,5,60,🖼️ 조용히 몰입할 수 있는 전시 콘텐츠로 나 홀로 관람 최적
인터파크 티켓,전시·미술관,［사전예매］ 제16회 광주비엔날레,2026-09-05 ~ 2026-11-15,성인 (개인 관람 적합),광주비엔날레 전시관,2,인터파크 티켓 실시간 인기 콘텐츠 [［사전예매］ 제16회 광주비엔날레]. 혼자 즐기기 좋은 몰입감 있는 콘텐츠입니다.,https://tickets.interpark.com//ticket.interpark.com/Tiki/Main/TiKiGoodsinfo.asp?GoodsCode=26007603,family:0.7;couple:0.95;single:0.6;전시/행사;인터파크실시간,2026-08-23 04:38:57,exhibition:1.0;quiet:0.8;indoor:0.9,4,60,🖼️ 조용히 몰입할 수 있는 전시 콘텐츠로 나 홀로 관람 최적
인터파크 티켓,전시·미술관,고스트 바둑왕 원화전,2026-06-27 ~ 2026-08-23,성인 (개인 관람 적합),대원뮤지엄 팝콘D스퀘어,2,인터파크 티켓 실시간 인기 콘텐츠 [고스트 바둑왕 원화전]. 혼자 즐기기 좋은 몰입감 있는 콘텐츠입니다.,https://tickets.interpark.com//ticket.interpark.com/Tiki/Main/TiKiGoodsinfo.asp?GoodsCode=26008615,family:0.7;couple:0.95;single:0.6;전시/행사;인터파크실시간,2026-08-23 04:38:57,exhibition:1.0;quiet:0.8;indoor:0.9,3,60,🖼️ 조용히 몰입할 수 있는 전시 콘텐츠로 나 홀로 관람 최적
인터파크 티켓,전시·미술관,［사전예매 3차］2026 여수세계섬박람회 보통권/가족권,2026-09-05 ~ 2026-11-04,성인 (개인 관람 적합),여수 돌산 진모지구/개도/금오도/여수세계박람회,2,인터파크 티켓 실시간 인기 콘텐츠 [［사전예매 3차］2026 여수세계섬박람회 보통권/가족권]. 혼자 즐기기 좋은 몰입감 있는 콘텐츠입니다.,https://tickets.interpark.com//ticket.interpark.com/Tiki/Main/TiKiGoodsinfo.asp?GoodsCode=25013044,family:0.7;couple:0.95;single:0.6;전시/행사;인터파크실시간,2026-08-23 04:38:57,exhibition:1.0;quiet:0.8;indoor:0.9,4,60,🖼️ 조용히 몰입할 수 있는 전시 콘텐츠로 나 홀로 관람 최적
인터파크 티켓,전시·미술관,［VIP］ 2026 송도맥주축제: 환상의 나라 비어랜드,2026-08-22 ~ 2026-08-30,성인 (개인 관람 적합),송도달빛축제공원,7,인터파크 티켓 실시간 인기 콘텐츠 [［VIP］ 2026 송도맥주축제: 환상의 나라 비어랜드]. 혼자 즐기기 좋은 몰입감 있는 콘텐츠입니다.,https://tickets.interpark.com//ticket.interpark.com/Tiki/Main/TiKiGoodsinfo.asp?GoodsCode=26010061,family:0.7;couple:0.95;single:0.6;전시/행사;인터파크실시간,2026-08-23 04:38:57,exhibition:1.0;quiet:0.8;indoor:0.9,3,60,🖼️ 조용히 몰입할 수 있는 전시 콘텐츠로 나 홀로 관람 최적
인터파크 티켓,전시·미술관,성률 기획전 여름을 닮은 우리,2026-04-30 ~ 2026-09-27,성인 (개인 관람 적합),그라운드시소 한남,2,인터파크 티켓 실시간 인기 콘텐츠 [성률 기획전 여름을 닮은 우리]. 혼자 즐기기 좋은 몰입감 있는 콘텐츠입니다.,https://tickets.interpark.com//ticket.interpark.com/Tiki/Main/TiKiGoodsinfo.asp?GoodsCode=26006321,family:0.7;couple:0.95;single:0.6;전시/행사;인터파크실시간,2026-08-23 04:38:57,exhibition:1.0;quiet:0.8;indoor:0.9,3,60,🖼️ 조용히 몰입할 수 있는 전시 콘텐츠로 나 홀로 관람 최적
인터파크 티켓,전시·미술관,쥬세뻬 비탈레 MONDO ANMALE,2026-06-04 ~ 2026-08-23,성인 (개인 관람 적합),강동아트센터 아트랑1~3,1,인터파크 티켓 실시간 인기 콘텐츠 [쥬세뻬 비탈레 MONDO ANMALE]. 혼자 즐기기 좋은 몰입감 있는 콘텐츠입니다.,https://tickets.interpark.com//ticket.interpark.com/Tiki/Main/TiKiGoodsinfo.asp?GoodsCode=26006515,family:0.7;couple:0.95;single:0.6;전시/행사;인터파크실시간,2026-08-23 04:38:57,exhibition:1.0;quiet:0.8;indoor:0.9,5,60,🖼️ 조용히 몰입할 수 있는 전시 콘텐츠로 나 홀로 관람 최적
인터파크 티켓,전시·미술관,"［굿바이취향］ 취향가옥2:Art in Life, Life in Art2",2026-08-11 ~ 2026-09-20,성인 (개인 관람 적합),디뮤지엄,1,"인터파크 티켓 실시간 인기 콘텐츠 [［굿바이취향］ 취향가옥2:Art in Life, Life in Art2]. 혼자 즐기기 좋은 몰입감 있는 콘텐츠입니다.",https://tickets.interpark.com//ticket.interpark.com/Tiki/Main/TiKiGoodsinfo.asp?GoodsCode=26011491,family:0.7;couple:0.95;single:0.6;전시/행사;인터파크실시간,2026-08-23 04:38:57,exhibition:1.0;quiet:0.8;indoor:0.9,3,60,🖼️ 조용히 몰입할 수 있는 전시 콘텐츠로 나 홀로 관람 최적
인터파크 티켓,전시·미술관,［상시관람］ 진격의 거인展 FINAL,2026-06-22 ~ 2026-11-01,성인 (개인 관람 적합),DUEX(덕스)홍대,2,인터파크 티켓 실시간 인기 콘텐츠 [［상시관람］ 진격의 거인展 FINAL]. 혼자 즐기기 좋은 몰입감 있는 콘텐츠입니다.,https://tickets.interpark.com//ticket.interpark.com/Tiki/Main/TiKiGoodsinfo.asp?GoodsCode=26007894,family:0.7;couple:0.95;single:0.6;전시/행사;인터파크실시간,2026-08-23 04:38:57,exhibition:1.0;quiet:0.8;indoor:0.9,3,60,🖼️ 조용히 몰입할 수 있는 전시 콘텐츠로 나 홀로 관람 최적
인터파크 티켓,전시·미술관,［개막특가］ 조은 원화전: 오늘의 정원,2026-07-17 ~ 2026-11-29,성인 (개인 관람 적합),그라운드시소 이스트,2,인터파크 티켓 실시간 인기 콘텐츠 [［개막특가］ 조은 원화전: 오늘의 정원]. 혼자 즐기기 좋은 몰입감 있는 콘텐츠입니다.,https://tickets.interpark.com//ticket.interpark.com/Tiki/Main/TiKiGoodsinfo.asp?GoodsCode=26010388,family:0.7;couple:0.95;single:0.6;전시/행사;인터파크실시간,2026-08-23 04:38:57,exhibition:1.0;quiet:0.8;indoor:0.9,5,60,🖼️ 조용히 몰입할 수 있는 전시 콘텐츠로 나 홀로 관람 최적
인터파크 티켓,전시·미술관,B급청문회_제14회 부산국제코미디페스티벌,2026-08-22 ~ 2026-08-23,성인 (개인 관람 적합),부산은행 본점 2층 오션홀,2,인터파크 티켓 실시간 인기 콘텐츠 [B급청문회_제14회 부산국제코미디페스티벌]. 혼자 즐기기 좋은 몰입감 있는 콘텐츠입니다.,https://tickets.interpark.com//ticket.interpark.com/Tiki/Main/TiKiGoodsinfo.asp?GoodsCode=26010330,family:0.7;couple:0.95;single:0.6;전시/행사;인터파크실시간,2026-08-23 04:38:57,exhibition:1.0;quiet:0.8;indoor:0.9,3,60,🖼️ 조용히 몰입할 수 있는 전시 콘텐츠로 나 홀로 관람 최적
인터파크 티켓,전시·미술관,2026 순천만국가정원 입장권,2025-04-08 ~ 2026-12-31,성인 (개인 관람 적합),순천만국가정원,2,인터파크 티켓 실시간 인기 콘텐츠 [2026 순천만국가정원 입장권]. 혼자 즐기기 좋은 몰입감 있는 콘텐츠입니다.,https://tickets.interpark.com//ticket.interpark.com/Tiki/Main/TiKiGoodsinfo.asp?GoodsCode=25005022,family:0.7;couple:0.95;single:0.6;전시/행사;인터파크실시간,2026-08-23 04:38:57,exhibition:1.0;quiet:0.8;indoor:0.9,5,60,🖼️ 조용히 몰입할 수 있는 전시 콘텐츠로 나 홀로 관람 최적
인터파크 티켓,전시·미술관,내셔널지오그래픽 특별기획 OCEAN 가장 거대한 기록,2026-06-06 ~ 2026-10-11,성인 (개인 관람 적합),충무아트센터 갤러리,2,인터파크 티켓 실시간 인기 콘텐츠 [내셔널지오그래픽 특별기획 OCEAN 가장 거대한 기록]. 혼자 즐기기 좋은 몰입감 있는 콘텐츠입니다.,https://tickets.interpark.com//ticket.interpark.com/Tiki/Main/TiKiGoodsinfo.asp?GoodsCode=26007353,family:0.7;couple:0.95;single:0.6;전시/행사;인터파크실시간,2026-08-23 04:38:57,exhibition:1.0;quiet:0.8;indoor:0.9,5,60,🖼️ 조용히 몰입할 수 있는 전시 콘텐츠로 나 홀로 관람 최적
인터파크 티켓,전시·미술관,［얼리버드］PEACH-PIT 25주년 기념 특별전,2026-10-24 ~ 2026-11-29,성인 (개인 관람 적합),대원뮤지엄 팝콘D스퀘어,2,인터파크 티켓 실시간 인기 콘텐츠 [［얼리버드］PEACH-PIT 25주년 기념 특별전]. 혼자 즐기기 좋은 몰입감 있는 콘텐츠입니다.,https://tickets.interpark.com//ticket.interpark.com/Tiki/Main/TiKiGoodsinfo.asp?GoodsCode=26011993,family:0.7;couple:0.95;single:0.6;전시/행사;인터파크실시간,2026-08-23 04:38:57,exhibition:1.0;quiet:0.8;indoor:0.9,5,60,🖼️ 조용히 몰입할 수 있는 전시 콘텐츠로 나 홀로 관람 최적
인터파크 티켓,전시·미술관,대구간송미술관 특별전 〈겸재 정선〉,2026-09-16 ~ 2026-12-27,성인 (개인 관람 적합),대구간송미술관,1,인터파크 티켓 실시간 인기 콘텐츠 [대구간송미술관 특별전 〈겸재 정선〉]. 혼자 즐기기 좋은 몰입감 있는 콘텐츠입니다.,https://tickets.interpark.com//ticket.interpark.com/Tiki/Main/TiKiGoodsinfo.asp?GoodsCode=26011790,family:0.7;couple:0.95;single:0.6;전시/행사;인터파크실시간,2026-08-23 04:38:57,exhibition:1.0;quiet:0.8;indoor:0.9,5,60,🖼️ 조용히 몰입할 수 있는 전시 콘텐츠로 나 홀로 관람 최적
인터파크 티켓,전시·미술관,"궁궐야행, 창경궁",2019-01-25 ~ 2026-12-31,성인 (개인 관람 적합),창경궁,1,"인터파크 티켓 실시간 인기 콘텐츠 [궁궐야행, 창경궁]. 혼자 즐기기 좋은 몰입감 있는 콘텐츠입니다.",https://tickets.interpark.com//ticket.interpark.com/Tiki/Main/TiKiGoodsinfo.asp?GoodsCode=19000923,family:0.7;couple:0.95;single:0.6;전시/행사;인터파크실시간,2026-08-23 04:38:57,exhibition:1.0;quiet:0.8;indoor:0.9,4,60,🖼️ 조용히 몰입할 수 있는 전시 콘텐츠로 나 홀로 관람 최적
인터파크 티켓,전시·미술관,옹알스_제14회 부산국제코미디페스티벌,2026-08-30 ~ 2026-08-30,성인 (개인 관람 적합),부산 신세계센텀시티(백화점) 9층 문화홀,2,인터파크 티켓 실시간 인기 콘텐츠 [옹알스_제14회 부산국제코미디페스티벌]. 혼자 즐기기 좋은 몰입감 있는 콘텐츠입니다.,https://tickets.interpark.com//ticket.interpark.com/Tiki/Main/TiKiGoodsinfo.asp?GoodsCode=26010325,family:0.7;couple:0.95;single:0.6;전시/행사;인터파크실시간,2026-08-23 04:38:57,exhibition:1.0;quiet:0.8;indoor:0.9,3,60,🖼️ 조용히 몰입할 수 있는 전시 콘텐츠로 나 홀로 관람 최적
인터파크 티켓,전시·미술관,대전 국제 와인 EXPO 2026 입장권,2026-11-06 ~ 2026-11-08,성인 (개인 관람 적합),대전컨벤션센터 제2전시장,2,인터파크 티켓 실시간 인기 콘텐츠 [대전 국제 와인 EXPO 2026 입장권]. 혼자 즐기기 좋은 몰입감 있는 콘텐츠입니다.,https://tickets.interpark.com//ticket.interpark.com/Tiki/Main/TiKiGoodsinfo.asp?GoodsCode=26009667,family:0.7;couple:0.95;single:0.6;전시/행사;인터파크실시간,2026-08-23 04:38:57,exhibition:1.0;quiet:0.8;indoor:0.9,5,60,🖼️ 조용히 몰입할 수 있는 전시 콘텐츠로 나 홀로 관람 최적
인터파크 티켓,전시·미술관,［항공우주박물관］ 대한항공 A300 항공기 체험 - 고양,2025-02-15 ~ 2026-09-30,성인 (개인 관람 적합),한국항공대학교 항공우주박물관,1,인터파크 티켓 실시간 인기 콘텐츠 [［항공우주박물관］ 대한항공 A300 항공기 체험 - 고양]. 혼자 즐기기 좋은 몰입감 있는 콘텐츠입니다.,https://tickets.interpark.com//ticket.interpark.com/Tiki/Main/TiKiGoodsinfo.asp?GoodsCode=25000747,family:0.7;couple:0.95;single:0.6;전시/행사;인터파크실시간,2026-08-23 04:38:57,exhibition:1.0;quiet:0.8;indoor:0.9,3,60,🖼️ 조용히 몰입할 수 있는 전시 콘텐츠로 나 홀로 관람 최적
인터파크 티켓,전시·미술관,미피와 마법우체통 in 오송,2026-05-11 ~ 2026-08-23,성인 (개인 관람 적합),충북갤러리 청주오스코관,1,인터파크 티켓 실시간 인기 콘텐츠 [미피와 마법우체통 in 오송]. 혼자 즐기기 좋은 몰입감 있는 콘텐츠입니다.,https://tickets.interpark.com//ticket.interpark.com/Tiki/Main/TiKiGoodsinfo.asp?GoodsCode=26006732,family:0.7;couple:0.95;single:0.6;전시/행사;인터파크실시간,2026-08-23 04:38:57,exhibition:1.0;quiet:0.8;indoor:0.9,3,60,🖼️ 조용히 몰입할 수 있는 전시 콘텐츠로 나 홀로 관람 최적
인터파크 티켓,전시·미술관,키자니아GO - 현대백화점 충청점,2026-08-14 ~ 2026-09-06,성인 (개인 관람 적합),현대백화점 충청점 7층 문화홀,3,인터파크 티켓 실시간 인기 콘텐츠 [키자니아GO - 현대백화점 충청점]. 혼자 즐기기 좋은 몰입감 있는 콘텐츠입니다.,https://tickets.interpark.com//ticket.interpark.com/Tiki/Main/TiKiGoodsinfo.asp?GoodsCode=26010948,family:0.5;couple:0.6;single:0.6;가족/어린이/아동;인터파크실시간,2026-08-23 04:38:58,exhibition:1.0;quiet:0.8;indoor:0.9,5,60,🖼️ 조용히 몰입할 수 있는 전시 콘텐츠로 나 홀로 관람 최적
인터파크 티켓,콘서트·공연,송승환의 가족뮤지컬 〈더 스토리 오브 언더더씨〉 - 서울,2026-07-10 ~ 2026-08-23,성인 (개인 관람 적합),올림픽공원 우리금융아트홀,6,인터파크 티켓 실시간 인기 콘텐츠 [송승환의 가족뮤지컬 〈더 스토리 오브 언더더씨〉 - 서울]. 혼자 즐기기 좋은 몰입감 있는 콘텐츠입니다.,https://tickets.interpark.com//ticket.interpark.com/Tiki/Main/TiKiGoodsinfo.asp?GoodsCode=26006254,family:0.5;couple:0.6;single:0.6;가족/어린이/아동;인터파크실시간,2026-08-23 04:38:58,concert:1.0;immersive:0.9;indoor:0.7,5,60,🎵 몰입감 있는 공연으로 혼자 즐기기 좋은 라이브 콘텐츠
인터파크 티켓,콘서트·공연,베베핀 뮤지컬 〈두근두근 새친구〉 - 대전,2026-08-22 ~ 2026-08-23,성인 (개인 관람 적합),대전한밭대학교 아트홀,5,인터파크 티켓 실시간 인기 콘텐츠 [베베핀 뮤지컬 〈두근두근 새친구〉 - 대전]. 혼자 즐기기 좋은 몰입감 있는 콘텐츠입니다.,https://tickets.interpark.com//ticket.interpark.com/Tiki/Main/TiKiGoodsinfo.asp?GoodsCode=26009574,family:0.5;couple:0.6;single:0.6;가족/어린이/아동;인터파크실시간,2026-08-23 04:38:58,concert:1.0;immersive:0.9;indoor:0.7,4,60,🎵 몰입감 있는 공연으로 혼자 즐기기 좋은 라이브 콘텐츠
인터파크 티켓,콘서트·공연,가족뮤지컬 〈넘버블록스〉 - 서울앵콜,2026-09-19 ~ 2026-09-20,성인 (개인 관람 적합),한전아트센터,5,인터파크 티켓 실시간 인기 콘텐츠 [가족뮤지컬 〈넘버블록스〉 - 서울앵콜]. 혼자 즐기기 좋은 몰입감 있는 콘텐츠입니다.,https://tickets.interpark.com//ticket.interpark.com/Tiki/Main/TiKiGoodsinfo.asp?GoodsCode=26011355,family:0.5;couple:0.6;single:0.6;가족/어린이/아동;인터파크실시간,2026-08-23 04:38:58,concert:1.0;immersive:0.9;indoor:0.7,3,60,🎵 몰입감 있는 공연으로 혼자 즐기기 좋은 라이브 콘텐츠
인터파크 티켓,전시·미술관,시간을 파는 상점,2024-03-15 ~ 2026-09-27,성인 (개인 관람 적합),파랑씨어터,4,인터파크 티켓 실시간 인기 콘텐츠 [시간을 파는 상점]. 혼자 즐기기 좋은 몰입감 있는 콘텐츠입니다.,https://tickets.interpark.com//ticket.interpark.com/Tiki/Main/TiKiGoodsinfo.asp?GoodsCode=24002778,family:0.5;couple:0.6;single:0.6;가족/어린이/아동;인터파크실시간,2026-08-23 04:38:58,exhibition:1.0;quiet:0.8;indoor:0.9,3,60,🖼️ 조용히 몰입할 수 있는 전시 콘텐츠로 나 홀로 관람 최적
인터파크 티켓,전시·미술관,［관객 20만돌파기념 슈퍼위크］ 베베핀 뮤지컬 〈두근두근 새친구〉 - 극장 용,2026-09-04 ~ 2026-09-06,성인 (개인 관람 적합),국립중앙박물관 극장 용,5,인터파크 티켓 실시간 인기 콘텐츠 [［관객 20만돌파기념 슈퍼위크］ 베베핀 뮤지컬 〈두근두근 새친구〉 - 극장 용]. 혼자 즐기기 좋은 몰입감 있는 콘텐츠입니다.,https://tickets.interpark.com//ticket.interpark.com/Tiki/Main/TiKiGoodsinfo.asp?GoodsCode=26011029,family:0.5;couple:0.6;single:0.6;가족/어린이/아동;인터파크실시간,2026-08-23 04:38:58,exhibition:1.0;quiet:0.8;indoor:0.9,5,60,🖼️ 조용히 몰입할 수 있는 전시 콘텐츠로 나 홀로 관람 최적
인터파크 티켓,콘서트·공연,용인어린이상상의숲 공연놀이터 〈매직컬 피노키오〉 - 용인,2026-08-22 ~ 2026-09-06,성인 (개인 관람 적합),용인어린이상상의숲 공연놀이터,2,인터파크 티켓 실시간 인기 콘텐츠 [용인어린이상상의숲 공연놀이터 〈매직컬 피노키오〉 - 용인]. 혼자 즐기기 좋은 몰입감 있는 콘텐츠입니다.,https://tickets.interpark.com//ticket.interpark.com/Tiki/Main/TiKiGoodsinfo.asp?GoodsCode=26010215,family:0.5;couple:0.6;single:0.6;가족/어린이/아동;인터파크실시간,2026-08-23 04:38:58,concert:1.0;immersive:0.9;indoor:0.7,4,60,🎵 몰입감 있는 공연으로 혼자 즐기기 좋은 라이브 콘텐츠
인터파크 티켓,전시·미술관,브레드이발소 : 여름방학 특별전 in 한남,2026-07-16 ~ 2026-09-06,성인 (개인 관람 적합),블루스퀘어 NEMO,2,인터파크 티켓 실시간 인기 콘텐츠 [브레드이발소 : 여름방학 특별전 in 한남]. 혼자 즐기기 좋은 몰입감 있는 콘텐츠입니다.,https://tickets.interpark.com//ticket.interpark.com/Tiki/Main/TiKiGoodsinfo.asp?GoodsCode=26008900,family:0.5;couple:0.6;single:0.6;가족/어린이/아동;인터파크실시간,2026-08-23 04:38:58,exhibition:1.0;quiet:0.8;indoor:0.9,5,60,🖼️ 조용히 몰입할 수 있는 전시 콘텐츠로 나 홀로 관람 최적
인터파크 티켓,전시·미술관,뮤지컬 〈할머니의 여름휴가 : 씨씨상점〉,2026-07-04 ~ 2026-08-30,성인 (개인 관람 적합),국립중앙박물관 극장 용,4,인터파크 티켓 실시간 인기 콘텐츠 [뮤지컬 〈할머니의 여름휴가 : 씨씨상점〉]. 혼자 즐기기 좋은 몰입감 있는 콘텐츠입니다.,https://tickets.interpark.com//ticket.interpark.com/Tiki/Main/TiKiGoodsinfo.asp?GoodsCode=26005128,family:0.5;couple:0.6;single:0.6;가족/어린이/아동;인터파크실시간,2026-08-23 04:38:58,exhibition:1.0;quiet:0.8;indoor:0.9,3,60,🖼️ 조용히 몰입할 수 있는 전시 콘텐츠로 나 홀로 관람 최적
인터파크 티켓,콘서트·공연,쇼뮤지컬〈프린세스 캐치! 티니핑〉 - 대구 앙코르,2026-10-03 ~ 2026-10-04,성인 (개인 관람 적합),영남대학교 천마아트센터 그랜드홀,4,인터파크 티켓 실시간 인기 콘텐츠 [쇼뮤지컬〈프린세스 캐치! 티니핑〉 - 대구 앙코르]. 혼자 즐기기 좋은 몰입감 있는 콘텐츠입니다.,https://tickets.interpark.com//ticket.interpark.com/Tiki/Main/TiKiGoodsinfo.asp?GoodsCode=26010055,family:0.5;couple:0.6;single:0.6;가족/어린이/아동;인터파크실시간,2026-08-23 04:38:58,concert:1.0;immersive:0.9;indoor:0.7,4,60,🎵 몰입감 있는 공연으로 혼자 즐기기 좋은 라이브 콘텐츠
인터파크 티켓,콘서트·공연,［성남］ 라이브 시트콤 뮤지컬 〈인싸가족〉,2026-09-19 ~ 2026-09-20,성인 (개인 관람 적합),성남아트센터 오페라하우스,4,인터파크 티켓 실시간 인기 콘텐츠 [［성남］ 라이브 시트콤 뮤지컬 〈인싸가족〉]. 혼자 즐기기 좋은 몰입감 있는 콘텐츠입니다.,https://tickets.interpark.com//ticket.interpark.com/Tiki/Main/TiKiGoodsinfo.asp?GoodsCode=26010483,family:0.5;couple:0.6;single:0.6;가족/어린이/아동;인터파크실시간,2026-08-23 04:38:58,concert:1.0;immersive:0.9;indoor:0.7,4,60,🎵 몰입감 있는 공연으로 혼자 즐기기 좋은 라이브 콘텐츠
인터파크 티켓,콘서트·공연,뮤지컬 최고다 호기심딱지 시즌4 〈우리 몸은 우리가 지킨다!〉 - 용인,2026-09-05 ~ 2026-09-06,성인 (개인 관람 적합),용인포은아트홀,3,인터파크 티켓 실시간 인기 콘텐츠 [뮤지컬 최고다 호기심딱지 시즌4 〈우리 몸은 우리가 지킨다!〉 - 용인]. 혼자 즐기기 좋은 몰입감 있는 콘텐츠입니다.,https://tickets.interpark.com//ticket.interpark.com/Tiki/Main/TiKiGoodsinfo.asp?GoodsCode=26008178,family:0.5;couple:0.6;single:0.6;가족/어린이/아동;인터파크실시간,2026-08-23 04:38:58,concert:1.0;immersive:0.9;indoor:0.7,4,60,🎵 몰입감 있는 공연으로 혼자 즐기기 좋은 라이브 콘텐츠
인터파크 티켓,콘서트·공연,뮤지컬 〈알사탕〉 - 서울숲,2025-03-29 ~ 2026-08-30,성인 (개인 관람 적합),서울숲 씨어터 1관,3,인터파크 티켓 실시간 인기 콘텐츠 [뮤지컬 〈알사탕〉 - 서울숲]. 혼자 즐기기 좋은 몰입감 있는 콘텐츠입니다.,https://tickets.interpark.com//ticket.interpark.com/Tiki/Main/TiKiGoodsinfo.asp?GoodsCode=25002679,family:0.5;couple:0.6;single:0.6;가족/어린이/아동;인터파크실시간,2026-08-23 04:38:58,concert:1.0;immersive:0.9;indoor:0.7,3,60,🎵 몰입감 있는 공연으로 혼자 즐기기 좋은 라이브 콘텐츠
인터파크 티켓,콘서트·공연,쇼뮤지컬 〈프린세스 캐치! 티니핑〉 - 창원,2026-09-05 ~ 2026-09-06,성인 (개인 관람 적합),창원 3.15아트센터 대극장,3,인터파크 티켓 실시간 인기 콘텐츠 [쇼뮤지컬 〈프린세스 캐치! 티니핑〉 - 창원]. 혼자 즐기기 좋은 몰입감 있는 콘텐츠입니다.,https://tickets.interpark.com//ticket.interpark.com/Tiki/Main/TiKiGoodsinfo.asp?GoodsCode=26009716,family:0.5;couple:0.6;single:0.6;가족/어린이/아동;인터파크실시간,2026-08-23 04:38:58,concert:1.0;immersive:0.9;indoor:0.7,4,60,🎵 몰입감 있는 공연으로 혼자 즐기기 좋은 라이브 콘텐츠
인터파크 티켓,콘서트·공연,［부산］ 라이브 시트콤 뮤지컬 〈인싸가족〉,2026-10-17 ~ 2026-10-18,성인 (개인 관람 적합),소향씨어터 우리은행홀,3,인터파크 티켓 실시간 인기 콘텐츠 [［부산］ 라이브 시트콤 뮤지컬 〈인싸가족〉]. 혼자 즐기기 좋은 몰입감 있는 콘텐츠입니다.,https://tickets.interpark.com//ticket.interpark.com/Tiki/Main/TiKiGoodsinfo.asp?GoodsCode=26011551,family:0.5;couple:0.6;single:0.6;가족/어린이/아동;인터파크실시간,2026-08-23 04:38:58,concert:1.0;immersive:0.9;indoor:0.7,5,60,🎵 몰입감 있는 공연으로 혼자 즐기기 좋은 라이브 콘텐츠
인터파크 티켓,전시·미술관,밀러의 마법학교 - 현대백화점 킨텍스점,2026-08-21 ~ 2026-08-30,성인 (개인 관람 적합),현대백화점 킨텍스점 9층 문화홀,1,인터파크 티켓 실시간 인기 콘텐츠 [밀러의 마법학교 - 현대백화점 킨텍스점]. 혼자 즐기기 좋은 몰입감 있는 콘텐츠입니다.,https://tickets.interpark.com//ticket.interpark.com/Tiki/Main/TiKiGoodsinfo.asp?GoodsCode=26011987,family:0.5;couple:0.6;single:0.6;가족/어린이/아동;인터파크실시간,2026-08-23 04:38:58,exhibition:1.0;quiet:0.8;indoor:0.9,3,60,🖼️ 조용히 몰입할 수 있는 전시 콘텐츠로 나 홀로 관람 최적
인터파크 티켓,콘서트·공연,뮤지컬 〈장수탕 선녀님〉 - 서울어린이대공원,2026-03-14 ~ 2026-11-29,성인 (개인 관람 적합),서울어린이대공원 아트센터,3,인터파크 티켓 실시간 인기 콘텐츠 [뮤지컬 〈장수탕 선녀님〉 - 서울어린이대공원]. 혼자 즐기기 좋은 몰입감 있는 콘텐츠입니다.,https://tickets.interpark.com//ticket.interpark.com/Tiki/Main/TiKiGoodsinfo.asp?GoodsCode=26001516,family:0.5;couple:0.6;single:0.6;가족/어린이/아동;인터파크실시간,2026-08-23 04:38:58,concert:1.0;immersive:0.9;indoor:0.7,4,60,🎵 몰입감 있는 공연으로 혼자 즐기기 좋은 라이브 콘텐츠
인터파크 티켓,콘서트·공연,뮤지컬 최고다 호기심딱지 시즌4 〈우리 몸은 우리가 지킨다!〉 - 천안,2026-09-19 ~ 2026-09-20,성인 (개인 관람 적합),천안시성환문화회관 대공연장,3,인터파크 티켓 실시간 인기 콘텐츠 [뮤지컬 최고다 호기심딱지 시즌4 〈우리 몸은 우리가 지킨다!〉 - 천안]. 혼자 즐기기 좋은 몰입감 있는 콘텐츠입니다.,https://tickets.interpark.com//ticket.interpark.com/Tiki/Main/TiKiGoodsinfo.asp?GoodsCode=26009286,family:0.5;couple:0.6;single:0.6;가족/어린이/아동;인터파크실시간,2026-08-23 04:38:58,concert:1.0;immersive:0.9;indoor:0.7,3,60,🎵 몰입감 있는 공연으로 혼자 즐기기 좋은 라이브 콘텐츠
인터파크 티켓,콘서트·공연,"뮤지컬 멜로우TV 〈Run it up, 팀 나빠〉 - 수원",2026-08-29 ~ 2026-08-30,성인 (개인 관람 적합),경기아트센터 대극장,3,"인터파크 티켓 실시간 인기 콘텐츠 [뮤지컬 멜로우TV 〈Run it up, 팀 나빠〉 - 수원]. 혼자 즐기기 좋은 몰입감 있는 콘텐츠입니다.",https://tickets.interpark.com//ticket.interpark.com/Tiki/Main/TiKiGoodsinfo.asp?GoodsCode=26009221,family:0.5;couple:0.6;single:0.6;가족/어린이/아동;인터파크실시간,2026-08-23 04:38:58,concert:1.0;immersive:0.9;indoor:0.7,5,60,🎵 몰입감 있는 공연으로 혼자 즐기기 좋은 라이브 콘텐츠
인터파크 티켓,콘서트·공연,뮤지컬 헬로카봇 〈카봇크루가 되어줘!〉 - 하남,2026-09-12 ~ 2026-09-13,성인 (개인 관람 적합),하남문화예술회관 대극장(검단홀),3,인터파크 티켓 실시간 인기 콘텐츠 [뮤지컬 헬로카봇 〈카봇크루가 되어줘!〉 - 하남]. 혼자 즐기기 좋은 몰입감 있는 콘텐츠입니다.,https://tickets.interpark.com//ticket.interpark.com/Tiki/Main/TiKiGoodsinfo.asp?GoodsCode=26010137,family:0.5;couple:0.6;single:0.6;가족/어린이/아동;인터파크실시간,2026-08-23 04:38:58,concert:1.0;immersive:0.9;indoor:0.7,3,60,🎵 몰입감 있는 공연으로 혼자 즐기기 좋은 라이브 콘텐츠
인터파크 티켓,콘서트·공연,2026 뮤지컬 〈숲속 100층짜리 집〉 - 성남,2026-09-05 ~ 2026-09-06,성인 (개인 관람 적합),성남아트리움 대극장,3,인터파크 티켓 실시간 인기 콘텐츠 [2026 뮤지컬 〈숲속 100층짜리 집〉 - 성남]. 혼자 즐기기 좋은 몰입감 있는 콘텐츠입니다.,https://tickets.interpark.com//ticket.interpark.com/Tiki/Main/TiKiGoodsinfo.asp?GoodsCode=26008586,family:0.5;couple:0.6;single:0.6;가족/어린이/아동;인터파크실시간,2026-08-23 04:38:58,concert:1.0;immersive:0.9;indoor:0.7,5,60,🎵 몰입감 있는 공연으로 혼자 즐기기 좋은 라이브 콘텐츠
인터파크 티켓,콘서트·공연,가족뮤지컬 누가 내 머리에 똥 쌌어？ - 서울 노원,2026-09-19 ~ 2026-09-19,성인 (개인 관람 적합),노원구민의전당 (구.노원구민회관),2,인터파크 티켓 실시간 인기 콘텐츠 [가족뮤지컬 누가 내 머리에 똥 쌌어？ - 서울 노원]. 혼자 즐기기 좋은 몰입감 있는 콘텐츠입니다.,https://tickets.interpark.com//ticket.interpark.com/Tiki/Main/TiKiGoodsinfo.asp?GoodsCode=26010587,family:0.5;couple:0.6;single:0.6;가족/어린이/아동;인터파크실시간,2026-08-23 04:38:58,concert:1.0;immersive:0.9;indoor:0.7,4,60,🎵 몰입감 있는 공연으로 혼자 즐기기 좋은 라이브 콘텐츠
인터파크 티켓,콘서트·공연,송승환의 가족뮤지컬 〈더 스토리 오브 언더더씨〉 - 평택,2026-10-17 ~ 2026-10-18,성인 (개인 관람 적합),평택아트센터 대공연장,3,인터파크 티켓 실시간 인기 콘텐츠 [송승환의 가족뮤지컬 〈더 스토리 오브 언더더씨〉 - 평택]. 혼자 즐기기 좋은 몰입감 있는 콘텐츠입니다.,https://tickets.interpark.com//ticket.interpark.com/Tiki/Main/TiKiGoodsinfo.asp?GoodsCode=26010231,family:0.5;couple:0.6;single:0.6;가족/어린이/아동;인터파크실시간,2026-08-23 04:38:58,concert:1.0;immersive:0.9;indoor:0.7,4,60,🎵 몰입감 있는 공연으로 혼자 즐기기 좋은 라이브 콘텐츠
인터파크 티켓,콘서트·공연,뮤지컬 집사TV 시즌 2 Part.2 : 〈대저택 끝 없는 문〉 - 광주,2026-10-03 ~ 2026-10-04,성인 (개인 관람 적합),광주5.18기념문화센터 민주홀,3,인터파크 티켓 실시간 인기 콘텐츠 [뮤지컬 집사TV 시즌 2 Part.2 : 〈대저택 끝 없는 문〉 - 광주]. 혼자 즐기기 좋은 몰입감 있는 콘텐츠입니다.,https://tickets.interpark.com//ticket.interpark.com/Tiki/Main/TiKiGoodsinfo.asp?GoodsCode=26010553,family:0.5;couple:0.6;single:0.6;가족/어린이/아동;인터파크실시간,2026-08-23 04:38:58,concert:1.0;immersive:0.9;indoor:0.7,3,60,🎵 몰입감 있는 공연으로 혼자 즐기기 좋은 라이브 콘텐츠
인터파크 티켓,전시·미술관,바다탐험대 옥토넛 시즌4 : 숨겨진 보물을 찾아라! - 청주,2026-10-10 ~ 2026-10-11,성인 (개인 관람 적합),청주아트홀,2,인터파크 티켓 실시간 인기 콘텐츠 [바다탐험대 옥토넛 시즌4 : 숨겨진 보물을 찾아라! - 청주]. 혼자 즐기기 좋은 몰입감 있는 콘텐츠입니다.,https://tickets.interpark.com//ticket.interpark.com/Tiki/Main/TiKiGoodsinfo.asp?GoodsCode=26010031,family:0.5;couple:0.6;single:0.6;가족/어린이/아동;인터파크실시간,2026-08-23 04:38:58,exhibition:1.0;quiet:0.8;indoor:0.9,3,60,🖼️ 조용히 몰입할 수 있는 전시 콘텐츠로 나 홀로 관람 최적
인터파크 티켓,전시·미술관,휴먼 가족 코미디극 〈공부의 신〉,2026-08-07 ~ 2026-08-30,성인 (개인 관람 적합),업스테이지(UP STAGE),2,인터파크 티켓 실시간 인기 콘텐츠 [휴먼 가족 코미디극 〈공부의 신〉]. 혼자 즐기기 좋은 몰입감 있는 콘텐츠입니다.,https://tickets.interpark.com//ticket.interpark.com/Tiki/Main/TiKiGoodsinfo.asp?GoodsCode=26009266,family:0.5;couple:0.6;single:0.6;가족/어린이/아동;인터파크실시간,2026-08-23 04:38:58,exhibition:1.0;quiet:0.8;indoor:0.9,4,60,🖼️ 조용히 몰입할 수 있는 전시 콘텐츠로 나 홀로 관람 최적
인터파크 티켓,콘서트·공연,"에바 알머슨의 프리미엄 가족 뮤지컬〈리나, 슈퍼히어로〉",2026-07-10 ~ 2026-08-23,성인 (개인 관람 적합),한전아트센터,3,"인터파크 티켓 실시간 인기 콘텐츠 [에바 알머슨의 프리미엄 가족 뮤지컬〈리나, 슈퍼히어로〉]. 혼자 즐기기 좋은 몰입감 있는 콘텐츠입니다.",https://tickets.interpark.com//ticket.interpark.com/Tiki/Main/TiKiGoodsinfo.asp?GoodsCode=26006268,family:0.5;couple:0.6;single:0.6;가족/어린이/아동;인터파크실시간,2026-08-23 04:38:58,concert:1.0;immersive:0.9;indoor:0.7,5,60,🎵 몰입감 있는 공연으로 혼자 즐기기 좋은 라이브 콘텐츠
인터파크 티켓,콘서트·공연,뮤지컬 〈더 스토리 오브 언더더씨〉 - 당진,2026-08-29 ~ 2026-08-30,성인 (개인 관람 적합),당진문예의전당 대공연장,2,인터파크 티켓 실시간 인기 콘텐츠 [뮤지컬 〈더 스토리 오브 언더더씨〉 - 당진]. 혼자 즐기기 좋은 몰입감 있는 콘텐츠입니다.,https://tickets.interpark.com//ticket.interpark.com/Tiki/Main/TiKiGoodsinfo.asp?GoodsCode=26008752,family:0.5;couple:0.6;single:0.6;가족/어린이/아동;인터파크실시간,2026-08-23 04:38:58,concert:1.0;immersive:0.9;indoor:0.7,4,60,🎵 몰입감 있는 공연으로 혼자 즐기기 좋은 라이브 콘텐츠
인터파크 티켓,콘서트·공연,뮤지컬 집사TV 시즌 2 part.2 : 〈대저택 끝 없는 문〉 - 고양,2026-10-17 ~ 2026-10-18,성인 (개인 관람 적합),고양어울림누리 어울림극장,2,인터파크 티켓 실시간 인기 콘텐츠 [뮤지컬 집사TV 시즌 2 part.2 : 〈대저택 끝 없는 문〉 - 고양]. 혼자 즐기기 좋은 몰입감 있는 콘텐츠입니다.,https://tickets.interpark.com//ticket.interpark.com/Tiki/Main/TiKiGoodsinfo.asp?GoodsCode=26010686,family:0.5;couple:0.6;single:0.6;가족/어린이/아동;인터파크실시간,2026-08-23 04:38:58,concert:1.0;immersive:0.9;indoor:0.7,4,60,🎵 몰입감 있는 공연으로 혼자 즐기기 좋은 라이브 콘텐츠
인터파크 티켓,콘서트·공연,뮤지컬 타키포오［몬스터 전쟁의 서막 ; 더 좀비］- 청주,2026-10-24 ~ 2026-10-25,성인 (개인 관람 적합),청주아트홀(구.청주시민회관),2,인터파크 티켓 실시간 인기 콘텐츠 [뮤지컬 타키포오［몬스터 전쟁의 서막 ; 더 좀비］- 청주]. 혼자 즐기기 좋은 몰입감 있는 콘텐츠입니다.,https://tickets.interpark.com//ticket.interpark.com/Tiki/Main/TiKiGoodsinfo.asp?GoodsCode=26010199,family:0.5;couple:0.6;single:0.6;가족/어린이/아동;인터파크실시간,2026-08-23 04:38:58,concert:1.0;immersive:0.9;indoor:0.7,5,60,🎵 몰입감 있는 공연으로 혼자 즐기기 좋은 라이브 콘텐츠
인터파크 티켓,콘서트·공연,가족뮤지컬 〈메탈카드봇W〉,2026-10-03 ~ 2026-10-11,성인 (개인 관람 적합),티켓링크 1975 씨어터 (구 어린이회관 문화관),3,인터파크 티켓 실시간 인기 콘텐츠 [가족뮤지컬 〈메탈카드봇W〉]. 혼자 즐기기 좋은 몰입감 있는 콘텐츠입니다.,https://tickets.interpark.com//ticket.interpark.com/Tiki/Main/TiKiGoodsinfo.asp?GoodsCode=26010556,family:0.5;couple:0.6;single:0.6;가족/어린이/아동;인터파크실시간,2026-08-23 04:38:58,concert:1.0;immersive:0.9;indoor:0.7,3,60,🎵 몰입감 있는 공연으로 혼자 즐기기 좋은 라이브 콘텐츠
인터파크 티켓,콘서트·공연,뮤지컬 〈AI세계에서 살아남기〉 - 서울숲,2026-07-28 ~ 2026-12-31,성인 (개인 관람 적합),서울숲 씨어터 2관,2,인터파크 티켓 실시간 인기 콘텐츠 [뮤지컬 〈AI세계에서 살아남기〉 - 서울숲]. 혼자 즐기기 좋은 몰입감 있는 콘텐츠입니다.,https://tickets.interpark.com//ticket.interpark.com/Tiki/Main/TiKiGoodsinfo.asp?GoodsCode=26007627,family:0.5;couple:0.6;single:0.6;가족/어린이/아동;인터파크실시간,2026-08-23 04:38:58,concert:1.0;immersive:0.9;indoor:0.7,4,60,🎵 몰입감 있는 공연으로 혼자 즐기기 좋은 라이브 콘텐츠
인터파크 티켓,콘서트·공연,2026 뮤지컬 〈숲속 100층짜리 집〉 - 부산,2026-10-03 ~ 2026-10-04,성인 (개인 관람 적합),KBS부산홀,2,인터파크 티켓 실시간 인기 콘텐츠 [2026 뮤지컬 〈숲속 100층짜리 집〉 - 부산]. 혼자 즐기기 좋은 몰입감 있는 콘텐츠입니다.,https://tickets.interpark.com//ticket.interpark.com/Tiki/Main/TiKiGoodsinfo.asp?GoodsCode=26010704,family:0.5;couple:0.6;single:0.6;가족/어린이/아동;인터파크실시간,2026-08-23 04:38:58,concert:1.0;immersive:0.9;indoor:0.7,3,60,🎵 몰입감 있는 공연으로 혼자 즐기기 좋은 라이브 콘텐츠
인터파크 티켓,전시·미술관,아주아주 배고픈 애벌레 쇼 - 영어,2025-11-21 ~ 2026-09-27,성인 (개인 관람 적합),NOL씨어터 합정 ABL생명홀,2,인터파크 티켓 실시간 인기 콘텐츠 [아주아주 배고픈 애벌레 쇼 - 영어]. 혼자 즐기기 좋은 몰입감 있는 콘텐츠입니다.,https://tickets.interpark.com//ticket.interpark.com/Tiki/Main/TiKiGoodsinfo.asp?GoodsCode=25015122,family:0.5;couple:0.6;single:0.6;가족/어린이/아동;인터파크실시간,2026-08-23 04:38:58,exhibition:1.0;quiet:0.8;indoor:0.9,3,60,🖼️ 조용히 몰입할 수 있는 전시 콘텐츠로 나 홀로 관람 최적
인터파크 티켓,콘서트·공연,연희도깨비 - 수원,2026-11-07 ~ 2026-11-07,성인 (개인 관람 적합),정조테마공연장,1,인터파크 티켓 실시간 인기 콘텐츠 [연희도깨비 - 수원]. 혼자 즐기기 좋은 몰입감 있는 콘텐츠입니다.,https://tickets.interpark.com//ticket.interpark.com/Tiki/Main/TiKiGoodsinfo.asp?GoodsCode=26010092,family:0.5;couple:0.6;single:0.6;가족/어린이/아동;인터파크실시간,2026-08-23 04:38:58,concert:1.0;immersive:0.9;indoor:0.7,3,60,🎵 몰입감 있는 공연으로 혼자 즐기기 좋은 라이브 콘텐츠
인터파크 티켓,콘서트·공연,무예뮤지컬 〈1790〉 - 수원,2026-08-08 ~ 2026-08-29,성인 (개인 관람 적합),정조테마공연장,1,인터파크 티켓 실시간 인기 콘텐츠 [무예뮤지컬 〈1790〉 - 수원]. 혼자 즐기기 좋은 몰입감 있는 콘텐츠입니다.,https://tickets.interpark.com//ticket.interpark.com/Tiki/Main/TiKiGoodsinfo.asp?GoodsCode=26008940,family:0.5;couple:0.6;single:0.6;가족/어린이/아동;인터파크실시간,2026-08-23 04:38:58,concert:1.0;immersive:0.9;indoor:0.7,5,60,🎵 몰입감 있는 공연으로 혼자 즐기기 좋은 라이브 콘텐츠
인터파크 티켓,콘서트·공연,［광주］ 라이브 시트콤 뮤지컬 〈인싸가족〉,2026-10-24 ~ 2026-10-25,성인 (개인 관람 적합),광주5.18기념문화센터 민주홀,2,인터파크 티켓 실시간 인기 콘텐츠 [［광주］ 라이브 시트콤 뮤지컬 〈인싸가족〉]. 혼자 즐기기 좋은 몰입감 있는 콘텐츠입니다.,https://tickets.interpark.com//ticket.interpark.com/Tiki/Main/TiKiGoodsinfo.asp?GoodsCode=26010555,family:0.5;couple:0.6;single:0.6;가족/어린이/아동;인터파크실시간,2026-08-23 04:38:58,concert:1.0;immersive:0.9;indoor:0.7,3,60,🎵 몰입감 있는 공연으로 혼자 즐기기 좋은 라이브 콘텐츠
인터파크 티켓,콘서트·공연,2026 베스트셀러 뮤지컬 〈누가 내 머리에 똥 쌌어？〉 - 과천,2026-08-22 ~ 2026-08-30,성인 (개인 관람 적합),국립과천과학관 어울림홀,2,인터파크 티켓 실시간 인기 콘텐츠 [2026 베스트셀러 뮤지컬 〈누가 내 머리에 똥 쌌어？〉 - 과천]. 혼자 즐기기 좋은 몰입감 있는 콘텐츠입니다.,https://tickets.interpark.com//ticket.interpark.com/Tiki/Main/TiKiGoodsinfo.asp?GoodsCode=26008406,family:0.5;couple:0.6;single:0.6;가족/어린이/아동;인터파크실시간,2026-08-23 04:38:58,concert:1.0;immersive:0.9;indoor:0.7,3,60,🎵 몰입감 있는 공연으로 혼자 즐기기 좋은 라이브 콘텐츠
인터파크 티켓,콘서트·공연,송승환의 가족뮤지컬 〈더 스토리 오브 언더더씨〉 - 수원,2026-11-14 ~ 2026-11-15,성인 (개인 관람 적합),경기아트센터 대극장,2,인터파크 티켓 실시간 인기 콘텐츠 [송승환의 가족뮤지컬 〈더 스토리 오브 언더더씨〉 - 수원]. 혼자 즐기기 좋은 몰입감 있는 콘텐츠입니다.,https://tickets.interpark.com//ticket.interpark.com/Tiki/Main/TiKiGoodsinfo.asp?GoodsCode=26007683,family:0.5;couple:0.6;single:0.6;가족/어린이/아동;인터파크실시간,2026-08-23 04:38:58,concert:1.0;immersive:0.9;indoor:0.7,3,60,🎵 몰입감 있는 공연으로 혼자 즐기기 좋은 라이브 콘텐츠
인터파크 티켓,콘서트·공연,송승환의 가족뮤지컬 〈더 스토리 오브 언더더씨〉 - 대구,2026-11-07 ~ 2026-11-08,성인 (개인 관람 적합),아양아트센터 아양홀,2,인터파크 티켓 실시간 인기 콘텐츠 [송승환의 가족뮤지컬 〈더 스토리 오브 언더더씨〉 - 대구]. 혼자 즐기기 좋은 몰입감 있는 콘텐츠입니다.,https://tickets.interpark.com//ticket.interpark.com/Tiki/Main/TiKiGoodsinfo.asp?GoodsCode=26007636,family:0.5;couple:0.6;single:0.6;가족/어린이/아동;인터파크실시간,2026-08-23 04:38:58,concert:1.0;immersive:0.9;indoor:0.7,5,60,🎵 몰입감 있는 공연으로 혼자 즐기기 좋은 라이브 콘텐츠
인터파크 티켓,콘서트·공연,가족뮤지컬 〈넘버블록스〉 - 경주앵콜,2026-09-05 ~ 2026-09-06,성인 (개인 관람 적합),경주예술의전당 대공연장(화랑홀),2,인터파크 티켓 실시간 인기 콘텐츠 [가족뮤지컬 〈넘버블록스〉 - 경주앵콜]. 혼자 즐기기 좋은 몰입감 있는 콘텐츠입니다.,https://tickets.interpark.com//ticket.interpark.com/Tiki/Main/TiKiGoodsinfo.asp?GoodsCode=26009675,family:0.5;couple:0.6;single:0.6;가족/어린이/아동;인터파크실시간,2026-08-23 04:38:58,concert:1.0;immersive:0.9;indoor:0.7,3,60,🎵 몰입감 있는 공연으로 혼자 즐기기 좋은 라이브 콘텐츠
인터파크 티켓,콘서트·공연,"뮤지컬 멜로우TV 〈Run it up, 팀 나빠〉 - 평택",2026-09-05 ~ 2026-09-06,성인 (개인 관람 적합),평택서부문화예술회관 대공연장,2,"인터파크 티켓 실시간 인기 콘텐츠 [뮤지컬 멜로우TV 〈Run it up, 팀 나빠〉 - 평택]. 혼자 즐기기 좋은 몰입감 있는 콘텐츠입니다.",https://tickets.interpark.com//ticket.interpark.com/Tiki/Main/TiKiGoodsinfo.asp?GoodsCode=26008762,family:0.5;couple:0.6;single:0.6;가족/어린이/아동;인터파크실시간,2026-08-23 04:38:58,concert:1.0;immersive:0.9;indoor:0.7,5,60,🎵 몰입감 있는 공연으로 혼자 즐기기 좋은 라이브 콘텐츠
인터파크 티켓,콘서트·공연,뮤지컬 타키포오 ［몬스터 전쟁의 서막 ; 더 좀비］ - 용인,2026-08-29 ~ 2026-08-30,성인 (개인 관람 적합),용인시문예회관 처인홀,2,인터파크 티켓 실시간 인기 콘텐츠 [뮤지컬 타키포오 ［몬스터 전쟁의 서막 ; 더 좀비］ - 용인]. 혼자 즐기기 좋은 몰입감 있는 콘텐츠입니다.,https://tickets.interpark.com//ticket.interpark.com/Tiki/Main/TiKiGoodsinfo.asp?GoodsCode=26008949,family:0.5;couple:0.6;single:0.6;가족/어린이/아동;인터파크실시간,2026-08-23 04:38:58,concert:1.0;immersive:0.9;indoor:0.7,3,60,🎵 몰입감 있는 공연으로 혼자 즐기기 좋은 라이브 콘텐츠
인터파크 티켓,콘서트·공연,쇼뮤지컬 〈프린세스 캐치! 티니핑〉 - 능동,2026-09-24 ~ 2026-09-27,성인 (개인 관람 적합),티켓링크 1975 씨어터 (구 어린이회관 문화관),2,인터파크 티켓 실시간 인기 콘텐츠 [쇼뮤지컬 〈프린세스 캐치! 티니핑〉 - 능동]. 혼자 즐기기 좋은 몰입감 있는 콘텐츠입니다.,https://tickets.interpark.com//ticket.interpark.com/Tiki/Main/TiKiGoodsinfo.asp?GoodsCode=26010335,family:0.5;couple:0.6;single:0.6;가족/어린이/아동;인터파크실시간,2026-08-23 04:38:58,concert:1.0;immersive:0.9;indoor:0.7,5,60,🎵 몰입감 있는 공연으로 혼자 즐기기 좋은 라이브 콘텐츠
인터파크 티켓,콘서트·공연,뮤지컬 〈드라랄라 치과〉,2026-08-07 ~ 2026-08-30,성인 (개인 관람 적합),아이들극장,2,인터파크 티켓 실시간 인기 콘텐츠 [뮤지컬 〈드라랄라 치과〉]. 혼자 즐기기 좋은 몰입감 있는 콘텐츠입니다.,https://tickets.interpark.com//ticket.interpark.com/Tiki/Main/TiKiGoodsinfo.asp?GoodsCode=26008029,family:0.5;couple:0.6;single:0.6;가족/어린이/아동;인터파크실시간,2026-08-23 04:38:58,concert:1.0;immersive:0.9;indoor:0.7,3,60,🎵 몰입감 있는 공연으로 혼자 즐기기 좋은 라이브 콘텐츠
인터파크 티켓,콘서트·공연,쇼뮤지컬 〈시크릿쥬쥬 : 별의보석〉 - 잃어버린 빛을 찾아서 - 성남,2026-08-29 ~ 2026-08-30,성인 (개인 관람 적합),성남아트센터 오페라하우스,2,인터파크 티켓 실시간 인기 콘텐츠 [쇼뮤지컬 〈시크릿쥬쥬 : 별의보석〉 - 잃어버린 빛을 찾아서 - 성남]. 혼자 즐기기 좋은 몰입감 있는 콘텐츠입니다.,https://tickets.interpark.com//ticket.interpark.com/Tiki/Main/TiKiGoodsinfo.asp?GoodsCode=26008878,family:0.5;couple:0.6;single:0.6;가족/어린이/아동;인터파크실시간,2026-08-23 04:38:58,concert:1.0;immersive:0.9;indoor:0.7,4,60,🎵 몰입감 있는 공연으로 혼자 즐기기 좋은 라이브 콘텐츠
인터파크 티켓,콘서트·공연,［대구］ 라이브 시트콤 뮤지컬 〈인싸가족〉,2026-08-29 ~ 2026-08-30,성인 (개인 관람 적합),수성아트피아 대극장,2,인터파크 티켓 실시간 인기 콘텐츠 [［대구］ 라이브 시트콤 뮤지컬 〈인싸가족〉]. 혼자 즐기기 좋은 몰입감 있는 콘텐츠입니다.,https://tickets.interpark.com//ticket.interpark.com/Tiki/Main/TiKiGoodsinfo.asp?GoodsCode=26008544,family:0.5;couple:0.6;single:0.6;가족/어린이/아동;인터파크실시간,2026-08-23 04:38:58,concert:1.0;immersive:0.9;indoor:0.7,4,60,🎵 몰입감 있는 공연으로 혼자 즐기기 좋은 라이브 콘텐츠
인터파크 티켓,전시·미술관,걸리버 여행기 : ZOOM IN OUT - 세종,2026-08-29 ~ 2026-08-29,성인 (개인 관람 적합),세종문화예술회관(조치원),1,인터파크 티켓 실시간 인기 콘텐츠 [걸리버 여행기 : ZOOM IN OUT - 세종]. 혼자 즐기기 좋은 몰입감 있는 콘텐츠입니다.,https://tickets.interpark.com//ticket.interpark.com/Tiki/Main/TiKiGoodsinfo.asp?GoodsCode=26008742,family:0.5;couple:0.6;single:0.6;가족/어린이/아동;인터파크실시간,2026-08-23 04:38:58,exhibition:1.0;quiet:0.8;indoor:0.9,4,60,🖼️ 조용히 몰입할 수 있는 전시 콘텐츠로 나 홀로 관람 최적
인터파크 티켓,콘서트·공연,매직퍼포먼스 〈홀릭〉 - 인천,2026-08-17 ~ 2026-09-27,성인 (개인 관람 적합),인천어린이과학관 공연장,1,인터파크 티켓 실시간 인기 콘텐츠 [매직퍼포먼스 〈홀릭〉 - 인천]. 혼자 즐기기 좋은 몰입감 있는 콘텐츠입니다.,https://tickets.interpark.com//ticket.interpark.com/Tiki/Main/TiKiGoodsinfo.asp?GoodsCode=26011031,family:0.5;couple:0.6;single:0.6;가족/어린이/아동;인터파크실시간,2026-08-23 04:38:58,concert:1.0;immersive:0.9;indoor:0.7,5,60,🎵 몰입감 있는 공연으로 혼자 즐기기 좋은 라이브 콘텐츠
인터파크 티켓,전시·미술관,강아지똥,2026-08-29 ~ 2026-08-29,성인 (개인 관람 적합),강북문화예술회관 강북소나무홀,1,인터파크 티켓 실시간 인기 콘텐츠 [강아지똥]. 혼자 즐기기 좋은 몰입감 있는 콘텐츠입니다.,https://tickets.interpark.com//ticket.interpark.com/Tiki/Main/TiKiGoodsinfo.asp?GoodsCode=26010315,family:0.5;couple:0.6;single:0.6;가족/어린이/아동;인터파크실시간,2026-08-23 04:38:58,exhibition:1.0;quiet:0.8;indoor:0.9,5,60,🖼️ 조용히 몰입할 수 있는 전시 콘텐츠로 나 홀로 관람 최적
티켓링크,전시·미술관,"인상파, 찬란한 순간들: 모네, 르누아르, 고흐 그리고 세잔",2026-09-22 ~ 2027-02-20,성인 (개인 관람 적합),"국립아시아문화전당 국립아시아문화전당 문화창조원 복합전시 6,7관","6,500원","티켓링크 실시간 인기 콘텐츠 [인상파, 찬란한 순간들: 모네, 르누아르, 고흐 그리고 세잔]. 혼자 즐기기 좋은 몰입감 있는 콘텐츠입니다.",https://www.ticketlink.co.kr/product/64519,family:0.8;couple:1.0;single:0.9;exhibition:1.0;티켓링크;전시;광주,2026-08-23 04:38:58,exhibition:1.0;quiet:0.8;indoor:0.9,3,90,🖼️ 조용히 몰입할 수 있는 전시 콘텐츠로 나 홀로 관람 최적
티켓링크,콘서트·공연,최현우 30주년 기념 공연 - LEGACY,2026-11-27 ~ 2027-01-02,성인 (개인 관람 적합),올림픽공원 올림픽공원 우리금융아트홀,"77,000원 ~ 110,000원",티켓링크 실시간 인기 콘텐츠 [최현우 30주년 기념 공연 - LEGACY]. 혼자 즐기기 좋은 몰입감 있는 콘텐츠입니다.,https://www.ticketlink.co.kr/product/63516,family:0.3;couple:1.0;single:0.9;티켓링크;공연;서울,2026-08-23 04:38:58,concert:1.0;immersive:0.9;indoor:0.7,5,90,🎵 몰입감 있는 공연으로 혼자 즐기기 좋은 라이브 콘텐츠
티켓링크,전시·미술관,부산 스탠드업 코미디 <부산코미디클럽>,2026-07-23 ~ 2026-12-30,성인 (개인 관람 적합),어댑터씨어터 1관 어댑터씨어터 1관,"30,000원",티켓링크 실시간 인기 콘텐츠 [부산 스탠드업 코미디 <부산코미디클럽>]. 혼자 즐기기 좋은 몰입감 있는 콘텐츠입니다.,https://www.ticketlink.co.kr/product/64577,family:0.8;couple:1.0;single:0.9;exhibition:1.0;티켓링크;전시;부산,2026-08-23 04:38:58,exhibition:1.0;quiet:0.8;indoor:0.9,4,90,🖼️ 조용히 몰입할 수 있는 전시 콘텐츠로 나 홀로 관람 최적
티켓링크,전시·미술관,[부산] 뮤지컬 웁스 : Oops,2026-07-24 ~ 2026-12-30,성인 (개인 관람 적합),어댑터씨어터 1관 어댑터씨어터 1관,"35,000원",티켓링크 실시간 인기 콘텐츠 [[부산] 뮤지컬 웁스 : Oops]. 혼자 즐기기 좋은 몰입감 있는 콘텐츠입니다.,https://www.ticketlink.co.kr/product/64540,family:0.8;couple:1.0;single:0.9;exhibition:1.0;티켓링크;전시;부산,2026-08-23 04:38:58,exhibition:1.0;quiet:0.8;indoor:0.9,3,90,🖼️ 조용히 몰입할 수 있는 전시 콘텐츠로 나 홀로 관람 최적
티켓링크,전시·미술관,[부산] WHO DONE IT: 후던잇,2026-07-28 ~ 2026-12-30,성인 (개인 관람 적합),어댑터씨어터 1관 어댑터씨어터 1관,"35,000원",티켓링크 실시간 인기 콘텐츠 [[부산] WHO DONE IT: 후던잇]. 혼자 즐기기 좋은 몰입감 있는 콘텐츠입니다.,https://www.ticketlink.co.kr/product/64537,family:0.8;couple:1.0;single:0.9;exhibition:1.0;티켓링크;전시;부산,2026-08-23 04:38:58,exhibition:1.0;quiet:0.8;indoor:0.9,3,90,🖼️ 조용히 몰입할 수 있는 전시 콘텐츠로 나 홀로 관람 최적
티켓링크,전시·미술관,뮤지컬 <알사탕> - 서울숲,2026-09-03 ~ 2026-12-30,성인 (개인 관람 적합),갤러리아포레 서울숲 씨어터 1관,"66,000원",티켓링크 실시간 인기 콘텐츠 [뮤지컬 <알사탕> - 서울숲]. 혼자 즐기기 좋은 몰입감 있는 콘텐츠입니다.,https://www.ticketlink.co.kr/product/64523,family:0.3;couple:1.0;single:0.9;티켓링크;공연;서울,2026-08-23 04:38:58,exhibition:1.0;quiet:0.8;indoor:0.9,4,90,🖼️ 조용히 몰입할 수 있는 전시 콘텐츠로 나 홀로 관람 최적
티켓링크,콘서트·공연,뮤지컬 < AI세계에서 살아남기 > - 서울숲,2026-07-27 ~ 2026-12-30,성인 (개인 관람 적합),서울숲 서울숲 씨어터 2관,"66,000원",티켓링크 실시간 인기 콘텐츠 [뮤지컬 < AI세계에서 살아남기 > - 서울숲]. 혼자 즐기기 좋은 몰입감 있는 콘텐츠입니다.,https://www.ticketlink.co.kr/product/63625,family:0.3;couple:1.0;single:0.9;티켓링크;공연;서울,2026-08-23 04:38:58,concert:1.0;immersive:0.9;indoor:0.7,5,90,🎵 몰입감 있는 공연으로 혼자 즐기기 좋은 라이브 콘텐츠
티켓링크,전시·미술관,ATEEZ - 14TH MINI ALBUM [GOLDEN HOUR : Part.5] 합본 Ver.,2026-06-01 ~ 2026-12-30,성인 (개인 관람 적합),티켓링크 해당 없음,"55,800원",티켓링크 실시간 인기 콘텐츠 [ATEEZ - 14TH MINI ALBUM [GOLDEN HOUR : Part.5] 합본 Ver.]. 혼자 즐기기 좋은 몰입감 있는 콘텐츠입니다.,https://www.ticketlink.co.kr/product/63573,family:0.8;couple:1.0;single:0.9;exhibition:1.0;티켓링크;전시;서울,2026-08-23 04:38:58,exhibition:1.0;quiet:0.8;indoor:0.9,4,90,🖼️ 조용히 몰입할 수 있는 전시 콘텐츠로 나 홀로 관람 최적
티켓링크,전시·미술관,ATEEZ - 14TH MINI ALBUM [GOLDEN HOUR : Part.5] Z Ver.,2026-06-01 ~ 2026-12-30,성인 (개인 관람 적합),티켓링크 해당 없음,"18,600원",티켓링크 실시간 인기 콘텐츠 [ATEEZ - 14TH MINI ALBUM [GOLDEN HOUR : Part.5] Z Ver.]. 혼자 즐기기 좋은 몰입감 있는 콘텐츠입니다.,https://www.ticketlink.co.kr/product/63572,family:0.8;couple:1.0;single:0.9;exhibition:1.0;티켓링크;전시;서울,2026-08-23 04:38:58,exhibition:1.0;quiet:0.8;indoor:0.9,3,90,🖼️ 조용히 몰입할 수 있는 전시 콘텐츠로 나 홀로 관람 최적
티켓링크,전시·미술관,ATEEZ - 14TH MINI ALBUM [GOLDEN HOUR : Part.5] DIARY Ver.,2026-06-01 ~ 2026-12-30,성인 (개인 관람 적합),티켓링크 해당 없음,"18,600원",티켓링크 실시간 인기 콘텐츠 [ATEEZ - 14TH MINI ALBUM [GOLDEN HOUR : Part.5] DIARY Ver.]. 혼자 즐기기 좋은 몰입감 있는 콘텐츠입니다.,https://www.ticketlink.co.kr/product/63571,family:0.8;couple:1.0;single:0.9;exhibition:1.0;티켓링크;전시;서울,2026-08-23 04:38:58,exhibition:1.0;quiet:0.8;indoor:0.9,3,90,🖼️ 조용히 몰입할 수 있는 전시 콘텐츠로 나 홀로 관람 최적
티켓링크,전시·미술관,2026-2027 HL안양 선예매권,2026-08-31 ~ 2027-05-30,성인 (개인 관람 적합),안양 종합운동장 실내빙상장 안양 실내빙상장,"30,000원",티켓링크 실시간 인기 콘텐츠 [2026-2027 HL안양 선예매권]. 혼자 즐기기 좋은 몰입감 있는 콘텐츠입니다.,https://www.ticketlink.co.kr/product/65037,family:0.8;couple:1.0;single:0.9;exhibition:1.0;티켓링크;전시;경기,2026-08-23 04:38:58,exhibition:1.0;quiet:0.8;indoor:0.9,4,90,🖼️ 조용히 몰입할 수 있는 전시 콘텐츠로 나 홀로 관람 최적
티켓링크,전시·미술관,연극 <오! 럭키데이> - 부산,2026-08-12 ~ 2027-01-02,성인 (개인 관람 적합),BNK부산은행조은극장 BNK부산은행조은극장 2관,"40,000원",티켓링크 실시간 인기 콘텐츠 [연극 <오! 럭키데이> - 부산]. 혼자 즐기기 좋은 몰입감 있는 콘텐츠입니다.,https://www.ticketlink.co.kr/product/64695,family:0.8;couple:1.0;single:0.9;exhibition:1.0;티켓링크;전시;부산,2026-08-23 04:38:58,exhibition:1.0;quiet:0.8;indoor:0.9,5,90,🖼️ 조용히 몰입할 수 있는 전시 콘텐츠로 나 홀로 관람 최적
티켓링크,전시·미술관,연극 <그때 변홍례> - 부산,2026-05-21 ~ 2026-12-30,성인 (개인 관람 적합),어댑터씨어터 2관 어댑터씨어터 2관,"35,000원",티켓링크 실시간 인기 콘텐츠 [연극 <그때 변홍례> - 부산]. 혼자 즐기기 좋은 몰입감 있는 콘텐츠입니다.,https://www.ticketlink.co.kr/product/64507,family:0.8;couple:1.0;single:0.9;exhibition:1.0;티켓링크;전시;부산,2026-08-23 04:38:58,exhibition:1.0;quiet:0.8;indoor:0.9,5,90,🖼️ 조용히 몰입할 수 있는 전시 콘텐츠로 나 홀로 관람 최적
티켓링크,콘서트·공연,2026 부활 연말 콘서트 < Where Is Here >,2026-12-30 ~ 2026-12-30,성인 (개인 관람 적합),마포아트센터 마포아트센터 아트홀 맥,"108,900원 ~ 143,000원",티켓링크 실시간 인기 콘텐츠 [2026 부활 연말 콘서트 < Where Is Here >]. 혼자 즐기기 좋은 몰입감 있는 콘텐츠입니다.,https://www.ticketlink.co.kr/product/64292,family:0.3;couple:1.0;single:0.9;티켓링크;공연;서울,2026-08-23 04:38:58,concert:1.0;immersive:0.9;indoor:0.7,5,90,🎵 몰입감 있는 공연으로 혼자 즐기기 좋은 라이브 콘텐츠
티켓링크,전시·미술관,2026 K리그1 김천상무 티켓북,2026-01-29 ~ 2026-12-30,성인 (개인 관람 적합),김천종합운동장 김천종합운동장,"150,000원",티켓링크 실시간 인기 콘텐츠 [2026 K리그1 김천상무 티켓북]. 혼자 즐기기 좋은 몰입감 있는 콘텐츠입니다.,https://www.ticketlink.co.kr/product/61244,family:0.8;couple:1.0;single:0.9;exhibition:1.0;티켓링크;전시;경북,2026-08-23 04:38:58,exhibition:1.0;quiet:0.8;indoor:0.9,3,90,🖼️ 조용히 몰입할 수 있는 전시 콘텐츠로 나 홀로 관람 최적
티켓링크,콘서트·공연,베이시스트 이기욱 리사이틀 - 대구,2026-12-29 ~ 2026-12-29,성인 (개인 관람 적합),수성아트피아 수성아트피아 소극장,"10,000원",티켓링크 실시간 인기 콘텐츠 [베이시스트 이기욱 리사이틀 - 대구]. 혼자 즐기기 좋은 몰입감 있는 콘텐츠입니다.,https://www.ticketlink.co.kr/product/63276,family:0.3;couple:1.0;single:0.9;티켓링크;공연;대구,2026-08-23 04:38:58,concert:1.0;immersive:0.9;indoor:0.7,5,90,🎵 몰입감 있는 공연으로 혼자 즐기기 좋은 라이브 콘텐츠
티켓링크,전시·미술관,"KAWS: 카우스 개인전 <친구, 그리고 이웃>",2026-07-22 ~ 2026-12-26,성인 (개인 관람 적합),스페이스K 서울 스페이스K 서울,"3,000원","티켓링크 실시간 인기 콘텐츠 [KAWS: 카우스 개인전 <친구, 그리고 이웃>]. 혼자 즐기기 좋은 몰입감 있는 콘텐츠입니다.",https://www.ticketlink.co.kr/product/64091,family:0.8;couple:1.0;single:0.9;exhibition:1.0;티켓링크;전시;서울,2026-08-23 04:38:58,exhibition:1.0;quiet:0.8;indoor:0.9,5,90,🖼️ 조용히 몰입할 수 있는 전시 콘텐츠로 나 홀로 관람 최적
티켓링크,전시·미술관,국악공연 진연(進宴),2025-06-25 ~ 2026-12-30,성인 (개인 관람 적합),진연홀 진연,"65,000원",티켓링크 실시간 인기 콘텐츠 [국악공연 진연(進宴)]. 혼자 즐기기 좋은 몰입감 있는 콘텐츠입니다.,https://www.ticketlink.co.kr/product/57112,family:0.8;couple:1.0;single:0.9;exhibition:1.0;티켓링크;전시;서울,2026-08-23 04:38:58,exhibition:1.0;quiet:0.8;indoor:0.9,4,90,🖼️ 조용히 몰입할 수 있는 전시 콘텐츠로 나 홀로 관람 최적
티켓링크,콘서트·공연,국민연극 <라이어 3탄> 광주,2026-12-21 ~ 2026-12-26,성인 (개인 관람 적합),5.18기념문화센터 5.18기념문화센터 민주홀,"49,000원",티켓링크 실시간 인기 콘텐츠 [국민연극 <라이어 3탄> 광주]. 혼자 즐기기 좋은 몰입감 있는 콘텐츠입니다.,https://www.ticketlink.co.kr/product/63785,family:0.3;couple:1.0;single:0.9;티켓링크;공연;광주,2026-08-23 04:38:58,concert:1.0;immersive:0.9;indoor:0.7,4,90,🎵 몰입감 있는 공연으로 혼자 즐기기 좋은 라이브 콘텐츠
티켓링크,콘서트·공연,"부천필하모닉오케스트라 제342회 정기연주회 - 베토벤, 합창",2026-12-22 ~ 2026-12-23,성인 (개인 관람 적합),부천아트센터 부천아트센터 콘서트홀,"10,000원 ~ 30,000원","티켓링크 실시간 인기 콘텐츠 [부천필하모닉오케스트라 제342회 정기연주회 - 베토벤, 합창]. 혼자 즐기기 좋은 몰입감 있는 콘텐츠입니다.",https://www.ticketlink.co.kr/product/59996,family:0.3;couple:1.0;single:0.9;티켓링크;공연;경기,2026-08-23 04:38:58,concert:1.0;immersive:0.9;indoor:0.7,5,90,🎵 몰입감 있는 공연으로 혼자 즐기기 좋은 라이브 콘텐츠
티켓링크,전시·미술관,마티네시리즈 <12월 겨울나그네>,2026-12-16 ~ 2026-12-16,성인 (개인 관람 적합),수성아트피아 수성아트피아 대극장 (무대 위),"30,000원",티켓링크 실시간 인기 콘텐츠 [마티네시리즈 <12월 겨울나그네>]. 혼자 즐기기 좋은 몰입감 있는 콘텐츠입니다.,https://www.ticketlink.co.kr/product/61076,family:0.8;couple:1.0;single:0.9;exhibition:1.0;티켓링크;전시;대구,2026-08-23 04:38:58,exhibition:1.0;quiet:0.8;indoor:0.9,5,90,🖼️ 조용히 몰입할 수 있는 전시 콘텐츠로 나 홀로 관람 최적
티켓링크,전시·미술관,ATEEZ - 14TH MINI ALBUM [GOLDEN HOUR : Part.5] A Ver.,2026-06-01 ~ 2026-12-30,성인 (개인 관람 적합),티켓링크 해당 없음,"18,600원",티켓링크 실시간 인기 콘텐츠 [ATEEZ - 14TH MINI ALBUM [GOLDEN HOUR : Part.5] A Ver.]. 혼자 즐기기 좋은 몰입감 있는 콘텐츠입니다.,https://www.ticketlink.co.kr/product/63570,family:0.8;couple:1.0;single:0.9;exhibition:1.0;티켓링크;전시;서울,2026-08-23 04:38:58,exhibition:1.0;quiet:0.8;indoor:0.9,3,90,🖼️ 조용히 몰입할 수 있는 전시 콘텐츠로 나 홀로 관람 최적
티켓링크,콘서트·공연,바다탐험대 옥토넛 시즌4 : 숨겨진 보물을 찾아라! - 의정부,2026-12-24 ~ 2026-12-24,성인 (개인 관람 적합),의정부 예술의전당 의정부 예술의전당 대극장,"70,000원",티켓링크 실시간 인기 콘텐츠 [바다탐험대 옥토넛 시즌4 : 숨겨진 보물을 찾아라! - 의정부]. 혼자 즐기기 좋은 몰입감 있는 콘텐츠입니다.,https://www.ticketlink.co.kr/product/65063,family:0.3;couple:1.0;single:0.9;티켓링크;공연;경기,2026-08-23 04:38:58,concert:1.0;immersive:0.9;indoor:0.7,3,90,🎵 몰입감 있는 공연으로 혼자 즐기기 좋은 라이브 콘텐츠
티켓링크,콘서트·공연,지브리와 사랑에 빠지다 : 지브리 영화음악 콘서트 2026 - 대구,2025-01-04 ~ 2026-12-25,성인 (개인 관람 적합),스테이지 M 스테이지 M(스테이지엠),"33,000원",티켓링크 실시간 인기 콘텐츠 [지브리와 사랑에 빠지다 : 지브리 영화음악 콘서트 2026 - 대구]. 혼자 즐기기 좋은 몰입감 있는 콘텐츠입니다.,https://www.ticketlink.co.kr/product/53402,family:0.3;couple:1.0;single:0.9;티켓링크;공연;대구,2026-08-23 04:38:58,concert:1.0;immersive:0.9;indoor:0.7,5,90,🎵 몰입감 있는 공연으로 혼자 즐기기 좋은 라이브 콘텐츠
티켓링크,콘서트·공연,스테이지엠 크리스마스 영화 음악 & 캐롤 콘서트 2026 - 대구 스테이지엠,2025-12-12 ~ 2026-12-24,성인 (개인 관람 적합),스테이지 M 스테이지 M(스테이지엠),"35,000원",티켓링크 실시간 인기 콘텐츠 [스테이지엠 크리스마스 영화 음악 & 캐롤 콘서트 2026 - 대구 스테이지엠]. 혼자 즐기기 좋은 몰입감 있는 콘텐츠입니다.,https://www.ticketlink.co.kr/product/58396,family:0.3;couple:1.0;single:0.9;티켓링크;공연;대구,2026-08-23 04:38:58,concert:1.0;immersive:0.9;indoor:0.7,4,90,🎵 몰입감 있는 공연으로 혼자 즐기기 좋은 라이브 콘텐츠
티켓링크,전시·미술관,공예체험 원데이 체험 입장권,2026-02-02 ~ 2026-12-30,성인 (개인 관람 적합),한국공예체험박물관 한국공예체험박물관,"15,000원",티켓링크 실시간 인기 콘텐츠 [공예체험 원데이 체험 입장권]. 혼자 즐기기 좋은 몰입감 있는 콘텐츠입니다.,https://www.ticketlink.co.kr/product/61398,family:0.8;couple:1.0;single:0.9;exhibition:1.0;티켓링크;전시;경기,2026-08-23 04:38:58,exhibition:1.0;quiet:0.8;indoor:0.9,4,90,🖼️ 조용히 몰입할 수 있는 전시 콘텐츠로 나 홀로 관람 최적
티켓링크,전시·미술관,서대문형무소,2025-12-18 ~ 2026-12-30,성인 (개인 관람 적합),서대문형무소 서대문형무소,"25,900원",티켓링크 실시간 인기 콘텐츠 [서대문형무소]. 혼자 즐기기 좋은 몰입감 있는 콘텐츠입니다.,https://www.ticketlink.co.kr/product/60539,family:0.8;couple:1.0;single:0.9;exhibition:1.0;티켓링크;전시;서울,2026-08-23 04:38:58,exhibition:1.0;quiet:0.8;indoor:0.9,3,90,🖼️ 조용히 몰입할 수 있는 전시 콘텐츠로 나 홀로 관람 최적
티켓링크,콘서트·공연,"부천시립합창단 제180회 정기연주회 - 헨델, 메시아",2026-12-15 ~ 2026-12-16,성인 (개인 관람 적합),부천아트센터 부천아트센터 콘서트홀,"10,000원 ~ 20,000원","티켓링크 실시간 인기 콘텐츠 [부천시립합창단 제180회 정기연주회 - 헨델, 메시아]. 혼자 즐기기 좋은 몰입감 있는 콘텐츠입니다.",https://www.ticketlink.co.kr/product/60020,family:0.3;couple:1.0;single:0.9;티켓링크;공연;경기,2026-08-23 04:38:58,concert:1.0;immersive:0.9;indoor:0.7,5,90,🎵 몰입감 있는 공연으로 혼자 즐기기 좋은 라이브 콘텐츠
티켓링크,콘서트·공연,뮤지컬 집사TV 시즌 2 part.2 : <대저택 끝 없는 문> - 용인,2026-11-27 ~ 2026-11-28,성인 (개인 관람 적합),용인시 평생학습관 큰어울마당 용인시 평생학습관 큰어울마당,"70,000원",티켓링크 실시간 인기 콘텐츠 [뮤지컬 집사TV 시즌 2 part.2 : <대저택 끝 없는 문> - 용인]. 혼자 즐기기 좋은 몰입감 있는 콘텐츠입니다.,https://www.ticketlink.co.kr/product/64815,family:0.3;couple:1.0;single:0.9;티켓링크;공연;경기,2026-08-23 04:38:58,concert:1.0;immersive:0.9;indoor:0.7,5,90,🎵 몰입감 있는 공연으로 혼자 즐기기 좋은 라이브 콘텐츠
티켓링크,콘서트·공연,뮤지컬 <겨울왕국> 한국 초연 (FROZEN The Musical),2026-08-12 ~ 2027-02-28,성인 (개인 관람 적합),샤롯데씨어터 샤롯데씨어터,"90,000원 ~ 219,500원",티켓링크 실시간 인기 콘텐츠 [뮤지컬 <겨울왕국> 한국 초연 (FROZEN The Musical)]. 혼자 즐기기 좋은 몰입감 있는 콘텐츠입니다.,https://www.ticketlink.co.kr/product/63344,family:0.3;couple:1.0;single:0.9;티켓링크;공연;서울,2026-08-23 04:38:58,concert:1.0;immersive:0.9;indoor:0.7,4,90,🎵 몰입감 있는 공연으로 혼자 즐기기 좋은 라이브 콘텐츠
티켓링크,전시·미술관,플래시백 : 계림 (FLASHBACK : GYERIM) in 경주,2026-05-19 ~ 2026-12-30,성인 (개인 관람 적합),플래시백 : 계림 플래시백 : 계림,"11,900원",티켓링크 실시간 인기 콘텐츠 [플래시백 : 계림 (FLASHBACK : GYERIM) in 경주]. 혼자 즐기기 좋은 몰입감 있는 콘텐츠입니다.,https://www.ticketlink.co.kr/product/63360,family:0.8;couple:1.0;single:0.9;exhibition:1.0;티켓링크;전시;경북,2026-08-23 04:38:58,exhibition:1.0;quiet:0.8;indoor:0.9,3,90,🖼️ 조용히 몰입할 수 있는 전시 콘텐츠로 나 홀로 관람 최적
티켓링크,콘서트·공연,스테이지엠 크리스마스 영화음악 & 캐롤 콘서트 2026 - 인천,2026-12-24 ~ 2026-12-24,성인 (개인 관람 적합),아트센터인천 아트센터인천 다목적홀,"40,000원",티켓링크 실시간 인기 콘텐츠 [스테이지엠 크리스마스 영화음악 & 캐롤 콘서트 2026 - 인천]. 혼자 즐기기 좋은 몰입감 있는 콘텐츠입니다.,https://www.ticketlink.co.kr/product/64753,family:0.3;couple:1.0;single:0.9;티켓링크;공연;인천,2026-08-23 04:38:58,concert:1.0;immersive:0.9;indoor:0.7,5,90,🎵 몰입감 있는 공연으로 혼자 즐기기 좋은 라이브 콘텐츠
티켓링크,콘서트·공연,금호 위너스: 박성민 Bass,2026-12-18 ~ 2026-12-18,성인 (개인 관람 적합),금호아트홀 연세 금호아트홀 연세,"20,000원",티켓링크 실시간 인기 콘텐츠 [금호 위너스: 박성민 Bass]. 혼자 즐기기 좋은 몰입감 있는 콘텐츠입니다.,https://www.ticketlink.co.kr/product/64747,family:0.3;couple:1.0;single:0.9;티켓링크;공연;서울,2026-08-23 04:38:58,concert:1.0;immersive:0.9;indoor:0.7,5,90,🎵 몰입감 있는 공연으로 혼자 즐기기 좋은 라이브 콘텐츠
티켓링크,전시·미술관,뮤지컬 Club <설화>,2026-05-13 ~ 2026-11-28,성인 (개인 관람 적합),극장 온 극장 온,"35,000원",티켓링크 실시간 인기 콘텐츠 [뮤지컬 Club <설화>]. 혼자 즐기기 좋은 몰입감 있는 콘텐츠입니다.,https://www.ticketlink.co.kr/product/63062,family:0.8;couple:1.0;single:0.9;exhibition:1.0;티켓링크;전시;서울,2026-08-23 04:38:58,exhibition:1.0;quiet:0.8;indoor:0.9,3,90,🖼️ 조용히 몰입할 수 있는 전시 콘텐츠로 나 홀로 관람 최적
티켓링크,콘서트·공연,경주 여성 합창 아카데미 (Gyeongju Lady’s Choral) - 경주,2026-09-03 ~ 2026-12-17,성인 (개인 관람 적합),경주예술의전당 대회의실 경주예술의전당 대회의실,"210,000원",티켓링크 실시간 인기 콘텐츠 [경주 여성 합창 아카데미 (Gyeongju Lady’s Choral) - 경주]. 혼자 즐기기 좋은 몰입감 있는 콘텐츠입니다.,https://www.ticketlink.co.kr/product/64548,family:0.3;couple:1.0;single:0.9;티켓링크;공연;경북,2026-08-23 04:38:58,concert:1.0;immersive:0.9;indoor:0.7,5,90,🎵 몰입감 있는 공연으로 혼자 즐기기 좋은 라이브 콘텐츠
티켓링크,콘서트·공연,[안동] 2026 유키 구라모토 콘서트 Peacefully - 안동,2026-12-16 ~ 2026-12-16,성인 (개인 관람 적합),안동문화예술의전당 안동문화예술의전당 웅부홀,"10,000원 ~ 50,000원",티켓링크 실시간 인기 콘텐츠 [[안동] 2026 유키 구라모토 콘서트 Peacefully - 안동]. 혼자 즐기기 좋은 몰입감 있는 콘텐츠입니다.,https://www.ticketlink.co.kr/product/64414,family:0.3;couple:1.0;single:0.9;티켓링크;공연;경북,2026-08-23 04:38:58,concert:1.0;immersive:0.9;indoor:0.7,3,90,🎵 몰입감 있는 공연으로 혼자 즐기기 좋은 라이브 콘텐츠
티켓링크,전시·미술관,[링크어택] 2026 뮤지컬 <미드나잇 : 액터뮤지션> - THE CHOICE 비지정석,2026-08-10 ~ 2026-11-28,성인 (개인 관람 적합),대학로 유니플렉스 NOL유니플렉스 3관,"70,000원",티켓링크 실시간 인기 콘텐츠 [[링크어택] 2026 뮤지컬 <미드나잇 : 액터뮤지션> - THE CHOICE 비지정석]. 혼자 즐기기 좋은 몰입감 있는 콘텐츠입니다.,https://www.ticketlink.co.kr/product/64742,family:0.8;couple:1.0;single:0.9;exhibition:1.0;티켓링크;전시;서울,2026-08-23 04:38:58,exhibition:1.0;quiet:0.8;indoor:0.9,4,90,🖼️ 조용히 몰입할 수 있는 전시 콘텐츠로 나 홀로 관람 최적
티켓링크,콘서트·공연,2026 뮤지컬 <미드나잇 : 액터뮤지션> - THE CHOICE,2026-08-10 ~ 2026-11-28,성인 (개인 관람 적합),대학로 유니플렉스 NOL유니플렉스 3관,"70,000원",티켓링크 실시간 인기 콘텐츠 [2026 뮤지컬 <미드나잇 : 액터뮤지션> - THE CHOICE]. 혼자 즐기기 좋은 몰입감 있는 콘텐츠입니다.,https://www.ticketlink.co.kr/product/64370,family:0.3;couple:1.0;single:0.9;티켓링크;공연;서울,2026-08-23 04:38:58,concert:1.0;immersive:0.9;indoor:0.7,3,90,🎵 몰입감 있는 공연으로 혼자 즐기기 좋은 라이브 콘텐츠
티켓링크,콘서트·공연,2026 서울시향 얍 판 츠베덴의 말러 교향곡 4번,2026-11-26 ~ 2026-11-26,성인 (개인 관람 적합),롯데콘서트홀 롯데콘서트홀,"10,000원 ~ 150,000원",티켓링크 실시간 인기 콘텐츠 [2026 서울시향 얍 판 츠베덴의 말러 교향곡 4번]. 혼자 즐기기 좋은 몰입감 있는 콘텐츠입니다.,https://www.ticketlink.co.kr/product/59431,family:0.3;couple:1.0;single:0.9;티켓링크;공연;서울,2026-08-23 04:38:58,concert:1.0;immersive:0.9;indoor:0.7,3,90,🎵 몰입감 있는 공연으로 혼자 즐기기 좋은 라이브 콘텐츠
티켓링크,콘서트·공연,부천필하모닉오케스트라 제341회 정기연주회 - A Portrait in Contrast 대조 속의 초상,2026-11-25 ~ 2026-11-26,성인 (개인 관람 적합),부천아트센터 부천아트센터 콘서트홀,"10,000원 ~ 30,000원",티켓링크 실시간 인기 콘텐츠 [부천필하모닉오케스트라 제341회 정기연주회 - A Portrait in Contrast 대조 속의 초상]. 혼자 즐기기 좋은 몰입감 있는 콘텐츠입니다.,https://www.ticketlink.co.kr/product/60017,family:0.3;couple:1.0;single:0.9;티켓링크;공연;경기,2026-08-23 04:38:58,concert:1.0;immersive:0.9;indoor:0.7,3,90,🎵 몰입감 있는 공연으로 혼자 즐기기 좋은 라이브 콘텐츠
티켓링크,전시·미술관,서도호,2026-08-26 ~ 2027-02-08,성인 (개인 관람 적합),국립현대미술관 서울 국립현대미술관 서울,"8,000원",티켓링크 실시간 인기 콘텐츠 [서도호]. 혼자 즐기기 좋은 몰입감 있는 콘텐츠입니다.,https://www.ticketlink.co.kr/product/64910,family:0.8;couple:1.0;single:0.9;exhibition:1.0;티켓링크;전시;서울,2026-08-23 04:38:58,exhibition:1.0;quiet:0.8;indoor:0.9,4,90,🖼️ 조용히 몰입할 수 있는 전시 콘텐츠로 나 홀로 관람 최적
티켓링크,전시·미술관,[MD] 박서진 공식 응원봉,2026-07-03 ~ 2026-12-29,성인 (개인 관람 적합),장소없음 장소없음,"46,000원",티켓링크 실시간 인기 콘텐츠 [[MD] 박서진 공식 응원봉]. 혼자 즐기기 좋은 몰입감 있는 콘텐츠입니다.,https://www.ticketlink.co.kr/product/61037,family:0.8;couple:1.0;single:0.9;exhibition:1.0;티켓링크;전시;서울,2026-08-23 04:38:58,exhibition:1.0;quiet:0.8;indoor:0.9,4,90,🖼️ 조용히 몰입할 수 있는 전시 콘텐츠로 나 홀로 관람 최적
티켓링크,콘서트·공연,2026 오르간 오딧세이,2026-12-16 ~ 2026-12-15,성인 (개인 관람 적합),롯데콘서트홀 롯데콘서트홀,"17,500원 ~ 25,000원",티켓링크 실시간 인기 콘텐츠 [2026 오르간 오딧세이]. 혼자 즐기기 좋은 몰입감 있는 콘텐츠입니다.,https://www.ticketlink.co.kr/product/60117,family:0.3;couple:1.0;single:0.9;티켓링크;공연;서울,2026-08-23 04:38:58,concert:1.0;immersive:0.9;indoor:0.7,3,90,🎵 몰입감 있는 공연으로 혼자 즐기기 좋은 라이브 콘텐츠
티켓링크,콘서트·공연,피지컬 시어터 〈네이처 오브 포겟팅〉 : 연극열전10_열 번째 작품,2026-09-17 ~ 2026-11-28,성인 (개인 관람 적합),세종문화회관 세종문화회관 S씨어터,"44,000원 ~ 66,000원",티켓링크 실시간 인기 콘텐츠 [피지컬 시어터 〈네이처 오브 포겟팅〉 : 연극열전10_열 번째 작품]. 혼자 즐기기 좋은 몰입감 있는 콘텐츠입니다.,https://www.ticketlink.co.kr/product/64482,family:0.3;couple:1.0;single:0.9;티켓링크;공연;서울,2026-08-23 04:38:58,concert:1.0;immersive:0.9;indoor:0.7,5,90,🎵 몰입감 있는 공연으로 혼자 즐기기 좋은 라이브 콘텐츠
티켓링크,콘서트·공연,2026 서울시향 한누 린투의 프로코피예프 ‘로미오와 줄리엣’,2026-11-19 ~ 2026-11-19,성인 (개인 관람 적합),롯데콘서트홀 롯데콘서트홀,"10,000원 ~ 100,000원",티켓링크 실시간 인기 콘텐츠 [2026 서울시향 한누 린투의 프로코피예프 ‘로미오와 줄리엣’]. 혼자 즐기기 좋은 몰입감 있는 콘텐츠입니다.,https://www.ticketlink.co.kr/product/59430,family:0.3;couple:1.0;single:0.9;티켓링크;공연;서울,2026-08-23 04:38:58,concert:1.0;immersive:0.9;indoor:0.7,4,90,🎵 몰입감 있는 공연으로 혼자 즐기기 좋은 라이브 콘텐츠
티켓링크,콘서트·공연,2026 롯콘 마티네 <대니 구의 플레이리스트>,2026-09-10 ~ 2026-11-04,성인 (개인 관람 적합),롯데콘서트홀 롯데콘서트홀,"10,000원 ~ 45,000원",티켓링크 실시간 인기 콘텐츠 [2026 롯콘 마티네 <대니 구의 플레이리스트>]. 혼자 즐기기 좋은 몰입감 있는 콘텐츠입니다.,https://www.ticketlink.co.kr/product/60412,family:0.3;couple:1.0;single:0.9;티켓링크;공연;서울,2026-08-23 04:38:58,concert:1.0;immersive:0.9;indoor:0.7,5,90,🎵 몰입감 있는 공연으로 혼자 즐기기 좋은 라이브 콘텐츠
티켓링크,전시·미술관,울트라백화점 부산 : 텍스트 쇼핑 클럽,2026-07-16 ~ 2026-10-31,성인 (개인 관람 적합),피아크 피아크 2F,"10,000원",티켓링크 실시간 인기 콘텐츠 [울트라백화점 부산 : 텍스트 쇼핑 클럽]. 혼자 즐기기 좋은 몰입감 있는 콘텐츠입니다.,https://www.ticketlink.co.kr/product/64017,family:0.8;couple:1.0;single:0.9;exhibition:1.0;티켓링크;전시;부산,2026-08-23 04:38:58,exhibition:1.0;quiet:0.8;indoor:0.9,5,90,🖼️ 조용히 몰입할 수 있는 전시 콘텐츠로 나 홀로 관람 최적
티켓링크,전시·미술관,가우디: 서울에서 다시 태어나다,2026-07-31 ~ 2026-10-30,성인 (개인 관람 적합),신사하우스 신사하우스,"16,000원",티켓링크 실시간 인기 콘텐츠 [가우디: 서울에서 다시 태어나다]. 혼자 즐기기 좋은 몰입감 있는 콘텐츠입니다.,https://www.ticketlink.co.kr/product/64648,family:0.8;couple:1.0;single:0.9;exhibition:1.0;티켓링크;전시;서울,2026-08-23 04:38:58,exhibition:1.0;quiet:0.8;indoor:0.9,3,90,🖼️ 조용히 몰입할 수 있는 전시 콘텐츠로 나 홀로 관람 최적
티켓링크,콘서트·공연,2026 김동하 Stand-up Comedy Tour < Life Goes On > - 순천,2026-10-30 ~ 2026-10-30,성인 (개인 관람 적합),순천문화예술회관 순천문화예술회관 대극장,"66,000원 ~ 77,000원",티켓링크 실시간 인기 콘텐츠 [2026 김동하 Stand-up Comedy Tour < Life Goes On > - 순천]. 혼자 즐기기 좋은 몰입감 있는 콘텐츠입니다.,https://www.ticketlink.co.kr/product/64526,family:0.3;couple:1.0;single:0.9;티켓링크;공연;전남,2026-08-23 04:38:58,concert:1.0;immersive:0.9;indoor:0.7,4,90,🎵 몰입감 있는 공연으로 혼자 즐기기 좋은 라이브 콘텐츠
티켓링크,콘서트·공연,스테이지엠 크리스마스 영화음악 & 캐롤 콘서트 2026 - 대전,2026-12-19 ~ 2026-12-19,성인 (개인 관람 적합),대전예술의전당 대전예술의전당 앙상블홀,"36,000원 ~ 40,000원",티켓링크 실시간 인기 콘텐츠 [스테이지엠 크리스마스 영화음악 & 캐롤 콘서트 2026 - 대전]. 혼자 즐기기 좋은 몰입감 있는 콘텐츠입니다.,https://www.ticketlink.co.kr/product/64752,family:0.3;couple:1.0;single:0.9;티켓링크;공연;대전,2026-08-23 04:38:58,concert:1.0;immersive:0.9;indoor:0.7,4,90,🎵 몰입감 있는 공연으로 혼자 즐기기 좋은 라이브 콘텐츠
티켓링크,콘서트·공연,스테이지엠 크리스마스 영화음악 & 캐롤 콘서트 2026 - 대구콘서트하우스,2026-12-18 ~ 2026-12-18,성인 (개인 관람 적합),대구콘서트하우스 대구콘서트하우스 챔버홀,"40,000원",티켓링크 실시간 인기 콘텐츠 [스테이지엠 크리스마스 영화음악 & 캐롤 콘서트 2026 - 대구콘서트하우스]. 혼자 즐기기 좋은 몰입감 있는 콘텐츠입니다.,https://www.ticketlink.co.kr/product/64670,family:0.3;couple:1.0;single:0.9;티켓링크;공연;대구,2026-08-23 04:38:58,concert:1.0;immersive:0.9;indoor:0.7,4,90,🎵 몰입감 있는 공연으로 혼자 즐기기 좋은 라이브 콘텐츠
티켓링크,콘서트·공연,[안동] 11월 브런치 콘서트 - 블랙박스 시리즈 'Jazz in Blue 민경인 트리오',2026-11-10 ~ 2026-11-10,성인 (개인 관람 적합),안동문화예술의전당 안동문화예술의전당 백조홀,"20,000원",티켓링크 실시간 인기 콘텐츠 [[안동] 11월 브런치 콘서트 - 블랙박스 시리즈 'Jazz in Blue 민경인 트리오']. 혼자 즐기기 좋은 몰입감 있는 콘텐츠입니다.,https://www.ticketlink.co.kr/product/63807,family:0.3;couple:1.0;single:0.9;티켓링크;공연;경북,2026-08-23 04:38:58,concert:1.0;immersive:0.9;indoor:0.7,5,90,🎵 몰입감 있는 공연으로 혼자 즐기기 좋은 라이브 콘텐츠
티켓링크,콘서트·공연,[주술회전 인 콘서트]월드투어 in SEOUL,2026-11-06 ~ 2026-11-07,성인 (개인 관람 적합),경희대학교 평화의전당 경희대학교 평화의전당,"77,000원 ~ 154,000원",티켓링크 실시간 인기 콘텐츠 [[주술회전 인 콘서트]월드투어 in SEOUL]. 혼자 즐기기 좋은 몰입감 있는 콘텐츠입니다.,https://www.ticketlink.co.kr/product/63080,family:0.3;couple:1.0;single:0.9;티켓링크;공연;서울,2026-08-23 04:38:58,concert:1.0;immersive:0.9;indoor:0.7,5,90,🎵 몰입감 있는 공연으로 혼자 즐기기 좋은 라이브 콘텐츠
티켓링크,콘서트·공연,2026 소통왕 말자쑈 in Gwangju,2026-11-06 ~ 2026-11-06,성인 (개인 관람 적합),광주예술의전당 광주예술의전당 대극장,"44,000원 ~ 66,000원",티켓링크 실시간 인기 콘텐츠 [2026 소통왕 말자쑈 in Gwangju]. 혼자 즐기기 좋은 몰입감 있는 콘텐츠입니다.,https://www.ticketlink.co.kr/product/64923,family:0.3;couple:1.0;single:0.9;티켓링크;공연;광주,2026-08-23 04:38:58,concert:1.0;immersive:0.9;indoor:0.7,5,90,🎵 몰입감 있는 공연으로 혼자 즐기기 좋은 라이브 콘텐츠
티켓링크,콘서트·공연,2026 변진섭 베트남 호치민 콘서트 (2026 Byeon Jin-seob Concert in Ho Chi Minh City),2026-10-31 ~ 2026-10-31,성인 (개인 관람 적합),사이공 오페라하우스 (Saigon Opera House) 사이공 오페라하우스 (Saigon Opera House),"110,000원 ~ 220,000원",티켓링크 실시간 인기 콘텐츠 [2026 변진섭 베트남 호치민 콘서트 (2026 Byeon Jin-seob Concert in Ho Chi Minh City)]. 혼자 즐기기 좋은 몰입감 있는 콘텐츠입니다.,https://www.ticketlink.co.kr/product/63193,family:0.3;couple:1.0;single:0.9;티켓링크;공연;국외,2026-08-23 04:38:58,concert:1.0;immersive:0.9;indoor:0.7,3,90,🎵 몰입감 있는 공연으로 혼자 즐기기 좋은 라이브 콘텐츠
티켓링크,콘서트·공연,코믹 마샬아츠 퍼포먼스 <점프>,2024-09-30 ~ 2026-10-30,성인 (개인 관람 적합),명보아트홀 가온홀 명보아트홀 가온홀 B3 점프 전용극장,"50,000원 ~ 70,000원",티켓링크 실시간 인기 콘텐츠 [코믹 마샬아츠 퍼포먼스 <점프>]. 혼자 즐기기 좋은 몰입감 있는 콘텐츠입니다.,https://www.ticketlink.co.kr/product/51876,family:0.3;couple:1.0;single:0.9;티켓링크;공연;서울,2026-08-23 04:38:58,concert:1.0;immersive:0.9;indoor:0.7,5,90,🎵 몰입감 있는 공연으로 혼자 즐기기 좋은 라이브 콘텐츠
티켓링크,콘서트·공연,조슈아 레드먼 쿼텟 내한공연,2026-10-22 ~ 2026-10-22,성인 (개인 관람 적합),연세대학교 연세대학교 백주년기념관 콘서트홀,"70,000원 ~ 140,000원",티켓링크 실시간 인기 콘텐츠 [조슈아 레드먼 쿼텟 내한공연]. 혼자 즐기기 좋은 몰입감 있는 콘텐츠입니다.,https://www.ticketlink.co.kr/product/63686,family:0.3;couple:1.0;single:0.9;티켓링크;공연;서울,2026-08-23 04:38:58,concert:1.0;immersive:0.9;indoor:0.7,3,90,🎵 몰입감 있는 공연으로 혼자 즐기기 좋은 라이브 콘텐츠
티켓링크,콘서트·공연,2026 서울시향 얍 판 츠베덴의 모차르트 ‘레퀴엠’ ①,2026-10-23 ~ 2026-10-22,성인 (개인 관람 적합),롯데콘서트홀 롯데콘서트홀,"10,000원 ~ 150,000원",티켓링크 실시간 인기 콘텐츠 [2026 서울시향 얍 판 츠베덴의 모차르트 ‘레퀴엠’ ①]. 혼자 즐기기 좋은 몰입감 있는 콘텐츠입니다.,https://www.ticketlink.co.kr/product/59429,family:0.3;couple:1.0;single:0.9;티켓링크;공연;서울,2026-08-23 04:38:58,concert:1.0;immersive:0.9;indoor:0.7,4,90,🎵 몰입감 있는 공연으로 혼자 즐기기 좋은 라이브 콘텐츠
티켓링크,콘서트·공연,뮤지컬 <난세> : 정도전과 이방원의 이야기,2026-09-07 ~ 2026-11-28,성인 (개인 관람 적합),NOL 서경스퀘어 NOL 서경스퀘어 스콘 2관,"55,000원 ~ 66,000원",티켓링크 실시간 인기 콘텐츠 [뮤지컬 <난세> : 정도전과 이방원의 이야기]. 혼자 즐기기 좋은 몰입감 있는 콘텐츠입니다.,https://www.ticketlink.co.kr/product/64831,family:0.3;couple:1.0;single:0.9;티켓링크;공연;서울,2026-08-23 04:38:58,concert:1.0;immersive:0.9;indoor:0.7,5,90,🎵 몰입감 있는 공연으로 혼자 즐기기 좋은 라이브 콘텐츠
티켓링크,콘서트·공연,샤를 뒤트와 & 마르타 아르헤리치 with KBS교향악단,2026-11-21 ~ 2026-11-21,성인 (개인 관람 적합),롯데콘서트홀 롯데콘서트홀,"70,000원 ~ 270,000원",티켓링크 실시간 인기 콘텐츠 [샤를 뒤트와 & 마르타 아르헤리치 with KBS교향악단]. 혼자 즐기기 좋은 몰입감 있는 콘텐츠입니다.,https://www.ticketlink.co.kr/product/64609,family:0.3;couple:1.0;single:0.9;티켓링크;공연;서울,2026-08-23 04:38:58,concert:1.0;immersive:0.9;indoor:0.7,3,90,🎵 몰입감 있는 공연으로 혼자 즐기기 좋은 라이브 콘텐츠
티켓링크,콘서트·공연,[안동] 해외 아트 서커스 - 덕 폰드 : Duck Pond,2026-11-19 ~ 2026-11-20,성인 (개인 관람 적합),안동문화예술의전당 안동문화예술의전당 웅부홀,"10,000원 ~ 30,000원",티켓링크 실시간 인기 콘텐츠 [[안동] 해외 아트 서커스 - 덕 폰드 : Duck Pond]. 혼자 즐기기 좋은 몰입감 있는 콘텐츠입니다.,https://www.ticketlink.co.kr/product/63550,family:0.3;couple:1.0;single:0.9;티켓링크;공연;경북,2026-08-23 04:38:58,concert:1.0;immersive:0.9;indoor:0.7,5,90,🎵 몰입감 있는 공연으로 혼자 즐기기 좋은 라이브 콘텐츠
티켓링크,콘서트·공연,뮤지컬 <크리스마스 캐럴>,2026-12-01 ~ 2026-12-26,성인 (개인 관람 적합),세종문화회관 세종문화회관 M씨어터,"60,000원 ~ 80,000원",티켓링크 실시간 인기 콘텐츠 [뮤지컬 <크리스마스 캐럴>]. 혼자 즐기기 좋은 몰입감 있는 콘텐츠입니다.,https://www.ticketlink.co.kr/product/60486,family:0.3;couple:1.0;single:0.9;티켓링크;공연;서울,2026-08-23 04:38:58,concert:1.0;immersive:0.9;indoor:0.7,3,90,🎵 몰입감 있는 공연으로 혼자 즐기기 좋은 라이브 콘텐츠
티켓링크,콘서트·공연,스테이지 M 캔들데이 콘서트 - 대구,2025-01-16 ~ 2026-12-26,성인 (개인 관람 적합),스테이지 M 스테이지 M(스테이지엠),"35,000원 ~ 45,000원",티켓링크 실시간 인기 콘텐츠 [스테이지 M 캔들데이 콘서트 - 대구]. 혼자 즐기기 좋은 몰입감 있는 콘텐츠입니다.,https://www.ticketlink.co.kr/product/53912,family:0.3;couple:1.0;single:0.9;티켓링크;공연;대구,2026-08-23 04:38:58,concert:1.0;immersive:0.9;indoor:0.7,4,90,🎵 몰입감 있는 공연으로 혼자 즐기기 좋은 라이브 콘텐츠
티켓링크,콘서트·공연,T-SQUARE Live in Seoul 2026,2026-10-10 ~ 2026-10-10,성인 (개인 관람 적합),연세대학교 연세대학교 대강당,"77,000원 ~ 143,000원",티켓링크 실시간 인기 콘텐츠 [T-SQUARE Live in Seoul 2026]. 혼자 즐기기 좋은 몰입감 있는 콘텐츠입니다.,https://www.ticketlink.co.kr/product/64214,family:0.3;couple:1.0;single:0.9;티켓링크;공연;서울,2026-08-23 04:38:58,concert:1.0;immersive:0.9;indoor:0.7,3,90,🎵 몰입감 있는 공연으로 혼자 즐기기 좋은 라이브 콘텐츠
티켓링크,콘서트·공연,2026 ASMBL CRSH : SEOUL,2026-10-04 ~ 2026-10-04,성인 (개인 관람 적합),KBS아레나 KBS아레나,"50,000원 ~ 110,000원",티켓링크 실시간 인기 콘텐츠 [2026 ASMBL CRSH : SEOUL]. 혼자 즐기기 좋은 몰입감 있는 콘텐츠입니다.,https://www.ticketlink.co.kr/product/64755,family:0.3;couple:1.0;single:0.9;티켓링크;공연;서울,2026-08-23 04:38:58,concert:1.0;immersive:0.9;indoor:0.7,4,90,🎵 몰입감 있는 공연으로 혼자 즐기기 좋은 라이브 콘텐츠
티켓링크,콘서트·공연,금호아트홀 아름다운 목요일 - 노부스 콰르텟 String Quartet,2026-09-30 ~ 2026-09-30,성인 (개인 관람 적합),금호아트홀 연세 금호아트홀 연세,"60,000원",티켓링크 실시간 인기 콘텐츠 [금호아트홀 아름다운 목요일 - 노부스 콰르텟 String Quartet]. 혼자 즐기기 좋은 몰입감 있는 콘텐츠입니다.,https://www.ticketlink.co.kr/product/60086,family:0.3;couple:1.0;single:0.9;티켓링크;공연;서울,2026-08-23 04:38:58,concert:1.0;immersive:0.9;indoor:0.7,5,90,🎵 몰입감 있는 공연으로 혼자 즐기기 좋은 라이브 콘텐츠
티켓링크,전시·미술관,공룡테마파크 < DINO BAY > 시즌3+Robot,2024-12-13 ~ 2026-09-29,성인 (개인 관람 적합),기흥리빙파워센터 4층 기흥리빙파워센터 4층,"9,400원",티켓링크 실시간 인기 콘텐츠 [공룡테마파크 < DINO BAY > 시즌3+Robot]. 혼자 즐기기 좋은 몰입감 있는 콘텐츠입니다.,https://www.ticketlink.co.kr/product/53696,family:0.8;couple:1.0;single:0.9;exhibition:1.0;티켓링크;전시;경기,2026-08-23 04:38:58,exhibition:1.0;quiet:0.8;indoor:0.9,4,90,🖼️ 조용히 몰입할 수 있는 전시 콘텐츠로 나 홀로 관람 최적
티켓링크,콘서트·공연,슬로우다이브 내한공연,2026-12-07 ~ 2026-12-07,성인 (개인 관람 적합),KBS아레나 KBS아레나,"132,000원 ~ 143,000원",티켓링크 실시간 인기 콘텐츠 [슬로우다이브 내한공연]. 혼자 즐기기 좋은 몰입감 있는 콘텐츠입니다.,https://www.ticketlink.co.kr/product/65083,family:0.3;couple:1.0;single:0.9;티켓링크;공연;서울,2026-08-23 04:38:58,concert:1.0;immersive:0.9;indoor:0.7,3,90,🎵 몰입감 있는 공연으로 혼자 즐기기 좋은 라이브 콘텐츠
티켓링크,전시·미술관,2026 CassCool Festival,2026-08-21 ~ 2026-08-21,성인 (개인 관람 적합),서울랜드 서울랜드,"77,000원",티켓링크 실시간 인기 콘텐츠 [2026 CassCool Festival]. 혼자 즐기기 좋은 몰입감 있는 콘텐츠입니다.,https://www.ticketlink.co.kr/product/64962,family:0.8;couple:1.0;single:0.9;exhibition:1.0;티켓링크;전시;경기,2026-08-23 04:38:58,exhibition:1.0;quiet:0.8;indoor:0.9,5,90,🖼️ 조용히 몰입할 수 있는 전시 콘텐츠로 나 홀로 관람 최적
티켓링크,콘서트·공연,서승현 플루트 독주회 - 대구,2026-07-22 ~ 2026-07-22,성인 (개인 관람 적합),수성아트피아 수성아트피아 소극장,"10,000원",티켓링크 실시간 인기 콘텐츠 [서승현 플루트 독주회 - 대구]. 혼자 즐기기 좋은 몰입감 있는 콘텐츠입니다.,https://www.ticketlink.co.kr/product/64442,family:0.3;couple:1.0;single:0.9;티켓링크;공연;대구,2026-08-23 04:38:58,concert:1.0;immersive:0.9;indoor:0.7,4,90,🎵 몰입감 있는 공연으로 혼자 즐기기 좋은 라이브 콘텐츠
티켓링크,콘서트·공연,U-KNOW PROJECT 26 : SCENE#1 in SEOUL,2026-07-16 ~ 2026-07-18,성인 (개인 관람 적합),잠실실내체육관 잠실실내체육관,"165,000원 ~ 198,000원",티켓링크 실시간 인기 콘텐츠 [U-KNOW PROJECT 26 : SCENE#1 in SEOUL]. 혼자 즐기기 좋은 몰입감 있는 콘텐츠입니다.,https://www.ticketlink.co.kr/product/62912,family:0.3;couple:1.0;single:0.9;티켓링크;공연;서울,2026-08-23 04:38:58,concert:1.0;immersive:0.9;indoor:0.7,4,90,🎵 몰입감 있는 공연으로 혼자 즐기기 좋은 라이브 콘텐츠
티켓링크,콘서트·공연,밤 트리오와 함께하는 크리스마스 & 뉴이어 재즈 콘서트 - 대구,2025-12-24 ~ 2026-12-24,성인 (개인 관람 적합),스테이지 M 스테이지 M(스테이지엠),"35,000원",티켓링크 실시간 인기 콘텐츠 [밤 트리오와 함께하는 크리스마스 & 뉴이어 재즈 콘서트 - 대구]. 혼자 즐기기 좋은 몰입감 있는 콘텐츠입니다.,https://www.ticketlink.co.kr/product/60359,family:0.3;couple:1.0;single:0.9;티켓링크;공연;대구,2026-08-23 04:38:58,concert:1.0;immersive:0.9;indoor:0.7,3,90,🎵 몰입감 있는 공연으로 혼자 즐기기 좋은 라이브 콘텐츠
티켓링크,콘서트·공연,"금호솔로이스츠 < V. 독일, 위대한 시작 >",2026-12-17 ~ 2026-12-17,성인 (개인 관람 적합),금호아트홀 연세 금호아트홀 연세,"50,000원","티켓링크 실시간 인기 콘텐츠 [금호솔로이스츠 < V. 독일, 위대한 시작 >]. 혼자 즐기기 좋은 몰입감 있는 콘텐츠입니다.",https://www.ticketlink.co.kr/product/60122,family:0.3;couple:1.0;single:0.9;티켓링크;공연;서울,2026-08-23 04:38:58,concert:1.0;immersive:0.9;indoor:0.7,4,90,🎵 몰입감 있는 공연으로 혼자 즐기기 좋은 라이브 콘텐츠
티켓링크,콘서트·공연,"금호솔로이스츠 < IV. 러시아, 영혼의 기록 >",2026-12-16 ~ 2026-12-16,성인 (개인 관람 적합),금호아트홀 연세 금호아트홀 연세,"50,000원","티켓링크 실시간 인기 콘텐츠 [금호솔로이스츠 < IV. 러시아, 영혼의 기록 >]. 혼자 즐기기 좋은 몰입감 있는 콘텐츠입니다.",https://www.ticketlink.co.kr/product/60121,family:0.3;couple:1.0;single:0.9;티켓링크;공연;서울,2026-08-23 04:38:58,concert:1.0;immersive:0.9;indoor:0.7,3,90,🎵 몰입감 있는 공연으로 혼자 즐기기 좋은 라이브 콘텐츠
티켓링크,콘서트·공연,금호 위너스: 김현서 Violin,2026-12-09 ~ 2026-12-09,성인 (개인 관람 적합),금호아트홀 연세 금호아트홀 연세,"20,000원",티켓링크 실시간 인기 콘텐츠 [금호 위너스: 김현서 Violin]. 혼자 즐기기 좋은 몰입감 있는 콘텐츠입니다.,https://www.ticketlink.co.kr/product/64746,family:0.3;couple:1.0;single:0.9;티켓링크;공연;서울,2026-08-23 04:38:58,concert:1.0;immersive:0.9;indoor:0.7,5,90,🎵 몰입감 있는 공연으로 혼자 즐기기 좋은 라이브 콘텐츠
티켓링크,콘서트·공연,금호아트홀 아름다운 목요일 - 조진주 Violin Solo,2026-12-02 ~ 2026-12-02,성인 (개인 관람 적합),금호아트홀 연세 금호아트홀 연세,"50,000원",티켓링크 실시간 인기 콘텐츠 [금호아트홀 아름다운 목요일 - 조진주 Violin Solo]. 혼자 즐기기 좋은 몰입감 있는 콘텐츠입니다.,https://www.ticketlink.co.kr/product/60108,family:0.3;couple:1.0;single:0.9;티켓링크;공연;서울,2026-08-23 04:38:58,concert:1.0;immersive:0.9;indoor:0.7,4,90,🎵 몰입감 있는 공연으로 혼자 즐기기 좋은 라이브 콘텐츠
티켓링크,콘서트·공연,연극 < VL >,2026-08-31 ~ 2026-11-28,성인 (개인 관람 적합),링크더스페이스 링크더스페이스 2관,"66,000원",티켓링크 실시간 인기 콘텐츠 [연극 < VL >]. 혼자 즐기기 좋은 몰입감 있는 콘텐츠입니다.,https://www.ticketlink.co.kr/product/64649,family:0.3;couple:1.0;single:0.9;티켓링크;공연;서울,2026-08-23 04:38:58,concert:1.0;immersive:0.9;indoor:0.7,5,90,🎵 몰입감 있는 공연으로 혼자 즐기기 좋은 라이브 콘텐츠
티켓링크,콘서트·공연,이은미 콘서트 with 오케스트라 : 추억이 핀다 - 청주,2026-11-07 ~ 2026-11-07,성인 (개인 관람 적합),청주 예술의전당 청주예술의전당 대공연장,"99,000원 ~ 132,000원",티켓링크 실시간 인기 콘텐츠 [이은미 콘서트 with 오케스트라 : 추억이 핀다 - 청주]. 혼자 즐기기 좋은 몰입감 있는 콘텐츠입니다.,https://www.ticketlink.co.kr/product/65008,family:0.3;couple:1.0;single:0.9;티켓링크;공연;충북,2026-08-23 04:38:58,concert:1.0;immersive:0.9;indoor:0.7,5,90,🎵 몰입감 있는 공연으로 혼자 즐기기 좋은 라이브 콘텐츠
티켓링크,콘서트·공연,부천필하모닉오케스트라 제340회 정기연주회 - Distant Worlds 먼 세계,2026-10-29 ~ 2026-10-30,성인 (개인 관람 적합),부천아트센터 부천아트센터 콘서트홀,"10,000원 ~ 30,000원",티켓링크 실시간 인기 콘텐츠 [부천필하모닉오케스트라 제340회 정기연주회 - Distant Worlds 먼 세계]. 혼자 즐기기 좋은 몰입감 있는 콘텐츠입니다.,https://www.ticketlink.co.kr/product/60010,family:0.3;couple:1.0;single:0.9;티켓링크;공연;경기,2026-08-23 04:38:58,concert:1.0;immersive:0.9;indoor:0.7,4,90,🎵 몰입감 있는 공연으로 혼자 즐기기 좋은 라이브 콘텐츠
티켓링크,콘서트·공연,2026 한영애 50주년 콘서트 < Snowrain > - 대전,2026-10-23 ~ 2026-10-23,성인 (개인 관람 적합),대전 우송예술회관 대전 우송예술회관,"99,000원 ~ 132,000원",티켓링크 실시간 인기 콘텐츠 [2026 한영애 50주년 콘서트 < Snowrain > - 대전]. 혼자 즐기기 좋은 몰입감 있는 콘텐츠입니다.,https://www.ticketlink.co.kr/product/63126,family:0.3;couple:1.0;single:0.9;티켓링크;공연;대전,2026-08-23 04:38:58,concert:1.0;immersive:0.9;indoor:0.7,3,90,🎵 몰입감 있는 공연으로 혼자 즐기기 좋은 라이브 콘텐츠
티켓링크,콘서트·공연,뮤지컬 <곤 투모로우> 10주년 기념 공연,2026-09-14 ~ 2026-11-28,성인 (개인 관람 적합),홍익대 대학로 아트센터 홍익대 대학로 아트센터 대극장,"60,000원 ~ 130,000원",티켓링크 실시간 인기 콘텐츠 [뮤지컬 <곤 투모로우> 10주년 기념 공연]. 혼자 즐기기 좋은 몰입감 있는 콘텐츠입니다.,https://www.ticketlink.co.kr/product/64817,family:0.3;couple:1.0;single:0.9;티켓링크;공연;서울,2026-08-23 04:38:58,concert:1.0;immersive:0.9;indoor:0.7,4,90,🎵 몰입감 있는 공연으로 혼자 즐기기 좋은 라이브 콘텐츠
티켓링크,콘서트·공연,금호아트홀 아름다운 목요일 - 프란츠 슈베르트 X 문지영 Piano I,2026-11-11 ~ 2026-11-11,성인 (개인 관람 적합),금호아트홀 연세 금호아트홀 연세,"50,000원",티켓링크 실시간 인기 콘텐츠 [금호아트홀 아름다운 목요일 - 프란츠 슈베르트 X 문지영 Piano I]. 혼자 즐기기 좋은 몰입감 있는 콘텐츠입니다.,https://www.ticketlink.co.kr/product/60101,family:0.3;couple:1.0;single:0.9;티켓링크;공연;서울,2026-08-23 04:38:58,concert:1.0;immersive:0.9;indoor:0.7,4,90,🎵 몰입감 있는 공연으로 혼자 즐기기 좋은 라이브 콘텐츠
티켓링크,콘서트·공연,다비드 바뱅 & 아드리앙 몽도 '피아노 피아노',2026-10-26 ~ 2026-10-26,성인 (개인 관람 적합),예울마루 GS칼텍스 예울마루 대극장,"60,000원",티켓링크 실시간 인기 콘텐츠 [다비드 바뱅 & 아드리앙 몽도 '피아노 피아노']. 혼자 즐기기 좋은 몰입감 있는 콘텐츠입니다.,https://www.ticketlink.co.kr/product/64514,family:0.3;couple:1.0;single:0.9;티켓링크;공연;전남,2026-08-23 04:38:58,concert:1.0;immersive:0.9;indoor:0.7,3,90,🎵 몰입감 있는 공연으로 혼자 즐기기 좋은 라이브 콘텐츠
티켓링크,콘서트·공연,Creator’s Box: 코드세시 & 64ksana ‘EN:TRANCE’,2026-10-22 ~ 2026-10-25,성인 (개인 관람 적합),LG아트센터 서울 LG아트센터 서울 U+ 스테이지,"30,000원",티켓링크 실시간 인기 콘텐츠 [Creator’s Box: 코드세시 & 64ksana ‘EN:TRANCE’]. 혼자 즐기기 좋은 몰입감 있는 콘텐츠입니다.,https://www.ticketlink.co.kr/product/64591,family:0.3;couple:1.0;single:0.9;티켓링크;공연;서울,2026-08-23 04:38:58,concert:1.0;immersive:0.9;indoor:0.7,4,90,🎵 몰입감 있는 공연으로 혼자 즐기기 좋은 라이브 콘텐츠
티켓링크,콘서트·공연,THE GREATEST: 전율 소향 X 김기태 - 대구,2026-10-17 ~ 2026-10-17,성인 (개인 관람 적합),천마아트센터 천마아트센터 그랜드홀,"110,000원 ~ 143,000원",티켓링크 실시간 인기 콘텐츠 [THE GREATEST: 전율 소향 X 김기태 - 대구]. 혼자 즐기기 좋은 몰입감 있는 콘텐츠입니다.,https://www.ticketlink.co.kr/product/64776,family:0.3;couple:1.0;single:0.9;티켓링크;공연;경북,2026-08-23 04:38:58,concert:1.0;immersive:0.9;indoor:0.7,4,90,🎵 몰입감 있는 공연으로 혼자 즐기기 좋은 라이브 콘텐츠
티켓링크,전시·미술관,라이브 퀘스트 뮤지컬 <코드네임X>,2026-09-11 ~ 2026-10-17,성인 (개인 관람 적합),국립중앙박물관 국립중앙박물관 극장 용,"44,000원 ~ 77,000원",티켓링크 실시간 인기 콘텐츠 [라이브 퀘스트 뮤지컬 <코드네임X>]. 혼자 즐기기 좋은 몰입감 있는 콘텐츠입니다.,https://www.ticketlink.co.kr/product/63865,family:0.3;couple:1.0;single:0.9;티켓링크;공연;서울,2026-08-23 04:38:58,exhibition:1.0;quiet:0.8;indoor:0.9,3,90,🖼️ 조용히 몰입할 수 있는 전시 콘텐츠로 나 홀로 관람 최적
티켓링크,콘서트·공연,(사)희망나눔과 함께하는 희망나눔 열린음악회 - 대구,2026-10-16 ~ 2026-10-16,성인 (개인 관람 적합),아양아트센터 대구 아양아트센터 아양홀,"30,000원",티켓링크 실시간 인기 콘텐츠 [(사)희망나눔과 함께하는 희망나눔 열린음악회 - 대구]. 혼자 즐기기 좋은 몰입감 있는 콘텐츠입니다.,https://www.ticketlink.co.kr/product/64987,family:0.3;couple:1.0;single:0.9;티켓링크;공연;대구,2026-08-23 04:38:58,concert:1.0;immersive:0.9;indoor:0.7,5,90,🎵 몰입감 있는 공연으로 혼자 즐기기 좋은 라이브 콘텐츠
티켓링크,콘서트·공연,이은결 30주년 < ONE OF ONE > - 부산,2026-10-01 ~ 2026-10-03,성인 (개인 관람 적합),벡스코 벡스코 오디토리움,"66,000원 ~ 110,000원",티켓링크 실시간 인기 콘텐츠 [이은결 30주년 < ONE OF ONE > - 부산]. 혼자 즐기기 좋은 몰입감 있는 콘텐츠입니다.,https://www.ticketlink.co.kr/product/63968,family:0.3;couple:1.0;single:0.9;티켓링크;공연;부산,2026-08-23 04:38:58,concert:1.0;immersive:0.9;indoor:0.7,5,90,🎵 몰입감 있는 공연으로 혼자 즐기기 좋은 라이브 콘텐츠
티켓링크,콘서트·공연,마이 케미컬 로맨스 내한공연 (My Chemical Romance Live in Korea),2026-11-06 ~ 2026-11-06,성인 (개인 관람 적합),인천 파라다이스 시티 파라다이스시티 컬쳐파크,"175,000원 ~ 220,000원",티켓링크 실시간 인기 콘텐츠 [마이 케미컬 로맨스 내한공연 (My Chemical Romance Live in Korea)]. 혼자 즐기기 좋은 몰입감 있는 콘텐츠입니다.,https://www.ticketlink.co.kr/product/57330,family:0.3;couple:1.0;single:0.9;티켓링크;공연;인천,2026-08-23 04:38:58,concert:1.0;immersive:0.9;indoor:0.7,5,90,🎵 몰입감 있는 공연으로 혼자 즐기기 좋은 라이브 콘텐츠
티켓링크,콘서트·공연,테오도르 쿠렌치스 & 유토피아 오케스트라 (11.18),2026-11-18 ~ 2026-11-17,성인 (개인 관람 적합),롯데콘서트홀 롯데콘서트홀,"60,000원 ~ 380,000원",티켓링크 실시간 인기 콘텐츠 [테오도르 쿠렌치스 & 유토피아 오케스트라 (11.18)]. 혼자 즐기기 좋은 몰입감 있는 콘텐츠입니다.,https://www.ticketlink.co.kr/product/64522,family:0.3;couple:1.0;single:0.9;티켓링크;공연;서울,2026-08-23 04:38:58,concert:1.0;immersive:0.9;indoor:0.7,5,90,🎵 몰입감 있는 공연으로 혼자 즐기기 좋은 라이브 콘텐츠
티켓링크,콘서트·공연,테오도르 쿠렌치스 & 유토피아 오케스트라  (11.17),2026-11-17 ~ 2026-11-16,성인 (개인 관람 적합),롯데콘서트홀 롯데콘서트홀,"80,000원 ~ 380,000원",티켓링크 실시간 인기 콘텐츠 [테오도르 쿠렌치스 & 유토피아 오케스트라  (11.17)]. 혼자 즐기기 좋은 몰입감 있는 콘텐츠입니다.,https://www.ticketlink.co.kr/product/64584,family:0.3;couple:1.0;single:0.9;티켓링크;공연;서울,2026-08-23 04:38:58,concert:1.0;immersive:0.9;indoor:0.7,4,90,🎵 몰입감 있는 공연으로 혼자 즐기기 좋은 라이브 콘텐츠
티켓링크,전시·미술관,2026 푸드위크 코리아,2026-11-03 ~ 2026-11-06,성인 (개인 관람 적합),"코엑스 코엑스 A. B. C홀, Platz홀","5,900원",티켓링크 실시간 인기 콘텐츠 [2026 푸드위크 코리아]. 혼자 즐기기 좋은 몰입감 있는 콘텐츠입니다.,https://www.ticketlink.co.kr/product/64728,family:0.8;couple:1.0;single:0.9;exhibition:1.0;티켓링크;전시;서울,2026-08-23 04:38:58,exhibition:1.0;quiet:0.8;indoor:0.9,5,90,🖼️ 조용히 몰입할 수 있는 전시 콘텐츠로 나 홀로 관람 최적
티켓링크,전시·미술관,낭독공연 <ㅎㅇㄱㅎㅇㄱ> - 부산,2024-12-18 ~ 2024-12-20,성인 (개인 관람 적합),공간 소극장 공간 소극장,"30,000원",티켓링크 실시간 인기 콘텐츠 [낭독공연 <ㅎㅇㄱㅎㅇㄱ> - 부산]. 혼자 즐기기 좋은 몰입감 있는 콘텐츠입니다.,https://www.ticketlink.co.kr/product/53031,family:0.8;couple:1.0;single:0.9;exhibition:1.0;티켓링크;전시;부산,2026-08-23 04:38:58,exhibition:1.0;quiet:0.8;indoor:0.9,3,90,🖼️ 조용히 몰입할 수 있는 전시 콘텐츠로 나 홀로 관람 최적
티켓링크,콘서트·공연,2024 KIM SUNG KYU FAN MEETING [ㅅㄱ2 : 사계],2024-01-26 ~ 2024-01-26,성인 (개인 관람 적합),KBS아레나 KBS아레나,"99,000원",티켓링크 실시간 인기 콘텐츠 [2024 KIM SUNG KYU FAN MEETING [ㅅㄱ2 : 사계]]. 혼자 즐기기 좋은 몰입감 있는 콘텐츠입니다.,https://www.ticketlink.co.kr/product/47723,family:0.3;couple:1.0;single:0.9;티켓링크;공연;서울,2026-08-23 04:38:58,concert:1.0;immersive:0.9;indoor:0.7,4,90,🎵 몰입감 있는 공연으로 혼자 즐기기 좋은 라이브 콘텐츠
티켓링크,전시·미술관,연극 <네잎클로버> - 대구,2024-01-11 ~ 2024-01-13,성인 (개인 관람 적합),골목실험극장 골목실험극장,"30,000원",티켓링크 실시간 인기 콘텐츠 [연극 <네잎클로버> - 대구]. 혼자 즐기기 좋은 몰입감 있는 콘텐츠입니다.,https://www.ticketlink.co.kr/product/47471,family:0.8;couple:1.0;single:0.9;exhibition:1.0;티켓링크;전시;대구,2026-08-23 04:38:58,exhibition:1.0;quiet:0.8;indoor:0.9,5,90,🖼️ 조용히 몰입할 수 있는 전시 콘텐츠로 나 홀로 관람 최적
티켓링크,콘서트·공연,박다울 `ㄱㅓㅁㅜㄴㄱㅗ` _싱크넥스트22,2022-07-25 ~ 2022-07-26,성인 (개인 관람 적합),세종문화회관 세종문화회관 S씨어터,"50,000원",티켓링크 실시간 인기 콘텐츠 [박다울 `ㄱㅓㅁㅜㄴㄱㅗ` _싱크넥스트22]. 혼자 즐기기 좋은 몰입감 있는 콘텐츠입니다.,https://www.ticketlink.co.kr/product/38463,family:0.3;couple:1.0;single:0.9;티켓링크;공연;서울,2026-08-23 04:38:58,concert:1.0;immersive:0.9;indoor:0.7,3,90,🎵 몰입감 있는 공연으로 혼자 즐기기 좋은 라이브 콘텐츠
티켓링크,콘서트·공연,아듀! 2021 제야음악회 - 안동,2021-12-30 ~ 2021-12-30,성인 (개인 관람 적합),안동문화예술의전당 안동문화예술의전당 웅부홀,"10,000원 ~ 30,000원",티켓링크 실시간 인기 콘텐츠 [아듀! 2021 제야음악회 - 안동]. 혼자 즐기기 좋은 몰입감 있는 콘텐츠입니다.,https://www.ticketlink.co.kr/product/36961,family:0.3;couple:1.0;single:0.9;티켓링크;공연;경북,2026-08-23 04:38:58,concert:1.0;immersive:0.9;indoor:0.7,4,90,🎵 몰입감 있는 공연으로 혼자 즐기기 좋은 라이브 콘텐츠
티켓링크,전시·미술관,연극아 놀자! 한울림 골목연극제 공연예술창작집단 어니언킹  <ㅋㄷㅋㄷ>,2025-12-18 ~ 2025-12-19,성인 (개인 관람 적합),한울림소극장 한울림소극장,"30,000원",티켓링크 실시간 인기 콘텐츠 [연극아 놀자! 한울림 골목연극제 공연예술창작집단 어니언킹  <ㅋㄷㅋㄷ>]. 혼자 즐기기 좋은 몰입감 있는 콘텐츠입니다.,https://www.ticketlink.co.kr/product/59516,family:0.8;couple:1.0;single:0.9;exhibition:1.0;티켓링크;전시;대구,2026-08-23 04:38:58,exhibition:1.0;quiet:0.8;indoor:0.9,3,90,🖼️ 조용히 몰입할 수 있는 전시 콘텐츠로 나 홀로 관람 최적
티켓링크,콘서트·공연,(통합할인권)연극 <윤조병展> - 부산,2024-11-18 ~ 2024-12-20,성인 (개인 관람 적합),공간 소극장 공간 소극장,"40,000원",티켓링크 실시간 인기 콘텐츠 [(통합할인권)연극 <윤조병展> - 부산]. 혼자 즐기기 좋은 몰입감 있는 콘텐츠입니다.,https://www.ticketlink.co.kr/product/53042,family:0.3;couple:1.0;single:0.9;티켓링크;예매권;부산,2026-08-23 04:38:58,concert:1.0;immersive:0.9;indoor:0.7,3,90,🎵 몰입감 있는 공연으로 혼자 즐기기 좋은 라이브 콘텐츠
티켓링크,전시·미술관,연극 <ㅋㄷㅋㄷ> - 부산,2024-11-18 ~ 2024-11-22,성인 (개인 관람 적합),공간 소극장 공간 소극장,"30,000원",티켓링크 실시간 인기 콘텐츠 [연극 <ㅋㄷㅋㄷ> - 부산]. 혼자 즐기기 좋은 몰입감 있는 콘텐츠입니다.,https://www.ticketlink.co.kr/product/53027,family:0.8;couple:1.0;single:0.9;exhibition:1.0;티켓링크;전시;부산,2026-08-23 04:38:58,exhibition:1.0;quiet:0.8;indoor:0.9,3,90,🖼️ 조용히 몰입할 수 있는 전시 콘텐츠로 나 홀로 관람 최적
티켓링크,콘서트·공연,2024 CHUNJI FANMEETING in Seoul,2024-05-14 ~ 2024-05-14,성인 (개인 관람 적합),ㅎㄷCAFE ㅎㄷCAFE,"88,000원",티켓링크 실시간 인기 콘텐츠 [2024 CHUNJI FANMEETING in Seoul]. 혼자 즐기기 좋은 몰입감 있는 콘텐츠입니다.,https://www.ticketlink.co.kr/product/49961,family:0.3;couple:1.0;single:0.9;티켓링크;공연;서울,2026-08-23 04:38:58,concert:1.0;immersive:0.9;indoor:0.7,4,90,🎵 몰입감 있는 공연으로 혼자 즐기기 좋은 라이브 콘텐츠
티켓링크,콘서트·공연,M.O.N.T - Rocking Spring,2024-04-20 ~ 2024-04-20,성인 (개인 관람 적합),ㅎㄷ STAGE 지하 1층 공연장 ㅎㄷ STAGE 지하 1층 공연장,"99,000원",티켓링크 실시간 인기 콘텐츠 [M.O.N.T - Rocking Spring]. 혼자 즐기기 좋은 몰입감 있는 콘텐츠입니다.,https://www.ticketlink.co.kr/product/49460,family:0.3;couple:1.0;single:0.9;티켓링크;공연;서울,2026-08-23 04:38:58,concert:1.0;immersive:0.9;indoor:0.7,3,90,🎵 몰입감 있는 공연으로 혼자 즐기기 좋은 라이브 콘텐츠
티켓링크,콘서트·공연,Jay Chang - Rocking Spring,2024-04-20 ~ 2024-04-20,성인 (개인 관람 적합),ㅎㄷ STAGE 지하 1층 공연장 ㅎㄷ STAGE 지하 1층 공연장,"99,000원",티켓링크 실시간 인기 콘텐츠 [Jay Chang - Rocking Spring]. 혼자 즐기기 좋은 몰입감 있는 콘텐츠입니다.,https://www.ticketlink.co.kr/product/49458,family:0.3;couple:1.0;single:0.9;티켓링크;공연;서울,2026-08-23 04:38:58,concert:1.0;immersive:0.9;indoor:0.7,4,90,🎵 몰입감 있는 공연으로 혼자 즐기기 좋은 라이브 콘텐츠
티켓링크,콘서트·공연,KBS 50년×god 25년 2023 KBS 대기획 <ㅇㅁㄷ 지오디>,2023-09-08 ~ 2023-09-08,성인 (개인 관람 적합),송도 달빛축제공원 인천 송도 달빛축제공원 대공연장,0원,티켓링크 실시간 인기 콘텐츠 [KBS 50년×god 25년 2023 KBS 대기획 <ㅇㅁㄷ 지오디>]. 혼자 즐기기 좋은 몰입감 있는 콘텐츠입니다.,https://www.ticketlink.co.kr/product/45233,family:0.3;couple:1.0;single:0.9;티켓링크;공연;인천,2026-08-23 04:38:58,concert:1.0;immersive:0.9;indoor:0.7,3,90,🎵 몰입감 있는 공연으로 혼자 즐기기 좋은 라이브 콘텐츠
티켓링크,콘서트·공연,五제 – 대한의 오도(五島)를 노래하다.,2023-03-24 ~ 2023-03-24,성인 (개인 관람 적합),오푸스라움 살롱콘서트홀 오푸스라움 살롱콘서트홀,"15,000원",티켓링크 실시간 인기 콘텐츠 [五제 – 대한의 오도(五島)를 노래하다.]. 혼자 즐기기 좋은 몰입감 있는 콘텐츠입니다.,https://www.ticketlink.co.kr/product/42861,family:0.3;couple:1.0;single:0.9;티켓링크;공연;대구,2026-08-23 04:38:58,concert:1.0;immersive:0.9;indoor:0.7,3,90,🎵 몰입감 있는 공연으로 혼자 즐기기 좋은 라이브 콘텐츠
티켓링크,콘서트·공연,2021 달서청년연극제 <커튼 콜> - 대구,2021-11-05 ~ 2021-11-06,성인 (개인 관람 적합),달서아트센터 대구 달서아트센터 와룡홀,"10,000원",티켓링크 실시간 인기 콘텐츠 [2021 달서청년연극제 <커튼 콜> - 대구]. 혼자 즐기기 좋은 몰입감 있는 콘텐츠입니다.,https://www.ticketlink.co.kr/product/36073,family:0.3;couple:1.0;single:0.9;티켓링크;공연;대구,2026-08-23 04:38:58,concert:1.0;immersive:0.9;indoor:0.7,5,90,🎵 몰입감 있는 공연으로 혼자 즐기기 좋은 라이브 콘텐츠
티켓링크,전시·미술관,[공원벤치가 견뎌야하는 상실의 무게] - 공상모임 作心365 (대구),2020-11-13 ~ 2020-11-13,성인 (개인 관람 적합),한울림소극장 한울림소극장,"20,000원",티켓링크 실시간 인기 콘텐츠 [[공원벤치가 견뎌야하는 상실의 무게] - 공상모임 作心365 (대구)]. 혼자 즐기기 좋은 몰입감 있는 콘텐츠입니다.,https://www.ticketlink.co.kr/product/33410,family:0.8;couple:1.0;single:0.9;exhibition:1.0;티켓링크;전시;대구,2026-08-23 04:38:58,exhibition:1.0;quiet:0.8;indoor:0.9,5,90,🖼️ 조용히 몰입할 수 있는 전시 콘텐츠로 나 홀로 관람 최적
티켓링크,콘서트·공연,2016 썸머페스티벌 : 폐막공연 - 빠리에게 마법을 걸다! (걷다),2016-07-15 ~ 2016-07-15,성인 (개인 관람 적합),호텔인터불고 대구 호텔 인터불고 컨벤션홀,"10,000원 ~ 50,000원",티켓링크 실시간 인기 콘텐츠 [2016 썸머페스티벌 : 폐막공연 - 빠리에게 마법을 걸다! (걷다)]. 혼자 즐기기 좋은 몰입감 있는 콘텐츠입니다.,https://www.ticketlink.co.kr/product/13890,family:0.3;couple:1.0;single:0.9;티켓링크;공연;대구,2026-08-23 04:38:58,concert:1.0;immersive:0.9;indoor:0.7,3,90,🎵 몰입감 있는 공연으로 혼자 즐기기 좋은 라이브 콘텐츠
티켓링크,전시·미술관,연극 <ㅉㅅㅉㅅ> - 부산,2024-12-02 ~ 2024-12-06,성인 (개인 관람 적합),공간 소극장 공간 소극장,"30,000원",티켓링크 실시간 인기 콘텐츠 [연극 <ㅉㅅㅉㅅ> - 부산]. 혼자 즐기기 좋은 몰입감 있는 콘텐츠입니다.,https://www.ticketlink.co.kr/product/53029,family:0.8;couple:1.0;single:0.9;exhibition:1.0;티켓링크;전시;부산,2026-08-23 04:38:58,exhibition:1.0;quiet:0.8;indoor:0.9,4,90,🖼️ 조용히 몰입할 수 있는 전시 콘텐츠로 나 홀로 관람 최적
티켓링크,콘서트·공연,모니카xCIFIKA〈쓰인 적 없는 ㅅ〉_싱크넥스트23,2023-08-17 ~ 2023-08-19,성인 (개인 관람 적합),세종문화회관 세종문화회관 S씨어터,"45,000원 ~ 55,000원",티켓링크 실시간 인기 콘텐츠 [모니카xCIFIKA〈쓰인 적 없는 ㅅ〉_싱크넥스트23]. 혼자 즐기기 좋은 몰입감 있는 콘텐츠입니다.,https://www.ticketlink.co.kr/product/43833,family:0.3;couple:1.0;single:0.9;티켓링크;공연;서울,2026-08-23 04:38:58,concert:1.0;immersive:0.9;indoor:0.7,4,90,🎵 몰입감 있는 공연으로 혼자 즐기기 좋은 라이브 콘텐츠
티켓링크,전시·미술관,2022 인천유나이티드 ㅅㅇ전 2게임권,2022-02-18 ~ 2022-12-29,성인 (개인 관람 적합),인천축구전용경기장 인천축구전용경기장,"30,000원",티켓링크 실시간 인기 콘텐츠 [2022 인천유나이티드 ㅅㅇ전 2게임권]. 혼자 즐기기 좋은 몰입감 있는 콘텐츠입니다.,https://www.ticketlink.co.kr/product/37232,family:0.3;couple:1.0;single:0.9;티켓링크;예매권;인천,2026-08-23 04:38:58,exhibition:1.0;quiet:0.8;indoor:0.9,4,90,🖼️ 조용히 몰입할 수 있는 전시 콘텐츠로 나 홀로 관람 최적
티켓링크,콘서트·공연,에델 라인클랑 두번째 팬미팅 #ㅋㅇㅇ,2022-09-16 ~ 2022-09-16,성인 (개인 관람 적합),한국방송회관 한국방송회관 코바코홀,"44,000원 ~ 66,000원",티켓링크 실시간 인기 콘텐츠 [에델 라인클랑 두번째 팬미팅 #ㅋㅇㅇ]. 혼자 즐기기 좋은 몰입감 있는 콘텐츠입니다.,https://www.ticketlink.co.kr/product/40003,family:0.3;couple:1.0;single:0.9;티켓링크;공연;서울,2026-08-23 04:38:58,concert:1.0;immersive:0.9;indoor:0.7,3,90,🎵 몰입감 있는 공연으로 혼자 즐기기 좋은 라이브 콘텐츠
티켓링크,콘서트·공연,태싯그룹 `ㅋㅋ프로젝트` _싱크넥스트22,2022-07-14 ~ 2022-07-15,성인 (개인 관람 적합),세종문화회관 세종문화회관 S씨어터,"50,000원",티켓링크 실시간 인기 콘텐츠 [태싯그룹 `ㅋㅋ프로젝트` _싱크넥스트22]. 혼자 즐기기 좋은 몰입감 있는 콘텐츠입니다.,https://www.ticketlink.co.kr/product/38355,family:0.3;couple:1.0;single:0.9;티켓링크;공연;서울,2026-08-23 04:38:58,concert:1.0;immersive:0.9;indoor:0.7,3,90,🎵 몰입감 있는 공연으로 혼자 즐기기 좋은 라이브 콘텐츠
티켓링크,전시·미술관,북촌투어,2026-01-02 ~ 2026-12-30,성인 (개인 관람 적합),북촌일대 북촌일대,"14,900원",티켓링크 실시간 인기 콘텐츠 [북촌투어]. 혼자 즐기기 좋은 몰입감 있는 콘텐츠입니다.,https://www.ticketlink.co.kr/product/60541,family:0.8;couple:1.0;single:0.9;exhibition:1.0;티켓링크;전시;서울,2026-08-23 04:38:58,exhibition:1.0;quiet:0.8;indoor:0.9,4,90,🖼️ 조용히 몰입할 수 있는 전시 콘텐츠로 나 홀로 관람 최적
티켓링크,전시·미술관,"<조선시대 성시도(城市圖), 다시 깨어나다>",2026-07-28 ~ 2026-12-30,성인 (개인 관람 적합),해든뮤지움 해든뮤지움,"20,000원","티켓링크 실시간 인기 콘텐츠 [<조선시대 성시도(城市圖), 다시 깨어나다>]. 혼자 즐기기 좋은 몰입감 있는 콘텐츠입니다.",https://www.ticketlink.co.kr/product/64762,family:0.8;couple:1.0;single:0.9;exhibition:1.0;티켓링크;전시;인천,2026-08-23 04:38:58,exhibition:1.0;quiet:0.8;indoor:0.9,4,90,🖼️ 조용히 몰입할 수 있는 전시 콘텐츠로 나 홀로 관람 최적
티켓링크,콘서트·공연,은빛 발레리나 - 경주,2026-09-03 ~ 2026-12-17,성인 (개인 관람 적합),경주예술의전당 대연습실 경주예술의전당 대연습실,"170,000원 ~ 255,000원",티켓링크 실시간 인기 콘텐츠 [은빛 발레리나 - 경주]. 혼자 즐기기 좋은 몰입감 있는 콘텐츠입니다.,https://www.ticketlink.co.kr/product/64563,family:0.3;couple:1.0;single:0.9;티켓링크;공연;경북,2026-08-23 04:38:58,concert:1.0;immersive:0.9;indoor:0.7,4,90,🎵 몰입감 있는 공연으로 혼자 즐기기 좋은 라이브 콘텐츠
티켓링크,콘서트·공연,2026 인문학과 함께하는 브런치콘서트 - 수의사 설채현,2026-12-08 ~ 2026-12-08,성인 (개인 관람 적합),아양아트센터 대구 아양아트센터 아양홀,"15,000원",티켓링크 실시간 인기 콘텐츠 [2026 인문학과 함께하는 브런치콘서트 - 수의사 설채현]. 혼자 즐기기 좋은 몰입감 있는 콘텐츠입니다.,https://www.ticketlink.co.kr/product/61243,family:0.3;couple:1.0;single:0.9;티켓링크;공연;대구,2026-08-23 04:38:58,concert:1.0;immersive:0.9;indoor:0.7,4,90,🎵 몰입감 있는 공연으로 혼자 즐기기 좋은 라이브 콘텐츠
티켓링크,콘서트·공연,뮤지컬 <아나키스트>,2026-09-14 ~ 2026-12-05,성인 (개인 관람 적합),예스24아트원 예스24아트원 1관,"55,000원 ~ 77,000원",티켓링크 실시간 인기 콘텐츠 [뮤지컬 <아나키스트>]. 혼자 즐기기 좋은 몰입감 있는 콘텐츠입니다.,https://www.ticketlink.co.kr/product/64924,family:0.3;couple:1.0;single:0.9;티켓링크;공연;서울,2026-08-23 04:38:58,concert:1.0;immersive:0.9;indoor:0.7,4,90,🎵 몰입감 있는 공연으로 혼자 즐기기 좋은 라이브 콘텐츠
티켓링크,콘서트·공연,"베니스에서 할렘까지, 시대와 지역을 가로지르는 열두 번의 시선 - 경주",2026-09-06 ~ 2026-11-29,성인 (개인 관람 적합),경주예술의전당 대회의실 경주예술의전당 대회의실,"180,000원","티켓링크 실시간 인기 콘텐츠 [베니스에서 할렘까지, 시대와 지역을 가로지르는 열두 번의 시선 - 경주]. 혼자 즐기기 좋은 몰입감 있는 콘텐츠입니다.",https://www.ticketlink.co.kr/product/64561,family:0.3;couple:1.0;single:0.9;티켓링크;공연;경북,2026-08-23 04:38:58,concert:1.0;immersive:0.9;indoor:0.7,5,90,🎵 몰입감 있는 공연으로 혼자 즐기기 좋은 라이브 콘텐츠
티켓링크,콘서트·공연,"일요음악회 <우리의 노래, 꿈으로 새긴 희망의 발자국> - 대구",2026-12-26 ~ 2026-12-26,성인 (개인 관람 적합),수성아트피아 수성아트피아 소극장,0원,"티켓링크 실시간 인기 콘텐츠 [일요음악회 <우리의 노래, 꿈으로 새긴 희망의 발자국> - 대구]. 혼자 즐기기 좋은 몰입감 있는 콘텐츠입니다.",https://www.ticketlink.co.kr/product/63636,family:0.3;couple:1.0;single:0.9;티켓링크;공연;대구,2026-08-23 04:38:58,concert:1.0;immersive:0.9;indoor:0.7,4,90,🎵 몰입감 있는 공연으로 혼자 즐기기 좋은 라이브 콘텐츠
티켓링크,전시·미술관,세계문화유산 창덕궁,2024-01-12 ~ 2026-12-26,성인 (개인 관람 적합),창덕궁 창덕궁,"14,900원",티켓링크 실시간 인기 콘텐츠 [세계문화유산 창덕궁]. 혼자 즐기기 좋은 몰입감 있는 콘텐츠입니다.,https://www.ticketlink.co.kr/product/47927,family:0.8;couple:1.0;single:0.9;exhibition:1.0;티켓링크;전시;서울,2026-08-23 04:38:58,exhibition:1.0;quiet:0.8;indoor:0.9,5,90,🖼️ 조용히 몰입할 수 있는 전시 콘텐츠로 나 홀로 관람 최적
티켓링크,전시·미술관,정동 한바퀴,2024-01-12 ~ 2026-12-25,성인 (개인 관람 적합),정동길 정동길,"14,900원",티켓링크 실시간 인기 콘텐츠 [정동 한바퀴]. 혼자 즐기기 좋은 몰입감 있는 콘텐츠입니다.,https://www.ticketlink.co.kr/product/47912,family:0.8;couple:1.0;single:0.9;exhibition:1.0;티켓링크;전시;서울,2026-08-23 04:38:58,exhibition:1.0;quiet:0.8;indoor:0.9,4,90,🖼️ 조용히 몰입할 수 있는 전시 콘텐츠로 나 홀로 관람 최적
티켓링크,콘서트·공연,영재한음（국악）회,2023-01-28 ~ 2026-12-26,성인 (개인 관람 적합),서울남산국악당 서울남산국악당 크라운해태홀,"30,000원",티켓링크 실시간 인기 콘텐츠 [영재한음（국악）회]. 혼자 즐기기 좋은 몰입감 있는 콘텐츠입니다.,https://www.ticketlink.co.kr/product/42166,family:0.3;couple:1.0;single:0.9;티켓링크;공연;서울,2026-08-23 04:38:58,concert:1.0;immersive:0.9;indoor:0.7,3,90,🎵 몰입감 있는 공연으로 혼자 즐기기 좋은 라이브 콘텐츠
티켓링크,전시·미술관,예술인의마을 서촌,2024-01-12 ~ 2026-12-25,성인 (개인 관람 적합),경복궁 서쪽지역일대 경복궁 서쪽지역일대,"14,900원",티켓링크 실시간 인기 콘텐츠 [예술인의마을 서촌]. 혼자 즐기기 좋은 몰입감 있는 콘텐츠입니다.,https://www.ticketlink.co.kr/product/47934,family:0.8;couple:1.0;single:0.9;exhibition:1.0;티켓링크;전시;서울,2026-08-23 04:38:58,exhibition:1.0;quiet:0.8;indoor:0.9,4,90,🖼️ 조용히 몰입할 수 있는 전시 콘텐츠로 나 홀로 관람 최적
티켓링크,콘서트·공연,지브리를 품은 클래식 <우리의 겨울은 따스했다> - 대구,2026-12-21 ~ 2026-12-21,성인 (개인 관람 적합),비원뮤직홀 비원뮤직홀 공연장,"20,000원",티켓링크 실시간 인기 콘텐츠 [지브리를 품은 클래식 <우리의 겨울은 따스했다> - 대구]. 혼자 즐기기 좋은 몰입감 있는 콘텐츠입니다.,https://www.ticketlink.co.kr/product/64812,family:0.3;couple:1.0;single:0.9;티켓링크;공연;대구,2026-08-23 04:38:58,concert:1.0;immersive:0.9;indoor:0.7,4,90,🎵 몰입감 있는 공연으로 혼자 즐기기 좋은 라이브 콘텐츠
티켓링크,콘서트·공연,연극 사랑해엄마 (대전),2026-12-24 ~ 2026-12-25,성인 (개인 관람 적합),대전예술의전당 대전예술의전당 아트홀,"66,000원",티켓링크 실시간 인기 콘텐츠 [연극 사랑해엄마 (대전)]. 혼자 즐기기 좋은 몰입감 있는 콘텐츠입니다.,https://www.ticketlink.co.kr/product/62197,family:0.3;couple:1.0;single:0.9;티켓링크;공연;대전,2026-08-23 04:38:58,concert:1.0;immersive:0.9;indoor:0.7,4,90,🎵 몰입감 있는 공연으로 혼자 즐기기 좋은 라이브 콘텐츠
티켓링크,콘서트·공연,바다탐험대 옥토넛 시즌4 : 숨겨진 보물을 찾아라! - 용인,2026-12-11 ~ 2026-12-12,성인 (개인 관람 적합),용인문예회관 용인시문예회관 처인홀,"70,000원",티켓링크 실시간 인기 콘텐츠 [바다탐험대 옥토넛 시즌4 : 숨겨진 보물을 찾아라! - 용인]. 혼자 즐기기 좋은 몰입감 있는 콘텐츠입니다.,https://www.ticketlink.co.kr/product/65061,family:0.3;couple:1.0;single:0.9;티켓링크;공연;경기,2026-08-23 04:38:58,concert:1.0;immersive:0.9;indoor:0.7,5,90,🎵 몰입감 있는 공연으로 혼자 즐기기 좋은 라이브 콘텐츠
티켓링크,콘서트·공연,바다탐험대 옥토넛 시즌4 : 숨겨진 보물을 찾아라! - 부천,2026-12-04 ~ 2026-12-05,성인 (개인 관람 적합),복사골문화센터 아트홀 복사골문화센터 아트홀,"70,000원",티켓링크 실시간 인기 콘텐츠 [바다탐험대 옥토넛 시즌4 : 숨겨진 보물을 찾아라! - 부천]. 혼자 즐기기 좋은 몰입감 있는 콘텐츠입니다.,https://www.ticketlink.co.kr/product/64984,family:0.3;couple:1.0;single:0.9;티켓링크;공연;경기,2026-08-23 04:38:58,concert:1.0;immersive:0.9;indoor:0.7,5,90,🎵 몰입감 있는 공연으로 혼자 즐기기 좋은 라이브 콘텐츠
티켓링크,콘서트·공연,2026 뮤지컬 <숲속 100층짜리 집> - 대구,2026-11-20 ~ 2026-11-21,성인 (개인 관람 적합),천마아트센터 영남대학교 천마아트센터 그랜드홀,"77,000원",티켓링크 실시간 인기 콘텐츠 [2026 뮤지컬 <숲속 100층짜리 집> - 대구]. 혼자 즐기기 좋은 몰입감 있는 콘텐츠입니다.,https://www.ticketlink.co.kr/product/64293,family:0.3;couple:1.0;single:0.9;티켓링크;공연;경북,2026-08-23 04:38:58,concert:1.0;immersive:0.9;indoor:0.7,4,90,🎵 몰입감 있는 공연으로 혼자 즐기기 좋은 라이브 콘텐츠
티켓링크,콘서트·공연,우카시 트바르코프스키 연출 '로스코',2026-11-12 ~ 2026-11-15,성인 (개인 관람 적합),LG아트센터 서울 LG아트센터 서울 LG SIGNATURE 홀,"50,000원 ~ 110,000원",티켓링크 실시간 인기 콘텐츠 [우카시 트바르코프스키 연출 '로스코']. 혼자 즐기기 좋은 몰입감 있는 콘텐츠입니다.,https://www.ticketlink.co.kr/product/61083,family:0.3;couple:1.0;single:0.9;티켓링크;공연;서울,2026-08-23 04:38:58,concert:1.0;immersive:0.9;indoor:0.7,4,90,🎵 몰입감 있는 공연으로 혼자 즐기기 좋은 라이브 콘텐츠
티켓링크,콘서트·공연,지브리를 품은 클래식 <풍성히 깊어가는 가을> - 부산,2026-11-14 ~ 2026-11-14,성인 (개인 관람 적합),해운대문화회관 해운대문화회관 고운홀,"30,000원",티켓링크 실시간 인기 콘텐츠 [지브리를 품은 클래식 <풍성히 깊어가는 가을> - 부산]. 혼자 즐기기 좋은 몰입감 있는 콘텐츠입니다.,https://www.ticketlink.co.kr/product/64804,family:0.3;couple:1.0;single:0.9;티켓링크;공연;부산,2026-08-23 04:38:58,concert:1.0;immersive:0.9;indoor:0.7,3,90,🎵 몰입감 있는 공연으로 혼자 즐기기 좋은 라이브 콘텐츠
티켓링크,전시·미술관,[얼리버드] <시오타 치하루: 기억의 빛 속으로>,2026-08-29 ~ 2027-02-20,성인 (개인 관람 적합),헤레디움 / 아트사이트 소제 헤레디움 / 아트사이트 소제,"5,000원",티켓링크 실시간 인기 콘텐츠 [[얼리버드] <시오타 치하루: 기억의 빛 속으로>]. 혼자 즐기기 좋은 몰입감 있는 콘텐츠입니다.,https://www.ticketlink.co.kr/product/64665,family:0.8;couple:1.0;single:0.9;exhibition:1.0;티켓링크;전시;대전,2026-08-23 04:38:58,exhibition:1.0;quiet:0.8;indoor:0.9,3,90,🖼️ 조용히 몰입할 수 있는 전시 콘텐츠로 나 홀로 관람 최적
티켓링크,전시·미술관,창경궁 인문학산책(야간),2025-06-30 ~ 2026-12-30,성인 (개인 관람 적합),창경궁 창경궁,"19,900원",티켓링크 실시간 인기 콘텐츠 [창경궁 인문학산책(야간)]. 혼자 즐기기 좋은 몰입감 있는 콘텐츠입니다.,https://www.ticketlink.co.kr/product/57089,family:0.8;couple:1.0;single:0.9;exhibition:1.0;티켓링크;전시;서울,2026-08-23 04:38:58,exhibition:1.0;quiet:0.8;indoor:0.9,5,90,🖼️ 조용히 몰입할 수 있는 전시 콘텐츠로 나 홀로 관람 최적
티켓링크,전시·미술관,창덕궁 인문학산책,2025-06-30 ~ 2026-12-30,성인 (개인 관람 적합),창덕궁 창덕궁,"19,900원",티켓링크 실시간 인기 콘텐츠 [창덕궁 인문학산책]. 혼자 즐기기 좋은 몰입감 있는 콘텐츠입니다.,https://www.ticketlink.co.kr/product/57088,family:0.8;couple:1.0;single:0.9;exhibition:1.0;티켓링크;전시;서울,2026-08-23 04:38:58,exhibition:1.0;quiet:0.8;indoor:0.9,3,90,🖼️ 조용히 몰입할 수 있는 전시 콘텐츠로 나 홀로 관람 최적
티켓링크,전시·미술관,선릉 인문학산책,2025-06-30 ~ 2026-12-30,성인 (개인 관람 적합),선릉 선릉,"19,900원",티켓링크 실시간 인기 콘텐츠 [선릉 인문학산책]. 혼자 즐기기 좋은 몰입감 있는 콘텐츠입니다.,https://www.ticketlink.co.kr/product/57087,family:0.8;couple:1.0;single:0.9;exhibition:1.0;티켓링크;전시;서울,2026-08-23 04:38:58,exhibition:1.0;quiet:0.8;indoor:0.9,4,90,🖼️ 조용히 몰입할 수 있는 전시 콘텐츠로 나 홀로 관람 최적
티켓링크,전시·미술관,덕수궁 인문학산책 (야간),2025-06-30 ~ 2026-12-30,성인 (개인 관람 적합),덕수궁 덕수궁,"19,900원",티켓링크 실시간 인기 콘텐츠 [덕수궁 인문학산책 (야간)]. 혼자 즐기기 좋은 몰입감 있는 콘텐츠입니다.,https://www.ticketlink.co.kr/product/57086,family:0.8;couple:1.0;single:0.9;exhibition:1.0;티켓링크;전시;서울,2026-08-23 04:38:58,exhibition:1.0;quiet:0.8;indoor:0.9,4,90,🖼️ 조용히 몰입할 수 있는 전시 콘텐츠로 나 홀로 관람 최적
티켓링크,전시·미술관,서울역사박물관 인문학산책,2025-06-30 ~ 2026-12-30,성인 (개인 관람 적합),서울역사박물관 서울역사박물관,"19,900원",티켓링크 실시간 인기 콘텐츠 [서울역사박물관 인문학산책]. 혼자 즐기기 좋은 몰입감 있는 콘텐츠입니다.,https://www.ticketlink.co.kr/product/57085,family:0.8;couple:1.0;single:0.9;exhibition:1.0;티켓링크;전시;서울,2026-08-23 04:38:58,exhibition:1.0;quiet:0.8;indoor:0.9,5,90,🖼️ 조용히 몰입할 수 있는 전시 콘텐츠로 나 홀로 관람 최적
티켓링크,전시·미술관,경희궁 인문학산책,2025-06-30 ~ 2026-12-30,성인 (개인 관람 적합),경희궁 경희궁,"19,900원",티켓링크 실시간 인기 콘텐츠 [경희궁 인문학산책]. 혼자 즐기기 좋은 몰입감 있는 콘텐츠입니다.,https://www.ticketlink.co.kr/product/57084,family:0.8;couple:1.0;single:0.9;exhibition:1.0;티켓링크;전시;서울,2026-08-23 04:38:58,exhibition:1.0;quiet:0.8;indoor:0.9,5,90,🖼️ 조용히 몰입할 수 있는 전시 콘텐츠로 나 홀로 관람 최적
티켓링크,전시·미술관,필립 예니카 기획전: 럭키 럭키 럭키,2026-06-18 ~ 2026-12-30,성인 (개인 관람 적합),띠아트 홍대 띠아트 뮤지엄 홍대,"20,000원",티켓링크 실시간 인기 콘텐츠 [필립 예니카 기획전: 럭키 럭키 럭키]. 혼자 즐기기 좋은 몰입감 있는 콘텐츠입니다.,https://www.ticketlink.co.kr/product/63476,family:0.8;couple:1.0;single:0.9;exhibition:1.0;티켓링크;전시;서울,2026-08-23 04:38:58,exhibition:1.0;quiet:0.8;indoor:0.9,3,90,🖼️ 조용히 몰입할 수 있는 전시 콘텐츠로 나 홀로 관람 최적
티켓링크,콘서트·공연,페인터즈-광화문전용관,2024-03-24 ~ 2026-11-29,성인 (개인 관람 적합),광화문 전용관(경향아트힐) 광화문 전용관(경향아트힐),"50,000원 ~ 70,000원",티켓링크 실시간 인기 콘텐츠 [페인터즈-광화문전용관]. 혼자 즐기기 좋은 몰입감 있는 콘텐츠입니다.,https://www.ticketlink.co.kr/product/48982,family:0.3;couple:1.0;single:0.9;티켓링크;공연;서울,2026-08-23 04:38:58,concert:1.0;immersive:0.9;indoor:0.7,4,90,🎵 몰입감 있는 공연으로 혼자 즐기기 좋은 라이브 콘텐츠
티켓링크,콘서트·공연,[안동] 베토벤 합창 교향곡 '환희의 송가',2026-11-26 ~ 2026-11-26,성인 (개인 관람 적합),안동문화예술의전당 안동문화예술의전당 웅부홀,"10,000원",티켓링크 실시간 인기 콘텐츠 [[안동] 베토벤 합창 교향곡 '환희의 송가']. 혼자 즐기기 좋은 몰입감 있는 콘텐츠입니다.,https://www.ticketlink.co.kr/product/65010,family:0.3;couple:1.0;single:0.9;티켓링크;공연;경북,2026-08-23 04:38:58,concert:1.0;immersive:0.9;indoor:0.7,4,90,🎵 몰입감 있는 공연으로 혼자 즐기기 좋은 라이브 콘텐츠
티켓링크,콘서트·공연,뮤지컬 <오셀로와 이아고>,2026-09-07 ~ 2026-11-21,성인 (개인 관람 적합),대학로 자유극장 대학로 자유극장,"55,000원 ~ 66,000원",티켓링크 실시간 인기 콘텐츠 [뮤지컬 <오셀로와 이아고>]. 혼자 즐기기 좋은 몰입감 있는 콘텐츠입니다.,https://www.ticketlink.co.kr/product/64855,family:0.3;couple:1.0;single:0.9;티켓링크;공연;서울,2026-08-23 04:38:58,concert:1.0;immersive:0.9;indoor:0.7,4,90,🎵 몰입감 있는 공연으로 혼자 즐기기 좋은 라이브 콘텐츠
티켓링크,전시·미술관,제 45기 TBC 가요아카데미 (선착순 자유석 예매),2026-09-07 ~ 2026-11-16,성인 (개인 관람 적합),대백프라자 대구 대백프라자 10층 프라임홀,"120,000원",티켓링크 실시간 인기 콘텐츠 [제 45기 TBC 가요아카데미 (선착순 자유석 예매)]. 혼자 즐기기 좋은 몰입감 있는 콘텐츠입니다.,https://www.ticketlink.co.kr/product/64599,family:0.8;couple:1.0;single:0.9;exhibition:1.0;티켓링크;전시;대구,2026-08-23 04:38:58,exhibition:1.0;quiet:0.8;indoor:0.9,3,90,🖼️ 조용히 몰입할 수 있는 전시 콘텐츠로 나 홀로 관람 최적
티켓링크,콘서트·공연,로프,2026-09-17 ~ 2026-10-24,성인 (개인 관람 적합),업스테이지 업스테이지,"44,000원 ~ 55,000원",티켓링크 실시간 인기 콘텐츠 [로프]. 혼자 즐기기 좋은 몰입감 있는 콘텐츠입니다.,https://www.ticketlink.co.kr/product/64722,family:0.3;couple:1.0;single:0.9;티켓링크;공연;서울,2026-08-23 04:38:58,concert:1.0;immersive:0.9;indoor:0.7,3,90,🎵 몰입감 있는 공연으로 혼자 즐기기 좋은 라이브 콘텐츠
티켓링크,콘서트·공연,[안동] 안동시립합창단 제32회 정기연주회 - 모차르트  레퀴엠,2026-10-21 ~ 2026-10-21,성인 (개인 관람 적합),안동문화예술의전당 안동문화예술의전당 웅부홀,"10,000원",티켓링크 실시간 인기 콘텐츠 [[안동] 안동시립합창단 제32회 정기연주회 - 모차르트  레퀴엠]. 혼자 즐기기 좋은 몰입감 있는 콘텐츠입니다.,https://www.ticketlink.co.kr/product/65011,family:0.3;couple:1.0;single:0.9;티켓링크;공연;경북,2026-08-23 04:38:58,concert:1.0;immersive:0.9;indoor:0.7,5,90,🎵 몰입감 있는 공연으로 혼자 즐기기 좋은 라이브 콘텐츠
티켓링크,콘서트·공연,금호아트홀 아름다운 목요일 - 모차르트 플러스 II - 폴 루이스 Piano,2026-10-21 ~ 2026-10-21,성인 (개인 관람 적합),금호아트홀 연세 금호아트홀 연세,"70,000원 ~ 80,000원",티켓링크 실시간 인기 콘텐츠 [금호아트홀 아름다운 목요일 - 모차르트 플러스 II - 폴 루이스 Piano]. 혼자 즐기기 좋은 몰입감 있는 콘텐츠입니다.,https://www.ticketlink.co.kr/product/60115,family:0.3;couple:1.0;single:0.9;티켓링크;공연;서울,2026-08-23 04:38:58,concert:1.0;immersive:0.9;indoor:0.7,3,90,🎵 몰입감 있는 공연으로 혼자 즐기기 좋은 라이브 콘텐츠
티켓링크,콘서트·공연,금호아트홀 아름다운 목요일 - 모차르트 플러스 I - 폴 루이스 Piano,2026-10-20 ~ 2026-10-20,성인 (개인 관람 적합),금호아트홀 연세 금호아트홀 연세,"70,000원 ~ 80,000원",티켓링크 실시간 인기 콘텐츠 [금호아트홀 아름다운 목요일 - 모차르트 플러스 I - 폴 루이스 Piano]. 혼자 즐기기 좋은 몰입감 있는 콘텐츠입니다.,https://www.ticketlink.co.kr/product/60114,family:0.3;couple:1.0;single:0.9;티켓링크;공연;서울,2026-08-23 04:38:58,concert:1.0;immersive:0.9;indoor:0.7,3,90,🎵 몰입감 있는 공연으로 혼자 즐기기 좋은 라이브 콘텐츠
티켓링크,콘서트·공연,두 명의 피아니스트가 연주하는 모차르트-광주,2026-10-08 ~ 2026-10-08,성인 (개인 관람 적합),아트스페이스 아트스페이스 흥학관,0원,티켓링크 실시간 인기 콘텐츠 [두 명의 피아니스트가 연주하는 모차르트-광주]. 혼자 즐기기 좋은 몰입감 있는 콘텐츠입니다.,https://www.ticketlink.co.kr/product/65056,family:0.3;couple:1.0;single:0.9;티켓링크;공연;광주,2026-08-23 04:38:58,concert:1.0;immersive:0.9;indoor:0.7,4,90,🎵 몰입감 있는 공연으로 혼자 즐기기 좋은 라이브 콘텐츠
티켓링크,콘서트·공연,카피추 뮤직 토크 콘서트 : 천지창조 - 부산,2026-12-24 ~ 2026-12-24,성인 (개인 관람 적합),영화의전당 영화의전당 하늘연극장,"44,000원",티켓링크 실시간 인기 콘텐츠 [카피추 뮤직 토크 콘서트 : 천지창조 - 부산]. 혼자 즐기기 좋은 몰입감 있는 콘텐츠입니다.,https://www.ticketlink.co.kr/product/65084,family:0.3;couple:1.0;single:0.9;티켓링크;공연;부산,2026-08-23 04:38:58,concert:1.0;immersive:0.9;indoor:0.7,4,90,🎵 몰입감 있는 공연으로 혼자 즐기기 좋은 라이브 콘텐츠
티켓링크,콘서트·공연,내 인생의 클래식 - 경주,2026-09-03 ~ 2026-12-10,성인 (개인 관람 적합),경주예술의전당 대회의실 경주예술의전당 대회의실,"180,000원",티켓링크 실시간 인기 콘텐츠 [내 인생의 클래식 - 경주]. 혼자 즐기기 좋은 몰입감 있는 콘텐츠입니다.,https://www.ticketlink.co.kr/product/64560,family:0.3;couple:1.0;single:0.9;티켓링크;공연;경북,2026-08-23 04:38:58,concert:1.0;immersive:0.9;indoor:0.7,3,90,🎵 몰입감 있는 공연으로 혼자 즐기기 좋은 라이브 콘텐츠
티켓링크,콘서트·공연,몽글몽글꿈공장 (판타지 무용컬) - 천안,2026-11-06 ~ 2026-11-06,성인 (개인 관람 적합),천안시 성환문화회관 천안시 성환문화회관 대공연장,"30,000원 ~ 50,000원",티켓링크 실시간 인기 콘텐츠 [몽글몽글꿈공장 (판타지 무용컬) - 천안]. 혼자 즐기기 좋은 몰입감 있는 콘텐츠입니다.,https://www.ticketlink.co.kr/product/64905,family:0.3;couple:1.0;single:0.9;티켓링크;공연;충남,2026-08-23 04:38:58,concert:1.0;immersive:0.9;indoor:0.7,3,90,🎵 몰입감 있는 공연으로 혼자 즐기기 좋은 라이브 콘텐츠
티켓링크,콘서트·공연,순수한 사랑 이야기를 담은 힐링연극 <아모르파티>,2026-12-22 ~ 2026-12-26,성인 (개인 관람 적합),광주빛고을시민문화관 빛고을시민문화관 공연장,"49,000원",티켓링크 실시간 인기 콘텐츠 [순수한 사랑 이야기를 담은 힐링연극 <아모르파티>]. 혼자 즐기기 좋은 몰입감 있는 콘텐츠입니다.,https://www.ticketlink.co.kr/product/63794,family:0.3;couple:1.0;single:0.9;티켓링크;공연;광주,2026-08-23 04:38:58,concert:1.0;immersive:0.9;indoor:0.7,5,90,🎵 몰입감 있는 공연으로 혼자 즐기기 좋은 라이브 콘텐츠
티켓링크,콘서트·공연,"최백호 50주년 콘서트 <낭만의 50년, 시간의 흔적을 노래하다> - 창원",2026-12-04 ~ 2026-12-04,성인 (개인 관람 적합),창원 3.15 아트센터 창원 3.15 아트센터 대극장,"110,000원 ~ 143,000원","티켓링크 실시간 인기 콘텐츠 [최백호 50주년 콘서트 <낭만의 50년, 시간의 흔적을 노래하다> - 창원]. 혼자 즐기기 좋은 몰입감 있는 콘텐츠입니다.",https://www.ticketlink.co.kr/product/64516,family:0.3;couple:1.0;single:0.9;티켓링크;공연;경남,2026-08-23 04:38:58,concert:1.0;immersive:0.9;indoor:0.7,3,90,🎵 몰입감 있는 공연으로 혼자 즐기기 좋은 라이브 콘텐츠
티켓링크,콘서트·공연,공룡애니멀쇼 시즌3 - 파주,2026-11-13 ~ 2026-11-13,성인 (개인 관람 적합),파주 문산행복센터 파주 문산행복센터,"21,000원",티켓링크 실시간 인기 콘텐츠 [공룡애니멀쇼 시즌3 - 파주]. 혼자 즐기기 좋은 몰입감 있는 콘텐츠입니다.,https://www.ticketlink.co.kr/product/64595,family:0.3;couple:1.0;single:0.9;티켓링크;공연;경기,2026-08-23 04:38:58,concert:1.0;immersive:0.9;indoor:0.7,4,90,🎵 몰입감 있는 공연으로 혼자 즐기기 좋은 라이브 콘텐츠
티켓링크,콘서트·공연,아.파.트.,2026-10-23 ~ 2026-11-13,성인 (개인 관람 적합),세종문화회관 세종문화회관 M씨어터,"40,000원 ~ 60,000원",티켓링크 실시간 인기 콘텐츠 [아.파.트.]. 혼자 즐기기 좋은 몰입감 있는 콘텐츠입니다.,https://www.ticketlink.co.kr/product/60490,family:0.3;couple:1.0;single:0.9;티켓링크;공연;서울,2026-08-23 04:38:58,concert:1.0;immersive:0.9;indoor:0.7,4,90,🎵 몰입감 있는 공연으로 혼자 즐기기 좋은 라이브 콘텐츠
티켓링크,전시·미술관,앙리마티스와 파리의 화가들,2026-07-15 ~ 2026-10-24,성인 (개인 관람 적합),"문화제조창 본관 청주시한국공예관 갤러리 3,5 전시실 문화제조창 본관 청주시한국공예관 갤러리 3,5 전시실","20,000원",티켓링크 실시간 인기 콘텐츠 [앙리마티스와 파리의 화가들]. 혼자 즐기기 좋은 몰입감 있는 콘텐츠입니다.,https://www.ticketlink.co.kr/product/63927,family:0.8;couple:1.0;single:0.9;exhibition:1.0;티켓링크;전시;충북,2026-08-23 04:38:58,exhibition:1.0;quiet:0.8;indoor:0.9,4,90,🖼️ 조용히 몰입할 수 있는 전시 콘텐츠로 나 홀로 관람 최적
티켓링크,전시·미술관,뱅크시 : Still Here,2026-07-21 ~ 2026-11-02,성인 (개인 관람 적합),더현대서울 더현대 서울 ALT.1,"18,000원",티켓링크 실시간 인기 콘텐츠 [뱅크시 : Still Here]. 혼자 즐기기 좋은 몰입감 있는 콘텐츠입니다.,https://www.ticketlink.co.kr/product/63744,family:0.8;couple:1.0;single:0.9;exhibition:1.0;티켓링크;전시;서울,2026-08-23 04:38:58,exhibition:1.0;quiet:0.8;indoor:0.9,4,90,🖼️ 조용히 몰입할 수 있는 전시 콘텐츠로 나 홀로 관람 최적
티켓링크,전시·미술관,페이퍼 후추-사각사각의 순간들 인 울산,2026-07-31 ~ 2026-10-31,성인 (개인 관람 적합),장생포문화창고 장생포문화창고,"5,000원",티켓링크 실시간 인기 콘텐츠 [페이퍼 후추-사각사각의 순간들 인 울산]. 혼자 즐기기 좋은 몰입감 있는 콘텐츠입니다.,https://www.ticketlink.co.kr/product/64626,family:0.8;couple:1.0;single:0.9;exhibition:1.0;티켓링크;전시;울산,2026-08-23 04:38:58,exhibition:1.0;quiet:0.8;indoor:0.9,4,90,🖼️ 조용히 몰입할 수 있는 전시 콘텐츠로 나 홀로 관람 최적
티켓링크,전시·미술관,(사전예매) 식객: 맛의 뒤편,2026-09-16 ~ 2026-10-30,성인 (개인 관람 적합),국립아시아문화전당 국립아시아문화전당,"7,000원",티켓링크 실시간 인기 콘텐츠 [(사전예매) 식객: 맛의 뒤편]. 혼자 즐기기 좋은 몰입감 있는 콘텐츠입니다.,https://www.ticketlink.co.kr/product/64978,family:0.8;couple:1.0;single:0.9;exhibition:1.0;티켓링크;전시;광주,2026-08-23 04:38:58,exhibition:1.0;quiet:0.8;indoor:0.9,5,90,🖼️ 조용히 몰입할 수 있는 전시 콘텐츠로 나 홀로 관람 최적
티켓링크,전시·미술관,"2026 세계유산축전 기획행사 <반구대 야별행 ‘달 아래, 반구대‘>",2026-09-07 ~ 2026-09-18,성인 (개인 관람 적합),울산시 반구대 암각화 일원 울산시 반구대 암각화 일원,0원,"티켓링크 실시간 인기 콘텐츠 [2026 세계유산축전 기획행사 <반구대 야별행 ‘달 아래, 반구대‘>]. 혼자 즐기기 좋은 몰입감 있는 콘텐츠입니다.",https://www.ticketlink.co.kr/product/64700,family:0.8;couple:1.0;single:0.9;exhibition:1.0;티켓링크;전시;울산,2026-08-23 04:38:58,exhibition:1.0;quiet:0.8;indoor:0.9,5,90,🖼️ 조용히 몰입할 수 있는 전시 콘텐츠로 나 홀로 관람 최적
티켓링크,콘서트·공연,2026 여수세계섬박람회 개막식,2026-09-04 ~ 2026-09-04,성인 (개인 관람 적합),2026여수세계섬박람회 주행사장 열린무대 2026여수세계섬박람회 주행사장 열린무대,0원,티켓링크 실시간 인기 콘텐츠 [2026 여수세계섬박람회 개막식]. 혼자 즐기기 좋은 몰입감 있는 콘텐츠입니다.,https://www.ticketlink.co.kr/product/65128,family:0.3;couple:1.0;single:0.9;티켓링크;공연;전남,2026-08-23 04:38:58,concert:1.0;immersive:0.9;indoor:0.7,4,90,🎵 몰입감 있는 공연으로 혼자 즐기기 좋은 라이브 콘텐츠
티켓링크,전시·미술관,[펫캉스 프로모션] 2026 트리토피아 <와우와우 포레스트> - 대구,2026-07-17 ~ 2026-08-22,성인 (개인 관람 적합),대구 엑스코 엑스코 서관 1홀,"14,000원",티켓링크 실시간 인기 콘텐츠 [[펫캉스 프로모션] 2026 트리토피아 <와우와우 포레스트> - 대구]. 혼자 즐기기 좋은 몰입감 있는 콘텐츠입니다.,https://www.ticketlink.co.kr/product/63204,family:0.8;couple:1.0;single:0.9;exhibition:1.0;티켓링크;전시;대구,2026-08-23 04:38:58,exhibition:1.0;quiet:0.8;indoor:0.9,3,90,🖼️ 조용히 몰입할 수 있는 전시 콘텐츠로 나 홀로 관람 최적
티켓링크,콘서트·공연,2026 카오스 콘서트 : 인긴-인간-인갼,2026-07-31 ~ 2026-07-31,성인 (개인 관람 적합),연세대학교 연세대학교 백주년기념관 콘서트홀,"40,000원",티켓링크 실시간 인기 콘텐츠 [2026 카오스 콘서트 : 인긴-인간-인갼]. 혼자 즐기기 좋은 몰입감 있는 콘텐츠입니다.,https://www.ticketlink.co.kr/product/63942,family:0.3;couple:1.0;single:0.9;티켓링크;공연;서울,2026-08-23 04:38:58,concert:1.0;immersive:0.9;indoor:0.7,4,90,🎵 몰입감 있는 공연으로 혼자 즐기기 좋은 라이브 콘텐츠
티켓링크,전시·미술관,이터널 리턴 3주년 페스티벌,2026-07-10 ~ 2026-07-11,성인 (개인 관람 적합),DCC대전컨벤션센터 제1전시장 DCC대전컨벤션센터 제1전시장,"22,000원",티켓링크 실시간 인기 콘텐츠 [이터널 리턴 3주년 페스티벌]. 혼자 즐기기 좋은 몰입감 있는 콘텐츠입니다.,https://www.ticketlink.co.kr/product/61560,family:0.8;couple:1.0;single:0.9;exhibition:1.0;티켓링크;전시;대전,2026-08-23 04:38:58,exhibition:1.0;quiet:0.8;indoor:0.9,5,90,🖼️ 조용히 몰입할 수 있는 전시 콘텐츠로 나 홀로 관람 최적
티켓링크,콘서트·공연,2026 대구치맥페스티벌 <프리미엄 사전예약존>,2026-06-30 ~ 2026-07-04,성인 (개인 관람 적합),두류공원 2.28자유광장 두류공원 2.28자유광장,"85,000원",티켓링크 실시간 인기 콘텐츠 [2026 대구치맥페스티벌 <프리미엄 사전예약존>]. 혼자 즐기기 좋은 몰입감 있는 콘텐츠입니다.,https://www.ticketlink.co.kr/product/63905,family:0.3;couple:1.0;single:0.9;티켓링크;공연;대구,2026-08-23 04:38:58,concert:1.0;immersive:0.9;indoor:0.7,5,90,🎵 몰입감 있는 공연으로 혼자 즐기기 좋은 라이브 콘텐츠
티켓링크,전시·미술관,제17회 대구꽃박람회,2026-06-03 ~ 2026-06-06,성인 (개인 관람 적합),대구 엑스코 대구 엑스코 1층 동관 전시장,"6,000원",티켓링크 실시간 인기 콘텐츠 [제17회 대구꽃박람회]. 혼자 즐기기 좋은 몰입감 있는 콘텐츠입니다.,https://www.ticketlink.co.kr/product/62298,family:0.8;couple:1.0;single:0.9;exhibition:1.0;티켓링크;전시;대구,2026-08-23 04:38:58,exhibition:1.0;quiet:0.8;indoor:0.9,5,90,🖼️ 조용히 몰입할 수 있는 전시 콘텐츠로 나 홀로 관람 최적
티켓링크,콘서트·공연,2026 창경궁 야연 (상반기),2026-05-06 ~ 2026-05-16,성인 (개인 관람 적합),창경궁 창경궁 문정전,"50,000원",티켓링크 실시간 인기 콘텐츠 [2026 창경궁 야연 (상반기)]. 혼자 즐기기 좋은 몰입감 있는 콘텐츠입니다.,https://www.ticketlink.co.kr/product/62766,family:0.3;couple:1.0;single:0.9;티켓링크;공연;서울,2026-08-23 04:38:58,concert:1.0;immersive:0.9;indoor:0.7,5,90,🎵 몰입감 있는 공연으로 혼자 즐기기 좋은 라이브 콘텐츠
티켓링크,전시·미술관,2026 대구약령시한방문화축제  <황금둥글레를 찾아라!> 체험권 사전예매!,2026-05-06 ~ 2026-05-09,성인 (개인 관람 적합),대구약령시 천일한약방 앞 대구약령시 천일한약방 앞,"1,000원",티켓링크 실시간 인기 콘텐츠 [2026 대구약령시한방문화축제  <황금둥글레를 찾아라!> 체험권 사전예매!]. 혼자 즐기기 좋은 몰입감 있는 콘텐츠입니다.,https://www.ticketlink.co.kr/product/62893,family:0.8;couple:1.0;single:0.9;exhibition:1.0;티켓링크;전시;대구,2026-08-23 04:38:58,exhibition:1.0;quiet:0.8;indoor:0.9,4,90,🖼️ 조용히 몰입할 수 있는 전시 콘텐츠로 나 홀로 관람 최적
티켓링크,콘서트·공연,"2026 경복궁 생과방 특별행사 '유주(幼主), 생과방의 봄'",2026-04-26 ~ 2026-05-02,성인 (개인 관람 적합),경복궁 경복궁 생과방,0원,"티켓링크 실시간 인기 콘텐츠 [2026 경복궁 생과방 특별행사 '유주(幼主), 생과방의 봄']. 혼자 즐기기 좋은 몰입감 있는 콘텐츠입니다.",https://www.ticketlink.co.kr/product/62494,family:0.3;couple:1.0;single:0.9;티켓링크;공연;서울,2026-08-23 04:38:58,concert:1.0;immersive:0.9;indoor:0.7,4,90,🎵 몰입감 있는 공연으로 혼자 즐기기 좋은 라이브 콘텐츠
티켓링크,전시·미술관,2026 ACC 엑스뮤직페스티벌 - 얼리버드 티켓,2026-09-30 ~ 2026-10-03,성인 (개인 관람 적합),국립아시아문화전당 국립아시아문화전당 예술극장 일대,"70,000원",티켓링크 실시간 인기 콘텐츠 [2026 ACC 엑스뮤직페스티벌 - 얼리버드 티켓]. 혼자 즐기기 좋은 몰입감 있는 콘텐츠입니다.,https://www.ticketlink.co.kr/product/64655,family:0.8;couple:1.0;single:0.9;exhibition:1.0;티켓링크;전시;광주,2026-08-23 04:38:58,exhibition:1.0;quiet:0.8;indoor:0.9,5,90,🖼️ 조용히 몰입할 수 있는 전시 콘텐츠로 나 홀로 관람 최적
티켓링크,콘서트·공연,2026 김용빈 콘서트 '세레나데',2026-09-18 ~ 2026-09-19,성인 (개인 관람 적합),티켓링크 라이브 아레나 티켓링크 라이브 아레나,"132,000원 ~ 165,000원",티켓링크 실시간 인기 콘텐츠 [2026 김용빈 콘서트 '세레나데']. 혼자 즐기기 좋은 몰입감 있는 콘텐츠입니다.,https://www.ticketlink.co.kr/product/64771,family:0.3;couple:1.0;single:0.9;티켓링크;공연;서울,2026-08-23 04:38:58,concert:1.0;immersive:0.9;indoor:0.7,5,90,🎵 몰입감 있는 공연으로 혼자 즐기기 좋은 라이브 콘텐츠
티켓링크,전시·미술관,[예매권 추첨] 2026 덕수궁 밤의 석조전 (하반기),2026-09-08 ~ 2026-10-17,성인 (개인 관람 적합),덕수궁 석조전 덕수궁 석조전,0원,티켓링크 실시간 인기 콘텐츠 [[예매권 추첨] 2026 덕수궁 밤의 석조전 (하반기)]. 혼자 즐기기 좋은 몰입감 있는 콘텐츠입니다.,https://www.ticketlink.co.kr/product/64835,family:0.8;couple:1.0;single:0.9;exhibition:1.0;티켓링크;전시;서울,2026-08-23 04:38:58,exhibition:1.0;quiet:0.8;indoor:0.9,5,90,🖼️ 조용히 몰입할 수 있는 전시 콘텐츠로 나 홀로 관람 최적
티켓링크,전시·미술관,[예매권 추첨] 2026 창덕궁 달빛기행 (하반기),2026-09-09 ~ 2026-10-16,성인 (개인 관람 적합),창덕궁 창덕궁,0원,티켓링크 실시간 인기 콘텐츠 [[예매권 추첨] 2026 창덕궁 달빛기행 (하반기)]. 혼자 즐기기 좋은 몰입감 있는 콘텐츠입니다.,https://www.ticketlink.co.kr/product/64919,family:0.8;couple:1.0;single:0.9;exhibition:1.0;티켓링크;전시;서울,2026-08-23 04:38:58,exhibition:1.0;quiet:0.8;indoor:0.9,3,90,🖼️ 조용히 몰입할 수 있는 전시 콘텐츠로 나 홀로 관람 최적
티켓링크,콘서트·공연,파리에서 온 편지 - 대구,2026-09-17 ~ 2026-09-17,성인 (개인 관람 적합),수성아트피아 수성아트피아 소극장,"20,000원",티켓링크 실시간 인기 콘텐츠 [파리에서 온 편지 - 대구]. 혼자 즐기기 좋은 몰입감 있는 콘텐츠입니다.,https://www.ticketlink.co.kr/product/65103,family:0.3;couple:1.0;single:0.9;티켓링크;공연;대구,2026-08-23 04:38:58,concert:1.0;immersive:0.9;indoor:0.7,3,90,🎵 몰입감 있는 공연으로 혼자 즐기기 좋은 라이브 콘텐츠
티켓링크,콘서트·공연,뮤지컬 더 픽션 - 포항 (일반예매),2026-08-27 ~ 2026-08-28,성인 (개인 관람 적합),포항시청 문화동 대잠홀 포항시청 대잠홀,"10,000원 ~ 30,000원",티켓링크 실시간 인기 콘텐츠 [뮤지컬 더 픽션 - 포항 (일반예매)]. 혼자 즐기기 좋은 몰입감 있는 콘텐츠입니다.,https://www.ticketlink.co.kr/product/63536,family:0.3;couple:1.0;single:0.9;티켓링크;공연;경북,2026-08-23 04:38:58,concert:1.0;immersive:0.9;indoor:0.7,5,90,🎵 몰입감 있는 공연으로 혼자 즐기기 좋은 라이브 콘텐츠
티켓링크,전시·미술관,[예매권 추첨] 2026 경복궁 생과방 (하반기),2026-09-01 ~ 2026-10-25,성인 (개인 관람 적합),경복궁 경복궁 소주방,0원,티켓링크 실시간 인기 콘텐츠 [[예매권 추첨] 2026 경복궁 생과방 (하반기)]. 혼자 즐기기 좋은 몰입감 있는 콘텐츠입니다.,https://www.ticketlink.co.kr/product/64787,family:0.8;couple:1.0;single:0.9;exhibition:1.0;티켓링크;전시;서울,2026-08-23 04:38:58,exhibition:1.0;quiet:0.8;indoor:0.9,5,90,🖼️ 조용히 몰입할 수 있는 전시 콘텐츠로 나 홀로 관람 최적
티켓링크,전시·미술관,그랜드 민트 페스티벌 2026,2026-10-16 ~ 2026-10-17,성인 (개인 관람 적합),올림픽공원 한얼광장 올림픽공원,"132,000원",티켓링크 실시간 인기 콘텐츠 [그랜드 민트 페스티벌 2026]. 혼자 즐기기 좋은 몰입감 있는 콘텐츠입니다.,https://www.ticketlink.co.kr/product/64509,family:0.8;couple:1.0;single:0.9;exhibition:1.0;티켓링크;전시;서울,2026-08-23 04:38:58,exhibition:1.0;quiet:0.8;indoor:0.9,5,90,🖼️ 조용히 몰입할 수 있는 전시 콘텐츠로 나 홀로 관람 최적
티켓링크,전시·미술관,"[특별전] 한국 미술, 조선 후기부터 현대까지 - 경주",2026-06-29 ~ 2026-10-17,성인 (개인 관람 적합),경주예술의전당 경주예술의전당 알천미술관 갤러리해(4F),"5,000원","티켓링크 실시간 인기 콘텐츠 [[특별전] 한국 미술, 조선 후기부터 현대까지 - 경주]. 혼자 즐기기 좋은 몰입감 있는 콘텐츠입니다.",https://www.ticketlink.co.kr/product/63999,family:0.8;couple:1.0;single:0.9;exhibition:1.0;티켓링크;전시;경북,2026-08-23 04:38:58,exhibition:1.0;quiet:0.8;indoor:0.9,4,90,🖼️ 조용히 몰입할 수 있는 전시 콘텐츠로 나 홀로 관람 최적
티켓링크,전시·미술관,2026 GHOST 페스티벌,2026-10-08 ~ 2026-10-10,성인 (개인 관람 적합),임진각 평화누리 임진각평화누리,"96,000원",티켓링크 실시간 인기 콘텐츠 [2026 GHOST 페스티벌]. 혼자 즐기기 좋은 몰입감 있는 콘텐츠입니다.,https://www.ticketlink.co.kr/product/64319,family:0.8;couple:1.0;single:0.9;exhibition:1.0;티켓링크;전시;경기,2026-08-23 04:38:58,exhibition:1.0;quiet:0.8;indoor:0.9,5,90,🖼️ 조용히 몰입할 수 있는 전시 콘텐츠로 나 홀로 관람 최적
티켓링크,콘서트·공연,우리가 노래하는 세상 - 청소년 합창 페스티벌 (대구),2026-09-18 ~ 2026-09-18,성인 (개인 관람 적합),수성아트피아 수성아트피아 대극장,"5,000원",티켓링크 실시간 인기 콘텐츠 [우리가 노래하는 세상 - 청소년 합창 페스티벌 (대구)]. 혼자 즐기기 좋은 몰입감 있는 콘텐츠입니다.,https://www.ticketlink.co.kr/product/64865,family:0.3;couple:1.0;single:0.9;티켓링크;공연;대구,2026-08-23 04:38:58,concert:1.0;immersive:0.9;indoor:0.7,4,90,🎵 몰입감 있는 공연으로 혼자 즐기기 좋은 라이브 콘텐츠
티켓링크,콘서트·공연,DSAC 아트 페스티벌 <2026 달서청년연극제>,2026-09-04 ~ 2026-09-11,성인 (개인 관람 적합),달서아트센터 달서아트센터 와룡홀,0원,티켓링크 실시간 인기 콘텐츠 [DSAC 아트 페스티벌 <2026 달서청년연극제>]. 혼자 즐기기 좋은 몰입감 있는 콘텐츠입니다.,https://www.ticketlink.co.kr/product/64850,family:0.3;couple:1.0;single:0.9;티켓링크;공연;대구,2026-08-23 04:38:58,concert:1.0;immersive:0.9;indoor:0.7,3,90,🎵 몰입감 있는 공연으로 혼자 즐기기 좋은 라이브 콘텐츠
티켓링크,전시·미술관,사운드 플래닛 페스티벌 2026,2026-09-04 ~ 2026-09-05,성인 (개인 관람 적합),인천 파라다이스시티 파라다이스시티,"118,800원",티켓링크 실시간 인기 콘텐츠 [사운드 플래닛 페스티벌 2026]. 혼자 즐기기 좋은 몰입감 있는 콘텐츠입니다.,https://www.ticketlink.co.kr/product/64420,family:0.8;couple:1.0;single:0.9;exhibition:1.0;티켓링크;전시;인천,2026-08-23 04:38:58,exhibition:1.0;quiet:0.8;indoor:0.9,3,90,🖼️ 조용히 몰입할 수 있는 전시 콘텐츠로 나 홀로 관람 최적
티켓링크,전시·미술관,사운드 플래닛 페스티벌 2026 <미드나잇 파티> - 인천,2026-09-04 ~ 2026-09-04,성인 (개인 관람 적합),파라다이스시티 클럽 크로마 파라다이스시티 클럽 크로마,"88,000원",티켓링크 실시간 인기 콘텐츠 [사운드 플래닛 페스티벌 2026 <미드나잇 파티> - 인천]. 혼자 즐기기 좋은 몰입감 있는 콘텐츠입니다.,https://www.ticketlink.co.kr/product/64985,family:0.8;couple:1.0;single:0.9;exhibition:1.0;티켓링크;전시;인천,2026-08-23 04:38:58,exhibition:1.0;quiet:0.8;indoor:0.9,4,90,🖼️ 조용히 몰입할 수 있는 전시 콘텐츠로 나 홀로 관람 최적
티켓링크,콘서트·공연,Sustainable Wave Festival 서스테이너블 웨이브 페스티벌,2026-08-28 ~ 2026-08-29,성인 (개인 관람 적합),인천 문학경기장 주경기장 인천 문학경기장 주경기장,"110,000원",티켓링크 실시간 인기 콘텐츠 [Sustainable Wave Festival 서스테이너블 웨이브 페스티벌]. 혼자 즐기기 좋은 몰입감 있는 콘텐츠입니다.,https://www.ticketlink.co.kr/product/63621,family:0.3;couple:1.0;single:0.9;티켓링크;공연;인천,2026-08-23 04:38:58,concert:1.0;immersive:0.9;indoor:0.7,4,90,🎵 몰입감 있는 공연으로 혼자 즐기기 좋은 라이브 콘텐츠
티켓링크,콘서트·공연,대구동성로공포연극 <스위치>,2026-07-08 ~ 2026-08-29,성인 (개인 관람 적합),대구문화예술전용극장 CT 대구문화예술전용극장 CT,"40,000원",티켓링크 실시간 인기 콘텐츠 [대구동성로공포연극 <스위치>]. 혼자 즐기기 좋은 몰입감 있는 콘텐츠입니다.,https://www.ticketlink.co.kr/product/63403,family:0.3;couple:1.0;single:0.9;티켓링크;공연;대구,2026-08-23 04:38:58,concert:1.0;immersive:0.9;indoor:0.7,3,90,🎵 몰입감 있는 공연으로 혼자 즐기기 좋은 라이브 콘텐츠
티켓링크,콘서트·공연,뮤지컬 <전설의 리틀 농구단> - 경주,2026-09-10 ~ 2026-09-10,성인 (개인 관람 적합),경주예술의전당 경주예술의전당 화랑홀,"15,000원 ~ 50,000원",티켓링크 실시간 인기 콘텐츠 [뮤지컬 <전설의 리틀 농구단> - 경주]. 혼자 즐기기 좋은 몰입감 있는 콘텐츠입니다.,https://www.ticketlink.co.kr/product/64842,family:0.3;couple:1.0;single:0.9;티켓링크;공연;경북,2026-08-23 04:38:58,concert:1.0;immersive:0.9;indoor:0.7,3,90,🎵 몰입감 있는 공연으로 혼자 즐기기 좋은 라이브 콘텐츠
티켓링크,전시·미술관,2026 경주 워터풀 페스티벌 - 스플래시존,2026-08-14 ~ 2026-08-22,성인 (개인 관람 적합),경주실내체육관 경주실내체육관,0원,티켓링크 실시간 인기 콘텐츠 [2026 경주 워터풀 페스티벌 - 스플래시존]. 혼자 즐기기 좋은 몰입감 있는 콘텐츠입니다.,https://www.ticketlink.co.kr/product/64508,family:0.8;couple:1.0;single:0.9;exhibition:1.0;티켓링크;전시;경북,2026-08-23 04:38:58,exhibition:1.0;quiet:0.8;indoor:0.9,5,90,🖼️ 조용히 몰입할 수 있는 전시 콘텐츠로 나 홀로 관람 최적
티켓링크,콘서트·공연,ZFN ORIGIN 05,2026-08-21 ~ 2026-08-21,성인 (개인 관람 적합),레이어스튜디오 11 레이어스튜디오 11,"59,000원 ~ 199,000원",티켓링크 실시간 인기 콘텐츠 [ZFN ORIGIN 05]. 혼자 즐기기 좋은 몰입감 있는 콘텐츠입니다.,https://www.ticketlink.co.kr/product/64634,family:0.3;couple:1.0;single:0.9;티켓링크;공연;서울,2026-08-23 04:38:58,concert:1.0;immersive:0.9;indoor:0.7,5,90,🎵 몰입감 있는 공연으로 혼자 즐기기 좋은 라이브 콘텐츠
티켓링크,콘서트·공연,2026 KEL 이터널 리턴 미드시즌컵,2026-07-31 ~ 2026-08-01,성인 (개인 관람 적합),광주 이스포츠 경기장 광주 이스포츠 경기장,"15,000원",티켓링크 실시간 인기 콘텐츠 [2026 KEL 이터널 리턴 미드시즌컵]. 혼자 즐기기 좋은 몰입감 있는 콘텐츠입니다.,https://www.ticketlink.co.kr/product/64495,family:0.3;couple:1.0;single:0.9;티켓링크;공연;광주,2026-08-23 04:38:58,concert:1.0;immersive:0.9;indoor:0.7,4,90,🎵 몰입감 있는 공연으로 혼자 즐기기 좋은 라이브 콘텐츠
티켓링크,콘서트·공연,2026 뉴캄옥션,2026-07-03 ~ 2026-07-03,성인 (개인 관람 적합),상암 콜로세움 상암 SOOP 콜로세움,"15,000원",티켓링크 실시간 인기 콘텐츠 [2026 뉴캄옥션]. 혼자 즐기기 좋은 몰입감 있는 콘텐츠입니다.,https://www.ticketlink.co.kr/product/64187,family:0.3;couple:1.0;single:0.9;티켓링크;공연;서울,2026-08-23 04:38:58,concert:1.0;immersive:0.9;indoor:0.7,5,90,🎵 몰입감 있는 공연으로 혼자 즐기기 좋은 라이브 콘텐츠
티켓링크,콘서트·공연,뮤지컬 <전설의 리틀 농구단> - 대구,2026-06-19 ~ 2026-06-19,성인 (개인 관람 적합),대구학생문화센터 대구학생문화센터 대공연장,"10,000원 ~ 20,000원",티켓링크 실시간 인기 콘텐츠 [뮤지컬 <전설의 리틀 농구단> - 대구]. 혼자 즐기기 좋은 몰입감 있는 콘텐츠입니다.,https://www.ticketlink.co.kr/product/63098,family:0.3;couple:1.0;single:0.9;티켓링크;공연;대구,2026-08-23 04:38:58,concert:1.0;immersive:0.9;indoor:0.7,4,90,🎵 몰입감 있는 공연으로 혼자 즐기기 좋은 라이브 콘텐츠
티켓링크,콘서트·공연,로블록스 X SOOP e스포츠 페스타,2025-12-20 ~ 2025-12-20,성인 (개인 관람 적합),상암 콜로세움 상암 SOOP 콜로세움,"5,000원 ~ 10,000원",티켓링크 실시간 인기 콘텐츠 [로블록스 X SOOP e스포츠 페스타]. 혼자 즐기기 좋은 몰입감 있는 콘텐츠입니다.,https://www.ticketlink.co.kr/product/60511,family:0.3;couple:1.0;single:0.9;티켓링크;공연;서울,2026-08-23 04:38:58,concert:1.0;immersive:0.9;indoor:0.7,4,90,🎵 몰입감 있는 공연으로 혼자 즐기기 좋은 라이브 콘텐츠
티켓링크,전시·미술관,블루 아카이브 4주년 페스티벌 (Blue Archive 4th anniversary Festival),2025-11-28 ~ 2025-11-29,성인 (개인 관람 적합),"일산 킨텍스 킨텍스 제1전시장 1홀,2홀","10,000원",티켓링크 실시간 인기 콘텐츠 [블루 아카이브 4주년 페스티벌 (Blue Archive 4th anniversary Festival)]. 혼자 즐기기 좋은 몰입감 있는 콘텐츠입니다.,https://www.ticketlink.co.kr/product/59504,family:0.8;couple:1.0;single:0.9;exhibition:1.0;티켓링크;전시;경기,2026-08-23 04:38:58,exhibition:1.0;quiet:0.8;indoor:0.9,3,90,🖼️ 조용히 몰입할 수 있는 전시 콘텐츠로 나 홀로 관람 최적
티켓링크,콘서트·공연,2025 SPOTLIGHT SERIES Pacific x GES ASIA,2025-10-29 ~ 2025-11-01,성인 (개인 관람 적합),광주 이스포츠 경기장 광주 이스포츠 경기장,"5,000원",티켓링크 실시간 인기 콘텐츠 [2025 SPOTLIGHT SERIES Pacific x GES ASIA]. 혼자 즐기기 좋은 몰입감 있는 콘텐츠입니다.,https://www.ticketlink.co.kr/product/59170,family:0.3;couple:1.0;single:0.9;티켓링크;공연;광주,2026-08-23 04:38:58,concert:1.0;immersive:0.9;indoor:0.7,3,90,🎵 몰입감 있는 공연으로 혼자 즐기기 좋은 라이브 콘텐츠
티켓링크,콘서트·공연,서울시국악관현악단 / 2026 대한민국국악관현악축제,2026-10-16 ~ 2026-10-16,성인 (개인 관람 적합),세종문화회관 세종문화회관 M씨어터,"10,000원",티켓링크 실시간 인기 콘텐츠 [서울시국악관현악단 / 2026 대한민국국악관현악축제]. 혼자 즐기기 좋은 몰입감 있는 콘텐츠입니다.,https://www.ticketlink.co.kr/product/64288,family:0.3;couple:1.0;single:0.9;티켓링크;공연;서울,2026-08-23 04:38:58,concert:1.0;immersive:0.9;indoor:0.7,5,90,🎵 몰입감 있는 공연으로 혼자 즐기기 좋은 라이브 콘텐츠
티켓링크,콘서트·공연,천안시충남국악관현악단 / 2026 대한민국국악관현악축제,2026-10-15 ~ 2026-10-15,성인 (개인 관람 적합),세종문화회관 세종문화회관 M씨어터,"10,000원",티켓링크 실시간 인기 콘텐츠 [천안시충남국악관현악단 / 2026 대한민국국악관현악축제]. 혼자 즐기기 좋은 몰입감 있는 콘텐츠입니다.,https://www.ticketlink.co.kr/product/64277,family:0.3;couple:1.0;single:0.9;티켓링크;공연;서울,2026-08-23 04:38:58,concert:1.0;immersive:0.9;indoor:0.7,3,90,🎵 몰입감 있는 공연으로 혼자 즐기기 좋은 라이브 콘텐츠
티켓링크,콘서트·공연,부산시립국악관현악단 / 2026 대한민국국악관현악축제,2026-10-14 ~ 2026-10-14,성인 (개인 관람 적합),세종문화회관 세종문화회관 M씨어터,"10,000원",티켓링크 실시간 인기 콘텐츠 [부산시립국악관현악단 / 2026 대한민국국악관현악축제]. 혼자 즐기기 좋은 몰입감 있는 콘텐츠입니다.,https://www.ticketlink.co.kr/product/64279,family:0.3;couple:1.0;single:0.9;티켓링크;공연;서울,2026-08-23 04:38:58,concert:1.0;immersive:0.9;indoor:0.7,4,90,🎵 몰입감 있는 공연으로 혼자 즐기기 좋은 라이브 콘텐츠
티켓링크,콘서트·공연,국립국악원창작악단 / 2026 대한민국국악관현악축제,2026-10-13 ~ 2026-10-13,성인 (개인 관람 적합),세종문화회관 세종문화회관 M씨어터,"10,000원",티켓링크 실시간 인기 콘텐츠 [국립국악원창작악단 / 2026 대한민국국악관현악축제]. 혼자 즐기기 좋은 몰입감 있는 콘텐츠입니다.,https://www.ticketlink.co.kr/product/64281,family:0.3;couple:1.0;single:0.9;티켓링크;공연;서울,2026-08-23 04:38:58,concert:1.0;immersive:0.9;indoor:0.7,4,90,🎵 몰입감 있는 공연으로 혼자 즐기기 좋은 라이브 콘텐츠
티켓링크,콘서트·공연,성남시립국악단 / 2026 대한민국국악관현악축제,2026-10-12 ~ 2026-10-12,성인 (개인 관람 적합),세종문화회관 세종문화회관 M씨어터,"10,000원",티켓링크 실시간 인기 콘텐츠 [성남시립국악단 / 2026 대한민국국악관현악축제]. 혼자 즐기기 좋은 몰입감 있는 콘텐츠입니다.,https://www.ticketlink.co.kr/product/64280,family:0.3;couple:1.0;single:0.9;티켓링크;공연;서울,2026-08-23 04:38:58,concert:1.0;immersive:0.9;indoor:0.7,3,90,🎵 몰입감 있는 공연으로 혼자 즐기기 좋은 라이브 콘텐츠
티켓링크,콘서트·공연,강원특별자치도립국악관현악단 / 2026 대한민국국악관현악축제,2026-10-10 ~ 2026-10-10,성인 (개인 관람 적합),세종문화회관 세종문화회관 M씨어터,"10,000원",티켓링크 실시간 인기 콘텐츠 [강원특별자치도립국악관현악단 / 2026 대한민국국악관현악축제]. 혼자 즐기기 좋은 몰입감 있는 콘텐츠입니다.,https://www.ticketlink.co.kr/product/64282,family:0.3;couple:1.0;single:0.9;티켓링크;공연;서울,2026-08-23 04:38:58,concert:1.0;immersive:0.9;indoor:0.7,3,90,🎵 몰입감 있는 공연으로 혼자 즐기기 좋은 라이브 콘텐츠
티켓링크,콘서트·공연,〈특별공연〉중앙국악관현악단 / 2026 대한민국국악관혁악축제,2026-10-09 ~ 2026-10-09,성인 (개인 관람 적합),세종문화회관 세종문화회관 M씨어터,"10,000원",티켓링크 실시간 인기 콘텐츠 [〈특별공연〉중앙국악관현악단 / 2026 대한민국국악관혁악축제]. 혼자 즐기기 좋은 몰입감 있는 콘텐츠입니다.,https://www.ticketlink.co.kr/product/64276,family:0.3;couple:1.0;single:0.9;티켓링크;공연;서울,2026-08-23 04:38:58,concert:1.0;immersive:0.9;indoor:0.7,5,90,🎵 몰입감 있는 공연으로 혼자 즐기기 좋은 라이브 콘텐츠
티켓링크,콘서트·공연,진주시립국악관현악단 / 2026 대한민국국악관현악축제,2026-10-08 ~ 2026-10-08,성인 (개인 관람 적합),세종문화회관 세종문화회관 M씨어터,"10,000원",티켓링크 실시간 인기 콘텐츠 [진주시립국악관현악단 / 2026 대한민국국악관현악축제]. 혼자 즐기기 좋은 몰입감 있는 콘텐츠입니다.,https://www.ticketlink.co.kr/product/64278,family:0.3;couple:1.0;single:0.9;티켓링크;공연;서울,2026-08-23 04:38:58,concert:1.0;immersive:0.9;indoor:0.7,5,90,🎵 몰입감 있는 공연으로 혼자 즐기기 좋은 라이브 콘텐츠
티켓링크,콘서트·공연,트리플 빌 〈올 포 한스 판 마넨〉,2026-11-18 ~ 2026-11-21,성인 (개인 관람 적합),세종문화회관 세종문화회관 M씨어터,"50,000원 ~ 70,000원",티켓링크 실시간 인기 콘텐츠 [트리플 빌 〈올 포 한스 판 마넨〉]. 혼자 즐기기 좋은 몰입감 있는 콘텐츠입니다.,https://www.ticketlink.co.kr/product/60473,family:0.3;couple:1.0;single:0.9;티켓링크;공연;서울,2026-08-23 04:38:58,concert:1.0;immersive:0.9;indoor:0.7,4,90,🎵 몰입감 있는 공연으로 혼자 즐기기 좋은 라이브 콘텐츠
티켓링크,콘서트·공연,국립현대무용단 <트리플 빌>,2026-10-13 ~ 2026-10-13,성인 (개인 관람 적합),예울마루 GS칼텍스 예울마루 대극장,"40,000원 ~ 60,000원",티켓링크 실시간 인기 콘텐츠 [국립현대무용단 <트리플 빌>]. 혼자 즐기기 좋은 몰입감 있는 콘텐츠입니다.,https://www.ticketlink.co.kr/product/64667,family:0.3;couple:1.0;single:0.9;티켓링크;공연;전남,2026-08-23 04:38:58,concert:1.0;immersive:0.9;indoor:0.7,3,90,🎵 몰입감 있는 공연으로 혼자 즐기기 좋은 라이브 콘텐츠
티켓링크,콘서트·공연,2026 제4회 무용비엔날레,2026-09-18 ~ 2026-09-18,성인 (개인 관람 적합),천마아트센터 천마아트센터 그랜드홀,"30,000원 ~ 66,000원",티켓링크 실시간 인기 콘텐츠 [2026 제4회 무용비엔날레]. 혼자 즐기기 좋은 몰입감 있는 콘텐츠입니다.,https://www.ticketlink.co.kr/product/65044,family:0.3;couple:1.0;single:0.9;티켓링크;공연;경북,2026-08-23 04:38:58,concert:1.0;immersive:0.9;indoor:0.7,3,90,🎵 몰입감 있는 공연으로 혼자 즐기기 좋은 라이브 콘텐츠
티켓링크,콘서트·공연,"유망예술가 발굴 프로젝트 무용 <두 개의 결, 하나의 무대>",2026-09-17 ~ 2026-09-17,성인 (개인 관람 적합),대구북구어울아트센터 어울아트센터 함지홀,"15,000원","티켓링크 실시간 인기 콘텐츠 [유망예술가 발굴 프로젝트 무용 <두 개의 결, 하나의 무대>]. 혼자 즐기기 좋은 몰입감 있는 콘텐츠입니다.",https://www.ticketlink.co.kr/product/64717,family:0.3;couple:1.0;single:0.9;티켓링크;공연;대구,2026-08-23 04:38:58,concert:1.0;immersive:0.9;indoor:0.7,5,90,🎵 몰입감 있는 공연으로 혼자 즐기기 좋은 라이브 콘텐츠
티켓링크,콘서트·공연,안다미로아트컴퍼니 현대무용 <문> - 경산,2026-09-12 ~ 2026-09-12,성인 (개인 관람 적합),경산시민회관 경산시민회관 대공연장,"10,000원",티켓링크 실시간 인기 콘텐츠 [안다미로아트컴퍼니 현대무용 <문> - 경산]. 혼자 즐기기 좋은 몰입감 있는 콘텐츠입니다.,https://www.ticketlink.co.kr/product/64943,family:0.3;couple:1.0;single:0.9;티켓링크;공연;경북,2026-08-23 04:38:58,concert:1.0;immersive:0.9;indoor:0.7,5,90,🎵 몰입감 있는 공연으로 혼자 즐기기 좋은 라이브 콘텐츠
티켓링크,콘서트·공연,2026 남구청년예술제 - 대구,2026-09-09 ~ 2026-09-10,성인 (개인 관람 적합),대덕문화전당 대덕문화전당 드림홀,0원,티켓링크 실시간 인기 콘텐츠 [2026 남구청년예술제 - 대구]. 혼자 즐기기 좋은 몰입감 있는 콘텐츠입니다.,https://www.ticketlink.co.kr/product/65029,family:0.3;couple:1.0;single:0.9;티켓링크;공연;대구,2026-08-23 04:38:58,concert:1.0;immersive:0.9;indoor:0.7,5,90,🎵 몰입감 있는 공연으로 혼자 즐기기 좋은 라이브 콘텐츠
티켓링크,콘서트·공연,최재형고려인민족학교 아리랑예술단 포항초청공연 연해주 아리랑,2026-09-10 ~ 2026-09-10,성인 (개인 관람 적합),포항시청 문화동 대잠홀 포항시청 대잠홀,0원,티켓링크 실시간 인기 콘텐츠 [최재형고려인민족학교 아리랑예술단 포항초청공연 연해주 아리랑]. 혼자 즐기기 좋은 몰입감 있는 콘텐츠입니다.,https://www.ticketlink.co.kr/product/64828,family:0.3;couple:1.0;single:0.9;티켓링크;공연;경북,2026-08-23 04:38:58,concert:1.0;immersive:0.9;indoor:0.7,4,90,🎵 몰입감 있는 공연으로 혼자 즐기기 좋은 라이브 콘텐츠
티켓링크,콘서트·공연,"아트컴퍼니 그루의 <소리의 결, 울림> - 대구",2026-09-10 ~ 2026-09-10,성인 (개인 관람 적합),아양아트센터 대구 아양아트센터 아양홀,0원,"티켓링크 실시간 인기 콘텐츠 [아트컴퍼니 그루의 <소리의 결, 울림> - 대구]. 혼자 즐기기 좋은 몰입감 있는 콘텐츠입니다.",https://www.ticketlink.co.kr/product/64692,family:0.3;couple:1.0;single:0.9;티켓링크;공연;대구,2026-08-23 04:38:58,concert:1.0;immersive:0.9;indoor:0.7,3,90,🎵 몰입감 있는 공연으로 혼자 즐기기 좋은 라이브 콘텐츠
티켓링크,콘서트·공연,연극 사랑해엄마 (울산),2026-12-18 ~ 2026-12-19,성인 (개인 관람 적합),울산문화예술회관 울산문화예술회관 대공연장,"55,000원 ~ 66,000원",티켓링크 실시간 인기 콘텐츠 [연극 사랑해엄마 (울산)]. 혼자 즐기기 좋은 몰입감 있는 콘텐츠입니다.,https://www.ticketlink.co.kr/product/63163,family:0.3;couple:1.0;single:0.9;티켓링크;공연;울산,2026-08-23 04:38:58,concert:1.0;immersive:0.9;indoor:0.7,5,90,🎵 몰입감 있는 공연으로 혼자 즐기기 좋은 라이브 콘텐츠
티켓링크,전시·미술관,경복궁 인문학산책,2025-06-30 ~ 2026-12-30,성인 (개인 관람 적합),경복궁 경복궁,"19,900원",티켓링크 실시간 인기 콘텐츠 [경복궁 인문학산책]. 혼자 즐기기 좋은 몰입감 있는 콘텐츠입니다.,https://www.ticketlink.co.kr/product/57083,family:0.8;couple:1.0;single:0.9;exhibition:1.0;티켓링크;전시;서울,2026-08-23 04:38:58,exhibition:1.0;quiet:0.8;indoor:0.9,5,90,🖼️ 조용히 몰입할 수 있는 전시 콘텐츠로 나 홀로 관람 최적
티켓링크,전시·미술관,국립고궁박물관 인문학산책,2025-06-30 ~ 2026-12-30,성인 (개인 관람 적합),국립고궁박물관 국립고궁박물관,"19,900원",티켓링크 실시간 인기 콘텐츠 [국립고궁박물관 인문학산책]. 혼자 즐기기 좋은 몰입감 있는 콘텐츠입니다.,https://www.ticketlink.co.kr/product/57082,family:0.8;couple:1.0;single:0.9;exhibition:1.0;티켓링크;전시;서울,2026-08-23 04:38:58,exhibition:1.0;quiet:0.8;indoor:0.9,5,90,🖼️ 조용히 몰입할 수 있는 전시 콘텐츠로 나 홀로 관람 최적
티켓링크,전시·미술관,약선음식체험 원데이 클래스,2026-01-23 ~ 2026-12-04,성인 (개인 관람 적합),서울한방진흥센터 서울한방진흥센터 3층 약선음식체험관,"15,000원",티켓링크 실시간 인기 콘텐츠 [약선음식체험 원데이 클래스]. 혼자 즐기기 좋은 몰입감 있는 콘텐츠입니다.,https://www.ticketlink.co.kr/product/60991,family:0.8;couple:1.0;single:0.9;exhibition:1.0;티켓링크;전시;서울,2026-08-23 04:38:58,exhibition:1.0;quiet:0.8;indoor:0.9,4,90,🖼️ 조용히 몰입할 수 있는 전시 콘텐츠로 나 홀로 관람 최적
티켓링크,콘서트·공연,스테이지엠 크리스마스 영화음악 & 캐롤 콘서트 2026 - 수원,2026-12-12 ~ 2026-12-12,성인 (개인 관람 적합),경기아트센터 경기아트센터 소극장,"40,000원",티켓링크 실시간 인기 콘텐츠 [스테이지엠 크리스마스 영화음악 & 캐롤 콘서트 2026 - 수원]. 혼자 즐기기 좋은 몰입감 있는 콘텐츠입니다.,https://www.ticketlink.co.kr/product/64750,family:0.3;couple:1.0;single:0.9;티켓링크;공연;경기,2026-08-23 04:38:58,concert:1.0;immersive:0.9;indoor:0.7,3,90,🎵 몰입감 있는 공연으로 혼자 즐기기 좋은 라이브 콘텐츠
티켓링크,콘서트·공연,지브리와 사랑에 빠지다 : 지브리 영화음악 콘서트 2026 - 의정부 앙코르,2026-12-04 ~ 2026-12-04,성인 (개인 관람 적합),의정부 예술의전당 의정부예술의전당 소극장,"40,000원",티켓링크 실시간 인기 콘텐츠 [지브리와 사랑에 빠지다 : 지브리 영화음악 콘서트 2026 - 의정부 앙코르]. 혼자 즐기기 좋은 몰입감 있는 콘텐츠입니다.,https://www.ticketlink.co.kr/product/64062,family:0.3;couple:1.0;single:0.9;티켓링크;공연;경기,2026-08-23 04:38:58,concert:1.0;immersive:0.9;indoor:0.7,5,90,🎵 몰입감 있는 공연으로 혼자 즐기기 좋은 라이브 콘텐츠
티켓링크,콘서트·공연,최현우 19+I - 수원,2026-11-20 ~ 2026-11-21,성인 (개인 관람 적합),경기아트센터 경기아트센터 대극장,"77,000원 ~ 99,000원",티켓링크 실시간 인기 콘텐츠 [최현우 19+I - 수원]. 혼자 즐기기 좋은 몰입감 있는 콘텐츠입니다.,https://www.ticketlink.co.kr/product/63238,family:0.3;couple:1.0;single:0.9;티켓링크;공연;경기,2026-08-23 04:38:58,concert:1.0;immersive:0.9;indoor:0.7,5,90,🎵 몰입감 있는 공연으로 혼자 즐기기 좋은 라이브 콘텐츠
티켓링크,전시·미술관,"경기전 금요 야간 상설 프로그램, 별빛누빔 (전주)",2026-06-18 ~ 2026-11-05,성인 (개인 관람 적합),전주한옥마을 경기전 전주한옥마을 경기전 내,"10,000원","티켓링크 실시간 인기 콘텐츠 [경기전 금요 야간 상설 프로그램, 별빛누빔 (전주)]. 혼자 즐기기 좋은 몰입감 있는 콘텐츠입니다.",https://www.ticketlink.co.kr/product/63656,family:0.8;couple:1.0;single:0.9;exhibition:1.0;티켓링크;전시;전북,2026-08-23 04:38:58,exhibition:1.0;quiet:0.8;indoor:0.9,4,90,🖼️ 조용히 몰입할 수 있는 전시 콘텐츠로 나 홀로 관람 최적
티켓링크,전시·미술관,2026 경기도자비엔날레,2026-09-17 ~ 2026-10-31,성인 (개인 관람 적합),"이천 경기도자 미술관, 여주 경기생활도자 미술관, 광주 경기도자 박물관 [이천]이천경기도자미술관, [여주]여주경기생활도자미술관, [광주]광주경기도자박물관","1,500원",티켓링크 실시간 인기 콘텐츠 [2026 경기도자비엔날레]. 혼자 즐기기 좋은 몰입감 있는 콘텐츠입니다.,https://www.ticketlink.co.kr/product/63487,family:0.8;couple:1.0;single:0.9;exhibition:1.0;티켓링크;전시;경기,2026-08-23 04:38:58,exhibition:1.0;quiet:0.8;indoor:0.9,4,90,🖼️ 조용히 몰입할 수 있는 전시 콘텐츠로 나 홀로 관람 최적
티켓링크,콘서트·공연,2026 동물뮤지컬 <정글북> - 인천,2026-12-24 ~ 2026-12-25,성인 (개인 관람 적합),인천서구문화회관 인천서구문화회관 대공연장,"55,000원",티켓링크 실시간 인기 콘텐츠 [2026 동물뮤지컬 <정글북> - 인천]. 혼자 즐기기 좋은 몰입감 있는 콘텐츠입니다.,https://www.ticketlink.co.kr/product/64765,family:0.3;couple:1.0;single:0.9;티켓링크;공연;인천,2026-08-23 04:38:58,concert:1.0;immersive:0.9;indoor:0.7,3,90,🎵 몰입감 있는 공연으로 혼자 즐기기 좋은 라이브 콘텐츠
티켓링크,콘서트·공연,뮤지컬 <팬레터> - 인천,2026-11-20 ~ 2026-11-21,성인 (개인 관람 적합),인천문화예술회관 인천문화예술회관 대공연장,"66,000원 ~ 110,000원",티켓링크 실시간 인기 콘텐츠 [뮤지컬 <팬레터> - 인천]. 혼자 즐기기 좋은 몰입감 있는 콘텐츠입니다.,https://www.ticketlink.co.kr/product/64942,family:0.3;couple:1.0;single:0.9;티켓링크;공연;인천,2026-08-23 04:38:58,concert:1.0;immersive:0.9;indoor:0.7,5,90,🎵 몰입감 있는 공연으로 혼자 즐기기 좋은 라이브 콘텐츠
티켓링크,콘서트·공연,연극 <덧칠>,2026-09-16 ~ 2026-09-18,성인 (개인 관람 적합),인천수봉문화회관 인천수봉문화회관 소공연장,"20,000원",티켓링크 실시간 인기 콘텐츠 [연극 <덧칠>]. 혼자 즐기기 좋은 몰입감 있는 콘텐츠입니다.,https://www.ticketlink.co.kr/product/64993,family:0.3;couple:1.0;single:0.9;티켓링크;공연;인천,2026-08-23 04:38:58,concert:1.0;immersive:0.9;indoor:0.7,4,90,🎵 몰입감 있는 공연으로 혼자 즐기기 좋은 라이브 콘텐츠
티켓링크,콘서트·공연,연극 사랑해엄마 (인천),2026-09-04 ~ 2026-09-05,성인 (개인 관람 적합),인천문화예술회관 인천문화예술회관 대공연장,"55,000원 ~ 66,000원",티켓링크 실시간 인기 콘텐츠 [연극 사랑해엄마 (인천)]. 혼자 즐기기 좋은 몰입감 있는 콘텐츠입니다.,https://www.ticketlink.co.kr/product/63167,family:0.3;couple:1.0;single:0.9;티켓링크;공연;인천,2026-08-23 04:38:58,concert:1.0;immersive:0.9;indoor:0.7,5,90,🎵 몰입감 있는 공연으로 혼자 즐기기 좋은 라이브 콘텐츠
티켓링크,콘서트·공연,누가 내 머리에 똥 쌌어 - 부산 낙동,2026-11-07 ~ 2026-11-07,성인 (개인 관람 적합),부산 낙동아트센터 부산 낙동아트센터 앙상블극장,"50,000원",티켓링크 실시간 인기 콘텐츠 [누가 내 머리에 똥 쌌어 - 부산 낙동]. 혼자 즐기기 좋은 몰입감 있는 콘텐츠입니다.,https://www.ticketlink.co.kr/product/64194,family:0.3;couple:1.0;single:0.9;티켓링크;공연;부산,2026-08-23 04:38:58,concert:1.0;immersive:0.9;indoor:0.7,4,90,🎵 몰입감 있는 공연으로 혼자 즐기기 좋은 라이브 콘텐츠
티켓링크,콘서트·공연,2025-26 김창옥 토크콘서트 시즌 5 - 부산,2026-10-31 ~ 2026-10-31,성인 (개인 관람 적합),소향씨어터 소향씨어터 우리은행홀,"66,000원 ~ 88,000원",티켓링크 실시간 인기 콘텐츠 [2025-26 김창옥 토크콘서트 시즌 5 - 부산]. 혼자 즐기기 좋은 몰입감 있는 콘텐츠입니다.,https://www.ticketlink.co.kr/product/64476,family:0.3;couple:1.0;single:0.9;티켓링크;공연;부산,2026-08-23 04:38:58,concert:1.0;immersive:0.9;indoor:0.7,5,90,🎵 몰입감 있는 공연으로 혼자 즐기기 좋은 라이브 콘텐츠
티켓링크,콘서트·공연,2026 변진섭 전국투어 콘서트 : 변천사 시즌 2.5 : 시간여행 - 여수,2026-11-14 ~ 2026-11-14,성인 (개인 관람 적합),여수시민회관 여수시민회관,"99,000원 ~ 132,000원",티켓링크 실시간 인기 콘텐츠 [2026 변진섭 전국투어 콘서트 : 변천사 시즌 2.5 : 시간여행 - 여수]. 혼자 즐기기 좋은 몰입감 있는 콘텐츠입니다.,https://www.ticketlink.co.kr/product/64703,family:0.3;couple:1.0;single:0.9;티켓링크;공연;전남,2026-08-23 04:38:58,concert:1.0;immersive:0.9;indoor:0.7,4,90,🎵 몰입감 있는 공연으로 혼자 즐기기 좋은 라이브 콘텐츠
티켓링크,전시·미술관,나의 첫사랑 레시피 - 대전,2026-09-30 ~ 2026-11-28,성인 (개인 관람 적합),이수아트홀 이수아트홀,"50,000원",티켓링크 실시간 인기 콘텐츠 [나의 첫사랑 레시피 - 대전]. 혼자 즐기기 좋은 몰입감 있는 콘텐츠입니다.,https://www.ticketlink.co.kr/product/64760,family:0.8;couple:1.0;single:0.9;exhibition:1.0;티켓링크;전시;대전,2026-08-23 04:38:58,exhibition:1.0;quiet:0.8;indoor:0.9,4,90,🖼️ 조용히 몰입할 수 있는 전시 콘텐츠로 나 홀로 관람 최적
티켓링크,콘서트·공연,2026 뮤지컬 <숲속 100층짜리 집> - 대전,2026-10-30 ~ 2026-10-31,성인 (개인 관람 적합),대전 우송예술회관 대전 우송예술회관,"70,000원",티켓링크 실시간 인기 콘텐츠 [2026 뮤지컬 <숲속 100층짜리 집> - 대전]. 혼자 즐기기 좋은 몰입감 있는 콘텐츠입니다.,https://www.ticketlink.co.kr/product/64557,family:0.3;couple:1.0;single:0.9;티켓링크;공연;대전,2026-08-23 04:38:58,concert:1.0;immersive:0.9;indoor:0.7,4,90,🎵 몰입감 있는 공연으로 혼자 즐기기 좋은 라이브 콘텐츠
티켓링크,전시·미술관,연극 <염쟁이유씨>- 대전공연,2026-10-01 ~ 2026-10-31,성인 (개인 관람 적합),아신극장 2관 아신극장 2관,"40,000원",티켓링크 실시간 인기 콘텐츠 [연극 <염쟁이유씨>- 대전공연]. 혼자 즐기기 좋은 몰입감 있는 콘텐츠입니다.,https://www.ticketlink.co.kr/product/63934,family:0.8;couple:1.0;single:0.9;exhibition:1.0;티켓링크;전시;대전,2026-08-23 04:38:58,exhibition:1.0;quiet:0.8;indoor:0.9,5,90,🖼️ 조용히 몰입할 수 있는 전시 콘텐츠로 나 홀로 관람 최적
티켓링크,전시·미술관,연극 <죽여주는 이야기>- 대전공연,2026-09-03 ~ 2026-10-24,성인 (개인 관람 적합),런던스테이지 런던스테이지,"40,000원",티켓링크 실시간 인기 콘텐츠 [연극 <죽여주는 이야기>- 대전공연]. 혼자 즐기기 좋은 몰입감 있는 콘텐츠입니다.,https://www.ticketlink.co.kr/product/64912,family:0.8;couple:1.0;single:0.9;exhibition:1.0;티켓링크;전시;대전,2026-08-23 04:38:58,exhibition:1.0;quiet:0.8;indoor:0.9,5,90,🖼️ 조용히 몰입할 수 있는 전시 콘텐츠로 나 홀로 관람 최적
티켓링크,콘서트·공연,이상준쇼 45 - 울산,2026-11-20 ~ 2026-11-20,성인 (개인 관람 적합),HD아트센터 HD아트센터 대공연장,"45,000원",티켓링크 실시간 인기 콘텐츠 [이상준쇼 45 - 울산]. 혼자 즐기기 좋은 몰입감 있는 콘텐츠입니다.,https://www.ticketlink.co.kr/product/64242,family:0.3;couple:1.0;single:0.9;티켓링크;공연;울산,2026-08-23 04:38:58,concert:1.0;immersive:0.9;indoor:0.7,3,90,🎵 몰입감 있는 공연으로 혼자 즐기기 좋은 라이브 콘텐츠
티켓링크,콘서트·공연,뮤지컬 <팬레터> - 울산,2026-10-28 ~ 2026-10-30,성인 (개인 관람 적합),HD아트센터 HD아트센터 대공연장,"66,000원 ~ 110,000원",티켓링크 실시간 인기 콘텐츠 [뮤지컬 <팬레터> - 울산]. 혼자 즐기기 좋은 몰입감 있는 콘텐츠입니다.,https://www.ticketlink.co.kr/product/64911,family:0.3;couple:1.0;single:0.9;티켓링크;공연;울산,2026-08-23 04:38:58,concert:1.0;immersive:0.9;indoor:0.7,3,90,🎵 몰입감 있는 공연으로 혼자 즐기기 좋은 라이브 콘텐츠
티켓링크,콘서트·공연,2026 김동하 Stand-up Comedy Tour< Life Goes On >-울산,2026-10-16 ~ 2026-10-16,성인 (개인 관람 적합),HD아트센터 HD아트센터 대공연장,"66,000원 ~ 77,000원",티켓링크 실시간 인기 콘텐츠 [2026 김동하 Stand-up Comedy Tour< Life Goes On >-울산]. 혼자 즐기기 좋은 몰입감 있는 콘텐츠입니다.,https://www.ticketlink.co.kr/product/64672,family:0.3;couple:1.0;single:0.9;티켓링크;공연;울산,2026-08-23 04:38:58,concert:1.0;immersive:0.9;indoor:0.7,3,90,🎵 몰입감 있는 공연으로 혼자 즐기기 좋은 라이브 콘텐츠
티켓링크,전시·미술관,가장 완벽한 환영 THE MOST PERFECT ILLUSION - 울산,2026-07-01 ~ 2026-10-04,성인 (개인 관람 적합),울산시립미술관 울산시립미술관,"8,000원",티켓링크 실시간 인기 콘텐츠 [가장 완벽한 환영 THE MOST PERFECT ILLUSION - 울산]. 혼자 즐기기 좋은 몰입감 있는 콘텐츠입니다.,https://www.ticketlink.co.kr/product/63340,family:0.8;couple:1.0;single:0.9;exhibition:1.0;티켓링크;전시;울산,2026-08-23 04:38:58,exhibition:1.0;quiet:0.8;indoor:0.9,3,90,🖼️ 조용히 몰입할 수 있는 전시 콘텐츠로 나 홀로 관람 최적
티켓링크,콘서트·공연,뮤지컬 <6시 퇴근> - 울산,2026-09-17 ~ 2026-09-18,성인 (개인 관람 적합),HD아트센터 HD아트센터 대공연장,"40,000원 ~ 66,000원",티켓링크 실시간 인기 콘텐츠 [뮤지컬 <6시 퇴근> - 울산]. 혼자 즐기기 좋은 몰입감 있는 콘텐츠입니다.,https://www.ticketlink.co.kr/product/64553,family:0.3;couple:1.0;single:0.9;티켓링크;공연;울산,2026-08-23 04:38:58,concert:1.0;immersive:0.9;indoor:0.7,5,90,🎵 몰입감 있는 공연으로 혼자 즐기기 좋은 라이브 콘텐츠
티켓링크,콘서트·공연,오페라 갈라,2026-12-11 ~ 2026-12-11,성인 (개인 관람 적합),세종문화회관 세종문화회관 대극장,"30,000원 ~ 120,000원",티켓링크 실시간 인기 콘텐츠 [오페라 갈라]. 혼자 즐기기 좋은 몰입감 있는 콘텐츠입니다.,https://www.ticketlink.co.kr/product/60492,family:0.3;couple:1.0;single:0.9;티켓링크;공연;서울,2026-08-23 04:38:58,concert:1.0;immersive:0.9;indoor:0.7,4,90,🎵 몰입감 있는 공연으로 혼자 즐기기 좋은 라이브 콘텐츠
티켓링크,콘서트·공연,송년 음악회,2026-12-09 ~ 2026-12-09,성인 (개인 관람 적합),세종문화회관 세종문화회관 대극장,"30,000원 ~ 50,000원",티켓링크 실시간 인기 콘텐츠 [송년 음악회]. 혼자 즐기기 좋은 몰입감 있는 콘텐츠입니다.,https://www.ticketlink.co.kr/product/60497,family:0.3;couple:1.0;single:0.9;티켓링크;공연;서울,2026-08-23 04:38:58,concert:1.0;immersive:0.9;indoor:0.7,3,90,🎵 몰입감 있는 공연으로 혼자 즐기기 좋은 라이브 콘텐츠
티켓링크,콘서트·공연,라보엠,2026-11-04 ~ 2026-11-07,성인 (개인 관람 적합),세종문화회관 세종문화회관 대극장,"50,000원 ~ 150,000원",티켓링크 실시간 인기 콘텐츠 [라보엠]. 혼자 즐기기 좋은 몰입감 있는 콘텐츠입니다.,https://www.ticketlink.co.kr/product/60504,family:0.3;couple:1.0;single:0.9;티켓링크;공연;서울,2026-08-23 04:38:58,concert:1.0;immersive:0.9;indoor:0.7,4,90,🎵 몰입감 있는 공연으로 혼자 즐기기 좋은 라이브 콘텐츠
티켓링크,콘서트·공연,이상준쇼 45 - 강릉,2026-11-27 ~ 2026-11-27,성인 (개인 관람 적합),강원대학교 강릉캠퍼스 해람문화관 강원대학교 강릉캠퍼스 해람문화관,"45,000원",티켓링크 실시간 인기 콘텐츠 [이상준쇼 45 - 강릉]. 혼자 즐기기 좋은 몰입감 있는 콘텐츠입니다.,https://www.ticketlink.co.kr/product/64243,family:0.3;couple:1.0;single:0.9;티켓링크;공연;강원,2026-08-23 04:38:58,concert:1.0;immersive:0.9;indoor:0.7,4,90,🎵 몰입감 있는 공연으로 혼자 즐기기 좋은 라이브 콘텐츠
티켓링크,콘서트·공연,2026 김장훈 전국투어 콘서트 : 원맨쇼 - 강릉,2026-10-30 ~ 2026-10-30,성인 (개인 관람 적합),강원대학교 강릉캠퍼스 해람문화관 강원대학교 강릉캠퍼스 해람문화관,"55,000원 ~ 77,000원",티켓링크 실시간 인기 콘텐츠 [2026 김장훈 전국투어 콘서트 : 원맨쇼 - 강릉]. 혼자 즐기기 좋은 몰입감 있는 콘텐츠입니다.,https://www.ticketlink.co.kr/product/63946,family:0.3;couple:1.0;single:0.9;티켓링크;공연;강원,2026-08-23 04:38:58,concert:1.0;immersive:0.9;indoor:0.7,4,90,🎵 몰입감 있는 공연으로 혼자 즐기기 좋은 라이브 콘텐츠
티켓링크,콘서트·공연,"뮤지컬 멜로우TV < Run it up, 팀나빠 > - 강릉",2026-09-18 ~ 2026-09-18,성인 (개인 관람 적합),강원대학교 강릉캠퍼스 해람문화관 강원대학교 강릉캠퍼스 해람문화관,"70,000원","티켓링크 실시간 인기 콘텐츠 [뮤지컬 멜로우TV < Run it up, 팀나빠 > - 강릉]. 혼자 즐기기 좋은 몰입감 있는 콘텐츠입니다.",https://www.ticketlink.co.kr/product/64198,family:0.3;couple:1.0;single:0.9;티켓링크;공연;강원,2026-08-23 04:38:58,concert:1.0;immersive:0.9;indoor:0.7,4,90,🎵 몰입감 있는 공연으로 혼자 즐기기 좋은 라이브 콘텐츠
티켓링크,전시·미술관,연극 <딜레마>,2026-09-01 ~ 2026-09-05,성인 (개인 관람 적합),창덕궁소극장 창덕궁소극장,"40,000원",티켓링크 실시간 인기 콘텐츠 [연극 <딜레마>]. 혼자 즐기기 좋은 몰입감 있는 콘텐츠입니다.,https://www.ticketlink.co.kr/product/65028,family:0.8;couple:1.0;single:0.9;exhibition:1.0;티켓링크;전시;서울,2026-08-23 04:38:58,exhibition:1.0;quiet:0.8;indoor:0.9,3,90,🖼️ 조용히 몰입할 수 있는 전시 콘텐츠로 나 홀로 관람 최적
티켓링크,콘서트·공연,<미스트롯4> 전국투어 콘서트 - 춘천,2026-09-04 ~ 2026-09-04,성인 (개인 관람 적합),백령아트센터 강원대학교 백령아트센터,"132,000원 ~ 154,000원",티켓링크 실시간 인기 콘텐츠 [<미스트롯4> 전국투어 콘서트 - 춘천]. 혼자 즐기기 좋은 몰입감 있는 콘텐츠입니다.,https://www.ticketlink.co.kr/product/64941,family:0.3;couple:1.0;single:0.9;티켓링크;공연;강원,2026-08-23 04:38:58,concert:1.0;immersive:0.9;indoor:0.7,3,90,🎵 몰입감 있는 공연으로 혼자 즐기기 좋은 라이브 콘텐츠
티켓링크,콘서트·공연,강원특별자치도립국악관현악단 기획공연 - 춘천,2026-09-02 ~ 2026-09-02,성인 (개인 관람 적합),백령아트센터 백령아트센터,0원,티켓링크 실시간 인기 콘텐츠 [강원특별자치도립국악관현악단 기획공연 - 춘천]. 혼자 즐기기 좋은 몰입감 있는 콘텐츠입니다.,https://www.ticketlink.co.kr/product/65050,family:0.3;couple:1.0;single:0.9;티켓링크;공연;강원,2026-08-23 04:38:58,concert:1.0;immersive:0.9;indoor:0.7,5,90,🎵 몰입감 있는 공연으로 혼자 즐기기 좋은 라이브 콘텐츠
티켓링크,콘서트·공연,[데뷔 60주년 기념공연] 2026 남진 전국투어 콘서트 - 음성,2026-11-07 ~ 2026-11-07,성인 (개인 관람 적합),음성문화예술회관 음성문화예술회관 대공연장,"121,000원 ~ 132,000원",티켓링크 실시간 인기 콘텐츠 [[데뷔 60주년 기념공연] 2026 남진 전국투어 콘서트 - 음성]. 혼자 즐기기 좋은 몰입감 있는 콘텐츠입니다.,https://www.ticketlink.co.kr/product/64244,family:0.3;couple:1.0;single:0.9;티켓링크;공연;충북,2026-08-23 04:38:58,concert:1.0;immersive:0.9;indoor:0.7,3,90,🎵 몰입감 있는 공연으로 혼자 즐기기 좋은 라이브 콘텐츠
티켓링크,콘서트·공연,겨울이야기 - 충북혁신도시,2026-10-16 ~ 2026-10-16,성인 (개인 관람 적합),충북혁신도시 복합혁신센터 공연장 충북혁신도시 복합혁신센터 공연장,"50,000원",티켓링크 실시간 인기 콘텐츠 [겨울이야기 - 충북혁신도시]. 혼자 즐기기 좋은 몰입감 있는 콘텐츠입니다.,https://www.ticketlink.co.kr/product/64971,family:0.3;couple:1.0;single:0.9;티켓링크;공연;충북,2026-08-23 04:38:58,concert:1.0;immersive:0.9;indoor:0.7,4,90,🎵 몰입감 있는 공연으로 혼자 즐기기 좋은 라이브 콘텐츠
티켓링크,전시·미술관,미피와 마법 우체통 in 오송,2026-05-06 ~ 2026-08-22,성인 (개인 관람 적합),충북갤러리 청주오스코관 충북갤러리 청주오스코관,"15,000원",티켓링크 실시간 인기 콘텐츠 [미피와 마법 우체통 in 오송]. 혼자 즐기기 좋은 몰입감 있는 콘텐츠입니다.,https://www.ticketlink.co.kr/product/62628,family:0.8;couple:1.0;single:0.9;exhibition:1.0;티켓링크;전시;충북,2026-08-23 04:38:58,exhibition:1.0;quiet:0.8;indoor:0.9,4,90,🖼️ 조용히 몰입할 수 있는 전시 콘텐츠로 나 홀로 관람 최적
티켓링크,콘서트·공연,우리가 사랑한 시네마 뮤직 콘서트 2026 - 충주,2026-08-07 ~ 2026-08-07,성인 (개인 관람 적합),충주 호암예술관 충주 호암예술관,"40,000원",티켓링크 실시간 인기 콘텐츠 [우리가 사랑한 시네마 뮤직 콘서트 2026 - 충주]. 혼자 즐기기 좋은 몰입감 있는 콘텐츠입니다.,https://www.ticketlink.co.kr/product/63482,family:0.3;couple:1.0;single:0.9;티켓링크;공연;충북,2026-08-23 04:38:58,concert:1.0;immersive:0.9;indoor:0.7,4,90,🎵 몰입감 있는 공연으로 혼자 즐기기 좋은 라이브 콘텐츠
티켓링크,콘서트·공연,지브리와 사랑에 빠지다 : 지브리 영화음악 콘서트 2026 - 청주,2026-07-18 ~ 2026-07-18,성인 (개인 관람 적합),청주아트홀 청주아트홀,"40,000원",티켓링크 실시간 인기 콘텐츠 [지브리와 사랑에 빠지다 : 지브리 영화음악 콘서트 2026 - 청주]. 혼자 즐기기 좋은 몰입감 있는 콘텐츠입니다.,https://www.ticketlink.co.kr/product/63248,family:0.3;couple:1.0;single:0.9;티켓링크;공연;충북,2026-08-23 04:38:58,concert:1.0;immersive:0.9;indoor:0.7,4,90,🎵 몰입감 있는 공연으로 혼자 즐기기 좋은 라이브 콘텐츠
티켓링크,전시·미술관,[얼리버드50%] 미피와 마법 우체통 in 오송,2026-05-06 ~ 2026-06-11,성인 (개인 관람 적합),충북갤러리 청주오스코관 충북갤러리 청주오스코관,"6,000원",티켓링크 실시간 인기 콘텐츠 [[얼리버드50%] 미피와 마법 우체통 in 오송]. 혼자 즐기기 좋은 몰입감 있는 콘텐츠입니다.,https://www.ticketlink.co.kr/product/62627,family:0.8;couple:1.0;single:0.9;exhibition:1.0;티켓링크;전시;충북,2026-08-23 04:38:58,exhibition:1.0;quiet:0.8;indoor:0.9,3,90,🖼️ 조용히 몰입할 수 있는 전시 콘텐츠로 나 홀로 관람 최적
티켓링크,콘서트·공연,최현우 19+I - 대전,2026-10-16 ~ 2026-10-17,성인 (개인 관람 적합),충남대학교 정심화홀 충남대학교 정심화홀,"99,000원",티켓링크 실시간 인기 콘텐츠 [최현우 19+I - 대전]. 혼자 즐기기 좋은 몰입감 있는 콘텐츠입니다.,https://www.ticketlink.co.kr/product/64101,family:0.3;couple:1.0;single:0.9;티켓링크;공연;대전,2026-08-23 04:38:58,concert:1.0;immersive:0.9;indoor:0.7,3,90,🎵 몰입감 있는 공연으로 혼자 즐기기 좋은 라이브 콘텐츠
티켓링크,콘서트·공연,천안시충남국악관현악단 제92회 정기연주회 - 천안,2026-09-10 ~ 2026-09-10,성인 (개인 관람 적합),천안시청 천안시청 봉서홀,"10,000원",티켓링크 실시간 인기 콘텐츠 [천안시충남국악관현악단 제92회 정기연주회 - 천안]. 혼자 즐기기 좋은 몰입감 있는 콘텐츠입니다.,https://www.ticketlink.co.kr/product/64564,family:0.3;couple:1.0;single:0.9;티켓링크;공연;충남,2026-08-23 04:38:58,concert:1.0;immersive:0.9;indoor:0.7,4,90,🎵 몰입감 있는 공연으로 혼자 즐기기 좋은 라이브 콘텐츠
티켓링크,콘서트·공연,[데뷔 60주년 기념공연] 2026 남진 전국투어 콘서트 - 예산,2026-09-04 ~ 2026-09-04,성인 (개인 관람 적합),예산문예회관 예산문예회관,"132,000원 ~ 143,000원",티켓링크 실시간 인기 콘텐츠 [[데뷔 60주년 기념공연] 2026 남진 전국투어 콘서트 - 예산]. 혼자 즐기기 좋은 몰입감 있는 콘텐츠입니다.,https://www.ticketlink.co.kr/product/64459,family:0.3;couple:1.0;single:0.9;티켓링크;공연;충남,2026-08-23 04:38:58,concert:1.0;immersive:0.9;indoor:0.7,4,90,🎵 몰입감 있는 공연으로 혼자 즐기기 좋은 라이브 콘텐츠
티켓링크,콘서트·공연,뮤지컬 집사TV 시즌 2 part.2 : <대저택 끝 없는 문> - 전주,2026-10-30 ~ 2026-10-31,성인 (개인 관람 적합),전북대학교 삼성문화회관 전북대학교 삼성문화회관,"70,000원",티켓링크 실시간 인기 콘텐츠 [뮤지컬 집사TV 시즌 2 part.2 : <대저택 끝 없는 문> - 전주]. 혼자 즐기기 좋은 몰입감 있는 콘텐츠입니다.,https://www.ticketlink.co.kr/product/64329,family:0.3;couple:1.0;single:0.9;티켓링크;공연;전북,2026-08-23 04:38:58,concert:1.0;immersive:0.9;indoor:0.7,5,90,🎵 몰입감 있는 공연으로 혼자 즐기기 좋은 라이브 콘텐츠
티켓링크,콘서트·공연,이상준쇼 45 - 전주,2026-10-10 ~ 2026-10-10,성인 (개인 관람 적합),전북대학교 삼성문화회관 전북대학교 삼성문화회관 대공연장,"45,000원",티켓링크 실시간 인기 콘텐츠 [이상준쇼 45 - 전주]. 혼자 즐기기 좋은 몰입감 있는 콘텐츠입니다.,https://www.ticketlink.co.kr/product/64238,family:0.3;couple:1.0;single:0.9;티켓링크;공연;전북,2026-08-23 04:38:58,concert:1.0;immersive:0.9;indoor:0.7,5,90,🎵 몰입감 있는 공연으로 혼자 즐기기 좋은 라이브 콘텐츠
티켓링크,콘서트·공연,2026 소통왕 말자쑈 in Jeonju,2026-09-11 ~ 2026-09-11,성인 (개인 관람 적합),전북대학교 삼성문화회관 전북대학교 삼성문화회관 영산홀,"44,000원 ~ 66,000원",티켓링크 실시간 인기 콘텐츠 [2026 소통왕 말자쑈 in Jeonju]. 혼자 즐기기 좋은 몰입감 있는 콘텐츠입니다.,https://www.ticketlink.co.kr/product/64167,family:0.3;couple:1.0;single:0.9;티켓링크;공연;전북,2026-08-23 04:38:58,concert:1.0;immersive:0.9;indoor:0.7,4,90,🎵 몰입감 있는 공연으로 혼자 즐기기 좋은 라이브 콘텐츠
티켓링크,콘서트·공연,춤의 빛 그 아름다운 여정-군산,2026-08-28 ~ 2026-08-28,성인 (개인 관람 적합),군산예술의전당 군산예술의전당 소공연장,0원,티켓링크 실시간 인기 콘텐츠 [춤의 빛 그 아름다운 여정-군산]. 혼자 즐기기 좋은 몰입감 있는 콘텐츠입니다.,https://www.ticketlink.co.kr/product/64833,family:0.3;couple:1.0;single:0.9;티켓링크;공연;전북,2026-08-23 04:38:58,concert:1.0;immersive:0.9;indoor:0.7,4,90,🎵 몰입감 있는 공연으로 혼자 즐기기 좋은 라이브 콘텐츠
티켓링크,전시·미술관,2026 AMAZON DJ WATER FESTIVAL - 전주,2026-08-27 ~ 2026-08-28,성인 (개인 관람 적합),아마존 아쿠아파크 완주 아마존 아쿠아파크 완주,"59,000원",티켓링크 실시간 인기 콘텐츠 [2026 AMAZON DJ WATER FESTIVAL - 전주]. 혼자 즐기기 좋은 몰입감 있는 콘텐츠입니다.,https://www.ticketlink.co.kr/product/64666,family:0.8;couple:1.0;single:0.9;exhibition:1.0;티켓링크;전시;전북,2026-08-23 04:38:58,exhibition:1.0;quiet:0.8;indoor:0.9,3,90,🖼️ 조용히 몰입할 수 있는 전시 콘텐츠로 나 홀로 관람 최적
티켓링크,콘서트·공연,한 청년의 마지막 편지-전주,2026-08-07 ~ 2026-08-07,성인 (개인 관람 적합),전북대학교 삼성문화회관 전북대학교 삼성문화회관 대공연장,0원,티켓링크 실시간 인기 콘텐츠 [한 청년의 마지막 편지-전주]. 혼자 즐기기 좋은 몰입감 있는 콘텐츠입니다.,https://www.ticketlink.co.kr/product/64740,family:0.3;couple:1.0;single:0.9;티켓링크;공연;전북,2026-08-23 04:38:58,concert:1.0;immersive:0.9;indoor:0.7,4,90,🎵 몰입감 있는 공연으로 혼자 즐기기 좋은 라이브 콘텐츠
티켓링크,전시·미술관,2026 뮤지컬에 마술을 더하다!<매직컬 피터팬>여수,2026-10-10 ~ 2026-10-10,성인 (개인 관람 적합),여수시민회관 여수시민회관,"30,000원",티켓링크 실시간 인기 콘텐츠 [2026 뮤지컬에 마술을 더하다!<매직컬 피터팬>여수]. 혼자 즐기기 좋은 몰입감 있는 콘텐츠입니다.,https://www.ticketlink.co.kr/product/64976,family:0.8;couple:1.0;single:0.9;exhibition:1.0;티켓링크;전시;전남,2026-08-23 04:38:58,exhibition:1.0;quiet:0.8;indoor:0.9,5,90,🖼️ 조용히 몰입할 수 있는 전시 콘텐츠로 나 홀로 관람 최적
티켓링크,전시·미술관,2026 뮤지컬에 마술을 더하다!<매직컬 피터팬>광양,2026-10-09 ~ 2026-10-09,성인 (개인 관람 적합),광양문화예술회관 광양문화예술회관,"30,000원",티켓링크 실시간 인기 콘텐츠 [2026 뮤지컬에 마술을 더하다!<매직컬 피터팬>광양]. 혼자 즐기기 좋은 몰입감 있는 콘텐츠입니다.,https://www.ticketlink.co.kr/product/64977,family:0.8;couple:1.0;single:0.9;exhibition:1.0;티켓링크;전시;전남,2026-08-23 04:38:58,exhibition:1.0;quiet:0.8;indoor:0.9,3,90,🖼️ 조용히 몰입할 수 있는 전시 콘텐츠로 나 홀로 관람 최적
티켓링크,전시·미술관,(09월) 함평파크골프장,2026-08-31 ~ 2026-09-29,성인 (개인 관람 적합),전남 함평군 함평읍 곤재로 83 전남 함평군 함평읍 곤재로 83,"7,000원",티켓링크 실시간 인기 콘텐츠 [(09월) 함평파크골프장]. 혼자 즐기기 좋은 몰입감 있는 콘텐츠입니다.,https://www.ticketlink.co.kr/product/65082,family:0.8;couple:1.0;single:0.9;exhibition:1.0;티켓링크;전시;전남,2026-08-23 04:38:58,exhibition:1.0;quiet:0.8;indoor:0.9,3,90,🖼️ 조용히 몰입할 수 있는 전시 콘텐츠로 나 홀로 관람 최적
티켓링크,콘서트·공연,전남도립국악단 토요가무악희 <그린국악> 시즌 3 / 제968회,2026-09-18 ~ 2026-09-18,성인 (개인 관람 적합),남도소리울림터 남도소리울림터 공연장,"10,000원",티켓링크 실시간 인기 콘텐츠 [전남도립국악단 토요가무악희 <그린국악> 시즌 3 / 제968회]. 혼자 즐기기 좋은 몰입감 있는 콘텐츠입니다.,https://www.ticketlink.co.kr/product/64303,family:0.3;couple:1.0;single:0.9;티켓링크;공연;전남,2026-08-23 04:38:58,concert:1.0;immersive:0.9;indoor:0.7,3,90,🎵 몰입감 있는 공연으로 혼자 즐기기 좋은 라이브 콘텐츠
티켓링크,콘서트·공연,[데뷔 60주년 기념공연] 2026 남진 전국투어 콘서트 - 고령,2026-11-14 ~ 2026-11-14,성인 (개인 관람 적합),대가야문화누리 대가야문화누리 우륵홀,"99,000원 ~ 132,000원",티켓링크 실시간 인기 콘텐츠 [[데뷔 60주년 기념공연] 2026 남진 전국투어 콘서트 - 고령]. 혼자 즐기기 좋은 몰입감 있는 콘텐츠입니다.,https://www.ticketlink.co.kr/product/64316,family:0.3;couple:1.0;single:0.9;티켓링크;공연;경북,2026-08-23 04:38:58,concert:1.0;immersive:0.9;indoor:0.7,5,90,🎵 몰입감 있는 공연으로 혼자 즐기기 좋은 라이브 콘텐츠
티켓링크,콘서트·공연,지브리와 사랑에 빠지다 : 지브리 영화음악 콘서트 2026 - 경주,2026-10-09 ~ 2026-10-09,성인 (개인 관람 적합),경주예술의전당 경주예술의전당 원화홀,"40,000원",티켓링크 실시간 인기 콘텐츠 [지브리와 사랑에 빠지다 : 지브리 영화음악 콘서트 2026 - 경주]. 혼자 즐기기 좋은 몰입감 있는 콘텐츠입니다.,https://www.ticketlink.co.kr/product/64185,family:0.3;couple:1.0;single:0.9;티켓링크;공연;경북,2026-08-23 04:38:58,concert:1.0;immersive:0.9;indoor:0.7,3,90,🎵 몰입감 있는 공연으로 혼자 즐기기 좋은 라이브 콘텐츠
티켓링크,콘서트·공연,동락관 개관 10주년 기념콘서트 시즌III 헤어드레서,2026-09-11 ~ 2026-09-11,성인 (개인 관람 적합),경상북도청 동락관 경상북도 동락관 공연장,"10,000원",티켓링크 실시간 인기 콘텐츠 [동락관 개관 10주년 기념콘서트 시즌III 헤어드레서]. 혼자 즐기기 좋은 몰입감 있는 콘텐츠입니다.,https://www.ticketlink.co.kr/product/64681,family:0.3;couple:1.0;single:0.9;티켓링크;공연;경북,2026-08-23 04:38:58,concert:1.0;immersive:0.9;indoor:0.7,4,90,🎵 몰입감 있는 공연으로 혼자 즐기기 좋은 라이브 콘텐츠
티켓링크,콘서트·공연,[사이버매직쇼] 초대형블록버스터레이져쇼 - 대구,2026-08-21 ~ 2026-08-21,성인 (개인 관람 적합),대구어린이세상 대구어린이세상 꾀꼬리극장,"50,000원",티켓링크 실시간 인기 콘텐츠 [[사이버매직쇼] 초대형블록버스터레이져쇼 - 대구]. 혼자 즐기기 좋은 몰입감 있는 콘텐츠입니다.,https://www.ticketlink.co.kr/product/63777,family:0.3;couple:1.0;single:0.9;티켓링크;공연;대구,2026-08-23 04:38:58,concert:1.0;immersive:0.9;indoor:0.7,3,90,🎵 몰입감 있는 공연으로 혼자 즐기기 좋은 라이브 콘텐츠
티켓링크,콘서트·공연,지브리와 사랑에 빠지다 : 지브리 영화음악 콘서트 2026 - 거제 앙코르,2026-08-28 ~ 2026-08-28,성인 (개인 관람 적합),거제문화예술회관 거제문화예술회관 소극장,"40,000원",티켓링크 실시간 인기 콘텐츠 [지브리와 사랑에 빠지다 : 지브리 영화음악 콘서트 2026 - 거제 앙코르]. 혼자 즐기기 좋은 몰입감 있는 콘텐츠입니다.,https://www.ticketlink.co.kr/product/63373,family:0.3;couple:1.0;single:0.9;티켓링크;공연;경남,2026-08-23 04:38:58,concert:1.0;immersive:0.9;indoor:0.7,5,90,🎵 몰입감 있는 공연으로 혼자 즐기기 좋은 라이브 콘텐츠
티켓링크,콘서트·공연,뮤지컬 <개구쟁이 특공대 : 마녀저택> - 진주,2026-07-03 ~ 2026-07-04,성인 (개인 관람 적합),경남문화예술회관 경남문화예술회관 대공연장,"70,000원",티켓링크 실시간 인기 콘텐츠 [뮤지컬 <개구쟁이 특공대 : 마녀저택> - 진주]. 혼자 즐기기 좋은 몰입감 있는 콘텐츠입니다.,https://www.ticketlink.co.kr/product/63115,family:0.3;couple:1.0;single:0.9;티켓링크;공연;경남,2026-08-23 04:38:58,concert:1.0;immersive:0.9;indoor:0.7,5,90,🎵 몰입감 있는 공연으로 혼자 즐기기 좋은 라이브 콘텐츠
티켓링크,콘서트·공연,2026 김동하 Stand-up Comedy Tour< Life Goes On >-창원,2026-06-13 ~ 2026-06-13,성인 (개인 관람 적합),경남 MBC홀 창원 MBC경남홀,"66,000원 ~ 77,000원",티켓링크 실시간 인기 콘텐츠 [2026 김동하 Stand-up Comedy Tour< Life Goes On >-창원]. 혼자 즐기기 좋은 몰입감 있는 콘텐츠입니다.,https://www.ticketlink.co.kr/product/62728,family:0.3;couple:1.0;single:0.9;티켓링크;공연;경남,2026-08-23 04:38:58,concert:1.0;immersive:0.9;indoor:0.7,3,90,🎵 몰입감 있는 공연으로 혼자 즐기기 좋은 라이브 콘텐츠
티켓링크,콘서트·공연,김시라의 품바 : Original - 창원,2026-06-06 ~ 2026-06-06,성인 (개인 관람 적합),경남 MBC홀 MBC 경남홀,"44,000원 ~ 55,000원",티켓링크 실시간 인기 콘텐츠 [김시라의 품바 : Original - 창원]. 혼자 즐기기 좋은 몰입감 있는 콘텐츠입니다.,https://www.ticketlink.co.kr/product/63417,family:0.3;couple:1.0;single:0.9;티켓링크;공연;경남,2026-08-23 04:38:58,concert:1.0;immersive:0.9;indoor:0.7,4,90,🎵 몰입감 있는 공연으로 혼자 즐기기 좋은 라이브 콘텐츠
티켓링크,콘서트·공연,2026 김정민 전국투어 콘서트 : 대한민국 락발라더 김정민 - 창원,2026-06-06 ~ 2026-06-06,성인 (개인 관람 적합),경남 MBC홀 MBC 경남홀,"55,000원 ~ 110,000원",티켓링크 실시간 인기 콘텐츠 [2026 김정민 전국투어 콘서트 : 대한민국 락발라더 김정민 - 창원]. 혼자 즐기기 좋은 몰입감 있는 콘텐츠입니다.,https://www.ticketlink.co.kr/product/62536,family:0.3;couple:1.0;single:0.9;티켓링크;공연;경남,2026-08-23 04:38:58,concert:1.0;immersive:0.9;indoor:0.7,3,90,🎵 몰입감 있는 공연으로 혼자 즐기기 좋은 라이브 콘텐츠
티켓링크,콘서트·공연,2026 김장훈 전국투어 콘서트 : 원맨쇼 - 창원,2026-06-05 ~ 2026-06-05,성인 (개인 관람 적합),경남 MBC홀 MBC 경남홀,"66,000원 ~ 77,000원",티켓링크 실시간 인기 콘텐츠 [2026 김장훈 전국투어 콘서트 : 원맨쇼 - 창원]. 혼자 즐기기 좋은 몰입감 있는 콘텐츠입니다.,https://www.ticketlink.co.kr/product/62543,family:0.3;couple:1.0;single:0.9;티켓링크;공연;경남,2026-08-23 04:38:58,concert:1.0;immersive:0.9;indoor:0.7,3,90,🎵 몰입감 있는 공연으로 혼자 즐기기 좋은 라이브 콘텐츠
티켓링크,콘서트·공연,"최백호 50주년 콘서트 <낭만의 50년, 시간의 흔적을 노래하다> - 진주",2026-04-25 ~ 2026-04-25,성인 (개인 관람 적합),경남문화예술회관 경남문화예술회관 대공연장,"99,000원 ~ 132,000원","티켓링크 실시간 인기 콘텐츠 [최백호 50주년 콘서트 <낭만의 50년, 시간의 흔적을 노래하다> - 진주]. 혼자 즐기기 좋은 몰입감 있는 콘텐츠입니다.",https://www.ticketlink.co.kr/product/60766,family:0.3;couple:1.0;single:0.9;티켓링크;공연;경남,2026-08-23 04:38:58,concert:1.0;immersive:0.9;indoor:0.7,3,90,🎵 몰입감 있는 공연으로 혼자 즐기기 좋은 라이브 콘텐츠
티켓링크,전시·미술관,2026 세계유산축전-제주 화산섬과 용암동굴 : 벵뒤굴,2026-10-03 ~ 2026-10-17,성인 (개인 관람 적합),벵뒤굴 및 인근 소형굴 벵뒤굴 및 인근 소형굴,"10,000원",티켓링크 실시간 인기 콘텐츠 [2026 세계유산축전-제주 화산섬과 용암동굴 : 벵뒤굴]. 혼자 즐기기 좋은 몰입감 있는 콘텐츠입니다.,https://www.ticketlink.co.kr/product/65054,family:0.8;couple:1.0;single:0.9;exhibition:1.0;티켓링크;전시;제주,2026-08-23 04:38:58,exhibition:1.0;quiet:0.8;indoor:0.9,5,90,🖼️ 조용히 몰입할 수 있는 전시 콘텐츠로 나 홀로 관람 최적
티켓링크,전시·미술관,2026 세계유산축전-제주 화산섬과 용암동굴 : 만장굴 & 김녕굴,2026-10-03 ~ 2026-10-17,성인 (개인 관람 적합),만장굴 및 김녕굴 만장굴 및 김녕굴,"10,000원",티켓링크 실시간 인기 콘텐츠 [2026 세계유산축전-제주 화산섬과 용암동굴 : 만장굴 & 김녕굴]. 혼자 즐기기 좋은 몰입감 있는 콘텐츠입니다.,https://www.ticketlink.co.kr/product/65051,family:0.8;couple:1.0;single:0.9;exhibition:1.0;티켓링크;전시;제주,2026-08-23 04:38:58,exhibition:1.0;quiet:0.8;indoor:0.9,3,90,🖼️ 조용히 몰입할 수 있는 전시 콘텐츠로 나 홀로 관람 최적
티켓링크,전시·미술관,2026 세계유산축전-제주 화산섬과 용암동굴 : 세계유산 탐험버스,2026-10-14 ~ 2026-10-17,성인 (개인 관람 적합),거문오름용암동굴계 일원 거문오름용암동굴계 일원,"5,000원",티켓링크 실시간 인기 콘텐츠 [2026 세계유산축전-제주 화산섬과 용암동굴 : 세계유산 탐험버스]. 혼자 즐기기 좋은 몰입감 있는 콘텐츠입니다.,https://www.ticketlink.co.kr/product/65049,family:0.8;couple:1.0;single:0.9;exhibition:1.0;티켓링크;전시;제주,2026-08-23 04:38:58,exhibition:1.0;quiet:0.8;indoor:0.9,5,90,🖼️ 조용히 몰입할 수 있는 전시 콘텐츠로 나 홀로 관람 최적
티켓링크,전시·미술관,2026 세계유산축전-제주 화산섬과 용암동굴 : 워킹투어-3구간,2026-10-02 ~ 2026-10-17,성인 (개인 관람 적합),만장캠프 만장캠프,"5,000원",티켓링크 실시간 인기 콘텐츠 [2026 세계유산축전-제주 화산섬과 용암동굴 : 워킹투어-3구간]. 혼자 즐기기 좋은 몰입감 있는 콘텐츠입니다.,https://www.ticketlink.co.kr/product/65040,family:0.8;couple:1.0;single:0.9;exhibition:1.0;티켓링크;전시;제주,2026-08-23 04:38:58,exhibition:1.0;quiet:0.8;indoor:0.9,5,90,🖼️ 조용히 몰입할 수 있는 전시 콘텐츠로 나 홀로 관람 최적
티켓링크,전시·미술관,2026 세계유산축전-제주 화산섬과 용암동굴 : 워킹투어-2구간,2026-10-02 ~ 2026-10-17,성인 (개인 관람 적합),덕천캠프 덕천캠프,"5,000원",티켓링크 실시간 인기 콘텐츠 [2026 세계유산축전-제주 화산섬과 용암동굴 : 워킹투어-2구간]. 혼자 즐기기 좋은 몰입감 있는 콘텐츠입니다.,https://www.ticketlink.co.kr/product/65039,family:0.8;couple:1.0;single:0.9;exhibition:1.0;티켓링크;전시;제주,2026-08-23 04:38:58,exhibition:1.0;quiet:0.8;indoor:0.9,4,90,🖼️ 조용히 몰입할 수 있는 전시 콘텐츠로 나 홀로 관람 최적
티켓링크,전시·미술관,2026 세계유산축전-제주 화산섬과 용암동굴 : 워킹투어-1구간,2026-10-02 ~ 2026-10-17,성인 (개인 관람 적합),제주세계자연유산센터 제주세계자연유산센터 워킹투어 운영캠프,"5,000원",티켓링크 실시간 인기 콘텐츠 [2026 세계유산축전-제주 화산섬과 용암동굴 : 워킹투어-1구간]. 혼자 즐기기 좋은 몰입감 있는 콘텐츠입니다.,https://www.ticketlink.co.kr/product/65036,family:0.8;couple:1.0;single:0.9;exhibition:1.0;티켓링크;전시;제주,2026-08-23 04:38:58,exhibition:1.0;quiet:0.8;indoor:0.9,4,90,🖼️ 조용히 몰입할 수 있는 전시 콘텐츠로 나 홀로 관람 최적
티켓링크,콘서트·공연,뮤지컬 최고다 호기심딱지 시즌4<피사총사: 우리 몸은 우리가 지킨다!> -  제주,2026-10-16 ~ 2026-10-17,성인 (개인 관람 적합),제주아트센터 제주아트센터 대극장,"70,000원",티켓링크 실시간 인기 콘텐츠 [뮤지컬 최고다 호기심딱지 시즌4<피사총사: 우리 몸은 우리가 지킨다!> -  제주]. 혼자 즐기기 좋은 몰입감 있는 콘텐츠입니다.,https://www.ticketlink.co.kr/product/64190,family:0.3;couple:1.0;single:0.9;티켓링크;공연;제주,2026-08-23 04:38:58,concert:1.0;immersive:0.9;indoor:0.7,4,90,🎵 몰입감 있는 공연으로 혼자 즐기기 좋은 라이브 콘텐츠
티켓링크,전시·미술관,2026 세계유산축전-제주 화산섬과 용암동굴 : 별빛산행 일출투어,2026-10-09 ~ 2026-10-16,성인 (개인 관람 적합),한라산 성판악 한라산 성판악,"10,000원",티켓링크 실시간 인기 콘텐츠 [2026 세계유산축전-제주 화산섬과 용암동굴 : 별빛산행 일출투어]. 혼자 즐기기 좋은 몰입감 있는 콘텐츠입니다.,https://www.ticketlink.co.kr/product/65055,family:0.8;couple:1.0;single:0.9;exhibition:1.0;티켓링크;전시;제주,2026-08-23 04:38:58,exhibition:1.0;quiet:0.8;indoor:0.9,3,90,🖼️ 조용히 몰입할 수 있는 전시 콘텐츠로 나 홀로 관람 최적
티켓링크,전시·미술관,2026 세계유산축전 - 제주 화산섬과 용암동굴 : 유산마을 이야기 (선흘1리),2026-10-09 ~ 2026-10-16,성인 (개인 관람 적합),제주세계유산마을 제주 세계자연유산마을(선흘1리) 일원,"10,000원",티켓링크 실시간 인기 콘텐츠 [2026 세계유산축전 - 제주 화산섬과 용암동굴 : 유산마을 이야기 (선흘1리)]. 혼자 즐기기 좋은 몰입감 있는 콘텐츠입니다.,https://www.ticketlink.co.kr/product/65043,family:0.8;couple:1.0;single:0.9;exhibition:1.0;티켓링크;전시;제주,2026-08-23 04:38:58,exhibition:1.0;quiet:0.8;indoor:0.9,5,90,🖼️ 조용히 몰입할 수 있는 전시 콘텐츠로 나 홀로 관람 최적
문화공공데이터광장 | 전국 독립서점 및 운영정보,독립서점,굿브랜딩북스,상시,성인 (개인 방문 적합),"(41946) 대구광역시 중구 달구벌대로447길 72-1 | 위도:35.86561079, 경도:128.6083915",무료입장 (도서 구매 별도),"[굿브랜딩북스] / 큐레이션 서점, 핸드드립 커피도 판매 / 운영정보: 평일개점마감시간 : 11:00~21:00토요일개점마감시간 : 11:00~21:00일요일개점마감시간 : 11:00~19:00, 휴무일 : 월요일 휴무: / 전화: 0534261765",https://map.naver.com/v5/search/%EA%B5%BF%EB%B8%8C%EB%9E%9C%EB%94%A9%EB%B6%81%EC%8A%A4,single:0.95;couple:0.4;family:0.3;독립서점;cafe:1.0,2026-08-23 19:50:49,bookstore:1.0;quiet:1.0;indoor:1.0,2,70,📚 혼자만의 시간을 보내기 좋은 조용한 독서 공간
문화공공데이터광장 | 전국 독립서점 및 운영정보,독립서점,하늘밭봄,상시,성인 (개인 방문 적합),"(36544) 경상북도 영양군 입암면 대천길 435 | 위도:36.60826725, 경도:129.0061287",무료입장 (도서 구매 별도),"[하늘밭봄] / 고즈넉한 산골의 가정식 작은 서점에서,북스테이 , 주차 가능, 화장실 남녀 구분, 북토크 가능, 독서모임 가능, 강연 가능 / 운영정보: 평일개점마감시간 : 11:00~18:00토요일개점마감시간 : 11:00~18:00일요일개점마감시간 : 11:00~18:00, 휴무일 : 휴무일은 비정기적으로 블로그에 공지 / 전화: 01090210446",https://map.naver.com/v5/search/%ED%95%98%EB%8A%98%EB%B0%AD%EB%B4%84,single:0.95;couple:0.4;family:0.3;독립서점,2026-08-23 19:50:49,bookstore:1.0;quiet:1.0;indoor:1.0,2,70,📚 혼자만의 시간을 보내기 좋은 조용한 독서 공간
문화공공데이터광장 | 전국 독립서점 및 운영정보,독립서점,오후엔책방,상시,성인 (개인 방문 적합),"(38877) 경상북도 영천시 금호읍 금호시장길 5 1층 | 위도:35.93265989, 경도:128.8773902",무료입장 (도서 구매 별도),"[오후엔책방] / 그림책 & 독립출판물 제로웨이스트 , 카페 있음, 독서모임 가능 / 운영정보: 평일개점마감시간 : 12:00~18:00토요일개점마감시간 : 12:00~18:00일요일개점마감시간 : 12:00~18:00, 휴무일 : 월요일, 화요일 휴무 / 전화: 01031865190",https://map.naver.com/v5/search/%EC%98%A4%ED%9B%84%EC%97%94%EC%B1%85%EB%B0%A9,single:0.95;couple:0.4;family:0.3;독립서점;cafe:1.0;indie_pub:1.0,2026-08-23 19:50:49,bookstore:1.0;quiet:1.0;indoor:1.0,2,70,📚 혼자만의 시간을 보내기 좋은 조용한 독서 공간
문화공공데이터광장 | 전국 독립서점 및 운영정보,독립서점,"서점,오브덕",상시,성인 (개인 방문 적합),"(36324) 경상북도 울진군 울진읍 읍내8길 5 5층 서점오브덕 | 위도:36.99485788, 경도:129.4016556",무료입장 (도서 구매 별도),"[서점,오브덕] / 주차 가능, 화장실 남녀 구분, 카페 있음, 독립출판물 있음, 독서모임 가능 / 운영정보: 평일개점마감시간 : 14:00~22:00토요일개점마감시간 : 14:00~22:00일요일개점마감시간 : 14:00~22:00, 휴무일 : 월요일휴무 / 전화: 01097957115",https://map.naver.com/v5/search/%EC%84%9C%EC%A0%90%2C%EC%98%A4%EB%B8%8C%EB%8D%95,single:0.95;couple:0.4;family:0.3;독립서점;cafe:1.0;indie_pub:1.0,2026-08-23 19:50:49,bookstore:1.0;quiet:1.0;indoor:1.0,2,70,📚 혼자만의 시간을 보내기 좋은 조용한 독서 공간
문화공공데이터광장 | 전국 독립서점 및 운영정보,독립서점,달팽이책방,상시,성인 (개인 방문 적합),"(37664) 경상북도 포항시 남구 효자동길10번길 32 | 위도:36.0090452, 경도:129.3331432",무료입장 (도서 구매 별도),"[달팽이책방] / 동네책방 & 홍차전문점. 엄선한 인문학 도서와 소규모 독립출판물을 판매하며, 젊은 아티스트의 작품을 소개 , 독립출판물 있음 / 운영정보: 평일개점마감시간 : 13:00~21:00토요일개점마감시간 : 13:00~18:00일요일개점마감시간 : 13:00~18:00, 휴무일 : 월요일 휴무 / 전화: 07075323316",https://map.naver.com/v5/search/%EB%8B%AC%ED%8C%BD%EC%9D%B4%EC%B1%85%EB%B0%A9,single:0.95;couple:0.4;family:0.3;독립서점;indie_pub:1.0,2026-08-23 19:50:49,bookstore:1.0;quiet:1.0;indoor:1.0,2,70,📚 혼자만의 시간을 보내기 좋은 조용한 독서 공간
문화공공데이터광장 | 전국 독립서점 및 운영정보,독립서점,마음을가다듬다,상시,성인 (개인 방문 적합),"(37590) 경상북도 포항시 북구 천마로72번길 7 남광하우스토리 상가동 201호 | 위도:36.08317617, 경도:129.3977937",무료입장 (도서 구매 별도),"[마음을가다듬다] / 서적, 문구, 선물 판매, 상담가능, 아기자기 용품들 구매하고 기부하는곳,  따뜻한 커피, 차, 스낵 / 운영정보: 평일개점마감시간 : 10:30~15:30 / 전화: 01076226349",https://map.naver.com/v5/search/%EB%A7%88%EC%9D%8C%EC%9D%84%EA%B0%80%EB%8B%A4%EB%93%AC%EB%8B%A4,single:0.95;couple:0.4;family:0.3;독립서점;cafe:1.0,2026-08-23 19:50:49,bookstore:1.0;quiet:1.0;indoor:1.0,2,70,📚 혼자만의 시간을 보내기 좋은 조용한 독서 공간
문화공공데이터광장 | 전국 독립서점 및 운영정보,독립서점,동네책방숨,상시,성인 (개인 방문 적합),"(62248) 광주광역시 광산구 수완로74번길 11-8 | 위도:35.19209674, 경도:126.8301652",무료입장 (도서 구매 별도),"[동네책방숨] / 1박2일간 책을 읽으며 머무를 수 있는 장소 , 독립출판물 있음, 북토크 가능, 독서모임 가능, 강연 가능 / 운영정보: 평일개점마감시간 : 12:00~19:00토요일개점마감시간 : 12:00~18:00, 휴무일 : 일요일, 월요일 휴무 / 전화: 0629549420",https://map.naver.com/v5/search/%EB%8F%99%EB%84%A4%EC%B1%85%EB%B0%A9%EC%88%A8,single:0.95;couple:0.4;family:0.3;독립서점;indie_pub:1.0,2026-08-23 19:50:49,bookstore:1.0;quiet:1.0;indoor:1.0,2,70,📚 혼자만의 시간을 보내기 좋은 조용한 독서 공간
문화공공데이터광장 | 전국 독립서점 및 운영정보,독립서점,사과서점,상시,성인 (개인 방문 적합),"(41958) 대구광역시 중구 명륜로23길 28 | 위도:35.86132289, 경도:128.5959688",무료입장 (도서 구매 별도),"[사과서점] / 시,소설, 어른을위한 그림책 , 리뷰 있음 / 운영정보: 평일개점마감시간 : 12:00~19:30토요일개점마감시간 : 12:00~19:30일요일개점마감시간 : 12:00~19:30, 휴무일 : 인스타 공지 참고 / 전화: 01020699362",https://map.naver.com/v5/search/%EC%82%AC%EA%B3%BC%EC%84%9C%EC%A0%90,single:0.95;couple:0.4;family:0.3;독립서점,2026-08-23 19:50:49,bookstore:1.0;quiet:1.0;indoor:1.0,2,70,📚 혼자만의 시간을 보내기 좋은 조용한 독서 공간
문화공공데이터광장 | 전국 독립서점 및 운영정보,독립서점,봉산19,상시,성인 (개인 방문 적합),"(41958) 대구광역시 중구 봉산문화길 19 2층 | 위도:35.86096031, 경도:128.5981582",무료입장 (도서 구매 별도),"[봉산19] / 독립출판물과 맥주,칵테일 판매점 , 화장실 남녀 구분 / 운영정보: 평일개점마감시간 : 13:00~23:00토요일개점마감시간 : 13:00~23:00일요일개점마감시간 : 13:00~23:00 / 전화: 05313086940",https://map.naver.com/v5/search/%EB%B4%89%EC%82%B019,single:0.95;couple:0.4;family:0.3;독립서점;indie_pub:1.0,2026-08-23 19:50:49,bookstore:1.0;quiet:1.0;indoor:1.0,2,70,📚 혼자만의 시간을 보내기 좋은 조용한 독서 공간
문화공공데이터광장 | 전국 독립서점 및 운영정보,독립서점,러브앤프리,상시,성인 (개인 방문 적합),"(61640) 광주광역시 남구 천변좌로418번길 17 1층 | 위도:35.1408847, 경도:126.9157444",무료입장 (도서 구매 별도),"[러브앤프리] / 감성적인 분위기의 독립출판물점 , 주차 가능, 화장실 남녀 구분, 카페 있음, 독립출판물 있음, 북토크 가능, 독서모임 가능, 강연 가능 / 운영정보: 평일개점마감시간 : 12:00~19:00토요일개점마감시간 : 12:00~19:00일요일개점마감시간 : 12:00~19:00 / 전화: 0624180714",https://map.naver.com/v5/search/%EB%9F%AC%EB%B8%8C%EC%95%A4%ED%94%84%EB%A6%AC,single:0.95;couple:0.4;family:0.3;독립서점;cafe:1.0;indie_pub:1.0,2026-08-23 19:50:49,bookstore:1.0;quiet:1.0;indoor:1.0,2,70,📚 혼자만의 시간을 보내기 좋은 조용한 독서 공간
문화공공데이터광장 | 전국 독립서점 및 운영정보,독립서점,리을피읖 LOCAL BOOKS,상시,성인 (개인 방문 적합),"(61430) 광주광역시 동구 동계로15번길 17 | 위도:35.15391314, 경도:126.9230183",무료입장 (도서 구매 별도),"[리을피읖 LOCAL BOOKS] / 사진책만 있는 책방 , 카페 있음, 독립출판물 있음 / 운영정보: 토요일개점마감시간 : 13:00~18:00 / 전화: 01036287178",https://map.naver.com/v5/search/%EB%A6%AC%EC%9D%84%ED%94%BC%EC%9D%96%20LOCAL%20BOOKS,single:0.95;couple:0.4;family:0.3;독립서점;cafe:1.0;indie_pub:1.0,2026-08-23 19:50:49,bookstore:1.0;quiet:1.0;indoor:1.0,2,70,📚 혼자만의 시간을 보내기 좋은 조용한 독서 공간
문화공공데이터광장 | 전국 독립서점 및 운영정보,독립서점,책방 심가네박씨,상시,성인 (개인 방문 적합),"(61432) 광주광역시 동구 동명로67번길 22-2 | 위도:35.15276316, 경도:126.9267524",무료입장 (도서 구매 별도),"[책방 심가네박씨] / 다양한 인문학강좌와 문화프로그램기획 , 카페 있음, 독립출판물 있음 / 운영정보: 평일개점마감시간 : 10:30~20:00토요일개점마감시간 : 10:30~20:00, 휴무일 : 일요일, 공휴일 휴무 / 전화: 0622290687",https://map.naver.com/v5/search/%EC%B1%85%EB%B0%A9%20%EC%8B%AC%EA%B0%80%EB%84%A4%EB%B0%95%EC%94%A8,single:0.95;couple:0.4;family:0.3;독립서점;cafe:1.0;indie_pub:1.0,2026-08-23 19:50:49,bookstore:1.0;quiet:1.0;indoor:1.0,2,70,📚 혼자만의 시간을 보내기 좋은 조용한 독서 공간
문화공공데이터광장 | 전국 독립서점 및 운영정보,독립서점,책과생활,상시,성인 (개인 방문 적합),"(61465) 광주광역시 동구 제봉로 100-1 2층 | 위도:35.14736016, 경도:126.922108",무료입장 (도서 구매 별도),"[책과생활] / 아트북, 인문사회서적, 문학책, 독립출판물 , 리뷰 있음 / 운영정보: 평일개점마감시간 : 12:00~20:00토요일개점마감시간 : 12:00~20:00일요일개점마감시간 : 13:00~18:00, 휴무일 : 매월 마지막주 월요일 휴무 / 전화: 050713099231",https://map.naver.com/v5/search/%EC%B1%85%EA%B3%BC%EC%83%9D%ED%99%9C,single:0.95;couple:0.4;family:0.3;독립서점;indie_pub:1.0,2026-08-23 19:50:49,bookstore:1.0;quiet:1.0;indoor:1.0,2,70,📚 혼자만의 시간을 보내기 좋은 조용한 독서 공간
문화공공데이터광장 | 전국 독립서점 및 운영정보,독립서점,소년의서,상시,성인 (개인 방문 적합),"(61480) 광주광역시 동구 충장로46번길 8 1층 | 위도:35.14997646, 경도:126.9125437",무료입장 (도서 구매 별도),"[소년의서] / 인물예술서적, 사회과학서적,독립서적 , 카페 있음, 독립출판물 있음, 북토크 가능, 독서모임 가능 / 운영정보: 평일개점마감시간 : 13:00~19:00토요일개점마감시간 : 13:00~19:00 / 전화: 050713592625",https://map.naver.com/v5/search/%EC%86%8C%EB%85%84%EC%9D%98%EC%84%9C,single:0.95;couple:0.4;family:0.3;독립서점;cafe:1.0;indie_pub:1.0,2026-08-23 19:50:49,bookstore:1.0;quiet:1.0;indoor:1.0,2,70,📚 혼자만의 시간을 보내기 좋은 조용한 독서 공간
문화공공데이터광장 | 전국 독립서점 및 운영정보,독립서점,파종모종,상시,성인 (개인 방문 적합),"(61218) 광주광역시 북구 우치로 13-1 | 위도:35.16887395, 경도:126.9104525",무료입장 (도서 구매 별도),"[파종모종] / 독립출판사, 독립책방 , 카페 있음 / 운영정보: 평일개점마감시간 : 14:00~19:00토요일개점마감시간 : 14:00~19:00, 휴무일 : 일요일, 월요일,화요일, 공휴일 휴무 / 전화: 01094521606",https://map.naver.com/v5/search/%ED%8C%8C%EC%A2%85%EB%AA%A8%EC%A2%85,single:0.95;couple:0.4;family:0.3;독립서점;cafe:1.0;indie_pub:1.0,2026-08-23 19:50:49,bookstore:1.0;quiet:1.0;indoor:1.0,2,70,📚 혼자만의 시간을 보내기 좋은 조용한 독서 공간
문화공공데이터광장 | 전국 독립서점 및 운영정보,독립서점,이상현실,상시,성인 (개인 방문 적합),"(61980) 광주광역시 서구 화운로 136 1층 | 위도:35.15125435, 경도:126.8775075",무료입장 (도서 구매 별도),"[이상현실] / 신간, 독립출판물, 헌책 비치, 책 구매 혹은 읽을 수 있음 , 독립출판물 있음, 북토크 가능, 독서모임 가능, 강연 가능 / 전화: 01054027238",https://map.naver.com/v5/search/%EC%9D%B4%EC%83%81%ED%98%84%EC%8B%A4,single:0.95;couple:0.4;family:0.3;독립서점;indie_pub:1.0,2026-08-23 19:50:49,bookstore:1.0;quiet:1.0;indoor:1.0,2,70,📚 혼자만의 시간을 보내기 좋은 조용한 독서 공간
문화공공데이터광장 | 전국 독립서점 및 운영정보,독립서점,사이시옷,상시,성인 (개인 방문 적합),"(62047) 광주광역시 서구 화정로260번길 9 | 위도:35.14724735, 경도:126.8856687",무료입장 (도서 구매 별도),"[사이시옷] / 1층: 서점+카페 / 2층: 소모임, 대관 , 리뷰 있음 / 운영정보: 평일개점마감시간 : 12:00~19:00토요일개점마감시간 : 12:00~19:00, 휴무일 : 일요일 휴무 / 전화: 0624005987",https://map.naver.com/v5/search/%EC%82%AC%EC%9D%B4%EC%8B%9C%EC%98%B7,single:0.95;couple:0.4;family:0.3;독립서점;cafe:1.0,2026-08-23 19:50:49,bookstore:1.0;quiet:1.0;indoor:1.0,2,70,📚 혼자만의 시간을 보내기 좋은 조용한 독서 공간
문화공공데이터광장 | 전국 독립서점 및 운영정보,독립서점,더코너북스,상시,성인 (개인 방문 적합),"(42492) 대구광역시 남구 안지랑로7길 15 | 위도:35.83348544, 경도:128.570394",무료입장 (도서 구매 별도),[더코너북스] / 꿈 꾸는 작은 공간 우리동네 작은 서점 우리끼리 나누는 인문학 / 운영정보: 평일개점마감시간 : 11:00~20:00토요일개점마감시간 : 11:00~20:00일요일개점마감시간 : 11:00~20:00 / 전화: 01077284939,https://map.naver.com/v5/search/%EB%8D%94%EC%BD%94%EB%84%88%EB%B6%81%EC%8A%A4,single:0.95;couple:0.4;family:0.3;독립서점,2026-08-23 19:50:49,bookstore:1.0;quiet:1.0;indoor:1.0,2,70,📚 혼자만의 시간을 보내기 좋은 조용한 독서 공간
문화공공데이터광장 | 전국 독립서점 및 운영정보,독립서점,이야기마을,상시,성인 (개인 방문 적합),"(10298) 경기도 고양시 덕양구 원당로113번길 48-7 | 위도:37.66347899, 경도:126.8359472",무료입장 (도서 구매 별도),"[이야기마을] / 다양한 도서, 고양이, 음료 , 카페 있음, 독립출판물 있음 / 운영정보: 평일개점마감시간 : 10:00~21:00토요일개점마감시간 : 10:00~21:00일요일개점마감시간 : 10:00~21:00, 휴무일 : 수요일 / 전화: 0319659990",https://map.naver.com/v5/search/%EC%9D%B4%EC%95%BC%EA%B8%B0%EB%A7%88%EC%9D%84,single:0.95;couple:0.4;family:0.3;독립서점;cafe:1.0;indie_pub:1.0,2026-08-23 19:50:49,bookstore:1.0;quiet:1.0;indoor:1.0,2,70,📚 혼자만의 시간을 보내기 좋은 조용한 독서 공간
문화공공데이터광장 | 전국 독립서점 및 운영정보,독립서점,플라뇌즈,상시,성인 (개인 방문 적합),"(10460) 경기도 고양시 덕양구 원당로59번길 49-24 203호 | 위도:37.65862231, 경도:126.8312139",무료입장 (도서 구매 별도),"[플라뇌즈] / 국내외도서, 독립출판물 등 동네책방 , 카페 있음, 독립출판물 있음, 독서모임 가능 / 전화: 01042571045",https://map.naver.com/v5/search/%ED%94%8C%EB%9D%BC%EB%87%8C%EC%A6%88,single:0.95;couple:0.4;family:0.3;독립서점;cafe:1.0;indie_pub:1.0,2026-08-23 19:50:49,bookstore:1.0;quiet:1.0;indoor:1.0,2,70,📚 혼자만의 시간을 보내기 좋은 조용한 독서 공간
문화공공데이터광장 | 전국 독립서점 및 운영정보,독립서점,너의 작업실,상시,성인 (개인 방문 적합),"(10406) 경기도 고양시 일산동구 일산로380번길 43-11 | 위도:37.67095691, 경도:126.7830747",무료입장 (도서 구매 별도),"[너의 작업실] / 독립출판물과 굿즈, 커피 판매하며 다양한 모임이 열리는 공간 , 독립출판물 있음, 독서모임 가능 / 운영정보: 평일개점마감시간 : 13:00~21:00토요일개점마감시간 : 13:00~21:00일요일개점마감시간 : 13:00~21:00, 휴무일 : 월요일 / 전화: 01050310440",https://map.naver.com/v5/search/%EB%84%88%EC%9D%98%20%EC%9E%91%EC%97%85%EC%8B%A4,single:0.95;couple:0.4;family:0.3;독립서점;cafe:1.0;indie_pub:1.0,2026-08-23 19:50:49,bookstore:1.0;quiet:1.0;indoor:1.0,2,70,📚 혼자만의 시간을 보내기 좋은 조용한 독서 공간
문화공공데이터광장 | 전국 독립서점 및 운영정보,독립서점,이랑,상시,성인 (개인 방문 적합),"(10240) 경기도 고양시 일산서구 일현로 122 동성상가 1층 122호 이랑 | 위도:37.69762029, 경도:126.7660619",무료입장 (도서 구매 별도),"[이랑] / 서점화실, 일반서적 및 독립출판물 판매 , 독립출판물 있음, 북토크 가능, 독서모임 가능, 강연 가능 / 운영정보: 평일개점마감시간 : 10:00~18:00, 휴무일 : 토요일, 일요일 / 전화: 07077692222",https://map.naver.com/v5/search/%EC%9D%B4%EB%9E%91,single:0.95;couple:0.4;family:0.3;독립서점;indie_pub:1.0,2026-08-23 19:50:49,bookstore:1.0;quiet:1.0;indoor:1.0,2,70,📚 혼자만의 시간을 보내기 좋은 조용한 독서 공간
문화공공데이터광장 | 전국 독립서점 및 운영정보,독립서점,고메북스,상시,성인 (개인 방문 적합),"(10379) 경기도 고양시 일산서구 중앙로 1470 동부썬프라자 B동 128호 | 위도:37.67227362, 경도:126.7573465",무료입장 (도서 구매 별도),"[고메북스] / 동네서점 독립출판 북카페&바 , 독립출판물 있음, 독서모임 가능 / 운영정보: 평일개점마감시간 : 12:00~19:00토요일개점마감시간 : 12:00~19:00, 휴무일 : 일요일 / 전화: 01092488296",https://map.naver.com/v5/search/%EA%B3%A0%EB%A9%94%EB%B6%81%EC%8A%A4,single:0.95;couple:0.4;family:0.3;독립서점;cafe:1.0;indie_pub:1.0,2026-08-23 19:50:49,bookstore:1.0;quiet:1.0;indoor:1.0,2,70,📚 혼자만의 시간을 보내기 좋은 조용한 독서 공간
문화공공데이터광장 | 전국 독립서점 및 운영정보,독립서점,북앤드로잉,상시,성인 (개인 방문 적합),"(14285) 경기도 광명시 오리로1009번길 2 1층 북앤드로잉 | 위도:37.48011008, 경도:126.8508954",무료입장 (도서 구매 별도),"[북앤드로잉] / 그림 그리는 책방, 독립출판물 판매, 여행드로잉/책만들기 강의 등 , 독립출판물 있음, 독서모임 가능 / 운영정보: 평일개점마감시간 : 14:00~20:00토요일개점마감시간 : 14:00~20:00, 휴무일 : 일요일, 월요일 / 전화: 07087773745",https://map.naver.com/v5/search/%EB%B6%81%EC%95%A4%EB%93%9C%EB%A1%9C%EC%9E%89,single:0.95;couple:0.4;family:0.3;독립서점;indie_pub:1.0,2026-08-23 19:50:49,bookstore:1.0;quiet:1.0;indoor:1.0,2,70,📚 혼자만의 시간을 보내기 좋은 조용한 독서 공간
문화공공데이터광장 | 전국 독립서점 및 운영정보,독립서점,책방 공책,상시,성인 (개인 방문 적합),"(14303) 경기도 광명시 오리로619번길 32 1층 | 위도:37.45498894, 경도:126.8769918",무료입장 (도서 구매 별도),"[책방 공책] / 인스타/카톡채널 운영시간 확인. 그림책과 독립출판물 인문서적 전문 취급 , 공간대여 가능, 독립출판물 있음, 독서모임 가능 / 운영정보: 평일개점마감시간 : 12:00~17:00토요일개점마감시간 : 12:00~17:00, 휴무일 : 일요일 / 전화: 05061209696",https://map.naver.com/v5/search/%EC%B1%85%EB%B0%A9%20%EA%B3%B5%EC%B1%85,single:0.95;couple:0.4;family:0.3;독립서점;indie_pub:1.0,2026-08-23 19:50:49,bookstore:1.0;quiet:1.0;indoor:1.0,2,70,📚 혼자만의 시간을 보내기 좋은 조용한 독서 공간
문화공공데이터광장 | 전국 독립서점 및 운영정보,독립서점,한낮의 바다,상시,성인 (개인 방문 적합),"(25505) 강원도 강릉시 강릉대로159번안길 12 1층, 서점 한낮의 바다 | 위도:37.75772063, 경도:128.8890879",무료입장 (도서 구매 별도),"[한낮의 바다] / 일상의 쉼을 이야기하는 책을 소개하는 셀렉트 북샵 , 카페 있음, 독립출판물 있음 / 운영정보: 평일개점마감시간 : 12:00~18:00토요일개점마감시간 : 12:00~18:00일요일개점마감시간 : 12:00~18:00, 휴무일 : 화요일, 수요일 / 전화: 01022849729",https://map.naver.com/v5/search/%ED%95%9C%EB%82%AE%EC%9D%98%20%EB%B0%94%EB%8B%A4,single:0.95;couple:0.4;family:0.3;독립서점;cafe:1.0;indie_pub:1.0,2026-08-23 19:50:49,bookstore:1.0;quiet:1.0;indoor:1.0,2,70,📚 혼자만의 시간을 보내기 좋은 조용한 독서 공간
문화공공데이터광장 | 전국 독립서점 및 운영정보,독립서점,깨북,상시,성인 (개인 방문 적합),"(25504) 강원도 강릉시 임영로 211 | 위도:37.76008985, 경도:128.8918538",무료입장 (도서 구매 별도),"[깨북] / 작은 독립책방 , 독립출판물 있음 / 전화: 07042344416",https://map.naver.com/v5/search/%EA%B9%A8%EB%B6%81,single:0.95;couple:0.4;family:0.3;독립서점;indie_pub:1.0,2026-08-23 19:50:49,bookstore:1.0;quiet:1.0;indoor:1.0,2,70,📚 혼자만의 시간을 보내기 좋은 조용한 독서 공간
문화공공데이터광장 | 전국 독립서점 및 운영정보,독립서점,칠성조선소 북살롱,상시,성인 (개인 방문 적합),"(24838) 강원도 속초시 중앙로46번길 45 | 위도:38.19812772, 경도:128.5833088",무료입장 (도서 구매 별도),[칠성조선소 북살롱] / SELECTED BOOK SHOP / 운영정보: 평일개점마감시간 : 11:00~19:00토요일개점마감시간 : 11:00~19:00일요일개점마감시간 : 11:00~19:00 / 전화: 01057212309,https://map.naver.com/v5/search/%EC%B9%A0%EC%84%B1%EC%A1%B0%EC%84%A0%EC%86%8C%20%EB%B6%81%EC%82%B4%EB%A1%B1,single:0.95;couple:0.4;family:0.3;독립서점,2026-08-23 19:50:49,bookstore:1.0;quiet:1.0;indoor:1.0,2,70,📚 혼자만의 시간을 보내기 좋은 조용한 독서 공간
문화공공데이터광장 | 전국 독립서점 및 운영정보,독립서점,책빵소,상시,성인 (개인 방문 적합),"(26423) 강원도 원주시 금불4길 23 제1층 102호 | 위도:37.3490959, 경도:127.9329991",무료입장 (도서 구매 별도),"[책빵소] / 독립출판물 위주로 취급하는 독립서점 , 주차 가능, 독립출판물 있음 / 운영정보: 평일개점마감시간 : 13:00~20:00토요일개점마감시간 : 13:00~20:00일요일개점마감시간 : 13:00~20:00, 휴무일 : 월요일 / 전화: 01024811309",https://map.naver.com/v5/search/%EC%B1%85%EB%B9%B5%EC%86%8C,single:0.95;couple:0.4;family:0.3;독립서점;indie_pub:1.0,2026-08-23 19:50:49,bookstore:1.0;quiet:1.0;indoor:1.0,2,70,📚 혼자만의 시간을 보내기 좋은 조용한 독서 공간
문화공공데이터광장 | 전국 독립서점 및 운영정보,독립서점,실레책방,상시,성인 (개인 방문 적합),"(24412) 강원도 춘천시 신동면 금병의숙1길 19 | 위도:37.8135637, 경도:127.7175413",무료입장 (도서 구매 별도),"[실레책방] / 책 읽고 긍릉 쓰는 장소. 매일 오후6시~11시 공간 대여 , 주차 가능, 공간대여 가능, 독립출판물 있음, 헌책방 있음 / 운영정보: 평일개점마감시간 : 10:00~18:00토요일개점마감시간 : 10:00~18:00일요일개점마감시간 : 10:00~18:00, 휴무일 : 화요일, 수요일 / 전화: 0332621508",https://map.naver.com/v5/search/%EC%8B%A4%EB%A0%88%EC%B1%85%EB%B0%A9,single:0.95;couple:0.4;family:0.3;독립서점;indie_pub:1.0,2026-08-23 19:50:49,bookstore:1.0;quiet:1.0;indoor:1.0,2,70,📚 혼자만의 시간을 보내기 좋은 조용한 독서 공간
문화공공데이터광장 | 전국 독립서점 및 운영정보,독립서점,책방마실,상시,성인 (개인 방문 적합),"(24259) 강원도 춘천시 전원길 27-1 | 위도:37.87837259, 경도:127.7379276",무료입장 (도서 구매 별도),"[책방마실] / 춘천에 위치한 작은 서점 , 카페 있음, 독립출판물 있음 / 운영정보: 평일개점마감시간 : 12:00~22:00토요일개점마감시간 : 12:00~22:00일요일개점마감시간 : 12:00~19:00 / 전화: 01099483205",https://map.naver.com/v5/search/%EC%B1%85%EB%B0%A9%EB%A7%88%EC%8B%A4,single:0.95;couple:0.4;family:0.3;독립서점;cafe:1.0;indie_pub:1.0,2026-08-23 19:50:49,bookstore:1.0;quiet:1.0;indoor:1.0,2,70,📚 혼자만의 시간을 보내기 좋은 조용한 독서 공간
문화공공데이터광장 | 전국 독립서점 및 운영정보,독립서점,서툰책방,상시,성인 (개인 방문 적합),"(24264) 강원도 춘천시 향교옆길13번길 22 | 위도:37.88283761, 경도:127.7327685",무료입장 (도서 구매 별도),"[서툰책방] / 큐레이션 책방 , 주차 가능, 카페 있음, 독립출판물 있음, 독서모임 가능 / 운영정보: 평일개점마감시간 : 11:00~19:00토요일개점마감시간 : 11:00~19:00, 휴무일 : 일요일 / 전화: 07077217276",https://map.naver.com/v5/search/%EC%84%9C%ED%88%B0%EC%B1%85%EB%B0%A9,single:0.95;couple:0.4;family:0.3;독립서점;cafe:1.0;indie_pub:1.0,2026-08-23 19:50:49,bookstore:1.0;quiet:1.0;indoor:1.0,2,70,📚 혼자만의 시간을 보내기 좋은 조용한 독서 공간
문화공공데이터광장 | 전국 독립서점 및 운영정보,독립서점,악어책방,상시,성인 (개인 방문 적합),"(07704) 서울특별시 강서구 강서로45다길 30-27 초록아파트 상가 102호 | 위도:37.54614954, 경도:126.8346715",무료입장 (도서 구매 별도),"[악어책방] / 예약 회원제. 아이와 엄마를 위한 책. 클래스와 모임 , 주차 가능, 화장실 남녀 구분, 독립출판물 있음 / 운영정보: 평일개점마감시간 : 10:00~20:00토요일개점마감시간 : 10:00~17:30, 휴무일 : 공휴일 / 전화: 01030223017",https://map.naver.com/v5/search/%EC%95%85%EC%96%B4%EC%B1%85%EB%B0%A9,single:0.95;couple:0.4;family:0.3;독립서점;indie_pub:1.0,2026-08-23 19:50:49,bookstore:1.0;quiet:1.0;indoor:1.0,2,70,📚 혼자만의 시간을 보내기 좋은 조용한 독서 공간
문화공공데이터광장 | 전국 독립서점 및 운영정보,독립서점,나무곁에 서서,상시,성인 (개인 방문 적합),"(07529) 서울특별시 강서구 강서로76길 19 1층 | 위도:37.56934057, 경도:126.8426262",무료입장 (도서 구매 별도),"[나무곁에 서서] / 목, 금 오후2시~오후7시 영업. 숲, 생태, 환경, 교육을 이야기하는 공간 , 공간대여 가능, 독립출판물 있음, 독서모임 가능 / 운영정보: 평일개점마감시간 : 11:00~19:00토요일개점마감시간 : 14:00~19:00, 휴무일 : 일요일, 월요일 / 전화: 01089630186",https://map.naver.com/v5/search/%EB%82%98%EB%AC%B4%EA%B3%81%EC%97%90%20%EC%84%9C%EC%84%9C,single:0.95;couple:0.4;family:0.3;독립서점;indie_pub:1.0,2026-08-23 19:50:49,bookstore:1.0;quiet:1.0;indoor:1.0,2,70,📚 혼자만의 시간을 보내기 좋은 조용한 독서 공간
문화공공데이터광장 | 전국 독립서점 및 운영정보,독립서점,다시서점,상시,성인 (개인 방문 적합),"(07605) 서울특별시 강서구 방화대로33길 13 1층 | 위도:37.56841625, 경도:126.8157874",무료입장 (도서 구매 별도),"[다시서점] / 시집과 시인의 산문류, 텍스트 위주의 독림출판물 판매 , 주차 가능, 화장실 남녀 구분, 독립출판물 있음, 독서모임 가능, 리뷰 있음 / 전화: 01092854869",https://map.naver.com/v5/search/%EB%8B%A4%EC%8B%9C%EC%84%9C%EC%A0%90,single:0.95;couple:0.4;family:0.3;독립서점;indie_pub:1.0,2026-08-23 19:50:49,bookstore:1.0;quiet:1.0;indoor:1.0,2,70,📚 혼자만의 시간을 보내기 좋은 조용한 독서 공간
문화공공데이터광장 | 전국 독립서점 및 운영정보,독립서점,다시서점 북터미널,상시,성인 (개인 방문 적합),"(07605) 서울특별시 강서구 양천로24길 113 지하1층 | 위도:37.56819751, 경도:126.8153705",무료입장 (도서 구매 별도),"[다시서점 북터미널] / 온라인몰 운영을 위한 공간. 매장은 3분 거리 방화대로 33길 13 1층 위치 , 카페 있음, 독립출판물 있음, 리뷰 있음 / 전화: 07043834869",https://map.naver.com/v5/search/%EB%8B%A4%EC%8B%9C%EC%84%9C%EC%A0%90%20%EB%B6%81%ED%84%B0%EB%AF%B8%EB%84%90,single:0.95;couple:0.4;family:0.3;독립서점;cafe:1.0;indie_pub:1.0,2026-08-23 19:50:49,bookstore:1.0;quiet:1.0;indoor:1.0,2,70,📚 혼자만의 시간을 보내기 좋은 조용한 독서 공간
문화공공데이터광장 | 전국 독립서점 및 운영정보,독립서점,쓰다북스,상시,성인 (개인 방문 적합),"(46244) 부산광역시 금정구 금정로 197 쓰다북스 | 위도:35.24222827, 경도:129.0884612",무료입장 (도서 구매 별도),"[쓰다북스] / 캘리그라피관련 지류 용품과 책 판매, 카페를 즐길 수 있음 , 카페 있음, 독립출판물 있음, 북토크 가능, 독서모임 가능, 강연 가능 / 운영정보: 평일개점마감시간 : 11:00~18:00, 휴무일 : 심야책방,휴일책방 운영 / 전화: 0518025244",https://map.naver.com/v5/search/%EC%93%B0%EB%8B%A4%EB%B6%81%EC%8A%A4,single:0.95;couple:0.4;family:0.3;독립서점;cafe:1.0;indie_pub:1.0,2026-08-23 19:50:49,bookstore:1.0;quiet:1.0;indoor:1.0,2,70,📚 혼자만의 시간을 보내기 좋은 조용한 독서 공간
문화공공데이터광장 | 전국 독립서점 및 운영정보,독립서점,나락서점,상시,성인 (개인 방문 적합),"(48411) 부산광역시 남구 전포대로110번길 8 지하1층 | 위도:35.14645159, 경도:129.067344",무료입장 (도서 구매 별도),"[나락서점] / 독립출판물, 일반단행본 판매 , 독립출판물 있음 / 운영정보: 평일개점마감시간 : 15:00~20:00토요일개점마감시간 : 13:00~21:00일요일개점마감시간 : 13:00~21:00 / 전화: 050713218406",https://map.naver.com/v5/search/%EB%82%98%EB%9D%BD%EC%84%9C%EC%A0%90,single:0.95;couple:0.4;family:0.3;독립서점;indie_pub:1.0,2026-08-23 19:50:49,bookstore:1.0;quiet:1.0;indoor:1.0,2,70,📚 혼자만의 시간을 보내기 좋은 조용한 독서 공간
문화공공데이터광장 | 전국 독립서점 및 운영정보,독립서점,숙희책방 파이데이아 동래지부,상시,성인 (개인 방문 적합),"(47864) 부산광역시 동래구 사직북로63번길 55 2층 1-1호 | 위도:35.1978674, 경도:129.0582055",무료입장 (도서 구매 별도),"[숙희책방 파이데이아 동래지부] / 독서모임이 있는 곳 , 카페 있음, 독립출판물 있음 / 전화: 050713479050",https://map.naver.com/v5/search/%EC%88%99%ED%9D%AC%EC%B1%85%EB%B0%A9%20%ED%8C%8C%EC%9D%B4%EB%8D%B0%EC%9D%B4%EC%95%84%20%EB%8F%99%EB%9E%98%EC%A7%80%EB%B6%80,single:0.95;couple:0.4;family:0.3;독립서점;cafe:1.0;indie_pub:1.0,2026-08-23 19:50:49,bookstore:1.0;quiet:1.0;indoor:1.0,2,70,📚 혼자만의 시간을 보내기 좋은 조용한 독서 공간
문화공공데이터광장 | 전국 독립서점 및 운영정보,독립서점,동주 책방,상시,성인 (개인 방문 적합),"(48211) 부산광역시 수영구 과정로15번길 8-1 | 위도:35.17284851, 경도:129.1080787",무료입장 (도서 구매 별도),"[동주 책방] / 자연과학 전문 서점, 부설 숲생물연구소도 있음 , 독립출판물 있음, 북토크 가능, 독서모임 가능, 강연 가능, 헌책방 있음 / 운영정보: 평일개점마감시간 : 14:00~19:00토요일개점마감시간 : 14:00~19:00, 휴무일 : 화요일,일요일 휴무 / 전화: 01096690002",https://map.naver.com/v5/search/%EB%8F%99%EC%A3%BC%20%EC%B1%85%EB%B0%A9,single:0.95;couple:0.4;family:0.3;독립서점;indie_pub:1.0,2026-08-23 19:50:49,bookstore:1.0;quiet:1.0;indoor:1.0,2,70,📚 혼자만의 시간을 보내기 좋은 조용한 독서 공간
문화공공데이터광장 | 전국 독립서점 및 운영정보,독립서점,이솝우화,상시,성인 (개인 방문 적합),"(48302) 부산광역시 수영구 남천바다로15번길 40 | 위도:35.15104809, 경도:129.1135651",무료입장 (도서 구매 별도),"[이솝우화] / 광안리 앞 각종 소품들도 구비, 소규모 서점 , 카페 있음, 공간대여 가능 / 전화: 0212300000",https://map.naver.com/v5/search/%EC%9D%B4%EC%86%9D%EC%9A%B0%ED%99%94,single:0.95;couple:0.4;family:0.3;독립서점;cafe:1.0,2026-08-23 19:50:49,bookstore:1.0;quiet:1.0;indoor:1.0,2,70,📚 혼자만의 시간을 보내기 좋은 조용한 독서 공간
문화공공데이터광장 | 전국 독립서점 및 운영정보,독립서점,책방오월,상시,성인 (개인 방문 적합),"(48947) 부산광역시 중구 광복중앙로33번길 16-7 1층 책방오월, 더 타로 | 위도:35.10239752, 경도:129.0293371",무료입장 (도서 구매 별도),"[책방오월] / 타로서점과 같이 운영중인 독립서점 , 주차 가능, 독립출판물 있음 / 전화: 050714650512",https://map.naver.com/v5/search/%EC%B1%85%EB%B0%A9%EC%98%A4%EC%9B%94,single:0.95;couple:0.4;family:0.3;독립서점;indie_pub:1.0,2026-08-23 19:50:49,bookstore:1.0;quiet:1.0;indoor:1.0,2,70,📚 혼자만의 시간을 보내기 좋은 조용한 독서 공간
문화공공데이터광장 | 전국 독립서점 및 운영정보,독립서점,미묘북,상시,성인 (개인 방문 적합),"(48951) 부산광역시 중구 대청로126번길 28-1 | 위도:35.10038254, 경도:129.03432",무료입장 (도서 구매 별도),"[미묘북] / 사진집,화집,아트북 심야책방 , 주차 가능 / 운영정보: 평일개점마감시간 : 13:00~01:00, 휴무일 : 주말 및 공휴일 별도 공지 / 전화: 050713162890",https://map.naver.com/v5/search/%EB%AF%B8%EB%AC%98%EB%B6%81,single:0.95;couple:0.4;family:0.3;독립서점,2026-08-23 19:50:49,bookstore:1.0;quiet:1.0;indoor:1.0,2,70,📚 혼자만의 시간을 보내기 좋은 조용한 독서 공간
문화공공데이터광장 | 전국 독립서점 및 운영정보,독립서점,주책공사,상시,성인 (개인 방문 적합),"(48930) 부산광역시 중구 대청로141번길 15-1 1층 | 위도:35.10423999, 경도:129.035063",무료입장 (도서 구매 별도),"[주책공사] / 커피와 책이 있는 문화복합공간 , 카페 있음, 독립출판물 있음 / 운영정보: 평일개점마감시간 : 11:00~20:00토요일개점마감시간 : 11:00~20:00일요일개점마감시간 : 11:00~20:00, 휴무일 : 일요일 휴무 / 전화: 01085203530",https://map.naver.com/v5/search/%EC%A3%BC%EC%B1%85%EA%B3%B5%EC%82%AC,single:0.95;couple:0.4;family:0.3;독립서점;cafe:1.0;indie_pub:1.0,2026-08-23 19:50:49,bookstore:1.0;quiet:1.0;indoor:1.0,2,70,📚 혼자만의 시간을 보내기 좋은 조용한 독서 공간
문화공공데이터광장 | 전국 독립서점 및 운영정보,독립서점,여행하다,상시,성인 (개인 방문 적합),"(48930) 부산광역시 중구 대청로141번길 17 1층 | 위도:35.10435038, 경도:129.0350609",무료입장 (도서 구매 별도),"[여행하다] / 심리서 전문 독립서점, 타로점도 같이운영 , 주차 가능, 화장실 남녀 구분, 카페 있음 / 운영정보: 평일개점마감시간 : 10:00~22:00토요일개점마감시간 : 13:00~18:00일요일개점마감시간 : 13:00~18:00휴무일개점마감시간 : 13:00~18:00 / 전화: 050713214309",https://map.naver.com/v5/search/%EC%97%AC%ED%96%89%ED%95%98%EB%8B%A4,single:0.95;couple:0.4;family:0.3;독립서점;cafe:1.0,2026-08-23 19:50:49,bookstore:1.0;quiet:1.0;indoor:1.0,2,70,📚 혼자만의 시간을 보내기 좋은 조용한 독서 공간
문화공공데이터광장 | 전국 독립서점 및 운영정보,독립서점,맛있는 음식책방 눈누난나,상시,성인 (개인 방문 적합),"(16624) 경기도 수원시 권선구 매송고색로711번길 26 | 위도:37.25239721, 경도:126.981529",무료입장 (도서 구매 별도),"[맛있는 음식책방 눈누난나] / 음식관련 책과 빵과 음식관련 소품을 판매하는 서점 , 강연 가능 / 운영정보: 평일개점마감시간 : 13:00~20:00토요일개점마감시간 : 13:00~20:00, 휴무일 : 일요일 / 전화: 정보없음",https://map.naver.com/v5/search/%EB%A7%9B%EC%9E%88%EB%8A%94%20%EC%9D%8C%EC%8B%9D%EC%B1%85%EB%B0%A9%20%EB%88%88%EB%88%84%EB%82%9C%EB%82%98,single:0.95;couple:0.4;family:0.3;독립서점,2026-08-23 19:50:49,bookstore:1.0;quiet:1.0;indoor:1.0,2,70,📚 혼자만의 시간을 보내기 좋은 조용한 독서 공간
문화공공데이터광장 | 전국 독립서점 및 운영정보,독립서점,그런의미에서,상시,성인 (개인 방문 적합),"(16525) 경기도 수원시 영통구 매여울로40번길 42-2 1층 102호 | 위도:37.27245158, 경도:127.047325",무료입장 (도서 구매 별도),"[그런의미에서] / 다양한 국내외도서 취급 , 카페 있음, 독립출판물 있음 / 운영정보: 토요일개점마감시간 : 13:00~20:00일요일개점마감시간 : 13:00~19:00 / 전화: 01064805534",https://map.naver.com/v5/search/%EA%B7%B8%EB%9F%B0%EC%9D%98%EB%AF%B8%EC%97%90%EC%84%9C,single:0.95;couple:0.4;family:0.3;독립서점;cafe:1.0;indie_pub:1.0,2026-08-23 19:50:49,bookstore:1.0;quiet:1.0;indoor:1.0,2,70,📚 혼자만의 시간을 보내기 좋은 조용한 독서 공간
문화공공데이터광장 | 전국 독립서점 및 운영정보,독립서점,나인빌리지북스,상시,성인 (개인 방문 적합),"(11936) 경기도 구리시 아차산로432번길 4 1층 나인빌리지북스 | 위도:37.59339791, 경도:127.1315991",무료입장 (도서 구매 별도),"[나인빌리지북스] / 독립출판물 취급 전문 서점 , 독립출판물 있음, 독서모임 가능 / 운영정보: 평일개점마감시간 : 18:00~21:00토요일개점마감시간 : 12:00~19:00일요일개점마감시간 : 12:00~19:00, 휴무일 : 월요일, 화요일 / 전화: 01062403643",https://map.naver.com/v5/search/%EB%82%98%EC%9D%B8%EB%B9%8C%EB%A6%AC%EC%A7%80%EB%B6%81%EC%8A%A4,single:0.95;couple:0.4;family:0.3;독립서점;indie_pub:1.0,2026-08-23 19:50:49,bookstore:1.0;quiet:1.0;indoor:1.0,2,70,📚 혼자만의 시간을 보내기 좋은 조용한 독서 공간
문화공공데이터광장 | 전국 독립서점 및 운영정보,독립서점,서로의공간,상시,성인 (개인 방문 적합),"(11935) 경기도 구리시 안골로8번길 67 101호 | 위도:37.59458383, 경도:127.1329066",무료입장 (도서 구매 별도),"[서로의공간] / 독립출판물을 소개하고 판매하는 식물 서점 , 카페 있음, 독립출판물 있음 / 운영정보: 평일개점마감시간 : 12:00~19:00토요일개점마감시간 : 12:00~20:00일요일개점마감시간 : 12:00~20:00, 휴무일 : 월요일 / 전화: 01020870187",https://map.naver.com/v5/search/%EC%84%9C%EB%A1%9C%EC%9D%98%EA%B3%B5%EA%B0%84,single:0.95;couple:0.4;family:0.3;독립서점;cafe:1.0;indie_pub:1.0,2026-08-23 19:50:49,bookstore:1.0;quiet:1.0;indoor:1.0,2,70,📚 혼자만의 시간을 보내기 좋은 조용한 독서 공간
문화공공데이터광장 | 전국 독립서점 및 운영정보,독립서점,밸류브릿지터무니책방,상시,성인 (개인 방문 적합),"(15806) 경기도 군포시 금산로 84 1층 | 위도:37.36957653, 경도:126.9376917",무료입장 (도서 구매 별도),"[밸류브릿지터무니책방] / 책방/갤러리/카페/세미나 공간이 함께 있는 책공간 , 공간대여 가능, 독립출판물 있음, 북토크 가능, 독서모임 가능,강연 가능 / 운영정보: 평일개점마감시간 : 11:30~21:00토요일개점마감시간 : 11:30~21:00일요일개점마감시간 : 13:30~19:00, 휴무일 : 월요일 / 전화: 0313961693",https://map.naver.com/v5/search/%EB%B0%B8%EB%A5%98%EB%B8%8C%EB%A6%BF%EC%A7%80%ED%84%B0%EB%AC%B4%EB%8B%88%EC%B1%85%EB%B0%A9,single:0.95;couple:0.4;family:0.3;독립서점;cafe:1.0;indie_pub:1.0,2026-08-23 19:50:49,bookstore:1.0;quiet:1.0;indoor:1.0,2,70,📚 혼자만의 시간을 보내기 좋은 조용한 독서 공간
문화공공데이터광장 | 전국 독립서점 및 운영정보,독립서점,책읽는방,상시,성인 (개인 방문 적합),"(15833) 경기도 군포시 오금로134번안길 5 102호 | 위도:37.35907488, 경도:126.9411175",무료입장 (도서 구매 별도),"[책읽는방] / 인문학서적 중심 독립책방 , 카페 있음, 독립출판물 있음, 독서모임 가능 / 전화: 01064137035",https://map.naver.com/v5/search/%EC%B1%85%EC%9D%BD%EB%8A%94%EB%B0%A9,single:0.95;couple:0.4;family:0.3;독립서점;cafe:1.0;indie_pub:1.0,2026-08-23 19:50:49,bookstore:1.0;quiet:1.0;indoor:1.0,2,70,📚 혼자만의 시간을 보내기 좋은 조용한 독서 공간
문화공공데이터광장 | 전국 독립서점 및 운영정보,독립서점,게으른정원,상시,성인 (개인 방문 적합),"(10106) 경기도 김포시 북변중로 51-1 2층 | 위도:37.62598096, 경도:126.7107358",무료입장 (도서 구매 별도),"[게으른정원] / 독립서점, 동네책방, 큐레이션 책방, 반려동물 동반 가능 , 독립출판물 있음 / 운영정보: 평일개점마감시간 : 14:00~21:00토요일개점마감시간 : 14:00~21:00일요일개점마감시간 : 14:00~21:00, 휴무일 : 화요일, 수요일 / 전화: 01023523532",https://map.naver.com/v5/search/%EA%B2%8C%EC%9C%BC%EB%A5%B8%EC%A0%95%EC%9B%90,single:0.95;couple:0.4;family:0.3;독립서점;indie_pub:1.0,2026-08-23 19:50:49,bookstore:1.0;quiet:1.0;indoor:1.0,2,70,📚 혼자만의 시간을 보내기 좋은 조용한 독서 공간
문화공공데이터광장 | 전국 독립서점 및 운영정보,독립서점,코너스툴,상시,성인 (개인 방문 적합),"(11350) 경기도 동두천시 동두천로 115 중앙프라자 4층 403호 | 위도:37.89170925, 경도:127.0546394",무료입장 (도서 구매 별도),"[코너스툴] / 독립출판물 단행복 영화 음악 전시와 클래스 맥주 커피 차와 수다가 있는 곳 , 리뷰 있음 / 운영정보: 평일개점마감시간 : 18:00~22:00일요일개점마감시간 : 10:00~22:00, 휴무일 : 월요일, 화요일, 토요일 / 전화: 01032977030",https://map.naver.com/v5/search/%EC%BD%94%EB%84%88%EC%8A%A4%ED%88%B4,single:0.95;couple:0.4;family:0.3;독립서점;cafe:1.0;indie_pub:1.0,2026-08-23 19:50:49,bookstore:1.0;quiet:1.0;indoor:1.0,2,70,📚 혼자만의 시간을 보내기 좋은 조용한 독서 공간
문화공공데이터광장 | 전국 독립서점 및 운영정보,독립서점,오키로북스,상시,성인 (개인 방문 적합),"(14709) 경기도 부천시 경인로 211-1 | 위도:37.48351988, 경도:126.77907",무료입장 (도서 구매 별도),"[오키로북스] / 코로나로 인한 일시 휴무 중. 주로 독립출판물을 다루는 동네서점 , 독립출판물 있음 / 운영정보: 일요일개점마감시간 : 13:00~19:00 / 전화: 01049071870",https://map.naver.com/v5/search/%EC%98%A4%ED%82%A4%EB%A1%9C%EB%B6%81%EC%8A%A4,single:0.95;couple:0.4;family:0.3;독립서점;indie_pub:1.0,2026-08-23 19:50:49,bookstore:1.0;quiet:1.0;indoor:1.0,2,70,📚 혼자만의 시간을 보내기 좋은 조용한 독서 공간
문화공공데이터광장 | 전국 독립서점 및 운영정보,독립서점,유어마인드,상시,성인 (개인 방문 적합),"(03703) 서울특별시 서대문구 연희로11라길 10-6 2층 우측 | 위도:37.56839464, 경도:126.9303023",무료입장 (도서 구매 별도),"[유어마인드] / 독립출판물과 아트북을 핵심으로 수입 서적, 음반, 굿즈를 함께 판매 , 카페 있음, 독립출판물 있음 / 운영정보: 평일개점마감시간 : 13:00~20:00토요일개점마감시간 : 13:00~20:00일요일개점마감시간 : 13:00~20:00, 휴무일 : 화요일, 신정, 설, 추석, 크리스마스 / 전화: 07088218990",https://map.naver.com/v5/search/%EC%9C%A0%EC%96%B4%EB%A7%88%EC%9D%B8%EB%93%9C,single:0.95;couple:0.4;family:0.3;독립서점;cafe:1.0;indie_pub:1.0,2026-08-23 19:50:49,bookstore:1.0;quiet:1.0;indoor:1.0,2,70,📚 혼자만의 시간을 보내기 좋은 조용한 독서 공간
문화공공데이터광장 | 전국 독립서점 및 운영정보,독립서점,미스터리 유니온,상시,성인 (개인 방문 적합),"(03765) 서울특별시 서대문구 이화여대길 88-11 | 위도:37.55934749, 경도:126.9436928",무료입장 (도서 구매 별도),"[미스터리 유니온] / 추리소설 전문서점 , 카페 있음, 독립출판물 있음 / 운영정보: 평일개점마감시간 : 13:00~22:00토요일개점마감시간 : 13:00~22:00, 휴무일 : 일요일, 월요일 / 전화: 0260807040",https://map.naver.com/v5/search/%EB%AF%B8%EC%8A%A4%ED%84%B0%EB%A6%AC%20%EC%9C%A0%EB%8B%88%EC%98%A8,single:0.95;couple:0.4;family:0.3;독립서점;cafe:1.0;indie_pub:1.0,2026-08-23 19:50:49,bookstore:1.0;quiet:1.0;indoor:1.0,2,70,📚 혼자만의 시간을 보내기 좋은 조용한 독서 공간
문화공공데이터광장 | 전국 독립서점 및 운영정보,독립서점,책방 생활의지혜,상시,성인 (개인 방문 적합),"(05562) 서울특별시 송파구 올림픽로10길 40 | 위도:37.50817501, 경도:127.0815727",무료입장 (도서 구매 별도),"[책방 생활의지혜] / 공기 서점, 도서 큐레이션 서점 , 독립출판물 있음 / 운영정보: 평일개점마감시간 : 10:00~20:00 / 전화: 01071047747",https://map.naver.com/v5/search/%EC%B1%85%EB%B0%A9%20%EC%83%9D%ED%99%9C%EC%9D%98%EC%A7%80%ED%98%9C,single:0.95;couple:0.4;family:0.3;독립서점;indie_pub:1.0,2026-08-23 19:50:49,bookstore:1.0;quiet:1.0;indoor:1.0,2,70,📚 혼자만의 시간을 보내기 좋은 조용한 독서 공간
문화공공데이터광장 | 전국 독립서점 및 운영정보,독립서점,오렌지 탱고,상시,성인 (개인 방문 적합),"(05825) 서울특별시 송파구 중대로16길 12 201호 | 위도:37.49597914, 경도:127.1257635",무료입장 (도서 구매 별도),"[오렌지 탱고] / 카페 있음, 공간대여 가능 / 전화: 024016692",https://map.naver.com/v5/search/%EC%98%A4%EB%A0%8C%EC%A7%80%20%ED%83%B1%EA%B3%A0,single:0.95;couple:0.4;family:0.3;독립서점;cafe:1.0,2026-08-23 19:50:49,bookstore:1.0;quiet:1.0;indoor:1.0,2,70,📚 혼자만의 시간을 보내기 좋은 조용한 독서 공간
문화공공데이터광장 | 전국 독립서점 및 운영정보,독립서점,사해책방,상시,성인 (개인 방문 적합),"(07947) 서울특별시 양천구 목동중앙북로 33-20 | 위도:37.54238884, 경도:126.8695296",무료입장 (도서 구매 별도),"[사해책방] / 다양한 국내외도서, 원데이클래스 소모임 등 공간 대여 가능, 카페 , 독립출판물 있음 / 운영정보: 평일개점마감시간 : 10:00~19:00, 휴무일 : 일요일 / 전화: 01067274278",https://map.naver.com/v5/search/%EC%82%AC%ED%95%B4%EC%B1%85%EB%B0%A9,single:0.95;couple:0.4;family:0.3;독립서점;cafe:1.0;indie_pub:1.0,2026-08-23 19:50:49,bookstore:1.0;quiet:1.0;indoor:1.0,2,70,📚 혼자만의 시간을 보내기 좋은 조용한 독서 공간
문화공공데이터광장 | 전국 독립서점 및 운영정보,독립서점,살롱드북,상시,성인 (개인 방문 적합),"(08739) 서울특별시 관악구 남부순환로231길 11 태주빌라 1층 | 위도:37.48039632, 경도:126.95698",무료입장 (도서 구매 별도),"[살롱드북] / 책과 술을 판매하는 서점 , 카페 있음, 리뷰 있음 / 운영정보: 평일개점마감시간 : 14:00~22:00토요일개점마감시간 : 14:00~22:00, 휴무일 : 일요일, 월요일 / 전화: 07040072466",https://map.naver.com/v5/search/%EC%82%B4%EB%A1%B1%EB%93%9C%EB%B6%81,single:0.95;couple:0.4;family:0.3;독립서점;cafe:1.0,2026-08-23 19:50:49,bookstore:1.0;quiet:1.0;indoor:1.0,2,70,📚 혼자만의 시간을 보내기 좋은 조용한 독서 공간
문화공공데이터광장 | 전국 독립서점 및 운영정보,독립서점,책방여행마을,상시,성인 (개인 방문 적합),"(08752) 서울특별시 관악구 봉천로 401-1 2층 | 위도:37.48318843, 경도:126.9446607",무료입장 (도서 구매 별도),"[책방여행마을] / 여행 전문 독립 책방 , 독서모임 가능, 리뷰 있음 / 운영정보: 평일개점마감시간 : 14:00~21:00토요일개점마감시간 : 14:00~21:00, 휴무일 : 일요일 / 전화: 01088207914",https://map.naver.com/v5/search/%EC%B1%85%EB%B0%A9%EC%97%AC%ED%96%89%EB%A7%88%EC%9D%84,single:0.95;couple:0.4;family:0.3;독립서점,2026-08-23 19:50:49,bookstore:1.0;quiet:1.0;indoor:1.0,2,70,📚 혼자만의 시간을 보내기 좋은 조용한 독서 공간
문화공공데이터광장 | 전국 독립서점 및 운영정보,독립서점,재론북스,상시,성인 (개인 방문 적합),"(08777) 서울특별시 관악구 신림로 318 1층 101호 재론북스 | 위도:37.4825745, 경도:126.9302525",무료입장 (도서 구매 별도),"[재론북스] / 독립출판물과 북큐레이션 서점. 쌍화차 대추차 커피 등 판매 , 리뷰 있음 / 운영정보: 평일개점마감시간 : 10:30~22:00토요일개점마감시간 : 10:30~21:00일요일개점마감시간 : 13:00~19:00, 휴무일 : 월요일 / 전화: 01098170314",https://map.naver.com/v5/search/%EC%9E%AC%EB%A1%A0%EB%B6%81%EC%8A%A4,single:0.95;couple:0.4;family:0.3;독립서점;cafe:1.0;indie_pub:1.0,2026-08-23 19:50:49,bookstore:1.0;quiet:1.0;indoor:1.0,2,70,📚 혼자만의 시간을 보내기 좋은 조용한 독서 공간
문화공공데이터광장 | 전국 독립서점 및 운영정보,독립서점,관객의 취향,상시,성인 (개인 방문 적합),"(08752) 서울특별시 관악구 양녕로 19 1층,2층 | 위도:37.48385258, 경도:126.9464535",무료입장 (도서 구매 별도),"[관객의 취향] / 독립출판물 주로 취급 , 독립출판물 있음, 리뷰 있음 / 운영정보: 평일개점마감시간 : 13:00~21:00토요일개점마감시간 : 13:00~21:00일요일개점마감시간 : 13:00~21:00, 휴무일 : 월요일, 화요일 / 전화: 07088182046",https://map.naver.com/v5/search/%EA%B4%80%EA%B0%9D%EC%9D%98%20%EC%B7%A8%ED%96%A5,single:0.95;couple:0.4;family:0.3;독립서점;indie_pub:1.0,2026-08-23 19:50:49,bookstore:1.0;quiet:1.0;indoor:1.0,2,70,📚 혼자만의 시간을 보내기 좋은 조용한 독서 공간
문화공공데이터광장 | 전국 독립서점 및 운영정보,독립서점,하얀정원,상시,성인 (개인 방문 적합),"(08740) 서울특별시 관악구 행운1길 40 1층 | 위도:37.48065273, 경도:126.9573874",무료입장 (도서 구매 별도),"[하얀정원] / 헌 책과 새 책, 예술을 사랑하는 사람들의 놀이공간이자 아지트 , 독립출판물 있음, 북토크 가능, 리뷰 있음 / 운영정보: 평일개점마감시간 : 14:00~21:00토요일개점마감시간 : 14:00~21:00, 휴무일 : 일~화요일 정기 휴무 / 전화: 01065550273",https://map.naver.com/v5/search/%ED%95%98%EC%96%80%EC%A0%95%EC%9B%90,single:0.95;couple:0.4;family:0.3;독립서점;indie_pub:1.0,2026-08-23 19:50:49,bookstore:1.0;quiet:1.0;indoor:1.0,2,70,📚 혼자만의 시간을 보내기 좋은 조용한 독서 공간
문화공공데이터광장 | 전국 독립서점 및 운영정보,독립서점,회전문서재,상시,성인 (개인 방문 적합),"(08768) 서울특별시 관악구 조원로2길 55 1층 | 위도:37.4812602, 경도:126.9013739",무료입장 (도서 구매 별도),"[회전문서재] / 구로디지털단지역 느슨한 연대가 매력있는 서점' , 독립출판물 있음, 리뷰 있음 / 운영정보: 평일개점마감시간 : 15:30~20:00토요일개점마감시간 : 13:00~18:00, 휴무일 : 금요일, 일요일 휴무. 인스타그램 참조 / 전화: 050714557025",https://map.naver.com/v5/search/%ED%9A%8C%EC%A0%84%EB%AC%B8%EC%84%9C%EC%9E%AC,single:0.95;couple:0.4;family:0.3;독립서점;indie_pub:1.0,2026-08-23 19:50:49,bookstore:1.0;quiet:1.0;indoor:1.0,2,70,📚 혼자만의 시간을 보내기 좋은 조용한 독서 공간
문화공공데이터광장 | 전국 독립서점 및 운영정보,독립서점,생산적헛소리,상시,성인 (개인 방문 적합),"(05009) 서울특별시 광진구 능동로19길 5 지하 | 위도:37.54688529, 경도:127.0734858",무료입장 (도서 구매 별도),"[생산적헛소리] / 모임과 인문/문화/예술 관련 프로그램을 만들어 운영 , 카페 있음, 독립출판물 있음, 리뷰 있음 / 운영정보: 평일개점마감시간 : 15:00~22:00토요일개점마감시간 : 13:00~19:00, 휴무일 : 일요일 / 전화: 01046752214",https://map.naver.com/v5/search/%EC%83%9D%EC%82%B0%EC%A0%81%ED%97%9B%EC%86%8C%EB%A6%AC,single:0.95;couple:0.4;family:0.3;독립서점;cafe:1.0;indie_pub:1.0,2026-08-23 19:50:49,bookstore:1.0;quiet:1.0;indoor:1.0,2,70,📚 혼자만의 시간을 보내기 좋은 조용한 독서 공간
문화공공데이터광장 | 전국 독립서점 및 운영정보,독립서점,인공위성,상시,성인 (개인 방문 적합),"(08283) 서울특별시 구로구 구로중앙로27가길 32 1층 | 위도:37.497604, 경도:126.8864845",무료입장 (도서 구매 별도),"[인공위성] / 기부도서로 구성되는 질문서점 , 리뷰 있음 / 운영정보: 평일개점마감시간 : 12:00~21:00토요일개점마감시간 : 12:00~21:00일요일개점마감시간 : 12:00~21:00, 휴무일 : 월요일, 화요일 / 전화: 07046420255",https://map.naver.com/v5/search/%EC%9D%B8%EA%B3%B5%EC%9C%84%EC%84%B1,single:0.95;couple:0.4;family:0.3;독립서점,2026-08-23 19:50:49,bookstore:1.0;quiet:1.0;indoor:1.0,2,70,📚 혼자만의 시간을 보내기 좋은 조용한 독서 공간
문화공공데이터광장 | 전국 독립서점 및 운영정보,독립서점,별별그림,상시,성인 (개인 방문 적합),"(03664) 서울특별시 서대문구 증가로6길 43 1층 102호 | 위도:37.57833013, 경도:126.9264653",무료입장 (도서 구매 별도),"[별별그림] / 그림책, 그림 관련 서점, 그림 그리는 서점 , 리뷰 있음 / 운영정보: 평일개점마감시간 : 12:00~20:00토요일개점마감시간 : 13:00~20:00, 휴무일 : 일요일 / 전화: 07041193654",https://map.naver.com/v5/search/%EB%B3%84%EB%B3%84%EA%B7%B8%EB%A6%BC,single:0.95;couple:0.4;family:0.3;독립서점,2026-08-23 19:50:49,bookstore:1.0;quiet:1.0;indoor:1.0,2,70,📚 혼자만의 시간을 보내기 좋은 조용한 독서 공간
문화공공데이터광장 | 전국 독립서점 및 운영정보,독립서점,다독이는 책방,상시,성인 (개인 방문 적합),"(06725) 서울특별시 서초구 남부순환로333길 10 1층 | 위도:37.48316192, 경도:127.0204144",무료입장 (도서 구매 별도),"[다독이는 책방] / 카운셀링 책방. 예약제 , 카페 있음, 독립출판물 있음, 북토크 가능, 독서모임 가능 / 운영정보: 평일개점마감시간 : 08:00~15:00토요일개점마감시간 : 14:00~22:00 / 전화: 01072077839",https://map.naver.com/v5/search/%EB%8B%A4%EB%8F%85%EC%9D%B4%EB%8A%94%20%EC%B1%85%EB%B0%A9,single:0.95;couple:0.4;family:0.3;독립서점;cafe:1.0;indie_pub:1.0,2026-08-23 19:50:49,bookstore:1.0;quiet:1.0;indoor:1.0,2,70,📚 혼자만의 시간을 보내기 좋은 조용한 독서 공간
문화공공데이터광장 | 전국 독립서점 및 운영정보,독립서점,올오어낫싱,상시,성인 (개인 방문 적합),"(08608) 서울특별시 금천구 시흥대로 315 금천롯데캐슬골드파크4차 마르쉐도르960동 2층 206호 | 위도:37.46106886, 경도:126.8972538",무료입장 (도서 구매 별도),"[올오어낫싱] / 독립출판물 외 기타 서적 다량의 책 취급 , 독립출판물 있음, 헌책방 있음, 리뷰 있음 / 운영정보: 평일개점마감시간 : 13:00~21:00토요일개점마감시간 : 13:00~21:00, 휴무일 : 일요일 / 전화: 028677595",https://map.naver.com/v5/search/%EC%98%AC%EC%98%A4%EC%96%B4%EB%82%AB%EC%8B%B1,single:0.95;couple:0.4;family:0.3;독립서점;indie_pub:1.0,2026-08-23 19:50:49,bookstore:1.0;quiet:1.0;indoor:1.0,2,70,📚 혼자만의 시간을 보내기 좋은 조용한 독서 공간
문화공공데이터광장 | 전국 독립서점 및 운영정보,독립서점,책방 책읽는 정원,상시,성인 (개인 방문 적합),"(06783) 서울특별시 서초구 논현로7길 24 101호 | 위도:37.47275824, 경도:127.0479236",무료입장 (도서 구매 별도),"[책방 책읽는 정원] / 금요일 운영시간 주말과 같음. 다섯 명의 책방지기의 큐레이션 서점 , 카페 있음 / 운영정보: 평일개점마감시간 : 12:00~20:00토요일개점마감시간 : 12:00~18:00일요일개점마감시간 : 12:00~18:00, 휴무일 : 월요일, 화요일 / 전화: 0220570401",https://map.naver.com/v5/search/%EC%B1%85%EB%B0%A9%20%EC%B1%85%EC%9D%BD%EB%8A%94%20%EC%A0%95%EC%9B%90,single:0.95;couple:0.4;family:0.3;독립서점;cafe:1.0,2026-08-23 19:50:49,bookstore:1.0;quiet:1.0;indoor:1.0,2,70,📚 혼자만의 시간을 보내기 좋은 조용한 독서 공간
문화공공데이터광장 | 전국 독립서점 및 운영정보,독립서점,책방오늘,상시,성인 (개인 방문 적합),"(06753) 서울특별시 서초구 바우뫼로 154 103호 | 위도:37.47708413, 경도:127.0372754",무료입장 (도서 구매 별도),"[책방오늘] / 인문서적, 예술서, 독립출판, 문학 , 독립출판물 있음, 북토크 가능, 독서모임 가능, 강연 가능 / 운영정보: 평일개점마감시간 : 12:00~20:00토요일개점마감시간 : 12:00~20:00일요일개점마감시간 : 12:00~20:00 / 전화: 025295055",https://map.naver.com/v5/search/%EC%B1%85%EB%B0%A9%EC%98%A4%EB%8A%98,single:0.95;couple:0.4;family:0.3;독립서점;indie_pub:1.0,2026-08-23 19:50:49,bookstore:1.0;quiet:1.0;indoor:1.0,2,70,📚 혼자만의 시간을 보내기 좋은 조용한 독서 공간
문화공공데이터광장 | 전국 독립서점 및 운영정보,독립서점,개러지레옹스,상시,성인 (개인 방문 적합),"(06556) 서울특별시 서초구 방배중앙로 170 지하1층 | 위도:37.49428443, 경도:126.9863216",무료입장 (도서 구매 별도),"[개러지레옹스] / 프랑스서점 프랑스 전문 서점 , 독립출판물 있음, 북토크 가능, 강연 가능 / 운영정보: 평일개점마감시간 : 12:00~21:00토요일개점마감시간 : 13:00~21:00일요일개점마감시간 : 13:00~21:00, 휴무일 : 월요일 / 전화: 07041511110",https://map.naver.com/v5/search/%EA%B0%9C%EB%9F%AC%EC%A7%80%EB%A0%88%EC%98%B9%EC%8A%A4,single:0.95;couple:0.4;family:0.3;독립서점;indie_pub:1.0,2026-08-23 19:50:49,bookstore:1.0;quiet:1.0;indoor:1.0,2,70,📚 혼자만의 시간을 보내기 좋은 조용한 독서 공간
문화공공데이터광장 | 전국 독립서점 및 운영정보,독립서점,믿음문고,상시,성인 (개인 방문 적합),"(06748) 서울특별시 서초구 양재천로 95-4 1F | 위도:37.47619074, 경도:127.0395945",무료입장 (도서 구매 별도),"[믿음문고] / 수요일 22시까지 영업. 신학 철학 심리학 문학 인문사회 과학 예술 서적 , 주차 가능, 화장실 남녀 구분, 독립출판물 있음, 독서모임 가능, 강연 가능, 리뷰 있음 / 운영정보: 평일개점마감시간 : 11:00~19:00토요일개점마감시간 : 11:00~19:00, 휴무일 : 일요일, 월요일 / 전화: 07077763384",https://map.naver.com/v5/search/%EB%AF%BF%EC%9D%8C%EB%AC%B8%EA%B3%A0,single:0.95;couple:0.4;family:0.3;독립서점;indie_pub:1.0,2026-08-23 19:50:49,bookstore:1.0;quiet:1.0;indoor:1.0,2,70,📚 혼자만의 시간을 보내기 좋은 조용한 독서 공간
문화공공데이터광장 | 전국 독립서점 및 운영정보,독립서점,이나이테,상시,성인 (개인 방문 적합),"(06690) 서울특별시 서초구 효령로5길 26-4 1층 | 위도:37.47829563, 경도:126.9860847",무료입장 (도서 구매 별도),"[이나이테] / 도시를 잇는 골목서점 이나이테 , 주차 가능, 화장실 남녀 구분, 리뷰 있음 / 운영정보: 평일개점마감시간 : 10:00~22:00, 휴무일 : 금요일, 주말, 공휴일 / 전화: 025955158",https://map.naver.com/v5/search/%EC%9D%B4%EB%82%98%EC%9D%B4%ED%85%8C,single:0.95;couple:0.4;family:0.3;독립서점,2026-08-23 19:50:49,bookstore:1.0;quiet:1.0;indoor:1.0,2,70,📚 혼자만의 시간을 보내기 좋은 조용한 독서 공간
문화공공데이터광장 | 전국 독립서점 및 운영정보,독립서점,프루스트의 서재,상시,성인 (개인 방문 적합),"(04728) 서울특별시 성동구 무수막길 56 1F | 위도:37.55124523, 경도:127.0219328",무료입장 (도서 구매 별도),"[프루스트의 서재] / 중고서점 , 독립출판물 있음, 독서모임 가능 / 운영정보: 평일개점마감시간 : 13:00~20:00토요일개점마감시간 : 13:00~20:00 / 전화: 01089882682",https://map.naver.com/v5/search/%ED%94%84%EB%A3%A8%EC%8A%A4%ED%8A%B8%EC%9D%98%20%EC%84%9C%EC%9E%AC,single:0.95;couple:0.4;family:0.3;독립서점;indie_pub:1.0,2026-08-23 19:50:49,bookstore:1.0;quiet:1.0;indoor:1.0,2,70,📚 혼자만의 시간을 보내기 좋은 조용한 독서 공간
문화공공데이터광장 | 전국 독립서점 및 운영정보,독립서점,도도봉봉,상시,성인 (개인 방문 적합),"(01456) 서울특별시 도봉구 도봉로114길 57 1층 도도봉봉 | 위도:37.64770259, 경도:127.0375133",무료입장 (도서 구매 별도),"[도도봉봉] / 문학, 예술, 만화, 독립출판물 , 리뷰 있음 / 운영정보: 평일개점마감시간 : 15:30~20:30토요일개점마감시간 : 15:30~20:30, 휴무일 : 일요일, 월요일 / 전화: 01067703357",https://map.naver.com/v5/search/%EB%8F%84%EB%8F%84%EB%B4%89%EB%B4%89,single:0.95;couple:0.4;family:0.3;독립서점;indie_pub:1.0,2026-08-23 19:50:49,bookstore:1.0;quiet:1.0;indoor:1.0,2,70,📚 혼자만의 시간을 보내기 좋은 조용한 독서 공간
문화공공데이터광장 | 전국 독립서점 및 운영정보,독립서점,영화책방 35mm,상시,성인 (개인 방문 적합),"(02529) 서울특별시 동대문구 답십리로63길 30 101호 | 위도:37.57385508, 경도:127.0686033",무료입장 (도서 구매 별도),"[영화책방 35mm] / 수요일 목요일 문의 후 방문. 영화를 테마로 하는 책방 , 독립출판물 있음 / 운영정보: 평일개점마감시간 : 12:00~20:00토요일개점마감시간 : 12:00~20:00일요일개점마감시간 : 12:00~20:00, 휴무일 : 월요일, 화요일 / 전화: 01059188068",https://map.naver.com/v5/search/%EC%98%81%ED%99%94%EC%B1%85%EB%B0%A9%2035mm,single:0.95;couple:0.4;family:0.3;독립서점;indie_pub:1.0,2026-08-23 19:50:49,bookstore:1.0;quiet:1.0;indoor:1.0,2,70,📚 혼자만의 시간을 보내기 좋은 조용한 독서 공간
문화공공데이터광장 | 전국 독립서점 및 운영정보,독립서점,책방 오후 다섯시,상시,성인 (개인 방문 적합),"(02460) 서울특별시 동대문구 회기로26길 14 | 위도:37.59026161, 경도:127.0542982",무료입장 (도서 구매 별도),"[책방 오후 다섯시] / 카페 있음, 독립출판물 있음 / 전화: 정보없음",https://map.naver.com/v5/search/%EC%B1%85%EB%B0%A9%20%EC%98%A4%ED%9B%84%20%EB%8B%A4%EC%84%AF%EC%8B%9C,single:0.95;couple:0.4;family:0.3;독립서점;cafe:1.0;indie_pub:1.0,2026-08-23 19:50:49,bookstore:1.0;quiet:1.0;indoor:1.0,2,70,📚 혼자만의 시간을 보내기 좋은 조용한 독서 공간
문화공공데이터광장 | 전국 독립서점 및 운영정보,독립서점,어나더더블유,상시,성인 (개인 방문 적합),"(07013) 서울특별시 동작구 사당로30길 42 | 위도:37.48308249, 경도:126.9808299",무료입장 (도서 구매 별도),"[어나더더블유] / 월요일 오후2시반 오픈, 금요일 오후 5시 마감. 당신의 이야기가 책이 되는 곳 / 운영정보: 평일개점마감시간 : 11:30~19:00, 휴무일 : 주말 / 전화: 01099329054",https://map.naver.com/v5/search/%EC%96%B4%EB%82%98%EB%8D%94%EB%8D%94%EB%B8%94%EC%9C%A0,single:0.95;couple:0.4;family:0.3;독립서점,2026-08-23 19:50:49,bookstore:1.0;quiet:1.0;indoor:1.0,2,70,📚 혼자만의 시간을 보내기 좋은 조용한 독서 공간
문화공공데이터광장 | 전국 독립서점 및 운영정보,독립서점,ZEROHUNDRED,상시,성인 (개인 방문 적합),"(04007) 서울특별시 마포구 망원로2길 19 호강주택 상가 1층 3호 | 위도:37.55555102, 경도:126.9009083",무료입장 (도서 구매 별도),"[ZEROHUNDRED] / 인쇄출판물 위주로 소개하는 서점 , 주차 가능, 화장실 남녀 구분, 북토크 가능, 독서모임 가능, 강연 가능 / 전화: 01056511324",https://map.naver.com/v5/search/ZEROHUNDRED,single:0.95;couple:0.4;family:0.3;독립서점,2026-08-23 19:50:49,bookstore:1.0;quiet:1.0;indoor:1.0,2,70,📚 혼자만의 시간을 보내기 좋은 조용한 독서 공간
문화공공데이터광장 | 전국 독립서점 및 운영정보,독립서점,piece,상시,성인 (개인 방문 적합),"(03973) 서울특별시 마포구 성미산로11길 63 | 위도:37.56342697, 경도:126.9156205",무료입장 (도서 구매 별도),"[piece] / 국내외 사진집과 오리지널 프린트 취급 , 카페 있음, 독서모임 가능 / 운영정보: 평일개점마감시간 : 13:00~20:00토요일개점마감시간 : 13:00~20:00일요일개점마감시간 : 13:00~20:00, 휴무일 : 목요일 / 전화: 01049174133",https://map.naver.com/v5/search/piece,single:0.95;couple:0.4;family:0.3;독립서점;cafe:1.0,2026-08-23 19:50:49,bookstore:1.0;quiet:1.0;indoor:1.0,2,70,📚 혼자만의 시간을 보내기 좋은 조용한 독서 공간
문화공공데이터광장 | 전국 독립서점 및 운영정보,독립서점,서점 리스본,상시,성인 (개인 방문 적합),"(03979) 서울특별시 마포구 성미산로23길 60 | 위도:37.56608962, 경도:126.9200531",무료입장 (도서 구매 별도),"[서점 리스본] / 생일책, 비밀책 등 다양한 테마가 있는 서점 , 카페 있음, 독립출판물 있음 / 운영정보: 평일개점마감시간 : 13:00~20:00토요일개점마감시간 : 13:00~20:00일요일개점마감시간 : 13:00~20:00, 휴무일 : 월요일 / 전화: 01095482360",https://map.naver.com/v5/search/%EC%84%9C%EC%A0%90%20%EB%A6%AC%EC%8A%A4%EB%B3%B8,single:0.95;couple:0.4;family:0.3;독립서점;cafe:1.0;indie_pub:1.0,2026-08-23 19:50:49,bookstore:1.0;quiet:1.0;indoor:1.0,2,70,📚 혼자만의 시간을 보내기 좋은 조용한 독서 공간
문화공공데이터광장 | 전국 독립서점 및 운영정보,독립서점,낫저스트북스,상시,성인 (개인 방문 적합),"(04779) 서울특별시 성동구 성수일로1길 10-1 1층 | 위도:37.54190854, 경도:127.047425",무료입장 (도서 구매 별도),"[낫저스트북스] / 월금토 1-9pm, 수목일 1-6pm 영업 책방지기가 선정한 책으로 구성 , 독립출판물 있음, 강연 가능 / 운영정보: 평일개점마감시간 : 13:00~21:00토요일개점마감시간 : 13:00~21:00일요일개점마감시간 : 13:00~18:00, 휴무일 : 화요일 / 전화: 07041122016",https://map.naver.com/v5/search/%EB%82%AB%EC%A0%80%EC%8A%A4%ED%8A%B8%EB%B6%81%EC%8A%A4,single:0.95;couple:0.4;family:0.3;독립서점;indie_pub:1.0,2026-08-23 19:50:49,bookstore:1.0;quiet:1.0;indoor:1.0,2,70,📚 혼자만의 시간을 보내기 좋은 조용한 독서 공간
문화공공데이터광장 | 전국 독립서점 및 운영정보,독립서점,옥수서재,상시,성인 (개인 방문 적합),"(04735) 서울특별시 성동구 한림말1길 16-1 B1층 | 위도:37.54272406, 경도:127.0164052",무료입장 (도서 구매 별도),"[옥수서재] / 역사, 문학, 예술, 어린이 책들 그리고 커피와 차 / 운영정보: 평일개점마감시간 : 12:00~20:00토요일개점마감시간 : 12:00~18:00, 휴무일 : 일요일, 공휴일 / 전화: 01054733012",https://map.naver.com/v5/search/%EC%98%A5%EC%88%98%EC%84%9C%EC%9E%AC,single:0.95;couple:0.4;family:0.3;독립서점;cafe:1.0,2026-08-23 19:50:49,bookstore:1.0;quiet:1.0;indoor:1.0,2,70,📚 혼자만의 시간을 보내기 좋은 조용한 독서 공간
문화공공데이터광장 | 전국 독립서점 및 운영정보,독립서점,책방 곱셈,상시,성인 (개인 방문 적합),"(03979) 서울특별시 마포구 성미산로29길 33 1층 | 위도:37.56533056, 경도:126.9217846",무료입장 (도서 구매 별도),"[책방 곱셈] / 출판관계자 및 디자이너 영감 도서 , 독립출판물 있음 / 운영정보: 평일개점마감시간 : 12:00~19:00토요일개점마감시간 : 12:00~20:00일요일개점마감시간 : 14:00~20:00, 휴무일 : 격주 일요일 / 전화: 023368063",https://map.naver.com/v5/search/%EC%B1%85%EB%B0%A9%20%EA%B3%B1%EC%85%88,single:0.95;couple:0.4;family:0.3;독립서점;indie_pub:1.0,2026-08-23 19:50:49,bookstore:1.0;quiet:1.0;indoor:1.0,2,70,📚 혼자만의 시간을 보내기 좋은 조용한 독서 공간
문화공공데이터광장 | 전국 독립서점 및 운영정보,독립서점,구슬꿰는실,상시,성인 (개인 방문 적합),"(04074) 서울특별시 마포구 어울마당로2길 19 3층 | 위도:37.54610691, 경도:126.9203075",무료입장 (도서 구매 별도),"[구슬꿰는실] / 방문 전 운영 여부와 이용 가능 시간 확인 必. 사회복지 전문 서점 , 주차 가능, 화장실 남녀 구분, 리뷰 있음 / 전화: 0263687949",https://map.naver.com/v5/search/%EA%B5%AC%EC%8A%AC%EA%BF%B0%EB%8A%94%EC%8B%A4,single:0.95;couple:0.4;family:0.3;독립서점,2026-08-23 19:50:49,bookstore:1.0;quiet:1.0;indoor:1.0,2,70,📚 혼자만의 시간을 보내기 좋은 조용한 독서 공간
문화공공데이터광장 | 전국 독립서점 및 운영정보,독립서점,아인서점,상시,성인 (개인 방문 적합),"(04025) 서울특별시 마포구 월드컵로3길 31-30 3층 | 위도:37.54990425, 경도:126.9109275",무료입장 (도서 구매 별도),"[아인서점] / 독립출판물 전문 서점 , 독립출판물 있음, 북토크 가능, 독서모임 가능, 강연 가능 / 운영정보: 평일개점마감시간 : 13:00~19:00토요일개점마감시간 : 13:00~19:00일요일개점마감시간 : 13:00~19:00 / 전화: 07086670033",https://map.naver.com/v5/search/%EC%95%84%EC%9D%B8%EC%84%9C%EC%A0%90,single:0.95;couple:0.4;family:0.3;독립서점;indie_pub:1.0,2026-08-23 19:50:49,bookstore:1.0;quiet:1.0;indoor:1.0,2,70,📚 혼자만의 시간을 보내기 좋은 조용한 독서 공간
문화공공데이터광장 | 전국 독립서점 및 운영정보,독립서점,수수책방,상시,성인 (개인 방문 적합),"(04085) 서울특별시 마포구 토정로 8-7 1층 | 위도:37.54538004, 경도:126.9117968",무료입장 (도서 구매 별도),"[수수책방] / 책과 차. 전시회, 문화예술, 소모임 대관 등 , 주차 가능, 화장실 남녀 구분, 카페 있음, 독립출판물 있음, 북토크 가능, 독서모임 가능, 강연 가능 / 전화: 023363625",https://map.naver.com/v5/search/%EC%88%98%EC%88%98%EC%B1%85%EB%B0%A9,single:0.95;couple:0.4;family:0.3;독립서점;cafe:1.0;indie_pub:1.0,2026-08-23 19:50:49,bookstore:1.0;quiet:1.0;indoor:1.0,2,70,📚 혼자만의 시간을 보내기 좋은 조용한 독서 공간
문화공공데이터광장 | 전국 독립서점 및 운영정보,독립서점,원애플어데이,상시,성인 (개인 방문 적합),"(02829) 서울특별시 성북구 동소문로29길 10 1층 | 위도:37.59636004, 경도:127.0202984",무료입장 (도서 구매 별도),"[원애플어데이] / 독립 서적물 및 출판. 맥주, 커피 , 카페 있음, 북토크 가능, 독서모임 가능, 강연 가능 / 운영정보: 평일개점마감시간 : 13:00~20:00토요일개점마감시간 : 13:00~20:00일요일개점마감시간 : 13:00~20:00, 휴무일 : 월요일, 화요일 / 전화: 01027592332",https://map.naver.com/v5/search/%EC%9B%90%EC%95%A0%ED%94%8C%EC%96%B4%EB%8D%B0%EC%9D%B4,single:0.95;couple:0.4;family:0.3;독립서점;cafe:1.0,2026-08-23 19:50:49,bookstore:1.0;quiet:1.0;indoor:1.0,2,70,📚 혼자만의 시간을 보내기 좋은 조용한 독서 공간
문화공공데이터광장 | 전국 독립서점 및 운영정보,독립서점,일일문고,상시,성인 (개인 방문 적합),"(02725) 서울특별시 성북구 삼양로 27 1층 | 위도:37.60559337, 경도:127.0239644",무료입장 (도서 구매 별도),"[일일문고] / 독립출판물과 건축, 디자인 서적을 판매 / 운영정보: 평일개점마감시간 : 13:00~20:00토요일개점마감시간 : 13:00~20:00일요일개점마감시간 : 13:00~20:00, 휴무일 : 월요일 / 전화: 07077058209",https://map.naver.com/v5/search/%EC%9D%BC%EC%9D%BC%EB%AC%B8%EA%B3%A0,single:0.95;couple:0.4;family:0.3;독립서점;indie_pub:1.0,2026-08-23 19:50:49,bookstore:1.0;quiet:1.0;indoor:1.0,2,70,📚 혼자만의 시간을 보내기 좋은 조용한 독서 공간
문화공공데이터광장 | 전국 독립서점 및 운영정보,독립서점,사적인서점,상시,성인 (개인 방문 적합),"(05510) 서울특별시 송파구 올림픽로 269 롯데캐슬골드 지하1층 교보잠실점 | 위도:37.51442767, 경도:127.1006116",무료입장 (도서 구매 별도),"[사적인서점] / 책처방, 맞춤책, 큐레이션서점 , 북토크 가능, 독서모임 가능, 강연 가능 / 운영정보: 평일개점마감시간 : 12:00~21:00토요일개점마감시간 : 12:00~21:00일요일개점마감시간 : 12:00~21:00휴무일개점마감시간 : 12:00~21:00, 휴무일 : 설날, 추석 당일 / 전화: 07041511001",https://map.naver.com/v5/search/%EC%82%AC%EC%A0%81%EC%9D%B8%EC%84%9C%EC%A0%90,single:0.95;couple:0.4;family:0.3;독립서점,2026-08-23 19:50:49,bookstore:1.0;quiet:1.0;indoor:1.0,2,70,📚 혼자만의 시간을 보내기 좋은 조용한 독서 공간
문화공공데이터광장 | 전국 독립서점 및 운영정보,독립서점,플리커책방,상시,성인 (개인 방문 적합),"(55348) 전북 완주군 소양면 송광수만로 500 | 위도:35.9040036, 경도:127.2428363",무료입장 (도서 구매 별도),"[플리커책방] / 북토크가 가능한 독립서점 , 주차 가능, 북토크 가능, 리뷰 있음 / 운영정보: 평일개점마감시간 : 12:00~18:30토요일개점마감시간 : 12:00~18:30일요일개점마감시간 : 12:00~18:30, 휴무일 : 월, 화 휴무 / 전화: 050713496223",https://map.naver.com/v5/search/%ED%94%8C%EB%A6%AC%EC%BB%A4%EC%B1%85%EB%B0%A9,single:0.95;couple:0.4;family:0.3;독립서점,2026-08-23 19:50:49,bookstore:1.0;quiet:1.0;indoor:1.0,2,70,📚 혼자만의 시간을 보내기 좋은 조용한 독서 공간
문화공공데이터광장 | 전국 독립서점 및 운영정보,독립서점,버틀러북스토어,상시,성인 (개인 방문 적합),"(54023) 전북 군산시 동국사길 4 | 위도:35.9839174, 경도:126.7082668",무료입장 (도서 구매 별도),"[버틀러북스토어] / 책과 커피, 고양이가 있는 독립서점 , 북토크 가능, 독서모임 가능, 리뷰 있음 / 전화: 01042055399",https://map.naver.com/v5/search/%EB%B2%84%ED%8B%80%EB%9F%AC%EB%B6%81%EC%8A%A4%ED%86%A0%EC%96%B4,single:0.95;couple:0.4;family:0.3;독립서점;cafe:1.0,2026-08-23 19:50:49,bookstore:1.0;quiet:1.0;indoor:1.0,2,70,📚 혼자만의 시간을 보내기 좋은 조용한 독서 공간
문화공공데이터광장 | 전국 독립서점 및 운영정보,독립서점,하늘책방,상시,성인 (개인 방문 적합),"(54021) 전북 군산시 구영5길 100 | 위도:35.9883917, 경도:126.710323",무료입장 (도서 구매 별도),"[하늘책방] / 1층은 서점, 2,3층은 게스트하우스 , 주차 가능, 리뷰 있음 / 전화: 01046584678",https://map.naver.com/v5/search/%ED%95%98%EB%8A%98%EC%B1%85%EB%B0%A9,single:0.95;couple:0.4;family:0.3;독립서점,2026-08-23 19:50:49,bookstore:1.0;quiet:1.0;indoor:1.0,2,70,📚 혼자만의 시간을 보내기 좋은 조용한 독서 공간
문화공공데이터광장 | 전국 독립서점 및 운영정보,독립서점,리루서점,상시,성인 (개인 방문 적합),"(54034) 전북 군산시 구암3.1로 116 (경암동) | 위도:35.9813487, 경도:126.7319049",무료입장 (도서 구매 별도),"[리루서점] / 군산 경암동 철길마을에 있는 작은 독립서점 , 리뷰 있음 / 운영정보: 평일개점마감시간 : 11:00~18:00토요일개점마감시간 : 11:00~18:00일요일개점마감시간 : 11:00~18:00, 휴무일 : 월요일 휴무 / 전화: 050713107091",https://map.naver.com/v5/search/%EB%A6%AC%EB%A3%A8%EC%84%9C%EC%A0%90,single:0.95;couple:0.4;family:0.3;독립서점,2026-08-23 19:50:49,bookstore:1.0;quiet:1.0;indoor:1.0,2,70,📚 혼자만의 시간을 보내기 좋은 조용한 독서 공간
문화공공데이터광장 | 전국 독립서점 및 운영정보,독립서점,도보책방,상시,성인 (개인 방문 적합),"(55715) 전북 남원시 인월면 인월장터로 6 1층, 도보책방 | 위도:35.4603181, 경도:127.6019891",무료입장 (도서 구매 별도),"[도보책방] / 지리산을 가까이 둔 동네책방으로 지리산둘레길 3코스 시작점인 인월에 위치 , 리뷰 있음 / 운영정보: 평일개점마감시간 : 11:00~18:00토요일개점마감시간 : 11:00~18:00일요일개점마감시간 : 11:00~18:00, 휴무일 : 화요일 휴무 / 전화: 050713521426",https://map.naver.com/v5/search/%EB%8F%84%EB%B3%B4%EC%B1%85%EB%B0%A9,single:0.95;couple:0.4;family:0.3;독립서점,2026-08-23 19:50:49,bookstore:1.0;quiet:1.0;indoor:1.0,2,70,📚 혼자만의 시간을 보내기 좋은 조용한 독서 공간
문화공공데이터광장 | 전국 독립서점 및 운영정보,독립서점,블루본즈 1호점,상시,성인 (개인 방문 적합),"(54647) 전북 익산시 동서로5길 116 2층 블루본즈 카페 | 위도:35.9600667, 경도:126.960232",무료입장 (도서 구매 별도),"[블루본즈 1호점] / 사색 할 수 있는공간 , 카페 있음, 독립출판물 있음, 독서모임 가능, 리뷰 있음 / 운영정보: 평일개점마감시간 : 12:00~21:00토요일개점마감시간 : 12:00~21:00일요일개점마감시간 : 12:00~21:00 / 전화: 01099308129",https://map.naver.com/v5/search/%EB%B8%94%EB%A3%A8%EB%B3%B8%EC%A6%88%201%ED%98%B8%EC%A0%90,single:0.95;couple:0.4;family:0.3;독립서점;cafe:1.0;indie_pub:1.0,2026-08-23 19:50:49,bookstore:1.0;quiet:1.0;indoor:1.0,2,70,📚 혼자만의 시간을 보내기 좋은 조용한 독서 공간
문화공공데이터광장 | 전국 독립서점 및 운영정보,독립서점,작은새책방,상시,성인 (개인 방문 적합),"(56192) 전북 정읍시 학산로 51-1 | 위도:35.5622527, 경도:126.8703337",무료입장 (도서 구매 별도),"[작은새책방] / 주차 가능, 화장실 남녀 구분 / 운영정보: 평일개점마감시간 : 10:00~18:00토요일개점마감시간 : 10:00~18:00, 휴무일 : 일, 월 휴무 / 전화: 050713992351",https://map.naver.com/v5/search/%EC%9E%91%EC%9D%80%EC%83%88%EC%B1%85%EB%B0%A9,single:0.95;couple:0.4;family:0.3;독립서점,2026-08-23 19:50:49,bookstore:1.0;quiet:1.0;indoor:1.0,2,70,📚 혼자만의 시간을 보내기 좋은 조용한 독서 공간
문화공공데이터광장 | 전국 독립서점 및 운영정보,독립서점,유화당,상시,성인 (개인 방문 적합),"(63595) 제주 서귀포시 태평로 409-2 | 위도:33.24551, 경도:126.56398",무료입장 (도서 구매 별도),"[유화당] / 리뷰 있음 / 운영정보: 평일개점마감시간 : 10:00~21:00토요일개점마감시간 : 10:00~21:00, 휴무일 : 월요일 12:00~21:00, 일요일 휴무 / 전화: 01064715880",https://map.naver.com/v5/search/%EC%9C%A0%ED%99%94%EB%8B%B9,single:0.95;couple:0.4;family:0.3;독립서점,2026-08-23 19:50:49,bookstore:1.0;quiet:1.0;indoor:1.0,2,70,📚 혼자만의 시간을 보내기 좋은 조용한 독서 공간
문화공공데이터광장 | 전국 독립서점 및 운영정보,독립서점,푸근한곰아저씨,상시,성인 (개인 방문 적합),"(63617) 제주 서귀포시 남원읍 태신해안로 125 2층 | 위도:33.30086, 경도:126.77074",무료입장 (도서 구매 별도),"[푸근한곰아저씨] / 한적한 어촌 마을 느린 시간이 흐르는 책방 입니다 , 리뷰 있음 / 운영정보: 평일개점마감시간 : 11:00~17:00토요일개점마감시간 : 11:00~17:00일요일개점마감시간 : 11:00~17:00 / 전화: 050714951035",https://map.naver.com/v5/search/%ED%91%B8%EA%B7%BC%ED%95%9C%EA%B3%B0%EC%95%84%EC%A0%80%EC%94%A8,single:0.95;couple:0.4;family:0.3;독립서점,2026-08-23 19:50:49,bookstore:1.0;quiet:1.0;indoor:1.0,2,70,📚 혼자만의 시간을 보내기 좋은 조용한 독서 공간
문화공공데이터광장 | 전국 독립서점 및 운영정보,독립서점,웃한책방,상시,성인 (개인 방문 적합),"(63364) 제주특별자치도 제주시 구좌읍 종달로1길 38-24 | 위도:33.4950433, 경도:126.8999225",무료입장 (도서 구매 별도),"[웃한책방] / 뜬금없는 만화,책방,소품 , 독립출판물 있음, 리뷰 있음 / 전화: 정보없음",https://map.naver.com/v5/search/%EC%9B%83%ED%95%9C%EC%B1%85%EB%B0%A9,single:0.95;couple:0.4;family:0.3;독립서점;indie_pub:1.0,2026-08-23 19:50:49,bookstore:1.0;quiet:1.0;indoor:1.0,2,70,📚 혼자만의 시간을 보내기 좋은 조용한 독서 공간
문화공공데이터광장 | 전국 독립서점 및 운영정보,독립서점,책약방,상시,성인 (개인 방문 적합),"(63364) 제주특별자치도 제주시 구좌읍 종달로5길 11 | 위도:33.49301721, 경도:126.8975716",무료입장 (도서 구매 별도),"[책약방] / 따듯한 느낌의 동네 책방 , 화장실 있음, 독립출판물 있음, 리뷰 있음 / 전화: 050713742031",https://map.naver.com/v5/search/%EC%B1%85%EC%95%BD%EB%B0%A9,single:0.95;couple:0.4;family:0.3;독립서점;indie_pub:1.0,2026-08-23 19:50:49,bookstore:1.0;quiet:1.0;indoor:1.0,2,70,📚 혼자만의 시간을 보내기 좋은 조용한 독서 공간
문화공공데이터광장 | 전국 독립서점 및 운영정보,독립서점,북다마스,상시,성인 (개인 방문 적합),"(63522) 제주 서귀포시 안덕면 서광동로25번길 13 버터행성706 | 위도:33.28846, 경도:126.32976",무료입장 (도서 구매 별도),"[북다마스] / 다마스 차량이 아닌 버터행성706 카페 한 켠에서 운영하는 숍인숍 책방 , 주차 가능, 리뷰 있음 / 운영정보: 평일개점마감시간 : 10:00~22:00토요일개점마감시간 : 10:00~22:00일요일개점마감시간 : 10:00~22:00 / 전화: 050713149448",https://map.naver.com/v5/search/%EB%B6%81%EB%8B%A4%EB%A7%88%EC%8A%A4,single:0.95;couple:0.4;family:0.3;독립서점;cafe:1.0,2026-08-23 19:50:49,bookstore:1.0;quiet:1.0;indoor:1.0,2,70,📚 혼자만의 시간을 보내기 좋은 조용한 독서 공간
문화공공데이터광장 | 전국 독립서점 및 운영정보,독립서점,캔디책방,상시,성인 (개인 방문 적합),"(63634) 제주 서귀포시 성산읍 일주동로 5210 캔디책방 | 위도:33.37322, 경도:126.87063",무료입장 (도서 구매 별도),"[캔디책방] / 책을 통한 마음치료인 독심술, 무비세라피, 미라클모닝 등 다양한 프로그램을 공유 , 주차 가능, 카페 있음, 리뷰 있음 / 운영정보: 평일개점마감시간 : 10:00~18:00토요일개점마감시간 : 10:00~18:00, 휴무일 : 일요일 휴무 / 전화: 0647878291",https://map.naver.com/v5/search/%EC%BA%94%EB%94%94%EC%B1%85%EB%B0%A9,single:0.95;couple:0.4;family:0.3;독립서점;cafe:1.0,2026-08-23 19:50:49,bookstore:1.0;quiet:1.0;indoor:1.0,2,70,📚 혼자만의 시간을 보내기 좋은 조용한 독서 공간
문화공공데이터광장 | 전국 독립서점 및 운영정보,독립서점,책가방,상시,성인 (개인 방문 적합),"(63265) 제주특별자치도 제주시 동문로14길 11 | 위도:33.51253788, 경도:126.5333951",무료입장 (도서 구매 별도),"[책가방] / 전시와 문화생활을 함께 할 수 있는 분위기 있는 동네책방 , 카페 있음, 리뷰 있음 / 운영정보: 평일개점마감시간 : 13:00~18:00토요일개점마감시간 : 13:00~18:00일요일개점마감시간 : 12:00~16:00, 휴무일 : 월요일 휴무 / 전화: 050713576787",https://map.naver.com/v5/search/%EC%B1%85%EA%B0%80%EB%B0%A9,single:0.95;couple:0.4;family:0.3;독립서점;cafe:1.0,2026-08-23 19:50:49,bookstore:1.0;quiet:1.0;indoor:1.0,2,70,📚 혼자만의 시간을 보내기 좋은 조용한 독서 공간
문화공공데이터광장 | 전국 독립서점 및 운영정보,독립서점,시간이머무는책방,상시,성인 (개인 방문 적합),"(63634) 제주 서귀포시 성산읍 환해장성로 65 | 위도:33.37889, 경도:126.87968",무료입장 (도서 구매 별도),"[시간이머무는책방] / 바０×?위치한 소중한 책, 아름다운책, 귀한책을 품고있는 작은 책방 , 주차 가능, 헌책방 있음, 리뷰 있음 / 운영정보: 평일개점마감시간 : 10:00~18:00토요일개점마감시간 : 10:00~18:00, 휴무일 : 일요일 휴무 / 전화: 050713393020",https://map.naver.com/v5/search/%EC%8B%9C%EA%B0%84%EC%9D%B4%EB%A8%B8%EB%AC%B4%EB%8A%94%EC%B1%85%EB%B0%A9,single:0.95;couple:0.4;family:0.3;독립서점,2026-08-23 19:50:49,bookstore:1.0;quiet:1.0;indoor:1.0,2,70,📚 혼자만의 시간을 보내기 좋은 조용한 독서 공간
문화공공데이터광장 | 전국 독립서점 및 운영정보,독립서점,이후북스 제주점,상시,성인 (개인 방문 적합),"(63168) 제주 제주시 관덕로4길 3 | 위도:33.51274, 경도:126.52152",무료입장 (도서 구매 별도),"[이후북스 제주점] / 감성 에세이, 그림엽서가 많은 책방 , 주차 가능, 카페 있음, 리뷰 있음 / 운영정보: 평일개점마감시간 : 12:00~18:00토요일개점마감시간 : 12:00~18:00일요일개점마감시간 : 12:00~18:00휴무일개점마감시간 : 12:00~18:00 / 전화: 01030228520",https://map.naver.com/v5/search/%EC%9D%B4%ED%9B%84%EB%B6%81%EC%8A%A4%20%EC%A0%9C%EC%A3%BC%EC%A0%90,single:0.95;couple:0.4;family:0.3;독립서점;cafe:1.0,2026-08-23 19:50:49,bookstore:1.0;quiet:1.0;indoor:1.0,2,70,📚 혼자만의 시간을 보내기 좋은 조용한 독서 공간
문화공공데이터광장 | 전국 독립서점 및 운영정보,독립서점,애월책방 이다,상시,성인 (개인 방문 적합),"(63046) 제주 제주시 애월읍 고내북동길 15 1층 | 위도:33.4666, 경도:126.34029",무료입장 (도서 구매 별도),"[애월책방 이다] / 분위기 좋은 책방 , 리뷰 있음 / 운영정보: 평일개점마감시간 : 10:30~18:30토요일개점마감시간 : 10:30~18:30일요일개점마감시간 : 10:30~18:30, 휴무일 : 월,화 정기휴무 / 전화: 050713429728",https://map.naver.com/v5/search/%EC%95%A0%EC%9B%94%EC%B1%85%EB%B0%A9%20%EC%9D%B4%EB%8B%A4,single:0.95;couple:0.4;family:0.3;독립서점,2026-08-23 19:50:49,bookstore:1.0;quiet:1.0;indoor:1.0,2,70,📚 혼자만의 시간을 보내기 좋은 조용한 독서 공간
문화공공데이터광장 | 전국 독립서점 및 운영정보,독립서점,딜다책방,상시,성인 (개인 방문 적합),"(63194) 제주특별자치도 제주시 삼성로1길 1 , 1층 | 위도:33.50542417, 경도:126.5272239",무료입장 (도서 구매 별도),"[딜다책방] / 개인적인 감성과 감정을 대중들과 공유하고 재생산 과정을 통해 새로운 컨텐츠를 양산하고자 설립된 문화예술컨텐츠 기획사 , 카페 있음, 독립출판물 있음, 리뷰 있음 / 운영정보: 평일개점마감시간 : 10:00~18:00토요일개점마감시간 : 10:00~18:00일요일개점마감시간 : 10:00~18:00 / 전화: 0647234441",https://map.naver.com/v5/search/%EB%94%9C%EB%8B%A4%EC%B1%85%EB%B0%A9,single:0.95;couple:0.4;family:0.3;독립서점;cafe:1.0;indie_pub:1.0,2026-08-23 19:50:49,bookstore:1.0;quiet:1.0;indoor:1.0,2,70,📚 혼자만의 시간을 보내기 좋은 조용한 독서 공간
문화공공데이터광장 | 전국 독립서점 및 운영정보,독립서점,나이롱책방,상시,성인 (개인 방문 적합),"(63168) 제주 제주시 관덕로8길 17 2층 | 위도:33.51267, 경도:126.52354",무료입장 (도서 구매 별도),"[나이롱책방] / 독립출판물,중고책,셀렉션북을 판매하는 작은서점 , 독립출판물 있음, 리뷰 있음 / 운영정보: 평일개점마감시간 : 12:00~19:00토요일개점마감시간 : 12:00~19:00일요일개점마감시간 : 12:00~19:00, 휴무일 : 수요일, 목요일, 공휴일 휴무 / 전화: 01020688984",https://map.naver.com/v5/search/%EB%82%98%EC%9D%B4%EB%A1%B1%EC%B1%85%EB%B0%A9,single:0.95;couple:0.4;family:0.3;독립서점;indie_pub:1.0,2026-08-23 19:50:49,bookstore:1.0;quiet:1.0;indoor:1.0,2,70,📚 혼자만의 시간을 보내기 좋은 조용한 독서 공간
문화공공데이터광장 | 전국 독립서점 및 운영정보,독립서점,몽캐는책고팡,상시,성인 (개인 방문 적합),"(63036) 제주특별자치도 제주시 애월읍 고하상로 125-1 순여네국수, 하가1476 맞은 편 초록지붕 | 위도:33.45552014, 경도:126.3491465",무료입장 (도서 구매 별도),"[몽캐는책고팡] / 제주 전통가옥에 있는 작은 책방 , 리뷰 있음 / 운영정보: 평일개점마감시간 : 13:30~21:30토요일개점마감시간 : 13:30~21:30, 휴무일 : 화, 수, 목,일 정기휴무 / 전화: 050713620879",https://map.naver.com/v5/search/%EB%AA%BD%EC%BA%90%EB%8A%94%EC%B1%85%EA%B3%A0%ED%8C%A1,single:0.95;couple:0.4;family:0.3;독립서점,2026-08-23 19:50:49,bookstore:1.0;quiet:1.0;indoor:1.0,2,70,📚 혼자만의 시간을 보내기 좋은 조용한 독서 공간
문화공공데이터광장 | 전국 독립서점 및 운영정보,독립서점,보배책방,상시,성인 (개인 방문 적합),"(63035) 제주 제주시 애월읍 납읍로2길 15-1 단독건물 | 위도:33.439446, 경도:126.32878",무료입장 (도서 구매 별도),"[보배책방] / 인문교양도서 위주의 독립서점 , 리뷰 있음 / 전화: 050713276672",https://map.naver.com/v5/search/%EB%B3%B4%EB%B0%B0%EC%B1%85%EB%B0%A9,single:0.95;couple:0.4;family:0.3;독립서점,2026-08-23 19:50:49,bookstore:1.0;quiet:1.0;indoor:1.0,2,70,📚 혼자만의 시간을 보내기 좋은 조용한 독서 공간
문화공공데이터광장 | 전국 독립서점 및 운영정보,독립서점,밤수지맨드라미 책방,상시,성인 (개인 방문 적합),"(63365) 제주특별자치도 제주시 우도면 우도해안길 530 | 위도:33.52071739, 경도:126.9484813",무료입장 (도서 구매 별도),"[밤수지맨드라미 책방] / 우도에 있는 작은책방, 아기자기한 소품도 있음 , 독립출판물 있음, 리뷰 있음 / 운영정보: 평일개점마감시간 : 10:00~17:00토요일개점마감시간 : 10:00~17:00일요일개점마감시간 : 10:00~17:00, 휴무일 : 비정기 휴무/ 휴무관련 인스타 확인 / 전화: 01074052324",https://map.naver.com/v5/search/%EB%B0%A4%EC%88%98%EC%A7%80%EB%A7%A8%EB%93%9C%EB%9D%BC%EB%AF%B8%20%EC%B1%85%EB%B0%A9,single:0.95;couple:0.4;family:0.3;독립서점;indie_pub:1.0,2026-08-23 19:50:49,bookstore:1.0;quiet:1.0;indoor:1.0,2,70,📚 혼자만의 시간을 보내기 좋은 조용한 독서 공간
문화공공데이터광장 | 전국 독립서점 및 운영정보,독립서점,북스페이스 곰곰,상시,성인 (개인 방문 적합),"(63076) 제주특별자치도 제주시 우평로 45-1 바인빌딩 1층 101호 | 위도:33.47906312, 경도:126.4612042",무료입장 (도서 구매 별도),"[북스페이스 곰곰] / 어린이 도서카페, 단행본, 그림책판매, 카페와 공간대여 운영 , 주차 가능, 리뷰 있음 / 운영정보: 평일개점마감시간 : 12:00~19:00토요일개점마감시간 : 12:00~19:00, 휴무일 : 일요일 정기휴무 / 전화: 01051057433",https://map.naver.com/v5/search/%EB%B6%81%EC%8A%A4%ED%8E%98%EC%9D%B4%EC%8A%A4%20%EA%B3%B0%EA%B3%B0,single:0.95;couple:0.4;family:0.3;독립서점;cafe:1.0,2026-08-23 19:50:49,bookstore:1.0;quiet:1.0;indoor:1.0,2,70,📚 혼자만의 시간을 보내기 좋은 조용한 독서 공간
문화공공데이터광장 | 전국 독립서점 및 운영정보,독립서점,책방작은숲,상시,성인 (개인 방문 적합),"(63186) 제주 제주시 서사로21길 4 책방작은숲 | 위도:33.49915, 경도:126.51956",무료입장 (도서 구매 별도),"[책방작은숲] / 책도 읽고 와인도 마실 수 있는 따뜻한 공간 , 리뷰 있음 / 운영정보: 평일개점마감시간 : 12:00~18:00토요일개점마감시간 : 12:00~18:00일요일개점마감시간 : 12:00~21:00, 휴무일 : 수요일 정기휴무 / 전화: 050713680792",https://map.naver.com/v5/search/%EC%B1%85%EB%B0%A9%EC%9E%91%EC%9D%80%EC%88%B2,single:0.95;couple:0.4;family:0.3;독립서점,2026-08-23 19:50:49,bookstore:1.0;quiet:1.0;indoor:1.0,2,70,📚 혼자만의 시간을 보내기 좋은 조용한 독서 공간
문화공공데이터광장 | 전국 독립서점 및 운영정보,독립서점,책은선물,상시,성인 (개인 방문 적합),"(63002) 제주 제주시 한경면 신창5길 5 돌창고(깃발 걸린 곳) | 위도:33.34898, 경도:126.18119",무료입장 (도서 구매 별도),"[책은선물] / 작지만 매력있는 책이 많은 무명책방 , 리뷰 있음 / 운영정보: 평일개점마감시간 : 13:00~18:00토요일개점마감시간 : 13:00~18:00일요일개점마감시간 : 13:00~18:00, 휴무일 : 수요일, 목요일 정기휴무, 임시휴무는 플레이스 공지 참고 / 전화: 01048665738",https://map.naver.com/v5/search/%EC%B1%85%EC%9D%80%EC%84%A0%EB%AC%BC,single:0.95;couple:0.4;family:0.3;독립서점,2026-08-23 19:50:49,bookstore:1.0;quiet:1.0;indoor:1.0,2,70,📚 혼자만의 시간을 보내기 좋은 조용한 독서 공간
문화공공데이터광장 | 전국 독립서점 및 운영정보,독립서점,사슴책방,상시,성인 (개인 방문 적합),"(63343) 제주특별자치도 제주시 조천읍 중산간동로 698-71 | 위도:33.49579533, 경도:126.6581245",무료입장 (도서 구매 별도),"[사슴책방] / 국내외 그림책, 아트북, 그래픽노블, 디자인북, 드로잉북 등 시각 예술 서적 위주의 작품 , 주차 가능, 화장실 남녀 구분, 카페 있음, 공간대여 가능, 독립출판물 있음, 독서모임 가능, 강연 가능, 리뷰 있음 / 운영정보: 평일개점마감시간 : 12:00~18:00토요일개점마감시간 : 12:00~18:00일요일개점마감시간 : 12:00~18:00, 휴무일 : 월,화,수,목 정기휴무 / 전화: 01074029077",https://map.naver.com/v5/search/%EC%82%AC%EC%8A%B4%EC%B1%85%EB%B0%A9,single:0.95;couple:0.4;family:0.3;독립서점;cafe:1.0;indie_pub:1.0,2026-08-23 19:50:49,bookstore:1.0;quiet:1.0;indoor:1.0,2,70,📚 혼자만의 시간을 보내기 좋은 조용한 독서 공간
문화공공데이터광장 | 전국 독립서점 및 운영정보,독립서점,오줌폭탄,상시,성인 (개인 방문 적합),"(63333) 제주특별자치도 제주시 조천읍 함덕5길 8-23 | 위도:33.54443548, 경도:126.6605182",무료입장 (도서 구매 별도),"[오줌폭탄] / 아동동시전문 서점 , 주차 가능, 독립출판물 있음, 리뷰 있음 / 운영정보: 평일개점마감시간 : 13:00~17:00토요일개점마감시간 : 13:00~17:00일요일개점마감시간 : 13:00~17:00 / 전화: 050714043795",https://map.naver.com/v5/search/%EC%98%A4%EC%A4%8C%ED%8F%AD%ED%83%84,single:0.95;couple:0.4;family:0.3;독립서점;indie_pub:1.0,2026-08-23 19:50:49,bookstore:1.0;quiet:1.0;indoor:1.0,2,70,📚 혼자만의 시간을 보내기 좋은 조용한 독서 공간
문화공공데이터광장 | 전국 독립서점 및 운영정보,독립서점,만춘서점,상시,성인 (개인 방문 적합),"(63333) 제주특별자치도 제주시 조천읍 함덕로 9 | 위도:33.54075398, 경도:126.6733418",무료입장 (도서 구매 별도),"[만춘서점] / 서적,음반,lp등 독립서적과 일반서적도 판매 , 독립출판물 있음, 헌책방 있음, 리뷰 있음 / 운영정보: 평일개점마감시간 : 11:00~18:00토요일개점마감시간 : 11:00~18:00일요일개점마감시간 : 11:00~18:00, 휴무일 : 연중무휴 / 전화: 0647846137",https://map.naver.com/v5/search/%EB%A7%8C%EC%B6%98%EC%84%9C%EC%A0%90,single:0.95;couple:0.4;family:0.3;독립서점;indie_pub:1.0,2026-08-23 19:50:49,bookstore:1.0;quiet:1.0;indoor:1.0,2,70,📚 혼자만의 시간을 보내기 좋은 조용한 독서 공간
문화공공데이터광장 | 전국 독립서점 및 운영정보,독립서점,무명서점,상시,성인 (개인 방문 적합),"(63008) 제주특별자치도 제주시 한경면 고산로 26 유명제과 2층 | 위도:33.30333223, 경도:126.1796981",무료입장 (도서 구매 별도),"[무명서점] / 책을 시, 사랑, 정치, 자연 4가지 주제로 재배열하고, 새책이었던 헌책과 헌책이 될 새책이 공존하는 책방 , 주차 가능, 독립출판물 있음, 강연 가능 / 운영정보: 평일개점마감시간 : 13:00~18:00토요일개점마감시간 : 13:00~18:00, 휴무일 : 월요일, 화요일, 일요일 정기휴무 / 전화: 050713333136",https://map.naver.com/v5/search/%EB%AC%B4%EB%AA%85%EC%84%9C%EC%A0%90,single:0.95;couple:0.4;family:0.3;독립서점;indie_pub:1.0,2026-08-23 19:50:49,bookstore:1.0;quiet:1.0;indoor:1.0,2,70,📚 혼자만의 시간을 보내기 좋은 조용한 독서 공간
문화공공데이터광장 | 전국 독립서점 및 운영정보,독립서점,북스토어 아베끄,상시,성인 (개인 방문 적합),"(63010) 제주특별자치도 제주시 한림읍 금능9길 1-1 밖거리 | 위도:33.38867297, 경도:126.2296296",무료입장 (도서 구매 별도),"[북스토어 아베끄] / 사랑과 연애, 힐링을 테마로 하고 있는 작은 책방 , 주차 가능, 독립출판물 있음, 리뷰 있음 / 운영정보: 평일개점마감시간 : 10:00~19:00토요일개점마감시간 : 10:00~19:00일요일개점마감시간 : 10:00~19:00, 휴무일 : 수요일 휴무, 인스타그램에 임시휴일 별도 공지 / 전화: 050714241609",https://map.naver.com/v5/search/%EB%B6%81%EC%8A%A4%ED%86%A0%EC%96%B4%20%EC%95%84%EB%B2%A0%EB%81%84,single:0.95;couple:0.4;family:0.3;독립서점;indie_pub:1.0,2026-08-23 19:50:49,bookstore:1.0;quiet:1.0;indoor:1.0,2,70,📚 혼자만의 시간을 보내기 좋은 조용한 독서 공간
문화공공데이터광장 | 전국 독립서점 및 운영정보,독립서점,귤다방,상시,성인 (개인 방문 적합),"(63343) 제주 제주시 조천읍 곱은달서길 115 | 위도:33.50508, 경도:126.66496",무료입장 (도서 구매 별도),"[귤다방] / 감귤밭 작은 책방, 어린이 감귤체험 농장 , 주차 가능, 화장실 남녀 구분, 리뷰 있음 / 운영정보: 평일개점마감시간 : 10:00~18:00토요일개점마감시간 : 10:00~18:00일요일개점마감시간 : 10:00~18:00, 휴무일 : 월요일 정기휴무 / 전화: 050713955425",https://map.naver.com/v5/search/%EA%B7%A4%EB%8B%A4%EB%B0%A9,single:0.95;couple:0.4;family:0.3;독립서점,2026-08-23 19:50:49,bookstore:1.0;quiet:1.0;indoor:1.0,2,70,📚 혼자만의 시간을 보내기 좋은 조용한 독서 공간
문화공공데이터광장 | 전국 독립서점 및 운영정보,독립서점,괄호,상시,성인 (개인 방문 적합),"(63338) 제주 제주시 조천읍 신촌서5길 91 초록지붕 | 위도:33.53585, 경도:126.61485",무료입장 (도서 구매 별도),"[괄호] / 무인으로 운영되는 헌 책방 , 주차 가능, 북토크 가능, 리뷰 있음 / 전화: 050714916626",https://map.naver.com/v5/search/%EA%B4%84%ED%98%B8,single:0.95;couple:0.4;family:0.3;독립서점,2026-08-23 19:50:49,bookstore:1.0;quiet:1.0;indoor:1.0,2,70,📚 혼자만의 시간을 보내기 좋은 조용한 독서 공간
문화공공데이터광장 | 전국 독립서점 및 운영정보,독립서점,책방 소리소문,상시,성인 (개인 방문 적합),"(63005) 제주 제주시 한경면 저지동길 8-31 | 위도:33.3321, 경도:126.26057",무료입장 (도서 구매 별도),"[책방 소리소문] / 블라인드북과 필사를 할 수 있는 공간 마련 , 주차 가능, 리뷰 있음 / 운영정보: 평일개점마감시간 : 11:00~18:00토요일개점마감시간 : 11:00~18:00일요일개점마감시간 : 11:00~18:00, 휴무일 : 화, 수 정기 휴무 / 전화: 050713207461",https://map.naver.com/v5/search/%EC%B1%85%EB%B0%A9%20%EC%86%8C%EB%A6%AC%EC%86%8C%EB%AC%B8,single:0.95;couple:0.4;family:0.3;독립서점,2026-08-23 19:50:49,bookstore:1.0;quiet:1.0;indoor:1.0,2,70,📚 혼자만의 시간을 보내기 좋은 조용한 독서 공간
문화공공데이터광장 | 전국 독립서점 및 운영정보,독립서점,가가책방,상시,성인 (개인 방문 적합),"(32549) 충청남도 공주시 당간지주길 10 | 위도:36.45186318, 경도:127.1218525",무료입장 (도서 구매 별도),"[가가책방] / 24시간 무인 이용 가능. 책방지기가 직접 DIY로 만든 책공간 , 주차 가능, 화장실 남녀 구분, 독립출판물 있음, 리뷰 있음 / 운영정보: 평일개점마감시간 : 10:00~21:00토요일개점마감시간 : 10:00~21:00일요일개점마감시간 : 10:00~21:00 / 전화: 01094034982",https://map.naver.com/v5/search/%EA%B0%80%EA%B0%80%EC%B1%85%EB%B0%A9,single:0.95;couple:0.4;family:0.3;독립서점;indie_pub:1.0,2026-08-23 19:50:49,bookstore:1.0;quiet:1.0;indoor:1.0,2,70,📚 혼자만의 시간을 보내기 좋은 조용한 독서 공간
문화공공데이터광장 | 전국 독립서점 및 운영정보,독립서점,숨쉬는오늘,상시,성인 (개인 방문 적합),"(63055) 제주 제주시 애월읍 장유길 44 | 위도:33.44963, 경도:126.39595",무료입장 (도서 구매 별도),"[숨쉬는오늘] / 어른들을 위한 그림 책방. 요가와 명상, 마음안아주기, 그림책과 감정, 아로마 테라피가 가능한 책방 , 주차 가능, 리뷰 있음 / 운영정보: 평일개점마감시간 : 10:00~20:00토요일개점마감시간 : 10:00~20:00일요일개점마감시간 : 10:00~20:00 / 전화: 050713514855",https://map.naver.com/v5/search/%EC%88%A8%EC%89%AC%EB%8A%94%EC%98%A4%EB%8A%98,single:0.95;couple:0.4;family:0.3;독립서점,2026-08-23 19:50:49,bookstore:1.0;quiet:1.0;indoor:1.0,2,70,📚 혼자만의 시간을 보내기 좋은 조용한 독서 공간
문화공공데이터광장 | 전국 독립서점 및 운영정보,독립서점,그레이 라이브러리,상시,성인 (개인 방문 적합),"(63234) 제주 제주시 도남로 168-15 1층 | 위도:33.48703, 경도:126.531",무료입장 (도서 구매 별도),"[그레이 라이브러리] / 밤비노 하우스 안에 있는 편집서점 , 주차 가능, 리뷰 있음 / 운영정보: 평일개점마감시간 : 12:00~21:00토요일개점마감시간 : 12:00~21:00일요일개점마감시간 : 12:00~21:00 / 전화: 050713470359",https://map.naver.com/v5/search/%EA%B7%B8%EB%A0%88%EC%9D%B4%20%EB%9D%BC%EC%9D%B4%EB%B8%8C%EB%9F%AC%EB%A6%AC,single:0.95;couple:0.4;family:0.3;독립서점,2026-08-23 19:50:49,bookstore:1.0;quiet:1.0;indoor:1.0,2,70,📚 혼자만의 시간을 보내기 좋은 조용한 독서 공간
문화공공데이터광장 | 전국 독립서점 및 운영정보,독립서점,조이엔영,상시,성인 (개인 방문 적합),"(03130) 서울특별시 종로구 종로 183 효성주얼리시티 지하2층 S2016 | 위도:37.5714905, 경도:126.9986831",무료입장 (도서 구매 별도),"[조이엔영] / 스마트책방, 문자 예약후 QR인증후 상시 입장가능 , 주차 가능, 화장실 남녀 구분, 리뷰 있음 / 운영정보: 평일개점마감시간 : 09:00~21:00토요일개점마감시간 : 09:00~21:00일요일개점마감시간 : 09:00~21:00 / 전화: 050713209819",https://map.naver.com/v5/search/%EC%A1%B0%EC%9D%B4%EC%97%94%EC%98%81,single:0.95;couple:0.4;family:0.3;독립서점,2026-08-23 19:50:49,bookstore:1.0;quiet:1.0;indoor:1.0,2,70,📚 혼자만의 시간을 보내기 좋은 조용한 독서 공간
문화공공데이터광장 | 전국 독립서점 및 운영정보,독립서점,호미책방,상시,성인 (개인 방문 적합),"(32967) 충청남도 논산시 중앙로492번길 9-43 | 위도:36.20702423, 경도:127.0834453",무료입장 (도서 구매 별도),"[호미책방] / 논산에서 유일하게 독립출판물을 선보이고 있습니다. , 주차 가능, 독립출판물 있음, 리뷰 있음 / 운영정보: 평일개점마감시간 : 11:30~19:00 / 전화: 01029333467",https://map.naver.com/v5/search/%ED%98%B8%EB%AF%B8%EC%B1%85%EB%B0%A9,single:0.95;couple:0.4;family:0.3;독립서점;indie_pub:1.0,2026-08-23 19:50:49,bookstore:1.0;quiet:1.0;indoor:1.0,2,70,📚 혼자만의 시간을 보내기 좋은 조용한 독서 공간
문화공공데이터광장 | 전국 독립서점 및 운영정보,독립서점,한선예의꿈꾸는이야기,상시,성인 (개인 방문 적합),"(31741) 충청남도 당진시 신평면 신평로 812-100 | 위도:36.88508126, 경도:126.7737097",무료입장 (도서 구매 별도),"[한선예의꿈꾸는이야기] / 예약제로 시간별 예약제 운영. 그림책 등 , 독립출판물 있음, 리뷰 있음 / 운영정보: 평일개점마감시간 : 19:00~22:00토요일개점마감시간 : 13:00~22:00일요일개점마감시간 : 13:00~22:00 / 전화: 0413622830",https://map.naver.com/v5/search/%ED%95%9C%EC%84%A0%EC%98%88%EC%9D%98%EA%BF%88%EA%BE%B8%EB%8A%94%EC%9D%B4%EC%95%BC%EA%B8%B0,single:0.95;couple:0.4;family:0.3;독립서점;indie_pub:1.0,2026-08-23 19:50:49,bookstore:1.0;quiet:1.0;indoor:1.0,2,70,📚 혼자만의 시간을 보내기 좋은 조용한 독서 공간
문화공공데이터광장 | 전국 독립서점 및 운영정보,독립서점,서향관,상시,성인 (개인 방문 적합),"(04549) 서울특별시 중구 을지로20길 32-3 203호 | 위도:37.5649824, 경도:126.9951933",무료입장 (도서 구매 별도),"[서향관] / 글과 향, 영화를 좋아하는 모든 분들에게 열려 있 는 곳 , 리뷰 있음 / 운영정보: 평일개점마감시간 : 12:00~23:00토요일개점마감시간 : 12:00~23:00일요일개점마감시간 : 12:00~23:00 / 전화: 01023090619",https://map.naver.com/v5/search/%EC%84%9C%ED%96%A5%EA%B4%80,single:0.95;couple:0.4;family:0.3;독립서점,2026-08-23 19:50:49,bookstore:1.0;quiet:1.0;indoor:1.0,2,70,📚 혼자만의 시간을 보내기 좋은 조용한 독서 공간
문화공공데이터광장 | 전국 독립서점 및 운영정보,독립서점,소수책방,상시,성인 (개인 방문 적합),"(04591) 서울특별시 중구 다산로20길 26 2층 | 위도:37.5568115, 경도:127.0135364",무료입장 (도서 구매 별도),"[소수책방] / 단편소설,시집, 예술, 미학, 철학, 독립서적, 포스터, LP, 생맥주,와인,독립책방,심야서점,심야책방 , 주차 가능, 카페 있음, 리뷰 있음 / 운영정보: 평일개점마감시간 : 14:00~22:00토요일개점마감시간 : 14:00~22:00일요일개점마감시간 : 14:00~22:00, 휴무일 : 월요일, 화요일 / 전화: 050713032439",https://map.naver.com/v5/search/%EC%86%8C%EC%88%98%EC%B1%85%EB%B0%A9,single:0.95;couple:0.4;family:0.3;독립서점;cafe:1.0,2026-08-23 19:50:49,bookstore:1.0;quiet:1.0;indoor:1.0,2,70,📚 혼자만의 시간을 보내기 좋은 조용한 독서 공간
문화공공데이터광장 | 전국 독립서점 및 운영정보,독립서점,책방 세간,상시,성인 (개인 방문 적합),"(33124) 충청남도 부여군 규암면 자온로 82 책방 세:간 | 위도:36.2737513, 경도:126.8888083",무료입장 (도서 구매 별도),"[책방 세간] / 독립서점, 북카페 , 리뷰 있음 / 운영정보: 평일개점마감시간 : 12:00~19:00토요일개점마감시간 : 12:00~19:00일요일개점마감시간 : 12:00~19:00휴무일개점마감시간 : 12:00~19:00 / 전화: 0418348205",https://map.naver.com/v5/search/%EC%B1%85%EB%B0%A9%20%EC%84%B8%EA%B0%84,single:0.95;couple:0.4;family:0.3;독립서점;cafe:1.0,2026-08-23 19:50:49,bookstore:1.0;quiet:1.0;indoor:1.0,2,70,📚 혼자만의 시간을 보내기 좋은 조용한 독서 공간
문화공공데이터광장 | 전국 독립서점 및 운영정보,독립서점,책방허송세월,상시,성인 (개인 방문 적합),"(31144) 충청남도 천안시 동남구 대흥로 207 1층 | 위도:36.80672191, 경도:127.1469018",무료입장 (도서 구매 별도),"[책방허송세월] / 일반서적, 중고서적, 독립서적 등 책방지기의 취향에 맞는 책 골라 판매 , 리뷰 있음 / 운영정보: 평일개점마감시간 : 11:00~20:00토요일개점마감시간 : 11:00~21:00일요일개점마감시간 : 11:00~20:00, 휴무일 : 월요일 / 전화: 01084109160",https://map.naver.com/v5/search/%EC%B1%85%EB%B0%A9%ED%97%88%EC%86%A1%EC%84%B8%EC%9B%94,single:0.95;couple:0.4;family:0.3;독립서점,2026-08-23 19:50:49,bookstore:1.0;quiet:1.0;indoor:1.0,2,70,📚 혼자만의 시간을 보내기 좋은 조용한 독서 공간
문화공공데이터광장 | 전국 독립서점 및 운영정보,독립서점,픽셀 퍼 인치,상시,성인 (개인 방문 적합),"(04382) 서울특별시 용산구 한강대로54길 7 301호 | 위도:37.5328504, 경도:126.9720566",무료입장 (도서 구매 별도),"[픽셀 퍼 인치] / Books, goods, film and more , 카페 있음, 리뷰 있음 / 운영정보: 평일개점마감시간 : 13:00~19:00토요일개점마감시간 : 13:00~19:00일요일개점마감시간 : 13:00~19:00, 휴무일 : 월요일 / 전화: 01085897403",https://map.naver.com/v5/search/%ED%94%BD%EC%85%80%20%ED%8D%BC%20%EC%9D%B8%EC%B9%98,single:0.95;couple:0.4;family:0.3;독립서점;cafe:1.0,2026-08-23 19:50:49,bookstore:1.0;quiet:1.0;indoor:1.0,2,70,📚 혼자만의 시간을 보내기 좋은 조용한 독서 공간
문화공공데이터광장 | 전국 독립서점 및 운영정보,독립서점,트립북앤스페이스,상시,성인 (개인 방문 적합),"(04778) 서울특별시 성동구 왕십리로 92 4층 | 위도:37.5457259, 경도:127.0449837",무료입장 (도서 구매 별도),"[트립북앤스페이스] / TLIB BOOK & SPACE는 관광학 교수와 전공자 들이 운영하는 여행전문서점입니다. , 리뷰 있음 / 운영정보: 평일개점마감시간 : 13:00~18:00토요일개점마감시간 : 13:00~18:00일요일개점마감시간 : 13:00~18:00, 휴무일 : 월, 화, 수, 목 / 전화: 01026547959",https://map.naver.com/v5/search/%ED%8A%B8%EB%A6%BD%EB%B6%81%EC%95%A4%EC%8A%A4%ED%8E%98%EC%9D%B4%EC%8A%A4,single:0.95;couple:0.4;family:0.3;독립서점,2026-08-23 19:50:49,bookstore:1.0;quiet:1.0;indoor:1.0,2,70,📚 혼자만의 시간을 보내기 좋은 조용한 독서 공간
문화공공데이터광장 | 전국 독립서점 및 운영정보,독립서점,쎄임더스트,상시,성인 (개인 방문 적합),"(04782) 서울특별시 성동구 성수일로 44-1 2층 | 위도:37.5442984, 경도:127.0500943",무료입장 (도서 구매 별도),"[쎄임더스트] / 쎄임더스트는 서울 성수동에 위치한 사진 전문 출판사와 서점 입니다. , 리뷰 있음 / 운영정보: 평일개점마감시간 : 12:00~20:00토요일개점마감시간 : 12:00~20:00일요일개점마감시간 : 12:00~20:00, 휴무일 : 월요일 / 전화: 07079541217",https://map.naver.com/v5/search/%EC%8E%84%EC%9E%84%EB%8D%94%EC%8A%A4%ED%8A%B8,single:0.95;couple:0.4;family:0.3;독립서점,2026-08-23 19:50:49,bookstore:1.0;quiet:1.0;indoor:1.0,2,70,📚 혼자만의 시간을 보내기 좋은 조용한 독서 공간
문화공공데이터광장 | 전국 독립서점 및 운영정보,독립서점,서점로티,상시,성인 (개인 방문 적합),"(04942) 서울특별시 광진구 용마산로 88-7 1층 | 위도:37.5615809, 경도:127.0878609",무료입장 (도서 구매 별도),"[서점로티] / 소설전문서점 로티입니다! 소설가가 운영합니다! , 주차 가능, 리뷰 있음 / 전화: 050714411221",https://map.naver.com/v5/search/%EC%84%9C%EC%A0%90%EB%A1%9C%ED%8B%B0,single:0.95;couple:0.4;family:0.3;독립서점,2026-08-23 19:50:49,bookstore:1.0;quiet:1.0;indoor:1.0,2,70,📚 혼자만의 시간을 보내기 좋은 조용한 독서 공간
문화공공데이터광장 | 전국 독립서점 및 운영정보,독립서점,아니마 아니무스,상시,성인 (개인 방문 적합),"(05028) 서울특별시 광진구 아차산로39길 8 1층 | 위도:37.5386479, 경도:127.0772436",무료입장 (도서 구매 별도),"[아니마 아니무스] / 커피와 음료, 간단한 디저트가 마련되어 있습니다.,책을 읽고 턴테이블로 흘러나오는 음악을 즐겨요. , 주차 가능, 카페 있음, 리뷰 있음 / 운영정보: 평일개점마감시간 : 10:00~20:00토요일개점마감시간 : 10:00~20:00, 휴무일 : 일요일 / 전화: 01089682635",https://map.naver.com/v5/search/%EC%95%84%EB%8B%88%EB%A7%88%20%EC%95%84%EB%8B%88%EB%AC%B4%EC%8A%A4,single:0.95;couple:0.4;family:0.3;독립서점;cafe:1.0,2026-08-23 19:50:49,bookstore:1.0;quiet:1.0;indoor:1.0,2,70,📚 혼자만의 시간을 보내기 좋은 조용한 독서 공간
문화공공데이터광장 | 전국 독립서점 및 운영정보,독립서점,취향,상시,성인 (개인 방문 적합),"(31123) 충청남도 천안시 동남구 먹거리8길 11 1층 | 위도:36.81730979, 경도:127.1542553",무료입장 (도서 구매 별도),"[취향] / 독립출판물 주로 취급 , 독립출판물 있음, 리뷰 있음 / 운영정보: 평일개점마감시간 : 12:00~21:00토요일개점마감시간 : 12:00~21:00일요일개점마감시간 : 12:00~21:00, 휴무일 : 월요일 / 전화: 01058511225",https://map.naver.com/v5/search/%EC%B7%A8%ED%96%A5,single:0.95;couple:0.4;family:0.3;독립서점;indie_pub:1.0,2026-08-23 19:50:49,bookstore:1.0;quiet:1.0;indoor:1.0,2,70,📚 혼자만의 시간을 보내기 좋은 조용한 독서 공간
문화공공데이터광장 | 전국 독립서점 및 운영정보,독립서점,인생책방,상시,성인 (개인 방문 적합),"(31134) 충청남도 천안시 서북구 서부3길 67 | 위도:36.82453158, 경도:127.1405651",무료입장 (도서 구매 별도),"[인생책방] / 도서와 음료를 판매하고 다양한 독서모임이 진행되는 책방 , 독립출판물 있음, 헌책방 있음 / 운영정보: 평일개점마감시간 : 15:30~19:00일요일개점마감시간 : 11:00~19:00, 휴무일 : 토요일 / 전화: 01077488900",https://map.naver.com/v5/search/%EC%9D%B8%EC%83%9D%EC%B1%85%EB%B0%A9,single:0.95;couple:0.4;family:0.3;독립서점;indie_pub:1.0,2026-08-23 19:50:49,bookstore:1.0;quiet:1.0;indoor:1.0,2,70,📚 혼자만의 시간을 보내기 좋은 조용한 독서 공간
문화공공데이터광장 | 전국 독립서점 및 운영정보,독립서점,무아레 서점,상시,성인 (개인 방문 적합),"(02644) 서울특별시 동대문구 천호대로89길 9 2층 | 위도:37.5622641, 경도:127.0680444",무료입장 (도서 구매 별도),"[무아레 서점] / 무아레 서점은 집/동네/도시 등 '생활 기반 공간'을 다루는 서점 , 주차 가능, 헌책방 있음, 리뷰 있음 / 운영정보: 평일개점마감시간 : 12:00~19:00토요일개점마감시간 : 12:00~19:00일요일개점마감시간 : 12:00~19:00 / 전화: 050713077656",https://map.naver.com/v5/search/%EB%AC%B4%EC%95%84%EB%A0%88%20%EC%84%9C%EC%A0%90,single:0.95;couple:0.4;family:0.3;독립서점,2026-08-23 19:50:49,bookstore:1.0;quiet:1.0;indoor:1.0,2,70,📚 혼자만의 시간을 보내기 좋은 조용한 독서 공간
문화공공데이터광장 | 전국 독립서점 및 운영정보,독립서점,성북동책방,상시,성인 (개인 방문 적합),"(02832) 서울특별시 성북구 동소문로13가길 36 성북동책방 | 위도:37.591391, 경도:127.0111099",무료입장 (도서 구매 별도),[성북동책방] / 리뷰 있음 / 전화: 정보없음,https://map.naver.com/v5/search/%EC%84%B1%EB%B6%81%EB%8F%99%EC%B1%85%EB%B0%A9,single:0.95;couple:0.4;family:0.3;독립서점,2026-08-23 19:50:49,bookstore:1.0;quiet:1.0;indoor:1.0,2,70,📚 혼자만의 시간을 보내기 좋은 조용한 독서 공간
문화공공데이터광장 | 전국 독립서점 및 운영정보,독립서점,심심한책방,상시,성인 (개인 방문 적합),"(27222) 충청북도 제천시 덕산면 신현3길 27 | 위도:36.9318124, 경도:128.1428765",무료입장 (도서 구매 별도),"[심심한책방] / 월악산 아래 심심산골에 위치한 그림책, 만화책 큐레이팅책방 , 독립출판물 있음, 리뷰 있음 / 운영정보: 평일개점마감시간 : 11:00~19:00토요일개점마감시간 : 11:00~19:00일요일개점마감시간 : 11:00~19:00 / 전화: 01053912024",https://map.naver.com/v5/search/%EC%8B%AC%EC%8B%AC%ED%95%9C%EC%B1%85%EB%B0%A9,single:0.95;couple:0.4;family:0.3;독립서점;indie_pub:1.0,2026-08-23 19:50:49,bookstore:1.0;quiet:1.0;indoor:1.0,2,70,📚 혼자만의 시간을 보내기 좋은 조용한 독서 공간
문화공공데이터광장 | 전국 독립서점 및 운영정보,독립서점,외식서당,상시,성인 (개인 방문 적합),"(02833) 서울특별시 성북구 동소문로3길 68 | 위도:37.5909079, 경도:127.0082968",무료입장 (도서 구매 별도),"[외식서당] / 외식서당은 외식과 고기를 좋아하는 사람들이 모 여 만든 작은 독립서점입니다 , 주차 가능 / 운영정보: 평일개점마감시간 : 13:00~18:00, 휴무일 : 주말 / 전화: 050714942333",https://map.naver.com/v5/search/%EC%99%B8%EC%8B%9D%EC%84%9C%EB%8B%B9,single:0.95;couple:0.4;family:0.3;독립서점,2026-08-23 19:50:49,bookstore:1.0;quiet:1.0;indoor:1.0,2,70,📚 혼자만의 시간을 보내기 좋은 조용한 독서 공간
문화공공데이터광장 | 전국 독립서점 및 운영정보,독립서점,노드메이트,상시,성인 (개인 방문 적합),"(02864) 서울특별시 성북구 삼선교로16길 16-3 | 위도:37.5874469, 경도:127.0103242",무료입장 (도서 구매 별도),"[노드메이트] / 모임공간/회의실/세미나실/다목적홀/공연장/촬영 스튜디오/전시공간 대관 및 시각예술품 감상과 구매 , 카페 있음, 리뷰 있음 / 운영정보: 평일개점마감시간 : 11:00~19:00토요일개점마감시간 : 11:00~19:00, 휴무일 : 일요일 / 전화: 050714251324",https://map.naver.com/v5/search/%EB%85%B8%EB%93%9C%EB%A9%94%EC%9D%B4%ED%8A%B8,single:0.95;couple:0.4;family:0.3;독립서점;cafe:1.0,2026-08-23 19:50:49,bookstore:1.0;quiet:1.0;indoor:1.0,2,70,📚 혼자만의 시간을 보내기 좋은 조용한 독서 공간
문화공공데이터광장 | 전국 독립서점 및 운영정보,독립서점,책방봄,상시,성인 (개인 방문 적합),"(01693) 서울특별시 노원구 상계로3길 38-8 3층 | 위도:37.6579597, 경도:127.0630528",무료입장 (도서 구매 별도),"[책방봄] / 문학전문서점(독립서점) 책방 봄입니다. , 주차 가능, 화장실 남녀 구분, 리뷰 있음 / 운영정보: 평일개점마감시간 : 12:00~20:00토요일개점마감시간 : 12:00~20:00일요일개점마감시간 : 12:00~20:00, 휴무일 : 월요일 / 전화: 029315601",https://map.naver.com/v5/search/%EC%B1%85%EB%B0%A9%EB%B4%84,single:0.95;couple:0.4;family:0.3;독립서점,2026-08-23 19:50:49,bookstore:1.0;quiet:1.0;indoor:1.0,2,70,📚 혼자만의 시간을 보내기 좋은 조용한 독서 공간
문화공공데이터광장 | 전국 독립서점 및 운영정보,독립서점,모즈나,상시,성인 (개인 방문 적합),"(04106) 서울특별시 마포구 고산16길 9 1층 | 위도:37.55408, 경도:126.9448",무료입장 (도서 구매 별도),"[모즈나] / 독립서점 겸 카페, 제로웨이스트숍 , 주차 가능 카페 있음 리뷰 있음 / 운영정보: 평일개점마감시간 : 13:00~20:00토요일개점마감시간 : 14:00~20:00일요일개점마감시간 : 14:00~20:00, 휴무일 : 월요일 휴무. 휴무일 인스타그램 게시글 참조 / 전화: 01027151468",https://map.naver.com/v5/search/%EB%AA%A8%EC%A6%88%EB%82%98,single:0.95;couple:0.4;family:0.3;독립서점;cafe:1.0,2026-08-23 19:50:49,bookstore:1.0;quiet:1.0;indoor:1.0,2,70,📚 혼자만의 시간을 보내기 좋은 조용한 독서 공간
문화공공데이터광장 | 전국 독립서점 및 운영정보,독립서점,달꽃 책방 카페,상시,성인 (개인 방문 적합),"(28545) 충청북도 청주시 상당구 상당로115번길 61 2층 | 위도:36.63832162, 경도:127.4865863",무료입장 (도서 구매 별도),"[달꽃 책방 카페] / 독립서점 겸 카페 , 공간대여 가능, 독립출판물 있음, 북토크 가능, 독서모임 가능 / 운영정보: 평일개점마감시간 : 10:00~22:00토요일개점마감시간 : 10:00~22:00일요일개점마감시간 : 10:00~22:00 / 전화: 0432222213",https://map.naver.com/v5/search/%EB%8B%AC%EA%BD%83%20%EC%B1%85%EB%B0%A9%20%EC%B9%B4%ED%8E%98,single:0.95;couple:0.4;family:0.3;독립서점;cafe:1.0;indie_pub:1.0,2026-08-23 19:50:49,bookstore:1.0;quiet:1.0;indoor:1.0,2,70,📚 혼자만의 시간을 보내기 좋은 조용한 독서 공간
문화공공데이터광장 | 전국 독립서점 및 운영정보,독립서점,앨리스의별별책방,상시,성인 (개인 방문 적합),"(28417) 충청북도 청주시 흥덕구 짐대로42번길 26 | 위도:36.63252997, 경도:127.4262576",무료입장 (도서 구매 별도),"[앨리스의별별책방] / 임상심리사인 앨리스가 운영하는 심리전문서점 , 독립출판물 있음, 리뷰 있음 / 운영정보: 평일개점마감시간 : 14:00~22:00토요일개점마감시간 : 13:00~19:00일요일개점마감시간 : 13:00~19:00, 휴무일 : 화요일 / 전화: 07088487578",https://map.naver.com/v5/search/%EC%95%A8%EB%A6%AC%EC%8A%A4%EC%9D%98%EB%B3%84%EB%B3%84%EC%B1%85%EB%B0%A9,single:0.95;couple:0.4;family:0.3;독립서점;indie_pub:1.0,2026-08-23 19:50:49,bookstore:1.0;quiet:1.0;indoor:1.0,2,70,📚 혼자만의 시간을 보내기 좋은 조용한 독서 공간
문화공공데이터광장 | 전국 독립서점 및 운영정보,독립서점,노벰버레인,상시,성인 (개인 방문 적합),"(61188) 광주 북구 면앙로6번길 61 노벰버레인 | 위도:35.17764, 경도:126.91355",무료입장 (도서 구매 별도),"[노벰버레인] / 서점, 소품샵, 카페, 체험공방을 한 곳에서 만날 수 있는 복합문화공간 , 주차 가능, 화장실 남녀 구분, 카페 있음, 리뷰 있음 / 운영정보: 평일개점마감시간 : 12:00~21:00토요일개점마감시간 : 13:00~20:00, 휴무일 : 일요일 휴무 / 전화: 050713781128",https://map.naver.com/v5/search/%EB%85%B8%EB%B2%B0%EB%B2%84%EB%A0%88%EC%9D%B8,single:0.95;couple:0.4;family:0.3;독립서점;cafe:1.0,2026-08-23 19:50:49,bookstore:1.0;quiet:1.0;indoor:1.0,2,70,📚 혼자만의 시간을 보내기 좋은 조용한 독서 공간
문화공공데이터광장 | 전국 독립서점 및 운영정보,독립서점,책방 연희,상시,성인 (개인 방문 적합),"(04052) 서울특별시 마포구 와우산로35길 3 B1F | 위도:37.55544, 경도:126.9302",무료입장 (도서 구매 별도),"[책방 연희] / 책방 연희는 책, 연희(演?, a play)하다의 줄임말 로 말과 글, 동작으로 책과 도시를 이야기하는 공 간입니다. , 리뷰 있음 / 운영정보: 평일개점마감시간 : 12:00~18:00토요일개점마감시간 : 12:00~18:00일요일개점마감시간 : 12:00~18:00, 휴무일 : 월,화,수 휴무 / 전화: 050714295502",https://map.naver.com/v5/search/%EC%B1%85%EB%B0%A9%20%EC%97%B0%ED%9D%AC,single:0.95;couple:0.4;family:0.3;독립서점,2026-08-23 19:50:49,bookstore:1.0;quiet:1.0;indoor:1.0,2,70,📚 혼자만의 시간을 보내기 좋은 조용한 독서 공간
문화공공데이터광장 | 전국 독립서점 및 운영정보,독립서점,책익다,상시,성인 (개인 방문 적합),"(04053) 서울특별시 마포구 와우산로29마길 10-3 2층 | 위도:37.55565, 경도:126.9264",무료입장 (도서 구매 별도),"[책익다] / 책을 읽고 술이 익고 사람이 있는 곳' , 주차 가능, 리뷰 있음 / 운영정보: 평일개점마감시간 : 19:00~23:00토요일개점마감시간 : 15:00~23:00일요일개점마감시간 : 15:00~23:00, 휴무일 : 월요일 화요일 휴무 / 전화: 050713910315",https://map.naver.com/v5/search/%EC%B1%85%EC%9D%B5%EB%8B%A4,single:0.95;couple:0.4;family:0.3;독립서점,2026-08-23 19:50:49,bookstore:1.0;quiet:1.0;indoor:1.0,2,70,📚 혼자만의 시간을 보내기 좋은 조용한 독서 공간
문화공공데이터광장 | 전국 독립서점 및 운영정보,독립서점,조은이책,상시,성인 (개인 방문 적합),"(03947) 서울특별시 마포구 월드컵북로27길 6 | 위도:37.56725, 경도:126.9092",무료입장 (도서 구매 별도),"[조은이책] / 마포구 성산동 동네책방. , 주차 가능, 리뷰 있음 / 운영정보: 평일개점마감시간 : 13:00~20:00토요일개점마감시간 : 13:00~20:00, 휴무일 : 일요일 휴무 / 전화: 07076176949",https://map.naver.com/v5/search/%EC%A1%B0%EC%9D%80%EC%9D%B4%EC%B1%85,single:0.95;couple:0.4;family:0.3;독립서점,2026-08-23 19:50:49,bookstore:1.0;quiet:1.0;indoor:1.0,2,70,📚 혼자만의 시간을 보내기 좋은 조용한 독서 공간
문화공공데이터광장 | 전국 독립서점 및 운영정보,독립서점,치읓의자리,상시,성인 (개인 방문 적합),"(61197) 광주 북구 서방로159번길 47 1층 | 위도:35.17138, 경도:126.93056",무료입장 (도서 구매 별도),"[치읓의자리] / 책과 음료를 즐길 수 있는 독립서점 , 주차 가능, 리뷰 있음 / 운영정보: 평일개점마감시간 : 11:00~20:00토요일개점마감시간 : 11:00~20:00일요일개점마감시간 : 11:00~20:00, 휴무일 : 화요일 휴무 / 전화: 050713469038",https://map.naver.com/v5/search/%EC%B9%98%EC%9D%93%EC%9D%98%EC%9E%90%EB%A6%AC,single:0.95;couple:0.4;family:0.3;독립서점,2026-08-23 19:50:49,bookstore:1.0;quiet:1.0;indoor:1.0,2,70,📚 혼자만의 시간을 보내기 좋은 조용한 독서 공간
문화공공데이터광장 | 전국 독립서점 및 운영정보,독립서점,서점,상시,성인 (개인 방문 적합),"(61979) 광주 서구 화운로156번길 12-1 1층 | 위도:35.15285, 경도:126.878",무료입장 (도서 구매 별도),"[서점] / 묘한 서점書占 고양이, 책, 타로상담. , 독립출판물 있음, 리뷰 있음 / 운영정보: 평일개점마감시간 : 19:00~22:00, 휴무일 : 월,화,수,목,토,일 휴무 / 전화: 050713869502",https://map.naver.com/v5/search/%EC%84%9C%EC%A0%90,single:0.95;couple:0.4;family:0.3;독립서점;indie_pub:1.0,2026-08-23 19:50:49,bookstore:1.0;quiet:1.0;indoor:1.0,2,70,📚 혼자만의 시간을 보내기 좋은 조용한 독서 공간
문화공공데이터광장 | 전국 독립서점 및 운영정보,독립서점,책방 사춘기,상시,성인 (개인 방문 적합),"(03999) 서울특별시 마포구 월드컵북로9길 30 | 위도:37.55876, 경도:126.9157",무료입장 (도서 구매 별도),"[책방 사춘기] / 어린이청소년문학서점. , 주차 가능, 화장실 남녀 구분, 리뷰 있음 / 운영정보: 평일개점마감시간 : 12:00~19:00토요일개점마감시간 : 12:00~19:00일요일개점마감시간 : 12:00~19:00, 휴무일 : 영업일, 영업시간 인스타그램 참고 / 전화: 050714430086",https://map.naver.com/v5/search/%EC%B1%85%EB%B0%A9%20%EC%82%AC%EC%B6%98%EA%B8%B0,single:0.95;couple:0.4;family:0.3;독립서점,2026-08-23 19:50:49,bookstore:1.0;quiet:1.0;indoor:1.0,2,70,📚 혼자만의 시간을 보내기 좋은 조용한 독서 공간
문화공공데이터광장 | 전국 독립서점 및 운영정보,독립서점,고양의순간,상시,성인 (개인 방문 적합),"(07692) 서울특별시 강서구 우장산로4길 83 1층 | 위도:37.5509033, 경도:126.8384934",무료입장 (도서 구매 별도),"[고양의순간] / 카페 있음, 공간대여 가능, 강연 가능, 리뷰 있음 / 운영정보: 평일개점마감시간 : 12:00~18:00, 휴무일 : 주말 휴무 / 전화: 050713298362",https://map.naver.com/v5/search/%EA%B3%A0%EC%96%91%EC%9D%98%EC%88%9C%EA%B0%84,single:0.95;couple:0.4;family:0.3;독립서점;cafe:1.0,2026-08-23 19:50:49,bookstore:1.0;quiet:1.0;indoor:1.0,2,70,📚 혼자만의 시간을 보내기 좋은 조용한 독서 공간
문화공공데이터광장 | 전국 독립서점 및 운영정보,독립서점,홈통,상시,성인 (개인 방문 적합),"(08613) 서울특별시 금천구 시흥대로73길 11 무지개상가 309호 | 위도:37.4562021, 경도:126.8984627",무료입장 (도서 구매 별도),"[홈통] / 만화도서관 , 주차 가능, 화장실 남녀 구분, 리뷰 있음 / 운영정보: 평일개점마감시간 : 11:00~18:00토요일개점마감시간 : 11:00~18:00일요일개점마감시간 : 11:00~18:00, 휴무일 : 수요일, 목요일 / 전화: 050713803253",https://map.naver.com/v5/search/%ED%99%88%ED%86%B5,single:0.95;couple:0.4;family:0.3;독립서점,2026-08-23 19:50:49,bookstore:1.0;quiet:1.0;indoor:1.0,2,70,📚 혼자만의 시간을 보내기 좋은 조용한 독서 공간
문화공공데이터광장 | 전국 독립서점 및 운영정보,독립서점,새고서림,상시,성인 (개인 방문 적합),"(07267) 서울특별시 영등포구 영신로39길 8-1 201호 | 위도:37.5216984, 경도:126.9003513",무료입장 (도서 구매 별도),"[새고서림] / 다양한 형태의 책과 솔직담백한 도서가 가득한 공간입니다. , 리뷰 있음 / 운영정보: 평일개점마감시간 : 13:00~20:00토요일개점마감시간 : 13:00~20:00일요일개점마감시간 : 13:00~20:00, 휴무일 : 월요일 휴무 / 전화: 050714412125",https://map.naver.com/v5/search/%EC%83%88%EA%B3%A0%EC%84%9C%EB%A6%BC,single:0.95;couple:0.4;family:0.3;독립서점,2026-08-23 19:50:49,bookstore:1.0;quiet:1.0;indoor:1.0,2,70,📚 혼자만의 시간을 보내기 좋은 조용한 독서 공간
문화공공데이터광장 | 전국 독립서점 및 운영정보,독립서점,오래서점,상시,성인 (개인 방문 적합),"(46726) 부산 강서구 명지국제3로 97 삼정그린코아더베스트 상가 1층 D111호 | 위도:35.0976053, 경도:128.9110169",무료입장 (도서 구매 별도),"[오래서점] / 서점 영업시간 외 시간은 독서모임 및 문화행사를 위한 단독 대관 , 주차 가능, 화장실 남녀 구분, 리뷰 있음 / 운영정보: 평일개점마감시간 : 11:00~19:00토요일개점마감시간 : 10:00~14:00, 휴무일 : 일요일 휴무 / 전화: 050713499138",https://map.naver.com/v5/search/%EC%98%A4%EB%9E%98%EC%84%9C%EC%A0%90,single:0.95;couple:0.4;family:0.3;독립서점,2026-08-23 19:50:49,bookstore:1.0;quiet:1.0;indoor:1.0,2,70,📚 혼자만의 시간을 보내기 좋은 조용한 독서 공간
문화공공데이터광장 | 전국 독립서점 및 운영정보,독립서점,당신의 책갈피,상시,성인 (개인 방문 적합),"(48512) 부산 남구 수영로334번길 32-1 1층 안쪽 | 위도:35.1369531, 경도:129.1028575",무료입장 (도서 구매 별도),"[당신의 책갈피] / 문화골목 안의 작은 서점 '당신의 책갈피'입니다. 심야책방, 북토크, 독서모임 등 다양한 행사가 진행됩니다. , 독립출판물 있음, 독서모임 가능, 리뷰 있음 / 운영정보: 평일개점마감시간 : 11:00~20:00토요일개점마감시간 : 11:00~20:00일요일개점마감시간 : 11:00~20:00 / 전화: 01084653450",https://map.naver.com/v5/search/%EB%8B%B9%EC%8B%A0%EC%9D%98%20%EC%B1%85%EA%B0%88%ED%94%BC,single:0.95;couple:0.4;family:0.3;독립서점;indie_pub:1.0,2026-08-23 19:50:49,bookstore:1.0;quiet:1.0;indoor:1.0,2,70,📚 혼자만의 시간을 보내기 좋은 조용한 독서 공간
문화공공데이터광장 | 전국 독립서점 및 운영정보,독립서점,이루카팩방,상시,성인 (개인 방문 적합),"(48730) 부산 동구 중앙대로296번길 3-3 | 위도:35.1231104, 경도:129.044568",무료입장 (도서 구매 별도),"[이루카팩방] / 소설을 좋아하시는분 책을 읽고 싶어하시는 누구에게나 열려 있는 공간 , 주차 가능, 카페 있음, 독립출판물 있음, 리뷰 있음 / 운영정보: 평일개점마감시간 : 09:00~18:00, 휴무일 : 토, 일 휴무: / 전화: 050713544654",https://map.naver.com/v5/search/%EC%9D%B4%EB%A3%A8%EC%B9%B4%ED%8C%A9%EB%B0%A9,single:0.95;couple:0.4;family:0.3;독립서점;cafe:1.0;indie_pub:1.0,2026-08-23 19:50:49,bookstore:1.0;quiet:1.0;indoor:1.0,2,70,📚 혼자만의 시간을 보내기 좋은 조용한 독서 공간
문화공공데이터광장 | 전국 독립서점 및 운영정보,독립서점,스테레오북스,상시,성인 (개인 방문 적합),"(47900) 부산 동래구 온천천로453번길 14 2층 | 위도:35.1918998, 경도:129.1030286",무료입장 (도서 구매 별도),"[스테레오북스] / 부산 동래구 안락동의 음악이 있는 책 , 주차 가능, 리뷰 있음 / 운영정보: 평일개점마감시간 : 11:00~22:00토요일개점마감시간 : 11:00~22:00일요일개점마감시간 : 11:00~18:00 / 전화: 050714941020",https://map.naver.com/v5/search/%EC%8A%A4%ED%85%8C%EB%A0%88%EC%98%A4%EB%B6%81%EC%8A%A4,single:0.95;couple:0.4;family:0.3;독립서점,2026-08-23 19:50:49,bookstore:1.0;quiet:1.0;indoor:1.0,2,70,📚 혼자만의 시간을 보내기 좋은 조용한 독서 공간
문화공공데이터광장 | 전국 독립서점 및 운영정보,독립서점,이책저책,상시,성인 (개인 방문 적합),"(47242) 부산 부산진구 서전로47번길 40 이책저책 | 위도:35.1595932, 경도:129.0648788",무료입장 (도서 구매 별도),[이책저책] / 두권의 책을 팔아요 / 운영정보: 평일개점마감시간 : 14:00~20:00토요일개점마감시간 : 14:00~20:00일요일개점마감시간 : 14:00~20:00 / 전화: 01041596884,https://map.naver.com/v5/search/%EC%9D%B4%EC%B1%85%EC%A0%80%EC%B1%85,single:0.95;couple:0.4;family:0.3;독립서점,2026-08-23 19:50:49,bookstore:1.0;quiet:1.0;indoor:1.0,2,70,📚 혼자만의 시간을 보내기 좋은 조용한 독서 공간
문화공공데이터광장 | 전국 독립서점 및 운영정보,독립서점,다대포예술기지,상시,성인 (개인 방문 적합),"(49494) 부산 사하구 윤공단로 12 2층. 다대포예술기지 | 위도:35.0548052, 경도:128.9693091",무료입장 (도서 구매 별도),"[다대포예술기지] / 북카페겸 독서모임을 할 수 있는 공간 , 공간대여 가능, 독립출판물 있음, 독서모임 가능 / 운영정보: 평일개점마감시간 : 13:00~19:00토요일개점마감시간 : 13:00~21:00일요일개점마감시간 : 13:00~21:00, 휴무일 : 화요일, 수요일 휴무. 월요일 10시 오픈 / 전화: 01032113946",https://map.naver.com/v5/search/%EB%8B%A4%EB%8C%80%ED%8F%AC%EC%98%88%EC%88%A0%EA%B8%B0%EC%A7%80,single:0.95;couple:0.4;family:0.3;독립서점;cafe:1.0;indie_pub:1.0,2026-08-23 19:50:49,bookstore:1.0;quiet:1.0;indoor:1.0,2,70,📚 혼자만의 시간을 보내기 좋은 조용한 독서 공간
문화공공데이터광장 | 전국 독립서점 및 운영정보,독립서점,다가치사랑방 비콘점,상시,성인 (개인 방문 적합),"(48231) 부산 수영구 망미번영로 69-1 쇼핑그라운드2 101호 | 위도:35.1738567, 경도:129.110645",무료입장 (도서 구매 별도),"[다가치사랑방 비콘점] / 주차 가능, 화장실 남녀 구분 / 운영정보: 평일개점마감시간 : 12:00~18:00토요일개점마감시간 : 12:00~18:00일요일개점마감시간 : 12:00~18:00, 휴무일 : 4째주 월요일 휴무 / 전화: 050714870411",https://map.naver.com/v5/search/%EB%8B%A4%EA%B0%80%EC%B9%98%EC%82%AC%EB%9E%91%EB%B0%A9%20%EB%B9%84%EC%BD%98%EC%A0%90,single:0.95;couple:0.4;family:0.3;독립서점,2026-08-23 19:50:49,bookstore:1.0;quiet:1.0;indoor:1.0,2,70,📚 혼자만의 시간을 보내기 좋은 조용한 독서 공간
문화공공데이터광장 | 전국 독립서점 및 운영정보,독립서점,오늘의 서재,상시,성인 (개인 방문 적합),"(47534) 부산 연제구 해맞이로 63 2층 | 위도:35.1800166, 경도:129.0681753",무료입장 (도서 구매 별도),"[오늘의 서재] / 한국 에세이, 소설 중심 문학서점/ 책방주인이 읽고 소개하고 싶은 책을 주로 판매합니다. , 화장실 남녀 구분, 카페 있음 / 운영정보: 평일개점마감시간 : 12:00~20:00토요일개점마감시간 : 12:00~18:00일요일개점마감시간 : 12:00~18:00, 휴무일 : 화요일 휴무 / 전화: 정보없음",https://map.naver.com/v5/search/%EC%98%A4%EB%8A%98%EC%9D%98%20%EC%84%9C%EC%9E%AC,single:0.95;couple:0.4;family:0.3;독립서점;cafe:1.0,2026-08-23 19:50:49,bookstore:1.0;quiet:1.0;indoor:1.0,2,70,📚 혼자만의 시간을 보내기 좋은 조용한 독서 공간
문화공공데이터광장 | 전국 독립서점 및 운영정보,독립서점,다정한 책방,상시,성인 (개인 방문 적합),"(07016) 서울특별시 동작구 동작대로9가길 32 1층 다정한 책방 | 위도:37.4796676, 경도:126.97793",무료입장 (도서 구매 별도),"[다정한 책방] / 책과 함께하는 문화공간, 다정한 책방 , 공간대여 가능, 리뷰 있음 / 운영정보: 평일개점마감시간 : 13:00~21:00토요일개점마감시간 : 13:00~21:00일요일개점마감시간 : 12:00~19:30, 휴무일 : 월, 화 휴무 / 전화: 0269521025",https://map.naver.com/v5/search/%EB%8B%A4%EC%A0%95%ED%95%9C%20%EC%B1%85%EB%B0%A9,single:0.95;couple:0.4;family:0.3;독립서점,2026-08-23 19:50:49,bookstore:1.0;quiet:1.0;indoor:1.0,2,70,📚 혼자만의 시간을 보내기 좋은 조용한 독서 공간
문화공공데이터광장 | 전국 독립서점 및 운영정보,독립서점,나요기,상시,성인 (개인 방문 적합),"(49035) 부산 영도구 태종로95번길 40 1층 | 위도:35.0932758, 경도:129.0422901",무료입장 (도서 구매 별도),"[나요기] / 조용히 책 읽고 갈 수 있는 작은 무인 서점 , 카페 있음, 독립출판물 있음, 북토크 가능, 독서모임 가능, 강연 가능 / 운영정보: 평일개점마감시간 : 11:00~19:00토요일개점마감시간 : 11:00~17:00, 휴무일 : 일요일, 월요일 휴무 / 전화: 050713140451",https://map.naver.com/v5/search/%EB%82%98%EC%9A%94%EA%B8%B0,single:0.95;couple:0.4;family:0.3;독립서점;cafe:1.0;indie_pub:1.0,2026-08-23 19:50:49,bookstore:1.0;quiet:1.0;indoor:1.0,2,70,📚 혼자만의 시간을 보내기 좋은 조용한 독서 공간
문화공공데이터광장 | 전국 독립서점 및 운영정보,독립서점,산아래책방,상시,성인 (개인 방문 적합),"(58726) 전남 목포시 차범석길23번길 15 1층 | 위도:34.79354, 경도:126.37862",무료입장 (도서 구매 별도),"[산아래책방] / 여행다니며 들고 다니기 좋은 책들을 파는 서점 , 독립출판물 있음 / 운영정보: 평일개점마감시간 : 13:00~20:00토요일개점마감시간 : 13:00~00:00, 휴무일 : 월요일, 일요일 휴무 / 전화: 01041163915",https://map.naver.com/v5/search/%EC%82%B0%EC%95%84%EB%9E%98%EC%B1%85%EB%B0%A9,single:0.95;couple:0.4;family:0.3;독립서점;indie_pub:1.0,2026-08-23 19:50:49,bookstore:1.0;quiet:1.0;indoor:1.0,2,70,📚 혼자만의 시간을 보내기 좋은 조용한 독서 공간
문화공공데이터광장 | 전국 독립서점 및 운영정보,독립서점,퐁당퐁당,상시,성인 (개인 방문 적합),"(58650) 전남 목포시 동부로 4 2층 | 위도:34.80444, 경도:126.39533",무료입장 (도서 구매 별도),"[퐁당퐁당] / 카페 있음, 독서모임 가능 / 운영정보: 평일개점마감시간 : 13:00~17:00, 휴무일 : 월요일, 목요일, 주말 휴무 / 전화: 050713358060",https://map.naver.com/v5/search/%ED%90%81%EB%8B%B9%ED%90%81%EB%8B%B9,single:0.95;couple:0.4;family:0.3;독립서점;cafe:1.0,2026-08-23 19:50:49,bookstore:1.0;quiet:1.0;indoor:1.0,2,70,📚 혼자만의 시간을 보내기 좋은 조용한 독서 공간
문화공공데이터광장 | 전국 독립서점 및 운영정보,독립서점,고호의책방,상시,성인 (개인 방문 적합),"(58728) 전남 목포시 영산로75번길 12 | 위도:34.79016, 경도:126.38456",무료입장 (도서 구매 별도),"[고호의책방] / 독특한 책이 많은 책방 , 주차 가능 / 운영정보: 평일개점마감시간 : 10:00~19:30토요일개점마감시간 : 10:00~19:30일요일개점마감시간 : 10:00~19:30, 휴무일 : 월요일 휴무 / 전화: 01077432046",https://map.naver.com/v5/search/%EA%B3%A0%ED%98%B8%EC%9D%98%EC%B1%85%EB%B0%A9,single:0.95;couple:0.4;family:0.3;독립서점,2026-08-23 19:50:49,bookstore:1.0;quiet:1.0;indoor:1.0,2,70,📚 혼자만의 시간을 보내기 좋은 조용한 독서 공간
문화공공데이터광장 | 전국 독립서점 및 운영정보,독립서점,책마당,상시,성인 (개인 방문 적합),"(58557) 전남 무안군 청계면 복길로 131 | 위도:34.90186, 경도:126.40629",무료입장 (도서 구매 별도),"[책마당] / 자연과 풍경을 공유하고 책과 감성으로 인생을 소통합니다. , 주차 가능, 카페 있음, 리뷰 있음 / 운영정보: 평일개점마감시간 : 09:00~21:00토요일개점마감시간 : 09:00~21:00일요일개점마감시간 : 09:00~21:00 / 전화: 050713459141",https://map.naver.com/v5/search/%EC%B1%85%EB%A7%88%EB%8B%B9,single:0.95;couple:0.4;family:0.3;독립서점;cafe:1.0,2026-08-23 19:50:49,bookstore:1.0;quiet:1.0;indoor:1.0,2,70,📚 혼자만의 시간을 보내기 좋은 조용한 독서 공간
문화공공데이터광장 | 전국 독립서점 및 운영정보,독립서점,책속의 길 책방,상시,성인 (개인 방문 적합),"(58568) 전남 무안군 삼향읍 남악5로60번길 31-8 | 위도:34.8105, 경도:126.4748",무료입장 (도서 구매 별도),"[책속의 길 책방] / 화장실 남녀구분, 카페 있음 / 운영정보: 평일개점마감시간 : 10:00~19:00토요일개점마감시간 : 10:00~19:00 / 전화: 050714034535",https://map.naver.com/v5/search/%EC%B1%85%EC%86%8D%EC%9D%98%20%EA%B8%B8%20%EC%B1%85%EB%B0%A9,single:0.95;couple:0.4;family:0.3;독립서점;cafe:1.0,2026-08-23 19:50:49,bookstore:1.0;quiet:1.0;indoor:1.0,2,70,📚 혼자만의 시간을 보내기 좋은 조용한 독서 공간
문화공공데이터광장 | 전국 독립서점 및 운영정보,독립서점,낯가리는 책방,상시,성인 (개인 방문 적합),"(59743) 전남 여수시 공화남1길 11 1층 왼쪽 | 위도:34.7452, 경도:127.7439",무료입장 (도서 구매 별도),"[낯가리는 책방] / 시,소설,에세이를 취급하고 있는 마을책방입니다. 커피와 음료도 드실 수 있습니다. , 주차 가능, 화장실 남녀 구분, 카페 있음, 리뷰 있음 / 운영정보: 평일개점마감시간 : 12:00~18:00토요일개점마감시간 : 12:00~18:00일요일개점마감시간 : 12:00~18:00, 휴무일 : 수요일 휴무 / 전화: 050713756548",https://map.naver.com/v5/search/%EB%82%AF%EA%B0%80%EB%A6%AC%EB%8A%94%20%EC%B1%85%EB%B0%A9,single:0.95;couple:0.4;family:0.3;독립서점;cafe:1.0,2026-08-23 19:50:49,bookstore:1.0;quiet:1.0;indoor:1.0,2,70,📚 혼자만의 시간을 보내기 좋은 조용한 독서 공간
문화공공데이터광장 | 전국 독립서점 및 운영정보,독립서점,관객의취향,상시,성인 (개인 방문 적합),"(08737) 서울특별시 관악구 관악로 204 3층 301호 | 위도:37.482975, 경도:126.9543101",무료입장 (도서 구매 별도),"[관객의취향] / 영화관련 도서와 큐레이션 된 도서를 판매하는 작은 책방이자, 케이크와 커피를 팝니다. , 리뷰 있음 / 운영정보: 평일개점마감시간 : 15:00~21:00토요일개점마감시간 : 13:00~19:00일요일개점마감시간 : 13:00~19:00, 휴무일 : 명절 휴무 / 전화: 050714602058",https://map.naver.com/v5/search/%EA%B4%80%EA%B0%9D%EC%9D%98%EC%B7%A8%ED%96%A5,single:0.95;couple:0.4;family:0.3;독립서점;cafe:1.0,2026-08-23 19:50:49,bookstore:1.0;quiet:1.0;indoor:1.0,2,70,📚 혼자만의 시간을 보내기 좋은 조용한 독서 공간
문화공공데이터광장 | 전국 독립서점 및 운영정보,독립서점,내일도 책방,상시,성인 (개인 방문 적합),"(06764) 서울특별시 서초구 태봉로2길 10 제상가동 2층 203호 | 위도:37.4617505, 경도:127.0232419",무료입장 (도서 구매 별도),[내일도 책방] / 전화: 정보없음,https://map.naver.com/v5/search/%EB%82%B4%EC%9D%BC%EB%8F%84%20%EC%B1%85%EB%B0%A9,single:0.95;couple:0.4;family:0.3;독립서점,2026-08-23 19:50:49,bookstore:1.0;quiet:1.0;indoor:1.0,2,70,📚 혼자만의 시간을 보내기 좋은 조용한 독서 공간
문화공공데이터광장 | 전국 독립서점 및 운영정보,독립서점,하우스북스 채널씨,상시,성인 (개인 방문 적합),"(05561) 서울특별시 송파구 백제고분로9길 5 | 위도:37.5093918, 경도:127.0796738",무료입장 (도서 구매 별도),"[하우스북스 채널씨] / 하우스북스는 하우스서울(HOWS)의 발견의 공간인 독립서점입니다. , 화장실 남녀 구분, 카페 있음, 리뷰 있음 / 운영정보: 평일개점마감시간 : 11:00~19:00토요일개점마감시간 : 11:00~19:00일요일개점마감시간 : 11:00~19:00 / 전화: 0260006675",https://map.naver.com/v5/search/%ED%95%98%EC%9A%B0%EC%8A%A4%EB%B6%81%EC%8A%A4%20%EC%B1%84%EB%84%90%EC%94%A8,single:0.95;couple:0.4;family:0.3;독립서점;cafe:1.0,2026-08-23 19:50:49,bookstore:1.0;quiet:1.0;indoor:1.0,2,70,📚 혼자만의 시간을 보내기 좋은 조용한 독서 공간
문화공공데이터광장 | 전국 독립서점 및 운영정보,독립서점,요즘서재,상시,성인 (개인 방문 적합),"(05728) 서울특별시 송파구 동남로23길 40-11 1층 코너 | 위도:37.503156, 경도:127.1344458",무료입장 (도서 구매 별도),"[요즘서재] / 도심 한 가운데서 차분한 시간을 공유할 수 있는 곳 , 주차 가능, 화장실 남녀 구분, 카페 있음, 공간대여 가능, 리뷰 있음 / 운영정보: 평일개점마감시간 : 07:00~00:00토요일개점마감시간 : 07:00~00:00일요일개점마감시간 : 07:00~00:00 / 전화: 050713361637",https://map.naver.com/v5/search/%EC%9A%94%EC%A6%98%EC%84%9C%EC%9E%AC,single:0.95;couple:0.4;family:0.3;독립서점;cafe:1.0,2026-08-23 19:50:49,bookstore:1.0;quiet:1.0;indoor:1.0,2,70,📚 혼자만의 시간을 보내기 좋은 조용한 독서 공간
문화공공데이터광장 | 전국 독립서점 및 운영정보,독립서점,북커뮤니티 비움과 채움,상시,성인 (개인 방문 적합),"(30130) 세종특별자치시 누리로 28 B상가동 1층 한솔중학교 농구코트 부근입니다. | 위도:36.4759566, 경도:127.2535693",무료입장 (도서 구매 별도),"[북커뮤니티 비움과 채움] / 책을 사고파는 서점에서 더 나아가,책에 담긴 이야기, 책과 연결된 나만의 이야기를 주고 받는 북커뮤니티입니다. , 주차 가능, 카페 있음, 공간대여 가능, 독서모임 가능, 리뷰 있음 / 운영정보: 평일개점마감시간 : 10:00~19:00 / 전화: 050713196516",https://map.naver.com/v5/search/%EB%B6%81%EC%BB%A4%EB%AE%A4%EB%8B%88%ED%8B%B0%20%EB%B9%84%EC%9B%80%EA%B3%BC%20%EC%B1%84%EC%9B%80,single:0.95;couple:0.4;family:0.3;독립서점;cafe:1.0,2026-08-23 19:50:49,bookstore:1.0;quiet:1.0;indoor:1.0,2,70,📚 혼자만의 시간을 보내기 좋은 조용한 독서 공간
문화공공데이터광장 | 전국 독립서점 및 운영정보,독립서점,행복스러움 그곳,상시,성인 (개인 방문 적합),"(30064) 세종특별자치시 달빛로 16 가재마을 8단지 | 위도:36.4999994, 경도:127.2504251",무료입장 (도서 구매 별도),"[행복스러움 그곳] / 세종시 독립서점 행복스러움 그곳입니다. 많은 관심 부탁드립니다^^ 독립출간물 관련 문의 받습니다. , 독립출판물 있음 / 운영정보: 평일개점마감시간 : 11:00~19:00토요일개점마감시간 : 11:00~19:00, 휴무일 : 일요일 / 전화: 050714047472",https://map.naver.com/v5/search/%ED%96%89%EB%B3%B5%EC%8A%A4%EB%9F%AC%EC%9B%80%20%EA%B7%B8%EA%B3%B3,single:0.95;couple:0.4;family:0.3;독립서점;indie_pub:1.0,2026-08-23 19:50:49,bookstore:1.0;quiet:1.0;indoor:1.0,2,70,📚 혼자만의 시간을 보내기 좋은 조용한 독서 공간
문화공공데이터광장 | 전국 독립서점 및 운영정보,독립서점,완도살롱,상시,성인 (개인 방문 적합),"(59120) 전남 완도군 완도읍 장보고대로248번길 48 1층 완도살롱 | 위도:34.31467, 경도:126.75487",무료입장 (도서 구매 별도),"[완도살롱] / 주류와 비주류가 공존하는 곳.완도살롱은 서점과 문구점이 거쳐 간 공간에 자리 잡고 지역민과 여행자, 이방인 그리고 여러분을 기다리고 있습니다. , 카페 있음, 리뷰 있음 / 운영정보: 평일개점마감시간 : 20:00~01:00토요일개점마감시간 : 20:00~01:00, 휴무일 : 일요일, 월요일 휴무 / 전화: 050713053218",https://map.naver.com/v5/search/%EC%99%84%EB%8F%84%EC%82%B4%EB%A1%B1,single:0.95;couple:0.4;family:0.3;독립서점;cafe:1.0,2026-08-23 19:50:49,bookstore:1.0;quiet:1.0;indoor:1.0,2,70,📚 혼자만의 시간을 보내기 좋은 조용한 독서 공간
문화공공데이터광장 | 전국 독립서점 및 운영정보,독립서점,세모책방,상시,성인 (개인 방문 적합),"(57245) 전남 장성군 진원면 상림길 26 | 위도:35.27311, 경도:126.86006",무료입장 (도서 구매 별도),"[세모책방] / 작가가 운영하는 세모책방은 독립작가들의 창의적인 작품, 마음의 치유와 회복에 도움을 주는 책들, 그리고 청소년들을 위한 고전류를 보급하는 독립서점 , 주차 가능, 화장실 남녀 구분, 리뷰 있음 / 운영정보: 평일개점마감시간 : 10:00~17:00토요일개점마감시간 : 10:00~14:00, 휴무일 : 일요일, 월요일 휴무 / 전화: 0613945459",https://map.naver.com/v5/search/%EC%84%B8%EB%AA%A8%EC%B1%85%EB%B0%A9,single:0.95;couple:0.4;family:0.3;독립서점,2026-08-23 19:50:49,bookstore:1.0;quiet:1.0;indoor:1.0,2,70,📚 혼자만의 시간을 보내기 좋은 조용한 독서 공간
문화공공데이터광장 | 전국 독립서점 및 운영정보,독립서점,아템파우제13,상시,성인 (개인 방문 적합),"(42607) 대구광역시 달서구 선원로53길 11 | 위도:35.8594508, 경도:128.5215762",무료입장 (도서 구매 별도),"[아템파우제13] / 꽃집과 함께 운영하는 책방 , 카페 있음, 독립출판물 있음 / 전화: 01087370013",https://map.naver.com/v5/search/%EC%95%84%ED%85%9C%ED%8C%8C%EC%9A%B0%EC%A0%9C13,single:0.95;couple:0.4;family:0.3;독립서점;cafe:1.0;indie_pub:1.0,2026-08-23 19:50:49,bookstore:1.0;quiet:1.0;indoor:1.0,2,70,📚 혼자만의 시간을 보내기 좋은 조용한 독서 공간
문화공공데이터광장 | 전국 독립서점 및 운영정보,독립서점,파이데이아북스,상시,성인 (개인 방문 적합),"(42781) 대구광역시 달서구 월서로3길 15 231동 103-1호 | 위도:35.82025296, 경도:128.5344542",무료입장 (도서 구매 별도),"[파이데이아북스] / 동네서점 & 북카페 복합형 공간, 독서토론과 공간대여도 함께 진행중 , 독립출판물 있음, 독서모임 가능 / 운영정보: 평일개점마감시간 : 10:00~20:00토요일개점마감시간 : 10:00~20:00일요일개점마감시간 : 10:00~20:00휴무일개점마감시간 : 10:00~20:00 / 전화: 01093703619",https://map.naver.com/v5/search/%ED%8C%8C%EC%9D%B4%EB%8D%B0%EC%9D%B4%EC%95%84%EB%B6%81%EC%8A%A4,single:0.95;couple:0.4;family:0.3;독립서점;cafe:1.0;indie_pub:1.0,2026-08-23 19:50:49,bookstore:1.0;quiet:1.0;indoor:1.0,2,70,📚 혼자만의 시간을 보내기 좋은 조용한 독서 공간
문화공공데이터광장 | 전국 독립서점 및 운영정보,독립서점,책방 정류장,상시,성인 (개인 방문 적합),"(34428) 대전광역시 대덕구 한밭대로1174번길 46 | 위도:36.35684802, 경도:127.4289329",무료입장 (도서 구매 별도),"[책방 정류장] / 독립서점 , 독립출판물 있음, 강연 가능, 리뷰 있음 / 운영정보: 평일개점마감시간 : 14:00~20:00토요일개점마감시간 : 14:00~20:00일요일개점마감시간 : 14:00~20:00, 휴무일 : 수요일휴무 / 전화: 01094795410",https://map.naver.com/v5/search/%EC%B1%85%EB%B0%A9%20%EC%A0%95%EB%A5%98%EC%9E%A5,single:0.95;couple:0.4;family:0.3;독립서점;indie_pub:1.0,2026-08-23 19:50:49,bookstore:1.0;quiet:1.0;indoor:1.0,2,70,📚 혼자만의 시간을 보내기 좋은 조용한 독서 공간
문화공공데이터광장 | 전국 독립서점 및 운영정보,독립서점,머물다가게,상시,성인 (개인 방문 적합),"(34649) 대전광역시 동구 대동로 44 | 위도:36.33155433, 경도:127.4490404",무료입장 (도서 구매 별도),"[머물다가게] / 주차 가능, 화장실 남녀 구분, 카페 있음 / 전화: 07080986634",https://map.naver.com/v5/search/%EB%A8%B8%EB%AC%BC%EB%8B%A4%EA%B0%80%EA%B2%8C,single:0.95;couple:0.4;family:0.3;독립서점;cafe:1.0,2026-08-23 19:50:49,bookstore:1.0;quiet:1.0;indoor:1.0,2,70,📚 혼자만의 시간을 보내기 좋은 조용한 독서 공간
문화공공데이터광장 | 전국 독립서점 및 운영정보,독립서점,심플책방,상시,성인 (개인 방문 적합),"(41244) 대구광역시 동구 동부로34길 4 지하 1층 | 위도:35.87710297, 경도:128.630564",무료입장 (도서 구매 별도),"[심플책방] / 인문,에세이 장르책과 칵테일, 음악, 고양이가 공존하는 책방 , 독립출판물 있음, 강연 가능 / 운영정보: 평일개점마감시간 : 12:00~21:00, 휴무일 : 월요일 휴무 / 전화: 01098339513",https://map.naver.com/v5/search/%EC%8B%AC%ED%94%8C%EC%B1%85%EB%B0%A9,single:0.95;couple:0.4;family:0.3;독립서점;indie_pub:1.0,2026-08-23 19:50:49,bookstore:1.0;quiet:1.0;indoor:1.0,2,70,📚 혼자만의 시간을 보내기 좋은 조용한 독서 공간
문화공공데이터광장 | 전국 독립서점 및 운영정보,독립서점,책방 행복의온도,상시,성인 (개인 방문 적합),"(34609) 대전광역시 동구 동대전로 121 1층 102호 | 위도:36.333093, 경도:127.4449857",무료입장 (도서 구매 별도),[책방 행복의온도] / 문학전문책방 / 운영정보: 평일개점마감시간 : 11:00~20:00토요일개점마감시간 : 11:00~20:00일요일개점마감시간 : 11:00~20:00 / 전화: 07088064080,https://map.naver.com/v5/search/%EC%B1%85%EB%B0%A9%20%ED%96%89%EB%B3%B5%EC%9D%98%EC%98%A8%EB%8F%84,single:0.95;couple:0.4;family:0.3;독립서점,2026-08-23 19:50:49,bookstore:1.0;quiet:1.0;indoor:1.0,2,70,📚 혼자만의 시간을 보내기 좋은 조용한 독서 공간
문화공공데이터광장 | 전국 독립서점 및 운영정보,독립서점,캐트리오나,상시,성인 (개인 방문 적합),"(34625) 대전광역시 동구 선화로 212 2층 | 위도:36.33446845, 경도:127.4290069",무료입장 (도서 구매 별도),"[캐트리오나] / 동화책과 문구를 판매 , 독립출판물 있음 / 전화: 0422218536",https://map.naver.com/v5/search/%EC%BA%90%ED%8A%B8%EB%A6%AC%EC%98%A4%EB%82%98,single:0.95;couple:0.4;family:0.3;독립서점;indie_pub:1.0,2026-08-23 19:50:49,bookstore:1.0;quiet:1.0;indoor:1.0,2,70,📚 혼자만의 시간을 보내기 좋은 조용한 독서 공간
문화공공데이터광장 | 전국 독립서점 및 운영정보,독립서점,삼요소,상시,성인 (개인 방문 적합),"(35231) 대전광역시 서구 갈마역로 1 (2층) | 위도:36.35094631, 경도:127.3731452",무료입장 (도서 구매 별도),"[삼요소] / 서점,카페,문화공간,독립서점 , 독립출판물 있음, 헌책방 있음 / 운영정보: 평일개점마감시간 : 14:00~22:00토요일개점마감시간 : 13:00~19:00, 휴무일 : 일요일 휴무 / 전화: 01093366506",https://map.naver.com/v5/search/%EC%82%BC%EC%9A%94%EC%86%8C,single:0.95;couple:0.4;family:0.3;독립서점;cafe:1.0;indie_pub:1.0,2026-08-23 19:50:49,bookstore:1.0;quiet:1.0;indoor:1.0,2,70,📚 혼자만의 시간을 보내기 좋은 조용한 독서 공간
문화공공데이터광장 | 전국 독립서점 및 운영정보,독립서점,노란우산 그림책카페,상시,성인 (개인 방문 적합),"(35415) 대전광역시 서구 복수남로12번길 44 105호 | 위도:36.29920237, 경도:127.380992",무료입장 (도서 구매 별도),"[노란우산 그림책카페] / 그림책카페, 단행본그림책 , 북토크 가능, 독서모임 가능, 강연 가능 / 운영정보: 평일개점마감시간 : 11:00~20:00, 휴무일 : 일요일 휴무 / 전화: 01082928188",https://map.naver.com/v5/search/%EB%85%B8%EB%9E%80%EC%9A%B0%EC%82%B0%20%EA%B7%B8%EB%A6%BC%EC%B1%85%EC%B9%B4%ED%8E%98,single:0.95;couple:0.4;family:0.3;독립서점;cafe:1.0,2026-08-23 19:50:49,bookstore:1.0;quiet:1.0;indoor:1.0,2,70,📚 혼자만의 시간을 보내기 좋은 조용한 독서 공간
문화공공데이터광장 | 전국 독립서점 및 운영정보,독립서점,원각서점,상시,성인 (개인 방문 적합),"(34158) 대전광역시 유성구 동서대로 125 한밭대학교 S2동 2층 | 위도:36.35235262, 경도:127.3017638",무료입장 (도서 구매 별도),[원각서점] / 독서모임 가능 / 전화: 0428211493,https://map.naver.com/v5/search/%EC%9B%90%EA%B0%81%EC%84%9C%EC%A0%90,single:0.95;couple:0.4;family:0.3;독립서점,2026-08-23 19:50:49,bookstore:1.0;quiet:1.0;indoor:1.0,2,70,📚 혼자만의 시간을 보내기 좋은 조용한 독서 공간
문화공공데이터광장 | 전국 독립서점 및 운영정보,독립서점,서점이도저도,상시,성인 (개인 방문 적합),"(34117) 대전광역시 유성구 신성로62번길 15 1층 | 위도:36.38855697, 경도:127.3486329",무료입장 (도서 구매 별도),"[서점이도저도] / 소설,에세이,그림책,인문학 등 다양한 책과 카페운영 , 카페 있음, 공간대여 가능, 독립출판물 있음, 북토크 가능, 독서모임 가능, 강연 가능, 리뷰 있음 / 운영정보: 평일개점마감시간 : 11:30~22:00토요일개점마감시간 : 12:00~22:00일요일개점마감시간 : 12:00~22:00, 휴무일 : 목요일 휴무 / 전화: 01022685342",https://map.naver.com/v5/search/%EC%84%9C%EC%A0%90%EC%9D%B4%EB%8F%84%EC%A0%80%EB%8F%84,single:0.95;couple:0.4;family:0.3;독립서점;cafe:1.0;indie_pub:1.0,2026-08-23 19:50:49,bookstore:1.0;quiet:1.0;indoor:1.0,2,70,📚 혼자만의 시간을 보내기 좋은 조용한 독서 공간
문화공공데이터광장 | 전국 독립서점 및 운영정보,독립서점,마르타의서재,상시,성인 (개인 방문 적합),"(34085) 대전광역시 유성구 은구비서로24번길 6 지하 1층 | 위도:36.37419102, 경도:127.3208869",무료입장 (도서 구매 별도),"[마르타의서재] / 인문사회서적과 예술서적, 어린이그림책 위주의 신간서적을 판매 , 카페 있음, 독립출판물 있음 / 운영정보: 평일개점마감시간 : 14:00~20:00토요일개점마감시간 : 14:00~20:00일요일개점마감시간 : 14:00~20:00, 휴무일 : 일요일 휴무 / 전화: 0428226912",https://map.naver.com/v5/search/%EB%A7%88%EB%A5%B4%ED%83%80%EC%9D%98%EC%84%9C%EC%9E%AC,single:0.95;couple:0.4;family:0.3;독립서점;cafe:1.0;indie_pub:1.0,2026-08-23 19:50:49,bookstore:1.0;quiet:1.0;indoor:1.0,2,70,📚 혼자만의 시간을 보내기 좋은 조용한 독서 공간
문화공공데이터광장 | 전국 독립서점 및 운영정보,독립서점,가까운책방,상시,성인 (개인 방문 적합),"(34927) 대전광역시 중구 대흥로 177 2층 | 위도:36.32557385, 경도:127.4313943",무료입장 (도서 구매 별도),"[가까운책방] / 그래픽노블 전문서점,독립책방 , 독립출판물 있음 / 운영정보: 평일개점마감시간 : 14:00~21:00토요일개점마감시간 : 14:00~21:00 / 전화: 07040012937",https://map.naver.com/v5/search/%EA%B0%80%EA%B9%8C%EC%9A%B4%EC%B1%85%EB%B0%A9,single:0.95;couple:0.4;family:0.3;독립서점;indie_pub:1.0,2026-08-23 19:50:49,bookstore:1.0;quiet:1.0;indoor:1.0,2,70,📚 혼자만의 시간을 보내기 좋은 조용한 독서 공간
문화공공데이터광장 | 전국 독립서점 및 운영정보,독립서점,잠시서점,상시,성인 (개인 방문 적합),"(34872) 대전광역시 중구 오류로 116 잠시서점 | 위도:36.33061764, 경도:127.4018084",무료입장 (도서 구매 별도),"[잠시서점] / 독립서점, 동화장가, 고민상담소 , 주차 가능 / 운영정보: 평일개점마감시간 : 14:00~21:00토요일개점마감시간 : 15:30~21:00, 휴무일 : 토요일 격주 휴무 / 전화: 01076749692",https://map.naver.com/v5/search/%EC%9E%A0%EC%8B%9C%EC%84%9C%EC%A0%90,single:0.95;couple:0.4;family:0.3;독립서점,2026-08-23 19:50:49,bookstore:1.0;quiet:1.0;indoor:1.0,2,70,📚 혼자만의 시간을 보내기 좋은 조용한 독서 공간
문화공공데이터광장 | 전국 독립서점 및 운영정보,독립서점,시인보호구역,상시,성인 (개인 방문 적합),"(41519) 대구광역시 북구 동북로31길 8 | 위도:35.9004235, 경도:128.6104502",무료입장 (도서 구매 별도),"[시인보호구역] / 갤러리카페, 출판사, 영상촬영, 문화기획, 청소년 독서예쑬캠프, 독립서점 , 독립출판물 있음 / 운영정보: 평일개점마감시간 : 11:00~21:00토요일개점마감시간 : 13:00~21:00일요일개점마감시간 : 13:00~21:00, 휴무일 : 1,3주 토요일 휴무, 매주 월요일,일요일 휴무 / 전화: 07088624530",https://map.naver.com/v5/search/%EC%8B%9C%EC%9D%B8%EB%B3%B4%ED%98%B8%EA%B5%AC%EC%97%AD,single:0.95;couple:0.4;family:0.3;독립서점;cafe:1.0;indie_pub:1.0,2026-08-23 19:50:49,bookstore:1.0;quiet:1.0;indoor:1.0,2,70,📚 혼자만의 시간을 보내기 좋은 조용한 독서 공간
문화공공데이터광장 | 전국 독립서점 및 운영정보,독립서점,치우친취향,상시,성인 (개인 방문 적합),"(41416) 대구광역시 북구 학정동로 66 1층 | 위도:35.94959827, 경도:128.5678986",무료입장 (도서 구매 별도),"[치우친취향] / 치우친 취향으로 가득 작은 책방, 독립출판물,중고서적, 마실 거리 있음 , 카페 있음, 북토크 가능, 독서모임 가능, 강연 가능 / 운영정보: 평일개점마감시간 : 13:00~21:00, 휴무일 : 월요일 휴무 / 전화: 01084115876",https://map.naver.com/v5/search/%EC%B9%98%EC%9A%B0%EC%B9%9C%EC%B7%A8%ED%96%A5,single:0.95;couple:0.4;family:0.3;독립서점;cafe:1.0;indie_pub:1.0,2026-08-23 19:50:49,bookstore:1.0;quiet:1.0;indoor:1.0,2,70,📚 혼자만의 시간을 보내기 좋은 조용한 독서 공간
문화공공데이터광장 | 전국 독립서점 및 운영정보,독립서점,텍스트가든,상시,성인 (개인 방문 적합),"(34864) 대전광역시 중구 중앙로79번길 23 4층 텍스트가든 | 위도:36.32631475, 경도:127.4195413",무료입장 (도서 구매 별도),"[텍스트가든] / 식물을 테마로한 에세이,수필,시집,그림책,문학작품들 , 독서모임 가능, 리뷰 있음 / 운영정보: 평일개점마감시간 : 12:00~19:00토요일개점마감시간 : 12:00~19:00, 휴무일 : 월요일, 화요일, 일요일 휴무 / 전화: 01067246524",https://map.naver.com/v5/search/%ED%85%8D%EC%8A%A4%ED%8A%B8%EA%B0%80%EB%93%A0,single:0.95;couple:0.4;family:0.3;독립서점,2026-08-23 19:50:49,bookstore:1.0;quiet:1.0;indoor:1.0,2,70,📚 혼자만의 시간을 보내기 좋은 조용한 독서 공간
문화공공데이터광장 | 전국 독립서점 및 운영정보,독립서점,도어북스,상시,성인 (개인 방문 적합),"(34949) 대전광역시 중구 테미로 48 1층 | 위도:36.32199891, 경도:127.4217815",무료입장 (도서 구매 별도),"[도어북스] / 카페 있음, 독립출판물 있음 / 운영정보: 평일개점마감시간 : 13:00~20:00토요일개점마감시간 : 13:00~20:00, 휴무일 : 일요일 휴무 / 전화: 0426266938",https://map.naver.com/v5/search/%EB%8F%84%EC%96%B4%EB%B6%81%EC%8A%A4,single:0.95;couple:0.4;family:0.3;독립서점;cafe:1.0;indie_pub:1.0,2026-08-23 19:50:49,bookstore:1.0;quiet:1.0;indoor:1.0,2,70,📚 혼자만의 시간을 보내기 좋은 조용한 독서 공간
문화공공데이터광장 | 전국 독립서점 및 운영정보,독립서점,담담책방,상시,성인 (개인 방문 적합),"(41817) 대구광역시 서구 달서로 81-2 3층 | 위도:35.86955998, 경도:128.5708333",무료입장 (도서 구매 별도),"[담담책방] / 카페 있음 / 운영정보: 평일개점마감시간 : 13:00~18:00토요일개점마감시간 : 13:00~18:00, 휴무일 : 월요일 휴무, 일요일 휴무 / 전화: 0535653469",https://map.naver.com/v5/search/%EB%8B%B4%EB%8B%B4%EC%B1%85%EB%B0%A9,single:0.95;couple:0.4;family:0.3;독립서점;cafe:1.0,2026-08-23 19:50:49,bookstore:1.0;quiet:1.0;indoor:1.0,2,70,📚 혼자만의 시간을 보내기 좋은 조용한 독서 공간
문화공공데이터광장 | 전국 독립서점 및 운영정보,독립서점,히든트레져,상시,성인 (개인 방문 적합),"(42069) 대구광역시 수성구 달구벌대로530길 7 B1 | 위도:35.85530724, 경도:128.6517487",무료입장 (도서 구매 별도),"[히든트레져] / 주차 가능, 화장실 남녀 구분, 카페 있음 / 전화: 01047838372",https://map.naver.com/v5/search/%ED%9E%88%EB%93%A0%ED%8A%B8%EB%A0%88%EC%A0%B8,single:0.95;couple:0.4;family:0.3;독립서점;cafe:1.0,2026-08-23 19:50:49,bookstore:1.0;quiet:1.0;indoor:1.0,2,70,📚 혼자만의 시간을 보내기 좋은 조용한 독서 공간
문화공공데이터광장 | 전국 독립서점 및 운영정보,독립서점,북앤스페이스,상시,성인 (개인 방문 적합),"(46764) 부산광역시 강서구 명지오션시티6로 33 b107호 | 위도:35.08340261, 경도:128.9092793",무료입장 (도서 구매 별도),"[북앤스페이스] / 책과 공간이라는 컨셉, 주인장 감각으로 큐레이션한 책들 , 카페 있음, 공간대여 가능, 강연 가능 / 운영정보: 평일개점마감시간 : 11:00~18:00토요일개점마감시간 : 13:00~19:00, 휴무일 : 일요일 휴무 / 전화: 0512718004",https://map.naver.com/v5/search/%EB%B6%81%EC%95%A4%EC%8A%A4%ED%8E%98%EC%9D%B4%EC%8A%A4,single:0.95;couple:0.4;family:0.3;독립서점;cafe:1.0,2026-08-23 19:50:49,bookstore:1.0;quiet:1.0;indoor:1.0,2,70,📚 혼자만의 시간을 보내기 좋은 조용한 독서 공간
문화공공데이터광장 | 전국 독립서점 및 운영정보,독립서점,고스트북스,상시,성인 (개인 방문 적합),"(41913) 대구광역시 중구 경상감영길 212 3층 | 위도:35.87162466, 경도:128.598902",무료입장 (도서 구매 별도),"[고스트북스] / 해외출판물,인문학,근대소설,우주과학등 예술서적 , 카페 있음, 공간대여 가능 / 운영정보: 평일개점마감시간 : 13:00~20:00토요일개점마감시간 : 13:00~20:00일요일개점마감시간 : 13:00~20:00, 휴무일 : 2,4주 화요일 휴무 / 전화: 0532562123",https://map.naver.com/v5/search/%EA%B3%A0%EC%8A%A4%ED%8A%B8%EB%B6%81%EC%8A%A4,single:0.95;couple:0.4;family:0.3;독립서점;cafe:1.0,2026-08-23 19:50:49,bookstore:1.0;quiet:1.0;indoor:1.0,2,70,📚 혼자만의 시간을 보내기 좋은 조용한 독서 공간
문화공공데이터광장 | 전국 독립서점 및 운영정보,독립서점,차방책방,상시,성인 (개인 방문 적합),"(41919) 대구광역시 중구 경상감영길 60 1층 차방책방 | 위도:35.8714059, 경도:128.5907563",무료입장 (도서 구매 별도),"[차방책방] / 독립서점과 북카페의 복합공간 , 독립출판물 있음 / 운영정보: 평일개점마감시간 : 11:00~20:30, 휴무일 : 일요일 휴무 / 전화: 0533534878",https://map.naver.com/v5/search/%EC%B0%A8%EB%B0%A9%EC%B1%85%EB%B0%A9,single:0.95;couple:0.4;family:0.3;독립서점;cafe:1.0;indie_pub:1.0,2026-08-23 19:50:49,bookstore:1.0;quiet:1.0;indoor:1.0,2,70,📚 혼자만의 시간을 보내기 좋은 조용한 독서 공간
문화공공데이터광장 | 전국 독립서점 및 운영정보,독립서점,곁에 둔 책 방,상시,성인 (개인 방문 적합),"(41947) 대구광역시 중구 국채보상로150길 83 | 위도:35.864732, 경도:128.6104365",무료입장 (도서 구매 별도),"[곁에 둔 책 방] / 동네 작은 독립서점 책방 / 운영정보: 평일개점마감시간 : 13:00~19:00토요일개점마감시간 : 13:00~19:00, 휴무일 : 일요일 휴무 / 전화: 0534230502",https://map.naver.com/v5/search/%EA%B3%81%EC%97%90%20%EB%91%94%20%EC%B1%85%20%EB%B0%A9,single:0.95;couple:0.4;family:0.3;독립서점,2026-08-23 19:50:49,bookstore:1.0;quiet:1.0;indoor:1.0,2,70,📚 혼자만의 시간을 보내기 좋은 조용한 독서 공간
문화공공데이터광장 | 전국 독립서점 및 운영정보,독립서점,출판스튜디오 쓰는하루,상시,성인 (개인 방문 적합),"(21364) 인천광역시 부평구 부평대로165번길 26 1층 쓰는하루 | 위도:37.50534606, 경도:126.7196714",무료입장 (도서 구매 별도),"[출판스튜디오 쓰는하루] / 북카페 겸 갤러리. 책은 구매해야지만 읽을 수 있음 , 독립출판물 있음, 리뷰 있음 / 운영정보: 평일개점마감시간 : 11:00~20:30토요일개점마감시간 : 11:00~20:30일요일개점마감시간 : 11:00~20:30, 휴무일 : 월요일 / 전화: 01042482647",https://map.naver.com/v5/search/%EC%B6%9C%ED%8C%90%EC%8A%A4%ED%8A%9C%EB%94%94%EC%98%A4%20%EC%93%B0%EB%8A%94%ED%95%98%EB%A3%A8,single:0.95;couple:0.4;family:0.3;독립서점;cafe:1.0;indie_pub:1.0,2026-08-23 19:50:49,bookstore:1.0;quiet:1.0;indoor:1.0,2,70,📚 혼자만의 시간을 보내기 좋은 조용한 독서 공간
문화공공데이터광장 | 전국 독립서점 및 운영정보,독립서점,북극서점,상시,성인 (개인 방문 적합),"(21355) 인천광역시 부평구 장제로221번길 27 2층 | 위도:37.50526036, 경도:126.7294498",무료입장 (도서 구매 별도),"[북극서점] / 독립출판물, 해외 아트북, 큐레이션 북 , 카페 있음, 독립출판물 있음, 독서모임 가능, 리뷰 있음 / 운영정보: 평일개점마감시간 : 14:00~21:00토요일개점마감시간 : 14:00~21:00일요일개점마감시간 : 14:00~21:00, 휴무일 : 영업시간 인스타 피드 확인 필수 / 전화: 07075334733",https://map.naver.com/v5/search/%EB%B6%81%EA%B7%B9%EC%84%9C%EC%A0%90,single:0.95;couple:0.4;family:0.3;독립서점;cafe:1.0;indie_pub:1.0,2026-08-23 19:50:49,bookstore:1.0;quiet:1.0;indoor:1.0,2,70,📚 혼자만의 시간을 보내기 좋은 조용한 독서 공간
문화공공데이터광장 | 전국 독립서점 및 운영정보,독립서점,사각공간,상시,성인 (개인 방문 적합),"(21337) 인천광역시 부평구 장제로249번길 16 1층 | 위도:37.50796425, 경도:126.7302988",무료입장 (도서 구매 별도),"[사각공간] / 동네서점 동네책방 작은책방 , 주차 가능, 화장실 남녀 구분 / 운영정보: 평일개점마감시간 : 10:00~21:00토요일개점마감시간 : 10:00~21:00, 휴무일 : 일요일 / 전화: 0322150423",https://map.naver.com/v5/search/%EC%82%AC%EA%B0%81%EA%B3%B5%EA%B0%84,single:0.95;couple:0.4;family:0.3;독립서점,2026-08-23 19:50:49,bookstore:1.0;quiet:1.0;indoor:1.0,2,70,📚 혼자만의 시간을 보내기 좋은 조용한 독서 공간
문화공공데이터광장 | 전국 독립서점 및 운영정보,독립서점,독립서점 마음책방,상시,성인 (개인 방문 적합),"(22729) 인천광역시 서구 심곡로24번길 18 1층 마음책방 | 위도:37.54055045, 경도:126.6719065",무료입장 (도서 구매 별도),"[독립서점 마음책방] / 인천서구청역 독립서점 독립책방, 카페, 대여 등 , 리뷰 있음 / 운영정보: 평일개점마감시간 : 15:00~22:00토요일개점마감시간 : 15:00~22:00일요일개점마감시간 : 15:00~22:00, 휴무일 : 화요일 / 전화: 01077431558",https://map.naver.com/v5/search/%EB%8F%85%EB%A6%BD%EC%84%9C%EC%A0%90%20%EB%A7%88%EC%9D%8C%EC%B1%85%EB%B0%A9,single:0.95;couple:0.4;family:0.3;독립서점;cafe:1.0,2026-08-23 19:50:49,bookstore:1.0;quiet:1.0;indoor:1.0,2,70,📚 혼자만의 시간을 보내기 좋은 조용한 독서 공간
문화공공데이터광장 | 전국 독립서점 및 운영정보,독립서점,서점안착 호미사진관,상시,성인 (개인 방문 적합),"(22731) 인천광역시 서구 염곡로498번안길 5-20 1층 서점안착 호미사진관 | 위도:37.52854089, 경도:126.6715391",무료입장 (도서 구매 별도),"[서점안착 호미사진관] / 독립서점+소규모 사진관+카페 의 복합공간 , 리뷰 있음 / 운영정보: 평일개점마감시간 : 12:00~19:00토요일개점마감시간 : 13:00~19:00일요일개점마감시간 : 13:00~19:00휴무일개점마감시간 : 13:00~19:00, 휴무일 : 휴무 인스타 확인 / 전화: 01042481258",https://map.naver.com/v5/search/%EC%84%9C%EC%A0%90%EC%95%88%EC%B0%A9%20%ED%98%B8%EB%AF%B8%EC%82%AC%EC%A7%84%EA%B4%80,single:0.95;couple:0.4;family:0.3;독립서점;cafe:1.0,2026-08-23 19:50:49,bookstore:1.0;quiet:1.0;indoor:1.0,2,70,📚 혼자만의 시간을 보내기 좋은 조용한 독서 공간
문화공공데이터광장 | 전국 독립서점 및 운영정보,독립서점,일상상상,상시,성인 (개인 방문 적합),"(07934) 서울특별시 양천구 오목로15길 14 1층 일상상상케페 | 위도:37.52428663, 경도:126.8460384",무료입장 (도서 구매 별도),"[일상상상] / 도서판매/도서대여/커피와 차/장소대관/원데이클래스 , 주차 가능, 리뷰 있음 / 운영정보: 평일개점마감시간 : 17:00~22:00, 휴무일 : 주말 / 전화: 01089387631",https://map.naver.com/v5/search/%EC%9D%BC%EC%83%81%EC%83%81%EC%83%81,single:0.95;couple:0.4;family:0.3;독립서점;cafe:1.0,2026-08-23 19:50:49,bookstore:1.0;quiet:1.0;indoor:1.0,2,70,📚 혼자만의 시간을 보내기 좋은 조용한 독서 공간
문화공공데이터광장 | 전국 독립서점 및 운영정보,독립서점,새벽감성1집,상시,성인 (개인 방문 적합),"(07903) 서울특별시 양천구 월정로50길 16-8 101호 | 위도:37.54134887, 경도:126.8316983",무료입장 (도서 구매 별도),"[새벽감성1집] / 화요일은 오후3시까지 영업. 여행, 고양이, 에세이, 소설, 독립서적 주로 취급 , 주차 가능, 화장실 남녀 구분, 카페 있음, 공간대여 가능, 독립출판물 있음, 독서모임 가능, 강연 가능, 리뷰 있음 / 운영정보: 평일개점마감시간 : 12:00~21:00토요일개점마감시간 : 13:00~19:00일요일개점마감시간 : 13:00~19:00, 휴무일 : 수요일 / 전화: 01029239065",https://map.naver.com/v5/search/%EC%83%88%EB%B2%BD%EA%B0%90%EC%84%B11%EC%A7%91,single:0.95;couple:0.4;family:0.3;독립서점;cafe:1.0;indie_pub:1.0,2026-08-23 19:50:49,bookstore:1.0;quiet:1.0;indoor:1.0,2,70,📚 혼자만의 시간을 보내기 좋은 조용한 독서 공간
문화공공데이터광장 | 전국 독립서점 및 운영정보,독립서점,일단불온,상시,성인 (개인 방문 적합),"(07265) 서울특별시 영등포구 당산로18길 16-1 1층 독립책방 일단불온 | 위도:37.52278919, 경도:126.8979183",무료입장 (도서 구매 별도),"[일단불온] / 책방지기가 고른 책들 진열 , 리뷰 있음 / 전화: 01050951802",https://map.naver.com/v5/search/%EC%9D%BC%EB%8B%A8%EB%B6%88%EC%98%A8,single:0.95;couple:0.4;family:0.3;독립서점,2026-08-23 19:50:49,bookstore:1.0;quiet:1.0;indoor:1.0,2,70,📚 혼자만의 시간을 보내기 좋은 조용한 독서 공간
문화공공데이터광장 | 전국 독립서점 및 운영정보,독립서점,가현정북스책공방,상시,성인 (개인 방문 적합),"(57340) 전라남도 담양군 담양읍 객사3길 9-1 가현정북스 | 위도:35.32359728, 경도:126.9820438",무료입장 (도서 구매 별도),"[가현정북스책공방] / 블루베리 체험, 독서와 글쓰기 수업과 담양의 농산물을 활용한 맛있는 인문학 체험 등 다양한 프로그램 , 주차 가능, 공간대여 가능, 독립출판물 있음, 독서모임 가능 / 운영정보: 평일개점마감시간 : 10:00~18:00토요일개점마감시간 : 10:00~18:00일요일개점마감시간 : 10:00~18:00, 휴무일 : 외부강연일정에 따른 휴무 - 인스타그램 공지 참고 / 전화: 01092610575",https://map.naver.com/v5/search/%EA%B0%80%ED%98%84%EC%A0%95%EB%B6%81%EC%8A%A4%EC%B1%85%EA%B3%B5%EB%B0%A9,single:0.95;couple:0.4;family:0.3;독립서점;indie_pub:1.0,2026-08-23 19:50:49,bookstore:1.0;quiet:1.0;indoor:1.0,2,70,📚 혼자만의 시간을 보내기 좋은 조용한 독서 공간
문화공공데이터광장 | 전국 독립서점 및 운영정보,독립서점,지구별서점,상시,성인 (개인 방문 적합),"(58726) 전라남도 목포시 수문로 63 지구별서점 | 위도:34.79400903, 경도:126.3796876",무료입장 (도서 구매 별도),"[지구별서점] / 목포 원도심에 위치한 독립서점 , 리뷰 있음 / 운영정보: 평일개점마감시간 : 14:00~19:00토요일개점마감시간 : 14:00~19:00, 휴무일 : 수요일, 목요일, 일요일 휴무 / 전화: 01054993511",https://map.naver.com/v5/search/%EC%A7%80%EA%B5%AC%EB%B3%84%EC%84%9C%EC%A0%90,single:0.95;couple:0.4;family:0.3;독립서점,2026-08-23 19:50:49,bookstore:1.0;quiet:1.0;indoor:1.0,2,70,📚 혼자만의 시간을 보내기 좋은 조용한 독서 공간
문화공공데이터광장 | 전국 독립서점 및 운영정보,독립서점,동네산책,상시,성인 (개인 방문 적합),"(58704) 전라남도 목포시 용해로86번길 1-2 | 위도:34.80382185, 경도:126.4021867",무료입장 (도서 구매 별도),"[동네산책] / 독서모임과 글쓰기워크숍을 진행하는 문학 중심 작은 책방 , 주차 가능, 화장실 남녀 구분, 리뷰 있음 / 운영정보: 평일개점마감시간 : 12:00~20:00토요일개점마감시간 : 12:00~20:00일요일개점마감시간 : 12:00~20:00, 휴무일 : 월요일 휴무 / 전화: 050713454565",https://map.naver.com/v5/search/%EB%8F%99%EB%84%A4%EC%82%B0%EC%B1%85,single:0.95;couple:0.4;family:0.3;독립서점,2026-08-23 19:50:49,bookstore:1.0;quiet:1.0;indoor:1.0,2,70,📚 혼자만의 시간을 보내기 좋은 조용한 독서 공간
문화공공데이터광장 | 전국 독립서점 및 운영정보,독립서점,스토리지북앤필름,상시,성인 (개인 방문 적합),"(04337) 서울특별시 용산구 신흥로 115-1 | 위도:37.54477692, 경도:126.983156",무료입장 (도서 구매 별도),"[스토리지북앤필름] / 독립출판물 전문 서점 , 화장실 남녀 구분 / 운영정보: 평일개점마감시간 : 13:00~19:00토요일개점마감시간 : 13:00~19:00일요일개점마감시간 : 13:00~19:00 / 전화: 07051039975",https://map.naver.com/v5/search/%EC%8A%A4%ED%86%A0%EB%A6%AC%EC%A7%80%EB%B6%81%EC%95%A4%ED%95%84%EB%A6%84,single:0.95;couple:0.4;family:0.3;독립서점;indie_pub:1.0,2026-08-23 19:50:49,bookstore:1.0;quiet:1.0;indoor:1.0,2,70,📚 혼자만의 시간을 보내기 좋은 조용한 독서 공간
문화공공데이터광장 | 전국 독립서점 및 운영정보,독립서점,별책부록,상시,성인 (개인 방문 적합),"(04339) 서울특별시 용산구 신흥로16길 7 | 위도:37.54493682, 경도:126.9870009",무료입장 (도서 구매 별도),"[별책부록] / 국내외 독립출판물, 디자인 예술 단행본, 중고도서, 음반, 디자인 제품 , 독립출판물 있음 / 운영정보: 평일개점마감시간 : 13:30~19:30토요일개점마감시간 : 13:30~19:30일요일개점마감시간 : 13:30~19:30, 휴무일 : 월요일 / 전화: 07040076690",https://map.naver.com/v5/search/%EB%B3%84%EC%B1%85%EB%B6%80%EB%A1%9D,single:0.95;couple:0.4;family:0.3;독립서점;indie_pub:1.0,2026-08-23 19:50:49,bookstore:1.0;quiet:1.0;indoor:1.0,2,70,📚 혼자만의 시간을 보내기 좋은 조용한 독서 공간
문화공공데이터광장 | 전국 독립서점 및 운영정보,독립서점,Beleben,상시,성인 (개인 방문 적합),"(04345) 서울특별시 용산구 회나무로12길 5 Beleben 벨리븐 | 위도:37.53915251, 경도:126.989627",무료입장 (도서 구매 별도),"[Beleben] / 국내외 희귀도서 고서 아트북 화보집 만화책 시집 초판본 등 다양한 서적 , 주차 가능, 화장실 남녀 구분, 카페 있음 / 운영정보: 평일개점마감시간 : 14:00~22:00토요일개점마감시간 : 14:00~22:00일요일개점마감시간 : 14:00~22:00, 휴무일 : 월요일, 화요일 / 전화: 027978303",https://map.naver.com/v5/search/Beleben,single:0.95;couple:0.4;family:0.3;독립서점;cafe:1.0,2026-08-23 19:50:49,bookstore:1.0;quiet:1.0;indoor:1.0,2,70,📚 혼자만의 시간을 보내기 좋은 조용한 독서 공간
문화공공데이터광장 | 전국 독립서점 및 운영정보,독립서점,골목책방서성이다,상시,성인 (개인 방문 적합),"(57941) 전라남도 순천시 금곡길 15 골목책방서성이다 | 위도:34.95477229, 경도:127.4826071",무료입장 (도서 구매 별도),"[골목책방서성이다] / 인문학서적과 독립출간물을 주로 갖춘 책방으로 책모임, 영화모임, 저자와의만남,전시회 등 서성이는 마음들 잠시 쉬어가는 곳 , 주차 가능, 공간대여 가능, 북토크 가능 / 운영정보: 평일개점마감시간 : 11:00~19:00토요일개점마감시간 : 11:00~19:00일요일개점마감시간 : 11:00~19:00, 휴무일 : 월요일 휴무 / 전화: 050713491237",https://map.naver.com/v5/search/%EA%B3%A8%EB%AA%A9%EC%B1%85%EB%B0%A9%EC%84%9C%EC%84%B1%EC%9D%B4%EB%8B%A4,single:0.95;couple:0.4;family:0.3;독립서점,2026-08-23 19:50:49,bookstore:1.0;quiet:1.0;indoor:1.0,2,70,📚 혼자만의 시간을 보내기 좋은 조용한 독서 공간
문화공공데이터광장 | 전국 독립서점 및 운영정보,독립서점,심다,상시,성인 (개인 방문 적합),"(57964) 전라남도 순천시 역전2길 10 심다 | 위도:34.94699032, 경도:127.4980123",무료입장 (도서 구매 별도),"[심다] / 잔잔한 분위기에 정리되어있는 다양한 독립출판물 , 주차 가능, 화장실 남녀 구분, 리뷰 있음 / 운영정보: 평일개점마감시간 : 13:00~19:00토요일개점마감시간 : 13:00~19:00일요일개점마감시간 : 13:00~19:00, 휴무일 : 매달 30일 정기휴무 / 전화: 0617414792",https://map.naver.com/v5/search/%EC%8B%AC%EB%8B%A4,single:0.95;couple:0.4;family:0.3;독립서점;indie_pub:1.0,2026-08-23 19:50:49,bookstore:1.0;quiet:1.0;indoor:1.0,2,70,📚 혼자만의 시간을 보내기 좋은 조용한 독서 공간
문화공공데이터광장 | 전국 독립서점 및 운영정보,독립서점,책방 룸펜 인텔리겐챠,상시,성인 (개인 방문 적합),"(59746) 전라남도 여수시 이순신광장로 220 1층 106호 태양맨션상가 | 위도:34.74041266, 경도:127.745646",무료입장 (도서 구매 별도),"[책방 룸펜 인텔리겐챠] / 인문서적 위주의 책방 , 독립출판물 있음 / 운영정보: 평일개점마감시간 : 11:00~20:00토요일개점마감시간 : 11:00~20:00일요일개점마감시간 : 11:00~20:00 / 전화: 050714763324",https://map.naver.com/v5/search/%EC%B1%85%EB%B0%A9%20%EB%A3%B8%ED%8E%9C%20%EC%9D%B8%ED%85%94%EB%A6%AC%EA%B2%90%EC%B1%A0,single:0.95;couple:0.4;family:0.3;독립서점;indie_pub:1.0,2026-08-23 19:50:49,bookstore:1.0;quiet:1.0;indoor:1.0,2,70,📚 혼자만의 시간을 보내기 좋은 조용한 독서 공간
문화공공데이터광장 | 전국 독립서점 및 운영정보,독립서점,책꼬리,상시,성인 (개인 방문 적합),"(03469) 서울특별시 은평구 응암로16길 22 1층 | 위도:37.59133423, 경도:126.9197903",무료입장 (도서 구매 별도),"[책꼬리] / 카페와 책방 , 주차 가능, 리뷰 있음 / 전화: 0260131955",https://map.naver.com/v5/search/%EC%B1%85%EA%BC%AC%EB%A6%AC,single:0.95;couple:0.4;family:0.3;독립서점;cafe:1.0,2026-08-23 19:50:49,bookstore:1.0;quiet:1.0;indoor:1.0,2,70,📚 혼자만의 시간을 보내기 좋은 조용한 독서 공간
문화공공데이터광장 | 전국 독립서점 및 운영정보,독립서점,옥탑방책방,상시,성인 (개인 방문 적합),"(03181) 서울특별시 종로구 경교장길 8 중앙대학교 평동캠퍼스 505호 | 위도:37.56741593, 경도:126.9663051",무료입장 (도서 구매 별도),"[옥탑방책방] / 독립출판물만을 전문적으로 다루는 독립서점 , 주차 가능, 화장실 남녀 구분, 독립출판물 있음, 리뷰 있음 / 운영정보: 평일개점마감시간 : 10:00~19:00, 휴무일 : 주말 / 전화: 01068321534",https://map.naver.com/v5/search/%EC%98%A5%ED%83%91%EB%B0%A9%EC%B1%85%EB%B0%A9,single:0.95;couple:0.4;family:0.3;독립서점;indie_pub:1.0,2026-08-23 19:50:49,bookstore:1.0;quiet:1.0;indoor:1.0,2,70,📚 혼자만의 시간을 보내기 좋은 조용한 독서 공간
문화공공데이터광장 | 전국 독립서점 및 운영정보,독립서점,티움 스터디 공간,상시,성인 (개인 방문 적합),"(03060) 서울특별시 종로구 율곡로5길 24 | 위도:37.57712367, 경도:126.9846185",무료입장 (도서 구매 별도),"[티움 스터디 공간] / 독립출판물 있음, 헌책방 있음 / 운영정보: 평일개점마감시간 : 14:00~23:30 / 전화: 01079215133",https://map.naver.com/v5/search/%ED%8B%B0%EC%9B%80%20%EC%8A%A4%ED%84%B0%EB%94%94%20%EA%B3%B5%EA%B0%84,single:0.95;couple:0.4;family:0.3;독립서점;indie_pub:1.0,2026-08-23 19:50:49,bookstore:1.0;quiet:1.0;indoor:1.0,2,70,📚 혼자만의 시간을 보내기 좋은 조용한 독서 공간
문화공공데이터광장 | 전국 독립서점 및 운영정보,독립서점,마리서사,상시,성인 (개인 방문 적합),"(54022) 전라북도 군산시 구영5길 21-26 | 위도:35.98577995, 경도:126.707556",무료입장 (도서 구매 별도),"[마리서사] / 1920년대에 건립된 적산가옥을 이용한 동네 책방 독립서점 , 카페 있음, 독립출판물 있음, 헌책방 있음 / 운영정보: 평일개점마감시간 : 11:00~20:00토요일개점마감시간 : 11:00~20:00일요일개점마감시간 : 11:00~18:00, 휴무일 : 월요일 휴무 / 전화: 0634457364",https://map.naver.com/v5/search/%EB%A7%88%EB%A6%AC%EC%84%9C%EC%82%AC,single:0.95;couple:0.4;family:0.3;독립서점;cafe:1.0;indie_pub:1.0,2026-08-23 19:50:49,bookstore:1.0;quiet:1.0;indoor:1.0,2,70,📚 혼자만의 시간을 보내기 좋은 조용한 독서 공간
문화공공데이터광장 | 전국 독립서점 및 운영정보,독립서점,책방 조용한흥분색,상시,성인 (개인 방문 적합),"(54039) 전라북도 군산시 풍문2길 5-2 책방 조용한흥분색 | 위도:35.97830934, 경도:126.7163102",무료입장 (도서 구매 별도),"[책방 조용한흥분색] / 여행 관련 독립출판물, 책방지기의 취향이 담긴 독립출판물 , 강연 가능, 헌책방 있음 / 운영정보: 평일개점마감시간 : 11:00~20:00토요일개점마감시간 : 11:00~20:00일요일개점마감시간 : 11:00~20:00 / 전화: 050714718770",https://map.naver.com/v5/search/%EC%B1%85%EB%B0%A9%20%EC%A1%B0%EC%9A%A9%ED%95%9C%ED%9D%A5%EB%B6%84%EC%83%89,single:0.95;couple:0.4;family:0.3;독립서점;indie_pub:1.0,2026-08-23 19:50:49,bookstore:1.0;quiet:1.0;indoor:1.0,2,70,📚 혼자만의 시간을 보내기 좋은 조용한 독서 공간
문화공공데이터광장 | 전국 독립서점 및 운영정보,독립서점,꿈꾸는소리,상시,성인 (개인 방문 적합),"(55334) 전라북도 완주군 삼례읍 삼봉5로 60 사회적기업사무실 2층 | 위도:35.92294076, 경도:127.1166253",무료입장 (도서 구매 별도),"[꿈꾸는소리] / 삼례 작은 마을에서 반짝반짝 꿈을 꾸는 책방, 그리고 스피치 연구소. 월요일 ~14:00, 수요일 금요일 ~15:00 , 리뷰 있음 / 운영정보: 평일개점마감시간 : 13:00~18:00, 휴무일 : 공휴일, 토요일, 일요일 휴무 / 전화: 01043019229",https://map.naver.com/v5/search/%EA%BF%88%EA%BE%B8%EB%8A%94%EC%86%8C%EB%A6%AC,single:0.95;couple:0.4;family:0.3;독립서점,2026-08-23 19:50:49,bookstore:1.0;quiet:1.0;indoor:1.0,2,70,📚 혼자만의 시간을 보내기 좋은 조용한 독서 공간
문화공공데이터광장 | 전국 독립서점 및 운영정보,독립서점,더북소사이어티,상시,성인 (개인 방문 적합),"(03044) 서울특별시 종로구 자하문로10길 22 2층 | 위도:37.57931647, 경도:126.9727004",무료입장 (도서 구매 별도),"[더북소사이어티] / 현대 미술, 디자인 관련 국내외 도서 전문 취급 , 북토크 가능, 독서모임 가능, 강연 가능 / 운영정보: 평일개점마감시간 : 13:00~19:00토요일개점마감시간 : 13:00~19:00일요일개점마감시간 : 13:00~19:00, 휴무일 : 월요일 / 전화: 07086215676",https://map.naver.com/v5/search/%EB%8D%94%EB%B6%81%EC%86%8C%EC%82%AC%EC%9D%B4%EC%96%B4%ED%8B%B0,single:0.95;couple:0.4;family:0.3;독립서점,2026-08-23 19:50:49,bookstore:1.0;quiet:1.0;indoor:1.0,2,70,📚 혼자만의 시간을 보내기 좋은 조용한 독서 공간
문화공공데이터광장 | 전국 독립서점 및 운영정보,독립서점,Off to Alone,상시,성인 (개인 방문 적합),"(03036) 서울특별시 종로구 자하문로15길 26-4 | 위도:37.58080425, 경도:126.9695203",무료입장 (도서 구매 별도),"[Off to Alone] / 영업시간 인스타그램 참조. 일러스트레이션 진/독립출판물 서점 , 독서모임 가능 / 운영정보: , 휴무일 : 일요일, 월요일 / 전화: 01011110000",https://map.naver.com/v5/search/Off%20to%20Alone,single:0.95;couple:0.4;family:0.3;독립서점;indie_pub:1.0,2026-08-23 19:50:49,bookstore:1.0;quiet:1.0;indoor:1.0,2,70,📚 혼자만의 시간을 보내기 좋은 조용한 독서 공간
문화공공데이터광장 | 전국 독립서점 및 운영정보,독립서점,비화림,상시,성인 (개인 방문 적합),"(03057) 서울특별시 종로구 창덕궁길 153 1층 비화림서점 | 위도:37.582997, 경도:126.9874505",무료입장 (도서 구매 별도),"[비화림] / 큐레이션 서점 , 카페 있음, 공간대여 가능, 독립출판물 있음, 북토크 가능, 독서모임 가능, 강연 가능, 리뷰 있음 / 운영정보: 평일개점마감시간 : 11:00~19:00토요일개점마감시간 : 11:00~19:00일요일개점마감시간 : 11:00~19:00, 휴무일 : 월요일, 화요일 / 전화: 01073270312",https://map.naver.com/v5/search/%EB%B9%84%ED%99%94%EB%A6%BC,single:0.95;couple:0.4;family:0.3;독립서점;cafe:1.0;indie_pub:1.0,2026-08-23 19:50:49,bookstore:1.0;quiet:1.0;indoor:1.0,2,70,📚 혼자만의 시간을 보내기 좋은 조용한 독서 공간
문화공공데이터광장 | 전국 독립서점 및 운영정보,독립서점,북메리카노,상시,성인 (개인 방문 적합),"(54594) 전북 익산시 익산대로16길 36 2층,3층 | 위도:35.9397279, 경도:126.9512554",무료입장 (도서 구매 별도),"[북메리카노] / 나, 심리, 그림을 주제로 독립출판물을 판매,인상담, 타로상담 ,취미, 원데이클래스(캔들, 방향제),독서모임, 교육 등을 예약제로 진행 , 독립출판물 있음 / 운영정보: 평일개점마감시간 : 13:00~22:00토요일개점마감시간 : 13:00~22:00일요일개점마감시간 : 13:00~22:00, 휴무일 : 월,화,수,목 휴무 / 전화: 050713164564",https://map.naver.com/v5/search/%EB%B6%81%EB%A9%94%EB%A6%AC%EC%B9%B4%EB%85%B8,single:0.95;couple:0.4;family:0.3;독립서점;indie_pub:1.0,2026-08-23 19:50:49,bookstore:1.0;quiet:1.0;indoor:1.0,2,70,📚 혼자만의 시간을 보내기 좋은 조용한 독서 공간
문화공공데이터광장 | 전국 독립서점 및 운영정보,독립서점,7월의 서재,상시,성인 (개인 방문 적합),"(54593) 전라북도 익산시 중앙로1길 6-2 2층 | 위도:35.94010864, 경도:126.9485713",무료입장 (도서 구매 별도),"[7월의 서재] / 독립출판물을 다루는 동네 책방 , 카페 있음, 독립출판물 있음 / 운영정보: 평일개점마감시간 : 10:00~19:00 / 전화: 01082972504",https://map.naver.com/v5/search/7%EC%9B%94%EC%9D%98%20%EC%84%9C%EC%9E%AC,single:0.95;couple:0.4;family:0.3;독립서점;cafe:1.0;indie_pub:1.0,2026-08-23 19:50:49,bookstore:1.0;quiet:1.0;indoor:1.0,2,70,📚 혼자만의 시간을 보내기 좋은 조용한 독서 공간
문화공공데이터광장 | 전국 독립서점 및 운영정보,독립서점,두번째집,상시,성인 (개인 방문 적합),"(54604) 전라북도 익산시 평동로11길 12 남부시장 내 두 번째 집 | 위도:35.93194536, 경도:126.9533796",무료입장 (도서 구매 별도),"[두번째집] / 책을 중심으로 이야기하고 가치를 공유, 커피도 판매,  그림책, 강연, 특별수업 등 비정기적으로 진행 , 카페 있음, 독립출판물 있음 / 운영정보: 평일개점마감시간 : 10:00~17:00토요일개점마감시간 : 13:00~19:00, 휴무일 : 수요일 10:00~16:00 / 전화: 050713452086",https://map.naver.com/v5/search/%EB%91%90%EB%B2%88%EC%A7%B8%EC%A7%91,single:0.95;couple:0.4;family:0.3;독립서점;cafe:1.0;indie_pub:1.0,2026-08-23 19:50:49,bookstore:1.0;quiet:1.0;indoor:1.0,2,70,📚 혼자만의 시간을 보내기 좋은 조용한 독서 공간
문화공공데이터광장 | 전국 독립서점 및 운영정보,독립서점,잘익은언어들,상시,성인 (개인 방문 적합),"(54830) 전라북도 전주시 덕진구 두간11길 15 | 위도:35.86405079, 경도:127.1150511",무료입장 (도서 구매 별도),"[잘익은언어들] / 책방지기가 프리랜서로 일하고 있어서,가끔 행사시에 저녁이나 주말에 오픈, 동네 작은 책방 , 주차 가능, 헌책방 있음, 리뷰 있음 / 운영정보: 평일개점마감시간 : 13:00~18:00토요일개점마감시간 : 13:00~18:00일요일개점마감시간 : 13:00~18:00 / 전화: 01030006959",https://map.naver.com/v5/search/%EC%9E%98%EC%9D%B5%EC%9D%80%EC%96%B8%EC%96%B4%EB%93%A4,single:0.95;couple:0.4;family:0.3;독립서점,2026-08-23 19:50:49,bookstore:1.0;quiet:1.0;indoor:1.0,2,70,📚 혼자만의 시간을 보내기 좋은 조용한 독서 공간
문화공공데이터광장 | 전국 독립서점 및 운영정보,독립서점,소소당,상시,성인 (개인 방문 적합),"(54836) 전라북도 전주시 덕진구 솔내7길 17-10 소소당 | 위도:35.8603778, 경도:127.1232096",무료입장 (도서 구매 별도),"[소소당] / 홀린듯 발길이 머무는곳~소소당 전주송천동에 자리한 골목안 동네책방 , 독립출판물 있음, 독서모임 가능, 강연 가능 / 운영정보: 평일개점마감시간 : 10:00~20:00토요일개점마감시간 : 10:00~20:00일요일개점마감시간 : 10:00~20:00, 휴무일 : 명절휴무 / 전화: 050713406267",https://map.naver.com/v5/search/%EC%86%8C%EC%86%8C%EB%8B%B9,single:0.95;couple:0.4;family:0.3;독립서점;indie_pub:1.0,2026-08-23 19:50:49,bookstore:1.0;quiet:1.0;indoor:1.0,2,70,📚 혼자만의 시간을 보내기 좋은 조용한 독서 공간
문화공공데이터광장 | 전국 독립서점 및 운영정보,독립서점,커넥티드북스토어,상시,성인 (개인 방문 적합),"(03194) 서울특별시 종로구 청계천로 159 3층 외부 바열 328호 | 위도:37.56928171, 경도:126.9952398",무료입장 (도서 구매 별도),"[커넥티드북스토어] / 국내외 아트북, 대형서점에는 없는 책, 독립출판물을 소개 , 화장실 남녀 구분, 카페 있음, 독립출판물 있음 / 운영정보: 평일개점마감시간 : 13:00~19:00토요일개점마감시간 : 13:00~19:00, 휴무일 : 일요일 / 전화: 07042575477",https://map.naver.com/v5/search/%EC%BB%A4%EB%84%A5%ED%8B%B0%EB%93%9C%EB%B6%81%EC%8A%A4%ED%86%A0%EC%96%B4,single:0.95;couple:0.4;family:0.3;독립서점;cafe:1.0;indie_pub:1.0,2026-08-23 19:50:49,bookstore:1.0;quiet:1.0;indoor:1.0,2,70,📚 혼자만의 시간을 보내기 좋은 조용한 독서 공간
문화공공데이터광장 | 전국 독립서점 및 운영정보,독립서점,명사서책방,상시,성인 (개인 방문 적합),"(03194) 서울특별시 종로구 청계천로 159 세운상가 4층 가 427호 | 위도:37.56928171, 경도:126.9952398",무료입장 (도서 구매 별도),"[명사서책방] / 국내 잘 알려지지 않은 프랑스어권 그림책, 그림책 서평집, 국내 그림책 , 독립출판물 있음 / 전화: 정보없음",https://map.naver.com/v5/search/%EB%AA%85%EC%82%AC%EC%84%9C%EC%B1%85%EB%B0%A9,single:0.95;couple:0.4;family:0.3;독립서점;indie_pub:1.0,2026-08-23 19:50:49,bookstore:1.0;quiet:1.0;indoor:1.0,2,70,📚 혼자만의 시간을 보내기 좋은 조용한 독서 공간
문화공공데이터광장 | 전국 독립서점 및 운영정보,독립서점,파움스서울,상시,성인 (개인 방문 적합),"(03039) 서울특별시 종로구 필운대로 15-10 4층 | 위도:37.57787861, 경도:126.9691127",무료입장 (도서 구매 별도),"[파움스서울] / 영화적인 것들을 만나보실 수 있는 독립서점, 시네마라운지 , 주차 가능 / 운영정보: 평일개점마감시간 : 13:00~19:00토요일개점마감시간 : 13:00~19:00, 휴무일 : 일요일, 월요일, 화요일 / 전화: 01049309125",https://map.naver.com/v5/search/%ED%8C%8C%EC%9B%80%EC%8A%A4%EC%84%9C%EC%9A%B8,single:0.95;couple:0.4;family:0.3;독립서점,2026-08-23 19:50:49,bookstore:1.0;quiet:1.0;indoor:1.0,2,70,📚 혼자만의 시간을 보내기 좋은 조용한 독서 공간
문화공공데이터광장 | 전국 독립서점 및 운영정보,독립서점,살림책방,상시,성인 (개인 방문 적합),"(54887) 전라북도 전주시 덕진구 하가3길 20-9 | 위도:35.84760041, 경도:127.1131234",무료입장 (도서 구매 별도),"[살림책방] / 인문, 사회, 철학, 예술 등 다양한 도서들과 그림책을 판매, 문구 및 소품도 판매 , 독서모임 가능, 헌책방 있음 / 운영정보: 평일개점마감시간 : 12:00~18:00토요일개점마감시간 : 12:00~18:00일요일개점마감시간 : 12:00~18:00, 휴무일 : 화요일 휴무 / 전화: 01033651221",https://map.naver.com/v5/search/%EC%82%B4%EB%A6%BC%EC%B1%85%EB%B0%A9,single:0.95;couple:0.4;family:0.3;독립서점,2026-08-23 19:50:49,bookstore:1.0;quiet:1.0;indoor:1.0,2,70,📚 혼자만의 시간을 보내기 좋은 조용한 독서 공간
문화공공데이터광장 | 전국 독립서점 및 운영정보,독립서점,물결서사,상시,성인 (개인 방문 적합),"(55005) 전라북도 전주시 완산구 물왕멀2길 9-6 | 위도:35.82643591, 경도:127.1470906",무료입장 (도서 구매 별도),"[물결서사] / 작은 독립책방 , 주차 가능, 화장실 남녀 구분, 카페 있음, 공간대여 가능, 독립출판물 있음 / 운영정보: 평일개점마감시간 : 13:00~19:00토요일개점마감시간 : 13:00~19:00, 휴무일 : 일요일, 월요일 휴무 / 전화: 01074730296",https://map.naver.com/v5/search/%EB%AC%BC%EA%B2%B0%EC%84%9C%EC%82%AC,single:0.95;couple:0.4;family:0.3;독립서점;cafe:1.0;indie_pub:1.0,2026-08-23 19:50:49,bookstore:1.0;quiet:1.0;indoor:1.0,2,70,📚 혼자만의 시간을 보내기 좋은 조용한 독서 공간
문화공공데이터광장 | 전국 독립서점 및 운영정보,독립서점,에이커북스토어,상시,성인 (개인 방문 적합),"(55038) 전라북도 전주시 완산구 전라감영4길 1 4층 | 위도:35.81566861, 경도:127.14488",무료입장 (도서 구매 별도),"[에이커북스토어] / 독립출판물을 다루는 작은 책방 , 주차 가능, 화장실 남녀 구분, 카페 있음, 독립출판물 있음 / 운영정보: 평일개점마감시간 : 13:00~19:00토요일개점마감시간 : 13:00~19:00일요일개점마감시간 : 13:00~19:00, 휴무일 : 월요일휴무 / 전화: 050713213574",https://map.naver.com/v5/search/%EC%97%90%EC%9D%B4%EC%BB%A4%EB%B6%81%EC%8A%A4%ED%86%A0%EC%96%B4,single:0.95;couple:0.4;family:0.3;독립서점;cafe:1.0;indie_pub:1.0,2026-08-23 19:50:49,bookstore:1.0;quiet:1.0;indoor:1.0,2,70,📚 혼자만의 시간을 보내기 좋은 조용한 독서 공간
문화공공데이터광장 | 전국 독립서점 및 운영정보,독립서점,아이엠굿북,상시,성인 (개인 방문 적합),"(04536) 서울특별시 중구 명동4길 14 3층 아이엠굿북 | 위도:37.56493383, 경도:126.9855328",무료입장 (도서 구매 별도),"[아이엠굿북] / 세계 최초의 이미지 오디오북 매장 , 독서모임 가능, 리뷰 있음 / 전화: 0260101266",https://map.naver.com/v5/search/%EC%95%84%EC%9D%B4%EC%97%A0%EA%B5%BF%EB%B6%81,single:0.95;couple:0.4;family:0.3;독립서점,2026-08-23 19:50:49,bookstore:1.0;quiet:1.0;indoor:1.0,2,70,📚 혼자만의 시간을 보내기 좋은 조용한 독서 공간
문화공공데이터광장 | 전국 독립서점 및 운영정보,독립서점,얄라북스,상시,성인 (개인 방문 적합),"(04550) 서울특별시 중구 을지로 114-6 606호 | 위도:37.56583436, 경도:126.9906099",무료입장 (도서 구매 별도),"[얄라북스] / 사진, 회화, 일러스트 등 시각 예술 분야의 전문서적과 독립출판물 , 카페 있음, 공간대여 가능 / 운영정보: 평일개점마감시간 : 11:00~19:00 / 전화: 0222743331",https://map.naver.com/v5/search/%EC%96%84%EB%9D%BC%EB%B6%81%EC%8A%A4,single:0.95;couple:0.4;family:0.3;독립서점;cafe:1.0;indie_pub:1.0,2026-08-23 19:50:49,bookstore:1.0;quiet:1.0;indoor:1.0,2,70,📚 혼자만의 시간을 보내기 좋은 조용한 독서 공간
문화공공데이터광장 | 전국 독립서점 및 운영정보,독립서점,노말에이,상시,성인 (개인 방문 적합),"(04543) 서울특별시 중구 을지로 121-1 2층 | 위도:37.5665285, 경도:126.9914084",무료입장 (도서 구매 별도),"[노말에이] / 국내외 서적, 문구류를 직접 큐레이션 하여 밀도 있게 소개 , 카페 있음, 공간대여 가능, 강연 가능 / 운영정보: 평일개점마감시간 : 12:00~20:00토요일개점마감시간 : 12:00~20:00, 휴무일 : 공휴일 / 전화: 07046815858",https://map.naver.com/v5/search/%EB%85%B8%EB%A7%90%EC%97%90%EC%9D%B4,single:0.95;couple:0.4;family:0.3;독립서점;cafe:1.0,2026-08-23 19:50:49,bookstore:1.0;quiet:1.0;indoor:1.0,2,70,📚 혼자만의 시간을 보내기 좋은 조용한 독서 공간
문화공공데이터광장 | 전국 독립서점 및 운영정보,독립서점,보위옥,상시,성인 (개인 방문 적합),"(04557) 서울특별시 중구 충무로2길 20 2층 | 위도:37.562399, 경도:126.9942467",무료입장 (도서 구매 별도),"[보위옥] / 카페 있음, 독립출판물 있음, 북토크 가능, 독서모임 가능, 강연 가능 / 전화: 01056214082",https://map.naver.com/v5/search/%EB%B3%B4%EC%9C%84%EC%98%A5,single:0.95;couple:0.4;family:0.3;독립서점;cafe:1.0;indie_pub:1.0,2026-08-23 19:50:49,bookstore:1.0;quiet:1.0;indoor:1.0,2,70,📚 혼자만의 시간을 보내기 좋은 조용한 독서 공간
문화공공데이터광장 | 전국 독립서점 및 운영정보,독립서점,평화와 평화,상시,성인 (개인 방문 적합),"(55038) 전라북도 전주시 완산구 전라감영4길 16-7 3층 | 위도:35.81705369, 경도:127.1448856",무료입장 (도서 구매 별도),"[평화와 평화] / 웨딩거리 책,술과 문화를 다루는 공간 , 주차 가능, 화장실 남녀 구분, 리뷰 있음 / 운영정보: 평일개점마감시간 : 13:00~22:00토요일개점마감시간 : 11:00~22:00일요일개점마감시간 : 11:00~22:00휴무일개점마감시간 : 11:00~22:00, 휴무일 : 휴무일 인스타로공지 / 전화: 050713249340",https://map.naver.com/v5/search/%ED%8F%89%ED%99%94%EC%99%80%20%ED%8F%89%ED%99%94,single:0.95;couple:0.4;family:0.3;독립서점,2026-08-23 19:50:49,bookstore:1.0;quiet:1.0;indoor:1.0,2,70,📚 혼자만의 시간을 보내기 좋은 조용한 독서 공간
문화공공데이터광장 | 전국 독립서점 및 운영정보,독립서점,서점 카프카,상시,성인 (개인 방문 적합),"(55043) 전라북도 전주시 완산구 풍남문4길 32 2층 카프카 | 위도:35.81512548, 경도:127.145308",무료입장 (도서 구매 별도),"[서점 카프카] / 문학책 위주의 북카페 독립서점 , 독립출판물 있음, 리뷰 있음 / 운영정보: 평일개점마감시간 : 12:00~21:00일요일개점마감시간 : 12:00~21:00 / 전화: 050713157853",https://map.naver.com/v5/search/%EC%84%9C%EC%A0%90%20%EC%B9%B4%ED%94%84%EC%B9%B4,single:0.95;couple:0.4;family:0.3;독립서점;cafe:1.0;indie_pub:1.0,2026-08-23 19:50:49,bookstore:1.0;quiet:1.0;indoor:1.0,2,70,📚 혼자만의 시간을 보내기 좋은 조용한 독서 공간
문화공공데이터광장 | 전국 독립서점 및 운영정보,독립서점,라바북스,상시,성인 (개인 방문 적합),"(63611) 제주특별자치도 서귀포시 남원읍 태위로 87 1층 | 위도:33.27443607, 경도:126.6568159",무료입장 (도서 구매 별도),"[라바북스] / 소소한 제주소품들과 주인장 취향의 책들을 만날 수 있는 작은 책방 , 화장실 남녀 구분, 카페 있음, 독립출판물 있음, 북토크 가능, 독서모임 가능, 리뷰 있음 / 운영정보: 평일개점마감시간 : 12:00~18:00토요일개점마감시간 : 12:00~18:00일요일개점마감시간 : 12:00~18:00, 휴무일 : 수요일 휴무 / 전화: 050714770444",https://map.naver.com/v5/search/%EB%9D%BC%EB%B0%94%EB%B6%81%EC%8A%A4,single:0.95;couple:0.4;family:0.3;독립서점;cafe:1.0;indie_pub:1.0,2026-08-23 19:50:49,bookstore:1.0;quiet:1.0;indoor:1.0,2,70,📚 혼자만의 시간을 보내기 좋은 조용한 독서 공간
문화공공데이터광장 | 전국 독립서점 및 운영정보,독립서점,스페인책방,상시,성인 (개인 방문 적합),"(04625) 서울특별시 중구 퇴계로36길 29 기남빌딩 5층 603호 | 위도:37.56054795, 경도:126.9950588",무료입장 (도서 구매 별도),"[스페인책방] / 스페인, 중남미 관련책, 스페인어원서, 독립출판물 등 , 독립출판물 있음, 북토크 가능, 독서모임 가능, 강연 가능 / 운영정보: 평일개점마감시간 : 14:00~20:00토요일개점마감시간 : 13:00~18:00휴무일개점마감시간 : 13:00~18:00, 휴무일 : 일요일 / 전화: 01094607694",https://map.naver.com/v5/search/%EC%8A%A4%ED%8E%98%EC%9D%B8%EC%B1%85%EB%B0%A9,single:0.95;couple:0.4;family:0.3;독립서점;indie_pub:1.0,2026-08-23 19:50:49,bookstore:1.0;quiet:1.0;indoor:1.0,2,70,📚 혼자만의 시간을 보내기 좋은 조용한 독서 공간
문화공공데이터광장 | 전국 독립서점 및 운영정보,독립서점,꿈꾸는 책방,상시,성인 (개인 방문 적합),"(44655) 울산광역시 남구 문수로423번길 14 꿈꾸는책방 | 위도:35.53488778, 경도:129.2999863",무료입장 (도서 구매 별도),"[꿈꾸는 책방] / 동네책방, 큐레이팅책방, 독서모임 , 독립출판물 있음 / 전화: 01035515501",https://map.naver.com/v5/search/%EA%BF%88%EA%BE%B8%EB%8A%94%20%EC%B1%85%EB%B0%A9,single:0.95;couple:0.4;family:0.3;독립서점;indie_pub:1.0,2026-08-23 19:50:49,bookstore:1.0;quiet:1.0;indoor:1.0,2,70,📚 혼자만의 시간을 보내기 좋은 조용한 독서 공간
문화공공데이터광장 | 전국 독립서점 및 운영정보,독립서점,내가 지은,상시,성인 (개인 방문 적합),"(44943) 울산광역시 울주군 언양읍 헌양길 234 1층 | 위도:35.56906703, 경도:129.1138365",무료입장 (도서 구매 별도),"[내가 지은] / 공유서재와 독립서점으로 나눠서 운영, 공부와 책읽는 장소 대여가 가능한 공유서재, 책판매를 하는 독립서점 같이 운영 , 독립출판물 있음, 독서모임 가능, 강연 가능 / 운영정보: 평일개점마감시간 : 19:00~22:00토요일개점마감시간 : 19:00~22:00, 휴무일 : 매일 09:00~01:00 공유서재, 연중무휴 | 평일 19:00~22:00 독립서점, 공휴일 및 일/월 휴무 / 전화: 01032876624",https://map.naver.com/v5/search/%EB%82%B4%EA%B0%80%20%EC%A7%80%EC%9D%80,single:0.95;couple:0.4;family:0.3;독립서점;indie_pub:1.0,2026-08-23 19:50:49,bookstore:1.0;quiet:1.0;indoor:1.0,2,70,📚 혼자만의 시간을 보내기 좋은 조용한 독서 공간
문화공공데이터광장 | 전국 독립서점 및 운영정보,독립서점,꿈공작소 모모,상시,성인 (개인 방문 적합),"(23031) 인천광역시 강화군 강화읍 북문길 10 꿈공작소 모모 | 위도:37.74790348, 경도:126.4847422",무료입장 (도서 구매 별도),"[꿈공작소 모모] / 모모책방과 독서공간 , 카페 있음, 공간대여 가능 / 운영정보: 평일개점마감시간 : 11:00~17:00토요일개점마감시간 : 11:00~17:00일요일개점마감시간 : 11:00~17:00, 휴무일 : 화요일, 수요일 / 전화: 01087614362",https://map.naver.com/v5/search/%EA%BF%88%EA%B3%B5%EC%9E%91%EC%86%8C%20%EB%AA%A8%EB%AA%A8,single:0.95;couple:0.4;family:0.3;독립서점;cafe:1.0,2026-08-23 19:50:49,bookstore:1.0;quiet:1.0;indoor:1.0,2,70,📚 혼자만의 시간을 보내기 좋은 조용한 독서 공간
문화공공데이터광장 | 전국 독립서점 및 운영정보,독립서점,이루라 책방,상시,성인 (개인 방문 적합),"(23017) 인천광역시 강화군 내가면 구하리 495 | 위도:37.72392018, 경도:126.3639882",무료입장 (도서 구매 별도),[이루라 책방] / 카페 있음 / 전화: 01068363595,https://map.naver.com/v5/search/%EC%9D%B4%EB%A3%A8%EB%9D%BC%20%EC%B1%85%EB%B0%A9,single:0.95;couple:0.4;family:0.3;독립서점;cafe:1.0,2026-08-23 19:50:49,bookstore:1.0;quiet:1.0;indoor:1.0,2,70,📚 혼자만의 시간을 보내기 좋은 조용한 독서 공간
문화공공데이터광장 | 전국 독립서점 및 운영정보,독립서점,책방 국자와주걱,상시,성인 (개인 방문 적합),"(23058) 인천광역시 강화군 양도면 강화남로428번길 46-27 | 위도:37.65330993, 경도:126.4450809",무료입장 (도서 구매 별도),"[책방 국자와주걱] / 시간 전화문의. 옛 한옥집을 꾸며 만든 서점 및 북스테이 , 독립출판물 있음 / 전화: 01025983947",https://map.naver.com/v5/search/%EC%B1%85%EB%B0%A9%20%EA%B5%AD%EC%9E%90%EC%99%80%EC%A3%BC%EA%B1%B1,single:0.95;couple:0.4;family:0.3;독립서점;indie_pub:1.0,2026-08-23 19:50:49,bookstore:1.0;quiet:1.0;indoor:1.0,2,70,📚 혼자만의 시간을 보내기 좋은 조용한 독서 공간
문화공공데이터광장 | 전국 독립서점 및 운영정보,독립서점,말앤북스,상시,성인 (개인 방문 적합),"(21569) 인천광역시 남동구 문화서로28번길 13-1 | 위도:37.44775087, 경도:126.696784",무료입장 (도서 구매 별도),"[말앤북스] / 비정기책방과 미술교실 , 독립출판물 있음 / 전화: 0324422017",https://map.naver.com/v5/search/%EB%A7%90%EC%95%A4%EB%B6%81%EC%8A%A4,single:0.95;couple:0.4;family:0.3;독립서점;indie_pub:1.0,2026-08-23 19:50:49,bookstore:1.0;quiet:1.0;indoor:1.0,2,70,📚 혼자만의 시간을 보내기 좋은 조용한 독서 공간
문화공공데이터광장 | 전국 독립서점 및 운영정보,독립서점,어나더페이지,상시,성인 (개인 방문 적합),"(63508) 제주특별자치도 서귀포시 대정읍 동일하모로220번길 19 | 위도:33.22399269, 경도:126.2547954",무료입장 (도서 구매 별도),"[어나더페이지] / 작고 조용한 동네 책방 , 독립출판물 있음, 북토크 가능, 독서모임 가능, 리뷰 있음 / 운영정보: 평일개점마감시간 : 10:00~19:00토요일개점마감시간 : 10:00~19:00일요일개점마감시간 : 10:00~18:30, 휴무일 : 목요일 휴무 / 전화: 050713344276",https://map.naver.com/v5/search/%EC%96%B4%EB%82%98%EB%8D%94%ED%8E%98%EC%9D%B4%EC%A7%80,single:0.95;couple:0.4;family:0.3;독립서점;indie_pub:1.0,2026-08-23 19:50:49,bookstore:1.0;quiet:1.0;indoor:1.0,2,70,📚 혼자만의 시간을 보내기 좋은 조용한 독서 공간
문화공공데이터광장 | 전국 독립서점 및 운영정보,독립서점,시옷서점,상시,성인 (개인 방문 적합),"(63569) 제주특별자치도 서귀포시 막동산로 19 | 위도:33.25637191, 경도:126.5239412",무료입장 (도서 구매 별도),"[시옷서점] / 제주도에 있는 시집 전문 서점 , 주차 가능, 독립출판물 있음, 리뷰 있음 / 운영정보: 평일개점마감시간 : 14:00~17:00, 휴무일 : 토요일, 일요일 휴무 / 전화: 050714082592",https://map.naver.com/v5/search/%EC%8B%9C%EC%98%B7%EC%84%9C%EC%A0%90,single:0.95;couple:0.4;family:0.3;독립서점;indie_pub:1.0,2026-08-23 19:50:49,bookstore:1.0;quiet:1.0;indoor:1.0,2,70,📚 혼자만의 시간을 보내기 좋은 조용한 독서 공간
문화공공데이터광장 | 전국 독립서점 및 운영정보,독립서점,책방무사,상시,성인 (개인 방문 적합),"(63630) 제주특별자치도 서귀포시 성산읍 수시로10번길 3 | 위도:33.44612526, 경도:126.8866205",무료입장 (도서 구매 별도),"[책방무사] / 조용한 공간에 서적과 굿즈,디퓨저등 소품도 판매 / 운영정보: 평일개점마감시간 : 12:00~18:00토요일개점마감시간 : 12:00~18:00일요일개점마감시간 : 12:00~18:00, 휴무일 : 수요일 휴무 / 전화: 01065846571",https://map.naver.com/v5/search/%EC%B1%85%EB%B0%A9%EB%AC%B4%EC%82%AC,single:0.95;couple:0.4;family:0.3;독립서점,2026-08-23 19:50:49,bookstore:1.0;quiet:1.0;indoor:1.0,2,70,📚 혼자만의 시간을 보내기 좋은 조용한 독서 공간
문화공공데이터광장 | 전국 독립서점 및 운영정보,독립서점,사계리 서점,상시,성인 (개인 방문 적합),"(63528) 제주 서귀포시 안덕면 사계로114번길 54-58 1층 | 위도:33.24026669, 경도:126.3003237",무료입장 (도서 구매 별도),"[사계리 서점] / 추리소설, SF 소설 등의 장르 소설류만 구비' , 리뷰 있음 / 운영정보: 평일개점마감시간 : 11:00~17:30토요일개점마감시간 : 11:00~17:30일요일개점마감시간 : 11:00~17:30, 휴무일 : 월요일 정기휴무 / 전화: 07076552118",https://map.naver.com/v5/search/%EC%82%AC%EA%B3%84%EB%A6%AC%20%EC%84%9C%EC%A0%90,single:0.95;couple:0.4;family:0.3;독립서점,2026-08-23 19:50:49,bookstore:1.0;quiet:1.0;indoor:1.0,2,70,📚 혼자만의 시간을 보내기 좋은 조용한 독서 공간
문화공공데이터광장 | 전국 독립서점 및 운영정보,독립서점,북살롱이마고 제주아카이브센터,상시,성인 (개인 방문 적합),"(63625) 제주특별자치도 서귀포시 표선면 세화강왓로 78 | 위도:33.32504828, 경도:126.7952514",무료입장 (도서 구매 별도),"[북살롱이마고 제주아카이브센터] / 인문서,여행서,디자인,예술서,생태관련책, 등 카페와 북스테이 함께 운영하는 복합문화공간 , 화장실 남녀 구분, 카페 있음, 공간대여 가능, 독립출판물 있음, 독서모임 가능, 강연 가능, 리뷰 있음 / 운영정보: 평일개점마감시간 : 11:00~18:00토요일개점마감시간 : 11:00~18:00일요일개점마감시간 : 11:00~18:00, 휴무일 : 수요일 휴무 / 전화: 0647873282",https://map.naver.com/v5/search/%EB%B6%81%EC%82%B4%EB%A1%B1%EC%9D%B4%EB%A7%88%EA%B3%A0%20%EC%A0%9C%EC%A3%BC%EC%95%84%EC%B9%B4%EC%9D%B4%EB%B8%8C%EC%84%BC%ED%84%B0,single:0.95;couple:0.4;family:0.3;독립서점;cafe:1.0;indie_pub:1.0,2026-08-23 19:50:49,bookstore:1.0;quiet:1.0;indoor:1.0,2,70,📚 혼자만의 시간을 보내기 좋은 조용한 독서 공간
문화공공데이터광장 | 전국 독립서점 및 운영정보,독립서점,그건그렇고,상시,성인 (개인 방문 적합),"(63534) 제주 서귀포시 상예로 224 | 위도:33.26519, 경도:126.39389",무료입장 (도서 구매 별도),"[그건그렇고] / 서귀포 중문 작은 책방 / 운영정보: 평일개점마감시간 : 12:00~19:00토요일개점마감시간 : 12:00~19:00일요일개점마감시간 : 12:00~19:00, 휴무일 : 수요일, 목요일 휴무 / 전화: 050713118780",https://map.naver.com/v5/search/%EA%B7%B8%EA%B1%B4%EA%B7%B8%EB%A0%87%EA%B3%A0,single:0.95;couple:0.4;family:0.3;독립서점,2026-08-23 19:50:49,bookstore:1.0;quiet:1.0;indoor:1.0,2,70,📚 혼자만의 시간을 보내기 좋은 조용한 독서 공간
문화공공데이터광장 | 전국 독립서점 및 운영정보,독립서점,고양이수염,상시,성인 (개인 방문 적합),"(21566) 인천광역시 남동구 문화서로49번길 39 103호 | 위도:37.4496917, 경도:126.6940619",무료입장 (도서 구매 별도),"[고양이수염] / 하루를 마무리하는 심야서점. 구월동에 위치한 독립서점 , 카페 있음, 독서모임 가능 / 전화: 01073510128",https://map.naver.com/v5/search/%EA%B3%A0%EC%96%91%EC%9D%B4%EC%88%98%EC%97%BC,single:0.95;couple:0.4;family:0.3;독립서점;cafe:1.0,2026-08-23 19:50:49,bookstore:1.0;quiet:1.0;indoor:1.0,2,70,📚 혼자만의 시간을 보내기 좋은 조용한 독서 공간
문화공공데이터광장 | 전국 독립서점 및 운영정보,독립서점,커넥더닷츠,상시,성인 (개인 방문 적합),"(22554) 인천광역시 동구 서해대로513번길 15 2층 | 위도:37.47216947, 경도:126.6367067",무료입장 (도서 구매 별도),"[커넥더닷츠] / 독립출판물, 중고서적, 핸드드립 커피, 계절과일청 음료 , 독립출판물 있음 / 전화: 01064330072",https://map.naver.com/v5/search/%EC%BB%A4%EB%84%A5%EB%8D%94%EB%8B%B7%EC%B8%A0,single:0.95;couple:0.4;family:0.3;독립서점;cafe:1.0;indie_pub:1.0,2026-08-23 19:50:49,bookstore:1.0;quiet:1.0;indoor:1.0,2,70,📚 혼자만의 시간을 보내기 좋은 조용한 독서 공간
문화공공데이터광장 | 전국 독립서점 및 운영정보,독립서점,나비날다책방,상시,성인 (개인 방문 적합),"(22554) 인천광역시 동구 송림로 8 | 위도:37.47283479, 경도:126.6361577",무료입장 (도서 구매 별도),"[나비날다책방] / 배다리 헌책방거리에 위치한 책방 , 카페 있음, 북토크 가능, 강연 가능 / 전화: 정보없음",https://map.naver.com/v5/search/%EB%82%98%EB%B9%84%EB%82%A0%EB%8B%A4%EC%B1%85%EB%B0%A9,single:0.95;couple:0.4;family:0.3;독립서점;cafe:1.0,2026-08-23 19:50:49,bookstore:1.0;quiet:1.0;indoor:1.0,2,70,📚 혼자만의 시간을 보내기 좋은 조용한 독서 공간
문화공공데이터광장 | 전국 독립서점 및 운영정보,독립서점,책방모도,상시,성인 (개인 방문 적합),"(22516) 인천광역시 동구 화수로47번길 14 | 위도:37.48305456, 경도:126.6319738",무료입장 (도서 구매 별도),"[책방모도] / 동인천 화수동 골목길 작은 서점 책방 , 독립출판물 있음, 북토크 가능 / 운영정보: 평일개점마감시간 : 11:00~19:00토요일개점마감시간 : 11:00~19:00일요일개점마감시간 : 11:00~19:00 / 전화: 07088771215",https://map.naver.com/v5/search/%EC%B1%85%EB%B0%A9%EB%AA%A8%EB%8F%84,single:0.95;couple:0.4;family:0.3;독립서점;indie_pub:1.0,2026-08-23 19:50:49,bookstore:1.0;quiet:1.0;indoor:1.0,2,70,📚 혼자만의 시간을 보내기 좋은 조용한 독서 공간
문화공공데이터광장 | 전국 독립서점 및 운영정보,독립서점,아무튼책방,상시,성인 (개인 방문 적합),"(63246) 제주특별자치도 제주시 간월동로 12 1층 | 위도:33.48539019, 경도:126.5438509",무료입장 (도서 구매 별도),"[아무튼책방] / 인문학 + 블라인드 북 + 헌책 + 독립출판물 판매 간드락 게스트 하우스랑 같이 운영하는 책방 , 주차 가능, 화장실 남녀 구분, 독립출판물 있음, 독서모임 가능, 강연 가능, 리뷰 있음 / 운영정보: 평일개점마감시간 : 13:00~18:00토요일개점마감시간 : 13:00~18:00, 휴무일 : 일요일, 월요일 정기휴무 / 전화: 0647222654",https://map.naver.com/v5/search/%EC%95%84%EB%AC%B4%ED%8A%BC%EC%B1%85%EB%B0%A9,single:0.95;couple:0.4;family:0.3;독립서점;indie_pub:1.0,2026-08-23 19:50:49,bookstore:1.0;quiet:1.0;indoor:1.0,2,70,📚 혼자만의 시간을 보내기 좋은 조용한 독서 공간
문화공공데이터광장 | 전국 독립서점 및 운영정보,독립서점,언제라도,상시,성인 (개인 방문 적합),"(63363) 제주특별자치도 제주시 구좌읍 문주란로5길 34-2 | 위도:33.52044691, 경도:126.8875548",무료입장 (도서 구매 별도),"[언제라도] / 직접 제작한 독립출판물 및 타 작가들의 작품도 볼 수 있는 시골집책방 , 리뷰 있음 / 운영정보: 평일개점마감시간 : 13:00~16:00토요일개점마감시간 : 13:00~16:00일요일개점마감시간 : 13:00~16:00, 휴무일 : 월요일,화요일,수요일, 목요일 휴무 / 전화: 050714121087",https://map.naver.com/v5/search/%EC%96%B8%EC%A0%9C%EB%9D%BC%EB%8F%84,single:0.95;couple:0.4;family:0.3;독립서점;indie_pub:1.0,2026-08-23 19:50:49,bookstore:1.0;quiet:1.0;indoor:1.0,2,70,📚 혼자만의 시간을 보내기 좋은 조용한 독서 공간
문화공공데이터광장 | 전국 독립서점 및 운영정보,독립서점,삼춘책방,상시,성인 (개인 방문 적합),"(63362) 제주특별자치도 제주시 구좌읍 상하도길 46-12 | 위도:33.51688343, 경도:126.8665531",무료입장 (도서 구매 별도),"[삼춘책방] / 소설과 에세이,그림책과 시집, 독립출판물,잡지,엽서 판매하는 조그마한 동네책방 , 주차 가능, 화장실 남녀 구분, 독립출판물 있음, 독서모임 가능, 강연 가능, 리뷰 있음 / 운영정보: 평일개점마감시간 : 10:00~22:00, 휴무일 : 휴무 인스타로 공지 / 전화: 01035916896",https://map.naver.com/v5/search/%EC%82%BC%EC%B6%98%EC%B1%85%EB%B0%A9,single:0.95;couple:0.4;family:0.3;독립서점;indie_pub:1.0,2026-08-23 19:50:49,bookstore:1.0;quiet:1.0;indoor:1.0,2,70,📚 혼자만의 시간을 보내기 좋은 조용한 독서 공간
문화공공데이터광장 | 전국 독립서점 및 운영정보,독립서점,취한책방,상시,성인 (개인 방문 적합),"(22207) 인천광역시 미추홀구 경인남길 76 지하 1층 취한책방 | 위도:37.4531926, 경도:126.6572815",무료입장 (도서 구매 별도),"[취한책방] / 술집 b612 안에 샵인샵으로 입점. 낮에는 책방 밤에는 술집이 되는 공간 , 카페 있음, 리뷰 있음 / 운영정보: 평일개점마감시간 : 10:00~18:00토요일개점마감시간 : 10:00~18:00, 휴무일 : 일요일 / 전화: 01099906413",https://map.naver.com/v5/search/%EC%B7%A8%ED%95%9C%EC%B1%85%EB%B0%A9,single:0.95;couple:0.4;family:0.3;독립서점;cafe:1.0,2026-08-23 19:50:49,bookstore:1.0;quiet:1.0;indoor:1.0,2,70,📚 혼자만의 시간을 보내기 좋은 조용한 독서 공간
문화공공데이터광장 | 전국 독립서점 및 운영정보,독립서점,사람과공간딴뚬뚬,상시,성인 (개인 방문 적합),"(22154) 인천광역시 미추홀구 경인로 358 B1 | 위도:37.45825983, 경도:126.6797678",무료입장 (도서 구매 별도),"[사람과공간딴뚬뚬] / 독립출판물 등을 취급하는 북카페 , 북토크 가능, 독서모임 가능, 리뷰 있음 / 운영정보: 평일개점마감시간 : 11:30~20:00토요일개점마감시간 : 11:30~20:00일요일개점마감시간 : 11:30~20:00 / 전화: 01030548624",https://map.naver.com/v5/search/%EC%82%AC%EB%9E%8C%EA%B3%BC%EA%B3%B5%EA%B0%84%EB%94%B4%EB%9A%AC%C2%84%C2%9C%EB%9A%AC,single:0.95;couple:0.4;family:0.3;독립서점;cafe:1.0;indie_pub:1.0,2026-08-23 19:50:49,bookstore:1.0;quiet:1.0;indoor:1.0,2,70,📚 혼자만의 시간을 보내기 좋은 조용한 독서 공간
문화공공데이터광장 | 전국 독립서점 및 운영정보,독립서점,연꽃빌라,상시,성인 (개인 방문 적합),"(21338) 인천광역시 부평구 길주로547번길 8-12 | 위도:37.50773183, 경도:126.7238718",무료입장 (도서 구매 별도),"[연꽃빌라] / 독립출판물 전문 취급 , 리뷰 있음 / 운영정보: 평일개점마감시간 : 12:00~22:00토요일개점마감시간 : 12:00~22:00일요일개점마감시간 : 12:00~22:00, 휴무일 : 목요일 / 전화: 0322217933",https://map.naver.com/v5/search/%EC%97%B0%EA%BD%83%EB%B9%8C%EB%9D%BC,single:0.95;couple:0.4;family:0.3;독립서점;indie_pub:1.0,2026-08-23 19:50:49,bookstore:1.0;quiet:1.0;indoor:1.0,2,70,📚 혼자만의 시간을 보내기 좋은 조용한 독서 공간
문화공공데이터광장 | 전국 독립서점 및 운영정보,독립서점,제주풀무질,상시,성인 (개인 방문 적합),"(63361) 제주특별자치도 제주시 구좌읍 세화11길 8 | 위도:33.52156634, 경도:126.8609766",무료입장 (도서 구매 별도),"[제주풀무질] / 인문학 고전, 문학 일반, 독립출판물을 주로 취급,개인 작가님들이 다품종 소량생산하는 수공예품도 전시, 판매 , 주차 가능, 화장실 남녀 구분, 리뷰 있음 / 운영정보: 평일개점마감시간 : 11:00~18:00토요일개점마감시간 : 11:00~18:00일요일개점마감시간 : 11:00~18:00, 휴무일 : 수요일 휴무 / 전화: 0647826917",https://map.naver.com/v5/search/%EC%A0%9C%EC%A3%BC%ED%92%80%EB%AC%B4%EC%A7%88,single:0.95;couple:0.4;family:0.3;독립서점;indie_pub:1.0,2026-08-23 19:50:49,bookstore:1.0;quiet:1.0;indoor:1.0,2,70,📚 혼자만의 시간을 보내기 좋은 조용한 독서 공간
문화공공데이터광장 | 전국 독립서점 및 운영정보,독립서점,독립서점북덕북덕,상시,성인 (개인 방문 적합),"(63355) 제주특별자치도 제주시 구좌읍 송당6길 38-1 제2동 | 위도:33.46827691, 경도:126.7837806",무료입장 (도서 구매 별도),"[독립서점북덕북덕] / 입장료1만원,사전예약제, 음료서비스 선택1,무료제공 간식서비스 , 화장실 남녀 구분, 독립출판물 있음, 리뷰 있음 / 운영정보: 평일개점마감시간 : 12:00~18:00토요일개점마감시간 : 12:00~18:00일요일개점마감시간 : 12:00~18:00 / 전화: 01062543040",https://map.naver.com/v5/search/%EB%8F%85%EB%A6%BD%EC%84%9C%EC%A0%90%EB%B6%81%EB%8D%95%EB%B6%81%EB%8D%95,single:0.95;couple:0.4;family:0.3;독립서점;indie_pub:1.0,2026-08-23 19:50:49,bookstore:1.0;quiet:1.0;indoor:1.0,2,70,📚 혼자만의 시간을 보내기 좋은 조용한 독서 공간
문화공공데이터광장 | 전국 독립서점 및 운영정보,독립서점,소심한책방,상시,성인 (개인 방문 적합),"(63364) 제주특별자치도 제주시 구좌읍 종달동길 29-6 | 위도:33.49147657, 경도:126.9030648",무료입장 (도서 구매 별도),"[소심한책방] / 소설, 에세이, 인문, 여행, 독립출판물, 제주 문구 등 편애로 채워진 책과 소품 , 독립출판물 있음, 리뷰 있음 / 운영정보: 평일개점마감시간 : 10:00~18:00토요일개점마감시간 : 10:00~18:00일요일개점마감시간 : 10:00~18:00, 휴무일 : 휴무 인스타로 공지 / 전화: 07081470848",https://map.naver.com/v5/search/%EC%86%8C%EC%8B%AC%ED%95%9C%EC%B1%85%EB%B0%A9,single:0.95;couple:0.4;family:0.3;독립서점;indie_pub:1.0,2026-08-23 19:50:49,bookstore:1.0;quiet:1.0;indoor:1.0,2,70,📚 혼자만의 시간을 보내기 좋은 조용한 독서 공간
문화공공데이터광장 | 전국 독립서점 및 운영정보,독립서점,88And1,상시,성인 (개인 방문 적합),"(18282) 경기도 화성시 비봉면 남전로116번길 35 | 위도:37.23674234, 경도:126.8479543",무료입장 (도서 구매 별도),"[88And1] / 그림책 전문 취급 독립서점 , 독립출판물 있음 / 전화: 01055893710",https://map.naver.com/v5/search/88And1,single:0.95;couple:0.4;family:0.3;독립서점;indie_pub:1.0,2026-08-23 19:50:49,bookstore:1.0;quiet:1.0;indoor:1.0,2,70,📚 혼자만의 시간을 보내기 좋은 조용한 독서 공간
문화공공데이터광장 | 전국 독립서점 및 운영정보,독립서점,거제대로 북스,상시,성인 (개인 방문 적합),"(53277) 경상남도 거제시 사등면 거제대로 5394-2 주황색 지붕 건물 | 위도:34.90460806, 경도:128.5524609",무료입장 (도서 구매 별도),"[거제대로 북스] / 신간,베스트,스테디,독립출판, 기독교 서적 취급 , 강연 가능 / 운영정보: 평일개점마감시간 : 10:00~18:00토요일개점마감시간 : 10:00~18:00, 휴무일 : 일요일 휴무 / 전화: 0556354301",https://map.naver.com/v5/search/%EA%B1%B0%EC%A0%9C%EB%8C%80%EB%A1%9C%20%EB%B6%81%EC%8A%A4,single:0.95;couple:0.4;family:0.3;독립서점;indie_pub:1.0,2026-08-23 19:50:49,bookstore:1.0;quiet:1.0;indoor:1.0,2,70,📚 혼자만의 시간을 보내기 좋은 조용한 독서 공간
문화공공데이터광장 | 전국 독립서점 및 운영정보,독립서점,숨북숨북,상시,성인 (개인 방문 적합),"(51017) 경상남도 김해시 율하3로8번길 38 | 위도:35.16821319, 경도:128.8135544",무료입장 (도서 구매 별도),"[숨북숨북] / 책,커피,음악 공간 대여 , 화장실 남녀 구분 / 전화: 07041770118",https://map.naver.com/v5/search/%EC%88%A8%EB%B6%81%EC%88%A8%EB%B6%81,single:0.95;couple:0.4;family:0.3;독립서점;cafe:1.0,2026-08-23 19:50:49,bookstore:1.0;quiet:1.0;indoor:1.0,2,70,📚 혼자만의 시간을 보내기 좋은 조용한 독서 공간
문화공공데이터광장 | 전국 독립서점 및 운영정보,독립서점,아마도책방,상시,성인 (개인 방문 적합),"(52444) 경상남도 남해군 삼동면 동부대로1876번길 19 | 위도:34.83138514, 경도:128.0019276",무료입장 (도서 구매 별도),"[아마도책방] / 1인 운영하는 작은 공간으로 운영 시간과 휴무일 변동이 잦음 , 주차 가능, 화장실 남녀 구분, 독립출판물 있음 / 운영정보: 평일개점마감시간 : 12:00~17:00토요일개점마감시간 : 12:00~17:00일요일개점마감시간 : 12:00~17:00, 휴무일 : 월요일휴무, 12월 월,화,수휴무 / 전화: 01025920695",https://map.naver.com/v5/search/%EC%95%84%EB%A7%88%EB%8F%84%EC%B1%85%EB%B0%A9,single:0.95;couple:0.4;family:0.3;독립서점;indie_pub:1.0,2026-08-23 19:50:49,bookstore:1.0;quiet:1.0;indoor:1.0,2,70,📚 혼자만의 시간을 보내기 좋은 조용한 독서 공간
문화공공데이터광장 | 전국 독립서점 및 운영정보,독립서점,아르카북스 책방,상시,성인 (개인 방문 적합),"(17969) 경기도 평택시 현덕면 덕목5길 122-11 | 위도:36.95641569, 경도:126.9702531",무료입장 (도서 구매 별도),"[아르카북스 책방] / 코로나19로 인한 예약제 실시 중. 그림책 소설 인문 서적 등 , 카페 있음, 독립출판물 있음 / 운영정보: , 휴무일 : 일요일, 월요일 / 전화: 01031408695",https://map.naver.com/v5/search/%EC%95%84%EB%A5%B4%EC%B9%B4%EB%B6%81%EC%8A%A4%20%EC%B1%85%EB%B0%A9,single:0.95;couple:0.4;family:0.3;독립서점;cafe:1.0;indie_pub:1.0,2026-08-23 19:50:49,bookstore:1.0;quiet:1.0;indoor:1.0,2,70,📚 혼자만의 시간을 보내기 좋은 조용한 독서 공간
문화공공데이터광장 | 전국 독립서점 및 운영정보,독립서점,그림책숲,상시,성인 (개인 방문 적합),"(12923) 경기도 하남시 미사강변한강로334번길 57 1층 101호 | 위도:37.55936626, 경도:127.2000331",무료입장 (도서 구매 별도),"[그림책숲] / 예약제 서점. 그림책 전문 취급 , 카페 있음, 독립출판물 있음, 독서모임 가능 / 운영정보: 평일개점마감시간 : 13:00~18:00 / 전화: 01030320334",https://map.naver.com/v5/search/%EA%B7%B8%EB%A6%BC%EC%B1%85%EC%88%B2,single:0.95;couple:0.4;family:0.3;독립서점;cafe:1.0;indie_pub:1.0,2026-08-23 19:50:49,bookstore:1.0;quiet:1.0;indoor:1.0,2,70,📚 혼자만의 시간을 보내기 좋은 조용한 독서 공간
문화공공데이터광장 | 전국 독립서점 및 운영정보,독립서점,산 위에 동네,상시,성인 (개인 방문 적합),"(18508) 경기도 화성시 동탄장지천6길 7 | 위도:37.15727783, 경도:127.1078955",무료입장 (도서 구매 별도),"[산 위에 동네] / 인문, 철학, 문학, 에세이 등의 서적을 주로 다루는 큐레이션 서점 , 카페 있음, 독립출판물 있음, 독서모임 가능 / 전화: 01041500118",https://map.naver.com/v5/search/%EC%82%B0%20%EC%9C%84%EC%97%90%20%EB%8F%99%EB%84%A4,single:0.95;couple:0.4;family:0.3;독립서점;cafe:1.0;indie_pub:1.0,2026-08-23 19:50:49,bookstore:1.0;quiet:1.0;indoor:1.0,2,70,📚 혼자만의 시간을 보내기 좋은 조용한 독서 공간
문화공공데이터광장 | 전국 독립서점 및 운영정보,독립서점,모모책방,상시,성인 (개인 방문 적합),"(18303) 경기도 화성시 봉담읍 오래3길 7 1층 상가 | 위도:37.22046016, 경도:126.9543172",무료입장 (도서 구매 별도),"[모모책방] / 고양이 모모, 삐루와 디자이너 집사의 작은 독립서점. 큐레이션 책방 , 리뷰 있음 / 운영정보: 평일개점마감시간 : 11:00~20:00토요일개점마감시간 : 13:00~20:00, 휴무일 : 일요일, 월요일, 공휴일 / 전화: 07042255084",https://map.naver.com/v5/search/%EB%AA%A8%EB%AA%A8%EC%B1%85%EB%B0%A9,single:0.95;couple:0.4;family:0.3;독립서점,2026-08-23 19:50:49,bookstore:1.0;quiet:1.0;indoor:1.0,2,70,📚 혼자만의 시간을 보내기 좋은 조용한 독서 공간
문화공공데이터광장 | 전국 독립서점 및 운영정보,독립서점,청보리책방,상시,성인 (개인 방문 적합),"(51428) 경상남도 창원시 의창구 외동반림로254번길 8-1 | 위도:35.23896537, 경도:128.6805698",무료입장 (도서 구매 별도),"[청보리책방] / 책,음악,차의 어울림 , 독립출판물 있음, 북토크 가능, 리뷰 있음 / 운영정보: 평일개점마감시간 : 10:30~18:30토요일개점마감시간 : 10:30~18:30, 휴무일 : 일요일 휴무 / 전화: 01064347919",https://map.naver.com/v5/search/%EC%B2%AD%EB%B3%B4%EB%A6%AC%EC%B1%85%EB%B0%A9,single:0.95;couple:0.4;family:0.3;독립서점;indie_pub:1.0,2026-08-23 19:50:49,bookstore:1.0;quiet:1.0;indoor:1.0,2,70,📚 혼자만의 시간을 보내기 좋은 조용한 독서 공간
문화공공데이터광장 | 전국 독립서점 및 운영정보,독립서점,고양이쌤책방,상시,성인 (개인 방문 적합),"(53017) 경상남도 통영시 광도면 신죽2길 73-10 1층 | 위도:34.87562364, 경도:128.4184218",무료입장 (도서 구매 별도),"[고양이쌤책방] / 고양이가 있는 책방, 독서토론이나 글쓰기에 관련된 책을 소개하고 판매,수업과 모임이 주로 이루어지는 곳이라 방문 전 전화 문의 및 예약 부탁 , 주차 가능, 화장실 남녀 구분, 공간대여 가능 / 전화: 0556495869",https://map.naver.com/v5/search/%EA%B3%A0%EC%96%91%EC%9D%B4%EC%8C%A4%EC%B1%85%EB%B0%A9,single:0.95;couple:0.4;family:0.3;독립서점,2026-08-23 19:50:49,bookstore:1.0;quiet:1.0;indoor:1.0,2,70,📚 혼자만의 시간을 보내기 좋은 조용한 독서 공간
문화공공데이터광장 | 전국 독립서점 및 운영정보,독립서점,봄날의책방,상시,성인 (개인 방문 적합),"(53078) 경상남도 통영시 봉수1길 6-1 | 위도:34.82633769, 경도:128.4154139",무료입장 (도서 구매 별도),"[봄날의책방] / 북스테이가 가능한 서점 , 주차 가능, 화장실 남녀 구분, 카페 있음 / 운영정보: 평일개점마감시간 : 10:30~18:30토요일개점마감시간 : 10:30~18:30일요일개점마감시간 : 13:30~18:00, 휴무일 : 월요일 휴무, 화요일 휴무 / 전화: 07077950531",https://map.naver.com/v5/search/%EB%B4%84%EB%82%A0%EC%9D%98%EC%B1%85%EB%B0%A9,single:0.95;couple:0.4;family:0.3;독립서점;cafe:1.0,2026-08-23 19:50:49,bookstore:1.0;quiet:1.0;indoor:1.0,2,70,📚 혼자만의 시간을 보내기 좋은 조용한 독서 공간
문화공공데이터광장 | 전국 독립서점 및 운영정보,독립서점,몰리북,상시,성인 (개인 방문 적합),"(38540) 경상북도 경산시 압량읍 오목로 183 | 위도:35.82865191, 경도:128.7958896",무료입장 (도서 구매 별도),"[몰리북] / 넓은 농장안에 있는 여유로운 동네 책방 , 리뷰 있음 / 운영정보: 평일개점마감시간 : 10:00~18:00토요일개점마감시간 : 10:00~18:00일요일개점마감시간 : 10:00~18:00 / 전화: 01045072436",https://map.naver.com/v5/search/%EB%AA%B0%EB%A6%AC%EB%B6%81,single:0.95;couple:0.4;family:0.3;독립서점,2026-08-23 19:50:49,bookstore:1.0;quiet:1.0;indoor:1.0,2,70,📚 혼자만의 시간을 보내기 좋은 조용한 독서 공간
문화공공데이터광장 | 전국 독립서점 및 운영정보,독립서점,누군가의 책방,상시,성인 (개인 방문 적합),"(38064) 경상북도 경주시 서악2길 32-16 | 위도:35.82957605, 경도:129.188226",무료입장 (도서 구매 별도),"[누군가의 책방] / 독림출판물이 있는 동네 작은책방 , 독립출판물 있음, 헌책방 있음, 리뷰 있음 / 운영정보: 평일개점마감시간 : 11:00~18:00토요일개점마감시간 : 11:00~18:00일요일개점마감시간 : 11:00~18:00, 휴무일 : 수요일 휴무 / 전화: 01085753093",https://map.naver.com/v5/search/%EB%88%84%EA%B5%B0%EA%B0%80%EC%9D%98%20%EC%B1%85%EB%B0%A9,single:0.95;couple:0.4;family:0.3;독립서점;indie_pub:1.0,2026-08-23 19:50:49,bookstore:1.0;quiet:1.0;indoor:1.0,2,70,📚 혼자만의 시간을 보내기 좋은 조용한 독서 공간
문화공공데이터광장 | 전국 독립서점 및 운영정보,독립서점,책만보,상시,성인 (개인 방문 적합),"(38082) 경상북도 경주시 용담로 118 주공2차 상가103호 | 위도:35.86523895, 경도:129.2091138",무료입장 (도서 구매 별도),[책만보] / 리뷰 있음 / 전화: 01055509728,https://map.naver.com/v5/search/%EC%B1%85%EB%A7%8C%EB%B3%B4,single:0.95;couple:0.4;family:0.3;독립서점,2026-08-23 19:50:49,bookstore:1.0;quiet:1.0;indoor:1.0,2,70,📚 혼자만의 시간을 보내기 좋은 조용한 독서 공간
문화공공데이터광장 | 전국 독립서점 및 운영정보,독립서점,어서어서,상시,성인 (개인 방문 적합),"(38167) 경상북도 경주시 포석로 1083 | 위도:35.83783036, 경도:129.2096632",무료입장 (도서 구매 별도),"[어서어서] / 시, 문학, 에세이, 독립출판물 등 문학전문서점 , 독립출판물 있음 / 운영정보: 평일개점마감시간 : 11:00~19:30토요일개점마감시간 : 10:00~21:00일요일개점마감시간 : 10:00~21:00, 휴무일 : 매달 마지막 월,화,수 휴무 / 전화: 01066253958",https://map.naver.com/v5/search/%EC%96%B4%EC%84%9C%EC%96%B4%EC%84%9C,single:0.95;couple:0.4;family:0.3;독립서점;indie_pub:1.0,2026-08-23 19:50:49,bookstore:1.0;quiet:1.0;indoor:1.0,2,70,📚 혼자만의 시간을 보내기 좋은 조용한 독서 공간
문화공공데이터광장 | 전국 독립서점 및 운영정보,독립서점,책봄,상시,성인 (개인 방문 적합),"(39302) 경상북도 구미시 금오산로22길 24-1 | 위도:36.12621728, 경도:128.33001",무료입장 (도서 구매 별도),[책봄] / 독림출판물이 있는 동네 작은책방 / 운영정보: 평일개점마감시간 : 13:00~21:00토요일개점마감시간 : 13:00~21:00일요일개점마감시간 : 13:00~21:00 / 전화: 01079008999,https://map.naver.com/v5/search/%EC%B1%85%EB%B4%84,single:0.95;couple:0.4;family:0.3;독립서점,2026-08-23 19:50:49,bookstore:1.0;quiet:1.0;indoor:1.0,2,70,📚 혼자만의 시간을 보내기 좋은 조용한 독서 공간
문화공공데이터광장 | 전국 독립서점 및 운영정보,독립서점,책방해봄,상시,성인 (개인 방문 적합),"(36916) 경상북도 문경시 문경읍 청운로 49 달맞이스페이스 2층 | 위도:36.7368198, 경도:128.1067247",무료입장 (도서 구매 별도),"[책방해봄] / 문경 독립서점 책방 해봄, 30대 언저리의 고민과 관심, 취향을 나눔 , 카페 있음, 공간대여 가능 / 전화: 01046688288",https://map.naver.com/v5/search/%EC%B1%85%EB%B0%A9%ED%95%B4%EB%B4%84,single:0.95;couple:0.4;family:0.3;독립서점;cafe:1.0,2026-08-23 19:50:49,bookstore:1.0;quiet:1.0;indoor:1.0,2,70,📚 혼자만의 시간을 보내기 좋은 조용한 독서 공간
문화공공데이터광장 | 전국 독립서점 및 운영정보,독립서점,당신의 글자들,상시,성인 (개인 방문 적합),"(50551) 경상남도 양산시 내연1길 3-1 경보그린타워 상가 5동 102호 | 위도:35.37161662, 경도:129.1441429",무료입장 (도서 구매 별도),"[당신의 글자들] / 마을서점, 동네책방, 독립서점 , 주차 가능, 화장실 남녀 구분, 독립출판물 있음, 북토크 가능, 독서모임 가능, 강연 가능 / 운영정보: 평일개점마감시간 : 10:00~20:00토요일개점마감시간 : 10:00~20:00일요일개점마감시간 : 10:00~20:00, 휴무일 : 화요일 휴무 / 전화: 0553885756",https://map.naver.com/v5/search/%EB%8B%B9%EC%8B%A0%EC%9D%98%20%EA%B8%80%EC%9E%90%EB%93%A4,single:0.95;couple:0.4;family:0.3;독립서점;indie_pub:1.0,2026-08-23 19:50:49,bookstore:1.0;quiet:1.0;indoor:1.0,2,70,📚 혼자만의 시간을 보내기 좋은 조용한 독서 공간
문화공공데이터광장 | 전국 독립서점 및 운영정보,독립서점,인디무브,상시,성인 (개인 방문 적합),"(50652) 경상남도 양산시 물금읍 야리3길 49 원타운상가 402호 | 위도:35.31493941, 경도:129.0113278",무료입장 (도서 구매 별도),"[인디무브] / 북살롱, 와인, 등이 있는 동네책방 , 주차 가능, 화장실 남녀 구분, 독립출판물 있음, 독서모임 가능, 리뷰 있음 / 운영정보: 평일개점마감시간 : 12:00~21:00토요일개점마감시간 : 12:00~21:00일요일개점마감시간 : 12:00~21:00, 휴무일 : 월,화는 예약자만 이용 가능 / 전화: 07077931303",https://map.naver.com/v5/search/%EC%9D%B8%EB%94%94%EB%AC%B4%EB%B8%8C,single:0.95;couple:0.4;family:0.3;독립서점;indie_pub:1.0,2026-08-23 19:50:49,bookstore:1.0;quiet:1.0;indoor:1.0,2,70,📚 혼자만의 시간을 보내기 좋은 조용한 독서 공간
문화공공데이터광장 | 전국 독립서점 및 운영정보,독립서점,조이북슈퍼,상시,성인 (개인 방문 적합),"(52706) 경상남도 진주시 망경북길 20 1층 | 위도:35.1850587, 경도:128.081074",무료입장 (도서 구매 별도),"[조이북슈퍼] / 카페 있음, 독립출판물 있음, 리뷰 있음 / 전화: 01030921931",https://map.naver.com/v5/search/%EC%A1%B0%EC%9D%B4%EB%B6%81%EC%8A%88%ED%8D%BC,single:0.95;couple:0.4;family:0.3;독립서점;cafe:1.0;indie_pub:1.0,2026-08-23 19:50:49,bookstore:1.0;quiet:1.0;indoor:1.0,2,70,📚 혼자만의 시간을 보내기 좋은 조용한 독서 공간
문화공공데이터광장 | 전국 독립서점 및 운영정보,독립서점,보틀북스,상시,성인 (개인 방문 적합),"(52838) 경상남도 진주시 문산읍 월아산로 1047-14 LH행복주택 주민공동시설 내 상가 | 위도:35.16538523, 경도:128.1628537",무료입장 (도서 구매 별도),"[보틀북스] / 책과 따뜻한 커피를 즐길 수 있는 문학살롱 , 카페 있음, 리뷰 있음 / 운영정보: , 휴무일 : 코로나19로 인한 장기휴점 / 전화: 01037731926",https://map.naver.com/v5/search/%EB%B3%B4%ED%8B%80%EB%B6%81%EC%8A%A4,single:0.95;couple:0.4;family:0.3;독립서점;cafe:1.0,2026-08-23 19:50:49,bookstore:1.0;quiet:1.0;indoor:1.0,2,70,📚 혼자만의 시간을 보내기 좋은 조용한 독서 공간
문화공공데이터광장 | 전국 독립서점 및 운영정보,독립서점,낯선책방,상시,성인 (개인 방문 적합),"(52662) 경상남도 진주시 진주대로1164번길 15 | 위도:35.19671477, 경도:128.0755466",무료입장 (도서 구매 별도),"[낯선책방] / 독립출판물을 판매하는 동네 작은 독립출판물 서점, 카페 다정하게와 함께 운영 , 독서모임 가능, 리뷰 있음 / 운영정보: 평일개점마감시간 : 11:00~20:00토요일개점마감시간 : 11:00~20:00, 휴무일 : 일요일 휴무 / 전화: 정보없음",https://map.naver.com/v5/search/%EB%82%AF%EC%84%A0%EC%B1%85%EB%B0%A9,single:0.95;couple:0.4;family:0.3;독립서점;cafe:1.0;indie_pub:1.0,2026-08-23 19:50:49,bookstore:1.0;quiet:1.0;indoor:1.0,2,70,📚 혼자만의 시간을 보내기 좋은 조용한 독서 공간
문화공공데이터광장 | 전국 독립서점 및 운영정보,독립서점,무하유,상시,성인 (개인 방문 적합),"(51455) 경상남도 창원시 성산구 비음로 61 | 위도:35.2273223, 경도:128.701474",무료입장 (도서 구매 별도),"[무하유] / 독립서점과 의류를 같이 파는 편집매장 , 리뷰 있음 / 전화: 정보없음",https://map.naver.com/v5/search/%EB%AC%B4%ED%95%98%EC%9C%A0,single:0.95;couple:0.4;family:0.3;독립서점,2026-08-23 19:50:49,bookstore:1.0;quiet:1.0;indoor:1.0,2,70,📚 혼자만의 시간을 보내기 좋은 조용한 독서 공간
문화공공데이터광장 | 전국 독립서점 및 운영정보,독립서점,주책방,상시,성인 (개인 방문 적합),"(51458) 경상남도 창원시 성산구 창이대로719번길 17 | 위도:35.22149625, 경도:128.7032065",무료입장 (도서 구매 별도),"[주책방] / 작은 동네 책방 , 독립출판물 있음, 리뷰 있음 / 운영정보: 평일개점마감시간 : 13:00~19:00토요일개점마감시간 : 13:00~19:00, 휴무일 : 일요일, 월요일 휴무 / 전화: 01023014858",https://map.naver.com/v5/search/%EC%A3%BC%EC%B1%85%EB%B0%A9,single:0.95;couple:0.4;family:0.3;독립서점;indie_pub:1.0,2026-08-23 19:50:49,bookstore:1.0;quiet:1.0;indoor:1.0,2,70,📚 혼자만의 시간을 보내기 좋은 조용한 독서 공간
문화공공데이터광장 | 전국 독립서점 및 운영정보,독립서점,마이 유니버스,상시,성인 (개인 방문 적합),"(48967) 부산광역시 중구 책방골목길 8-1 1층 | 위도:35.10372748, 경도:129.0261118",무료입장 (도서 구매 별도),"[마이 유니버스] / 독립서점 , 독립출판물 있음 / 운영정보: 평일개점마감시간 : 14:00~19:00토요일개점마감시간 : 14:00~19:00일요일개점마감시간 : 14:00~19:00, 휴무일 : 수요일 휴무 / 전화: 050713220318",https://map.naver.com/v5/search/%EB%A7%88%EC%9D%B4%20%EC%9C%A0%EB%8B%88%EB%B2%84%EC%8A%A4,single:0.95;couple:0.4;family:0.3;독립서점;indie_pub:1.0,2026-08-23 19:50:49,bookstore:1.0;quiet:1.0;indoor:1.0,2,70,📚 혼자만의 시간을 보내기 좋은 조용한 독서 공간
문화공공데이터광장 | 전국 독립서점 및 운영정보,독립서점,문보우북스,상시,성인 (개인 방문 적합),"(05283) 서울특별시 강동구 천호대로221길 30 1층 오른쪽 | 위도:37.54811473, 경도:127.1727797",무료입장 (도서 구매 별도),"[문보우북스] / 토요일은 프로젝트데이 , 독립출판물 있음, 북토크 가능, 강연 가능 / 운영정보: 평일개점마감시간 : 12:00~19:00, 휴무일 : 일요일 / 전화: 01093251745",https://map.naver.com/v5/search/%EB%AC%B8%EB%B3%B4%EC%9A%B0%EB%B6%81%EC%8A%A4,single:0.95;couple:0.4;family:0.3;독립서점;indie_pub:1.0,2026-08-23 19:50:49,bookstore:1.0;quiet:1.0;indoor:1.0,2,70,📚 혼자만의 시간을 보내기 좋은 조용한 독서 공간
문화공공데이터광장 | 전국 독립서점 및 운영정보,독립서점,호수책장,상시,성인 (개인 방문 적합),"(07638) 서울특별시 강서구 강서로45길 132-14 | 위도:37.55067821, 경도:126.8315838",무료입장 (도서 구매 별도),"[호수책장] / 주말 예약제. 지구책장, 생태서점, 그림책방 , 화장실 남녀 구분 / 운영정보: 평일개점마감시간 : 09:00~17:00 / 전화: 01022257690",https://map.naver.com/v5/search/%ED%98%B8%EC%88%98%EC%B1%85%EC%9E%A5,single:0.95;couple:0.4;family:0.3;독립서점,2026-08-23 19:50:49,bookstore:1.0;quiet:1.0;indoor:1.0,2,70,📚 혼자만의 시간을 보내기 좋은 조용한 독서 공간
문화공공데이터광장 | 전국 독립서점 및 운영정보,독립서점,그림책방 dear,상시,성인 (개인 방문 적합),"(48109) 부산광역시 해운대구 좌동순환로 275 2F | 위도:35.16919543, 경도:129.1863399",무료입장 (도서 구매 별도),"[그림책방 dear] / 상가 건물 2층, 그림책방 , 주차 가능, 카페 있음, 독립출판물 있음 / 운영정보: 평일개점마감시간 : 14:00~21:00토요일개점마감시간 : 14:00~21:00, 휴무일 : 금요일 14:00~21:00 월~목 정기 휴무 / 전화: 050713260507",https://map.naver.com/v5/search/%EA%B7%B8%EB%A6%BC%EC%B1%85%EB%B0%A9%20dear,single:0.95;couple:0.4;family:0.3;독립서점;cafe:1.0;indie_pub:1.0,2026-08-23 19:50:49,bookstore:1.0;quiet:1.0;indoor:1.0,2,70,📚 혼자만의 시간을 보내기 좋은 조용한 독서 공간
문화공공데이터광장 | 전국 독립서점 및 운영정보,독립서점,순정책방,상시,성인 (개인 방문 적합),"(05271) 서울특별시 강동구 동남로65길 15-5 | 위도:37.54748275, 경도:127.1550027",무료입장 (도서 구매 별도),"[순정책방] / 자연, 예술, 가족, 동물, 그래픽노블, 그림책, 독립출판뭉 , 주차 가능, 화장실 남녀 구분, 강연 가능, 헌책방 있음 / 운영정보: 평일개점마감시간 : 14:00~21:00, 휴무일 : 토요일, 일요일, 월요일 / 전화: 07040628202",https://map.naver.com/v5/search/%EC%88%9C%EC%A0%95%EC%B1%85%EB%B0%A9,single:0.95;couple:0.4;family:0.3;독립서점;indie_pub:1.0,2026-08-23 19:50:49,bookstore:1.0;quiet:1.0;indoor:1.0,2,70,📚 혼자만의 시간을 보내기 좋은 조용한 독서 공간
문화공공데이터광장 | 전국 독립서점 및 운영정보,독립서점,마음을 산 책,상시,성인 (개인 방문 적합),"(18134) 경기도 오산시 경기동로8번길 25 | 위도:37.15598078, 경도:127.0742206",무료입장 (도서 구매 별도),"[마음을 산 책] / 독립출판물 전문 취급 , 독립출판물 있음, 강연 가능, 리뷰 있음 / 운영정보: 평일개점마감시간 : 14:00~22:00토요일개점마감시간 : 14:00~22:00일요일개점마감시간 : 14:00~22:00 / 전화: 0313767395",https://map.naver.com/v5/search/%EB%A7%88%EC%9D%8C%EC%9D%84%20%EC%82%B0%20%EC%B1%85,single:0.95;couple:0.4;family:0.3;독립서점;indie_pub:1.0,2026-08-23 19:50:49,bookstore:1.0;quiet:1.0;indoor:1.0,2,70,📚 혼자만의 시간을 보내기 좋은 조용한 독서 공간
문화공공데이터광장 | 전국 독립서점 및 운영정보,독립서점,반달서림,상시,성인 (개인 방문 적합),"(17007) 경기도 용인시 기흥구 동백4로 22 상가동 201호 | 위도:37.27160244, 경도:127.1532512",무료입장 (도서 구매 별도),"[반달서림] / 월목 10:30부터 영업시작. 생태주의 독립서점 , 독립출판물 있음 / 운영정보: 평일개점마감시간 : 12:00~20:00토요일개점마감시간 : 12:00~18:00, 휴무일 : 일요일 / 전화: 0312862390",https://map.naver.com/v5/search/%EB%B0%98%EB%8B%AC%EC%84%9C%EB%A6%BC,single:0.95;couple:0.4;family:0.3;독립서점;indie_pub:1.0,2026-08-23 19:50:49,bookstore:1.0;quiet:1.0;indoor:1.0,2,70,📚 혼자만의 시간을 보내기 좋은 조용한 독서 공간
문화공공데이터광장 | 전국 독립서점 및 운영정보,독립서점,나무아래책방,상시,성인 (개인 방문 적합),"(16509) 경기도 수원시 영통구 에듀타운로 101 에듀하임오피스텔 108동 B103호 | 위도:37.28882555, 경도:127.0456052",무료입장 (도서 구매 별도),"[나무아래책방] / 영어 원서, 일반출판물 및 독립출판물 판매, 영어독서모임 등 , 주차 가능, 화장실 남녀 구분, 공간대여 가능 / 운영정보: 평일개점마감시간 : 11:30~21:00토요일개점마감시간 : 11:30~21:00, 휴무일 : 일요일 / 전화: 01085817652",https://map.naver.com/v5/search/%EB%82%98%EB%AC%B4%EC%95%84%EB%9E%98%EC%B1%85%EB%B0%A9,single:0.95;couple:0.4;family:0.3;독립서점;indie_pub:1.0,2026-08-23 19:50:49,bookstore:1.0;quiet:1.0;indoor:1.0,2,70,📚 혼자만의 시간을 보내기 좋은 조용한 독서 공간
문화공공데이터광장 | 전국 독립서점 및 운영정보,독립서점,서서림,상시,성인 (개인 방문 적합),"(16705) 경기도 수원시 영통구 청명로59번길 59-2 1층 | 위도:37.25020639, 경도:127.0797475",무료입장 (도서 구매 별도),"[서서림] / 아트북, 아티스트북, 독립출판물, 어른 그림책, 소규모 출판 , 주차 가능, 화장실 남녀 구분, 카페 있음 / 운영정보: 평일개점마감시간 : 12:00~18:30토요일개점마감시간 : 12:00~18:30, 휴무일 : 일요일, 공휴일 / 전화: 01089803111",https://map.naver.com/v5/search/%EC%84%9C%EC%84%9C%EB%A6%BC,single:0.95;couple:0.4;family:0.3;독립서점;cafe:1.0;indie_pub:1.0,2026-08-23 19:50:49,bookstore:1.0;quiet:1.0;indoor:1.0,2,70,📚 혼자만의 시간을 보내기 좋은 조용한 독서 공간
문화공공데이터광장 | 전국 독립서점 및 운영정보,독립서점,천천히스미는,상시,성인 (개인 방문 적합),"(16356) 경기도 수원시 장안구 덕영대로417번길 52-9 101호 | 위도:37.3033293, 경도:126.9688456",무료입장 (도서 구매 별도),"[천천히스미는] / 일반서적 및 독립서적 취급, 카페, 병맥주 , 카페 있음, 공간대여 가능 / 운영정보: 평일개점마감시간 : 12:00~19:00토요일개점마감시간 : 12:00~20:00일요일개점마감시간 : 12:00~20:00, 휴무일 : 목요일, 금요일 / 전화: 01094601729",https://map.naver.com/v5/search/%EC%B2%9C%EC%B2%9C%ED%9E%88%EC%8A%A4%EB%AF%B8%EB%8A%94,single:0.95;couple:0.4;family:0.3;독립서점;cafe:1.0,2026-08-23 19:50:49,bookstore:1.0;quiet:1.0;indoor:1.0,2,70,📚 혼자만의 시간을 보내기 좋은 조용한 독서 공간
문화공공데이터광장 | 전국 독립서점 및 운영정보,독립서점,오손도손,상시,성인 (개인 방문 적합),"(16313) 경기도 수원시 장안구 수성로303번길 3 301호 | 위도:37.29153458, 경도:127.0052279",무료입장 (도서 구매 별도),"[오손도손] / 100% 예약제 다양한 클래스와 모임 진행중 , 주차 가능, 화장실 남녀 구분, 카페 있음, 독립출판물 있음, 독서모임 가능 / 운영정보: 평일개점마감시간 : 13:00~19:00토요일개점마감시간 : 13:00~19:00일요일개점마감시간 : 13:00~19:00, 휴무일 : 화요일 / 전화: 01055707338",https://map.naver.com/v5/search/%EC%98%A4%EC%86%90%EB%8F%84%EC%86%90,single:0.95;couple:0.4;family:0.3;독립서점;cafe:1.0;indie_pub:1.0,2026-08-23 19:50:49,bookstore:1.0;quiet:1.0;indoor:1.0,2,70,📚 혼자만의 시간을 보내기 좋은 조용한 독서 공간
문화공공데이터광장 | 전국 독립서점 및 운영정보,독립서점,브로콜리숲,상시,성인 (개인 방문 적합),"(16251) 경기도 수원시 팔달구 화서문로32번길 21-10 2층 | 위도:37.28426491, 경도:127.0125595",무료입장 (도서 구매 별도),"[브로콜리숲] / 독립출판물을 취급하는 전문서점 , 리뷰 있음 / 운영정보: 평일개점마감시간 : 13:00~18:00토요일개점마감시간 : 13:00~18:00일요일개점마감시간 : 13:00~18:00, 휴무일 : 수요일 / 전화: 0312437389",https://map.naver.com/v5/search/%EB%B8%8C%EB%A1%9C%EC%BD%9C%EB%A6%AC%EC%88%B2,single:0.95;couple:0.4;family:0.3;독립서점;indie_pub:1.0,2026-08-23 19:50:49,bookstore:1.0;quiet:1.0;indoor:1.0,2,70,📚 혼자만의 시간을 보내기 좋은 조용한 독서 공간
문화공공데이터광장 | 전국 독립서점 및 운영정보,독립서점,낯설여관 204호,상시,성인 (개인 방문 적합),"(16313) 경기도 수원시 장안구 영화로71번길 33 2층 | 위도:37.2920997, 경도:127.005116",무료입장 (도서 구매 별도),"[낯설여관 204호] / 일상여행자들의 쉼터, 여기는 낯설여관입니다! , 카페 있음, 독립출판물 있음 / 운영정보: 평일개점마감시간 : 10:00~19:00토요일개점마감시간 : 13:00~19:00일요일개점마감시간 : 13:00~19:00휴무일개점마감시간 : 13:00~19:00, 휴무일 : 월, 화 / 전화: 050713920130",https://map.naver.com/v5/search/%EB%82%AF%EC%84%A4%EC%97%AC%EA%B4%80%20204%ED%98%B8,single:0.95;couple:0.4;family:0.3;독립서점;cafe:1.0;indie_pub:1.0,2026-08-23 19:50:49,bookstore:1.0;quiet:1.0;indoor:1.0,2,70,📚 혼자만의 시간을 보내기 좋은 조용한 독서 공간
문화공공데이터광장 | 전국 독립서점 및 운영정보,독립서점,책방내심,상시,성인 (개인 방문 적합),"(14984) 경기도 시흥시 목감초등길 3 2층 | 위도:37.38326284, 경도:126.8588835",무료입장 (도서 구매 별도),"[책방내심] / 책을 통해 내면의 목소리를 듣고 대화하고 즐기는 공간을 꿈꾸는 동네서점 , 독립출판물 있음 / 운영정보: 평일개점마감시간 : 12:00~20:00토요일개점마감시간 : 12:00~20:00일요일개점마감시간 : 12:00~20:00, 휴무일 : 월요일 / 전화: 07086218005",https://map.naver.com/v5/search/%EC%B1%85%EB%B0%A9%EB%82%B4%EC%8B%AC,single:0.95;couple:0.4;family:0.3;독립서점;indie_pub:1.0,2026-08-23 19:50:49,bookstore:1.0;quiet:1.0;indoor:1.0,2,70,📚 혼자만의 시간을 보내기 좋은 조용한 독서 공간
문화공공데이터광장 | 전국 독립서점 및 운영정보,독립서점,그림책방마음생각연구소,상시,성인 (개인 방문 적합),"(15447) 경기도 안산시 단원구 화정천서로 115 2층 201호 | 위도:37.30778045, 경도:126.8197051",무료입장 (도서 구매 별도),[그림책방마음생각연구소] / 카페 있음 / 전화: 0314115605,https://map.naver.com/v5/search/%EA%B7%B8%EB%A6%BC%EC%B1%85%EB%B0%A9%EB%A7%88%EC%9D%8C%EC%83%9D%EA%B0%81%EC%97%B0%EA%B5%AC%EC%86%8C,single:0.95;couple:0.4;family:0.3;독립서점;cafe:1.0,2026-08-23 19:50:49,bookstore:1.0;quiet:1.0;indoor:1.0,2,70,📚 혼자만의 시간을 보내기 좋은 조용한 독서 공간
문화공공데이터광장 | 전국 독립서점 및 운영정보,독립서점,글헤는밤,상시,성인 (개인 방문 적합),"(12533) 경기도 양평군 양동면 고송길 35-37 | 위도:37.48476858, 경도:127.7004794",무료입장 (도서 구매 별도),"[글헤는밤] / 북스테이는 1일 1팀 오후4시~오전11시 예약, 오후1시~5시는 동네책방 예약 , 주차 가능, 화장실 남녀 구분, 카페 있음 / 운영정보: 평일개점마감시간 : 13:00~17:00토요일개점마감시간 : 13:00~17:00일요일개점마감시간 : 13:00~17:00 / 전화: 01077958007",https://map.naver.com/v5/search/%EA%B8%80%ED%97%A4%EB%8A%94%EB%B0%A4,single:0.95;couple:0.4;family:0.3;독립서점;cafe:1.0,2026-08-23 19:50:49,bookstore:1.0;quiet:1.0;indoor:1.0,2,70,📚 혼자만의 시간을 보내기 좋은 조용한 독서 공간
문화공공데이터광장 | 전국 독립서점 및 운영정보,독립서점,동반북스,상시,성인 (개인 방문 적합),"(11681) 경기도 의정부시 신촌로6번길 29-22 | 위도:37.74870073, 경도:127.0363002",무료입장 (도서 구매 별도),"[동반북스] / 동물책을 취급하는 소규모 서점 , 독립출판물 있음, 북토크 가능, 독서모임 가능, 강연 가능, 헌책방 있음 / 운영정보: 평일개점마감시간 : 13:00~20:00토요일개점마감시간 : 13:00~20:00일요일개점마감시간 : 13:00~20:00, 휴무일 : 월요일 / 전화: 01089789815",https://map.naver.com/v5/search/%EB%8F%99%EB%B0%98%EB%B6%81%EC%8A%A4,single:0.95;couple:0.4;family:0.3;독립서점;indie_pub:1.0,2026-08-23 19:50:49,bookstore:1.0;quiet:1.0;indoor:1.0,2,70,📚 혼자만의 시간을 보내기 좋은 조용한 독서 공간
문화공공데이터광장 | 전국 독립서점 및 운영정보,독립서점,오월의 푸른하늘,상시,성인 (개인 방문 적합),"(17389) 경기도 이천시 마장면 덕평로877번길 16 | 위도:37.23622813, 경도:127.363779",무료입장 (도서 구매 별도),"[오월의 푸른하늘] / 시골책방, 책밭, 다락방 북스테이 등 , 주차 가능, 독립출판물 있음 / 운영정보: 평일개점마감시간 : 13:00~22:00토요일개점마감시간 : 13:00~22:00일요일개점마감시간 : 13:00~22:00 / 전화: 0316349659",https://map.naver.com/v5/search/%EC%98%A4%EC%9B%94%EC%9D%98%20%ED%91%B8%EB%A5%B8%ED%95%98%EB%8A%98,single:0.95;couple:0.4;family:0.3;독립서점;indie_pub:1.0,2026-08-23 19:50:49,bookstore:1.0;quiet:1.0;indoor:1.0,2,70,📚 혼자만의 시간을 보내기 좋은 조용한 독서 공간
문화공공데이터광장 | 전국 독립서점 및 운영정보,독립서점,아르카북스 스테이,상시,성인 (개인 방문 적합),"(17969) 경기도 평택시 현덕면 덕목5길 122-11 | 위도:36.95641569, 경도:126.9702531",무료입장 (도서 구매 별도),"[아르카북스 스테이] / 1박으로 하루를 지내며 가족과 연인들의 힐링 독서 캠프가 되는 곳 , 주차 가능 / 전화: 01031408695",https://map.naver.com/v5/search/%EC%95%84%EB%A5%B4%EC%B9%B4%EB%B6%81%EC%8A%A4%20%EC%8A%A4%ED%85%8C%EC%9D%B4,single:0.95;couple:0.4;family:0.3;독립서점,2026-08-23 19:50:49,bookstore:1.0;quiet:1.0;indoor:1.0,2,70,📚 혼자만의 시간을 보내기 좋은 조용한 독서 공간
문화공공데이터광장 | 전국 독립서점 및 운영정보,독립서점,희재서사,상시,성인 (개인 방문 적합),"(17006) 경기도 용인시 기흥구 동백5로 22 쥬네브문월드 가동 137호 | 위도:37.27585692, 경도:127.1512767",무료입장 (도서 구매 별도),"[희재서사] / 그림 그리는 책방. 인문학, 문학, 에세이, 예술, 그림책 , 카페 있음, 독립출판물 있음 / 운영정보: 평일개점마감시간 : 10:30~21:00토요일개점마감시간 : 10:30~21:00, 휴무일 : 월요일 / 전화: 01037258021",https://map.naver.com/v5/search/%ED%9D%AC%EC%9E%AC%EC%84%9C%EC%82%AC,single:0.95;couple:0.4;family:0.3;독립서점;cafe:1.0;indie_pub:1.0,2026-08-23 19:50:49,bookstore:1.0;quiet:1.0;indoor:1.0,2,70,📚 혼자만의 시간을 보내기 좋은 조용한 독서 공간
문화공공데이터광장 | 전국 독립서점 및 운영정보,독립서점,북살롱벗,상시,성인 (개인 방문 적합),"(16904) 경기도 용인시 기흥구 신촌로73번길 5-1 102호 | 위도:37.30701869, 경도:127.1127065",무료입장 (도서 구매 별도),"[북살롱벗] / 소셜북스토어. 선물하기 좋은 책을 팝니다. , 공간대여 가능, 독립출판물 있음, 북토크 가능, 독서모임 가능,강연 가능 / 운영정보: 평일개점마감시간 : 10:00~17:00토요일개점마감시간 : 10:00~17:00, 휴무일 : 휴무 인스타 공지 / 전화: 01075897457",https://map.naver.com/v5/search/%EB%B6%81%EC%82%B4%EB%A1%B1%EB%B2%97,single:0.95;couple:0.4;family:0.3;독립서점;indie_pub:1.0,2026-08-23 19:50:49,bookstore:1.0;quiet:1.0;indoor:1.0,2,70,📚 혼자만의 시간을 보내기 좋은 조용한 독서 공간
문화공공데이터광장 | 전국 독립서점 및 운영정보,독립서점,우주소년,상시,성인 (개인 방문 적합),"(16828) 경기도 용인시 수지구 수풍로127번길 5 | 위도:37.33495095, 경도:127.0930346",무료입장 (도서 구매 별도),"[우주소년] / 큐레이션 책방 , 카페 있음, 독립출판물 있음 / 운영정보: 평일개점마감시간 : 11:00~20:00토요일개점마감시간 : 11:00~20:00, 휴무일 : 일요일, 월요일 / 전화: 07047992201",https://map.naver.com/v5/search/%EC%9A%B0%EC%A3%BC%EC%86%8C%EB%85%84,single:0.95;couple:0.4;family:0.3;독립서점;cafe:1.0;indie_pub:1.0,2026-08-23 19:50:49,bookstore:1.0;quiet:1.0;indoor:1.0,2,70,📚 혼자만의 시간을 보내기 좋은 조용한 독서 공간
문화공공데이터광장 | 전국 독립서점 및 운영정보,독립서점,마을회관,상시,성인 (개인 방문 적합),"(16827) 경기도 용인시 수지구 신수로 767 U-Tower A동 408호 | 위도:37.33831681, 경도:127.1017203",무료입장 (도서 구매 별도),"[마을회관] / 평일 오후6시~9시도 운영. 아날로그 책방 , 독립출판물 있음 / 운영정보: 평일개점마감시간 : 12:00~14:00토요일개점마감시간 : 13:00~20:00, 휴무일 : 일요일, 월요일 / 전화: 0317786280",https://map.naver.com/v5/search/%EB%A7%88%EC%9D%84%ED%9A%8C%EA%B4%80,single:0.95;couple:0.4;family:0.3;독립서점;indie_pub:1.0,2026-08-23 19:50:49,bookstore:1.0;quiet:1.0;indoor:1.0,2,70,📚 혼자만의 시간을 보내기 좋은 조용한 독서 공간
문화공공데이터광장 | 전국 독립서점 및 운영정보,독립서점,농부와책방,상시,성인 (개인 방문 적합),"(17155) 경기도 용인시 처인구 양지면 한터로662번길 47 | 위도:37.25713584, 경도:127.2772971",무료입장 (도서 구매 별도),"[농부와책방] / 용인시 인문학 서점, 동네책방 , 카페 있음, 독립출판물 있음 / 운영정보: 평일개점마감시간 : 09:00~17:30토요일개점마감시간 : 09:00~17:30일요일개점마감시간 : 09:00~17:30, 휴무일 : 월요일 / 전화: 0313392348",https://map.naver.com/v5/search/%EB%86%8D%EB%B6%80%EC%99%80%EC%B1%85%EB%B0%A9,single:0.95;couple:0.4;family:0.3;독립서점;cafe:1.0;indie_pub:1.0,2026-08-23 19:50:49,bookstore:1.0;quiet:1.0;indoor:1.0,2,70,📚 혼자만의 시간을 보내기 좋은 조용한 독서 공간
네이버 지역검색 API | 서울 강남구,독립서점,여행책가방,상시,성인 (개인 방문 적합),"서울특별시 강남구 광평로51길 22 한아름상가 205호 | 좌표:1271039293,374892423",장소 문의 (전화/홈페이지 참조),"서울 강남구에 위치한 독립서점 관련 장소 [여행책가방] (쇼핑,유통>서점). 전화: 정보없음",https://blog.naver.com/hellotravelbook,"single:0.95;couple:0.4;family:0.3;쇼핑,유통>서점;독립서점",2026-08-23 19:43:15,bookstore:1.0;quiet:1.0;indoor:1.0,2,70,📚 혼자만의 시간을 보내기 좋은 조용한 독서 공간
네이버 지역검색 API | 서울 강남구,독립서점,노브북스,상시,성인 (개인 방문 적합),"서울특별시 강남구 도산대로 235 1층 | 좌표:1270326467,375215843",장소 문의 (전화/홈페이지 참조),"서울 강남구에 위치한 독립서점 관련 장소 [노브북스] (쇼핑,유통>서점). 전화: 정보없음",https://www.instagram.com/nov_books_9,"single:0.95;couple:0.4;family:0.3;쇼핑,유통>서점;독립서점",2026-08-23 19:43:15,bookstore:1.0;quiet:1.0;indoor:1.0,2,70,📚 혼자만의 시간을 보내기 좋은 조용한 독서 공간
네이버 지역검색 API | 서울 강남구,독립서점,우공이산컴퍼니,상시,성인 (개인 방문 적합),"서울특별시 강남구 압구정로28길 42 401호 | 좌표:1270274732,375237849",장소 문의 (전화/홈페이지 참조),"서울 강남구에 위치한 독립서점 관련 장소 [우공이산컴퍼니] (서비스,산업>장소대여). 전화: 정보없음",https://www.instagram.com/yu.gong.yi.shan,"single:0.95;couple:0.4;family:0.3;서비스,산업>장소대여;독립서점",2026-08-23 19:43:15,bookstore:1.0;quiet:1.0;indoor:1.0,2,70,📚 혼자만의 시간을 보내기 좋은 조용한 독서 공간
네이버 지역검색 API | 서울 강남구,독립서점,도토리책방,상시,성인 (개인 방문 적합),"서울특별시 광진구 아차산로41길 7 1층 101호 | 좌표:1270788141,375381452",장소 문의 (전화/홈페이지 참조),서울 강남구에 위치한 독립서점 관련 장소 [도토리책방] (서점>독립서점). 전화: 정보없음,https://www.instagram.com/dotori_bookstore,single:0.95;couple:0.4;family:0.3;서점>독립서점;독립서점,2026-08-23 19:43:15,bookstore:1.0;quiet:1.0;indoor:1.0,2,70,📚 혼자만의 시간을 보내기 좋은 조용한 독서 공간
네이버 지역검색 API | 서울 강남구,독립서점,비주얼 콜렉트,상시,성인 (개인 방문 적합),"서울특별시 성동구 연무장13길 3 2층 오른쪽호 | 좌표:1270579389,375420006",장소 문의 (전화/홈페이지 참조),서울 강남구에 위치한 독립서점 관련 장소 [비주얼 콜렉트] (서점>독립서점). 전화: 정보없음,https://smartstore.naver.com/visualcollect,single:0.95;couple:0.4;family:0.3;서점>독립서점;독립서점,2026-08-23 19:43:15,bookstore:1.0;quiet:1.0;indoor:1.0,2,70,📚 혼자만의 시간을 보내기 좋은 조용한 독서 공간
네이버 지역검색 API | 서울 강남구,독립서점,북앤레스트,상시,성인 (개인 방문 적합),"서울특별시 강남구 삼성로104길 22 예림빌딩 1층 (서울특별시 강남구 삼성동 153 예림빌딩 1층) | 좌표:1270565584,375110369",장소 문의 (전화/홈페이지 참조),"서울 강남구에 위치한 북카페 관련 장소 [북앤레스트] (카페,디저트>북카페). 전화: 정보없음",http://instagram.com/booknrest,"single:0.85;couple:0.4;family:0.3;카페,디저트>북카페;북카페",2026-08-23 19:43:15,bookstore:0.8;quiet:0.9;indoor:1.0,2,70,📚 혼자만의 시간을 보내기 좋은 조용한 독서 공간
네이버 지역검색 API | 서울 강남구,독립서점,테라로사 포스코센터점,상시,성인 (개인 방문 적합),"서울특별시 강남구 테헤란로 440 포스코센터 1층 | 좌표:1270560829,375060634",장소 문의 (전화/홈페이지 참조),"서울 강남구에 위치한 북카페 관련 장소 [테라로사 포스코센터점] (카페,디저트>카페). 전화: 정보없음",https://terarosa.com,"single:0.85;couple:0.4;family:0.3;카페,디저트>카페;북카페",2026-08-23 19:43:15,bookstore:0.8;quiet:0.9;indoor:1.0,2,70,📚 혼자만의 시간을 보내기 좋은 조용한 독서 공간
네이버 지역검색 API | 서울 강남구,독립서점,북어위크,상시,성인 (개인 방문 적합),"서울특별시 강남구 자곡로11길 28 LH수서2단지 상가 2층, 201호 | 좌표:1271073288,374786262",장소 문의 (전화/홈페이지 참조),"서울 강남구에 위치한 북카페 관련 장소 [북어위크] (음식점>카페,디저트). 전화: 정보없음",https://www.youtube.com/@bookaweek2018,"single:0.85;couple:0.4;family:0.3;음식점>카페,디저트;북카페",2026-08-23 19:43:15,bookstore:0.8;quiet:0.9;indoor:1.0,2,70,📚 혼자만의 시간을 보내기 좋은 조용한 독서 공간
네이버 지역검색 API | 서울 강남구,독립서점,북카페레벤,상시,성인 (개인 방문 적합),"서울특별시 강남구 학동로 116 북카페레벤, 성바오로서원 | 좌표:1270236652,375116105",장소 문의 (전화/홈페이지 참조),"서울 강남구에 위치한 북카페 관련 장소 [북카페레벤] (카페,디저트>북카페). 전화: 정보없음",https://blog.naver.com/bookcafeleben,"single:0.85;couple:0.4;family:0.3;카페,디저트>북카페;북카페",2026-08-23 19:43:15,bookstore:0.8;quiet:0.9;indoor:1.0,2,70,📚 혼자만의 시간을 보내기 좋은 조용한 독서 공간
네이버 지역검색 API | 서울 강남구,독립서점,카페 공명 신사 가로수길점,상시,성인 (개인 방문 적합),"서울특별시 강남구 도산대로15길 32-4 지하1층, 1층, 2층, 3층 | 좌표:1270239065,375206435",장소 문의 (전화/홈페이지 참조),"서울 강남구에 위치한 북카페 관련 장소 [카페 공명 신사 가로수길점] (카페,디저트>카페). 전화: 정보없음",https://cafegm.kr/,"single:0.85;couple:0.4;family:0.3;카페,디저트>카페;북카페",2026-08-23 19:43:15,bookstore:0.8;quiet:0.9;indoor:1.0,2,70,📚 혼자만의 시간을 보내기 좋은 조용한 독서 공간
네이버 지역검색 API | 서울 강남구,조용한 힐링,토즈 모임센터 강남역 회의실타워점,상시,성인 (개인 방문 적합),"서울특별시 강남구 강남대로84길 24-4 1~6층 | 좌표:1270306659,374967416",장소 문의 (전화/홈페이지 참조),"서울 강남구에 위치한 스터디카페 관련 장소 [토즈 모임센터 강남역 회의실타워점] (임대,대여>장소대여). 전화: 정보없음",https://blog.naver.com/toztower_24,"single:0.9;couple:0.4;family:0.3;임대,대여>장소대여;스터디카페",2026-08-23 19:43:15,healing:0.7;quiet:1.0;solo:1.0,2,70,🌿 혼자 사색하며 힐링하기 좋은 장소
네이버 지역검색 API | 서울 강남구,조용한 힐링,토즈모임센터 선릉삼성 회의실공간점,상시,성인 (개인 방문 적합),"서울특별시 강남구 테헤란로70길 14-8 세왕개발빌딩 A동 9층 | 좌표:1270529358,375046218",장소 문의 (전화/홈페이지 참조),"서울 강남구에 위치한 스터디카페 관련 장소 [토즈모임센터 선릉삼성 회의실공간점] (임대,대여>장소대여). 전화: 정보없음",https://blog.naver.com/toz_workforest,"single:0.9;couple:0.4;family:0.3;임대,대여>장소대여;스터디카페",2026-08-23 19:43:15,healing:0.7;quiet:1.0;solo:1.0,2,70,🌿 혼자 사색하며 힐링하기 좋은 장소
네이버 지역검색 API | 서울 강남구,조용한 힐링,카공족 강남일원점,상시,성인 (개인 방문 적합),"서울특별시 강남구 일원로9길 8 4층 | 좌표:1270822035,374893968",장소 문의 (전화/홈페이지 참조),"서울 강남구에 위치한 스터디카페 관련 장소 [카공족 강남일원점] (카페,디저트>스터디카페). 전화: 정보없음",https://www.instagram.com/cagongzok_official,"single:0.9;couple:0.4;family:0.3;카페,디저트>스터디카페;스터디카페",2026-08-23 19:43:15,healing:0.7;quiet:1.0;solo:1.0,2,70,🌿 혼자 사색하며 힐링하기 좋은 장소
네이버 지역검색 API | 서울 강남구,조용한 힐링,에스랩 스터디카페 강남 3호점,상시,성인 (개인 방문 적합),"서울특별시 강남구 강남대로78길 14 신화빌딩 3층 | 좌표:1270305469,374949438",장소 문의 (전화/홈페이지 참조),서울 강남구에 위치한 스터디카페 관련 장소 [에스랩 스터디카페 강남 3호점] (스터디카페). 전화: 정보없음,http://pf.kakao.com/_xmRxoxcj,single:0.9;couple:0.4;family:0.3;스터디카페;스터디카페,2026-08-23 19:43:15,healing:0.7;quiet:1.0;solo:1.0,2,70,🌿 혼자 사색하며 힐링하기 좋은 장소
네이버 지역검색 API | 서울 강남구,조용한 힐링,선릉더모임센터,상시,성인 (개인 방문 적합),"서울특별시 강남구 테헤란로 326 역삼 아이타워 지하 1층 | 좌표:1270471966,375036181",장소 문의 (전화/홈페이지 참조),"서울 강남구에 위치한 스터디카페 관련 장소 [선릉더모임센터] (서비스,산업>장소대여). 전화: 정보없음",http://www.ienbiz.com/,"single:0.9;couple:0.4;family:0.3;서비스,산업>장소대여;스터디카페",2026-08-23 19:43:15,healing:0.7;quiet:1.0;solo:1.0,2,70,🌿 혼자 사색하며 힐링하기 좋은 장소
네이버 지역검색 API | 서울 강남구,조용한 힐링,플래닛 요가 스트레치,상시,성인 (개인 방문 적합),"서울특별시 강남구 테헤란로64길 18 3층 | 좌표:1270512201,375037779",장소 문의 (전화/홈페이지 참조),서울 강남구에 위치한 요가원 관련 장소 [플래닛 요가 스트레치] (스포츠시설>요가원). 전화: 정보없음,https://www.instagram.com/planet_stretch,single:0.8;couple:0.4;family:0.3;스포츠시설>요가원;요가원,2026-08-23 19:43:15,healing:1.0;quiet:0.8;solo:0.9,2,70,🌿 혼자 사색하며 힐링하기 좋은 장소
네이버 지역검색 API | 서울 강남구,조용한 힐링,오앤 요가 필라테스,상시,성인 (개인 방문 적합),"서울특별시 강남구 테헤란로87길 13 서영빌딩9층 | 좌표:1270586395,375086418",장소 문의 (전화/홈페이지 참조),서울 강남구에 위치한 요가원 관련 장소 [오앤 요가 필라테스] (스포츠시설>요가원). 전화: 정보없음,https://smartstore.naver.com/onyogastudio,single:0.8;couple:0.4;family:0.3;스포츠시설>요가원;요가원,2026-08-23 19:43:15,healing:1.0;quiet:0.8;solo:0.9,2,70,🌿 혼자 사색하며 힐링하기 좋은 장소
네이버 지역검색 API | 서울 강남구,조용한 힐링,젠요가 역삼센터,상시,성인 (개인 방문 적합),"서울특별시 강남구 테헤란로19길 5 2층 | 좌표:1270334849,375004637",장소 문의 (전화/홈페이지 참조),서울 강남구에 위치한 요가원 관련 장소 [젠요가 역삼센터] (스포츠시설>요가원). 전화: 정보없음,http://pf.kakao.com/_jmvQj,single:0.8;couple:0.4;family:0.3;스포츠시설>요가원;요가원,2026-08-23 19:43:15,healing:1.0;quiet:0.8;solo:0.9,2,70,🌿 혼자 사색하며 힐링하기 좋은 장소
네이버 지역검색 API | 서울 강남구,조용한 힐링,바바요가 삼성,상시,성인 (개인 방문 적합),"서울특별시 강남구 삼성로115길 22 2층 | 좌표:1270503104,375145450",장소 문의 (전화/홈페이지 참조),서울 강남구에 위치한 요가원 관련 장소 [바바요가 삼성] (스포츠시설>요가원). 전화: 정보없음,https://pf.kakao.com/_rZjMxj,single:0.8;couple:0.4;family:0.3;스포츠시설>요가원;요가원,2026-08-23 19:43:15,healing:1.0;quiet:0.8;solo:0.9,2,70,🌿 혼자 사색하며 힐링하기 좋은 장소
네이버 지역검색 API | 서울 강남구,조용한 힐링,애프터 요가 매봉역점,상시,성인 (개인 방문 적합),"서울특별시 강남구 남부순환로 2730 GS25 빌딩 5층 | 좌표:1270447099,374857512",장소 문의 (전화/홈페이지 참조),서울 강남구에 위치한 요가원 관련 장소 [애프터 요가 매봉역점] (스포츠시설>요가원). 전화: 정보없음,https://blog.naver.com/cmryp,single:0.8;couple:0.4;family:0.3;스포츠시설>요가원;요가원,2026-08-23 19:43:15,healing:1.0;quiet:0.8;solo:0.9,2,70,🌿 혼자 사색하며 힐링하기 좋은 장소
네이버 지역검색 API | 서울 강남구,조용한 힐링,마음수련 명상센터 강남점,상시,성인 (개인 방문 적합),"서울특별시 강남구 테헤란로 403 리치타워 4층 401~402호 | 좌표:1270495325,375050918",장소 문의 (전화/홈페이지 참조),"서울 강남구에 위치한 명상센터 관련 장소 [마음수련 명상센터 강남점] (스포츠,레크레이션교육>요가,명상). 전화: 정보없음",https://trueselfclass.com/,"single:0.85;couple:0.4;family:0.3;스포츠,레크레이션교육>요가,명상;명상센터",2026-08-23 19:43:15,healing:1.0;quiet:1.0;solo:1.0,2,70,🌿 혼자 사색하며 힐링하기 좋은 장소
네이버 지역검색 API | 서울 강남구,조용한 힐링,마음수련 명상센터 청담점,상시,성인 (개인 방문 적합),"서울특별시 강남구 학동로 342 에스케이 허브블루 406호 | 좌표:1270408461,375167495",장소 문의 (전화/홈페이지 참조),"서울 강남구에 위치한 명상센터 관련 장소 [마음수련 명상센터 청담점] (스포츠,레크레이션교육>요가,명상). 전화: 정보없음",https://trueselfclass.com/,"single:0.85;couple:0.4;family:0.3;스포츠,레크레이션교육>요가,명상;명상센터",2026-08-23 19:43:15,healing:1.0;quiet:1.0;solo:1.0,2,70,🌿 혼자 사색하며 힐링하기 좋은 장소
네이버 지역검색 API | 서울 강남구,조용한 힐링,마음수련 명상센터 수서점,상시,성인 (개인 방문 적합),"서울특별시 강남구 광평로51길 8 로얄프라자 401호 | 좌표:1271024711,374883738",장소 문의 (전화/홈페이지 참조),"서울 강남구에 위치한 명상센터 관련 장소 [마음수련 명상센터 수서점] (스포츠,레크레이션교육>요가,명상). 전화: 정보없음",https://trueselfclass.com,"single:0.85;couple:0.4;family:0.3;스포츠,레크레이션교육>요가,명상;명상센터",2026-08-23 19:43:15,healing:1.0;quiet:1.0;solo:1.0,2,70,🌿 혼자 사색하며 힐링하기 좋은 장소
네이버 지역검색 API | 서울 강남구,조용한 힐링,강남힐링센터 신사,상시,성인 (개인 방문 적합),"서울특별시 강남구 논현로155길 13 1, 2, 3, 4, 5층 | 좌표:1270268041,375216495",장소 문의 (전화/홈페이지 참조),"서울 강남구에 위치한 명상센터 관련 장소 [강남힐링센터 신사] (스포츠,레크레이션교육>요가,명상). 전화: 정보없음",https://www.gangnam.go.kr/healing/lectInfo/list.do?key=2411090011&sc_cntrCd=003,"single:0.85;couple:0.4;family:0.3;스포츠,레크레이션교육>요가,명상;명상센터",2026-08-23 19:43:15,healing:1.0;quiet:1.0;solo:1.0,2,70,🌿 혼자 사색하며 힐링하기 좋은 장소
네이버 지역검색 API | 서울 강남구,조용한 힐링,브레인트레이닝센터 강남명상치유점,상시,성인 (개인 방문 적합),"서울특별시 강남구 테헤란로78길 8 6층 | 좌표:1270552450,375056682",장소 문의 (전화/홈페이지 참조),"서울 강남구에 위치한 명상센터 관련 장소 [브레인트레이닝센터 강남명상치유점] (스포츠,레크레이션교육>요가,명상). 전화: 정보없음",https://blog.naver.com/coolwind54_,"single:0.85;couple:0.4;family:0.3;스포츠,레크레이션교육>요가,명상;명상센터",2026-08-23 19:43:15,healing:1.0;quiet:1.0;solo:1.0,2,70,🌿 혼자 사색하며 힐링하기 좋은 장소
네이버 지역검색 API | 서울 강남구,역사·문화,고궁익스프레스 (강남센트럴시티점),상시,성인 (개인 방문 적합),"서울특별시 서초구 신반포로 176 | 좌표:1270034060,375051027",장소 문의 (전화/홈페이지 참조),서울 강남구에 위치한 고궁 관련 장소 [고궁익스프레스 (강남센트럴시티점)] (한식>비빔밥). 전화: 정보없음,https://map.naver.com/v5/search/%EA%B3%A0%EA%B6%81%EC%9D%B5%EC%8A%A4%ED%94%84%EB%A0%88%EC%8A%A4%20%28%EA%B0%95%EB%82%A8%EC%84%BC%ED%8A%B8%EB%9F%B4%EC%8B%9C%ED%8B%B0%EC%A0%90%29,single:0.75;couple:0.4;family:0.3;한식>비빔밥;고궁,2026-08-23 19:43:15,culture:1.0;history:1.0;outdoor:0.6,2,70,🏯 깊이 있게 둘러보기 좋은 역사·문화 명소
네이버 지역검색 API | 서울 강남구,역사·문화,고궁,상시,성인 (개인 방문 적합),"서울특별시 서초구 언남12길 16 | 좌표:1270446868,374737056",장소 문의 (전화/홈페이지 참조),"서울 강남구에 위치한 고궁 관련 장소 [고궁] (쇼핑,유통>과자,사탕,초코렛). 전화: 정보없음",https://map.naver.com/v5/search/%EA%B3%A0%EA%B6%81,"single:0.75;couple:0.4;family:0.3;쇼핑,유통>과자,사탕,초코렛;고궁",2026-08-23 19:43:15,culture:1.0;history:1.0;outdoor:0.6,2,70,🏯 깊이 있게 둘러보기 좋은 역사·문화 명소
네이버 지역검색 API | 서울 강남구,역사·문화,봉은사,상시,성인 (개인 방문 적합),"서울특별시 강남구 봉은사로 531 봉은사 | 좌표:1270576546,375149197",장소 문의 (전화/홈페이지 참조),"서울 강남구에 위치한 사찰 관련 장소 [봉은사] (불교>절,사찰). 전화: 정보없음",http://www.bongeunsa.org/,"single:0.7;couple:0.4;family:0.3;불교>절,사찰;사찰",2026-08-23 19:43:15,culture:1.0;history:0.9;outdoor:0.7,2,70,🏯 깊이 있게 둘러보기 좋은 역사·문화 명소
네이버 지역검색 API | 서울 강남구,역사·문화,능인선원,상시,성인 (개인 방문 적합),"서울특별시 강남구 양재대로 340 능인선원 | 좌표:1270525916,374716779",장소 문의 (전화/홈페이지 참조),"서울 강남구에 위치한 사찰 관련 장소 [능인선원] (불교>절,사찰). 전화: 정보없음",http://www.gotobuddha.org/,"single:0.7;couple:0.4;family:0.3;불교>절,사찰;사찰",2026-08-23 19:43:15,culture:1.0;history:0.9;outdoor:0.7,2,70,🏯 깊이 있게 둘러보기 좋은 역사·문화 명소
네이버 지역검색 API | 서울 강남구,역사·문화,대한불교조계종 전국비구니회관 법룡사,상시,성인 (개인 방문 적합),"서울특별시 강남구 광평로31길 56 전국비구니회관 법룡사 | 좌표:1270884056,374860481",장소 문의 (전화/홈페이지 참조),"서울 강남구에 위치한 사찰 관련 장소 [대한불교조계종 전국비구니회관 법룡사] (불교>절,사찰). 전화: 정보없음",https://kbhiksuni.org/beopyongsa-temple/,"single:0.7;couple:0.4;family:0.3;불교>절,사찰;사찰",2026-08-23 19:43:15,culture:1.0;history:0.9;outdoor:0.7,2,70,🏯 깊이 있게 둘러보기 좋은 역사·문화 명소
네이버 지역검색 API | 서울 강남구,역사·문화,불교총지종 총지사,상시,성인 (개인 방문 적합),"서울특별시 강남구 도곡로25길 35 | 좌표:1270403174,374951043",장소 문의 (전화/홈페이지 참조),"서울 강남구에 위치한 사찰 관련 장소 [불교총지종 총지사] (불교>절,사찰). 전화: 정보없음",http://www.chongji.or.kr/,"single:0.7;couple:0.4;family:0.3;불교>절,사찰;사찰",2026-08-23 19:43:15,culture:1.0;history:0.9;outdoor:0.7,2,70,🏯 깊이 있게 둘러보기 좋은 역사·문화 명소
네이버 지역검색 API | 서울 강남구,역사·문화,불국사,상시,성인 (개인 방문 적합),"서울특별시 강남구 광평로10길 30-71 | 좌표:1270749125,374773763",장소 문의 (전화/홈페이지 참조),"서울 강남구에 위치한 사찰 관련 장소 [불국사] (불교>절,사찰). 전화: 정보없음",https://map.naver.com/v5/search/%EB%B6%88%EA%B5%AD%EC%82%AC,"single:0.7;couple:0.4;family:0.3;불교>절,사찰;사찰",2026-08-23 19:43:15,culture:1.0;history:0.9;outdoor:0.7,2,70,🏯 깊이 있게 둘러보기 좋은 역사·문화 명소
네이버 지역검색 API | 서울 강남구,자연·공원,서울둘레길인증스탬프(대모산입구),상시,성인 (개인 방문 적합),"서울특별시 강남구 수서동 | 좌표:1271022897,374865939",장소 문의 (전화/홈페이지 참조),"서울 강남구에 위치한 둘레길 관련 장소 [서울둘레길인증스탬프(대모산입구)] (여행,명소>거리,골목). 전화: 정보없음",https://map.naver.com/v5/search/%EC%84%9C%EC%9A%B8%EB%91%98%EB%A0%88%EA%B8%B8%EC%9D%B8%EC%A6%9D%EC%8A%A4%ED%83%AC%ED%94%84%28%EB%8C%80%EB%AA%A8%EC%82%B0%EC%9E%85%EA%B5%AC%29,"single:0.8;couple:0.4;family:0.3;여행,명소>거리,골목;둘레길",2026-08-23 19:43:15,nature:1.0;outdoor:1.0;walk:1.0,2,70,🌳 혼자 걷기 좋은 자연 친화 공간
네이버 지역검색 API | 서울 강남구,자연·공원,서울둘레길9코스(대모구룡산),상시,성인 (개인 방문 적합),"서울특별시 강남구 양재대로 478 | 좌표:1270691749,374716958",장소 문의 (전화/홈페이지 참조),"서울 강남구에 위치한 둘레길 관련 장소 [서울둘레길9코스(대모구룡산)] (여행,명소>도보코스). 전화: 정보없음",https://map.naver.com/v5/search/%EC%84%9C%EC%9A%B8%EB%91%98%EB%A0%88%EA%B8%B89%EC%BD%94%EC%8A%A4%28%EB%8C%80%EB%AA%A8%EA%B5%AC%EB%A3%A1%EC%82%B0%29,"single:0.8;couple:0.4;family:0.3;여행,명소>도보코스;둘레길",2026-08-23 19:43:15,nature:1.0;outdoor:1.0;walk:1.0,2,70,🌳 혼자 걷기 좋은 자연 친화 공간
네이버 지역검색 API | 서울 강남구,자연·공원,서울둘레길인증스탬프(광평교),상시,성인 (개인 방문 적합),"서울특별시 강남구 수서동 | 좌표:1271068624,374881930",장소 문의 (전화/홈페이지 참조),"서울 강남구에 위치한 둘레길 관련 장소 [서울둘레길인증스탬프(광평교)] (여행,명소>거리,골목). 전화: 정보없음",https://map.naver.com/v5/search/%EC%84%9C%EC%9A%B8%EB%91%98%EB%A0%88%EA%B8%B8%EC%9D%B8%EC%A6%9D%EC%8A%A4%ED%83%AC%ED%94%84%28%EA%B4%91%ED%8F%89%EA%B5%90%29,"single:0.8;couple:0.4;family:0.3;여행,명소>거리,골목;둘레길",2026-08-23 19:43:15,nature:1.0;outdoor:1.0;walk:1.0,2,70,🌳 혼자 걷기 좋은 자연 친화 공간
네이버 지역검색 API | 서울 강남구,자연·공원,수서역6번출입구,상시,성인 (개인 방문 적합),"서울특별시 강남구 수서동 | 좌표:1271018739,374869291",장소 문의 (전화/홈페이지 참조),서울 강남구에 위치한 둘레길 관련 장소 [수서역6번출입구] (도로시설>방면정보). 전화: 정보없음,https://map.naver.com/v5/search/%EC%88%98%EC%84%9C%EC%97%AD6%EB%B2%88%EC%B6%9C%EC%9E%85%EA%B5%AC,single:0.8;couple:0.4;family:0.3;도로시설>방면정보;둘레길,2026-08-23 19:43:15,nature:1.0;outdoor:1.0;walk:1.0,2,70,🌳 혼자 걷기 좋은 자연 친화 공간
네이버 지역검색 API | 서울 강남구,자연·공원,구룡산입구(구룡산서울둘레길입구)자전거대여소,상시,성인 (개인 방문 적합),"서울특별시 강남구 개포동 | 좌표:1270554607,374745757",장소 문의 (전화/홈페이지 참조),"서울 강남구에 위치한 둘레길 관련 장소 [구룡산입구(구룡산서울둘레길입구)자전거대여소] (임대,대여>자전거). 전화: 정보없음",https://map.naver.com/v5/search/%EA%B5%AC%EB%A3%A1%EC%82%B0%EC%9E%85%EA%B5%AC%28%EA%B5%AC%EB%A3%A1%EC%82%B0%EC%84%9C%EC%9A%B8%EB%91%98%EB%A0%88%EA%B8%B8%EC%9E%85%EA%B5%AC%29%EC%9E%90%EC%A0%84%EA%B1%B0%EB%8C%80%EC%97%AC%EC%86%8C,"single:0.8;couple:0.4;family:0.3;임대,대여>자전거;둘레길",2026-08-23 19:43:15,nature:1.0;outdoor:1.0;walk:1.0,2,70,🌳 혼자 걷기 좋은 자연 친화 공간
네이버 지역검색 API | 서울 강남구,자연·공원,수목원,상시,성인 (개인 방문 적합),"서울특별시 강남구 수서동 산1 | 좌표:1271022351,374864456",장소 문의 (전화/홈페이지 참조),서울 강남구에 위치한 수목원 관련 장소 [수목원] (한식>닭요리). 전화: 정보없음,https://map.naver.com/v5/search/%EC%88%98%EB%AA%A9%EC%9B%90,single:0.75;couple:0.4;family:0.3;한식>닭요리;수목원,2026-08-23 19:43:15,nature:1.0;outdoor:1.0;walk:0.8,2,70,🌳 혼자 걷기 좋은 자연 친화 공간
네이버 지역검색 API | 서울 강남구,자연·공원,수목원빌라,상시,성인 (개인 방문 적합),"서울특별시 강남구 봉은사로74길 6-9 | 좌표:1270514784,375115764",장소 문의 (전화/홈페이지 참조),"서울 강남구에 위치한 수목원 관련 장소 [수목원빌라] (시설,건물>주택). 전화: 정보없음",https://map.naver.com/v5/search/%EC%88%98%EB%AA%A9%EC%9B%90%EB%B9%8C%EB%9D%BC,"single:0.75;couple:0.4;family:0.3;시설,건물>주택;수목원",2026-08-23 19:43:15,nature:1.0;outdoor:1.0;walk:0.8,2,70,🌳 혼자 걷기 좋은 자연 친화 공간
네이버 지역검색 API | 서울 강남구,자연·공원,농업회사법인한국수목원,상시,성인 (개인 방문 적합),"서울특별시 강남구 테헤란로64길 13 | 좌표:1270514390,375042432",장소 문의 (전화/홈페이지 참조),"서울 강남구에 위치한 수목원 관련 장소 [농업회사법인한국수목원] (서비스,산업>농업). 전화: 정보없음",https://map.naver.com/v5/search/%EB%86%8D%EC%97%85%ED%9A%8C%EC%82%AC%EB%B2%95%EC%9D%B8%ED%95%9C%EA%B5%AD%EC%88%98%EB%AA%A9%EC%9B%90,"single:0.75;couple:0.4;family:0.3;서비스,산업>농업;수목원",2026-08-23 19:43:15,nature:1.0;outdoor:1.0;walk:0.8,2,70,🌳 혼자 걷기 좋은 자연 친화 공간
네이버 지역검색 API | 서울 강남구,자연·공원,서울숲,상시,성인 (개인 방문 적합),"서울특별시 성동구 뚝섬로 273 | 좌표:1270385663,375419644",장소 문의 (전화/홈페이지 참조),"서울 강남구에 위치한 수목원 관련 장소 [서울숲] (여행,명소>숲,숲길). 전화: 정보없음",https://parks.seoul.go.kr/,"single:0.75;couple:0.4;family:0.3;여행,명소>숲,숲길;수목원",2026-08-23 19:43:15,nature:1.0;outdoor:1.0;walk:0.8,2,70,🌳 혼자 걷기 좋은 자연 친화 공간
네이버 지역검색 API | 서울 강남구,자연·공원,서울숲 곤충식물원,상시,성인 (개인 방문 적합),"서울특별시 성동구 | 좌표:1270391864,375414557",장소 문의 (전화/홈페이지 참조),"서울 강남구에 위치한 수목원 관련 장소 [서울숲 곤충식물원] (여행,명소>식물원,수목원). 전화: 정보없음",https://map.naver.com/v5/search/%EC%84%9C%EC%9A%B8%EC%88%B2%20%EA%B3%A4%EC%B6%A9%EC%8B%9D%EB%AC%BC%EC%9B%90,"single:0.75;couple:0.4;family:0.3;여행,명소>식물원,수목원;수목원",2026-08-23 19:43:15,nature:1.0;outdoor:1.0;walk:0.8,2,70,🌳 혼자 걷기 좋은 자연 친화 공간
네이버 지역검색 API | 서울 마포구,독립서점,1984,상시,성인 (개인 방문 적합),"서울특별시 마포구 동교로 194 혜원빌딩 1층 | 좌표:1269227907,375574011",장소 문의 (전화/홈페이지 참조),"서울 마포구에 위치한 독립서점 관련 장소 [1984] (음식점>카페,디저트). 전화: 정보없음",http://instagram.com/1984store,"single:0.95;couple:0.4;family:0.3;음식점>카페,디저트;독립서점",2026-08-23 19:43:15,bookstore:1.0;quiet:1.0;indoor:1.0,2,70,📚 혼자만의 시간을 보내기 좋은 조용한 독서 공간
네이버 지역검색 API | 서울 마포구,독립서점,공상온도,상시,성인 (개인 방문 적합),"서울특별시 마포구 동교로23길 40 지하 | 좌표:1269197591,375576420",장소 문의 (전화/홈페이지 참조),"서울 마포구에 위치한 독립서점 관련 장소 [공상온도] (음식점>카페,디저트). 전화: 정보없음",https://daangn.com/kr/link/pickup/menu/43886,"single:0.95;couple:0.4;family:0.3;음식점>카페,디저트;독립서점",2026-08-23 19:43:15,bookstore:1.0;quiet:1.0;indoor:1.0,2,70,📚 혼자만의 시간을 보내기 좋은 조용한 독서 공간
네이버 지역검색 API | 서울 마포구,독립서점,땡스북스,상시,성인 (개인 방문 적합),"서울특별시 마포구 양화로6길 57-6 1층 | 좌표:1269176686,375488904",장소 문의 (전화/홈페이지 참조),"서울 마포구에 위치한 독립서점 관련 장소 [땡스북스] (쇼핑,유통>서점). 전화: 정보없음",https://smartstore.naver.com/thanksbooks,"single:0.95;couple:0.4;family:0.3;쇼핑,유통>서점;독립서점",2026-08-23 19:43:15,bookstore:1.0;quiet:1.0;indoor:1.0,2,70,📚 혼자만의 시간을 보내기 좋은 조용한 독서 공간
네이버 지역검색 API | 서울 마포구,독립서점,책바,상시,성인 (개인 방문 적합),"서울특별시 마포구 포은로 90 301호 | 좌표:1269053047,375551097",장소 문의 (전화/홈페이지 참조),서울 마포구에 위치한 독립서점 관련 장소 [책바] (술집>바(BAR)). 전화: 정보없음,https://app.catchtable.co.kr/ct/shop/chaegbar,single:0.95;couple:0.4;family:0.3;술집>바(BAR);독립서점,2026-08-23 19:43:15,bookstore:1.0;quiet:1.0;indoor:1.0,2,70,📚 혼자만의 시간을 보내기 좋은 조용한 독서 공간
네이버 지역검색 API | 서울 마포구,독립서점,연남서가,상시,성인 (개인 방문 적합),"서울특별시 마포구 성미산로29안길 7 지1층좌측 | 좌표:1269226798,375650602",장소 문의 (전화/홈페이지 참조),서울 마포구에 위치한 독립서점 관련 장소 [연남서가] (서점>독립서점). 전화: 정보없음,http://www.ynbook.co.kr,single:0.95;couple:0.4;family:0.3;서점>독립서점;독립서점,2026-08-23 19:43:15,bookstore:1.0;quiet:1.0;indoor:1.0,2,70,📚 혼자만의 시간을 보내기 좋은 조용한 독서 공간
네이버 지역검색 API | 서울 마포구,독립서점,카페 공명 연남점,상시,성인 (개인 방문 적합),"서울특별시 마포구 연희로 11 1층 카페 공명 연남 | 좌표:1269264344,375600309",장소 문의 (전화/홈페이지 참조),"서울 마포구에 위치한 북카페 관련 장소 [카페 공명 연남점] (음식점>카페,디저트). 전화: 정보없음",https://cafegm.kr/,"single:0.85;couple:0.4;family:0.3;음식점>카페,디저트;북카페",2026-08-23 19:43:15,bookstore:0.8;quiet:0.9;indoor:1.0,2,70,📚 혼자만의 시간을 보내기 좋은 조용한 독서 공간
네이버 지역검색 API | 서울 마포구,독립서점,카페꼼마 합정점,상시,성인 (개인 방문 적합),"서울특별시 마포구 포은로 49 | 좌표:1269068006,375519325",장소 문의 (전화/홈페이지 참조),"서울 마포구에 위치한 북카페 관련 장소 [카페꼼마 합정점] (음식점>카페,디저트). 전화: 정보없음",https://www.instagram.com/cafecomma_official,"single:0.85;couple:0.4;family:0.3;음식점>카페,디저트;북카페",2026-08-23 19:43:15,bookstore:0.8;quiet:0.9;indoor:1.0,2,70,📚 혼자만의 시간을 보내기 좋은 조용한 독서 공간
네이버 지역검색 API | 서울 마포구,독립서점,카페 공명 망원책빵,상시,성인 (개인 방문 적합),"서울특별시 마포구 월드컵로13길 22-3 지하1층, 1층, 2층 | 좌표:1269087154,375556988",장소 문의 (전화/홈페이지 참조),"서울 마포구에 위치한 북카페 관련 장소 [카페 공명 망원책빵] (음식점>카페,디저트). 전화: 정보없음",https://cafegm.kr,"single:0.85;couple:0.4;family:0.3;음식점>카페,디저트;북카페",2026-08-23 19:43:15,bookstore:0.8;quiet:0.9;indoor:1.0,2,70,📚 혼자만의 시간을 보내기 좋은 조용한 독서 공간
네이버 지역검색 API | 서울 마포구,독립서점,렉터스라운지 홍대,상시,성인 (개인 방문 적합),"서울특별시 마포구 와우산로29가길 54-6 지하1층, 지상1층 렉터스라운지 | 좌표:1269266828,375540325",장소 문의 (전화/홈페이지 참조),"서울 마포구에 위치한 북카페 관련 장소 [렉터스라운지 홍대] (음식점>카페,디저트). 전화: 정보없음",https://www.instagram.com/lectus.lounge,"single:0.85;couple:0.4;family:0.3;음식점>카페,디저트;북카페",2026-08-23 19:43:15,bookstore:0.8;quiet:0.9;indoor:1.0,2,70,📚 혼자만의 시간을 보내기 좋은 조용한 독서 공간
네이버 지역검색 API | 서울 마포구,독립서점,채그로,상시,성인 (개인 방문 적합),"서울특별시 마포구 마포대로4다길 31 8층 채그로카페 | 좌표:1269442193,375356886",장소 문의 (전화/홈페이지 참조),"서울 마포구에 위치한 북카페 관련 장소 [채그로] (카페,디저트>북카페). 전화: 정보없음",https://www.instagram.com/check_grow,"single:0.85;couple:0.4;family:0.3;카페,디저트>북카페;북카페",2026-08-23 19:43:15,bookstore:0.8;quiet:0.9;indoor:1.0,2,70,📚 혼자만의 시간을 보내기 좋은 조용한 독서 공간
네이버 지역검색 API | 서울 마포구,조용한 힐링,토즈 모임센터 홍대점,상시,성인 (개인 방문 적합),"서울특별시 마포구 연남로 13 영상빌딩 3층 | 좌표:1269227770,375608537",장소 문의 (전화/홈페이지 참조),"서울 마포구에 위치한 스터디카페 관련 장소 [토즈 모임센터 홍대점] (임대,대여>장소대여). 전화: 정보없음",https://blog.naver.com/tozhongdae,"single:0.9;couple:0.4;family:0.3;임대,대여>장소대여;스터디카페",2026-08-23 19:43:15,healing:0.7;quiet:1.0;solo:1.0,2,70,🌿 혼자 사색하며 힐링하기 좋은 장소
네이버 지역검색 API | 서울 마포구,조용한 힐링,토즈 신촌비즈센터,상시,성인 (개인 방문 적합),"서울특별시 마포구 서강로 136 아이비타워 15층 | 좌표:1269358867,375540253",장소 문의 (전화/홈페이지 참조),"서울 마포구에 위치한 스터디카페 관련 장소 [토즈 신촌비즈센터] (임대,대여>장소대여). 전화: 정보없음",https://www.instagram.com/toz_sinchon,"single:0.9;couple:0.4;family:0.3;임대,대여>장소대여;스터디카페",2026-08-23 19:43:15,healing:0.7;quiet:1.0;solo:1.0,2,70,🌿 혼자 사색하며 힐링하기 좋은 장소
네이버 지역검색 API | 서울 마포구,조용한 힐링,카공족 망원역1호점,상시,성인 (개인 방문 적합),"서울특별시 마포구 동교로13길 20 2층 | 좌표:1269130730,375554805",장소 문의 (전화/홈페이지 참조),"서울 마포구에 위치한 스터디카페 관련 장소 [카공족 망원역1호점] (카페,디저트>스터디카페). 전화: 정보없음",https://www.instagram.com/mangwoncgz,"single:0.9;couple:0.4;family:0.3;카페,디저트>스터디카페;스터디카페",2026-08-23 19:43:15,healing:0.7;quiet:1.0;solo:1.0,2,70,🌿 혼자 사색하며 힐링하기 좋은 장소
네이버 지역검색 API | 서울 마포구,조용한 힐링,두드림 스터디룸,상시,성인 (개인 방문 적합),"서울특별시 마포구 고산길 4 성이빌딩3층 | 좌표:1269376538,375530485",장소 문의 (전화/홈페이지 참조),"서울 마포구에 위치한 스터디카페 관련 장소 [두드림 스터디룸] (서비스,산업>장소대여). 전화: 정보없음",https://www.instagram.com/do_dream_studyroom,"single:0.9;couple:0.4;family:0.3;서비스,산업>장소대여;스터디카페",2026-08-23 19:43:15,healing:0.7;quiet:1.0;solo:1.0,2,70,🌿 혼자 사색하며 힐링하기 좋은 장소
네이버 지역검색 API | 서울 마포구,조용한 힐링,시츠프로브,상시,성인 (개인 방문 적합),"서울특별시 마포구 월드컵북로 94 1층 | 좌표:1269150695,375619832",장소 문의 (전화/홈페이지 참조),"서울 마포구에 위치한 스터디카페 관련 장소 [시츠프로브] (카페,디저트>카페). 전화: 정보없음",https://www.instagram.com/cafe_sitzprobe,"single:0.9;couple:0.4;family:0.3;카페,디저트>카페;스터디카페",2026-08-23 19:43:15,healing:0.7;quiet:1.0;solo:1.0,2,70,🌿 혼자 사색하며 힐링하기 좋은 장소
네이버 지역검색 API | 서울 마포구,조용한 힐링,복샘요가 &amp; 플라잉 마포역점,상시,성인 (개인 방문 적합),"서울특별시 마포구 토정로 320 주원빌딩 5층 | 좌표:1269439361,375393621",장소 문의 (전화/홈페이지 참조),서울 마포구에 위치한 요가원 관련 장소 [복샘요가 &amp; 플라잉 마포역점] (스포츠시설>요가원). 전화: 정보없음,https://blog.naver.com/boksaemyoga,single:0.8;couple:0.4;family:0.3;스포츠시설>요가원;요가원,2026-08-23 19:43:15,healing:1.0;quiet:0.8;solo:0.9,2,70,🌿 혼자 사색하며 힐링하기 좋은 장소
네이버 지역검색 API | 서울 마포구,조용한 힐링,요가쿨라,상시,성인 (개인 방문 적합),"서울특별시 마포구 와우산로29마길 24-1 2층 | 좌표:1269261923,375552501",장소 문의 (전화/홈페이지 참조),서울 마포구에 위치한 요가원 관련 장소 [요가쿨라] (스포츠시설>요가원). 전화: 정보없음,https://blog.naver.com/comet1264,single:0.8;couple:0.4;family:0.3;스포츠시설>요가원;요가원,2026-08-23 19:43:15,healing:1.0;quiet:0.8;solo:0.9,2,70,🌿 혼자 사색하며 힐링하기 좋은 장소
네이버 지역검색 API | 서울 마포구,조용한 힐링,복샘요가 전통요가 광흥창점,상시,성인 (개인 방문 적합),"서울특별시 마포구 토정로 195 2층 | 좌표:1269327302,375455574",장소 문의 (전화/홈페이지 참조),서울 마포구에 위치한 요가원 관련 장소 [복샘요가 전통요가 광흥창점] (스포츠시설>요가원). 전화: 정보없음,https://blog.naver.com/boksaemyoga,single:0.8;couple:0.4;family:0.3;스포츠시설>요가원;요가원,2026-08-23 19:43:15,healing:1.0;quiet:0.8;solo:0.9,2,70,🌿 혼자 사색하며 힐링하기 좋은 장소
네이버 지역검색 API | 서울 마포구,조용한 힐링,사트얌요가 공덕점,상시,성인 (개인 방문 적합),"서울특별시 마포구 새창로 40 5층 사트얌요가 | 좌표:1269540392,375412451",장소 문의 (전화/홈페이지 참조),서울 마포구에 위치한 요가원 관련 장소 [사트얌요가 공덕점] (스포츠시설>요가원). 전화: 정보없음,https://www.instagram.com/satyamyoga_seoul?igsh=eHhjbHRkenk2NWph,single:0.8;couple:0.4;family:0.3;스포츠시설>요가원;요가원,2026-08-23 19:43:15,healing:1.0;quiet:0.8;solo:0.9,2,70,🌿 혼자 사색하며 힐링하기 좋은 장소
네이버 지역검색 API | 서울 마포구,조용한 힐링,AAS YOGA &amp; LIFE,상시,성인 (개인 방문 적합),"서울특별시 마포구 양화진2길 13 3층 | 좌표:1269118739,375479761",장소 문의 (전화/홈페이지 참조),서울 마포구에 위치한 요가원 관련 장소 [AAS YOGA &amp; LIFE] (스포츠시설>요가원). 전화: 정보없음,https://www.instagram.com/agast_art_studio,single:0.8;couple:0.4;family:0.3;스포츠시설>요가원;요가원,2026-08-23 19:43:15,healing:1.0;quiet:0.8;solo:0.9,2,70,🌿 혼자 사색하며 힐링하기 좋은 장소
네이버 지역검색 API | 서울 마포구,조용한 힐링,마음수련 명상센터 홍대점,상시,성인 (개인 방문 적합),"서울특별시 마포구 와우산로 117 2층 | 좌표:1269264402,375534045",장소 문의 (전화/홈페이지 참조),"서울 마포구에 위치한 명상센터 관련 장소 [마음수련 명상센터 홍대점] (스포츠,레크레이션교육>요가,명상). 전화: 정보없음",https://blog.naver.com/meditationlife,"single:0.85;couple:0.4;family:0.3;스포츠,레크레이션교육>요가,명상;명상센터",2026-08-23 19:43:15,healing:1.0;quiet:1.0;solo:1.0,2,70,🌿 혼자 사색하며 힐링하기 좋은 장소
네이버 지역검색 API | 서울 마포구,조용한 힐링,마음수련 명상센터 상암점,상시,성인 (개인 방문 적합),"서울특별시 마포구 성암로11길 56 마포중동청구아파트상가 3층 303호 | 좌표:1269013393,375741429",장소 문의 (전화/홈페이지 참조),"서울 마포구에 위치한 명상센터 관련 장소 [마음수련 명상센터 상암점] (스포츠,레크레이션교육>요가,명상). 전화: 정보없음",https://trueselfclass.com/,"single:0.85;couple:0.4;family:0.3;스포츠,레크레이션교육>요가,명상;명상센터",2026-08-23 19:43:15,healing:1.0;quiet:1.0;solo:1.0,2,70,🌿 혼자 사색하며 힐링하기 좋은 장소
네이버 지역검색 API | 서울 마포구,조용한 힐링,금빛요가명상센터,상시,성인 (개인 방문 적합),"서울특별시 마포구 백범로 205 105동 1층 104호 | 좌표:1269535482,375431382",장소 문의 (전화/홈페이지 참조),"서울 마포구에 위치한 명상센터 관련 장소 [금빛요가명상센터] (스포츠,레크레이션교육>요가,명상). 전화: 정보없음",http://pf.kakao.com/_xacfGG,"single:0.85;couple:0.4;family:0.3;스포츠,레크레이션교육>요가,명상;명상센터",2026-08-23 19:43:15,healing:1.0;quiet:1.0;solo:1.0,2,70,🌿 혼자 사색하며 힐링하기 좋은 장소
네이버 지역검색 API | 서울 마포구,조용한 힐링,브레인트레이닝센터 공덕명상점,상시,성인 (개인 방문 적합),"서울특별시 마포구 마포대로8길 9 영명빌딩 2층 브레인트레이닝센터 공덕점 | 좌표:1269538339,375465343",장소 문의 (전화/홈페이지 참조),"서울 마포구에 위치한 명상센터 관련 장소 [브레인트레이닝센터 공덕명상점] (스포츠,레크레이션교육>요가,명상). 전화: 정보없음",https://youtube.com/@김다원의브레인허그,"single:0.85;couple:0.4;family:0.3;스포츠,레크레이션교육>요가,명상;명상센터",2026-08-23 19:43:15,healing:1.0;quiet:1.0;solo:1.0,2,70,🌿 혼자 사색하며 힐링하기 좋은 장소
네이버 지역검색 API | 서울 마포구,조용한 힐링,아함 요가센터,상시,성인 (개인 방문 적합),"서울특별시 마포구 성미산로2길 43 401호 | 좌표:1269105704,375565897",장소 문의 (전화/홈페이지 참조),"서울 마포구에 위치한 명상센터 관련 장소 [아함 요가센터] (스포츠,레크레이션교육>요가,명상). 전화: 정보없음",http://cafe.daum.net/Gangadevi,"single:0.85;couple:0.4;family:0.3;스포츠,레크레이션교육>요가,명상;명상센터",2026-08-23 19:43:15,healing:1.0;quiet:1.0;solo:1.0,2,70,🌿 혼자 사색하며 힐링하기 좋은 장소
네이버 지역검색 API | 서울 마포구,역사·문화,비아꼬레아,상시,성인 (개인 방문 적합),"서울특별시 마포구 마포대로4다길 18 | 좌표:1269439972,375361588",장소 문의 (전화/홈페이지 참조),"서울 마포구에 위치한 고궁 관련 장소 [비아꼬레아] (서비스,산업>여행사). 전화: 정보없음",http://www.seulstorytour.com/ko/,"single:0.75;couple:0.4;family:0.3;서비스,산업>여행사;고궁",2026-08-23 19:43:15,culture:1.0;history:1.0;outdoor:0.6,2,70,🏯 깊이 있게 둘러보기 좋은 역사·문화 명소
네이버 지역검색 API | 서울 마포구,역사·문화,고궁떡집,상시,성인 (개인 방문 적합),"서울특별시 양천구 목동동로 387 105호 | 좌표:1268798962,375355848",장소 문의 (전화/홈페이지 참조),"서울 마포구에 위치한 고궁 관련 장소 [고궁떡집] (전통식품>떡,한과). 전화: 정보없음",http://	kokung.wdw.kr,"single:0.75;couple:0.4;family:0.3;전통식품>떡,한과;고궁",2026-08-23 19:43:15,culture:1.0;history:1.0;outdoor:0.6,2,70,🏯 깊이 있게 둘러보기 좋은 역사·문화 명소
네이버 지역검색 API | 서울 마포구,역사·문화,고궁빌라,상시,성인 (개인 방문 적합),"서울특별시 서대문구 세검정로4가길 37 | 좌표:1269514880,375941990",장소 문의 (전화/홈페이지 참조),"서울 마포구에 위치한 고궁 관련 장소 [고궁빌라] (시설,건물>주택). 전화: 정보없음",https://map.naver.com/v5/search/%EA%B3%A0%EA%B6%81%EB%B9%8C%EB%9D%BC,"single:0.75;couple:0.4;family:0.3;시설,건물>주택;고궁",2026-08-23 19:43:15,culture:1.0;history:1.0;outdoor:0.6,2,70,🏯 깊이 있게 둘러보기 좋은 역사·문화 명소
네이버 지역검색 API | 서울 마포구,역사·문화,서화한복,상시,성인 (개인 방문 적합),"서울특별시 종로구 사직로 137 지층 | 좌표:1269739658,375760345",장소 문의 (전화/홈페이지 참조),"서울 마포구에 위치한 고궁 관련 장소 [서화한복] (임대,대여>한복대여). 전화: 정보없음",http://www.instagram.com/seohwahanbok,"single:0.75;couple:0.4;family:0.3;임대,대여>한복대여;고궁",2026-08-23 19:43:15,culture:1.0;history:1.0;outdoor:0.6,2,70,🏯 깊이 있게 둘러보기 좋은 역사·문화 명소
네이버 지역검색 API | 서울 마포구,역사·문화,원데이한복,상시,성인 (개인 방문 적합),"서울특별시 종로구 사직로 137 지하층 | 좌표:1269738667,375760543",장소 문의 (전화/홈페이지 참조),"서울 마포구에 위치한 고궁 관련 장소 [원데이한복] (임대,대여>한복대여). 전화: 정보없음",http://www.onedayhanbok.com/,"single:0.75;couple:0.4;family:0.3;임대,대여>한복대여;고궁",2026-08-23 19:43:15,culture:1.0;history:1.0;outdoor:0.6,2,70,🏯 깊이 있게 둘러보기 좋은 역사·문화 명소
네이버 지역검색 API | 서울 마포구,역사·문화,만덕사,상시,성인 (개인 방문 적합),"서울특별시 마포구 서강로18길 22 | 좌표:1269357701,375530782",장소 문의 (전화/홈페이지 참조),"서울 마포구에 위치한 사찰 관련 장소 [만덕사] (불교>절,사찰). 전화: 정보없음",https://map.naver.com/v5/search/%EB%A7%8C%EB%8D%95%EC%82%AC,"single:0.7;couple:0.4;family:0.3;불교>절,사찰;사찰",2026-08-23 19:43:15,culture:1.0;history:0.9;outdoor:0.7,2,70,🏯 깊이 있게 둘러보기 좋은 역사·문화 명소
네이버 지역검색 API | 서울 마포구,역사·문화,석불사,상시,성인 (개인 방문 적합),"서울특별시 마포구 마포대로4다길 23-6 | 좌표:1269447527,375359351",장소 문의 (전화/홈페이지 참조),"서울 마포구에 위치한 사찰 관련 장소 [석불사] (불교>절,사찰). 전화: 정보없음",https://www.facebook.com/seokbulsa/about,"single:0.7;couple:0.4;family:0.3;불교>절,사찰;사찰",2026-08-23 19:43:15,culture:1.0;history:0.9;outdoor:0.7,2,70,🏯 깊이 있게 둘러보기 좋은 역사·문화 명소
네이버 지역검색 API | 서울 마포구,역사·문화,성림사,상시,성인 (개인 방문 적합),"서울특별시 마포구 월드컵북로15안길 15 | 좌표:1269115420,375629760",장소 문의 (전화/홈페이지 참조),"서울 마포구에 위치한 사찰 관련 장소 [성림사] (불교>절,사찰). 전화: 정보없음",http://성림사.net,"single:0.7;couple:0.4;family:0.3;불교>절,사찰;사찰",2026-08-23 19:43:15,culture:1.0;history:0.9;outdoor:0.7,2,70,🏯 깊이 있게 둘러보기 좋은 역사·문화 명소
네이버 지역검색 API | 서울 마포구,역사·문화,법화사,상시,성인 (개인 방문 적합),"서울특별시 마포구 상암동 24-6 | 좌표:1268980625,375733000",장소 문의 (전화/홈페이지 참조),"서울 마포구에 위치한 사찰 관련 장소 [법화사] (불교>절,사찰). 전화: 정보없음",https://blog.naver.com/bubhwasa1,"single:0.7;couple:0.4;family:0.3;불교>절,사찰;사찰",2026-08-23 19:43:15,culture:1.0;history:0.9;outdoor:0.7,2,70,🏯 깊이 있게 둘러보기 좋은 역사·문화 명소
네이버 지역검색 API | 서울 마포구,역사·문화,법화경수행원,상시,성인 (개인 방문 적합),"서울특별시 마포구 대흥로 24 | 좌표:1269378900,375430550",장소 문의 (전화/홈페이지 참조),"서울 마포구에 위치한 사찰 관련 장소 [법화경수행원] (불교>절,사찰). 전화: 정보없음",https://map.naver.com/v5/search/%EB%B2%95%ED%99%94%EA%B2%BD%EC%88%98%ED%96%89%EC%9B%90,"single:0.7;couple:0.4;family:0.3;불교>절,사찰;사찰",2026-08-23 19:43:15,culture:1.0;history:0.9;outdoor:0.7,2,70,🏯 깊이 있게 둘러보기 좋은 역사·문화 명소
네이버 지역검색 API | 서울 마포구,자연·공원,서울둘레길15코스(노을하늘공원),상시,성인 (개인 방문 적합),"서울특별시 마포구 상암동 482-49 | 좌표:1268803249,375671266",장소 문의 (전화/홈페이지 참조),"서울 마포구에 위치한 둘레길 관련 장소 [서울둘레길15코스(노을하늘공원)] (여행,명소>도보코스). 전화: 정보없음",https://map.naver.com/v5/search/%EC%84%9C%EC%9A%B8%EB%91%98%EB%A0%88%EA%B8%B815%EC%BD%94%EC%8A%A4%28%EB%85%B8%EC%9D%84%ED%95%98%EB%8A%98%EA%B3%B5%EC%9B%90%29,"single:0.8;couple:0.4;family:0.3;여행,명소>도보코스;둘레길",2026-08-23 19:43:15,nature:1.0;outdoor:1.0;walk:1.0,2,70,🌳 혼자 걷기 좋은 자연 친화 공간
네이버 지역검색 API | 서울 마포구,자연·공원,양산도 등촌점,상시,성인 (개인 방문 적합),"서울특별시 강서구 공항대로 519 1층 101호 | 좌표:1268641314,375516701",장소 문의 (전화/홈페이지 참조),서울 마포구에 위치한 둘레길 관련 장소 [양산도 등촌점] (음식점>일식>일식당). 전화: 정보없음,https://app.catchtable.co.kr/ct/shop/ysngsando_deungchon,single:0.8;couple:0.4;family:0.3;음식점>일식>일식당;둘레길,2026-08-23 19:43:15,nature:1.0;outdoor:1.0;walk:1.0,2,70,🌳 혼자 걷기 좋은 자연 친화 공간
네이버 지역검색 API | 서울 마포구,자연·공원,안산자락길,상시,성인 (개인 방문 적합),"서울특별시 서대문구 봉원사길 75-66 | 좌표:1269465278,375743780",장소 문의 (전화/홈페이지 참조),"서울 마포구에 위치한 둘레길 관련 장소 [안산자락길] (여행,명소>산책로). 전화: 정보없음",https://map.naver.com/v5/search/%EC%95%88%EC%82%B0%EC%9E%90%EB%9D%BD%EA%B8%B8,"single:0.8;couple:0.4;family:0.3;여행,명소>산책로;둘레길",2026-08-23 19:43:15,nature:1.0;outdoor:1.0;walk:1.0,2,70,🌳 혼자 걷기 좋은 자연 친화 공간
네이버 지역검색 API | 서울 마포구,자연·공원,서울둘레길14코스(안양천하류),상시,성인 (개인 방문 적합),"서울특별시 영등포구 양평동 504-1 | 좌표:1268832755,375265889",장소 문의 (전화/홈페이지 참조),"서울 마포구에 위치한 둘레길 관련 장소 [서울둘레길14코스(안양천하류)] (여행,명소>도보코스). 전화: 정보없음",https://map.naver.com/v5/search/%EC%84%9C%EC%9A%B8%EB%91%98%EB%A0%88%EA%B8%B814%EC%BD%94%EC%8A%A4%28%EC%95%88%EC%96%91%EC%B2%9C%ED%95%98%EB%A5%98%29,"single:0.8;couple:0.4;family:0.3;여행,명소>도보코스;둘레길",2026-08-23 19:43:15,nature:1.0;outdoor:1.0;walk:1.0,2,70,🌳 혼자 걷기 좋은 자연 친화 공간
네이버 지역검색 API | 서울 마포구,자연·공원,서울둘레길인증스탬프(가양대교남단),상시,성인 (개인 방문 적합),"서울특별시 강서구 가양동 | 좌표:1268564305,375638440",장소 문의 (전화/홈페이지 참조),"서울 마포구에 위치한 둘레길 관련 장소 [서울둘레길인증스탬프(가양대교남단)] (여행,명소>거리,골목). 전화: 정보없음",https://map.naver.com/v5/search/%EC%84%9C%EC%9A%B8%EB%91%98%EB%A0%88%EA%B8%B8%EC%9D%B8%EC%A6%9D%EC%8A%A4%ED%83%AC%ED%94%84%28%EA%B0%80%EC%96%91%EB%8C%80%EA%B5%90%EB%82%A8%EB%8B%A8%29,"single:0.8;couple:0.4;family:0.3;여행,명소>거리,골목;둘레길",2026-08-23 19:43:15,nature:1.0;outdoor:1.0;walk:1.0,2,70,🌳 혼자 걷기 좋은 자연 친화 공간
네이버 지역검색 API | 서울 마포구,자연·공원,난빛정원,상시,성인 (개인 방문 적합),"서울특별시 마포구 증산로 32 | 좌표:1268927042,375633310",장소 문의 (전화/홈페이지 참조),"서울 마포구에 위치한 수목원 관련 장소 [난빛정원] (여행,명소>식물원,수목원). 전화: 정보없음",https://map.naver.com/v5/search/%EB%82%9C%EB%B9%9B%EC%A0%95%EC%9B%90,"single:0.75;couple:0.4;family:0.3;여행,명소>식물원,수목원;수목원",2026-08-23 19:43:15,nature:1.0;outdoor:1.0;walk:0.8,2,70,🌳 혼자 걷기 좋은 자연 친화 공간
네이버 지역검색 API | 서울 마포구,자연·공원,장미정원,상시,성인 (개인 방문 적합),"서울특별시 마포구 | 좌표:1269517911,375443402",장소 문의 (전화/홈페이지 참조),"서울 마포구에 위치한 수목원 관련 장소 [장미정원] (여행,명소>식물원,수목원). 전화: 정보없음",https://map.naver.com/v5/search/%EC%9E%A5%EB%AF%B8%EC%A0%95%EC%9B%90,"single:0.75;couple:0.4;family:0.3;여행,명소>식물원,수목원;수목원",2026-08-23 19:43:15,nature:1.0;outdoor:1.0;walk:0.8,2,70,🌳 혼자 걷기 좋은 자연 친화 공간
네이버 지역검색 API | 서울 마포구,자연·공원,디자인수목원,상시,성인 (개인 방문 적합),"서울특별시 마포구 성미산로 155 | 좌표:1269235222,375645690",장소 문의 (전화/홈페이지 참조),"서울 마포구에 위치한 수목원 관련 장소 [디자인수목원] (광고,마케팅>광고대행). 전화: 정보없음",http://soomokwon.net/,"single:0.75;couple:0.4;family:0.3;광고,마케팅>광고대행;수목원",2026-08-23 19:43:15,nature:1.0;outdoor:1.0;walk:0.8,2,70,🌳 혼자 걷기 좋은 자연 친화 공간
네이버 지역검색 API | 서울 마포구,자연·공원,선유도공원,상시,성인 (개인 방문 적합),"서울특별시 영등포구 선유로 343 | 좌표:1269001400,375434180",장소 문의 (전화/홈페이지 참조),"서울 마포구에 위치한 수목원 관련 장소 [선유도공원] (여행,명소>근린공원). 전화: 정보없음",https://parks.seoul.go.kr/content.do?key=2604300019,"single:0.75;couple:0.4;family:0.3;여행,명소>근린공원;수목원",2026-08-23 19:43:15,nature:1.0;outdoor:1.0;walk:0.8,2,70,🌳 혼자 걷기 좋은 자연 친화 공간
네이버 지역검색 API | 서울 마포구,자연·공원,당산공원이끼정원,상시,성인 (개인 방문 적합),"서울특별시 영등포구 당산로27길 12 | 좌표:1268958763,375254314",장소 문의 (전화/홈페이지 참조),"서울 마포구에 위치한 수목원 관련 장소 [당산공원이끼정원] (여행,명소>식물원,수목원). 전화: 정보없음",https://map.naver.com/v5/search/%EB%8B%B9%EC%82%B0%EA%B3%B5%EC%9B%90%EC%9D%B4%EB%81%BC%EC%A0%95%EC%9B%90,"single:0.75;couple:0.4;family:0.3;여행,명소>식물원,수목원;수목원",2026-08-23 19:43:15,nature:1.0;outdoor:1.0;walk:0.8,2,70,🌳 혼자 걷기 좋은 자연 친화 공간
네이버 지역검색 API | 서울 종로구,독립서점,오브젝트 삼청점,상시,성인 (개인 방문 적합),"서울특별시 종로구 북촌로5길 6 1층 | 좌표:1269845655,375794185",장소 문의 (전화/홈페이지 참조),"서울 종로구에 위치한 독립서점 관련 장소 [오브젝트 삼청점] (쇼핑,유통>종합생활용품). 전화: 정보없음",https://www.facebook.com/insideobject,"single:0.95;couple:0.4;family:0.3;쇼핑,유통>종합생활용품;독립서점",2026-08-23 19:43:15,bookstore:1.0;quiet:1.0;indoor:1.0,2,70,📚 혼자만의 시간을 보내기 좋은 조용한 독서 공간
네이버 지역검색 API | 서울 종로구,독립서점,서촌 그 책방,상시,성인 (개인 방문 적합),"서울특별시 종로구 자하문로5가길 30-1 서울시 종로구 자하문로 5가길 30-1 | 좌표:1269703352,375787586",장소 문의 (전화/홈페이지 참조),서울 종로구에 위치한 독립서점 관련 장소 [서촌 그 책방] (서점>독립서점). 전화: 정보없음,http://instagram.com/seochonbooks,single:0.95;couple:0.4;family:0.3;서점>독립서점;독립서점,2026-08-23 19:43:15,bookstore:1.0;quiet:1.0;indoor:1.0,2,70,📚 혼자만의 시간을 보내기 좋은 조용한 독서 공간
네이버 지역검색 API | 서울 종로구,독립서점,창신책방,상시,성인 (개인 방문 적합),"서울특별시 종로구 종로51길 23-17 1층 | 좌표:1270114309,375729203",장소 문의 (전화/홈페이지 참조),서울 종로구에 위치한 독립서점 관련 장소 [창신책방] (서점>독립서점). 전화: 정보없음,https://map.naver.com/v5/search/%EC%B0%BD%EC%8B%A0%EC%B1%85%EB%B0%A9,single:0.95;couple:0.4;family:0.3;서점>독립서점;독립서점,2026-08-23 19:43:15,bookstore:1.0;quiet:1.0;indoor:1.0,2,70,📚 혼자만의 시간을 보내기 좋은 조용한 독서 공간
네이버 지역검색 API | 서울 종로구,독립서점,수북강녕,상시,성인 (개인 방문 적합),"서울특별시 종로구 창덕궁길 106 2층 | 좌표:1269895809,375821796",장소 문의 (전화/홈페이지 참조),서울 종로구에 위치한 독립서점 관련 장소 [수북강녕] (서점>독립서점). 전화: 정보없음,https://www.instagram.com/soobook2022,single:0.95;couple:0.4;family:0.3;서점>독립서점;독립서점,2026-08-23 19:43:15,bookstore:1.0;quiet:1.0;indoor:1.0,2,70,📚 혼자만의 시간을 보내기 좋은 조용한 독서 공간
네이버 지역검색 API | 서울 종로구,독립서점,책책,상시,성인 (개인 방문 적합),"서울특별시 종로구 자하문로1나길 11 책책 | 좌표:1269715326,375770091",장소 문의 (전화/홈페이지 참조),서울 종로구에 위치한 독립서점 관련 장소 [책책] (서점>독립서점). 전화: 정보없음,https://www.instagram.com/chaegchaeg,single:0.95;couple:0.4;family:0.3;서점>독립서점;독립서점,2026-08-23 19:43:15,bookstore:1.0;quiet:1.0;indoor:1.0,2,70,📚 혼자만의 시간을 보내기 좋은 조용한 독서 공간
네이버 지역검색 API | 서울 종로구,독립서점,더숲 초소책방,상시,성인 (개인 방문 적합),"서울특별시 종로구 인왕산로 172 | 좌표:1269642050,375859414",장소 문의 (전화/홈페이지 참조),"서울 종로구에 위치한 북카페 관련 장소 [더숲 초소책방] (카페,디저트>카페). 전화: 정보없음",https://deosup.com/42,"single:0.85;couple:0.4;family:0.3;카페,디저트>카페;북카페",2026-08-23 19:43:15,bookstore:0.8;quiet:0.9;indoor:1.0,2,70,📚 혼자만의 시간을 보내기 좋은 조용한 독서 공간
네이버 지역검색 API | 서울 종로구,독립서점,나지트,상시,성인 (개인 방문 적합),"서울특별시 종로구 창경궁로26길 33 1층 | 좌표:1269995271,375818385",장소 문의 (전화/홈페이지 참조),"서울 종로구에 위치한 북카페 관련 장소 [나지트] (음식점>카페,디저트). 전화: 정보없음",https://www.instagram.com/yournazit,"single:0.85;couple:0.4;family:0.3;음식점>카페,디저트;북카페",2026-08-23 19:43:15,bookstore:0.8;quiet:0.9;indoor:1.0,2,70,📚 혼자만의 시간을 보내기 좋은 조용한 독서 공간
네이버 지역검색 API | 서울 종로구,독립서점,베란다,상시,성인 (개인 방문 적합),"서울특별시 종로구 사직로10길 9-4 | 좌표:1269705503,375753694",장소 문의 (전화/홈페이지 참조),"서울 종로구에 위치한 북카페 관련 장소 [베란다] (음식점>카페,디저트). 전화: 정보없음",https://www.instagram.com/veranda_seoul,"single:0.85;couple:0.4;family:0.3;음식점>카페,디저트;북카페",2026-08-23 19:43:15,bookstore:0.8;quiet:0.9;indoor:1.0,2,70,📚 혼자만의 시간을 보내기 좋은 조용한 독서 공간
네이버 지역검색 API | 서울 종로구,독립서점,카페 수달,상시,성인 (개인 방문 적합),"서울특별시 종로구 율곡로 49-14 | 좌표:1269844135,375766924",장소 문의 (전화/홈페이지 참조),"서울 종로구에 위치한 북카페 관련 장소 [카페 수달] (음식점>카페,디저트). 전화: 정보없음",https://www.instagram.com/cafe_sudal,"single:0.85;couple:0.4;family:0.3;음식점>카페,디저트;북카페",2026-08-23 19:43:15,bookstore:0.8;quiet:0.9;indoor:1.0,2,70,📚 혼자만의 시간을 보내기 좋은 조용한 독서 공간
네이버 지역검색 API | 서울 종로구,독립서점,파이키,상시,성인 (개인 방문 적합),"서울특별시 종로구 서순라길 81 파이키 | 좌표:1269923772,375739414",장소 문의 (전화/홈페이지 참조),"서울 종로구에 위치한 북카페 관련 장소 [파이키] (카페,디저트>북카페). 전화: 정보없음",https://www.instagram.com/fikee.seoul,"single:0.85;couple:0.4;family:0.3;카페,디저트>북카페;북카페",2026-08-23 19:43:15,bookstore:0.8;quiet:0.9;indoor:1.0,2,70,📚 혼자만의 시간을 보내기 좋은 조용한 독서 공간
네이버 지역검색 API | 서울 종로구,조용한 힐링,토즈모임센터 광화문점,상시,성인 (개인 방문 적합),"서울특별시 종로구 새문안로 89 601호 | 좌표:1269745322,375704736",장소 문의 (전화/홈페이지 참조),"서울 종로구에 위치한 스터디카페 관련 장소 [토즈모임센터 광화문점] (임대,대여>장소대여). 전화: 정보없음",https://blog.naver.com/tozghm0022,"single:0.9;couple:0.4;family:0.3;임대,대여>장소대여;스터디카페",2026-08-23 19:43:15,healing:0.7;quiet:1.0;solo:1.0,2,70,🌿 혼자 사색하며 힐링하기 좋은 장소
네이버 지역검색 API | 서울 종로구,조용한 힐링,열정공장,상시,성인 (개인 방문 적합),"서울특별시 종로구 대학로11길 20 우리빌딩 5층 | 좌표:1270005383,375823913",장소 문의 (전화/홈페이지 참조),"서울 종로구에 위치한 스터디카페 관련 장소 [열정공장] (서비스,산업>장소대여). 전화: 정보없음",https://blog.naver.com/sm5530,"single:0.9;couple:0.4;family:0.3;서비스,산업>장소대여;스터디카페",2026-08-23 19:43:15,healing:0.7;quiet:1.0;solo:1.0,2,70,🌿 혼자 사색하며 힐링하기 좋은 장소
네이버 지역검색 API | 서울 종로구,조용한 힐링,토니씨의 작업실,상시,성인 (개인 방문 적합),"서울특별시 종로구 성균관로 13 2층 | 좌표:1269977295,375838744",장소 문의 (전화/홈페이지 참조),"서울 종로구에 위치한 스터디카페 관련 장소 [토니씨의 작업실] (음식점>카페,디저트). 전화: 정보없음",https://jakupsil-seoul.co.kr,"single:0.9;couple:0.4;family:0.3;음식점>카페,디저트;스터디카페",2026-08-23 19:43:15,healing:0.7;quiet:1.0;solo:1.0,2,70,🌿 혼자 사색하며 힐링하기 좋은 장소
네이버 지역검색 API | 서울 종로구,조용한 힐링,종로스터디카페 피앤티스퀘어,상시,성인 (개인 방문 적합),"서울특별시 종로구 수표로 105 육의전빌딩 지하2층 | 좌표:1269891559,375706064",장소 문의 (전화/홈페이지 참조),"서울 종로구에 위치한 스터디카페 관련 장소 [종로스터디카페 피앤티스퀘어] (서비스,산업>장소대여). 전화: 정보없음",https://map.naver.com/v5/search/%EC%A2%85%EB%A1%9C%EC%8A%A4%ED%84%B0%EB%94%94%EC%B9%B4%ED%8E%98%20%ED%94%BC%EC%95%A4%ED%8B%B0%EC%8A%A4%ED%80%98%EC%96%B4,"single:0.9;couple:0.4;family:0.3;서비스,산업>장소대여;스터디카페",2026-08-23 19:43:15,healing:0.7;quiet:1.0;solo:1.0,2,70,🌿 혼자 사색하며 힐링하기 좋은 장소
네이버 지역검색 API | 서울 종로구,조용한 힐링,랭스터디카페 대학로점,상시,성인 (개인 방문 적합),"서울특별시 종로구 대학로10길 15-11 3층 | 좌표:1270028211,375822844",장소 문의 (전화/홈페이지 참조),"서울 종로구에 위치한 스터디카페 관련 장소 [랭스터디카페 대학로점] (서비스,산업>장소대여). 전화: 정보없음",https://spacecloud.kr/space/18002,"single:0.9;couple:0.4;family:0.3;서비스,산업>장소대여;스터디카페",2026-08-23 19:43:15,healing:0.7;quiet:1.0;solo:1.0,2,70,🌿 혼자 사색하며 힐링하기 좋은 장소
네이버 지역검색 API | 서울 종로구,조용한 힐링,아마비아요가 종로점,상시,성인 (개인 방문 적합),"서울특별시 종로구 삼일대로17길 51 7층 아마비아요가 종로점 | 좌표:1269846374,375691016",장소 문의 (전화/홈페이지 참조),서울 종로구에 위치한 요가원 관련 장소 [아마비아요가 종로점] (스포츠시설>요가원). 전화: 정보없음,https://blog.naver.com/amavia_/223934724784,single:0.8;couple:0.4;family:0.3;스포츠시설>요가원;요가원,2026-08-23 19:43:15,healing:1.0;quiet:0.8;solo:0.9,2,70,🌿 혼자 사색하며 힐링하기 좋은 장소
네이버 지역검색 API | 서울 종로구,조용한 힐링,해방요가,상시,성인 (개인 방문 적합),"서울특별시 종로구 경희궁1길 33-14 1층 | 좌표:1269688702,375729323",장소 문의 (전화/홈페이지 참조),서울 종로구에 위치한 요가원 관련 장소 [해방요가] (스포츠시설>요가원). 전화: 정보없음,http://pf.kakao.com/_xgaxfxgG,single:0.8;couple:0.4;family:0.3;스포츠시설>요가원;요가원,2026-08-23 19:43:15,healing:1.0;quiet:0.8;solo:0.9,2,70,🌿 혼자 사색하며 힐링하기 좋은 장소
네이버 지역검색 API | 서울 종로구,조용한 힐링,스티타요가,상시,성인 (개인 방문 적합),"서울특별시 종로구 평창12길 3 4층 402호 | 좌표:1269672314,376061821",장소 문의 (전화/홈페이지 참조),서울 종로구에 위치한 요가원 관련 장소 [스티타요가] (스포츠시설>요가원). 전화: 정보없음,https://www.instagram.com/sthita_yoga,single:0.8;couple:0.4;family:0.3;스포츠시설>요가원;요가원,2026-08-23 19:43:15,healing:1.0;quiet:0.8;solo:0.9,2,70,🌿 혼자 사색하며 힐링하기 좋은 장소
네이버 지역검색 API | 서울 종로구,조용한 힐링,보일드요가,상시,성인 (개인 방문 적합),"서울특별시 종로구 율곡로4길 6 3층 | 좌표:1269820910,375752842",장소 문의 (전화/홈페이지 참조),서울 종로구에 위치한 요가원 관련 장소 [보일드요가] (스포츠시설>요가원). 전화: 정보없음,https://Boiledyoga.com,single:0.8;couple:0.4;family:0.3;스포츠시설>요가원;요가원,2026-08-23 19:43:15,healing:1.0;quiet:0.8;solo:0.9,2,70,🌿 혼자 사색하며 힐링하기 좋은 장소
네이버 지역검색 API | 서울 종로구,조용한 힐링,니드요가,상시,성인 (개인 방문 적합),"서울특별시 종로구 율곡로 52 4층 | 좌표:1269853995,375762485",장소 문의 (전화/홈페이지 참조),서울 종로구에 위치한 요가원 관련 장소 [니드요가] (스포츠시설>요가원). 전화: 정보없음,http://instagram.com/needyoga_studio,single:0.8;couple:0.4;family:0.3;스포츠시설>요가원;요가원,2026-08-23 19:43:15,healing:1.0;quiet:0.8;solo:0.9,2,70,🌿 혼자 사색하며 힐링하기 좋은 장소
네이버 지역검색 API | 서울 종로구,조용한 힐링,마음수련 명상센터 대학로점,상시,성인 (개인 방문 적합),"서울특별시 종로구 성균관로 12 304호 | 좌표:1269981823,375839747",장소 문의 (전화/홈페이지 참조),"서울 종로구에 위치한 명상센터 관련 장소 [마음수련 명상센터 대학로점] (스포츠,레크레이션교육>요가,명상). 전화: 정보없음",https://trueselfclass.com/,"single:0.85;couple:0.4;family:0.3;스포츠,레크레이션교육>요가,명상;명상센터",2026-08-23 19:43:15,healing:1.0;quiet:1.0;solo:1.0,2,70,🌿 혼자 사색하며 힐링하기 좋은 장소
네이버 지역검색 API | 서울 종로구,조용한 힐링,묵티나트명상센터,상시,성인 (개인 방문 적합),"서울특별시 종로구 삼청로10길 12 2층 | 좌표:1269820079,375878655",장소 문의 (전화/홈페이지 참조),"서울 종로구에 위치한 명상센터 관련 장소 [묵티나트명상센터] (스포츠,레크레이션교육>요가,명상). 전화: 정보없음",https://map.naver.com/v5/search/%EB%AC%B5%ED%8B%B0%EB%82%98%ED%8A%B8%EB%AA%85%EC%83%81%EC%84%BC%ED%84%B0,"single:0.85;couple:0.4;family:0.3;스포츠,레크레이션교육>요가,명상;명상센터",2026-08-23 19:43:15,healing:1.0;quiet:1.0;solo:1.0,2,70,🌿 혼자 사색하며 힐링하기 좋은 장소
네이버 지역검색 API | 서울 종로구,조용한 힐링,광화문천부경명상센터,상시,성인 (개인 방문 적합),"서울특별시 종로구 삼봉로 81 413호 | 좌표:1269815061,375725618",장소 문의 (전화/홈페이지 참조),"서울 종로구에 위치한 명상센터 관련 장소 [광화문천부경명상센터] (스포츠,레크레이션교육>요가,명상). 전화: 정보없음",https://blog.naver.com/cbkgwanghwa,"single:0.85;couple:0.4;family:0.3;스포츠,레크레이션교육>요가,명상;명상센터",2026-08-23 19:43:15,healing:1.0;quiet:1.0;solo:1.0,2,70,🌿 혼자 사색하며 힐링하기 좋은 장소
네이버 지역검색 API | 서울 종로구,조용한 힐링,히말라야 명상센터,상시,성인 (개인 방문 적합),"서울특별시 종로구 새문안로5가길 11 옥빌딩 | 좌표:1269738263,375731455",장소 문의 (전화/홈페이지 참조),"서울 종로구에 위치한 명상센터 관련 장소 [히말라야 명상센터] (스포츠,레크레이션교육>요가,명상). 전화: 정보없음",http://www.sanskrit.or.kr/,"single:0.85;couple:0.4;family:0.3;스포츠,레크레이션교육>요가,명상;명상센터",2026-08-23 19:43:15,healing:1.0;quiet:1.0;solo:1.0,2,70,🌿 혼자 사색하며 힐링하기 좋은 장소
네이버 지역검색 API | 서울 종로구,조용한 힐링,라운지 아카식,상시,성인 (개인 방문 적합),"서울특별시 종로구 북촌로1길 30-11 2층 | 좌표:1269839456,375778085",장소 문의 (전화/홈페이지 참조),"서울 종로구에 위치한 명상센터 관련 장소 [라운지 아카식] (서비스,산업>장소대여). 전화: 정보없음",https://www.instagram.com/lounge_akashic,"single:0.85;couple:0.4;family:0.3;서비스,산업>장소대여;명상센터",2026-08-23 19:43:15,healing:1.0;quiet:1.0;solo:1.0,2,70,🌿 혼자 사색하며 힐링하기 좋은 장소
네이버 지역검색 API | 서울 종로구,역사·문화,국립고궁박물관,상시,성인 (개인 방문 적합),"서울특별시 종로구 효자로 12 국립고궁박물관 | 좌표:1269750486,375765261",장소 문의 (전화/홈페이지 참조),"서울 종로구에 위치한 고궁 관련 장소 [국립고궁박물관] (여행,명소>박물관). 전화: 정보없음",http://www.gogung.go.kr/,"single:0.75;couple:0.4;family:0.3;여행,명소>박물관;고궁",2026-08-23 19:43:15,culture:1.0;history:1.0;outdoor:0.6,2,70,🏯 깊이 있게 둘러보기 좋은 역사·문화 명소
네이버 지역검색 API | 서울 종로구,역사·문화,고궁의아침 서울대병원,상시,성인 (개인 방문 적합),"서울특별시 종로구 창경궁로 158 고궁의아침 서울대병원 | 좌표:1269975450,375762428",장소 문의 (전화/홈페이지 참조),"서울 종로구에 위치한 고궁 관련 장소 [고궁의아침 서울대병원] (한식>육류,고기요리). 전화: 정보없음",https://blog.naver.com/gogungmorning,"single:0.75;couple:0.4;family:0.3;한식>육류,고기요리;고궁",2026-08-23 19:43:15,culture:1.0;history:1.0;outdoor:0.6,2,70,🏯 깊이 있게 둘러보기 좋은 역사·문화 명소
네이버 지역검색 API | 서울 종로구,역사·문화,이디야커피 국립고궁박물관점,상시,성인 (개인 방문 적합),"서울특별시 종로구 효자로 12 국립고궁박물관 1층 | 좌표:1269749749,375765916",장소 문의 (전화/홈페이지 참조),"서울 종로구에 위치한 고궁 관련 장소 [이디야커피 국립고궁박물관점] (카페,디저트>카페). 전화: 정보없음",https://blog.naver.com/ediya-coffee,"single:0.75;couple:0.4;family:0.3;카페,디저트>카페;고궁",2026-08-23 19:43:15,culture:1.0;history:1.0;outdoor:0.6,2,70,🏯 깊이 있게 둘러보기 좋은 역사·문화 명소
네이버 지역검색 API | 서울 종로구,역사·문화,사랑 고궁박물관,상시,성인 (개인 방문 적합),"서울특별시 종로구 효자로 12 국립고궁박물관 1층 | 좌표:1269749223,375766677",장소 문의 (전화/홈페이지 참조),"서울 종로구에 위치한 고궁 관련 장소 [사랑 고궁박물관] (카페,디저트>카페). 전화: 정보없음",http://www.gogung.go.kr/,"single:0.75;couple:0.4;family:0.3;카페,디저트>카페;고궁",2026-08-23 19:43:15,culture:1.0;history:1.0;outdoor:0.6,2,70,🏯 깊이 있게 둘러보기 좋은 역사·문화 명소
네이버 지역검색 API | 서울 종로구,역사·문화,경복궁 고궁뜨락,상시,성인 (개인 방문 적합),"서울특별시 종로구 효자로 12 | 좌표:1269749224,375766678",장소 문의 (전화/홈페이지 참조),"서울 종로구에 위치한 고궁 관련 장소 [경복궁 고궁뜨락] (음식점>카페,디저트). 전화: 정보없음",https://map.naver.com/v5/search/%EA%B2%BD%EB%B3%B5%EA%B6%81%20%EA%B3%A0%EA%B6%81%EB%9C%A8%EB%9D%BD,"single:0.75;couple:0.4;family:0.3;음식점>카페,디저트;고궁",2026-08-23 19:43:15,culture:1.0;history:1.0;outdoor:0.6,2,70,🏯 깊이 있게 둘러보기 좋은 역사·문화 명소
네이버 지역검색 API | 서울 종로구,역사·문화,조계사,상시,성인 (개인 방문 적합),"서울특별시 종로구 우정국로 55 | 좌표:1269818548,375737806",장소 문의 (전화/홈페이지 참조),"서울 종로구에 위치한 사찰 관련 장소 [조계사] (불교>절,사찰). 전화: 정보없음",https://blog.naver.com/jogyesa_1st,"single:0.7;couple:0.4;family:0.3;불교>절,사찰;사찰",2026-08-23 19:43:15,culture:1.0;history:0.9;outdoor:0.7,2,70,🏯 깊이 있게 둘러보기 좋은 역사·문화 명소
네이버 지역검색 API | 서울 종로구,역사·문화,승가사,상시,성인 (개인 방문 적합),"서울특별시 종로구 비봉4길 213 | 좌표:1269606714,376266867",장소 문의 (전화/홈페이지 참조),"서울 종로구에 위치한 사찰 관련 장소 [승가사] (불교>절,사찰). 전화: 정보없음",https://map.naver.com/v5/search/%EC%8A%B9%EA%B0%80%EC%82%AC,"single:0.7;couple:0.4;family:0.3;불교>절,사찰;사찰",2026-08-23 19:43:15,culture:1.0;history:0.9;outdoor:0.7,2,70,🏯 깊이 있게 둘러보기 좋은 역사·문화 명소
네이버 지역검색 API | 서울 종로구,역사·문화,금선사,상시,성인 (개인 방문 적합),"서울특별시 종로구 비봉길 137 | 좌표:1269533993,376207078",장소 문의 (전화/홈페이지 참조),"서울 종로구에 위치한 사찰 관련 장소 [금선사] (불교>절,사찰). 전화: 정보없음",http://www.geumsunsa.org/main.php,"single:0.7;couple:0.4;family:0.3;불교>절,사찰;사찰",2026-08-23 19:43:15,culture:1.0;history:0.9;outdoor:0.7,2,70,🏯 깊이 있게 둘러보기 좋은 역사·문화 명소
네이버 지역검색 API | 서울 종로구,역사·문화,대각사,상시,성인 (개인 방문 적합),"서울특별시 종로구 율곡로10길 87 대각사 | 좌표:1269920449,375736760",장소 문의 (전화/홈페이지 참조),"서울 종로구에 위치한 사찰 관련 장소 [대각사] (불교>절,사찰). 전화: 정보없음",https://map.naver.com/v5/search/%EB%8C%80%EA%B0%81%EC%82%AC,"single:0.7;couple:0.4;family:0.3;불교>절,사찰;사찰",2026-08-23 19:43:15,culture:1.0;history:0.9;outdoor:0.7,2,70,🏯 깊이 있게 둘러보기 좋은 역사·문화 명소
네이버 지역검색 API | 서울 종로구,역사·문화,법련사,상시,성인 (개인 방문 적합),"서울특별시 종로구 삼청로 10 법련사 | 좌표:1269798999,375768859",장소 문의 (전화/홈페이지 참조),"서울 종로구에 위치한 사찰 관련 장소 [법련사] (불교>절,사찰). 전화: 정보없음",https://blog.naver.com/bubryunsa,"single:0.7;couple:0.4;family:0.3;불교>절,사찰;사찰",2026-08-23 19:43:15,culture:1.0;history:0.9;outdoor:0.7,2,70,🏯 깊이 있게 둘러보기 좋은 역사·문화 명소
네이버 지역검색 API | 서울 종로구,자연·공원,서울한양도성길1코스(백악구간),상시,성인 (개인 방문 적합),"서울특별시 종로구 와룡공원길 41 | 좌표:1269861123,375936511",장소 문의 (전화/홈페이지 참조),"서울 종로구에 위치한 둘레길 관련 장소 [서울한양도성길1코스(백악구간)] (거리,골목>도보코스). 전화: 정보없음",https://map.naver.com/v5/search/%EC%84%9C%EC%9A%B8%ED%95%9C%EC%96%91%EB%8F%84%EC%84%B1%EA%B8%B81%EC%BD%94%EC%8A%A4%28%EB%B0%B1%EC%95%85%EA%B5%AC%EA%B0%84%29,"single:0.8;couple:0.4;family:0.3;거리,골목>도보코스;둘레길",2026-08-23 19:43:15,nature:1.0;outdoor:1.0;walk:1.0,2,70,🌳 혼자 걷기 좋은 자연 친화 공간
네이버 지역검색 API | 서울 종로구,자연·공원,서울둘레길18코스(북한산종로),상시,성인 (개인 방문 적합),"서울특별시 종로구 평창동 575 | 좌표:1269626749,376110083",장소 문의 (전화/홈페이지 참조),"서울 종로구에 위치한 둘레길 관련 장소 [서울둘레길18코스(북한산종로)] (여행,명소>도보코스). 전화: 정보없음",https://map.naver.com/v5/search/%EC%84%9C%EC%9A%B8%EB%91%98%EB%A0%88%EA%B8%B818%EC%BD%94%EC%8A%A4%28%EB%B6%81%ED%95%9C%EC%82%B0%EC%A2%85%EB%A1%9C%29,"single:0.8;couple:0.4;family:0.3;여행,명소>도보코스;둘레길",2026-08-23 19:43:15,nature:1.0;outdoor:1.0;walk:1.0,2,70,🌳 혼자 걷기 좋은 자연 친화 공간
네이버 지역검색 API | 서울 종로구,자연·공원,서울둘레길인증스탬프(형제봉입구),상시,성인 (개인 방문 적합),"서울특별시 종로구 평창동 | 좌표:1269820936,376127904",장소 문의 (전화/홈페이지 참조),"서울 종로구에 위치한 둘레길 관련 장소 [서울둘레길인증스탬프(형제봉입구)] (여행,명소>거리,골목). 전화: 정보없음",https://map.naver.com/v5/search/%EC%84%9C%EC%9A%B8%EB%91%98%EB%A0%88%EA%B8%B8%EC%9D%B8%EC%A6%9D%EC%8A%A4%ED%83%AC%ED%94%84%28%ED%98%95%EC%A0%9C%EB%B4%89%EC%9E%85%EA%B5%AC%29,"single:0.8;couple:0.4;family:0.3;여행,명소>거리,골목;둘레길",2026-08-23 19:43:15,nature:1.0;outdoor:1.0;walk:1.0,2,70,🌳 혼자 걷기 좋은 자연 친화 공간
네이버 지역검색 API | 서울 종로구,자연·공원,서울한양도성길2코스(낙산구간)인증스탬프,상시,성인 (개인 방문 적합),"서울특별시 종로구 창신동 | 좌표:1270097771,375708906",장소 문의 (전화/홈페이지 참조),"서울 종로구에 위치한 둘레길 관련 장소 [서울한양도성길2코스(낙산구간)인증스탬프] (여행,명소>거리,골목). 전화: 정보없음",https://map.naver.com/v5/search/%EC%84%9C%EC%9A%B8%ED%95%9C%EC%96%91%EB%8F%84%EC%84%B1%EA%B8%B82%EC%BD%94%EC%8A%A4%28%EB%82%99%EC%82%B0%EA%B5%AC%EA%B0%84%29%EC%9D%B8%EC%A6%9D%EC%8A%A4%ED%83%AC%ED%94%84,"single:0.8;couple:0.4;family:0.3;여행,명소>거리,골목;둘레길",2026-08-23 19:43:15,nature:1.0;outdoor:1.0;walk:1.0,2,70,🌳 혼자 걷기 좋은 자연 친화 공간
네이버 지역검색 API | 서울 종로구,자연·공원,서울한양도성길4코스(인왕구간)인증사진,상시,성인 (개인 방문 적합),"서울특별시 종로구 옥인동 | 좌표:1269580427,375849108",장소 문의 (전화/홈페이지 참조),"서울 종로구에 위치한 둘레길 관련 장소 [서울한양도성길4코스(인왕구간)인증사진] (여행,명소>거리,골목). 전화: 정보없음",https://map.naver.com/v5/search/%EC%84%9C%EC%9A%B8%ED%95%9C%EC%96%91%EB%8F%84%EC%84%B1%EA%B8%B84%EC%BD%94%EC%8A%A4%28%EC%9D%B8%EC%99%95%EA%B5%AC%EA%B0%84%29%EC%9D%B8%EC%A6%9D%EC%82%AC%EC%A7%84,"single:0.8;couple:0.4;family:0.3;여행,명소>거리,골목;둘레길",2026-08-23 19:43:15,nature:1.0;outdoor:1.0;walk:1.0,2,70,🌳 혼자 걷기 좋은 자연 친화 공간
네이버 지역검색 API | 서울 종로구,자연·공원,창경궁자생식물학습장,상시,성인 (개인 방문 적합),"서울특별시 종로구 창경궁로 185 | 좌표:1269949568,375826629",장소 문의 (전화/홈페이지 참조),"서울 종로구에 위치한 수목원 관련 장소 [창경궁자생식물학습장] (여행,명소>식물원,수목원). 전화: 정보없음",https://map.naver.com/v5/search/%EC%B0%BD%EA%B2%BD%EA%B6%81%EC%9E%90%EC%83%9D%EC%8B%9D%EB%AC%BC%ED%95%99%EC%8A%B5%EC%9E%A5,"single:0.75;couple:0.4;family:0.3;여행,명소>식물원,수목원;수목원",2026-08-23 19:43:15,nature:1.0;outdoor:1.0;walk:0.8,2,70,🌳 혼자 걷기 좋은 자연 친화 공간
네이버 지역검색 API | 서울 종로구,자연·공원,인왕산수목원약수터 개방화장실,상시,성인 (개인 방문 적합),"서울특별시 종로구 옥인동 179-1 | 좌표:1269636139,375817799",장소 문의 (전화/홈페이지 참조),서울 종로구에 위치한 수목원 관련 장소 [인왕산수목원약수터 개방화장실] (화장실). 전화: 정보없음,https://map.naver.com/v5/search/%EC%9D%B8%EC%99%95%EC%82%B0%EC%88%98%EB%AA%A9%EC%9B%90%EC%95%BD%EC%88%98%ED%84%B0%20%EA%B0%9C%EB%B0%A9%ED%99%94%EC%9E%A5%EC%8B%A4,single:0.75;couple:0.4;family:0.3;화장실;수목원,2026-08-23 19:43:15,nature:1.0;outdoor:1.0;walk:0.8,2,70,🌳 혼자 걷기 좋은 자연 친화 공간
네이버 지역검색 API | 서울 종로구,자연·공원,창경궁,상시,성인 (개인 방문 적합),"서울특별시 종로구 창경궁로 185 창경궁 | 좌표:1269941420,375794951",장소 문의 (전화/홈페이지 참조),"서울 종로구에 위치한 수목원 관련 장소 [창경궁] (여행,명소>궁궐). 전화: 정보없음",https://royal.khs.go.kr/cgg,"single:0.75;couple:0.4;family:0.3;여행,명소>궁궐;수목원",2026-08-23 19:43:15,nature:1.0;outdoor:1.0;walk:0.8,2,70,🌳 혼자 걷기 좋은 자연 친화 공간
네이버 지역검색 API | 서울 종로구,자연·공원,창경궁 대온실,상시,성인 (개인 방문 적합),"서울특별시 종로구 창경궁로 185 | 좌표:1269940019,375829799",장소 문의 (전화/홈페이지 참조),"서울 종로구에 위치한 수목원 관련 장소 [창경궁 대온실] (문화,유적>부속시설). 전화: 정보없음",https://map.naver.com/v5/search/%EC%B0%BD%EA%B2%BD%EA%B6%81%20%EB%8C%80%EC%98%A8%EC%8B%A4,"single:0.75;couple:0.4;family:0.3;문화,유적>부속시설;수목원",2026-08-23 19:43:15,nature:1.0;outdoor:1.0;walk:0.8,2,70,🌳 혼자 걷기 좋은 자연 친화 공간
네이버 지역검색 API | 서울 종로구,자연·공원,왕십리2동마을정원,상시,성인 (개인 방문 적합),"서울특별시 성동구 | 좌표:1270298808,375639507",장소 문의 (전화/홈페이지 참조),"서울 종로구에 위치한 수목원 관련 장소 [왕십리2동마을정원] (여행,명소>식물원,수목원). 전화: 정보없음",https://map.naver.com/v5/search/%EC%99%95%EC%8B%AD%EB%A6%AC2%EB%8F%99%EB%A7%88%EC%9D%84%EC%A0%95%EC%9B%90,"single:0.75;couple:0.4;family:0.3;여행,명소>식물원,수목원;수목원",2026-08-23 19:43:15,nature:1.0;outdoor:1.0;walk:0.8,2,70,🌳 혼자 걷기 좋은 자연 친화 공간
네이버 지역검색 API | 서울 용산구,독립서점,스토리지북앤필름,상시,성인 (개인 방문 적합),"서울특별시 용산구 신흥로 115-1 1층 | 좌표:1269831410,375447467",장소 문의 (전화/홈페이지 참조),서울 용산구에 위치한 독립서점 관련 장소 [스토리지북앤필름] (서점>독립서점). 전화: 정보없음,http://www.storagebookandfilm.com,single:0.95;couple:0.4;family:0.3;서점>독립서점;독립서점,2026-08-23 19:43:15,bookstore:1.0;quiet:1.0;indoor:1.0,2,70,📚 혼자만의 시간을 보내기 좋은 조용한 독서 공간
네이버 지역검색 API | 서울 용산구,독립서점,별책부록,상시,성인 (개인 방문 적합),"서울특별시 용산구 신흥로16길 7 1층 | 좌표:1269870101,375449280",장소 문의 (전화/홈페이지 참조),"서울 용산구에 위치한 독립서점 관련 장소 [별책부록] (쇼핑,유통>서점). 전화: 정보없음",https://blog.naver.com/byeolcheck,"single:0.95;couple:0.4;family:0.3;쇼핑,유통>서점;독립서점",2026-08-23 19:43:15,bookstore:1.0;quiet:1.0;indoor:1.0,2,70,📚 혼자만의 시간을 보내기 좋은 조용한 독서 공간
네이버 지역검색 API | 서울 용산구,독립서점,스토리지북앤필름 로터리점,상시,성인 (개인 방문 적합),"서울특별시 용산구 신흥로36길 5 1층 | 좌표:1269819502,375465214",장소 문의 (전화/홈페이지 참조),서울 용산구에 위치한 독립서점 관련 장소 [스토리지북앤필름 로터리점] (서점>독립서점). 전화: 정보없음,https://www.instagram.com/at_storage,single:0.95;couple:0.4;family:0.3;서점>독립서점;독립서점,2026-08-23 19:43:15,bookstore:1.0;quiet:1.0;indoor:1.0,2,70,📚 혼자만의 시간을 보내기 좋은 조용한 독서 공간
네이버 지역검색 API | 서울 용산구,독립서점,픽셀 퍼 인치,상시,성인 (개인 방문 적합),"서울특별시 용산구 한강대로54길 7 301호 | 좌표:1269720577,375328467",장소 문의 (전화/홈페이지 참조),서울 용산구에 위치한 독립서점 관련 장소 [픽셀 퍼 인치] (서점>독립서점). 전화: 정보없음,https://pixelperinch.com,single:0.95;couple:0.4;family:0.3;서점>독립서점;독립서점,2026-08-23 19:43:15,bookstore:1.0;quiet:1.0;indoor:1.0,2,70,📚 혼자만의 시간을 보내기 좋은 조용한 독서 공간
네이버 지역검색 API | 서울 용산구,독립서점,고요서사,상시,성인 (개인 방문 적합),"서울특별시 용산구 신흥로15길 18-4 1층 고요서사 | 좌표:1269858463,375443689",장소 문의 (전화/홈페이지 참조),"서울 용산구에 위치한 독립서점 관련 장소 [고요서사] (쇼핑,유통>서점). 전화: 정보없음",https://goyoseosa.co.kr,"single:0.95;couple:0.4;family:0.3;쇼핑,유통>서점;독립서점",2026-08-23 19:43:15,bookstore:1.0;quiet:1.0;indoor:1.0,2,70,📚 혼자만의 시간을 보내기 좋은 조용한 독서 공간
네이버 지역검색 API | 서울 용산구,독립서점,북파크라운지,상시,성인 (개인 방문 적합),"서울특별시 용산구 이태원로 294 블루스퀘어 3층 북파크라운지 | 좌표:1270024193,375409711",장소 문의 (전화/홈페이지 참조),"서울 용산구에 위치한 북카페 관련 장소 [북파크라운지] (카페,디저트>북카페). 전화: 정보없음",https://www.instagram.com/nol.theater/,"single:0.85;couple:0.4;family:0.3;카페,디저트>북카페;북카페",2026-08-23 19:43:15,bookstore:0.8;quiet:0.9;indoor:1.0,2,70,📚 혼자만의 시간을 보내기 좋은 조용한 독서 공간
네이버 지역검색 API | 서울 용산구,독립서점,장마가 시작될 때,상시,성인 (개인 방문 적합),"서울특별시 용산구 회나무로28길 6-3 지하1층 | 좌표:1269916529,375392935",장소 문의 (전화/홈페이지 참조),"서울 용산구에 위치한 북카페 관련 장소 [장마가 시작될 때] (음식점>카페,디저트). 전화: 정보없음",https://map.naver.com/v5/search/%EC%9E%A5%EB%A7%88%EA%B0%80%20%EC%8B%9C%EC%9E%91%EB%90%A0%20%EB%95%8C,"single:0.85;couple:0.4;family:0.3;음식점>카페,디저트;북카페",2026-08-23 19:43:15,bookstore:0.8;quiet:0.9;indoor:1.0,2,70,📚 혼자만의 시간을 보내기 좋은 조용한 독서 공간
네이버 지역검색 API | 서울 용산구,독립서점,텐티북스 &amp; 카페,상시,성인 (개인 방문 적합),"서울특별시 용산구 이태원로 4 | 좌표:1269745254,375350215",장소 문의 (전화/홈페이지 참조),"서울 용산구에 위치한 북카페 관련 장소 [텐티북스 &amp; 카페] (음식점>카페,디저트). 전화: 정보없음",http://tiantibooks.co.kr,"single:0.85;couple:0.4;family:0.3;음식점>카페,디저트;북카페",2026-08-23 19:43:15,bookstore:0.8;quiet:0.9;indoor:1.0,2,70,📚 혼자만의 시간을 보내기 좋은 조용한 독서 공간
네이버 지역검색 API | 서울 용산구,독립서점,녹음집,상시,성인 (개인 방문 적합),"서울특별시 용산구 원효로 177-2 2층 | 좌표:1269623515,375359463",장소 문의 (전화/홈페이지 참조),"서울 용산구에 위치한 북카페 관련 장소 [녹음집] (카페,디저트>카페). 전화: 정보없음",https://www.instagram.com/nokumm.zip,"single:0.85;couple:0.4;family:0.3;카페,디저트>카페;북카페",2026-08-23 19:43:15,bookstore:0.8;quiet:0.9;indoor:1.0,2,70,📚 혼자만의 시간을 보내기 좋은 조용한 독서 공간
네이버 지역검색 API | 서울 용산구,독립서점,언리튼잉크,상시,성인 (개인 방문 적합),"서울특별시 용산구 신흥로26길 11-20 1층 | 좌표:1269836064,375456620",장소 문의 (전화/홈페이지 참조),"서울 용산구에 위치한 북카페 관련 장소 [언리튼잉크] (음식점>카페,디저트). 전화: 정보없음",https://blog.naver.com/unwritten_ink,"single:0.85;couple:0.4;family:0.3;음식점>카페,디저트;북카페",2026-08-23 19:43:15,bookstore:0.8;quiet:0.9;indoor:1.0,2,70,📚 혼자만의 시간을 보내기 좋은 조용한 독서 공간
네이버 지역검색 API | 서울 용산구,조용한 힐링,카공족 숙명여대점,상시,성인 (개인 방문 적합),"서울특별시 용산구 청파로47길 4 2층 | 좌표:1269701558,375450715",장소 문의 (전화/홈페이지 참조),"서울 용산구에 위치한 스터디카페 관련 장소 [카공족 숙명여대점] (카페,디저트>스터디카페). 전화: 정보없음",https://www.instagram.com/cagongzok_official/,"single:0.9;couple:0.4;family:0.3;카페,디저트>스터디카페;스터디카페",2026-08-23 19:43:15,healing:0.7;quiet:1.0;solo:1.0,2,70,🌿 혼자 사색하며 힐링하기 좋은 장소
네이버 지역검색 API | 서울 용산구,조용한 힐링,리얼스터디카페 이촌1호점,상시,성인 (개인 방문 적합),"서울특별시 용산구 이촌로 280 지하 1층(한일마트 옆) | 좌표:1269780062,375183989",장소 문의 (전화/홈페이지 참조),"서울 용산구에 위치한 스터디카페 관련 장소 [리얼스터디카페 이촌1호점] (서비스,산업>장소대여). 전화: 정보없음",https://blog.naver.com/real_studycafe,"single:0.9;couple:0.4;family:0.3;서비스,산업>장소대여;스터디카페",2026-08-23 19:43:15,healing:0.7;quiet:1.0;solo:1.0,2,70,🌿 혼자 사색하며 힐링하기 좋은 장소
네이버 지역검색 API | 서울 용산구,조용한 힐링,써밋스터디카페 이태원점,상시,성인 (개인 방문 적합),"서울특별시 용산구 회나무로13길 5 501호 | 좌표:1269892995,375395434",장소 문의 (전화/홈페이지 참조),서울 용산구에 위치한 스터디카페 관련 장소 [써밋스터디카페 이태원점] (스터디카페). 전화: 정보없음,https://map.naver.com/v5/search/%EC%8D%A8%EB%B0%8B%EC%8A%A4%ED%84%B0%EB%94%94%EC%B9%B4%ED%8E%98%20%EC%9D%B4%ED%83%9C%EC%9B%90%EC%A0%90,single:0.9;couple:0.4;family:0.3;스터디카페;스터디카페,2026-08-23 19:43:15,healing:0.7;quiet:1.0;solo:1.0,2,70,🌿 혼자 사색하며 힐링하기 좋은 장소
네이버 지역검색 API | 서울 용산구,조용한 힐링,리얼스터디카페 이촌2호점,상시,성인 (개인 방문 적합),"서울특별시 용산구 이촌로64길 61 | 좌표:1269678544,375202009",장소 문의 (전화/홈페이지 참조),서울 용산구에 위치한 스터디카페 관련 장소 [리얼스터디카페 이촌2호점] (스터디카페). 전화: 정보없음,https://blog.naver.com/real_studycafe,single:0.9;couple:0.4;family:0.3;스터디카페;스터디카페,2026-08-23 19:43:15,healing:0.7;quiet:1.0;solo:1.0,2,70,🌿 혼자 사색하며 힐링하기 좋은 장소
네이버 지역검색 API | 서울 용산구,조용한 힐링,미라클스터디카페 원효센터,상시,성인 (개인 방문 적합),"서울특별시 용산구 백범로 341 용산 리첸시아 A동 B1 | 좌표:1269672894,375379929",장소 문의 (전화/홈페이지 참조),"서울 용산구에 위치한 스터디카페 관련 장소 [미라클스터디카페 원효센터] (서비스,산업>장소대여). 전화: 정보없음",http://pf.kakao.com/_vxaxahb,"single:0.9;couple:0.4;family:0.3;서비스,산업>장소대여;스터디카페",2026-08-23 19:43:15,healing:0.7;quiet:1.0;solo:1.0,2,70,🌿 혼자 사색하며 힐링하기 좋은 장소
네이버 지역검색 API | 서울 용산구,조용한 힐링,아메리카요가 용산점,상시,성인 (개인 방문 적합),"서울특별시 용산구 새창로 213-12 현대하이엘 2층 아메리카요가용산점(파리바게트 옆 건물) | 좌표:1269680375,375304923",장소 문의 (전화/홈페이지 참조),서울 용산구에 위치한 요가원 관련 장소 [아메리카요가 용산점] (스포츠시설>요가원). 전화: 정보없음,https://blog.naver.com/ayoyongsan,single:0.8;couple:0.4;family:0.3;스포츠시설>요가원;요가원,2026-08-23 19:43:15,healing:1.0;quiet:0.8;solo:0.9,2,70,🌿 혼자 사색하며 힐링하기 좋은 장소
네이버 지역검색 API | 서울 용산구,조용한 힐링,숨 쉬는 고래 서울,상시,성인 (개인 방문 적합),"서울특별시 용산구 이태원로55가길 49 4층 | 좌표:1269992773,375363564",장소 문의 (전화/홈페이지 참조),서울 용산구에 위치한 요가원 관련 장소 [숨 쉬는 고래 서울] (스포츠시설>요가원). 전화: 정보없음,http://breathingwhale.com,single:0.8;couple:0.4;family:0.3;스포츠시설>요가원;요가원,2026-08-23 19:43:15,healing:1.0;quiet:0.8;solo:0.9,2,70,🌿 혼자 사색하며 힐링하기 좋은 장소
네이버 지역검색 API | 서울 용산구,조용한 힐링,요가윤나다 이촌점,상시,성인 (개인 방문 적합),"서울특별시 용산구 이촌로 200 302호 | 좌표:1269693258,375209819",장소 문의 (전화/홈페이지 참조),서울 용산구에 위치한 요가원 관련 장소 [요가윤나다 이촌점] (스포츠시설>요가원). 전화: 정보없음,https://blog.naver.com/yogayunnada_05,single:0.8;couple:0.4;family:0.3;스포츠시설>요가원;요가원,2026-08-23 19:43:15,healing:1.0;quiet:0.8;solo:0.9,2,70,🌿 혼자 사색하며 힐링하기 좋은 장소
네이버 지역검색 API | 서울 용산구,조용한 힐링,노루물요가,상시,성인 (개인 방문 적합),"서울특별시 용산구 후암로 2 3층 | 좌표:1269785828,375461923",장소 문의 (전화/홈페이지 참조),서울 용산구에 위치한 요가원 관련 장소 [노루물요가] (스포츠시설>요가원). 전화: 정보없음,https://www.instagram.com/norumul.yoga,single:0.8;couple:0.4;family:0.3;스포츠시설>요가원;요가원,2026-08-23 19:43:15,healing:1.0;quiet:0.8;solo:0.9,2,70,🌿 혼자 사색하며 힐링하기 좋은 장소
네이버 지역검색 API | 서울 용산구,조용한 힐링,앨리스요가,상시,성인 (개인 방문 적합),"서울특별시 용산구 원효로 214-6 3층 | 좌표:1269660299,375374040",장소 문의 (전화/홈페이지 참조),서울 용산구에 위치한 요가원 관련 장소 [앨리스요가] (스포츠시설>요가원). 전화: 정보없음,https://blog.naver.com/aliceyogahoney,single:0.8;couple:0.4;family:0.3;스포츠시설>요가원;요가원,2026-08-23 19:43:15,healing:1.0;quiet:0.8;solo:0.9,2,70,🌿 혼자 사색하며 힐링하기 좋은 장소
네이버 지역검색 API | 서울 용산구,조용한 힐링,센터원 명상센터,상시,성인 (개인 방문 적합),"서울특별시 용산구 신흥로 11 해방촌, 명상센터 3,4층 | 좌표:1269863260,375396251",장소 문의 (전화/홈페이지 참조),"서울 용산구에 위치한 명상센터 관련 장소 [센터원 명상센터] (서비스,산업>기업). 전화: 정보없음",https://blog.naver.com/centerone_,"single:0.85;couple:0.4;family:0.3;서비스,산업>기업;명상센터",2026-08-23 19:43:15,healing:1.0;quiet:1.0;solo:1.0,2,70,🌿 혼자 사색하며 힐링하기 좋은 장소
네이버 지역검색 API | 서울 용산구,조용한 힐링,브라마 쿠마리스 명상센터 서울,상시,성인 (개인 방문 적합),"서울특별시 용산구 한남대로 150-9 샬롬힐 | 좌표:1270036047,375422001",장소 문의 (전화/홈페이지 참조),"서울 용산구에 위치한 명상센터 관련 장소 [브라마 쿠마리스 명상센터 서울] (협회,단체). 전화: 정보없음",http://www.bkkorea.org/,"single:0.85;couple:0.4;family:0.3;협회,단체;명상센터",2026-08-23 19:43:15,healing:1.0;quiet:1.0;solo:1.0,2,70,🌿 혼자 사색하며 힐링하기 좋은 장소
네이버 지역검색 API | 서울 용산구,조용한 힐링,밀밀아,상시,성인 (개인 방문 적합),"서울특별시 용산구 녹사평대로40나길 38-11 밀밀아 | 좌표:1269893522,375362786",장소 문의 (전화/홈페이지 참조),"서울 용산구에 위치한 명상센터 관련 장소 [밀밀아] (스포츠,레크레이션교육>요가,명상). 전화: 정보없음",https://blog.naver.com/milmilayoga,"single:0.85;couple:0.4;family:0.3;스포츠,레크레이션교육>요가,명상;명상센터",2026-08-23 19:43:15,healing:1.0;quiet:1.0;solo:1.0,2,70,🌿 혼자 사색하며 힐링하기 좋은 장소
네이버 지역검색 API | 서울 용산구,조용한 힐링,지평선 명상,상시,성인 (개인 방문 적합),"서울특별시 용산구 한강대로104라길 3 3층 | 좌표:1269753295,375501652",장소 문의 (전화/홈페이지 참조),"서울 용산구에 위치한 명상센터 관련 장소 [지평선 명상] (교육,학문>교육원,교육센터). 전화: 정보없음",http://pf.kakao.com/_rUxkTX/chat,"single:0.85;couple:0.4;family:0.3;교육,학문>교육원,교육센터;명상센터",2026-08-23 19:43:15,healing:1.0;quiet:1.0;solo:1.0,2,70,🌿 혼자 사색하며 힐링하기 좋은 장소
네이버 지역검색 API | 서울 용산구,조용한 힐링,이촌상담센터,상시,성인 (개인 방문 적합),"서울특별시 용산구 이촌로87길 21 | 좌표:1269783599,375202443",장소 문의 (전화/홈페이지 참조),"서울 용산구에 위치한 명상센터 관련 장소 [이촌상담센터] (건강,의료>심리상담). 전화: 정보없음",https://smartstore.naver.com/,"single:0.85;couple:0.4;family:0.3;건강,의료>심리상담;명상센터",2026-08-23 19:43:15,healing:1.0;quiet:1.0;solo:1.0,2,70,🌿 혼자 사색하며 힐링하기 좋은 장소
네이버 지역검색 API | 서울 용산구,역사·문화,국가유산청 궁능유적본부,상시,성인 (개인 방문 적합),"서울특별시 중구 소공로 70 | 좌표:1269823511,375616195",장소 문의 (전화/홈페이지 참조),"서울 용산구에 위치한 고궁 관련 장소 [국가유산청 궁능유적본부] (공공,사회기관>국가유산청). 전화: 정보없음",https://royal.khs.go.kr/royaltombs,"single:0.75;couple:0.4;family:0.3;공공,사회기관>국가유산청;고궁",2026-08-23 19:43:15,culture:1.0;history:1.0;outdoor:0.6,2,70,🏯 깊이 있게 둘러보기 좋은 역사·문화 명소
네이버 지역검색 API | 서울 용산구,역사·문화,대원정사,상시,성인 (개인 방문 적합),"서울특별시 용산구 두텁바위로60길 49 대원정사 | 좌표:1269834123,375489479",장소 문의 (전화/홈페이지 참조),"서울 용산구에 위치한 사찰 관련 장소 [대원정사] (불교>절,사찰). 전화: 정보없음",https://map.naver.com/v5/search/%EB%8C%80%EC%9B%90%EC%A0%95%EC%82%AC,"single:0.7;couple:0.4;family:0.3;불교>절,사찰;사찰",2026-08-23 19:43:15,culture:1.0;history:0.9;outdoor:0.7,2,70,🏯 깊이 있게 둘러보기 좋은 역사·문화 명소
네이버 지역검색 API | 서울 용산구,역사·문화,원광사,상시,성인 (개인 방문 적합),"서울특별시 용산구 한강대로40길 46 | 좌표:1269719500,375298907",장소 문의 (전화/홈페이지 참조),"서울 용산구에 위치한 사찰 관련 장소 [원광사] (불교>절,사찰). 전화: 정보없음",https://map.naver.com/v5/search/%EC%9B%90%EA%B4%91%EC%82%AC,"single:0.7;couple:0.4;family:0.3;불교>절,사찰;사찰",2026-08-23 19:43:15,culture:1.0;history:0.9;outdoor:0.7,2,70,🏯 깊이 있게 둘러보기 좋은 역사·문화 명소
네이버 지역검색 API | 서울 용산구,역사·문화,보광사,상시,성인 (개인 방문 적합),"서울특별시 용산구 장문로15나길 6 | 좌표:1269975000,375271833",장소 문의 (전화/홈페이지 참조),"서울 용산구에 위치한 사찰 관련 장소 [보광사] (불교>절,사찰). 전화: 정보없음",http://www.bogwangsa.or.kr/,"single:0.7;couple:0.4;family:0.3;불교>절,사찰;사찰",2026-08-23 19:43:15,culture:1.0;history:0.9;outdoor:0.7,2,70,🏯 깊이 있게 둘러보기 좋은 역사·문화 명소
네이버 지역검색 API | 서울 용산구,역사·문화,담마와나선원,상시,성인 (개인 방문 적합),"서울특별시 용산구 청파로47길 20-2 2층 | 좌표:1269693238,375449265",장소 문의 (전화/홈페이지 참조),"서울 용산구에 위치한 사찰 관련 장소 [담마와나선원] (불교>절,사찰). 전화: 정보없음",https://map.naver.com/v5/search/%EB%8B%B4%EB%A7%88%EC%99%80%EB%82%98%EC%84%A0%EC%9B%90,"single:0.7;couple:0.4;family:0.3;불교>절,사찰;사찰",2026-08-23 19:43:15,culture:1.0;history:0.9;outdoor:0.7,2,70,🏯 깊이 있게 둘러보기 좋은 역사·문화 명소
네이버 지역검색 API | 서울 용산구,역사·문화,묘법사,상시,성인 (개인 방문 적합),"서울특별시 용산구 원효로 113-5 | 좌표:1269557996,375331643",장소 문의 (전화/홈페이지 참조),"서울 용산구에 위치한 사찰 관련 장소 [묘법사] (불교>절,사찰). 전화: 정보없음",https://map.naver.com/v5/search/%EB%AC%98%EB%B2%95%EC%82%AC,"single:0.7;couple:0.4;family:0.3;불교>절,사찰;사찰",2026-08-23 19:43:15,culture:1.0;history:0.9;outdoor:0.7,2,70,🏯 깊이 있게 둘러보기 좋은 역사·문화 명소
네이버 지역검색 API | 서울 용산구,자연·공원,ESP,상시,성인 (개인 방문 적합),"서울특별시 용산구 신흥로20길 16 1층 | 좌표:1269847923,375464013",장소 문의 (전화/홈페이지 참조),서울 용산구에 위치한 둘레길 관련 장소 [ESP] (음식점>양식). 전화: 정보없음,https://app.catchtable.co.kr/ct/shop/esp?from=share&type=DINING,single:0.8;couple:0.4;family:0.3;음식점>양식;둘레길,2026-08-23 19:43:15,nature:1.0;outdoor:1.0;walk:1.0,2,70,🌳 혼자 걷기 좋은 자연 친화 공간
네이버 지역검색 API | 서울 용산구,자연·공원,남산둘레길,상시,성인 (개인 방문 적합),"서울특별시 용산구 남산공원길 126 | 좌표:1269891937,375486852",장소 문의 (전화/홈페이지 참조),"서울 용산구에 위치한 둘레길 관련 장소 [남산둘레길] (여행,명소>도보코스). 전화: 정보없음",https://map.naver.com/v5/search/%EB%82%A8%EC%82%B0%EB%91%98%EB%A0%88%EA%B8%B8,"single:0.8;couple:0.4;family:0.3;여행,명소>도보코스;둘레길",2026-08-23 19:43:15,nature:1.0;outdoor:1.0;walk:1.0,2,70,🌳 혼자 걷기 좋은 자연 친화 공간
네이버 지역검색 API | 서울 용산구,자연·공원,남산산채집,상시,성인 (개인 방문 적합),"서울특별시 중구 소파로 95 1층 | 좌표:1269853930,375567733",장소 문의 (전화/홈페이지 참조),서울 용산구에 위치한 둘레길 관련 장소 [남산산채집] (음식점>일식>돈가스). 전화: 정보없음,https://map.naver.com/v5/search/%EB%82%A8%EC%82%B0%EC%82%B0%EC%B1%84%EC%A7%91,single:0.8;couple:0.4;family:0.3;음식점>일식>돈가스;둘레길,2026-08-23 19:43:15,nature:1.0;outdoor:1.0;walk:1.0,2,70,🌳 혼자 걷기 좋은 자연 친화 공간
네이버 지역검색 API | 서울 용산구,자연·공원,서울한양도성길3코스(남산구간)인증사진,상시,성인 (개인 방문 적합),"서울특별시 중구 예장동 | 좌표:1269875674,375518452",장소 문의 (전화/홈페이지 참조),"서울 용산구에 위치한 둘레길 관련 장소 [서울한양도성길3코스(남산구간)인증사진] (여행,명소>거리,골목). 전화: 정보없음",https://map.naver.com/v5/search/%EC%84%9C%EC%9A%B8%ED%95%9C%EC%96%91%EB%8F%84%EC%84%B1%EA%B8%B83%EC%BD%94%EC%8A%A4%28%EB%82%A8%EC%82%B0%EA%B5%AC%EA%B0%84%29%EC%9D%B8%EC%A6%9D%EC%82%AC%EC%A7%84,"single:0.8;couple:0.4;family:0.3;여행,명소>거리,골목;둘레길",2026-08-23 19:43:15,nature:1.0;outdoor:1.0;walk:1.0,2,70,🌳 혼자 걷기 좋은 자연 친화 공간
네이버 지역검색 API | 서울 용산구,자연·공원,서울한양도성길3코스(남산구간)인증스탬프,상시,성인 (개인 방문 적합),"서울특별시 중구 남대문로5가 | 좌표:1269748940,375592133",장소 문의 (전화/홈페이지 참조),"서울 용산구에 위치한 둘레길 관련 장소 [서울한양도성길3코스(남산구간)인증스탬프] (여행,명소>거리,골목). 전화: 정보없음",https://map.naver.com/v5/search/%EC%84%9C%EC%9A%B8%ED%95%9C%EC%96%91%EB%8F%84%EC%84%B1%EA%B8%B83%EC%BD%94%EC%8A%A4%28%EB%82%A8%EC%82%B0%EA%B5%AC%EA%B0%84%29%EC%9D%B8%EC%A6%9D%EC%8A%A4%ED%83%AC%ED%94%84,"single:0.8;couple:0.4;family:0.3;여행,명소>거리,골목;둘레길",2026-08-23 19:43:15,nature:1.0;outdoor:1.0;walk:1.0,2,70,🌳 혼자 걷기 좋은 자연 친화 공간
네이버 지역검색 API | 서울 용산구,자연·공원,한국숲정원,상시,성인 (개인 방문 적합),"서울특별시 용산구 | 좌표:1269955430,375427509",장소 문의 (전화/홈페이지 참조),"서울 용산구에 위치한 수목원 관련 장소 [한국숲정원] (여행,명소>식물원,수목원). 전화: 정보없음",https://map.naver.com/v5/search/%ED%95%9C%EA%B5%AD%EC%88%B2%EC%A0%95%EC%9B%90,"single:0.75;couple:0.4;family:0.3;여행,명소>식물원,수목원;수목원",2026-08-23 19:43:15,nature:1.0;outdoor:1.0;walk:0.8,2,70,🌳 혼자 걷기 좋은 자연 친화 공간
네이버 지역검색 API | 서울 용산구,자연·공원,남산야외식물원,상시,성인 (개인 방문 적합),"서울특별시 용산구 | 좌표:1269954579,375427635",장소 문의 (전화/홈페이지 참조),"서울 용산구에 위치한 수목원 관련 장소 [남산야외식물원] (여행,명소>식물원,수목원). 전화: 정보없음",https://map.naver.com/v5/search/%EB%82%A8%EC%82%B0%EC%95%BC%EC%99%B8%EC%8B%9D%EB%AC%BC%EC%9B%90,"single:0.75;couple:0.4;family:0.3;여행,명소>식물원,수목원;수목원",2026-08-23 19:43:15,nature:1.0;outdoor:1.0;walk:0.8,2,70,🌳 혼자 걷기 좋은 자연 친화 공간
네이버 지역검색 API | 서울 용산구,자연·공원,호네,상시,성인 (개인 방문 적합),"서울특별시 용산구 백범로77길 61 1층 | 좌표:1269664930,375407995",장소 문의 (전화/홈페이지 참조),"서울 용산구에 위치한 수목원 관련 장소 [호네] (여행,명소>식물원,수목원). 전화: 정보없음",https://map.naver.com/v5/search/%ED%98%B8%EB%84%A4,"single:0.75;couple:0.4;family:0.3;여행,명소>식물원,수목원;수목원",2026-08-23 19:43:15,nature:1.0;outdoor:1.0;walk:0.8,2,70,🌳 혼자 걷기 좋은 자연 친화 공간
네이버 지역검색 API | 서울 용산구,자연·공원,종합행정타운힐링정원,상시,성인 (개인 방문 적합),"서울특별시 용산구 녹사평대로 150 용산구종합행정타운 | 좌표:1269903674,375323085",장소 문의 (전화/홈페이지 참조),"서울 용산구에 위치한 수목원 관련 장소 [종합행정타운힐링정원] (여행,명소>식물원,수목원). 전화: 정보없음",https://map.naver.com/v5/search/%EC%A2%85%ED%95%A9%ED%96%89%EC%A0%95%ED%83%80%EC%9A%B4%ED%9E%90%EB%A7%81%EC%A0%95%EC%9B%90,"single:0.75;couple:0.4;family:0.3;여행,명소>식물원,수목원;수목원",2026-08-23 19:43:15,nature:1.0;outdoor:1.0;walk:0.8,2,70,🌳 혼자 걷기 좋은 자연 친화 공간
네이버 지역검색 API | 서울 성동구,독립서점,픽셀투페이퍼,상시,성인 (개인 방문 적합),"서울특별시 성동구 뚝섬로 392 2층 | 좌표:1270542059,375388813",장소 문의 (전화/홈페이지 참조),서울 성동구에 위치한 독립서점 관련 장소 [픽셀투페이퍼] (서점>독립서점). 전화: 정보없음,https://www.instagram.com/pixeltopaper.seoul,single:0.95;couple:0.4;family:0.3;서점>독립서점;독립서점,2026-08-23 19:43:15,bookstore:1.0;quiet:1.0;indoor:1.0,2,70,📚 혼자만의 시간을 보내기 좋은 조용한 독서 공간
네이버 지역검색 API | 서울 성동구,독립서점,프루스트의 서재,상시,성인 (개인 방문 적합),"서울특별시 성동구 무수막길 56 1F | 좌표:1270219456,375512363",장소 문의 (전화/홈페이지 참조),서울 성동구에 위치한 독립서점 관련 장소 [프루스트의 서재] (서점>독립서점). 전화: 정보없음,https://proustbook.com,single:0.95;couple:0.4;family:0.3;서점>독립서점;독립서점,2026-08-23 19:43:15,bookstore:1.0;quiet:1.0;indoor:1.0,2,70,📚 혼자만의 시간을 보내기 좋은 조용한 독서 공간
네이버 지역검색 API | 서울 성동구,독립서점,낫저스트북스,상시,성인 (개인 방문 적합),"서울특별시 성동구 서울숲길 44 3층 | 좌표:1270423383,375479157",장소 문의 (전화/홈페이지 참조),서울 성동구에 위치한 독립서점 관련 장소 [낫저스트북스] (서점>독립서점). 전화: 정보없음,https://map.naver.com/v5/search/%EB%82%AB%EC%A0%80%EC%8A%A4%ED%8A%B8%EB%B6%81%EC%8A%A4,single:0.95;couple:0.4;family:0.3;서점>독립서점;독립서점,2026-08-23 19:43:15,bookstore:1.0;quiet:1.0;indoor:1.0,2,70,📚 혼자만의 시간을 보내기 좋은 조용한 독서 공간
네이버 지역검색 API | 서울 성동구,독립서점,옥수서재,상시,성인 (개인 방문 적합),"서울특별시 성동구 한림말1길 16-1 B1층 | 좌표:1270164486,375427120",장소 문의 (전화/홈페이지 참조),서울 성동구에 위치한 독립서점 관련 장소 [옥수서재] (서점>독립서점). 전화: 정보없음,http://www.instagram.com/oksubook,single:0.95;couple:0.4;family:0.3;서점>독립서점;독립서점,2026-08-23 19:43:15,bookstore:1.0;quiet:1.0;indoor:1.0,2,70,📚 혼자만의 시간을 보내기 좋은 조용한 독서 공간
네이버 지역검색 API | 서울 성동구,독립서점,서울북카페 센버스,상시,성인 (개인 방문 적합),"서울특별시 성동구 아차산로13길 31 자원빌딩 2층 | 좌표:1270615463,375458066",장소 문의 (전화/홈페이지 참조),"서울 성동구에 위치한 북카페 관련 장소 [서울북카페 센버스] (카페,디저트>북카페). 전화: 정보없음",https://www.instagram.com/senvers_official/,"single:0.85;couple:0.4;family:0.3;카페,디저트>북카페;북카페",2026-08-23 19:43:15,bookstore:0.8;quiet:0.9;indoor:1.0,2,70,📚 혼자만의 시간을 보내기 좋은 조용한 독서 공간
네이버 지역검색 API | 서울 성동구,독립서점,어바웃더챕터,상시,성인 (개인 방문 적합),"서울특별시 성동구 서울숲4길 20-1 지하1층 | 좌표:1270431851,375471190",장소 문의 (전화/홈페이지 참조),"서울 성동구에 위치한 북카페 관련 장소 [어바웃더챕터] (카페,디저트>북카페). 전화: 정보없음",https://www.instagram.com/about_the_chapter,"single:0.85;couple:0.4;family:0.3;카페,디저트>북카페;북카페",2026-08-23 19:43:15,bookstore:0.8;quiet:0.9;indoor:1.0,2,70,📚 혼자만의 시간을 보내기 좋은 조용한 독서 공간
네이버 지역검색 API | 서울 성동구,독립서점,아무튼겨울,상시,성인 (개인 방문 적합),"서울특별시 성동구 성덕정1길 3 아무튼겨울 1~3F | 좌표:1270458951,375397270",장소 문의 (전화/홈페이지 참조),"서울 성동구에 위치한 북카페 관련 장소 [아무튼겨울] (카페,디저트>카페). 전화: 정보없음",https://www.instagram.com/anywaywinter8,"single:0.85;couple:0.4;family:0.3;카페,디저트>카페;북카페",2026-08-23 19:43:15,bookstore:0.8;quiet:0.9;indoor:1.0,2,70,📚 혼자만의 시간을 보내기 좋은 조용한 독서 공간
네이버 지역검색 API | 서울 성동구,독립서점,카페마실,상시,성인 (개인 방문 적합),"서울특별시 성동구 왕십리로 410 센트라스상가 L동 3층 | 좌표:1270293108,375647933",장소 문의 (전화/홈페이지 참조),"서울 성동구에 위치한 북카페 관련 장소 [카페마실] (음식점>카페,디저트). 전화: 정보없음",https://map.naver.com/v5/search/%EC%B9%B4%ED%8E%98%EB%A7%88%EC%8B%A4,"single:0.85;couple:0.4;family:0.3;음식점>카페,디저트;북카페",2026-08-23 19:43:15,bookstore:0.8;quiet:0.9;indoor:1.0,2,70,📚 혼자만의 시간을 보내기 좋은 조용한 독서 공간
네이버 지역검색 API | 서울 성동구,독립서점,이파리서재,상시,성인 (개인 방문 적합),"서울특별시 성동구 동일로 77 5층 (엘레베이터 없어요) | 좌표:1270623905,375398884",장소 문의 (전화/홈페이지 참조),"서울 성동구에 위치한 북카페 관련 장소 [이파리서재] (카페,디저트>북카페). 전화: 정보없음",https://blog.naver.com/ipary_bookcafe,"single:0.85;couple:0.4;family:0.3;카페,디저트>북카페;북카페",2026-08-23 19:43:15,bookstore:0.8;quiet:0.9;indoor:1.0,2,70,📚 혼자만의 시간을 보내기 좋은 조용한 독서 공간
네이버 지역검색 API | 서울 성동구,조용한 힐링,랭스터디카페 한양대점,상시,성인 (개인 방문 적합),"서울특별시 성동구 왕십리로 235 제1호 3층 | 좌표:1270414062,375573295",장소 문의 (전화/홈페이지 참조),"서울 성동구에 위치한 스터디카페 관련 장소 [랭스터디카페 한양대점] (서비스,산업>장소대여). 전화: 정보없음",https://www.instagram.com/langstudy.cafe_hanyangdae?igsh=cnljc3o2aTdpMmNq,"single:0.9;couple:0.4;family:0.3;서비스,산업>장소대여;스터디카페",2026-08-23 19:43:15,healing:0.7;quiet:1.0;solo:1.0,2,70,🌿 혼자 사색하며 힐링하기 좋은 장소
네이버 지역검색 API | 서울 성동구,조용한 힐링,카공족 뚝섬점,상시,성인 (개인 방문 적합),"서울특별시 성동구 상원10길 4 2층 | 좌표:1270484087,375490105",장소 문의 (전화/홈페이지 참조),"서울 성동구에 위치한 스터디카페 관련 장소 [카공족 뚝섬점] (카페,디저트>스터디카페). 전화: 정보없음",https://www.instagram.com/cagongzok_official/,"single:0.9;couple:0.4;family:0.3;카페,디저트>스터디카페;스터디카페",2026-08-23 19:43:15,healing:0.7;quiet:1.0;solo:1.0,2,70,🌿 혼자 사색하며 힐링하기 좋은 장소
네이버 지역검색 API | 서울 성동구,조용한 힐링,카공족 신금호역점,상시,성인 (개인 방문 적합),"서울특별시 성동구 금호산길 67 금호빌딩 401호 | 좌표:1270195285,375543423",장소 문의 (전화/홈페이지 참조),"서울 성동구에 위치한 스터디카페 관련 장소 [카공족 신금호역점] (카페,디저트>스터디카페). 전화: 정보없음",http://pf.kakao.com/_kAPKX/chat,"single:0.9;couple:0.4;family:0.3;카페,디저트>스터디카페;스터디카페",2026-08-23 19:43:15,healing:0.7;quiet:1.0;solo:1.0,2,70,🌿 혼자 사색하며 힐링하기 좋은 장소
네이버 지역검색 API | 서울 성동구,조용한 힐링,망고스터디카페 상왕십리역점,상시,성인 (개인 방문 적합),"서울특별시 성동구 마장로 185 2층 망고스터디카페 | 좌표:1270304628,375669116",장소 문의 (전화/홈페이지 참조),"서울 성동구에 위치한 스터디카페 관련 장소 [망고스터디카페 상왕십리역점] (서비스,산업>장소대여). 전화: 정보없음",https://map.naver.com/v5/search/%EB%A7%9D%EA%B3%A0%EC%8A%A4%ED%84%B0%EB%94%94%EC%B9%B4%ED%8E%98%20%EC%83%81%EC%99%95%EC%8B%AD%EB%A6%AC%EC%97%AD%EC%A0%90,"single:0.9;couple:0.4;family:0.3;서비스,산업>장소대여;스터디카페",2026-08-23 19:43:15,healing:0.7;quiet:1.0;solo:1.0,2,70,🌿 혼자 사색하며 힐링하기 좋은 장소
네이버 지역검색 API | 서울 성동구,조용한 힐링,MOiM 스터디룸 왕십리점,상시,성인 (개인 방문 적합),"서울특별시 성동구 마조로5길 6 2층 | 좌표:1270404337,375601627",장소 문의 (전화/홈페이지 참조),서울 성동구에 위치한 스터디카페 관련 장소 [MOiM 스터디룸 왕십리점] (스터디카페). 전화: 정보없음,https://map.naver.com/v5/search/MOiM%20%EC%8A%A4%ED%84%B0%EB%94%94%EB%A3%B8%20%EC%99%95%EC%8B%AD%EB%A6%AC%EC%A0%90,single:0.9;couple:0.4;family:0.3;스터디카페;스터디카페,2026-08-23 19:43:15,healing:0.7;quiet:1.0;solo:1.0,2,70,🌿 혼자 사색하며 힐링하기 좋은 장소
네이버 지역검색 API | 서울 성동구,조용한 힐링,애프터 요가 필라테스 서울숲점,상시,성인 (개인 방문 적합),"서울특별시 성동구 왕십리로 50 지하1층 애프터 요가 서울숲점 | 좌표:1270451976,375416972",장소 문의 (전화/홈페이지 참조),서울 성동구에 위치한 요가원 관련 장소 [애프터 요가 필라테스 서울숲점] (스포츠시설>요가원). 전화: 정보없음,https://booking.naver.com/booking/13/bizes/586914,single:0.8;couple:0.4;family:0.3;스포츠시설>요가원;요가원,2026-08-23 19:43:15,healing:1.0;quiet:0.8;solo:0.9,2,70,🌿 혼자 사색하며 힐링하기 좋은 장소
네이버 지역검색 API | 서울 성동구,조용한 힐링,요가스토리 서울숲,상시,성인 (개인 방문 적합),"서울특별시 성동구 서울숲2길 28-12 2층 yogastory | 좌표:1270413942,375466229",장소 문의 (전화/홈페이지 참조),서울 성동구에 위치한 요가원 관련 장소 [요가스토리 서울숲] (스포츠시설>요가원). 전화: 정보없음,http://instagram.com/yogastory_official,single:0.8;couple:0.4;family:0.3;스포츠시설>요가원;요가원,2026-08-23 19:43:15,healing:1.0;quiet:0.8;solo:0.9,2,70,🌿 혼자 사색하며 힐링하기 좋은 장소
네이버 지역검색 API | 서울 성동구,조용한 힐링,요가웨이브,상시,성인 (개인 방문 적합),"서울특별시 성동구 뚝섬로7길 2 2,3F 요가웨이브 | 좌표:1270566786,375386375",장소 문의 (전화/홈페이지 참조),서울 성동구에 위치한 요가원 관련 장소 [요가웨이브] (스포츠시설>요가원). 전화: 정보없음,https://www.youtube.com/@yogawave6273,single:0.8;couple:0.4;family:0.3;스포츠시설>요가원;요가원,2026-08-23 19:43:15,healing:1.0;quiet:0.8;solo:0.9,2,70,🌿 혼자 사색하며 힐링하기 좋은 장소
네이버 지역검색 API | 서울 성동구,조용한 힐링,울루루요가 신금호점,상시,성인 (개인 방문 적합),"서울특별시 성동구 금호로 150-1 3층 | 좌표:1270204676,375544569",장소 문의 (전화/홈페이지 참조),서울 성동구에 위치한 요가원 관련 장소 [울루루요가 신금호점] (스포츠시설>요가원). 전화: 정보없음,http://pf.kakao.com/_xoAxodn,single:0.8;couple:0.4;family:0.3;스포츠시설>요가원;요가원,2026-08-23 19:43:15,healing:1.0;quiet:0.8;solo:0.9,2,70,🌿 혼자 사색하며 힐링하기 좋은 장소
네이버 지역검색 API | 서울 성동구,조용한 힐링,옥수동요가,상시,성인 (개인 방문 적합),"서울특별시 성동구 한림말길 6 2층 | 좌표:1270118064,375410367",장소 문의 (전화/홈페이지 참조),서울 성동구에 위치한 요가원 관련 장소 [옥수동요가] (스포츠시설>요가원). 전화: 정보없음,https://www.instagram.com/oksudong_yoga,single:0.8;couple:0.4;family:0.3;스포츠시설>요가원;요가원,2026-08-23 19:43:15,healing:1.0;quiet:0.8;solo:0.9,2,70,🌿 혼자 사색하며 힐링하기 좋은 장소
네이버 지역검색 API | 서울 성동구,조용한 힐링,한국 펠든크라이스 센터,상시,성인 (개인 방문 적합),"서울특별시 성동구 성수일로11길 11 경남빌딩 301호 | 좌표:1270501713,375492273",장소 문의 (전화/홈페이지 참조),"서울 성동구에 위치한 명상센터 관련 장소 [한국 펠든크라이스 센터] (스포츠,레크레이션교육>요가,명상). 전화: 정보없음",https://www.koreafeldenkrais.kr/,"single:0.85;couple:0.4;family:0.3;스포츠,레크레이션교육>요가,명상;명상센터",2026-08-23 19:43:15,healing:1.0;quiet:1.0;solo:1.0,2,70,🌿 혼자 사색하며 힐링하기 좋은 장소
네이버 지역검색 API | 서울 성동구,조용한 힐링,라리마힐링센터,상시,성인 (개인 방문 적합),"서울특별시 성동구 성수일로1길 11-9 서울숲오피스텔 504호 | 좌표:1270472516,375416593",장소 문의 (전화/홈페이지 참조),"서울 성동구에 위치한 명상센터 관련 장소 [라리마힐링센터] (스포츠,레크레이션교육>요가,명상). 전화: 정보없음",https://www.instagram.com/larimar_healing_center,"single:0.85;couple:0.4;family:0.3;스포츠,레크레이션교육>요가,명상;명상센터",2026-08-23 19:43:15,healing:1.0;quiet:1.0;solo:1.0,2,70,🌿 혼자 사색하며 힐링하기 좋은 장소
네이버 지역검색 API | 서울 성동구,조용한 힐링,파드메 스페이스,상시,성인 (개인 방문 적합),"서울특별시 성동구 한림말길 31 지하1층 B37호 | 좌표:1270146042,375410788",장소 문의 (전화/홈페이지 참조),"서울 성동구에 위치한 명상센터 관련 장소 [파드메 스페이스] (서비스,산업>장소대여). 전화: 정보없음",https://blog.naver.com/padmespace,"single:0.85;couple:0.4;family:0.3;서비스,산업>장소대여;명상센터",2026-08-23 19:43:15,healing:1.0;quiet:1.0;solo:1.0,2,70,🌿 혼자 사색하며 힐링하기 좋은 장소
네이버 지역검색 API | 서울 성동구,조용한 힐링,나무요가센터,상시,성인 (개인 방문 적합),"서울특별시 성동구 한림말길 31 삼성아파트상가 403호 | 좌표:1270145431,375411229",장소 문의 (전화/홈페이지 참조),"서울 성동구에 위치한 명상센터 관련 장소 [나무요가센터] (스포츠,레크레이션교육>요가,명상). 전화: 정보없음",https://www.instagram.com/namu_yoga?igsh=N3Jjcmo4eWJ4ZGFm&utm_source=qr,"single:0.85;couple:0.4;family:0.3;스포츠,레크레이션교육>요가,명상;명상센터",2026-08-23 19:43:15,healing:1.0;quiet:1.0;solo:1.0,2,70,🌿 혼자 사색하며 힐링하기 좋은 장소
네이버 지역검색 API | 서울 성동구,역사·문화,고기가득 고궁왕비빔밥,상시,성인 (개인 방문 적합),"서울특별시 종로구 지봉로11길 4 | 좌표:1270151285,375767869",장소 문의 (전화/홈페이지 참조),서울 성동구에 위치한 고궁 관련 장소 [고기가득 고궁왕비빔밥] (음식점>한식). 전화: 정보없음,https://map.naver.com/v5/search/%EA%B3%A0%EA%B8%B0%EA%B0%80%EB%93%9D%20%EA%B3%A0%EA%B6%81%EC%99%95%EB%B9%84%EB%B9%94%EB%B0%A5,single:0.75;couple:0.4;family:0.3;음식점>한식;고궁,2026-08-23 19:43:15,culture:1.0;history:1.0;outdoor:0.6,2,70,🏯 깊이 있게 둘러보기 좋은 역사·문화 명소
네이버 지역검색 API | 서울 성동구,역사·문화,고궁마실창경궁한복대여,상시,성인 (개인 방문 적합),"서울특별시 종로구 창경궁로 229 한성빌딩 3층 | 좌표:1269979229,375825401",장소 문의 (전화/홈페이지 참조),"서울 성동구에 위치한 고궁 관련 장소 [고궁마실창경궁한복대여] (임대,대여>한복대여). 전화: 정보없음",https://www.instagram.com/gogungmasil/,"single:0.75;couple:0.4;family:0.3;임대,대여>한복대여;고궁",2026-08-23 19:43:15,culture:1.0;history:1.0;outdoor:0.6,2,70,🏯 깊이 있게 둘러보기 좋은 역사·문화 명소
네이버 지역검색 API | 서울 성동구,역사·문화,보은사,상시,성인 (개인 방문 적합),"서울특별시 성동구 독서당로39길 37 | 좌표:1270102106,375411185",장소 문의 (전화/홈페이지 참조),"서울 성동구에 위치한 사찰 관련 장소 [보은사] (불교>절,사찰). 전화: 정보없음",https://map.naver.com/v5/search/%EB%B3%B4%EC%9D%80%EC%82%AC,"single:0.7;couple:0.4;family:0.3;불교>절,사찰;사찰",2026-08-23 19:43:15,culture:1.0;history:0.9;outdoor:0.7,2,70,🏯 깊이 있게 둘러보기 좋은 역사·문화 명소
네이버 지역검색 API | 서울 성동구,역사·문화,관음사,상시,성인 (개인 방문 적합),"서울특별시 성동구 무학로4길 15 | 좌표:1270324750,375648332",장소 문의 (전화/홈페이지 참조),"서울 성동구에 위치한 사찰 관련 장소 [관음사] (불교>절,사찰). 전화: 정보없음",https://map.naver.com/v5/search/%EA%B4%80%EC%9D%8C%EC%82%AC,"single:0.7;couple:0.4;family:0.3;불교>절,사찰;사찰",2026-08-23 19:43:15,culture:1.0;history:0.9;outdoor:0.7,2,70,🏯 깊이 있게 둘러보기 좋은 역사·문화 명소
네이버 지역검색 API | 서울 성동구,역사·문화,금오정사,상시,성인 (개인 방문 적합),"서울특별시 성동구 금호로 67 | 좌표:1270257656,375493699",장소 문의 (전화/홈페이지 참조),"서울 성동구에 위치한 사찰 관련 장소 [금오정사] (불교>절,사찰). 전화: 정보없음",https://map.naver.com/v5/search/%EA%B8%88%EC%98%A4%EC%A0%95%EC%82%AC,"single:0.7;couple:0.4;family:0.3;불교>절,사찰;사찰",2026-08-23 19:43:15,culture:1.0;history:0.9;outdoor:0.7,2,70,🏯 깊이 있게 둘러보기 좋은 역사·문화 명소
네이버 지역검색 API | 서울 성동구,역사·문화,종궁사,상시,성인 (개인 방문 적합),"서울특별시 성동구 금호동2가 382 | 좌표:1270212779,375520898",장소 문의 (전화/홈페이지 참조),"서울 성동구에 위치한 사찰 관련 장소 [종궁사] (불교>절,사찰). 전화: 정보없음",https://map.naver.com/v5/search/%EC%A2%85%EA%B6%81%EC%82%AC,"single:0.7;couple:0.4;family:0.3;불교>절,사찰;사찰",2026-08-23 19:43:15,culture:1.0;history:0.9;outdoor:0.7,2,70,🏯 깊이 있게 둘러보기 좋은 역사·문화 명소
네이버 지역검색 API | 서울 성동구,역사·문화,미타사관음암,상시,성인 (개인 방문 적합),"서울특별시 성동구 독서당로40길 21 미타사 관음암 | 좌표:1270172154,375435205",장소 문의 (전화/홈페이지 참조),"서울 성동구에 위치한 사찰 관련 장소 [미타사관음암] (불교>절,사찰). 전화: 정보없음",https://map.naver.com/v5/search/%EB%AF%B8%ED%83%80%EC%82%AC%EA%B4%80%EC%9D%8C%EC%95%94,"single:0.7;couple:0.4;family:0.3;불교>절,사찰;사찰",2026-08-23 19:43:15,culture:1.0;history:0.9;outdoor:0.7,2,70,🏯 깊이 있게 둘러보기 좋은 역사·문화 명소
네이버 지역검색 API | 서울 성동구,자연·공원,서울숲우리강산푸르게푸르게정원,상시,성인 (개인 방문 적합),"서울특별시 성동구 | 좌표:1270404406,375434203",장소 문의 (전화/홈페이지 참조),"서울 성동구에 위치한 수목원 관련 장소 [서울숲우리강산푸르게푸르게정원] (여행,명소>식물원,수목원). 전화: 정보없음",https://map.naver.com/v5/search/%EC%84%9C%EC%9A%B8%EC%88%B2%EC%9A%B0%EB%A6%AC%EA%B0%95%EC%82%B0%ED%91%B8%EB%A5%B4%EA%B2%8C%ED%91%B8%EB%A5%B4%EA%B2%8C%EC%A0%95%EC%9B%90,"single:0.75;couple:0.4;family:0.3;여행,명소>식물원,수목원;수목원",2026-08-23 19:43:15,nature:1.0;outdoor:1.0;walk:0.8,2,70,🌳 혼자 걷기 좋은 자연 친화 공간
네이버 지역검색 API | 서울 성동구,자연·공원,중랑천피크닉정원,상시,성인 (개인 방문 적합),"서울특별시 성동구 | 좌표:1270432124,375533631",장소 문의 (전화/홈페이지 참조),"서울 성동구에 위치한 수목원 관련 장소 [중랑천피크닉정원] (여행,명소>식물원,수목원). 전화: 정보없음",https://map.naver.com/v5/search/%EC%A4%91%EB%9E%91%EC%B2%9C%ED%94%BC%ED%81%AC%EB%8B%89%EC%A0%95%EC%9B%90,"single:0.75;couple:0.4;family:0.3;여행,명소>식물원,수목원;수목원",2026-08-23 19:43:15,nature:1.0;outdoor:1.0;walk:0.8,2,70,🌳 혼자 걷기 좋은 자연 친화 공간
네이버 지역검색 API | 서울 서대문구,독립서점,유어마인드,상시,성인 (개인 방문 적합),"서울특별시 서대문구 연희로 122 302호 | 좌표:1269324382,375684604",장소 문의 (전화/홈페이지 참조),서울 서대문구에 위치한 독립서점 관련 장소 [유어마인드] (서점>독립서점). 전화: 정보없음,https://your-mind.com/,single:0.95;couple:0.4;family:0.3;서점>독립서점;독립서점,2026-08-23 19:43:15,bookstore:1.0;quiet:1.0;indoor:1.0,2,70,📚 혼자만의 시간을 보내기 좋은 조용한 독서 공간
네이버 지역검색 API | 서울 서대문구,독립서점,미스터리 유니온,상시,성인 (개인 방문 적합),"서울특별시 서대문구 이화여대길 88-11 | 좌표:1269437243,375593699",장소 문의 (전화/홈페이지 참조),서울 서대문구에 위치한 독립서점 관련 장소 [미스터리 유니온] (서점>독립서점). 전화: 정보없음,http://www.instagram.com/mysteryunionbook,single:0.95;couple:0.4;family:0.3;서점>독립서점;독립서점,2026-08-23 19:43:15,bookstore:1.0;quiet:1.0;indoor:1.0,2,70,📚 혼자만의 시간을 보내기 좋은 조용한 독서 공간
네이버 지역검색 API | 서울 서대문구,독립서점,연희사과,상시,성인 (개인 방문 적합),"서울특별시 서대문구 홍제천로 200-5 2층 2호 | 좌표:1269352439,375789902",장소 문의 (전화/홈페이지 참조),서울 서대문구에 위치한 독립서점 관련 장소 [연희사과] (서점>독립서점). 전화: 정보없음,https://www.instagram.com/yeonhui_apple?igsh=MWFrYXA0MG5kdGxpdg%3D%3D&utm_source=qr,single:0.95;couple:0.4;family:0.3;서점>독립서점;독립서점,2026-08-23 19:43:15,bookstore:1.0;quiet:1.0;indoor:1.0,2,70,📚 혼자만의 시간을 보내기 좋은 조용한 독서 공간
네이버 지역검색 API | 서울 서대문구,독립서점,모래내책방,상시,성인 (개인 방문 적합),"서울특별시 서대문구 수색로 23-1 3층 | 좌표:1269155407,375687011",장소 문의 (전화/홈페이지 참조),서울 서대문구에 위치한 독립서점 관련 장소 [모래내책방] (서점>독립서점). 전화: 정보없음,https://linktr.ee/sandstreambook,single:0.95;couple:0.4;family:0.3;서점>독립서점;독립서점,2026-08-23 19:43:15,bookstore:1.0;quiet:1.0;indoor:1.0,2,70,📚 혼자만의 시간을 보내기 좋은 조용한 독서 공간
네이버 지역검색 API | 서울 서대문구,독립서점,책친구네집 아쳅토,상시,성인 (개인 방문 적합),"서울특별시 서대문구 홍연길 72 1층 안쪽호 | 좌표:1269307043,375763121",장소 문의 (전화/홈페이지 참조),서울 서대문구에 위치한 독립서점 관련 장소 [책친구네집 아쳅토] (서점>독립서점). 전화: 정보없음,https://www.instagram.com/accepto.official,single:0.95;couple:0.4;family:0.3;서점>독립서점;독립서점,2026-08-23 19:43:15,bookstore:1.0;quiet:1.0;indoor:1.0,2,70,📚 혼자만의 시간을 보내기 좋은 조용한 독서 공간
네이버 지역검색 API | 서울 서대문구,독립서점,비플러스,상시,성인 (개인 방문 적합),"서울특별시 서대문구 응암로 95 1층 | 좌표:1269122621,375814225",장소 문의 (전화/홈페이지 참조),"서울 서대문구에 위치한 북카페 관련 장소 [비플러스] (음식점>카페,디저트). 전화: 정보없음",https://www.instagram.com/cafe_bplus,"single:0.85;couple:0.4;family:0.3;음식점>카페,디저트;북카페",2026-08-23 19:43:15,bookstore:0.8;quiet:0.9;indoor:1.0,2,70,📚 혼자만의 시간을 보내기 좋은 조용한 독서 공간
네이버 지역검색 API | 서울 서대문구,독립서점,북카페파오,상시,성인 (개인 방문 적합),"서울특별시 서대문구 이화여대길 34 신흥빌딩 3층 파오 | 좌표:1269459602,375584688",장소 문의 (전화/홈페이지 참조),"서울 서대문구에 위치한 북카페 관련 장소 [북카페파오] (음식점>카페,디저트). 전화: 정보없음",https://www.instagram.com/bookcafe_pao/,"single:0.85;couple:0.4;family:0.3;음식점>카페,디저트;북카페",2026-08-23 19:43:15,bookstore:0.8;quiet:0.9;indoor:1.0,2,70,📚 혼자만의 시간을 보내기 좋은 조용한 독서 공간
네이버 지역검색 API | 서울 서대문구,독립서점,시도 플레이스,상시,성인 (개인 방문 적합),"서울특별시 서대문구 연희맛로 7-7 시도 플레이스 1~2F | 좌표:1269283474,375662825",장소 문의 (전화/홈페이지 참조),"서울 서대문구에 위치한 북카페 관련 장소 [시도 플레이스] (음식점>카페,디저트). 전화: 정보없음",https://www.instagram.com/siiiido_place,"single:0.85;couple:0.4;family:0.3;음식점>카페,디저트;북카페",2026-08-23 19:43:15,bookstore:0.8;quiet:0.9;indoor:1.0,2,70,📚 혼자만의 시간을 보내기 좋은 조용한 독서 공간
네이버 지역검색 API | 서울 서대문구,독립서점,밤의서점,상시,성인 (개인 방문 적합),"서울특별시 서대문구 성산로 567-8 1층 | 좌표:1269463894,375666778",장소 문의 (전화/홈페이지 참조),"서울 서대문구에 위치한 북카페 관련 장소 [밤의서점] (쇼핑,유통>서점). 전화: 정보없음",https://www.instagram.com/librairie_de_nuit,"single:0.85;couple:0.4;family:0.3;쇼핑,유통>서점;북카페",2026-08-23 19:43:15,bookstore:0.8;quiet:0.9;indoor:1.0,2,70,📚 혼자만의 시간을 보내기 좋은 조용한 독서 공간
네이버 지역검색 API | 서울 서대문구,독립서점,애딩웜스,상시,성인 (개인 방문 적합),"서울특별시 서대문구 증가로 10 403호 | 좌표:1269317520,375693942",장소 문의 (전화/홈페이지 참조),"서울 서대문구에 위치한 북카페 관련 장소 [애딩웜스] (쇼핑,유통>서점). 전화: 정보없음",https://www.instagram.com/adding.warmth,"single:0.85;couple:0.4;family:0.3;쇼핑,유통>서점;북카페",2026-08-23 19:43:15,bookstore:0.8;quiet:0.9;indoor:1.0,2,70,📚 혼자만의 시간을 보내기 좋은 조용한 독서 공간
네이버 지역검색 API | 서울 서대문구,조용한 힐링,랭스터디카페 신촌점,상시,성인 (개인 방문 적합),"서울특별시 서대문구 명물길 6 3층 랭스터디카페 신촌점 | 좌표:1269374114,375573235",장소 문의 (전화/홈페이지 참조),"서울 서대문구에 위치한 스터디카페 관련 장소 [랭스터디카페 신촌점] (서비스,산업>장소대여). 전화: 정보없음",http://instagram.com/lang.studycafe_sinchon/,"single:0.9;couple:0.4;family:0.3;서비스,산업>장소대여;스터디카페",2026-08-23 19:43:15,healing:0.7;quiet:1.0;solo:1.0,2,70,🌿 혼자 사색하며 힐링하기 좋은 장소
네이버 지역검색 API | 서울 서대문구,조용한 힐링,페즈 라이브러리 스터디카페 신촌,상시,성인 (개인 방문 적합),"서울특별시 서대문구 명물길 21 3층 | 좌표:1269377858,375579764",장소 문의 (전화/홈페이지 참조),서울 서대문구에 위치한 스터디카페 관련 장소 [페즈 라이브러리 스터디카페 신촌] (스터디카페). 전화: 정보없음,https://www.instagram.com/fes_library,single:0.9;couple:0.4;family:0.3;스터디카페;스터디카페,2026-08-23 19:43:15,healing:0.7;quiet:1.0;solo:1.0,2,70,🌿 혼자 사색하며 힐링하기 좋은 장소
네이버 지역검색 API | 서울 서대문구,조용한 힐링,디딤스터디카페 워크라운지 이대점,상시,성인 (개인 방문 적합),"서울특별시 서대문구 이화여대길 33 2층 | 좌표:1269456347,375584620",장소 문의 (전화/홈페이지 참조),"서울 서대문구에 위치한 스터디카페 관련 장소 [디딤스터디카페 워크라운지 이대점] (카페,디저트>스터디카페). 전화: 정보없음",https://map.naver.com/v5/search/%EB%94%94%EB%94%A4%EC%8A%A4%ED%84%B0%EB%94%94%EC%B9%B4%ED%8E%98%20%EC%9B%8C%ED%81%AC%EB%9D%BC%EC%9A%B4%EC%A7%80%20%EC%9D%B4%EB%8C%80%EC%A0%90,"single:0.9;couple:0.4;family:0.3;카페,디저트>스터디카페;스터디카페",2026-08-23 19:43:15,healing:0.7;quiet:1.0;solo:1.0,2,70,🌿 혼자 사색하며 힐링하기 좋은 장소
네이버 지역검색 API | 서울 서대문구,조용한 힐링,카공족 연희점,상시,성인 (개인 방문 적합),"서울특별시 서대문구 연희로 98 3층 | 좌표:1269310187,375666211",장소 문의 (전화/홈페이지 참조),"서울 서대문구에 위치한 스터디카페 관련 장소 [카공족 연희점] (카페,디저트>스터디카페). 전화: 정보없음",https://www.instagram.com/cagongzok_official/,"single:0.9;couple:0.4;family:0.3;카페,디저트>스터디카페;스터디카페",2026-08-23 19:43:15,healing:0.7;quiet:1.0;solo:1.0,2,70,🌿 혼자 사색하며 힐링하기 좋은 장소
네이버 지역검색 API | 서울 서대문구,조용한 힐링,스터디 카페 모각,상시,성인 (개인 방문 적합),"서울특별시 서대문구 연희로2길 62 한빛빌딩 B동 1층 | 좌표:1269278718,375591716",장소 문의 (전화/홈페이지 참조),서울 서대문구에 위치한 스터디카페 관련 장소 [스터디 카페 모각] (스터디카페). 전화: 정보없음,https://www.instagram.com/cafe.mogak/,single:0.9;couple:0.4;family:0.3;스터디카페;스터디카페,2026-08-23 19:43:15,healing:0.7;quiet:1.0;solo:1.0,2,70,🌿 혼자 사색하며 힐링하기 좋은 장소
네이버 지역검색 API | 서울 서대문구,조용한 힐링,마이트리요가 연희,상시,성인 (개인 방문 적합),"서울특별시 서대문구 연희로 85 5층 | 좌표:1269299137,375659426",장소 문의 (전화/홈페이지 참조),서울 서대문구에 위치한 요가원 관련 장소 [마이트리요가 연희] (스포츠시설>요가원). 전화: 정보없음,https://www.instagram.com/maitri_yeonhui,single:0.8;couple:0.4;family:0.3;스포츠시설>요가원;요가원,2026-08-23 19:43:15,healing:1.0;quiet:0.8;solo:0.9,2,70,🌿 혼자 사색하며 힐링하기 좋은 장소
네이버 지역검색 API | 서울 서대문구,조용한 힐링,아마비아요가 서대문점,상시,성인 (개인 방문 적합),"서울특별시 서대문구 통일로 127 충정로 우체국 건물 3층 | 좌표:1269659690,375659366",장소 문의 (전화/홈페이지 참조),서울 서대문구에 위치한 요가원 관련 장소 [아마비아요가 서대문점] (스포츠시설>요가원). 전화: 정보없음,https://www.youtube.com/channel/UCOZsbaSvozkT_m0sUeT156g,single:0.8;couple:0.4;family:0.3;스포츠시설>요가원;요가원,2026-08-23 19:43:15,healing:1.0;quiet:0.8;solo:0.9,2,70,🌿 혼자 사색하며 힐링하기 좋은 장소
네이버 지역검색 API | 서울 서대문구,조용한 힐링,요가하는 작은집,상시,성인 (개인 방문 적합),"서울특별시 서대문구 가재울로2안길 47 1층 | 좌표:1269249916,375755837",장소 문의 (전화/홈페이지 참조),서울 서대문구에 위치한 요가원 관련 장소 [요가하는 작은집] (스포츠시설>요가원). 전화: 정보없음,https://www.instagram.com/little_house_of_yoga,single:0.8;couple:0.4;family:0.3;스포츠시설>요가원;요가원,2026-08-23 19:43:15,healing:1.0;quiet:0.8;solo:0.9,2,70,🌿 혼자 사색하며 힐링하기 좋은 장소
네이버 지역검색 API | 서울 서대문구,조용한 힐링,요가윤나다 독립문점,상시,성인 (개인 방문 적합),"서울특별시 서대문구 통일로 199 3층 | 좌표:1269612083,375709692",장소 문의 (전화/홈페이지 참조),서울 서대문구에 위치한 요가원 관련 장소 [요가윤나다 독립문점] (스포츠시설>요가원). 전화: 정보없음,https://blog.naver.com/yogayunnada,single:0.8;couple:0.4;family:0.3;스포츠시설>요가원;요가원,2026-08-23 19:43:15,healing:1.0;quiet:0.8;solo:0.9,2,70,🌿 혼자 사색하며 힐링하기 좋은 장소
네이버 지역검색 API | 서울 서대문구,조용한 힐링,빅블루 요가,상시,성인 (개인 방문 적합),"서울특별시 서대문구 연희로15길 31 지층 | 좌표:1269302433,375688084",장소 문의 (전화/홈페이지 참조),서울 서대문구에 위치한 요가원 관련 장소 [빅블루 요가] (스포츠시설>요가원). 전화: 정보없음,https://www.instagram.com/bigblue.yoga/,single:0.8;couple:0.4;family:0.3;스포츠시설>요가원;요가원,2026-08-23 19:43:15,healing:1.0;quiet:0.8;solo:0.9,2,70,🌿 혼자 사색하며 힐링하기 좋은 장소
네이버 지역검색 API | 서울 서대문구,조용한 힐링,숨명상센터,상시,성인 (개인 방문 적합),"서울특별시 서대문구 연희로26길 48 2층 | 좌표:1269380733,375720958",장소 문의 (전화/홈페이지 참조),"서울 서대문구에 위치한 명상센터 관련 장소 [숨명상센터] (스포츠,레크레이션교육>요가,명상). 전화: 정보없음",http://www.thesoum.com/,"single:0.85;couple:0.4;family:0.3;스포츠,레크레이션교육>요가,명상;명상센터",2026-08-23 19:43:15,healing:1.0;quiet:1.0;solo:1.0,2,70,🌿 혼자 사색하며 힐링하기 좋은 장소
네이버 지역검색 API | 서울 서대문구,조용한 힐링,오스모브,상시,성인 (개인 방문 적합),"서울특별시 서대문구 연희로25길 66 3층 | 좌표:1269328313,375707753",장소 문의 (전화/홈페이지 참조),"서울 서대문구에 위치한 명상센터 관련 장소 [오스모브] (서비스,산업>장소대여). 전화: 정보없음",http://pf.kakao.com/_Mhsyn,"single:0.85;couple:0.4;family:0.3;서비스,산업>장소대여;명상센터",2026-08-23 19:43:15,healing:1.0;quiet:1.0;solo:1.0,2,70,🌿 혼자 사색하며 힐링하기 좋은 장소
네이버 지역검색 API | 서울 서대문구,조용한 힐링,브레인트레이닝센터 홍제명상점,상시,성인 (개인 방문 적합),"서울특별시 서대문구 통일로 440 4층 브레인트레이닝센터 | 좌표:1269451053,375883605",장소 문의 (전화/홈페이지 참조),"서울 서대문구에 위치한 명상센터 관련 장소 [브레인트레이닝센터 홍제명상점] (스포츠,레크레이션교육>요가,명상). 전화: 정보없음",https://blog.naver.com/fellow380,"single:0.85;couple:0.4;family:0.3;스포츠,레크레이션교육>요가,명상;명상센터",2026-08-23 19:43:15,healing:1.0;quiet:1.0;solo:1.0,2,70,🌿 혼자 사색하며 힐링하기 좋은 장소
네이버 지역검색 API | 서울 서대문구,조용한 힐링,자연치유센터,상시,성인 (개인 방문 적합),"서울특별시 서대문구 수색로 102 활명한방병원 3,4층 | 좌표:1269083266,375728792",장소 문의 (전화/홈페이지 참조),"서울 서대문구에 위치한 명상센터 관련 장소 [자연치유센터] (스포츠,레크레이션교육>요가,명상). 전화: 정보없음",https://map.naver.com/v5/search/%EC%9E%90%EC%97%B0%EC%B9%98%EC%9C%A0%EC%84%BC%ED%84%B0,"single:0.85;couple:0.4;family:0.3;스포츠,레크레이션교육>요가,명상;명상센터",2026-08-23 19:43:15,healing:1.0;quiet:1.0;solo:1.0,2,70,🌿 혼자 사색하며 힐링하기 좋은 장소
네이버 지역검색 API | 서울 서대문구,조용한 힐링,비로자나국제선원,상시,성인 (개인 방문 적합),"서울특별시 서대문구 홍제내길 42 | 좌표:1269363628,375843573",장소 문의 (전화/홈페이지 참조),서울 서대문구에 위치한 명상센터 관련 장소 [비로자나국제선원] (종교>불교). 전화: 정보없음,http://www.cosmicbuddha.kr/,single:0.85;couple:0.4;family:0.3;종교>불교;명상센터,2026-08-23 19:43:15,healing:1.0;quiet:1.0;solo:1.0,2,70,🌿 혼자 사색하며 힐링하기 좋은 장소
네이버 지역검색 API | 서울 서대문구,역사·문화,덕수궁,상시,성인 (개인 방문 적합),"서울특별시 중구 세종대로 99 덕수궁 | 좌표:1269749148,375660945",장소 문의 (전화/홈페이지 참조),"서울 서대문구에 위치한 고궁 관련 장소 [덕수궁] (여행,명소>궁궐). 전화: 정보없음",https://royal.khs.go.kr/dsg,"single:0.75;couple:0.4;family:0.3;여행,명소>궁궐;고궁",2026-08-23 19:43:15,culture:1.0;history:1.0;outdoor:0.6,2,70,🏯 깊이 있게 둘러보기 좋은 역사·문화 명소
네이버 지역검색 API | 서울 서대문구,역사·문화,옥천암,상시,성인 (개인 방문 적합),"서울특별시 서대문구 홍지문길 1-38 옥천암 | 좌표:1269543475,375969645",장소 문의 (전화/홈페이지 참조),"서울 서대문구에 위치한 사찰 관련 장소 [옥천암] (불교>절,사찰). 전화: 정보없음",http://www.okcheonam.com/,"single:0.7;couple:0.4;family:0.3;불교>절,사찰;사찰",2026-08-23 19:43:15,culture:1.0;history:0.9;outdoor:0.7,2,70,🏯 깊이 있게 둘러보기 좋은 역사·문화 명소
네이버 지역검색 API | 서울 서대문구,역사·문화,봉원사,상시,성인 (개인 방문 적합),"서울특별시 서대문구 봉원동 산1 | 좌표:1269477866,375720004",장소 문의 (전화/홈페이지 참조),"서울 서대문구에 위치한 사찰 관련 장소 [봉원사] (불교>절,사찰). 전화: 정보없음",http://www.bongwonsa.or.kr/,"single:0.7;couple:0.4;family:0.3;불교>절,사찰;사찰",2026-08-23 19:43:15,culture:1.0;history:0.9;outdoor:0.7,2,70,🏯 깊이 있게 둘러보기 좋은 역사·문화 명소
네이버 지역검색 API | 서울 서대문구,역사·문화,백련사,상시,성인 (개인 방문 적합),"서울특별시 서대문구 백련사길 170-72 한국불교 태고종 백련사 | 좌표:1269272066,375864223",장소 문의 (전화/홈페이지 참조),"서울 서대문구에 위치한 사찰 관련 장소 [백련사] (불교>절,사찰). 전화: 정보없음",https://paengryontemple.or.kr/,"single:0.7;couple:0.4;family:0.3;불교>절,사찰;사찰",2026-08-23 19:43:15,culture:1.0;history:0.9;outdoor:0.7,2,70,🏯 깊이 있게 둘러보기 좋은 역사·문화 명소
네이버 지역검색 API | 서울 서대문구,역사·문화,성룡사,상시,성인 (개인 방문 적합),"서울특별시 서대문구 신촌로7길 30 | 좌표:1269323001,375581523",장소 문의 (전화/홈페이지 참조),"서울 서대문구에 위치한 사찰 관련 장소 [성룡사] (불교>절,사찰). 전화: 정보없음",https://www.instagram.com/sinchonhaetal?igsh=dnRqdWZuZ3M2MHQ5,"single:0.7;couple:0.4;family:0.3;불교>절,사찰;사찰",2026-08-23 19:43:15,culture:1.0;history:0.9;outdoor:0.7,2,70,🏯 깊이 있게 둘러보기 좋은 역사·문화 명소
네이버 지역검색 API | 서울 서대문구,역사·문화,대한불교조계종 석가사,상시,성인 (개인 방문 적합),"서울특별시 서대문구 연희로33가길 6-29 | 좌표:1269336797,375771694",장소 문의 (전화/홈페이지 참조),"서울 서대문구에 위치한 사찰 관련 장소 [대한불교조계종 석가사] (불교>절,사찰). 전화: 정보없음",https://map.naver.com/v5/search/%EB%8C%80%ED%95%9C%EB%B6%88%EA%B5%90%EC%A1%B0%EA%B3%84%EC%A2%85%20%EC%84%9D%EA%B0%80%EC%82%AC,"single:0.7;couple:0.4;family:0.3;불교>절,사찰;사찰",2026-08-23 19:43:15,culture:1.0;history:0.9;outdoor:0.7,2,70,🏯 깊이 있게 둘러보기 좋은 역사·문화 명소
네이버 지역검색 API | 서울 서대문구,자연·공원,북한산둘레길7구간(옛성길),상시,성인 (개인 방문 적합),"서울특별시 서대문구 홍은동 산1-1 | 좌표:1269469499,376076416",장소 문의 (전화/홈페이지 참조),"서울 서대문구에 위치한 둘레길 관련 장소 [북한산둘레길7구간(옛성길)] (여행,명소>도보코스). 전화: 정보없음",https://map.naver.com/v5/search/%EB%B6%81%ED%95%9C%EC%82%B0%EB%91%98%EB%A0%88%EA%B8%B87%EA%B5%AC%EA%B0%84%28%EC%98%9B%EC%84%B1%EA%B8%B8%29,"single:0.8;couple:0.4;family:0.3;여행,명소>도보코스;둘레길",2026-08-23 19:43:15,nature:1.0;outdoor:1.0;walk:1.0,2,70,🌳 혼자 걷기 좋은 자연 친화 공간
네이버 지역검색 API | 서울 서대문구,자연·공원,서울둘레길인증스탬프(증산체육공원),상시,성인 (개인 방문 적합),"서울특별시 은평구 증산동 | 좌표:1269026618,375851513",장소 문의 (전화/홈페이지 참조),"서울 서대문구에 위치한 둘레길 관련 장소 [서울둘레길인증스탬프(증산체육공원)] (여행,명소>거리,골목). 전화: 정보없음",https://map.naver.com/v5/search/%EC%84%9C%EC%9A%B8%EB%91%98%EB%A0%88%EA%B8%B8%EC%9D%B8%EC%A6%9D%EC%8A%A4%ED%83%AC%ED%94%84%28%EC%A6%9D%EC%82%B0%EC%B2%B4%EC%9C%A1%EA%B3%B5%EC%9B%90%29,"single:0.8;couple:0.4;family:0.3;여행,명소>거리,골목;둘레길",2026-08-23 19:43:15,nature:1.0;outdoor:1.0;walk:1.0,2,70,🌳 혼자 걷기 좋은 자연 친화 공간
네이버 지역검색 API | 서울 서대문구,자연·공원,서울둘레길16코스(봉산앵봉산),상시,성인 (개인 방문 적합),"서울특별시 은평구 갈현로15길 27-1 은평의 마을 | 좌표:1269016993,376104268",장소 문의 (전화/홈페이지 참조),"서울 서대문구에 위치한 둘레길 관련 장소 [서울둘레길16코스(봉산앵봉산)] (여행,명소>도보코스). 전화: 정보없음",https://map.naver.com/v5/search/%EC%84%9C%EC%9A%B8%EB%91%98%EB%A0%88%EA%B8%B816%EC%BD%94%EC%8A%A4%28%EB%B4%89%EC%82%B0%EC%95%B5%EB%B4%89%EC%82%B0%29,"single:0.8;couple:0.4;family:0.3;여행,명소>도보코스;둘레길",2026-08-23 19:43:15,nature:1.0;outdoor:1.0;walk:1.0,2,70,🌳 혼자 걷기 좋은 자연 친화 공간
네이버 지역검색 API | 서울 서대문구,자연·공원,사계절정원,상시,성인 (개인 방문 적합),"서울특별시 서대문구 | 좌표:1269192029,375705361",장소 문의 (전화/홈페이지 참조),"서울 서대문구에 위치한 수목원 관련 장소 [사계절정원] (여행,명소>식물원,수목원). 전화: 정보없음",https://map.naver.com/v5/search/%EC%82%AC%EA%B3%84%EC%A0%88%EC%A0%95%EC%9B%90,"single:0.75;couple:0.4;family:0.3;여행,명소>식물원,수목원;수목원",2026-08-23 19:43:15,nature:1.0;outdoor:1.0;walk:0.8,2,70,🌳 혼자 걷기 좋은 자연 친화 공간
네이버 지역검색 API | 서울 은평구,독립서점,책방시나브로,상시,성인 (개인 방문 적합),"서울특별시 은평구 응암로25길 11-1 1층 책방시나브로 (BOOKSHOP) | 좌표:1269170032,375952630",장소 문의 (전화/홈페이지 참조),서울 은평구에 위치한 독립서점 관련 장소 [책방시나브로] (서점>독립서점). 전화: 정보없음,http://smartstore.naver.com/littlebylittlebooks,single:0.95;couple:0.4;family:0.3;서점>독립서점;독립서점,2026-08-23 19:43:15,bookstore:1.0;quiet:1.0;indoor:1.0,2,70,📚 혼자만의 시간을 보내기 좋은 조용한 독서 공간
네이버 지역검색 API | 서울 은평구,독립서점,은둔책방,상시,성인 (개인 방문 적합),"서울특별시 은평구 은평로3길 20-3 1층 | 좌표:1269154160,376007813",장소 문의 (전화/홈페이지 참조),서울 은평구에 위치한 독립서점 관련 장소 [은둔책방] (서점>독립서점). 전화: 정보없음,https://youtube.com/@EundunBookstore,single:0.95;couple:0.4;family:0.3;서점>독립서점;독립서점,2026-08-23 19:43:15,bookstore:1.0;quiet:1.0;indoor:1.0,2,70,📚 혼자만의 시간을 보내기 좋은 조용한 독서 공간
네이버 지역검색 API | 서울 은평구,독립서점,읽는공간 사색서재,상시,성인 (개인 방문 적합),"서울특별시 은평구 연서로4길 12 2층 읽는공간 사색서재 | 좌표:1269173437,376024824",장소 문의 (전화/홈페이지 참조),서울 은평구에 위치한 독립서점 관련 장소 [읽는공간 사색서재] (서점>독립서점). 전화: 정보없음,https://linktr.ee/sasaekbooks,single:0.95;couple:0.4;family:0.3;서점>독립서점;독립서점,2026-08-23 19:43:15,bookstore:1.0;quiet:1.0;indoor:1.0,2,70,📚 혼자만의 시간을 보내기 좋은 조용한 독서 공간
네이버 지역검색 API | 서울 은평구,독립서점,더누크,상시,성인 (개인 방문 적합),"서울특별시 은평구 녹번로 46 1층 더누크 | 좌표:1269298269,376055413",장소 문의 (전화/홈페이지 참조),서울 은평구에 위치한 독립서점 관련 장소 [더누크] (서점>독립서점). 전화: 정보없음,https://www.instagram.com/thenook.books,single:0.95;couple:0.4;family:0.3;서점>독립서점;독립서점,2026-08-23 19:43:15,bookstore:1.0;quiet:1.0;indoor:1.0,2,70,📚 혼자만의 시간을 보내기 좋은 조용한 독서 공간
네이버 지역검색 API | 서울 은평구,독립서점,섬타임즈,상시,성인 (개인 방문 적합),"서울특별시 은평구 연서로 455 상가비 536동 제지하1층 107호 | 좌표:1269330467,376366144",장소 문의 (전화/홈페이지 참조),서울 은평구에 위치한 독립서점 관련 장소 [섬타임즈] (서점>독립서점). 전화: 정보없음,https://www.instagram.com/sometimes_jeju,single:0.95;couple:0.4;family:0.3;서점>독립서점;독립서점,2026-08-23 19:43:15,bookstore:1.0;quiet:1.0;indoor:1.0,2,70,📚 혼자만의 시간을 보내기 좋은 조용한 독서 공간
네이버 지역검색 API | 서울 은평구,독립서점,알키미스타,상시,성인 (개인 방문 적합),"서울특별시 은평구 응암로9길 24 1층 | 좌표:1269138613,375878363",장소 문의 (전화/홈페이지 참조),"서울 은평구에 위치한 북카페 관련 장소 [알키미스타] (음식점>카페,디저트). 전화: 정보없음",https://blog.naver.com/alquimistar,"single:0.85;couple:0.4;family:0.3;음식점>카페,디저트;북카페",2026-08-23 19:43:15,bookstore:0.8;quiet:0.9;indoor:1.0,2,70,📚 혼자만의 시간을 보내기 좋은 조용한 독서 공간
네이버 지역검색 API | 서울 은평구,독립서점,불광문고 수련점,상시,성인 (개인 방문 적합),"서울특별시 은평구 연서로 71 2층 | 좌표:1269151672,376054730",장소 문의 (전화/홈페이지 참조),"서울 은평구에 위치한 북카페 관련 장소 [불광문고 수련점] (쇼핑,유통>서점). 전화: 정보없음",https://www.facebook.com/bkbook1996,"single:0.85;couple:0.4;family:0.3;쇼핑,유통>서점;북카페",2026-08-23 19:43:15,bookstore:0.8;quiet:0.9;indoor:1.0,2,70,📚 혼자만의 시간을 보내기 좋은 조용한 독서 공간
네이버 지역검색 API | 서울 은평구,독립서점,갈림길 서재,상시,성인 (개인 방문 적합),"서울특별시 은평구 증산로19길 8-3 1층 | 좌표:1269134854,375948769",장소 문의 (전화/홈페이지 참조),"서울 은평구에 위치한 북카페 관련 장소 [갈림길 서재] (카페,디저트>북카페). 전화: 정보없음",https://www.instagram.com/fork_library/,"single:0.85;couple:0.4;family:0.3;카페,디저트>북카페;북카페",2026-08-23 19:43:15,bookstore:0.8;quiet:0.9;indoor:1.0,2,70,📚 혼자만의 시간을 보내기 좋은 조용한 독서 공간
네이버 지역검색 API | 서울 은평구,독립서점,물푸레북카페,상시,성인 (개인 방문 적합),"서울특별시 은평구 진관4로 48-51 은평뉴타운상림마을 742동 1층 | 좌표:1269298651,376436129",장소 문의 (전화/홈페이지 참조),"서울 은평구에 위치한 북카페 관련 장소 [물푸레북카페] (카페,디저트>북카페). 전화: 정보없음",https://www.instagram.com/bookcafemulpure/,"single:0.85;couple:0.4;family:0.3;카페,디저트>북카페;북카페",2026-08-23 19:43:15,bookstore:0.8;quiet:0.9;indoor:1.0,2,70,📚 혼자만의 시간을 보내기 좋은 조용한 독서 공간
네이버 지역검색 API | 서울 은평구,독립서점,카페옴니버스,상시,성인 (개인 방문 적합),"서울특별시 은평구 진관3로 77 | 좌표:1269194210,376431008",장소 문의 (전화/홈페이지 참조),"서울 은평구에 위치한 북카페 관련 장소 [카페옴니버스] (음식점>카페,디저트). 전화: 정보없음",https://www.instagram.com/ep.booktown,"single:0.85;couple:0.4;family:0.3;음식점>카페,디저트;북카페",2026-08-23 19:43:15,bookstore:0.8;quiet:0.9;indoor:1.0,2,70,📚 혼자만의 시간을 보내기 좋은 조용한 독서 공간
네이버 지역검색 API | 서울 은평구,조용한 힐링,노블 24시 스터디카페,상시,성인 (개인 방문 적합),"서울특별시 은평구 통일로 908 2층 | 좌표:1269202439,376241245",장소 문의 (전화/홈페이지 참조),"서울 은평구에 위치한 스터디카페 관련 장소 [노블 24시 스터디카페] (서비스,산업>장소대여). 전화: 정보없음",https://map.naver.com/v5/search/%EB%85%B8%EB%B8%94%2024%EC%8B%9C%20%EC%8A%A4%ED%84%B0%EB%94%94%EC%B9%B4%ED%8E%98,"single:0.9;couple:0.4;family:0.3;서비스,산업>장소대여;스터디카페",2026-08-23 19:43:15,healing:0.7;quiet:1.0;solo:1.0,2,70,🌿 혼자 사색하며 힐링하기 좋은 장소
네이버 지역검색 API | 서울 은평구,조용한 힐링,에피소드스터디카페,상시,성인 (개인 방문 적합),"서울특별시 은평구 연서로 195 2층 | 좌표:1269184727,376163934",장소 문의 (전화/홈페이지 참조),"서울 은평구에 위치한 스터디카페 관련 장소 [에피소드스터디카페] (서비스,산업>장소대여). 전화: 정보없음",https://www.instagram.com/ep.studycafe,"single:0.9;couple:0.4;family:0.3;서비스,산업>장소대여;스터디카페",2026-08-23 19:43:15,healing:0.7;quiet:1.0;solo:1.0,2,70,🌿 혼자 사색하며 힐링하기 좋은 장소
네이버 지역검색 API | 서울 은평구,조용한 힐링,르하임스터디카페 구파발역점,상시,성인 (개인 방문 적합),"서울특별시 은평구 진관2로 29-21 드림스퀘어 7층 | 좌표:1269193345,376357377",장소 문의 (전화/홈페이지 참조),"서울 은평구에 위치한 스터디카페 관련 장소 [르하임스터디카페 구파발역점] (서비스,산업>장소대여). 전화: 정보없음",https://blog.naver.com/kimgw8001,"single:0.9;couple:0.4;family:0.3;서비스,산업>장소대여;스터디카페",2026-08-23 19:43:15,healing:0.7;quiet:1.0;solo:1.0,2,70,🌿 혼자 사색하며 힐링하기 좋은 장소
네이버 지역검색 API | 서울 은평구,조용한 힐링,시스 스터디카페 서대문은평센터,상시,성인 (개인 방문 적합),"서울특별시 은평구 가좌로 179 4층 | 좌표:1269205950,375870296",장소 문의 (전화/홈페이지 참조),서울 은평구에 위치한 스터디카페 관련 장소 [시스 스터디카페 서대문은평센터] (스터디카페). 전화: 정보없음,https://s.solo.pickko.net/CJPkUiZFGJewlWawjkqCe,single:0.9;couple:0.4;family:0.3;스터디카페;스터디카페,2026-08-23 19:43:15,healing:0.7;quiet:1.0;solo:1.0,2,70,🌿 혼자 사색하며 힐링하기 좋은 장소
네이버 지역검색 API | 서울 은평구,조용한 힐링,미라클 스터디카페 은평진관센터,상시,성인 (개인 방문 적합),"서울특별시 은평구 진관3로 11 101동 208호 | 좌표:1269182748,376394039",장소 문의 (전화/홈페이지 참조),"서울 은평구에 위치한 스터디카페 관련 장소 [미라클 스터디카페 은평진관센터] (서비스,산업>장소대여). 전화: 정보없음",http://pf.kakao.com/_lxoaxfG,"single:0.9;couple:0.4;family:0.3;서비스,산업>장소대여;스터디카페",2026-08-23 19:43:15,healing:0.7;quiet:1.0;solo:1.0,2,70,🌿 혼자 사색하며 힐링하기 좋은 장소
네이버 지역검색 API | 서울 은평구,조용한 힐링,요가스테이 은평구파발점,상시,성인 (개인 방문 적합),"서울특별시 은평구 통일로 1034 2층 217호 | 좌표:1269180011,376350853",장소 문의 (전화/홈페이지 참조),서울 은평구에 위치한 요가원 관련 장소 [요가스테이 은평구파발점] (스포츠시설>요가원). 전화: 정보없음,https://youtube.com/@yogastay_suji,single:0.8;couple:0.4;family:0.3;스포츠시설>요가원;요가원,2026-08-23 19:43:15,healing:1.0;quiet:0.8;solo:0.9,2,70,🌿 혼자 사색하며 힐링하기 좋은 장소
네이버 지역검색 API | 서울 은평구,조용한 힐링,에어리얼플로우요가,상시,성인 (개인 방문 적합),"서울특별시 은평구 증산로 235 골드스퀘어 2층 | 좌표:1269047309,375796122",장소 문의 (전화/홈페이지 참조),서울 은평구에 위치한 요가원 관련 장소 [에어리얼플로우요가] (스포츠시설>요가원). 전화: 정보없음,https://blog.naver.com/jazz3112,single:0.8;couple:0.4;family:0.3;스포츠시설>요가원;요가원,2026-08-23 19:43:15,healing:1.0;quiet:0.8;solo:0.9,2,70,🌿 혼자 사색하며 힐링하기 좋은 장소
네이버 지역검색 API | 서울 은평구,조용한 힐링,지옴요가,상시,성인 (개인 방문 적합),"서울특별시 은평구 응암로 264 서울빌딩 6층 | 좌표:1269188925,375953086",장소 문의 (전화/홈페이지 참조),서울 은평구에 위치한 요가원 관련 장소 [지옴요가] (스포츠시설>요가원). 전화: 정보없음,https://blog.naver.com/ziomyoga,single:0.8;couple:0.4;family:0.3;스포츠시설>요가원;요가원,2026-08-23 19:43:15,healing:1.0;quiet:0.8;solo:0.9,2,70,🌿 혼자 사색하며 힐링하기 좋은 장소
네이버 지역검색 API | 서울 은평구,조용한 힐링,아메리카요가 연신내점,상시,성인 (개인 방문 적합),"서울특별시 은평구 연서로 201 3층 | 좌표:1269186999,376167850",장소 문의 (전화/홈페이지 참조),서울 은평구에 위치한 요가원 관련 장소 [아메리카요가 연신내점] (스포츠시설>요가원). 전화: 정보없음,https://blog.naver.com/kmeglove98,single:0.8;couple:0.4;family:0.3;스포츠시설>요가원;요가원,2026-08-23 19:43:15,healing:1.0;quiet:0.8;solo:0.9,2,70,🌿 혼자 사색하며 힐링하기 좋은 장소
네이버 지역검색 API | 서울 은평구,조용한 힐링,아라마요가,상시,성인 (개인 방문 적합),"서울특별시 은평구 응암로 190 3층 | 좌표:1269171658,375888176",장소 문의 (전화/홈페이지 참조),서울 은평구에 위치한 요가원 관련 장소 [아라마요가] (스포츠시설>요가원). 전화: 정보없음,https://blog.naver.com/aramayoga,single:0.8;couple:0.4;family:0.3;스포츠시설>요가원;요가원,2026-08-23 19:43:15,healing:1.0;quiet:0.8;solo:0.9,2,70,🌿 혼자 사색하며 힐링하기 좋은 장소
네이버 지역검색 API | 서울 은평구,조용한 힐링,수경명상센터,상시,성인 (개인 방문 적합),"서울특별시 은평구 연서로34길 5 지하1층 | 좌표:1269270395,376214189",장소 문의 (전화/홈페이지 참조),"서울 은평구에 위치한 명상센터 관련 장소 [수경명상센터] (스포츠,레크레이션교육>요가,명상). 전화: 정보없음",https://map.naver.com/v5/search/%EC%88%98%EA%B2%BD%EB%AA%85%EC%83%81%EC%84%BC%ED%84%B0,"single:0.85;couple:0.4;family:0.3;스포츠,레크레이션교육>요가,명상;명상센터",2026-08-23 19:43:15,healing:1.0;quiet:1.0;solo:1.0,2,70,🌿 혼자 사색하며 힐링하기 좋은 장소
네이버 지역검색 API | 서울 은평구,조용한 힐링,마음수련 명상센터 은평점,상시,성인 (개인 방문 적합),"서울특별시 은평구 진흥로 27 하늘애1차아파트 상가 202호 | 좌표:1269184467,376005340",장소 문의 (전화/홈페이지 참조),"서울 은평구에 위치한 명상센터 관련 장소 [마음수련 명상센터 은평점] (스포츠,레크레이션교육>요가,명상). 전화: 정보없음",http://trueselfclass.com/,"single:0.85;couple:0.4;family:0.3;스포츠,레크레이션교육>요가,명상;명상센터",2026-08-23 19:43:15,healing:1.0;quiet:1.0;solo:1.0,2,70,🌿 혼자 사색하며 힐링하기 좋은 장소
네이버 지역검색 API | 서울 은평구,조용한 힐링,한국크리슈나무르티센터,상시,성인 (개인 방문 적합),"서울특별시 은평구 통일로 728 2층 | 좌표:1269301915,376105799",장소 문의 (전화/홈페이지 참조),"서울 은평구에 위치한 명상센터 관련 장소 [한국크리슈나무르티센터] (교육,학문>교육원,교육센터). 전화: 정보없음",https://krishnamurti.kr,"single:0.85;couple:0.4;family:0.3;교육,학문>교육원,교육센터;명상센터",2026-08-23 19:43:15,healing:1.0;quiet:1.0;solo:1.0,2,70,🌿 혼자 사색하며 힐링하기 좋은 장소
네이버 지역검색 API | 서울 은평구,조용한 힐링,브레인트레이닝센터 연신내명상,상시,성인 (개인 방문 적합),"서울특별시 은평구 통일로 874 연신빌딩 7층 | 좌표:1269203503,376210357",장소 문의 (전화/홈페이지 참조),"서울 은평구에 위치한 명상센터 관련 장소 [브레인트레이닝센터 연신내명상] (스포츠,레크레이션교육>요가,명상). 전화: 정보없음",https://map.naver.com/v5/search/%EB%B8%8C%EB%A0%88%EC%9D%B8%ED%8A%B8%EB%A0%88%EC%9D%B4%EB%8B%9D%EC%84%BC%ED%84%B0%20%EC%97%B0%EC%8B%A0%EB%82%B4%EB%AA%85%EC%83%81,"single:0.85;couple:0.4;family:0.3;스포츠,레크레이션교육>요가,명상;명상센터",2026-08-23 19:43:15,healing:1.0;quiet:1.0;solo:1.0,2,70,🌿 혼자 사색하며 힐링하기 좋은 장소
네이버 지역검색 API | 서울 은평구,조용한 힐링,선무도선요가명상강서치유센타,상시,성인 (개인 방문 적합),"서울특별시 은평구 서오릉로2길 11 | 좌표:1269280418,376024087",장소 문의 (전화/홈페이지 참조),서울 은평구에 위치한 명상센터 관련 장소 [선무도선요가명상강서치유센타] (스포츠시설>요가원). 전화: 정보없음,https://map.naver.com/v5/search/%EC%84%A0%EB%AC%B4%EB%8F%84%EC%84%A0%EC%9A%94%EA%B0%80%EB%AA%85%EC%83%81%EA%B0%95%EC%84%9C%EC%B9%98%EC%9C%A0%EC%84%BC%ED%83%80,single:0.85;couple:0.4;family:0.3;스포츠시설>요가원;명상센터,2026-08-23 19:43:15,healing:1.0;quiet:1.0;solo:1.0,2,70,🌿 혼자 사색하며 힐링하기 좋은 장소
네이버 지역검색 API | 서울 은평구,역사·문화,진관사,상시,성인 (개인 방문 적합),"서울특별시 은평구 진관길 73 진관사 | 좌표:1269466776,376379923",장소 문의 (전화/홈페이지 참조),"서울 은평구에 위치한 사찰 관련 장소 [진관사] (불교>절,사찰). 전화: 정보없음",http://www.jinkwansa.org/,"single:0.7;couple:0.4;family:0.3;불교>절,사찰;사찰",2026-08-23 19:43:15,culture:1.0;history:0.9;outdoor:0.7,2,70,🏯 깊이 있게 둘러보기 좋은 역사·문화 명소
네이버 지역검색 API | 서울 은평구,역사·문화,수국사,상시,성인 (개인 방문 적합),"서울특별시 은평구 서오릉로23길 8-5 1층 | 좌표:1269054146,376158033",장소 문의 (전화/홈페이지 참조),"서울 은평구에 위치한 사찰 관련 장소 [수국사] (불교>절,사찰). 전화: 정보없음",http://수국사.org,"single:0.7;couple:0.4;family:0.3;불교>절,사찰;사찰",2026-08-23 19:43:15,culture:1.0;history:0.9;outdoor:0.7,2,70,🏯 깊이 있게 둘러보기 좋은 역사·문화 명소
네이버 지역검색 API | 서울 은평구,역사·문화,삼천사,상시,성인 (개인 방문 적합),"서울특별시 은평구 연서로54길 127 | 좌표:1269525093,376422683",장소 문의 (전화/홈페이지 참조),"서울 은평구에 위치한 사찰 관련 장소 [삼천사] (불교>절,사찰). 전화: 정보없음",http://www.3004.or.kr/,"single:0.7;couple:0.4;family:0.3;불교>절,사찰;사찰",2026-08-23 19:43:15,culture:1.0;history:0.9;outdoor:0.7,2,70,🏯 깊이 있게 둘러보기 좋은 역사·문화 명소
네이버 지역검색 API | 서울 은평구,역사·문화,백화사,상시,성인 (개인 방문 적합),"서울특별시 은평구 의상봉길 70-7 | 좌표:1269451348,376505175",장소 문의 (전화/홈페이지 참조),"서울 은평구에 위치한 사찰 관련 장소 [백화사] (불교>절,사찰). 전화: 정보없음",https://map.naver.com/v5/search/%EB%B0%B1%ED%99%94%EC%82%AC,"single:0.7;couple:0.4;family:0.3;불교>절,사찰;사찰",2026-08-23 19:43:15,culture:1.0;history:0.9;outdoor:0.7,2,70,🏯 깊이 있게 둘러보기 좋은 역사·문화 명소
네이버 지역검색 API | 서울 은평구,역사·문화,불광사,상시,성인 (개인 방문 적합),"서울특별시 은평구 불광로18길 49 | 좌표:1269364475,376233488",장소 문의 (전화/홈페이지 참조),"서울 은평구에 위치한 사찰 관련 장소 [불광사] (불교>절,사찰). 전화: 정보없음",https://map.naver.com/v5/search/%EB%B6%88%EA%B4%91%EC%82%AC,"single:0.7;couple:0.4;family:0.3;불교>절,사찰;사찰",2026-08-23 19:43:15,culture:1.0;history:0.9;outdoor:0.7,2,70,🏯 깊이 있게 둘러보기 좋은 역사·문화 명소
네이버 지역검색 API | 서울 은평구,자연·공원,카페 309,상시,성인 (개인 방문 적합),"서울특별시 은평구 의상봉길 56-16 의상빌딩 1~3층 | 좌표:1269438822,376516947",장소 문의 (전화/홈페이지 참조),"서울 은평구에 위치한 둘레길 관련 장소 [카페 309] (음식점>카페,디저트). 전화: 정보없음",https://www.instagram.com/309cafe/,"single:0.8;couple:0.4;family:0.3;음식점>카페,디저트;둘레길",2026-08-23 19:43:15,nature:1.0;outdoor:1.0;walk:1.0,2,70,🌳 혼자 걷기 좋은 자연 친화 공간
네이버 지역검색 API | 서울 은평구,자연·공원,둘렛길맛집,상시,성인 (개인 방문 적합),"서울특별시 은평구 불광로18가길 49 세자매 둘레길 식당 | 좌표:1269336678,376260357",장소 문의 (전화/홈페이지 참조),서울 은평구에 위치한 둘레길 관련 장소 [둘렛길맛집] (음식점>한식). 전화: 정보없음,https://map.naver.com/v5/search/%EB%91%98%EB%A0%9B%EA%B8%B8%EB%A7%9B%EC%A7%91,single:0.8;couple:0.4;family:0.3;음식점>한식;둘레길,2026-08-23 19:43:15,nature:1.0;outdoor:1.0;walk:1.0,2,70,🌳 혼자 걷기 좋은 자연 친화 공간
네이버 지역검색 API | 서울 은평구,자연·공원,서울둘레길17코스(북한산은평),상시,성인 (개인 방문 적합),"서울특별시 은평구 불광동 산7-1 | 좌표:1269329138,376242916",장소 문의 (전화/홈페이지 참조),"서울 은평구에 위치한 둘레길 관련 장소 [서울둘레길17코스(북한산은평)] (여행,명소>도보코스). 전화: 정보없음",https://map.naver.com/v5/search/%EC%84%9C%EC%9A%B8%EB%91%98%EB%A0%88%EA%B8%B817%EC%BD%94%EC%8A%A4%28%EB%B6%81%ED%95%9C%EC%82%B0%EC%9D%80%ED%8F%89%29,"single:0.8;couple:0.4;family:0.3;여행,명소>도보코스;둘레길",2026-08-23 19:43:15,nature:1.0;outdoor:1.0;walk:1.0,2,70,🌳 혼자 걷기 좋은 자연 친화 공간
네이버 지역검색 API | 서울 은평구,자연·공원,북한산둘레길9구간(마실길),상시,성인 (개인 방문 적합),"서울특별시 은평구 진관동 132-28 | 좌표:1269407129,376429364",장소 문의 (전화/홈페이지 참조),"서울 은평구에 위치한 둘레길 관련 장소 [북한산둘레길9구간(마실길)] (여행,명소>도보코스). 전화: 정보없음",https://map.naver.com/v5/search/%EB%B6%81%ED%95%9C%EC%82%B0%EB%91%98%EB%A0%88%EA%B8%B89%EA%B5%AC%EA%B0%84%28%EB%A7%88%EC%8B%A4%EA%B8%B8%29,"single:0.8;couple:0.4;family:0.3;여행,명소>도보코스;둘레길",2026-08-23 19:43:15,nature:1.0;outdoor:1.0;walk:1.0,2,70,🌳 혼자 걷기 좋은 자연 친화 공간
네이버 지역검색 API | 서울 은평구,자연·공원,호랭이 커피 불광점,상시,성인 (개인 방문 적합),"서울특별시 은평구 불광로 177 호랭이커피 | 좌표:1269311082,376224002",장소 문의 (전화/홈페이지 참조),"서울 은평구에 위치한 둘레길 관련 장소 [호랭이 커피 불광점] (음식점>카페,디저트). 전화: 정보없음",https://www.instagram.com/horaengi_coffee,"single:0.8;couple:0.4;family:0.3;음식점>카페,디저트;둘레길",2026-08-23 19:43:15,nature:1.0;outdoor:1.0;walk:1.0,2,70,🌳 혼자 걷기 좋은 자연 친화 공간
네이버 지역검색 API | 서울 은평구,자연·공원,뿌리깊은수목원,상시,성인 (개인 방문 적합),"서울특별시 은평구 북한산로 332 | 좌표:1269455039,376570288",장소 문의 (전화/홈페이지 참조),"서울 은평구에 위치한 수목원 관련 장소 [뿌리깊은수목원] (쇼핑,유통>조경). 전화: 정보없음",http://seowoojnd.com/arboretum/,"single:0.75;couple:0.4;family:0.3;쇼핑,유통>조경;수목원",2026-08-23 19:43:15,nature:1.0;outdoor:1.0;walk:0.8,2,70,🌳 혼자 걷기 좋은 자연 친화 공간
네이버 지역검색 API | 서울 은평구,자연·공원,뿌리깊은수목원입구,상시,성인 (개인 방문 적합),"서울특별시 은평구 진관동 | 좌표:1269440098,376577192",장소 문의 (전화/홈페이지 참조),서울 은평구에 위치한 수목원 관련 장소 [뿌리깊은수목원입구] (도로시설>방면정보). 전화: 정보없음,https://map.naver.com/v5/search/%EB%BF%8C%EB%A6%AC%EA%B9%8A%EC%9D%80%EC%88%98%EB%AA%A9%EC%9B%90%EC%9E%85%EA%B5%AC,single:0.75;couple:0.4;family:0.3;도로시설>방면정보;수목원,2026-08-23 19:43:15,nature:1.0;outdoor:1.0;walk:0.8,2,70,🌳 혼자 걷기 좋은 자연 친화 공간
네이버 지역검색 API | 서울 은평구,자연·공원,월하수목원,상시,성인 (개인 방문 적합),"경기도 고양시 덕양구 통일로 33 | 좌표:1269104634,376447756",장소 문의 (전화/홈페이지 참조),"서울 은평구에 위치한 수목원 관련 장소 [월하수목원] (쇼핑,유통>원예,화훼농원). 전화: 정보없음",https://blog.naver.com/flowermom0918,"single:0.75;couple:0.4;family:0.3;쇼핑,유통>원예,화훼농원;수목원",2026-08-23 19:43:15,nature:1.0;outdoor:1.0;walk:0.8,2,70,🌳 혼자 걷기 좋은 자연 친화 공간
네이버 지역검색 API | 서울 송파구,독립서점,무수책방,상시,성인 (개인 방문 적합),"서울특별시 송파구 백제고분로 197 지층 | 좌표:1270887840,375043859",장소 문의 (전화/홈페이지 참조),서울 송파구에 위치한 독립서점 관련 장소 [무수책방] (서점>독립서점). 전화: 정보없음,https://blog.naver.com/ggull2018,single:0.95;couple:0.4;family:0.3;서점>독립서점;독립서점,2026-08-23 19:43:15,bookstore:1.0;quiet:1.0;indoor:1.0,2,70,📚 혼자만의 시간을 보내기 좋은 조용한 독서 공간
네이버 지역검색 API | 서울 송파구,독립서점,에밀앤폴,상시,성인 (개인 방문 적합),"서울특별시 송파구 올림픽로32길 22-23 2층 202호 | 좌표:1271083741,375134986",장소 문의 (전화/홈페이지 참조),서울 송파구에 위치한 독립서점 관련 장소 [에밀앤폴] (서점>독립서점). 전화: 정보없음,https://www.instagram.com/emile_and_paul/,single:0.95;couple:0.4;family:0.3;서점>독립서점;독립서점,2026-08-23 19:43:15,bookstore:1.0;quiet:1.0;indoor:1.0,2,70,📚 혼자만의 시간을 보내기 좋은 조용한 독서 공간
네이버 지역검색 API | 서울 송파구,독립서점,북택트플러스,상시,성인 (개인 방문 적합),"서울특별시 송파구 오금로27길 53 3층 301호 | 좌표:1271208583,375104556",장소 문의 (전화/홈페이지 참조),서울 송파구에 위치한 독립서점 관련 장소 [북택트플러스] (서점>독립서점). 전화: 정보없음,https://blog.naver.com/noregret02,single:0.95;couple:0.4;family:0.3;서점>독립서점;독립서점,2026-08-23 19:43:15,bookstore:1.0;quiet:1.0;indoor:1.0,2,70,📚 혼자만의 시간을 보내기 좋은 조용한 독서 공간
네이버 지역검색 API | 서울 송파구,독립서점,뜸book뜸book,상시,성인 (개인 방문 적합),"서울특별시 송파구 석촌호수로 118 | 좌표:1270900398,375074508",장소 문의 (전화/홈페이지 참조),서울 송파구에 위치한 독립서점 관련 장소 [뜸book뜸book] (서점>독립서점). 전화: 정보없음,https://map.naver.com/v5/search/%EB%9C%B8book%EB%9C%B8book,single:0.95;couple:0.4;family:0.3;서점>독립서점;독립서점,2026-08-23 19:43:15,bookstore:1.0;quiet:1.0;indoor:1.0,2,70,📚 혼자만의 시간을 보내기 좋은 조용한 독서 공간
네이버 지역검색 API | 서울 송파구,독립서점,무엇보다 책방,상시,성인 (개인 방문 적합),"서울특별시 송파구 백제고분로45길 30 미석빌딩 305호 | 좌표:1271084759,375104801",장소 문의 (전화/홈페이지 참조),"서울 송파구에 위치한 독립서점 관련 장소 [무엇보다 책방] (쇼핑,유통>서점). 전화: 정보없음",https://blog.naver.com/musnmas,"single:0.95;couple:0.4;family:0.3;쇼핑,유통>서점;독립서점",2026-08-23 19:43:15,bookstore:1.0;quiet:1.0;indoor:1.0,2,70,📚 혼자만의 시간을 보내기 좋은 조용한 독서 공간
네이버 지역검색 API | 서울 송파구,독립서점,사색서랍,상시,성인 (개인 방문 적합),"서울특별시 송파구 송파대로46길 12-1 4층 | 좌표:1271062718,375082633",장소 문의 (전화/홈페이지 참조),"서울 송파구에 위치한 북카페 관련 장소 [사색서랍] (카페,디저트>북카페). 전화: 정보없음",https://smartstore.naver.com/thinkingcabinet,"single:0.85;couple:0.4;family:0.3;카페,디저트>북카페;북카페",2026-08-23 19:43:15,bookstore:0.8;quiet:0.9;indoor:1.0,2,70,📚 혼자만의 시간을 보내기 좋은 조용한 독서 공간
네이버 지역검색 API | 서울 송파구,독립서점,카페 마나랑,상시,성인 (개인 방문 적합),"서울특별시 송파구 송파대로49길 37 1층, 2층 | 좌표:1271005789,375063643",장소 문의 (전화/홈페이지 참조),"서울 송파구에 위치한 북카페 관련 장소 [카페 마나랑] (음식점>카페,디저트). 전화: 정보없음",https://map.naver.com/v5/search/%EC%B9%B4%ED%8E%98%20%EB%A7%88%EB%82%98%EB%9E%91,"single:0.85;couple:0.4;family:0.3;음식점>카페,디저트;북카페",2026-08-23 19:43:15,bookstore:0.8;quiet:0.9;indoor:1.0,2,70,📚 혼자만의 시간을 보내기 좋은 조용한 독서 공간
네이버 지역검색 API | 서울 송파구,독립서점,하우스서울,상시,성인 (개인 방문 적합),"서울특별시 송파구 백제고분로9길 5 | 좌표:1270796243,375093451",장소 문의 (전화/홈페이지 참조),"서울 송파구에 위치한 북카페 관련 장소 [하우스서울] (카페,디저트>카페). 전화: 정보없음",https://blog.naver.com/hows_seoul,"single:0.85;couple:0.4;family:0.3;카페,디저트>카페;북카페",2026-08-23 19:43:15,bookstore:0.8;quiet:0.9;indoor:1.0,2,70,📚 혼자만의 시간을 보내기 좋은 조용한 독서 공간
네이버 지역검색 API | 서울 송파구,독립서점,녹북 방이점,상시,성인 (개인 방문 적합),"서울특별시 송파구 오금로11길 10 한라빌딩 6층 603호 | 좌표:1271083091,375142462",장소 문의 (전화/홈페이지 참조),"서울 송파구에 위치한 북카페 관련 장소 [녹북 방이점] (카페,디저트>북카페). 전화: 정보없음",http://pf.kakao.com/_EmJHG,"single:0.85;couple:0.4;family:0.3;카페,디저트>북카페;북카페",2026-08-23 19:43:15,bookstore:0.8;quiet:0.9;indoor:1.0,2,70,📚 혼자만의 시간을 보내기 좋은 조용한 독서 공간
네이버 지역검색 API | 서울 송파구,독립서점,놀숲 잠실새내점,상시,성인 (개인 방문 적합),"서울특별시 송파구 올림픽로12길 4 4층 | 좌표:1270827890,375112815",장소 문의 (전화/홈페이지 참조),"서울 송파구에 위치한 북카페 관련 장소 [놀숲 잠실새내점] (스포츠,오락>만화방). 전화: 정보없음",http://krbda.com/nolsoop,"single:0.85;couple:0.4;family:0.3;스포츠,오락>만화방;북카페",2026-08-23 19:43:15,bookstore:0.8;quiet:0.9;indoor:1.0,2,70,📚 혼자만의 시간을 보내기 좋은 조용한 독서 공간
네이버 지역검색 API | 서울 송파구,조용한 힐링,피터스룸 코워킹카페 석촌,상시,성인 (개인 방문 적합),"서울특별시 송파구 백제고분로42길 4-17 3층 | 좌표:1271087117,375054220",장소 문의 (전화/홈페이지 참조),서울 송파구에 위치한 스터디카페 관련 장소 [피터스룸 코워킹카페 석촌] (스터디카페). 전화: 정보없음,https://www.instagram.com/peters__room?igsh=bjRveHhqNXl2M2Nw&utm_source=qr,single:0.9;couple:0.4;family:0.3;스터디카페;스터디카페,2026-08-23 19:43:15,healing:0.7;quiet:1.0;solo:1.0,2,70,🌿 혼자 사색하며 힐링하기 좋은 장소
네이버 지역검색 API | 서울 송파구,조용한 힐링,카공족 문정역 1호점,상시,성인 (개인 방문 적합),"서울특별시 송파구 문정로 9 201호 | 좌표:1271238182,374863676",장소 문의 (전화/홈페이지 참조),"서울 송파구에 위치한 스터디카페 관련 장소 [카공족 문정역 1호점] (카페,디저트>스터디카페). 전화: 정보없음",https://www.instagram.com/cagongzok_official/,"single:0.9;couple:0.4;family:0.3;카페,디저트>스터디카페;스터디카페",2026-08-23 19:43:15,healing:0.7;quiet:1.0;solo:1.0,2,70,🌿 혼자 사색하며 힐링하기 좋은 장소
네이버 지역검색 API | 서울 송파구,조용한 힐링,카공족 삼전역점,상시,성인 (개인 방문 적합),"서울특별시 송파구 백제고분로 210 3층 | 좌표:1270898735,375035663",장소 문의 (전화/홈페이지 참조),"서울 송파구에 위치한 스터디카페 관련 장소 [카공족 삼전역점] (카페,디저트>스터디카페). 전화: 정보없음",https://www.instagram.com/cagongzok_official,"single:0.9;couple:0.4;family:0.3;카페,디저트>스터디카페;스터디카페",2026-08-23 19:43:15,healing:0.7;quiet:1.0;solo:1.0,2,70,🌿 혼자 사색하며 힐링하기 좋은 장소
네이버 지역검색 API | 서울 송파구,조용한 힐링,디딤스터디카페 잠실점,상시,성인 (개인 방문 적합),"서울특별시 송파구 삼전로 85 지하1층 | 좌표:1270892892,375062278",장소 문의 (전화/홈페이지 참조),"서울 송파구에 위치한 스터디카페 관련 장소 [디딤스터디카페 잠실점] (카페,디저트>스터디카페). 전화: 정보없음",https://map.naver.com/v5/search/%EB%94%94%EB%94%A4%EC%8A%A4%ED%84%B0%EB%94%94%EC%B9%B4%ED%8E%98%20%EC%9E%A0%EC%8B%A4%EC%A0%90,"single:0.9;couple:0.4;family:0.3;카페,디저트>스터디카페;스터디카페",2026-08-23 19:43:15,healing:0.7;quiet:1.0;solo:1.0,2,70,🌿 혼자 사색하며 힐링하기 좋은 장소
네이버 지역검색 API | 서울 송파구,조용한 힐링,카공족 송파사거리점,상시,성인 (개인 방문 적합),"서울특별시 송파구 가락로 139 2층 | 좌표:1271111804,375024290",장소 문의 (전화/홈페이지 참조),"서울 송파구에 위치한 스터디카페 관련 장소 [카공족 송파사거리점] (카페,디저트>스터디카페). 전화: 정보없음",http://pf.kakao.com/_xoxdxjhX,"single:0.9;couple:0.4;family:0.3;카페,디저트>스터디카페;스터디카페",2026-08-23 19:43:15,healing:0.7;quiet:1.0;solo:1.0,2,70,🌿 혼자 사색하며 힐링하기 좋은 장소
네이버 지역검색 API | 서울 송파구,조용한 힐링,요가바이아터스,상시,성인 (개인 방문 적합),"서울특별시 송파구 송파대로 410 송연빌딩 2층 | 좌표:1271087166,375039911",장소 문의 (전화/홈페이지 참조),서울 송파구에 위치한 요가원 관련 장소 [요가바이아터스] (스포츠시설>요가원). 전화: 정보없음,http://www.instagram.com/yogabyotters,single:0.8;couple:0.4;family:0.3;스포츠시설>요가원;요가원,2026-08-23 19:43:15,healing:1.0;quiet:0.8;solo:0.9,2,70,🌿 혼자 사색하며 힐링하기 좋은 장소
네이버 지역검색 API | 서울 송파구,조용한 힐링,꾸요가 가락점,상시,성인 (개인 방문 적합),"서울특별시 송파구 중대로16길 19-10 3층 꾸 요가원 | 좌표:1271265080,374951956",장소 문의 (전화/홈페이지 참조),서울 송파구에 위치한 요가원 관련 장소 [꾸요가 가락점] (스포츠시설>요가원). 전화: 정보없음,https://blog.naver.com/jane91949,single:0.8;couple:0.4;family:0.3;스포츠시설>요가원;요가원,2026-08-23 19:43:15,healing:1.0;quiet:0.8;solo:0.9,2,70,🌿 혼자 사색하며 힐링하기 좋은 장소
네이버 지역검색 API | 서울 송파구,조용한 힐링,아리아요가 잠실점,상시,성인 (개인 방문 적합),"서울특별시 송파구 올림픽로35길 93 지하1층 121호 | 좌표:1271044332,375177325",장소 문의 (전화/홈페이지 참조),서울 송파구에 위치한 요가원 관련 장소 [아리아요가 잠실점] (스포츠시설>요가원). 전화: 정보없음,https://www.instagram.com/aria_jamsil?igsh=MWk2bTJ2aWp4ZXBq,single:0.8;couple:0.4;family:0.3;스포츠시설>요가원;요가원,2026-08-23 19:43:15,healing:1.0;quiet:0.8;solo:0.9,2,70,🌿 혼자 사색하며 힐링하기 좋은 장소
네이버 지역검색 API | 서울 송파구,조용한 힐링,슬로우벗베럴요가스튜디오,상시,성인 (개인 방문 적합),"서울특별시 송파구 올림픽로35길 104 장미전철상가 5층 슬로우벗베럴요가 | 좌표:1271037404,375202158",장소 문의 (전화/홈페이지 참조),서울 송파구에 위치한 요가원 관련 장소 [슬로우벗베럴요가스튜디오] (스포츠시설>요가원). 전화: 정보없음,https://www.instagram.com/slow.but.better.yoga,single:0.8;couple:0.4;family:0.3;스포츠시설>요가원;요가원,2026-08-23 19:43:15,healing:1.0;quiet:0.8;solo:0.9,2,70,🌿 혼자 사색하며 힐링하기 좋은 장소
네이버 지역검색 API | 서울 송파구,조용한 힐링,하타요가안 송파나루역점,상시,성인 (개인 방문 적합),"서울특별시 송파구 백제고분로 411 5층 요가안 | 좌표:1271102969,375079506",장소 문의 (전화/홈페이지 참조),서울 송파구에 위치한 요가원 관련 장소 [하타요가안 송파나루역점] (스포츠시설>요가원). 전화: 정보없음,https://www.instagram.com/hatha_yoga_an,single:0.8;couple:0.4;family:0.3;스포츠시설>요가원;요가원,2026-08-23 19:43:15,healing:1.0;quiet:0.8;solo:0.9,2,70,🌿 혼자 사색하며 힐링하기 좋은 장소
네이버 지역검색 API | 서울 송파구,조용한 힐링,마음수련 명상센터 석촌점,상시,성인 (개인 방문 적합),"서울특별시 송파구 송파대로 455 태종빌딩 202호 마음수련 | 좌표:1271051372,375070300",장소 문의 (전화/홈페이지 참조),"서울 송파구에 위치한 명상센터 관련 장소 [마음수련 명상센터 석촌점] (스포츠,레크레이션교육>요가,명상). 전화: 정보없음",https://trueselfclass.com/,"single:0.85;couple:0.4;family:0.3;스포츠,레크레이션교육>요가,명상;명상센터",2026-08-23 19:43:15,healing:1.0;quiet:1.0;solo:1.0,2,70,🌿 혼자 사색하며 힐링하기 좋은 장소
네이버 지역검색 API | 서울 송파구,조용한 힐링,마음수련 명상센터 오금역점,상시,성인 (개인 방문 적합),"서울특별시 송파구 중대로 200 태화빌딩 4층 | 좌표:1271266854,374996482",장소 문의 (전화/홈페이지 참조),"서울 송파구에 위치한 명상센터 관련 장소 [마음수련 명상센터 오금역점] (스포츠,레크레이션교육>요가,명상). 전화: 정보없음",https://trueselfclass.com/,"single:0.85;couple:0.4;family:0.3;스포츠,레크레이션교육>요가,명상;명상센터",2026-08-23 19:43:15,healing:1.0;quiet:1.0;solo:1.0,2,70,🌿 혼자 사색하며 힐링하기 좋은 장소
네이버 지역검색 API | 서울 송파구,조용한 힐링,이원힐링명상센터,상시,성인 (개인 방문 적합),"서울특별시 송파구 중대로 218 신광빌딩 7층 701호 | 좌표:1271276879,375010318",장소 문의 (전화/홈페이지 참조),"서울 송파구에 위치한 명상센터 관련 장소 [이원힐링명상센터] (스포츠,레크레이션교육>요가,명상). 전화: 정보없음",https://blog.naver.com/warpmeditation0101,"single:0.85;couple:0.4;family:0.3;스포츠,레크레이션교육>요가,명상;명상센터",2026-08-23 19:43:15,healing:1.0;quiet:1.0;solo:1.0,2,70,🌿 혼자 사색하며 힐링하기 좋은 장소
네이버 지역검색 API | 서울 송파구,조용한 힐링,브레인트레이닝센터 잠실점,상시,성인 (개인 방문 적합),"서울특별시 송파구 송파대로 410 송연빌딩 3층 | 좌표:1271087331,375039909",장소 문의 (전화/홈페이지 참조),"서울 송파구에 위치한 명상센터 관련 장소 [브레인트레이닝센터 잠실점] (스포츠,레크레이션교육>요가,명상). 전화: 정보없음",https://m.brain-training.co.kr,"single:0.85;couple:0.4;family:0.3;스포츠,레크레이션교육>요가,명상;명상센터",2026-08-23 19:43:15,healing:1.0;quiet:1.0;solo:1.0,2,70,🌿 혼자 사색하며 힐링하기 좋은 장소
네이버 지역검색 API | 서울 송파구,조용한 힐링,요가랩 잠실센터,상시,성인 (개인 방문 적합),"서울특별시 송파구 송파대로 562 웰리스타워 지하1층 | 좌표:1270993402,375152775",장소 문의 (전화/홈페이지 참조),서울 송파구에 위치한 명상센터 관련 장소 [요가랩 잠실센터] (스포츠시설>요가원). 전화: 정보없음,https://blog.naver.com/yogalab_jamsil,single:0.85;couple:0.4;family:0.3;스포츠시설>요가원;명상센터,2026-08-23 19:43:15,healing:1.0;quiet:1.0;solo:1.0,2,70,🌿 혼자 사색하며 힐링하기 좋은 장소
네이버 지역검색 API | 서울 송파구,역사·문화,고궁길라잡이 덕수궁 창덕궁 경복궁 창경궁 현장해설,상시,성인 (개인 방문 적합),"서울특별시 강동구 성안로 162 | 좌표:1271357074,375374146",장소 문의 (전화/홈페이지 참조),"서울 송파구에 위치한 고궁 관련 장소 [고궁길라잡이 덕수궁 창덕궁 경복궁 창경궁 현장해설] (교육,학문>교육원,교육센터). 전화: 정보없음",https://map.naver.com/v5/search/%EA%B3%A0%EA%B6%81%EA%B8%B8%EB%9D%BC%EC%9E%A1%EC%9D%B4%20%EB%8D%95%EC%88%98%EA%B6%81%20%EC%B0%BD%EB%8D%95%EA%B6%81%20%EA%B2%BD%EB%B3%B5%EA%B6%81%20%EC%B0%BD%EA%B2%BD%EA%B6%81%20%ED%98%84%EC%9E%A5%ED%95%B4%EC%84%A4,"single:0.75;couple:0.4;family:0.3;교육,학문>교육원,교육센터;고궁",2026-08-23 19:43:15,culture:1.0;history:1.0;outdoor:0.6,2,70,🏯 깊이 있게 둘러보기 좋은 역사·문화 명소
네이버 지역검색 API | 서울 송파구,역사·문화,법융사,상시,성인 (개인 방문 적합),"서울특별시 송파구 중대로40길 5 | 좌표:1271339579,375078126",장소 문의 (전화/홈페이지 참조),"서울 송파구에 위치한 사찰 관련 장소 [법융사] (불교>절,사찰). 전화: 정보없음",https://map.naver.com/v5/search/%EB%B2%95%EC%9C%B5%EC%82%AC,"single:0.7;couple:0.4;family:0.3;불교>절,사찰;사찰",2026-08-23 19:43:15,culture:1.0;history:0.9;outdoor:0.7,2,70,🏯 깊이 있게 둘러보기 좋은 역사·문화 명소
네이버 지역검색 API | 서울 송파구,역사·문화,중생사,상시,성인 (개인 방문 적합),"서울특별시 송파구 성내천로38길 5 | 좌표:1271536120,374976860",장소 문의 (전화/홈페이지 참조),"서울 송파구에 위치한 사찰 관련 장소 [중생사] (불교>절,사찰). 전화: 정보없음",https://map.naver.com/v5/search/%EC%A4%91%EC%83%9D%EC%82%AC,"single:0.7;couple:0.4;family:0.3;불교>절,사찰;사찰",2026-08-23 19:43:15,culture:1.0;history:0.9;outdoor:0.7,2,70,🏯 깊이 있게 둘러보기 좋은 역사·문화 명소
네이버 지역검색 API | 서울 송파구,역사·문화,장경사,상시,성인 (개인 방문 적합),"서울특별시 송파구 마천로21길 5 | 좌표:1271377653,375042047",장소 문의 (전화/홈페이지 참조),"서울 송파구에 위치한 사찰 관련 장소 [장경사] (불교>절,사찰). 전화: 정보없음",https://map.naver.com/v5/search/%EC%9E%A5%EA%B2%BD%EC%82%AC,"single:0.7;couple:0.4;family:0.3;불교>절,사찰;사찰",2026-08-23 19:43:15,culture:1.0;history:0.9;outdoor:0.7,2,70,🏯 깊이 있게 둘러보기 좋은 역사·문화 명소
네이버 지역검색 API | 서울 송파구,역사·문화,미륵암,상시,성인 (개인 방문 적합),"서울특별시 송파구 가락로11길 27-10 | 좌표:1271031361,375030294",장소 문의 (전화/홈페이지 참조),"서울 송파구에 위치한 사찰 관련 장소 [미륵암] (불교>절,사찰). 전화: 정보없음",https://map.naver.com/v5/search/%EB%AF%B8%EB%A5%B5%EC%95%94,"single:0.7;couple:0.4;family:0.3;불교>절,사찰;사찰",2026-08-23 19:43:15,culture:1.0;history:0.9;outdoor:0.7,2,70,🏯 깊이 있게 둘러보기 좋은 역사·문화 명소
네이버 지역검색 API | 서울 송파구,자연·공원,매머드익스프레스 송파둘레길본점,상시,성인 (개인 방문 적합),"서울특별시 송파구 삼전로2길 57 1층 | 좌표:1270906928,374993646",장소 문의 (전화/홈페이지 참조),"서울 송파구에 위치한 둘레길 관련 장소 [매머드익스프레스 송파둘레길본점] (카페,디저트>카페). 전화: 정보없음",https://map.naver.com/v5/search/%EB%A7%A4%EB%A8%B8%EB%93%9C%EC%9D%B5%EC%8A%A4%ED%94%84%EB%A0%88%EC%8A%A4%20%EC%86%A1%ED%8C%8C%EB%91%98%EB%A0%88%EA%B8%B8%EB%B3%B8%EC%A0%90,"single:0.8;couple:0.4;family:0.3;카페,디저트>카페;둘레길",2026-08-23 19:43:15,nature:1.0;outdoor:1.0;walk:1.0,2,70,🌳 혼자 걷기 좋은 자연 친화 공간
네이버 지역검색 API | 서울 송파구,자연·공원,서울둘레길인증스탬프(방이동생태경관보전지역),상시,성인 (개인 방문 적합),"서울특별시 송파구 방이동 | 좌표:1271404550,375123259",장소 문의 (전화/홈페이지 참조),"서울 송파구에 위치한 둘레길 관련 장소 [서울둘레길인증스탬프(방이동생태경관보전지역)] (여행,명소>거리,골목). 전화: 정보없음",https://map.naver.com/v5/search/%EC%84%9C%EC%9A%B8%EB%91%98%EB%A0%88%EA%B8%B8%EC%9D%B8%EC%A6%9D%EC%8A%A4%ED%83%AC%ED%94%84%28%EB%B0%A9%EC%9D%B4%EB%8F%99%EC%83%9D%ED%83%9C%EA%B2%BD%EA%B4%80%EB%B3%B4%EC%A0%84%EC%A7%80%EC%97%AD%29,"single:0.8;couple:0.4;family:0.3;여행,명소>거리,골목;둘레길",2026-08-23 19:43:15,nature:1.0;outdoor:1.0;walk:1.0,2,70,🌳 혼자 걷기 좋은 자연 친화 공간
네이버 지역검색 API | 서울 송파구,자연·공원,송파둘레길,상시,성인 (개인 방문 적합),"서울특별시 송파구 풍납동 422 | 좌표:1271058327,375245283",장소 문의 (전화/홈페이지 참조),"서울 송파구에 위치한 둘레길 관련 장소 [송파둘레길] (여행,명소>산책로). 전화: 정보없음",https://map.naver.com/v5/search/%EC%86%A1%ED%8C%8C%EB%91%98%EB%A0%88%EA%B8%B8,"single:0.8;couple:0.4;family:0.3;여행,명소>산책로;둘레길",2026-08-23 19:43:15,nature:1.0;outdoor:1.0;walk:1.0,2,70,🌳 혼자 걷기 좋은 자연 친화 공간
네이버 지역검색 API | 서울 송파구,자연·공원,서울둘레길8코스(장지탄천),상시,성인 (개인 방문 적합),"서울특별시 송파구 장지동 851 | 좌표:1271355832,374877756",장소 문의 (전화/홈페이지 참조),"서울 송파구에 위치한 둘레길 관련 장소 [서울둘레길8코스(장지탄천)] (여행,명소>도보코스). 전화: 정보없음",https://map.naver.com/v5/search/%EC%84%9C%EC%9A%B8%EB%91%98%EB%A0%88%EA%B8%B88%EC%BD%94%EC%8A%A4%28%EC%9E%A5%EC%A7%80%ED%83%84%EC%B2%9C%29,"single:0.8;couple:0.4;family:0.3;여행,명소>도보코스;둘레길",2026-08-23 19:43:15,nature:1.0;outdoor:1.0;walk:1.0,2,70,🌳 혼자 걷기 좋은 자연 친화 공간
네이버 지역검색 API | 서울 송파구,자연·공원,이마트24 송파성내천둘레길점,상시,성인 (개인 방문 적합),"서울특별시 송파구 성내천로23길 21 | 좌표:1271445219,375012337",장소 문의 (전화/홈페이지 참조),"서울 송파구에 위치한 둘레길 관련 장소 [이마트24 송파성내천둘레길점] (생활,편의>편의점). 전화: 정보없음",https://abr.ge/3uedxc,"single:0.8;couple:0.4;family:0.3;생활,편의>편의점;둘레길",2026-08-23 19:43:15,nature:1.0;outdoor:1.0;walk:1.0,2,70,🌳 혼자 걷기 좋은 자연 친화 공간
네이버 지역검색 API | 서울 송파구,자연·공원,서울어린이대공원,상시,성인 (개인 방문 적합),"서울특별시 광진구 능동로 216 | 좌표:1270809212,375498986",장소 문의 (전화/홈페이지 참조),"서울 송파구에 위치한 수목원 관련 장소 [서울어린이대공원] (여행,명소>테마파크). 전화: 정보없음",https://www.instagram.com/seoul_children_grandpark/,"single:0.75;couple:0.4;family:0.3;여행,명소>테마파크;수목원",2026-08-23 19:43:15,nature:1.0;outdoor:1.0;walk:0.8,2,70,🌳 혼자 걷기 좋은 자연 친화 공간
네이버 지역검색 API | 서울 송파구,자연·공원,서울어린이대공원식물원,상시,성인 (개인 방문 적합),"서울특별시 광진구 능동로 216 | 좌표:1270810558,375486435",장소 문의 (전화/홈페이지 참조),"서울 송파구에 위치한 수목원 관련 장소 [서울어린이대공원식물원] (여행,명소>식물원,수목원). 전화: 정보없음",https://map.naver.com/v5/search/%EC%84%9C%EC%9A%B8%EC%96%B4%EB%A6%B0%EC%9D%B4%EB%8C%80%EA%B3%B5%EC%9B%90%EC%8B%9D%EB%AC%BC%EC%9B%90,"single:0.75;couple:0.4;family:0.3;여행,명소>식물원,수목원;수목원",2026-08-23 19:43:15,nature:1.0;outdoor:1.0;walk:0.8,2,70,🌳 혼자 걷기 좋은 자연 친화 공간
네이버 지역검색 API | 서울 송파구,자연·공원,왕성수목원,상시,성인 (개인 방문 적합),"서울특별시 강동구 둔촌동 561-11 | 좌표:1271522053,375368337",장소 문의 (전화/홈페이지 참조),"서울 송파구에 위치한 수목원 관련 장소 [왕성수목원] (시설,건물>농공시설). 전화: 정보없음",https://map.naver.com/v5/search/%EC%99%95%EC%84%B1%EC%88%98%EB%AA%A9%EC%9B%90,"single:0.75;couple:0.4;family:0.3;시설,건물>농공시설;수목원",2026-08-23 19:43:15,nature:1.0;outdoor:1.0;walk:0.8,2,70,🌳 혼자 걷기 좋은 자연 친화 공간
네이버 지역검색 API | 서울 송파구,자연·공원,뜨랑,상시,성인 (개인 방문 적합),"서울특별시 강동구 동남로 870 강동아트센터 | 좌표:1271577347,375513008",장소 문의 (전화/홈페이지 참조),"서울 송파구에 위치한 수목원 관련 장소 [뜨랑] (여행,명소>식물원,수목원). 전화: 정보없음",https://map.naver.com/v5/search/%EB%9C%A8%EB%9E%91,"single:0.75;couple:0.4;family:0.3;여행,명소>식물원,수목원;수목원",2026-08-23 19:43:15,nature:1.0;outdoor:1.0;walk:0.8,2,70,🌳 혼자 걷기 좋은 자연 친화 공간
네이버 지역검색 API | 서울 영등포구,독립서점,동물책방 정글핌피,상시,성인 (개인 방문 적합),"서울특별시 영등포구 경인로77길 19 남성아파트 상가 203호 | 좌표:1268919668,375129673",장소 문의 (전화/홈페이지 참조),서울 영등포구에 위치한 독립서점 관련 장소 [동물책방 정글핌피] (서점>독립서점). 전화: 정보없음,https://www.instagram.com/junglepimfy,single:0.95;couple:0.4;family:0.3;서점>독립서점;독립서점,2026-08-23 19:43:15,bookstore:1.0;quiet:1.0;indoor:1.0,2,70,📚 혼자만의 시간을 보내기 좋은 조용한 독서 공간
네이버 지역검색 API | 서울 영등포구,독립서점,새고서림,상시,성인 (개인 방문 적합),"서울특별시 영등포구 영신로39길 8-1 201호 | 좌표:1269003521,375216942",장소 문의 (전화/홈페이지 참조),서울 영등포구에 위치한 독립서점 관련 장소 [새고서림] (서점>독립서점). 전화: 정보없음,https://acatatdawn.oopy.io/,single:0.95;couple:0.4;family:0.3;서점>독립서점;독립서점,2026-08-23 19:43:15,bookstore:1.0;quiet:1.0;indoor:1.0,2,70,📚 혼자만의 시간을 보내기 좋은 조용한 독서 공간
네이버 지역검색 API | 서울 영등포구,독립서점,노란숲그림책스튜디오,상시,성인 (개인 방문 적합),"서울특별시 영등포구 신풍로 60 1층 | 좌표:1269127235,374999108",장소 문의 (전화/홈페이지 참조),서울 영등포구에 위치한 독립서점 관련 장소 [노란숲그림책스튜디오] (서점>독립서점). 전화: 정보없음,https://map.naver.com/v5/search/%EB%85%B8%EB%9E%80%EC%88%B2%EA%B7%B8%EB%A6%BC%EC%B1%85%EC%8A%A4%ED%8A%9C%EB%94%94%EC%98%A4,single:0.95;couple:0.4;family:0.3;서점>독립서점;독립서점,2026-08-23 19:43:15,bookstore:1.0;quiet:1.0;indoor:1.0,2,70,📚 혼자만의 시간을 보내기 좋은 조용한 독서 공간
네이버 지역검색 API | 서울 영등포구,독립서점,별채부록,상시,성인 (개인 방문 적합),"서울특별시 영등포구 선유로23길 14-2 지하1층 | 좌표:1268886582,375232108",장소 문의 (전화/홈페이지 참조),서울 영등포구에 위치한 독립서점 관련 장소 [별채부록] (서점>독립서점). 전화: 정보없음,https://www.instagram.com/byulchae_burok__,single:0.95;couple:0.4;family:0.3;서점>독립서점;독립서점,2026-08-23 19:43:15,bookstore:1.0;quiet:1.0;indoor:1.0,2,70,📚 혼자만의 시간을 보내기 좋은 조용한 독서 공간
네이버 지역검색 API | 서울 영등포구,독립서점,청색종이,상시,성인 (개인 방문 적합),"서울특별시 영등포구 도림로131길 17 | 좌표:1268937678,375139838",장소 문의 (전화/홈페이지 참조),"서울 영등포구에 위치한 독립서점 관련 장소 [청색종이] (서비스,산업>출판사). 전화: 정보없음",https://blog.naver.com/theotherk,"single:0.95;couple:0.4;family:0.3;서비스,산업>출판사;독립서점",2026-08-23 19:43:15,bookstore:1.0;quiet:1.0;indoor:1.0,2,70,📚 혼자만의 시간을 보내기 좋은 조용한 독서 공간
네이버 지역검색 API | 서울 영등포구,독립서점,맨홀커피웨스턴책방,상시,성인 (개인 방문 적합),"서울특별시 영등포구 영등포로27길 24 맨홀커피 웨스턴 책방 1층 | 좌표:1268995265,375229918",장소 문의 (전화/홈페이지 참조),"서울 영등포구에 위치한 북카페 관련 장소 [맨홀커피웨스턴책방] (음식점>카페,디저트). 전화: 정보없음",https://www.instagram.com/manhole_coffee/,"single:0.85;couple:0.4;family:0.3;음식점>카페,디저트;북카페",2026-08-23 19:43:15,bookstore:0.8;quiet:0.9;indoor:1.0,2,70,📚 혼자만의 시간을 보내기 좋은 조용한 독서 공간
네이버 지역검색 API | 서울 영등포구,독립서점,맨홀커피,상시,성인 (개인 방문 적합),"서울특별시 영등포구 영신로 247 B동상가 지하1층 | 좌표:1269039150,375292717",장소 문의 (전화/홈페이지 참조),"서울 영등포구에 위치한 북카페 관련 장소 [맨홀커피] (음식점>카페,디저트). 전화: 정보없음",https://instagram.com/manhole_coffee?utm_medium=copy_link,"single:0.85;couple:0.4;family:0.3;음식점>카페,디저트;북카페",2026-08-23 19:43:15,bookstore:0.8;quiet:0.9;indoor:1.0,2,70,📚 혼자만의 시간을 보내기 좋은 조용한 독서 공간
네이버 지역검색 API | 서울 영등포구,독립서점,강변서재,상시,성인 (개인 방문 적합),"서울특별시 영등포구 의사당대로 1 국회 사랑재 옆 건물 2층 | 좌표:1269163184,375329545",장소 문의 (전화/홈페이지 참조),"서울 영등포구에 위치한 북카페 관련 장소 [강변서재] (음식점>카페,디저트). 전화: 정보없음",https://map.naver.com/v5/search/%EA%B0%95%EB%B3%80%EC%84%9C%EC%9E%AC,"single:0.85;couple:0.4;family:0.3;음식점>카페,디저트;북카페",2026-08-23 19:43:15,bookstore:0.8;quiet:0.9;indoor:1.0,2,70,📚 혼자만의 시간을 보내기 좋은 조용한 독서 공간
네이버 지역검색 API | 서울 영등포구,독립서점,카페꼼마 여의도신영증권점,상시,성인 (개인 방문 적합),"서울특별시 영등포구 국제금융로8길 16 1층 카페꼼마 | 좌표:1269287911,375211305",장소 문의 (전화/홈페이지 참조),"서울 영등포구에 위치한 북카페 관련 장소 [카페꼼마 여의도신영증권점] (음식점>카페,디저트). 전화: 정보없음",https://www.instagram.com/cafecomma_official/,"single:0.85;couple:0.4;family:0.3;음식점>카페,디저트;북카페",2026-08-23 19:43:15,bookstore:0.8;quiet:0.9;indoor:1.0,2,70,📚 혼자만의 시간을 보내기 좋은 조용한 독서 공간
네이버 지역검색 API | 서울 영등포구,독립서점,포엣룸,상시,성인 (개인 방문 적합),"서울특별시 영등포구 도림로141가길 4 1층 포엣룸 | 좌표:1268926397,375148956",장소 문의 (전화/홈페이지 참조),"서울 영등포구에 위치한 북카페 관련 장소 [포엣룸] (음식점>카페,디저트). 전화: 정보없음",https://www.instagram.com/poet_room,"single:0.85;couple:0.4;family:0.3;음식점>카페,디저트;북카페",2026-08-23 19:43:15,bookstore:0.8;quiet:0.9;indoor:1.0,2,70,📚 혼자만의 시간을 보내기 좋은 조용한 독서 공간
네이버 지역검색 API | 서울 영등포구,조용한 힐링,카공족 신도림역점,상시,성인 (개인 방문 적합),"서울특별시 영등포구 도영로 24 2층 | 좌표:1268961817,375084698",장소 문의 (전화/홈페이지 참조),"서울 영등포구에 위치한 스터디카페 관련 장소 [카공족 신도림역점] (카페,디저트>스터디카페). 전화: 정보없음",https://www.instagram.com/cagongzok_official,"single:0.9;couple:0.4;family:0.3;카페,디저트>스터디카페;스터디카페",2026-08-23 19:43:15,healing:0.7;quiet:1.0;solo:1.0,2,70,🌿 혼자 사색하며 힐링하기 좋은 장소
네이버 지역검색 API | 서울 영등포구,조용한 힐링,카공족 대방역점,상시,성인 (개인 방문 적합),"서울특별시 영등포구 영등포로 418-1 2층 | 좌표:1269243863,375126008",장소 문의 (전화/홈페이지 참조),"서울 영등포구에 위치한 스터디카페 관련 장소 [카공족 대방역점] (카페,디저트>스터디카페). 전화: 정보없음",https://www.instagram.com/cagongzok_official/,"single:0.9;couple:0.4;family:0.3;카페,디저트>스터디카페;스터디카페",2026-08-23 19:43:15,healing:0.7;quiet:1.0;solo:1.0,2,70,🌿 혼자 사색하며 힐링하기 좋은 장소
네이버 지역검색 API | 서울 영등포구,조용한 힐링,영등포 스터디카페 타임,상시,성인 (개인 방문 적합),"서울특별시 영등포구 도신로29길 12 3층 영등포 스터디카페 타임 | 좌표:1269050041,375096233",장소 문의 (전화/홈페이지 참조),서울 영등포구에 위치한 스터디카페 관련 장소 [영등포 스터디카페 타임] (스터디카페). 전화: 정보없음,https://map.naver.com/v5/search/%EC%98%81%EB%93%B1%ED%8F%AC%20%EC%8A%A4%ED%84%B0%EB%94%94%EC%B9%B4%ED%8E%98%20%ED%83%80%EC%9E%84,single:0.9;couple:0.4;family:0.3;스터디카페;스터디카페,2026-08-23 19:43:15,healing:0.7;quiet:1.0;solo:1.0,2,70,🌿 혼자 사색하며 힐링하기 좋은 장소
네이버 지역검색 API | 서울 영등포구,조용한 힐링,카공족 문래점,상시,성인 (개인 방문 적합),"서울특별시 영등포구 선유로 76 2층 202호 | 좌표:1268899118,375206365",장소 문의 (전화/홈페이지 참조),"서울 영등포구에 위치한 스터디카페 관련 장소 [카공족 문래점] (카페,디저트>스터디카페). 전화: 정보없음",https://www.instagram.com/cagongzok_official,"single:0.9;couple:0.4;family:0.3;카페,디저트>스터디카페;스터디카페",2026-08-23 19:43:15,healing:0.7;quiet:1.0;solo:1.0,2,70,🌿 혼자 사색하며 힐링하기 좋은 장소
네이버 지역검색 API | 서울 영등포구,조용한 힐링,플랜에이스터디카페 당산센터,상시,성인 (개인 방문 적합),"서울특별시 영등포구 당산로 214 상가 3층, 301호 | 좌표:1269036816,375327460",장소 문의 (전화/홈페이지 참조),"서울 영등포구에 위치한 스터디카페 관련 장소 [플랜에이스터디카페 당산센터] (서비스,산업>장소대여). 전화: 정보없음",http://pf.kakao.com/_kxjZCK,"single:0.9;couple:0.4;family:0.3;서비스,산업>장소대여;스터디카페",2026-08-23 19:43:15,healing:0.7;quiet:1.0;solo:1.0,2,70,🌿 혼자 사색하며 힐링하기 좋은 장소
네이버 지역검색 API | 서울 영등포구,조용한 힐링,아마비아요가 당산점,상시,성인 (개인 방문 적합),"서울특별시 영등포구 선유로54길 14 소미더클래스한강 101동 지하1층 | 좌표:1268997090,375356996",장소 문의 (전화/홈페이지 참조),서울 영등포구에 위치한 요가원 관련 장소 [아마비아요가 당산점] (스포츠시설>요가원). 전화: 정보없음,https://www.instagram.com/amaviayoga/,single:0.8;couple:0.4;family:0.3;스포츠시설>요가원;요가원,2026-08-23 19:43:15,healing:1.0;quiet:0.8;solo:0.9,2,70,🌿 혼자 사색하며 힐링하기 좋은 장소
네이버 지역검색 API | 서울 영등포구,조용한 힐링,애니원요가 선유도점,상시,성인 (개인 방문 적합),"서울특별시 영등포구 양평로 118 4층 애니원요가 선유도점 | 좌표:1268946672,375378453",장소 문의 (전화/홈페이지 참조),서울 영등포구에 위치한 요가원 관련 장소 [애니원요가 선유도점] (스포츠시설>요가원). 전화: 정보없음,https://blog.naver.com/leejh9872,single:0.8;couple:0.4;family:0.3;스포츠시설>요가원;요가원,2026-08-23 19:43:15,healing:1.0;quiet:0.8;solo:0.9,2,70,🌿 혼자 사색하며 힐링하기 좋은 장소
네이버 지역검색 API | 서울 영등포구,조용한 힐링,아메리카요가 여의도점,상시,성인 (개인 방문 적합),"서울특별시 영등포구 여의대방로 394 우정빌딩 5층 | 좌표:1269327758,375193933",장소 문의 (전화/홈페이지 참조),서울 영등포구에 위치한 요가원 관련 장소 [아메리카요가 여의도점] (스포츠시설>요가원). 전화: 정보없음,https://blog.naver.com/ayo-yeouido,single:0.8;couple:0.4;family:0.3;스포츠시설>요가원;요가원,2026-08-23 19:43:15,healing:1.0;quiet:0.8;solo:0.9,2,70,🌿 혼자 사색하며 힐링하기 좋은 장소
네이버 지역검색 API | 서울 영등포구,조용한 힐링,쏠바레 선유도역점,상시,성인 (개인 방문 적합),"서울특별시 영등포구 양평로 114 2층 | 좌표:1268950418,375374972",장소 문의 (전화/홈페이지 참조),서울 영등포구에 위치한 요가원 관련 장소 [쏠바레 선유도역점] (스포츠시설>요가원). 전화: 정보없음,https://blog.naver.com/solebarre,single:0.8;couple:0.4;family:0.3;스포츠시설>요가원;요가원,2026-08-23 19:43:15,healing:1.0;quiet:0.8;solo:0.9,2,70,🌿 혼자 사색하며 힐링하기 좋은 장소
네이버 지역검색 API | 서울 영등포구,조용한 힐링,무이스요가,상시,성인 (개인 방문 적합),"서울특별시 영등포구 의사당대로1길 25 하남빌딩 2층 무이스요가 | 좌표:1269296229,375200210",장소 문의 (전화/홈페이지 참조),서울 영등포구에 위치한 요가원 관련 장소 [무이스요가] (스포츠시설>요가원). 전화: 정보없음,https://blog.naver.com/muisyoga,single:0.8;couple:0.4;family:0.3;스포츠시설>요가원;요가원,2026-08-23 19:43:15,healing:1.0;quiet:0.8;solo:0.9,2,70,🌿 혼자 사색하며 힐링하기 좋은 장소
네이버 지역검색 API | 서울 영등포구,조용한 힐링,마음수련 명상센터 여의도점,상시,성인 (개인 방문 적합),"서울특별시 영등포구 국제금융로 78 홍우빌딩 508-B호 | 좌표:1269313093,375208743",장소 문의 (전화/홈페이지 참조),"서울 영등포구에 위치한 명상센터 관련 장소 [마음수련 명상센터 여의도점] (스포츠,레크레이션교육>요가,명상). 전화: 정보없음",https://trueselfclass.com/,"single:0.85;couple:0.4;family:0.3;스포츠,레크레이션교육>요가,명상;명상센터",2026-08-23 19:43:15,healing:1.0;quiet:1.0;solo:1.0,2,70,🌿 혼자 사색하며 힐링하기 좋은 장소
네이버 지역검색 API | 서울 영등포구,조용한 힐링,아시아행복연구원,상시,성인 (개인 방문 적합),"서울특별시 영등포구 63로 32 1107호 | 좌표:1269390436,375189554",장소 문의 (전화/홈페이지 참조),"서울 영등포구에 위치한 명상센터 관련 장소 [아시아행복연구원] (교육,학문>교육원,교육센터). 전화: 정보없음",https://band.us/@awareness,"single:0.85;couple:0.4;family:0.3;교육,학문>교육원,교육센터;명상센터",2026-08-23 19:43:15,healing:1.0;quiet:1.0;solo:1.0,2,70,🌿 혼자 사색하며 힐링하기 좋은 장소
네이버 지역검색 API | 서울 영등포구,조용한 힐링,브레인트레이닝센터 여의도점,상시,성인 (개인 방문 적합),"서울특별시 영등포구 국제금융로6길 30 백상빌딩 6층 602호 | 좌표:1269266154,375217254",장소 문의 (전화/홈페이지 참조),"서울 영등포구에 위치한 명상센터 관련 장소 [브레인트레이닝센터 여의도점] (스포츠,레크레이션교육>요가,명상). 전화: 정보없음",https://www.brain-training.co.kr,"single:0.85;couple:0.4;family:0.3;스포츠,레크레이션교육>요가,명상;명상센터",2026-08-23 19:43:15,healing:1.0;quiet:1.0;solo:1.0,2,70,🌿 혼자 사색하며 힐링하기 좋은 장소
네이버 지역검색 API | 서울 영등포구,조용한 힐링,바디블라썸아트센터,상시,성인 (개인 방문 적합),"서울특별시 영등포구 양평로 144 온스퀘어빌딩 지하1층 헤트 | 좌표:1268922165,375389804",장소 문의 (전화/홈페이지 참조),"서울 영등포구에 위치한 명상센터 관련 장소 [바디블라썸아트센터] (스포츠,레크레이션교육>요가,명상). 전화: 정보없음",https://blog.naver.com/ghsjrj,"single:0.85;couple:0.4;family:0.3;스포츠,레크레이션교육>요가,명상;명상센터",2026-08-23 19:43:15,healing:1.0;quiet:1.0;solo:1.0,2,70,🌿 혼자 사색하며 힐링하기 좋은 장소
네이버 지역검색 API | 서울 영등포구,조용한 힐링,서울명상실 명상의계절,상시,성인 (개인 방문 적합),"서울특별시 영등포구 도림천로19길 12 9층 911호 | 좌표:1269005935,374869177",장소 문의 (전화/홈페이지 참조),"서울 영등포구에 위치한 명상센터 관련 장소 [서울명상실 명상의계절] (서비스,산업>장소대여). 전화: 정보없음",https://blog.naver.com/m_season,"single:0.85;couple:0.4;family:0.3;서비스,산업>장소대여;명상센터",2026-08-23 19:43:15,healing:1.0;quiet:1.0;solo:1.0,2,70,🌿 혼자 사색하며 힐링하기 좋은 장소
네이버 지역검색 API | 서울 영등포구,역사·문화,통해사,상시,성인 (개인 방문 적합),"서울특별시 영등포구 도신로60길 30 통해사 | 좌표:1269171905,375092924",장소 문의 (전화/홈페이지 참조),"서울 영등포구에 위치한 사찰 관련 장소 [통해사] (불교>절,사찰). 전화: 정보없음",https://map.naver.com/v5/search/%ED%86%B5%ED%95%B4%EC%82%AC,"single:0.7;couple:0.4;family:0.3;불교>절,사찰;사찰",2026-08-23 19:43:15,culture:1.0;history:0.9;outdoor:0.7,2,70,🏯 깊이 있게 둘러보기 좋은 역사·문화 명소
네이버 지역검색 API | 서울 영등포구,역사·문화,자운사,상시,성인 (개인 방문 적합),"서울특별시 영등포구 버드나루로22길 5-3 | 좌표:1269075375,375312167",장소 문의 (전화/홈페이지 참조),"서울 영등포구에 위치한 사찰 관련 장소 [자운사] (불교>절,사찰). 전화: 정보없음",https://map.naver.com/v5/search/%EC%9E%90%EC%9A%B4%EC%82%AC,"single:0.7;couple:0.4;family:0.3;불교>절,사찰;사찰",2026-08-23 19:43:15,culture:1.0;history:0.9;outdoor:0.7,2,70,🏯 깊이 있게 둘러보기 좋은 역사·문화 명소
네이버 지역검색 API | 서울 영등포구,역사·문화,해인사,상시,성인 (개인 방문 적합),"서울특별시 영등포구 신길로 180 2층 | 좌표:1269111251,375081790",장소 문의 (전화/홈페이지 참조),"서울 영등포구에 위치한 사찰 관련 장소 [해인사] (불교>절,사찰). 전화: 정보없음",https://blog.naver.com/yeongam0215,"single:0.7;couple:0.4;family:0.3;불교>절,사찰;사찰",2026-08-23 19:43:15,culture:1.0;history:0.9;outdoor:0.7,2,70,🏯 깊이 있게 둘러보기 좋은 역사·문화 명소
네이버 지역검색 API | 서울 영등포구,역사·문화,청룡사,상시,성인 (개인 방문 적합),"서울특별시 영등포구 영등포로65길 23-1 | 좌표:1269199545,375156815",장소 문의 (전화/홈페이지 참조),"서울 영등포구에 위치한 사찰 관련 장소 [청룡사] (불교>절,사찰). 전화: 정보없음",https://map.naver.com/v5/search/%EC%B2%AD%EB%A3%A1%EC%82%AC,"single:0.7;couple:0.4;family:0.3;불교>절,사찰;사찰",2026-08-23 19:43:15,culture:1.0;history:0.9;outdoor:0.7,2,70,🏯 깊이 있게 둘러보기 좋은 역사·문화 명소
네이버 지역검색 API | 서울 영등포구,자연·공원,신세계크루즈투어,상시,성인 (개인 방문 적합),"서울특별시 영등포구 당산로38길 13-7 301호 | 좌표:1268999159,375291321",장소 문의 (전화/홈페이지 참조),"서울 영등포구에 위치한 둘레길 관련 장소 [신세계크루즈투어] (서비스,산업>여행사). 전화: 정보없음",https://smartstore.naver.com/tour1,"single:0.8;couple:0.4;family:0.3;서비스,산업>여행사;둘레길",2026-08-23 19:43:15,nature:1.0;outdoor:1.0;walk:1.0,2,70,🌳 혼자 걷기 좋은 자연 친화 공간
네이버 지역검색 API | 서울 영등포구,자연·공원,서울둘레길인증스탬프(구일역),상시,성인 (개인 방문 적합),"서울특별시 구로구 구로동 | 좌표:1268709662,374958706",장소 문의 (전화/홈페이지 참조),"서울 영등포구에 위치한 둘레길 관련 장소 [서울둘레길인증스탬프(구일역)] (여행,명소>거리,골목). 전화: 정보없음",https://map.naver.com/v5/search/%EC%84%9C%EC%9A%B8%EB%91%98%EB%A0%88%EA%B8%B8%EC%9D%B8%EC%A6%9D%EC%8A%A4%ED%83%AC%ED%94%84%28%EA%B5%AC%EC%9D%BC%EC%97%AD%29,"single:0.8;couple:0.4;family:0.3;여행,명소>거리,골목;둘레길",2026-08-23 19:43:15,nature:1.0;outdoor:1.0;walk:1.0,2,70,🌳 혼자 걷기 좋은 자연 친화 공간
네이버 지역검색 API | 서울 영등포구,자연·공원,양천둘레길(산림형코스-용왕산구간),상시,성인 (개인 방문 적합),"서울특별시 양천구 용왕정길 41 | 좌표:1268771264,375432048",장소 문의 (전화/홈페이지 참조),"서울 영등포구에 위치한 둘레길 관련 장소 [양천둘레길(산림형코스-용왕산구간)] (여행,명소>도보코스). 전화: 정보없음",https://map.naver.com/v5/search/%EC%96%91%EC%B2%9C%EB%91%98%EB%A0%88%EA%B8%B8%28%EC%82%B0%EB%A6%BC%ED%98%95%EC%BD%94%EC%8A%A4-%EC%9A%A9%EC%99%95%EC%82%B0%EA%B5%AC%EA%B0%84%29,"single:0.8;couple:0.4;family:0.3;여행,명소>도보코스;둘레길",2026-08-23 19:43:15,nature:1.0;outdoor:1.0;walk:1.0,2,70,🌳 혼자 걷기 좋은 자연 친화 공간
네이버 지역검색 API | 서울 영등포구,자연·공원,양천둘레길(하천형코스),상시,성인 (개인 방문 적합),"서울특별시 양천구 안양천로 916 | 좌표:1268810154,375289260",장소 문의 (전화/홈페이지 참조),"서울 영등포구에 위치한 둘레길 관련 장소 [양천둘레길(하천형코스)] (여행,명소>도보코스). 전화: 정보없음",https://map.naver.com/v5/search/%EC%96%91%EC%B2%9C%EB%91%98%EB%A0%88%EA%B8%B8%28%ED%95%98%EC%B2%9C%ED%98%95%EC%BD%94%EC%8A%A4%29,"single:0.8;couple:0.4;family:0.3;여행,명소>도보코스;둘레길",2026-08-23 19:43:15,nature:1.0;outdoor:1.0;walk:1.0,2,70,🌳 혼자 걷기 좋은 자연 친화 공간
네이버 지역검색 API | 서울 영등포구,자연·공원,생명의숲정원,상시,성인 (개인 방문 적합),"서울특별시 동작구 여의대방로20나길 27 보라매공원 놀이터화장실 | 좌표:1269183601,374922558",장소 문의 (전화/홈페이지 참조),"서울 영등포구에 위치한 수목원 관련 장소 [생명의숲정원] (여행,명소>식물원,수목원). 전화: 정보없음",https://map.naver.com/v5/search/%EC%83%9D%EB%AA%85%EC%9D%98%EC%88%B2%EC%A0%95%EC%9B%90,"single:0.75;couple:0.4;family:0.3;여행,명소>식물원,수목원;수목원",2026-08-23 19:43:15,nature:1.0;outdoor:1.0;walk:0.8,2,70,🌳 혼자 걷기 좋은 자연 친화 공간
네이버 지역검색 API | 서울 중구,독립서점,소수책방,상시,성인 (개인 방문 적합),"서울특별시 중구 다산로20길 26 2층 | 좌표:1270135934,375568350",장소 문의 (전화/홈페이지 참조),서울 중구에 위치한 독립서점 관련 장소 [소수책방] (서점>독립서점). 전화: 정보없음,https://blog.naver.com/sosoobook,single:0.95;couple:0.4;family:0.3;서점>독립서점;독립서점,2026-08-23 19:43:15,bookstore:1.0;quiet:1.0;indoor:1.0,2,70,📚 혼자만의 시간을 보내기 좋은 조용한 독서 공간
네이버 지역검색 API | 서울 중구,독립서점,스페인책방,상시,성인 (개인 방문 적합),"서울특별시 중구 퇴계로36길 29 기남빌딩 302호 | 좌표:1269950679,375605509",장소 문의 (전화/홈페이지 참조),서울 중구에 위치한 독립서점 관련 장소 [스페인책방] (서점>독립서점). 전화: 정보없음,https://www.instagram.com/spainbookshop/,single:0.95;couple:0.4;family:0.3;서점>독립서점;독립서점,2026-08-23 19:43:15,bookstore:1.0;quiet:1.0;indoor:1.0,2,70,📚 혼자만의 시간을 보내기 좋은 조용한 독서 공간
네이버 지역검색 API | 서울 중구,독립서점,노말에이,상시,성인 (개인 방문 적합),"서울특별시 중구 마른내로 12 4층 | 좌표:1269891161,375646109",장소 문의 (전화/홈페이지 참조),서울 중구에 위치한 독립서점 관련 장소 [노말에이] (서점>독립서점). 전화: 정보없음,https://blog.naver.com/131watt,single:0.95;couple:0.4;family:0.3;서점>독립서점;독립서점,2026-08-23 19:43:15,bookstore:1.0;quiet:1.0;indoor:1.0,2,70,📚 혼자만의 시간을 보내기 좋은 조용한 독서 공간
네이버 지역검색 API | 서울 중구,독립서점,책방오타루,상시,성인 (개인 방문 적합),"서울특별시 중구 장충단로 226-12 4층 | 좌표:1270082273,375648414",장소 문의 (전화/홈페이지 참조),서울 중구에 위치한 독립서점 관련 장소 [책방오타루] (서점>독립서점). 전화: 정보없음,https://www.instagram.com/otaru_bookstore/,single:0.95;couple:0.4;family:0.3;서점>독립서점;독립서점,2026-08-23 19:43:15,bookstore:1.0;quiet:1.0;indoor:1.0,2,70,📚 혼자만의 시간을 보내기 좋은 조용한 독서 공간
네이버 지역검색 API | 서울 중구,독립서점,트리라이크스워터,상시,성인 (개인 방문 적합),"서울특별시 중구 퇴계로41길 48 3층 | 좌표:1269961009,375639203",장소 문의 (전화/홈페이지 참조),서울 중구에 위치한 독립서점 관련 장소 [트리라이크스워터] (서점>독립서점). 전화: 정보없음,https://treelikeswater.com/index.html,single:0.95;couple:0.4;family:0.3;서점>독립서점;독립서점,2026-08-23 19:43:15,bookstore:1.0;quiet:1.0;indoor:1.0,2,70,📚 혼자만의 시간을 보내기 좋은 조용한 독서 공간
네이버 지역검색 API | 서울 중구,독립서점,카페느티,상시,성인 (개인 방문 적합),"서울특별시 중구 을지로 97 카페느티 1층~5층 루프탑 | 좌표:1269887172,375663812",장소 문의 (전화/홈페이지 참조),"서울 중구에 위치한 북카페 관련 장소 [카페느티] (음식점>카페,디저트). 전화: 정보없음",https://map.naver.com/v5/search/%EC%B9%B4%ED%8E%98%EB%8A%90%ED%8B%B0,"single:0.85;couple:0.4;family:0.3;음식점>카페,디저트;북카페",2026-08-23 19:43:15,bookstore:0.8;quiet:0.9;indoor:1.0,2,70,📚 혼자만의 시간을 보내기 좋은 조용한 독서 공간
네이버 지역검색 API | 서울 중구,독립서점,카페허블&amp;남산책방,상시,성인 (개인 방문 적합),"서울특별시 중구 필동로8길 73 1, 2층 | 좌표:1269933778,375566810",장소 문의 (전화/홈페이지 참조),"서울 중구에 위치한 북카페 관련 장소 [카페허블&amp;남산책방] (카페,디저트>북카페). 전화: 정보없음",https://www.instagram.com/hubble_namsan,"single:0.85;couple:0.4;family:0.3;카페,디저트>북카페;북카페",2026-08-23 19:43:15,bookstore:0.8;quiet:0.9;indoor:1.0,2,70,📚 혼자만의 시간을 보내기 좋은 조용한 독서 공간
네이버 지역검색 API | 서울 중구,독립서점,산 다미아노,상시,성인 (개인 방문 적합),"서울특별시 중구 정동길 9 프란치시꼬교육회관 1층 | 좌표:1269699861,375676611",장소 문의 (전화/홈페이지 참조),"서울 중구에 위치한 북카페 관련 장소 [산 다미아노] (카페,디저트>북카페). 전화: 정보없음",https://www.instagram.com/sandamiano_cafe?igsh=NTlzZmo4dXhnazU0,"single:0.85;couple:0.4;family:0.3;카페,디저트>북카페;북카페",2026-08-23 19:43:15,bookstore:0.8;quiet:0.9;indoor:1.0,2,70,📚 혼자만의 시간을 보내기 좋은 조용한 독서 공간
네이버 지역검색 API | 서울 중구,독립서점,도탑다,상시,성인 (개인 방문 적합),"서울특별시 중구 충무로 52-2 3층 | 좌표:1269929010,375658553",장소 문의 (전화/홈페이지 참조),"서울 중구에 위치한 북카페 관련 장소 [도탑다] (음식점>카페,디저트). 전화: 정보없음",https://www.instagram.com/_dotopda,"single:0.85;couple:0.4;family:0.3;음식점>카페,디저트;북카페",2026-08-23 19:43:15,bookstore:0.8;quiet:0.9;indoor:1.0,2,70,📚 혼자만의 시간을 보내기 좋은 조용한 독서 공간
네이버 지역검색 API | 서울 중구,독립서점,콩툰 동대문점,상시,성인 (개인 방문 적합),"서울특별시 중구 장충단로 253 지하1층 160호 콩툰 만화카페 | 좌표:1270081041,375674846",장소 문의 (전화/홈페이지 참조),서울 중구에 위치한 북카페 관련 장소 [콩툰 동대문점] (만화방). 전화: 정보없음,https://blog.naver.com/kongtoon_dongdaemun,single:0.85;couple:0.4;family:0.3;만화방;북카페,2026-08-23 19:43:15,bookstore:0.8;quiet:0.9;indoor:1.0,2,70,📚 혼자만의 시간을 보내기 좋은 조용한 독서 공간
네이버 지역검색 API | 서울 중구,조용한 힐링,서울고용복지플러스센터,상시,성인 (개인 방문 적합),"서울특별시 중구 삼일대로 363 1층 | 좌표:1269870535,375671779",장소 문의 (전화/홈페이지 참조),"서울 중구에 위치한 스터디카페 관련 장소 [서울고용복지플러스센터] (공공,사회기관>고용복지플러스센터). 전화: 정보없음",https://www.instagram.com/moel_seoulew/,"single:0.9;couple:0.4;family:0.3;공공,사회기관>고용복지플러스센터;스터디카페",2026-08-23 19:43:15,healing:0.7;quiet:1.0;solo:1.0,2,70,🌿 혼자 사색하며 힐링하기 좋은 장소
네이버 지역검색 API | 서울 중구,조용한 힐링,카공족 약수역점,상시,성인 (개인 방문 적합),"서울특별시 중구 동호로12길 4 유금빌딩 3층 | 좌표:1270106059,375555057",장소 문의 (전화/홈페이지 참조),"서울 중구에 위치한 스터디카페 관련 장소 [카공족 약수역점] (카페,디저트>스터디카페). 전화: 정보없음",https://www.instagram.com/cagongzok_official,"single:0.9;couple:0.4;family:0.3;카페,디저트>스터디카페;스터디카페",2026-08-23 19:43:15,healing:0.7;quiet:1.0;solo:1.0,2,70,🌿 혼자 사색하며 힐링하기 좋은 장소
네이버 지역검색 API | 서울 중구,조용한 힐링,오드쓰북,상시,성인 (개인 방문 적합),"서울특별시 중구 퇴계로83길 5 오드쓰북 | 좌표:1270184403,375660662",장소 문의 (전화/홈페이지 참조),"서울 중구에 위치한 스터디카페 관련 장소 [오드쓰북] (쇼핑,유통>서점). 전화: 정보없음",https://www.instagram.com/oddsbook,"single:0.9;couple:0.4;family:0.3;쇼핑,유통>서점;스터디카페",2026-08-23 19:43:15,healing:0.7;quiet:1.0;solo:1.0,2,70,🌿 혼자 사색하며 힐링하기 좋은 장소
네이버 지역검색 API | 서울 중구,조용한 힐링,써밋스터디카페 서울로점,상시,성인 (개인 방문 적합),"서울특별시 중구 중림로 47 3층 | 좌표:1269683716,375574655",장소 문의 (전화/홈페이지 참조),서울 중구에 위치한 스터디카페 관련 장소 [써밋스터디카페 서울로점] (스터디카페). 전화: 정보없음,https://blog.naver.com/seoulrosummit,single:0.9;couple:0.4;family:0.3;스터디카페;스터디카페,2026-08-23 19:43:15,healing:0.7;quiet:1.0;solo:1.0,2,70,🌿 혼자 사색하며 힐링하기 좋은 장소
네이버 지역검색 API | 서울 중구,조용한 힐링,공유오피스 드림캐쳐스 중구신당역점,상시,성인 (개인 방문 적합),"서울특별시 중구 퇴계로 450 신영빌딩 5층 | 좌표:1270215439,375653012",장소 문의 (전화/홈페이지 참조),"서울 중구에 위치한 스터디카페 관련 장소 [공유오피스 드림캐쳐스 중구신당역점] (서비스,산업>임대업). 전화: 정보없음",https://www.youtube.com/@dreamcatchers-,"single:0.9;couple:0.4;family:0.3;서비스,산업>임대업;스터디카페",2026-08-23 19:43:15,healing:0.7;quiet:1.0;solo:1.0,2,70,🌿 혼자 사색하며 힐링하기 좋은 장소
네이버 지역검색 API | 서울 중구,조용한 힐링,젠요가 서울시청센터,상시,성인 (개인 방문 적합),"서울특별시 중구 다동길 33 효광빌딩 5층 | 좌표:1269811519,375679912",장소 문의 (전화/홈페이지 참조),서울 중구에 위치한 요가원 관련 장소 [젠요가 서울시청센터] (스포츠시설>요가원). 전화: 정보없음,https://pf.kakao.com/_xklULT/chat,single:0.8;couple:0.4;family:0.3;스포츠시설>요가원;요가원,2026-08-23 19:43:15,healing:1.0;quiet:0.8;solo:0.9,2,70,🌿 혼자 사색하며 힐링하기 좋은 장소
네이버 지역검색 API | 서울 중구,조용한 힐링,요가스튜디오 텅,상시,성인 (개인 방문 적합),"서울특별시 중구 만리재로 199 3층 | 좌표:1269677285,375554733",장소 문의 (전화/홈페이지 참조),서울 중구에 위치한 요가원 관련 장소 [요가스튜디오 텅] (스포츠시설>요가원). 전화: 정보없음,https://blog.naver.com/hatharowoon-,single:0.8;couple:0.4;family:0.3;스포츠시설>요가원;요가원,2026-08-23 19:43:15,healing:1.0;quiet:0.8;solo:0.9,2,70,🌿 혼자 사색하며 힐링하기 좋은 장소
네이버 지역검색 API | 서울 중구,조용한 힐링,번지피지오 플라잉 필라테스 요가,상시,성인 (개인 방문 적합),"서울특별시 중구 동호로 186-7 2층 | 좌표:1270115167,375546195",장소 문의 (전화/홈페이지 참조),서울 중구에 위치한 요가원 관련 장소 [번지피지오 플라잉 필라테스 요가] (스포츠시설>요가원). 전화: 정보없음,http://pf.kakao.com/_mIxinK/chat,single:0.8;couple:0.4;family:0.3;스포츠시설>요가원;요가원,2026-08-23 19:43:15,healing:1.0;quiet:0.8;solo:0.9,2,70,🌿 혼자 사색하며 힐링하기 좋은 장소
네이버 지역검색 API | 서울 중구,조용한 힐링,애프터 요가 충무로역점,상시,성인 (개인 방문 적합),"서울특별시 중구 퇴계로42길 7 2층 애프터 요가 충무로역점 | 좌표:1269968311,375613158",장소 문의 (전화/홈페이지 참조),서울 중구에 위치한 요가원 관련 장소 [애프터 요가 충무로역점] (스포츠시설>요가원). 전화: 정보없음,https://afteryogapilates.com/cm,single:0.8;couple:0.4;family:0.3;스포츠시설>요가원;요가원,2026-08-23 19:43:15,healing:1.0;quiet:0.8;solo:0.9,2,70,🌿 혼자 사색하며 힐링하기 좋은 장소
네이버 지역검색 API | 서울 중구,조용한 힐링,자비선명상센터,상시,성인 (개인 방문 적합),"서울특별시 중구 퇴계로 235 | 좌표:1269978244,375625144",장소 문의 (전화/홈페이지 참조),서울 중구에 위치한 명상센터 관련 장소 [자비선명상센터] (종교>불교). 전화: 정보없음,https://map.naver.com/v5/search/%EC%9E%90%EB%B9%84%EC%84%A0%EB%AA%85%EC%83%81%EC%84%BC%ED%84%B0,single:0.85;couple:0.4;family:0.3;종교>불교;명상센터,2026-08-23 19:43:15,healing:1.0;quiet:1.0;solo:1.0,2,70,🌿 혼자 사색하며 힐링하기 좋은 장소
네이버 지역검색 API | 서울 중구,조용한 힐링,브레인트레이닝센터 왕십리점,상시,성인 (개인 방문 적합),"서울특별시 중구 난계로 159 헤세드빌딩 4층 브레인트레이닝센터 왕십리점 | 좌표:1270233671,375656712",장소 문의 (전화/홈페이지 참조),"서울 중구에 위치한 명상센터 관련 장소 [브레인트레이닝센터 왕십리점] (스포츠,레크레이션교육>요가,명상). 전화: 정보없음",https://blog.naver.com/dohea_tao,"single:0.85;couple:0.4;family:0.3;스포츠,레크레이션교육>요가,명상;명상센터",2026-08-23 19:43:15,healing:1.0;quiet:1.0;solo:1.0,2,70,🌿 혼자 사색하며 힐링하기 좋은 장소
네이버 지역검색 API | 서울 중구,조용한 힐링,브레인트레이닝센터 광화문명상점,상시,성인 (개인 방문 적합),"서울특별시 중구 무교로 32 406호 | 좌표:1269795793,375687701",장소 문의 (전화/홈페이지 참조),"서울 중구에 위치한 명상센터 관련 장소 [브레인트레이닝센터 광화문명상점] (스포츠,레크레이션교육>요가,명상). 전화: 정보없음",https://www.brain-training.co.kr/,"single:0.85;couple:0.4;family:0.3;스포츠,레크레이션교육>요가,명상;명상센터",2026-08-23 19:43:15,healing:1.0;quiet:1.0;solo:1.0,2,70,🌿 혼자 사색하며 힐링하기 좋은 장소
네이버 지역검색 API | 서울 중구,조용한 힐링,더웰니스콜렉티브,상시,성인 (개인 방문 적합),"서울특별시 중구 한강대로 416 서울스퀘어 14층 | 좌표:1269737678,375555057",장소 문의 (전화/홈페이지 참조),"서울 중구에 위치한 명상센터 관련 장소 [더웰니스콜렉티브] (교육,학문>교육원,교육센터). 전화: 정보없음",https://map.naver.com/v5/search/%EB%8D%94%EC%9B%B0%EB%8B%88%EC%8A%A4%EC%BD%9C%EB%A0%89%ED%8B%B0%EB%B8%8C,"single:0.85;couple:0.4;family:0.3;교육,학문>교육원,교육센터;명상센터",2026-08-23 19:43:15,healing:1.0;quiet:1.0;solo:1.0,2,70,🌿 혼자 사색하며 힐링하기 좋은 장소
네이버 지역검색 API | 서울 중구,역사·문화,남산충정사,상시,성인 (개인 방문 적합),"서울특별시 중구 퇴계로34길 26 남산충정사 | 좌표:1269929076,375597945",장소 문의 (전화/홈페이지 참조),"서울 중구에 위치한 사찰 관련 장소 [남산충정사] (불교>절,사찰). 전화: 정보없음",https://blog.naver.com/namsan_chungjeongsa,"single:0.7;couple:0.4;family:0.3;불교>절,사찰;사찰",2026-08-23 19:43:15,culture:1.0;history:0.9;outdoor:0.7,2,70,🏯 깊이 있게 둘러보기 좋은 역사·문화 명소
네이버 지역검색 API | 서울 중구,역사·문화,서울불광산사,상시,성인 (개인 방문 적합),"서울특별시 중구 동호로24길 7-6 | 좌표:1270048849,375597293",장소 문의 (전화/홈페이지 참조),"서울 중구에 위치한 사찰 관련 장소 [서울불광산사] (불교>절,사찰). 전화: 정보없음",https://map.naver.com/v5/search/%EC%84%9C%EC%9A%B8%EB%B6%88%EA%B4%91%EC%82%B0%EC%82%AC,"single:0.7;couple:0.4;family:0.3;불교>절,사찰;사찰",2026-08-23 19:43:15,culture:1.0;history:0.9;outdoor:0.7,2,70,🏯 깊이 있게 둘러보기 좋은 역사·문화 명소
네이버 지역검색 API | 서울 중구,역사·문화,향천선원,상시,성인 (개인 방문 적합),"서울특별시 중구 동호로18길 33 5층 향천선원 | 좌표:1270100436,375578702",장소 문의 (전화/홈페이지 참조),"서울 중구에 위치한 사찰 관련 장소 [향천선원] (불교>절,사찰). 전화: 정보없음",https://cafe.daum.net/hy3171,"single:0.7;couple:0.4;family:0.3;불교>절,사찰;사찰",2026-08-23 19:43:15,culture:1.0;history:0.9;outdoor:0.7,2,70,🏯 깊이 있게 둘러보기 좋은 역사·문화 명소
네이버 지역검색 API | 서울 중구,역사·문화,월명사,상시,성인 (개인 방문 적합),"서울특별시 중구 소공로1길 2 | 좌표:1269828095,375576330",장소 문의 (전화/홈페이지 참조),"서울 중구에 위치한 사찰 관련 장소 [월명사] (불교>절,사찰). 전화: 정보없음",http://www.wolmyeongsa.com/,"single:0.7;couple:0.4;family:0.3;불교>절,사찰;사찰",2026-08-23 19:43:15,culture:1.0;history:0.9;outdoor:0.7,2,70,🏯 깊이 있게 둘러보기 좋은 역사·문화 명소
네이버 지역검색 API | 서울 중구,역사·문화,정각원,상시,성인 (개인 방문 적합),"서울특별시 중구 필동로1길 30 | 좌표:1270011740,375574800",장소 문의 (전화/홈페이지 참조),"서울 중구에 위치한 사찰 관련 장소 [정각원] (불교>절,사찰). 전화: 정보없음",https://jeonggak.dongguk.edu/,"single:0.7;couple:0.4;family:0.3;불교>절,사찰;사찰",2026-08-23 19:43:15,culture:1.0;history:0.9;outdoor:0.7,2,70,🏯 깊이 있게 둘러보기 좋은 역사·문화 명소
네이버 지역검색 API | 서울 중구,자연·공원,동대문디자인플라자뮤지엄,상시,성인 (개인 방문 적합),"서울특별시 중구 을지로 281 동대문디자인플라자뮤지엄 | 좌표:1270095258,375667630",장소 문의 (전화/홈페이지 참조),"서울 중구에 위치한 둘레길 관련 장소 [동대문디자인플라자뮤지엄] (문화,예술>복합문화공간). 전화: 정보없음",https://map.naver.com/v5/search/%EB%8F%99%EB%8C%80%EB%AC%B8%EB%94%94%EC%9E%90%EC%9D%B8%ED%94%8C%EB%9D%BC%EC%9E%90%EB%AE%A4%EC%A7%80%EC%97%84,"single:0.8;couple:0.4;family:0.3;문화,예술>복합문화공간;둘레길",2026-08-23 19:43:15,nature:1.0;outdoor:1.0;walk:1.0,2,70,🌳 혼자 걷기 좋은 자연 친화 공간
네이버 지역검색 API | 서울 중구,자연·공원,성수JC매력가든,상시,성인 (개인 방문 적합),"서울특별시 성동구 | 좌표:1270304363,375419995",장소 문의 (전화/홈페이지 참조),"서울 중구에 위치한 수목원 관련 장소 [성수JC매력가든] (여행,명소>식물원,수목원). 전화: 정보없음",https://map.naver.com/v5/search/%EC%84%B1%EC%88%98JC%EB%A7%A4%EB%A0%A5%EA%B0%80%EB%93%A0,"single:0.75;couple:0.4;family:0.3;여행,명소>식물원,수목원;수목원",2026-08-23 19:43:15,nature:1.0;outdoor:1.0;walk:0.8,2,70,🌳 혼자 걷기 좋은 자연 친화 공간
네이버 지역검색 API | 서울 강북구,독립서점,책방 시행과착오,상시,성인 (개인 방문 적합),"서울특별시 강북구 도봉로96길 75 1층 좌측 | 좌표:1270322106,376387460",장소 문의 (전화/홈페이지 참조),서울 강북구에 위치한 독립서점 관련 장소 [책방 시행과착오] (서점>독립서점). 전화: 정보없음,http://pf.kakao.com/_WmxkxeG,single:0.95;couple:0.4;family:0.3;서점>독립서점;독립서점,2026-08-23 19:43:15,bookstore:1.0;quiet:1.0;indoor:1.0,2,70,📚 혼자만의 시간을 보내기 좋은 조용한 독서 공간
네이버 지역검색 API | 서울 강북구,독립서점,공존책방 냥냥헌,상시,성인 (개인 방문 적합),"서울특별시 강북구 삼양로117길 27 1층 | 좌표:1270145887,376437361",장소 문의 (전화/홈페이지 참조),서울 강북구에 위치한 독립서점 관련 장소 [공존책방 냥냥헌] (서점>독립서점). 전화: 정보없음,https://www.instagram.com/yaong_seoga,single:0.95;couple:0.4;family:0.3;서점>독립서점;독립서점,2026-08-23 19:43:15,bookstore:1.0;quiet:1.0;indoor:1.0,2,70,📚 혼자만의 시간을 보내기 좋은 조용한 독서 공간
네이버 지역검색 API | 서울 강북구,독립서점,에포케책방,상시,성인 (개인 방문 적합),"서울특별시 강북구 4.19로 2 2층 2호 | 좌표:1270139455,376483404",장소 문의 (전화/홈페이지 참조),"서울 강북구에 위치한 독립서점 관련 장소 [에포케책방] (카페,디저트>북카페). 전화: 정보없음",https://www.instagram.com/epoche_bookclub/,"single:0.95;couple:0.4;family:0.3;카페,디저트>북카페;독립서점",2026-08-23 19:43:15,bookstore:1.0;quiet:1.0;indoor:1.0,2,70,📚 혼자만의 시간을 보내기 좋은 조용한 독서 공간
네이버 지역검색 API | 서울 강북구,독립서점,호박이넝쿨책,상시,성인 (개인 방문 적합),"서울특별시 성북구 아리랑로 120-10 1층 호박이넝쿨책 | 좌표:1270140388,376027164",장소 문의 (전화/홈페이지 참조),서울 강북구에 위치한 독립서점 관련 장소 [호박이넝쿨책] (서점>독립서점). 전화: 정보없음,https://www.instagram.com/hobakbook.official,single:0.95;couple:0.4;family:0.3;서점>독립서점;독립서점,2026-08-23 19:43:15,bookstore:1.0;quiet:1.0;indoor:1.0,2,70,📚 혼자만의 시간을 보내기 좋은 조용한 독서 공간
네이버 지역검색 API | 서울 강북구,독립서점,책가도,상시,성인 (개인 방문 적합),"서울특별시 도봉구 해등로 109 창동주공1단지 상가 2층 211호 | 좌표:1270408398,376533413",장소 문의 (전화/홈페이지 참조),서울 강북구에 위치한 독립서점 관련 장소 [책가도] (서점>독립서점). 전화: 정보없음,https://blog.naver.com/bookstore_chaekgado,single:0.95;couple:0.4;family:0.3;서점>독립서점;독립서점,2026-08-23 19:43:15,bookstore:1.0;quiet:1.0;indoor:1.0,2,70,📚 혼자만의 시간을 보내기 좋은 조용한 독서 공간
네이버 지역검색 API | 서울 강북구,독립서점,재간정,상시,성인 (개인 방문 적합),"서울특별시 강북구 도봉로101길 18 | 좌표:1270296549,376433571",장소 문의 (전화/홈페이지 참조),"서울 강북구에 위치한 북카페 관련 장소 [재간정] (음식점>카페,디저트). 전화: 정보없음",https://map.naver.com/v5/search/%EC%9E%AC%EA%B0%84%EC%A0%95,"single:0.85;couple:0.4;family:0.3;음식점>카페,디저트;북카페",2026-08-23 19:43:15,bookstore:0.8;quiet:0.9;indoor:1.0,2,70,📚 혼자만의 시간을 보내기 좋은 조용한 독서 공간
네이버 지역검색 API | 서울 강북구,독립서점,에피네 수유,상시,성인 (개인 방문 적합),"서울특별시 강북구 도봉로 315 3층 R312호 에피네 카페 | 좌표:1270233704,376370350",장소 문의 (전화/홈페이지 참조),"서울 강북구에 위치한 북카페 관련 장소 [에피네 수유] (음식점>카페,디저트). 전화: 정보없음",https://www.instagram.com/iam.epne_,"single:0.85;couple:0.4;family:0.3;음식점>카페,디저트;북카페",2026-08-23 19:43:15,bookstore:0.8;quiet:0.9;indoor:1.0,2,70,📚 혼자만의 시간을 보내기 좋은 조용한 독서 공간
네이버 지역검색 API | 서울 강북구,독립서점,산수유 북카페,상시,성인 (개인 방문 적합),"서울특별시 강북구 인수봉로23길 56-7 북카페 산수유 | 좌표:1270098461,376278497",장소 문의 (전화/홈페이지 참조),"서울 강북구에 위치한 북카페 관련 장소 [산수유 북카페] (카페,디저트>북카페). 전화: 정보없음",https://www.instagram.com/sansooyou_bookcafe/,"single:0.85;couple:0.4;family:0.3;카페,디저트>북카페;북카페",2026-08-23 19:43:15,bookstore:0.8;quiet:0.9;indoor:1.0,2,70,📚 혼자만의 시간을 보내기 좋은 조용한 독서 공간
네이버 지역검색 API | 서울 강북구,독립서점,더숲아카데미하우스,상시,성인 (개인 방문 적합),"서울특별시 강북구 4.19로 135 | 좌표:1270013935,376404244",장소 문의 (전화/홈페이지 참조),"서울 강북구에 위치한 북카페 관련 장소 [더숲아카데미하우스] (문화,예술>복합문화공간). 전화: 정보없음",https://academyhouse.deosup.com,"single:0.85;couple:0.4;family:0.3;문화,예술>복합문화공간;북카페",2026-08-23 19:43:15,bookstore:0.8;quiet:0.9;indoor:1.0,2,70,📚 혼자만의 시간을 보내기 좋은 조용한 독서 공간
네이버 지역검색 API | 서울 강북구,독립서점,칩멍크,상시,성인 (개인 방문 적합),"서울특별시 강북구 삼양로98길 7 1층 | 좌표:1270176481,376387268",장소 문의 (전화/홈페이지 참조),서울 강북구에 위치한 북카페 관련 장소 [칩멍크] (브런치카페). 전화: 정보없음,https://map.naver.com/v5/search/%EC%B9%A9%EB%A9%8D%ED%81%AC,single:0.85;couple:0.4;family:0.3;브런치카페;북카페,2026-08-23 19:43:15,bookstore:0.8;quiet:0.9;indoor:1.0,2,70,📚 혼자만의 시간을 보내기 좋은 조용한 독서 공간
네이버 지역검색 API | 서울 강북구,조용한 힐링,카공족 수유역점,상시,성인 (개인 방문 적합),"서울특별시 강북구 도봉로 350 3층 | 좌표:1270267054,376385799",장소 문의 (전화/홈페이지 참조),"서울 강북구에 위치한 스터디카페 관련 장소 [카공족 수유역점] (카페,디저트>스터디카페). 전화: 정보없음",https://www.instagram.com/cagongzok_official,"single:0.9;couple:0.4;family:0.3;카페,디저트>스터디카페;스터디카페",2026-08-23 19:43:15,healing:0.7;quiet:1.0;solo:1.0,2,70,🌿 혼자 사색하며 힐링하기 좋은 장소
네이버 지역검색 API | 서울 강북구,조용한 힐링,공간 프리미엄 독서실,상시,성인 (개인 방문 적합),"서울특별시 강북구 도봉로 177 서광빌딩 4층 | 좌표:1270265661,376246459",장소 문의 (전화/홈페이지 참조),"서울 강북구에 위치한 스터디카페 관련 장소 [공간 프리미엄 독서실] (교육,학문>독서실). 전화: 정보없음",http://blog.naver.com/ssunny411,"single:0.9;couple:0.4;family:0.3;교육,학문>독서실;스터디카페",2026-08-23 19:43:15,healing:0.7;quiet:1.0;solo:1.0,2,70,🌿 혼자 사색하며 힐링하기 좋은 장소
네이버 지역검색 API | 서울 강북구,조용한 힐링,카공족 미아사거리역점,상시,성인 (개인 방문 적합),"서울특별시 강북구 도봉로10길 22 4층 | 좌표:1270308979,376136027",장소 문의 (전화/홈페이지 참조),"서울 강북구에 위치한 스터디카페 관련 장소 [카공족 미아사거리역점] (카페,디저트>스터디카페). 전화: 정보없음",https://www.instagram.com/cagongzok_miasageori/,"single:0.9;couple:0.4;family:0.3;카페,디저트>스터디카페;스터디카페",2026-08-23 19:43:15,healing:0.7;quiet:1.0;solo:1.0,2,70,🌿 혼자 사색하며 힐링하기 좋은 장소
네이버 지역검색 API | 서울 강북구,조용한 힐링,내공관리형스터디카페 미아점,상시,성인 (개인 방문 적합),"서울특별시 강북구 도봉로 217 지하 1층 | 좌표:1270251108,376280577",장소 문의 (전화/홈페이지 참조),서울 강북구에 위치한 스터디카페 관련 장소 [내공관리형스터디카페 미아점] (스터디카페). 전화: 정보없음,https://www.naegongstudy.com,single:0.9;couple:0.4;family:0.3;스터디카페;스터디카페,2026-08-23 19:43:15,healing:0.7;quiet:1.0;solo:1.0,2,70,🌿 혼자 사색하며 힐링하기 좋은 장소
네이버 지역검색 API | 서울 강북구,조용한 힐링,카공족 미아역점,상시,성인 (개인 방문 적합),"서울특별시 강북구 도봉로 193 3층 | 좌표:1270259851,376260035",장소 문의 (전화/홈페이지 참조),"서울 강북구에 위치한 스터디카페 관련 장소 [카공족 미아역점] (카페,디저트>스터디카페). 전화: 정보없음",https://www.instagram.com/cagongzok_official,"single:0.9;couple:0.4;family:0.3;카페,디저트>스터디카페;스터디카페",2026-08-23 19:43:15,healing:0.7;quiet:1.0;solo:1.0,2,70,🌿 혼자 사색하며 힐링하기 좋은 장소
네이버 지역검색 API | 서울 강북구,조용한 힐링,수유요가 프리미엄,상시,성인 (개인 방문 적합),"서울특별시 강북구 도봉로 329 동오빌딩 8층 수유요가 프리미엄 | 좌표:1270247171,376375561",장소 문의 (전화/홈페이지 참조),서울 강북구에 위치한 요가원 관련 장소 [수유요가 프리미엄] (스포츠시설>요가원). 전화: 정보없음,https://smartstore.naver.com/suyuyoga,single:0.8;couple:0.4;family:0.3;스포츠시설>요가원;요가원,2026-08-23 19:43:15,healing:1.0;quiet:0.8;solo:0.9,2,70,🌿 혼자 사색하며 힐링하기 좋은 장소
네이버 지역검색 API | 서울 강북구,조용한 힐링,뮤온 요가&amp;필라테스,상시,성인 (개인 방문 적합),"서울특별시 강북구 도봉로 325 7층 뮤온 요가&필라테스 | 좌표:1270243657,376373260",장소 문의 (전화/홈페이지 참조),서울 강북구에 위치한 요가원 관련 장소 [뮤온 요가&amp;필라테스] (스포츠시설>요가원). 전화: 정보없음,https://booking.naver.com/booking/6/bizes/704623/items/4455864,single:0.8;couple:0.4;family:0.3;스포츠시설>요가원;요가원,2026-08-23 19:43:15,healing:1.0;quiet:0.8;solo:0.9,2,70,🌿 혼자 사색하며 힐링하기 좋은 장소
네이버 지역검색 API | 서울 강북구,조용한 힐링,바름요가,상시,성인 (개인 방문 적합),"서울특별시 강북구 오패산로 170-1 1층 | 좌표:1270334242,376170159",장소 문의 (전화/홈페이지 참조),서울 강북구에 위치한 요가원 관련 장소 [바름요가] (스포츠시설>요가원). 전화: 정보없음,https://www.instagram.com/bareum_yoga,single:0.8;couple:0.4;family:0.3;스포츠시설>요가원;요가원,2026-08-23 19:43:15,healing:1.0;quiet:0.8;solo:0.9,2,70,🌿 혼자 사색하며 힐링하기 좋은 장소
네이버 지역검색 API | 서울 강북구,조용한 힐링,리하트요가,상시,성인 (개인 방문 적합),"서울특별시 강북구 삼양로 424 정암빌딩 2층 리하트요가 | 좌표:1270170625,376414939",장소 문의 (전화/홈페이지 참조),서울 강북구에 위치한 요가원 관련 장소 [리하트요가] (스포츠시설>요가원). 전화: 정보없음,http://instagram.com/reheart_yoga,single:0.8;couple:0.4;family:0.3;스포츠시설>요가원;요가원,2026-08-23 19:43:15,healing:1.0;quiet:0.8;solo:0.9,2,70,🌿 혼자 사색하며 힐링하기 좋은 장소
네이버 지역검색 API | 서울 강북구,조용한 힐링,요가힐,상시,성인 (개인 방문 적합),"서울특별시 강북구 솔샘로 223 삼미빌딩 3층 | 좌표:1270175897,376202822",장소 문의 (전화/홈페이지 참조),서울 강북구에 위치한 요가원 관련 장소 [요가힐] (스포츠시설>요가원). 전화: 정보없음,https://blog.naver.com/00sunhyun,single:0.8;couple:0.4;family:0.3;스포츠시설>요가원;요가원,2026-08-23 19:43:15,healing:1.0;quiet:0.8;solo:0.9,2,70,🌿 혼자 사색하며 힐링하기 좋은 장소
네이버 지역검색 API | 서울 강북구,조용한 힐링,하늘꽃향기 자연치유명상센터,상시,성인 (개인 방문 적합),"서울특별시 강북구 인수봉로81길 24 | 좌표:1270090860,376456974",장소 문의 (전화/홈페이지 참조),"서울 강북구에 위치한 명상센터 관련 장소 [하늘꽃향기 자연치유명상센터] (건강,의료>대체,보조의료). 전화: 정보없음",http://www.skyflower.org/,"single:0.85;couple:0.4;family:0.3;건강,의료>대체,보조의료;명상센터",2026-08-23 19:43:15,healing:1.0;quiet:1.0;solo:1.0,2,70,🌿 혼자 사색하며 힐링하기 좋은 장소
네이버 지역검색 API | 서울 강북구,조용한 힐링,브레인트레이닝센터 수유점,상시,성인 (개인 방문 적합),"서울특별시 강북구 도봉로 317 덕산빌딩 4층 | 좌표:1270239908,376368115",장소 문의 (전화/홈페이지 참조),"서울 강북구에 위치한 명상센터 관련 장소 [브레인트레이닝센터 수유점] (스포츠,레크레이션교육>요가,명상). 전화: 정보없음",https://blog.naver.com/ssl1227,"single:0.85;couple:0.4;family:0.3;스포츠,레크레이션교육>요가,명상;명상센터",2026-08-23 19:43:15,healing:1.0;quiet:1.0;solo:1.0,2,70,🌿 혼자 사색하며 힐링하기 좋은 장소
네이버 지역검색 API | 서울 강북구,조용한 힐링,비아채심리상담센터,상시,성인 (개인 방문 적합),"서울특별시 강북구 오패산로 396-1 4층 4010호 | 좌표:1270278504,376366625",장소 문의 (전화/홈페이지 참조),"서울 강북구에 위치한 명상센터 관련 장소 [비아채심리상담센터] (건강,의료>심리상담). 전화: 정보없음",https://blog.naver.com/biachae,"single:0.85;couple:0.4;family:0.3;건강,의료>심리상담;명상센터",2026-08-23 19:43:15,healing:1.0;quiet:1.0;solo:1.0,2,70,🌿 혼자 사색하며 힐링하기 좋은 장소
네이버 지역검색 API | 서울 강북구,조용한 힐링,티벳불교 수행센터 자비미륵사,상시,성인 (개인 방문 적합),"서울특별시 강북구 도봉로96길 75 4층 | 좌표:1270322399,376387585",장소 문의 (전화/홈페이지 참조),"서울 강북구에 위치한 명상센터 관련 장소 [티벳불교 수행센터 자비미륵사] (여행,명소>종교시설). 전화: 정보없음",https://cafe.naver.com/https://cafe.naver.com/MyCafeIntro.nhn?clubid=29538565,"single:0.85;couple:0.4;family:0.3;여행,명소>종교시설;명상센터",2026-08-23 19:43:15,healing:1.0;quiet:1.0;solo:1.0,2,70,🌿 혼자 사색하며 힐링하기 좋은 장소
네이버 지역검색 API | 서울 강북구,조용한 힐링,예수고난회명상의집,상시,성인 (개인 방문 적합),"서울특별시 강북구 삼양로179길 283 | 좌표:1270028535,376740161",장소 문의 (전화/홈페이지 참조),서울 강북구에 위치한 명상센터 관련 장소 [예수고난회명상의집] (종교>천주교). 전화: 정보없음,https://map.naver.com/v5/search/%EC%98%88%EC%88%98%EA%B3%A0%EB%82%9C%ED%9A%8C%EB%AA%85%EC%83%81%EC%9D%98%EC%A7%91,single:0.85;couple:0.4;family:0.3;종교>천주교;명상센터,2026-08-23 19:43:15,healing:1.0;quiet:1.0;solo:1.0,2,70,🌿 혼자 사색하며 힐링하기 좋은 장소
네이버 지역검색 API | 서울 강북구,역사·문화,도선사,상시,성인 (개인 방문 적합),"서울특별시 강북구 도선사길 278 | 좌표:1269896035,376551435",장소 문의 (전화/홈페이지 참조),"서울 강북구에 위치한 사찰 관련 장소 [도선사] (불교>절,사찰). 전화: 정보없음",https://blog.naver.com/doseontemple,"single:0.7;couple:0.4;family:0.3;불교>절,사찰;사찰",2026-08-23 19:43:15,culture:1.0;history:0.9;outdoor:0.7,2,70,🏯 깊이 있게 둘러보기 좋은 역사·문화 명소
네이버 지역검색 API | 서울 강북구,역사·문화,화계사,상시,성인 (개인 방문 적합),"서울특별시 강북구 화계사길 117 | 좌표:1270074130,376331084",장소 문의 (전화/홈페이지 참조),"서울 강북구에 위치한 사찰 관련 장소 [화계사] (불교>절,사찰). 전화: 정보없음",http://www.hwagyesa.org/,"single:0.7;couple:0.4;family:0.3;불교>절,사찰;사찰",2026-08-23 19:43:15,culture:1.0;history:0.9;outdoor:0.7,2,70,🏯 깊이 있게 둘러보기 좋은 역사·문화 명소
네이버 지역검색 API | 서울 강북구,역사·문화,청혜도원,상시,성인 (개인 방문 적합),"서울특별시 강북구 삼양로173길 21 청혜도원 | 좌표:1270113570,376625986",장소 문의 (전화/홈페이지 참조),"서울 강북구에 위치한 사찰 관련 장소 [청혜도원] (불교>절,사찰). 전화: 정보없음",https://map.naver.com/v5/search/%EC%B2%AD%ED%98%9C%EB%8F%84%EC%9B%90,"single:0.7;couple:0.4;family:0.3;불교>절,사찰;사찰",2026-08-23 19:43:15,culture:1.0;history:0.9;outdoor:0.7,2,70,🏯 깊이 있게 둘러보기 좋은 역사·문화 명소
네이버 지역검색 API | 서울 강북구,자연·공원,초가집,상시,성인 (개인 방문 적합),"서울특별시 강북구 삼양로173길 116-28 | 좌표:1270063011,376622536",장소 문의 (전화/홈페이지 참조),서울 강북구에 위치한 둘레길 관련 장소 [초가집] (한식>한정식). 전화: 정보없음,https://map.naver.com/v5/search/%EC%B4%88%EA%B0%80%EC%A7%91,single:0.8;couple:0.4;family:0.3;한식>한정식;둘레길,2026-08-23 19:43:15,nature:1.0;outdoor:1.0;walk:1.0,2,70,🌳 혼자 걷기 좋은 자연 친화 공간
네이버 지역검색 API | 서울 강북구,자연·공원,북한산둘레길2구간(순례길),상시,성인 (개인 방문 적합),"서울특별시 강북구 | 좌표:1270046373,376468500",장소 문의 (전화/홈페이지 참조),"서울 강북구에 위치한 둘레길 관련 장소 [북한산둘레길2구간(순례길)] (여행,명소>도보코스). 전화: 정보없음",https://map.naver.com/v5/search/%EB%B6%81%ED%95%9C%EC%82%B0%EB%91%98%EB%A0%88%EA%B8%B82%EA%B5%AC%EA%B0%84%28%EC%88%9C%EB%A1%80%EA%B8%B8%29,"single:0.8;couple:0.4;family:0.3;여행,명소>도보코스;둘레길",2026-08-23 19:43:15,nature:1.0;outdoor:1.0;walk:1.0,2,70,🌳 혼자 걷기 좋은 자연 친화 공간
네이버 지역검색 API | 서울 강북구,자연·공원,화계사 템플스테이,상시,성인 (개인 방문 적합),"서울특별시 강북구 화계사길 117 화계사 템플스테이 | 좌표:1270071088,376325343",장소 문의 (전화/홈페이지 참조),"서울 강북구에 위치한 둘레길 관련 장소 [화계사 템플스테이] (여행,명소>템플스테이). 전화: 정보없음",https://www.youtube.com/@hwagyesatemplestay10,"single:0.8;couple:0.4;family:0.3;여행,명소>템플스테이;둘레길",2026-08-23 19:43:15,nature:1.0;outdoor:1.0;walk:1.0,2,70,🌳 혼자 걷기 좋은 자연 친화 공간
네이버 지역검색 API | 서울 강북구,자연·공원,북한산둘레길3구간(흰구름길),상시,성인 (개인 방문 적합),"서울특별시 강북구 수유동 산164-1 | 좌표:1270084684,376322959",장소 문의 (전화/홈페이지 참조),"서울 강북구에 위치한 둘레길 관련 장소 [북한산둘레길3구간(흰구름길)] (여행,명소>도보코스). 전화: 정보없음",https://map.naver.com/v5/search/%EB%B6%81%ED%95%9C%EC%82%B0%EB%91%98%EB%A0%88%EA%B8%B83%EA%B5%AC%EA%B0%84%28%ED%9D%B0%EA%B5%AC%EB%A6%84%EA%B8%B8%29,"single:0.8;couple:0.4;family:0.3;여행,명소>도보코스;둘레길",2026-08-23 19:43:15,nature:1.0;outdoor:1.0;walk:1.0,2,70,🌳 혼자 걷기 좋은 자연 친화 공간
네이버 지역검색 API | 서울 강북구,자연·공원,서울둘레길인증스탬프(화계사일주문),상시,성인 (개인 방문 적합),"서울특별시 강북구 수유동 | 좌표:1270092610,376330959",장소 문의 (전화/홈페이지 참조),"서울 강북구에 위치한 둘레길 관련 장소 [서울둘레길인증스탬프(화계사일주문)] (여행,명소>거리,골목). 전화: 정보없음",https://map.naver.com/v5/search/%EC%84%9C%EC%9A%B8%EB%91%98%EB%A0%88%EA%B8%B8%EC%9D%B8%EC%A6%9D%EC%8A%A4%ED%83%AC%ED%94%84%28%ED%99%94%EA%B3%84%EC%82%AC%EC%9D%BC%EC%A3%BC%EB%AC%B8%29,"single:0.8;couple:0.4;family:0.3;여행,명소>거리,골목;둘레길",2026-08-23 19:43:15,nature:1.0;outdoor:1.0;walk:1.0,2,70,🌳 혼자 걷기 좋은 자연 친화 공간
네이버 지역검색 API | 서울 강북구,자연·공원,북서울꿈의숲계절수목원,상시,성인 (개인 방문 적합),"서울특별시 강북구 | 좌표:1270433299,376218609",장소 문의 (전화/홈페이지 참조),"서울 강북구에 위치한 수목원 관련 장소 [북서울꿈의숲계절수목원] (도시,테마공원>부속시설). 전화: 정보없음",https://map.naver.com/v5/search/%EB%B6%81%EC%84%9C%EC%9A%B8%EA%BF%88%EC%9D%98%EC%88%B2%EA%B3%84%EC%A0%88%EC%88%98%EB%AA%A9%EC%9B%90,"single:0.75;couple:0.4;family:0.3;도시,테마공원>부속시설;수목원",2026-08-23 19:43:15,nature:1.0;outdoor:1.0;walk:0.8,2,70,🌳 혼자 걷기 좋은 자연 친화 공간
네이버 지역검색 API | 서울 강북구,자연·공원,서울창포원,상시,성인 (개인 방문 적합),"서울특별시 도봉구 마들로 916 | 좌표:1270479046,376895404",장소 문의 (전화/홈페이지 참조),"서울 강북구에 위치한 수목원 관련 장소 [서울창포원] (여행,명소>식물원,수목원). 전화: 정보없음",https://parks.seoul.go.kr/content.do?key=2604300018,"single:0.75;couple:0.4;family:0.3;여행,명소>식물원,수목원;수목원",2026-08-23 19:43:15,nature:1.0;outdoor:1.0;walk:0.8,2,70,🌳 혼자 걷기 좋은 자연 친화 공간
네이버 지역검색 API | 서울 노원구,독립서점,동네책방 브론테살롱,상시,성인 (개인 방문 적합),"서울특별시 노원구 동일로242길 87 커피나무 2층 | 좌표:1270599619,376746538",장소 문의 (전화/홈페이지 참조),서울 노원구에 위치한 독립서점 관련 장소 [동네책방 브론테살롱] (서점>독립서점). 전화: 정보없음,https://www.instagram.com/bronte_salon_book,single:0.95;couple:0.4;family:0.3;서점>독립서점;독립서점,2026-08-23 19:43:15,bookstore:1.0;quiet:1.0;indoor:1.0,2,70,📚 혼자만의 시간을 보내기 좋은 조용한 독서 공간
네이버 지역검색 API | 서울 노원구,독립서점,그림책공간틈,상시,성인 (개인 방문 적합),"서울특별시 노원구 동일로 986 노원프레미어스엠코 B206호 | 좌표:1270762120,376184810",장소 문의 (전화/홈페이지 참조),서울 노원구에 위치한 독립서점 관련 장소 [그림책공간틈] (서점>독립서점). 전화: 정보없음,https://www.instagram.com/teum_1101,single:0.95;couple:0.4;family:0.3;서점>독립서점;독립서점,2026-08-23 19:43:15,bookstore:1.0;quiet:1.0;indoor:1.0,2,70,📚 혼자만의 시간을 보내기 좋은 조용한 독서 공간
네이버 지역검색 API | 서울 노원구,독립서점,책인감,상시,성인 (개인 방문 적합),"서울특별시 노원구 동일로182길 63-1 2층 | 좌표:1270775528,376235692",장소 문의 (전화/홈페이지 참조),"서울 노원구에 위치한 독립서점 관련 장소 [책인감] (쇼핑,유통>서점). 전화: 정보없음",https://blog.naver.com/lcj2020a,"single:0.95;couple:0.4;family:0.3;쇼핑,유통>서점;독립서점",2026-08-23 19:43:15,bookstore:1.0;quiet:1.0;indoor:1.0,2,70,📚 혼자만의 시간을 보내기 좋은 조용한 독서 공간
네이버 지역검색 API | 서울 노원구,독립서점,지구불시착,상시,성인 (개인 방문 적합),"서울특별시 노원구 공릉로32길 13 1층 | 좌표:1270798926,376219133",장소 문의 (전화/홈페이지 참조),"서울 노원구에 위치한 독립서점 관련 장소 [지구불시착] (쇼핑,유통>서점). 전화: 정보없음",https://www.instagram.com/unplannedearth_books/,"single:0.95;couple:0.4;family:0.3;쇼핑,유통>서점;독립서점",2026-08-23 19:43:15,bookstore:1.0;quiet:1.0;indoor:1.0,2,70,📚 혼자만의 시간을 보내기 좋은 조용한 독서 공간
네이버 지역검색 API | 서울 노원구,독립서점,경춘스테이션북앤커피,상시,성인 (개인 방문 적합),"서울특별시 노원구 공릉로55길 53 | 좌표:1270698191,376315312",장소 문의 (전화/홈페이지 참조),"서울 노원구에 위치한 북카페 관련 장소 [경춘스테이션북앤커피] (음식점>카페,디저트). 전화: 정보없음",https://map.naver.com/v5/search/%EA%B2%BD%EC%B6%98%EC%8A%A4%ED%85%8C%EC%9D%B4%EC%85%98%EB%B6%81%EC%95%A4%EC%BB%A4%ED%94%BC,"single:0.85;couple:0.4;family:0.3;음식점>카페,디저트;북카페",2026-08-23 19:43:15,bookstore:0.8;quiet:0.9;indoor:1.0,2,70,📚 혼자만의 시간을 보내기 좋은 조용한 독서 공간
네이버 지역검색 API | 서울 노원구,독립서점,놀숲 노원역점,상시,성인 (개인 방문 적합),"서울특별시 노원구 상계로 59 2층 | 좌표:1270615782,376561607",장소 문의 (전화/홈페이지 참조),"서울 노원구에 위치한 북카페 관련 장소 [놀숲 노원역점] (스포츠,오락>만화방). 전화: 정보없음",http://krbda.com/nolsoop,"single:0.85;couple:0.4;family:0.3;스포츠,오락>만화방;북카페",2026-08-23 19:43:15,bookstore:0.8;quiet:0.9;indoor:1.0,2,70,📚 혼자만의 시간을 보내기 좋은 조용한 독서 공간
네이버 지역검색 API | 서울 노원구,독립서점,커피랑도서관 은행사거리점,상시,성인 (개인 방문 적합),"서울특별시 노원구 한글비석로 242 삼부프라자 3층 커피랑도서관 은행사거리점 | 좌표:1270769853,376492399",장소 문의 (전화/홈페이지 참조),"서울 노원구에 위치한 북카페 관련 장소 [커피랑도서관 은행사거리점] (카페,디저트>스터디카페). 전화: 정보없음",http://pf.kakao.com/_vuxlxbb,"single:0.85;couple:0.4;family:0.3;카페,디저트>스터디카페;북카페",2026-08-23 19:43:15,bookstore:0.8;quiet:0.9;indoor:1.0,2,70,📚 혼자만의 시간을 보내기 좋은 조용한 독서 공간
네이버 지역검색 API | 서울 노원구,독립서점,공릉행복발전소,상시,성인 (개인 방문 적합),"서울특별시 노원구 동일로179길 22 | 좌표:1270727800,376220826",장소 문의 (전화/홈페이지 참조),"서울 노원구에 위치한 북카페 관련 장소 [공릉행복발전소] (카페,디저트>북카페). 전화: 정보없음",https://blog.naver.com/grhappylib,"single:0.85;couple:0.4;family:0.3;카페,디저트>북카페;북카페",2026-08-23 19:43:15,bookstore:0.8;quiet:0.9;indoor:1.0,2,70,📚 혼자만의 시간을 보내기 좋은 조용한 독서 공간
네이버 지역검색 API | 서울 노원구,독립서점,놀숲 중계은행사거리점,상시,성인 (개인 방문 적합),"서울특별시 노원구 한글비석로 231 지하1층 | 좌표:1270763680,376482284",장소 문의 (전화/홈페이지 참조),"서울 노원구에 위치한 북카페 관련 장소 [놀숲 중계은행사거리점] (스포츠,오락>만화방). 전화: 정보없음",http://www.instagram.com/nolsoopjg,"single:0.85;couple:0.4;family:0.3;스포츠,오락>만화방;북카페",2026-08-23 19:43:15,bookstore:0.8;quiet:0.9;indoor:1.0,2,70,📚 혼자만의 시간을 보내기 좋은 조용한 독서 공간
네이버 지역검색 API | 서울 노원구,조용한 힐링,랭스터디카페 공릉점,상시,성인 (개인 방문 적합),"서울특별시 노원구 동일로192길 11 3층 | 좌표:1270737085,376261237",장소 문의 (전화/홈페이지 참조),"서울 노원구에 위치한 스터디카페 관련 장소 [랭스터디카페 공릉점] (서비스,산업>장소대여). 전화: 정보없음",https://blog.naver.com/langstudygn?tab=1,"single:0.9;couple:0.4;family:0.3;서비스,산업>장소대여;스터디카페",2026-08-23 19:43:15,healing:0.7;quiet:1.0;solo:1.0,2,70,🌿 혼자 사색하며 힐링하기 좋은 장소
네이버 지역검색 API | 서울 노원구,조용한 힐링,카공족빌리지 공릉점,상시,성인 (개인 방문 적합),"서울특별시 노원구 동일로176길 46 3층 | 좌표:1270775711,376203257",장소 문의 (전화/홈페이지 참조),서울 노원구에 위치한 스터디카페 관련 장소 [카공족빌리지 공릉점] (스터디카페). 전화: 정보없음,https://blog.naver.com/kagongzokvillage,single:0.9;couple:0.4;family:0.3;스터디카페;스터디카페,2026-08-23 19:43:15,healing:0.7;quiet:1.0;solo:1.0,2,70,🌿 혼자 사색하며 힐링하기 좋은 장소
네이버 지역검색 API | 서울 노원구,조용한 힐링,카공족 마들역점,상시,성인 (개인 방문 적합),"서울특별시 노원구 동일로 1545 5층 503호 | 좌표:1270569974,376664002",장소 문의 (전화/홈페이지 참조),"서울 노원구에 위치한 스터디카페 관련 장소 [카공족 마들역점] (카페,디저트>스터디카페). 전화: 정보없음",https://www.instagram.com/cagongzok_official/,"single:0.9;couple:0.4;family:0.3;카페,디저트>스터디카페;스터디카페",2026-08-23 19:43:15,healing:0.7;quiet:1.0;solo:1.0,2,70,🌿 혼자 사색하며 힐링하기 좋은 장소
네이버 지역검색 API | 서울 노원구,조용한 힐링,노원역스터디룸 스터디카페 더골스터디,상시,성인 (개인 방문 적합),"서울특별시 노원구 상계로5길 3 4층 | 좌표:1270638803,376568041",장소 문의 (전화/홈페이지 참조),"서울 노원구에 위치한 스터디카페 관련 장소 [노원역스터디룸 스터디카페 더골스터디] (서비스,산업>장소대여). 전화: 정보없음",https://booking.naver.com/booking/10/bizes/368474,"single:0.9;couple:0.4;family:0.3;서비스,산업>장소대여;스터디카페",2026-08-23 19:43:15,healing:0.7;quiet:1.0;solo:1.0,2,70,🌿 혼자 사색하며 힐링하기 좋은 장소
네이버 지역검색 API | 서울 노원구,조용한 힐링,위 스터디룸앤카페,상시,성인 (개인 방문 적합),"서울특별시 노원구 한글비석로 264 5층 513호 | 좌표:1270769847,376508623",장소 문의 (전화/홈페이지 참조),"서울 노원구에 위치한 스터디카페 관련 장소 [위 스터디룸앤카페] (서비스,산업>장소대여). 전화: 정보없음",https://blog.naver.com/westudyroom-junggye,"single:0.9;couple:0.4;family:0.3;서비스,산업>장소대여;스터디카페",2026-08-23 19:43:15,healing:0.7;quiet:1.0;solo:1.0,2,70,🌿 혼자 사색하며 힐링하기 좋은 장소
네이버 지역검색 API | 서울 노원구,조용한 힐링,아쉬탕가j요가,상시,성인 (개인 방문 적합),"서울특별시 노원구 석계로 105 3층 J요가 | 좌표:1270605691,376228717",장소 문의 (전화/홈페이지 참조),서울 노원구에 위치한 요가원 관련 장소 [아쉬탕가j요가] (스포츠시설>요가원). 전화: 정보없음,https://www.instagram.com/astanga_j_yoga/,single:0.8;couple:0.4;family:0.3;스포츠시설>요가원;요가원,2026-08-23 19:43:15,healing:1.0;quiet:0.8;solo:0.9,2,70,🌿 혼자 사색하며 힐링하기 좋은 장소
네이버 지역검색 API | 서울 노원구,조용한 힐링,요가이서 &amp; 필라테스 노원점,상시,성인 (개인 방문 적합),"서울특별시 노원구 노원로 526 2층 요가이서 | 좌표:1270604708,376612280",장소 문의 (전화/홈페이지 참조),서울 노원구에 위치한 요가원 관련 장소 [요가이서 &amp; 필라테스 노원점] (스포츠시설>요가원). 전화: 정보없음,https://gym90.creatorlink.net/,single:0.8;couple:0.4;family:0.3;스포츠시설>요가원;요가원,2026-08-23 19:43:15,healing:1.0;quiet:0.8;solo:0.9,2,70,🌿 혼자 사색하며 힐링하기 좋은 장소
네이버 지역검색 API | 서울 노원구,조용한 힐링,오늘도 요가,상시,성인 (개인 방문 적합),"서울특별시 노원구 동일로242길 39 4층 | 좌표:1270576443,376752319",장소 문의 (전화/홈페이지 참조),서울 노원구에 위치한 요가원 관련 장소 [오늘도 요가] (스포츠시설>요가원). 전화: 정보없음,https://www.instagram.com/today.yoga,single:0.8;couple:0.4;family:0.3;스포츠시설>요가원;요가원,2026-08-23 19:43:15,healing:1.0;quiet:0.8;solo:0.9,2,70,🌿 혼자 사색하며 힐링하기 좋은 장소
네이버 지역검색 API | 서울 노원구,조용한 힐링,아메리카요가 석계점,상시,성인 (개인 방문 적합),"서울특별시 노원구 석계로 17 4층 | 좌표:1270642798,376163102",장소 문의 (전화/홈페이지 참조),서울 노원구에 위치한 요가원 관련 장소 [아메리카요가 석계점] (스포츠시설>요가원). 전화: 정보없음,https://www.instagram.com/ayo_seokgye/,single:0.8;couple:0.4;family:0.3;스포츠시설>요가원;요가원,2026-08-23 19:43:15,healing:1.0;quiet:0.8;solo:0.9,2,70,🌿 혼자 사색하며 힐링하기 좋은 장소
네이버 지역검색 API | 서울 노원구,조용한 힐링,힐링하다 번지&amp;요가 화랑대점,상시,성인 (개인 방문 적합),"서울특별시 노원구 노원로 3 2층, 201호 힐링하다 번지&요가 | 좌표:1270866513,376219901",장소 문의 (전화/홈페이지 참조),서울 노원구에 위치한 요가원 관련 장소 [힐링하다 번지&amp;요가 화랑대점] (스포츠시설>요가원). 전화: 정보없음,http://pf.kakao.com/_xeAWxgn,single:0.8;couple:0.4;family:0.3;스포츠시설>요가원;요가원,2026-08-23 19:43:15,healing:1.0;quiet:0.8;solo:0.9,2,70,🌿 혼자 사색하며 힐링하기 좋은 장소
네이버 지역검색 API | 서울 노원구,조용한 힐링,마음수련 명상센터 노원점,상시,성인 (개인 방문 적합),"서울특별시 노원구 상계로 63-7 청우빌딩 5층 | 좌표:1270618955,376565125",장소 문의 (전화/홈페이지 참조),"서울 노원구에 위치한 명상센터 관련 장소 [마음수련 명상센터 노원점] (스포츠,레크레이션교육>요가,명상). 전화: 정보없음",http://trueselfclass.com/,"single:0.85;couple:0.4;family:0.3;스포츠,레크레이션교육>요가,명상;명상센터",2026-08-23 19:43:15,healing:1.0;quiet:1.0;solo:1.0,2,70,🌿 혼자 사색하며 힐링하기 좋은 장소
네이버 지역검색 API | 서울 노원구,조용한 힐링,마음수련 명상센터 태릉입구역센터,상시,성인 (개인 방문 적합),"서울특별시 노원구 동일로173가길 37 선석빌딩 6층 | 좌표:1270731003,376199220",장소 문의 (전화/홈페이지 참조),"서울 노원구에 위치한 명상센터 관련 장소 [마음수련 명상센터 태릉입구역센터] (스포츠,레크레이션교육>요가,명상). 전화: 정보없음",http://trueselfclass.com/,"single:0.85;couple:0.4;family:0.3;스포츠,레크레이션교육>요가,명상;명상센터",2026-08-23 19:43:15,healing:1.0;quiet:1.0;solo:1.0,2,70,🌿 혼자 사색하며 힐링하기 좋은 장소
네이버 지역검색 API | 서울 노원구,조용한 힐링,브레인트레이닝센터 상계점,상시,성인 (개인 방문 적합),"서울특별시 노원구 노해로 521 정일빌딩 3층 | 좌표:1270659305,376557707",장소 문의 (전화/홈페이지 참조),"서울 노원구에 위치한 명상센터 관련 장소 [브레인트레이닝센터 상계점] (스포츠,레크레이션교육>요가,명상). 전화: 정보없음",https://www.brain-training.co.kr/Default.aspx,"single:0.85;couple:0.4;family:0.3;스포츠,레크레이션교육>요가,명상;명상센터",2026-08-23 19:43:15,healing:1.0;quiet:1.0;solo:1.0,2,70,🌿 혼자 사색하며 힐링하기 좋은 장소
네이버 지역검색 API | 서울 노원구,조용한 힐링,관음선원 관음불교대학 하늘숲명상센터,상시,성인 (개인 방문 적합),"서울특별시 노원구 상계로35가길 92 관음선원 하늘숲명상센터 | 좌표:1270788276,376742848",장소 문의 (전화/홈페이지 참조),"서울 노원구에 위치한 명상센터 관련 장소 [관음선원 관음불교대학 하늘숲명상센터] (불교>절,사찰). 전화: 정보없음",https://map.naver.com/v5/search/%EA%B4%80%EC%9D%8C%EC%84%A0%EC%9B%90%20%EA%B4%80%EC%9D%8C%EB%B6%88%EA%B5%90%EB%8C%80%ED%95%99%20%ED%95%98%EB%8A%98%EC%88%B2%EB%AA%85%EC%83%81%EC%84%BC%ED%84%B0,"single:0.85;couple:0.4;family:0.3;불교>절,사찰;명상센터",2026-08-23 19:43:15,healing:1.0;quiet:1.0;solo:1.0,2,70,🌿 혼자 사색하며 힐링하기 좋은 장소
네이버 지역검색 API | 서울 노원구,조용한 힐링,브레인트레이닝센터 공릉점,상시,성인 (개인 방문 적합),"서울특별시 노원구 동일로 1085 샘병원빌딩 3층 | 좌표:1270721192,376266938",장소 문의 (전화/홈페이지 참조),"서울 노원구에 위치한 명상센터 관련 장소 [브레인트레이닝센터 공릉점] (스포츠,레크레이션교육>요가,명상). 전화: 정보없음",https://blog.naver.com/bt-center,"single:0.85;couple:0.4;family:0.3;스포츠,레크레이션교육>요가,명상;명상센터",2026-08-23 19:43:15,healing:1.0;quiet:1.0;solo:1.0,2,70,🌿 혼자 사색하며 힐링하기 좋은 장소
네이버 지역검색 API | 서울 노원구,역사·문화,경수사,상시,성인 (개인 방문 적합),"서울특별시 노원구 상계동 산164-21 | 좌표:1270843061,376662752",장소 문의 (전화/홈페이지 참조),"서울 노원구에 위치한 사찰 관련 장소 [경수사] (불교>절,사찰). 전화: 정보없음",https://map.naver.com/v5/search/%EA%B2%BD%EC%88%98%EC%82%AC,"single:0.7;couple:0.4;family:0.3;불교>절,사찰;사찰",2026-08-23 19:43:15,culture:1.0;history:0.9;outdoor:0.7,2,70,🏯 깊이 있게 둘러보기 좋은 역사·문화 명소
네이버 지역검색 API | 서울 노원구,역사·문화,염불사,상시,성인 (개인 방문 적합),"서울특별시 노원구 동일로250길 44-142 | 좌표:1270661306,376844494",장소 문의 (전화/홈페이지 참조),"서울 노원구에 위치한 사찰 관련 장소 [염불사] (불교>절,사찰). 전화: 정보없음",https://map.naver.com/v5/search/%EC%97%BC%EB%B6%88%EC%82%AC,"single:0.7;couple:0.4;family:0.3;불교>절,사찰;사찰",2026-08-23 19:43:15,culture:1.0;history:0.9;outdoor:0.7,2,70,🏯 깊이 있게 둘러보기 좋은 역사·문화 명소
네이버 지역검색 API | 서울 노원구,역사·문화,도안사,상시,성인 (개인 방문 적합),"서울특별시 노원구 덕릉로145길 97 | 좌표:1270854500,376838760",장소 문의 (전화/홈페이지 참조),"서울 노원구에 위치한 사찰 관련 장소 [도안사] (불교>절,사찰). 전화: 정보없음",http://www.doansa.or.kr/,"single:0.7;couple:0.4;family:0.3;불교>절,사찰;사찰",2026-08-23 19:43:15,culture:1.0;history:0.9;outdoor:0.7,2,70,🏯 깊이 있게 둘러보기 좋은 역사·문화 명소
네이버 지역검색 API | 서울 노원구,역사·문화,학림사,상시,성인 (개인 방문 적합),"서울특별시 노원구 덕릉로129가길 241 | 좌표:1270773710,376821081",장소 문의 (전화/홈페이지 참조),"서울 노원구에 위치한 사찰 관련 장소 [학림사] (불교>절,사찰). 전화: 정보없음",https://map.naver.com/v5/search/%ED%95%99%EB%A6%BC%EC%82%AC,"single:0.7;couple:0.4;family:0.3;불교>절,사찰;사찰",2026-08-23 19:43:15,culture:1.0;history:0.9;outdoor:0.7,2,70,🏯 깊이 있게 둘러보기 좋은 역사·문화 명소
네이버 지역검색 API | 서울 노원구,자연·공원,순대국 옥순도마 수락산역 본점,상시,성인 (개인 방문 적합),"서울특별시 노원구 동일로242길 87 1층 | 좌표:1270599619,376746539",장소 문의 (전화/홈페이지 참조),"서울 노원구에 위치한 둘레길 관련 장소 [순대국 옥순도마 수락산역 본점] (한식>순대,순댓국). 전화: 정보없음",https://blog.naver.com/dkdksj111,"single:0.8;couple:0.4;family:0.3;한식>순대,순댓국;둘레길",2026-08-23 19:43:15,nature:1.0;outdoor:1.0;walk:1.0,2,70,🌳 혼자 걷기 좋은 자연 친화 공간
네이버 지역검색 API | 서울 노원구,자연·공원,서울둘레길1코스(수락산),상시,성인 (개인 방문 적합),"서울특별시 노원구 상계동 산44-3 | 좌표:1270596636,376800173",장소 문의 (전화/홈페이지 참조),"서울 노원구에 위치한 둘레길 관련 장소 [서울둘레길1코스(수락산)] (여행,명소>도보코스). 전화: 정보없음",https://map.naver.com/v5/search/%EC%84%9C%EC%9A%B8%EB%91%98%EB%A0%88%EA%B8%B81%EC%BD%94%EC%8A%A4%28%EC%88%98%EB%9D%BD%EC%82%B0%29,"single:0.8;couple:0.4;family:0.3;여행,명소>도보코스;둘레길",2026-08-23 19:43:15,nature:1.0;outdoor:1.0;walk:1.0,2,70,🌳 혼자 걷기 좋은 자연 친화 공간
네이버 지역검색 API | 서울 노원구,자연·공원,서울둘레길인증스탬프(상계동나들이철쭉동산),상시,성인 (개인 방문 적합),"서울특별시 노원구 상계동 | 좌표:1270836533,376683949",장소 문의 (전화/홈페이지 참조),"서울 노원구에 위치한 둘레길 관련 장소 [서울둘레길인증스탬프(상계동나들이철쭉동산)] (여행,명소>거리,골목). 전화: 정보없음",https://map.naver.com/v5/search/%EC%84%9C%EC%9A%B8%EB%91%98%EB%A0%88%EA%B8%B8%EC%9D%B8%EC%A6%9D%EC%8A%A4%ED%83%AC%ED%94%84%28%EC%83%81%EA%B3%84%EB%8F%99%EB%82%98%EB%93%A4%EC%9D%B4%EC%B2%A0%EC%AD%89%EB%8F%99%EC%82%B0%29,"single:0.8;couple:0.4;family:0.3;여행,명소>거리,골목;둘레길",2026-08-23 19:43:15,nature:1.0;outdoor:1.0;walk:1.0,2,70,🌳 혼자 걷기 좋은 자연 친화 공간
네이버 지역검색 API | 서울 노원구,자연·공원,서울둘레길2코스(덕릉고개),상시,성인 (개인 방문 적합),"서울특별시 노원구 상계동 산155-14 | 좌표:1270873204,376766269",장소 문의 (전화/홈페이지 참조),"서울 노원구에 위치한 둘레길 관련 장소 [서울둘레길2코스(덕릉고개)] (여행,명소>도보코스). 전화: 정보없음",https://map.naver.com/v5/search/%EC%84%9C%EC%9A%B8%EB%91%98%EB%A0%88%EA%B8%B82%EC%BD%94%EC%8A%A4%28%EB%8D%95%EB%A6%89%EA%B3%A0%EA%B0%9C%29,"single:0.8;couple:0.4;family:0.3;여행,명소>도보코스;둘레길",2026-08-23 19:43:15,nature:1.0;outdoor:1.0;walk:1.0,2,70,🌳 혼자 걷기 좋은 자연 친화 공간
네이버 지역검색 API | 서울 노원구,자연·공원,서울둘레길3코스(불암산),상시,성인 (개인 방문 적합),"서울특별시 노원구 중계동 산112 | 좌표:1270887494,376459005",장소 문의 (전화/홈페이지 참조),"서울 노원구에 위치한 둘레길 관련 장소 [서울둘레길3코스(불암산)] (여행,명소>도보코스). 전화: 정보없음",https://map.naver.com/v5/search/%EC%84%9C%EC%9A%B8%EB%91%98%EB%A0%88%EA%B8%B83%EC%BD%94%EC%8A%A4%28%EB%B6%88%EC%95%94%EC%82%B0%29,"single:0.8;couple:0.4;family:0.3;여행,명소>도보코스;둘레길",2026-08-23 19:43:15,nature:1.0;outdoor:1.0;walk:1.0,2,70,🌳 혼자 걷기 좋은 자연 친화 공간
네이버 지역검색 API | 서울 노원구,자연·공원,산들소리,상시,성인 (개인 방문 적합),"경기도 남양주시 불암산로59번길 48-31 산들소리 | 좌표:1270988395,376503945",장소 문의 (전화/홈페이지 참조),"서울 노원구에 위치한 수목원 관련 장소 [산들소리] (여행,명소>식물원,수목원). 전화: 정보없음",https://www.instagram.com/arboretum_sandul/,"single:0.75;couple:0.4;family:0.3;여행,명소>식물원,수목원;수목원",2026-08-23 19:43:15,nature:1.0;outdoor:1.0;walk:0.8,2,70,🌳 혼자 걷기 좋은 자연 친화 공간
네이버 지역검색 API | 서울 노원구,자연·공원,산들소리카페허브원,상시,성인 (개인 방문 적합),"경기도 남양주시 별내동 산124-9 | 좌표:1270994950,376504435",장소 문의 (전화/홈페이지 참조),"서울 노원구에 위치한 수목원 관련 장소 [산들소리카페허브원] (관람,체험>부속시설). 전화: 정보없음",https://map.naver.com/v5/search/%EC%82%B0%EB%93%A4%EC%86%8C%EB%A6%AC%EC%B9%B4%ED%8E%98%ED%97%88%EB%B8%8C%EC%9B%90,"single:0.75;couple:0.4;family:0.3;관람,체험>부속시설;수목원",2026-08-23 19:43:15,nature:1.0;outdoor:1.0;walk:0.8,2,70,🌳 혼자 걷기 좋은 자연 친화 공간
네이버 지역검색 API | 서울 노원구,자연·공원,산들소리카페레스토랑,상시,성인 (개인 방문 적합),"경기도 남양주시 불암산로59번길 48-29 | 좌표:1270993534,376508613",장소 문의 (전화/홈페이지 참조),"서울 노원구에 위치한 수목원 관련 장소 [산들소리카페레스토랑] (관람,체험>부속시설). 전화: 정보없음",https://map.naver.com/v5/search/%EC%82%B0%EB%93%A4%EC%86%8C%EB%A6%AC%EC%B9%B4%ED%8E%98%EB%A0%88%EC%8A%A4%ED%86%A0%EB%9E%91,"single:0.75;couple:0.4;family:0.3;관람,체험>부속시설;수목원",2026-08-23 19:43:15,nature:1.0;outdoor:1.0;walk:0.8,2,70,🌳 혼자 걷기 좋은 자연 친화 공간
네이버 지역검색 API | 서울 관악구,독립서점,엉금책방,상시,성인 (개인 방문 적합),"서울특별시 관악구 신림로 391 2층 | 좌표:1269278728,374890969",장소 문의 (전화/홈페이지 참조),서울 관악구에 위치한 독립서점 관련 장소 [엉금책방] (서점>독립서점). 전화: 정보없음,https://map.naver.com/v5/search/%EC%97%89%EA%B8%88%EC%B1%85%EB%B0%A9,single:0.95;couple:0.4;family:0.3;서점>독립서점;독립서점,2026-08-23 19:43:15,bookstore:1.0;quiet:1.0;indoor:1.0,2,70,📚 혼자만의 시간을 보내기 좋은 조용한 독서 공간
네이버 지역검색 API | 서울 관악구,독립서점,홀로상점,상시,성인 (개인 방문 적합),"서울특별시 관악구 관악로12길 25 1층 | 좌표:1269539897,374781506",장소 문의 (전화/홈페이지 참조),서울 관악구에 위치한 독립서점 관련 장소 [홀로상점] (서점>독립서점). 전화: 정보없음,https://www.instagram.com/store_hollow1,single:0.95;couple:0.4;family:0.3;서점>독립서점;독립서점,2026-08-23 19:43:15,bookstore:1.0;quiet:1.0;indoor:1.0,2,70,📚 혼자만의 시간을 보내기 좋은 조용한 독서 공간
네이버 지역검색 API | 서울 관악구,독립서점,책바 바인딩,상시,성인 (개인 방문 적합),"서울특별시 관악구 남부순환로231길 11 1층 101호 | 좌표:1269569457,374803902",장소 문의 (전화/홈페이지 참조),서울 관악구에 위치한 독립서점 관련 장소 [책바 바인딩] (서점>독립서점). 전화: 정보없음,https://linktr.ee/bar_in_ding,single:0.95;couple:0.4;family:0.3;서점>독립서점;독립서점,2026-08-23 19:43:15,bookstore:1.0;quiet:1.0;indoor:1.0,2,70,📚 혼자만의 시간을 보내기 좋은 조용한 독서 공간
네이버 지역검색 API | 서울 관악구,독립서점,회전문서재,상시,성인 (개인 방문 적합),"서울특별시 관악구 조원로2길 55 1층 4호 노란색 벽 | 좌표:1269013128,374812438",장소 문의 (전화/홈페이지 참조),서울 관악구에 위치한 독립서점 관련 장소 [회전문서재] (서점>독립서점). 전화: 정보없음,https://booking.naver.com/afterwork-library,single:0.95;couple:0.4;family:0.3;서점>독립서점;독립서점,2026-08-23 19:43:15,bookstore:1.0;quiet:1.0;indoor:1.0,2,70,📚 혼자만의 시간을 보내기 좋은 조용한 독서 공간
네이버 지역검색 API | 서울 관악구,독립서점,이나영책방,상시,성인 (개인 방문 적합),"서울특별시 관악구 조원로 77 202호 | 좌표:1269108795,374844175",장소 문의 (전화/홈페이지 참조),서울 관악구에 위치한 독립서점 관련 장소 [이나영책방] (서점>독립서점). 전화: 정보없음,https://blog.naver.com/lnybookshop,single:0.95;couple:0.4;family:0.3;서점>독립서점;독립서점,2026-08-23 19:43:15,bookstore:1.0;quiet:1.0;indoor:1.0,2,70,📚 혼자만의 시간을 보내기 좋은 조용한 독서 공간
네이버 지역검색 API | 서울 관악구,독립서점,북덕방,상시,성인 (개인 방문 적합),"서울특별시 관악구 봉천로 544-1 2층 201호 | 좌표:1269581918,374782418",장소 문의 (전화/홈페이지 참조),"서울 관악구에 위치한 북카페 관련 장소 [북덕방] (음식점>카페,디저트). 전화: 정보없음",https://www.instagram.com/bookduckbang,"single:0.85;couple:0.4;family:0.3;음식점>카페,디저트;북카페",2026-08-23 19:43:15,bookstore:0.8;quiet:0.9;indoor:1.0,2,70,📚 혼자만의 시간을 보내기 좋은 조용한 독서 공간
네이버 지역검색 API | 서울 관악구,독립서점,카페 아래로,상시,성인 (개인 방문 적합),"서울특별시 관악구 난곡로10길 10 카페 아래로 | 좌표:1269202413,374652249",장소 문의 (전화/홈페이지 참조),"서울 관악구에 위치한 북카페 관련 장소 [카페 아래로] (음식점>카페,디저트). 전화: 정보없음",https://www.instagram.com/cafe_arero,"single:0.85;couple:0.4;family:0.3;음식점>카페,디저트;북카페",2026-08-23 19:43:15,bookstore:0.8;quiet:0.9;indoor:1.0,2,70,📚 혼자만의 시간을 보내기 좋은 조용한 독서 공간
네이버 지역검색 API | 서울 관악구,독립서점,히코,상시,성인 (개인 방문 적합),"서울특별시 관악구 남부순환로 1746-1 2층 | 좌표:1269440896,374819447",장소 문의 (전화/홈페이지 참조),"서울 관악구에 위치한 북카페 관련 장소 [히코] (음식점>카페,디저트). 전화: 정보없음",https://www.instagram.com/cafe.hik0/,"single:0.85;couple:0.4;family:0.3;음식점>카페,디저트;북카페",2026-08-23 19:43:15,bookstore:0.8;quiet:0.9;indoor:1.0,2,70,📚 혼자만의 시간을 보내기 좋은 조용한 독서 공간
네이버 지역검색 API | 서울 관악구,독립서점,감성공백,상시,성인 (개인 방문 적합),"서울특별시 관악구 남부순환로152길 17 2층 | 좌표:1269192275,374819174",장소 문의 (전화/홈페이지 참조),"서울 관악구에 위치한 북카페 관련 장소 [감성공백] (음식점>카페,디저트). 전화: 정보없음",https://www.instagram.com/gamsung0100/,"single:0.85;couple:0.4;family:0.3;음식점>카페,디저트;북카페",2026-08-23 19:43:15,bookstore:0.8;quiet:0.9;indoor:1.0,2,70,📚 혼자만의 시간을 보내기 좋은 조용한 독서 공간
네이버 지역검색 API | 서울 관악구,조용한 힐링,랭스터디카페 신림점,상시,성인 (개인 방문 적합),"서울특별시 관악구 신림로 376 2층 랭스터디카페 신림점 | 좌표:1269289457,374879239",장소 문의 (전화/홈페이지 참조),"서울 관악구에 위치한 스터디카페 관련 장소 [랭스터디카페 신림점] (서비스,산업>장소대여). 전화: 정보없음",https://www.instagram.com/langstudycafe_sillim,"single:0.9;couple:0.4;family:0.3;서비스,산업>장소대여;스터디카페",2026-08-23 19:43:15,healing:0.7;quiet:1.0;solo:1.0,2,70,🌿 혼자 사색하며 힐링하기 좋은 장소
네이버 지역검색 API | 서울 관악구,조용한 힐링,디딤스터디카페 워크라운지 서울대입구역점,상시,성인 (개인 방문 적합),"서울특별시 관악구 남부순환로218길 36 2층 | 좌표:1269501097,374798114",장소 문의 (전화/홈페이지 참조),"서울 관악구에 위치한 스터디카페 관련 장소 [디딤스터디카페 워크라운지 서울대입구역점] (카페,디저트>스터디카페). 전화: 정보없음",https://map.naver.com/v5/search/%EB%94%94%EB%94%A4%EC%8A%A4%ED%84%B0%EB%94%94%EC%B9%B4%ED%8E%98%20%EC%9B%8C%ED%81%AC%EB%9D%BC%EC%9A%B4%EC%A7%80%20%EC%84%9C%EC%9A%B8%EB%8C%80%EC%9E%85%EA%B5%AC%EC%97%AD%EC%A0%90,"single:0.9;couple:0.4;family:0.3;카페,디저트>스터디카페;스터디카페",2026-08-23 19:43:15,healing:0.7;quiet:1.0;solo:1.0,2,70,🌿 혼자 사색하며 힐링하기 좋은 장소
네이버 지역검색 API | 서울 관악구,조용한 힐링,스페이스액트 스터디카페,상시,성인 (개인 방문 적합),"서울특별시 관악구 신림로59길 23 삼모스포렉스 12층 | 좌표:1269285435,374826395",장소 문의 (전화/홈페이지 참조),"서울 관악구에 위치한 스터디카페 관련 장소 [스페이스액트 스터디카페] (서비스,산업>장소대여). 전화: 정보없음",https://actedu.info/,"single:0.9;couple:0.4;family:0.3;서비스,산업>장소대여;스터디카페",2026-08-23 19:43:15,healing:0.7;quiet:1.0;solo:1.0,2,70,🌿 혼자 사색하며 힐링하기 좋은 장소
네이버 지역검색 API | 서울 관악구,조용한 힐링,페이스더블랙워크&amp;스터디 서울대벤처타운점,상시,성인 (개인 방문 적합),"서울특별시 관악구 신림로 85 3층 | 좌표:1269399343,374703340",장소 문의 (전화/홈페이지 참조),서울 관악구에 위치한 스터디카페 관련 장소 [페이스더블랙워크&amp;스터디 서울대벤처타운점] (스터디카페). 전화: 정보없음,https://buly.kr/3j9LfkK,single:0.9;couple:0.4;family:0.3;스터디카페;스터디카페,2026-08-23 19:43:15,healing:0.7;quiet:1.0;solo:1.0,2,70,🌿 혼자 사색하며 힐링하기 좋은 장소
네이버 지역검색 API | 서울 관악구,조용한 힐링,카공족 신대방역점,상시,성인 (개인 방문 적합),"서울특별시 관악구 남부순환로151길 73 2층 | 좌표:1269143567,374843945",장소 문의 (전화/홈페이지 참조),"서울 관악구에 위치한 스터디카페 관련 장소 [카공족 신대방역점] (카페,디저트>스터디카페). 전화: 정보없음",http://pf.kakao.com/_xfnyxbX,"single:0.9;couple:0.4;family:0.3;카페,디저트>스터디카페;스터디카페",2026-08-23 19:43:15,healing:0.7;quiet:1.0;solo:1.0,2,70,🌿 혼자 사색하며 힐링하기 좋은 장소
네이버 지역검색 API | 서울 관악구,조용한 힐링,요가원더랜드 낙성대,상시,성인 (개인 방문 적합),"서울특별시 관악구 인헌6길 16 3층 306호 | 좌표:1269660220,374741092",장소 문의 (전화/홈페이지 참조),서울 관악구에 위치한 요가원 관련 장소 [요가원더랜드 낙성대] (스포츠시설>요가원). 전화: 정보없음,https://yogawonderland.co.kr/,single:0.8;couple:0.4;family:0.3;스포츠시설>요가원;요가원,2026-08-23 19:43:15,healing:1.0;quiet:0.8;solo:0.9,2,70,🌿 혼자 사색하며 힐링하기 좋은 장소
네이버 지역검색 API | 서울 관악구,조용한 힐링,요가룩스 신림점,상시,성인 (개인 방문 적합),"서울특별시 관악구 남부순환로 1464 승도빌딩 3층 요가룩스 신림점 | 좌표:1269133716,374813013",장소 문의 (전화/홈페이지 참조),서울 관악구에 위치한 요가원 관련 장소 [요가룩스 신림점] (스포츠시설>요가원). 전화: 정보없음,https://www.instagram.com/yogalooks_sillim,single:0.8;couple:0.4;family:0.3;스포츠시설>요가원;요가원,2026-08-23 19:43:15,healing:1.0;quiet:0.8;solo:0.9,2,70,🌿 혼자 사색하며 힐링하기 좋은 장소
네이버 지역검색 API | 서울 관악구,조용한 힐링,아메리카요가 서울대입구역점,상시,성인 (개인 방문 적합),"서울특별시 관악구 남부순환로 1797 호혜빌딩 2층 | 좌표:1269499459,374818191",장소 문의 (전화/홈페이지 참조),서울 관악구에 위치한 요가원 관련 장소 [아메리카요가 서울대입구역점] (스포츠시설>요가원). 전화: 정보없음,https://www.instagram.com/americayoga_seoul,single:0.8;couple:0.4;family:0.3;스포츠시설>요가원;요가원,2026-08-23 19:43:15,healing:1.0;quiet:0.8;solo:0.9,2,70,🌿 혼자 사색하며 힐링하기 좋은 장소
네이버 지역검색 API | 서울 관악구,조용한 힐링,더플로우 요가 신림,상시,성인 (개인 방문 적합),"서울특별시 관악구 신림로65길 24 4, 5층 더플로우 | 좌표:1269282160,374851216",장소 문의 (전화/홈페이지 참조),서울 관악구에 위치한 요가원 관련 장소 [더플로우 요가 신림] (스포츠시설>요가원). 전화: 정보없음,https://더플로우.com,single:0.8;couple:0.4;family:0.3;스포츠시설>요가원;요가원,2026-08-23 19:43:15,healing:1.0;quiet:0.8;solo:0.9,2,70,🌿 혼자 사색하며 힐링하기 좋은 장소
네이버 지역검색 API | 서울 관악구,조용한 힐링,새별요가,상시,성인 (개인 방문 적합),"서울특별시 관악구 난곡로 359 4층 새별요가 | 좌표:1269135125,374861073",장소 문의 (전화/홈페이지 참조),서울 관악구에 위치한 요가원 관련 장소 [새별요가] (스포츠시설>요가원). 전화: 정보없음,https://blog.naver.com/han_sallyoga,single:0.8;couple:0.4;family:0.3;스포츠시설>요가원;요가원,2026-08-23 19:43:15,healing:1.0;quiet:0.8;solo:0.9,2,70,🌿 혼자 사색하며 힐링하기 좋은 장소
네이버 지역검색 API | 서울 관악구,조용한 힐링,마음수련 명상센터 서울대입구역점,상시,성인 (개인 방문 적합),"서울특별시 관악구 남부순환로 1808 제5층 제1호 | 좌표:1269509341,374810980",장소 문의 (전화/홈페이지 참조),"서울 관악구에 위치한 명상센터 관련 장소 [마음수련 명상센터 서울대입구역점] (스포츠,레크레이션교육>요가,명상). 전화: 정보없음",https://trueselfclass.com/,"single:0.85;couple:0.4;family:0.3;스포츠,레크레이션교육>요가,명상;명상센터",2026-08-23 19:43:15,healing:1.0;quiet:1.0;solo:1.0,2,70,🌿 혼자 사색하며 힐링하기 좋은 장소
네이버 지역검색 API | 서울 관악구,조용한 힐링,마음수련 명상센터 사당역점,상시,성인 (개인 방문 적합),"서울특별시 관악구 남부순환로 2068 르메이에르강남타운 1차 203호 | 좌표:1269785635,374763416",장소 문의 (전화/홈페이지 참조),"서울 관악구에 위치한 명상센터 관련 장소 [마음수련 명상센터 사당역점] (스포츠,레크레이션교육>요가,명상). 전화: 정보없음",http://trueselfclass.com/,"single:0.85;couple:0.4;family:0.3;스포츠,레크레이션교육>요가,명상;명상센터",2026-08-23 19:43:15,healing:1.0;quiet:1.0;solo:1.0,2,70,🌿 혼자 사색하며 힐링하기 좋은 장소
네이버 지역검색 API | 서울 관악구,조용한 힐링,보라매힐링명상&amp;요가센터,상시,성인 (개인 방문 적합),"서울특별시 관악구 보라매로 25 2층 | 좌표:1269265558,374919232",장소 문의 (전화/홈페이지 참조),"서울 관악구에 위치한 명상센터 관련 장소 [보라매힐링명상&amp;요가센터] (스포츠,레크레이션교육>요가,명상). 전화: 정보없음",https://blog.naver.com/bhmy2023,"single:0.85;couple:0.4;family:0.3;스포츠,레크레이션교육>요가,명상;명상센터",2026-08-23 19:43:15,healing:1.0;quiet:1.0;solo:1.0,2,70,🌿 혼자 사색하며 힐링하기 좋은 장소
네이버 지역검색 API | 서울 관악구,조용한 힐링,아쉬탕가요가센터,상시,성인 (개인 방문 적합),"서울특별시 관악구 신림로 113 5층 | 좌표:1269366730,374706345",장소 문의 (전화/홈페이지 참조),"서울 관악구에 위치한 명상센터 관련 장소 [아쉬탕가요가센터] (스포츠,레크레이션교육>요가,명상). 전화: 정보없음",http://cafe.daum.net/yogascience,"single:0.85;couple:0.4;family:0.3;스포츠,레크레이션교육>요가,명상;명상센터",2026-08-23 19:43:15,healing:1.0;quiet:1.0;solo:1.0,2,70,🌿 혼자 사색하며 힐링하기 좋은 장소
네이버 지역검색 API | 서울 관악구,조용한 힐링,제나힐링심리상담센터,상시,성인 (개인 방문 적합),"서울특별시 관악구 남부순환로 1811 신원메트로빌 806호 | 좌표:1269514833,374817674",장소 문의 (전화/홈페이지 참조),"서울 관악구에 위치한 명상센터 관련 장소 [제나힐링심리상담센터] (건강,의료>심리상담). 전화: 정보없음",https://blog.naver.com/zenatherapy,"single:0.85;couple:0.4;family:0.3;건강,의료>심리상담;명상센터",2026-08-23 19:43:15,healing:1.0;quiet:1.0;solo:1.0,2,70,🌿 혼자 사색하며 힐링하기 좋은 장소
네이버 지역검색 API | 서울 관악구,역사·문화,명락사,상시,성인 (개인 방문 적합),"서울특별시 관악구 청룡1길 11 | 좌표:1269469942,374813764",장소 문의 (전화/홈페이지 참조),"서울 관악구에 위치한 사찰 관련 장소 [명락사] (불교>절,사찰). 전화: 정보없음",https://map.naver.com/v5/search/%EB%AA%85%EB%9D%BD%EC%82%AC,"single:0.7;couple:0.4;family:0.3;불교>절,사찰;사찰",2026-08-23 19:43:15,culture:1.0;history:0.9;outdoor:0.7,2,70,🏯 깊이 있게 둘러보기 좋은 역사·문화 명소
네이버 지역검색 API | 서울 관악구,역사·문화,성주암,상시,성인 (개인 방문 적합),"서울특별시 관악구 신림로 15-250 성주암 | 좌표:1269427677,374575011",장소 문의 (전화/홈페이지 참조),"서울 관악구에 위치한 사찰 관련 장소 [성주암] (불교>절,사찰). 전화: 정보없음",https://map.naver.com/v5/search/%EC%84%B1%EC%A3%BC%EC%95%94,"single:0.7;couple:0.4;family:0.3;불교>절,사찰;사찰",2026-08-23 19:43:15,culture:1.0;history:0.9;outdoor:0.7,2,70,🏯 깊이 있게 둘러보기 좋은 역사·문화 명소
네이버 지역검색 API | 서울 관악구,역사·문화,대한불교조계종약수사,상시,성인 (개인 방문 적합),"서울특별시 관악구 약수암1길 28 약수사 | 좌표:1269345979,374591185",장소 문의 (전화/홈페이지 참조),"서울 관악구에 위치한 사찰 관련 장소 [대한불교조계종약수사] (불교>절,사찰). 전화: 정보없음",https://map.naver.com/v5/search/%EB%8C%80%ED%95%9C%EB%B6%88%EA%B5%90%EC%A1%B0%EA%B3%84%EC%A2%85%EC%95%BD%EC%88%98%EC%82%AC,"single:0.7;couple:0.4;family:0.3;불교>절,사찰;사찰",2026-08-23 19:43:15,culture:1.0;history:0.9;outdoor:0.7,2,70,🏯 깊이 있게 둘러보기 좋은 역사·문화 명소
네이버 지역검색 API | 서울 관악구,역사·문화,보명사,상시,성인 (개인 방문 적합),"서울특별시 관악구 법원단지9길 91 | 좌표:1269243292,374767964",장소 문의 (전화/홈페이지 참조),"서울 관악구에 위치한 사찰 관련 장소 [보명사] (불교>절,사찰). 전화: 정보없음",https://map.naver.com/v5/search/%EB%B3%B4%EB%AA%85%EC%82%AC,"single:0.7;couple:0.4;family:0.3;불교>절,사찰;사찰",2026-08-23 19:43:15,culture:1.0;history:0.9;outdoor:0.7,2,70,🏯 깊이 있게 둘러보기 좋은 역사·문화 명소
네이버 지역검색 API | 서울 관악구,자연·공원,서울둘레길인증스탬프(관음사입구),상시,성인 (개인 방문 적합),"서울특별시 관악구 남현동 | 좌표:1269781845,374695530",장소 문의 (전화/홈페이지 참조),"서울 관악구에 위치한 둘레길 관련 장소 [서울둘레길인증스탬프(관음사입구)] (여행,명소>거리,골목). 전화: 정보없음",https://map.naver.com/v5/search/%EC%84%9C%EC%9A%B8%EB%91%98%EB%A0%88%EA%B8%B8%EC%9D%B8%EC%A6%9D%EC%8A%A4%ED%83%AC%ED%94%84%28%EA%B4%80%EC%9D%8C%EC%82%AC%EC%9E%85%EA%B5%AC%29,"single:0.8;couple:0.4;family:0.3;여행,명소>거리,골목;둘레길",2026-08-23 19:43:15,nature:1.0;outdoor:1.0;walk:1.0,2,70,🌳 혼자 걷기 좋은 자연 친화 공간
네이버 지역검색 API | 서울 관악구,자연·공원,서울둘레길인증스탬프(관악산공원입구),상시,성인 (개인 방문 적합),"서울특별시 관악구 신림동 | 좌표:1269467575,374675461",장소 문의 (전화/홈페이지 참조),"서울 관악구에 위치한 둘레길 관련 장소 [서울둘레길인증스탬프(관악산공원입구)] (여행,명소>거리,골목). 전화: 정보없음",https://map.naver.com/v5/search/%EC%84%9C%EC%9A%B8%EB%91%98%EB%A0%88%EA%B8%B8%EC%9D%B8%EC%A6%9D%EC%8A%A4%ED%83%AC%ED%94%84%28%EA%B4%80%EC%95%85%EC%82%B0%EA%B3%B5%EC%9B%90%EC%9E%85%EA%B5%AC%29,"single:0.8;couple:0.4;family:0.3;여행,명소>거리,골목;둘레길",2026-08-23 19:43:15,nature:1.0;outdoor:1.0;walk:1.0,2,70,🌳 혼자 걷기 좋은 자연 친화 공간
네이버 지역검색 API | 서울 관악구,자연·공원,서울둘레길11코스(관악산),상시,성인 (개인 방문 적합),"서울특별시 관악구 봉천동 산4-9 | 좌표:1269635635,374685198",장소 문의 (전화/홈페이지 참조),"서울 관악구에 위치한 둘레길 관련 장소 [서울둘레길11코스(관악산)] (여행,명소>도보코스). 전화: 정보없음",https://map.naver.com/v5/search/%EC%84%9C%EC%9A%B8%EB%91%98%EB%A0%88%EA%B8%B811%EC%BD%94%EC%8A%A4%28%EA%B4%80%EC%95%85%EC%82%B0%29,"single:0.8;couple:0.4;family:0.3;여행,명소>도보코스;둘레길",2026-08-23 19:43:15,nature:1.0;outdoor:1.0;walk:1.0,2,70,🌳 혼자 걷기 좋은 자연 친화 공간
네이버 지역검색 API | 서울 관악구,자연·공원,관악산둘레길,상시,성인 (개인 방문 적합),"서울특별시 관악구 신림동 산32-22 | 좌표:1269479729,374637680",장소 문의 (전화/홈페이지 참조),"서울 관악구에 위치한 둘레길 관련 장소 [관악산둘레길] (여행,명소>산책로). 전화: 정보없음",https://map.naver.com/v5/search/%EA%B4%80%EC%95%85%EC%82%B0%EB%91%98%EB%A0%88%EA%B8%B8,"single:0.8;couple:0.4;family:0.3;여행,명소>산책로;둘레길",2026-08-23 19:43:15,nature:1.0;outdoor:1.0;walk:1.0,2,70,🌳 혼자 걷기 좋은 자연 친화 공간
네이버 지역검색 API | 서울 관악구,자연·공원,관악산둘레길-관악구구간,상시,성인 (개인 방문 적합),"서울특별시 관악구 봉천동 산41-1 | 좌표:1269539871,374715932",장소 문의 (전화/홈페이지 참조),"서울 관악구에 위치한 둘레길 관련 장소 [관악산둘레길-관악구구간] (여행,명소>도보코스). 전화: 정보없음",https://map.naver.com/v5/search/%EA%B4%80%EC%95%85%EC%82%B0%EB%91%98%EB%A0%88%EA%B8%B8-%EA%B4%80%EC%95%85%EA%B5%AC%EA%B5%AC%EA%B0%84,"single:0.8;couple:0.4;family:0.3;여행,명소>도보코스;둘레길",2026-08-23 19:43:15,nature:1.0;outdoor:1.0;walk:1.0,2,70,🌳 혼자 걷기 좋은 자연 친화 공간
네이버 지역검색 API | 서울 관악구,자연·공원,관악산야외식물원,상시,성인 (개인 방문 적합),"서울특별시 관악구 신림동 205-1 | 좌표:1269481060,374618039",장소 문의 (전화/홈페이지 참조),"서울 관악구에 위치한 수목원 관련 장소 [관악산야외식물원] (여행,명소>식물원,수목원). 전화: 정보없음",https://map.naver.com/v5/search/%EA%B4%80%EC%95%85%EC%82%B0%EC%95%BC%EC%99%B8%EC%8B%9D%EB%AC%BC%EC%9B%90,"single:0.75;couple:0.4;family:0.3;여행,명소>식물원,수목원;수목원",2026-08-23 19:43:15,nature:1.0;outdoor:1.0;walk:0.8,2,70,🌳 혼자 걷기 좋은 자연 친화 공간
네이버 지역검색 API | 서울 관악구,자연·공원,낙성꽃뜰정원,상시,성인 (개인 방문 적합),"서울특별시 관악구 | 좌표:1269593916,374736367",장소 문의 (전화/홈페이지 참조),"서울 관악구에 위치한 수목원 관련 장소 [낙성꽃뜰정원] (여행,명소>식물원,수목원). 전화: 정보없음",https://map.naver.com/v5/search/%EB%82%99%EC%84%B1%EA%BD%83%EB%9C%B0%EC%A0%95%EC%9B%90,"single:0.75;couple:0.4;family:0.3;여행,명소>식물원,수목원;수목원",2026-08-23 19:43:15,nature:1.0;outdoor:1.0;walk:0.8,2,70,🌳 혼자 걷기 좋은 자연 친화 공간
네이버 지역검색 API | 서울 관악구,자연·공원,과천식물원,상시,성인 (개인 방문 적합),"경기도 과천시 홍촌말로 38 | 좌표:1269811970,374261800",장소 문의 (전화/홈페이지 참조),"서울 관악구에 위치한 수목원 관련 장소 [과천식물원] (여행,명소>식물원,수목원). 전화: 정보없음",https://map.naver.com/v5/search/%EA%B3%BC%EC%B2%9C%EC%8B%9D%EB%AC%BC%EC%9B%90,"single:0.75;couple:0.4;family:0.3;여행,명소>식물원,수목원;수목원",2026-08-23 19:43:15,nature:1.0;outdoor:1.0;walk:0.8,2,70,🌳 혼자 걷기 좋은 자연 친화 공간
네이버 지역검색 API | 서울 관악구,자연·공원,도하공원금천의결,상시,성인 (개인 방문 적합),"서울특별시 금천구 | 좌표:1268954468,374587823",장소 문의 (전화/홈페이지 참조),"서울 관악구에 위치한 수목원 관련 장소 [도하공원금천의결] (여행,명소>식물원,수목원). 전화: 정보없음",https://map.naver.com/v5/search/%EB%8F%84%ED%95%98%EA%B3%B5%EC%9B%90%EA%B8%88%EC%B2%9C%EC%9D%98%EA%B2%B0,"single:0.75;couple:0.4;family:0.3;여행,명소>식물원,수목원;수목원",2026-08-23 19:43:15,nature:1.0;outdoor:1.0;walk:0.8,2,70,🌳 혼자 걷기 좋은 자연 친화 공간
네이버 지역검색 API | 서울 동작구,독립서점,소셜서재,상시,성인 (개인 방문 적합),"서울특별시 동작구 동작대로9길 18 지하 1층 | 좌표:1269805232,374806962",장소 문의 (전화/홈페이지 참조),서울 동작구에 위치한 독립서점 관련 장소 [소셜서재] (서점>독립서점). 전화: 정보없음,https://www.instagram.com/social_seoje,single:0.95;couple:0.4;family:0.3;서점>독립서점;독립서점,2026-08-23 19:43:15,bookstore:1.0;quiet:1.0;indoor:1.0,2,70,📚 혼자만의 시간을 보내기 좋은 조용한 독서 공간
네이버 지역검색 API | 서울 동작구,독립서점,대륙서점,상시,성인 (개인 방문 적합),"서울특별시 동작구 성대로 40 1층대륙서점 | 좌표:1269332920,374989810",장소 문의 (전화/홈페이지 참조),"서울 동작구에 위치한 독립서점 관련 장소 [대륙서점] (쇼핑,유통>서점). 전화: 정보없음",https://www.instagram.com/daerukbooks?igshid=l12z4ktyz22s,"single:0.95;couple:0.4;family:0.3;쇼핑,유통>서점;독립서점",2026-08-23 19:43:15,bookstore:1.0;quiet:1.0;indoor:1.0,2,70,📚 혼자만의 시간을 보내기 좋은 조용한 독서 공간
네이버 지역검색 API | 서울 동작구,독립서점,책방 언덕위에,상시,성인 (개인 방문 적합),"서울특별시 동작구 흑석로 88 3층 302호 | 좌표:1269593658,375071120",장소 문의 (전화/홈페이지 참조),서울 동작구에 위치한 독립서점 관련 장소 [책방 언덕위에] (서점>독립서점). 전화: 정보없음,https://www.instagram.com/undergwie/,single:0.95;couple:0.4;family:0.3;서점>독립서점;독립서점,2026-08-23 19:43:15,bookstore:1.0;quiet:1.0;indoor:1.0,2,70,📚 혼자만의 시간을 보내기 좋은 조용한 독서 공간
네이버 지역검색 API | 서울 동작구,독립서점,모즈나,상시,성인 (개인 방문 적합),"서울특별시 동작구 사당로23사길 33-3 2층 | 좌표:1269690612,374907679",장소 문의 (전화/홈페이지 참조),서울 동작구에 위치한 독립서점 관련 장소 [모즈나] (서점>독립서점). 전화: 정보없음,https://www.instagram.com/moznabooks,single:0.95;couple:0.4;family:0.3;서점>독립서점;독립서점,2026-08-23 19:43:15,bookstore:1.0;quiet:1.0;indoor:1.0,2,70,📚 혼자만의 시간을 보내기 좋은 조용한 독서 공간
네이버 지역검색 API | 서울 동작구,독립서점,북사운드,상시,성인 (개인 방문 적합),"서울특별시 동작구 사당로17길 8 대림프라자 2층 212호 | 좌표:1269744210,374840383",장소 문의 (전화/홈페이지 참조),"서울 동작구에 위치한 독립서점 관련 장소 [북사운드] (쇼핑,유통>서점). 전화: 정보없음",https://www.instagram.com/booksound2025,"single:0.95;couple:0.4;family:0.3;쇼핑,유통>서점;독립서점",2026-08-23 19:43:15,bookstore:1.0;quiet:1.0;indoor:1.0,2,70,📚 혼자만의 시간을 보내기 좋은 조용한 독서 공간
네이버 지역검색 API | 서울 동작구,독립서점,오누이,상시,성인 (개인 방문 적합),"서울특별시 동작구 시흥대로 676 혜석빌딩 | 좌표:1269091225,374916294",장소 문의 (전화/홈페이지 참조),서울 동작구에 위치한 북카페 관련 장소 [오누이] (갤러리카페). 전화: 정보없음,https://map.naver.com/v5/search/%EC%98%A4%EB%88%84%EC%9D%B4,single:0.85;couple:0.4;family:0.3;갤러리카페;북카페,2026-08-23 19:43:15,bookstore:0.8;quiet:0.9;indoor:1.0,2,70,📚 혼자만의 시간을 보내기 좋은 조용한 독서 공간
네이버 지역검색 API | 서울 동작구,독립서점,공간인흑석,상시,성인 (개인 방문 적합),"서울특별시 동작구 흑석로5길 94 | 좌표:1269587786,375093064",장소 문의 (전화/홈페이지 참조),"서울 동작구에 위치한 북카페 관련 장소 [공간인흑석] (서비스,산업>장소대여). 전화: 정보없음",https://blog.naver.com/in-thegarden/223913929194,"single:0.85;couple:0.4;family:0.3;서비스,산업>장소대여;북카페",2026-08-23 19:43:15,bookstore:0.8;quiet:0.9;indoor:1.0,2,70,📚 혼자만의 시간을 보내기 좋은 조용한 독서 공간
네이버 지역검색 API | 서울 동작구,독립서점,놀숲 노량진점,상시,성인 (개인 방문 적합),"서울특별시 동작구 노량진로 176 B1 | 좌표:1269455183,375134467",장소 문의 (전화/홈페이지 참조),"서울 동작구에 위치한 북카페 관련 장소 [놀숲 노량진점] (스포츠,오락>만화방). 전화: 정보없음",http://krbda.com/nolsoop,"single:0.85;couple:0.4;family:0.3;스포츠,오락>만화방;북카페",2026-08-23 19:43:15,bookstore:0.8;quiet:0.9;indoor:1.0,2,70,📚 혼자만의 시간을 보내기 좋은 조용한 독서 공간
네이버 지역검색 API | 서울 동작구,독립서점,신대방햇살,상시,성인 (개인 방문 적합),"서울특별시 동작구 여의대방로16길 53 | 좌표:1269167802,374947228",장소 문의 (전화/홈페이지 참조),"서울 동작구에 위치한 북카페 관련 장소 [신대방햇살] (카페,디저트>북카페). 전화: 정보없음",https://map.naver.com/v5/search/%EC%8B%A0%EB%8C%80%EB%B0%A9%ED%96%87%EC%82%B4,"single:0.85;couple:0.4;family:0.3;카페,디저트>북카페;북카페",2026-08-23 19:43:15,bookstore:0.8;quiet:0.9;indoor:1.0,2,70,📚 혼자만의 시간을 보내기 좋은 조용한 독서 공간
네이버 지역검색 API | 서울 동작구,조용한 힐링,혜림재 스터디룸&amp;카페,상시,성인 (개인 방문 적합),"서울특별시 동작구 만양로14바길 24 1층 | 좌표:1269468231,375113624",장소 문의 (전화/홈페이지 참조),"서울 동작구에 위치한 스터디카페 관련 장소 [혜림재 스터디룸&amp;카페] (서비스,산업>장소대여). 전화: 정보없음",https://hyerimjae.notion.site/67d9daaa140441f38e658e80c359b822?pvs=4,"single:0.9;couple:0.4;family:0.3;서비스,산업>장소대여;스터디카페",2026-08-23 19:43:15,healing:0.7;quiet:1.0;solo:1.0,2,70,🌿 혼자 사색하며 힐링하기 좋은 장소
네이버 지역검색 API | 서울 동작구,조용한 힐링,컨센터블 스터디룸&amp;카페 이수점,상시,성인 (개인 방문 적합),"서울특별시 동작구 동작대로39길 22 이수힐스테이트 에비뉴 상가 2층 | 좌표:1269823347,374942888",장소 문의 (전화/홈페이지 참조),"서울 동작구에 위치한 스터디카페 관련 장소 [컨센터블 스터디룸&amp;카페 이수점] (서비스,산업>장소대여). 전화: 정보없음",https://yamoo.notion.site/7770ceb9557b454da6d9f51b99e03036?source=copy_link,"single:0.9;couple:0.4;family:0.3;서비스,산업>장소대여;스터디카페",2026-08-23 19:43:15,healing:0.7;quiet:1.0;solo:1.0,2,70,🌿 혼자 사색하며 힐링하기 좋은 장소
네이버 지역검색 API | 서울 동작구,조용한 힐링,수림당 스터디룸&amp;카페,상시,성인 (개인 방문 적합),"서울특별시 동작구 만양로14사길 1 | 좌표:1269471689,375124248",장소 문의 (전화/홈페이지 참조),"서울 동작구에 위치한 스터디카페 관련 장소 [수림당 스터디룸&amp;카페] (서비스,산업>장소대여). 전화: 정보없음",https://surimdang.notion.site/149810b868c3805f81afcaaaf57a5783?pvs=4,"single:0.9;couple:0.4;family:0.3;서비스,산업>장소대여;스터디카페",2026-08-23 19:43:15,healing:0.7;quiet:1.0;solo:1.0,2,70,🌿 혼자 사색하며 힐링하기 좋은 장소
네이버 지역검색 API | 서울 동작구,조용한 힐링,랭스터디카페 노량진점,상시,성인 (개인 방문 적합),"서울특별시 동작구 노량진로 159 2층, 3층, 4층 랭스터디카페 노량진점 | 좌표:1269435919,375139858",장소 문의 (전화/홈페이지 참조),"서울 동작구에 위치한 스터디카페 관련 장소 [랭스터디카페 노량진점] (서비스,산업>장소대여). 전화: 정보없음",https://www.instagram.com/langstudy_nrj1,"single:0.9;couple:0.4;family:0.3;서비스,산업>장소대여;스터디카페",2026-08-23 19:43:15,healing:0.7;quiet:1.0;solo:1.0,2,70,🌿 혼자 사색하며 힐링하기 좋은 장소
네이버 지역검색 API | 서울 동작구,조용한 힐링,관리형 스터디카페 특별 노량진점,상시,성인 (개인 방문 적합),"서울특별시 동작구 노량진로 206 7층 | 좌표:1269486587,375127519",장소 문의 (전화/홈페이지 참조),서울 동작구에 위치한 스터디카페 관련 장소 [관리형 스터디카페 특별 노량진점] (스터디카페). 전화: 정보없음,http://pf.kakao.com/_xmIjxcn/chat,single:0.9;couple:0.4;family:0.3;스터디카페;스터디카페,2026-08-23 19:43:15,healing:0.7;quiet:1.0;solo:1.0,2,70,🌿 혼자 사색하며 힐링하기 좋은 장소
네이버 지역검색 API | 서울 동작구,조용한 힐링,솔라즈요가,상시,성인 (개인 방문 적합),"서울특별시 동작구 동작대로7길 97 6층 | 좌표:1269778842,374771111",장소 문의 (전화/홈페이지 참조),서울 동작구에 위치한 요가원 관련 장소 [솔라즈요가] (스포츠시설>요가원). 전화: 정보없음,https://www.instagram.com/solaz_yoga,single:0.8;couple:0.4;family:0.3;스포츠시설>요가원;요가원,2026-08-23 19:43:15,healing:1.0;quiet:0.8;solo:0.9,2,70,🌿 혼자 사색하며 힐링하기 좋은 장소
네이버 지역검색 API | 서울 동작구,조용한 힐링,누아바레&amp;요가,상시,성인 (개인 방문 적합),"서울특별시 동작구 남부순환로 2027 1층 | 좌표:1269739121,374764061",장소 문의 (전화/홈페이지 참조),서울 동작구에 위치한 요가원 관련 장소 [누아바레&amp;요가] (스포츠시설>요가원). 전화: 정보없음,https://www.nuabarre.kr/,single:0.8;couple:0.4;family:0.3;스포츠시설>요가원;요가원,2026-08-23 19:43:15,healing:1.0;quiet:0.8;solo:0.9,2,70,🌿 혼자 사색하며 힐링하기 좋은 장소
네이버 지역검색 API | 서울 동작구,조용한 힐링,라니요가,상시,성인 (개인 방문 적합),"서울특별시 동작구 상도로 69 상원빌딩3층 | 좌표:1269283927,374999695",장소 문의 (전화/홈페이지 참조),서울 동작구에 위치한 요가원 관련 장소 [라니요가] (스포츠시설>요가원). 전화: 정보없음,https://pf.kakao.com/_ZDxjxij,single:0.8;couple:0.4;family:0.3;스포츠시설>요가원;요가원,2026-08-23 19:43:15,healing:1.0;quiet:0.8;solo:0.9,2,70,🌿 혼자 사색하며 힐링하기 좋은 장소
네이버 지역검색 API | 서울 동작구,조용한 힐링,오티움요가,상시,성인 (개인 방문 적합),"서울특별시 동작구 흑석한강로 2 3층 1호 | 좌표:1269665178,375065984",장소 문의 (전화/홈페이지 참조),서울 동작구에 위치한 요가원 관련 장소 [오티움요가] (스포츠시설>요가원). 전화: 정보없음,https://www.instagram.com/otiumyoga_,single:0.8;couple:0.4;family:0.3;스포츠시설>요가원;요가원,2026-08-23 19:43:15,healing:1.0;quiet:0.8;solo:0.9,2,70,🌿 혼자 사색하며 힐링하기 좋은 장소
네이버 지역검색 API | 서울 동작구,조용한 힐링,롯지요가,상시,성인 (개인 방문 적합),"서울특별시 동작구 양녕로30길 4 2층 롯지요가 | 좌표:1269445135,374992633",장소 문의 (전화/홈페이지 참조),서울 동작구에 위치한 요가원 관련 장소 [롯지요가] (스포츠시설>요가원). 전화: 정보없음,https://pf.kakao.com/_xjhxmZxj/chat,single:0.8;couple:0.4;family:0.3;스포츠시설>요가원;요가원,2026-08-23 19:43:15,healing:1.0;quiet:0.8;solo:0.9,2,70,🌿 혼자 사색하며 힐링하기 좋은 장소
네이버 지역검색 API | 서울 동작구,조용한 힐링,온마음 명상센터,상시,성인 (개인 방문 적합),"서울특별시 동작구 현충로 75 소태산 갤러리 | 좌표:1269638593,375097590",장소 문의 (전화/홈페이지 참조),"서울 동작구에 위치한 명상센터 관련 장소 [온마음 명상센터] (협회,단체). 전화: 정보없음",https://map.naver.com/v5/search/%EC%98%A8%EB%A7%88%EC%9D%8C%20%EB%AA%85%EC%83%81%EC%84%BC%ED%84%B0,"single:0.85;couple:0.4;family:0.3;협회,단체;명상센터",2026-08-23 19:43:15,healing:1.0;quiet:1.0;solo:1.0,2,70,🌿 혼자 사색하며 힐링하기 좋은 장소
네이버 지역검색 API | 서울 동작구,조용한 힐링,보리선수 백옥명상센터,상시,성인 (개인 방문 적합),"서울특별시 동작구 사당로 253-3 유창빌딩 3층-5층 | 좌표:1269757674,374836075",장소 문의 (전화/홈페이지 참조),서울 동작구에 위치한 명상센터 관련 장소 [보리선수 백옥명상센터] (종교>불교). 전화: 정보없음,https://blog.naver.com/bdmeditation,single:0.85;couple:0.4;family:0.3;종교>불교;명상센터,2026-08-23 19:43:15,healing:1.0;quiet:1.0;solo:1.0,2,70,🌿 혼자 사색하며 힐링하기 좋은 장소
네이버 지역검색 API | 서울 동작구,조용한 힐링,수연템플 공감치유요가센터,상시,성인 (개인 방문 적합),"서울특별시 동작구 시흥대로 606 동작 협성휴포레 시그니처 오피스동 316호 | 좌표:1269055334,374865084",장소 문의 (전화/홈페이지 참조),"서울 동작구에 위치한 명상센터 관련 장소 [수연템플 공감치유요가센터] (스포츠,레크레이션교육>요가,명상). 전화: 정보없음",https://blog.naver.com/hiris3805,"single:0.85;couple:0.4;family:0.3;스포츠,레크레이션교육>요가,명상;명상센터",2026-08-23 19:43:15,healing:1.0;quiet:1.0;solo:1.0,2,70,🌿 혼자 사색하며 힐링하기 좋은 장소
네이버 지역검색 API | 서울 동작구,조용한 힐링,브레인트레이닝센터 이수점,상시,성인 (개인 방문 적합),"서울특별시 동작구 동작대로 71 2층 | 좌표:1269816142,374828895",장소 문의 (전화/홈페이지 참조),"서울 동작구에 위치한 명상센터 관련 장소 [브레인트레이닝센터 이수점] (스포츠,레크레이션교육>요가,명상). 전화: 정보없음",https://blog.naver.com/brainglory,"single:0.85;couple:0.4;family:0.3;스포츠,레크레이션교육>요가,명상;명상센터",2026-08-23 19:43:15,healing:1.0;quiet:1.0;solo:1.0,2,70,🌿 혼자 사색하며 힐링하기 좋은 장소
네이버 지역검색 API | 서울 동작구,조용한 힐링,유정선 통합움직임센터,상시,성인 (개인 방문 적합),"서울특별시 동작구 동작대로7길 28 2층 | 좌표:1269803021,374793679",장소 문의 (전화/홈페이지 참조),"서울 동작구에 위치한 명상센터 관련 장소 [유정선 통합움직임센터] (스포츠,레크레이션교육>요가,명상). 전화: 정보없음",https://blog.naver.com/seodam71,"single:0.85;couple:0.4;family:0.3;스포츠,레크레이션교육>요가,명상;명상센터",2026-08-23 19:43:15,healing:1.0;quiet:1.0;solo:1.0,2,70,🌿 혼자 사색하며 힐링하기 좋은 장소
네이버 지역검색 API | 서울 동작구,역사·문화,달마사,상시,성인 (개인 방문 적합),"서울특별시 동작구 서달로 50-26 | 좌표:1269621497,374985379",장소 문의 (전화/홈페이지 참조),"서울 동작구에 위치한 사찰 관련 장소 [달마사] (불교>절,사찰). 전화: 정보없음",https://dalmasa.org,"single:0.7;couple:0.4;family:0.3;불교>절,사찰;사찰",2026-08-23 19:43:15,culture:1.0;history:0.9;outdoor:0.7,2,70,🏯 깊이 있게 둘러보기 좋은 역사·문화 명소
네이버 지역검색 API | 서울 동작구,역사·문화,중대 사자암,상시,성인 (개인 방문 적합),"서울특별시 동작구 국사봉1길 235-14 | 좌표:1269370775,374923695",장소 문의 (전화/홈페이지 참조),"서울 동작구에 위치한 사찰 관련 장소 [중대 사자암] (불교>절,사찰). 전화: 정보없음",https://map.naver.com/v5/search/%EC%A4%91%EB%8C%80%20%EC%82%AC%EC%9E%90%EC%95%94,"single:0.7;couple:0.4;family:0.3;불교>절,사찰;사찰",2026-08-23 19:43:15,culture:1.0;history:0.9;outdoor:0.7,2,70,🏯 깊이 있게 둘러보기 좋은 역사·문화 명소
네이버 지역검색 API | 서울 동작구,역사·문화,대한불교조계종 상도선원,상시,성인 (개인 방문 적합),"서울특별시 동작구 상도로55길 33 | 좌표:1269565340,374980390",장소 문의 (전화/홈페이지 참조),"서울 동작구에 위치한 사찰 관련 장소 [대한불교조계종 상도선원] (불교>절,사찰). 전화: 정보없음",http://cafe.naver.com/sangdomeditation/,"single:0.7;couple:0.4;family:0.3;불교>절,사찰;사찰",2026-08-23 19:43:15,culture:1.0;history:0.9;outdoor:0.7,2,70,🏯 깊이 있게 둘러보기 좋은 역사·문화 명소
네이버 지역검색 API | 서울 동작구,역사·문화,국립서울현충원호국지장사,상시,성인 (개인 방문 적합),"서울특별시 동작구 현충로 210 | 좌표:1269648943,374986605",장소 문의 (전화/홈페이지 참조),"서울 동작구에 위치한 사찰 관련 장소 [국립서울현충원호국지장사] (불교>절,사찰). 전화: 정보없음",https://blog.naver.com/jizangsa,"single:0.7;couple:0.4;family:0.3;불교>절,사찰;사찰",2026-08-23 19:43:15,culture:1.0;history:0.9;outdoor:0.7,2,70,🏯 깊이 있게 둘러보기 좋은 역사·문화 명소
네이버 지역검색 API | 서울 동작구,역사·문화,극락정사,상시,성인 (개인 방문 적합),"서울특별시 동작구 매봉로 79 | 좌표:1269513124,375084499",장소 문의 (전화/홈페이지 참조),"서울 동작구에 위치한 사찰 관련 장소 [극락정사] (불교>절,사찰). 전화: 정보없음",https://map.naver.com/v5/search/%EA%B7%B9%EB%9D%BD%EC%A0%95%EC%82%AC,"single:0.7;couple:0.4;family:0.3;불교>절,사찰;사찰",2026-08-23 19:43:15,culture:1.0;history:0.9;outdoor:0.7,2,70,🏯 깊이 있게 둘러보기 좋은 역사·문화 명소
네이버 지역검색 API | 서울 동작구,자연·공원,동작충효길2코스(현충원길),상시,성인 (개인 방문 적합),"서울특별시 동작구 동작동 산11-1 | 좌표:1269746476,374947977",장소 문의 (전화/홈페이지 참조),"서울 동작구에 위치한 둘레길 관련 장소 [동작충효길2코스(현충원길)] (거리,골목>도보코스). 전화: 정보없음",https://map.naver.com/v5/search/%EB%8F%99%EC%9E%91%EC%B6%A9%ED%9A%A8%EA%B8%B82%EC%BD%94%EC%8A%A4%28%ED%98%84%EC%B6%A9%EC%9B%90%EA%B8%B8%29,"single:0.8;couple:0.4;family:0.3;거리,골목>도보코스;둘레길",2026-08-23 19:43:15,nature:1.0;outdoor:1.0;walk:1.0,2,70,🌳 혼자 걷기 좋은 자연 친화 공간
네이버 지역검색 API | 서울 동작구,자연·공원,서울둘레길인증스탬프(우면산입구(방배동)),상시,성인 (개인 방문 적합),"서울특별시 서초구 방배동 | 좌표:1269868170,374734505",장소 문의 (전화/홈페이지 참조),"서울 동작구에 위치한 둘레길 관련 장소 [서울둘레길인증스탬프(우면산입구(방배동))] (여행,명소>거리,골목). 전화: 정보없음",https://map.naver.com/v5/search/%EC%84%9C%EC%9A%B8%EB%91%98%EB%A0%88%EA%B8%B8%EC%9D%B8%EC%A6%9D%EC%8A%A4%ED%83%AC%ED%94%84%28%EC%9A%B0%EB%A9%B4%EC%82%B0%EC%9E%85%EA%B5%AC%28%EB%B0%A9%EB%B0%B0%EB%8F%99%29%29,"single:0.8;couple:0.4;family:0.3;여행,명소>거리,골목;둘레길",2026-08-23 19:43:15,nature:1.0;outdoor:1.0;walk:1.0,2,70,🌳 혼자 걷기 좋은 자연 친화 공간
네이버 지역검색 API | 서울 동작구,자연·공원,강변조경,상시,성인 (개인 방문 적합),"서울특별시 동작구 현충로 75 | 좌표:1269639494,375097532",장소 문의 (전화/홈페이지 참조),서울 동작구에 위치한 수목원 관련 장소 [강변조경] (건설업>조경건설). 전화: 정보없음,https://map.naver.com/v5/search/%EA%B0%95%EB%B3%80%EC%A1%B0%EA%B2%BD,single:0.75;couple:0.4;family:0.3;건설업>조경건설;수목원,2026-08-23 19:43:15,nature:1.0;outdoor:1.0;walk:0.8,2,70,🌳 혼자 걷기 좋은 자연 친화 공간
네이버 지역검색 API | 서울 광진구,독립서점,우연과감상 책방,상시,성인 (개인 방문 적합),"서울특별시 광진구 자양로45길 18 2층, 우연과감상 책방 | 좌표:1270913212,375520840",장소 문의 (전화/홈페이지 참조),서울 광진구에 위치한 독립서점 관련 장소 [우연과감상 책방] (서점>독립서점). 전화: 정보없음,https://www.instagram.com/7bookstore_,single:0.95;couple:0.4;family:0.3;서점>독립서점;독립서점,2026-08-23 19:43:15,bookstore:1.0;quiet:1.0;indoor:1.0,2,70,📚 혼자만의 시간을 보내기 좋은 조용한 독서 공간
네이버 지역검색 API | 서울 광진구,독립서점,책방 파란,상시,성인 (개인 방문 적합),"서울특별시 광진구 긴고랑로16길 58 모서리 | 좌표:1270814914,375595365",장소 문의 (전화/홈페이지 참조),서울 광진구에 위치한 독립서점 관련 장소 [책방 파란] (서점>독립서점). 전화: 정보없음,https://www.instagram.com/paran.ovo/,single:0.95;couple:0.4;family:0.3;서점>독립서점;독립서점,2026-08-23 19:43:15,bookstore:1.0;quiet:1.0;indoor:1.0,2,70,📚 혼자만의 시간을 보내기 좋은 조용한 독서 공간
네이버 지역검색 API | 서울 광진구,독립서점,인덱스숍,상시,성인 (개인 방문 적합),"서울특별시 광진구 아차산로 200 커먼그라운드 나이키 건물 3층 | 좌표:1270657883,375412459",장소 문의 (전화/홈페이지 참조),"서울 광진구에 위치한 독립서점 관련 장소 [인덱스숍] (쇼핑,유통>서점). 전화: 정보없음",http://instagram.com/indexshop.kr,"single:0.95;couple:0.4;family:0.3;쇼핑,유통>서점;독립서점",2026-08-23 19:43:15,bookstore:1.0;quiet:1.0;indoor:1.0,2,70,📚 혼자만의 시간을 보내기 좋은 조용한 독서 공간
네이버 지역검색 API | 서울 광진구,독립서점,피리의 서재,상시,성인 (개인 방문 적합),"서울특별시 광진구 능동로40길 29 1층 | 좌표:1270817489,375578348",장소 문의 (전화/홈페이지 참조),"서울 광진구에 위치한 독립서점 관련 장소 [피리의 서재] (쇼핑,유통>서점). 전화: 정보없음",https://www.instagram.com/piribrary/,"single:0.95;couple:0.4;family:0.3;쇼핑,유통>서점;독립서점",2026-08-23 19:43:15,bookstore:1.0;quiet:1.0;indoor:1.0,2,70,📚 혼자만의 시간을 보내기 좋은 조용한 독서 공간
네이버 지역검색 API | 서울 광진구,독립서점,책방고즈넉,상시,성인 (개인 방문 적합),"서울특별시 광진구 동일로60길 41-13 | 좌표:1270763112,375578534",장소 문의 (전화/홈페이지 참조),"서울 광진구에 위치한 북카페 관련 장소 [책방고즈넉] (음식점>카페,디저트). 전화: 정보없음",https://www.instagram.com/goesneok_official,"single:0.85;couple:0.4;family:0.3;음식점>카페,디저트;북카페",2026-08-23 19:43:15,bookstore:0.8;quiet:0.9;indoor:1.0,2,70,📚 혼자만의 시간을 보내기 좋은 조용한 독서 공간
네이버 지역검색 API | 서울 광진구,독립서점,카페유림,상시,성인 (개인 방문 적합),"서울특별시 광진구 뚝섬로52길 66 1층 | 좌표:1270776680,375292155",장소 문의 (전화/홈페이지 참조),"서울 광진구에 위치한 북카페 관련 장소 [카페유림] (음식점>카페,디저트). 전화: 정보없음",https://www.instagram.com/cafe_yurim,"single:0.85;couple:0.4;family:0.3;음식점>카페,디저트;북카페",2026-08-23 19:43:15,bookstore:0.8;quiet:0.9;indoor:1.0,2,70,📚 혼자만의 시간을 보내기 좋은 조용한 독서 공간
네이버 지역검색 API | 서울 광진구,독립서점,사유정원,상시,성인 (개인 방문 적합),"서울특별시 광진구 자양로15길 26 6층 | 좌표:1270821386,375357365",장소 문의 (전화/홈페이지 참조),"서울 광진구에 위치한 북카페 관련 장소 [사유정원] (카페,디저트>북카페). 전화: 정보없음",https://www.instagram.com/sayou_jungwon,"single:0.85;couple:0.4;family:0.3;카페,디저트>북카페;북카페",2026-08-23 19:43:15,bookstore:0.8;quiet:0.9;indoor:1.0,2,70,📚 혼자만의 시간을 보내기 좋은 조용한 독서 공간
네이버 지역검색 API | 서울 광진구,독립서점,사유,상시,성인 (개인 방문 적합),"서울특별시 광진구 천호대로104길 23 1층 | 좌표:1270754878,375574518",장소 문의 (전화/홈페이지 참조),"서울 광진구에 위치한 북카페 관련 장소 [사유] (카페,디저트>북카페). 전화: 정보없음",https://youtube.com/sayooroom,"single:0.85;couple:0.4;family:0.3;카페,디저트>북카페;북카페",2026-08-23 19:43:15,bookstore:0.8;quiet:0.9;indoor:1.0,2,70,📚 혼자만의 시간을 보내기 좋은 조용한 독서 공간
네이버 지역검색 API | 서울 광진구,독립서점,토즈 건대점,상시,성인 (개인 방문 적합),"서울특별시 광진구 아차산로 207 선일빌딩 5층 | 좌표:1270666258,375415669",장소 문의 (전화/홈페이지 참조),"서울 광진구에 위치한 북카페 관련 장소 [토즈 건대점] (임대,대여>장소대여). 전화: 정보없음",https://blog.naver.com/tozmoimcenter,"single:0.85;couple:0.4;family:0.3;임대,대여>장소대여;북카페",2026-08-23 19:43:15,bookstore:0.8;quiet:0.9;indoor:1.0,2,70,📚 혼자만의 시간을 보내기 좋은 조용한 독서 공간
네이버 지역검색 API | 서울 광진구,조용한 힐링,랭스터디카페 세종대점,상시,성인 (개인 방문 적합),"서울특별시 광진구 광나루로 390 | 좌표:1270730080,375474083",장소 문의 (전화/홈페이지 참조),"서울 광진구에 위치한 스터디카페 관련 장소 [랭스터디카페 세종대점] (서비스,산업>장소대여). 전화: 정보없음",http://pf.kakao.com/_xanJNb,"single:0.9;couple:0.4;family:0.3;서비스,산업>장소대여;스터디카페",2026-08-23 19:43:15,healing:0.7;quiet:1.0;solo:1.0,2,70,🌿 혼자 사색하며 힐링하기 좋은 장소
네이버 지역검색 API | 서울 광진구,조용한 힐링,카페 드 스터디 리온 구의역점,상시,성인 (개인 방문 적합),"서울특별시 광진구 아차산로49길 61 B1층 | 좌표:1270840934,375396465",장소 문의 (전화/홈페이지 참조),서울 광진구에 위치한 스터디카페 관련 장소 [카페 드 스터디 리온 구의역점] (스터디카페). 전화: 정보없음,https://www.instagram.com/cafe_de_study_reon?igsh=czUwOXBlcDIyOGNo,single:0.9;couple:0.4;family:0.3;스터디카페;스터디카페,2026-08-23 19:43:15,healing:0.7;quiet:1.0;solo:1.0,2,70,🌿 혼자 사색하며 힐링하기 좋은 장소
네이버 지역검색 API | 서울 광진구,조용한 힐링,카공족 군자역점,상시,성인 (개인 방문 적합),"서울특별시 광진구 능동로32길 5 2층 | 좌표:1270790824,375553255",장소 문의 (전화/홈페이지 참조),"서울 광진구에 위치한 스터디카페 관련 장소 [카공족 군자역점] (카페,디저트>스터디카페). 전화: 정보없음",https://www.instagram.com/cagongzok_official/,"single:0.9;couple:0.4;family:0.3;카페,디저트>스터디카페;스터디카페",2026-08-23 19:43:15,healing:0.7;quiet:1.0;solo:1.0,2,70,🌿 혼자 사색하며 힐링하기 좋은 장소
네이버 지역검색 API | 서울 광진구,조용한 힐링,랭스터디카페 구의점,상시,성인 (개인 방문 적합),"서울특별시 광진구 아차산로 475 지하1층 | 좌표:1270946249,375406660",장소 문의 (전화/홈페이지 참조),"서울 광진구에 위치한 스터디카페 관련 장소 [랭스터디카페 구의점] (서비스,산업>장소대여). 전화: 정보없음",https://www.instagram.com/langstudycafe_guui/?hl=ko,"single:0.9;couple:0.4;family:0.3;서비스,산업>장소대여;스터디카페",2026-08-23 19:43:15,healing:0.7;quiet:1.0;solo:1.0,2,70,🌿 혼자 사색하며 힐링하기 좋은 장소
네이버 지역검색 API | 서울 광진구,조용한 힐링,삶은요가,상시,성인 (개인 방문 적합),"서울특별시 광진구 능동로4길 61 2층, 삶은요가 | 좌표:1270704608,375319428",장소 문의 (전화/홈페이지 참조),서울 광진구에 위치한 요가원 관련 장소 [삶은요가] (스포츠시설>요가원). 전화: 정보없음,https://www.instagram.com/lifeisyogakr,single:0.8;couple:0.4;family:0.3;스포츠시설>요가원;요가원,2026-08-23 19:43:15,healing:1.0;quiet:0.8;solo:0.9,2,70,🌿 혼자 사색하며 힐링하기 좋은 장소
네이버 지역검색 API | 서울 광진구,조용한 힐링,수요가,상시,성인 (개인 방문 적합),"서울특별시 광진구 아차산로 445 201호 | 좌표:1270918637,375390196",장소 문의 (전화/홈페이지 참조),서울 광진구에 위치한 요가원 관련 장소 [수요가] (스포츠시설>요가원). 전화: 정보없음,https://www.instagram.com/suyoga_room2?igsh=YmxsNmp4aW9kNWJ5,single:0.8;couple:0.4;family:0.3;스포츠시설>요가원;요가원,2026-08-23 19:43:15,healing:1.0;quiet:0.8;solo:0.9,2,70,🌿 혼자 사색하며 힐링하기 좋은 장소
네이버 지역검색 API | 서울 광진구,조용한 힐링,이라이요가,상시,성인 (개인 방문 적합),"서울특별시 광진구 아차산로 481 3층 이라이요가 | 좌표:1270950014,375409022",장소 문의 (전화/홈페이지 참조),서울 광진구에 위치한 요가원 관련 장소 [이라이요가] (스포츠시설>요가원). 전화: 정보없음,https://www.instagram.com/irai_yoga,single:0.8;couple:0.4;family:0.3;스포츠시설>요가원;요가원,2026-08-23 19:43:15,healing:1.0;quiet:0.8;solo:0.9,2,70,🌿 혼자 사색하며 힐링하기 좋은 장소
네이버 지역검색 API | 서울 광진구,조용한 힐링,아메리카요가 건대점,상시,성인 (개인 방문 적합),"서울특별시 광진구 아차산로 213 5층 | 좌표:1270672043,375413798",장소 문의 (전화/홈페이지 참조),서울 광진구에 위치한 요가원 관련 장소 [아메리카요가 건대점] (스포츠시설>요가원). 전화: 정보없음,https://blog.naver.com/yoozard,single:0.8;couple:0.4;family:0.3;스포츠시설>요가원;요가원,2026-08-23 19:43:15,healing:1.0;quiet:0.8;solo:0.9,2,70,🌿 혼자 사색하며 힐링하기 좋은 장소
네이버 지역검색 API | 서울 광진구,조용한 힐링,아름다운 건강명상센터,상시,성인 (개인 방문 적합),"서울특별시 광진구 아차산로78길 72 | 좌표:1271104520,375513529",장소 문의 (전화/홈페이지 참조),"서울 광진구에 위치한 명상센터 관련 장소 [아름다운 건강명상센터] (스포츠,레크레이션교육>요가,명상). 전화: 정보없음",https://blog.naver.com/careneducenter,"single:0.85;couple:0.4;family:0.3;스포츠,레크레이션교육>요가,명상;명상센터",2026-08-23 19:43:15,healing:1.0;quiet:1.0;solo:1.0,2,70,🌿 혼자 사색하며 힐링하기 좋은 장소
네이버 지역검색 API | 서울 광진구,조용한 힐링,편안함나누기 명상센터,상시,성인 (개인 방문 적합),"서울특별시 광진구 아차산로78길 75 현대골든텔2 1113호 | 좌표:1271110172,375516090",장소 문의 (전화/홈페이지 참조),"서울 광진구에 위치한 명상센터 관련 장소 [편안함나누기 명상센터] (스포츠,레크레이션교육>요가,명상). 전화: 정보없음",https://blog.naver.com/wi2980,"single:0.85;couple:0.4;family:0.3;스포츠,레크레이션교육>요가,명상;명상센터",2026-08-23 19:43:15,healing:1.0;quiet:1.0;solo:1.0,2,70,🌿 혼자 사색하며 힐링하기 좋은 장소
네이버 지역검색 API | 서울 광진구,조용한 힐링,브레인트레이닝센터 구의점,상시,성인 (개인 방문 적합),"서울특별시 광진구 자양로 113 현대하이엘 3층 브레인트레이닝센터 | 좌표:1270830323,375379347",장소 문의 (전화/홈페이지 참조),"서울 광진구에 위치한 명상센터 관련 장소 [브레인트레이닝센터 구의점] (스포츠,레크레이션교육>요가,명상). 전화: 정보없음",https://blog.naver.com/brdahncd,"single:0.85;couple:0.4;family:0.3;스포츠,레크레이션교육>요가,명상;명상센터",2026-08-23 19:43:15,healing:1.0;quiet:1.0;solo:1.0,2,70,🌿 혼자 사색하며 힐링하기 좋은 장소
네이버 지역검색 API | 서울 광진구,조용한 힐링,본명상,상시,성인 (개인 방문 적합),"서울특별시 광진구 동일로 116 제일빌딩 3층 302호 | 좌표:1270647916,375428675",장소 문의 (전화/홈페이지 참조),"서울 광진구에 위치한 명상센터 관련 장소 [본명상] (스포츠,레크레이션교육>요가,명상). 전화: 정보없음",https://bornmeditation.com,"single:0.85;couple:0.4;family:0.3;스포츠,레크레이션교육>요가,명상;명상센터",2026-08-23 19:43:15,healing:1.0;quiet:1.0;solo:1.0,2,70,🌿 혼자 사색하며 힐링하기 좋은 장소
네이버 지역검색 API | 서울 광진구,조용한 힐링,마음수련 명상센터 강동점,상시,성인 (개인 방문 적합),"서울특별시 강동구 올림픽로 552 홍익빌딩 2층 202호 | 좌표:1271210162,375307711",장소 문의 (전화/홈페이지 참조),"서울 광진구에 위치한 명상센터 관련 장소 [마음수련 명상센터 강동점] (스포츠,레크레이션교육>요가,명상). 전화: 정보없음",https://trueselfclass.com/,"single:0.85;couple:0.4;family:0.3;스포츠,레크레이션교육>요가,명상;명상센터",2026-08-23 19:43:15,healing:1.0;quiet:1.0;solo:1.0,2,70,🌿 혼자 사색하며 힐링하기 좋은 장소
네이버 지역검색 API | 서울 광진구,역사·문화,영화사,상시,성인 (개인 방문 적합),"서울특별시 광진구 영화사로 107 | 좌표:1270979915,375541864",장소 문의 (전화/홈페이지 참조),"서울 광진구에 위치한 사찰 관련 장소 [영화사] (불교>절,사찰). 전화: 정보없음",https://www.yeonghwasa.org,"single:0.7;couple:0.4;family:0.3;불교>절,사찰;사찰",2026-08-23 19:43:15,culture:1.0;history:0.9;outdoor:0.7,2,70,🏯 깊이 있게 둘러보기 좋은 역사·문화 명소
네이버 지역검색 API | 서울 광진구,역사·문화,용마산용암사,상시,성인 (개인 방문 적합),"서울특별시 광진구 용마산로28길 62 | 좌표:1270901636,375671415",장소 문의 (전화/홈페이지 참조),"서울 광진구에 위치한 사찰 관련 장소 [용마산용암사] (불교>절,사찰). 전화: 정보없음",https://blog.naver.com/yongamsa500,"single:0.7;couple:0.4;family:0.3;불교>절,사찰;사찰",2026-08-23 19:43:15,culture:1.0;history:0.9;outdoor:0.7,2,70,🏯 깊이 있게 둘러보기 좋은 역사·문화 명소
네이버 지역검색 API | 서울 광진구,역사·문화,기원정사,상시,성인 (개인 방문 적합),"서울특별시 광진구 영화사로11길 41-6 | 좌표:1270953728,375564886",장소 문의 (전화/홈페이지 참조),"서울 광진구에 위치한 사찰 관련 장소 [기원정사] (불교>절,사찰). 전화: 정보없음",https://map.naver.com/v5/search/%EA%B8%B0%EC%9B%90%EC%A0%95%EC%82%AC,"single:0.7;couple:0.4;family:0.3;불교>절,사찰;사찰",2026-08-23 19:43:15,culture:1.0;history:0.9;outdoor:0.7,2,70,🏯 깊이 있게 둘러보기 좋은 역사·문화 명소
네이버 지역검색 API | 서울 광진구,역사·문화,대한불교 조계종능인정사,상시,성인 (개인 방문 적합),"서울특별시 광진구 자양로11길 62 3층 | 좌표:1270814367,375331835",장소 문의 (전화/홈페이지 참조),"서울 광진구에 위치한 사찰 관련 장소 [대한불교 조계종능인정사] (불교>절,사찰). 전화: 정보없음",https://map.naver.com/v5/search/%EB%8C%80%ED%95%9C%EB%B6%88%EA%B5%90%20%EC%A1%B0%EA%B3%84%EC%A2%85%EB%8A%A5%EC%9D%B8%EC%A0%95%EC%82%AC,"single:0.7;couple:0.4;family:0.3;불교>절,사찰;사찰",2026-08-23 19:43:15,culture:1.0;history:0.9;outdoor:0.7,2,70,🏯 깊이 있게 둘러보기 좋은 역사·문화 명소
네이버 지역검색 API | 서울 광진구,역사·문화,불심선원,상시,성인 (개인 방문 적합),"서울특별시 광진구 긴고랑로 193-2 | 좌표:1270954690,375606991",장소 문의 (전화/홈페이지 참조),"서울 광진구에 위치한 사찰 관련 장소 [불심선원] (불교>절,사찰). 전화: 정보없음",https://map.naver.com/v5/search/%EB%B6%88%EC%8B%AC%EC%84%A0%EC%9B%90,"single:0.7;couple:0.4;family:0.3;불교>절,사찰;사찰",2026-08-23 19:43:15,culture:1.0;history:0.9;outdoor:0.7,2,70,🏯 깊이 있게 둘러보기 좋은 역사·문화 명소
네이버 지역검색 API | 서울 광진구,자연·공원,서울둘레길인증스탬프(광진교북단),상시,성인 (개인 방문 적합),"서울특별시 광진구 광장동 | 좌표:1271090101,375459682",장소 문의 (전화/홈페이지 참조),"서울 광진구에 위치한 둘레길 관련 장소 [서울둘레길인증스탬프(광진교북단)] (여행,명소>거리,골목). 전화: 정보없음",https://map.naver.com/v5/search/%EC%84%9C%EC%9A%B8%EB%91%98%EB%A0%88%EA%B8%B8%EC%9D%B8%EC%A6%9D%EC%8A%A4%ED%83%AC%ED%94%84%28%EA%B4%91%EC%A7%84%EA%B5%90%EB%B6%81%EB%8B%A8%29,"single:0.8;couple:0.4;family:0.3;여행,명소>거리,골목;둘레길",2026-08-23 19:43:15,nature:1.0;outdoor:1.0;walk:1.0,2,70,🌳 혼자 걷기 좋은 자연 친화 공간
네이버 지역검색 API | 서울 광진구,자연·공원,서울둘레길인증스탬프(아차산공원관리소),상시,성인 (개인 방문 적합),"서울특별시 광진구 | 좌표:1270998702,375531440",장소 문의 (전화/홈페이지 참조),"서울 광진구에 위치한 둘레길 관련 장소 [서울둘레길인증스탬프(아차산공원관리소)] (여행,명소>거리,골목). 전화: 정보없음",https://map.naver.com/v5/search/%EC%84%9C%EC%9A%B8%EB%91%98%EB%A0%88%EA%B8%B8%EC%9D%B8%EC%A6%9D%EC%8A%A4%ED%83%AC%ED%94%84%28%EC%95%84%EC%B0%A8%EC%82%B0%EA%B3%B5%EC%9B%90%EA%B4%80%EB%A6%AC%EC%86%8C%29,"single:0.8;couple:0.4;family:0.3;여행,명소>거리,골목;둘레길",2026-08-23 19:43:15,nature:1.0;outdoor:1.0;walk:1.0,2,70,🌳 혼자 걷기 좋은 자연 친화 공간
네이버 지역검색 API | 서울 광진구,자연·공원,광나루역2번출입구,상시,성인 (개인 방문 적합),"서울특별시 광진구 광장동 | 좌표:1271043500,375453600",장소 문의 (전화/홈페이지 참조),서울 광진구에 위치한 둘레길 관련 장소 [광나루역2번출입구] (도로시설>방면정보). 전화: 정보없음,https://map.naver.com/v5/search/%EA%B4%91%EB%82%98%EB%A3%A8%EC%97%AD2%EB%B2%88%EC%B6%9C%EC%9E%85%EA%B5%AC,single:0.8;couple:0.4;family:0.3;도로시설>방면정보;둘레길,2026-08-23 19:43:15,nature:1.0;outdoor:1.0;walk:1.0,2,70,🌳 혼자 걷기 좋은 자연 친화 공간
네이버 지역검색 API | 서울 광진구,자연·공원,한국식물원수목원협회,상시,성인 (개인 방문 적합),"서울특별시 광진구 아차산로76가길 13 2층 201호 | 좌표:1271072549,375470315",장소 문의 (전화/홈페이지 참조),"서울 광진구에 위치한 수목원 관련 장소 [한국식물원수목원협회] (협회,단체). 전화: 정보없음",https://kabga.or.kr,"single:0.75;couple:0.4;family:0.3;협회,단체;수목원",2026-08-23 19:43:15,nature:1.0;outdoor:1.0;walk:0.8,2,70,🌳 혼자 걷기 좋은 자연 친화 공간
네이버 지역검색 API | 경기 수원시,독립서점,큰새,상시,성인 (개인 방문 적합),"경기도 수원시 팔달구 행궁로 30-1 지하 큰새 | 좌표:1270148125,372798021",장소 문의 (전화/홈페이지 참조),경기 수원시에 위치한 독립서점 관련 장소 [큰새] (서점>독립서점). 전화: 정보없음,https://www.instagram.com/keunsae__,single:0.95;couple:0.4;family:0.3;서점>독립서점;독립서점,2026-08-23 19:43:15,bookstore:1.0;quiet:1.0;indoor:1.0,2,70,📚 혼자만의 시간을 보내기 좋은 조용한 독서 공간
네이버 지역검색 API | 경기 수원시,독립서점,여름서가,상시,성인 (개인 방문 적합),"경기도 수원시 영통구 대학3로 7 나보나스퀘어 109호 | 좌표:1270421299,372998203",장소 문의 (전화/홈페이지 참조),경기 수원시에 위치한 독립서점 관련 장소 [여름서가] (서점>독립서점). 전화: 정보없음,https://www.summerbookshop.com,single:0.95;couple:0.4;family:0.3;서점>독립서점;독립서점,2026-08-23 19:43:15,bookstore:1.0;quiet:1.0;indoor:1.0,2,70,📚 혼자만의 시간을 보내기 좋은 조용한 독서 공간
네이버 지역검색 API | 경기 수원시,독립서점,브로콜리숲,상시,성인 (개인 방문 적합),"경기도 수원시 팔달구 화서문로32번길 21-10 2층 | 좌표:1270127067,372844046",장소 문의 (전화/홈페이지 참조),경기 수원시에 위치한 독립서점 관련 장소 [브로콜리숲] (서점>독립서점). 전화: 정보없음,http://www.instagram.com/broccoli_soop,single:0.95;couple:0.4;family:0.3;서점>독립서점;독립서점,2026-08-23 19:43:15,bookstore:1.0;quiet:1.0;indoor:1.0,2,70,📚 혼자만의 시간을 보내기 좋은 조용한 독서 공간
네이버 지역검색 API | 경기 수원시,독립서점,오평,상시,성인 (개인 방문 적합),"경기도 수원시 영통구 청명북로7번길 8-16 | 좌표:1270793798,372530613",장소 문의 (전화/홈페이지 참조),경기 수원시에 위치한 독립서점 관련 장소 [오평] (서점>독립서점). 전화: 정보없음,https://smartstore.naver.com/ohpyeong,single:0.95;couple:0.4;family:0.3;서점>독립서점;독립서점,2026-08-23 19:43:15,bookstore:1.0;quiet:1.0;indoor:1.0,2,70,📚 혼자만의 시간을 보내기 좋은 조용한 독서 공간
네이버 지역검색 API | 경기 수원시,독립서점,셰익스피어42,상시,성인 (개인 방문 적합),"경기도 수원시 권선구 권광로91번길 55 지하1층 | 좌표:1270266003,372568079",장소 문의 (전화/홈페이지 참조),경기 수원시에 위치한 독립서점 관련 장소 [셰익스피어42] (서점>독립서점). 전화: 정보없음,https://sites.google.com/view/soso42/%ED%99%88,single:0.95;couple:0.4;family:0.3;서점>독립서점;독립서점,2026-08-23 19:43:15,bookstore:1.0;quiet:1.0;indoor:1.0,2,70,📚 혼자만의 시간을 보내기 좋은 조용한 독서 공간
네이버 지역검색 API | 경기 수원시,독립서점,수원지관서가,상시,성인 (개인 방문 적합),"경기도 수원시 팔달구 월드컵로381번길 2 수원평생학습관 1관 | 좌표:1270279964,372913442",장소 문의 (전화/홈페이지 참조),"경기 수원시에 위치한 북카페 관련 장소 [수원지관서가] (음식점>카페,디저트). 전화: 정보없음",https://map.naver.com/v5/search/%EC%88%98%EC%9B%90%EC%A7%80%EA%B4%80%EC%84%9C%EA%B0%80,"single:0.85;couple:0.4;family:0.3;음식점>카페,디저트;북카페",2026-08-23 19:43:15,bookstore:0.8;quiet:0.9;indoor:1.0,2,70,📚 혼자만의 시간을 보내기 좋은 조용한 독서 공간
네이버 지역검색 API | 경기 수원시,독립서점,카페그루비,상시,성인 (개인 방문 적합),"경기도 수원시 영통구 센트럴파크로127번길 148 | 좌표:1270554415,372939247",장소 문의 (전화/홈페이지 참조),"경기 수원시에 위치한 북카페 관련 장소 [카페그루비] (음식점>카페,디저트). 전화: 정보없음",https://www.instagram.com/cafe_groovy,"single:0.85;couple:0.4;family:0.3;음식점>카페,디저트;북카페",2026-08-23 19:43:15,bookstore:0.8;quiet:0.9;indoor:1.0,2,70,📚 혼자만의 시간을 보내기 좋은 조용한 독서 공간
네이버 지역검색 API | 경기 수원시,독립서점,아우토그라프커피 행궁본점,상시,성인 (개인 방문 적합),"경기도 수원시 팔달구 화서문로31번길 14-20 | 좌표:1270117468,372858366",장소 문의 (전화/홈페이지 참조),"경기 수원시에 위치한 북카페 관련 장소 [아우토그라프커피 행궁본점] (카페,디저트>카페). 전화: 정보없음",https://www.instagram.com/auto_graph__/,"single:0.85;couple:0.4;family:0.3;카페,디저트>카페;북카페",2026-08-23 19:43:15,bookstore:0.8;quiet:0.9;indoor:1.0,2,70,📚 혼자만의 시간을 보내기 좋은 조용한 독서 공간
네이버 지역검색 API | 경기 수원시,독립서점,노트,상시,성인 (개인 방문 적합),"경기도 수원시 팔달구 정조로 843 2층 | 좌표:1270161118,372833512",장소 문의 (전화/홈페이지 참조),"경기 수원시에 위치한 북카페 관련 장소 [노트] (음식점>카페,디저트). 전화: 정보없음",https://www.instagram.com/note__scene,"single:0.85;couple:0.4;family:0.3;음식점>카페,디저트;북카페",2026-08-23 19:43:15,bookstore:0.8;quiet:0.9;indoor:1.0,2,70,📚 혼자만의 시간을 보내기 좋은 조용한 독서 공간
네이버 지역검색 API | 경기 수원시,조용한 힐링,토즈스터디센터 수원영통2센터,상시,성인 (개인 방문 적합),"경기도 수원시 영통구 봉영로 1767 701호 | 좌표:1270816330,372667834",장소 문의 (전화/홈페이지 참조),"경기 수원시에 위치한 스터디카페 관련 장소 [토즈스터디센터 수원영통2센터] (임대,대여>장소대여). 전화: 정보없음",https://www.instagram.com/toz0tong,"single:0.9;couple:0.4;family:0.3;임대,대여>장소대여;스터디카페",2026-08-23 19:43:15,healing:0.7;quiet:1.0;solo:1.0,2,70,🌿 혼자 사색하며 힐링하기 좋은 장소
네이버 지역검색 API | 경기 수원시,조용한 힐링,카공프렌즈 스터디카페 경희대국제캠퍼스점,상시,성인 (개인 방문 적합),"경기도 수원시 영통구 덕영대로 1689 5층 | 좌표:1270760229,372479808",장소 문의 (전화/홈페이지 참조),경기 수원시에 위치한 스터디카페 관련 장소 [카공프렌즈 스터디카페 경희대국제캠퍼스점] (스터디카페). 전화: 정보없음,https://www.instagram.com/cagongfriends_official,single:0.9;couple:0.4;family:0.3;스터디카페;스터디카페,2026-08-23 19:43:15,healing:0.7;quiet:1.0;solo:1.0,2,70,🌿 혼자 사색하며 힐링하기 좋은 장소
네이버 지역검색 API | 경기 수원시,조용한 힐링,카공족 영통역1호점,상시,성인 (개인 방문 적합),"경기도 수원시 영통구 봉영로 1606 미네시티 2층 207호 | 좌표:1270744859,372538737",장소 문의 (전화/홈페이지 참조),"경기 수원시에 위치한 스터디카페 관련 장소 [카공족 영통역1호점] (카페,디저트>스터디카페). 전화: 정보없음",https://www.instagram.com/cagongzok_official,"single:0.9;couple:0.4;family:0.3;카페,디저트>스터디카페;스터디카페",2026-08-23 19:43:15,healing:0.7;quiet:1.0;solo:1.0,2,70,🌿 혼자 사색하며 힐링하기 좋은 장소
네이버 지역검색 API | 경기 수원시,조용한 힐링,카공족 수원성대점,상시,성인 (개인 방문 적합),"경기도 수원시 장안구 서부로2126번길 9 401호 | 좌표:1269721737,372981770",장소 문의 (전화/홈페이지 참조),"경기 수원시에 위치한 스터디카페 관련 장소 [카공족 수원성대점] (카페,디저트>스터디카페). 전화: 정보없음",http://pf.kakao.com/_XUDAX,"single:0.9;couple:0.4;family:0.3;카페,디저트>스터디카페;스터디카페",2026-08-23 19:43:15,healing:0.7;quiet:1.0;solo:1.0,2,70,🌿 혼자 사색하며 힐링하기 좋은 장소
네이버 지역검색 API | 경기 수원시,조용한 힐링,더블에스 관리형 스터디카페 수원영통점,상시,성인 (개인 방문 적합),"경기도 수원시 영통구 반달로 110 2층 | 좌표:1270768243,372531209",장소 문의 (전화/홈페이지 참조),경기 수원시에 위치한 스터디카페 관련 장소 [더블에스 관리형 스터디카페 수원영통점] (스터디카페). 전화: 정보없음,http://pf.kakao.com/_HTeXX/chat,single:0.9;couple:0.4;family:0.3;스터디카페;스터디카페,2026-08-23 19:43:15,healing:0.7;quiet:1.0;solo:1.0,2,70,🌿 혼자 사색하며 힐링하기 좋은 장소
네이버 지역검색 API | 경기 수원시,조용한 힐링,바라다요가앤필라테스,상시,성인 (개인 방문 적합),"경기도 수원시 팔달구 인계로94번길 39-9 소망프라자 201호 | 좌표:1270276893,372664208",장소 문의 (전화/홈페이지 참조),경기 수원시에 위치한 요가원 관련 장소 [바라다요가앤필라테스] (스포츠시설>요가원). 전화: 정보없음,http://pf.kakao.com/_BxevxhK/chat,single:0.8;couple:0.4;family:0.3;스포츠시설>요가원;요가원,2026-08-23 19:43:15,healing:1.0;quiet:0.8;solo:0.9,2,70,🌿 혼자 사색하며 힐링하기 좋은 장소
네이버 지역검색 API | 경기 수원시,조용한 힐링,요가 스피릿 플라잉 &amp; 번지피지오 수원점,상시,성인 (개인 방문 적합),"경기도 수원시 영통구 망포로 142 B동 4층 403호 | 좌표:1270493582,372409407",장소 문의 (전화/홈페이지 참조),경기 수원시에 위치한 요가원 관련 장소 [요가 스피릿 플라잉 &amp; 번지피지오 수원점] (스포츠시설>요가원). 전화: 정보없음,https://www.instagram.com/yogaspirit_suwon?igsh=OXM3ajV2MDE2cXl4&utm_source=qr,single:0.8;couple:0.4;family:0.3;스포츠시설>요가원;요가원,2026-08-23 19:43:15,healing:1.0;quiet:0.8;solo:0.9,2,70,🌿 혼자 사색하며 힐링하기 좋은 장소
네이버 지역검색 API | 경기 수원시,조용한 힐링,요가투더피플,상시,성인 (개인 방문 적합),"경기도 수원시 영통구 권선로882번길 26-23 1층 요가투더피플 | 좌표:1270422433,372499779",장소 문의 (전화/홈페이지 참조),경기 수원시에 위치한 요가원 관련 장소 [요가투더피플] (스포츠시설>요가원). 전화: 정보없음,https://blog.naver.com/yogatothepeople,single:0.8;couple:0.4;family:0.3;스포츠시설>요가원;요가원,2026-08-23 19:43:15,healing:1.0;quiet:0.8;solo:0.9,2,70,🌿 혼자 사색하며 힐링하기 좋은 장소
네이버 지역검색 API | 경기 수원시,조용한 힐링,리본요가 수원점,상시,성인 (개인 방문 적합),"경기도 수원시 팔달구 덕영대로 905 아이메카 상가 7층 | 좌표:1270005447,372678850",장소 문의 (전화/홈페이지 참조),경기 수원시에 위치한 요가원 관련 장소 [리본요가 수원점] (스포츠시설>요가원). 전화: 정보없음,https://rebornyoga.co.kr,single:0.8;couple:0.4;family:0.3;스포츠시설>요가원;요가원,2026-08-23 19:43:15,healing:1.0;quiet:0.8;solo:0.9,2,70,🌿 혼자 사색하며 힐링하기 좋은 장소
네이버 지역검색 API | 경기 수원시,조용한 힐링,원요가샬라,상시,성인 (개인 방문 적합),"경기도 수원시 영통구 권선로908번길 52-22 4층 | 좌표:1270444049,372473180",장소 문의 (전화/홈페이지 참조),경기 수원시에 위치한 요가원 관련 장소 [원요가샬라] (스포츠시설>요가원). 전화: 정보없음,https://blog.naver.com/oneyogashala_2021,single:0.8;couple:0.4;family:0.3;스포츠시설>요가원;요가원,2026-08-23 19:43:15,healing:1.0;quiet:0.8;solo:0.9,2,70,🌿 혼자 사색하며 힐링하기 좋은 장소
네이버 지역검색 API | 경기 수원시,조용한 힐링,마음수련 명상센터 광교점,상시,성인 (개인 방문 적합),"경기도 수원시 영통구 센트럴타운로 106 센트럴프라자 208호 | 좌표:1270501574,372927376",장소 문의 (전화/홈페이지 참조),"경기 수원시에 위치한 명상센터 관련 장소 [마음수련 명상센터 광교점] (스포츠,레크레이션교육>요가,명상). 전화: 정보없음",https://trueselfclass.com/,"single:0.85;couple:0.4;family:0.3;스포츠,레크레이션교육>요가,명상;명상센터",2026-08-23 19:43:15,healing:1.0;quiet:1.0;solo:1.0,2,70,🌿 혼자 사색하며 힐링하기 좋은 장소
네이버 지역검색 API | 경기 수원시,조용한 힐링,마음수련 명상센터 장안점,상시,성인 (개인 방문 적합),"경기도 수원시 장안구 정자천로 187 롯데프라자 203호 | 좌표:1269955359,372964072",장소 문의 (전화/홈페이지 참조),"경기 수원시에 위치한 명상센터 관련 장소 [마음수련 명상센터 장안점] (스포츠,레크레이션교육>요가,명상). 전화: 정보없음",http://trueselfclass.com/,"single:0.85;couple:0.4;family:0.3;스포츠,레크레이션교육>요가,명상;명상센터",2026-08-23 19:43:15,healing:1.0;quiet:1.0;solo:1.0,2,70,🌿 혼자 사색하며 힐링하기 좋은 장소
네이버 지역검색 API | 경기 수원시,조용한 힐링,마음수련 명상센터 성균관대역점,상시,성인 (개인 방문 적합),"경기도 수원시 장안구 서부로 2139 SK허브블루 6층 608호 | 좌표:1269716659,372994569",장소 문의 (전화/홈페이지 참조),"경기 수원시에 위치한 명상센터 관련 장소 [마음수련 명상센터 성균관대역점] (스포츠,레크레이션교육>요가,명상). 전화: 정보없음",http://trueselfclass.com/,"single:0.85;couple:0.4;family:0.3;스포츠,레크레이션교육>요가,명상;명상센터",2026-08-23 19:43:15,healing:1.0;quiet:1.0;solo:1.0,2,70,🌿 혼자 사색하며 힐링하기 좋은 장소
네이버 지역검색 API | 경기 수원시,조용한 힐링,브레인트레이닝센터 영통점,상시,성인 (개인 방문 적합),"경기도 수원시 영통구 덕영대로 1503 5층 | 좌표:1270552294,372461022",장소 문의 (전화/홈페이지 참조),"경기 수원시에 위치한 명상센터 관련 장소 [브레인트레이닝센터 영통점] (스포츠,레크레이션교육>요가,명상). 전화: 정보없음",https://www.brain-training.co.kr/Default.aspx,"single:0.85;couple:0.4;family:0.3;스포츠,레크레이션교육>요가,명상;명상센터",2026-08-23 19:43:15,healing:1.0;quiet:1.0;solo:1.0,2,70,🌿 혼자 사색하며 힐링하기 좋은 장소
네이버 지역검색 API | 경기 수원시,조용한 힐링,브레인트레이닝센터 천천동점,상시,성인 (개인 방문 적합),"경기도 수원시 장안구 덕영대로535번길 38 6층 | 좌표:1269823273,372971720",장소 문의 (전화/홈페이지 참조),"경기 수원시에 위치한 명상센터 관련 장소 [브레인트레이닝센터 천천동점] (스포츠,레크레이션교육>요가,명상). 전화: 정보없음",https://www.brain-training.co.kr/Default.aspx,"single:0.85;couple:0.4;family:0.3;스포츠,레크레이션교육>요가,명상;명상센터",2026-08-23 19:43:15,healing:1.0;quiet:1.0;solo:1.0,2,70,🌿 혼자 사색하며 힐링하기 좋은 장소
네이버 지역검색 API | 경기 수원시,역사·문화,수공감수학학원,상시,성인 (개인 방문 적합),"경기도 군포시 번영로 508 신산빌딩 401호 | 좌표:1269339084,373579274",장소 문의 (전화/홈페이지 참조),"경기 수원시에 위치한 고궁 관련 장소 [수공감수학학원] (교습학원,교습소>수학교육). 전화: 정보없음",https://blog.naver.com/moonanmath,"single:0.75;couple:0.4;family:0.3;교습학원,교습소>수학교육;고궁",2026-08-23 19:43:15,culture:1.0;history:1.0;outdoor:0.6,2,70,🏯 깊이 있게 둘러보기 좋은 역사·문화 명소
네이버 지역검색 API | 경기 수원시,역사·문화,대한불교조계종 봉녕사,상시,성인 (개인 방문 적합),"경기도 수원시 팔달구 창룡대로 236-54 | 좌표:1270382984,372907952",장소 문의 (전화/홈페이지 참조),"경기 수원시에 위치한 사찰 관련 장소 [대한불교조계종 봉녕사] (불교>절,사찰). 전화: 정보없음",http://www.bongnyeongsa.org/,"single:0.7;couple:0.4;family:0.3;불교>절,사찰;사찰",2026-08-23 19:43:15,culture:1.0;history:0.9;outdoor:0.7,2,70,🏯 깊이 있게 둘러보기 좋은 역사·문화 명소
네이버 지역검색 API | 경기 수원시,역사·문화,용광사,상시,성인 (개인 방문 적합),"경기도 수원시 장안구 파장천로 74 대한불교천태종 용광사 | 좌표:1269986865,373110749",장소 문의 (전화/홈페이지 참조),"경기 수원시에 위치한 사찰 관련 장소 [용광사] (불교>절,사찰). 전화: 정보없음",https://map.naver.com/v5/search/%EC%9A%A9%EA%B4%91%EC%82%AC,"single:0.7;couple:0.4;family:0.3;불교>절,사찰;사찰",2026-08-23 19:43:15,culture:1.0;history:0.9;outdoor:0.7,2,70,🏯 깊이 있게 둘러보기 좋은 역사·문화 명소
네이버 지역검색 API | 경기 수원시,역사·문화,대승원,상시,성인 (개인 방문 적합),"경기도 수원시 팔달구 행궁로26번길 38 | 좌표:1270126898,372795244",장소 문의 (전화/홈페이지 참조),"경기 수원시에 위치한 사찰 관련 장소 [대승원] (불교>절,사찰). 전화: 정보없음",https://map.naver.com/v5/search/%EB%8C%80%EC%8A%B9%EC%9B%90,"single:0.7;couple:0.4;family:0.3;불교>절,사찰;사찰",2026-08-23 19:43:15,culture:1.0;history:0.9;outdoor:0.7,2,70,🏯 깊이 있게 둘러보기 좋은 역사·문화 명소
네이버 지역검색 API | 경기 수원시,역사·문화,용화사,상시,성인 (개인 방문 적합),"경기도 수원시 권선구 칠보로88번길 260 | 좌표:1269372639,372611552",장소 문의 (전화/홈페이지 참조),"경기 수원시에 위치한 사찰 관련 장소 [용화사] (불교>절,사찰). 전화: 정보없음",https://map.naver.com/v5/search/%EC%9A%A9%ED%99%94%EC%82%AC,"single:0.7;couple:0.4;family:0.3;불교>절,사찰;사찰",2026-08-23 19:43:15,culture:1.0;history:0.9;outdoor:0.7,2,70,🏯 깊이 있게 둘러보기 좋은 역사·문화 명소
네이버 지역검색 API | 경기 수원시,역사·문화,팔달사,상시,성인 (개인 방문 적합),"경기도 수원시 팔달구 행궁로 68 | 좌표:1270153272,372764651",장소 문의 (전화/홈페이지 참조),"경기 수원시에 위치한 사찰 관련 장소 [팔달사] (불교>절,사찰). 전화: 정보없음",https://map.naver.com/v5/search/%ED%8C%94%EB%8B%AC%EC%82%AC,"single:0.7;couple:0.4;family:0.3;불교>절,사찰;사찰",2026-08-23 19:43:15,culture:1.0;history:0.9;outdoor:0.7,2,70,🏯 깊이 있게 둘러보기 좋은 역사·문화 명소
네이버 지역검색 API | 경기 수원시,자연·공원,수원팔색길(화성성곽길),상시,성인 (개인 방문 적합),"경기도 수원시 팔달구 정조로 776-2 | 좌표:1270168625,372771499",장소 문의 (전화/홈페이지 참조),"경기 수원시에 위치한 둘레길 관련 장소 [수원팔색길(화성성곽길)] (거리,골목>도보코스). 전화: 정보없음",https://map.naver.com/v5/search/%EC%88%98%EC%9B%90%ED%8C%94%EC%83%89%EA%B8%B8%28%ED%99%94%EC%84%B1%EC%84%B1%EA%B3%BD%EA%B8%B8%29,"single:0.8;couple:0.4;family:0.3;거리,골목>도보코스;둘레길",2026-08-23 19:43:15,nature:1.0;outdoor:1.0;walk:1.0,2,70,🌳 혼자 걷기 좋은 자연 친화 공간
네이버 지역검색 API | 경기 수원시,자연·공원,수원팔색길(지게길),상시,성인 (개인 방문 적합),"경기도 수원시 장안구 상광교동 340-2 | 좌표:1270141064,373273620",장소 문의 (전화/홈페이지 참조),"경기 수원시에 위치한 둘레길 관련 장소 [수원팔색길(지게길)] (거리,골목>도보코스). 전화: 정보없음",https://map.naver.com/v5/search/%EC%88%98%EC%9B%90%ED%8C%94%EC%83%89%EA%B8%B8%28%EC%A7%80%EA%B2%8C%EA%B8%B8%29,"single:0.8;couple:0.4;family:0.3;거리,골목>도보코스;둘레길",2026-08-23 19:43:15,nature:1.0;outdoor:1.0;walk:1.0,2,70,🌳 혼자 걷기 좋은 자연 친화 공간
네이버 지역검색 API | 경기 수원시,자연·공원,수원팔색길(여우길),상시,성인 (개인 방문 적합),"경기도 수원시 영통구 | 좌표:1270500301,372947085",장소 문의 (전화/홈페이지 참조),"경기 수원시에 위치한 둘레길 관련 장소 [수원팔색길(여우길)] (거리,골목>도보코스). 전화: 정보없음",https://map.naver.com/v5/search/%EC%88%98%EC%9B%90%ED%8C%94%EC%83%89%EA%B8%B8%28%EC%97%AC%EC%9A%B0%EA%B8%B8%29,"single:0.8;couple:0.4;family:0.3;거리,골목>도보코스;둘레길",2026-08-23 19:43:15,nature:1.0;outdoor:1.0;walk:1.0,2,70,🌳 혼자 걷기 좋은 자연 친화 공간
네이버 지역검색 API | 경기 수원시,자연·공원,수원팔색길(도란길),상시,성인 (개인 방문 적합),"경기도 수원시 영통구 매탄동 1314 | 좌표:1270486384,372583033",장소 문의 (전화/홈페이지 참조),"경기 수원시에 위치한 둘레길 관련 장소 [수원팔색길(도란길)] (거리,골목>도보코스). 전화: 정보없음",https://map.naver.com/v5/search/%EC%88%98%EC%9B%90%ED%8C%94%EC%83%89%EA%B8%B8%28%EB%8F%84%EB%9E%80%EA%B8%B8%29,"single:0.8;couple:0.4;family:0.3;거리,골목>도보코스;둘레길",2026-08-23 19:43:15,nature:1.0;outdoor:1.0;walk:1.0,2,70,🌳 혼자 걷기 좋은 자연 친화 공간
네이버 지역검색 API | 경기 수원시,자연·공원,수원팔색길(효행길),상시,성인 (개인 방문 적합),"경기도 수원시 팔달구 북수동 5-2 | 좌표:1270145724,372887170",장소 문의 (전화/홈페이지 참조),"경기 수원시에 위치한 둘레길 관련 장소 [수원팔색길(효행길)] (거리,골목>도보코스). 전화: 정보없음",https://map.naver.com/v5/search/%EC%88%98%EC%9B%90%ED%8C%94%EC%83%89%EA%B8%B8%28%ED%9A%A8%ED%96%89%EA%B8%B8%29,"single:0.8;couple:0.4;family:0.3;거리,골목>도보코스;둘레길",2026-08-23 19:43:15,nature:1.0;outdoor:1.0;walk:1.0,2,70,🌳 혼자 걷기 좋은 자연 친화 공간
네이버 지역검색 API | 경기 수원시,자연·공원,일월수목원,상시,성인 (개인 방문 적합),"경기도 수원시 장안구 일월로 61 일월수목원 | 좌표:1269760421,372883577",장소 문의 (전화/홈페이지 참조),"경기 수원시에 위치한 수목원 관련 장소 [일월수목원] (여행,명소>식물원,수목원). 전화: 정보없음",https://www.suwon.go.kr/web/iwarbor/index.do,"single:0.75;couple:0.4;family:0.3;여행,명소>식물원,수목원;수목원",2026-08-23 19:43:15,nature:1.0;outdoor:1.0;walk:0.8,2,70,🌳 혼자 걷기 좋은 자연 친화 공간
네이버 지역검색 API | 경기 수원시,자연·공원,영흥수목원,상시,성인 (개인 방문 적합),"경기도 수원시 영통구 영통로 435 영흥수목원 | 좌표:1270711629,372636683",장소 문의 (전화/홈페이지 참조),"경기 수원시에 위치한 수목원 관련 장소 [영흥수목원] (여행,명소>식물원,수목원). 전화: 정보없음",https://www.suwon.go.kr/web/yharbor/index.do,"single:0.75;couple:0.4;family:0.3;여행,명소>식물원,수목원;수목원",2026-08-23 19:43:15,nature:1.0;outdoor:1.0;walk:0.8,2,70,🌳 혼자 걷기 좋은 자연 친화 공간
네이버 지역검색 API | 경기 수원시,자연·공원,최씨화로 서수원본점,상시,성인 (개인 방문 적합),"경기도 수원시 권선구 일월천로4번길 43-9 | 좌표:1269743685,372826485",장소 문의 (전화/홈페이지 참조),경기 수원시에 위치한 수목원 관련 장소 [최씨화로 서수원본점] (한식>소고기구이). 전화: 정보없음,https://www.instagram.com/jeonmuntae9/,single:0.75;couple:0.4;family:0.3;한식>소고기구이;수목원,2026-08-23 19:43:15,nature:1.0;outdoor:1.0;walk:0.8,2,70,🌳 혼자 걷기 좋은 자연 친화 공간
네이버 지역검색 API | 경기 수원시,자연·공원,수복헌 연자약초수목원,상시,성인 (개인 방문 적합),"경기도 수원시 권선구 입북로43번길 41-25 | 좌표:1269568647,372939932",장소 문의 (전화/홈페이지 참조),"경기 수원시에 위치한 수목원 관련 장소 [수복헌 연자약초수목원] (카페,디저트>한방카페). 전화: 정보없음",https://www.instagram.com/subokheon_official,"single:0.75;couple:0.4;family:0.3;카페,디저트>한방카페;수목원",2026-08-23 19:43:15,nature:1.0;outdoor:1.0;walk:0.8,2,70,🌳 혼자 걷기 좋은 자연 친화 공간
네이버 지역검색 API | 경기 수원시,자연·공원,고반가든 서수원점,상시,성인 (개인 방문 적합),"경기도 수원시 권선구 일월천로4번길 22 고반가든 서수원점 | 좌표:1269734375,372820671",장소 문의 (전화/홈페이지 참조),경기 수원시에 위치한 수목원 관련 장소 [고반가든 서수원점] (한식>소고기구이). 전화: 정보없음,https://app.catchtable.co.kr/ct/shop/GobanGardenWestSuwon,single:0.75;couple:0.4;family:0.3;한식>소고기구이;수목원,2026-08-23 19:43:15,nature:1.0;outdoor:1.0;walk:0.8,2,70,🌳 혼자 걷기 좋은 자연 친화 공간
네이버 지역검색 API | 경기 성남시,독립서점,책덕방,상시,성인 (개인 방문 적합),"경기도 성남시 중원구 산성대로 230-18 성남 중앙 지하상가 D동 마열 10호 | 좌표:1271433458,374386626",장소 문의 (전화/홈페이지 참조),경기 성남시에 위치한 독립서점 관련 장소 [책덕방] (서점>독립서점). 전화: 정보없음,https://www.instagram.com/seongnam_chakdeokbang?igsh=MWgzMzgwYzNlYTI4ag%3D%3D&utm_source=qr,single:0.95;couple:0.4;family:0.3;서점>독립서점;독립서점,2026-08-23 19:43:15,bookstore:1.0;quiet:1.0;indoor:1.0,2,70,📚 혼자만의 시간을 보내기 좋은 조용한 독서 공간
네이버 지역검색 API | 경기 성남시,독립서점,북술북술,상시,성인 (개인 방문 적합),"경기도 성남시 분당구 동판교로52번길 17-3 1층 | 좌표:1271149415,373865622",장소 문의 (전화/홈페이지 참조),"경기 성남시에 위치한 독립서점 관련 장소 [북술북술] (카페,디저트>북카페). 전화: 정보없음",https://blog.naver.com/afterwork_pangyo,"single:0.95;couple:0.4;family:0.3;카페,디저트>북카페;독립서점",2026-08-23 19:43:15,bookstore:1.0;quiet:1.0;indoor:1.0,2,70,📚 혼자만의 시간을 보내기 좋은 조용한 독서 공간
네이버 지역검색 API | 경기 성남시,독립서점,온적공간,상시,성인 (개인 방문 적합),"경기도 성남시 수정구 대왕판교로982번길 21-2 | 좌표:1271045893,374289447",장소 문의 (전화/홈페이지 참조),"경기 성남시에 위치한 독립서점 관련 장소 [온적공간] (음식점>카페,디저트). 전화: 정보없음",https://smartstore.naver.com/onjeok,"single:0.95;couple:0.4;family:0.3;음식점>카페,디저트;독립서점",2026-08-23 19:43:15,bookstore:1.0;quiet:1.0;indoor:1.0,2,70,📚 혼자만의 시간을 보내기 좋은 조용한 독서 공간
네이버 지역검색 API | 경기 성남시,독립서점,커피 플로어: 뚱이와 못난이,상시,성인 (개인 방문 적합),"경기도 성남시 분당구 벌말로 10 목련마을 1단지 종합상가 2층 202호 | 좌표:1271383505,374089622",장소 문의 (전화/홈페이지 참조),"경기 성남시에 위치한 독립서점 관련 장소 [커피 플로어: 뚱이와 못난이] (카페,디저트>북카페). 전화: 정보없음",https://blog.naver.com/coffeefloor202,"single:0.95;couple:0.4;family:0.3;카페,디저트>북카페;독립서점",2026-08-23 19:43:15,bookstore:1.0;quiet:1.0;indoor:1.0,2,70,📚 혼자만의 시간을 보내기 좋은 조용한 독서 공간
네이버 지역검색 API | 경기 성남시,독립서점,우주소년,상시,성인 (개인 방문 적합),"경기도 용인시 수지구 고기로129번길 18 2층 | 좌표:1270883191,373466068",장소 문의 (전화/홈페이지 참조),경기 성남시에 위치한 독립서점 관련 장소 [우주소년] (서점>독립서점). 전화: 정보없음,https://band.us/@ujoosonyeon,single:0.95;couple:0.4;family:0.3;서점>독립서점;독립서점,2026-08-23 19:43:15,bookstore:1.0;quiet:1.0;indoor:1.0,2,70,📚 혼자만의 시간을 보내기 좋은 조용한 독서 공간
네이버 지역검색 API | 경기 성남시,독립서점,북마크 커피&amp;베이커리,상시,성인 (개인 방문 적합),"경기도 성남시 분당구 돌마로 87 3층 | 좌표:1271117462,373503915",장소 문의 (전화/홈페이지 참조),"경기 성남시에 위치한 북카페 관련 장소 [북마크 커피&amp;베이커리] (음식점>카페,디저트). 전화: 정보없음",https://www.instagram.com/bookmarkcoffee.kr,"single:0.85;couple:0.4;family:0.3;음식점>카페,디저트;북카페",2026-08-23 19:43:15,bookstore:0.8;quiet:0.9;indoor:1.0,2,70,📚 혼자만의 시간을 보내기 좋은 조용한 독서 공간
네이버 지역검색 API | 경기 성남시,독립서점,커도의서재,상시,성인 (개인 방문 적합),"경기도 성남시 수정구 위례대로 83 1층 | 좌표:1271439274,374681042",장소 문의 (전화/홈페이지 참조),"경기 성남시에 위치한 북카페 관련 장소 [커도의서재] (음식점>카페,디저트). 전화: 정보없음",https://www.instagram.com/codolibrary/,"single:0.85;couple:0.4;family:0.3;음식점>카페,디저트;북카페",2026-08-23 19:43:15,bookstore:0.8;quiet:0.9;indoor:1.0,2,70,📚 혼자만의 시간을 보내기 좋은 조용한 독서 공간
네이버 지역검색 API | 경기 성남시,독립서점,리멤,상시,성인 (개인 방문 적합),"경기도 성남시 분당구 불정로71번길 4-5 1층 | 좌표:1271130243,373604656",장소 문의 (전화/홈페이지 참조),"경기 성남시에 위치한 북카페 관련 장소 [리멤] (음식점>카페,디저트). 전화: 정보없음",https://remem.so,"single:0.85;couple:0.4;family:0.3;음식점>카페,디저트;북카페",2026-08-23 19:43:15,bookstore:0.8;quiet:0.9;indoor:1.0,2,70,📚 혼자만의 시간을 보내기 좋은 조용한 독서 공간
네이버 지역검색 API | 경기 성남시,독립서점,어느비움,상시,성인 (개인 방문 적합),"경기도 성남시 분당구 발이봉남로43번길 3 1층 | 좌표:1271288110,373629388",장소 문의 (전화/홈페이지 참조),"경기 성남시에 위치한 북카페 관련 장소 [어느비움] (카페,디저트>북카페). 전화: 정보없음",https://www.instagram.com/eunuebium,"single:0.85;couple:0.4;family:0.3;카페,디저트>북카페;북카페",2026-08-23 19:43:15,bookstore:0.8;quiet:0.9;indoor:1.0,2,70,📚 혼자만의 시간을 보내기 좋은 조용한 독서 공간
네이버 지역검색 API | 경기 성남시,조용한 힐링,랭스터디카페 서현점,상시,성인 (개인 방문 적합),"경기도 성남시 분당구 분당로53번길 19 3층 랭스터디카페서현점 | 좌표:1271221799,373845205",장소 문의 (전화/홈페이지 참조),"경기 성남시에 위치한 스터디카페 관련 장소 [랭스터디카페 서현점] (서비스,산업>장소대여). 전화: 정보없음",https://app.orderqueen.kr/Index.aspx?cid=06990015,"single:0.9;couple:0.4;family:0.3;서비스,산업>장소대여;스터디카페",2026-08-23 19:43:15,healing:0.7;quiet:1.0;solo:1.0,2,70,🌿 혼자 사색하며 힐링하기 좋은 장소
네이버 지역검색 API | 경기 성남시,조용한 힐링,생텀 분당서현본점,상시,성인 (개인 방문 적합),"경기도 성남시 분당구 황새울로360번길 19 금화빌딩 지하1층 | 좌표:1271259558,373858796",장소 문의 (전화/홈페이지 참조),"경기 성남시에 위치한 스터디카페 관련 장소 [생텀 분당서현본점] (음식점>카페,디저트). 전화: 정보없음",http://www.instagram.com/sanctum_sh,"single:0.9;couple:0.4;family:0.3;음식점>카페,디저트;스터디카페",2026-08-23 19:43:15,healing:0.7;quiet:1.0;solo:1.0,2,70,🌿 혼자 사색하며 힐링하기 좋은 장소
네이버 지역검색 API | 경기 성남시,조용한 힐링,토즈스터디카페 위례광장센터,상시,성인 (개인 방문 적합),"경기도 성남시 수정구 위례광장로 320 아이에스센트럴타워 9층 903호 | 좌표:1271422845,374723588",장소 문의 (전화/홈페이지 참조),"경기 성남시에 위치한 스터디카페 관련 장소 [토즈스터디카페 위례광장센터] (임대,대여>장소대여). 전화: 정보없음",https://blog.naver.com/solarhill,"single:0.9;couple:0.4;family:0.3;임대,대여>장소대여;스터디카페",2026-08-23 19:43:15,healing:0.7;quiet:1.0;solo:1.0,2,70,🌿 혼자 사색하며 힐링하기 좋은 장소
네이버 지역검색 API | 경기 성남시,조용한 힐링,게더 공간대여&amp;스터디룸 스터디카페 분당 서현 본점,상시,성인 (개인 방문 적합),"경기도 성남시 분당구 서현로210번길 10 다두프라자 4층 게더 | 좌표:1271247246,373865066",장소 문의 (전화/홈페이지 참조),"경기 성남시에 위치한 스터디카페 관련 장소 [게더 공간대여&amp;스터디룸 스터디카페 분당 서현 본점] (서비스,산업>장소대여). 전화: 정보없음",https://www.instagram.com/p/CZgCw7rhLwA/?utm_medium=copy_link,"single:0.9;couple:0.4;family:0.3;서비스,산업>장소대여;스터디카페",2026-08-23 19:43:15,healing:0.7;quiet:1.0;solo:1.0,2,70,🌿 혼자 사색하며 힐링하기 좋은 장소
네이버 지역검색 API | 경기 성남시,조용한 힐링,라인발레핏&amp;플라잉요가,상시,성인 (개인 방문 적합),"경기도 성남시 중원구 희망로400번길 52 B1층 | 좌표:1271651276,374427668",장소 문의 (전화/홈페이지 참조),경기 성남시에 위치한 요가원 관련 장소 [라인발레핏&amp;플라잉요가] (스포츠시설>요가원). 전화: 정보없음,https://blog.naver.com/lineballetfit_fiying,single:0.8;couple:0.4;family:0.3;스포츠시설>요가원;요가원,2026-08-23 19:43:15,healing:1.0;quiet:0.8;solo:0.9,2,70,🌿 혼자 사색하며 힐링하기 좋은 장소
네이버 지역검색 API | 경기 성남시,조용한 힐링,젠요가 판교센터,상시,성인 (개인 방문 적합),"경기도 성남시 분당구 대왕판교로606번길 45 3층 | 좌표:1271119254,373968925",장소 문의 (전화/홈페이지 참조),경기 성남시에 위치한 요가원 관련 장소 [젠요가 판교센터] (스포츠시설>요가원). 전화: 정보없음,https://pf.kakao.com/_xjdQyj/chat,single:0.8;couple:0.4;family:0.3;스포츠시설>요가원;요가원,2026-08-23 19:43:15,healing:1.0;quiet:0.8;solo:0.9,2,70,🌿 혼자 사색하며 힐링하기 좋은 장소
네이버 지역검색 API | 경기 성남시,조용한 힐링,젠요가 뉴분당센터,상시,성인 (개인 방문 적합),"경기도 성남시 분당구 성남대로331번길 13 백궁프라자1 4층 | 좌표:1271063141,373653029",장소 문의 (전화/홈페이지 참조),경기 성남시에 위치한 요가원 관련 장소 [젠요가 뉴분당센터] (스포츠시설>요가원). 전화: 정보없음,https://pf.kakao.com/_xbWxmxkj/chat,single:0.8;couple:0.4;family:0.3;스포츠시설>요가원;요가원,2026-08-23 19:43:15,healing:1.0;quiet:0.8;solo:0.9,2,70,🌿 혼자 사색하며 힐링하기 좋은 장소
네이버 지역검색 API | 경기 성남시,조용한 힐링,알록요가하우스,상시,성인 (개인 방문 적합),"경기도 성남시 수정구 위례서일로3길 13 B1층 | 좌표:1271390492,374663283",장소 문의 (전화/홈페이지 참조),경기 성남시에 위치한 요가원 관련 장소 [알록요가하우스] (스포츠시설>요가원). 전화: 정보없음,https://blog.naver.com/kia814,single:0.8;couple:0.4;family:0.3;스포츠시설>요가원;요가원,2026-08-23 19:43:15,healing:1.0;quiet:0.8;solo:0.9,2,70,🌿 혼자 사색하며 힐링하기 좋은 장소
네이버 지역검색 API | 경기 성남시,조용한 힐링,아롬요가,상시,성인 (개인 방문 적합),"경기도 성남시 수정구 위례광장로 9-10 204호(창곡동, 아롬타워) | 좌표:1271406277,374649136",장소 문의 (전화/홈페이지 참조),경기 성남시에 위치한 요가원 관련 장소 [아롬요가] (스포츠시설>요가원). 전화: 정보없음,https://www.instagram.com/aromyoga1/,single:0.8;couple:0.4;family:0.3;스포츠시설>요가원;요가원,2026-08-23 19:43:15,healing:1.0;quiet:0.8;solo:0.9,2,70,🌿 혼자 사색하며 힐링하기 좋은 장소
네이버 지역검색 API | 경기 성남시,조용한 힐링,마음수련 명상센터 수내점,상시,성인 (개인 방문 적합),"경기도 성남시 분당구 황새울로258번길 32 코리아나빌딩 407호 | 좌표:1271162530,373795580",장소 문의 (전화/홈페이지 참조),"경기 성남시에 위치한 명상센터 관련 장소 [마음수련 명상센터 수내점] (스포츠,레크레이션교육>요가,명상). 전화: 정보없음",https://trueselfclass.com/,"single:0.85;couple:0.4;family:0.3;스포츠,레크레이션교육>요가,명상;명상센터",2026-08-23 19:43:15,healing:1.0;quiet:1.0;solo:1.0,2,70,🌿 혼자 사색하며 힐링하기 좋은 장소
네이버 지역검색 API | 경기 성남시,조용한 힐링,마음수련 명상센터 성남점,상시,성인 (개인 방문 적합),"경기도 성남시 수정구 산성대로 331 한신프라자오피스텔 102호 | 좌표:1271528431,374438101",장소 문의 (전화/홈페이지 참조),"경기 성남시에 위치한 명상센터 관련 장소 [마음수련 명상센터 성남점] (스포츠,레크레이션교육>요가,명상). 전화: 정보없음",https://trueselfclass.com/,"single:0.85;couple:0.4;family:0.3;스포츠,레크레이션교육>요가,명상;명상센터",2026-08-23 19:43:15,healing:1.0;quiet:1.0;solo:1.0,2,70,🌿 혼자 사색하며 힐링하기 좋은 장소
네이버 지역검색 API | 경기 성남시,조용한 힐링,마음수련 명상센터 오리역점,상시,성인 (개인 방문 적합),"경기도 성남시 분당구 구미로9번길 25 분당대맥주차빌딩 1동 303호 | 좌표:1271099441,373403798",장소 문의 (전화/홈페이지 참조),"경기 성남시에 위치한 명상센터 관련 장소 [마음수련 명상센터 오리역점] (스포츠,레크레이션교육>요가,명상). 전화: 정보없음",https://www.trueselfclass.com/,"single:0.85;couple:0.4;family:0.3;스포츠,레크레이션교육>요가,명상;명상센터",2026-08-23 19:43:15,healing:1.0;quiet:1.0;solo:1.0,2,70,🌿 혼자 사색하며 힐링하기 좋은 장소
네이버 지역검색 API | 경기 성남시,조용한 힐링,브레인트레이닝센터 미금점,상시,성인 (개인 방문 적합),"경기도 성남시 분당구 돌마로 86 엘레강스프라자 B동 701호 브레인 트레이닝센터 | 좌표:1271112912,373497105",장소 문의 (전화/홈페이지 참조),"경기 성남시에 위치한 명상센터 관련 장소 [브레인트레이닝센터 미금점] (스포츠,레크레이션교육>요가,명상). 전화: 정보없음",https://blog.naver.com/now77211,"single:0.85;couple:0.4;family:0.3;스포츠,레크레이션교육>요가,명상;명상센터",2026-08-23 19:43:15,healing:1.0;quiet:1.0;solo:1.0,2,70,🌿 혼자 사색하며 힐링하기 좋은 장소
네이버 지역검색 API | 경기 성남시,조용한 힐링,브레인트레이닝센터 서현명상치유점,상시,성인 (개인 방문 적합),"경기도 성남시 분당구 서현로 192 706호 | 좌표:1271244293,373877936",장소 문의 (전화/홈페이지 참조),"경기 성남시에 위치한 명상센터 관련 장소 [브레인트레이닝센터 서현명상치유점] (스포츠,레크레이션교육>요가,명상). 전화: 정보없음",https://blog.naver.com/soulshine1,"single:0.85;couple:0.4;family:0.3;스포츠,레크레이션교육>요가,명상;명상센터",2026-08-23 19:43:15,healing:1.0;quiet:1.0;solo:1.0,2,70,🌿 혼자 사색하며 힐링하기 좋은 장소
네이버 지역검색 API | 경기 성남시,역사·문화,고기가득 고궁왕비빔밥 상대원점,상시,성인 (개인 방문 적합),"경기도 성남시 중원구 상대원동 희망로 356 | 좌표:1271583694,374374724",장소 문의 (전화/홈페이지 참조),경기 성남시에 위치한 고궁 관련 장소 [고기가득 고궁왕비빔밥 상대원점] (음식점>한식). 전화: 정보없음,https://map.naver.com/v5/search/%EA%B3%A0%EA%B8%B0%EA%B0%80%EB%93%9D%20%EA%B3%A0%EA%B6%81%EC%99%95%EB%B9%84%EB%B9%94%EB%B0%A5%20%EC%83%81%EB%8C%80%EC%9B%90%EC%A0%90,single:0.75;couple:0.4;family:0.3;음식점>한식;고궁,2026-08-23 19:43:15,culture:1.0;history:1.0;outdoor:0.6,2,70,🏯 깊이 있게 둘러보기 좋은 역사·문화 명소
네이버 지역검색 API | 경기 성남시,역사·문화,대광사,상시,성인 (개인 방문 적합),"경기도 성남시 분당구 구미로185번길 30 | 좌표:1271276630,373467312",장소 문의 (전화/홈페이지 참조),"경기 성남시에 위치한 사찰 관련 장소 [대광사] (불교>절,사찰). 전화: 정보없음",http://www.daegwangsa.org/,"single:0.7;couple:0.4;family:0.3;불교>절,사찰;사찰",2026-08-23 19:43:15,culture:1.0;history:0.9;outdoor:0.7,2,70,🏯 깊이 있게 둘러보기 좋은 역사·문화 명소
네이버 지역검색 API | 경기 성남시,역사·문화,정토사,상시,성인 (개인 방문 적합),"경기도 성남시 수정구 상적동 344-2 | 좌표:1270676823,374263846",장소 문의 (전화/홈페이지 참조),"경기 성남시에 위치한 사찰 관련 장소 [정토사] (불교>절,사찰). 전화: 정보없음",http://www.jeongtosa.com/,"single:0.7;couple:0.4;family:0.3;불교>절,사찰;사찰",2026-08-23 19:43:15,culture:1.0;history:0.9;outdoor:0.7,2,70,🏯 깊이 있게 둘러보기 좋은 역사·문화 명소
네이버 지역검색 API | 경기 성남시,역사·문화,봉국사,상시,성인 (개인 방문 적합),"경기도 성남시 수정구 태평로 79 | 좌표:1271353016,374504949",장소 문의 (전화/홈페이지 참조),"경기 성남시에 위치한 사찰 관련 장소 [봉국사] (불교>절,사찰). 전화: 정보없음",http://www.bongguksa.or.kr/,"single:0.7;couple:0.4;family:0.3;불교>절,사찰;사찰",2026-08-23 19:43:15,culture:1.0;history:0.9;outdoor:0.7,2,70,🏯 깊이 있게 둘러보기 좋은 역사·문화 명소
네이버 지역검색 API | 경기 성남시,역사·문화,하얀마음선원,상시,성인 (개인 방문 적합),"경기도 성남시 분당구 방아로46번길 26 | 좌표:1271337493,373966826",장소 문의 (전화/홈페이지 참조),"경기 성남시에 위치한 사찰 관련 장소 [하얀마음선원] (불교>절,사찰). 전화: 정보없음",https://map.naver.com/v5/search/%ED%95%98%EC%96%80%EB%A7%88%EC%9D%8C%EC%84%A0%EC%9B%90,"single:0.7;couple:0.4;family:0.3;불교>절,사찰;사찰",2026-08-23 19:43:15,culture:1.0;history:0.9;outdoor:0.7,2,70,🏯 깊이 있게 둘러보기 좋은 역사·문화 명소
네이버 지역검색 API | 경기 성남시,역사·문화,영운정사,상시,성인 (개인 방문 적합),"경기도 성남시 분당구 판교로156번길 10 | 좌표:1270930866,373977147",장소 문의 (전화/홈페이지 참조),"경기 성남시에 위치한 사찰 관련 장소 [영운정사] (불교>절,사찰). 전화: 정보없음",http://www.youngunjungsa.kr/,"single:0.7;couple:0.4;family:0.3;불교>절,사찰;사찰",2026-08-23 19:43:15,culture:1.0;history:0.9;outdoor:0.7,2,70,🏯 깊이 있게 둘러보기 좋은 역사·문화 명소
네이버 지역검색 API | 경기 성남시,자연·공원,둘레길빌,상시,성인 (개인 방문 적합),"경기도 성남시 분당구 이매로89번길 27 | 좌표:1271324982,373950691",장소 문의 (전화/홈페이지 참조),"경기 성남시에 위치한 둘레길 관련 장소 [둘레길빌] (시설,건물>주택). 전화: 정보없음",https://map.naver.com/v5/search/%EB%91%98%EB%A0%88%EA%B8%B8%EB%B9%8C,"single:0.8;couple:0.4;family:0.3;시설,건물>주택;둘레길",2026-08-23 19:43:15,nature:1.0;outdoor:1.0;walk:1.0,2,70,🌳 혼자 걷기 좋은 자연 친화 공간
네이버 지역검색 API | 경기 성남시,자연·공원,성남누비길1코스(남한산성길),상시,성인 (개인 방문 적합),"경기도 성남시 수정구 산성동 2226-1 | 좌표:1271518608,374622464",장소 문의 (전화/홈페이지 참조),"경기 성남시에 위치한 둘레길 관련 장소 [성남누비길1코스(남한산성길)] (거리,골목>도보코스). 전화: 정보없음",https://map.naver.com/v5/search/%EC%84%B1%EB%82%A8%EB%88%84%EB%B9%84%EA%B8%B81%EC%BD%94%EC%8A%A4%28%EB%82%A8%ED%95%9C%EC%82%B0%EC%84%B1%EA%B8%B8%29,"single:0.8;couple:0.4;family:0.3;거리,골목>도보코스;둘레길",2026-08-23 19:43:15,nature:1.0;outdoor:1.0;walk:1.0,2,70,🌳 혼자 걷기 좋은 자연 친화 공간
네이버 지역검색 API | 경기 성남시,자연·공원,성남누비길6코스(청계산길),상시,성인 (개인 방문 적합),"경기도 성남시 수정구 상적동 산73-2 | 좌표:1270450847,374213490",장소 문의 (전화/홈페이지 참조),"경기 성남시에 위치한 둘레길 관련 장소 [성남누비길6코스(청계산길)] (거리,골목>도보코스). 전화: 정보없음",https://map.naver.com/v5/search/%EC%84%B1%EB%82%A8%EB%88%84%EB%B9%84%EA%B8%B86%EC%BD%94%EC%8A%A4%28%EC%B2%AD%EA%B3%84%EC%82%B0%EA%B8%B8%29,"single:0.8;couple:0.4;family:0.3;거리,골목>도보코스;둘레길",2026-08-23 19:43:15,nature:1.0;outdoor:1.0;walk:1.0,2,70,🌳 혼자 걷기 좋은 자연 친화 공간
네이버 지역검색 API | 경기 성남시,자연·공원,성남누비길4코스(불곡산길),상시,성인 (개인 방문 적합),"경기도 성남시 분당구 구미동 산52 | 좌표:1271329469,373484948",장소 문의 (전화/홈페이지 참조),"경기 성남시에 위치한 둘레길 관련 장소 [성남누비길4코스(불곡산길)] (거리,골목>도보코스). 전화: 정보없음",https://map.naver.com/v5/search/%EC%84%B1%EB%82%A8%EB%88%84%EB%B9%84%EA%B8%B84%EC%BD%94%EC%8A%A4%28%EB%B6%88%EA%B3%A1%EC%82%B0%EA%B8%B8%29,"single:0.8;couple:0.4;family:0.3;거리,골목>도보코스;둘레길",2026-08-23 19:43:15,nature:1.0;outdoor:1.0;walk:1.0,2,70,🌳 혼자 걷기 좋은 자연 친화 공간
네이버 지역검색 API | 경기 성남시,자연·공원,성남누비길2코스(검단산길),상시,성인 (개인 방문 적합),"경기도 성남시 중원구 상대원동 산1 | 좌표:1271952110,374464935",장소 문의 (전화/홈페이지 참조),"경기 성남시에 위치한 둘레길 관련 장소 [성남누비길2코스(검단산길)] (거리,골목>도보코스). 전화: 정보없음",https://map.naver.com/v5/search/%EC%84%B1%EB%82%A8%EB%88%84%EB%B9%84%EA%B8%B82%EC%BD%94%EC%8A%A4%28%EA%B2%80%EB%8B%A8%EC%82%B0%EA%B8%B8%29,"single:0.8;couple:0.4;family:0.3;거리,골목>도보코스;둘레길",2026-08-23 19:43:15,nature:1.0;outdoor:1.0;walk:1.0,2,70,🌳 혼자 걷기 좋은 자연 친화 공간
네이버 지역검색 API | 경기 성남시,자연·공원,신구대학교식물원,상시,성인 (개인 방문 적합),"경기도 성남시 수정구 적푸리로 9 | 좌표:1270808460,374350499",장소 문의 (전화/홈페이지 참조),"경기 성남시에 위치한 수목원 관련 장소 [신구대학교식물원] (여행,명소>식물원,수목원). 전화: 정보없음",https://www.sbg.or.kr,"single:0.75;couple:0.4;family:0.3;여행,명소>식물원,수목원;수목원",2026-08-23 19:43:15,nature:1.0;outdoor:1.0;walk:0.8,2,70,🌳 혼자 걷기 좋은 자연 친화 공간
네이버 지역검색 API | 경기 성남시,자연·공원,성남시 식물원,상시,성인 (개인 방문 적합),"경기도 성남시 중원구 은행로 72 | 좌표:1271668530,374531745",장소 문의 (전화/홈페이지 참조),"경기 성남시에 위치한 수목원 관련 장소 [성남시 식물원] (여행,명소>식물원,수목원). 전화: 정보없음",https://map.naver.com/v5/search/%EC%84%B1%EB%82%A8%EC%8B%9C%20%EC%8B%9D%EB%AC%BC%EC%9B%90,"single:0.75;couple:0.4;family:0.3;여행,명소>식물원,수목원;수목원",2026-08-23 19:43:15,nature:1.0;outdoor:1.0;walk:0.8,2,70,🌳 혼자 걷기 좋은 자연 친화 공간
네이버 지역검색 API | 경기 성남시,자연·공원,식물관 판교,상시,성인 (개인 방문 적합),"경기도 성남시 분당구 석운로202번길 12-1 | 좌표:1270472300,373797249",장소 문의 (전화/홈페이지 참조),"경기 성남시에 위치한 수목원 관련 장소 [식물관 판교] (여행,명소>식물원,수목원). 전화: 정보없음",https://map.naver.com/v5/search/%EC%8B%9D%EB%AC%BC%EA%B4%80%20%ED%8C%90%EA%B5%90,"single:0.75;couple:0.4;family:0.3;여행,명소>식물원,수목원;수목원",2026-08-23 19:43:15,nature:1.0;outdoor:1.0;walk:0.8,2,70,🌳 혼자 걷기 좋은 자연 친화 공간
네이버 지역검색 API | 경기 성남시,자연·공원,사송수목원,상시,성인 (개인 방문 적합),"경기도 성남시 수정구 사송동 274-5 | 좌표:1271182805,374161142",장소 문의 (전화/홈페이지 참조),"경기 성남시에 위치한 수목원 관련 장소 [사송수목원] (여행,명소>식물원,수목원). 전화: 정보없음",https://map.naver.com/v5/search/%EC%82%AC%EC%86%A1%EC%88%98%EB%AA%A9%EC%9B%90,"single:0.75;couple:0.4;family:0.3;여행,명소>식물원,수목원;수목원",2026-08-23 19:43:15,nature:1.0;outdoor:1.0;walk:0.8,2,70,🌳 혼자 걷기 좋은 자연 친화 공간
네이버 지역검색 API | 경기 성남시,자연·공원,애림식물원,상시,성인 (개인 방문 적합),"경기도 성남시 중원구 마지로 383 | 좌표:1271678683,374216862",장소 문의 (전화/홈페이지 참조),"경기 성남시에 위치한 수목원 관련 장소 [애림식물원] (여행,명소>식물원,수목원). 전화: 정보없음",https://map.naver.com/v5/search/%EC%95%A0%EB%A6%BC%EC%8B%9D%EB%AC%BC%EC%9B%90,"single:0.75;couple:0.4;family:0.3;여행,명소>식물원,수목원;수목원",2026-08-23 19:43:15,nature:1.0;outdoor:1.0;walk:0.8,2,70,🌳 혼자 걷기 좋은 자연 친화 공간
네이버 지역검색 API | 경기 고양시,독립서점,플라뇌즈,상시,성인 (개인 방문 적합),"경기도 고양시 덕양구 원당로59번길 49-24 203호 | 좌표:1268312738,376586380",장소 문의 (전화/홈페이지 참조),경기 고양시에 위치한 독립서점 관련 장소 [플라뇌즈] (서점>독립서점). 전화: 정보없음,http://www.instagram.com/flaneuse21th,single:0.95;couple:0.4;family:0.3;서점>독립서점;독립서점,2026-08-23 19:43:15,bookstore:1.0;quiet:1.0;indoor:1.0,2,70,📚 혼자만의 시간을 보내기 좋은 조용한 독서 공간
네이버 지역검색 API | 경기 고양시,독립서점,그림이야기,상시,성인 (개인 방문 적합),"경기도 고양시 일산동구 일산로463번길 48-14 1F 그림이야기 | 좌표:1267735563,376726175",장소 문의 (전화/홈페이지 참조),경기 고양시에 위치한 독립서점 관련 장소 [그림이야기] (서점>독립서점). 전화: 정보없음,https://cafe.naver.com/artstory1023,single:0.95;couple:0.4;family:0.3;서점>독립서점;독립서점,2026-08-23 19:43:15,bookstore:1.0;quiet:1.0;indoor:1.0,2,70,📚 혼자만의 시간을 보내기 좋은 조용한 독서 공간
네이버 지역검색 API | 경기 고양시,독립서점,위드위로,상시,성인 (개인 방문 적합),"경기도 고양시 일산서구 송포로 26 현대프라자 1층 120호 | 좌표:1267332982,376693295",장소 문의 (전화/홈페이지 참조),경기 고양시에 위치한 독립서점 관련 장소 [위드위로] (서점>독립서점). 전화: 정보없음,http://instagram.com/withwero,single:0.95;couple:0.4;family:0.3;서점>독립서점;독립서점,2026-08-23 19:43:15,bookstore:1.0;quiet:1.0;indoor:1.0,2,70,📚 혼자만의 시간을 보내기 좋은 조용한 독서 공간
네이버 지역검색 API | 경기 고양시,독립서점,단향,상시,성인 (개인 방문 적합),"경기도 고양시 덕양구 삼송로 240 힐스테이트삼송역스칸센 202동 264호 | 좌표:1269002254,376531850",장소 문의 (전화/홈페이지 참조),경기 고양시에 위치한 독립서점 관련 장소 [단향] (서점>독립서점). 전화: 정보없음,https://www.instagram.com/daan_hyang_k_dessert,single:0.95;couple:0.4;family:0.3;서점>독립서점;독립서점,2026-08-23 19:43:15,bookstore:1.0;quiet:1.0;indoor:1.0,2,70,📚 혼자만의 시간을 보내기 좋은 조용한 독서 공간
네이버 지역검색 API | 경기 고양시,독립서점,유월의 숨,상시,성인 (개인 방문 적합),"경기도 고양시 덕양구 삼원로1길 35 1층 | 좌표:1268761332,376451667",장소 문의 (전화/홈페이지 참조),경기 고양시에 위치한 독립서점 관련 장소 [유월의 숨] (서점>독립서점). 전화: 정보없음,https://www.instagram.com/yoursum_books/,single:0.95;couple:0.4;family:0.3;서점>독립서점;독립서점,2026-08-23 19:43:15,bookstore:1.0;quiet:1.0;indoor:1.0,2,70,📚 혼자만의 시간을 보내기 좋은 조용한 독서 공간
네이버 지역검색 API | 경기 고양시,독립서점,책으로가는문,상시,성인 (개인 방문 적합),"경기도 고양시 덕양구 고양대로 1955 | 좌표:1268935657,376467298",장소 문의 (전화/홈페이지 참조),"경기 고양시에 위치한 북카페 관련 장소 [책으로가는문] (카페,디저트>북카페). 전화: 정보없음",http://instagram.com/books_beyond_thedoor_,"single:0.85;couple:0.4;family:0.3;카페,디저트>북카페;북카페",2026-08-23 19:43:15,bookstore:0.8;quiet:0.9;indoor:1.0,2,70,📚 혼자만의 시간을 보내기 좋은 조용한 독서 공간
네이버 지역검색 API | 경기 고양시,독립서점,뒷북서재,상시,성인 (개인 방문 적합),"경기도 고양시 일산동구 율천로7번길 9 1층 | 좌표:1267837131,376668273",장소 문의 (전화/홈페이지 참조),"경기 고양시에 위치한 북카페 관련 장소 [뒷북서재] (음식점>카페,디저트). 전화: 정보없음",https://map.naver.com/v5/search/%EB%92%B7%EB%B6%81%EC%84%9C%EC%9E%AC,"single:0.85;couple:0.4;family:0.3;음식점>카페,디저트;북카페",2026-08-23 19:43:15,bookstore:0.8;quiet:0.9;indoor:1.0,2,70,📚 혼자만의 시간을 보내기 좋은 조용한 독서 공간
네이버 지역검색 API | 경기 고양시,독립서점,낱말커피,상시,성인 (개인 방문 적합),"경기도 고양시 일산서구 호수로838번길 15-2 1층 | 좌표:1267500784,376706495",장소 문의 (전화/홈페이지 참조),"경기 고양시에 위치한 북카페 관련 장소 [낱말커피] (음식점>카페,디저트). 전화: 정보없음",https://www.instagram.com/wwordcoffee,"single:0.85;couple:0.4;family:0.3;음식점>카페,디저트;북카페",2026-08-23 19:43:15,bookstore:0.8;quiet:0.9;indoor:1.0,2,70,📚 혼자만의 시간을 보내기 좋은 조용한 독서 공간
네이버 지역검색 API | 경기 고양시,독립서점,Cafe 그림책박물관,상시,성인 (개인 방문 적합),"경기도 고양시 덕양구 솔밭1길 38-7 1층 Cafe 그림책박물관 | 좌표:1268744308,376532624",장소 문의 (전화/홈페이지 참조),"경기 고양시에 위치한 북카페 관련 장소 [Cafe 그림책박물관] (카페,디저트>북카페). 전화: 정보없음",https://picturebook-museum.com,"single:0.85;couple:0.4;family:0.3;카페,디저트>북카페;북카페",2026-08-23 19:43:15,bookstore:0.8;quiet:0.9;indoor:1.0,2,70,📚 혼자만의 시간을 보내기 좋은 조용한 독서 공간
네이버 지역검색 API | 경기 고양시,독립서점,너의 작업실,상시,성인 (개인 방문 적합),"경기도 고양시 일산동구 일산로380번길 63-36 .1층 | 좌표:1267829764,376713394",장소 문의 (전화/홈페이지 참조),"경기 고양시에 위치한 북카페 관련 장소 [너의 작업실] (쇼핑,유통>서점). 전화: 정보없음",http://www.instagram.com/your_jakupsil,"single:0.85;couple:0.4;family:0.3;쇼핑,유통>서점;북카페",2026-08-23 19:43:15,bookstore:0.8;quiet:0.9;indoor:1.0,2,70,📚 혼자만의 시간을 보내기 좋은 조용한 독서 공간
네이버 지역검색 API | 경기 고양시,조용한 힐링,스퀘어81,상시,성인 (개인 방문 적합),"경기도 고양시 일산서구 중앙로 1371 뉴서울프라자 3층 | 좌표:1267663045,376667812",장소 문의 (전화/홈페이지 참조),"경기 고양시에 위치한 스터디카페 관련 장소 [스퀘어81] (음식점>카페,디저트). 전화: 정보없음",https://blog.naver.com/cafesquare81,"single:0.9;couple:0.4;family:0.3;음식점>카페,디저트;스터디카페",2026-08-23 19:43:15,healing:0.7;quiet:1.0;solo:1.0,2,70,🌿 혼자 사색하며 힐링하기 좋은 장소
네이버 지역검색 API | 경기 고양시,조용한 힐링,카공엔 주엽역점,상시,성인 (개인 방문 적합),"경기도 고양시 일산서구 강성로 121 7층 702호 | 좌표:1267621686,376705815",장소 문의 (전화/홈페이지 참조),경기 고양시에 위치한 스터디카페 관련 장소 [카공엔 주엽역점] (스터디카페). 전화: 정보없음,https://pf.kakao.com/_VxfHfX,single:0.9;couple:0.4;family:0.3;스터디카페;스터디카페,2026-08-23 19:43:15,healing:0.7;quiet:1.0;solo:1.0,2,70,🌿 혼자 사색하며 힐링하기 좋은 장소
네이버 지역검색 API | 경기 고양시,조용한 힐링,이지스터디카페,상시,성인 (개인 방문 적합),"경기도 고양시 일산서구 주화로 42 5층 501호 | 좌표:1267629179,376685688",장소 문의 (전화/홈페이지 참조),경기 고양시에 위치한 스터디카페 관련 장소 [이지스터디카페] (스터디카페). 전화: 정보없음,https://blog.naver.com/easystudyju,single:0.9;couple:0.4;family:0.3;스터디카페;스터디카페,2026-08-23 19:43:15,healing:0.7;quiet:1.0;solo:1.0,2,70,🌿 혼자 사색하며 힐링하기 좋은 장소
네이버 지역검색 API | 경기 고양시,조용한 힐링,카공족 대화역점,상시,성인 (개인 방문 적합),"경기도 고양시 일산서구 중앙로 1565 매드위즈 3층 301호 | 좌표:1267477162,376756230",장소 문의 (전화/홈페이지 참조),"경기 고양시에 위치한 스터디카페 관련 장소 [카공족 대화역점] (카페,디저트>스터디카페). 전화: 정보없음",https://www.instagram.com/cagongzok_official,"single:0.9;couple:0.4;family:0.3;카페,디저트>스터디카페;스터디카페",2026-08-23 19:43:15,healing:0.7;quiet:1.0;solo:1.0,2,70,🌿 혼자 사색하며 힐링하기 좋은 장소
네이버 지역검색 API | 경기 고양시,조용한 힐링,올타임스터디카페 고양화정점,상시,성인 (개인 방문 적합),"경기도 고양시 덕양구 화중로 98 2층 204-2호 | 좌표:1268314451,376357388",장소 문의 (전화/홈페이지 참조),경기 고양시에 위치한 스터디카페 관련 장소 [올타임스터디카페 고양화정점] (스터디카페). 전화: 정보없음,http://pf.kakao.com/_FfesX,single:0.9;couple:0.4;family:0.3;스터디카페;스터디카페,2026-08-23 19:43:15,healing:0.7;quiet:1.0;solo:1.0,2,70,🌿 혼자 사색하며 힐링하기 좋은 장소
네이버 지역검색 API | 경기 고양시,조용한 힐링,바루나요가 일산본점,상시,성인 (개인 방문 적합),"경기도 고양시 일산동구 중산로 105 현해프라자 4층 | 좌표:1267813348,376814060",장소 문의 (전화/홈페이지 참조),경기 고양시에 위치한 요가원 관련 장소 [바루나요가 일산본점] (스포츠시설>요가원). 전화: 정보없음,http://pf.kakao.com/_vWrvxl/chat,single:0.8;couple:0.4;family:0.3;스포츠시설>요가원;요가원,2026-08-23 19:43:15,healing:1.0;quiet:0.8;solo:0.9,2,70,🌿 혼자 사색하며 힐링하기 좋은 장소
네이버 지역검색 API | 경기 고양시,조용한 힐링,한플라잉요가,상시,성인 (개인 방문 적합),"경기도 고양시 덕양구 지축로 70 푸리마타워 7층(등촌칼국수 건물7층) | 좌표:1269157663,376492686",장소 문의 (전화/홈페이지 참조),경기 고양시에 위치한 요가원 관련 장소 [한플라잉요가] (스포츠시설>요가원). 전화: 정보없음,https://blog.naver.com/gks2656,single:0.8;couple:0.4;family:0.3;스포츠시설>요가원;요가원,2026-08-23 19:43:15,healing:1.0;quiet:0.8;solo:0.9,2,70,🌿 혼자 사색하며 힐링하기 좋은 장소
네이버 지역검색 API | 경기 고양시,조용한 힐링,두더지요가원,상시,성인 (개인 방문 적합),"경기도 고양시 일산동구 일산로394번길 19-3 지하1층 | 좌표:1267819485,376705335",장소 문의 (전화/홈페이지 참조),경기 고양시에 위치한 요가원 관련 장소 [두더지요가원] (스포츠시설>요가원). 전화: 정보없음,http://pf.kakao.com/_rgAlX/chat,single:0.8;couple:0.4;family:0.3;스포츠시설>요가원;요가원,2026-08-23 19:43:15,healing:1.0;quiet:0.8;solo:0.9,2,70,🌿 혼자 사색하며 힐링하기 좋은 장소
네이버 지역검색 API | 경기 고양시,조용한 힐링,봄요가,상시,성인 (개인 방문 적합),"경기도 고양시 덕양구 충장로 134 아이프라자 606호 봄요가 | 좌표:1268349555,376244058",장소 문의 (전화/홈페이지 참조),경기 고양시에 위치한 요가원 관련 장소 [봄요가] (스포츠시설>요가원). 전화: 정보없음,http://www.bomyoga.com/,single:0.8;couple:0.4;family:0.3;스포츠시설>요가원;요가원,2026-08-23 19:43:15,healing:1.0;quiet:0.8;solo:0.9,2,70,🌿 혼자 사색하며 힐링하기 좋은 장소
네이버 지역검색 API | 경기 고양시,조용한 힐링,연화요가,상시,성인 (개인 방문 적합),"경기도 고양시 일산동구 산두로109번길 38 1층 | 좌표:1267846124,376675512",장소 문의 (전화/홈페이지 참조),경기 고양시에 위치한 요가원 관련 장소 [연화요가] (스포츠시설>요가원). 전화: 정보없음,http://pf.kakao.com/_xnPXYn,single:0.8;couple:0.4;family:0.3;스포츠시설>요가원;요가원,2026-08-23 19:43:15,healing:1.0;quiet:0.8;solo:0.9,2,70,🌿 혼자 사색하며 힐링하기 좋은 장소
네이버 지역검색 API | 경기 고양시,조용한 힐링,마음수련 명상센터 일산점,상시,성인 (개인 방문 적합),"경기도 고양시 일산동구 일산로 38 백석우림보보카운티 310호 | 좌표:1267872768,376418677",장소 문의 (전화/홈페이지 참조),"경기 고양시에 위치한 명상센터 관련 장소 [마음수련 명상센터 일산점] (스포츠,레크레이션교육>요가,명상). 전화: 정보없음",https://trueselfclass.com/,"single:0.85;couple:0.4;family:0.3;스포츠,레크레이션교육>요가,명상;명상센터",2026-08-23 19:43:15,healing:1.0;quiet:1.0;solo:1.0,2,70,🌿 혼자 사색하며 힐링하기 좋은 장소
네이버 지역검색 API | 경기 고양시,조용한 힐링,마음수련 명상센터 대화점,상시,성인 (개인 방문 적합),"경기도 고양시 일산서구 중앙로 1542 신동아노블타워 201호 | 좌표:1267505350,376752721",장소 문의 (전화/홈페이지 참조),"경기 고양시에 위치한 명상센터 관련 장소 [마음수련 명상센터 대화점] (스포츠,레크레이션교육>요가,명상). 전화: 정보없음",https://trueselfclass.com/,"single:0.85;couple:0.4;family:0.3;스포츠,레크레이션교육>요가,명상;명상센터",2026-08-23 19:43:15,healing:1.0;quiet:1.0;solo:1.0,2,70,🌿 혼자 사색하며 힐링하기 좋은 장소
네이버 지역검색 API | 경기 고양시,조용한 힐링,마음수련 명상센터 화정점,상시,성인 (개인 방문 적합),"경기도 고양시 덕양구 화중로104번길 28 710호 | 좌표:1268331979,376356958",장소 문의 (전화/홈페이지 참조),"경기 고양시에 위치한 명상센터 관련 장소 [마음수련 명상센터 화정점] (스포츠,레크레이션교육>요가,명상). 전화: 정보없음",https://trueselfclass.com/,"single:0.85;couple:0.4;family:0.3;스포츠,레크레이션교육>요가,명상;명상센터",2026-08-23 19:43:15,healing:1.0;quiet:1.0;solo:1.0,2,70,🌿 혼자 사색하며 힐링하기 좋은 장소
네이버 지역검색 API | 경기 고양시,조용한 힐링,나우명상센터,상시,성인 (개인 방문 적합),"경기도 고양시 일산동구 중앙로 1079 백석동더리브스타일, 6층 620호 | 좌표:1267845885,376451195",장소 문의 (전화/홈페이지 참조),"경기 고양시에 위치한 명상센터 관련 장소 [나우명상센터] (스포츠,레크레이션교육>요가,명상). 전화: 정보없음",https://www.nowmeditation.kr,"single:0.85;couple:0.4;family:0.3;스포츠,레크레이션교육>요가,명상;명상센터",2026-08-23 19:43:15,healing:1.0;quiet:1.0;solo:1.0,2,70,🌿 혼자 사색하며 힐링하기 좋은 장소
네이버 지역검색 API | 경기 고양시,조용한 힐링,마린명상센터,상시,성인 (개인 방문 적합),"경기도 고양시 일산동구 연리지로 50 힐스테이트레이크뷰테라스트리상가 304호 | 좌표:1267575967,376603722",장소 문의 (전화/홈페이지 참조),"경기 고양시에 위치한 명상센터 관련 장소 [마린명상센터] (스포츠,레크레이션교육>요가,명상). 전화: 정보없음",https://map.naver.com/v5/search/%EB%A7%88%EB%A6%B0%EB%AA%85%EC%83%81%EC%84%BC%ED%84%B0,"single:0.85;couple:0.4;family:0.3;스포츠,레크레이션교육>요가,명상;명상센터",2026-08-23 19:43:15,healing:1.0;quiet:1.0;solo:1.0,2,70,🌿 혼자 사색하며 힐링하기 좋은 장소
네이버 지역검색 API | 경기 고양시,역사·문화,고궁한식,상시,성인 (개인 방문 적합),"경기도 고양시 일산서구 중앙로 1471 | 좌표:1267568333,376716100",장소 문의 (전화/홈페이지 참조),경기 고양시에 위치한 고궁 관련 장소 [고궁한식] (한식>냉면). 전화: 정보없음,https://map.naver.com/v5/search/%EA%B3%A0%EA%B6%81%ED%95%9C%EC%8B%9D,single:0.75;couple:0.4;family:0.3;한식>냉면;고궁,2026-08-23 19:43:15,culture:1.0;history:1.0;outdoor:0.6,2,70,🏯 깊이 있게 둘러보기 좋은 역사·문화 명소
네이버 지역검색 API | 경기 고양시,역사·문화,흥국사,상시,성인 (개인 방문 적합),"경기도 고양시 덕양구 흥국사길 82 | 좌표:1269400389,376634880",장소 문의 (전화/홈페이지 참조),"경기 고양시에 위치한 사찰 관련 장소 [흥국사] (불교>절,사찰). 전화: 정보없음",https://map.naver.com/v5/search/%ED%9D%A5%EA%B5%AD%EC%82%AC,"single:0.7;couple:0.4;family:0.3;불교>절,사찰;사찰",2026-08-23 19:43:15,culture:1.0;history:0.9;outdoor:0.7,2,70,🏯 깊이 있게 둘러보기 좋은 역사·문화 명소
네이버 지역검색 API | 경기 고양시,역사·문화,여래사,상시,성인 (개인 방문 적합),"경기도 고양시 일산동구 정발산로 127 | 좌표:1267822879,376595721",장소 문의 (전화/홈페이지 참조),"경기 고양시에 위치한 사찰 관련 장소 [여래사] (불교>절,사찰). 전화: 정보없음",http://www.ibuddha.tv/,"single:0.7;couple:0.4;family:0.3;불교>절,사찰;사찰",2026-08-23 19:43:15,culture:1.0;history:0.9;outdoor:0.7,2,70,🏯 깊이 있게 둘러보기 좋은 역사·문화 명소
네이버 지역검색 API | 경기 고양시,역사·문화,호국백운사,상시,성인 (개인 방문 적합),"경기도 고양시 덕양구 백운길 27-36 | 좌표:1269321014,376530530",장소 문의 (전화/홈페이지 참조),"경기 고양시에 위치한 사찰 관련 장소 [호국백운사] (불교>절,사찰). 전화: 정보없음",https://band.us/n/a5aa8288H9Xdx,"single:0.7;couple:0.4;family:0.3;불교>절,사찰;사찰",2026-08-23 19:43:15,culture:1.0;history:0.9;outdoor:0.7,2,70,🏯 깊이 있게 둘러보기 좋은 역사·문화 명소
네이버 지역검색 API | 경기 고양시,역사·문화,금륜사,상시,성인 (개인 방문 적합),"경기도 고양시 덕양구 용두로 176-10 | 좌표:1268979000,376230250",장소 문의 (전화/홈페이지 참조),"경기 고양시에 위치한 사찰 관련 장소 [금륜사] (불교>절,사찰). 전화: 정보없음",https://map.naver.com/v5/search/%EA%B8%88%EB%A5%9C%EC%82%AC,"single:0.7;couple:0.4;family:0.3;불교>절,사찰;사찰",2026-08-23 19:43:15,culture:1.0;history:0.9;outdoor:0.7,2,70,🏯 깊이 있게 둘러보기 좋은 역사·문화 명소
네이버 지역검색 API | 경기 고양시,역사·문화,임조선사,상시,성인 (개인 방문 적합),"경기도 고양시 일산동구 햇살로 67 | 좌표:1267767988,376663147",장소 문의 (전화/홈페이지 참조),"경기 고양시에 위치한 사찰 관련 장소 [임조선사] (불교>절,사찰). 전화: 정보없음",https://map.naver.com/v5/search/%EC%9E%84%EC%A1%B0%EC%84%A0%EC%82%AC,"single:0.7;couple:0.4;family:0.3;불교>절,사찰;사찰",2026-08-23 19:43:15,culture:1.0;history:0.9;outdoor:0.7,2,70,🏯 깊이 있게 둘러보기 좋은 역사·문화 명소
네이버 지역검색 API | 경기 고양시,자연·공원,북한산플레이,상시,성인 (개인 방문 적합),"경기도 고양시 덕양구 북한산로368번길 89 | 좌표:1269507845,376559798",장소 문의 (전화/홈페이지 참조),"경기 고양시에 위치한 둘레길 관련 장소 [북한산플레이] (음식점>카페,디저트). 전화: 정보없음",http://instagram.com/bukhansan_play,"single:0.8;couple:0.4;family:0.3;음식점>카페,디저트;둘레길",2026-08-23 19:43:15,nature:1.0;outdoor:1.0;walk:1.0,2,70,🌳 혼자 걷기 좋은 자연 친화 공간
네이버 지역검색 API | 경기 고양시,자연·공원,도앤웍,상시,성인 (개인 방문 적합),"경기도 고양시 덕양구 일영로 139-14 | 좌표:1269192085,376584833",장소 문의 (전화/홈페이지 참조),경기 고양시에 위치한 둘레길 관련 장소 [도앤웍] (중식>중식당). 전화: 정보없음,https://blog.naver.com/chefonfire,single:0.8;couple:0.4;family:0.3;중식>중식당;둘레길,2026-08-23 19:43:15,nature:1.0;outdoor:1.0;walk:1.0,2,70,🌳 혼자 걷기 좋은 자연 친화 공간
네이버 지역검색 API | 경기 고양시,자연·공원,북한산놀면라면카페 은평한옥마을점,상시,성인 (개인 방문 적합),"경기도 고양시 덕양구 북한산로368번길 85 1층 | 좌표:1269507001,376561068",장소 문의 (전화/홈페이지 참조),경기 고양시에 위치한 둘레길 관련 장소 [북한산놀면라면카페 은평한옥마을점] (분식>라면). 전화: 정보없음,https://bit.ly/북한산놀면,single:0.8;couple:0.4;family:0.3;분식>라면;둘레길,2026-08-23 19:43:15,nature:1.0;outdoor:1.0;walk:1.0,2,70,🌳 혼자 걷기 좋은 자연 친화 공간
네이버 지역검색 API | 경기 고양시,자연·공원,고양누리길5코스(행주산성역사누리길),상시,성인 (개인 방문 적합),"경기도 고양시 덕양구 행주외동 산33 | 좌표:1268252401,375959507",장소 문의 (전화/홈페이지 참조),"경기 고양시에 위치한 둘레길 관련 장소 [고양누리길5코스(행주산성역사누리길)] (여행,명소>도보코스). 전화: 정보없음",https://map.naver.com/v5/search/%EA%B3%A0%EC%96%91%EB%88%84%EB%A6%AC%EA%B8%B85%EC%BD%94%EC%8A%A4%28%ED%96%89%EC%A3%BC%EC%82%B0%EC%84%B1%EC%97%AD%EC%82%AC%EB%88%84%EB%A6%AC%EA%B8%B8%29,"single:0.8;couple:0.4;family:0.3;여행,명소>도보코스;둘레길",2026-08-23 19:43:15,nature:1.0;outdoor:1.0;walk:1.0,2,70,🌳 혼자 걷기 좋은 자연 친화 공간
네이버 지역검색 API | 경기 고양시,자연·공원,북한산둘레길11구간(효자길),상시,성인 (개인 방문 적합),"경기도 고양시 덕양구 효자동 88-1 | 좌표:1269570333,376703749",장소 문의 (전화/홈페이지 참조),"경기 고양시에 위치한 둘레길 관련 장소 [북한산둘레길11구간(효자길)] (여행,명소>도보코스). 전화: 정보없음",https://map.naver.com/v5/search/%EB%B6%81%ED%95%9C%EC%82%B0%EB%91%98%EB%A0%88%EA%B8%B811%EA%B5%AC%EA%B0%84%28%ED%9A%A8%EC%9E%90%EA%B8%B8%29,"single:0.8;couple:0.4;family:0.3;여행,명소>도보코스;둘레길",2026-08-23 19:43:15,nature:1.0;outdoor:1.0;walk:1.0,2,70,🌳 혼자 걷기 좋은 자연 친화 공간
네이버 지역검색 API | 경기 고양시,자연·공원,고양시선인장식물원,상시,성인 (개인 방문 적합),"경기도 고양시 일산동구 호수로 731 선인장식물원 | 좌표:1267613533,376575038",장소 문의 (전화/홈페이지 참조),"경기 고양시에 위치한 수목원 관련 장소 [고양시선인장식물원] (여행,명소>식물원,수목원). 전화: 정보없음",https://www.instagram.com/goyang_cactushouse/,"single:0.75;couple:0.4;family:0.3;여행,명소>식물원,수목원;수목원",2026-08-23 19:43:15,nature:1.0;outdoor:1.0;walk:0.8,2,70,🌳 혼자 걷기 좋은 자연 친화 공간
네이버 지역검색 API | 경기 고양시,자연·공원,배다골 테마파크식물원,상시,성인 (개인 방문 적합),"경기도 고양시 덕양구 화정동 8-1 | 좌표:1268470000,376306536",장소 문의 (전화/홈페이지 참조),"경기 고양시에 위치한 수목원 관련 장소 [배다골 테마파크식물원] (여행,명소>식물원,수목원). 전화: 정보없음",https://map.naver.com/v5/search/%EB%B0%B0%EB%8B%A4%EA%B3%A8%20%ED%85%8C%EB%A7%88%ED%8C%8C%ED%81%AC%EC%8B%9D%EB%AC%BC%EC%9B%90,"single:0.75;couple:0.4;family:0.3;여행,명소>식물원,수목원;수목원",2026-08-23 19:43:15,nature:1.0;outdoor:1.0;walk:0.8,2,70,🌳 혼자 걷기 좋은 자연 친화 공간
네이버 지역검색 API | 경기 고양시,자연·공원,야초울,상시,성인 (개인 방문 적합),"경기도 고양시 덕양구 내곡동 108-1 | 좌표:1268101942,376381269",장소 문의 (전화/홈페이지 참조),"경기 고양시에 위치한 수목원 관련 장소 [야초울] (여행,명소>식물원,수목원). 전화: 정보없음",https://map.naver.com/v5/search/%EC%95%BC%EC%B4%88%EC%9A%B8,"single:0.75;couple:0.4;family:0.3;여행,명소>식물원,수목원;수목원",2026-08-23 19:43:15,nature:1.0;outdoor:1.0;walk:0.8,2,70,🌳 혼자 걷기 좋은 자연 친화 공간
네이버 지역검색 API | 경기 고양시,자연·공원,쥬쥬랜드식물원,상시,성인 (개인 방문 적합),"경기도 고양시 덕양구 원당로458번길 7-42 | 좌표:1268550310,376886609",장소 문의 (전화/홈페이지 참조),"경기 고양시에 위치한 수목원 관련 장소 [쥬쥬랜드식물원] (여행,명소>식물원,수목원). 전화: 정보없음",https://map.naver.com/v5/search/%EC%A5%AC%EC%A5%AC%EB%9E%9C%EB%93%9C%EC%8B%9D%EB%AC%BC%EC%9B%90,"single:0.75;couple:0.4;family:0.3;여행,명소>식물원,수목원;수목원",2026-08-23 19:43:15,nature:1.0;outdoor:1.0;walk:0.8,2,70,🌳 혼자 걷기 좋은 자연 친화 공간
네이버 지역검색 API | 경기 용인시,독립서점,"빈칸놀이터, 빈칸라운지",상시,성인 (개인 방문 적합),"경기도 용인시 처인구 금학로 426-4 1층, 2층 | 좌표:1272108893,372373871",장소 문의 (전화/홈페이지 참조),"경기 용인시에 위치한 독립서점 관련 장소 [빈칸놀이터, 빈칸라운지] (서점>독립서점). 전화: 정보없음",https://www.instagram.com/blankplayground.b_l_and,single:0.95;couple:0.4;family:0.3;서점>독립서점;독립서점,2026-08-23 19:43:15,bookstore:1.0;quiet:1.0;indoor:1.0,2,70,📚 혼자만의 시간을 보내기 좋은 조용한 독서 공간
네이버 지역검색 API | 경기 용인시,독립서점,북살롱벗,상시,성인 (개인 방문 적합),"경기도 용인시 기흥구 신촌로73번길 5-1 1층 102호 | 좌표:1271127590,373070006",장소 문의 (전화/홈페이지 참조),경기 용인시에 위치한 독립서점 관련 장소 [북살롱벗] (서점>독립서점). 전화: 정보없음,http://www.instagram.com/booksalon_but,single:0.95;couple:0.4;family:0.3;서점>독립서점;독립서점,2026-08-23 19:43:15,bookstore:1.0;quiet:1.0;indoor:1.0,2,70,📚 혼자만의 시간을 보내기 좋은 조용한 독서 공간
네이버 지역검색 API | 경기 용인시,독립서점,도토리책공방,상시,성인 (개인 방문 적합),"경기도 용인시 수지구 광교호수로378번길 4-7 101호 (주차장 지나 카페 거리 방면) | 좌표:1270804314,372977704",장소 문의 (전화/홈페이지 참조),경기 용인시에 위치한 독립서점 관련 장소 [도토리책공방] (서점>독립서점). 전화: 정보없음,https://www.instagram.com/dotorybookstudio,single:0.95;couple:0.4;family:0.3;서점>독립서점;독립서점,2026-08-23 19:43:15,bookstore:1.0;quiet:1.0;indoor:1.0,2,70,📚 혼자만의 시간을 보내기 좋은 조용한 독서 공간
네이버 지역검색 API | 경기 용인시,독립서점,호롱불책방,상시,성인 (개인 방문 적합),"경기도 용인시 처인구 명지로60번길 20-3 1층 | 좌표:1271863448,372301183",장소 문의 (전화/홈페이지 참조),경기 용인시에 위치한 독립서점 관련 장소 [호롱불책방] (서점>독립서점). 전화: 정보없음,https://www.instagram.com/horongbul_books,single:0.95;couple:0.4;family:0.3;서점>독립서점;독립서점,2026-08-23 19:43:15,bookstore:1.0;quiet:1.0;indoor:1.0,2,70,📚 혼자만의 시간을 보내기 좋은 조용한 독서 공간
네이버 지역검색 API | 경기 용인시,독립서점,리드엑스,상시,성인 (개인 방문 적합),"경기도 용인시 기흥구 덕영대로 1698 101호 리드엑스 | 좌표:1270765982,372469804",장소 문의 (전화/홈페이지 참조),"경기 용인시에 위치한 북카페 관련 장소 [리드엑스] (음식점>카페,디저트). 전화: 정보없음",https://www.instagram.com/Readxcafe?igsh=MXh6Y29mNjU4ZXI4eQ%3D%3D,"single:0.85;couple:0.4;family:0.3;음식점>카페,디저트;북카페",2026-08-23 19:43:15,bookstore:0.8;quiet:0.9;indoor:1.0,2,70,📚 혼자만의 시간을 보내기 좋은 조용한 독서 공간
네이버 지역검색 API | 경기 용인시,독립서점,카페888,상시,성인 (개인 방문 적합),"경기도 용인시 처인구 이동읍 경기동로 888 | 좌표:1272076621,371247086",장소 문의 (전화/홈페이지 참조),"경기 용인시에 위치한 북카페 관련 장소 [카페888] (카페,디저트>카페). 전화: 정보없음",https://map.naver.com/v5/search/%EC%B9%B4%ED%8E%98888,"single:0.85;couple:0.4;family:0.3;카페,디저트>카페;북카페",2026-08-23 19:43:15,bookstore:0.8;quiet:0.9;indoor:1.0,2,70,📚 혼자만의 시간을 보내기 좋은 조용한 독서 공간
네이버 지역검색 API | 경기 용인시,독립서점,북카페 꿈꾸는 정원,상시,성인 (개인 방문 적합),"경기도 용인시 기흥구 언동로125번길 16-9 102호 | 좌표:1271419382,372844664",장소 문의 (전화/홈페이지 참조),"경기 용인시에 위치한 북카페 관련 장소 [북카페 꿈꾸는 정원] (음식점>카페,디저트). 전화: 정보없음",https://blog.naver.com/hidorcas,"single:0.85;couple:0.4;family:0.3;음식점>카페,디저트;북카페",2026-08-23 19:43:15,bookstore:0.8;quiet:0.9;indoor:1.0,2,70,📚 혼자만의 시간을 보내기 좋은 조용한 독서 공간
네이버 지역검색 API | 경기 용인시,독립서점,에코의서재,상시,성인 (개인 방문 적합),"경기도 용인시 기흥구 죽전로15번길 11-3 | 좌표:1271100115,373215068",장소 문의 (전화/홈페이지 참조),"경기 용인시에 위치한 북카페 관련 장소 [에코의서재] (카페,디저트>북카페). 전화: 정보없음",http://www.caffeeco.co.kr/,"single:0.85;couple:0.4;family:0.3;카페,디저트>북카페;북카페",2026-08-23 19:43:15,bookstore:0.8;quiet:0.9;indoor:1.0,2,70,📚 혼자만의 시간을 보내기 좋은 조용한 독서 공간
네이버 지역검색 API | 경기 용인시,독립서점,동명서헌 북카페 거실,상시,성인 (개인 방문 적합),"경기도 용인시 처인구 백암면 박곡로224번길 9 1층 | 좌표:1273989655,371752646",장소 문의 (전화/홈페이지 참조),"경기 용인시에 위치한 북카페 관련 장소 [동명서헌 북카페 거실] (카페,디저트>북카페). 전화: 정보없음",https://www.instagram.com/bookcafe_103?igsh=MTFybmlic2NzcXoxNQ%3D%3D&utm_source=qr,"single:0.85;couple:0.4;family:0.3;카페,디저트>북카페;북카페",2026-08-23 19:43:15,bookstore:0.8;quiet:0.9;indoor:1.0,2,70,📚 혼자만의 시간을 보내기 좋은 조용한 독서 공간
네이버 지역검색 API | 경기 용인시,조용한 힐링,랭스터디카페 강남대점,상시,성인 (개인 방문 적합),"경기도 용인시 기흥구 중부대로 583 네오플로스 1층 | 좌표:1271273666,372700751",장소 문의 (전화/홈페이지 참조),"경기 용인시에 위치한 스터디카페 관련 장소 [랭스터디카페 강남대점] (서비스,산업>장소대여). 전화: 정보없음",https://map.naver.com/v5/search/%EB%9E%AD%EC%8A%A4%ED%84%B0%EB%94%94%EC%B9%B4%ED%8E%98%20%EA%B0%95%EB%82%A8%EB%8C%80%EC%A0%90,"single:0.9;couple:0.4;family:0.3;서비스,산업>장소대여;스터디카페",2026-08-23 19:43:15,healing:0.7;quiet:1.0;solo:1.0,2,70,🌿 혼자 사색하며 힐링하기 좋은 장소
네이버 지역검색 API | 경기 용인시,조용한 힐링,디딤스터디카페 워크라운지 기흥구청점,상시,성인 (개인 방문 적합),"경기도 용인시 기흥구 구갈로60번길 1 3층 | 좌표:1271115354,372798505",장소 문의 (전화/홈페이지 참조),"경기 용인시에 위치한 스터디카페 관련 장소 [디딤스터디카페 워크라운지 기흥구청점] (카페,디저트>스터디카페). 전화: 정보없음",https://map.naver.com/v5/search/%EB%94%94%EB%94%A4%EC%8A%A4%ED%84%B0%EB%94%94%EC%B9%B4%ED%8E%98%20%EC%9B%8C%ED%81%AC%EB%9D%BC%EC%9A%B4%EC%A7%80%20%EA%B8%B0%ED%9D%A5%EA%B5%AC%EC%B2%AD%EC%A0%90,"single:0.9;couple:0.4;family:0.3;카페,디저트>스터디카페;스터디카페",2026-08-23 19:43:15,healing:0.7;quiet:1.0;solo:1.0,2,70,🌿 혼자 사색하며 힐링하기 좋은 장소
네이버 지역검색 API | 경기 용인시,조용한 힐링,디딤스터디카페 워크라운지 수지동천점,상시,성인 (개인 방문 적합),"경기도 용인시 수지구 수풍로 107 2층 | 좌표:1270931756,373332750",장소 문의 (전화/홈페이지 참조),"경기 용인시에 위치한 스터디카페 관련 장소 [디딤스터디카페 워크라운지 수지동천점] (카페,디저트>스터디카페). 전화: 정보없음",https://map.naver.com/v5/search/%EB%94%94%EB%94%A4%EC%8A%A4%ED%84%B0%EB%94%94%EC%B9%B4%ED%8E%98%20%EC%9B%8C%ED%81%AC%EB%9D%BC%EC%9A%B4%EC%A7%80%20%EC%88%98%EC%A7%80%EB%8F%99%EC%B2%9C%EC%A0%90,"single:0.9;couple:0.4;family:0.3;카페,디저트>스터디카페;스터디카페",2026-08-23 19:43:15,healing:0.7;quiet:1.0;solo:1.0,2,70,🌿 혼자 사색하며 힐링하기 좋은 장소
네이버 지역검색 API | 경기 용인시,조용한 힐링,앤딩스터디카페용인동백역점,상시,성인 (개인 방문 적합),"경기도 용인시 기흥구 동백중앙로 175 우함빌딩 5층 505호 | 좌표:1271541845,372699793",장소 문의 (전화/홈페이지 참조),"경기 용인시에 위치한 스터디카페 관련 장소 [앤딩스터디카페용인동백역점] (서비스,산업>장소대여). 전화: 정보없음",https://blog.naver.com/anding_gyd,"single:0.9;couple:0.4;family:0.3;서비스,산업>장소대여;스터디카페",2026-08-23 19:43:15,healing:0.7;quiet:1.0;solo:1.0,2,70,🌿 혼자 사색하며 힐링하기 좋은 장소
네이버 지역검색 API | 경기 용인시,조용한 힐링,토즈스터디카페 용인보라센터,상시,성인 (개인 방문 적합),"경기도 용인시 기흥구 한보라1로64번길 2 보라센타프라자 4층 401호 | 좌표:1271072197,372502371",장소 문의 (전화/홈페이지 참조),"경기 용인시에 위치한 스터디카페 관련 장소 [토즈스터디카페 용인보라센터] (임대,대여>장소대여). 전화: 정보없음",https://www.instagram.com/toz_boracenter_,"single:0.9;couple:0.4;family:0.3;임대,대여>장소대여;스터디카페",2026-08-23 19:43:15,healing:0.7;quiet:1.0;solo:1.0,2,70,🌿 혼자 사색하며 힐링하기 좋은 장소
네이버 지역검색 API | 경기 용인시,조용한 힐링,H요가 기흥점,상시,성인 (개인 방문 적합),"경기도 용인시 기흥구 구갈로60번길 5 5층 | 좌표:1271118185,372800517",장소 문의 (전화/홈페이지 참조),경기 용인시에 위치한 요가원 관련 장소 [H요가 기흥점] (스포츠시설>요가원). 전화: 정보없음,https://pf.kakao.com/_UVxiPxl,single:0.8;couple:0.4;family:0.3;스포츠시설>요가원;요가원,2026-08-23 19:43:15,healing:1.0;quiet:0.8;solo:0.9,2,70,🌿 혼자 사색하며 힐링하기 좋은 장소
네이버 지역검색 API | 경기 용인시,조용한 힐링,H요가 수지점,상시,성인 (개인 방문 적합),"경기도 용인시 수지구 풍덕천로 122 | 좌표:1270955422,373224846",장소 문의 (전화/홈페이지 참조),경기 용인시에 위치한 요가원 관련 장소 [H요가 수지점] (스포츠시설>요가원). 전화: 정보없음,http://pf.kakao.com/_xfxixcYxj,single:0.8;couple:0.4;family:0.3;스포츠시설>요가원;요가원,2026-08-23 19:43:15,healing:1.0;quiet:0.8;solo:0.9,2,70,🌿 혼자 사색하며 힐링하기 좋은 장소
네이버 지역검색 API | 경기 용인시,조용한 힐링,푸르샤요가,상시,성인 (개인 방문 적합),"경기도 용인시 기흥구 한보라1로10번길 6-3 3층 1호 | 좌표:1271089871,372538720",장소 문의 (전화/홈페이지 참조),경기 용인시에 위치한 요가원 관련 장소 [푸르샤요가] (스포츠시설>요가원). 전화: 정보없음,https://blog.naver.com/wntnr74,single:0.8;couple:0.4;family:0.3;스포츠시설>요가원;요가원,2026-08-23 19:43:15,healing:1.0;quiet:0.8;solo:0.9,2,70,🌿 혼자 사색하며 힐링하기 좋은 장소
네이버 지역검색 API | 경기 용인시,조용한 힐링,요가해보리 성복점,상시,성인 (개인 방문 적합),"경기도 용인시 수지구 성복2로 108-2 1층 128~129호 | 좌표:1270746422,373158106",장소 문의 (전화/홈페이지 참조),경기 용인시에 위치한 요가원 관련 장소 [요가해보리 성복점] (스포츠시설>요가원). 전화: 정보없음,https://blog.naver.com/yogahaebori,single:0.8;couple:0.4;family:0.3;스포츠시설>요가원;요가원,2026-08-23 19:43:15,healing:1.0;quiet:0.8;solo:0.9,2,70,🌿 혼자 사색하며 힐링하기 좋은 장소
네이버 지역검색 API | 경기 용인시,조용한 힐링,서천요가원,상시,성인 (개인 방문 적합),"경기도 용인시 기흥구 서천서로12번길 4-19 101호 | 좌표:1270747062,372405341",장소 문의 (전화/홈페이지 참조),경기 용인시에 위치한 요가원 관련 장소 [서천요가원] (스포츠시설>요가원). 전화: 정보없음,https://www.instagram.com/seocheon_yoga,single:0.8;couple:0.4;family:0.3;스포츠시설>요가원;요가원,2026-08-23 19:43:15,healing:1.0;quiet:0.8;solo:0.9,2,70,🌿 혼자 사색하며 힐링하기 좋은 장소
네이버 지역검색 API | 경기 용인시,조용한 힐링,마음수련 명상센터 수지점,상시,성인 (개인 방문 적합),"경기도 용인시 수지구 성복2로76번길 26-3 드림타워 408호 | 좌표:1270806965,373153657",장소 문의 (전화/홈페이지 참조),"경기 용인시에 위치한 명상센터 관련 장소 [마음수련 명상센터 수지점] (스포츠,레크레이션교육>요가,명상). 전화: 정보없음",http://trueselfclass.com/,"single:0.85;couple:0.4;family:0.3;스포츠,레크레이션교육>요가,명상;명상센터",2026-08-23 19:43:15,healing:1.0;quiet:1.0;solo:1.0,2,70,🌿 혼자 사색하며 힐링하기 좋은 장소
네이버 지역검색 API | 경기 용인시,조용한 힐링,마음수련 명상센터 동백점,상시,성인 (개인 방문 적합),"경기도 용인시 기흥구 동백5로 22 쥬네브문월드 249호 | 좌표:1271515240,372758534",장소 문의 (전화/홈페이지 참조),"경기 용인시에 위치한 명상센터 관련 장소 [마음수련 명상센터 동백점] (스포츠,레크레이션교육>요가,명상). 전화: 정보없음",https://trueselfclass.com/,"single:0.85;couple:0.4;family:0.3;스포츠,레크레이션교육>요가,명상;명상센터",2026-08-23 19:43:15,healing:1.0;quiet:1.0;solo:1.0,2,70,🌿 혼자 사색하며 힐링하기 좋은 장소
네이버 지역검색 API | 경기 용인시,조용한 힐링,몸마인드 요가센터,상시,성인 (개인 방문 적합),"경기도 용인시 기흥구 평촌3로 14 1층 몸마인드센터 | 좌표:1271528169,372806787",장소 문의 (전화/홈페이지 참조),"경기 용인시에 위치한 명상센터 관련 장소 [몸마인드 요가센터] (스포츠,레크레이션교육>요가,명상). 전화: 정보없음",https://blog.naver.com/mohmindxglia,"single:0.85;couple:0.4;family:0.3;스포츠,레크레이션교육>요가,명상;명상센터",2026-08-23 19:43:15,healing:1.0;quiet:1.0;solo:1.0,2,70,🌿 혼자 사색하며 힐링하기 좋은 장소
네이버 지역검색 API | 경기 용인시,조용한 힐링,브레인트레이닝센터 수지점,상시,성인 (개인 방문 적합),"경기도 용인시 수지구 풍덕천로 127 수지프라자 703호 | 좌표:1270957651,373234009",장소 문의 (전화/홈페이지 참조),"경기 용인시에 위치한 명상센터 관련 장소 [브레인트레이닝센터 수지점] (스포츠,레크레이션교육>요가,명상). 전화: 정보없음",https://www.brain-training.co.kr/Default.aspx,"single:0.85;couple:0.4;family:0.3;스포츠,레크레이션교육>요가,명상;명상센터",2026-08-23 19:43:15,healing:1.0;quiet:1.0;solo:1.0,2,70,🌿 혼자 사색하며 힐링하기 좋은 장소
네이버 지역검색 API | 경기 용인시,조용한 힐링,하늘동그라미수련센터,상시,성인 (개인 방문 적합),"경기도 용인시 수지구 풍덕천로 191 덕윤프라자 301호 | 좌표:1271015429,373268381",장소 문의 (전화/홈페이지 참조),"경기 용인시에 위치한 명상센터 관련 장소 [하늘동그라미수련센터] (스포츠,레크레이션교육>요가,명상). 전화: 정보없음",https://blog.naver.com/thrma2939,"single:0.85;couple:0.4;family:0.3;스포츠,레크레이션교육>요가,명상;명상센터",2026-08-23 19:43:15,healing:1.0;quiet:1.0;solo:1.0,2,70,🌿 혼자 사색하며 힐링하기 좋은 장소
네이버 지역검색 API | 경기 용인시,역사·문화,고기가득고궁왕비빔밥,상시,성인 (개인 방문 적합),"경기도 용인시 기흥구 동백3로11번길 21 | 좌표:1271521318,372705207",장소 문의 (전화/홈페이지 참조),경기 용인시에 위치한 고궁 관련 장소 [고기가득고궁왕비빔밥] (한식>비빔밥). 전화: 정보없음,https://map.naver.com/v5/search/%EA%B3%A0%EA%B8%B0%EA%B0%80%EB%93%9D%EA%B3%A0%EA%B6%81%EC%99%95%EB%B9%84%EB%B9%94%EB%B0%A5,single:0.75;couple:0.4;family:0.3;한식>비빔밥;고궁,2026-08-23 19:43:15,culture:1.0;history:1.0;outdoor:0.6,2,70,🏯 깊이 있게 둘러보기 좋은 역사·문화 명소
네이버 지역검색 API | 경기 용인시,역사·문화,고기가득고궁왕비빔밥 역북점,상시,성인 (개인 방문 적합),"경기도 용인시 처인구 명지로 24 | 좌표:1271880223,372339720",장소 문의 (전화/홈페이지 참조),"경기 용인시에 위치한 고궁 관련 장소 [고기가득고궁왕비빔밥 역북점] (한식>육류,고기요리). 전화: 정보없음",https://map.naver.com/v5/search/%EA%B3%A0%EA%B8%B0%EA%B0%80%EB%93%9D%EA%B3%A0%EA%B6%81%EC%99%95%EB%B9%84%EB%B9%94%EB%B0%A5%20%EC%97%AD%EB%B6%81%EC%A0%90,"single:0.75;couple:0.4;family:0.3;한식>육류,고기요리;고궁",2026-08-23 19:43:15,culture:1.0;history:1.0;outdoor:0.6,2,70,🏯 깊이 있게 둘러보기 좋은 역사·문화 명소
네이버 지역검색 API | 경기 용인시,역사·문화,고궁건축,상시,성인 (개인 방문 적합),"경기도 평택시 서탄면 서탄로 286-9 | 좌표:1270342831,371089233",장소 문의 (전화/홈페이지 참조),경기 용인시에 위치한 고궁 관련 장소 [고궁건축] (건설업>전문건설업). 전화: 정보없음,https://map.naver.com/v5/search/%EA%B3%A0%EA%B6%81%EA%B1%B4%EC%B6%95,single:0.75;couple:0.4;family:0.3;건설업>전문건설업;고궁,2026-08-23 19:43:15,culture:1.0;history:1.0;outdoor:0.6,2,70,🏯 깊이 있게 둘러보기 좋은 역사·문화 명소
네이버 지역검색 API | 경기 용인시,역사·문화,고궁건축입구,상시,성인 (개인 방문 적합),"경기도 평택시 서탄면 금암리 | 좌표:1270345651,371090570",장소 문의 (전화/홈페이지 참조),경기 용인시에 위치한 고궁 관련 장소 [고궁건축입구] (도로시설>방면정보). 전화: 정보없음,https://map.naver.com/v5/search/%EA%B3%A0%EA%B6%81%EA%B1%B4%EC%B6%95%EC%9E%85%EA%B5%AC,single:0.75;couple:0.4;family:0.3;도로시설>방면정보;고궁,2026-08-23 19:43:15,culture:1.0;history:1.0;outdoor:0.6,2,70,🏯 깊이 있게 둘러보기 좋은 역사·문화 명소
네이버 지역검색 API | 경기 용인시,역사·문화,약천사,상시,성인 (개인 방문 적합),"경기도 용인시 처인구 양지읍 양지로63번길 9-18 약천사 | 좌표:1272738747,372341317",장소 문의 (전화/홈페이지 참조),"경기 용인시에 위치한 사찰 관련 장소 [약천사] (불교>절,사찰). 전화: 정보없음",http://www.yak1004.wo.to/,"single:0.7;couple:0.4;family:0.3;불교>절,사찰;사찰",2026-08-23 19:43:15,culture:1.0;history:0.9;outdoor:0.7,2,70,🏯 깊이 있게 둘러보기 좋은 역사·문화 명소
네이버 지역검색 API | 경기 용인시,역사·문화,동도사,상시,성인 (개인 방문 적합),"경기도 용인시 처인구 이동읍 어진로 842 | 좌표:1271982337,371080257",장소 문의 (전화/홈페이지 참조),"경기 용인시에 위치한 사찰 관련 장소 [동도사] (불교>절,사찰). 전화: 정보없음",https://map.naver.com/v5/search/%EB%8F%99%EB%8F%84%EC%82%AC,"single:0.7;couple:0.4;family:0.3;불교>절,사찰;사찰",2026-08-23 19:43:15,culture:1.0;history:0.9;outdoor:0.7,2,70,🏯 깊이 있게 둘러보기 좋은 역사·문화 명소
네이버 지역검색 API | 경기 용인시,역사·문화,대원사,상시,성인 (개인 방문 적합),"경기도 용인시 수지구 성복1로 211-5 | 좌표:1270598954,373211748",장소 문의 (전화/홈페이지 참조),"경기 용인시에 위치한 사찰 관련 장소 [대원사] (불교>절,사찰). 전화: 정보없음",https://map.naver.com/v5/search/%EB%8C%80%EC%9B%90%EC%82%AC,"single:0.7;couple:0.4;family:0.3;불교>절,사찰;사찰",2026-08-23 19:43:15,culture:1.0;history:0.9;outdoor:0.7,2,70,🏯 깊이 있게 둘러보기 좋은 역사·문화 명소
네이버 지역검색 API | 경기 용인시,역사·문화,대한불교조계종 화운사,상시,성인 (개인 방문 적합),"경기도 용인시 처인구 동백죽전대로 111-14 | 좌표:1271617374,372519500",장소 문의 (전화/홈페이지 참조),"경기 용인시에 위치한 사찰 관련 장소 [대한불교조계종 화운사] (불교>절,사찰). 전화: 정보없음",http://www.hwaunsa.kr/,"single:0.7;couple:0.4;family:0.3;불교>절,사찰;사찰",2026-08-23 19:43:15,culture:1.0;history:0.9;outdoor:0.7,2,70,🏯 깊이 있게 둘러보기 좋은 역사·문화 명소
네이버 지역검색 API | 경기 용인시,역사·문화,법륜사,상시,성인 (개인 방문 적합),"경기도 용인시 처인구 원삼면 농촌파크로 126 법륜사 | 좌표:1272984941,371696629",장소 문의 (전화/홈페이지 참조),"경기 용인시에 위치한 사찰 관련 장소 [법륜사] (불교>절,사찰). 전화: 정보없음",http://www.beomnyunsa.or.kr/,"single:0.7;couple:0.4;family:0.3;불교>절,사찰;사찰",2026-08-23 19:43:15,culture:1.0;history:0.9;outdoor:0.7,2,70,🏯 깊이 있게 둘러보기 좋은 역사·문화 명소
네이버 지역검색 API | 경기 용인시,자연·공원,둘레길보리밥&amp;막국수,상시,성인 (개인 방문 적합),"경기도 용인시 기흥구 한일로9번길 31 네비게이션::용인조정경기장 주차장 | 좌표:1271011432,372412657",장소 문의 (전화/홈페이지 참조),경기 용인시에 위치한 둘레길 관련 장소 [둘레길보리밥&amp;막국수] (한식>보리밥). 전화: 정보없음,http://0312862789.tshome.co.kr/,single:0.8;couple:0.4;family:0.3;한식>보리밥;둘레길,2026-08-23 19:43:15,nature:1.0;outdoor:1.0;walk:1.0,2,70,🌳 혼자 걷기 좋은 자연 친화 공간
네이버 지역검색 API | 경기 용인시,자연·공원,경기옛길영남길6코스스탬프(내동연꽃마을),상시,성인 (개인 방문 적합),"경기도 용인시 처인구 원삼면 사암리 | 좌표:1273011545,371758552",장소 문의 (전화/홈페이지 참조),"경기 용인시에 위치한 둘레길 관련 장소 [경기옛길영남길6코스스탬프(내동연꽃마을)] (여행,명소>거리,골목). 전화: 정보없음",https://map.naver.com/v5/search/%EA%B2%BD%EA%B8%B0%EC%98%9B%EA%B8%B8%EC%98%81%EB%82%A8%EA%B8%B86%EC%BD%94%EC%8A%A4%EC%8A%A4%ED%83%AC%ED%94%84%28%EB%82%B4%EB%8F%99%EC%97%B0%EA%BD%83%EB%A7%88%EC%9D%84%29,"single:0.8;couple:0.4;family:0.3;여행,명소>거리,골목;둘레길",2026-08-23 19:43:15,nature:1.0;outdoor:1.0;walk:1.0,2,70,🌳 혼자 걷기 좋은 자연 친화 공간
네이버 지역검색 API | 경기 용인시,자연·공원,용담태교둘레길 주차장,상시,성인 (개인 방문 적합),"경기도 용인시 처인구 원삼면 사암리 | 좌표:1273094408,371927649",장소 문의 (전화/홈페이지 참조),"경기 용인시에 위치한 둘레길 관련 장소 [용담태교둘레길 주차장] (교통,운수>주차장). 전화: 정보없음",https://map.naver.com/v5/search/%EC%9A%A9%EB%8B%B4%ED%83%9C%EA%B5%90%EB%91%98%EB%A0%88%EA%B8%B8%20%EC%A3%BC%EC%B0%A8%EC%9E%A5,"single:0.8;couple:0.4;family:0.3;교통,운수>주차장;둘레길",2026-08-23 19:43:15,nature:1.0;outdoor:1.0;walk:1.0,2,70,🌳 혼자 걷기 좋은 자연 친화 공간
네이버 지역검색 API | 경기 용인시,자연·공원,경기옛길영남길5코스스탬프(용인중앙시장),상시,성인 (개인 방문 적합),"경기도 용인시 처인구 김량장동 | 좌표:1272081440,372375593",장소 문의 (전화/홈페이지 참조),"경기 용인시에 위치한 둘레길 관련 장소 [경기옛길영남길5코스스탬프(용인중앙시장)] (여행,명소>거리,골목). 전화: 정보없음",https://map.naver.com/v5/search/%EA%B2%BD%EA%B8%B0%EC%98%9B%EA%B8%B8%EC%98%81%EB%82%A8%EA%B8%B85%EC%BD%94%EC%8A%A4%EC%8A%A4%ED%83%AC%ED%94%84%28%EC%9A%A9%EC%9D%B8%EC%A4%91%EC%95%99%EC%8B%9C%EC%9E%A5%29,"single:0.8;couple:0.4;family:0.3;여행,명소>거리,골목;둘레길",2026-08-23 19:43:15,nature:1.0;outdoor:1.0;walk:1.0,2,70,🌳 혼자 걷기 좋은 자연 친화 공간
네이버 지역검색 API | 경기 용인시,자연·공원,경기옛길영남길3코스스탬프(민영환묘소),상시,성인 (개인 방문 적합),"경기도 용인시 기흥구 마북동 | 좌표:1271151367,372966346",장소 문의 (전화/홈페이지 참조),"경기 용인시에 위치한 둘레길 관련 장소 [경기옛길영남길3코스스탬프(민영환묘소)] (여행,명소>거리,골목). 전화: 정보없음",https://map.naver.com/v5/search/%EA%B2%BD%EA%B8%B0%EC%98%9B%EA%B8%B8%EC%98%81%EB%82%A8%EA%B8%B83%EC%BD%94%EC%8A%A4%EC%8A%A4%ED%83%AC%ED%94%84%28%EB%AF%BC%EC%98%81%ED%99%98%EB%AC%98%EC%86%8C%29,"single:0.8;couple:0.4;family:0.3;여행,명소>거리,골목;둘레길",2026-08-23 19:43:15,nature:1.0;outdoor:1.0;walk:1.0,2,70,🌳 혼자 걷기 좋은 자연 친화 공간
네이버 지역검색 API | 경기 용인시,자연·공원,동천자연식물원,상시,성인 (개인 방문 적합),"경기도 용인시 수지구 동천로 233 | 좌표:1270794348,373373987",장소 문의 (전화/홈페이지 참조),"경기 용인시에 위치한 수목원 관련 장소 [동천자연식물원] (여행,명소>식물원,수목원). 전화: 정보없음",http://naturesoop.co.kr,"single:0.75;couple:0.4;family:0.3;여행,명소>식물원,수목원;수목원",2026-08-23 19:43:15,nature:1.0;outdoor:1.0;walk:0.8,2,70,🌳 혼자 걷기 좋은 자연 친화 공간
네이버 지역검색 API | 경기 용인시,자연·공원,한택식물원,상시,성인 (개인 방문 적합),"경기도 용인시 처인구 백암면 한택로 2 한택식물원 | 좌표:1274074938,370945874",장소 문의 (전화/홈페이지 참조),"경기 용인시에 위치한 수목원 관련 장소 [한택식물원] (여행,명소>식물원,수목원). 전화: 정보없음",http://www.hantaek.co.kr,"single:0.75;couple:0.4;family:0.3;여행,명소>식물원,수목원;수목원",2026-08-23 19:43:15,nature:1.0;outdoor:1.0;walk:0.8,2,70,🌳 혼자 걷기 좋은 자연 친화 공간
네이버 지역검색 API | 경기 용인시,자연·공원,용인자작나무숲,상시,성인 (개인 방문 적합),"경기도 용인시 처인구 백암면 황새울로 231 용인자작나무숲 | 좌표:1273526071,371112795",장소 문의 (전화/홈페이지 참조),"경기 용인시에 위치한 수목원 관련 장소 [용인자작나무숲] (여행,명소>관람,체험). 전화: 정보없음",https://blog.naver.com/yijajak,"single:0.75;couple:0.4;family:0.3;여행,명소>관람,체험;수목원",2026-08-23 19:43:15,nature:1.0;outdoor:1.0;walk:0.8,2,70,🌳 혼자 걷기 좋은 자연 친화 공간
네이버 지역검색 API | 경기 용인시,자연·공원,용인수목원우림필유아파트,상시,성인 (개인 방문 적합),"경기도 용인시 처인구 포곡읍 백옥대로1898번길 34 | 좌표:1272381761,372948300",장소 문의 (전화/홈페이지 참조),경기 용인시에 위치한 수목원 관련 장소 [용인수목원우림필유아파트] (주택>아파트). 전화: 정보없음,https://map.naver.com/v5/search/%EC%9A%A9%EC%9D%B8%EC%88%98%EB%AA%A9%EC%9B%90%EC%9A%B0%EB%A6%BC%ED%95%84%EC%9C%A0%EC%95%84%ED%8C%8C%ED%8A%B8,single:0.75;couple:0.4;family:0.3;주택>아파트;수목원,2026-08-23 19:43:15,nature:1.0;outdoor:1.0;walk:0.8,2,70,🌳 혼자 걷기 좋은 자연 친화 공간
네이버 지역검색 API | 경기 용인시,자연·공원,돌꽃카페,상시,성인 (개인 방문 적합),"경기도 용인시 처인구 원삼면 이원로 1037-29 돌꽃카페 | 좌표:1272975197,371555964",장소 문의 (전화/홈페이지 참조),"경기 용인시에 위치한 수목원 관련 장소 [돌꽃카페] (음식점>카페,디저트). 전화: 정보없음",http://instagram.com/stoneflower_cafe,"single:0.75;couple:0.4;family:0.3;음식점>카페,디저트;수목원",2026-08-23 19:43:15,nature:1.0;outdoor:1.0;walk:0.8,2,70,🌳 혼자 걷기 좋은 자연 친화 공간
네이버 지역검색 API | 경기 파주시,독립서점,사적인서점,상시,성인 (개인 방문 적합),"경기도 파주시 돌곶이길 180-38 지층 | 좌표:1266918246,377140190",장소 문의 (전화/홈페이지 참조),경기 파주시에 위치한 독립서점 관련 장소 [사적인서점] (서점>독립서점). 전화: 정보없음,http://www.sajeokin-bookshop.com,single:0.95;couple:0.4;family:0.3;서점>독립서점;독립서점,2026-08-23 19:43:15,bookstore:1.0;quiet:1.0;indoor:1.0,2,70,📚 혼자만의 시간을 보내기 좋은 조용한 독서 공간
네이버 지역검색 API | 경기 파주시,독립서점,고정순책방,상시,성인 (개인 방문 적합),"경기도 파주시 탄현면 헤이리마을길 48-48 2층 | 좌표:1267002411,377872413",장소 문의 (전화/홈페이지 참조),경기 파주시에 위치한 독립서점 관련 장소 [고정순책방] (서점>독립서점). 전화: 정보없음,https://blog.naver.com/gojungsoon_bookshop,single:0.95;couple:0.4;family:0.3;서점>독립서점;독립서점,2026-08-23 19:43:15,bookstore:1.0;quiet:1.0;indoor:1.0,2,70,📚 혼자만의 시간을 보내기 좋은 조용한 독서 공간
네이버 지역검색 API | 경기 파주시,독립서점,책방아지트,상시,성인 (개인 방문 적합),"경기도 파주시 탄현면 방촌로 680 1층 | 좌표:1267186466,378047615",장소 문의 (전화/홈페이지 참조),경기 파주시에 위치한 독립서점 관련 장소 [책방아지트] (서점>독립서점). 전화: 정보없음,https://map.naver.com/v5/search/%EC%B1%85%EB%B0%A9%EC%95%84%EC%A7%80%ED%8A%B8,single:0.95;couple:0.4;family:0.3;서점>독립서점;독립서점,2026-08-23 19:43:15,bookstore:1.0;quiet:1.0;indoor:1.0,2,70,📚 혼자만의 시간을 보내기 좋은 조용한 독서 공간
네이버 지역검색 API | 경기 파주시,독립서점,지도,상시,성인 (개인 방문 적합),"경기도 파주시 회동길 445 2층 201호 | 좌표:1266941474,377203342",장소 문의 (전화/홈페이지 참조),경기 파주시에 위치한 독립서점 관련 장소 [지도] (서점>독립서점). 전화: 정보없음,https://www.instagram.com/jido.map,single:0.95;couple:0.4;family:0.3;서점>독립서점;독립서점,2026-08-23 19:43:15,bookstore:1.0;quiet:1.0;indoor:1.0,2,70,📚 혼자만의 시간을 보내기 좋은 조용한 독서 공간
네이버 지역검색 API | 경기 파주시,독립서점,그림이야기북스,상시,성인 (개인 방문 적합),"경기도 파주시 가람로 109 312등 1504호 | 좌표:1267602005,377378963",장소 문의 (전화/홈페이지 참조),경기 파주시에 위치한 독립서점 관련 장소 [그림이야기북스] (서점>독립서점). 전화: 정보없음,https://www.instagram.com/artstorybookstore,single:0.95;couple:0.4;family:0.3;서점>독립서점;독립서점,2026-08-23 19:43:15,bookstore:1.0;quiet:1.0;indoor:1.0,2,70,📚 혼자만의 시간을 보내기 좋은 조용한 독서 공간
네이버 지역검색 API | 경기 파주시,독립서점,밀크북,상시,성인 (개인 방문 적합),"경기도 파주시 회동길 121 1층 | 좌표:1266877728,377073030",장소 문의 (전화/홈페이지 참조),"경기 파주시에 위치한 북카페 관련 장소 [밀크북] (카페,디저트>북카페). 전화: 정보없음",http://imilkbook.com,"single:0.85;couple:0.4;family:0.3;카페,디저트>북카페;북카페",2026-08-23 19:43:15,bookstore:0.8;quiet:0.9;indoor:1.0,2,70,📚 혼자만의 시간을 보내기 좋은 조용한 독서 공간
네이버 지역검색 API | 경기 파주시,독립서점,리파크,상시,성인 (개인 방문 적합),"경기도 파주시 회동길 145 지지향 3관 1층 | 좌표:1266866421,377089886",장소 문의 (전화/홈페이지 참조),"경기 파주시에 위치한 북카페 관련 장소 [리파크] (음식점>카페,디저트). 전화: 정보없음",https://smartstore.naver.com/leeparkcoffee,"single:0.85;couple:0.4;family:0.3;음식점>카페,디저트;북카페",2026-08-23 19:43:15,bookstore:0.8;quiet:0.9;indoor:1.0,2,70,📚 혼자만의 시간을 보내기 좋은 조용한 독서 공간
네이버 지역검색 API | 경기 파주시,독립서점,문발리헌책방골목블루박스,상시,성인 (개인 방문 적합),"경기도 파주시 문발로 240-21 | 좌표:1266886987,377149600",장소 문의 (전화/홈페이지 참조),"경기 파주시에 위치한 북카페 관련 장소 [문발리헌책방골목블루박스] (카페,디저트>북카페). 전화: 정보없음",https://map.naver.com/v5/search/%EB%AC%B8%EB%B0%9C%EB%A6%AC%ED%97%8C%EC%B1%85%EB%B0%A9%EA%B3%A8%EB%AA%A9%EB%B8%94%EB%A3%A8%EB%B0%95%EC%8A%A4,"single:0.85;couple:0.4;family:0.3;카페,디저트>북카페;북카페",2026-08-23 19:43:15,bookstore:0.8;quiet:0.9;indoor:1.0,2,70,📚 혼자만의 시간을 보내기 좋은 조용한 독서 공간
네이버 지역검색 API | 경기 파주시,독립서점,페이지온커피,상시,성인 (개인 방문 적합),"경기도 파주시 광인사길 209 1층 | 좌표:1266876771,377167926",장소 문의 (전화/홈페이지 참조),"경기 파주시에 위치한 북카페 관련 장소 [페이지온커피] (음식점>카페,디저트). 전화: 정보없음",http://pf.kakao.com/_Sxkxfpn,"single:0.85;couple:0.4;family:0.3;음식점>카페,디저트;북카페",2026-08-23 19:43:15,bookstore:0.8;quiet:0.9;indoor:1.0,2,70,📚 혼자만의 시간을 보내기 좋은 조용한 독서 공간
네이버 지역검색 API | 경기 파주시,독립서점,아이스타일카페,상시,성인 (개인 방문 적합),"경기도 파주시 회동길 160 | 좌표:1266873625,377092020",장소 문의 (전화/홈페이지 참조),"경기 파주시에 위치한 북카페 관련 장소 [아이스타일카페] (카페,디저트>카페). 전화: 정보없음",https://map.naver.com/v5/search/%EC%95%84%EC%9D%B4%EC%8A%A4%ED%83%80%EC%9D%BC%EC%B9%B4%ED%8E%98,"single:0.85;couple:0.4;family:0.3;카페,디저트>카페;북카페",2026-08-23 19:43:15,bookstore:0.8;quiet:0.9;indoor:1.0,2,70,📚 혼자만의 시간을 보내기 좋은 조용한 독서 공간
네이버 지역검색 API | 경기 파주시,조용한 힐링,델루나스터디카페 파주운정점,상시,성인 (개인 방문 적합),"경기도 파주시 와석순환로 70 2층 203호 | 좌표:1267514955,377104630",장소 문의 (전화/홈페이지 참조),경기 파주시에 위치한 스터디카페 관련 장소 [델루나스터디카페 파주운정점] (스터디카페). 전화: 정보없음,https://map.naver.com/v5/search/%EB%8D%B8%EB%A3%A8%EB%82%98%EC%8A%A4%ED%84%B0%EB%94%94%EC%B9%B4%ED%8E%98%20%ED%8C%8C%EC%A3%BC%EC%9A%B4%EC%A0%95%EC%A0%90,single:0.9;couple:0.4;family:0.3;스터디카페;스터디카페,2026-08-23 19:43:15,healing:0.7;quiet:1.0;solo:1.0,2,70,🌿 혼자 사색하며 힐링하기 좋은 장소
네이버 지역검색 API | 경기 파주시,조용한 힐링,쑥먹은곰탱이 스터디카페,상시,성인 (개인 방문 적합),"경기도 파주시 심학산로423번길 7-33 파리바게트건물 3층 | 좌표:1267372308,377194266",장소 문의 (전화/홈페이지 참조),"경기 파주시에 위치한 스터디카페 관련 장소 [쑥먹은곰탱이 스터디카페] (서비스,산업>장소대여). 전화: 정보없음",https://youtu.be/yYisGA1I3lc?si=mHhBWF2B9ADHbzz_,"single:0.9;couple:0.4;family:0.3;서비스,산업>장소대여;스터디카페",2026-08-23 19:43:15,healing:0.7;quiet:1.0;solo:1.0,2,70,🌿 혼자 사색하며 힐링하기 좋은 장소
네이버 지역검색 API | 경기 파주시,조용한 힐링,르하임스터디카페 파주야당역점,상시,성인 (개인 방문 적합),"경기도 파주시 경의로 1090 삼융타워 703호 | 좌표:1267600616,377144742",장소 문의 (전화/홈페이지 참조),"경기 파주시에 위치한 스터디카페 관련 장소 [르하임스터디카페 파주야당역점] (서비스,산업>장소대여). 전화: 정보없음",https://lchayimstudycafe.com,"single:0.9;couple:0.4;family:0.3;서비스,산업>장소대여;스터디카페",2026-08-23 19:43:15,healing:0.7;quiet:1.0;solo:1.0,2,70,🌿 혼자 사색하며 힐링하기 좋은 장소
네이버 지역검색 API | 경기 파주시,조용한 힐링,카공족 파주동패점,상시,성인 (개인 방문 적합),"경기도 파주시 초롱꽃로 117-10 504호 | 좌표:1267173568,377128848",장소 문의 (전화/홈페이지 참조),"경기 파주시에 위치한 스터디카페 관련 장소 [카공족 파주동패점] (카페,디저트>스터디카페). 전화: 정보없음",http://pf.kakao.com/_ZxfYGX,"single:0.9;couple:0.4;family:0.3;카페,디저트>스터디카페;스터디카페",2026-08-23 19:43:15,healing:0.7;quiet:1.0;solo:1.0,2,70,🌿 혼자 사색하며 힐링하기 좋은 장소
네이버 지역검색 API | 경기 파주시,조용한 힐링,이루밍스터디카페 파주운정역점,상시,성인 (개인 방문 적합),"경기도 파주시 경의로 1204 월드타워 10차 1107호 | 좌표:1267614536,377249925",장소 문의 (전화/홈페이지 참조),경기 파주시에 위치한 스터디카페 관련 장소 [이루밍스터디카페 파주운정역점] (스터디카페). 전화: 정보없음,https://www.erooming.co.kr,single:0.9;couple:0.4;family:0.3;스터디카페;스터디카페,2026-08-23 19:43:15,healing:0.7;quiet:1.0;solo:1.0,2,70,🌿 혼자 사색하며 힐링하기 좋은 장소
네이버 지역검색 API | 경기 파주시,조용한 힐링,이본플라잉요가,상시,성인 (개인 방문 적합),"경기도 파주시 해올2길 8 10층 1001호 | 좌표:1267309540,377336371",장소 문의 (전화/홈페이지 참조),경기 파주시에 위치한 요가원 관련 장소 [이본플라잉요가] (스포츠시설>요가원). 전화: 정보없음,http://pf.kakao.com/_LMJYn/chat,single:0.8;couple:0.4;family:0.3;스포츠시설>요가원;요가원,2026-08-23 19:43:15,healing:1.0;quiet:0.8;solo:0.9,2,70,🌿 혼자 사색하며 힐링하기 좋은 장소
네이버 지역검색 API | 경기 파주시,조용한 힐링,지혜요가,상시,성인 (개인 방문 적합),"경기도 파주시 청암로17번길 47 2층 201호 | 좌표:1267348483,377288866",장소 문의 (전화/홈페이지 참조),경기 파주시에 위치한 요가원 관련 장소 [지혜요가] (스포츠시설>요가원). 전화: 정보없음,https://blog.naver.com/jh-yoga,single:0.8;couple:0.4;family:0.3;스포츠시설>요가원;요가원,2026-08-23 19:43:15,healing:1.0;quiet:0.8;solo:0.9,2,70,🌿 혼자 사색하며 힐링하기 좋은 장소
네이버 지역검색 API | 경기 파주시,조용한 힐링,목어깨 편한세상,상시,성인 (개인 방문 적합),"경기도 파주시 책향기로 830 207호 | 좌표:1267629058,377293297",장소 문의 (전화/홈페이지 참조),경기 파주시에 위치한 요가원 관련 장소 [목어깨 편한세상] (스포츠시설>요가원). 전화: 정보없음,https://blog.naver.com/lavi_ang,single:0.8;couple:0.4;family:0.3;스포츠시설>요가원;요가원,2026-08-23 19:43:15,healing:1.0;quiet:0.8;solo:0.9,2,70,🌿 혼자 사색하며 힐링하기 좋은 장소
네이버 지역검색 API | 경기 파주시,조용한 힐링,플라잉스토리,상시,성인 (개인 방문 적합),"경기도 파주시 심학산로 415 힐링플러스2 5층 | 좌표:1267378891,377184964",장소 문의 (전화/홈페이지 참조),경기 파주시에 위치한 요가원 관련 장소 [플라잉스토리] (스포츠시설>요가원). 전화: 정보없음,https://www.instagram.com/flyingmiha_paju,single:0.8;couple:0.4;family:0.3;스포츠시설>요가원;요가원,2026-08-23 19:43:15,healing:1.0;quiet:0.8;solo:0.9,2,70,🌿 혼자 사색하며 힐링하기 좋은 장소
네이버 지역검색 API | 경기 파주시,조용한 힐링,달팽이요가원,상시,성인 (개인 방문 적합),"경기도 파주시 청암로17번길 37 7층 702호 | 좌표:1267359621,377289948",장소 문의 (전화/홈페이지 참조),경기 파주시에 위치한 요가원 관련 장소 [달팽이요가원] (스포츠시설>요가원). 전화: 정보없음,https://www.instagram.com/dalpangee.yoga,single:0.8;couple:0.4;family:0.3;스포츠시설>요가원;요가원,2026-08-23 19:43:15,healing:1.0;quiet:0.8;solo:0.9,2,70,🌿 혼자 사색하며 힐링하기 좋은 장소
네이버 지역검색 API | 경기 파주시,조용한 힐링,마음수련 명상센터 운정점,상시,성인 (개인 방문 적합),"경기도 파주시 경의로 1114 에펠타워 6층 603호 | 좌표:1267603961,377166199",장소 문의 (전화/홈페이지 참조),"경기 파주시에 위치한 명상센터 관련 장소 [마음수련 명상센터 운정점] (스포츠,레크레이션교육>요가,명상). 전화: 정보없음",https://trueselfclass.com/,"single:0.85;couple:0.4;family:0.3;스포츠,레크레이션교육>요가,명상;명상센터",2026-08-23 19:43:15,healing:1.0;quiet:1.0;solo:1.0,2,70,🌿 혼자 사색하며 힐링하기 좋은 장소
네이버 지역검색 API | 경기 파주시,조용한 힐링,브레인트레이닝센터 파주명상치유점,상시,성인 (개인 방문 적합),"경기도 파주시 중앙로 303 4층 | 좌표:1267753483,377626410",장소 문의 (전화/홈페이지 참조),"경기 파주시에 위치한 명상센터 관련 장소 [브레인트레이닝센터 파주명상치유점] (스포츠,레크레이션교육>요가,명상). 전화: 정보없음",http://www.brain-training.co.kr,"single:0.85;couple:0.4;family:0.3;스포츠,레크레이션교육>요가,명상;명상센터",2026-08-23 19:43:15,healing:1.0;quiet:1.0;solo:1.0,2,70,🌿 혼자 사색하며 힐링하기 좋은 장소
네이버 지역검색 API | 경기 파주시,조용한 힐링,온가족미술심리상담센터,상시,성인 (개인 방문 적합),"경기도 파주시 탄현면 오색나비길 42-8 101호 | 좌표:1267046572,377775221",장소 문의 (전화/홈페이지 참조),"경기 파주시에 위치한 명상센터 관련 장소 [온가족미술심리상담센터] (건강,의료>심리상담). 전화: 정보없음",https://blog.naver.com/ongajok2023,"single:0.85;couple:0.4;family:0.3;건강,의료>심리상담;명상센터",2026-08-23 19:43:15,healing:1.0;quiet:1.0;solo:1.0,2,70,🌿 혼자 사색하며 힐링하기 좋은 장소
네이버 지역검색 API | 경기 파주시,조용한 힐링,천축사무문관,상시,성인 (개인 방문 적합),"서울특별시 도봉구 도봉산길 92 | 좌표:1270195277,376942896",장소 문의 (전화/홈페이지 참조),"경기 파주시에 위치한 명상센터 관련 장소 [천축사무문관] (불교>절,사찰). 전화: 정보없음",http://buddha71.cafe24.com/page_mRwO45,"single:0.85;couple:0.4;family:0.3;불교>절,사찰;명상센터",2026-08-23 19:43:15,healing:1.0;quiet:1.0;solo:1.0,2,70,🌿 혼자 사색하며 힐링하기 좋은 장소
네이버 지역검색 API | 경기 파주시,역사·문화,고궁전통찻집,상시,성인 (개인 방문 적합),"경기도 파주시 법원읍 애룡길 179-20 | 좌표:1268576669,378281798",장소 문의 (전화/홈페이지 참조),"경기 파주시에 위치한 고궁 관련 장소 [고궁전통찻집] (카페,디저트>차). 전화: 정보없음",https://map.naver.com/v5/search/%EA%B3%A0%EA%B6%81%EC%A0%84%ED%86%B5%EC%B0%BB%EC%A7%91,"single:0.75;couple:0.4;family:0.3;카페,디저트>차;고궁",2026-08-23 19:43:15,culture:1.0;history:1.0;outdoor:0.6,2,70,🏯 깊이 있게 둘러보기 좋은 역사·문화 명소
네이버 지역검색 API | 경기 파주시,역사·문화,커피 라빈트 프로방스점,상시,성인 (개인 방문 적합),"경기도 파주시 탄현면 새오리로 78 2층 | 좌표:1266855897,377911732",장소 문의 (전화/홈페이지 참조),"경기 파주시에 위치한 고궁 관련 장소 [커피 라빈트 프로방스점] (음식점>카페,디저트). 전화: 정보없음",https://map.naver.com/v5/search/%EC%BB%A4%ED%94%BC%20%EB%9D%BC%EB%B9%88%ED%8A%B8%20%ED%94%84%EB%A1%9C%EB%B0%A9%EC%8A%A4%EC%A0%90,"single:0.75;couple:0.4;family:0.3;음식점>카페,디저트;고궁",2026-08-23 19:43:15,culture:1.0;history:1.0;outdoor:0.6,2,70,🏯 깊이 있게 둘러보기 좋은 역사·문화 명소
네이버 지역검색 API | 경기 파주시,역사·문화,용암사,상시,성인 (개인 방문 적합),"경기도 파주시 광탄면 혜음로 742-28 | 좌표:1268651476,377536146",장소 문의 (전화/홈페이지 참조),"경기 파주시에 위치한 사찰 관련 장소 [용암사] (불교>절,사찰). 전화: 정보없음",https://map.naver.com/v5/search/%EC%9A%A9%EC%95%94%EC%82%AC,"single:0.7;couple:0.4;family:0.3;불교>절,사찰;사찰",2026-08-23 19:43:15,culture:1.0;history:0.9;outdoor:0.7,2,70,🏯 깊이 있게 둘러보기 좋은 역사·문화 명소
네이버 지역검색 API | 경기 파주시,역사·문화,검단사,상시,성인 (개인 방문 적합),"경기도 파주시 탄현면 필승로 292-33 검단사 | 좌표:1266861790,377692407",장소 문의 (전화/홈페이지 참조),"경기 파주시에 위치한 사찰 관련 장소 [검단사] (불교>절,사찰). 전화: 정보없음",https://map.naver.com/v5/search/%EA%B2%80%EB%8B%A8%EC%82%AC,"single:0.7;couple:0.4;family:0.3;불교>절,사찰;사찰",2026-08-23 19:43:15,culture:1.0;history:0.9;outdoor:0.7,2,70,🏯 깊이 있게 둘러보기 좋은 역사·문화 명소
네이버 지역검색 API | 경기 파주시,역사·문화,호국전진사,상시,성인 (개인 방문 적합),"경기도 파주시 광탄면 혜음로 1505 | 좌표:1268478775,378150986",장소 문의 (전화/홈페이지 참조),"경기 파주시에 위치한 사찰 관련 장소 [호국전진사] (불교>절,사찰). 전화: 정보없음",https://map.naver.com/v5/search/%ED%98%B8%EA%B5%AD%EC%A0%84%EC%A7%84%EC%82%AC,"single:0.7;couple:0.4;family:0.3;불교>절,사찰;사찰",2026-08-23 19:43:15,culture:1.0;history:0.9;outdoor:0.7,2,70,🏯 깊이 있게 둘러보기 좋은 역사·문화 명소
네이버 지역검색 API | 경기 파주시,자연·공원,심학산 아구찜,상시,성인 (개인 방문 적합),"경기도 파주시 교하로 595-8 1층 | 좌표:1267132743,377065794",장소 문의 (전화/홈페이지 참조),"경기 파주시에 위치한 둘레길 관련 장소 [심학산 아구찜] (한식>아귀찜,해물찜). 전화: 정보없음",https://map.naver.com/v5/search/%EC%8B%AC%ED%95%99%EC%82%B0%20%EC%95%84%EA%B5%AC%EC%B0%9C,"single:0.8;couple:0.4;family:0.3;한식>아귀찜,해물찜;둘레길",2026-08-23 19:43:15,nature:1.0;outdoor:1.0;walk:1.0,2,70,🌳 혼자 걷기 좋은 자연 친화 공간
네이버 지역검색 API | 경기 파주시,자연·공원,임진각평화누리,상시,성인 (개인 방문 적합),"경기도 파주시 문산읍 사목리 | 좌표:1267533055,378682758",장소 문의 (전화/홈페이지 참조),"경기 파주시에 위치한 둘레길 관련 장소 [임진각평화누리] (여행,명소>거리,골목). 전화: 정보없음",https://map.naver.com/v5/search/%EC%9E%84%EC%A7%84%EA%B0%81%ED%8F%89%ED%99%94%EB%88%84%EB%A6%AC,"single:0.8;couple:0.4;family:0.3;여행,명소>거리,골목;둘레길",2026-08-23 19:43:15,nature:1.0;outdoor:1.0;walk:1.0,2,70,🌳 혼자 걷기 좋은 자연 친화 공간
네이버 지역검색 API | 경기 파주시,자연·공원,심학산둘레길배수지입구주차장입구,상시,성인 (개인 방문 적합),"경기도 파주시 동패동 | 좌표:1267152246,377071139",장소 문의 (전화/홈페이지 참조),경기 파주시에 위치한 둘레길 관련 장소 [심학산둘레길배수지입구주차장입구] (도로시설>방면정보). 전화: 정보없음,https://map.naver.com/v5/search/%EC%8B%AC%ED%95%99%EC%82%B0%EB%91%98%EB%A0%88%EA%B8%B8%EB%B0%B0%EC%88%98%EC%A7%80%EC%9E%85%EA%B5%AC%EC%A3%BC%EC%B0%A8%EC%9E%A5%EC%9E%85%EA%B5%AC,single:0.8;couple:0.4;family:0.3;도로시설>방면정보;둘레길,2026-08-23 19:43:15,nature:1.0;outdoor:1.0;walk:1.0,2,70,🌳 혼자 걷기 좋은 자연 친화 공간
네이버 지역검색 API | 경기 파주시,자연·공원,둘레길카페,상시,성인 (개인 방문 적합),"경기도 파주시 파평면 장마루로 263 1층 | 좌표:1268375041,379452272",장소 문의 (전화/홈페이지 참조),"경기 파주시에 위치한 둘레길 관련 장소 [둘레길카페] (음식점>카페,디저트). 전화: 정보없음",https://www.instagram.com/dullegil_cafe,"single:0.8;couple:0.4;family:0.3;음식점>카페,디저트;둘레길",2026-08-23 19:43:15,nature:1.0;outdoor:1.0;walk:1.0,2,70,🌳 혼자 걷기 좋은 자연 친화 공간
네이버 지역검색 API | 경기 파주시,자연·공원,심학산둘레길,상시,성인 (개인 방문 적합),"경기도 파주시 산남동 산31 | 좌표:1267040541,377026844",장소 문의 (전화/홈페이지 참조),경기 파주시에 위치한 둘레길 관련 장소 [심학산둘레길] (지역명소>도보코스). 전화: 정보없음,https://map.naver.com/v5/search/%EC%8B%AC%ED%95%99%EC%82%B0%EB%91%98%EB%A0%88%EA%B8%B8,single:0.8;couple:0.4;family:0.3;지역명소>도보코스;둘레길,2026-08-23 19:43:15,nature:1.0;outdoor:1.0;walk:1.0,2,70,🌳 혼자 걷기 좋은 자연 친화 공간
네이버 지역검색 API | 경기 파주시,자연·공원,벽초지수목원,상시,성인 (개인 방문 적합),"경기도 파주시 광탄면 부흥로 242 | 좌표:1268754409,378005109",장소 문의 (전화/홈페이지 참조),"경기 파주시에 위치한 수목원 관련 장소 [벽초지수목원] (여행,명소>식물원,수목원). 전화: 정보없음",http://www.bcj.co.kr/,"single:0.75;couple:0.4;family:0.3;여행,명소>식물원,수목원;수목원",2026-08-23 19:43:15,nature:1.0;outdoor:1.0;walk:0.8,2,70,🌳 혼자 걷기 좋은 자연 친화 공간
네이버 지역검색 API | 경기 파주시,자연·공원,조인폴리아,상시,성인 (개인 방문 적합),"경기도 파주시 월롱면 황소바위길 304 | 좌표:1268013856,377795341",장소 문의 (전화/홈페이지 참조),"경기 파주시에 위치한 수목원 관련 장소 [조인폴리아] (여행,명소>식물원,수목원). 전화: 정보없음",https://blog.naver.com/join9488,"single:0.75;couple:0.4;family:0.3;여행,명소>식물원,수목원;수목원",2026-08-23 19:43:15,nature:1.0;outdoor:1.0;walk:0.8,2,70,🌳 혼자 걷기 좋은 자연 친화 공간
네이버 지역검색 API | 경기 파주시,자연·공원,율곡수목원,상시,성인 (개인 방문 적합),"경기도 파주시 파평면 장승배기로 392 | 좌표:1268227657,378983637",장소 문의 (전화/홈페이지 참조),"경기 파주시에 위치한 수목원 관련 장소 [율곡수목원] (여행,명소>식물원,수목원). 전화: 정보없음",https://map.naver.com/v5/search/%EC%9C%A8%EA%B3%A1%EC%88%98%EB%AA%A9%EC%9B%90,"single:0.75;couple:0.4;family:0.3;여행,명소>식물원,수목원;수목원",2026-08-23 19:43:15,nature:1.0;outdoor:1.0;walk:0.8,2,70,🌳 혼자 걷기 좋은 자연 친화 공간
네이버 지역검색 API | 경기 파주시,자연·공원,소울원,상시,성인 (개인 방문 적합),"경기도 파주시 탄현면 검산로 424-12 | 좌표:1267347834,378059316",장소 문의 (전화/홈페이지 참조),"경기 파주시에 위치한 수목원 관련 장소 [소울원] (여행,명소>식물원,수목원). 전화: 정보없음",http://www.soulone.co.kr/,"single:0.75;couple:0.4;family:0.3;여행,명소>식물원,수목원;수목원",2026-08-23 19:43:15,nature:1.0;outdoor:1.0;walk:0.8,2,70,🌳 혼자 걷기 좋은 자연 친화 공간
네이버 지역검색 API | 경기 파주시,자연·공원,숙성사돈 파주법원리 본점,상시,성인 (개인 방문 적합),"경기도 파주시 법원읍 술이홀로 888-2 | 좌표:1268740059,378501955",장소 문의 (전화/홈페이지 참조),"경기 파주시에 위치한 수목원 관련 장소 [숙성사돈 파주법원리 본점] (한식>육류,고기요리). 전화: 정보없음",https://youtube.com/@숙성사돈,"single:0.75;couple:0.4;family:0.3;한식>육류,고기요리;수목원",2026-08-23 19:43:15,nature:1.0;outdoor:1.0;walk:0.8,2,70,🌳 혼자 걷기 좋은 자연 친화 공간
