source_site,category,place_or_event_name,period,target_age,region,fee_info,description,booking_url,ai_tags,crawled_at,theme_tags,congestion_score,popularity_score,recommend_reason,theme_ids,theme_detail,origin,end_date,popularity_src,region_group
KOPIS 공연예술통합전산망 | 서양음악(클래식),서양음악(클래식),한이제 오보에 독주회,2026-10-02 ~ 2026-10-02,만 6세 이상,"서울 강북구 월계로 173 (번동) | 위도:37.6214312, 경도:127.0406246","전석 20,000원","[PROGRAM] Charles Koechlin (1867-1950) 14 Pièces pour Hautbois et Piano, Op. 179 No. 1, Andante con moto, quasi allegretto moderato No. 2, Allegretto, pas vite No. 3, Andante No. 4, Allegro, assez animé, gai, solide No. 5, Très doux, presque adagio Francis Poulenc (1899-1963) Sonata for Oboe and Pia…",https://www.sejongpac.or.kr/dfac/dfacPerformance/dfacPerformance/performTicket.do?performIdx=37617&menuNo=1200007,couple:1.0;date_spot:1.0;서양음악(클래식),2026-09-11 22:28:45,concert,,,🎵 감성 가득한 무대와 음악을 즐기며 특별한 추억을 선사하는 낭만 공연,concert,concert,kopis,2026-10-02,,capital
KOPIS 공연예술통합전산망 | 연극,연극,파편 [인천],2026-10-02 ~ 2026-10-03,만 11세 이상,"인천 남구 매소홀로 618 (문학동) | 위도:37.4374104, 경도:126.69273420000002","전석 1,000원",연극 · 문학시어터 (문학시어터) · 러닝타임 1시간 10분,http://playticket.co.kr/nav/detail.html?idx=4565,couple:1.0;date_spot:1.0;연극,2026-09-11 22:28:45,concert,,,🎵 감성 가득한 무대와 음악을 즐기며 특별한 추억을 선사하는 낭만 공연,concert,concert,kopis,2026-10-03,,capital
KOPIS 공연예술통합전산망 | 대중음악,대중음악,"일단 달려봅니다, 그리고 윤성혁과 급한 노새와 채무자들",2026-10-04 ~ 2026-10-04,전체 관람가,"서울 마포구 독막로8길 7 (합정동) | 위도:37.547514, 경도:126.918374","현장판매 35,000원, 사전예약 30,000원",대중음악 · 우무지 (우무지) · 러닝타임 2시간 20분,https://ticket.melon.com/performance/index.htm?prodId=213861,couple:1.0;date_spot:1.0;대중음악,2026-09-11 22:28:45,concert,,,🎵 감성 가득한 무대와 음악을 즐기며 특별한 추억을 선사하는 낭만 공연,concert,concert,kopis,2026-10-04,,capital
KOPIS 공연예술통합전산망 | 서양음악(클래식),서양음악(클래식),"온: 콘서트, 코르타도의 Dandelion Parade",2026-10-03 ~ 2026-10-03,만 7세 이상,"서울 송파구 송파대로37길 50 (석촌동) | 위도:37.5002447, 경도:127.1066645","전석 25,000원",서양음악(클래식) · 온쉼표 (온쉼표) · 러닝타임 1시간 10분,https://booking.naver.com/booking/12/bizes/1246855,couple:1.0;date_spot:1.0;서양음악(클래식),2026-09-11 22:28:45,concert,,,🎵 감성 가득한 무대와 음악을 즐기며 특별한 추억을 선사하는 낭만 공연,concert,concert,kopis,2026-10-03,,capital
KOPIS 공연예술통합전산망 | 대중음악,대중음악,JX TOUR CONCERT: CORE [인천],2026-10-09 ~ 2026-10-11,만 7세 이상,"인천 중구 공항문화로 127 (운서동) | 위도:37.4655301, 경도:126.3891177","VIP석 198,000원, R석 165,000원",대중음악 · 인스파이어 엔터테인먼트 리조트 (아레나) · 러닝타임 2시간 30분,http://ticket.interpark.com/Ticket/Goods/GoodsInfo.asp?GoodsCode=26012479,couple:1.0;date_spot:1.0;대중음악,2026-09-11 22:28:45,concert,,97.9,🎵 감성 가득한 무대와 음악을 즐기며 특별한 추억을 선사하는 낭만 공연,concert,concert,kopis,2026-10-11,kopis_boxoffice,capital
KOPIS 공연예술통합전산망 | 대중음악,대중음악,인생은 오디션 TOP 5 콘서트 [서울],2026-10-09 ~ 2026-10-10,만 7세 이상,"서울 종로구 동숭길 100 | 위도:37.5820171, 경도:127.00353629999995","R석 121,000원, S석 110,000원",대중음악 · NOL 씨어터 대학로 (구. 대학로뮤지컬센터) (우리카드홀 ) · 러닝타임 2시간,http://ticket.interpark.com/Ticket/Goods/GoodsInfo.asp?GoodsCode=26013199,couple:1.0;date_spot:1.0;대중음악,2026-09-11 22:28:45,concert,,,🎵 감성 가득한 무대와 음악을 즐기며 특별한 추억을 선사하는 낭만 공연,concert,concert,kopis,2026-10-10,,capital
KOPIS 공연예술통합전산망 | 서양음악(클래식),서양음악(클래식),"앳모스피어 뮤직 시리즈, AUTUMN LIGHT",2026-10-10 ~ 2026-10-10,전체 관람가,"경기 남양주시 수동면 축령산로165번길 44 | 위도:37.754607, 경도:127.313159","전석 70,000원",서양음악(클래식) · 앳모스피어 뮤직홀 (앳모스피어 뮤직홀) · 러닝타임 1시간 10분,https://booking.naver.com/booking/12/bizes/1443938,couple:1.0;date_spot:1.0;서양음악(클래식),2026-09-11 22:28:45,concert,,,🎵 감성 가득한 무대와 음악을 즐기며 특별한 추억을 선사하는 낭만 공연,concert,concert,kopis,2026-10-10,,capital
KOPIS 공연예술통합전산망 | 연극,연극,탠덤,2026-10-01 ~ 2026-10-11,만 14세 이상,"서울 성북구 성북로5길 9-3 (성북동1가) | 위도:37.5889086, 경도:127.00463660000003","전석 39,000원",연극 · 여행자극장 (여행자극장) · 러닝타임 1시간 30분,http://ticket.interpark.com/Ticket/Goods/GoodsInfo.asp?GoodsCode=26012896,couple:1.0;date_spot:1.0;연극,2026-09-11 22:28:45,concert,,,🎵 감성 가득한 무대와 음악을 즐기며 특별한 추억을 선사하는 낭만 공연,concert,concert,kopis,2026-10-11,,capital
KOPIS 공연예술통합전산망 | 대중음악,대중음악,"먼데이프로젝트 시즌9, 우예린 단독 콘서트: 화음 (花音) Ⅱ",2026-10-01 ~ 2026-10-01,전체 관람가,"서울 마포구 잔다리로 46 (서교동) | 위도:37.5524309, 경도:126.9188172","전석 66,000원",대중음악 · Vel.R 벨르 (구. 벨로주 [홍대]) (Vel.R 벨르 (구. 벨로주 [홍대])) · 러닝타임 1시간 30분,https://ticket.melon.com/performance/index.htm?prodId=213842,couple:1.0;date_spot:1.0;대중음악,2026-09-11 22:28:45,concert,,,🎵 감성 가득한 무대와 음악을 즐기며 특별한 추억을 선사하는 낭만 공연,concert,concert,kopis,2026-10-01,,capital
KOPIS 공연예술통합전산망 | 대중음악,대중음악,OPCD STAGE: Universe (오피시디 스테이지),2026-10-10 ~ 2026-10-10,만 5세 이상,"서울 도봉구 마들로11길 77 (창동) | 위도:37.6532085, 경도:127.0476838","전석 10,000원",대중음악 · 창동역 (동측 공영주차장) · 러닝타임 8시간,https://ticket.melon.com/performance/index.htm?prodId=213860,couple:1.0;date_spot:1.0;대중음악,2026-09-11 22:28:45,concert,,,🎵 감성 가득한 무대와 음악을 즐기며 특별한 추억을 선사하는 낭만 공연,concert,concert,kopis,2026-10-10,,capital
KOPIS 공연예술통합전산망 | 무용(서양/한국무용),무용(서양/한국무용),"M극장 X 여니스트 컴퍼니 공동기획, META M: BEYOND HUMAN",2026-10-09 ~ 2026-10-10,만 7세 이상,"서울 강남구 논현로4길 36 (개포동) | 위도:37.4736304, 경도:127.05291920000002","전석 50,000원",무용(서양/한국무용) · M극장 (M극장) · 러닝타임 2시간,https://booking.naver.com/booking/12/bizes/1480651,couple:1.0;date_spot:1.0;무용(서양/한국무용),2026-09-11 22:28:45,concert,,,💑 연인과 함께 둘만의 소중한 주말 추억을 나누기 좋은 맞춤형 추천 장소,concert,concert,kopis,2026-10-10,,capital
KOPIS 공연예술통합전산망 | 대중음악,대중음악,JUNE 1ST CONCERT: DEAR MY BLUE,2026-10-09 ~ 2026-10-09,만 7세 이상,"서울 마포구 잔다리로 32(서교동) | 위도:37.5515788, 경도:126.9198284","전석 66,000원",대중음악 · 무신사 개러지 (구. 왓챠홀) (무신사 개러지 (구. 왓챠홀) ) · 러닝타임 1시간 30분,https://ticket.29cm.co.kr/catalog/4198818,couple:1.0;date_spot:1.0;대중음악,2026-09-11 22:28:45,concert,,,🎵 감성 가득한 무대와 음악을 즐기며 특별한 추억을 선사하는 낭만 공연,concert,concert,kopis,2026-10-09,,capital
KOPIS 공연예술통합전산망 | 연극,연극,아직 안 떠났소 [인천],2026-10-07 ~ 2026-10-10,만 9세 이상,"인천 서구 완정로 144 (마전동) | 위도:37.601085, 경도:126.660356",전석무료,연극 · 문화공간터틀 검단 (문화공간터틀 검단(4F)) · 러닝타임 1시간 20분,https://www.enticket.com:469/pfm/sub01_view.html?p_idx=4393,couple:1.0;date_spot:1.0;연극,2026-09-11 22:28:45,concert,,,🎵 감성 가득한 무대와 음악을 즐기며 특별한 추억을 선사하는 낭만 공연,concert,concert,kopis,2026-10-10,,capital
KOPIS 공연예술통합전산망 | 무용(서양/한국무용),무용(서양/한국무용),"제4회 PLOT STAGE, Nonfiction MUTE",2026-10-10 ~ 2026-10-11,만 12세 이상,"서울 서대문구 연세로4길 27(창천동) | 위도:37.5576008, 경도:126.9381984","전석 20,000원",무용(서양/한국무용) · 극장 PLOT (극장 PLOT) · 러닝타임 50분,https://www.tinyticket.net/event/EVAraznvwpk4,couple:1.0;date_spot:1.0;무용(서양/한국무용),2026-09-11 22:28:45,concert,,,💑 연인과 함께 둘만의 소중한 주말 추억을 나누기 좋은 맞춤형 추천 장소,concert,concert,kopis,2026-10-11,,capital
KOPIS 공연예술통합전산망 | 서양음악(클래식),서양음악(클래식),아리랑 코러스 서울 정기 연주회 [성남],2026-10-10 ~ 2026-10-10,만 7세 이상,"경기 성남시 분당구 성남대로 808 (야탑동) | 위도:37.4027309, 경도:127.13124349999998","R석 50,000원, S석 30,000원, A석 20,000원",서양음악(클래식) · 성남아트센터 (콘서트홀) · 러닝타임 1시간 30분,http://ticket.interpark.com/Ticket/Goods/GoodsInfo.asp?GoodsCode=26012998,couple:1.0;date_spot:1.0;서양음악(클래식),2026-09-11 22:28:45,concert,,,🎵 감성 가득한 무대와 음악을 즐기며 특별한 추억을 선사하는 낭만 공연,concert,concert,kopis,2026-10-10,,capital
KOPIS 공연예술통합전산망 | 연극,연극,"제6회 첫걸음 페스티벌, 클라우드 쿠쿠랜드",2026-10-10 ~ 2026-10-11,만 12세 이상,"서울 종로구 동숭길 74 (동숭동) | 위도:37.5815333, 경도:127.0043015","전석 30,000원",연극 · 소극장 플랫폼74 (소극장 플랫폼74) · 러닝타임 1시간,http://ticket.interpark.com/Ticket/Goods/GoodsInfo.asp?GoodsCode=26012909,couple:1.0;date_spot:1.0;연극,2026-09-11 22:28:45,concert,,,🎵 감성 가득한 무대와 음악을 즐기며 특별한 추억을 선사하는 낭만 공연,concert,concert,kopis,2026-10-11,,capital
KOPIS 공연예술통합전산망 | 뮤지컬,뮤지컬,시베리아에는 도착이 없다 [대학로],2026-10-01 ~ 2026-10-04,만 12세 이상,"서울 종로구 동숭길 78 (동숭동) 지하1층 | 위도:37.5817072, 경도:127.00428190000002","전석 20,000원",뮤지컬 · 코델아트홀 (코델아트홀) · 러닝타임 1시간 10분,http://playticket.co.kr/nav/detail.html?idx=4569,couple:1.0;date_spot:1.0;뮤지컬,2026-09-11 22:28:45,concert,,,🎵 감성 가득한 무대와 음악을 즐기며 특별한 추억을 선사하는 낭만 공연,concert,concert,kopis,2026-10-04,,capital
KOPIS 공연예술통합전산망 | 대중음악,대중음악,백식 (BAEKSIK) 단독 콘서트: BAEKSIK THE ARCHIVE Vol.Ⅰ Bar 110,2026-10-03 ~ 2026-10-03,만 12세 이상,"서울 마포구 양화로 100-10 (서교동) | 위도:37.5524844, 경도:126.91899269999999","전석 35,000원","대중음악 · 플렉스라운지 (구. 스테이라운지, 구. 인디팍) (플렉스라운지 (구. 스테이라운지, 구. 인디팍)) · 러닝타임 2시간",https://booking.naver.com/booking/5/bizes/1728045,couple:1.0;date_spot:1.0;대중음악,2026-09-11 22:28:45,concert,,,🎵 감성 가득한 무대와 음악을 즐기며 특별한 추억을 선사하는 낭만 공연,concert,concert,kopis,2026-10-03,,capital
KOPIS 공연예술통합전산망 | 대중음악,대중음악,희규 단독 콘서트: 도시 라디오,2026-10-10 ~ 2026-10-10,전체 관람가,"서울 마포구 창전로 14 (신정동) CJ아지트 | 위도:37.5442311, 경도:126.93044699999996","전석 66,000원",대중음악 · CJ아지트 광흥창 (CJ아지트 광흥창) · 러닝타임 1시간 30분,https://ticket.melon.com/performance/index.htm?prodId=213839,couple:1.0;date_spot:1.0;대중음악,2026-09-11 22:28:45,concert,,,🎵 감성 가득한 무대와 음악을 즐기며 특별한 추억을 선사하는 낭만 공연,concert,concert,kopis,2026-10-10,,capital
KOPIS 공연예술통합전산망 | 서양음악(클래식),서양음악(클래식),제92회 코리아나 챔버 뮤직 소사이어티 정기연주회,2026-10-11 ~ 2026-10-11,만 7세 이상,"서울 서초구 남부순환로 2406 (서초동) | 위도:37.4786896, 경도:127.01182410000001","R석 30,000원, S석 20,000원, A석 10,000원",서양음악(클래식) · 예술의전당 [서울] (리사이틀홀) · 러닝타임 1시간 30분,https://ticket.yes24.com/Perf/60104,couple:1.0;date_spot:1.0;서양음악(클래식),2026-09-11 22:28:45,concert,,,🎵 감성 가득한 무대와 음악을 즐기며 특별한 추억을 선사하는 낭만 공연,concert,concert,kopis,2026-10-11,,capital
KOPIS 공연예술통합전산망 | 연극,연극,너를 들고 간다 [대학로],2026-10-09 ~ 2027-01-03,만 11세 이상,"서울 종로구 혜화로 17 (명륜1가) | 위도:37.5871099, 경도:126.9997845","R석 66,000원, S석 55,000원",연극 · et theatre 1 (구. 눈빛극장) (et theatre 1 (구. 눈빛극장) ) · 러닝타임 1시간 30분,http://www.ticketlink.co.kr/product/65518,couple:1.0;date_spot:1.0;연극,2026-09-11 22:28:45,concert,,,🎵 감성 가득한 무대와 음악을 즐기며 특별한 추억을 선사하는 낭만 공연,concert,concert,kopis,2027-01-03,,capital
KOPIS 공연예술통합전산망 | 서양음악(클래식),서양음악(클래식),한희준 피아노 독주회,2026-10-08 ~ 2026-10-08,만 6세 이상,"서울 종로구 세종대로 175 (세종로) | 위도:37.5725254, 경도:126.97564290000003","전석 30,000원",서양음악(클래식) · 세종문화회관 (세종체임버홀) · 러닝타임 1시간 30분,https://www.sejongpac.or.kr/portal/performance/performance/performTicket.do?performIdx=37632&menuNo=200320,couple:1.0;date_spot:1.0;서양음악(클래식),2026-09-11 22:28:45,concert,,,🎵 감성 가득한 무대와 음악을 즐기며 특별한 추억을 선사하는 낭만 공연,concert,concert,kopis,2026-10-08,,capital
KOPIS 공연예술통합전산망 | 서양음악(클래식),서양음악(클래식),피아니스 현영경 반주 리사이틀: 시의 숨결,2026-10-08 ~ 2026-10-08,만 7세 이상,"서울 서초구 남부순환로 2406 (서초동) | 위도:37.4786896, 경도:127.01182410000001","전석 30,000원","[프로그램] R. Schumann (1810-1856) Liederkreis, Op. 39 (로베르트 슈만 연가곡집, 작품번호 39) Ⅰ. In der Fremde (타향에서) Ⅱ. Intermezzo (간주곡) Ⅲ. Waldesgespräch (숲속의 대화) Ⅳ. Die Stille (침묵) Ⅴ. Mondnacht (달밤) Ⅵ. Schöne Fremde (아름다운 타향) Ⅶ. Auf einer Burg (성 위에서) Ⅷ. In der Fremde (타향에서) Ⅸ. Wehmut (애수) Ⅹ. Zwielicht (황혼) Ⅺ. Im W…",http://ticket.interpark.com/Ticket/Goods/GoodsInfo.asp?GoodsCode=26013221,couple:1.0;date_spot:1.0;서양음악(클래식),2026-09-11 22:28:45,concert,,,🎵 감성 가득한 무대와 음악을 즐기며 특별한 추억을 선사하는 낭만 공연,concert,concert,kopis,2026-10-08,,capital
KOPIS 공연예술통합전산망 | 뮤지컬,뮤지컬,제14회 남양주시립소년소녀합창단 기획연주회: 귀농아 놀자,2026-10-03 ~ 2026-10-03,48개월 이상,"경기 남양주시 다산중앙로 7 (다산동) | 위도:37.6140062, 경도:127.1553452","1층석 3,000원, 2층석 1,000원",뮤지컬 · 다산아트홀 (다산아트홀) · 러닝타임 1시간 20분,https://ticket.nyj.go.kr:464/rsvp/rsv.html?p_idx=727,couple:1.0;date_spot:1.0;뮤지컬,2026-09-11 22:28:45,concert,,,🎵 감성 가득한 무대와 음악을 즐기며 특별한 추억을 선사하는 낭만 공연,concert,concert,kopis,2026-10-03,,capital
KOPIS 공연예술통합전산망 | 무용(서양/한국무용),무용(서양/한국무용),제29회 창작신인안무가전,2026-10-01 ~ 2026-10-01,만 7세 이상,"서울 광진구 능동로 76 (자양동) | 위도:37.53735289999999, 경도:127.07052479999993","전석 30,000원",무용(서양/한국무용) · 나루아트센터 (대공연장) · 러닝타임 1시간 30분,http://ticket.interpark.com/Ticket/Goods/GoodsInfo.asp?GoodsCode=26013108,couple:1.0;date_spot:1.0;무용(서양/한국무용),2026-09-11 22:28:45,concert,,,💑 연인과 함께 둘만의 소중한 주말 추억을 나누기 좋은 맞춤형 추천 장소,concert,concert,kopis,2026-10-01,,capital
KOPIS 공연예술통합전산망 | 대중음악,대중음악,강은철 & 자전거탄풍경 & 양하영의 가을 편지 [고양],2026-10-10 ~ 2026-10-10,만 7세 이상,"경기 고양시 덕양구 어울림로 33 (성사동) | 위도:37.6498532, 경도:126.83498459999998","VIP석 55,000원, R석 44,000원, S석 33,000원",대중음악 · 고양어울림누리 (어울림극장) · 러닝타임 2시간,http://www.artgy.or.kr/PF/PF0201V.aspx?showid=0000008435,couple:1.0;date_spot:1.0;대중음악,2026-09-11 22:28:45,concert,,,🎵 감성 가득한 무대와 음악을 즐기며 특별한 추억을 선사하는 낭만 공연,concert,concert,kopis,2026-10-10,,capital
KOPIS 공연예술통합전산망 | 뮤지컬,뮤지컬,"제1021회 목요예술무대, 여섯 번째 파장, 유리아",2026-10-01 ~ 2026-10-01,만 7세 이상,"서울 강남구 역삼로7길 16 (역삼동) | 위도:37.495188, 경도:127.03321630000005","전석 20,000원",뮤지컬 · 강남씨어터 (강남씨어터) · 러닝타임 1시간,http://ticket.interpark.com/Ticket/Goods/GoodsInfo.asp?GoodsCode=26012958,couple:1.0;date_spot:1.0;뮤지컬,2026-09-11 22:28:45,concert,,,🎵 감성 가득한 무대와 음악을 즐기며 특별한 추억을 선사하는 낭만 공연,concert,concert,kopis,2026-10-01,,capital
KOPIS 공연예술통합전산망 | 서양음악(클래식),서양음악(클래식),송휘석 & 이영주의 피아노 듀오 리사이틀,2026-10-06 ~ 2026-10-06,만 7세 이상,"서울 서초구 남부순환로 2406 (서초동) | 위도:37.4786896, 경도:127.01182410000001","전석 20,000원","[프로그램] Hungarian Dances no.1, 4, 5 J. Brahms Fantasy for Four Hands in f minor D. 940 F. Schubert Intermission Piano Suite for Two Pianos No.2 Op.17 3rd Mvt & 4th mvt. S. Rachmaninoff Piano Concerto No.2 in c minor Op.18 1st Mvt. S. Rachmaninoff",http://ticket.interpark.com/Ticket/Goods/GoodsInfo.asp?GoodsCode=26013039,couple:1.0;date_spot:1.0;서양음악(클래식),2026-09-11 22:28:45,concert,,,🎵 감성 가득한 무대와 음악을 즐기며 특별한 추억을 선사하는 낭만 공연,concert,concert,kopis,2026-10-06,,capital
KOPIS 공연예술통합전산망 | 서양음악(클래식),서양음악(클래식),이지훈과 함께하는 음악여행: 프랑스 & 독일 [파주],2026-10-08 ~ 2026-10-08,만 7세 이상,"경기 파주시 가람로116번길 170 (와동동) | 위도:37.7301182, 경도:126.76392050000004","전석 10,000원",서양음악(클래식) · 솔가람아트홀 (대공연장) · 러닝타임 1시간 10분,http://paju.moonhwain.kr/rsvc/rsv_pm.html?b_id=paju&p_idx=843,couple:1.0;date_spot:1.0;서양음악(클래식),2026-09-11 22:28:45,concert,,,🎵 감성 가득한 무대와 음악을 즐기며 특별한 추억을 선사하는 낭만 공연,concert,concert,kopis,2026-10-08,,capital
KOPIS 공연예술통합전산망 | 대중음악,대중음악,nib.archive 단독콘서트: Set Change,2026-10-09 ~ 2026-10-09,전체 관람가,"서울 마포구 어울마당로 35 (서교동) 지하 1층 | 위도:37.5484417, 경도:126.92010579999999","전석 66,000원",대중음악 · 롤링홀 (롤링홀) · 러닝타임 1시간 30분,https://ticket.melon.com/performance/index.htm?prodId=213837,couple:1.0;date_spot:1.0;대중음악,2026-09-11 22:28:45,concert,,,🎵 감성 가득한 무대와 음악을 즐기며 특별한 추억을 선사하는 낭만 공연,concert,concert,kopis,2026-10-09,,capital
KOPIS 공연예술통합전산망 | 연극,연극,타오르는 어둠 속에서 [대학로],2026-09-19 ~ 2026-10-04,만 12세 이상,"서울 종로구 대학로8가길 80(동숭동) | 위도:37.5824773, 경도:127.003268","전석 60,000원",연극 · 스튜디오 블루 (스튜디오 블루) · 러닝타임 1시간 40분,http://www.ticketlink.co.kr/product/65501,couple:1.0;date_spot:1.0;연극,2026-09-11 22:28:45,concert,,,🎵 감성 가득한 무대와 음악을 즐기며 특별한 추억을 선사하는 낭만 공연,concert,concert,kopis,2026-10-04,,capital
KOPIS 공연예술통합전산망 | 대중음악,대중음악,하나의별 VOL.1,2026-10-06 ~ 2026-10-06,전체 관람가,"서울 마포구 와우산로29길 16(서교동) | 위도:37.5550169, 경도:126.92902","전석 20,000원",대중음악 · 홍대우주정거장 (홍대우주정거장),https://booking.naver.com/booking/12/bizes/1716528,couple:1.0;date_spot:1.0;대중음악,2026-09-11 22:28:45,concert,,,🎵 감성 가득한 무대와 음악을 즐기며 특별한 추억을 선사하는 낭만 공연,concert,concert,kopis,2026-10-06,,capital
KOPIS 공연예술통합전산망 | 연극,연극,쌀알의 노래 [대학로],2026-10-02 ~ 2026-10-04,만 4세 이상,"서울 종로구 대학로12길 46 (동숭동) | 위도:37.582042, 경도:127.003731","전석 30,000원",연극 · 아르코 꿈밭극장 (아르코꿈밭극장) · 러닝타임 1시간 5분,http://ticket.interpark.com/Ticket/Goods/GoodsInfo.asp?GoodsCode=26012707,couple:1.0;date_spot:1.0;연극,2026-09-11 22:28:45,concert,,,🎵 감성 가득한 무대와 음악을 즐기며 특별한 추억을 선사하는 낭만 공연,concert,concert,kopis,2026-10-04,,capital
KOPIS 공연예술통합전산망 | 서양음악(클래식),서양음악(클래식),"김다원 작곡발표회: 음악 단편집: 외면, 당신은, 없습니다.",2026-10-01 ~ 2026-10-01,만 7세 이상,"서울 동대문구 회기로 66 (청량리동) | 위도:37.590963, 경도:127.044576",전석무료,서양음악(클래식) · KOCCA콘텐츠문화광장 (스테이지66) · 러닝타임 1시간,http://playticket.co.kr/nav/detail.html?idx=4563,couple:1.0;date_spot:1.0;서양음악(클래식),2026-09-11 22:28:45,concert,,,🎵 감성 가득한 무대와 음악을 즐기며 특별한 추억을 선사하는 낭만 공연,concert,concert,kopis,2026-10-01,,capital
KOPIS 공연예술통합전산망 | 연극,연극,배심원들,2026-10-01 ~ 2026-10-05,만 11세 이상,"서울 영등포구 선유동2로 56 (당산동5가, 유원제일2차아파트) | 위도:37.532918, 경도:126.8988554","전석 30,000원",연극 · 창작플랫폼 경험과 상상 (창작플랫폼 경험과 상상) · 러닝타임 1시간 40분,http://ticket.interpark.com/Ticket/Goods/GoodsInfo.asp?GoodsCode=26012991,couple:1.0;date_spot:1.0;연극,2026-09-11 22:28:45,concert,,,🎵 감성 가득한 무대와 음악을 즐기며 특별한 추억을 선사하는 낭만 공연,concert,concert,kopis,2026-10-05,,capital
KOPIS 공연예술통합전산망 | 대중음악,대중음악,All Family Music Festival (올패밀리 뮤직 페스티벌),2026-10-09 ~ 2026-10-10,전체 관람가,"경기 연천군 연천읍 현문로508번길 140 | 위도:38.064932, 경도:127.127183","전석 11,000원",대중음악 · 연천 재인폭포 오토캠핑장 (재인폭포 오토캠핑장) · 러닝타임 8시간,https://www.ticketlink.co.kr/product/65492,couple:1.0;date_spot:1.0;대중음악,2026-09-11 22:28:45,concert,,,🎵 감성 가득한 무대와 음악을 즐기며 특별한 추억을 선사하는 낭만 공연,concert,concert,kopis,2026-10-10,,capital
KOPIS 공연예술통합전산망 | 서양음악(클래식),서양음악(클래식),르아또 기획 연주회: 시음회 (詩音會) [인천],2026-10-10 ~ 2026-10-10,만 4세 이상,"인천 부평구 아트센터로 166 (십정동) | 위도:37.4819229, 경도:126.7049151",전석무료,서양음악(클래식) · 부평아트센터 (달누리극장) · 러닝타임 1시간 40분,https://www.enticket.com:469/pfm/sub01_view.html?p_idx=4388,couple:1.0;date_spot:1.0;서양음악(클래식),2026-09-11 22:28:45,concert,,,🎵 감성 가득한 무대와 음악을 즐기며 특별한 추억을 선사하는 낭만 공연,concert,concert,kopis,2026-10-10,,capital
KOPIS 공연예술통합전산망 | 대중음악,대중음악,PENTAGON 10th Anniversary Tour: 101010 [서울],2026-10-09 ~ 2026-10-10,만 8세 이상,"서울 용산구 이태원로 294 (한남동) | 위도:37.5408717, 경도:127.00244010000006","VIP석 187,000원, 일반석 143,000원",대중음악 · 블루스퀘어 (우리WON뱅킹홀(구. SOL트래블홀) ) · 러닝타임 1시간 40분,http://ticket.interpark.com/Ticket/Goods/GoodsInfo.asp?GoodsCode=26011526,couple:1.0;date_spot:1.0;대중음악,2026-09-11 22:28:45,concert,,79.2,🎵 감성 가득한 무대와 음악을 즐기며 특별한 추억을 선사하는 낭만 공연,concert,concert,kopis,2026-10-10,kopis_boxoffice,capital
KOPIS 공연예술통합전산망 | 서양음악(클래식),서양음악(클래식),제5회 앙상블 누보 정기연주회,2026-10-09 ~ 2026-10-09,만 6세 이상,"서울 종로구 세종대로 175 (세종로) | 위도:37.5725254, 경도:126.97564290000003","전석 20,000원",서양음악(클래식) · 세종문화회관 (세종체임버홀) · 러닝타임 1시간 30분,https://www.sejongpac.or.kr/portal/performance/performance/performTicket.do?performIdx=37616&menuNo=200320,couple:1.0;date_spot:1.0;서양음악(클래식),2026-09-11 22:28:45,concert,,,🎵 감성 가득한 무대와 음악을 즐기며 특별한 추억을 선사하는 낭만 공연,concert,concert,kopis,2026-10-09,,capital
KOPIS 공연예술통합전산망 | 대중음악,대중음악,홍경민 매달리스트 콘서트 SEASON3 (10월),2026-10-03 ~ 2026-10-03,만 7세 이상,"서울 마포구 와우산로29가길 15 (서교동) | 위도:37.5541887, 경도:126.928539","전석 77,000원",대중음악 · 구름아래소극장 (구름아래소극장) · 러닝타임 2시간 30분,http://ticket.interpark.com/Ticket/Goods/GoodsInfo.asp?GoodsCode=26013032,couple:1.0;date_spot:1.0;대중음악,2026-09-11 22:28:45,concert,,,🎵 감성 가득한 무대와 음악을 즐기며 특별한 추억을 선사하는 낭만 공연,concert,concert,kopis,2026-10-03,,capital
KOPIS 공연예술통합전산망 | 연극,연극,틈새 사이로 내리는 비 [대학로],2026-10-01 ~ 2026-10-04,만 12세 이상,"서울 종로구 대학로12길 63 (동숭동) | 위도:37.5812279, 경도:127.00391100000002","전석 40,000원",연극 · 소극장 혜화당 (구. 까망소극장) (소극장 혜화당 (구. 까망소극장) ) · 러닝타임 1시간 10분,https://www.2tm.co.kr/ticket/10726,couple:1.0;date_spot:1.0;연극,2026-09-11 22:28:45,concert,,,🎵 감성 가득한 무대와 음악을 즐기며 특별한 추억을 선사하는 낭만 공연,concert,concert,kopis,2026-10-04,,capital
KOPIS 공연예술통합전산망 | 연극,연극,굿모닝? 체홉: 그 많던 갈매기는 누가 다 죽였을까 [대학로],2026-10-09 ~ 2026-10-18,만 14세 이상,"서울 종로구 창경궁로35길 21 (혜화동) | 위도:37.5869515, 경도:127.00175280000008","전석 40,000원",연극 · 연우소극장 (연우소극장) · 러닝타임 1시간 20분,http://ticket.interpark.com/Ticket/Goods/GoodsInfo.asp?GoodsCode=26012949,couple:1.0;date_spot:1.0;연극,2026-09-11 22:28:45,concert,,,🎵 감성 가득한 무대와 음악을 즐기며 특별한 추억을 선사하는 낭만 공연,concert,concert,kopis,2026-10-18,,capital
KOPIS 공연예술통합전산망 | 연극,연극,이오카스테 [대학로],2026-10-01 ~ 2026-10-13,만 13세 이상,"서울 종로구 창경궁로 259 (명륜2가) | 위도:37.58451489999999, 경도:127.0000258","전석 40,000원",연극 · 다케이씨어터 (구. 창조소극장)  (다케이씨어터 (구. 창조소극장) ) · 러닝타임 1시간 30분,https://booking.naver.com/booking/12/bizes/1730021,couple:1.0;date_spot:1.0;연극,2026-09-11 22:28:45,concert,,,🎵 감성 가득한 무대와 음악을 즐기며 특별한 추억을 선사하는 낭만 공연,concert,concert,kopis,2026-10-13,,capital
KOPIS 공연예술통합전산망 | 연극,연극,"낭독3부작: 듣고, 쓰고, 읽다",2026-09-30 ~ 2026-10-04,만 13세 이상,"서울 성북구 동소문로 24 (동소문동2가) | 위도:37.589381, 경도:127.008781","R석 15,000원",연극 · 공간 서론 (공간 서론) · 러닝타임 2시간,http://ticket.interpark.com/Ticket/Goods/GoodsInfo.asp?GoodsCode=26012633,couple:1.0;date_spot:1.0;연극,2026-09-11 22:28:45,concert,,,🎵 감성 가득한 무대와 음악을 즐기며 특별한 추억을 선사하는 낭만 공연,concert,concert,kopis,2026-10-04,,capital
KOPIS 공연예술통합전산망 | 대중음악,대중음악,DEAD ROCK WORKING FEST. (데드락워킹페스트),2026-10-09 ~ 2026-10-09,전체 관람가,"서울 마포구 동교로22길 14 (서교동) | 위도:37.555114, 경도:126.918816","스탠딩 (예매가) 30,000원, 스탠딩 (현매가) 40,000원, 스탠딩 (예매 청소년) 15,000원",대중음악 · 아스트라홀 (아스트라홀) · 러닝타임 4시간,https://www.2tm.co.kr/ticket/10704,couple:1.0;date_spot:1.0;대중음악,2026-09-11 22:28:45,concert,,,🎵 감성 가득한 무대와 음악을 즐기며 특별한 추억을 선사하는 낭만 공연,concert,concert,kopis,2026-10-09,,capital
KOPIS 공연예술통합전산망 | 서양음악(클래식),서양음악(클래식),박성미 & 이미진 피아노 듀오 리사이틀: 교과서 속 클래식,2026-10-02 ~ 2026-10-02,만 7세 이상,"서울 서초구 남부순환로 2406 (서초동) | 위도:37.4786896, 경도:127.01182410000001","전석 30,000원",서양음악(클래식) · 예술의전당 [서울] (인춘아트홀) · 러닝타임 1시간 30분,http://ticket.interpark.com/Ticket/Goods/GoodsInfo.asp?GoodsCode=26012644,couple:1.0;date_spot:1.0;서양음악(클래식),2026-09-11 22:28:45,concert,,,🎵 감성 가득한 무대와 음악을 즐기며 특별한 추억을 선사하는 낭만 공연,concert,concert,kopis,2026-10-02,,capital
KOPIS 공연예술통합전산망 | 연극,연극,범인의 조건 [대학로],2026-10-01 ~ 2026-11-01,만 15세 이상,"서울 종로구 이화장1길 24 (이화동) | 위도:37.5773694, 경도:127.00575709999998","전석 50,000원",연극 · 북극곰소극장 (북극곰소극장) · 러닝타임 1시간 30분,http://ticket.interpark.com/Ticket/Goods/GoodsInfo.asp?GoodsCode=26012776,couple:1.0;date_spot:1.0;연극,2026-09-11 22:28:45,concert,,,🎵 감성 가득한 무대와 음악을 즐기며 특별한 추억을 선사하는 낭만 공연,concert,concert,kopis,2026-11-01,,capital
KOPIS 공연예술통합전산망 | 뮤지컬,뮤지컬,컴포터 [대학로],2026-09-22 ~ 2026-11-08,만 12세 이상,"서울 종로구 대학로8길 25 (동숭동) | 위도:37.5809157, 경도:127.00370029999999","전석 45,000원",뮤지컬 · 브릭스씨어터 (구. 콘텐츠 그라운드) (브릭스씨어터 (구. 콘텐츠 그라운드)) · 러닝타임 1시간 40분,http://www.ticketlink.co.kr/product/65448,couple:1.0;date_spot:1.0;뮤지컬,2026-09-11 22:28:45,concert,,,🎵 감성 가득한 무대와 음악을 즐기며 특별한 추억을 선사하는 낭만 공연,concert,concert,kopis,2026-11-08,,capital
KOPIS 공연예술통합전산망 | 연극,연극,"제4회 PLOT STAGE: 파도를 달리는, 빛으로 흐르는",2026-09-30 ~ 2026-10-01,전체 관람가,"서울 서대문구 연세로4길 27(창천동) | 위도:37.5576008, 경도:126.9381984","전석 30,000원",연극 · 극장 PLOT (극장 PLOT) · 러닝타임 1시간 40분,https://www.tinyticket.net/event/EVEikDA6I4y8,couple:1.0;date_spot:1.0;연극,2026-09-11 22:28:45,concert,,,🎵 감성 가득한 무대와 음악을 즐기며 특별한 추억을 선사하는 낭만 공연,concert,concert,kopis,2026-10-01,,capital
KOPIS 공연예술통합전산망 | 서양음악(클래식),서양음악(클래식),"이탈리아 Euregio Klassika 내한공연, 콘서트오페라: 라보엠",2026-10-10 ~ 2026-10-11,만 7세 이상,"서울 송파구 올림픽로 300 (신천동) 롯데월드몰 8층 롯데문화재단 | 위도:37.5130605, 경도:127.10349500000007","R석 160,000원, S석 130,000원, A석 100,000원, B석 70,000원, C석 40,000원, 시야방해R 112,000원, 시야방해S 91,000원, 시야방해A 70,000원",서양음악(클래식) · 롯데콘서트홀 (롯데콘서트홀) · 러닝타임 2시간,https://www.lotteconcerthall.com/product/performance/261195,couple:1.0;date_spot:1.0;서양음악(클래식),2026-09-11 22:28:45,concert,,,🎵 감성 가득한 무대와 음악을 즐기며 특별한 추억을 선사하는 낭만 공연,concert,concert,kopis,2026-10-11,,capital
KOPIS 공연예술통합전산망 | 한국음악(국악),한국음악(국악),이결의 대금정악 시리즈: 가즌회상,2026-10-01 ~ 2026-10-01,만 7세 이상,"서울 서초구 남부순환로 2364 (서초동) 국립국악원 | 위도:37.4786094, 경도:127.01130690000002","전석 20,000원",한국음악(국악) · 국립국악원 (풍류사랑방) · 러닝타임 1시간 20분,http://ticket.interpark.com/Ticket/Goods/GoodsInfo.asp?GoodsCode=26013027,couple:1.0;date_spot:1.0;한국음악(국악),2026-09-11 22:28:45,concert,,,🎵 감성 가득한 무대와 음악을 즐기며 특별한 추억을 선사하는 낭만 공연,concert,concert,kopis,2026-10-01,,capital
KOPIS 공연예술통합전산망 | 서양음악(클래식),서양음악(클래식),"음악공방 피오레움, 윤피아노 클래스 초청 연주회: 김지우",2026-10-03 ~ 2026-10-03,만 13세 이상,"서울 서초구 효령로52길 16 (서초동) | 위도:37.483599, 경도:127.012844","전석 30,000원","[공연소개] 음악을 편하게 혹은 재밌게 즐길 수 있는 '음악공방 피오레움' 이번에는 한국예술종합학교 윤홍천 교수님의 제자 '윤피아노 클래스' 초대석으로 돌아왔습니다. 한국예술종합학교에 재학중인 총 12인의 피아니스트가 오는 9월부터 12월까지 3달동안 바흐부터 현대음악까지 다채로운 음악들을 여러분들께 선보일 예정입니다. 그리고 그 세번째 연주회로 '피아니스트 김지우' 의 독주회가 예정 되었습니다. 일찍이 한국리스트콩쿠르, 틴에이저 피아노 콩쿠르, 음악세계콩쿠르, 음연콩쿠르 등 국내 주요 콩쿠르와 Chopin International…",https://booking.naver.com/booking/5/bizes/1610089,couple:1.0;date_spot:1.0;서양음악(클래식),2026-09-11 22:28:45,concert,,,🎵 감성 가득한 무대와 음악을 즐기며 특별한 추억을 선사하는 낭만 공연,concert,concert,kopis,2026-10-03,,capital
KOPIS 공연예술통합전산망 | 대중음악,대중음악,ASIA CULTURE TERMINAL vol.02: EMNW Live in Seoul,2026-10-02 ~ 2026-10-02,전체 관람가,"서울 마포구 와우산로21길 19-11 (서교동) | 위도:37.551855, 경도:126.922929","스탠딩 77,000원",대중음악 · 감마홀 [홍대]  (감마홀 [홍대] ) · 러닝타임 2시간,http://ticket.interpark.com/Ticket/Goods/GoodsInfo.asp?GoodsCode=26012832,couple:1.0;date_spot:1.0;대중음악,2026-09-11 22:28:45,concert,,,🎵 감성 가득한 무대와 음악을 즐기며 특별한 추억을 선사하는 낭만 공연,concert,concert,kopis,2026-10-02,,capital
KOPIS 공연예술통합전산망 | 서양음악(클래식),서양음악(클래식),"음악공방 피오레움, 윤피아노 클래스 초청 연주회: 김현호",2026-10-08 ~ 2026-10-08,만 13세 이상,"서울 서초구 효령로52길 16 (서초동) | 위도:37.483599, 경도:127.012844","전석 30,000원",[공연소개] 음악을 편하게 혹은 재밌게 즐길 수 있는 '음악공방 피오레움' 이번에는 한국예술종합학교 윤홍천 교수님의 제자 '윤피아노 클래스' 초대석으로 돌아왔습니다. 한국예술종합학교에 재학중인 총 12인의 피아니스트가 오는 9월부터 12월까지 3달동안 바흐부터 현대음악까지 다채로운 음악들을 여러분들께 선보일 예정입니다. 그리고 그 네번째 연주회로 '피아니스트 김현호' 의 독주회가 예정 되었습니다. 무대 위에서 자신만의 진솔한 언어를 들려주는 피아니스트 김현호는 현재 한국예술종합학교에 재학하며 음악을 수학하고 있습니다. 그는 모차르트…,https://booking.naver.com/booking/5/bizes/1610089,couple:1.0;date_spot:1.0;서양음악(클래식),2026-09-11 22:28:45,concert,,,🎵 감성 가득한 무대와 음악을 즐기며 특별한 추억을 선사하는 낭만 공연,concert,concert,kopis,2026-10-08,,capital
KOPIS 공연예술통합전산망 | 대중음악,대중음악,플레이리스트 와와 vol.3 샐리에브리웨어 & 전기뱀장어,2026-10-03 ~ 2026-10-03,전체 관람가,"서울 서대문구 연세로5다길 10 (창천동) | 위도:37.5565279, 경도:126.935024","스탠딩(예매가) 30,000원, 스탠딩(현매가) 35,000원",대중음악 · 복합문화공간 몽향 (복합문화공간 몽향) · 러닝타임 2시간 30분,https://www.2tm.co.kr/ticket/10725,couple:1.0;date_spot:1.0;대중음악,2026-09-11 22:28:45,concert,,,🎵 감성 가득한 무대와 음악을 즐기며 특별한 추억을 선사하는 낭만 공연,concert,concert,kopis,2026-10-03,,capital
KOPIS 공연예술통합전산망 | 대중음악,대중음악,"플레이리스트 와와 vol.3, 포스트이너서클 & 코토바",2026-10-02 ~ 2026-10-02,전체 관람가,"서울 서대문구 연세로5다길 10 (창천동) | 위도:37.5565279, 경도:126.935024","현장판매 35,000원, 사전예약 30,000원",대중음악 · 복합문화공간 몽향 (복합문화공간 몽향) · 러닝타임 2시간 30분,https://www.2tm.co.kr/ticket/10724,couple:1.0;date_spot:1.0;대중음악,2026-09-11 22:28:45,concert,,,🎵 감성 가득한 무대와 음악을 즐기며 특별한 추억을 선사하는 낭만 공연,concert,concert,kopis,2026-10-02,,capital
KOPIS 공연예술통합전산망 | 서양음악(클래식),서양음악(클래식),트루바싱어즈 콘서트: VOX 01: AWAKEN [과천],2026-10-06 ~ 2026-10-06,만 7세 이상,"경기 과천시 통영로 5 (중앙동) | 위도:37.4279091, 경도:126.98950450000007","R석 30,000원, S석 20,000원",서양음악(클래식) · 과천시민회관 (소극장) · 러닝타임 1시간 40분,http://ticket.interpark.com/Ticket/Goods/GoodsInfo.asp?GoodsCode=26012833,couple:1.0;date_spot:1.0;서양음악(클래식),2026-09-11 22:28:45,concert,,,🎵 감성 가득한 무대와 음악을 즐기며 특별한 추억을 선사하는 낭만 공연,concert,concert,kopis,2026-10-06,,capital
KOPIS 공연예술통합전산망 | 대중음악,대중음악,예빛 단독 콘서트: DEMO,2026-10-03 ~ 2026-10-03,전체 관람가,"서울 마포구 어울마당로 35 (서교동) 지하 1층 | 위도:37.5484417, 경도:126.92010579999999","전석 66,000원",대중음악 · 롤링홀 (롤링홀) · 러닝타임 1시간 30분,https://ticket.melon.com/performance/index.htm?prodId=213832,couple:1.0;date_spot:1.0;대중음악,2026-09-11 22:28:45,concert,,,🎵 감성 가득한 무대와 음악을 즐기며 특별한 추억을 선사하는 낭만 공연,concert,concert,kopis,2026-10-03,,capital
KOPIS 공연예술통합전산망 | 서양음악(클래식),서양음악(클래식),트릭컬 리바이브 오케스트라 콘서트: 엘리아스 학예회,2026-10-03 ~ 2026-10-04,만 7세 이상,"서울 동대문구 경희대로 26 (회기동) | 위도:37.598682, 경도:127.052773","VIP석 121,000원, R석 110,000원, S석 99,000원, A석 88,000원",서양음악(클래식) · 경희대학교 평화의전당 (경희대학교 평화의전당) · 러닝타임 2시간,http://www.ticketlink.co.kr/product/65328,couple:1.0;date_spot:1.0;서양음악(클래식),2026-09-11 22:28:45,concert,,,🎵 감성 가득한 무대와 음악을 즐기며 특별한 추억을 선사하는 낭만 공연,concert,concert,kopis,2026-10-04,,capital
KOPIS 공연예술통합전산망 | 서커스/마술,서커스/마술,버블제이의 매직카바레 with 세르지오 [인천],2026-09-01 ~ 2026-10-25,전체 관람가,"인천 연수구 송도과학로16번길 13-18 (송도동) | 위도:37.3810207, 경도:126.6608134","전석 40,000원",서커스/마술 · 송도 건원테크노큐브 (마술극장 (B1) ) · 러닝타임 55분,https://booking.naver.com/booking/12/bizes/958547,couple:1.0;date_spot:1.0;서커스/마술,2026-09-11 22:28:45,concert,,,💑 연인과 함께 둘만의 소중한 주말 추억을 나누기 좋은 맞춤형 추천 장소,concert,concert,kopis,2026-10-25,,capital
KOPIS 공연예술통합전산망 | 서양음악(클래식),서양음악(클래식),조주연 피아노 독주회,2026-10-09 ~ 2026-10-09,만 7세 이상,"서울 서대문구 연세로 50 (신촌동) 연세대학교 백양누리 B1 금호아트홀 연세 | 위도:37.564089, 경도:126.93898089999993","전석 20,000원",서양음악(클래식) · 금호아트홀 연세 (금호아트홀 연세) · 러닝타임 1시간 30분,http://ticket.interpark.com/Ticket/Goods/GoodsInfo.asp?GoodsCode=26012881,couple:1.0;date_spot:1.0;서양음악(클래식),2026-09-11 22:28:45,concert,,,🎵 감성 가득한 무대와 음악을 즐기며 특별한 추억을 선사하는 낭만 공연,concert,concert,kopis,2026-10-09,,capital
KOPIS 공연예술통합전산망 | 대중음악,대중음악,"링크원스테이지 LINK ONE, 히미츠 (HeMeets) 어쿠스틱 단독 콘서트",2026-10-10 ~ 2026-10-10,전체 관람가,"서울 서대문구 응암로 118 (북가좌동) | 위도:37.582936, 경도:126.913858","현장판매 60,000원, 사전예약 55,000원",[공연소개] 독창적인 이야기와 감각적인 사운드로 현실과 비현실의 경계를 넘나드는 히미츠(HeMeets)! 히미츠의 음악을 한층 가까이에서 즐길 수 있는 특별한 어쿠스틱 단독 기획 공연에 여러분을 초대합니다!,https://booking.naver.com/booking/12/bizes/1600067,couple:1.0;date_spot:1.0;대중음악,2026-09-11 22:28:45,concert,,,🎵 감성 가득한 무대와 음악을 즐기며 특별한 추억을 선사하는 낭만 공연,concert,concert,kopis,2026-10-10,,capital
KOPIS 공연예술통합전산망 | 서양음악(클래식),서양음악(클래식),정다슬 피아노 독주회,2026-10-07 ~ 2026-10-07,만 7세 이상,"서울 서초구 남부순환로 2406 (서초동) | 위도:37.4786896, 경도:127.01182410000001","전석 40,000원",서양음악(클래식) · 예술의전당 [서울] (리사이틀홀) · 러닝타임 1시간 30분,http://ticket.interpark.com/Ticket/Goods/GoodsInfo.asp?GoodsCode=26012828,couple:1.0;date_spot:1.0;서양음악(클래식),2026-09-11 22:28:45,concert,,,🎵 감성 가득한 무대와 음악을 즐기며 특별한 추억을 선사하는 낭만 공연,concert,concert,kopis,2026-10-07,,capital
KOPIS 공연예술통합전산망 | 서양음악(클래식),서양음악(클래식),"라율아트홀 한 잔의 여유 시리즈, Hand Drip Coffee & Guitar Concert",2026-09-15 ~ 2026-11-17,전체 관람가,"서울 서초구 반포대로 20 (서초동) 2층 | 위도:37.482461, 경도:127.0126495","전석 30,000원",서양음악(클래식) · 라율아트홀 (라율아트홀) · 러닝타임 1시간 30분,http://ticket.interpark.com/Ticket/Goods/GoodsInfo.asp?GoodsCode=26011562,couple:1.0;date_spot:1.0;서양음악(클래식),2026-09-11 22:28:45,concert,,,🎵 감성 가득한 무대와 음악을 즐기며 특별한 추억을 선사하는 낭만 공연,concert,concert,kopis,2026-11-17,,capital
KOPIS 공연예술통합전산망 | 서양음악(클래식),서양음악(클래식),제1회 연결뮤직소사이어티 창단연주회: CONNECTION,2026-10-03 ~ 2026-10-03,만 5세 이상,"경기 성남시 중원구 양현로405번길 12 | 위도:37.417985, 경도:127.1273942","전석 20,000원",서양음악(클래식) · 티엘아이 아트센터 (티엘아이 아트센터) · 러닝타임 1시간 25분,http://ticket.interpark.com/Ticket/Goods/GoodsInfo.asp?GoodsCode=26012465,couple:1.0;date_spot:1.0;서양음악(클래식),2026-09-11 22:28:45,concert,,,🎵 감성 가득한 무대와 음악을 즐기며 특별한 추억을 선사하는 낭만 공연,concert,concert,kopis,2026-10-03,,capital
KOPIS 공연예술통합전산망 | 뮤지컬,뮤지컬,카페 론리 Cafe Lonely [대학로],2026-10-10 ~ 2026-10-25,만 9세 이상,"서울 종로구 낙산길 14 (동숭동) | 위도:37.5802937, 경도:127.00526530000002","전석 45,000원",뮤지컬 · R&J씨어터(구. 연진아트홀) (R&J씨어터(구. 연진아트홀)) · 러닝타임 1시간 50분,https://booking.naver.com/booking/12/bizes/1696105,couple:1.0;date_spot:1.0;뮤지컬,2026-09-11 22:28:45,concert,,,🎵 감성 가득한 무대와 음악을 즐기며 특별한 추억을 선사하는 낭만 공연,concert,concert,kopis,2026-10-25,,capital
KOPIS 공연예술통합전산망 | 서양음악(클래식),서양음악(클래식),서민정 바이올린 독주회,2026-10-04 ~ 2026-10-04,만 7세 이상,"서울 서초구 남부순환로 2406 (서초동) | 위도:37.4786896, 경도:127.01182410000001","전석 20,000원","[Program] Wolfgang Amadeus Mozart (1756-1791) Violin Sonata in G Major, K. 301 I. Allegro con spirito II. Allegro Josef Suk (1874-1935) 4 Pieces for Violin and Piano, Op. 17 I. Quasi ballata II. Appassionato III. Un poco triste IV. Burleska intermission Franz Schubert (1797-1828) Fantasia for Violin…",http://ticket.interpark.com/Ticket/Goods/GoodsInfo.asp?GoodsCode=26012704,couple:1.0;date_spot:1.0;서양음악(클래식),2026-09-11 22:28:45,concert,,,🎵 감성 가득한 무대와 음악을 즐기며 특별한 추억을 선사하는 낭만 공연,concert,concert,kopis,2026-10-04,,capital
KOPIS 공연예술통합전산망 | 한국음악(국악),한국음악(국악),"이성현 완창 판소리, 심청가: 지효지성",2026-10-04 ~ 2026-10-04,전체 관람가,"서울 종로구 율곡로 102 - 0 | 위도:37.5772009, 경도:126.99067390000005",전석무료,한국음악(국악) · 서울돈화문국악당 (서울돈화문국악당) · 러닝타임 4시간 20분,http://sdtt.moonhwain.kr/rsvc/rsv_pm.html?b_id=sdtt&p_idx=648,couple:1.0;date_spot:1.0;한국음악(국악),2026-09-11 22:28:45,concert,,,🎵 감성 가득한 무대와 음악을 즐기며 특별한 추억을 선사하는 낭만 공연,concert,concert,kopis,2026-10-04,,capital
KOPIS 공연예술통합전산망 | 무용(서양/한국무용),무용(서양/한국무용),"여주세종문화관광재단 기획공연: 숨, 세종의 뜻이 머무는 길 [여주]",2026-10-08 ~ 2026-10-09,만 7세 이상,"경기 여주시 영릉로 125 (하동) | 위도:37.2971351, 경도:127.62494079999999","전석 20,000원",무용(서양/한국무용) · 세종국악당 (세종국악당) · 러닝타임 1시간 10분,http://ticket.interpark.com/Ticket/Goods/GoodsInfo.asp?GoodsCode=26012794,couple:1.0;date_spot:1.0;무용(서양/한국무용),2026-09-11 22:28:45,concert,,,💑 연인과 함께 둘만의 소중한 주말 추억을 나누기 좋은 맞춤형 추천 장소,concert,concert,kopis,2026-10-09,,capital
KOPIS 공연예술통합전산망 | 대중음악,대중음악,산들 단독 콘서트: 바람결,2026-10-03 ~ 2026-10-04,만 7세 이상,"서울 용산구 이태원로 294 (한남동) | 위도:37.5408717, 경도:127.00244010000006","전석 154,000원",대중음악 · 블루스퀘어 (우리WON뱅킹홀(구. SOL트래블홀) ) · 러닝타임 2시간,http://ticket.interpark.com/Ticket/Goods/GoodsInfo.asp?GoodsCode=26012383,couple:1.0;date_spot:1.0;대중음악,2026-09-11 22:28:45,concert,,,🎵 감성 가득한 무대와 음악을 즐기며 특별한 추억을 선사하는 낭만 공연,concert,concert,kopis,2026-10-04,,capital
KOPIS 공연예술통합전산망 | 연극,연극,"제4회 PLOT STAGE, 현대사회 청년 고독사에 관한 원인 분석: 고독사는 존재하지 않는다.",2026-10-03 ~ 2026-10-04,만 11세 이상,"서울 서대문구 연세로4길 27(창천동) | 위도:37.5576008, 경도:126.9381984","전석 40,000원",연극 · 극장 PLOT (극장 PLOT) · 러닝타임 1시간 30분,https://www.tinyticket.net/event/EV4F5BRxU7bB,couple:1.0;date_spot:1.0;연극,2026-09-11 22:28:45,concert,,,🎵 감성 가득한 무대와 음악을 즐기며 특별한 추억을 선사하는 낭만 공연,concert,concert,kopis,2026-10-04,,capital
KOPIS 공연예술통합전산망 | 서양음악(클래식),서양음악(클래식),이수연 & 김정민 피아노 듀오 리사이틀,2026-10-03 ~ 2026-10-03,만 7세 이상,"서울 서초구 명달로 104 (서초동) | 위도:37.4855919, 경도:127.00420350000002","전석 30,000원",서양음악(클래식) · 모차르트홀 (모차르트홀) · 러닝타임 1시간 30분,http://www.ticketlink.co.kr/product/65370,couple:1.0;date_spot:1.0;서양음악(클래식),2026-09-11 22:28:45,concert,,,🎵 감성 가득한 무대와 음악을 즐기며 특별한 추억을 선사하는 낭만 공연,concert,concert,kopis,2026-10-03,,capital
KOPIS 공연예술통합전산망 | 대중음악,대중음악,"秀 (수) 콘서트, 김창완밴드 [연천]",2026-10-03 ~ 2026-10-03,만 7세 이상,"경기 연천군 연천읍 문화로 150 | 위도:38.1090534, 경도:127.07991620000007","R석 60,000원, S석 40,000원, A석 20,000원",대중음악 · 연천수레울아트홀 (대공연장) · 러닝타임 1시간 10분,http://ticket.interpark.com/Ticket/Goods/GoodsInfo.asp?GoodsCode=26012713,couple:1.0;date_spot:1.0;대중음악,2026-09-11 22:28:45,concert,,,🎵 감성 가득한 무대와 음악을 즐기며 특별한 추억을 선사하는 낭만 공연,concert,concert,kopis,2026-10-03,,capital
KOPIS 공연예술통합전산망 | 대중음악,대중음악,POW CONCERT: COLOR ON [서울],2026-10-09 ~ 2026-10-10,만 7세 이상,"서울 서대문구 신촌로 129 (창천동) | 위도:37.5565639, 경도:126.9403281","VIP석 132,000원, R석 99,000원",대중음악 · 예스24 원더로크홀 (예스24 원더로크홀) · 러닝타임 1시간 30분,https://ticket.yes24.com/Perf/59759,couple:1.0;date_spot:1.0;대중음악,2026-09-11 22:28:45,concert,,,🎵 감성 가득한 무대와 음악을 즐기며 특별한 추억을 선사하는 낭만 공연,concert,concert,kopis,2026-10-10,,capital
KOPIS 공연예술통합전산망 | 서양음악(클래식),서양음악(클래식),브리즈앙상블의 챔버시리즈 Ⅰ: 모차르트와 라이하,2026-10-03 ~ 2026-10-03,만 7세 이상,"서울 강북구 월계로 173 (번동) | 위도:37.6214312, 경도:127.0406246","전석 3,000원",서양음악(클래식) · 꿈의숲아트센터 (콘서트홀) · 러닝타임 1시간 20분,https://www.sejongpac.or.kr/dfac/dfacPerformance/dfacPerformance/performTicket.do?performIdx=37516&menuNo=1200007,couple:1.0;date_spot:1.0;서양음악(클래식),2026-09-11 22:28:45,concert,,,🎵 감성 가득한 무대와 음악을 즐기며 특별한 추억을 선사하는 낭만 공연,concert,concert,kopis,2026-10-03,,capital
KOPIS 공연예술통합전산망 | 서양음악(클래식),서양음악(클래식),누구나 클래식 with 국립심포니오케스트라,2026-10-06 ~ 2026-10-06,만 6세 이상,"서울 종로구 세종대로 175 (세종로) | 위도:37.5725254, 경도:126.97564290000003","관람료 선택제 1000 1,000원, 관람료 선택제 3000 3,000원, 관람료 선택제 5000 5,000원, 관람료 선택제 10000 10,000원",서양음악(클래식) · 세종문화회관 (세종대극장) · 러닝타임 1시간 45분,https://www.sejongpac.or.kr/portal/performance/performance/performTicket.do?performIdx=36850&menuNo=200320,couple:1.0;date_spot:1.0;서양음악(클래식),2026-09-11 22:28:45,concert,,,🎵 감성 가득한 무대와 음악을 즐기며 특별한 추억을 선사하는 낭만 공연,concert,concert,kopis,2026-10-06,,capital
KOPIS 공연예술통합전산망 | 대중음악,대중음악,Shye Return Asia Tour Live [서울],2026-10-11 ~ 2026-10-11,만 14세 이상,"서울 마포구 와우산로 156 (서교동) | 위도:37.5548494, 경도:126.9304125","사전예약 44,000원, 현장판매 55,000원",대중음악 · 클럽 A.O.R(All Of Rock) (클럽 A.O.R(All Of Rock)) · 러닝타임 2시간,https://ticket.melon.com/performance/index.htm?prodId=213825,couple:1.0;date_spot:1.0;대중음악,2026-09-11 22:28:45,concert,,,🎵 감성 가득한 무대와 음악을 즐기며 특별한 추억을 선사하는 낭만 공연,concert,concert,kopis,2026-10-11,,capital
KOPIS 공연예술통합전산망 | 복합,복합,"피아노 병창 최준 작곡발표회, 판소리는 재즈를 좋아해 (Pansori Likes Jazz)",2026-10-01 ~ 2026-10-01,전체 관람가,"서울 종로구 율곡로 102 - 0 | 위도:37.5772009, 경도:126.99067390000005","전석 20,000원",복합 · 서울돈화문국악당 (서울돈화문국악당) · 러닝타임 1시간 30분,http://sdtt.moonhwain.kr/rsvc/rsv_pm.html?b_id=sdtt&p_idx=654,couple:1.0;date_spot:1.0;복합,2026-09-11 22:28:45,concert,,,💑 연인과 함께 둘만의 소중한 주말 추억을 나누기 좋은 맞춤형 추천 장소,concert,concert,kopis,2026-10-01,,capital
KOPIS 공연예술통합전산망 | 뮤지컬,뮤지컬,당신만이 [김포],2026-10-03 ~ 2026-10-03,만 7세 이상,"경기 김포시 돌문로 26 (사우동) | 위도:37.6189366, 경도:126.72017299999993","R석 20,000원, S석 10,000원",뮤지컬 · 김포아트홀 (김포아트홀) · 러닝타임 2시간,http://ticket.interpark.com/Ticket/Goods/GoodsInfo.asp?GoodsCode=26012834,couple:1.0;date_spot:1.0;뮤지컬,2026-09-11 22:28:45,concert,,,🎵 감성 가득한 무대와 음악을 즐기며 특별한 추억을 선사하는 낭만 공연,concert,concert,kopis,2026-10-03,,capital
KOPIS 공연예술통합전산망 | 대중음악,대중음악,"요우시 내한공연, Yo-Sea Asia Tour: Minimum Band Set",2026-10-09 ~ 2026-10-09,만 7세 이상,"서울 마포구 어울마당로 65 (서교동) | 위도:37.550925, 경도:126.92114200000003","전석 88,000원",대중음악 · KT&G 상상마당 라이브홀 [마포] (KT&G 상상마당 라이브홀 [마포] ) · 러닝타임 1시간 30분,http://ticket.interpark.com/Ticket/Goods/GoodsInfo.asp?GoodsCode=26012710,couple:1.0;date_spot:1.0;대중음악,2026-09-11 22:28:45,concert,,,🎵 감성 가득한 무대와 음악을 즐기며 특별한 추억을 선사하는 낭만 공연,concert,concert,kopis,2026-10-09,,capital
KOPIS 공연예술통합전산망 | 대중음악,대중음악,Paloalto 단독공연: UNITE,2026-10-04 ~ 2026-10-04,전체 관람가,"서울 마포구 어울마당로 35 (서교동) 지하 1층 | 위도:37.5484417, 경도:126.92010579999999","전석 55,000원",대중음악 · 롤링홀 (롤링홀) · 러닝타임 2시간,https://ticket.melon.com/performance/index.htm?prodId=213813,couple:1.0;date_spot:1.0;대중음악,2026-09-11 22:28:45,concert,,,🎵 감성 가득한 무대와 음악을 즐기며 특별한 추억을 선사하는 낭만 공연,concert,concert,kopis,2026-10-04,,capital
KOPIS 공연예술통합전산망 | 대중음악,대중음악,OurR Concert: Utopia,2026-10-11 ~ 2026-10-11,만 7세 이상,"서울 마포구 어울마당로 65 (서교동) | 위도:37.550925, 경도:126.92114200000003","전석 77,000원",대중음악 · KT&G 상상마당 라이브홀 [마포] (KT&G 상상마당 라이브홀 [마포] ) · 러닝타임 2시간,http://ticket.interpark.com/Ticket/Goods/GoodsInfo.asp?GoodsCode=26012682,couple:1.0;date_spot:1.0;대중음악,2026-09-11 22:28:45,concert,,,🎵 감성 가득한 무대와 음악을 즐기며 특별한 추억을 선사하는 낭만 공연,concert,concert,kopis,2026-10-11,,capital
KOPIS 공연예술통합전산망 | 서양음악(클래식),서양음악(클래식),제77회 이탈리아 성악회 정기연주회,2026-10-02 ~ 2026-10-02,만 7세 이상,"서울 송파구 올림픽로 300 (신천동) 롯데월드몰 8층 롯데문화재단 | 위도:37.5130605, 경도:127.10349500000007","R석 100,000원, S석 70,000원","[PROGRAM] Sop. 김소희 C. Gounod .......... Ah! Je veux vivre Opera Sop. 배연희 G. Rossini ............ Una voce poco fa Opera Sop. 최인애, 박현옥 G. Puccini ............. Vissi d’arte Vissi d'amore Opera Ten, 이기용 G. Donizetti ......... Spirto Gentil Opera Sop. 신재은 W. A. Mozart ....... Come scoglio Opera Sop. 송선…",https://www.lotteconcerthall.com/product/performance/261194,couple:1.0;date_spot:1.0;서양음악(클래식),2026-09-11 22:28:45,concert,,,🎵 감성 가득한 무대와 음악을 즐기며 특별한 추억을 선사하는 낭만 공연,concert,concert,kopis,2026-10-02,,capital
KOPIS 공연예술통합전산망 | 대중음악,대중음악,최정철의 1+1,2026-10-02 ~ 2026-10-02,만 7세 이상,"서울 마포구 잔다리로 46 (서교동) | 위도:37.5524309, 경도:126.9188172","전석 99,000원",대중음악 · Vel.R 벨르 (구. 벨로주 [홍대]) (Vel.R 벨르 (구. 벨로주 [홍대])) · 러닝타임 1시간 30분,http://ticket.interpark.com/Ticket/Goods/GoodsInfo.asp?GoodsCode=26012799,couple:1.0;date_spot:1.0;대중음악,2026-09-11 22:28:45,concert,,,🎵 감성 가득한 무대와 음악을 즐기며 특별한 추억을 선사하는 낭만 공연,concert,concert,kopis,2026-10-02,,capital
KOPIS 공연예술통합전산망 | 복합,복합,금천라이브 플러스,2026-10-07 ~ 2026-10-08,전체 관람가,"서울 금천구 시흥대로73길 70 (시흥동) | 위도:37.4564588, 경도:126.89591250000001",전석무료,복합 · 금나래아트홀 (썬큰광장(지하1층)) · 러닝타임 1시간 30분,http://ticket.interpark.com/Ticket/Goods/GoodsInfo.asp?GoodsCode=26012635,couple:1.0;date_spot:1.0;복합,2026-09-11 22:28:45,concert,,,💑 연인과 함께 둘만의 소중한 주말 추억을 나누기 좋은 맞춤형 추천 장소,concert,concert,kopis,2026-10-08,,capital
KOPIS 공연예술통합전산망 | 연극,연극,부러움마켓,2026-09-29 ~ 2026-10-04,만 7세 이상,"서울 용산구 장문로19길 4 (보광동) | 위도:37.5260989, 경도:126.9977628","전석 35,000원",연극 · 보광극장 (보광극장) · 러닝타임 1시간 10분,http://playticket.co.kr/nav/detail.html?idx=4555,couple:1.0;date_spot:1.0;연극,2026-09-11 22:28:45,concert,,,🎵 감성 가득한 무대와 음악을 즐기며 특별한 추억을 선사하는 낭만 공연,concert,concert,kopis,2026-10-04,,capital
KOPIS 공연예술통합전산망 | 서양음악(클래식),서양음악(클래식),"서울시소년소녀합창단, 광화문 이야기: 한양에서 서울까지",2026-10-11 ~ 2026-10-11,만 6세 이상,"서울 종로구 세종대로 175 (세종로) | 위도:37.5725254, 경도:126.97564290000003","전석 20,000원",서양음악(클래식) · 세종문화회관 (세종체임버홀) · 러닝타임 2시간 30분,https://www.sejongpac.or.kr/portal/performance/performance/performTicket.do?performIdx=37609&menuNo=200320,couple:1.0;date_spot:1.0;서양음악(클래식),2026-09-11 22:28:45,concert,,,🎵 감성 가득한 무대와 음악을 즐기며 특별한 추억을 선사하는 낭만 공연,concert,concert,kopis,2026-10-11,,capital
KOPIS 공연예술통합전산망 | 연극,연극,소리없는 정원 [대학로],2026-10-02 ~ 2026-10-04,전체 관람가,"서울 종로구 낙산길 14 (동숭동) | 위도:37.5802937, 경도:127.00526530000002","전석 40,000원",연극 · R&J씨어터(구. 연진아트홀) (R&J씨어터(구. 연진아트홀)) · 러닝타임 1시간 40분,http://ticket.interpark.com/Ticket/Goods/GoodsInfo.asp?GoodsCode=26012577,couple:1.0;date_spot:1.0;연극,2026-09-11 22:28:45,concert,,,🎵 감성 가득한 무대와 음악을 즐기며 특별한 추억을 선사하는 낭만 공연,concert,concert,kopis,2026-10-04,,capital
KOPIS 공연예술통합전산망 | 뮤지컬,뮤지컬,안녕? 빨강머리 앤 [파주],2026-10-02 ~ 2026-10-02,만 7세 이상,"경기 파주시 와석순환로 415 (와동동) | 위도:37.724262, 경도:126.751094","전석 10,000원",뮤지컬 · 파주운정행복센터 (공연장) · 러닝타임 1시간 10분,http://paju.moonhwain.kr/rsvc/rsv_pm.html?b_id=paju&p_idx=841,couple:1.0;date_spot:1.0;뮤지컬,2026-09-11 22:28:45,concert,,,🎵 감성 가득한 무대와 음악을 즐기며 특별한 추억을 선사하는 낭만 공연,concert,concert,kopis,2026-10-02,,capital
KOPIS 공연예술통합전산망 | 연극,연극,올모스트 메인 [대학로],2026-10-10 ~ 2026-10-11,만 16세 이상,"서울 종로구 창경궁로 227(명륜4가) | 위도:37.5824263, 경도:126.9977518","전석 15,000원",연극 · 소극장 창덕궁 (소극장 창덕궁) · 러닝타임 2시간,http://playticket.co.kr/nav/detail.html?idx=4551,couple:1.0;date_spot:1.0;연극,2026-09-11 22:28:45,concert,,,🎵 감성 가득한 무대와 음악을 즐기며 특별한 추억을 선사하는 낭만 공연,concert,concert,kopis,2026-10-11,,capital
KOPIS 공연예술통합전산망 | 뮤지컬,뮤지컬,"창작ing, 돌쇠전",2026-10-02 ~ 2026-10-15,만 18세 이상,"서울 중구 세종대로19길 16 (정동) | 위도:37.5667701, 경도:126.97608230000003","전석 30,000원",뮤지컬 · 국립정동극장 세실 (구.세실극장) (국립정동극장 세실 (구.세실극장)) · 러닝타임 1시간 30분,http://ticket.interpark.com/Ticket/Goods/GoodsInfo.asp?GoodsCode=26012659,couple:1.0;date_spot:1.0;뮤지컬,2026-09-11 22:28:45,concert,,,🎵 감성 가득한 무대와 음악을 즐기며 특별한 추억을 선사하는 낭만 공연,concert,concert,kopis,2026-10-15,,capital
KOPIS 공연예술통합전산망 | 서양음악(클래식),서양음악(클래식),"푸치니 오페라갈라 Viva Puccini, 푸치니 오페라 Turandot 초연 100주년 기념 공연",2026-10-02 ~ 2026-10-02,만 7세 이상,"서울 강남구 논현로163길 33 (신사동) | 위도:37.5238342, 경도:127.02511649999997","R석 100,000원, S석 70,000원, A석 50,000원",서양음악(클래식) · 광림아트센터 (장천홀) · 러닝타임 2시간,http://ticket.interpark.com/Ticket/Goods/GoodsInfo.asp?GoodsCode=26012798,couple:1.0;date_spot:1.0;서양음악(클래식),2026-09-11 22:28:45,concert,,,🎵 감성 가득한 무대와 음악을 즐기며 특별한 추억을 선사하는 낭만 공연,concert,concert,kopis,2026-10-02,,capital
KOPIS 공연예술통합전산망 | 연극,연극,모두의 연애 [대학로],2026-10-03 ~ 2026-10-31,만 11세 이상,"서울 종로구 성균관로 15-8 (명륜3가) | 위도:37.5839742, 경도:126.9972423","전석 35,000원",연극 · 든해소극장 (구. 모모씨어터) (든해소극장 (구. 모모씨어터) (B1) ) · 러닝타임 1시간 20분,https://booking.naver.com/booking/12/bizes/1663468,couple:1.0;date_spot:1.0;연극,2026-09-11 22:28:45,concert,,,🎵 감성 가득한 무대와 음악을 즐기며 특별한 추억을 선사하는 낭만 공연,concert,concert,kopis,2026-10-31,,capital
KOPIS 공연예술통합전산망 | 연극,연극,오함마백씨행장 완판본 [대학로],2026-10-01 ~ 2026-10-11,만 12세 이상,"서울 종로구 혜화로 10-3 (혜화동) | 위도:37.586628, 경도:127.000475","전석 40,000원",연극 · 예술공간 혜화 (예술공간 혜화) · 러닝타임 1시간 20분,http://ticket.interpark.com/Ticket/Goods/GoodsInfo.asp?GoodsCode=26012660,couple:1.0;date_spot:1.0;연극,2026-09-11 22:28:45,concert,,,🎵 감성 가득한 무대와 음악을 즐기며 특별한 추억을 선사하는 낭만 공연,concert,concert,kopis,2026-10-11,,capital
KOPIS 공연예술통합전산망 | 서양음악(클래식),서양음악(클래식),"제물포구문화체육센터 마티네콘서트Ⅰ. 오은철의 목요일, 오후 2시 [인천]",2026-10-08 ~ 2026-10-08,만 7세 이상,"인천 동구 송림로110번길 5-8(송림동) | 위도:37.475773, 경도:126.6475423","전석 15,000원",서양음악(클래식) · 제물포구문화체육센터(구. 동구문화체육센터) (공연장) · 러닝타임 1시간 10분,http://ticket.interpark.com/Ticket/Goods/GoodsInfo.asp?GoodsCode=26012795,couple:1.0;date_spot:1.0;서양음악(클래식),2026-09-11 22:28:45,concert,,,🎵 감성 가득한 무대와 음악을 즐기며 특별한 추억을 선사하는 낭만 공연,concert,concert,kopis,2026-10-08,,capital
KOPIS 공연예술통합전산망 | 서양음악(클래식),서양음악(클래식),아니마 체임버 앙상블 실내악 음악회,2026-10-06 ~ 2026-10-06,만 7세 이상,"서울 서초구 남부순환로 2406 (서초동) | 위도:37.4786896, 경도:127.01182410000001","R석 30,000원, S석 20,000원",서양음악(클래식) · 예술의전당 [서울] (리사이틀홀) · 러닝타임 1시간 30분,http://ticket.interpark.com/Ticket/Goods/GoodsInfo.asp?GoodsCode=26012700,couple:1.0;date_spot:1.0;서양음악(클래식),2026-09-11 22:28:45,concert,,,🎵 감성 가득한 무대와 음악을 즐기며 특별한 추억을 선사하는 낭만 공연,concert,concert,kopis,2026-10-06,,capital
KOPIS 공연예술통합전산망 | 대중음악,대중음악,최유리 콘서트: 머무름 [서울],2026-10-03 ~ 2026-10-04,만 7세 이상,"서울 중구 동호로 241 (장충동2가) | 위도:37.5581719, 경도:127.0067176","R석 154,000원, S석 143,000원",대중음악 · 장충체육관 (장충체육관) · 러닝타임 2시간,http://ticket.interpark.com/Ticket/Goods/GoodsInfo.asp?GoodsCode=26012515,couple:1.0;date_spot:1.0;대중음악,2026-09-11 22:28:45,concert,,,🎵 감성 가득한 무대와 음악을 즐기며 특별한 추억을 선사하는 낭만 공연,concert,concert,kopis,2026-10-04,,capital
KOPIS 공연예술통합전산망 | 한국음악(국악),한국음악(국악),소리제전: 소리연애,2026-10-09 ~ 2026-10-11,전체 관람가,"서울 종로구 율곡로 102 - 0 | 위도:37.5772009, 경도:126.99067390000005","전석 30,000원",한국음악(국악) · 서울돈화문국악당 (서울돈화문국악당) · 러닝타임 1시간 30분,http://sdtt.moonhwain.kr/rsvc/rsv_pm.html?b_id=sdtt&p_idx=650,couple:1.0;date_spot:1.0;한국음악(국악),2026-09-11 22:28:45,concert,,,🎵 감성 가득한 무대와 음악을 즐기며 특별한 추억을 선사하는 낭만 공연,concert,concert,kopis,2026-10-11,,capital
KOPIS 공연예술통합전산망 | 서양음악(클래식),서양음악(클래식),제54회 한국리스트협회 정기연주회,2026-10-09 ~ 2026-10-09,만 7세 이상,"서울 영등포구 여의공원로 101 (여의도동) | 위도:37.5292309, 경도:126.92487210000002","전석 30,000원",서양음악(클래식) · 영산아트홀 (영산아트홀) · 러닝타임 1시간 30분,http://ticket.interpark.com/Ticket/Goods/GoodsInfo.asp?GoodsCode=26012508,couple:1.0;date_spot:1.0;서양음악(클래식),2026-09-11 22:28:45,concert,,,🎵 감성 가득한 무대와 음악을 즐기며 특별한 추억을 선사하는 낭만 공연,concert,concert,kopis,2026-10-09,,capital
KOPIS 공연예술통합전산망 | 서양음악(클래식),서양음악(클래식),제2회 플로썸 플루트 콰르텟 정기연주회,2026-10-10 ~ 2026-10-10,만 6세 이상,"서울 강북구 월계로 173 (번동) | 위도:37.6214312, 경도:127.0406246","전석 10,000원","[공연소개] 플로썸 플루트 콰르텟 정기연주 (부제:10월의 어느 멋진날) 네 대의 플루트로 듣는 가을빛의 이야기 본 공연은 네대의 플루트가 만들어내는 섬세하고 따뜻한 음색을 통해 가을의 빛과 정서를 음악으로 전하는 플루트콰르텟 콘서트입니다. Gary Schocker, Claude Debussy, Samuel Zyman, Catherine McMichael의작품을 비롯해 디즈니메들리까지, 클래식과 현대음악, 대중적으로 친숙한 레퍼토리를 한자리에서 만나볼 수 있도록 구성하였습니다.",https://www.sejongpac.or.kr/dfac/dfacPerformance/dfacPerformance/performTicket.do?performIdx=37602&menuNo=1200007,couple:1.0;date_spot:1.0;서양음악(클래식),2026-09-11 22:28:45,concert,,,🎵 감성 가득한 무대와 음악을 즐기며 특별한 추억을 선사하는 낭만 공연,concert,concert,kopis,2026-10-10,,capital
KOPIS 공연예술통합전산망 | 대중음악,대중음악,V.O.S 콘서트 [용인],2026-10-11 ~ 2026-10-11,만 7세 이상,"경기 용인시 수지구 포은대로 499 (죽전동) | 위도:37.3256631, 경도:127.10469480000006","1층석 99,000원, 2층석 77,000원",대중음악 · 용인포은아트홀 (용인포은아트홀) · 러닝타임 2시간,http://www.ticketlink.co.kr/product/65224,couple:1.0;date_spot:1.0;대중음악,2026-09-11 22:28:45,concert,,,🎵 감성 가득한 무대와 음악을 즐기며 특별한 추억을 선사하는 낭만 공연,concert,concert,kopis,2026-10-11,,capital
KOPIS 공연예술통합전산망 | 서양음악(클래식),서양음악(클래식),리수스 콰르텟과 함께하는 반도네온 실내악의 밤,2026-10-02 ~ 2026-10-02,만 7세 이상,"서울 종로구 세종대로 175 (세종로) | 위도:37.5725254, 경도:126.97564290000003","R석 50,000원, S석 30,000원",서양음악(클래식) · 세종문화회관 (세종체임버홀) · 러닝타임 2시간 10분,http://ticket.interpark.com/Ticket/Goods/GoodsInfo.asp?GoodsCode=P0004780,couple:1.0;date_spot:1.0;서양음악(클래식),2026-09-11 22:28:45,concert,,,🎵 감성 가득한 무대와 음악을 즐기며 특별한 추억을 선사하는 낭만 공연,concert,concert,kopis,2026-10-02,,capital
KOPIS 공연예술통합전산망 | 대중음악,대중음악,큐림 정규 1집 발매 기념 단독 콘서트,2026-10-11 ~ 2026-10-11,전체 관람가,"서울 마포구 와우산로18길 30 (서교동) | 위도:37.5514862, 경도:126.9240873","전석 33,000원","[공연소개] 싱어송라이터 큐림의 첫 번째 정규 앨범 [Fight with Love] 발매를 기념하는 단독 콘서트. 이번 공연은 정규 1집의 전곡 14곡을 앨범의 트랙 순서 그대로 라이브로 선보이는 무대로, 한 장의 앨범을 처음부터 끝까지 공연으로 구현하는 특별한 시간을 담아낸다. [Fight with Love]는 사랑을 지켜내기 위해 치열하게 싸워온 시간들을 기록한 앨범이다. 여기서 말하는 사랑은 단순한 감정을 넘어 음악과 꿈, 그리고 스스로 소중하게 여기는 모든 것들을 향한 마음을 의미한다. 앨범은 그 사랑을 지키기 위해 흔들리고…",http://ticket.interpark.com/Ticket/Goods/GoodsInfo.asp?GoodsCode=26011571,couple:1.0;date_spot:1.0;대중음악,2026-09-11 22:28:45,concert,,,🎵 감성 가득한 무대와 음악을 즐기며 특별한 추억을 선사하는 낭만 공연,concert,concert,kopis,2026-10-11,,capital
KOPIS 공연예술통합전산망 | 서양음악(클래식),서양음악(클래식),클래식 좀 들어라: playlist,2026-10-03 ~ 2026-10-03,만 7세 이상,"서울 서대문구 연세로 50 (신촌동) 연세대학교 백양누리 B1 금호아트홀 연세 | 위도:37.564089, 경도:126.93898089999993","전석 30,000원","[프로그램] Claude Debussy (1862–1918) Préludes, premier livre 전주곡 제1권 X. La Cathédrale engloutie 가라앉은 대성당 Maurice Ravel (1875–1937) Gaspard de la nuit 밤의 가스파르 I. Ondine 물의 요정 Miroirs 거울 V. La Vallée des cloches 종의 골짜기 Takashi Yoshimatsu (1953– ) 吉松 隆 6 Vignettes, Op. 105 ６つのヴィネット 6개의 비네트 I. 浮遊性アンダンテ 부유하…",http://ticket.interpark.com/Ticket/Goods/GoodsInfo.asp?GoodsCode=26012740,couple:1.0;date_spot:1.0;서양음악(클래식),2026-09-11 22:28:45,concert,,,🎵 감성 가득한 무대와 음악을 즐기며 특별한 추억을 선사하는 낭만 공연,concert,concert,kopis,2026-10-03,,capital
KOPIS 공연예술통합전산망 | 연극,연극,"제6회 첫걸음 페스티벌, 고슴도치 유전자",2026-10-06 ~ 2026-10-08,만 12세 이상,"서울 종로구 동숭길 74 (동숭동) | 위도:37.5815333, 경도:127.0043015","전석 40,000원",연극 · 소극장 플랫폼74 (소극장 플랫폼74) · 러닝타임 1시간 10분,http://ticket.interpark.com/Ticket/Goods/GoodsInfo.asp?GoodsCode=26012329,couple:1.0;date_spot:1.0;연극,2026-09-11 22:28:45,concert,,,🎵 감성 가득한 무대와 음악을 즐기며 특별한 추억을 선사하는 낭만 공연,concert,concert,kopis,2026-10-08,,capital
KOPIS 공연예술통합전산망 | 연극,연극,헨리 6세,2026-10-01 ~ 2026-10-04,만 13세 이상,"서울 마포구 백범로 35 서강대학교 | 위도:37.5499528, 경도:126.93911270000001","전석 50,000원",연극 · 서강대 메리홀 (대극장) · 러닝타임 2시간,http://ticket.interpark.com/Ticket/Goods/GoodsInfo.asp?GoodsCode=26012471,couple:1.0;date_spot:1.0;연극,2026-09-11 22:28:45,concert,,,🎵 감성 가득한 무대와 음악을 즐기며 특별한 추억을 선사하는 낭만 공연,concert,concert,kopis,2026-10-04,,capital
KOPIS 공연예술통합전산망 | 뮤지컬,뮤지컬,이끼숲,2026-10-01 ~ 2026-12-13,만 7세 이상,"서울 강남구 테헤란로113길 7 (삼성동) | 위도:37.5103488, 경도:127.06596250000007","R석 77,000원, S석 66,000원",뮤지컬 · 백암아트홀 (백암아트홀) · 러닝타임 1시간 40분,http://www.ticketlink.co.kr/product/65293,couple:1.0;date_spot:1.0;뮤지컬,2026-09-11 22:28:45,concert,,,🎵 감성 가득한 무대와 음악을 즐기며 특별한 추억을 선사하는 낭만 공연,concert,concert,kopis,2026-12-13,,capital
KOPIS 공연예술통합전산망 | 연극,연극,벚꽃동산 [대학로],2026-09-30 ~ 2026-10-11,만 13세 이상,"서울 종로구 창경궁로 253-7 (명륜2가) | 위도:37.5844442, 경도:126.9994928","전석 40,000원",연극 · 씨어터 쿰 (씨어터 쿰) · 러닝타임 1시간 50분,http://ticket.interpark.com/Ticket/Goods/GoodsInfo.asp?GoodsCode=26012646,couple:1.0;date_spot:1.0;연극,2026-09-11 22:28:45,concert,,,🎵 감성 가득한 무대와 음악을 즐기며 특별한 추억을 선사하는 낭만 공연,concert,concert,kopis,2026-10-11,,capital
KOPIS 공연예술통합전산망 | 서양음악(클래식),서양음악(클래식),피아니스트 노민영 독주회,2026-10-02 ~ 2026-10-02,만 7세 이상,"서울 서대문구 연세로 50 (신촌동) 연세대학교 백양누리 B1 금호아트홀 연세 | 위도:37.564089, 경도:126.93898089999993","전석 30,000원",서양음악(클래식) · 금호아트홀 연세 (금호아트홀 연세) · 러닝타임 1시간 40분,https://nanumticket.or.kr/pe/detail.html?p_marking=&p_new=&start2=0&page_no2=1&p_idx=13951,couple:1.0;date_spot:1.0;서양음악(클래식),2026-09-11 22:28:45,concert,,,🎵 감성 가득한 무대와 음악을 즐기며 특별한 추억을 선사하는 낭만 공연,concert,concert,kopis,2026-10-02,,capital
KOPIS 공연예술통합전산망 | 연극,연극,신부님. 신부님? 신부님! [대학로],2026-09-30 ~ 2026-11-01,만 12세 이상,"서울 종로구 창경궁로 254 (명륜2가) | 위도:37.5728677, 경도:126.99707860000001","전석 50,000원",연극 · 한성아트홀(구. 인켈아트홀) (2관) · 러닝타임 1시간 30분,http://ticket.interpark.com/Ticket/Goods/GoodsInfo.asp?GoodsCode=26011584,couple:1.0;date_spot:1.0;연극,2026-09-11 22:28:45,concert,,,🎵 감성 가득한 무대와 음악을 즐기며 특별한 추억을 선사하는 낭만 공연,concert,concert,kopis,2026-11-01,,capital
KOPIS 공연예술통합전산망 | 서양음악(클래식),서양음악(클래식),제22회 아카데미 열정과 나눔 정기연주회,2026-10-07 ~ 2026-10-07,만 7세 이상,"서울 종로구 세종대로 175 (세종로) | 위도:37.5725254, 경도:126.97564290000003","전석 30,000원","[PROGRAM] 신예훈 ... 현악 앙상블을 위한 (2026 HUAI Project 선정작/2026 세계초연) (b. 1996) S. Gubaidulina ... 일곱 말씀)> (1982) for Cello, Bayan and Strings (한국초연) (1931-2025) * 첼로 임재성 / 바얀 김주언 이신우 ... 작은 이들)> Seven Scenes for Oboe, Saenghwang and Strings(2026/APS위촉 세계초연) (b. 1969) * 오보에 이현옥 / 생황 김효영",https://www.sejongpac.or.kr/portal/performance/performance/performTicket.do?performIdx=37598&menuNo=200320,couple:1.0;date_spot:1.0;서양음악(클래식),2026-09-11 22:28:45,concert,,,🎵 감성 가득한 무대와 음악을 즐기며 특별한 추억을 선사하는 낭만 공연,concert,concert,kopis,2026-10-07,,capital
KOPIS 공연예술통합전산망 | 서양음악(클래식),서양음악(클래식),"김주영 피아니스트 렉처 콘서트: 차이코프스키, 대륙의 울림과 흐느낌",2026-10-02 ~ 2026-10-02,전체 관람가,"서울 종로구 삼일대로15길 8 (관철동) | 위도:37.568922, 경도:126.987006","전석 40,000원",서양음악(클래식) · 종로아트홀 (종로아트홀) · 러닝타임 1시간 30분,https://booking.naver.com/booking/5/bizes/1597741,couple:1.0;date_spot:1.0;서양음악(클래식),2026-09-11 22:28:45,concert,,,🎵 감성 가득한 무대와 음악을 즐기며 특별한 추억을 선사하는 낭만 공연,concert,concert,kopis,2026-10-02,,capital
KOPIS 공연예술통합전산망 | 한국음악(국악),한국음악(국악),정원기의 다섯 줄,2026-10-07 ~ 2026-10-08,만 7세 이상,"서울 서초구 남부순환로 2364 (서초동) 국립국악원 | 위도:37.4786094, 경도:127.01130690000002","전석 20,000원",한국음악(국악) · 국립국악원 (풍류사랑방) · 러닝타임 1시간 30분,http://ticket.interpark.com/Ticket/Goods/GoodsInfo.asp?GoodsCode=26012566,couple:1.0;date_spot:1.0;한국음악(국악),2026-09-11 22:28:45,concert,,,🎵 감성 가득한 무대와 음악을 즐기며 특별한 추억을 선사하는 낭만 공연,concert,concert,kopis,2026-10-08,,capital
KOPIS 공연예술통합전산망 | 서양음악(클래식),서양음악(클래식),전성진 귀국 피아노 독주회,2026-10-10 ~ 2026-10-10,만 8세 이상,"서울 서대문구 연세로 50 (신촌동) 연세대학교 백양누리 B1 금호아트홀 연세 | 위도:37.564089, 경도:126.93898089999993","전석 20,000원",서양음악(클래식) · 금호아트홀 연세 (금호아트홀 연세) · 러닝타임 1시간 40분,http://ticket.interpark.com/Ticket/Goods/GoodsInfo.asp?GoodsCode=26011909,couple:1.0;date_spot:1.0;서양음악(클래식),2026-09-11 22:28:45,concert,,,🎵 감성 가득한 무대와 음악을 즐기며 특별한 추억을 선사하는 낭만 공연,concert,concert,kopis,2026-10-10,,capital
KOPIS 공연예술통합전산망 | 대중음악,대중음악,"데미소다 콘서트, DEMI-CON!",2026-10-05 ~ 2026-10-05,만 7세 이상,"서울 광진구 구천면로 20 (광장동) | 위도:37.5456881, 경도:127.1079671","스탠딩석 55,000원",대중음악 · 예스24 라이브홀 (구. 악스코리아) (예스24 라이브홀 (구. 악스코리아)) · 러닝타임 4시간,https://www.2tm.co.kr/ticket/10663,couple:1.0;date_spot:1.0;대중음악,2026-09-11 22:28:45,concert,,,🎵 감성 가득한 무대와 음악을 즐기며 특별한 추억을 선사하는 낭만 공연,concert,concert,kopis,2026-10-05,,capital
KOPIS 공연예술통합전산망 | 연극,연극,동치미,2026-09-30 ~ 2026-10-04,만 7세 이상,"서울 종로구 대학로 112 (동숭동) | 위도:37.5811397, 경도:127.00238289999993","전석 30,000원",연극 · 대학로 이음센터(한국장애인문화예술원) (이음홀) · 러닝타임 1시간 40분,http://ticket.interpark.com/Ticket/Goods/GoodsInfo.asp?GoodsCode=26012551,couple:1.0;date_spot:1.0;연극,2026-09-11 22:28:45,concert,,,🎵 감성 가득한 무대와 음악을 즐기며 특별한 추억을 선사하는 낭만 공연,concert,concert,kopis,2026-10-04,,capital
KOPIS 공연예술통합전산망 | 서양음악(클래식),서양음악(클래식),박민하 바이올린 독주회,2026-10-07 ~ 2026-10-07,만 7세 이상,"서울 서초구 남부순환로 2406 (서초동) | 위도:37.4786896, 경도:127.01182410000001","전석 30,000원",서양음악(클래식) · 예술의전당 [서울] (인춘아트홀) · 러닝타임 1시간 30분,http://ticket.interpark.com/Ticket/Goods/GoodsInfo.asp?GoodsCode=26012687,couple:1.0;date_spot:1.0;서양음악(클래식),2026-09-11 22:28:45,concert,,,🎵 감성 가득한 무대와 음악을 즐기며 특별한 추억을 선사하는 낭만 공연,concert,concert,kopis,2026-10-07,,capital
KOPIS 공연예술통합전산망 | 서양음악(클래식),서양음악(클래식),"제5회 경기 심포닉 윈드오케스트라 정기연주회: SONGS OF OUR LIFE 음악, 추억 그리고 삶 [과천]",2026-10-08 ~ 2026-10-08,만 7세 이상,"경기 과천시 통영로 5 (중앙동) | 위도:37.4279091, 경도:126.98950450000007","전석 30,000원",서양음악(클래식) · 과천시민회관 (대극장) · 러닝타임 1시간 40분,http://ticket.interpark.com/Ticket/Goods/GoodsInfo.asp?GoodsCode=26012667,couple:1.0;date_spot:1.0;서양음악(클래식),2026-09-11 22:28:45,concert,,,🎵 감성 가득한 무대와 음악을 즐기며 특별한 추억을 선사하는 낭만 공연,concert,concert,kopis,2026-10-08,,capital
KOPIS 공연예술통합전산망 | 연극,연극,망원동 브라더스 [대학로],2026-10-09 ~ 2026-10-31,만 12세 이상,"서울 종로구 대학로8가길 52 (동숭동) | 위도:37.5829439, 경도:127.00262709999993","전석 66,000원",연극 · 루미나아트홀 (구.시온아트홀) (루미나아트홀 (구. 시온아트홀) ) · 러닝타임 1시간 40분,http://ticket.interpark.com/Ticket/Goods/GoodsInfo.asp?GoodsCode=26012468,couple:1.0;date_spot:1.0;연극,2026-09-11 22:28:45,concert,,,🎵 감성 가득한 무대와 음악을 즐기며 특별한 추억을 선사하는 낭만 공연,concert,concert,kopis,2026-10-31,,capital
KOPIS 공연예술통합전산망 | 무용(서양/한국무용),무용(서양/한국무용),"은평 에브리바디 페스티벌 (EEBF) , 와이즈발레단: 지젤 GISELLE",2026-10-09 ~ 2026-10-09,만 7세 이상,"서울 은평구 녹번로 16 (녹번동) | 위도:37.6036744, 경도:126.927865","1층석 30,000원",무용(서양/한국무용) · 은평문화예술회관 (공연장) · 러닝타임 2시간,http://ticket.interpark.com/Ticket/Goods/GoodsInfo.asp?GoodsCode=26012397,couple:1.0;date_spot:1.0;무용(서양/한국무용),2026-09-11 22:28:45,concert,,,💑 연인과 함께 둘만의 소중한 주말 추억을 나누기 좋은 맞춤형 추천 장소,concert,concert,kopis,2026-10-09,,capital
KOPIS 공연예술통합전산망 | 대중음악,대중음악,조관우 MUSIC 콘서트: 가을의 기적 [부천],2026-10-04 ~ 2026-10-04,만 7세 이상,"경기 부천시 원미구 부일로 365 (중동) | 위도:37.4886325, 경도:126.7706582","VIP석 132,000원, R석 110,000원, S석 99,000원",대중음악 · 부천시민회관 (대공연장) · 러닝타임 2시간 30분,http://www.ticketlink.co.kr/product/65214,couple:1.0;date_spot:1.0;대중음악,2026-09-11 22:28:45,concert,,,🎵 감성 가득한 무대와 음악을 즐기며 특별한 추억을 선사하는 낭만 공연,concert,concert,kopis,2026-10-04,,capital
KOPIS 공연예술통합전산망 | 연극,연극,"서울어텀페스타, 스위스조력사인터뷰대비 성인영어회화 클래스",2026-09-30 ~ 2026-10-11,만 13세 이상,"서울 종로구 혜화로9길 7 (명륜1가) | 위도:37.5876677, 경도:126.99939259999996","전석 40,000원",연극 · 나온씨어터 (나온씨어터) · 러닝타임 1시간 30분,http://ticket.interpark.com/Ticket/Goods/GoodsInfo.asp?GoodsCode=26012307,couple:1.0;date_spot:1.0;연극,2026-09-11 22:28:45,concert,,,🎵 감성 가득한 무대와 음악을 즐기며 특별한 추억을 선사하는 낭만 공연,concert,concert,kopis,2026-10-11,,capital
KOPIS 공연예술통합전산망 | 서양음악(클래식),서양음악(클래식),피아니스트 안화영의 작곡가 시리즈 Ⅳ,2026-10-04 ~ 2026-10-04,만 7세 이상,"서울 서초구 남부순환로 2406 (서초동) | 위도:37.4786896, 경도:127.01182410000001","전석 20,000원",서양음악(클래식) · 예술의전당 [서울] (리사이틀홀) · 러닝타임 1시간 30분,http://ticket.interpark.com/Ticket/Goods/GoodsInfo.asp?GoodsCode=26012014,couple:1.0;date_spot:1.0;서양음악(클래식),2026-09-11 22:28:45,concert,,,🎵 감성 가득한 무대와 음악을 즐기며 특별한 추억을 선사하는 낭만 공연,concert,concert,kopis,2026-10-04,,capital
KOPIS 공연예술통합전산망 | 한국음악(국악),한국음악(국악),두아: 유월의 눈 [서울],2026-10-01 ~ 2026-10-03,만 7세 이상,"서울 금천구 시흥대로115길 48(독산동) | 위도:37.4687771, 경도:126.8944749","전석 20,000원",한국음악(국악) · 금천뮤지컬센터 (금천예술극장) · 러닝타임 1시간 30분,http://ticket.interpark.com/Ticket/Goods/GoodsInfo.asp?GoodsCode=26012568,couple:1.0;date_spot:1.0;한국음악(국악),2026-09-11 22:28:45,concert,,,🎵 감성 가득한 무대와 음악을 즐기며 특별한 추억을 선사하는 낭만 공연,concert,concert,kopis,2026-10-03,,capital
KOPIS 공연예술통합전산망 | 서양음악(클래식),서양음악(클래식),강성주 피아노 독주회,2026-10-10 ~ 2026-10-10,만 7세 이상,"서울 서초구 남부순환로 2406 (서초동) | 위도:37.4786896, 경도:127.01182410000001","전석 20,000원",서양음악(클래식) · 예술의전당 [서울] (리사이틀홀) · 러닝타임 1시간 30분,http://ticket.interpark.com/Ticket/Goods/GoodsInfo.asp?GoodsCode=26012372,couple:1.0;date_spot:1.0;서양음악(클래식),2026-09-11 22:28:45,concert,,,🎵 감성 가득한 무대와 음악을 즐기며 특별한 추억을 선사하는 낭만 공연,concert,concert,kopis,2026-10-10,,capital
KOPIS 공연예술통합전산망 | 서양음악(클래식),서양음악(클래식),제18회 에드 무지카 정기연주회,2026-10-01 ~ 2026-10-01,만 7세 이상,"서울 서초구 남부순환로 2406 (서초동) | 위도:37.4786896, 경도:127.01182410000001","전석 30,000원","[공연소개] 2020년 창단된 에드 무지카(Ad Musica)는 '음악의 본질로(Back to Music)'라는 뜻으로, 바이올리니스트 김현미 교수(한국예술종합학교)를 중심으로 국내·외에서 주목받고 있는 젊은 음악인들이 모여 예술성과 대중성을 아우르는 폭넓은 레퍼토리를 갖춘 전문 연주단체이다. 2020년 창단 연주와 함께 다채로운 주제와 깊이 있는 음악으로 관객과의 만남을 지속하고 있는 에드 무지카는 2021년 모차르트 서거 230주년을 기념한 바이올린 소나타 전곡 녹음 프로젝트를 비롯하여 한국문화예술위원회의 '아트 체인지 업'에 …",http://ticket.interpark.com/Ticket/Goods/GoodsInfo.asp?GoodsCode=26012426,couple:1.0;date_spot:1.0;서양음악(클래식),2026-09-11 22:28:45,concert,,,🎵 감성 가득한 무대와 음악을 즐기며 특별한 추억을 선사하는 낭만 공연,concert,concert,kopis,2026-10-01,,capital
KOPIS 공연예술통합전산망 | 연극,연극,"제6회 여주인공 페스티벌, 늙은 여자, 아쿨리나",2026-09-30 ~ 2026-10-04,만 14세 이상,"서울 종로구 혜화로 17 (명륜1가) | 위도:37.5870645, 경도:126.99977209999997","전석 30,000원",연극 · 미마지아트센터 (물빛극장) · 러닝타임 1시간 35분,http://ticket.interpark.com/Ticket/Goods/GoodsInfo.asp?GoodsCode=26012472,couple:1.0;date_spot:1.0;연극,2026-09-11 22:28:45,concert,,,🎵 감성 가득한 무대와 음악을 즐기며 특별한 추억을 선사하는 낭만 공연,concert,concert,kopis,2026-10-04,,capital
KOPIS 공연예술통합전산망 | 대중음악,대중음악,"10CM FAN CONCERT: THE MISSING TRACKS 사라진 곡들의 행방, CASE No.1011",2026-10-11 ~ 2026-10-11,만 7세 이상,"서울 송파구 올림픽로 424 올림픽공원 (방이동) | 위도:37.52112, 경도:127.12836360000006","전석 132,000원",대중음악 · 올림픽공원 (올림픽홀),http://ticket.interpark.com/Ticket/Goods/GoodsInfo.asp?GoodsCode=26011969,couple:1.0;date_spot:1.0;대중음악,2026-09-11 22:28:45,concert,,,🎵 감성 가득한 무대와 음악을 즐기며 특별한 추억을 선사하는 낭만 공연,concert,concert,kopis,2026-10-11,,capital
KOPIS 공연예술통합전산망 | 서양음악(클래식),서양음악(클래식),소프라노 인수연 독창회,2026-10-06 ~ 2026-10-06,만 7세 이상,"서울 용산구 한남대로 98 (한남동) | 위도:37.5372055, 경도:127.00552319999997","전석 30,000원","[PROGRAM] Georg Friedrich Händel (1685-1759) Neun deutsche Arien (9개의 독일 아리아) Künft'ger Zeiten eitler Kummer, HWV 202 다가올 날들에 대한 덧없는 근심 Das zitternde Glänzen der spielenden Wellen, HWV 203 춤추는 물결 위에 떨리는 빛 Süßer Blumen Ambraflocken, HWV 204 꽃들이 흩뿌리는 달콤한 향기 Süße Stille, sanfte Quelle ruhiger Gelassenh…",http://ticket.interpark.com/Ticket/Goods/GoodsInfo.asp?GoodsCode=26012420,couple:1.0;date_spot:1.0;서양음악(클래식),2026-09-11 22:28:45,concert,,,🎵 감성 가득한 무대와 음악을 즐기며 특별한 추억을 선사하는 낭만 공연,concert,concert,kopis,2026-10-06,,capital
KOPIS 공연예술통합전산망 | 서양음악(클래식),서양음악(클래식),"인천시립교향악단 기획연주회, 기록음악회",2026-10-08 ~ 2026-10-08,만 7세 이상,"인천 연수구 아트센터대로 222 (송도동) | 위도:37.39348409999999, 경도:126.63095859999999","전석 10,000원",서양음악(클래식) · 아트센터 인천 (콘서트홀) · 러닝타임 1시간 10분,http://ticket.interpark.com/Ticket/Goods/GoodsInfo.asp?GoodsCode=26012434,couple:1.0;date_spot:1.0;서양음악(클래식),2026-09-11 22:28:45,concert,,,🎵 감성 가득한 무대와 음악을 즐기며 특별한 추억을 선사하는 낭만 공연,concert,concert,kopis,2026-10-08,,capital
KOPIS 공연예술통합전산망 | 서양음악(클래식),서양음악(클래식),"제18회 서울국제음악제, SIMF실내악: Serenade",2026-10-10 ~ 2026-10-10,만 7세 이상,"서울 서초구 남부순환로 2406 (서초동) | 위도:37.4786896, 경도:127.01182410000001","R석 60,000원, S석 40,000원, A석 20,000원",서양음악(클래식) · 예술의전당 [서울] (IBK챔버홀) · 러닝타임 1시간 50분,http://ticket.interpark.com/Ticket/Goods/GoodsInfo.asp?GoodsCode=26011942,couple:1.0;date_spot:1.0;서양음악(클래식),2026-09-11 22:28:45,concert,,,🎵 감성 가득한 무대와 음악을 즐기며 특별한 추억을 선사하는 낭만 공연,concert,concert,kopis,2026-10-10,,capital
KOPIS 공연예술통합전산망 | 연극,연극,매니 문 [대학로],2026-10-01 ~ 2026-10-07,만 16세 이상,"서울 종로구 대학로8길 7 (동숭동) | 위도:37.5811855, 경도:127.0029999","전석 40,000원",연극 · 아르코예술극장 (소극장) · 러닝타임 1시간 45분,http://ticket.interpark.com/Ticket/Goods/GoodsInfo.asp?GoodsCode=26012347,couple:1.0;date_spot:1.0;연극,2026-09-11 22:28:45,concert,,,🎵 감성 가득한 무대와 음악을 즐기며 특별한 추억을 선사하는 낭만 공연,concert,concert,kopis,2026-10-07,,capital
KOPIS 공연예술통합전산망 | 연극,연극,터미널,2026-09-24 ~ 2026-10-04,만 12세 이상,"서울 성북구 동소문로20나길 27 (동선동1가) | 위도:37.59245, 경도:127.0181255","전석 30,000원",연극 · 뜻밖의 극장(구. 해우소소극장) (뜻밖의 극장(구. 해우소소극장)) · 러닝타임 1시간 50분,http://ticket.interpark.com/Ticket/Goods/GoodsInfo.asp?GoodsCode=26012464,couple:1.0;date_spot:1.0;연극,2026-09-11 22:28:45,concert,,,🎵 감성 가득한 무대와 음악을 즐기며 특별한 추억을 선사하는 낭만 공연,concert,concert,kopis,2026-10-04,,capital
KOPIS 공연예술통합전산망 | 서양음악(클래식),서양음악(클래식),바이올리니스트 옥유아 바흐 무반주 전곡 시리즈 I,2026-10-01 ~ 2026-10-01,만 7세 이상,"서울 서초구 남부순환로 2406 (서초동) | 위도:37.4786896, 경도:127.01182410000001","전석 30,000원",서양음악(클래식) · 예술의전당 [서울] (리사이틀홀) · 러닝타임 1시간 30분,http://ticket.interpark.com/Ticket/Goods/GoodsInfo.asp?GoodsCode=26012125,couple:1.0;date_spot:1.0;서양음악(클래식),2026-09-11 22:28:45,concert,,,🎵 감성 가득한 무대와 음악을 즐기며 특별한 추억을 선사하는 낭만 공연,concert,concert,kopis,2026-10-01,,capital
KOPIS 공연예술통합전산망 | 서양음악(클래식),서양음악(클래식),"말러리안 시리즈 10 FINALE, 말러 교향곡 2번: Ewiger Gesang",2026-10-09 ~ 2026-10-09,만 7세 이상,"서울 송파구 올림픽로 300 (신천동) 롯데월드몰 8층 롯데문화재단 | 위도:37.5130605, 경도:127.10349500000007","R석 90,000원, S석 60,000원, A석 40,000원, B석 20,000원",서양음악(클래식) · 롯데콘서트홀 (롯데콘서트홀) · 러닝타임 1시간 30분,http://www.ticketlink.co.kr/product/65131,couple:1.0;date_spot:1.0;서양음악(클래식),2026-09-11 22:28:45,concert,,,🎵 감성 가득한 무대와 음악을 즐기며 특별한 추억을 선사하는 낭만 공연,concert,concert,kopis,2026-10-09,,capital
KOPIS 공연예술통합전산망 | 서양음악(클래식),서양음악(클래식),조윤정 바이올린 독주회,2026-10-09 ~ 2026-10-09,만 7세 이상,"서울 서초구 남부순환로 2406 (서초동) | 위도:37.4786896, 경도:127.01182410000001","전석 20,000원",서양음악(클래식) · 예술의전당 [서울] (리사이틀홀) · 러닝타임 1시간 30분,http://ticket.interpark.com/Ticket/Goods/GoodsInfo.asp?GoodsCode=26012482,couple:1.0;date_spot:1.0;서양음악(클래식),2026-09-11 22:28:45,concert,,,🎵 감성 가득한 무대와 음악을 즐기며 특별한 추억을 선사하는 낭만 공연,concert,concert,kopis,2026-10-09,,capital
KOPIS 공연예술통합전산망 | 대중음악,대중음악,윤종신 전국투어 콘서트: 가을냄새 [인천],2026-10-10 ~ 2026-10-10,만 8세 이상,"인천 남동구 예술로 149 (구월동) | 위도:37.4477666, 경도:126.70008329999996","R석 154,000원, S석 132,000원",대중음악 · 인천문화예술회관 (대공연장) · 러닝타임 2시간,http://www.ticketlink.co.kr/product/65139,couple:1.0;date_spot:1.0;대중음악,2026-09-11 22:28:45,concert,,,🎵 감성 가득한 무대와 음악을 즐기며 특별한 추억을 선사하는 낭만 공연,concert,concert,kopis,2026-10-10,,capital
KOPIS 공연예술통합전산망 | 대중음악,대중음악,제12회 ERTT Special Party with Mitsuki Nakae,2026-10-11 ~ 2026-10-11,만 18세 이상,"서울 마포구 양화로 100-10 (서교동) | 위도:37.5524844, 경도:126.91899269999999","현장판매 55,000원, VIP석 80,000원, 일반석 50,000원","대중음악 · 플렉스라운지 (구. 스테이라운지, 구. 인디팍) (플렉스라운지 (구. 스테이라운지, 구. 인디팍)) · 러닝타임 4시간",https://booking.naver.com/booking/12/bizes/1374232,couple:1.0;date_spot:1.0;대중음악,2026-09-11 22:28:45,concert,,,🎵 감성 가득한 무대와 음악을 즐기며 특별한 추억을 선사하는 낭만 공연,concert,concert,kopis,2026-10-11,,capital
KOPIS 공연예술통합전산망 | 대중음악,대중음악,"10CM FAN CONCERT: THE MISSING TRACKS 사라진 곡들의 행방, CASE No.1010",2026-10-10 ~ 2026-10-10,만 7세 이상,"서울 송파구 올림픽로 424 올림픽공원 (방이동) | 위도:37.52112, 경도:127.12836360000006","전석 132,000원",대중음악 · 올림픽공원 (올림픽홀),http://ticket.interpark.com/Ticket/Goods/GoodsInfo.asp?GoodsCode=26011968,couple:1.0;date_spot:1.0;대중음악,2026-09-11 22:28:45,concert,,,🎵 감성 가득한 무대와 음악을 즐기며 특별한 추억을 선사하는 낭만 공연,concert,concert,kopis,2026-10-10,,capital
KOPIS 공연예술통합전산망 | 연극,연극,Mud [대학로],2026-09-24 ~ 2026-10-04,만 19세 이상,"서울 종로구 창경궁로35길 7 (혜화동) | 위도:37.586337, 경도:127.00133069999993","전석 35,000원",연극 · 연극실험실 혜화동1번지 (연극실험실 혜화동1번지) · 러닝타임 1시간 30분,http://ticket.interpark.com/Ticket/Goods/GoodsInfo.asp?GoodsCode=26012323,couple:1.0;date_spot:1.0;연극,2026-09-11 22:28:45,concert,,,🎵 감성 가득한 무대와 음악을 즐기며 특별한 추억을 선사하는 낭만 공연,concert,concert,kopis,2026-10-04,,capital
KOPIS 공연예술통합전산망 | 뮤지컬,뮤지컬,렛미플라이 [서울],2026-10-06 ~ 2027-01-03,만 7세 이상,"서울 종로구 종로33길 15 (연지동) | 위도:37.571729, 경도:127.00118929999996","R석 88,000원, S석 66,000원",뮤지컬 · 두산아트센터 (연강홀) · 러닝타임 2시간,http://www.ticketlink.co.kr/product/65165,couple:1.0;date_spot:1.0;뮤지컬,2026-09-11 22:28:45,concert,,,🎵 감성 가득한 무대와 음악을 즐기며 특별한 추억을 선사하는 낭만 공연,concert,concert,kopis,2027-01-03,,capital
KOPIS 공연예술통합전산망 | 대중음악,대중음악,"10CM FAN CONCERT: THE MISSING TRACKS 사라진 곡들의 행방, CASE No.1009",2026-10-09 ~ 2026-10-09,만 7세 이상,"서울 송파구 올림픽로 424 올림픽공원 (방이동) | 위도:37.52112, 경도:127.12836360000006","전석 132,000원",대중음악 · 올림픽공원 (올림픽홀),http://ticket.interpark.com/Ticket/Goods/GoodsInfo.asp?GoodsCode=26011325,couple:1.0;date_spot:1.0;대중음악,2026-09-11 22:28:45,concert,,,🎵 감성 가득한 무대와 음악을 즐기며 특별한 추억을 선사하는 낭만 공연,concert,concert,kopis,2026-10-09,,capital
KOPIS 공연예술통합전산망 | 연극,연극,도어 넥스트 헤븐 [대학로],2026-09-15 ~ 2026-11-01,만 14세 이상,"서울 종로구 대학로14길 26-1 (혜화동) | 위도:37.584528, 경도:127.002688","전석 44,000원",연극 · 로비 바이 컨템포러리 테일즈 (로비 바이 컨템포러리 테일즈(B1)) · 러닝타임 1시간 15분,http://ticket.interpark.com/Ticket/Goods/GoodsInfo.asp?GoodsCode=26012387,couple:1.0;date_spot:1.0;연극,2026-09-11 22:28:45,concert,,,🎵 감성 가득한 무대와 음악을 즐기며 특별한 추억을 선사하는 낭만 공연,concert,concert,kopis,2026-11-01,,capital
KOPIS 공연예술통합전산망 | 서양음악(클래식),서양음악(클래식),"회상 시리즈 Ⅱ, 기억의 결 [인천]",2026-10-03 ~ 2026-10-03,만 4세 이상,"인천 연수구 아트센터대로 222 (송도동) | 위도:37.39348409999999, 경도:126.63095859999999","전석 10,000원",서양음악(클래식) · 아트센터 인천 (콘서트홀) · 러닝타임 1시간 30분,https://www.enticket.com:469/pfm/sub01_view.html?pfmIng=1&p_idx=4364,couple:1.0;date_spot:1.0;서양음악(클래식),2026-09-11 22:28:45,concert,,,🎵 감성 가득한 무대와 음악을 즐기며 특별한 추억을 선사하는 낭만 공연,concert,concert,kopis,2026-10-03,,capital
KOPIS 공연예술통합전산망 | 대중음악,대중음악,윤종신 전국투어 콘서트: 가을냄새 [서울],2026-10-02 ~ 2026-10-04,만 7세 이상,"서울 종로구 동숭길 100 | 위도:37.5820171, 경도:127.00353629999995","R석 154,000원, S석 132,000원",대중음악 · NOL 씨어터 대학로 (구. 대학로뮤지컬센터) (우리카드홀 ) · 러닝타임 2시간,http://ticket.interpark.com/Ticket/Goods/GoodsInfo.asp?GoodsCode=26012206,couple:1.0;date_spot:1.0;대중음악,2026-09-11 22:28:45,concert,,,🎵 감성 가득한 무대와 음악을 즐기며 특별한 추억을 선사하는 낭만 공연,concert,concert,kopis,2026-10-04,,capital
KOPIS 공연예술통합전산망 | 연극,연극,빈집 [대학로],2026-09-10 ~ 2026-10-18,만 10세 이상,"서울 종로구 성균관로4길 42 (명륜2가) | 위도:37.5847101, 경도:126.9996688","전석 45,000원",연극 · 지즐소극장 (지즐소극장) · 러닝타임 1시간 30분,https://booking.naver.com/booking/12/bizes/1718088,couple:1.0;date_spot:1.0;연극,2026-09-11 22:28:45,concert,,,🎵 감성 가득한 무대와 음악을 즐기며 특별한 추억을 선사하는 낭만 공연,concert,concert,kopis,2026-10-18,,capital
KOPIS 공연예술통합전산망 | 뮤지컬,뮤지컬,미드나잇: 앤틀러스 [대학로],2026-10-04 ~ 2026-11-15,만 13세 이상,"서울 종로구 대학로12길 64 (동숭동) | 위도:37.5811328, 경도:127.00369969999997","R석 88,000원, S석 66,000원, A석 55,000원",뮤지컬 · 유니플렉스 (1관(대극장)) · 러닝타임 1시간 30분,http://www.ticketlink.co.kr/product/65093,couple:1.0;date_spot:1.0;뮤지컬,2026-09-11 22:28:45,concert,,43.8,🎵 감성 가득한 무대와 음악을 즐기며 특별한 추억을 선사하는 낭만 공연,concert,concert,kopis,2026-11-15,kopis_boxoffice,capital
KOPIS 공연예술통합전산망 | 서양음악(클래식),서양음악(클래식),제14회 한국남성합창단 & 도쿄리더타펠 합동 연주회,2026-10-07 ~ 2026-10-07,만 7세 이상,"서울 종로구 세종대로 175 (세종로) | 위도:37.5725254, 경도:126.97564290000003","VIP석 70,000원, R석 50,000원, S석 30,000원, A석 20,000원",서양음악(클래식) · 세종문화회관 (세종대극장) · 러닝타임 2시간,http://ticket.interpark.com/Ticket/Goods/GoodsInfo.asp?GoodsCode=P0004789,couple:1.0;date_spot:1.0;서양음악(클래식),2026-09-11 22:28:45,concert,,,🎵 감성 가득한 무대와 음악을 즐기며 특별한 추억을 선사하는 낭만 공연,concert,concert,kopis,2026-10-07,,capital
KOPIS 공연예술통합전산망 | 한국음악(국악),한국음악(국악),"판소리아지트 놀애박스, 판소리 쑛스토리: 모파상 篇 [고양]",2026-10-02 ~ 2026-10-04,만 13세 이상,"경기 고양시 일산동구 중앙로 1286 (마두동) 고양아람누리 | 위도:37.6614074, 경도:126.77433789999998","전석 30,000원",한국음악(국악) · 고양아람누리 (새라새극장) · 러닝타임 1시간 30분,http://www.artgy.or.kr/PF/PF0201V.aspx?showid=0000008416,couple:1.0;date_spot:1.0;한국음악(국악),2026-09-11 22:28:45,concert,,,🎵 감성 가득한 무대와 음악을 즐기며 특별한 추억을 선사하는 낭만 공연,concert,concert,kopis,2026-10-04,,capital
KOPIS 공연예술통합전산망 | 연극,연극,메타모르포시스: 변신,2026-10-02 ~ 2026-10-03,만 11세 이상,"서울 구로구 가마산로25길 9-24 (구로동) | 위도:37.4965397, 경도:126.88896820000002","전석 20,000원",연극 · 구로아트밸리 (예술극장) · 러닝타임 1시간 10분,http://ticket.interpark.com/Ticket/Goods/GoodsInfo.asp?GoodsCode=26012116,couple:1.0;date_spot:1.0;연극,2026-09-11 22:28:45,concert,,,🎵 감성 가득한 무대와 음악을 즐기며 특별한 추억을 선사하는 낭만 공연,concert,concert,kopis,2026-10-03,,capital
KOPIS 공연예술통합전산망 | 대중음악,대중음악,이하이 솔로 콘서트,2026-10-03 ~ 2026-10-03,전체 관람가,"서울 마포구 양화로 45 (서교동, 메세나폴리스) | 위도:37.5515008, 경도:126.9139502","VIP석 176,000원, 지정석(스탠딩석) 132,000원","대중음악 · NOL 씨어터 합정(구, 신한카드 SOL페이 스퀘어) (동양생명홀) · 러닝타임 1시간 40분",http://ticket.interpark.com/Ticket/Goods/GoodsInfo.asp?GoodsCode=26012121,couple:1.0;date_spot:1.0;대중음악,2026-09-11 22:28:45,concert,,,🎵 감성 가득한 무대와 음악을 즐기며 특별한 추억을 선사하는 낭만 공연,concert,concert,kopis,2026-10-03,,capital
KOPIS 공연예술통합전산망 | 한국음악(국악),한국음악(국악),"수림뉴웨이브, 이재하: 현금제: 이중번역 (二重飜譯)",2026-10-08 ~ 2026-10-08,만 7세 이상,"서울 동대문구 홍릉로 118 (청량리동) | 위도:37.5905713, 경도:127.04291860000001","전석 30,000원",한국음악(국악) · 김희수아트센터 (SPACE 1(다목적홀)) · 러닝타임 1시간,https://www.nanumticket.or.kr/pe/detail.html?p_marking=&p_new=&start2=0&page_no2=1&p_idx=13981,couple:1.0;date_spot:1.0;한국음악(국악),2026-09-11 22:28:45,concert,,,🎵 감성 가득한 무대와 음악을 즐기며 특별한 추억을 선사하는 낭만 공연,concert,concert,kopis,2026-10-08,,capital
KOPIS 공연예술통합전산망 | 연극,연극,"제14회 GAF 공연예술제, 솔리다리오스",2026-10-02 ~ 2026-10-02,만 7세 이상,"서울 구로구 경인로 416 (고척동) | 위도:37.4982916, 경도:126.8658154","전석 15,000원",연극 · 구로창의아트홀 (구로창의아트홀) · 러닝타임 1시간 20분,http://ticket.interpark.com/Ticket/Goods/GoodsInfo.asp?GoodsCode=26011866,couple:1.0;date_spot:1.0;연극,2026-09-11 22:28:45,concert,,,🎵 감성 가득한 무대와 음악을 즐기며 특별한 추억을 선사하는 낭만 공연,concert,concert,kopis,2026-10-02,,capital
KOPIS 공연예술통합전산망 | 서양음악(클래식),서양음악(클래식),"제18회 서울국제음악제, 인생의 여정: 세 개의 초상",2026-10-09 ~ 2026-10-09,만 7세 이상,"서울 서초구 남부순환로 2406 (서초동) | 위도:37.4786896, 경도:127.01182410000001","R석 60,000원, S석 40,000원, A석 20,000원","[공연소개] SIMF 실내악 시리즈 ‘인생의 여정 – 세개의 초상’ ""A Journey of Life – Three Portraits"" 시간의 흐름, 황혼과 새벽, 서정과 명상. 2026 서울국제음악제 두 번째 무대는 이 세 빛깔을 브람스, 류재준, 쇼스타코비치의 음악으로 그려냅니다. 먼저 브람스의 '클라리넷 오중주, Op.115'가 무대를 황금빛 노을로 물들입니다. 본래 은퇴를 선언했던 그가 클라리네티스트 리하르트 뮐펠트의 연주에 마음을 돌려 다시 써 내려간 곡으로, 선율 곳곳에 노년의 회한이 짙게 배어 있습니다. 이어지는 류재준…",http://ticket.interpark.com/Ticket/Goods/GoodsInfo.asp?GoodsCode=26011940,couple:1.0;date_spot:1.0;서양음악(클래식),2026-09-11 22:28:45,concert,,,🎵 감성 가득한 무대와 음악을 즐기며 특별한 추억을 선사하는 낭만 공연,concert,concert,kopis,2026-10-09,,capital
KOPIS 공연예술통합전산망 | 서양음악(클래식),서양음악(클래식),안소연 피아노 독주회: 반주곡의 오후,2026-10-04 ~ 2026-10-04,만 7세 이상,"서울 서대문구 연세로 50 (신촌동) 연세대학교 백양누리 B1 금호아트홀 연세 | 위도:37.564089, 경도:126.93898089999993","전석 20,000원",서양음악(클래식) · 금호아트홀 연세 (금호아트홀 연세) · 러닝타임 1시간 30분,http://ticket.interpark.com/Ticket/Goods/GoodsInfo.asp?GoodsCode=26011962,couple:1.0;date_spot:1.0;서양음악(클래식),2026-09-11 22:28:45,concert,,,🎵 감성 가득한 무대와 음악을 즐기며 특별한 추억을 선사하는 낭만 공연,concert,concert,kopis,2026-10-04,,capital
KOPIS 공연예술통합전산망 | 서양음악(클래식),서양음악(클래식),"로열 윈드 뮤직, 리코더 앙상블 내한공연",2026-10-02 ~ 2026-10-02,만 7세 이상,"서울 서초구 남부순환로 2406 (서초동) | 위도:37.4786896, 경도:127.01182410000001","R석 60,000원, S석 50,000원",서양음악(클래식) · 예술의전당 [서울] (IBK챔버홀) · 러닝타임 1시간 30분,http://ticket.interpark.com/Ticket/Goods/GoodsInfo.asp?GoodsCode=26011020,couple:1.0;date_spot:1.0;서양음악(클래식),2026-09-11 22:28:45,concert,,,🎵 감성 가득한 무대와 음악을 즐기며 특별한 추억을 선사하는 낭만 공연,concert,concert,kopis,2026-10-02,,capital
KOPIS 공연예술통합전산망 | 서양음악(클래식),서양음악(클래식),"대한민국 피아노페스티벌, 피아노의 숲 피아노 콘서트 [수원]",2026-10-05 ~ 2026-10-05,만 7세 이상,"경기 수원시 팔달구 효원로307번길 20 (인계동) 경기도문화의전당 | 위도:37.2618899, 경도:127.0374319","R석 30,000원, S석 20,000원, 만원의 행복석 10,000원",서양음악(클래식) · 경기아트센터(구. 경기도문화의전당) (소극장) · 러닝타임 1시간 20분,http://ticket.interpark.com/Ticket/Goods/GoodsInfo.asp?GoodsCode=26012102,couple:1.0;date_spot:1.0;서양음악(클래식),2026-09-11 22:28:45,concert,,,🎵 감성 가득한 무대와 음악을 즐기며 특별한 추억을 선사하는 낭만 공연,concert,concert,kopis,2026-10-05,,capital
KOPIS 공연예술통합전산망 | 서양음악(클래식),서양음악(클래식),"제18회 서울국제음악제 개막음악회: 숨, 그리고 삶",2026-10-08 ~ 2026-10-08,만 7세 이상,"서울 서초구 남부순환로 2406 (서초동) | 위도:37.4786896, 경도:127.01182410000001","R석 60,000원, S석 40,000원, A석 20,000원",서양음악(클래식) · 예술의전당 [서울] (IBK챔버홀) · 러닝타임 1시간 35분,http://ticket.interpark.com/Ticket/Goods/GoodsInfo.asp?GoodsCode=26011930,couple:1.0;date_spot:1.0;서양음악(클래식),2026-09-11 22:28:45,concert,,,🎵 감성 가득한 무대와 음악을 즐기며 특별한 추억을 선사하는 낭만 공연,concert,concert,kopis,2026-10-08,,capital
KOPIS 공연예술통합전산망 | 연극,연극,"국립극단, 안트로폴리스 Ⅲ: 오이디푸스",2026-09-24 ~ 2026-10-18,만 15세 이상,"서울 중구 명동길 35 (명동1가) | 위도:37.563999, 경도:126.98417380000001","R석 60,000원, S석 45,000원, A석 30,000원",연극 · 국립극단 [명동] (명동예술극장) · 러닝타임 2시간,http://www.ntck.or.kr/ko/performance/info/257324,couple:1.0;date_spot:1.0;연극,2026-09-11 22:28:45,concert,,,🎵 감성 가득한 무대와 음악을 즐기며 특별한 추억을 선사하는 낭만 공연,concert,concert,kopis,2026-10-18,,capital
KOPIS 공연예술통합전산망 | 대중음악,대중음악,tripleS World Tour: ANDLESS [서울],2026-10-10 ~ 2026-10-11,만 6세 이상,"서울 중구 동호로 241 (장충동2가) | 위도:37.5581719, 경도:127.0067176","SSS석 165,000원, S석 30,000원",대중음악 · 장충체육관 (장충체육관) · 러닝타임 2시간,http://www.ticketlink.co.kr/product/64906,couple:1.0;date_spot:1.0;대중음악,2026-09-11 22:28:45,concert,,,🎵 감성 가득한 무대와 음악을 즐기며 특별한 추억을 선사하는 낭만 공연,concert,concert,kopis,2026-10-11,,capital
KOPIS 공연예술통합전산망 | 서양음악(클래식),서양음악(클래식),비올리스트 강동엽 보웬 전곡 시리즈 Ⅱ,2026-10-02 ~ 2026-10-02,만 7세 이상,"서울 서초구 남부순환로 2406 (서초동) | 위도:37.4786896, 경도:127.01182410000001","전석 30,000원",서양음악(클래식) · 예술의전당 [서울] (리사이틀홀) · 러닝타임 1시간 30분,http://ticket.interpark.com/Ticket/Goods/GoodsInfo.asp?GoodsCode=26012250,couple:1.0;date_spot:1.0;서양음악(클래식),2026-09-11 22:28:45,concert,,,🎵 감성 가득한 무대와 음악을 즐기며 특별한 추억을 선사하는 낭만 공연,concert,concert,kopis,2026-10-02,,capital
KOPIS 공연예술통합전산망 | 서양음악(클래식),서양음악(클래식),서울시향 퇴근길 토크 콘서트 Ⅲ: 북유럽의 밤,2026-10-01 ~ 2026-10-01,만 7세 이상,"서울 중구 세종대로21길 15 (정동) | 위도:37.567118, 경도:126.97605299999998","전석 20,000원","[프로그램] 그리그, 홀베르그 모음곡 중 1, 4악장 Grieg, HolbergSuite, Op. 40 I. Praeludium IV. Air 그리그, 모음곡 제1번 중 1, 2악장 Grieg, Peer Gynt: Suite No. 1, Op. 46 I. Morgenstemning II. Åses død 해그, 콘서트 서곡 제2번 J. A. Hägg, Concert Overture No. 2 in c minor, Op. 26 그리그, 부수음악 중 ‘솔베이의 노래’ Grieg, Peer Gynt, Incidental music, Op…",http://ticket.interpark.com/Ticket/Goods/GoodsInfo.asp?GoodsCode=26011976,couple:1.0;date_spot:1.0;서양음악(클래식),2026-09-11 22:28:45,concert,,,🎵 감성 가득한 무대와 음악을 즐기며 특별한 추억을 선사하는 낭만 공연,concert,concert,kopis,2026-10-01,,capital
KOPIS 공연예술통합전산망 | 연극,연극,데스포이나 [대학로],2026-10-02 ~ 2026-10-04,만 13세 이상,"서울 종로구 이화장길 78 (동숭동) | 위도:37.578643, 경도:127.00462949999996","전석 30,000원",연극 · 씨어터조이 (구. 마당세실극장) (씨어터조이 (구. 마당세실극장) ) · 러닝타임 1시간 30분,http://playticket.co.kr/nav/detail.html?idx=4524,couple:1.0;date_spot:1.0;연극,2026-09-11 22:28:45,concert,,,🎵 감성 가득한 무대와 음악을 즐기며 특별한 추억을 선사하는 낭만 공연,concert,concert,kopis,2026-10-04,,capital
KOPIS 공연예술통합전산망 | 서양음악(클래식),서양음악(클래식),"제18회 서울국제음악제, SIMF 오케스트라 : 빛과 그림자",2026-10-11 ~ 2026-10-11,만 7세 이상,"서울 서초구 남부순환로 2406 (서초동) | 위도:37.4786896, 경도:127.01182410000001","R석 120,000원, S석 90,000원, A석 60,000원, B석 30,000원, C석 10,000원","[PROGRAM] 레스피기 석양, P.101 O. Respighi Il Tramonto, P.101 메조 소프라노 김정미 Mezzo Sop. Jungmi Kim 모차르트 신포니아 콘체르탄테, K.364 W. A. Mozart Sinfonia Concertante in E-flat Major, K.364 바이올린 엘리나 베헬레 비올라 이한나 Violin Elina Vähälä Viola Hanna Lee 브리튼 - 테너와 호른, 현을 위한 세레나데, Op.31 B. Britten Serenade for Tenor, Horn and S…",http://ticket.interpark.com/Ticket/Goods/GoodsInfo.asp?GoodsCode=26011939,couple:1.0;date_spot:1.0;서양음악(클래식),2026-09-11 22:28:45,concert,,,🎵 감성 가득한 무대와 음악을 즐기며 특별한 추억을 선사하는 낭만 공연,concert,concert,kopis,2026-10-11,,capital
KOPIS 공연예술통합전산망 | 서양음악(클래식),서양음악(클래식),러브라이브! 오케스트라 콘서트,2026-10-05 ~ 2026-10-05,만 7세 이상,"서울 동대문구 경희대로 26 (회기동) | 위도:37.598682, 경도:127.052773","VIP석 132,000원, R석 121,000원, S석 110,000원, A석 88,000원",서양음악(클래식) · 경희대학교 평화의전당 (경희대학교 평화의전당) · 러닝타임 2시간,http://www.ticketlink.co.kr/product/64945,couple:1.0;date_spot:1.0;서양음악(클래식),2026-09-11 22:28:45,concert,,,🎵 감성 가득한 무대와 음악을 즐기며 특별한 추억을 선사하는 낭만 공연,concert,concert,kopis,2026-10-05,,capital
KOPIS 공연예술통합전산망 | 연극,연극,"M 초이스, 욕망이라는 이름의 전차",2026-10-08 ~ 2026-10-11,만 13세 이상,"서울 마포구 대흥로20길 28 (대흥동) | 위도:37.5499054542971, 경도:126.945526907783","R석 70,000원, S석 50,000원",연극 · 마포아트센터 (아트홀맥) · 러닝타임 1시간 40분,http://ticket.interpark.com/Ticket/Goods/GoodsInfo.asp?GoodsCode=26012072,couple:1.0;date_spot:1.0;연극,2026-09-11 22:28:45,concert,,,🎵 감성 가득한 무대와 음악을 즐기며 특별한 추억을 선사하는 낭만 공연,concert,concert,kopis,2026-10-11,,capital
KOPIS 공연예술통합전산망 | 뮤지컬,뮤지컬,뮤지컬 오페라,2026-10-01 ~ 2026-10-18,만 7세 이상,"서울 서대문구 이화여대길 52 (대현동) | 위도:37.5614238, 경도:126.94697270000006","VIP석 99,000원",뮤지컬 · 이화여자대학교 삼성홀 (이화여자대학교 삼성홀) · 러닝타임 2시간 15분,http://www.ticketlink.co.kr/product/65001,couple:1.0;date_spot:1.0;뮤지컬,2026-09-11 22:28:45,concert,,,🎵 감성 가득한 무대와 음악을 즐기며 특별한 추억을 선사하는 낭만 공연,concert,concert,kopis,2026-10-18,,capital
KOPIS 공연예술통합전산망 | 한국음악(국악),한국음악(국악),흥보 마누라 이혼소송 사건 [화성],2026-10-03 ~ 2026-10-03,만 14세 이상,"경기 화성시 노작로 134 (반송동) | 위도:37.2006588, 경도:127.07391230000007","전석 20,000원",한국음악(국악) · 동탄복합문화센터 반석아트홀 (반석아트홀) · 러닝타임 1시간 30분,http://ticket.interpark.com/Ticket/Goods/GoodsInfo.asp?GoodsCode=26011222,couple:1.0;date_spot:1.0;한국음악(국악),2026-09-11 22:28:45,concert,,,🎵 감성 가득한 무대와 음악을 즐기며 특별한 추억을 선사하는 낭만 공연,concert,concert,kopis,2026-10-03,,capital
KOPIS 공연예술통합전산망 | 뮤지컬,뮤지컬,브람스 [서울],2026-09-19 ~ 2026-10-25,만 12세 이상,"서울 강남구 영동대로 416 (대치동) | 위도:37.5065437, 경도:127.06535159999999","VIP석 77,000원, R석 66,000원, S석 55,000원",뮤지컬 · KT&G 상상마당 대치아트홀 (KT&G 상상마당 대치아트홀) · 러닝타임 1시간 40분,https://booking.naver.com/booking/12/bizes/1720694,couple:1.0;date_spot:1.0;뮤지컬,2026-09-11 22:28:45,concert,,,🎵 감성 가득한 무대와 음악을 즐기며 특별한 추억을 선사하는 낭만 공연,concert,concert,kopis,2026-10-25,,capital
KOPIS 공연예술통합전산망 | 뮤지컬,뮤지컬,섬: 1933~2019,2026-09-22 ~ 2026-11-22,만 11세 이상,"서울 중구 정동길 43 (정동) | 위도:37.5659672, 경도:126.97285929999998","전석 77,000원",뮤지컬 · 국립정동극장 (국립정동극장) · 러닝타임 1시간 55분,http://ticket.interpark.com/Ticket/Goods/GoodsInfo.asp?GoodsCode=26011828,couple:1.0;date_spot:1.0;뮤지컬,2026-09-11 22:28:45,concert,,,🎵 감성 가득한 무대와 음악을 즐기며 특별한 추억을 선사하는 낭만 공연,concert,concert,kopis,2026-11-22,,capital
KOPIS 공연예술통합전산망 | 복합,복합,"제26회 SPAF, 플뢰르 앨리스 노블: 그녀의 2차원적 삶",2026-10-10 ~ 2026-10-11,만 13세 이상,"서울 종로구 동숭길 122(동숭동) | 위도:37.583699, 경도:127.0037167","전석 40,000원",복합 · 서울문화재단 대학로극장 쿼드 (예술청) (대학로극장 쿼드 (예술청) ) · 러닝타임 45분,http://ticket.interpark.com/Ticket/Goods/GoodsInfo.asp?GoodsCode=26011855,couple:1.0;date_spot:1.0;복합,2026-09-11 22:28:45,concert,,,💑 연인과 함께 둘만의 소중한 주말 추억을 나누기 좋은 맞춤형 추천 장소,concert,concert,kopis,2026-10-11,,capital
KOPIS 공연예술통합전산망 | 연극,연극,내 모든 걸 [인천],2026-10-03 ~ 2026-10-03,만 7세 이상,"인천 계양구 계양산로35번길 11 (계산동) | 위도:37.5461360583772, 경도:126.718079789918","전석 20,000원",연극 · 계양문화회관 (대공연장) · 러닝타임 1시간 30분,http://ticket.interpark.com/Ticket/Goods/GoodsInfo.asp?GoodsCode=26011905,couple:1.0;date_spot:1.0;연극,2026-09-11 22:28:45,concert,,,🎵 감성 가득한 무대와 음악을 즐기며 특별한 추억을 선사하는 낭만 공연,concert,concert,kopis,2026-10-03,,capital
KOPIS 공연예술통합전산망 | 무용(서양/한국무용),무용(서양/한국무용),"서울아트마켓 (PAMS) x SPAF, 건져올렸지만 가라앉으려는 경향",2026-10-09 ~ 2026-10-10,만 13세 이상,"서울 종로구 대학로10길 17 (동숭동) | 위도:37.5820961, 경도:127.0031785","전석 40,000원",무용(서양/한국무용) · 대학로예술극장 (소극장) · 러닝타임 1시간 40분,http://ticket.interpark.com/Ticket/Goods/GoodsInfo.asp?GoodsCode=26011822,couple:1.0;date_spot:1.0;무용(서양/한국무용),2026-09-11 22:28:45,concert,,,💑 연인과 함께 둘만의 소중한 주말 추억을 나누기 좋은 맞춤형 추천 장소,concert,concert,kopis,2026-10-10,,capital
KOPIS 공연예술통합전산망 | 연극,연극,"제26회 SPAF, 사이의 거리",2026-10-08 ~ 2026-10-10,만 13세 이상,"서울 종로구 대학로8길 7 (동숭동) | 위도:37.5811855, 경도:127.0029999","R석 65,000원, S석 40,000원",연극 · 아르코예술극장 (대극장) · 러닝타임 1시간 25분,https://tickets.interpark.com/goods/26011829,couple:1.0;date_spot:1.0;연극,2026-09-11 22:28:45,concert,,,🎵 감성 가득한 무대와 음악을 즐기며 특별한 추억을 선사하는 낭만 공연,concert,concert,kopis,2026-10-10,,capital
KOPIS 공연예술통합전산망 | 연극,연극,클로저 [대학로],2026-09-15 ~ 2026-12-06,만 19세 이상,"서울 종로구 대학로12길 21 (동숭동) | 위도:37.5827158, 경도:127.00324840000007","R석 66,000원, S석 44,000원",연극 · 예스24 스테이지(구. DCF대명문화공장) (2관) · 러닝타임 1시간 50분,https://booking.naver.com/booking/12/bizes/1723506,couple:1.0;date_spot:1.0;연극,2026-09-11 22:28:45,concert,,,🎵 감성 가득한 무대와 음악을 즐기며 특별한 추억을 선사하는 낭만 공연,concert,concert,kopis,2026-12-06,,capital
KOPIS 공연예술통합전산망 | 복합,복합,"제26회 SPAF, 루만: 플뢰르 앨리스 노블",2026-10-08 ~ 2026-10-09,만 16세 이상,"서울 종로구 동숭길 122(동숭동) | 위도:37.583699, 경도:127.0037167","전석 40,000원",복합 · 서울문화재단 대학로극장 쿼드 (예술청) (대학로극장 쿼드 (예술청) ) · 러닝타임 50분,http://ticket.interpark.com/Ticket/Goods/GoodsInfo.asp?GoodsCode=26011856,couple:1.0;date_spot:1.0;복합,2026-09-11 22:28:45,concert,,,💑 연인과 함께 둘만의 소중한 주말 추억을 나누기 좋은 맞춤형 추천 장소,concert,concert,kopis,2026-10-09,,capital
KOPIS 공연예술통합전산망 | 한국음악(국악),한국음악(국악),"수림 뉴 웨이브, 최태영의 해금: 비사비죽",2026-10-01 ~ 2026-10-01,만 7세 이상,"서울 동대문구 홍릉로 118 (청량리동) | 위도:37.5905713, 경도:127.04291860000001","전석 30,000원",한국음악(국악) · 김희수아트센터 (SPACE 1(다목적홀)) · 러닝타임 1시간,https://www.nanumticket.or.kr/pe/detail.html?p_marking=&p_new=&start2=0&page_no2=1&p_idx=13933,couple:1.0;date_spot:1.0;한국음악(국악),2026-09-11 22:28:45,concert,,,🎵 감성 가득한 무대와 음악을 즐기며 특별한 추억을 선사하는 낭만 공연,concert,concert,kopis,2026-10-01,,capital
KOPIS 공연예술통합전산망 | 한국음악(국악),한국음악(국악),공명 콘서트: Resonance,2026-10-08 ~ 2026-10-08,만 7세 이상,"서울 강서구 마곡중앙로 136(마곡동) | 위도:37.565363, 경도:126.8293888","전석 30,000원",한국음악(국악) · LG아트센터 서울 (U+ 스테이지) · 러닝타임 1시간 30분,https://lgart.com/product/ko/performance/252976,couple:1.0;date_spot:1.0;한국음악(국악),2026-09-11 22:28:45,concert,,,🎵 감성 가득한 무대와 음악을 즐기며 특별한 추억을 선사하는 낭만 공연,concert,concert,kopis,2026-10-08,,capital
KOPIS 공연예술통합전산망 | 서양음악(클래식),서양음악(클래식),장윤화 바이올린 독주회,2026-10-03 ~ 2026-10-03,만 7세 이상,"서울 서대문구 연세로 50 (신촌동) 연세대학교 백양누리 B1 금호아트홀 연세 | 위도:37.564089, 경도:126.93898089999993","전석 30,000원",서양음악(클래식) · 금호아트홀 연세 (금호아트홀 연세) · 러닝타임 1시간 40분,http://ticket.interpark.com/Ticket/Goods/GoodsInfo.asp?GoodsCode=26011963,couple:1.0;date_spot:1.0;서양음악(클래식),2026-09-11 22:28:45,concert,,,🎵 감성 가득한 무대와 음악을 즐기며 특별한 추억을 선사하는 낭만 공연,concert,concert,kopis,2026-10-03,,capital
KOPIS 공연예술통합전산망 | 뮤지컬,뮤지컬,제임스 바이런 딘: 디 오리지널 [대학로],2026-09-15 ~ 2026-10-18,만 13세 이상,"서울 종로구 동숭길 123 (동숭동) | 위도:37.5820171, 경도:127.00353629999995","전석 66,000원",뮤지컬 · 링크아트센터드림 (드림 4관) · 러닝타임 1시간 35분,http://www.ticketlink.co.kr/product/64946,couple:1.0;date_spot:1.0;뮤지컬,2026-09-11 22:28:45,concert,,,🎵 감성 가득한 무대와 음악을 즐기며 특별한 추억을 선사하는 낭만 공연,concert,concert,kopis,2026-10-18,,capital
KOPIS 공연예술통합전산망 | 뮤지컬,뮤지컬,아나키스트 [대학로],2026-09-15 ~ 2026-12-06,만 13세 이상,"서울 종로구 대학로12길 83 (동숭동) | 위도:37.5802316, 경도:127.0040004","R석 77,000원, S석 55,000원",뮤지컬 · 예스24아트원(구.대학로아트원씨어터) (1관) · 러닝타임 2시간,http://www.ticketlink.co.kr/product/64924,couple:1.0;date_spot:1.0;뮤지컬,2026-09-11 22:28:45,concert,,35.4,🎵 감성 가득한 무대와 음악을 즐기며 특별한 추억을 선사하는 낭만 공연,concert,concert,kopis,2026-12-06,kopis_boxoffice,capital
KOPIS 공연예술통합전산망 | 대중음악,대중음악,샤로수길 클럽데이,2026-10-03 ~ 2026-10-03,만 7세 이상,"서울 관악구 관악로14길 104 (봉천동) | 위도:37.477694, 경도:126.958066","블라인드 티켓 30,000원, 사전예약 40,000원, 현장판매 44,000원",대중음악 · 샤로수길 일대 (샤로수길 일대) · 러닝타임 2시간 30분,http://ticket.interpark.com/Ticket/Goods/GoodsInfo.asp?GoodsCode=26011772,couple:1.0;date_spot:1.0;대중음악,2026-09-11 22:28:45,concert,,,🎵 감성 가득한 무대와 음악을 즐기며 특별한 추억을 선사하는 낭만 공연,concert,concert,kopis,2026-10-03,,capital
KOPIS 공연예술통합전산망 | 연극,연극,"산울림 고전극장, 헤라 아프로디테 아르테미스: 리부트",2026-09-16 ~ 2026-10-04,만 16세 이상,"서울 마포구 와우산로 157 (서교동) | 위도:37.555046, 경도:126.9300776","전석 50,000원",연극 · 산울림소극장 (산울림소극장) · 러닝타임 1시간 40분,https://booking.naver.com/booking/12/bizes/1726435,couple:1.0;date_spot:1.0;연극,2026-09-11 22:28:45,concert,,,🎵 감성 가득한 무대와 음악을 즐기며 특별한 추억을 선사하는 낭만 공연,concert,concert,kopis,2026-10-04,,capital
KOPIS 공연예술통합전산망 | 대중음악,대중음악,BANG YONGGUK WORLD TOUR: HAEBANG [서울],2026-10-10 ~ 2026-10-10,만 11세 이상,"서울 용산구 이태원로 246 (한남동) | 위도:37.5365851, 경도:127.00066620000007","Ultimate 330,000원, VIP 170,000원, General 99,000원, Snapshot 55,000원",대중음악 · 현대카드 언더스테이지 (스튜디오) · 러닝타임 1시간 30분,http://ticket.interpark.com/Ticket/Goods/GoodsInfo.asp?GoodsCode=26011868,couple:1.0;date_spot:1.0;대중음악,2026-09-11 22:28:45,concert,,,🎵 감성 가득한 무대와 음악을 즐기며 특별한 추억을 선사하는 낭만 공연,concert,concert,kopis,2026-10-10,,capital
KOPIS 공연예술통합전산망 | 대중음악,대중음악,"하루 첫 팬 콘서트: 오늘, 하루: 처음 들려주는 이야기 [서울]",2026-10-10 ~ 2026-10-10,만 7세 이상,"서울 광진구 능동로 209 (군자동) | 위도:37.5485943, 경도:127.07448840000006","전석 110,000원",대중음악 · 세종대학교 대양홀 (세종대학교 대양홀) · 러닝타임 2시간,https://booking.naver.com/booking/12/bizes/1716399,couple:1.0;date_spot:1.0;대중음악,2026-09-11 22:28:45,concert,,,🎵 감성 가득한 무대와 음악을 즐기며 특별한 추억을 선사하는 낭만 공연,concert,concert,kopis,2026-10-10,,capital
KOPIS 공연예술통합전산망 | 뮤지컬,뮤지컬,도마 안중근 그리고 어머니 조마리아,2026-10-03 ~ 2026-10-03,만 7세 이상,"서울 마포구 대흥로20길 28 (대흥동) | 위도:37.5499054542971, 경도:126.945526907783","전석 30,000원","[공연소개] 광복 81주년, 안중근 의사 순국 116주년을 맞아 안중근 의사와 어머니 조마리아 여사의 숭고한 삶과 신념이 무대 위에서 웅장하게 피어납니다. 독립기념관 초연부터 안중근 의사의 마지막 발자취가 남은 중국 대련 현지 공연까지 성공적으로 마친 화제작! 영상과 음악, 역사교육과 공연이 결합한 새로운 차원의 다큐뮤지컬이 여러분을 찾아갑니다. 문화예술을 통해 나라 사랑과 올바른 역사관을 알린 공로를 인정받은 ‘제13회 대한민국 국민대상’ 수상작! 광복절을 앞둔 8월 13일과 14일부터, 그 뜻깊은 여정에 함께할 수 있습니다. “…",http://ticket.interpark.com/Ticket/Goods/GoodsInfo.asp?GoodsCode=26010679,couple:1.0;date_spot:1.0;뮤지컬,2026-09-11 22:28:45,concert,,,🎵 감성 가득한 무대와 음악을 즐기며 특별한 추억을 선사하는 낭만 공연,concert,concert,kopis,2026-10-03,,capital
KOPIS 공연예술통합전산망 | 뮤지컬,뮤지컬,사의찬미 2ND STAGE [대학로],2026-09-08 ~ 2026-10-25,만 12세 이상,"서울 종로구 대학로14길 29(혜화동) | 위도:37.5846899, 경도:127.0022947","R석 77,000원, S석 66,000원, A석 55,000원",뮤지컬 · 링크아트센터 (페이코홀) · 러닝타임 1시간 50분,http://www.ticketlink.co.kr/product/64914,couple:1.0;date_spot:1.0;뮤지컬,2026-09-11 22:28:45,concert,,,🎵 감성 가득한 무대와 음악을 즐기며 특별한 추억을 선사하는 낭만 공연,concert,concert,kopis,2026-10-25,,capital
KOPIS 공연예술통합전산망 | 대중음악,대중음악,"힙합 콘서트, ASMBL CRSH: SEOUL",2026-10-05 ~ 2026-10-05,만 7세 이상,"서울 강서구 공항대로 376 (화곡동) kbs스포츠월드 | 위도:37.5567802, 경도:126.84760940000001","스탠딩석 110,000원, R석 80,000원, S석 50,000원",대중음악 · KBS스포츠월드(아레나) (KBS아레나) · 러닝타임 3시간 10분,https://www.2tm.co.kr/ticket/10621,couple:1.0;date_spot:1.0;대중음악,2026-09-11 22:28:45,concert,,,🎵 감성 가득한 무대와 음악을 즐기며 특별한 추억을 선사하는 낭만 공연,concert,concert,kopis,2026-10-05,,capital
KOPIS 공연예술통합전산망 | 대중음악,대중음악,변진섭 전국투어 콘서트: 변천사 시즌 2.5: 시간여행 [평택],2026-10-10 ~ 2026-10-10,만 7세 이상,"경기 평택시 고덕로 310 (고덕동) | 위도:37.039462, 경도:127.033968","VIP석 132,000원, R석 110,000원, S석 99,000원, A석 77,000원",대중음악 · 평택아트센터 (대공연장) · 러닝타임 2시간,https://www.ticketlink.co.kr/product/64897,couple:1.0;date_spot:1.0;대중음악,2026-09-11 22:28:45,concert,,,🎵 감성 가득한 무대와 음악을 즐기며 특별한 추억을 선사하는 낭만 공연,concert,concert,kopis,2026-10-10,,capital
KOPIS 공연예술통합전산망 | 대중음악,대중음악,"데뷔 60주년 기념공연, 남진 전국투어 콘서트 [평택]",2026-10-11 ~ 2026-10-11,만 7세 이상,"경기 평택시 고덕로 310 (고덕동) | 위도:37.039462, 경도:127.033968","VIP석 143,000원, R석 121,000원, S석 99,000원, A석 77,000원",대중음악 · 평택아트센터 (대공연장) · 러닝타임 2시간,http://www.ticketlink.co.kr/product/64896,couple:1.0;date_spot:1.0;대중음악,2026-09-11 22:28:45,concert,,,🎵 감성 가득한 무대와 음악을 즐기며 특별한 추억을 선사하는 낭만 공연,concert,concert,kopis,2026-10-11,,capital
KOPIS 공연예술통합전산망 | 대중음악,대중음악,영탁 단독 콘서트: TAK SHOW5 [서울],2026-10-03 ~ 2026-10-05,만 7세 이상,"서울 성북구 안암로 145 (안암동5가) | 위도:37.59294, 경도:127.024903","SR석 154,000원, R석 143,000원, S석 132,000원, 시야제한석 99,000원",대중음악 · 고려대학교 화정체육관 (주경기장) · 러닝타임 2시간,https://ticket.melon.com/performance/index.htm?prodId=213729,couple:1.0;date_spot:1.0;대중음악,2026-09-11 22:28:45,concert,,,🎵 감성 가득한 무대와 음악을 즐기며 특별한 추억을 선사하는 낭만 공연,concert,concert,kopis,2026-10-05,,capital
KOPIS 공연예술통합전산망 | 서양음악(클래식),서양음악(클래식),노예나 피아노 독주회,2026-10-01 ~ 2026-10-01,만 7세 이상,"서울 용산구 한남대로 98 (한남동) | 위도:37.5372055, 경도:127.00552319999997","전석 20,000원","[PROGRAM] Clara Schumann (1819-1896) Variations on a Theme by Robert Schumann, Op. 20 Robert Schumann (1810-1856) Davidsbündlertänze, Op. 6 1. Lebhaft 2. Innig 3. Mit Humor 4. Ungeduldig 5. Einfach 6. Sehr rasch 7. Nicht schnell 8. Frisch 9. Lebhaft 10. Balladenmäßig. Sehr rasch 11. Einfach 12. Mit …",http://ticket.interpark.com/Ticket/Goods/GoodsInfo.asp?GoodsCode=26011799,couple:1.0;date_spot:1.0;서양음악(클래식),2026-09-11 22:28:45,concert,,,🎵 감성 가득한 무대와 음악을 즐기며 특별한 추억을 선사하는 낭만 공연,concert,concert,kopis,2026-10-01,,capital
KOPIS 공연예술통합전산망 | 대중음악,대중음악,"Shi Shi, The Taste Of… World Tour [서울]",2026-10-11 ~ 2026-10-11,만 7세 이상,"서울 서대문구 신촌로 129 (창천동) | 위도:37.5565639, 경도:126.9403281","VIP석 77,000원, 1층 지정석 66,000원, 2층 지정석 55,000원",대중음악 · 예스24 원더로크홀 (예스24 원더로크홀) · 러닝타임 1시간 30분,https://ticket.yes24.com/Perf/59681,couple:1.0;date_spot:1.0;대중음악,2026-09-11 22:28:45,concert,,,🎵 감성 가득한 무대와 음악을 즐기며 특별한 추억을 선사하는 낭만 공연,concert,concert,kopis,2026-10-11,,capital
KOPIS 공연예술통합전산망 | 서양음악(클래식),서양음악(클래식),한스 짐머 영화음악 콘서트 [서울 (앵콜) ],2026-10-09 ~ 2026-10-09,만 7세 이상,"서울 서초구 남부순환로 2406 (서초동) | 위도:37.4786896, 경도:127.01182410000001","R석 120,000원, S석 100,000원, A석 80,000원, B석 60,000원",서양음악(클래식) · 예술의전당 [서울] (콘서트홀) · 러닝타임 2시간,http://ticket.interpark.com/Ticket/Goods/GoodsInfo.asp?GoodsCode=26011618,couple:1.0;date_spot:1.0;서양음악(클래식),2026-09-11 22:28:45,concert,,,🎵 감성 가득한 무대와 음악을 즐기며 특별한 추억을 선사하는 낭만 공연,concert,concert,kopis,2026-10-09,,capital
KOPIS 공연예술통합전산망 | 무용(서양/한국무용),무용(서양/한국무용),Minor Beings (숨은 존재들),2026-10-03 ~ 2026-10-04,만 7세 이상,"서울 종로구 대학로8길 7 (동숭동) | 위도:37.5811855, 경도:127.0029999","전석 50,000원",무용(서양/한국무용) · 아르코예술극장 (대극장) · 러닝타임 1시간,http://ticket.interpark.com/Ticket/Goods/GoodsInfo.asp?GoodsCode=26011836,couple:1.0;date_spot:1.0;무용(서양/한국무용),2026-09-11 22:28:45,concert,,,💑 연인과 함께 둘만의 소중한 주말 추억을 나누기 좋은 맞춤형 추천 장소,concert,concert,kopis,2026-10-04,,capital
KOPIS 공연예술통합전산망 | 연극,연극,나와 할아버지 [대학로],2026-09-11 ~ 2026-11-29,만 10세 이상,"서울 종로구 대학로12길 83 (동숭동) | 위도:37.5802316, 경도:127.0040004","전석 55,000원",연극 · 예스24아트원(구.대학로아트원씨어터) (3관) · 러닝타임 1시간 40분,https://www.nanumticket.or.kr/pe/detail.html?p_marking=&p_new=&start2=0&page_no2=1&p_idx=13976,couple:1.0;date_spot:1.0;연극,2026-09-11 22:28:45,concert,,,🎵 감성 가득한 무대와 음악을 즐기며 특별한 추억을 선사하는 낭만 공연,concert,concert,kopis,2026-11-29,,capital
KOPIS 공연예술통합전산망 | 대중음악,대중음악,THE OPERA DAY OF HANGUL,2026-10-09 ~ 2026-10-10,만 18세 이상,"서울 동대문구 장한로2길 36 (장안동) | 위도:37.561749, 경도:127.067091","전석 66,000원",대중음악 · 더 오페라(THE OPERA) (더 오페라) · 러닝타임 9시간,https://kream.co.kr/products/1046161,couple:1.0;date_spot:1.0;대중음악,2026-09-11 22:28:45,concert,,,🎵 감성 가득한 무대와 음악을 즐기며 특별한 추억을 선사하는 낭만 공연,concert,concert,kopis,2026-10-10,,capital
KOPIS 공연예술통합전산망 | 서양음악(클래식),서양음악(클래식),김도현 피아노 리사이틀,2026-10-07 ~ 2026-10-07,만 7세 이상,"서울 서초구 남부순환로 2406 (서초동) | 위도:37.4786896, 경도:127.01182410000001","R석 50,000원, S석 30,000원","[프로그램] F. Schubert : 4 Impromptus, D.899 No.1 : Allegro molto moderato No.2 : Allegro No.3 : Andante No.4 : Allegretto Intermission F. Schubert : Piano Sonata No.20 in A major, D.959 I. Allegro II. Andantino III. Scherzo. Allegro vivace IV. Rondo. Allegretto",http://ticket.interpark.com/Ticket/Goods/GoodsInfo.asp?GoodsCode=26011672,couple:1.0;date_spot:1.0;서양음악(클래식),2026-09-11 22:28:45,concert,,,🎵 감성 가득한 무대와 음악을 즐기며 특별한 추억을 선사하는 낭만 공연,concert,concert,kopis,2026-10-07,,capital
KOPIS 공연예술통합전산망 | 뮤지컬,뮤지컬,까라마조프의 자매들,2026-09-08 ~ 2026-10-04,만 13세 이상,"서울 성동구 서울숲2길 32-14 (성수동1가) | 위도:37.5457838, 경도:127.0424798","R석 45,000원, S석 35,000원",뮤지컬 · 더 서울라이티움 (갤러리아포레) (G층 전용관) · 러닝타임 1시간 30분,http://www.ticketlink.co.kr/product/64856,couple:1.0;date_spot:1.0;뮤지컬,2026-09-11 22:28:45,concert,,,🎵 감성 가득한 무대와 음악을 즐기며 특별한 추억을 선사하는 낭만 공연,concert,concert,kopis,2026-10-04,,capital
KOPIS 공연예술통합전산망 | 서양음악(클래식),서양음악(클래식),BAC 클래식: 서울비르투오지 챔버 오케스트라 with 반도네오니스트 J.P. 조프레,2026-10-04 ~ 2026-10-04,만 7세 이상,"경기 부천시 소향로 165(중동) | 위도:37.5021641, 경도:126.7663981","전석 30,000원",서양음악(클래식) · 부천아트센터 (콘서트홀) · 러닝타임 1시간 40분,https://www.bac.or.kr/product/ko/performance/253502,couple:1.0;date_spot:1.0;서양음악(클래식),2026-09-11 22:28:45,concert,,,🎵 감성 가득한 무대와 음악을 즐기며 특별한 추억을 선사하는 낭만 공연,concert,concert,kopis,2026-10-04,,capital
KOPIS 공연예술통합전산망 | 서양음악(클래식),서양음악(클래식),첼리스트 주연선 리사이틀,2026-10-03 ~ 2026-10-03,만 7세 이상,"서울 서초구 남부순환로 2406 (서초동) | 위도:37.4786896, 경도:127.01182410000001","R석 50,000원, S석 30,000원",[PROGRAM] Arvo Pärt - Fratres for Cello and Piano 아르보 패르트 – 형제들 Nadia Boulanger – Trois Pièces pour violoncelle et piano 나디아 불랑제 – 첼로와 피아노를 위한 세 개의 소품 I. Modéré II. Sans vitesse et à l'aise III. Vite et nerveusement rythmé Alberto Ginestera - Pampeana No. 2 Rhapsody for Cello and Piano 알베르토 히나스테라 – …,http://ticket.interpark.com/Ticket/Goods/GoodsInfo.asp?GoodsCode=26011675,couple:1.0;date_spot:1.0;서양음악(클래식),2026-09-11 22:28:45,concert,,,🎵 감성 가득한 무대와 음악을 즐기며 특별한 추억을 선사하는 낭만 공연,concert,concert,kopis,2026-10-03,,capital
KOPIS 공연예술통합전산망 | 연극,연극,말린 고추와 복숭아향 립스틱,2026-10-02 ~ 2026-10-25,만 13세 이상,"서울 마포구 대흥로20길 28 (대흥동) | 위도:37.5499054542971, 경도:126.945526907783","전석 50,000원",연극 · 마포아트센터 (플레이맥) · 러닝타임 1시간 50분,http://ticket.interpark.com/Ticket/Goods/GoodsInfo.asp?GoodsCode=26011597,couple:1.0;date_spot:1.0;연극,2026-09-11 22:28:45,concert,,,🎵 감성 가득한 무대와 음악을 즐기며 특별한 추억을 선사하는 낭만 공연,concert,concert,kopis,2026-10-25,,capital
KOPIS 공연예술통합전산망 | 연극,연극,너 없이,2026-09-09 ~ 2026-10-04,만 13세 이상,"서울 종로구 대학로 120 (동숭동) | 위도:37.5818372, 경도:127.00227960000007","전석 40,000원",연극 · 공간아울 (공간아울) · 러닝타임 1시간 40분,http://ticket.interpark.com/Ticket/Goods/GoodsInfo.asp?GoodsCode=26011744,couple:1.0;date_spot:1.0;연극,2026-09-11 22:28:45,concert,,,🎵 감성 가득한 무대와 음악을 즐기며 특별한 추억을 선사하는 낭만 공연,concert,concert,kopis,2026-10-04,,capital
KOPIS 공연예술통합전산망 | 연극,연극,스타크로스드 [대학로],2026-09-22 ~ 2026-12-13,만 16세 이상,"서울 종로구 대학로12길 83 (동숭동) | 위도:37.5802316, 경도:127.0040004","R석 66,000원, S석 44,000원",연극 · 예스24아트원(구.대학로아트원씨어터) (2관) · 러닝타임 1시간 50분,https://booking.naver.com/booking/12/bizes/1714725,couple:1.0;date_spot:1.0;연극,2026-09-11 22:28:45,concert,,,🎵 감성 가득한 무대와 음악을 즐기며 특별한 추억을 선사하는 낭만 공연,concert,concert,kopis,2026-12-13,,capital
KOPIS 공연예술통합전산망 | 서양음악(클래식),서양음악(클래식),UNDERTALE: The Determination Symphony [서울],2026-10-09 ~ 2026-10-09,만 12세 이상,"서울 동대문구 경희대로 26 (회기동) | 위도:37.598682, 경도:127.052773","SS석 154,000원, S석 132,000원",서양음악(클래식) · 경희대학교 평화의전당 (경희대학교 평화의전당) · 러닝타임 2시간 30분,http://www.ticketlink.co.kr/product/64674,couple:1.0;date_spot:1.0;서양음악(클래식),2026-09-11 22:28:45,concert,,,🎵 감성 가득한 무대와 음악을 즐기며 특별한 추억을 선사하는 낭만 공연,concert,concert,kopis,2026-10-09,,capital
KOPIS 공연예술통합전산망 | 대중음악,대중음악,&TEAM CONCERT TOUR: BLAZE THE WAY [서울 (앵콜) ],2026-10-03 ~ 2026-10-04,만 9세 이상,"서울 송파구 올림픽로 424 올림픽공원 (방이동) | 위도:37.52112, 경도:127.12836360000006","M&G석 253,000원, SOUND CHECK석 220,000원, 일반석 165,000원",대중음악 · 올림픽공원 (KSPO DOME(체조경기장)),http://ticket.interpark.com/Ticket/Goods/GoodsInfo.asp?GoodsCode=26011092,couple:1.0;date_spot:1.0;대중음악,2026-09-11 22:28:45,concert,,,🎵 감성 가득한 무대와 음악을 즐기며 특별한 추억을 선사하는 낭만 공연,concert,concert,kopis,2026-10-04,,capital
KOPIS 공연예술통합전산망 | 뮤지컬,뮤지컬,오셀로와 이아고 [대학로],2026-09-08 ~ 2026-11-22,만 13세 이상,"서울 종로구 대학로12길 31 (동숭동) | 위도:37.5827026, 경도:127.00360520000004","R석 66,000원, S석 55,000원",뮤지컬 · 대학로 자유극장 (자유문화발전소) (대학로 자유극장 (자유문화발전소) ) · 러닝타임 1시간 30분,http://www.ticketlink.co.kr/product/64855,couple:1.0;date_spot:1.0;뮤지컬,2026-09-11 22:28:45,concert,,,🎵 감성 가득한 무대와 음악을 즐기며 특별한 추억을 선사하는 낭만 공연,concert,concert,kopis,2026-11-22,,capital
KOPIS 공연예술통합전산망 | 뮤지컬,뮤지컬,연의 편지 [대학로],2026-09-16 ~ 2026-11-29,만 9세 이상,"서울 종로구 대학로12길 73 (동숭동) | 위도:37.5807747, 경도:127.00396490000003","R석 70,000원, S석 55,000원",뮤지컬 · 플러스씨어터(구. 컬처스페이스 엔유) (플러스씨어터(구. 컬처스페이스 엔유)) · 러닝타임 1시간 40분,https://booking.naver.com/booking/12/bizes/1713788,couple:1.0;date_spot:1.0;뮤지컬,2026-09-11 22:28:45,concert,,,🎵 감성 가득한 무대와 음악을 즐기며 특별한 추억을 선사하는 낭만 공연,concert,concert,kopis,2026-11-29,,capital
KOPIS 공연예술통합전산망 | 서양음악(클래식),서양음악(클래식),"대한민국 피아노 페스티벌, 베토벤 피아노 트리오 [수원]",2026-10-08 ~ 2026-10-08,만 7세 이상,"경기 수원시 팔달구 효원로307번길 20 (인계동) 경기도문화의전당 | 위도:37.2618899, 경도:127.0374319","R석 30,000원, S석 20,000원, 만원의행복석 10,000원",서양음악(클래식) · 경기아트센터(구. 경기도문화의전당) (소극장) · 러닝타임 1시간 45분,http://ticket.interpark.com/Ticket/Goods/GoodsInfo.asp?GoodsCode=26011332,couple:1.0;date_spot:1.0;서양음악(클래식),2026-09-11 22:28:45,concert,,,🎵 감성 가득한 무대와 음악을 즐기며 특별한 추억을 선사하는 낭만 공연,concert,concert,kopis,2026-10-08,,capital
KOPIS 공연예술통합전산망 | 서양음악(클래식),서양음악(클래식),"대한민국 피아노페스티벌, 율리우스 아살 피아노 리사이틀 [수원]",2026-10-06 ~ 2026-10-06,만 7세 이상,"경기 수원시 팔달구 효원로307번길 20 (인계동) 경기도문화의전당 | 위도:37.2618899, 경도:127.0374319","R석 50,000원, S석 30,000원, 만원의행복석 10,000원",서양음악(클래식) · 경기아트센터(구. 경기도문화의전당) (소극장) · 러닝타임 1시간 30분,http://ticket.interpark.com/Ticket/Goods/GoodsInfo.asp?GoodsCode=26011350,couple:1.0;date_spot:1.0;서양음악(클래식),2026-09-11 22:28:45,concert,,,🎵 감성 가득한 무대와 음악을 즐기며 특별한 추억을 선사하는 낭만 공연,concert,concert,kopis,2026-10-06,,capital
KOPIS 공연예술통합전산망 | 서양음악(클래식),서양음악(클래식),"대한민국 피아노페스티벌, 베토벤 피아노 협주곡 전곡 Ⅱ. 제3,5번 [수원]",2026-10-10 ~ 2026-10-10,만 7세 이상,"경기 수원시 팔달구 효원로307번길 20 (인계동) 경기도문화의전당 | 위도:37.2618899, 경도:127.0374319","R석 50,000원, S석 40,000원, A석 30,000원",서양음악(클래식) · 경기아트센터(구. 경기도문화의전당) (대극장) · 러닝타임 1시간 30분,http://ticket.interpark.com/Ticket/Goods/GoodsInfo.asp?GoodsCode=26011211,couple:1.0;date_spot:1.0;서양음악(클래식),2026-09-11 22:28:45,concert,,,🎵 감성 가득한 무대와 음악을 즐기며 특별한 추억을 선사하는 낭만 공연,concert,concert,kopis,2026-10-10,,capital
KOPIS 공연예술통합전산망 | 서양음악(클래식),서양음악(클래식),"대한민국 피아노페스티벌, 베토벤 피아노 협주곡 전곡 Ⅰ (제1,2,4번) [수원]",2026-10-04 ~ 2026-10-04,만 7세 이상,"경기 수원시 팔달구 효원로307번길 20 (인계동) 경기도문화의전당 | 위도:37.2618899, 경도:127.0374319","R석 50,000원, S석 40,000원, A석 30,000원, 만원의 행복석 10,000원",서양음악(클래식) · 경기아트센터(구. 경기도문화의전당) (대극장) · 러닝타임 2시간,http://ticket.interpark.com/Ticket/Goods/GoodsInfo.asp?GoodsCode=26011353,couple:1.0;date_spot:1.0;서양음악(클래식),2026-09-11 22:28:45,concert,,,🎵 감성 가득한 무대와 음악을 즐기며 특별한 추억을 선사하는 낭만 공연,concert,concert,kopis,2026-10-04,,capital
KOPIS 공연예술통합전산망 | 뮤지컬,뮤지컬,난세: 정도전과 이방원의 이야기 [대학로],2026-09-08 ~ 2026-11-29,만 7세 이상,"서울 종로구 동숭길 148 (혜화동) | 위도:37.583521, 경도:127.002139","R석 66,000원, S석 55,000원",뮤지컬 · NOL 서경스퀘어(구. 서경대학교 공연예술센터) (스콘2관) · 러닝타임 1시간 40분,http://www.ticketlink.co.kr/product/64831,couple:1.0;date_spot:1.0;뮤지컬,2026-09-11 22:28:45,concert,,,🎵 감성 가득한 무대와 음악을 즐기며 특별한 추억을 선사하는 낭만 공연,concert,concert,kopis,2026-11-29,,capital
KOPIS 공연예술통합전산망 | 대중음악,대중음악,INDEX,2026-10-01 ~ 2026-10-02,만 19세 이상,"서울 중구 장충단로 72 (장충동2가) | 위도:37.5514172, 경도:127.0025216","얼리버드 티켓 65,000원",대중음악 · 크레스트72(CREST72) (크레스트72) · 러닝타임 8시간,https://kream.co.kr/products/1082428,couple:1.0;date_spot:1.0;대중음악,2026-09-11 22:28:45,concert,,,🎵 감성 가득한 무대와 음악을 즐기며 특별한 추억을 선사하는 낭만 공연,concert,concert,kopis,2026-10-02,,capital
KOPIS 공연예술통합전산망 | 서양음악(클래식),서양음악(클래식),"임현정의 베토벤 소나타 시리즈, 불멸",2026-10-03 ~ 2026-10-03,만 7세 이상,"서울 서초구 남부순환로 2406 (서초동) | 위도:37.4786896, 경도:127.01182410000001","R석 160,000원, S석 130,000원, A석 100,000원",서양음악(클래식) · 예술의전당 [서울] (콘서트홀) · 러닝타임 1시간 30분,http://ticket.interpark.com/Ticket/Goods/GoodsInfo.asp?GoodsCode=26011437,couple:1.0;date_spot:1.0;서양음악(클래식),2026-09-11 22:28:45,concert,,,🎵 감성 가득한 무대와 음악을 즐기며 특별한 추억을 선사하는 낭만 공연,concert,concert,kopis,2026-10-03,,capital
KOPIS 공연예술통합전산망 | 연극,연극,꽃의 비밀 [대학로],2026-09-12 ~ 2026-11-29,만 13세 이상,"서울 종로구 대학로14길 29(혜화동) | 위도:37.5846899, 경도:127.0022947","VIP석 77,000원, R석 66,000원, S석 55,000원",연극 · 링크아트센터 (벅스홀) · 러닝타임 2시간,http://www.ticketlink.co.kr/product/64756,couple:1.0;date_spot:1.0;연극,2026-09-11 22:28:45,concert,,,🎵 감성 가득한 무대와 음악을 즐기며 특별한 추억을 선사하는 낭만 공연,concert,concert,kopis,2026-11-29,,capital
KOPIS 공연예술통합전산망 | 연극,연극,"쿼드, 연극의 질문들: 김광보, 옥상 밭 고추는 왜",2026-09-19 ~ 2026-10-04,만 13세 이상,"서울 종로구 동숭길 122(동숭동) | 위도:37.583699, 경도:127.0037167","전석 50,000원",연극 · 서울문화재단 대학로극장 쿼드 (예술청) (대학로극장 쿼드 (예술청) ) · 러닝타임 1시간 30분,http://ticket.interpark.com/Ticket/Goods/GoodsInfo.asp?GoodsCode=26011379,couple:1.0;date_spot:1.0;연극,2026-09-11 22:28:45,concert,,,🎵 감성 가득한 무대와 음악을 즐기며 특별한 추억을 선사하는 낭만 공연,concert,concert,kopis,2026-10-04,,capital
KOPIS 공연예술통합전산망 | 대중음악,대중음악,"영등포아트홀 기획공연, 한글날 특집 콘서트: 주현미, 가요백년을 노래하다",2026-10-09 ~ 2026-10-09,만 7세 이상,"서울 영등포구 국회대로 596 (당산동3가) | 위도:37.526038, 경도:126.90008899999998","전석 50,000원",대중음악 · 영등포아트홀 (영등포아트홀) · 러닝타임 1시간 40분,http://ticket.interpark.com/Ticket/Goods/GoodsInfo.asp?GoodsCode=26011284,couple:1.0;date_spot:1.0;대중음악,2026-09-11 22:28:45,concert,,,🎵 감성 가득한 무대와 음악을 즐기며 특별한 추억을 선사하는 낭만 공연,concert,concert,kopis,2026-10-09,,capital
KOPIS 공연예술통합전산망 | 뮤지컬,뮤지컬,곤 투모로우 [대학로],2026-09-15 ~ 2026-11-29,만 7세 이상,"서울 종로구 대학로 57 (연건동) | 위도:37.5769696, 경도:127.00203310000006","VIP석 130,000원, OP석 130,000원, R석 90,000원, S석 60,000원",뮤지컬 · 홍익대 대학로 아트센터 (대극장) · 러닝타임 2시간 30분,http://www.ticketlink.co.kr/product/64817,couple:1.0;date_spot:1.0;뮤지컬,2026-09-11 22:28:45,concert,,,🎵 감성 가득한 무대와 음악을 즐기며 특별한 추억을 선사하는 낭만 공연,concert,concert,kopis,2026-11-29,,capital
KOPIS 공연예술통합전산망 | 대중음악,대중음악,AKMU CONCERT: 소문의 낙원 (Paradise of Rumors),2026-10-09 ~ 2026-10-11,전체 관람가,"서울 송파구 올림픽로 424 올림픽공원 (방이동) | 위도:37.52112, 경도:127.12836360000006","VIP석 176,000원, R석 165,000원, 스탠딩석(만 12세 이상) 176,000원",대중음악 · 올림픽공원 (KSPO DOME(체조경기장)) · 러닝타임 2시간 30분,https://ticket.yes24.com/Perf/59418,couple:1.0;date_spot:1.0;대중음악,2026-09-11 22:28:45,concert,,31.2,🎵 감성 가득한 무대와 음악을 즐기며 특별한 추억을 선사하는 낭만 공연,concert,concert,kopis,2026-10-11,kopis_boxoffice,capital
KOPIS 공연예술통합전산망 | 서양음악(클래식),서양음악(클래식),무비 심포니: The Space,2026-10-01 ~ 2026-10-01,만 9세 이상,"서울 종로구 세종대로 175 (세종로) | 위도:37.5725254, 경도:126.97564290000003","VIP석 90,000원, R석 70,000원, S석 60,000원, A석 40,000원",서양음악(클래식) · 세종문화회관 (세종대극장) · 러닝타임 2시간,http://ticket.interpark.com/Ticket/Goods/GoodsInfo.asp?GoodsCode=P0004791,couple:1.0;date_spot:1.0;서양음악(클래식),2026-09-11 22:28:45,concert,,,🎵 감성 가득한 무대와 음악을 즐기며 특별한 추억을 선사하는 낭만 공연,concert,concert,kopis,2026-10-01,,capital
KOPIS 공연예술통합전산망 | 서양음악(클래식),서양음악(클래식),"금호 위너스, 정승호 Piano",2026-10-08 ~ 2026-10-08,만 7세 이상,"서울 서대문구 연세로 50 (신촌동) 연세대학교 백양누리 B1 금호아트홀 연세 | 위도:37.564089, 경도:126.93898089999993","전석 20,000원",서양음악(클래식) · 금호아트홀 연세 (금호아트홀 연세) · 러닝타임 1시간 30분,https://www.kumhoarthall.com:448/designer/skin/01/detail.html?p_idx=25875,couple:1.0;date_spot:1.0;서양음악(클래식),2026-09-11 22:28:45,concert,,,🎵 감성 가득한 무대와 음악을 즐기며 특별한 추억을 선사하는 낭만 공연,concert,concert,kopis,2026-10-08,,capital
KOPIS 공연예술통합전산망 | 뮤지컬,뮤지컬,엠. 버터플라이,2026-09-22 ~ 2026-12-13,만 16세 이상,"서울 종로구 대학로12길 21 (동숭동) | 위도:37.5827158, 경도:127.00324840000007","R석 75,000원, S석 55,000원, A석 40,000원",뮤지컬 · 예스24 스테이지(구. DCF대명문화공장) (1관) · 러닝타임 1시간 50분,https://booking.naver.com/booking/12/bizes/1712222,couple:1.0;date_spot:1.0;뮤지컬,2026-09-11 22:28:45,concert,,,🎵 감성 가득한 무대와 음악을 즐기며 특별한 추억을 선사하는 낭만 공연,concert,concert,kopis,2026-12-13,,capital
KOPIS 공연예술통합전산망 | 연극,연극,베팅,2026-10-04 ~ 2026-10-05,만 14세 이상,"서울 성북구 삼선교로 14 (삼선동1가) | 위도:37.5875069, 경도:127.00735239999995","전석 15,000원",연극 · 극장 봄 (봄소극장) (극장 봄) · 러닝타임 1시간 5분,http://ticket.interpark.com/Ticket/Goods/GoodsInfo.asp?GoodsCode=26011102,couple:1.0;date_spot:1.0;연극,2026-09-11 22:28:45,concert,,,🎵 감성 가득한 무대와 음악을 즐기며 특별한 추억을 선사하는 낭만 공연,concert,concert,kopis,2026-10-05,,capital
KOPIS 공연예술통합전산망 | 서양음악(클래식),서양음악(클래식),프레디 켐프 피아노 리사이틀,2026-10-11 ~ 2026-10-11,만 7세 이상,"서울 서초구 남부순환로 2406 (서초동) | 위도:37.4786896, 경도:127.01182410000001","R석 80,000원, S석 60,000원",서양음악(클래식) · 예술의전당 [서울] (IBK챔버홀) · 러닝타임 2시간,http://ticket.interpark.com/Ticket/Goods/GoodsInfo.asp?GoodsCode=26011309,couple:1.0;date_spot:1.0;서양음악(클래식),2026-09-11 22:28:45,concert,,,🎵 감성 가득한 무대와 음악을 즐기며 특별한 추억을 선사하는 낭만 공연,concert,concert,kopis,2026-10-11,,capital
KOPIS 공연예술통합전산망 | 뮤지컬,뮤지컬,그날들 [인천],2026-10-03 ~ 2026-10-04,만 7세 이상,"인천 남동구 예술로 149 (구월동) | 위도:37.4477666, 경도:126.70008329999996","VIP석 160,000원, R석 140,000원, S석 110,000원, A석 80,000원",뮤지컬 · 인천문화예술회관 (대공연장) · 러닝타임 2시간 45분,https://booking.naver.com/booking/12/bizes/1708760,couple:1.0;date_spot:1.0;뮤지컬,2026-09-11 22:28:45,concert,,,🎵 감성 가득한 무대와 음악을 즐기며 특별한 추억을 선사하는 낭만 공연,concert,concert,kopis,2026-10-04,,capital
KOPIS 공연예술통합전산망 | 대중음악,대중음악,Two Worlds In One,2026-10-09 ~ 2026-10-09,전체 관람가,"서울 구로구 경인로20가길 38 (오류동) | 위도:37.4958396, 경도:126.84563660000003","전석 66,000원",대중음악 · 오류아트홀 (오류아트홀) · 러닝타임 1시간 30분,https://ticket.melon.com/performance/index.htm?prodId=213701,couple:1.0;date_spot:1.0;대중음악,2026-09-11 22:28:45,concert,,,🎵 감성 가득한 무대와 음악을 즐기며 특별한 추억을 선사하는 낭만 공연,concert,concert,kopis,2026-10-09,,capital
KOPIS 공연예술통합전산망 | 뮤지컬,뮤지컬,잔혹동화 생존기 [대학로],2026-09-08 ~ 2026-11-29,만 16세 이상,"서울 종로구 대학로8가길 85 (동숭동) | 위도:37.5822467, 경도:127.00371659999996","R석 70,000원, S석 50,000원",뮤지컬 · 티오엠씨어터(구. 문화공간필링) (1관) · 러닝타임 1시간 40분,http://www.ticketlink.co.kr/product/64707,couple:1.0;date_spot:1.0;뮤지컬,2026-09-11 22:28:45,concert,,,🎵 감성 가득한 무대와 음악을 즐기며 특별한 추억을 선사하는 낭만 공연,concert,concert,kopis,2026-11-29,,capital
KOPIS 공연예술통합전산망 | 연극,연극,VL [대학로],2026-09-01 ~ 2026-11-29,만 16세 이상,"서울 종로구 대학로8가길 105 (동숭동) | 위도:37.581375, 경도:127.003527","VL석 66,000원, R석 66,000원",연극 · 링크더스페이스(LINK THE SPACE) (2관) · 러닝타임 1시간 30분,http://www.ticketlink.co.kr/product/64649,couple:1.0;date_spot:1.0;연극,2026-09-11 22:28:45,concert,,2.1,🎵 감성 가득한 무대와 음악을 즐기며 특별한 추억을 선사하는 낭만 공연,concert,concert,kopis,2026-11-29,kopis_boxoffice,capital
KOPIS 공연예술통합전산망 | 한국음악(국악),한국음악(국악),"제4회 대한민국 국악 관현악 축제, 강원특별자치도립 국악 관현악단",2026-10-11 ~ 2026-10-11,만 7세 이상,"서울 종로구 세종대로 175 (세종로) | 위도:37.5725254, 경도:126.97564290000003","전석 10,000원",한국음악(국악) · 세종문화회관 (세종M씨어터) · 러닝타임 2시간,http://www.ticketlink.co.kr/product/64282,couple:1.0;date_spot:1.0;한국음악(국악),2026-09-11 22:28:45,concert,,,🎵 감성 가득한 무대와 음악을 즐기며 특별한 추억을 선사하는 낭만 공연,concert,concert,kopis,2026-10-11,,capital
KOPIS 공연예술통합전산망 | 한국음악(국악),한국음악(국악),"제4회 대한민국 국악 관현악 축제, 평택시립 국악 관현악단",2026-10-07 ~ 2026-10-07,만 7세 이상,"서울 종로구 세종대로 175 (세종로) | 위도:37.5725254, 경도:126.97564290000003","전석 10,000원",한국음악(국악) · 세종문화회관 (세종M씨어터) · 러닝타임 2시간,http://www.ticketlink.co.kr/product/64285,couple:1.0;date_spot:1.0;한국음악(국악),2026-09-11 22:28:45,concert,,,🎵 감성 가득한 무대와 음악을 즐기며 특별한 추억을 선사하는 낭만 공연,concert,concert,kopis,2026-10-07,,capital
KOPIS 공연예술통합전산망 | 대중음악,대중음악,XMF (Xnterstellar Music Festival),2026-10-03 ~ 2026-10-04,만 7세 이상,"인천 중구 영종해안남로321번길 186 (운서동) | 위도:37.4335451, 경도:126.45920019999994","1일권 132,000원",대중음악 · 파라다이스시티 (컬처파크 (야외) ) · 러닝타임 10시간 30분,https://booking.naver.com/booking/12/bizes/1709574,couple:1.0;date_spot:1.0;대중음악,2026-09-11 22:28:45,concert,,68.8,🎵 감성 가득한 무대와 음악을 즐기며 특별한 추억을 선사하는 낭만 공연,concert,concert,kopis,2026-10-04,kopis_boxoffice,capital
KOPIS 공연예술통합전산망 | 한국음악(국악),한국음악(국악),"대한민국국악관혁악축제, 특별공연: 중앙국악관현악단",2026-10-10 ~ 2026-10-10,만 6세 이상,"서울 종로구 세종대로 175 (세종로) | 위도:37.5725254, 경도:126.97564290000003","전석 10,000원",한국음악(국악) · 세종문화회관 (세종M씨어터) · 러닝타임 2시간,http://www.ticketlink.co.kr/product/64276,couple:1.0;date_spot:1.0;한국음악(국악),2026-09-11 22:28:45,concert,,,🎵 감성 가득한 무대와 음악을 즐기며 특별한 추억을 선사하는 낭만 공연,concert,concert,kopis,2026-10-10,,capital
KOPIS 공연예술통합전산망 | 한국음악(국악),한국음악(국악),"제4회 대한민국국악관현악축제, 안산시립국악단",2026-10-08 ~ 2026-10-08,만 6세 이상,"서울 종로구 세종대로 175 (세종로) | 위도:37.5725254, 경도:126.97564290000003","전석 10,000원",한국음악(국악) · 세종문화회관 (세종M씨어터) · 러닝타임 2시간,https://www.ticketlink.co.kr/product/64284,couple:1.0;date_spot:1.0;한국음악(국악),2026-09-11 22:28:45,concert,,,🎵 감성 가득한 무대와 음악을 즐기며 특별한 추억을 선사하는 낭만 공연,concert,concert,kopis,2026-10-08,,capital
KOPIS 공연예술통합전산망 | 한국음악(국악),한국음악(국악),"대한민국국악관현악축제, 진주시립국악관현악단",2026-10-09 ~ 2026-10-09,만 7세 이상,"서울 종로구 세종대로 175 (세종로) | 위도:37.5725254, 경도:126.97564290000003","전석 10,000원",한국음악(국악) · 세종문화회관 (세종M씨어터) · 러닝타임 2시간,http://www.ticketlink.co.kr/product/64278,couple:1.0;date_spot:1.0;한국음악(국악),2026-09-11 22:28:45,concert,,,🎵 감성 가득한 무대와 음악을 즐기며 특별한 추억을 선사하는 낭만 공연,concert,concert,kopis,2026-10-09,,capital
KOPIS 공연예술통합전산망 | 한국음악(국악),한국음악(국악),"대한민국국악관현악축제, KBS국악관현악단",2026-10-06 ~ 2026-10-06,만 7세 이상,"서울 종로구 세종대로 175 (세종로) | 위도:37.5725254, 경도:126.97564290000003","전석 10,000원",한국음악(국악) · 세종문화회관 (세종M씨어터) · 러닝타임 2시간,http://www.ticketlink.co.kr/product/64283,couple:1.0;date_spot:1.0;한국음악(국악),2026-09-11 22:28:45,concert,,,🎵 감성 가득한 무대와 음악을 즐기며 특별한 추억을 선사하는 낭만 공연,concert,concert,kopis,2026-10-06,,capital
KOPIS 공연예술통합전산망 | 서양음악(클래식),서양음악(클래식),지브리 & 디즈니 오케스트라 콘서트 (10.04),2026-10-04 ~ 2026-10-04,만 7세 이상,"서울 송파구 올림픽로 300 (신천동) 롯데월드몰 8층 롯데문화재단 | 위도:37.5130605, 경도:127.10349500000007","R석 130,000원, S석 110,000원, A석 90,000원, B석 70,000원, C석 60,000원, 시야방해S 50,000원, 시야방해A 40,000원, 시야방해B 30,000원",서양음악(클래식) · 롯데콘서트홀 (롯데콘서트홀) · 러닝타임 1시간 50분,http://ticket.interpark.com/Ticket/Goods/GoodsInfo.asp?GoodsCode=26011233,couple:1.0;date_spot:1.0;서양음악(클래식),2026-09-11 22:28:45,concert,,,🎵 감성 가득한 무대와 음악을 즐기며 특별한 추억을 선사하는 낭만 공연,concert,concert,kopis,2026-10-04,,capital
KOPIS 공연예술통합전산망 | 연극,연극,로프 [대학로],2026-09-18 ~ 2026-10-25,만 14세 이상,"서울 종로구 동숭길 41 (동숭동) | 위도:37.5801085, 경도:127.0042703","R석 55,000원, S석 44,000원",연극 · 업스테이지 (UP Stage) (업스테이지 (UP Stage) ) · 러닝타임 1시간 30분,http://www.ticketlink.co.kr/product/64722,couple:1.0;date_spot:1.0;연극,2026-09-11 22:28:45,concert,,,🎵 감성 가득한 무대와 음악을 즐기며 특별한 추억을 선사하는 낭만 공연,concert,concert,kopis,2026-10-25,,capital
KOPIS 공연예술통합전산망 | 대중음악,대중음악,"cero, Contemporary Seoul Cruise",2026-10-10 ~ 2026-10-10,전체 관람가,"서울 마포구 어울마당로 65 (서교동) | 위도:37.550925, 경도:126.92114200000003","스탠딩 77,000원",대중음악 · KT&G 상상마당 라이브홀 [마포] (KT&G 상상마당 라이브홀 [마포] ) · 러닝타임 1시간 30분,https://ticket.yes24.com/Perf/59471,couple:1.0;date_spot:1.0;대중음악,2026-09-11 22:28:45,concert,,,🎵 감성 가득한 무대와 음악을 즐기며 특별한 추억을 선사하는 낭만 공연,concert,concert,kopis,2026-10-10,,capital
KOPIS 공연예술통합전산망 | 서양음악(클래식),서양음악(클래식),음그 콘서트: 함께; 같은 마음으로 부르는 노래,2026-10-09 ~ 2026-10-09,만 7세 이상,"서울 성동구 왕십리로 281 | 위도:37.559276, 경도:127.03599370000006","R석 70,000원, S석 30,000원",서양음악(클래식) · 소월아트홀 (성동문화회관) (소월아트홀 (성동문화회관) ) · 러닝타임 1시간 30분,http://ticket.interpark.com/Ticket/Goods/GoodsInfo.asp?GoodsCode=26011364,couple:1.0;date_spot:1.0;서양음악(클래식),2026-09-11 22:28:45,concert,,,🎵 감성 가득한 무대와 음악을 즐기며 특별한 추억을 선사하는 낭만 공연,concert,concert,kopis,2026-10-09,,capital
KOPIS 공연예술통합전산망 | 서양음악(클래식),서양음악(클래식),아트하우스17 [인천],2026-10-11 ~ 2026-10-11,만 7세 이상,"인천 연수구 아트센터대로 222 (송도동) | 위도:37.39348409999999, 경도:126.63095859999999","R석 70,000원, S석 50,000원, A석 30,000원",서양음악(클래식) · 아트센터 인천 (콘서트홀) · 러닝타임 1시간 40분,http://ticket.interpark.com/Ticket/Goods/GoodsInfo.asp?GoodsCode=26011039,couple:1.0;date_spot:1.0;서양음악(클래식),2026-09-11 22:28:45,concert,,,🎵 감성 가득한 무대와 음악을 즐기며 특별한 추억을 선사하는 낭만 공연,concert,concert,kopis,2026-10-11,,capital
KOPIS 공연예술통합전산망 | 대중음악,대중음악,미라클라스 콘서트: GLORY [고양],2026-10-03 ~ 2026-10-03,만 7세 이상,"경기 고양시 일산동구 중앙로 1286 (마두동) 고양아람누리 | 위도:37.6614074, 경도:126.77433789999998","R석 130,000원, S석 110,000원, A석 90,000원",대중음악 · 고양아람누리 (아람극장) · 러닝타임 2시간,http://www.artgy.or.kr/PF/PF0201V.aspx?showid=0000008377,couple:1.0;date_spot:1.0;대중음악,2026-09-11 22:28:45,concert,,,🎵 감성 가득한 무대와 음악을 즐기며 특별한 추억을 선사하는 낭만 공연,concert,concert,kopis,2026-10-03,,capital
KOPIS 공연예술통합전산망 | 대중음악,대중음악,모보 페스티벌 [파주],2026-10-10 ~ 2026-10-10,전체 관람가,"경기 파주시 회동길 145 (문발동) | 위도:37.7084812, 경도:126.6867933","전석 88,000원",대중음악 · 아시아출판문화정보센터 (옥상) · 러닝타임 12시간,https://www.2tm.co.kr/ticket/10540,couple:1.0;date_spot:1.0;대중음악,2026-09-11 22:28:45,concert,,,🎵 감성 가득한 무대와 음악을 즐기며 특별한 추억을 선사하는 낭만 공연,concert,concert,kopis,2026-10-10,,capital
KOPIS 공연예술통합전산망 | 무용(서양/한국무용),무용(서양/한국무용),"유니버설 발레단, 잠자는 숲속의 미녀 [서울]",2026-10-02 ~ 2026-10-04,만 7세 이상,"서울 서초구 남부순환로 2406 (서초동) | 위도:37.4786896, 경도:127.01182410000001","R석 140,000원, S석 120,000원, A석 90,000원, B석 60,000원, C석 30,000원",무용(서양/한국무용) · 예술의전당 [서울] (오페라극장) · 러닝타임 2시간 35분,https://booking.naver.com/booking/12/bizes/1604917,couple:1.0;date_spot:1.0;무용(서양/한국무용),2026-09-11 22:28:45,concert,,,💑 연인과 함께 둘만의 소중한 주말 추억을 나누기 좋은 맞춤형 추천 장소,concert,concert,kopis,2026-10-04,,capital
KOPIS 공연예술통합전산망 | 연극,연극,친정엄마와 2박3일 [성남],2026-10-10 ~ 2026-10-11,만 7세 이상,"경기 성남시 분당구 성남대로 808 (야탑동) | 위도:37.4027309, 경도:127.13124349999998","R석 88,000원, S석 77,000원",연극 · 성남아트센터 (오페라하우스) · 러닝타임 1시간 50분,https://www.ticketlink.co.kr/product/64651,couple:1.0;date_spot:1.0;연극,2026-09-11 22:28:45,concert,,,🎵 감성 가득한 무대와 음악을 즐기며 특별한 추억을 선사하는 낭만 공연,concert,concert,kopis,2026-10-11,,capital
KOPIS 공연예술통합전산망 | 서양음악(클래식),서양음악(클래식),"아람 클래식, 아트하우스 17 내한공연 [고양]",2026-10-10 ~ 2026-10-10,만 7세 이상,"경기 고양시 일산동구 중앙로 1286 (마두동) 고양아람누리 | 위도:37.6614074, 경도:126.77433789999998","R석 80,000원, S석 60,000원, A석 40,000원",서양음악(클래식) · 고양아람누리 (아람음악당) · 러닝타임 1시간 40분,http://www.artgy.or.kr/PF/PF0201V.aspx?showid=0000008389,couple:1.0;date_spot:1.0;서양음악(클래식),2026-09-11 22:28:45,concert,,,🎵 감성 가득한 무대와 음악을 즐기며 특별한 추억을 선사하는 낭만 공연,concert,concert,kopis,2026-10-10,,capital
KOPIS 공연예술통합전산망 | 연극,연극,알테르 에고 (Alter Ego (s) ),2026-09-06 ~ 2026-11-22,만 13세 이상,"서울 종로구 대학로12길 21 (동숭동) | 위도:37.5827158, 경도:127.00324840000007","전석 66,000원",연극 · 예스24 스테이지(구. DCF대명문화공장) (3관(구. 수현재씨어터)) · 러닝타임 1시간 20분,https://www.nanumticket.or.kr/pe/detail.html?p_marking=&p_new=&start2=0&page_no2=1&p_idx=13932,couple:1.0;date_spot:1.0;연극,2026-09-11 22:28:45,concert,,,🎵 감성 가득한 무대와 음악을 즐기며 특별한 추억을 선사하는 낭만 공연,concert,concert,kopis,2026-11-22,,capital
KOPIS 공연예술통합전산망 | 무용(서양/한국무용),무용(서양/한국무용),"국립현대무용단, 트리플 빌",2026-10-02 ~ 2026-10-04,만 7세 이상,"서울 서초구 남부순환로 2406 (서초동) | 위도:37.4786896, 경도:127.01182410000001","R석 60,000원, S석 40,000원, A석 20,000원",무용(서양/한국무용) · 예술의전당 [서울] (CJ 토월극장) · 러닝타임 1시간 50분,http://ticket.interpark.com/Ticket/Goods/GoodsInfo.asp?GoodsCode=26011220,couple:1.0;date_spot:1.0;무용(서양/한국무용),2026-09-11 22:28:45,concert,,,💑 연인과 함께 둘만의 소중한 주말 추억을 나누기 좋은 맞춤형 추천 장소,concert,concert,kopis,2026-10-04,,capital
KOPIS 공연예술통합전산망 | 복합,복합,지브리 발레 FESTA,2026-10-10 ~ 2026-10-10,만 7세 이상,"서울 서초구 남부순환로 2406 (서초동) | 위도:37.4786896, 경도:127.01182410000001","R석 120,000원, S석 100,000원, A석 80,000원, B석 70,000원",복합 · 예술의전당 [서울] (콘서트홀) · 러닝타임 2시간,http://ticket.interpark.com/Ticket/Goods/GoodsInfo.asp?GoodsCode=26010780,couple:1.0;date_spot:1.0;복합,2026-09-11 22:28:45,concert,,,💑 연인과 함께 둘만의 소중한 주말 추억을 나누기 좋은 맞춤형 추천 장소,concert,concert,kopis,2026-10-10,,capital
KOPIS 공연예술통합전산망 | 뮤지컬,뮤지컬,카페인 [대학로],2026-08-20 ~ 2026-10-25,만 8세 이상,"서울 종로구 대학로 144 (혜화동) | 위도:37.586755, 경도:127.00035539999999","R석 77,000원, S석 66,000원",뮤지컬 · 굿씨어터 (굿씨어터) · 러닝타임 1시간 40분,http://ticket.interpark.com/Ticket/Goods/GoodsInfo.asp?GoodsCode=26010929,couple:1.0;date_spot:1.0;뮤지컬,2026-09-11 22:28:45,concert,,,🎵 감성 가득한 무대와 음악을 즐기며 특별한 추억을 선사하는 낭만 공연,concert,concert,kopis,2026-10-25,,capital
KOPIS 공연예술통합전산망 | 무용(서양/한국무용),무용(서양/한국무용),"윤별발레컴퍼니, 카르멘 [고양]",2026-10-10 ~ 2026-10-11,만 11세 이상,"경기 고양시 일산동구 중앙로 1286 (마두동) 고양아람누리 | 위도:37.6614074, 경도:126.77433789999998","R석 70,000원, S석 50,000원, A석 30,000원",무용(서양/한국무용) · 고양아람누리 (아람극장) · 러닝타임 1시간 35분,http://www.artgy.or.kr/PF/PF0201V.aspx?showid=0000008384,couple:1.0;date_spot:1.0;무용(서양/한국무용),2026-09-11 22:28:45,concert,,,💑 연인과 함께 둘만의 소중한 주말 추억을 나누기 좋은 맞춤형 추천 장소,concert,concert,kopis,2026-10-11,,capital
KOPIS 공연예술통합전산망 | 연극,연극,몬스터 허균,2026-10-08 ~ 2026-11-01,만 14세 이상,"서울 종로구 대학로8가길 80(동숭동) | 위도:37.5824773, 경도:127.003268","전석 45,000원",연극 · 스튜디오 블루 (스튜디오 블루) · 러닝타임 1시간 37분,http://ticket.interpark.com/Ticket/Goods/GoodsInfo.asp?GoodsCode=26010840,couple:1.0;date_spot:1.0;연극,2026-09-11 22:28:45,concert,,,🎵 감성 가득한 무대와 음악을 즐기며 특별한 추억을 선사하는 낭만 공연,concert,concert,kopis,2026-11-01,,capital
KOPIS 공연예술통합전산망 | 대중음악,대중음악,"포크 포에버, 사랑과 낭만을 노래하는 포크음악축제 (10.03)",2026-10-03 ~ 2026-10-03,만 7세 이상,"서울 서대문구 연세로 50 (신촌동) | 위도:37.5620902, 경도:126.93805689999999","R석 132,000원, S석 121,000원",대중음악 · 연세대학교 백주년기념관 (콘서트홀) · 러닝타임 2시간,http://www.ticketlink.co.kr/product/64573,couple:1.0;date_spot:1.0;대중음악,2026-09-11 22:28:45,concert,,,🎵 감성 가득한 무대와 음악을 즐기며 특별한 추억을 선사하는 낭만 공연,concert,concert,kopis,2026-10-03,,capital
KOPIS 공연예술통합전산망 | 대중음악,대중음악,PERSONA LIVE TOUR: Resonance [서울],2026-10-03 ~ 2026-10-03,만 11세 이상,"서울 광진구 구천면로 20 (광장동) | 위도:37.5456881, 경도:127.1079671","지정석 S석 168,000원, 스탠딩 S석 154,000원, 스탠딩 A석 108,000원",대중음악 · 예스24 라이브홀 (구. 악스코리아) (예스24 라이브홀 (구. 악스코리아)) · 러닝타임 2시간,https://ticket.yes24.com/Perf/59325,couple:1.0;date_spot:1.0;대중음악,2026-09-11 22:28:45,concert,,,🎵 감성 가득한 무대와 음악을 즐기며 특별한 추억을 선사하는 낭만 공연,concert,concert,kopis,2026-10-03,,capital
KOPIS 공연예술통합전산망 | 서양음악(클래식),서양음악(클래식),한스 짐머 영화음악 콘서트 [수원],2026-10-04 ~ 2026-10-04,만 7세 이상,"경기 수원시 장안구 이목로 24-25 (정자동) | 위도:37.3096379, 경도:126.98655699999995","R석 120,000원, S석 90,000원, A석 70,000원",서양음악(클래식) · 수원SK아트리움 (대공연장) · 러닝타임 2시간,http://ticket.interpark.com/Ticket/Goods/GoodsInfo.asp?GoodsCode=26010712,couple:1.0;date_spot:1.0;서양음악(클래식),2026-09-11 22:28:45,concert,,,🎵 감성 가득한 무대와 음악을 즐기며 특별한 추억을 선사하는 낭만 공연,concert,concert,kopis,2026-10-04,,capital
KOPIS 공연예술통합전산망 | 연극,연극,"연극열전10, 네이처 오브 포겟팅",2026-09-18 ~ 2026-11-29,만 8세 이상,"서울 종로구 세종대로 175 (세종로) | 위도:37.5725254, 경도:126.97564290000003","R석 66,000원, S석 55,000원, A석 44,000원",연극 · 세종문화회관 (세종S씨어터) · 러닝타임 1시간 15분,http://www.ticketlink.co.kr/product/64482,couple:1.0;date_spot:1.0;연극,2026-09-11 22:28:45,concert,,,🎵 감성 가득한 무대와 음악을 즐기며 특별한 추억을 선사하는 낭만 공연,concert,concert,kopis,2026-11-29,,capital
KOPIS 공연예술통합전산망 | 연극,연극,바다의 윤슬 [대학로],2026-10-07 ~ 2026-10-11,만 5세 이상,"서울 종로구 동숭길 78 (동숭동) 지하1층 | 위도:37.5817072, 경도:127.00428190000002","전석 45,000원",연극 · 코델아트홀 (코델아트홀) · 러닝타임 1시간 20분,http://ticket.interpark.com/Ticket/Goods/GoodsInfo.asp?GoodsCode=26010559,couple:1.0;date_spot:1.0;연극,2026-09-11 22:28:45,concert,,,🎵 감성 가득한 무대와 음악을 즐기며 특별한 추억을 선사하는 낭만 공연,concert,concert,kopis,2026-10-11,,capital
KOPIS 공연예술통합전산망 | 연극,연극,체인지 로그인 [수원],2026-09-04 ~ 2026-10-18,만 14세 이상,"경기 수원시 팔달구 인계로 123 (인계동) | 위도:37.271128, 경도:127.03089","전석 40,000원",연극 · KBS 수원아트홀 (KBS 수원아트홀) · 러닝타임 1시간 30분,https://booking.naver.com/booking/12/bizes/1699082,couple:1.0;date_spot:1.0;연극,2026-09-11 22:28:45,concert,,,🎵 감성 가득한 무대와 음악을 즐기며 특별한 추억을 선사하는 낭만 공연,concert,concert,kopis,2026-10-18,,capital
KOPIS 공연예술통합전산망 | 대중음악,대중음악,"빅3 시즌2, 행복한 만남: 강진, 김용임, 진성 [용인]",2026-10-09 ~ 2026-10-09,만 7세 이상,"경기 용인시 수지구 포은대로 499 (죽전동) | 위도:37.3256631, 경도:127.10469480000006","R석 132,000원, S석 110,000원",대중음악 · 용인포은아트홀 (용인포은아트홀) · 러닝타임 2시간,http://www.ticketlink.co.kr/product/64417,couple:1.0;date_spot:1.0;대중음악,2026-09-11 22:28:45,concert,,,🎵 감성 가득한 무대와 음악을 즐기며 특별한 추억을 선사하는 낭만 공연,concert,concert,kopis,2026-10-09,,capital
KOPIS 공연예술통합전산망 | 대중음악,대중음악,씨야 20주년 전국 투어 콘서트: THE FAN [고양],2026-10-04 ~ 2026-10-04,만 7세 이상,"경기 고양시 일산서구 킨텍스로 217-60 (대화동) | 위도:37.6693071, 경도:126.74568449999992","R석 154,000원, S석 132,000원, A석 110,000원",대중음악 · 킨텍스 (제2전시장 10홀) · 러닝타임 2시간,https://booking.naver.com/booking/12/bizes/1699607,couple:1.0;date_spot:1.0;대중음악,2026-09-11 22:28:45,concert,,,🎵 감성 가득한 무대와 음악을 즐기며 특별한 추억을 선사하는 낭만 공연,concert,concert,kopis,2026-10-04,,capital
KOPIS 공연예술통합전산망 | 대중음악,대중음악,민트페스타 vol.87,2026-10-04 ~ 2026-10-04,만 7세 이상,"서울 마포구 어울마당로 65 (서교동) | 위도:37.550925, 경도:126.92114200000003","전석 66,000원",대중음악 · KT&G 상상마당 라이브홀 [마포] (KT&G 상상마당 라이브홀 [마포] ) · 러닝타임 2시간 30분,http://ticket.interpark.com/Ticket/Goods/GoodsInfo.asp?GoodsCode=26010065,couple:1.0;date_spot:1.0;대중음악,2026-09-11 22:28:45,concert,,,🎵 감성 가득한 무대와 음악을 즐기며 특별한 추억을 선사하는 낭만 공연,concert,concert,kopis,2026-10-04,,capital
KOPIS 공연예술통합전산망 | 뮤지컬,뮤지컬,다이브 [대학로],2026-08-18 ~ 2026-11-08,만 13세 이상,"서울 종로구 대학로8가길 105 (동숭동) | 위도:37.581375, 경도:127.003527","R석 70,000원, S석 55,000원",뮤지컬 · 링크더스페이스(LINK THE SPACE) (1관) · 러닝타임 1시간 50분,http://www.ticketlink.co.kr/product/64426,couple:1.0;date_spot:1.0;뮤지컬,2026-09-11 22:28:45,concert,,,🎵 감성 가득한 무대와 음악을 즐기며 특별한 추억을 선사하는 낭만 공연,concert,concert,kopis,2026-11-08,,capital
KOPIS 공연예술통합전산망 | 뮤지컬,뮤지컬,드림하이 시즌3: 리부트,2026-08-08 ~ 2026-10-18,만 7세 이상,"서울 강남구 논현로163길 33 (신사동) | 위도:37.5238342, 경도:127.02511649999997","VIP석 140,000원, OP석 130,000원, R석 110,000원, S석 80,000원, A석 50,000원",뮤지컬 · 광림아트센터 (BBCH홀) · 러닝타임 2시간 40분,http://www.ticketlink.co.kr/product/64424,couple:1.0;date_spot:1.0;뮤지컬,2026-09-11 22:28:45,concert,,60.4,🎵 감성 가득한 무대와 음악을 즐기며 특별한 추억을 선사하는 낭만 공연,concert,concert,kopis,2026-10-18,kopis_boxoffice,capital
KOPIS 공연예술통합전산망 | 서양음악(클래식),서양음악(클래식),Sunday Vibe (선데이 바이브),2026-08-02 ~ 2026-12-06,만 7세 이상,"서울 광진구 자양로11길 18 (자양동) | 위도:37.5346187, 경도:127.0830326","일반 20,000원, 학생 10,000원","[공연소개] 안녕하세요 자양스테이션입니다. 2026년 새해부터 시작되는 자양스테이션의 새로운 기획 공연 를 소개드립니다. 선데이 바이브는 매월 첫번째 일요일 오후 5시에 자양동 골목에서 펼쳐지는 음악회입니다. 8월의 첫 번째 일요일, 클래식의 가장 뜨거운 순간을 만납니다. 2026년 하반기 선데이바이브의 첫 무대는 오케스트라와 함께할 때 가장 화려하게 빛나는 피아노 협주곡. 이번 공연에서는 줄리어드 동문 피아니스트 5인이 두 대의 피아노만으로 그 압도적인 감동을 선사합니다. 관객과 연주자가 가장 가까운 공연장, 파리뮤직포럼 자양스테…",https://booking.naver.com/booking/5/bizes/1561441,couple:1.0;date_spot:1.0;서양음악(클래식),2026-09-11 22:28:45,concert,,,🎵 감성 가득한 무대와 음악을 즐기며 특별한 추억을 선사하는 낭만 공연,concert,concert,kopis,2026-12-06,,capital
KOPIS 공연예술통합전산망 | 대중음악,대중음악,김경호 전국투어 콘서트: 발라드를 위한 時 [의정부],2026-10-04 ~ 2026-10-04,만 7세 이상,"경기 의정부시 의정로 1 (의정부동) | 위도:37.7334125, 경도:127.03436779999993","R석 110,000원, S석 99,000원, A석 77,000원",대중음악 · 의정부예술의전당 (대극장) · 러닝타임 2시간,http://www.ticketlink.co.kr/product/64408,couple:1.0;date_spot:1.0;대중음악,2026-09-11 22:28:45,concert,,,🎵 감성 가득한 무대와 음악을 즐기며 특별한 추억을 선사하는 낭만 공연,concert,concert,kopis,2026-10-04,,capital
KOPIS 공연예술통합전산망 | 서양음악(클래식),서양음악(클래식),한화생명과 함께하는 예술의전당 11시 콘서트 (10월),2026-10-08 ~ 2026-10-08,만 7세 이상,"서울 서초구 남부순환로 2406 (서초동) | 위도:37.4786896, 경도:127.01182410000001","일반석 30,000원, 3층석 15,000원",서양음악(클래식) · 예술의전당 [서울] (콘서트홀) · 러닝타임 1시간 40분,http://ticket.interpark.com/Ticket/Goods/GoodsInfo.asp?GoodsCode=26010143,couple:1.0;date_spot:1.0;서양음악(클래식),2026-09-11 22:28:45,concert,,,🎵 감성 가득한 무대와 음악을 즐기며 특별한 추억을 선사하는 낭만 공연,concert,concert,kopis,2026-10-08,,capital
KOPIS 공연예술통합전산망 | 대중음악,대중음악,변진섭 전국투어 콘서트: 변천사 시즌 2.5: 시간여행 [의정부],2026-10-03 ~ 2026-10-03,만 7세 이상,"경기 의정부시 의정로 1 (의정부동) | 위도:37.7334125, 경도:127.03436779999993","VIP석 132,000원, R석 110,000원, S석 99,000원, A석 77,000원",대중음악 · 의정부예술의전당 (대극장) · 러닝타임 2시간,https://www.ticketlink.co.kr/product/64413,couple:1.0;date_spot:1.0;대중음악,2026-09-11 22:28:45,concert,,,🎵 감성 가득한 무대와 음악을 즐기며 특별한 추억을 선사하는 낭만 공연,concert,concert,kopis,2026-10-03,,capital
KOPIS 공연예술통합전산망 | 복합,복합,"제26회 SPAF, 화성학 실습",2026-10-09 ~ 2026-10-10,만 7세 이상,"서울 중구 장충단로 59 (장충동2가) | 위도:37.5523153, 경도:126.99963600000001","R석 60,000원, S석 40,000원",복합 · 국립극장 (달오름극장) · 러닝타임 1시간 30분,https://www.ntok.go.kr/ntok/pm/prfmng/performanceDetail.do?mi=21008&perfId=267160,couple:1.0;date_spot:1.0;복합,2026-09-11 22:28:45,concert,,,💑 연인과 함께 둘만의 소중한 주말 추억을 나누기 좋은 맞춤형 추천 장소,concert,concert,kopis,2026-10-10,,capital
KOPIS 공연예술통합전산망 | 뮤지컬,뮤지컬,소크라테스 패러독스,2026-09-10 ~ 2026-11-29,만 7세 이상,"서울 종로구 동숭길 148 (혜화동) | 위도:37.583521, 경도:127.002139","R석 77,000원, S석 55,000원, A석 44,000원",뮤지컬 · NOL 서경스퀘어(구. 서경대학교 공연예술센터) (스콘1관) · 러닝타임 1시간 20분,http://www.ticketlink.co.kr/product/65266,couple:1.0;date_spot:1.0;뮤지컬,2026-09-11 22:28:45,concert,,,🎵 감성 가득한 무대와 음악을 즐기며 특별한 추억을 선사하는 낭만 공연,concert,concert,kopis,2026-11-29,,capital
KOPIS 공연예술통합전산망 | 뮤지컬,뮤지컬,미드나잇: 액터뮤지션 THE CHOICE [대학로],2026-08-11 ~ 2026-11-29,만 13세 이상,"서울 종로구 대학로12길 64 (동숭동) | 위도:37.5811328, 경도:127.00369969999997","전석 70,000원",뮤지컬 · 유니플렉스 (3관(소극장)) · 러닝타임 1시간 40분,http://www.ticketlink.co.kr/product/64370,couple:1.0;date_spot:1.0;뮤지컬,2026-09-11 22:28:45,concert,,,🎵 감성 가득한 무대와 음악을 즐기며 특별한 추억을 선사하는 낭만 공연,concert,concert,kopis,2026-11-29,,capital
KOPIS 공연예술통합전산망 | 대중음악,대중음악,GHOST 페스티벌 (경기한류 OST 페스티벌) [파주],2026-10-09 ~ 2026-10-11,전체 관람가,"경기 파주시 문산읍 임진각로 148-40 | 위도:37.8917224, 경도:126.7447247","얼리버드 티켓 1일권 96,000원, 3일권(금-일) 240,000원, 2일권(금-토/토-일) 180,000원, 1일권(금/토/일) 120,000원",대중음악 · 파주 임진각 평화누리 (야외공연장) · 러닝타임 27시간,https://kream.co.kr/products/1000116,couple:1.0;date_spot:1.0;대중음악,2026-09-11 22:28:45,concert,,,🎵 감성 가득한 무대와 음악을 즐기며 특별한 추억을 선사하는 낭만 공연,concert,concert,kopis,2026-10-11,,capital
KOPIS 공연예술통합전산망 | 뮤지컬,뮤지컬,콰이어 오브 맨 [대학로],2026-09-18 ~ 2027-01-03,만 13세 이상,"서울 종로구 동숭길 100 | 위도:37.5820171, 경도:127.00353629999995","R석 99,000원, S석 77,000원, A석 66,000원",뮤지컬 · NOL 씨어터 대학로 (구. 대학로뮤지컬센터) (우리투자증권홀(구.중극장)) · 러닝타임 1시간 40분,http://ticket.interpark.com/Ticket/Goods/GoodsInfo.asp?GoodsCode=26009193,couple:1.0;date_spot:1.0;뮤지컬,2026-09-11 22:28:45,concert,,,🎵 감성 가득한 무대와 음악을 즐기며 특별한 추억을 선사하는 낭만 공연,concert,concert,kopis,2027-01-03,,capital
KOPIS 공연예술통합전산망 | 연극,연극,서울의 별 [대학로],2026-07-31 ~ 2026-10-18,만 12세 이상,"서울 종로구 대학로8가길 111 (동숭동) | 위도:37.580965, 경도:127.00349","전석 50,000원",연극 · 대학로 스타릿홀 (공연장) · 러닝타임 1시간 40분,https://booking.naver.com/booking/12/bizes/1700044,couple:1.0;date_spot:1.0;연극,2026-09-11 22:28:45,concert,,,🎵 감성 가득한 무대와 음악을 즐기며 특별한 추억을 선사하는 낭만 공연,concert,concert,kopis,2026-10-18,,capital
KOPIS 공연예술통합전산망 | 복합,복합,"SPAF: 소아페라, 인스톨레이션",2026-10-09 ~ 2026-10-10,만 7세 이상,"서울 중구 장충단로 59 (장충동2가) | 위도:37.5523153, 경도:126.99963600000001","전석 50,000원",복합 · 국립극장 (하늘극장) · 러닝타임 45분,https://www.ntok.go.kr/ntok/pm/prfmng/performanceDetail.do?mi=21008&perfId=267214,couple:1.0;date_spot:1.0;복합,2026-09-11 22:28:45,concert,,,💑 연인과 함께 둘만의 소중한 주말 추억을 나누기 좋은 맞춤형 추천 장소,concert,concert,kopis,2026-10-10,,capital
KOPIS 공연예술통합전산망 | 무용(서양/한국무용),무용(서양/한국무용),"국립무용단, 더블빌: 시나위",2026-10-08 ~ 2026-10-11,만 7세 이상,"서울 중구 장충단로 59 (장충동2가) | 위도:37.5523153, 경도:126.99963600000001","VIP석 70,000원, R석 50,000원, S석 30,000원, A석 20,000원",무용(서양/한국무용) · 국립극장 (해오름극장) · 러닝타임 1시간 40분,https://www.ntok.go.kr/ntok/pm/prfmng/performanceDetail.do?mi=21008&perfId=267170,couple:1.0;date_spot:1.0;무용(서양/한국무용),2026-09-11 22:28:45,concert,,,💑 연인과 함께 둘만의 소중한 주말 추억을 나누기 좋은 맞춤형 추천 장소,concert,concert,kopis,2026-10-11,,capital
KOPIS 공연예술통합전산망 | 서양음악(클래식),서양음악(클래식),지브리와 사랑에 빠지다: 지브리 영화음악 콘서트 [경기 광주],2026-10-09 ~ 2026-10-09,만 4세 이상,"경기 광주시 회안대로 891 (송정동) | 위도:37.4270408, 경도:127.25507500000003","전석 40,000원",서양음악(클래식) · 광주시문화예술의전당 (구. 남한산성아트홀) (맹사성홀) · 러닝타임 1시간 30분,http://www.ticketlink.co.kr/product/64262,couple:1.0;date_spot:1.0;서양음악(클래식),2026-09-11 22:28:45,concert,,,🎵 감성 가득한 무대와 음악을 즐기며 특별한 추억을 선사하는 낭만 공연,concert,concert,kopis,2026-10-09,,capital
KOPIS 공연예술통합전산망 | 서양음악(클래식),서양음악(클래식),인터스텔라 필름콘서트 [서울],2026-10-11 ~ 2026-10-11,만 7세 이상,"서울 동대문구 경희대로 26 (회기동) | 위도:37.598682, 경도:127.052773","VIP석 189,000원, R석 164,000원, S석 139,000원, A석 104,000원, B석 89,000원, C석 79,000원, 시야방해석 69,000원",서양음악(클래식) · 경희대학교 평화의전당 (경희대학교 평화의전당) · 러닝타임 2시간 49분,http://www.ticketlink.co.kr/product/64332,couple:1.0;date_spot:1.0;서양음악(클래식),2026-09-11 22:28:45,concert,,,🎵 감성 가득한 무대와 음악을 즐기며 특별한 추억을 선사하는 낭만 공연,concert,concert,kopis,2026-10-11,,capital
KOPIS 공연예술통합전산망 | 대중음악,대중음악,티스퀘어 라이브 인 서울: 7년만의 단독 내한공연,2026-10-11 ~ 2026-10-11,만 7세 이상,"서울 서대문구 연세로 50 (신촌동) | 위도:37.5643122, 경도:126.93891789999998","VIP석 143,000원, R석 121,000원, S석 99,000원, A석 77,000원",대중음악 · 연세대학교 대강당 (연세대학교 대강당) · 러닝타임 1시간 30분,http://ticket.interpark.com/Ticket/Goods/GoodsInfo.asp?GoodsCode=26009558,couple:1.0;date_spot:1.0;대중음악,2026-09-11 22:28:45,concert,,,🎵 감성 가득한 무대와 음악을 즐기며 특별한 추억을 선사하는 낭만 공연,concert,concert,kopis,2026-10-11,,capital
KOPIS 공연예술통합전산망 | 대중음악,대중음악,T-SQUARE Live in Seoul,2026-10-11 ~ 2026-10-11,만 8세 이상,"서울 서대문구 연세로 50 (신촌동) | 위도:37.5643122, 경도:126.93891789999998","VIP석 143,000원, R석 121,000원, S석 99,000원, A석 77,000원",대중음악 · 연세대학교 대강당 (연세대학교 대강당) · 러닝타임 1시간 30분,http://www.ticketlink.co.kr/product/64214,couple:1.0;date_spot:1.0;대중음악,2026-09-11 22:28:45,concert,,,🎵 감성 가득한 무대와 음악을 즐기며 특별한 추억을 선사하는 낭만 공연,concert,concert,kopis,2026-10-11,,capital
KOPIS 공연예술통합전산망 | 뮤지컬,뮤지컬,푸른 꽃,2026-08-13 ~ 2026-10-25,만 6세 이상,"서울 중구 퇴계로 387 (흥인동) | 위도:37.5660139, 경도:127.01481309999997","R석 75,000원, S석 60,000원",뮤지컬 · 충무아트센터 (중극장 블랙) · 러닝타임 1시간 50분,http://www.ticketlink.co.kr/product/64269,couple:1.0;date_spot:1.0;뮤지컬,2026-09-11 22:28:45,concert,,4.2,🎵 감성 가득한 무대와 음악을 즐기며 특별한 추억을 선사하는 낭만 공연,concert,concert,kopis,2026-10-25,kopis_boxoffice,capital
KOPIS 공연예술통합전산망 | 뮤지컬,뮤지컬,광화문연가 [서울],2026-09-06 ~ 2026-11-15,만 7세 이상,"서울 구로구 경인로 662 (신도림동, 디큐브시티) | 위도:37.5084321, 경도:126.88873319999993","VIP석 160,000원, R석 140,000원, S석 110,000원, A석 80,000원",뮤지컬 · 디큐브링크아트센터 (디큐브씨어터) · 러닝타임 2시간 35분,http://www.ticketlink.co.kr/product/64251,couple:1.0;date_spot:1.0;뮤지컬,2026-09-11 22:28:45,concert,,70.8,🎵 감성 가득한 무대와 음악을 즐기며 특별한 추억을 선사하는 낭만 공연,concert,concert,kopis,2026-11-15,kopis_boxoffice,capital
KOPIS 공연예술통합전산망 | 대중음악,대중음악,"마티네 콘서트, 그랜드 투어: 무대 위 세계여행 Ⅳ. 프랑스 [평택]",2026-10-07 ~ 2026-10-07,만 7세 이상,"경기 평택시 경기대로 1366 (서정동) | 위도:37.0668137, 경도:127.06494380000004","전석 10,000원",대중음악 · 평택시북부문예회관 (소공연장) · 러닝타임 1시간,https://booking.naver.com/booking/12/bizes/1688837,couple:1.0;date_spot:1.0;대중음악,2026-09-11 22:28:45,concert,,,🎵 감성 가득한 무대와 음악을 즐기며 특별한 추억을 선사하는 낭만 공연,concert,concert,kopis,2026-10-07,,capital
KOPIS 공연예술통합전산망 | 서양음악(클래식),서양음악(클래식),"서리풀 고음악 시리즈, 불멸의 바로크",2026-10-08 ~ 2026-10-08,만 7세 이상,"서울 서초구 사평대로 55 (반포동) | 위도:37.4988598, 경도:126.9905166","R석 20,000원, S석 15,000원",서양음악(클래식) · 반포심산아트홀 (반포심산아트홀) · 러닝타임 1시간 30분,http://ticket.interpark.com/Ticket/Goods/GoodsInfo.asp?GoodsCode=26009599,couple:1.0;date_spot:1.0;서양음악(클래식),2026-09-11 22:28:45,concert,,,🎵 감성 가득한 무대와 음악을 즐기며 특별한 추억을 선사하는 낭만 공연,concert,concert,kopis,2026-10-08,,capital
KOPIS 공연예술통합전산망 | 서양음악(클래식),서양음악(클래식),지브리 & 디즈니 영화음악 FESTA [서울] (10.03),2026-10-03 ~ 2026-10-03,만 4세 이상,"서울 송파구 올림픽로 300 (신천동) 롯데월드몰 8층 롯데문화재단 | 위도:37.5130605, 경도:127.10349500000007","R석 120,000원, S석 100,000원, A석 80,000원, B석 70,000원, 시야방해 S석 60,000원, 시야방해 A석 50,000원, 시야방해 B석 40,000원",서양음악(클래식) · 롯데콘서트홀 (롯데콘서트홀) · 러닝타임 2시간,http://ticket.interpark.com/Ticket/Goods/GoodsInfo.asp?GoodsCode=26009493,couple:1.0;date_spot:1.0;서양음악(클래식),2026-09-11 22:28:45,concert,,,🎵 감성 가득한 무대와 음악을 즐기며 특별한 추억을 선사하는 낭만 공연,concert,concert,kopis,2026-10-03,,capital
KOPIS 공연예술통합전산망 | 연극,연극,멜로에 차질 [대학로],2026-08-07 ~ 2026-10-31,만 13세 이상,"서울 종로구 동숭길 47 (동숭동) | 위도:37.580304, 경도:127.00424399999997","전석 50,000원",연극 · 나인진홀 (구.청년극장) (나인진홀 2관) · 러닝타임 1시간 20분,https://nanumticket.or.kr/pe/detail.html?p_marking=&p_new=&start2=0&page_no2=1&p_idx=13901,couple:1.0;date_spot:1.0;연극,2026-09-11 22:28:45,concert,,,🎵 감성 가득한 무대와 음악을 즐기며 특별한 추억을 선사하는 낭만 공연,concert,concert,kopis,2026-10-31,,capital
KOPIS 공연예술통합전산망 | 서양음악(클래식),서양음악(클래식),용인문화재단 브런치 콘서트 (하반기),2026-09-12 ~ 2026-11-14,만 7세 이상,"경기 용인시 수지구 문정로7번길 15 (풍덕천동) | 위도:37.3202647, 경도:127.0953462","1층석 20,000원, 2층석 15,000원",서양음악(클래식) · 용인시평생학습관 (여성회관) (큰어울마당) · 러닝타임 1시간 20분,http://ticket.interpark.com/Ticket/Goods/GoodsInfo.asp?GoodsCode=26009116,couple:1.0;date_spot:1.0;서양음악(클래식),2026-09-11 22:28:45,concert,,,🎵 감성 가득한 무대와 음악을 즐기며 특별한 추억을 선사하는 낭만 공연,concert,concert,kopis,2026-11-14,,capital
KOPIS 공연예술통합전산망 | 뮤지컬,뮤지컬,SEXY MEN STANDING 섹시 맨 스탠딩,2026-07-01 ~ 2026-11-29,만 19세 이상,"서울 강남구 학동로2길 56 (논현동) | 위도:37.507965, 경도:127.023609","로맨틱존 129,000원, 히트존 119,000원, 블랙존 99,000원",뮤지컬 · 레드루즈씨어터 (레드루즈씨어터) · 러닝타임 1시간,http://ticket.interpark.com/Ticket/Goods/GoodsInfo.asp?GoodsCode=26012683,couple:1.0;date_spot:1.0;뮤지컬,2026-09-11 22:28:45,concert,,,🎵 감성 가득한 무대와 음악을 즐기며 특별한 추억을 선사하는 낭만 공연,concert,concert,kopis,2026-11-29,,capital
KOPIS 공연예술통합전산망 | 뮤지컬,뮤지컬,엘리자벳,2026-08-16 ~ 2026-11-15,만 7세 이상,"서울 용산구 이태원로 294 (한남동) | 위도:37.5408717, 경도:127.00244010000006","VIP석 180,000원, R석 150,000원, S석 120,000원, A석 90,000원","뮤지컬 · 블루스퀘어 (우리은행홀 (구. 인터파크홀, 구. 신한카드홀) ) · 러닝타임 2시간 50분",http://ticket.interpark.com/Ticket/Goods/GoodsInfo.asp?GoodsCode=26009314,couple:1.0;date_spot:1.0;뮤지컬,2026-09-11 22:28:45,concert,,100.0,🎵 감성 가득한 무대와 음악을 즐기며 특별한 추억을 선사하는 낭만 공연,concert,concert,kopis,2026-11-15,kopis_boxoffice,capital
KOPIS 공연예술통합전산망 | 연극,연극,인사이드 더 플레이: 데스게임 [서울 중구],2026-07-17 ~ 2026-11-01,만 14세 이상,"서울 중구 남대문로 73 (남대문로2가) | 위도:37.5642, 경도:126.98172","전석 79,000원",연극 · 롯데시네마 에비뉴엘 [서울 중구] (롯데시네마 에비뉴엘) · 러닝타임 1시간 30분,http://www.ticketlink.co.kr/product/64048,couple:1.0;date_spot:1.0;연극,2026-09-11 22:28:45,concert,,,🎵 감성 가득한 무대와 음악을 즐기며 특별한 추억을 선사하는 낭만 공연,concert,concert,kopis,2026-11-01,,capital
KOPIS 공연예술통합전산망 | 연극,연극,"그때, 변홍례 [서울 성북]",2026-07-24 ~ 2026-10-31,만 14세 이상,"서울 성북구 성북로 5-7(성북동1가) | 위도:37.5887016, 경도:127.0051567","전석 35,000원",연극 · 하땅세극장 (하땅세극장1 (지하)) · 러닝타임 1시간,https://booking.naver.com/booking/5/bizes/1511742,couple:1.0;date_spot:1.0;연극,2026-09-11 22:28:45,concert,,,🎵 감성 가득한 무대와 음악을 즐기며 특별한 추억을 선사하는 낭만 공연,concert,concert,kopis,2026-10-31,,capital
KOPIS 공연예술통합전산망 | 뮤지컬,뮤지컬,소년의 초상 [대학로],2026-07-28 ~ 2026-10-18,만 13세 이상,"서울 종로구 대학로8가길 85 (동숭동) | 위도:37.5822467, 경도:127.00371659999996","R석 66,000원, S석 55,000원, A석 44,000원",뮤지컬 · 티오엠씨어터(구. 문화공간필링) (2관) · 러닝타임 1시간 40분,http://ticket.interpark.com/Ticket/Goods/GoodsInfo.asp?GoodsCode=26008698,couple:1.0;date_spot:1.0;뮤지컬,2026-09-11 22:28:45,concert,,,🎵 감성 가득한 무대와 음악을 즐기며 특별한 추억을 선사하는 낭만 공연,concert,concert,kopis,2026-10-18,,capital
KOPIS 공연예술통합전산망 | 뮤지컬,뮤지컬,동아줄,2026-07-11 ~ 2026-10-11,만 13세 이상,"서울 송파구 백제고분로48길 7 (방이동) | 위도:37.5116556, 경도:127.1141774","주말 30,000원, 평일 25,000원",뮤지컬 · 디너씨어터 (디너씨어터 (B1) ) · 러닝타임 1시간 15분,https://booking.naver.com/booking/12/bizes/1429108,couple:1.0;date_spot:1.0;뮤지컬,2026-09-11 22:28:45,concert,,,🎵 감성 가득한 무대와 음악을 즐기며 특별한 추억을 선사하는 낭만 공연,concert,concert,kopis,2026-10-11,,capital
KOPIS 공연예술통합전산망 | 뮤지컬,뮤지컬,사칠,2026-08-04 ~ 2026-10-25,만 13세 이상,"서울 종로구 동숭길 123 (동숭동) | 위도:37.5820171, 경도:127.00353629999995","전석 66,000원",뮤지컬 · 링크아트센터드림 (드림 2관) · 러닝타임 1시간 40분,http://www.ticketlink.co.kr/product/64013,couple:1.0;date_spot:1.0;뮤지컬,2026-09-11 22:28:45,concert,,,🎵 감성 가득한 무대와 음악을 즐기며 특별한 추억을 선사하는 낭만 공연,concert,concert,kopis,2026-10-25,,capital
KOPIS 공연예술통합전산망 | 뮤지컬,뮤지컬,키키의 경계성 인격장애 다이어리 [대학로],2026-07-30 ~ 2026-10-04,만 13세 이상,"서울 종로구 동숭길 25 (동숭동) | 위도:37.5798541, 경도:127.0035752","R석 70,000원, S석 60,000원",뮤지컬 · SH아트홀 (SH아트홀) · 러닝타임 2시간,https://www.ticketlink.co.kr/product/63953,couple:1.0;date_spot:1.0;뮤지컬,2026-09-11 22:28:45,concert,,,🎵 감성 가득한 무대와 음악을 즐기며 특별한 추억을 선사하는 낭만 공연,concert,concert,kopis,2026-10-04,,capital
KOPIS 공연예술통합전산망 | 연극,연극,분홍 립스틱 [서울 중구],2026-10-03 ~ 2026-10-04,만 12세 이상,"서울 중구 장충단로 59 (장충동2가) | 위도:37.5523153, 경도:126.99963600000001","R석 77,000원, S석 55,000원",연극 · 국립극장 (달오름극장) · 러닝타임 1시간 40분,https://www.ntok.go.kr/ntok/pm/prfmng/performanceDetail.do?mi=21008&perfId=267144,couple:1.0;date_spot:1.0;연극,2026-09-11 22:28:45,concert,,,🎵 감성 가득한 무대와 음악을 즐기며 특별한 추억을 선사하는 낭만 공연,concert,concert,kopis,2026-10-04,,capital
KOPIS 공연예술통합전산망 | 뮤지컬,뮤지컬,비더슈탄트,2026-07-23 ~ 2026-10-11,만 13세 이상,"서울 종로구 동숭길 123 (동숭동) | 위도:37.5820171, 경도:127.00353629999995","R석 77,000원, S석 66,000원",뮤지컬 · 링크아트센터드림 (드림 1관) · 러닝타임 2시간 25분,https://booking.naver.com/booking/12/bizes/1700825,couple:1.0;date_spot:1.0;뮤지컬,2026-09-11 22:28:45,concert,,,🎵 감성 가득한 무대와 음악을 즐기며 특별한 추억을 선사하는 낭만 공연,concert,concert,kopis,2026-10-11,,capital
KOPIS 공연예술통합전산망 | 연극,연극,맥거핀 이야기,2026-07-02 ~ 2026-10-11,전체 관람가,"서울 마포구 양화로7길 28(서교동) | 위도:37.5519656, 경도:126.9146894","주말(휴일)관람권 29,000원, 평일 관람권 25,000원",연극 · 맥거핀 서교 (맥거핀 서교) · 러닝타임 1시간 15분,https://booking.naver.com/booking/12/bizes/547262,couple:1.0;date_spot:1.0;연극,2026-09-11 22:28:45,concert,,,🎵 감성 가득한 무대와 음악을 즐기며 특별한 추억을 선사하는 낭만 공연,concert,concert,kopis,2026-10-11,,capital
KOPIS 공연예술통합전산망 | 서양음악(클래식),서양음악(클래식),제119회 강남 심포니 오케스트라 정기 연주회,2026-10-06 ~ 2026-10-06,만 7세 이상,"서울 서초구 남부순환로 2406 (서초동) | 위도:37.4786896, 경도:127.01182410000001","R석 50,000원, S석 30,000원, A석 20,000원",서양음악(클래식) · 예술의전당 [서울] (콘서트홀) · 러닝타임 1시간 40분,http://ticket.interpark.com/Ticket/Goods/GoodsInfo.asp?GoodsCode=26008716,couple:1.0;date_spot:1.0;서양음악(클래식),2026-09-11 22:28:45,concert,,,🎵 감성 가득한 무대와 음악을 즐기며 특별한 추억을 선사하는 낭만 공연,concert,concert,kopis,2026-10-06,,capital
KOPIS 공연예술통합전산망 | 연극,연극,나의 장례식 [대학로],2026-07-15 ~ 2026-10-05,만 7세 이상,"서울 종로구 대학로10길 24 (동숭동) | 위도:37.5815685, 경도:127.00353990000008","전석 30,000원",연극 · 올래홀 (올래홀) · 러닝타임 1시간 40분,https://booking.naver.com/booking/12/bizes/1673568,couple:1.0;date_spot:1.0;연극,2026-09-11 22:28:45,concert,,,🎵 감성 가득한 무대와 음악을 즐기며 특별한 추억을 선사하는 낭만 공연,concert,concert,kopis,2026-10-05,,capital
KOPIS 공연예술통합전산망 | 연극,연극,리어와 말뚝이,2026-10-02 ~ 2026-10-04,만 13세 이상,"서울 중구 장충단로 59 (장충동2가) | 위도:37.5523153, 경도:126.99963600000001","전석 50,000원",연극 · 국립극장 (하늘극장) · 러닝타임 1시간 30분,https://www.ntok.go.kr/ntok/pm/prfmng/performanceDetail.do?mi=21008&perfId=267225,couple:1.0;date_spot:1.0;연극,2026-09-11 22:28:45,concert,,,🎵 감성 가득한 무대와 음악을 즐기며 특별한 추억을 선사하는 낭만 공연,concert,concert,kopis,2026-10-04,,capital
KOPIS 공연예술통합전산망 | 서양음악(클래식),서양음악(클래식),"일리야 라쉬코프스키, 라흐마니노프 3개의 피아노 협주곡 [서울]",2026-10-02 ~ 2026-10-02,만 7세 이상,"서울 송파구 올림픽로 300 (신천동) 롯데월드몰 8층 롯데문화재단 | 위도:37.5130605, 경도:127.10349500000007","R석 120,000원, S석 90,000원, A석 70,000원, B석 50,000원",서양음악(클래식) · 롯데콘서트홀 (롯데콘서트홀) · 러닝타임 2시간 30분,http://ticket.interpark.com/Ticket/Goods/GoodsInfo.asp?GoodsCode=26008367,couple:1.0;date_spot:1.0;서양음악(클래식),2026-09-11 22:28:45,concert,,,🎵 감성 가득한 무대와 음악을 즐기며 특별한 추억을 선사하는 낭만 공연,concert,concert,kopis,2026-10-02,,capital
KOPIS 공연예술통합전산망 | 대중음악,대중음악,자라 라슨 첫 단독 내한공연,2026-10-04 ~ 2026-10-05,만 15세 이상,"서울 영등포구 버드나루로 30 (영등포동2가) | 위도:37.5215623, 경도:126.9124118","자라 라슨 사운드체크 VIP 패키지 347,000원, 지정석 132,000원, 스탠딩 132,000원",대중음악 · 명화라이브홀 (명화라이브홀),http://ticket.interpark.com/Ticket/Goods/GoodsInfo.asp?GoodsCode=26007834,couple:1.0;date_spot:1.0;대중음악,2026-09-11 22:28:45,concert,,,🎵 감성 가득한 무대와 음악을 즐기며 특별한 추억을 선사하는 낭만 공연,concert,concert,kopis,2026-10-05,,capital
KOPIS 공연예술통합전산망 | 뮤지컬,뮤지컬,죽음에 관하여,2026-07-21 ~ 2026-10-11,만 7세 이상,"서울 종로구 동숭길 123 (동숭동) | 위도:37.5820171, 경도:127.00353629999995","전석 66,000원",뮤지컬 · 링크아트센터드림 (드림 3관) · 러닝타임 1시간 40분,http://www.ticketlink.co.kr/product/63679,couple:1.0;date_spot:1.0;뮤지컬,2026-09-11 22:28:45,concert,,,🎵 감성 가득한 무대와 음악을 즐기며 특별한 추억을 선사하는 낭만 공연,concert,concert,kopis,2026-10-11,,capital
KOPIS 공연예술통합전산망 | 대중음악,대중음악,IDOL1ST KENTY ASIA TOUR [서울],2026-10-03 ~ 2026-10-04,만 7세 이상,"서울 송파구 올림픽로 424 올림픽공원 (방이동) | 위도:37.52112, 경도:127.12836360000006","VIP석 250,000원, R석 154,000원, S석 143,000원, A석 132,000원",대중음악 · 올림픽공원 (올림픽홀) · 러닝타임 2시간,https://ticket.yes24.com/Perf/58653,couple:1.0;date_spot:1.0;대중음악,2026-09-11 22:28:45,concert,,,🎵 감성 가득한 무대와 음악을 즐기며 특별한 추억을 선사하는 낭만 공연,concert,concert,kopis,2026-10-04,,capital
KOPIS 공연예술통합전산망 | 한국음악(국악),한국음악(국악),경기국악원 국악소풍,2026-05-22 ~ 2026-11-30,전체 관람가,"경기 용인시 기흥구 민속촌로 89(보라동) | 위도:37.2594001, 경도:127.1136197","전석 20,000원",한국음악(국악) · 경기아트센터 경기국악원 (국악당) · 러닝타임 1시간,http://ticket.interpark.com/Ticket/Goods/GoodsInfo.asp?GoodsCode=26006418,couple:1.0;date_spot:1.0;한국음악(국악),2026-09-11 22:28:45,concert,,,🎵 감성 가득한 무대와 음악을 즐기며 특별한 추억을 선사하는 낭만 공연,concert,concert,kopis,2026-11-30,,capital
KOPIS 공연예술통합전산망 | 대중음악,대중음악,G2A,2026-10-09 ~ 2026-10-09,전체 관람가,"경기 고양시 일산서구 킨텍스로 217-60 (대화동) | 위도:37.6693071, 경도:126.74568449999992","전석 70,000원",대중음악 · 킨텍스 (제1전시장) · 러닝타임 10시간,http://ticket.interpark.com/Ticket/Goods/GoodsInfo.asp?GoodsCode=26007354,couple:1.0;date_spot:1.0;대중음악,2026-09-11 22:28:45,concert,,,🎵 감성 가득한 무대와 음악을 즐기며 특별한 추억을 선사하는 낭만 공연,concert,concert,kopis,2026-10-09,,capital
KOPIS 공연예술통합전산망 | 뮤지컬,뮤지컬,룰렛,2026-07-09 ~ 2026-10-11,만 14세 이상,"서울 강남구 남부순환로 2753 (도곡동) | 위도:37.487474, 경도:127.047105","이머시브석 77,000원, 다이아석 66,000원, 스페이드석 55,000원, 하트석 44,000원, 클로버석 33,000원",뮤지컬 · 롯데시네마 [도곡]  (7관) · 러닝타임 1시간 30분,http://www.ticketlink.co.kr/product/63292,couple:1.0;date_spot:1.0;뮤지컬,2026-09-11 22:28:45,concert,,,🎵 감성 가득한 무대와 음악을 즐기며 특별한 추억을 선사하는 낭만 공연,concert,concert,kopis,2026-10-11,,capital
KOPIS 공연예술통합전산망 | 서양음악(클래식),서양음악(클래식),후지타 마오 피아노 리사이틀,2026-10-04 ~ 2026-10-04,만 7세 이상,"서울 서초구 남부순환로 2406 (서초동) | 위도:37.4786896, 경도:127.01182410000001","R석 90,000원, S석 70,000원, A석 50,000원, B석 30,000원",서양음악(클래식) · 예술의전당 [서울] (콘서트홀) · 러닝타임 2시간,http://ticket.interpark.com/Ticket/Goods/GoodsInfo.asp?GoodsCode=26007388,couple:1.0;date_spot:1.0;서양음악(클래식),2026-09-11 22:28:45,concert,,,🎵 감성 가득한 무대와 음악을 즐기며 특별한 추억을 선사하는 낭만 공연,concert,concert,kopis,2026-10-04,,capital
KOPIS 공연예술통합전산망 | 연극,연극,더 헬멧 [대학로],2026-07-09 ~ 2026-10-11,만 13세 이상,"서울 종로구 대학로 57 (연건동) | 위도:37.5769696, 경도:127.00203310000006","전석 55,000원",연극 · 홍익대 대학로 아트센터 (소극장) · 러닝타임 1시간 10분,http://ticket.interpark.com/Ticket/Goods/GoodsInfo.asp?GoodsCode=26007583,couple:1.0;date_spot:1.0;연극,2026-09-11 22:28:45,concert,,37.5,🎵 감성 가득한 무대와 음악을 즐기며 특별한 추억을 선사하는 낭만 공연,concert,concert,kopis,2026-10-11,kopis_boxoffice,capital
KOPIS 공연예술통합전산망 | 대중음악,대중음악,에즈라 콜렉티브 첫 단독 내한공연 Ezra Collective Live [서울],2026-10-08 ~ 2026-10-08,만 7세 이상,"서울 광진구 구천면로 20 (광장동) | 위도:37.5456881, 경도:127.1079671","지정석 99,000원, 스탠딩 88,000원",대중음악 · 예스24 라이브홀 (구. 악스코리아) (예스24 라이브홀 (구. 악스코리아)),https://ticket.yes24.com/Perf/58534,couple:1.0;date_spot:1.0;대중음악,2026-09-11 22:28:45,concert,,,🎵 감성 가득한 무대와 음악을 즐기며 특별한 추억을 선사하는 낭만 공연,concert,concert,kopis,2026-10-08,,capital
KOPIS 공연예술통합전산망 | 뮤지컬,뮤지컬,디어 에반 핸슨 (Musical Dear Evan Hansen) [서울],2026-08-01 ~ 2026-11-01,만 13세 이상,"서울 중구 퇴계로 387 (흥인동) | 위도:37.5660139, 경도:127.01481309999997","VIP석 160,000원, R석 130,000원, S석 100,000원, A석 70,000원",뮤지컬 · 충무아트센터 (대극장) · 러닝타임 2시간 40분,https://ticket.29cm.co.kr/catalog/4104896,couple:1.0;date_spot:1.0;뮤지컬,2026-09-11 22:28:45,concert,,77.1,🎵 감성 가득한 무대와 음악을 즐기며 특별한 추억을 선사하는 낭만 공연,concert,concert,kopis,2026-11-01,kopis_boxoffice,capital
KOPIS 공연예술통합전산망 | 뮤지컬,뮤지컬,겨울왕국 [서울],2026-08-13 ~ 2027-03-01,만 7세 이상,"서울 송파구 올림픽로 240 (잠실동) | 위도:37.5105162, 경도:127.10056299999997","VIP석 190,000원, R석 160,000원, S석 130,000원, A석 90,000원",뮤지컬 · 샤롯데씨어터 (샤롯데씨어터) · 러닝타임 2시간 15분,http://www.ticketlink.co.kr/product/63344,couple:1.0;date_spot:1.0;뮤지컬,2026-09-11 22:28:45,concert,,83.3,🎵 감성 가득한 무대와 음악을 즐기며 특별한 추억을 선사하는 낭만 공연,concert,concert,kopis,2027-03-01,kopis_boxoffice,capital
KOPIS 공연예술통합전산망 | 뮤지컬,뮤지컬,헬스키친,2026-07-24 ~ 2026-11-08,만 7세 이상,"서울 강남구 논현로 508 (역삼동) | 위도:37.5019949, 경도:127.0373364","VIP석 170,000원, OP석 170,000원, R석 150,000원, S석 110,000원, A석 80,000원",뮤지컬 · GS아트센터 (GS아트센터) · 러닝타임 2시간 40분,https://ticket.29cm.co.kr/catalog/4131282,couple:1.0;date_spot:1.0;뮤지컬,2026-09-11 22:28:45,concert,,58.3,🎵 감성 가득한 무대와 음악을 즐기며 특별한 추억을 선사하는 낭만 공연,concert,concert,kopis,2026-11-08,kopis_boxoffice,capital
KOPIS 공연예술통합전산망 | 대중음악,대중음악,"현대카드 슈퍼콘서트 28, 위켄드 (The Weeknd)",2026-10-07 ~ 2026-10-08,만 19세 이상,"경기 고양시 일산서구 중앙로 1601 (대화동) | 위도:37.6763871, 경도:126.7420729","지정석 P 289,000원, 지정석 R 247,000원, 지정석 S 200,000원, 지정석 A 178,000원, 지정석 B 167,000원, 지정석 C 156,000원, 지정석 D 145,000원, 스탠딩석 189,000원, 스탠딩 EARLY ENTRY PACKAGE 469,000원",대중음악 · 고양종합운동장 (주경기장),http://ticket.interpark.com/Ticket/Goods/GoodsInfo.asp?GoodsCode=26006903,couple:1.0;date_spot:1.0;대중음악,2026-09-11 22:28:45,concert,,54.2,🎵 감성 가득한 무대와 음악을 즐기며 특별한 추억을 선사하는 낭만 공연,concert,concert,kopis,2026-10-08,kopis_boxoffice,capital
KOPIS 공연예술통합전산망 | 뮤지컬,뮤지컬,빨래: 32차 프로덕션,2026-06-11 ~ 2027-02-21,만 13세 이상,"서울 종로구 대학로12길 64 (동숭동) | 위도:37.5811328, 경도:127.00369969999997","R석 77,000원, S석 55,000원, 시야제한석 20,000원",뮤지컬 · 유니플렉스 (2관(중극장)) · 러닝타임 2시간 45분,http://ticket.interpark.com/Ticket/Goods/GoodsInfo.asp?GoodsCode=26007159,couple:1.0;date_spot:1.0;뮤지컬,2026-09-11 22:28:45,concert,,0.0,🎵 감성 가득한 무대와 음악을 즐기며 특별한 추억을 선사하는 낭만 공연,concert,concert,kopis,2027-02-21,kopis_boxoffice,capital
KOPIS 공연예술통합전산망 | 대중음악,대중음악,트랜스엠파이어 션 타이어스 내한,2026-05-13 ~ 2036-05-13,만 19세 이상,"서울 성동구 연무장15길 11 (성수동2가) | 위도:37.542623, 경도:127.059283","스탠딩석 35,000원",대중음악 · 심심(XIMXIM)  (심심(XIMXIM) ) · 러닝타임 7시간,https://www.2tm.co.kr/ticket/10141,couple:1.0;date_spot:1.0;대중음악,2026-09-11 22:28:45,concert,,,🎵 감성 가득한 무대와 음악을 즐기며 특별한 추억을 선사하는 낭만 공연,concert,concert,kopis,2036-05-13,,capital
KOPIS 공연예술통합전산망 | 뮤지컬,뮤지컬,드라큘라 [서울],2026-07-10 ~ 2026-10-18,만 13세 이상,"서울 강서구 마곡중앙로 136(마곡동) | 위도:37.565363, 경도:126.8293888","OP석 180,000원, VIP석 180,000원, R석 150,000원, S석 110,000원, A석 80,000원",뮤지컬 · LG아트센터 서울 (LG SIGNATURE 홀) · 러닝타임 2시간 45분,https://www.lgart.com/product/performance/252966,couple:1.0;date_spot:1.0;뮤지컬,2026-09-11 22:28:45,concert,,91.7,🎵 감성 가득한 무대와 음악을 즐기며 특별한 추억을 선사하는 낭만 공연,concert,concert,kopis,2026-10-18,kopis_boxoffice,capital
KOPIS 공연예술통합전산망 | 서양음악(클래식),서양음악(클래식),W필하모닉오케스트라 마스터 시리즈 Ⅲ. 로맨틱 러시아: 차이코프스키 & 라흐마니노프,2026-10-01 ~ 2026-10-01,만 7세 이상,"서울 송파구 올림픽로 300 (신천동) 롯데월드몰 8층 롯데문화재단 | 위도:37.5130605, 경도:127.10349500000007","R석 100,000원, S석 80,000원, A석 50,000원, B석 30,000원, C석 20,000원",서양음악(클래식) · 롯데콘서트홀 (롯데콘서트홀) · 러닝타임 1시간 40분,http://www.ticketlink.co.kr/product/63072,couple:1.0;date_spot:1.0;서양음악(클래식),2026-09-11 22:28:45,concert,,,🎵 감성 가득한 무대와 음악을 즐기며 특별한 추억을 선사하는 낭만 공연,concert,concert,kopis,2026-10-01,,capital
KOPIS 공연예술통합전산망 | 연극,연극,NEW 오! 나의 귀신님 [대학로],2026-06-05 ~ 2027-01-31,만 12세 이상,"서울 종로구 대학로8가길 48 (동숭동) | 위도:37.5828996, 경도:127.00240359999998","평일 50,000원, 주말 60,000원","연극 · 아루또소극장 (구. 소담소극장, 구. 코메디컬센터) (아루또소극장 (구. 소담소극장, 구. 코메디컬센터) ) · 러닝타임 1시간 30분",https://www.ticketlink.co.kr/product/63783,couple:1.0;date_spot:1.0;연극,2026-09-11 22:28:45,concert,,,🎵 감성 가득한 무대와 음악을 즐기며 특별한 추억을 선사하는 낭만 공연,concert,concert,kopis,2027-01-31,,capital
KOPIS 공연예술통합전산망 | 한국음악(국악),한국음악(국악),안산시립국악단 기획연주회: 목요보노음악회 [안산],2026-05-21 ~ 2026-12-17,만 7세 이상,"경기 안산시 상록구 본오로 182 (본오동) | 위도:37.3012795, 경도:126.8673218","전석 5,000원",한국음악(국악) · 보노마루 (보노마루) · 러닝타임 1시간,https://booking.naver.com/booking/12/bizes/1719121,couple:1.0;date_spot:1.0;한국음악(국악),2026-09-11 22:28:45,concert,,,🎵 감성 가득한 무대와 음악을 즐기며 특별한 추억을 선사하는 낭만 공연,concert,concert,kopis,2026-12-17,,capital
KOPIS 공연예술통합전산망 | 뮤지컬,뮤지컬,Club 설화 [대학로],2026-05-14 ~ 2026-11-29,만 19세 이상,"서울 종로구 대학로12길 69 (동숭동) | 위도:37.5809629, 경도:127.00394989999995","전석 35,000원",뮤지컬 · 극장 온 (ON) (구.CJ아지트) (공연장) · 러닝타임 50분,http://www.ticketlink.co.kr/product/63062,couple:1.0;date_spot:1.0;뮤지컬,2026-09-11 22:28:45,concert,,,🎵 감성 가득한 무대와 음악을 즐기며 특별한 추억을 선사하는 낭만 공연,concert,concert,kopis,2026-11-29,,capital
KOPIS 공연예술통합전산망 | 대중음악,대중음악,"찰리 푸스 내한공연, Charlie Puth: Whatever's Clever! World Tour in Seoul",2026-10-11 ~ 2026-10-11,만 12세 이상,"경기 고양시 일산서구 중앙로 1601 (대화동) | 위도:37.6763871, 경도:126.7420729","WHATEVER’S CLEVER! EXPERIENCE 536,000원, WHATEVER’S CLEVER! MERCH PACKAGE 353,000원, PROFESSOR PUTH VIP EXPERIENCE 785,000원, 스탠딩석 154,000원, 지정석 P석 250,000원, 지정석 R석 220,000원, 지정석 S석 187,000원, 지정석 A석 169,000원, 지정석 B석 158,000원, 지정석 C석 143,000원, 지정석 D석 110,000원, 지정석 E석 99,000원",대중음악 · 고양종합운동장 (주경기장),http://ticket.interpark.com/Ticket/Goods/GoodsInfo.asp?GoodsCode=26005759,couple:1.0;date_spot:1.0;대중음악,2026-09-11 22:28:45,concert,,,🎵 감성 가득한 무대와 음악을 즐기며 특별한 추억을 선사하는 낭만 공연,concert,concert,kopis,2026-10-11,,capital
KOPIS 공연예술통합전산망 | 한국음악(국악),한국음악(국악),"경기국악원 기획공연 Ⅱ, 국악원활성화, Feel korea: Gugak experience [용인]",2026-04-15 ~ 2026-11-11,전체 관람가,"경기 용인시 기흥구 민속촌로 89(보라동) | 위도:37.2594001, 경도:127.1136197",,[공연소개] 외국인 대상 국악 체험형 공연 Feel Korea : Gugak Experience 공연을 '보는 것'을 넘어 직접 참여하고 몸으로 느끼는 국악 체험형 콘텐츠! 경기아트센터가 외국인 관객을 위한 특별한 국악 체험형 공연 를 선보입니다 단순한 관람을 넘어 한국 전통문화를 직접 경험하고 기억하는 시간! 경기아트센터의 대표 글로벌 국악 콘텐츠를 만나보세요,http://ticket.interpark.com/Ticket/Goods/GoodsInfo.asp?GoodsCode=26003751,couple:1.0;date_spot:1.0;한국음악(국악),2026-09-11 22:28:45,concert,,,🎵 감성 가득한 무대와 음악을 즐기며 특별한 추억을 선사하는 낭만 공연,concert,concert,kopis,2026-11-11,,capital
KOPIS 공연예술통합전산망 | 연극,연극,마트로시카 [서울 중구],2026-05-01 ~ 2027-01-03,만 13세 이상,"서울 중구 마른내로 47 (초동) | 위도:37.564429, 경도:126.99300100000005","전석 66,000원",연극 · 명보아트홀 (라온홀 (3F) ) · 러닝타임 1시간 50분,https://www.nanumticket.or.kr/pe/detail.html?p_marking=&p_new=&start2=0&page_no2=1&p_idx=13698,couple:1.0;date_spot:1.0;연극,2026-09-11 22:28:45,concert,,,🎵 감성 가득한 무대와 음악을 즐기며 특별한 추억을 선사하는 낭만 공연,concert,concert,kopis,2027-01-03,,capital
KOPIS 공연예술통합전산망 | 서양음악(클래식),서양음악(클래식),"장-기엔 케라스 첼로 리사이틀, 바흐: 무반주 첼로 모음곡 전곡 [인천]",2026-10-04 ~ 2026-10-04,만 7세 이상,"인천 연수구 아트센터대로 222 (송도동) | 위도:37.39348409999999, 경도:126.63095859999999","R석 60,000원, S석 40,000원",서양음악(클래식) · 아트센터 인천 (콘서트홀) · 러닝타임 2시간 30분,http://ticket.interpark.com/Ticket/Goods/GoodsInfo.asp?GoodsCode=26005257,couple:1.0;date_spot:1.0;서양음악(클래식),2026-09-11 22:28:45,concert,,,🎵 감성 가득한 무대와 음악을 즐기며 특별한 추억을 선사하는 낭만 공연,concert,concert,kopis,2026-10-04,,capital
KOPIS 공연예술통합전산망 | 대중음악,대중음악,포스트 말론 내한공연,2026-10-02 ~ 2026-10-02,만 19세 이상,"경기 고양시 일산서구 중앙로 1601 (대화동) | 위도:37.6763871, 경도:126.7420729","EARLY ENTRY VIP PACKAGE 434,000원, PREMIUM VIP PACKAGE 520,000원, 스탠딩석 154,000원, 지정석 P 240,000원, 지정석 R 210,000원, 지정석 S 198,000원, 지정석 A 187,000원, 지정석 B 176,000원, 지정석 C 165,000원, 지정석 D 121,000원, 지정석 E 99,000원",대중음악 · 고양종합운동장 (주경기장),http://ticket.interpark.com/Ticket/Goods/GoodsInfo.asp?GoodsCode=26004944,couple:1.0;date_spot:1.0;대중음악,2026-09-11 22:28:45,concert,,,🎵 감성 가득한 무대와 음악을 즐기며 특별한 추억을 선사하는 낭만 공연,concert,concert,kopis,2026-10-02,,capital
KOPIS 공연예술통합전산망 | 대중음악,대중음악,레이니 내한공연 LANY: soft world tour,2026-10-03 ~ 2026-10-03,만 12세 이상,"경기 고양시 일산서구 킨텍스로 217-60 (대화동) | 위도:37.6693071, 경도:126.74568449999992","The Last Forever Fan Experience 393,000원, The Soft VIP Package 269,000원, 스탠딩석 143,000원, P석 176,000원, R석 165,000원, S석 154,000원",대중음악 · 킨텍스 (제2전시장 9홀),http://ticket.interpark.com/Ticket/Goods/GoodsInfo.asp?GoodsCode=26004771,couple:1.0;date_spot:1.0;대중음악,2026-09-11 22:28:45,concert,,,🎵 감성 가득한 무대와 음악을 즐기며 특별한 추억을 선사하는 낭만 공연,concert,concert,kopis,2026-10-03,,capital
KOPIS 공연예술통합전산망 | 서양음악(클래식),서양음악(클래식),오르간 시리즈 II. 올리비에 라트리 & 이신영: 포 핸즈,2026-10-06 ~ 2026-10-06,만 7세 이상,"서울 송파구 올림픽로 300 (신천동) 롯데월드몰 8층 롯데문화재단 | 위도:37.5130605, 경도:127.10349500000007","R석 70,000원, S석 50,000원, A석 30,000원, 시야방해R 49,000원, 시야방해S 35,000원",서양음악(클래식) · 롯데콘서트홀 (롯데콘서트홀) · 러닝타임 1시간 40분,http://www.ticketlink.co.kr/product/62221,couple:1.0;date_spot:1.0;서양음악(클래식),2026-09-11 22:28:45,concert,,,🎵 감성 가득한 무대와 음악을 즐기며 특별한 추억을 선사하는 낭만 공연,concert,concert,kopis,2026-10-06,,capital
KOPIS 공연예술통합전산망 | 연극,연극,썰: 친구고추본썰,2026-03-20 ~ 2026-10-31,만 19세 이상,"서울 강남구 학동로2길 56 (논현동) | 위도:37.507965, 경도:127.023609","VIP석 149,000원, R석 119,000원, S석 99,000원",연극 · 레드루즈씨어터 (레드루즈씨어터) · 러닝타임 1시간 10분,https://booking.naver.com/booking/12/bizes/1617421,couple:1.0;date_spot:1.0;연극,2026-09-11 22:28:45,concert,,,🎵 감성 가득한 무대와 음악을 즐기며 특별한 추억을 선사하는 낭만 공연,concert,concert,kopis,2026-10-31,,capital
KOPIS 공연예술통합전산망 | 복합,복합,제1회 은곡마을 음악축제: ENCOUNTER,2026-04-05 ~ 2026-11-23,만 4세 이상,"서울 강남구 헌릉로569길 37(세곡동) | 위도:37.4668167, 경도:127.0976059","전석 30,000원",복합 · 야기스튜디오 (야기스튜디오) · 러닝타임 1시간 10분,https://booking.naver.com/booking/12/bizes/922261,couple:1.0;date_spot:1.0;복합,2026-09-11 22:28:45,concert,,,💑 연인과 함께 둘만의 소중한 주말 추억을 나누기 좋은 맞춤형 추천 장소,concert,concert,kopis,2026-11-23,,capital
KOPIS 공연예술통합전산망 | 한국음악(국악),한국음악(국악),연희판판,2026-04-04 ~ 2026-10-31,전체 관람가,"서울 서초구 남부순환로 2364 (서초동) 국립국악원 | 위도:37.4786094, 경도:127.01130690000002","전석 10,000원",한국음악(국악) · 국립국악원 (연희마당) · 러닝타임 1시간 30분,http://ticket.interpark.com/Ticket/Goods/GoodsInfo.asp?GoodsCode=26003421,couple:1.0;date_spot:1.0;한국음악(국악),2026-09-11 22:28:45,concert,,,🎵 감성 가득한 무대와 음악을 즐기며 특별한 추억을 선사하는 낭만 공연,concert,concert,kopis,2026-10-31,,capital
KOPIS 공연예술통합전산망 | 서커스/마술,서커스/마술,마술집 [인천],2026-03-27 ~ 2026-12-25,만 19세 이상,"인천 연수구 인천타워대로132번길 24 (송도동) | 위도:37.3856812, 경도:126.6432481","전석 20,000원",서커스/마술 · 카페와안 (2층 공연장) · 러닝타임 1시간 20분,http://ticket.interpark.com/Ticket/Goods/GoodsInfo.asp?GoodsCode=26002168,couple:1.0;date_spot:1.0;서커스/마술,2026-09-11 22:28:45,concert,,,💑 연인과 함께 둘만의 소중한 주말 추억을 나누기 좋은 맞춤형 추천 장소,concert,concert,kopis,2026-12-25,,capital
KOPIS 공연예술통합전산망 | 연극,연극,백 번째 리뷰,2026-04-04 ~ 2026-12-27,만 7세 이상,"서울 송파구 올림픽로 424 올림픽공원 (방이동) | 위도:37.52112, 경도:127.12836360000006","전석 50,000원",연극 · 올림픽공원 (뮤즈라이브) · 러닝타임 1시간 20분,https://booking.naver.com/booking/5/bizes/1636838,couple:1.0;date_spot:1.0;연극,2026-09-11 22:28:45,concert,,,🎵 감성 가득한 무대와 음악을 즐기며 특별한 추억을 선사하는 낭만 공연,concert,concert,kopis,2026-12-27,,capital
KOPIS 공연예술통합전산망 | 연극,연극,"프랑스 스트라스부르 국립극장, 라크리마 [성남]",2026-10-02 ~ 2026-10-03,만 13세 이상,"경기 성남시 분당구 성남대로 808 (야탑동) | 위도:37.4027309, 경도:127.13124349999998","R석 90,000원, S석 70,000원, A석 50,000원",연극 · 성남아트센터 (오페라하우스) · 러닝타임 2시간 55분,http://ticket.interpark.com/Ticket/Goods/GoodsInfo.asp?GoodsCode=26002044,couple:1.0;date_spot:1.0;연극,2026-09-11 22:28:45,concert,,,🎵 감성 가득한 무대와 음악을 즐기며 특별한 추억을 선사하는 낭만 공연,concert,concert,kopis,2026-10-03,,capital
KOPIS 공연예술통합전산망 | 서양음악(클래식),서양음악(클래식),"성남아트센터 마티네 콘서트: 독일, 음악의 숲",2026-03-19 ~ 2026-12-17,만 7세 이상,"경기 성남시 분당구 성남대로 808 (야탑동) | 위도:37.4027309, 경도:127.13124349999998","전석 25,000원",서양음악(클래식) · 성남아트센터 (콘서트홀) · 러닝타임 1시간 40분,http://ticket.interpark.com/Ticket/Goods/GoodsInfo.asp?GoodsCode=26002530,couple:1.0;date_spot:1.0;서양음악(클래식),2026-09-11 22:28:45,concert,,,🎵 감성 가득한 무대와 음악을 즐기며 특별한 추억을 선사하는 낭만 공연,concert,concert,kopis,2026-12-17,,capital
KOPIS 공연예술통합전산망 | 연극,연극,불편한 편의점1 [대학로],2026-04-03 ~ 2026-10-31,만 7세 이상,"서울 종로구 대학로 132 (동숭동) | 위도:37.5830591, 경도:127.00208550000002","전석 66,000원",연극 · 올웨이즈 씨어터(구.아티스탄홀) (올웨이즈 씨어터(구.아티스탄홀)) · 러닝타임 1시간 40분,https://www.nanumticket.or.kr/pe/detail.html?p_marking=&p_new=&start2=0&page_no2=1&p_idx=13577,couple:1.0;date_spot:1.0;연극,2026-09-11 22:28:45,concert,,,🎵 감성 가득한 무대와 음악을 즐기며 특별한 추억을 선사하는 낭만 공연,concert,concert,kopis,2026-10-31,,capital
KOPIS 공연예술통합전산망 | 뮤지컬,뮤지컬,저항: 찬송이 된 사람들,2026-04-10 ~ 2026-10-31,만 7세 이상,"서울 강남구 선릉로 806 (청담동) | 위도:37.5238653, 경도:127.0396166","일반석 50,000원, 발코니석 35,000원, 시야제한석 35,000원",뮤지컬 · 광야아트센터 (광야아트센터) · 러닝타임 1시간 55분,http://stgwangya.moonhwain.kr/rsvc/rsv_pm.html?b_id=stgwangya&p_idx=1065,couple:1.0;date_spot:1.0;뮤지컬,2026-09-11 22:28:45,concert,,,🎵 감성 가득한 무대와 음악을 즐기며 특별한 추억을 선사하는 낭만 공연,concert,concert,kopis,2026-10-31,,capital
KOPIS 공연예술통합전산망 | 대중음악,대중음악,"동대문문화재단 기획공연, 와인et멜로디",2026-03-27 ~ 2026-11-27,만 19세 이상,"서울 동대문구 무학로44길 38 (제기동) | 위도:37.5811838, 경도:127.0318885","시즌권 80,000원, 일반권 30,000원",대중음악 · 선농단역사문화관 (제2전시실 (B3) ) · 러닝타임 1시간 25분,https://booking.naver.com/booking/12/bizes/1128113,couple:1.0;date_spot:1.0;대중음악,2026-09-11 22:28:45,concert,,,🎵 감성 가득한 무대와 음악을 즐기며 특별한 추억을 선사하는 낭만 공연,concert,concert,kopis,2026-11-27,,capital
KOPIS 공연예술통합전산망 | 연극,연극,불편한 편의점2,2026-04-01 ~ 2026-10-31,만 7세 이상,"서울 종로구 대학로11길 23 (명륜4가) | 위도:37.5820588, 경도:127.0004181","전석 66,000원",연극 · 후암씨어터(콘텐츠룸) (후암씨어터(콘텐츠룸)) · 러닝타임 1시간 40분,http://www.ticketlink.co.kr/product/62415,couple:1.0;date_spot:1.0;연극,2026-09-11 22:28:45,concert,,,🎵 감성 가득한 무대와 음악을 즐기며 특별한 추억을 선사하는 낭만 공연,concert,concert,kopis,2026-10-31,,capital
KOPIS 공연예술통합전산망 | 서양음악(클래식),서양음악(클래식),성남아트센터 오후의 콘서트: 쇼팽과 폴란드의 선율 (10월),2026-10-07 ~ 2026-10-07,만 7세 이상,"경기 성남시 분당구 성남대로 808 (야탑동) | 위도:37.4027309, 경도:127.13124349999998","전석 20,000원",서양음악(클래식) · 성남아트센터 (앙상블씨어터) · 러닝타임 1시간 30분,http://ticket.interpark.com/Ticket/Goods/GoodsInfo.asp?GoodsCode=26002060,couple:1.0;date_spot:1.0;서양음악(클래식),2026-09-11 22:28:45,concert,,,🎵 감성 가득한 무대와 음악을 즐기며 특별한 추억을 선사하는 낭만 공연,concert,concert,kopis,2026-10-07,,capital
KOPIS 공연예술통합전산망 | 서양음악(클래식),서양음악(클래식),"마티네 콘서트Ⅳ: 김영하 작가의 여행의 이유, 그리고 음악",2026-10-07 ~ 2026-10-07,만 7세 이상,"서울 강동구 동남로 870 (상일동) | 위도:37.5512621, 경도:127.15761910000003","전석 30,000원","[공연소개] 음악의 이유, 여행의 이유 소설가의 시선으로 걷고, 음악의 선율로 기억하는 유럽 우리는 왜 여행을 떠날까요? 베스트셀러 작가이자 우리 시대의 이야기꾼, 김영하가 2026년 마티네 시리즈의 호스트가 되어 관객 여러분을 유럽의 낭만적인 도시로 초대한다. 이번 시리즈는 작가가 직접 이탈리아, 독일, 프랑스, 스페인을 여행하며 마주했던 낯선 풍경과 사람, 그 속에서 길어 올린 인문학적 통찰을 클래식 음악과 엮어내는 고품격 렉처 콘서트이다. 여행지에서 느꼈던 찬란한 햇빛과 고독한 사색, 그리고 예술적 영감을 무대 위로 생생하게 …",https://www.gdfac.or.kr/product/performance/258392,couple:1.0;date_spot:1.0;서양음악(클래식),2026-09-11 22:28:45,concert,,,🎵 감성 가득한 무대와 음악을 즐기며 특별한 추억을 선사하는 낭만 공연,concert,concert,kopis,2026-10-07,,capital
KOPIS 공연예술통합전산망 | 무용(서양/한국무용),무용(서양/한국무용),한영숙류 이철진 춤: 오직 승무,2026-01-12 ~ 2026-12-28,전체 관람가,"서울 종로구 성균관로 12-3 (명륜2가) | 위도:37.5845012, 경도:126.99909430000002","전석 50,000원","[공연소개] 2026년 매주 월요일, 대학로 성균소극장에서 펼쳐지는 이철진의 승무이야기 〈오직 승무〉. 승무(僧舞)는 한국 전통춤을 대표하는 예술 작품으로, 불교적 수행의 정신성과 인간 내면의 감정을 함께 담아낸 고도의 미학을 지닌 춤이다. 장삼이 그려내는 섬세한 선, 절제된 호흡과 장단, 정중동(靜中動)의 미학은 고요 속에서 폭발하는 생명력과 깊은 사유의 세계를 만들어낸다. 이 무대는 한성준-한영숙-이애주로 이어지는 정통 계보를 잇는 춤꾼 이철진의 깊이 있는 해석으로 만나는 승무이다. 수십 년간 승무 외길을 걸어온 그는, 춤이 지…",http://ticket.interpark.com/Ticket/Goods/GoodsInfo.asp?GoodsCode=26000145,couple:1.0;date_spot:1.0;무용(서양/한국무용),2026-09-11 22:28:45,concert,,,💑 연인과 함께 둘만의 소중한 주말 추억을 나누기 좋은 맞춤형 추천 장소,concert,concert,kopis,2026-12-28,,capital
KOPIS 공연예술통합전산망 | 서양음악(클래식),서양음악(클래식),엘리자베트 레온스카야 피아노 리사이틀 [성남],2026-10-03 ~ 2026-10-03,만 7세 이상,"경기 성남시 분당구 성남대로 808 (야탑동) | 위도:37.4027309, 경도:127.13124349999998","R석 80,000원, S석 60,000원, A석 40,000원",서양음악(클래식) · 성남아트센터 (콘서트홀) · 러닝타임 1시간 10분,http://ticket.interpark.com/Ticket/Goods/GoodsInfo.asp?GoodsCode=26000718,couple:1.0;date_spot:1.0;서양음악(클래식),2026-09-11 22:28:45,concert,,,🎵 감성 가득한 무대와 음악을 즐기며 특별한 추억을 선사하는 낭만 공연,concert,concert,kopis,2026-10-03,,capital
KOPIS 공연예술통합전산망 | 한국음악(국악),한국음악(국악),다담,2026-02-25 ~ 2026-11-25,만 6세 이상,"서울 서초구 남부순환로 2364 (서초동) 국립국악원 | 위도:37.4786094, 경도:127.01130690000002","A석 30,000원, B석 20,000원",한국음악(국악) · 국립국악원 (우면당) · 러닝타임 1시간 30분,https://www.gugak.go.kr/site/program/performance/detail?menuid=001001001001&performance_id=37552,couple:1.0;date_spot:1.0;한국음악(국악),2026-09-11 22:28:45,concert,,,🎵 감성 가득한 무대와 음악을 즐기며 특별한 추억을 선사하는 낭만 공연,concert,concert,kopis,2026-11-25,,capital
KOPIS 공연예술통합전산망 | 한국음악(국악),한국음악(국악),"삼청각 수요상설공연, 三淸: 삼청",2026-02-25 ~ 2026-12-30,전체 관람가,"서울 성북구 대사관로 3 | 위도:37.5971435257866, 경도:126.984323541607","전석 80,000원",한국음악(국악) · 삼청각 (일화당) · 러닝타임 1시간 10분,http://ticket.interpark.com/Ticket/Goods/GoodsInfo.asp?GoodsCode=24018594,couple:1.0;date_spot:1.0;한국음악(국악),2026-09-11 22:28:45,concert,,,🎵 감성 가득한 무대와 음악을 즐기며 특별한 추억을 선사하는 낭만 공연,concert,concert,kopis,2026-12-30,,capital
KOPIS 공연예술통합전산망 | 복합,복합,라움 마티네 콘서트,2026-01-27 ~ 2026-12-24,만 7세 이상,"서울 강남구 언주로 564 (역삼동) 라움아트센터 | 위도:37.5081914, 경도:127.03957009999999","연간회원권 1,000,000원",복합 · 소셜베뉴 라움 (체임버홀) · 러닝타임 1시간,http://ticket.interpark.com/Ticket/Goods/GoodsInfo.asp?GoodsCode=25018218,couple:1.0;date_spot:1.0;복합,2026-09-11 22:28:45,concert,,,💑 연인과 함께 둘만의 소중한 주말 추억을 나누기 좋은 맞춤형 추천 장소,concert,concert,kopis,2026-12-24,,capital
KOPIS 공연예술통합전산망 | 연극,연극,스미레 미용실,2026-09-12 ~ 2026-10-03,만 12세 이상,"서울 종로구 세종대로 175 (세종로) | 위도:37.5725254, 경도:126.97564290000003","R석 80,000원, S석 60,000원, A석 40,000원",연극 · 세종문화회관 (세종M씨어터) · 러닝타임 3시간,http://www.ticketlink.co.kr/product/60491,couple:1.0;date_spot:1.0;연극,2026-09-11 22:28:45,concert,,,🎵 감성 가득한 무대와 음악을 즐기며 특별한 추억을 선사하는 낭만 공연,concert,concert,kopis,2026-10-03,,capital
KOPIS 공연예술통합전산망 | 서양음악(클래식),서양음악(클래식),"세종시즌, 정명훈 x KBS교향악단 x 김선욱: 베토벤 + 브람스",2026-10-04 ~ 2026-10-04,만 6세 이상,"서울 종로구 세종대로 175 (세종로) | 위도:37.5725254, 경도:126.97564290000003","VIP석 120,000원, R석 100,000원, S석 80,000원, A석 60,000원, B석 50,000원",서양음악(클래식) · 세종문화회관 (세종대극장) · 러닝타임 1시간 40분,http://www.ticketlink.co.kr/product/60495,couple:1.0;date_spot:1.0;서양음악(클래식),2026-09-11 22:28:45,concert,,,🎵 감성 가득한 무대와 음악을 즐기며 특별한 추억을 선사하는 낭만 공연,concert,concert,kopis,2026-10-04,,capital
KOPIS 공연예술통합전산망 | 서양음악(클래식),서양음악(클래식),롯콘 마티네: 대니 구의 플레이리스트,2026-03-05 ~ 2026-11-05,만 7세 이상,"서울 송파구 올림픽로 300 (신천동) 롯데월드몰 8층 롯데문화재단 | 위도:37.5130605, 경도:127.10349500000007","R석 45,000원, S석 30,000원, 마티네석 10,000원, 시야방해R 31,500원, 시야방해S 21,000원",서양음악(클래식) · 롯데콘서트홀 (롯데콘서트홀) · 러닝타임 1시간 20분,http://www.ticketlink.co.kr/product/60412,couple:1.0;date_spot:1.0;서양음악(클래식),2026-09-11 22:28:45,concert,,,🎵 감성 가득한 무대와 음악을 즐기며 특별한 추억을 선사하는 낭만 공연,concert,concert,kopis,2026-11-05,,capital
KOPIS 공연예술통합전산망 | 서양음악(클래식),서양음악(클래식),오르간 오딧세이,2026-02-25 ~ 2026-12-16,만 5세 이상,"서울 송파구 올림픽로 300 (신천동) 롯데월드몰 8층 롯데문화재단 | 위도:37.5130605, 경도:127.10349500000007","전석 25,000원, 시야방해석 17,500원",서양음악(클래식) · 롯데콘서트홀 (롯데콘서트홀) · 러닝타임 1시간 10분,http://www.ticketlink.co.kr/product/60117,couple:1.0;date_spot:1.0;서양음악(클래식),2026-09-11 22:28:45,concert,,,🎵 감성 가득한 무대와 음악을 즐기며 특별한 추억을 선사하는 낭만 공연,concert,concert,kopis,2026-12-16,,capital
KOPIS 공연예술통합전산망 | 서양음악(클래식),서양음악(클래식),제447회 인천시립교향악단 정기연주회: 인천시향의 버르토크,2026-10-02 ~ 2026-10-02,만 7세 이상,"인천 연수구 아트센터대로 222 (송도동) | 위도:37.39348409999999, 경도:126.63095859999999","전석 10,000원",서양음악(클래식) · 아트센터 인천 (콘서트홀) · 러닝타임 1시간 20분,http://ticket.interpark.com/Ticket/Goods/GoodsInfo.asp?GoodsCode=25018054,couple:1.0;date_spot:1.0;서양음악(클래식),2026-09-11 22:28:45,concert,,,🎵 감성 가득한 무대와 음악을 즐기며 특별한 추억을 선사하는 낭만 공연,concert,concert,kopis,2026-10-02,,capital
KOPIS 공연예술통합전산망 | 한국음악(국악),한국음악(국악),토요명품,2026-01-03 ~ 2026-12-26,,"서울 서초구 남부순환로 2364 (서초동) 국립국악원 | 위도:37.4786094, 경도:127.01130690000002","A석 30,000원, B석 20,000원",한국음악(국악) · 국립국악원 (우면당) · 러닝타임 1시간 20분,https://www.gugak.go.kr/site/program/performance/month?menuid=001001001001&year=2026&month=1,couple:1.0;date_spot:1.0;한국음악(국악),2026-09-11 22:28:45,concert,,,🎵 감성 가득한 무대와 음악을 즐기며 특별한 추억을 선사하는 낭만 공연,concert,concert,kopis,2026-12-26,,capital
KOPIS 공연예술통합전산망 | 서양음악(클래식),서양음악(클래식),"아름다운 목요일 스페이스, 노부스 콰르텟 String Quartet",2026-10-01 ~ 2026-10-01,만 7세 이상,"서울 서대문구 연세로 50 (신촌동) 연세대학교 백양누리 B1 금호아트홀 연세 | 위도:37.564089, 경도:126.93898089999993","전석 60,000원",서양음악(클래식) · 금호아트홀 연세 (금호아트홀 연세) · 러닝타임 1시간 40분,http://www.ticketlink.co.kr/product/60086,couple:1.0;date_spot:1.0;서양음악(클래식),2026-09-11 22:28:45,concert,,,🎵 감성 가득한 무대와 음악을 즐기며 특별한 추억을 선사하는 낭만 공연,concert,concert,kopis,2026-10-01,,capital
KOPIS 공연예술통합전산망 | 연극,연극,남주를 부탁해,2025-11-15 ~ 2026-11-08,만 8세 이상,"서울 종로구 동숭길 145 (동숭동) | 위도:37.5831766, 경도:127.0022799","전석 50,000원",연극 · 스케치홀 (구.소극장 선물 1관) (스케치홀 (구.소극장 선물 1관) ) · 러닝타임 1시간 30분,https://booking.naver.com/booking/12/bizes/1528013,couple:1.0;date_spot:1.0;연극,2026-09-11 22:28:45,concert,,,🎵 감성 가득한 무대와 음악을 즐기며 특별한 추억을 선사하는 낭만 공연,concert,concert,kopis,2026-11-08,,capital
KOPIS 공연예술통합전산망 | 뮤지컬,뮤지컬,헝키쇼 (HUNKY SHOW),2025-04-25 ~ 2026-10-31,만 19세 이상,"서울 종로구 대학로12길 15(동숭동) | 위도:37.5827347, 경도:127.002845","VIP석 88,000원, R석 77,000원",뮤지컬 · 스타스테이지 (스타스테이지) · 러닝타임 1시간 30분,http://www.ticketlink.co.kr/product/56986,couple:1.0;date_spot:1.0;뮤지컬,2026-09-11 22:28:45,concert,,,🎵 감성 가득한 무대와 음악을 즐기며 특별한 추억을 선사하는 낭만 공연,concert,concert,kopis,2026-10-31,,capital
KOPIS 공연예술통합전산망 | 뮤지컬,뮤지컬,더 맨 얼라이브: 초이스,2025-01-15 ~ 2026-10-31,만 19세 이상,"서울 성동구 서울숲2길 32-14 (성수동1가) | 위도:37.5457838, 경도:127.0424798","Special석 110,000원, Alive석 99,000원, Choice석 77,000원",뮤지컬 · 더 서울라이티움 (갤러리아포레) (G층 전용관) · 러닝타임 1시간 15분,http://www.ticketlink.co.kr/product/59446,couple:1.0;date_spot:1.0;뮤지컬,2026-09-11 22:28:45,concert,,,🎵 감성 가득한 무대와 음악을 즐기며 특별한 추억을 선사하는 낭만 공연,concert,concert,kopis,2026-10-31,,capital
KOPIS 공연예술통합전산망 | 한국음악(국악),한국음악(국악),진연 [서울],2025-06-13 ~ 2026-12-31,전체 관람가,"서울 종로구 인사동5길 10 (인사동) | 위도:37.572865, 경도:126.985653","전석 65,000원",한국음악(국악) · 지지대악 (공연장) · 러닝타임 1시간,http://www.ticketlink.co.kr/product/57112,couple:1.0;date_spot:1.0;한국음악(국악),2026-09-11 22:28:45,concert,,,🎵 감성 가득한 무대와 음악을 즐기며 특별한 추억을 선사하는 낭만 공연,concert,concert,kopis,2026-12-31,,capital
KOPIS 공연예술통합전산망 | 연극,연극,드립소년단 [대학로],2024-11-16 ~ 2026-10-04,전체 관람가,"서울 종로구 동숭길 145 (동숭동) | 위도:37.5831766, 경도:127.0022799","전석 35,000원",연극 · 스케치홀 (구.소극장 선물 1관) (스케치홀 (구.소극장 선물 1관) ) · 러닝타임 1시간 30분,https://booking.naver.com/booking/12/bizes/661611,couple:1.0;date_spot:1.0;연극,2026-09-11 22:28:45,concert,,,🎵 감성 가득한 무대와 음악을 즐기며 특별한 추억을 선사하는 낭만 공연,concert,concert,kopis,2026-10-04,,capital
KOPIS 공연예술통합전산망 | 뮤지컬,뮤지컬,점프 JUMP,2024-10-01 ~ 2026-10-31,36개월 이상,"서울 중구 마른내로 47 (초동) | 위도:37.564429, 경도:126.99300100000005","VIP석 70,000원, R석 60,000원, S석 50,000원",뮤지컬 · 명보아트홀 (가온홀 (B3F) ) · 러닝타임 1시간 20분,https://www.2tm.co.kr/ticket/10235,couple:1.0;date_spot:1.0;뮤지컬,2026-09-11 22:28:45,concert,,,🎵 감성 가득한 무대와 음악을 즐기며 특별한 추억을 선사하는 낭만 공연,concert,concert,kopis,2026-10-31,,capital
KOPIS 공연예술통합전산망 | 대중음악,대중음악,Special GIG [성수],2024-08-31 ~ 2026-10-31,만 16세 이상,"서울 성동구 성수일로8길 60 (성수동2가) | 위도:37.5448753, 경도:127.0568179","전석 20,000원","[공연소개] 매주 토요일 저녁의 특별한 공연! Special GIG은 이름만 Special GiG이 아닙니다. entry55 무대에 오른 수많은 팀 중에, 가장 폭발적인 호응을 받았던 한정된 팀만 초청하는 재즈계 슈퍼스타의 무대입니다. 한 번도 경험하지 못한 특별한 공연, 불타는 저녁이 될꺼에요!",https://booking.naver.com/booking/12/bizes/1216344,couple:1.0;date_spot:1.0;대중음악,2026-09-11 22:28:45,concert,,,🎵 감성 가득한 무대와 음악을 즐기며 특별한 추억을 선사하는 낭만 공연,concert,concert,kopis,2026-10-31,,capital
KOPIS 공연예술통합전산망 | 대중음악,대중음악,The entry to Jazz [서울 성수],2024-08-25 ~ 2026-10-30,만 16세 이상,"서울 성동구 성수일로8길 60 (성수동2가) | 위도:37.5448753, 경도:127.0568179","전석 15,000원",[공연소개] 매주 화/수/목/금/일! The entry to Jazz. 재즈의 세계로 초대합니다. The entry to Jazz는 'entry55'의 재즈 뮤직 디렉터 3분이 기획한 메인 긱(gig) 공연입니다. 재즈를 모르더라도 영화처럼 즐길 수 있는 대중적인 재즈 공연을 선보입니다.,https://booking.naver.com/booking/12/bizes/1216344,couple:1.0;date_spot:1.0;대중음악,2026-09-11 22:28:45,concert,,,🎵 감성 가득한 무대와 음악을 즐기며 특별한 추억을 선사하는 낭만 공연,concert,concert,kopis,2026-10-30,,capital
KOPIS 공연예술통합전산망 | 연극,연극,맥주 한잔 하실래요?,2024-08-30 ~ 2026-10-03,만 19세 이상,"서울 중구 을지로38길 9-4 (광희동1가) | 위도:37.5660433, 경도:127.0039785","전석 35,000원",연극 · 더더더 (더더더) · 러닝타임 2시간 30분,https://www.ticketlink.co.kr/product/52699,couple:1.0;date_spot:1.0;연극,2026-09-11 22:28:45,concert,,,🎵 감성 가득한 무대와 음악을 즐기며 특별한 추억을 선사하는 낭만 공연,concert,concert,kopis,2026-10-03,,capital
KOPIS 공연예술통합전산망 | 뮤지컬,뮤지컬,페인터즈 [서대문전용관],2024-06-05 ~ 2026-10-31,전체 관람가,"서울 중구 통일로 120 (충정로1가) | 위도:37.5658125, 경도:126.96752609999999","VIP석 70,000원, R석 60,000원, S석 50,000원",뮤지컬 · NH아트홀 (NH아트홀) · 러닝타임 1시간 15분,https://www.thepainters.co.kr/%EC%84%9C%EB%8C%80%EB%AC%B8%EC%A0%84%EC%9A%A9%EA%B4%80,couple:1.0;date_spot:1.0;뮤지컬,2026-09-11 22:28:45,concert,,,🎵 감성 가득한 무대와 음악을 즐기며 특별한 추억을 선사하는 낭만 공연,concert,concert,kopis,2026-10-31,,capital
KOPIS 공연예술통합전산망 | 뮤지컬,뮤지컬,페인터즈 [경향아트힐],2024-03-25 ~ 2026-10-31,전체 관람가,"서울 중구 정동길 3 (정동) | 위도:37.5681269, 경도:126.96995219999997","VIP석 70,000원, R석 60,000원, S석 50,000원",뮤지컬 · 경향아트힐 (1관) · 러닝타임 1시간 15분,https://www.thepainters.co.kr/%EA%B4%91%ED%99%94%EB%AC%B8%EC%A0%84%EC%9A%A9%EA%B4%80,couple:1.0;date_spot:1.0;뮤지컬,2026-09-11 22:28:45,concert,,,🎵 감성 가득한 무대와 음악을 즐기며 특별한 추억을 선사하는 낭만 공연,concert,concert,kopis,2026-10-31,,capital
KOPIS 공연예술통합전산망 | 뮤지컬,뮤지컬,난타 [홍대],2024-04-01 ~ 2026-12-31,12개월 이상,"서울 마포구 양화로16길 29 (서교동) | 위도:37.554702, 경도:126.92224490000001","VIP석 70,000원, S석 60,000원, A석 50,000원",뮤지컬 · 홍대난타극장(구. 뮤직쇼웨딩 전용관) (홍대난타극장(구. 뮤직쇼웨딩 전용관)) · 러닝타임 1시간 30분,https://booking.naver.com/booking/12/bizes/141831,couple:1.0;date_spot:1.0;뮤지컬,2026-09-11 22:28:45,concert,,,🎵 감성 가득한 무대와 음악을 즐기며 특별한 추억을 선사하는 낭만 공연,concert,concert,kopis,2026-12-31,,capital
KOPIS 공연예술통합전산망 | 뮤지컬,뮤지컬,천로역정,2023-12-09 ~ 2026-10-31,만 9세 이상,"서울 종로구 성균관로 48-2 (명륜1가) | 위도:37.586808, 경도:126.9967585","전석 60,000원",뮤지컬 · 명륜아트홀 (명륜아트홀) · 러닝타임 1시간 40분,http://ticket.11st.co.kr/Product/Detail/268482,couple:1.0;date_spot:1.0;뮤지컬,2026-09-11 22:28:45,concert,,,🎵 감성 가득한 무대와 음악을 즐기며 특별한 추억을 선사하는 낭만 공연,concert,concert,kopis,2026-10-31,,capital
KOPIS 공연예술통합전산망 | 연극,연극,죽여주는 이야기,2023-07-01 ~ 2026-11-30,만 7세 이상,"서울 종로구 동숭길 25 (동숭동) | 위도:37.5798541, 경도:127.0035752","전석 50,000원",연극 · 지인시어터(구. 알과핵소극장) (지인시어터(구. 알과핵소극장)) · 러닝타임 1시간 40분,https://www.nanumticket.or.kr/pe/detail.html?p_marking=&p_new=&start2=0&page_no2=1&p_idx=12773,couple:1.0;date_spot:1.0;연극,2026-09-11 22:28:45,concert,,,🎵 감성 가득한 무대와 음악을 즐기며 특별한 추억을 선사하는 낭만 공연,concert,concert,kopis,2026-11-30,,capital
KOPIS 공연예술통합전산망 | 연극,연극,핫식스,2023-04-01 ~ 2026-10-31,만 19세 이상,"서울 종로구 대학로12길 63(동숭동) | 위도:37.5812241, 경도:127.0040212","전석 80,000원",연극 · 도토리씨어터 (핫식스 1관) · 러닝타임 2시간,http://ticket.11st.co.kr/Product/Detail/268012,couple:1.0;date_spot:1.0;연극,2026-09-11 22:28:45,concert,,,🎵 감성 가득한 무대와 음악을 즐기며 특별한 추억을 선사하는 낭만 공연,concert,concert,kopis,2026-10-31,,capital
KOPIS 공연예술통합전산망 | 연극,연극,너의 목소리가 들려,2023-04-02 ~ 2026-10-31,만 13세 이상,"서울 종로구 대학로12길 63(동숭동) | 위도:37.5812241, 경도:127.0040212","전석 80,000원",연극 · 도토리씨어터 (너목들 2관) · 러닝타임 1시간 30분,http://ticket.11st.co.kr/Product/Detail/268013,couple:1.0;date_spot:1.0;연극,2026-09-11 22:28:45,concert,,,🎵 감성 가득한 무대와 음악을 즐기며 특별한 추억을 선사하는 낭만 공연,concert,concert,kopis,2026-10-31,,capital
KOPIS 공연예술통합전산망 | 연극,연극,늘근도둑이야기 [대학로],2022-03-05 ~ 2026-10-31,만 11세 이상,"서울 종로구 대학로12길 22 (동숭동) | 위도:37.5825141, 경도:127.00306330000001","전석 50,000원",연극 · 아트포레스트 아트홀 (1관) · 러닝타임 1시간 40분,https://booking.naver.com/booking/12/bizes/140273,couple:1.0;date_spot:1.0;연극,2026-09-11 22:28:45,concert,,,🎵 감성 가득한 무대와 음악을 즐기며 특별한 추억을 선사하는 낭만 공연,concert,concert,kopis,2026-10-31,,capital
KOPIS 공연예술통합전산망 | 연극,연극,행오버,2014-09-11 ~ 2026-11-30,만 16세 이상,"서울 종로구 대학로12길 69 (동숭동) | 위도:37.5818321, 경도:127.00342699999999","전석 50,000원","연극 · 정극장 (구. M시어터, 구.하모니아트홀) (정극장 (구. M시어터, 구.하모니아트홀) ) · 러닝타임 1시간 30분",http://ticket.11st.co.kr/Product/Detail/266058,couple:1.0;date_spot:1.0;연극,2026-09-11 22:28:45,concert,,,🎵 감성 가득한 무대와 음악을 즐기며 특별한 추억을 선사하는 낭만 공연,concert,concert,kopis,2026-11-30,,capital
KOPIS 공연예술통합전산망 | 연극,연극,연극라면,2021-01-14 ~ 2026-10-31,만 9세 이상,"서울 종로구 대학로10길 5 (동숭동) | 위도:37.5818197, 경도:127.00255949999996","전석 60,000원",연극 · 해피씨어터 (해피씨어터) · 러닝타임 1시간 30분,http://ticket.11st.co.kr/Product/Detail/267144,couple:1.0;date_spot:1.0;연극,2026-09-11 22:28:45,concert,,,🎵 감성 가득한 무대와 음악을 즐기며 특별한 추억을 선사하는 낭만 공연,concert,concert,kopis,2026-10-31,,capital
KOPIS 공연예술통합전산망 | 대중음악,대중음악,SAY MY NAME 2nd Anniversary Fan Concert: SAY MY ACADEMY,2026-10-17 ~ 2026-10-17,만 7세 이상,"서울 서초구 효령로72길 60 (서초동) | 위도:37.4856845, 경도:127.02802250000002","VIP석 121,000원, R석 110,000원",대중음악 · 한전아트센터 (한전아트센터) · 러닝타임 2시간,http://www.ticketlink.co.kr/product/65550,couple:1.0;date_spot:1.0;대중음악,2026-09-11 22:28:45,concert,,,🎵 감성 가득한 무대와 음악을 즐기며 특별한 추억을 선사하는 낭만 공연,concert,concert,kopis,2026-10-17,,capital
KOPIS 공연예술통합전산망 | 무용(서양/한국무용),무용(서양/한국무용),"국립발레단, 지젤",2026-10-13 ~ 2026-10-18,만 7세 이상,"서울 서초구 남부순환로 2406 (서초동) | 위도:37.4786896, 경도:127.01182410000001","R석 120,000원, S석 100,000원, A석 60,000원, B석 30,000원, C석 10,000원",무용(서양/한국무용) · 예술의전당 [서울] (오페라극장) · 러닝타임 2시간,http://ticket.interpark.com/Ticket/Goods/GoodsInfo.asp?GoodsCode=26012731,couple:1.0;date_spot:1.0;무용(서양/한국무용),2026-09-11 22:28:45,concert,,62.5,💑 연인과 함께 둘만의 소중한 주말 추억을 나누기 좋은 맞춤형 추천 장소,concert,concert,kopis,2026-10-18,kopis_boxoffice,capital
KOPIS 공연예술통합전산망 | 대중무용,대중무용,"해설이 있는 스트릿댄스, 카르페디엠 [수원]",2026-10-31 ~ 2026-10-31,만 7세 이상,"경기 수원시 장안구 이목로 24-25 (정자동) | 위도:37.3096379, 경도:126.98655699999995","전석 10,000원",대중무용 · 수원SK아트리움 (대공연장) · 러닝타임 1시간,http://ticket.interpark.com/Ticket/Goods/GoodsInfo.asp?GoodsCode=26013029,couple:1.0;date_spot:1.0;대중무용,2026-09-11 22:28:45,concert,,,💑 연인과 함께 둘만의 소중한 주말 추억을 나누기 좋은 맞춤형 추천 장소,concert,concert,kopis,2026-10-31,,capital
KOPIS 공연예술통합전산망 | 서양음악(클래식),서양음악(클래식),하세연 첼로 독주회,2026-10-25 ~ 2026-10-25,만 7세 이상,"서울 서초구 남부순환로 2406 (서초동) | 위도:37.4786896, 경도:127.01182410000001","전석 20,000원",서양음악(클래식) · 예술의전당 [서울] (리사이틀홀) · 러닝타임 1시간 30분,http://ticket.interpark.com/Ticket/Goods/GoodsInfo.asp?GoodsCode=26013148,couple:1.0;date_spot:1.0;서양음악(클래식),2026-09-11 22:28:45,concert,,,🎵 감성 가득한 무대와 음악을 즐기며 특별한 추억을 선사하는 낭만 공연,concert,concert,kopis,2026-10-25,,capital
KOPIS 공연예술통합전산망 | 서양음악(클래식),서양음악(클래식),피아니스트 한가야 추모 음악회 Ⅱ,2026-10-26 ~ 2026-10-26,만 7세 이상,"서울 서대문구 연세로 50 (신촌동) 연세대학교 백양누리 B1 금호아트홀 연세 | 위도:37.564089, 경도:126.93898089999993","전석 30,000원",서양음악(클래식) · 금호아트홀 연세 (금호아트홀 연세) · 러닝타임 1시간 40분,http://www.ticketlink.co.kr/product/65512,couple:1.0;date_spot:1.0;서양음악(클래식),2026-09-11 22:28:45,concert,,,🎵 감성 가득한 무대와 음악을 즐기며 특별한 추억을 선사하는 낭만 공연,concert,concert,kopis,2026-10-26,,capital
KOPIS 공연예술통합전산망 | 대중음악,대중음악,케니 지 내한 공연,2026-10-20 ~ 2026-10-21,만 12세 이상,"서울 노원구 광운로 20(월계동) | 위도:37.6193203, 경도:127.0583381","Seat P(2층) 157,000원, Seat R(3층) 135,000원",대중음악 · 광운대학교 동해문화예술관 (대극장) · 러닝타임 1시간 30분,http://www.ticketlink.co.kr/product/65495,couple:1.0;date_spot:1.0;대중음악,2026-09-11 22:28:45,concert,,,🎵 감성 가득한 무대와 음악을 즐기며 특별한 추억을 선사하는 낭만 공연,concert,concert,kopis,2026-10-21,,capital
KOPIS 공연예술통합전산망 | 무용(서양/한국무용),무용(서양/한국무용),"SICF 서울국제안무페스티벌, NO IM NOT / TEMPO",2026-11-01 ~ 2026-11-01,만 7세 이상,"서울 종로구 대학로8길 7 (동숭동) | 위도:37.5811855, 경도:127.0029999","VIP석 55,000원, R석 44,000원",무용(서양/한국무용) · 아르코예술극장 (대극장) · 러닝타임 1시간 5분,https://theater.arko.or.kr/product/ko/performance/259563,couple:1.0;date_spot:1.0;무용(서양/한국무용),2026-09-11 22:28:45,concert,,,💑 연인과 함께 둘만의 소중한 주말 추억을 나누기 좋은 맞춤형 추천 장소,concert,concert,kopis,2026-11-01,,capital
KOPIS 공연예술통합전산망 | 대중음악,대중음악,데이먼스 이어 콘서트: 죽은 연인에게로,2026-10-24 ~ 2026-10-25,만 8세 이상,"서울 중구 동호로 241 (장충동2가) | 위도:37.5581719, 경도:127.0067176","플로어석 132,000원, R석 132,000원, S석 121,000원",대중음악 · 장충체육관 (장충체육관) · 러닝타임 1시간 50분,http://ticket.interpark.com/Ticket/Goods/GoodsInfo.asp?GoodsCode=26012976,couple:1.0;date_spot:1.0;대중음악,2026-09-11 22:28:45,concert,,87.5,🎵 감성 가득한 무대와 음악을 즐기며 특별한 추억을 선사하는 낭만 공연,concert,concert,kopis,2026-10-25,kopis_boxoffice,capital
KOPIS 공연예술통합전산망 | 서양음악(클래식),서양음악(클래식),"서울 오페라 페스티벌, 그랜드 오페라 갈라쇼: Viva Verdi",2026-10-22 ~ 2026-10-22,만 7세 이상,"서울 강동구 동남로 870 (상일동) | 위도:37.5512621, 경도:127.15761910000003","R석 50,000원, S석 30,000원",서양음악(클래식) · 강동아트센터 (대극장 한강) · 러닝타임 2시간,https://www.gdfac.or.kr/product/ko/performance/258476,couple:1.0;date_spot:1.0;서양음악(클래식),2026-09-11 22:28:45,concert,,,🎵 감성 가득한 무대와 음악을 즐기며 특별한 추억을 선사하는 낭만 공연,concert,concert,kopis,2026-10-22,,capital
KOPIS 공연예술통합전산망 | 뮤지컬,뮤지컬,ONEPIECE (원피스),2026-10-17 ~ 2026-10-17,만 7세 이상,"서울 용산구 양녕로 445 (이촌동) | 위도:37.5170464, 경도:126.9602196","R석 150,000원, S석 120,000원",뮤지컬 · 노들섬 (라이브하우스) · 러닝타임 2시간 15분,http://ticket.interpark.com/Ticket/Goods/GoodsInfo.asp?GoodsCode=26013068,couple:1.0;date_spot:1.0;뮤지컬,2026-09-11 22:28:45,concert,,,🎵 감성 가득한 무대와 음악을 즐기며 특별한 추억을 선사하는 낭만 공연,concert,concert,kopis,2026-10-17,,capital
KOPIS 공연예술통합전산망 | 한국음악(국악),한국음악(국악),"남동문화재단 N-Pick, 국립국악관현악단, 베스트 컬렉션 [인천]",2026-10-24 ~ 2026-10-24,만 7세 이상,"인천 남동구 아암대로1437번길 32 (논현동) | 위도:37.3874966, 경도:126.72463809999999","전석 20,000원",한국음악(국악) · 남동소래아트홀 (소래극장 (대공연장) ) · 러닝타임 1시간 10분,https://www.enticket.com:469/pfm/sub01_view.html?p_idx=4394,couple:1.0;date_spot:1.0;한국음악(국악),2026-09-11 22:28:45,concert,,,🎵 감성 가득한 무대와 음악을 즐기며 특별한 추억을 선사하는 낭만 공연,concert,concert,kopis,2026-10-24,,capital
KOPIS 공연예술통합전산망 | 뮤지컬,뮤지컬,민들레 피리 [오산],2026-10-24 ~ 2026-10-24,만 8세 이상,"경기 오산시 경기동로 41 (오산동) | 위도:37.1597009, 경도:127.07653890000006","전석 40,000원",뮤지컬 · 오산문화예술회관 (대공연장) · 러닝타임 1시간 40분,http://ticket.interpark.com/Ticket/Goods/GoodsInfo.asp?GoodsCode=26012975,couple:1.0;date_spot:1.0;뮤지컬,2026-09-11 22:28:45,concert,,,🎵 감성 가득한 무대와 음악을 즐기며 특별한 추억을 선사하는 낭만 공연,concert,concert,kopis,2026-10-24,,capital
KOPIS 공연예술통합전산망 | 서양음악(클래식),서양음악(클래식),"서울 오페라 페스티벌, 마술피리",2026-10-24 ~ 2026-10-24,만 7세 이상,"서울 강동구 동남로 870 (상일동) | 위도:37.5512621, 경도:127.15761910000003","R석 80,000원, S석 50,000원, A석 30,000원",서양음악(클래식) · 강동아트센터 (대극장 한강) · 러닝타임 2시간 30분,https://gdfac.or.kr/product/performance/258475,couple:1.0;date_spot:1.0;서양음악(클래식),2026-09-11 22:28:45,concert,,,🎵 감성 가득한 무대와 음악을 즐기며 특별한 추억을 선사하는 낭만 공연,concert,concert,kopis,2026-10-24,,capital
KOPIS 공연예술통합전산망 | 대중음악,대중음악,HEARTBEAT BY DUDUDO,2026-10-17 ~ 2026-10-18,만 7세 이상,"서울 성북구 안암로 145 (안암동5가) | 위도:37.59294, 경도:127.024903","전석 99,000원",대중음악 · 고려대학교 화정체육관 (주경기장) · 러닝타임 8시간,https://ticket.melon.com/performance/index.htm?prodId=213848,couple:1.0;date_spot:1.0;대중음악,2026-09-11 22:28:45,concert,,6.2,🎵 감성 가득한 무대와 음악을 즐기며 특별한 추억을 선사하는 낭만 공연,concert,concert,kopis,2026-10-18,kopis_boxoffice,capital
KOPIS 공연예술통합전산망 | 서양음악(클래식),서양음악(클래식),"서울 오페라 페스티벌, 리허설 오픈데이: 마술피리 (베스티클럽)",2026-10-23 ~ 2026-10-23,만 7세 이상,"서울 강동구 동남로 870 (상일동) | 위도:37.5512621, 경도:127.15761910000003",전석무료,서양음악(클래식) · 강동아트센터 (대극장 한강) · 러닝타임 3시간,https://www.gdfac.or.kr/product/ko/performance/258491,couple:1.0;date_spot:1.0;서양음악(클래식),2026-09-11 22:28:45,concert,,,🎵 감성 가득한 무대와 음악을 즐기며 특별한 추억을 선사하는 낭만 공연,concert,concert,kopis,2026-10-23,,capital
KOPIS 공연예술통합전산망 | 무용(서양/한국무용),무용(서양/한국무용),"SICF 서울 국제 안무 페스티벌, Room 7 & 흔들리는 땅 & Missing",2026-10-28 ~ 2026-10-28,만 7세 이상,"서울 종로구 대학로8길 7 (동숭동) | 위도:37.5811855, 경도:127.0029999","VIP석 55,000원, R석 44,000원",무용(서양/한국무용) · 아르코예술극장 (대극장) · 러닝타임 1시간 20분,http://ticket.interpark.com/Ticket/Goods/GoodsInfo.asp?GoodsCode=26012930,couple:1.0;date_spot:1.0;무용(서양/한국무용),2026-09-11 22:28:45,concert,,,💑 연인과 함께 둘만의 소중한 주말 추억을 나누기 좋은 맞춤형 추천 장소,concert,concert,kopis,2026-10-28,,capital
KOPIS 공연예술통합전산망 | 무용(서양/한국무용),무용(서양/한국무용),"SICF 서울 국제 안무 페스티벌, PULSE & Silence & Prayer",2026-10-30 ~ 2026-10-30,만 7세 이상,"서울 종로구 대학로8길 7 (동숭동) | 위도:37.5811855, 경도:127.0029999","VIP석 55,000원, R석 44,000원",무용(서양/한국무용) · 아르코예술극장 (대극장) · 러닝타임 1시간 30분,http://ticket.interpark.com/Ticket/Goods/GoodsInfo.asp?GoodsCode=26012929,couple:1.0;date_spot:1.0;무용(서양/한국무용),2026-09-11 22:28:45,concert,,,💑 연인과 함께 둘만의 소중한 주말 추억을 나누기 좋은 맞춤형 추천 장소,concert,concert,kopis,2026-10-30,,capital
KOPIS 공연예술통합전산망 | 무용(서양/한국무용),무용(서양/한국무용),"SICF 서울 국제 안무 페스티벌, Ghosts & 별양 & 찰나: 감지하다",2026-10-29 ~ 2026-10-29,만 7세 이상,"서울 종로구 대학로8길 7 (동숭동) | 위도:37.5811855, 경도:127.0029999","전석 33,000원",무용(서양/한국무용) · 아르코예술극장 (소극장) · 러닝타임 1시간 10분,https://theater.arko.or.kr/product/performance/259558,couple:1.0;date_spot:1.0;무용(서양/한국무용),2026-09-11 22:28:45,concert,,,💑 연인과 함께 둘만의 소중한 주말 추억을 나누기 좋은 맞춤형 추천 장소,concert,concert,kopis,2026-10-29,,capital
KOPIS 공연예술통합전산망 | 무용(서양/한국무용),무용(서양/한국무용),"SICF 서울 국제 안무 페스티벌: 37N & Plantoid & Nothing, everything & 무늬의 무늬",2026-10-31 ~ 2026-10-31,만 7세 이상,"서울 종로구 대학로8길 7 (동숭동) | 위도:37.5811855, 경도:127.0029999","전석 33,000원",무용(서양/한국무용) · 아르코예술극장 (소극장) · 러닝타임 1시간 10분,https://theater.arko.or.kr/product/performance/259562,couple:1.0;date_spot:1.0;무용(서양/한국무용),2026-09-11 22:28:45,concert,,,💑 연인과 함께 둘만의 소중한 주말 추억을 나누기 좋은 맞춤형 추천 장소,concert,concert,kopis,2026-10-31,,capital
KOPIS 공연예술통합전산망 | 대중음악,대중음악,FOOTPRINT,2026-10-30 ~ 2026-10-30,만 7세 이상,"서울 중구 남대문시장10길 2 (회현동1가) | 위도:37.560373, 경도:126.979601","R석 99,000원, S석 88,000원",대중음악 · XSCALA(엑스칼라) (공연장) · 러닝타임 1시간 40분,http://ticket.interpark.com/Ticket/Goods/GoodsInfo.asp?GoodsCode=26013033,couple:1.0;date_spot:1.0;대중음악,2026-09-11 22:28:45,concert,,,🎵 감성 가득한 무대와 음악을 즐기며 특별한 추억을 선사하는 낭만 공연,concert,concert,kopis,2026-10-30,,capital
KOPIS 공연예술통합전산망 | 대중음악,대중음악,FLOW NARUTO THE ROCK WORLD TOUR [서울],2026-10-28 ~ 2026-10-28,전체 관람가,"서울 광진구 구천면로 20 (광장동) | 위도:37.5456881, 경도:127.1079671","스탠딩 VIP석 165,000원, 지정석 110,000원, 스탠딩 일반석 99,000원",대중음악 · 예스24 라이브홀 (구. 악스코리아) (예스24 라이브홀 (구. 악스코리아)) · 러닝타임 1시간 30분,https://ticket.yes24.com/Perf/59986,couple:1.0;date_spot:1.0;대중음악,2026-09-11 22:28:45,concert,,,🎵 감성 가득한 무대와 음악을 즐기며 특별한 추억을 선사하는 낭만 공연,concert,concert,kopis,2026-10-28,,capital
KOPIS 공연예술통합전산망 | 서양음악(클래식),서양음악(클래식),구자범의 가을 콘서트 렉쳐 1. The Sound of Music [안산],2026-10-28 ~ 2026-10-28,만 7세 이상,"경기 안산시 단원구 화랑로 312 (고잔동) | 위도:37.3196723, 경도:126.82255570000007","전석 30,000원",서양음악(클래식) · 안산문화예술의전당 (별무리극장) · 러닝타임 2시간,https://booking.naver.com/booking/12/bizes/1735279,couple:1.0;date_spot:1.0;서양음악(클래식),2026-09-11 22:28:45,concert,,,🎵 감성 가득한 무대와 음악을 즐기며 특별한 추억을 선사하는 낭만 공연,concert,concert,kopis,2026-10-28,,capital
KOPIS 공연예술통합전산망 | 뮤지컬,뮤지컬,제17회 화성시 뮤지컬단 정기공연: 우리들의 온에어,2026-10-24 ~ 2026-10-25,전체 관람가,"경기 화성시 병점로 37-6 (진안동) | 위도:37.2110518, 경도:127.0383312","전석 5,000원","[공연소개] 뮤지컬 우리들의 온에어 우리들의 온에어 화성시뮤지컬단 제17회 정기공연 꿈꾸는 우리들의 무대가 시작됩니다. 화려한 조명과 카메라 앞에서 평범한 청춘들의 꿈과 열정이 ON AIR 되는 순간 지금, 당신도 그 무대의 주인공이 되어보세요",https://booking.naver.com/booking/12/bizes/1733766,couple:1.0;date_spot:1.0;뮤지컬,2026-09-11 22:28:45,concert,,,🎵 감성 가득한 무대와 음악을 즐기며 특별한 추억을 선사하는 낭만 공연,concert,concert,kopis,2026-10-25,,capital
KOPIS 공연예술통합전산망 | 대중음악,대중음악,심규선 단독 콘서트: SANCTUARY,2026-10-24 ~ 2026-11-01,만 7세 이상,"서울 송파구 올림픽로 424 올림픽공원 (방이동) | 위도:37.52112, 경도:127.12836360000006","R석 143,000원, S석 132,000원",대중음악 · 올림픽공원 (우리금융아트홀(역도경기장)) · 러닝타임 2시간 30분,http://ticket.interpark.com/Ticket/Goods/GoodsInfo.asp?GoodsCode=26013062,couple:1.0;date_spot:1.0;대중음악,2026-09-11 22:28:45,concert,,81.2,🎵 감성 가득한 무대와 음악을 즐기며 특별한 추억을 선사하는 낭만 공연,concert,concert,kopis,2026-11-01,kopis_boxoffice,capital
KOPIS 공연예술통합전산망 | 무용(서양/한국무용),무용(서양/한국무용),"트라이보울 시리즈, 고도를 기다리며: 아함아트프로젝트 [인천]",2026-10-28 ~ 2026-10-28,만 4세 이상,"인천 연수구 인천타워대로 250 (송도동) | 위도:37.3940776, 경도:126.63503560000004","전석 20,000원",무용(서양/한국무용) · 트라이보울 (공연장 (2층) ) · 러닝타임 1시간,https://www.enticket.com:469/pfm/sub01_view.html?pfmIng=1&p_idx=4380,couple:1.0;date_spot:1.0;무용(서양/한국무용),2026-09-11 22:28:45,concert,,,💑 연인과 함께 둘만의 소중한 주말 추억을 나누기 좋은 맞춤형 추천 장소,concert,concert,kopis,2026-10-28,,capital
KOPIS 공연예술통합전산망 | 서양음악(클래식),서양음악(클래식),"제4회 벨루스앙상블 정기연주회, 마스터피스 시리즈 Ⅲ: La Musique Francaise",2026-10-21 ~ 2026-10-21,만 7세 이상,"경기 수원시 팔달구 효원로307번길 20 (인계동) 경기도문화의전당 | 위도:37.2618899, 경도:127.0374319","전석 5,000원",서양음악(클래식) · 경기아트센터(구. 경기도문화의전당) (소극장) · 러닝타임 1시간 30분,http://www.ticketlink.co.kr/product/65273,couple:1.0;date_spot:1.0;서양음악(클래식),2026-09-11 22:28:45,concert,,,🎵 감성 가득한 무대와 음악을 즐기며 특별한 추억을 선사하는 낭만 공연,concert,concert,kopis,2026-10-21,,capital
KOPIS 공연예술통합전산망 | 서양음악(클래식),서양음악(클래식),"리성야 , 류셴지 X 기타듀오 보티 (Botti) 콘서트 [서울]",2026-10-31 ~ 2026-10-31,만 6세 이상,"서울 종로구 세종대로 175 (세종로) | 위도:37.5725254, 경도:126.97564290000003","R석 50,000원, S석 40,000원","[공연소개] 중국의 젊은 두 거장 리싱예 , 류셴지 와 기타 듀오 Botti의 콜라보 세계적인 콩쿨을 석권한 중국을 대표하는 젊은 두 거장, 류셴지(Liu Xianji, 상하이 음대 교수)와 리싱예(Li Xingye, 쓰촨성 음대 교수)가 한국을 찾아, 한국을 대표하는 앙상블 기타 듀오 “Botti”와 함께 무대에 오릅니다. 이번 공연은 한국과 중국의 음악 교류를 통해 아시아 클래식 기타의 새로운 가능성을 제시하는 특별한 무대입니다. 본 공연은 단순한 음악회에 그치지 않고, 양국 음악 교육 및 예술 교류의 가교 역할을 수행합니다. …",https://www.sejongpac.or.kr/portal/performance/performance/performTicket.do?performIdx=37612&menuNo=200320,couple:1.0;date_spot:1.0;서양음악(클래식),2026-09-11 22:28:45,concert,,,🎵 감성 가득한 무대와 음악을 즐기며 특별한 추억을 선사하는 낭만 공연,concert,concert,kopis,2026-10-31,,capital
KOPIS 공연예술통합전산망 | 서양음악(클래식),서양음악(클래식),"푸디토리움, 더 스튜디오 세션",2026-10-23 ~ 2026-10-24,만 7세 이상,"서울 마포구 성미산로 64-5 (성산동) | 위도:37.5593835, 경도:126.9154822","전석 55,000원","[공연소개] 앨범 속에 기록되어 있던 푸디토리움의 음악이 오랜만에 관객 앞에서 다시 살아 움직인다. 〈푸디토리움 - 더 스튜디오 세션〉은 작곡가이자 프로듀서, 피아니스트 푸디토리움이 음악이 탄생하는 가장 가까운 공간인 ‘스튜디오’에서 관객과 함께 호흡하는 특별한 라이브 공연이다. 오랜 시간 음반을 통해 자신의 음악 세계를 이어온 그가 다시 관객과 직접 마주하며 시작하는 새로운 라이브 여정의 첫 무대이기도 하다. 이번 공연에는 ‘HOPE’ 시리즈를 함께 녹음했던 바이올리니스트 심정은, 비올리스트 박미리, 첼리스트 강찬욱이 함께한다. …",https://ticket.melon.com/performance/index.htm?prodId=213853,couple:1.0;date_spot:1.0;서양음악(클래식),2026-09-11 22:28:45,concert,,,🎵 감성 가득한 무대와 음악을 즐기며 특별한 추억을 선사하는 낭만 공연,concert,concert,kopis,2026-10-24,,capital
KOPIS 공연예술통합전산망 | 뮤지컬,뮤지컬,수레바퀴 아래서 [대학로],2026-10-13 ~ 2027-01-03,만 7세 이상,"서울 종로구 동숭길 25 (동숭동) | 위도:37.5798541, 경도:127.0035752","R석 60,000원, S석 50,000원",뮤지컬 · SH아트홀 (SH아트홀) · 러닝타임 1시간 30분,http://www.ticketlink.co.kr/product/65502,couple:1.0;date_spot:1.0;뮤지컬,2026-09-11 22:28:45,concert,,,🎵 감성 가득한 무대와 음악을 즐기며 특별한 추억을 선사하는 낭만 공연,concert,concert,kopis,2027-01-03,,capital
KOPIS 공연예술통합전산망 | 뮤지컬,뮤지컬,왕세자 실종사건,2026-10-22 ~ 2026-10-22,만 7세 이상,"서울 강북구 삼각산로 85 (수유동) | 위도:37.6407764, 경도:127.01315840000007","1층석 50,000원, 2층석 30,000원",뮤지컬 · 강북문화예술회관 (강북소나무홀 (구.대공연장) ) · 러닝타임 1시간 40분,http://ticket.interpark.com/Ticket/Goods/GoodsInfo.asp?GoodsCode=26013096,couple:1.0;date_spot:1.0;뮤지컬,2026-09-11 22:28:45,concert,,,🎵 감성 가득한 무대와 음악을 즐기며 특별한 추억을 선사하는 낭만 공연,concert,concert,kopis,2026-10-22,,capital
KOPIS 공연예술통합전산망 | 대중음악,대중음악,TAKASE TOYA ASIA TOUR: ∞ [서울],2026-10-18 ~ 2026-10-18,만 13세 이상,"서울 서대문구 신촌로 129 (창천동) | 위도:37.5565639, 경도:126.9403281","VVIP석 380,000원, VIP석 180,000원",대중음악 · 예스24 원더로크홀 (예스24 원더로크홀) · 러닝타임 1시간 30분,https://ticket.yes24.com/Perf/60065,couple:1.0;date_spot:1.0;대중음악,2026-09-11 22:28:45,concert,,,🎵 감성 가득한 무대와 음악을 즐기며 특별한 추억을 선사하는 낭만 공연,concert,concert,kopis,2026-10-18,,capital
KOPIS 공연예술통합전산망 | 서양음악(클래식),서양음악(클래식),"고음악 오디세이, 음악의 언어: Gesture (몸짓)",2026-10-20 ~ 2026-10-20,만 7세 이상,"서울 서초구 사평대로 55 (반포동) | 위도:37.4988598, 경도:126.9905166","R석 20,000원, S석 15,000원",서양음악(클래식) · 반포심산아트홀 (반포심산아트홀) · 러닝타임 1시간 40분,http://ticket.interpark.com/Ticket/Goods/GoodsInfo.asp?GoodsCode=26013119,couple:1.0;date_spot:1.0;서양음악(클래식),2026-09-11 22:28:45,concert,,,🎵 감성 가득한 무대와 음악을 즐기며 특별한 추억을 선사하는 낭만 공연,concert,concert,kopis,2026-10-20,,capital
KOPIS 공연예술통합전산망 | 한국음악(국악),한국음악(국악),양주풍류: 행차의 노래 [양주],2026-10-24 ~ 2026-10-24,전체 관람가,"경기 양주시 광적면 부흥로618번길 303 양주문화예술회관 | 위도:37.8131434, 경도:126.97215749999998",전석무료,한국음악(국악) · 양주문화예술회관 (소공연장) · 러닝타임 1시간,http://playticket.co.kr/nav/detail.html?idx=4534,couple:1.0;date_spot:1.0;한국음악(국악),2026-09-11 22:28:45,concert,,,🎵 감성 가득한 무대와 음악을 즐기며 특별한 추억을 선사하는 낭만 공연,concert,concert,kopis,2026-10-24,,capital
KOPIS 공연예술통합전산망 | 대중음악,대중음악,이창섭 단독 콘서트: Unknown [수원],2026-11-07 ~ 2026-11-08,만 7세 이상,"경기 수원시 팔달구 효원로307번길 20 (인계동) 경기도문화의전당 | 위도:37.2618899, 경도:127.0374319","VIP석 154,000원, R석 143,000원",대중음악 · 경기아트센터(구. 경기도문화의전당) (대극장) · 러닝타임 2시간,http://www.ticketlink.co.kr/product/65446,couple:1.0;date_spot:1.0;대중음악,2026-09-11 22:28:45,concert,,66.7,🎵 감성 가득한 무대와 음악을 즐기며 특별한 추억을 선사하는 낭만 공연,concert,concert,kopis,2026-11-08,kopis_boxoffice,capital
KOPIS 공연예술통합전산망 | 연극,연극,크루즈 [대학로],2026-10-29 ~ 2026-11-08,만 14세 이상,"서울 종로구 창경궁로 253-7 (명륜2가) | 위도:37.5844442, 경도:126.9994928","전석 55,000원",연극 · 씨어터 쿰 (씨어터 쿰) · 러닝타임 1시간 40분,http://ticket.interpark.com/Ticket/Goods/GoodsInfo.asp?GoodsCode=26012842,couple:1.0;date_spot:1.0;연극,2026-09-11 22:28:45,concert,,,🎵 감성 가득한 무대와 음악을 즐기며 특별한 추억을 선사하는 낭만 공연,concert,concert,kopis,2026-11-08,,capital
KOPIS 공연예술통합전산망 | 대중음악,대중음악,BLOOM Present SHINGO NAKAMURA [서울],2026-11-07 ~ 2026-11-07,만 19세 이상,"서울 성동구 연무장15길 11 (성수동2가) | 위도:37.542623, 경도:127.059283","스탠딩(얼리버드) 15,000원, 스탠딩(예매가) 20,000원, 스탠딩(현매가) 25,000원",대중음악 · 심심(XIMXIM)  (심심(XIMXIM) ) · 러닝타임 7시간,https://www.2tm.co.kr/ticket/10740,couple:1.0;date_spot:1.0;대중음악,2026-09-11 22:28:45,concert,,,🎵 감성 가득한 무대와 음악을 즐기며 특별한 추억을 선사하는 낭만 공연,concert,concert,kopis,2026-11-07,,capital
KOPIS 공연예술통합전산망 | 서양음악(클래식),서양음악(클래식),"Operatic Drama: 찬란한 삶, 메타스타시오 [인천]",2026-10-17 ~ 2026-10-17,만 7세 이상,"인천 중구 자유공원로 12 (인현동) | 위도:37.47571689999999, 경도:126.62969720000001","전석 6,000원",서양음악(클래식) · 인천학생교육문화회관 (싸리재홀(대공연장)) · 러닝타임 1시간 30분,https://www.enticket.com:469/pfm/sub01_view.html?pfmIng=1&p_idx=4389,couple:1.0;date_spot:1.0;서양음악(클래식),2026-09-11 22:28:45,concert,,,🎵 감성 가득한 무대와 음악을 즐기며 특별한 추억을 선사하는 낭만 공연,concert,concert,kopis,2026-10-17,,capital
KOPIS 공연예술통합전산망 | 대중음악,대중음악,"꿈의 숲 시즌 콘서트, 심아일랜드: Fall in Autumn",2026-10-24 ~ 2026-10-24,만 6세 이상,"서울 강북구 월계로 173 (번동) | 위도:37.6214312, 경도:127.0406246","전석 66,000원",[공연소개] ‘웃음과 감동을 오가는 밴드’ 얼터너티브 록 밴드 심아일랜드(Simile Land) 심아일랜드는 한국 인디 씬의 '앙팡 테리블'로 펑키한 에너지를 기반으로 다채로운 장르와 기발한 컨셉을 자유롭게 넘나든다. 단독콘서트 전석 매진을 기록하며 존재감을 입증한 이들은 각기 다른 개성의 멤버들이 만들어내는 독특한 사운드와 관객을 사로잡는 퍼포먼스를 보여준다. 각종 페스티벌을 통해 이름을 알리며 떠오르는 신예 밴드로 주목 받고 있다.,http://ticket.interpark.com/Ticket/Goods/GoodsInfo.asp?GoodsCode=P0004794,couple:1.0;date_spot:1.0;대중음악,2026-09-11 22:28:45,concert,,,🎵 감성 가득한 무대와 음악을 즐기며 특별한 추억을 선사하는 낭만 공연,concert,concert,kopis,2026-10-24,,capital
KOPIS 공연예술통합전산망 | 서양음악(클래식),서양음악(클래식),"제18회 서울 국제 음악제, 이안 보스트리지: 슈만 시인의 사랑",2026-10-15 ~ 2026-10-15,만 7세 이상,"서울 서초구 남부순환로 2406 (서초동) | 위도:37.4786896, 경도:127.01182410000001","R석 60,000원, S석 40,000원, A석 20,000원",서양음악(클래식) · 예술의전당 [서울] (IBK챔버홀) · 러닝타임 1시간 20분,http://ticket.interpark.com/Ticket/Goods/GoodsInfo.asp?GoodsCode=26011944,couple:1.0;date_spot:1.0;서양음악(클래식),2026-09-11 22:28:45,concert,,,🎵 감성 가득한 무대와 음악을 즐기며 특별한 추억을 선사하는 낭만 공연,concert,concert,kopis,2026-10-15,,capital
KOPIS 공연예술통합전산망 | 서양음악(클래식),서양음악(클래식),홍지연 첼로 독주회,2026-10-16 ~ 2026-10-16,만 7세 이상,"서울 종로구 세종대로 175 (세종로) | 위도:37.5725254, 경도:126.97564290000003","전석 30,000원",서양음악(클래식) · 세종문화회관 (세종체임버홀) · 러닝타임 1시간 30분,https://www.sejongpac.or.kr/portal/performance/performance/performTicket.do?performIdx=37619&menuNo=200320,couple:1.0;date_spot:1.0;서양음악(클래식),2026-09-11 22:28:45,concert,,,🎵 감성 가득한 무대와 음악을 즐기며 특별한 추억을 선사하는 낭만 공연,concert,concert,kopis,2026-10-16,,capital
KOPIS 공연예술통합전산망 | 서양음악(클래식),서양음악(클래식),I Miss You [성남],2026-10-17 ~ 2026-10-17,36개월 이상,"경기 성남시 분당구 성남대로 808 (야탑동) | 위도:37.4027309, 경도:127.13124349999998","전석 20,000원",서양음악(클래식) · 성남아트센터 (앙상블씨어터) · 러닝타임 1시간 40분,http://ticket.interpark.com/Ticket/Goods/GoodsInfo.asp?GoodsCode=26013181,couple:1.0;date_spot:1.0;서양음악(클래식),2026-09-11 22:28:45,concert,,,🎵 감성 가득한 무대와 음악을 즐기며 특별한 추억을 선사하는 낭만 공연,concert,concert,kopis,2026-10-17,,capital
KOPIS 공연예술통합전산망 | 서양음악(클래식),서양음악(클래식),경희 솔로이스츠,2026-10-20 ~ 2026-10-20,만 7세 이상,"서울 서초구 남부순환로 2406 (서초동) | 위도:37.4786896, 경도:127.01182410000001","전석 30,000원",서양음악(클래식) · 예술의전당 [서울] (인춘아트홀) · 러닝타임 2시간,http://ticket.interpark.com/Ticket/Goods/GoodsInfo.asp?GoodsCode=26012748,couple:1.0;date_spot:1.0;서양음악(클래식),2026-09-11 22:28:45,concert,,,🎵 감성 가득한 무대와 음악을 즐기며 특별한 추억을 선사하는 낭만 공연,concert,concert,kopis,2026-10-20,,capital
KOPIS 공연예술통합전산망 | 연극,연극,"제11회 SF연극제, 여름의 미래",2026-10-28 ~ 2026-11-01,만 11세 이상,"서울 종로구 대학로12길 63 (동숭동) | 위도:37.5812279, 경도:127.00391100000002","전석 30,000원",연극 · 소극장 혜화당 (구. 까망소극장) (소극장 혜화당 (구. 까망소극장) ) · 러닝타임 1시간 25분,http://ticket.interpark.com/Ticket/Goods/GoodsInfo.asp?GoodsCode=26013030,couple:1.0;date_spot:1.0;연극,2026-09-11 22:28:45,concert,,,🎵 감성 가득한 무대와 음악을 즐기며 특별한 추억을 선사하는 낭만 공연,concert,concert,kopis,2026-11-01,,capital
KOPIS 공연예술통합전산망 | 서양음악(클래식),서양음악(클래식),MelON 디즈니 + 지브리 오케스트라 콘서트 volume.3 [인천],2026-11-08 ~ 2026-11-08,만 4세 이상,"인천 연수구 아트센터대로 222 (송도동) | 위도:37.39348409999999, 경도:126.63095859999999","VIP석 100,000원, R석 80,000원, S석 60,000원, A석 50,000원",서양음악(클래식) · 아트센터 인천 (콘서트홀) · 러닝타임 2시간,http://ticket.interpark.com/Ticket/Goods/GoodsInfo.asp?GoodsCode=26013141,couple:1.0;date_spot:1.0;서양음악(클래식),2026-09-11 22:28:45,concert,,,🎵 감성 가득한 무대와 음악을 즐기며 특별한 추억을 선사하는 낭만 공연,concert,concert,kopis,2026-11-08,,capital
KOPIS 공연예술통합전산망 | 연극,연극,"제11회 SF연극제, 로제타와 필레",2026-10-21 ~ 2026-10-25,만 11세 이상,"서울 종로구 대학로12길 63 (동숭동) | 위도:37.5812279, 경도:127.00391100000002","전석 30,000원",연극 · 소극장 혜화당 (구. 까망소극장) (소극장 혜화당 (구. 까망소극장) ) · 러닝타임 1시간 5분,http://ticket.interpark.com/Ticket/Goods/GoodsInfo.asp?GoodsCode=26013025,couple:1.0;date_spot:1.0;연극,2026-09-11 22:28:45,concert,,,🎵 감성 가득한 무대와 음악을 즐기며 특별한 추억을 선사하는 낭만 공연,concert,concert,kopis,2026-10-25,,capital
KOPIS 공연예술통합전산망 | 대중음악,대중음악,김재환 콘서트: 여백: 餘白,2026-10-31 ~ 2026-11-01,만 6세 이상,"서울 용산구 이태원로 294 (한남동) | 위도:37.5408717, 경도:127.00244010000006","전석 154,000원",대중음악 · 블루스퀘어 (우리WON뱅킹홀(구. SOL트래블홀) ),http://ticket.interpark.com/Ticket/Goods/GoodsInfo.asp?GoodsCode=26012668,couple:1.0;date_spot:1.0;대중음악,2026-09-11 22:28:45,concert,,75.0,🎵 감성 가득한 무대와 음악을 즐기며 특별한 추억을 선사하는 낭만 공연,concert,concert,kopis,2026-11-01,kopis_boxoffice,capital
KOPIS 공연예술통합전산망 | 연극,연극,뿌리의 방,2026-10-20 ~ 2026-11-01,만 13세 이상,"서울 종로구 대학로3길 10 (효제동) 고운빌딩 | 위도:37.5740036, 경도:127.00164489999997","전석 40,000원",연극 · 더 씨어터 (더 씨어터) · 러닝타임 2시간,http://ticket.interpark.com/Ticket/Goods/GoodsInfo.asp?GoodsCode=26013005,couple:1.0;date_spot:1.0;연극,2026-09-11 22:28:45,concert,,,🎵 감성 가득한 무대와 음악을 즐기며 특별한 추억을 선사하는 낭만 공연,concert,concert,kopis,2026-11-01,,capital
KOPIS 공연예술통합전산망 | 대중음악,대중음악,WE,2026-10-31 ~ 2026-10-31,전체 관람가,"서울 마포구 어울마당로 35 (서교동) 지하 1층 | 위도:37.5484417, 경도:126.92010579999999","현장판매 99,000원, 사전예약 88,000원",대중음악 · 롤링홀 (롤링홀) · 러닝타임 2시간 45분,http://ticket.interpark.com/Ticket/Goods/GoodsInfo.asp?GoodsCode=26012938,couple:1.0;date_spot:1.0;대중음악,2026-09-11 22:28:45,concert,,,🎵 감성 가득한 무대와 음악을 즐기며 특별한 추억을 선사하는 낭만 공연,concert,concert,kopis,2026-10-31,,capital
KOPIS 공연예술통합전산망 | 서양음악(클래식),서양음악(클래식),Heritage Series; The Masters: 테너 이안 보스트리지,2026-10-14 ~ 2026-10-14,만 7세 이상,"서울 영등포구 국제금융로8길 16 (여의도동) | 위도:37.5212571, 경도:126.92887129999997","전석 40,000원",서양음악(클래식) · 신영체임버홀 (신영체임버홀) · 러닝타임 1시간 10분,http://ticket.interpark.com/Ticket/Goods/GoodsInfo.asp?GoodsCode=26013102,couple:1.0;date_spot:1.0;서양음악(클래식),2026-09-11 22:28:45,concert,,,🎵 감성 가득한 무대와 음악을 즐기며 특별한 추억을 선사하는 낭만 공연,concert,concert,kopis,2026-10-14,,capital
KOPIS 공연예술통합전산망 | 뮤지컬,뮤지컬,치펜데일 라이브 인 서울,2026-10-31 ~ 2026-11-02,만 19세 이상,"서울 성동구 연무장 15길 11 (성수동2가) | 위도:37.54267, 경도:127.059465","VIP석 160,000원, R석 140,000원",뮤지컬 · 에스팩토리 (D동) · 러닝타임 1시간 40분,http://www.ticketlink.co.kr/product/65430,couple:1.0;date_spot:1.0;뮤지컬,2026-09-11 22:28:45,concert,,,🎵 감성 가득한 무대와 음악을 즐기며 특별한 추억을 선사하는 낭만 공연,concert,concert,kopis,2026-11-02,,capital
KOPIS 공연예술통합전산망 | 대중음악,대중음악,"안치환 데뷔 40주년 15집 발매 기념 서울 콘서트: 더 깊이, 더 멀리, 함께 다시, 노래로",2026-11-07 ~ 2026-11-07,만 15세 이상,"서울 용산구 녹사평대로 150(이태원동 34-87) | 위도:37.5324850802063, 경도:126.990347010138","VIP석 110,000원, R석 99,000원, S석 77,000원",대중음악 · 용산아트홀 (대극장 미르) · 러닝타임 2시간,http://ticket.interpark.com/Ticket/Goods/GoodsInfo.asp?GoodsCode=26013070,couple:1.0;date_spot:1.0;대중음악,2026-09-11 22:28:45,concert,,,🎵 감성 가득한 무대와 음악을 즐기며 특별한 추억을 선사하는 낭만 공연,concert,concert,kopis,2026-11-07,,capital
KOPIS 공연예술통합전산망 | 복합,복합,제62회 인천 시민의 날 & IFEZ 개청 23주년 기념 음악회,2026-10-15 ~ 2026-10-15,만 7세 이상,"인천 연수구 아트센터대로 222 (송도동) | 위도:37.39348409999999, 경도:126.63095859999999","전석 20,000원",복합 · 아트센터 인천 (콘서트홀) · 러닝타임 1시간 30분,http://ticket.interpark.com/Ticket/Goods/GoodsInfo.asp?GoodsCode=26012228,couple:1.0;date_spot:1.0;복합,2026-09-11 22:28:45,concert,,,💑 연인과 함께 둘만의 소중한 주말 추억을 나누기 좋은 맞춤형 추천 장소,concert,concert,kopis,2026-10-15,,capital
KOPIS 공연예술통합전산망 | 대중음악,대중음악,HIGHLIGHT FAN CON: 18년차 아이돌인 내가 이세계에선 데뷔조 연습생?! [서울],2026-10-16 ~ 2026-10-18,만 6세 이상,"서울 중구 동호로 241 (장충동2가) | 위도:37.5581719, 경도:127.0067176","전석 132,000원",대중음악 · 장충체육관 (장충체육관) · 러닝타임 2시간 30분,https://ticket.yes24.com/Perf/59891,couple:1.0;date_spot:1.0;대중음악,2026-09-11 22:28:45,concert,,95.8,🎵 감성 가득한 무대와 음악을 즐기며 특별한 추억을 선사하는 낭만 공연,concert,concert,kopis,2026-10-18,kopis_boxoffice,capital
KOPIS 공연예술통합전산망 | 연극,연극,"제6회 여주인공 페스티벌, 이혼고백서",2026-10-21 ~ 2026-10-25,만 13세 이상,"서울 종로구 혜화로 17 (명륜1가) | 위도:37.5870645, 경도:126.99977209999997","전석 30,000원",연극 · 미마지아트센터 (물빛극장) · 러닝타임 1시간 40분,http://ticket.interpark.com/Ticket/Goods/GoodsInfo.asp?GoodsCode=26012908,couple:1.0;date_spot:1.0;연극,2026-09-11 22:28:45,concert,,,🎵 감성 가득한 무대와 음악을 즐기며 특별한 추억을 선사하는 낭만 공연,concert,concert,kopis,2026-10-25,,capital
KOPIS 공연예술통합전산망 | 연극,연극,"제14회 GAF 공연예술제, 호모사케르: 벌거벗겨진 생명",2026-10-16 ~ 2026-10-16,만 15세 이상,"서울 구로구 경인로 416 (고척동) | 위도:37.4982916, 경도:126.8658154","전석 15,000원",연극 · 구로창의아트홀 (구로창의아트홀) · 러닝타임 1시간 30분,http://ticket.interpark.com/Ticket/Goods/GoodsInfo.asp?GoodsCode=26011867,couple:1.0;date_spot:1.0;연극,2026-09-11 22:28:45,concert,,,🎵 감성 가득한 무대와 음악을 즐기며 특별한 추억을 선사하는 낭만 공연,concert,concert,kopis,2026-10-16,,capital
KOPIS 공연예술통합전산망 | 서양음악(클래식),서양음악(클래식),이선아 피아노 독주회: J.S.Bach Keyboard Suite 전곡 시리즈 Ⅳ,2026-10-18 ~ 2026-10-18,만 7세 이상,"서울 서초구 남부순환로 2406 (서초동) | 위도:37.4786896, 경도:127.01182410000001","전석 30,000원","[Program] J.S.Bach (1685-1750) English Suite No.1 in A Major, BWV 806 Partita No.3 in A Minor, BWV 827 Suite in A Major, BWV 832 Suite in A Minor, BWV 818a English Suite No.2 in A Minor, BWV 807",http://ticket.interpark.com/Ticket/Goods/GoodsInfo.asp?GoodsCode=26012520,couple:1.0;date_spot:1.0;서양음악(클래식),2026-09-11 22:28:45,concert,,,🎵 감성 가득한 무대와 음악을 즐기며 특별한 추억을 선사하는 낭만 공연,concert,concert,kopis,2026-10-18,,capital
KOPIS 공연예술통합전산망 | 서양음악(클래식),서양음악(클래식),에튀드 스펙트럼 Ⅰ: 지유경 리게티 피아노 에튀드 전곡 리사이틀,2026-11-01 ~ 2026-11-01,만 7세 이상,"서울 서초구 남부순환로 2406 (서초동) | 위도:37.4786896, 경도:127.01182410000001","전석 30,000원",서양음악(클래식) · 예술의전당 [서울] (리사이틀홀) · 러닝타임 1시간 40분,http://ticket.interpark.com/Ticket/Goods/GoodsInfo.asp?GoodsCode=26012888,couple:1.0;date_spot:1.0;서양음악(클래식),2026-09-11 22:28:45,concert,,,🎵 감성 가득한 무대와 음악을 즐기며 특별한 추억을 선사하는 낭만 공연,concert,concert,kopis,2026-11-01,,capital
KOPIS 공연예술통합전산망 | 서양음악(클래식),서양음악(클래식),"온: 콘서트, 루미넬라 듀오의 네 손이 그리는 환상 이야기",2026-10-17 ~ 2026-10-17,만 7세 이상,"서울 송파구 송파대로37길 50 (석촌동) | 위도:37.5002447, 경도:127.1066645","전석 25,000원",서양음악(클래식) · 온쉼표 (온쉼표) · 러닝타임 1시간,https://booking.naver.com/booking/12/bizes/1246855,couple:1.0;date_spot:1.0;서양음악(클래식),2026-09-11 22:28:45,concert,,,🎵 감성 가득한 무대와 음악을 즐기며 특별한 추억을 선사하는 낭만 공연,concert,concert,kopis,2026-10-17,,capital
KOPIS 공연예술통합전산망 | 한국음악(국악),한국음악(국악),출해: 이무기 이야기 [고양],2026-10-17 ~ 2026-10-17,만 7세 이상,"경기 고양시 일산동구 중앙로 1286 (마두동) 고양아람누리 | 위도:37.6614074, 경도:126.77433789999998","R석 30,000원, S석 20,000원",한국음악(국악) · 고양아람누리 (새라새극장) · 러닝타임 1시간 10분,http://www.artgy.or.kr/PF/PF0201V.aspx?showid=0000008419,couple:1.0;date_spot:1.0;한국음악(국악),2026-09-11 22:28:45,concert,,,🎵 감성 가득한 무대와 음악을 즐기며 특별한 추억을 선사하는 낭만 공연,concert,concert,kopis,2026-10-17,,capital
KOPIS 공연예술통합전산망 | 연극,연극,"스테이지149, 그림자극: 핸드쉐도우 판타지 ANIMARE 아니마레 [인천]",2026-10-29 ~ 2026-10-31,36개월 이상,"인천 남동구 예술로 149 (구월동) | 위도:37.4477666, 경도:126.70008329999996","전석 20,000원",연극 · 인천문화예술회관 (소공연장) · 러닝타임 1시간,https://www.incheon.go.kr/art/ART010101/view?resveProgrmSeCode=C&resveGroupSn=5&progrmSn=10907,couple:1.0;date_spot:1.0;연극,2026-09-11 22:28:45,concert,,,🎵 감성 가득한 무대와 음악을 즐기며 특별한 추억을 선사하는 낭만 공연,concert,concert,kopis,2026-10-31,,capital
KOPIS 공연예술통합전산망 | 한국음악(국악),한국음악(국악),"이희문프로젝트, 날: NAL [성남]",2026-11-07 ~ 2026-11-07,만 7세 이상,"경기 성남시 수정구 수정로171번길 10 | 위도:37.4448723, 경도:127.13890700000002","R석 30,000원, S석 20,000원",한국음악(국악) · 성남아트리움 (구. 성남시민회관) (대극장) · 러닝타임 1시간 10분,http://ticket.interpark.com/Ticket/Goods/GoodsInfo.asp?GoodsCode=26012727,couple:1.0;date_spot:1.0;한국음악(국악),2026-09-11 22:28:45,concert,,,🎵 감성 가득한 무대와 음악을 즐기며 특별한 추억을 선사하는 낭만 공연,concert,concert,kopis,2026-11-07,,capital
KOPIS 공연예술통합전산망 | 대중음악,대중음악,브로콜리너마저의 전국 인디 교류 투어 [서울],2026-10-25 ~ 2026-10-25,전체 관람가,"서울 서대문구 신촌로 129 (창천동) | 위도:37.5565639, 경도:126.9403281","전석 77,000원",대중음악 · 예스24 원더로크홀 (예스24 원더로크홀) · 러닝타임 2시간 55분,https://ticket.yes24.com/Perf/59977,couple:1.0;date_spot:1.0;대중음악,2026-09-11 22:28:45,concert,,,🎵 감성 가득한 무대와 음악을 즐기며 특별한 추억을 선사하는 낭만 공연,concert,concert,kopis,2026-10-25,,capital
KOPIS 공연예술통합전산망 | 서양음악(클래식),서양음악(클래식),손열음 피아노 리사이틀 [평택],2026-10-23 ~ 2026-10-23,만 7세 이상,"경기 평택시 중앙로 277 (비전동) | 위도:36.9909219, 경도:127.11427630000003","R석 50,000원, S석 30,000원",서양음악(클래식) · 평택시남부문예회관 (대공연장) · 러닝타임 1시간 30분,https://booking.naver.com/booking/12/bizes/1731097,couple:1.0;date_spot:1.0;서양음악(클래식),2026-09-11 22:28:45,concert,,,🎵 감성 가득한 무대와 음악을 즐기며 특별한 추억을 선사하는 낭만 공연,concert,concert,kopis,2026-10-23,,capital
KOPIS 공연예술통합전산망 | 대중음악,대중음악,키퍼 (Kiefer) 내한공연 [서울],2026-10-28 ~ 2026-10-28,전체 관람가,"서울 마포구 와우산로29가길 15 (서교동) | 위도:37.5541887, 경도:126.928539","PGA석 (얼리 엔트리) 110,000원, GA석 (일반) 66,000원",대중음악 · 구름아래소극장 (구름아래소극장) · 러닝타임 2시간,http://ticket.interpark.com/Ticket/Goods/GoodsInfo.asp?GoodsCode=26012874,couple:1.0;date_spot:1.0;대중음악,2026-09-11 22:28:45,concert,,,🎵 감성 가득한 무대와 음악을 즐기며 특별한 추억을 선사하는 낭만 공연,concert,concert,kopis,2026-10-28,,capital
KOPIS 공연예술통합전산망 | 서양음악(클래식),서양음악(클래식),국립합창단 청년교육단원 결과보고회: Fermata: 음악이 머무는 자리,2026-10-22 ~ 2026-10-22,만 7세 이상,"서울 중구 장충단로 59 (장충동2가) | 위도:37.5523153, 경도:126.99963600000001",전석무료,서양음악(클래식) · 국립극장 (달오름극장) · 러닝타임 1시간 25분,http://www.ticketlink.co.kr/product/65261,couple:1.0;date_spot:1.0;서양음악(클래식),2026-09-11 22:28:45,concert,,,🎵 감성 가득한 무대와 음악을 즐기며 특별한 추억을 선사하는 낭만 공연,concert,concert,kopis,2026-10-22,,capital
KOPIS 공연예술통합전산망 | 대중음악,대중음악,김동률 콘서트: 오래된 노래,2026-10-17 ~ 2026-10-25,만 7세 이상,"서울 종로구 세종대로 175 (세종로) | 위도:37.5725254, 경도:126.97564290000003","R석 198,000원, S석 187,000원, A석 165,000원, B석 143,000원, C석 132,000원",대중음악 · 세종문화회관 (세종대극장) · 러닝타임 2시간 30분,http://ticket.interpark.com/Ticket/Goods/GoodsInfo.asp?GoodsCode=26012694,couple:1.0;date_spot:1.0;대중음악,2026-09-11 22:28:45,concert,,52.1,🎵 감성 가득한 무대와 음악을 즐기며 특별한 추억을 선사하는 낭만 공연,concert,concert,kopis,2026-10-25,kopis_boxoffice,capital
KOPIS 공연예술통합전산망 | 서양음악(클래식),서양음악(클래식),삼중의 풍경,2026-10-23 ~ 2026-10-23,만 7세 이상,"서울 서초구 반포대로 18 (서초동) | 위도:37.4821798, 경도:127.01265169999999","전석 30,000원",서양음악(클래식) · 페리지홀 (페리지홀) · 러닝타임 2시간,http://ticket.interpark.com/Ticket/Goods/GoodsInfo.asp?GoodsCode=26012917,couple:1.0;date_spot:1.0;서양음악(클래식),2026-09-11 22:28:45,concert,,,🎵 감성 가득한 무대와 음악을 즐기며 특별한 추억을 선사하는 낭만 공연,concert,concert,kopis,2026-10-23,,capital
KOPIS 공연예술통합전산망 | 대중음악,대중음악,주현미 데뷔 40주년 콘서트: The Queen [용인],2026-11-08 ~ 2026-11-08,만 7세 이상,"경기 용인시 수지구 포은대로 499 (죽전동) | 위도:37.3256631, 경도:127.10469480000006","R석 121,000원, S석 99,000원",대중음악 · 용인포은아트홀 (용인포은아트홀) · 러닝타임 2시간,https://booking.naver.com/booking/12/bizes/1728214,couple:1.0;date_spot:1.0;대중음악,2026-09-11 22:28:45,concert,,,🎵 감성 가득한 무대와 음악을 즐기며 특별한 추억을 선사하는 낭만 공연,concert,concert,kopis,2026-11-08,,capital
KOPIS 공연예술통합전산망 | 대중음악,대중음악,윤민수 with Piano,2026-10-17 ~ 2026-10-24,만 7세 이상,"서울 마포구 양화로 45 (서교동, 메세나폴리스) | 위도:37.5515008, 경도:126.9139502","전석 121,000원","대중음악 · NOL 씨어터 합정(구, 신한카드 SOL페이 스퀘어) (동양생명홀) · 러닝타임 2시간",http://ticket.interpark.com/Ticket/Goods/GoodsInfo.asp?GoodsCode=26012814,couple:1.0;date_spot:1.0;대중음악,2026-09-11 22:28:45,concert,,,🎵 감성 가득한 무대와 음악을 즐기며 특별한 추억을 선사하는 낭만 공연,concert,concert,kopis,2026-10-24,,capital
KOPIS 공연예술통합전산망 | 서양음악(클래식),서양음악(클래식),"바리톤 김주택 뮤직 라이브러리, Act 5. Le Canzoni",2026-10-31 ~ 2026-10-31,만 7세 이상,"서울 서초구 남부순환로 2406 (서초동) | 위도:37.4786896, 경도:127.01182410000001","R석 75,000원, S석 55,000원",서양음악(클래식) · 예술의전당 [서울] (IBK챔버홀) · 러닝타임 1시간 40분,http://ticket.interpark.com/Ticket/Goods/GoodsInfo.asp?GoodsCode=26012521,couple:1.0;date_spot:1.0;서양음악(클래식),2026-09-11 22:28:45,concert,,,🎵 감성 가득한 무대와 음악을 즐기며 특별한 추억을 선사하는 낭만 공연,concert,concert,kopis,2026-10-31,,capital
KOPIS 공연예술통합전산망 | 서양음악(클래식),서양음악(클래식),김호정 귀국 바이올린 독주회,2026-10-18 ~ 2026-10-18,만 7세 이상,"서울 서초구 남부순환로 2406 (서초동) | 위도:37.4786896, 경도:127.01182410000001","전석 20,000원",서양음악(클래식) · 예술의전당 [서울] (리사이틀홀) · 러닝타임 1시간 30분,http://ticket.interpark.com/Ticket/Goods/GoodsInfo.asp?GoodsCode=26012882,couple:1.0;date_spot:1.0;서양음악(클래식),2026-09-11 22:28:45,concert,,,🎵 감성 가득한 무대와 음악을 즐기며 특별한 추억을 선사하는 낭만 공연,concert,concert,kopis,2026-10-18,,capital
KOPIS 공연예술통합전산망 | 대중음악,대중음악,최항석과 부기몬스터: Human Scramble,2026-10-24 ~ 2026-10-24,전체 관람가,"서울 마포구 잔다리로 32(서교동) | 위도:37.5515788, 경도:126.9198284","전석 69,000원",대중음악 · 무신사 개러지 (구. 왓챠홀) (무신사 개러지 (구. 왓챠홀) ) · 러닝타임 2시간,https://ticket.29cm.co.kr/catalog/4199580,couple:1.0;date_spot:1.0;대중음악,2026-09-11 22:28:45,concert,,,🎵 감성 가득한 무대와 음악을 즐기며 특별한 추억을 선사하는 낭만 공연,concert,concert,kopis,2026-10-24,,capital
KOPIS 공연예술통합전산망 | 대중음악,대중음악,can't be blue 단독콘서트: bluende,2026-10-17 ~ 2026-10-18,만 11세 이상,"서울 서대문구 연세로 50 (신촌동) | 위도:37.5620902, 경도:126.93805689999999","R석 99,000원, S석 77,000원",대중음악 · 연세대학교 백주년기념관 (콘서트홀) · 러닝타임 2시간,http://www.ticketlink.co.kr/product/65270,couple:1.0;date_spot:1.0;대중음악,2026-09-11 22:28:45,concert,,,🎵 감성 가득한 무대와 음악을 즐기며 특별한 추억을 선사하는 낭만 공연,concert,concert,kopis,2026-10-18,,capital
KOPIS 공연예술통합전산망 | 대중음악,대중음악,Nujabes Metaphorical Ensemble Live 누자베스 메타포리컬 앙상블 [서울],2026-10-31 ~ 2026-10-31,전체 관람가,"서울 마포구 양화로 45 (서교동, 메세나폴리스) | 위도:37.5515008, 경도:126.9139502","VVIP석 220,000원, VIP석 165,000원, 스탠딩일반석 132,000원, 지정일반석 132,000원","대중음악 · NOL 씨어터 합정(구, 신한카드 SOL페이 스퀘어) (동양생명홀) · 러닝타임 1시간 40분",http://ticket.interpark.com/Ticket/Goods/GoodsInfo.asp?GoodsCode=26012781,couple:1.0;date_spot:1.0;대중음악,2026-09-11 22:28:45,concert,,,🎵 감성 가득한 무대와 음악을 즐기며 특별한 추억을 선사하는 낭만 공연,concert,concert,kopis,2026-10-31,,capital
KOPIS 공연예술통합전산망 | 대중음악,대중음악,김창완 밴드 콘서트 [고양],2026-10-31 ~ 2026-10-31,만 7세 이상,"경기 고양시 일산동구 중앙로 1286 (마두동) 고양아람누리 | 위도:37.6614074, 경도:126.77433789999998","R석 121,000원, S석 99,000원, A석 77,000원",대중음악 · 고양아람누리 (아람극장) · 러닝타임 2시간,http://www.ticketlink.co.kr/product/65354,couple:1.0;date_spot:1.0;대중음악,2026-09-11 22:28:45,concert,,,🎵 감성 가득한 무대와 음악을 즐기며 특별한 추억을 선사하는 낭만 공연,concert,concert,kopis,2026-10-31,,capital
KOPIS 공연예술통합전산망 | 서양음악(클래식),서양음악(클래식),양민제 피아노 독주회,2026-10-16 ~ 2026-10-16,만 7세 이상,"서울 서초구 남부순환로 2406 (서초동) | 위도:37.4786896, 경도:127.01182410000001","전석 30,000원",서양음악(클래식) · 예술의전당 [서울] (리사이틀홀) · 러닝타임 1시간 30분,http://ticket.interpark.com/Ticket/Goods/GoodsInfo.asp?GoodsCode=26012770,couple:1.0;date_spot:1.0;서양음악(클래식),2026-09-11 22:28:45,concert,,,🎵 감성 가득한 무대와 음악을 즐기며 특별한 추억을 선사하는 낭만 공연,concert,concert,kopis,2026-10-16,,capital
KOPIS 공연예술통합전산망 | 대중음악,대중음악,"바티멘토 듀오 내한공연, Batimento Dúo Tango Live Tour with Tanaka Shinji, Koh Sangji",2026-10-31 ~ 2026-10-31,만 7세 이상,"서울 강남구 강남대로 652(신사동) | 위도:37.5195101, 경도:127.019106","전석 66,000원",대중음악 · 거암아트홀 (거암아트홀) · 러닝타임 1시간 10분,https://ticket.melon.com/performance/index.htm?prodId=213815,couple:1.0;date_spot:1.0;대중음악,2026-09-11 22:28:45,concert,,,🎵 감성 가득한 무대와 음악을 즐기며 특별한 추억을 선사하는 낭만 공연,concert,concert,kopis,2026-10-31,,capital
KOPIS 공연예술통합전산망 | 서양음악(클래식),서양음악(클래식),소프라노 조주현 독창회,2026-10-16 ~ 2026-10-16,만 7세 이상,"서울 서대문구 연세로 50 (신촌동) 연세대학교 백양누리 B1 금호아트홀 연세 | 위도:37.564089, 경도:126.93898089999993","전석 30,000원",서양음악(클래식) · 금호아트홀 연세 (금호아트홀 연세) · 러닝타임 1시간 30분,http://ticket.interpark.com/Ticket/Goods/GoodsInfo.asp?GoodsCode=26012423,couple:1.0;date_spot:1.0;서양음악(클래식),2026-09-11 22:28:45,concert,,,🎵 감성 가득한 무대와 음악을 즐기며 특별한 추억을 선사하는 낭만 공연,concert,concert,kopis,2026-10-16,,capital
KOPIS 공연예술통합전산망 | 대중음악,대중음악,이은하 콘서트 [서울 (앵콜) ],2026-10-30 ~ 2026-10-31,만 7세 이상,"서울 용산구 녹사평대로 150(이태원동 34-87) | 위도:37.5324850802063, 경도:126.990347010138","저녁공연 R석 150,000원, 저녁공연 S석 140,000원, 낮공연 R석 130,000원, 낮공연 S석 120,000원",대중음악 · 용산아트홀 (소극장 가람) · 러닝타임 2시간,https://ticket.melon.com/performance/index.htm?prodId=213814,couple:1.0;date_spot:1.0;대중음악,2026-09-11 22:28:45,concert,,,🎵 감성 가득한 무대와 음악을 즐기며 특별한 추억을 선사하는 낭만 공연,concert,concert,kopis,2026-10-31,,capital
KOPIS 공연예술통합전산망 | 서양음악(클래식),서양음악(클래식),"낭만주의 거장, 차이코프스키 & 라흐마니노프 & 신세계로부터 [서울]",2026-10-28 ~ 2026-10-28,만 7세 이상,"서울 송파구 올림픽로 300 (신천동) 롯데월드몰 8층 롯데문화재단 | 위도:37.5130605, 경도:127.10349500000007","R석 120,000원, S석 90,000원, A석 70,000원, B석 50,000원",서양음악(클래식) · 롯데콘서트홀 (롯데콘서트홀) · 러닝타임 2시간,http://ticket.interpark.com/Ticket/Goods/GoodsInfo.asp?GoodsCode=26012678,couple:1.0;date_spot:1.0;서양음악(클래식),2026-09-11 22:28:45,concert,,,🎵 감성 가득한 무대와 음악을 즐기며 특별한 추억을 선사하는 낭만 공연,concert,concert,kopis,2026-10-28,,capital
KOPIS 공연예술통합전산망 | 서양음악(클래식),서양음악(클래식),"금호영아티스트콘서트, 최윤호 더블베이스 독주회",2026-10-17 ~ 2026-10-17,만 7세 이상,"서울 서대문구 연세로 50 (신촌동) 연세대학교 백양누리 B1 금호아트홀 연세 | 위도:37.564089, 경도:126.93898089999993","전석 15,000원",[프로그램] 조반니 보테시니 Giovanni Bottesini 더블베이스와 현을 위한 알레그레토 카프리치오 f-sharp단조 (더블베이스와 피아노 연주) Allegretto Capriccio for Double Bass and Strings in f-sharp minor (performed on Double Bass and Piano) 더블베이스와 피아노를 위한 엘레지 제1번 D장조 Elegy for Double Bass and Piano No.1 in D Major 더블베이스와 피아노를 위한 엘레지 제2번 e단조 Elegy for…,https://www.kumhoarthall.com:448/designer/skin/01/detail.html?p_idx=25410&s_idx=11&vwY=2026&vwM=10&se_idx=,couple:1.0;date_spot:1.0;서양음악(클래식),2026-09-11 22:28:45,concert,,,🎵 감성 가득한 무대와 음악을 즐기며 특별한 추억을 선사하는 낭만 공연,concert,concert,kopis,2026-10-17,,capital
KOPIS 공연예술통합전산망 | 서양음악(클래식),서양음악(클래식),"금호영아티스트콘서트, 민경배 피아노 독주회",2026-10-31 ~ 2026-10-31,만 7세 이상,"서울 서대문구 연세로 50 (신촌동) 연세대학교 백양누리 B1 금호아트홀 연세 | 위도:37.564089, 경도:126.93898089999993","전석 15,000원","[프로그램] 루트비히 판 베토벤 Ludwig van Beethoven 피아노 소나타 제15번 D장조, Op.28 Piano Sonata No.15 in D Major, Op.28 Allegro Andante Scherzo. Allegro vivace Rondo. Allegro ma non troppo 프란츠 슈베르트 Franz Schubert 피아노를 위한 방랑자 환상곡 C장조, D.760 Wanderer Fantasia in C Major, D.760 Allegro con fuoco ma non troppo Adagio Prest…",https://www.kumhoarthall.com:448/designer/skin/01/detail.html?p_idx=25412&s_idx=11&vwY=2026&vwM=10&se_idx=,couple:1.0;date_spot:1.0;서양음악(클래식),2026-09-11 22:28:45,concert,,,🎵 감성 가득한 무대와 음악을 즐기며 특별한 추억을 선사하는 낭만 공연,concert,concert,kopis,2026-10-31,,capital
KOPIS 공연예술통합전산망 | 서양음악(클래식),서양음악(클래식),"금호영재콘서트, 김성온 바이올린 독주회",2026-10-31 ~ 2026-10-31,만 7세 이상,"서울 서대문구 연세로 50 (신촌동) 연세대학교 백양누리 B1 금호아트홀 연세 | 위도:37.564089, 경도:126.93898089999993","전석 13,000원","[PROGRAM] 프리츠 크라이슬러 Fritz Kreisler 비엔나풍의 카프리스, Op.2 Caprice Viennois, Op.2 루트비히 판 베토벤 Ludwig van Beethoven 바이올린과 피아노를 위한 소나타 제1번 D장조, Op.12/1 Sonata for Violin and Piano No.1 in D Major, Op.12/1 Allegro con brio Tema con Variazioni. Andante con moto Rondo. Allegro 세르게이 프로코피예프 Sergey Prokofiev 신데렐라, …",https://www.kumhoarthall.com:448/designer/skin/01/detail.html?p_idx=25686,couple:1.0;date_spot:1.0;서양음악(클래식),2026-09-11 22:28:45,concert,,,🎵 감성 가득한 무대와 음악을 즐기며 특별한 추억을 선사하는 낭만 공연,concert,concert,kopis,2026-10-31,,capital
KOPIS 공연예술통합전산망 | 서양음악(클래식),서양음악(클래식),"금호영재콘서트, 권대현 바순 독주회",2026-11-07 ~ 2026-11-07,만 7세 이상,"서울 서대문구 연세로 50 (신촌동) 연세대학교 백양누리 B1 금호아트홀 연세 | 위도:37.564089, 경도:126.93898089999993","전석 13,000원","[PROGRAM] 가브리엘 피에르네 Gabriel Pierné 바순과 피아노를 위한 콘서트 솔로, Op.35 Solo de Concert for Bassoon and Piano, Op.35 요한 밥티스트 반할 Johann Baptist Vanhal 바순 협주곡 C장조 (바순과 피아노 연주) Bassoon Concerto in C Major (performed on Bassoon and Piano) Allegro moderato Adagio (andante molto) Rondo Allegro 앙리 뒤티외 Henri Dutilleux…",https://www.kumhoarthall.com:448/designer/skin/01/detail.html?p_idx=25687,couple:1.0;date_spot:1.0;서양음악(클래식),2026-09-11 22:28:45,concert,,,🎵 감성 가득한 무대와 음악을 즐기며 특별한 추억을 선사하는 낭만 공연,concert,concert,kopis,2026-11-07,,capital
KOPIS 공연예술통합전산망 | 한국음악(국악),한국음악(국악),"금호 영아티스트 콘서트, 이보경 가야금 독주회",2026-11-07 ~ 2026-11-07,만 7세 이상,"서울 서대문구 연세로 50 (신촌동) 연세대학교 백양누리 B1 금호아트홀 연세 | 위도:37.564089, 경도:126.93898089999993","전석 15,000원",[프로그램] 우조 초수대엽 ‘동창이’ 김병호류 가야금산조 INTERMISSION 이해식 줄풀이 제1번 제1악장 제2악장 손다혜 침묵의 소리 Sound of Silence 김성국 구름에 올라 노닐다,https://www.kumhoarthall.com:448/designer/skin/01/detail.html?p_idx=25413,couple:1.0;date_spot:1.0;한국음악(국악),2026-09-11 22:28:45,concert,,,🎵 감성 가득한 무대와 음악을 즐기며 특별한 추억을 선사하는 낭만 공연,concert,concert,kopis,2026-11-07,,capital
KOPIS 공연예술통합전산망 | 서양음악(클래식),서양음악(클래식),"금호영재콘서트, 우수현 바이올린 독주회",2026-10-24 ~ 2026-10-24,만 7세 이상,"서울 서대문구 연세로 50 (신촌동) 연세대학교 백양누리 B1 금호아트홀 연세 | 위도:37.564089, 경도:126.93898089999993","전석 13,000원","[PROGRAM] 루트비히 판 베토벤 Ludwig van Beethoven 바이올린과 피아노를 위한 소나타 제1번 D장조, Op.12/1 중 Sonata for Violin and Piano No.1 in D Major, Op.12/1 (excerpt) Allegro con brio 볼프강 아마데우스 모차르트 Wolfgang Amadeus Mozart 바이올린 협주곡 제3번 G장조, K.216 (바이올린과 피아노 연주) Violin Concerto No.3 in G Major, K.216 (performed on Violin and…",http://www.ticketlink.co.kr/product/65133,couple:1.0;date_spot:1.0;서양음악(클래식),2026-09-11 22:28:45,concert,,,🎵 감성 가득한 무대와 음악을 즐기며 특별한 추억을 선사하는 낭만 공연,concert,concert,kopis,2026-10-24,,capital
KOPIS 공연예술통합전산망 | 서양음악(클래식),서양음악(클래식),"금호영재콘서트, 박주혁 피아노 독주회",2026-10-17 ~ 2026-10-17,만 7세 이상,"서울 서대문구 연세로 50 (신촌동) 연세대학교 백양누리 B1 금호아트홀 연세 | 위도:37.564089, 경도:126.93898089999993","전석 13,000원","[PROGRAM] 볼프강 아마데우스 모차르트 Wolfgang Amadeus Mozart 피아노 소나타 제3번 B-flat장조, K.281 Piano Sonata No.3 in B-flat Major, K.281 Allegro Andante amoroso Rondeau. Allegro 로베르트 슈만 Robert Schumann 피아노를 위한 아베그 변주곡 F장조, Op.1 Variations on the Name Abegg for Piano in F Major, Op.1 Theme, Animato 3 Variations Cantabi…",https://www.kumhoarthall.com:448/designer/skin/01/detail.html?p_idx=25684&s_idx=11&vwY=2026&vwM=10&se_idx=,couple:1.0;date_spot:1.0;서양음악(클래식),2026-09-11 22:28:45,concert,,,🎵 감성 가득한 무대와 음악을 즐기며 특별한 추억을 선사하는 낭만 공연,concert,concert,kopis,2026-10-17,,capital
KOPIS 공연예술통합전산망 | 서양음악(클래식),서양음악(클래식),"금호영아티스트콘서트, 임승호 트롬본 독주회",2026-10-24 ~ 2026-10-24,만 7세 이상,"서울 서대문구 연세로 50 (신촌동) 연세대학교 백양누리 B1 금호아트홀 연세 | 위도:37.564089, 경도:126.93898089999993","전석 15,000원","[프로그램] 세르게이 라흐마니노프 Sergey Rachmaninov 첼로와 피아노를 위한 소나타 g단조, Op.19 중 (트롬본과 피아노 연주) Sonata for Cello and Piano in g minor, Op.19 (excerpt, performed on Trombone and Piano) Lento – Allegro moderato 토마소 알비노니 Tomaso Albinoni 오보에 협주곡, Op.9/2 (트롬본과 피아노를 위한 편곡 이철웅) Oboe Concerto, Op.9/2 (arranged for Trombon…",https://www.kumhoarthall.com:448/designer/skin/01/detail.html?p_idx=25411&s_idx=11&vwY=2026&vwM=10&se_idx=,couple:1.0;date_spot:1.0;서양음악(클래식),2026-09-11 22:28:45,concert,,,🎵 감성 가득한 무대와 음악을 즐기며 특별한 추억을 선사하는 낭만 공연,concert,concert,kopis,2026-10-24,,capital
KOPIS 공연예술통합전산망 | 서양음악(클래식),서양음악(클래식),제8회 혜은 스트링 콰르텟 정기연주회,2026-10-24 ~ 2026-10-24,만 5세 이상,"서울 강남구 강남대로 652(신사동) | 위도:37.5195101, 경도:127.019106","전석 20,000원",서양음악(클래식) · 거암아트홀 (거암아트홀) · 러닝타임 1시간 30분,http://ticket.interpark.com/Ticket/Goods/GoodsInfo.asp?GoodsCode=26012702,couple:1.0;date_spot:1.0;서양음악(클래식),2026-09-11 22:28:45,concert,,,🎵 감성 가득한 무대와 음악을 즐기며 특별한 추억을 선사하는 낭만 공연,concert,concert,kopis,2026-10-24,,capital
KOPIS 공연예술통합전산망 | 서양음악(클래식),서양음악(클래식),이진화 피아노 독주회,2026-10-18 ~ 2026-10-18,만 7세 이상,"서울 서초구 남부순환로 2406 (서초동) | 위도:37.4786896, 경도:127.01182410000001","전석 30,000원",서양음악(클래식) · 예술의전당 [서울] (리사이틀홀) · 러닝타임 1시간 30분,http://ticket.interpark.com/Ticket/Goods/GoodsInfo.asp?GoodsCode=26012475,couple:1.0;date_spot:1.0;서양음악(클래식),2026-09-11 22:28:45,concert,,,🎵 감성 가득한 무대와 음악을 즐기며 특별한 추억을 선사하는 낭만 공연,concert,concert,kopis,2026-10-18,,capital
KOPIS 공연예술통합전산망 | 한국음악(국악),한국음악(국악),"수봉IN기획공연, 들썩 들썩 연희 판! 놀이 판! [인천]",2026-10-24 ~ 2026-10-24,전체 관람가,"인천 남구 수봉안길 78 (숭의동) | 위도:37.4615074, 경도:126.66226830000005","전석 20,000원",한국음악(국악) · 인천수봉문화회관 (소극장) · 러닝타임 1시간 5분,http://playticket.co.kr/nav/detail.html?idx=4549,couple:1.0;date_spot:1.0;한국음악(국악),2026-09-11 22:28:45,concert,,,🎵 감성 가득한 무대와 음악을 즐기며 특별한 추억을 선사하는 낭만 공연,concert,concert,kopis,2026-10-24,,capital
KOPIS 공연예술통합전산망 | 서양음악(클래식),서양음악(클래식),커피콘서트 Ⅷ. 연가곡: 부부이야기,2026-10-21 ~ 2026-10-21,만 7세 이상,"인천 남동구 예술로 149 (구월동) | 위도:37.4477666, 경도:126.70008329999996","전석 15,000원",서양음악(클래식) · 인천문화예술회관 (소공연장) · 러닝타임 1시간 20분,http://ticket.interpark.com/Ticket/Goods/GoodsInfo.asp?GoodsCode=26012784,couple:1.0;date_spot:1.0;서양음악(클래식),2026-09-11 22:28:45,concert,,,🎵 감성 가득한 무대와 음악을 즐기며 특별한 추억을 선사하는 낭만 공연,concert,concert,kopis,2026-10-21,,capital
KOPIS 공연예술통합전산망 | 연극,연극,프라컨템포: 리토비오시스,2026-10-13 ~ 2026-10-18,만 13세 이상,"서울 성북구 동소문로 24 (동소문동2가) | 위도:37.589381, 경도:127.008781","전석 30,000원",연극 · 공간 서론 (공간 서론) · 러닝타임 1시간 20분,http://ticket.interpark.com/Ticket/Goods/GoodsInfo.asp?GoodsCode=26012476,couple:1.0;date_spot:1.0;연극,2026-09-11 22:28:45,concert,,,🎵 감성 가득한 무대와 음악을 즐기며 특별한 추억을 선사하는 낭만 공연,concert,concert,kopis,2026-10-18,,capital
KOPIS 공연예술통합전산망 | 서양음악(클래식),서양음악(클래식),제26회 알테무지크서울 정기연주회,2026-10-28 ~ 2026-10-28,만 7세 이상,"서울 서초구 남부순환로 2406 (서초동) | 위도:37.4786896, 경도:127.01182410000001","R석 30,000원, S석 20,000원",서양음악(클래식) · 예술의전당 [서울] (IBK챔버홀) · 러닝타임 1시간 30분,http://ticket.interpark.com/Ticket/Goods/GoodsInfo.asp?GoodsCode=26012388,couple:1.0;date_spot:1.0;서양음악(클래식),2026-09-11 22:28:45,concert,,,🎵 감성 가득한 무대와 음악을 즐기며 특별한 추억을 선사하는 낭만 공연,concert,concert,kopis,2026-10-28,,capital
KOPIS 공연예술통합전산망 | 서양음악(클래식),서양음악(클래식),이지혜 x 김다솔: Beethoven Ⅱ,2026-10-24 ~ 2026-10-24,만 7세 이상,"서울 서초구 남부순환로 2406 (서초동) | 위도:37.4786896, 경도:127.01182410000001","R석 50,000원, S석 30,000원","[PROGRAM] “Beethoven Violin Sonatas” No. 2 in A Major, Op.12 No.2 I. Allegro vivace II. Andante, piu tosto Allegretto III. Allegro piacevole No.5 in F Major, Op.24 I. Allegro II. Adagio molto espressivo III. Scherzo: Allegro Molto IV. Rondo: Allegro ma non troppo INTERMISSION 휴식 No.7 in c minor, Op.…",http://ticket.interpark.com/Ticket/Goods/GoodsInfo.asp?GoodsCode=26012757,couple:1.0;date_spot:1.0;서양음악(클래식),2026-09-11 22:28:45,concert,,,🎵 감성 가득한 무대와 음악을 즐기며 특별한 추억을 선사하는 낭만 공연,concert,concert,kopis,2026-10-24,,capital
KOPIS 공연예술통합전산망 | 연극,연극,"리: 바운드 축제, 봉천내사람들: 만두전성시대",2026-11-05 ~ 2026-11-05,전체 관람가,"서울 동작구 서달로 129 (흑석동) | 위도:37.505119, 경도:126.960611","전석 20,000원",연극 · 까망돌어울마당 (아트홀 ) · 러닝타임 1시간 40분,http://ticket.interpark.com/Ticket/Goods/GoodsInfo.asp?GoodsCode=26012368,couple:1.0;date_spot:1.0;연극,2026-09-11 22:28:45,concert,,,🎵 감성 가득한 무대와 음악을 즐기며 특별한 추억을 선사하는 낭만 공연,concert,concert,kopis,2026-11-05,,capital
KOPIS 공연예술통합전산망 | 서양음악(클래식),서양음악(클래식),"선데이콘서트, 박정로 피아노 독주회 [인천]",2026-10-18 ~ 2026-10-18,만 7세 이상,"인천 서구 크리스탈로 78 (경서동) | 위도:37.5317983, 경도:126.63695299999995","전석 10,000원",서양음악(클래식) · 엘림아트센터 (엘림홀) · 러닝타임 1시간 20분,http://ticket.interpark.com/Ticket/Goods/GoodsInfo.asp?GoodsCode=26010828,couple:1.0;date_spot:1.0;서양음악(클래식),2026-09-11 22:28:45,concert,,,🎵 감성 가득한 무대와 음악을 즐기며 특별한 추억을 선사하는 낭만 공연,concert,concert,kopis,2026-10-18,,capital
KOPIS 공연예술통합전산망 | 서양음악(클래식),서양음악(클래식),"토크 음악콘서트, 삼색 빛깔에 물들다 [군포] (10월)",2026-10-17 ~ 2026-10-17,만 7세 이상,"경기 군포시 고산로 599 (산본동) | 위도:37.3661695, 경도:126.92759120000005","전석 10,000원",서양음악(클래식) · 군포문화예술회관 (철쭉홀) · 러닝타임 1시간 10분,http://ticket.interpark.com/Ticket/Goods/GoodsInfo.asp?GoodsCode=26012648,couple:1.0;date_spot:1.0;서양음악(클래식),2026-09-11 22:28:45,concert,,,🎵 감성 가득한 무대와 음악을 즐기며 특별한 추억을 선사하는 낭만 공연,concert,concert,kopis,2026-10-17,,capital
KOPIS 공연예술통합전산망 | 대중음악,대중음악,소수빈 단독공연: 늘 그래왔던 것처럼 앞으로도,2026-10-24 ~ 2026-10-25,만 7세 이상,"서울 송파구 올림픽로 424 올림픽공원 (방이동) | 위도:37.52112, 경도:127.12836360000006","전석 132,000원",대중음악 · 올림픽공원 (올림픽홀),http://ticket.interpark.com/Ticket/Goods/GoodsInfo.asp?GoodsCode=26012327,couple:1.0;date_spot:1.0;대중음악,2026-09-11 22:28:45,concert,,,🎵 감성 가득한 무대와 음악을 즐기며 특별한 추억을 선사하는 낭만 공연,concert,concert,kopis,2026-10-25,,capital
KOPIS 공연예술통합전산망 | 대중음악,대중음악,"AKANE YONEZAWA, Black Pasta TOUR [서울]",2026-11-07 ~ 2026-11-07,만 7세 이상,"서울 서대문구 신촌로 129 (창천동) | 위도:37.5565639, 경도:126.9403281","VIP석 160,000원, GA석 110,000원",대중음악 · 예스24 원더로크홀 (예스24 원더로크홀) · 러닝타임 2시간,https://ticket.yes24.com/Perf/59781,couple:1.0;date_spot:1.0;대중음악,2026-09-11 22:28:45,concert,,,🎵 감성 가득한 무대와 음악을 즐기며 특별한 추억을 선사하는 낭만 공연,concert,concert,kopis,2026-11-07,,capital
KOPIS 공연예술통합전산망 | 서커스/마술,서커스/마술,이은결 30주년: ONE OF ONE [용인],2026-10-30 ~ 2026-11-01,만 6세 이상,"경기 용인시 수지구 포은대로 499 (죽전동) | 위도:37.3256631, 경도:127.10469480000006","VIP석 110,000원, R석 88,000원, S석 66,000원",서커스/마술 · 용인포은아트홀 (용인포은아트홀) · 러닝타임 2시간,http://www.ticketlink.co.kr/product/65191,couple:1.0;date_spot:1.0;서커스/마술,2026-09-11 22:28:45,concert,,,💑 연인과 함께 둘만의 소중한 주말 추억을 나누기 좋은 맞춤형 추천 장소,concert,concert,kopis,2026-11-01,,capital
KOPIS 공연예술통합전산망 | 서양음악(클래식),서양음악(클래식),"제1199회 하우스콘서트, 벤투스 브라스 퀸텟",2026-10-19 ~ 2026-10-19,만 7세 이상,"서울 종로구 동숭길 3 (동숭동) | 위도:37.5805023, 경도:127.0032562","전석 40,000원","[PROGRAM] Georg Friedrich Händel (1685-1759) Music for the Royal Fireworks, HWV 351 - 4. La Réjouissance Michael Kamen (1948-2003) Quintet Victor Ewald (1860-1935) Brass Quintet No.1 1. Moderato 2. Adagio non troppo lento 3. Allegro moderato Youngchan Seo (b.1993) Tuba Fantasie Ennio Morricone (1928…",https://thehouseconcert.com/sub/concert/schedule_view.php?idx=1504,couple:1.0;date_spot:1.0;서양음악(클래식),2026-09-11 22:28:45,concert,,,🎵 감성 가득한 무대와 음악을 즐기며 특별한 추억을 선사하는 낭만 공연,concert,concert,kopis,2026-10-19,,capital
KOPIS 공연예술통합전산망 | 한국음악(국악),한국음악(국악),"제1198회 하우스 콘서트, 소리빛",2026-10-12 ~ 2026-10-12,전체 관람가,"서울 종로구 동숭길 3 (동숭동) | 위도:37.5805023, 경도:127.0032562","전석 40,000원","[PROGRAM] ‘춘향’ 모노디 [mɑ́nədi] 전통의 미학을 존중하면서도 오늘날의 감각으로 청중과 소통하려는 새로운 시도이다. 소리꾼과 피아노라는 미니멀한 조합을 통해, 판소리의 서사와 감정선을 담아내며 국악의 미감을 확장하는 가능성을 보여주고자 한다. 작품은 ‘춘향’이라는 인물을 중심으로, ""사랑 – 시련 – 승리와 재결합""의 3단 구조를 따라 전개된다. 이를 통해 스토리의 결말이 맺어질 때 관객들에게도 음악으로 느낄 수 있는 최대한의 카타르시스를 선사하고자 한다. 1. 여는 곡 봄 춘(春), 향기 향(香), 춘향. 바람을 …",https://thehouseconcert.com/sub/concert/schedule_view.php?idx=1503,couple:1.0;date_spot:1.0;한국음악(국악),2026-09-11 22:28:45,concert,,,🎵 감성 가득한 무대와 음악을 즐기며 특별한 추억을 선사하는 낭만 공연,concert,concert,kopis,2026-10-12,,capital
KOPIS 공연예술통합전산망 | 한국음악(국악),한국음악(국악),"리: 바운드 축제, HIPULSE",2026-11-07 ~ 2026-11-07,36개월 이상,"서울 동작구 노량진로32길 79 (본동) | 위도:37.51053, 경도:126.956894","전석 20,000원",한국음악(국악) · 본동어울마당 아트홀 (본동어울마당 아트홀) · 러닝타임 1시간,http://ticket.interpark.com/Ticket/Goods/GoodsInfo.asp?GoodsCode=26012325,couple:1.0;date_spot:1.0;한국음악(국악),2026-09-11 22:28:45,concert,,,🎵 감성 가득한 무대와 음악을 즐기며 특별한 추억을 선사하는 낭만 공연,concert,concert,kopis,2026-11-07,,capital
KOPIS 공연예술통합전산망 | 서양음악(클래식),서양음악(클래식),"리: 바운드 축제, OPERA in CHAMBER",2026-10-31 ~ 2026-10-31,만 7세 이상,"서울 구로구 경인로 416 (고척동) | 위도:37.4982916, 경도:126.8658154","전석 20,000원",서양음악(클래식) · 구로창의아트홀 (구로창의아트홀) · 러닝타임 1시간 10분,http://ticket.interpark.com/Ticket/Goods/GoodsInfo.asp?GoodsCode=26012331,couple:1.0;date_spot:1.0;서양음악(클래식),2026-09-11 22:28:45,concert,,,🎵 감성 가득한 무대와 음악을 즐기며 특별한 추억을 선사하는 낭만 공연,concert,concert,kopis,2026-10-31,,capital
KOPIS 공연예술통합전산망 | 대중음악,대중음악,프레디 깁스 첫 내한 공연: The Last Rabbit,2026-10-13 ~ 2026-10-13,만 19세 이상,"서울 용산구 이태원로 246 (한남동) | 위도:37.5365851, 경도:127.00066620000007","전석 110,000원",대중음악 · 현대카드 언더스테이지 (스튜디오) · 러닝타임 1시간 10분,http://ticket.interpark.com/Ticket/Goods/GoodsInfo.asp?GoodsCode=26012402,couple:1.0;date_spot:1.0;대중음악,2026-09-11 22:28:45,concert,,,🎵 감성 가득한 무대와 음악을 즐기며 특별한 추억을 선사하는 낭만 공연,concert,concert,kopis,2026-10-13,,capital
KOPIS 공연예술통합전산망 | 서양음악(클래식),서양음악(클래식),이준서 비올라 독주회,2026-10-17 ~ 2026-10-17,만 7세 이상,"서울 서초구 남부순환로 2406 (서초동) | 위도:37.4786896, 경도:127.01182410000001","전석 30,000원",서양음악(클래식) · 예술의전당 [서울] (인춘아트홀) · 러닝타임 1시간 30분,http://ticket.interpark.com/Ticket/Goods/GoodsInfo.asp?GoodsCode=26012506,couple:1.0;date_spot:1.0;서양음악(클래식),2026-09-11 22:28:45,concert,,,🎵 감성 가득한 무대와 음악을 즐기며 특별한 추억을 선사하는 낭만 공연,concert,concert,kopis,2026-10-17,,capital
KOPIS 공연예술통합전산망 | 무용(서양/한국무용),무용(서양/한국무용),"은평 에브리바디 페스티벌 (EEBF) , 앰비규어스댄스컴퍼니: 더 벨트 (The belt)",2026-10-17 ~ 2026-10-17,만 7세 이상,"서울 은평구 녹번로 16 (녹번동) | 위도:37.6036744, 경도:126.927865","전석 30,000원",무용(서양/한국무용) · 은평문화예술회관 (공연장) · 러닝타임 1시간,http://ticket.interpark.com/Ticket/Goods/GoodsInfo.asp?GoodsCode=26012398,couple:1.0;date_spot:1.0;무용(서양/한국무용),2026-09-11 22:28:45,concert,,,💑 연인과 함께 둘만의 소중한 주말 추억을 나누기 좋은 맞춤형 추천 장소,concert,concert,kopis,2026-10-17,,capital
KOPIS 공연예술통합전산망 | 대중음악,대중음악,"김수희 전국투어 콘서트: 우리 다시, 김수희 [서울]",2026-10-18 ~ 2026-10-18,만 7세 이상,"서울 마포구 상암산로 34 (상암동) | 위도:37.576167, 경도:126.889217","R석 121,000원",대중음악 · 큐브컨벤션센터(CCC) (CCC 스테이지) · 러닝타임 2시간,http://www.ticketlink.co.kr/product/65233,couple:1.0;date_spot:1.0;대중음악,2026-09-11 22:28:45,concert,,,🎵 감성 가득한 무대와 음악을 즐기며 특별한 추억을 선사하는 낭만 공연,concert,concert,kopis,2026-10-18,,capital
KOPIS 공연예술통합전산망 | 대중음악,대중음악,양수경 콘서트: 인연 [서울],2026-10-18 ~ 2026-10-18,만 7세 이상,"서울 마포구 상암산로 34 (상암동) | 위도:37.576167, 경도:126.889217","R석 121,000원",대중음악 · 큐브컨벤션센터(CCC) (CCC 스테이지) · 러닝타임 2시간,http://www.ticketlink.co.kr/product/65236,couple:1.0;date_spot:1.0;대중음악,2026-09-11 22:28:45,concert,,,🎵 감성 가득한 무대와 음악을 즐기며 특별한 추억을 선사하는 낭만 공연,concert,concert,kopis,2026-10-18,,capital
KOPIS 공연예술통합전산망 | 서양음악(클래식),서양음악(클래식),임경원 첼로 독주회,2026-10-13 ~ 2026-10-13,만 7세 이상,"서울 서초구 남부순환로 2406 (서초동) | 위도:37.4786896, 경도:127.01182410000001","전석 30,000원",서양음악(클래식) · 예술의전당 [서울] (리사이틀홀) · 러닝타임 1시간 30분,http://ticket.interpark.com/Ticket/Goods/GoodsInfo.asp?GoodsCode=26012451,couple:1.0;date_spot:1.0;서양음악(클래식),2026-09-11 22:28:45,concert,,,🎵 감성 가득한 무대와 음악을 즐기며 특별한 추억을 선사하는 낭만 공연,concert,concert,kopis,2026-10-13,,capital
KOPIS 공연예술통합전산망 | 대중음악,대중음악,AIMI ASIA TOUR: STAR RISING in Seoul,2026-11-07 ~ 2026-11-07,만 7세 이상,"서울 강남구 삼성로 534 (삼성동) | 위도:37.5096777, 경도:127.0555363","VIP석 154,000원, 일반석 121,000원",대중음악 · GB가빈아트홀 (GB가빈아트홀) · 러닝타임 1시간 30분,http://www.ticketlink.co.kr/product/65240,couple:1.0;date_spot:1.0;대중음악,2026-09-11 22:28:45,concert,,,🎵 감성 가득한 무대와 음악을 즐기며 특별한 추억을 선사하는 낭만 공연,concert,concert,kopis,2026-11-07,,capital
KOPIS 공연예술통합전산망 | 한국음악(국악),한국음악(국악),"이달의 공연 사운드트립, 박다울 with 신지훈 & 서주영 (10월)",2026-10-13 ~ 2026-10-13,만 7세 이상,"서울 구로구 가마산로25길 9-24 (구로동) | 위도:37.4965397, 경도:126.88896820000002","전석 20,000원",한국음악(국악) · 구로아트밸리 (예술극장) · 러닝타임 1시간,http://ticket.interpark.com/Ticket/Goods/GoodsInfo.asp?GoodsCode=26012494,couple:1.0;date_spot:1.0;한국음악(국악),2026-09-11 22:28:45,concert,,,🎵 감성 가득한 무대와 음악을 즐기며 특별한 추억을 선사하는 낭만 공연,concert,concert,kopis,2026-10-13,,capital
KOPIS 공연예술통합전산망 | 대중음악,대중음악,"부평아트센터 브런치콘서트, 작가의 재즈 (10월)",2026-10-29 ~ 2026-10-29,만 7세 이상,"인천 부평구 아트센터로 166 (십정동) | 위도:37.4819229, 경도:126.7049151","전석 25,000원",대중음악 · 부평아트센터 (해누리극장) · 러닝타임 1시간 20분,http://ticket.interpark.com/Ticket/Goods/GoodsInfo.asp?GoodsCode=26012335,couple:1.0;date_spot:1.0;대중음악,2026-09-11 22:28:45,concert,,,🎵 감성 가득한 무대와 음악을 즐기며 특별한 추억을 선사하는 낭만 공연,concert,concert,kopis,2026-10-29,,capital
KOPIS 공연예술통합전산망 | 한국음악(국악),한국음악(국악),"목요예술무대 Ⅲ. 우리동네 명작극장, 명색이 아프레걸 (영상화)",2026-10-29 ~ 2026-10-29,만 7세 이상,"서울 강동구 동남로 870 (상일동) | 위도:37.5512621, 경도:127.15761910000003",전석무료,한국음악(국악) · 강동아트센터 (소극장 드림) · 러닝타임 1시간 47분,https://www.gdfac.or.kr/product/performance/258416,couple:1.0;date_spot:1.0;한국음악(국악),2026-09-11 22:28:45,concert,,,🎵 감성 가득한 무대와 음악을 즐기며 특별한 추억을 선사하는 낭만 공연,concert,concert,kopis,2026-10-29,,capital
KOPIS 공연예술통합전산망 | 한국음악(국악),한국음악(국악),"서울어텀페스타, 제4회 모두의 풍류: 인왕산",2026-10-17 ~ 2026-10-17,전체 관람가,"서울 종로구 옥인길 89 (옥인동) | 위도:37.581966, 경도:126.963939","전석 30,000원","[공연소개] 겸재 정선의 그림 속 풍경이 눈앞에 그대로 펼쳐진 인왕산 수성동 계곡, 자연과 사람, 전통과 현대가 하나 되는 특별한 콘서트! 바쁜 일상 속에서 잠시 벗어나 시원하게 흐르는 물소리와 함께 아름다운 대금소리, 시각장애 피아니스트의 피아노 선율, 한글 서예, 마음을 채우는 명상, 그리고 국가무형유산 이수자와 함께하는 강강술래까지! 도심 속 자연에서 누구나 함께 즐기는 [모두의 풍류 : 인왕산] [프로그램] 오프닝 - 물소리 연주와 타악 타악 고석진 1부 - 대금과 피아노 연주 피아니스트 모재민 × 대금 하동민 2부 - 한글…",http://ticket.interpark.com/Ticket/Goods/GoodsInfo.asp?GoodsCode=26012516,couple:1.0;date_spot:1.0;한국음악(국악),2026-09-11 22:28:45,concert,,,🎵 감성 가득한 무대와 음악을 즐기며 특별한 추억을 선사하는 낭만 공연,concert,concert,kopis,2026-10-17,,capital
KOPIS 공연예술통합전산망 | 서양음악(클래식),서양음악(클래식),"낭만주의 거장, 차이코프스키 & 라흐마니노프 [성남]",2026-10-17 ~ 2026-10-17,만 7세 이상,"경기 성남시 분당구 성남대로 808 (야탑동) | 위도:37.4027309, 경도:127.13124349999998","R석 110,000원, S석 90,000원, A석 70,000원, B석 50,000원",서양음악(클래식) · 성남아트센터 (콘서트홀) · 러닝타임 2시간,http://ticket.interpark.com/Ticket/Goods/GoodsInfo.asp?GoodsCode=26012546,couple:1.0;date_spot:1.0;서양음악(클래식),2026-09-11 22:28:45,concert,,,🎵 감성 가득한 무대와 음악을 즐기며 특별한 추억을 선사하는 낭만 공연,concert,concert,kopis,2026-10-17,,capital
KOPIS 공연예술통합전산망 | 서양음악(클래식),서양음악(클래식),"클래식 토크 콘서트, 두 남자 이야기",2026-10-17 ~ 2026-10-17,만 7세 이상,"서울 강동구 동남로 870 (상일동) | 위도:37.5512621, 경도:127.15761910000003","전석 30,000원",서양음악(클래식) · 강동아트센터 (대극장 한강) · 러닝타임 1시간 20분,https://www.gdfac.or.kr/product/performance/258459?q=ZjgyOTM4ZTM4ZDZmNGYwZWI2ZmViODQ5NjE1ZWJiZjA%3d,couple:1.0;date_spot:1.0;서양음악(클래식),2026-09-11 22:28:45,concert,,,🎵 감성 가득한 무대와 음악을 즐기며 특별한 추억을 선사하는 낭만 공연,concert,concert,kopis,2026-10-17,,capital
KOPIS 공연예술통합전산망 | 한국음악(국악),한국음악(국악),"조선아트북, 신악학궤범 날다",2026-10-18 ~ 2026-10-18,만 13세 이상,"서울 종로구 세종대로 175 (세종로) | 위도:37.5725254, 경도:126.97564290000003","R석 40,000원, S석 30,000원",한국음악(국악) · 세종문화회관 (세종M씨어터) · 러닝타임 1시간 30분,http://ticket.interpark.com/Ticket/Goods/GoodsInfo.asp?GoodsCode=P0004807,couple:1.0;date_spot:1.0;한국음악(국악),2026-09-11 22:28:45,concert,,,🎵 감성 가득한 무대와 음악을 즐기며 특별한 추억을 선사하는 낭만 공연,concert,concert,kopis,2026-10-18,,capital
KOPIS 공연예술통합전산망 | 대중음악,대중음악,"EXO PLANET #6, EXhOrizon [dot]",2026-11-06 ~ 2026-11-08,만 7세 이상,"서울 송파구 올림픽로 424 올림픽공원 (방이동) | 위도:37.52112, 경도:127.12836360000006","VIP(STANDING)석 198,000원, VIP(SEATED)석 198,000원, 일반(STANDING)석 165,000원, 일반(SEATED)석 165,000원",대중음악 · 올림픽공원 (KSPO DOME(체조경기장)),https://ticket.melon.com/performance/index.htm?prodId=213773,couple:1.0;date_spot:1.0;대중음악,2026-09-11 22:28:45,concert,,,🎵 감성 가득한 무대와 음악을 즐기며 특별한 추억을 선사하는 낭만 공연,concert,concert,kopis,2026-11-08,,capital
KOPIS 공연예술통합전산망 | 한국음악(국악),한국음악(국악),"수림뉴웨이브, 이준형: 길굿",2026-10-15 ~ 2026-10-15,만 7세 이상,"서울 동대문구 홍릉로 118 (청량리동) | 위도:37.5905713, 경도:127.04291860000001","전석 30,000원",한국음악(국악) · 김희수아트센터 (SPACE 1(다목적홀)) · 러닝타임 1시간 15분,http://ticket.interpark.com/Ticket/Goods/GoodsInfo.asp?GoodsCode=26010809,couple:1.0;date_spot:1.0;한국음악(국악),2026-09-11 22:28:45,concert,,,🎵 감성 가득한 무대와 음악을 즐기며 특별한 추억을 선사하는 낭만 공연,concert,concert,kopis,2026-10-15,,capital
KOPIS 공연예술통합전산망 | 서양음악(클래식),서양음악(클래식),"바흐솔리스텐서울 기획연주시리즈2, 바흐 프로젝트 Ⅴ",2026-10-31 ~ 2026-10-31,만 7세 이상,"서울 서초구 남부순환로 2406 (서초동) | 위도:37.4786896, 경도:127.01182410000001","R석 40,000원, S석 20,000원",[프로그램] 1부 Johann Christoph Altnikol (1720-1759) 모테트 Nun danket alle Gott Johann Philipp Kirnberger (1721-1783) Sonate for Flute and Basso Continuo in G major Johann Sebastian Bach (1685-1750) 모테트 Lobet den Herrn alle Heiden BWV230 2부 Johann Gottlieb Goldberg (1727-1756) Harpsichord Concerto in D min…,http://ticket.interpark.com/Ticket/Goods/GoodsInfo.asp?GoodsCode=26012574,couple:1.0;date_spot:1.0;서양음악(클래식),2026-09-11 22:28:45,concert,,,🎵 감성 가득한 무대와 음악을 즐기며 특별한 추억을 선사하는 낭만 공연,concert,concert,kopis,2026-10-31,,capital
KOPIS 공연예술통합전산망 | 한국음악(국악),한국음악(국악),"리: 바운드 축제, 길 The Way",2026-10-16 ~ 2026-10-16,전체 관람가,"서울 동작구 성대로 180 (상도동) | 위도:37.4992555, 경도:126.9403722","전석 20,000원",한국음악(국악) · 상도어울마당 아트홀 (상도어울마당 아트홀) · 러닝타임 1시간,http://ticket.interpark.com/Ticket/Goods/GoodsInfo.asp?GoodsCode=26012385,couple:1.0;date_spot:1.0;한국음악(국악),2026-09-11 22:28:45,concert,,,🎵 감성 가득한 무대와 음악을 즐기며 특별한 추억을 선사하는 낭만 공연,concert,concert,kopis,2026-10-16,,capital
KOPIS 공연예술통합전산망 | 서양음악(클래식),서양음악(클래식),서울남성합창단 정기연주회: Fall in Harmony,2026-10-15 ~ 2026-10-15,만 7세 이상,"서울 종로구 평창문화로 70 (평창동) | 위도:37.6057568, 경도:126.9678907","전석 10,000원",서양음악(클래식) · 서울아트센터 (도암홀) · 러닝타임 1시간 40분,http://ticket.interpark.com/Ticket/Goods/GoodsInfo.asp?GoodsCode=26012079,couple:1.0;date_spot:1.0;서양음악(클래식),2026-09-11 22:28:45,concert,,,🎵 감성 가득한 무대와 음악을 즐기며 특별한 추억을 선사하는 낭만 공연,concert,concert,kopis,2026-10-15,,capital
KOPIS 공연예술통합전산망 | 서양음악(클래식),서양음악(클래식),"리: 바운드 축제, 브람스를 좋아하세요?",2026-10-21 ~ 2026-10-21,만 7세 이상,"서울 은평구 녹번로 16 (녹번동) | 위도:37.6036744, 경도:126.927865","전석 20,000원",서양음악(클래식) · 은평문화예술회관 (공연장) · 러닝타임 1시간 50분,http://ticket.interpark.com/Ticket/Goods/GoodsInfo.asp?GoodsCode=26012454,couple:1.0;date_spot:1.0;서양음악(클래식),2026-09-11 22:28:45,concert,,,🎵 감성 가득한 무대와 음악을 즐기며 특별한 추억을 선사하는 낭만 공연,concert,concert,kopis,2026-10-21,,capital
KOPIS 공연예술통합전산망 | 한국음악(국악),한국음악(국악),"리: 바운드 축제, 로미오와 줄리엣",2026-10-22 ~ 2026-10-22,만 7세 이상,"서울 동작구 서달로 129 (흑석동) | 위도:37.505119, 경도:126.960611","전석 20,000원",한국음악(국악) · 까망돌어울마당 (아트홀 ) · 러닝타임 1시간 20분,http://ticket.interpark.com/Ticket/Goods/GoodsInfo.asp?GoodsCode=26012339,couple:1.0;date_spot:1.0;한국음악(국악),2026-09-11 22:28:45,concert,,,🎵 감성 가득한 무대와 음악을 즐기며 특별한 추억을 선사하는 낭만 공연,concert,concert,kopis,2026-10-22,,capital
KOPIS 공연예술통합전산망 | 서양음악(클래식),서양음악(클래식),이상미 피아노 독주회,2026-10-17 ~ 2026-10-17,만 7세 이상,"서울 서초구 남부순환로 2406 (서초동) | 위도:37.4786896, 경도:127.01182410000001","전석 20,000원",서양음악(클래식) · 예술의전당 [서울] (리사이틀홀) · 러닝타임 1시간 30분,http://ticket.interpark.com/Ticket/Goods/GoodsInfo.asp?GoodsCode=26012430,couple:1.0;date_spot:1.0;서양음악(클래식),2026-09-11 22:28:45,concert,,,🎵 감성 가득한 무대와 음악을 즐기며 특별한 추억을 선사하는 낭만 공연,concert,concert,kopis,2026-10-17,,capital
KOPIS 공연예술통합전산망 | 복합,복합,피아노 X 무브먼트 Ⅱ: 말하지 않고,2026-10-31 ~ 2026-10-31,만 7세 이상,"서울 중구 칠패로 5 (의주로2가) | 위도:37.5605679, 경도:126.9688672","전석 50,000원",복합 · 서소문성지 역사박물관 (콘솔레이션 홀) · 러닝타임 1시간 10분,https://thehouseconcert.com/sub/concert/schedule_view.php?idx=1508,couple:1.0;date_spot:1.0;복합,2026-09-11 22:28:45,concert,,,💑 연인과 함께 둘만의 소중한 주말 추억을 나누기 좋은 맞춤형 추천 장소,concert,concert,kopis,2026-10-31,,capital
KOPIS 공연예술통합전산망 | 서양음악(클래식),서양음악(클래식),"리: 바운드 축제, 우리아빠",2026-10-29 ~ 2026-10-29,전체 관람가,"서울 구로구 경인로 416 (고척동) | 위도:37.4982916, 경도:126.8658154","전석 20,000원",서양음악(클래식) · 구로창의아트홀 (구로창의아트홀) · 러닝타임 1시간 5분,http://ticket.interpark.com/Ticket/Goods/GoodsInfo.asp?GoodsCode=26012425,couple:1.0;date_spot:1.0;서양음악(클래식),2026-09-11 22:28:45,concert,,,🎵 감성 가득한 무대와 음악을 즐기며 특별한 추억을 선사하는 낭만 공연,concert,concert,kopis,2026-10-29,,capital
KOPIS 공연예술통합전산망 | 서양음악(클래식),서양음악(클래식),정승연 첼로 독주회,2026-10-12 ~ 2026-10-12,만 6세 이상,"서울 종로구 세종대로 175 (세종로) | 위도:37.5725254, 경도:126.97564290000003","전석 30,000원",서양음악(클래식) · 세종문화회관 (세종체임버홀) · 러닝타임 1시간 40분,https://www.sejongpac.or.kr/portal/performance/performance/performTicket.do?performIdx=37558&menuNo=200320,couple:1.0;date_spot:1.0;서양음악(클래식),2026-09-11 22:28:45,concert,,,🎵 감성 가득한 무대와 음악을 즐기며 특별한 추억을 선사하는 낭만 공연,concert,concert,kopis,2026-10-12,,capital
KOPIS 공연예술통합전산망 | 서양음악(클래식),서양음악(클래식),"하남문화재단 문화가 있는 날 #7, 소프라노 손지수 X 테너 박지민 [하남]",2026-10-28 ~ 2026-10-28,만 7세 이상,"경기 하남시 신평로 125 (덕풍동) | 위도:37.544736, 경도:127.20683669999994","전석 10,000원",서양음악(클래식) · 하남문화예술회관 (검단홀(대극장)) · 러닝타임 1시간 20분,http://ticket.interpark.com/Ticket/Goods/GoodsInfo.asp?GoodsCode=26012491,couple:1.0;date_spot:1.0;서양음악(클래식),2026-09-11 22:28:45,concert,,,🎵 감성 가득한 무대와 음악을 즐기며 특별한 추억을 선사하는 낭만 공연,concert,concert,kopis,2026-10-28,,capital
KOPIS 공연예술통합전산망 | 서양음악(클래식),서양음악(클래식),"모차르트, 마술피리 [의정부]",2026-10-31 ~ 2026-10-31,만 7세 이상,"경기 의정부시 의정로 1 (의정부동) | 위도:37.7334125, 경도:127.03436779999993","R석 50,000원, S석 30,000원",서양음악(클래식) · 의정부예술의전당 (대극장) · 러닝타임 1시간 30분,http://ticket.interpark.com/Ticket/Goods/GoodsInfo.asp?GoodsCode=26012470,couple:1.0;date_spot:1.0;서양음악(클래식),2026-09-11 22:28:45,concert,,,🎵 감성 가득한 무대와 음악을 즐기며 특별한 추억을 선사하는 낭만 공연,concert,concert,kopis,2026-10-31,,capital
KOPIS 공연예술통합전산망 | 대중음악,대중음악,가을엔 포크 콘서트: 송창식×정미조×함춘호 밴드 [포천],2026-10-16 ~ 2026-10-16,만 7세 이상,"경기 포천시 군내면 청성로 111 | 위도:37.8958535, 경도:127.21221459999992","R석 70,000원, S석 50,000원, A석 20,000원",대중음악 · 포천반월아트홀 (대극장) · 러닝타임 2시간,http://ticket.interpark.com/Ticket/Goods/GoodsInfo.asp?GoodsCode=26012304,couple:1.0;date_spot:1.0;대중음악,2026-09-11 22:28:45,concert,,,🎵 감성 가득한 무대와 음악을 즐기며 특별한 추억을 선사하는 낭만 공연,concert,concert,kopis,2026-10-16,,capital
KOPIS 공연예술통합전산망 | 서양음악(클래식),서양음악(클래식),제2회 인천시립청소년교향악단 정기연주회: 이음,2026-10-31 ~ 2026-10-31,만 7세 이상,"인천 남동구 예술로 149 (구월동) | 위도:37.4477666, 경도:126.70008329999996",전석무료,서양음악(클래식) · 인천문화예술회관 (대공연장),https://www.incheon.go.kr/art/ART010101/view?resveProgrmSeCode=C&resveGroupSn=5&progrmSn=10906,couple:1.0;date_spot:1.0;서양음악(클래식),2026-09-11 22:28:45,concert,,,🎵 감성 가득한 무대와 음악을 즐기며 특별한 추억을 선사하는 낭만 공연,concert,concert,kopis,2026-10-31,,capital
KOPIS 공연예술통합전산망 | 서양음악(클래식),서양음악(클래식),TIMF앙상블 SPICE Ⅲ. 믹스 앤 매치,2026-10-23 ~ 2026-10-23,만 7세 이상,"서울 용산구 한남대로 98 (한남동) | 위도:37.5372055, 경도:127.00552319999997","전석 30,000원",서양음악(클래식) · 일신홀 (일신홀) · 러닝타임 1시간 20분,http://ticket.interpark.com/Ticket/Goods/GoodsInfo.asp?GoodsCode=26012438,couple:1.0;date_spot:1.0;서양음악(클래식),2026-09-11 22:28:45,concert,,,🎵 감성 가득한 무대와 음악을 즐기며 특별한 추억을 선사하는 낭만 공연,concert,concert,kopis,2026-10-23,,capital
KOPIS 공연예술통합전산망 | 대중음악,대중음악,THE MAIN VOCALS: Season 1,2026-10-23 ~ 2026-10-23,만 12세 이상,"서울 강서구 공항대로 376 (화곡동) kbs스포츠월드 | 위도:37.5567802, 경도:126.84760940000001","1층 R석 110,000원, 2층 A석 110,000원, 3층 B석 99,000원",대중음악 · KBS스포츠월드(아레나) (KBS아레나) · 러닝타임 3시간 30분,http://www.ticketlink.co.kr/product/65009,couple:1.0;date_spot:1.0;대중음악,2026-09-11 22:28:45,concert,,,🎵 감성 가득한 무대와 음악을 즐기며 특별한 추억을 선사하는 낭만 공연,concert,concert,kopis,2026-10-23,,capital
KOPIS 공연예술통합전산망 | 한국음악(국악),한국음악(국악),"BAC 초이스, 고영열의 피아노 병창: 춘향",2026-10-31 ~ 2026-10-31,만 7세 이상,"경기 부천시 소향로 165(중동) | 위도:37.5021641, 경도:126.7663981","전석 30,000원",한국음악(국악) · 부천아트센터 (소공연장) · 러닝타임 1시간 10분,http://www.ticketlink.co.kr/product/65107,couple:1.0;date_spot:1.0;한국음악(국악),2026-09-11 22:28:45,concert,,,🎵 감성 가득한 무대와 음악을 즐기며 특별한 추억을 선사하는 낭만 공연,concert,concert,kopis,2026-10-31,,capital
KOPIS 공연예술통합전산망 | 서양음악(클래식),서양음악(클래식),"제18회 서울국제음악제, 아르토 노라스와 김규연 리사이틀: 멋진 추억",2026-10-14 ~ 2026-10-14,만 7세 이상,"서울 서초구 남부순환로 2406 (서초동) | 위도:37.4786896, 경도:127.01182410000001","R석 60,000원, S석 40,000원, A석 20,000원",서양음악(클래식) · 예술의전당 [서울] (IBK챔버홀) · 러닝타임 1시간 40분,http://ticket.interpark.com/Ticket/Goods/GoodsInfo.asp?GoodsCode=26011943,couple:1.0;date_spot:1.0;서양음악(클래식),2026-09-11 22:28:45,concert,,,🎵 감성 가득한 무대와 음악을 즐기며 특별한 추억을 선사하는 낭만 공연,concert,concert,kopis,2026-10-14,,capital
KOPIS 공연예술통합전산망 | 서양음악(클래식),서양음악(클래식),조성현 바흐 플루트 소나타 전곡 리사이틀 [서울],2026-11-06 ~ 2026-11-06,만 7세 이상,"서울 서초구 남부순환로 2406 (서초동) | 위도:37.4786896, 경도:127.01182410000001","R석 55,000원, S석 40,000원",서양음악(클래식) · 예술의전당 [서울] (IBK챔버홀) · 러닝타임 1시간 40분,http://ticket.interpark.com/Ticket/Goods/GoodsInfo.asp?GoodsCode=26012418,couple:1.0;date_spot:1.0;서양음악(클래식),2026-09-11 22:28:45,concert,,,🎵 감성 가득한 무대와 음악을 즐기며 특별한 추억을 선사하는 낭만 공연,concert,concert,kopis,2026-11-06,,capital
KOPIS 공연예술통합전산망 | 대중음악,대중음악,윤종신 전국투어 콘서트: 가을냄새 [수원],2026-10-17 ~ 2026-10-17,만 7세 이상,"경기 수원시 팔달구 효원로307번길 20 (인계동) 경기도문화의전당 | 위도:37.2618899, 경도:127.0374319","R석 154,000원, S석 132,000원, A석 110,000원",대중음악 · 경기아트센터(구. 경기도문화의전당) (대극장) · 러닝타임 2시간,http://www.ticketlink.co.kr/product/65144,couple:1.0;date_spot:1.0;대중음악,2026-09-11 22:28:45,concert,,,🎵 감성 가득한 무대와 음악을 즐기며 특별한 추억을 선사하는 낭만 공연,concert,concert,kopis,2026-10-17,,capital
KOPIS 공연예술통합전산망 | 대중음악,대중음악,Andromeda Mega Express Orchestra (안드로메다 메가 익스프레스 오케스트라) [서울 마포],2026-10-17 ~ 2026-10-17,전체 관람가,"서울 마포구 창전로 14 (신정동) CJ아지트 | 위도:37.5442311, 경도:126.93044699999996","전석 25,000원",대중음악 · CJ아지트 광흥창 (CJ아지트 광흥창) · 러닝타임 1시간 30분,https://ticket.yes24.com/Perf/59894,couple:1.0;date_spot:1.0;대중음악,2026-09-11 22:28:45,concert,,,🎵 감성 가득한 무대와 음악을 즐기며 특별한 추억을 선사하는 낭만 공연,concert,concert,kopis,2026-10-17,,capital
KOPIS 공연예술통합전산망 | 서양음악(클래식),서양음악(클래식),"SAC ON SCREEN, 보컬 마스터 시리즈 Ⅲ. 베이스 바리톤 사무엘 윤 [화성] (영상화)",2026-11-10 ~ 2026-11-10,전체 관람가,"경기 화성시 노작로 11-1 (오산동) | 위도:37.192637, 경도:127.086362",전석무료,서양음악(클래식) · 화성예술의전당 (동탄아트홀) · 러닝타임 1시간 38분,http://ticket.interpark.com/Ticket/Goods/GoodsInfo.asp?GoodsCode=26012188,couple:1.0;date_spot:1.0;서양음악(클래식),2026-09-11 22:28:45,concert,,,🎵 감성 가득한 무대와 음악을 즐기며 특별한 추억을 선사하는 낭만 공연,concert,concert,kopis,2026-11-10,,capital
KOPIS 공연예술통합전산망 | 서양음악(클래식),서양음악(클래식),왕의 별 쇼케이스 [화성],2026-10-24 ~ 2026-10-24,만 7세 이상,"경기 화성시 노작로 11-1 (오산동) | 위도:37.192637, 경도:127.086362",전석무료,서양음악(클래식) · 화성예술의전당 (동탄아트홀) · 러닝타임 1시간 30분,http://ticket.interpark.com/Ticket/Goods/GoodsInfo.asp?GoodsCode=26012189,couple:1.0;date_spot:1.0;서양음악(클래식),2026-09-11 22:28:45,concert,,,🎵 감성 가득한 무대와 음악을 즐기며 특별한 추억을 선사하는 낭만 공연,concert,concert,kopis,2026-10-24,,capital
KOPIS 공연예술통합전산망 | 뮤지컬,뮤지컬,"HAC Choice, 만천명월 격쟁을 허하라 [화성]",2026-10-17 ~ 2026-10-17,만 7세 이상,"경기 화성시 노작로 11-1 (오산동) | 위도:37.192637, 경도:127.086362","R석 60,000원, S석 40,000원",뮤지컬 · 화성예술의전당 (동탄아트홀) · 러닝타임 1시간 40분,http://ticket.interpark.com/Ticket/Goods/GoodsInfo.asp?GoodsCode=26012390,couple:1.0;date_spot:1.0;뮤지컬,2026-09-11 22:28:45,concert,,,🎵 감성 가득한 무대와 음악을 즐기며 특별한 추억을 선사하는 낭만 공연,concert,concert,kopis,2026-10-17,,capital
KOPIS 공연예술통합전산망 | 서양음악(클래식),서양음악(클래식),"로데아트센터 마티네 콘서트 시리즈: 클래식 모닝, 트리오 라미 & Pf. 하주애: 성숙의 전율 The Maturation",2026-10-28 ~ 2026-10-28,만 6세 이상,"서울 서초구 남부순환로317길 79 (서초동) | 위도:37.4831337, 경도:127.0103014","전석 20,000원",서양음악(클래식) · 로데아트센터 (콘서트홀) · 러닝타임 1시간,http://ticket.interpark.com/Ticket/Goods/GoodsInfo.asp?GoodsCode=26008432,couple:1.0;date_spot:1.0;서양음악(클래식),2026-09-11 22:28:45,concert,,,🎵 감성 가득한 무대와 음악을 즐기며 특별한 추억을 선사하는 낭만 공연,concert,concert,kopis,2026-10-28,,capital
KOPIS 공연예술통합전산망 | 대중음악,대중음악,스카 페스티벌 10주년 기념공연 SKA FESTIVAL: Super-Swag,2026-10-24 ~ 2026-10-24,만 12세 이상,"서울 강서구 공항대로 376 (화곡동) kbs스포츠월드 | 위도:37.5567802, 경도:126.84760940000001","1층 스탠딩석 88,000원, 2층 A석 88,000원, 3층 B석 77,000원",대중음악 · KBS스포츠월드(아레나) (KBS아레나) · 러닝타임 4시간 30분,https://booking.naver.com/booking/12/bizes/1721787,couple:1.0;date_spot:1.0;대중음악,2026-09-11 22:28:45,concert,,,🎵 감성 가득한 무대와 음악을 즐기며 특별한 추억을 선사하는 낭만 공연,concert,concert,kopis,2026-10-24,,capital
KOPIS 공연예술통합전산망 | 대중음악,대중음악,Ｈ△Ｇ 1st One Man Live: 夏の在りか [서울],2026-10-17 ~ 2026-10-17,만 13세 이상,"서울 마포구 와우산로25길 6 (서교동) | 위도:37.553639, 경도:126.92614449999996","VIP석 132,000원, 일반석 99,000원",대중음악 · 웨스트브릿지 라이브홀 (웨스트브릿지 라이브홀) · 러닝타임 1시간 30분,https://ticket.yes24.com/Perf/59841,couple:1.0;date_spot:1.0;대중음악,2026-09-11 22:28:45,concert,,,🎵 감성 가득한 무대와 음악을 즐기며 특별한 추억을 선사하는 낭만 공연,concert,concert,kopis,2026-10-17,,capital
KOPIS 공연예술통합전산망 | 서양음악(클래식),서양음악(클래식),제6회 인천국제고음악제 Ⅱ. 아망딘 베예 X 코리안 바로크 소사이어티: Galaxia Vivaldi,2026-11-01 ~ 2026-11-01,만 7세 이상,"인천 연수구 아트센터대로 222 (송도동) | 위도:37.39348409999999, 경도:126.63095859999999","R석 40,000원, S석 20,000원",서양음악(클래식) · 아트센터 인천 (콘서트홀) · 러닝타임 1시간 40분,http://ticket.interpark.com/Ticket/Goods/GoodsInfo.asp?GoodsCode=26012049,couple:1.0;date_spot:1.0;서양음악(클래식),2026-09-11 22:28:45,concert,,,🎵 감성 가득한 무대와 음악을 즐기며 특별한 추억을 선사하는 낭만 공연,concert,concert,kopis,2026-11-01,,capital
KOPIS 공연예술통합전산망 | 무용(서양/한국무용),무용(서양/한국무용),"해설이 있는 명작 발레, 발레 시그니처 [성남]",2026-10-31 ~ 2026-10-31,만 7세 이상,"경기 성남시 수정구 수정로171번길 10 | 위도:37.4448723, 경도:127.13890700000002","R석 50,000원, S석 30,000원, A석 20,000원",무용(서양/한국무용) · 성남아트리움 (구. 성남시민회관) (대극장) · 러닝타임 1시간 55분,http://ticket.interpark.com/Ticket/Goods/GoodsInfo.asp?GoodsCode=26012234,couple:1.0;date_spot:1.0;무용(서양/한국무용),2026-09-11 22:28:45,concert,,,💑 연인과 함께 둘만의 소중한 주말 추억을 나누기 좋은 맞춤형 추천 장소,concert,concert,kopis,2026-10-31,,capital
KOPIS 공연예술통합전산망 | 한국음악(국악),한국음악(국악),IT–SHOW 예술로 그려지는 대한민국 [인천],2026-10-24 ~ 2026-10-24,전체 관람가,"인천 서해구 원창로 92 (원창동) | 위도:37.517559, 경도:126.6591",전석무료,한국음악(국악) · 인천 서해구 청소년센터 (공연장) · 러닝타임 1시간,https://www.enticket.com:469/pfm/sub01_view.html?pfmIng=1&p_idx=4357,couple:1.0;date_spot:1.0;한국음악(국악),2026-09-11 22:28:45,concert,,,🎵 감성 가득한 무대와 음악을 즐기며 특별한 추억을 선사하는 낭만 공연,concert,concert,kopis,2026-10-24,,capital
KOPIS 공연예술통합전산망 | 뮤지컬,뮤지컬,파랑새 [용인],2026-10-16 ~ 2026-10-18,만 3세 이상,"경기 용인시 수지구 문정로7번길 15 (풍덕천동) | 위도:37.3202647, 경도:127.0953462","전석 20,000원",뮤지컬 · 용인시평생학습관 (여성회관) (큰어울마당) · 러닝타임 1시간 20분,http://ticket.interpark.com/Ticket/Goods/GoodsInfo.asp?GoodsCode=26012302,couple:1.0;date_spot:1.0;뮤지컬,2026-09-11 22:28:45,concert,,,🎵 감성 가득한 무대와 음악을 즐기며 특별한 추억을 선사하는 낭만 공연,concert,concert,kopis,2026-10-18,,capital
KOPIS 공연예술통합전산망 | 서양음악(클래식),서양음악(클래식),제6회 인천국제고음악제 I. 베아트리스 마르탱 X 코리안 바로크 소사이어티: The Bach Family,2026-10-29 ~ 2026-10-29,만 7세 이상,"인천 연수구 아트센터대로 222 (송도동) | 위도:37.39348409999999, 경도:126.63095859999999","R석 40,000원, S석 20,000원",서양음악(클래식) · 아트센터 인천 (콘서트홀) · 러닝타임 1시간 40분,http://ticket.interpark.com/Ticket/Goods/GoodsInfo.asp?GoodsCode=26012050,couple:1.0;date_spot:1.0;서양음악(클래식),2026-09-11 22:28:45,concert,,,🎵 감성 가득한 무대와 음악을 즐기며 특별한 추억을 선사하는 낭만 공연,concert,concert,kopis,2026-10-29,,capital
KOPIS 공연예술통합전산망 | 대중음악,대중음악,윤종신 전국투어 콘서트: 가을냄새 [고양],2026-10-24 ~ 2026-10-24,만 8세 이상,"경기 고양시 일산동구 중앙로 1286 (마두동) 고양아람누리 | 위도:37.6614074, 경도:126.77433789999998","VIP석 154,000원, R석 143,000원, S석 132,000원, A석 110,000원, B석 88,000원",대중음악 · 고양아람누리 (아람극장) · 러닝타임 2시간,http://www.ticketlink.co.kr/product/65080,couple:1.0;date_spot:1.0;대중음악,2026-09-11 22:28:45,concert,,,🎵 감성 가득한 무대와 음악을 즐기며 특별한 추억을 선사하는 낭만 공연,concert,concert,kopis,2026-10-24,,capital
KOPIS 공연예술통합전산망 | 서양음악(클래식),서양음악(클래식),대건챔버콰이어 창단 30주년 기념연주회,2026-10-23 ~ 2026-10-23,만 7세 이상,"서울 서초구 남부순환로 2406 (서초동) | 위도:37.4786896, 경도:127.01182410000001","R석 50,000원, S석 40,000원",서양음악(클래식) · 예술의전당 [서울] (IBK챔버홀) · 러닝타임 1시간 30분,http://ticket.interpark.com/Ticket/Goods/GoodsInfo.asp?GoodsCode=26012386,couple:1.0;date_spot:1.0;서양음악(클래식),2026-09-11 22:28:45,concert,,,🎵 감성 가득한 무대와 음악을 즐기며 특별한 추억을 선사하는 낭만 공연,concert,concert,kopis,2026-10-23,,capital
KOPIS 공연예술통합전산망 | 서양음악(클래식),서양음악(클래식),사랑의묘약: 호텔아디나 [경기 광주],2026-10-24 ~ 2026-10-24,만 7세 이상,"경기 광주시 회안대로 891 (송정동) | 위도:37.4270408, 경도:127.25507500000003","R석 50,000원, S석 30,000원",서양음악(클래식) · 광주시문화예술의전당 (구. 남한산성아트홀) (남한산성홀) · 러닝타임 1시간 30분,http://ticket.interpark.com/Ticket/Goods/GoodsInfo.asp?GoodsCode=26012260,couple:1.0;date_spot:1.0;서양음악(클래식),2026-09-11 22:28:45,concert,,,🎵 감성 가득한 무대와 음악을 즐기며 특별한 추억을 선사하는 낭만 공연,concert,concert,kopis,2026-10-24,,capital
KOPIS 공연예술통합전산망 | 대중음악,대중음악,YONU THE RETURN,2026-10-30 ~ 2026-10-30,만 7세 이상,"서울 마포구 와우산로 97(서교동) | 위도:37.553094, 경도:126.9243535","전석 50,000원",대중음악 · H-스테이지 (H-스테이지) · 러닝타임 1시간 30분,http://ticket.interpark.com/Ticket/Goods/GoodsInfo.asp?GoodsCode=26012251,couple:1.0;date_spot:1.0;대중음악,2026-09-11 22:28:45,concert,,,🎵 감성 가득한 무대와 음악을 즐기며 특별한 추억을 선사하는 낭만 공연,concert,concert,kopis,2026-10-30,,capital
KOPIS 공연예술통합전산망 | 서양음악(클래식),서양음악(클래식),한수진 & 잉글리시 체임버 오케스트라 [인천],2026-10-25 ~ 2026-10-25,만 7세 이상,"인천 연수구 아트센터대로 222 (송도동) | 위도:37.39348409999999, 경도:126.63095859999999","R석 70,000원, S석 50,000원, A석 30,000원",서양음악(클래식) · 아트센터 인천 (콘서트홀) · 러닝타임 1시간 40분,http://ticket.interpark.com/Ticket/Goods/GoodsInfo.asp?GoodsCode=26012143,couple:1.0;date_spot:1.0;서양음악(클래식),2026-09-11 22:28:45,concert,,,🎵 감성 가득한 무대와 음악을 즐기며 특별한 추억을 선사하는 낭만 공연,concert,concert,kopis,2026-10-25,,capital
KOPIS 공연예술통합전산망 | 서양음악(클래식),서양음악(클래식),파보 예르비 & 에스토니안 페스티벌 오케스트라 [인천],2026-10-18 ~ 2026-10-18,만 7세 이상,"인천 연수구 아트센터대로 222 (송도동) | 위도:37.39348409999999, 경도:126.63095859999999","R석 170,000원, S석 130,000원, A석 80,000원, B석 50,000원",서양음악(클래식) · 아트센터 인천 (콘서트홀) · 러닝타임 2시간,http://ticket.interpark.com/Ticket/Goods/GoodsInfo.asp?GoodsCode=26011699,couple:1.0;date_spot:1.0;서양음악(클래식),2026-09-11 22:28:45,concert,,,🎵 감성 가득한 무대와 음악을 즐기며 특별한 추억을 선사하는 낭만 공연,concert,concert,kopis,2026-10-18,,capital
KOPIS 공연예술통합전산망 | 무용(서양/한국무용),무용(서양/한국무용),"제14회 GAF 공연예술제, 몸이야기 Ⅳ: 연결하기",2026-10-21 ~ 2026-10-21,만 5세 이상,"서울 구로구 경인로 416 (고척동) | 위도:37.4982916, 경도:126.8658154","전석 15,000원",무용(서양/한국무용) · 구로창의아트홀 (구로창의아트홀) · 러닝타임 1시간,http://ticket.interpark.com/Ticket/Goods/GoodsInfo.asp?GoodsCode=26012161,couple:1.0;date_spot:1.0;무용(서양/한국무용),2026-09-11 22:28:45,concert,,,💑 연인과 함께 둘만의 소중한 주말 추억을 나누기 좋은 맞춤형 추천 장소,concert,concert,kopis,2026-10-21,,capital
KOPIS 공연예술통합전산망 | 연극,연극,"ASAC 연극, 레오폴트슈타트",2026-10-16 ~ 2026-10-19,만 13세 이상,"경기 안산시 단원구 화랑로 312 (고잔동) | 위도:37.3196723, 경도:126.82255570000007","전석 30,000원",연극 · 안산문화예술의전당 (달맞이극장) · 러닝타임 2시간 10분,https://booking.naver.com/booking/12/bizes/1719169,couple:1.0;date_spot:1.0;연극,2026-09-11 22:28:45,concert,,,🎵 감성 가득한 무대와 음악을 즐기며 특별한 추억을 선사하는 낭만 공연,concert,concert,kopis,2026-10-19,,capital
KOPIS 공연예술통합전산망 | 서양음악(클래식),서양음악(클래식),DCH 라이브 클럽 with 안일구,2026-10-18 ~ 2026-11-01,전체 관람가,"서울 송파구 송파대로37길 50 (석촌동) | 위도:37.5002447, 경도:127.1066645","전석 120,000원",서양음악(클래식) · 온쉼표 (온쉼표) · 러닝타임 3시간,https://booking.naver.com/booking/12/bizes/1246855,couple:1.0;date_spot:1.0;서양음악(클래식),2026-09-11 22:28:45,concert,,,🎵 감성 가득한 무대와 음악을 즐기며 특별한 추억을 선사하는 낭만 공연,concert,concert,kopis,2026-11-01,,capital
KOPIS 공연예술통합전산망 | 대중음악,대중음악,SM JAZZ TRIO CONCERT [하남],2026-10-17 ~ 2026-10-17,만 7세 이상,"경기 하남시 신평로 125 (덕풍동) | 위도:37.544736, 경도:127.20683669999994","R석 33,000원, S석 22,000원, A석 11,000원",대중음악 · 하남문화예술회관 (검단홀(대극장)) · 러닝타임 1시간 30분,http://ticket.interpark.com/Ticket/Goods/GoodsInfo.asp?GoodsCode=26012111,couple:1.0;date_spot:1.0;대중음악,2026-09-11 22:28:45,concert,,,🎵 감성 가득한 무대와 음악을 즐기며 특별한 추억을 선사하는 낭만 공연,concert,concert,kopis,2026-10-17,,capital
KOPIS 공연예술통합전산망 | 서양음악(클래식),서양음악(클래식),"성남아트리움 클래식시리즈 Ⅳ. 클래식, 현대 낭만을 담다",2026-10-24 ~ 2026-10-24,만 7세 이상,"경기 성남시 수정구 수정로171번길 10 | 위도:37.4448723, 경도:127.13890700000002","R석 35,000원, S석 25,000원, 시야제한석 15,000원",서양음악(클래식) · 성남아트리움 (구. 성남시민회관) (대극장) · 러닝타임 1시간 35분,http://ticket.interpark.com/Ticket/Goods/GoodsInfo.asp?GoodsCode=26012211,couple:1.0;date_spot:1.0;서양음악(클래식),2026-09-11 22:28:45,concert,,,🎵 감성 가득한 무대와 음악을 즐기며 특별한 추억을 선사하는 낭만 공연,concert,concert,kopis,2026-10-24,,capital
KOPIS 공연예술통합전산망 | 서양음악(클래식),서양음악(클래식),"이천문화재단 마티네 콘서트: 음미 (音味) , 퍼커셔니스트 심선민",2026-10-14 ~ 2026-10-14,만 7세 이상,"경기 이천시 부악로 40 (중리동) | 위도:37.2711919, 경도:127.43434869999999","전석 10,000원",서양음악(클래식) · 이천아트홀 (대공연장) · 러닝타임 1시간 10분,http://ticket.interpark.com/Ticket/Goods/GoodsInfo.asp?GoodsCode=26012194,couple:1.0;date_spot:1.0;서양음악(클래식),2026-09-11 22:28:45,concert,,,🎵 감성 가득한 무대와 음악을 즐기며 특별한 추억을 선사하는 낭만 공연,concert,concert,kopis,2026-10-14,,capital
KOPIS 공연예술통합전산망 | 서양음악(클래식),서양음악(클래식),"제18회 서울국제음악제, 폐막음악회: SIMF오케스트라 with 크시슈토프 우르반스키",2026-10-16 ~ 2026-10-16,만 7세 이상,"서울 송파구 올림픽로 300 (신천동) 롯데월드몰 8층 롯데문화재단 | 위도:37.5130605, 경도:127.10349500000007","R석 120,000원, S석 90,000원, A석 60,000원, B석 30,000원, C석 10,000원, 시야방해 R석 90,000원, 시야방해 S석 60,000원, 시야방해 A석 30,000원",서양음악(클래식) · 롯데콘서트홀 (롯데콘서트홀) · 러닝타임 1시간 30분,http://ticket.interpark.com/Ticket/Goods/GoodsInfo.asp?GoodsCode=26012169,couple:1.0;date_spot:1.0;서양음악(클래식),2026-09-11 22:28:45,concert,,,🎵 감성 가득한 무대와 음악을 즐기며 특별한 추억을 선사하는 낭만 공연,concert,concert,kopis,2026-10-16,,capital
KOPIS 공연예술통합전산망 | 서양음악(클래식),서양음악(클래식),제220회 뉴서울필하모닉오케스트라 정기 연주회: 피아니스트 임동혁과 함께하는 차이코프스키,2026-10-22 ~ 2026-10-22,만 7세 이상,"서울 서초구 남부순환로 2406 (서초동) | 위도:37.4786896, 경도:127.01182410000001","R석 110,000원, S석 90,000원, A석 70,000원, B석 40,000원, C석 20,000원",서양음악(클래식) · 예술의전당 [서울] (콘서트홀) · 러닝타임 1시간 30분,http://ticket.interpark.com/Ticket/Goods/GoodsInfo.asp?GoodsCode=26012258,couple:1.0;date_spot:1.0;서양음악(클래식),2026-09-11 22:28:45,concert,,,🎵 감성 가득한 무대와 음악을 즐기며 특별한 추억을 선사하는 낭만 공연,concert,concert,kopis,2026-10-22,,capital
KOPIS 공연예술통합전산망 | 연극,연극,"리: 바운드 축제, 우리가 빛의 속도로 갈 수 없다면",2026-11-07 ~ 2026-11-08,만 7세 이상,"서울 서초구 남부순환로 2406 (서초동) | 위도:37.4786896, 경도:127.01182410000001","전석 20,000원",연극 · 예술의전당 [서울] (자유소극장) · 러닝타임 1시간 20분,http://ticket.interpark.com/Ticket/Goods/GoodsInfo.asp?GoodsCode=26011920,couple:1.0;date_spot:1.0;연극,2026-09-11 22:28:45,concert,,,🎵 감성 가득한 무대와 음악을 즐기며 특별한 추억을 선사하는 낭만 공연,concert,concert,kopis,2026-11-08,,capital
KOPIS 공연예술통합전산망 | 한국음악(국악),한국음악(국악),"리: 바운드 축제, 떡보와 아리랑 다섯 고개 호랭이: 사라진 할머니를 찾아서",2026-10-18 ~ 2026-10-18,만 7세 이상,"서울 서초구 남부순환로 2406 (서초동) | 위도:37.4786896, 경도:127.01182410000001","전석 20,000원",한국음악(국악) · 예술의전당 [서울] (자유소극장) · 러닝타임 1시간,http://ticket.interpark.com/Ticket/Goods/GoodsInfo.asp?GoodsCode=26011642,couple:1.0;date_spot:1.0;한국음악(국악),2026-09-11 22:28:45,concert,,,🎵 감성 가득한 무대와 음악을 즐기며 특별한 추억을 선사하는 낭만 공연,concert,concert,kopis,2026-10-18,,capital
KOPIS 공연예술통합전산망 | 연극,연극,"리: 바운드 축제, 선녀씨 이야기",2026-10-30 ~ 2026-10-31,만 7세 이상,"서울 서초구 남부순환로 2406 (서초동) | 위도:37.4786896, 경도:127.01182410000001","전석 20,000원",연극 · 예술의전당 [서울] (자유소극장) · 러닝타임 1시간 30분,http://ticket.interpark.com/Ticket/Goods/GoodsInfo.asp?GoodsCode=26011924,couple:1.0;date_spot:1.0;연극,2026-09-11 22:28:45,concert,,,🎵 감성 가득한 무대와 음악을 즐기며 특별한 추억을 선사하는 낭만 공연,concert,concert,kopis,2026-10-31,,capital
KOPIS 공연예술통합전산망 | 대중음악,대중음악,SARAH KANG in SEOUL,2026-10-17 ~ 2026-10-18,만 7세 이상,"서울 마포구 와우산로29가길 15 (서교동) | 위도:37.5541887, 경도:126.928539","전석 110,000원",대중음악 · 구름아래소극장 (구름아래소극장) · 러닝타임 2시간,http://ticket.interpark.com/Ticket/Goods/GoodsInfo.asp?GoodsCode=26011876,couple:1.0;date_spot:1.0;대중음악,2026-09-11 22:28:45,concert,,,🎵 감성 가득한 무대와 음악을 즐기며 특별한 추억을 선사하는 낭만 공연,concert,concert,kopis,2026-10-18,,capital
KOPIS 공연예술통합전산망 | 뮤지컬,뮤지컬,팬레터 [성남],2026-11-07 ~ 2026-11-08,만 13세 이상,"경기 성남시 분당구 성남대로 808 (야탑동) | 위도:37.4027309, 경도:127.13124349999998","R석 110,000원, S석 99,000원, A석 77,000원, B석 66,000원",뮤지컬 · 성남아트센터 (오페라하우스) · 러닝타임 2시간 40분,http://www.ticketlink.co.kr/product/65014,couple:1.0;date_spot:1.0;뮤지컬,2026-09-11 22:28:45,concert,,,🎵 감성 가득한 무대와 음악을 즐기며 특별한 추억을 선사하는 낭만 공연,concert,concert,kopis,2026-11-08,,capital
KOPIS 공연예술통합전산망 | 대중음악,대중음악,Coaltar of the Deepers 35th Anniversary Live in Seoul,2026-10-24 ~ 2026-10-24,전체 관람가,"서울 마포구 어울마당로 35 (서교동) 지하 1층 | 위도:37.5484417, 경도:126.92010579999999","전석 77,000원",대중음악 · 롤링홀 (롤링홀) · 러닝타임 1시간 30분,https://ticket.yes24.com/Perf/59686,couple:1.0;date_spot:1.0;대중음악,2026-09-11 22:28:45,concert,,,🎵 감성 가득한 무대와 음악을 즐기며 특별한 추억을 선사하는 낭만 공연,concert,concert,kopis,2026-10-24,,capital
KOPIS 공연예술통합전산망 | 서양음악(클래식),서양음악(클래식),율리우스 아살 피아노 리사이틀 [서울],2026-10-20 ~ 2026-10-20,만 7세 이상,"서울 서초구 남부순환로 2406 (서초동) | 위도:37.4786896, 경도:127.01182410000001","R석 80,000원, S석 50,000원",서양음악(클래식) · 예술의전당 [서울] (IBK챔버홀) · 러닝타임 1시간 40분,http://ticket.interpark.com/Ticket/Goods/GoodsInfo.asp?GoodsCode=26011913,couple:1.0;date_spot:1.0;서양음악(클래식),2026-09-11 22:28:45,concert,,,🎵 감성 가득한 무대와 음악을 즐기며 특별한 추억을 선사하는 낭만 공연,concert,concert,kopis,2026-10-20,,capital
KOPIS 공연예술통합전산망 | 한국음악(국악),한국음악(국악),"문화의 날 렉처콘서트5, 살아있는 우리 춤 이야기 [화성]",2026-10-31 ~ 2026-10-31,만 7세 이상,"경기 화성시 노작로 134 (반송동) | 위도:37.2006588, 경도:127.07391230000007","전석 10,000원",한국음악(국악) · 동탄복합문화센터 반석아트홀 (반석아트홀) · 러닝타임 1시간 10분,http://ticket.interpark.com/Ticket/Goods/GoodsInfo.asp?GoodsCode=26011864,couple:1.0;date_spot:1.0;한국음악(국악),2026-09-11 22:28:45,concert,,,🎵 감성 가득한 무대와 음악을 즐기며 특별한 추억을 선사하는 낭만 공연,concert,concert,kopis,2026-10-31,,capital
KOPIS 공연예술통합전산망 | 한국음악(국악),한국음악(국악),장사익소리판: 길,2026-10-27 ~ 2026-10-27,만 6세 이상,"서울 종로구 세종대로 175 (세종로) | 위도:37.5725254, 경도:126.97564290000003","R석 150,000원, S석 120,000원, A석 90,000원, B석 60,000원","[공연소개] 나에게 노래는 내 人生의 꽃 피움이라고 말하고 싶습니다. 비록 남들 다 꽃피울 때 뒷전에 서성이다가 인고의 추운 겨울을 보내고, 화려한 봄 여름 다 보내고서야 비로서 나의 꽃을 피우니 더할 나위 없이 노래하는 내가 고맙고 소중하고 행복합니다. 어디로 가는지 알수는 없지만, 오늘도 우리는 길을 갑니다. 더러는 사람들 속에서 길을 잃기도하고, 더러는 사람들 속에서 길을 찾기도 하면서~ 장사익 소리판은 대중가요, 재즈, 국악, 클래식 등 여러 장르와 어울리며 무정형의 자유스러움으로 삶을 진솔하게 노래하는 장사익을 중심으로 오…",http://ticket.interpark.com/Ticket/Goods/GoodsInfo.asp?GoodsCode=P0004772,couple:1.0;date_spot:1.0;한국음악(국악),2026-09-11 22:28:45,concert,,,🎵 감성 가득한 무대와 음악을 즐기며 특별한 추억을 선사하는 낭만 공연,concert,concert,kopis,2026-10-27,,capital
KOPIS 공연예술통합전산망 | 서양음악(클래식),서양음악(클래식),"디 오리지널 시리즈, 임동혁 X 오케스트라 디 오리지널, 리부트: 라흐마니노프",2026-11-10 ~ 2026-11-10,만 7세 이상,"서울 서초구 남부순환로 2406 (서초동) | 위도:37.4786896, 경도:127.01182410000001","R석 120,000원, S석 90,000원, A석 60,000원, B석 30,000원, C석 10,000원","[공연소개] 대한민국을 대표하는 세계적인 피아니스트 임동혁이 오케스트라 디 오리지널의 정기공연 무대에 오른다. 독자적인 음악 세계를 구축해 온 지휘자 아드리엘 김과 피아니스트 임동혁의 첫 협업으로 선보일 곡은 라흐마니노프 인생에 위대한 반전을 가져다준 세기의 명작, '피아노 협주곡 2번'이다. 여기에 드보르작의 후기 3대 교향곡의 정수로 손꼽히며 깊은 비장미와 최고의 완성도를 자랑하는 '교향곡 제7번'이 더해진다. 또한, 클래식의 동시대성을 이끌어가는 오케스트라 디 오리지널이 위촉한 태국의 국민 작곡가 나롱 프랑츠른의 세계 초연작 …",http://ticket.interpark.com/Ticket/Goods/GoodsInfo.asp?GoodsCode=26012173,couple:1.0;date_spot:1.0;서양음악(클래식),2026-09-11 22:28:45,concert,,,🎵 감성 가득한 무대와 음악을 즐기며 특별한 추억을 선사하는 낭만 공연,concert,concert,kopis,2026-11-10,,capital
KOPIS 공연예술통합전산망 | 대중음악,대중음악,김광석과 친구들 [화성],2026-10-28 ~ 2026-10-28,만 7세 이상,"경기 화성시 태안로 145 (병점동) | 위도:37.2031308, 경도:127.03323210000008","R석 40,000원, S석 30,000원, A석 20,000원",대중음악 · 화성아트홀 (화성아트홀) · 러닝타임 2시간,http://ticket.interpark.com/Ticket/Goods/GoodsInfo.asp?GoodsCode=26011727,couple:1.0;date_spot:1.0;대중음악,2026-09-11 22:28:45,concert,,,🎵 감성 가득한 무대와 음악을 즐기며 특별한 추억을 선사하는 낭만 공연,concert,concert,kopis,2026-10-28,,capital
KOPIS 공연예술통합전산망 | 대중음악,대중음악,미스트롯4 전국투어 콘서트: 트롯으로 세상을 홀려라 [서울 (앵콜) ],2026-10-31 ~ 2026-10-31,만 7세 이상,"서울 동대문구 경희대로 26 (회기동) | 위도:37.598682, 경도:127.052773","SR석 154,000원, R석 143,000원",대중음악 · 경희대학교 평화의전당 (경희대학교 평화의전당) · 러닝타임 2시간,http://www.ticketlink.co.kr/product/64825,couple:1.0;date_spot:1.0;대중음악,2026-09-11 22:28:45,concert,,,🎵 감성 가득한 무대와 음악을 즐기며 특별한 추억을 선사하는 낭만 공연,concert,concert,kopis,2026-10-31,,capital
KOPIS 공연예술통합전산망 | 서양음악(클래식),서양음악(클래식),제42회 소리울 앙상블 정기 연주회,2026-10-29 ~ 2026-10-29,만 7세 이상,"서울 종로구 세종대로 175 (세종로) | 위도:37.5725254, 경도:126.97564290000003","전석 30,000원",서양음악(클래식) · 세종문화회관 (세종체임버홀) · 러닝타임 2시간,https://www.sejongpac.or.kr/portal/performance/performance/performTicket.do?performIdx=37554&menuNo=200320,couple:1.0;date_spot:1.0;서양음악(클래식),2026-09-11 22:28:45,concert,,,🎵 감성 가득한 무대와 음악을 즐기며 특별한 추억을 선사하는 낭만 공연,concert,concert,kopis,2026-10-29,,capital
KOPIS 공연예술통합전산망 | 서양음악(클래식),서양음악(클래식),"달빛 아래, 건반에 쓰는 시: 두 번째 시, 꿈숲에 머물다",2026-10-17 ~ 2026-10-17,만 6세 이상,"서울 강북구 월계로 173 (번동) | 위도:37.6214312, 경도:127.0406246","전석 20,000원",서양음악(클래식) · 꿈의숲아트센터 (콘서트홀) · 러닝타임 1시간 30분,https://www.sejongpac.or.kr/dfac/dfacPerformance/dfacPerformance/performTicket.do?performIdx=37520&menuNo=1200007,couple:1.0;date_spot:1.0;서양음악(클래식),2026-09-11 22:28:45,concert,,,🎵 감성 가득한 무대와 음악을 즐기며 특별한 추억을 선사하는 낭만 공연,concert,concert,kopis,2026-10-17,,capital
KOPIS 공연예술통합전산망 | 대중음악,대중음악,진미령 콘서트: 난생처음 50주년 되던 날,2026-10-17 ~ 2026-10-17,만 7세 이상,"서울 강남구 언주로 711 (논현동) | 위도:37.5173236, 경도:127.03414799999996","VIP석 150,000원, R석 120,000원",대중음악 · 건설회관 (CG아트홀(구.VISTA HALL)) · 러닝타임 1시간 30분,http://ticket.interpark.com/Ticket/Goods/GoodsInfo.asp?GoodsCode=26011992,couple:1.0;date_spot:1.0;대중음악,2026-09-11 22:28:45,concert,,,🎵 감성 가득한 무대와 음악을 즐기며 특별한 추억을 선사하는 낭만 공연,concert,concert,kopis,2026-10-17,,capital
KOPIS 공연예술통합전산망 | 서양음악(클래식),서양음악(클래식),김세준 비올라 리사이틀: 계보의 소리: 프랑코-벨지언 (Legacy in Sound: Franco-Belgian),2026-10-27 ~ 2026-10-27,만 7세 이상,"서울 서초구 남부순환로 2406 (서초동) | 위도:37.4786896, 경도:127.01182410000001","R석 50,000원, S석 30,000원","[PROGRAM] E. Ysaÿe | Sonata No.5 in G Major for Solo Violin, Op.27 (arr. For Viola) 외젠 이자이 | 바이올린 솔로를 위한 소나타 제5번, 작품번호27 (비올라를 위한 편곡) I. L’Aurore II. Danse rustique H. Vieuxtemps | Viola Sonata in B-flat Major, Op.36 앙리 비외탕 | 비올라 소나타, 작품번호36 I. Maestoso – Allegro II. Barcarolla: Andante con moto III…",http://ticket.interpark.com/Ticket/Goods/GoodsInfo.asp?GoodsCode=26011759,couple:1.0;date_spot:1.0;서양음악(클래식),2026-09-11 22:28:45,concert,,,🎵 감성 가득한 무대와 음악을 즐기며 특별한 추억을 선사하는 낭만 공연,concert,concert,kopis,2026-10-27,,capital
KOPIS 공연예술통합전산망 | 연극,연극,"제26회 SPAF, 뺨을 맞지 않고 사는 게 삶의 전부가 될 순 없더라",2026-10-15 ~ 2026-10-16,만 7세 이상,"서울 종로구 대학로8길 7 (동숭동) | 위도:37.5811855, 경도:127.0029999","전석 40,000원",연극 · 아르코예술극장 (소극장) · 러닝타임 1시간 35분,http://ticket.interpark.com/Ticket/Goods/GoodsInfo.asp?GoodsCode=26011929,couple:1.0;date_spot:1.0;연극,2026-09-11 22:28:45,concert,,,🎵 감성 가득한 무대와 음악을 즐기며 특별한 추억을 선사하는 낭만 공연,concert,concert,kopis,2026-10-16,,capital
KOPIS 공연예술통합전산망 | 무용(서양/한국무용),무용(서양/한국무용),"제26회 SPAF, 모든 컴퍼니: 씨름",2026-10-14 ~ 2026-10-15,만 7세 이상,"서울 마포구 백범로 35 서강대학교 | 위도:37.5499528, 경도:126.93911270000001","전석 40,000원",무용(서양/한국무용) · 서강대 메리홀 (대극장) · 러닝타임 1시간 10분,http://ticket.interpark.com/Ticket/Goods/GoodsInfo.asp?GoodsCode=26011949,couple:1.0;date_spot:1.0;무용(서양/한국무용),2026-09-11 22:28:45,concert,,,💑 연인과 함께 둘만의 소중한 주말 추억을 나누기 좋은 맞춤형 추천 장소,concert,concert,kopis,2026-10-15,,capital
KOPIS 공연예술통합전산망 | 서양음악(클래식),서양음악(클래식),"SPAF, 세 번째 전쟁",2026-10-16 ~ 2026-10-17,만 13세 이상,"서울 종로구 대학로8길 7 (동숭동) | 위도:37.5811855, 경도:127.0029999","R석 60,000원, S석 40,000원",서양음악(클래식) · 아르코예술극장 (대극장) · 러닝타임 2시간 20분,http://ticket.interpark.com/Ticket/Goods/GoodsInfo.asp?GoodsCode=26012001,couple:1.0;date_spot:1.0;서양음악(클래식),2026-09-11 22:28:45,concert,,,🎵 감성 가득한 무대와 음악을 즐기며 특별한 추억을 선사하는 낭만 공연,concert,concert,kopis,2026-10-17,,capital
KOPIS 공연예술통합전산망 | 연극,연극,"제26회 SPAF, 블러: 경계가 흐려질 때: PHI 스튜디오, 리버베드 시어터, 오나시스 컬쳐",2026-10-16 ~ 2026-10-17,만 16세 이상,"서울 종로구 동숭길 122(동숭동) | 위도:37.583699, 경도:127.0037167","전석 50,000원",연극 · 서울문화재단 대학로극장 쿼드 (예술청) (대학로극장 쿼드 (예술청) ) · 러닝타임 45분,http://ticket.interpark.com/Ticket/Goods/GoodsInfo.asp?GoodsCode=26011854,couple:1.0;date_spot:1.0;연극,2026-09-11 22:28:45,concert,,,🎵 감성 가득한 무대와 음악을 즐기며 특별한 추억을 선사하는 낭만 공연,concert,concert,kopis,2026-10-17,,capital
KOPIS 공연예술통합전산망 | 연극,연극,"제26회 SPAF, 기억의 저편",2026-10-24 ~ 2026-10-25,만 16세 이상,"서울 종로구 대학로8길 7 (동숭동) | 위도:37.5811855, 경도:127.0029999","전석 50,000원",연극 · 아르코예술극장 (소극장) · 러닝타임 55분,https://tickets.interpark.com/goods/26011926,couple:1.0;date_spot:1.0;연극,2026-09-11 22:28:45,concert,,,🎵 감성 가득한 무대와 음악을 즐기며 특별한 추억을 선사하는 낭만 공연,concert,concert,kopis,2026-10-25,,capital
KOPIS 공연예술통합전산망 | 서양음악(클래식),서양음악(클래식),성정문화재단 창립 45주년 기념 음악회,2026-11-03 ~ 2026-11-03,만 7세 이상,"서울 서초구 남부순환로 2406 (서초동) | 위도:37.4786896, 경도:127.01182410000001","R석 150,000원, S석 100,000원, A석 70,000원, B석 50,000원","[프로그램] - 1 부 - Bizet: Carman Overture (카르멘 서곡) Vc 문태국 P.I. Tchaikovsky, Variations on a Rococo Theme, Op. 33 피아노 백건우 W.A. Mozart : Piano Concerto No.25 In C Major K.503 / 제1악장 알레그로 마에스토소 (Allegro Maestoso) 제2악장 안단테 (Andante) 제3악장 알레그레토 (Allegretto) - 2부- 세계 속에 대한민국을 빛낸 예술인과 문화 예술 발전에 현저하게 공헌한 예술인들에 …",http://ticket.interpark.com/Ticket/Goods/GoodsInfo.asp?GoodsCode=26012023,couple:1.0;date_spot:1.0;서양음악(클래식),2026-09-11 22:28:45,concert,,,🎵 감성 가득한 무대와 음악을 즐기며 특별한 추억을 선사하는 낭만 공연,concert,concert,kopis,2026-11-03,,capital
KOPIS 공연예술통합전산망 | 대중음악,대중음악,paris match 내한공연 [서울],2026-10-31 ~ 2026-10-31,만 5세 이상,"서울 강서구 화곡로63길 65(등촌동) | 위도:37.5579738, 경도:126.8491891","VIP석 154,000원, R석 99,000원, A석 88,000원, 시야제한석 77,000원",대중음악 · 스카이아트홀 (스카이아트홀) · 러닝타임 1시간 30분,http://ticket.interpark.com/Ticket/Goods/GoodsInfo.asp?GoodsCode=26011570,couple:1.0;date_spot:1.0;대중음악,2026-09-11 22:28:45,concert,,,🎵 감성 가득한 무대와 음악을 즐기며 특별한 추억을 선사하는 낭만 공연,concert,concert,kopis,2026-10-31,,capital
KOPIS 공연예술통합전산망 | 대중음악,대중음악,하마노 하루키 내한 단독 콘서트 COVER GIRLs LIVE TOUR [서울],2026-10-16 ~ 2026-10-16,만 14세 이상,"서울 마포구 와우산로25길 6 (서교동) | 위도:37.553639, 경도:126.92614449999996","VVIP 120,000원, VIP석 99,000원, 일반석 77,000원",대중음악 · 웨스트브릿지 라이브홀 (웨스트브릿지 라이브홀) · 러닝타임 1시간 30분,http://ticket.interpark.com/Ticket/Goods/GoodsInfo.asp?GoodsCode=26011287,couple:1.0;date_spot:1.0;대중음악,2026-09-11 22:28:45,concert,,,🎵 감성 가득한 무대와 음악을 즐기며 특별한 추억을 선사하는 낭만 공연,concert,concert,kopis,2026-10-16,,capital
KOPIS 공연예술통합전산망 | 서양음악(클래식),서양음악(클래식),박종해 피아노 리사이틀: Schubert Abend 슈베르트의 밤,2026-10-16 ~ 2026-10-16,만 7세 이상,"서울 서초구 남부순환로 2406 (서초동) | 위도:37.4786896, 경도:127.01182410000001","R석 70,000원, S석 50,000원",서양음악(클래식) · 예술의전당 [서울] (IBK챔버홀) · 러닝타임 1시간 40분,http://ticket.interpark.com/Ticket/Goods/GoodsInfo.asp?GoodsCode=26011678,couple:1.0;date_spot:1.0;서양음악(클래식),2026-09-11 22:28:45,concert,,,🎵 감성 가득한 무대와 음악을 즐기며 특별한 추억을 선사하는 낭만 공연,concert,concert,kopis,2026-10-16,,capital
KOPIS 공연예술통합전산망 | 서양음악(클래식),서양음악(클래식),코랄 TGY 15주년 기념 음악회,2026-10-25 ~ 2026-10-25,만 7세 이상,"경기 부천시 소향로 165(중동) | 위도:37.5021641, 경도:126.7663981","R석 70,000원, S석 50,000원, A석 30,000원, B석 10,000원",서양음악(클래식) · 부천아트센터 (콘서트홀) · 러닝타임 2시간,http://ticket.interpark.com/Ticket/Goods/GoodsInfo.asp?GoodsCode=26011451,couple:1.0;date_spot:1.0;서양음악(클래식),2026-09-11 22:28:45,concert,,,🎵 감성 가득한 무대와 음악을 즐기며 특별한 추억을 선사하는 낭만 공연,concert,concert,kopis,2026-10-25,,capital
KOPIS 공연예술통합전산망 | 서양음악(클래식),서양음악(클래식),파트리샤 코파친스카야 & 솔 가베타 듀오 콘서트,2026-10-29 ~ 2026-10-29,만 7세 이상,"서울 서초구 남부순환로 2406 (서초동) | 위도:37.4786896, 경도:127.01182410000001","R석 130,000원, S석 80,000원, A석 50,000원, B석 30,000원",서양음악(클래식) · 예술의전당 [서울] (콘서트홀) · 러닝타임 2시간,http://ticket.interpark.com/Ticket/Goods/GoodsInfo.asp?GoodsCode=26011718,couple:1.0;date_spot:1.0;서양음악(클래식),2026-09-11 22:28:45,concert,,,🎵 감성 가득한 무대와 음악을 즐기며 특별한 추억을 선사하는 낭만 공연,concert,concert,kopis,2026-10-29,,capital
KOPIS 공연예술통합전산망 | 서양음악(클래식),서양음악(클래식),사랑의 묘약 [고양],2026-10-17 ~ 2026-10-18,만 7세 이상,"경기 고양시 일산동구 중앙로 1286 (마두동) 고양아람누리 | 위도:37.6614074, 경도:126.77433789999998","R석 80,000원, S석 60,000원, A석 40,000원, B석 20,000원",서양음악(클래식) · 고양아람누리 (아람극장) · 러닝타임 2시간 10분,http://www.artgy.or.kr/PF/PF0201V.aspx?showid=0000008402,couple:1.0;date_spot:1.0;서양음악(클래식),2026-09-11 22:28:45,concert,,,🎵 감성 가득한 무대와 음악을 즐기며 특별한 추억을 선사하는 낭만 공연,concert,concert,kopis,2026-10-18,,capital
KOPIS 공연예술통합전산망 | 연극,연극,유리동물원 [서울 서초],2026-10-17 ~ 2026-11-22,만 7세 이상,"서울 서초구 남부순환로 2406 (서초동) | 위도:37.4786896, 경도:127.01182410000001","OP석 99,000원, R석 99,000원, S석 77,000원, A석 55,000원",연극 · 예술의전당 [서울] (CJ 토월극장) · 러닝타임 2시간,http://ticket.interpark.com/Ticket/Goods/GoodsInfo.asp?GoodsCode=26011438,couple:1.0;date_spot:1.0;연극,2026-09-11 22:28:45,concert,,,🎵 감성 가득한 무대와 음악을 즐기며 특별한 추억을 선사하는 낭만 공연,concert,concert,kopis,2026-11-22,,capital
KOPIS 공연예술통합전산망 | 복합,복합,다비드 바뱅 & 아드리앙 몽도의 피아노 피아노 [안성],2026-10-21 ~ 2026-10-21,만 7세 이상,"경기 안성시 발화대길 21 (현수동) | 위도:37.0010012, 경도:127.2790334","R석 30,000원, S석 20,000원",복합 · 안성맞춤아트홀 (대공연장) · 러닝타임 1시간,http://ticket.interpark.com/Ticket/Goods/GoodsInfo.asp?GoodsCode=26011841,couple:1.0;date_spot:1.0;복합,2026-09-11 22:28:45,concert,,,💑 연인과 함께 둘만의 소중한 주말 추억을 나누기 좋은 맞춤형 추천 장소,concert,concert,kopis,2026-10-21,,capital
KOPIS 공연예술통합전산망 | 서양음악(클래식),서양음악(클래식),유미향 피아노 독주회: 베토벤 피아노 소나타 전곡 연주회 Ⅳ,2026-10-15 ~ 2026-10-15,만 7세 이상,"서울 서초구 남부순환로 2406 (서초동) | 위도:37.4786896, 경도:127.01182410000001","전석 30,000원",서양음악(클래식) · 예술의전당 [서울] (인춘아트홀) · 러닝타임 1시간 30분,http://ticket.interpark.com/Ticket/Goods/GoodsInfo.asp?GoodsCode=26011779,couple:1.0;date_spot:1.0;서양음악(클래식),2026-09-11 22:28:45,concert,,,🎵 감성 가득한 무대와 음악을 즐기며 특별한 추억을 선사하는 낭만 공연,concert,concert,kopis,2026-10-15,,capital
KOPIS 공연예술통합전산망 | 서양음악(클래식),서양음악(클래식),"일리야 라쉬코프스키, 라흐마니노프 3개의 피아노 협주곡 [평택]",2026-11-01 ~ 2026-11-01,만 7세 이상,"경기 평택시 고덕로 310 (고덕동) | 위도:37.039462, 경도:127.033968","VIP석 120,000원, R석 90,000원, S석 70,000원, A석 50,000원",서양음악(클래식) · 평택아트센터 (대공연장) · 러닝타임 2시간 30분,http://ticket.interpark.com/Ticket/Goods/GoodsInfo.asp?GoodsCode=26011735,couple:1.0;date_spot:1.0;서양음악(클래식),2026-09-11 22:28:45,concert,,,🎵 감성 가득한 무대와 음악을 즐기며 특별한 추억을 선사하는 낭만 공연,concert,concert,kopis,2026-11-01,,capital
KOPIS 공연예술통합전산망 | 뮤지컬,뮤지컬,GUNPO MUSICAL STATION 59.9 (군포 뮤지컬 스테이션 59.9) : 한국뮤지컬 EP.4 확장,2026-10-24 ~ 2026-10-24,만 7세 이상,"경기 군포시 고산로 599 (산본동) | 위도:37.3661695, 경도:126.92759120000005","전석 40,000원",뮤지컬 · 군포문화예술회관 (철쭉홀) · 러닝타임 1시간 20분,http://ticket.interpark.com/Ticket/Goods/GoodsInfo.asp?GoodsCode=26011067,couple:1.0;date_spot:1.0;뮤지컬,2026-09-11 22:28:45,concert,,,🎵 감성 가득한 무대와 음악을 즐기며 특별한 추억을 선사하는 낭만 공연,concert,concert,kopis,2026-10-24,,capital
KOPIS 공연예술통합전산망 | 서양음악(클래식),서양음악(클래식),"BAC 브런치, 피아니스트 박상욱과 함께하는 브런치콘서트 Ⅴ",2026-10-21 ~ 2026-10-21,만 7세 이상,"경기 부천시 소향로 165(중동) | 위도:37.5021641, 경도:126.7663981","전석 15,000원",서양음악(클래식) · 부천아트센터 (소공연장) · 러닝타임 1시간 10분,http://www.ticketlink.co.kr/product/64677,couple:1.0;date_spot:1.0;서양음악(클래식),2026-09-11 22:28:45,concert,,,🎵 감성 가득한 무대와 음악을 즐기며 특별한 추억을 선사하는 낭만 공연,concert,concert,kopis,2026-10-21,,capital
KOPIS 공연예술통합전산망 | 서양음악(클래식),서양음악(클래식),슈테른 필하모닉 더블 심포니 베토벤 7 & 5,2026-10-21 ~ 2026-10-21,만 7세 이상,"서울 송파구 올림픽로 300 (신천동) 롯데월드몰 8층 롯데문화재단 | 위도:37.5130605, 경도:127.10349500000007","R석 50,000원, 시야방해R 35,000원, S석 30,000원, 시야방해S 21,000원, A석 20,000원, 시야방해A 14,000원",서양음악(클래식) · 롯데콘서트홀 (롯데콘서트홀) · 러닝타임 1시간 50분,http://ticket.interpark.com/Ticket/Goods/GoodsInfo.asp?GoodsCode=26011680,couple:1.0;date_spot:1.0;서양음악(클래식),2026-09-11 22:28:45,concert,,,🎵 감성 가득한 무대와 음악을 즐기며 특별한 추억을 선사하는 낭만 공연,concert,concert,kopis,2026-10-21,,capital
KOPIS 공연예술통합전산망 | 서양음악(클래식),서양음악(클래식),BAC 클래식: 파질 사이 피아노 리사이틀,2026-10-17 ~ 2026-10-17,만 7세 이상,"경기 부천시 소향로 165(중동) | 위도:37.5021641, 경도:126.7663981","R석 60,000원, S석 40,000원, A석 30,000원",서양음악(클래식) · 부천아트센터 (콘서트홀) · 러닝타임 1시간 40분,http://www.ticketlink.co.kr/product/64676,couple:1.0;date_spot:1.0;서양음악(클래식),2026-09-11 22:28:45,concert,,,🎵 감성 가득한 무대와 음악을 즐기며 특별한 추억을 선사하는 낭만 공연,concert,concert,kopis,2026-10-17,,capital
KOPIS 공연예술통합전산망 | 뮤지컬,뮤지컬,그날들 [이천],2026-10-31 ~ 2026-11-01,만 7세 이상,"경기 이천시 부악로 40 (중리동) | 위도:37.2711919, 경도:127.43434869999999","R석 150,000원, S석 120,000원, A석 90,000원, B석 60,000원, C석 30,000원",뮤지컬 · 이천아트홀 (대공연장) · 러닝타임 2시간 45분,http://ticket.interpark.com/Ticket/Goods/GoodsInfo.asp?GoodsCode=26011647,couple:1.0;date_spot:1.0;뮤지컬,2026-09-11 22:28:45,concert,,,🎵 감성 가득한 무대와 음악을 즐기며 특별한 추억을 선사하는 낭만 공연,concert,concert,kopis,2026-11-01,,capital
KOPIS 공연예술통합전산망 | 서양음악(클래식),서양음악(클래식),"제4회 한국 바로크 음악제, 건반 음악의 이정표를 찾아 시리즈 Ⅱ. 건반 위 24개의 길",2026-10-15 ~ 2026-10-15,만 7세 이상,"서울 용산구 한남대로 98 (한남동) | 위도:37.5372055, 경도:127.00552319999997","전석 30,000원",서양음악(클래식) · 일신홀 (일신홀) · 러닝타임 2시간,http://ticket.interpark.com/Ticket/Goods/GoodsInfo.asp?GoodsCode=26011089,couple:1.0;date_spot:1.0;서양음악(클래식),2026-09-11 22:28:45,concert,,,🎵 감성 가득한 무대와 음악을 즐기며 특별한 추억을 선사하는 낭만 공연,concert,concert,kopis,2026-10-15,,capital
KOPIS 공연예술통합전산망 | 대중음악,대중음악,스트링 앙상블과 함께 하는 앨범 발표 기념 콘서트: 스콧해밀턴 & 롭반바벨 트리오,2026-10-18 ~ 2026-10-18,만 7세 이상,"서울 종로구 창경궁로35길 29 (혜화동) JCC 아트센터 | 위도:37.5869508, 경도:127.00172670000006","R석 85,000원, S석 55,000원",대중음악 · JCC 아트센터 (콘서트홀) · 러닝타임 1시간 20분,http://ticket.interpark.com/Ticket/Goods/GoodsInfo.asp?GoodsCode=26011119,couple:1.0;date_spot:1.0;대중음악,2026-09-11 22:28:45,concert,,,🎵 감성 가득한 무대와 음악을 즐기며 특별한 추억을 선사하는 낭만 공연,concert,concert,kopis,2026-10-18,,capital
KOPIS 공연예술통합전산망 | 서양음악(클래식),서양음악(클래식),손민수 피아노 리사이틀 [하남],2026-10-31 ~ 2026-10-31,만 7세 이상,"경기 하남시 신평로 125 (덕풍동) | 위도:37.544736, 경도:127.20683669999994","R석 50,000원, S석 40,000원, A석 30,000원, B석 20,000원",서양음악(클래식) · 하남문화예술회관 (검단홀(대극장)) · 러닝타임 2시간 15분,http://ticket.interpark.com/Ticket/Goods/GoodsInfo.asp?GoodsCode=26011568,couple:1.0;date_spot:1.0;서양음악(클래식),2026-09-11 22:28:45,concert,,,🎵 감성 가득한 무대와 음악을 즐기며 특별한 추억을 선사하는 낭만 공연,concert,concert,kopis,2026-10-31,,capital
KOPIS 공연예술통합전산망 | 대중음악,대중음악,"칸호 야쿠시지 첫 내한공연, 10주년 월드투어: Circle of Harmony",2026-10-30 ~ 2026-10-30,만 6세 이상,"서울 서대문구 신촌로 129 (창천동) | 위도:37.5565639, 경도:126.9403281","스탠딩 99,000원, 지정석 99,000원",대중음악 · 예스24 원더로크홀 (예스24 원더로크홀) · 러닝타임 1시간 40분,http://ticket.interpark.com/Ticket/Goods/GoodsInfo.asp?GoodsCode=26011665,couple:1.0;date_spot:1.0;대중음악,2026-09-11 22:28:45,concert,,,🎵 감성 가득한 무대와 음악을 즐기며 특별한 추억을 선사하는 낭만 공연,concert,concert,kopis,2026-10-30,,capital
KOPIS 공연예술통합전산망 | 연극,연극,그곳에 있었다 [대학로],2026-10-28 ~ 2026-11-01,만 13세 이상,"서울 종로구 동숭길 41 (동숭동) | 위도:37.5801085, 경도:127.0042703","전석 60,000원",연극 · 업스테이지 (UP Stage) (업스테이지 (UP Stage) ) · 러닝타임 1시간 10분,https://booking.naver.com/booking/12/bizes/1437649,couple:1.0;date_spot:1.0;연극,2026-09-11 22:28:45,concert,,,🎵 감성 가득한 무대와 음악을 즐기며 특별한 추억을 선사하는 낭만 공연,concert,concert,kopis,2026-11-01,,capital
KOPIS 공연예술통합전산망 | 대중음악,대중음악,"수원SK아트리움 하우스콘서트 Ⅱ. 삶을 노래하고 마음을 기록하는, 요조",2026-10-23 ~ 2026-10-23,만 7세 이상,"경기 수원시 장안구 이목로 24-25 (정자동) | 위도:37.3096379, 경도:126.98655699999995","전석 30,000원",대중음악 · 수원SK아트리움 (소공연장) · 러닝타임 1시간 10분,http://ticket.interpark.com/Ticket/Goods/GoodsInfo.asp?GoodsCode=26011398,couple:1.0;date_spot:1.0;대중음악,2026-09-11 22:28:45,concert,,,🎵 감성 가득한 무대와 음악을 즐기며 특별한 추억을 선사하는 낭만 공연,concert,concert,kopis,2026-10-23,,capital
KOPIS 공연예술통합전산망 | 서양음악(클래식),서양음악(클래식),고양시민을 위한 Orchestra + Ukulele 콜라보: 니가 있어 참 좋다,2026-11-05 ~ 2026-11-05,만 5세 이상,"경기 고양시 일산동구 중앙로 1286 (마두동) 고양아람누리 | 위도:37.6614074, 경도:126.77433789999998","R석 20,000원, S석 10,000원",서양음악(클래식) · 고양아람누리 (아람음악당) · 러닝타임 1시간 40분,http://www.artgy.or.kr/PF/PF0201V.aspx?showid=0000008397,couple:1.0;date_spot:1.0;서양음악(클래식),2026-09-11 22:28:45,concert,,,🎵 감성 가득한 무대와 음악을 즐기며 특별한 추억을 선사하는 낭만 공연,concert,concert,kopis,2026-11-05,,capital
KOPIS 공연예술통합전산망 | 서양음악(클래식),서양음악(클래식),볼프강 엠마누엘 슈미트 첼로 리사이틀,2026-10-13 ~ 2026-10-13,만 7세 이상,"서울 강남구 강남대로 652(신사동) | 위도:37.5195101, 경도:127.019106","전석 40,000원","[PROGRAM] R. Schumann (1810?1856) Adagio and Allegro in A-flat Major, Op. 70 L. v. Beethoven (1770?1827) Cello Sonata No. 5 in D Major, Op. 102 No. 2 C. Debussy (1862?1918) Cello Sonata in D minor, L. 135 S. Rachmaninoff (1873?1943) Cello Sonata in G minor, Op. 19",http://ticket.interpark.com/Ticket/Goods/GoodsInfo.asp?GoodsCode=26011258,couple:1.0;date_spot:1.0;서양음악(클래식),2026-09-11 22:28:45,concert,,,🎵 감성 가득한 무대와 음악을 즐기며 특별한 추억을 선사하는 낭만 공연,concert,concert,kopis,2026-10-13,,capital
KOPIS 공연예술통합전산망 | 서양음악(클래식),서양음악(클래식),KT그룹희망나눔재단과 함께하는 예술의전당 마음을 담은 클래식 (10월),2026-10-23 ~ 2026-10-23,만 7세 이상,"서울 서초구 남부순환로 2406 (서초동) | 위도:37.4786896, 경도:127.01182410000001","일반석 30,000원, 3층석 15,000원",서양음악(클래식) · 예술의전당 [서울] (콘서트홀) · 러닝타임 2시간,http://ticket.interpark.com/Ticket/Goods/GoodsInfo.asp?GoodsCode=26011395,couple:1.0;date_spot:1.0;서양음악(클래식),2026-09-11 22:28:45,concert,,,🎵 감성 가득한 무대와 음악을 즐기며 특별한 추억을 선사하는 낭만 공연,concert,concert,kopis,2026-10-23,,capital
KOPIS 공연예술통합전산망 | 서양음악(클래식),서양음악(클래식),"서초문화재단 X 르 보야즈 보칼레 앙상블 공동기획, 르 보야즈 보칼레 앙상블과 함께하는 바로크 음악 여행 시리즈 12: 영화를 물들인 바로크 음악",2026-10-16 ~ 2026-10-16,만 7세 이상,"서울 서초구 사평대로 55 (반포동) | 위도:37.4988598, 경도:126.9905166","R석 50,000원, S석 30,000원",서양음악(클래식) · 반포심산아트홀 (반포심산아트홀) · 러닝타임 2시간,http://ticket.interpark.com/Ticket/Goods/GoodsInfo.asp?GoodsCode=26011358,couple:1.0;date_spot:1.0;서양음악(클래식),2026-09-11 22:28:45,concert,,,🎵 감성 가득한 무대와 음악을 즐기며 특별한 추억을 선사하는 낭만 공연,concert,concert,kopis,2026-10-16,,capital
KOPIS 공연예술통합전산망 | 대중음악,대중음악,EVERGREY LIVE (에버그레이 내한공연) [서울],2026-10-17 ~ 2026-10-17,만 15세 이상,"서울 양천구 등촌로 36 (목동) | 위도:37.5331993, 경도:126.8639849","VIP석 150,000원, 일반석 105,000원",대중음악 · JS 아트홀 (JS ART HALL) [서울 양천] (JS 아트홀 (B1) ) · 러닝타임 2시간,http://ticket.interpark.com/Ticket/Goods/GoodsInfo.asp?GoodsCode=26011387,couple:1.0;date_spot:1.0;대중음악,2026-09-11 22:28:45,concert,,,🎵 감성 가득한 무대와 음악을 즐기며 특별한 추억을 선사하는 낭만 공연,concert,concert,kopis,2026-10-17,,capital
KOPIS 공연예술통합전산망 | 한국음악(국악),한국음악(국악),"제4회 대한민국 국악 관현악 축제, 부산시립 국악 관현악단",2026-10-15 ~ 2026-10-15,만 7세 이상,"서울 종로구 세종대로 175 (세종로) | 위도:37.5725254, 경도:126.97564290000003","전석 10,000원",한국음악(국악) · 세종문화회관 (세종M씨어터) · 러닝타임 2시간,http://www.ticketlink.co.kr/product/64279,couple:1.0;date_spot:1.0;한국음악(국악),2026-09-11 22:28:45,concert,,,🎵 감성 가득한 무대와 음악을 즐기며 특별한 추억을 선사하는 낭만 공연,concert,concert,kopis,2026-10-15,,capital
KOPIS 공연예술통합전산망 | 한국음악(국악),한국음악(국악),"제4회 대한민국국악관현악축제, 성남시립국악단",2026-10-13 ~ 2026-10-13,만 6세 이상,"서울 종로구 세종대로 175 (세종로) | 위도:37.5725254, 경도:126.97564290000003","전석 10,000원",한국음악(국악) · 세종문화회관 (세종M씨어터) · 러닝타임 2시간,http://www.ticketlink.co.kr/product/64280,couple:1.0;date_spot:1.0;한국음악(국악),2026-09-11 22:28:45,concert,,,🎵 감성 가득한 무대와 음악을 즐기며 특별한 추억을 선사하는 낭만 공연,concert,concert,kopis,2026-10-13,,capital
KOPIS 공연예술통합전산망 | 한국음악(국악),한국음악(국악),"제4회 대한민국국악관현악축제, 국립국악원창작악단",2026-10-14 ~ 2026-10-14,만 6세 이상,"서울 종로구 세종대로 175 (세종로) | 위도:37.5725254, 경도:126.97564290000003","전석 10,000원",한국음악(국악) · 세종문화회관 (세종M씨어터) · 러닝타임 2시간,https://www.ticketlink.co.kr/product/64281,couple:1.0;date_spot:1.0;한국음악(국악),2026-09-11 22:28:45,concert,,,🎵 감성 가득한 무대와 음악을 즐기며 특별한 추억을 선사하는 낭만 공연,concert,concert,kopis,2026-10-14,,capital
KOPIS 공연예술통합전산망 | 한국음악(국악),한국음악(국악),"대한민국국악관현악축제, 천안시충남국악관현악단",2026-10-16 ~ 2026-10-16,만 6세 이상,"서울 종로구 세종대로 175 (세종로) | 위도:37.5725254, 경도:126.97564290000003","전석 10,000원",한국음악(국악) · 세종문화회관 (세종M씨어터) · 러닝타임 2시간,http://www.ticketlink.co.kr/product/64277,couple:1.0;date_spot:1.0;한국음악(국악),2026-09-11 22:28:45,concert,,,🎵 감성 가득한 무대와 음악을 즐기며 특별한 추억을 선사하는 낭만 공연,concert,concert,kopis,2026-10-16,,capital
KOPIS 공연예술통합전산망 | 한국음악(국악),한국음악(국악),"대한민국국악관현악축제, 서울시국악관현악단",2026-10-17 ~ 2026-10-17,만 6세 이상,"서울 종로구 세종대로 175 (세종로) | 위도:37.5725254, 경도:126.97564290000003","전석 10,000원",한국음악(국악) · 세종문화회관 (세종M씨어터) · 러닝타임 2시간,http://www.ticketlink.co.kr/product/64288,couple:1.0;date_spot:1.0;한국음악(국악),2026-09-11 22:28:45,concert,,,🎵 감성 가득한 무대와 음악을 즐기며 특별한 추억을 선사하는 낭만 공연,concert,concert,kopis,2026-10-17,,capital
KOPIS 공연예술통합전산망 | 서양음악(클래식),서양음악(클래식),손민수 피아노 리사이틀 [평택],2026-10-25 ~ 2026-10-25,만 7세 이상,"경기 평택시 고덕로 310 (고덕동) | 위도:37.039462, 경도:127.033968","R석 50,000원, S석 30,000원",서양음악(클래식) · 평택아트센터 (대공연장) · 러닝타임 2시간 15분,https://booking.naver.com/booking/12/bizes/1723417,couple:1.0;date_spot:1.0;서양음악(클래식),2026-09-11 22:28:45,concert,,,🎵 감성 가득한 무대와 음악을 즐기며 특별한 추억을 선사하는 낭만 공연,concert,concert,kopis,2026-10-25,,capital
KOPIS 공연예술통합전산망 | 서양음악(클래식),서양음악(클래식),MAC 모닝 콘서트 #8,2026-10-28 ~ 2026-10-28,만 7세 이상,"서울 마포구 대흥로20길 28 (대흥동) | 위도:37.5499054542971, 경도:126.945526907783","전석 20,000원",서양음악(클래식) · 마포아트센터 (아트홀맥) · 러닝타임 2시간,http://ticket.interpark.com/Ticket/Goods/GoodsInfo.asp?GoodsCode=26010619,couple:1.0;date_spot:1.0;서양음악(클래식),2026-09-11 22:28:45,concert,,,🎵 감성 가득한 무대와 음악을 즐기며 특별한 추억을 선사하는 낭만 공연,concert,concert,kopis,2026-10-28,,capital
KOPIS 공연예술통합전산망 | 서양음악(클래식),서양음악(클래식),"아람 클래식, 손열음 피아노 리사이틀 [고양]",2026-10-16 ~ 2026-10-16,만 7세 이상,"경기 고양시 일산동구 중앙로 1286 (마두동) 고양아람누리 | 위도:37.6614074, 경도:126.77433789999998","R석 80,000원, S석 60,000원, A석 40,000원, B석 30,000원",서양음악(클래식) · 고양아람누리 (아람음악당) · 러닝타임 1시간 30분,http://www.artgy.or.kr/PF/PF0201V.aspx?showid=0000008390,couple:1.0;date_spot:1.0;서양음악(클래식),2026-09-11 22:28:45,concert,,,🎵 감성 가득한 무대와 음악을 즐기며 특별한 추억을 선사하는 낭만 공연,concert,concert,kopis,2026-10-16,,capital
KOPIS 공연예술통합전산망 | 서양음악(클래식),서양음악(클래식),"아람 클래식, 비킹구르 올라프손 피아노 리사이틀 [고양]",2026-10-29 ~ 2026-10-29,만 7세 이상,"경기 고양시 일산동구 중앙로 1286 (마두동) 고양아람누리 | 위도:37.6614074, 경도:126.77433789999998","R석 100,000원, S석 80,000원, A석 60,000원, B석 40,000원",서양음악(클래식) · 고양아람누리 (아람음악당) · 러닝타임 1시간 20분,http://www.artgy.or.kr/PF/PF0201V.aspx?showid=0000008391,couple:1.0;date_spot:1.0;서양음악(클래식),2026-09-11 22:28:45,concert,,,🎵 감성 가득한 무대와 음악을 즐기며 특별한 추억을 선사하는 낭만 공연,concert,concert,kopis,2026-10-29,,capital
KOPIS 공연예술통합전산망 | 대중음악,대중음악,경기인디뮤직페스티벌 (INMUFE),2026-10-17 ~ 2026-10-18,전체 관람가,"경기 수원시 권선구 금호로 318 (서둔동) | 위도:37.275978, 경도:126.984937","2일권 80,000원",대중음악 · 서호잔디광장 (서호잔디광장) · 러닝타임 11시간 30분,http://www.ticketlink.co.kr/product/64883,couple:1.0;date_spot:1.0;대중음악,2026-09-11 22:28:45,concert,,,🎵 감성 가득한 무대와 음악을 즐기며 특별한 추억을 선사하는 낭만 공연,concert,concert,kopis,2026-10-18,,capital
KOPIS 공연예술통합전산망 | 서양음악(클래식),서양음악(클래식),"남양주문화재단 마티네 콘서트 시리즈, 11시 클래식 수다 with 장일범 [남양주] (10월)",2026-10-21 ~ 2026-10-21,만 7세 이상,"경기 남양주시 다산중앙로 7 (다산동) | 위도:37.6140062, 경도:127.1553452","전석 20,000원, 문화요일특별가 10,000원",서양음악(클래식) · 다산아트홀 (다산아트홀) · 러닝타임 1시간 10분,http://nyjcf.moonhwain.net/rsvc/rsv_pm.html?b_id=nyjcf&p_idx=718,couple:1.0;date_spot:1.0;서양음악(클래식),2026-09-11 22:28:45,concert,,,🎵 감성 가득한 무대와 음악을 즐기며 특별한 추억을 선사하는 낭만 공연,concert,concert,kopis,2026-10-21,,capital
KOPIS 공연예술통합전산망 | 연극,연극,세 개의 숨 [부천],2026-10-15 ~ 2026-10-17,만 14세 이상,"경기 부천시 원미구 부일로 365 (중동) | 위도:37.4886325, 경도:126.7706582","전석 20,000원",연극 · 부천시민회관 (소공연장) · 러닝타임 1시간 20분,http://ticket.interpark.com/Ticket/Goods/GoodsInfo.asp?GoodsCode=26010849,couple:1.0;date_spot:1.0;연극,2026-09-11 22:28:45,concert,,,🎵 감성 가득한 무대와 음악을 즐기며 특별한 추억을 선사하는 낭만 공연,concert,concert,kopis,2026-10-17,,capital
KOPIS 공연예술통합전산망 | 복합,복합,광명전통예술플랫폼 Vol.1 피리 & 댄스: 날좀보쑈!,2026-10-21 ~ 2026-10-21,만 7세 이상,"경기 광명시 시청로 20 (철산동) | 위도:37.4770159, 경도:126.86367769999993","R석 20,000원, S석 10,000원",복합 · 광명시민회관 (대공연장) · 러닝타임 1시간 10분,http://www.gmcf.or.kr/Ticket/Performance/Details?performanceId=280765,couple:1.0;date_spot:1.0;복합,2026-09-11 22:28:45,concert,,,💑 연인과 함께 둘만의 소중한 주말 추억을 나누기 좋은 맞춤형 추천 장소,concert,concert,kopis,2026-10-21,,capital
KOPIS 공연예술통합전산망 | 서양음악(클래식),서양음악(클래식),"설지영 바이올린 독주회: 브람스, 세 개의 시선",2026-10-18 ~ 2026-10-18,만 7세 이상,"서울 서대문구 연세로 50 (신촌동) 연세대학교 백양누리 B1 금호아트홀 연세 | 위도:37.564089, 경도:126.93898089999993","전석 20,000원",서양음악(클래식) · 금호아트홀 연세 (금호아트홀 연세) · 러닝타임 1시간 45분,http://ticket.interpark.com/Ticket/Goods/GoodsInfo.asp?GoodsCode=26010242,couple:1.0;date_spot:1.0;서양음악(클래식),2026-09-11 22:28:45,concert,,,🎵 감성 가득한 무대와 음악을 즐기며 특별한 추억을 선사하는 낭만 공연,concert,concert,kopis,2026-10-18,,capital
KOPIS 공연예술통합전산망 | 무용(서양/한국무용),무용(서양/한국무용),"영등포아트홀 기획공연, 가을밤 낭만발레",2026-10-24 ~ 2026-10-25,만 7세 이상,"서울 영등포구 국회대로 596 (당산동3가) | 위도:37.526038, 경도:126.90008899999998","전석 20,000원",무용(서양/한국무용) · 영등포아트홀 (영등포아트홀) · 러닝타임 1시간 10분,http://ticket.interpark.com/Ticket/Goods/GoodsInfo.asp?GoodsCode=26010920,couple:1.0;date_spot:1.0;무용(서양/한국무용),2026-09-11 22:28:45,concert,,,💑 연인과 함께 둘만의 소중한 주말 추억을 나누기 좋은 맞춤형 추천 장소,concert,concert,kopis,2026-10-25,,capital
KOPIS 공연예술통합전산망 | 서양음악(클래식),서양음악(클래식),가을밤콘서트,2026-10-13 ~ 2026-10-13,만 7세 이상,"서울 서초구 남부순환로 2406 (서초동) | 위도:37.4786896, 경도:127.01182410000001","R석 120,000원, S석 100,000원, A석 70,000원, B석 50,000원",서양음악(클래식) · 예술의전당 [서울] (콘서트홀) · 러닝타임 2시간,http://ticket.interpark.com/Ticket/Goods/GoodsInfo.asp?GoodsCode=26010642,couple:1.0;date_spot:1.0;서양음악(클래식),2026-09-11 22:28:45,concert,,,🎵 감성 가득한 무대와 음악을 즐기며 특별한 추억을 선사하는 낭만 공연,concert,concert,kopis,2026-10-13,,capital
KOPIS 공연예술통합전산망 | 서양음악(클래식),서양음악(클래식),한수진 x 잉글리시 체임버 오케스트라,2026-10-30 ~ 2026-10-30,만 7세 이상,"서울 송파구 올림픽로 300 (신천동) 롯데월드몰 8층 롯데문화재단 | 위도:37.5130605, 경도:127.10349500000007","R석 200,000원, S석 150,000원, A석 100,000원, B석 50,000원, C석 30,000원, 시야방해R 100,000원, 시야방해S 75,000원, 시야방해A 50,000원",서양음악(클래식) · 롯데콘서트홀 (롯데콘서트홀) · 러닝타임 2시간,http://ticket.interpark.com/Ticket/Goods/GoodsInfo.asp?GoodsCode=26011040,couple:1.0;date_spot:1.0;서양음악(클래식),2026-09-11 22:28:45,concert,,,🎵 감성 가득한 무대와 음악을 즐기며 특별한 추억을 선사하는 낭만 공연,concert,concert,kopis,2026-10-30,,capital
KOPIS 공연예술통합전산망 | 서양음악(클래식),서양음악(클래식),브런치클래식 Ⅴ. 낭만 가객 바리톤 최현수 [군포],2026-10-15 ~ 2026-10-15,만 7세 이상,"경기 군포시 고산로 599 (산본동) | 위도:37.3661695, 경도:126.92759120000005","전석 20,000원",서양음악(클래식) · 군포문화예술회관 (수리홀) · 러닝타임 1시간 30분,http://ticket.interpark.com/Ticket/Goods/GoodsInfo.asp?GoodsCode=26010991,couple:1.0;date_spot:1.0;서양음악(클래식),2026-09-11 22:28:45,concert,,,🎵 감성 가득한 무대와 음악을 즐기며 특별한 추억을 선사하는 낭만 공연,concert,concert,kopis,2026-10-15,,capital
KOPIS 공연예술통합전산망 | 서양음악(클래식),서양음악(클래식),손열음 피아노 리사이틀 [서울],2026-10-18 ~ 2026-10-18,만 7세 이상,"서울 서초구 남부순환로 2406 (서초동) | 위도:37.4786896, 경도:127.01182410000001","R석 120,000원, S석 100,000원, A석 80,000원, B석 60,000원",서양음악(클래식) · 예술의전당 [서울] (콘서트홀) · 러닝타임 1시간 30분,http://ticket.interpark.com/Ticket/Goods/GoodsInfo.asp?GoodsCode=26011019,couple:1.0;date_spot:1.0;서양음악(클래식),2026-09-11 22:28:45,concert,,,🎵 감성 가득한 무대와 음악을 즐기며 특별한 추억을 선사하는 낭만 공연,concert,concert,kopis,2026-10-18,,capital
KOPIS 공연예술통합전산망 | 서양음악(클래식),서양음악(클래식),비킹구르 올라프손 피아노 리사이틀,2026-11-01 ~ 2026-11-01,만 7세 이상,"서울 서초구 남부순환로 2406 (서초동) | 위도:37.4786896, 경도:127.01182410000001","R석 130,000원, S석 110,000원, A석 90,000원, B석 70,000원, C석 60,000원",서양음악(클래식) · 예술의전당 [서울] (콘서트홀) · 러닝타임 1시간 20분,http://ticket.interpark.com/Ticket/Goods/GoodsInfo.asp?GoodsCode=26010230,couple:1.0;date_spot:1.0;서양음악(클래식),2026-09-11 22:28:45,concert,,,🎵 감성 가득한 무대와 음악을 즐기며 특별한 추억을 선사하는 낭만 공연,concert,concert,kopis,2026-11-01,,capital
KOPIS 공연예술통합전산망 | 서양음악(클래식),서양음악(클래식),오성주 성가합창곡 연주회,2026-10-16 ~ 2026-10-16,만 14세 이상,"서울 영등포구 여의공원로 101 (여의도동) | 위도:37.5292309, 경도:126.92487210000002","VIP석 50,000원, R석 30,000원",서양음악(클래식) · 영산아트홀 (영산아트홀) · 러닝타임 1시간 30분,http://ticket.interpark.com/Ticket/Goods/GoodsInfo.asp?GoodsCode=26011058,couple:1.0;date_spot:1.0;서양음악(클래식),2026-09-11 22:28:45,concert,,,🎵 감성 가득한 무대와 음악을 즐기며 특별한 추억을 선사하는 낭만 공연,concert,concert,kopis,2026-10-16,,capital
KOPIS 공연예술통합전산망 | 서양음악(클래식),서양음악(클래식),"코리안 영 아티스트 시리즈 Ⅵ, 전채안 바이올린 리사이틀",2026-10-19 ~ 2026-10-19,만 7세 이상,"서울 중구 명동길 74 (명동2가) 명동성당 | 위도:37.563177, 경도:126.98736039999994","전석 20,000원",서양음악(클래식) · 명동대성당 (파밀리아 채플) · 러닝타임 1시간,http://ticket.interpark.com/Ticket/Goods/GoodsInfo.asp?GoodsCode=26010939,couple:1.0;date_spot:1.0;서양음악(클래식),2026-09-11 22:28:45,concert,,,🎵 감성 가득한 무대와 음악을 즐기며 특별한 추억을 선사하는 낭만 공연,concert,concert,kopis,2026-10-19,,capital
KOPIS 공연예술통합전산망 | 대중음악,대중음악,WALPURGISNACHT,2026-10-25 ~ 2026-10-25,전체 관람가,"서울 마포구 와우산로25길 6 (서교동) | 위도:37.553639, 경도:126.92614449999996","전석 50,000원, 현장판매 55,000원",대중음악 · 웨스트브릿지 라이브홀 (웨스트브릿지 라이브홀) · 러닝타임 2시간 30분,http://ticket.interpark.com/Ticket/Goods/GoodsInfo.asp?GoodsCode=26010990,couple:1.0;date_spot:1.0;대중음악,2026-09-11 22:28:45,concert,,,🎵 감성 가득한 무대와 음악을 즐기며 특별한 추억을 선사하는 낭만 공연,concert,concert,kopis,2026-10-25,,capital
KOPIS 공연예술통합전산망 | 서양음악(클래식),서양음악(클래식),목관앙상블과 함께하는 윈드 뮤지컬 콘서트 [인천],2026-10-24 ~ 2026-10-24,만 4세 이상,"인천 연수구 아트센터대로 222 (송도동) | 위도:37.39348409999999, 경도:126.63095859999999","전석 30,000원",서양음악(클래식) · 아트센터 인천 (다목적홀) · 러닝타임 1시간 40분,http://ticket.interpark.com/Ticket/Goods/GoodsInfo.asp?GoodsCode=26010935,couple:1.0;date_spot:1.0;서양음악(클래식),2026-09-11 22:28:45,concert,,,🎵 감성 가득한 무대와 음악을 즐기며 특별한 추억을 선사하는 낭만 공연,concert,concert,kopis,2026-10-24,,capital
KOPIS 공연예술통합전산망 | 복합,복합,"Creator's Box: 코드세시 & 64ksana, EN: TRANCE",2026-10-23 ~ 2026-10-25,만 11세 이상,"서울 강서구 마곡중앙로 136(마곡동) | 위도:37.565363, 경도:126.8293888","전석 30,000원",복합 · LG아트센터 서울 (U+ 스테이지) · 러닝타임 1시간 10분,https://www.lgart.com/product/performance/252973,couple:1.0;date_spot:1.0;복합,2026-09-11 22:28:45,concert,,,💑 연인과 함께 둘만의 소중한 주말 추억을 나누기 좋은 맞춤형 추천 장소,concert,concert,kopis,2026-10-25,,capital
KOPIS 공연예술통합전산망 | 서양음악(클래식),서양음악(클래식),"화성시 오케스트라 정기연주회, 마스터피스 시리즈 Ⅲ: 가을의 향기 [화성]",2026-10-31 ~ 2026-10-31,만 7세 이상,"경기 화성시 노작로 11-1 (오산동) | 위도:37.192637, 경도:127.086362","전석 10,000원",[프로그램] 라흐마니노프 - 피아노 협주곡 2번 브람스 - 교향곡 4번,http://ticket.interpark.com/Ticket/Goods/GoodsInfo.asp?GoodsCode=26010305,couple:1.0;date_spot:1.0;서양음악(클래식),2026-09-11 22:28:45,concert,,,🎵 감성 가득한 무대와 음악을 즐기며 특별한 추억을 선사하는 낭만 공연,concert,concert,kopis,2026-10-31,,capital
KOPIS 공연예술통합전산망 | 서양음악(클래식),서양음악(클래식),빈 필하모닉 내한공연,2026-10-25 ~ 2026-10-25,만 7세 이상,"서울 서초구 남부순환로 2406 (서초동) | 위도:37.4786896, 경도:127.01182410000001","R석 550,000원, S석 440,000원, A석 330,000원, B석 220,000원, C석 100,000원",서양음악(클래식) · 예술의전당 [서울] (콘서트홀) · 러닝타임 2시간,http://www.ticketlink.co.kr/product/63939,couple:1.0;date_spot:1.0;서양음악(클래식),2026-09-11 22:28:45,concert,,,🎵 감성 가득한 무대와 음악을 즐기며 특별한 추억을 선사하는 낭만 공연,concert,concert,kopis,2026-10-25,,capital
KOPIS 공연예술통합전산망 | 서양음악(클래식),서양음악(클래식),이원해 첼로 리사이틀,2026-10-18 ~ 2026-10-18,만 7세 이상,"서울 서초구 남부순환로 2406 (서초동) | 위도:37.4786896, 경도:127.01182410000001","R석 50,000원, S석 40,000원","[공연소개] 한국 실내악의 역사를 써 내려가는 세계적인 현악사중주단 노부스 콰르텟의 첼리스트 이원해와 제7회 일본 센다이 국제 음악 콩쿠르에서 우승하며 독보적인 음색으로 호평받는 피아니스트 최형록이 듀오로 두 번째 무대를 선보인다. 2024년 9월, 두 연주자는 낭만주의를 대표하는 세 작곡가 슈만, 쇼팽, 라흐마니노프의 작품으로 구성한 첼로 레퍼토리를 선보였다. 이번 무대에서 두 연주자는 클라라 슈만과 브람스의 작품을 통해 첼로와 피아노의 대화로 낭만주의의 정수를 선보인다. 첼리스트 이원해는 노부스 콰르텟의 멤버로 활동하며 베토벤 …",http://ticket.interpark.com/Ticket/Goods/GoodsInfo.asp?GoodsCode=26010623,couple:1.0;date_spot:1.0;서양음악(클래식),2026-09-11 22:28:45,concert,,,🎵 감성 가득한 무대와 음악을 즐기며 특별한 추억을 선사하는 낭만 공연,concert,concert,kopis,2026-10-18,,capital
KOPIS 공연예술통합전산망 | 대중음악,대중음악,씨야 20주년 전국 투어 콘서트: THE FAN [인천],2026-10-31 ~ 2026-10-31,만 7세 이상,"인천 남동구 소래로 500 (수산동) | 위도:37.4347246, 경도:126.7335991","R석 154,000원, S석 132,000원, A석 110,000원",대중음악 · 인천남동체육관 (인천남동체육관) · 러닝타임 2시간,https://booking.naver.com/booking/12/bizes/1703808,couple:1.0;date_spot:1.0;대중음악,2026-09-11 22:28:45,concert,,,🎵 감성 가득한 무대와 음악을 즐기며 특별한 추억을 선사하는 낭만 공연,concert,concert,kopis,2026-10-31,,capital
KOPIS 공연예술통합전산망 | 연극,연극,유원 [인천],2026-10-22 ~ 2026-10-24,만 11세 이상,"인천 부평구 아트센터로 166 (십정동) | 위도:37.4819229, 경도:126.7049151","전석 25,000원",연극 · 부평아트센터 (해누리극장) · 러닝타임 1시간 45분,http://ticket.interpark.com/Ticket/Goods/GoodsInfo.asp?GoodsCode=26010543,couple:1.0;date_spot:1.0;연극,2026-09-11 22:28:45,concert,,,🎵 감성 가득한 무대와 음악을 즐기며 특별한 추억을 선사하는 낭만 공연,concert,concert,kopis,2026-10-24,,capital
KOPIS 공연예술통합전산망 | 한국음악(국악),한국음악(국악),김수인: 현을 타다 [수원],2026-10-17 ~ 2026-10-17,만 7세 이상,"경기 수원시 팔달구 정조로 817 (팔달로1가) | 위도:37.2810212, 경도:127.0162158","전석 20,000원",한국음악(국악) · 정조테마공연장 (정조테마공연장) · 러닝타임 1시간 10분,http://ticket.interpark.com/Ticket/Goods/GoodsInfo.asp?GoodsCode=26010093,couple:1.0;date_spot:1.0;한국음악(국악),2026-09-11 22:28:45,concert,,,🎵 감성 가득한 무대와 음악을 즐기며 특별한 추억을 선사하는 낭만 공연,concert,concert,kopis,2026-10-17,,capital
KOPIS 공연예술통합전산망 | 대중음악,대중음악,ano LIVE [서울],2026-10-17 ~ 2026-10-18,만 7세 이상,"서울 용산구 이태원로 294 (한남동) | 위도:37.5408717, 경도:127.00244010000006","전석 138,000원",대중음악 · 블루스퀘어 (우리WON뱅킹홀(구. SOL트래블홀) ) · 러닝타임 1시간 30분,http://ticket.interpark.com/Ticket/Goods/GoodsInfo.asp?GoodsCode=26010474,couple:1.0;date_spot:1.0;대중음악,2026-09-11 22:28:45,concert,,,🎵 감성 가득한 무대와 음악을 즐기며 특별한 추억을 선사하는 낭만 공연,concert,concert,kopis,2026-10-18,,capital
KOPIS 공연예술통합전산망 | 서양음악(클래식),서양음악(클래식),기아와 함께하는 파보 예르비 & 에스토니안 페스티벌 오케스트라,2026-10-20 ~ 2026-10-20,만 7세 이상,"서울 서초구 남부순환로 2406 (서초동) | 위도:37.4786896, 경도:127.01182410000001","R석 220,000원, S석 160,000원, A석 100,000원, B석 70,000원",서양음악(클래식) · 예술의전당 [서울] (콘서트홀) · 러닝타임 2시간,http://ticket.interpark.com/Ticket/Goods/GoodsInfo.asp?GoodsCode=26010276,couple:1.0;date_spot:1.0;서양음악(클래식),2026-09-11 22:28:45,concert,,,🎵 감성 가득한 무대와 음악을 즐기며 특별한 추억을 선사하는 낭만 공연,concert,concert,kopis,2026-10-20,,capital
KOPIS 공연예술통합전산망 | 서양음악(클래식),서양음악(클래식),제7회 뷔에르 앙상블 정기연주회,2026-10-24 ~ 2026-10-24,만 7세 이상,"서울 서초구 남부순환로 2406 (서초동) | 위도:37.4786896, 경도:127.01182410000001","R석 50,000원, S석 40,000원","[공연소개] 다섯 색의 숨결, 하나의 그림 - 뷔에르 앙상블이 그리는 〈전람회의 그림〉 목관의 숨결은 어디까지 새로운 음악적 영토를 펼쳐 보일 수 있을까. 데뷔 13년 차를 맞은 뷔에르 앙상블의 일곱 번째 여정은 그 질문에 대한 깊은 탐색에서 시작된다. 국내 목관 실내악의 지평을 넓히고자 하는 단단한 사명감으로 묵묵히 자신들만의 레퍼토리를 쌓아온 이들이 이번에 마주한 이들은 모차르트와 드보르작, 그리고 무소륵스키다. 고전주의의 정점을 이룬 천재에서 민족적 정체성을 음악으로 빚어낸 국민악파의 거장들에 이르기까지, 서로 다른 시대의 세…",http://ticket.interpark.com/Ticket/Goods/GoodsInfo.asp?GoodsCode=26010512,couple:1.0;date_spot:1.0;서양음악(클래식),2026-09-11 22:28:45,concert,,,🎵 감성 가득한 무대와 음악을 즐기며 특별한 추억을 선사하는 낭만 공연,concert,concert,kopis,2026-10-24,,capital
KOPIS 공연예술통합전산망 | 한국음악(국악),한국음악(국악),장단의 재배치1: 수궁 [수원],2026-10-24 ~ 2026-10-24,만 4세 이상,"경기 수원시 팔달구 정조로 817 (팔달로1가) | 위도:37.2810212, 경도:127.0162158","전석 10,000원",한국음악(국악) · 정조테마공연장 (정조테마공연장) · 러닝타임 1시간,http://ticket.interpark.com/Ticket/Goods/GoodsInfo.asp?GoodsCode=26010084,couple:1.0;date_spot:1.0;한국음악(국악),2026-09-11 22:28:45,concert,,,🎵 감성 가득한 무대와 음악을 즐기며 특별한 추억을 선사하는 낭만 공연,concert,concert,kopis,2026-10-24,,capital
KOPIS 공연예술통합전산망 | 서양음악(클래식),서양음악(클래식),프레디 켐프: 쇼팽 피아노 협주곡,2026-10-14 ~ 2026-10-14,만 7세 이상,"서울 서초구 남부순환로 2406 (서초동) | 위도:37.4786896, 경도:127.01182410000001","R석 150,000원, S석 120,000원, A석 80,000원, B석 50,000원",서양음악(클래식) · 예술의전당 [서울] (콘서트홀) · 러닝타임 2시간,http://ticket.interpark.com/Ticket/Goods/GoodsInfo.asp?GoodsCode=26010485,couple:1.0;date_spot:1.0;서양음악(클래식),2026-09-11 22:28:45,concert,,,🎵 감성 가득한 무대와 음악을 즐기며 특별한 추억을 선사하는 낭만 공연,concert,concert,kopis,2026-10-14,,capital
KOPIS 공연예술통합전산망 | 대중음악,대중음악,벤슨 분 내한공연,2026-10-26 ~ 2026-10-26,전체 관람가,"경기 고양시 일산서구 킨텍스로 217-60 (대화동) | 위도:37.6693071, 경도:126.74568449999992","스탠딩 145,000원, 지정석 178,000원",대중음악 · 킨텍스 (제2전시장 10홀),http://ticket.interpark.com/Ticket/Goods/GoodsInfo.asp?GoodsCode=26010154,couple:1.0;date_spot:1.0;대중음악,2026-09-11 22:28:45,concert,,,🎵 감성 가득한 무대와 음악을 즐기며 특별한 추억을 선사하는 낭만 공연,concert,concert,kopis,2026-10-26,,capital
KOPIS 공연예술통합전산망 | 대중음악,대중음악,"Touche Amore, Stage Four 10 Year Anniversary [서울]",2026-11-07 ~ 2026-11-07,만 11세 이상,"서울 마포구 잔다리로 32(서교동) | 위도:37.5515788, 경도:126.9198284","스탠딩 88,000원",대중음악 · 무신사 개러지 (구. 왓챠홀) (무신사 개러지 (구. 왓챠홀) ) · 러닝타임 1시간 30분,https://ticket.29cm.co.kr/catalog/4081030,couple:1.0;date_spot:1.0;대중음악,2026-09-11 22:28:45,concert,,,🎵 감성 가득한 무대와 음악을 즐기며 특별한 추억을 선사하는 낭만 공연,concert,concert,kopis,2026-11-07,,capital
KOPIS 공연예술통합전산망 | 서양음악(클래식),서양음악(클래식),"스테이지M 시네마 시리즈, 우리가 사랑한 시네마 뮤직 콘서트 [부천]",2026-11-07 ~ 2026-11-07,만 3세 이상,"경기 부천시 소향로 165(중동) | 위도:37.5021641, 경도:126.7663981","전석 40,000원",서양음악(클래식) · 부천아트센터 (소공연장) · 러닝타임 1시간 30분,http://www.ticketlink.co.kr/product/64294,couple:1.0;date_spot:1.0;서양음악(클래식),2026-09-11 22:28:45,concert,,,🎵 감성 가득한 무대와 음악을 즐기며 특별한 추억을 선사하는 낭만 공연,concert,concert,kopis,2026-11-07,,capital
KOPIS 공연예술통합전산망 | 서양음악(클래식),서양음악(클래식),스미노 하야토 피아노 리사이틀,2026-10-29 ~ 2026-10-29,만 7세 이상,"서울 송파구 올림픽로 300 (신천동) 롯데월드몰 8층 롯데문화재단 | 위도:37.5130605, 경도:127.10349500000007","R석 110,000원, S석 90,000원, A석 70,000원, B석 50,000원, 시야방해R 88,000원, 시야방해S 72,000원, 시야방해A 56,000원, 시야방해B 40,000원",서양음악(클래식) · 롯데콘서트홀 (롯데콘서트홀) · 러닝타임 2시간,https://tickets.interpark.com/goods/26010122,couple:1.0;date_spot:1.0;서양음악(클래식),2026-09-11 22:28:45,concert,,,🎵 감성 가득한 무대와 음악을 즐기며 특별한 추억을 선사하는 낭만 공연,concert,concert,kopis,2026-10-29,,capital
KOPIS 공연예술통합전산망 | 대중음악,대중음악,"Spot the GIG by Wanderloch, Michael Mayo 마이클 마요",2026-10-17 ~ 2026-10-17,만 7세 이상,"서울 서대문구 신촌로 129 (창천동) | 위도:37.5565639, 경도:126.9403281","전석 99,000원",대중음악 · 예스24 원더로크홀 (예스24 원더로크홀) · 러닝타임 1시간 30분,https://ticket.yes24.com/Perf/59269,couple:1.0;date_spot:1.0;대중음악,2026-09-11 22:28:45,concert,,,🎵 감성 가득한 무대와 음악을 즐기며 특별한 추억을 선사하는 낭만 공연,concert,concert,kopis,2026-10-17,,capital
KOPIS 공연예술통합전산망 | 서양음악(클래식),서양음악(클래식),아레테 콰르텟 바르톡 현악 사중주 전곡 연주2,2026-10-30 ~ 2026-10-30,만 7세 이상,"서울 서초구 남부순환로 2406 (서초동) | 위도:37.4786896, 경도:127.01182410000001","R석 55,000원, S석 33,000원","[PROGRAM] 벨라 바르톡 Bela Bartok(1881~1945) 현악사중주 제2번 String Quartet No. 2, BB 75, Op. 17, Sz. 67 현악사중주 제4번 String Quartet No. 4, BB 95, Sz.91 현악사중주 제6번 String Quartet No. 6, BB 119, Sz.114",http://ticket.interpark.com/Ticket/Goods/GoodsInfo.asp?GoodsCode=26009965,couple:1.0;date_spot:1.0;서양음악(클래식),2026-09-11 22:28:45,concert,,,🎵 감성 가득한 무대와 음악을 즐기며 특별한 추억을 선사하는 낭만 공연,concert,concert,kopis,2026-10-30,,capital
KOPIS 공연예술통합전산망 | 서양음악(클래식),서양음악(클래식),아레테 콰르텟 바르톡 현악사중주 전곡연주1,2026-10-29 ~ 2026-10-29,만 7세 이상,"서울 서초구 남부순환로 2406 (서초동) | 위도:37.4786896, 경도:127.01182410000001","R석 55,000원, S석 33,000원","[공연소개] 2026년 10월 29일 목요일 오후 7시 30분, 예술의전당 IBK기업은행챔버홀 아레테 콰르텟 바르톡 현악사중주 전곡연주1: 아트실비아 위너스 시리즈 20세기 실내악의 정점, 바르톡 현악사중주 전곡 연주 세계무대를 사로잡은 ‘아레테 콰르텟‘이 내딛는 가장 치열하고 뜨거운 발걸음 2024년 아트실비아 실내악 오디션에서 우승을 거머쥔 이후, 2025년 밴프 국제 현악사중주 콩쿠르 한국인 최초로 본선 진출 및 준우승이라는 경이로운 기록을 세우며 세계 실내악계의 중심에 우뚝 선 아레테 콰르텟이 바르톡 현악사중주 전곡 연주에 …",http://ticket.interpark.com/Ticket/Goods/GoodsInfo.asp?GoodsCode=26009964,couple:1.0;date_spot:1.0;서양음악(클래식),2026-09-11 22:28:45,concert,,,🎵 감성 가득한 무대와 음악을 즐기며 특별한 추억을 선사하는 낭만 공연,concert,concert,kopis,2026-10-29,,capital
KOPIS 공연예술통합전산망 | 연극,연극,"SPAF, 문라이트 오키나와",2026-10-23 ~ 2026-10-25,만 11세 이상,"서울 중구 장충단로 59 (장충동2가) | 위도:37.5523153, 경도:126.99963600000001","전석 40,000원",연극 · 국립극장 (하늘극장) · 러닝타임 2시간 15분,https://www.ntok.go.kr/ntok/pm/prfmng/performanceDetail.do?mi=21008&perfId=267204,couple:1.0;date_spot:1.0;연극,2026-09-11 22:28:45,concert,,,🎵 감성 가득한 무대와 음악을 즐기며 특별한 추억을 선사하는 낭만 공연,concert,concert,kopis,2026-10-25,,capital
KOPIS 공연예술통합전산망 | 대중음악,대중음악,씨야 20주년 전국 투어 콘서트: THE FAN [수원],2026-10-17 ~ 2026-10-17,만 7세 이상,"경기 용인시 기흥구 덕영대로 1732 (서천동) | 위도:37.2449102, 경도:127.0789628","VIP석 154,000원, R석 132,000원, S석 110,000원",대중음악 · 경희대학교 (선승관(종합체육관)) · 러닝타임 2시간,https://booking.naver.com/booking/12/bizes/1695726,couple:1.0;date_spot:1.0;대중음악,2026-09-11 22:28:45,concert,,,🎵 감성 가득한 무대와 음악을 즐기며 특별한 추억을 선사하는 낭만 공연,concert,concert,kopis,2026-10-17,,capital
KOPIS 공연예술통합전산망 | 한국음악(국악),한국음악(국악),"국립창극단, 창극 작가 프로젝트 시연회",2026-11-07 ~ 2026-11-08,만 7세 이상,"서울 중구 장충단로 59 (장충동2가) | 위도:37.5523153, 경도:126.99963600000001","전석 20,000원",한국음악(국악) · 국립극장 (하늘극장) · 러닝타임 2시간 15분,https://www.ntok.go.kr/ntok/pm/prfmng/performanceDetail.do?mi=21008&perfId=267166,couple:1.0;date_spot:1.0;한국음악(국악),2026-09-11 22:28:45,concert,,,🎵 감성 가득한 무대와 음악을 즐기며 특별한 추억을 선사하는 낭만 공연,concert,concert,kopis,2026-11-08,,capital
KOPIS 공연예술통합전산망 | 한국음악(국악),한국음악(국악),"국립 국악 관현악단, 정오의 음악회 (10월)",2026-10-15 ~ 2026-10-15,만 7세 이상,"서울 중구 장충단로 59 (장충동2가) | 위도:37.5523153, 경도:126.99963600000001","R석 30,000원, S석 20,000원",한국음악(국악) · 국립극장 (해오름극장) · 러닝타임 1시간 10분,https://www.ntok.go.kr/ntok/pm/prfmng/performanceDetail.do?mi=21008&perfId=267142,couple:1.0;date_spot:1.0;한국음악(국악),2026-09-11 22:28:45,concert,,,🎵 감성 가득한 무대와 음악을 즐기며 특별한 추억을 선사하는 낭만 공연,concert,concert,kopis,2026-10-15,,capital
KOPIS 공연예술통합전산망 | 무용(서양/한국무용),무용(서양/한국무용),"국립무용단, 안무가 프로젝트",2026-11-06 ~ 2026-11-08,만 7세 이상,"서울 중구 장충단로 59 (장충동2가) | 위도:37.5523153, 경도:126.99963600000001","R석 40,000원, S석 30,000원",무용(서양/한국무용) · 국립극장 (달오름극장) · 러닝타임 1시간 40분,https://www.ntok.go.kr/dance/pm/prfmng/performanceDetail.do?perfId=267173&mi=21205,couple:1.0;date_spot:1.0;무용(서양/한국무용),2026-09-11 22:28:45,concert,,,💑 연인과 함께 둘만의 소중한 주말 추억을 나누기 좋은 맞춤형 추천 장소,concert,concert,kopis,2026-11-08,,capital
KOPIS 공연예술통합전산망 | 한국음악(국악),한국음악(국악),"국립창극단, 완창판소리 (10월)",2026-10-24 ~ 2026-10-24,만 7세 이상,"서울 중구 장충단로 59 (장충동2가) | 위도:37.5523153, 경도:126.99963600000001","전석 20,000원",한국음악(국악) · 국립극장 (달오름극장) · 러닝타임 3시간 30분,https://www.ntok.go.kr/ntok/pm/prfmng/performanceDetail.do?perfId=267150&mi=21008,couple:1.0;date_spot:1.0;한국음악(국악),2026-09-11 22:28:45,concert,,,🎵 감성 가득한 무대와 음악을 즐기며 특별한 추억을 선사하는 낭만 공연,concert,concert,kopis,2026-10-24,,capital
KOPIS 공연예술통합전산망 | 한국음악(국악),한국음악(국악),"SNU공연예술센터 바른노래프로젝트, 바른노래: 머무는 빛",2026-10-28 ~ 2026-10-28,만 7세 이상,"서울 중구 장충단로 59 (장충동2가) | 위도:37.5523153, 경도:126.99963600000001","전석 30,000원","[공연소개] “강물처럼 노래해야 한다.” 끊임없이 흔들리고 부서지지만, 멀리서 바라보면 하나의 고요한 흐름으로 존재하는 강물처럼, 노래를 부르는 이의 소리도 그러하다. 2025년부터 시작된 바른노래 프로젝트가 처음으로 관객과 만나는 자리. 기존의 창작곡들과 새로 만들어진 음악, 그리고 시들이 하나의 서사로 엮이는 융복합적인 공연이다. 조선시대 오리 이원익의 시조부터 박목월 시인의 1940년대 시, 나아가 젊은 창작자들이 만들어낸 작품들이 국립극장 하늘극장에서 만난다. 쉼 없이 흐르는 강물과 같은 우리의 시와 음악이 한국을 넘어 세계…",https://www.ntok.go.kr/ntok/pm/prfmng/performanceDetail.do?mi=21008&perfId=267156,couple:1.0;date_spot:1.0;한국음악(국악),2026-09-11 22:28:45,concert,,,🎵 감성 가득한 무대와 음악을 즐기며 특별한 추억을 선사하는 낭만 공연,concert,concert,kopis,2026-10-28,,capital
KOPIS 공연예술통합전산망 | 무용(서양/한국무용),무용(서양/한국무용),대한민국 전통춤 축제,2026-10-23 ~ 2026-10-25,만 7세 이상,"서울 중구 장충단로 59 (장충동2가) | 위도:37.5523153, 경도:126.99963600000001","R석 20,000원, S석 10,000원",무용(서양/한국무용) · 국립극장 (해오름극장) · 러닝타임 1시간 10분,https://www.ntok.go.kr/ntok/pm/prfmng/performanceDetail.do?mi=21008&perfId=267177,couple:1.0;date_spot:1.0;무용(서양/한국무용),2026-09-11 22:28:45,concert,,,💑 연인과 함께 둘만의 소중한 주말 추억을 나누기 좋은 맞춤형 추천 장소,concert,concert,kopis,2026-10-25,,capital
KOPIS 공연예술통합전산망 | 대중음악,대중음악,MEIYO DENSETSU 1st ONEMAN TOUR,2026-11-06 ~ 2026-11-06,만 7세 이상,"서울 마포구 어울마당로 65 (서교동) | 위도:37.550925, 경도:126.92114200000003","전석 88,000원",대중음악 · KT&G 상상마당 라이브홀 [마포] (KT&G 상상마당 라이브홀 [마포] ) · 러닝타임 1시간 15분,https://ticket.melon.com/performance/index.htm?prodId=213518,couple:1.0;date_spot:1.0;대중음악,2026-09-11 22:28:45,concert,,,🎵 감성 가득한 무대와 음악을 즐기며 특별한 추억을 선사하는 낭만 공연,concert,concert,kopis,2026-11-06,,capital
KOPIS 공연예술통합전산망 | 대중음악,대중음악,"NOL FESTIVAL: DAY 2, SUPER LIVE STAGE",2026-10-18 ~ 2026-10-18,만 15세 이상,"경기 고양시 일산서구 킨텍스로 217-60 (대화동) | 위도:37.6693071, 경도:126.74568449999992",전석무료,대중음악 · 킨텍스 (제2전시장 9홀) · 러닝타임 9시간,http://ticket.interpark.com/Ticket/Goods/GoodsInfo.asp?GoodsCode=26007655,couple:1.0;date_spot:1.0;대중음악,2026-09-11 22:28:45,concert,,,🎵 감성 가득한 무대와 음악을 즐기며 특별한 추억을 선사하는 낭만 공연,concert,concert,kopis,2026-10-18,,capital
KOPIS 공연예술통합전산망 | 대중음악,대중음악,"NOL FESTIVAL: DAY 2, K-POP STAGE",2026-10-18 ~ 2026-10-18,만 15세 이상,"경기 고양시 일산서구 킨텍스로 217-60 (대화동) | 위도:37.6693071, 경도:126.74568449999992",전석무료,대중음악 · 킨텍스 (제2전시장 7홀) · 러닝타임 6시간,http://ticket.interpark.com/Ticket/Goods/GoodsInfo.asp?GoodsCode=26007654,couple:1.0;date_spot:1.0;대중음악,2026-09-11 22:28:45,concert,,,🎵 감성 가득한 무대와 음악을 즐기며 특별한 추억을 선사하는 낭만 공연,concert,concert,kopis,2026-10-18,,capital
KOPIS 공연예술통합전산망 | 대중음악,대중음악,"NOL FESTIVAL: DAY 1, SUPER LIVE STAGE",2026-10-17 ~ 2026-10-17,만 15세 이상,"경기 고양시 일산서구 킨텍스로 217-60 (대화동) | 위도:37.6693071, 경도:126.74568449999992",전석무료,대중음악 · 킨텍스 (제2전시장 9홀) · 러닝타임 9시간,http://ticket.interpark.com/Ticket/Goods/GoodsInfo.asp?GoodsCode=26007652,couple:1.0;date_spot:1.0;대중음악,2026-09-11 22:28:45,concert,,,🎵 감성 가득한 무대와 음악을 즐기며 특별한 추억을 선사하는 낭만 공연,concert,concert,kopis,2026-10-17,,capital
KOPIS 공연예술통합전산망 | 대중음악,대중음악,"NOL FESTIVAL: DAY 1, K-POP STAGE",2026-10-17 ~ 2026-10-17,만 15세 이상,"경기 고양시 일산서구 킨텍스로 217-60 (대화동) | 위도:37.6693071, 경도:126.74568449999992",전석무료,대중음악 · 킨텍스 (제2전시장 7홀) · 러닝타임 5시간,http://ticket.interpark.com/Ticket/Goods/GoodsInfo.asp?GoodsCode=26007651,couple:1.0;date_spot:1.0;대중음악,2026-09-11 22:28:45,concert,,,🎵 감성 가득한 무대와 음악을 즐기며 특별한 추억을 선사하는 낭만 공연,concert,concert,kopis,2026-10-17,,capital
KOPIS 공연예술통합전산망 | 대중음악,대중음악,"NOL FESTIVAL: DAY 1, EDM STAGE",2026-10-17 ~ 2026-10-17,만 19세 이상,"경기 고양시 일산서구 킨텍스로 217-60 (대화동) | 위도:37.6693071, 경도:126.74568449999992",전석무료,대중음악 · 킨텍스 (제2전시장 10홀) · 러닝타임 8시간,http://ticket.interpark.com/Ticket/Goods/GoodsInfo.asp?GoodsCode=26007653,couple:1.0;date_spot:1.0;대중음악,2026-09-11 22:28:45,concert,,,🎵 감성 가득한 무대와 음악을 즐기며 특별한 추억을 선사하는 낭만 공연,concert,concert,kopis,2026-10-17,,capital
KOPIS 공연예술통합전산망 | 서양음악(클래식),서양음악(클래식),"제11회 M 클래식 축제, 김도현 x 이수빈 듀오 리사이틀",2026-10-22 ~ 2026-10-22,만 7세 이상,"서울 마포구 대흥로20길 28 (대흥동) | 위도:37.5499054542971, 경도:126.945526907783","R석 30,000원, S석 20,000원",서양음악(클래식) · 마포아트센터 (아트홀맥) · 러닝타임 1시간 40분,http://ticket.interpark.com/Ticket/Goods/GoodsInfo.asp?GoodsCode=26009690,couple:1.0;date_spot:1.0;서양음악(클래식),2026-09-11 22:28:45,concert,,,🎵 감성 가득한 무대와 음악을 즐기며 특별한 추억을 선사하는 낭만 공연,concert,concert,kopis,2026-10-22,,capital
KOPIS 공연예술통합전산망 | 서양음악(클래식),서양음악(클래식),"제11회 M클래식 축제, 양성원 X 이지윤 X 이수민 X 엔리코 파체 실내악 콘서트: 하나의 울림",2026-10-14 ~ 2026-10-14,만 7세 이상,"서울 마포구 대흥로20길 28 (대흥동) | 위도:37.5499054542971, 경도:126.945526907783","R석 30,000원, S석 20,000원",서양음악(클래식) · 마포아트센터 (아트홀맥) · 러닝타임 2시간,http://ticket.interpark.com/Ticket/Goods/GoodsInfo.asp?GoodsCode=26009691,couple:1.0;date_spot:1.0;서양음악(클래식),2026-09-11 22:28:45,concert,,,🎵 감성 가득한 무대와 음악을 즐기며 특별한 추억을 선사하는 낭만 공연,concert,concert,kopis,2026-10-14,,capital
KOPIS 공연예술통합전산망 | 서양음악(클래식),서양음악(클래식),"제11회 M클래식 축제, 뮤라벨 콘서트",2026-10-28 ~ 2026-10-28,만 7세 이상,"서울 마포구 대흥로20길 28 (대흥동) | 위도:37.5499054542971, 경도:126.945526907783","전석 20,000원",서양음악(클래식) · 마포아트센터 (플레이맥) · 러닝타임 1시간 40분,http://ticket.interpark.com/Ticket/Goods/GoodsInfo.asp?GoodsCode=26009710,couple:1.0;date_spot:1.0;서양음악(클래식),2026-09-11 22:28:45,concert,,,🎵 감성 가득한 무대와 음악을 즐기며 특별한 추억을 선사하는 낭만 공연,concert,concert,kopis,2026-10-28,,capital
KOPIS 공연예술통합전산망 | 서양음악(클래식),서양음악(클래식),"제11회 M클래식 축제, 전수진의 피아니즘",2026-10-27 ~ 2026-10-27,만 7세 이상,"서울 마포구 대흥로20길 28 (대흥동) | 위도:37.5499054542971, 경도:126.945526907783","전석 20,000원",서양음악(클래식) · 마포아트센터 (플레이맥) · 러닝타임 1시간 30분,http://ticket.interpark.com/Ticket/Goods/GoodsInfo.asp?GoodsCode=26009714,couple:1.0;date_spot:1.0;서양음악(클래식),2026-09-11 22:28:45,concert,,,🎵 감성 가득한 무대와 음악을 즐기며 특별한 추억을 선사하는 낭만 공연,concert,concert,kopis,2026-10-27,,capital
KOPIS 공연예술통합전산망 | 대중음악,대중음악,"인디스커버리: FESTA, TRACK 02",2026-10-17 ~ 2026-10-17,만 7세 이상,"서울 마포구 대흥로20길 28 (대흥동) | 위도:37.5499054542971, 경도:126.945526907783","R석 66,000원, S석 55,000원, 시야방해석 33,000원",대중음악 · 마포아트센터 (아트홀맥) · 러닝타임 2시간,http://ticket.interpark.com/Ticket/Goods/GoodsInfo.asp?GoodsCode=26009350,couple:1.0;date_spot:1.0;대중음악,2026-09-11 22:28:45,concert,,,🎵 감성 가득한 무대와 음악을 즐기며 특별한 추억을 선사하는 낭만 공연,concert,concert,kopis,2026-10-17,,capital
KOPIS 공연예술통합전산망 | 대중음악,대중음악,"인디스커버리: FESTA, TRACK 01",2026-10-16 ~ 2026-10-16,만 7세 이상,"서울 마포구 대흥로20길 28 (대흥동) | 위도:37.5499054542971, 경도:126.945526907783","R석 66,000원, S석 55,000원, 시야방해석 33,000원",대중음악 · 마포아트센터 (아트홀맥) · 러닝타임 2시간,http://ticket.interpark.com/Ticket/Goods/GoodsInfo.asp?GoodsCode=26009349,couple:1.0;date_spot:1.0;대중음악,2026-09-11 22:28:45,concert,,,🎵 감성 가득한 무대와 음악을 즐기며 특별한 추억을 선사하는 낭만 공연,concert,concert,kopis,2026-10-16,,capital
KOPIS 공연예술통합전산망 | 복합,복합,"제5회 고3형민 신곡 발표회 및 국악 공연, 풋풋쇼: Fresh Show",2026-11-05 ~ 2026-11-05,전체 관람가,"서울 마포구 어울마당로 35 (서교동) 지하 1층 | 위도:37.5484417, 경도:126.92010579999999","전석 30,000원",복합 · 롤링홀 (롤링홀) · 러닝타임 1시간,http://ticket.interpark.com/Ticket/Goods/GoodsInfo.asp?GoodsCode=26009516,couple:1.0;date_spot:1.0;복합,2026-09-11 22:28:45,concert,,,💑 연인과 함께 둘만의 소중한 주말 추억을 나누기 좋은 맞춤형 추천 장소,concert,concert,kopis,2026-11-05,,capital
KOPIS 공연예술통합전산망 | 대중음악,대중음악,HARAKIRI FOR THE SKY LIVE IN SEOUL,2026-10-29 ~ 2026-10-29,만 15세 이상,"서울 양천구 등촌로 36 (목동) | 위도:37.5331993, 경도:126.8639849","VIP석 90,000원, 현장판매 77,000원, 사전예약 66,000원, 얼리버드 55,000원","[공연소개] 우울함을 예술로 승화시킨 사운드. 우울하고 서정적인 멜로디와 처절한 스크리밍,몽환적인 슈게이즈와 감성적인 포스트 록이 만나다. 절망과 상실, 죽음과 고독을 노래하는 오스트리아 포스트 블랙 메탈의 정점,",http://ticket.interpark.com/Ticket/Goods/GoodsInfo.asp?GoodsCode=26009347,couple:1.0;date_spot:1.0;대중음악,2026-09-11 22:28:45,concert,,,🎵 감성 가득한 무대와 음악을 즐기며 특별한 추억을 선사하는 낭만 공연,concert,concert,kopis,2026-10-29,,capital
KOPIS 공연예술통합전산망 | 대중음악,대중음악,Regallily Asia Tour: Dawn [서울],2026-11-07 ~ 2026-11-07,전체 관람가,"서울 마포구 어울마당로 65 (서교동) | 위도:37.550925, 경도:126.92114200000003","전석 88,000원",대중음악 · KT&G 상상마당 라이브홀 [마포] (KT&G 상상마당 라이브홀 [마포] ) · 러닝타임 1시간 30분,https://ticket.yes24.com/Perf/59001,couple:1.0;date_spot:1.0;대중음악,2026-09-11 22:28:45,concert,,,🎵 감성 가득한 무대와 음악을 즐기며 특별한 추억을 선사하는 낭만 공연,concert,concert,kopis,2026-11-07,,capital
KOPIS 공연예술통합전산망 | 대중음악,대중음악,폴 길버트 내한공연 Paul Gilbert WROC World Tour,2026-10-18 ~ 2026-10-18,만 7세 이상,"서울 마포구 잔다리로 32(서교동) | 위도:37.5515788, 경도:126.9198284","전석 110,000원",대중음악 · 무신사 개러지 (구. 왓챠홀) (무신사 개러지 (구. 왓챠홀) ),https://ticket.29cm.co.kr/catalog/4052575,couple:1.0;date_spot:1.0;대중음악,2026-09-11 22:28:45,concert,,,🎵 감성 가득한 무대와 음악을 즐기며 특별한 추억을 선사하는 낭만 공연,concert,concert,kopis,2026-10-18,,capital
KOPIS 공연예술통합전산망 | 복합,복합,"살롱 드 아트리움 시즌Ⅵ. 김홍도: 단원, 조선을 그리다 (10월) [수원]",2026-10-24 ~ 2026-10-24,만 7세 이상,"경기 수원시 장안구 이목로 24-25 (정자동) | 위도:37.3096379, 경도:126.98655699999995","R석 40,000원, S석 20,000원",복합 · 수원SK아트리움 (대공연장) · 러닝타임 1시간 20분,http://ticket.interpark.com/Ticket/Goods/GoodsInfo.asp?GoodsCode=26009160,couple:1.0;date_spot:1.0;복합,2026-09-11 22:28:45,concert,,,💑 연인과 함께 둘만의 소중한 주말 추억을 나누기 좋은 맞춤형 추천 장소,concert,concert,kopis,2026-10-24,,capital
KOPIS 공연예술통합전산망 | 서양음악(클래식),서양음악(클래식),"일리야 라쉬코프스키, 라흐마니노프 3개의 피아노 협주곡 [부천]",2026-10-27 ~ 2026-10-27,만 7세 이상,"경기 부천시 소향로 165(중동) | 위도:37.5021641, 경도:126.7663981","VIP석 120,000원, R석 90,000원, S석 70,000원, A석 50,000원",서양음악(클래식) · 부천아트센터 (콘서트홀) · 러닝타임 2시간 30분,http://ticket.interpark.com/Ticket/Goods/GoodsInfo.asp?GoodsCode=26009063,couple:1.0;date_spot:1.0;서양음악(클래식),2026-09-11 22:28:45,concert,,,🎵 감성 가득한 무대와 음악을 즐기며 특별한 추억을 선사하는 낭만 공연,concert,concert,kopis,2026-10-27,,capital
KOPIS 공연예술통합전산망 | 뮤지컬,뮤지컬,바람으로의 여행,2026-11-06 ~ 2027-01-10,만 7세 이상,"서울 종로구 대학로8가길 80(동숭동) | 위도:37.5824773, 경도:127.003268","전석 50,000원",뮤지컬 · 스튜디오 블루 (스튜디오 블루) · 러닝타임 2시간 5분,https://booking.naver.com/booking/12/bizes/590324,couple:1.0;date_spot:1.0;뮤지컬,2026-09-11 22:28:45,concert,,,🎵 감성 가득한 무대와 음악을 즐기며 특별한 추억을 선사하는 낭만 공연,concert,concert,kopis,2027-01-10,,capital
KOPIS 공연예술통합전산망 | 서양음악(클래식),서양음악(클래식),유카페카 사라스테 & 헬싱키 필하모닉 오케스트라,2026-10-22 ~ 2026-10-22,만 7세 이상,"서울 송파구 올림픽로 300 (신천동) 롯데월드몰 8층 롯데문화재단 | 위도:37.5130605, 경도:127.10349500000007","R석 280,000원, S석 220,000원, A석 180,000원, B석 110,000원, C석 60,000원, 시야방해R 196,000원, 시야방해S 154,000원, 시야방해A 126,000원, 시야방해B 77,000원",서양음악(클래식) · 롯데콘서트홀 (롯데콘서트홀) · 러닝타임 2시간,http://www.ticketlink.co.kr/product/63680,couple:1.0;date_spot:1.0;서양음악(클래식),2026-09-11 22:28:45,concert,,,🎵 감성 가득한 무대와 음악을 즐기며 특별한 추억을 선사하는 낭만 공연,concert,concert,kopis,2026-10-22,,capital
KOPIS 공연예술통합전산망 | 대중음악,대중음악,조슈아 레드먼 쿼텟 내한공연 [서울],2026-10-23 ~ 2026-10-23,만 8세 이상,"서울 서대문구 연세로 50 (신촌동) | 위도:37.5620902, 경도:126.93805689999999","VIP석 140,000원, R석 120,000원, S석 90,000원, A석 70,000원","[공연소개] 조슈아 레드먼!, 12년 만에 쿼텟으로 귀환하다 전설과 미래가 만나는 특별한 밤 세계적인 색소포니스트 조슈아 레드먼(Joshua Redman)이 이끄는 조슈아 레드먼 쿼텟이 오는 2026년 10월 23일(금) 오후 7시 30분, 연세대학교 백주년기념관 콘서트홀에서 한국 팬들과 만난다. 조슈아 레드먼은 그동안 다양한 프로젝트와 편성으로 여러 차례 한국을 찾았지만, 국내 재즈 팬들이 가장 사랑하는 ‘정통 쿼텟 편성’으로 내한하는 것은 무려 12년 만이다. 오랜 시간 그의 쿼텟 사운드를 기다려온 팬들에게는 무엇보다 반가운 소…",http://www.ticketlink.co.kr/product/63686,couple:1.0;date_spot:1.0;대중음악,2026-09-11 22:28:45,concert,,,🎵 감성 가득한 무대와 음악을 즐기며 특별한 추억을 선사하는 낭만 공연,concert,concert,kopis,2026-10-23,,capital
KOPIS 공연예술통합전산망 | 서양음악(클래식),서양음악(클래식),"(사) 한국페스티발앙상블 기획 연주 2. 창단 40주년: 유혹, 마흔번째 악장: 나에게, 이 한곡",2026-10-17 ~ 2026-10-17,만 7세 이상,"서울 용산구 한남대로 98 (한남동) | 위도:37.5372055, 경도:127.00552319999997","전석 30,000원","[프로그램] Traditional Folk Song Deep river 깊은 강 M/Sop.김지선 Pf.정영하 Oh, Shenandoah 오 쉐난도 Ten.조중혁 Pf.정영하 Old Folks at Home 스와니 강 Sop.권은주 Pf.정영하 F. Chopin Nocturne c# minor 녹턴 c#단조 (1810∼1849) Pf.송영민 J. Pachelbel Canon 캐논 (1653∼1706) J.S. Bach Air in G G선상의 아리아 (1685∼1750) Vns.김진승,이상효 Va.김혜용 Vc.허철 L.v. Beet…",http://ticket.interpark.com/Ticket/Goods/GoodsInfo.asp?GoodsCode=26005681,couple:1.0;date_spot:1.0;서양음악(클래식),2026-09-11 22:28:45,concert,,,🎵 감성 가득한 무대와 음악을 즐기며 특별한 추억을 선사하는 낭만 공연,concert,concert,kopis,2026-10-17,,capital
KOPIS 공연예술통합전산망 | 연극,연극,맞선 [수원],2026-10-17 ~ 2026-11-21,만 12세 이상,"경기 수원시 팔달구 정조로 767-4 (팔달로3가) 지환빌딩 4층 | 위도:37.2766728, 경도:127.016397","전석 20,000원","[공연소개] 충남 금산의 한 카페. 농촌 총각 수학철과 재혼남 허풍은 인생 최고의 맞선을 기대하며 소개팅 자리에 나선다. 하지만 학철의 상대는 돈밖에 모르는 까칠한 도시 여자 도도해. 풍이의 상대는 첫눈에 반해 결혼부터 외치는 엉뚱한 재혼녀 진솔희. 각자 숨기고 싶은 사연과 상처를 안고 만난 네 사람은 맞선 내내 티격태격하며 예상치 못한 소동을 벌인다. 돈과 조건만 따지는 사랑, 첫인상만 보고 판단하는 편견, 그리고 결혼에 대한 서로 다른 생각들. 과연 이들은 진짜 사랑을 찾을 수 있을까? '우리... 결혼할 수 있을까?' 웃다가 …",https://booking.naver.com/booking/12/bizes/1430111,couple:1.0;date_spot:1.0;연극,2026-09-11 22:28:45,concert,,,🎵 감성 가득한 무대와 음악을 즐기며 특별한 추억을 선사하는 낭만 공연,concert,concert,kopis,2026-11-21,,capital
KOPIS 공연예술통합전산망 | 서양음악(클래식),서양음악(클래식),"스테이지M 시네마 시리즈, 우리가 사랑한 시네마 뮤직 콘서트 [하남]",2026-10-18 ~ 2026-10-18,만 4세 이상,"경기 하남시 신평로 125 (덕풍동) | 위도:37.544736, 경도:127.20683669999994","전석 40,000원",서양음악(클래식) · 하남문화예술회관 (아랑홀(소극장)) · 러닝타임 1시간 30분,http://www.ticketlink.co.kr/product/63918,couple:1.0;date_spot:1.0;서양음악(클래식),2026-09-11 22:28:45,concert,,,🎵 감성 가득한 무대와 음악을 즐기며 특별한 추억을 선사하는 낭만 공연,concert,concert,kopis,2026-10-18,,capital
KOPIS 공연예술통합전산망 | 서양음악(클래식),서양음악(클래식),우리가 사랑한 시네마 뮤직 콘서트 [의정부],2026-10-17 ~ 2026-10-17,만 4세 이상,"경기 의정부시 의정로 1 (의정부동) | 위도:37.7334125, 경도:127.03436779999993","전석 40,000원",서양음악(클래식) · 의정부예술의전당 (소극장) · 러닝타임 1시간 30분,http://www.ticketlink.co.kr/product/63812,couple:1.0;date_spot:1.0;서양음악(클래식),2026-09-11 22:28:45,concert,,,🎵 감성 가득한 무대와 음악을 즐기며 특별한 추억을 선사하는 낭만 공연,concert,concert,kopis,2026-10-17,,capital
KOPIS 공연예술통합전산망 | 서양음악(클래식),서양음악(클래식),경기필 마스터피스 시리즈 Ⅴ. 말러 교향곡 1번 [수원],2026-10-30 ~ 2026-10-30,만 7세 이상,"경기 수원시 팔달구 효원로307번길 20 (인계동) 경기도문화의전당 | 위도:37.2618899, 경도:127.0374319","R석 70,000원, S석 50,000원, A석 30,000원",서양음악(클래식) · 경기아트센터(구. 경기도문화의전당) (대극장) · 러닝타임 2시간,http://ticket.interpark.com/Ticket/Goods/GoodsInfo.asp?GoodsCode=26008215,couple:1.0;date_spot:1.0;서양음악(클래식),2026-09-11 22:28:45,concert,,,🎵 감성 가득한 무대와 음악을 즐기며 특별한 추억을 선사하는 낭만 공연,concert,concert,kopis,2026-10-30,,capital
KOPIS 공연예술통합전산망 | 서양음악(클래식),서양음악(클래식),"경기필 마스터피스 시리즈 Ⅴ, 말러 교향곡 1번 [서울]",2026-10-31 ~ 2026-10-31,만 7세 이상,"서울 서초구 남부순환로 2406 (서초동) | 위도:37.4786896, 경도:127.01182410000001","R석 80,000원, S석 60,000원, A석 50,000원, B석 30,000원, C석 20,000원",서양음악(클래식) · 예술의전당 [서울] (콘서트홀) · 러닝타임 2시간,http://ticket.interpark.com/Ticket/Goods/GoodsInfo.asp?GoodsCode=26008516,couple:1.0;date_spot:1.0;서양음악(클래식),2026-09-11 22:28:45,concert,,,🎵 감성 가득한 무대와 음악을 즐기며 특별한 추억을 선사하는 낭만 공연,concert,concert,kopis,2026-10-31,,capital
KOPIS 공연예술통합전산망 | 서양음악(클래식),서양음악(클래식),지브리 & 디즈니 영화음악 오케스트라 콘서트 [고양 (앵콜) ],2026-11-08 ~ 2026-11-08,만 4세 이상,"경기 고양시 일산동구 중앙로 1286 (마두동) 고양아람누리 | 위도:37.6614074, 경도:126.77433789999998","R석 100,000원, S석 80,000원, A석 60,000원",서양음악(클래식) · 고양아람누리 (아람음악당) · 러닝타임 2시간,http://www.artgy.or.kr/PF/PF0201V.aspx?showid=0000008363,couple:1.0;date_spot:1.0;서양음악(클래식),2026-09-11 22:28:45,concert,,,🎵 감성 가득한 무대와 음악을 즐기며 특별한 추억을 선사하는 낭만 공연,concert,concert,kopis,2026-11-08,,capital
KOPIS 공연예술통합전산망 | 서양음악(클래식),서양음악(클래식),로데아트센터 개관 2주년 기념 FRIENDS 시리즈: Cello & Friends,2026-10-31 ~ 2026-10-31,만 6세 이상,"서울 서초구 남부순환로317길 79 (서초동) | 위도:37.4831337, 경도:127.0103014","전석 30,000원",서양음악(클래식) · 로데아트센터 (콘서트홀) · 러닝타임 1시간 30분,http://ticket.interpark.com/Ticket/Goods/GoodsInfo.asp?GoodsCode=26007857,couple:1.0;date_spot:1.0;서양음악(클래식),2026-09-11 22:28:45,concert,,,🎵 감성 가득한 무대와 음악을 즐기며 특별한 추억을 선사하는 낭만 공연,concert,concert,kopis,2026-10-31,,capital
KOPIS 공연예술통합전산망 | 서양음악(클래식),서양음악(클래식),"예술의전당 토요콘서트, 프리뷰 베토벤 (10월)",2026-10-17 ~ 2026-10-17,만 7세 이상,"서울 서초구 남부순환로 2406 (서초동) | 위도:37.4786896, 경도:127.01182410000001","일반석 40,000원, 3층석 20,000원",서양음악(클래식) · 예술의전당 [서울] (콘서트홀) · 러닝타임 1시간 50분,http://ticket.interpark.com/Ticket/Goods/GoodsInfo.asp?GoodsCode=26008000,couple:1.0;date_spot:1.0;서양음악(클래식),2026-09-11 22:28:45,concert,,,🎵 감성 가득한 무대와 음악을 즐기며 특별한 추억을 선사하는 낭만 공연,concert,concert,kopis,2026-10-17,,capital
KOPIS 공연예술통합전산망 | 서양음악(클래식),서양음악(클래식),더중앙플러스 클래식 시리즈: 손민수 피아노 리사이틀,2026-10-27 ~ 2026-10-27,만 7세 이상,"서울 서초구 남부순환로 2406 (서초동) | 위도:37.4786896, 경도:127.01182410000001","R석 100,000원, S석 80,000원, A석 60,000원","[공연소개] ""피아니스트 손민수의 초월적 여정은 계속된다."" 전석매진 사례를 이룬 2024년 리사이틀 바흐 골드베르크 변주곡 연주를 통해 베토벤과 더불어 바흐라는 필생의 과업을 선언한 바 있는 피아니스트 손민수, 그가 오는 10월 음반발매를 기념하며 음반과 동일한 리사이틀 프로그램으로 2년 만에 리사이틀 투어 여정에 오른다. 피아니스트 손민수에게 있어 무한한 탐구의 원천인 J.S. 바흐, 그가 남긴 이 스물 네 개의 질문들 속에서 손민수가 마주한 초월적 세계와 진리의 아름다움이 오는 10월 27일 관객들을 찾아온다. [프로그램] J…",http://www.ticketlink.co.kr/product/63607,couple:1.0;date_spot:1.0;서양음악(클래식),2026-09-11 22:28:45,concert,,,🎵 감성 가득한 무대와 음악을 즐기며 특별한 추억을 선사하는 낭만 공연,concert,concert,kopis,2026-10-27,,capital
KOPIS 공연예술통합전산망 | 대중음악,대중음악,"이승기 콘서트, 기승전: 樂",2026-10-24 ~ 2026-10-25,만 7세 이상,"서울 용산구 이태원로 294 (한남동) | 위도:37.5408717, 경도:127.00244010000006","전석 154,000원",대중음악 · 블루스퀘어 (우리WON뱅킹홀(구. SOL트래블홀) ) · 러닝타임 2시간,http://ticket.interpark.com/Ticket/Goods/GoodsInfo.asp?GoodsCode=26008033,couple:1.0;date_spot:1.0;대중음악,2026-09-11 22:28:45,concert,,,🎵 감성 가득한 무대와 음악을 즐기며 특별한 추억을 선사하는 낭만 공연,concert,concert,kopis,2026-10-25,,capital
KOPIS 공연예술통합전산망 | 서양음악(클래식),서양음악(클래식),헐리우드 블록버스터 & 디즈니 픽사 영화음악 FESTA [성남],2026-10-24 ~ 2026-10-24,만 4세 이상,"경기 성남시 분당구 성남대로 808 (야탑동) | 위도:37.4027309, 경도:127.13124349999998","R석 100,000원, S석 80,000원, A석 60,000원",서양음악(클래식) · 성남아트센터 (콘서트홀) · 러닝타임 2시간,http://ticket.interpark.com/Ticket/Goods/GoodsInfo.asp?GoodsCode=26007592,couple:1.0;date_spot:1.0;서양음악(클래식),2026-09-11 22:28:45,concert,,,🎵 감성 가득한 무대와 음악을 즐기며 특별한 추억을 선사하는 낭만 공연,concert,concert,kopis,2026-10-24,,capital
KOPIS 공연예술통합전산망 | 서양음악(클래식),서양음악(클래식),"일리야 라쉬코프스키, 라흐마니노프 3개의 피아노 협주곡 [인천]",2026-10-24 ~ 2026-10-24,만 7세 이상,"인천 연수구 아트센터대로 222 (송도동) | 위도:37.39348409999999, 경도:126.63095859999999","VIP석 120,000원, R석 90,000원, S석 70,000원, A석 50,000원",서양음악(클래식) · 아트센터 인천 (콘서트홀) · 러닝타임 2시간 30분,http://ticket.interpark.com/Ticket/Goods/GoodsInfo.asp?GoodsCode=26007600,couple:1.0;date_spot:1.0;서양음악(클래식),2026-09-11 22:28:45,concert,,,🎵 감성 가득한 무대와 음악을 즐기며 특별한 추억을 선사하는 낭만 공연,concert,concert,kopis,2026-10-24,,capital
KOPIS 공연예술통합전산망 | 서양음악(클래식),서양음악(클래식),너의 이름은. 필름 콘서트 [인천],2026-10-17 ~ 2026-10-17,만 7세 이상,"인천 연수구 아트센터대로 222 (송도동) | 위도:37.39348409999999, 경도:126.63095859999999","VIP석 100,000원, R석 80,000원, S석 60,000원, A석 50,000원",서양음악(클래식) · 아트센터 인천 (콘서트홀) · 러닝타임 2시간,http://ticket.interpark.com/Ticket/Goods/GoodsInfo.asp?GoodsCode=26007476,couple:1.0;date_spot:1.0;서양음악(클래식),2026-09-11 22:28:45,concert,,,🎵 감성 가득한 무대와 음악을 즐기며 특별한 추억을 선사하는 낭만 공연,concert,concert,kopis,2026-10-17,,capital
KOPIS 공연예술통합전산망 | 서양음악(클래식),서양음악(클래식),주술회전 인 콘서트 월드투어 [서울],2026-11-07 ~ 2026-11-08,만 13세 이상,"서울 동대문구 경희대로 26 (회기동) | 위도:37.598682, 경도:127.052773","VIP석 154,000원, R석 132,000원, S석 110,000원, A석 99,000원, B석 77,000원",서양음악(클래식) · 경희대학교 평화의전당 (경희대학교 평화의전당) · 러닝타임 2시간 20분,http://www.ticketlink.co.kr/product/63080,couple:1.0;date_spot:1.0;서양음악(클래식),2026-09-11 22:28:45,concert,,,🎵 감성 가득한 무대와 음악을 즐기며 특별한 추억을 선사하는 낭만 공연,concert,concert,kopis,2026-11-08,,capital
KOPIS 공연예술통합전산망 | 대중음악,대중음악,Omoinotake One Man Tour in Seoul,2026-10-17 ~ 2026-10-17,전체 관람가,"서울 중구 퇴계로88길 38 (신당동) | 위도:37.5640044, 경도:127.02019799999994","VIP석 132,000원, 일반석 99,000원",대중음악 · 공감센터 (공감홀) · 러닝타임 1시간 30분,https://ticket.yes24.com/Perf/58335,couple:1.0;date_spot:1.0;대중음악,2026-09-11 22:28:45,concert,,,🎵 감성 가득한 무대와 음악을 즐기며 특별한 추억을 선사하는 낭만 공연,concert,concert,kopis,2026-10-17,,capital
KOPIS 공연예술통합전산망 | 서양음악(클래식),서양음악(클래식),"낭만주의 거장, 시벨리우스",2026-10-21 ~ 2026-10-21,만 7세 이상,"서울 서초구 남부순환로 2406 (서초동) | 위도:37.4786896, 경도:127.01182410000001","R석 120,000원, S석 90,000원, A석 60,000원, B석 40,000원",서양음악(클래식) · 예술의전당 [서울] (콘서트홀) · 러닝타임 2시간,http://ticket.interpark.com/Ticket/Goods/GoodsInfo.asp?GoodsCode=26006682,couple:1.0;date_spot:1.0;서양음악(클래식),2026-09-11 22:28:45,concert,,,🎵 감성 가득한 무대와 음악을 즐기며 특별한 추억을 선사하는 낭만 공연,concert,concert,kopis,2026-10-21,,capital
KOPIS 공연예술통합전산망 | 서커스/마술,서커스/마술,최현우 19+I [고양],2026-11-07 ~ 2026-11-08,만 7세 이상,"경기 고양시 일산동구 중앙로 1286 (마두동) 고양아람누리 | 위도:37.6614074, 경도:126.77433789999998","R석 99,000원, S석 77,000원",서커스/마술 · 고양아람누리 (아람극장) · 러닝타임 1시간 50분,http://www.ticketlink.co.kr/product/63095,couple:1.0;date_spot:1.0;서커스/마술,2026-09-11 22:28:45,concert,,,💑 연인과 함께 둘만의 소중한 주말 추억을 나누기 좋은 맞춤형 추천 장소,concert,concert,kopis,2026-11-08,,capital
KOPIS 공연예술통합전산망 | 서커스/마술,서커스/마술,최현우 19+I [성남],2026-10-31 ~ 2026-11-01,만 6세 이상,"경기 성남시 분당구 성남대로 808 (야탑동) | 위도:37.4027309, 경도:127.13124349999998","R석 99,000원, S석 77,000원",서커스/마술 · 성남아트센터 (오페라하우스) · 러닝타임 1시간 50분,http://www.ticketlink.co.kr/product/63077,couple:1.0;date_spot:1.0;서커스/마술,2026-09-11 22:28:45,concert,,,💑 연인과 함께 둘만의 소중한 주말 추억을 나누기 좋은 맞춤형 추천 장소,concert,concert,kopis,2026-11-01,,capital
KOPIS 공연예술통합전산망 | 서양음악(클래식),서양음악(클래식),"청라 브런치 콘서트, 이금희와 함께 하는 힐링브런치 콘서트: 늦가을의 영화 OST [인천]",2026-10-21 ~ 2026-10-21,만 8세 이상,"인천 서구 청라대로 20 (청라동) | 위도:37.5240132, 경도:126.6341822","전석 20,000원",서양음악(클래식) · 청라복합문화센터 블루노바홀 (공연장),https://www.enticket.com:469/pfm/sub01_view.html?pfmIng=1&p_idx=4232,couple:1.0;date_spot:1.0;서양음악(클래식),2026-09-11 22:28:45,concert,,,🎵 감성 가득한 무대와 음악을 즐기며 특별한 추억을 선사하는 낭만 공연,concert,concert,kopis,2026-10-21,,capital
KOPIS 공연예술통합전산망 | 서양음악(클래식),서양음악(클래식),류이치사카모토 트리뷰트 콘서트 [고양],2026-10-31 ~ 2026-10-31,만 7세 이상,"경기 고양시 일산동구 중앙로 1286 (마두동) 고양아람누리 | 위도:37.6614074, 경도:126.77433789999998","R석 66,000원, S석 44,000원",서양음악(클래식) · 고양아람누리 (아람음악당) · 러닝타임 2시간,http://www.artgy.or.kr/PF/PF0201V.aspx?showid=0000008270,couple:1.0;date_spot:1.0;서양음악(클래식),2026-09-11 22:28:45,concert,,,🎵 감성 가득한 무대와 음악을 즐기며 특별한 추억을 선사하는 낭만 공연,concert,concert,kopis,2026-10-31,,capital
KOPIS 공연예술통합전산망 | 서양음악(클래식),서양음악(클래식),"꿈의숲 마티네 콘서트, 벨 에포크 아트 & 뮤직시리즈3: 모네, 빛이 머무는 정원",2026-10-28 ~ 2026-10-28,만 8세 이상,"서울 강북구 월계로 173 (번동) | 위도:37.6214312, 경도:127.0406246","전석 15,000원",서양음악(클래식) · 꿈의숲아트센터 (콘서트홀) · 러닝타임 1시간 30분,http://ticket.interpark.com/Ticket/Goods/GoodsInfo.asp?GoodsCode=P0004637,couple:1.0;date_spot:1.0;서양음악(클래식),2026-09-11 22:28:45,concert,,,🎵 감성 가득한 무대와 음악을 즐기며 특별한 추억을 선사하는 낭만 공연,concert,concert,kopis,2026-10-28,,capital
KOPIS 공연예술통합전산망 | 서양음악(클래식),서양음악(클래식),"아름다운 목요일 금호아트홀, 인터내셔널 마스터즈: 모차르트 플러스 I. 폴 루이스 Piano (10.21)",2026-10-21 ~ 2026-10-21,만 7세 이상,"서울 서대문구 연세로 50 (신촌동) 연세대학교 백양누리 B1 금호아트홀 연세 | 위도:37.564089, 경도:126.93898089999993","R석 80,000원, S석 70,000원",서양음악(클래식) · 금호아트홀 연세 (금호아트홀 연세) · 러닝타임 1시간 40분,http://www.ticketlink.co.kr/product/60114,couple:1.0;date_spot:1.0;서양음악(클래식),2026-09-11 22:28:45,concert,,,🎵 감성 가득한 무대와 음악을 즐기며 특별한 추억을 선사하는 낭만 공연,concert,concert,kopis,2026-10-21,,capital
KOPIS 공연예술통합전산망 | 서양음악(클래식),서양음악(클래식),바딤 콜로덴코 피아노 리사이틀 [인천],2026-11-07 ~ 2026-11-07,만 7세 이상,"인천 연수구 아트센터대로 222 (송도동) | 위도:37.39348409999999, 경도:126.63095859999999","R석 50,000원, S석 30,000원",서양음악(클래식) · 아트센터 인천 (콘서트홀) · 러닝타임 1시간 40분,http://ticket.interpark.com/Ticket/Goods/GoodsInfo.asp?GoodsCode=26005258,couple:1.0;date_spot:1.0;서양음악(클래식),2026-09-11 22:28:45,concert,,,🎵 감성 가득한 무대와 음악을 즐기며 특별한 추억을 선사하는 낭만 공연,concert,concert,kopis,2026-11-07,,capital
KOPIS 공연예술통합전산망 | 서양음악(클래식),서양음악(클래식),"신영증권과 함께하는 예술의전당 THE NEXT, 송현정 오보에 리사이틀",2026-11-05 ~ 2026-11-05,만 7세 이상,"서울 서초구 남부순환로 2406 (서초동) | 위도:37.4786896, 경도:127.01182410000001","R석 40,000원, S석 20,000원",서양음악(클래식) · 예술의전당 [서울] (리사이틀홀) · 러닝타임 1시간 20분,http://ticket.interpark.com/Ticket/Goods/GoodsInfo.asp?GoodsCode=26003762,couple:1.0;date_spot:1.0;서양음악(클래식),2026-09-11 22:28:45,concert,,,🎵 감성 가득한 무대와 음악을 즐기며 특별한 추억을 선사하는 낭만 공연,concert,concert,kopis,2026-11-05,,capital
KOPIS 공연예술통합전산망 | 서양음악(클래식),서양음악(클래식),"직장인을 위한 퇴근길 콘서트 Ⅳ, 뮤지컬의 밤 [인천]",2026-10-28 ~ 2026-10-28,만 7세 이상,"인천 연수구 아트센터대로 222 (송도동) | 위도:37.39348409999999, 경도:126.63095859999999","전석 20,000원",서양음악(클래식) · 아트센터 인천 (콘서트홀) · 러닝타임 1시간 40분,http://ticket.interpark.com/Ticket/Goods/GoodsInfo.asp?GoodsCode=26003094,couple:1.0;date_spot:1.0;서양음악(클래식),2026-09-11 22:28:45,concert,,,🎵 감성 가득한 무대와 음악을 즐기며 특별한 추억을 선사하는 낭만 공연,concert,concert,kopis,2026-10-28,,capital
KOPIS 공연예술통합전산망 | 연극,연극,"국립극단, 태풍 [성남]",2026-10-17 ~ 2026-10-18,만 7세 이상,"경기 성남시 분당구 성남대로 808 (야탑동) | 위도:37.4027309, 경도:127.13124349999998","R석 50,000원, S석 30,000원",연극 · 성남아트센터 (오페라하우스) · 러닝타임 1시간 55분,http://ticket.interpark.com/Ticket/Goods/GoodsInfo.asp?GoodsCode=26002102,couple:1.0;date_spot:1.0;연극,2026-09-11 22:28:45,concert,,,🎵 감성 가득한 무대와 음악을 즐기며 특별한 추억을 선사하는 낭만 공연,concert,concert,kopis,2026-10-18,,capital
KOPIS 공연예술통합전산망 | 한국음악(국악),한국음악(국악),"경기시나위오케스트라 기획공연, Bravo my life: 당신의 삶을 노래하다 [용인]",2026-11-06 ~ 2026-11-07,만 4세 이상,"경기 용인시 기흥구 민속촌로 89(보라동) | 위도:37.2594001, 경도:127.1136197","전석 30,000원",한국음악(국악) · 경기아트센터 경기국악원 (국악당) · 러닝타임 1시간 20분,http://ticket.interpark.com/Ticket/Goods/GoodsInfo.asp?GoodsCode=26002454,couple:1.0;date_spot:1.0;한국음악(국악),2026-09-11 22:28:45,concert,,,🎵 감성 가득한 무대와 음악을 즐기며 특별한 추억을 선사하는 낭만 공연,concert,concert,kopis,2026-11-07,,capital
KOPIS 공연예술통합전산망 | 대중음악,대중음악,성남아트센터 오후의 콘서트: 수요재즈클럽 (11월),2026-11-04 ~ 2026-11-04,만 7세 이상,"경기 성남시 분당구 성남대로 808 (야탑동) | 위도:37.4027309, 경도:127.13124349999998","전석 20,000원",대중음악 · 성남아트센터 (앙상블씨어터) · 러닝타임 1시간 30분,http://ticket.interpark.com/Ticket/Goods/GoodsInfo.asp?GoodsCode=26001595,couple:1.0;date_spot:1.0;대중음악,2026-09-11 22:28:45,concert,,,🎵 감성 가득한 무대와 음악을 즐기며 특별한 추억을 선사하는 낭만 공연,concert,concert,kopis,2026-11-04,,capital
KOPIS 공연예술통합전산망 | 서양음악(클래식),서양음악(클래식),국립오페라단 정기공연: 라인의 황금,2026-10-29 ~ 2026-11-01,만 7세 이상,"서울 서초구 남부순환로 2406 (서초동) | 위도:37.4786896, 경도:127.01182410000001","R석 150,000원, S석 120,000원, A석 90,000원, B석 60,000원, C석 40,000원, D석 20,000원","[공연소개] 26년에 걸쳐 완성된 대서사시의 서막 반지의 주인이 되는 자, 반지의 노예가 되어 파멸할지니 국립오페라단은 바그너의 오페라 을 무대에 올리며, ‘니벨룽의 반지(Ring)’ 시리즈의 서막을 연다. 은 바그너가 26년에 걸쳐 완성한 4부작 대서사시의 출발점으로 사랑과 권력, 탐욕과 저주의 기원을 신화적 서사 속에 집약한 작품이다. 라인강의 황금을 둘러싼 갈등을 통해 세계의 질서가 균열되는 순간을 그리는 이 작품은 시리즈 전체를 관통하는 사상이 처음으로 제시되는 작품이다. 지휘는 2024년 에서 밀도 높은 지휘로 깊은 인상을…",http://ticket.interpark.com/Ticket/Goods/GoodsInfo.asp?GoodsCode=26001652,couple:1.0;date_spot:1.0;서양음악(클래식),2026-09-11 22:28:45,concert,,,🎵 감성 가득한 무대와 음악을 즐기며 특별한 추억을 선사하는 낭만 공연,concert,concert,kopis,2026-11-01,,capital
KOPIS 공연예술통합전산망 | 연극,연극,"연극만원5, 시뮬라시옹",2026-10-23 ~ 2026-10-24,만 7세 이상,"경기 성남시 분당구 성남대로 808 (야탑동) | 위도:37.4027309, 경도:127.13124349999998","전석 10,000원",연극 · 성남아트센터 (앙상블씨어터) · 러닝타임 1시간 35분,http://ticket.interpark.com/Ticket/Goods/GoodsInfo.asp?GoodsCode=26001537,couple:1.0;date_spot:1.0;연극,2026-09-11 22:28:45,concert,,,🎵 감성 가득한 무대와 음악을 즐기며 특별한 추억을 선사하는 낭만 공연,concert,concert,kopis,2026-10-24,,capital
KOPIS 공연예술통합전산망 | 서양음악(클래식),서양음악(클래식),"DF예술단, 세 여인의 낭만이야기 [성남]",2026-10-18 ~ 2026-10-18,만 7세 이상,"경기 성남시 수정구 수정로171번길 10 | 위도:37.4448723, 경도:127.13890700000002","전석 30,000원",서양음악(클래식) · 성남아트리움 (구. 성남시민회관) (대극장) · 러닝타임 1시간 30분,http://ticket.interpark.com/Ticket/Goods/GoodsInfo.asp?GoodsCode=26000430,couple:1.0;date_spot:1.0;서양음악(클래식),2026-09-11 22:28:45,concert,,,🎵 감성 가득한 무대와 음악을 즐기며 특별한 추억을 선사하는 낭만 공연,concert,concert,kopis,2026-10-18,,capital
KOPIS 공연예술통합전산망 | 서양음악(클래식),서양음악(클래식),"영등포아트홀 기획공연, 마티네콘서트 with 금난새 #3. 베버",2026-10-15 ~ 2026-10-15,만 7세 이상,"서울 영등포구 국회대로 596 (당산동3가) | 위도:37.526038, 경도:126.90008899999998","전석 15,000원",서양음악(클래식) · 영등포아트홀 (영등포아트홀) · 러닝타임 1시간 10분,http://ticket.interpark.com/Ticket/Goods/GoodsInfo.asp?GoodsCode=26001492,couple:1.0;date_spot:1.0;서양음악(클래식),2026-09-11 22:28:45,concert,,,🎵 감성 가득한 무대와 음악을 즐기며 특별한 추억을 선사하는 낭만 공연,concert,concert,kopis,2026-10-15,,capital
KOPIS 공연예술통합전산망 | 대중음악,대중음악,"옥탑재즈 Ⅴ, LUCA MINOR",2026-11-06 ~ 2026-11-06,만 7세 이상,"인천 연수구 아트센터대로 222 (송도동) | 위도:37.39348409999999, 경도:126.63095859999999","전석 25,000원",대중음악 · 아트센터 인천 (다목적홀) · 러닝타임 1시간 40분,http://ticket.interpark.com/Ticket/Goods/GoodsInfo.asp?GoodsCode=26001164,couple:1.0;date_spot:1.0;대중음악,2026-09-11 22:28:45,concert,,,🎵 감성 가득한 무대와 음악을 즐기며 특별한 추억을 선사하는 낭만 공연,concert,concert,kopis,2026-11-06,,capital
KOPIS 공연예술통합전산망 | 서양음악(클래식),서양음악(클래식),"함신익과 심포니 송 마스터즈 시리즈 VI, 차이코프스키 스페셜",2026-10-24 ~ 2026-10-24,만 7세 이상,"서울 송파구 올림픽로 300 (신천동) 롯데월드몰 8층 롯데문화재단 | 위도:37.5130605, 경도:127.10349500000007","R석 100,000원, S석 70,000원, A석 50,000원, B석 30,000원, C석 20,000원, 시야방해R 70,000원, 시야방해A 30,000원","[프로그램] Pyotr Tchaikovsky | Violin Concerto in D Major, Op. 35 차이코프스키 | 바이올린 협주곡 라장조, 작품번호 35 Pyotr Tchaikovsky | Symphony No. 4 in F minor, Op. 36 차이코프스키 | 교향곡 제4번 바단조, 작품번호 36 * 본 프로그램 및 출연진은 상황에 따라 사전 예고없이 변경될 수 있습니다.",http://ticket.interpark.com/Ticket/Goods/GoodsInfo.asp?GoodsCode=26000076,couple:1.0;date_spot:1.0;서양음악(클래식),2026-09-11 22:28:45,concert,,,🎵 감성 가득한 무대와 음악을 즐기며 특별한 추억을 선사하는 낭만 공연,concert,concert,kopis,2026-10-24,,capital
KOPIS 공연예술통합전산망 | 한국음악(국악),한국음악(국악),"이자람 판소리: 눈, 눈, 눈",2026-10-23 ~ 2026-10-24,만 11세 이상,"서울 강서구 마곡중앙로 136(마곡동) | 위도:37.565363, 경도:126.8293888","전석 60,000원",한국음악(국악) · LG아트센터 서울 (LG SIGNATURE 홀) · 러닝타임 1시간 50분,https://www.lgart.com/product/performance/252939,couple:1.0;date_spot:1.0;한국음악(국악),2026-09-11 22:28:45,concert,,,🎵 감성 가득한 무대와 음악을 즐기며 특별한 추억을 선사하는 낭만 공연,concert,concert,kopis,2026-10-24,,capital
KOPIS 공연예술통합전산망 | 복합,복합,다비드 바뱅 & 아드리앙 몽도의 피아노 피아노,2026-10-15 ~ 2026-10-17,만 7세 이상,"서울 강서구 마곡중앙로 136(마곡동) | 위도:37.565363, 경도:126.8293888","전석 60,000원",복합 · LG아트센터 서울 (U+ 스테이지) · 러닝타임 1시간,https://www.lgart.com/product/ko/performance/252943,couple:1.0;date_spot:1.0;복합,2026-09-11 22:28:45,concert,,,💑 연인과 함께 둘만의 소중한 주말 추억을 나누기 좋은 맞춤형 추천 장소,concert,concert,kopis,2026-10-17,,capital
KOPIS 공연예술통합전산망 | 서양음악(클래식),서양음악(클래식),"서울시오페라단, 라보엠",2026-11-05 ~ 2026-11-08,만 6세 이상,"서울 종로구 세종대로 175 (세종로) | 위도:37.5725254, 경도:126.97564290000003","VIP석 150,000원, R석 120,000원, S석 100,000원, A석 80,000원, B석 50,000원",서양음악(클래식) · 세종문화회관 (세종대극장) · 러닝타임 2시간 30분,http://www.ticketlink.co.kr/product/60504,couple:1.0;date_spot:1.0;서양음악(클래식),2026-09-11 22:28:45,concert,,,🎵 감성 가득한 무대와 음악을 즐기며 특별한 추억을 선사하는 낭만 공연,concert,concert,kopis,2026-11-08,,capital
KOPIS 공연예술통합전산망 | 서양음악(클래식),서양음악(클래식),"서울시합창단, 가곡시대",2026-10-23 ~ 2026-10-24,만 6세 이상,"서울 종로구 세종대로 175 (세종로) | 위도:37.5725254, 경도:126.97564290000003","R석 40,000원, S석 30,000원",서양음악(클래식) · 세종문화회관 (세종체임버홀) · 러닝타임 1시간 10분,https://www.ticketlink.co.kr/product/60488,couple:1.0;date_spot:1.0;서양음악(클래식),2026-09-11 22:28:45,concert,,,🎵 감성 가득한 무대와 음악을 즐기며 특별한 추억을 선사하는 낭만 공연,concert,concert,kopis,2026-10-24,,capital
KOPIS 공연예술통합전산망 | 대중음악,대중음악,마이 케미컬 로맨스 내한공연,2026-11-07 ~ 2026-11-07,만 12세 이상,"인천 중구 영종해안남로321번길 186 (운서동) | 위도:37.4335451, 경도:126.45920019999994","지정석 P석 220,000원, 지정석 R석 195,000원, 스탠딩 석 175,000원",대중음악 · 파라다이스시티 (컬처파크 (야외) ) · 러닝타임 1시간 30분,http://www.ticketlink.co.kr/product/57330,couple:1.0;date_spot:1.0;대중음악,2026-09-11 22:28:45,concert,,,🎵 감성 가득한 무대와 음악을 즐기며 특별한 추억을 선사하는 낭만 공연,concert,concert,kopis,2026-11-07,,capital
KOPIS 공연예술통합전산망 | 서양음악(클래식),서양음악(클래식),제448회 인천시립교향악단 정기연주회: 인천시향의 브람스,2026-10-23 ~ 2026-10-23,만 7세 이상,"인천 연수구 아트센터대로 222 (송도동) | 위도:37.39348409999999, 경도:126.63095859999999","전석 10,000원",서양음악(클래식) · 아트센터 인천 (콘서트홀) · 러닝타임 1시간 40분,https://tickets.interpark.com/goods/25018017,couple:1.0;date_spot:1.0;서양음악(클래식),2026-09-11 22:28:45,concert,,,🎵 감성 가득한 무대와 음악을 즐기며 특별한 추억을 선사하는 낭만 공연,concert,concert,kopis,2026-10-23,,capital
KOPIS 공연예술통합전산망 | 서양음악(클래식),서양음악(클래식),"인천시립교향악단 기획연주회, 과정음악회 Ⅲ",2026-10-22 ~ 2026-10-22,만 7세 이상,"인천 연수구 아트센터대로 222 (송도동) | 위도:37.39348409999999, 경도:126.63095859999999","전석 10,000원",서양음악(클래식) · 아트센터 인천 (콘서트홀) · 러닝타임 1시간 10분,http://ticket.interpark.com/Ticket/Goods/GoodsInfo.asp?GoodsCode=25018064,couple:1.0;date_spot:1.0;서양음악(클래식),2026-09-11 22:28:45,concert,,,🎵 감성 가득한 무대와 음악을 즐기며 특별한 추억을 선사하는 낭만 공연,concert,concert,kopis,2026-10-22,,capital
KOPIS 공연예술통합전산망 | 서양음악(클래식),서양음악(클래식),"부천시립예술단 1234 콘서트 Ⅲ, 부천필하모닉오케스트라: 가을, 그리고 전설 Autumn, and Legends",2026-10-15 ~ 2026-10-15,만 3세 이상,"경기 부천시 소향로 165(중동) | 위도:37.5021641, 경도:126.7663981","전석 10,000원",서양음악(클래식) · 부천아트센터 (콘서트홀) · 러닝타임 1시간,http://www.ticketlink.co.kr/product/60009,couple:1.0;date_spot:1.0;서양음악(클래식),2026-09-11 22:28:45,concert,,,🎵 감성 가득한 무대와 음악을 즐기며 특별한 추억을 선사하는 낭만 공연,concert,concert,kopis,2026-10-15,,capital
KOPIS 공연예술통합전산망 | 서양음악(클래식),서양음악(클래식),"아름다운 목요일 금호아트홀 상주음악가, 바리톤 김태한: 페르소나 Ⅳ. 고독",2026-10-15 ~ 2026-10-15,만 7세 이상,"서울 서대문구 연세로 50 (신촌동) 연세대학교 백양누리 B1 금호아트홀 연세 | 위도:37.564089, 경도:126.93898089999993","전석 40,000원",서양음악(클래식) · 금호아트홀 연세 (금호아트홀 연세) · 러닝타임 1시간 40분,http://www.ticketlink.co.kr/product/60105,couple:1.0;date_spot:1.0;서양음악(클래식),2026-09-11 22:28:45,concert,,,🎵 감성 가득한 무대와 음악을 즐기며 특별한 추억을 선사하는 낭만 공연,concert,concert,kopis,2026-10-15,,capital
KOPIS 공연예술통합전산망 | 서양음악(클래식),서양음악(클래식),"아름다운 목요일 인터내셔널 마스터즈, 모차르트 플러스 Ⅱ: 폴 루이스 Piano",2026-10-22 ~ 2026-10-22,만 7세 이상,"서울 서대문구 연세로 50 (신촌동) 연세대학교 백양누리 B1 금호아트홀 연세 | 위도:37.564089, 경도:126.93898089999993","R석 80,000원, S석 70,000원",서양음악(클래식) · 금호아트홀 연세 (금호아트홀 연세),https://www.ticketlink.co.kr/product/60115,couple:1.0;date_spot:1.0;서양음악(클래식),2026-09-11 22:28:45,concert,,,🎵 감성 가득한 무대와 음악을 즐기며 특별한 추억을 선사하는 낭만 공연,concert,concert,kopis,2026-10-22,,capital
KOPIS 공연예술통합전산망 | 서양음악(클래식),서양음악(클래식),서울시향 얍 판 츠베덴의 모차르트 주피터②,2026-10-16 ~ 2026-10-16,만 7세 이상,"서울 서초구 남부순환로 2406 (서초동) | 위도:37.4786896, 경도:127.01182410000001","R석 120,000원, S석 90,000원, A석 60,000원, B석 30,000원, C석 10,000원","[프로그램] 모차르트, 바이올린 협주곡 제3번 Mozart, Violin Concerto No. 3 in G major, K. 216 모차르트, 바이올린과 비올라를 위한 신포니아 콘체르탄테 Mozart, Sinfonia concertante for violin and viola in E-flat major, K. 364 모차르트, 교향곡 제41번 '주피터' Mozart, Symphony No. 41 in C major, K. 551, ""Jupiter"" * 프로그램 및 연주자가 변경될 수 있습니다.",http://ticket.interpark.com/Ticket/Goods/GoodsInfo.asp?GoodsCode=25013838,couple:1.0;date_spot:1.0;서양음악(클래식),2026-09-11 22:28:45,concert,,,🎵 감성 가득한 무대와 음악을 즐기며 특별한 추억을 선사하는 낭만 공연,concert,concert,kopis,2026-10-16,,capital
KOPIS 공연예술통합전산망 | 서양음악(클래식),서양음악(클래식),서울시향 얍 판 츠베덴의 모차르트: 레퀴엠 ②,2026-10-24 ~ 2026-10-24,만 7세 이상,"서울 서초구 남부순환로 2406 (서초동) | 위도:37.4786896, 경도:127.01182410000001","R석 150,000원, S석 120,000원, A석 80,000원, B석 40,000원, C석 10,000원","[공연소개] 빛과 어둠, 혹은 기쁨과 슬픔. 얍 판 츠베덴이 준비한 또 하나의 모차르트 시리즈는 서른다섯 해를 살아냈던 인간 모차르트가 느꼈을 감정을 극명한 대비로 보여준다. 1부에서는 루카스 & 아르투르 유센 형제가 무대에 올라 모차르트의 두 대의 피아노를 위한 협주곡 K. 365를 연주할 예정. 근 10여 년간 가장 주목받는 피아노 듀엣으로 활약해 온 유센 형제가 매 순간 빛나는 모차르트를 들려준 이후에 찾아올 음악은 작곡가의 마지막 작품이자 유작으로 기록된 레퀴엠이다. 시작부터 몰려오는 슬픔에서 우리는 이 작곡가가 기쁨만이 아…",http://ticket.interpark.com/Ticket/Goods/GoodsInfo.asp?GoodsCode=25013839,couple:1.0;date_spot:1.0;서양음악(클래식),2026-09-11 22:28:45,concert,,,🎵 감성 가득한 무대와 음악을 즐기며 특별한 추억을 선사하는 낭만 공연,concert,concert,kopis,2026-10-24,,capital
KOPIS 공연예술통합전산망 | 서양음악(클래식),서양음악(클래식),서울시향 얍 판 츠베덴의 모차르트: 레퀴엠 ①,2026-10-23 ~ 2026-10-23,만 7세 이상,"서울 송파구 올림픽로 300 (신천동) 롯데월드몰 8층 롯데문화재단 | 위도:37.5130605, 경도:127.10349500000007","R석 150,000원, S석 120,000원, A석 80,000원, B석 40,000원, C석 10,000원","[PROGRAM] 모차르트, 두 대의 피아노를 위한 협주곡 Mozart, Concerto for two pianos in E-flat major, K. 365 모차르트, '레퀴엠' *쥐스마이어 판본 Mozart, Requiem in D minor, K. 626 *Süssmayr Edition * 프로그램 및 연주자가 변경될 수 있습니다. 빛과 어둠, 혹은 기쁨과 슬픔. 얍 판 츠베덴이 준비한 또 하나의 모차르트 시리즈는 서른다섯 해를 살아냈던 인간 모차르트가 느꼈을 감정을 극명한 대비로 보여준다. 1부에서는 루카스 & 아르투르 유센…",http://www.ticketlink.co.kr/product/59429,couple:1.0;date_spot:1.0;서양음악(클래식),2026-09-11 22:28:45,concert,,,🎵 감성 가득한 무대와 음악을 즐기며 특별한 추억을 선사하는 낭만 공연,concert,concert,kopis,2026-10-23,,capital
대한민국 구석구석(VisitKorea) | 커플/데이트 태그,야경뷰포인트,새우타워 전망대,,전연령,"인천 남동구 아암대로 1550 | 위도:37.3939607858724, 경도:126.733700196092",,"새우타워 전망대는 새우 모양을 본뜬 조형 전망대이다. 새우는 소래포구의 대표 특산품으로 새우타워는 새우 머리 부분과 긴 수염까지 그대로 재현하였다. 멀리서 보아도 시선을 잡아끌어 소래포구의 새로운 랜드마크가 되었다. 야간에는 형형색색의 LED 조명이 은은하게 빛을 내며 아름다운 야경을 선사한다. 타워 앞으로는 바닥 조형물과 카페, 쉼터, 산책로 등 다양한 즐길거리도 가득하다.",https://korean.visitkorea.or.kr/detail/ms_detail.do?cotid=a6012026-0a30-4bc6-b4ee-673c31145d5a,couple:1.0;date_spot:1.0;야경뷰포인트,2026-09-11 22:03:25,outdoor,,1.7,🌙 낭만적인 밤풍경과 드라이브 분위기를 만끽할 수 있는 커플 데이트 명소,outdoor,nightview,visitkorea,,visitkorea_read,capital
대한민국 구석구석(VisitKorea) | 커플/데이트 태그,야경뷰포인트,청계천,,전연령,"서울 종로구 창신동 | 위도:37.5696470252885, 경도:127.005074320049",,"청계천은 종로구와 중구 사이를 가르는 10.84㎞의 하천이다. 2003년 7월부터 2005년 9월까지 복개한 청계천로와 삼일로 주변 5.84㎞ 구간을 복원하고 총 22개의 다리를 설치하는 등 시민들의 쉼터로 탈바꿈하기 위한 대대적인 공사를 진행하였다. 청계광장을 중심으로 각종 문화행사 등이 열리고 있으며, 누구나 편하게 쉬어갈 수 있는 도심 속 휴식처의 역할을 하고 있다.",https://www.sisul.or.kr/open_content/cheonggye/,couple:1.0;date_spot:1.0;야경뷰포인트,2026-09-11 22:03:25,outdoor,,15.1,🌙 낭만적인 밤풍경과 드라이브 분위기를 만끽할 수 있는 커플 데이트 명소,outdoor,nightview,visitkorea,,visitkorea_read,capital
대한민국 구석구석(VisitKorea) | 커플/데이트 태그,야경뷰포인트,용양봉저정공원,,전연령,"서울 동작구 본동 | 위도:37.5118, 경도:126.9585",,"용양봉저정은 조선 22대 정조가 아버지 사도세자가 묻힌 수원 화산의 현륭원을 찾을 때 잠시 쉬던 정자이다. 효심이 지극했던 정조는 사도세자의 묘가 있는 현륭원을 자주 찾았다고 한다. 그때마다 한강에 배다리를 임시로 만들어 건넜는데, 시간이 걸렸기 때문에 잠시 쉴 자리가 필요하여 이 정자를 지었다고 전한다. 1972년 05월 25일에 서울특별시 유형문화유산으로 지정되었다. 용양봉저정공원은 용양봉저정 주변을 공원으로 조성한 공원으로, 한강 및 서울 시내의 아름다운 경관을 주야간 조망할 수 있는 명소이다. 하늘전망대, 자연놀이터, 전망포…",https://korean.visitkorea.or.kr/detail/ms_detail.do?cotid=b3ceb742-f249-463e-aa0d-ca6e9ffcea1d,couple:1.0;date_spot:1.0;야경뷰포인트,2026-09-11 22:03:25,outdoor,,1.8,🌙 낭만적인 밤풍경과 드라이브 분위기를 만끽할 수 있는 커플 데이트 명소,outdoor,nightview,visitkorea,,visitkorea_read,capital
대한민국 구석구석(VisitKorea) | 커플/데이트 태그,야경뷰포인트,반포대교 달빛무지개분수,,전연령,"서울 서초구 반포동 | 위도:37.5126, 경도:126.9985",,"서울 반포대교에 설치된 분수인 달빛무지개분수는 한강르네상스의 핵심적인 사업으로 2007년 6월 시작하여 2009년 4월 개막식을 통해 유유히 흐르는 한강의 정적인 이미지에 웅장하고 역동적인 이미지를 담은 교량분수로 화려하게 탄생했다. 서울 한강만이 가지고 있는 약 700m의 넓은 강폭 전체를 연출하기 위해 반포대교 구간의 상류 측과 하류 측 1,140m 구간에 380개 노즐을 설치해 낙하용 수중펌프로 끌어올린 한강물을 약 20m 아래 한강 수면으로 떨어뜨리는 새로운 개념의 분수이다. 단순히 물만 내뿜는 것이 아니라 배경음악과 분수연…",https://hangang.seoul.go.kr/www/contents/856.do?mid=849,couple:1.0;date_spot:1.0;야경뷰포인트,2026-09-11 22:03:25,outdoor,,17.2,🌙 낭만적인 밤풍경과 드라이브 분위기를 만끽할 수 있는 커플 데이트 명소,outdoor,nightview,visitkorea,,visitkorea_read,capital
대한민국 구석구석(VisitKorea) | 커플/데이트 태그,야경뷰포인트,낙산공원,,전연령,"서울 종로구 낙산길 41 | 위도:37.5805179476871, 경도:127.006496092905",,"낙산공원은 대학로와 동대문으로부터 이어지며 역사와 문화를 함께 즐길 수 있는 공원이다. 낙산은 지형이 낙타의 등처럼 생겨 낙타산이라고도 했고, 궁에 우유를 보급하던 왕실 목장이 있어 타락산이라고도 불렀다. 1960년대 이후 시민아파트와 밀집된 주택으로 낙산 본래의 모습이 사라지게 되었고, 서울시가 낙산 복원계획을 수립하였다. 이 계획의 일환으로 공원화 사업이 진행되어 2002년 7월 낙산공원으로 개원하였다. 낙산공원 중앙광장에는 낙산전시관과 중앙무대, 매점 등이 있어서 쉬어가기 좋고 광장 바로 아래 주차장이 있어서 중앙광장으로 오기…",https://parks.seoul.go.kr/template/sub/naksan.do,couple:1.0;date_spot:1.0;야경뷰포인트,2026-09-11 22:03:25,outdoor,,18.6,🌙 낭만적인 밤풍경과 드라이브 분위기를 만끽할 수 있는 커플 데이트 명소,outdoor,nightview,visitkorea,,visitkorea_read,capital
대한민국 구석구석(VisitKorea) | 커플/데이트 태그,야경뷰포인트,남산서울타워,,전연령,"서울 용산구 남산공원길 105 | 위도:37.5510545366352, 경도:126.987882083295",,"남산서울타워는 효율적인 방송전파 송수신과 한국의 전통미를 살린 관광 전망시설의 기능을 겸비한 국내 최초의 종합전파탑으로 방송문화와 관광산업의 미래를 위해 건립되었다. 세계 유명한 종합 탑들이 그 나라 또는 그 도시의 상징적인 존재가 된 것처럼 남산서울타워 역시 지난 40여 년간 대한민국의 대표적인 관광지이자 서울의 상징물 역할을 해왔다. 남산서울타워는 서울 시내 전 지역에서 바라보이는 탑의 높이와 독특한 구조, 형태 등으로 인하여 시민의 관심과 사랑의 대상이 되었고 내외국인들이 즐겨 찾는 제1의 관광 명소로서의 위치를 확고히 하고…",http://www.seoultower.co.kr/,couple:1.0;date_spot:1.0;야경뷰포인트,2026-09-11 22:03:25,outdoor,,45.7,🌙 낭만적인 밤풍경과 드라이브 분위기를 만끽할 수 있는 커플 데이트 명소,outdoor,nightview,visitkorea,,visitkorea_read,capital
대한민국 구석구석(VisitKorea) | 커플/데이트 태그,야경뷰포인트,한국민속촌,,전연령,"경기 용인시 기흥구 민속촌로 90 (보라동) | 위도:37.256714672682186, 경도:127.11458055748689",,"한국민속촌은 오랜 시간을 거쳐 전승되어 온 우리 문화 속 생활풍속을 한데 모아 내외국인 관광객에게 우리의 전통문화를 소개하기 위해 1974년에 설립되었다. 높은 교육적 가치와 관광적 가치를 지닌 한국민속촌은 설립 이후부터 지금까지 생생한 문화체험과 아름다운 자연 속의 전통문화 관광지로서 사랑받고 있다. 웰컴 투 조선, 추억의 그때 그 놀이 등 전통을 재해석해 만들어진 다양한 테마와 콘셉트의 시즌 축제가 특별한 즐거움을 선사한다.",http://www.koreanfolk.co.kr,couple:1.0;date_spot:1.0;야경뷰포인트,2026-09-11 22:03:25,outdoor,,19.9,🌙 낭만적인 밤풍경과 드라이브 분위기를 만끽할 수 있는 커플 데이트 명소,outdoor,nightview,visitkorea,,visitkorea_read,capital
대한민국 구석구석(VisitKorea) | 커플/데이트 태그,야경뷰포인트,화성행궁,,전연령,"경기 수원시 팔달구 정조로 825 (남창동) | 위도:37.281816323685725, 경도:127.01637323526143",,"행궁은 정조가 현륭원에 행차할 때 임시 거처로 사용하던 곳으로 그 어느 행궁보다 크고 웅장하였으며 활용도도 높아 경복궁의 ‘부궁’이라는 말까지 생겨난 곳이다. 정조 18~20년에 화성을 축성하고 팔달산 동쪽에 행궁을 건립했는데 평상시에는 유수부(지금의 시청) 관청으로 사용되던 곳이다. 화성은 창룡문(동), 화서문(서), 팔달문(남), 장안문(북) 4개의 문루로 이어져 있으며, 뛰어난 건축술로 인해 세계유산으로 선정되었을 뿐 아니라 우리나라 최초의 신도시 개발 사례로도 평가받고 있다. 조선 22대 정조는 아버지 사도 세자가 뒤주 속에…",https://www.suwon.go.kr/sw-www/sw-visitsuwon/sw-visitsuwon-01/sw-visitsuwon-01-02/sw-visitsuwon-01-02-01.jsp,couple:1.0;date_spot:1.0;야경뷰포인트,2026-09-11 22:03:25,outdoor,,14.3,🌙 낭만적인 밤풍경과 드라이브 분위기를 만끽할 수 있는 커플 데이트 명소,outdoor,nightview,visitkorea,,visitkorea_read,capital
대한민국 구석구석(VisitKorea) | 커플/데이트 태그,야경뷰포인트,포천아트밸리 (한탄강 유네스코 세계지질공원),,전연령,"경기 포천시 신북면 아트밸리로 234 | 위도:37.923769404150434, 경도:127.23897521635979",,"포천아트밸리는 역사, 생태 및 문화콘텐츠가 융합된 폐채석장 업사이클링 관광지이다. 이곳은 국가 주요 기관 건물에 사용될 만큼 재질이 단단하고 아름답기로 유명한 포천석을 1960년대부터 30년간 채석하던 화강암 채석장이었다. 하지만, 1990년대 이후 양질의 화강암 생산량이 감소하면서 폐채석장으로 방치되어 황폐화되었던 곳을 포천시가 2004년부터 2009년까지 친환경 복합예술 문화공원으로 재탄생시켰다. 포천아트밸리는 훼손된 자연경관을 친환경적으로 복구하고 일부는 과거 경관을 그대로 보존함으로써 근대산업 유산의 흔적과 문화 예술공간을…",https://artvalley.pcfac.or.kr/,couple:1.0;date_spot:1.0;야경뷰포인트,2026-09-11 22:03:25,outdoor,,100.0,🌙 낭만적인 밤풍경과 드라이브 분위기를 만끽할 수 있는 커플 데이트 명소,outdoor,nightview,visitkorea,,visitkorea_read,capital
대한민국 구석구석(VisitKorea) | 커플/데이트 태그,야경뷰포인트,광교호수공원,,전연령,"경기 수원시 영통구 광교호수로 165 (하동) | 위도:37.283267664884804, 경도:127.07005673626671",,"광교호수공원은 아름다운 수변공간인 어반레비와 함께 6개의 테마를 가진 둠벙으로 어우러져 여러 가지 새로운 문화를 담은 국내 최대의 도심 속 호수공원이다. 광교산과 원천저수지 및 신대저수지의 자연을 최대한 보존함에 중점을 두었다. 바닥분수인 ‘신비한 물너미’, ‘물보석 분수’ 등 9개의 분수시설과 총 6.5㎞의 순환보행로, 도심 속 힐링 공간인 가족캠핑장, 다양한 체험이 가능한 다목적 체험장, 야외공연장, 스포츠클라이밍장, 수변 위에 5개의 원형데크와 아치형의 정다운 다리가 있는 조용한 숲, 행복한 꽃섬, 습지와 버드나무가 어우러진…",http://www.gglakepark.or.kr/,couple:1.0;date_spot:1.0;야경뷰포인트,2026-09-11 22:03:25,outdoor,,5.9,🌙 낭만적인 밤풍경과 드라이브 분위기를 만끽할 수 있는 커플 데이트 명소,outdoor,nightview,visitkorea,,visitkorea_read,capital
대한민국 구석구석(VisitKorea) | 커플/데이트 태그,야경뷰포인트,테라판타지아,,전연령,"경기 포천시 영북면 비둘기낭길 191 | 위도:38.0837859023497, 경도:127.220323170855",,"포천에 위치한 한탄강 ‘테라판타지아’는 국내 최대 규모 나이트워크 미디어아트 파크다. 한탄강 하늘다리, 마당교 데크 로드, 한탄강 생태경관단지, Y형 출렁다리, 작은낭 폭포 숲길, 비둘기낭 폭포 일원을 연결하는 미디어아트 관광시설이다. 한탄강의 지질·생태·야간경관을 빛, 영상, 음악, 인터랙티브 콘텐츠로 재해석하여 관람객이 걸으며 체험할 수 있도록 조성하였다. 주요 콘텐츠는 하늘다리 LED 타워 프리쇼, 데크로드 미디어 콘텐츠, 생태경관단지 정령 콘텐츠, 주상절리 적벽 미디어 파사드 쇼 ‘빛의 화산’, Y형 출렁다리 인터랙티브 LE…",https://www.pocheon.go.kr/terrafantasia/index.do,couple:1.0;date_spot:1.0;야경뷰포인트,2026-09-11 22:03:25,outdoor,,3.9,🌙 낭만적인 밤풍경과 드라이브 분위기를 만끽할 수 있는 커플 데이트 명소,outdoor,nightview,visitkorea,,visitkorea_read,capital
대한민국 구석구석(VisitKorea) | 커플/데이트 태그,야경뷰포인트,플라잉 수원,,전연령,"경기 수원시 팔달구 경수대로 697 (지동) | 위도:37.2873, 경도:127.0257",,"플라잉수원은 계류식 헬륨기구를 타고 최대 150m 상공에서 수원화성의 전경을 한눈에 조망할 수 있는 이색적인 관람시설이다. 계절에 따라 색다른 모습으로 변하는 수원화성을 하늘에서 감상할 수 있어 가족, 친구, 연인과 함께 특별한 추억을 만들기 좋다. 헬륨기구는 최대 30명까지 탑승할 수 있으며, 승객의 안전을 위해 숙련된 파일럿이 함께 탑승한다. 기낭은 유럽 항공 안전국 규정을 통과했으며 프랑스 보건국 안전 공인을 완료하는 등 안전성을 검증받았다. 탑승은 상승과 정지 관람, 하강을 포함해 약 10분간 진행된다.",http://www.flyingsuwon.com/,couple:1.0;date_spot:1.0;야경뷰포인트,2026-09-11 22:03:25,outdoor,,3.5,🌙 낭만적인 밤풍경과 드라이브 분위기를 만끽할 수 있는 커플 데이트 명소,outdoor,nightview,visitkorea,,visitkorea_read,capital
대한민국 구석구석(VisitKorea) | 커플/데이트 태그,야경뷰포인트,백운호수,,전연령,"경기 의왕시 백운로 526 (학의동) | 위도:37.380292, 경도:127.002928",,"백운호수는 청계산과 백운산, 모락산이 병풍처럼 둘러싼 평지에 자리한 인공호수로, 1953년에 준공되었다. 원래 농업용수의 원활한 공급을 목적으로 조성되었으나 지역의 산업화, 도시화로 농지가 사라져 지금은 호수로 남았다. 수려한 경관과 함께 주변에 맛집과 카페가 모여 있어 수도권 관광객들의 발길이 끊이지 않는 명소이며, 롯데프리미엄아울렛 의왕점과도 가까워 함께 둘러보기 좋다. 백운호수에는 데크 산책로가 조성되어 있는데 고요하고 한적해 여유롭게 산책하며 물멍 할 수 있고, 2023년 호수 내 개장한 무민공원에서는 놀이터와 매일 저녁 다…",http://www.uiwang.go.kr/culture/UWTOURSEE0106,couple:1.0;date_spot:1.0;야경뷰포인트,2026-09-11 22:03:25,outdoor,,7.5,🌙 낭만적인 밤풍경과 드라이브 분위기를 만끽할 수 있는 커플 데이트 명소,outdoor,nightview,visitkorea,,visitkorea_read,capital
대한민국 구석구석(VisitKorea) | 커플/데이트 태그,야경뷰포인트,칠곡호수공원,상시,전연령,"경기 안성시 원곡면 만세로 1100 | 위도:37.0481401770642, 경도:127.157142180976",,경기도 안성에 위치한 노을과 음악이 만나는 ‘칠곡호수공원’은 2026년 3월 27일 개장한 곳이다. 칠곡호수공원은 ‘노을빛이 아름다운 호수’라는 특성을 극대화했다. 하루 중 가장 아름다운 낙조를 감상할 수 있도록 공원 곳곳에 전망 공간과 휴식공간을 배치해 방문객들에게 힐링의 시간을 선사한다. 칠곡호수의 핵심 콘텐츠인 음악분수 ‘기억의 빛’은 안성의 역사성을 현대적 감각으로 재해석했다. 남한 내 유일한 전국 3대 실력 항쟁지였던 지역의 자부심을 담아 국내 최초 3.1운동 컨셉 음악분수가 연출된다. (출처 : 안성 문화관광),https://www.anseong.go.kr/tour/themeTourist/view.do?mId=0104000000&idx=206,couple:1.0;date_spot:1.0;야경뷰포인트,2026-09-11 22:03:25,outdoor,,6.9,🌙 낭만적인 밤풍경과 드라이브 분위기를 만끽할 수 있는 커플 데이트 명소,outdoor,nightview,visitkorea,,visitkorea_read,capital
대한민국 구석구석(VisitKorea) | 커플/데이트 태그,야경뷰포인트,동탄호수공원,,전연령,"경기 화성시 동탄순환대로 69 (송동) | 위도:37.16690281573571, 경도:127.10243358384851",,"화성 동탄 호수공원은 동탄신도시의 산척저수지와 송방천 일대에 조성된 공원으로, 화성시 및 인근 주민들에게 휴식과 다양한 문화를 즐길 수 있는 공간을 제공한다. 호수를 따라 넓게 펼쳐진 잔디밭과 대규모 피크닉장, 피톤치드 숲 등이 있는 도심 속 웰빙공간이다. '맑은 물과 수려한 지형지세를 가진 정온한 곳에서 현자가 태어난다.’의 컨셉으로 기존 산척저수지의 자연환경을 보존하면서 호수 고유의 경관을 활용했다. 컨테이너 브릿지를 따라 산책로가 조성되어 있으며, 다양한 특화벤치에서 안락하게 호수경관을 감상할 수 있다. 운동시설, 물놀이장 등…",https://hspark.hscity.go.kr/,couple:1.0;date_spot:1.0;야경뷰포인트,2026-09-11 22:03:25,outdoor,,29.1,🌙 낭만적인 밤풍경과 드라이브 분위기를 만끽할 수 있는 커플 데이트 명소,outdoor,nightview,visitkorea,,visitkorea_read,capital
대한민국 구석구석(VisitKorea) | 커플/데이트 태그,야경뷰포인트,서해랑 제부도 해상케이블카,,전연령,"경기 화성시 서신면 전곡항로 1-10 | 위도:37.1839101279722, 경도:126.65009790299628",,"서해안의 수려한 자연경관과 어울릴 수 있는 전곡항, 제부도 바다 위 2.12㎞ 국내 최장 해상 케이블카 위치를 선정, 자연과 사람이 어우러진 새로운 랜드마크가 있다. 제부도 지역 고유의 특징과 아름다움을 담은 현대적 모습과 기능을 하고 있어 서해안과 수도권 관광 명소다. 서해랑 케이블카에서는 갯벌과 바다를 동시에 즐길 수 있으며, 가장 멋지게 즐길 수 있는 시점은 일몰 시각이다. 갯벌을 상공에서 바라볼 수 있는 점도 서해랑 케이블카만의 특별한 포인트이다. 양쪽 정류장을 이용해서 탑승할 수 있으며, 제부도와 전곡항 양쪽을 즐길 수 있…",http://www.seohaerang.com/,couple:1.0;date_spot:1.0;야경뷰포인트,2026-09-11 22:03:25,outdoor,,9.7,🌙 낭만적인 밤풍경과 드라이브 분위기를 만끽할 수 있는 커플 데이트 명소,outdoor,nightview,visitkorea,,visitkorea_read,capital
대한민국 구석구석(VisitKorea) | 커플/데이트 태그,야경뷰포인트,월미짱랜드,,전연령,"인천 제물포구 월미문화로 81 (북성동1가) | 위도:37.4714, 경도:126.5963",,"인천에 위치한 월미도의 대형 놀이체험 테마파크이다. 아케이드 게임, 물총놀이, 물놀이보트, 미니 후룸라이드 등 다양한 놀이기구와 체험이 준비되어 있어 남녀노소 누구나 즐길 수 있는 공간이다. 특히 아이들과 함께 방문하기에 좋으며, 연인과의 데이트 장소로도 안성맞춤이다. 테마파크 내에는 커피숍, 햄버거 가게, 편의점 등 다양한 먹거리와 편의시설이 마련되어 있다. 월미짱랜드에서 가장 눈에 띄는 놀이기구는 대관람차로, 밤이 되면 화려한 조명이 켜지며 아름다운 야경을 감상할 수 있는 명소이다.",https://korean.visitkorea.or.kr/detail/ms_detail.do?cotid=3aa48408-dc2f-4094-8e7b-685f2a10b1f8,couple:1.0;date_spot:1.0;야경뷰포인트,2026-09-11 22:03:25,outdoor,,5.3,🌙 낭만적인 밤풍경과 드라이브 분위기를 만끽할 수 있는 커플 데이트 명소,outdoor,nightview,visitkorea,,visitkorea_read,capital
대한민국 구석구석(VisitKorea) | 커플/데이트 태그,야경뷰포인트,월미도,,전연령,"인천 제물포구 월미문화로 36 (북성동1가) | 위도:37.4722, 경도:126.6001",,"1989년 7월 문화의 거리가 조성된 이래 문화예술의 장, 만남과 교환의 장 그리고 공연놀이마당 등으로도 알려지기 시작한 월미도는 인천 하면 떠올릴 만큼 유명한 곳이다. 이곳은 카페, 회센터 등 조화를 이루며 늘어서 있어 시원한 바다를 바라보며 구미에 맞는 음식을 골라 즐길 수도 있다. 휴일엔 각지에서 수십만 명의 인파가 몰리며 인천시민과 그 주변 시민의 휴식 공간으로 자리하고 있다. 월미도 문화의 거리는 관광객을 위하여 특성있는 구간을 조성하여 만남교환의 장, 문화예술의 장과 각종 공연을 위한 연출의 장을 설치하여 이용객의 편의를…",http://wolmi-do.co.kr/,couple:1.0;date_spot:1.0;야경뷰포인트,2026-09-11 22:03:25,outdoor,,34.4,🌙 낭만적인 밤풍경과 드라이브 분위기를 만끽할 수 있는 커플 데이트 명소,outdoor,nightview,visitkorea,,visitkorea_read,capital
대한민국 구석구석(VisitKorea) | 커플/데이트 태그,야경뷰포인트,달맞이근린공원,,전연령,"서울 성동구 금호동4가 | 위도:37.5434, 경도:127.021",,"달맞이근린공원은 옥수동 미타사와 현대아파트가 있는 뒷산으로 예전부터 정월 보름에 주민들이 이곳에 올라가 달을 맞이하였다 하여 붙여진 이름이다. 이 공원은 해돋이 명소이자 서울 야경 명소로 많은 사람들이 찾고 있다. 한강변에 우뚝 선 바위산으로 한강을 가깝게 바라볼 수 있다. 영화의 촬영지로도 유명하지만, 뚝섬부터 한남대교가 내려다 보이는 야경이 아름답기로 유명한 곳이며, 멋진 한강의 다리를 배경으로 찍을 수 있는 포토존도 있고 누워서 달과 별을 볼 수 있는 벤치도 설치되어 있다.",https://parks.seoul.go.kr/parks/detailView.do?pIdx=1011,couple:1.0;date_spot:1.0;야경뷰포인트,2026-09-11 22:03:25,outdoor,,3.1,🌙 낭만적인 밤풍경과 드라이브 분위기를 만끽할 수 있는 커플 데이트 명소,outdoor,nightview,visitkorea,,visitkorea_read,capital
대한민국 구석구석(VisitKorea) | 커플/데이트 태그,야경뷰포인트,석촌호수,,전연령,"서울 송파구 잠실동 | 위도:37.507916, 경도:127.098944",,"석촌호수 북쪽 잠실벌은 서호의 남쪽에 나루터가 있던 한강이었으나, 세월이 지남에 따라 토사가 쌓여 인공섬이 생기면서 광진교 밑에서부터 잠실야구장까지 지금의 석촌호수를 지나는 송파강과 신천강을 이루는 샛강이 생기게 되었다. 1969년 한강본류의 하상 정비 개발에 착수하면서 이 강을 매립하였으나 일부는 호수로 남겨놓았고, 1980년대 초 호수를 정비하여 공원화하였다. 송파나루공원은 송파대로가 개통하면서 석촌호수가 동서로 같은 모양의 동호, 서호로 나누어져 있으며, 호수와 공원으로 조성된 이상적인 형태의 공원으로 조깅 코스 및 산책로가…",https://www.songpa.go.kr/culture/detailInfo.do?resrceCd=TR0147-1000053&sc1=TR0147&rcpp=6&key=3822,couple:1.0;date_spot:1.0;야경뷰포인트,2026-09-11 22:03:25,outdoor,,16.1,🌙 낭만적인 밤풍경과 드라이브 분위기를 만끽할 수 있는 커플 데이트 명소,outdoor,nightview,visitkorea,,visitkorea_read,capital
대한민국 구석구석(VisitKorea) | 커플/데이트 태그,야경뷰포인트,라베니체광장,,전연령,"경기 김포시 장기동 2028 | 위도:37.641958, 경도:126.678128",,"김포 한강신도시가 개발되며 조성된 한강중앙공원은 수변 산책길의 금빛수로와 라베니체 상가까지 멋진 산책길로 이어진다. 산책길로 이어지는 금빛 수로 라베니체는 남단과 북단까지 다양한 풍경이 펼쳐진다. 물의 도시 베니스를 모티브로 조성하였다는 라베니체는 왕복 1.7㎞ 수변을 따라 다양한 상점들이 이어진다. 센트럴 플라자 중앙광장을 중심으로 수변 좌우로 생활소품과 음식점, 맥줏집 등으로 가벼운 산책 후에 쇼핑과 함께 힐링 타임을 즐기기에 최적인 곳이다.",https://www.gimpo.go.kr/culture/selectTourCntntsWebView.do?key=6838&ctgry=9&tourNo=1914,couple:1.0;date_spot:1.0;야경뷰포인트,2026-09-11 22:03:25,outdoor,,13.0,🌙 낭만적인 밤풍경과 드라이브 분위기를 만끽할 수 있는 커플 데이트 명소,outdoor,nightview,visitkorea,,visitkorea_read,capital
대한민국 구석구석(VisitKorea) | 커플/데이트 태그,야경뷰포인트,임진각 수풀누리,,전연령,"경기 파주시 문산읍 임진각로 148-40 | 위도:37.892013456157144, 경도:126.74474640589587",,"임진각관광지 내에 위치한 임진각 수풀누리는 한반도의 평화를 기원하며 만들어진 아름다운 습지체험원으로 낮에는 푸른 나무와 꽃들이 가득해 힐링을 선사하고 밤에는 환상적인 야간조명과 첨단 미디어 쇼가 펼쳐지는 야간관광 명소이다. 남북 분단의 아픔을 간직한 한반도의 평화와 인공으로 조성된 습지의 교육적 가치를 동시에 체험할 수 있어 모두가 방문하기 좋다. 시민들의 습지체험원으로 조성된 공간으로 비교적 한적하게 산책하며 사색을 즐길 수 있는 곳이다. 메타세쿼이아길, 창포섬, 관찰 데크, DMZ정원, 잔디동산, 잔디광장으로 조성된 습지 생태를…",https://korean.visitkorea.or.kr/detail/ms_detail.do?cotid=13a50fde-92a2-4b3a-a4f3-77fbbf735c85,couple:1.0;date_spot:1.0;야경뷰포인트,2026-09-11 22:03:25,outdoor,,2.1,🌙 낭만적인 밤풍경과 드라이브 분위기를 만끽할 수 있는 커플 데이트 명소,outdoor,nightview,visitkorea,,visitkorea_read,capital
대한민국 구석구석(VisitKorea) | 커플/데이트 태그,야경뷰포인트,남한강출렁다리,,전연령,"경기 여주시 강문로 8-578 (천송동) | 위도:37.2949, 경도:127.6559",,"여주 남한강 출렁다리는 2025년 5월 1일 정식 개통했으며, 길이 515m, 보행 폭 2.5m, 주탑 높이 48m이다. 여주 남한강을 가로지르며 천송동과 연양동을 연결하는 교량으로, 강 위에 설치된 구조물 중 드물게 보행자 전용으로 설계되어 관광 및 휴식 공간으로 기능하고 있다. 주요 구조 형식은 현수교 방식이며, 출렁다리 바닥에는 미디어글라스가 설치되어 있어 바닥이 깨지는 보행 체험을 제공한다. 상부에는 미디어파사드 경관 조명이 조성되어 있어 야간에도 안전하고 아름다운 경관을 감상할 수 있도록 구성되어 있다. 또한 중앙에는 프러…",https://www.yjcf.or.kr/cms/content/view/604,couple:1.0;date_spot:1.0;야경뷰포인트,2026-09-11 22:03:25,outdoor,,0.9,🌙 낭만적인 밤풍경과 드라이브 분위기를 만끽할 수 있는 커플 데이트 명소,outdoor,nightview,visitkorea,,visitkorea_read,capital
대한민국 구석구석(VisitKorea) | 커플/데이트 태그,야경뷰포인트,화홍문(華虹門),,전연령,"경기 수원시 팔달구 수원천로 377 | 위도:37.2870233177741, 경도:127.017220046548",,"화성에는 수원천이 남북으로 가로질러 흐르는데 성의 연결 부분에는 수문을 설치하여 북쪽에는 북수문, 남쪽에는 남수문을 두었다. 화홍문은 화성의 북수문으로 7개의 무지개 모양의 수문이 설치되어 있다. 특징이라면 7개의 수문의 크기가 다르다는 것이다. 가운데 수문이 좌우의 수문보다 넓고 크게 설치되어 우량[雨量]을 효과적으로 조절할 수 있다. 화홍문 동쪽 언덕에는 화려한 건축미를 자랑하는 방화수류정[訪華隨柳亭]이 있다. ◎ 한류의 매력을 만나는 여행 정보 - 드라마 화홍문은 수문을 밝히는 조명과 산책길 덕분에 야경 명소로 유명하다. 솔이…",https://www.suwon.go.kr/web/visitsuwon/hs01/hs01-01/pages.do?seqNo=22,couple:1.0;date_spot:1.0;야경뷰포인트,2026-09-11 22:03:25,outdoor,,1.6,🌙 낭만적인 밤풍경과 드라이브 분위기를 만끽할 수 있는 커플 데이트 명소,outdoor,nightview,visitkorea,,visitkorea_read,capital
대한민국 구석구석(VisitKorea) | 커플/데이트 태그,야경뷰포인트,한탄강 Y자 출렁다리,,전연령,"경기 포천시 영북면 대회산리 산42-1 | 위도:38.0798, 경도:127.2146",,"2024년 9월에 개통된 한탄강 Y자 출렁다리는 국내 최장 410m로 한탄강의 아름다운 경관을 살리기 위해 무주탑 형태로 시공되었으며, 비둘기낭 폭포와 한탄강 생태경관단지를 연결해 방문객들이 편리하게 오갈 수 있게 해주는 다리이다. 마치 강 위에 삼발이를 올려놓은 것처럼 세 개의 출렁다리가 가운데로 모이는 모양이다. 한탄강 생태경관단지, 한탄강 하늘다리와 비둘기낭 폭포, 가람누리전망대 등 3곳에서 다리를 건널 수 있으며, 가람누리전망대 방향은 곧바로 출렁다리로 연결된다. 또한 2020년 유네스코 세계지질공원으로 지정된 아름다운 한탄…",https://www.hantangeopark.kr/,couple:1.0;date_spot:1.0;야경뷰포인트,2026-09-11 22:03:25,outdoor,,22.7,🌙 낭만적인 밤풍경과 드라이브 분위기를 만끽할 수 있는 커플 데이트 명소,outdoor,nightview,visitkorea,,visitkorea_read,capital
대한민국 구석구석(VisitKorea) | 커플/데이트 태그,야경뷰포인트,영흥도 하늘고래전망대,,전연령,"인천 옹진군 영흥면 영흥북로 74 | 위도:37.25917847721626, 경도:126.50107043592645",,"인천 옹진군에 있는 하늘고래전망대는 바다와 하늘을 함께 볼 수 있는 전망대이다. 이곳에서는 영흥대교와 인천 서해, 그리고 바닷가에 세워진 조형물인 하늘고래를 한눈에 감상할 수 있다. 하늘고래는 바다와 생명 그리고 꿈을 상징하는 전설의 동물로, 청정한 옹진의 반딧불이 모여 하늘을 나는 고래의 모습이 된 것 같은 모습을 조형물로 표현했다고 한다. 옹진과 영흥주민들의 풍요와 소원성취를 기원하기 위해 건립했으며 하늘로 힘차게 뻗은 고래의 꼬리가 인상적이다. 야간 조명이 들어오면 그 진가를 발휘한다. 일몰이 되어 낙조와 함께 하늘고래전망대에…",https://korean.visitkorea.or.kr/detail/ms_detail.do?cotid=2b019126-98ae-4c1b-b2e3-f0b8dce32884,couple:1.0;date_spot:1.0;야경뷰포인트,2026-09-11 22:03:25,outdoor,,2.6,🌙 낭만적인 밤풍경과 드라이브 분위기를 만끽할 수 있는 커플 데이트 명소,outdoor,nightview,visitkorea,,visitkorea_read,capital
대한민국 구석구석(VisitKorea) | 커플/데이트 태그,야경뷰포인트,송도센트럴공원 수상택시선착장,,전연령,"인천 연수구 센트럴로 229 (송도동) | 위도:37.393958, 경도:126.630299",,송도 센트럴파크는 대한민국의 베니스이다. 강물처럼 보이지만 뱃길은 바닷물이다. 송도 수상공원 양옆으로 화려하고 높은 고층빌딩 숲을 이루고 있는데 배를 타고 송도의 A9 아름다운 풍광을 즐길 수 있다. 웨스트보트 하우스 수상택시 선착장 매표소 앞은 노천카페처럼 수상공원을 바라볼 수 있는 야외테이블이 마련되어 있다. 정원에 따라 배의 크기를 달리 선택할 수 있으며 보트를 바닷길을 달리는 이색적인 경험으로 송도의 대표 관광지로 유명하다.,http://www.komarine.kr/sub/leisure/songdo.asp,couple:1.0;date_spot:1.0;야경뷰포인트,2026-09-11 22:03:25,outdoor,,4.8,🌙 낭만적인 밤풍경과 드라이브 분위기를 만끽할 수 있는 커플 데이트 명소,outdoor,nightview,visitkorea,,visitkorea_read,capital
대한민국 구석구석(VisitKorea) | 커플/데이트 태그,야경뷰포인트,일산호수공원 노래하는분수대,,전연령,"경기 고양시 일산동구 호수로 731 (장항동) | 위도:37.663895, 경도:126.757603",,일산호수공원에 위치한 노래하는 분수대는 경쾌한 음악과 함께 화려한 불빛과 시원한 물줄기로 화려한 분수쇼를 만들어 낸다. 울려 퍼지던 음악이 클라이맥스로 다다르면 물줄기는 하늘로 솟구쳐 오르면서 조명의 불빛이 시시각각 변하며 화려한 퍼포먼스와 힘찬 안무가 그려지는 것 같다. 고양꽃축제와 함께 가족과 즐길 수 있는 호수공원의 명소이다. 기상악화 시 분수쇼 공연은 취소된다.,https://www.gys.or.kr/mmusic/,couple:1.0;date_spot:1.0;야경뷰포인트,2026-09-11 22:03:25,outdoor,,2.5,🌙 낭만적인 밤풍경과 드라이브 분위기를 만끽할 수 있는 커플 데이트 명소,outdoor,nightview,visitkorea,,visitkorea_read,capital
대한민국 구석구석(VisitKorea) | 커플/데이트 태그,야경뷰포인트,망원한강공원,,전연령,"서울 마포구 마포나루길 467 | 위도:37.5514, 경도:126.9005",,"서울 시민의 휴식공간인 한강시민공원 중 망원한강공원은 원효대교와 성산대교 사이 강변북단에 위치해 있으며, 마포구와 인접해 있다. 둔치에는 잔디밭과 산책로 등 휴식공간 잘 조성되어 있고, 각종 운동시설과 자전거도로 등도 마련되어 있다. 친구와 연인과 함께 방문해 휴식시간을 가질 수 있다. 또한 수상에서는 윈드서핑, 수상스키, 모터보트 등 수상레저활동이 이루어지고 있고, 주변에 망원정, 절두산 성지 등 문화유적지가 있으며, 월드컵경기장, 인천국제공항 등과 연계되어 있다.",https://hangang.seoul.go.kr/archives/46737,couple:1.0;date_spot:1.0;야경뷰포인트,2026-09-11 22:03:25,outdoor,,6.7,🌙 낭만적인 밤풍경과 드라이브 분위기를 만끽할 수 있는 커플 데이트 명소,outdoor,nightview,visitkorea,,visitkorea_read,capital
대한민국 구석구석(VisitKorea) | 커플/데이트 태그,야경뷰포인트,이랜드크루즈(한강유람선),,전연령,"서울 영등포구 여의동로 280 (여의도동) | 위도:37.52496214840467, 경도:126.93901856814755",,"한강유람선은 1986년 10월 26일에 서울특별시의 중심부를 동서로 가로지르는 유람선을 첫 취항하여 운항을 개시하였다. 현재 ㈜이랜드크루즈에서 여의도와 잠실을 중심으로 2개의 터미널을 운영하고 있다. 이랜드크루즈에서는 한강의 아름다운 낮 경치를 관람할 수 있는 스토리크루즈와 야경과 함께 반포대교 달빛무지개분수를 관람할 수 있는 뮤직크루즈, 야경과 감미로운 재즈 공연이 함께하는 달빛크루즈와 같은 상품을 만나볼 수 있다. 이 밖에도 고품격 선상 뷔페 상품인 런치 뷔페크루즈와 디너 뷔페크루즈에서 이랜드크루즈 수석 셰프의 다양한 호텔식 식…",http://www.elandcruise.com/,couple:1.0;date_spot:1.0;야경뷰포인트,2026-09-11 22:03:25,outdoor,,15.6,🌙 낭만적인 밤풍경과 드라이브 분위기를 만끽할 수 있는 커플 데이트 명소,outdoor,nightview,visitkorea,,visitkorea_read,capital
대한민국 구석구석(VisitKorea) | 커플/데이트 태그,야경뷰포인트,옥정호수공원,,전연령,"경기 양주시 옥정동로7길 108 | 위도:37.8221428371765, 경도:127.095016593526",,"tvN에서 방영된 ‘사이코지만 괜찮아’ 제7회분에서 김수현(문강태 역)과 서예지(고문영 역) 커플이 걷던 호수 위 산책로가 있는 공원이다. 음악분수와 함께 아름다운 야경이 장관을 이루어 드라마에서도 데이트 장면에 삽입되었다. 옥정호수공원은 광장 내 무궁화 언덕, 김삿갓 광장, 쉼터, 음악분수, 공연장 등으로 구성돼 있고 축제를 위한 복합휴게공간도 마련되어 있다. 특히 여름철에 운영하는 음악분수는 그 물줄기가 다양한 조명에 어울리며 리듬에 맞춰 춤사위를 펼치는 환상적인 경관을 연출한다.",https://korean.visitkorea.or.kr/detail/ms_detail.do?cotid=57160f83-6bb5-4435-ad55-fbff4863b3ab,couple:1.0;date_spot:1.0;야경뷰포인트,2026-09-11 22:03:25,outdoor,,2.0,🌙 낭만적인 밤풍경과 드라이브 분위기를 만끽할 수 있는 커플 데이트 명소,outdoor,nightview,visitkorea,,visitkorea_read,capital
대한민국 구석구석(VisitKorea) | 커플/데이트 태그,야경뷰포인트,롯데월드타워&롯데월드몰,,전연령,"서울 송파구 올림픽로 300 (신천동) | 위도:37.514113873232, 경도:127.10406050706861",,"한국적 곡선의 미를 지닌 한국 전통의 도자기와 붓의 형상을 모티브로 설계된 롯데월드타워는 총 129층, 555m 높이로 세계 6위의 초고층 빌딩이다. 대지면적은 축구장의 12.2배, 전체 총면적은 축구장의 110배에 달하는 거대한 수직도시이다. 2016년 12월 마침내 준공되었으며, 특급 호텔 시그니엘 서울과, 화려한 서울의 야경을 볼 수 있는 전망대인 서울스카이, 최고급 레지던스와 오피스 공간, 복합기능공간 등으로 구성되어 있다. 롯데월드몰은 국내 최대의 명품 백화점인 에비뉴엘과 국내 시내 면세점 중 최대 면적을 자랑하는 롯데면세…",http://www.lwt.co.kr,couple:1.0;date_spot:1.0;야경뷰포인트,2026-09-11 22:03:25,outdoor,,8.9,🌙 낭만적인 밤풍경과 드라이브 분위기를 만끽할 수 있는 커플 데이트 명소,outdoor,nightview,visitkorea,,visitkorea_read,capital
대한민국 구석구석(VisitKorea) | 커플/데이트 태그,야경뷰포인트,북악스카이 팔각정,,전연령,"서울 종로구 북악산로 267 (평창동) | 위도:37.60197566301518, 경도:126.98055044458755",,"북악스카이 팔각정은 해발 342m 북악산 위에 한국 전통미를 살린 한옥형 정자로서 천혜의 입지조건을 갖춘 서울 도심 속의 관광 명소이다. 1968년 9월에 개통된 북악스카이웨이는 북악팔각정으로 오르는 드라이브 코스로 잘 알려진 명소로 서울의 주산인 북악산의 능선을 따라 동북으로 뻗친 관광도로의 길이가 약 19㎞에 이른다. 북악팔각정에서는 북한산 비봉과 문수봉이 이어지는 산세가 장관을 이루고, 다른 한쪽은 남산을 바라보고 앉은 서울시의 아름다운 경관이 보인다. 전 구간에 걸쳐 잘 가꾸어진 가로수와 약 10만 그루의 관상수들이 철 따라…",https://korean.visitseoul.net/attractions/%EB%B6%81%EC%95%85%EC%8A%A4%EC%B9%B4%EC%9D%B4%EC%9B%A8%EC%9D%B4-%ED%8C%94%EA%B0%81%EC%A0%95/KOP011117,couple:1.0;date_spot:1.0;야경뷰포인트,2026-09-11 22:03:25,outdoor,,12.2,🌙 낭만적인 밤풍경과 드라이브 분위기를 만끽할 수 있는 커플 데이트 명소,outdoor,nightview,visitkorea,,visitkorea_read,capital
대한민국 구석구석(VisitKorea) | 커플/데이트 태그,실내데이트,조양방직,,전연령,"인천 강화군 강화읍 향나무길5번길 12 | 위도:37.7467787566069, 경도:126.480970774647",,"1933년 국내 자본으로 설립된 강화군 최초의 인견 공장이었던 조양방직은 세월이 흘러 강화 직물이 쇠락하자 폐가로 전락했다. 흉물스럽게 쓰러져가던 건물은 거대한 카페로 재탄생하였다. 허물어져 가던 벽면은 근사한 미술관이며 영화관이 되었고, 기다란 작업대는 커피 테이블로 바뀌었으며, 기계도 사람도 떠난 공간은 중국과 유럽 등지에서 찾은 골동품으로 채워졌다. 깨진 유리창을 간직한 영국제 문짝, 체코의 옛 기차에 달렸던 둥근 거울, 겨울마다 몸을 뒤집느라 애쓴 붕어빵 기계가 원래부터 그 자리에 있었던 듯 자연스럽게 배치하여 990㎡(약…",https://korean.visitkorea.or.kr/detail/ms_detail.do?cotid=16b4788c-2273-46ef-a7c2-71165084db46,couple:1.0;date_spot:1.0;실내데이트,2026-09-11 22:03:25,outdoor,,38.9,🌙 낭만적인 밤풍경과 드라이브 분위기를 만끽할 수 있는 커플 데이트 명소,outdoor,cafe,visitkorea,,visitkorea_read,capital
대한민국 구석구석(VisitKorea) | 커플/데이트 태그,실내데이트,송탄 관광특구,,전연령,"경기 평택시 신장동 | 위도:37.08, 경도:127.0498",,평택에 위치한 송탄관광특구는 미군 기지를 중심으로 쇼핑과 유흥 시설이 들어선 지역이다. 이태원의 작은 골목과 비교되며 ‘리틀 이태원’으로 불리기도 한다. 송탄 관광특구도 동두천 관광특구처럼 미군 기지를 중심으로 조성된 거리여서 미군을 중심으로 한 외국인 관광객이 전체 관광객의 90% 이상을 차지한다. 송탄 관광특구는 신장지구와 서정지구로 나뉜다. 신장 지구는 1998년에 완공된 신장 지구 쇼핑몰을 중심으로 조성된 거리이다. 미군기지 앞에서부터 시작하는 약 300m의 보행자 전용 도로를 걸으며 쇼핑과 휴식을 적절히 즐길 수 있다. 서…,https://www.pyeongtaek.go.kr/tour/bbs/view.do?mId=0106000000&bIdx=287129&ptIdx=633,couple:1.0;date_spot:1.0;실내데이트,2026-09-11 22:03:25,exhibition,,12.7,🌙 낭만적인 밤풍경과 드라이브 분위기를 만끽할 수 있는 커플 데이트 명소,exhibition,exhibition,visitkorea,,visitkorea_read,capital
대한민국 구석구석(VisitKorea) | 커플/데이트 태그,실내데이트,아쿠아필드 고양,,전연령,"경기 고양시 덕양구 고양대로 1955 (동산동) | 위도:37.646977059497985, 경도:126.89477800778101",,"북한산이 바라다보이는 고양시의 가족 힐링 핫 플레이스이다. 클래스가 다른 찜질 스파가 압권이며, 루프탑 풀(야외 수영장)에서는 누구나 한 번쯤 꿈꾸었던 로망을 만끽할 수 있다. 조금 더 좋고, 조금 더 안심되는 휴식, 최고의 시설에 배려를 더했다. 찜질 스파는 참숯방, 황토 방, 불가마 등 전통 찜질 룸과 미디어아트 룸, 구름 방등 테마형 찜질 룸을 모두 구비했다. 그리고 수평선과 이어지는 듯한 환상적인 느낌의 인피니티 풀이 시그니처이다.",https://www.aquafield.co.kr,couple:1.0;date_spot:1.0;실내데이트,2026-09-11 22:03:25,exhibition,,4.2,🌙 낭만적인 밤풍경과 드라이브 분위기를 만끽할 수 있는 커플 데이트 명소,exhibition,exhibition,visitkorea,,visitkorea_read,capital
대한민국 구석구석(VisitKorea) | 커플/데이트 태그,실내데이트,서울대공원,,전연령,"경기 과천시 대공원광장로 102 (막계동) | 위도:37.4364522885613, 경도:127.01389757579",,"서울대공원은 경기도 과천시에 위치한 종합 테마파크로, 1984년 개장 이후 자연과 문화, 여가를 함께 즐길 수 있는 복합 휴식 공간으로 사랑받고 있다. 야생동물 보전과 연구, 교육을 수행하는 국내 대표 동물원인 서울동물원을 비롯해, 우리나라 최초 조성된 공립수목원으로서 1,600여 종의 다양한 식물을 선보이는 서울대공원 식물원을 갖추고 있다. 또한, 청계산의 천연 식생이 그대로 잘 보존되어 있어 산림치유 프로그램 운영의 최적지로 손꼽히는 치유의 숲을 포함해 산림욕장, 캠핑장 등 다양한 시설을 갖추고 있다. 인접한 서울랜드, 국립현대…",http://grandpark.seoul.go.kr/,couple:1.0;date_spot:1.0;실내데이트,2026-09-11 22:03:25,exhibition,,10.5,🌙 낭만적인 밤풍경과 드라이브 분위기를 만끽할 수 있는 커플 데이트 명소,exhibition,exhibition,visitkorea,,visitkorea_read,capital
대한민국 구석구석(VisitKorea) | 커플/데이트 태그,야외데이트,광화문,,전연령,"서울 종로구 사직로 161 | 위도:37.5760179589004, 경도:126.976788008924",,"광화문은 경복궁의 정문으로 국왕이 드나드는 정문이기도 했지만, 조선의 법궁인 경복궁의 정문이었기 때문에 다른 궁궐의 정문에 비해 그 규모와 격식 면에서도 매우 웅장하고 화려했다. 또한 광화문은 담장 끝 동쪽과 서쪽에 각각 동십자각과 서십자각을 두어 조선의 5대 궁궐 가운데 유일하게 궐문 형식을 갖추고 있기도 했다. 광화문은 중층으로 된 문루를 받치는 기단석축에 세 개의 홍예로 이루어져 있는데, 중앙의 홍예로는 왕이, 좌우의 홍예로는 왕세자와 신하들이 출입하도록 하였다. 문루(門樓)에는 종을 걸어 때를 알리는 데 사용하였다. 이처럼…",https://royal.khs.go.kr/ROYAL/contents/R101020000.do?schBdcode=gbg&pageType=story&bdProgramCode=storyCtg3,couple:1.0;date_spot:1.0;야외데이트,2026-09-11 22:03:25,outdoor,,16.4,🌙 낭만적인 밤풍경과 드라이브 분위기를 만끽할 수 있는 커플 데이트 명소,outdoor,summer,visitkorea,,visitkorea_read,capital
대한민국 구석구석(VisitKorea) | 커플/데이트 태그,실내데이트,아쿠아필드 안성,,전연령,"경기 안성시 공도읍 서동대로 3930-39 | 위도:36.9946333541566, 경도:127.147248980452",,"소금방, 릴렉스룸, 황토방 등 기존 찜질스파 시설에 새롭게 선보이는 고급 찜질 공간인 파동석룸과 한국 전통 찜질방식에 핀란드식 증기욕이 결합된 로울리 불가마까지 취향별로 즐기는 다양한 테마가 더해져 다채로운 찜질스파를 경험할 수 있다. 또한, 국내 워터파크 최초로 선보이는 피쉬풀에서 열대해수어를 감상하며 즐기고, 아이들의 창의적인 놀이활동에 차원을 높이는 미디어 샌드풀, 웻바운스, 버블플레이 등 일상에서 한걸음 떨어진 아쿠아필드 안성에서 모든 것이 준비된 넉넉한 휴식의 마침표를 경험할 수 있다.",https://www.aquafield-ssg.co.kr/anseong/index.af,couple:1.0;date_spot:1.0;실내데이트,2026-09-11 22:03:25,exhibition,,2.0,🌙 낭만적인 밤풍경과 드라이브 분위기를 만끽할 수 있는 커플 데이트 명소,exhibition,exhibition,visitkorea,,visitkorea_read,capital
대한민국 구석구석(VisitKorea) | 커플/데이트 태그,실내데이트,정동전망대,,전연령,"서울 중구 덕수궁길 15 (서소문동) | 위도:37.56481175834262, 경도:126.97584955163858",,"정동전망대는 서울시청 서소문청사 13층에 위치해 있다. 이곳은 서울의 아름다운 경관을 한눈에 감상할 수 있는 명소이다. 서울의 역사적인 건물들과 현대적인 건물들이 어우러지는 아름다운 경관을 감상할 수 있는 명소이다. 특히, 경복궁과 덕수궁, 서울역 주변의 파노라마 뷰가 인상적이다. 일몰 시간대에는 황홀한 노을을 감상할 수 있어 많은 관광객과 사진작가들이 찾는 장소이다. 전망대는 현대적인 디자인으로 꾸며져 있으며, 편안한 휴식 공간과 카페도 마련되어 있어 방문객들이 여유롭게 시간을 보낼 수 있다. 서울의 매력을 느끼고 싶은 이들에게…",https://korean.visitseoul.net/attractions/2024-jdobservatory/KOPmxn1fp,couple:1.0;date_spot:1.0;실내데이트,2026-09-11 22:03:25,exhibition,,4.7,🌙 낭만적인 밤풍경과 드라이브 분위기를 만끽할 수 있는 커플 데이트 명소,exhibition,exhibition,visitkorea,,visitkorea_read,capital
대한민국 구석구석(VisitKorea) | 커플/데이트 태그,실내데이트,쁘띠프랑스,,전연령,"경기 가평군 청평면 호반로 1063 | 위도:37.715, 경도:127.4906",,"청평댐에서 남이섬 방향으로 호숫가 길을 따라 10㎞쯤 가다 보면 왼쪽 언덕에 이국적 건물들이 옹기종기 모여 있는 걸 볼 수 있다. 건물만 보면 지중해 연안의 마을 같기도 하고 호명산의 수려한 주위 배경과 함께 보면 마치 알프스 산록의 전원마을 같은 이곳은, 프랑스 문화마을 쁘띠프랑스이다. 쁘띠프랑스의 콘셉트는 ‘꽃과 별, 그리고 어린 왕자’이다. 청소년수련시설(고성청소년수련원)을 겸한 프랑스 문화마을로, 가평군 청평면 고성리 일대에 조성됐다. 쁘띠프랑스는 프랑스풍 건물로 이루어져 있으며 관람객들은 숙박하면서 프랑스의 의식주 문화를…",http://www.pfcamp.com/,couple:1.0;date_spot:1.0;실내데이트,2026-09-11 22:03:25,exhibition,,12.5,🌙 낭만적인 밤풍경과 드라이브 분위기를 만끽할 수 있는 커플 데이트 명소,exhibition,exhibition,visitkorea,,visitkorea_read,capital
대한민국 구석구석(VisitKorea) | 커플/데이트 태그,실내데이트,송월동 동화마을,,전연령,"인천 제물포구 송월동3가 | 위도:37.4776, 경도:126.6206",,"송월동 동화마을은 동화를 테마로 마을 구석구석을 꾸며놓은 인천의 관광 명소다. 송월동은 소나무가 많아 솔골 혹은 송산으로 불리다가 소나무 숲 사이로 보이는 달이 운치 있다하여 송월동이라고 부르게 됐다. 1883년 인천항이 개항되면서 독일인을 비롯한 외국인이 거주하기 시작하면서 부촌이 형성됐다. 도로시길, 빨간모자길, 전래동화길 등과 같은 11개의 테마길이 만들어지고 이를 보기 위해 마을에는 관광객의 발길이 끊이지 않고 있다. 마을 안쪽으로 더 들어가면 익숙한 전래동화로 꾸민 벽화길이 나온다.",https://itour.incheon.go.kr/ssst/ssst/detail.do?pgListMode=S&cotId=ITD22012113593866643,couple:1.0;date_spot:1.0;실내데이트,2026-09-11 22:03:25,exhibition,,5.1,🌙 낭만적인 밤풍경과 드라이브 분위기를 만끽할 수 있는 커플 데이트 명소,exhibition,exhibition,visitkorea,,visitkorea_read,capital
대한민국 구석구석(VisitKorea) | 커플/데이트 태그,실내데이트,해수워터피아,,전연령,"인천 서해구 봉수대로 257 | 위도:37.4986939420051, 경도:126.660654392437",,"해수워터피아는 사우나, 찜질방 외에도 피트니스클럽, 소극장, 공연장을 갖춘 복합레저타운이다. 지하 250m 천연 암반속에서 끌어올린 청정해수를 사용한다. 3층엔 여성사우나 6층은 남성 사우나로 각종 테마별 욕탕(해수탕, 해수냉탕, 이벤트탕, 열탕, 비취온탕, 녹차탕, 안마탕, 급냉탕, 사우나(황토, 자수정이슬, 게르마늄), 수면실등이 있다. 또 4층은 중앙홀을 중심으로 식당과 커피숍, 황금숯방, 황토방, 비취수정방, 에스키모방 그리고 공연장이 있으며 4층을 내려볼 수 있는 5층 발코니를 돌면 찜질코너와 PC방, 마사지&피부숍, 여성…",https://korean.visitkorea.or.kr/detail/ms_detail.do?cotid=b1f27748-dd66-4c24-8d23-cdad86afb570,couple:1.0;date_spot:1.0;실내데이트,2026-09-11 22:03:25,exhibition,,2.3,🌙 낭만적인 밤풍경과 드라이브 분위기를 만끽할 수 있는 커플 데이트 명소,exhibition,exhibition,visitkorea,,visitkorea_read,capital
대한민국 구석구석(VisitKorea) | 커플/데이트 태그,실내데이트,성수동 수제화거리,,전연령,"서울 성동구 성수동2가 | 위도:37.5444, 경도:127.0572",,"서울 성수동은 수제화 관련 제조업체들이 집약된 국내 최대 수제화 산업 지역이다. 1970년대 이후부터 수제화 업체들은 서울에서 상대적으로 땅값이 저렴한 성수동에 하나둘씩 모여들었고, 수제화 산업이 자리 잡기 시작했다. 성수동에는 현재 350여 개가 넘는 수제화 완제품 생산업체와 100여 개의 중간가공·원부자재 유통업체가 자리 잡았다. 한국 수제화 제조 업체의 70% 이상이 밀집되어 있다. 성수동이 수제화 산업의 핵심 지역이라는 타이틀을 유지할 수 있었던 이유는 지역 내에 구두와 관련된 업체들이 모두 모여있기 때문이다. 성수동은 제품…",https://www.sd.go.kr/tour/contents.do?key=4209&,couple:1.0;date_spot:1.0;실내데이트,2026-09-11 22:03:25,exhibition,,2.4,🌙 낭만적인 밤풍경과 드라이브 분위기를 만끽할 수 있는 커플 데이트 명소,exhibition,exhibition,visitkorea,,visitkorea_read,capital
대한민국 구석구석(VisitKorea) | 커플/데이트 태그,실내데이트,토브나인,,전연령,"경기 성남시 수정구 사송로 56 (사송동) | 위도:37.41495431750828, 경도:127.11340105098392",,"토브나인(tov9)은 이탈리안 브런치&다이닝, 디저트 카페가 어우러진 복합공간이다. 고퀄리티 이탈리안 음식과 와인, 그리고 수플레 팬케이크와 카페 음료를 보다 합리적인 가격으로 한 공간에서 해결할 수 있는 최고의 모임 장소이자 데이트 장소이다. 1층은 이탈리안 브런치와 다이닝 레스토랑, 2층은 캐주얼 브런치와 수플레 디저트 카페로 운영하고 있다. 런치 시간대에는 레스토랑 메뉴도 2층에서 이용이 가능하다. 레스토랑 메뉴는 파스타, 나폴리 전통 화덕피자, 스테이크 등 다양한 메뉴를 맛볼 수 있으며, 카페 메뉴는 수플레 팬케이크와 기타…",https://www.instagram.com/tovnine/,couple:1.0;date_spot:1.0;실내데이트,2026-09-11 22:03:25,outdoor,,0.0,🌙 낭만적인 밤풍경과 드라이브 분위기를 만끽할 수 있는 커플 데이트 명소,outdoor,cafe,visitkorea,,visitkorea_read,capital
대한민국 구석구석(VisitKorea) | 커플/데이트 태그,야외데이트,서울광장 스케이트장,상시,전연령,"서울 중구 을지로 12 시청광장지하쇼핑센터  | 위도:37.5654470617289, 경도:126.978779782895",,"서울광장 스케이트장은 서울시청 앞 서울광장에 조성되는 겨울철 야외 스케이트장이다. 동절기에만 운영되며 초급자용 링크와 고급자용 링크를 갖추고 있어 누구나 스케이트를 즐길 수 있다. 스케이트 대여실과 휴게 공간 등 편의시설도 마련되어 있으며, 도심 한가운데에서 겨울 스포츠를 체험할 수 있는 서울의 대표적인 겨울 명소로 꼽힌다. 또한 서울도서관과 덕수궁이 인접해 있어 주변 관광과 함께 방문하기 좋다.",https://korean.visitkorea.or.kr/detail/ms_detail.do?cotid=7fede1b4-7a4e-4b8d-a72d-3e1dde715dfc,couple:1.0;date_spot:1.0;야외데이트,2026-09-11 22:03:25,outdoor,,3.9,🌙 낭만적인 밤풍경과 드라이브 분위기를 만끽할 수 있는 커플 데이트 명소,outdoor,summer,visitkorea,,visitkorea_read,capital
대한민국 구석구석(VisitKorea) | 커플/데이트 태그,야외데이트,북촌 8경,,전연령,"서울 종로구 계동길 37 (계동) | 위도:37.5790883269606, 경도:126.986276109794",,"북촌 8경은 북촌의 명소를 하나로 꿰는 코스로 한옥의 아름다움과 북촌 골목길을 구석구석 즐길 수 있다. 북촌은 경복궁과 창덕궁 사이의 한옥마을을 말한다. 지금의 남산에 해당하는 하급 관리들이 살았던 종로의 아랫동네는 남촌이라 했고, 왕족이나 사대부들이 살았던 청계천과 종로의 윗동네는 북촌이라 했다. 북촌은 조선시대 왕족이나 권세 있는 사대부들이 살았던 동네라 멋스러운 한옥들이 많이 남아 있어 관광객이 많이 찾는다. 북촌 8경에는 1경 창덕궁 전경, 2경 원서동 공방길, 3경 가회동 11번지 일대, 4경 가회동 31번지 언덕(북촌전망…",https://hanok.seoul.go.kr/front/kor/town/town01.do,couple:1.0;date_spot:1.0;야외데이트,2026-09-11 22:03:25,outdoor,,11.4,🌙 낭만적인 밤풍경과 드라이브 분위기를 만끽할 수 있는 커플 데이트 명소,outdoor,summer,visitkorea,,visitkorea_read,capital
대한민국 구석구석(VisitKorea) | 커플/데이트 태그,실내데이트,레인리포트 경리단,,전연령,"서울 용산구 소월로40길 85 (이태원동) | 위도:37.54177488103566, 경도:126.99367153210407",,"레인리포트는 경리단길 활성화를 위해 론칭한 ‘컬리지남산’의 첫 번째 프로젝트 카페로, 비 오는 날 커피가 더 맛있다는 아이디어에서 시작된 우중 콘셉트 공간이다. 입구의 대나무 계단길을 따라 올라가면 모던한 건물과 넓은 중정이 펼쳐지며, 이곳에서는 매시 30분마다 약 15분간 인공비가 분사된다. 카페에서 제공하는 투명우산을 활용해 감성적인 사진을 남길 수 있으며, 맑은 날에는 무지개가 연출돼 색다른 볼거리를 제공한다. 내부는 블랙톤 인테리어와 넓고 개방감 있는 공간이 특징이다. 중앙의 모니터 타워와 대형 스크린에서는 원두 산지인 에티…",https://www.instagram.com/rainreport_official/,couple:1.0;date_spot:1.0;실내데이트,2026-09-11 22:03:25,outdoor,,1.2,🌙 낭만적인 밤풍경과 드라이브 분위기를 만끽할 수 있는 커플 데이트 명소,outdoor,cafe,visitkorea,,visitkorea_read,capital
대한민국 구석구석(VisitKorea) | 커플/데이트 태그,실내데이트,데이블러,,전연령,"서울 용산구 한강대로 290-1 (남영동) | 위도:37.54420339607965, 경도:126.97257348658022",,"데이블러는 서울시 용산구 남영동에 위치한 기차 식당칸 콘셉트의 카페이다. 대표 메뉴는 한우 불고기 샌드위치로, 20년 역사를 가진 부산 해운대 일품 한우의 한우 불고기를 사용해 만든다. 커피는 대중적으로 선호도가 높은 원두를 사용해 부담 없이 즐길 수 있다. 특히 모니터를 기차 창문 형태로 제작해 달리는 풍경을 재생함으로써 실제 기차 여행을 하는 듯한 분위기를 연출한다. 풍경 영상은 계절에 따라 바뀌어 색다른 매력을 선사한다. 아름다운 풍경이 펼쳐지는 기차 안에서 맛있는 음식과 커피를 즐기며 특별한 추억을 만들 수 있는 이색 카페이…",https://www.instagram.com/dai_veler/,couple:1.0;date_spot:1.0;실내데이트,2026-09-11 22:03:25,outdoor,,0.6,🌙 낭만적인 밤풍경과 드라이브 분위기를 만끽할 수 있는 커플 데이트 명소,outdoor,cafe,visitkorea,,visitkorea_read,capital
대한민국 구석구석(VisitKorea) | 커플/데이트 태그,실내데이트,에델바이스 스위스,,전연령,"경기 가평군 설악면 다락재로 226-57 | 위도:37.6677042775184, 경도:127.447295047684",,"에델바이스 스위스는 약 5만 5천 평 규모의 청정한 자연 속에 자리하고 있다. 작은 스위스 산골 마을에 들어온 것 같은 풍경을 자랑하는 이곳에서는 넓은 양 목장에서 방목되는 양들에게 먹이 주기를 할 수 있다. 또한, 전통의상을 입고 다니면서 스위스 전통음식인 퐁뒤와 라클렛, 치즈 만들기 등 다양한 스위스 문화 체험을 제공한다. 때문에 스위스를 방문한 듯한 경험을 할 수 있다. 정상부근에서는 또 다른 즐길 거리로 여러 가지 활동을 제공하여 온 가족이 하루를 보낼 수 있는 아름다운 곳이다.",http://www.swissthemepark.com,couple:1.0;date_spot:1.0;실내데이트,2026-09-11 22:03:25,exhibition,,14.4,🌙 낭만적인 밤풍경과 드라이브 분위기를 만끽할 수 있는 커플 데이트 명소,exhibition,exhibition,visitkorea,,visitkorea_read,capital
대한민국 구석구석(VisitKorea) | 커플/데이트 태그,야외데이트,목동사격장,,전연령,"서울 양천구 안양천로 939 (목동) | 위도:37.530834, 경도:126.879928",,"목동종합운동장 실내아이스링크 옆에 위치한 목동사격장은 도심 속 실내사격장으로 정통 스포츠 사격을 체계적으로 배울 수 있는 곳이다. 생활체육인을 위한 국제규격의 사격장은 국가대표 선수 출신의 사격인이 직접 지도해 주고 있다. 실탄사격과 공기총사격시설을 모두 갖추고 있다. 사격을 친근하게 느낄 수 있도록 가족단위 방문객에게 사격체험의 기회를 제공하고, 선수 발굴 및 육성에도 힘을 기울이고 있다. 또한, 실탄권총사격 위주인 대부분의 시설과 달리 국제규격의 공기총사대 25대와 다수의 공기권총, 공기소총을 보유하고 있다.",https://sites.google.com/view/mokdongshooting/%ED%99%88,couple:1.0;date_spot:1.0;야외데이트,2026-09-11 22:03:25,outdoor,,2.7,🌙 낭만적인 밤풍경과 드라이브 분위기를 만끽할 수 있는 커플 데이트 명소,outdoor,summer,visitkorea,,visitkorea_read,capital
대한민국 구석구석(VisitKorea) | 커플/데이트 태그,실내데이트,수원 공방거리,,전연령,"경기 수원시 팔달구 남창동 | 위도:37.2790603584123, 경도:127.015089922375",,"수원 공방거리는 행궁동에 예술가들이 모여 작업을 하는 공방길을 말하며, 다양한 공방과 예술가들의 작품을 전시하는 곳으로 사용되는 곳이다. 관광객들을 위한 나무공예, 한지공예, 리본공예, 금속공예와 전통문화를 체험할 수 있 규방공예까지 다양한 체험과 공예품을 판매하기도 하는 곳이다.",https://www.suwon.go.kr/web/visitsuwon/info05/info05-02/pages.do,couple:1.0;date_spot:1.0;실내데이트,2026-09-11 22:03:25,exhibition,,2.9,🌙 낭만적인 밤풍경과 드라이브 분위기를 만끽할 수 있는 커플 데이트 명소,exhibition,exhibition,visitkorea,,visitkorea_read,capital
대한민국 구석구석(VisitKorea) | 커플/데이트 태그,실내데이트,롯데월드타워 서울스카이,,전연령,"서울 송파구 올림픽로 300 (신천동) | 위도:37.512525, 경도:127.102322",,"롯데월드타워에서 가장 높은 곳에 위치한 서울스카이 전망대는 국내에서 가장 높은 곳이다. 대한민국의 가장 찬란한 역사와 역동적인 현대문화를 함축하고 있는 수도 서울을 360도 뷰를 통해 한눈에 담을 수 있는 서울의 명소이다. 500m 상공 위에서 느끼는 아찔하고 스릴 넘치는 체험 시설과 한국의 자부심을 주제로 한 다양한 전시 콘텐츠, 구름 위에서 즐기는 커피 한잔의 여유와 타워를 테마로 한 다양한 기념품이 전망대에서의 경험을 더욱 특별하게 만들어 준다. 스카이셔틀을 타고 지하 1에서 118층까지 단 1 분만에 이동할 수 있는데, 이곳…",https://seoulsky.lotteworld.com/ko/main/index.do,couple:1.0;date_spot:1.0;실내데이트,2026-09-11 22:03:25,exhibition,,24.7,🌙 낭만적인 밤풍경과 드라이브 분위기를 만끽할 수 있는 커플 데이트 명소,exhibition,exhibition,visitkorea,,visitkorea_read,capital
대한민국 구석구석(VisitKorea) | 커플/데이트 태그,실내데이트,홍대 벽화거리,,전연령,"서울 마포구 상수동 | 위도:37.551, 경도:126.9243",,홍대 벽화거리는 서울 마포구에 위치해 있는 거리이다. 홍대 정문에서 왼쪽 골목으로 들어서면 마치 갤러리에 들어선 듯한 착각을 일으킨다. 예술가들의 자유로운 감성과 실험적인 표현들이 살아있는 작품들로 활기찬 예술 분위기를 자아낸다. 홍대 벽화거리는 예술적인 분위기를 자아낼 뿐만 아니라 주변 아기자기한 카페들이 많아 조용한 데이트를 즐기려는 사람들로 가득하다. 홍대 벽화거리는 걷는 동안 자연스럽게 예술을 접할 수 있어 누구나 편하게 즐길 수 있는 공간이다.,https://www.mapo.go.kr/site/culture/tour/culture_onstop_tour_view?motSeq=2236,couple:1.0;date_spot:1.0;실내데이트,2026-09-11 22:03:25,exhibition,,3.4,🌙 낭만적인 밤풍경과 드라이브 분위기를 만끽할 수 있는 커플 데이트 명소,exhibition,exhibition,visitkorea,,visitkorea_read,capital
대한민국 구석구석(VisitKorea) | 커플/데이트 태그,실내데이트,서촌마을,,전연령,"서울 종로구 필운대로 45 (누하동) | 위도:37.58019343681578, 경도:126.96850792378918",,"서촌은 경복궁 서쪽에 있는 마을을 일컫는 별칭이다. 서촌마을은 인근에 명동과는 다른 분위기로 오랫동안 골목을 지켜온 낡은 상점들과 한옥집 등을 구경할 수 있으며, 미로 같은 골목길을 걷다 보면 상큼한 파스텔컬러의 벽화와 앙증맞은 그림들이 눈길을 사로잡는다. 옛 느낌과 더불어 감각적이고 세련된 공간들도 함께 공존하고 있으며, 특유의 정겨움과 소박함을 유지하고 있다. 이런 분위기 덕에 영화, 드라마, 뮤직비디오 촬영지로 인기 있는 곳이다.",https://korean.visitseoul.net/attractions/SeochonHanokVillage_/44215,couple:1.0;date_spot:1.0;실내데이트,2026-09-11 22:03:25,exhibition,,15.7,🌙 낭만적인 밤풍경과 드라이브 분위기를 만끽할 수 있는 커플 데이트 명소,exhibition,exhibition,visitkorea,,visitkorea_read,capital
대한민국 구석구석(VisitKorea) | 커플/데이트 태그,실내데이트,익선동 한옥거리,,전연령,"서울 종로구 익선동 | 위도:37.5734657272497, 경도:126.989775703463",,"익선동은 골목과 한옥이 어우러져 아름다운 매력을 풍기는 곳으로 남녀노소 많은 관광객들이 찾고 있으며, 젊은 세대와 어르신 간 세대를 이어주는 장소이기도 하다. 익선동은 2018년 한옥보전지구 지정 후 2019년부터 레트로, 뉴트로 열풍과 맞물려 첨단 도시 서울의 기묘한 시간 여행지로 급부상했다. 아담하고 야트막한 한옥 사이로 핏줄처럼 가느다랗고 촘촘히 골목이 이어진 익선동 한옥거리는 하나의 여행 상품처럼 구역 전체가 주목받고 있다. 한옥을 개조된 카페, 음식점, 각종 샵들이 자리 잡고 있어서 볼거리도 많은 서울 대표 데이트 코스이다…",https://korean.visitseoul.net/attractions/%EC%9D%B5%EC%84%A0%EB%8F%99%ED%95%9C%EC%98%A5%EA%B1%B0%EB%A6%AC_/37008,couple:1.0;date_spot:1.0;실내데이트,2026-09-11 22:03:25,exhibition,,34.0,🌙 낭만적인 밤풍경과 드라이브 분위기를 만끽할 수 있는 커플 데이트 명소,exhibition,exhibition,visitkorea,,visitkorea_read,capital
대한민국 구석구석(VisitKorea) | 커플/데이트 태그,실내데이트,삼청동거리,,전연령,"서울 종로구 삼청로 156 (삼청동) | 위도:37.58887435662737, 경도:126.98280518277133",,"삼청동의 지명은 산과 물이 맑고 인심 또한 맑고 좋다고 하여 삼청(三淸)이라 불리어졌다는 설과 도교의 태청(太淸), 상청(上淸), 옥청(玉淸) 3위(位)를 모신 삼청전(三淸殿)에서 유래되었다는 설이 있다. 삼청동거리는 예스러움을 간직한 한옥건물의 전통미와 갤러리, 카페의 현대미가 조화되어 삼청동만의 색다른 분위기를 연출하고 있는 곳으로써 호젓한 산책로와 화랑, 박물관, 골동품 가게가 골목 사이에 숨어 문화향기가 가득하다. 도심의 분주함을 피해 한옥들 사이로 난 폭 좁은 인도를 따라 걸으며 옛 정취를 느낄 수 있으며, 전통 한옥의 빛…",https://culture.jongno.go.kr/media/ko/bbs/125/detail.do?pstSn=34&pageIndex=1&searchCondition=1&searchKeyword=%EC%82%BC%EC%B2%AD%EB%8F%99&pageItm=10&searchTopOrderSort=0&searchOrderSort=0&searchGbn=0,couple:1.0;date_spot:1.0;실내데이트,2026-09-11 22:03:25,exhibition,,4.5,🌙 낭만적인 밤풍경과 드라이브 분위기를 만끽할 수 있는 커플 데이트 명소,exhibition,exhibition,visitkorea,,visitkorea_read,capital
대한민국 구석구석(VisitKorea) | 커플/데이트 태그,실내데이트,브이알존 코엑스,,전연령,"서울 강남구 봉은사로 524 (삼성동) | 위도:37.51294233543568, 경도:127.05713349560591",,"VRZONE은 단순히 360도로 보이는 가상현실체험을 제공하지 않고 VRZONE에서 직접 개발부터 유통하는 VR콘텐츠를 체험할 수 있다. 데드프리즌은 의문의 사고로 좀비들이 득실거리는 병원에서 탈출하는 FPS VR 콘텐츠이며, 퓨처스트라이크는 연구소에서 실험 중 사고로 돌연변이 곤충들이 탈출하여 도시가 황폐화되어 곤충들을 박멸하는 FPS VR 콘텐츠이다. 가디언 히어로즈는 지구를 침략하려는 외계인들과 싸워 이기는 FPS VR 콘텐츠이다. VR 라이더는 약 20여 가지의 VR 콘텐츠로 놀이기구를 탑승하는 VR체험 시뮬레이터다. 놀이기…",https://korean.visitkorea.or.kr/detail/ms_detail.do?cotid=601f1985-eaa7-4ab3-9fc6-d3b1c47c5050,couple:1.0;date_spot:1.0;실내데이트,2026-09-11 22:03:25,exhibition,,2.8,🌙 낭만적인 밤풍경과 드라이브 분위기를 만끽할 수 있는 커플 데이트 명소,exhibition,exhibition,visitkorea,,visitkorea_read,capital
대한민국 구석구석(VisitKorea) | 커플/데이트 태그,실내데이트,구로아트밸리 예술극장,,전연령,"서울 구로구 가마산로25길 9-24 | 위도:37.4964760721336, 경도:126.888921063982",,"구로문화재단이 운영하며 2007년 12월 개관하였다. 구로아트밸리 예술극장은 클래식, 대중음악, 연극, 뮤지컬 등 다양한 장르의 공연이 가능한, 서울 서남권을 대표하는 579석 규모의 다목적 공연장이다. 품격 있는 공연예술을 가능하게 하는 첨단시설을 완비하고 있으며, 시민들에게 보다 편안하고 쉽게 문화예술공연, 전시, 교육프로그램을 접할 수 있도록 하였다. 문화예술이 살아 숨 쉬는 인근 구로문화원과 구민회관 그리고 신도림 테크노마트, 디큐브시티, 고척 문화체육 콤플렉스와 함께 구로아트밸리는 서울 서남권의 대표적인 문화예술센터로 자리…",http://www.guroartsvalley.or.kr,couple:1.0;date_spot:1.0;실내데이트,2026-09-11 22:03:25,exhibition,,1.1,🌙 낭만적인 밤풍경과 드라이브 분위기를 만끽할 수 있는 커플 데이트 명소,exhibition,exhibition,visitkorea,,visitkorea_read,capital
대한민국 구석구석(VisitKorea) | 커플/데이트 태그,실내데이트,안단테,,전연령,"경기 파주시 송학1길 126-32 (야당동) | 위도:37.7155159989162, 경도:126.765079203671",,"안단테는 경기도 파주시 야당동에 있는 파스타 전문점이다. 요리하는 남편과 디자이너 아내가 운영하고 있다. 1인 셰프가 정성스럽게 조리하는 곳으로, 갑자기 사람이 많아지면 대기 시간이 길어질 수 있다. 매일 아침 올리브 빵을 구워내고, 올리브 드레싱을 만든다. 식전 빵과 피클을 비롯한 모든 메뉴를 직접 만든다. 파스타를 먹으면 커피가 할인된다. 기념일에 방문하는 경우, 원하는 문구를 미리 신청하면 테이블 세팅 서비스를 무료로 받을 수 있다. 다양한 음료와 파스타를 즐길 수 있는 곳으로 가족과 연인들이 많이 찾는다.",https://www.instagram.com/paju_andante/,couple:1.0;date_spot:1.0;실내데이트,2026-09-11 22:03:25,outdoor,,0.2,🌙 낭만적인 밤풍경과 드라이브 분위기를 만끽할 수 있는 커플 데이트 명소,outdoor,cafe,visitkorea,,visitkorea_read,capital
대한민국 구석구석(VisitKorea) | 커플/데이트 태그,실내데이트,로렌스길,,전연령,"서울 마포구 상수동 | 위도:37.5484342122295, 경도:126.921438639869",,"서울시 마포구 상수역 1번 출구로 나와 쭉 내려오면 만날 수 있는 로렌스 길은 한국에서 가장 오래된 시계 회사인 로렌스 뒤쪽으로, 개성 있는 식당과 카페들이 위치한 골목이다. 시계 회사 로렌스 옆 쪽 벽에 아기자기한 로렌스 길 지도가 벽화처럼 그려져 있어, 로렌스 길을 찾는 관광객들이 원하는 곳을 쉽게 찾아갈 수 있다.",https://korean.visitkorea.or.kr/detail/ms_detail.do?cotid=26c74c92-815e-4663-b026-8f7f7e0f3498,couple:1.0;date_spot:1.0;실내데이트,2026-09-11 22:03:25,exhibition,,1.0,🌙 낭만적인 밤풍경과 드라이브 분위기를 만끽할 수 있는 커플 데이트 명소,exhibition,exhibition,visitkorea,,visitkorea_read,capital
대한민국 구석구석(VisitKorea) | 커플/데이트 태그,실내데이트,강남 마이스 관광특구,,전연령,"서울 강남구 영동대로 513 (삼성동) | 위도:37.51186515083271, 경도:127.05920358462154",,"일찍이 무역 센터가 자리 잡으며 국제 교류의 메카로 손꼽혀온 강남 삼성동 일대는, 세계에서 모여든 최첨단 비즈니스맨에게 한국을 알리는 창구 역할을 해왔다. 여기에 1990년대부터 강남 특유의 젊은 문화가 유입되면서 무역센터 일대는 비즈니스의 장이자 젊은 문화의 랜드마크라는 복합적인 성격을 띠며 발전했다. 2014년 싸이의 ‘강남스타일’ 열풍과 더불어 국제교류 비즈니스 산업과 한류 문화의 공생을 강화하기 위해 이 일대가 강남 마이스 관광특구로 지정되었다. 강남 마이스 관광특구는 전시와 컨벤션, 세미나, 국제 전시회, 콘퍼런스 등이 이…",https://korean.visitkorea.or.kr/detail/ms_detail.do?cotid=2af9e01c-9bc8-4bcd-a1c6-2ecd4b733618,couple:1.0;date_spot:1.0;실내데이트,2026-09-11 22:03:25,exhibition,,2.1,🌙 낭만적인 밤풍경과 드라이브 분위기를 만끽할 수 있는 커플 데이트 명소,exhibition,exhibition,visitkorea,,visitkorea_read,capital
대한민국 구석구석(VisitKorea) | 커플/데이트 태그,실내데이트,러반로제 레스토랑,,전연령,"서울 송파구 석촌호수로 274 (송파동) | 위도:37.51022690306877, 경도:127.10621583604649",,송파구에 위치한 이탈리안 레스토랑 러반로제는 석촌호수 인근에 위치한 덕분에 멋진 풍경을 감상하며 식사를 즐길 수 있다. 석촌호수 뷰를 볼 수 있는 창가 쪽 테이블은 많지 않아 예약이 필수다. 식전 빵이 나오고 메인 메뉴가 나온다. 메인메뉴는 세트 메뉴부터 단품 메뉴까지 다양하게 준비되어 있다. 식사 후 루프탑 이용도 가능하다. 루프탑에 올라가면 석촌호수와 롯데타워의 뷰를 즐길 수 있다.,https://www.instagram.com/ruban_rose_/,couple:1.0;date_spot:1.0;실내데이트,2026-09-11 22:03:25,outdoor,,0.3,🌙 낭만적인 밤풍경과 드라이브 분위기를 만끽할 수 있는 커플 데이트 명소,outdoor,cafe,visitkorea,,visitkorea_read,capital
대한민국 구석구석(VisitKorea) | 커플/데이트 태그,실내데이트,서울랜드,,전연령,"경기 과천시 광명로 181 (막계동) | 위도:37.435508818173126, 경도:127.02382167828021",,"한국 최초의 놀이공원이라는 타이틀을 가진 서울랜드는 개장과 동시에 대한민국 대표 테마파크로 자리매김했다. 서울역과 명동역에서 30분 내외 거리에 위치해 있어 교통이 편리하고, 인근에는 서울대공원의 동·식물원과 산림욕장, 국립현대미술관 등이 모여 있어 한국을 대표하는 관광지로 널리 사랑받고 있다. 서울랜드는 한국 애니메이션 캐릭터로 꾸며진 놀이기구 50여 종뿐만 아니라 물놀이시설(여름)과 눈썰매장(겨울) 등 계절 시설도 운영하고 있으며, 계절별로 신선한 즐거움을 주기 위해 새로운 공연, 축제, 이벤트 등을 도입하고 있다. 다양한 어트…",http://www.seoulland.co.kr/,couple:1.0;date_spot:1.0;실내데이트,2026-09-11 22:03:25,exhibition,,11.6,🌙 낭만적인 밤풍경과 드라이브 분위기를 만끽할 수 있는 커플 데이트 명소,exhibition,exhibition,visitkorea,,visitkorea_read,capital
대한민국 구석구석(VisitKorea) | 커플/데이트 태그,야외데이트,율곡로,,전연령,"서울 종로구 율곡로 | 위도:37.5769292788136, 경도:126.994475146044",,"율곡로는 고궁 돌담과 가로수가 어우러진 도로이다. 원래는 창경궁과 종묘가 붙어 있었으나 1931년 일제강점기 일본이 민족 말살 정책의 하나로 창경궁과 종묘를 나누어 그 가운데 길을 냈는데 그것이 바로 율곡로이다. 아픈 역사를 간직한 율곡로는 지금 고풍스러운 돌담과 도로를 따라 늘어선 가로수가 어우러져 고즈넉한 분위기를 자아낸다. 이 길이 지나는 관훈동에 조선의 대표적인 유학자 율곡 이이가 살았던 곳이 있어 그의 호를 붙여 율곡로라는 이름으로 부르게 되었다. 동십자각에서 이화동 사거리를 거쳐 동대문에 이르는 폭 30m, 연장 3㎞의…",https://korean.visitkorea.or.kr/detail/ms_detail.do?cotid=15f51ff4-260b-4b0d-87cd-487903ee4888,couple:1.0;date_spot:1.0;야외데이트,2026-09-11 22:03:25,outdoor,,1.5,🌙 낭만적인 밤풍경과 드라이브 분위기를 만끽할 수 있는 커플 데이트 명소,outdoor,summer,visitkorea,,visitkorea_read,capital
대한민국 구석구석(VisitKorea) | 커플/데이트 태그,실내데이트,서래마을,,전연령,"서울 서초구 반포동 | 위도:37.4978, 경도:126.9983",,"‘마을 앞의 개울이 서리서리 굽이쳐 흐른다’는 의미의 서래마을은 프랑스풍의 다양한 레스토랑과 카페, 와인바, 상점들을 만나볼 수 있는 곳이다. 1985년 주한 프랑스학교가 이곳으로 이전하면서부터 서래마을이 프랑스인들의 거주지역으로 자리 잡게 되고, 자연스럽게 글로벌 빌리지가 세워짐에 따라 다른 여러 나라 외국인들도 서래마을을 자신들의 거주지로 선택게 되었다. 서래마을 거리로 들어가면 서울 프랑스 학교를 찾아볼 수 있다. 불어로 Attention Ecole(학교 앞 주의)이라고 쓰인 도로 표지판이 눈길을 끈다.",https://korean.visitseoul.net/area/%EC%84%9C%EB%9E%98%EB%A7%88%EC%9D%84/KOP011082,couple:1.0;date_spot:1.0;실내데이트,2026-09-11 22:03:25,exhibition,,13.8,🌙 낭만적인 밤풍경과 드라이브 분위기를 만끽할 수 있는 커플 데이트 명소,exhibition,exhibition,visitkorea,,visitkorea_read,capital
대한민국 구석구석(VisitKorea) | 커플/데이트 태그,실내데이트,화랑대 철도공원,,전연령,"서울 노원구 화랑로 608 (공릉동) | 위도:37.624450946332686, 경도:127.09308975270275",,"서울의 마지막 간이역이던 옛 화랑대역이 화랑대 철도공원으로 재탄생했다. 1939년 경춘선 개통 후 2010년 운행이 중단된 경춘선 철로구간을 공원으로 꾸민 곳으로, 기존 폐선을 걷어내지 않고 그대로 살려 옛 경춘선의 추억도 살리고 산책로도 제공하는 낭만적인 공간으로 탈바꿈되었다. 폐노선에는 1950년대의 미카열차와 협궤열차, 그리고 체코와 일본 히로시마의 노면전차까지 실물 기차가 곳곳에 전시되어 있어 사진 애호가에게는 단골 출사지로, 지역 주민들에게는 호젓한 산책 공간으로 사랑받고 있다. 공원 내의 구 화랑대역은 전시관으로 조성되어…",https://korean.visitkorea.or.kr/detail/ms_detail.do?cotid=82a9679e-0eb8-4539-9785-afa32bd1b649,couple:1.0;date_spot:1.0;실내데이트,2026-09-11 22:03:25,exhibition,,15.2,🌙 낭만적인 밤풍경과 드라이브 분위기를 만끽할 수 있는 커플 데이트 명소,exhibition,exhibition,visitkorea,,visitkorea_read,capital
대한민국 구석구석(VisitKorea) | 커플/데이트 태그,실내데이트,창덕궁 소극장,,전연령,"서울 종로구 창경궁로 227 (명륜4가) | 위도:37.58242661051836, 경도:126.99775963310455",,"창덕궁 소극장은 한국음악의 활성화를 위해 지정된 문화특구인 국악로 창덕궁 바로 맞은편에 위치한 국악 전용 극장이다. 소극장이지만 아늑하고 편안한 분위기의 한국형 공연장으로, 매년 마당극, 실내악, 창극, 산조, 국악 발표, 콘서트 등 국악과 관련된 공연과 다채로운 공연이 펼쳐진다. 소극장의 공연을 통해 한국의 독창적이고 아름다운 문화를 보다 가깝고 편하게 느낄 수 있을 뿐만 아니라 색다른 예술을 경험할 수 있다. 인근에는 창경궁, 대학로 등과 인접해 있어 다양한 문화 관광이 가능하다.",https://korean.visitkorea.or.kr/detail/ms_detail.do?cotid=6e6fd247-355b-4dde-be3d-ad0c05cd420e,couple:1.0;date_spot:1.0;실내데이트,2026-09-11 22:03:25,exhibition,,2.0,🌙 낭만적인 밤풍경과 드라이브 분위기를 만끽할 수 있는 커플 데이트 명소,exhibition,exhibition,visitkorea,,visitkorea_read,capital
대한민국 구석구석(VisitKorea) | 커플/데이트 태그,실내데이트,신사동 가로수길,,전연령,"서울 강남구 가로수길 23 (신사동) | 위도:37.51965260204426, 경도:127.02274227890143",,"서울 가로수길은 강남구 신사동에 위치한 번화가로 주로 신사동 가로수길이라고 불린다. 현대 고등학교 앞 사거리에서 신사역 동쪽 도산대로와 삼거리까지 뻗은 도로를 이르며 서울 강남구 대표 상권 중 한 곳이다. 신사동 가로수길 주위로는 아기자기한 커피숍과 맛집, 디자이너들의 옷 매장들이 즐비해 있어 이국적인 분위기를 연출한다. 과거 가로수길에는 갤러리와 영화사가 많이 자리 잡고 있었다. 하지만 지금은 패션 중심으로 상권이 재구성되었다. 명품뿐만 아니라 다양한 브랜드와 디자이너 매장과 다양한 뷰티 브랜드의 매장 또한 입점해 있다. 이 밖에…",https://korean.visitseoul.net/shopping/%EC%8B%A0%EC%82%AC%EB%8F%99-%EA%B0%80%EB%A1%9C%EC%88%98%EA%B8%B8_/291,couple:1.0;date_spot:1.0;실내데이트,2026-09-11 22:03:25,exhibition,,8.5,🌙 낭만적인 밤풍경과 드라이브 분위기를 만끽할 수 있는 커플 데이트 명소,exhibition,exhibition,visitkorea,,visitkorea_read,capital
대한민국 구석구석(VisitKorea) | 커플/데이트 태그,실내데이트,나혜석거리,,전연령,"경기 수원시 팔달구 권광로188번길 25-2 (인계동) | 위도:37.263969367894276, 경도:127.03442224499469",,"나혜석 거리는 수원 태생인 최초의 한국 여성 서양화가 정월 나혜석 여사의 업적을 기리기 위해 조성된 약 300m가량의 문화 거리로 문화예술회관, 효원공원, 야외 음악당 등을 연결하는 공간으로 이루어져 있다. 도로 내 분수대, 음악이 흐르는 화장실, 조경수가 잘 조성되어 있는 보행자 전용 도로로서 거리 공연과 같은 다양한 볼거리, 주변의 전문식당가로 먹거리가 산재해 있어 많은 사람들이 찾는 문화와 만남이 공존하는 거리다.",https://korean.visitkorea.or.kr/detail/ms_detail.do?cotid=c73d50f7-f7ed-486e-af3f-fb4277d3d73f,couple:1.0;date_spot:1.0;실내데이트,2026-09-11 22:03:25,exhibition,,4.1,🌙 낭만적인 밤풍경과 드라이브 분위기를 만끽할 수 있는 커플 데이트 명소,exhibition,exhibition,visitkorea,,visitkorea_read,capital
대한민국 구석구석(VisitKorea) | 커플/데이트 태그,실내데이트,쌈지길,,전연령,"서울 종로구 인사동길 44 (관훈동) | 위도:37.57425198901539, 경도:126.98485145131795",,"인사동의 가장 대표적인 장소 쌈지길은 쌈지길은 전통을 현대적으로 재해석한 작품과 문화를 만나고 즐길 수 있는 공예품 전문 쇼핑몰이다. 한국의 인간문화재가 만든 최고급의 전통공예품과 현대공예작품, 그리고 한국의 멋이 풍기는 디자인 제품을 만나 볼 수 있다. 또한, 도자, 섬유, 금속, 목공예등의 공예샵과 젊은 디자이너들의 신선하고 실험적인 디자인샵을 만날 수 있다. 쌈지길 곳곳에서 전시와 공연 등의 다채로운 문화 이벤트도 열리고 있다. 쌈지길에서는 공예품을 직접 만들어 볼 수 있도록 도자기공예, 자개공예, 가죽, 유리, 비누 공예 등…",https://www.instagram.com/ssamzigil_official/,couple:1.0;date_spot:1.0;실내데이트,2026-09-11 22:03:25,exhibition,,5.7,🌙 낭만적인 밤풍경과 드라이브 분위기를 만끽할 수 있는 커플 데이트 명소,exhibition,exhibition,visitkorea,,visitkorea_read,capital
대한민국 구석구석(VisitKorea) | 커플/데이트 태그,실내데이트,이태원 우사단길,,전연령,"서울 용산구 한남동 | 위도:37.5325542046989, 경도:126.998428804511",,"우사단길은 한국적 정서와 이국적인 분위기가 어우러진 곳이다. 파키스탄, 터키, 이집트, 레바논, 인도 등지의 음식점과 아랍어로 적힌 간판, 히잡과 터번을 쓴 이방인이 어우러져 이국적인 분위기가 짙으며, 오래된 집과 골목이 오밀조밀 이어지는 주택가로 한국적 정서와 분위기를 간직하고 있다. 2010년대 초반부터는 젊은 예술가와 청년 창업자들이 우사단길로 들어와 개성 넘치는 공간을 만들어냈다.",https://korean.visitkorea.or.kr/detail/ms_detail.do?cotid=6e1ea067-9fcd-4fbb-83c8-fade5440600e,couple:1.0;date_spot:1.0;실내데이트,2026-09-11 22:03:25,exhibition,,1.4,🌙 낭만적인 밤풍경과 드라이브 분위기를 만끽할 수 있는 커플 데이트 명소,exhibition,exhibition,visitkorea,,visitkorea_read,capital
대한민국 구석구석(VisitKorea) | 커플/데이트 태그,실내데이트,남산 팔각정,,전연령,"서울 중구 예장동 8-1 | 위도:37.5515850224958, 경도:126.98760431748",,남산 팔각정은 남산타워와 함께 남산의 대표적 명소로 꼽히는 정자이다. 남산 정상에 세워져 있어 서울 시내가 한눈에 들어오며 멋진 야경을 감상할 수 있어 시민들과 관광객들이 많이 찾는다. 걸어서 올라가거나 남산 순환버스인 셔틀버스 또는 남산 케이블카를 타고 올라갈 수 있다.,http://parks.seoul.go.kr/template/sub/namsan.do,couple:1.0;date_spot:1.0;실내데이트,2026-09-11 22:03:25,exhibition,,7.6,🌙 낭만적인 밤풍경과 드라이브 분위기를 만끽할 수 있는 커플 데이트 명소,exhibition,exhibition,visitkorea,,visitkorea_read,capital
대한민국 구석구석(VisitKorea) | 커플/데이트 태그,야외데이트,시흥 그린웨이,,전연령,"경기 시흥시 동서로 287 (장곡동) | 위도:37.389771146858344, 경도:126.78124058551218",,"시흥시를 흐르는 보통천과 장현천 제방 위 농로를 이용하여 조성한 그린웨이는 전원적인 풍경을 간직한 자전거 길로서 코스 내 물왕호수, 연꽃테마파크, 관곡지, 갯골생태공원 등 볼거리와 자연을 체험할 수 있는 친환경적인 공간으로 지역주민과 자전거 동호회 등 많은 사람이 이용하고 있다. 시흥 그린웨이는 이름대로 친환경적인 녹색 길로 시흥의 생태환경 명소를 두루 거친다. 경기도 유일의 내만갯벌과 옛 염전의 정취를 느낄 수 있으며 국가 해양 습지보호지역으로 지정된 시흥갯골생태공원, 수도권 최대 규모인 관곡지 내에 연꽃 군락지를 조성해 꾸며놓은…",https://www.siheung.go.kr/cultour/contents.do?mId=0403040000,couple:1.0;date_spot:1.0;야외데이트,2026-09-11 22:03:25,outdoor,,1.8,🌙 낭만적인 밤풍경과 드라이브 분위기를 만끽할 수 있는 커플 데이트 명소,outdoor,summer,visitkorea,,visitkorea_read,capital
대한민국 구석구석(VisitKorea) | 커플/데이트 태그,실내데이트,김홍도미술관,,전연령,"경기 안산시 상록구 충장로 422 (성포동) | 위도:37.31526620181827, 경도:126.85158794061041",,"김홍도미술관은 조선후기의 천재화가 단원 김홍도를 기념하기 위해 세워진 미술관이다. 김홍도는 안산에 스승인 표암 강세황이 살았기 때문에 7~8세 때부터 20세까지 그의 집에서 살며 그림과 글을 배웠다고 한다. 그래서 안산에서는 단원 김홍도의 예술혼이 이곳에 단원미술관을 건립하였다. 단원미술관은 1관, 제2관, 제3관, 영인본관, 상상미술공장, 야외조각작품로로 조성되어 있다. 주변에는 단원조각공원, 노적봉인공폭포, 성호박물관 등이 있어 함께 관광하기 좋다.",https://www.ansanart.com/main/danwon/index.do,couple:1.0;date_spot:1.0;실내데이트,2026-09-11 22:03:25,exhibition,,2.6,🌙 낭만적인 밤풍경과 드라이브 분위기를 만끽할 수 있는 커플 데이트 명소,exhibition,exhibition,visitkorea,,visitkorea_read,capital
대한민국 구석구석(VisitKorea) | 커플/데이트 태그,실내데이트,아침고요가족동물원,,전연령,"경기 가평군 상면 임초밤안골로 301 | 위도:37.74769180470584, 경도:127.3604655148616",,경기도 가평에 위치한 아침고요가족동물원은 가족형 테마파크로 100여 종 500여 마리의 동물들을 만날 수 있다. 아침고요가족동물원은 도심에서는 쉽게 볼 수 없는 다양한 동물들을 만나고 생명의 신비를 느낄 수 있는 소중한 공간이다. 동물·자연·사람이 어울려 행복한 동행을 하는 아름다운 장소인 아침고요가족동물원에 방문하여 사랑하는 이들과 함께 즐거운 추억을 쌓아가길 바란다.,http://www.mczoo.co.kr/,couple:1.0;date_spot:1.0;실내데이트,2026-09-11 22:03:25,exhibition,,4.0,🌙 낭만적인 밤풍경과 드라이브 분위기를 만끽할 수 있는 커플 데이트 명소,exhibition,exhibition,visitkorea,,visitkorea_read,capital
대한민국 구석구석(VisitKorea) | 커플/데이트 태그,실내데이트,라베니체 마치에비뉴,,전연령,"경기 김포시 김포한강2로23번길 72 (장기동) | 위도:37.640186392772954, 경도:126.67960996502256",,"경기도 김포시에 위치한 라베니체 마치에비뉴는 인공 수로인 금빛 수로를 따라 천변에 마련된 거리로 김포시민 모두가 찾고 즐기고 휴식할 수 있는 수변공간으로 조성되었다. 수로와 연결된 라베니체는 김포를 대표하는 관광명소로 모던한 스타일의 상가 건축물과 아름다운 수변공간이 어우러져 이국적 정취를 느낄 수 있는 곳이다. 금빛수로에는 수상레저시설(Moon Boat)과 음악분수, 피크닉 광장, 쇼핑몰, 산책로 등 시민들을 위한 다양한 문화·편의시설을 이용할 수 있고 거리공연과 전시회, 플리마켓, 전시회, 이벤트 등 다채로운 행사를 즐길 수 있…",https://www.gimpo.go.kr/u/38306,couple:1.0;date_spot:1.0;실내데이트,2026-09-11 22:03:25,exhibition,,4.4,🌙 낭만적인 밤풍경과 드라이브 분위기를 만끽할 수 있는 커플 데이트 명소,exhibition,exhibition,visitkorea,,visitkorea_read,capital
대한민국 구석구석(VisitKorea) | 커플/데이트 태그,실내데이트,청담패션거리,,전연령,"서울 강남구 청담동 | 위도:37.5255, 경도:127.0443",,청담역 사거리에서 갤러리아 백화점에 이르는 대로변에는 명품 브랜드 매장이 밀집되어 있다. 패셔니스타들의 주요 쇼핑 장소인 이름하여 청담동 명품 거리. 국내 유일의 패션특구로 최근 청담 패션 거리라는 공식 명칭을 갖게 되었다. 한류 열풍에 힘입어 일본 관광객들의 관광 코스로도 각광받고 있다. 대로의 안쪽 골목으로는 유명 레스토랑도 몰려 있다. 근래에는 편집 매장과 갤러리들이 대거 들어서면서 쇼핑과 문화를 동시에 즐길 수 있는 공간으로 사랑받고 있다.,https://korean.visitseoul.net/shopping/%EC%B2%AD%EB%8B%B4%ED%8C%A8%EC%85%98%EA%B1%B0%EB%A6%AC/KOP001307,couple:1.0;date_spot:1.0;실내데이트,2026-09-11 22:03:25,exhibition,,2.7,🌙 낭만적인 밤풍경과 드라이브 분위기를 만끽할 수 있는 커플 데이트 명소,exhibition,exhibition,visitkorea,,visitkorea_read,capital
대한민국 구석구석(VisitKorea) | 커플/데이트 태그,실내데이트,분당 정자동 카페거리,,전연령,"경기 성남시 분당구 정자동 | 위도:37.3685566718879, 경도:127.105906341066",,정자동 카페거리는 분당 정자동에 있는 유명한 명소로 카페로 가득한 근사한 거리이다. 정자동 카페거리는 [서울 청담동]같은 고급스러운 분위기를 지닌 곳으로 분당의 청담동으로 일명 [청자동(청담동+정자동)]이라고 불리기도 한다. 정자동 늘푸른 고등학교 옆 골목에서 금곡동 일대까지 이어지는 거리로 즐비한 주상복합과 오피스텔 건물 아래층에 연이어 있는 고급 카페들은 아름답고 멋진 테라스를 갖추고 있어 마치 프랑스 파리의 노천카페에 온 듯한 착각이 들 정도로 이국적인 분위기를 물씬 느낄 수 있다. 골목 곳곳의 카페와 맛집 식당들은 근사한 음…,https://korean.visitkorea.or.kr/detail/ms_detail.do?cotid=de95e1a7-a2f1-4028-ba2c-7d8f5ca60630,couple:1.0;date_spot:1.0;실내데이트,2026-09-11 22:03:25,exhibition,,9.7,🌙 낭만적인 밤풍경과 드라이브 분위기를 만끽할 수 있는 커플 데이트 명소,exhibition,exhibition,visitkorea,,visitkorea_read,capital
대한민국 구석구석(VisitKorea) | 커플/데이트 태그,실내데이트,한강파라다이스,,전연령,"서울 영등포구 여의동로 252 (여의도동) | 위도:37.522838267393645, 경도:126.94157744113741",,"여의도 한강공원에 위치한 한강파라다이스는 답답한 도심 속에서 벗어나 한강의 야경을 1열에서 즐기며 여유롭게 식사를 즐길 수 있는 레스토랑이다. 도심 속에서 찾아볼 수 없는 탁 트인 테라스에서 멋진 도심과 야경을 즐길 수 있으며, 다른 곳에서는 느껴보지 못한 이국적인 분위기로 알찬 구성의 메뉴를 선보인다. 가족, 연인, 친구와 함께 특별한 날을 기념하기 위한 파스타, 화덕피자 등 다양한 요리가 준비되어 있어 기념일을 보내기에 더욱 만족스러울 것이다.",https://www.instagram.com/hankang_paradise252/,couple:1.0;date_spot:1.0;실내데이트,2026-09-11 22:03:25,outdoor,,0.9,🌙 낭만적인 밤풍경과 드라이브 분위기를 만끽할 수 있는 커플 데이트 명소,outdoor,cafe,visitkorea,,visitkorea_read,capital
대한민국 구석구석(VisitKorea) | 커플/데이트 태그,실내데이트,롯데월드 아쿠아리움,,전연령,"서울 송파구 올림픽로 300 (신천동) | 위도:37.514113873232, 경도:127.10406050706861",,"전 세계 5대양을 그대로 옮겨놓은 13개의 다양한 테마존에서 해양생물과의 특별한 만남을 가질 수 있다. 강에서 연안으로, 연안에서 바다로 생태계의 흐름을 따라 걸으며 자연의 경이로움을 경험할 수 있다. 25m 넓이의 국내 최대 서식의 수조로, 집이 되어 살아갈 해양생물을 위해 바다를 담은 수조를 설계했다. 또한 다양한 해양생물들이 더불어 사는 자연과 동일한 서식환경을 만들었으며, 국내 최고 수준의 생명유지장치를 통해 청정지역 바닷물을 그대로 구현하고 있다. 아쿠아리움에서는 국내 최다 14종의 체험 교육프로그램을 통해 해양생물과 더불…",https://www.lotteworld.com/aquarium/index.asp,couple:1.0;date_spot:1.0;실내데이트,2026-09-11 22:03:25,exhibition,,5.3,🌙 낭만적인 밤풍경과 드라이브 분위기를 만끽할 수 있는 커플 데이트 명소,exhibition,exhibition,visitkorea,,visitkorea_read,capital
대한민국 구석구석(VisitKorea) | 커플/데이트 태그,실내데이트,덕수궁 돌담길,,전연령,"서울 중구 세종대로 지하 101 | 위도:37.5660274759675, 경도:126.97487736929",,"기존의 도로를 보행자 중심의 도로로 재정비하고, 보행자를 위해 보도와 차도 공존도로 및 푸르름이 가득한 가로공간인 녹도의 개념을 복합적으로 도입한 우리나라 최초의 사례로 길이는 900m이다. 자연친화적인 점토블록 및 보행자의 안전한 보행권 확보를 위해 차도에 석고석 포장(페이빙스톤) 실시하였고, 시민들의 휴식 공간을 위해 느티나무 외 2종 130주 식재, 평의자 20개 설치하였으며 주변의 역사적 시설인 덕수궁과 연계한 역사적 가로 경관의 창출 및 가로환경 개선하였다. 낭만이 가득한 덕수궁 돌담길은 연인들이 걷기에 더없이 좋은 곳이며…",https://royal.khs.go.kr/ROYAL/contents/menuInfo-gbg.do?grpCode=dsg,couple:1.0;date_spot:1.0;실내데이트,2026-09-11 22:03:25,exhibition,,12.3,🌙 낭만적인 밤풍경과 드라이브 분위기를 만끽할 수 있는 커플 데이트 명소,exhibition,exhibition,visitkorea,,visitkorea_read,capital
대한민국 구석구석(VisitKorea) | 커플/데이트 태그,실내데이트,이태원 관광특구,,전연령,"서울 용산구 이태원로 150 | 위도:37.53392419699384, 경도:126.99065548030292",,"이태원은 1997년에 서울시에서 최초로 지정된 관광특구로 2만 명 이상의 외국인이 거주하고 있는 다국적·다문화 지역이다. 1980년대 들어 각종 국제회의를 비롯해 아시안게임과 올림픽이 서울에서 개최되면서 이름이 알려지게 되어 관광객들의 명소가 되었다. 특히 가죽 제품과 독특한 디자인의 보세 의류, 소품들이 유명하며 외국인들의 쇼핑 투어에 꼭 포함되는 쇼핑과 유흥의 거리다. 구두, 의류, 가방 등을 파는 쇼핑 상가는 물론 호텔을 비롯한 숙박 시설, 각종 음식점, 유흥 오락 시설과 여행사 등의 상가가 골목골목에 밀집해 있다. 또한 외국…",https://korean.visitkorea.or.kr/detail/ms_detail.do?cotid=62ba6c16-3fe7-4e50-8299-abcf55c862c2,couple:1.0;date_spot:1.0;실내데이트,2026-09-11 22:03:25,exhibition,,12.9,🌙 낭만적인 밤풍경과 드라이브 분위기를 만끽할 수 있는 커플 데이트 명소,exhibition,exhibition,visitkorea,,visitkorea_read,capital
대한민국 구석구석(VisitKorea) | 커플/데이트 태그,실내데이트,양천구 로데오거리,,전연령,"서울 양천구 목동로25길 23 (신정동) | 위도:37.52793814475113, 경도:126.86145914667168",,"맛집과 패션의 거리인 목동로데오거리는 봄이 되면 거리에 만개한 벚꽃풍경도 유명하다. 목동로데오거리는 지하철 5호선 목동역 2번 출구로 나와 50m 거리에 있고, 다양한 의류 상설할인 매장들이 집중되어 있어 알뜰 소비자들의 쇼핑명소로 유명하다. 특히, 이곳에는 양천구 맛집이라고 소문난 음식점들이 한데 모여 있다.",https://korean.visitkorea.or.kr/detail/ms_detail.do?cotid=29006198-b417-4f86-9c70-039a695babfb,couple:1.0;date_spot:1.0;실내데이트,2026-09-11 22:03:25,exhibition,,0.7,🌙 낭만적인 밤풍경과 드라이브 분위기를 만끽할 수 있는 커플 데이트 명소,exhibition,exhibition,visitkorea,,visitkorea_read,capital
대한민국 구석구석(VisitKorea) | 커플/데이트 태그,실내데이트,프라움레스토랑,,전연령,"경기 남양주시 와부읍 경강로 756 | 위도:37.568574440231096, 경도:127.22736517028495",,"프라움레스토랑은 경기 남양주시에 위치하고 있다. 탁 트인 강가에서 아름다운 노을을 감상하며 고품격 요리를 맛볼 수 있는 곳이다. 해물 뚝배기파스타, 누룽지파스타 등 프라움 레스토랑만의 특색 있는 메뉴를 맛볼 수 있다. 파스타 외에도 스테이크, 하이볼, 치즈 플래터 등 다양한 메뉴가 준비되어 있다. 예약 우선제로 영업을 하고 있으며 재료 소진으로 인해 마감시간 변동이 있을 수 있으므로 사전에 전화 문의 후 방문하는 것이 좋다.",https://www.instagram.com/praum22/,couple:1.0;date_spot:1.0;실내데이트,2026-09-11 22:03:25,outdoor,,1.0,🌙 낭만적인 밤풍경과 드라이브 분위기를 만끽할 수 있는 커플 데이트 명소,outdoor,cafe,visitkorea,,visitkorea_read,capital
대한민국 구석구석(VisitKorea) | 커플/데이트 태그,실내데이트,마루공원,,전연령,"경기 성남시 분당구 수내로 2 | 위도:37.3834201, 경도:127.1140999",,"마루공원은 분당에서 판교로 넘어가는 탄천변에 위치한 근린공원이다. 인조잔디와 축구 골대가 있는 다목적 운동장이 있고 공원을 걷다 보면 운동기구를 곳곳에 많이 설치해 놓아 산책과 운동을 겸할 수 있다. 또, 공원 안에서 탄천을 내려다 볼수 있는 피크닉장이 20개소 조성되어 있어 사계절 다른 모습을 감상할 수 있으며, 도심속 힐링이 가능하다.",https://korean.visitkorea.or.kr/detail/ms_detail.do?cotid=911a0f90-d391-461f-a5fe-588cd92ce37d,couple:1.0;date_spot:1.0;실내데이트,2026-09-11 22:03:25,exhibition,,0.6,🌙 낭만적인 밤풍경과 드라이브 분위기를 만끽할 수 있는 커플 데이트 명소,exhibition,exhibition,visitkorea,,visitkorea_read,capital
대한민국 구석구석(VisitKorea) | 커플/데이트 태그,실내데이트,롯데월드 어드벤처,,전연령,"서울 송파구 올림픽로 240 | 위도:37.5112974856134, 경도:127.097883607669",,"롯데월드는 롯데 그룹이 국민들의 여가 선용과 외국인 관광객 유치를 위해 설립하고 운영하고 있는 테마파크이다. 모험과 신비를 주제로 한 실내 주제공원인 롯데월드 어드벤처, 호수공원인 매직아일랜드, 쇼핑몰, 민속박물관, 아이스링크, 호텔, 백화점 등으로 구성되어 있으며, 관광, 레저, 쇼핑, 문화를 한 곳에서 해결할 수 있는 대단위 복합생활공간이다. 롯데월드 어드벤처는 세계에서 가장 큰 실내 테마파크로, 최첨단 탑승시설과 환상적인 퍼레이드, 각종 영상 시스템, 레이저쇼, 공연, 각국의 음식을 연중무휴로 즐길 수 있다. 민속박물관에는 한…",https://adventure.lotteworld.com/kor/main/index.do,couple:1.0;date_spot:1.0;실내데이트,2026-09-11 22:03:25,exhibition,,21.5,🌙 낭만적인 밤풍경과 드라이브 분위기를 만끽할 수 있는 커플 데이트 명소,exhibition,exhibition,visitkorea,,visitkorea_read,capital
대한민국 구석구석(VisitKorea) | 커플/데이트 태그,실내데이트,서울숲,,전연령,"서울 성동구 뚝섬로 273 | 위도:37.543071581483325, 경도:127.04179844597822",,"서울숲은 1908년 설치된 서울 최초의 상수원 수원지였으며, 2005년에 뚝섬체육공원 일대를 대규모 도시 숲으로 만들기 위해 새롭게 개원하였다. 현재는 문화예술공원, 체험학습원, 생태숲, 습지생태원 네 가지의 특색 있는 공간들로 구성되어 있으며, 한강과 맞닿아 있는 다양한 문화여가공간을 제공한다. 또한 서울숲공원은 조성부터 프로그램 운영까지 시민의 참여로 이루어진 최초의 공원이다.",https://parks.seoul.go.kr/template/seoulforest/main.do,couple:1.0;date_spot:1.0;실내데이트,2026-09-11 22:03:25,exhibition,,41.5,🌙 낭만적인 밤풍경과 드라이브 분위기를 만끽할 수 있는 커플 데이트 명소,exhibition,exhibition,visitkorea,,visitkorea_read,capital
대한민국 구석구석(VisitKorea) | 커플/데이트 태그,실내데이트,청와대 앞길,,전연령,"서울 종로구 궁정동 | 위도:37.5834864376289, 경도:126.973751980892",,"청와대 앞길은 종로구 팔판동 162번지(삼청동길)에서 청와대 앞을 거쳐 궁정동 98-6번지(효자로)에 이르는 길이다. 이 길이 청와대 앞을 지나는 데서 그 이름을 유래했다. 1988년 3월 31일 처음 청와대 앞길로 이름 붙여졌으며, 경복궁 북쪽 담장길과 북악산 기슭 청와대 사이를 횡단하여 한때 시민의 통행이 금지되기도 했다. 청와대 앞길로 들어서면 좌우로 울창한 나무들이 줄지어 서 있어 나무 그늘과 아름다운 꽃밭을 감상하면서 산책을 할 수 있다. 경복궁의 북문인 신무문 맞은편에는 청와대가 있고, 청와대 앞길이 끝나는 곳에는 청와대…",https://korean.visitkorea.or.kr/detail/ms_detail.do?cotid=3b4a9a39-c541-427d-9820-9577d21d876a,couple:1.0;date_spot:1.0;실내데이트,2026-09-11 22:03:25,exhibition,,5.1,🌙 낭만적인 밤풍경과 드라이브 분위기를 만끽할 수 있는 커플 데이트 명소,exhibition,exhibition,visitkorea,,visitkorea_read,capital
대한민국 구석구석(VisitKorea) | 커플/데이트 태그,실내데이트,성수동 카페거리,,전연령,"서울 성동구 성수동2가 | 위도:37.5431984051334, 경도:127.0565978295",,"오래된 공장지대, 구두 공방 골목으로 대표되던 성수동 연무장길이 트렌디한 카페와 문화공간으로 거듭났다. 지금도 자동차 정비공장과 인쇄 공장, 수제화 거리의 활기는 여전하지만, 요란하게 돌아가는 공장사이에 글로벌 외식 업체와 편집숍 카페들이 들어서면서 성수동만의 독특한 분위기가 형성됐다. 대림창고는 성수동 골목의 변화를 이끈 주인공으로 현재 카페거리 곳곳에 들어선 창고형 카페의 원조라 할 수 있다. 이곳은 옛 창고의 붉은 벽돌 구조와 오래된 간판, 광활한 실내 공간을 살리고 감각적인 인테리어를 더해 패션쇼와 전시를 위한 공간으로 꾸며…",https://www.sd.go.kr/tour/contents.do?key=4208&,couple:1.0;date_spot:1.0;실내데이트,2026-09-11 22:03:25,exhibition,,15.5,🌙 낭만적인 밤풍경과 드라이브 분위기를 만끽할 수 있는 커플 데이트 명소,exhibition,exhibition,visitkorea,,visitkorea_read,capital
대한민국 구석구석(VisitKorea) | 커플/데이트 태그,야외데이트,제부도,,전연령,"경기 화성시 서신면 해안길 421-12 | 위도:37.1686057162374, 경도:126.624469863601",,"서신면 앞바다에 있는 작은 섬, 일명 ‘모세의 기적’을 볼 수 있는 신비의 섬 제부도는 썰물 때면 하루에 두 번씩 바닷물이 양쪽으로 갈라져 섬을 드나들 수 있는 길이 열린다. 수도권에서 그리 멀지 않고 교통이 편리하여 가족 단위의 1박 2일 휴양 코스 여행지로 적당하며 물에 비친 낙조는 서해안에서 가장 아름다운 곳 가운데 하나로 꼽힌다. 세계 3대 디자인 상 중 하나인 ‘2017 레드닷 디자인 어워드’에서 ‘아트파크’와 해안산책로의 ‘경관벤치’가 각각 커뮤니케이션 디자인 부문에서 본상을 수상하는 등 디자인과 건축, 예술 등이 어우러…",https://tour.hscity.go.kr/NEW/1tour/nature1.jsp,couple:1.0;date_spot:1.0;야외데이트,2026-09-11 22:03:25,outdoor,,29.2,🌙 낭만적인 밤풍경과 드라이브 분위기를 만끽할 수 있는 커플 데이트 명소,outdoor,summer,visitkorea,,visitkorea_read,capital
대한민국 구석구석(VisitKorea) | 커플/데이트 태그,실내데이트,헤이리 예술마을,,전연령,"경기 파주시 탄현면 헤이리마을길 70-21 | 위도:37.7880092899503, 경도:126.69929799395",,"헤이리 예술마을은 15만 평 규모로 통일동산 관광특구 내에 위치해 있다. 지상에서 가장 아름다운 마을을 꿈꾸며 일정한 자격 조건을 갖추고 심사에 통과한 다양한 분야의 창작자와 예술가 300여 명이 공동체 마을을 이루며 거주하고 있다. 헤이리는 문화 예술의 생산, 전시, 판매, 거주가 함께하는 통합적 개념의 특수한 공동체 마을이다. 수많은 갤러리, 박물관, 전시관, 공연장, 소극장, 카페, 레스토랑, 서점, 게스트하우스, 아트숍과 예술인들의 창작공간이 자리 잡고 있다. 헤이리 모든 건축물의 대부분은 창작과 문화 향유 장소로 일반인들에…",https://www.heyri.net/,couple:1.0;date_spot:1.0;실내데이트,2026-09-11 22:03:25,exhibition,,48.8,🌙 낭만적인 밤풍경과 드라이브 분위기를 만끽할 수 있는 커플 데이트 명소,exhibition,exhibition,visitkorea,,visitkorea_read,capital
대한민국 구석구석(VisitKorea) | 커플/데이트 태그,야외데이트,양평 두물머리,,전연령,"경기 양평군 양서면 두물머리길 145 | 위도:37.53362264940988, 경도:127.31747150388415",,"두물머리는 금강산에서 흘러내린 북한강과 강원도 금대봉 기슭 검룡소에서 발원한 남한강 두 물이 합쳐지는 곳으로, 한강의 시작이다. 이른 아침에 피어나는 물안개와 일출, 황포돛배 그리고 400년이 넘은 느티나무가 어우러진 양수리 두물머리는 사계절 아름답게 변모하는 풍광이 기다리는 곳으로 한국인이 꼭 가봐야 할 곳 한국관광100선에 선정된 곳이다. 한강 제1경 (두물경)과 각종 드라마 및 영화촬영장소로 널리 알려지며 수많은 국내외 관광객이 찾아오고 있는 대한민국 대표 생태관광지이다. 두물머리의 아름다운 풍경은 예로부터 유명하여 조선시대…",https://tour.yp21.go.kr/www/selectTourCntntsWebView.do?tourNo=171&pageUnit=6&pageIndex=1&searchCnd=all&key=69&ctgry=4&sortTy=RECOMEND,couple:1.0;date_spot:1.0;야외데이트,2026-09-11 22:03:25,outdoor,,39.8,🌙 낭만적인 밤풍경과 드라이브 분위기를 만끽할 수 있는 커플 데이트 명소,outdoor,summer,visitkorea,,visitkorea_read,capital
팝가(Popga) | 팝업스토어,팝업스토어,비틀스 서울에디션 팝업 @현대백화점 킨텍스점,2026-09-18 ~ 2026-10-01,전연령,"경기 고양시 일산서구 호수로 817 | 위도:37.6679852145, 경도:126.7516475715",,전설적인 밴드 비틀스를 한 공간에서 만나다🎸 비틀스 서울에디션 팝업 세 번째 행선지는 현대백화점 킨텍스점🌹 킨텍스점만의 새로운 콘텐츠는 추후 공개됩니다.,https://www.instagram.com/p/DciCo-yOdxH/,couple:1.0;date_spot:1.0;팝업스토어,2026-08-28 23:08:38,popup,,,🛍️ 연인과 특별한 팝업스토어를 탐방하며 감성 굿즈와 사진을 남기기 좋은 데이트 코스,popup,popup,popup,2026-10-01,,capital
팝가(Popga) | 팝업스토어,팝업스토어,TV애니메이션 블리치 천년혈전편 AT 피규어프레소 공식 콜라보 카페,2026-09-11 ~ 2026-10-11,전연령,"서울 마포구 와우산로29길 48-11 | 위도:37.5560819, 경도:126.9274614",,[피규어프레소 ✕ 블리치 천년혈전편] TV애니메이션 블리치 천년혈전편 공식 콜라보 카페가 피규어프레소 에프피점에서 개최됩니다 ⸝*,https://popga.co.kr/popup/8762,couple:1.0;date_spot:1.0;팝업스토어,2026-08-28 23:08:38,popup,,,🛍️ 연인과 특별한 팝업스토어를 탐방하며 감성 굿즈와 사진을 남기기 좋은 데이트 코스,popup,popup,popup,2026-10-11,,capital
팝가(Popga) | 팝업스토어,팝업스토어,스트릿 월드 파이터 팝업 - 디렉터스 워,2026-07-21 ~ 2026-10-25,전연령,"인천 제물포구 월미로 33 | 위도:37.476568524, 경도:126.6144291728",,"<스트릿 월드 파이터 : 디렉터스 워>의 열기를 상상플랫폼에서 미리 경험해 보세요! 방송의 생생함을 담은 촬영 세트장 전시부터, 팬들을 위한 댄스 클래스, 굿즈 팝업도 함께 운영됩니다. ❤️",https://popga.co.kr/popup/8707,couple:1.0;date_spot:1.0;팝업스토어,2026-08-28 23:08:38,popup,,,🛍️ 연인과 특별한 팝업스토어를 탐방하며 감성 굿즈와 사진을 남기기 좋은 데이트 코스,popup,popup,popup,2026-10-25,,capital
팝가(Popga) | 팝업스토어,팝업스토어,2026 아덕페 - 아이파크몰 덕후 페스티벌,2026-10-02 ~ 2026-10-11,전연령,"서울 용산구 한강대로23길 55 | 위도:37.529010321, 경도:126.9642950981",,"아이파크몰에서 2026 아덕페가 열려요! 카드쇼, 하비쇼, 덕후마켓, <봇치 더 록!> 포토존, <주술회전> X 리끌로우 팝업, 코스어존, 아덕페 라운지까지 덕후들을 위한 행사가 한 번에 펼쳐져요✨",https://www.instagram.com/p/Dcf0dEOGlbt/,couple:1.0;date_spot:1.0;팝업스토어,2026-08-28 23:08:38,popup,,,🛍️ 연인과 특별한 팝업스토어를 탐방하며 감성 굿즈와 사진을 남기기 좋은 데이트 코스,popup,popup,popup,2026-10-11,,capital
팝가(Popga) | 팝업스토어,팝업스토어,산리오캐릭터즈 X 롯데월드 아쿠아리움 - 머메이드 파티,2026-09-04 ~ 2026-11-29,전연령,"서울 송파구 올림픽로 300 | 위도:37.5134861453, 경도:127.1040611549",,"롯데월드 아쿠아리움과 산리오캐릭터즈가 두 번째로 만나 가을 시즌 축제 ‘머메이드 파티’를 오픈해요 🧜‍♀️🫧 마이멜로디, 쿠로미, 시나모롤, 폼폼푸린, 한교동을 만날 수 있어요 💗✨",https://popga.co.kr/popup/8651,couple:1.0;date_spot:1.0;팝업스토어,2026-08-28 23:08:38,popup,,,🛍️ 연인과 특별한 팝업스토어를 탐방하며 감성 굿즈와 사진을 남기기 좋은 데이트 코스,popup,popup,popup,2026-11-29,,capital
팝가(Popga) | 팝업스토어,팝업스토어,뱅드림! 플라워 가든 페어,2026-08-28 ~ 2026-10-08,전연령,"경기 수원시 팔달구 덕영대로 924 | 위도:37.2657281361, 경도:127.0000732799",,BanG Dream!의 아이돌 밴드 Pastel Palettes를 테마로 한 ‘Pastel Palettes × Flower Garden’ 팝업이 애니메이트 수원점에서 열려요! 🌸✨,https://x.com/animate_hongdae/status/2090710500401099012,couple:1.0;date_spot:1.0;팝업스토어,2026-08-28 23:08:38,popup,,,🛍️ 연인과 특별한 팝업스토어를 탐방하며 감성 굿즈와 사진을 남기기 좋은 데이트 코스,popup,popup,popup,2026-10-08,,capital
팝가(Popga) | 팝업스토어,팝업스토어,뱅드림! 플라워 가든 페어,2026-08-28 ~ 2026-10-08,전연령,"서울 송파구 올림픽로 240 | 위도:37.5109373947, 경도:127.0975031193",,BanG Dream!의 아이돌 밴드 Pastel Palettes를 테마로 한 ‘Pastel Palettes × Flower Garden’ 팝업이 애니메이트 잠실점에서 열려요! 🌸✨,https://x.com/animate_hongdae/status/2090710500401099012,couple:1.0;date_spot:1.0;팝업스토어,2026-08-28 23:08:38,popup,,,🛍️ 연인과 특별한 팝업스토어를 탐방하며 감성 굿즈와 사진을 남기기 좋은 데이트 코스,popup,popup,popup,2026-10-08,,capital
팝가(Popga) | 팝업스토어,팝업스토어,뱅드림! 플라워 가든 페어,2026-08-28 ~ 2026-10-08,전연령,"서울 마포구 양화로 188 | 위도:37.5578337833, 경도:126.9264179994",,BanG Dream!의 아이돌 밴드 Pastel Palettes를 테마로 한 ‘Pastel Palettes × Flower Garden’ 팝업이 애니메이트 홍대에서 열려요! 🌸✨,https://x.com/animate_hongdae/status/2090710500401099012,couple:1.0;date_spot:1.0;팝업스토어,2026-08-28 23:08:38,popup,,,🛍️ 연인과 특별한 팝업스토어를 탐방하며 감성 굿즈와 사진을 남기기 좋은 데이트 코스,popup,popup,popup,2026-10-08,,capital
팝가(Popga) | 팝업스토어,팝업스토어,주술회전 팬텀 퍼레이드 옴니버스 팝업,2026-09-12 ~ 2026-10-11,전연령,"서울 강남구 영동대로85길 13 | 위도:37.5069266206, 경도:127.0625998673",,"주술회전 팬텀 퍼레이드 옴니버스 팝업이 애니팝굿즈샵 삼성역점에서 열려요! ✨ 한정 굿즈와 팝업에서만 만날 수 있는 전용 특전은 물론, 작품의 분위기를 느껴볼 수 있는 테마 공간까지 준비되어 있으니 꼭 가보세요 🙌🏻",https://x.com/JJKphanpara_KR/status/2091072889932177496,couple:1.0;date_spot:1.0;팝업스토어,2026-08-28 23:08:38,popup,,,🛍️ 연인과 특별한 팝업스토어를 탐방하며 감성 굿즈와 사진을 남기기 좋은 데이트 코스,popup,popup,popup,2026-10-11,,capital
팝가(Popga) | 팝업스토어,팝업스토어,보따리제과점 팝업,2026-09-11 ~ 2026-12-31,전연령,"경기 파주시 탄현면 필승로 200 | 위도:37.7692940537, 경도:126.6959209086",,"신세계 프리미엄 아울렛 파주점에 새롭게 마련된 공간의 첫 팝업으로 보따리제과점이 함께하게 되었습니다. 다가오는 가을의 시작은 보따리제과점 × 명란리소금밭의 명란소금빵으로 문을 엽니다. ❤️ 짭조름한 명란과 고소한 마요, 겉은 바삭하고 속은 촉촉한 소금빵이 어우러진 보따리제과점의 인기 메뉴를 파주에서도 만나보세요. 🥐",https://www.instagram.com/p/DcPlVr7O2zQ/,couple:1.0;date_spot:1.0;팝업스토어,2026-08-28 23:08:38,popup,,,🛍️ 연인과 특별한 팝업스토어를 탐방하며 감성 굿즈와 사진을 남기기 좋은 데이트 코스,popup,popup,popup,2026-12-31,,capital
팝가(Popga) | 팝업스토어,팝업스토어,하츠네 미쿠 X 애니메이트 카페 콜라보 카페,2026-09-04 ~ 2026-10-13,전연령,"서울 송파구 올림픽로 240 | 위도:37.5105010405, 경도:127.0967334349",,하츠네 미쿠를 비롯한 피아프로 캐릭터즈가 초코와 동물을 테마로 한 ‘Chocoanimal Miku Wagon’ 콘셉트로 애니메이트 카페에 찾아와요! 🍫🐾💗,https://www.instagram.com/p/DcS_hmMktHB/,couple:1.0;date_spot:1.0;팝업스토어,2026-08-28 23:08:38,popup,,,🛍️ 연인과 특별한 팝업스토어를 탐방하며 감성 굿즈와 사진을 남기기 좋은 데이트 코스,popup,popup,popup,2026-10-13,,capital
팝가(Popga) | 팝업스토어,팝업스토어,2026년 덕수궁 밤의 석조전,2026-09-09 ~ 2026-10-18,전연령,"서울 중구 세종대로 99 | 위도:37.5655980691, 경도:126.9747079821",,석조전 하얀 기둥에 가을 달빛이 스며드는 밤! 🍁 덕수궁 석조전으로 여러분을 초대합니다. ✨🌝,https://www.instagram.com/p/DcKZmHRmDqK/,couple:1.0;date_spot:1.0;팝업스토어,2026-08-28 23:08:38,popup,,,🛍️ 연인과 특별한 팝업스토어를 탐방하며 감성 굿즈와 사진을 남기기 좋은 데이트 코스,popup,popup,popup,2026-10-18,,capital
팝가(Popga) | 팝업스토어,팝업스토어,보테로 팝업,2026-08-14 ~ 2026-11-16,전연령,"서울 종로구 자하문로7길 62 | 위도:37.5800565818, 경도:126.9692900407",,"보테로의 2026 F/W 새로운 컬렉션을 서촌에서 선보입니다. 새롭게 선보이는 시즌 제품부터 꾸준히 사랑받아온 BOTERO의 시그니처 백, 그리고 FRONTROW x BOTERO 익스클루시브 콜라보레이션 제품까지 한 공간에서 직접 만나보실 수 있습니다. 💖",https://www.instagram.com/p/DcFHgVXvXY9/,couple:1.0;date_spot:1.0;팝업스토어,2026-08-28 23:08:38,popup,,,🛍️ 연인과 특별한 팝업스토어를 탐방하며 감성 굿즈와 사진을 남기기 좋은 데이트 코스,popup,popup,popup,2026-11-16,,capital
팝가(Popga) | 팝업스토어,팝업스토어,파우칩 랜드 팝업,2026-10-27 ~ 2026-11-01,전연령,"서울 마포구 와우산로 161 | 위도:37.5553639135, 경도:126.9303359947",,파우칩의 두번째 팝업 ❕ 파우칩 랜드 : 수상한 골동품 상점 10월 27일부터 11월 1일까지 수상하고 요상하지만 재밌는 곳으로 여러분을 초대합니다 🕴️🕴️,https://www.instagram.com/p/DcJl-8szjON/,couple:1.0;date_spot:1.0;팝업스토어,2026-08-28 23:08:38,popup,,,🛍️ 연인과 특별한 팝업스토어를 탐방하며 감성 굿즈와 사진을 남기기 좋은 데이트 코스,popup,popup,popup,2026-11-01,,capital
팝가(Popga) | 팝업스토어,팝업스토어,LG트윈스 팝업,2026-08-14 ~ 2026-10-08,전연령,"서울 송파구 올림픽로 19-2 | 위도:37.5117750669, 경도:127.0728807384",,"LG트윈스 오프라인 할인존 운영 안내 🐈‍⬛ 이번 시즌 종료까지 LG트윈스 팬이라면, 굿즈를 혜택 가격에 만나실 수 있답니다! 💕",https://www.instagram.com/p/Db-NFZ9FBwu/,couple:1.0;date_spot:1.0;팝업스토어,2026-08-28 23:08:38,popup,,,🛍️ 연인과 특별한 팝업스토어를 탐방하며 감성 굿즈와 사진을 남기기 좋은 데이트 코스,popup,popup,popup,2026-10-08,,capital
팝가(Popga) | 팝업스토어,팝업스토어,PEACH-PIT 25주년 특별전,2026-10-24 ~ 2026-11-29,전연령,"서울 용산구 한강대로23길 55 | 위도:37.5289381946, 경도:126.9641424026",,"<로젠 메이든>, <캐릭캐릭 체인지!>, <좀비론>, <디어즈> 등을 그려낸 PEACH-PIT 작가의 데뷔 25주년 기념 특별전이 아이파크몰 용산점에서 열려요! 💗 25년간 사랑받아 온 작품과 캐릭터들을 원화로 직접 만나볼 수 있다고 하는데요! 🎨✨ PEACH-PIT의 특별한 세계를 전시에서 만나보세요! 💕",https://www.instagram.com/p/Db4dljAmENV,couple:1.0;date_spot:1.0;팝업스토어,2026-08-28 23:08:38,popup,,,🛍️ 연인과 특별한 팝업스토어를 탐방하며 감성 굿즈와 사진을 남기기 좋은 데이트 코스,popup,popup,popup,2026-11-29,,capital
팝가(Popga) | 팝업스토어,팝업스토어,바이비 팝업,2026-08-14 ~ 2026-10-01,전연령,"서울 용산구 한강대로21나길 7 | 위도:37.5291768026, 경도:126.9636275302",,"양봉 유튜버 프응의 꿀 전문 브랜드, 바이비가 더현대 서울에 팝업 스토어로 찾아갑니다.🍯 바이비의 신제품 크림드허니도 공개해요!! 읭? 크림드허니가 뭔데? 궁금한 분들~~ -꿀의 형태를 변형시켜서 크림 형태로 만든 특허까지 이전 받아 1년 넘게 준비한 바이비의 역작이에요✨ 바이비 팝업에서 꿀 떨어지는 일상을 경험해보세요.🐝",https://www.instagram.com/p/Dbzz1OQk_bs/,couple:1.0;date_spot:1.0;팝업스토어,2026-08-28 23:08:38,popup,,,🛍️ 연인과 특별한 팝업스토어를 탐방하며 감성 굿즈와 사진을 남기기 좋은 데이트 코스,popup,popup,popup,2026-10-01,,capital
팝가(Popga) | 팝업스토어,팝업스토어,무기미도 X Gratte 콜라보 카페,2026-10-16 ~ 2026-11-01,전연령,"서울 송파구 올림픽로 240 | 위도:37.5107890878, 경도:127.0970674689",,"AISNO Games의 모바일 게임 〈무기미도〉와 Gratte의 제4탄 콜라보가 애니메이트 카페 잠실점에 오픈해요 🖤 무기미도 캐릭터 일러스트를 활용한 그라떼와 아이싱 쿠키, 아이스크림을 만나볼 수 있으며, 원하는 캐릭터 디자인을 골라 주문할 수 있어요! 콜라보 메뉴와 함께 총 14종의 랜덤 아크릴 코스터 특전도 만나보세요! ✨",https://x.com/animatecafe_js/status/2085939060871422027,couple:1.0;date_spot:1.0;팝업스토어,2026-08-28 23:08:38,popup,,,🛍️ 연인과 특별한 팝업스토어를 탐방하며 감성 굿즈와 사진을 남기기 좋은 데이트 코스,popup,popup,popup,2026-11-01,,capital
팝가(Popga) | 팝업스토어,팝업스토어,무기미도 X Gratte 콜라보 카페,2026-10-16 ~ 2026-11-01,전연령,"서울 마포구 양화로 188 | 위도:37.557761693, 경도:126.9264010938",,"AISNO Games의 모바일 게임 〈무기미도〉와 Gratte의 제4탄 콜라보가 애니메이트 카페 홍대점에 오픈해요 🖤 무기미도 캐릭터 일러스트를 활용한 그라떼와 아이싱 쿠키, 아이스크림을 만나볼 수 있으며, 원하는 캐릭터 디자인을 골라 주문할 수 있어요! 콜라보 메뉴와 함께 총 14종의 랜덤 아크릴 코스터 특전도 만나보세요! ✨",https://x.com/animatecafe_js/status/2085939060871422027,couple:1.0;date_spot:1.0;팝업스토어,2026-08-28 23:08:38,popup,,,🛍️ 연인과 특별한 팝업스토어를 탐방하며 감성 굿즈와 사진을 남기기 좋은 데이트 코스,popup,popup,popup,2026-11-01,,capital
팝가(Popga) | 팝업스토어,팝업스토어,해리포터 마호도코로 팝업,2026-08-15 ~ 2026-10-11,전연령,"서울 용산구 한강대로23길 55 | 위도:37.5287445324, 경도:126.9643178514",,해리포터 마호도코로 팝업스토어가 용산 아이파크몰에 찾아왔습니다.✨ 새로운 공간에서 해리포터 마호도코로만의 다양한 상품을 만나보세요.,https://www.instagram.com/p/DbuIqJAFO0c/?img_index=1,couple:1.0;date_spot:1.0;팝업스토어,2026-08-28 23:08:38,popup,,,🛍️ 연인과 특별한 팝업스토어를 탐방하며 감성 굿즈와 사진을 남기기 좋은 데이트 코스,popup,popup,popup,2026-10-11,,capital
팝가(Popga) | 팝업스토어,팝업스토어,Sol LeWitt: Open Structure 전시,2026-09-01 ~ 2027-02-28,전연령,"서울 용산구 한강대로 100 | 위도:37.5287911785, 경도:126.9686735655",,"《Sol LeWitt: Open Structure》에서는 월 드로잉(wall drawing), 조각, 회화, 사진, 판화 등 다양한 형식의 작품들을 한자리에서 선보입니다. 솔 르윗의 작업은 오늘날까지 동시대 미술 담론의 중요한 전환점으로 평가되며, 개념미술을 이해하는 데 반드시 필요한 교과서적인 사례로 언급됩니다. 솔 르윗의 작업세계를 국내 최대 규모로 소개하는 이번 전시에 많은 기대 부탁드립니다. ❤️🔥",https://www.instagram.com/p/Dbr9NmckYb6/,couple:1.0;date_spot:1.0;팝업스토어,2026-08-28 23:08:38,popup,,,🛍️ 연인과 특별한 팝업스토어를 탐방하며 감성 굿즈와 사진을 남기기 좋은 데이트 코스,popup,popup,popup,2027-02-28,,capital
팝가(Popga) | 팝업스토어,팝업스토어,단간론파 시리즈 페어,2026-12-05 ~ 2026-12-20,전연령,"경기 수원시 팔달구 덕영대로 924 | 위도:37.2656425371, 경도:126.9999267202",,"『단간론파 시리즈 X animate 페어』가 애니메이트 수원점에서 진행됩니다! 🖤 금액에 따라 한정 특전도 증정되니, 단간론파를 좋아하신다면 이번 기회를 놓치지 마세요! 🎮",https://x.com/animate_hongdae/status/2083085251887161602,couple:1.0;date_spot:1.0;팝업스토어,2026-08-28 23:08:38,popup,,,🛍️ 연인과 특별한 팝업스토어를 탐방하며 감성 굿즈와 사진을 남기기 좋은 데이트 코스,popup,popup,popup,2026-12-20,,capital
팝가(Popga) | 팝업스토어,팝업스토어,단간론파 시리즈 페어,2026-12-05 ~ 2026-12-20,전연령,"서울 송파구 올림픽로 240 | 위도:37.5111081453, 경도:127.0980349412",,"『단간론파 시리즈 X animate 페어』가 애니메이트 잠실점에서 진행됩니다! 🖤 금액에 따라 한정 특전도 증정되니, 단간론파를 좋아하신다면 이번 기회를 놓치지 마세요! 🎮",https://x.com/animate_hongdae/status/2083085251887161602,couple:1.0;date_spot:1.0;팝업스토어,2026-08-28 23:08:38,popup,,,🛍️ 연인과 특별한 팝업스토어를 탐방하며 감성 굿즈와 사진을 남기기 좋은 데이트 코스,popup,popup,popup,2026-12-20,,capital
팝가(Popga) | 팝업스토어,팝업스토어,단간론파 시리즈 페어,2026-12-05 ~ 2026-12-20,전연령,"서울 마포구 양화로 188 | 위도:37.5577887158, 경도:126.9263897495",,"『단간론파 시리즈 X animate 페어』가 애니메이트 홍대점에서 진행됩니다! 🖤 금액에 따라 한정 특전도 증정되니, 단간론파를 좋아하신다면 이번 기회를 놓치지 마세요! 🎮",https://x.com/animate_hongdae/status/2083085251887161602,couple:1.0;date_spot:1.0;팝업스토어,2026-08-28 23:08:38,popup,,,🛍️ 연인과 특별한 팝업스토어를 탐방하며 감성 굿즈와 사진을 남기기 좋은 데이트 코스,popup,popup,popup,2026-12-20,,capital
팝가(Popga) | 팝업스토어,팝업스토어,캐릭캐릭체인지 X 팝퍼블 콜라보 카페,2026-08-14 ~ 2026-11-29,전연령,"서울 용산구 한강대로23길 55 | 위도:37.5287468267, 경도:126.9644564382",,인기 애니메이션 캐릭캐릭체인지가 팝퍼블과 함께 특별한 콜라보 카페를 오픈해요 ✨ 캐릭캐릭체인지의 설레는 순간을 팝퍼블 용산점에서 직접 만나보세요! 🌸,https://www.instagram.com/p/Dbc5IvBkqgm/,couple:1.0;date_spot:1.0;팝업스토어,2026-08-28 23:08:38,popup,,,🛍️ 연인과 특별한 팝업스토어를 탐방하며 감성 굿즈와 사진을 남기기 좋은 데이트 코스,popup,popup,popup,2026-11-29,,capital
팝가(Popga) | 팝업스토어,팝업스토어,베티붑 팝업,2026-07-31 ~ 2026-10-29,전연령,"경기 부천시 원미구 길주로 180 | 위도:37.5043163132, 경도:126.7620826738",,베티붑이 부천에 돌아왔어요! ♥️ 이번에는 무려 3개월 동안 베티붑을 만나보실 수 있습니다! 더 오래 만나는 만큼 혜택도 더 특별하게 ✨ 팝업 오픈을 기념해 베티붑 베스트 아이템 할인부터 구매 금액별 스페셜 기프트까지 가득 준비했어요!,https://www.instagram.com/p/DbZ5X73D1tz/,couple:1.0;date_spot:1.0;팝업스토어,2026-08-28 23:08:38,popup,,,🛍️ 연인과 특별한 팝업스토어를 탐방하며 감성 굿즈와 사진을 남기기 좋은 데이트 코스,popup,popup,popup,2026-10-29,,capital
팝가(Popga) | 팝업스토어,팝업스토어,드래곤볼 히어로즈 라이즈 서울,2026-08-22 ~ 2026-11-15,전연령,"서울 성동구 뚝섬로 403 | 위도:37.5388361, 경도:127.055628",,"🐉 드래곤볼 히어로즈 라이즈 서울 애니메이션 '드래곤볼' 체험 전시, 성수 상륙! 명장면부터 인터랙티브 체험까지 드래곤볼의 세계를 오감으로 만나보세요. ✴️ 시리즈 명장면 & 전투 콘텐츠 🔸 드래곤볼의 상징적인 순간 - 시리즈를 대표하는 명장면과 치열했던 전투 장면을 몰입감 있는 전시 연출로 만나볼 수 있습니다. 🔸 팬이라면 놓칠 수 없는 전투의 기억 - 강력한 액션과 캐릭터들의 성장 스토리를 따라가며 드래곤볼만의 에너지와 감동을 경험할 수 있습니다. ✴️ 다양한 체험형 전시 콘텐츠 🔸 인터랙티브 콘텐츠 - 관람객이 직접 참여하며…",https://www.instagram.com/db_heroes_kr/,couple:1.0;date_spot:1.0;팝업스토어,2026-08-28 23:08:38,popup,,,🛍️ 연인과 특별한 팝업스토어를 탐방하며 감성 굿즈와 사진을 남기기 좋은 데이트 코스,popup,popup,popup,2026-11-15,,capital
팝가(Popga) | 팝업스토어,팝업스토어,우마무스메 프리티 더비 X ANIPLUS 콜라보 카페,2026-08-20 ~ 2026-10-04,전연령,"서울 마포구 월드컵로3길 14 | 위도:37.5510079695, 경도:126.9116489979",,"《우마무스메 프리티 더비》가 애니플러스와 함께 콜라보 카페를 오픈합니다! 🏇 여름 콘셉트의 신규 일러스트와 캐릭터를 테마로 한 특별한 메뉴, 다양한 한정 굿즈까지 한자리에서 만나볼 수 있어요 🌴",https://x.com/ANIPLUS_SHOP/status/2082028285995655368,couple:1.0;date_spot:1.0;팝업스토어,2026-08-28 23:08:38,popup,,,🛍️ 연인과 특별한 팝업스토어를 탐방하며 감성 굿즈와 사진을 남기기 좋은 데이트 코스,popup,popup,popup,2026-10-04,,capital
팝가(Popga) | 팝업스토어,팝업스토어,카린 X 타쿠 반나이 특별전 - Moments on the Road,2026-07-17 ~ 2026-10-15,전연령,"서울 성동구 연무장9길 7 | 위도:37.5429523072, 경도:127.0557351365",,"길 위에서 마주한 장면들 스쳐 지나가는 풍경은 사라져도 그 순간의 감정은 오래 남습니다. 도시의 거리와 낯선 풍경, 잠시 머물렀던 시간들 🖤 CARIN의 26SS 시즌 테마 'Road Trip'​이 하나의 전시로 찾아 왔습니다.",https://www.instagram.com/p/DaxIe02CSfr/,couple:1.0;date_spot:1.0;팝업스토어,2026-08-28 23:08:38,popup,,,🛍️ 연인과 특별한 팝업스토어를 탐방하며 감성 굿즈와 사진을 남기기 좋은 데이트 코스,popup,popup,popup,2026-10-15,,capital
팝가(Popga) | 팝업스토어,팝업스토어,점프샵 팝업,2026-09-23 ~ 2026-10-06,전연령,"서울 서초구 신반포로 176 | 위도:37.5051615702, 경도:127.0043485953",,"일본 공식 굿즈 매장 점프샵(JUMP SHOP)이 다시 서울에 기간 한정 팝업으로 찾아옵니다! 🎉 🏴‍☠️ ONE PIECE, 🏐 하이큐!!, 👊 주술회전, 🔥 가정교사 히트맨 리본!, 🍥 나루토, ⚔️ 블리치 등 인기 점프 작품들의 공식 원작 굿즈를 한자리에서 만나보세요",https://x.com/smg_comic/status/2081560207646441942,couple:1.0;date_spot:1.0;팝업스토어,2026-08-28 23:08:38,popup,,,🛍️ 연인과 특별한 팝업스토어를 탐방하며 감성 굿즈와 사진을 남기기 좋은 데이트 코스,popup,popup,popup,2026-10-06,,capital
팝가(Popga) | 팝업스토어,팝업스토어,STORY A 성수 : 뷰티서바이벌 살인사건,2026-07-28 ~ 2026-10-18,전연령,"서울 성동구 아차산로11길 7 | 위도:37.5445478114, 경도:127.0590422021",,"<STORY A 성수 : 뷰티서바이벌 살인사건> 아모레성수 7년의 여정을 마무리하는 마지막 뷰티 서바이벌 프로그램. 😄 파이널 매치가 끝난 직후, 우승자가 의문의 죽음을 맞았습니다. ☠️ 현장에는 저마다의 비밀을 숨긴 용의자들과 아직 밝혀지지 않은 진실만이 남았습니다. 이제 사건을 해결할 사람은 당신뿐입니다. 당신은 특별수사팀의 수사관이 되어 현장 곳곳의 단서를 수집하고, 거짓과 진실을 구분하며 사건의 전말을 밝혀내야 합니다. 과연 당신은 범인을 찾아낼 수 있을까요? 🕵️",https://popga.co.kr/popup/8203,couple:1.0;date_spot:1.0;팝업스토어,2026-08-28 23:08:38,popup,,,🛍️ 연인과 특별한 팝업스토어를 탐방하며 감성 굿즈와 사진을 남기기 좋은 데이트 코스,popup,popup,popup,2026-10-18,,capital
팝가(Popga) | 팝업스토어,팝업스토어,토리든 팝업,2026-07-15 ~ 2026-12-31,전연령,"서울 성동구 성수이로7가길 17 | 위도:37.5418230246, 경도:127.0552875688",,"CONNECT DEEP DIVE💧 토리든 커넥트 성수에서 진정한 성분 중심, 흡수 설계를 만나보세요. 피부 고민까지 층층이 닿는 흡수 폭포 포토존부터 몰입감 제대로인 흡수볼 게임, 피부 컨디션 체크가 가능한 피부진단 키오스크까지! 다양한 코르티스 포토존도 준비 완료🩵 성분은 기본, 흡수와 작용까지 고려하는 토리든의 흡수 설계 뷰티에 DEEP DIVE 해보세요!",https://www.instagram.com/p/Day_Fmvmmoi/,couple:1.0;date_spot:1.0;팝업스토어,2026-08-28 23:08:38,popup,,,🛍️ 연인과 특별한 팝업스토어를 탐방하며 감성 굿즈와 사진을 남기기 좋은 데이트 코스,popup,popup,popup,2026-12-31,,capital
팝가(Popga) | 팝업스토어,팝업스토어,필립 예니카 기획전: 럭키 럭키 럭키,2026-06-19 ~ 2026-11-19,전연령,"서울 마포구 양화로16길 14-16 | 위도:37.5527685, 경도:126.9200454",,"홍대에서 가장 시원한 미술관. 더위를 피하러 왔다가, 행운을 줍고 갑니다. LUCKY LUCKY LUCKY. 행운은 세 번 말해야 온다. 《필립 예니카 기획전 : 럭키 럭키 럭키》 독일 출신 아티스트 필립 예니카(Filipp Jenikäe)의 국내 기획전. 잃어버린 것도, 이기고 지는 것도, 결국 전부 행운이라는 이야기. 지하 2층부터 3층까지, 여섯 개의 챕터. 층마다 철학자가 하나씩 숨어 있고, 미친 색감이 그 철학을 대신 설명합니다. CHAPTERS B1 — LOST IS THE NEW LUCKY B2 — LUCKY WAVE…",https://www.instagram.com/thartmuseum/,couple:1.0;date_spot:1.0;팝업스토어,2026-08-28 23:08:38,popup,,,🛍️ 연인과 특별한 팝업스토어를 탐방하며 감성 굿즈와 사진을 남기기 좋은 데이트 코스,popup,popup,popup,2026-11-19,,capital
팝가(Popga) | 팝업스토어,팝업스토어,메디큐브 X 포에버체리 팝업,2026-07-24 ~ 2026-11-30,전연령,"서울 중구 퇴계로 77 | 위도:37.5605040419, 경도:126.9805555031",,"메디큐브와 포에버체리가 함께하는 사랑스러운 핑크빛 팝업이 신세계면세점 명동점에 오픈해요 🎀💗 포에버체리의 감성을 담은 메디큐브 제품과 특별한 공간을 만나볼 수 있으니, 명동에 방문하신다면 팝업에서 달콤하고 사랑스러운 분위기를 즐겨보세요! 🍒✨",https://www.instagram.com/p/Da6xqwoEeVG,couple:1.0;date_spot:1.0;팝업스토어,2026-08-28 23:08:38,popup,,,🛍️ 연인과 특별한 팝업스토어를 탐방하며 감성 굿즈와 사진을 남기기 좋은 데이트 코스,popup,popup,popup,2026-11-30,,capital
팝가(Popga) | 팝업스토어,팝업스토어,명탐정 코난전 -TV 애니메이션 방송 30주년 기념-,2026-08-12 ~ 2026-11-29,전연령,"서울 마포구 양화로 188 | 위도:37.5578090023, 경도:126.9264123649",,"몸은 작아졌어도, 두뇌는 그대로! 그 이름은 명탐정 코난! TV애니메이션 「명탐정 코난」이 방송 30주년을 기념하여 개최된 전시가 서울에 찾아왔습니다. 진실은 언제나 하나!🕵️",https://www.instagram.com/smgmuseum_official,couple:1.0;date_spot:1.0;팝업스토어,2026-08-28 23:08:38,popup,,,🛍️ 연인과 특별한 팝업스토어를 탐방하며 감성 굿즈와 사진을 남기기 좋은 데이트 코스,popup,popup,popup,2026-11-29,,capital
팝가(Popga) | 팝업스토어,팝업스토어,원피스 무기와라스토어 한국 출장점,2026-07-30 ~ 2026-12-31,전연령,"서울 송파구 송파대로 521 | 위도:37.5111440586, 경도:127.0981876818",,"드디어, 올 것이 왔다! 국내 최초, 무기와라스토어 한국 출장점이 오픈합니다!!! 🥳🎉🎊👏 무기와라스토어 일본 및 한국 한정상품 이 밖에도, 기존에 한국에서 볼 수 없었던 특별한 상품들이 가득하니 많은 관심 부탁드립니다! 💞",https://www.instagram.com/p/Dal6wW0ExJj/,couple:1.0;date_spot:1.0;팝업스토어,2026-08-28 23:08:38,popup,,,🛍️ 연인과 특별한 팝업스토어를 탐방하며 감성 굿즈와 사진을 남기기 좋은 데이트 코스,popup,popup,popup,2026-12-31,,capital
팝가(Popga) | 팝업스토어,팝업스토어,집집 팝업,2026-10-24 ~ 2026-10-25,전연령,"서울 성동구 성수이로 50 | 위도:37.5395703246, 경도:127.0553308257",,"보자마자 데려오고 싶은 것들.zip 보고 있으면 괜히 기분 좋아지는 것들, 하나쯤은 내 집으로 꼭 데려가고 싶은 것들. 똑똑, 집집의 두 번째 이야기가 시작됩니다🏠",https://www.instagram.com/p/DakPUpYk79P/,couple:1.0;date_spot:1.0;팝업스토어,2026-08-28 23:08:38,popup,,,🛍️ 연인과 특별한 팝업스토어를 탐방하며 감성 굿즈와 사진을 남기기 좋은 데이트 코스,popup,popup,popup,2026-10-25,,capital
팝가(Popga) | 팝업스토어,팝업스토어,신라면 분식 더 팩토리,2026-06-16 ~ 2026-11-30,전연령,"서울 성동구 성수일로4길 52 | 위도:37.5424920218, 경도:127.0543058881",,"국민 라면 ‘신라면’이 벌써 출시 40주년을 맞이했다는 사실, 알고 계셨나요? 🥳 이번 40주년을 기념해 성수동에 단순한 팝업스토어가 아닌, 소비자들의 찐 반응을 모아 신제품 개발에 반영하는 특별한 안테나숍 ‘신라면 분식’을 오픈했습니다! ❤️🔥 다양한 굿즈와 신라면을 활용한 스페셜 메뉴도 만나보고 국내에서 맛 볼 수 없는 해외 라면과 갓튀긴 라면까지 모두 만나보세요. 🙌",https://www.instagram.com/p/DZosdYgRHuN/,couple:1.0;date_spot:1.0;팝업스토어,2026-08-28 23:08:38,popup,,,🛍️ 연인과 특별한 팝업스토어를 탐방하며 감성 굿즈와 사진을 남기기 좋은 데이트 코스,popup,popup,popup,2026-11-30,,capital
팝가(Popga) | 팝업스토어,팝업스토어,온그리디언츠 팝업 - 이너글로우 VIP 라운지,2026-06-05 ~ 2027-05-31,전연령,"서울 성동구 연무장17길 2 | 위도:37.5409241382, 경도:127.0610570601",,청담샵이 선택한 화잘먹 국민 로션 성수 VIP 라운지에 초대합니다! 온그리디언츠 팝업스토어에서 빛나는 속광 루틴을 만나보세요! 💛✨,https://www.instagram.com/p/DZKQXcTD8Fk/?img_index=1,couple:1.0;date_spot:1.0;팝업스토어,2026-08-28 23:08:38,popup,,,🛍️ 연인과 특별한 팝업스토어를 탐방하며 감성 굿즈와 사진을 남기기 좋은 데이트 코스,popup,popup,popup,2027-05-31,,capital
팝가(Popga) | 팝업스토어,팝업스토어,틈결 플래그쉽 with 에스더버니 팝업,2026-05-01 ~ 2026-10-31,전연령,"서울 성동구 서울숲4길 22-13 | 위도:37.5468687857, 경도:127.0432274936",,"키링, 가방, 문구, 잡화류 구경할거 짱많아서 귀여운거 좋아하시는 분들이라면 꼭 가봐야 하는 팝업! 🎀 에스더버니의 사랑스러운 영감이 성수동의 붉은 벽돌 사이, 핑크빛 아뜰리에로 탄생했습니다. 📸🐰",https://www.instagram.com/p/DYeWq4cE58c/,couple:1.0;date_spot:1.0;팝업스토어,2026-08-28 23:08:38,popup,,,🛍️ 연인과 특별한 팝업스토어를 탐방하며 감성 굿즈와 사진을 남기기 좋은 데이트 코스,popup,popup,popup,2026-10-31,,capital
팝가(Popga) | 팝업스토어,팝업스토어,메르세데스 벤츠 전시,2026-05-19 ~ 2027-02-14,전연령,"서울 성동구 연무장길 73 | 위도:37.542097697, 경도:127.057637397",,"성수 한복판에 메르세데스-벤츠 마을이 등장했습니다 🚘 브랜드의 과거, 현재, 미래를 한 공간에서 만날 수 있어요 독일 만하임 첫 번째 공장에서 영감을 받은 외관부터 140년의 여정을 직접 경험해보세요 🫶🏻",https://www.instagram.com/p/DYTnqfhCjDw,couple:1.0;date_spot:1.0;팝업스토어,2026-08-28 23:08:38,popup,,,🛍️ 연인과 특별한 팝업스토어를 탐방하며 감성 굿즈와 사진을 남기기 좋은 데이트 코스,popup,popup,popup,2027-02-14,,capital
팝가(Popga) | 팝업스토어,팝업스토어,MGM IP UNIVERSE 2026,2026-05-01 ~ 2026-10-31,전연령,"서울 금천구 디지털로 185 | 위도:37.4781875546, 경도:126.8871542401",,"SEGA의 역사와 추억을 마리오아울렛에서 만나다.🎮 '파이널판타지', '드래곤퀘스트', '니어 오토마타' 등 상징적인 RPG 세계관이 MGM IP UNIVERSE에 모입니다.🧙 전시와 굿즈, 콜라보카페 'SAVE POINT' 를 즐겨보세요!",https://www.instagram.com/p/DX3yLc8jwSW/,couple:1.0;date_spot:1.0;팝업스토어,2026-08-28 23:08:38,popup,,,🛍️ 연인과 특별한 팝업스토어를 탐방하며 감성 굿즈와 사진을 남기기 좋은 데이트 코스,popup,popup,popup,2026-10-31,,capital
팝가(Popga) | 팝업스토어,팝업스토어,백조씽크 팝업 @목동,2026-05-01 ~ 2026-10-31,전연령,"서울 양천구 목동동로 257 | 위도:37.5265148059, 경도:126.8751840986",,백조씽크의 프리미엄 브랜드 ‘깜뽀르테’를 현대백화점 목동점에서 만나볼 수 있습니다 ✨ 주방 공간의 품격을 높여주는 감각적인 디자인과 깊이 있는 브랜드 가치를 직접 경험할 수 있도록 준비된 리빙 팝업이에요 🤍 깜뽀르테만의 무드와 다양한 제품들을 여유롭게 만나보세요 🫶🏻,https://www.instagram.com/p/DXgJ_FoEhXF,couple:1.0;date_spot:1.0;팝업스토어,2026-08-28 23:08:38,popup,,,🛍️ 연인과 특별한 팝업스토어를 탐방하며 감성 굿즈와 사진을 남기기 좋은 데이트 코스,popup,popup,popup,2026-10-31,,capital
팝가(Popga) | 팝업스토어,팝업스토어,진격의 거인 전시,2026-06-19 ~ 2026-11-01,전연령,"서울 마포구 양화로 186 | 위도:37.5576684824, 경도:126.9258931353",,3년 만에 돌아온 ‘진격의 거인展 FINAL’ 감동의 순간을 다시 한번 만끽할 수 있는 기회! 📺,https://www.instagram.com/p/DYL5TyAgYzk/,couple:1.0;date_spot:1.0;팝업스토어,2026-08-28 23:08:38,popup,,,🛍️ 연인과 특별한 팝업스토어를 탐방하며 감성 굿즈와 사진을 남기기 좋은 데이트 코스,popup,popup,popup,2026-11-01,,capital
팝가(Popga) | 팝업스토어,팝업스토어,버켄스탁 팝업,2026-03-06 ~ 2026-11-30,전연령,"서울 용산구 이태원로54길 32 | 위도:37.5370159644, 경도:127.0017294289",,"시대를 초월한 디자인, 탁월한 편안함, 프리미엄 품질을 자랑하는 풋웨어 브랜드 버켄스탁 🦶 성큼 다가온 봄, 새로운 신발 장만 어떠세요? 한남동 팝업에서 다양한 디자인을 만나보실 수 있습니다!",https://popga.co.kr/popup/6436,couple:1.0;date_spot:1.0;팝업스토어,2026-08-28 23:08:38,popup,,,🛍️ 연인과 특별한 팝업스토어를 탐방하며 감성 굿즈와 사진을 남기기 좋은 데이트 코스,popup,popup,popup,2026-11-30,,capital
팝가(Popga) | 팝업스토어,팝업스토어,발루토커피 팝업,2025-12-19 ~ 2026-12-18,전연령,"서울 강남구 언주로174길 17 | 위도:37.5284538576, 경도:127.035421579",,발루토 일상 커피와 함께 🤎 부드럽고 쫀득한 커피 한 잔 하러오세요! ☕️,https://popga.co.kr/popup/6290,couple:1.0;date_spot:1.0;팝업스토어,2026-08-28 23:08:38,popup,,,🛍️ 연인과 특별한 팝업스토어를 탐방하며 감성 굿즈와 사진을 남기기 좋은 데이트 코스,popup,popup,popup,2026-12-18,,capital
팝가(Popga) | 팝업스토어,팝업스토어,프라포투투 팝업,2026-03-06 ~ 2026-11-30,전연령,"서울 성동구 성수이로 77 | 위도:37.5419941513, 경도:127.0559954672",,FRA422의 새로운 공간이 성수에 오픈했어요 ✨ 자연을 존중하는 방식으로 완성된 깊고 정교한 파인 프래그런스를 직접 경험해보세요 🌿,https://www.instagram.com/p/DVhdccOk0RE/,couple:1.0;date_spot:1.0;팝업스토어,2026-08-28 23:08:38,popup,,,🛍️ 연인과 특별한 팝업스토어를 탐방하며 감성 굿즈와 사진을 남기기 좋은 데이트 코스,popup,popup,popup,2026-11-30,,capital
팝가(Popga) | 팝업스토어,팝업스토어,불가리 팝업,2026-03-22 ~ 2026-12-31,전연령,"서울 강남구 테헤란로 517 | 위도:37.5086151302, 경도:127.0597651165",,"로만 주얼러 불가리가 현대백화점 무역센터점에서 이터널리 아이코닉 팝업 스토어를 선보입니다 💎✨ 세르펜티 컬렉션 신제품을 비롯해 디바스 드림, 비제로원, 워치 등 불가리의 대표 아이콘을 한자리에서 만나보세요 🖤",https://popga.co.kr/popup/5991,couple:1.0;date_spot:1.0;팝업스토어,2026-08-28 23:08:38,popup,,,🛍️ 연인과 특별한 팝업스토어를 탐방하며 감성 굿즈와 사진을 남기기 좋은 데이트 코스,popup,popup,popup,2026-12-31,,capital
팝가(Popga) | 팝업스토어,팝업스토어,LG전자 브랜드 전시 - THE FIRST : Origins,2026-04-02 ~ 2026-12-31,전연령,"서울 강남구 도산대로 403 | 위도:37.5236751321, 경도:127.0396447773",,"🌸벚꽃🌸으로 물든 플래그십 D5에서 즐기는 LG전자 ""THE FIRST : Origins"" 헤리티지 전시 팝업 지금 LG전자 플래그십 D5 외벽엔 거대한 벚꽃 한 그루가 활짝 피었습니다. 밤하늘을 배경으로 플래그십 D5를 가득 채운 황홀한 미디어 아트의 향연. 벚꽃 명소?! 여의도 아니죠! 🙅‍♀️ 석촌호수 아니죠! 🙅‍♀️ 밤에 더 빛나는 대왕 벚꽃 스팟 지금 청담 한복판에 떴습니다. 비가 와도, 바람이 불어도, 심지어 낮보다 밤이 더 아름다운 플래그십 D5의 벚꽃은 절대 당신을 실망시키지 않으니까요. 🌸 🎉 따뜻한 봄을 맞이해…",https://www.instagram.com/reels/DWle7Ttk3u8/,couple:1.0;date_spot:1.0;팝업스토어,2026-08-28 23:08:38,popup,,,🛍️ 연인과 특별한 팝업스토어를 탐방하며 감성 굿즈와 사진을 남기기 좋은 데이트 코스,popup,popup,popup,2026-12-31,,capital
팝가(Popga) | 팝업스토어,팝업스토어,가치서울 팝업,2025-10-14 ~ 2026-12-31,전연령,"서울 성동구 뚝섬로9길 16 | 위도:37.5396340348, 경도:127.0564530889",,"kachi는 '까치'와 '가치' 그리고 '같이' 세 가지 뜻을 담은 한국 디저트 브랜드입니다 🖤 '까치' 예로부터 좋은 소식을 전해주는 길조로 여겨져 왔습니다. 저희는 여러분에게 한 마리의 까치로 다가가고 싶습니다. '가치' 천년의 역사와 가치를 가지고 있는 우리의 맛을 지키고 더욱 세계적으로 발전시키가자는 소명을 담았습니다. '같이' 모두 같이 나누고, 전하고 즐길 수 있는 따듯한 마음이 담긴 바른 먹거리를 만들고 전해드리겠습니다 ✨",https://www.instagram.com/kachi_seoul/,couple:1.0;date_spot:1.0;팝업스토어,2026-08-28 23:08:38,popup,,,🛍️ 연인과 특별한 팝업스토어를 탐방하며 감성 굿즈와 사진을 남기기 좋은 데이트 코스,popup,popup,popup,2026-12-31,,capital
팝가(Popga) | 팝업스토어,팝업스토어,<양일우와 나> 팝업,2026-09-21 ~ 2026-10-01,전연령,"서울 마포구 양화로 188 | 위도:37.5576941076, 경도:126.9263841837",,인기 웹툰 <양일우와 나> 팝업스토어로 여러분을 초대합니다! ✨ 오직 이번 팝업스토어 현장에서만 만나볼 수 있는 다양한 오프라인 한정 굿즈들이 가득 준비되어 있어요. 양일우와 내가 선사하는 특별한 순간을 직접 방문하여 경험해 보세요. 💖,https://x.com/polarfox_store/status/2097943160634724733,couple:1.0;date_spot:1.0;팝업스토어,2026-09-11 22:00:13,popup,,,🛍️ 연인과 특별한 팝업스토어를 탐방하며 감성 굿즈와 사진을 남기기 좋은 데이트 코스,popup,popup,popup,2026-10-01,,capital
팝가(Popga) | 팝업스토어,팝업스토어,세븐틴 팝업 - 스머프 : 사라진 멜로디를 찾아서,2026-10-01 ~ 2026-10-18,전연령,"서울 영등포구 여의대로 108 | 위도:37.5257280647, 경도:126.9287008006",,"세븐틴과 글로벌 IP 스머프가 만나는 전시형 팝업을 진행합니다! 💙 '음악의 신' 세계관을 확장, 포탈 너머 스머프 마을을 탐험하는 인터랙티브 경험 캐릭터, 아티스트, MD가 결합된 압도적 몰입 공간을 더현대 서울에서 만나보세요! 😃",https://popga.co.kr/popup/9002,couple:1.0;date_spot:1.0;팝업스토어,2026-09-11 22:00:13,popup,,,🛍️ 연인과 특별한 팝업스토어를 탐방하며 감성 굿즈와 사진을 남기기 좋은 데이트 코스,popup,popup,popup,2026-10-18,,capital
팝가(Popga) | 팝업스토어,팝업스토어,소피텔 서울 팝업 - The Secret Check-in,2026-09-30 ~ 2026-10-05,전연령,"서울 영등포구 여의대로 108 | 위도:37.5254534688, 경도:126.9290489306",,"현실과 가상의 경계를 넘어 소피텔 서울의 숨겨진 공간을 탐험하는 이머시브 팝업, 'The Secret Check-in'이 찾아옵니다! ✨ 소피텔 앰배서더 서울의 개관 5주년을 기념하여 AI 및 VR 기술의 '식스도파민 스튜디오'와 함께 특별한 가상 세계를 구현했습니다. 나만의 스테이케이션을 발견하고, 곳곳에 숨겨진 인터랙티브 미션을 하나씩 완성하며 짜릿한 탐험을 즐겨보세요. 가상의 공간 속 소피텔 서울을 만나는 VR 체험부터 호텔 숙박권과 레스토랑 이용권의 주인공이 될 수 있는 럭키드로우, 그리고 소피텔 서울 5주년 한정 프레임 네…",https://www.instagram.com/reel/DdIZEsjp58p/,couple:1.0;date_spot:1.0;팝업스토어,2026-09-11 22:00:13,popup,,,🛍️ 연인과 특별한 팝업스토어를 탐방하며 감성 굿즈와 사진을 남기기 좋은 데이트 코스,popup,popup,popup,2026-10-05,,capital
팝가(Popga) | 팝업스토어,팝업스토어,블랙야크 팝업,2026-10-08 ~ 2026-10-14,전연령,"서울 영등포구 여의대로 108 | 위도:37.525459998, 경도:126.9286699455",,아웃도어 브랜드 블랙야크가 차가운 계절을 대비하는 완벽한 겨울 옷장을 선보입니다! ❄️ 더현대 서울에서 진행되는 이번 팝업스토어에서는 블랙야크 고유의 기술력이 담긴 겨울 아웃도어 패딩 라인부터 트렌디한 감성의 '스톤마스터' 컬렉션까지 다채로운 아우터를 한곳에서 만나볼 수 있어요. 스타일리시하면서도 따뜻한 아웃도어 룩을 제안하는 이곳에서 다가올 올겨울 데일리 룩을 직접 완성해 보세요. ✨,https://popga.co.kr/popup/9000,couple:1.0;date_spot:1.0;팝업스토어,2026-09-11 22:00:13,popup,,,🛍️ 연인과 특별한 팝업스토어를 탐방하며 감성 굿즈와 사진을 남기기 좋은 데이트 코스,popup,popup,popup,2026-10-14,,capital
팝가(Popga) | 팝업스토어,팝업스토어,스테퍼스튜디오 팝업 - STEPPERs Playground,2026-09-14 ~ 2026-10-01,전연령,"서울 강동구 천호대로 1005 | 위도:37.5389750483, 경도:127.1244409883",,"소소한 일상 속에서 잠시 잊고 있던 소중한 감각과 마음을 깨우는 시간! 일러스트 브랜드 스테퍼스튜디오의 팝업스토어가 현대백화점 천호점에 찾아옵니다. ✨ 설렘과 불안, 자유와 외로움 속에서도 우리는 무언가를 끊임없이 기대하며 조금 더 행복한 곳을 향해 나아가곤 하죠. 이번 팝업에서는 마음에 따스한 온기를 전하는 감성적인 일러스트 굿즈와 다채로운 예술 소품들을 한자리에서 만나볼 수 있어요. 사랑스러운 캐릭터들이 건네는 위로와 함께 마음의 감각을 채우고, 소소한 일상 속 숨겨진 행복을 가득 담아 가세요. 📚",https://popga.co.kr/popup/8990,couple:1.0;date_spot:1.0;팝업스토어,2026-09-11 22:00:13,popup,,,🛍️ 연인과 특별한 팝업스토어를 탐방하며 감성 굿즈와 사진을 남기기 좋은 데이트 코스,popup,popup,popup,2026-10-01,,capital
팝가(Popga) | 팝업스토어,팝업스토어,마리끌레르 팝업,2026-09-11 ~ 2026-10-11,전연령,"서울 강남구 선릉로155길 28 | 위도:37.5258278986, 경도:127.037430293",,"파리지앵의 클래식한 감성을 담은 마리끌레르(marie claire)가 새로운 오프라인 공간 오픈을 기념하며 북촌에 찾아옵니다! ✨ 한옥의 고즈넉함과 현대적인 감각이 어우러진 마리끌레르 맨숀 북촌점에서 브랜드 특유의 우아하고 감각적인 가을 시즌 패션 아이템들을 직접 경험해 보세요. 🍁 새로운 공간에서 마리끌레르만의 프렌치 라이프스타일을 탐색하고, 오프닝을 기념해 준비된 특별한 구매 사은품 혜택까지 모두 만나보세요. ♥️",https://www.instagram.com/p/DdDyGaTGiEh/,couple:1.0;date_spot:1.0;팝업스토어,2026-09-11 22:00:13,popup,,,🛍️ 연인과 특별한 팝업스토어를 탐방하며 감성 굿즈와 사진을 남기기 좋은 데이트 코스,popup,popup,popup,2026-10-11,,capital
팝가(Popga) | 팝업스토어,팝업스토어,한샘홈퍼니싱 팝업,2026-08-25 ~ 2027-01-31,전연령,"서울 강남구 도곡로 401 | 위도:37.4969793248, 경도:127.0532546958",,"한샘홈퍼니싱 롯데백화점 강남점 팝업 스토어가 여러분을 찾아옵니다! ✨ 트렌디한 가구와 다채로운 인테리어 소품으로 가득 채워진 공간에서, 우리 집을 새롭게 꾸밀 감각적인 영감을 얻어보세요. 🏠 신혼집을 위한 첫 가구부터 오랜 시간 함께해 온 일상 공간의 변화까지, 전문가가 전하는 실용적인 홈스타일링 팁과 다양한 리빙 아이템들을 한자리에서 직접 확인해 볼 수 있습니다. 내 손으로 완성하는 아름다운 공간을 위해 특별한 제안을 만나보세요. 🏡",https://popga.co.kr/popup/8977,couple:1.0;date_spot:1.0;팝업스토어,2026-09-11 22:00:13,popup,,,🛍️ 연인과 특별한 팝업스토어를 탐방하며 감성 굿즈와 사진을 남기기 좋은 데이트 코스,popup,popup,popup,2027-01-31,,capital
팝가(Popga) | 팝업스토어,팝업스토어,마리끌레르 팝업 @북촌,2026-09-15 ~ 2026-10-11,전연령,"서울 종로구 북촌로11길 9 | 위도:37.5815967365, 경도:126.9844414867",,"파리지앵의 클래식한 감성을 담은 마리끌레르(marie claire)가 새로운 오프라인 공간 오픈을 기념하며 북촌에 찾아옵니다! ✨ 한옥의 고즈넉함과 현대적인 감각이 어우러진 마리끌레르 맨숀 북촌점에서 브랜드 특유의 우아하고 감각적인 가을 시즌 패션 아이템들을 직접 경험해 보세요. 🍁 새로운 공간에서 마리끌레르만의 프렌치 라이프스타일을 탐색하고, 오프닝을 기념해 준비된 특별한 구매 사은품 혜택까지 모두 만나보세요. ♥️",https://www.instagram.com/p/DdDyGaTGiEh/,couple:1.0;date_spot:1.0;팝업스토어,2026-09-11 22:00:13,popup,,,🛍️ 연인과 특별한 팝업스토어를 탐방하며 감성 굿즈와 사진을 남기기 좋은 데이트 코스,popup,popup,popup,2026-10-11,,capital
팝가(Popga) | 팝업스토어,팝업스토어,내가 키운 S급들 팝업 - 던전 브레이크: 용산,2026-09-23 ~ 2026-10-15,전연령,"서울 용산구 한강대로23길 55 | 위도:37.5290193053, 경도:126.9642102438",,인기 웹툰 <내가 키운 S급들>의 공식 팝업스토어가 용산에 상륙합니다! 🔥 이번 팝업에서는 최초로 공개되는 50여 종의 신제품 MD 라인업부터 오직 현장에서만 만날 수 있는 한정 포토카드까지 다채로운 아이템들을 만날 수 있어요 ✨ 던전 브레이크 콘셉트로 꾸며진 특별한 공간에서 최애 캐릭터들과 함께 모험하는 기분을 만끽해 보세요!,https://www.instagram.com/p/DdD_agFmPv3,couple:1.0;date_spot:1.0;팝업스토어,2026-09-11 22:00:13,popup,,,🛍️ 연인과 특별한 팝업스토어를 탐방하며 감성 굿즈와 사진을 남기기 좋은 데이트 코스,popup,popup,popup,2026-10-15,,capital
팝가(Popga) | 팝업스토어,팝업스토어,악녀라서 편하고 좋은데요? 콜라보 카페,2026-09-17 ~ 2026-10-11,전연령,"서울 마포구 양화로 78-17 | 위도:37.5512981801, 경도:126.9178887997",,웹툰 <악녀라서 편하고 좋은데요?> 콜라보 카페가 카페 투니크 유니버스점에 오픈합니다! ✨ 작품의 무드를 고스란히 담아낸 특별한 공간에서 콜라보 메뉴와 음료를 만나보세요! 카페 한정으로 준비된 오리지널 굿즈와 다양한 구매 특전도 준비되어 있으니 절대 놓치지 마세요! 💜,https://www.instagram.com/p/DdD5dDmyEJ5,couple:1.0;date_spot:1.0;팝업스토어,2026-09-11 22:00:13,popup,,,🛍️ 연인과 특별한 팝업스토어를 탐방하며 감성 굿즈와 사진을 남기기 좋은 데이트 코스,popup,popup,popup,2026-10-11,,capital
팝가(Popga) | 팝업스토어,팝업스토어,메이드바이 X 맘마 햄스토어 팝업,2026-09-08 ~ 2026-11-04,전연령,"서울 성동구 서울숲길 38 | 위도:37.547891346, 경도:127.0416774262",,"메이드바이 X 맘마 팝업이 메이드바이 성수점에서 열려요! 🐹 선공개 신상과 콜라보 상품, 그리고 귀여운 햄스터 캐릭터들을 가득 담은 햄스토어 마트 컨셉의 공간을 만나보세요✨",https://www.instagram.com/p/DdArLlWEuw_,couple:1.0;date_spot:1.0;팝업스토어,2026-09-11 22:00:13,popup,,,🛍️ 연인과 특별한 팝업스토어를 탐방하며 감성 굿즈와 사진을 남기기 좋은 데이트 코스,popup,popup,popup,2026-11-04,,capital
팝가(Popga) | 팝업스토어,팝업스토어,연도문구 팝업 - 우주정거장점,2026-09-11 ~ 2026-12-06,전연령,"서울 마포구 양화로 188 | 위도:37.5578517961, 경도:126.926406664",,"우주정거장에 불시착한 귀여운 외계인 캐릭터들의 문방구! AK PLAZA 홍대점에 '연도문구 우주정거장점'이 오픈해요!🛸 먼작귀(치이카와), 담곰이, 다마고치 등 마음을 훔치는 인기 캐릭터 라인업을 한 곳에서 만날 수 있어요. ✨ 우주정거장점만의 특별하고 몽환적인 분위기 속에서 취향을 저격하는 문구와 소품들을 탐험해 보세요! 🫶🏻",https://www.instagram.com/p/DdDNdCXmCB7,couple:1.0;date_spot:1.0;팝업스토어,2026-09-11 22:00:13,popup,,,🛍️ 연인과 특별한 팝업스토어를 탐방하며 감성 굿즈와 사진을 남기기 좋은 데이트 코스,popup,popup,popup,2026-12-06,,capital
팝가(Popga) | 팝업스토어,팝업스토어,오끼뜨 X 산리오캐릭터즈 팝업,2026-09-11 ~ 2026-10-01,전연령,"서울 성동구 연무장길 57 | 위도:37.5425580884, 경도:127.0558018301",,"귀여운 파자마로 사랑받는 라이프스타일 브랜드 오끼뜨와 산리오캐릭터즈가 만나 이구홈 성수 1에서 특별한 팝업스토어를 엽니다! ✨ 포차코, 폼폼푸린, 시나모롤 세 캐릭터가 파자마에 귀엽게 스며든 아늑한 가을 콜라보 시리즈를 오프라인 공간에서 가장 먼저 경험해보세요. 🛌 일상 속에 포근한 캐릭터 감성을 더해줄 다양한 오프라인 한정 할인과 귀여운 라이프스타일 제품군이 여러분을 기다리고 있습니다.",https://www.instagram.com/p/Dc2OmVln5bG/,couple:1.0;date_spot:1.0;팝업스토어,2026-09-11 22:00:13,popup,,,🛍️ 연인과 특별한 팝업스토어를 탐방하며 감성 굿즈와 사진을 남기기 좋은 데이트 코스,popup,popup,popup,2026-10-01,,capital
팝가(Popga) | 팝업스토어,팝업스토어,에이레네 팝업,2026-10-01 ~ 2026-10-11,전연령,"서울 영등포구 여의대로 108 | 위도:37.5255298239, 경도:126.9286670508",,"수제화 브랜드 에이레네(EIRENE)가 더현대 서울에서 특별한 팝업스토어를 선보입니다! 👞 이번 팝업에서는 에이레네의 새로운 커스텀 슈즈 서비스인 'DESIGN YOUR SHOES®'를 가장 먼저 만나보실 수 있습니다. 오프라인 공간에서 나만의 신발을 직접 그려나가는 특별한 여정을 시작해보세요. 취향에 맞는 가죽 디자인과 컬러 체계를 자유롭게 조합하고, 완성될 슈즈의 실물을 미리 확인하며 세상에 단 하나뿐인 나만의 신발을 소장할 기회입니다. 장인정신과 현대적 감각이 깃든 커스텀 서비스를 직접 경험해 보세요. ✨",https://www.instagram.com/p/Dc5hz7cys1t/,couple:1.0;date_spot:1.0;팝업스토어,2026-09-11 22:00:13,popup,,,🛍️ 연인과 특별한 팝업스토어를 탐방하며 감성 굿즈와 사진을 남기기 좋은 데이트 코스,popup,popup,popup,2026-10-11,,capital
팝가(Popga) | 팝업스토어,팝업스토어,디드 팝업,2026-09-22 ~ 2026-10-03,전연령,"서울 송파구 올림픽로 240 | 위도:37.5113825324, 경도:127.0985386251",,빈티지하고 감각적인 무드의 스트리트 캐주얼 브랜드 디디디(DiiiiiiiD)가 잠실에 상륙합니다! 🖤 브랜드만의 독창적인 아이덴티티와 감성이 가득 담긴 컬렉션을 직접 만나볼 수 있는 특별한 공간이 마련됩니다. 잠실 롯데백화점에서 열리는 이번 팝업스토어에서 디디디가 제안하는 다채로운 패션 아이템들을 직접 입어보고 경험해 보세요. ✨,https://www.instagram.com/p/DdBanUTOhvo/,couple:1.0;date_spot:1.0;팝업스토어,2026-09-11 22:00:13,popup,,,🛍️ 연인과 특별한 팝업스토어를 탐방하며 감성 굿즈와 사진을 남기기 좋은 데이트 코스,popup,popup,popup,2026-10-03,,capital
팝가(Popga) | 팝업스토어,팝업스토어,넷플릭스 10주년 팝업 - 넷플잔치,2026-10-24 ~ 2026-10-25,전연령,"서울 마포구 증산로 87 | 위도:37.571076499, 경도:126.894228735",,"넷플릭스 코리아의 10번째 생일을 축하하는 거대한 축제, '넷플잔치'가 상암 문화비축기지에서 펼쳐집니다! 🥳 지난 10년 동안 우리를 울고 웃게 했던 수많은 작품들과 앞으로 펼쳐질 새로운 이야기들이 한자리에 모입니다. 드넓은 야외 광장에서 보고, 먹고, 온몸으로 즐길 수 있는 다채로운 체험 존이 가득 마련되어 있어요. ✨ 피지컬 100 출연진과 함께 땀 흘리는 운동회부터 대형 브레인 서바이벌, 댄스 클래스와 연애 예능 과몰입 토크쇼까지! 오직 이틀간 열리는 신명 나는 축제의 현장 속으로 여러분을 초대합니다. 넷플릭스 팬이라면 망설이…",https://www.instagram.com/p/Dc_j-pqCZig/?img_index=1,couple:1.0;date_spot:1.0;팝업스토어,2026-09-11 22:00:13,popup,,,🛍️ 연인과 특별한 팝업스토어를 탐방하며 감성 굿즈와 사진을 남기기 좋은 데이트 코스,popup,popup,popup,2026-10-25,,capital
팝가(Popga) | 팝업스토어,팝업스토어,토이 스토리 팝업 - 하우스 오브 토이스토리,2026-09-04 ~ 2026-10-31,전연령,"서울 성동구 연무장3길 8-9 | 위도:37.5441118968, 경도:127.0517689694",,토이 스토리 팝업이 +LECT HOUSE에서 열려요! 📸💛 캐릭터 실제 크기 그대로 만날 수 있는 포토존과 1층부터 4층까지 공간 구석구석 가득한 다양한 제품들을 만나보세요✨,https://www.instagram.com/p/Dc-dVL4EzzT/,couple:1.0;date_spot:1.0;팝업스토어,2026-09-11 22:00:13,popup,,,🛍️ 연인과 특별한 팝업스토어를 탐방하며 감성 굿즈와 사진을 남기기 좋은 데이트 코스,popup,popup,popup,2026-10-31,,capital
팝가(Popga) | 팝업스토어,팝업스토어,짱구는 못말려 전시 - 시공간 대모험,2026-10-17 ~ 2027-01-24,전연령,"서울 성동구 연무장5길 9-29 | 위도:37.5442972186, 경도:127.0520052551",,"짱구는 못말려 전시가 성수동에서 열려요! 🛸 떡잎마을 방범대가 시공간에 휩쓸린 컨셉으로, 역대급 인터랙티브 체험을 즐길 수 있는 전시가 오픈해요! 국내 최초로 상륙하는 특별한 모험을 성수동에서 직접 즐겨보세요✨",https://www.instagram.com/p/Dc-wsFqEcyj,couple:1.0;date_spot:1.0;팝업스토어,2026-09-11 22:00:13,popup,,,🛍️ 연인과 특별한 팝업스토어를 탐방하며 감성 굿즈와 사진을 남기기 좋은 데이트 코스,popup,popup,popup,2027-01-24,,capital
팝가(Popga) | 팝업스토어,팝업스토어,호러하우스 팝업 - 끝없는 탈출,2026-09-15 ~ 2026-10-01,전연령,"서울 마포구 양화로 188 | 위도:37.5577458059, 경도:126.9264983283",,"""이 지독한 밤의 끝, 살아남을 수 있다면."" 🌠 깊은 숲속 기억에도 없는 낡은 산장에 정체불명의 사람들이 모이며 벌어지는 이야기입니다. 👻 '199X년 산장 사건'의 지워지지 않은 목격자와 단서를 찾아 탈출하는 쯔꾸르 공포 게임 스타일의 콘셉트를 홍대에서 만나보세요!",https://x.com/mofun_collabo1/status/2096493626457203136,couple:1.0;date_spot:1.0;팝업스토어,2026-09-11 22:00:13,popup,,,🛍️ 연인과 특별한 팝업스토어를 탐방하며 감성 굿즈와 사진을 남기기 좋은 데이트 코스,popup,popup,popup,2026-10-01,,capital
팝가(Popga) | 팝업스토어,팝업스토어,오슬로우 빈티지 마켓,2026-10-24 ~ 2026-10-25,전연령,"인천 제물포구 제물량로218번길 3 | 위도:37.4727889, 경도:126.6206091",,"낭만적인 가을 주말, 인천 개항장의 붉은 벽돌 거리로 여러분을 초대합니다. 🍂 전국의 전문 빈티지 셀러 70여팀이 한자리에 모이는 오슬로우 빈티지 마켓이 인천 아트플랫폼에서 열립니다. 개성 있는 빈티지 패션과 세컨핸즈 웨어부터 시간의 흔적을 간직한 앤틱 오브제와 레트로 소품, 수공예 주얼리와 다양한 라이프스타일 아이템까지. 천천히 둘러보며 나만의 취향과 이야기를 담은 특별한 물건을 발견해보세요. 현장에는 가을의 분위기를 더해줄 버스킹과 DJ 공연, 레트로 무드로 순간을 기록하는 빈티지 스냅 촬영 등 마켓과 함께 즐길 수 있는 다양한…",https://www.instagram.com/ohslowmarket/,couple:1.0;date_spot:1.0;팝업스토어,2026-09-11 22:00:13,popup,,,🛍️ 연인과 특별한 팝업스토어를 탐방하며 감성 굿즈와 사진을 남기기 좋은 데이트 코스,popup,popup,popup,2026-10-25,,capital
팝가(Popga) | 팝업스토어,팝업스토어,타르데마베이커리 팝업,2026-10-10 ~ 2026-10-11,전연령,"서울 강서구 마곡동로 161 | 위도:37.5694680994, 경도:126.8351604666",,"베이커리 브랜드 타르데마가 강서구 대표 가을축제인 허준축제에서 특별한 이벤트를 진행해요! 🥐🎁 타르데마 제품을 만나볼 수 있는 것은 물론, 15,000원 이상 구매하면 꽝 없이 무조건 당첨되는 스크래치 이벤트에도 참여할 수 있어요!",https://www.instagram.com/p/Dc0SCQXiSCp,couple:1.0;date_spot:1.0;팝업스토어,2026-09-11 22:00:13,popup,,,🛍️ 연인과 특별한 팝업스토어를 탐방하며 감성 굿즈와 사진을 남기기 좋은 데이트 코스,popup,popup,popup,2026-10-11,,capital
팝가(Popga) | 팝업스토어,팝업스토어,타몬 군 지금 어느 쪽?! X Gratte 콜라보 카페,2026-09-19 ~ 2026-11-01,전연령,"서울 송파구 올림픽로 240 | 위도:37.5108876152, 경도:127.097774509",,<타몬 군 지금 어느 쪽?!>의 캐릭터들을 특별한 메뉴로 만날 수 있는 Gratte 이벤트가 애니메이트 카페가 잠실점에서 열려요! 💗,https://x.com/animatecafe_js/status/2096131213916581894,couple:1.0;date_spot:1.0;팝업스토어,2026-09-11 22:00:13,popup,,,🛍️ 연인과 특별한 팝업스토어를 탐방하며 감성 굿즈와 사진을 남기기 좋은 데이트 코스,popup,popup,popup,2026-11-01,,capital
팝가(Popga) | 팝업스토어,팝업스토어,타몬 군 지금 어느 쪽?! X Gratte 콜라보 카페,2026-09-19 ~ 2026-11-01,전연령,"서울 마포구 양화로 188 | 위도:37.5578112337, 경도:126.9263784097",,<타몬 군 지금 어느 쪽?!>의 캐릭터들을 특별한 메뉴로 만날 수 있는 Gratte 이벤트가 애니메이트 카페가 홍대점에서 열려요! 💗,https://x.com/animatecafe_js/status/2096131213916581894,couple:1.0;date_spot:1.0;팝업스토어,2026-09-11 22:00:13,popup,,,🛍️ 연인과 특별한 팝업스토어를 탐방하며 감성 굿즈와 사진을 남기기 좋은 데이트 코스,popup,popup,popup,2026-11-01,,capital
팝가(Popga) | 팝업스토어,팝업스토어,블루 록 팝업 - NEO EGOIST LEAGUE,2026-10-01 ~ 2026-10-07,전연령,"서울 영등포구 여의대로 108 | 위도:37.5257190479, 경도:126.9286894964",,블루 록 팝업이 더현대 서울에서 열려요! ♥️ 축구를 소재로 한 인기 만화 <블루 록>의 오리지널 MD와 팝업에서 처음 공개되는 특별 도서를 만날 수 있어요. 블루 록의 강렬한 세계관을 팝업 현장에서 직접 즐겨보세요✨,https://www.instagram.com/p/Dc0VTb2k2Wd/,couple:1.0;date_spot:1.0;팝업스토어,2026-09-11 22:00:13,popup,,,🛍️ 연인과 특별한 팝업스토어를 탐방하며 감성 굿즈와 사진을 남기기 좋은 데이트 코스,popup,popup,popup,2026-10-07,,capital
팝가(Popga) | 팝업스토어,팝업스토어,구냥이 X 메이드바이 팝업,2026-09-07 ~ 2026-11-05,전연령,"서울 마포구 연희로 11 | 위도:37.5598714945, 경도:126.9263002124",,"구냥이 X 메이드바이가 메이드바이 홍대점에서 열려요! 🍀🐈 행운배달부로 변신한 구냥이, 솜찌, 감자떡 캐릭터를 만날 수 있고, 귀여운 행운 가득한 굿즈와 볼거리가 준비되어 있어요. 방문해서 특별한 팝업을 즐겨보세요✨",https://www.instagram.com/p/Dc0bdCLj0qK/,couple:1.0;date_spot:1.0;팝업스토어,2026-09-11 22:00:13,popup,,,🛍️ 연인과 특별한 팝업스토어를 탐방하며 감성 굿즈와 사진을 남기기 좋은 데이트 코스,popup,popup,popup,2026-11-05,,capital
팝가(Popga) | 팝업스토어,팝업스토어,더정 우롱티프로젝트 팝업,2026-09-21 ~ 2026-12-17,전연령,"서울 마포구 양화로 188 | 위도:37.5577458059, 경도:126.9264983283",,"더정 우롱티프로젝트가 AK플라자 홍대점에서 열려요! 우롱티 전문 브랜드 더정 우롱티프로젝트의 다양한 음료를 팝업스토어에서 만나볼 수 있어요. 오픈 첫 주에는 선착순 쿠폰 증정 이벤트도 준비되어 있으니, 향긋한 우롱티와 함께 특별한 경험을 즐겨보세요✨",https://www.instagram.com/p/Dc0fusXSSwo/,couple:1.0;date_spot:1.0;팝업스토어,2026-09-11 22:00:13,popup,,,🛍️ 연인과 특별한 팝업스토어를 탐방하며 감성 굿즈와 사진을 남기기 좋은 데이트 코스,popup,popup,popup,2026-12-17,,capital
팝가(Popga) | 팝업스토어,팝업스토어,박뚜기 소금빵 팝업 @목동,2026-09-04 ~ 2026-10-01,전연령,"서울 양천구 목동동로 257 | 위도:37.5273217751, 경도:126.8746191365",,"박뚜기 소금빵 팝업이 목동 현대백화점에서 열려요! 소금빵 전문 브랜드 박뚜기 소금빵의 다양한 세트 메뉴와 노트, 머그컵, 스티커 등 굿즈를 함께 만나볼 수 있어요. 😁 팝업 한정 세트 구성과 굿즈 단품 구매도 가능하니 방문해서 맛있는 소금빵과 굿즈를 챙겨보세요✨",https://www.instagram.com/p/DcvOYndAUJC/,couple:1.0;date_spot:1.0;팝업스토어,2026-09-11 22:00:13,popup,,,🛍️ 연인과 특별한 팝업스토어를 탐방하며 감성 굿즈와 사진을 남기기 좋은 데이트 코스,popup,popup,popup,2026-10-01,,capital
팝가(Popga) | 팝업스토어,팝업스토어,어메이징 디지털 서커스 콜라보 카페,2026-11-13 ~ 2026-12-08,전연령,"서울 송파구 송파대로 521 | 위도:37.5116512661, 경도:127.1008231774",,《어메이징 디지털 서커스》는 글리치 프로덕션이 제작하고 구스웍스(Gooseworx)가 기획·연출한 호주의 다크 코미디 웹 애니메이션 시리즈입니다. 💗 잠실에서 어메이징 디지컬 서커스의 콜라보 카페를 진행하니 많은 관심 부탁드립니다!,https://www.instagram.com/p/DcuiYWXEgGw/,couple:1.0;date_spot:1.0;팝업스토어,2026-09-11 22:00:13,popup,,,🛍️ 연인과 특별한 팝업스토어를 탐방하며 감성 굿즈와 사진을 남기기 좋은 데이트 코스,popup,popup,popup,2026-12-08,,capital
팝가(Popga) | 팝업스토어,팝업스토어,현대 모터스튜디오 고양 : The all-new AVANTE 전시,2026-09-01 ~ 2026-10-06,전연령,"경기 고양시 일산서구 킨텍스로 217-6 | 위도:37.6662066, 경도:126.7476849",,"[현대 모터스튜디오 고양] ‘The all-new AVANTE’ 특별 전시 오픈 30여 년의 시간 동안 도로 위를 달려온 아반떼. 1세대 ‘엘란트라’부터 완전히 새로워진 ‘디 올 뉴 아반떼’까지 진화와 도전의 여정을 한자리에서 선보입니다. [전시 관람 포인트] -Heritage Car : 30년 역사의 시작, 1세대 엘란트라 실물 전시 -Safety Frame : 더욱 견고해진 안전성을 체감하는 실제 차체 프레임 -Design Archive : 미래지향적 디자인이 탄생한 오리지널 스케치 단순한 신차 관람을 넘어, 아반떼가 걸어온 헤…",https://www.instagram.com/hyundai.motorstudio/,couple:1.0;date_spot:1.0;팝업스토어,2026-09-11 22:00:13,popup,,,🛍️ 연인과 특별한 팝업스토어를 탐방하며 감성 굿즈와 사진을 남기기 좋은 데이트 코스,popup,popup,popup,2026-10-06,,capital
팝가(Popga) | 팝업스토어,팝업스토어,T1 X 서울스카이 전시,2026-09-11 ~ 2026-11-30,전연령,"서울 송파구 올림픽로 300 | 위도:37.5136529403, 경도:127.1039369653",,"세계적인 e스포츠 팀 T1과 서울스카이가 만나요! 🏆 서울의 가장 높은 곳, 롯데월드타워 서울스카이에서 T1을 만나볼 수 있는 특별한 전시가 오픈해요 ❤️‍🔥 T1을 테마로 한 전시와 함께 서울스카이에서만 만나볼 수 있는 현장 한정 굿즈까지 모두 만나보세요 ⭐️⭐️⭐️⭐️⭐️⭐️",https://www.instagram.com/p/DcvSjrMHe4z/,couple:1.0;date_spot:1.0;팝업스토어,2026-09-11 22:00:13,popup,,,🛍️ 연인과 특별한 팝업스토어를 탐방하며 감성 굿즈와 사진을 남기기 좋은 데이트 코스,popup,popup,popup,2026-11-30,,capital
팝가(Popga) | 팝업스토어,팝업스토어,에일리언 스테이지 전시 - 표면과 이면,2026-12-18 ~ 2027-02-15,전연령,"서울 마포구 양화로 188 | 위도:37.5577932419, 경도:126.9264236981",,"🪞 〈ALIEN STAGE〉의 전시 ‘EXHIBITION -表裏- 표면과 이면’이 Space Galleria 서울 홍대에서 열려요! ✨ “거울을 들여다봐. 보이지? 이쪽은 이렇게나 편안해.” 이번 전시에서는 ALIEN STAGE의 세계관을 직접 만나볼 수 있고, 다양한 전시 굿즈도 판매될 예정이에요 🖤",https://popga.co.kr/popup/8839,couple:1.0;date_spot:1.0;팝업스토어,2026-09-11 22:00:13,popup,,,🛍️ 연인과 특별한 팝업스토어를 탐방하며 감성 굿즈와 사진을 남기기 좋은 데이트 코스,popup,popup,popup,2027-02-15,,capital
팝가(Popga) | 팝업스토어,팝업스토어,다모여 페스타,2026-09-24 ~ 2026-10-13,전연령,"서울 마포구 양화로 188 | 위도:37.5577458059, 경도:126.9264983283",,우리의 모든 최애가 모이다! 다 모여 FESTA! ♥️ 반다이남코코리아와 SMG홀딩스가 함께 선보이는 다 모여 페스타! 추억의 IP 공식 굿즈와 다마고치 파라다이스 체험까지 한 공간에서 즐겨보세요✨,https://www.instagram.com/p/Dcucu6Jk5nS/,couple:1.0;date_spot:1.0;팝업스토어,2026-09-11 22:00:13,popup,,,🛍️ 연인과 특별한 팝업스토어를 탐방하며 감성 굿즈와 사진을 남기기 좋은 데이트 코스,popup,popup,popup,2026-10-13,,capital
팝가(Popga) | 팝업스토어,팝업스토어,패브릭 도쿄 팝업,2026-10-03 ~ 2026-10-11,전연령,"서울 중구 명동길 62 | 위도:37.5638546065, 경도:126.9858171056",,"일본을 사로잡은 패브릭 도쿄의 스마트한 비즈니스웨어를 한국 팝업 스토어에서 직접 경험해 보세요. 👨‍🦰 일본 남성복의 판도를 바꾼 패션테크 브랜드, FABRIC TOKYO는 IT 기술과 전통 테일러링을 결합하여 일본 남성복 시장의 판도를 바꾼 대표적인 패션테크(Fashion-Tech) 브랜드입니다. ♥️",https://popga.co.kr/popup/8834,couple:1.0;date_spot:1.0;팝업스토어,2026-09-11 22:00:13,popup,,,🛍️ 연인과 특별한 팝업스토어를 탐방하며 감성 굿즈와 사진을 남기기 좋은 데이트 코스,popup,popup,popup,2026-10-11,,capital
팝가(Popga) | 팝업스토어,팝업스토어,몬스타기어 X 인텔 팝업,2026-09-22 ~ 2026-10-05,전연령,"서울 영등포구 경인로 846 | 위도:37.5156680341, 경도:126.9076659955",,"몬스타기어 X 인텔이 롯데백화점 영등포점에서 열려요! ⌨️💻 커스텀 키보드와 스위치, 인텔 프로세서 기반의 커스텀 PC를 직접 체험할 수 있는 팝업이에요. 타건존에서 다양한 키보드와 스위치를 두드려보고, 게이밍 PC존에서 고성능 커스텀 PC도 경험할 수 있어요. 오프라인에서만 느낄 수 있는 특별한 키보드 감성을 즐겨보세요✨",https://www.instagram.com/p/DcP9jd8Gcuf/,couple:1.0;date_spot:1.0;팝업스토어,2026-09-11 22:00:13,popup,,,🛍️ 연인과 특별한 팝업스토어를 탐방하며 감성 굿즈와 사진을 남기기 좋은 데이트 코스,popup,popup,popup,2026-10-05,,capital
팝가(Popga) | 팝업스토어,팝업스토어,유월제주 팝업,2026-09-01 ~ 2026-10-31,전연령,"서울 성동구 왕십리로 58 | 위도:37.5427321765, 경도:127.044763775",,"제주 감성을 담은 브랜드 유월제주와 오래오래함께가게가 함께하는 팝업스토어예요. 🍊 제주 라이프스타일 F&B 브랜드, 유월제주의 제품을 느낄 수 있는 공간을 즐겨보세요✨",https://www.instagram.com/p/Dcs_vBehDYe/,couple:1.0;date_spot:1.0;팝업스토어,2026-09-11 22:00:13,popup,,,🛍️ 연인과 특별한 팝업스토어를 탐방하며 감성 굿즈와 사진을 남기기 좋은 데이트 코스,popup,popup,popup,2026-10-31,,capital
팝가(Popga) | 팝업스토어,팝업스토어,비에스래빗 언주 팝업,2026-08-20 ~ 2027-02-28,전연령,"서울 강남구 논현로 637 | 위도:37.5103856331, 경도:127.0321254077",,"겨울이 조금 일찍 시작되는 거리가 있다. ☃️ 보드가 매장 앞을 오가고, 첫눈이 오기 전부터 아우터가 먼저 눈에 들어오고, 시즌이 본격적으로 시작되기 전부터 어떤 재킷과 팬츠, 장갑, 레이어를 입어볼지 이미 감이 오는 곳 '비에스래빗' 팝업에 여러분을 초대합니다. 💗",https://popga.co.kr/popup/8819,couple:1.0;date_spot:1.0;팝업스토어,2026-09-11 22:00:13,popup,,,🛍️ 연인과 특별한 팝업스토어를 탐방하며 감성 굿즈와 사진을 남기기 좋은 데이트 코스,popup,popup,popup,2027-02-28,,capital
팝가(Popga) | 팝업스토어,팝업스토어,헌터X헌터 팝업,2026-09-18 ~ 2026-10-18,전연령,"서울 광진구 아차산로 272 | 위도:37.5387692122, 경도:127.0726807072",,인기 애니메이션 「헌터X헌터」 팝업이 롯데시네마 건대입구 3층 브이스퀘어에 오픈해요 🎣,https://x.com/v_square_kr/status/2094382695438762234,couple:1.0;date_spot:1.0;팝업스토어,2026-09-11 22:00:13,popup,,,🛍️ 연인과 특별한 팝업스토어를 탐방하며 감성 굿즈와 사진을 남기기 좋은 데이트 코스,popup,popup,popup,2026-10-18,,capital
팝가(Popga) | 팝업스토어,팝업스토어,타네무라 아리나 30주년 기념전,2026-10-03 ~ 2026-12-06,전연령,"서울 마포구 양화로 188 | 위도:37.5578022307, 경도:126.9263897362",,"『달빛천사』, 『신풍괴도 잔느』 등으로 사랑받은 만화가 타네무라 아리나의 30주년 기념전이 AK PLAZA 홍대 3층 Space Galleria에 오픈해요 🫶🏻 타네무라 아리나 작가의 작품과 함께 전시회 한정 신규 일러스트를 만나보세요! 🥳",https://x.com/SpaceGalleriaKR/status/2094349477230325860,couple:1.0;date_spot:1.0;팝업스토어,2026-09-11 22:00:13,popup,,,🛍️ 연인과 특별한 팝업스토어를 탐방하며 감성 굿즈와 사진을 남기기 좋은 데이트 코스,popup,popup,popup,2026-12-06,,capital
팝가(Popga) | 팝업스토어,팝업스토어,2026 시크릿 도서전,2026-09-11 ~ 2026-11-08,전연령,"서울 마포구 희우정로 82-1 | 위도:37.5532283757, 경도:126.9034616985",,"올 가을, 소개팅하듯 책을 만나는 🤫 <시크릿 도서전>에 여러분을 초대합니다📚 가려진 제목, 가려진 작가, 가려진 표지 〈시크릿 도서전〉은 비밀스럽게 책을 숨겨둔 채, 책의 주변 정보를 따라가며 내 취향의 책을 만나는 블라인드 도서전입니다. 🖤",https://www.instagram.com/p/DclItcOBgLd/,couple:1.0;date_spot:1.0;팝업스토어,2026-09-11 22:00:13,popup,,,🛍️ 연인과 특별한 팝업스토어를 탐방하며 감성 굿즈와 사진을 남기기 좋은 데이트 코스,popup,popup,popup,2026-11-08,,capital
팝가(Popga) | 팝업스토어,팝업스토어,악마에 입문했습니다! 이루마 군 페어,2026-11-21 ~ 2026-12-06,전연령,"경기 수원시 팔달구 덕영대로 924 | 위도:37.2656695664, 경도:127.0006933403",,「악마에 입문했습니다! 이루마 군 if Episode of 마피아」의 특별한 ‘클럽★데빌’ 페어가 애니메이트 수원점에서 열려요! 😈🥂 hiro자 작가님의 신규 일러스트를 활용한 다양한 오리지널 MD를 만나보세요 ✨,https://x.com/animate_hongdae/status/2093534104146833783,couple:1.0;date_spot:1.0;팝업스토어,2026-09-11 22:00:13,popup,,,🛍️ 연인과 특별한 팝업스토어를 탐방하며 감성 굿즈와 사진을 남기기 좋은 데이트 코스,popup,popup,popup,2026-12-06,,capital
팝가(Popga) | 팝업스토어,팝업스토어,악마에 입문했습니다! 이루마 군 페어,2026-11-21 ~ 2026-12-06,전연령,"서울 송파구 올림픽로 240 | 위도:37.5107525769, 경도:127.0976386059",,「악마에 입문했습니다! 이루마 군 if Episode of 마피아」의 특별한 ‘클럽★데빌’ 페어가 애니메이트 잠실롯데점에서 열려요! 😈🥂 hiro자 작가님의 신규 일러스트를 활용한 다양한 오리지널 MD를 만나보세요 ✨,https://x.com/animate_hongdae/status/2093534104146833783,couple:1.0;date_spot:1.0;팝업스토어,2026-09-11 22:00:13,popup,,,🛍️ 연인과 특별한 팝업스토어를 탐방하며 감성 굿즈와 사진을 남기기 좋은 데이트 코스,popup,popup,popup,2026-12-06,,capital
팝가(Popga) | 팝업스토어,팝업스토어,악마에 입문했습니다! 이루마 군 팝업,2026-11-21 ~ 2026-12-06,전연령,"서울 마포구 양화로 188 | 위도:37.557797754, 경도:126.9264350114",,「악마에 입문했습니다! 이루마 군 if Episode of 마피아」의 특별한 팝업샵 ‘클럽★데빌’이 애니메이트 홍대점에서 열려요! 😈🥂 hiro자 작가님의 신규 일러스트를 활용한 다양한 오리지널 굿즈를 만나보세요 ✨,https://x.com/animate_hongdae/status/2093534104146833783,couple:1.0;date_spot:1.0;팝업스토어,2026-09-11 22:00:13,popup,,,🛍️ 연인과 특별한 팝업스토어를 탐방하며 감성 굿즈와 사진을 남기기 좋은 데이트 코스,popup,popup,popup,2026-12-06,,capital
팝가(Popga) | 팝업스토어,팝업스토어,사각사각 펜페스트,2026-10-17 ~ 2026-10-18,전연령,"서울 중구 명동11길 14 | 위도:37.5646447, 경도:126.9862184",,문구인들을 위한 축제,https://www.instagram.com/sagaksagakpenfest/,couple:1.0;date_spot:1.0;팝업스토어,2026-09-11 22:00:13,popup,,,🛍️ 연인과 특별한 팝업스토어를 탐방하며 감성 굿즈와 사진을 남기기 좋은 데이트 코스,popup,popup,popup,2026-10-18,,capital
팝가(Popga) | 팝업스토어,팝업스토어,2026 IBK 콘서트,2026-11-08 ~ 2026-11-08,전연령,"서울 서대문구 이화여대길 52 | 위도:37.5644645178, 경도:126.9502888378",,"IBK기업은행과 함께하는 입크콘서트 이윽고, 성시경 × 로이킴이 온다.🎤 고막남친 두 사람을 한 무대에서 만나다니. 아마도 감성은 녹아내리고, 모든 순간이 떼창이 되는 시간이겠지?✨ 성시경과 로이킴을 만나는 그날까지, 잘 지내자, 우리.💙 응모 잊지 않았지?",https://www.instagram.com/p/DcAvia5Edo_/,couple:1.0;date_spot:1.0;팝업스토어,2026-09-11 22:00:13,popup,,,🛍️ 연인과 특별한 팝업스토어를 탐방하며 감성 굿즈와 사진을 남기기 좋은 데이트 코스,popup,popup,popup,2026-11-08,,capital
티켓링크 | 전시,전시,2026-2027 HL안양 선예매권,2026-08-31 ~ 2027-05-30,전체 관람가 (전 연령),안양 종합운동장 실내빙상장 안양 실내빙상장,"30,000원",전시 · 안양 종합운동장 실내빙상장 안양 실내빙상장,https://www.ticketlink.co.kr/product/65037,couple:1.0;date_spot:1.0;전시,2026-10-01 08:13:36,exhibition,,,🖼️ 예쁜 전시와 작품을 보며 이야기를 나누고 인생샷을 남기기 좋은 데이트 추천,exhibition,exhibition,ticketlink,2027-05-30,,capital
티켓링크 | 공연,공연,최현우 30주년 기념 공연 - LEGACY,2026-11-27 ~ 2027-01-02,전체 관람가,"올림픽공원 올림픽공원 우리금융아트홀 | 위도:37.516745478832, 경도:127.125014546617","77,000원 ~ 110,000원",공연 · 올림픽공원 올림픽공원 우리금융아트홀,https://www.ticketlink.co.kr/product/63516,couple:1.0;date_spot:1.0;공연,2026-10-01 08:13:36,concert,,,🎵 감성 가득한 무대와 음악을 즐기며 특별한 추억을 선사하는 낭만 공연,concert,concert,ticketlink,2027-01-02,,capital
티켓링크 | 공연,공연,2026 부활 연말 콘서트 < Where Is Here >,2026-12-30 ~ 2026-12-30,8세 이상 (전체/초등 이상),"마포아트센터 마포아트센터 아트홀 맥 | 위도:37.54993450086795, 경도:126.94560157555075","108,900원 ~ 143,000원",공연 · 마포아트센터 마포아트센터 아트홀 맥,https://www.ticketlink.co.kr/product/64292,couple:1.0;date_spot:1.0;공연,2026-10-01 08:13:36,concert,,,🎵 감성 가득한 무대와 음악을 즐기며 특별한 추억을 선사하는 낭만 공연,concert,concert,ticketlink,2026-12-30,,capital
티켓링크 | 전시,전시,공예체험 원데이 체험 입장권,2026-02-02 ~ 2026-12-30,전체 관람가 (전 연령),"한국공예체험박물관 한국공예체험박물관 | 위도:37.4118787531571, 경도:126.822310788538","15,000원",전시 · 한국공예체험박물관 한국공예체험박물관,https://www.ticketlink.co.kr/product/61398,couple:1.0;date_spot:1.0;전시,2026-10-01 08:13:36,exhibition,,,🖼️ 예쁜 전시와 작품을 보며 이야기를 나누고 인생샷을 남기기 좋은 데이트 추천,exhibition,exhibition,ticketlink,2026-12-30,,capital
티켓링크 | 전시,전시,서대문형무소,2025-12-18 ~ 2026-12-30,전체 관람가 (전 연령),서대문형무소 서대문형무소,"25,900원",전시 · 서대문형무소 서대문형무소,https://www.ticketlink.co.kr/product/60539,couple:1.0;date_spot:1.0;전시,2026-10-01 08:13:36,exhibition,,,🖼️ 예쁜 전시와 작품을 보며 이야기를 나누고 인생샷을 남기기 좋은 데이트 추천,exhibition,exhibition,ticketlink,2026-12-30,,unknown
티켓링크 | 전시,전시,부산 스탠드업 코미디 <부산코미디클럽>,2026-07-23 ~ 2026-12-30,전체 관람가 (전 연령),어댑터씨어터 1관 어댑터씨어터 1관,"30,000원",전시 · 어댑터씨어터 1관 어댑터씨어터 1관,https://www.ticketlink.co.kr/product/64577,couple:1.0;date_spot:1.0;전시,2026-10-01 08:13:36,exhibition,,,🖼️ 예쁜 전시와 작품을 보며 이야기를 나누고 인생샷을 남기기 좋은 데이트 추천,exhibition,exhibition,ticketlink,2026-12-30,,unknown
티켓링크 | 전시,전시,[부산] 뮤지컬 웁스 : Oops,2026-07-24 ~ 2026-12-30,전체 관람가 (전 연령),어댑터씨어터 1관 어댑터씨어터 1관,"35,000원",전시 · 어댑터씨어터 1관 어댑터씨어터 1관,https://www.ticketlink.co.kr/product/64540,couple:1.0;date_spot:1.0;전시,2026-10-01 08:13:36,exhibition,,,🖼️ 예쁜 전시와 작품을 보며 이야기를 나누고 인생샷을 남기기 좋은 데이트 추천,exhibition,exhibition,ticketlink,2026-12-30,,unknown
티켓링크 | 전시,전시,[부산] WHO DONE IT: 후던잇,2026-07-28 ~ 2026-12-30,전체 관람가 (전 연령),어댑터씨어터 1관 어댑터씨어터 1관,"35,000원",전시 · 어댑터씨어터 1관 어댑터씨어터 1관,https://www.ticketlink.co.kr/product/64537,couple:1.0;date_spot:1.0;전시,2026-10-01 08:13:36,exhibition,,,🖼️ 예쁜 전시와 작품을 보며 이야기를 나누고 인생샷을 남기기 좋은 데이트 추천,exhibition,exhibition,ticketlink,2026-12-30,,unknown
티켓링크 | 공연,공연,뮤지컬 <알사탕> - 서울숲,2026-09-03 ~ 2026-12-30,8세 이상 관람가,갤러리아포레 서울숲 씨어터 1관,"66,000원",공연 · 갤러리아포레 서울숲 씨어터 1관,https://www.ticketlink.co.kr/product/64523,couple:1.0;date_spot:1.0;공연,2026-10-01 08:13:36,concert,,,🎵 감성 가득한 무대와 음악을 즐기며 특별한 추억을 선사하는 낭만 공연,concert,concert,ticketlink,2026-12-30,,unknown
티켓링크 | 공연,공연,뮤지컬 < AI세계에서 살아남기 > - 서울숲,2026-07-27 ~ 2026-12-30,8세 이상 관람가,서울숲 서울숲 씨어터 2관,"66,000원",공연 · 서울숲 서울숲 씨어터 2관,https://www.ticketlink.co.kr/product/63625,couple:1.0;date_spot:1.0;공연,2026-10-01 08:13:36,concert,,,🎵 감성 가득한 무대와 음악을 즐기며 특별한 추억을 선사하는 낭만 공연,concert,concert,ticketlink,2026-12-30,,unknown
티켓링크 | 전시,전시,ATEEZ - 14TH MINI ALBUM [GOLDEN HOUR : Part.5] 합본 Ver.,2026-06-01 ~ 2026-12-30,전체 관람가 (전 연령),티켓링크 해당 없음,"55,800원",전시 · 티켓링크 해당 없음,https://www.ticketlink.co.kr/product/63573,couple:1.0;date_spot:1.0;전시,2026-10-01 08:13:36,exhibition,,,🖼️ 예쁜 전시와 작품을 보며 이야기를 나누고 인생샷을 남기기 좋은 데이트 추천,exhibition,exhibition,ticketlink,2026-12-30,,unknown
티켓링크 | 전시,전시,ATEEZ - 14TH MINI ALBUM [GOLDEN HOUR : Part.5] Z Ver.,2026-06-01 ~ 2026-12-30,전체 관람가 (전 연령),티켓링크 해당 없음,"18,600원",전시 · 티켓링크 해당 없음,https://www.ticketlink.co.kr/product/63572,couple:1.0;date_spot:1.0;전시,2026-10-01 08:13:36,exhibition,,,🖼️ 예쁜 전시와 작품을 보며 이야기를 나누고 인생샷을 남기기 좋은 데이트 추천,exhibition,exhibition,ticketlink,2026-12-30,,unknown
티켓링크 | 전시,전시,ATEEZ - 14TH MINI ALBUM [GOLDEN HOUR : Part.5] DIARY Ver.,2026-06-01 ~ 2026-12-30,전체 관람가 (전 연령),티켓링크 해당 없음,"18,600원",전시 · 티켓링크 해당 없음,https://www.ticketlink.co.kr/product/63571,couple:1.0;date_spot:1.0;전시,2026-10-01 08:13:36,exhibition,,,🖼️ 예쁜 전시와 작품을 보며 이야기를 나누고 인생샷을 남기기 좋은 데이트 추천,exhibition,exhibition,ticketlink,2026-12-30,,unknown
티켓링크 | 전시,전시,"KAWS: 카우스 개인전 <친구, 그리고 이웃>",2026-07-22 ~ 2026-12-26,전체 관람가 (전 연령),스페이스K 서울 스페이스K 서울,"3,000원",전시 · 스페이스K 서울 스페이스K 서울,https://www.ticketlink.co.kr/product/64091,couple:1.0;date_spot:1.0;전시,2026-10-01 08:13:36,exhibition,,,🖼️ 예쁜 전시와 작품을 보며 이야기를 나누고 인생샷을 남기기 좋은 데이트 추천,exhibition,exhibition,ticketlink,2026-12-26,,unknown
티켓링크 | 전시,전시,국악공연 진연(進宴),2025-06-25 ~ 2026-12-30,전체 관람가 (전 연령),진연홀 진연,"65,000원",전시 · 진연홀 진연,https://www.ticketlink.co.kr/product/57112,couple:1.0;date_spot:1.0;전시,2026-10-01 08:13:36,exhibition,,,🖼️ 예쁜 전시와 작품을 보며 이야기를 나누고 인생샷을 남기기 좋은 데이트 추천,exhibition,exhibition,ticketlink,2026-12-30,,unknown
티켓링크 | 공연,공연,"부천필하모닉오케스트라 제342회 정기연주회 - 베토벤, 합창",2026-12-22 ~ 2026-12-23,전체 관람가,"부천아트센터 부천아트센터 콘서트홀 | 위도:37.513989875871125, 경도:127.10500067293846","10,000원 ~ 30,000원",공연 · 부천아트센터 부천아트센터 콘서트홀,https://www.ticketlink.co.kr/product/59996,couple:1.0;date_spot:1.0;공연,2026-10-01 08:13:36,concert,,,🎵 감성 가득한 무대와 음악을 즐기며 특별한 추억을 선사하는 낭만 공연,concert,concert,ticketlink,2026-12-23,,capital
티켓링크 | 전시,전시,ATEEZ - 14TH MINI ALBUM [GOLDEN HOUR : Part.5] A Ver.,2026-06-01 ~ 2026-12-30,전체 관람가 (전 연령),티켓링크 해당 없음,"18,600원",전시 · 티켓링크 해당 없음,https://www.ticketlink.co.kr/product/63570,couple:1.0;date_spot:1.0;전시,2026-10-01 08:13:36,exhibition,,,🖼️ 예쁜 전시와 작품을 보며 이야기를 나누고 인생샷을 남기기 좋은 데이트 추천,exhibition,exhibition,ticketlink,2026-12-30,,unknown
티켓링크 | 공연,공연,바다탐험대 옥토넛 시즌4 : 숨겨진 보물을 찾아라! - 의정부,2026-12-24 ~ 2026-12-24,전체 관람가,"의정부 예술의전당 의정부 예술의전당 대극장 | 위도:37.479446101344905, 경도:127.01375358339827","70,000원",공연 · 의정부 예술의전당 의정부 예술의전당 대극장,https://www.ticketlink.co.kr/product/65063,couple:1.0;date_spot:1.0;공연,2026-10-01 08:13:36,concert,,,🎵 감성 가득한 무대와 음악을 즐기며 특별한 추억을 선사하는 낭만 공연,concert,concert,ticketlink,2026-12-24,,capital
티켓링크 | 공연,공연,지브리와 사랑에 빠지다 : 지브리 영화음악 콘서트 2026 - 대구,2025-01-04 ~ 2026-12-25,8세 이상 (전체/초등 이상),스테이지 M 스테이지 M(스테이지엠),"33,000원",공연 · 스테이지 M 스테이지 M(스테이지엠),https://www.ticketlink.co.kr/product/53402,couple:1.0;date_spot:1.0;공연,2026-10-01 08:13:36,concert,,,🎵 감성 가득한 무대와 음악을 즐기며 특별한 추억을 선사하는 낭만 공연,concert,concert,ticketlink,2026-12-25,,unknown
티켓링크 | 공연,공연,스테이지엠 크리스마스 영화 음악 & 캐롤 콘서트 2026 - 대구 스테이지엠,2025-12-12 ~ 2026-12-24,8세 이상 (전체/초등 이상),스테이지 M 스테이지 M(스테이지엠),"35,000원",공연 · 스테이지 M 스테이지 M(스테이지엠),https://www.ticketlink.co.kr/product/58396,couple:1.0;date_spot:1.0;공연,2026-10-01 08:13:36,concert,,,🎵 감성 가득한 무대와 음악을 즐기며 특별한 추억을 선사하는 낭만 공연,concert,concert,ticketlink,2026-12-24,,unknown
티켓링크 | 공연,공연,"부천시립합창단 제180회 정기연주회 - 헨델, 메시아",2026-12-15 ~ 2026-12-16,전체 관람가,"부천아트센터 부천아트센터 콘서트홀 | 위도:37.513989875871125, 경도:127.10500067293846","10,000원 ~ 20,000원",공연 · 부천아트센터 부천아트센터 콘서트홀,https://www.ticketlink.co.kr/product/60020,couple:1.0;date_spot:1.0;공연,2026-10-01 08:13:36,concert,,,🎵 감성 가득한 무대와 음악을 즐기며 특별한 추억을 선사하는 낭만 공연,concert,concert,ticketlink,2026-12-16,,capital
티켓링크 | 공연,공연,뮤지컬 집사TV 시즌 2 part.2 : <대저택 끝 없는 문> - 용인,2026-11-27 ~ 2026-11-28,8세 이상 관람가,용인시 평생학습관 큰어울마당 용인시 평생학습관 큰어울마당,"70,000원",공연 · 용인시 평생학습관 큰어울마당 용인시 평생학습관 큰어울마당,https://www.ticketlink.co.kr/product/64815,couple:1.0;date_spot:1.0;공연,2026-10-01 08:13:36,concert,,,🎵 감성 가득한 무대와 음악을 즐기며 특별한 추억을 선사하는 낭만 공연,concert,concert,ticketlink,2026-11-28,,capital
티켓링크 | 공연,공연,뮤지컬 <겨울왕국> 한국 초연 (FROZEN The Musical),2026-08-12 ~ 2027-02-28,8세 이상 관람가,"샤롯데씨어터 샤롯데씨어터 | 위도:37.51064272274346, 경도:127.09971395114385","90,000원 ~ 219,500원",공연 · 샤롯데씨어터 샤롯데씨어터,https://www.ticketlink.co.kr/product/63344,couple:1.0;date_spot:1.0;공연,2026-10-01 08:13:36,concert,,,🎵 감성 가득한 무대와 음악을 즐기며 특별한 추억을 선사하는 낭만 공연,concert,concert,ticketlink,2027-02-28,,capital
티켓링크 | 전시,전시,플래시백 : 계림 (FLASHBACK : GYERIM) in 경주,2026-05-19 ~ 2026-12-30,전체 관람가 (전 연령),플래시백 : 계림 플래시백 : 계림,"11,900원",전시 · 플래시백 : 계림 플래시백 : 계림,https://www.ticketlink.co.kr/product/63360,couple:1.0;date_spot:1.0;전시,2026-10-01 08:13:36,exhibition,,,🖼️ 예쁜 전시와 작품을 보며 이야기를 나누고 인생샷을 남기기 좋은 데이트 추천,exhibition,exhibition,ticketlink,2026-12-30,,unknown
티켓링크 | 공연,공연,스테이지엠 크리스마스 영화음악 & 캐롤 콘서트 2026 - 인천,2026-12-24 ~ 2026-12-24,8세 이상 (전체/초등 이상),"아트센터인천 아트센터인천 다목적홀 | 위도:34.48281444053, 경도:126.941802001531","40,000원",공연 · 아트센터인천 아트센터인천 다목적홀,https://www.ticketlink.co.kr/product/64753,couple:1.0;date_spot:1.0;공연,2026-10-01 08:13:36,concert,,,🎵 감성 가득한 무대와 음악을 즐기며 특별한 추억을 선사하는 낭만 공연,concert,concert,ticketlink,2026-12-24,,capital
티켓링크 | 공연,공연,금호 위너스: 박성민 Bass,2026-12-18 ~ 2026-12-18,전체 관람가,"금호아트홀 연세 금호아트홀 연세 | 위도:37.56313301480718, 경도:126.93654284199991","20,000원",공연 · 금호아트홀 연세 금호아트홀 연세,https://www.ticketlink.co.kr/product/64747,couple:1.0;date_spot:1.0;공연,2026-10-01 08:13:36,concert,,,🎵 감성 가득한 무대와 음악을 즐기며 특별한 추억을 선사하는 낭만 공연,concert,concert,ticketlink,2026-12-18,,capital
티켓링크 | 전시,전시,뮤지컬 Club <설화>,2026-05-13 ~ 2026-11-28,전체 관람가 (전 연령),극장 온 극장 온,"35,000원",전시 · 극장 온 극장 온,https://www.ticketlink.co.kr/product/63062,couple:1.0;date_spot:1.0;전시,2026-10-01 08:13:36,exhibition,,,🖼️ 예쁜 전시와 작품을 보며 이야기를 나누고 인생샷을 남기기 좋은 데이트 추천,exhibition,exhibition,ticketlink,2026-11-28,,unknown
티켓링크 | 공연,공연,경주 여성 합창 아카데미 (Gyeongju Lady’s Choral) - 경주,2026-09-03 ~ 2026-12-17,전체 관람가,"경주예술의전당 대회의실 경주예술의전당 대회의실 | 위도:37.479446101344905, 경도:127.01375358339827","210,000원",공연 · 경주예술의전당 대회의실 경주예술의전당 대회의실,https://www.ticketlink.co.kr/product/64548,couple:1.0;date_spot:1.0;공연,2026-10-01 08:13:36,concert,,,🎵 감성 가득한 무대와 음악을 즐기며 특별한 추억을 선사하는 낭만 공연,concert,concert,ticketlink,2026-12-17,,capital
티켓링크 | 공연,공연,[안동] 2026 유키 구라모토 콘서트 Peacefully - 안동,2026-12-16 ~ 2026-12-16,8세 이상 (전체/초등 이상),"안동문화예술의전당 안동문화예술의전당 웅부홀 | 위도:37.479446101344905, 경도:127.01375358339827","10,000원 ~ 50,000원",공연 · 안동문화예술의전당 안동문화예술의전당 웅부홀,https://www.ticketlink.co.kr/product/64414,couple:1.0;date_spot:1.0;공연,2026-10-01 08:13:36,concert,,,🎵 감성 가득한 무대와 음악을 즐기며 특별한 추억을 선사하는 낭만 공연,concert,concert,ticketlink,2026-12-16,,capital
티켓링크 | 전시,전시,[링크어택] 2026 뮤지컬 <미드나잇 : 액터뮤지션> - THE CHOICE 비지정석,2026-08-10 ~ 2026-11-28,전체 관람가 (전 연령),"서울 종로구 대학로12길 64 (동숭동) | 위도:37.5811328, 경도:127.00369969999997","70,000원",전시 · 대학로 유니플렉스 NOL유니플렉스 3관,https://www.ticketlink.co.kr/product/64742,couple:1.0;date_spot:1.0;전시,2026-10-01 08:13:36,exhibition,,,🖼️ 예쁜 전시와 작품을 보며 이야기를 나누고 인생샷을 남기기 좋은 데이트 추천,exhibition,exhibition,ticketlink,2026-11-28,,capital
티켓링크 | 공연,공연,2026 뮤지컬 <미드나잇 : 액터뮤지션> - THE CHOICE,2026-08-10 ~ 2026-11-28,8세 이상 관람가,"서울 종로구 대학로12길 64 (동숭동) | 위도:37.5811328, 경도:127.00369969999997","70,000원",공연 · 대학로 유니플렉스 NOL유니플렉스 3관,https://www.ticketlink.co.kr/product/64370,couple:1.0;date_spot:1.0;공연,2026-10-01 08:13:36,concert,,,🎵 감성 가득한 무대와 음악을 즐기며 특별한 추억을 선사하는 낭만 공연,concert,concert,ticketlink,2026-11-28,,capital
티켓링크 | 공연,공연,2026 서울시향 얍 판 츠베덴의 말러 교향곡 4번,2026-11-26 ~ 2026-11-26,전체 관람가,"롯데콘서트홀 롯데콘서트홀 | 위도:37.513989875871125, 경도:127.10500067293846","10,000원 ~ 150,000원",공연 · 롯데콘서트홀 롯데콘서트홀,https://www.ticketlink.co.kr/product/59431,couple:1.0;date_spot:1.0;공연,2026-10-01 08:13:36,concert,,,🎵 감성 가득한 무대와 음악을 즐기며 특별한 추억을 선사하는 낭만 공연,concert,concert,ticketlink,2026-11-26,,capital
티켓링크 | 공연,공연,부천필하모닉오케스트라 제341회 정기연주회 - A Portrait in Contrast 대조 속의 초상,2026-11-25 ~ 2026-11-26,전체 관람가,"부천아트센터 부천아트센터 콘서트홀 | 위도:37.513989875871125, 경도:127.10500067293846","10,000원 ~ 30,000원",공연 · 부천아트센터 부천아트센터 콘서트홀,https://www.ticketlink.co.kr/product/60017,couple:1.0;date_spot:1.0;공연,2026-10-01 08:13:36,concert,,,🎵 감성 가득한 무대와 음악을 즐기며 특별한 추억을 선사하는 낭만 공연,concert,concert,ticketlink,2026-11-26,,capital
티켓링크 | 전시,전시,서도호,2026-08-26 ~ 2027-02-08,전체 관람가 (전 연령),"국립현대미술관 서울 국립현대미술관 서울 | 위도:37.578627489574416, 경도:126.9800979573524","8,000원",전시 · 국립현대미술관 서울 국립현대미술관 서울,https://www.ticketlink.co.kr/product/64910,couple:1.0;date_spot:1.0;전시,2026-10-01 08:13:36,exhibition,,,🖼️ 예쁜 전시와 작품을 보며 이야기를 나누고 인생샷을 남기기 좋은 데이트 추천,exhibition,exhibition,ticketlink,2027-02-08,,capital
티켓링크 | 전시,전시,[MD] 박서진 공식 응원봉,2026-07-03 ~ 2026-12-29,전체 관람가 (전 연령),장소없음 장소없음,"46,000원",전시 · 장소없음 장소없음,https://www.ticketlink.co.kr/product/61037,couple:1.0;date_spot:1.0;전시,2026-10-01 08:13:36,exhibition,,,🖼️ 예쁜 전시와 작품을 보며 이야기를 나누고 인생샷을 남기기 좋은 데이트 추천,exhibition,exhibition,ticketlink,2026-12-29,,unknown
티켓링크 | 공연,공연,2026 오르간 오딧세이,2026-12-16 ~ 2026-12-15,전체 관람가,"롯데콘서트홀 롯데콘서트홀 | 위도:37.513989875871125, 경도:127.10500067293846","17,500원 ~ 25,000원",공연 · 롯데콘서트홀 롯데콘서트홀,https://www.ticketlink.co.kr/product/60117,couple:1.0;date_spot:1.0;공연,2026-10-01 08:13:36,concert,,,🎵 감성 가득한 무대와 음악을 즐기며 특별한 추억을 선사하는 낭만 공연,concert,concert,ticketlink,2026-12-15,,capital
티켓링크 | 공연,공연,피지컬 시어터 〈네이처 오브 포겟팅〉 : 연극열전10_열 번째 작품,2026-09-17 ~ 2026-11-28,8세 이상 관람가,"서울 종로구 세종대로 175 (세종로) | 위도:37.5725254, 경도:126.97564290000003","44,000원 ~ 66,000원",공연 · 세종문화회관 세종문화회관 S씨어터,https://www.ticketlink.co.kr/product/64482,couple:1.0;date_spot:1.0;공연,2026-10-01 08:13:36,concert,,,🎵 감성 가득한 무대와 음악을 즐기며 특별한 추억을 선사하는 낭만 공연,concert,concert,ticketlink,2026-11-28,,capital
티켓링크 | 공연,공연,2026 서울시향 한누 린투의 프로코피예프 ‘로미오와 줄리엣’,2026-11-19 ~ 2026-11-19,전체 관람가,"롯데콘서트홀 롯데콘서트홀 | 위도:37.513989875871125, 경도:127.10500067293846","10,000원 ~ 100,000원",공연 · 롯데콘서트홀 롯데콘서트홀,https://www.ticketlink.co.kr/product/59430,couple:1.0;date_spot:1.0;공연,2026-10-01 08:13:36,concert,,,🎵 감성 가득한 무대와 음악을 즐기며 특별한 추억을 선사하는 낭만 공연,concert,concert,ticketlink,2026-11-19,,capital
티켓링크 | 공연,공연,2026 롯콘 마티네 <대니 구의 플레이리스트>,2026-09-10 ~ 2026-11-04,전체 관람가,"롯데콘서트홀 롯데콘서트홀 | 위도:37.513989875871125, 경도:127.10500067293846","10,000원 ~ 45,000원",공연 · 롯데콘서트홀 롯데콘서트홀,https://www.ticketlink.co.kr/product/60412,couple:1.0;date_spot:1.0;공연,2026-10-01 08:13:36,concert,,,🎵 감성 가득한 무대와 음악을 즐기며 특별한 추억을 선사하는 낭만 공연,concert,concert,ticketlink,2026-11-04,,capital
티켓링크 | 전시,전시,울트라백화점 부산 : 텍스트 쇼핑 클럽,2026-07-16 ~ 2026-10-31,전체 관람가 (전 연령),피아크 피아크 2F,"10,000원",전시 · 피아크 피아크 2F,https://www.ticketlink.co.kr/product/64017,couple:1.0;date_spot:1.0;전시,2026-10-01 08:13:36,exhibition,,,🖼️ 예쁜 전시와 작품을 보며 이야기를 나누고 인생샷을 남기기 좋은 데이트 추천,exhibition,exhibition,ticketlink,2026-10-31,,unknown
티켓링크 | 전시,전시,가우디: 서울에서 다시 태어나다,2026-07-31 ~ 2026-10-30,전체 관람가 (전 연령),신사하우스 신사하우스,"16,000원",전시 · 신사하우스 신사하우스,https://www.ticketlink.co.kr/product/64648,couple:1.0;date_spot:1.0;전시,2026-10-01 08:13:36,exhibition,,,🖼️ 예쁜 전시와 작품을 보며 이야기를 나누고 인생샷을 남기기 좋은 데이트 추천,exhibition,exhibition,ticketlink,2026-10-30,,unknown
티켓링크 | 공연,공연,스테이지엠 크리스마스 영화음악 & 캐롤 콘서트 2026 - 대전,2026-12-19 ~ 2026-12-19,8세 이상 (전체/초등 이상),"대전예술의전당 대전예술의전당 앙상블홀 | 위도:37.479446101344905, 경도:127.01375358339827","36,000원 ~ 40,000원",공연 · 대전예술의전당 대전예술의전당 앙상블홀,https://www.ticketlink.co.kr/product/64752,couple:1.0;date_spot:1.0;공연,2026-10-01 08:13:36,concert,,,🎵 감성 가득한 무대와 음악을 즐기며 특별한 추억을 선사하는 낭만 공연,concert,concert,ticketlink,2026-12-19,,capital
티켓링크 | 공연,공연,[안동] 11월 브런치 콘서트 - 블랙박스 시리즈 'Jazz in Blue 민경인 트리오',2026-11-10 ~ 2026-11-10,8세 이상 (전체/초등 이상),"안동문화예술의전당 안동문화예술의전당 백조홀 | 위도:37.479446101344905, 경도:127.01375358339827","20,000원",공연 · 안동문화예술의전당 안동문화예술의전당 백조홀,https://www.ticketlink.co.kr/product/63807,couple:1.0;date_spot:1.0;공연,2026-10-01 08:13:36,concert,,,🎵 감성 가득한 무대와 음악을 즐기며 특별한 추억을 선사하는 낭만 공연,concert,concert,ticketlink,2026-11-10,,capital
티켓링크 | 공연,공연,[주술회전 인 콘서트]월드투어 in SEOUL,2026-11-06 ~ 2026-11-07,8세 이상 (전체/초등 이상),"서울 동대문구 경희대로 26 (회기동) | 위도:37.598682, 경도:127.052773","77,000원 ~ 154,000원",공연 · 경희대학교 평화의전당 경희대학교 평화의전당,https://www.ticketlink.co.kr/product/63080,couple:1.0;date_spot:1.0;공연,2026-10-01 08:13:36,concert,,,🎵 감성 가득한 무대와 음악을 즐기며 특별한 추억을 선사하는 낭만 공연,concert,concert,ticketlink,2026-11-07,,capital
티켓링크 | 공연,공연,2026 소통왕 말자쑈 in Gwangju,2026-11-06 ~ 2026-11-06,전체 관람가,"광주예술의전당 광주예술의전당 대극장 | 위도:37.479446101344905, 경도:127.01375358339827","44,000원 ~ 66,000원",공연 · 광주예술의전당 광주예술의전당 대극장,https://www.ticketlink.co.kr/product/64923,couple:1.0;date_spot:1.0;공연,2026-10-01 08:13:36,concert,,,🎵 감성 가득한 무대와 음악을 즐기며 특별한 추억을 선사하는 낭만 공연,concert,concert,ticketlink,2026-11-06,,capital
티켓링크 | 공연,공연,2026 변진섭 베트남 호치민 콘서트 (2026 Byeon Jin-seob Concert in Ho Chi Minh City),2026-10-31 ~ 2026-10-31,8세 이상 (전체/초등 이상),사이공 오페라하우스 (Saigon Opera House) 사이공 오페라하우스 (Saigon Opera House),"110,000원 ~ 220,000원",공연 · 사이공 오페라하우스 (Saigon Opera House) 사이공 오페라하우스 (Saigon Opera House),https://www.ticketlink.co.kr/product/63193,couple:1.0;date_spot:1.0;공연,2026-10-01 08:13:36,concert,,,🎵 감성 가득한 무대와 음악을 즐기며 특별한 추억을 선사하는 낭만 공연,concert,concert,ticketlink,2026-10-31,,unknown
티켓링크 | 공연,공연,코믹 마샬아츠 퍼포먼스 <점프>,2024-09-30 ~ 2026-10-30,전체 관람가,"서울 중구 마른내로 47 (초동) | 위도:37.564429, 경도:126.99300100000005","50,000원 ~ 70,000원",공연 · 명보아트홀 가온홀 명보아트홀 가온홀 B3 점프 전용극장,https://www.ticketlink.co.kr/product/51876,couple:1.0;date_spot:1.0;공연,2026-10-01 08:13:36,concert,,,🎵 감성 가득한 무대와 음악을 즐기며 특별한 추억을 선사하는 낭만 공연,concert,concert,ticketlink,2026-10-30,,capital
티켓링크 | 공연,공연,조슈아 레드먼 쿼텟 내한공연,2026-10-22 ~ 2026-10-22,전체 관람가,"연세대학교 연세대학교 백주년기념관 콘서트홀 | 위도:37.513989875871125, 경도:127.10500067293846","70,000원 ~ 140,000원",공연 · 연세대학교 연세대학교 백주년기념관 콘서트홀,https://www.ticketlink.co.kr/product/63686,couple:1.0;date_spot:1.0;공연,2026-10-01 08:13:36,concert,,,🎵 감성 가득한 무대와 음악을 즐기며 특별한 추억을 선사하는 낭만 공연,concert,concert,ticketlink,2026-10-22,,capital
티켓링크 | 공연,공연,2026 서울시향 얍 판 츠베덴의 모차르트 ‘레퀴엠’ ①,2026-10-23 ~ 2026-10-22,전체 관람가,"롯데콘서트홀 롯데콘서트홀 | 위도:37.513989875871125, 경도:127.10500067293846","10,000원 ~ 150,000원",공연 · 롯데콘서트홀 롯데콘서트홀,https://www.ticketlink.co.kr/product/59429,couple:1.0;date_spot:1.0;공연,2026-10-01 08:13:36,concert,,,🎵 감성 가득한 무대와 음악을 즐기며 특별한 추억을 선사하는 낭만 공연,concert,concert,ticketlink,2026-10-22,,capital
티켓링크 | 공연,공연,뮤지컬 <난세> : 정도전과 이방원의 이야기,2026-09-07 ~ 2026-11-28,8세 이상 관람가,NOL 서경스퀘어 NOL 서경스퀘어 스콘 2관,"55,000원 ~ 66,000원",공연 · NOL 서경스퀘어 NOL 서경스퀘어 스콘 2관,https://www.ticketlink.co.kr/product/64831,couple:1.0;date_spot:1.0;공연,2026-10-01 08:13:36,concert,,,🎵 감성 가득한 무대와 음악을 즐기며 특별한 추억을 선사하는 낭만 공연,concert,concert,ticketlink,2026-11-28,,unknown
티켓링크 | 공연,공연,샤를 뒤트와 & 마르타 아르헤리치 with KBS교향악단,2026-11-21 ~ 2026-11-21,전체 관람가,"롯데콘서트홀 롯데콘서트홀 | 위도:37.513989875871125, 경도:127.10500067293846","70,000원 ~ 270,000원",공연 · 롯데콘서트홀 롯데콘서트홀,https://www.ticketlink.co.kr/product/64609,couple:1.0;date_spot:1.0;공연,2026-10-01 08:13:36,concert,,,🎵 감성 가득한 무대와 음악을 즐기며 특별한 추억을 선사하는 낭만 공연,concert,concert,ticketlink,2026-11-21,,capital
티켓링크 | 공연,공연,[안동] 해외 아트 서커스 - 덕 폰드 : Duck Pond,2026-11-19 ~ 2026-11-20,전체 관람가,"안동문화예술의전당 안동문화예술의전당 웅부홀 | 위도:37.479446101344905, 경도:127.01375358339827","10,000원 ~ 30,000원",공연 · 안동문화예술의전당 안동문화예술의전당 웅부홀,https://www.ticketlink.co.kr/product/63550,couple:1.0;date_spot:1.0;공연,2026-10-01 08:13:36,concert,,,🎵 감성 가득한 무대와 음악을 즐기며 특별한 추억을 선사하는 낭만 공연,concert,concert,ticketlink,2026-11-20,,capital
티켓링크 | 공연,공연,뮤지컬 <크리스마스 캐럴>,2026-12-01 ~ 2026-12-26,8세 이상 관람가,"서울 종로구 세종대로 175 (세종로) | 위도:37.5725254, 경도:126.97564290000003","60,000원 ~ 80,000원",공연 · 세종문화회관 세종문화회관 M씨어터,https://www.ticketlink.co.kr/product/60486,couple:1.0;date_spot:1.0;공연,2026-10-01 08:13:36,concert,,,🎵 감성 가득한 무대와 음악을 즐기며 특별한 추억을 선사하는 낭만 공연,concert,concert,ticketlink,2026-12-26,,capital
티켓링크 | 공연,공연,스테이지 M 캔들데이 콘서트 - 대구,2025-01-16 ~ 2026-12-26,8세 이상 (전체/초등 이상),스테이지 M 스테이지 M(스테이지엠),"35,000원 ~ 45,000원",공연 · 스테이지 M 스테이지 M(스테이지엠),https://www.ticketlink.co.kr/product/53912,couple:1.0;date_spot:1.0;공연,2026-10-01 08:13:36,concert,,,🎵 감성 가득한 무대와 음악을 즐기며 특별한 추억을 선사하는 낭만 공연,concert,concert,ticketlink,2026-12-26,,unknown
티켓링크 | 공연,공연,T-SQUARE Live in Seoul 2026,2026-10-10 ~ 2026-10-10,전체 관람가,"서울 서대문구 연세로 50 (신촌동) | 위도:37.5643122, 경도:126.93891789999998","77,000원 ~ 143,000원",공연 · 연세대학교 연세대학교 대강당,https://www.ticketlink.co.kr/product/64214,couple:1.0;date_spot:1.0;공연,2026-10-01 08:13:36,concert,,,🎵 감성 가득한 무대와 음악을 즐기며 특별한 추억을 선사하는 낭만 공연,concert,concert,ticketlink,2026-10-10,,capital
티켓링크 | 공연,공연,2026 ASMBL CRSH : SEOUL,2026-10-04 ~ 2026-10-04,전체 관람가,KBS아레나 KBS아레나,"50,000원 ~ 110,000원",공연 · KBS아레나 KBS아레나,https://www.ticketlink.co.kr/product/64755,couple:1.0;date_spot:1.0;공연,2026-10-01 08:13:36,concert,,,🎵 감성 가득한 무대와 음악을 즐기며 특별한 추억을 선사하는 낭만 공연,concert,concert,ticketlink,2026-10-04,,unknown
티켓링크 | 공연,공연,슬로우다이브 내한공연,2026-12-07 ~ 2026-12-07,전체 관람가,KBS아레나 KBS아레나,"132,000원 ~ 143,000원",공연 · KBS아레나 KBS아레나,https://www.ticketlink.co.kr/product/65083,couple:1.0;date_spot:1.0;공연,2026-10-01 08:13:36,concert,,,🎵 감성 가득한 무대와 음악을 즐기며 특별한 추억을 선사하는 낭만 공연,concert,concert,ticketlink,2026-12-07,,unknown
티켓링크 | 공연,공연,밤 트리오와 함께하는 크리스마스 & 뉴이어 재즈 콘서트 - 대구,2025-12-24 ~ 2026-12-24,8세 이상 (전체/초등 이상),스테이지 M 스테이지 M(스테이지엠),"35,000원",공연 · 스테이지 M 스테이지 M(스테이지엠),https://www.ticketlink.co.kr/product/60359,couple:1.0;date_spot:1.0;공연,2026-10-01 08:13:36,concert,,,🎵 감성 가득한 무대와 음악을 즐기며 특별한 추억을 선사하는 낭만 공연,concert,concert,ticketlink,2026-12-24,,unknown
티켓링크 | 공연,공연,"금호솔로이스츠 < V. 독일, 위대한 시작 >",2026-12-17 ~ 2026-12-17,전체 관람가,"금호아트홀 연세 금호아트홀 연세 | 위도:37.56313301480718, 경도:126.93654284199991","50,000원",공연 · 금호아트홀 연세 금호아트홀 연세,https://www.ticketlink.co.kr/product/60122,couple:1.0;date_spot:1.0;공연,2026-10-01 08:13:36,concert,,,🎵 감성 가득한 무대와 음악을 즐기며 특별한 추억을 선사하는 낭만 공연,concert,concert,ticketlink,2026-12-17,,capital
티켓링크 | 공연,공연,"금호솔로이스츠 < IV. 러시아, 영혼의 기록 >",2026-12-16 ~ 2026-12-16,전체 관람가,"금호아트홀 연세 금호아트홀 연세 | 위도:37.56313301480718, 경도:126.93654284199991","50,000원",공연 · 금호아트홀 연세 금호아트홀 연세,https://www.ticketlink.co.kr/product/60121,couple:1.0;date_spot:1.0;공연,2026-10-01 08:13:36,concert,,,🎵 감성 가득한 무대와 음악을 즐기며 특별한 추억을 선사하는 낭만 공연,concert,concert,ticketlink,2026-12-16,,capital
티켓링크 | 공연,공연,금호 위너스: 김현서 Violin,2026-12-09 ~ 2026-12-09,전체 관람가,"금호아트홀 연세 금호아트홀 연세 | 위도:37.56313301480718, 경도:126.93654284199991","20,000원",공연 · 금호아트홀 연세 금호아트홀 연세,https://www.ticketlink.co.kr/product/64746,couple:1.0;date_spot:1.0;공연,2026-10-01 08:13:36,concert,,,🎵 감성 가득한 무대와 음악을 즐기며 특별한 추억을 선사하는 낭만 공연,concert,concert,ticketlink,2026-12-09,,capital
티켓링크 | 공연,공연,금호아트홀 아름다운 목요일 - 조진주 Violin Solo,2026-12-02 ~ 2026-12-02,전체 관람가,"금호아트홀 연세 금호아트홀 연세 | 위도:37.56313301480718, 경도:126.93654284199991","50,000원",공연 · 금호아트홀 연세 금호아트홀 연세,https://www.ticketlink.co.kr/product/60108,couple:1.0;date_spot:1.0;공연,2026-10-01 08:13:36,concert,,,🎵 감성 가득한 무대와 음악을 즐기며 특별한 추억을 선사하는 낭만 공연,concert,concert,ticketlink,2026-12-02,,capital
티켓링크 | 공연,공연,연극 < VL >,2026-08-31 ~ 2026-11-28,8세 이상 관람가,링크더스페이스 링크더스페이스 2관,"66,000원",공연 · 링크더스페이스 링크더스페이스 2관,https://www.ticketlink.co.kr/product/64649,couple:1.0;date_spot:1.0;공연,2026-10-01 08:13:36,concert,,,🎵 감성 가득한 무대와 음악을 즐기며 특별한 추억을 선사하는 낭만 공연,concert,concert,ticketlink,2026-11-28,,unknown
티켓링크 | 공연,공연,이은미 콘서트 with 오케스트라 : 추억이 핀다 - 청주,2026-11-07 ~ 2026-11-07,8세 이상 (전체/초등 이상),"청주 예술의전당 청주예술의전당 대공연장 | 위도:37.479446101344905, 경도:127.01375358339827","99,000원 ~ 132,000원",공연 · 청주 예술의전당 청주예술의전당 대공연장,https://www.ticketlink.co.kr/product/65008,couple:1.0;date_spot:1.0;공연,2026-10-01 08:13:36,concert,,,🎵 감성 가득한 무대와 음악을 즐기며 특별한 추억을 선사하는 낭만 공연,concert,concert,ticketlink,2026-11-07,,capital
티켓링크 | 공연,공연,부천필하모닉오케스트라 제340회 정기연주회 - Distant Worlds 먼 세계,2026-10-29 ~ 2026-10-30,전체 관람가,"부천아트센터 부천아트센터 콘서트홀 | 위도:37.513989875871125, 경도:127.10500067293846","10,000원 ~ 30,000원",공연 · 부천아트센터 부천아트센터 콘서트홀,https://www.ticketlink.co.kr/product/60010,couple:1.0;date_spot:1.0;공연,2026-10-01 08:13:36,concert,,,🎵 감성 가득한 무대와 음악을 즐기며 특별한 추억을 선사하는 낭만 공연,concert,concert,ticketlink,2026-10-30,,capital
티켓링크 | 공연,공연,뮤지컬 <곤 투모로우> 10주년 기념 공연,2026-09-14 ~ 2026-11-28,8세 이상 관람가,"홍익대 대학로 아트센터 홍익대 대학로 아트센터 대극장 | 위도:37.576681207884405, 경도:127.00152148175482","60,000원 ~ 130,000원",공연 · 홍익대 대학로 아트센터 홍익대 대학로 아트센터 대극장,https://www.ticketlink.co.kr/product/64817,couple:1.0;date_spot:1.0;공연,2026-10-01 08:13:36,concert,,,🎵 감성 가득한 무대와 음악을 즐기며 특별한 추억을 선사하는 낭만 공연,concert,concert,ticketlink,2026-11-28,,capital
티켓링크 | 공연,공연,금호아트홀 아름다운 목요일 - 프란츠 슈베르트 X 문지영 Piano I,2026-11-11 ~ 2026-11-11,전체 관람가,"금호아트홀 연세 금호아트홀 연세 | 위도:37.56313301480718, 경도:126.93654284199991","50,000원",공연 · 금호아트홀 연세 금호아트홀 연세,https://www.ticketlink.co.kr/product/60101,couple:1.0;date_spot:1.0;공연,2026-10-01 08:13:36,concert,,,🎵 감성 가득한 무대와 음악을 즐기며 특별한 추억을 선사하는 낭만 공연,concert,concert,ticketlink,2026-11-11,,capital
티켓링크 | 공연,공연,라이브 퀘스트 뮤지컬 <코드네임X>,2026-09-11 ~ 2026-10-17,8세 이상 관람가,"국립중앙박물관 국립중앙박물관 극장 용 | 위도:37.524286182340816, 경도:126.97838383237183","44,000원 ~ 77,000원",공연 · 국립중앙박물관 국립중앙박물관 극장 용,https://www.ticketlink.co.kr/product/63865,couple:1.0;date_spot:1.0;공연,2026-10-01 08:13:36,concert,,,🎵 감성 가득한 무대와 음악을 즐기며 특별한 추억을 선사하는 낭만 공연,concert,concert,ticketlink,2026-10-17,,capital
티켓링크 | 공연,공연,테오도르 쿠렌치스 & 유토피아 오케스트라 (11.18),2026-11-18 ~ 2026-11-17,전체 관람가,"롯데콘서트홀 롯데콘서트홀 | 위도:37.513989875871125, 경도:127.10500067293846","60,000원 ~ 380,000원",공연 · 롯데콘서트홀 롯데콘서트홀,https://www.ticketlink.co.kr/product/64522,couple:1.0;date_spot:1.0;공연,2026-10-01 08:13:36,concert,,,🎵 감성 가득한 무대와 음악을 즐기며 특별한 추억을 선사하는 낭만 공연,concert,concert,ticketlink,2026-11-17,,capital
티켓링크 | 전시,전시,2026 푸드위크 코리아,2026-11-03 ~ 2026-11-06,전체 관람가 (전 연령),"코엑스 코엑스 A. B. C홀, Platz홀","5,900원","전시 · 코엑스 코엑스 A. B. C홀, Platz홀",https://www.ticketlink.co.kr/product/64728,couple:1.0;date_spot:1.0;전시,2026-10-01 08:13:36,exhibition,,,🖼️ 예쁜 전시와 작품을 보며 이야기를 나누고 인생샷을 남기기 좋은 데이트 추천,exhibition,exhibition,ticketlink,2026-11-06,,unknown
티켓링크 | 전시,전시,북촌투어,2026-01-02 ~ 2026-12-30,전체 관람가 (전 연령),북촌일대 북촌일대,"14,900원",전시 · 북촌일대 북촌일대,https://www.ticketlink.co.kr/product/60541,couple:1.0;date_spot:1.0;전시,2026-10-01 08:13:36,exhibition,,,🖼️ 예쁜 전시와 작품을 보며 이야기를 나누고 인생샷을 남기기 좋은 데이트 추천,exhibition,exhibition,ticketlink,2026-12-30,,unknown
티켓링크 | 전시,전시,"<조선시대 성시도(城市圖), 다시 깨어나다>",2026-07-28 ~ 2026-12-30,전체 관람가 (전 연령),해든뮤지움 해든뮤지움,"20,000원",전시 · 해든뮤지움 해든뮤지움,https://www.ticketlink.co.kr/product/64762,couple:1.0;date_spot:1.0;전시,2026-10-01 08:13:36,exhibition,,,🖼️ 예쁜 전시와 작품을 보며 이야기를 나누고 인생샷을 남기기 좋은 데이트 추천,exhibition,exhibition,ticketlink,2026-12-30,,unknown
티켓링크 | 공연,공연,은빛 발레리나 - 경주,2026-09-03 ~ 2026-12-17,전체 관람가,"경주예술의전당 대연습실 경주예술의전당 대연습실 | 위도:37.479446101344905, 경도:127.01375358339827","170,000원 ~ 255,000원",공연 · 경주예술의전당 대연습실 경주예술의전당 대연습실,https://www.ticketlink.co.kr/product/64563,couple:1.0;date_spot:1.0;공연,2026-10-01 08:13:36,concert,,,🎵 감성 가득한 무대와 음악을 즐기며 특별한 추억을 선사하는 낭만 공연,concert,concert,ticketlink,2026-12-17,,capital
티켓링크 | 공연,공연,뮤지컬 <아나키스트>,2026-09-14 ~ 2026-12-05,8세 이상 관람가,예스24아트원 예스24아트원 1관,"55,000원 ~ 77,000원",공연 · 예스24아트원 예스24아트원 1관,https://www.ticketlink.co.kr/product/64924,couple:1.0;date_spot:1.0;공연,2026-10-01 08:13:36,concert,,,🎵 감성 가득한 무대와 음악을 즐기며 특별한 추억을 선사하는 낭만 공연,concert,concert,ticketlink,2026-12-05,,unknown
티켓링크 | 공연,공연,"베니스에서 할렘까지, 시대와 지역을 가로지르는 열두 번의 시선 - 경주",2026-09-06 ~ 2026-11-29,전체 관람가,"경주예술의전당 대회의실 경주예술의전당 대회의실 | 위도:37.479446101344905, 경도:127.01375358339827","180,000원",공연 · 경주예술의전당 대회의실 경주예술의전당 대회의실,https://www.ticketlink.co.kr/product/64561,couple:1.0;date_spot:1.0;공연,2026-10-01 08:13:36,concert,,,🎵 감성 가득한 무대와 음악을 즐기며 특별한 추억을 선사하는 낭만 공연,concert,concert,ticketlink,2026-11-29,,capital
티켓링크 | 전시,전시,세계문화유산 창덕궁,2024-01-12 ~ 2026-12-26,전체 관람가 (전 연령),창덕궁 창덕궁,"14,900원",전시 · 창덕궁 창덕궁,https://www.ticketlink.co.kr/product/47927,couple:1.0;date_spot:1.0;전시,2026-10-01 08:13:36,exhibition,,,🖼️ 예쁜 전시와 작품을 보며 이야기를 나누고 인생샷을 남기기 좋은 데이트 추천,exhibition,exhibition,ticketlink,2026-12-26,,capital
티켓링크 | 전시,전시,정동 한바퀴,2024-01-12 ~ 2026-12-25,전체 관람가 (전 연령),정동길 정동길,"14,900원",전시 · 정동길 정동길,https://www.ticketlink.co.kr/product/47912,couple:1.0;date_spot:1.0;전시,2026-10-01 08:13:36,exhibition,,,🖼️ 예쁜 전시와 작품을 보며 이야기를 나누고 인생샷을 남기기 좋은 데이트 추천,exhibition,exhibition,ticketlink,2026-12-25,,unknown
티켓링크 | 공연,공연,영재한음（국악）회,2023-01-28 ~ 2026-12-26,전체 관람가,"서울 중구 퇴계로34길 28 (필동2가) | 위도:37.559311, 경도:126.994431","30,000원",공연 · 서울남산국악당 서울남산국악당 크라운해태홀,https://www.ticketlink.co.kr/product/42166,couple:1.0;date_spot:1.0;공연,2026-10-01 08:13:36,concert,,,🎵 감성 가득한 무대와 음악을 즐기며 특별한 추억을 선사하는 낭만 공연,concert,concert,ticketlink,2026-12-26,,capital
티켓링크 | 전시,전시,예술인의마을 서촌,2024-01-12 ~ 2026-12-25,전체 관람가 (전 연령),경복궁 서쪽지역일대 경복궁 서쪽지역일대,"14,900원",전시 · 경복궁 서쪽지역일대 경복궁 서쪽지역일대,https://www.ticketlink.co.kr/product/47934,couple:1.0;date_spot:1.0;전시,2026-10-01 08:13:36,exhibition,,,🖼️ 예쁜 전시와 작품을 보며 이야기를 나누고 인생샷을 남기기 좋은 데이트 추천,exhibition,exhibition,ticketlink,2026-12-25,,capital
티켓링크 | 공연,공연,연극 사랑해엄마 (대전),2026-12-24 ~ 2026-12-25,8세 이상 관람가,"대전예술의전당 대전예술의전당 아트홀 | 위도:37.479446101344905, 경도:127.01375358339827","66,000원",공연 · 대전예술의전당 대전예술의전당 아트홀,https://www.ticketlink.co.kr/product/62197,couple:1.0;date_spot:1.0;공연,2026-10-01 08:13:36,concert,,,🎵 감성 가득한 무대와 음악을 즐기며 특별한 추억을 선사하는 낭만 공연,concert,concert,ticketlink,2026-12-25,,capital
티켓링크 | 공연,공연,바다탐험대 옥토넛 시즌4 : 숨겨진 보물을 찾아라! - 용인,2026-12-11 ~ 2026-12-12,전체 관람가,용인문예회관 용인시문예회관 처인홀,"70,000원",공연 · 용인문예회관 용인시문예회관 처인홀,https://www.ticketlink.co.kr/product/65061,couple:1.0;date_spot:1.0;공연,2026-10-01 08:13:36,concert,,,🎵 감성 가득한 무대와 음악을 즐기며 특별한 추억을 선사하는 낭만 공연,concert,concert,ticketlink,2026-12-12,,capital
티켓링크 | 공연,공연,바다탐험대 옥토넛 시즌4 : 숨겨진 보물을 찾아라! - 부천,2026-12-04 ~ 2026-12-05,전체 관람가,"경기 부천시 장말로 107 (상동) | 위도:37.49479, 경도:126.75404900000001","70,000원",공연 · 복사골문화센터 아트홀 복사골문화센터 아트홀,https://www.ticketlink.co.kr/product/64984,couple:1.0;date_spot:1.0;공연,2026-10-01 08:13:36,concert,,,🎵 감성 가득한 무대와 음악을 즐기며 특별한 추억을 선사하는 낭만 공연,concert,concert,ticketlink,2026-12-05,,capital
티켓링크 | 공연,공연,우카시 트바르코프스키 연출 '로스코',2026-11-12 ~ 2026-11-15,전체 관람가,"LG아트센터 서울 LG아트센터 서울 LG SIGNATURE 홀 | 위도:37.56536922310509, 경도:126.82927805089567","50,000원 ~ 110,000원",공연 · LG아트센터 서울 LG아트센터 서울 LG SIGNATURE 홀,https://www.ticketlink.co.kr/product/61083,couple:1.0;date_spot:1.0;공연,2026-10-01 08:13:36,concert,,,🎵 감성 가득한 무대와 음악을 즐기며 특별한 추억을 선사하는 낭만 공연,concert,concert,ticketlink,2026-11-15,,capital
티켓링크 | 전시,전시,[얼리버드] <시오타 치하루: 기억의 빛 속으로>,2026-08-29 ~ 2027-02-20,전체 관람가 (전 연령),헤레디움 / 아트사이트 소제 헤레디움 / 아트사이트 소제,"5,000원",전시 · 헤레디움 / 아트사이트 소제 헤레디움 / 아트사이트 소제,https://www.ticketlink.co.kr/product/64665,couple:1.0;date_spot:1.0;전시,2026-10-01 08:13:36,exhibition,,,🖼️ 예쁜 전시와 작품을 보며 이야기를 나누고 인생샷을 남기기 좋은 데이트 추천,exhibition,exhibition,ticketlink,2027-02-20,,unknown
티켓링크 | 전시,전시,창경궁 인문학산책(야간),2025-06-30 ~ 2026-12-30,전체 관람가 (전 연령),창경궁 창경궁,"19,900원",전시 · 창경궁 창경궁,https://www.ticketlink.co.kr/product/57089,couple:1.0;date_spot:1.0;전시,2026-10-01 08:13:36,exhibition,,,🖼️ 예쁜 전시와 작품을 보며 이야기를 나누고 인생샷을 남기기 좋은 데이트 추천,exhibition,exhibition,ticketlink,2026-12-30,,unknown
티켓링크 | 전시,전시,창덕궁 인문학산책,2025-06-30 ~ 2026-12-30,전체 관람가 (전 연령),창덕궁 창덕궁,"19,900원",전시 · 창덕궁 창덕궁,https://www.ticketlink.co.kr/product/57088,couple:1.0;date_spot:1.0;전시,2026-10-01 08:13:36,exhibition,,,🖼️ 예쁜 전시와 작품을 보며 이야기를 나누고 인생샷을 남기기 좋은 데이트 추천,exhibition,exhibition,ticketlink,2026-12-30,,capital
티켓링크 | 전시,전시,선릉 인문학산책,2025-06-30 ~ 2026-12-30,전체 관람가 (전 연령),선릉 선릉,"19,900원",전시 · 선릉 선릉,https://www.ticketlink.co.kr/product/57087,couple:1.0;date_spot:1.0;전시,2026-10-01 08:13:36,exhibition,,,🖼️ 예쁜 전시와 작품을 보며 이야기를 나누고 인생샷을 남기기 좋은 데이트 추천,exhibition,exhibition,ticketlink,2026-12-30,,unknown
티켓링크 | 전시,전시,덕수궁 인문학산책 (야간),2025-06-30 ~ 2026-12-30,전체 관람가 (전 연령),덕수궁 덕수궁,"19,900원",전시 · 덕수궁 덕수궁,https://www.ticketlink.co.kr/product/57086,couple:1.0;date_spot:1.0;전시,2026-10-01 08:13:36,exhibition,,,🖼️ 예쁜 전시와 작품을 보며 이야기를 나누고 인생샷을 남기기 좋은 데이트 추천,exhibition,exhibition,ticketlink,2026-12-30,,capital
티켓링크 | 전시,전시,서울역사박물관 인문학산책,2025-06-30 ~ 2026-12-30,전체 관람가 (전 연령),서울역사박물관 서울역사박물관,"19,900원",전시 · 서울역사박물관 서울역사박물관,https://www.ticketlink.co.kr/product/57085,couple:1.0;date_spot:1.0;전시,2026-10-01 08:13:36,exhibition,,,🖼️ 예쁜 전시와 작품을 보며 이야기를 나누고 인생샷을 남기기 좋은 데이트 추천,exhibition,exhibition,ticketlink,2026-12-30,,unknown
티켓링크 | 전시,전시,경희궁 인문학산책,2025-06-30 ~ 2026-12-30,전체 관람가 (전 연령),경희궁 경희궁,"19,900원",전시 · 경희궁 경희궁,https://www.ticketlink.co.kr/product/57084,couple:1.0;date_spot:1.0;전시,2026-10-01 08:13:36,exhibition,,,🖼️ 예쁜 전시와 작품을 보며 이야기를 나누고 인생샷을 남기기 좋은 데이트 추천,exhibition,exhibition,ticketlink,2026-12-30,,unknown
티켓링크 | 전시,전시,필립 예니카 기획전: 럭키 럭키 럭키,2026-06-18 ~ 2026-12-30,전체 관람가 (전 연령),띠아트 홍대 띠아트 뮤지엄 홍대,"20,000원",전시 · 띠아트 홍대 띠아트 뮤지엄 홍대,https://www.ticketlink.co.kr/product/63476,couple:1.0;date_spot:1.0;전시,2026-10-01 08:13:36,exhibition,,,🖼️ 예쁜 전시와 작품을 보며 이야기를 나누고 인생샷을 남기기 좋은 데이트 추천,exhibition,exhibition,ticketlink,2026-12-30,,capital
티켓링크 | 공연,공연,페인터즈-광화문전용관,2024-03-24 ~ 2026-11-29,전체 관람가,"서울 중구 정동길 3 (정동) | 위도:37.5681269, 경도:126.96995219999997","50,000원 ~ 70,000원",공연 · 광화문 전용관(경향아트힐) 광화문 전용관(경향아트힐),https://www.ticketlink.co.kr/product/48982,couple:1.0;date_spot:1.0;공연,2026-10-01 08:13:36,concert,,,🎵 감성 가득한 무대와 음악을 즐기며 특별한 추억을 선사하는 낭만 공연,concert,concert,ticketlink,2026-11-29,,capital
티켓링크 | 공연,공연,[안동] 베토벤 합창 교향곡 '환희의 송가',2026-11-26 ~ 2026-11-26,전체 관람가,"안동문화예술의전당 안동문화예술의전당 웅부홀 | 위도:37.479446101344905, 경도:127.01375358339827","10,000원",공연 · 안동문화예술의전당 안동문화예술의전당 웅부홀,https://www.ticketlink.co.kr/product/65010,couple:1.0;date_spot:1.0;공연,2026-10-01 08:13:36,concert,,,🎵 감성 가득한 무대와 음악을 즐기며 특별한 추억을 선사하는 낭만 공연,concert,concert,ticketlink,2026-11-26,,capital
티켓링크 | 공연,공연,뮤지컬 <오셀로와 이아고>,2026-09-07 ~ 2026-11-21,8세 이상 관람가,대학로 자유극장 대학로 자유극장,"55,000원 ~ 66,000원",공연 · 대학로 자유극장 대학로 자유극장,https://www.ticketlink.co.kr/product/64855,couple:1.0;date_spot:1.0;공연,2026-10-01 08:13:36,concert,,,🎵 감성 가득한 무대와 음악을 즐기며 특별한 추억을 선사하는 낭만 공연,concert,concert,ticketlink,2026-11-21,,capital
티켓링크 | 공연,공연,[안동] 안동시립합창단 제32회 정기연주회 - 모차르트  레퀴엠,2026-10-21 ~ 2026-10-21,전체 관람가,"안동문화예술의전당 안동문화예술의전당 웅부홀 | 위도:37.479446101344905, 경도:127.01375358339827","10,000원",공연 · 안동문화예술의전당 안동문화예술의전당 웅부홀,https://www.ticketlink.co.kr/product/65011,couple:1.0;date_spot:1.0;공연,2026-10-01 08:13:36,concert,,,🎵 감성 가득한 무대와 음악을 즐기며 특별한 추억을 선사하는 낭만 공연,concert,concert,ticketlink,2026-10-21,,capital
티켓링크 | 공연,공연,금호아트홀 아름다운 목요일 - 모차르트 플러스 II - 폴 루이스 Piano,2026-10-21 ~ 2026-10-21,전체 관람가,"금호아트홀 연세 금호아트홀 연세 | 위도:37.56313301480718, 경도:126.93654284199991","70,000원 ~ 80,000원",공연 · 금호아트홀 연세 금호아트홀 연세,https://www.ticketlink.co.kr/product/60115,couple:1.0;date_spot:1.0;공연,2026-10-01 08:13:36,concert,,,🎵 감성 가득한 무대와 음악을 즐기며 특별한 추억을 선사하는 낭만 공연,concert,concert,ticketlink,2026-10-21,,capital
티켓링크 | 공연,공연,금호아트홀 아름다운 목요일 - 모차르트 플러스 I - 폴 루이스 Piano,2026-10-20 ~ 2026-10-20,전체 관람가,"금호아트홀 연세 금호아트홀 연세 | 위도:37.56313301480718, 경도:126.93654284199991","70,000원 ~ 80,000원",공연 · 금호아트홀 연세 금호아트홀 연세,https://www.ticketlink.co.kr/product/60114,couple:1.0;date_spot:1.0;공연,2026-10-01 08:13:36,concert,,,🎵 감성 가득한 무대와 음악을 즐기며 특별한 추억을 선사하는 낭만 공연,concert,concert,ticketlink,2026-10-20,,capital
티켓링크 | 공연,공연,두 명의 피아니스트가 연주하는 모차르트-광주,2026-10-08 ~ 2026-10-08,전체 관람가,"아트스페이스 아트스페이스 흥학관 | 위도:37.5678454010722, 경도:126.97589460754",0원,공연 · 아트스페이스 아트스페이스 흥학관,https://www.ticketlink.co.kr/product/65056,couple:1.0;date_spot:1.0;공연,2026-10-01 08:13:36,concert,,,🎵 감성 가득한 무대와 음악을 즐기며 특별한 추억을 선사하는 낭만 공연,concert,concert,ticketlink,2026-10-08,,capital
티켓링크 | 공연,공연,카피추 뮤직 토크 콘서트 : 천지창조 - 부산,2026-12-24 ~ 2026-12-24,8세 이상 (전체/초등 이상),영화의전당 영화의전당 하늘연극장,"44,000원",공연 · 영화의전당 영화의전당 하늘연극장,https://www.ticketlink.co.kr/product/65084,couple:1.0;date_spot:1.0;공연,2026-10-01 08:13:36,concert,,,🎵 감성 가득한 무대와 음악을 즐기며 특별한 추억을 선사하는 낭만 공연,concert,concert,ticketlink,2026-12-24,,unknown
티켓링크 | 공연,공연,내 인생의 클래식 - 경주,2026-09-03 ~ 2026-12-10,8세 이상 (전체/초등 이상),"경주예술의전당 대회의실 경주예술의전당 대회의실 | 위도:37.479446101344905, 경도:127.01375358339827","180,000원",공연 · 경주예술의전당 대회의실 경주예술의전당 대회의실,https://www.ticketlink.co.kr/product/64560,couple:1.0;date_spot:1.0;공연,2026-10-01 08:13:36,concert,,,🎵 감성 가득한 무대와 음악을 즐기며 특별한 추억을 선사하는 낭만 공연,concert,concert,ticketlink,2026-12-10,,capital
티켓링크 | 공연,공연,몽글몽글꿈공장 (판타지 무용컬) - 천안,2026-11-06 ~ 2026-11-06,8세 이상 (전체/초등 이상),"천안시 성환문화회관 천안시 성환문화회관 대공연장 | 위도:36.9128423548467, 경도:127.136662149546","30,000원 ~ 50,000원",공연 · 천안시 성환문화회관 천안시 성환문화회관 대공연장,https://www.ticketlink.co.kr/product/64905,couple:1.0;date_spot:1.0;공연,2026-10-01 08:13:36,concert,,,🎵 감성 가득한 무대와 음악을 즐기며 특별한 추억을 선사하는 낭만 공연,concert,concert,ticketlink,2026-11-06,,capital
티켓링크 | 공연,공연,공룡애니멀쇼 시즌3 - 파주,2026-11-13 ~ 2026-11-13,전체 관람가,"경기 파주시 문산읍 통일로 1680 | 위도:37.8567239, 경도:126.7909181","21,000원",공연 · 파주 문산행복센터 파주 문산행복센터,https://www.ticketlink.co.kr/product/64595,couple:1.0;date_spot:1.0;공연,2026-10-01 08:13:36,concert,,,🎵 감성 가득한 무대와 음악을 즐기며 특별한 추억을 선사하는 낭만 공연,concert,concert,ticketlink,2026-11-13,,capital
티켓링크 | 공연,공연,아.파.트.,2026-10-23 ~ 2026-11-13,전체 관람가,"서울 종로구 세종대로 175 (세종로) | 위도:37.5725254, 경도:126.97564290000003","40,000원 ~ 60,000원",공연 · 세종문화회관 세종문화회관 M씨어터,https://www.ticketlink.co.kr/product/60490,couple:1.0;date_spot:1.0;공연,2026-10-01 08:13:36,concert,,,🎵 감성 가득한 무대와 음악을 즐기며 특별한 추억을 선사하는 낭만 공연,concert,concert,ticketlink,2026-11-13,,capital
티켓링크 | 전시,전시,앙리마티스와 파리의 화가들,2026-07-15 ~ 2026-10-24,전체 관람가 (전 연령),"문화제조창 본관 청주시한국공예관 갤러리 3,5 전시실 문화제조창 본관 청주시한국공예관 갤러리 3,5 전시실","20,000원","전시 · 문화제조창 본관 청주시한국공예관 갤러리 3,5 전시실 문화제조창 본관 청주시한국공예관 갤러리 3,5 전시실",https://www.ticketlink.co.kr/product/63927,couple:1.0;date_spot:1.0;전시,2026-10-01 08:13:36,exhibition,,,🖼️ 예쁜 전시와 작품을 보며 이야기를 나누고 인생샷을 남기기 좋은 데이트 추천,exhibition,exhibition,ticketlink,2026-10-24,,unknown
티켓링크 | 전시,전시,뱅크시 : Still Here,2026-07-21 ~ 2026-11-02,전체 관람가 (전 연령),더현대서울 더현대 서울 ALT.1,"18,000원",전시 · 더현대서울 더현대 서울 ALT.1,https://www.ticketlink.co.kr/product/63744,couple:1.0;date_spot:1.0;전시,2026-10-01 08:13:36,exhibition,,,🖼️ 예쁜 전시와 작품을 보며 이야기를 나누고 인생샷을 남기기 좋은 데이트 추천,exhibition,exhibition,ticketlink,2026-11-02,,capital
티켓링크 | 전시,전시,페이퍼 후추-사각사각의 순간들 인 울산,2026-07-31 ~ 2026-10-31,전체 관람가 (전 연령),장생포문화창고 장생포문화창고,"5,000원",전시 · 장생포문화창고 장생포문화창고,https://www.ticketlink.co.kr/product/64626,couple:1.0;date_spot:1.0;전시,2026-10-01 08:13:36,exhibition,,,🖼️ 예쁜 전시와 작품을 보며 이야기를 나누고 인생샷을 남기기 좋은 데이트 추천,exhibition,exhibition,ticketlink,2026-10-31,,unknown
티켓링크 | 전시,전시,[예매권 추첨] 2026 덕수궁 밤의 석조전 (하반기),2026-09-08 ~ 2026-10-17,전체 관람가 (전 연령),"덕수궁 석조전 덕수궁 석조전 | 위도:37.5663998518998, 경도:126.974228917679",0원,전시 · 덕수궁 석조전 덕수궁 석조전,https://www.ticketlink.co.kr/product/64835,couple:1.0;date_spot:1.0;전시,2026-10-01 08:13:36,exhibition,,,🖼️ 예쁜 전시와 작품을 보며 이야기를 나누고 인생샷을 남기기 좋은 데이트 추천,exhibition,exhibition,ticketlink,2026-10-17,,capital
티켓링크 | 전시,전시,[예매권 추첨] 2026 창덕궁 달빛기행 (하반기),2026-09-09 ~ 2026-10-16,전체 관람가 (전 연령),창덕궁 창덕궁,0원,전시 · 창덕궁 창덕궁,https://www.ticketlink.co.kr/product/64919,couple:1.0;date_spot:1.0;전시,2026-10-01 08:13:36,exhibition,,,🖼️ 예쁜 전시와 작품을 보며 이야기를 나누고 인생샷을 남기기 좋은 데이트 추천,exhibition,exhibition,ticketlink,2026-10-16,,capital
티켓링크 | 전시,전시,[예매권 추첨] 2026 경복궁 생과방 (하반기),2026-09-01 ~ 2026-10-25,전체 관람가 (전 연령),경복궁 경복궁 소주방,0원,전시 · 경복궁 경복궁 소주방,https://www.ticketlink.co.kr/product/64787,couple:1.0;date_spot:1.0;전시,2026-10-01 08:13:36,exhibition,,,🖼️ 예쁜 전시와 작품을 보며 이야기를 나누고 인생샷을 남기기 좋은 데이트 추천,exhibition,exhibition,ticketlink,2026-10-25,,capital
티켓링크 | 전시,전시,그랜드 민트 페스티벌 2026,2026-10-16 ~ 2026-10-17,전체 관람가 (전 연령),"서울 송파구 올림픽로 424 올림픽공원 (방이동) | 위도:37.52112, 경도:127.12836360000006","132,000원",전시 · 올림픽공원 한얼광장 올림픽공원,https://www.ticketlink.co.kr/product/64509,couple:1.0;date_spot:1.0;전시,2026-10-01 08:13:36,exhibition,,,🖼️ 예쁜 전시와 작품을 보며 이야기를 나누고 인생샷을 남기기 좋은 데이트 추천,exhibition,exhibition,ticketlink,2026-10-17,,capital
티켓링크 | 전시,전시,"[특별전] 한국 미술, 조선 후기부터 현대까지 - 경주",2026-06-29 ~ 2026-10-17,전체 관람가 (전 연령),"경주예술의전당 경주예술의전당 알천미술관 갤러리해(4F) | 위도:37.479446101344905, 경도:127.01375358339827","5,000원",전시 · 경주예술의전당 경주예술의전당 알천미술관 갤러리해(4F),https://www.ticketlink.co.kr/product/63999,couple:1.0;date_spot:1.0;전시,2026-10-01 08:13:36,exhibition,,,🖼️ 예쁜 전시와 작품을 보며 이야기를 나누고 인생샷을 남기기 좋은 데이트 추천,exhibition,exhibition,ticketlink,2026-10-17,,capital
티켓링크 | 전시,전시,2026 GHOST 페스티벌,2026-10-08 ~ 2026-10-10,전체 관람가 (전 연령),임진각 평화누리 임진각평화누리,"96,000원",전시 · 임진각 평화누리 임진각평화누리,https://www.ticketlink.co.kr/product/64319,couple:1.0;date_spot:1.0;전시,2026-10-01 08:13:36,exhibition,,,🖼️ 예쁜 전시와 작품을 보며 이야기를 나누고 인생샷을 남기기 좋은 데이트 추천,exhibition,exhibition,ticketlink,2026-10-10,,unknown
티켓링크 | 공연,공연,서울시국악관현악단 / 2026 대한민국국악관현악축제,2026-10-16 ~ 2026-10-16,전체 관람가,"서울 종로구 세종대로 175 (세종로) | 위도:37.5725254, 경도:126.97564290000003","10,000원",공연 · 세종문화회관 세종문화회관 M씨어터,https://www.ticketlink.co.kr/product/64288,couple:1.0;date_spot:1.0;공연,2026-10-01 08:13:36,concert,,,🎵 감성 가득한 무대와 음악을 즐기며 특별한 추억을 선사하는 낭만 공연,concert,concert,ticketlink,2026-10-16,,capital
티켓링크 | 공연,공연,천안시충남국악관현악단 / 2026 대한민국국악관현악축제,2026-10-15 ~ 2026-10-15,전체 관람가,"서울 종로구 세종대로 175 (세종로) | 위도:37.5725254, 경도:126.97564290000003","10,000원",공연 · 세종문화회관 세종문화회관 M씨어터,https://www.ticketlink.co.kr/product/64277,couple:1.0;date_spot:1.0;공연,2026-10-01 08:13:36,concert,,,🎵 감성 가득한 무대와 음악을 즐기며 특별한 추억을 선사하는 낭만 공연,concert,concert,ticketlink,2026-10-15,,capital
티켓링크 | 공연,공연,부산시립국악관현악단 / 2026 대한민국국악관현악축제,2026-10-14 ~ 2026-10-14,전체 관람가,"서울 종로구 세종대로 175 (세종로) | 위도:37.5725254, 경도:126.97564290000003","10,000원",공연 · 세종문화회관 세종문화회관 M씨어터,https://www.ticketlink.co.kr/product/64279,couple:1.0;date_spot:1.0;공연,2026-10-01 08:13:36,concert,,,🎵 감성 가득한 무대와 음악을 즐기며 특별한 추억을 선사하는 낭만 공연,concert,concert,ticketlink,2026-10-14,,capital
티켓링크 | 공연,공연,국립국악원창작악단 / 2026 대한민국국악관현악축제,2026-10-13 ~ 2026-10-13,전체 관람가,"서울 종로구 세종대로 175 (세종로) | 위도:37.5725254, 경도:126.97564290000003","10,000원",공연 · 세종문화회관 세종문화회관 M씨어터,https://www.ticketlink.co.kr/product/64281,couple:1.0;date_spot:1.0;공연,2026-10-01 08:13:36,concert,,,🎵 감성 가득한 무대와 음악을 즐기며 특별한 추억을 선사하는 낭만 공연,concert,concert,ticketlink,2026-10-13,,capital
티켓링크 | 공연,공연,성남시립국악단 / 2026 대한민국국악관현악축제,2026-10-12 ~ 2026-10-12,전체 관람가,"서울 종로구 세종대로 175 (세종로) | 위도:37.5725254, 경도:126.97564290000003","10,000원",공연 · 세종문화회관 세종문화회관 M씨어터,https://www.ticketlink.co.kr/product/64280,couple:1.0;date_spot:1.0;공연,2026-10-01 08:13:36,concert,,,🎵 감성 가득한 무대와 음악을 즐기며 특별한 추억을 선사하는 낭만 공연,concert,concert,ticketlink,2026-10-12,,capital
티켓링크 | 공연,공연,강원특별자치도립국악관현악단 / 2026 대한민국국악관현악축제,2026-10-10 ~ 2026-10-10,전체 관람가,"서울 종로구 세종대로 175 (세종로) | 위도:37.5725254, 경도:126.97564290000003","10,000원",공연 · 세종문화회관 세종문화회관 M씨어터,https://www.ticketlink.co.kr/product/64282,couple:1.0;date_spot:1.0;공연,2026-10-01 08:13:36,concert,,,🎵 감성 가득한 무대와 음악을 즐기며 특별한 추억을 선사하는 낭만 공연,concert,concert,ticketlink,2026-10-10,,capital
티켓링크 | 공연,공연,〈특별공연〉중앙국악관현악단 / 2026 대한민국국악관혁악축제,2026-10-09 ~ 2026-10-09,전체 관람가,"서울 종로구 세종대로 175 (세종로) | 위도:37.5725254, 경도:126.97564290000003","10,000원",공연 · 세종문화회관 세종문화회관 M씨어터,https://www.ticketlink.co.kr/product/64276,couple:1.0;date_spot:1.0;공연,2026-10-01 08:13:36,concert,,,🎵 감성 가득한 무대와 음악을 즐기며 특별한 추억을 선사하는 낭만 공연,concert,concert,ticketlink,2026-10-09,,capital
티켓링크 | 공연,공연,진주시립국악관현악단 / 2026 대한민국국악관현악축제,2026-10-08 ~ 2026-10-08,전체 관람가,"서울 종로구 세종대로 175 (세종로) | 위도:37.5725254, 경도:126.97564290000003","10,000원",공연 · 세종문화회관 세종문화회관 M씨어터,https://www.ticketlink.co.kr/product/64278,couple:1.0;date_spot:1.0;공연,2026-10-01 08:13:36,concert,,,🎵 감성 가득한 무대와 음악을 즐기며 특별한 추억을 선사하는 낭만 공연,concert,concert,ticketlink,2026-10-08,,capital
티켓링크 | 공연,공연,트리플 빌 〈올 포 한스 판 마넨〉,2026-11-18 ~ 2026-11-21,전체 관람가,"서울 종로구 세종대로 175 (세종로) | 위도:37.5725254, 경도:126.97564290000003","50,000원 ~ 70,000원",공연 · 세종문화회관 세종문화회관 M씨어터,https://www.ticketlink.co.kr/product/60473,couple:1.0;date_spot:1.0;공연,2026-10-01 08:13:36,concert,,,🎵 감성 가득한 무대와 음악을 즐기며 특별한 추억을 선사하는 낭만 공연,concert,concert,ticketlink,2026-11-21,,capital
티켓링크 | 전시,전시,경복궁 인문학산책,2025-06-30 ~ 2026-12-30,전체 관람가 (전 연령),경복궁 경복궁,"19,900원",전시 · 경복궁 경복궁,https://www.ticketlink.co.kr/product/57083,couple:1.0;date_spot:1.0;전시,2026-10-01 08:13:36,exhibition,,,🖼️ 예쁜 전시와 작품을 보며 이야기를 나누고 인생샷을 남기기 좋은 데이트 추천,exhibition,exhibition,ticketlink,2026-12-30,,capital
티켓링크 | 전시,전시,국립고궁박물관 인문학산책,2025-06-30 ~ 2026-12-30,전체 관람가 (전 연령),국립고궁박물관 국립고궁박물관,"19,900원",전시 · 국립고궁박물관 국립고궁박물관,https://www.ticketlink.co.kr/product/57082,couple:1.0;date_spot:1.0;전시,2026-10-01 08:13:36,exhibition,,,🖼️ 예쁜 전시와 작품을 보며 이야기를 나누고 인생샷을 남기기 좋은 데이트 추천,exhibition,exhibition,ticketlink,2026-12-30,,unknown
티켓링크 | 전시,전시,약선음식체험 원데이 클래스,2026-01-23 ~ 2026-12-04,전체 관람가 (전 연령),서울한방진흥센터 서울한방진흥센터 3층 약선음식체험관,"15,000원",전시 · 서울한방진흥센터 서울한방진흥센터 3층 약선음식체험관,https://www.ticketlink.co.kr/product/60991,couple:1.0;date_spot:1.0;전시,2026-10-01 08:13:36,exhibition,,,🖼️ 예쁜 전시와 작품을 보며 이야기를 나누고 인생샷을 남기기 좋은 데이트 추천,exhibition,exhibition,ticketlink,2026-12-04,,unknown
티켓링크 | 공연,공연,스테이지엠 크리스마스 영화음악 & 캐롤 콘서트 2026 - 수원,2026-12-12 ~ 2026-12-12,8세 이상 (전체/초등 이상),경기아트센터 경기아트센터 소극장,"40,000원",공연 · 경기아트센터 경기아트센터 소극장,https://www.ticketlink.co.kr/product/64750,couple:1.0;date_spot:1.0;공연,2026-10-01 08:13:36,concert,,,🎵 감성 가득한 무대와 음악을 즐기며 특별한 추억을 선사하는 낭만 공연,concert,concert,ticketlink,2026-12-12,,unknown
티켓링크 | 공연,공연,지브리와 사랑에 빠지다 : 지브리 영화음악 콘서트 2026 - 의정부 앙코르,2026-12-04 ~ 2026-12-04,8세 이상 (전체/초등 이상),"의정부 예술의전당 의정부예술의전당 소극장 | 위도:37.479446101344905, 경도:127.01375358339827","40,000원",공연 · 의정부 예술의전당 의정부예술의전당 소극장,https://www.ticketlink.co.kr/product/64062,couple:1.0;date_spot:1.0;공연,2026-10-01 08:13:36,concert,,,🎵 감성 가득한 무대와 음악을 즐기며 특별한 추억을 선사하는 낭만 공연,concert,concert,ticketlink,2026-12-04,,capital
티켓링크 | 공연,공연,최현우 19+I - 수원,2026-11-20 ~ 2026-11-21,전체 관람가,경기아트센터 경기아트센터 대극장,"77,000원 ~ 99,000원",공연 · 경기아트센터 경기아트센터 대극장,https://www.ticketlink.co.kr/product/63238,couple:1.0;date_spot:1.0;공연,2026-10-01 08:13:36,concert,,,🎵 감성 가득한 무대와 음악을 즐기며 특별한 추억을 선사하는 낭만 공연,concert,concert,ticketlink,2026-11-21,,unknown
티켓링크 | 전시,전시,"경기전 금요 야간 상설 프로그램, 별빛누빔 (전주)",2026-06-18 ~ 2026-11-05,전체 관람가 (전 연령),전주한옥마을 경기전 전주한옥마을 경기전 내,"10,000원",전시 · 전주한옥마을 경기전 전주한옥마을 경기전 내,https://www.ticketlink.co.kr/product/63656,couple:1.0;date_spot:1.0;전시,2026-10-01 08:13:36,exhibition,,,🖼️ 예쁜 전시와 작품을 보며 이야기를 나누고 인생샷을 남기기 좋은 데이트 추천,exhibition,exhibition,ticketlink,2026-11-05,,unknown
티켓링크 | 전시,전시,2026 경기도자비엔날레,2026-09-17 ~ 2026-10-31,전체 관람가 (전 연령),"이천 경기도자 미술관, 여주 경기생활도자 미술관, 광주 경기도자 박물관 [이천]이천경기도자미술관, [여주]여주경기생활도자미술관, [광주]광주경기도자박물관","1,500원","전시 · 이천 경기도자 미술관, 여주 경기생활도자 미술관, 광주 경기도자 박물관 [이천]이천경기도자미술관, [여주]여주경기생활도자미술관, [광주]광주경기도자박물관",https://www.ticketlink.co.kr/product/63487,couple:1.0;date_spot:1.0;전시,2026-10-01 08:13:36,exhibition,,,🖼️ 예쁜 전시와 작품을 보며 이야기를 나누고 인생샷을 남기기 좋은 데이트 추천,exhibition,exhibition,ticketlink,2026-10-31,,unknown
티켓링크 | 공연,공연,2026 동물뮤지컬 <정글북> - 인천,2026-12-24 ~ 2026-12-25,8세 이상 관람가,인천서구문화회관 인천서구문화회관 대공연장,"55,000원",공연 · 인천서구문화회관 인천서구문화회관 대공연장,https://www.ticketlink.co.kr/product/64765,couple:1.0;date_spot:1.0;공연,2026-10-01 08:13:36,concert,,,🎵 감성 가득한 무대와 음악을 즐기며 특별한 추억을 선사하는 낭만 공연,concert,concert,ticketlink,2026-12-25,,unknown
티켓링크 | 공연,공연,뮤지컬 <팬레터> - 인천,2026-11-20 ~ 2026-11-21,8세 이상 관람가,"인천 남동구 예술로 149 (구월동) | 위도:37.4477666, 경도:126.70008329999996","66,000원 ~ 110,000원",공연 · 인천문화예술회관 인천문화예술회관 대공연장,https://www.ticketlink.co.kr/product/64942,couple:1.0;date_spot:1.0;공연,2026-10-01 08:13:36,concert,,,🎵 감성 가득한 무대와 음악을 즐기며 특별한 추억을 선사하는 낭만 공연,concert,concert,ticketlink,2026-11-21,,capital
티켓링크 | 전시,전시,나의 첫사랑 레시피 - 대전,2026-09-30 ~ 2026-11-28,전체 관람가 (전 연령),이수아트홀 이수아트홀,"50,000원",전시 · 이수아트홀 이수아트홀,https://www.ticketlink.co.kr/product/64760,couple:1.0;date_spot:1.0;전시,2026-10-01 08:13:36,exhibition,,,🖼️ 예쁜 전시와 작품을 보며 이야기를 나누고 인생샷을 남기기 좋은 데이트 추천,exhibition,exhibition,ticketlink,2026-11-28,,unknown
티켓링크 | 전시,전시,연극 <죽여주는 이야기>- 대전공연,2026-09-03 ~ 2026-10-24,전체 관람가 (전 연령),런던스테이지 런던스테이지,"40,000원",전시 · 런던스테이지 런던스테이지,https://www.ticketlink.co.kr/product/64912,couple:1.0;date_spot:1.0;전시,2026-10-01 08:13:36,exhibition,,,🖼️ 예쁜 전시와 작품을 보며 이야기를 나누고 인생샷을 남기기 좋은 데이트 추천,exhibition,exhibition,ticketlink,2026-10-24,,unknown
티켓링크 | 전시,전시,가장 완벽한 환영 THE MOST PERFECT ILLUSION - 울산,2026-07-01 ~ 2026-10-04,전체 관람가 (전 연령),울산시립미술관 울산시립미술관,"8,000원",전시 · 울산시립미술관 울산시립미술관,https://www.ticketlink.co.kr/product/63340,couple:1.0;date_spot:1.0;전시,2026-10-01 08:13:36,exhibition,,,🖼️ 예쁜 전시와 작품을 보며 이야기를 나누고 인생샷을 남기기 좋은 데이트 추천,exhibition,exhibition,ticketlink,2026-10-04,,unknown
티켓링크 | 공연,공연,오페라 갈라,2026-12-11 ~ 2026-12-11,8세 이상 (전체/초등 이상),"서울 종로구 세종대로 175 (세종로) | 위도:37.5725254, 경도:126.97564290000003","30,000원 ~ 120,000원",공연 · 세종문화회관 세종문화회관 대극장,https://www.ticketlink.co.kr/product/60492,couple:1.0;date_spot:1.0;공연,2026-10-01 08:13:36,concert,,,🎵 감성 가득한 무대와 음악을 즐기며 특별한 추억을 선사하는 낭만 공연,concert,concert,ticketlink,2026-12-11,,capital
티켓링크 | 공연,공연,송년 음악회,2026-12-09 ~ 2026-12-09,전체 관람가,"서울 종로구 세종대로 175 (세종로) | 위도:37.5725254, 경도:126.97564290000003","30,000원 ~ 50,000원",공연 · 세종문화회관 세종문화회관 대극장,https://www.ticketlink.co.kr/product/60497,couple:1.0;date_spot:1.0;공연,2026-10-01 08:13:36,concert,,,🎵 감성 가득한 무대와 음악을 즐기며 특별한 추억을 선사하는 낭만 공연,concert,concert,ticketlink,2026-12-09,,capital
티켓링크 | 공연,공연,라보엠,2026-11-04 ~ 2026-11-07,전체 관람가,"서울 종로구 세종대로 175 (세종로) | 위도:37.5725254, 경도:126.97564290000003","50,000원 ~ 150,000원",공연 · 세종문화회관 세종문화회관 대극장,https://www.ticketlink.co.kr/product/60504,couple:1.0;date_spot:1.0;공연,2026-10-01 08:13:36,concert,,,🎵 감성 가득한 무대와 음악을 즐기며 특별한 추억을 선사하는 낭만 공연,concert,concert,ticketlink,2026-11-07,,capital
티켓링크 | 공연,공연,최현우 19+I - 대전,2026-10-16 ~ 2026-10-17,전체 관람가,충남대학교 정심화홀 충남대학교 정심화홀,"99,000원",공연 · 충남대학교 정심화홀 충남대학교 정심화홀,https://www.ticketlink.co.kr/product/64101,couple:1.0;date_spot:1.0;공연,2026-10-01 08:13:36,concert,,,🎵 감성 가득한 무대와 음악을 즐기며 특별한 추억을 선사하는 낭만 공연,concert,concert,ticketlink,2026-10-17,,unknown
티켓링크 | 전시,전시,2026 뮤지컬에 마술을 더하다!<매직컬 피터팬>광양,2026-10-09 ~ 2026-10-09,전체 관람가 (전 연령),광양문화예술회관 광양문화예술회관,"30,000원",전시 · 광양문화예술회관 광양문화예술회관,https://www.ticketlink.co.kr/product/64977,couple:1.0;date_spot:1.0;전시,2026-10-01 08:13:36,exhibition,,,🖼️ 예쁜 전시와 작품을 보며 이야기를 나누고 인생샷을 남기기 좋은 데이트 추천,exhibition,exhibition,ticketlink,2026-10-09,,unknown
티켓링크 | 공연,공연,[데뷔 60주년 기념공연] 2026 남진 전국투어 콘서트 - 고령,2026-11-14 ~ 2026-11-14,8세 이상 (전체/초등 이상),대가야문화누리 대가야문화누리 우륵홀,"99,000원 ~ 132,000원",공연 · 대가야문화누리 대가야문화누리 우륵홀,https://www.ticketlink.co.kr/product/64316,couple:1.0;date_spot:1.0;공연,2026-10-01 08:13:36,concert,,,🎵 감성 가득한 무대와 음악을 즐기며 특별한 추억을 선사하는 낭만 공연,concert,concert,ticketlink,2026-11-14,,unknown
티켓링크 | 공연,공연,지브리와 사랑에 빠지다 : 지브리 영화음악 콘서트 2026 - 경주,2026-10-09 ~ 2026-10-09,8세 이상 (전체/초등 이상),"경주예술의전당 경주예술의전당 원화홀 | 위도:37.479446101344905, 경도:127.01375358339827","40,000원",공연 · 경주예술의전당 경주예술의전당 원화홀,https://www.ticketlink.co.kr/product/64185,couple:1.0;date_spot:1.0;공연,2026-10-01 08:13:36,concert,,,🎵 감성 가득한 무대와 음악을 즐기며 특별한 추억을 선사하는 낭만 공연,concert,concert,ticketlink,2026-10-09,,capital
티켓링크 | 전시,전시,2026 세계유산축전-제주 화산섬과 용암동굴 : 벵뒤굴,2026-10-03 ~ 2026-10-17,전체 관람가 (전 연령),벵뒤굴 및 인근 소형굴 벵뒤굴 및 인근 소형굴,"10,000원",전시 · 벵뒤굴 및 인근 소형굴 벵뒤굴 및 인근 소형굴,https://www.ticketlink.co.kr/product/65054,couple:1.0;date_spot:1.0;전시,2026-10-01 08:13:36,exhibition,,,🖼️ 예쁜 전시와 작품을 보며 이야기를 나누고 인생샷을 남기기 좋은 데이트 추천,exhibition,exhibition,ticketlink,2026-10-17,,unknown
티켓링크 | 전시,전시,2026 세계유산축전-제주 화산섬과 용암동굴 : 만장굴 & 김녕굴,2026-10-03 ~ 2026-10-17,전체 관람가 (전 연령),만장굴 및 김녕굴 만장굴 및 김녕굴,"10,000원",전시 · 만장굴 및 김녕굴 만장굴 및 김녕굴,https://www.ticketlink.co.kr/product/65051,couple:1.0;date_spot:1.0;전시,2026-10-01 08:13:36,exhibition,,,🖼️ 예쁜 전시와 작품을 보며 이야기를 나누고 인생샷을 남기기 좋은 데이트 추천,exhibition,exhibition,ticketlink,2026-10-17,,unknown
티켓링크 | 전시,전시,2026 세계유산축전-제주 화산섬과 용암동굴 : 세계유산 탐험버스,2026-10-14 ~ 2026-10-17,전체 관람가 (전 연령),거문오름용암동굴계 일원 거문오름용암동굴계 일원,"5,000원",전시 · 거문오름용암동굴계 일원 거문오름용암동굴계 일원,https://www.ticketlink.co.kr/product/65049,couple:1.0;date_spot:1.0;전시,2026-10-01 08:13:36,exhibition,,,🖼️ 예쁜 전시와 작품을 보며 이야기를 나누고 인생샷을 남기기 좋은 데이트 추천,exhibition,exhibition,ticketlink,2026-10-17,,unknown
티켓링크 | 전시,전시,2026 세계유산축전-제주 화산섬과 용암동굴 : 워킹투어-3구간,2026-10-02 ~ 2026-10-17,전체 관람가 (전 연령),만장캠프 만장캠프,"5,000원",전시 · 만장캠프 만장캠프,https://www.ticketlink.co.kr/product/65040,couple:1.0;date_spot:1.0;전시,2026-10-01 08:13:36,exhibition,,,🖼️ 예쁜 전시와 작품을 보며 이야기를 나누고 인생샷을 남기기 좋은 데이트 추천,exhibition,exhibition,ticketlink,2026-10-17,,unknown
티켓링크 | 전시,전시,2026 세계유산축전-제주 화산섬과 용암동굴 : 워킹투어-2구간,2026-10-02 ~ 2026-10-17,전체 관람가 (전 연령),덕천캠프 덕천캠프,"5,000원",전시 · 덕천캠프 덕천캠프,https://www.ticketlink.co.kr/product/65039,couple:1.0;date_spot:1.0;전시,2026-10-01 08:13:36,exhibition,,,🖼️ 예쁜 전시와 작품을 보며 이야기를 나누고 인생샷을 남기기 좋은 데이트 추천,exhibition,exhibition,ticketlink,2026-10-17,,unknown
티켓링크 | 전시,전시,2026 세계유산축전-제주 화산섬과 용암동굴 : 워킹투어-1구간,2026-10-02 ~ 2026-10-17,전체 관람가 (전 연령),제주세계자연유산센터 제주세계자연유산센터 워킹투어 운영캠프,"5,000원",전시 · 제주세계자연유산센터 제주세계자연유산센터 워킹투어 운영캠프,https://www.ticketlink.co.kr/product/65036,couple:1.0;date_spot:1.0;전시,2026-10-01 08:13:36,exhibition,,,🖼️ 예쁜 전시와 작품을 보며 이야기를 나누고 인생샷을 남기기 좋은 데이트 추천,exhibition,exhibition,ticketlink,2026-10-17,,unknown
티켓링크 | 전시,전시,2026 세계유산축전-제주 화산섬과 용암동굴 : 별빛산행 일출투어,2026-10-09 ~ 2026-10-16,전체 관람가 (전 연령),한라산 성판악 한라산 성판악,"10,000원",전시 · 한라산 성판악 한라산 성판악,https://www.ticketlink.co.kr/product/65055,couple:1.0;date_spot:1.0;전시,2026-10-01 08:13:36,exhibition,,,🖼️ 예쁜 전시와 작품을 보며 이야기를 나누고 인생샷을 남기기 좋은 데이트 추천,exhibition,exhibition,ticketlink,2026-10-16,,unknown
티켓링크 | 전시,전시,2026 세계유산축전 - 제주 화산섬과 용암동굴 : 유산마을 이야기 (선흘1리),2026-10-09 ~ 2026-10-16,전체 관람가 (전 연령),제주세계유산마을 제주 세계자연유산마을(선흘1리) 일원,"10,000원",전시 · 제주세계유산마을 제주 세계자연유산마을(선흘1리) 일원,https://www.ticketlink.co.kr/product/65043,couple:1.0;date_spot:1.0;전시,2026-10-01 08:13:36,exhibition,,,🖼️ 예쁜 전시와 작품을 보며 이야기를 나누고 인생샷을 남기기 좋은 데이트 추천,exhibition,exhibition,ticketlink,2026-10-16,,unknown
인터파크 | 콘서트/페스티벌,콘서트/페스티벌,마룬5 내한공연,2027-01-27 ~ 2027-01-27,,"킨텍스 제1전시장 4,5홀",,"콘서트/페스티벌 · 킨텍스 제1전시장 4,5홀",https://tickets.interpark.com//ticket.interpark.com/Tiki/Main/TiKiGoodsinfo.asp?GoodsCode=26011315,couple:1.0;date_spot:1.0;콘서트/페스티벌,2026-10-01 08:13:36,concert,,34.3,🎵 감성 가득한 무대와 음악을 즐기며 특별한 추억을 선사하는 낭만 공연,concert,concert,interpark,2027-01-27,interpark_booking_pct,capital
인터파크 | 콘서트/페스티벌,콘서트/페스티벌,포르쉐 바이브 서울,2026-10-03 ~ 2026-10-04,,"서울 마포구 증산로 87 (성산동) | 위도:37.5716073, 경도:126.895369",,콘서트/페스티벌 · 문화비축기지,https://tickets.interpark.com//ticket.interpark.com/Tiki/Main/TiKiGoodsinfo.asp?GoodsCode=26010008,couple:1.0;date_spot:1.0;콘서트/페스티벌,2026-10-01 08:13:36,concert,,30.3,🎵 감성 가득한 무대와 음악을 즐기며 특별한 추억을 선사하는 낭만 공연,concert,concert,interpark,2026-10-04,interpark_booking_pct,capital
인터파크 | 콘서트/페스티벌,콘서트/페스티벌,〈2026 G2A〉 in KINTEX,2026-10-09 ~ 2026-10-09,,"킨텍스 제 1전시장 2,3홀",,"콘서트/페스티벌 · 킨텍스 제 1전시장 2,3홀",https://tickets.interpark.com//ticket.interpark.com/Tiki/Main/TiKiGoodsinfo.asp?GoodsCode=26007354,couple:1.0;date_spot:1.0;콘서트/페스티벌,2026-10-01 08:13:36,concert,,9.1,🎵 감성 가득한 무대와 음악을 즐기며 특별한 추억을 선사하는 낭만 공연,concert,concert,interpark,2026-10-09,interpark_booking_pct,capital
인터파크 | 콘서트/페스티벌,콘서트/페스티벌,찰리 푸스 내한공연,2026-10-11 ~ 2026-10-11,,"경기 고양시 일산서구 중앙로 1601 (대화동) | 위도:37.6763871, 경도:126.7420729",,콘서트/페스티벌 · 고양종합운동장 주경기장,https://tickets.interpark.com//ticket.interpark.com/Tiki/Main/TiKiGoodsinfo.asp?GoodsCode=26005759,couple:1.0;date_spot:1.0;콘서트/페스티벌,2026-10-01 08:13:36,concert,,7.6,🎵 감성 가득한 무대와 음악을 즐기며 특별한 추억을 선사하는 낭만 공연,concert,concert,interpark,2026-10-11,interpark_booking_pct,capital
인터파크 | 콘서트/페스티벌,콘서트/페스티벌,2026 ＆TEAM CONCERT TOUR ‘BLAZE THE WAY’ ENCORE in KSPO DOME,2026-10-03 ~ 2026-10-04,,KSPO DOME,,콘서트/페스티벌 · KSPO DOME,https://tickets.interpark.com//ticket.interpark.com/Tiki/Main/TiKiGoodsinfo.asp?GoodsCode=26011092,couple:1.0;date_spot:1.0;콘서트/페스티벌,2026-10-01 08:13:36,concert,,7.1,🎵 감성 가득한 무대와 음악을 즐기며 특별한 추억을 선사하는 낭만 공연,concert,concert,interpark,2026-10-04,interpark_booking_pct,unknown
인터파크 | 콘서트/페스티벌,콘서트/페스티벌,2026 윤종신 전국투어 콘서트 〈가을냄새〉 서울,2026-10-02 ~ 2026-10-04,,NOL 씨어터 대학로 우리카드홀,,콘서트/페스티벌 · NOL 씨어터 대학로 우리카드홀,https://tickets.interpark.com//ticket.interpark.com/Tiki/Main/TiKiGoodsinfo.asp?GoodsCode=26012206,couple:1.0;date_spot:1.0;콘서트/페스티벌,2026-10-01 08:13:36,concert,,6.6,🎵 감성 가득한 무대와 음악을 즐기며 특별한 추억을 선사하는 낭만 공연,concert,concert,interpark,2026-10-04,interpark_booking_pct,capital
인터파크 | 콘서트/페스티벌,콘서트/페스티벌,YUURI LIVE 2026 IN SEOUL,2026-12-05 ~ 2026-12-06,,인스파이어 아레나,,콘서트/페스티벌 · 인스파이어 아레나,https://tickets.interpark.com//ticket.interpark.com/Tiki/Main/TiKiGoodsinfo.asp?GoodsCode=26010352,couple:1.0;date_spot:1.0;콘서트/페스티벌,2026-10-01 08:13:36,concert,,4.0,🎵 감성 가득한 무대와 음악을 즐기며 특별한 추억을 선사하는 낭만 공연,concert,concert,interpark,2026-12-06,interpark_booking_pct,capital
인터파크 | 콘서트/페스티벌,콘서트/페스티벌,2026 이승철 40주년 콘서트 ［THE VOICE: LEE SEUNG CHUL］ - 인천,2026-12-12 ~ 2026-12-12,,인스파이어 아레나,,콘서트/페스티벌 · 인스파이어 아레나,https://tickets.interpark.com//ticket.interpark.com/Tiki/Main/TiKiGoodsinfo.asp?GoodsCode=26011556,couple:1.0;date_spot:1.0;콘서트/페스티벌,2026-10-01 08:13:36,concert,,3.5,🎵 감성 가득한 무대와 음악을 즐기며 특별한 추억을 선사하는 낭만 공연,concert,concert,interpark,2026-12-12,interpark_booking_pct,capital
인터파크 | 콘서트/페스티벌,콘서트/페스티벌,2026 렛츠락 페스티벌,2026-10-03 ~ 2026-10-04,,"난지 한강공원 일대 | 위도:37.51081992690844, 경도:126.99716104081192",,콘서트/페스티벌 · 난지 한강공원 일대,https://tickets.interpark.com//ticket.interpark.com/Tiki/Main/TiKiGoodsinfo.asp?GoodsCode=26010980,couple:1.0;date_spot:1.0;콘서트/페스티벌,2026-10-01 08:13:36,concert,,3.5,🎵 감성 가득한 무대와 음악을 즐기며 특별한 추억을 선사하는 낭만 공연,concert,concert,interpark,2026-10-04,interpark_booking_pct,capital
인터파크 | 콘서트/페스티벌,콘서트/페스티벌,이하이 솔로 콘서트 LEEHI SOLO CONCERT,2026-10-03 ~ 2026-10-03,,NOL 씨어터 합정 동양생명홀,,콘서트/페스티벌 · NOL 씨어터 합정 동양생명홀,https://tickets.interpark.com//ticket.interpark.com/Tiki/Main/TiKiGoodsinfo.asp?GoodsCode=26012121,couple:1.0;date_spot:1.0;콘서트/페스티벌,2026-10-01 08:13:36,concert,,3.5,🎵 감성 가득한 무대와 음악을 즐기며 특별한 추억을 선사하는 낭만 공연,concert,concert,interpark,2026-10-03,interpark_booking_pct,unknown
인터파크 | 콘서트/페스티벌,콘서트/페스티벌,2026 소통왕 말자쇼 - 청주,2026-10-03 ~ 2026-10-03,,"청주예술의전당 대공연장 | 위도:37.479446101344905, 경도:127.01375358339827",,콘서트/페스티벌 · 청주예술의전당 대공연장,https://tickets.interpark.com//ticket.interpark.com/Tiki/Main/TiKiGoodsinfo.asp?GoodsCode=26009618,couple:1.0;date_spot:1.0;콘서트/페스티벌,2026-10-01 08:13:36,concert,,3.0,🎵 감성 가득한 무대와 음악을 즐기며 특별한 추억을 선사하는 낭만 공연,concert,concert,interpark,2026-10-03,interpark_booking_pct,capital
인터파크 | 콘서트/페스티벌,콘서트/페스티벌,〈미스트롯4〉 전국투어 콘서트 - 서울앵콜,2026-10-31 ~ 2026-10-31,,"서울 동대문구 경희대로 26 (회기동) | 위도:37.598682, 경도:127.052773",,콘서트/페스티벌 · 경희대학교 평화의전당,https://tickets.interpark.com//ticket.interpark.com/Tiki/Main/TiKiGoodsinfo.asp?GoodsCode=26011513,couple:1.0;date_spot:1.0;콘서트/페스티벌,2026-10-01 08:13:36,concert,,2.5,🎵 감성 가득한 무대와 음악을 즐기며 특별한 추억을 선사하는 낭만 공연,concert,concert,interpark,2026-10-31,interpark_booking_pct,capital
인터파크 | 콘서트/페스티벌,콘서트/페스티벌,［Global］［Shuttle Package］ 2026 NOL FESTIVAL,2026-10-17 ~ 2026-10-18,,일산 킨텍스 제 2전시장,,콘서트/페스티벌 · 일산 킨텍스 제 2전시장,https://tickets.interpark.com//ticket.interpark.com/Tiki/Main/TiKiGoodsinfo.asp?GoodsCode=26010186,couple:1.0;date_spot:1.0;콘서트/페스티벌,2026-10-01 08:13:36,concert,,1.5,🎵 감성 가득한 무대와 음악을 즐기며 특별한 추억을 선사하는 낭만 공연,concert,concert,interpark,2026-10-18,interpark_booking_pct,capital
인터파크 | 콘서트/페스티벌,콘서트/페스티벌,레이니 내한공연,2026-10-03 ~ 2026-10-03,,킨텍스 제2전시장 9홀,,콘서트/페스티벌 · 킨텍스 제2전시장 9홀,https://tickets.interpark.com//ticket.interpark.com/Tiki/Main/TiKiGoodsinfo.asp?GoodsCode=26004771,couple:1.0;date_spot:1.0;콘서트/페스티벌,2026-10-01 08:13:36,concert,,1.0,🎵 감성 가득한 무대와 음악을 즐기며 특별한 추억을 선사하는 낭만 공연,concert,concert,interpark,2026-10-03,interpark_booking_pct,capital
인터파크 | 콘서트/페스티벌,콘서트/페스티벌,2026 무명전설 전국투어 콘서트 - 대구앵콜,2026-11-21 ~ 2026-11-21,,엑스코 5층 컨벤션홀,,콘서트/페스티벌 · 엑스코 5층 컨벤션홀,https://tickets.interpark.com//ticket.interpark.com/Tiki/Main/TiKiGoodsinfo.asp?GoodsCode=26010589,couple:1.0;date_spot:1.0;콘서트/페스티벌,2026-10-01 08:13:36,concert,,1.0,🎵 감성 가득한 무대와 음악을 즐기며 특별한 추억을 선사하는 낭만 공연,concert,concert,interpark,2026-11-21,interpark_booking_pct,unknown
인터파크 | 콘서트/페스티벌,콘서트/페스티벌,2026 윤종신 전국투어 콘서트 〈가을냄새〉 고양,2026-10-24 ~ 2026-10-24,,"경기 고양시 일산동구 중앙로 1286 (마두동) 고양아람누리 | 위도:37.6614074, 경도:126.77433789999998",,콘서트/페스티벌 · 고양아람누리 아람극장,https://tickets.interpark.com//ticket.interpark.com/Tiki/Main/TiKiGoodsinfo.asp?GoodsCode=26012207,couple:1.0;date_spot:1.0;콘서트/페스티벌,2026-10-01 08:13:36,concert,,0.5,🎵 감성 가득한 무대와 음악을 즐기며 특별한 추억을 선사하는 낭만 공연,concert,concert,interpark,2026-10-24,interpark_booking_pct,capital
인터파크 | 콘서트/페스티벌,콘서트/페스티벌,"ano LIVE in SEOUL, KOREA 2026",2026-10-17 ~ 2026-10-18,,"서울 용산구 이태원로 294 (한남동) | 위도:37.5408717, 경도:127.00244010000006",,콘서트/페스티벌 · 블루스퀘어 우리WON뱅킹홀,https://tickets.interpark.com//ticket.interpark.com/Tiki/Main/TiKiGoodsinfo.asp?GoodsCode=26010474,couple:1.0;date_spot:1.0;콘서트/페스티벌,2026-10-01 08:13:36,concert,,0.5,🎵 감성 가득한 무대와 음악을 즐기며 특별한 추억을 선사하는 낭만 공연,concert,concert,interpark,2026-10-18,interpark_booking_pct,capital
인터파크 | 뮤지컬,뮤지컬,뮤지컬 〈엘리자벳〉,2026-08-16 ~ 2026-11-15,,"서울 용산구 이태원로 294 (한남동) | 위도:37.5408717, 경도:127.00244010000006",,뮤지컬 · 블루스퀘어 우리은행홀,https://tickets.interpark.com//ticket.interpark.com/Tiki/Main/TiKiGoodsinfo.asp?GoodsCode=26009314,couple:1.0;date_spot:1.0;뮤지컬,2026-10-01 08:13:36,concert,,65.7,🎵 감성 가득한 무대와 음악을 즐기며 특별한 추억을 선사하는 낭만 공연,concert,concert,interpark,2026-11-15,interpark_booking_pct,capital
인터파크 | 뮤지컬,뮤지컬,뮤지컬 드라큘라 (Dracula：The Musical),2026-07-10 ~ 2026-10-18,,"LG아트센터 서울 LG SIGNATURE 홀 | 위도:37.56536922310509, 경도:126.82927805089567",,뮤지컬 · LG아트센터 서울 LG SIGNATURE 홀,https://tickets.interpark.com//ticket.interpark.com/Tiki/Main/TiKiGoodsinfo.asp?GoodsCode=L0000142,couple:1.0;date_spot:1.0;뮤지컬,2026-10-01 08:13:36,concert,,42.4,🎵 감성 가득한 무대와 음악을 즐기며 특별한 추억을 선사하는 낭만 공연,concert,concert,interpark,2026-10-18,interpark_booking_pct,capital
인터파크 | 뮤지컬,뮤지컬,뮤지컬 〈헬스키친〉 (Musical Hell’s Kitchen),2026-07-24 ~ 2026-11-08,,"GS아트센터 | 위도:37.502200388584036, 경도:127.03753554610904",,뮤지컬 · GS아트센터,https://tickets.interpark.com//ticket.interpark.com/Tiki/Main/TiKiGoodsinfo.asp?GoodsCode=26007169,couple:1.0;date_spot:1.0;뮤지컬,2026-10-01 08:13:36,concert,,21.2,🎵 감성 가득한 무대와 음악을 즐기며 특별한 추억을 선사하는 낭만 공연,concert,concert,interpark,2026-11-08,interpark_booking_pct,capital
인터파크 | 뮤지컬,뮤지컬,뮤지컬 〈빨래〉 - 32차 프로덕션,2026-06-11 ~ 2027-02-21,,"서울 종로구 대학로12길 64 (동숭동) | 위도:37.5811328, 경도:127.00369969999997",,뮤지컬 · NOL 유니플렉스 2관,https://tickets.interpark.com//ticket.interpark.com/Tiki/Main/TiKiGoodsinfo.asp?GoodsCode=26007159,couple:1.0;date_spot:1.0;뮤지컬,2026-10-01 08:13:36,concert,,21.2,🎵 감성 가득한 무대와 음악을 즐기며 특별한 추억을 선사하는 낭만 공연,concert,concert,interpark,2027-02-21,interpark_booking_pct,capital
인터파크 | 뮤지컬,뮤지컬,뮤지컬 〈비더슈탄트〉,2026-07-23 ~ 2026-10-11,,"링크아트센터드림 드림1관 | 위도:37.5832872589862, 경도:127.003292306454",,뮤지컬 · 링크아트센터드림 드림1관,https://tickets.interpark.com//ticket.interpark.com/Tiki/Main/TiKiGoodsinfo.asp?GoodsCode=26008861,couple:1.0;date_spot:1.0;뮤지컬,2026-10-01 08:13:36,concert,,16.7,🎵 감성 가득한 무대와 음악을 즐기며 특별한 추억을 선사하는 낭만 공연,concert,concert,interpark,2026-10-11,interpark_booking_pct,capital
인터파크 | 뮤지컬,뮤지컬,뮤지컬 〈광화문연가〉,2026-09-06 ~ 2026-11-15,,"서울 구로구 경인로 662 (신도림동, 디큐브시티) | 위도:37.5084321, 경도:126.88873319999993",,뮤지컬 · 디큐브 링크아트센터,https://tickets.interpark.com//ticket.interpark.com/Tiki/Main/TiKiGoodsinfo.asp?GoodsCode=26009625,couple:1.0;date_spot:1.0;뮤지컬,2026-10-01 08:13:36,concert,,16.7,🎵 감성 가득한 무대와 음악을 즐기며 특별한 추억을 선사하는 낭만 공연,concert,concert,interpark,2026-11-15,interpark_booking_pct,capital
인터파크 | 뮤지컬,뮤지컬,뮤지컬 〈디어 에반 핸슨〉 (Musical Dear Evan Hansen),2026-08-01 ~ 2026-11-01,,"충무아트센터 대극장 | 위도:37.5660269214363, 경도:127.014809696157",,뮤지컬 · 충무아트센터 대극장,https://tickets.interpark.com//ticket.interpark.com/Tiki/Main/TiKiGoodsinfo.asp?GoodsCode=26007442,couple:1.0;date_spot:1.0;뮤지컬,2026-10-01 08:13:36,concert,,15.7,🎵 감성 가득한 무대와 음악을 즐기며 특별한 추억을 선사하는 낭만 공연,concert,concert,interpark,2026-11-01,interpark_booking_pct,capital
인터파크 | 뮤지컬,뮤지컬,뮤지컬 〈엠. 버터플라이〉,2026-09-22 ~ 2026-12-13,,"예스24스테이지 1관 | 위도:37.5827268419485, 경도:127.00326058167471",,뮤지컬 · 예스24스테이지 1관,https://tickets.interpark.com//ticket.interpark.com/Tiki/Main/TiKiGoodsinfo.asp?GoodsCode=26011453,couple:1.0;date_spot:1.0;뮤지컬,2026-10-01 08:13:36,concert,,13.1,🎵 감성 가득한 무대와 음악을 즐기며 특별한 추억을 선사하는 낭만 공연,concert,concert,interpark,2026-12-13,interpark_booking_pct,capital
인터파크 | 뮤지컬,뮤지컬,〈슬립노모어 서울〉 (Sleep No More Seoul),2025-07-24 ~ 2026-11-15,,"서울 중구 퇴계로 212 (필동2가) | 위도:37.5610813, 경도:126.9953564",,뮤지컬 · 매키탄 호텔 (The McKithan Hotel),https://tickets.interpark.com//ticket.interpark.com/Tiki/Main/TiKiGoodsinfo.asp?GoodsCode=25008376,couple:1.0;date_spot:1.0;뮤지컬,2026-10-01 08:13:36,concert,,6.1,🎵 감성 가득한 무대와 음악을 즐기며 특별한 추억을 선사하는 낭만 공연,concert,concert,interpark,2026-11-15,interpark_booking_pct,capital
인터파크 | 뮤지컬,뮤지컬,뮤지컬 〈팬레터〉 - 성남,2026-11-07 ~ 2026-11-08,,"성남아트센터 오페라하우스 | 위도:37.4029417297631, 경도:127.130540177642",,뮤지컬 · 성남아트센터 오페라하우스,https://tickets.interpark.com//ticket.interpark.com/Tiki/Main/TiKiGoodsinfo.asp?GoodsCode=26011738,couple:1.0;date_spot:1.0;뮤지컬,2026-10-01 08:13:36,concert,,5.6,🎵 감성 가득한 무대와 음악을 즐기며 특별한 추억을 선사하는 낭만 공연,concert,concert,interpark,2026-11-08,interpark_booking_pct,capital
인터파크 | 뮤지컬,뮤지컬,쇼뮤지컬 ［와일드 와일드］,2025-06-13 ~ 2026-10-31,,"서울 중구 마른내로 47 (초동) | 위도:37.564429, 경도:126.99300100000005",,뮤지컬 · 와일드 와일드 전용관 (명보아트홀),https://tickets.interpark.com//ticket.interpark.com/Tiki/Main/TiKiGoodsinfo.asp?GoodsCode=25006677,couple:1.0;date_spot:1.0;뮤지컬,2026-10-01 08:13:36,concert,,5.6,🎵 감성 가득한 무대와 음악을 즐기며 특별한 추억을 선사하는 낭만 공연,concert,concert,interpark,2026-10-31,interpark_booking_pct,capital
인터파크 | 뮤지컬,뮤지컬,뮤지컬 〈소년의 초상〉,2026-07-28 ~ 2026-10-18,,대학로 TOM(티오엠) 2관,,뮤지컬 · 대학로 TOM(티오엠) 2관,https://tickets.interpark.com//ticket.interpark.com/Tiki/Main/TiKiGoodsinfo.asp?GoodsCode=26008698,couple:1.0;date_spot:1.0;뮤지컬,2026-10-01 08:13:36,concert,,4.0,🎵 감성 가득한 무대와 음악을 즐기며 특별한 추억을 선사하는 낭만 공연,concert,concert,interpark,2026-10-18,interpark_booking_pct,capital
인터파크 | 뮤지컬,뮤지컬,뮤지컬 〈그날들〉 - 이천,2026-10-31 ~ 2026-11-01,,"경기 이천시 부악로 40 (중리동) | 위도:37.2711919, 경도:127.43434869999999",,뮤지컬 · 이천아트홀 대공연장,https://tickets.interpark.com//ticket.interpark.com/Tiki/Main/TiKiGoodsinfo.asp?GoodsCode=26011647,couple:1.0;date_spot:1.0;뮤지컬,2026-10-01 08:13:36,concert,,3.5,🎵 감성 가득한 무대와 음악을 즐기며 특별한 추억을 선사하는 낭만 공연,concert,concert,interpark,2026-11-01,interpark_booking_pct,capital
인터파크 | 뮤지컬,뮤지컬,뮤지컬 〈그날들〉 - 광주,2026-10-10 ~ 2026-10-11,,"광주예술의전당 대극장 | 위도:37.479446101344905, 경도:127.01375358339827",,뮤지컬 · 광주예술의전당 대극장,https://tickets.interpark.com//ticket.interpark.com/Tiki/Main/TiKiGoodsinfo.asp?GoodsCode=26011345,couple:1.0;date_spot:1.0;뮤지컬,2026-10-01 08:13:36,concert,,2.5,🎵 감성 가득한 무대와 음악을 즐기며 특별한 추억을 선사하는 낭만 공연,concert,concert,interpark,2026-10-11,interpark_booking_pct,capital
인터파크 | 뮤지컬,뮤지컬,난타(NANTA) - 명동공연,2022-07-08 ~ 2026-12-31,,"서울 중구 명동길 26 (명동2가) | 위도:37.5634096, 경도:126.98373689999994",,뮤지컬 · 명동난타극장,https://tickets.interpark.com//ticket.interpark.com/Tiki/Main/TiKiGoodsinfo.asp?GoodsCode=22006637,couple:1.0;date_spot:1.0;뮤지컬,2026-10-01 08:13:36,concert,,0.5,🎵 감성 가득한 무대와 음악을 즐기며 특별한 추억을 선사하는 낭만 공연,concert,concert,interpark,2026-12-31,interpark_booking_pct,capital
인터파크 | 뮤지컬,뮤지컬,뮤지컬 〈키키의 경계성 인격장애 다이어리〉,2026-07-30 ~ 2026-10-04,,"서울 종로구 동숭길 25 (동숭동) | 위도:37.5798541, 경도:127.0035752",,뮤지컬 · 대학로 SH아트홀,https://tickets.interpark.com//ticket.interpark.com/Tiki/Main/TiKiGoodsinfo.asp?GoodsCode=26008712,couple:1.0;date_spot:1.0;뮤지컬,2026-10-01 08:13:36,concert,,0.5,🎵 감성 가득한 무대와 음악을 즐기며 특별한 추억을 선사하는 낭만 공연,concert,concert,interpark,2026-10-04,interpark_booking_pct,capital
인터파크 | 뮤지컬,뮤지컬,뮤지컬 〈푸른 꽃〉,2026-08-13 ~ 2026-10-25,,"충무아트센터 중극장 블랙 | 위도:37.5660161094843, 경도:127.014809694016",,뮤지컬 · 충무아트센터 중극장 블랙,https://tickets.interpark.com//ticket.interpark.com/Tiki/Main/TiKiGoodsinfo.asp?GoodsCode=26009616,couple:1.0;date_spot:1.0;뮤지컬,2026-10-01 08:13:36,concert,,0.5,🎵 감성 가득한 무대와 음악을 즐기며 특별한 추억을 선사하는 낭만 공연,concert,concert,interpark,2026-10-25,interpark_booking_pct,capital
인터파크 | 뮤지컬,뮤지컬,뮤지컬 Club 〈설화〉,2026-05-14 ~ 2026-11-29,,"서울 종로구 대학로12길 69 (동숭동) | 위도:37.5809629, 경도:127.00394989999995",,뮤지컬 · 극장 온,https://tickets.interpark.com//ticket.interpark.com/Tiki/Main/TiKiGoodsinfo.asp?GoodsCode=26008571,couple:1.0;date_spot:1.0;뮤지컬,2026-10-01 08:13:36,concert,,0.5,🎵 감성 가득한 무대와 음악을 즐기며 특별한 추억을 선사하는 낭만 공연,concert,concert,interpark,2026-11-29,interpark_booking_pct,capital
인터파크 | 뮤지컬,뮤지컬,뮤지컬 〈브람스〉,2026-09-19 ~ 2026-10-25,,"KT&G 상상마당 대치아트홀 | 위도:37.5067600874053, 경도:127.065150015652",,뮤지컬 · KT&G 상상마당 대치아트홀,https://tickets.interpark.com//ticket.interpark.com/Tiki/Main/TiKiGoodsinfo.asp?GoodsCode=26012097,couple:1.0;date_spot:1.0;뮤지컬,2026-10-01 08:13:36,concert,,0.0,🎵 감성 가득한 무대와 음악을 즐기며 특별한 추억을 선사하는 낭만 공연,concert,concert,interpark,2026-10-25,interpark_booking_pct,capital
인터파크 | 뮤지컬,뮤지컬,최현우 19+I - 성남,2026-10-31 ~ 2026-11-01,,"성남아트센터 오페라하우스 | 위도:37.4029417297631, 경도:127.130540177642",,뮤지컬 · 성남아트센터 오페라하우스,https://tickets.interpark.com//ticket.interpark.com/Tiki/Main/TiKiGoodsinfo.asp?GoodsCode=26006583,couple:1.0;date_spot:1.0;뮤지컬,2026-10-01 08:13:36,concert,,0.0,🎵 감성 가득한 무대와 음악을 즐기며 특별한 추억을 선사하는 낭만 공연,concert,concert,interpark,2026-11-01,interpark_booking_pct,capital
인터파크 | 연극,연극,블랙코미디 최강자! 연극 〈죽여주는 이야기〉- 18주년,2008-05-15 ~ 2026-11-30,,"서울 종로구 동숭길 25 (동숭동) | 위도:37.5798541, 경도:127.0035752",,연극 · 지인시어터(구.알과핵소극장),https://tickets.interpark.com//ticket.interpark.com/Tiki/Main/TiKiGoodsinfo.asp?GoodsCode=26003518,couple:1.0;date_spot:1.0;연극,2026-10-01 08:13:36,concert,,16.7,🎵 감성 가득한 무대와 음악을 즐기며 특별한 추억을 선사하는 낭만 공연,concert,concert,interpark,2026-11-30,interpark_booking_pct,capital
인터파크 | 연극,연극,2026 예술의전당 토월정통연극 〈유리동물원〉,2026-10-17 ~ 2026-11-22,,"예술의전당 CJ 토월극장 | 위도:37.479031607194734, 경도:127.01400788796187",,연극 · 예술의전당 CJ 토월극장,https://tickets.interpark.com//ticket.interpark.com/Tiki/Main/TiKiGoodsinfo.asp?GoodsCode=26011438,couple:1.0;date_spot:1.0;연극,2026-10-01 08:13:36,concert,,15.2,🎵 감성 가득한 무대와 음악을 즐기며 특별한 추억을 선사하는 낭만 공연,concert,concert,interpark,2026-11-22,interpark_booking_pct,capital
인터파크 | 연극,연극,연극 〈꽃의 비밀〉,2026-09-12 ~ 2026-11-29,,"서울 종로구 대학로14길 29(혜화동) | 위도:37.5846899, 경도:127.0022947",,연극 · 링크아트센터 벅스홀,https://tickets.interpark.com//ticket.interpark.com/Tiki/Main/TiKiGoodsinfo.asp?GoodsCode=26011174,couple:1.0;date_spot:1.0;연극,2026-10-01 08:13:36,concert,,15.2,🎵 감성 가득한 무대와 음악을 즐기며 특별한 추억을 선사하는 낭만 공연,concert,concert,interpark,2026-11-29,interpark_booking_pct,capital
인터파크 | 연극,연극,연극 〈더 헬멧〉,2026-07-09 ~ 2026-10-11,,"서울 종로구 대학로 57 (연건동) | 위도:37.5769696, 경도:127.00203310000006",,연극 · 홍익대 대학로 아트센터 소극장,https://tickets.interpark.com//ticket.interpark.com/Tiki/Main/TiKiGoodsinfo.asp?GoodsCode=26007583,couple:1.0;date_spot:1.0;연극,2026-10-01 08:13:36,concert,,10.1,🎵 감성 가득한 무대와 음악을 즐기며 특별한 추억을 선사하는 낭만 공연,concert,concert,interpark,2026-10-11,interpark_booking_pct,capital
인터파크 | 연극,연극,연극 〈알테르 에고 Alter Ego(s)〉,2026-09-06 ~ 2026-11-22,,"예스24스테이지 3관 | 위도:37.5827268419485, 경도:127.00326058167471",,연극 · 예스24스테이지 3관,https://tickets.interpark.com//ticket.interpark.com/Tiki/Main/TiKiGoodsinfo.asp?GoodsCode=26010933,couple:1.0;date_spot:1.0;연극,2026-10-01 08:13:36,concert,,10.1,🎵 감성 가득한 무대와 음악을 즐기며 특별한 추억을 선사하는 낭만 공연,concert,concert,interpark,2026-11-22,interpark_booking_pct,capital
인터파크 | 연극,연극,2026연극 사랑해엄마,2026-05-01 ~ 2026-10-25,,"서울 종로구 대학로10길 26(동숭동) | 위도:37.5816067, 경도:127.0037204",,연극 · 대학로 아트하우스,https://tickets.interpark.com//ticket.interpark.com/Tiki/Main/TiKiGoodsinfo.asp?GoodsCode=26005154,couple:1.0;date_spot:1.0;연극,2026-10-01 08:13:36,concert,,9.6,🎵 감성 가득한 무대와 음악을 즐기며 특별한 추억을 선사하는 낭만 공연,concert,concert,interpark,2026-10-25,interpark_booking_pct,capital
인터파크 | 연극,연극,코믹추리스릴러 연극 〈행오버〉 - 12년째 공연 중,2014-09-11 ~ 2026-11-30,,"서울 종로구 대학로12길 69 (동숭동) | 위도:37.5818321, 경도:127.00342699999999",,연극 · 정극장,https://tickets.interpark.com//ticket.interpark.com/Tiki/Main/TiKiGoodsinfo.asp?GoodsCode=26002148,couple:1.0;date_spot:1.0;연극,2026-10-01 08:13:36,concert,,9.1,🎵 감성 가득한 무대와 음악을 즐기며 특별한 추억을 선사하는 낭만 공연,concert,concert,interpark,2026-11-30,interpark_booking_pct,capital
인터파크 | 연극,연극,음악극 〈섬: 1933~2019〉,2026-09-22 ~ 2026-11-22,,"국립정동극장 | 위도:37.5658589281598, 경도:126.972775755916",,연극 · 국립정동극장,https://tickets.interpark.com//ticket.interpark.com/Tiki/Main/TiKiGoodsinfo.asp?GoodsCode=26011828,couple:1.0;date_spot:1.0;연극,2026-10-01 08:13:36,concert,,9.1,🎵 감성 가득한 무대와 음악을 즐기며 특별한 추억을 선사하는 낭만 공연,concert,concert,interpark,2026-11-22,interpark_booking_pct,capital
인터파크 | 연극,연극,연극 〈마트로시카〉,2026-05-01 ~ 2027-01-03,,"서울 중구 마른내로 47 (초동) | 위도:37.564429, 경도:126.99300100000005",,연극 · 명보아트홀 3층 라온홀,https://tickets.interpark.com//ticket.interpark.com/Tiki/Main/TiKiGoodsinfo.asp?GoodsCode=26005602,couple:1.0;date_spot:1.0;연극,2026-10-01 08:13:36,concert,,4.5,🎵 감성 가득한 무대와 음악을 즐기며 특별한 추억을 선사하는 낭만 공연,concert,concert,interpark,2027-01-03,interpark_booking_pct,capital
인터파크 | 연극,연극,2026연극 서울의별,2026-07-31 ~ 2026-10-18,,"대학로 스타릿홀 | 위도:37.5809626889907, 경도:127.003520892269",,연극 · 대학로 스타릿홀,https://tickets.interpark.com//ticket.interpark.com/Tiki/Main/TiKiGoodsinfo.asp?GoodsCode=26010016,couple:1.0;date_spot:1.0;연극,2026-10-01 08:13:36,concert,,2.5,🎵 감성 가득한 무대와 음악을 즐기며 특별한 추억을 선사하는 낭만 공연,concert,concert,interpark,2026-10-18,interpark_booking_pct,capital
인터파크 | 연극,연극,연극 〈클로저〉,2026-09-15 ~ 2026-12-06,,"예스24스테이지 2관 | 위도:37.5827268419485, 경도:127.00326058167471",,연극 · 예스24스테이지 2관,https://tickets.interpark.com//ticket.interpark.com/Tiki/Main/TiKiGoodsinfo.asp?GoodsCode=26010918,couple:1.0;date_spot:1.0;연극,2026-10-01 08:13:36,concert,,1.5,🎵 감성 가득한 무대와 음악을 즐기며 특별한 추억을 선사하는 낭만 공연,concert,concert,interpark,2026-12-06,interpark_booking_pct,capital
인터파크 | 클래식/음악회,클래식/음악회,유니버설발레단 〈잠자는 숲속의 미녀〉,2026-10-02 ~ 2026-10-04,,"예술의전당 오페라극장 | 위도:37.4793614002782, 경도:127.013806705374",,클래식/음악회 · 예술의전당 오페라극장,https://tickets.interpark.com//ticket.interpark.com/Tiki/Main/TiKiGoodsinfo.asp?GoodsCode=26010622,couple:1.0;date_spot:1.0;클래식/음악회,2026-10-01 08:13:36,concert,,18.2,🎵 감성 가득한 무대와 음악을 즐기며 특별한 추억을 선사하는 낭만 공연,concert,concert,interpark,2026-10-04,interpark_booking_pct,capital
인터파크 | 클래식/음악회,클래식/음악회,피아니스트 임동혁과 함께하는 차이코프스키,2026-10-22 ~ 2026-10-22,,"예술의전당 콘서트홀 | 위도:37.47931116650964, 경도:127.01174677144716",,클래식/음악회 · 예술의전당 콘서트홀,https://tickets.interpark.com//ticket.interpark.com/Tiki/Main/TiKiGoodsinfo.asp?GoodsCode=26012258,couple:1.0;date_spot:1.0;클래식/음악회,2026-10-01 08:13:36,concert,,10.6,🎵 감성 가득한 무대와 음악을 즐기며 특별한 추억을 선사하는 낭만 공연,concert,concert,interpark,2026-10-22,interpark_booking_pct,capital
인터파크 | 클래식/음악회,클래식/음악회,지브리＆디즈니 오케스트라 콘서트 (10.4),2026-10-04 ~ 2026-10-04,,"롯데콘서트홀 | 위도:37.513989875871125, 경도:127.10500067293846",,클래식/음악회 · 롯데콘서트홀,https://tickets.interpark.com//ticket.interpark.com/Tiki/Main/TiKiGoodsinfo.asp?GoodsCode=26011233,couple:1.0;date_spot:1.0;클래식/음악회,2026-10-01 08:13:36,concert,,6.6,🎵 감성 가득한 무대와 음악을 즐기며 특별한 추억을 선사하는 낭만 공연,concert,concert,interpark,2026-10-04,interpark_booking_pct,capital
인터파크 | 클래식/음악회,클래식/음악회,국내 최초 〈인터스텔라 필름콘서트〉 한국 초연,2026-10-11 ~ 2026-10-11,,"서울 동대문구 경희대로 26 (회기동) | 위도:37.598682, 경도:127.052773",,클래식/음악회 · 경희대학교 평화의전당,https://tickets.interpark.com//ticket.interpark.com/Tiki/Main/TiKiGoodsinfo.asp?GoodsCode=26010025,couple:1.0;date_spot:1.0;클래식/음악회,2026-10-01 08:13:36,concert,,6.6,🎵 감성 가득한 무대와 음악을 즐기며 특별한 추억을 선사하는 낭만 공연,concert,concert,interpark,2026-10-11,interpark_booking_pct,capital
인터파크 | 클래식/음악회,클래식/음악회,디 오리지널 시리즈 2026 임동혁 X 오케스트라 디 오리지널 〈 리부트: 라흐마니노프 〉,2026-11-10 ~ 2026-11-10,,"예술의전당 콘서트홀 | 위도:37.47931116650964, 경도:127.01174677144716",,클래식/음악회 · 예술의전당 콘서트홀,https://tickets.interpark.com//ticket.interpark.com/Tiki/Main/TiKiGoodsinfo.asp?GoodsCode=26012173,couple:1.0;date_spot:1.0;클래식/음악회,2026-10-01 08:13:36,concert,,3.5,🎵 감성 가득한 무대와 음악을 즐기며 특별한 추억을 선사하는 낭만 공연,concert,concert,interpark,2026-11-10,interpark_booking_pct,capital
인터파크 | 클래식/음악회,클래식/음악회,지브리＆디즈니 영화음악 FESTA(10/3),2026-10-03 ~ 2026-10-03,,"롯데콘서트홀 | 위도:37.513989875871125, 경도:127.10500067293846",,클래식/음악회 · 롯데콘서트홀,https://tickets.interpark.com//ticket.interpark.com/Tiki/Main/TiKiGoodsinfo.asp?GoodsCode=26009493,couple:1.0;date_spot:1.0;클래식/음악회,2026-10-01 08:13:36,concert,,3.0,🎵 감성 가득한 무대와 음악을 즐기며 특별한 추억을 선사하는 낭만 공연,concert,concert,interpark,2026-10-03,interpark_booking_pct,capital
인터파크 | 클래식/음악회,클래식/음악회,나 홀로 집에 인 콘서트,2026-12-13 ~ 2026-12-13,,"예술의전당 콘서트홀 | 위도:37.47931116650964, 경도:127.01174677144716",,클래식/음악회 · 예술의전당 콘서트홀,https://tickets.interpark.com//ticket.interpark.com/Tiki/Main/TiKiGoodsinfo.asp?GoodsCode=26011322,couple:1.0;date_spot:1.0;클래식/음악회,2026-10-01 08:13:36,concert,,3.0,🎵 감성 가득한 무대와 음악을 즐기며 특별한 추억을 선사하는 낭만 공연,concert,concert,interpark,2026-12-13,interpark_booking_pct,capital
인터파크 | 클래식/음악회,클래식/음악회,대건챔버콰이어 창단 30주년 기념연주회,2026-10-23 ~ 2026-10-23,,"예술의전당 IBK기업은행챔버홀 | 위도:37.479446101344905, 경도:127.01375358339827",,클래식/음악회 · 예술의전당 IBK기업은행챔버홀,https://tickets.interpark.com//ticket.interpark.com/Tiki/Main/TiKiGoodsinfo.asp?GoodsCode=26012386,couple:1.0;date_spot:1.0;클래식/음악회,2026-10-01 08:13:36,concert,,2.5,🎵 감성 가득한 무대와 음악을 즐기며 특별한 추억을 선사하는 낭만 공연,concert,concert,interpark,2026-10-23,interpark_booking_pct,capital
인터파크 | 클래식/음악회,클래식/음악회,"멘델스존, 바흐를 만나다",2026-11-15 ~ 2026-11-15,,"예술의전당 IBK기업은행챔버홀 | 위도:37.479446101344905, 경도:127.01375358339827",,클래식/음악회 · 예술의전당 IBK기업은행챔버홀,https://tickets.interpark.com//ticket.interpark.com/Tiki/Main/TiKiGoodsinfo.asp?GoodsCode=26011676,couple:1.0;date_spot:1.0;클래식/음악회,2026-10-01 08:13:36,concert,,2.0,🎵 감성 가득한 무대와 음악을 즐기며 특별한 추억을 선사하는 낭만 공연,concert,concert,interpark,2026-11-15,interpark_booking_pct,capital
인터파크 | 클래식/음악회,클래식/음악회,재패니메이션 영화음악 콘서트: UNSTOPPABLE - 대전,2026-10-31 ~ 2026-10-31,,충남대학교 정심화홀,,클래식/음악회 · 충남대학교 정심화홀,https://tickets.interpark.com//ticket.interpark.com/Tiki/Main/TiKiGoodsinfo.asp?GoodsCode=26010907,couple:1.0;date_spot:1.0;클래식/음악회,2026-10-01 08:13:36,concert,,1.5,🎵 감성 가득한 무대와 음악을 즐기며 특별한 추억을 선사하는 낭만 공연,concert,concert,interpark,2026-10-31,interpark_booking_pct,unknown
인터파크 | 클래식/음악회,클래식/음악회,국립오페라단 정기공연 오페라 〈돈 카를로스〉,2026-12-03 ~ 2026-12-06,,"예술의전당 오페라극장 | 위도:37.4793614002782, 경도:127.013806705374",,클래식/음악회 · 예술의전당 오페라극장,https://tickets.interpark.com//ticket.interpark.com/Tiki/Main/TiKiGoodsinfo.asp?GoodsCode=26001653,couple:1.0;date_spot:1.0;클래식/음악회,2026-10-01 08:13:36,concert,,1.0,🎵 감성 가득한 무대와 음악을 즐기며 특별한 추억을 선사하는 낭만 공연,concert,concert,interpark,2026-12-06,interpark_booking_pct,capital
인터파크 | 클래식/음악회,클래식/음악회,지브리＆디즈니 영화음악 오케스트라 콘서트 - 2026 고양 앙코르,2026-11-08 ~ 2026-11-08,,"경기 고양시 일산동구 중앙로 1286 (마두동) 고양아람누리 | 위도:37.6614074, 경도:126.77433789999998",,클래식/음악회 · 고양아람누리 아람음악당,https://tickets.interpark.com//ticket.interpark.com/Tiki/Main/TiKiGoodsinfo.asp?GoodsCode=26008470,couple:1.0;date_spot:1.0;클래식/음악회,2026-10-01 08:13:36,concert,,1.0,🎵 감성 가득한 무대와 음악을 즐기며 특별한 추억을 선사하는 낭만 공연,concert,concert,interpark,2026-11-08,interpark_booking_pct,capital
인터파크 | 클래식/음악회,클래식/음악회,크리스마스 영화음악＆캐롤 FESTA -부산,2026-12-13 ~ 2026-12-13,,"부산콘서트홀 콘서트홀 | 위도:37.513989875871125, 경도:127.10500067293846",,클래식/음악회 · 부산콘서트홀 콘서트홀,https://tickets.interpark.com//ticket.interpark.com/Tiki/Main/TiKiGoodsinfo.asp?GoodsCode=26011732,couple:1.0;date_spot:1.0;클래식/음악회,2026-10-01 08:13:36,concert,,1.0,🎵 감성 가득한 무대와 음악을 즐기며 특별한 추억을 선사하는 낭만 공연,concert,concert,interpark,2026-12-13,interpark_booking_pct,capital
인터파크 | 클래식/음악회,클래식/음악회,국립오페라단 정기공연 오페라 〈라인의 황금〉,2026-10-29 ~ 2026-11-01,,"예술의전당 오페라극장 | 위도:37.4793614002782, 경도:127.013806705374",,클래식/음악회 · 예술의전당 오페라극장,https://tickets.interpark.com//ticket.interpark.com/Tiki/Main/TiKiGoodsinfo.asp?GoodsCode=26001652,couple:1.0;date_spot:1.0;클래식/음악회,2026-10-01 08:13:36,concert,,1.0,🎵 감성 가득한 무대와 음악을 즐기며 특별한 추억을 선사하는 낭만 공연,concert,concert,interpark,2026-11-01,interpark_booking_pct,capital
인터파크 | 클래식/음악회,클래식/음악회,국립현대무용단 〈트리플 빌〉,2026-10-02 ~ 2026-10-04,,"예술의전당 CJ 토월극장 | 위도:37.479031607194734, 경도:127.01400788796187",,클래식/음악회 · 예술의전당 CJ 토월극장,https://tickets.interpark.com//ticket.interpark.com/Tiki/Main/TiKiGoodsinfo.asp?GoodsCode=26011220,couple:1.0;date_spot:1.0;클래식/음악회,2026-10-01 08:13:36,concert,,1.0,🎵 감성 가득한 무대와 음악을 즐기며 특별한 추억을 선사하는 낭만 공연,concert,concert,interpark,2026-10-04,interpark_booking_pct,capital
인터파크 | 클래식/음악회,클래식/음악회,히사이시 조 영화음악 콘서트 2026_서울 파이널,2026-11-14 ~ 2026-11-14,,"롯데콘서트홀 | 위도:37.513989875871125, 경도:127.10500067293846",,클래식/음악회 · 롯데콘서트홀,https://tickets.interpark.com//ticket.interpark.com/Tiki/Main/TiKiGoodsinfo.asp?GoodsCode=26012030,couple:1.0;date_spot:1.0;클래식/음악회,2026-10-01 08:13:36,concert,,0.5,🎵 감성 가득한 무대와 음악을 즐기며 특별한 추억을 선사하는 낭만 공연,concert,concert,interpark,2026-11-14,interpark_booking_pct,capital
인터파크 | 전시/행사,전시/행사,［얼리버드］ 스페인 미술 500년: 빛과 어둠의 연대기,2026-09-22 ~ 2026-11-29,,"예술의전당 한가람디자인미술관 | 위도:37.4798913174868, 경도:127.012703344017",,전시/행사 · 예술의전당 한가람디자인미술관,https://tickets.interpark.com//ticket.interpark.com/Tiki/Main/TiKiGoodsinfo.asp?GoodsCode=26010709,couple:1.0;date_spot:1.0;전시/행사,2026-10-01 08:13:36,exhibition,,100.0,🖼️ 예쁜 전시와 작품을 보며 이야기를 나누고 인생샷을 남기기 좋은 데이트 추천,exhibition,exhibition,interpark,2026-11-29,interpark_booking_pct,capital
인터파크 | 전시/행사,전시/행사,［얼리버드］ 브래드 월스 사진전,2026-09-11 ~ 2027-03-01,,그라운드시소 용산,,전시/행사 · 그라운드시소 용산,https://tickets.interpark.com//ticket.interpark.com/Tiki/Main/TiKiGoodsinfo.asp?GoodsCode=26010389,couple:1.0;date_spot:1.0;전시/행사,2026-10-01 08:13:36,exhibition,,21.7,🖼️ 예쁜 전시와 작품을 보며 이야기를 나누고 인생샷을 남기기 좋은 데이트 추천,exhibition,exhibition,interpark,2027-03-01,interpark_booking_pct,unknown
인터파크 | 전시/행사,전시/행사,윤형근의 집 Yun Hyong-keun House,2026-09-01 ~ 2026-10-17,,윤형근의 집,,전시/행사 · 윤형근의 집,https://tickets.interpark.com//ticket.interpark.com/Tiki/Main/TiKiGoodsinfo.asp?GoodsCode=26012184,couple:1.0;date_spot:1.0;전시/행사,2026-10-01 08:13:36,exhibition,,8.6,🖼️ 예쁜 전시와 작품을 보며 이야기를 나누고 인생샷을 남기기 좋은 데이트 추천,exhibition,exhibition,interpark,2026-10-17,interpark_booking_pct,unknown
인터파크 | 전시/행사,전시/행사,［청주］ 앙리마티스와 파리의 화가들,2026-07-16 ~ 2026-10-25,,"문화제조창 본관 3층 한국공예관 갤러리 3,5관",,"전시/행사 · 문화제조창 본관 3층 한국공예관 갤러리 3,5관",https://tickets.interpark.com//ticket.interpark.com/Tiki/Main/TiKiGoodsinfo.asp?GoodsCode=26008108,couple:1.0;date_spot:1.0;전시/행사,2026-10-01 08:13:36,exhibition,,5.6,🖼️ 예쁜 전시와 작품을 보며 이야기를 나누고 인생샷을 남기기 좋은 데이트 추천,exhibition,exhibition,interpark,2026-10-25,interpark_booking_pct,unknown
인터파크 | 전시/행사,전시/행사,［여름특가 30% 할인］ 와일드스미스 그림책 원화展,2026-07-07 ~ 2026-10-16,,"예술의전당 서예박물관 | 위도:37.479446101344905, 경도:127.01375358339827",,전시/행사 · 예술의전당 서예박물관,https://tickets.interpark.com//ticket.interpark.com/Tiki/Main/TiKiGoodsinfo.asp?GoodsCode=26009680,couple:1.0;date_spot:1.0;전시/행사,2026-10-01 08:13:36,exhibition,,4.5,🖼️ 예쁜 전시와 작품을 보며 이야기를 나누고 인생샷을 남기기 좋은 데이트 추천,exhibition,exhibition,interpark,2026-10-16,interpark_booking_pct,capital
인터파크 | 전시/행사,전시/행사,［얼리버드］ 현대카드 컬처프로젝트31 웨인티보 전,2026-09-19 ~ 2026-12-18,,"동대문디자인플라자 뮤지엄 | 위도:37.5668455727737, 경도:127.009495559531",,전시/행사 · 동대문디자인플라자 뮤지엄,https://tickets.interpark.com//ticket.interpark.com/Tiki/Main/TiKiGoodsinfo.asp?GoodsCode=26010009,couple:1.0;date_spot:1.0;전시/행사,2026-10-01 08:13:36,exhibition,,4.5,🖼️ 예쁜 전시와 작품을 보며 이야기를 나누고 인생샷을 남기기 좋은 데이트 추천,exhibition,exhibition,interpark,2026-12-18,interpark_booking_pct,capital
인터파크 | 전시/행사,전시/행사,［뱅크시특별전］ 뱅크시 : Still Here,2026-07-22 ~ 2026-11-03,,더현대서울 6층 ALT.1,,전시/행사 · 더현대서울 6층 ALT.1,https://tickets.interpark.com//ticket.interpark.com/Tiki/Main/TiKiGoodsinfo.asp?GoodsCode=26010707,couple:1.0;date_spot:1.0;전시/행사,2026-10-01 08:13:36,exhibition,,3.0,🖼️ 예쁜 전시와 작품을 보며 이야기를 나누고 인생샷을 남기기 좋은 데이트 추천,exhibition,exhibition,interpark,2026-11-03,interpark_booking_pct,capital
인터파크 | 전시/행사,전시/행사,［개막특가］ 조은 원화전: 오늘의 정원,2026-07-17 ~ 2026-11-29,,그라운드시소 이스트,,전시/행사 · 그라운드시소 이스트,https://tickets.interpark.com//ticket.interpark.com/Tiki/Main/TiKiGoodsinfo.asp?GoodsCode=26010388,couple:1.0;date_spot:1.0;전시/행사,2026-10-01 08:13:36,exhibition,,2.5,🖼️ 예쁜 전시와 작품을 보며 이야기를 나누고 인생샷을 남기기 좋은 데이트 추천,exhibition,exhibition,interpark,2026-11-29,interpark_booking_pct,unknown
인터파크 | 전시/행사,전시/행사,"［얼리버드40%할인］ 봉주르, 장자크 상페",2026-09-10 ~ 2026-10-18,,"마이아트뮤지엄 원그로브점 | 위도:37.507587841577454, 경도:127.06057692858644",,전시/행사 · 마이아트뮤지엄 원그로브점,https://tickets.interpark.com//ticket.interpark.com/Tiki/Main/TiKiGoodsinfo.asp?GoodsCode=26010702,couple:1.0;date_spot:1.0;전시/행사,2026-10-01 08:13:36,exhibition,,2.0,🖼️ 예쁜 전시와 작품을 보며 이야기를 나누고 인생샷을 남기기 좋은 데이트 추천,exhibition,exhibition,interpark,2026-10-18,interpark_booking_pct,capital
인터파크 | 전시/행사,전시/행사,내셔널지오그래픽 특별기획 OCEAN 가장 거대한 기록,2026-06-06 ~ 2026-10-11,,"충무아트센터 갤러리 | 위도:37.565941329222, 경도:127.01479043704212",,전시/행사 · 충무아트센터 갤러리,https://tickets.interpark.com//ticket.interpark.com/Tiki/Main/TiKiGoodsinfo.asp?GoodsCode=26007353,couple:1.0;date_spot:1.0;전시/행사,2026-10-01 08:13:36,exhibition,,2.0,🖼️ 예쁜 전시와 작품을 보며 이야기를 나누고 인생샷을 남기기 좋은 데이트 추천,exhibition,exhibition,interpark,2026-10-11,interpark_booking_pct,capital
인터파크 | 전시/행사,전시/행사,［북촌］ 2026년 9월~10월_어둠속의대화(DIALOGUE IN THE DARK),2010-01-20 ~ 2026-10-31,,북촌 어둠속의대화,,전시/행사 · 북촌 어둠속의대화,https://tickets.interpark.com//ticket.interpark.com/Tiki/Main/TiKiGoodsinfo.asp?GoodsCode=26010732,couple:1.0;date_spot:1.0;전시/행사,2026-10-01 08:13:36,exhibition,,1.5,🖼️ 예쁜 전시와 작품을 보며 이야기를 나누고 인생샷을 남기기 좋은 데이트 추천,exhibition,exhibition,interpark,2026-10-31,interpark_booking_pct,unknown
인터파크 | 전시/행사,전시/행사,［사전예매］ 제16회 광주비엔날레,2026-09-05 ~ 2026-11-15,,광주비엔날레 전시관,,전시/행사 · 광주비엔날레 전시관,https://tickets.interpark.com//ticket.interpark.com/Tiki/Main/TiKiGoodsinfo.asp?GoodsCode=26007603,couple:1.0;date_spot:1.0;전시/행사,2026-10-01 08:13:36,exhibition,,1.0,🖼️ 예쁜 전시와 작품을 보며 이야기를 나누고 인생샷을 남기기 좋은 데이트 추천,exhibition,exhibition,interpark,2026-11-15,interpark_booking_pct,unknown
인터파크 | 전시/행사,전시/행사,2026 상상톡톡미술관 기획전시 〈빠씨를 찾아서〉,2026-07-11 ~ 2026-10-25,,"꿈의숲_상상톡톡미술관 | 위도:37.6225163748567, 경도:127.041390667983",,전시/행사 · 꿈의숲_상상톡톡미술관,https://tickets.interpark.com//ticket.interpark.com/Tiki/Main/TiKiGoodsinfo.asp?GoodsCode=P0004726,couple:1.0;date_spot:1.0;전시/행사,2026-10-01 08:13:36,exhibition,,1.0,🖼️ 예쁜 전시와 작품을 보며 이야기를 나누고 인생샷을 남기기 좋은 데이트 추천,exhibition,exhibition,interpark,2026-10-25,interpark_booking_pct,capital
인터파크 | 전시/행사,전시/행사,대전 국제 와인 EXPO 2026 입장권,2026-11-06 ~ 2026-11-08,,대전컨벤션센터 제2전시장,,전시/행사 · 대전컨벤션센터 제2전시장,https://tickets.interpark.com//ticket.interpark.com/Tiki/Main/TiKiGoodsinfo.asp?GoodsCode=26009667,couple:1.0;date_spot:1.0;전시/행사,2026-10-01 08:13:36,exhibition,,1.0,🖼️ 예쁜 전시와 작품을 보며 이야기를 나누고 인생샷을 남기기 좋은 데이트 추천,exhibition,exhibition,interpark,2026-11-08,interpark_booking_pct,unknown
인터파크 | 전시/행사,전시/행사,［얼리버드］PEACH-PIT 25주년 기념 특별전,2026-10-24 ~ 2026-11-29,,대원뮤지엄 팝콘D스퀘어,,전시/행사 · 대원뮤지엄 팝콘D스퀘어,https://tickets.interpark.com//ticket.interpark.com/Tiki/Main/TiKiGoodsinfo.asp?GoodsCode=26011993,couple:1.0;date_spot:1.0;전시/행사,2026-10-01 08:13:36,exhibition,,0.5,🖼️ 예쁜 전시와 작품을 보며 이야기를 나누고 인생샷을 남기기 좋은 데이트 추천,exhibition,exhibition,interpark,2026-11-29,interpark_booking_pct,unknown
인터파크 | 전시/행사,전시/행사,［상시관람］ 진격의 거인展 FINAL,2026-06-22 ~ 2026-11-01,,DUEX(덕스)홍대,,전시/행사 · DUEX(덕스)홍대,https://tickets.interpark.com//ticket.interpark.com/Tiki/Main/TiKiGoodsinfo.asp?GoodsCode=26007894,couple:1.0;date_spot:1.0;전시/행사,2026-10-01 08:13:36,exhibition,,0.5,🖼️ 예쁜 전시와 작품을 보며 이야기를 나누고 인생샷을 남기기 좋은 데이트 추천,exhibition,exhibition,interpark,2026-11-01,interpark_booking_pct,capital
인터파크 | 전시/행사,전시/행사,자비 솔라 특별전,2026-07-10 ~ 2026-10-17,,"예술의전당 서예박물관 | 위도:37.479446101344905, 경도:127.01375358339827",,전시/행사 · 예술의전당 서예박물관,https://tickets.interpark.com//ticket.interpark.com/Tiki/Main/TiKiGoodsinfo.asp?GoodsCode=26009895,couple:1.0;date_spot:1.0;전시/행사,2026-10-01 08:13:36,exhibition,,0.0,🖼️ 예쁜 전시와 작품을 보며 이야기를 나누고 인생샷을 남기기 좋은 데이트 추천,exhibition,exhibition,interpark,2026-10-17,interpark_booking_pct,capital
서울시 문화행사 | 콘서트,콘서트,"2026 카즈미 타테이시 트리오 내한공연-크리스마스, 재즈를 만나다-(서울)",2026-12-24 ~ 2026-12-24,,"서울 강동구 | 위도:37.5513053959305, 경도:127.157225258193",,콘서트 · 강동아트센터 대극장 한강,https://culture.seoul.go.kr/culture/culture/cultureEvent/view.do?cultcode=158770&menuNo=200008,couple:1.0;date_spot:1.0;콘서트,2026-10-01 08:13:36,concert,,40.0,🎵 감성 가득한 무대와 음악을 즐기며 특별한 추억을 선사하는 낭만 공연,concert,concert,culture_seoul,2026-12-24,seoul_culture_popularity,capital
서울시 문화행사 | 콘서트,콘서트,"2026 카즈미 타테이시 트리오 내한공연-지브리, 재즈를 만나다-(서울)",2026-12-22 ~ 2026-12-22,,"서울 영등포구 | 위도:37.52620290196588, 경도:126.90011827359992",,콘서트 · 영등포아트홀,https://culture.seoul.go.kr/culture/culture/cultureEvent/view.do?cultcode=158691&menuNo=200008,couple:1.0;date_spot:1.0;콘서트,2026-10-01 08:13:36,concert,,70.7,🎵 감성 가득한 무대와 음악을 즐기며 특별한 추억을 선사하는 낭만 공연,concert,concert,culture_seoul,2026-12-22,seoul_culture_popularity,capital
서울시 문화행사 | 연극,연극,[마포문화재단] 체홉 4대 장막 낭독극 [공놀이클럽의 사계절 체홉: 갈매기],2026-11-29 ~ 2026-11-29,,"서울 마포구 | 위도:37.54993450086795, 경도:126.94560157555075",,연극 · 마포아트센터 아트홀맥,https://culture.seoul.go.kr/culture/culture/cultureEvent/view.do?cultcode=158955&menuNo=200008,couple:1.0;date_spot:1.0;연극,2026-10-01 08:13:36,concert,,68.0,🎵 감성 가득한 무대와 음악을 즐기며 특별한 추억을 선사하는 낭만 공연,concert,concert,culture_seoul,2026-11-29,seoul_culture_popularity,capital
서울시 문화행사 | 전시/미술,전시/미술,파인캐릭터 2026 (FineCharacter 2026),2026-11-27 ~ 2026-11-29,,"서울 중구 | 위도:37.5680445876689, 경도:127.010890355484",,전시/미술 · 동대문디자인플라자(DDP) 쇼룸 1층 (서울 중구 을지로 281),https://culture.seoul.go.kr/culture/culture/cultureEvent/view.do?cultcode=158731&menuNo=200009,couple:1.0;date_spot:1.0;전시/미술,2026-10-01 08:13:36,exhibition,,,🖼️ 예쁜 전시와 작품을 보며 이야기를 나누고 인생샷을 남기기 좋은 데이트 추천,exhibition,exhibition,culture_seoul,2026-11-29,,capital
서울시 문화행사 | 클래식,클래식,[마포문화재단] 제11회 M 클래식 축제 [뮤라벨 콘서트],2026-10-28 ~ 2026-10-28,,"서울 마포구 | 위도:37.549936765090735, 경도:126.94562703603319",,클래식 · 마포아트센터 플레이맥,https://culture.seoul.go.kr/culture/culture/cultureEvent/view.do?cultcode=158566&menuNo=200008,couple:1.0;date_spot:1.0;클래식,2026-10-01 08:13:36,concert,,16.0,🎵 감성 가득한 무대와 음악을 즐기며 특별한 추억을 선사하는 낭만 공연,concert,concert,culture_seoul,2026-10-28,seoul_culture_popularity,capital
서울시 문화행사 | 콘서트,콘서트,[꿈의숲아트센터] 꿈의숲 마티네 콘서트 [벨에포크 아트&뮤직] 시리즈3,2026-10-28 ~ 2026-10-28,,"서울 강북구 | 위도:37.6225163748567, 경도:127.041390667983",,콘서트 · 북서울꿈의숲 상상톡톡미술관,https://culture.seoul.go.kr/culture/culture/cultureEvent/view.do?cultcode=158447&menuNo=200008,couple:1.0;date_spot:1.0;콘서트,2026-10-01 08:13:36,concert,,44.0,🎵 감성 가득한 무대와 음악을 즐기며 특별한 추억을 선사하는 낭만 공연,concert,concert,culture_seoul,2026-10-28,seoul_culture_popularity,capital
서울시 문화행사 | 연극,연극,"[서초문화재단] 2026 서울어텀페스타 선정작 [숨비소리, 해녀들의 노래]",2026-10-26 ~ 2026-11-09,,"서울 서초구 | 위도:37.47922934925952, 경도:127.00983494258557",,연극 · 서리풀아트스튜디오,https://culture.seoul.go.kr/culture/culture/cultureEvent/view.do?cultcode=159097&menuNo=200008,couple:1.0;date_spot:1.0;연극,2026-10-01 08:13:36,concert,,13.3,🎵 감성 가득한 무대와 음악을 즐기며 특별한 추억을 선사하는 낭만 공연,concert,concert,culture_seoul,2026-11-09,seoul_culture_popularity,capital
서울시 문화행사 | 축제-문화/예술,축제-문화/예술,"[종로문화재단] 2026 윤동주문학제 [동주의 한글, 별이 되다]",2026-10-17 ~ 2026-10-18,,"서울 종로구 | 위도:37.5802887643268, 경도:127.002825745303",,"축제-문화/예술 · 종로구, 마로니에공원, 윤동주문학관 일대",https://culture.seoul.go.kr/culture/culture/cultureEvent/view.do?cultcode=159107&menuNo=200010,couple:1.0;date_spot:1.0;축제-문화/예술,2026-10-01 08:13:36,concert,,,🎉 활기찬 분위기 속에서 연인과 생생한 축제 이벤트를 함께 즐기는 핫플레이스,concert,concert,culture_seoul,2026-10-18,,capital
서울시 문화행사 | 콘서트,콘서트,[마포문화재단] 2026 [인디스커버리 : FESTA] TRACK 02,2026-10-17 ~ 2026-10-17,,"서울 마포구 | 위도:37.54993450086795, 경도:126.94560157555075",,콘서트 · 마포아트센터 아트홀맥,https://culture.seoul.go.kr/culture/culture/cultureEvent/view.do?cultcode=158484&menuNo=200008,couple:1.0;date_spot:1.0;콘서트,2026-10-01 08:13:36,concert,,68.0,🎵 감성 가득한 무대와 음악을 즐기며 특별한 추억을 선사하는 낭만 공연,concert,concert,culture_seoul,2026-10-17,seoul_culture_popularity,capital
서울시 문화행사 | 콘서트,콘서트,[마포문화재단] 2026 [인디스커버리 : FESTA] TRACK 01,2026-10-16 ~ 2026-10-16,,"서울 마포구 | 위도:37.54993450086795, 경도:126.94560157555075",,콘서트 · 마포아트센터 아트홀맥,https://culture.seoul.go.kr/culture/culture/cultureEvent/view.do?cultcode=158483&menuNo=200008,couple:1.0;date_spot:1.0;콘서트,2026-10-01 08:13:36,concert,,68.0,🎵 감성 가득한 무대와 음악을 즐기며 특별한 추억을 선사하는 낭만 공연,concert,concert,culture_seoul,2026-10-16,seoul_culture_popularity,capital
서울시 문화행사 | 클래식,클래식,[영등포문화재단] 마티네콘서트 With 금난새 #3.베버,2026-10-15 ~ 2026-10-15,,"서울 영등포구 | 위도:37.52620290196588, 경도:126.90011827359992",,클래식 · 영등포아트홀,https://culture.seoul.go.kr/culture/culture/cultureEvent/view.do?cultcode=157909&menuNo=200008,couple:1.0;date_spot:1.0;클래식,2026-10-01 08:13:36,concert,,70.7,🎵 감성 가득한 무대와 음악을 즐기며 특별한 추억을 선사하는 낭만 공연,concert,concert,culture_seoul,2026-10-15,seoul_culture_popularity,capital
서울시 문화행사 | 연극,연극,[마포문화재단] 2026 M 초이스 연극 [욕망이라는 이름의 전차],2026-10-08 ~ 2026-10-11,,"서울 마포구 | 위도:37.54993450086795, 경도:126.94560157555075",,연극 · 마포아트센터 아트홀맥,https://culture.seoul.go.kr/culture/culture/cultureEvent/view.do?cultcode=159122&menuNo=200008,couple:1.0;date_spot:1.0;연극,2026-10-01 08:13:36,concert,,68.0,🎵 감성 가득한 무대와 음악을 즐기며 특별한 추억을 선사하는 낭만 공연,concert,concert,culture_seoul,2026-10-11,seoul_culture_popularity,capital
서울시 문화행사 | 무용,무용,국립무용단 [더블빌:시나위],2026-10-08 ~ 2026-10-11,,"서울 중구 | 위도:37.5523399024517, 경도:126.999728395216",,무용 · 국립극장 해오름극장,https://culture.seoul.go.kr/culture/culture/cultureEvent/view.do?cultcode=158998&menuNo=200008,couple:1.0;date_spot:1.0;무용,2026-10-01 08:13:36,concert,,88.0,💑 연인과 함께 둘만의 소중한 주말 추억을 나누기 좋은 맞춤형 추천 장소,concert,concert,culture_seoul,2026-10-11,seoul_culture_popularity,capital
서울시 문화행사 | 축제-시민화합,축제-시민화합,2026년 중증장애인생산품박람회,2026-10-06 ~ 2026-10-07,,"서울 서초구 | 위도:37.46810567643863, 경도:127.03924802821535",,축제-시민화합 · 서울 aT센터 1전시장,https://culture.seoul.go.kr/culture/culture/cultureEvent/view.do?cultcode=158996&menuNo=200010,couple:1.0;date_spot:1.0;축제-시민화합,2026-10-01 08:13:36,concert,,,🎉 활기찬 분위기 속에서 연인과 생생한 축제 이벤트를 함께 즐기는 핫플레이스,concert,concert,culture_seoul,2026-10-07,,capital
서울시 문화행사 | 클래식,클래식,비올리스트 강동엽 보웬 전곡 시리즈 II - The English Rachmaninoff,2026-10-02 ~ 2026-10-02,,"서울 서초구 | 위도:37.4792319150666, 경도:127.011364621935",,클래식 · 예술의전당 리사이틀홀,https://culture.seoul.go.kr/culture/culture/cultureEvent/view.do?cultcode=159128&menuNo=200008,couple:1.0;date_spot:1.0;클래식,2026-10-01 08:13:36,concert,,32.0,🎵 감성 가득한 무대와 음악을 즐기며 특별한 추억을 선사하는 낭만 공연,concert,concert,culture_seoul,2026-10-02,seoul_culture_popularity,capital
서울시 문화행사 | 축제-문화/예술,축제-문화/예술,2026 인사동 엔틱&아트페어,2026-10-01 ~ 2026-10-04,,"서울 종로구 | 위도:37.5739088673687, 경도:126.985496650639",,"축제-문화/예술 · 인사아트프라자, 안녕인사동 및 인사동 문화지구 전 지역",https://culture.seoul.go.kr/culture/culture/cultureEvent/view.do?cultcode=159036&menuNo=200010,couple:1.0;date_spot:1.0;축제-문화/예술,2026-10-01 08:13:36,concert,,,🎉 활기찬 분위기 속에서 연인과 생생한 축제 이벤트를 함께 즐기는 핫플레이스,concert,concert,culture_seoul,2026-10-04,,capital
서울시 문화행사 | 국악,국악,수림뉴웨이브 2026 - 이재하 [현금제: 이중번역 (二重飜譯)],2026-10-01 ~ 2026-10-01,,"서울 동대문구 | 위도:37.5906929042958, 경도:127.042826868711",,국악 · 수림문화재단 김희수SPACE1,https://culture.seoul.go.kr/culture/culture/cultureEvent/view.do?cultcode=159094&menuNo=200008,couple:1.0;date_spot:1.0;국악,2026-10-01 08:13:36,concert,,,🎵 감성 가득한 무대와 음악을 즐기며 특별한 추억을 선사하는 낭만 공연,concert,concert,culture_seoul,2026-10-01,,capital
서울시 문화행사 | 축제-문화/예술,축제-문화/예술,2026 서울어텀페스타,2026-09-18 ~ 2026-11-29,,"서울 광진구 | 위도:37.51081992690844, 경도:126.99716104081192",,"축제-문화/예술 · 서울 전역의 실내외 공연장, 한강공원 일대, 서울문화재단 대학로센터 등",https://culture.seoul.go.kr/culture/culture/cultureEvent/view.do?cultcode=159120&menuNo=200010,couple:1.0;date_spot:1.0;축제-문화/예술,2026-10-01 08:13:36,concert,,0.0,🎉 활기찬 분위기 속에서 연인과 생생한 축제 이벤트를 함께 즐기는 핫플레이스,concert,concert,culture_seoul,2026-11-29,seoul_culture_popularity,capital
서울시 문화행사 | 뮤지컬/오페라,뮤지컬/오페라,라이브 퀘스트 뮤지컬 [코드네임X],2026-09-12 ~ 2026-10-18,,"서울 용산구 | 위도:37.524286182340816, 경도:126.97838383237183",,뮤지컬/오페라 · 국립중앙박물관 극장 용,https://culture.seoul.go.kr/culture/culture/cultureEvent/view.do?cultcode=159103&menuNo=200008,couple:1.0;date_spot:1.0;뮤지컬/오페라,2026-10-01 08:13:36,concert,,72.0,🎵 감성 가득한 무대와 음악을 즐기며 특별한 추억을 선사하는 낭만 공연,concert,concert,culture_seoul,2026-10-18,seoul_culture_popularity,capital
서울시 문화행사 | 연극,연극,[세종문화회관] 26세종시즌 [스미레 미용실],2026-09-12 ~ 2026-10-03,,서울 종로구,,연극 · 세종M씨어터,https://culture.seoul.go.kr/culture/culture/cultureEvent/view.do?cultcode=159055&menuNo=200008,couple:1.0;date_spot:1.0;연극,2026-10-01 08:13:36,concert,,32.0,🎵 감성 가득한 무대와 음악을 즐기며 특별한 추억을 선사하는 낭만 공연,concert,concert,culture_seoul,2026-10-03,seoul_culture_popularity,capital
서울시 문화행사 | 교육/체험,교육/체험,[청계천박물관] 2026년 하반기 초등 특수학급 교육 [오감으로 만지는 청계천이야기],2026-09-11 ~ 2026-10-23,,"서울 성동구 | 위도:37.5712661734969, 경도:127.03504316401",,교육/체험 · 청계천박물관(서울특별시 성동구 청계천로 530),https://culture.seoul.go.kr/culture/culture/cultureEvent/view.do?cultcode=159051&menuNo=200011,couple:1.0;date_spot:1.0;교육/체험,2026-10-01 08:13:36,concert,,,💑 연인과 함께 둘만의 소중한 주말 추억을 나누기 좋은 맞춤형 추천 장소,concert,concert,culture_seoul,2026-10-23,,capital
서울시 문화행사 | 교육/체험,교육/체험,[성북문화재단] 2026 성북축제학교 [지음·이음·다음],2026-09-09 ~ 2026-11-04,,"서울 성북구 | 위도:37.60628760299, 경도:127.058767864506",,교육/체험 · 돌곶이생활예술문화센터,https://culture.seoul.go.kr/culture/culture/cultureEvent/view.do?cultcode=159085&menuNo=200011,couple:1.0;date_spot:1.0;교육/체험,2026-10-01 08:13:36,concert,,12.0,💑 연인과 함께 둘만의 소중한 주말 추억을 나누기 좋은 맞춤형 추천 장소,concert,concert,culture_seoul,2026-11-04,seoul_culture_popularity,capital
서울시 문화행사 | 교육/체험,교육/체험,"[청계천박물관] 2026년 하반기 초등4~6학년 학급단체 교육 [졸졸졸 개천, 콸콸콸 준천]",2026-09-02 ~ 2026-10-28,,"서울 성동구 | 위도:37.5712661734969, 경도:127.03504316401",,교육/체험 · 청계천박물관(서울특별시 성동구 청계천로 530),https://culture.seoul.go.kr/culture/culture/cultureEvent/view.do?cultcode=159063&menuNo=200011,couple:1.0;date_spot:1.0;교육/체험,2026-10-01 08:13:36,concert,,,💑 연인과 함께 둘만의 소중한 주말 추억을 나누기 좋은 맞춤형 추천 장소,concert,concert,culture_seoul,2026-10-28,,capital
서울시 문화행사 | 교육/체험,교육/체험,[서울생활사박물관] 2026년 하반기 변장나들이,2026-09-01 ~ 2026-11-10,,"서울 노원구 | 위도:37.6197018366411, 경도:127.07701499863",,교육/체험 · 서울생활사박물관,https://culture.seoul.go.kr/culture/culture/cultureEvent/view.do?cultcode=158814&menuNo=200011,couple:1.0;date_spot:1.0;교육/체험,2026-10-01 08:13:36,concert,,78.7,💑 연인과 함께 둘만의 소중한 주말 추억을 나누기 좋은 맞춤형 추천 장소,concert,concert,culture_seoul,2026-11-10,seoul_culture_popularity,capital
서울시 문화행사 | 축제-문화/예술,축제-문화/예술,[서울시청] 제3회 서울조각페스티벌,2026-08-29 ~ 2026-11-30,,"서울 종로구 | 위도:37.5765680782914, 경도:126.981715077368",,"축제-문화/예술 · 열린송현녹지광장, 뚝섬한강공원",https://culture.seoul.go.kr/culture/culture/cultureEvent/view.do?cultcode=158899&menuNo=200010,couple:1.0;date_spot:1.0;축제-문화/예술,2026-10-01 08:13:36,concert,,,🎉 활기찬 분위기 속에서 연인과 생생한 축제 이벤트를 함께 즐기는 핫플레이스,concert,concert,culture_seoul,2026-11-30,,capital
서울시 문화행사 | 교육/체험,교육/체험,[은평역사한옥박물관] 2026 전통건축 장인과 만나다,2026-08-29 ~ 2026-11-28,,"서울 은평구 | 위도:37.6404045181413, 경도:126.937978427932",,교육/체험 · 은평역사한옥박물관 교육실,https://culture.seoul.go.kr/culture/culture/cultureEvent/view.do?cultcode=158762&menuNo=200011,couple:1.0;date_spot:1.0;교육/체험,2026-10-01 08:13:36,concert,,,💑 연인과 함께 둘만의 소중한 주말 추억을 나누기 좋은 맞춤형 추천 장소,concert,concert,culture_seoul,2026-11-28,,capital
서울시 문화행사 | 교육/체험,교육/체험,"[서울역사편찬원] 지도로 그린 땅, 사람이 만든 서울",2026-08-28 ~ 2026-11-20,,서울 송파구,,교육/체험 · 서울역사편찬원 강의실,https://culture.seoul.go.kr/culture/culture/cultureEvent/view.do?cultcode=158784&menuNo=200011,couple:1.0;date_spot:1.0;교육/체험,2026-10-01 08:13:36,concert,,,💑 연인과 함께 둘만의 소중한 주말 추억을 나누기 좋은 맞춤형 추천 장소,concert,concert,culture_seoul,2026-11-20,,capital
서울시 문화행사 | 국악,국악,2026년 수림뉴웨이브: 엇,2026-08-27 ~ 2026-11-05,,"서울 동대문구 | 위도:37.5906929042958, 경도:127.042826868711",,국악 · 수림문화재단 김희수SPACE1,https://culture.seoul.go.kr/culture/culture/cultureEvent/view.do?cultcode=158634&menuNo=200008,couple:1.0;date_spot:1.0;국악,2026-10-01 08:13:36,concert,,,🎵 감성 가득한 무대와 음악을 즐기며 특별한 추억을 선사하는 낭만 공연,concert,concert,culture_seoul,2026-11-05,,capital
서울시 문화행사 | 교육/체험,교육/체험,[청계천박물관] 2026년 하반기 온라인 교육 [톡톡톡 청계천],2026-08-26 ~ 2026-11-25,,서울 성동구,,교육/체험 · 각 기관,https://culture.seoul.go.kr/culture/culture/cultureEvent/view.do?cultcode=159050&menuNo=200011,couple:1.0;date_spot:1.0;교육/체험,2026-10-01 08:13:36,concert,,,💑 연인과 함께 둘만의 소중한 주말 추억을 나누기 좋은 맞춤형 추천 장소,concert,concert,culture_seoul,2026-11-25,,capital
서울시 문화행사 | 전시/미술,전시/미술,"[갤러리 그라프] 기획전시 《After Hours: 밤이 되면 달라지는 감각》 - 서유라, 정인지, YEKKI",2026-08-26 ~ 2026-10-02,,"서울 강남구 | 위도:37.52347883391018, 경도:127.04670933238806",,전시/미술 · 갤러리 그라프 전시실,https://culture.seoul.go.kr/culture/culture/cultureEvent/view.do?cultcode=159137&menuNo=200009,couple:1.0;date_spot:1.0;전시/미술,2026-10-01 08:13:36,exhibition,,,🖼️ 예쁜 전시와 작품을 보며 이야기를 나누고 인생샷을 남기기 좋은 데이트 추천,exhibition,exhibition,culture_seoul,2026-10-02,,capital
서울시 문화행사 | 전시/미술,전시/미술,"[서울시립미술관] 아마도, 모두 우리 [Perhaps, All of Us] 캐나다 전시",2026-08-25 ~ 2026-10-14,,서울,,전시/미술 · 주캐나다한국문화원 1층 전시실,https://culture.seoul.go.kr/culture/culture/cultureEvent/view.do?cultcode=159015&menuNo=200009,couple:1.0;date_spot:1.0;전시/미술,2026-10-01 08:13:36,exhibition,,,🖼️ 예쁜 전시와 작품을 보며 이야기를 나누고 인생샷을 남기기 좋은 데이트 추천,exhibition,exhibition,culture_seoul,2026-10-14,,capital
서울시 문화행사 | 교육/체험,교육/체험,[서울문화재단] 《PLAY-UP 아카데미》 드라마투르기적 사고와 실전: 창작 현장에서의 드라마투르그 역할과 실전 이해,2026-08-24 ~ 2026-11-09,,"서울 성북구 | 위도:37.5892039678348, 경도:127.00610053345238",,교육/체험 · 서울연극창작센터,https://culture.seoul.go.kr/culture/culture/cultureEvent/view.do?cultcode=158894&menuNo=200011,couple:1.0;date_spot:1.0;교육/체험,2026-10-01 08:13:36,concert,,62.7,💑 연인과 함께 둘만의 소중한 주말 추억을 나누기 좋은 맞춤형 추천 장소,concert,concert,culture_seoul,2026-11-09,seoul_culture_popularity,capital
서울시 문화행사 | 교육/체험,교육/체험,"[성동문화재단] 영화로 떠나는 예술여행, 시네마 공감",2026-08-24 ~ 2026-11-09,,"서울 성동구 | 위도:37.54552807047959, 경도:127.04684642882921",,"교육/체험 · 다락옥수, 성수아트홀",https://culture.seoul.go.kr/culture/culture/cultureEvent/view.do?cultcode=158895&menuNo=200011,couple:1.0;date_spot:1.0;교육/체험,2026-10-01 08:13:36,concert,,,💑 연인과 함께 둘만의 소중한 주말 추억을 나누기 좋은 맞춤형 추천 장소,concert,concert,culture_seoul,2026-11-09,,capital
서울시 문화행사 | 전시/미술,전시/미술,[서울시립 서서울미술관] 미디어 작가전 《김희천: 두더지들》,2026-08-20 ~ 2026-11-08,,"서울 금천구 | 위도:34.48281444053, 경도:126.941802001531",,"전시/미술 · 서울시립 서서울미술관 B1 제1,2전시실, 다목적홀",https://culture.seoul.go.kr/culture/culture/cultureEvent/view.do?cultcode=158763&menuNo=200009,couple:1.0;date_spot:1.0;전시/미술,2026-10-01 08:13:36,exhibition,,,🖼️ 예쁜 전시와 작품을 보며 이야기를 나누고 인생샷을 남기기 좋은 데이트 추천,exhibition,exhibition,culture_seoul,2026-11-08,,capital
서울시 문화행사 | 교육/체험,교육/체험,"[양천문화재단] 2026 문화예술 아카데미 [하루, 나들이]",2026-08-19 ~ 2026-10-31,,"서울 양천구 | 위도:37.5164072472641, 경도:126.863279818819",,교육/체험 · 양천생활문화센터 별관 3~4층,https://culture.seoul.go.kr/culture/culture/cultureEvent/view.do?cultcode=158926&menuNo=200011,couple:1.0;date_spot:1.0;교육/체험,2026-10-01 08:13:36,concert,,,💑 연인과 함께 둘만의 소중한 주말 추억을 나누기 좋은 맞춤형 추천 장소,concert,concert,culture_seoul,2026-10-31,,capital
서울시 문화행사 | 전시/미술,전시/미술,[서울역사박물관] 서울도시계획 대관람,2026-08-14 ~ 2026-11-08,,"서울 종로구 | 위도:37.53693420180437, 경도:126.97711747962751",,전시/미술 · 서울역사박물관 기획전시실A,https://culture.seoul.go.kr/culture/culture/cultureEvent/view.do?cultcode=158824&menuNo=200009,couple:1.0;date_spot:1.0;전시/미술,2026-10-01 08:13:36,exhibition,,,🖼️ 예쁜 전시와 작품을 보며 이야기를 나누고 인생샷을 남기기 좋은 데이트 추천,exhibition,exhibition,culture_seoul,2026-11-08,,capital
서울시 문화행사 | 교육/체험,교육/체험,"2026 지혜학교 [현실 속에서의 사유와  초탈, 장자를 만나다]",2026-08-13 ~ 2026-11-05,,"서울 강남구 | 위도:37.47902359723798, 경도:127.10298451989003",,교육/체험 · 탄허기념불교박물관 도서실,https://culture.seoul.go.kr/culture/culture/cultureEvent/view.do?cultcode=158618&menuNo=200011,couple:1.0;date_spot:1.0;교육/체험,2026-10-01 08:13:36,concert,,,💑 연인과 함께 둘만의 소중한 주말 추억을 나누기 좋은 맞춤형 추천 장소,concert,concert,culture_seoul,2026-11-05,,capital
서울시 문화행사 | 전시/미술,전시/미술,[서울시립 북서울미술관] 2026 타이틀 매치 《오인환 vs. 장서영: 휴먼 에러》,2026-08-13 ~ 2026-10-25,,서울 노원구,,"전시/미술 · 서울시립 북서울미술관 1층 전시실 1,2 서울시립 북서울미술관 2층 전시실 3,4",https://culture.seoul.go.kr/culture/culture/cultureEvent/view.do?cultcode=158761&menuNo=200009,couple:1.0;date_spot:1.0;전시/미술,2026-10-01 08:13:36,exhibition,,,🖼️ 예쁜 전시와 작품을 보며 이야기를 나누고 인생샷을 남기기 좋은 데이트 추천,exhibition,exhibition,culture_seoul,2026-10-25,,capital
서울시 문화행사 | 교육/체험,교육/체험,"[서울문화재단] 2026 서울문화예술교육 프로그램 [모아, 담아] 2차",2026-08-11 ~ 2026-12-31,,서울 종로구,,교육/체험 · 서울시내 전역,https://culture.seoul.go.kr/culture/culture/cultureEvent/view.do?cultcode=159023&menuNo=200011,couple:1.0;date_spot:1.0;교육/체험,2026-10-01 08:13:36,concert,,,💑 연인과 함께 둘만의 소중한 주말 추억을 나누기 좋은 맞춤형 추천 장소,concert,concert,culture_seoul,2026-12-31,,capital
서울시 문화행사 | 교육/체험,교육/체험,[구산동도서관마을] 2026년 구산동도서관마을 길 위의 인문학 [미술사 X 그림책 : 삶을 읽는 시선],2026-08-11 ~ 2026-10-27,,"서울 은평구 | 위도:37.6094957710892, 경도:126.9130834335",,교육/체험 · 구산동도서관마을 3층 힐링캠프,https://culture.seoul.go.kr/culture/culture/cultureEvent/view.do?cultcode=158472&menuNo=200011,couple:1.0;date_spot:1.0;교육/체험,2026-10-01 08:13:36,concert,,,💑 연인과 함께 둘만의 소중한 주말 추억을 나누기 좋은 맞춤형 추천 장소,concert,concert,culture_seoul,2026-10-27,,capital
서울시 문화행사 | 교육/체험,교육/체험,[동대문문화재단] 2026년 생생 국가유산 사업 [지구를 지키는 선농단] - 도시농부학교(심화반),2026-08-11 ~ 2026-10-20,,"서울 동대문구 | 위도:37.5811998991222, 경도:127.031894176976",,교육/체험 · 선농단역사문화관 및 선농단역사공원,https://culture.seoul.go.kr/culture/culture/cultureEvent/view.do?cultcode=158646&menuNo=200011,couple:1.0;date_spot:1.0;교육/체험,2026-10-01 08:13:36,concert,,,💑 연인과 함께 둘만의 소중한 주말 추억을 나누기 좋은 맞춤형 추천 장소,concert,concert,culture_seoul,2026-10-20,,capital
서울시 문화행사 | 교육/체험,교육/체험,"[우리역사문화도서관] 생활의 지혜, 기초 한문 강독 [사자소학 四字小學]",2026-08-07 ~ 2026-12-18,,"서울 강동구 | 위도:37.5331325455114, 경도:127.141309099094",,교육/체험 · 우리역사문화도서관 강의실,https://culture.seoul.go.kr/culture/culture/cultureEvent/view.do?cultcode=158855&menuNo=200011,couple:1.0;date_spot:1.0;교육/체험,2026-10-01 08:13:36,concert,,,💑 연인과 함께 둘만의 소중한 주말 추억을 나누기 좋은 맞춤형 추천 장소,concert,concert,culture_seoul,2026-12-18,,capital
서울시 문화행사 | 교육/체험,교육/체험,[서울문화재단] 《PLAY-UP 아카데미》 장막극 창작 트레이닝,2026-08-07 ~ 2026-11-27,,"서울 성북구 | 위도:37.5892039678348, 경도:127.00610053345238",,교육/체험 · 서울연극창작센터,https://culture.seoul.go.kr/culture/culture/cultureEvent/view.do?cultcode=158629&menuNo=200011,couple:1.0;date_spot:1.0;교육/체험,2026-10-01 08:13:36,concert,,62.7,💑 연인과 함께 둘만의 소중한 주말 추억을 나누기 좋은 맞춤형 추천 장소,concert,concert,culture_seoul,2026-11-27,seoul_culture_popularity,capital
서울시 문화행사 | 교육/체험,교육/체험,[금천문화재단] 2026 마음을 말하는 연극 2기,2026-08-07 ~ 2026-10-27,,"서울 금천구 | 위도:37.449612166154964, 경도:126.91429379036343",,교육/체험 · 금천구립시흥도서관 4층 강의실,https://culture.seoul.go.kr/culture/culture/cultureEvent/view.do?cultcode=158904&menuNo=200011,couple:1.0;date_spot:1.0;교육/체험,2026-10-01 08:13:36,concert,,,💑 연인과 함께 둘만의 소중한 주말 추억을 나누기 좋은 맞춤형 추천 장소,concert,concert,culture_seoul,2026-10-27,,capital
서울시 문화행사 | 교육/체험,교육/체험,[구산동도서관마을] 2026년 구산동도서관마을 지혜학교 [몸으로 인문학하기],2026-08-06 ~ 2026-10-29,,"서울 은평구 | 위도:37.6094957710892, 경도:126.9130834335",,교육/체험 · 구산동도서관마을 3층 힐링캠프,https://culture.seoul.go.kr/culture/culture/cultureEvent/view.do?cultcode=158475&menuNo=200011,couple:1.0;date_spot:1.0;교육/체험,2026-10-01 08:13:36,concert,,,💑 연인과 함께 둘만의 소중한 주말 추억을 나누기 좋은 맞춤형 추천 장소,concert,concert,culture_seoul,2026-10-29,,capital
서울시 문화행사 | 전시/미술,전시/미술,[더 갤러리 호수] 호수동물아트전,2026-08-05 ~ 2026-10-25,,"서울 송파구 | 위도:37.51229633634649, 경도:127.10761788449908",,전시/미술 · 더 갤러리 호수,https://culture.seoul.go.kr/culture/culture/cultureEvent/view.do?cultcode=159108&menuNo=200009,couple:1.0;date_spot:1.0;전시/미술,2026-10-01 08:13:36,exhibition,,49.3,🖼️ 예쁜 전시와 작품을 보며 이야기를 나누고 인생샷을 남기기 좋은 데이트 추천,exhibition,exhibition,culture_seoul,2026-10-25,seoul_culture_popularity,capital
서울시 문화행사 | 교육/체험,교육/체험,[청운문확도서관] 2026 지혜학교 [세계문학으로 읽는 12가지 지혜],2026-08-05 ~ 2026-10-21,,"서울 종로구 | 위도:37.5904038281362, 경도:126.96590530631",,교육/체험 · 청운문학도서관,https://culture.seoul.go.kr/culture/culture/cultureEvent/view.do?cultcode=158718&menuNo=200011,couple:1.0;date_spot:1.0;교육/체험,2026-10-01 08:13:36,concert,,81.3,💑 연인과 함께 둘만의 소중한 주말 추억을 나누기 좋은 맞춤형 추천 장소,concert,concert,culture_seoul,2026-10-21,seoul_culture_popularity,capital
서울시 문화행사 | 축제-문화/예술,축제-문화/예술,[노들섬] 오픈노들,2026-08-04 ~ 2026-10-31,,"서울 용산구 | 위도:37.51766013568054, 경도:126.95803386590158",,축제-문화/예술 · 노들섬,https://culture.seoul.go.kr/culture/culture/cultureEvent/view.do?cultcode=158941&menuNo=200010,couple:1.0;date_spot:1.0;축제-문화/예술,2026-10-01 08:13:36,concert,,90.7,🎉 활기찬 분위기 속에서 연인과 생생한 축제 이벤트를 함께 즐기는 핫플레이스,concert,concert,culture_seoul,2026-10-31,seoul_culture_popularity,capital
서울시 문화행사 | 교육/체험,교육/체험,[구립증산도서관] 비밀책방 [취향을 발견하는 청소년 독서 구독],2026-08-03 ~ 2026-11-26,,"서울 은평구 | 위도:37.58280881427406, 경도:126.90767789755216",,교육/체험 · 구립증산도서관 2층 사서실,https://culture.seoul.go.kr/culture/culture/cultureEvent/view.do?cultcode=158868&menuNo=200011,couple:1.0;date_spot:1.0;교육/체험,2026-10-01 08:13:36,concert,,,💑 연인과 함께 둘만의 소중한 주말 추억을 나누기 좋은 맞춤형 추천 장소,concert,concert,culture_seoul,2026-11-26,,capital
서울시 문화행사 | 교육/체험,교육/체험,[서울무형유산교육전시장] 2026년 2차 일반교육 모집안내(18주),2026-08-01 ~ 2026-12-31,,서울 종로구,,교육/체험 · 서울무형유산 교육전시장,https://culture.seoul.go.kr/culture/culture/cultureEvent/view.do?cultcode=158477&menuNo=200011,couple:1.0;date_spot:1.0;교육/체험,2026-10-01 08:13:36,concert,,38.7,💑 연인과 함께 둘만의 소중한 주말 추억을 나누기 좋은 맞춤형 추천 장소,concert,concert,culture_seoul,2026-12-31,seoul_culture_popularity,capital
서울시 문화행사 | 축제-문화/예술,축제-문화/예술,"[서울문화재단] 큰 즐거움이 있는 길, [대-락(樂)로]",2026-08-01 ~ 2026-11-21,,서울 종로구,,축제-문화/예술 · 서울연극센터 1층 라운지,https://culture.seoul.go.kr/culture/culture/cultureEvent/view.do?cultcode=158930&menuNo=200010,couple:1.0;date_spot:1.0;축제-문화/예술,2026-10-01 08:13:36,concert,,,🎉 활기찬 분위기 속에서 연인과 생생한 축제 이벤트를 함께 즐기는 핫플레이스,concert,concert,culture_seoul,2026-11-21,,capital
서울시 문화행사 | 뮤지컬/오페라,뮤지컬/오페라,[중구문화재단] 뮤지컬 [디어 에반 핸슨],2026-08-01 ~ 2026-11-01,,"서울 중구 | 위도:37.565941329222, 경도:127.01479043704212",,뮤지컬/오페라 · 충무아트센터,https://culture.seoul.go.kr/culture/culture/cultureEvent/view.do?cultcode=158529&menuNo=200008,couple:1.0;date_spot:1.0;뮤지컬/오페라,2026-10-01 08:13:36,concert,,93.3,🎵 감성 가득한 무대와 음악을 즐기며 특별한 추억을 선사하는 낭만 공연,concert,concert,culture_seoul,2026-11-01,seoul_culture_popularity,capital
서울시 문화행사 | 교육/체험,교육/체험,[광진문화재단] 2026 생활밀착형 문화예술교육 지원사업 [가가호호(家家好好)] - 광진,2026-08-01 ~ 2026-11-01,,"서울 광진구 | 위도:37.53734235154174, 경도:127.07066306118632",,교육/체험 · 광진생활문화센터 5F,https://culture.seoul.go.kr/culture/culture/cultureEvent/view.do?cultcode=158986&menuNo=200011,couple:1.0;date_spot:1.0;교육/체험,2026-10-01 08:13:36,concert,,,💑 연인과 함께 둘만의 소중한 주말 추억을 나누기 좋은 맞춤형 추천 장소,concert,concert,culture_seoul,2026-11-01,,capital
서울시 문화행사 | 콘서트,콘서트,[동작문화재단] 2026 상도어울마당 아트홀 하반기 정기 기획공연 [아트 박스 콘서트],2026-07-29 ~ 2026-12-12,,"서울 동작구 | 위도:37.4992630371498, 경도:126.940378609472",,콘서트 · 상도어울마당 아트홀,https://culture.seoul.go.kr/culture/culture/cultureEvent/view.do?cultcode=158715&menuNo=200008,couple:1.0;date_spot:1.0;콘서트,2026-10-01 08:13:36,concert,,4.0,🎵 감성 가득한 무대와 음악을 즐기며 특별한 추억을 선사하는 낭만 공연,concert,concert,culture_seoul,2026-12-12,seoul_culture_popularity,capital
서울시 문화행사 | 전시/미술,전시/미술,[서울시립 남서울미술관] 2026년 한국 대표 조각가전 《조숙진: 지나가는 자리》,2026-07-29 ~ 2026-11-15,,서울 관악구,,"전시/미술 · 서울시립 남서울미술관 1층 야외, 2층 전시실",https://culture.seoul.go.kr/culture/culture/cultureEvent/view.do?cultcode=158469&menuNo=200009,couple:1.0;date_spot:1.0;전시/미술,2026-10-01 08:13:36,exhibition,,,🖼️ 예쁜 전시와 작품을 보며 이야기를 나누고 인생샷을 남기기 좋은 데이트 추천,exhibition,exhibition,culture_seoul,2026-11-15,,capital
서울시 문화행사 | 교육/체험,교육/체험,2026 길 위의 인문학·지혜학교 [현대 도시의 담(淡) 프로젝트] 비움으로 채우는 삶의 수묵화,2026-07-24 ~ 2026-10-23,,서울 종로구,,"교육/체험 · 서울시 종로구 삼일대로 28길16, 5층 대한민국전통예술전승원",https://culture.seoul.go.kr/culture/culture/cultureEvent/view.do?cultcode=158456&menuNo=200011,couple:1.0;date_spot:1.0;교육/체험,2026-10-01 08:13:36,concert,,,💑 연인과 함께 둘만의 소중한 주말 추억을 나누기 좋은 맞춤형 추천 장소,concert,concert,culture_seoul,2026-10-23,,capital
서울시 문화행사 | 전시/미술,전시/미술,섬유기획전 [안식의 결 Texture of Rest],2026-07-24 ~ 2026-10-02,,"서울 성동구 | 위도:37.5437894990766, 경도:127.054418853437",,"전시/미술 · 우란문화재단 우란1경, 우란2경",https://culture.seoul.go.kr/culture/culture/cultureEvent/view.do?cultcode=159117&menuNo=200009,couple:1.0;date_spot:1.0;전시/미술,2026-10-01 08:13:36,exhibition,,,🖼️ 예쁜 전시와 작품을 보며 이야기를 나누고 인생샷을 남기기 좋은 데이트 추천,exhibition,exhibition,culture_seoul,2026-10-02,,capital
서울시 문화행사 | 교육/체험,교육/체험,[중랑문화재단] 서울 문화예술교육 지원사업 [망우 쓰다],2026-07-22 ~ 2026-11-14,,"서울 중랑구 | 위도:37.59833435139943, 경도:127.09162335169233",,교육/체험 · 중랑문화재단,https://culture.seoul.go.kr/culture/culture/cultureEvent/view.do?cultcode=158530&menuNo=200011,couple:1.0;date_spot:1.0;교육/체험,2026-10-01 08:13:36,concert,,58.7,💑 연인과 함께 둘만의 소중한 주말 추억을 나누기 좋은 맞춤형 추천 장소,concert,concert,culture_seoul,2026-11-14,seoul_culture_popularity,capital
서울시 문화행사 | 교육/체험,교육/체험,[서울영화센터] 스마트폰으로 만드는 나만의 영화 - Ⅱ.프리프로덕션,2026-07-18 ~ 2626-08-08,,서울 중구,,교육/체험 · 서울영화센터 7층 다목적실,https://culture.seoul.go.kr/culture/culture/cultureEvent/view.do?cultcode=158497&menuNo=200011,couple:1.0;date_spot:1.0;교육/체험,2026-10-01 08:13:36,concert,,,💑 연인과 함께 둘만의 소중한 주말 추억을 나누기 좋은 맞춤형 추천 장소,concert,concert,culture_seoul,2626-08-08,,capital
서울시 문화행사 | 콘서트,콘서트,[동작문화재단] 2026 까망돌어울마당 아트홀 하반기 정기 기획공연 [까망돌 칸타빌레],2026-07-18 ~ 2026-12-09,,"서울 동작구 | 위도:37.505119944171, 경도:126.960611588823",,콘서트 · 까망돌어울마당 아트홀,https://culture.seoul.go.kr/culture/culture/cultureEvent/view.do?cultcode=158401&menuNo=200008,couple:1.0;date_spot:1.0;콘서트,2026-10-01 08:13:36,concert,,20.0,🎵 감성 가득한 무대와 음악을 즐기며 특별한 추억을 선사하는 낭만 공연,concert,concert,culture_seoul,2026-12-09,seoul_culture_popularity,capital
서울시 문화행사 | 교육/체험,교육/체험,2026 서울문학기행,2026-07-18 ~ 2026-10-31,,"서울 마포구 | 위도:36.9101638793961, 경도:127.286622934143",,"교육/체험 · 기행, 강연별 상이",https://culture.seoul.go.kr/culture/culture/cultureEvent/view.do?cultcode=158378&menuNo=200011,couple:1.0;date_spot:1.0;교육/체험,2026-10-01 08:13:36,concert,,,💑 연인과 함께 둘만의 소중한 주말 추억을 나누기 좋은 맞춤형 추천 장소,concert,concert,culture_seoul,2026-10-31,,capital
서울시 문화행사 | 교육/체험,교육/체험,[마포구립서강도서관] 7~10월/읽는 인간_호모 부커스 Ⅲ. [마르셀 프루스트의 『잃어버린 시간을 찾아서』 읽기],2026-07-16 ~ 2026-10-29,,"서울 마포구 | 위도:37.5557093086278, 경도:127.042179857539",,"교육/체험 · 온라인(ZOOM), 서강도서관 3층 세미나실",https://culture.seoul.go.kr/culture/culture/cultureEvent/view.do?cultcode=158339&menuNo=200011,couple:1.0;date_spot:1.0;교육/체험,2026-10-01 08:13:36,concert,,,💑 연인과 함께 둘만의 소중한 주말 추억을 나누기 좋은 맞춤형 추천 장소,concert,concert,culture_seoul,2026-10-29,,capital
서울시 문화행사 | 전시/미술,전시/미술,[서울시립 사진미술관] 마틴 파 : We Are Martin Parr,2026-07-16 ~ 2026-10-18,,서울 도봉구,,"전시/미술 · 서울시립 사진미술관 2층 영상홀, 서울시립 사진미술관 2층 1,2,3,4전시실",https://culture.seoul.go.kr/culture/culture/cultureEvent/view.do?cultcode=158468&menuNo=200009,couple:1.0;date_spot:1.0;전시/미술,2026-10-01 08:13:36,exhibition,,,🖼️ 예쁜 전시와 작품을 보며 이야기를 나누고 인생샷을 남기기 좋은 데이트 추천,exhibition,exhibition,culture_seoul,2026-10-18,,capital
서울시 문화행사 | 연극,연극,대학로1등 판타지코믹연극 [타임],2026-07-15 ~ 2026-12-31,,"서울 종로구 | 위도:37.5809626889907, 경도:127.003520892269",,연극 · 대학로스타릿홀 5층,https://culture.seoul.go.kr/culture/culture/cultureEvent/view.do?cultcode=158165&menuNo=200008,couple:1.0;date_spot:1.0;연극,2026-10-01 08:13:36,concert,,,🎵 감성 가득한 무대와 음악을 즐기며 특별한 추억을 선사하는 낭만 공연,concert,concert,culture_seoul,2026-12-31,,capital
서울시 문화행사 | 콘서트,콘서트,[동작문화재단] 2026 본동어울마당 아트홀 하반기 정기 기획공연 [본동 세레나데],2026-07-15 ~ 2026-12-16,,"서울 동작구 | 위도:37.5105309824196, 경도:126.956894360999",,콘서트 · 본동어울마당 아트홀,https://culture.seoul.go.kr/culture/culture/cultureEvent/view.do?cultcode=158785&menuNo=200008,couple:1.0;date_spot:1.0;콘서트,2026-10-01 08:13:36,concert,,0.0,🎵 감성 가득한 무대와 음악을 즐기며 특별한 추억을 선사하는 낭만 공연,concert,concert,culture_seoul,2026-12-16,seoul_culture_popularity,capital
서울시 문화행사 | 전시/미술,전시/미술,[서울역사박물관] 여민공수與民共守 [백성과 함께 지킨다],2026-07-14 ~ 2026-10-25,,"서울 종로구 | 위도:37.5729471865215, 경도:127.008544323564",,전시/미술 · 서울역사박물관 기획전시실 B / 한양도성박물관 기획전시실,https://culture.seoul.go.kr/culture/culture/cultureEvent/view.do?cultcode=158246&menuNo=200009,couple:1.0;date_spot:1.0;전시/미술,2026-10-01 08:13:36,exhibition,,,🖼️ 예쁜 전시와 작품을 보며 이야기를 나누고 인생샷을 남기기 좋은 데이트 추천,exhibition,exhibition,culture_seoul,2026-10-25,,capital
서울시 문화행사 | 전시/미술,전시/미술,[서울아트책보고] 큐레이션 서가 4기 [지구와 나누는 대화],2026-07-14 ~ 2026-10-11,,서울 구로구,,전시/미술 · 서울아트책보고 예술책방,https://culture.seoul.go.kr/culture/culture/cultureEvent/view.do?cultcode=158589&menuNo=200009,couple:1.0;date_spot:1.0;전시/미술,2026-10-01 08:13:36,exhibition,,,🖼️ 예쁜 전시와 작품을 보며 이야기를 나누고 인생샷을 남기기 좋은 데이트 추천,exhibition,exhibition,culture_seoul,2026-10-11,,capital
서울시 문화행사 | 전시/미술,전시/미술,[세종문화회관] 2026 상상톡톡미술관 기획전시 [빠씨를 찾아서],2026-07-11 ~ 2026-10-25,,"서울 강북구 | 위도:37.6225163748567, 경도:127.041390667983",,전시/미술 · 북서울꿈의숲 상상톡톡미술관,https://culture.seoul.go.kr/culture/culture/cultureEvent/view.do?cultcode=158234&menuNo=200009,couple:1.0;date_spot:1.0;전시/미술,2026-10-01 08:13:36,exhibition,,44.0,🖼️ 예쁜 전시와 작품을 보며 이야기를 나누고 인생샷을 남기기 좋은 데이트 추천,exhibition,exhibition,culture_seoul,2026-10-25,seoul_culture_popularity,capital
서울시 문화행사 | 교육/체험,교육/체험,[구립증산도서관] 2026 지혜학교 [나의 GO백서 - 바둑으로 삶을 기록하고 복기하다],2026-07-08 ~ 2026-10-31,,"서울 은평구 | 위도:37.58280881427406, 경도:126.90767789755216",,교육/체험 · 구립증산도서관 지하문화강좌실,https://culture.seoul.go.kr/culture/culture/cultureEvent/view.do?cultcode=158516&menuNo=200011,couple:1.0;date_spot:1.0;교육/체험,2026-10-01 08:13:36,concert,,,💑 연인과 함께 둘만의 소중한 주말 추억을 나누기 좋은 맞춤형 추천 장소,concert,concert,culture_seoul,2026-10-31,,capital
서울시 문화행사 | 전시/미술,전시/미술,[서울상상나라] 그림책 작업실: 사소하고 특별한,2026-07-04 ~ 2027-12-31,,"서울 광진구 | 위도:37.53693420180437, 경도:126.97711747962751",,전시/미술 · 서울상상나라 B1 기획전시실,https://culture.seoul.go.kr/culture/culture/cultureEvent/view.do?cultcode=158491&menuNo=200009,couple:1.0;date_spot:1.0;전시/미술,2026-10-01 08:13:36,exhibition,,,🖼️ 예쁜 전시와 작품을 보며 이야기를 나누고 인생샷을 남기기 좋은 데이트 추천,exhibition,exhibition,culture_seoul,2027-12-31,,capital
서울시 문화행사 | 교육/체험,교육/체험,[강남문화재단] 서울문화예술교육 [개인의 장소 : 공공의 지도],2026-07-04 ~ 2026-10-10,,"서울 강남구 | 위도:37.5112128580607, 경도:127.045984592264",,교육/체험 · 삼성2동복합문화센터 4층 취미교실,https://culture.seoul.go.kr/culture/culture/cultureEvent/view.do?cultcode=158180&menuNo=200011,couple:1.0;date_spot:1.0;교육/체험,2026-10-01 08:13:36,concert,,,💑 연인과 함께 둘만의 소중한 주말 추억을 나누기 좋은 맞춤형 추천 장소,concert,concert,culture_seoul,2026-10-10,,capital
서울시 문화행사 | 교육/체험,교육/체험,[서울시립과학관] 2026 미스터리 AI 사라진 가족의 행방(단체/테마교실),2026-07-01 ~ 2026-12-04,,서울 노원구,,교육/체험 · 서울시립과학관 1층 메이커스튜디오,https://culture.seoul.go.kr/culture/culture/cultureEvent/view.do?cultcode=158782&menuNo=200011,couple:1.0;date_spot:1.0;교육/체험,2026-10-01 08:13:36,concert,,,💑 연인과 함께 둘만의 소중한 주말 추억을 나누기 좋은 맞춤형 추천 장소,concert,concert,culture_seoul,2026-12-04,,capital
서울시 문화행사 | 전시/미술,전시/미술,[서울역사박물관] XR 전시 [걷는 순간 역사가 펼쳐집니다],2026-07-01 ~ 2026-10-31,,서울 종로구,,전시/미술 · 서울역사박물관 3F 전시실,https://culture.seoul.go.kr/culture/culture/cultureEvent/view.do?cultcode=158749&menuNo=200009,couple:1.0;date_spot:1.0;전시/미술,2026-10-01 08:13:36,exhibition,,,🖼️ 예쁜 전시와 작품을 보며 이야기를 나누고 인생샷을 남기기 좋은 데이트 추천,exhibition,exhibition,culture_seoul,2026-10-31,,capital
서울시 문화행사 | 교육/체험,교육/체험,2026 생애주기별 문화예술교육 지원사업 '꿈다락 문화예술학교' [사람책 프로젝트X노년 : 인생 레시피],2026-06-29 ~ 2026-10-19,,"서울 성북구 | 위도:37.59296812939267, 경도:127.0171260607647",,교육/체험 · 성신여대입구역 부근 연습실 (추후 공지),https://culture.seoul.go.kr/culture/culture/cultureEvent/view.do?cultcode=158251&menuNo=200011,couple:1.0;date_spot:1.0;교육/체험,2026-10-01 08:13:36,concert,,,💑 연인과 함께 둘만의 소중한 주말 추억을 나누기 좋은 맞춤형 추천 장소,concert,concert,culture_seoul,2026-10-19,,capital
서울시 문화행사 | 전시/미술,전시/미술,[서울역사박물관] 태화관_시간을 잇는 공간,2026-06-26 ~ 2027-03-07,,"서울 종로구 | 위도:37.57190117255984, 경도:126.98338702457757",,전시/미술 · 공평도시유적전시관 기획전시실,https://culture.seoul.go.kr/culture/culture/cultureEvent/view.do?cultcode=158657&menuNo=200009,couple:1.0;date_spot:1.0;전시/미술,2026-10-01 08:13:36,exhibition,,,🖼️ 예쁜 전시와 작품을 보며 이야기를 나누고 인생샷을 남기기 좋은 데이트 추천,exhibition,exhibition,culture_seoul,2027-03-07,,capital
서울시 문화행사 | 전시/미술,전시/미술,[서울시립 북서울미술관] 유휴공간 전시 《보편타당한 당신 - 심이다은》,2026-06-25 ~ 2027-04-11,,서울 노원구,,"전시/미술 · 서울시립 북서울미술관 2층 유휴공간 라운지 2, 3",https://culture.seoul.go.kr/culture/culture/cultureEvent/view.do?cultcode=158239&menuNo=200009,couple:1.0;date_spot:1.0;전시/미술,2026-10-01 08:13:36,exhibition,,,🖼️ 예쁜 전시와 작품을 보며 이야기를 나누고 인생샷을 남기기 좋은 데이트 추천,exhibition,exhibition,culture_seoul,2027-04-11,,capital
서울시 문화행사 | 교육/체험,교육/체험,[마포구립서강도서관] 6-11월/길 위의 인문학 [독서 페어링：All that library to do],2026-06-24 ~ 2026-11-15,,"서울 마포구 | 위도:37.479446101344905, 경도:127.01375358339827",,"교육/체험 · 마포구립서강도서관 3층 세미나실 / 독서관 / 예술의 전당 / 온라인(패들렛, zoom)",https://culture.seoul.go.kr/culture/culture/cultureEvent/view.do?cultcode=158167&menuNo=200011,couple:1.0;date_spot:1.0;교육/체험,2026-10-01 08:13:36,concert,,,💑 연인과 함께 둘만의 소중한 주말 추억을 나누기 좋은 맞춤형 추천 장소,concert,concert,culture_seoul,2026-11-15,,capital
서울시 문화행사 | 전시/미술,전시/미술,[서울식물원] 2026 서울식물원 기획전시 《다정한 균형: 서로를 비추는》,2026-06-23 ~ 2027-05-16,,"서울 강서구 | 위도:37.57151672816, 경도:126.834994079093",,"전시/미술 · 식물문화센터 프로젝트홀2, 주제원, 온실, 마곡문화관",https://culture.seoul.go.kr/culture/culture/cultureEvent/view.do?cultcode=158400&menuNo=200009,couple:1.0;date_spot:1.0;전시/미술,2026-10-01 08:13:36,exhibition,,,🖼️ 예쁜 전시와 작품을 보며 이야기를 나누고 인생샷을 남기기 좋은 데이트 추천,exhibition,exhibition,culture_seoul,2027-05-16,,capital
서울시 문화행사 | 전시/미술,전시/미술,"[서울우리소리박물관] 2026 서울우리소리박물관 기획전 [다시, 아리랑]",2026-06-18 ~ 2027-05-30,,"서울 종로구 | 위도:37.53693420180437, 경도:126.97711747962751",,전시/미술 · 서울우리소리박물관 기획전시실(별채),https://culture.seoul.go.kr/culture/culture/cultureEvent/view.do?cultcode=158406&menuNo=200009,couple:1.0;date_spot:1.0;전시/미술,2026-10-01 08:13:36,exhibition,,,🖼️ 예쁜 전시와 작품을 보며 이야기를 나누고 인생샷을 남기기 좋은 데이트 추천,exhibition,exhibition,culture_seoul,2027-05-30,,capital
서울시 문화행사 | 교육/체험,교육/체험,[서울시립미술관] 2026 찾아가는 미술감상 교실,2026-06-15 ~ 2026-12-31,,서울 중구,,교육/체험 · 신청기관이 제공하는 강의공간,https://culture.seoul.go.kr/culture/culture/cultureEvent/view.do?cultcode=158310&menuNo=200011,couple:1.0;date_spot:1.0;교육/체험,2026-10-01 08:13:36,concert,,,💑 연인과 함께 둘만의 소중한 주말 추억을 나누기 좋은 맞춤형 추천 장소,concert,concert,culture_seoul,2026-12-31,,capital
서울시 문화행사 | 전시/미술,전시/미술,[청계천박물관] 청계천의 별이 된 노무라 모토유키,2026-06-13 ~ 2026-10-11,,"서울 성동구 | 위도:37.57129886065509, 경도:127.03510702262219",,전시/미술 · 청계천박물관 기획전시,https://culture.seoul.go.kr/culture/culture/cultureEvent/view.do?cultcode=157966&menuNo=200009,couple:1.0;date_spot:1.0;전시/미술,2026-10-01 08:13:36,exhibition,,,🖼️ 예쁜 전시와 작품을 보며 이야기를 나누고 인생샷을 남기기 좋은 데이트 추천,exhibition,exhibition,culture_seoul,2026-10-11,,capital
서울시 문화행사 | 전시/미술,전시/미술,[서울시립 북서울미술관] 권병준: 내 마음속에 너는,2026-06-11 ~ 2027-05-16,,서울 노원구,,"전시/미술 · 서울시립 북서울미술관 지하 1층 전시실 5, 6",https://culture.seoul.go.kr/culture/culture/cultureEvent/view.do?cultcode=158044&menuNo=200009,couple:1.0;date_spot:1.0;전시/미술,2026-10-01 08:13:36,exhibition,,,🖼️ 예쁜 전시와 작품을 보며 이야기를 나누고 인생샷을 남기기 좋은 데이트 추천,exhibition,exhibition,culture_seoul,2027-05-16,,capital
서울시 문화행사 | 영화,영화,[서울영화센터] 단체관람 할인 안내,2026-06-11 ~ 2026-12-31,,서울 중구,,"영화 · 서울영화센터 상영관 1,2,3",https://culture.seoul.go.kr/culture/culture/cultureEvent/view.do?cultcode=158225&menuNo=200013,couple:1.0;date_spot:1.0;영화,2026-10-01 08:13:36,concert,,,💑 연인과 함께 둘만의 소중한 주말 추억을 나누기 좋은 맞춤형 추천 장소,concert,concert,culture_seoul,2026-12-31,,capital
서울시 문화행사 | 교육/체험,교육/체험,[금천문화재단] 2026 생활밀착형 문화예술교육 [가가호호:금천감각정원],2026-06-10 ~ 2026-10-31,,서울 금천구,,교육/체험 · 금천마을활력소 어울샘,https://culture.seoul.go.kr/culture/culture/cultureEvent/view.do?cultcode=157998&menuNo=200011,couple:1.0;date_spot:1.0;교육/체험,2026-10-01 08:13:36,concert,,,💑 연인과 함께 둘만의 소중한 주말 추억을 나누기 좋은 맞춤형 추천 장소,concert,concert,culture_seoul,2026-10-31,,capital
서울시 문화행사 | 교육/체험,교육/체험,"[서울문화재단] 2026 서울문화예술교육센터 양천 [모두의 아뜰리에] 상설 체험 프로그램: 《오늘의 색, 오늘의 기억》",2026-06-10 ~ 2026-10-08,,서울 양천구,,교육/체험 · 서울문화예술교육센터 양천 1층 로비,https://culture.seoul.go.kr/culture/culture/cultureEvent/view.do?cultcode=158361&menuNo=200011,couple:1.0;date_spot:1.0;교육/체험,2026-10-01 08:13:36,concert,,,💑 연인과 함께 둘만의 소중한 주말 추억을 나누기 좋은 맞춤형 추천 장소,concert,concert,culture_seoul,2026-10-08,,capital
서울시 문화행사 | 교육/체험,교육/체험,[한국장애인문화예술원] 이:음 예술창작 아카데미 [장애예술인 강사 양성과정],2026-06-09 ~ 2026-11-19,,"서울 종로구 | 위도:37.555777044562454, 경도:126.9739756716897",,교육/체험 · 모두미술공간 세미나실,https://culture.seoul.go.kr/culture/culture/cultureEvent/view.do?cultcode=158009&menuNo=200011,couple:1.0;date_spot:1.0;교육/체험,2026-10-01 08:13:36,concert,,,💑 연인과 함께 둘만의 소중한 주말 추억을 나누기 좋은 맞춤형 추천 장소,concert,concert,culture_seoul,2026-11-19,,capital
서울시 문화행사 | 전시/미술,전시/미술,[이한열기념관] 6월 민주항쟁 39주년 기념 하반기 특별 전시 《이런 양심수》,2026-06-08 ~ 2026-11-30,,"서울 마포구 | 위도:37.55505771622096, 경도:126.93387315446894",,전시/미술 · 이한열기념관 3층 기획전시실,https://culture.seoul.go.kr/culture/culture/cultureEvent/view.do?cultcode=158190&menuNo=200009,couple:1.0;date_spot:1.0;전시/미술,2026-10-01 08:13:36,exhibition,,,🖼️ 예쁜 전시와 작품을 보며 이야기를 나누고 인생샷을 남기기 좋은 데이트 추천,exhibition,exhibition,culture_seoul,2026-11-30,,capital
서울시 문화행사 | 전시/미술,전시/미술,팔색찬란 - K로 가득한 지역,2026-06-04 ~ 2026-12-31,,"서울 종로구 | 위도:37.58267609971977, 경도:126.97323381287573",,전시/미술 · 청와대 사랑채 1층,https://culture.seoul.go.kr/culture/culture/cultureEvent/view.do?cultcode=158419&menuNo=200009,couple:1.0;date_spot:1.0;전시/미술,2026-10-01 08:13:36,exhibition,,,🖼️ 예쁜 전시와 작품을 보며 이야기를 나누고 인생샷을 남기기 좋은 데이트 추천,exhibition,exhibition,culture_seoul,2026-12-31,,capital
서울시 문화행사 | 축제-문화/예술,축제-문화/예술,[마포문화재단] 제11회 마포 M 클래식 축제,2026-06-04 ~ 2026-12-23,,"서울 마포구 | 위도:37.549936765090735, 경도:126.94562703603319",,"축제-문화/예술 · 마포아트센터 아트홀맥, 플레이맥",https://culture.seoul.go.kr/culture/culture/cultureEvent/view.do?cultcode=158568&menuNo=200010,couple:1.0;date_spot:1.0;축제-문화/예술,2026-10-01 08:13:36,concert,,,🎉 활기찬 분위기 속에서 연인과 생생한 축제 이벤트를 함께 즐기는 핫플레이스,concert,concert,culture_seoul,2026-12-23,,capital
서울시 문화행사 | 교육/체험,교육/체험,2026 [서울기록원] 성인 대상 강연프로그램 [기록을 바라보는 여섯 개의 시선],2026-05-28 ~ 2026-10-23,,서울 은평구,,교육/체험 · 서울기록원,https://culture.seoul.go.kr/culture/culture/cultureEvent/view.do?cultcode=158091&menuNo=200011,couple:1.0;date_spot:1.0;교육/체험,2026-10-01 08:13:36,concert,,60.0,💑 연인과 함께 둘만의 소중한 주말 추억을 나누기 좋은 맞춤형 추천 장소,concert,concert,culture_seoul,2026-10-23,seoul_culture_popularity,capital
서울시 문화행사 | 기타,기타,[종로문화재단] 종로구 야외도서관 [종로 열린 책마루],2026-05-24 ~ 2026-10-03,,"서울 종로구 | 위도:37.5904038281362, 경도:126.96590530631",,"기타 · 청운문학도서관, 청운공원, 마로니에공원",https://culture.seoul.go.kr/culture/culture/cultureEvent/view.do?cultcode=158556&menuNo=200013,couple:1.0;date_spot:1.0;기타,2026-10-01 08:13:36,concert,,,💑 연인과 함께 둘만의 소중한 주말 추억을 나누기 좋은 맞춤형 추천 장소,concert,concert,culture_seoul,2026-10-03,,capital
서울시 문화행사 | 전시/미술,전시/미술,[서울시립미술관 서소문본관] 2026년 한국 근대 거장전 《유영국: 산은 내 안에 있다》,2026-05-19 ~ 2026-10-25,,"서울 중구 | 위도:37.56410579887691, 경도:126.9736988634857",,전시/미술 · 서울시립미술관 서소문본관 1층 전시실,https://culture.seoul.go.kr/culture/culture/cultureEvent/view.do?cultcode=157686&menuNo=200009,couple:1.0;date_spot:1.0;전시/미술,2026-10-01 08:13:36,exhibition,,,🖼️ 예쁜 전시와 작품을 보며 이야기를 나누고 인생샷을 남기기 좋은 데이트 추천,exhibition,exhibition,culture_seoul,2026-10-25,,capital
서울시 문화행사 | 전시/미술,전시/미술,[문화공간이육사] 2026 기획전시 [육사답사],2026-05-18 ~ 2026-11-14,,"서울 성북구 | 위도:37.5981347529575, 경도:127.032621597764",,전시/미술 · 문화공간이육사 3층 교목실,https://culture.seoul.go.kr/culture/culture/cultureEvent/view.do?cultcode=158087&menuNo=200009,couple:1.0;date_spot:1.0;전시/미술,2026-10-01 08:13:36,exhibition,,,🖼️ 예쁜 전시와 작품을 보며 이야기를 나누고 인생샷을 남기기 좋은 데이트 추천,exhibition,exhibition,culture_seoul,2026-11-14,,capital
서울시 문화행사 | 교육/체험,교육/체험,[서울문화예술교육센터강북] 상설프로젝트 [일상의 무대] 체험 전시 및 연계 워크숍,2026-05-15 ~ 2027-03-31,,"서울 강북구 솔샘로48길 14 (미아동) | 위도:37.61955, 경도:127.017607",,교육/체험 · 서울문화예술교육센터 강북 1층 예술도담,https://culture.seoul.go.kr/culture/culture/cultureEvent/view.do?cultcode=157809&menuNo=200011,couple:1.0;date_spot:1.0;교육/체험,2026-10-01 08:13:36,concert,,,💑 연인과 함께 둘만의 소중한 주말 추억을 나누기 좋은 맞춤형 추천 장소,concert,concert,culture_seoul,2027-03-31,,capital
서울시 문화행사 | 전시/미술,전시/미술,"[종로문화재단] 2026 박노수미술관 작가 협업전시 [향, 산수를 물들이다]",2026-05-15 ~ 2026-12-06,,"서울 종로구 | 위도:37.5813184655898, 경도:126.966783450397",,전시/미술 · 종로구립 박노수미술관,https://culture.seoul.go.kr/culture/culture/cultureEvent/view.do?cultcode=157807&menuNo=200009,couple:1.0;date_spot:1.0;전시/미술,2026-10-01 08:13:36,exhibition,,,🖼️ 예쁜 전시와 작품을 보며 이야기를 나누고 인생샷을 남기기 좋은 데이트 추천,exhibition,exhibition,culture_seoul,2026-12-06,,capital
서울시 문화행사 | 교육/체험,교육/체험,[서울시립 미술아카이브] 2026 서울시립 미술아카이브 대학연계프로그램 [오픈아카이브],2026-05-11 ~ 2026-11-30,,서울 종로구,,교육/체험 · 서울시립 미술아카이브 모음동 3층 리서치랩,https://culture.seoul.go.kr/culture/culture/cultureEvent/view.do?cultcode=158355&menuNo=200011,couple:1.0;date_spot:1.0;교육/체험,2026-10-01 08:13:36,concert,,,💑 연인과 함께 둘만의 소중한 주말 추억을 나누기 좋은 맞춤형 추천 장소,concert,concert,culture_seoul,2026-11-30,,capital
서울시 문화행사 | 축제-문화/예술,축제-문화/예술,2026 서울시 태권도 공연,2026-05-09 ~ 2026-10-18,,"서울 중구 | 위도:37.55954236008625, 경도:126.99473828260912",,"축제-문화/예술 · 남산골한옥마을, DDP(동대문디자인플라자) 등",https://culture.seoul.go.kr/culture/culture/cultureEvent/view.do?cultcode=157783&menuNo=200010,couple:1.0;date_spot:1.0;축제-문화/예술,2026-10-01 08:13:36,concert,,,🎉 활기찬 분위기 속에서 연인과 생생한 축제 이벤트를 함께 즐기는 핫플레이스,concert,concert,culture_seoul,2026-10-18,,capital
서울시 문화행사 | 전시/미술,전시/미술,[송파 청년아티스트센터] 3기 릴레이 개인전 [교차점],2026-05-07 ~ 2026-10-31,,"서울 송파구 | 위도:37.534076481359, 경도:127.115952591678",,전시/미술 · 송파 청년아티스트센터 지하1층 아트 스페이스,https://culture.seoul.go.kr/culture/culture/cultureEvent/view.do?cultcode=157706&menuNo=200009,couple:1.0;date_spot:1.0;전시/미술,2026-10-01 08:13:36,exhibition,,,🖼️ 예쁜 전시와 작품을 보며 이야기를 나누고 인생샷을 남기기 좋은 데이트 추천,exhibition,exhibition,culture_seoul,2026-10-31,,capital
서울시 문화행사 | 콘서트,콘서트,2026 문화가 흐르는 서울광장,2026-05-06 ~ 2026-12-31,,서울 중구,,콘서트 · 서울광장,https://culture.seoul.go.kr/culture/culture/cultureEvent/view.do?cultcode=157652&menuNo=200008,couple:1.0;date_spot:1.0;콘서트,2026-10-01 08:13:36,concert,,61.3,🎵 감성 가득한 무대와 음악을 즐기며 특별한 추억을 선사하는 낭만 공연,concert,concert,culture_seoul,2026-12-31,seoul_culture_popularity,capital
서울시 문화행사 | 콘서트,콘서트,2026 서울거리공연 구석구석라이브,2026-05-01 ~ 2026-12-31,,서울 용산구,,콘서트 · 공연별 상이,https://culture.seoul.go.kr/culture/culture/cultureEvent/view.do?cultcode=157655&menuNo=200008,couple:1.0;date_spot:1.0;콘서트,2026-10-01 08:13:36,concert,,,🎵 감성 가득한 무대와 음악을 즐기며 특별한 추억을 선사하는 낭만 공연,concert,concert,culture_seoul,2026-12-31,,capital
서울시 문화행사 | 교육/체험,교육/체험,"[서울문화재단] 2026 서울문화예술교육 프로그램 [모아, 담아] 1차",2026-05-01 ~ 2026-11-30,,서울 종로구,,교육/체험 · 서울시내 전역,https://culture.seoul.go.kr/culture/culture/cultureEvent/view.do?cultcode=158124&menuNo=200011,couple:1.0;date_spot:1.0;교육/체험,2026-10-01 08:13:36,concert,,,💑 연인과 함께 둘만의 소중한 주말 추억을 나누기 좋은 맞춤형 추천 장소,concert,concert,culture_seoul,2026-11-30,,capital
서울시 문화행사 | 축제-자연/경관,축제-자연/경관,2026 서울국제정원박람회,2026-05-01 ~ 2026-10-27,,서울 성동구,,축제-자연/경관 · 서울숲 일대,https://culture.seoul.go.kr/culture/culture/cultureEvent/view.do?cultcode=156916&menuNo=200010,couple:1.0;date_spot:1.0;축제-자연/경관,2026-10-01 08:13:36,concert,,,🎉 활기찬 분위기 속에서 연인과 생생한 축제 이벤트를 함께 즐기는 핫플레이스,concert,concert,culture_seoul,2026-10-27,,capital
서울시 문화행사 | 전시/미술,전시/미술,"[서울공예박물관] 공예협력전시 [안동별궁, 시간의 겹]",2026-04-28 ~ 2027-08-29,,"서울 종로구 | 위도:37.53693420180437, 경도:126.97711747962751",,전시/미술 · 서울공예박물관 전시1동 3층 기획전시실,https://culture.seoul.go.kr/culture/culture/cultureEvent/view.do?cultcode=157420&menuNo=200009,couple:1.0;date_spot:1.0;전시/미술,2026-10-01 08:13:36,exhibition,,,🖼️ 예쁜 전시와 작품을 보며 이야기를 나누고 인생샷을 남기기 좋은 데이트 추천,exhibition,exhibition,culture_seoul,2027-08-29,,capital
서울시 문화행사 | 전시/미술,전시/미술,[서울상상나라] 놀이의 가능성: 보다,2026-04-28 ~ 2026-10-31,,서울 광진구,,전시/미술 · 서울상상나라 1층 로비,https://culture.seoul.go.kr/culture/culture/cultureEvent/view.do?cultcode=157801&menuNo=200009,couple:1.0;date_spot:1.0;전시/미술,2026-10-01 08:13:36,exhibition,,,🖼️ 예쁜 전시와 작품을 보며 이야기를 나누고 인생샷을 남기기 좋은 데이트 추천,exhibition,exhibition,culture_seoul,2026-10-31,,capital
서울시 문화행사 | 전시/미술,전시/미술,[서초문화재단] 2026 공공미술 전시 [Wonder Street],2026-04-27 ~ 2026-11-15,,서울 서초구,,전시/미술 · 서초구 전역 원베일리 공공보행로 피카소벽화거리,https://culture.seoul.go.kr/culture/culture/cultureEvent/view.do?cultcode=157859&menuNo=200009,couple:1.0;date_spot:1.0;전시/미술,2026-10-01 08:13:36,exhibition,,,🖼️ 예쁜 전시와 작품을 보며 이야기를 나누고 인생샷을 남기기 좋은 데이트 추천,exhibition,exhibition,culture_seoul,2026-11-15,,capital
서울시 문화행사 | 축제-기타,축제-기타,2026 서로장터,2026-04-26 ~ 2026-11-01,,서울 성동구,,"축제-기타 · 서울광장, 서울숲, 양재시민의 숲, 잠수교",https://culture.seoul.go.kr/culture/culture/cultureEvent/view.do?cultcode=157478&menuNo=200010,couple:1.0;date_spot:1.0;축제-기타,2026-10-01 08:13:36,concert,,,🎉 활기찬 분위기 속에서 연인과 생생한 축제 이벤트를 함께 즐기는 핫플레이스,concert,concert,culture_seoul,2026-11-01,,capital
서울시 문화행사 | 교육/체험,교육/체험,[서울기록원] 2026년 예비 기록 전문가의 날,2026-04-24 ~ 2026-10-30,,서울 은평구,,교육/체험 · 서울기록원 5층 컨퍼런스룸,https://culture.seoul.go.kr/culture/culture/cultureEvent/view.do?cultcode=157377&menuNo=200011,couple:1.0;date_spot:1.0;교육/체험,2026-10-01 08:13:36,concert,,,💑 연인과 함께 둘만의 소중한 주말 추억을 나누기 좋은 맞춤형 추천 장소,concert,concert,culture_seoul,2026-10-30,,capital
서울시 문화행사 | 교육/체험,교육/체험,[청담종합사회복지관] 청년 요리·사회참여 커뮤니티 [ON(溫)마을 행복한 밥상],2026-04-23 ~ 2026-11-26,,"서울 금천구 | 위도:37.451255328266, 경도:126.913899749556",,교육/체험 · 청담종합사회복지관 구관 1층 청담수랏간 및 소규모 회의실 등,https://culture.seoul.go.kr/culture/culture/cultureEvent/view.do?cultcode=157052&menuNo=200011,couple:1.0;date_spot:1.0;교육/체험,2026-10-01 08:13:36,concert,,,💑 연인과 함께 둘만의 소중한 주말 추억을 나누기 좋은 맞춤형 추천 장소,concert,concert,culture_seoul,2026-11-26,,capital
서울시 문화행사 | 축제-문화/예술,축제-문화/예술,"[서울도서관] 2026년 서울야외도서관 (책읽는 서울광장, 광화문 책마당, 책읽는 맑은 냇가)",2026-04-23 ~ 2026-11-01,,"서울 중구 | 위도:37.572602860810186, 경도:126.97691639601517",,"축제-문화/예술 · 서울광장, 광화문 광장, 청계천 일대",https://culture.seoul.go.kr/culture/culture/cultureEvent/view.do?cultcode=156879&menuNo=200010,couple:1.0;date_spot:1.0;축제-문화/예술,2026-10-01 08:13:36,concert,,,🎉 활기찬 분위기 속에서 연인과 생생한 축제 이벤트를 함께 즐기는 핫플레이스,concert,concert,culture_seoul,2026-11-01,,capital
서울시 문화행사 | 교육/체험,교육/체험,2026 한강이야기여행 [한강역사탐방],2026-04-20 ~ 2026-11-15,,"서울 용산구 | 위도:37.5509508196498, 경도:127.110817203901",,"교육/체험 · 광나루, 잠실, 뚝섬, 잠원, 반포, 이촌, 여의도, 양화, 난지, 망원, 강서",https://culture.seoul.go.kr/culture/culture/cultureEvent/view.do?cultcode=157700&menuNo=200011,couple:1.0;date_spot:1.0;교육/체험,2026-10-01 08:13:36,concert,,,💑 연인과 함께 둘만의 소중한 주말 추억을 나누기 좋은 맞춤형 추천 장소,concert,concert,culture_seoul,2026-11-15,,capital
서울시 문화행사 | 전시/미술,전시/미술,[서울시립미술관 서소문본관] 가나아트컬렉션 《기술의 저변: 경계에 선 장면들》,2026-04-16 ~ 2026-11-22,,"서울 중구 | 위도:37.56410579887691, 경도:126.9736988634857",,전시/미술 · 서울시립미술관 서소문본관 2층 가나아트컬렉션 전시실/상설 전시실,https://culture.seoul.go.kr/culture/culture/cultureEvent/view.do?cultcode=157284&menuNo=200009,couple:1.0;date_spot:1.0;전시/미술,2026-10-01 08:13:36,exhibition,,,🖼️ 예쁜 전시와 작품을 보며 이야기를 나누고 인생샷을 남기기 좋은 데이트 추천,exhibition,exhibition,culture_seoul,2026-11-22,,capital
서울시 문화행사 | 클래식,클래식,[영등포문화재단] 2026 영등포아트홀 기획공연 [마티네콘서트 With 금난새],2026-04-16 ~ 2026-10-15,,"서울 영등포구 | 위도:37.52620290196588, 경도:126.90011827359992",,클래식 · 영등포아트홀,https://culture.seoul.go.kr/culture/culture/cultureEvent/view.do?cultcode=156776&menuNo=200008,couple:1.0;date_spot:1.0;클래식,2026-10-01 08:13:36,concert,,70.7,🎵 감성 가득한 무대와 음악을 즐기며 특별한 추억을 선사하는 낭만 공연,concert,concert,culture_seoul,2026-10-15,seoul_culture_popularity,capital
서울시 문화행사 | 축제-전통/역사,축제-전통/역사,2026 의정부지 역사유적광장 전통무예행사,2026-04-11 ~ 2026-10-31,,"서울 종로구 | 위도:37.5749348501476, 경도:126.978042044482",,축제-전통/역사 · 의정부지 역사유적광장,https://culture.seoul.go.kr/culture/culture/cultureEvent/view.do?cultcode=157327&menuNo=200010,couple:1.0;date_spot:1.0;축제-전통/역사,2026-10-01 08:13:36,concert,,0.0,🎉 활기찬 분위기 속에서 연인과 생생한 축제 이벤트를 함께 즐기는 핫플레이스,concert,concert,culture_seoul,2026-10-31,seoul_culture_popularity,capital
서울시 문화행사 | 콘서트,콘서트,[서울문화예술교육센터 서초] 상설 마티네콘서트 [스피리오 리사이틀],2026-04-07 ~ 2026-12-29,,"서울 서초구 신반포로19길 6 (반포동) | 위도:37.5047177, 경도:126.9983081",,콘서트 · 서울문화예술교육센터 서초 5층 서울체임버홀,https://culture.seoul.go.kr/culture/culture/cultureEvent/view.do?cultcode=157017&menuNo=200008,couple:1.0;date_spot:1.0;콘서트,2026-10-01 08:13:36,concert,,,🎵 감성 가득한 무대와 음악을 즐기며 특별한 추억을 선사하는 낭만 공연,concert,concert,culture_seoul,2026-12-29,,capital
서울시 문화행사 | 콘서트,콘서트,[광진문화재단] 2026 나루랑 버스킹,2026-04-04 ~ 2026-10-31,,"서울 광진구 | 위도:37.5403681192609, 경도:127.070311755401",,"콘서트 · 청춘뜨락, 아차산 토요한마당 상설무대",https://culture.seoul.go.kr/culture/culture/cultureEvent/view.do?cultcode=157866&menuNo=200008,couple:1.0;date_spot:1.0;콘서트,2026-10-01 08:13:36,concert,,,🎵 감성 가득한 무대와 음악을 즐기며 특별한 추억을 선사하는 낭만 공연,concert,concert,culture_seoul,2026-10-31,,capital
서울시 문화행사 | 교육/체험,교육/체험,[남산골한옥마을] 2026 남산골 전통체험 [예술가의 시간],2026-04-03 ~ 2026-10-25,,"서울 중구 | 위도:37.55954236008625, 경도:126.99473828260912",,교육/체험 · 남산골한옥마을 전통가옥 프로그램별 상이,https://culture.seoul.go.kr/culture/culture/cultureEvent/view.do?cultcode=157090&menuNo=200011,couple:1.0;date_spot:1.0;교육/체험,2026-10-01 08:13:36,concert,,,💑 연인과 함께 둘만의 소중한 주말 추억을 나누기 좋은 맞춤형 추천 장소,concert,concert,culture_seoul,2026-10-25,,capital
서울시 문화행사 | 전시/미술,전시/미술,[서울시립 북서울미술관] 유휴공간 전시 [몸을 위한 간주곡 ― 소목장세미],2026-04-02 ~ 2027-05-30,,서울 노원구,,전시/미술 · 서울시립 북서울미술관 1층 라운지 1,https://culture.seoul.go.kr/culture/culture/cultureEvent/view.do?cultcode=157098&menuNo=200009,couple:1.0;date_spot:1.0;전시/미술,2026-10-01 08:13:36,exhibition,,,🖼️ 예쁜 전시와 작품을 보며 이야기를 나누고 인생샷을 남기기 좋은 데이트 추천,exhibition,exhibition,culture_seoul,2027-05-30,,capital
서울시 문화행사 | 교육/체험,교육/체험,[서울생활사박물관] 2026년 조각조각 서울이야기 엮기(초등5~6학년 학급단체),2026-04-02 ~ 2026-11-26,,"서울 노원구 | 위도:37.6197018366411, 경도:127.07701499863",,교육/체험 · 서울생활사박물관,https://culture.seoul.go.kr/culture/culture/cultureEvent/view.do?cultcode=156700&menuNo=200011,couple:1.0;date_spot:1.0;교육/체험,2026-10-01 08:13:36,concert,,78.7,💑 연인과 함께 둘만의 소중한 주말 추억을 나누기 좋은 맞춤형 추천 장소,concert,concert,culture_seoul,2026-11-26,seoul_culture_popularity,capital
서울시 문화행사 | 기타,기타,[광진문화재단] 2025 건대프리마켓,2026-04-02 ~ 2026-11-01,,"서울 광진구 | 위도:37.5403681192609, 경도:127.070311755401",,기타 · 청춘뜨락,https://culture.seoul.go.kr/culture/culture/cultureEvent/view.do?cultcode=157865&menuNo=200013,couple:1.0;date_spot:1.0;기타,2026-10-01 08:13:36,concert,,,💑 연인과 함께 둘만의 소중한 주말 추억을 나누기 좋은 맞춤형 추천 장소,concert,concert,culture_seoul,2026-11-01,,capital
서울시 문화행사 | 교육/체험,교육/체험,[서울시립과학관] 2026 고교탐구교실,2026-04-01 ~ 2026-12-31,,서울 노원구,,교육/체험 · 서울시립과학관 1~4교육실,https://culture.seoul.go.kr/culture/culture/cultureEvent/view.do?cultcode=156520&menuNo=200011,couple:1.0;date_spot:1.0;교육/체험,2026-10-01 08:13:36,concert,,,💑 연인과 함께 둘만의 소중한 주말 추억을 나누기 좋은 맞춤형 추천 장소,concert,concert,culture_seoul,2026-12-31,,capital
서울시 문화행사 | 교육/체험,교육/체험,[서울역사박물관] 2026년 [느낌있는 박물관] 중·고등학교 특수학급 기관 모집,2026-04-01 ~ 2026-12-31,,"서울 종로구 | 위도:37.5707881525953, 경도:126.968649079046",,교육/체험 · 서울역사박물관,https://culture.seoul.go.kr/culture/culture/cultureEvent/view.do?cultcode=156940&menuNo=200011,couple:1.0;date_spot:1.0;교육/체험,2026-10-01 08:13:36,concert,,100.0,💑 연인과 함께 둘만의 소중한 주말 추억을 나누기 좋은 맞춤형 추천 장소,concert,concert,culture_seoul,2026-12-31,seoul_culture_popularity,capital
서울시 문화행사 | 교육/체험,교육/체험,[서울시립과학관] 2026 이공계 특화 진로 탐색,2026-04-01 ~ 2026-12-06,,서울 노원구,,교육/체험 · 서울시립과학관 1~4교육실,https://culture.seoul.go.kr/culture/culture/cultureEvent/view.do?cultcode=156519&menuNo=200011,couple:1.0;date_spot:1.0;교육/체험,2026-10-01 08:13:36,concert,,,💑 연인과 함께 둘만의 소중한 주말 추억을 나누기 좋은 맞춤형 추천 장소,concert,concert,culture_seoul,2026-12-06,,capital
서울시 문화행사 | 교육/체험,교육/체험,[서울시립과학관] 2026 과학테마교실,2026-04-01 ~ 2026-12-04,,서울 노원구,,교육/체험 · 서울시립과학관 1~4교육실,https://culture.seoul.go.kr/culture/culture/cultureEvent/view.do?cultcode=156523&menuNo=200011,couple:1.0;date_spot:1.0;교육/체험,2026-10-01 08:13:36,concert,,,💑 연인과 함께 둘만의 소중한 주말 추억을 나누기 좋은 맞춤형 추천 장소,concert,concert,culture_seoul,2026-12-04,,capital
서울시 문화행사 | 교육/체험,교육/체험,[서울생활사박물관] 2026년 무브무브 나의 생활사 교육생 모집 (초등 3~4학년 학급단체),2026-04-01 ~ 2026-12-02,,"서울 노원구 | 위도:37.6197018366411, 경도:127.07701499863",,교육/체험 · 서울생활사박물관,https://culture.seoul.go.kr/culture/culture/cultureEvent/view.do?cultcode=156701&menuNo=200011,couple:1.0;date_spot:1.0;교육/체험,2026-10-01 08:13:36,concert,,78.7,💑 연인과 함께 둘만의 소중한 주말 추억을 나누기 좋은 맞춤형 추천 장소,concert,concert,culture_seoul,2026-12-02,seoul_culture_popularity,capital
서울시 문화행사 | 교육/체험,교육/체험,2026년 집옥재(팔우정 포함) 작은 도서관 개방,2026-04-01 ~ 2026-10-31,,"서울 종로구 | 위도:37.5834939163328, 경도:126.976102408454",,교육/체험 · 경복궁 집옥재·팔우정,https://culture.seoul.go.kr/culture/culture/cultureEvent/view.do?cultcode=157383&menuNo=200011,couple:1.0;date_spot:1.0;교육/체험,2026-10-01 08:13:36,concert,,,💑 연인과 함께 둘만의 소중한 주말 추억을 나누기 좋은 맞춤형 추천 장소,concert,concert,culture_seoul,2026-10-31,,capital
서울시 문화행사 | 교육/체험,교육/체험,2026년 경복궁 [경회루·향원정] 특별관람,2026-04-01 ~ 2026-10-30,,"서울 종로구 | 위도:37.5797746011469, 경도:126.976035671158",,교육/체험 · 경복궁 경회루·향원정,https://culture.seoul.go.kr/culture/culture/cultureEvent/view.do?cultcode=157389&menuNo=200011,couple:1.0;date_spot:1.0;교육/체험,2026-10-01 08:13:36,concert,,,💑 연인과 함께 둘만의 소중한 주말 추억을 나누기 좋은 맞춤형 추천 장소,concert,concert,culture_seoul,2026-10-30,,capital
서울시 문화행사 | 축제-전통/역사,축제-전통/역사,[남산골한옥마을] 남산골 전통혼례,2026-03-28 ~ 2026-11-15,,"서울 중구 | 위도:37.559257646487, 경도:126.99477112457554",,축제-전통/역사 · 관훈동 민씨가옥 안채 마당 (야외 혼례),https://culture.seoul.go.kr/culture/culture/cultureEvent/view.do?cultcode=156333&menuNo=200010,couple:1.0;date_spot:1.0;축제-전통/역사,2026-10-01 08:13:36,concert,,,🎉 활기찬 분위기 속에서 연인과 생생한 축제 이벤트를 함께 즐기는 핫플레이스,concert,concert,culture_seoul,2026-11-15,,capital
서울시 문화행사 | 교육/체험,교육/체험,[서울시립과학관] 2026 토요과학강연,2026-03-28 ~ 2026-10-31,,서울 노원구,,교육/체험 · 서울시립과학관 1층 사이언스홀,https://culture.seoul.go.kr/culture/culture/cultureEvent/view.do?cultcode=157772&menuNo=200011,couple:1.0;date_spot:1.0;교육/체험,2026-10-01 08:13:36,concert,,,💑 연인과 함께 둘만의 소중한 주말 추억을 나누기 좋은 맞춤형 추천 장소,concert,concert,culture_seoul,2026-10-31,,capital
서울시 문화행사 | 전시/미술,전시/미술,[서울문화재단] 2026 신당창작아케이드 [어쩌다 마주친 공예 in 노들섬],2026-03-27 ~ 2026-12-31,,"서울 용산구 | 위도:37.5176638307111, 경도:126.958036465507",,전시/미술 · 노들섬 노들서가 내 아트스페이스 엣지 1층 (서울특별시 용산구 양녕로 445),https://culture.seoul.go.kr/culture/culture/cultureEvent/view.do?cultcode=157363&menuNo=200009,couple:1.0;date_spot:1.0;전시/미술,2026-10-01 08:13:36,exhibition,,,🖼️ 예쁜 전시와 작품을 보며 이야기를 나누고 인생샷을 남기기 좋은 데이트 추천,exhibition,exhibition,culture_seoul,2026-12-31,,capital
서울시 문화행사 | 교육/체험,교육/체험,[서울역사박물관] 2026년 청소년 박물관 톡(TALK) 모집안내,2026-03-24 ~ 2026-12-11,,"서울 종로구 | 위도:37.5707881525953, 경도:126.968649079046",,교육/체험 · 서울역사박물관,https://culture.seoul.go.kr/culture/culture/cultureEvent/view.do?cultcode=156976&menuNo=200011,couple:1.0;date_spot:1.0;교육/체험,2026-10-01 08:13:36,concert,,100.0,💑 연인과 함께 둘만의 소중한 주말 추억을 나누기 좋은 맞춤형 추천 장소,concert,concert,culture_seoul,2026-12-11,seoul_culture_popularity,capital
서울시 문화행사 | 교육/체험,교육/체험,융(C. G. Jung)과 함께 읽는 회복의 12단계 대장정,2026-03-08 ~ 2027-01-31,,"서울 종로구 | 위도:37.5557093086278, 경도:127.042179857539",,교육/체험 · 온라인 ZOOM 또는 자기사랑 세미나실,https://culture.seoul.go.kr/culture/culture/cultureEvent/view.do?cultcode=156914&menuNo=200011,couple:1.0;date_spot:1.0;교육/체험,2026-10-01 08:13:36,concert,,,💑 연인과 함께 둘만의 소중한 주말 추억을 나누기 좋은 맞춤형 추천 장소,concert,concert,culture_seoul,2027-01-31,,capital
서울시 문화행사 | 교육/체험,교육/체험,[평화문화진지] 2026년 평화문화진지 정기 예술교육 프로그램 [예술 피움],2026-03-07 ~ 2026-12-05,,"서울 도봉구 | 위도:37.690780138783, 경도:127.046812594303",,교육/체험 · 평화문화진지 (서울특별시 도봉구 마들로 932),https://culture.seoul.go.kr/culture/culture/cultureEvent/view.do?cultcode=156807&menuNo=200011,couple:1.0;date_spot:1.0;교육/체험,2026-10-01 08:13:36,concert,,,💑 연인과 함께 둘만의 소중한 주말 추억을 나누기 좋은 맞춤형 추천 장소,concert,concert,culture_seoul,2026-12-05,,capital
서울시 문화행사 | 교육/체험,교육/체험,"[서울시립 미술아카이브] 진로 탐색 [아하, 아카이브!]",2026-03-06 ~ 2026-12-04,,서울 종로구,,교육/체험 · 서울시립 미술아카이브 배움동 2층 모두의 교실,https://culture.seoul.go.kr/culture/culture/cultureEvent/view.do?cultcode=156983&menuNo=200011,couple:1.0;date_spot:1.0;교육/체험,2026-10-01 08:13:36,concert,,,💑 연인과 함께 둘만의 소중한 주말 추억을 나누기 좋은 맞춤형 추천 장소,concert,concert,culture_seoul,2026-12-04,,capital
서울시 문화행사 | 기타,기타,[국가유산청 궁능유적본부] 수문장 순라의식,2026-03-01 ~ 2026-11-29,,"서울 종로구 | 위도:37.577613288258206, 경도:126.97689786832184",,"기타 · (토요일)경복궁 내부 (일요일, 공휴일)인사동 문화의 거리",https://culture.seoul.go.kr/culture/culture/cultureEvent/view.do?cultcode=156996&menuNo=200013,couple:1.0;date_spot:1.0;기타,2026-10-01 08:13:36,concert,,,💑 연인과 함께 둘만의 소중한 주말 추억을 나누기 좋은 맞춤형 추천 장소,concert,concert,culture_seoul,2026-11-29,,capital
서울시 문화행사 | 국악,국악,[삼청각] 수요 상설 공연 [삼청일화예술단],2026-02-25 ~ 2026-12-30,,"서울 성북구 | 위도:37.59735073472928, 경도:126.98418081977508",,국악 · 삼청각 일화당,https://culture.seoul.go.kr/culture/culture/cultureEvent/view.do?cultcode=156402&menuNo=200008,couple:1.0;date_spot:1.0;국악,2026-10-01 08:13:36,concert,,,🎵 감성 가득한 무대와 음악을 즐기며 특별한 추억을 선사하는 낭만 공연,concert,concert,culture_seoul,2026-12-30,,capital
서울시 문화행사 | 교육/체험,교육/체험,[서울우리소리박물관] 2026 자율학습 프로그램 [우리소리 친구들],2026-02-09 ~ 2026-12-31,,"서울 종로구 | 위도:35.5501649779519, 경도:129.262890751916",,교육/체험 · 누마루 또는 교육실,https://culture.seoul.go.kr/culture/culture/cultureEvent/view.do?cultcode=156746&menuNo=200011,couple:1.0;date_spot:1.0;교육/체험,2026-10-01 08:13:36,concert,,,💑 연인과 함께 둘만의 소중한 주말 추억을 나누기 좋은 맞춤형 추천 장소,concert,concert,culture_seoul,2026-12-31,,capital
서울시 문화행사 | 교육/체험,교육/체험,[서울하수도과학관] 하수처리장 견학,2026-02-04 ~ 2026-11-26,,서울 성동구,,교육/체험 · 서울하수도과학관,https://culture.seoul.go.kr/culture/culture/cultureEvent/view.do?cultcode=156708&menuNo=200011,couple:1.0;date_spot:1.0;교육/체험,2026-10-01 08:13:36,concert,,60.0,💑 연인과 함께 둘만의 소중한 주말 추억을 나누기 좋은 맞춤형 추천 장소,concert,concert,culture_seoul,2026-11-26,seoul_culture_popularity,capital
서울시 문화행사 | 기타,기타,"[마포구립서강도서관] 독서토론회 [2026년 목, 수다]",2026-01-22 ~ 2026-12-24,,"서울 마포구 | 위도:37.5477685977495, 경도:126.932207063747",,기타 · 마포구립서강도서관 3층 Book C,https://culture.seoul.go.kr/culture/culture/cultureEvent/view.do?cultcode=156177&menuNo=200013,couple:1.0;date_spot:1.0;기타,2026-10-01 08:13:36,concert,,,💑 연인과 함께 둘만의 소중한 주말 추억을 나누기 좋은 맞춤형 추천 장소,concert,concert,culture_seoul,2026-12-24,,capital
서울시 문화행사 | 전시/미술,전시/미술,[DDP] Dream in Light,2026-01-09 ~ 2026-12-31,,서울 중구,,"전시/미술 · DDP 전면, 유구전시장 앞, 미래로 상부",https://culture.seoul.go.kr/culture/culture/cultureEvent/view.do?cultcode=156491&menuNo=200009,couple:1.0;date_spot:1.0;전시/미술,2026-10-01 08:13:36,exhibition,,,🖼️ 예쁜 전시와 작품을 보며 이야기를 나누고 인생샷을 남기기 좋은 데이트 추천,exhibition,exhibition,culture_seoul,2026-12-31,,capital
서울시 문화행사 | 교육/체험,교육/체험,DDP 건축투어 2026,2026-01-02 ~ 2027-12-31,,"서울 중구 | 위도:37.567672671215, 경도:127.009689222591",,"교육/체험 · DDP(동대문디자인플라자) / DDP 라운지 투어데스크(아트홀 1층 A3, A4)",https://culture.seoul.go.kr/culture/culture/cultureEvent/view.do?cultcode=158747&menuNo=200011,couple:1.0;date_spot:1.0;교육/체험,2026-10-01 08:13:36,concert,,,💑 연인과 함께 둘만의 소중한 주말 추억을 나누기 좋은 맞춤형 추천 장소,concert,concert,culture_seoul,2027-12-31,,capital
서울시 문화행사 | 교육/체험,교육/체험,[서울디자인재단] SUP 시민참여 프로그램 [자원순환 이야기],2026-01-02 ~ 2026-12-31,,서울 성동구,,교육/체험 · 서울새활용플라자 1층 새활용하우스,https://culture.seoul.go.kr/culture/culture/cultureEvent/view.do?cultcode=156557&menuNo=200011,couple:1.0;date_spot:1.0;교육/체험,2026-10-01 08:13:36,concert,,,💑 연인과 함께 둘만의 소중한 주말 추억을 나누기 좋은 맞춤형 추천 장소,concert,concert,culture_seoul,2026-12-31,,capital
서울시 문화행사 | 교육/체험,교육/체험,"[서울디자인재단] [해치와 나눔히어로] 장난감 기부, 나눔 체험",2026-01-02 ~ 2026-12-31,,서울 성동구,,교육/체험 · 서울새활용플라자 1층 새활용하우스,https://culture.seoul.go.kr/culture/culture/cultureEvent/view.do?cultcode=156555&menuNo=200011,couple:1.0;date_spot:1.0;교육/체험,2026-10-01 08:13:36,concert,,,💑 연인과 함께 둘만의 소중한 주말 추억을 나누기 좋은 맞춤형 추천 장소,concert,concert,culture_seoul,2026-12-31,,capital
서울시 문화행사 | 전시/미술,전시/미술,[서울디자인재단] 2025 [Now for Zero-Waste Vol.2 : 새로제로] 展,2026-01-02 ~ 2026-12-31,,서울 성동구,,전시/미술 · 서울새활용플라자 1층 새활용하우스,https://culture.seoul.go.kr/culture/culture/cultureEvent/view.do?cultcode=156558&menuNo=200009,couple:1.0;date_spot:1.0;전시/미술,2026-10-01 08:13:36,exhibition,,,🖼️ 예쁜 전시와 작품을 보며 이야기를 나누고 인생샷을 남기기 좋은 데이트 추천,exhibition,exhibition,culture_seoul,2026-12-31,,capital
서울시 문화행사 | 기타,기타,[서울시] 2026년 서울청년문화패스 신청자 모집,2025-12-22 ~ 2026-12-31,,"서울 중구 | 위도:37.5557093086278, 경도:127.042179857539",,기타 · 온라인 접수,https://culture.seoul.go.kr/culture/culture/cultureEvent/view.do?cultcode=156277&menuNo=200013,couple:1.0;date_spot:1.0;기타,2026-10-01 08:13:36,concert,,,💑 연인과 함께 둘만의 소중한 주말 추억을 나누기 좋은 맞춤형 추천 장소,concert,concert,culture_seoul,2026-12-31,,capital
서울시 문화행사 | 전시/미술,전시/미술,"[국립중앙박물관] 이슬람 미술, 찬란한 빛의 여정",2025-11-22 ~ 2026-10-11,,"서울 은평구 | 위도:37.523901892565185, 경도:126.98092813997832",,전시/미술 · 국립중앙박물관 상설전시관 이슬람실,https://culture.seoul.go.kr/culture/culture/cultureEvent/view.do?cultcode=156371&menuNo=200009,couple:1.0;date_spot:1.0;전시/미술,2026-10-01 08:13:36,exhibition,,,🖼️ 예쁜 전시와 작품을 보며 이야기를 나누고 인생샷을 남기기 좋은 데이트 추천,exhibition,exhibition,culture_seoul,2026-10-11,,capital
서울시 문화행사 | 전시/미술,전시/미술,[서울상상나라] 통-하다,2025-11-11 ~ 2026-11-11,,서울 광진구,,전시/미술 · 서울상상나라 1층 상설전시실,https://culture.seoul.go.kr/culture/culture/cultureEvent/view.do?cultcode=155891&menuNo=200009,couple:1.0;date_spot:1.0;전시/미술,2026-10-01 08:13:36,exhibition,,,🖼️ 예쁜 전시와 작품을 보며 이야기를 나누고 인생샷을 남기기 좋은 데이트 추천,exhibition,exhibition,culture_seoul,2026-11-11,,capital
서울시 문화행사 | 전시,전시,사각사각 소곤소곤,2026-08-15 ~ 2026-10-25,,"서울 기획전시 | 위도:37.578627489574416, 경도:126.9800979573524",,전시 · 국립현대미술관 서울 교육동 2층,https://www.mmca.go.kr/exhibitions/exhibitionsDetail.do?exhId=202608200002088,couple:1.0;date_spot:1.0;전시,2026-10-01 08:13:36,exhibition,,,🖼️ 예쁜 전시와 작품을 보며 이야기를 나누고 인생샷을 남기기 좋은 데이트 추천,exhibition,exhibition,culture_seoul,2026-10-25,,capital
서울시 문화행사 | 전시,전시,이대원: 당신을 슬프게 하는 것은 하나도 없다,2026-08-06 ~ 2026-11-08,,"서울 기획전시 | 위도:37.5659384342432, 경도:126.973740099183",,"전시 · 국립현대미술관 덕수궁 1, 2, 3, 4전시실",https://www.mmca.go.kr/exhibitions/exhibitionsDetail.do?exhId=202601120002029,couple:1.0;date_spot:1.0;전시,2026-10-01 08:13:36,exhibition,,,🖼️ 예쁜 전시와 작품을 보며 이야기를 나누고 인생샷을 남기기 좋은 데이트 추천,exhibition,exhibition,culture_seoul,2026-11-08,,capital
서울시 문화행사 | 전시,전시,MMCA×LG OLED 시리즈 2026,2026-07-31 ~ 2026-11-29,,"서울 기획전시 | 위도:37.5701605345049, 경도:126.966729544519",,"전시 · 국립현대미술관 서울 지하1층, 서울박스",https://www.mmca.go.kr/exhibitions/exhibitionsDetail.do?exhId=202601060002028,couple:1.0;date_spot:1.0;전시,2026-10-01 08:13:36,exhibition,,,🖼️ 예쁜 전시와 작품을 보며 이야기를 나누고 인생샷을 남기기 좋은 데이트 추천,exhibition,exhibition,culture_seoul,2026-11-29,,capital
서울시 문화행사 | 전시,전시,올해의 작가상 2026,2026-07-24 ~ 2026-12-06,,"서울 기획전시 | 위도:37.578627489574416, 경도:126.9800979573524",,"전시 · 국립현대미술관 서울 1층, 1전시실 / 지하1층, 2전시실",https://www.mmca.go.kr/exhibitions/exhibitionsDetail.do?exhId=202512310002018,couple:1.0;date_spot:1.0;전시,2026-10-01 08:13:36,exhibition,,,🖼️ 예쁜 전시와 작품을 보며 이야기를 나누고 인생샷을 남기기 좋은 데이트 추천,exhibition,exhibition,culture_seoul,2026-12-06,,capital
서울시 문화행사 | 전시,전시,과천관 40주년 프로젝트: 빛의 상상들,2026-07-10 ~ 2027-10-31,,"서울 기획전시 | 위도:34.79457636363073, 경도:126.37407916627734",,"전시 · 국립현대미술관 과천 2원형전시실, 3층회랑 브릿지, 로비, 조각공원, 대강당 등 과천관 내 외부 전역 및 SNS플랫폼 등",https://www.mmca.go.kr/exhibitions/exhibitionsDetail.do?exhId=202601060002026,couple:1.0;date_spot:1.0;전시,2026-10-01 08:13:36,exhibition,,,🖼️ 예쁜 전시와 작품을 보며 이야기를 나누고 인생샷을 남기기 좋은 데이트 추천,exhibition,exhibition,culture_seoul,2027-10-31,,capital
서울시 문화행사 | 전시,전시,이것은 개념미술이 (아니)다,2026-06-19 ~ 2026-10-11,,"서울 기획전시 | 위도:37.578627489574416, 경도:126.9800979573524",,"전시 · 국립현대미술관 서울 지하1층 6, 7전시실 / 1층 미술관마당",https://www.mmca.go.kr/exhibitions/exhibitionsDetail.do?exhId=202601060002027,couple:1.0;date_spot:1.0;전시,2026-10-01 08:13:36,exhibition,,,🖼️ 예쁜 전시와 작품을 보며 이야기를 나누고 인생샷을 남기기 좋은 데이트 추천,exhibition,exhibition,culture_seoul,2026-10-11,,capital
서울시 문화행사 | 전시,전시,MMCA 과천 상설전 «한국근현대미술 II»,2026-04-22 ~ 2027-06-27,,"서울 상설전시 | 위도:37.4312896582898, 경도:127.020079902514",,"전시 · 국립현대미술관 과천 2층, 3, 4 전시실",https://www.mmca.go.kr/exhibitions/exhibitionsDetail.do?exhId=202501060001885,couple:1.0;date_spot:1.0;전시,2026-10-01 08:13:36,exhibition,,,🖼️ 예쁜 전시와 작품을 보며 이야기를 나누고 인생샷을 남기기 좋은 데이트 추천,exhibition,exhibition,culture_seoul,2027-06-27,,capital
서울시 문화행사 | 전시,전시,MMCA 과천 상설전 «한국근현대미술 I»,2026-04-22 ~ 2027-06-27,,"서울 상설전시 | 위도:37.4312896582898, 경도:127.020079902514",,"전시 · 국립현대미술관 과천 3층, 5, 6전시실",https://www.mmca.go.kr/exhibitions/exhibitionsDetail.do?exhId=202501060001884,couple:1.0;date_spot:1.0;전시,2026-10-01 08:13:36,exhibition,,,🖼️ 예쁜 전시와 작품을 보며 이야기를 나누고 인생샷을 남기기 좋은 데이트 추천,exhibition,exhibition,culture_seoul,2027-06-27,,capital
서울시 문화행사 | 전시,전시,그래도 해보던 날들,2026-04-17 ~ 2027-02-28,,"서울 기획전시 | 위도:37.578627489574416, 경도:126.9800979573524",,전시 · 국립현대미술관 서울 MMCA 아이공간,https://www.mmca.go.kr/exhibitions/exhibitionsDetail.do?exhId=202603300002070,couple:1.0;date_spot:1.0;전시,2026-10-01 08:13:36,exhibition,,,🖼️ 예쁜 전시와 작품을 보며 이야기를 나누고 인생샷을 남기기 좋은 데이트 추천,exhibition,exhibition,culture_seoul,2027-02-28,,capital
서울시 문화행사 | 다원예술,다원예술,MMCA 다원예술 2026: 탐정의 시간,2026-04-01 ~ 2026-12-06,,"서울 다원예술 | 위도:37.5701605345049, 경도:126.966729544519",,"다원예술 · 국립현대미술관 서울 지하1층, MMCA 다원공간",https://www.mmca.go.kr/exhibitions/exhibitionsDetail.do?exhId=202601060002024,couple:1.0;date_spot:1.0;다원예술,2026-10-01 08:13:36,concert,,,💑 연인과 함께 둘만의 소중한 주말 추억을 나누기 좋은 맞춤형 추천 장소,concert,concert,culture_seoul,2026-12-06,,capital
서울시 문화행사 | 전시,전시,MMCA 해외 명작: 수련과 샹들리에,2025-10-02 ~ 2027-01-03,,"서울 상설전시 | 위도:37.4312896582898, 경도:127.020079902514",,"전시 · 국립현대미술관 과천 1층, 1원형전시실",https://www.mmca.go.kr/exhibitions/exhibitionsDetail.do?exhId=202508210001995,couple:1.0;date_spot:1.0;전시,2026-10-01 08:13:36,exhibition,,,🖼️ 예쁜 전시와 작품을 보며 이야기를 나누고 인생샷을 남기기 좋은 데이트 추천,exhibition,exhibition,culture_seoul,2027-01-03,,capital
서울시 문화행사 | 전시,전시,미술은행 20주년 특별전 «돌아온 미래: 형태와 생각의 발현»,2025-08-08 ~ 2027-07-31,,"서울 기획전시 | 위도:36.655462784799006, 경도:127.49003495884374",,"전시 · 국립현대미술관 청주 3층, 개방수장고",https://www.mmca.go.kr/exhibitions/exhibitionsDetail.do?exhId=202508060001987,couple:1.0;date_spot:1.0;전시,2026-10-01 08:13:36,exhibition,,,🖼️ 예쁜 전시와 작품을 보며 이야기를 나누고 인생샷을 남기기 좋은 데이트 추천,exhibition,exhibition,culture_seoul,2027-07-31,,capital
서울시 문화행사 | 전시,전시,특별수장고: 국립현대미술관 드로잉·일본 현대 판화 소장품,2025-07-22 ~ 2026-12-31,,"서울 상설전시 | 위도:36.655462784799006, 경도:127.49003495884374",,"전시 · 국립현대미술관 청주 4층, 특별수장고",https://www.mmca.go.kr/exhibitions/exhibitionsDetail.do?exhId=202507100001975,couple:1.0;date_spot:1.0;전시,2026-10-01 08:13:36,exhibition,,,🖼️ 예쁜 전시와 작품을 보며 이야기를 나누고 인생샷을 남기기 좋은 데이트 추천,exhibition,exhibition,culture_seoul,2026-12-31,,capital
서울시 문화행사 | 전시,전시,개방 수장고 개편,2020-12-03 ~ 2026-12-31,,"서울 상설전시 | 위도:36.655462784799006, 경도:127.49003495884374",,전시 · 국립현대미술관 청주 개방수장고,https://www.mmca.go.kr/exhibitions/exhibitionsDetail.do?exhId=202012030001338,couple:1.0;date_spot:1.0;전시,2026-10-01 08:13:36,exhibition,,,🖼️ 예쁜 전시와 작품을 보며 이야기를 나누고 인생샷을 남기기 좋은 데이트 추천,exhibition,exhibition,culture_seoul,2026-12-31,,capital
서울시 문화행사 | 전시,전시,서울시립 서서울미술관 미디어 작가전 《김희천: 두더지들》,2026-08-20 ~ 2026-11-08,,"서울 미술 | 위도:37.56410579887691, 경도:126.9736988634857",,전시 · 서울시립미술관,https://sema.seoul.go.kr/kr/whatson/exhibition/detail?exNo=1565012,couple:1.0;date_spot:1.0;전시,2026-10-01 08:13:36,exhibition,,,🖼️ 예쁜 전시와 작품을 보며 이야기를 나누고 인생샷을 남기기 좋은 데이트 추천,exhibition,exhibition,culture_seoul,2026-11-08,,capital
서울시 문화행사 | 전시,전시,2026 타이틀 매치 《오인환 vs. 장서영: 휴먼 에러》,2026-08-13 ~ 2026-10-25,,"서울 미술 | 위도:37.56410579887691, 경도:126.9736988634857",,전시 · 서울시립미술관,https://sema.seoul.go.kr/kr/whatson/exhibition/detail?exNo=1563285,couple:1.0;date_spot:1.0;전시,2026-10-01 08:13:36,exhibition,,,🖼️ 예쁜 전시와 작품을 보며 이야기를 나누고 인생샷을 남기기 좋은 데이트 추천,exhibition,exhibition,culture_seoul,2026-10-25,,capital
서울시 문화행사 | 전시,전시,조숙진: 지나가는 자리,2026-07-29 ~ 2026-11-15,,"서울 미술 | 위도:37.56410579887691, 경도:126.9736988634857",,전시 · 서울시립미술관,https://sema.seoul.go.kr/kr/whatson/exhibition/detail?exNo=1556711,couple:1.0;date_spot:1.0;전시,2026-10-01 08:13:36,exhibition,,,🖼️ 예쁜 전시와 작품을 보며 이야기를 나누고 인생샷을 남기기 좋은 데이트 추천,exhibition,exhibition,culture_seoul,2026-11-15,,capital
서울시 문화행사 | 전시,전시,《마틴 파 We Are Martin Parr》,2026-07-16 ~ 2026-10-18,,"서울 미술 | 위도:37.56410579887691, 경도:126.9736988634857",,전시 · 서울시립미술관,https://sema.seoul.go.kr/kr/whatson/exhibition/detail?exNo=1553791,couple:1.0;date_spot:1.0;전시,2026-10-01 08:13:36,exhibition,,,🖼️ 예쁜 전시와 작품을 보며 이야기를 나누고 인생샷을 남기기 좋은 데이트 추천,exhibition,exhibition,culture_seoul,2026-10-18,,capital
서울시 문화행사 | 전시,전시,유휴공간 전시 《보편타당한 당신 ― 심이다은》,2026-06-25 ~ 2027-04-11,,"서울 미술 | 위도:37.56410579887691, 경도:126.9736988634857",,전시 · 서울시립미술관,https://sema.seoul.go.kr/kr/whatson/exhibition/detail?exNo=1549929,couple:1.0;date_spot:1.0;전시,2026-10-01 08:13:36,exhibition,,,🖼️ 예쁜 전시와 작품을 보며 이야기를 나누고 인생샷을 남기기 좋은 데이트 추천,exhibition,exhibition,culture_seoul,2027-04-11,,capital
서울시 문화행사 | 전시,전시,《권병준: 내 마음속에 너는》,2026-06-11 ~ 2027-05-16,,"서울 미술 | 위도:37.56410579887691, 경도:126.9736988634857",,전시 · 서울시립미술관,https://sema.seoul.go.kr/kr/whatson/exhibition/detail?exNo=1538201,couple:1.0;date_spot:1.0;전시,2026-10-01 08:13:36,exhibition,,,🖼️ 예쁜 전시와 작품을 보며 이야기를 나누고 인생샷을 남기기 좋은 데이트 추천,exhibition,exhibition,culture_seoul,2027-05-16,,capital
서울시 문화행사 | 공연,공연,임동혁 X 오케스트라 디 오리지널 < 리부트: 라흐마니노프 >,2026-11-10 ~ 2026-11-10,,"서울 클래식/오페라 | 위도:37.513989875871125, 경도:127.10500067293846",,공연 · 콘서트홀,https://www.sac.or.kr/site/main/show/show_view?SN=81768,couple:1.0;date_spot:1.0;공연,2026-10-01 08:13:36,concert,,,🎵 감성 가득한 무대와 음악을 즐기며 특별한 추억을 선사하는 낭만 공연,concert,concert,culture_seoul,2026-11-10,,capital
서울시 문화행사 | 공연,공연,손민수 피아노 리사이틀 -바흐 평균율 1권 음반발매기념,2026-10-27 ~ 2026-10-27,,"서울 클래식/오페라 | 위도:37.513989875871125, 경도:127.10500067293846",,공연 · 콘서트홀,https://www.sac.or.kr/site/main/show/show_view?SN=74672,couple:1.0;date_spot:1.0;공연,2026-10-01 08:13:36,concert,,,🎵 감성 가득한 무대와 음악을 즐기며 특별한 추억을 선사하는 낭만 공연,concert,concert,culture_seoul,2026-10-27,,capital
서울시 문화행사 | 공연,공연,피아니스트 임동혁과 함께하는 차이코프스키,2026-10-22 ~ 2026-10-22,,"서울 클래식/오페라 | 위도:37.513989875871125, 경도:127.10500067293846",,공연 · 콘서트홀,https://www.sac.or.kr/site/main/show/show_view?SN=84095,couple:1.0;date_spot:1.0;공연,2026-10-01 08:13:36,concert,,,🎵 감성 가득한 무대와 음악을 즐기며 특별한 추억을 선사하는 낭만 공연,concert,concert,culture_seoul,2026-10-22,,capital
