source_site,category,place_or_event_name,period,target_age,region,fee_info,description,booking_url,ai_tags,crawled_at,theme_tags,congestion_score,popularity_score
서울시 우리동네키즈OK / 공공 포털,공공키즈카페,서울형키즈카페종로구혜화동점,상시,영유아 및 어린이 (0세~7세),서울 종로구,"아동 1,000~3,000원 / 보호자 무료 (공공 가성비)",서울시 종로구에서 공식 운영하는 공공형 키즈카페 및 육아지원 공간 [서울형키즈카페종로구혜화동점]입니다.,https://icare.seoul.go.kr,family:1.0;baby:1.0;father:1.0;공공키즈카페;서울형키즈카페;종로구,2026-08-22 18:28:42,toddler:1.0;indoor:1.0;public:1.0,3,81
서울시 우리동네키즈OK / 공공 포털,공공키즈카페,서울형키즈카페종로구숭인1동점,상시,영유아 및 어린이 (0세~7세),서울 종로구,"아동 1,000~3,000원 / 보호자 무료 (공공 가성비)",서울시 종로구에서 공식 운영하는 공공형 키즈카페 및 육아지원 공간 [서울형키즈카페종로구숭인1동점]입니다.,https://icare.seoul.go.kr,family:1.0;baby:1.0;father:1.0;공공키즈카페;서울형키즈카페;종로구,2026-08-22 18:28:42,toddler:1.0;indoor:1.0;public:1.0,2,75
서울시 우리동네키즈OK / 공공 포털,공공키즈카페,서울형키즈카페성북구 정릉3동점,상시,영유아 및 어린이 (0세~7세),서울 종로구,"아동 1,000~3,000원 / 보호자 무료 (공공 가성비)",서울시 종로구에서 공식 운영하는 공공형 키즈카페 및 육아지원 공간 [서울형키즈카페성북구 정릉3동점]입니다.,https://icare.seoul.go.kr,family:1.0;baby:1.0;father:1.0;공공키즈카페;서울형키즈카페;종로구,2026-08-22 18:28:42,toddler:1.0;indoor:1.0;public:1.0,3,75
서울시 우리동네키즈OK / 공공 포털,공공키즈카페,서울형키즈카페성북구 종암동점,상시,영유아 및 어린이 (0세~7세),서울 종로구,"아동 1,000~3,000원 / 보호자 무료 (공공 가성비)",서울시 종로구에서 공식 운영하는 공공형 키즈카페 및 육아지원 공간 [서울형키즈카페성북구 종암동점]입니다.,https://icare.seoul.go.kr,family:1.0;baby:1.0;father:1.0;공공키즈카페;서울형키즈카페;종로구,2026-08-22 18:28:42,toddler:1.0;indoor:1.0;public:1.0,3,87
서울시 우리동네키즈OK / 공공 포털,공공키즈카페,서울형키즈카페성북구 성북동점,상시,영유아 및 어린이 (0세~7세),서울 종로구,"아동 1,000~3,000원 / 보호자 무료 (공공 가성비)",서울시 종로구에서 공식 운영하는 공공형 키즈카페 및 육아지원 공간 [서울형키즈카페성북구 성북동점]입니다.,https://icare.seoul.go.kr,family:1.0;baby:1.0;father:1.0;공공키즈카페;서울형키즈카페;종로구,2026-08-22 18:28:42,toddler:1.0;indoor:1.0;public:1.0,1,75
서울시 우리동네키즈OK / 공공 포털,공공키즈카페,서울형키즈카페을지로점,상시,영유아 및 어린이 (0세~7세),서울 종로구,"아동 1,000~3,000원 / 보호자 무료 (공공 가성비)",서울시 종로구에서 공식 운영하는 공공형 키즈카페 및 육아지원 공간 [서울형키즈카페을지로점]입니다.,https://icare.seoul.go.kr,family:1.0;baby:1.0;father:1.0;공공키즈카페;서울형키즈카페;종로구,2026-08-22 18:28:42,toddler:1.0;indoor:1.0;public:1.0,1,93
서울시 우리동네키즈OK / 공공 포털,공공키즈카페,옥인육아어울림센터육아종합지원센터,상시,영유아 및 어린이 (0세~7세),서울 종로구,"아동 1,000~3,000원 / 보호자 무료 (공공 가성비)",서울시 종로구에서 공식 운영하는 공공형 키즈카페 및 육아지원 공간 [옥인육아어울림센터육아종합지원센터]입니다.,https://icare.seoul.go.kr,family:1.0;baby:1.0;father:1.0;공공키즈카페;서울형키즈카페;종로구,2026-08-22 18:28:42,toddler:1.0;indoor:1.0;public:1.0,1,89
서울시 우리동네키즈OK / 공공 포털,공공키즈카페,종로구육아종합지원센터육아종합지원센터,상시,영유아 및 어린이 (0세~7세),서울 종로구,"아동 1,000~3,000원 / 보호자 무료 (공공 가성비)",서울시 종로구에서 공식 운영하는 공공형 키즈카페 및 육아지원 공간 [종로구육아종합지원센터육아종합지원센터]입니다.,https://icare.seoul.go.kr,family:1.0;baby:1.0;father:1.0;공공키즈카페;서울형키즈카페;종로구,2026-08-22 18:28:42,toddler:1.0;indoor:1.0;public:1.0,2,77
서울시 우리동네키즈OK / 공공 포털,공공키즈카페,어린이행복지원센터육아종합지원센터,상시,영유아 및 어린이 (0세~7세),서울 종로구,"아동 1,000~3,000원 / 보호자 무료 (공공 가성비)",서울시 종로구에서 공식 운영하는 공공형 키즈카페 및 육아지원 공간 [어린이행복지원센터육아종합지원센터]입니다.,https://icare.seoul.go.kr,family:1.0;baby:1.0;father:1.0;공공키즈카페;서울형키즈카페;종로구,2026-08-22 18:28:42,toddler:1.0;indoor:1.0;public:1.0,2,95
서울시 우리동네키즈OK / 공공 포털,공공키즈카페,종로육아종합지원센터 안심택배함부속건물,상시,영유아 및 어린이 (0세~7세),서울 종로구,"아동 1,000~3,000원 / 보호자 무료 (공공 가성비)",서울시 종로구에서 공식 운영하는 공공형 키즈카페 및 육아지원 공간 [종로육아종합지원센터 안심택배함부속건물]입니다.,https://icare.seoul.go.kr,family:1.0;baby:1.0;father:1.0;공공키즈카페;서울형키즈카페;종로구,2026-08-22 18:28:42,toddler:1.0;indoor:1.0;public:1.0,3,81
서울시 우리동네키즈OK / 공공 포털,공공키즈카페,강북구육아종합지원센터육아종합지원센터,상시,영유아 및 어린이 (0세~7세),서울 종로구,"아동 1,000~3,000원 / 보호자 무료 (공공 가성비)",서울시 종로구에서 공식 운영하는 공공형 키즈카페 및 육아지원 공간 [강북구육아종합지원센터육아종합지원센터]입니다.,https://icare.seoul.go.kr,family:1.0;baby:1.0;father:1.0;공공키즈카페;서울형키즈카페;종로구,2026-08-22 18:28:42,toddler:1.0;indoor:1.0;public:1.0,1,75
서울시 우리동네키즈OK / 공공 포털,공공키즈카페,성북구육아종합지원센터 부모아이지원센터육아종합지원센터,상시,영유아 및 어린이 (0세~7세),서울 종로구,"아동 1,000~3,000원 / 보호자 무료 (공공 가성비)",서울시 종로구에서 공식 운영하는 공공형 키즈카페 및 육아지원 공간 [성북구육아종합지원센터 부모아이지원센터육아종합지원센터]입니다.,https://icare.seoul.go.kr,family:1.0;baby:1.0;father:1.0;공공키즈카페;서울형키즈카페;종로구,2026-08-22 18:28:42,toddler:1.0;indoor:1.0;public:1.0,3,87
서울시 우리동네키즈OK / 공공 포털,공공키즈카페,종로구 육아종합지원센터,상시,영유아 및 어린이 (0세~7세),서울 종로구,"아동 1,000~3,000원 / 보호자 무료 (공공 가성비)",서울시 종로구에서 공식 운영하는 공공형 키즈카페 및 육아지원 공간 [종로구 육아종합지원센터]입니다.,https://icare.seoul.go.kr,family:1.0;baby:1.0;father:1.0;공공키즈카페;서울형키즈카페;종로구,2026-08-22 18:28:42,toddler:1.0;indoor:1.0;public:1.0,2,86
서울시 우리동네키즈OK / 공공 포털,공공키즈카페,월곡육아종합지원센터,상시,영유아 및 어린이 (0세~7세),서울 종로구,"아동 1,000~3,000원 / 보호자 무료 (공공 가성비)",서울시 종로구에서 공식 운영하는 공공형 키즈카페 및 육아지원 공간 [월곡육아종합지원센터]입니다.,https://icare.seoul.go.kr,family:1.0;baby:1.0;father:1.0;공공키즈카페;서울형키즈카페;종로구,2026-08-22 18:28:42,toddler:1.0;indoor:1.0;public:1.0,2,81
서울시 우리동네키즈OK / 공공 포털,공공키즈카페,서울형키즈카페장충점,상시,영유아 및 어린이 (0세~7세),서울 중구,"아동 1,000~3,000원 / 보호자 무료 (공공 가성비)",서울시 중구에서 공식 운영하는 공공형 키즈카페 및 육아지원 공간 [서울형키즈카페장충점]입니다.,https://icare.seoul.go.kr,family:1.0;baby:1.0;father:1.0;공공키즈카페;서울형키즈카페;중구,2026-08-22 18:28:42,toddler:1.0;indoor:1.0;public:1.0,2,89
서울시 우리동네키즈OK / 공공 포털,공공키즈카페,서울형키즈카페신당점,상시,영유아 및 어린이 (0세~7세),서울 중구,"아동 1,000~3,000원 / 보호자 무료 (공공 가성비)",서울시 중구에서 공식 운영하는 공공형 키즈카페 및 육아지원 공간 [서울형키즈카페신당점]입니다.,https://icare.seoul.go.kr,family:1.0;baby:1.0;father:1.0;공공키즈카페;서울형키즈카페;중구,2026-08-22 18:28:42,toddler:1.0;indoor:1.0;public:1.0,1,89
서울시 우리동네키즈OK / 공공 포털,공공키즈카페,서울형키즈카페청파동점,상시,영유아 및 어린이 (0세~7세),서울 중구,"아동 1,000~3,000원 / 보호자 무료 (공공 가성비)",서울시 중구에서 공식 운영하는 공공형 키즈카페 및 육아지원 공간 [서울형키즈카페청파동점]입니다.,https://icare.seoul.go.kr,family:1.0;baby:1.0;father:1.0;공공키즈카페;서울형키즈카페;중구,2026-08-22 18:28:42,toddler:1.0;indoor:1.0;public:1.0,2,77
서울시 우리동네키즈OK / 공공 포털,공공키즈카페,서울형키즈카페노리몽땅 을지로점(옥외),상시,영유아 및 어린이 (0세~7세),서울 중구,"아동 1,000~3,000원 / 보호자 무료 (공공 가성비)",서울시 중구에서 공식 운영하는 공공형 키즈카페 및 육아지원 공간 [서울형키즈카페노리몽땅 을지로점(옥외)]입니다.,https://icare.seoul.go.kr,family:1.0;baby:1.0;father:1.0;공공키즈카페;서울형키즈카페;중구,2026-08-22 18:28:42,toddler:1.0;indoor:1.0;public:1.0,1,77
서울시 우리동네키즈OK / 공공 포털,공공키즈카페,서울형키즈카페노리몽땅 신당점,상시,영유아 및 어린이 (0세~7세),서울 중구,"아동 1,000~3,000원 / 보호자 무료 (공공 가성비)",서울시 중구에서 공식 운영하는 공공형 키즈카페 및 육아지원 공간 [서울형키즈카페노리몽땅 신당점]입니다.,https://icare.seoul.go.kr,family:1.0;baby:1.0;father:1.0;공공키즈카페;서울형키즈카페;중구,2026-08-22 18:28:42,toddler:1.0;indoor:1.0;public:1.0,3,80
서울시 우리동네키즈OK / 공공 포털,공공키즈카페,맘스하트카페(동작),상시,영유아 및 어린이 (0세~7세),서울 중구,"아동 1,000~3,000원 / 보호자 무료 (공공 가성비)",서울시 중구에서 공식 운영하는 공공형 키즈카페 및 육아지원 공간 [맘스하트카페(동작)]입니다.,https://icare.seoul.go.kr,family:1.0;baby:1.0;father:1.0;공공키즈카페;서울형키즈카페;중구,2026-08-22 18:28:42,toddler:1.0;indoor:1.0;public:1.0,2,93
서울시 우리동네키즈OK / 공공 포털,공공키즈카페,서울중구육아종합지원센터jgkids.or.kr,상시,영유아 및 어린이 (0세~7세),서울 중구,"아동 1,000~3,000원 / 보호자 무료 (공공 가성비)",서울시 중구에서 공식 운영하는 공공형 키즈카페 및 육아지원 공간 [서울중구육아종합지원센터jgkids.or.kr]입니다.,https://icare.seoul.go.kr,family:1.0;baby:1.0;father:1.0;공공키즈카페;서울형키즈카페;중구,2026-08-22 18:28:42,toddler:1.0;indoor:1.0;public:1.0,2,81
서울시 우리동네키즈OK / 공공 포털,공공키즈카페,서울 중구육아종합지원센터,상시,영유아 및 어린이 (0세~7세),서울 중구,"아동 1,000~3,000원 / 보호자 무료 (공공 가성비)",서울시 중구에서 공식 운영하는 공공형 키즈카페 및 육아지원 공간 [서울 중구육아종합지원센터]입니다.,https://icare.seoul.go.kr,family:1.0;baby:1.0;father:1.0;공공키즈카페;서울형키즈카페;중구,2026-08-22 18:28:42,toddler:1.0;indoor:1.0;public:1.0,3,76
서울시 우리동네키즈OK / 공공 포털,공공키즈카페,서울중구육아종합지원센터기업소개,상시,영유아 및 어린이 (0세~7세),서울 중구,"아동 1,000~3,000원 / 보호자 무료 (공공 가성비)",서울시 중구에서 공식 운영하는 공공형 키즈카페 및 육아지원 공간 [서울중구육아종합지원센터기업소개]입니다.,https://icare.seoul.go.kr,family:1.0;baby:1.0;father:1.0;공공키즈카페;서울형키즈카페;중구,2026-08-22 18:28:42,toddler:1.0;indoor:1.0;public:1.0,3,83
서울시 우리동네키즈OK / 공공 포털,공공키즈카페,중구육아종합지원센터육아종합지원센터,상시,영유아 및 어린이 (0세~7세),서울 중구,"아동 1,000~3,000원 / 보호자 무료 (공공 가성비)",서울시 중구에서 공식 운영하는 공공형 키즈카페 및 육아지원 공간 [중구육아종합지원센터육아종합지원센터]입니다.,https://icare.seoul.go.kr,family:1.0;baby:1.0;father:1.0;공공키즈카페;서울형키즈카페;중구,2026-08-22 18:28:42,toddler:1.0;indoor:1.0;public:1.0,1,78
서울시 우리동네키즈OK / 공공 포털,공공키즈카페,누리뜰 공동육아방육아종합지원센터,상시,영유아 및 어린이 (0세~7세),서울 중구,"아동 1,000~3,000원 / 보호자 무료 (공공 가성비)",서울시 중구에서 공식 운영하는 공공형 키즈카페 및 육아지원 공간 [누리뜰 공동육아방육아종합지원센터]입니다.,https://icare.seoul.go.kr,family:1.0;baby:1.0;father:1.0;공공키즈카페;서울형키즈카페;중구,2026-08-22 18:28:42,toddler:1.0;indoor:1.0;public:1.0,2,87
서울시 우리동네키즈OK / 공공 포털,공공키즈카페,꿈자람공동육아방 용두점육아종합지원센터,상시,영유아 및 어린이 (0세~7세),서울 중구,"아동 1,000~3,000원 / 보호자 무료 (공공 가성비)",서울시 중구에서 공식 운영하는 공공형 키즈카페 및 육아지원 공간 [꿈자람공동육아방 용두점육아종합지원센터]입니다.,https://icare.seoul.go.kr,family:1.0;baby:1.0;father:1.0;공공키즈카페;서울형키즈카페;중구,2026-08-22 18:28:42,toddler:1.0;indoor:1.0;public:1.0,3,81
서울시 우리동네키즈OK / 공공 포털,공공키즈카페,시간제보육실 도화점육아종합지원센터,상시,영유아 및 어린이 (0세~7세),서울 중구,"아동 1,000~3,000원 / 보호자 무료 (공공 가성비)",서울시 중구에서 공식 운영하는 공공형 키즈카페 및 육아지원 공간 [시간제보육실 도화점육아종합지원센터]입니다.,https://icare.seoul.go.kr,family:1.0;baby:1.0;father:1.0;공공키즈카페;서울형키즈카페;중구,2026-08-22 18:28:42,toddler:1.0;indoor:1.0;public:1.0,3,82
서울시 우리동네키즈OK / 공공 포털,공공키즈카페,서울중구육아종합지원센터,상시,영유아 및 어린이 (0세~7세),서울 중구,"아동 1,000~3,000원 / 보호자 무료 (공공 가성비)",서울시 중구에서 공식 운영하는 공공형 키즈카페 및 육아지원 공간 [서울중구육아종합지원센터]입니다.,https://icare.seoul.go.kr,family:1.0;baby:1.0;father:1.0;공공키즈카페;서울형키즈카페;중구,2026-08-22 18:28:42,toddler:1.0;indoor:1.0;public:1.0,2,93
서울시 우리동네키즈OK / 공공 포털,공공키즈카페,서울중구육아종합지원센터(201,상시,영유아 및 어린이 (0세~7세),서울 중구,"아동 1,000~3,000원 / 보호자 무료 (공공 가성비)",서울시 중구에서 공식 운영하는 공공형 키즈카페 및 육아지원 공간 [서울중구육아종합지원센터(201]입니다.,https://icare.seoul.go.kr,family:1.0;baby:1.0;father:1.0;공공키즈카페;서울형키즈카페;중구,2026-08-22 18:28:42,toddler:1.0;indoor:1.0;public:1.0,3,95
서울시 우리동네키즈OK / 공공 포털,공공키즈카페,시립마포거점형키움센터서울형키즈카페시립노고산점아동복지시설,상시,영유아 및 어린이 (0세~7세),서울 용산구,"아동 1,000~3,000원 / 보호자 무료 (공공 가성비)",서울시 용산구에서 공식 운영하는 공공형 키즈카페 및 육아지원 공간 [시립마포거점형키움센터서울형키즈카페시립노고산점아동복지시설]입니다.,https://icare.seoul.go.kr,family:1.0;baby:1.0;father:1.0;공공키즈카페;서울형키즈카페;용산구,2026-08-22 18:28:42,toddler:1.0;indoor:1.0;public:1.0,1,85
서울시 우리동네키즈OK / 공공 포털,공공키즈카페,서울형키즈카페동작구 상도2동점,상시,영유아 및 어린이 (0세~7세),서울 용산구,"아동 1,000~3,000원 / 보호자 무료 (공공 가성비)",서울시 용산구에서 공식 운영하는 공공형 키즈카페 및 육아지원 공간 [서울형키즈카페동작구 상도2동점]입니다.,https://icare.seoul.go.kr,family:1.0;baby:1.0;father:1.0;공공키즈카페;서울형키즈카페;용산구,2026-08-22 18:28:42,toddler:1.0;indoor:1.0;public:1.0,2,85
서울시 우리동네키즈OK / 공공 포털,공공키즈카페,서울형키즈카페용산구후암동점,상시,영유아 및 어린이 (0세~7세),서울 용산구,"아동 1,000~3,000원 / 보호자 무료 (공공 가성비)",서울시 용산구에서 공식 운영하는 공공형 키즈카페 및 육아지원 공간 [서울형키즈카페용산구후암동점]입니다.,https://icare.seoul.go.kr,family:1.0;baby:1.0;father:1.0;공공키즈카페;서울형키즈카페;용산구,2026-08-22 18:28:42,toddler:1.0;indoor:1.0;public:1.0,2,89
서울시 우리동네키즈OK / 공공 포털,공공키즈카페,서울형키즈카페동작구 상도4동 2호점,상시,영유아 및 어린이 (0세~7세),서울 용산구,"아동 1,000~3,000원 / 보호자 무료 (공공 가성비)",서울시 용산구에서 공식 운영하는 공공형 키즈카페 및 육아지원 공간 [서울형키즈카페동작구 상도4동 2호점]입니다.,https://icare.seoul.go.kr,family:1.0;baby:1.0;father:1.0;공공키즈카페;서울형키즈카페;용산구,2026-08-22 18:28:42,toddler:1.0;indoor:1.0;public:1.0,1,75
서울시 우리동네키즈OK / 공공 포털,공공키즈카페,서울형키즈카페동작구 흑석동점,상시,영유아 및 어린이 (0세~7세),서울 용산구,"아동 1,000~3,000원 / 보호자 무료 (공공 가성비)",서울시 용산구에서 공식 운영하는 공공형 키즈카페 및 육아지원 공간 [서울형키즈카페동작구 흑석동점]입니다.,https://icare.seoul.go.kr,family:1.0;baby:1.0;father:1.0;공공키즈카페;서울형키즈카페;용산구,2026-08-22 18:28:42,toddler:1.0;indoor:1.0;public:1.0,1,91
서울시 우리동네키즈OK / 공공 포털,공공키즈카페,서울형키즈카페동작구 상도1동 1호점,상시,영유아 및 어린이 (0세~7세),서울 용산구,"아동 1,000~3,000원 / 보호자 무료 (공공 가성비)",서울시 용산구에서 공식 운영하는 공공형 키즈카페 및 육아지원 공간 [서울형키즈카페동작구 상도1동 1호점]입니다.,https://icare.seoul.go.kr,family:1.0;baby:1.0;father:1.0;공공키즈카페;서울형키즈카페;용산구,2026-08-22 18:28:42,toddler:1.0;indoor:1.0;public:1.0,2,89
서울시 우리동네키즈OK / 공공 포털,공공키즈카페,"용산구육아종합지원센터영,유아,아동",상시,영유아 및 어린이 (0세~7세),서울 용산구,"아동 1,000~3,000원 / 보호자 무료 (공공 가성비)","서울시 용산구에서 공식 운영하는 공공형 키즈카페 및 육아지원 공간 [용산구육아종합지원센터영,유아,아동]입니다.",https://icare.seoul.go.kr,family:1.0;baby:1.0;father:1.0;공공키즈카페;서울형키즈카페;용산구,2026-08-22 18:28:42,toddler:1.0;indoor:1.0;public:1.0,2,76
서울시 우리동네키즈OK / 공공 포털,공공키즈카페,서빙고동 공동육아방육아종합지원센터,상시,영유아 및 어린이 (0세~7세),서울 용산구,"아동 1,000~3,000원 / 보호자 무료 (공공 가성비)",서울시 용산구에서 공식 운영하는 공공형 키즈카페 및 육아지원 공간 [서빙고동 공동육아방육아종합지원센터]입니다.,https://icare.seoul.go.kr,family:1.0;baby:1.0;father:1.0;공공키즈카페;서울형키즈카페;용산구,2026-08-22 18:28:42,toddler:1.0;indoor:1.0;public:1.0,2,93
서울시 우리동네키즈OK / 공공 포털,공공키즈카페,중앙육아종합지원센터육아종합지원센터,상시,영유아 및 어린이 (0세~7세),서울 용산구,"아동 1,000~3,000원 / 보호자 무료 (공공 가성비)",서울시 용산구에서 공식 운영하는 공공형 키즈카페 및 육아지원 공간 [중앙육아종합지원센터육아종합지원센터]입니다.,https://icare.seoul.go.kr,family:1.0;baby:1.0;father:1.0;공공키즈카페;서울형키즈카페;용산구,2026-08-22 18:28:42,toddler:1.0;indoor:1.0;public:1.0,1,81
서울시 우리동네키즈OK / 공공 포털,공공키즈카페,동작구육아종합지원센터육아종합지원센터,상시,영유아 및 어린이 (0세~7세),서울 용산구,"아동 1,000~3,000원 / 보호자 무료 (공공 가성비)",서울시 용산구에서 공식 운영하는 공공형 키즈카페 및 육아지원 공간 [동작구육아종합지원센터육아종합지원센터]입니다.,https://icare.seoul.go.kr,family:1.0;baby:1.0;father:1.0;공공키즈카페;서울형키즈카페;용산구,2026-08-22 18:28:42,toddler:1.0;indoor:1.0;public:1.0,2,78
서울시 우리동네키즈OK / 공공 포털,공공키즈카페,마포구아현육아종합지원센터육아종합지원센터,상시,영유아 및 어린이 (0세~7세),서울 용산구,"아동 1,000~3,000원 / 보호자 무료 (공공 가성비)",서울시 용산구에서 공식 운영하는 공공형 키즈카페 및 육아지원 공간 [마포구아현육아종합지원센터육아종합지원센터]입니다.,https://icare.seoul.go.kr,family:1.0;baby:1.0;father:1.0;공공키즈카페;서울형키즈카페;용산구,2026-08-22 18:28:42,toddler:1.0;indoor:1.0;public:1.0,3,87
서울시 우리동네키즈OK / 공공 포털,공공키즈카페,용산구 육아종합지원센터,상시,영유아 및 어린이 (0세~7세),서울 용산구,"아동 1,000~3,000원 / 보호자 무료 (공공 가성비)",서울시 용산구에서 공식 운영하는 공공형 키즈카페 및 육아지원 공간 [용산구 육아종합지원센터]입니다.,https://icare.seoul.go.kr,family:1.0;baby:1.0;father:1.0;공공키즈카페;서울형키즈카페;용산구,2026-08-22 18:28:42,toddler:1.0;indoor:1.0;public:1.0,1,76
서울시 우리동네키즈OK / 공공 포털,공공키즈카페,용산구육아종합지원센터와 업무협약 체결,상시,영유아 및 어린이 (0세~7세),서울 용산구,"아동 1,000~3,000원 / 보호자 무료 (공공 가성비)",서울시 용산구에서 공식 운영하는 공공형 키즈카페 및 육아지원 공간 [용산구육아종합지원센터와 업무협약 체결]입니다.,https://icare.seoul.go.kr,family:1.0;baby:1.0;father:1.0;공공키즈카페;서울형키즈카페;용산구,2026-08-22 18:28:42,toddler:1.0;indoor:1.0;public:1.0,3,92
서울시 우리동네키즈OK / 공공 포털,공공키즈카페,서울형키즈카페성동구성수1가1동점,상시,영유아 및 어린이 (0세~7세),서울 성동구,"아동 1,000~3,000원 / 보호자 무료 (공공 가성비)",서울시 성동구에서 공식 운영하는 공공형 키즈카페 및 육아지원 공간 [서울형키즈카페성동구성수1가1동점]입니다.,https://icare.seoul.go.kr,family:1.0;baby:1.0;father:1.0;공공키즈카페;서울형키즈카페;성동구,2026-08-22 18:28:42,toddler:1.0;indoor:1.0;public:1.0,3,81
서울시 우리동네키즈OK / 공공 포털,공공키즈카페,서울형키즈카페성동구금호2.3가동점,상시,영유아 및 어린이 (0세~7세),서울 성동구,"아동 1,000~3,000원 / 보호자 무료 (공공 가성비)",서울시 성동구에서 공식 운영하는 공공형 키즈카페 및 육아지원 공간 [서울형키즈카페성동구금호2.3가동점]입니다.,https://icare.seoul.go.kr,family:1.0;baby:1.0;father:1.0;공공키즈카페;서울형키즈카페;성동구,2026-08-22 18:28:42,toddler:1.0;indoor:1.0;public:1.0,3,91
서울시 우리동네키즈OK / 공공 포털,공공키즈카페,서울형키즈카페시립 뚝섬 자벌레점,상시,영유아 및 어린이 (0세~7세),서울 성동구,"아동 1,000~3,000원 / 보호자 무료 (공공 가성비)",서울시 성동구에서 공식 운영하는 공공형 키즈카페 및 육아지원 공간 [서울형키즈카페시립 뚝섬 자벌레점]입니다.,https://icare.seoul.go.kr,family:1.0;baby:1.0;father:1.0;공공키즈카페;서울형키즈카페;성동구,2026-08-22 18:28:42,toddler:1.0;indoor:1.0;public:1.0,2,83
서울시 우리동네키즈OK / 공공 포털,공공키즈카페,서울형키즈카페자양4동점,상시,영유아 및 어린이 (0세~7세),서울 성동구,"아동 1,000~3,000원 / 보호자 무료 (공공 가성비)",서울시 성동구에서 공식 운영하는 공공형 키즈카페 및 육아지원 공간 [서울형키즈카페자양4동점]입니다.,https://icare.seoul.go.kr,family:1.0;baby:1.0;father:1.0;공공키즈카페;서울형키즈카페;성동구,2026-08-22 18:28:42,toddler:1.0;indoor:1.0;public:1.0,2,75
서울시 우리동네키즈OK / 공공 포털,공공키즈카페,"성수동핫플,서울형키즈카페성동구성수1가1동점,",상시,영유아 및 어린이 (0세~7세),서울 성동구,"아동 1,000~3,000원 / 보호자 무료 (공공 가성비)","서울시 성동구에서 공식 운영하는 공공형 키즈카페 및 육아지원 공간 [성수동핫플,서울형키즈카페성동구성수1가1동점,]입니다.",https://icare.seoul.go.kr,family:1.0;baby:1.0;father:1.0;공공키즈카페;서울형키즈카페;성동구,2026-08-22 18:28:42,toddler:1.0;indoor:1.0;public:1.0,3,92
서울시 우리동네키즈OK / 공공 포털,공공키즈카페,성동구육아종합지원센터,상시,영유아 및 어린이 (0세~7세),서울 성동구,"아동 1,000~3,000원 / 보호자 무료 (공공 가성비)",서울시 성동구에서 공식 운영하는 공공형 키즈카페 및 육아지원 공간 [성동구육아종합지원센터]입니다.,https://icare.seoul.go.kr,family:1.0;baby:1.0;father:1.0;공공키즈카페;서울형키즈카페;성동구,2026-08-22 18:28:42,toddler:1.0;indoor:1.0;public:1.0,3,91
서울시 우리동네키즈OK / 공공 포털,공공키즈카페,서울성동구육아종합지원센터기업소개,상시,영유아 및 어린이 (0세~7세),서울 성동구,"아동 1,000~3,000원 / 보호자 무료 (공공 가성비)",서울시 성동구에서 공식 운영하는 공공형 키즈카페 및 육아지원 공간 [서울성동구육아종합지원센터기업소개]입니다.,https://icare.seoul.go.kr,family:1.0;baby:1.0;father:1.0;공공키즈카페;서울형키즈카페;성동구,2026-08-22 18:28:42,toddler:1.0;indoor:1.0;public:1.0,2,87
서울시 우리동네키즈OK / 공공 포털,공공키즈카페,서울 성동구 육아종합지원센터업체명 검색하기,상시,영유아 및 어린이 (0세~7세),서울 성동구,"아동 1,000~3,000원 / 보호자 무료 (공공 가성비)",서울시 성동구에서 공식 운영하는 공공형 키즈카페 및 육아지원 공간 [서울 성동구 육아종합지원센터업체명 검색하기]입니다.,https://icare.seoul.go.kr,family:1.0;baby:1.0;father:1.0;공공키즈카페;서울형키즈카페;성동구,2026-08-22 18:28:42,toddler:1.0;indoor:1.0;public:1.0,3,95
서울시 우리동네키즈OK / 공공 포털,공공키즈카페,서울 성동구육아종합지원센터육아종합지원센터,상시,영유아 및 어린이 (0세~7세),서울 성동구,"아동 1,000~3,000원 / 보호자 무료 (공공 가성비)",서울시 성동구에서 공식 운영하는 공공형 키즈카페 및 육아지원 공간 [서울 성동구육아종합지원센터육아종합지원센터]입니다.,https://icare.seoul.go.kr,family:1.0;baby:1.0;father:1.0;공공키즈카페;서울형키즈카페;성동구,2026-08-22 18:28:42,toddler:1.0;indoor:1.0;public:1.0,3,80
서울시 우리동네키즈OK / 공공 포털,공공키즈카페,일요일여덟시육아종합지원센터,상시,영유아 및 어린이 (0세~7세),서울 성동구,"아동 1,000~3,000원 / 보호자 무료 (공공 가성비)",서울시 성동구에서 공식 운영하는 공공형 키즈카페 및 육아지원 공간 [일요일여덟시육아종합지원센터]입니다.,https://icare.seoul.go.kr,family:1.0;baby:1.0;father:1.0;공공키즈카페;서울형키즈카페;성동구,2026-08-22 18:28:42,toddler:1.0;indoor:1.0;public:1.0,1,95
서울시 우리동네키즈OK / 공공 포털,공공키즈카페,동대문구육아종합지원센터육아종합지원센터,상시,영유아 및 어린이 (0세~7세),서울 성동구,"아동 1,000~3,000원 / 보호자 무료 (공공 가성비)",서울시 성동구에서 공식 운영하는 공공형 키즈카페 및 육아지원 공간 [동대문구육아종합지원센터육아종합지원센터]입니다.,https://icare.seoul.go.kr,family:1.0;baby:1.0;father:1.0;공공키즈카페;서울형키즈카페;성동구,2026-08-22 18:28:42,toddler:1.0;indoor:1.0;public:1.0,3,80
서울시 우리동네키즈OK / 공공 포털,공공키즈카페,꿈자람공동육아방 답십리2호점육아종합지원센터,상시,영유아 및 어린이 (0세~7세),서울 성동구,"아동 1,000~3,000원 / 보호자 무료 (공공 가성비)",서울시 성동구에서 공식 운영하는 공공형 키즈카페 및 육아지원 공간 [꿈자람공동육아방 답십리2호점육아종합지원센터]입니다.,https://icare.seoul.go.kr,family:1.0;baby:1.0;father:1.0;공공키즈카페;서울형키즈카페;성동구,2026-08-22 18:28:42,toddler:1.0;indoor:1.0;public:1.0,2,92
서울시 우리동네키즈OK / 공공 포털,공공키즈카페,성동구 육아종합지원센터,상시,영유아 및 어린이 (0세~7세),서울 성동구,"아동 1,000~3,000원 / 보호자 무료 (공공 가성비)",서울시 성동구에서 공식 운영하는 공공형 키즈카페 및 육아지원 공간 [성동구 육아종합지원센터]입니다.,https://icare.seoul.go.kr,family:1.0;baby:1.0;father:1.0;공공키즈카페;서울형키즈카페;성동구,2026-08-22 18:28:42,toddler:1.0;indoor:1.0;public:1.0,2,80
서울시 우리동네키즈OK / 공공 포털,공공키즈카페,서울형키즈카페강동구 성내1동점,상시,영유아 및 어린이 (0세~7세),서울 광진구,"아동 1,000~3,000원 / 보호자 무료 (공공 가성비)",서울시 광진구에서 공식 운영하는 공공형 키즈카페 및 육아지원 공간 [서울형키즈카페강동구 성내1동점]입니다.,https://icare.seoul.go.kr,family:1.0;baby:1.0;father:1.0;공공키즈카페;서울형키즈카페;광진구,2026-08-22 18:28:42,toddler:1.0;indoor:1.0;public:1.0,2,94
서울시 우리동네키즈OK / 공공 포털,공공키즈카페,2026.06.05.서울 광진구육아종합지원센터,상시,영유아 및 어린이 (0세~7세),서울 광진구,"아동 1,000~3,000원 / 보호자 무료 (공공 가성비)",서울시 광진구에서 공식 운영하는 공공형 키즈카페 및 육아지원 공간 [2026.06.05.서울 광진구육아종합지원센터]입니다.,https://icare.seoul.go.kr,family:1.0;baby:1.0;father:1.0;공공키즈카페;서울형키즈카페;광진구,2026-08-22 18:28:42,toddler:1.0;indoor:1.0;public:1.0,3,83
서울시 우리동네키즈OK / 공공 포털,공공키즈카페,서울 광진구육아종합지원센터,상시,영유아 및 어린이 (0세~7세),서울 광진구,"아동 1,000~3,000원 / 보호자 무료 (공공 가성비)",서울시 광진구에서 공식 운영하는 공공형 키즈카페 및 육아지원 공간 [서울 광진구육아종합지원센터]입니다.,https://icare.seoul.go.kr,family:1.0;baby:1.0;father:1.0;공공키즈카페;서울형키즈카페;광진구,2026-08-22 18:28:42,toddler:1.0;indoor:1.0;public:1.0,2,92
서울시 우리동네키즈OK / 공공 포털,공공키즈카페,2026.06.08.서울 광진구육아종합지원센터,상시,영유아 및 어린이 (0세~7세),서울 광진구,"아동 1,000~3,000원 / 보호자 무료 (공공 가성비)",서울시 광진구에서 공식 운영하는 공공형 키즈카페 및 육아지원 공간 [2026.06.08.서울 광진구육아종합지원센터]입니다.,https://icare.seoul.go.kr,family:1.0;baby:1.0;father:1.0;공공키즈카페;서울형키즈카페;광진구,2026-08-22 18:28:42,toddler:1.0;indoor:1.0;public:1.0,2,80
서울시 우리동네키즈OK / 공공 포털,공공키즈카페,광진구육아종합지원센터 직원 채용 공고(서울형,상시,영유아 및 어린이 (0세~7세),서울 광진구,"아동 1,000~3,000원 / 보호자 무료 (공공 가성비)",서울시 광진구에서 공식 운영하는 공공형 키즈카페 및 육아지원 공간 [광진구육아종합지원센터 직원 채용 공고(서울형]입니다.,https://icare.seoul.go.kr,family:1.0;baby:1.0;father:1.0;공공키즈카페;서울형키즈카페;광진구,2026-08-22 18:28:42,toddler:1.0;indoor:1.0;public:1.0,2,90
서울시 우리동네키즈OK / 공공 포털,공공키즈카페,서울 광진구육아종합지원센터 공고 제23,상시,영유아 및 어린이 (0세~7세),서울 광진구,"아동 1,000~3,000원 / 보호자 무료 (공공 가성비)",서울시 광진구에서 공식 운영하는 공공형 키즈카페 및 육아지원 공간 [서울 광진구육아종합지원센터 공고 제23]입니다.,https://icare.seoul.go.kr,family:1.0;baby:1.0;father:1.0;공공키즈카페;서울형키즈카페;광진구,2026-08-22 18:28:42,toddler:1.0;indoor:1.0;public:1.0,3,75
서울시 우리동네키즈OK / 공공 포털,공공키즈카페,서울광진구육아종합지원센터기업소개,상시,영유아 및 어린이 (0세~7세),서울 광진구,"아동 1,000~3,000원 / 보호자 무료 (공공 가성비)",서울시 광진구에서 공식 운영하는 공공형 키즈카페 및 육아지원 공간 [서울광진구육아종합지원센터기업소개]입니다.,https://icare.seoul.go.kr,family:1.0;baby:1.0;father:1.0;공공키즈카페;서울형키즈카페;광진구,2026-08-22 18:28:42,toddler:1.0;indoor:1.0;public:1.0,3,75
서울시 우리동네키즈OK / 공공 포털,공공키즈카페,서울 광진구 육아종합지원센터업체명 검색하기,상시,영유아 및 어린이 (0세~7세),서울 광진구,"아동 1,000~3,000원 / 보호자 무료 (공공 가성비)",서울시 광진구에서 공식 운영하는 공공형 키즈카페 및 육아지원 공간 [서울 광진구 육아종합지원센터업체명 검색하기]입니다.,https://icare.seoul.go.kr,family:1.0;baby:1.0;father:1.0;공공키즈카페;서울형키즈카페;광진구,2026-08-22 18:28:42,toddler:1.0;indoor:1.0;public:1.0,2,83
서울시 우리동네키즈OK / 공공 포털,공공키즈카페,서울광진구육아종합지원센터육아종합지원센터,상시,영유아 및 어린이 (0세~7세),서울 광진구,"아동 1,000~3,000원 / 보호자 무료 (공공 가성비)",서울시 광진구에서 공식 운영하는 공공형 키즈카페 및 육아지원 공간 [서울광진구육아종합지원센터육아종합지원센터]입니다.,https://icare.seoul.go.kr,family:1.0;baby:1.0;father:1.0;공공키즈카페;서울형키즈카페;광진구,2026-08-22 18:28:42,toddler:1.0;indoor:1.0;public:1.0,3,83
서울시 우리동네키즈OK / 공공 포털,공공키즈카페,꾸미팡팡 공동육아방 3호점육아종합지원센터,상시,영유아 및 어린이 (0세~7세),서울 광진구,"아동 1,000~3,000원 / 보호자 무료 (공공 가성비)",서울시 광진구에서 공식 운영하는 공공형 키즈카페 및 육아지원 공간 [꾸미팡팡 공동육아방 3호점육아종합지원센터]입니다.,https://icare.seoul.go.kr,family:1.0;baby:1.0;father:1.0;공공키즈카페;서울형키즈카페;광진구,2026-08-22 18:28:42,toddler:1.0;indoor:1.0;public:1.0,3,83
서울시 우리동네키즈OK / 공공 포털,공공키즈카페,꾸미팡팡 공동육아방 2호점육아종합지원센터,상시,영유아 및 어린이 (0세~7세),서울 광진구,"아동 1,000~3,000원 / 보호자 무료 (공공 가성비)",서울시 광진구에서 공식 운영하는 공공형 키즈카페 및 육아지원 공간 [꾸미팡팡 공동육아방 2호점육아종합지원센터]입니다.,https://icare.seoul.go.kr,family:1.0;baby:1.0;father:1.0;공공키즈카페;서울형키즈카페;광진구,2026-08-22 18:28:42,toddler:1.0;indoor:1.0;public:1.0,2,95
서울시 우리동네키즈OK / 공공 포털,공공키즈카페,꾸미팡팡 공동육아방 1호점육아종합지원센터,상시,영유아 및 어린이 (0세~7세),서울 광진구,"아동 1,000~3,000원 / 보호자 무료 (공공 가성비)",서울시 광진구에서 공식 운영하는 공공형 키즈카페 및 육아지원 공간 [꾸미팡팡 공동육아방 1호점육아종합지원센터]입니다.,https://icare.seoul.go.kr,family:1.0;baby:1.0;father:1.0;공공키즈카페;서울형키즈카페;광진구,2026-08-22 18:28:42,toddler:1.0;indoor:1.0;public:1.0,1,81
서울시 우리동네키즈OK / 공공 포털,공공키즈카페,1일 전광진구 육아종합지원센터채용 안내입니다.,상시,영유아 및 어린이 (0세~7세),서울 광진구,"아동 1,000~3,000원 / 보호자 무료 (공공 가성비)",서울시 광진구에서 공식 운영하는 공공형 키즈카페 및 육아지원 공간 [1일 전광진구 육아종합지원센터채용 안내입니다.]입니다.,https://icare.seoul.go.kr,family:1.0;baby:1.0;father:1.0;공공키즈카페;서울형키즈카페;광진구,2026-08-22 18:28:42,toddler:1.0;indoor:1.0;public:1.0,1,90
서울시 우리동네키즈OK / 공공 포털,공공키즈카페,서울형키즈카페새샘공원점,상시,영유아 및 어린이 (0세~7세),서울 동대문구,"아동 1,000~3,000원 / 보호자 무료 (공공 가성비)",서울시 동대문구에서 공식 운영하는 공공형 키즈카페 및 육아지원 공간 [서울형키즈카페새샘공원점]입니다.,https://icare.seoul.go.kr,family:1.0;baby:1.0;father:1.0;공공키즈카페;서울형키즈카페;동대문구,2026-08-22 18:28:42,toddler:1.0;indoor:1.0;public:1.0,2,89
서울시 우리동네키즈OK / 공공 포털,공공키즈카페,서울형키즈카페답십리1동점,상시,영유아 및 어린이 (0세~7세),서울 동대문구,"아동 1,000~3,000원 / 보호자 무료 (공공 가성비)",서울시 동대문구에서 공식 운영하는 공공형 키즈카페 및 육아지원 공간 [서울형키즈카페답십리1동점]입니다.,https://icare.seoul.go.kr,family:1.0;baby:1.0;father:1.0;공공키즈카페;서울형키즈카페;동대문구,2026-08-22 18:28:42,toddler:1.0;indoor:1.0;public:1.0,2,77
서울시 우리동네키즈OK / 공공 포털,공공키즈카페,서울형키즈카페제기동점,상시,영유아 및 어린이 (0세~7세),서울 동대문구,"아동 1,000~3,000원 / 보호자 무료 (공공 가성비)",서울시 동대문구에서 공식 운영하는 공공형 키즈카페 및 육아지원 공간 [서울형키즈카페제기동점]입니다.,https://icare.seoul.go.kr,family:1.0;baby:1.0;father:1.0;공공키즈카페;서울형키즈카페;동대문구,2026-08-22 18:28:42,toddler:1.0;indoor:1.0;public:1.0,1,76
서울시 우리동네키즈OK / 공공 포털,공공키즈카페,서울형키즈카페장안1동점,상시,영유아 및 어린이 (0세~7세),서울 동대문구,"아동 1,000~3,000원 / 보호자 무료 (공공 가성비)",서울시 동대문구에서 공식 운영하는 공공형 키즈카페 및 육아지원 공간 [서울형키즈카페장안1동점]입니다.,https://icare.seoul.go.kr,family:1.0;baby:1.0;father:1.0;공공키즈카페;서울형키즈카페;동대문구,2026-08-22 18:28:42,toddler:1.0;indoor:1.0;public:1.0,1,79
서울시 우리동네키즈OK / 공공 포털,공공키즈카페,서울형키즈카페,상시,영유아 및 어린이 (0세~7세),서울 동대문구,"아동 1,000~3,000원 / 보호자 무료 (공공 가성비)",서울시 동대문구에서 공식 운영하는 공공형 키즈카페 및 육아지원 공간 [서울형키즈카페]입니다.,https://icare.seoul.go.kr,family:1.0;baby:1.0;father:1.0;공공키즈카페;서울형키즈카페;동대문구,2026-08-22 18:28:42,toddler:1.0;indoor:1.0;public:1.0,3,95
서울시 우리동네키즈OK / 공공 포털,공공키즈카페,로컬비즈localbiz.kr›서울형키즈카페,상시,영유아 및 어린이 (0세~7세),서울 동대문구,"아동 1,000~3,000원 / 보호자 무료 (공공 가성비)",서울시 동대문구에서 공식 운영하는 공공형 키즈카페 및 육아지원 공간 [로컬비즈localbiz.kr›서울형키즈카페]입니다.,https://icare.seoul.go.kr,family:1.0;baby:1.0;father:1.0;공공키즈카페;서울형키즈카페;동대문구,2026-08-22 18:28:42,toddler:1.0;indoor:1.0;public:1.0,1,75
서울시 우리동네키즈OK / 공공 포털,공공키즈카페,맘스하트카페,상시,영유아 및 어린이 (0세~7세),서울 동대문구,"아동 1,000~3,000원 / 보호자 무료 (공공 가성비)",서울시 동대문구에서 공식 운영하는 공공형 키즈카페 및 육아지원 공간 [맘스하트카페]입니다.,https://icare.seoul.go.kr,family:1.0;baby:1.0;father:1.0;공공키즈카페;서울형키즈카페;동대문구,2026-08-22 18:28:42,toddler:1.0;indoor:1.0;public:1.0,3,85
서울시 우리동네키즈OK / 공공 포털,공공키즈카페,맘스하트카페흑석동 2호점 개소:동작뉴스,상시,영유아 및 어린이 (0세~7세),서울 동대문구,"아동 1,000~3,000원 / 보호자 무료 (공공 가성비)",서울시 동대문구에서 공식 운영하는 공공형 키즈카페 및 육아지원 공간 [맘스하트카페흑석동 2호점 개소:동작뉴스]입니다.,https://icare.seoul.go.kr,family:1.0;baby:1.0;father:1.0;공공키즈카페;서울형키즈카페;동대문구,2026-08-22 18:28:42,toddler:1.0;indoor:1.0;public:1.0,3,76
서울시 우리동네키즈OK / 공공 포털,공공키즈카페,꿈자람공동육아방 휘경점육아종합지원센터,상시,영유아 및 어린이 (0세~7세),서울 동대문구,"아동 1,000~3,000원 / 보호자 무료 (공공 가성비)",서울시 동대문구에서 공식 운영하는 공공형 키즈카페 및 육아지원 공간 [꿈자람공동육아방 휘경점육아종합지원센터]입니다.,https://icare.seoul.go.kr,family:1.0;baby:1.0;father:1.0;공공키즈카페;서울형키즈카페;동대문구,2026-08-22 18:28:42,toddler:1.0;indoor:1.0;public:1.0,3,79
서울시 우리동네키즈OK / 공공 포털,공공키즈카페,꿈자람공동육아방 제기점육아종합지원센터,상시,영유아 및 어린이 (0세~7세),서울 동대문구,"아동 1,000~3,000원 / 보호자 무료 (공공 가성비)",서울시 동대문구에서 공식 운영하는 공공형 키즈카페 및 육아지원 공간 [꿈자람공동육아방 제기점육아종합지원센터]입니다.,https://icare.seoul.go.kr,family:1.0;baby:1.0;father:1.0;공공키즈카페;서울형키즈카페;동대문구,2026-08-22 18:28:42,toddler:1.0;indoor:1.0;public:1.0,1,81
서울시 우리동네키즈OK / 공공 포털,공공키즈카페,동대문구육아종합지원센터제기점육아종합지원센터,상시,영유아 및 어린이 (0세~7세),서울 동대문구,"아동 1,000~3,000원 / 보호자 무료 (공공 가성비)",서울시 동대문구에서 공식 운영하는 공공형 키즈카페 및 육아지원 공간 [동대문구육아종합지원센터제기점육아종합지원센터]입니다.,https://icare.seoul.go.kr,family:1.0;baby:1.0;father:1.0;공공키즈카페;서울형키즈카페;동대문구,2026-08-22 18:28:42,toddler:1.0;indoor:1.0;public:1.0,1,94
서울시 우리동네키즈OK / 공공 포털,공공키즈카페,서울형키즈카페동대문구제기동점,상시,영유아 및 어린이 (0세~7세),서울 동대문구,"아동 1,000~3,000원 / 보호자 무료 (공공 가성비)",서울시 동대문구에서 공식 운영하는 공공형 키즈카페 및 육아지원 공간 [서울형키즈카페동대문구제기동점]입니다.,https://icare.seoul.go.kr,family:1.0;baby:1.0;father:1.0;공공키즈카페;서울형키즈카페;동대문구,2026-08-22 18:28:42,toddler:1.0;indoor:1.0;public:1.0,1,88
서울시 우리동네키즈OK / 공공 포털,공공키즈카페,서울형키즈카페중랑,상시,영유아 및 어린이 (0세~7세),서울 중랑구,"아동 1,000~3,000원 / 보호자 무료 (공공 가성비)",서울시 중랑구에서 공식 운영하는 공공형 키즈카페 및 육아지원 공간 [서울형키즈카페중랑]입니다.,https://icare.seoul.go.kr,family:1.0;baby:1.0;father:1.0;공공키즈카페;서울형키즈카페;중랑구,2026-08-22 18:28:42,toddler:1.0;indoor:1.0;public:1.0,3,94
서울시 우리동네키즈OK / 공공 포털,공공키즈카페,서울형키즈카페중랑구늘푸른공원점,상시,영유아 및 어린이 (0세~7세),서울 중랑구,"아동 1,000~3,000원 / 보호자 무료 (공공 가성비)",서울시 중랑구에서 공식 운영하는 공공형 키즈카페 및 육아지원 공간 [서울형키즈카페중랑구늘푸른공원점]입니다.,https://icare.seoul.go.kr,family:1.0;baby:1.0;father:1.0;공공키즈카페;서울형키즈카페;중랑구,2026-08-22 18:28:42,toddler:1.0;indoor:1.0;public:1.0,2,87
서울시 우리동네키즈OK / 공공 포털,공공키즈카페,서울형키즈카페중랑구중랑역점,상시,영유아 및 어린이 (0세~7세),서울 중랑구,"아동 1,000~3,000원 / 보호자 무료 (공공 가성비)",서울시 중랑구에서 공식 운영하는 공공형 키즈카페 및 육아지원 공간 [서울형키즈카페중랑구중랑역점]입니다.,https://icare.seoul.go.kr,family:1.0;baby:1.0;father:1.0;공공키즈카페;서울형키즈카페;중랑구,2026-08-22 18:28:42,toddler:1.0;indoor:1.0;public:1.0,3,87
서울시 우리동네키즈OK / 공공 포털,공공키즈카페,애기야가자가 제공하는서울형키즈카페중랑,상시,영유아 및 어린이 (0세~7세),서울 중랑구,"아동 1,000~3,000원 / 보호자 무료 (공공 가성비)",서울시 중랑구에서 공식 운영하는 공공형 키즈카페 및 육아지원 공간 [애기야가자가 제공하는서울형키즈카페중랑]입니다.,https://icare.seoul.go.kr,family:1.0;baby:1.0;father:1.0;공공키즈카페;서울형키즈카페;중랑구,2026-08-22 18:28:42,toddler:1.0;indoor:1.0;public:1.0,1,85
서울시 우리동네키즈OK / 공공 포털,공공키즈카페,서울형키즈카페중랑구중랑,상시,영유아 및 어린이 (0세~7세),서울 중랑구,"아동 1,000~3,000원 / 보호자 무료 (공공 가성비)",서울시 중랑구에서 공식 운영하는 공공형 키즈카페 및 육아지원 공간 [서울형키즈카페중랑구중랑]입니다.,https://icare.seoul.go.kr,family:1.0;baby:1.0;father:1.0;공공키즈카페;서울형키즈카페;중랑구,2026-08-22 18:28:42,toddler:1.0;indoor:1.0;public:1.0,1,83
서울시 우리동네키즈OK / 공공 포털,공공키즈카페,그린나래공동육아방육아종합지원센터,상시,영유아 및 어린이 (0세~7세),서울 중랑구,"아동 1,000~3,000원 / 보호자 무료 (공공 가성비)",서울시 중랑구에서 공식 운영하는 공공형 키즈카페 및 육아지원 공간 [그린나래공동육아방육아종합지원센터]입니다.,https://icare.seoul.go.kr,family:1.0;baby:1.0;father:1.0;공공키즈카페;서울형키즈카페;중랑구,2026-08-22 18:28:42,toddler:1.0;indoor:1.0;public:1.0,2,82
서울시 우리동네키즈OK / 공공 포털,공공키즈카페,도란도란 공동육아방육아종합지원센터,상시,영유아 및 어린이 (0세~7세),서울 중랑구,"아동 1,000~3,000원 / 보호자 무료 (공공 가성비)",서울시 중랑구에서 공식 운영하는 공공형 키즈카페 및 육아지원 공간 [도란도란 공동육아방육아종합지원센터]입니다.,https://icare.seoul.go.kr,family:1.0;baby:1.0;father:1.0;공공키즈카페;서울형키즈카페;중랑구,2026-08-22 18:28:42,toddler:1.0;indoor:1.0;public:1.0,1,88
서울시 우리동네키즈OK / 공공 포털,공공키즈카페,중랑구육아종합지원센터육아종합지원센터,상시,영유아 및 어린이 (0세~7세),서울 중랑구,"아동 1,000~3,000원 / 보호자 무료 (공공 가성비)",서울시 중랑구에서 공식 운영하는 공공형 키즈카페 및 육아지원 공간 [중랑구육아종합지원센터육아종합지원센터]입니다.,https://icare.seoul.go.kr,family:1.0;baby:1.0;father:1.0;공공키즈카페;서울형키즈카페;중랑구,2026-08-22 18:28:42,toddler:1.0;indoor:1.0;public:1.0,3,76
서울시 우리동네키즈OK / 공공 포털,공공키즈카페,햇살아래공동육아방육아종합지원센터,상시,영유아 및 어린이 (0세~7세),서울 중랑구,"아동 1,000~3,000원 / 보호자 무료 (공공 가성비)",서울시 중랑구에서 공식 운영하는 공공형 키즈카페 및 육아지원 공간 [햇살아래공동육아방육아종합지원센터]입니다.,https://icare.seoul.go.kr,family:1.0;baby:1.0;father:1.0;공공키즈카페;서울형키즈카페;중랑구,2026-08-22 18:28:42,toddler:1.0;indoor:1.0;public:1.0,3,84
서울시 우리동네키즈OK / 공공 포털,공공키즈카페,장미향기공동육아방육아종합지원센터,상시,영유아 및 어린이 (0세~7세),서울 중랑구,"아동 1,000~3,000원 / 보호자 무료 (공공 가성비)",서울시 중랑구에서 공식 운영하는 공공형 키즈카페 및 육아지원 공간 [장미향기공동육아방육아종합지원센터]입니다.,https://icare.seoul.go.kr,family:1.0;baby:1.0;father:1.0;공공키즈카페;서울형키즈카페;중랑구,2026-08-22 18:28:42,toddler:1.0;indoor:1.0;public:1.0,2,94
서울시 우리동네키즈OK / 공공 포털,공공키즈카페,누리봄공동육아방육아종합지원센터,상시,영유아 및 어린이 (0세~7세),서울 중랑구,"아동 1,000~3,000원 / 보호자 무료 (공공 가성비)",서울시 중랑구에서 공식 운영하는 공공형 키즈카페 및 육아지원 공간 [누리봄공동육아방육아종합지원센터]입니다.,https://icare.seoul.go.kr,family:1.0;baby:1.0;father:1.0;공공키즈카페;서울형키즈카페;중랑구,2026-08-22 18:28:42,toddler:1.0;indoor:1.0;public:1.0,1,92
서울시 우리동네키즈OK / 공공 포털,공공키즈카페,서울 중랑구육아종합지원센터의 서울형 키즈카페 중랑,상시,영유아 및 어린이 (0세~7세),서울 중랑구,"아동 1,000~3,000원 / 보호자 무료 (공공 가성비)",서울시 중랑구에서 공식 운영하는 공공형 키즈카페 및 육아지원 공간 [서울 중랑구육아종합지원센터의 서울형 키즈카페 중랑]입니다.,https://icare.seoul.go.kr,family:1.0;baby:1.0;father:1.0;공공키즈카페;서울형키즈카페;중랑구,2026-08-22 18:28:42,toddler:1.0;indoor:1.0;public:1.0,3,75
서울시 우리동네키즈OK / 공공 포털,공공키즈카페,서울형키즈카페성북구정릉3동점,상시,영유아 및 어린이 (0세~7세),서울 성북구,"아동 1,000~3,000원 / 보호자 무료 (공공 가성비)",서울시 성북구에서 공식 운영하는 공공형 키즈카페 및 육아지원 공간 [서울형키즈카페성북구정릉3동점]입니다.,https://icare.seoul.go.kr,family:1.0;baby:1.0;father:1.0;공공키즈카페;서울형키즈카페;성북구,2026-08-22 18:28:42,toddler:1.0;indoor:1.0;public:1.0,2,90
서울시 우리동네키즈OK / 공공 포털,공공키즈카페,서울형키즈카페성북구종암동점,상시,영유아 및 어린이 (0세~7세),서울 성북구,"아동 1,000~3,000원 / 보호자 무료 (공공 가성비)",서울시 성북구에서 공식 운영하는 공공형 키즈카페 및 육아지원 공간 [서울형키즈카페성북구종암동점]입니다.,https://icare.seoul.go.kr,family:1.0;baby:1.0;father:1.0;공공키즈카페;서울형키즈카페;성북구,2026-08-22 18:28:42,toddler:1.0;indoor:1.0;public:1.0,1,83
서울시 우리동네키즈OK / 공공 포털,공공키즈카페,서울형키즈카페성북구성북동점,상시,영유아 및 어린이 (0세~7세),서울 성북구,"아동 1,000~3,000원 / 보호자 무료 (공공 가성비)",서울시 성북구에서 공식 운영하는 공공형 키즈카페 및 육아지원 공간 [서울형키즈카페성북구성북동점]입니다.,https://icare.seoul.go.kr,family:1.0;baby:1.0;father:1.0;공공키즈카페;서울형키즈카페;성북구,2026-08-22 18:28:42,toddler:1.0;indoor:1.0;public:1.0,1,95
서울시 우리동네키즈OK / 공공 포털,공공키즈카페,서울형키즈카페성북구정릉2동점,상시,영유아 및 어린이 (0세~7세),서울 성북구,"아동 1,000~3,000원 / 보호자 무료 (공공 가성비)",서울시 성북구에서 공식 운영하는 공공형 키즈카페 및 육아지원 공간 [서울형키즈카페성북구정릉2동점]입니다.,https://icare.seoul.go.kr,family:1.0;baby:1.0;father:1.0;공공키즈카페;서울형키즈카페;성북구,2026-08-22 18:28:42,toddler:1.0;indoor:1.0;public:1.0,3,81
서울시 우리동네키즈OK / 공공 포털,공공키즈카페,서울형키즈카페성북구보문동점,상시,영유아 및 어린이 (0세~7세),서울 성북구,"아동 1,000~3,000원 / 보호자 무료 (공공 가성비)",서울시 성북구에서 공식 운영하는 공공형 키즈카페 및 육아지원 공간 [서울형키즈카페성북구보문동점]입니다.,https://icare.seoul.go.kr,family:1.0;baby:1.0;father:1.0;공공키즈카페;서울형키즈카페;성북구,2026-08-22 18:28:42,toddler:1.0;indoor:1.0;public:1.0,3,89
서울시 우리동네키즈OK / 공공 포털,공공키즈카페,서울형키즈카페성북구월곡1동점,상시,영유아 및 어린이 (0세~7세),서울 성북구,"아동 1,000~3,000원 / 보호자 무료 (공공 가성비)",서울시 성북구에서 공식 운영하는 공공형 키즈카페 및 육아지원 공간 [서울형키즈카페성북구월곡1동점]입니다.,https://icare.seoul.go.kr,family:1.0;baby:1.0;father:1.0;공공키즈카페;서울형키즈카페;성북구,2026-08-22 18:28:42,toddler:1.0;indoor:1.0;public:1.0,1,92
서울시 우리동네키즈OK / 공공 포털,공공키즈카페,성북구육아종합지원센터,상시,영유아 및 어린이 (0세~7세),서울 성북구,"아동 1,000~3,000원 / 보호자 무료 (공공 가성비)",서울시 성북구에서 공식 운영하는 공공형 키즈카페 및 육아지원 공간 [성북구육아종합지원센터]입니다.,https://icare.seoul.go.kr,family:1.0;baby:1.0;father:1.0;공공키즈카페;서울형키즈카페;성북구,2026-08-22 18:28:42,toddler:1.0;indoor:1.0;public:1.0,2,77
서울시 우리동네키즈OK / 공공 포털,공공키즈카페,성북구육아종합지원센터장난감이좋아,상시,영유아 및 어린이 (0세~7세),서울 성북구,"아동 1,000~3,000원 / 보호자 무료 (공공 가성비)",서울시 성북구에서 공식 운영하는 공공형 키즈카페 및 육아지원 공간 [성북구육아종합지원센터장난감이좋아]입니다.,https://icare.seoul.go.kr,family:1.0;baby:1.0;father:1.0;공공키즈카페;서울형키즈카페;성북구,2026-08-22 18:28:42,toddler:1.0;indoor:1.0;public:1.0,2,88
서울시 우리동네키즈OK / 공공 포털,공공키즈카페,성북구 육아종합지원센터,상시,영유아 및 어린이 (0세~7세),서울 성북구,"아동 1,000~3,000원 / 보호자 무료 (공공 가성비)",서울시 성북구에서 공식 운영하는 공공형 키즈카페 및 육아지원 공간 [성북구 육아종합지원센터]입니다.,https://icare.seoul.go.kr,family:1.0;baby:1.0;father:1.0;공공키즈카페;서울형키즈카페;성북구,2026-08-22 18:28:42,toddler:1.0;indoor:1.0;public:1.0,3,81
서울시 우리동네키즈OK / 공공 포털,공공키즈카페,성북구육아종합지원센터월곡점육아종합지원센터,상시,영유아 및 어린이 (0세~7세),서울 성북구,"아동 1,000~3,000원 / 보호자 무료 (공공 가성비)",서울시 성북구에서 공식 운영하는 공공형 키즈카페 및 육아지원 공간 [성북구육아종합지원센터월곡점육아종합지원센터]입니다.,https://icare.seoul.go.kr,family:1.0;baby:1.0;father:1.0;공공키즈카페;서울형키즈카페;성북구,2026-08-22 18:28:42,toddler:1.0;indoor:1.0;public:1.0,3,84
서울시 우리동네키즈OK / 공공 포털,공공키즈카페,성북구육아종합지원센터부모아이지원센터육아종합지원센터,상시,영유아 및 어린이 (0세~7세),서울 성북구,"아동 1,000~3,000원 / 보호자 무료 (공공 가성비)",서울시 성북구에서 공식 운영하는 공공형 키즈카페 및 육아지원 공간 [성북구육아종합지원센터부모아이지원센터육아종합지원센터]입니다.,https://icare.seoul.go.kr,family:1.0;baby:1.0;father:1.0;공공키즈카페;서울형키즈카페;성북구,2026-08-22 18:28:42,toddler:1.0;indoor:1.0;public:1.0,3,79
서울시 우리동네키즈OK / 공공 포털,공공키즈카페,육아종합지원센터월곡 개방화장실화장실,상시,영유아 및 어린이 (0세~7세),서울 성북구,"아동 1,000~3,000원 / 보호자 무료 (공공 가성비)",서울시 성북구에서 공식 운영하는 공공형 키즈카페 및 육아지원 공간 [육아종합지원센터월곡 개방화장실화장실]입니다.,https://icare.seoul.go.kr,family:1.0;baby:1.0;father:1.0;공공키즈카페;서울형키즈카페;성북구,2026-08-22 18:28:42,toddler:1.0;indoor:1.0;public:1.0,3,75
서울시 우리동네키즈OK / 공공 포털,공공키즈카페,도봉구육아종합지원센터창동육아종합지원센터,상시,영유아 및 어린이 (0세~7세),서울 성북구,"아동 1,000~3,000원 / 보호자 무료 (공공 가성비)",서울시 성북구에서 공식 운영하는 공공형 키즈카페 및 육아지원 공간 [도봉구육아종합지원센터창동육아종합지원센터]입니다.,https://icare.seoul.go.kr,family:1.0;baby:1.0;father:1.0;공공키즈카페;서울형키즈카페;성북구,2026-08-22 18:28:42,toddler:1.0;indoor:1.0;public:1.0,2,77
서울시 우리동네키즈OK / 공공 포털,공공키즈카페,강북구서울형키즈카페송천동점,상시,영유아 및 어린이 (0세~7세),서울 강북구,"아동 1,000~3,000원 / 보호자 무료 (공공 가성비)",서울시 강북구에서 공식 운영하는 공공형 키즈카페 및 육아지원 공간 [강북구서울형키즈카페송천동점]입니다.,https://icare.seoul.go.kr,family:1.0;baby:1.0;father:1.0;공공키즈카페;서울형키즈카페;강북구,2026-08-22 18:28:42,toddler:1.0;indoor:1.0;public:1.0,2,83
서울시 우리동네키즈OK / 공공 포털,공공키즈카페,서울형키즈카페도봉구 창3동점 우당탕탕 숲속대탐험,상시,영유아 및 어린이 (0세~7세),서울 강북구,"아동 1,000~3,000원 / 보호자 무료 (공공 가성비)",서울시 강북구에서 공식 운영하는 공공형 키즈카페 및 육아지원 공간 [서울형키즈카페도봉구 창3동점 우당탕탕 숲속대탐험]입니다.,https://icare.seoul.go.kr,family:1.0;baby:1.0;father:1.0;공공키즈카페;서울형키즈카페;강북구,2026-08-22 18:28:42,toddler:1.0;indoor:1.0;public:1.0,2,76
서울시 우리동네키즈OK / 공공 포털,공공키즈카페,서울형키즈카페도봉구방학1동2호점 오밀조밀숲 놀다람,상시,영유아 및 어린이 (0세~7세),서울 강북구,"아동 1,000~3,000원 / 보호자 무료 (공공 가성비)",서울시 강북구에서 공식 운영하는 공공형 키즈카페 및 육아지원 공간 [서울형키즈카페도봉구방학1동2호점 오밀조밀숲 놀다람]입니다.,https://icare.seoul.go.kr,family:1.0;baby:1.0;father:1.0;공공키즈카페;서울형키즈카페;강북구,2026-08-22 18:28:42,toddler:1.0;indoor:1.0;public:1.0,1,77
서울시 우리동네키즈OK / 공공 포털,공공키즈카페,2026년서울 강북구육아종합지원센터유치원,상시,영유아 및 어린이 (0세~7세),서울 강북구,"아동 1,000~3,000원 / 보호자 무료 (공공 가성비)",서울시 강북구에서 공식 운영하는 공공형 키즈카페 및 육아지원 공간 [2026년서울 강북구육아종합지원센터유치원]입니다.,https://icare.seoul.go.kr,family:1.0;baby:1.0;father:1.0;공공키즈카페;서울형키즈카페;강북구,2026-08-22 18:28:42,toddler:1.0;indoor:1.0;public:1.0,2,88
서울시 우리동네키즈OK / 공공 포털,공공키즈카페,강북구육아종합지원센터북토리숲육아종합지원센터,상시,영유아 및 어린이 (0세~7세),서울 강북구,"아동 1,000~3,000원 / 보호자 무료 (공공 가성비)",서울시 강북구에서 공식 운영하는 공공형 키즈카페 및 육아지원 공간 [강북구육아종합지원센터북토리숲육아종합지원센터]입니다.,https://icare.seoul.go.kr,family:1.0;baby:1.0;father:1.0;공공키즈카페;서울형키즈카페;강북구,2026-08-22 18:28:42,toddler:1.0;indoor:1.0;public:1.0,1,79
서울시 우리동네키즈OK / 공공 포털,공공키즈카페,강북구육아종합지원센터미아공동육아방육아종합지원센터,상시,영유아 및 어린이 (0세~7세),서울 강북구,"아동 1,000~3,000원 / 보호자 무료 (공공 가성비)",서울시 강북구에서 공식 운영하는 공공형 키즈카페 및 육아지원 공간 [강북구육아종합지원센터미아공동육아방육아종합지원센터]입니다.,https://icare.seoul.go.kr,family:1.0;baby:1.0;father:1.0;공공키즈카페;서울형키즈카페;강북구,2026-08-22 18:28:42,toddler:1.0;indoor:1.0;public:1.0,1,86
서울시 우리동네키즈OK / 공공 포털,공공키즈카페,강북구육아종합지원센터북토리토토,상시,영유아 및 어린이 (0세~7세),서울 강북구,"아동 1,000~3,000원 / 보호자 무료 (공공 가성비)",서울시 강북구에서 공식 운영하는 공공형 키즈카페 및 육아지원 공간 [강북구육아종합지원센터북토리토토]입니다.,https://icare.seoul.go.kr,family:1.0;baby:1.0;father:1.0;공공키즈카페;서울형키즈카페;강북구,2026-08-22 18:28:42,toddler:1.0;indoor:1.0;public:1.0,1,86
서울시 우리동네키즈OK / 공공 포털,공공키즈카페,강북구 육아종합지원센터개방화장실화장실,상시,영유아 및 어린이 (0세~7세),서울 강북구,"아동 1,000~3,000원 / 보호자 무료 (공공 가성비)",서울시 강북구에서 공식 운영하는 공공형 키즈카페 및 육아지원 공간 [강북구 육아종합지원센터개방화장실화장실]입니다.,https://icare.seoul.go.kr,family:1.0;baby:1.0;father:1.0;공공키즈카페;서울형키즈카페;강북구,2026-08-22 18:28:42,toddler:1.0;indoor:1.0;public:1.0,2,82
서울시 우리동네키즈OK / 공공 포털,공공키즈카페,강북구 육아종합지원센터신체활동실 놀이터,상시,영유아 및 어린이 (0세~7세),서울 강북구,"아동 1,000~3,000원 / 보호자 무료 (공공 가성비)",서울시 강북구에서 공식 운영하는 공공형 키즈카페 및 육아지원 공간 [강북구 육아종합지원센터신체활동실 놀이터]입니다.,https://icare.seoul.go.kr,family:1.0;baby:1.0;father:1.0;공공키즈카페;서울형키즈카페;강북구,2026-08-22 18:28:42,toddler:1.0;indoor:1.0;public:1.0,3,83
서울시 우리동네키즈OK / 공공 포털,공공키즈카페,2주 전강북구 육아종합지원센터채용 안내입니다.,상시,영유아 및 어린이 (0세~7세),서울 강북구,"아동 1,000~3,000원 / 보호자 무료 (공공 가성비)",서울시 강북구에서 공식 운영하는 공공형 키즈카페 및 육아지원 공간 [2주 전강북구 육아종합지원센터채용 안내입니다.]입니다.,https://icare.seoul.go.kr,family:1.0;baby:1.0;father:1.0;공공키즈카페;서울형키즈카페;강북구,2026-08-22 18:28:42,toddler:1.0;indoor:1.0;public:1.0,3,88
서울시 우리동네키즈OK / 공공 포털,공공키즈카페,강북구 육아종합지원센터,상시,영유아 및 어린이 (0세~7세),서울 강북구,"아동 1,000~3,000원 / 보호자 무료 (공공 가성비)",서울시 강북구에서 공식 운영하는 공공형 키즈카페 및 육아지원 공간 [강북구 육아종합지원센터]입니다.,https://icare.seoul.go.kr,family:1.0;baby:1.0;father:1.0;공공키즈카페;서울형키즈카페;강북구,2026-08-22 18:28:42,toddler:1.0;indoor:1.0;public:1.0,1,80
서울시 우리동네키즈OK / 공공 포털,공공키즈카페,서울형키즈카페도봉구창3동점 우당탕탕 숲속대탐험,상시,영유아 및 어린이 (0세~7세),서울 도봉구,"아동 1,000~3,000원 / 보호자 무료 (공공 가성비)",서울시 도봉구에서 공식 운영하는 공공형 키즈카페 및 육아지원 공간 [서울형키즈카페도봉구창3동점 우당탕탕 숲속대탐험]입니다.,https://icare.seoul.go.kr,family:1.0;baby:1.0;father:1.0;공공키즈카페;서울형키즈카페;도봉구,2026-08-22 18:28:42,toddler:1.0;indoor:1.0;public:1.0,3,94
서울시 우리동네키즈OK / 공공 포털,공공키즈카페,서울형키즈카페도봉구쌍문2동점,상시,영유아 및 어린이 (0세~7세),서울 도봉구,"아동 1,000~3,000원 / 보호자 무료 (공공 가성비)",서울시 도봉구에서 공식 운영하는 공공형 키즈카페 및 육아지원 공간 [서울형키즈카페도봉구쌍문2동점]입니다.,https://icare.seoul.go.kr,family:1.0;baby:1.0;father:1.0;공공키즈카페;서울형키즈카페;도봉구,2026-08-22 18:28:42,toddler:1.0;indoor:1.0;public:1.0,2,85
서울시 우리동네키즈OK / 공공 포털,공공키즈카페,서울형키즈카페도봉구방학1동1호점,상시,영유아 및 어린이 (0세~7세),서울 도봉구,"아동 1,000~3,000원 / 보호자 무료 (공공 가성비)",서울시 도봉구에서 공식 운영하는 공공형 키즈카페 및 육아지원 공간 [서울형키즈카페도봉구방학1동1호점]입니다.,https://icare.seoul.go.kr,family:1.0;baby:1.0;father:1.0;공공키즈카페;서울형키즈카페;도봉구,2026-08-22 18:28:42,toddler:1.0;indoor:1.0;public:1.0,1,91
서울시 우리동네키즈OK / 공공 포털,공공키즈카페,서울형키즈카페도봉구도봉2동2호점,상시,영유아 및 어린이 (0세~7세),서울 도봉구,"아동 1,000~3,000원 / 보호자 무료 (공공 가성비)",서울시 도봉구에서 공식 운영하는 공공형 키즈카페 및 육아지원 공간 [서울형키즈카페도봉구도봉2동2호점]입니다.,https://icare.seoul.go.kr,family:1.0;baby:1.0;father:1.0;공공키즈카페;서울형키즈카페;도봉구,2026-08-22 18:28:42,toddler:1.0;indoor:1.0;public:1.0,2,85
서울시 우리동네키즈OK / 공공 포털,공공키즈카페,서울형키즈카페도봉구창1동점,상시,영유아 및 어린이 (0세~7세),서울 도봉구,"아동 1,000~3,000원 / 보호자 무료 (공공 가성비)",서울시 도봉구에서 공식 운영하는 공공형 키즈카페 및 육아지원 공간 [서울형키즈카페도봉구창1동점]입니다.,https://icare.seoul.go.kr,family:1.0;baby:1.0;father:1.0;공공키즈카페;서울형키즈카페;도봉구,2026-08-22 18:28:42,toddler:1.0;indoor:1.0;public:1.0,2,77
서울시 우리동네키즈OK / 공공 포털,공공키즈카페,"서울형키즈카페도봉구창1동 숲속유람선 뚜뚜, 0세 아기랑",상시,영유아 및 어린이 (0세~7세),서울 도봉구,"아동 1,000~3,000원 / 보호자 무료 (공공 가성비)","서울시 도봉구에서 공식 운영하는 공공형 키즈카페 및 육아지원 공간 [서울형키즈카페도봉구창1동 숲속유람선 뚜뚜, 0세 아기랑]입니다.",https://icare.seoul.go.kr,family:1.0;baby:1.0;father:1.0;공공키즈카페;서울형키즈카페;도봉구,2026-08-22 18:28:42,toddler:1.0;indoor:1.0;public:1.0,2,92
서울시 우리동네키즈OK / 공공 포털,공공키즈카페,서울형키즈카페도봉구창3동점,상시,영유아 및 어린이 (0세~7세),서울 도봉구,"아동 1,000~3,000원 / 보호자 무료 (공공 가성비)",서울시 도봉구에서 공식 운영하는 공공형 키즈카페 및 육아지원 공간 [서울형키즈카페도봉구창3동점]입니다.,https://icare.seoul.go.kr,family:1.0;baby:1.0;father:1.0;공공키즈카페;서울형키즈카페;도봉구,2026-08-22 18:28:42,toddler:1.0;indoor:1.0;public:1.0,2,89
서울시 우리동네키즈OK / 공공 포털,공공키즈카페,도봉구 육아종합지원센터www.doccic.go.kr,상시,영유아 및 어린이 (0세~7세),서울 도봉구,"아동 1,000~3,000원 / 보호자 무료 (공공 가성비)",서울시 도봉구에서 공식 운영하는 공공형 키즈카페 및 육아지원 공간 [도봉구 육아종합지원센터www.doccic.go.kr]입니다.,https://icare.seoul.go.kr,family:1.0;baby:1.0;father:1.0;공공키즈카페;서울형키즈카페;도봉구,2026-08-22 18:28:42,toddler:1.0;indoor:1.0;public:1.0,1,92
서울시 우리동네키즈OK / 공공 포털,공공키즈카페,도봉구 육아종합지원센터,상시,영유아 및 어린이 (0세~7세),서울 도봉구,"아동 1,000~3,000원 / 보호자 무료 (공공 가성비)",서울시 도봉구에서 공식 운영하는 공공형 키즈카페 및 육아지원 공간 [도봉구 육아종합지원센터]입니다.,https://icare.seoul.go.kr,family:1.0;baby:1.0;father:1.0;공공키즈카페;서울형키즈카페;도봉구,2026-08-22 18:28:42,toddler:1.0;indoor:1.0;public:1.0,3,81
서울시 우리동네키즈OK / 공공 포털,공공키즈카페,도봉구 육아종합지원센터(도봉),상시,영유아 및 어린이 (0세~7세),서울 도봉구,"아동 1,000~3,000원 / 보호자 무료 (공공 가성비)",서울시 도봉구에서 공식 운영하는 공공형 키즈카페 및 육아지원 공간 [도봉구 육아종합지원센터(도봉)]입니다.,https://icare.seoul.go.kr,family:1.0;baby:1.0;father:1.0;공공키즈카페;서울형키즈카페;도봉구,2026-08-22 18:28:42,toddler:1.0;indoor:1.0;public:1.0,1,75
서울시 우리동네키즈OK / 공공 포털,공공키즈카페,도봉구육아종합지원센터육아종합지원센터,상시,영유아 및 어린이 (0세~7세),서울 도봉구,"아동 1,000~3,000원 / 보호자 무료 (공공 가성비)",서울시 도봉구에서 공식 운영하는 공공형 키즈카페 및 육아지원 공간 [도봉구육아종합지원센터육아종합지원센터]입니다.,https://icare.seoul.go.kr,family:1.0;baby:1.0;father:1.0;공공키즈카페;서울형키즈카페;도봉구,2026-08-22 18:28:42,toddler:1.0;indoor:1.0;public:1.0,1,82
서울시 우리동네키즈OK / 공공 포털,공공키즈카페,도봉구육아종합지원센터국공립어린이집,상시,영유아 및 어린이 (0세~7세),서울 도봉구,"아동 1,000~3,000원 / 보호자 무료 (공공 가성비)",서울시 도봉구에서 공식 운영하는 공공형 키즈카페 및 육아지원 공간 [도봉구육아종합지원센터국공립어린이집]입니다.,https://icare.seoul.go.kr,family:1.0;baby:1.0;father:1.0;공공키즈카페;서울형키즈카페;도봉구,2026-08-22 18:28:42,toddler:1.0;indoor:1.0;public:1.0,3,90
서울시 우리동네키즈OK / 공공 포털,공공키즈카페,서울형키즈카페 노원구중평공원점육아종합지원센터,상시,영유아 및 어린이 (0세~7세),서울 도봉구,"아동 1,000~3,000원 / 보호자 무료 (공공 가성비)",서울시 도봉구에서 공식 운영하는 공공형 키즈카페 및 육아지원 공간 [서울형키즈카페 노원구중평공원점육아종합지원센터]입니다.,https://icare.seoul.go.kr,family:1.0;baby:1.0;father:1.0;공공키즈카페;서울형키즈카페;도봉구,2026-08-22 18:28:42,toddler:1.0;indoor:1.0;public:1.0,3,84
서울시 우리동네키즈OK / 공공 포털,공공키즈카페,놀이아띠 월계점육아종합지원센터,상시,영유아 및 어린이 (0세~7세),서울 도봉구,"아동 1,000~3,000원 / 보호자 무료 (공공 가성비)",서울시 도봉구에서 공식 운영하는 공공형 키즈카페 및 육아지원 공간 [놀이아띠 월계점육아종합지원센터]입니다.,https://icare.seoul.go.kr,family:1.0;baby:1.0;father:1.0;공공키즈카페;서울형키즈카페;도봉구,2026-08-22 18:28:42,toddler:1.0;indoor:1.0;public:1.0,3,94
서울시 우리동네키즈OK / 공공 포털,공공키즈카페,도봉구육아종합지원센터(창동),상시,영유아 및 어린이 (0세~7세),서울 도봉구,"아동 1,000~3,000원 / 보호자 무료 (공공 가성비)",서울시 도봉구에서 공식 운영하는 공공형 키즈카페 및 육아지원 공간 [도봉구육아종합지원센터(창동)]입니다.,https://icare.seoul.go.kr,family:1.0;baby:1.0;father:1.0;공공키즈카페;서울형키즈카페;도봉구,2026-08-22 18:28:42,toddler:1.0;indoor:1.0;public:1.0,2,92
서울시 우리동네키즈OK / 공공 포털,공공키즈카페,도봉구육아종합지원센터놀이누림터 실내놀이시설,상시,영유아 및 어린이 (0세~7세),서울 도봉구,"아동 1,000~3,000원 / 보호자 무료 (공공 가성비)",서울시 도봉구에서 공식 운영하는 공공형 키즈카페 및 육아지원 공간 [도봉구육아종합지원센터놀이누림터 실내놀이시설]입니다.,https://icare.seoul.go.kr,family:1.0;baby:1.0;father:1.0;공공키즈카페;서울형키즈카페;도봉구,2026-08-22 18:28:42,toddler:1.0;indoor:1.0;public:1.0,2,79
서울시 우리동네키즈OK / 공공 포털,공공키즈카페,서울형키즈카페노원구상계2동점,상시,영유아 및 어린이 (0세~7세),서울 노원구,"아동 1,000~3,000원 / 보호자 무료 (공공 가성비)",서울시 노원구에서 공식 운영하는 공공형 키즈카페 및 육아지원 공간 [서울형키즈카페노원구상계2동점]입니다.,https://icare.seoul.go.kr,family:1.0;baby:1.0;father:1.0;공공키즈카페;서울형키즈카페;노원구,2026-08-22 18:28:42,toddler:1.0;indoor:1.0;public:1.0,1,81
서울시 우리동네키즈OK / 공공 포털,공공키즈카페,서울형키즈카페노원구중평공원점육아종합지원센터,상시,영유아 및 어린이 (0세~7세),서울 노원구,"아동 1,000~3,000원 / 보호자 무료 (공공 가성비)",서울시 노원구에서 공식 운영하는 공공형 키즈카페 및 육아지원 공간 [서울형키즈카페노원구중평공원점육아종합지원센터]입니다.,https://icare.seoul.go.kr,family:1.0;baby:1.0;father:1.0;공공키즈카페;서울형키즈카페;노원구,2026-08-22 18:28:42,toddler:1.0;indoor:1.0;public:1.0,3,89
서울시 우리동네키즈OK / 공공 포털,공공키즈카페,서울형키즈카페노원구중평공원점,상시,영유아 및 어린이 (0세~7세),서울 노원구,"아동 1,000~3,000원 / 보호자 무료 (공공 가성비)",서울시 노원구에서 공식 운영하는 공공형 키즈카페 및 육아지원 공간 [서울형키즈카페노원구중평공원점]입니다.,https://icare.seoul.go.kr,family:1.0;baby:1.0;father:1.0;공공키즈카페;서울형키즈카페;노원구,2026-08-22 18:28:42,toddler:1.0;indoor:1.0;public:1.0,3,76
서울시 우리동네키즈OK / 공공 포털,공공키즈카페,서울 노원구육아종합지원센터,상시,영유아 및 어린이 (0세~7세),서울 노원구,"아동 1,000~3,000원 / 보호자 무료 (공공 가성비)",서울시 노원구에서 공식 운영하는 공공형 키즈카페 및 육아지원 공간 [서울 노원구육아종합지원센터]입니다.,https://icare.seoul.go.kr,family:1.0;baby:1.0;father:1.0;공공키즈카페;서울형키즈카페;노원구,2026-08-22 18:28:42,toddler:1.0;indoor:1.0;public:1.0,2,90
서울시 우리동네키즈OK / 공공 포털,공공키즈카페,노원구육아종합지원센터육아종합지원센터,상시,영유아 및 어린이 (0세~7세),서울 노원구,"아동 1,000~3,000원 / 보호자 무료 (공공 가성비)",서울시 노원구에서 공식 운영하는 공공형 키즈카페 및 육아지원 공간 [노원구육아종합지원센터육아종합지원센터]입니다.,https://icare.seoul.go.kr,family:1.0;baby:1.0;father:1.0;공공키즈카페;서울형키즈카페;노원구,2026-08-22 18:28:42,toddler:1.0;indoor:1.0;public:1.0,2,76
서울시 우리동네키즈OK / 공공 포털,공공키즈카페,도담도담나눔터 하계1동점육아종합지원센터,상시,영유아 및 어린이 (0세~7세),서울 노원구,"아동 1,000~3,000원 / 보호자 무료 (공공 가성비)",서울시 노원구에서 공식 운영하는 공공형 키즈카페 및 육아지원 공간 [도담도담나눔터 하계1동점육아종합지원센터]입니다.,https://icare.seoul.go.kr,family:1.0;baby:1.0;father:1.0;공공키즈카페;서울형키즈카페;노원구,2026-08-22 18:28:42,toddler:1.0;indoor:1.0;public:1.0,1,91
서울시 우리동네키즈OK / 공공 포털,공공키즈카페,도담도담나눔터 중계4동점육아종합지원센터,상시,영유아 및 어린이 (0세~7세),서울 노원구,"아동 1,000~3,000원 / 보호자 무료 (공공 가성비)",서울시 노원구에서 공식 운영하는 공공형 키즈카페 및 육아지원 공간 [도담도담나눔터 중계4동점육아종합지원센터]입니다.,https://icare.seoul.go.kr,family:1.0;baby:1.0;father:1.0;공공키즈카페;서울형키즈카페;노원구,2026-08-22 18:28:42,toddler:1.0;indoor:1.0;public:1.0,1,82
서울시 우리동네키즈OK / 공공 포털,공공키즈카페,놀이아띠 상계2호점육아종합지원센터,상시,영유아 및 어린이 (0세~7세),서울 노원구,"아동 1,000~3,000원 / 보호자 무료 (공공 가성비)",서울시 노원구에서 공식 운영하는 공공형 키즈카페 및 육아지원 공간 [놀이아띠 상계2호점육아종합지원센터]입니다.,https://icare.seoul.go.kr,family:1.0;baby:1.0;father:1.0;공공키즈카페;서울형키즈카페;노원구,2026-08-22 18:28:42,toddler:1.0;indoor:1.0;public:1.0,1,81
서울시 우리동네키즈OK / 공공 포털,공공키즈카페,서울형키즈카페은평구응암1동점(은평아이맘놀이터2호점),상시,영유아 및 어린이 (0세~7세),서울 은평구,"아동 1,000~3,000원 / 보호자 무료 (공공 가성비)",서울시 은평구에서 공식 운영하는 공공형 키즈카페 및 육아지원 공간 [서울형키즈카페은평구응암1동점(은평아이맘놀이터2호점)]입니다.,https://icare.seoul.go.kr,family:1.0;baby:1.0;father:1.0;공공키즈카페;서울형키즈카페;은평구,2026-08-22 18:28:42,toddler:1.0;indoor:1.0;public:1.0,1,95
서울시 우리동네키즈OK / 공공 포털,공공키즈카페,서울형키즈카페은평구불광2동점,상시,영유아 및 어린이 (0세~7세),서울 은평구,"아동 1,000~3,000원 / 보호자 무료 (공공 가성비)",서울시 은평구에서 공식 운영하는 공공형 키즈카페 및 육아지원 공간 [서울형키즈카페은평구불광2동점]입니다.,https://icare.seoul.go.kr,family:1.0;baby:1.0;father:1.0;공공키즈카페;서울형키즈카페;은평구,2026-08-22 18:28:42,toddler:1.0;indoor:1.0;public:1.0,2,75
서울시 우리동네키즈OK / 공공 포털,공공키즈카페,서울형키즈카페은평구응암1동점,상시,영유아 및 어린이 (0세~7세),서울 은평구,"아동 1,000~3,000원 / 보호자 무료 (공공 가성비)",서울시 은평구에서 공식 운영하는 공공형 키즈카페 및 육아지원 공간 [서울형키즈카페은평구응암1동점]입니다.,https://icare.seoul.go.kr,family:1.0;baby:1.0;father:1.0;공공키즈카페;서울형키즈카페;은평구,2026-08-22 18:28:42,toddler:1.0;indoor:1.0;public:1.0,1,79
서울시 우리동네키즈OK / 공공 포털,공공키즈카페,은평구육아종합지원센터육아종합지원센터,상시,영유아 및 어린이 (0세~7세),서울 은평구,"아동 1,000~3,000원 / 보호자 무료 (공공 가성비)",서울시 은평구에서 공식 운영하는 공공형 키즈카페 및 육아지원 공간 [은평구육아종합지원센터육아종합지원센터]입니다.,https://icare.seoul.go.kr,family:1.0;baby:1.0;father:1.0;공공키즈카페;서울형키즈카페;은평구,2026-08-22 18:28:42,toddler:1.0;indoor:1.0;public:1.0,1,78
서울시 우리동네키즈OK / 공공 포털,공공키즈카페,은평공동육아방육아종합지원센터,상시,영유아 및 어린이 (0세~7세),서울 은평구,"아동 1,000~3,000원 / 보호자 무료 (공공 가성비)",서울시 은평구에서 공식 운영하는 공공형 키즈카페 및 육아지원 공간 [은평공동육아방육아종합지원센터]입니다.,https://icare.seoul.go.kr,family:1.0;baby:1.0;father:1.0;공공키즈카페;서울형키즈카페;은평구,2026-08-22 18:28:42,toddler:1.0;indoor:1.0;public:1.0,2,84
서울시 우리동네키즈OK / 공공 포털,공공키즈카페,마포구육아종합지원센터육아종합지원센터,상시,영유아 및 어린이 (0세~7세),서울 은평구,"아동 1,000~3,000원 / 보호자 무료 (공공 가성비)",서울시 은평구에서 공식 운영하는 공공형 키즈카페 및 육아지원 공간 [마포구육아종합지원센터육아종합지원센터]입니다.,https://icare.seoul.go.kr,family:1.0;baby:1.0;father:1.0;공공키즈카페;서울형키즈카페;은평구,2026-08-22 18:28:42,toddler:1.0;indoor:1.0;public:1.0,1,87
서울시 우리동네키즈OK / 공공 포털,공공키즈카페,서대문구육아종합지원센터육아종합지원센터,상시,영유아 및 어린이 (0세~7세),서울 은평구,"아동 1,000~3,000원 / 보호자 무료 (공공 가성비)",서울시 은평구에서 공식 운영하는 공공형 키즈카페 및 육아지원 공간 [서대문구육아종합지원센터육아종합지원센터]입니다.,https://icare.seoul.go.kr,family:1.0;baby:1.0;father:1.0;공공키즈카페;서울형키즈카페;은평구,2026-08-22 18:28:42,toddler:1.0;indoor:1.0;public:1.0,3,83
서울시 우리동네키즈OK / 공공 포털,공공키즈카페,은평구 육아종합지원센터,상시,영유아 및 어린이 (0세~7세),서울 은평구,"아동 1,000~3,000원 / 보호자 무료 (공공 가성비)",서울시 은평구에서 공식 운영하는 공공형 키즈카페 및 육아지원 공간 [은평구 육아종합지원센터]입니다.,https://icare.seoul.go.kr,family:1.0;baby:1.0;father:1.0;공공키즈카페;서울형키즈카페;은평구,2026-08-22 18:28:42,toddler:1.0;indoor:1.0;public:1.0,2,78
서울시 우리동네키즈OK / 공공 포털,공공키즈카페,서울형키즈카페서대문구홍제1동점,상시,영유아 및 어린이 (0세~7세),서울 서대문구,"아동 1,000~3,000원 / 보호자 무료 (공공 가성비)",서울시 서대문구에서 공식 운영하는 공공형 키즈카페 및 육아지원 공간 [서울형키즈카페서대문구홍제1동점]입니다.,https://icare.seoul.go.kr,family:1.0;baby:1.0;father:1.0;공공키즈카페;서울형키즈카페;서대문구,2026-08-22 18:28:42,toddler:1.0;indoor:1.0;public:1.0,2,91
서울시 우리동네키즈OK / 공공 포털,공공키즈카페,서울형키즈카페서대문구북가좌1동점,상시,영유아 및 어린이 (0세~7세),서울 서대문구,"아동 1,000~3,000원 / 보호자 무료 (공공 가성비)",서울시 서대문구에서 공식 운영하는 공공형 키즈카페 및 육아지원 공간 [서울형키즈카페서대문구북가좌1동점]입니다.,https://icare.seoul.go.kr,family:1.0;baby:1.0;father:1.0;공공키즈카페;서울형키즈카페;서대문구,2026-08-22 18:28:42,toddler:1.0;indoor:1.0;public:1.0,3,79
서울시 우리동네키즈OK / 공공 포털,공공키즈카페,서울형키즈카페서대문구홍제3동점,상시,영유아 및 어린이 (0세~7세),서울 서대문구,"아동 1,000~3,000원 / 보호자 무료 (공공 가성비)",서울시 서대문구에서 공식 운영하는 공공형 키즈카페 및 육아지원 공간 [서울형키즈카페서대문구홍제3동점]입니다.,https://icare.seoul.go.kr,family:1.0;baby:1.0;father:1.0;공공키즈카페;서울형키즈카페;서대문구,2026-08-22 18:28:42,toddler:1.0;indoor:1.0;public:1.0,3,93
서울시 우리동네키즈OK / 공공 포털,공공키즈카페,서울형키즈카페서대문구천연동점,상시,영유아 및 어린이 (0세~7세),서울 서대문구,"아동 1,000~3,000원 / 보호자 무료 (공공 가성비)",서울시 서대문구에서 공식 운영하는 공공형 키즈카페 및 육아지원 공간 [서울형키즈카페서대문구천연동점]입니다.,https://icare.seoul.go.kr,family:1.0;baby:1.0;father:1.0;공공키즈카페;서울형키즈카페;서대문구,2026-08-22 18:28:42,toddler:1.0;indoor:1.0;public:1.0,1,87
서울시 우리동네키즈OK / 공공 포털,공공키즈카페,서울형키즈카페마포구 서교동1호점,상시,영유아 및 어린이 (0세~7세),서울 서대문구,"아동 1,000~3,000원 / 보호자 무료 (공공 가성비)",서울시 서대문구에서 공식 운영하는 공공형 키즈카페 및 육아지원 공간 [서울형키즈카페마포구 서교동1호점]입니다.,https://icare.seoul.go.kr,family:1.0;baby:1.0;father:1.0;공공키즈카페;서울형키즈카페;서대문구,2026-08-22 18:28:42,toddler:1.0;indoor:1.0;public:1.0,3,78
서울시 우리동네키즈OK / 공공 포털,공공키즈카페,서울시육아종합지원센터육아종합지원센터,상시,영유아 및 어린이 (0세~7세),서울 서대문구,"아동 1,000~3,000원 / 보호자 무료 (공공 가성비)",서울시 서대문구에서 공식 운영하는 공공형 키즈카페 및 육아지원 공간 [서울시육아종합지원센터육아종합지원센터]입니다.,https://icare.seoul.go.kr,family:1.0;baby:1.0;father:1.0;공공키즈카페;서울형키즈카페;서대문구,2026-08-22 18:28:42,toddler:1.0;indoor:1.0;public:1.0,3,76
서울시 우리동네키즈OK / 공공 포털,공공키즈카페,망원장난감대여점육아종합지원센터,상시,영유아 및 어린이 (0세~7세),서울 서대문구,"아동 1,000~3,000원 / 보호자 무료 (공공 가성비)",서울시 서대문구에서 공식 운영하는 공공형 키즈카페 및 육아지원 공간 [망원장난감대여점육아종합지원센터]입니다.,https://icare.seoul.go.kr,family:1.0;baby:1.0;father:1.0;공공키즈카페;서울형키즈카페;서대문구,2026-08-22 18:28:42,toddler:1.0;indoor:1.0;public:1.0,3,80
서울시 우리동네키즈OK / 공공 포털,공공키즈카페,서울시서대문구 육아종합지원센터공지사항 정보,상시,영유아 및 어린이 (0세~7세),서울 서대문구,"아동 1,000~3,000원 / 보호자 무료 (공공 가성비)",서울시 서대문구에서 공식 운영하는 공공형 키즈카페 및 육아지원 공간 [서울시서대문구 육아종합지원센터공지사항 정보]입니다.,https://icare.seoul.go.kr,family:1.0;baby:1.0;father:1.0;공공키즈카페;서울형키즈카페;서대문구,2026-08-22 18:28:42,toddler:1.0;indoor:1.0;public:1.0,1,84
서울시 우리동네키즈OK / 공공 포털,공공키즈카페,서울형키즈카페마포구상암점,상시,영유아 및 어린이 (0세~7세),서울 마포구,"아동 1,000~3,000원 / 보호자 무료 (공공 가성비)",서울시 마포구에서 공식 운영하는 공공형 키즈카페 및 육아지원 공간 [서울형키즈카페마포구상암점]입니다.,https://icare.seoul.go.kr,family:1.0;baby:1.0;father:1.0;공공키즈카페;서울형키즈카페;마포구,2026-08-22 18:28:42,toddler:1.0;indoor:1.0;public:1.0,1,75
서울시 우리동네키즈OK / 공공 포털,공공키즈카페,서울형키즈카페마포구서교동1호점,상시,영유아 및 어린이 (0세~7세),서울 마포구,"아동 1,000~3,000원 / 보호자 무료 (공공 가성비)",서울시 마포구에서 공식 운영하는 공공형 키즈카페 및 육아지원 공간 [서울형키즈카페마포구서교동1호점]입니다.,https://icare.seoul.go.kr,family:1.0;baby:1.0;father:1.0;공공키즈카페;서울형키즈카페;마포구,2026-08-22 18:28:42,toddler:1.0;indoor:1.0;public:1.0,2,82
서울시 우리동네키즈OK / 공공 포털,공공키즈카페,서울형키즈카페마포구서강동1호점,상시,영유아 및 어린이 (0세~7세),서울 마포구,"아동 1,000~3,000원 / 보호자 무료 (공공 가성비)",서울시 마포구에서 공식 운영하는 공공형 키즈카페 및 육아지원 공간 [서울형키즈카페마포구서강동1호점]입니다.,https://icare.seoul.go.kr,family:1.0;baby:1.0;father:1.0;공공키즈카페;서울형키즈카페;마포구,2026-08-22 18:28:42,toddler:1.0;indoor:1.0;public:1.0,3,88
서울시 우리동네키즈OK / 공공 포털,공공키즈카페,서울형키즈카페마포구쌍룡산근린공원점,상시,영유아 및 어린이 (0세~7세),서울 마포구,"아동 1,000~3,000원 / 보호자 무료 (공공 가성비)",서울시 마포구에서 공식 운영하는 공공형 키즈카페 및 육아지원 공간 [서울형키즈카페마포구쌍룡산근린공원점]입니다.,https://icare.seoul.go.kr,family:1.0;baby:1.0;father:1.0;공공키즈카페;서울형키즈카페;마포구,2026-08-22 18:28:42,toddler:1.0;indoor:1.0;public:1.0,1,76
서울시 우리동네키즈OK / 공공 포털,공공키즈카페,서울형키즈카페마포구도화동점,상시,영유아 및 어린이 (0세~7세),서울 마포구,"아동 1,000~3,000원 / 보호자 무료 (공공 가성비)",서울시 마포구에서 공식 운영하는 공공형 키즈카페 및 육아지원 공간 [서울형키즈카페마포구도화동점]입니다.,https://icare.seoul.go.kr,family:1.0;baby:1.0;father:1.0;공공키즈카페;서울형키즈카페;마포구,2026-08-22 18:28:42,toddler:1.0;indoor:1.0;public:1.0,3,83
서울시 우리동네키즈OK / 공공 포털,공공키즈카페,2주 전마포구 육아종합지원센터채용 안내입니다.,상시,영유아 및 어린이 (0세~7세),서울 마포구,"아동 1,000~3,000원 / 보호자 무료 (공공 가성비)",서울시 마포구에서 공식 운영하는 공공형 키즈카페 및 육아지원 공간 [2주 전마포구 육아종합지원센터채용 안내입니다.]입니다.,https://icare.seoul.go.kr,family:1.0;baby:1.0;father:1.0;공공키즈카페;서울형키즈카페;마포구,2026-08-22 18:28:42,toddler:1.0;indoor:1.0;public:1.0,2,85
서울시 우리동네키즈OK / 공공 포털,공공키즈카페,2026.07.09.마포구육아종합지원센터직원 채용 공고,상시,영유아 및 어린이 (0세~7세),서울 마포구,"아동 1,000~3,000원 / 보호자 무료 (공공 가성비)",서울시 마포구에서 공식 운영하는 공공형 키즈카페 및 육아지원 공간 [2026.07.09.마포구육아종합지원센터직원 채용 공고]입니다.,https://icare.seoul.go.kr,family:1.0;baby:1.0;father:1.0;공공키즈카페;서울형키즈카페;마포구,2026-08-22 18:28:42,toddler:1.0;indoor:1.0;public:1.0,3,90
서울시 우리동네키즈OK / 공공 포털,공공키즈카페,마포구 육아종합지원센터육아종합지원센터,상시,영유아 및 어린이 (0세~7세),서울 마포구,"아동 1,000~3,000원 / 보호자 무료 (공공 가성비)",서울시 마포구에서 공식 운영하는 공공형 키즈카페 및 육아지원 공간 [마포구 육아종합지원센터육아종합지원센터]입니다.,https://icare.seoul.go.kr,family:1.0;baby:1.0;father:1.0;공공키즈카페;서울형키즈카페;마포구,2026-08-22 18:28:42,toddler:1.0;indoor:1.0;public:1.0,1,94
서울시 우리동네키즈OK / 공공 포털,공공키즈카페,아이돌봄지원사업육아종합지원센터,상시,영유아 및 어린이 (0세~7세),서울 마포구,"아동 1,000~3,000원 / 보호자 무료 (공공 가성비)",서울시 마포구에서 공식 운영하는 공공형 키즈카페 및 육아지원 공간 [아이돌봄지원사업육아종합지원센터]입니다.,https://icare.seoul.go.kr,family:1.0;baby:1.0;father:1.0;공공키즈카페;서울형키즈카페;마포구,2026-08-22 18:28:42,toddler:1.0;indoor:1.0;public:1.0,1,80
서울시 우리동네키즈OK / 공공 포털,공공키즈카페,서울형키즈카페목4동점,상시,영유아 및 어린이 (0세~7세),서울 양천구,"아동 1,000~3,000원 / 보호자 무료 (공공 가성비)",서울시 양천구에서 공식 운영하는 공공형 키즈카페 및 육아지원 공간 [서울형키즈카페목4동점]입니다.,https://icare.seoul.go.kr,family:1.0;baby:1.0;father:1.0;공공키즈카페;서울형키즈카페;양천구,2026-08-22 18:28:42,toddler:1.0;indoor:1.0;public:1.0,1,92
서울시 우리동네키즈OK / 공공 포털,공공키즈카페,서울형키즈카페양천구신월5동점,상시,영유아 및 어린이 (0세~7세),서울 양천구,"아동 1,000~3,000원 / 보호자 무료 (공공 가성비)",서울시 양천구에서 공식 운영하는 공공형 키즈카페 및 육아지원 공간 [서울형키즈카페양천구신월5동점]입니다.,https://icare.seoul.go.kr,family:1.0;baby:1.0;father:1.0;공공키즈카페;서울형키즈카페;양천구,2026-08-22 18:28:42,toddler:1.0;indoor:1.0;public:1.0,2,75
서울시 우리동네키즈OK / 공공 포털,공공키즈카페,서울형키즈카페신정4동점,상시,영유아 및 어린이 (0세~7세),서울 양천구,"아동 1,000~3,000원 / 보호자 무료 (공공 가성비)",서울시 양천구에서 공식 운영하는 공공형 키즈카페 및 육아지원 공간 [서울형키즈카페신정4동점]입니다.,https://icare.seoul.go.kr,family:1.0;baby:1.0;father:1.0;공공키즈카페;서울형키즈카페;양천구,2026-08-22 18:28:42,toddler:1.0;indoor:1.0;public:1.0,2,83
서울시 우리동네키즈OK / 공공 포털,공공키즈카페,서울시양천구 육아종합지원센터교육강좌 정보,상시,영유아 및 어린이 (0세~7세),서울 양천구,"아동 1,000~3,000원 / 보호자 무료 (공공 가성비)",서울시 양천구에서 공식 운영하는 공공형 키즈카페 및 육아지원 공간 [서울시양천구 육아종합지원센터교육강좌 정보]입니다.,https://icare.seoul.go.kr,family:1.0;baby:1.0;father:1.0;공공키즈카페;서울형키즈카페;양천구,2026-08-22 18:28:42,toddler:1.0;indoor:1.0;public:1.0,2,88
서울시 우리동네키즈OK / 공공 포털,공공키즈카페,서울시양천구 육아종합지원센터공지사항 정보,상시,영유아 및 어린이 (0세~7세),서울 양천구,"아동 1,000~3,000원 / 보호자 무료 (공공 가성비)",서울시 양천구에서 공식 운영하는 공공형 키즈카페 및 육아지원 공간 [서울시양천구 육아종합지원센터공지사항 정보]입니다.,https://icare.seoul.go.kr,family:1.0;baby:1.0;father:1.0;공공키즈카페;서울형키즈카페;양천구,2026-08-22 18:28:42,toddler:1.0;indoor:1.0;public:1.0,1,92
서울시 우리동네키즈OK / 공공 포털,공공키즈카페,양천구육아종합지원센터육아종합지원센터,상시,영유아 및 어린이 (0세~7세),서울 양천구,"아동 1,000~3,000원 / 보호자 무료 (공공 가성비)",서울시 양천구에서 공식 운영하는 공공형 키즈카페 및 육아지원 공간 [양천구육아종합지원센터육아종합지원센터]입니다.,https://icare.seoul.go.kr,family:1.0;baby:1.0;father:1.0;공공키즈카페;서울형키즈카페;양천구,2026-08-22 18:28:42,toddler:1.0;indoor:1.0;public:1.0,1,83
서울시 우리동네키즈OK / 공공 포털,공공키즈카페,해우리장난감도서관육아종합지원센터,상시,영유아 및 어린이 (0세~7세),서울 양천구,"아동 1,000~3,000원 / 보호자 무료 (공공 가성비)",서울시 양천구에서 공식 운영하는 공공형 키즈카페 및 육아지원 공간 [해우리장난감도서관육아종합지원센터]입니다.,https://icare.seoul.go.kr,family:1.0;baby:1.0;father:1.0;공공키즈카페;서울형키즈카페;양천구,2026-08-22 18:28:42,toddler:1.0;indoor:1.0;public:1.0,1,93
서울시 우리동네키즈OK / 공공 포털,공공키즈카페,신세계이마트희망장난감도서관 신정관육아종합지원센터,상시,영유아 및 어린이 (0세~7세),서울 양천구,"아동 1,000~3,000원 / 보호자 무료 (공공 가성비)",서울시 양천구에서 공식 운영하는 공공형 키즈카페 및 육아지원 공간 [신세계이마트희망장난감도서관 신정관육아종합지원센터]입니다.,https://icare.seoul.go.kr,family:1.0;baby:1.0;father:1.0;공공키즈카페;서울형키즈카페;양천구,2026-08-22 18:28:42,toddler:1.0;indoor:1.0;public:1.0,1,89
서울시 우리동네키즈OK / 공공 포털,공공키즈카페,목동깨비장난감도서관육아종합지원센터,상시,영유아 및 어린이 (0세~7세),서울 양천구,"아동 1,000~3,000원 / 보호자 무료 (공공 가성비)",서울시 양천구에서 공식 운영하는 공공형 키즈카페 및 육아지원 공간 [목동깨비장난감도서관육아종합지원센터]입니다.,https://icare.seoul.go.kr,family:1.0;baby:1.0;father:1.0;공공키즈카페;서울형키즈카페;양천구,2026-08-22 18:28:42,toddler:1.0;indoor:1.0;public:1.0,3,91
서울시 우리동네키즈OK / 공공 포털,공공키즈카페,해맞이장난감도서관육아종합지원센터,상시,영유아 및 어린이 (0세~7세),서울 양천구,"아동 1,000~3,000원 / 보호자 무료 (공공 가성비)",서울시 양천구에서 공식 운영하는 공공형 키즈카페 및 육아지원 공간 [해맞이장난감도서관육아종합지원센터]입니다.,https://icare.seoul.go.kr,family:1.0;baby:1.0;father:1.0;공공키즈카페;서울형키즈카페;양천구,2026-08-22 18:28:42,toddler:1.0;indoor:1.0;public:1.0,1,79
서울시 우리동네키즈OK / 공공 포털,공공키즈카페,양천구 육아종합지원센터,상시,영유아 및 어린이 (0세~7세),서울 양천구,"아동 1,000~3,000원 / 보호자 무료 (공공 가성비)",서울시 양천구에서 공식 운영하는 공공형 키즈카페 및 육아지원 공간 [양천구 육아종합지원센터]입니다.,https://icare.seoul.go.kr,family:1.0;baby:1.0;father:1.0;공공키즈카페;서울형키즈카페;양천구,2026-08-22 18:28:42,toddler:1.0;indoor:1.0;public:1.0,2,91
서울시 우리동네키즈OK / 공공 포털,공공키즈카페,서울형키즈카페 강서구 발산1동점,상시,영유아 및 어린이 (0세~7세),서울 강서구,"아동 1,000~3,000원 / 보호자 무료 (공공 가성비)",서울시 강서구에서 공식 운영하는 공공형 키즈카페 및 육아지원 공간 [서울형키즈카페 강서구 발산1동점]입니다.,https://icare.seoul.go.kr,family:1.0;baby:1.0;father:1.0;공공키즈카페;서울형키즈카페;강서구,2026-08-22 18:28:42,toddler:1.0;indoor:1.0;public:1.0,1,85
서울시 우리동네키즈OK / 공공 포털,공공키즈카페,서울형키즈카페강서구등촌3동점,상시,영유아 및 어린이 (0세~7세),서울 강서구,"아동 1,000~3,000원 / 보호자 무료 (공공 가성비)",서울시 강서구에서 공식 운영하는 공공형 키즈카페 및 육아지원 공간 [서울형키즈카페강서구등촌3동점]입니다.,https://icare.seoul.go.kr,family:1.0;baby:1.0;father:1.0;공공키즈카페;서울형키즈카페;강서구,2026-08-22 18:28:42,toddler:1.0;indoor:1.0;public:1.0,1,80
서울시 우리동네키즈OK / 공공 포털,공공키즈카페,육아종합지원센터,상시,영유아 및 어린이 (0세~7세),서울 강서구,"아동 1,000~3,000원 / 보호자 무료 (공공 가성비)",서울시 강서구에서 공식 운영하는 공공형 키즈카페 및 육아지원 공간 [육아종합지원센터]입니다.,https://icare.seoul.go.kr,family:1.0;baby:1.0;father:1.0;공공키즈카페;서울형키즈카페;강서구,2026-08-22 18:28:42,toddler:1.0;indoor:1.0;public:1.0,3,78
서울시 우리동네키즈OK / 공공 포털,공공키즈카페,서울 강서구 육아종합지원센터,상시,영유아 및 어린이 (0세~7세),서울 강서구,"아동 1,000~3,000원 / 보호자 무료 (공공 가성비)",서울시 강서구에서 공식 운영하는 공공형 키즈카페 및 육아지원 공간 [서울 강서구 육아종합지원센터]입니다.,https://icare.seoul.go.kr,family:1.0;baby:1.0;father:1.0;공공키즈카페;서울형키즈카페;강서구,2026-08-22 18:28:42,toddler:1.0;indoor:1.0;public:1.0,1,94
서울시 우리동네키즈OK / 공공 포털,공공키즈카페,서울 강서구 육아종합지원센터업체명 검색하기,상시,영유아 및 어린이 (0세~7세),서울 강서구,"아동 1,000~3,000원 / 보호자 무료 (공공 가성비)",서울시 강서구에서 공식 운영하는 공공형 키즈카페 및 육아지원 공간 [서울 강서구 육아종합지원센터업체명 검색하기]입니다.,https://icare.seoul.go.kr,family:1.0;baby:1.0;father:1.0;공공키즈카페;서울형키즈카페;강서구,2026-08-22 18:28:42,toddler:1.0;indoor:1.0;public:1.0,3,89
서울시 우리동네키즈OK / 공공 포털,공공키즈카페,서울 강서구 육아종합지원센터육아종합지원센터,상시,영유아 및 어린이 (0세~7세),서울 강서구,"아동 1,000~3,000원 / 보호자 무료 (공공 가성비)",서울시 강서구에서 공식 운영하는 공공형 키즈카페 및 육아지원 공간 [서울 강서구 육아종합지원센터육아종합지원센터]입니다.,https://icare.seoul.go.kr,family:1.0;baby:1.0;father:1.0;공공키즈카페;서울형키즈카페;강서구,2026-08-22 18:28:42,toddler:1.0;indoor:1.0;public:1.0,1,78
서울시 우리동네키즈OK / 공공 포털,공공키즈카페,강서장난감도서관 공동육아방 2호점육아종합지원센터,상시,영유아 및 어린이 (0세~7세),서울 강서구,"아동 1,000~3,000원 / 보호자 무료 (공공 가성비)",서울시 강서구에서 공식 운영하는 공공형 키즈카페 및 육아지원 공간 [강서장난감도서관 공동육아방 2호점육아종합지원센터]입니다.,https://icare.seoul.go.kr,family:1.0;baby:1.0;father:1.0;공공키즈카페;서울형키즈카페;강서구,2026-08-22 18:28:42,toddler:1.0;indoor:1.0;public:1.0,1,81
서울시 우리동네키즈OK / 공공 포털,공공키즈카페,우리동네키움센터강서3호점육아종합지원센터,상시,영유아 및 어린이 (0세~7세),서울 강서구,"아동 1,000~3,000원 / 보호자 무료 (공공 가성비)",서울시 강서구에서 공식 운영하는 공공형 키즈카페 및 육아지원 공간 [우리동네키움센터강서3호점육아종합지원센터]입니다.,https://icare.seoul.go.kr,family:1.0;baby:1.0;father:1.0;공공키즈카페;서울형키즈카페;강서구,2026-08-22 18:28:42,toddler:1.0;indoor:1.0;public:1.0,1,81
서울시 우리동네키즈OK / 공공 포털,공공키즈카페,양육비해결모임육아종합지원센터,상시,영유아 및 어린이 (0세~7세),서울 강서구,"아동 1,000~3,000원 / 보호자 무료 (공공 가성비)",서울시 강서구에서 공식 운영하는 공공형 키즈카페 및 육아지원 공간 [양육비해결모임육아종합지원센터]입니다.,https://icare.seoul.go.kr,family:1.0;baby:1.0;father:1.0;공공키즈카페;서울형키즈카페;강서구,2026-08-22 18:28:42,toddler:1.0;indoor:1.0;public:1.0,1,82
서울시 우리동네키즈OK / 공공 포털,공공키즈카페,서울강서구육아종합지원센터기업소개,상시,영유아 및 어린이 (0세~7세),서울 강서구,"아동 1,000~3,000원 / 보호자 무료 (공공 가성비)",서울시 강서구에서 공식 운영하는 공공형 키즈카페 및 육아지원 공간 [서울강서구육아종합지원센터기업소개]입니다.,https://icare.seoul.go.kr,family:1.0;baby:1.0;father:1.0;공공키즈카페;서울형키즈카페;강서구,2026-08-22 18:28:42,toddler:1.0;indoor:1.0;public:1.0,2,78
서울시 우리동네키즈OK / 공공 포털,공공키즈카페,강서구 육아종합지원센터,상시,영유아 및 어린이 (0세~7세),서울 강서구,"아동 1,000~3,000원 / 보호자 무료 (공공 가성비)",서울시 강서구에서 공식 운영하는 공공형 키즈카페 및 육아지원 공간 [강서구 육아종합지원센터]입니다.,https://icare.seoul.go.kr,family:1.0;baby:1.0;father:1.0;공공키즈카페;서울형키즈카페;강서구,2026-08-22 18:28:42,toddler:1.0;indoor:1.0;public:1.0,1,90
서울시 우리동네키즈OK / 공공 포털,공공키즈카페,서울형키즈카페구로4동점,상시,영유아 및 어린이 (0세~7세),서울 구로구,"아동 1,000~3,000원 / 보호자 무료 (공공 가성비)",서울시 구로구에서 공식 운영하는 공공형 키즈카페 및 육아지원 공간 [서울형키즈카페구로4동점]입니다.,https://icare.seoul.go.kr,family:1.0;baby:1.0;father:1.0;공공키즈카페;서울형키즈카페;구로구,2026-08-22 18:28:42,toddler:1.0;indoor:1.0;public:1.0,1,88
서울시 우리동네키즈OK / 공공 포털,공공키즈카페,서울형키즈카페구로구개봉1동점,상시,영유아 및 어린이 (0세~7세),서울 구로구,"아동 1,000~3,000원 / 보호자 무료 (공공 가성비)",서울시 구로구에서 공식 운영하는 공공형 키즈카페 및 육아지원 공간 [서울형키즈카페구로구개봉1동점]입니다.,https://icare.seoul.go.kr,family:1.0;baby:1.0;father:1.0;공공키즈카페;서울형키즈카페;구로구,2026-08-22 18:28:42,toddler:1.0;indoor:1.0;public:1.0,2,92
서울시 우리동네키즈OK / 공공 포털,공공키즈카페,서울형키즈카페신도림동점,상시,영유아 및 어린이 (0세~7세),서울 구로구,"아동 1,000~3,000원 / 보호자 무료 (공공 가성비)",서울시 구로구에서 공식 운영하는 공공형 키즈카페 및 육아지원 공간 [서울형키즈카페신도림동점]입니다.,https://icare.seoul.go.kr,family:1.0;baby:1.0;father:1.0;공공키즈카페;서울형키즈카페;구로구,2026-08-22 18:28:42,toddler:1.0;indoor:1.0;public:1.0,2,83
서울시 우리동네키즈OK / 공공 포털,공공키즈카페,서울형키즈카페개봉1동점은서울특별시구로구경인로 318,상시,영유아 및 어린이 (0세~7세),서울 구로구,"아동 1,000~3,000원 / 보호자 무료 (공공 가성비)",서울시 구로구에서 공식 운영하는 공공형 키즈카페 및 육아지원 공간 [서울형키즈카페개봉1동점은서울특별시구로구경인로 318]입니다.,https://icare.seoul.go.kr,family:1.0;baby:1.0;father:1.0;공공키즈카페;서울형키즈카페;구로구,2026-08-22 18:28:42,toddler:1.0;indoor:1.0;public:1.0,1,91
서울시 우리동네키즈OK / 공공 포털,공공키즈카페,서울형키즈카페는서울시가 운영하거나 인증한 공공,상시,영유아 및 어린이 (0세~7세),서울 구로구,"아동 1,000~3,000원 / 보호자 무료 (공공 가성비)",서울시 구로구에서 공식 운영하는 공공형 키즈카페 및 육아지원 공간 [서울형키즈카페는서울시가 운영하거나 인증한 공공]입니다.,https://icare.seoul.go.kr,family:1.0;baby:1.0;father:1.0;공공키즈카페;서울형키즈카페;구로구,2026-08-22 18:28:42,toddler:1.0;indoor:1.0;public:1.0,1,88
서울시 우리동네키즈OK / 공공 포털,공공키즈카페,서울형키즈카페동작구 신대방1동점,상시,영유아 및 어린이 (0세~7세),서울 구로구,"아동 1,000~3,000원 / 보호자 무료 (공공 가성비)",서울시 구로구에서 공식 운영하는 공공형 키즈카페 및 육아지원 공간 [서울형키즈카페동작구 신대방1동점]입니다.,https://icare.seoul.go.kr,family:1.0;baby:1.0;father:1.0;공공키즈카페;서울형키즈카페;구로구,2026-08-22 18:28:42,toddler:1.0;indoor:1.0;public:1.0,2,94
서울시 우리동네키즈OK / 공공 포털,공공키즈카페,구로구육아종합지원센터guroccic.guro.go.kr,상시,영유아 및 어린이 (0세~7세),서울 구로구,"아동 1,000~3,000원 / 보호자 무료 (공공 가성비)",서울시 구로구에서 공식 운영하는 공공형 키즈카페 및 육아지원 공간 [구로구육아종합지원센터guroccic.guro.go.kr]입니다.,https://icare.seoul.go.kr,family:1.0;baby:1.0;father:1.0;공공키즈카페;서울형키즈카페;구로구,2026-08-22 18:28:42,toddler:1.0;indoor:1.0;public:1.0,3,83
서울시 우리동네키즈OK / 공공 포털,공공키즈카페,구로구육아종합지원센터,상시,영유아 및 어린이 (0세~7세),서울 구로구,"아동 1,000~3,000원 / 보호자 무료 (공공 가성비)",서울시 구로구에서 공식 운영하는 공공형 키즈카페 및 육아지원 공간 [구로구육아종합지원센터]입니다.,https://icare.seoul.go.kr,family:1.0;baby:1.0;father:1.0;공공키즈카페;서울형키즈카페;구로구,2026-08-22 18:28:42,toddler:1.0;indoor:1.0;public:1.0,1,90
서울시 우리동네키즈OK / 공공 포털,공공키즈카페,서울구로구육아종합지원센터기업소개,상시,영유아 및 어린이 (0세~7세),서울 구로구,"아동 1,000~3,000원 / 보호자 무료 (공공 가성비)",서울시 구로구에서 공식 운영하는 공공형 키즈카페 및 육아지원 공간 [서울구로구육아종합지원센터기업소개]입니다.,https://icare.seoul.go.kr,family:1.0;baby:1.0;father:1.0;공공키즈카페;서울형키즈카페;구로구,2026-08-22 18:28:42,toddler:1.0;indoor:1.0;public:1.0,1,85
서울시 우리동네키즈OK / 공공 포털,공공키즈카페,서울 구로구 육아종합지원센터업체명 검색하기,상시,영유아 및 어린이 (0세~7세),서울 구로구,"아동 1,000~3,000원 / 보호자 무료 (공공 가성비)",서울시 구로구에서 공식 운영하는 공공형 키즈카페 및 육아지원 공간 [서울 구로구 육아종합지원센터업체명 검색하기]입니다.,https://icare.seoul.go.kr,family:1.0;baby:1.0;father:1.0;공공키즈카페;서울형키즈카페;구로구,2026-08-22 18:28:42,toddler:1.0;indoor:1.0;public:1.0,3,94
서울시 우리동네키즈OK / 공공 포털,공공키즈카페,서울구로구육아종합지원센터육아종합지원센터,상시,영유아 및 어린이 (0세~7세),서울 구로구,"아동 1,000~3,000원 / 보호자 무료 (공공 가성비)",서울시 구로구에서 공식 운영하는 공공형 키즈카페 및 육아지원 공간 [서울구로구육아종합지원센터육아종합지원센터]입니다.,https://icare.seoul.go.kr,family:1.0;baby:1.0;father:1.0;공공키즈카페;서울형키즈카페;구로구,2026-08-22 18:28:42,toddler:1.0;indoor:1.0;public:1.0,2,87
서울시 우리동네키즈OK / 공공 포털,공공키즈카페,꿈나무장난감나라 오류점육아종합지원센터,상시,영유아 및 어린이 (0세~7세),서울 구로구,"아동 1,000~3,000원 / 보호자 무료 (공공 가성비)",서울시 구로구에서 공식 운영하는 공공형 키즈카페 및 육아지원 공간 [꿈나무장난감나라 오류점육아종합지원센터]입니다.,https://icare.seoul.go.kr,family:1.0;baby:1.0;father:1.0;공공키즈카페;서울형키즈카페;구로구,2026-08-22 18:28:42,toddler:1.0;indoor:1.0;public:1.0,1,76
서울시 우리동네키즈OK / 공공 포털,공공키즈카페,꿈나무장난감나라 구로점육아종합지원센터,상시,영유아 및 어린이 (0세~7세),서울 구로구,"아동 1,000~3,000원 / 보호자 무료 (공공 가성비)",서울시 구로구에서 공식 운영하는 공공형 키즈카페 및 육아지원 공간 [꿈나무장난감나라 구로점육아종합지원센터]입니다.,https://icare.seoul.go.kr,family:1.0;baby:1.0;father:1.0;공공키즈카페;서울형키즈카페;구로구,2026-08-22 18:28:42,toddler:1.0;indoor:1.0;public:1.0,1,83
서울시 우리동네키즈OK / 공공 포털,공공키즈카페,서울구로구육아종합지원센터별관부속건물,상시,영유아 및 어린이 (0세~7세),서울 구로구,"아동 1,000~3,000원 / 보호자 무료 (공공 가성비)",서울시 구로구에서 공식 운영하는 공공형 키즈카페 및 육아지원 공간 [서울구로구육아종합지원센터별관부속건물]입니다.,https://icare.seoul.go.kr,family:1.0;baby:1.0;father:1.0;공공키즈카페;서울형키즈카페;구로구,2026-08-22 18:28:42,toddler:1.0;indoor:1.0;public:1.0,1,91
서울시 우리동네키즈OK / 공공 포털,공공키즈카페,서울형키즈카페금천구시흥2동노리뜰점,상시,영유아 및 어린이 (0세~7세),서울 금천구,"아동 1,000~3,000원 / 보호자 무료 (공공 가성비)",서울시 금천구에서 공식 운영하는 공공형 키즈카페 및 육아지원 공간 [서울형키즈카페금천구시흥2동노리뜰점]입니다.,https://icare.seoul.go.kr,family:1.0;baby:1.0;father:1.0;공공키즈카페;서울형키즈카페;금천구,2026-08-22 18:28:42,toddler:1.0;indoor:1.0;public:1.0,1,80
서울시 우리동네키즈OK / 공공 포털,공공키즈카페,서울형키즈카페금천구1호점,상시,영유아 및 어린이 (0세~7세),서울 금천구,"아동 1,000~3,000원 / 보호자 무료 (공공 가성비)",서울시 금천구에서 공식 운영하는 공공형 키즈카페 및 육아지원 공간 [서울형키즈카페금천구1호점]입니다.,https://icare.seoul.go.kr,family:1.0;baby:1.0;father:1.0;공공키즈카페;서울형키즈카페;금천구,2026-08-22 18:28:42,toddler:1.0;indoor:1.0;public:1.0,3,84
서울시 우리동네키즈OK / 공공 포털,공공키즈카페,서울형키즈카페금천구2호점육아종합지원센터,상시,영유아 및 어린이 (0세~7세),서울 금천구,"아동 1,000~3,000원 / 보호자 무료 (공공 가성비)",서울시 금천구에서 공식 운영하는 공공형 키즈카페 및 육아지원 공간 [서울형키즈카페금천구2호점육아종합지원센터]입니다.,https://icare.seoul.go.kr,family:1.0;baby:1.0;father:1.0;공공키즈카페;서울형키즈카페;금천구,2026-08-22 18:28:42,toddler:1.0;indoor:1.0;public:1.0,3,79
서울시 우리동네키즈OK / 공공 포털,공공키즈카페,서울형키즈카페영등포구대림2동점,상시,영유아 및 어린이 (0세~7세),서울 금천구,"아동 1,000~3,000원 / 보호자 무료 (공공 가성비)",서울시 금천구에서 공식 운영하는 공공형 키즈카페 및 육아지원 공간 [서울형키즈카페영등포구대림2동점]입니다.,https://icare.seoul.go.kr,family:1.0;baby:1.0;father:1.0;공공키즈카페;서울형키즈카페;금천구,2026-08-22 18:28:42,toddler:1.0;indoor:1.0;public:1.0,1,92
서울시 우리동네키즈OK / 공공 포털,공공키즈카페,금천구육아종합지원센터새길과학놀이터육아종합지원센터,상시,영유아 및 어린이 (0세~7세),서울 금천구,"아동 1,000~3,000원 / 보호자 무료 (공공 가성비)",서울시 금천구에서 공식 운영하는 공공형 키즈카페 및 육아지원 공간 [금천구육아종합지원센터새길과학놀이터육아종합지원센터]입니다.,https://icare.seoul.go.kr,family:1.0;baby:1.0;father:1.0;공공키즈카페;서울형키즈카페;금천구,2026-08-22 18:28:42,toddler:1.0;indoor:1.0;public:1.0,1,93
서울시 우리동네키즈OK / 공공 포털,공공키즈카페,금천구육아종합지원센터독산점육아종합지원센터,상시,영유아 및 어린이 (0세~7세),서울 금천구,"아동 1,000~3,000원 / 보호자 무료 (공공 가성비)",서울시 금천구에서 공식 운영하는 공공형 키즈카페 및 육아지원 공간 [금천구육아종합지원센터독산점육아종합지원센터]입니다.,https://icare.seoul.go.kr,family:1.0;baby:1.0;father:1.0;공공키즈카페;서울형키즈카페;금천구,2026-08-22 18:28:42,toddler:1.0;indoor:1.0;public:1.0,2,89
서울시 우리동네키즈OK / 공공 포털,공공키즈카페,금천구 육아종합지원센터장난감대여,상시,영유아 및 어린이 (0세~7세),서울 금천구,"아동 1,000~3,000원 / 보호자 무료 (공공 가성비)",서울시 금천구에서 공식 운영하는 공공형 키즈카페 및 육아지원 공간 [금천구 육아종합지원센터장난감대여]입니다.,https://icare.seoul.go.kr,family:1.0;baby:1.0;father:1.0;공공키즈카페;서울형키즈카페;금천구,2026-08-22 18:28:42,toddler:1.0;indoor:1.0;public:1.0,1,79
서울시 우리동네키즈OK / 공공 포털,공공키즈카페,서울형키즈카페 관악구 보라매동점육아종합지원센터,상시,영유아 및 어린이 (0세~7세),서울 금천구,"아동 1,000~3,000원 / 보호자 무료 (공공 가성비)",서울시 금천구에서 공식 운영하는 공공형 키즈카페 및 육아지원 공간 [서울형키즈카페 관악구 보라매동점육아종합지원센터]입니다.,https://icare.seoul.go.kr,family:1.0;baby:1.0;father:1.0;공공키즈카페;서울형키즈카페;금천구,2026-08-22 18:28:42,toddler:1.0;indoor:1.0;public:1.0,3,86
서울시 우리동네키즈OK / 공공 포털,공공키즈카페,서울형 키즈카페 관악구 난향동점육아종합지원센터,상시,영유아 및 어린이 (0세~7세),서울 금천구,"아동 1,000~3,000원 / 보호자 무료 (공공 가성비)",서울시 금천구에서 공식 운영하는 공공형 키즈카페 및 육아지원 공간 [서울형 키즈카페 관악구 난향동점육아종합지원센터]입니다.,https://icare.seoul.go.kr,family:1.0;baby:1.0;father:1.0;공공키즈카페;서울형키즈카페;금천구,2026-08-22 18:28:42,toddler:1.0;indoor:1.0;public:1.0,2,78
서울시 우리동네키즈OK / 공공 포털,공공키즈카페,서울형키즈카페여의동점(영등포구영어키즈카페),상시,영유아 및 어린이 (0세~7세),서울 영등포구,"아동 1,000~3,000원 / 보호자 무료 (공공 가성비)",서울시 영등포구에서 공식 운영하는 공공형 키즈카페 및 육아지원 공간 [서울형키즈카페여의동점(영등포구영어키즈카페)]입니다.,https://icare.seoul.go.kr,family:1.0;baby:1.0;father:1.0;공공키즈카페;서울형키즈카페;영등포구,2026-08-22 18:28:42,toddler:1.0;indoor:1.0;public:1.0,3,92
서울시 우리동네키즈OK / 공공 포털,공공키즈카페,서울형키즈카페영등포구신길4동점육아종합지원센터,상시,영유아 및 어린이 (0세~7세),서울 영등포구,"아동 1,000~3,000원 / 보호자 무료 (공공 가성비)",서울시 영등포구에서 공식 운영하는 공공형 키즈카페 및 육아지원 공간 [서울형키즈카페영등포구신길4동점육아종합지원센터]입니다.,https://icare.seoul.go.kr,family:1.0;baby:1.0;father:1.0;공공키즈카페;서울형키즈카페;영등포구,2026-08-22 18:28:42,toddler:1.0;indoor:1.0;public:1.0,1,95
서울시 우리동네키즈OK / 공공 포털,공공키즈카페,서울형키즈카페동작구 신대방2동점,상시,영유아 및 어린이 (0세~7세),서울 영등포구,"아동 1,000~3,000원 / 보호자 무료 (공공 가성비)",서울시 영등포구에서 공식 운영하는 공공형 키즈카페 및 육아지원 공간 [서울형키즈카페동작구 신대방2동점]입니다.,https://icare.seoul.go.kr,family:1.0;baby:1.0;father:1.0;공공키즈카페;서울형키즈카페;영등포구,2026-08-22 18:28:42,toddler:1.0;indoor:1.0;public:1.0,3,75
서울시 우리동네키즈OK / 공공 포털,공공키즈카페,맘스하트카페사당1동점,상시,영유아 및 어린이 (0세~7세),서울 영등포구,"아동 1,000~3,000원 / 보호자 무료 (공공 가성비)",서울시 영등포구에서 공식 운영하는 공공형 키즈카페 및 육아지원 공간 [맘스하트카페사당1동점]입니다.,https://icare.seoul.go.kr,family:1.0;baby:1.0;father:1.0;공공키즈카페;서울형키즈카페;영등포구,2026-08-22 18:28:42,toddler:1.0;indoor:1.0;public:1.0,3,86
서울시 우리동네키즈OK / 공공 포털,공공키즈카페,맘스하트카페신대방2동점의 전화번호는 02,상시,영유아 및 어린이 (0세~7세),서울 영등포구,"아동 1,000~3,000원 / 보호자 무료 (공공 가성비)",서울시 영등포구에서 공식 운영하는 공공형 키즈카페 및 육아지원 공간 [맘스하트카페신대방2동점의 전화번호는 02]입니다.,https://icare.seoul.go.kr,family:1.0;baby:1.0;father:1.0;공공키즈카페;서울형키즈카페;영등포구,2026-08-22 18:28:42,toddler:1.0;indoor:1.0;public:1.0,3,76
서울시 우리동네키즈OK / 공공 포털,공공키즈카페,영등포구육아종합지원센터육아종합지원센터,상시,영유아 및 어린이 (0세~7세),서울 영등포구,"아동 1,000~3,000원 / 보호자 무료 (공공 가성비)",서울시 영등포구에서 공식 운영하는 공공형 키즈카페 및 육아지원 공간 [영등포구육아종합지원센터육아종합지원센터]입니다.,https://icare.seoul.go.kr,family:1.0;baby:1.0;father:1.0;공공키즈카페;서울형키즈카페;영등포구,2026-08-22 18:28:42,toddler:1.0;indoor:1.0;public:1.0,2,75
서울시 우리동네키즈OK / 공공 포털,공공키즈카페,서울형키즈카페 영등포구신길4동점육아종합지원센터,상시,영유아 및 어린이 (0세~7세),서울 영등포구,"아동 1,000~3,000원 / 보호자 무료 (공공 가성비)",서울시 영등포구에서 공식 운영하는 공공형 키즈카페 및 육아지원 공간 [서울형키즈카페 영등포구신길4동점육아종합지원센터]입니다.,https://icare.seoul.go.kr,family:1.0;baby:1.0;father:1.0;공공키즈카페;서울형키즈카페;영등포구,2026-08-22 18:28:42,toddler:1.0;indoor:1.0;public:1.0,1,93
서울시 우리동네키즈OK / 공공 포털,공공키즈카페,서울상상나라(2028년예정)육아종합지원센터,상시,영유아 및 어린이 (0세~7세),서울 영등포구,"아동 1,000~3,000원 / 보호자 무료 (공공 가성비)",서울시 영등포구에서 공식 운영하는 공공형 키즈카페 및 육아지원 공간 [서울상상나라(2028년예정)육아종합지원센터]입니다.,https://icare.seoul.go.kr,family:1.0;baby:1.0;father:1.0;공공키즈카페;서울형키즈카페;영등포구,2026-08-22 18:28:42,toddler:1.0;indoor:1.0;public:1.0,2,84
서울시 우리동네키즈OK / 공공 포털,공공키즈카페,서울형키즈카페동작구상도2동점,상시,영유아 및 어린이 (0세~7세),서울 동작구,"아동 1,000~3,000원 / 보호자 무료 (공공 가성비)",서울시 동작구에서 공식 운영하는 공공형 키즈카페 및 육아지원 공간 [서울형키즈카페동작구상도2동점]입니다.,https://icare.seoul.go.kr,family:1.0;baby:1.0;father:1.0;공공키즈카페;서울형키즈카페;동작구,2026-08-22 18:28:42,toddler:1.0;indoor:1.0;public:1.0,3,83
서울시 우리동네키즈OK / 공공 포털,공공키즈카페,서울형키즈카페동작구사당1동점,상시,영유아 및 어린이 (0세~7세),서울 동작구,"아동 1,000~3,000원 / 보호자 무료 (공공 가성비)",서울시 동작구에서 공식 운영하는 공공형 키즈카페 및 육아지원 공간 [서울형키즈카페동작구사당1동점]입니다.,https://icare.seoul.go.kr,family:1.0;baby:1.0;father:1.0;공공키즈카페;서울형키즈카페;동작구,2026-08-22 18:28:42,toddler:1.0;indoor:1.0;public:1.0,3,80
서울시 우리동네키즈OK / 공공 포털,공공키즈카페,서울형키즈카페동작구신대방2동점,상시,영유아 및 어린이 (0세~7세),서울 동작구,"아동 1,000~3,000원 / 보호자 무료 (공공 가성비)",서울시 동작구에서 공식 운영하는 공공형 키즈카페 및 육아지원 공간 [서울형키즈카페동작구신대방2동점]입니다.,https://icare.seoul.go.kr,family:1.0;baby:1.0;father:1.0;공공키즈카페;서울형키즈카페;동작구,2026-08-22 18:28:42,toddler:1.0;indoor:1.0;public:1.0,1,92
서울시 우리동네키즈OK / 공공 포털,공공키즈카페,서울형키즈카페동작구대방동점,상시,영유아 및 어린이 (0세~7세),서울 동작구,"아동 1,000~3,000원 / 보호자 무료 (공공 가성비)",서울시 동작구에서 공식 운영하는 공공형 키즈카페 및 육아지원 공간 [서울형키즈카페동작구대방동점]입니다.,https://icare.seoul.go.kr,family:1.0;baby:1.0;father:1.0;공공키즈카페;서울형키즈카페;동작구,2026-08-22 18:28:42,toddler:1.0;indoor:1.0;public:1.0,2,91
서울시 우리동네키즈OK / 공공 포털,공공키즈카페,서울형키즈카페동작구흑석동점,상시,영유아 및 어린이 (0세~7세),서울 동작구,"아동 1,000~3,000원 / 보호자 무료 (공공 가성비)",서울시 동작구에서 공식 운영하는 공공형 키즈카페 및 육아지원 공간 [서울형키즈카페동작구흑석동점]입니다.,https://icare.seoul.go.kr,family:1.0;baby:1.0;father:1.0;공공키즈카페;서울형키즈카페;동작구,2026-08-22 18:28:42,toddler:1.0;indoor:1.0;public:1.0,2,89
서울시 우리동네키즈OK / 공공 포털,공공키즈카페,서울형키즈카페동작구상도3동점,상시,영유아 및 어린이 (0세~7세),서울 동작구,"아동 1,000~3,000원 / 보호자 무료 (공공 가성비)",서울시 동작구에서 공식 운영하는 공공형 키즈카페 및 육아지원 공간 [서울형키즈카페동작구상도3동점]입니다.,https://icare.seoul.go.kr,family:1.0;baby:1.0;father:1.0;공공키즈카페;서울형키즈카페;동작구,2026-08-22 18:28:42,toddler:1.0;indoor:1.0;public:1.0,1,94
서울시 우리동네키즈OK / 공공 포털,공공키즈카페,서울형키즈카페동작구상도1동1호점,상시,영유아 및 어린이 (0세~7세),서울 동작구,"아동 1,000~3,000원 / 보호자 무료 (공공 가성비)",서울시 동작구에서 공식 운영하는 공공형 키즈카페 및 육아지원 공간 [서울형키즈카페동작구상도1동1호점]입니다.,https://icare.seoul.go.kr,family:1.0;baby:1.0;father:1.0;공공키즈카페;서울형키즈카페;동작구,2026-08-22 18:28:42,toddler:1.0;indoor:1.0;public:1.0,2,80
서울시 우리동네키즈OK / 공공 포털,공공키즈카페,서울형키즈카페동작구상도4동1호점,상시,영유아 및 어린이 (0세~7세),서울 동작구,"아동 1,000~3,000원 / 보호자 무료 (공공 가성비)",서울시 동작구에서 공식 운영하는 공공형 키즈카페 및 육아지원 공간 [서울형키즈카페동작구상도4동1호점]입니다.,https://icare.seoul.go.kr,family:1.0;baby:1.0;father:1.0;공공키즈카페;서울형키즈카페;동작구,2026-08-22 18:28:42,toddler:1.0;indoor:1.0;public:1.0,2,75
서울시 우리동네키즈OK / 공공 포털,공공키즈카페,맘스하트카페신대방1동점,상시,영유아 및 어린이 (0세~7세),서울 동작구,"아동 1,000~3,000원 / 보호자 무료 (공공 가성비)",서울시 동작구에서 공식 운영하는 공공형 키즈카페 및 육아지원 공간 [맘스하트카페신대방1동점]입니다.,https://icare.seoul.go.kr,family:1.0;baby:1.0;father:1.0;공공키즈카페;서울형키즈카페;동작구,2026-08-22 18:28:42,toddler:1.0;indoor:1.0;public:1.0,1,78
서울시 우리동네키즈OK / 공공 포털,공공키즈카페,서울형키즈카페동작구상도4동 2호점,상시,영유아 및 어린이 (0세~7세),서울 동작구,"아동 1,000~3,000원 / 보호자 무료 (공공 가성비)",서울시 동작구에서 공식 운영하는 공공형 키즈카페 및 육아지원 공간 [서울형키즈카페동작구상도4동 2호점]입니다.,https://icare.seoul.go.kr,family:1.0;baby:1.0;father:1.0;공공키즈카페;서울형키즈카페;동작구,2026-08-22 18:28:42,toddler:1.0;indoor:1.0;public:1.0,1,84
서울시 우리동네키즈OK / 공공 포털,공공키즈카페,서울형키즈카페동작구신대방1동점,상시,영유아 및 어린이 (0세~7세),서울 동작구,"아동 1,000~3,000원 / 보호자 무료 (공공 가성비)",서울시 동작구에서 공식 운영하는 공공형 키즈카페 및 육아지원 공간 [서울형키즈카페동작구신대방1동점]입니다.,https://icare.seoul.go.kr,family:1.0;baby:1.0;father:1.0;공공키즈카페;서울형키즈카페;동작구,2026-08-22 18:28:42,toddler:1.0;indoor:1.0;public:1.0,1,85
서울시 우리동네키즈OK / 공공 포털,공공키즈카페,맘스하트카페도시동작구,상시,영유아 및 어린이 (0세~7세),서울 동작구,"아동 1,000~3,000원 / 보호자 무료 (공공 가성비)",서울시 동작구에서 공식 운영하는 공공형 키즈카페 및 육아지원 공간 [맘스하트카페도시동작구]입니다.,https://icare.seoul.go.kr,family:1.0;baby:1.0;father:1.0;공공키즈카페;서울형키즈카페;동작구,2026-08-22 18:28:42,toddler:1.0;indoor:1.0;public:1.0,1,79
서울시 우리동네키즈OK / 공공 포털,공공키즈카페,동작구육아종합지원센터dccic.go.kr,상시,영유아 및 어린이 (0세~7세),서울 동작구,"아동 1,000~3,000원 / 보호자 무료 (공공 가성비)",서울시 동작구에서 공식 운영하는 공공형 키즈카페 및 육아지원 공간 [동작구육아종합지원센터dccic.go.kr]입니다.,https://icare.seoul.go.kr,family:1.0;baby:1.0;father:1.0;공공키즈카페;서울형키즈카페;동작구,2026-08-22 18:28:42,toddler:1.0;indoor:1.0;public:1.0,3,83
서울시 우리동네키즈OK / 공공 포털,공공키즈카페,동작구육아종합지원센터,상시,영유아 및 어린이 (0세~7세),서울 동작구,"아동 1,000~3,000원 / 보호자 무료 (공공 가성비)",서울시 동작구에서 공식 운영하는 공공형 키즈카페 및 육아지원 공간 [동작구육아종합지원센터]입니다.,https://icare.seoul.go.kr,family:1.0;baby:1.0;father:1.0;공공키즈카페;서울형키즈카페;동작구,2026-08-22 18:28:42,toddler:1.0;indoor:1.0;public:1.0,1,81
서울시 우리동네키즈OK / 공공 포털,공공키즈카페,서울동작구육아종합지원센터기업소개,상시,영유아 및 어린이 (0세~7세),서울 동작구,"아동 1,000~3,000원 / 보호자 무료 (공공 가성비)",서울시 동작구에서 공식 운영하는 공공형 키즈카페 및 육아지원 공간 [서울동작구육아종합지원센터기업소개]입니다.,https://icare.seoul.go.kr,family:1.0;baby:1.0;father:1.0;공공키즈카페;서울형키즈카페;동작구,2026-08-22 18:28:42,toddler:1.0;indoor:1.0;public:1.0,1,89
서울시 우리동네키즈OK / 공공 포털,공공키즈카페,동작구육아종합지원센터(동작),상시,영유아 및 어린이 (0세~7세),서울 동작구,"아동 1,000~3,000원 / 보호자 무료 (공공 가성비)",서울시 동작구에서 공식 운영하는 공공형 키즈카페 및 육아지원 공간 [동작구육아종합지원센터(동작)]입니다.,https://icare.seoul.go.kr,family:1.0;baby:1.0;father:1.0;공공키즈카페;서울형키즈카페;동작구,2026-08-22 18:28:42,toddler:1.0;indoor:1.0;public:1.0,2,78
서울시 우리동네키즈OK / 공공 포털,공공키즈카페,서울동작구육아종합지원센터는,상시,영유아 및 어린이 (0세~7세),서울 동작구,"아동 1,000~3,000원 / 보호자 무료 (공공 가성비)",서울시 동작구에서 공식 운영하는 공공형 키즈카페 및 육아지원 공간 [서울동작구육아종합지원센터는]입니다.,https://icare.seoul.go.kr,family:1.0;baby:1.0;father:1.0;공공키즈카페;서울형키즈카페;동작구,2026-08-22 18:28:42,toddler:1.0;indoor:1.0;public:1.0,3,82
서울시 우리동네키즈OK / 공공 포털,공공키즈카페,서울동작구육아종합지원센터,상시,영유아 및 어린이 (0세~7세),서울 동작구,"아동 1,000~3,000원 / 보호자 무료 (공공 가성비)",서울시 동작구에서 공식 운영하는 공공형 키즈카페 및 육아지원 공간 [서울동작구육아종합지원센터]입니다.,https://icare.seoul.go.kr,family:1.0;baby:1.0;father:1.0;공공키즈카페;서울형키즈카페;동작구,2026-08-22 18:28:42,toddler:1.0;indoor:1.0;public:1.0,2,93
서울시 우리동네키즈OK / 공공 포털,공공키즈카페,서울형키즈카페관악구행운동점,상시,영유아 및 어린이 (0세~7세),서울 관악구,"아동 1,000~3,000원 / 보호자 무료 (공공 가성비)",서울시 관악구에서 공식 운영하는 공공형 키즈카페 및 육아지원 공간 [서울형키즈카페관악구행운동점]입니다.,https://icare.seoul.go.kr,family:1.0;baby:1.0;father:1.0;공공키즈카페;서울형키즈카페;관악구,2026-08-22 18:28:42,toddler:1.0;indoor:1.0;public:1.0,1,91
서울시 우리동네키즈OK / 공공 포털,공공키즈카페,서울형키즈카페관악구보라매동점육아종합지원센터,상시,영유아 및 어린이 (0세~7세),서울 관악구,"아동 1,000~3,000원 / 보호자 무료 (공공 가성비)",서울시 관악구에서 공식 운영하는 공공형 키즈카페 및 육아지원 공간 [서울형키즈카페관악구보라매동점육아종합지원센터]입니다.,https://icare.seoul.go.kr,family:1.0;baby:1.0;father:1.0;공공키즈카페;서울형키즈카페;관악구,2026-08-22 18:28:42,toddler:1.0;indoor:1.0;public:1.0,3,75
서울시 우리동네키즈OK / 공공 포털,공공키즈카페,서울형 키즈카페관악구난향동점육아종합지원센터,상시,영유아 및 어린이 (0세~7세),서울 관악구,"아동 1,000~3,000원 / 보호자 무료 (공공 가성비)",서울시 관악구에서 공식 운영하는 공공형 키즈카페 및 육아지원 공간 [서울형 키즈카페관악구난향동점육아종합지원센터]입니다.,https://icare.seoul.go.kr,family:1.0;baby:1.0;father:1.0;공공키즈카페;서울형키즈카페;관악구,2026-08-22 18:28:42,toddler:1.0;indoor:1.0;public:1.0,2,83
서울시 우리동네키즈OK / 공공 포털,공공키즈카페,서울형키즈카페관악구난곡동점육아종합지원센터,상시,영유아 및 어린이 (0세~7세),서울 관악구,"아동 1,000~3,000원 / 보호자 무료 (공공 가성비)",서울시 관악구에서 공식 운영하는 공공형 키즈카페 및 육아지원 공간 [서울형키즈카페관악구난곡동점육아종합지원센터]입니다.,https://icare.seoul.go.kr,family:1.0;baby:1.0;father:1.0;공공키즈카페;서울형키즈카페;관악구,2026-08-22 18:28:42,toddler:1.0;indoor:1.0;public:1.0,2,81
서울시 우리동네키즈OK / 공공 포털,공공키즈카페,서울형키즈카페관악구은천동점 (,상시,영유아 및 어린이 (0세~7세),서울 관악구,"아동 1,000~3,000원 / 보호자 무료 (공공 가성비)",서울시 관악구에서 공식 운영하는 공공형 키즈카페 및 육아지원 공간 [서울형키즈카페관악구은천동점 (]입니다.,https://icare.seoul.go.kr,family:1.0;baby:1.0;father:1.0;공공키즈카페;서울형키즈카페;관악구,2026-08-22 18:28:42,toddler:1.0;indoor:1.0;public:1.0,2,82
서울시 우리동네키즈OK / 공공 포털,공공키즈카페,서울형키즈카페동작구 사당1동점,상시,영유아 및 어린이 (0세~7세),서울 관악구,"아동 1,000~3,000원 / 보호자 무료 (공공 가성비)",서울시 관악구에서 공식 운영하는 공공형 키즈카페 및 육아지원 공간 [서울형키즈카페동작구 사당1동점]입니다.,https://icare.seoul.go.kr,family:1.0;baby:1.0;father:1.0;공공키즈카페;서울형키즈카페;관악구,2026-08-22 18:28:42,toddler:1.0;indoor:1.0;public:1.0,2,76
서울시 우리동네키즈OK / 공공 포털,공공키즈카페,관악구 육아종합지원센터,상시,영유아 및 어린이 (0세~7세),서울 관악구,"아동 1,000~3,000원 / 보호자 무료 (공공 가성비)",서울시 관악구에서 공식 운영하는 공공형 키즈카페 및 육아지원 공간 [관악구 육아종합지원센터]입니다.,https://icare.seoul.go.kr,family:1.0;baby:1.0;father:1.0;공공키즈카페;서울형키즈카페;관악구,2026-08-22 18:28:42,toddler:1.0;indoor:1.0;public:1.0,1,91
서울시 우리동네키즈OK / 공공 포털,공공키즈카페,"관악구육아종합지원센터, 원장 대상 인권교육 실시",상시,영유아 및 어린이 (0세~7세),서울 관악구,"아동 1,000~3,000원 / 보호자 무료 (공공 가성비)","서울시 관악구에서 공식 운영하는 공공형 키즈카페 및 육아지원 공간 [관악구육아종합지원센터, 원장 대상 인권교육 실시]입니다.",https://icare.seoul.go.kr,family:1.0;baby:1.0;father:1.0;공공키즈카페;서울형키즈카페;관악구,2026-08-22 18:28:42,toddler:1.0;indoor:1.0;public:1.0,3,94
서울시 우리동네키즈OK / 공공 포털,공공키즈카페,서울 관악구 육아종합지원센터업체명 검색하기,상시,영유아 및 어린이 (0세~7세),서울 관악구,"아동 1,000~3,000원 / 보호자 무료 (공공 가성비)",서울시 관악구에서 공식 운영하는 공공형 키즈카페 및 육아지원 공간 [서울 관악구 육아종합지원센터업체명 검색하기]입니다.,https://icare.seoul.go.kr,family:1.0;baby:1.0;father:1.0;공공키즈카페;서울형키즈카페;관악구,2026-08-22 18:28:42,toddler:1.0;indoor:1.0;public:1.0,2,79
서울시 우리동네키즈OK / 공공 포털,공공키즈카페,서울관악구육아종합지원센터육아종합지원센터,상시,영유아 및 어린이 (0세~7세),서울 관악구,"아동 1,000~3,000원 / 보호자 무료 (공공 가성비)",서울시 관악구에서 공식 운영하는 공공형 키즈카페 및 육아지원 공간 [서울관악구육아종합지원센터육아종합지원센터]입니다.,https://icare.seoul.go.kr,family:1.0;baby:1.0;father:1.0;공공키즈카페;서울형키즈카페;관악구,2026-08-22 18:28:42,toddler:1.0;indoor:1.0;public:1.0,1,78
서울시 우리동네키즈OK / 공공 포털,공공키즈카페,장난감도서관_신사동점육아종합지원센터,상시,영유아 및 어린이 (0세~7세),서울 관악구,"아동 1,000~3,000원 / 보호자 무료 (공공 가성비)",서울시 관악구에서 공식 운영하는 공공형 키즈카페 및 육아지원 공간 [장난감도서관_신사동점육아종합지원센터]입니다.,https://icare.seoul.go.kr,family:1.0;baby:1.0;father:1.0;공공키즈카페;서울형키즈카페;관악구,2026-08-22 18:28:42,toddler:1.0;indoor:1.0;public:1.0,3,84
서울시 우리동네키즈OK / 공공 포털,공공키즈카페,서울형키즈카페 금천구2호점육아종합지원센터,상시,영유아 및 어린이 (0세~7세),서울 관악구,"아동 1,000~3,000원 / 보호자 무료 (공공 가성비)",서울시 관악구에서 공식 운영하는 공공형 키즈카페 및 육아지원 공간 [서울형키즈카페 금천구2호점육아종합지원센터]입니다.,https://icare.seoul.go.kr,family:1.0;baby:1.0;father:1.0;공공키즈카페;서울형키즈카페;관악구,2026-08-22 18:28:42,toddler:1.0;indoor:1.0;public:1.0,3,79
서울시 우리동네키즈OK / 공공 포털,공공키즈카페,관악구육아종합지원센터 꿈노리숲www.gwanak,상시,영유아 및 어린이 (0세~7세),서울 관악구,"아동 1,000~3,000원 / 보호자 무료 (공공 가성비)",서울시 관악구에서 공식 운영하는 공공형 키즈카페 및 육아지원 공간 [관악구육아종합지원센터 꿈노리숲www.gwanak]입니다.,https://icare.seoul.go.kr,family:1.0;baby:1.0;father:1.0;공공키즈카페;서울형키즈카페;관악구,2026-08-22 18:28:42,toddler:1.0;indoor:1.0;public:1.0,1,89
서울시 우리동네키즈OK / 공공 포털,공공키즈카페,서울형키즈카페양재1동점 23개월 아기랑 무료,상시,영유아 및 어린이 (0세~7세),서울 서초구,"아동 1,000~3,000원 / 보호자 무료 (공공 가성비)",서울시 서초구에서 공식 운영하는 공공형 키즈카페 및 육아지원 공간 [서울형키즈카페양재1동점 23개월 아기랑 무료]입니다.,https://icare.seoul.go.kr,family:1.0;baby:1.0;father:1.0;공공키즈카페;서울형키즈카페;서초구,2026-08-22 18:28:42,toddler:1.0;indoor:1.0;public:1.0,2,82
서울시 우리동네키즈OK / 공공 포털,공공키즈카페,서초구육아종합지원센터육아종합지원센터,상시,영유아 및 어린이 (0세~7세),서울 서초구,"아동 1,000~3,000원 / 보호자 무료 (공공 가성비)",서울시 서초구에서 공식 운영하는 공공형 키즈카페 및 육아지원 공간 [서초구육아종합지원센터육아종합지원센터]입니다.,https://icare.seoul.go.kr,family:1.0;baby:1.0;father:1.0;공공키즈카페;서울형키즈카페;서초구,2026-08-22 18:28:42,toddler:1.0;indoor:1.0;public:1.0,2,75
서울시 우리동네키즈OK / 공공 포털,공공키즈카페,서리풀육아지원센터육아종합지원센터,상시,영유아 및 어린이 (0세~7세),서울 서초구,"아동 1,000~3,000원 / 보호자 무료 (공공 가성비)",서울시 서초구에서 공식 운영하는 공공형 키즈카페 및 육아지원 공간 [서리풀육아지원센터육아종합지원센터]입니다.,https://icare.seoul.go.kr,family:1.0;baby:1.0;father:1.0;공공키즈카페;서울형키즈카페;서초구,2026-08-22 18:28:42,toddler:1.0;indoor:1.0;public:1.0,2,84
서울시 우리동네키즈OK / 공공 포털,공공키즈카페,신반포육아지원센터육아종합지원센터,상시,영유아 및 어린이 (0세~7세),서울 서초구,"아동 1,000~3,000원 / 보호자 무료 (공공 가성비)",서울시 서초구에서 공식 운영하는 공공형 키즈카페 및 육아지원 공간 [신반포육아지원센터육아종합지원센터]입니다.,https://icare.seoul.go.kr,family:1.0;baby:1.0;father:1.0;공공키즈카페;서울형키즈카페;서초구,2026-08-22 18:28:42,toddler:1.0;indoor:1.0;public:1.0,2,85
서울시 우리동네키즈OK / 공공 포털,공공키즈카페,내곡육아지원센터육아종합지원센터,상시,영유아 및 어린이 (0세~7세),서울 서초구,"아동 1,000~3,000원 / 보호자 무료 (공공 가성비)",서울시 서초구에서 공식 운영하는 공공형 키즈카페 및 육아지원 공간 [내곡육아지원센터육아종합지원센터]입니다.,https://icare.seoul.go.kr,family:1.0;baby:1.0;father:1.0;공공키즈카페;서울형키즈카페;서초구,2026-08-22 18:28:42,toddler:1.0;indoor:1.0;public:1.0,3,84
서울시 우리동네키즈OK / 공공 포털,공공키즈카페,방배육아지원센터육아종합지원센터,상시,영유아 및 어린이 (0세~7세),서울 서초구,"아동 1,000~3,000원 / 보호자 무료 (공공 가성비)",서울시 서초구에서 공식 운영하는 공공형 키즈카페 및 육아지원 공간 [방배육아지원센터육아종합지원센터]입니다.,https://icare.seoul.go.kr,family:1.0;baby:1.0;father:1.0;공공키즈카페;서울형키즈카페;서초구,2026-08-22 18:28:42,toddler:1.0;indoor:1.0;public:1.0,1,75
서울시 우리동네키즈OK / 공공 포털,공공키즈카페,서초아이돌봄콜센터육아종합지원센터,상시,영유아 및 어린이 (0세~7세),서울 서초구,"아동 1,000~3,000원 / 보호자 무료 (공공 가성비)",서울시 서초구에서 공식 운영하는 공공형 키즈카페 및 육아지원 공간 [서초아이돌봄콜센터육아종합지원센터]입니다.,https://icare.seoul.go.kr,family:1.0;baby:1.0;father:1.0;공공키즈카페;서울형키즈카페;서초구,2026-08-22 18:28:42,toddler:1.0;indoor:1.0;public:1.0,3,92
서울시 우리동네키즈OK / 공공 포털,공공키즈카페,서초육종(육아종합지원센터)이용법 12,상시,영유아 및 어린이 (0세~7세),서울 서초구,"아동 1,000~3,000원 / 보호자 무료 (공공 가성비)",서울시 서초구에서 공식 운영하는 공공형 키즈카페 및 육아지원 공간 [서초육종(육아종합지원센터)이용법 12]입니다.,https://icare.seoul.go.kr,family:1.0;baby:1.0;father:1.0;공공키즈카페;서울형키즈카페;서초구,2026-08-22 18:28:42,toddler:1.0;indoor:1.0;public:1.0,2,80
서울시 우리동네키즈OK / 공공 포털,공공키즈카페,서울형키즈카페역삼1동점,상시,영유아 및 어린이 (0세~7세),서울 강남구,"아동 1,000~3,000원 / 보호자 무료 (공공 가성비)",서울시 강남구에서 공식 운영하는 공공형 키즈카페 및 육아지원 공간 [서울형키즈카페역삼1동점]입니다.,https://icare.seoul.go.kr,family:1.0;baby:1.0;father:1.0;공공키즈카페;서울형키즈카페;강남구,2026-08-22 18:28:42,toddler:1.0;indoor:1.0;public:1.0,3,88
서울시 우리동네키즈OK / 공공 포털,공공키즈카페,강남어린이회관서울형키즈카페,상시,영유아 및 어린이 (0세~7세),서울 강남구,"아동 1,000~3,000원 / 보호자 무료 (공공 가성비)",서울시 강남구에서 공식 운영하는 공공형 키즈카페 및 육아지원 공간 [강남어린이회관서울형키즈카페]입니다.,https://icare.seoul.go.kr,family:1.0;baby:1.0;father:1.0;공공키즈카페;서울형키즈카페;강남구,2026-08-22 18:28:42,toddler:1.0;indoor:1.0;public:1.0,3,83
서울시 우리동네키즈OK / 공공 포털,공공키즈카페,강남구육아종합지원센터대치점육아종합지원센터,상시,영유아 및 어린이 (0세~7세),서울 강남구,"아동 1,000~3,000원 / 보호자 무료 (공공 가성비)",서울시 강남구에서 공식 운영하는 공공형 키즈카페 및 육아지원 공간 [강남구육아종합지원센터대치점육아종합지원센터]입니다.,https://icare.seoul.go.kr,family:1.0;baby:1.0;father:1.0;공공키즈카페;서울형키즈카페;강남구,2026-08-22 18:28:42,toddler:1.0;indoor:1.0;public:1.0,3,94
서울시 우리동네키즈OK / 공공 포털,공공키즈카페,강남구육아종합지원센터수서점육아종합지원센터,상시,영유아 및 어린이 (0세~7세),서울 강남구,"아동 1,000~3,000원 / 보호자 무료 (공공 가성비)",서울시 강남구에서 공식 운영하는 공공형 키즈카페 및 육아지원 공간 [강남구육아종합지원센터수서점육아종합지원센터]입니다.,https://icare.seoul.go.kr,family:1.0;baby:1.0;father:1.0;공공키즈카페;서울형키즈카페;강남구,2026-08-22 18:28:42,toddler:1.0;indoor:1.0;public:1.0,1,79
서울시 우리동네키즈OK / 공공 포털,공공키즈카페,강남구육아종합지원센터육아종합지원센터,상시,영유아 및 어린이 (0세~7세),서울 강남구,"아동 1,000~3,000원 / 보호자 무료 (공공 가성비)",서울시 강남구에서 공식 운영하는 공공형 키즈카페 및 육아지원 공간 [강남구육아종합지원센터육아종합지원센터]입니다.,https://icare.seoul.go.kr,family:1.0;baby:1.0;father:1.0;공공키즈카페;서울형키즈카페;강남구,2026-08-22 18:28:42,toddler:1.0;indoor:1.0;public:1.0,2,85
서울시 우리동네키즈OK / 공공 포털,공공키즈카페,강남구육아종합지원센터논현점육아종합지원센터,상시,영유아 및 어린이 (0세~7세),서울 강남구,"아동 1,000~3,000원 / 보호자 무료 (공공 가성비)",서울시 강남구에서 공식 운영하는 공공형 키즈카페 및 육아지원 공간 [강남구육아종합지원센터논현점육아종합지원센터]입니다.,https://icare.seoul.go.kr,family:1.0;baby:1.0;father:1.0;공공키즈카페;서울형키즈카페;강남구,2026-08-22 18:28:42,toddler:1.0;indoor:1.0;public:1.0,1,89
서울시 우리동네키즈OK / 공공 포털,공공키즈카페,강남구육아종합지원센터도곡점육아종합지원센터,상시,영유아 및 어린이 (0세~7세),서울 강남구,"아동 1,000~3,000원 / 보호자 무료 (공공 가성비)",서울시 강남구에서 공식 운영하는 공공형 키즈카페 및 육아지원 공간 [강남구육아종합지원센터도곡점육아종합지원센터]입니다.,https://icare.seoul.go.kr,family:1.0;baby:1.0;father:1.0;공공키즈카페;서울형키즈카페;강남구,2026-08-22 18:28:42,toddler:1.0;indoor:1.0;public:1.0,1,83
서울시 우리동네키즈OK / 공공 포털,공공키즈카페,강남구육아종합지원센터삼성점육아종합지원센터,상시,영유아 및 어린이 (0세~7세),서울 강남구,"아동 1,000~3,000원 / 보호자 무료 (공공 가성비)",서울시 강남구에서 공식 운영하는 공공형 키즈카페 및 육아지원 공간 [강남구육아종합지원센터삼성점육아종합지원센터]입니다.,https://icare.seoul.go.kr,family:1.0;baby:1.0;father:1.0;공공키즈카페;서울형키즈카페;강남구,2026-08-22 18:28:42,toddler:1.0;indoor:1.0;public:1.0,1,92
서울시 우리동네키즈OK / 공공 포털,공공키즈카페,강남구육아종합지원센터삼성점 아기자기한,상시,영유아 및 어린이 (0세~7세),서울 강남구,"아동 1,000~3,000원 / 보호자 무료 (공공 가성비)",서울시 강남구에서 공식 운영하는 공공형 키즈카페 및 육아지원 공간 [강남구육아종합지원센터삼성점 아기자기한]입니다.,https://icare.seoul.go.kr,family:1.0;baby:1.0;father:1.0;공공키즈카페;서울형키즈카페;강남구,2026-08-22 18:28:42,toddler:1.0;indoor:1.0;public:1.0,3,85
서울시 우리동네키즈OK / 공공 포털,공공키즈카페,강남구 육아종합지원센터,상시,영유아 및 어린이 (0세~7세),서울 강남구,"아동 1,000~3,000원 / 보호자 무료 (공공 가성비)",서울시 강남구에서 공식 운영하는 공공형 키즈카페 및 육아지원 공간 [강남구 육아종합지원센터]입니다.,https://icare.seoul.go.kr,family:1.0;baby:1.0;father:1.0;공공키즈카페;서울형키즈카페;강남구,2026-08-22 18:28:42,toddler:1.0;indoor:1.0;public:1.0,3,94
서울시 우리동네키즈OK / 공공 포털,공공키즈카페,논현육아종합지원센터,상시,영유아 및 어린이 (0세~7세),서울 강남구,"아동 1,000~3,000원 / 보호자 무료 (공공 가성비)",서울시 강남구에서 공식 운영하는 공공형 키즈카페 및 육아지원 공간 [논현육아종합지원센터]입니다.,https://icare.seoul.go.kr,family:1.0;baby:1.0;father:1.0;공공키즈카페;서울형키즈카페;강남구,2026-08-22 18:28:42,toddler:1.0;indoor:1.0;public:1.0,2,79
서울시 우리동네키즈OK / 공공 포털,공공키즈카페,강남구육아종합지원센터논현점,상시,영유아 및 어린이 (0세~7세),서울 강남구,"아동 1,000~3,000원 / 보호자 무료 (공공 가성비)",서울시 강남구에서 공식 운영하는 공공형 키즈카페 및 육아지원 공간 [강남구육아종합지원센터논현점]입니다.,https://icare.seoul.go.kr,family:1.0;baby:1.0;father:1.0;공공키즈카페;서울형키즈카페;강남구,2026-08-22 18:28:42,toddler:1.0;indoor:1.0;public:1.0,1,75
서울시 우리동네키즈OK / 공공 포털,공공키즈카페,서울형키즈카페한성백제박물관점,상시,영유아 및 어린이 (0세~7세),서울 송파구,"아동 1,000~3,000원 / 보호자 무료 (공공 가성비)",서울시 송파구에서 공식 운영하는 공공형 키즈카페 및 육아지원 공간 [서울형키즈카페한성백제박물관점]입니다.,https://icare.seoul.go.kr,family:1.0;baby:1.0;father:1.0;공공키즈카페;서울형키즈카페;송파구,2026-08-22 18:28:42,toddler:1.0;indoor:1.0;public:1.0,1,85
서울시 우리동네키즈OK / 공공 포털,공공키즈카페,서울형키즈카페송파여성문화회관점,상시,영유아 및 어린이 (0세~7세),서울 송파구,"아동 1,000~3,000원 / 보호자 무료 (공공 가성비)",서울시 송파구에서 공식 운영하는 공공형 키즈카페 및 육아지원 공간 [서울형키즈카페송파여성문화회관점]입니다.,https://icare.seoul.go.kr,family:1.0;baby:1.0;father:1.0;공공키즈카페;서울형키즈카페;송파구,2026-08-22 18:28:42,toddler:1.0;indoor:1.0;public:1.0,3,76
서울시 우리동네키즈OK / 공공 포털,공공키즈카페,서울송파구육아종합지원센터www.spscc.or.kr,상시,영유아 및 어린이 (0세~7세),서울 송파구,"아동 1,000~3,000원 / 보호자 무료 (공공 가성비)",서울시 송파구에서 공식 운영하는 공공형 키즈카페 및 육아지원 공간 [서울송파구육아종합지원센터www.spscc.or.kr]입니다.,https://icare.seoul.go.kr,family:1.0;baby:1.0;father:1.0;공공키즈카페;서울형키즈카페;송파구,2026-08-22 18:28:42,toddler:1.0;indoor:1.0;public:1.0,3,93
서울시 우리동네키즈OK / 공공 포털,공공키즈카페,서울송파구육아종합지원센터,상시,영유아 및 어린이 (0세~7세),서울 송파구,"아동 1,000~3,000원 / 보호자 무료 (공공 가성비)",서울시 송파구에서 공식 운영하는 공공형 키즈카페 및 육아지원 공간 [서울송파구육아종합지원센터]입니다.,https://icare.seoul.go.kr,family:1.0;baby:1.0;father:1.0;공공키즈카페;서울형키즈카페;송파구,2026-08-22 18:28:42,toddler:1.0;indoor:1.0;public:1.0,3,94
서울시 우리동네키즈OK / 공공 포털,공공키즈카페,장난감도서관,상시,영유아 및 어린이 (0세~7세),서울 송파구,"아동 1,000~3,000원 / 보호자 무료 (공공 가성비)",서울시 송파구에서 공식 운영하는 공공형 키즈카페 및 육아지원 공간 [장난감도서관]입니다.,https://icare.seoul.go.kr,family:1.0;baby:1.0;father:1.0;공공키즈카페;서울형키즈카페;송파구,2026-08-22 18:28:42,toddler:1.0;indoor:1.0;public:1.0,1,94
서울시 우리동네키즈OK / 공공 포털,공공키즈카페,송파구육아종합지원센터송파구2호점 상세보기,상시,영유아 및 어린이 (0세~7세),서울 송파구,"아동 1,000~3,000원 / 보호자 무료 (공공 가성비)",서울시 송파구에서 공식 운영하는 공공형 키즈카페 및 육아지원 공간 [송파구육아종합지원센터송파구2호점 상세보기]입니다.,https://icare.seoul.go.kr,family:1.0;baby:1.0;father:1.0;공공키즈카페;서울형키즈카페;송파구,2026-08-22 18:28:42,toddler:1.0;indoor:1.0;public:1.0,2,75
서울시 우리동네키즈OK / 공공 포털,공공키즈카페,"송파어린이문화회관송파구육아종합지원센터아동,복지",상시,영유아 및 어린이 (0세~7세),서울 송파구,"아동 1,000~3,000원 / 보호자 무료 (공공 가성비)","서울시 송파구에서 공식 운영하는 공공형 키즈카페 및 육아지원 공간 [송파어린이문화회관송파구육아종합지원센터아동,복지]입니다.",https://icare.seoul.go.kr,family:1.0;baby:1.0;father:1.0;공공키즈카페;서울형키즈카페;송파구,2026-08-22 18:28:42,toddler:1.0;indoor:1.0;public:1.0,2,86
서울시 우리동네키즈OK / 공공 포털,공공키즈카페,장난감도서관 위례점육아종합지원센터,상시,영유아 및 어린이 (0세~7세),서울 송파구,"아동 1,000~3,000원 / 보호자 무료 (공공 가성비)",서울시 송파구에서 공식 운영하는 공공형 키즈카페 및 육아지원 공간 [장난감도서관 위례점육아종합지원센터]입니다.,https://icare.seoul.go.kr,family:1.0;baby:1.0;father:1.0;공공키즈카페;서울형키즈카페;송파구,2026-08-22 18:28:42,toddler:1.0;indoor:1.0;public:1.0,1,88
서울시 우리동네키즈OK / 공공 포털,공공키즈카페,장난감도서관 오금점육아종합지원센터,상시,영유아 및 어린이 (0세~7세),서울 송파구,"아동 1,000~3,000원 / 보호자 무료 (공공 가성비)",서울시 송파구에서 공식 운영하는 공공형 키즈카페 및 육아지원 공간 [장난감도서관 오금점육아종합지원센터]입니다.,https://icare.seoul.go.kr,family:1.0;baby:1.0;father:1.0;공공키즈카페;서울형키즈카페;송파구,2026-08-22 18:28:42,toddler:1.0;indoor:1.0;public:1.0,3,76
서울시 우리동네키즈OK / 공공 포털,공공키즈카페,장난감도서관 장지점육아종합지원센터,상시,영유아 및 어린이 (0세~7세),서울 송파구,"아동 1,000~3,000원 / 보호자 무료 (공공 가성비)",서울시 송파구에서 공식 운영하는 공공형 키즈카페 및 육아지원 공간 [장난감도서관 장지점육아종합지원센터]입니다.,https://icare.seoul.go.kr,family:1.0;baby:1.0;father:1.0;공공키즈카페;서울형키즈카페;송파구,2026-08-22 18:28:42,toddler:1.0;indoor:1.0;public:1.0,2,79
서울시 우리동네키즈OK / 공공 포털,공공키즈카페,장난감도서관 풍납점육아종합지원센터,상시,영유아 및 어린이 (0세~7세),서울 송파구,"아동 1,000~3,000원 / 보호자 무료 (공공 가성비)",서울시 송파구에서 공식 운영하는 공공형 키즈카페 및 육아지원 공간 [장난감도서관 풍납점육아종합지원센터]입니다.,https://icare.seoul.go.kr,family:1.0;baby:1.0;father:1.0;공공키즈카페;서울형키즈카페;송파구,2026-08-22 18:28:42,toddler:1.0;indoor:1.0;public:1.0,3,79
서울시 우리동네키즈OK / 공공 포털,공공키즈카페,송파키움센터육아종합지원센터,상시,영유아 및 어린이 (0세~7세),서울 송파구,"아동 1,000~3,000원 / 보호자 무료 (공공 가성비)",서울시 송파구에서 공식 운영하는 공공형 키즈카페 및 육아지원 공간 [송파키움센터육아종합지원센터]입니다.,https://icare.seoul.go.kr,family:1.0;baby:1.0;father:1.0;공공키즈카페;서울형키즈카페;송파구,2026-08-22 18:28:42,toddler:1.0;indoor:1.0;public:1.0,1,77
서울시 우리동네키즈OK / 공공 포털,공공키즈카페,서울형키즈카페강동구성내1동점,상시,영유아 및 어린이 (0세~7세),서울 강동구,"아동 1,000~3,000원 / 보호자 무료 (공공 가성비)",서울시 강동구에서 공식 운영하는 공공형 키즈카페 및 육아지원 공간 [서울형키즈카페강동구성내1동점]입니다.,https://icare.seoul.go.kr,family:1.0;baby:1.0;father:1.0;공공키즈카페;서울형키즈카페;강동구,2026-08-22 18:28:42,toddler:1.0;indoor:1.0;public:1.0,3,94
서울시 우리동네키즈OK / 공공 포털,공공키즈카페,서울형키즈카페강동구성내2동점,상시,영유아 및 어린이 (0세~7세),서울 강동구,"아동 1,000~3,000원 / 보호자 무료 (공공 가성비)",서울시 강동구에서 공식 운영하는 공공형 키즈카페 및 육아지원 공간 [서울형키즈카페강동구성내2동점]입니다.,https://icare.seoul.go.kr,family:1.0;baby:1.0;father:1.0;공공키즈카페;서울형키즈카페;강동구,2026-08-22 18:28:42,toddler:1.0;indoor:1.0;public:1.0,3,85
서울시 우리동네키즈OK / 공공 포털,공공키즈카페,서울형키즈카페강동구고덕2동점,상시,영유아 및 어린이 (0세~7세),서울 강동구,"아동 1,000~3,000원 / 보호자 무료 (공공 가성비)",서울시 강동구에서 공식 운영하는 공공형 키즈카페 및 육아지원 공간 [서울형키즈카페강동구고덕2동점]입니다.,https://icare.seoul.go.kr,family:1.0;baby:1.0;father:1.0;공공키즈카페;서울형키즈카페;강동구,2026-08-22 18:28:42,toddler:1.0;indoor:1.0;public:1.0,2,87
서울시 우리동네키즈OK / 공공 포털,공공키즈카페,서울형키즈카페강동구암사1동점,상시,영유아 및 어린이 (0세~7세),서울 강동구,"아동 1,000~3,000원 / 보호자 무료 (공공 가성비)",서울시 강동구에서 공식 운영하는 공공형 키즈카페 및 육아지원 공간 [서울형키즈카페강동구암사1동점]입니다.,https://icare.seoul.go.kr,family:1.0;baby:1.0;father:1.0;공공키즈카페;서울형키즈카페;강동구,2026-08-22 18:28:42,toddler:1.0;indoor:1.0;public:1.0,2,86
서울시 우리동네키즈OK / 공공 포털,공공키즈카페,서울형키즈카페강동구상일2동2호점,상시,영유아 및 어린이 (0세~7세),서울 강동구,"아동 1,000~3,000원 / 보호자 무료 (공공 가성비)",서울시 강동구에서 공식 운영하는 공공형 키즈카페 및 육아지원 공간 [서울형키즈카페강동구상일2동2호점]입니다.,https://icare.seoul.go.kr,family:1.0;baby:1.0;father:1.0;공공키즈카페;서울형키즈카페;강동구,2026-08-22 18:28:42,toddler:1.0;indoor:1.0;public:1.0,3,79
서울시 우리동네키즈OK / 공공 포털,공공키즈카페,서울형키즈카페강동구상일2동점,상시,영유아 및 어린이 (0세~7세),서울 강동구,"아동 1,000~3,000원 / 보호자 무료 (공공 가성비)",서울시 강동구에서 공식 운영하는 공공형 키즈카페 및 육아지원 공간 [서울형키즈카페강동구상일2동점]입니다.,https://icare.seoul.go.kr,family:1.0;baby:1.0;father:1.0;공공키즈카페;서울형키즈카페;강동구,2026-08-22 18:28:42,toddler:1.0;indoor:1.0;public:1.0,1,92
서울시 우리동네키즈OK / 공공 포털,공공키즈카페,강동구 서울형키즈카페<서울형키즈카페> 참가자 모집,상시,영유아 및 어린이 (0세~7세),서울 강동구,"아동 1,000~3,000원 / 보호자 무료 (공공 가성비)",서울시 강동구에서 공식 운영하는 공공형 키즈카페 및 육아지원 공간 [강동구 서울형키즈카페<서울형키즈카페> 참가자 모집]입니다.,https://icare.seoul.go.kr,family:1.0;baby:1.0;father:1.0;공공키즈카페;서울형키즈카페;강동구,2026-08-22 18:28:42,toddler:1.0;indoor:1.0;public:1.0,1,85
서울시 우리동네키즈OK / 공공 포털,공공키즈카페,강동어린이회관·강동구육아종합지원센터,상시,영유아 및 어린이 (0세~7세),서울 강동구,"아동 1,000~3,000원 / 보호자 무료 (공공 가성비)",서울시 강동구에서 공식 운영하는 공공형 키즈카페 및 육아지원 공간 [강동어린이회관·강동구육아종합지원센터]입니다.,https://icare.seoul.go.kr,family:1.0;baby:1.0;father:1.0;공공키즈카페;서울형키즈카페;강동구,2026-08-22 18:28:42,toddler:1.0;indoor:1.0;public:1.0,2,81
서울시 우리동네키즈OK / 공공 포털,공공키즈카페,서울강동구 육아종합지원센터,상시,영유아 및 어린이 (0세~7세),서울 강동구,"아동 1,000~3,000원 / 보호자 무료 (공공 가성비)",서울시 강동구에서 공식 운영하는 공공형 키즈카페 및 육아지원 공간 [서울강동구 육아종합지원센터]입니다.,https://icare.seoul.go.kr,family:1.0;baby:1.0;father:1.0;공공키즈카페;서울형키즈카페;강동구,2026-08-22 18:28:42,toddler:1.0;indoor:1.0;public:1.0,2,93
서울시 우리동네키즈OK / 공공 포털,공공키즈카페,강동어린이회관강동구육아종합지원센터육아종합지원센터,상시,영유아 및 어린이 (0세~7세),서울 강동구,"아동 1,000~3,000원 / 보호자 무료 (공공 가성비)",서울시 강동구에서 공식 운영하는 공공형 키즈카페 및 육아지원 공간 [강동어린이회관강동구육아종합지원센터육아종합지원센터]입니다.,https://icare.seoul.go.kr,family:1.0;baby:1.0;father:1.0;공공키즈카페;서울형키즈카페;강동구,2026-08-22 18:28:42,toddler:1.0;indoor:1.0;public:1.0,3,87
서울시 우리동네키즈OK / 공공 포털,공공키즈카페,강동영유아플라자 파파넷육아종합지원센터,상시,영유아 및 어린이 (0세~7세),서울 강동구,"아동 1,000~3,000원 / 보호자 무료 (공공 가성비)",서울시 강동구에서 공식 운영하는 공공형 키즈카페 및 육아지원 공간 [강동영유아플라자 파파넷육아종합지원센터]입니다.,https://icare.seoul.go.kr,family:1.0;baby:1.0;father:1.0;공공키즈카페;서울형키즈카페;강동구,2026-08-22 18:28:42,toddler:1.0;indoor:1.0;public:1.0,3,95
서울시 우리동네키즈OK / 공공 포털,공공키즈카페,하남시육아종합지원센터미사점육아종합지원센터,상시,영유아 및 어린이 (0세~7세),서울 강동구,"아동 1,000~3,000원 / 보호자 무료 (공공 가성비)",서울시 강동구에서 공식 운영하는 공공형 키즈카페 및 육아지원 공간 [하남시육아종합지원센터미사점육아종합지원센터]입니다.,https://icare.seoul.go.kr,family:1.0;baby:1.0;father:1.0;공공키즈카페;서울형키즈카페;강동구,2026-08-22 18:28:42,toddler:1.0;indoor:1.0;public:1.0,3,78
서울시 우리동네키즈OK / 공공 포털,공공키즈카페,하남시육아종합지원센터감일점육아종합지원센터,상시,영유아 및 어린이 (0세~7세),서울 강동구,"아동 1,000~3,000원 / 보호자 무료 (공공 가성비)",서울시 강동구에서 공식 운영하는 공공형 키즈카페 및 육아지원 공간 [하남시육아종합지원센터감일점육아종합지원센터]입니다.,https://icare.seoul.go.kr,family:1.0;baby:1.0;father:1.0;공공키즈카페;서울형키즈카페;강동구,2026-08-22 18:28:42,toddler:1.0;indoor:1.0;public:1.0,3,90
서울시 우리동네키즈OK / 공공 포털,공공키즈카페,강동구 육아종합지원센터는,상시,영유아 및 어린이 (0세~7세),서울 강동구,"아동 1,000~3,000원 / 보호자 무료 (공공 가성비)",서울시 강동구에서 공식 운영하는 공공형 키즈카페 및 육아지원 공간 [강동구 육아종합지원센터는]입니다.,https://icare.seoul.go.kr,family:1.0;baby:1.0;father:1.0;공공키즈카페;서울형키즈카페;강동구,2026-08-22 18:28:42,toddler:1.0;indoor:1.0;public:1.0,2,94
경기도 육아종합지원센터 공공 포털,공공키즈카페,아이사랑놀이터 권선휴점육아종합지원센터,상시,영유아 및 어린이 (0세~7세),경기 수원시,무료 또는 저렴 (지자체 지원),경기도 수원시 지자체에서 직접 운영하는 공공 육아카페 및 체험센터 [아이사랑놀이터 권선휴점육아종합지원센터]입니다.,https://gyeonggi.childcare.go.kr,family:1.0;baby:1.0;father:1.0;공공키즈카페;아이러브맘카페;수원시,2026-08-22 18:28:42,toddler:1.0;indoor:1.0;public:1.0,2,89
경기도 육아종합지원센터 공공 포털,공공키즈카페,수원시육아종합지원센터육아종합지원센터,상시,영유아 및 어린이 (0세~7세),경기 수원시,무료 또는 저렴 (지자체 지원),경기도 수원시 지자체에서 직접 운영하는 공공 육아카페 및 체험센터 [수원시육아종합지원센터육아종합지원센터]입니다.,https://gyeonggi.childcare.go.kr,family:1.0;baby:1.0;father:1.0;공공키즈카페;아이러브맘카페;수원시,2026-08-22 18:28:42,toddler:1.0;indoor:1.0;public:1.0,2,82
경기도 육아종합지원센터 공공 포털,공공키즈카페,아이사랑놀이터 호매실점육아종합지원센터,상시,영유아 및 어린이 (0세~7세),경기 수원시,무료 또는 저렴 (지자체 지원),경기도 수원시 지자체에서 직접 운영하는 공공 육아카페 및 체험센터 [아이사랑놀이터 호매실점육아종합지원센터]입니다.,https://gyeonggi.childcare.go.kr,family:1.0;baby:1.0;father:1.0;공공키즈카페;아이러브맘카페;수원시,2026-08-22 18:28:42,toddler:1.0;indoor:1.0;public:1.0,3,76
경기도 육아종합지원센터 공공 포털,공공키즈카페,아이사랑놀이터 행궁점육아종합지원센터,상시,영유아 및 어린이 (0세~7세),경기 수원시,무료 또는 저렴 (지자체 지원),경기도 수원시 지자체에서 직접 운영하는 공공 육아카페 및 체험센터 [아이사랑놀이터 행궁점육아종합지원센터]입니다.,https://gyeonggi.childcare.go.kr,family:1.0;baby:1.0;father:1.0;공공키즈카페;아이러브맘카페;수원시,2026-08-22 18:28:42,toddler:1.0;indoor:1.0;public:1.0,3,87
경기도 육아종합지원센터 공공 포털,공공키즈카페,아이사랑놀이터 SK아트리움점육아종합지원센터,상시,영유아 및 어린이 (0세~7세),경기 수원시,무료 또는 저렴 (지자체 지원),경기도 수원시 지자체에서 직접 운영하는 공공 육아카페 및 체험센터 [아이사랑놀이터 SK아트리움점육아종합지원센터]입니다.,https://gyeonggi.childcare.go.kr,family:1.0;baby:1.0;father:1.0;공공키즈카페;아이러브맘카페;수원시,2026-08-22 18:28:42,toddler:1.0;indoor:1.0;public:1.0,3,77
경기도 육아종합지원센터 공공 포털,공공키즈카페,화성시 육아종합지원센터 (화성시),상시,영유아 및 어린이 (0세~7세),경기 수원시,무료 또는 저렴 (지자체 지원),경기도 수원시 지자체에서 직접 운영하는 공공 육아카페 및 체험센터 [화성시 육아종합지원센터 (화성시)]입니다.,https://gyeonggi.childcare.go.kr,family:1.0;baby:1.0;father:1.0;공공키즈카페;아이러브맘카페;수원시,2026-08-22 18:28:42,toddler:1.0;indoor:1.0;public:1.0,1,84
경기도 육아종합지원센터 공공 포털,공공키즈카페,경기수원시육아종합지원센터,상시,영유아 및 어린이 (0세~7세),경기 수원시,무료 또는 저렴 (지자체 지원),경기도 수원시 지자체에서 직접 운영하는 공공 육아카페 및 체험센터 [경기수원시육아종합지원센터]입니다.,https://gyeonggi.childcare.go.kr,family:1.0;baby:1.0;father:1.0;공공키즈카페;아이러브맘카페;수원시,2026-08-22 18:28:42,toddler:1.0;indoor:1.0;public:1.0,1,87
경기도 육아종합지원센터 공공 포털,공공키즈카페,경기 수원시육아종합지원센터suwonscc.or.kr,상시,영유아 및 어린이 (0세~7세),경기 수원시,무료 또는 저렴 (지자체 지원),경기도 수원시 지자체에서 직접 운영하는 공공 육아카페 및 체험센터 [경기 수원시육아종합지원센터suwonscc.or.kr]입니다.,https://gyeonggi.childcare.go.kr,family:1.0;baby:1.0;father:1.0;공공키즈카페;아이러브맘카페;수원시,2026-08-22 18:28:42,toddler:1.0;indoor:1.0;public:1.0,1,90
경기도 육아종합지원센터 공공 포털,공공키즈카페,경기 수원시육아종합지원센터,상시,영유아 및 어린이 (0세~7세),경기 수원시,무료 또는 저렴 (지자체 지원),경기도 수원시 지자체에서 직접 운영하는 공공 육아카페 및 체험센터 [경기 수원시육아종합지원센터]입니다.,https://gyeonggi.childcare.go.kr,family:1.0;baby:1.0;father:1.0;공공키즈카페;아이러브맘카페;수원시,2026-08-22 18:28:42,toddler:1.0;indoor:1.0;public:1.0,3,87
경기도 육아종합지원센터 공공 포털,공공키즈카페,수원시동부육아종합지원센터육아종합지원센터,상시,영유아 및 어린이 (0세~7세),경기 수원시,무료 또는 저렴 (지자체 지원),경기도 수원시 지자체에서 직접 운영하는 공공 육아카페 및 체험센터 [수원시동부육아종합지원센터육아종합지원센터]입니다.,https://gyeonggi.childcare.go.kr,family:1.0;baby:1.0;father:1.0;공공키즈카페;아이러브맘카페;수원시,2026-08-22 18:28:42,toddler:1.0;indoor:1.0;public:1.0,3,87
경기도 육아종합지원센터 공공 포털,공공키즈카페,경기도육아종합지원센터육아종합지원센터,상시,영유아 및 어린이 (0세~7세),경기 수원시,무료 또는 저렴 (지자체 지원),경기도 수원시 지자체에서 직접 운영하는 공공 육아카페 및 체험센터 [경기도육아종합지원센터육아종합지원센터]입니다.,https://gyeonggi.childcare.go.kr,family:1.0;baby:1.0;father:1.0;공공키즈카페;아이러브맘카페;수원시,2026-08-22 18:28:42,toddler:1.0;indoor:1.0;public:1.0,1,80
경기도 육아종합지원센터 공공 포털,공공키즈카페,아이사랑놀이터 정자점육아종합지원센터,상시,영유아 및 어린이 (0세~7세),경기 수원시,무료 또는 저렴 (지자체 지원),경기도 수원시 지자체에서 직접 운영하는 공공 육아카페 및 체험센터 [아이사랑놀이터 정자점육아종합지원센터]입니다.,https://gyeonggi.childcare.go.kr,family:1.0;baby:1.0;father:1.0;공공키즈카페;아이러브맘카페;수원시,2026-08-22 18:28:42,toddler:1.0;indoor:1.0;public:1.0,3,78
경기도 육아종합지원센터 공공 포털,공공키즈카페,아이사랑놀이터 인계점육아종합지원센터,상시,영유아 및 어린이 (0세~7세),경기 수원시,무료 또는 저렴 (지자체 지원),경기도 수원시 지자체에서 직접 운영하는 공공 육아카페 및 체험센터 [아이사랑놀이터 인계점육아종합지원센터]입니다.,https://gyeonggi.childcare.go.kr,family:1.0;baby:1.0;father:1.0;공공키즈카페;아이러브맘카페;수원시,2026-08-22 18:28:42,toddler:1.0;indoor:1.0;public:1.0,2,87
경기도 육아종합지원센터 공공 포털,공공키즈카페,장난감도서관소개 및 신청,상시,영유아 및 어린이 (0세~7세),경기 수원시,무료 또는 저렴 (지자체 지원),경기도 수원시 지자체에서 직접 운영하는 공공 육아카페 및 체험센터 [장난감도서관소개 및 신청]입니다.,https://gyeonggi.childcare.go.kr,family:1.0;baby:1.0;father:1.0;공공키즈카페;아이러브맘카페;수원시,2026-08-22 18:28:42,toddler:1.0;indoor:1.0;public:1.0,1,81
경기도 육아종합지원센터 공공 포털,공공키즈카페,수원시장난감도서관권선휴점장난감대여,상시,영유아 및 어린이 (0세~7세),경기 수원시,무료 또는 저렴 (지자체 지원),경기도 수원시 지자체에서 직접 운영하는 공공 육아카페 및 체험센터 [수원시장난감도서관권선휴점장난감대여]입니다.,https://gyeonggi.childcare.go.kr,family:1.0;baby:1.0;father:1.0;공공키즈카페;아이러브맘카페;수원시,2026-08-22 18:28:42,toddler:1.0;indoor:1.0;public:1.0,2,95
경기도 육아종합지원센터 공공 포털,공공키즈카페,수원시장난감도서관조원점장난감대여,상시,영유아 및 어린이 (0세~7세),경기 수원시,무료 또는 저렴 (지자체 지원),경기도 수원시 지자체에서 직접 운영하는 공공 육아카페 및 체험센터 [수원시장난감도서관조원점장난감대여]입니다.,https://gyeonggi.childcare.go.kr,family:1.0;baby:1.0;father:1.0;공공키즈카페;아이러브맘카페;수원시,2026-08-22 18:28:42,toddler:1.0;indoor:1.0;public:1.0,1,76
경기도 육아종합지원센터 공공 포털,공공키즈카페,장난감도서관창룡관장난감대여,상시,영유아 및 어린이 (0세~7세),경기 수원시,무료 또는 저렴 (지자체 지원),경기도 수원시 지자체에서 직접 운영하는 공공 육아카페 및 체험센터 [장난감도서관창룡관장난감대여]입니다.,https://gyeonggi.childcare.go.kr,family:1.0;baby:1.0;father:1.0;공공키즈카페;아이러브맘카페;수원시,2026-08-22 18:28:42,toddler:1.0;indoor:1.0;public:1.0,3,93
경기도 육아종합지원센터 공공 포털,공공키즈카페,장난감도서관매교점육아종합지원센터,상시,영유아 및 어린이 (0세~7세),경기 수원시,무료 또는 저렴 (지자체 지원),경기도 수원시 지자체에서 직접 운영하는 공공 육아카페 및 체험센터 [장난감도서관매교점육아종합지원센터]입니다.,https://gyeonggi.childcare.go.kr,family:1.0;baby:1.0;father:1.0;공공키즈카페;아이러브맘카페;수원시,2026-08-22 18:28:42,toddler:1.0;indoor:1.0;public:1.0,1,88
경기도 육아종합지원센터 공공 포털,공공키즈카페,수원시장난감도서관정자점장난감대여,상시,영유아 및 어린이 (0세~7세),경기 수원시,무료 또는 저렴 (지자체 지원),경기도 수원시 지자체에서 직접 운영하는 공공 육아카페 및 체험센터 [수원시장난감도서관정자점장난감대여]입니다.,https://gyeonggi.childcare.go.kr,family:1.0;baby:1.0;father:1.0;공공키즈카페;아이러브맘카페;수원시,2026-08-22 18:28:42,toddler:1.0;indoor:1.0;public:1.0,2,89
경기도 육아종합지원센터 공공 포털,공공키즈카페,4 · 광명시 · 장난감도서관(소하점) · 02,상시,영유아 및 어린이 (0세~7세),경기 성남시,무료 또는 저렴 (지자체 지원),경기도 성남시 지자체에서 직접 운영하는 공공 육아카페 및 체험센터 [4 · 광명시 · 장난감도서관(소하점) · 02]입니다.,https://gyeonggi.childcare.go.kr,family:1.0;baby:1.0;father:1.0;공공키즈카페;아이러브맘카페;성남시,2026-08-22 18:28:42,toddler:1.0;indoor:1.0;public:1.0,1,91
경기도 육아종합지원센터 공공 포털,공공키즈카페,성남시육아종합지원센터www.sneducare.or.kr,상시,영유아 및 어린이 (0세~7세),경기 성남시,무료 또는 저렴 (지자체 지원),경기도 성남시 지자체에서 직접 운영하는 공공 육아카페 및 체험센터 [성남시육아종합지원센터www.sneducare.or.kr]입니다.,https://gyeonggi.childcare.go.kr,family:1.0;baby:1.0;father:1.0;공공키즈카페;아이러브맘카페;성남시,2026-08-22 18:28:42,toddler:1.0;indoor:1.0;public:1.0,1,93
경기도 육아종합지원센터 공공 포털,공공키즈카페,성남시육아종합지원센터,상시,영유아 및 어린이 (0세~7세),경기 성남시,무료 또는 저렴 (지자체 지원),경기도 성남시 지자체에서 직접 운영하는 공공 육아카페 및 체험센터 [성남시육아종합지원센터]입니다.,https://gyeonggi.childcare.go.kr,family:1.0;baby:1.0;father:1.0;공공키즈카페;아이러브맘카페;성남시,2026-08-22 18:28:42,toddler:1.0;indoor:1.0;public:1.0,3,79
경기도 육아종합지원센터 공공 포털,공공키즈카페,성남시 육아종합지원센터장난감도서관 총정리,상시,영유아 및 어린이 (0세~7세),경기 성남시,무료 또는 저렴 (지자체 지원),경기도 성남시 지자체에서 직접 운영하는 공공 육아카페 및 체험센터 [성남시 육아종합지원센터장난감도서관 총정리]입니다.,https://gyeonggi.childcare.go.kr,family:1.0;baby:1.0;father:1.0;공공키즈카페;아이러브맘카페;성남시,2026-08-22 18:28:42,toddler:1.0;indoor:1.0;public:1.0,3,93
경기도 육아종합지원센터 공공 포털,공공키즈카페,성남시육아종합지원센터육아종합지원센터,상시,영유아 및 어린이 (0세~7세),경기 성남시,무료 또는 저렴 (지자체 지원),경기도 성남시 지자체에서 직접 운영하는 공공 육아카페 및 체험센터 [성남시육아종합지원센터육아종합지원센터]입니다.,https://gyeonggi.childcare.go.kr,family:1.0;baby:1.0;father:1.0;공공키즈카페;아이러브맘카페;성남시,2026-08-22 18:28:42,toddler:1.0;indoor:1.0;public:1.0,1,91
경기도 육아종합지원센터 공공 포털,공공키즈카페,판교아이사랑놀이터육아종합지원센터,상시,영유아 및 어린이 (0세~7세),경기 성남시,무료 또는 저렴 (지자체 지원),경기도 성남시 지자체에서 직접 운영하는 공공 육아카페 및 체험센터 [판교아이사랑놀이터육아종합지원센터]입니다.,https://gyeonggi.childcare.go.kr,family:1.0;baby:1.0;father:1.0;공공키즈카페;아이러브맘카페;성남시,2026-08-22 18:28:42,toddler:1.0;indoor:1.0;public:1.0,1,78
경기도 육아종합지원센터 공공 포털,공공키즈카페,양지 아이사랑놀이터육아종합지원센터,상시,영유아 및 어린이 (0세~7세),경기 성남시,무료 또는 저렴 (지자체 지원),경기도 성남시 지자체에서 직접 운영하는 공공 육아카페 및 체험센터 [양지 아이사랑놀이터육아종합지원센터]입니다.,https://gyeonggi.childcare.go.kr,family:1.0;baby:1.0;father:1.0;공공키즈카페;아이러브맘카페;성남시,2026-08-22 18:28:42,toddler:1.0;indoor:1.0;public:1.0,1,77
경기도 육아종합지원센터 공공 포털,공공키즈카페,태평아이사랑놀이터육아종합지원센터,상시,영유아 및 어린이 (0세~7세),경기 성남시,무료 또는 저렴 (지자체 지원),경기도 성남시 지자체에서 직접 운영하는 공공 육아카페 및 체험센터 [태평아이사랑놀이터육아종합지원센터]입니다.,https://gyeonggi.childcare.go.kr,family:1.0;baby:1.0;father:1.0;공공키즈카페;아이러브맘카페;성남시,2026-08-22 18:28:42,toddler:1.0;indoor:1.0;public:1.0,2,84
경기도 육아종합지원센터 공공 포털,공공키즈카페,분당어린이종합지원센터(공사중)육아종합지원센터,상시,영유아 및 어린이 (0세~7세),경기 성남시,무료 또는 저렴 (지자체 지원),경기도 성남시 지자체에서 직접 운영하는 공공 육아카페 및 체험센터 [분당어린이종합지원센터(공사중)육아종합지원센터]입니다.,https://gyeonggi.childcare.go.kr,family:1.0;baby:1.0;father:1.0;공공키즈카페;아이러브맘카페;성남시,2026-08-22 18:28:42,toddler:1.0;indoor:1.0;public:1.0,1,88
경기도 육아종합지원센터 공공 포털,공공키즈카페,금광 아이사랑놀이터육아종합지원센터,상시,영유아 및 어린이 (0세~7세),경기 성남시,무료 또는 저렴 (지자체 지원),경기도 성남시 지자체에서 직접 운영하는 공공 육아카페 및 체험센터 [금광 아이사랑놀이터육아종합지원센터]입니다.,https://gyeonggi.childcare.go.kr,family:1.0;baby:1.0;father:1.0;공공키즈카페;아이러브맘카페;성남시,2026-08-22 18:28:42,toddler:1.0;indoor:1.0;public:1.0,2,89
경기도 육아종합지원센터 공공 포털,공공키즈카페,성남시육아종합지원센터(성남),상시,영유아 및 어린이 (0세~7세),경기 성남시,무료 또는 저렴 (지자체 지원),경기도 성남시 지자체에서 직접 운영하는 공공 육아카페 및 체험센터 [성남시육아종합지원센터(성남)]입니다.,https://gyeonggi.childcare.go.kr,family:1.0;baby:1.0;father:1.0;공공키즈카페;아이러브맘카페;성남시,2026-08-22 18:28:42,toddler:1.0;indoor:1.0;public:1.0,2,92
경기도 육아종합지원센터 공공 포털,공공키즈카페,성남시 육아종합지원센터햇살가득놀이터(공공),상시,영유아 및 어린이 (0세~7세),경기 성남시,무료 또는 저렴 (지자체 지원),경기도 성남시 지자체에서 직접 운영하는 공공 육아카페 및 체험센터 [성남시 육아종합지원센터햇살가득놀이터(공공)]입니다.,https://gyeonggi.childcare.go.kr,family:1.0;baby:1.0;father:1.0;공공키즈카페;아이러브맘카페;성남시,2026-08-22 18:28:42,toddler:1.0;indoor:1.0;public:1.0,3,87
경기도 육아종합지원센터 공공 포털,공공키즈카페,성남시 육아종합지원센터2층 실내놀이시설(공공),상시,영유아 및 어린이 (0세~7세),경기 성남시,무료 또는 저렴 (지자체 지원),경기도 성남시 지자체에서 직접 운영하는 공공 육아카페 및 체험센터 [성남시 육아종합지원센터2층 실내놀이시설(공공)]입니다.,https://gyeonggi.childcare.go.kr,family:1.0;baby:1.0;father:1.0;공공키즈카페;아이러브맘카페;성남시,2026-08-22 18:28:42,toddler:1.0;indoor:1.0;public:1.0,3,95
경기도 육아종합지원센터 공공 포털,공공키즈카페,성남시육아종합지원센터장난감도서관총정리,상시,영유아 및 어린이 (0세~7세),경기 성남시,무료 또는 저렴 (지자체 지원),경기도 성남시 지자체에서 직접 운영하는 공공 육아카페 및 체험센터 [성남시육아종합지원센터장난감도서관총정리]입니다.,https://gyeonggi.childcare.go.kr,family:1.0;baby:1.0;father:1.0;공공키즈카페;아이러브맘카페;성남시,2026-08-22 18:28:42,toddler:1.0;indoor:1.0;public:1.0,3,92
경기도 육아종합지원센터 공공 포털,공공키즈카페,복정대형장난감도서관장난감대여,상시,영유아 및 어린이 (0세~7세),경기 성남시,무료 또는 저렴 (지자체 지원),경기도 성남시 지자체에서 직접 운영하는 공공 육아카페 및 체험센터 [복정대형장난감도서관장난감대여]입니다.,https://gyeonggi.childcare.go.kr,family:1.0;baby:1.0;father:1.0;공공키즈카페;아이러브맘카페;성남시,2026-08-22 18:28:42,toddler:1.0;indoor:1.0;public:1.0,3,82
경기도 육아종합지원센터 공공 포털,공공키즈카페,중앙동대형장난감도서관장난감대여,상시,영유아 및 어린이 (0세~7세),경기 성남시,무료 또는 저렴 (지자체 지원),경기도 성남시 지자체에서 직접 운영하는 공공 육아카페 및 체험센터 [중앙동대형장난감도서관장난감대여]입니다.,https://gyeonggi.childcare.go.kr,family:1.0;baby:1.0;father:1.0;공공키즈카페;아이러브맘카페;성남시,2026-08-22 18:28:42,toddler:1.0;indoor:1.0;public:1.0,3,92
경기도 육아종합지원센터 공공 포털,공공키즈카페,위례아이사랑놀이터육아종합지원센터,상시,영유아 및 어린이 (0세~7세),경기 성남시,무료 또는 저렴 (지자체 지원),경기도 성남시 지자체에서 직접 운영하는 공공 육아카페 및 체험센터 [위례아이사랑놀이터육아종합지원센터]입니다.,https://gyeonggi.childcare.go.kr,family:1.0;baby:1.0;father:1.0;공공키즈카페;아이러브맘카페;성남시,2026-08-22 18:28:42,toddler:1.0;indoor:1.0;public:1.0,2,87
경기도 육아종합지원센터 공공 포털,공공키즈카페,희망장난감도서관중원구점장난감대여,상시,영유아 및 어린이 (0세~7세),경기 성남시,무료 또는 저렴 (지자체 지원),경기도 성남시 지자체에서 직접 운영하는 공공 육아카페 및 체험센터 [희망장난감도서관중원구점장난감대여]입니다.,https://gyeonggi.childcare.go.kr,family:1.0;baby:1.0;father:1.0;공공키즈카페;아이러브맘카페;성남시,2026-08-22 18:28:42,toddler:1.0;indoor:1.0;public:1.0,1,77
경기도 육아종합지원센터 공공 포털,공공키즈카페,신세계희망장난감도서관9호점어린이도서관,상시,영유아 및 어린이 (0세~7세),경기 성남시,무료 또는 저렴 (지자체 지원),경기도 성남시 지자체에서 직접 운영하는 공공 육아카페 및 체험센터 [신세계희망장난감도서관9호점어린이도서관]입니다.,https://gyeonggi.childcare.go.kr,family:1.0;baby:1.0;father:1.0;공공키즈카페;아이러브맘카페;성남시,2026-08-22 18:28:42,toddler:1.0;indoor:1.0;public:1.0,3,75
경기도 육아종합지원센터 공공 포털,공공키즈카페,장난감도서관·경기 성남시· 수정구 복정로96번길 30,상시,영유아 및 어린이 (0세~7세),경기 성남시,무료 또는 저렴 (지자체 지원),경기도 성남시 지자체에서 직접 운영하는 공공 육아카페 및 체험센터 [장난감도서관·경기 성남시· 수정구 복정로96번길 30]입니다.,https://gyeonggi.childcare.go.kr,family:1.0;baby:1.0;father:1.0;공공키즈카페;아이러브맘카페;성남시,2026-08-22 18:28:42,toddler:1.0;indoor:1.0;public:1.0,2,81
경기도 육아종합지원센터 공공 포털,공공키즈카페,4 · 광명시 ·장난감도서관(소하점) · 02,상시,영유아 및 어린이 (0세~7세),경기 성남시,무료 또는 저렴 (지자체 지원),경기도 성남시 지자체에서 직접 운영하는 공공 육아카페 및 체험센터 [4 · 광명시 ·장난감도서관(소하점) · 02]입니다.,https://gyeonggi.childcare.go.kr,family:1.0;baby:1.0;father:1.0;공공키즈카페;아이러브맘카페;성남시,2026-08-22 18:28:42,toddler:1.0;indoor:1.0;public:1.0,3,76
경기도 육아종합지원센터 공공 포털,공공키즈카페,고양시육아종합지원센터기업소개,상시,영유아 및 어린이 (0세~7세),경기 고양시,무료 또는 저렴 (지자체 지원),경기도 고양시 지자체에서 직접 운영하는 공공 육아카페 및 체험센터 [고양시육아종합지원센터기업소개]입니다.,https://gyeonggi.childcare.go.kr,family:1.0;baby:1.0;father:1.0;공공키즈카페;아이러브맘카페;고양시,2026-08-22 18:28:42,toddler:1.0;indoor:1.0;public:1.0,1,87
경기도 육아종합지원센터 공공 포털,공공키즈카페,고양특례시육아종합지원센터육아종합지원센터,상시,영유아 및 어린이 (0세~7세),경기 고양시,무료 또는 저렴 (지자체 지원),경기도 고양시 지자체에서 직접 운영하는 공공 육아카페 및 체험센터 [고양특례시육아종합지원센터육아종합지원센터]입니다.,https://gyeonggi.childcare.go.kr,family:1.0;baby:1.0;father:1.0;공공키즈카페;아이러브맘카페;고양시,2026-08-22 18:28:42,toddler:1.0;indoor:1.0;public:1.0,3,78
경기도 육아종합지원센터 공공 포털,공공키즈카페,고양시 덕은다함께돌봄센터육아종합지원센터,상시,영유아 및 어린이 (0세~7세),경기 고양시,무료 또는 저렴 (지자체 지원),경기도 고양시 지자체에서 직접 운영하는 공공 육아카페 및 체험센터 [고양시 덕은다함께돌봄센터육아종합지원센터]입니다.,https://gyeonggi.childcare.go.kr,family:1.0;baby:1.0;father:1.0;공공키즈카페;아이러브맘카페;고양시,2026-08-22 18:28:42,toddler:1.0;indoor:1.0;public:1.0,2,83
경기도 육아종합지원센터 공공 포털,공공키즈카페,보육행정민원센터육아종합지원센터,상시,영유아 및 어린이 (0세~7세),경기 고양시,무료 또는 저렴 (지자체 지원),경기도 고양시 지자체에서 직접 운영하는 공공 육아카페 및 체험센터 [보육행정민원센터육아종합지원센터]입니다.,https://gyeonggi.childcare.go.kr,family:1.0;baby:1.0;father:1.0;공공키즈카페;아이러브맘카페;고양시,2026-08-22 18:28:42,toddler:1.0;indoor:1.0;public:1.0,1,90
경기도 육아종합지원센터 공공 포털,공공키즈카페,고양시육아종합지원센터아동복지시설,상시,영유아 및 어린이 (0세~7세),경기 고양시,무료 또는 저렴 (지자체 지원),경기도 고양시 지자체에서 직접 운영하는 공공 육아카페 및 체험센터 [고양시육아종합지원센터아동복지시설]입니다.,https://gyeonggi.childcare.go.kr,family:1.0;baby:1.0;father:1.0;공공키즈카페;아이러브맘카페;고양시,2026-08-22 18:28:42,toddler:1.0;indoor:1.0;public:1.0,3,81
경기도 육아종합지원센터 공공 포털,공공키즈카페,"고양시육아종합지원센터사회,복지",상시,영유아 및 어린이 (0세~7세),경기 고양시,무료 또는 저렴 (지자체 지원),"경기도 고양시 지자체에서 직접 운영하는 공공 육아카페 및 체험센터 [고양시육아종합지원센터사회,복지]입니다.",https://gyeonggi.childcare.go.kr,family:1.0;baby:1.0;father:1.0;공공키즈카페;아이러브맘카페;고양시,2026-08-22 18:28:42,toddler:1.0;indoor:1.0;public:1.0,3,83
경기도 육아종합지원센터 공공 포털,공공키즈카페,대화점) 공동육아나눔터,상시,영유아 및 어린이 (0세~7세),경기 고양시,무료 또는 저렴 (지자체 지원),경기도 고양시 지자체에서 직접 운영하는 공공 육아카페 및 체험센터 [대화점) 공동육아나눔터]입니다.,https://gyeonggi.childcare.go.kr,family:1.0;baby:1.0;father:1.0;공공키즈카페;아이러브맘카페;고양시,2026-08-22 18:28:42,toddler:1.0;indoor:1.0;public:1.0,3,76
경기도 육아종합지원센터 공공 포털,공공키즈카페,"고양시건강가정지원센터 공동육아나눔터사회,복지",상시,영유아 및 어린이 (0세~7세),경기 고양시,무료 또는 저렴 (지자체 지원),"경기도 고양시 지자체에서 직접 운영하는 공공 육아카페 및 체험센터 [고양시건강가정지원센터 공동육아나눔터사회,복지]입니다.",https://gyeonggi.childcare.go.kr,family:1.0;baby:1.0;father:1.0;공공키즈카페;아이러브맘카페;고양시,2026-08-22 18:28:42,toddler:1.0;indoor:1.0;public:1.0,3,89
경기도 육아종합지원센터 공공 포털,공공키즈카페,SMU신세계이마트 희망장난감도서관장난감대여,상시,영유아 및 어린이 (0세~7세),경기 고양시,무료 또는 저렴 (지자체 지원),경기도 고양시 지자체에서 직접 운영하는 공공 육아카페 및 체험센터 [SMU신세계이마트 희망장난감도서관장난감대여]입니다.,https://gyeonggi.childcare.go.kr,family:1.0;baby:1.0;father:1.0;공공키즈카페;아이러브맘카페;고양시,2026-08-22 18:28:42,toddler:1.0;indoor:1.0;public:1.0,3,84
경기도 육아종합지원센터 공공 포털,공공키즈카페,신세계이마트 희망장난감도서관은평관아동복지시설,상시,영유아 및 어린이 (0세~7세),경기 고양시,무료 또는 저렴 (지자체 지원),경기도 고양시 지자체에서 직접 운영하는 공공 육아카페 및 체험센터 [신세계이마트 희망장난감도서관은평관아동복지시설]입니다.,https://gyeonggi.childcare.go.kr,family:1.0;baby:1.0;father:1.0;공공키즈카페;아이러브맘카페;고양시,2026-08-22 18:28:42,toddler:1.0;indoor:1.0;public:1.0,2,90
경기도 육아종합지원센터 공공 포털,공공키즈카페,신세계희망장난감도서관운정관어린이도서관,상시,영유아 및 어린이 (0세~7세),경기 고양시,무료 또는 저렴 (지자체 지원),경기도 고양시 지자체에서 직접 운영하는 공공 육아카페 및 체험센터 [신세계희망장난감도서관운정관어린이도서관]입니다.,https://gyeonggi.childcare.go.kr,family:1.0;baby:1.0;father:1.0;공공키즈카페;아이러브맘카페;고양시,2026-08-22 18:28:42,toddler:1.0;indoor:1.0;public:1.0,1,81
경기도 육아종합지원센터 공공 포털,공공키즈카페,옥인장난감도서관장난감대여,상시,영유아 및 어린이 (0세~7세),경기 고양시,무료 또는 저렴 (지자체 지원),경기도 고양시 지자체에서 직접 운영하는 공공 육아카페 및 체험센터 [옥인장난감도서관장난감대여]입니다.,https://gyeonggi.childcare.go.kr,family:1.0;baby:1.0;father:1.0;공공키즈카페;아이러브맘카페;고양시,2026-08-22 18:28:42,toddler:1.0;indoor:1.0;public:1.0,2,79
경기도 육아종합지원센터 공공 포털,공공키즈카페,용인시육아종합지원센터www.yicare.or.kr,상시,영유아 및 어린이 (0세~7세),경기 용인시,무료 또는 저렴 (지자체 지원),경기도 용인시 지자체에서 직접 운영하는 공공 육아카페 및 체험센터 [용인시육아종합지원센터www.yicare.or.kr]입니다.,https://gyeonggi.childcare.go.kr,family:1.0;baby:1.0;father:1.0;공공키즈카페;아이러브맘카페;용인시,2026-08-22 18:28:42,toddler:1.0;indoor:1.0;public:1.0,3,75
경기도 육아종합지원센터 공공 포털,공공키즈카페,용인시육아종합지원센터,상시,영유아 및 어린이 (0세~7세),경기 용인시,무료 또는 저렴 (지자체 지원),경기도 용인시 지자체에서 직접 운영하는 공공 육아카페 및 체험센터 [용인시육아종합지원센터]입니다.,https://gyeonggi.childcare.go.kr,family:1.0;baby:1.0;father:1.0;공공키즈카페;아이러브맘카페;용인시,2026-08-22 18:28:42,toddler:1.0;indoor:1.0;public:1.0,2,80
경기도 육아종합지원센터 공공 포털,공공키즈카페,용인시육아종합지원센터상현점육아종합지원센터,상시,영유아 및 어린이 (0세~7세),경기 용인시,무료 또는 저렴 (지자체 지원),경기도 용인시 지자체에서 직접 운영하는 공공 육아카페 및 체험센터 [용인시육아종합지원센터상현점육아종합지원센터]입니다.,https://gyeonggi.childcare.go.kr,family:1.0;baby:1.0;father:1.0;공공키즈카페;아이러브맘카페;용인시,2026-08-22 18:28:42,toddler:1.0;indoor:1.0;public:1.0,3,95
경기도 육아종합지원센터 공공 포털,공공키즈카페,용인시육아종합지원센터육아종합지원센터,상시,영유아 및 어린이 (0세~7세),경기 용인시,무료 또는 저렴 (지자체 지원),경기도 용인시 지자체에서 직접 운영하는 공공 육아카페 및 체험센터 [용인시육아종합지원센터육아종합지원센터]입니다.,https://gyeonggi.childcare.go.kr,family:1.0;baby:1.0;father:1.0;공공키즈카페;아이러브맘카페;용인시,2026-08-22 18:28:42,toddler:1.0;indoor:1.0;public:1.0,3,75
경기도 육아종합지원센터 공공 포털,공공키즈카페,용인시육아종합지원센터구갈점육아종합지원센터,상시,영유아 및 어린이 (0세~7세),경기 용인시,무료 또는 저렴 (지자체 지원),경기도 용인시 지자체에서 직접 운영하는 공공 육아카페 및 체험센터 [용인시육아종합지원센터구갈점육아종합지원센터]입니다.,https://gyeonggi.childcare.go.kr,family:1.0;baby:1.0;father:1.0;공공키즈카페;아이러브맘카페;용인시,2026-08-22 18:28:42,toddler:1.0;indoor:1.0;public:1.0,1,84
경기도 육아종합지원센터 공공 포털,공공키즈카페,용인시육아종합지원센터보정점육아종합지원센터,상시,영유아 및 어린이 (0세~7세),경기 용인시,무료 또는 저렴 (지자체 지원),경기도 용인시 지자체에서 직접 운영하는 공공 육아카페 및 체험센터 [용인시육아종합지원센터보정점육아종합지원센터]입니다.,https://gyeonggi.childcare.go.kr,family:1.0;baby:1.0;father:1.0;공공키즈카페;아이러브맘카페;용인시,2026-08-22 18:28:42,toddler:1.0;indoor:1.0;public:1.0,1,90
경기도 육아종합지원센터 공공 포털,공공키즈카페,용인시육아종합지원센터상상의숲점육아종합지원센터,상시,영유아 및 어린이 (0세~7세),경기 용인시,무료 또는 저렴 (지자체 지원),경기도 용인시 지자체에서 직접 운영하는 공공 육아카페 및 체험센터 [용인시육아종합지원센터상상의숲점육아종합지원센터]입니다.,https://gyeonggi.childcare.go.kr,family:1.0;baby:1.0;father:1.0;공공키즈카페;아이러브맘카페;용인시,2026-08-22 18:28:42,toddler:1.0;indoor:1.0;public:1.0,1,91
경기도 육아종합지원센터 공공 포털,공공키즈카페,용인육아종합지원센터보정점,상시,영유아 및 어린이 (0세~7세),경기 용인시,무료 또는 저렴 (지자체 지원),경기도 용인시 지자체에서 직접 운영하는 공공 육아카페 및 체험센터 [용인육아종합지원센터보정점]입니다.,https://gyeonggi.childcare.go.kr,family:1.0;baby:1.0;father:1.0;공공키즈카페;아이러브맘카페;용인시,2026-08-22 18:28:42,toddler:1.0;indoor:1.0;public:1.0,2,92
경기도 육아종합지원센터 공공 포털,공공키즈카페,kr용인시 장난감도서관상현점 ● ● (031)217,상시,영유아 및 어린이 (0세~7세),경기 용인시,무료 또는 저렴 (지자체 지원),경기도 용인시 지자체에서 직접 운영하는 공공 육아카페 및 체험센터 [kr용인시 장난감도서관상현점 ● ● (031)217]입니다.,https://gyeonggi.childcare.go.kr,family:1.0;baby:1.0;father:1.0;공공키즈카페;아이러브맘카페;용인시,2026-08-22 18:28:42,toddler:1.0;indoor:1.0;public:1.0,1,88
경기도 육아종합지원센터 공공 포털,공공키즈카페,용인시육아종합지원센터 상현점육아종합지원센터,상시,영유아 및 어린이 (0세~7세),경기 용인시,무료 또는 저렴 (지자체 지원),경기도 용인시 지자체에서 직접 운영하는 공공 육아카페 및 체험센터 [용인시육아종합지원센터 상현점육아종합지원센터]입니다.,https://gyeonggi.childcare.go.kr,family:1.0;baby:1.0;father:1.0;공공키즈카페;아이러브맘카페;용인시,2026-08-22 18:28:42,toddler:1.0;indoor:1.0;public:1.0,2,80
경기도 육아종합지원센터 공공 포털,공공키즈카페,용인시육아종합지원센터 구갈점육아종합지원센터,상시,영유아 및 어린이 (0세~7세),경기 용인시,무료 또는 저렴 (지자체 지원),경기도 용인시 지자체에서 직접 운영하는 공공 육아카페 및 체험센터 [용인시육아종합지원센터 구갈점육아종합지원센터]입니다.,https://gyeonggi.childcare.go.kr,family:1.0;baby:1.0;father:1.0;공공키즈카페;아이러브맘카페;용인시,2026-08-22 18:28:42,toddler:1.0;indoor:1.0;public:1.0,1,91
경기도 육아종합지원센터 공공 포털,공공키즈카페,용인시육아종합지원센터 상상의숲점육아종합지원센터,상시,영유아 및 어린이 (0세~7세),경기 용인시,무료 또는 저렴 (지자체 지원),경기도 용인시 지자체에서 직접 운영하는 공공 육아카페 및 체험센터 [용인시육아종합지원센터 상상의숲점육아종합지원센터]입니다.,https://gyeonggi.childcare.go.kr,family:1.0;baby:1.0;father:1.0;공공키즈카페;아이러브맘카페;용인시,2026-08-22 18:28:42,toddler:1.0;indoor:1.0;public:1.0,1,87
경기도 육아종합지원센터 공공 포털,공공키즈카페,부천시육아종합지원센터www.bucheoni.or.kr,상시,영유아 및 어린이 (0세~7세),경기 부천시,무료 또는 저렴 (지자체 지원),경기도 부천시 지자체에서 직접 운영하는 공공 육아카페 및 체험센터 [부천시육아종합지원센터www.bucheoni.or.kr]입니다.,https://gyeonggi.childcare.go.kr,family:1.0;baby:1.0;father:1.0;공공키즈카페;아이러브맘카페;부천시,2026-08-22 18:28:42,toddler:1.0;indoor:1.0;public:1.0,3,86
경기도 육아종합지원센터 공공 포털,공공키즈카페,부천시육아종합지원센터,상시,영유아 및 어린이 (0세~7세),경기 부천시,무료 또는 저렴 (지자체 지원),경기도 부천시 지자체에서 직접 운영하는 공공 육아카페 및 체험센터 [부천시육아종합지원센터]입니다.,https://gyeonggi.childcare.go.kr,family:1.0;baby:1.0;father:1.0;공공키즈카페;아이러브맘카페;부천시,2026-08-22 18:28:42,toddler:1.0;indoor:1.0;public:1.0,1,85
경기도 육아종합지원센터 공공 포털,공공키즈카페,부천시육아종합지원센터육아종합지원센터,상시,영유아 및 어린이 (0세~7세),경기 부천시,무료 또는 저렴 (지자체 지원),경기도 부천시 지자체에서 직접 운영하는 공공 육아카페 및 체험센터 [부천시육아종합지원센터육아종합지원센터]입니다.,https://gyeonggi.childcare.go.kr,family:1.0;baby:1.0;father:1.0;공공키즈카페;아이러브맘카페;부천시,2026-08-22 18:28:42,toddler:1.0;indoor:1.0;public:1.0,1,89
경기도 육아종합지원센터 공공 포털,공공키즈카페,강서장난감도서관공동육아방 2호점육아종합지원센터,상시,영유아 및 어린이 (0세~7세),경기 부천시,무료 또는 저렴 (지자체 지원),경기도 부천시 지자체에서 직접 운영하는 공공 육아카페 및 체험센터 [강서장난감도서관공동육아방 2호점육아종합지원센터]입니다.,https://gyeonggi.childcare.go.kr,family:1.0;baby:1.0;father:1.0;공공키즈카페;아이러브맘카페;부천시,2026-08-22 18:28:42,toddler:1.0;indoor:1.0;public:1.0,3,94
경기도 육아종합지원센터 공공 포털,공공키즈카페,강서장난감도서관공동육아방1호점아동복지시설,상시,영유아 및 어린이 (0세~7세),경기 부천시,무료 또는 저렴 (지자체 지원),경기도 부천시 지자체에서 직접 운영하는 공공 육아카페 및 체험센터 [강서장난감도서관공동육아방1호점아동복지시설]입니다.,https://gyeonggi.childcare.go.kr,family:1.0;baby:1.0;father:1.0;공공키즈카페;아이러브맘카페;부천시,2026-08-22 18:28:42,toddler:1.0;indoor:1.0;public:1.0,3,87
경기도 육아종합지원센터 공공 포털,공공키즈카페,유아장난감도서관관리기간제근로 채용공고.hwp,상시,영유아 및 어린이 (0세~7세),경기 부천시,무료 또는 저렴 (지자체 지원),경기도 부천시 지자체에서 직접 운영하는 공공 육아카페 및 체험센터 [유아장난감도서관관리기간제근로 채용공고.hwp]입니다.,https://gyeonggi.childcare.go.kr,family:1.0;baby:1.0;father:1.0;공공키즈카페;아이러브맘카페;부천시,2026-08-22 18:28:42,toddler:1.0;indoor:1.0;public:1.0,1,93
경기도 육아종합지원센터 공공 포털,공공키즈카페,화성형아이키움터 향남2호점육아종합지원센터,상시,영유아 및 어린이 (0세~7세),경기 안산시,무료 또는 저렴 (지자체 지원),경기도 안산시 지자체에서 직접 운영하는 공공 육아카페 및 체험센터 [화성형아이키움터 향남2호점육아종합지원센터]입니다.,https://gyeonggi.childcare.go.kr,family:1.0;baby:1.0;father:1.0;공공키즈카페;아이러브맘카페;안산시,2026-08-22 18:28:42,toddler:1.0;indoor:1.0;public:1.0,2,86
경기도 육아종합지원센터 공공 포털,공공키즈카페,안산시육아종합지원센터www.ansanbo6.or.kr,상시,영유아 및 어린이 (0세~7세),경기 안산시,무료 또는 저렴 (지자체 지원),경기도 안산시 지자체에서 직접 운영하는 공공 육아카페 및 체험센터 [안산시육아종합지원센터www.ansanbo6.or.kr]입니다.,https://gyeonggi.childcare.go.kr,family:1.0;baby:1.0;father:1.0;공공키즈카페;아이러브맘카페;안산시,2026-08-22 18:28:42,toddler:1.0;indoor:1.0;public:1.0,2,76
경기도 육아종합지원센터 공공 포털,공공키즈카페,안산시육아종합지원센터,상시,영유아 및 어린이 (0세~7세),경기 안산시,무료 또는 저렴 (지자체 지원),경기도 안산시 지자체에서 직접 운영하는 공공 육아카페 및 체험센터 [안산시육아종합지원센터]입니다.,https://gyeonggi.childcare.go.kr,family:1.0;baby:1.0;father:1.0;공공키즈카페;아이러브맘카페;안산시,2026-08-22 18:28:42,toddler:1.0;indoor:1.0;public:1.0,2,90
경기도 육아종합지원센터 공공 포털,공공키즈카페,안산시육아종합지원센터육아종합지원센터,상시,영유아 및 어린이 (0세~7세),경기 안산시,무료 또는 저렴 (지자체 지원),경기도 안산시 지자체에서 직접 운영하는 공공 육아카페 및 체험센터 [안산시육아종합지원센터육아종합지원센터]입니다.,https://gyeonggi.childcare.go.kr,family:1.0;baby:1.0;father:1.0;공공키즈카페;아이러브맘카페;안산시,2026-08-22 18:28:42,toddler:1.0;indoor:1.0;public:1.0,3,88
경기도 육아종합지원센터 공공 포털,공공키즈카페,본오아이사랑놀이터육아종합지원센터,상시,영유아 및 어린이 (0세~7세),경기 안산시,무료 또는 저렴 (지자체 지원),경기도 안산시 지자체에서 직접 운영하는 공공 육아카페 및 체험센터 [본오아이사랑놀이터육아종합지원센터]입니다.,https://gyeonggi.childcare.go.kr,family:1.0;baby:1.0;father:1.0;공공키즈카페;아이러브맘카페;안산시,2026-08-22 18:28:42,toddler:1.0;indoor:1.0;public:1.0,3,85
경기도 육아종합지원센터 공공 포털,공공키즈카페,월피아이사랑놀이터육아종합지원센터,상시,영유아 및 어린이 (0세~7세),경기 안산시,무료 또는 저렴 (지자체 지원),경기도 안산시 지자체에서 직접 운영하는 공공 육아카페 및 체험센터 [월피아이사랑놀이터육아종합지원센터]입니다.,https://gyeonggi.childcare.go.kr,family:1.0;baby:1.0;father:1.0;공공키즈카페;아이러브맘카페;안산시,2026-08-22 18:28:42,toddler:1.0;indoor:1.0;public:1.0,1,90
경기도 육아종합지원센터 공공 포털,공공키즈카페,군포시육아종합지원센터육아종합지원센터,상시,영유아 및 어린이 (0세~7세),경기 안산시,무료 또는 저렴 (지자체 지원),경기도 안산시 지자체에서 직접 운영하는 공공 육아카페 및 체험센터 [군포시육아종합지원센터육아종합지원센터]입니다.,https://gyeonggi.childcare.go.kr,family:1.0;baby:1.0;father:1.0;공공키즈카페;아이러브맘카페;안산시,2026-08-22 18:28:42,toddler:1.0;indoor:1.0;public:1.0,1,75
경기도 육아종합지원센터 공공 포털,공공키즈카페,시흥시육아종합지원센터육아종합지원센터,상시,영유아 및 어린이 (0세~7세),경기 안산시,무료 또는 저렴 (지자체 지원),경기도 안산시 지자체에서 직접 운영하는 공공 육아카페 및 체험센터 [시흥시육아종합지원센터육아종합지원센터]입니다.,https://gyeonggi.childcare.go.kr,family:1.0;baby:1.0;father:1.0;공공키즈카페;아이러브맘카페;안산시,2026-08-22 18:28:42,toddler:1.0;indoor:1.0;public:1.0,2,89
경기도 육아종합지원센터 공공 포털,공공키즈카페,안양시육아종합지원센터육아종합지원센터,상시,영유아 및 어린이 (0세~7세),경기 안산시,무료 또는 저렴 (지자체 지원),경기도 안산시 지자체에서 직접 운영하는 공공 육아카페 및 체험센터 [안양시육아종합지원센터육아종합지원센터]입니다.,https://gyeonggi.childcare.go.kr,family:1.0;baby:1.0;father:1.0;공공키즈카페;아이러브맘카페;안산시,2026-08-22 18:28:42,toddler:1.0;indoor:1.0;public:1.0,1,75
경기도 육아종합지원센터 공공 포털,공공키즈카페,희망장난감도서관안산점장난감대여,상시,영유아 및 어린이 (0세~7세),경기 안산시,무료 또는 저렴 (지자체 지원),경기도 안산시 지자체에서 직접 운영하는 공공 육아카페 및 체험센터 [희망장난감도서관안산점장난감대여]입니다.,https://gyeonggi.childcare.go.kr,family:1.0;baby:1.0;father:1.0;공공키즈카페;아이러브맘카페;안산시,2026-08-22 18:28:42,toddler:1.0;indoor:1.0;public:1.0,1,80
경기도 육아종합지원센터 공공 포털,공공키즈카페,맘쓰허그안산시 장난감도서관장난감대여,상시,영유아 및 어린이 (0세~7세),경기 안산시,무료 또는 저렴 (지자체 지원),경기도 안산시 지자체에서 직접 운영하는 공공 육아카페 및 체험센터 [맘쓰허그안산시 장난감도서관장난감대여]입니다.,https://gyeonggi.childcare.go.kr,family:1.0;baby:1.0;father:1.0;공공키즈카페;아이러브맘카페;안산시,2026-08-22 18:28:42,toddler:1.0;indoor:1.0;public:1.0,1,78
경기도 육아종합지원센터 공공 포털,공공키즈카페,군포장난감도서관산본점장난감대여,상시,영유아 및 어린이 (0세~7세),경기 안산시,무료 또는 저렴 (지자체 지원),경기도 안산시 지자체에서 직접 운영하는 공공 육아카페 및 체험센터 [군포장난감도서관산본점장난감대여]입니다.,https://gyeonggi.childcare.go.kr,family:1.0;baby:1.0;father:1.0;공공키즈카페;아이러브맘카페;안산시,2026-08-22 18:28:42,toddler:1.0;indoor:1.0;public:1.0,3,92
경기도 육아종합지원센터 공공 포털,공공키즈카페,군포시장난감도서관가족센터점장난감대여,상시,영유아 및 어린이 (0세~7세),경기 안산시,무료 또는 저렴 (지자체 지원),경기도 안산시 지자체에서 직접 운영하는 공공 육아카페 및 체험센터 [군포시장난감도서관가족센터점장난감대여]입니다.,https://gyeonggi.childcare.go.kr,family:1.0;baby:1.0;father:1.0;공공키즈카페;아이러브맘카페;안산시,2026-08-22 18:28:42,toddler:1.0;indoor:1.0;public:1.0,2,90
경기도 육아종합지원센터 공공 포털,공공키즈카페,안양시육아종합지원센터,상시,영유아 및 어린이 (0세~7세),경기 안양시,무료 또는 저렴 (지자체 지원),경기도 안양시 지자체에서 직접 운영하는 공공 육아카페 및 체험센터 [안양시육아종합지원센터]입니다.,https://gyeonggi.childcare.go.kr,family:1.0;baby:1.0;father:1.0;공공키즈카페;아이러브맘카페;안양시,2026-08-22 18:28:42,toddler:1.0;indoor:1.0;public:1.0,2,90
경기도 육아종합지원센터 공공 포털,공공키즈카페,과천시육아종합지원센터육아종합지원센터,상시,영유아 및 어린이 (0세~7세),경기 안양시,무료 또는 저렴 (지자체 지원),경기도 안양시 지자체에서 직접 운영하는 공공 육아카페 및 체험센터 [과천시육아종합지원센터육아종합지원센터]입니다.,https://gyeonggi.childcare.go.kr,family:1.0;baby:1.0;father:1.0;공공키즈카페;아이러브맘카페;안양시,2026-08-22 18:28:42,toddler:1.0;indoor:1.0;public:1.0,2,88
경기도 육아종합지원센터 공공 포털,공공키즈카페,광명시육아종합지원센터육아종합지원센터,상시,영유아 및 어린이 (0세~7세),경기 안양시,무료 또는 저렴 (지자체 지원),경기도 안양시 지자체에서 직접 운영하는 공공 육아카페 및 체험센터 [광명시육아종합지원센터육아종합지원센터]입니다.,https://gyeonggi.childcare.go.kr,family:1.0;baby:1.0;father:1.0;공공키즈카페;아이러브맘카페;안양시,2026-08-22 18:28:42,toddler:1.0;indoor:1.0;public:1.0,3,88
경기도 육아종합지원센터 공공 포털,공공키즈카페,희망장난감도서관안양관양점장난감대여,상시,영유아 및 어린이 (0세~7세),경기 안양시,무료 또는 저렴 (지자체 지원),경기도 안양시 지자체에서 직접 운영하는 공공 육아카페 및 체험센터 [희망장난감도서관안양관양점장난감대여]입니다.,https://gyeonggi.childcare.go.kr,family:1.0;baby:1.0;father:1.0;공공키즈카페;아이러브맘카페;안양시,2026-08-22 18:28:42,toddler:1.0;indoor:1.0;public:1.0,3,87
경기도 육아종합지원센터 공공 포털,공공키즈카페,광명시육아종합지원센터장난감도서관소하점장난감대여,상시,영유아 및 어린이 (0세~7세),경기 안양시,무료 또는 저렴 (지자체 지원),경기도 안양시 지자체에서 직접 운영하는 공공 육아카페 및 체험센터 [광명시육아종합지원센터장난감도서관소하점장난감대여]입니다.,https://gyeonggi.childcare.go.kr,family:1.0;baby:1.0;father:1.0;공공키즈카페;아이러브맘카페;안양시,2026-08-22 18:28:42,toddler:1.0;indoor:1.0;public:1.0,3,76
경기도 육아종합지원센터 공공 포털,공공키즈카페,신세계이마트 희망장난감도서관하안관장난감대여,상시,영유아 및 어린이 (0세~7세),경기 안양시,무료 또는 저렴 (지자체 지원),경기도 안양시 지자체에서 직접 운영하는 공공 육아카페 및 체험센터 [신세계이마트 희망장난감도서관하안관장난감대여]입니다.,https://gyeonggi.childcare.go.kr,family:1.0;baby:1.0;father:1.0;공공키즈카페;아이러브맘카페;안양시,2026-08-22 18:28:42,toddler:1.0;indoor:1.0;public:1.0,3,91
경기도 육아종합지원센터 공공 포털,공공키즈카페,장난감도서관청계점육아종합지원센터,상시,영유아 및 어린이 (0세~7세),경기 안양시,무료 또는 저렴 (지자체 지원),경기도 안양시 지자체에서 직접 운영하는 공공 육아카페 및 체험센터 [장난감도서관청계점육아종합지원센터]입니다.,https://gyeonggi.childcare.go.kr,family:1.0;baby:1.0;father:1.0;공공키즈카페;아이러브맘카페;안양시,2026-08-22 18:28:42,toddler:1.0;indoor:1.0;public:1.0,2,84
경기도 육아종합지원센터 공공 포털,공공키즈카페,장난감도서관청계점,상시,영유아 및 어린이 (0세~7세),경기 안양시,무료 또는 저렴 (지자체 지원),경기도 안양시 지자체에서 직접 운영하는 공공 육아카페 및 체험센터 [장난감도서관청계점]입니다.,https://gyeonggi.childcare.go.kr,family:1.0;baby:1.0;father:1.0;공공키즈카페;아이러브맘카페;안양시,2026-08-22 18:28:42,toddler:1.0;indoor:1.0;public:1.0,1,94
경기도 육아종합지원센터 공공 포털,공공키즈카페,남양주시육아종합지원센터nuture.nyjscc.kr,상시,영유아 및 어린이 (0세~7세),경기 남양주시,무료 또는 저렴 (지자체 지원),경기도 남양주시 지자체에서 직접 운영하는 공공 육아카페 및 체험센터 [남양주시육아종합지원센터nuture.nyjscc.kr]입니다.,https://gyeonggi.childcare.go.kr,family:1.0;baby:1.0;father:1.0;공공키즈카페;아이러브맘카페;남양주시,2026-08-22 18:28:42,toddler:1.0;indoor:1.0;public:1.0,2,94
경기도 육아종합지원센터 공공 포털,공공키즈카페,남양주시육아종합지원센터,상시,영유아 및 어린이 (0세~7세),경기 남양주시,무료 또는 저렴 (지자체 지원),경기도 남양주시 지자체에서 직접 운영하는 공공 육아카페 및 체험센터 [남양주시육아종합지원센터]입니다.,https://gyeonggi.childcare.go.kr,family:1.0;baby:1.0;father:1.0;공공키즈카페;아이러브맘카페;남양주시,2026-08-22 18:28:42,toddler:1.0;indoor:1.0;public:1.0,2,86
경기도 육아종합지원센터 공공 포털,공공키즈카페,남양주다산장난감도서관육아종합지원센터,상시,영유아 및 어린이 (0세~7세),경기 남양주시,무료 또는 저렴 (지자체 지원),경기도 남양주시 지자체에서 직접 운영하는 공공 육아카페 및 체험센터 [남양주다산장난감도서관육아종합지원센터]입니다.,https://gyeonggi.childcare.go.kr,family:1.0;baby:1.0;father:1.0;공공키즈카페;아이러브맘카페;남양주시,2026-08-22 18:28:42,toddler:1.0;indoor:1.0;public:1.0,3,94
경기도 육아종합지원센터 공공 포털,공공키즈카페,남양주별내장난감도서관육아종합지원센터,상시,영유아 및 어린이 (0세~7세),경기 남양주시,무료 또는 저렴 (지자체 지원),경기도 남양주시 지자체에서 직접 운영하는 공공 육아카페 및 체험센터 [남양주별내장난감도서관육아종합지원센터]입니다.,https://gyeonggi.childcare.go.kr,family:1.0;baby:1.0;father:1.0;공공키즈카페;아이러브맘카페;남양주시,2026-08-22 18:28:42,toddler:1.0;indoor:1.0;public:1.0,1,87
경기도 육아종합지원센터 공공 포털,공공키즈카페,남양주시육아종합지원센터육아종합지원센터,상시,영유아 및 어린이 (0세~7세),경기 남양주시,무료 또는 저렴 (지자체 지원),경기도 남양주시 지자체에서 직접 운영하는 공공 육아카페 및 체험센터 [남양주시육아종합지원센터육아종합지원센터]입니다.,https://gyeonggi.childcare.go.kr,family:1.0;baby:1.0;father:1.0;공공키즈카페;아이러브맘카페;남양주시,2026-08-22 18:28:42,toddler:1.0;indoor:1.0;public:1.0,1,92
경기도 육아종합지원센터 공공 포털,공공키즈카페,남양주진접장난감도서관육아종합지원센터,상시,영유아 및 어린이 (0세~7세),경기 남양주시,무료 또는 저렴 (지자체 지원),경기도 남양주시 지자체에서 직접 운영하는 공공 육아카페 및 체험센터 [남양주진접장난감도서관육아종합지원센터]입니다.,https://gyeonggi.childcare.go.kr,family:1.0;baby:1.0;father:1.0;공공키즈카페;아이러브맘카페;남양주시,2026-08-22 18:28:42,toddler:1.0;indoor:1.0;public:1.0,2,84
경기도 육아종합지원센터 공공 포털,공공키즈카페,와부아이꿈놀이터육아종합지원센터,상시,영유아 및 어린이 (0세~7세),경기 남양주시,무료 또는 저렴 (지자체 지원),경기도 남양주시 지자체에서 직접 운영하는 공공 육아카페 및 체험센터 [와부아이꿈놀이터육아종합지원센터]입니다.,https://gyeonggi.childcare.go.kr,family:1.0;baby:1.0;father:1.0;공공키즈카페;아이러브맘카페;남양주시,2026-08-22 18:28:42,toddler:1.0;indoor:1.0;public:1.0,3,80
경기도 육아종합지원센터 공공 포털,공공키즈카페,장난감도서관 화도점육아종합지원센터,상시,영유아 및 어린이 (0세~7세),경기 남양주시,무료 또는 저렴 (지자체 지원),경기도 남양주시 지자체에서 직접 운영하는 공공 육아카페 및 체험센터 [장난감도서관 화도점육아종합지원센터]입니다.,https://gyeonggi.childcare.go.kr,family:1.0;baby:1.0;father:1.0;공공키즈카페;아이러브맘카페;남양주시,2026-08-22 18:28:42,toddler:1.0;indoor:1.0;public:1.0,1,76
경기도 육아종합지원센터 공공 포털,공공키즈카페,경기도 남양주시 장난감도서관,상시,영유아 및 어린이 (0세~7세),경기 남양주시,무료 또는 저렴 (지자체 지원),경기도 남양주시 지자체에서 직접 운영하는 공공 육아카페 및 체험센터 [경기도 남양주시 장난감도서관]입니다.,https://gyeonggi.childcare.go.kr,family:1.0;baby:1.0;father:1.0;공공키즈카페;아이러브맘카페;남양주시,2026-08-22 18:28:42,toddler:1.0;indoor:1.0;public:1.0,2,95
경기도 육아종합지원센터 공공 포털,공공키즈카페,남양주호평장난감도서관어린이도서관,상시,영유아 및 어린이 (0세~7세),경기 남양주시,무료 또는 저렴 (지자체 지원),경기도 남양주시 지자체에서 직접 운영하는 공공 육아카페 및 체험센터 [남양주호평장난감도서관어린이도서관]입니다.,https://gyeonggi.childcare.go.kr,family:1.0;baby:1.0;father:1.0;공공키즈카페;아이러브맘카페;남양주시,2026-08-22 18:28:42,toddler:1.0;indoor:1.0;public:1.0,2,94
경기도 육아종합지원센터 공공 포털,공공키즈카페,장난감도서관화도점육아종합지원센터,상시,영유아 및 어린이 (0세~7세),경기 남양주시,무료 또는 저렴 (지자체 지원),경기도 남양주시 지자체에서 직접 운영하는 공공 육아카페 및 체험센터 [장난감도서관화도점육아종합지원센터]입니다.,https://gyeonggi.childcare.go.kr,family:1.0;baby:1.0;father:1.0;공공키즈카페;아이러브맘카페;남양주시,2026-08-22 18:28:42,toddler:1.0;indoor:1.0;public:1.0,3,80
경기도 육아종합지원센터 공공 포털,공공키즈카페,하늘소장난감도서관|경기도남양주시가운동 668,상시,영유아 및 어린이 (0세~7세),경기 남양주시,무료 또는 저렴 (지자체 지원),경기도 남양주시 지자체에서 직접 운영하는 공공 육아카페 및 체험센터 [하늘소장난감도서관|경기도남양주시가운동 668]입니다.,https://gyeonggi.childcare.go.kr,family:1.0;baby:1.0;father:1.0;공공키즈카페;아이러브맘카페;남양주시,2026-08-22 18:28:42,toddler:1.0;indoor:1.0;public:1.0,2,79
경기도 육아종합지원센터 공공 포털,공공키즈카페,allthatcompany.com›화성시육아종합지원센터,상시,영유아 및 어린이 (0세~7세),경기 화성시,무료 또는 저렴 (지자체 지원),경기도 화성시 지자체에서 직접 운영하는 공공 육아카페 및 체험센터 [allthatcompany.com›화성시육아종합지원센터]입니다.,https://gyeonggi.childcare.go.kr,family:1.0;baby:1.0;father:1.0;공공키즈카페;아이러브맘카페;화성시,2026-08-22 18:28:42,toddler:1.0;indoor:1.0;public:1.0,2,94
경기도 육아종합지원센터 공공 포털,공공키즈카페,화성시육아종합지원센터,상시,영유아 및 어린이 (0세~7세),경기 화성시,무료 또는 저렴 (지자체 지원),경기도 화성시 지자체에서 직접 운영하는 공공 육아카페 및 체험센터 [화성시육아종합지원센터]입니다.,https://gyeonggi.childcare.go.kr,family:1.0;baby:1.0;father:1.0;공공키즈카페;아이러브맘카페;화성시,2026-08-22 18:28:42,toddler:1.0;indoor:1.0;public:1.0,2,75
경기도 육아종합지원센터 공공 포털,공공키즈카페,화성시육아종합지원센터 (화성시),상시,영유아 및 어린이 (0세~7세),경기 화성시,무료 또는 저렴 (지자체 지원),경기도 화성시 지자체에서 직접 운영하는 공공 육아카페 및 체험센터 [화성시육아종합지원센터 (화성시)]입니다.,https://gyeonggi.childcare.go.kr,family:1.0;baby:1.0;father:1.0;공공키즈카페;아이러브맘카페;화성시,2026-08-22 18:28:42,toddler:1.0;indoor:1.0;public:1.0,2,88
경기도 육아종합지원센터 공공 포털,공공키즈카페,화성형 아이키움터 반송점육아종합지원센터,상시,영유아 및 어린이 (0세~7세),경기 화성시,무료 또는 저렴 (지자체 지원),경기도 화성시 지자체에서 직접 운영하는 공공 육아카페 및 체험센터 [화성형 아이키움터 반송점육아종합지원센터]입니다.,https://gyeonggi.childcare.go.kr,family:1.0;baby:1.0;father:1.0;공공키즈카페;아이러브맘카페;화성시,2026-08-22 18:28:42,toddler:1.0;indoor:1.0;public:1.0,3,82
경기도 육아종합지원센터 공공 포털,공공키즈카페,화성형아이키움터 봉담점육아종합지원센터,상시,영유아 및 어린이 (0세~7세),경기 화성시,무료 또는 저렴 (지자체 지원),경기도 화성시 지자체에서 직접 운영하는 공공 육아카페 및 체험센터 [화성형아이키움터 봉담점육아종합지원센터]입니다.,https://gyeonggi.childcare.go.kr,family:1.0;baby:1.0;father:1.0;공공키즈카페;아이러브맘카페;화성시,2026-08-22 18:28:42,toddler:1.0;indoor:1.0;public:1.0,2,88
경기도 육아종합지원센터 공공 포털,공공키즈카페,화성형 아이키움터 영천1호점육아종합지원센터,상시,영유아 및 어린이 (0세~7세),경기 화성시,무료 또는 저렴 (지자체 지원),경기도 화성시 지자체에서 직접 운영하는 공공 육아카페 및 체험센터 [화성형 아이키움터 영천1호점육아종합지원센터]입니다.,https://gyeonggi.childcare.go.kr,family:1.0;baby:1.0;father:1.0;공공키즈카페;아이러브맘카페;화성시,2026-08-22 18:28:42,toddler:1.0;indoor:1.0;public:1.0,3,75
경기도 육아종합지원센터 공공 포털,공공키즈카페,화성형 아이키움터 영천2호점육아종합지원센터,상시,영유아 및 어린이 (0세~7세),경기 화성시,무료 또는 저렴 (지자체 지원),경기도 화성시 지자체에서 직접 운영하는 공공 육아카페 및 체험센터 [화성형 아이키움터 영천2호점육아종합지원센터]입니다.,https://gyeonggi.childcare.go.kr,family:1.0;baby:1.0;father:1.0;공공키즈카페;아이러브맘카페;화성시,2026-08-22 18:28:42,toddler:1.0;indoor:1.0;public:1.0,3,84
경기도 육아종합지원센터 공공 포털,공공키즈카페,아이키움센터육아종합지원센터,상시,영유아 및 어린이 (0세~7세),경기 화성시,무료 또는 저렴 (지자체 지원),경기도 화성시 지자체에서 직접 운영하는 공공 육아카페 및 체험센터 [아이키움센터육아종합지원센터]입니다.,https://gyeonggi.childcare.go.kr,family:1.0;baby:1.0;father:1.0;공공키즈카페;아이러브맘카페;화성시,2026-08-22 18:28:42,toddler:1.0;indoor:1.0;public:1.0,3,85
경기도 육아종합지원센터 공공 포털,공공키즈카페,화성형 아이키움터 남양점육아종합지원센터,상시,영유아 및 어린이 (0세~7세),경기 화성시,무료 또는 저렴 (지자체 지원),경기도 화성시 지자체에서 직접 운영하는 공공 육아카페 및 체험센터 [화성형 아이키움터 남양점육아종합지원센터]입니다.,https://gyeonggi.childcare.go.kr,family:1.0;baby:1.0;father:1.0;공공키즈카페;아이러브맘카페;화성시,2026-08-22 18:28:42,toddler:1.0;indoor:1.0;public:1.0,3,88
경기도 육아종합지원센터 공공 포털,공공키즈카페,화성시 육아종합지원센터(화성시),상시,영유아 및 어린이 (0세~7세),경기 화성시,무료 또는 저렴 (지자체 지원),경기도 화성시 지자체에서 직접 운영하는 공공 육아카페 및 체험센터 [화성시 육아종합지원센터(화성시)]입니다.,https://gyeonggi.childcare.go.kr,family:1.0;baby:1.0;father:1.0;공공키즈카페;아이러브맘카페;화성시,2026-08-22 18:28:42,toddler:1.0;indoor:1.0;public:1.0,2,92
경기도 육아종합지원센터 공공 포털,공공키즈카페,신세계이마트희망장난감도서관동탄관어린이도서관,상시,영유아 및 어린이 (0세~7세),경기 화성시,무료 또는 저렴 (지자체 지원),경기도 화성시 지자체에서 직접 운영하는 공공 육아카페 및 체험센터 [신세계이마트희망장난감도서관동탄관어린이도서관]입니다.,https://gyeonggi.childcare.go.kr,family:1.0;baby:1.0;father:1.0;공공키즈카페;아이러브맘카페;화성시,2026-08-22 18:28:42,toddler:1.0;indoor:1.0;public:1.0,1,84
경기도 육아종합지원센터 공공 포털,공공키즈카페,꾸러기장난감도서관|경기도화성시향남읍 행정리 437,상시,영유아 및 어린이 (0세~7세),경기 화성시,무료 또는 저렴 (지자체 지원),경기도 화성시 지자체에서 직접 운영하는 공공 육아카페 및 체험센터 [꾸러기장난감도서관|경기도화성시향남읍 행정리 437]입니다.,https://gyeonggi.childcare.go.kr,family:1.0;baby:1.0;father:1.0;공공키즈카페;아이러브맘카페;화성시,2026-08-22 18:28:42,toddler:1.0;indoor:1.0;public:1.0,1,82
경기도 육아종합지원센터 공공 포털,공공키즈카페,평택육아종합지원센터 북부아이사랑놀이터 실내놀이시설,상시,영유아 및 어린이 (0세~7세),경기 평택시,무료 또는 저렴 (지자체 지원),경기도 평택시 지자체에서 직접 운영하는 공공 육아카페 및 체험센터 [평택육아종합지원센터 북부아이사랑놀이터 실내놀이시설]입니다.,https://gyeonggi.childcare.go.kr,family:1.0;baby:1.0;father:1.0;공공키즈카페;아이러브맘카페;평택시,2026-08-22 18:28:42,toddler:1.0;indoor:1.0;public:1.0,1,82
경기도 육아종합지원센터 공공 포털,공공키즈카페,수원시육아종합지원센터,상시,영유아 및 어린이 (0세~7세),경기 평택시,무료 또는 저렴 (지자체 지원),경기도 평택시 지자체에서 직접 운영하는 공공 육아카페 및 체험센터 [수원시육아종합지원센터]입니다.,https://gyeonggi.childcare.go.kr,family:1.0;baby:1.0;father:1.0;공공키즈카페;아이러브맘카페;평택시,2026-08-22 18:28:42,toddler:1.0;indoor:1.0;public:1.0,3,91
경기도 육아종합지원센터 공공 포털,공공키즈카페,평택시육아종합지원센터www.ptct.or.kr,상시,영유아 및 어린이 (0세~7세),경기 평택시,무료 또는 저렴 (지자체 지원),경기도 평택시 지자체에서 직접 운영하는 공공 육아카페 및 체험센터 [평택시육아종합지원센터www.ptct.or.kr]입니다.,https://gyeonggi.childcare.go.kr,family:1.0;baby:1.0;father:1.0;공공키즈카페;아이러브맘카페;평택시,2026-08-22 18:28:42,toddler:1.0;indoor:1.0;public:1.0,1,75
경기도 육아종합지원센터 공공 포털,공공키즈카페,평택시육아종합지원센터,상시,영유아 및 어린이 (0세~7세),경기 평택시,무료 또는 저렴 (지자체 지원),경기도 평택시 지자체에서 직접 운영하는 공공 육아카페 및 체험센터 [평택시육아종합지원센터]입니다.,https://gyeonggi.childcare.go.kr,family:1.0;baby:1.0;father:1.0;공공키즈카페;아이러브맘카페;평택시,2026-08-22 18:28:42,toddler:1.0;indoor:1.0;public:1.0,2,88
경기도 육아종합지원센터 공공 포털,공공키즈카페,평택시육아종합지원센터대체교사 채용 공고,상시,영유아 및 어린이 (0세~7세),경기 평택시,무료 또는 저렴 (지자체 지원),경기도 평택시 지자체에서 직접 운영하는 공공 육아카페 및 체험센터 [평택시육아종합지원센터대체교사 채용 공고]입니다.,https://gyeonggi.childcare.go.kr,family:1.0;baby:1.0;father:1.0;공공키즈카페;아이러브맘카페;평택시,2026-08-22 18:28:42,toddler:1.0;indoor:1.0;public:1.0,3,82
경기도 육아종합지원센터 공공 포털,공공키즈카페,평택시육아종합지원센터직원 채용 공고,상시,영유아 및 어린이 (0세~7세),경기 평택시,무료 또는 저렴 (지자체 지원),경기도 평택시 지자체에서 직접 운영하는 공공 육아카페 및 체험센터 [평택시육아종합지원센터직원 채용 공고]입니다.,https://gyeonggi.childcare.go.kr,family:1.0;baby:1.0;father:1.0;공공키즈카페;아이러브맘카페;평택시,2026-08-22 18:28:42,toddler:1.0;indoor:1.0;public:1.0,1,76
경기도 육아종합지원센터 공공 포털,공공키즈카페,남부아이사랑놀이터육아종합지원센터,상시,영유아 및 어린이 (0세~7세),경기 평택시,무료 또는 저렴 (지자체 지원),경기도 평택시 지자체에서 직접 운영하는 공공 육아카페 및 체험센터 [남부아이사랑놀이터육아종합지원센터]입니다.,https://gyeonggi.childcare.go.kr,family:1.0;baby:1.0;father:1.0;공공키즈카페;아이러브맘카페;평택시,2026-08-22 18:28:42,toddler:1.0;indoor:1.0;public:1.0,3,86
경기도 육아종합지원센터 공공 포털,공공키즈카페,평택시육아종합지원센터육아종합지원센터,상시,영유아 및 어린이 (0세~7세),경기 평택시,무료 또는 저렴 (지자체 지원),경기도 평택시 지자체에서 직접 운영하는 공공 육아카페 및 체험센터 [평택시육아종합지원센터육아종합지원센터]입니다.,https://gyeonggi.childcare.go.kr,family:1.0;baby:1.0;father:1.0;공공키즈카페;아이러브맘카페;평택시,2026-08-22 18:28:42,toddler:1.0;indoor:1.0;public:1.0,2,75
경기도 육아종합지원센터 공공 포털,공공키즈카페,팽성아이안심놀이터육아종합지원센터,상시,영유아 및 어린이 (0세~7세),경기 평택시,무료 또는 저렴 (지자체 지원),경기도 평택시 지자체에서 직접 운영하는 공공 육아카페 및 체험센터 [팽성아이안심놀이터육아종합지원센터]입니다.,https://gyeonggi.childcare.go.kr,family:1.0;baby:1.0;father:1.0;공공키즈카페;아이러브맘카페;평택시,2026-08-22 18:28:42,toddler:1.0;indoor:1.0;public:1.0,3,85
경기도 육아종합지원센터 공공 포털,공공키즈카페,힐스테이트 평택2차육아공동나눔터육아종합지원센터,상시,영유아 및 어린이 (0세~7세),경기 평택시,무료 또는 저렴 (지자체 지원),경기도 평택시 지자체에서 직접 운영하는 공공 육아카페 및 체험센터 [힐스테이트 평택2차육아공동나눔터육아종합지원센터]입니다.,https://gyeonggi.childcare.go.kr,family:1.0;baby:1.0;father:1.0;공공키즈카페;아이러브맘카페;평택시,2026-08-22 18:28:42,toddler:1.0;indoor:1.0;public:1.0,3,82
경기도 육아종합지원센터 공공 포털,공공키즈카페,평택시다함께돌봄센터19호점육아종합지원센터,상시,영유아 및 어린이 (0세~7세),경기 평택시,무료 또는 저렴 (지자체 지원),경기도 평택시 지자체에서 직접 운영하는 공공 육아카페 및 체험센터 [평택시다함께돌봄센터19호점육아종합지원센터]입니다.,https://gyeonggi.childcare.go.kr,family:1.0;baby:1.0;father:1.0;공공키즈카페;아이러브맘카페;평택시,2026-08-22 18:28:42,toddler:1.0;indoor:1.0;public:1.0,3,83
경기도 육아종합지원센터 공공 포털,공공키즈카페,평택육아종합지원센터북부아이사랑놀이터 실내놀이시설,상시,영유아 및 어린이 (0세~7세),경기 평택시,무료 또는 저렴 (지자체 지원),경기도 평택시 지자체에서 직접 운영하는 공공 육아카페 및 체험센터 [평택육아종합지원센터북부아이사랑놀이터 실내놀이시설]입니다.,https://gyeonggi.childcare.go.kr,family:1.0;baby:1.0;father:1.0;공공키즈카페;아이러브맘카페;평택시,2026-08-22 18:28:42,toddler:1.0;indoor:1.0;public:1.0,3,83
경기도 육아종합지원센터 공공 포털,공공키즈카페,평택육아종합지원센터남부아이사랑놀이터 실내놀이시설,상시,영유아 및 어린이 (0세~7세),경기 평택시,무료 또는 저렴 (지자체 지원),경기도 평택시 지자체에서 직접 운영하는 공공 육아카페 및 체험센터 [평택육아종합지원센터남부아이사랑놀이터 실내놀이시설]입니다.,https://gyeonggi.childcare.go.kr,family:1.0;baby:1.0;father:1.0;공공키즈카페;아이러브맘카페;평택시,2026-08-22 18:28:42,toddler:1.0;indoor:1.0;public:1.0,2,87
경기도 육아종합지원센터 공공 포털,공공키즈카페,평택시육아종합지원센터는,상시,영유아 및 어린이 (0세~7세),경기 평택시,무료 또는 저렴 (지자체 지원),경기도 평택시 지자체에서 직접 운영하는 공공 육아카페 및 체험센터 [평택시육아종합지원센터는]입니다.,https://gyeonggi.childcare.go.kr,family:1.0;baby:1.0;father:1.0;공공키즈카페;아이러브맘카페;평택시,2026-08-22 18:28:42,toddler:1.0;indoor:1.0;public:1.0,3,88
경기도 육아종합지원센터 공공 포털,공공키즈카페,의정부시육아종합지원센터icare.or.kr,상시,영유아 및 어린이 (0세~7세),경기 의정부시,무료 또는 저렴 (지자체 지원),경기도 의정부시 지자체에서 직접 운영하는 공공 육아카페 및 체험센터 [의정부시육아종합지원센터icare.or.kr]입니다.,https://gyeonggi.childcare.go.kr,family:1.0;baby:1.0;father:1.0;공공키즈카페;아이러브맘카페;의정부시,2026-08-22 18:28:42,toddler:1.0;indoor:1.0;public:1.0,2,92
경기도 육아종합지원센터 공공 포털,공공키즈카페,의정부시육아종합지원센터,상시,영유아 및 어린이 (0세~7세),경기 의정부시,무료 또는 저렴 (지자체 지원),경기도 의정부시 지자체에서 직접 운영하는 공공 육아카페 및 체험센터 [의정부시육아종합지원센터]입니다.,https://gyeonggi.childcare.go.kr,family:1.0;baby:1.0;father:1.0;공공키즈카페;아이러브맘카페;의정부시,2026-08-22 18:28:42,toddler:1.0;indoor:1.0;public:1.0,1,85
경기도 육아종합지원센터 공공 포털,공공키즈카페,의정부시육아종합지원센터육아종합지원센터,상시,영유아 및 어린이 (0세~7세),경기 의정부시,무료 또는 저렴 (지자체 지원),경기도 의정부시 지자체에서 직접 운영하는 공공 육아카페 및 체험센터 [의정부시육아종합지원센터육아종합지원센터]입니다.,https://gyeonggi.childcare.go.kr,family:1.0;baby:1.0;father:1.0;공공키즈카페;아이러브맘카페;의정부시,2026-08-22 18:28:42,toddler:1.0;indoor:1.0;public:1.0,3,87
경기도 육아종합지원센터 공공 포털,공공키즈카페,모두의놀이터 1호점육아종합지원센터,상시,영유아 및 어린이 (0세~7세),경기 의정부시,무료 또는 저렴 (지자체 지원),경기도 의정부시 지자체에서 직접 운영하는 공공 육아카페 및 체험센터 [모두의놀이터 1호점육아종합지원센터]입니다.,https://gyeonggi.childcare.go.kr,family:1.0;baby:1.0;father:1.0;공공키즈카페;아이러브맘카페;의정부시,2026-08-22 18:28:42,toddler:1.0;indoor:1.0;public:1.0,1,77
경기도 육아종합지원센터 공공 포털,공공키즈카페,모두의놀이터 2호점육아종합지원센터,상시,영유아 및 어린이 (0세~7세),경기 의정부시,무료 또는 저렴 (지자체 지원),경기도 의정부시 지자체에서 직접 운영하는 공공 육아카페 및 체험센터 [모두의놀이터 2호점육아종합지원센터]입니다.,https://gyeonggi.childcare.go.kr,family:1.0;baby:1.0;father:1.0;공공키즈카페;아이러브맘카페;의정부시,2026-08-22 18:28:42,toddler:1.0;indoor:1.0;public:1.0,2,92
경기도 육아종합지원센터 공공 포털,공공키즈카페,모두의놀이터 3호점육아종합지원센터,상시,영유아 및 어린이 (0세~7세),경기 의정부시,무료 또는 저렴 (지자체 지원),경기도 의정부시 지자체에서 직접 운영하는 공공 육아카페 및 체험센터 [모두의놀이터 3호점육아종합지원센터]입니다.,https://gyeonggi.childcare.go.kr,family:1.0;baby:1.0;father:1.0;공공키즈카페;아이러브맘카페;의정부시,2026-08-22 18:28:42,toddler:1.0;indoor:1.0;public:1.0,2,84
경기도 육아종합지원센터 공공 포털,공공키즈카페,북부청사 아이사랑놀이터육아종합지원센터,상시,영유아 및 어린이 (0세~7세),경기 의정부시,무료 또는 저렴 (지자체 지원),경기도 의정부시 지자체에서 직접 운영하는 공공 육아카페 및 체험센터 [북부청사 아이사랑놀이터육아종합지원센터]입니다.,https://gyeonggi.childcare.go.kr,family:1.0;baby:1.0;father:1.0;공공키즈카페;아이러브맘카페;의정부시,2026-08-22 18:28:42,toddler:1.0;indoor:1.0;public:1.0,1,83
경기도 육아종합지원센터 공공 포털,공공키즈카페,경기도북부육아종합지원센터육아종합지원센터,상시,영유아 및 어린이 (0세~7세),경기 의정부시,무료 또는 저렴 (지자체 지원),경기도 의정부시 지자체에서 직접 운영하는 공공 육아카페 및 체험센터 [경기도북부육아종합지원센터육아종합지원센터]입니다.,https://gyeonggi.childcare.go.kr,family:1.0;baby:1.0;father:1.0;공공키즈카페;아이러브맘카페;의정부시,2026-08-22 18:28:42,toddler:1.0;indoor:1.0;public:1.0,3,82
경기도 육아종합지원센터 공공 포털,공공키즈카페,경기 시흥시육아종합지원센터www.shccic.net,상시,영유아 및 어린이 (0세~7세),경기 시흥시,무료 또는 저렴 (지자체 지원),경기도 시흥시 지자체에서 직접 운영하는 공공 육아카페 및 체험센터 [경기 시흥시육아종합지원센터www.shccic.net]입니다.,https://gyeonggi.childcare.go.kr,family:1.0;baby:1.0;father:1.0;공공키즈카페;아이러브맘카페;시흥시,2026-08-22 18:28:42,toddler:1.0;indoor:1.0;public:1.0,3,83
경기도 육아종합지원센터 공공 포털,공공키즈카페,경기 시흥시육아종합지원센터,상시,영유아 및 어린이 (0세~7세),경기 시흥시,무료 또는 저렴 (지자체 지원),경기도 시흥시 지자체에서 직접 운영하는 공공 육아카페 및 체험센터 [경기 시흥시육아종합지원센터]입니다.,https://gyeonggi.childcare.go.kr,family:1.0;baby:1.0;father:1.0;공공키즈카페;아이러브맘카페;시흥시,2026-08-22 18:28:42,toddler:1.0;indoor:1.0;public:1.0,1,86
경기도 육아종합지원센터 공공 포털,공공키즈카페,아이누리 돌봄센터배곧C1호반써밋플레이스점육아종합지원센터,상시,영유아 및 어린이 (0세~7세),경기 시흥시,무료 또는 저렴 (지자체 지원),경기도 시흥시 지자체에서 직접 운영하는 공공 육아카페 및 체험센터 [아이누리 돌봄센터배곧C1호반써밋플레이스점육아종합지원센터]입니다.,https://gyeonggi.childcare.go.kr,family:1.0;baby:1.0;father:1.0;공공키즈카페;아이러브맘카페;시흥시,2026-08-22 18:28:42,toddler:1.0;indoor:1.0;public:1.0,1,90
경기도 육아종합지원센터 공공 포털,공공키즈카페,인천광역시육아종합지원센터육아종합지원센터,상시,영유아 및 어린이 (0세~7세),경기 시흥시,무료 또는 저렴 (지자체 지원),경기도 시흥시 지자체에서 직접 운영하는 공공 육아카페 및 체험센터 [인천광역시육아종합지원센터육아종합지원센터]입니다.,https://gyeonggi.childcare.go.kr,family:1.0;baby:1.0;father:1.0;공공키즈카페;아이러브맘카페;시흥시,2026-08-22 18:28:42,toddler:1.0;indoor:1.0;public:1.0,1,90
경기도 육아종합지원센터 공공 포털,공공키즈카페,신세계이마트희망장난감도서관놀이터,상시,영유아 및 어린이 (0세~7세),경기 시흥시,무료 또는 저렴 (지자체 지원),경기도 시흥시 지자체에서 직접 운영하는 공공 육아카페 및 체험센터 [신세계이마트희망장난감도서관놀이터]입니다.,https://gyeonggi.childcare.go.kr,family:1.0;baby:1.0;father:1.0;공공키즈카페;아이러브맘카페;시흥시,2026-08-22 18:28:42,toddler:1.0;indoor:1.0;public:1.0,3,80
경기도 육아종합지원센터 공공 포털,공공키즈카페,희망장난감도서관월곶관도서관,상시,영유아 및 어린이 (0세~7세),경기 시흥시,무료 또는 저렴 (지자체 지원),경기도 시흥시 지자체에서 직접 운영하는 공공 육아카페 및 체험센터 [희망장난감도서관월곶관도서관]입니다.,https://gyeonggi.childcare.go.kr,family:1.0;baby:1.0;father:1.0;공공키즈카페;아이러브맘카페;시흥시,2026-08-22 18:28:42,toddler:1.0;indoor:1.0;public:1.0,3,82
경기도 육아종합지원센터 공공 포털,공공키즈카페,파주시육아종합지원센터www.pajuscc.or.kr,상시,영유아 및 어린이 (0세~7세),경기 파주시,무료 또는 저렴 (지자체 지원),경기도 파주시 지자체에서 직접 운영하는 공공 육아카페 및 체험센터 [파주시육아종합지원센터www.pajuscc.or.kr]입니다.,https://gyeonggi.childcare.go.kr,family:1.0;baby:1.0;father:1.0;공공키즈카페;아이러브맘카페;파주시,2026-08-22 18:28:42,toddler:1.0;indoor:1.0;public:1.0,3,92
경기도 육아종합지원센터 공공 포털,공공키즈카페,파주시육아종합지원센터,상시,영유아 및 어린이 (0세~7세),경기 파주시,무료 또는 저렴 (지자체 지원),경기도 파주시 지자체에서 직접 운영하는 공공 육아카페 및 체험센터 [파주시육아종합지원센터]입니다.,https://gyeonggi.childcare.go.kr,family:1.0;baby:1.0;father:1.0;공공키즈카페;아이러브맘카페;파주시,2026-08-22 18:28:42,toddler:1.0;indoor:1.0;public:1.0,3,80
경기도 육아종합지원센터 공공 포털,공공키즈카페,파주시육아종합지원센터육아종합지원센터,상시,영유아 및 어린이 (0세~7세),경기 파주시,무료 또는 저렴 (지자체 지원),경기도 파주시 지자체에서 직접 운영하는 공공 육아카페 및 체험센터 [파주시육아종합지원센터육아종합지원센터]입니다.,https://gyeonggi.childcare.go.kr,family:1.0;baby:1.0;father:1.0;공공키즈카페;아이러브맘카페;파주시,2026-08-22 18:28:42,toddler:1.0;indoor:1.0;public:1.0,1,89
경기도 육아종합지원센터 공공 포털,공공키즈카페,파주시육아종합지원센터아동복지시설,상시,영유아 및 어린이 (0세~7세),경기 파주시,무료 또는 저렴 (지자체 지원),경기도 파주시 지자체에서 직접 운영하는 공공 육아카페 및 체험센터 [파주시육아종합지원센터아동복지시설]입니다.,https://gyeonggi.childcare.go.kr,family:1.0;baby:1.0;father:1.0;공공키즈카페;아이러브맘카페;파주시,2026-08-22 18:28:42,toddler:1.0;indoor:1.0;public:1.0,2,81
경기도 육아종합지원센터 공공 포털,공공키즈카페,백석장난감도서관육아종합지원센터,상시,영유아 및 어린이 (0세~7세),경기 파주시,무료 또는 저렴 (지자체 지원),경기도 파주시 지자체에서 직접 운영하는 공공 육아카페 및 체험센터 [백석장난감도서관육아종합지원센터]입니다.,https://gyeonggi.childcare.go.kr,family:1.0;baby:1.0;father:1.0;공공키즈카페;아이러브맘카페;파주시,2026-08-22 18:28:42,toddler:1.0;indoor:1.0;public:1.0,2,90
경기도 육아종합지원센터 공공 포털,공공키즈카페,장난감도서관장난감대여,상시,영유아 및 어린이 (0세~7세),경기 파주시,무료 또는 저렴 (지자체 지원),경기도 파주시 지자체에서 직접 운영하는 공공 육아카페 및 체험센터 [장난감도서관장난감대여]입니다.,https://gyeonggi.childcare.go.kr,family:1.0;baby:1.0;father:1.0;공공키즈카페;아이러브맘카페;파주시,2026-08-22 18:28:42,toddler:1.0;indoor:1.0;public:1.0,2,76
경기도 육아종합지원센터 공공 포털,공공키즈카페,신세계희망장난감도서관파주관어린이도서관,상시,영유아 및 어린이 (0세~7세),경기 파주시,무료 또는 저렴 (지자체 지원),경기도 파주시 지자체에서 직접 운영하는 공공 육아카페 및 체험센터 [신세계희망장난감도서관파주관어린이도서관]입니다.,https://gyeonggi.childcare.go.kr,family:1.0;baby:1.0;father:1.0;공공키즈카페;아이러브맘카페;파주시,2026-08-22 18:28:42,toddler:1.0;indoor:1.0;public:1.0,3,87
경기도 육아종합지원센터 공공 포털,공공키즈카페,김포육아종합지원센터,상시,영유아 및 어린이 (0세~7세),경기 김포시,무료 또는 저렴 (지자체 지원),경기도 김포시 지자체에서 직접 운영하는 공공 육아카페 및 체험센터 [김포육아종합지원센터]입니다.,https://gyeonggi.childcare.go.kr,family:1.0;baby:1.0;father:1.0;공공키즈카페;아이러브맘카페;김포시,2026-08-22 18:28:42,toddler:1.0;indoor:1.0;public:1.0,1,76
경기도 육아종합지원센터 공공 포털,공공키즈카페,김포시 육아종합지원센터풍무 분소 공공,상시,영유아 및 어린이 (0세~7세),경기 김포시,무료 또는 저렴 (지자체 지원),경기도 김포시 지자체에서 직접 운영하는 공공 육아카페 및 체험센터 [김포시 육아종합지원센터풍무 분소 공공]입니다.,https://gyeonggi.childcare.go.kr,family:1.0;baby:1.0;father:1.0;공공키즈카페;아이러브맘카페;김포시,2026-08-22 18:28:42,toddler:1.0;indoor:1.0;public:1.0,3,75
경기도 육아종합지원센터 공공 포털,공공키즈카페,김포시육아종합지원센터육아종합지원센터,상시,영유아 및 어린이 (0세~7세),경기 김포시,무료 또는 저렴 (지자체 지원),경기도 김포시 지자체에서 직접 운영하는 공공 육아카페 및 체험센터 [김포시육아종합지원센터육아종합지원센터]입니다.,https://gyeonggi.childcare.go.kr,family:1.0;baby:1.0;father:1.0;공공키즈카페;아이러브맘카페;김포시,2026-08-22 18:28:42,toddler:1.0;indoor:1.0;public:1.0,3,90
경기도 육아종합지원센터 공공 포털,공공키즈카페,김포시육아종합지원센터풍무분소육아종합지원센터,상시,영유아 및 어린이 (0세~7세),경기 김포시,무료 또는 저렴 (지자체 지원),경기도 김포시 지자체에서 직접 운영하는 공공 육아카페 및 체험센터 [김포시육아종합지원센터풍무분소육아종합지원센터]입니다.,https://gyeonggi.childcare.go.kr,family:1.0;baby:1.0;father:1.0;공공키즈카페;아이러브맘카페;김포시,2026-08-22 18:28:42,toddler:1.0;indoor:1.0;public:1.0,3,93
경기도 육아종합지원센터 공공 포털,공공키즈카페,김포시육아종합지원센터북부분소육아종합지원센터,상시,영유아 및 어린이 (0세~7세),경기 김포시,무료 또는 저렴 (지자체 지원),경기도 김포시 지자체에서 직접 운영하는 공공 육아카페 및 체험센터 [김포시육아종합지원센터북부분소육아종합지원센터]입니다.,https://gyeonggi.childcare.go.kr,family:1.0;baby:1.0;father:1.0;공공키즈카페;아이러브맘카페;김포시,2026-08-22 18:28:42,toddler:1.0;indoor:1.0;public:1.0,1,77
경기도 육아종합지원센터 공공 포털,공공키즈카페,우리아이행복돌봄센터수정마을2호점육아종합지원센터,상시,영유아 및 어린이 (0세~7세),경기 김포시,무료 또는 저렴 (지자체 지원),경기도 김포시 지자체에서 직접 운영하는 공공 육아카페 및 체험센터 [우리아이행복돌봄센터수정마을2호점육아종합지원센터]입니다.,https://gyeonggi.childcare.go.kr,family:1.0;baby:1.0;father:1.0;공공키즈카페;아이러브맘카페;김포시,2026-08-22 18:28:42,toddler:1.0;indoor:1.0;public:1.0,3,88
경기도 육아종합지원센터 공공 포털,공공키즈카페,김포시아이발달지원센터육아종합지원센터,상시,영유아 및 어린이 (0세~7세),경기 김포시,무료 또는 저렴 (지자체 지원),경기도 김포시 지자체에서 직접 운영하는 공공 육아카페 및 체험센터 [김포시아이발달지원센터육아종합지원센터]입니다.,https://gyeonggi.childcare.go.kr,family:1.0;baby:1.0;father:1.0;공공키즈카페;아이러브맘카페;김포시,2026-08-22 18:28:42,toddler:1.0;indoor:1.0;public:1.0,2,79
경기도 육아종합지원센터 공공 포털,공공키즈카페,김포시육아종합지원센터내 보육센터놀이터,상시,영유아 및 어린이 (0세~7세),경기 김포시,무료 또는 저렴 (지자체 지원),경기도 김포시 지자체에서 직접 운영하는 공공 육아카페 및 체험센터 [김포시육아종합지원센터내 보육센터놀이터]입니다.,https://gyeonggi.childcare.go.kr,family:1.0;baby:1.0;father:1.0;공공키즈카페;아이러브맘카페;김포시,2026-08-22 18:28:42,toddler:1.0;indoor:1.0;public:1.0,1,89
경기도 육아종합지원센터 공공 포털,공공키즈카페,김포시 육아종합지원센터북부 분소,상시,영유아 및 어린이 (0세~7세),경기 김포시,무료 또는 저렴 (지자체 지원),경기도 김포시 지자체에서 직접 운영하는 공공 육아카페 및 체험센터 [김포시 육아종합지원센터북부 분소]입니다.,https://gyeonggi.childcare.go.kr,family:1.0;baby:1.0;father:1.0;공공키즈카페;아이러브맘카페;김포시,2026-08-22 18:28:42,toddler:1.0;indoor:1.0;public:1.0,1,84
경기도 육아종합지원센터 공공 포털,공공키즈카페,kr김포시김포시육아종합지원센터 ● (031)985,상시,영유아 및 어린이 (0세~7세),경기 김포시,무료 또는 저렴 (지자체 지원),경기도 김포시 지자체에서 직접 운영하는 공공 육아카페 및 체험센터 [kr김포시김포시육아종합지원센터 ● (031)985]입니다.,https://gyeonggi.childcare.go.kr,family:1.0;baby:1.0;father:1.0;공공키즈카페;아이러브맘카페;김포시,2026-08-22 18:28:42,toddler:1.0;indoor:1.0;public:1.0,1,85
경기도 육아종합지원센터 공공 포털,공공키즈카페,"고양시 건강가정지원센터 공동육아나눔터사회,복지",상시,영유아 및 어린이 (0세~7세),경기 김포시,무료 또는 저렴 (지자체 지원),"경기도 김포시 지자체에서 직접 운영하는 공공 육아카페 및 체험센터 [고양시 건강가정지원센터 공동육아나눔터사회,복지]입니다.",https://gyeonggi.childcare.go.kr,family:1.0;baby:1.0;father:1.0;공공키즈카페;아이러브맘카페;김포시,2026-08-22 18:28:42,toddler:1.0;indoor:1.0;public:1.0,2,91
경기도 육아종합지원센터 공공 포털,공공키즈카페,"김포시,김포시육아종합지원센터 북부 분소 개소",상시,영유아 및 어린이 (0세~7세),경기 김포시,무료 또는 저렴 (지자체 지원),"경기도 김포시 지자체에서 직접 운영하는 공공 육아카페 및 체험센터 [김포시,김포시육아종합지원센터 북부 분소 개소]입니다.",https://gyeonggi.childcare.go.kr,family:1.0;baby:1.0;father:1.0;공공키즈카페;아이러브맘카페;김포시,2026-08-22 18:28:42,toddler:1.0;indoor:1.0;public:1.0,1,91
경기도 육아종합지원센터 공공 포털,공공키즈카페,4 ·광명시· 장난감도서관(소하점) · 02,상시,영유아 및 어린이 (0세~7세),경기 광명시,무료 또는 저렴 (지자체 지원),경기도 광명시 지자체에서 직접 운영하는 공공 육아카페 및 체험센터 [4 ·광명시· 장난감도서관(소하점) · 02]입니다.,https://gyeonggi.childcare.go.kr,family:1.0;baby:1.0;father:1.0;공공키즈카페;아이러브맘카페;광명시,2026-08-22 18:28:42,toddler:1.0;indoor:1.0;public:1.0,3,76
경기도 육아종합지원센터 공공 포털,공공키즈카페,광명시육아종합지원센터시간제보육실육아종합지원센터,상시,영유아 및 어린이 (0세~7세),경기 광명시,무료 또는 저렴 (지자체 지원),경기도 광명시 지자체에서 직접 운영하는 공공 육아카페 및 체험센터 [광명시육아종합지원센터시간제보육실육아종합지원센터]입니다.,https://gyeonggi.childcare.go.kr,family:1.0;baby:1.0;father:1.0;공공키즈카페;아이러브맘카페;광명시,2026-08-22 18:28:42,toddler:1.0;indoor:1.0;public:1.0,2,94
경기도 육아종합지원센터 공공 포털,공공키즈카페,배냇자리육아용품점육아종합지원센터,상시,영유아 및 어린이 (0세~7세),경기 광명시,무료 또는 저렴 (지자체 지원),경기도 광명시 지자체에서 직접 운영하는 공공 육아카페 및 체험센터 [배냇자리육아용품점육아종합지원센터]입니다.,https://gyeonggi.childcare.go.kr,family:1.0;baby:1.0;father:1.0;공공키즈카페;아이러브맘카페;광명시,2026-08-22 18:28:42,toddler:1.0;indoor:1.0;public:1.0,3,95
경기도 육아종합지원센터 공공 포털,공공키즈카페,광명시육아종합지원센터아이사랑놀이터,상시,영유아 및 어린이 (0세~7세),경기 광명시,무료 또는 저렴 (지자체 지원),경기도 광명시 지자체에서 직접 운영하는 공공 육아카페 및 체험센터 [광명시육아종합지원센터아이사랑놀이터]입니다.,https://gyeonggi.childcare.go.kr,family:1.0;baby:1.0;father:1.0;공공키즈카페;아이러브맘카페;광명시,2026-08-22 18:28:42,toddler:1.0;indoor:1.0;public:1.0,3,81
경기도 육아종합지원센터 공공 포털,공공키즈카페,광명시육아종합지원센터장난감도서관 소하점장난감대여,상시,영유아 및 어린이 (0세~7세),경기 광명시,무료 또는 저렴 (지자체 지원),경기도 광명시 지자체에서 직접 운영하는 공공 육아카페 및 체험센터 [광명시육아종합지원센터장난감도서관 소하점장난감대여]입니다.,https://gyeonggi.childcare.go.kr,family:1.0;baby:1.0;father:1.0;공공키즈카페;아이러브맘카페;광명시,2026-08-22 18:28:42,toddler:1.0;indoor:1.0;public:1.0,1,82
경기도 육아종합지원센터 공공 포털,공공키즈카페,신세계이마트 희망장난감도서관(광명),상시,영유아 및 어린이 (0세~7세),경기 광명시,무료 또는 저렴 (지자체 지원),경기도 광명시 지자체에서 직접 운영하는 공공 육아카페 및 체험센터 [신세계이마트 희망장난감도서관(광명)]입니다.,https://gyeonggi.childcare.go.kr,family:1.0;baby:1.0;father:1.0;공공키즈카페;아이러브맘카페;광명시,2026-08-22 18:28:42,toddler:1.0;indoor:1.0;public:1.0,1,80
경기도 육아종합지원센터 공공 포털,공공키즈카페,영등포종합사회복지관장난감도서관어린이도서관,상시,영유아 및 어린이 (0세~7세),경기 광명시,무료 또는 저렴 (지자체 지원),경기도 광명시 지자체에서 직접 운영하는 공공 육아카페 및 체험센터 [영등포종합사회복지관장난감도서관어린이도서관]입니다.,https://gyeonggi.childcare.go.kr,family:1.0;baby:1.0;father:1.0;공공키즈카페;아이러브맘카페;광명시,2026-08-22 18:28:42,toddler:1.0;indoor:1.0;public:1.0,1,89
경기도 육아종합지원센터 공공 포털,공공키즈카페,경기 광주시육아종합지원센터,상시,영유아 및 어린이 (0세~7세),경기 광주시,무료 또는 저렴 (지자체 지원),경기도 광주시 지자체에서 직접 운영하는 공공 육아카페 및 체험센터 [경기 광주시육아종합지원센터]입니다.,https://gyeonggi.childcare.go.kr,family:1.0;baby:1.0;father:1.0;공공키즈카페;아이러브맘카페;광주시,2026-08-22 18:28:42,toddler:1.0;indoor:1.0;public:1.0,2,86
경기도 육아종합지원센터 공공 포털,공공키즈카페,<경기광주시육아종합지원센터> 직원채용공고 2026,상시,영유아 및 어린이 (0세~7세),경기 광주시,무료 또는 저렴 (지자체 지원),경기도 광주시 지자체에서 직접 운영하는 공공 육아카페 및 체험센터 [<경기광주시육아종합지원센터> 직원채용공고 2026]입니다.,https://gyeonggi.childcare.go.kr,family:1.0;baby:1.0;father:1.0;공공키즈카페;아이러브맘카페;광주시,2026-08-22 18:28:42,toddler:1.0;indoor:1.0;public:1.0,2,92
경기도 육아종합지원센터 공공 포털,공공키즈카페,광주시육아종합지원센터광남도담터육아종합지원센터,상시,영유아 및 어린이 (0세~7세),경기 광주시,무료 또는 저렴 (지자체 지원),경기도 광주시 지자체에서 직접 운영하는 공공 육아카페 및 체험센터 [광주시육아종합지원센터광남도담터육아종합지원센터]입니다.,https://gyeonggi.childcare.go.kr,family:1.0;baby:1.0;father:1.0;공공키즈카페;아이러브맘카페;광주시,2026-08-22 18:28:42,toddler:1.0;indoor:1.0;public:1.0,1,78
경기도 육아종합지원센터 공공 포털,공공키즈카페,광주시육아종합지원센터육아종합지원센터,상시,영유아 및 어린이 (0세~7세),경기 광주시,무료 또는 저렴 (지자체 지원),경기도 광주시 지자체에서 직접 운영하는 공공 육아카페 및 체험센터 [광주시육아종합지원센터육아종합지원센터]입니다.,https://gyeonggi.childcare.go.kr,family:1.0;baby:1.0;father:1.0;공공키즈카페;아이러브맘카페;광주시,2026-08-22 18:28:42,toddler:1.0;indoor:1.0;public:1.0,2,80
경기도 육아종합지원센터 공공 포털,공공키즈카페,광주시육아종합지원센터고산깔깔놀이터육아종합지원센터,상시,영유아 및 어린이 (0세~7세),경기 광주시,무료 또는 저렴 (지자체 지원),경기도 광주시 지자체에서 직접 운영하는 공공 육아카페 및 체험센터 [광주시육아종합지원센터고산깔깔놀이터육아종합지원센터]입니다.,https://gyeonggi.childcare.go.kr,family:1.0;baby:1.0;father:1.0;공공키즈카페;아이러브맘카페;광주시,2026-08-22 18:28:42,toddler:1.0;indoor:1.0;public:1.0,3,93
경기도 육아종합지원센터 공공 포털,공공키즈카페,광주시육아종합지원센터신현조물락놀이터육아종합지원센터,상시,영유아 및 어린이 (0세~7세),경기 광주시,무료 또는 저렴 (지자체 지원),경기도 광주시 지자체에서 직접 운영하는 공공 육아카페 및 체험센터 [광주시육아종합지원센터신현조물락놀이터육아종합지원센터]입니다.,https://gyeonggi.childcare.go.kr,family:1.0;baby:1.0;father:1.0;공공키즈카페;아이러브맘카페;광주시,2026-08-22 18:28:42,toddler:1.0;indoor:1.0;public:1.0,2,94
경기도 육아종합지원센터 공공 포털,공공키즈카페,하남시육아종합지원센터본점육아종합지원센터,상시,영유아 및 어린이 (0세~7세),경기 광주시,무료 또는 저렴 (지자체 지원),경기도 광주시 지자체에서 직접 운영하는 공공 육아카페 및 체험센터 [하남시육아종합지원센터본점육아종합지원센터]입니다.,https://gyeonggi.childcare.go.kr,family:1.0;baby:1.0;father:1.0;공공키즈카페;아이러브맘카페;광주시,2026-08-22 18:28:42,toddler:1.0;indoor:1.0;public:1.0,1,95
경기도 육아종합지원센터 공공 포털,공공키즈카페,희망장난감도서관하남관장난감대여,상시,영유아 및 어린이 (0세~7세),경기 광주시,무료 또는 저렴 (지자체 지원),경기도 광주시 지자체에서 직접 운영하는 공공 육아카페 및 체험센터 [희망장난감도서관하남관장난감대여]입니다.,https://gyeonggi.childcare.go.kr,family:1.0;baby:1.0;father:1.0;공공키즈카페;아이러브맘카페;광주시,2026-08-22 18:28:42,toddler:1.0;indoor:1.0;public:1.0,2,80
경기도 육아종합지원센터 공공 포털,공공키즈카페,장난감도서관위례점육아종합지원센터,상시,영유아 및 어린이 (0세~7세),경기 광주시,무료 또는 저렴 (지자체 지원),경기도 광주시 지자체에서 직접 운영하는 공공 육아카페 및 체험센터 [장난감도서관위례점육아종합지원센터]입니다.,https://gyeonggi.childcare.go.kr,family:1.0;baby:1.0;father:1.0;공공키즈카페;아이러브맘카페;광주시,2026-08-22 18:28:42,toddler:1.0;indoor:1.0;public:1.0,2,88
경기도 육아종합지원센터 공공 포털,공공키즈카페,장난감도서관오금점육아종합지원센터,상시,영유아 및 어린이 (0세~7세),경기 광주시,무료 또는 저렴 (지자체 지원),경기도 광주시 지자체에서 직접 운영하는 공공 육아카페 및 체험센터 [장난감도서관오금점육아종합지원센터]입니다.,https://gyeonggi.childcare.go.kr,family:1.0;baby:1.0;father:1.0;공공키즈카페;아이러브맘카페;광주시,2026-08-22 18:28:42,toddler:1.0;indoor:1.0;public:1.0,2,82
경기도 육아종합지원센터 공공 포털,공공키즈카페,장난감도서관장지점육아종합지원센터,상시,영유아 및 어린이 (0세~7세),경기 광주시,무료 또는 저렴 (지자체 지원),경기도 광주시 지자체에서 직접 운영하는 공공 육아카페 및 체험센터 [장난감도서관장지점육아종합지원센터]입니다.,https://gyeonggi.childcare.go.kr,family:1.0;baby:1.0;father:1.0;공공키즈카페;아이러브맘카페;광주시,2026-08-22 18:28:42,toddler:1.0;indoor:1.0;public:1.0,1,83
경기도 육아종합지원센터 공공 포털,공공키즈카페,군포시 육아종합지원센터www.gpscc.or.kr,상시,영유아 및 어린이 (0세~7세),경기 군포시,무료 또는 저렴 (지자체 지원),경기도 군포시 지자체에서 직접 운영하는 공공 육아카페 및 체험센터 [군포시 육아종합지원센터www.gpscc.or.kr]입니다.,https://gyeonggi.childcare.go.kr,family:1.0;baby:1.0;father:1.0;공공키즈카페;아이러브맘카페;군포시,2026-08-22 18:28:42,toddler:1.0;indoor:1.0;public:1.0,2,85
경기도 육아종합지원센터 공공 포털,공공키즈카페,군포시 육아종합지원센터,상시,영유아 및 어린이 (0세~7세),경기 군포시,무료 또는 저렴 (지자체 지원),경기도 군포시 지자체에서 직접 운영하는 공공 육아카페 및 체험센터 [군포시 육아종합지원센터]입니다.,https://gyeonggi.childcare.go.kr,family:1.0;baby:1.0;father:1.0;공공키즈카페;아이러브맘카페;군포시,2026-08-22 18:28:42,toddler:1.0;indoor:1.0;public:1.0,3,87
경기도 육아종합지원센터 공공 포털,공공키즈카페,군포시아이사랑놀이터 수리점육아종합지원센터,상시,영유아 및 어린이 (0세~7세),경기 군포시,무료 또는 저렴 (지자체 지원),경기도 군포시 지자체에서 직접 운영하는 공공 육아카페 및 체험센터 [군포시아이사랑놀이터 수리점육아종합지원센터]입니다.,https://gyeonggi.childcare.go.kr,family:1.0;baby:1.0;father:1.0;공공키즈카페;아이러브맘카페;군포시,2026-08-22 18:28:42,toddler:1.0;indoor:1.0;public:1.0,1,77
경기도 육아종합지원센터 공공 포털,공공키즈카페,장난감도서관 송부점육아종합지원센터,상시,영유아 및 어린이 (0세~7세),경기 군포시,무료 또는 저렴 (지자체 지원),경기도 군포시 지자체에서 직접 운영하는 공공 육아카페 및 체험센터 [장난감도서관 송부점육아종합지원센터]입니다.,https://gyeonggi.childcare.go.kr,family:1.0;baby:1.0;father:1.0;공공키즈카페;아이러브맘카페;군포시,2026-08-22 18:28:42,toddler:1.0;indoor:1.0;public:1.0,3,93
경기도 육아종합지원센터 공공 포털,공공키즈카페,장난감도서관 부곡점육아종합지원센터,상시,영유아 및 어린이 (0세~7세),경기 군포시,무료 또는 저렴 (지자체 지원),경기도 군포시 지자체에서 직접 운영하는 공공 육아카페 및 체험센터 [장난감도서관 부곡점육아종합지원센터]입니다.,https://gyeonggi.childcare.go.kr,family:1.0;baby:1.0;father:1.0;공공키즈카페;아이러브맘카페;군포시,2026-08-22 18:28:42,toddler:1.0;indoor:1.0;public:1.0,2,93
경기도 육아종합지원센터 공공 포털,공공키즈카페,장난감도서관 오전점육아종합지원센터,상시,영유아 및 어린이 (0세~7세),경기 군포시,무료 또는 저렴 (지자체 지원),경기도 군포시 지자체에서 직접 운영하는 공공 육아카페 및 체험센터 [장난감도서관 오전점육아종합지원센터]입니다.,https://gyeonggi.childcare.go.kr,family:1.0;baby:1.0;father:1.0;공공키즈카페;아이러브맘카페;군포시,2026-08-22 18:28:42,toddler:1.0;indoor:1.0;public:1.0,2,94
경기도 육아종합지원센터 공공 포털,공공키즈카페,희망장난감도서관산본관어린이도서관,상시,영유아 및 어린이 (0세~7세),경기 군포시,무료 또는 저렴 (지자체 지원),경기도 군포시 지자체에서 직접 운영하는 공공 육아카페 및 체험센터 [희망장난감도서관산본관어린이도서관]입니다.,https://gyeonggi.childcare.go.kr,family:1.0;baby:1.0;father:1.0;공공키즈카페;아이러브맘카페;군포시,2026-08-22 18:28:42,toddler:1.0;indoor:1.0;public:1.0,3,93
경기도 육아종합지원센터 공공 포털,공공키즈카페,장난감도서관송부점육아종합지원센터,상시,영유아 및 어린이 (0세~7세),경기 군포시,무료 또는 저렴 (지자체 지원),경기도 군포시 지자체에서 직접 운영하는 공공 육아카페 및 체험센터 [장난감도서관송부점육아종합지원센터]입니다.,https://gyeonggi.childcare.go.kr,family:1.0;baby:1.0;father:1.0;공공키즈카페;아이러브맘카페;군포시,2026-08-22 18:28:42,toddler:1.0;indoor:1.0;public:1.0,1,85
경기도 육아종합지원센터 공공 포털,공공키즈카페,장난감도서관부곡점육아종합지원센터,상시,영유아 및 어린이 (0세~7세),경기 군포시,무료 또는 저렴 (지자체 지원),경기도 군포시 지자체에서 직접 운영하는 공공 육아카페 및 체험센터 [장난감도서관부곡점육아종합지원센터]입니다.,https://gyeonggi.childcare.go.kr,family:1.0;baby:1.0;father:1.0;공공키즈카페;아이러브맘카페;군포시,2026-08-22 18:28:42,toddler:1.0;indoor:1.0;public:1.0,2,86
경기도 육아종합지원센터 공공 포털,공공키즈카페,장난감도서관오전점육아종합지원센터,상시,영유아 및 어린이 (0세~7세),경기 군포시,무료 또는 저렴 (지자체 지원),경기도 군포시 지자체에서 직접 운영하는 공공 육아카페 및 체험센터 [장난감도서관오전점육아종합지원센터]입니다.,https://gyeonggi.childcare.go.kr,family:1.0;baby:1.0;father:1.0;공공키즈카페;아이러브맘카페;군포시,2026-08-22 18:28:42,toddler:1.0;indoor:1.0;public:1.0,3,89
경기도 육아종합지원센터 공공 포털,공공키즈카페,희망장난감도서관산본관의 전화번호는 031,상시,영유아 및 어린이 (0세~7세),경기 군포시,무료 또는 저렴 (지자체 지원),경기도 군포시 지자체에서 직접 운영하는 공공 육아카페 및 체험센터 [희망장난감도서관산본관의 전화번호는 031]입니다.,https://gyeonggi.childcare.go.kr,family:1.0;baby:1.0;father:1.0;공공키즈카페;아이러브맘카페;군포시,2026-08-22 18:28:42,toddler:1.0;indoor:1.0;public:1.0,2,75
경기도 육아종합지원센터 공공 포털,공공키즈카페,이천시육아종합지원센터goodcare.or.kr,상시,영유아 및 어린이 (0세~7세),경기 이천시,무료 또는 저렴 (지자체 지원),경기도 이천시 지자체에서 직접 운영하는 공공 육아카페 및 체험센터 [이천시육아종합지원센터goodcare.or.kr]입니다.,https://gyeonggi.childcare.go.kr,family:1.0;baby:1.0;father:1.0;공공키즈카페;아이러브맘카페;이천시,2026-08-22 18:28:42,toddler:1.0;indoor:1.0;public:1.0,2,76
경기도 육아종합지원센터 공공 포털,공공키즈카페,이천시육아종합지원센터,상시,영유아 및 어린이 (0세~7세),경기 이천시,무료 또는 저렴 (지자체 지원),경기도 이천시 지자체에서 직접 운영하는 공공 육아카페 및 체험센터 [이천시육아종합지원센터]입니다.,https://gyeonggi.childcare.go.kr,family:1.0;baby:1.0;father:1.0;공공키즈카페;아이러브맘카페;이천시,2026-08-22 18:28:42,toddler:1.0;indoor:1.0;public:1.0,1,92
경기도 육아종합지원센터 공공 포털,공공키즈카페,이천시육아종합지원센터육아종합지원센터,상시,영유아 및 어린이 (0세~7세),경기 이천시,무료 또는 저렴 (지자체 지원),경기도 이천시 지자체에서 직접 운영하는 공공 육아카페 및 체험센터 [이천시육아종합지원센터육아종합지원센터]입니다.,https://gyeonggi.childcare.go.kr,family:1.0;baby:1.0;father:1.0;공공키즈카페;아이러브맘카페;이천시,2026-08-22 18:28:42,toddler:1.0;indoor:1.0;public:1.0,3,77
경기도 육아종합지원센터 공공 포털,공공키즈카페,이천시육아종합지원센터아이랑카페 2호점,상시,영유아 및 어린이 (0세~7세),경기 이천시,무료 또는 저렴 (지자체 지원),경기도 이천시 지자체에서 직접 운영하는 공공 육아카페 및 체험센터 [이천시육아종합지원센터아이랑카페 2호점]입니다.,https://gyeonggi.childcare.go.kr,family:1.0;baby:1.0;father:1.0;공공키즈카페;아이러브맘카페;이천시,2026-08-22 18:28:42,toddler:1.0;indoor:1.0;public:1.0,2,87
경기도 육아종합지원센터 공공 포털,공공키즈카페,여주시육아종합지원센터육아종합지원센터,상시,영유아 및 어린이 (0세~7세),경기 이천시,무료 또는 저렴 (지자체 지원),경기도 이천시 지자체에서 직접 운영하는 공공 육아카페 및 체험센터 [여주시육아종합지원센터육아종합지원센터]입니다.,https://gyeonggi.childcare.go.kr,family:1.0;baby:1.0;father:1.0;공공키즈카페;아이러브맘카페;이천시,2026-08-22 18:28:42,toddler:1.0;indoor:1.0;public:1.0,3,76
경기도 육아종합지원센터 공공 포털,공공키즈카페,안성시육아종합지원센터동부권부속사업장육아종합지원센터,상시,영유아 및 어린이 (0세~7세),경기 이천시,무료 또는 저렴 (지자체 지원),경기도 이천시 지자체에서 직접 운영하는 공공 육아카페 및 체험센터 [안성시육아종합지원센터동부권부속사업장육아종합지원센터]입니다.,https://gyeonggi.childcare.go.kr,family:1.0;baby:1.0;father:1.0;공공키즈카페;아이러브맘카페;이천시,2026-08-22 18:28:42,toddler:1.0;indoor:1.0;public:1.0,1,80
경기도 육아종합지원센터 공공 포털,공공키즈카페,이천시 육아종합지원센터,상시,영유아 및 어린이 (0세~7세),경기 이천시,무료 또는 저렴 (지자체 지원),경기도 이천시 지자체에서 직접 운영하는 공공 육아카페 및 체험센터 [이천시 육아종합지원센터]입니다.,https://gyeonggi.childcare.go.kr,family:1.0;baby:1.0;father:1.0;공공키즈카페;아이러브맘카페;이천시,2026-08-22 18:28:42,toddler:1.0;indoor:1.0;public:1.0,1,78
경기도 육아종합지원센터 공공 포털,공공키즈카페,신세계이마트희망장난감도서관여주프리미엄관,상시,영유아 및 어린이 (0세~7세),경기 이천시,무료 또는 저렴 (지자체 지원),경기도 이천시 지자체에서 직접 운영하는 공공 육아카페 및 체험센터 [신세계이마트희망장난감도서관여주프리미엄관]입니다.,https://gyeonggi.childcare.go.kr,family:1.0;baby:1.0;father:1.0;공공키즈카페;아이러브맘카페;이천시,2026-08-22 18:28:42,toddler:1.0;indoor:1.0;public:1.0,2,78
경기도 육아종합지원센터 공공 포털,공공키즈카페,오산시육아종합지원센터www.osanchild.or.kr,상시,영유아 및 어린이 (0세~7세),경기 오산시,무료 또는 저렴 (지자체 지원),경기도 오산시 지자체에서 직접 운영하는 공공 육아카페 및 체험센터 [오산시육아종합지원센터www.osanchild.or.kr]입니다.,https://gyeonggi.childcare.go.kr,family:1.0;baby:1.0;father:1.0;공공키즈카페;아이러브맘카페;오산시,2026-08-22 18:28:42,toddler:1.0;indoor:1.0;public:1.0,1,81
경기도 육아종합지원센터 공공 포털,공공키즈카페,오산시육아종합지원센터,상시,영유아 및 어린이 (0세~7세),경기 오산시,무료 또는 저렴 (지자체 지원),경기도 오산시 지자체에서 직접 운영하는 공공 육아카페 및 체험센터 [오산시육아종합지원센터]입니다.,https://gyeonggi.childcare.go.kr,family:1.0;baby:1.0;father:1.0;공공키즈카페;아이러브맘카페;오산시,2026-08-22 18:28:42,toddler:1.0;indoor:1.0;public:1.0,3,75
경기도 육아종합지원센터 공공 포털,공공키즈카페,오산시서동아이사랑놀이터육아종합지원센터,상시,영유아 및 어린이 (0세~7세),경기 오산시,무료 또는 저렴 (지자체 지원),경기도 오산시 지자체에서 직접 운영하는 공공 육아카페 및 체험센터 [오산시서동아이사랑놀이터육아종합지원센터]입니다.,https://gyeonggi.childcare.go.kr,family:1.0;baby:1.0;father:1.0;공공키즈카페;아이러브맘카페;오산시,2026-08-22 18:28:42,toddler:1.0;indoor:1.0;public:1.0,1,93
경기도 육아종합지원센터 공공 포털,공공키즈카페,오산시세교아이사랑놀이터육아종합지원센터,상시,영유아 및 어린이 (0세~7세),경기 오산시,무료 또는 저렴 (지자체 지원),경기도 오산시 지자체에서 직접 운영하는 공공 육아카페 및 체험센터 [오산시세교아이사랑놀이터육아종합지원센터]입니다.,https://gyeonggi.childcare.go.kr,family:1.0;baby:1.0;father:1.0;공공키즈카페;아이러브맘카페;오산시,2026-08-22 18:28:42,toddler:1.0;indoor:1.0;public:1.0,1,78
경기도 육아종합지원센터 공공 포털,공공키즈카페,오산시육아종합지원센터육아종합지원센터,상시,영유아 및 어린이 (0세~7세),경기 오산시,무료 또는 저렴 (지자체 지원),경기도 오산시 지자체에서 직접 운영하는 공공 육아카페 및 체험센터 [오산시육아종합지원센터육아종합지원센터]입니다.,https://gyeonggi.childcare.go.kr,family:1.0;baby:1.0;father:1.0;공공키즈카페;아이러브맘카페;오산시,2026-08-22 18:28:42,toddler:1.0;indoor:1.0;public:1.0,3,75
경기도 육아종합지원센터 공공 포털,공공키즈카페,오산시장난감대여점 1호점육아종합지원센터,상시,영유아 및 어린이 (0세~7세),경기 오산시,무료 또는 저렴 (지자체 지원),경기도 오산시 지자체에서 직접 운영하는 공공 육아카페 및 체험센터 [오산시장난감대여점 1호점육아종합지원센터]입니다.,https://gyeonggi.childcare.go.kr,family:1.0;baby:1.0;father:1.0;공공키즈카페;아이러브맘카페;오산시,2026-08-22 18:28:42,toddler:1.0;indoor:1.0;public:1.0,2,88
경기도 육아종합지원센터 공공 포털,공공키즈카페,오산시운암아이사랑놀이터육아종합지원센터,상시,영유아 및 어린이 (0세~7세),경기 오산시,무료 또는 저렴 (지자체 지원),경기도 오산시 지자체에서 직접 운영하는 공공 육아카페 및 체험센터 [오산시운암아이사랑놀이터육아종합지원센터]입니다.,https://gyeonggi.childcare.go.kr,family:1.0;baby:1.0;father:1.0;공공키즈카페;아이러브맘카페;오산시,2026-08-22 18:28:42,toddler:1.0;indoor:1.0;public:1.0,3,95
경기도 육아종합지원센터 공공 포털,공공키즈카페,오산시장난감대여점 2호점육아종합지원센터,상시,영유아 및 어린이 (0세~7세),경기 오산시,무료 또는 저렴 (지자체 지원),경기도 오산시 지자체에서 직접 운영하는 공공 육아카페 및 체험센터 [오산시장난감대여점 2호점육아종합지원센터]입니다.,https://gyeonggi.childcare.go.kr,family:1.0;baby:1.0;father:1.0;공공키즈카페;아이러브맘카페;오산시,2026-08-22 18:28:42,toddler:1.0;indoor:1.0;public:1.0,1,82
경기도 육아종합지원센터 공공 포털,공공키즈카페,오산시 육아종합지원센터,상시,영유아 및 어린이 (0세~7세),경기 오산시,무료 또는 저렴 (지자체 지원),경기도 오산시 지자체에서 직접 운영하는 공공 육아카페 및 체험센터 [오산시 육아종합지원센터]입니다.,https://gyeonggi.childcare.go.kr,family:1.0;baby:1.0;father:1.0;공공키즈카페;아이러브맘카페;오산시,2026-08-22 18:28:42,toddler:1.0;indoor:1.0;public:1.0,1,87
경기도 육아종합지원센터 공공 포털,공공키즈카페,하남시 육아종합지원센터,상시,영유아 및 어린이 (0세~7세),경기 하남시,무료 또는 저렴 (지자체 지원),경기도 하남시 지자체에서 직접 운영하는 공공 육아카페 및 체험센터 [하남시 육아종합지원센터]입니다.,https://gyeonggi.childcare.go.kr,family:1.0;baby:1.0;father:1.0;공공키즈카페;아이러브맘카페;하남시,2026-08-22 18:28:42,toddler:1.0;indoor:1.0;public:1.0,1,79
경기도 육아종합지원센터 공공 포털,공공키즈카페,하남시 육아종합지원센터: 정보마당,상시,영유아 및 어린이 (0세~7세),경기 하남시,무료 또는 저렴 (지자체 지원),경기도 하남시 지자체에서 직접 운영하는 공공 육아카페 및 체험센터 [하남시 육아종합지원센터: 정보마당]입니다.,https://gyeonggi.childcare.go.kr,family:1.0;baby:1.0;father:1.0;공공키즈카페;아이러브맘카페;하남시,2026-08-22 18:28:42,toddler:1.0;indoor:1.0;public:1.0,1,95
경기도 육아종합지원센터 공공 포털,공공키즈카페,하남시육아종합지원센터직원채용공고입니다.,상시,영유아 및 어린이 (0세~7세),경기 하남시,무료 또는 저렴 (지자체 지원),경기도 하남시 지자체에서 직접 운영하는 공공 육아카페 및 체험센터 [하남시육아종합지원센터직원채용공고입니다.]입니다.,https://gyeonggi.childcare.go.kr,family:1.0;baby:1.0;father:1.0;공공키즈카페;아이러브맘카페;하남시,2026-08-22 18:28:42,toddler:1.0;indoor:1.0;public:1.0,1,79
경기도 육아종합지원센터 공공 포털,공공키즈카페,하남시육아종합지원센터,상시,영유아 및 어린이 (0세~7세),경기 하남시,무료 또는 저렴 (지자체 지원),경기도 하남시 지자체에서 직접 운영하는 공공 육아카페 및 체험센터 [하남시육아종합지원센터]입니다.,https://gyeonggi.childcare.go.kr,family:1.0;baby:1.0;father:1.0;공공키즈카페;아이러브맘카페;하남시,2026-08-22 18:28:42,toddler:1.0;indoor:1.0;public:1.0,1,85
경기도 육아종합지원센터 공공 포털,공공키즈카페,하남시다함께돌봄센터3호점육아종합지원센터,상시,영유아 및 어린이 (0세~7세),경기 하남시,무료 또는 저렴 (지자체 지원),경기도 하남시 지자체에서 직접 운영하는 공공 육아카페 및 체험센터 [하남시다함께돌봄센터3호점육아종합지원센터]입니다.,https://gyeonggi.childcare.go.kr,family:1.0;baby:1.0;father:1.0;공공키즈카페;아이러브맘카페;하남시,2026-08-22 18:28:42,toddler:1.0;indoor:1.0;public:1.0,3,76
경기도 육아종합지원센터 공공 포털,공공키즈카페,스타필드시티위례 2F 유아휴게실육아종합지원센터,상시,영유아 및 어린이 (0세~7세),경기 하남시,무료 또는 저렴 (지자체 지원),경기도 하남시 지자체에서 직접 운영하는 공공 육아카페 및 체험센터 [스타필드시티위례 2F 유아휴게실육아종합지원센터]입니다.,https://gyeonggi.childcare.go.kr,family:1.0;baby:1.0;father:1.0;공공키즈카페;아이러브맘카페;하남시,2026-08-22 18:28:42,toddler:1.0;indoor:1.0;public:1.0,2,82
경기도 육아종합지원센터 공공 포털,공공키즈카페,하남시 육아종합지원센터안전검사 합격,상시,영유아 및 어린이 (0세~7세),경기 하남시,무료 또는 저렴 (지자체 지원),경기도 하남시 지자체에서 직접 운영하는 공공 육아카페 및 체험센터 [하남시 육아종합지원센터안전검사 합격]입니다.,https://gyeonggi.childcare.go.kr,family:1.0;baby:1.0;father:1.0;공공키즈카페;아이러브맘카페;하남시,2026-08-22 18:28:42,toddler:1.0;indoor:1.0;public:1.0,2,83
경기도 육아종합지원센터 공공 포털,공공키즈카페,하남시육아종합지원센터(미사분소),상시,영유아 및 어린이 (0세~7세),경기 하남시,무료 또는 저렴 (지자체 지원),경기도 하남시 지자체에서 직접 운영하는 공공 육아카페 및 체험센터 [하남시육아종합지원센터(미사분소)]입니다.,https://gyeonggi.childcare.go.kr,family:1.0;baby:1.0;father:1.0;공공키즈카페;아이러브맘카페;하남시,2026-08-22 18:28:42,toddler:1.0;indoor:1.0;public:1.0,2,80
경기도 육아종합지원센터 공공 포털,공공키즈카페,하남시육아종합지원센터는경기도 내,상시,영유아 및 어린이 (0세~7세),경기 하남시,무료 또는 저렴 (지자체 지원),경기도 하남시 지자체에서 직접 운영하는 공공 육아카페 및 체험센터 [하남시육아종합지원센터는경기도 내]입니다.,https://gyeonggi.childcare.go.kr,family:1.0;baby:1.0;father:1.0;공공키즈카페;아이러브맘카페;하남시,2026-08-22 18:28:42,toddler:1.0;indoor:1.0;public:1.0,3,87
경기도 육아종합지원센터 공공 포털,공공키즈카페,하남시육아종합지원센터 :,상시,영유아 및 어린이 (0세~7세),경기 하남시,무료 또는 저렴 (지자체 지원),경기도 하남시 지자체에서 직접 운영하는 공공 육아카페 및 체험센터 [하남시육아종합지원센터 :]입니다.,https://gyeonggi.childcare.go.kr,family:1.0;baby:1.0;father:1.0;공공키즈카페;아이러브맘카페;하남시,2026-08-22 18:28:42,toddler:1.0;indoor:1.0;public:1.0,3,93
경기도 육아종합지원센터 공공 포털,공공키즈카페,감일동에도 행복장난감도서관개설해주세요,상시,영유아 및 어린이 (0세~7세),경기 하남시,무료 또는 저렴 (지자체 지원),경기도 하남시 지자체에서 직접 운영하는 공공 육아카페 및 체험센터 [감일동에도 행복장난감도서관개설해주세요]입니다.,https://gyeonggi.childcare.go.kr,family:1.0;baby:1.0;father:1.0;공공키즈카페;아이러브맘카페;하남시,2026-08-22 18:28:42,toddler:1.0;indoor:1.0;public:1.0,1,79
경기도 육아종합지원센터 공공 포털,공공키즈카페,희망장난감도서관,상시,영유아 및 어린이 (0세~7세),경기 하남시,무료 또는 저렴 (지자체 지원),경기도 하남시 지자체에서 직접 운영하는 공공 육아카페 및 체험센터 [희망장난감도서관]입니다.,https://gyeonggi.childcare.go.kr,family:1.0;baby:1.0;father:1.0;공공키즈카페;아이러브맘카페;하남시,2026-08-22 18:28:42,toddler:1.0;indoor:1.0;public:1.0,2,94
경기도 육아종합지원센터 공공 포털,공공키즈카페,서울형키즈카페 상일2동점장난감대여,상시,영유아 및 어린이 (0세~7세),경기 하남시,무료 또는 저렴 (지자체 지원),경기도 하남시 지자체에서 직접 운영하는 공공 육아카페 및 체험센터 [서울형키즈카페 상일2동점장난감대여]입니다.,https://gyeonggi.childcare.go.kr,family:1.0;baby:1.0;father:1.0;공공키즈카페;아이러브맘카페;하남시,2026-08-22 18:28:42,toddler:1.0;indoor:1.0;public:1.0,3,86
경기도 육아종합지원센터 공공 포털,공공키즈카페,"행복장난감도서관""장난감",상시,영유아 및 어린이 (0세~7세),경기 하남시,무료 또는 저렴 (지자체 지원),"경기도 하남시 지자체에서 직접 운영하는 공공 육아카페 및 체험센터 [행복장난감도서관""장난감]입니다.",https://gyeonggi.childcare.go.kr,family:1.0;baby:1.0;father:1.0;공공키즈카페;아이러브맘카페;하남시,2026-08-22 18:28:42,toddler:1.0;indoor:1.0;public:1.0,2,89
경기도 육아종합지원센터 공공 포털,공공키즈카페,하남여성회 부설장난감도서관의 전화번호는 031,상시,영유아 및 어린이 (0세~7세),경기 하남시,무료 또는 저렴 (지자체 지원),경기도 하남시 지자체에서 직접 운영하는 공공 육아카페 및 체험센터 [하남여성회 부설장난감도서관의 전화번호는 031]입니다.,https://gyeonggi.childcare.go.kr,family:1.0;baby:1.0;father:1.0;공공키즈카페;아이러브맘카페;하남시,2026-08-22 18:28:42,toddler:1.0;indoor:1.0;public:1.0,2,76
경기도 육아종합지원센터 공공 포털,공공키즈카페,양주시육아종합지원센터 :아이사랑놀이터,상시,영유아 및 어린이 (0세~7세),경기 양주시,무료 또는 저렴 (지자체 지원),경기도 양주시 지자체에서 직접 운영하는 공공 육아카페 및 체험센터 [양주시육아종합지원센터 :아이사랑놀이터]입니다.,https://gyeonggi.childcare.go.kr,family:1.0;baby:1.0;father:1.0;공공키즈카페;아이러브맘카페;양주시,2026-08-22 18:28:42,toddler:1.0;indoor:1.0;public:1.0,3,95
경기도 육아종합지원센터 공공 포털,공공키즈카페,양주시육아종합지원센터: 커뮤니티,상시,영유아 및 어린이 (0세~7세),경기 양주시,무료 또는 저렴 (지자체 지원),경기도 양주시 지자체에서 직접 운영하는 공공 육아카페 및 체험센터 [양주시육아종합지원센터: 커뮤니티]입니다.,https://gyeonggi.childcare.go.kr,family:1.0;baby:1.0;father:1.0;공공키즈카페;아이러브맘카페;양주시,2026-08-22 18:28:42,toddler:1.0;indoor:1.0;public:1.0,3,88
경기도 육아종합지원센터 공공 포털,공공키즈카페,양주시육아종합지원센터육아종합지원센터,상시,영유아 및 어린이 (0세~7세),경기 양주시,무료 또는 저렴 (지자체 지원),경기도 양주시 지자체에서 직접 운영하는 공공 육아카페 및 체험센터 [양주시육아종합지원센터육아종합지원센터]입니다.,https://gyeonggi.childcare.go.kr,family:1.0;baby:1.0;father:1.0;공공키즈카페;아이러브맘카페;양주시,2026-08-22 18:28:42,toddler:1.0;indoor:1.0;public:1.0,3,79
경기도 육아종합지원센터 공공 포털,공공키즈카페,양주시육아종합지원센터 : 가정양육 지원,상시,영유아 및 어린이 (0세~7세),경기 양주시,무료 또는 저렴 (지자체 지원),경기도 양주시 지자체에서 직접 운영하는 공공 육아카페 및 체험센터 [양주시육아종합지원센터 : 가정양육 지원]입니다.,https://gyeonggi.childcare.go.kr,family:1.0;baby:1.0;father:1.0;공공키즈카페;아이러브맘카페;양주시,2026-08-22 18:28:42,toddler:1.0;indoor:1.0;public:1.0,1,81
경기도 육아종합지원센터 공공 포털,공공키즈카페,옥정장난감도서관장난감대여,상시,영유아 및 어린이 (0세~7세),경기 양주시,무료 또는 저렴 (지자체 지원),경기도 양주시 지자체에서 직접 운영하는 공공 육아카페 및 체험센터 [옥정장난감도서관장난감대여]입니다.,https://gyeonggi.childcare.go.kr,family:1.0;baby:1.0;father:1.0;공공키즈카페;아이러브맘카페;양주시,2026-08-22 18:28:42,toddler:1.0;indoor:1.0;public:1.0,2,89
경기도 육아종합지원센터 공공 포털,공공키즈카페,장난감도서관아이꿈터장난감,상시,영유아 및 어린이 (0세~7세),경기 양주시,무료 또는 저렴 (지자체 지원),경기도 양주시 지자체에서 직접 운영하는 공공 육아카페 및 체험센터 [장난감도서관아이꿈터장난감]입니다.,https://gyeonggi.childcare.go.kr,family:1.0;baby:1.0;father:1.0;공공키즈카페;아이러브맘카페;양주시,2026-08-22 18:28:42,toddler:1.0;indoor:1.0;public:1.0,3,82
경기도 육아종합지원센터 공공 포털,공공키즈카페,장난감도서관·경기 양주시·양주시옥정로 397,상시,영유아 및 어린이 (0세~7세),경기 양주시,무료 또는 저렴 (지자체 지원),경기도 양주시 지자체에서 직접 운영하는 공공 육아카페 및 체험센터 [장난감도서관·경기 양주시·양주시옥정로 397]입니다.,https://gyeonggi.childcare.go.kr,family:1.0;baby:1.0;father:1.0;공공키즈카페;아이러브맘카페;양주시,2026-08-22 18:28:42,toddler:1.0;indoor:1.0;public:1.0,2,76
경기도 육아종합지원센터 공공 포털,공공키즈카페,구리시육아종합지원센터,상시,영유아 및 어린이 (0세~7세),경기 구리시,무료 또는 저렴 (지자체 지원),경기도 구리시 지자체에서 직접 운영하는 공공 육아카페 및 체험센터 [구리시육아종합지원센터]입니다.,https://gyeonggi.childcare.go.kr,family:1.0;baby:1.0;father:1.0;공공키즈카페;아이러브맘카페;구리시,2026-08-22 18:28:42,toddler:1.0;indoor:1.0;public:1.0,2,86
경기도 육아종합지원센터 공공 포털,공공키즈카페,구리육아종합지원센터,상시,영유아 및 어린이 (0세~7세),경기 구리시,무료 또는 저렴 (지자체 지원),경기도 구리시 지자체에서 직접 운영하는 공공 육아카페 및 체험센터 [구리육아종합지원센터]입니다.,https://gyeonggi.childcare.go.kr,family:1.0;baby:1.0;father:1.0;공공키즈카페;아이러브맘카페;구리시,2026-08-22 18:28:42,toddler:1.0;indoor:1.0;public:1.0,2,92
경기도 육아종합지원센터 공공 포털,공공키즈카페,2026 구리시육아종합지원센터 어린이집 지원 홍보 영상,상시,영유아 및 어린이 (0세~7세),경기 구리시,무료 또는 저렴 (지자체 지원),경기도 구리시 지자체에서 직접 운영하는 공공 육아카페 및 체험센터 [2026 구리시육아종합지원센터 어린이집 지원 홍보 영상]입니다.,https://gyeonggi.childcare.go.kr,family:1.0;baby:1.0;father:1.0;공공키즈카페;아이러브맘카페;구리시,2026-08-22 18:28:42,toddler:1.0;indoor:1.0;public:1.0,3,77
경기도 육아종합지원센터 공공 포털,공공키즈카페,구리시 육아종합지원센터(구리),상시,영유아 및 어린이 (0세~7세),경기 구리시,무료 또는 저렴 (지자체 지원),경기도 구리시 지자체에서 직접 운영하는 공공 육아카페 및 체험센터 [구리시 육아종합지원센터(구리)]입니다.,https://gyeonggi.childcare.go.kr,family:1.0;baby:1.0;father:1.0;공공키즈카페;아이러브맘카페;구리시,2026-08-22 18:28:42,toddler:1.0;indoor:1.0;public:1.0,1,80
경기도 육아종합지원센터 공공 포털,공공키즈카페,갈매아이사랑놀이터육아종합지원센터,상시,영유아 및 어린이 (0세~7세),경기 구리시,무료 또는 저렴 (지자체 지원),경기도 구리시 지자체에서 직접 운영하는 공공 육아카페 및 체험센터 [갈매아이사랑놀이터육아종합지원센터]입니다.,https://gyeonggi.childcare.go.kr,family:1.0;baby:1.0;father:1.0;공공키즈카페;아이러브맘카페;구리시,2026-08-22 18:28:42,toddler:1.0;indoor:1.0;public:1.0,1,88
경기도 육아종합지원센터 공공 포털,공공키즈카페,구리시영유아케어센터육아종합지원센터,상시,영유아 및 어린이 (0세~7세),경기 구리시,무료 또는 저렴 (지자체 지원),경기도 구리시 지자체에서 직접 운영하는 공공 육아카페 및 체험센터 [구리시영유아케어센터육아종합지원센터]입니다.,https://gyeonggi.childcare.go.kr,family:1.0;baby:1.0;father:1.0;공공키즈카페;아이러브맘카페;구리시,2026-08-22 18:28:42,toddler:1.0;indoor:1.0;public:1.0,3,86
경기도 육아종합지원센터 공공 포털,공공키즈카페,장난감도서관갈매점장난감대여,상시,영유아 및 어린이 (0세~7세),경기 구리시,무료 또는 저렴 (지자체 지원),경기도 구리시 지자체에서 직접 운영하는 공공 육아카페 및 체험센터 [장난감도서관갈매점장난감대여]입니다.,https://gyeonggi.childcare.go.kr,family:1.0;baby:1.0;father:1.0;공공키즈카페;아이러브맘카페;구리시,2026-08-22 18:28:42,toddler:1.0;indoor:1.0;public:1.0,3,86
경기도 육아종합지원센터 공공 포털,공공키즈카페,두루놀이장난감도서관아동복지시설,상시,영유아 및 어린이 (0세~7세),경기 구리시,무료 또는 저렴 (지자체 지원),경기도 구리시 지자체에서 직접 운영하는 공공 육아카페 및 체험센터 [두루놀이장난감도서관아동복지시설]입니다.,https://gyeonggi.childcare.go.kr,family:1.0;baby:1.0;father:1.0;공공키즈카페;아이러브맘카페;구리시,2026-08-22 18:28:42,toddler:1.0;indoor:1.0;public:1.0,3,92
경기도 육아종합지원센터 공공 포털,공공키즈카페,안성시육아종합지원센터직원 채용 공고(안전관리자,상시,영유아 및 어린이 (0세~7세),경기 안성시,무료 또는 저렴 (지자체 지원),경기도 안성시 지자체에서 직접 운영하는 공공 육아카페 및 체험센터 [안성시육아종합지원센터직원 채용 공고(안전관리자]입니다.,https://gyeonggi.childcare.go.kr,family:1.0;baby:1.0;father:1.0;공공키즈카페;아이러브맘카페;안성시,2026-08-22 18:28:42,toddler:1.0;indoor:1.0;public:1.0,1,88
경기도 육아종합지원센터 공공 포털,공공키즈카페,안성시육아종합지원센터기업소개,상시,영유아 및 어린이 (0세~7세),경기 안성시,무료 또는 저렴 (지자체 지원),경기도 안성시 지자체에서 직접 운영하는 공공 육아카페 및 체험센터 [안성시육아종합지원센터기업소개]입니다.,https://gyeonggi.childcare.go.kr,family:1.0;baby:1.0;father:1.0;공공키즈카페;아이러브맘카페;안성시,2026-08-22 18:28:42,toddler:1.0;indoor:1.0;public:1.0,2,91
경기도 육아종합지원센터 공공 포털,공공키즈카페,안성시육아종합지원센터육아종합지원센터,상시,영유아 및 어린이 (0세~7세),경기 안성시,무료 또는 저렴 (지자체 지원),경기도 안성시 지자체에서 직접 운영하는 공공 육아카페 및 체험센터 [안성시육아종합지원센터육아종합지원센터]입니다.,https://gyeonggi.childcare.go.kr,family:1.0;baby:1.0;father:1.0;공공키즈카페;아이러브맘카페;안성시,2026-08-22 18:28:42,toddler:1.0;indoor:1.0;public:1.0,1,76
경기도 육아종합지원센터 공공 포털,공공키즈카페,경기육아나눔터육아종합지원센터,상시,영유아 및 어린이 (0세~7세),경기 안성시,무료 또는 저렴 (지자체 지원),경기도 안성시 지자체에서 직접 운영하는 공공 육아카페 및 체험센터 [경기육아나눔터육아종합지원센터]입니다.,https://gyeonggi.childcare.go.kr,family:1.0;baby:1.0;father:1.0;공공키즈카페;아이러브맘카페;안성시,2026-08-22 18:28:42,toddler:1.0;indoor:1.0;public:1.0,3,83
경기도 육아종합지원센터 공공 포털,공공키즈카페,안성시 육아종합지원센터부모교육,상시,영유아 및 어린이 (0세~7세),경기 안성시,무료 또는 저렴 (지자체 지원),경기도 안성시 지자체에서 직접 운영하는 공공 육아카페 및 체험센터 [안성시 육아종합지원센터부모교육]입니다.,https://gyeonggi.childcare.go.kr,family:1.0;baby:1.0;father:1.0;공공키즈카페;아이러브맘카페;안성시,2026-08-22 18:28:42,toddler:1.0;indoor:1.0;public:1.0,1,80
경기도 육아종합지원센터 공공 포털,공공키즈카페,경기안성시육아종합지원센터(공도읍),상시,영유아 및 어린이 (0세~7세),경기 안성시,무료 또는 저렴 (지자체 지원),경기도 안성시 지자체에서 직접 운영하는 공공 육아카페 및 체험센터 [경기안성시육아종합지원센터(공도읍)]입니다.,https://gyeonggi.childcare.go.kr,family:1.0;baby:1.0;father:1.0;공공키즈카페;아이러브맘카페;안성시,2026-08-22 18:28:42,toddler:1.0;indoor:1.0;public:1.0,3,81
경기도 육아종합지원센터 공공 포털,공공키즈카페,경기안성시육아종합지원센터는,상시,영유아 및 어린이 (0세~7세),경기 안성시,무료 또는 저렴 (지자체 지원),경기도 안성시 지자체에서 직접 운영하는 공공 육아카페 및 체험센터 [경기안성시육아종합지원센터는]입니다.,https://gyeonggi.childcare.go.kr,family:1.0;baby:1.0;father:1.0;공공키즈카페;아이러브맘카페;안성시,2026-08-22 18:28:42,toddler:1.0;indoor:1.0;public:1.0,1,95
경기도 육아종합지원센터 공공 포털,공공키즈카페,"안성시육아종합지원센터, 우수 사업 벤치마킹 기관 선정",상시,영유아 및 어린이 (0세~7세),경기 안성시,무료 또는 저렴 (지자체 지원),"경기도 안성시 지자체에서 직접 운영하는 공공 육아카페 및 체험센터 [안성시육아종합지원센터, 우수 사업 벤치마킹 기관 선정]입니다.",https://gyeonggi.childcare.go.kr,family:1.0;baby:1.0;father:1.0;공공키즈카페;아이러브맘카페;안성시,2026-08-22 18:28:42,toddler:1.0;indoor:1.0;public:1.0,1,82
경기도 육아종합지원센터 공공 포털,공공키즈카페,경기안성시육아종합지원센터,상시,영유아 및 어린이 (0세~7세),경기 안성시,무료 또는 저렴 (지자체 지원),경기도 안성시 지자체에서 직접 운영하는 공공 육아카페 및 체험센터 [경기안성시육아종합지원센터]입니다.,https://gyeonggi.childcare.go.kr,family:1.0;baby:1.0;father:1.0;공공키즈카페;아이러브맘카페;안성시,2026-08-22 18:28:42,toddler:1.0;indoor:1.0;public:1.0,1,93
경기도 육아종합지원센터 공공 포털,공공키즈카페,포천시육아종합지원센터육아종합지원센터,상시,영유아 및 어린이 (0세~7세),경기 포천시,무료 또는 저렴 (지자체 지원),경기도 포천시 지자체에서 직접 운영하는 공공 육아카페 및 체험센터 [포천시육아종합지원센터육아종합지원센터]입니다.,https://gyeonggi.childcare.go.kr,family:1.0;baby:1.0;father:1.0;공공키즈카페;아이러브맘카페;포천시,2026-08-22 18:28:42,toddler:1.0;indoor:1.0;public:1.0,2,91
경기도 육아종합지원센터 공공 포털,공공키즈카페,의왕시육아종합지원센터,상시,영유아 및 어린이 (0세~7세),경기 의왕시,무료 또는 저렴 (지자체 지원),경기도 의왕시 지자체에서 직접 운영하는 공공 육아카페 및 체험센터 [의왕시육아종합지원센터]입니다.,https://gyeonggi.childcare.go.kr,family:1.0;baby:1.0;father:1.0;공공키즈카페;아이러브맘카페;의왕시,2026-08-22 18:28:42,toddler:1.0;indoor:1.0;public:1.0,2,88
경기도 육아종합지원센터 공공 포털,공공키즈카페,"기관명 :의왕시육아종합지원센터,",상시,영유아 및 어린이 (0세~7세),경기 의왕시,무료 또는 저렴 (지자체 지원),"경기도 의왕시 지자체에서 직접 운영하는 공공 육아카페 및 체험센터 [기관명 :의왕시육아종합지원센터,]입니다.",https://gyeonggi.childcare.go.kr,family:1.0;baby:1.0;father:1.0;공공키즈카페;아이러브맘카페;의왕시,2026-08-22 18:28:42,toddler:1.0;indoor:1.0;public:1.0,3,88
경기도 육아종합지원센터 공공 포털,공공키즈카페,의왕시육아종합지원센터육아종합지원센터,상시,영유아 및 어린이 (0세~7세),경기 의왕시,무료 또는 저렴 (지자체 지원),경기도 의왕시 지자체에서 직접 운영하는 공공 육아카페 및 체험센터 [의왕시육아종합지원센터육아종합지원센터]입니다.,https://gyeonggi.childcare.go.kr,family:1.0;baby:1.0;father:1.0;공공키즈카페;아이러브맘카페;의왕시,2026-08-22 18:28:42,toddler:1.0;indoor:1.0;public:1.0,3,86
경기도 육아종합지원센터 공공 포털,공공키즈카페,장난감도서관 청계점육아종합지원센터,상시,영유아 및 어린이 (0세~7세),경기 의왕시,무료 또는 저렴 (지자체 지원),경기도 의왕시 지자체에서 직접 운영하는 공공 육아카페 및 체험센터 [장난감도서관 청계점육아종합지원센터]입니다.,https://gyeonggi.childcare.go.kr,family:1.0;baby:1.0;father:1.0;공공키즈카페;아이러브맘카페;의왕시,2026-08-22 18:28:42,toddler:1.0;indoor:1.0;public:1.0,3,83
경기도 육아종합지원센터 공공 포털,공공키즈카페,장난감도서관 내손점육아종합지원센터,상시,영유아 및 어린이 (0세~7세),경기 의왕시,무료 또는 저렴 (지자체 지원),경기도 의왕시 지자체에서 직접 운영하는 공공 육아카페 및 체험센터 [장난감도서관 내손점육아종합지원센터]입니다.,https://gyeonggi.childcare.go.kr,family:1.0;baby:1.0;father:1.0;공공키즈카페;아이러브맘카페;의왕시,2026-08-22 18:28:42,toddler:1.0;indoor:1.0;public:1.0,3,77
경기도 육아종합지원센터 공공 포털,공공키즈카페,장난감도서관자유놀이실 이용대상,상시,영유아 및 어린이 (0세~7세),경기 의왕시,무료 또는 저렴 (지자체 지원),경기도 의왕시 지자체에서 직접 운영하는 공공 육아카페 및 체험센터 [장난감도서관자유놀이실 이용대상]입니다.,https://gyeonggi.childcare.go.kr,family:1.0;baby:1.0;father:1.0;공공키즈카페;아이러브맘카페;의왕시,2026-08-22 18:28:42,toddler:1.0;indoor:1.0;public:1.0,3,80
경기도 육아종합지원센터 공공 포털,공공키즈카페,장난감도서관내손점육아종합지원센터,상시,영유아 및 어린이 (0세~7세),경기 의왕시,무료 또는 저렴 (지자체 지원),경기도 의왕시 지자체에서 직접 운영하는 공공 육아카페 및 체험센터 [장난감도서관내손점육아종합지원센터]입니다.,https://gyeonggi.childcare.go.kr,family:1.0;baby:1.0;father:1.0;공공키즈카페;아이러브맘카페;의왕시,2026-08-22 18:28:42,toddler:1.0;indoor:1.0;public:1.0,2,85
경기도 육아종합지원센터 공공 포털,공공키즈카페,장난감도서관·경기 의왕시· 보식골로 30,상시,영유아 및 어린이 (0세~7세),경기 의왕시,무료 또는 저렴 (지자체 지원),경기도 의왕시 지자체에서 직접 운영하는 공공 육아카페 및 체험센터 [장난감도서관·경기 의왕시· 보식골로 30]입니다.,https://gyeonggi.childcare.go.kr,family:1.0;baby:1.0;father:1.0;공공키즈카페;아이러브맘카페;의왕시,2026-08-22 18:28:42,toddler:1.0;indoor:1.0;public:1.0,1,90
경기도 육아종합지원센터 공공 포털,공공키즈카페,여주육아종합지원센터: 어린이집지원,상시,영유아 및 어린이 (0세~7세),경기 여주시,무료 또는 저렴 (지자체 지원),경기도 여주시 지자체에서 직접 운영하는 공공 육아카페 및 체험센터 [여주육아종합지원센터: 어린이집지원]입니다.,https://gyeonggi.childcare.go.kr,family:1.0;baby:1.0;father:1.0;공공키즈카페;아이러브맘카페;여주시,2026-08-22 18:28:42,toddler:1.0;indoor:1.0;public:1.0,1,76
경기도 육아종합지원센터 공공 포털,공공키즈카페,여주시육아종합지원센터아이사랑놀이터,상시,영유아 및 어린이 (0세~7세),경기 여주시,무료 또는 저렴 (지자체 지원),경기도 여주시 지자체에서 직접 운영하는 공공 육아카페 및 체험센터 [여주시육아종합지원센터아이사랑놀이터]입니다.,https://gyeonggi.childcare.go.kr,family:1.0;baby:1.0;father:1.0;공공키즈카페;아이러브맘카페;여주시,2026-08-22 18:28:42,toddler:1.0;indoor:1.0;public:1.0,2,77
경기도 육아종합지원센터 공공 포털,공공키즈카페,여주육아종합지원센터아이사랑놀이터(황학산),상시,영유아 및 어린이 (0세~7세),경기 여주시,무료 또는 저렴 (지자체 지원),경기도 여주시 지자체에서 직접 운영하는 공공 육아카페 및 체험센터 [여주육아종합지원센터아이사랑놀이터(황학산)]입니다.,https://gyeonggi.childcare.go.kr,family:1.0;baby:1.0;father:1.0;공공키즈카페;아이러브맘카페;여주시,2026-08-22 18:28:42,toddler:1.0;indoor:1.0;public:1.0,1,81
경기도 육아종합지원센터 공공 포털,공공키즈카페,여주시육아종합지원센터의 전화번호는 031,상시,영유아 및 어린이 (0세~7세),경기 여주시,무료 또는 저렴 (지자체 지원),경기도 여주시 지자체에서 직접 운영하는 공공 육아카페 및 체험센터 [여주시육아종합지원센터의 전화번호는 031]입니다.,https://gyeonggi.childcare.go.kr,family:1.0;baby:1.0;father:1.0;공공키즈카페;아이러브맘카페;여주시,2026-08-22 18:28:42,toddler:1.0;indoor:1.0;public:1.0,1,75
경기도 육아종합지원센터 공공 포털,공공키즈카페,"기관명 :여주시육아종합지원센터(안전공제),",상시,영유아 및 어린이 (0세~7세),경기 여주시,무료 또는 저렴 (지자체 지원),"경기도 여주시 지자체에서 직접 운영하는 공공 육아카페 및 체험센터 [기관명 :여주시육아종합지원센터(안전공제),]입니다.",https://gyeonggi.childcare.go.kr,family:1.0;baby:1.0;father:1.0;공공키즈카페;아이러브맘카페;여주시,2026-08-22 18:28:42,toddler:1.0;indoor:1.0;public:1.0,1,82
경기도 육아종합지원센터 공공 포털,공공키즈카페,양평군육아종합지원센터육아종합지원센터,상시,영유아 및 어린이 (0세~7세),경기 양평군,무료 또는 저렴 (지자체 지원),경기도 양평군 지자체에서 직접 운영하는 공공 육아카페 및 체험센터 [양평군육아종합지원센터육아종합지원센터]입니다.,https://gyeonggi.childcare.go.kr,family:1.0;baby:1.0;father:1.0;공공키즈카페;아이러브맘카페;양평군,2026-08-22 18:28:42,toddler:1.0;indoor:1.0;public:1.0,3,85
경기도 육아종합지원센터 공공 포털,공공키즈카페,장난감도서관화도점,상시,영유아 및 어린이 (0세~7세),경기 양평군,무료 또는 저렴 (지자체 지원),경기도 양평군 지자체에서 직접 운영하는 공공 육아카페 및 체험센터 [장난감도서관화도점]입니다.,https://gyeonggi.childcare.go.kr,family:1.0;baby:1.0;father:1.0;공공키즈카페;아이러브맘카페;양평군,2026-08-22 18:28:42,toddler:1.0;indoor:1.0;public:1.0,2,82
경기도 육아종합지원센터 공공 포털,공공키즈카페,동두천시육아종합지원센터,상시,영유아 및 어린이 (0세~7세),경기 동두천시,무료 또는 저렴 (지자체 지원),경기도 동두천시 지자체에서 직접 운영하는 공공 육아카페 및 체험센터 [동두천시육아종합지원센터]입니다.,https://gyeonggi.childcare.go.kr,family:1.0;baby:1.0;father:1.0;공공키즈카페;아이러브맘카페;동두천시,2026-08-22 18:28:42,toddler:1.0;indoor:1.0;public:1.0,2,85
경기도 육아종합지원센터 공공 포털,공공키즈카페,경기 가평군 육아종합지원센터업체명 검색하기,상시,영유아 및 어린이 (0세~7세),경기 가평군,무료 또는 저렴 (지자체 지원),경기도 가평군 지자체에서 직접 운영하는 공공 육아카페 및 체험센터 [경기 가평군 육아종합지원센터업체명 검색하기]입니다.,https://gyeonggi.childcare.go.kr,family:1.0;baby:1.0;father:1.0;공공키즈카페;아이러브맘카페;가평군,2026-08-22 18:28:42,toddler:1.0;indoor:1.0;public:1.0,3,94
경기도 육아종합지원센터 공공 포털,공공키즈카페,경기 가평군육아종합지원센터육아종합지원센터,상시,영유아 및 어린이 (0세~7세),경기 가평군,무료 또는 저렴 (지자체 지원),경기도 가평군 지자체에서 직접 운영하는 공공 육아카페 및 체험센터 [경기 가평군육아종합지원센터육아종합지원센터]입니다.,https://gyeonggi.childcare.go.kr,family:1.0;baby:1.0;father:1.0;공공키즈카페;아이러브맘카페;가평군,2026-08-22 18:28:42,toddler:1.0;indoor:1.0;public:1.0,3,80
경기도 육아종합지원센터 공공 포털,공공키즈카페,해움장난감도서관장난감대여,상시,영유아 및 어린이 (0세~7세),경기 가평군,무료 또는 저렴 (지자체 지원),경기도 가평군 지자체에서 직접 운영하는 공공 육아카페 및 체험센터 [해움장난감도서관장난감대여]입니다.,https://gyeonggi.childcare.go.kr,family:1.0;baby:1.0;father:1.0;공공키즈카페;아이러브맘카페;가평군,2026-08-22 18:28:42,toddler:1.0;indoor:1.0;public:1.0,1,88
경기도 육아종합지원센터 공공 포털,공공키즈카페,"과천시육아종합지원센터, 육아 지원프로그램 홍보",상시,영유아 및 어린이 (0세~7세),경기 과천시,무료 또는 저렴 (지자체 지원),"경기도 과천시 지자체에서 직접 운영하는 공공 육아카페 및 체험센터 [과천시육아종합지원센터, 육아 지원프로그램 홍보]입니다.",https://gyeonggi.childcare.go.kr,family:1.0;baby:1.0;father:1.0;공공키즈카페;아이러브맘카페;과천시,2026-08-22 18:28:42,toddler:1.0;indoor:1.0;public:1.0,3,95
경기도 육아종합지원센터 공공 포털,공공키즈카페,서울형키즈카페 동작구 사당1동점,상시,영유아 및 어린이 (0세~7세),경기 과천시,무료 또는 저렴 (지자체 지원),경기도 과천시 지자체에서 직접 운영하는 공공 육아카페 및 체험센터 [서울형키즈카페 동작구 사당1동점]입니다.,https://gyeonggi.childcare.go.kr,family:1.0;baby:1.0;father:1.0;공공키즈카페;아이러브맘카페;과천시,2026-08-22 18:28:42,toddler:1.0;indoor:1.0;public:1.0,2,94
https://culture.seoul.go.kr/culture/culture/cultureEvent/view.do?cultcode=158770&menuNo=200008,문화생활,"2026 카즈미 타테이시 트리오 내한공연-크리스마스, 재즈를 만나다-(서울)",2026-12-24 ~ 2026-12-24,전체 (가족/어린이 동반),강동아트센터 대극장 한강,,"2026 카즈미 타테이시 트리오 내한공연-크리스마스, 재즈를 만나다-(서울) 문화 행사",https://culture.seoul.go.kr/culture/culture/cultureEvent/view.do?cultcode=158770&menuNo=200008,family:1.0,2026-08-22 20:46:46,culture:1.0;educational:0.9;indoor:0.8,3,63
https://culture.seoul.go.kr/culture/culture/cultureEvent/view.do?cultcode=158691&menuNo=200008,문화생활,"2026 카즈미 타테이시 트리오 내한공연-지브리, 재즈를 만나다-(서울)",2026-12-22 ~ 2026-12-22,전체 (가족/어린이 동반),영등포아트홀,,"2026 카즈미 타테이시 트리오 내한공연-지브리, 재즈를 만나다-(서울) 문화 행사",https://culture.seoul.go.kr/culture/culture/cultureEvent/view.do?cultcode=158691&menuNo=200008,family:1.0,2026-08-22 20:46:46,culture:1.0;educational:0.9;indoor:0.8,3,64
https://culture.seoul.go.kr/culture/culture/cultureEvent/view.do?cultcode=158955&menuNo=200008,문화생활,[마포문화재단] 체홉 4대 장막 낭독극 [공놀이클럽의 사계절 체홉: 갈매기],2026-11-29 ~ 2026-11-29,전체 (가족/어린이 동반),마포아트센터 아트홀맥,,[마포문화재단] 체홉 4대 장막 낭독극 [공놀이클럽의 사계절 체홉: 갈매기] 문화 행사,https://culture.seoul.go.kr/culture/culture/cultureEvent/view.do?cultcode=158955&menuNo=200008,family:1.0,2026-08-22 20:46:46,culture:1.0;educational:0.9;indoor:0.8,3,77
https://culture.seoul.go.kr/culture/culture/cultureEvent/view.do?cultcode=158731&menuNo=200009,문화생활,파인캐릭터 2026 (FineCharacter 2026),2026-11-27 ~ 2026-11-29,전체 (가족/어린이 동반),동대문디자인플라자(DDP) 쇼룸 1층 (서울 중구 을지로 281),,파인캐릭터 2026 (FineCharacter 2026) 문화 행사,https://culture.seoul.go.kr/culture/culture/cultureEvent/view.do?cultcode=158731&menuNo=200009,family:1.0,2026-08-22 20:46:46,culture:1.0;educational:0.9;indoor:0.8,4,75
https://culture.seoul.go.kr/culture/culture/cultureEvent/view.do?cultcode=158566&menuNo=200008,문화생활,[마포문화재단] 제11회 M 클래식 축제 [뮤라벨 콘서트],2026-10-28 ~ 2026-10-28,전체 (가족/어린이 동반),마포아트센터 플레이맥,,[마포문화재단] 제11회 M 클래식 축제 [뮤라벨 콘서트] 문화 행사,https://culture.seoul.go.kr/culture/culture/cultureEvent/view.do?cultcode=158566&menuNo=200008,family:1.0,2026-08-22 20:46:46,culture:1.0;educational:0.9;indoor:0.8,2,68
https://culture.seoul.go.kr/culture/culture/cultureEvent/view.do?cultcode=158447&menuNo=200008,자연친화,[꿈의숲아트센터] 꿈의숲 마티네 콘서트 [벨에포크 아트&뮤직] 시리즈3,2026-10-28 ~ 2026-10-28,전체 (가족/어린이 동반),북서울꿈의숲 상상톡톡미술관,,[꿈의숲아트센터] 꿈의숲 마티네 콘서트 [벨에포크 아트&뮤직] 시리즈3 문화 행사,https://culture.seoul.go.kr/culture/culture/cultureEvent/view.do?cultcode=158447&menuNo=200008,family:1.0,2026-08-22 20:46:46,nature:1.0;outdoor:1.0;picnic:0.8,4,72
https://culture.seoul.go.kr/culture/culture/cultureEvent/view.do?cultcode=158565&menuNo=200008,문화생활,[마포문화재단] 제11회 M 클래식 축제 [전수진의 피아니즘],2026-10-27 ~ 2026-10-27,전체 (가족/어린이 동반),마포아트센터 플레이맥,,[마포문화재단] 제11회 M 클래식 축제 [전수진의 피아니즘] 문화 행사,https://culture.seoul.go.kr/culture/culture/cultureEvent/view.do?cultcode=158565&menuNo=200008,family:1.0,2026-08-22 20:46:46,culture:1.0;educational:0.9;indoor:0.8,3,64
https://culture.seoul.go.kr/culture/culture/cultureEvent/view.do?cultcode=159097&menuNo=200008,문화생활,"[서초문화재단] 2026 서울어텀페스타 선정작 [숨비소리, 해녀들의 노래]",2026-10-26 ~ 2026-11-09,전체 (가족/어린이 동반),서리풀아트스튜디오,,"[서초문화재단] 2026 서울어텀페스타 선정작 [숨비소리, 해녀들의 노래] 문화 행사",https://culture.seoul.go.kr/culture/culture/cultureEvent/view.do?cultcode=159097&menuNo=200008,family:1.0,2026-08-22 20:46:46,culture:1.0;educational:0.9;indoor:0.8,2,68
https://culture.seoul.go.kr/culture/culture/cultureEvent/view.do?cultcode=158564&menuNo=200008,문화생활,[마포문화재단] 제11회 M 클래식 축제 [김도현x이수빈 듀오 리사이틀],2026-10-22 ~ 2026-10-22,전체 (가족/어린이 동반),마포아트센터 아트홀맥,,[마포문화재단] 제11회 M 클래식 축제 [김도현x이수빈 듀오 리사이틀] 문화 행사,https://culture.seoul.go.kr/culture/culture/cultureEvent/view.do?cultcode=158564&menuNo=200008,family:1.0,2026-08-22 20:46:46,culture:1.0;educational:0.9;indoor:0.8,4,73
https://culture.seoul.go.kr/culture/culture/cultureEvent/view.do?cultcode=159107&menuNo=200010,가족체험,"[종로문화재단] 2026 윤동주문학제 [동주의 한글, 별이 되다]",2026-10-17 ~ 2026-10-18,전체 (가족/어린이 동반),"종로구, 마로니에공원, 윤동주문학관 일대",,"[종로문화재단] 2026 윤동주문학제 [동주의 한글, 별이 되다] 문화 행사",https://culture.seoul.go.kr/culture/culture/cultureEvent/view.do?cultcode=159107&menuNo=200010,family:1.0,2026-08-22 20:46:46,experience:1.0;family_time:1.0;activity:0.9,4,77
https://culture.seoul.go.kr/culture/culture/cultureEvent/view.do?cultcode=158484&menuNo=200008,문화생활,[마포문화재단] 2026 [인디스커버리 : FESTA] TRACK 02,2026-10-17 ~ 2026-10-17,전체 (가족/어린이 동반),마포아트센터 아트홀맥,,[마포문화재단] 2026 [인디스커버리 : FESTA] TRACK 02 문화 행사,https://culture.seoul.go.kr/culture/culture/cultureEvent/view.do?cultcode=158484&menuNo=200008,family:1.0,2026-08-22 20:46:46,culture:1.0;educational:0.9;indoor:0.8,2,85
https://culture.seoul.go.kr/culture/culture/cultureEvent/view.do?cultcode=159111&menuNo=200010,가족체험,[광진문화재단] 2026 생활예술축제 [춤추는광진],2026-10-17 ~ 2026-10-17,전체 (가족/어린이 동반),서울어린이대공원 열린무대,,[광진문화재단] 2026 생활예술축제 [춤추는광진] 문화 행사,https://culture.seoul.go.kr/culture/culture/cultureEvent/view.do?cultcode=159111&menuNo=200010,family:1.0,2026-08-22 20:46:46,experience:1.0;family_time:1.0;activity:0.9,3,64
https://culture.seoul.go.kr/culture/culture/cultureEvent/view.do?cultcode=158483&menuNo=200008,문화생활,[마포문화재단] 2026 [인디스커버리 : FESTA] TRACK 01,2026-10-16 ~ 2026-10-16,전체 (가족/어린이 동반),마포아트센터 아트홀맥,,[마포문화재단] 2026 [인디스커버리 : FESTA] TRACK 01 문화 행사,https://culture.seoul.go.kr/culture/culture/cultureEvent/view.do?cultcode=158483&menuNo=200008,family:1.0,2026-08-22 20:46:46,culture:1.0;educational:0.9;indoor:0.8,2,65
https://culture.seoul.go.kr/culture/culture/cultureEvent/view.do?cultcode=157909&menuNo=200008,문화생활,[영등포문화재단] 마티네콘서트 With 금난새 #3.베버,2026-10-15 ~ 2026-10-15,전체 (가족/어린이 동반),영등포아트홀,,[영등포문화재단] 마티네콘서트 With 금난새 #3.베버 문화 행사,https://culture.seoul.go.kr/culture/culture/cultureEvent/view.do?cultcode=157909&menuNo=200008,family:1.0,2026-08-22 20:46:46,culture:1.0;educational:0.9;indoor:0.8,2,78
https://culture.seoul.go.kr/culture/culture/cultureEvent/view.do?cultcode=158563&menuNo=200008,문화생활,[마포문화재단] 제11회 M 클래식 축제 [하나의 울림],2026-10-14 ~ 2026-10-14,전체 (가족/어린이 동반),마포아트센터 아트홀맥,,[마포문화재단] 제11회 M 클래식 축제 [하나의 울림] 문화 행사,https://culture.seoul.go.kr/culture/culture/cultureEvent/view.do?cultcode=158563&menuNo=200008,family:1.0,2026-08-22 20:46:46,culture:1.0;educational:0.9;indoor:0.8,2,80
https://culture.seoul.go.kr/culture/culture/cultureEvent/view.do?cultcode=158998&menuNo=200008,가족체험,국립무용단 [더블빌:시나위],2026-10-08 ~ 2026-10-11,전체 (가족/어린이 동반),국립극장 해오름극장,,국립무용단 [더블빌:시나위] 문화 행사,https://culture.seoul.go.kr/culture/culture/cultureEvent/view.do?cultcode=158998&menuNo=200008,family:1.0,2026-08-22 20:46:46,experience:1.0;family_time:1.0;activity:0.9,3,81
https://culture.seoul.go.kr/culture/culture/cultureEvent/view.do?cultcode=159122&menuNo=200008,문화생활,[마포문화재단] 2026 M 초이스 연극 [욕망이라는 이름의 전차],2026-10-08 ~ 2026-10-11,전체 (가족/어린이 동반),마포아트센터 아트홀맥,,[마포문화재단] 2026 M 초이스 연극 [욕망이라는 이름의 전차] 문화 행사,https://culture.seoul.go.kr/culture/culture/cultureEvent/view.do?cultcode=159122&menuNo=200008,family:1.0,2026-08-22 20:46:46,culture:1.0;educational:0.9;indoor:0.8,3,70
https://culture.seoul.go.kr/culture/culture/cultureEvent/view.do?cultcode=158996&menuNo=200010,가족체험,2026년 중증장애인생산품박람회,2026-10-06 ~ 2026-10-07,전체 (가족/어린이 동반),서울 aT센터 1전시장,,2026년 중증장애인생산품박람회 문화 행사,https://culture.seoul.go.kr/culture/culture/cultureEvent/view.do?cultcode=158996&menuNo=200010,family:1.0,2026-08-22 20:46:46,experience:1.0;family_time:1.0;activity:0.9,3,66
https://culture.seoul.go.kr/culture/culture/cultureEvent/view.do?cultcode=159128&menuNo=200008,문화생활,비올리스트 강동엽 보웬 전곡 시리즈 II - The English Rachmaninoff,2026-10-02 ~ 2026-10-02,전체 (가족/어린이 동반),예술의전당 리사이틀홀,,비올리스트 강동엽 보웬 전곡 시리즈 II - The English Rachmaninoff 문화 행사,https://culture.seoul.go.kr/culture/culture/cultureEvent/view.do?cultcode=159128&menuNo=200008,family:1.0,2026-08-22 20:46:46,culture:1.0;educational:0.9;indoor:0.8,2,77
https://culture.seoul.go.kr/culture/culture/cultureEvent/view.do?cultcode=159036&menuNo=200010,가족체험,2026 인사동 엔틱&아트페어,2026-10-01 ~ 2026-10-04,전체 (가족/어린이 동반),"인사아트프라자, 안녕인사동 및 인사동 문화지구 전 지역",,2026 인사동 엔틱&아트페어 문화 행사,https://culture.seoul.go.kr/culture/culture/cultureEvent/view.do?cultcode=159036&menuNo=200010,family:1.0,2026-08-22 20:46:46,experience:1.0;family_time:1.0;activity:0.9,3,62
https://culture.seoul.go.kr/culture/culture/cultureEvent/view.do?cultcode=159094&menuNo=200008,가족체험,수림뉴웨이브 2026 - 이재하 [현금제: 이중번역 (二重飜譯)],2026-10-01 ~ 2026-10-01,전체 (가족/어린이 동반),수림문화재단 김희수SPACE1,,수림뉴웨이브 2026 - 이재하 [현금제: 이중번역 (二重飜譯)] 문화 행사,https://culture.seoul.go.kr/culture/culture/cultureEvent/view.do?cultcode=159094&menuNo=200008,family:1.0,2026-08-22 20:46:46,experience:1.0;family_time:1.0;activity:0.9,3,88
https://culture.seoul.go.kr/culture/culture/cultureEvent/view.do?cultcode=159123&menuNo=200011,가족체험,[서초문화원] 서초인문학 아카데미 [AI 시대의 인간다움] 김기현 교수,2026-09-30 ~ 2026-09-30,전체 (가족/어린이 동반),서초문화예술회관 아트홀,,[서초문화원] 서초인문학 아카데미 [AI 시대의 인간다움] 김기현 교수 문화 행사,https://culture.seoul.go.kr/culture/culture/cultureEvent/view.do?cultcode=159123&menuNo=200011,family:1.0,2026-08-22 20:46:46,experience:1.0;family_time:1.0;activity:0.9,2,85
https://culture.seoul.go.kr/culture/culture/cultureEvent/view.do?cultcode=159093&menuNo=200008,가족체험,수림뉴웨이브 2026 - 최태영의 해금 [비사비죽],2026-09-24 ~ 2026-09-24,전체 (가족/어린이 동반),수림문화재단 김희수SPACE1,,수림뉴웨이브 2026 - 최태영의 해금 [비사비죽] 문화 행사,https://culture.seoul.go.kr/culture/culture/cultureEvent/view.do?cultcode=159093&menuNo=200008,family:1.0,2026-08-22 20:46:46,experience:1.0;family_time:1.0;activity:0.9,2,63
https://culture.seoul.go.kr/culture/culture/cultureEvent/view.do?cultcode=159020&menuNo=200010,가족체험,2026 다름다움 페스티벌,2026-09-20 ~ 2026-09-20,전체 (가족/어린이 동반),반포한강공원 예빛섬 야외무대 일원,,2026 다름다움 페스티벌 문화 행사,https://culture.seoul.go.kr/culture/culture/cultureEvent/view.do?cultcode=159020&menuNo=200010,family:1.0,2026-08-22 20:46:46,experience:1.0;family_time:1.0;activity:0.9,3,67
https://culture.seoul.go.kr/culture/culture/cultureEvent/view.do?cultcode=158999&menuNo=200008,문화생활,2026 홍난파가곡제 [나의 살던 고향은],2026-09-20 ~ 2026-09-20,전체 (가족/어린이 동반),세종문화회관 대극장,,2026 홍난파가곡제 [나의 살던 고향은] 문화 행사,https://culture.seoul.go.kr/culture/culture/cultureEvent/view.do?cultcode=158999&menuNo=200008,family:1.0,2026-08-22 20:46:46,culture:1.0;educational:0.9;indoor:0.8,3,70
https://culture.seoul.go.kr/culture/culture/cultureEvent/view.do?cultcode=159119&menuNo=200010,가족체험,서울거리예술축제 2026,2026-09-19 ~ 2026-09-20,전체 (가족/어린이 동반),"뚝섬한강공원, 서울숲",,서울거리예술축제 2026 문화 행사,https://culture.seoul.go.kr/culture/culture/cultureEvent/view.do?cultcode=159119&menuNo=200010,family:1.0,2026-08-22 20:46:46,experience:1.0;family_time:1.0;activity:0.9,3,80
https://culture.seoul.go.kr/culture/culture/cultureEvent/view.do?cultcode=159099&menuNo=200011,가족체험,[구산동도서관마을] 9월 독서의 달 이달의 인문학 「빵 안 파는 빵집」-빵이(차에셀) 저자와의 만남,2026-09-19 ~ 2026-09-19,전체 (가족/어린이 동반),구산동도서관마을 3층 힐링캠프,,[구산동도서관마을] 9월 독서의 달 이달의 인문학 「빵 안 파는 빵집」-빵이(차에셀) 저자와의 만남 문화 행사,https://culture.seoul.go.kr/culture/culture/cultureEvent/view.do?cultcode=159099&menuNo=200011,family:1.0,2026-08-22 20:46:46,experience:1.0;family_time:1.0;activity:0.9,4,67
https://culture.seoul.go.kr/culture/culture/cultureEvent/view.do?cultcode=159125&menuNo=200008,문화생활,올리버 케른 Piano Recital [Fantasies and Dances],2026-09-19 ~ 2026-09-19,전체 (가족/어린이 동반),아트센터 림 아트홀,,올리버 케른 Piano Recital [Fantasies and Dances] 문화 행사,https://culture.seoul.go.kr/culture/culture/cultureEvent/view.do?cultcode=159125&menuNo=200008,family:1.0,2026-08-22 20:46:46,culture:1.0;educational:0.9;indoor:0.8,3,78
https://culture.seoul.go.kr/culture/culture/cultureEvent/view.do?cultcode=158954&menuNo=200008,문화생활,[마포문화재단] 체홉 4대 장막 낭독극 [공놀이클럽의 사계절 체홉: 세자매],2026-09-19 ~ 2026-09-19,전체 (가족/어린이 동반),마포아트센터 플레이맥,,[마포문화재단] 체홉 4대 장막 낭독극 [공놀이클럽의 사계절 체홉: 세자매] 문화 행사,https://culture.seoul.go.kr/culture/culture/cultureEvent/view.do?cultcode=158954&menuNo=200008,family:1.0,2026-08-22 20:46:46,culture:1.0;educational:0.9;indoor:0.8,2,66
https://culture.seoul.go.kr/culture/culture/cultureEvent/view.do?cultcode=159145&menuNo=200008,문화생활,[서울시립교향악단] 비그림파워코리아와 함께하는 2026 서울시향 파크 콘서트,2026-09-19 ~ 2026-09-19,전체 (가족/어린이 동반),서울어린이대공원 숲속의무대,,[서울시립교향악단] 비그림파워코리아와 함께하는 2026 서울시향 파크 콘서트 문화 행사,https://culture.seoul.go.kr/culture/culture/cultureEvent/view.do?cultcode=159145&menuNo=200008,family:1.0,2026-08-22 20:46:46,culture:1.0;educational:0.9;indoor:0.8,4,84
https://culture.seoul.go.kr/culture/culture/cultureEvent/view.do?cultcode=159120&menuNo=200010,가족체험,2026 서울어텀페스타,2026-09-18 ~ 2026-11-29,전체 (가족/어린이 동반),"서울 전역의 실내외 공연장, 한강공원 일대, 서울문화재단 대학로센터 등",,2026 서울어텀페스타 문화 행사,https://culture.seoul.go.kr/culture/culture/cultureEvent/view.do?cultcode=159120&menuNo=200010,family:1.0,2026-08-22 20:46:46,experience:1.0;family_time:1.0;activity:0.9,3,60
https://culture.seoul.go.kr/culture/culture/cultureEvent/view.do?cultcode=158631&menuNo=200008,문화생활,"[관악문화재단] 상주단체시리즈 2 : 청춘,18대1",2026-09-18 ~ 2026-09-19,전체 (가족/어린이 동반),관악아트홀 공연장,,"[관악문화재단] 상주단체시리즈 2 : 청춘,18대1 문화 행사",https://culture.seoul.go.kr/culture/culture/cultureEvent/view.do?cultcode=158631&menuNo=200008,family:1.0,2026-08-22 20:46:46,culture:1.0;educational:0.9;indoor:0.8,4,76
https://culture.seoul.go.kr/culture/culture/cultureEvent/view.do?cultcode=158562&menuNo=200008,문화생활,[마포문화재단] 제11회 M 클래식 축제 [소프라노 황수미 리사이틀],2026-09-17 ~ 2026-09-17,전체 (가족/어린이 동반),마포아트센터 아트홀맥,,[마포문화재단] 제11회 M 클래식 축제 [소프라노 황수미 리사이틀] 문화 행사,https://culture.seoul.go.kr/culture/culture/cultureEvent/view.do?cultcode=158562&menuNo=200008,family:1.0,2026-08-22 20:46:46,culture:1.0;educational:0.9;indoor:0.8,2,84
https://culture.seoul.go.kr/culture/culture/cultureEvent/view.do?cultcode=159092&menuNo=200008,가족체험,수림뉴웨이브 2026 - 정은혜 [Eot - Pulse],2026-09-17 ~ 2026-09-17,전체 (가족/어린이 동반),수림문화재단 김희수SPACE1,,수림뉴웨이브 2026 - 정은혜 [Eot - Pulse] 문화 행사,https://culture.seoul.go.kr/culture/culture/cultureEvent/view.do?cultcode=159092&menuNo=200008,family:1.0,2026-08-22 20:46:46,experience:1.0;family_time:1.0;activity:0.9,4,84
https://culture.seoul.go.kr/culture/culture/cultureEvent/view.do?cultcode=158348&menuNo=200010,가족체험,[문학주간2026] 곁눈질,2026-09-16 ~ 2026-09-20,전체 (가족/어린이 동반),대학로 마로니에 공원 일대,,[문학주간2026] 곁눈질 문화 행사,https://culture.seoul.go.kr/culture/culture/cultureEvent/view.do?cultcode=158348&menuNo=200010,family:1.0,2026-08-22 20:46:46,experience:1.0;family_time:1.0;activity:0.9,3,61
https://culture.seoul.go.kr/culture/culture/cultureEvent/view.do?cultcode=159136&menuNo=200008,문화생활,[강북문화재단] 2026 마티네 콘서트 [클래식 인 시네마],2026-09-16 ~ 2026-09-16,전체 (가족/어린이 동반),강북문화예술회관 강북진달래홀,,[강북문화재단] 2026 마티네 콘서트 [클래식 인 시네마] 문화 행사,https://culture.seoul.go.kr/culture/culture/cultureEvent/view.do?cultcode=159136&menuNo=200008,family:1.0,2026-08-22 20:46:46,culture:1.0;educational:0.9;indoor:0.8,3,69
https://culture.seoul.go.kr/culture/culture/cultureEvent/view.do?cultcode=159072&menuNo=200013,가족체험,[성동문화재단] 세계 영화 상영회 7회차 [슬로바키아 영화],2026-09-16 ~ 2026-09-16,전체 (가족/어린이 동반),성수아트홀,,[성동문화재단] 세계 영화 상영회 7회차 [슬로바키아 영화] 문화 행사,https://culture.seoul.go.kr/culture/culture/cultureEvent/view.do?cultcode=159072&menuNo=200013,family:1.0,2026-08-22 20:46:46,experience:1.0;family_time:1.0;activity:0.9,2,83
https://culture.seoul.go.kr/culture/culture/cultureEvent/view.do?cultcode=159138&menuNo=200008,가족체험,정연주 해금 독주회 [Seasons],2026-09-16 ~ 2026-09-16,전체 (가족/어린이 동반),국립국악원 우면당,,정연주 해금 독주회 [Seasons] 문화 행사,https://culture.seoul.go.kr/culture/culture/cultureEvent/view.do?cultcode=159138&menuNo=200008,family:1.0,2026-08-22 20:46:46,experience:1.0;family_time:1.0;activity:0.9,2,85
https://culture.seoul.go.kr/culture/culture/cultureEvent/view.do?cultcode=157857&menuNo=200008,문화생활,[마포문화재단] 2026 M 아티스트 선율 피아노 리사이틀 Ⅱ,2026-09-16 ~ 2026-09-16,전체 (가족/어린이 동반),마포아트센터 아트홀맥,,[마포문화재단] 2026 M 아티스트 선율 피아노 리사이틀 Ⅱ 문화 행사,https://culture.seoul.go.kr/culture/culture/cultureEvent/view.do?cultcode=157857&menuNo=200008,family:1.0,2026-08-22 20:46:46,culture:1.0;educational:0.9;indoor:0.8,4,81
https://culture.seoul.go.kr/culture/culture/cultureEvent/view.do?cultcode=158957&menuNo=200008,문화생활,[세종문화회관] 2026 누구나 클래식 with 대구시립교향악단,2026-09-15 ~ 2026-09-15,전체 (가족/어린이 동반),세종문화회관 세종대극장,,[세종문화회관] 2026 누구나 클래식 with 대구시립교향악단 문화 행사,https://culture.seoul.go.kr/culture/culture/cultureEvent/view.do?cultcode=158957&menuNo=200008,family:1.0,2026-08-22 20:46:46,culture:1.0;educational:0.9;indoor:0.8,3,87
https://culture.seoul.go.kr/culture/culture/cultureEvent/view.do?cultcode=158523&menuNo=200008,문화생활,[구로문화재단] 2026 이달의 공연 [사운드트립]_9월 홍진호 with 김준서&차환희,2026-09-15 ~ 2026-09-15,전체 (가족/어린이 동반),구로아트밸리 예술극장,,[구로문화재단] 2026 이달의 공연 [사운드트립]_9월 홍진호 with 김준서&차환희 문화 행사,https://culture.seoul.go.kr/culture/culture/cultureEvent/view.do?cultcode=158523&menuNo=200008,family:1.0,2026-08-22 20:46:46,culture:1.0;educational:0.9;indoor:0.8,2,61
https://culture.seoul.go.kr/culture/culture/cultureEvent/view.do?cultcode=159103&menuNo=200008,문화생활,라이브 퀘스트 뮤지컬 [코드네임X],2026-09-12 ~ 2026-10-18,전체 (가족/어린이 동반),국립중앙박물관 극장 용,,라이브 퀘스트 뮤지컬 [코드네임X] 문화 행사,https://culture.seoul.go.kr/culture/culture/cultureEvent/view.do?cultcode=159103&menuNo=200008,family:1.0,2026-08-22 20:46:46,culture:1.0;educational:0.9;indoor:0.8,4,75
https://culture.seoul.go.kr/culture/culture/cultureEvent/view.do?cultcode=159055&menuNo=200008,문화생활,[세종문화회관] 26세종시즌 [스미레 미용실],2026-09-12 ~ 2026-10-03,전체 (가족/어린이 동반),세종M씨어터,,[세종문화회관] 26세종시즌 [스미레 미용실] 문화 행사,https://culture.seoul.go.kr/culture/culture/cultureEvent/view.do?cultcode=159055&menuNo=200008,family:1.0,2026-08-22 20:46:46,culture:1.0;educational:0.9;indoor:0.8,2,77
https://culture.seoul.go.kr/culture/culture/cultureEvent/view.do?cultcode=158968&menuNo=200010,가족체험,제 4회 서울 두드림 페스티벌,2026-09-12 ~ 2026-09-13,전체 (가족/어린이 동반),"양천문화회관 대극장, 양천문화회관 해바라기홀, 양천문화회관 야외무대",,제 4회 서울 두드림 페스티벌 문화 행사,https://culture.seoul.go.kr/culture/culture/cultureEvent/view.do?cultcode=158968&menuNo=200010,family:1.0,2026-08-22 20:46:46,experience:1.0;family_time:1.0;activity:0.9,4,76
https://culture.seoul.go.kr/culture/culture/cultureEvent/view.do?cultcode=158502&menuNo=200011,가족체험,"[서울문화예술교육센터 서초] 음악의 집 [9월, 음악가의 사적인 플레이리스트] 음악으로 듣는 풍경",2026-09-12 ~ 2026-09-12,전체 (가족/어린이 동반),서울문화예술교육센터 서초 1층 더라운지,,"[서울문화예술교육센터 서초] 음악의 집 [9월, 음악가의 사적인 플레이리스트] 음악으로 듣는 풍경 문화 행사",https://culture.seoul.go.kr/culture/culture/cultureEvent/view.do?cultcode=158502&menuNo=200011,family:1.0,2026-08-22 20:46:46,experience:1.0;family_time:1.0;activity:0.9,2,77
https://culture.seoul.go.kr/culture/culture/cultureEvent/view.do?cultcode=158970&menuNo=200010,가족체험,2026 서울시 함께 어울림 페스티벌,2026-09-12 ~ 2026-09-12,전체 (가족/어린이 동반),정릉천복합문화공간 DDM스케이트파크,,2026 서울시 함께 어울림 페스티벌 문화 행사,https://culture.seoul.go.kr/culture/culture/cultureEvent/view.do?cultcode=158970&menuNo=200010,family:1.0,2026-08-22 20:46:46,experience:1.0;family_time:1.0;activity:0.9,2,63
https://culture.seoul.go.kr/culture/culture/cultureEvent/view.do?cultcode=158940&menuNo=200008,문화생활,[세종문화회관] 2026 꿈나무 토요음악회 [맛있는 클래식],2026-09-12 ~ 2026-09-12,전체 (가족/어린이 동반),세종문화회관 체임버홀,,[세종문화회관] 2026 꿈나무 토요음악회 [맛있는 클래식] 문화 행사,https://culture.seoul.go.kr/culture/culture/cultureEvent/view.do?cultcode=158940&menuNo=200008,family:1.0,2026-08-22 20:46:46,culture:1.0;educational:0.9;indoor:0.8,2,85
https://culture.seoul.go.kr/culture/culture/cultureEvent/view.do?cultcode=158897&menuNo=200008,문화생활,[구로문화재단] 예술극장 재개관 시리즈 [디토 오케스트라 정기연주회 톡톡 클래식],2026-09-12 ~ 2026-09-12,전체 (가족/어린이 동반),구로아트밸리 예술극장,,[구로문화재단] 예술극장 재개관 시리즈 [디토 오케스트라 정기연주회 톡톡 클래식] 문화 행사,https://culture.seoul.go.kr/culture/culture/cultureEvent/view.do?cultcode=158897&menuNo=200008,family:1.0,2026-08-22 20:46:46,culture:1.0;educational:0.9;indoor:0.8,2,70
https://culture.seoul.go.kr/culture/culture/cultureEvent/view.do?cultcode=159083&menuNo=200010,가족체험,"2026 동대문구 북 페스티벌 [책력장: 펼쳐라 책, 뛰어라 몸!]",2026-09-12 ~ 2026-09-12,전체 (가족/어린이 동반),동대문구청 미래광장 및 다목적 강당,,"2026 동대문구 북 페스티벌 [책력장: 펼쳐라 책, 뛰어라 몸!] 문화 행사",https://culture.seoul.go.kr/culture/culture/cultureEvent/view.do?cultcode=159083&menuNo=200010,family:1.0,2026-08-22 20:46:46,experience:1.0;family_time:1.0;activity:0.9,3,70
https://culture.seoul.go.kr/culture/culture/cultureEvent/view.do?cultcode=159051&menuNo=200011,가족체험,[청계천박물관] 2026년 하반기 초등 특수학급 교육 [오감으로 만지는 청계천이야기],2026-09-11 ~ 2026-10-23,전체 (가족/어린이 동반),청계천박물관(서울특별시 성동구 청계천로 530),,[청계천박물관] 2026년 하반기 초등 특수학급 교육 [오감으로 만지는 청계천이야기] 문화 행사,https://culture.seoul.go.kr/culture/culture/cultureEvent/view.do?cultcode=159051&menuNo=200011,family:1.0,2026-08-22 20:46:46,experience:1.0;family_time:1.0;activity:0.9,2,69
https://culture.seoul.go.kr/culture/culture/cultureEvent/view.do?cultcode=159112&menuNo=200009,문화생활,지금이라도 차차차를 해보면 어떨까?,2026-09-11 ~ 2026-09-19,전체 (가족/어린이 동반),홍대갤러리 키르큐펠,,지금이라도 차차차를 해보면 어떨까? 문화 행사,https://culture.seoul.go.kr/culture/culture/cultureEvent/view.do?cultcode=159112&menuNo=200009,family:1.0,2026-08-22 20:46:46,culture:1.0;educational:0.9;indoor:0.8,2,64
https://culture.seoul.go.kr/culture/culture/cultureEvent/view.do?cultcode=158698&menuNo=200008,가족체험,김보람 [관통시팔],2026-09-11 ~ 2026-09-13,전체 (가족/어린이 동반),성수아트홀,,김보람 [관통시팔] 문화 행사,https://culture.seoul.go.kr/culture/culture/cultureEvent/view.do?cultcode=158698&menuNo=200008,family:1.0,2026-08-22 20:46:46,experience:1.0;family_time:1.0;activity:0.9,2,81
https://culture.seoul.go.kr/culture/culture/cultureEvent/view.do?cultcode=159017&menuNo=200011,가족체험,"[2026 서울공익활동 박람회] 취향이 가치가 되는 곳, 삼각지 공지순례",2026-09-11 ~ 2026-09-12,전체 (가족/어린이 동반),서울시공익활동지원센터(B1) 및 1층(야외),,"[2026 서울공익활동 박람회] 취향이 가치가 되는 곳, 삼각지 공지순례 문화 행사",https://culture.seoul.go.kr/culture/culture/cultureEvent/view.do?cultcode=159017&menuNo=200011,family:1.0,2026-08-22 20:46:46,experience:1.0;family_time:1.0;activity:0.9,4,64
https://culture.seoul.go.kr/culture/culture/cultureEvent/view.do?cultcode=159144&menuNo=200010,가족체험,2026 용산 국가유산 야행,2026-09-11 ~ 2026-09-12,전체 (가족/어린이 동반),효창공원,,2026 용산 국가유산 야행 문화 행사,https://culture.seoul.go.kr/culture/culture/cultureEvent/view.do?cultcode=159144&menuNo=200010,family:1.0,2026-08-22 20:46:46,experience:1.0;family_time:1.0;activity:0.9,2,87
https://culture.seoul.go.kr/culture/culture/cultureEvent/view.do?cultcode=159045&menuNo=200011,가족체험,[마포구립서강도서관] 9월/도서관초대석 (조해진) 소설 [우리 세희] 바깥의 이야기 「작가힙톡(Hip-Talk)」,2026-09-11 ~ 2026-09-11,전체 (가족/어린이 동반),마포구립서강도서관 3층 세미나실,,[마포구립서강도서관] 9월/도서관초대석 (조해진) 소설 [우리 세희] 바깥의 이야기 「작가힙톡(Hip-Talk)」 문화 행사,https://culture.seoul.go.kr/culture/culture/cultureEvent/view.do?cultcode=159045&menuNo=200011,family:1.0,2026-08-22 20:46:46,experience:1.0;family_time:1.0;activity:0.9,4,64
https://culture.seoul.go.kr/culture/culture/cultureEvent/view.do?cultcode=158561&menuNo=200008,문화생활,[마포문화재단] 제11회 M 클래식 축제 [발렌티나 이고시나 피아노 리사이틀],2026-09-11 ~ 2026-09-11,전체 (가족/어린이 동반),마포아트센터 아트홀맥,,[마포문화재단] 제11회 M 클래식 축제 [발렌티나 이고시나 피아노 리사이틀] 문화 행사,https://culture.seoul.go.kr/culture/culture/cultureEvent/view.do?cultcode=158561&menuNo=200008,family:1.0,2026-08-22 20:46:46,culture:1.0;educational:0.9;indoor:0.8,3,60
https://culture.seoul.go.kr/culture/culture/cultureEvent/view.do?cultcode=158948&menuNo=200008,가족체험,제2회 김한백 소금 독주회 [소금창고 프로젝트 Ⅱ],2026-09-11 ~ 2026-09-11,전체 (가족/어린이 동반),JCC아트센터 콘서트홀,,제2회 김한백 소금 독주회 [소금창고 프로젝트 Ⅱ] 문화 행사,https://culture.seoul.go.kr/culture/culture/cultureEvent/view.do?cultcode=158948&menuNo=200008,family:1.0,2026-08-22 20:46:46,experience:1.0;family_time:1.0;activity:0.9,4,74
https://culture.seoul.go.kr/culture/culture/cultureEvent/view.do?cultcode=159008&menuNo=200008,문화생활,[서울시립교향악단] 2026 서울시향 최수열의 스크랴빈 교향곡 4번,2026-09-11 ~ 2026-09-11,전체 (가족/어린이 동반),롯데콘서트홀,,[서울시립교향악단] 2026 서울시향 최수열의 스크랴빈 교향곡 4번 문화 행사,https://culture.seoul.go.kr/culture/culture/cultureEvent/view.do?cultcode=159008&menuNo=200008,family:1.0,2026-08-22 20:46:46,culture:1.0;educational:0.9;indoor:0.8,2,68
https://culture.seoul.go.kr/culture/culture/cultureEvent/view.do?cultcode=159065&menuNo=200008,문화생활,우리신화이야기 [이야기장수와 도깨비],2026-09-10 ~ 2026-09-13,전체 (가족/어린이 동반),종로 아이들극장,,우리신화이야기 [이야기장수와 도깨비] 문화 행사,https://culture.seoul.go.kr/culture/culture/cultureEvent/view.do?cultcode=159065&menuNo=200008,family:1.0,2026-08-22 20:46:46,culture:1.0;educational:0.9;indoor:0.8,2,60
https://culture.seoul.go.kr/culture/culture/cultureEvent/view.do?cultcode=159069&menuNo=200008,가족체험,[세종문화회관] 26세종시즌 [무감서기],2026-09-10 ~ 2026-09-13,전체 (가족/어린이 동반),세종대극장,,[세종문화회관] 26세종시즌 [무감서기] 문화 행사,https://culture.seoul.go.kr/culture/culture/cultureEvent/view.do?cultcode=159069&menuNo=200008,family:1.0,2026-08-22 20:46:46,experience:1.0;family_time:1.0;activity:0.9,2,88
https://culture.seoul.go.kr/culture/culture/cultureEvent/view.do?cultcode=158560&menuNo=200008,문화생활,[마포문화재단] 제11회 M 클래식 축제 [백건우 피아노 리사이틀],2026-09-10 ~ 2026-09-10,전체 (가족/어린이 동반),마포아트센터 아트홀맥,,[마포문화재단] 제11회 M 클래식 축제 [백건우 피아노 리사이틀] 문화 행사,https://culture.seoul.go.kr/culture/culture/cultureEvent/view.do?cultcode=158560&menuNo=200008,family:1.0,2026-08-22 20:46:46,culture:1.0;educational:0.9;indoor:0.8,2,61
https://culture.seoul.go.kr/culture/culture/cultureEvent/view.do?cultcode=159029&menuNo=200008,가족체험,수림뉴웨이브 2026 - 추다혜 [엇숨],2026-09-10 ~ 2026-09-10,전체 (가족/어린이 동반),김희수아트센터SPACE1,,수림뉴웨이브 2026 - 추다혜 [엇숨] 문화 행사,https://culture.seoul.go.kr/culture/culture/cultureEvent/view.do?cultcode=159029&menuNo=200008,family:1.0,2026-08-22 20:46:46,experience:1.0;family_time:1.0;activity:0.9,4,83
https://culture.seoul.go.kr/culture/culture/cultureEvent/view.do?cultcode=159085&menuNo=200011,가족체험,[성북문화재단] 2026 성북축제학교 [지음·이음·다음],2026-09-09 ~ 2026-11-04,전체 (가족/어린이 동반),돌곶이생활예술문화센터,,[성북문화재단] 2026 성북축제학교 [지음·이음·다음] 문화 행사,https://culture.seoul.go.kr/culture/culture/cultureEvent/view.do?cultcode=159085&menuNo=200011,family:1.0,2026-08-22 20:46:46,experience:1.0;family_time:1.0;activity:0.9,2,88
https://culture.seoul.go.kr/culture/culture/cultureEvent/view.do?cultcode=158997&menuNo=200010,가족체험,2026 예술 일자리 박람회 [예술로 일하다],2026-09-09 ~ 2026-09-10,전체 (가족/어린이 동반),"홍익대학교 대학로 아트센터 1·3 전시장, 예술가의집",,2026 예술 일자리 박람회 [예술로 일하다] 문화 행사,https://culture.seoul.go.kr/culture/culture/cultureEvent/view.do?cultcode=158997&menuNo=200010,family:1.0,2026-08-22 20:46:46,experience:1.0;family_time:1.0;activity:0.9,2,87
https://culture.seoul.go.kr/culture/culture/cultureEvent/view.do?cultcode=159028&menuNo=200008,문화생활,[동대문문화재단] 2026 신규 기획공연 [브런치 콘서트 아트리움 - 국립국악관현악단 청년교육단원],2026-09-09 ~ 2026-09-09,전체 (가족/어린이 동반),선농단역사문화관 지하 3층 중정,,[동대문문화재단] 2026 신규 기획공연 [브런치 콘서트 아트리움 - 국립국악관현악단 청년교육단원] 문화 행사,https://culture.seoul.go.kr/culture/culture/cultureEvent/view.do?cultcode=159028&menuNo=200008,family:1.0,2026-08-22 20:46:46,culture:1.0;educational:0.9;indoor:0.8,3,61
https://culture.seoul.go.kr/culture/culture/cultureEvent/view.do?cultcode=159009&menuNo=200008,문화생활,[서울시립교향악단] 2026 서울시향 체임버 클래식스 V: 고전 빈,2026-09-09 ~ 2026-09-09,전체 (가족/어린이 동반),세종문화회관 체임버홀,,[서울시립교향악단] 2026 서울시향 체임버 클래식스 V: 고전 빈 문화 행사,https://culture.seoul.go.kr/culture/culture/cultureEvent/view.do?cultcode=159009&menuNo=200008,family:1.0,2026-08-22 20:46:46,culture:1.0;educational:0.9;indoor:0.8,4,68
https://culture.seoul.go.kr/culture/culture/cultureEvent/view.do?cultcode=159061&menuNo=200008,가족체험,[조윤라발레단] 어제 같은 오늘 그리고 내일은 III,2026-09-08 ~ 2026-09-09,전체 (가족/어린이 동반),마포아트센터 아트홀 맥,,[조윤라발레단] 어제 같은 오늘 그리고 내일은 III 문화 행사,https://culture.seoul.go.kr/culture/culture/cultureEvent/view.do?cultcode=159061&menuNo=200008,family:1.0,2026-08-22 20:46:46,experience:1.0;family_time:1.0;activity:0.9,3,87
https://culture.seoul.go.kr/culture/culture/cultureEvent/view.do?cultcode=158953&menuNo=200011,가족체험,[서울영화센터] 스크린 속 미술 이야기,2026-09-08 ~ 2026-09-08,전체 (가족/어린이 동반),서울영화센터 7층 다목적실,,[서울영화센터] 스크린 속 미술 이야기 문화 행사,https://culture.seoul.go.kr/culture/culture/cultureEvent/view.do?cultcode=158953&menuNo=200011,family:1.0,2026-08-22 20:46:46,experience:1.0;family_time:1.0;activity:0.9;drawing:1.0,4,70
https://culture.seoul.go.kr/culture/culture/cultureEvent/view.do?cultcode=159113&menuNo=200008,가족체험,춤추는 여자들 [당신은 지금 바비레따에 살고 있군요 Ver.2],2026-09-07 ~ 2026-09-21,전체 (가족/어린이 동반),서울남산국악당 야외마당,,춤추는 여자들 [당신은 지금 바비레따에 살고 있군요 Ver.2] 문화 행사,https://culture.seoul.go.kr/culture/culture/cultureEvent/view.do?cultcode=159113&menuNo=200008,family:1.0,2026-08-22 20:46:46,experience:1.0;family_time:1.0;activity:0.9,3,84
https://culture.seoul.go.kr/culture/culture/cultureEvent/view.do?cultcode=159114&menuNo=200011,가족체험,[도산안창호 기념관] 2026 어린이 역사체험,2026-09-07 ~ 2026-09-11,전체 (가족/어린이 동반),도산안창호기념관 강당(점진홀),,[도산안창호 기념관] 2026 어린이 역사체험 문화 행사,https://culture.seoul.go.kr/culture/culture/cultureEvent/view.do?cultcode=159114&menuNo=200011,family:1.0,2026-08-22 20:46:46,experience:1.0;family_time:1.0;activity:0.9,4,86
https://culture.seoul.go.kr/culture/culture/cultureEvent/view.do?cultcode=159109&menuNo=200010,가족체험,"[성북문화재단] 2026 성북 책모꼬지 북페스티벌 [도서관 네트워크 ON, 성북을 밝히다]",2026-09-06 ~ 2026-09-06,전체 (가족/어린이 동반),"성북구청 앞 바람마당교, 성북천 수변활력거점 일대",,"[성북문화재단] 2026 성북 책모꼬지 북페스티벌 [도서관 네트워크 ON, 성북을 밝히다] 문화 행사",https://culture.seoul.go.kr/culture/culture/cultureEvent/view.do?cultcode=159109&menuNo=200010,family:1.0,2026-08-22 20:46:46,experience:1.0;family_time:1.0;activity:0.9,2,64
https://culture.seoul.go.kr/culture/culture/cultureEvent/view.do?cultcode=158945&menuNo=200011,가족체험,[서울영화센터] 스마트폰으로 만드는 나만의 영화 - Ⅲ.포스트프로덕션,2026-09-05 ~ 2026-09-12,전체 (가족/어린이 동반),서울영화센터 7층 다목적실,,[서울영화센터] 스마트폰으로 만드는 나만의 영화 - Ⅲ.포스트프로덕션 문화 행사,https://culture.seoul.go.kr/culture/culture/cultureEvent/view.do?cultcode=158945&menuNo=200011,family:1.0,2026-08-22 20:46:46,experience:1.0;family_time:1.0;activity:0.9,2,71
https://culture.seoul.go.kr/culture/culture/cultureEvent/view.do?cultcode=159081&menuNo=200008,가족체험,[강동문화재단XSIDance] 시네쿠아논아트x전복된 해부학적 풍경 [욕망은 혼란을 부른다],2026-09-05 ~ 2026-09-05,전체 (가족/어린이 동반),강동아트센터 대극장 한강,,[강동문화재단XSIDance] 시네쿠아논아트x전복된 해부학적 풍경 [욕망은 혼란을 부른다] 문화 행사,https://culture.seoul.go.kr/culture/culture/cultureEvent/view.do?cultcode=159081&menuNo=200008,family:1.0,2026-08-22 20:46:46,experience:1.0;family_time:1.0;activity:0.9,3,83
https://culture.seoul.go.kr/culture/culture/cultureEvent/view.do?cultcode=158993&menuNo=200011,가족체험,[궁] 저자와 함께하는 인문학 여행 [궁으로 출근합니다.],2026-09-05 ~ 2026-09-05,전체 (가족/어린이 동반),서울도서관 광화문라운지,,[궁] 저자와 함께하는 인문학 여행 [궁으로 출근합니다.] 문화 행사,https://culture.seoul.go.kr/culture/culture/cultureEvent/view.do?cultcode=158993&menuNo=200011,family:1.0,2026-08-22 20:46:46,experience:1.0;family_time:1.0;activity:0.9,4,77
https://culture.seoul.go.kr/culture/culture/cultureEvent/view.do?cultcode=159053&menuNo=200008,문화생활,프로젝트 오디너리 [Opera Without Words],2026-09-05 ~ 2026-09-05,전체 (가족/어린이 동반),세종체임버홀,,프로젝트 오디너리 [Opera Without Words] 문화 행사,https://culture.seoul.go.kr/culture/culture/cultureEvent/view.do?cultcode=159053&menuNo=200008,family:1.0,2026-08-22 20:46:46,culture:1.0;educational:0.9;indoor:0.8,3,87
https://culture.seoul.go.kr/culture/culture/cultureEvent/view.do?cultcode=158602&menuNo=200009,문화생활,2026 서울 일러스트코리아 in aT,2026-09-04 ~ 2026-09-06,전체 (가족/어린이 동반),서울 aT센터 3층,,2026 서울 일러스트코리아 in aT 문화 행사,https://culture.seoul.go.kr/culture/culture/cultureEvent/view.do?cultcode=158602&menuNo=200009,family:1.0,2026-08-22 20:46:46,culture:1.0;educational:0.9;indoor:0.8,3,73
https://culture.seoul.go.kr/culture/culture/cultureEvent/view.do?cultcode=159040&menuNo=200010,가족체험,2026 새활용 페스티벌,2026-09-04 ~ 2026-09-06,전체 (가족/어린이 동반),서울새활용플라자 및 새활용거리 일대,,2026 새활용 페스티벌 문화 행사,https://culture.seoul.go.kr/culture/culture/cultureEvent/view.do?cultcode=159040&menuNo=200010,family:1.0,2026-08-22 20:46:46,experience:1.0;family_time:1.0;activity:0.9,3,60
https://culture.seoul.go.kr/culture/culture/cultureEvent/view.do?cultcode=159116&menuNo=200011,가족체험,2026 사람사는세상 책문화제[질문하는 사람],2026-09-04 ~ 2026-09-06,전체 (가족/어린이 동반),노무현시민센터,,2026 사람사는세상 책문화제[질문하는 사람] 문화 행사,https://culture.seoul.go.kr/culture/culture/cultureEvent/view.do?cultcode=159116&menuNo=200011,family:1.0,2026-08-22 20:46:46,experience:1.0;family_time:1.0;activity:0.9,4,79
https://culture.seoul.go.kr/culture/culture/cultureEvent/view.do?cultcode=158601&menuNo=200009,문화생활,2026 Be My OBJECT [나만의 소품&오브제 마켓],2026-09-04 ~ 2026-09-06,전체 (가족/어린이 동반),서울 aT센터 1층,,2026 Be My OBJECT [나만의 소품&오브제 마켓] 문화 행사,https://culture.seoul.go.kr/culture/culture/cultureEvent/view.do?cultcode=158601&menuNo=200009,family:1.0,2026-08-22 20:46:46,culture:1.0;educational:0.9;indoor:0.8,3,65
https://culture.seoul.go.kr/culture/culture/cultureEvent/view.do?cultcode=158975&menuNo=200013,가족체험,[세종문화회관] HYPNOSIS THERAPY on Sync Next 26,2026-09-04 ~ 2026-09-05,전체 (가족/어린이 동반),세종S씨어터,,[세종문화회관] HYPNOSIS THERAPY on Sync Next 26 문화 행사,https://culture.seoul.go.kr/culture/culture/cultureEvent/view.do?cultcode=158975&menuNo=200013,family:1.0,2026-08-22 20:46:46,experience:1.0;family_time:1.0;activity:0.9,4,73
https://culture.seoul.go.kr/culture/culture/cultureEvent/view.do?cultcode=159054&menuNo=200008,문화생활,From Latin America [남미로부터] 이동휘 클래식기타 독주회,2026-09-04 ~ 2026-09-04,전체 (가족/어린이 동반),세종체임버홀,,From Latin America [남미로부터] 이동휘 클래식기타 독주회 문화 행사,https://culture.seoul.go.kr/culture/culture/cultureEvent/view.do?cultcode=159054&menuNo=200008,family:1.0,2026-08-22 20:46:46,culture:1.0;educational:0.9;indoor:0.8,2,69
https://culture.seoul.go.kr/culture/culture/cultureEvent/view.do?cultcode=158966&menuNo=200008,문화생활,[서초문화재단] 서리풀 서초9 시리즈 6 피아니스트 최현아의 다이얼로그 [바흐와 베토벤의 근원과 구조],2026-09-04 ~ 2026-09-04,전체 (가족/어린이 동반),반포심산아트홀,,[서초문화재단] 서리풀 서초9 시리즈 6 피아니스트 최현아의 다이얼로그 [바흐와 베토벤의 근원과 구조] 문화 행사,https://culture.seoul.go.kr/culture/culture/cultureEvent/view.do?cultcode=158966&menuNo=200008,family:1.0,2026-08-22 20:46:46,culture:1.0;educational:0.9;indoor:0.8,4,63
https://culture.seoul.go.kr/culture/culture/cultureEvent/view.do?cultcode=158994&menuNo=200011,가족체험,2026년 서초구 양성평등주간 기념특강 개그우먼 조혜련의 [행복의 레벨을 높여라!],2026-09-04 ~ 2026-09-04,전체 (가족/어린이 동반),서초구청 2층 대강당,,2026년 서초구 양성평등주간 기념특강 개그우먼 조혜련의 [행복의 레벨을 높여라!] 문화 행사,https://culture.seoul.go.kr/culture/culture/cultureEvent/view.do?cultcode=158994&menuNo=200011,family:1.0,2026-08-22 20:46:46,experience:1.0;family_time:1.0;activity:0.9,3,85
https://culture.seoul.go.kr/culture/culture/cultureEvent/view.do?cultcode=158973&menuNo=200008,가족체험,[세종문화회관] 26세종시즌 [창작 국악 시리즈 신풍류전],2026-09-04 ~ 2026-09-04,전체 (가족/어린이 동반),세종M씨어터,,[세종문화회관] 26세종시즌 [창작 국악 시리즈 신풍류전] 문화 행사,https://culture.seoul.go.kr/culture/culture/cultureEvent/view.do?cultcode=158973&menuNo=200008,family:1.0,2026-08-22 20:46:46,experience:1.0;family_time:1.0;activity:0.9,4,83
https://culture.seoul.go.kr/culture/culture/cultureEvent/view.do?cultcode=158789&menuNo=200013,가족체험,[서울백제어린이박물관] 문화로 야금야금 8월 특별프로그램 [버블&벌룬쇼],2026-09-04 ~ 2026-09-04,전체 (가족/어린이 동반),서울백제어린이박물관 야외 마당,,[서울백제어린이박물관] 문화로 야금야금 8월 특별프로그램 [버블&벌룬쇼] 문화 행사,https://culture.seoul.go.kr/culture/culture/cultureEvent/view.do?cultcode=158789&menuNo=200013,family:1.0,2026-08-22 20:46:46,experience:1.0;family_time:1.0;activity:0.9,2,86
https://culture.seoul.go.kr/culture/culture/cultureEvent/view.do?cultcode=159153&menuNo=200011,가족체험,[서울외국인주민센터] 2026년 세계문화탐방 [일상 속 세계정거장] 튀르키예 문화편,2026-09-04 ~ 2026-09-04,전체 (가족/어린이 동반),주한튀르키예 문화원 지하강당 (서울 중구 동호로 240 환경빌딩),,[서울외국인주민센터] 2026년 세계문화탐방 [일상 속 세계정거장] 튀르키예 문화편 문화 행사,https://culture.seoul.go.kr/culture/culture/cultureEvent/view.do?cultcode=159153&menuNo=200011,family:1.0,2026-08-22 20:46:46,experience:1.0;family_time:1.0;activity:0.9,3,66
https://culture.seoul.go.kr/culture/culture/cultureEvent/view.do?cultcode=159058&menuNo=200011,가족체험,[청계천박물관] 2026년 하반기 유아 단체 교육 [꼬물꼬물 청계천 보물찾기],2026-09-03 ~ 2026-10-22,전체 (가족/어린이 동반),청계천박물관 (서울특별시 성동구 청계천로 530),,[청계천박물관] 2026년 하반기 유아 단체 교육 [꼬물꼬물 청계천 보물찾기] 문화 행사,https://culture.seoul.go.kr/culture/culture/cultureEvent/view.do?cultcode=159058&menuNo=200011,family:1.0,2026-08-22 20:46:46,experience:1.0;family_time:1.0;activity:0.9,3,76
https://culture.seoul.go.kr/culture/culture/cultureEvent/view.do?cultcode=158746&menuNo=200010,가족체험,2026 창극 중심 세계음악극축제,2026-09-03 ~ 2026-09-26,전체 (가족/어린이 동반),"국립극장(해오름극장, 달오름극장, 하늘극장)",,2026 창극 중심 세계음악극축제 문화 행사,https://culture.seoul.go.kr/culture/culture/cultureEvent/view.do?cultcode=158746&menuNo=200010,family:1.0,2026-08-22 20:46:46,experience:1.0;family_time:1.0;activity:0.9,3,70
https://culture.seoul.go.kr/culture/culture/cultureEvent/view.do?cultcode=158854&menuNo=200008,문화생활,국립극장 기획 [옹옹옹],2026-09-03 ~ 2026-09-06,전체 (가족/어린이 동반),국립극장 달오름극장,,국립극장 기획 [옹옹옹] 문화 행사,https://culture.seoul.go.kr/culture/culture/cultureEvent/view.do?cultcode=158854&menuNo=200008,family:1.0,2026-08-22 20:46:46,culture:1.0;educational:0.9;indoor:0.8,4,70
https://culture.seoul.go.kr/culture/culture/cultureEvent/view.do?cultcode=159118&menuNo=200008,문화생활,2026 서울시 찾아가는 유랑극단 선정작 [소시민],2026-09-03 ~ 2026-09-05,전체 (가족/어린이 동반),은평문화예술회관 숲속극장,,2026 서울시 찾아가는 유랑극단 선정작 [소시민] 문화 행사,https://culture.seoul.go.kr/culture/culture/cultureEvent/view.do?cultcode=159118&menuNo=200008,family:1.0,2026-08-22 20:46:46,culture:1.0;educational:0.9;indoor:0.8,4,72
https://culture.seoul.go.kr/culture/culture/cultureEvent/view.do?cultcode=159080&menuNo=200008,가족체험,[강동문화재단XSIDance] 토마스 눈 무용단 [사기꾼] / JKC 프로젝트 [ANY],2026-09-03 ~ 2026-09-03,전체 (가족/어린이 동반),강동아트센터 소극장 드림,,[강동문화재단XSIDance] 토마스 눈 무용단 [사기꾼] / JKC 프로젝트 [ANY] 문화 행사,https://culture.seoul.go.kr/culture/culture/cultureEvent/view.do?cultcode=159080&menuNo=200008,family:1.0,2026-08-22 20:46:46,experience:1.0;family_time:1.0;activity:0.9,4,60
https://culture.seoul.go.kr/culture/culture/cultureEvent/view.do?cultcode=158636&menuNo=200008,가족체험,수림뉴웨이브 2026 - 이준 [Golden Hour],2026-09-03 ~ 2026-09-03,전체 (가족/어린이 동반),수림문화재단 김희수SPACE1,,수림뉴웨이브 2026 - 이준 [Golden Hour] 문화 행사,https://culture.seoul.go.kr/culture/culture/cultureEvent/view.do?cultcode=158636&menuNo=200008,family:1.0,2026-08-22 20:46:46,experience:1.0;family_time:1.0;activity:0.9,2,62
https://culture.seoul.go.kr/culture/culture/cultureEvent/view.do?cultcode=159063&menuNo=200011,가족체험,"[청계천박물관] 2026년 하반기 초등4~6학년 학급단체 교육 [졸졸졸 개천, 콸콸콸 준천]",2026-09-02 ~ 2026-10-28,전체 (가족/어린이 동반),청계천박물관(서울특별시 성동구 청계천로 530),,"[청계천박물관] 2026년 하반기 초등4~6학년 학급단체 교육 [졸졸졸 개천, 콸콸콸 준천] 문화 행사",https://culture.seoul.go.kr/culture/culture/cultureEvent/view.do?cultcode=159063&menuNo=200011,family:1.0,2026-08-22 20:46:46,experience:1.0;family_time:1.0;activity:0.9,3,68
https://culture.seoul.go.kr/culture/culture/cultureEvent/view.do?cultcode=158944&menuNo=200011,가족체험,[개봉도서관] 2026년 특성화 프로그램 [찾아가는 금융교실],2026-09-02 ~ 2026-09-23,전체 (가족/어린이 동반),구로구공익활동지원센터 소회의실(잇다),,[개봉도서관] 2026년 특성화 프로그램 [찾아가는 금융교실] 문화 행사,https://culture.seoul.go.kr/culture/culture/cultureEvent/view.do?cultcode=158944&menuNo=200011,family:1.0,2026-08-22 20:46:46,experience:1.0;family_time:1.0;activity:0.9,4,83
https://culture.seoul.go.kr/culture/culture/cultureEvent/view.do?cultcode=159044&menuNo=200011,가족체험,[구산동도서관마을] 2026년 도서관 다문화 서비스 - 문화 다양성을 말하다 : 『그래도 되는 차별은 없다』 저자와의 만남,2026-09-02 ~ 2026-09-23,전체 (가족/어린이 동반),구산동도서관마을 3층 힐링캠프,,[구산동도서관마을] 2026년 도서관 다문화 서비스 - 문화 다양성을 말하다 : 『그래도 되는 차별은 없다』 저자와의 만남 문화 행사,https://culture.seoul.go.kr/culture/culture/cultureEvent/view.do?cultcode=159044&menuNo=200011,family:1.0,2026-08-22 20:46:46,experience:1.0;family_time:1.0;activity:0.9,3,68
https://culture.seoul.go.kr/culture/culture/cultureEvent/view.do?cultcode=159079&menuNo=200008,가족체험,[강동문화재단XSIDance] 울티마 베스 [보이드],2026-09-02 ~ 2026-09-02,전체 (가족/어린이 동반),강동아트센터 대극장 한강,,[강동문화재단XSIDance] 울티마 베스 [보이드] 문화 행사,https://culture.seoul.go.kr/culture/culture/cultureEvent/view.do?cultcode=159079&menuNo=200008,family:1.0,2026-08-22 20:46:46,experience:1.0;family_time:1.0;activity:0.9,4,80
https://culture.seoul.go.kr/culture/culture/cultureEvent/view.do?cultcode=158896&menuNo=200008,문화생활,[구로문화재단] 예술극장 재개관 시리즈 코믹발레오페라 [상상병 환자 2026],2026-09-02 ~ 2026-09-02,전체 (가족/어린이 동반),구로아트밸리 예술극장,,[구로문화재단] 예술극장 재개관 시리즈 코믹발레오페라 [상상병 환자 2026] 문화 행사,https://culture.seoul.go.kr/culture/culture/cultureEvent/view.do?cultcode=158896&menuNo=200008,family:1.0,2026-08-22 20:46:46,culture:1.0;educational:0.9;indoor:0.8,2,62
https://culture.seoul.go.kr/culture/culture/cultureEvent/view.do?cultcode=158814&menuNo=200011,가족체험,[서울생활사박물관] 2026년 하반기 변장나들이,2026-09-01 ~ 2026-11-10,전체 (가족/어린이 동반),서울생활사박물관,,[서울생활사박물관] 2026년 하반기 변장나들이 문화 행사,https://culture.seoul.go.kr/culture/culture/cultureEvent/view.do?cultcode=158814&menuNo=200011,family:1.0,2026-08-22 20:46:46,experience:1.0;family_time:1.0;activity:0.9,4,71
https://culture.seoul.go.kr/culture/culture/cultureEvent/view.do?cultcode=159100&menuNo=200011,가족체험,[송파 청년아티스트센터] 예술가와 함께하는 풍납 탐구 생활 9월 프로그램,2026-09-01 ~ 2026-09-30,전체 (가족/어린이 동반),송파 청년아티스트센터 1층,,[송파 청년아티스트센터] 예술가와 함께하는 풍납 탐구 생활 9월 프로그램 문화 행사,https://culture.seoul.go.kr/culture/culture/cultureEvent/view.do?cultcode=159100&menuNo=200011,family:1.0,2026-08-22 20:46:46,experience:1.0;family_time:1.0;activity:0.9,3,72
https://culture.seoul.go.kr/culture/culture/cultureEvent/view.do?cultcode=159130&menuNo=200011,가족체험,[중랑문화재단] 2026 중랑아트센터 [나대기 예술아카데미] 9월 프로그램,2026-09-01 ~ 2026-09-30,전체 (가족/어린이 동반),중랑아트센터 프로그램실/시청각실,,[중랑문화재단] 2026 중랑아트센터 [나대기 예술아카데미] 9월 프로그램 문화 행사,https://culture.seoul.go.kr/culture/culture/cultureEvent/view.do?cultcode=159130&menuNo=200011,family:1.0,2026-08-22 20:46:46,experience:1.0;family_time:1.0;activity:0.9,3,86
https://culture.seoul.go.kr/culture/culture/cultureEvent/view.do?cultcode=159066&menuNo=200011,가족체험,"[청계천박물관] 9월 개방형교육 [우리들의 친구, 청계천박물관]",2026-09-01 ~ 2026-09-29,전체 (가족/어린이 동반),청계천박물관 지하1층 교육실,,"[청계천박물관] 9월 개방형교육 [우리들의 친구, 청계천박물관] 문화 행사",https://culture.seoul.go.kr/culture/culture/cultureEvent/view.do?cultcode=159066&menuNo=200011,family:1.0,2026-08-22 20:46:46,experience:1.0;family_time:1.0;activity:0.9,3,74
https://culture.seoul.go.kr/culture/culture/cultureEvent/view.do?cultcode=159106&menuNo=200009,문화생활,"[창덕궁 낙선재] K-헤리티지 아트전, 이음의 선(線)",2026-09-01 ~ 2026-09-06,전체 (가족/어린이 동반),창덕궁 낙선재,,"[창덕궁 낙선재] K-헤리티지 아트전, 이음의 선(線) 문화 행사",https://culture.seoul.go.kr/culture/culture/cultureEvent/view.do?cultcode=159106&menuNo=200009,family:1.0,2026-08-22 20:46:46,culture:1.0;educational:0.9;indoor:0.8,3,75
https://culture.seoul.go.kr/culture/culture/cultureEvent/view.do?cultcode=158910&menuNo=200009,문화생활,[서울시청] 2026 서울아트위크,2026-08-31 ~ 2026-09-06,전체 (가족/어린이 동반),"뉴스뮤지엄, 서울시립미술관, 서울공예박물관, 코엑스 등 시각예술공간 135개소",,[서울시청] 2026 서울아트위크 문화 행사,https://culture.seoul.go.kr/culture/culture/cultureEvent/view.do?cultcode=158910&menuNo=200009,family:1.0,2026-08-22 20:46:46,culture:1.0;educational:0.9;indoor:0.8,4,88
https://culture.seoul.go.kr/culture/culture/cultureEvent/view.do?cultcode=158808&menuNo=200009,문화생활,[서울디자인재단] 디자인마이애미 서울 2026,2026-08-31 ~ 2026-09-06,전체 (가족/어린이 동반),DDP 디자인랩 1층 SHOWROOM,,[서울디자인재단] 디자인마이애미 서울 2026 문화 행사,https://culture.seoul.go.kr/culture/culture/cultureEvent/view.do?cultcode=158808&menuNo=200009,family:1.0,2026-08-22 20:46:46,culture:1.0;educational:0.9;indoor:0.8,4,88
https://culture.seoul.go.kr/culture/culture/cultureEvent/view.do?cultcode=158929&menuNo=200008,가족체험,[라율 영재&영아티스트] 홍마리 바이올린 독주회,2026-08-31 ~ 2026-08-31,전체 (가족/어린이 동반),라율아트홀,,[라율 영재&영아티스트] 홍마리 바이올린 독주회 문화 행사,https://culture.seoul.go.kr/culture/culture/cultureEvent/view.do?cultcode=158929&menuNo=200008,family:1.0,2026-08-22 20:46:46,experience:1.0;family_time:1.0;activity:0.9,2,72
https://culture.seoul.go.kr/culture/culture/cultureEvent/view.do?cultcode=158979&menuNo=200008,문화생활,김도연 피아노 독주회,2026-08-30 ~ 2026-08-30,전체 (가족/어린이 동반),예술의전당 인춘아트홀,,김도연 피아노 독주회 문화 행사,https://culture.seoul.go.kr/culture/culture/cultureEvent/view.do?cultcode=158979&menuNo=200008,family:1.0,2026-08-22 20:46:46,culture:1.0;educational:0.9;indoor:0.8,2,64
https://culture.seoul.go.kr/culture/culture/cultureEvent/view.do?cultcode=159124&menuNo=200011,가족체험,서울대학교 심상용 교수의 특별 강연 & 북토크 [자본은 어떻게 예술의 가격을 만들어왔는가],2026-08-30 ~ 2026-08-30,전체 (가족/어린이 동반),서울시립미술관 서소문본관 지하1층 세마홀,,서울대학교 심상용 교수의 특별 강연 & 북토크 [자본은 어떻게 예술의 가격을 만들어왔는가] 문화 행사,https://culture.seoul.go.kr/culture/culture/cultureEvent/view.do?cultcode=159124&menuNo=200011,family:1.0,2026-08-22 20:46:46,experience:1.0;family_time:1.0;activity:0.9,4,78
https://culture.seoul.go.kr/culture/culture/cultureEvent/view.do?cultcode=158899&menuNo=200010,가족체험,[서울시청] 제3회 서울조각페스티벌,2026-08-29 ~ 2026-11-30,전체 (가족/어린이 동반),"열린송현녹지광장, 뚝섬한강공원",,[서울시청] 제3회 서울조각페스티벌 문화 행사,https://culture.seoul.go.kr/culture/culture/cultureEvent/view.do?cultcode=158899&menuNo=200010,family:1.0,2026-08-22 20:46:46,experience:1.0;family_time:1.0;activity:0.9,4,80
https://culture.seoul.go.kr/culture/culture/cultureEvent/view.do?cultcode=158762&menuNo=200011,가족체험,[은평역사한옥박물관] 2026 전통건축 장인과 만나다,2026-08-29 ~ 2026-11-28,전체 (가족/어린이 동반),은평역사한옥박물관 교육실,,[은평역사한옥박물관] 2026 전통건축 장인과 만나다 문화 행사,https://culture.seoul.go.kr/culture/culture/cultureEvent/view.do?cultcode=158762&menuNo=200011,family:1.0,2026-08-22 20:46:46,experience:1.0;family_time:1.0;activity:0.9,4,87
https://culture.seoul.go.kr/culture/culture/cultureEvent/view.do?cultcode=159098&menuNo=200008,문화생활,[아르코꿈밭극장] 오브제 인형극 [나의 창백한 푸른 점],2026-08-29 ~ 2026-08-30,전체 (가족/어린이 동반),아르코꿈밭극장,,[아르코꿈밭극장] 오브제 인형극 [나의 창백한 푸른 점] 문화 행사,https://culture.seoul.go.kr/culture/culture/cultureEvent/view.do?cultcode=159098&menuNo=200008,family:1.0,2026-08-22 20:46:46,culture:1.0;educational:0.9;indoor:0.8,2,67
https://culture.seoul.go.kr/culture/culture/cultureEvent/view.do?cultcode=159033&menuNo=200008,가족체험,2026년 서울문화재단 예술창작활동지원 선정 프로젝트 [DUMMY : 더미],2026-08-29 ~ 2026-08-30,전체 (가족/어린이 동반),LDK,,2026년 서울문화재단 예술창작활동지원 선정 프로젝트 [DUMMY : 더미] 문화 행사,https://culture.seoul.go.kr/culture/culture/cultureEvent/view.do?cultcode=159033&menuNo=200008,family:1.0,2026-08-22 20:46:46,experience:1.0;family_time:1.0;activity:0.9,2,70
https://culture.seoul.go.kr/culture/culture/cultureEvent/view.do?cultcode=158707&menuNo=200008,문화생활,[강북문화재단] 명품 어린이 연극 [강아지똥],2026-08-29 ~ 2026-08-29,전체 (가족/어린이 동반),강북문화예술회관 강북소나무홀,,[강북문화재단] 명품 어린이 연극 [강아지똥] 문화 행사,https://culture.seoul.go.kr/culture/culture/cultureEvent/view.do?cultcode=158707&menuNo=200008,family:1.0,2026-08-22 20:46:46,culture:1.0;educational:0.9;indoor:0.8,4,74
https://culture.seoul.go.kr/culture/culture/cultureEvent/view.do?cultcode=158795&menuNo=200011,가족체험,[구로문화누리도서관] 나이 그림책 작가 북토크 [마나의 편지],2026-08-29 ~ 2026-08-29,전체 (가족/어린이 동반),구로문화누리도서관 4층 큰누리홀,,[구로문화누리도서관] 나이 그림책 작가 북토크 [마나의 편지] 문화 행사,https://culture.seoul.go.kr/culture/culture/cultureEvent/view.do?cultcode=158795&menuNo=200011,family:1.0,2026-08-22 20:46:46,experience:1.0;family_time:1.0;activity:0.9,2,64
https://culture.seoul.go.kr/culture/culture/cultureEvent/view.do?cultcode=159048&menuNo=200011,가족체험,"[힙독클럽 X 서울아트책보고 북토크] 김혜리 기자, 신형철 평론가 『우리가 사랑한 책』 북토크 : 책을 닫을 때 시작되는 이야기",2026-08-29 ~ 2026-08-29,전체 (가족/어린이 동반),서울아트책보고 열린무대,,"[힙독클럽 X 서울아트책보고 북토크] 김혜리 기자, 신형철 평론가 『우리가 사랑한 책』 북토크 : 책을 닫을 때 시작되는 이야기 문화 행사",https://culture.seoul.go.kr/culture/culture/cultureEvent/view.do?cultcode=159048&menuNo=200011,family:1.0,2026-08-22 20:46:46,experience:1.0;family_time:1.0;activity:0.9,2,77
https://culture.seoul.go.kr/culture/culture/cultureEvent/view.do?cultcode=158881&menuNo=200008,문화생활,"그 해, 뜨거웠던 여름의 기록 - 쇼팽 후기 작품들",2026-08-29 ~ 2026-08-29,전체 (가족/어린이 동반),스튜디오301 성수,,"그 해, 뜨거웠던 여름의 기록 - 쇼팽 후기 작품들 문화 행사",https://culture.seoul.go.kr/culture/culture/cultureEvent/view.do?cultcode=158881&menuNo=200008,family:1.0,2026-08-22 20:46:46,culture:1.0;educational:0.9;indoor:0.8,3,87
https://culture.seoul.go.kr/culture/culture/cultureEvent/view.do?cultcode=158909&menuNo=200011,가족체험,[금천문화재단] 금천구립독산도서관 상주작가 지원사업 [마음의 각주],2026-08-29 ~ 2026-08-29,전체 (가족/어린이 동반),금천구립독산도서관 2층 강의실,,[금천문화재단] 금천구립독산도서관 상주작가 지원사업 [마음의 각주] 문화 행사,https://culture.seoul.go.kr/culture/culture/cultureEvent/view.do?cultcode=158909&menuNo=200011,family:1.0,2026-08-22 20:46:46,experience:1.0;family_time:1.0;activity:0.9,2,66
https://culture.seoul.go.kr/culture/culture/cultureEvent/view.do?cultcode=158776&menuNo=200008,가족체험,[서울남산국악당] 2026 젊은국악 단장 - 창작아티스트 오늘 [다들 그러고 삽니다],2026-08-29 ~ 2026-08-29,전체 (가족/어린이 동반),서울남산국악당 크라운해태홀,,[서울남산국악당] 2026 젊은국악 단장 - 창작아티스트 오늘 [다들 그러고 삽니다] 문화 행사,https://culture.seoul.go.kr/culture/culture/cultureEvent/view.do?cultcode=158776&menuNo=200008,family:1.0,2026-08-22 20:46:46,experience:1.0;family_time:1.0;activity:0.9,4,62
https://culture.seoul.go.kr/culture/culture/cultureEvent/view.do?cultcode=159131&menuNo=200008,문화생활,서초구립한우리정보문화센터 특별공연 [지구를 살리는 환경 과학쇼],2026-08-29 ~ 2026-08-29,전체 (가족/어린이 동반),서초구립 한우리정보문화센터 B1F 한우리홀,,서초구립한우리정보문화센터 특별공연 [지구를 살리는 환경 과학쇼] 문화 행사,https://culture.seoul.go.kr/culture/culture/cultureEvent/view.do?cultcode=159131&menuNo=200008,family:1.0,2026-08-22 20:46:46,culture:1.0;educational:0.9;indoor:0.8,4,76
https://culture.seoul.go.kr/culture/culture/cultureEvent/view.do?cultcode=158971&menuNo=200008,문화생활,[양천문화재단] 2026 월간뮤지크 [김용준X이진성] 공연,2026-08-29 ~ 2026-08-29,전체 (가족/어린이 동반),양천문화회관 대극장,,[양천문화재단] 2026 월간뮤지크 [김용준X이진성] 공연 문화 행사,https://culture.seoul.go.kr/culture/culture/cultureEvent/view.do?cultcode=158971&menuNo=200008,family:1.0,2026-08-22 20:46:46,culture:1.0;educational:0.9;indoor:0.8,4,68
https://culture.seoul.go.kr/culture/culture/cultureEvent/view.do?cultcode=158956&menuNo=200008,문화생활,[성동문화재단] 최정원·홍지민 토크&라이브 뮤지컬 콘서트 [한여름의 수다],2026-08-29 ~ 2026-08-29,전체 (가족/어린이 동반),소월아트홀,,[성동문화재단] 최정원·홍지민 토크&라이브 뮤지컬 콘서트 [한여름의 수다] 문화 행사,https://culture.seoul.go.kr/culture/culture/cultureEvent/view.do?cultcode=158956&menuNo=200008,family:1.0,2026-08-22 20:46:46,culture:1.0;educational:0.9;indoor:0.8,2,65
https://culture.seoul.go.kr/culture/culture/cultureEvent/view.do?cultcode=158757&menuNo=200008,문화생활,[서울갤러리] 런치 스테이지 [싱어송라이터 헤디],2026-08-29 ~ 2026-08-29,전체 (가족/어린이 동반),서울갤러리 지하 1층 공연장,,[서울갤러리] 런치 스테이지 [싱어송라이터 헤디] 문화 행사,https://culture.seoul.go.kr/culture/culture/cultureEvent/view.do?cultcode=158757&menuNo=200008,family:1.0,2026-08-22 20:46:46,culture:1.0;educational:0.9;indoor:0.8,4,66
https://culture.seoul.go.kr/culture/culture/cultureEvent/view.do?cultcode=158784&menuNo=200011,가족체험,"[서울역사편찬원] 지도로 그린 땅, 사람이 만든 서울",2026-08-28 ~ 2026-11-20,전체 (가족/어린이 동반),서울역사편찬원 강의실,,"[서울역사편찬원] 지도로 그린 땅, 사람이 만든 서울 문화 행사",https://culture.seoul.go.kr/culture/culture/cultureEvent/view.do?cultcode=158784&menuNo=200011,family:1.0,2026-08-22 20:46:46,experience:1.0;family_time:1.0;activity:0.9,4,85
https://culture.seoul.go.kr/culture/culture/cultureEvent/view.do?cultcode=159064&menuNo=200009,문화생활,[SKETCH 2026 : 유동의 미학] 우리는 단 한 번도 멎은 적 없다.,2026-08-28 ~ 2026-09-17,전체 (가족/어린이 동반),"송원아트센터 (서울특별시 종로구 화동 윤보선길 75) 1F, B2F, B3F 전시장",,[SKETCH 2026 : 유동의 미학] 우리는 단 한 번도 멎은 적 없다. 문화 행사,https://culture.seoul.go.kr/culture/culture/cultureEvent/view.do?cultcode=159064&menuNo=200009,family:1.0,2026-08-22 20:46:46,culture:1.0;educational:0.9;indoor:0.8,4,65
https://culture.seoul.go.kr/culture/culture/cultureEvent/view.do?cultcode=158974&menuNo=200008,문화생활,[세종문화회관] 김창완밴드 on Sync Next 26,2026-08-28 ~ 2026-08-29,전체 (가족/어린이 동반),세종S씨어터,,[세종문화회관] 김창완밴드 on Sync Next 26 문화 행사,https://culture.seoul.go.kr/culture/culture/cultureEvent/view.do?cultcode=158974&menuNo=200008,family:1.0,2026-08-22 20:46:46,culture:1.0;educational:0.9;indoor:0.8,3,74
https://culture.seoul.go.kr/culture/culture/cultureEvent/view.do?cultcode=158839&menuNo=200010,가족체험,[동대문문화재단] 2026 동대문구 맥주축제,2026-08-28 ~ 2026-08-29,전체 (가족/어린이 동반),장안1수변공원,,[동대문문화재단] 2026 동대문구 맥주축제 문화 행사,https://culture.seoul.go.kr/culture/culture/cultureEvent/view.do?cultcode=158839&menuNo=200010,family:1.0,2026-08-22 20:46:46,experience:1.0;family_time:1.0;activity:0.9,4,67
https://culture.seoul.go.kr/culture/culture/cultureEvent/view.do?cultcode=158965&menuNo=200008,문화생활,[서초문화재단] 서리풀 서초9 시리즈 5 시대를 넘나드는 오페라 [오페라 스펙트럼],2026-08-28 ~ 2026-08-28,전체 (가족/어린이 동반),반포심산아트홀,,[서초문화재단] 서리풀 서초9 시리즈 5 시대를 넘나드는 오페라 [오페라 스펙트럼] 문화 행사,https://culture.seoul.go.kr/culture/culture/cultureEvent/view.do?cultcode=158965&menuNo=200008,family:1.0,2026-08-22 20:46:46,culture:1.0;educational:0.9;indoor:0.8,4,75
https://culture.seoul.go.kr/culture/culture/cultureEvent/view.do?cultcode=158958&menuNo=200011,가족체험,[서울책보고] 8월 모여보고,2026-08-28 ~ 2026-08-28,전체 (가족/어린이 동반),서울책보고,,[서울책보고] 8월 모여보고 문화 행사,https://culture.seoul.go.kr/culture/culture/cultureEvent/view.do?cultcode=158958&menuNo=200011,family:1.0,2026-08-22 20:46:46,experience:1.0;family_time:1.0;activity:0.9,4,61
https://culture.seoul.go.kr/culture/culture/cultureEvent/view.do?cultcode=159105&menuNo=200011,가족체험,[운현궁] 구름재 다실,2026-08-28 ~ 2026-08-28,전체 (가족/어린이 동반),운현궁 복도각/ 운현궁 기획전시실,,[운현궁] 구름재 다실 문화 행사,https://culture.seoul.go.kr/culture/culture/cultureEvent/view.do?cultcode=159105&menuNo=200011,family:1.0,2026-08-22 20:46:46,experience:1.0;family_time:1.0;activity:0.9,4,68
https://culture.seoul.go.kr/culture/culture/cultureEvent/view.do?cultcode=159022&menuNo=200011,문화생활,[강남문화재단] 배리어프리 공연 [위라클 박위의 토크콘서트],2026-08-28 ~ 2026-08-28,전체 (가족/어린이 동반),광림아트센터 장천홀,,[강남문화재단] 배리어프리 공연 [위라클 박위의 토크콘서트] 문화 행사,https://culture.seoul.go.kr/culture/culture/cultureEvent/view.do?cultcode=159022&menuNo=200011,family:1.0,2026-08-22 20:46:46,culture:1.0;educational:0.9;indoor:0.8,2,73
https://culture.seoul.go.kr/culture/culture/cultureEvent/view.do?cultcode=158778&menuNo=200008,가족체험,2026 국악관현악축제,2026-08-28 ~ 2026-08-28,전체 (가족/어린이 동반),국립국악원 예악당,,2026 국악관현악축제 문화 행사,https://culture.seoul.go.kr/culture/culture/cultureEvent/view.do?cultcode=158778&menuNo=200008,family:1.0,2026-08-22 20:46:46,experience:1.0;family_time:1.0;activity:0.9,4,68
https://culture.seoul.go.kr/culture/culture/cultureEvent/view.do?cultcode=158634&menuNo=200008,가족체험,2026년 수림뉴웨이브: 엇,2026-08-27 ~ 2026-11-05,전체 (가족/어린이 동반),수림문화재단 김희수SPACE1,,2026년 수림뉴웨이브: 엇 문화 행사,https://culture.seoul.go.kr/culture/culture/cultureEvent/view.do?cultcode=158634&menuNo=200008,family:1.0,2026-08-22 20:46:46,experience:1.0;family_time:1.0;activity:0.9,3,78
https://culture.seoul.go.kr/culture/culture/cultureEvent/view.do?cultcode=159043&menuNo=200009,문화생활,송영후 개인전 [The Color of Memory 메모리의 색],2026-08-27 ~ 2026-09-19,전체 (가족/어린이 동반),공근혜갤러리,,송영후 개인전 [The Color of Memory 메모리의 색] 문화 행사,https://culture.seoul.go.kr/culture/culture/cultureEvent/view.do?cultcode=159043&menuNo=200009,family:1.0,2026-08-22 20:46:46,culture:1.0;educational:0.9;indoor:0.8,3,74
https://culture.seoul.go.kr/culture/culture/cultureEvent/view.do?cultcode=159127&menuNo=200009,문화생활,2026 Crisp Wedge Frize 최종 선정 작가 [정재인 개인전: 나는 매일 밤 거미집을 망친다],2026-08-27 ~ 2026-09-17,전체 (가족/어린이 동반),크리스프 웨지,,2026 Crisp Wedge Frize 최종 선정 작가 [정재인 개인전: 나는 매일 밤 거미집을 망친다] 문화 행사,https://culture.seoul.go.kr/culture/culture/cultureEvent/view.do?cultcode=159127&menuNo=200009,family:1.0,2026-08-22 20:46:46,culture:1.0;educational:0.9;indoor:0.8,2,82
https://culture.seoul.go.kr/culture/culture/cultureEvent/view.do?cultcode=158927&menuNo=200011,가족체험,"[마포구립서강도서관] 8-9월 길 위의 인문학 [인생의 가을을 닮은 음악, 브람스] 조은아",2026-08-27 ~ 2026-09-15,전체 (가족/어린이 동반),"마포구립서강도서관 3층 세미나실, 예술의 전당, 온라인",,"[마포구립서강도서관] 8-9월 길 위의 인문학 [인생의 가을을 닮은 음악, 브람스] 조은아 문화 행사",https://culture.seoul.go.kr/culture/culture/cultureEvent/view.do?cultcode=158927&menuNo=200011,family:1.0,2026-08-22 20:46:46,experience:1.0;family_time:1.0;activity:0.9,4,77
https://culture.seoul.go.kr/culture/culture/cultureEvent/view.do?cultcode=159014&menuNo=200008,가족체험,전유나 가야금 독주회: 영산회상,2026-08-27 ~ 2026-08-27,전체 (가족/어린이 동반),국립국악원 풍류사랑방,,전유나 가야금 독주회: 영산회상 문화 행사,https://culture.seoul.go.kr/culture/culture/cultureEvent/view.do?cultcode=159014&menuNo=200008,family:1.0,2026-08-22 20:46:46,experience:1.0;family_time:1.0;activity:0.9,4,66
https://culture.seoul.go.kr/culture/culture/cultureEvent/view.do?cultcode=159084&menuNo=200011,문화생활,[서울시립 남서울미술관] 예술가의 런치박스 [조숙진 '소풍 추억'],2026-08-27 ~ 2026-08-27,전체 (가족/어린이 동반),서울시립 남서울미술관 (사당역 인근 위치),,[서울시립 남서울미술관] 예술가의 런치박스 [조숙진 '소풍 추억'] 문화 행사,https://culture.seoul.go.kr/culture/culture/cultureEvent/view.do?cultcode=159084&menuNo=200011,family:1.0,2026-08-22 20:46:46,culture:1.0;educational:0.9;indoor:0.8;drawing:1.0,3,79
https://culture.seoul.go.kr/culture/culture/cultureEvent/view.do?cultcode=159021&menuNo=200011,가족체험,[인문학 강연] 웃으며 배우는 영어의 힘: 언어유희가 만드는 영어학습,2026-08-27 ~ 2026-08-27,전체 (가족/어린이 동반),예스24 강서NC점,,[인문학 강연] 웃으며 배우는 영어의 힘: 언어유희가 만드는 영어학습 문화 행사,https://culture.seoul.go.kr/culture/culture/cultureEvent/view.do?cultcode=159021&menuNo=200011,family:1.0,2026-08-22 20:46:46,experience:1.0;family_time:1.0;activity:0.9,2,75
https://culture.seoul.go.kr/culture/culture/cultureEvent/view.do?cultcode=158635&menuNo=200008,가족체험,수림뉴웨이브 2026 - 정상희 [엇:박],2026-08-27 ~ 2026-08-27,전체 (가족/어린이 동반),수림문화재단 김희수SPACE1,,수림뉴웨이브 2026 - 정상희 [엇:박] 문화 행사,https://culture.seoul.go.kr/culture/culture/cultureEvent/view.do?cultcode=158635&menuNo=200008,family:1.0,2026-08-22 20:46:46,experience:1.0;family_time:1.0;activity:0.9,2,62
https://culture.seoul.go.kr/culture/culture/cultureEvent/view.do?cultcode=158371&menuNo=200008,문화생활,[서초문화재단] 모차르트 피아노 협주곡 전곡 시리즈 IX,2026-08-27 ~ 2026-08-27,전체 (가족/어린이 동반),심산기념문화센터 2층 반포심산아트홀,,[서초문화재단] 모차르트 피아노 협주곡 전곡 시리즈 IX 문화 행사,https://culture.seoul.go.kr/culture/culture/cultureEvent/view.do?cultcode=158371&menuNo=200008,family:1.0,2026-08-22 20:46:46,culture:1.0;educational:0.9;indoor:0.8,4,68
https://culture.seoul.go.kr/culture/culture/cultureEvent/view.do?cultcode=159038&menuNo=200011,가족체험,[서울책보고] 덕질토크#8 『종의 기원담』 김보영 작가,2026-08-27 ~ 2026-08-27,전체 (가족/어린이 동반),서울책보고 라운지,,[서울책보고] 덕질토크#8 『종의 기원담』 김보영 작가 문화 행사,https://culture.seoul.go.kr/culture/culture/cultureEvent/view.do?cultcode=159038&menuNo=200011,family:1.0,2026-08-22 20:46:46,experience:1.0;family_time:1.0;activity:0.9,2,88
https://culture.seoul.go.kr/culture/culture/cultureEvent/view.do?cultcode=158807&menuNo=200013,가족체험,[서울역사박물관] 제5회 서울역사박물관 배리어프리영화관 8월 상영 [미나리],2026-08-27 ~ 2026-08-27,전체 (가족/어린이 동반),서울역사박물관 1층 강당(야주개홀),,[서울역사박물관] 제5회 서울역사박물관 배리어프리영화관 8월 상영 [미나리] 문화 행사,https://culture.seoul.go.kr/culture/culture/cultureEvent/view.do?cultcode=158807&menuNo=200013,family:1.0,2026-08-22 20:46:46,experience:1.0;family_time:1.0;activity:0.9,4,72
https://culture.seoul.go.kr/culture/culture/cultureEvent/view.do?cultcode=159050&menuNo=200011,가족체험,[청계천박물관] 2026년 하반기 온라인 교육 [톡톡톡 청계천],2026-08-26 ~ 2026-11-25,전체 (가족/어린이 동반),각 기관,,[청계천박물관] 2026년 하반기 온라인 교육 [톡톡톡 청계천] 문화 행사,https://culture.seoul.go.kr/culture/culture/cultureEvent/view.do?cultcode=159050&menuNo=200011,family:1.0,2026-08-22 20:46:46,experience:1.0;family_time:1.0;activity:0.9,2,60
https://culture.seoul.go.kr/culture/culture/cultureEvent/view.do?cultcode=159137&menuNo=200009,문화생활,"[갤러리 그라프] 기획전시 《After Hours: 밤이 되면 달라지는 감각》 - 서유라, 정인지, YEKKI",2026-08-26 ~ 2026-10-02,전체 (가족/어린이 동반),갤러리 그라프 전시실,,"[갤러리 그라프] 기획전시 《After Hours: 밤이 되면 달라지는 감각》 - 서유라, 정인지, YEKKI 문화 행사",https://culture.seoul.go.kr/culture/culture/cultureEvent/view.do?cultcode=159137&menuNo=200009,family:1.0,2026-08-22 20:46:46,culture:1.0;educational:0.9;indoor:0.8,2,81
https://culture.seoul.go.kr/culture/culture/cultureEvent/view.do?cultcode=159090&menuNo=200013,가족체험,[선샤인 필름페스티벌] 서강X서울대학교 학생 감독들의 영화 상영과 GV 시간,2026-08-26 ~ 2026-08-27,전체 (가족/어린이 동반),아리랑시네센터 3층 인디웨이브관(3관),,[선샤인 필름페스티벌] 서강X서울대학교 학생 감독들의 영화 상영과 GV 시간 문화 행사,https://culture.seoul.go.kr/culture/culture/cultureEvent/view.do?cultcode=159090&menuNo=200013,family:1.0,2026-08-22 20:46:46,experience:1.0;family_time:1.0;activity:0.9,2,62
https://culture.seoul.go.kr/culture/culture/cultureEvent/view.do?cultcode=158914&menuNo=200013,가족체험,[금천구립독산도서관] (8월) 수요일 힙독 시네마,2026-08-26 ~ 2026-08-26,전체 (가족/어린이 동반),금천구립독산도서관 2층 강의실,,[금천구립독산도서관] (8월) 수요일 힙독 시네마 문화 행사,https://culture.seoul.go.kr/culture/culture/cultureEvent/view.do?cultcode=158914&menuNo=200013,family:1.0,2026-08-22 20:46:46,experience:1.0;family_time:1.0;activity:0.9,4,63
https://culture.seoul.go.kr/culture/culture/cultureEvent/view.do?cultcode=159132&menuNo=200011,가족체험,[도봉문화원] 2026. 8월의 편지 인문학 특강 [내 모양의 여행],2026-08-26 ~ 2026-08-26,전체 (가족/어린이 동반),도봉구민회관 소공연장(3층),,[도봉문화원] 2026. 8월의 편지 인문학 특강 [내 모양의 여행] 문화 행사,https://culture.seoul.go.kr/culture/culture/cultureEvent/view.do?cultcode=159132&menuNo=200011,family:1.0,2026-08-22 20:46:46,experience:1.0;family_time:1.0;activity:0.9,3,83
https://culture.seoul.go.kr/culture/culture/cultureEvent/view.do?cultcode=158947&menuNo=200008,문화생활,2026 서울 국제 시각장애예술인 뮤직페스티벌(SIMB) [프레스티지 콘서트],2026-08-26 ~ 2026-08-26,전체 (가족/어린이 동반),영산아트홀,,2026 서울 국제 시각장애예술인 뮤직페스티벌(SIMB) [프레스티지 콘서트] 문화 행사,https://culture.seoul.go.kr/culture/culture/cultureEvent/view.do?cultcode=158947&menuNo=200008,family:1.0,2026-08-22 20:46:46,culture:1.0;educational:0.9;indoor:0.8,2,68
https://culture.seoul.go.kr/culture/culture/cultureEvent/view.do?cultcode=159026&menuNo=200011,가족체험,[나라를 찾는 일에 남녀가 따로 있겠는가] 여가살롱 남자현편에 초대합니다!,2026-08-26 ~ 2026-08-26,전체 (가족/어린이 동반),서울여성플라자 2층 다목적라운지(라운지카페),,[나라를 찾는 일에 남녀가 따로 있겠는가] 여가살롱 남자현편에 초대합니다! 문화 행사,https://culture.seoul.go.kr/culture/culture/cultureEvent/view.do?cultcode=159026&menuNo=200011,family:1.0,2026-08-22 20:46:46,experience:1.0;family_time:1.0;activity:0.9,3,71
https://culture.seoul.go.kr/culture/culture/cultureEvent/view.do?cultcode=158886&menuNo=200011,가족체험,[서울문화재단] STEP-1 | 예술현장 A to Z 강의 [창작보다 괴로운 프로덕션 글쓰기],2026-08-26 ~ 2026-08-26,전체 (가족/어린이 동반),서울문화재단 청년예술청 그레이홀,,[서울문화재단] STEP-1 | 예술현장 A to Z 강의 [창작보다 괴로운 프로덕션 글쓰기] 문화 행사,https://culture.seoul.go.kr/culture/culture/cultureEvent/view.do?cultcode=158886&menuNo=200011,family:1.0,2026-08-22 20:46:46,experience:1.0;family_time:1.0;activity:0.9,4,77
https://culture.seoul.go.kr/culture/culture/cultureEvent/view.do?cultcode=158702&menuNo=200008,가족체험,[서울돈화문국악당] 2026 국악플러그인(Gugak Plug-in) vol.3,2026-08-26 ~ 2026-08-26,전체 (가족/어린이 동반),서울돈화문국악당,,[서울돈화문국악당] 2026 국악플러그인(Gugak Plug-in) vol.3 문화 행사,https://culture.seoul.go.kr/culture/culture/cultureEvent/view.do?cultcode=158702&menuNo=200008,family:1.0,2026-08-22 20:46:46,experience:1.0;family_time:1.0;activity:0.9,2,63
https://culture.seoul.go.kr/culture/culture/cultureEvent/view.do?cultcode=158756&menuNo=200008,문화생활,[서울갤러리] 런치 스테이지 [하모니시스트 이한결],2026-08-26 ~ 2026-08-26,전체 (가족/어린이 동반),서울갤러리 지하 1층 공연장,,[서울갤러리] 런치 스테이지 [하모니시스트 이한결] 문화 행사,https://culture.seoul.go.kr/culture/culture/cultureEvent/view.do?cultcode=158756&menuNo=200008,family:1.0,2026-08-22 20:46:46,culture:1.0;educational:0.9;indoor:0.8,4,79
https://culture.seoul.go.kr/culture/culture/cultureEvent/view.do?cultcode=158833&menuNo=200008,문화생활,[동작문화재단] 상도어울마당 아트홀 '아트 박스 콘서트' 8회차 [먼 곳에서 온 가까운 우리],2026-08-26 ~ 2026-08-26,전체 (가족/어린이 동반),상도어울마당 아트홀,,[동작문화재단] 상도어울마당 아트홀 '아트 박스 콘서트' 8회차 [먼 곳에서 온 가까운 우리] 문화 행사,https://culture.seoul.go.kr/culture/culture/cultureEvent/view.do?cultcode=158833&menuNo=200008,family:1.0,2026-08-22 20:46:46,culture:1.0;educational:0.9;indoor:0.8,3,75
https://culture.seoul.go.kr/culture/culture/cultureEvent/view.do?cultcode=159018&menuNo=200011,가족체험,"2026 청소년 도박문제 포럼: 미디어 속 청소년 도박, 진짜 참교육은 무엇인가?",2026-08-26 ~ 2026-08-26,전체 (가족/어린이 동반),국회도서관 대강당(B105호),,"2026 청소년 도박문제 포럼: 미디어 속 청소년 도박, 진짜 참교육은 무엇인가? 문화 행사",https://culture.seoul.go.kr/culture/culture/cultureEvent/view.do?cultcode=159018&menuNo=200011,family:1.0,2026-08-22 20:46:46,experience:1.0;family_time:1.0;activity:0.9,2,64
https://culture.seoul.go.kr/culture/culture/cultureEvent/view.do?cultcode=158980&menuNo=200011,가족체험,"[서울로봇인공지능과학관] 강연/라임 콜로키엄 [2026년 제5회_보이스피싱, 이제 끝을 봅시다!]",2026-08-26 ~ 2026-08-26,전체 (가족/어린이 동반),서울로봇인공지능과학관 1층,,"[서울로봇인공지능과학관] 강연/라임 콜로키엄 [2026년 제5회_보이스피싱, 이제 끝을 봅시다!] 문화 행사",https://culture.seoul.go.kr/culture/culture/cultureEvent/view.do?cultcode=158980&menuNo=200011,family:1.0,2026-08-22 20:46:46,experience:1.0;family_time:1.0;activity:0.9,2,88
https://culture.seoul.go.kr/culture/culture/cultureEvent/view.do?cultcode=158857&menuNo=200011,문화생활,[국토발전전시관] 정기강연 [이 땅 위에 우리 이야기],2026-08-26 ~ 2026-08-26,전체 (가족/어린이 동반),국토발전전시관 정동국토마루(1층),,[국토발전전시관] 정기강연 [이 땅 위에 우리 이야기] 문화 행사,https://culture.seoul.go.kr/culture/culture/cultureEvent/view.do?cultcode=158857&menuNo=200011,family:1.0,2026-08-22 20:46:46,culture:1.0;educational:0.9;indoor:0.8,2,66
https://culture.seoul.go.kr/culture/culture/cultureEvent/view.do?cultcode=159110&menuNo=200008,문화생활,[광진문화재단] 나루 트리오와 함께하는 '문화가 있는 날' [살롱음악회] (8월),2026-08-26 ~ 2026-08-26,전체 (가족/어린이 동반),나루아트센터 스페이스76,,[광진문화재단] 나루 트리오와 함께하는 '문화가 있는 날' [살롱음악회] (8월) 문화 행사,https://culture.seoul.go.kr/culture/culture/cultureEvent/view.do?cultcode=159110&menuNo=200008,family:1.0,2026-08-22 20:46:46,culture:1.0;educational:0.9;indoor:0.8,4,62
https://culture.seoul.go.kr/culture/culture/cultureEvent/view.do?cultcode=158901&menuNo=200011,가족체험,[서울시50플러스재단] 동부권역 중장년 채용박람회,2026-08-26 ~ 2026-08-26,전체 (가족/어린이 동반),서울시50플러스 동부캠퍼스,,[서울시50플러스재단] 동부권역 중장년 채용박람회 문화 행사,https://culture.seoul.go.kr/culture/culture/cultureEvent/view.do?cultcode=158901&menuNo=200011,family:1.0,2026-08-22 20:46:46,experience:1.0;family_time:1.0;activity:0.9,4,80
https://culture.seoul.go.kr/culture/culture/cultureEvent/view.do?cultcode=159015&menuNo=200009,문화생활,"[서울시립미술관] 아마도, 모두 우리 [Perhaps, All of Us] 캐나다 전시",2026-08-25 ~ 2026-10-14,전체 (가족/어린이 동반),주캐나다한국문화원 1층 전시실,,"[서울시립미술관] 아마도, 모두 우리 [Perhaps, All of Us] 캐나다 전시 문화 행사",https://culture.seoul.go.kr/culture/culture/cultureEvent/view.do?cultcode=159015&menuNo=200009,family:1.0,2026-08-22 20:46:46,culture:1.0;educational:0.9;indoor:0.8;drawing:1.0,4,75
https://culture.seoul.go.kr/culture/culture/cultureEvent/view.do?cultcode=159067&menuNo=200009,문화생활,[송파 청년아티스트센터] 3기 릴레이 개인전 [성좌적 영창술] - 이유빈,2026-08-25 ~ 2026-09-05,전체 (가족/어린이 동반),송파 청년아티스트센터 지하1층 아트 스페이스,,[송파 청년아티스트센터] 3기 릴레이 개인전 [성좌적 영창술] - 이유빈 문화 행사,https://culture.seoul.go.kr/culture/culture/cultureEvent/view.do?cultcode=159067&menuNo=200009,family:1.0,2026-08-22 20:46:46,culture:1.0;educational:0.9;indoor:0.8,2,81
https://culture.seoul.go.kr/culture/culture/cultureEvent/view.do?cultcode=159139&menuNo=200009,문화생활,[운현궁] 2026 하우스뮤지엄 [악기 끝에 머문 매듭_이예인 개인전],2026-08-25 ~ 2026-08-30,전체 (가족/어린이 동반),운현궁 노락당,,[운현궁] 2026 하우스뮤지엄 [악기 끝에 머문 매듭_이예인 개인전] 문화 행사,https://culture.seoul.go.kr/culture/culture/cultureEvent/view.do?cultcode=159139&menuNo=200009,family:1.0,2026-08-22 20:46:46,culture:1.0;educational:0.9;indoor:0.8,3,69
https://culture.seoul.go.kr/culture/culture/cultureEvent/view.do?cultcode=158952&menuNo=200010,가족체험,2026 서울 국제 시각장애예술인 뮤직페스티벌(SIMB),2026-08-25 ~ 2026-08-27,전체 (가족/어린이 동반),서울대학교 음악대학,,2026 서울 국제 시각장애예술인 뮤직페스티벌(SIMB) 문화 행사,https://culture.seoul.go.kr/culture/culture/cultureEvent/view.do?cultcode=158952&menuNo=200010,family:1.0,2026-08-22 20:46:46,experience:1.0;family_time:1.0;activity:0.9,3,65
https://culture.seoul.go.kr/culture/culture/cultureEvent/view.do?cultcode=158676&menuNo=200011,가족체험,[서울로봇인공지능과학관] 2026년 성인 대상 프로그램 [기록으로 기억하다],2026-08-25 ~ 2026-08-26,전체 (가족/어린이 동반),서울로봇인공지능과학관 2층 세미나실,,[서울로봇인공지능과학관] 2026년 성인 대상 프로그램 [기록으로 기억하다] 문화 행사,https://culture.seoul.go.kr/culture/culture/cultureEvent/view.do?cultcode=158676&menuNo=200011,family:1.0,2026-08-22 20:46:46,experience:1.0;family_time:1.0;activity:0.9,4,73
https://culture.seoul.go.kr/culture/culture/cultureEvent/view.do?cultcode=159135&menuNo=200008,문화생활,2026 ASEAN Panorama 전시 테마프로그램 [한낮의 북토크],2026-08-25 ~ 2026-08-25,전체 (가족/어린이 동반),한국프레스센터 1F 아세안홀,,2026 ASEAN Panorama 전시 테마프로그램 [한낮의 북토크] 문화 행사,https://culture.seoul.go.kr/culture/culture/cultureEvent/view.do?cultcode=159135&menuNo=200008,family:1.0,2026-08-22 20:46:46,culture:1.0;educational:0.9;indoor:0.8,4,82
https://culture.seoul.go.kr/culture/culture/cultureEvent/view.do?cultcode=158894&menuNo=200011,가족체험,[서울문화재단] 《PLAY-UP 아카데미》 드라마투르기적 사고와 실전: 창작 현장에서의 드라마투르그 역할과 실전 이해,2026-08-24 ~ 2026-11-09,전체 (가족/어린이 동반),서울연극창작센터,,[서울문화재단] 《PLAY-UP 아카데미》 드라마투르기적 사고와 실전: 창작 현장에서의 드라마투르그 역할과 실전 이해 문화 행사,https://culture.seoul.go.kr/culture/culture/cultureEvent/view.do?cultcode=158894&menuNo=200011,family:1.0,2026-08-22 20:46:46,experience:1.0;family_time:1.0;activity:0.9,4,78
https://culture.seoul.go.kr/culture/culture/cultureEvent/view.do?cultcode=158895&menuNo=200011,가족체험,"[성동문화재단] 영화로 떠나는 예술여행, 시네마 공감",2026-08-24 ~ 2026-11-09,전체 (가족/어린이 동반),"다락옥수, 성수아트홀",,"[성동문화재단] 영화로 떠나는 예술여행, 시네마 공감 문화 행사",https://culture.seoul.go.kr/culture/culture/cultureEvent/view.do?cultcode=158895&menuNo=200011,family:1.0,2026-08-22 20:46:46,experience:1.0;family_time:1.0;activity:0.9,4,75
https://culture.seoul.go.kr/culture/culture/cultureEvent/view.do?cultcode=159062&menuNo=200009,문화생활,[용산문화재단] 협력전시 [PARALLAX(시차): Where We Meet],2026-08-24 ~ 2026-09-12,전체 (가족/어린이 동반),용산문화재단 1층 팝업홀,,[용산문화재단] 협력전시 [PARALLAX(시차): Where We Meet] 문화 행사,https://culture.seoul.go.kr/culture/culture/cultureEvent/view.do?cultcode=159062&menuNo=200009,family:1.0,2026-08-22 20:46:46,culture:1.0;educational:0.9;indoor:0.8,2,65
https://culture.seoul.go.kr/culture/culture/cultureEvent/view.do?cultcode=159089&menuNo=200011,가족체험,[서초문화원] 2026년 8월 [서초문화대학] 신규 공개강좌,2026-08-24 ~ 2026-08-31,전체 (가족/어린이 동반),서초문화예술회관 3층 강의실 · B1 아리아홀,,[서초문화원] 2026년 8월 [서초문화대학] 신규 공개강좌 문화 행사,https://culture.seoul.go.kr/culture/culture/cultureEvent/view.do?cultcode=159089&menuNo=200011,family:1.0,2026-08-22 20:46:46,experience:1.0;family_time:1.0;activity:0.9,2,84
https://culture.seoul.go.kr/culture/culture/cultureEvent/view.do?cultcode=159037&menuNo=200011,가족체험,[김근태기념도서관] TEAM낙원장×김근태기념도서관 8월 오픈도서관 [기억을 바꿔놓기],2026-08-23 ~ 2026-08-30,전체 (가족/어린이 동반),"김근태기념도서관 2층 공간, 마루",,[김근태기념도서관] TEAM낙원장×김근태기념도서관 8월 오픈도서관 [기억을 바꿔놓기] 문화 행사,https://culture.seoul.go.kr/culture/culture/cultureEvent/view.do?cultcode=159037&menuNo=200011,family:1.0,2026-08-22 20:46:46,experience:1.0;family_time:1.0;activity:0.9,2,71
https://culture.seoul.go.kr/culture/culture/cultureEvent/view.do?cultcode=158805&menuNo=200008,문화생활,[라율 영재&영아티스트] 안선율 플루트 독주회,2026-08-23 ~ 2026-08-23,전체 (가족/어린이 동반),라율아트홀,,[라율 영재&영아티스트] 안선율 플루트 독주회 문화 행사,https://culture.seoul.go.kr/culture/culture/cultureEvent/view.do?cultcode=158805&menuNo=200008,family:1.0,2026-08-22 20:46:46,culture:1.0;educational:0.9;indoor:0.8,3,76
https://culture.seoul.go.kr/culture/culture/cultureEvent/view.do?cultcode=158775&menuNo=200011,가족체험,[세종문화회관] 김혜경 워크숍 at Sync Next 26,2026-08-23 ~ 2026-08-23,전체 (가족/어린이 동반),세종S씨어터,,[세종문화회관] 김혜경 워크숍 at Sync Next 26 문화 행사,https://culture.seoul.go.kr/culture/culture/cultureEvent/view.do?cultcode=158775&menuNo=200011,family:1.0,2026-08-22 20:46:46,experience:1.0;family_time:1.0;activity:0.9,4,66
https://culture.seoul.go.kr/culture/culture/cultureEvent/view.do?cultcode=158810&menuNo=200008,가족체험,작곡동인 원시인 [오늘의 음악 Ⅳ - 5인의 산조],2026-08-23 ~ 2026-08-23,전체 (가족/어린이 동반),서울돈화문국악당,,작곡동인 원시인 [오늘의 음악 Ⅳ - 5인의 산조] 문화 행사,https://culture.seoul.go.kr/culture/culture/cultureEvent/view.do?cultcode=158810&menuNo=200008,family:1.0,2026-08-22 20:46:46,experience:1.0;family_time:1.0;activity:0.9,2,64
https://culture.seoul.go.kr/culture/culture/cultureEvent/view.do?cultcode=159088&menuNo=200011,문화생활,[서울시립 사진미술관] 어린이 감상교육 [미술관 탐험],2026-08-22 ~ 2026-10-10,전체 (가족/어린이 동반),서울시립 사진미술관 전시실 및 1교육실,,[서울시립 사진미술관] 어린이 감상교육 [미술관 탐험] 문화 행사,https://culture.seoul.go.kr/culture/culture/cultureEvent/view.do?cultcode=159088&menuNo=200011,family:1.0,2026-08-22 20:46:46,culture:1.0;educational:0.9;indoor:0.8;drawing:1.0,4,79
https://culture.seoul.go.kr/culture/culture/cultureEvent/view.do?cultcode=159001&menuNo=200011,가족체험,"[관악문화재단] 2026 꿈다락 문화예술학교 [도시의 쉼표- 관악, 우리들의 해비타트]",2026-08-22 ~ 2026-09-20,전체 (가족/어린이 동반),싱글벙글교육센터 및 관악구 일대 야외 공간 (관악구 남부순환로234길 73),,"[관악문화재단] 2026 꿈다락 문화예술학교 [도시의 쉼표- 관악, 우리들의 해비타트] 문화 행사",https://culture.seoul.go.kr/culture/culture/cultureEvent/view.do?cultcode=159001&menuNo=200011,family:1.0,2026-08-22 20:46:46,experience:1.0;family_time:1.0;activity:0.9,2,75
https://culture.seoul.go.kr/culture/culture/cultureEvent/view.do?cultcode=159000&menuNo=200011,가족체험,"[관악문화재단] 2026 꿈다락 문화예술학교 [도시의 쉼표 - 다시 만나는 공간, 다시 깨우는 감각]",2026-08-22 ~ 2026-09-20,전체 (가족/어린이 동반),싱글벙글교육센터 및 관악구 일대 야외 공간 (관악구 남부순환로234길 73),,"[관악문화재단] 2026 꿈다락 문화예술학교 [도시의 쉼표 - 다시 만나는 공간, 다시 깨우는 감각] 문화 행사",https://culture.seoul.go.kr/culture/culture/cultureEvent/view.do?cultcode=159000&menuNo=200011,family:1.0,2026-08-22 20:46:46,experience:1.0;family_time:1.0;activity:0.9,2,62
https://culture.seoul.go.kr/culture/culture/cultureEvent/view.do?cultcode=158918&menuNo=200008,가족체험,"[서울남산국악당] 2026 젊은국악 단장 '김성 자람의 기술 RE:GROW', '창작아티스트 오늘 다들 그러고 삽니다'",2026-08-22 ~ 2026-08-29,전체 (가족/어린이 동반),서울남산국악당 크라운해태홀,,"[서울남산국악당] 2026 젊은국악 단장 '김성 자람의 기술 RE:GROW', '창작아티스트 오늘 다들 그러고 삽니다' 문화 행사",https://culture.seoul.go.kr/culture/culture/cultureEvent/view.do?cultcode=158918&menuNo=200008,family:1.0,2026-08-22 20:46:46,experience:1.0;family_time:1.0;activity:0.9,2,79
https://culture.seoul.go.kr/culture/culture/cultureEvent/view.do?cultcode=158845&menuNo=200008,문화생활,[강동아트센터] 심포니 오브 뮤지컬 II [주소연의 Dear My Music],2026-08-22 ~ 2026-08-23,전체 (가족/어린이 동반),강동아트센터 대극장 한강,,[강동아트센터] 심포니 오브 뮤지컬 II [주소연의 Dear My Music] 문화 행사,https://culture.seoul.go.kr/culture/culture/cultureEvent/view.do?cultcode=158845&menuNo=200008,family:1.0,2026-08-22 20:46:46,culture:1.0;educational:0.9;indoor:0.8,3,71
https://culture.seoul.go.kr/culture/culture/cultureEvent/view.do?cultcode=159075&menuNo=200008,문화생활,도무스 피아노 트리오의 제 3회 정기연주회 잃어버린 목소리 되찾은 목소리,2026-08-22 ~ 2026-08-22,전체 (가족/어린이 동반),세종체임버홀,,도무스 피아노 트리오의 제 3회 정기연주회 잃어버린 목소리 되찾은 목소리 문화 행사,https://culture.seoul.go.kr/culture/culture/cultureEvent/view.do?cultcode=159075&menuNo=200008,family:1.0,2026-08-22 20:46:46,culture:1.0;educational:0.9;indoor:0.8,4,67
https://culture.seoul.go.kr/culture/culture/cultureEvent/view.do?cultcode=159004&menuNo=200011,가족체험,[꿈마을도서관] 리보와앤 [어윤정 작가와의 만남],2026-08-22 ~ 2026-08-22,전체 (가족/어린이 동반),꿈마을도서관 3층 프로그램실,,[꿈마을도서관] 리보와앤 [어윤정 작가와의 만남] 문화 행사,https://culture.seoul.go.kr/culture/culture/cultureEvent/view.do?cultcode=159004&menuNo=200011,family:1.0,2026-08-22 20:46:46,experience:1.0;family_time:1.0;activity:0.9,3,82
https://culture.seoul.go.kr/culture/culture/cultureEvent/view.do?cultcode=158392&menuNo=200008,문화생활,[서울시평생교육진흥원] 서울시민대학 모두의학교 캠퍼스 8월 모두공연장 페이퍼아트 뮤지컬 [종이아빠],2026-08-22 ~ 2026-08-22,전체 (가족/어린이 동반),모두의학교 캠퍼스 1층 시민홀,,[서울시평생교육진흥원] 서울시민대학 모두의학교 캠퍼스 8월 모두공연장 페이퍼아트 뮤지컬 [종이아빠] 문화 행사,https://culture.seoul.go.kr/culture/culture/cultureEvent/view.do?cultcode=158392&menuNo=200008,family:1.0,2026-08-22 20:46:46,culture:1.0;educational:0.9;indoor:0.8,2,61
https://culture.seoul.go.kr/culture/culture/cultureEvent/view.do?cultcode=158950&menuNo=200008,문화생활,대학 클래식 기타 페스타 l UCGF 2026,2026-08-22 ~ 2026-08-22,전체 (가족/어린이 동반),서울교육대학교 종합문화관 (대학본부),,대학 클래식 기타 페스타 l UCGF 2026 문화 행사,https://culture.seoul.go.kr/culture/culture/cultureEvent/view.do?cultcode=158950&menuNo=200008,family:1.0,2026-08-22 20:46:46,culture:1.0;educational:0.9;indoor:0.8,2,85
https://culture.seoul.go.kr/culture/culture/cultureEvent/view.do?cultcode=159046&menuNo=200011,가족체험,[서울아트책보고] 씨드북 [지구를 위한 옷장 순환 마켓],2026-08-22 ~ 2026-08-22,전체 (가족/어린이 동반),서울아트책보고 워크숍룸,,[서울아트책보고] 씨드북 [지구를 위한 옷장 순환 마켓] 문화 행사,https://culture.seoul.go.kr/culture/culture/cultureEvent/view.do?cultcode=159046&menuNo=200011,family:1.0,2026-08-22 20:46:46,experience:1.0;family_time:1.0;activity:0.9,3,65
https://culture.seoul.go.kr/culture/culture/cultureEvent/view.do?cultcode=158748&menuNo=200008,가족체험,[라율 영재&영아티스트] 이민선 첼로 독주회,2026-08-22 ~ 2026-08-22,전체 (가족/어린이 동반),라율아트홀,,[라율 영재&영아티스트] 이민선 첼로 독주회 문화 행사,https://culture.seoul.go.kr/culture/culture/cultureEvent/view.do?cultcode=158748&menuNo=200008,family:1.0,2026-08-22 20:46:46,experience:1.0;family_time:1.0;activity:0.9,4,60
https://culture.seoul.go.kr/culture/culture/cultureEvent/view.do?cultcode=158684&menuNo=200008,문화생활,"뮤지컬 [안녕, 나의 웬수 - 서울]",2026-08-22 ~ 2026-08-22,전체 (가족/어린이 동반),KT&G 상상마당 대치아트홀,,"뮤지컬 [안녕, 나의 웬수 - 서울] 문화 행사",https://culture.seoul.go.kr/culture/culture/cultureEvent/view.do?cultcode=158684&menuNo=200008,family:1.0,2026-08-22 20:46:46,culture:1.0;educational:0.9;indoor:0.8,2,80
https://culture.seoul.go.kr/culture/culture/cultureEvent/view.do?cultcode=158723&menuNo=200008,가족체험,[서울남산국악당] 2026 젊은국악 단장 - 김성 [자람의 기술 RE:GROW],2026-08-22 ~ 2026-08-22,전체 (가족/어린이 동반),서울남산국악당 크라운해태홀,,[서울남산국악당] 2026 젊은국악 단장 - 김성 [자람의 기술 RE:GROW] 문화 행사,https://culture.seoul.go.kr/culture/culture/cultureEvent/view.do?cultcode=158723&menuNo=200008,family:1.0,2026-08-22 20:46:46,experience:1.0;family_time:1.0;activity:0.9,3,87
https://culture.seoul.go.kr/culture/culture/cultureEvent/view.do?cultcode=158820&menuNo=200011,가족체험,[서울생활문화센터 체부] 2026 행복양육프로그램 [도깨비 소동],2026-08-22 ~ 2026-08-22,전체 (가족/어린이 동반),서울생활문화센터 체부 (서울 종로구 체부동 187),,[서울생활문화센터 체부] 2026 행복양육프로그램 [도깨비 소동] 문화 행사,https://culture.seoul.go.kr/culture/culture/cultureEvent/view.do?cultcode=158820&menuNo=200011,family:1.0,2026-08-22 20:46:46,experience:1.0;family_time:1.0;activity:0.9,3,71
https://culture.seoul.go.kr/culture/culture/cultureEvent/view.do?cultcode=158758&menuNo=200008,가족체험,제9회 동아주니어콩쿠르 특전 독주회 [김형완 플루트 독주회],2026-08-22 ~ 2026-08-22,전체 (가족/어린이 동반),라율아트홀,,제9회 동아주니어콩쿠르 특전 독주회 [김형완 플루트 독주회] 문화 행사,https://culture.seoul.go.kr/culture/culture/cultureEvent/view.do?cultcode=158758&menuNo=200008,family:1.0,2026-08-22 20:46:46,experience:1.0;family_time:1.0;activity:0.9,3,77
https://culture.seoul.go.kr/culture/culture/cultureEvent/view.do?cultcode=158773&menuNo=200008,문화생활,이은결 30주년 [ONE OF ONE],2026-08-22 ~ 2026-08-22,전체 (가족/어린이 동반),세종대극장,,이은결 30주년 [ONE OF ONE] 문화 행사,https://culture.seoul.go.kr/culture/culture/cultureEvent/view.do?cultcode=158773&menuNo=200008,family:1.0,2026-08-22 20:46:46,culture:1.0;educational:0.9;indoor:0.8,2,75
https://culture.seoul.go.kr/culture/culture/cultureEvent/view.do?cultcode=157907&menuNo=200008,가족체험,[영등포문화재단] 영등포아트홀 상주단체 '서울발레시어터' [해설이 있는 고전발레],2026-08-22 ~ 2026-08-22,전체 (가족/어린이 동반),영등포아트홀,,[영등포문화재단] 영등포아트홀 상주단체 '서울발레시어터' [해설이 있는 고전발레] 문화 행사,https://culture.seoul.go.kr/culture/culture/cultureEvent/view.do?cultcode=157907&menuNo=200008,family:1.0,2026-08-22 20:46:46,experience:1.0;family_time:1.0;activity:0.9,2,68
https://culture.seoul.go.kr/culture/culture/cultureEvent/view.do?cultcode=158933&menuNo=200011,가족체험,[마포구립서강도서관] 8월/어린이메이킹 해봄이웃집Maker [폐키보드로 만드는 나만의 클릭커],2026-08-22 ~ 2026-08-22,전체 (가족/어린이 동반),마포구립서강도서관 3층 세미나실,,[마포구립서강도서관] 8월/어린이메이킹 해봄이웃집Maker [폐키보드로 만드는 나만의 클릭커] 문화 행사,https://culture.seoul.go.kr/culture/culture/cultureEvent/view.do?cultcode=158933&menuNo=200011,family:1.0,2026-08-22 20:46:46,experience:1.0;family_time:1.0;activity:0.9,4,83
https://culture.seoul.go.kr/culture/culture/cultureEvent/view.do?cultcode=159086&menuNo=200013,문화생활,[서울시립 북서울미술관] 2026 타이틀 매치 《오인환 vs. 장서영: 휴먼 에러》 아티스트 토크 [태그 매치],2026-08-22 ~ 2026-08-22,전체 (가족/어린이 동반),서울시립 북서울미술관 다목적홀 B1층,,[서울시립 북서울미술관] 2026 타이틀 매치 《오인환 vs. 장서영: 휴먼 에러》 아티스트 토크 [태그 매치] 문화 행사,https://culture.seoul.go.kr/culture/culture/cultureEvent/view.do?cultcode=159086&menuNo=200013,family:1.0,2026-08-22 20:46:46,culture:1.0;educational:0.9;indoor:0.8;drawing:1.0,2,62
https://culture.seoul.go.kr/culture/culture/cultureEvent/view.do?cultcode=158791&menuNo=200008,문화생활,"[동작문화재단] 본동어울마당 아트홀 '본동 세레나데' 8회차 [아크기타듀오의 영화처럼, 클래식처럼]",2026-08-22 ~ 2026-08-22,전체 (가족/어린이 동반),본동어울마당 아트홀,,"[동작문화재단] 본동어울마당 아트홀 '본동 세레나데' 8회차 [아크기타듀오의 영화처럼, 클래식처럼] 문화 행사",https://culture.seoul.go.kr/culture/culture/cultureEvent/view.do?cultcode=158791&menuNo=200008,family:1.0,2026-08-22 20:46:46,culture:1.0;educational:0.9;indoor:0.8,4,74
https://culture.seoul.go.kr/culture/culture/cultureEvent/view.do?cultcode=159034&menuNo=200011,가족체험,"[역삼푸른솔도서관] 문장과 문장 사이, 번역의 세계",2026-08-21 ~ 2026-08-28,전체 (가족/어린이 동반),강남구립 역삼푸른솔도서관 프로그램실,,"[역삼푸른솔도서관] 문장과 문장 사이, 번역의 세계 문화 행사",https://culture.seoul.go.kr/culture/culture/cultureEvent/view.do?cultcode=159034&menuNo=200011,family:1.0,2026-08-22 20:46:46,experience:1.0;family_time:1.0;activity:0.9,3,71
https://culture.seoul.go.kr/culture/culture/cultureEvent/view.do?cultcode=158774&menuNo=200008,가족체험,[세종문화회관] 김혜경 on Sync Next 26,2026-08-21 ~ 2026-08-24,전체 (가족/어린이 동반),세종S씨어터,,[세종문화회관] 김혜경 on Sync Next 26 문화 행사,https://culture.seoul.go.kr/culture/culture/cultureEvent/view.do?cultcode=158774&menuNo=200008,family:1.0,2026-08-22 20:46:46,experience:1.0;family_time:1.0;activity:0.9,3,71
https://culture.seoul.go.kr/culture/culture/cultureEvent/view.do?cultcode=158297&menuNo=200008,가족체험,[마포문화재단] 2026 M 초이스 창극 [살로메],2026-08-21 ~ 2026-08-23,전체 (가족/어린이 동반),마포아트센터 아트홀맥,,[마포문화재단] 2026 M 초이스 창극 [살로메] 문화 행사,https://culture.seoul.go.kr/culture/culture/cultureEvent/view.do?cultcode=158297&menuNo=200008,family:1.0,2026-08-22 20:46:46,experience:1.0;family_time:1.0;activity:0.9,4,68
https://culture.seoul.go.kr/culture/culture/cultureEvent/view.do?cultcode=158921&menuNo=200008,문화생활,[성북문화재단] 한예종연극창작플랫폼X꿈빛극장 [대학살의 신],2026-08-21 ~ 2026-08-22,전체 (가족/어린이 동반),꿈빛극장,,[성북문화재단] 한예종연극창작플랫폼X꿈빛극장 [대학살의 신] 문화 행사,https://culture.seoul.go.kr/culture/culture/cultureEvent/view.do?cultcode=158921&menuNo=200008,family:1.0,2026-08-22 20:46:46,culture:1.0;educational:0.9;indoor:0.8,2,72
https://culture.seoul.go.kr/culture/culture/cultureEvent/view.do?cultcode=158869&menuNo=200011,가족체험,[서울 문화의 밤] 8월 작가힙톡(Hip-Talk) - (원도) 우리가 기억해야 할 얼굴,2026-08-21 ~ 2026-08-21,전체 (가족/어린이 동반),서울도서관 1층 생각마루,,[서울 문화의 밤] 8월 작가힙톡(Hip-Talk) - (원도) 우리가 기억해야 할 얼굴 문화 행사,https://culture.seoul.go.kr/culture/culture/cultureEvent/view.do?cultcode=158869&menuNo=200011,family:1.0,2026-08-22 20:46:46,experience:1.0;family_time:1.0;activity:0.9,4,67
https://culture.seoul.go.kr/culture/culture/cultureEvent/view.do?cultcode=158963&menuNo=200008,문화생활,[서초문화재단] 서리풀 서초9 시리즈 4 바리톤 김우진 리사이틀 [바흐 베이스 독창 칸타타 전곡연주],2026-08-21 ~ 2026-08-21,전체 (가족/어린이 동반),반포심산아트홀,,[서초문화재단] 서리풀 서초9 시리즈 4 바리톤 김우진 리사이틀 [바흐 베이스 독창 칸타타 전곡연주] 문화 행사,https://culture.seoul.go.kr/culture/culture/cultureEvent/view.do?cultcode=158963&menuNo=200008,family:1.0,2026-08-22 20:46:46,culture:1.0;educational:0.9;indoor:0.8,3,64
https://culture.seoul.go.kr/culture/culture/cultureEvent/view.do?cultcode=158733&menuNo=200008,가족체험,[라율 영재&영아티스트] 문예성 바이올린 독주회,2026-08-21 ~ 2026-08-21,전체 (가족/어린이 동반),라율아트홀,,[라율 영재&영아티스트] 문예성 바이올린 독주회 문화 행사,https://culture.seoul.go.kr/culture/culture/cultureEvent/view.do?cultcode=158733&menuNo=200008,family:1.0,2026-08-22 20:46:46,experience:1.0;family_time:1.0;activity:0.9,2,81
https://culture.seoul.go.kr/culture/culture/cultureEvent/view.do?cultcode=159134&menuNo=200011,가족체험,[선유도서관] 2026년 문학기행 연계 「우리 사이에 이야기가 머무는 밤 :우다영 작가와의 만남」,2026-08-21 ~ 2026-08-21,전체 (가족/어린이 동반),선유도서관 5층 프로그램실1,,[선유도서관] 2026년 문학기행 연계 「우리 사이에 이야기가 머무는 밤 :우다영 작가와의 만남」 문화 행사,https://culture.seoul.go.kr/culture/culture/cultureEvent/view.do?cultcode=159134&menuNo=200011,family:1.0,2026-08-22 20:46:46,experience:1.0;family_time:1.0;activity:0.9,2,68
https://culture.seoul.go.kr/culture/culture/cultureEvent/view.do?cultcode=158596&menuNo=200008,문화생활,2026 케이피아에듀 연주프로젝트 [여름의공명],2026-08-21 ~ 2026-08-21,전체 (가족/어린이 동반),JCC아트센터 콘서트홀,,2026 케이피아에듀 연주프로젝트 [여름의공명] 문화 행사,https://culture.seoul.go.kr/culture/culture/cultureEvent/view.do?cultcode=158596&menuNo=200008,family:1.0,2026-08-22 20:46:46,culture:1.0;educational:0.9;indoor:0.8,3,88
인터파크 티켓,문화생활,2026년 〈토요키즈클래식〉 (하반기) - 용인,2026-09-19 ~ 2026-11-28,,용인포은아트홀,2,인터파크 티켓 어린이/가족 공연,https://tickets.interpark.com//ticket.interpark.com/Tiki/Main/TiKiGoodsinfo.asp?GoodsCode=26008730,family:0.5;couple:0.95;single:0.9;클래식/음악회;인터파크실시간,2026-08-22 18:08:06,culture:1.0;educational:0.9;indoor:0.8,4,50
인터파크 티켓,문화생활,화성시 예술단 「마스터피스 Ⅳ : 동화의 세계」 - 화성,2026-11-27 ~ 2026-11-27,,화성예술의전당 동탄아트홀,2,인터파크 티켓 어린이/가족 공연,https://tickets.interpark.com//ticket.interpark.com/Tiki/Main/TiKiGoodsinfo.asp?GoodsCode=26010306,family:0.5;couple:0.95;single:0.9;클래식/음악회;인터파크실시간,2026-08-22 18:08:06,culture:1.0;educational:0.9;indoor:0.8,4,50
인터파크 티켓,문화생활,아기상어 비밀 초대장: 비커밍 샤크,2026-06-18 ~ 2026-12-19,,동대문디자인플라자 전시 2관,7,인터파크 티켓 어린이/가족 공연,https://tickets.interpark.com//ticket.interpark.com/Tiki/Main/TiKiGoodsinfo.asp?GoodsCode=26008798,family:0.7;couple:0.95;single:0.6;전시/행사;인터파크실시간,2026-08-22 18:08:06,culture:1.0;educational:0.9;indoor:0.8,3,90
인터파크 티켓,자연친화,용인어린이상상의숲 요리조리스튜디오 〈상상파티시엘2〉,2026-09-11 ~ 2026-12-27,,용인어린이상상의숲 요리조리스튜디오,3,인터파크 티켓 어린이/가족 공연,https://tickets.interpark.com//ticket.interpark.com/Tiki/Main/TiKiGoodsinfo.asp?GoodsCode=26012196,family:0.7;couple:0.95;single:0.6;전시/행사;인터파크실시간,2026-08-22 18:08:06,nature:1.0;outdoor:1.0;picnic:0.8,3,70
인터파크 티켓,문화생활,［사전예매 3차］2026 여수세계섬박람회 보통권/가족권,2026-09-05 ~ 2026-11-04,,여수 돌산 진모지구/개도/금오도/여수세계박람회,3,인터파크 티켓 어린이/가족 공연,https://tickets.interpark.com//ticket.interpark.com/Tiki/Main/TiKiGoodsinfo.asp?GoodsCode=25013044,family:0.7;couple:0.95;single:0.6;전시/행사;인터파크실시간,2026-08-22 18:08:06,culture:1.0;educational:0.9;indoor:0.8,4,50
인터파크 티켓,문화생활,키자니아GO - 현대백화점 충청점,2026-08-14 ~ 2026-09-06,,현대백화점 충청점 7층 문화홀,5,인터파크 티켓 어린이/가족 공연,https://tickets.interpark.com//ticket.interpark.com/Tiki/Main/TiKiGoodsinfo.asp?GoodsCode=26010948,family:0.5;couple:0.6;single:0.6;가족/어린이/아동;인터파크실시간,2026-08-22 18:08:07,culture:1.0;educational:0.9;indoor:0.8,4,98
인터파크 티켓,자연친화,용인어린이상상의숲 공연놀이터 〈매직컬 피노키오〉 - 용인,2026-08-22 ~ 2026-09-06,,용인어린이상상의숲 공연놀이터,5,인터파크 티켓 어린이/가족 공연,https://tickets.interpark.com//ticket.interpark.com/Tiki/Main/TiKiGoodsinfo.asp?GoodsCode=26010215,family:0.5;couple:0.6;single:0.6;가족/어린이/아동;인터파크실시간,2026-08-22 18:08:07,nature:1.0;outdoor:1.0;picnic:0.8,4,96
인터파크 티켓,문화생활,송승환의 가족뮤지컬 〈더 스토리 오브 언더더씨〉 - 서울,2026-07-10 ~ 2026-08-23,,올림픽공원 우리금융아트홀,7,인터파크 티켓 어린이/가족 공연,https://tickets.interpark.com//ticket.interpark.com/Tiki/Main/TiKiGoodsinfo.asp?GoodsCode=26006254,family:0.5;couple:0.6;single:0.6;가족/어린이/아동;인터파크실시간,2026-08-22 18:08:07,culture:1.0;educational:0.9;indoor:0.8,3,94
인터파크 티켓,문화생활,가족뮤지컬 〈넘버블록스〉 - 서울앵콜,2026-09-19 ~ 2026-09-20,,한전아트센터,6,인터파크 티켓 어린이/가족 공연,https://tickets.interpark.com//ticket.interpark.com/Tiki/Main/TiKiGoodsinfo.asp?GoodsCode=26011355,family:0.5;couple:0.6;single:0.6;가족/어린이/아동;인터파크실시간,2026-08-22 18:08:07,culture:1.0;educational:0.9;indoor:0.8,3,92
인터파크 티켓,자연친화,뮤지컬 〈알사탕〉 - 서울숲,2025-03-29 ~ 2026-08-30,,서울숲 씨어터 1관,6,인터파크 티켓 어린이/가족 공연,https://tickets.interpark.com//ticket.interpark.com/Tiki/Main/TiKiGoodsinfo.asp?GoodsCode=25002679,family:0.5;couple:0.6;single:0.6;가족/어린이/아동;인터파크실시간,2026-08-22 18:08:07,nature:1.0;outdoor:1.0;picnic:0.8,5,90
인터파크 티켓,문화생활,뮤지컬 〈할머니의 여름휴가 : 씨씨상점〉,2026-07-04 ~ 2026-08-30,,국립중앙박물관 극장 용,6,인터파크 티켓 어린이/가족 공연,https://tickets.interpark.com//ticket.interpark.com/Tiki/Main/TiKiGoodsinfo.asp?GoodsCode=26005128,family:0.5;couple:0.6;single:0.6;가족/어린이/아동;인터파크실시간,2026-08-22 18:08:07,culture:1.0;educational:0.9;indoor:0.8,4,88
인터파크 티켓,문화생활,브레드이발소 : 여름방학 특별전 in 한남,2026-07-16 ~ 2026-09-06,,블루스퀘어 NEMO,4,인터파크 티켓 어린이/가족 공연,https://tickets.interpark.com//ticket.interpark.com/Tiki/Main/TiKiGoodsinfo.asp?GoodsCode=26008900,family:0.5;couple:0.6;single:0.6;가족/어린이/아동;인터파크실시간,2026-08-22 18:08:07,culture:1.0;educational:0.9;indoor:0.8,3,86
인터파크 티켓,문화생활,"뮤지컬 멜로우TV 〈Run it up, 팀 나빠〉 - 수원",2026-08-29 ~ 2026-08-30,,경기아트센터 대극장,6,인터파크 티켓 어린이/가족 공연,https://tickets.interpark.com//ticket.interpark.com/Tiki/Main/TiKiGoodsinfo.asp?GoodsCode=26009221,family:0.5;couple:0.6;single:0.6;가족/어린이/아동;인터파크실시간,2026-08-22 18:08:07,culture:1.0;educational:0.9;indoor:0.8,3,84
인터파크 티켓,문화생활,쇼뮤지컬 〈프린세스 캐치! 티니핑〉 - 창원,2026-09-05 ~ 2026-09-06,,창원 3.15아트센터 대극장,5,인터파크 티켓 어린이/가족 공연,https://tickets.interpark.com//ticket.interpark.com/Tiki/Main/TiKiGoodsinfo.asp?GoodsCode=26009716,family:0.5;couple:0.6;single:0.6;가족/어린이/아동;인터파크실시간,2026-08-22 18:08:07,culture:1.0;educational:0.9;indoor:0.8,5,82
인터파크 티켓,문화생활,［관객 20만돌파기념 슈퍼위크］ 베베핀 뮤지컬 〈두근두근 새친구〉 - 극장 용,2026-09-04 ~ 2026-09-06,,국립중앙박물관 극장 용,5,인터파크 티켓 어린이/가족 공연,https://tickets.interpark.com//ticket.interpark.com/Tiki/Main/TiKiGoodsinfo.asp?GoodsCode=26011029,family:0.5;couple:0.6;single:0.6;가족/어린이/아동;인터파크실시간,2026-08-22 18:08:07,culture:1.0;educational:0.9;indoor:0.8,4,82
인터파크 티켓,자연친화,2026 뮤지컬 〈숲속 100층짜리 집〉 - 부산,2026-10-03 ~ 2026-10-04,,KBS부산홀,5,인터파크 티켓 어린이/가족 공연,https://tickets.interpark.com//ticket.interpark.com/Tiki/Main/TiKiGoodsinfo.asp?GoodsCode=26010704,family:0.5;couple:0.6;single:0.6;가족/어린이/아동;인터파크실시간,2026-08-22 18:08:07,nature:1.0;outdoor:1.0;picnic:0.8,5,78
인터파크 티켓,문화생활,베베핀 뮤지컬 〈두근두근 새친구〉 - 수원,2026-10-10 ~ 2026-10-11,,수원SK아트리움 대공연장,5,인터파크 티켓 어린이/가족 공연,https://tickets.interpark.com//ticket.interpark.com/Tiki/Main/TiKiGoodsinfo.asp?GoodsCode=26012142,family:0.5;couple:0.6;single:0.6;가족/어린이/아동;인터파크실시간,2026-08-22 18:08:07,culture:1.0;educational:0.9;indoor:0.8,5,76
인터파크 티켓,자연친화,뮤지컬 〈장수탕 선녀님〉 - 서울어린이대공원,2026-03-14 ~ 2026-11-29,,서울어린이대공원 아트센터,5,인터파크 티켓 어린이/가족 공연,https://tickets.interpark.com//ticket.interpark.com/Tiki/Main/TiKiGoodsinfo.asp?GoodsCode=26001516,family:0.5;couple:0.6;single:0.6;가족/어린이/아동;인터파크실시간,2026-08-22 18:08:07,nature:1.0;outdoor:1.0;picnic:0.8,4,76
인터파크 티켓,문화생활,시간을 파는 상점,2024-03-15 ~ 2026-09-27,,파랑씨어터,3,인터파크 티켓 어린이/가족 공연,https://tickets.interpark.com//ticket.interpark.com/Tiki/Main/TiKiGoodsinfo.asp?GoodsCode=24002778,family:0.5;couple:0.6;single:0.6;가족/어린이/아동;인터파크실시간,2026-08-22 18:08:07,culture:1.0;educational:0.9;indoor:0.8,3,76
인터파크 티켓,문화생활,뮤지컬 최고다 호기심딱지 시즌4 〈우리 몸은 우리가 지킨다!〉 - 천안,2026-09-19 ~ 2026-09-20,,천안시성환문화회관 대공연장,4,인터파크 티켓 어린이/가족 공연,https://tickets.interpark.com//ticket.interpark.com/Tiki/Main/TiKiGoodsinfo.asp?GoodsCode=26009286,family:0.5;couple:0.6;single:0.6;가족/어린이/아동;인터파크실시간,2026-08-22 18:08:07,culture:1.0;educational:0.9;indoor:0.8,4,70
인터파크 티켓,문화생활,［성남］ 라이브 시트콤 뮤지컬 〈인싸가족〉,2026-09-19 ~ 2026-09-20,,성남아트센터 오페라하우스,4,인터파크 티켓 어린이/가족 공연,https://tickets.interpark.com//ticket.interpark.com/Tiki/Main/TiKiGoodsinfo.asp?GoodsCode=26010483,family:0.5;couple:0.6;single:0.6;가족/어린이/아동;인터파크실시간,2026-08-22 18:08:07,culture:1.0;educational:0.9;indoor:0.8,3,68
인터파크 티켓,문화생활,"뮤지컬 멜로우TV 〈Run it up, 팀 나빠〉 - 오산",2026-10-03 ~ 2026-10-04,,오산문화예술회관 대공연장,4,인터파크 티켓 어린이/가족 공연,https://tickets.interpark.com//ticket.interpark.com/Tiki/Main/TiKiGoodsinfo.asp?GoodsCode=26011415,family:0.5;couple:0.6;single:0.6;가족/어린이/아동;인터파크실시간,2026-08-22 18:08:07,culture:1.0;educational:0.9;indoor:0.8,5,68
인터파크 티켓,문화생활,쇼뮤지컬 〈프린세스 캐치! 티니핑〉 - 춘천,2026-09-12 ~ 2026-09-13,,강원대학교 백령아트센터,4,인터파크 티켓 어린이/가족 공연,https://tickets.interpark.com//ticket.interpark.com/Tiki/Main/TiKiGoodsinfo.asp?GoodsCode=26009727,family:0.5;couple:0.6;single:0.6;가족/어린이/아동;인터파크실시간,2026-08-22 18:08:07,culture:1.0;educational:0.9;indoor:0.8,5,64
인터파크 티켓,문화생활,밀러의 마법학교 - 현대백화점 킨텍스점,2026-08-21 ~ 2026-08-30,,현대백화점 킨텍스점 9층 문화홀,2,인터파크 티켓 어린이/가족 공연,https://tickets.interpark.com//ticket.interpark.com/Tiki/Main/TiKiGoodsinfo.asp?GoodsCode=26011987,family:0.5;couple:0.6;single:0.6;가족/어린이/아동;인터파크실시간,2026-08-22 18:08:07,culture:1.0;educational:0.9;indoor:0.8,5,64
인터파크 티켓,문화생활,"에바 알머슨의 프리미엄 가족 뮤지컬〈리나, 슈퍼히어로〉",2026-07-10 ~ 2026-08-23,,한전아트센터,4,인터파크 티켓 어린이/가족 공연,https://tickets.interpark.com//ticket.interpark.com/Tiki/Main/TiKiGoodsinfo.asp?GoodsCode=26006268,family:0.5;couple:0.6;single:0.6;가족/어린이/아동;인터파크실시간,2026-08-22 18:08:07,culture:1.0;educational:0.9;indoor:0.8,3,60
인터파크 티켓,문화생활,2026 베스트셀러 뮤지컬 〈누가 내 머리에 똥 쌌어？〉 - 과천,2026-08-22 ~ 2026-08-30,,국립과천과학관 어울림홀,2,인터파크 티켓 어린이/가족 공연,https://tickets.interpark.com//ticket.interpark.com/Tiki/Main/TiKiGoodsinfo.asp?GoodsCode=26008406,family:0.5;couple:0.6;single:0.6;가족/어린이/아동;인터파크실시간,2026-08-22 18:08:07,culture:1.0;educational:0.9;indoor:0.8,4,58
인터파크 티켓,문화생활,뮤지컬 최고다 호기심딱지 시즌4 〈우리 몸은 우리가 지킨다!〉 - 용인,2026-09-05 ~ 2026-09-06,,용인포은아트홀,4,인터파크 티켓 어린이/가족 공연,https://tickets.interpark.com//ticket.interpark.com/Tiki/Main/TiKiGoodsinfo.asp?GoodsCode=26008178,family:0.5;couple:0.6;single:0.6;가족/어린이/아동;인터파크실시간,2026-08-22 18:08:07,culture:1.0;educational:0.9;indoor:0.8,4,56
인터파크 티켓,자연친화,2026 뮤지컬 〈숲속 100층짜리 집〉 - 성남,2026-09-05 ~ 2026-09-06,,성남아트리움 대극장,4,인터파크 티켓 어린이/가족 공연,https://tickets.interpark.com//ticket.interpark.com/Tiki/Main/TiKiGoodsinfo.asp?GoodsCode=26008586,family:0.5;couple:0.6;single:0.6;가족/어린이/아동;인터파크실시간,2026-08-22 18:08:07,nature:1.0;outdoor:1.0;picnic:0.8,5,56
인터파크 티켓,문화생활,쇼뮤지컬 〈프린세스 캐치! 티니핑〉 - 전주,2026-10-10 ~ 2026-10-11,,한국소리문화의전당 모악당,4,인터파크 티켓 어린이/가족 공연,https://tickets.interpark.com//ticket.interpark.com/Tiki/Main/TiKiGoodsinfo.asp?GoodsCode=26009893,family:0.5;couple:0.6;single:0.6;가족/어린이/아동;인터파크실시간,2026-08-22 18:08:07,culture:1.0;educational:0.9;indoor:0.8,5,52
인터파크 티켓,문화생활,베베핀 뮤지컬 〈두근두근 새친구〉 - 대전,2026-08-22 ~ 2026-08-23,,대전한밭대학교 아트홀,4,인터파크 티켓 어린이/가족 공연,https://tickets.interpark.com//ticket.interpark.com/Tiki/Main/TiKiGoodsinfo.asp?GoodsCode=26009574,family:0.5;couple:0.6;single:0.6;가족/어린이/아동;인터파크실시간,2026-08-22 18:08:07,culture:1.0;educational:0.9;indoor:0.8,5,52
인터파크 티켓,문화생활,아주아주 배고픈 애벌레 쇼 - 영어,2025-11-21 ~ 2026-09-27,,NOL씨어터 합정 ABL생명홀,3,인터파크 티켓 어린이/가족 공연,https://tickets.interpark.com//ticket.interpark.com/Tiki/Main/TiKiGoodsinfo.asp?GoodsCode=25015122,family:0.5;couple:0.6;single:0.6;가족/어린이/아동;인터파크실시간,2026-08-22 18:08:07,culture:1.0;educational:0.9;indoor:0.8,5,52
인터파크 티켓,문화생활,〈왕관을 찾아서: 진묘수와 시간의 문〉 - 공주,2026-08-29 ~ 2026-11-07,,백제문화전당 고마홀,2,인터파크 티켓 어린이/가족 공연,https://tickets.interpark.com//ticket.interpark.com/Tiki/Main/TiKiGoodsinfo.asp?GoodsCode=26010751,family:0.5;couple:0.6;single:0.6;가족/어린이/아동;인터파크실시간,2026-08-22 18:08:07,culture:1.0;educational:0.9;indoor:0.8,5,50
인터파크 티켓,문화생활,강아지똥,2026-08-29 ~ 2026-08-29,,강북문화예술회관 강북소나무홀,2,인터파크 티켓 어린이/가족 공연,https://tickets.interpark.com//ticket.interpark.com/Tiki/Main/TiKiGoodsinfo.asp?GoodsCode=26010315,family:0.5;couple:0.6;single:0.6;가족/어린이/아동;인터파크실시간,2026-08-22 18:08:07,culture:1.0;educational:0.9;indoor:0.8,4,50
인터파크 티켓,문화생활,가족뮤지컬 〈넘버블록스〉 - 울산앵콜,2026-10-03 ~ 2026-10-04,,HD아트센터 대공연장,3,인터파크 티켓 어린이/가족 공연,https://tickets.interpark.com//ticket.interpark.com/Tiki/Main/TiKiGoodsinfo.asp?GoodsCode=26009677,family:0.5;couple:0.6;single:0.6;가족/어린이/아동;인터파크실시간,2026-08-22 18:08:07,culture:1.0;educational:0.9;indoor:0.8,5,50
인터파크 티켓,문화생활,쇼뮤지컬 〈프린세스 캐치! 티니핑〉 - 능동,2026-09-24 ~ 2026-09-27,,티켓링크 1975 씨어터 (구 어린이회관 문화관),3,인터파크 티켓 어린이/가족 공연,https://tickets.interpark.com//ticket.interpark.com/Tiki/Main/TiKiGoodsinfo.asp?GoodsCode=26010335,family:0.5;couple:0.6;single:0.6;가족/어린이/아동;인터파크실시간,2026-08-22 18:08:07,culture:1.0;educational:0.9;indoor:0.8,4,50
인터파크 티켓,문화생활,"뮤지컬 ［EBEN ; 다윗, 무기를 든 소년］",2026-08-27 ~ 2026-08-30,,비유아트홀,2,인터파크 티켓 어린이/가족 공연,https://tickets.interpark.com//ticket.interpark.com/Tiki/Main/TiKiGoodsinfo.asp?GoodsCode=26011062,family:0.5;couple:0.6;single:0.6;가족/어린이/아동;인터파크실시간,2026-08-22 18:08:07,culture:1.0;educational:0.9;indoor:0.8,4,50
인터파크 티켓,문화생활,"뮤지컬 멜로우TV 〈Run it up, 팀 나빠〉 - 강릉",2026-09-19 ~ 2026-09-19,,강원대학교 강릉캠퍼스 해람문화관,3,인터파크 티켓 어린이/가족 공연,https://tickets.interpark.com//ticket.interpark.com/Tiki/Main/TiKiGoodsinfo.asp?GoodsCode=26009576,family:0.5;couple:0.6;single:0.6;가족/어린이/아동;인터파크실시간,2026-08-22 18:08:07,culture:1.0;educational:0.9;indoor:0.8,4,50
인터파크 티켓,문화생활,송승환의 가족뮤지컬 〈더 스토리 오브 언더더씨〉 - 고양,2026-11-21 ~ 2026-11-22,,고양어울림누리 어울림극장,3,인터파크 티켓 어린이/가족 공연,https://tickets.interpark.com//ticket.interpark.com/Tiki/Main/TiKiGoodsinfo.asp?GoodsCode=26007624,family:0.5;couple:0.6;single:0.6;가족/어린이/아동;인터파크실시간,2026-08-22 18:08:07,culture:1.0;educational:0.9;indoor:0.8,5,50
인터파크 티켓,문화생활,싱어롱뮤지컬 브레드이발소 〈브레드와 윌크의 세계여행〉 - 인천,2026-08-22 ~ 2026-08-23,,인천문화예술회관 소공연장,2,인터파크 티켓 어린이/가족 공연,https://tickets.interpark.com//ticket.interpark.com/Tiki/Main/TiKiGoodsinfo.asp?GoodsCode=26008642,family:0.5;couple:0.6;single:0.6;가족/어린이/아동;인터파크실시간,2026-08-22 18:08:07,culture:1.0;educational:0.9;indoor:0.8,3,50
인터파크 티켓,문화생활,뮤지컬 〈드라랄라 치과〉,2026-08-07 ~ 2026-08-30,,아이들극장,2,인터파크 티켓 어린이/가족 공연,https://tickets.interpark.com//ticket.interpark.com/Tiki/Main/TiKiGoodsinfo.asp?GoodsCode=26008029,family:0.5;couple:0.6;single:0.6;가족/어린이/아동;인터파크실시간,2026-08-22 18:08:07,culture:1.0;educational:0.9;indoor:0.8,3,50
인터파크 티켓,문화생활,어린이 전통극 〈도깨비 방귀〉 - 남양주,2026-09-19 ~ 2026-09-19,,어린이비전센터 4층 다목적 강당,1,인터파크 티켓 어린이/가족 공연,https://tickets.interpark.com//ticket.interpark.com/Tiki/Main/TiKiGoodsinfo.asp?GoodsCode=26011971,family:0.5;couple:0.6;single:0.6;가족/어린이/아동;인터파크실시간,2026-08-22 18:08:07,culture:1.0;educational:0.9;indoor:0.8,3,50
인터파크 티켓,자연친화,2026 뮤지컬 〈숲속 100층짜리 집〉 - 대전,2026-10-31 ~ 2026-11-01,,대전 우송예술회관,2,인터파크 티켓 어린이/가족 공연,https://tickets.interpark.com//ticket.interpark.com/Tiki/Main/TiKiGoodsinfo.asp?GoodsCode=26010668,family:0.5;couple:0.6;single:0.6;가족/어린이/아동;인터파크실시간,2026-08-22 18:08:07,nature:1.0;outdoor:1.0;picnic:0.8,3,50
인터파크 티켓,문화생활,송승환의 가족뮤지컬 〈더 스토리 오브 언더더씨〉 - 부산,2026-09-05 ~ 2026-09-06,,소향씨어터 우리은행홀,2,인터파크 티켓 어린이/가족 공연,https://tickets.interpark.com//ticket.interpark.com/Tiki/Main/TiKiGoodsinfo.asp?GoodsCode=26007254,family:0.5;couple:0.6;single:0.6;가족/어린이/아동;인터파크실시간,2026-08-22 18:08:07,culture:1.0;educational:0.9;indoor:0.8,3,50
인터파크 티켓,자연친화,뮤지컬 〈AI세계에서 살아남기〉 - 서울숲,2026-07-28 ~ 2026-12-31,,서울숲 씨어터 2관,2,인터파크 티켓 어린이/가족 공연,https://tickets.interpark.com//ticket.interpark.com/Tiki/Main/TiKiGoodsinfo.asp?GoodsCode=26007627,family:0.5;couple:0.6;single:0.6;가족/어린이/아동;인터파크실시간,2026-08-22 18:08:07,nature:1.0;outdoor:1.0;picnic:0.8,5,50
인터파크 티켓,문화생활,［항공우주박물관］ 뮤지컬〈수도SONG 세계여행〉 - 고양,2025-02-15 ~ 2026-09-30,,한국항공대학교 투데이아트홀,2,인터파크 티켓 어린이/가족 공연,https://tickets.interpark.com//ticket.interpark.com/Tiki/Main/TiKiGoodsinfo.asp?GoodsCode=25000704,family:0.5;couple:0.6;single:0.6;가족/어린이/아동;인터파크실시간,2026-08-22 18:08:07,culture:1.0;educational:0.9;indoor:0.8,4,50
인터파크 티켓,문화생활,대학로 연극 〈 급식왕 - 급식이사라졌다 〉,2024-12-14 ~ 2026-10-03,,스케치홀,2,인터파크 티켓 어린이/가족 공연,https://tickets.interpark.com//ticket.interpark.com/Tiki/Main/TiKiGoodsinfo.asp?GoodsCode=24017470,family:0.5;couple:0.6;single:0.6;가족/어린이/아동;인터파크실시간,2026-08-22 18:08:07,culture:1.0;educational:0.9;indoor:0.8,5,50
인터파크 티켓,문화생활,2026. 가족뮤지컬 “백설공주”,2026-09-19 ~ 2026-09-19,,서대문문화체육회관 대극장,2,인터파크 티켓 어린이/가족 공연,https://tickets.interpark.com//ticket.interpark.com/Tiki/Main/TiKiGoodsinfo.asp?GoodsCode=26007691,family:0.5;couple:0.6;single:0.6;가족/어린이/아동;인터파크실시간,2026-08-22 18:08:07,culture:1.0;educational:0.9;indoor:0.8,5,50
인터파크 티켓,문화생활,어린이 서커스 쇼 - 속초,2026-08-22 ~ 2026-08-22,,속초문화예술회관 대공연장,2,인터파크 티켓 어린이/가족 공연,https://tickets.interpark.com//ticket.interpark.com/Tiki/Main/TiKiGoodsinfo.asp?GoodsCode=26008588,family:0.5;couple:0.6;single:0.6;가족/어린이/아동;인터파크실시간,2026-08-22 18:08:07,culture:1.0;educational:0.9;indoor:0.8,3,50
인터파크 티켓,문화생활,매직퍼포먼스 〈홀릭〉 - 인천,2026-08-17 ~ 2026-09-27,,인천어린이과학관 공연장,2,인터파크 티켓 어린이/가족 공연,https://tickets.interpark.com//ticket.interpark.com/Tiki/Main/TiKiGoodsinfo.asp?GoodsCode=26011031,family:0.5;couple:0.6;single:0.6;가족/어린이/아동;인터파크실시간,2026-08-22 18:08:07,culture:1.0;educational:0.9;indoor:0.8,3,50
인터파크 티켓,문화생활,뮤지컬 〈장수탕 선녀님〉 - 부산,2026-11-21 ~ 2026-11-21,,부산시민회관 대극장,2,인터파크 티켓 어린이/가족 공연,https://tickets.interpark.com//ticket.interpark.com/Tiki/Main/TiKiGoodsinfo.asp?GoodsCode=26007774,family:0.5;couple:0.6;single:0.6;가족/어린이/아동;인터파크실시간,2026-08-22 18:08:07,culture:1.0;educational:0.9;indoor:0.8,4,50
인터파크 티켓,문화생활,쇼뮤지컬〈프린세스 캐치! 티니핑〉 - 대구 앙코르,2026-10-03 ~ 2026-10-04,,영남대학교 천마아트센터 그랜드홀,2,인터파크 티켓 어린이/가족 공연,https://tickets.interpark.com//ticket.interpark.com/Tiki/Main/TiKiGoodsinfo.asp?GoodsCode=26010055,family:0.5;couple:0.6;single:0.6;가족/어린이/아동;인터파크실시간,2026-08-22 18:08:07,culture:1.0;educational:0.9;indoor:0.8,3,50
인터파크 티켓,문화생활,［광주］ 라이브 시트콤 뮤지컬 〈인싸가족〉,2026-10-24 ~ 2026-10-25,,광주5.18기념문화센터 민주홀,2,인터파크 티켓 어린이/가족 공연,https://tickets.interpark.com//ticket.interpark.com/Tiki/Main/TiKiGoodsinfo.asp?GoodsCode=26010555,family:0.5;couple:0.6;single:0.6;가족/어린이/아동;인터파크실시간,2026-08-22 18:08:07,culture:1.0;educational:0.9;indoor:0.8,3,50
인터파크 티켓,문화생활,가족뮤지컬 〈넘버블록스〉 - 경주앵콜,2026-09-05 ~ 2026-09-06,,경주예술의전당 대공연장(화랑홀),2,인터파크 티켓 어린이/가족 공연,https://tickets.interpark.com//ticket.interpark.com/Tiki/Main/TiKiGoodsinfo.asp?GoodsCode=26009675,family:0.5;couple:0.6;single:0.6;가족/어린이/아동;인터파크실시간,2026-08-22 18:08:07,culture:1.0;educational:0.9;indoor:0.8,4,50
인터파크 티켓,문화생활,싱어롱뮤지컬 브레드이발소 〈브레드와 윌크의 세계여행〉 - 창원,2026-09-05 ~ 2026-09-06,,창원 성산아트홀 소극장,2,인터파크 티켓 어린이/가족 공연,https://tickets.interpark.com//ticket.interpark.com/Tiki/Main/TiKiGoodsinfo.asp?GoodsCode=26008923,family:0.5;couple:0.6;single:0.6;가족/어린이/아동;인터파크실시간,2026-08-22 18:08:07,culture:1.0;educational:0.9;indoor:0.8,3,50
인터파크 티켓,문화생활,안애순 컴퍼니 가족무용극 〈어린 왕자〉 - 세종시,2026-09-10 ~ 2026-09-10,,세종예술의전당(세종특별자치시),1,인터파크 티켓 어린이/가족 공연,https://tickets.interpark.com//ticket.interpark.com/Tiki/Main/TiKiGoodsinfo.asp?GoodsCode=26007702,family:0.5;couple:0.6;single:0.6;가족/어린이/아동;인터파크실시간,2026-08-22 18:08:07,culture:1.0;educational:0.9;indoor:0.8,4,50
티켓링크,문화생활,공예체험 원데이 체험 입장권,2026-02-02 ~ 2026-12-30,전체 관람가 (전 연령),한국공예체험박물관 한국공예체험박물관,"15,000원",티켓링크 어린이/가족 공연,https://www.ticketlink.co.kr/product/61398,family:0.8;couple:1.0;single:0.9;exhibition:1.0;티켓링크;전시;경기,2026-08-22 18:11:25,culture:1.0;educational:0.9;indoor:0.8,3,66
티켓링크,문화생활,2026 가족뮤지컬 <겨울이야기> - 전주,2026-12-26 ~ 2026-12-26,전체 관람가 (가족/어린이 동반),전주학생교육문화관 전주학생교육문화회관,"50,000원",티켓링크 어린이/가족 공연,https://www.ticketlink.co.kr/product/63851,family:1.0;baby:1.0;toddler:1.0;가족어린이동반;티켓링크;공연;전북,2026-08-22 18:11:25,culture:1.0;educational:0.9;indoor:0.8,3,82
티켓링크,문화생활,가족뮤지컬 <호두까기인형> - 평택서부,2026-12-25 ~ 2026-12-26,전체 관람가 (가족/어린이 동반),평택서부문화예술회관 평택서부문화예술회관 대공연장,"50,000원 ~ 60,000원",티켓링크 어린이/가족 공연,https://www.ticketlink.co.kr/product/64247,family:1.0;baby:1.0;toddler:1.0;가족어린이동반;티켓링크;공연;경기,2026-08-22 18:11:25,culture:1.0;educational:0.9;indoor:0.8,4,72
티켓링크,문화생활,가족뮤지컬 <빨간모자와 늑대> - 평택북부,2026-12-25 ~ 2026-12-26,전체 관람가 (가족/어린이 동반),평택북부문예회관 평택북부문화예술회관 대공연장,"60,000원",티켓링크 어린이/가족 공연,https://www.ticketlink.co.kr/product/64245,family:1.0;baby:1.0;toddler:1.0;가족어린이동반;티켓링크;공연;경기,2026-08-22 18:11:25,culture:1.0;educational:0.9;indoor:0.8,5,75
티켓링크,문화생활,"2026 가족뮤지컬 <엄마까투리 - 유치원도, 도시도 처음이야> - 부천",2026-12-11 ~ 2026-12-12,전체 관람가 (가족/어린이 동반),부천시민회관 부천시민회관 대공연장,"66,000원",티켓링크 어린이/가족 공연,https://www.ticketlink.co.kr/product/63957,family:1.0;baby:1.0;toddler:1.0;가족어린이동반;티켓링크;공연;경기,2026-08-22 18:11:25,culture:1.0;educational:0.9;indoor:0.8,3,81
티켓링크,문화생활,"2026 가족뮤지컬 <엄마까투리 - 유치원도, 도시도 처음이야> - 전주",2026-12-24 ~ 2026-12-25,전체 관람가 (가족/어린이 동반),전주학생교육문화관 전주학생교육문화회관,"66,000원",티켓링크 어린이/가족 공연,https://www.ticketlink.co.kr/product/63916,family:1.0;baby:1.0;toddler:1.0;가족어린이동반;티켓링크;공연;전북,2026-08-22 18:11:25,culture:1.0;educational:0.9;indoor:0.8,4,70
티켓링크,문화생활,(2026년성탄가족 뮤지컬) 빨간코 루돌프와산타클로스 - 전주,2026-12-19 ~ 2026-12-19,전체 관람가 (가족/어린이 동반),전주 덕진예술회관 전주 덕진예술회관,"30,000원",티켓링크 어린이/가족 공연,https://www.ticketlink.co.kr/product/64902,family:1.0;baby:1.0;toddler:1.0;가족어린이동반;티켓링크;공연;전북,2026-08-22 18:11:25,culture:1.0;educational:0.9;indoor:0.8,4,80
티켓링크,문화생활,"2026 가족뮤지컬 <엄마까투리 - 유치원도, 도시도 처음이야> - 평택",2026-12-18 ~ 2026-12-19,전체 관람가 (가족/어린이 동반),평택서부문화예술회관 평택서부문화예술회관 대공연장,"66,000원",티켓링크 어린이/가족 공연,https://www.ticketlink.co.kr/product/64744,family:1.0;baby:1.0;toddler:1.0;가족어린이동반;티켓링크;공연;경기,2026-08-22 18:11:25,culture:1.0;educational:0.9;indoor:0.8,5,78
티켓링크,문화생활,-크리스마스특집- 가족뮤지컬 리얼공룡쇼<다이노> - 익산,2026-12-18 ~ 2026-12-18,전체 관람가 (가족/어린이 동반),솜리문화예술회관 솜리문화예술회관 중공연장,"50,000원",티켓링크 어린이/가족 공연,https://www.ticketlink.co.kr/product/64990,family:1.0;baby:1.0;toddler:1.0;가족어린이동반;티켓링크;공연;전북,2026-08-22 18:11:25,culture:1.0;educational:0.9;indoor:0.8,5,80
티켓링크,문화생활,2026 가족뮤지컬 <겨울이야기> - 양천,2026-12-11 ~ 2026-12-12,전체 관람가 (가족/어린이 동반),양천문화회관 양천문화회관 대극장,"50,000원",티켓링크 어린이/가족 공연,https://www.ticketlink.co.kr/product/63956,family:1.0;baby:1.0;toddler:1.0;가족어린이동반;티켓링크;공연;서울,2026-08-22 18:11:25,culture:1.0;educational:0.9;indoor:0.8,3,72
티켓링크,문화생활,[크리스마스특별할인] 가족뮤지컬 <누가내머리에똥쌌어?> - 세종,2026-12-23 ~ 2026-12-24,전체 관람가 (가족/어린이 동반),BOK아트센터 BOK아트센터,"50,000원",티켓링크 어린이/가족 공연,https://www.ticketlink.co.kr/product/64840,family:1.0;baby:1.0;toddler:1.0;가족어린이동반;티켓링크;공연;세종,2026-08-22 18:11:25,culture:1.0;educational:0.9;indoor:0.8,3,75
티켓링크,문화생활,아기상어 비밀 초대장,2026-06-17 ~ 2026-12-18,전체 관람가 (가족/어린이 동반),동대문디자인플라자 동대문디자인플라자 전시 2관,"23,000원",티켓링크 어린이/가족 공연,https://www.ticketlink.co.kr/product/62947,family:1.0;baby:1.0;toddler:1.0;가족어린이동반;티켓링크;전시;서울,2026-08-22 18:11:25,culture:1.0;educational:0.9;indoor:0.8,5,92
티켓링크,문화생활,가족뮤지컬 <에그박사와 아마존 대탐험> - 부산,2026-10-09 ~ 2026-10-10,전체 관람가 (가족/어린이 동반),벡스코 부산 BEXCO 오디토리움,"42,900원 ~ 54,900원",티켓링크 어린이/가족 공연,https://www.ticketlink.co.kr/product/63387,family:1.0;baby:1.0;toddler:1.0;가족어린이동반;티켓링크;공연;부산,2026-08-22 18:11:25,culture:1.0;educational:0.9;indoor:0.8,3,72
티켓링크,문화생활,천안시립흥타령풍물단 제12회 정기공연 - 천안,2022-06-09 ~ 2022-06-09,전체 관람가 (가족/어린이 동반),천안예술의전당 천안예술의전당 소공연장,"6,000원",티켓링크 어린이/가족 공연,https://www.ticketlink.co.kr/product/38781,family:1.0;baby:1.0;toddler:1.0;가족어린이동반;티켓링크;공연;충남,2026-08-22 18:11:25,culture:1.0;educational:0.9;indoor:0.8,5,76
티켓링크,문화생활,가족뮤지컬 <로봇특공대> - 포항,2026-12-26 ~ 2026-12-26,전체 관람가 (가족/어린이 동반),포항문화예술회관 포항문화예술회관 대공연장,"55,000원",티켓링크 어린이/가족 공연,https://www.ticketlink.co.kr/product/65098,family:1.0;baby:1.0;toddler:1.0;가족어린이동반;티켓링크;공연;경북,2026-08-22 18:11:25,culture:1.0;educational:0.9;indoor:0.8,4,88
티켓링크,문화생활,가족뮤지컬 <스크루지 아저씨의 크리스마스 캐롤> - 수원,2026-12-25 ~ 2026-12-26,전체 관람가 (가족/어린이 동반),수원문화원 수원문화원 빛누리아트홀,"50,000원",티켓링크 어린이/가족 공연,https://www.ticketlink.co.kr/product/64735,family:1.0;baby:1.0;toddler:1.0;가족어린이동반;티켓링크;공연;서울,2026-08-22 18:11:25,culture:1.0;educational:0.9;indoor:0.8,5,70
티켓링크,문화생활,수성키즈클래식 <별이 빛나는 클래식 콘서트> - 대구,2026-12-04 ~ 2026-12-04,전체 관람가 (가족/어린이 동반),수성아트피아 수성아트피아 소극장,"10,000원",티켓링크 어린이/가족 공연,https://www.ticketlink.co.kr/product/62984,family:1.0;baby:1.0;toddler:1.0;가족어린이동반;티켓링크;공연;대구,2026-08-22 18:11:25,culture:1.0;educational:0.9;indoor:0.8,5,90
티켓링크,문화생활,가족뮤지컬 <호두까기인형> - 충주,2026-12-24 ~ 2026-12-24,전체 관람가 (가족/어린이 동반),충주문화회관 충주문화회관,"40,000원",티켓링크 어린이/가족 공연,https://www.ticketlink.co.kr/product/64853,family:1.0;baby:1.0;toddler:1.0;가족어린이동반;티켓링크;공연;충북,2026-08-22 18:11:25,culture:1.0;educational:0.9;indoor:0.8,4,76
티켓링크,문화생활,수성키즈클래식 <리듬으로 만나는 클래식 놀이터> - 대구,2026-11-13 ~ 2026-11-13,전체 관람가 (가족/어린이 동반),수성아트피아 수성아트피아 소극장,"10,000원",티켓링크 어린이/가족 공연,https://www.ticketlink.co.kr/product/62983,family:1.0;baby:1.0;toddler:1.0;가족어린이동반;티켓링크;공연;대구,2026-08-22 18:11:25,culture:1.0;educational:0.9;indoor:0.8,3,82
티켓링크,문화생활,가족뮤지컬 <로봇 특공대> - 부산기장,2026-10-30 ~ 2026-10-30,전체 관람가 (가족/어린이 동반),차성아트홀 차성아트홀,"55,000원",티켓링크 어린이/가족 공연,https://www.ticketlink.co.kr/product/65097,family:1.0;baby:1.0;toddler:1.0;가족어린이동반;티켓링크;공연;부산,2026-08-22 18:11:25,culture:1.0;educational:0.9;indoor:0.8,4,65
티켓링크,문화생활,시대악기로 듣는 모차르트 가족의 음악 이야기,2026-10-21 ~ 2026-10-21,전체 관람가 (가족/어린이 동반),예울마루 여수 GS칼텍스 예울마루 소극장,"40,000원",티켓링크 어린이/가족 공연,https://www.ticketlink.co.kr/product/65002,family:1.0;baby:1.0;toddler:1.0;가족어린이동반;티켓링크;공연;전남,2026-08-22 18:11:25,culture:1.0;educational:0.9;indoor:0.8,5,77
티켓링크,문화생활,어린이 뮤지컬 <달 샤베트>,2026-09-30 ~ 2026-10-03,전체 관람가 (가족/어린이 동반),예울마루 여수 GS칼텍스 예울마루 대극장,"66,000원",티켓링크 어린이/가족 공연,https://www.ticketlink.co.kr/product/64328,family:1.0;baby:1.0;toddler:1.0;가족어린이동반;티켓링크;공연;전남,2026-08-22 18:11:25,culture:1.0;educational:0.9;indoor:0.8,5,85
티켓링크,문화생활,- 크리스마스특집 - 가족뮤지컬 <빨간코 루돌프와산타클로스> - 포항,2026-12-18 ~ 2026-12-18,전체 관람가 (가족/어린이 동반),포항시청 문화동 대잠홀 포항시청 대잠홀,"55,000원",티켓링크 어린이/가족 공연,https://www.ticketlink.co.kr/product/64999,family:1.0;baby:1.0;toddler:1.0;가족어린이동반;티켓링크;공연;경북,2026-08-22 18:11:25,culture:1.0;educational:0.9;indoor:0.8,5,92
티켓링크,문화생활,(2026년성탄가족 뮤지컬) 빨간코 루돌프와산타클로스 - 양산,2026-12-18 ~ 2026-12-18,전체 관람가 (가족/어린이 동반),양산문화예술회관 양산문화예술회관 대공연장,"20,000원 ~ 30,000원",티켓링크 어린이/가족 공연,https://www.ticketlink.co.kr/product/64894,family:1.0;baby:1.0;toddler:1.0;가족어린이동반;티켓링크;공연;경남,2026-08-22 18:11:25,culture:1.0;educational:0.9;indoor:0.8,3,72
티켓링크,문화생활,(2026년성탄가족 뮤지컬) 빨간코 루돌프와산타클로스 - 여수,2026-12-12 ~ 2026-12-12,전체 관람가 (가족/어린이 동반),여수시민회관 여수시민회관 대공연장,"20,000원 ~ 30,000원",티켓링크 어린이/가족 공연,https://www.ticketlink.co.kr/product/64892,family:1.0;baby:1.0;toddler:1.0;가족어린이동반;티켓링크;공연;전남,2026-08-22 18:11:25,culture:1.0;educational:0.9;indoor:0.8,5,84
티켓링크,문화생활,가족인형극 <속임수에 걸린 꾀보토끼> 광주,2026-06-05 ~ 2026-11-06,전체 관람가 (가족/어린이 동반),공연일번지 공연일번지,"15,000원",티켓링크 어린이/가족 공연,https://www.ticketlink.co.kr/product/63225,family:1.0;baby:1.0;toddler:1.0;가족어린이동반;티켓링크;전시;광주,2026-08-22 18:11:25,culture:1.0;educational:0.9;indoor:0.8,3,74
티켓링크,문화생활,2026 가족체험극 < AI로봇과 함께하는 - 사이언스 마술쇼 > - 목포,2026-12-12 ~ 2026-12-12,전체 관람가 (가족/어린이 동반),목포시민문화체육센터 목포시민문화체육센터 소공연장,"50,000원",티켓링크 어린이/가족 공연,https://www.ticketlink.co.kr/product/64546,family:1.0;baby:1.0;toddler:1.0;가족어린이동반;티켓링크;공연;전남,2026-08-22 18:11:25,culture:1.0;educational:0.9;indoor:0.8,3,67
티켓링크,문화생활,2026 대구약령시한방문화축제  <황금둥글레를 찾아라!> 체험권 사전예매!,2026-05-06 ~ 2026-05-09,전체 관람가 (전 연령),대구약령시 천일한약방 앞 대구약령시 천일한약방 앞,"1,000원",티켓링크 어린이/가족 공연,https://www.ticketlink.co.kr/product/62893,family:0.8;couple:1.0;single:0.9;exhibition:1.0;티켓링크;전시;대구,2026-08-22 18:11:25,culture:1.0;educational:0.9;indoor:0.8,5,89
티켓링크,문화생활,[극단예일40주년 티켓반값이벤트]2026가족뮤지컬<겨울왕국 시즌3> - 대구,2026-10-30 ~ 2026-10-31,전체 관람가 (가족/어린이 동반),대구어린이세상 대구어린이세상 꾀꼬리극장,"50,000원",티켓링크 어린이/가족 공연,https://www.ticketlink.co.kr/product/64903,family:1.0;baby:1.0;toddler:1.0;가족어린이동반;티켓링크;공연;대구,2026-08-22 18:11:25,culture:1.0;educational:0.9;indoor:0.8,5,71
티켓링크,문화생활,가족뮤지컬 <메탈카드봇W> - 서울,2026-10-02 ~ 2026-10-10,전체 관람가 (가족/어린이 동반),티켓링크 1975 씨어터 티켓링크 1975 씨어터,"42,900원 ~ 54,900원",티켓링크 어린이/가족 공연,https://www.ticketlink.co.kr/product/64488,family:1.0;baby:1.0;toddler:1.0;가족어린이동반;티켓링크;공연;서울,2026-08-22 18:11:25,culture:1.0;educational:0.9;indoor:0.8,5,74
티켓링크,문화생활,쇼뮤지컬 <프린세스 캐치! 티니핑>,2026-09-23 ~ 2026-09-26,전체 관람가 (가족/어린이 동반),티켓링크 1975 씨어터 티켓링크 1975 씨어터 (구 어린이회관 문화관),"70,000원",티켓링크 어린이/가족 공연,https://www.ticketlink.co.kr/product/64451,family:1.0;baby:1.0;toddler:1.0;가족어린이동반;티켓링크;공연;서울,2026-08-22 18:11:25,culture:1.0;educational:0.9;indoor:0.8,5,75
티켓링크,문화생활,[부산] 라이브 시트콤 뮤지컬 <인싸가족>,2026-10-16 ~ 2026-10-17,전체 관람가 (가족/어린이 동반),소향씨어터 소향씨어터 우리은행홀,"50,000원 ~ 70,000원",티켓링크 어린이/가족 공연,https://www.ticketlink.co.kr/product/64918,family:1.0;baby:1.0;toddler:1.0;가족어린이동반;티켓링크;공연;부산,2026-08-22 18:11:25,culture:1.0;educational:0.9;indoor:0.8,5,85
티켓링크,문화생활,[울산] 라이브 시트콤 뮤지컬 <인싸가족>,2026-10-10 ~ 2026-10-10,전체 관람가 (가족/어린이 동반),울산문화예술회관 울산문화예술회관 대공연장,"50,000원 ~ 70,000원",티켓링크 어린이/가족 공연,https://www.ticketlink.co.kr/product/64917,family:1.0;baby:1.0;toddler:1.0;가족어린이동반;티켓링크;공연;울산,2026-08-22 18:11:25,culture:1.0;educational:0.9;indoor:0.8,4,73
티켓링크,문화생활,약선음식체험 원데이 클래스,2026-01-23 ~ 2026-12-04,전체 관람가 (전 연령),서울한방진흥센터 서울한방진흥센터 3층 약선음식체험관,"15,000원",티켓링크 어린이/가족 공연,https://www.ticketlink.co.kr/product/60991,family:0.8;couple:1.0;single:0.9;exhibition:1.0;티켓링크;전시;서울,2026-08-22 18:11:25,culture:1.0;educational:0.9;indoor:0.8,4,82
티켓링크,자연친화,뮤지컬 <장수탕 선녀님> - 서울어린이대공원,2026-03-13 ~ 2026-11-28,전체 관람가 (가족/어린이 동반),서울어린이대공원 아트센터 서울어린이대공원 아트센터,"66,000원",티켓링크 어린이/가족 공연,https://www.ticketlink.co.kr/product/62378,family:1.0;baby:1.0;toddler:1.0;가족어린이동반;티켓링크;공연;서울,2026-08-22 18:11:25,nature:1.0;outdoor:1.0;picnic:0.8,4,82
티켓링크,문화생활,"2026 가족뮤지컬 <엄마까투리 - 유치원도, 도시도 처음이야> - 수원",2026-11-13 ~ 2026-11-14,전체 관람가 (가족/어린이 동반),경기아트센터 경기아트센터 소극장,"66,000원",티켓링크 어린이/가족 공연,https://www.ticketlink.co.kr/product/63892,family:1.0;baby:1.0;toddler:1.0;가족어린이동반;티켓링크;공연;경기,2026-08-22 18:11:25,culture:1.0;educational:0.9;indoor:0.8,4,67
티켓링크,문화생활,송승환의 가족뮤지컬 <더 스토리 오브 언더더씨> - 수원,2026-11-13 ~ 2026-11-14,전체 관람가 (가족/어린이 동반),경기아트센터 경기아트센터 대극장,"55,000원 ~ 77,000원",티켓링크 어린이/가족 공연,https://www.ticketlink.co.kr/product/63426,family:1.0;baby:1.0;toddler:1.0;가족어린이동반;티켓링크;공연;경기,2026-08-22 18:11:25,culture:1.0;educational:0.9;indoor:0.8,5,69
티켓링크,문화생활,2026년 어린이서커스쇼 - 안산,2026-11-07 ~ 2026-11-07,전체 관람가 (가족/어린이 동반),안산올림픽기념관 안산올림픽기념관 대공연장,"20,000원 ~ 30,000원",티켓링크 어린이/가족 공연,https://www.ticketlink.co.kr/product/65052,family:1.0;baby:1.0;toddler:1.0;가족어린이동반;티켓링크;공연;경기,2026-08-22 18:11:25,culture:1.0;educational:0.9;indoor:0.8,3,85
티켓링크,문화생활,착한공연  어린이뮤지컬겨울왕국 - 평택,2026-10-23 ~ 2026-10-23,전체 관람가 (가족/어린이 동반),평택문화예술회관(남부) 평택남부문화예술회관 대공연장,"50,000원",티켓링크 어린이/가족 공연,https://www.ticketlink.co.kr/product/64607,family:1.0;baby:1.0;toddler:1.0;가족어린이동반;티켓링크;공연;경기,2026-08-22 18:11:25,culture:1.0;educational:0.9;indoor:0.8,4,90
티켓링크,문화생활,어린이뮤지컬 <콧구멍을 후비면> - 인천,2026-10-02 ~ 2026-10-03,전체 관람가 (가족/어린이 동반),인천문화예술회관 인천문화예술회관 소공연장,"40,000원",티켓링크 어린이/가족 공연,https://www.ticketlink.co.kr/product/64597,family:1.0;baby:1.0;toddler:1.0;가족어린이동반;티켓링크;공연;인천,2026-08-22 18:11:25,culture:1.0;educational:0.9;indoor:0.8,3,70
티켓링크,문화생활,가족뮤지컬 <로봇 특공대> - 광주,2026-11-07 ~ 2026-11-07,전체 관람가 (가족/어린이 동반),5.18기념문화센터 5.18기념문화센터 민주홀,"55,000원",티켓링크 어린이/가족 공연,https://www.ticketlink.co.kr/product/65075,family:1.0;baby:1.0;toddler:1.0;가족어린이동반;티켓링크;공연;광주,2026-08-22 18:11:25,culture:1.0;educational:0.9;indoor:0.8,5,72
티켓링크,문화생활,[광주] 라이브 시트콤 뮤지컬 <인싸가족>,2026-10-23 ~ 2026-10-24,전체 관람가 (가족/어린이 동반),5.18기념문화센터 5.18기념문화센터 민주홀,"50,000원 ~ 70,000원",티켓링크 어린이/가족 공연,https://www.ticketlink.co.kr/product/64465,family:1.0;baby:1.0;toddler:1.0;가족어린이동반;티켓링크;공연;광주,2026-08-22 18:11:25,culture:1.0;educational:0.9;indoor:0.8,4,87
티켓링크,문화생활,2026 가족뮤지컬 <피노키오> - 대전,2026-10-23 ~ 2026-10-24,전체 관람가 (가족/어린이 동반),한밭대학교 아트홀 한밭대학교 아트홀,"50,000원",티켓링크 어린이/가족 공연,https://www.ticketlink.co.kr/product/64654,family:1.0;baby:1.0;toddler:1.0;가족어린이동반;티켓링크;공연;대전,2026-08-22 18:11:25,culture:1.0;educational:0.9;indoor:0.8,5,85
티켓링크,문화생활,가족뮤지컬<로봇 특공대> - 대전,2026-10-23 ~ 2026-10-23,전체 관람가 (가족/어린이 동반),대전평송청소년문화센터 대전평송청소년문화센터 대극장,"55,000원",티켓링크 어린이/가족 공연,https://www.ticketlink.co.kr/product/65081,family:1.0;baby:1.0;toddler:1.0;가족어린이동반;티켓링크;공연;대전,2026-08-22 18:11:25,culture:1.0;educational:0.9;indoor:0.8,4,71
티켓링크,문화생활,가족뮤지컬 <넘버블록스> - 울산앵콜,2026-10-02 ~ 2026-10-03,전체 관람가 (가족/어린이 동반),HD아트센터 HD아트센터 대공연장,"60,000원 ~ 70,000원",티켓링크 어린이/가족 공연,https://www.ticketlink.co.kr/product/64226,family:1.0;baby:1.0;toddler:1.0;가족어린이동반;티켓링크;공연;울산,2026-08-22 18:11:25,culture:1.0;educational:0.9;indoor:0.8,4,79
티켓링크,문화생활,송년 가족 음악회,2026-12-04 ~ 2026-12-04,전체 관람가 (가족/어린이 동반),세종문화회관 세종문화회관 대극장,"30,000원 ~ 50,000원",티켓링크 어린이/가족 공연,https://www.ticketlink.co.kr/product/60505,family:1.0;baby:1.0;toddler:1.0;가족어린이동반;티켓링크;공연;서울,2026-08-22 18:11:25,culture:1.0;educational:0.9;indoor:0.8,3,67
티켓링크,문화생활,2026 베스트셀러 어린이 뮤지컬<사과가 쿵> - 세종,2026-10-29 ~ 2026-10-30,전체 관람가 (가족/어린이 동반),BOK아트센터 BOK아트센터,"50,000원",티켓링크 어린이/가족 공연,https://www.ticketlink.co.kr/product/60331,family:1.0;baby:1.0;toddler:1.0;가족어린이동반;티켓링크;공연;세종,2026-08-22 18:11:25,culture:1.0;educational:0.9;indoor:0.8,3,69
티켓링크,문화생활,(가족체험공연) 어린이워터버블쇼 - 강릉,2026-10-08 ~ 2026-10-08,전체 관람가 (가족/어린이 동반),강원대학교 강릉캠퍼스 해람문화관 강원대학교 강릉캠퍼스 해람문화관,"50,000원",티켓링크 어린이/가족 공연,https://www.ticketlink.co.kr/product/65070,family:1.0;baby:1.0;toddler:1.0;가족어린이동반;티켓링크;공연;강원,2026-08-22 18:11:25,culture:1.0;educational:0.9;indoor:0.8,4,69
티켓링크,문화생활,쇼뮤지컬 <프린세스 캐치! 티니핑> - 춘천,2026-09-11 ~ 2026-09-12,전체 관람가 (가족/어린이 동반),백령아트센터 강원대학교 백령아트센터,"60,000원 ~ 70,000원",티켓링크 어린이/가족 공연,https://www.ticketlink.co.kr/product/64218,family:1.0;baby:1.0;toddler:1.0;가족어린이동반;티켓링크;공연;강원,2026-08-22 18:11:25,culture:1.0;educational:0.9;indoor:0.8,3,70
티켓링크,문화생활,어린이 공포 체험 뮤지컬 < MBC 심야괴담회x니니키즈:학교에서 살아남기 > - 강릉,2026-09-10 ~ 2026-09-11,전체 관람가 (가족/어린이 동반),강원대학교 강릉캠퍼스 해람문화관 강원대학교 강릉캠퍼스 해람문화관,"38,900원 ~ 43,900원",티켓링크 어린이/가족 공연,https://www.ticketlink.co.kr/product/64163,family:1.0;baby:1.0;toddler:1.0;가족어린이동반;티켓링크;공연;강원,2026-08-22 18:11:25,culture:1.0;educational:0.9;indoor:0.8,5,77
티켓링크,문화생활,[착한공연] 어린이뮤지컬신데렐라 - 청주,2026-10-02 ~ 2026-10-02,전체 관람가 (가족/어린이 동반),청주아트홀 청주아트홀,"40,000원",티켓링크 어린이/가족 공연,https://www.ticketlink.co.kr/product/64566,family:1.0;baby:1.0;toddler:1.0;가족어린이동반;티켓링크;공연;충북,2026-08-22 18:11:25,culture:1.0;educational:0.9;indoor:0.8,5,68
티켓링크,문화생활,국내최초!! [사이버매직쇼] 초대형블록버스터레이져쇼 - 청주,2026-08-14 ~ 2026-08-15,전체 관람가 (가족/어린이 동반),청주아트홀 청주아트홀,"40,000원",티켓링크 어린이/가족 공연,https://www.ticketlink.co.kr/product/62986,family:1.0;baby:1.0;toddler:1.0;가족어린이동반;티켓링크;공연;충북,2026-08-22 18:11:25,culture:1.0;educational:0.9;indoor:0.8,4,86
티켓링크,문화생활,착한공연 만원의행복 <어린이뮤지컬 피터팬> - 청주,2026-07-24 ~ 2026-07-25,전체 관람가 (가족/어린이 동반),청주아트홀 청주아트홀,"10,000원",티켓링크 어린이/가족 공연,https://www.ticketlink.co.kr/product/62851,family:1.0;baby:1.0;toddler:1.0;가족어린이동반;티켓링크;공연;충북,2026-08-22 18:11:25,culture:1.0;educational:0.9;indoor:0.8,3,68
티켓링크,문화생활,가족오페라 '세빌리아의 이발사',2026-07-02 ~ 2026-07-03,전체 관람가 (가족/어린이 동반),영동복합문화예술회관 영동복합문화예술회관,"10,000원",티켓링크 어린이/가족 공연,https://www.ticketlink.co.kr/product/63470,family:1.0;baby:1.0;toddler:1.0;가족어린이동반;티켓링크;공연;충북,2026-08-22 18:11:25,culture:1.0;educational:0.9;indoor:0.8,5,75
티켓링크,문화생활,착한공연가족뮤지컬[겨울왕국] - 세종,2026-09-19 ~ 2026-09-19,전체 관람가 (가족/어린이 동반),BOK아트센터 BOK아트센터,"40,000원",티켓링크 어린이/가족 공연,https://www.ticketlink.co.kr/product/64824,family:1.0;baby:1.0;toddler:1.0;가족어린이동반;티켓링크;공연;세종,2026-08-22 18:11:25,culture:1.0;educational:0.9;indoor:0.8,5,66
티켓링크,문화생활,[착한공연] 초대형레이져공연 <사이버매직쇼> - 대전,2026-08-29 ~ 2026-08-29,전체 관람가 (가족/어린이 동반),대전평송청소년문화센터 대전 평송청소년문화센터 소극장,"40,000원",티켓링크 어린이/가족 공연,https://www.ticketlink.co.kr/product/63658,family:1.0;baby:1.0;toddler:1.0;가족어린이동반;티켓링크;공연;대전,2026-08-22 18:11:25,culture:1.0;educational:0.9;indoor:0.8,3,71
티켓링크,문화생활,착한공연[DRAWING] 어린이매직페인팅쇼 - 세종,2026-08-22 ~ 2026-08-22,전체 관람가 (가족/어린이 동반),BOK아트센터 BOK아트센터,"40,000원",티켓링크 어린이/가족 공연,https://www.ticketlink.co.kr/product/64081,family:1.0;baby:1.0;toddler:1.0;가족어린이동반;티켓링크;공연;세종,2026-08-22 18:11:25,culture:1.0;educational:0.9;indoor:0.8,4,72
티켓링크,문화생활,싱어롱뮤지컬 브레드이발소 <브레드와 윌크의 세계여행> - 세종시,2026-08-07 ~ 2026-08-07,전체 관람가 (가족/어린이 동반),세종 문화예술회관(세종특별자치시) 세종문화예술회관 대공연장 (세종시),"60,000원",티켓링크 어린이/가족 공연,https://www.ticketlink.co.kr/product/63797,family:1.0;baby:1.0;toddler:1.0;가족어린이동반;티켓링크;공연;충남,2026-08-22 18:11:25,culture:1.0;educational:0.9;indoor:0.8,4,80
티켓링크,문화생활,2026 가족뮤지컬 <인어공주> - 당진,2026-07-31 ~ 2026-07-31,전체 관람가 (가족/어린이 동반),당진문예의전당 당진 문예의전당 소공연장,"50,000원",티켓링크 어린이/가족 공연,https://www.ticketlink.co.kr/product/63689,family:1.0;baby:1.0;toddler:1.0;가족어린이동반;티켓링크;공연;충남,2026-08-22 18:11:25,culture:1.0;educational:0.9;indoor:0.8,3,85
티켓링크,문화생활,착한공연 초대형리얼공룡쇼뮤지컬 [다이노] - 아산,2026-07-31 ~ 2026-07-31,전체 관람가 (가족/어린이 동반),아산평생학습관 아산시 평생학습관,"50,000원",티켓링크 어린이/가족 공연,https://www.ticketlink.co.kr/product/63671,family:1.0;baby:1.0;toddler:1.0;가족어린이동반;티켓링크;공연;충남,2026-08-22 18:11:25,culture:1.0;educational:0.9;indoor:0.8,5,71
티켓링크,문화생활,착한공연 레이져홀로그램 <사이버매직쇼> - 익산,2026-09-05 ~ 2026-09-05,전체 관람가 (가족/어린이 동반),솜리문화예술회관 솜리문화예술회관 중공연장,"40,000원",티켓링크 어린이/가족 공연,https://www.ticketlink.co.kr/product/63600,family:1.0;baby:1.0;toddler:1.0;가족어린이동반;티켓링크;공연;전북,2026-08-22 18:11:25,culture:1.0;educational:0.9;indoor:0.8,5,78
티켓링크,문화생활,착한공연 레이져홀로그램<사이버매직쇼> - 군산,2026-09-04 ~ 2026-09-04,전체 관람가 (가족/어린이 동반),군산예술의전당 군산예술의전당 대공연장,"40,000원",티켓링크 어린이/가족 공연,https://www.ticketlink.co.kr/product/63594,family:1.0;baby:1.0;toddler:1.0;가족어린이동반;티켓링크;공연;전북,2026-08-22 18:11:25,culture:1.0;educational:0.9;indoor:0.8,5,82
티켓링크,문화생활,착한공연 어린이뮤지컬 라푼젤 - 순천,2026-09-19 ~ 2026-09-19,전체 관람가 (가족/어린이 동반),순천문화예술회관 순천시문화예술회관 대극장,"40,000원",티켓링크 어린이/가족 공연,https://www.ticketlink.co.kr/product/64988,family:1.0;baby:1.0;toddler:1.0;가족어린이동반;티켓링크;공연;전남,2026-08-22 18:11:25,culture:1.0;educational:0.9;indoor:0.8,4,74
티켓링크,문화생활,착한공연 만원의행복 <어린이뮤지컬라푼젤> - 광주,2026-09-12 ~ 2026-09-12,전체 관람가 (가족/어린이 동반),5.18기념문화센터 5.18기념문화센터 민주홀,"10,000원",티켓링크 어린이/가족 공연,https://www.ticketlink.co.kr/product/64731,family:1.0;baby:1.0;toddler:1.0;가족어린이동반;티켓링크;공연;광주,2026-08-22 18:11:25,culture:1.0;educational:0.9;indoor:0.8,3,81
티켓링크,문화생활,[착한공연]만원의행복 < DRAWING 어린이매직페인팅쇼 > - 목포,2026-09-11 ~ 2026-09-11,전체 관람가 (가족/어린이 동반),목포시민문화체육센터 목포시민문화체육센터 소공연장,"10,000원",티켓링크 어린이/가족 공연,https://www.ticketlink.co.kr/product/64837,family:1.0;baby:1.0;toddler:1.0;가족어린이동반;티켓링크;공연;전남,2026-08-22 18:11:25,culture:1.0;educational:0.9;indoor:0.8,3,79
티켓링크,문화생활,가족뮤지컬 <로봇 특공대> - 대구,2026-10-08 ~ 2026-10-08,전체 관람가 (가족/어린이 동반),대구어린이세상 대구어린이세상 꾀꼬리극장,"55,000원",티켓링크 어린이/가족 공연,https://www.ticketlink.co.kr/product/65033,family:1.0;baby:1.0;toddler:1.0;가족어린이동반;티켓링크;공연;대구,2026-08-22 18:11:25,culture:1.0;educational:0.9;indoor:0.8,5,90
티켓링크,문화생활,싱어롱뮤지컬 브레드이발소 <브레드와 윌크의 세계여행> - 대구,2026-09-18 ~ 2026-09-19,전체 관람가 (가족/어린이 동반),대구어린이세상 대구어린이세상 꾀꼬리극장,"60,000원",티켓링크 어린이/가족 공연,https://www.ticketlink.co.kr/product/63799,family:1.0;baby:1.0;toddler:1.0;가족어린이동반;티켓링크;공연;대구,2026-08-22 18:11:25,culture:1.0;educational:0.9;indoor:0.8,3,79
티켓링크,문화생활,착한공연 워터버블쇼 - 포항,2026-09-12 ~ 2026-09-12,전체 관람가 (가족/어린이 동반),포항시청 문화동 대잠홀 포항시청 대잠홀,"50,000원",티켓링크 어린이/가족 공연,https://www.ticketlink.co.kr/product/64325,family:1.0;baby:1.0;toddler:1.0;가족어린이동반;티켓링크;공연;경북,2026-08-22 18:11:25,culture:1.0;educational:0.9;indoor:0.8,3,72
티켓링크,문화생활,착한공연 만원의행복 <어린이뮤지컬겨울왕국> - 김천,2026-08-21 ~ 2026-08-21,전체 관람가 (가족/어린이 동반),김천시립문화회관 김천시립문화회관,"40,000원",티켓링크 어린이/가족 공연,https://www.ticketlink.co.kr/product/63667,family:1.0;baby:1.0;toddler:1.0;가족어린이동반;티켓링크;공연;경북,2026-08-22 18:11:25,culture:1.0;educational:0.9;indoor:0.8,5,88
티켓링크,문화생활,착한공연 <어린이서커스> - 경남진주,2026-08-14 ~ 2026-08-14,전체 관람가 (가족/어린이 동반),경상국립대학교 칠암캠퍼스 본관 2층 대강당 경상국립대학교 칠암캠퍼스 본관 2층 대강당 (16동건물),"40,000원",티켓링크 어린이/가족 공연,https://www.ticketlink.co.kr/product/63955,family:1.0;baby:1.0;toddler:1.0;가족어린이동반;티켓링크;공연;경남,2026-08-22 18:11:25,culture:1.0;educational:0.9;indoor:0.8,5,81
티켓링크,문화생활,착한공연만원의행복 <워터버블쇼> - 양산,2026-08-14 ~ 2026-08-14,전체 관람가 (가족/어린이 동반),쌍벽루 아트홀 쌍벽루 아트홀,"10,000원",티켓링크 어린이/가족 공연,https://www.ticketlink.co.kr/product/63510,family:1.0;baby:1.0;toddler:1.0;가족어린이동반;티켓링크;공연;경남,2026-08-22 18:11:25,culture:1.0;educational:0.9;indoor:0.8,4,73
티켓링크,문화생활,어린이 마술쇼 - 진주,2026-07-17 ~ 2026-07-17,전체 관람가 (가족/어린이 동반),경상국립대학교 칠암캠퍼스 본관 2층 대강당 경상국립대학교 칠암캠퍼스 본관 2층 대강당 (16동건물),"10,000원",티켓링크 어린이/가족 공연,https://www.ticketlink.co.kr/product/63579,family:1.0;baby:1.0;toddler:1.0;가족어린이동반;티켓링크;공연;경남,2026-08-22 18:11:25,culture:1.0;educational:0.9;indoor:0.8,4,71
티켓링크,문화생활,2026가족뮤지컬<백설공주> - 제주,2026-10-31 ~ 2026-10-31,전체 관람가 (가족/어린이 동반),설문대여성문화센터 설문대여성문화센터,"40,000원",티켓링크 어린이/가족 공연,https://www.ticketlink.co.kr/product/64964,family:1.0;baby:1.0;toddler:1.0;가족어린이동반;티켓링크;공연;제주,2026-08-22 18:11:25,culture:1.0;educational:0.9;indoor:0.8,3,91
네이버 장소검색 | 서울 강남구,사설키즈카페,캘리클럽 역삼점,상시,영유아 및 어린이 (0세~9세),서울 강남구 캘리클럽 역삼점,무료/유료 (플레이스 참조),서울 강남구에 위치한 인기 아기랑 키즈카페 명소인 [캘리클럽 역삼점]입니다.,https://search.naver.com/search.naver?where=nexearch&query=%EC%84%9C%EC%9A%B8%20%EA%B0%95%EB%82%A8%EA%B5%AC%20%EC%95%84%EA%B8%B0%EB%9E%91%20%ED%82%A4%EC%A6%88%EC%B9%B4%ED%8E%98,family:1.0;baby:1.0;parking:1.0;nursing_room:1.0;강남구;아기랑 키즈카페,2026-08-22 20:34:25,toddler:1.0;indoor:0.9;play:1.0,2,85
네이버 장소검색 | 서울 강남구,사설키즈카페,챔피언더블랙벨트 메가박스 코엑스몰점,상시,영유아 및 어린이 (0세~9세),서울 강남구 챔피언더블랙벨트 메가박스 코엑스몰점,무료/유료 (플레이스 참조),서울 강남구에 위치한 인기 아기랑 키즈카페 명소인 [챔피언더블랙벨트 메가박스 코엑스몰점]입니다.,https://search.naver.com/search.naver?where=nexearch&query=%EC%84%9C%EC%9A%B8%20%EA%B0%95%EB%82%A8%EA%B5%AC%20%EC%95%84%EA%B8%B0%EB%9E%91%20%ED%82%A4%EC%A6%88%EC%B9%B4%ED%8E%98,family:1.0;baby:1.0;parking:1.0;nursing_room:1.0;강남구;아기랑 키즈카페,2026-08-22 20:34:25,toddler:1.0;indoor:0.9;play:1.0,2,85
네이버 장소검색 | 서울 강남구,사설키즈카페,고마워토토 삼성점,상시,영유아 및 어린이 (0세~9세),서울 강남구 고마워토토 삼성점,무료/유료 (플레이스 참조),서울 강남구에 위치한 인기 아기랑 키즈카페 명소인 [고마워토토 삼성점]입니다.,https://search.naver.com/search.naver?where=nexearch&query=%EC%84%9C%EC%9A%B8%20%EA%B0%95%EB%82%A8%EA%B5%AC%20%EC%95%84%EA%B8%B0%EB%9E%91%20%ED%82%A4%EC%A6%88%EC%B9%B4%ED%8E%98,family:1.0;baby:1.0;parking:1.0;nursing_room:1.0;강남구;아기랑 키즈카페,2026-08-22 20:34:25,toddler:1.0;indoor:0.9;play:1.0,2,85
네이버 장소검색 | 서울 강남구,사설키즈카페,릴리펏 청담본점,상시,영유아 및 어린이 (0세~9세),서울 강남구 릴리펏 청담본점,무료/유료 (플레이스 참조),서울 강남구에 위치한 인기 아기랑 키즈카페 명소인 [릴리펏 청담본점]입니다.,https://search.naver.com/search.naver?where=nexearch&query=%EC%84%9C%EC%9A%B8%20%EA%B0%95%EB%82%A8%EA%B5%AC%20%EC%95%84%EA%B8%B0%EB%9E%91%20%ED%82%A4%EC%A6%88%EC%B9%B4%ED%8E%98,family:1.0;baby:1.0;parking:1.0;nursing_room:1.0;강남구;아기랑 키즈카페,2026-08-22 20:34:25,toddler:1.0;indoor:0.9;play:1.0,2,85
네이버 장소검색 | 서울 강남구,사설키즈카페,리틀 아티스트,상시,영유아 및 어린이 (0세~9세),서울 강남구 리틀 아티스트,무료/유료 (플레이스 참조),서울 강남구에 위치한 인기 아기랑 키즈카페 명소인 [리틀 아티스트]입니다.,https://search.naver.com/search.naver?where=nexearch&query=%EC%84%9C%EC%9A%B8%20%EA%B0%95%EB%82%A8%EA%B5%AC%20%EC%95%84%EA%B8%B0%EB%9E%91%20%ED%82%A4%EC%A6%88%EC%B9%B4%ED%8E%98,family:1.0;baby:1.0;parking:1.0;nursing_room:1.0;강남구;아기랑 키즈카페,2026-08-22 20:34:25,toddler:1.0;indoor:0.9;play:1.0,2,85
네이버 장소검색 | 서울 강남구,사설키즈카페,앤서니그린,상시,영유아 및 어린이 (0세~9세),서울 강남구 앤서니그린,무료/유료 (플레이스 참조),서울 강남구에 위치한 인기 아기랑 키즈카페 명소인 [앤서니그린]입니다.,https://search.naver.com/search.naver?where=nexearch&query=%EC%84%9C%EC%9A%B8%20%EA%B0%95%EB%82%A8%EA%B5%AC%20%EC%95%84%EA%B8%B0%EB%9E%91%20%ED%82%A4%EC%A6%88%EC%B9%B4%ED%8E%98,family:1.0;baby:1.0;parking:1.0;nursing_room:1.0;강남구;아기랑 키즈카페,2026-08-22 20:34:25,toddler:1.0;indoor:0.9;play:1.0,2,85
네이버 장소검색 | 서울 강남구,공공키즈카페,서울형키즈카페양재1동점 23개월아기랑무료,상시,영유아 및 어린이 (0세~9세),서울 강남구 서울형키즈카페양재1동점 23개월아기랑무료,무료/유료 (플레이스 참조),서울 강남구에 위치한 인기 아기랑 키즈카페 명소인 [서울형키즈카페양재1동점 23개월아기랑무료]입니다.,https://search.naver.com/search.naver?where=nexearch&query=%EC%84%9C%EC%9A%B8%20%EA%B0%95%EB%82%A8%EA%B5%AC%20%EC%95%84%EA%B8%B0%EB%9E%91%20%ED%82%A4%EC%A6%88%EC%B9%B4%ED%8E%98,family:1.0;baby:1.0;parking:1.0;nursing_room:1.0;강남구;아기랑 키즈카페,2026-08-22 20:34:25,toddler:1.0;indoor:0.9;play:1.0,2,85
네이버 장소검색 | 서울 강남구,사설키즈카페,서울시 논현동,상시,영유아 및 어린이 (0세~9세),서울 강남구 서울시 논현동,무료/유료 (플레이스 참조),서울 강남구에 위치한 인기 아기랑 키즈카페 명소인 [서울시 논현동]입니다.,https://search.naver.com/search.naver?where=nexearch&query=%EC%84%9C%EC%9A%B8%20%EA%B0%95%EB%82%A8%EA%B5%AC%20%EC%95%84%EA%B8%B0%EB%9E%91%20%ED%82%A4%EC%A6%88%EC%B9%B4%ED%8E%98,family:1.0;baby:1.0;parking:1.0;nursing_room:1.0;강남구;아기랑 키즈카페,2026-08-22 20:34:25,toddler:1.0;indoor:0.9;play:1.0,2,85
네이버 장소검색 | 서울 강남구,사설키즈카페,서울천원,상시,영유아 및 어린이 (0세~9세),서울 강남구 서울천원,무료/유료 (플레이스 참조),서울 강남구에 위치한 인기 아기랑 키즈카페 명소인 [서울천원]입니다.,https://search.naver.com/search.naver?where=nexearch&query=%EC%84%9C%EC%9A%B8%20%EA%B0%95%EB%82%A8%EA%B5%AC%20%EC%95%84%EA%B8%B0%EB%9E%91%20%ED%82%A4%EC%A6%88%EC%B9%B4%ED%8E%98,family:1.0;baby:1.0;parking:1.0;nursing_room:1.0;강남구;아기랑 키즈카페,2026-08-22 20:34:25,toddler:1.0;indoor:0.9;play:1.0,2,85
네이버 장소검색 | 서울 강남구,사설키즈카페,세곡어린이,상시,영유아 및 어린이 (0세~9세),서울 강남구 세곡어린이,무료/유료 (플레이스 참조),서울 강남구에 위치한 인기 아기랑 키즈카페 명소인 [세곡어린이]입니다.,https://search.naver.com/search.naver?where=nexearch&query=%EC%84%9C%EC%9A%B8%20%EA%B0%95%EB%82%A8%EA%B5%AC%20%EC%95%84%EA%B8%B0%EB%9E%91%20%ED%82%A4%EC%A6%88%EC%B9%B4%ED%8E%98,family:1.0;baby:1.0;parking:1.0;nursing_room:1.0;강남구;아기랑 키즈카페,2026-08-22 20:34:25,toddler:1.0;indoor:0.9;play:1.0,2,85
네이버 장소검색 | 서울 강남구,자연친화,포이스포츠센터수영장,상시,영유아 및 어린이 (0세~9세),서울 강남구 포이스포츠센터수영장,무료/유료 (플레이스 참조),서울 강남구에 위치한 인기 아기랑 수영장 명소인 [포이스포츠센터수영장]입니다.,https://search.naver.com/search.naver?where=nexearch&query=%EC%84%9C%EC%9A%B8%20%EA%B0%95%EB%82%A8%EA%B5%AC%20%EC%95%84%EA%B8%B0%EB%9E%91%20%EC%88%98%EC%98%81%EC%9E%A5,family:1.0;baby:1.0;parking:1.0;nursing_room:1.0;강남구;아기랑 수영장,2026-08-22 20:34:25,pool:1.0;water:1.0;outdoor:0.9,2,85
네이버 장소검색 | 서울 강남구,자연친화,우성스포츠센터수영장,상시,영유아 및 어린이 (0세~9세),서울 강남구 우성스포츠센터수영장,무료/유료 (플레이스 참조),서울 강남구에 위치한 인기 아기랑 수영장 명소인 [우성스포츠센터수영장]입니다.,https://search.naver.com/search.naver?where=nexearch&query=%EC%84%9C%EC%9A%B8%20%EA%B0%95%EB%82%A8%EA%B5%AC%20%EC%95%84%EA%B8%B0%EB%9E%91%20%EC%88%98%EC%98%81%EC%9E%A5,family:1.0;baby:1.0;parking:1.0;nursing_room:1.0;강남구;아기랑 수영장,2026-08-22 20:34:25,pool:1.0;water:1.0;outdoor:0.9,2,85
네이버 장소검색 | 서울 강남구,자연친화,더논현스포츠센터수영장,상시,영유아 및 어린이 (0세~9세),서울 강남구 더논현스포츠센터수영장,무료/유료 (플레이스 참조),서울 강남구에 위치한 인기 아기랑 수영장 명소인 [더논현스포츠센터수영장]입니다.,https://search.naver.com/search.naver?where=nexearch&query=%EC%84%9C%EC%9A%B8%20%EA%B0%95%EB%82%A8%EA%B5%AC%20%EC%95%84%EA%B8%B0%EB%9E%91%20%EC%88%98%EC%98%81%EC%9E%A5,family:1.0;baby:1.0;parking:1.0;nursing_room:1.0;강남구;아기랑 수영장,2026-08-22 20:34:25,pool:1.0;water:1.0;outdoor:0.9,2,85
네이버 장소검색 | 서울 강남구,자연친화,스위스키즈베이 대치점수영장,상시,영유아 및 어린이 (0세~9세),서울 강남구 스위스키즈베이 대치점수영장,무료/유료 (플레이스 참조),서울 강남구에 위치한 인기 아기랑 수영장 명소인 [스위스키즈베이 대치점수영장]입니다.,https://search.naver.com/search.naver?where=nexearch&query=%EC%84%9C%EC%9A%B8%20%EA%B0%95%EB%82%A8%EA%B5%AC%20%EC%95%84%EA%B8%B0%EB%9E%91%20%EC%88%98%EC%98%81%EC%9E%A5,family:1.0;baby:1.0;parking:1.0;nursing_room:1.0;강남구;아기랑 수영장,2026-08-22 20:34:25,pool:1.0;water:1.0;outdoor:0.9,2,85
네이버 장소검색 | 서울 강남구,자연친화,마달티스윔수영장,상시,영유아 및 어린이 (0세~9세),서울 강남구 마달티스윔수영장,무료/유료 (플레이스 참조),서울 강남구에 위치한 인기 아기랑 수영장 명소인 [마달티스윔수영장]입니다.,https://search.naver.com/search.naver?where=nexearch&query=%EC%84%9C%EC%9A%B8%20%EA%B0%95%EB%82%A8%EA%B5%AC%20%EC%95%84%EA%B8%B0%EB%9E%91%20%EC%88%98%EC%98%81%EC%9E%A5,family:1.0;baby:1.0;parking:1.0;nursing_room:1.0;강남구;아기랑 수영장,2026-08-22 20:34:25,pool:1.0;water:1.0;outdoor:0.9,2,85
네이버 장소검색 | 서울 강남구,자연친화,스윔존수영장,상시,영유아 및 어린이 (0세~9세),서울 강남구 스윔존수영장,무료/유료 (플레이스 참조),서울 강남구에 위치한 인기 아기랑 수영장 명소인 [스윔존수영장]입니다.,https://search.naver.com/search.naver?where=nexearch&query=%EC%84%9C%EC%9A%B8%20%EA%B0%95%EB%82%A8%EA%B5%AC%20%EC%95%84%EA%B8%B0%EB%9E%91%20%EC%88%98%EC%98%81%EC%9E%A5,family:1.0;baby:1.0;parking:1.0;nursing_room:1.0;강남구;아기랑 수영장,2026-08-22 20:34:25,pool:1.0;water:1.0;outdoor:0.9,2,85
네이버 장소검색 | 서울 강남구,자연친화,"조선 펠리스서울 강남- 피트니스,",상시,영유아 및 어린이 (0세~9세),"서울 강남구 조선 펠리스서울 강남- 피트니스,",무료/유료 (플레이스 참조),"서울 강남구에 위치한 인기 아기랑 수영장 명소인 [조선 펠리스서울 강남- 피트니스,]입니다.",https://search.naver.com/search.naver?where=nexearch&query=%EC%84%9C%EC%9A%B8%20%EA%B0%95%EB%82%A8%EA%B5%AC%20%EC%95%84%EA%B8%B0%EB%9E%91%20%EC%88%98%EC%98%81%EC%9E%A5,family:1.0;baby:1.0;parking:1.0;nursing_room:1.0;강남구;아기랑 수영장,2026-08-22 20:34:25,pool:1.0;water:1.0;outdoor:0.9,2,85
네이버 장소검색 | 서울 강남구,자연친화,청담공원,상시,영유아 및 어린이 (0세~9세),서울 강남구 청담공원,무료/유료 (플레이스 참조),서울 강남구에 위치한 인기 아기랑 모래놀이 명소인 [청담공원]입니다.,https://search.naver.com/search.naver?where=nexearch&query=%EC%84%9C%EC%9A%B8%20%EA%B0%95%EB%82%A8%EA%B5%AC%20%EC%95%84%EA%B8%B0%EB%9E%91%20%EB%AA%A8%EB%9E%98%EB%86%80%EC%9D%B4,family:1.0;baby:1.0;parking:1.0;nursing_room:1.0;강남구;아기랑 모래놀이,2026-08-22 20:34:25,sand:1.0;nature:1.0;play:0.9,2,85
네이버 장소검색 | 서울 강남구,자연친화,도산공원공원,상시,영유아 및 어린이 (0세~9세),서울 강남구 도산공원공원,무료/유료 (플레이스 참조),서울 강남구에 위치한 인기 아기랑 공원 명소인 [도산공원공원]입니다.,https://search.naver.com/search.naver?where=nexearch&query=%EC%84%9C%EC%9A%B8%20%EA%B0%95%EB%82%A8%EA%B5%AC%20%EC%95%84%EA%B8%B0%EB%9E%91%20%EA%B3%B5%EC%9B%90,family:1.0;baby:1.0;parking:1.0;nursing_room:1.0;강남구;아기랑 공원,2026-08-22 20:34:25,park:1.0;picnic:1.0;nature:1.0,2,85
네이버 장소검색 | 서울 강남구,자연친화,삼성해맞이공원공원,상시,영유아 및 어린이 (0세~9세),서울 강남구 삼성해맞이공원공원,무료/유료 (플레이스 참조),서울 강남구에 위치한 인기 아기랑 공원 명소인 [삼성해맞이공원공원]입니다.,https://search.naver.com/search.naver?where=nexearch&query=%EC%84%9C%EC%9A%B8%20%EA%B0%95%EB%82%A8%EA%B5%AC%20%EC%95%84%EA%B8%B0%EB%9E%91%20%EA%B3%B5%EC%9B%90,family:1.0;baby:1.0;parking:1.0;nursing_room:1.0;강남구;아기랑 공원,2026-08-22 20:34:25,park:1.0;picnic:1.0;nature:1.0,2,85
네이버 장소검색 | 서울 강남구,자연친화,"학동공원도시,공원",상시,영유아 및 어린이 (0세~9세),"서울 강남구 학동공원도시,공원",무료/유료 (플레이스 참조),"서울 강남구에 위치한 인기 아기랑 공원 명소인 [학동공원도시,공원]입니다.",https://search.naver.com/search.naver?where=nexearch&query=%EC%84%9C%EC%9A%B8%20%EA%B0%95%EB%82%A8%EA%B5%AC%20%EC%95%84%EA%B8%B0%EB%9E%91%20%EA%B3%B5%EC%9B%90,family:1.0;baby:1.0;parking:1.0;nursing_room:1.0;강남구;아기랑 공원,2026-08-22 20:34:25,park:1.0;picnic:1.0;nature:1.0,2,85
네이버 장소검색 | 서울 강남구,자연친화,역삼까치공원공원,상시,영유아 및 어린이 (0세~9세),서울 강남구 역삼까치공원공원,무료/유료 (플레이스 참조),서울 강남구에 위치한 인기 아기랑 공원 명소인 [역삼까치공원공원]입니다.,https://search.naver.com/search.naver?where=nexearch&query=%EC%84%9C%EC%9A%B8%20%EA%B0%95%EB%82%A8%EA%B5%AC%20%EC%95%84%EA%B8%B0%EB%9E%91%20%EA%B3%B5%EC%9B%90,family:1.0;baby:1.0;parking:1.0;nursing_room:1.0;강남구;아기랑 공원,2026-08-22 20:34:25,park:1.0;picnic:1.0;nature:1.0,2,85
네이버 장소검색 | 서울 강남구,자연친화,역삼개나리공원공원,상시,영유아 및 어린이 (0세~9세),서울 강남구 역삼개나리공원공원,무료/유료 (플레이스 참조),서울 강남구에 위치한 인기 아기랑 공원 명소인 [역삼개나리공원공원]입니다.,https://search.naver.com/search.naver?where=nexearch&query=%EC%84%9C%EC%9A%B8%20%EA%B0%95%EB%82%A8%EA%B5%AC%20%EC%95%84%EA%B8%B0%EB%9E%91%20%EA%B3%B5%EC%9B%90,family:1.0;baby:1.0;parking:1.0;nursing_room:1.0;강남구;아기랑 공원,2026-08-22 20:34:25,park:1.0;picnic:1.0;nature:1.0,2,85
네이버 장소검색 | 서울 강남구,자연친화,"역삼문화공원도시,공원",상시,영유아 및 어린이 (0세~9세),"서울 강남구 역삼문화공원도시,공원",무료/유료 (플레이스 참조),"서울 강남구에 위치한 인기 아기랑 공원 명소인 [역삼문화공원도시,공원]입니다.",https://search.naver.com/search.naver?where=nexearch&query=%EC%84%9C%EC%9A%B8%20%EA%B0%95%EB%82%A8%EA%B5%AC%20%EC%95%84%EA%B8%B0%EB%9E%91%20%EA%B3%B5%EC%9B%90,family:1.0;baby:1.0;parking:1.0;nursing_room:1.0;강남구;아기랑 공원,2026-08-22 20:34:25,park:1.0;picnic:1.0;nature:1.0,2,85
네이버 장소검색 | 서울 강남구,가족체험,창작미술,상시,영유아 및 어린이 (0세~9세),서울 강남구 창작미술,무료/유료 (플레이스 참조),서울 강남구에 위치한 인기 아기랑 미술 명소인 [창작미술]입니다.,https://search.naver.com/search.naver?where=nexearch&query=%EC%84%9C%EC%9A%B8%20%EA%B0%95%EB%82%A8%EA%B5%AC%20%EC%95%84%EA%B8%B0%EB%9E%91%20%EB%AF%B8%EC%88%A0,family:1.0;baby:1.0;parking:1.0;nursing_room:1.0;강남구;아기랑 미술,2026-08-22 20:34:25,drawing:1.0;art:1.0;experience:1.0,2,85
네이버 장소검색 | 서울 강남구,가족체험,한국 근현대미술을,상시,영유아 및 어린이 (0세~9세),서울 강남구 한국 근현대미술을,무료/유료 (플레이스 참조),서울 강남구에 위치한 인기 아기랑 미술 명소인 [한국 근현대미술을]입니다.,https://search.naver.com/search.naver?where=nexearch&query=%EC%84%9C%EC%9A%B8%20%EA%B0%95%EB%82%A8%EA%B5%AC%20%EC%95%84%EA%B8%B0%EB%9E%91%20%EB%AF%B8%EC%88%A0,family:1.0;baby:1.0;parking:1.0;nursing_room:1.0;강남구;아기랑 미술,2026-08-22 20:34:25,drawing:1.0;art:1.0;experience:1.0,2,85
네이버 장소검색 | 서울 강남구,가족체험,어린이박물관,상시,영유아 및 어린이 (0세~9세),서울 강남구 어린이박물관,무료/유료 (플레이스 참조),서울 강남구에 위치한 인기 아기랑 어린이박물관 명소인 [어린이박물관]입니다.,https://search.naver.com/search.naver?where=nexearch&query=%EC%84%9C%EC%9A%B8%20%EA%B0%95%EB%82%A8%EA%B5%AC%20%EC%95%84%EA%B8%B0%EB%9E%91%20%EC%96%B4%EB%A6%B0%EC%9D%B4%EB%B0%95%EB%AC%BC%EA%B4%80,family:1.0;baby:1.0;parking:1.0;nursing_room:1.0;강남구;아기랑 어린이박물관,2026-08-22 20:34:25,museum:1.0;hands_on:1.0;experience:1.0,2,85
네이버 장소검색 | 서울 강남구,자연친화,자연사박물관,상시,영유아 및 어린이 (0세~9세),서울 강남구 자연사박물관,무료/유료 (플레이스 참조),서울 강남구에 위치한 인기 아기랑 어린이박물관 명소인 [자연사박물관]입니다.,https://search.naver.com/search.naver?where=nexearch&query=%EC%84%9C%EC%9A%B8%20%EA%B0%95%EB%82%A8%EA%B5%AC%20%EC%95%84%EA%B8%B0%EB%9E%91%20%EC%96%B4%EB%A6%B0%EC%9D%B4%EB%B0%95%EB%AC%BC%EA%B4%80,family:1.0;baby:1.0;parking:1.0;nursing_room:1.0;강남구;아기랑 어린이박물관,2026-08-22 20:34:25,museum:1.0;hands_on:1.0;experience:1.0,2,85
네이버 장소검색 | 서울 강남구,가족체험,곤충박물관,상시,영유아 및 어린이 (0세~9세),서울 강남구 곤충박물관,무료/유료 (플레이스 참조),서울 강남구에 위치한 인기 아기랑 어린이박물관 명소인 [곤충박물관]입니다.,https://search.naver.com/search.naver?where=nexearch&query=%EC%84%9C%EC%9A%B8%20%EA%B0%95%EB%82%A8%EA%B5%AC%20%EC%95%84%EA%B8%B0%EB%9E%91%20%EC%96%B4%EB%A6%B0%EC%9D%B4%EB%B0%95%EB%AC%BC%EA%B4%80,family:1.0;baby:1.0;parking:1.0;nursing_room:1.0;강남구;아기랑 어린이박물관,2026-08-22 20:34:25,museum:1.0;hands_on:1.0;experience:1.0,2,85
네이버 장소검색 | 서울 강남구,가족체험,국립박물관,상시,영유아 및 어린이 (0세~9세),서울 강남구 국립박물관,무료/유료 (플레이스 참조),서울 강남구에 위치한 인기 아기랑 어린이박물관 명소인 [국립박물관]입니다.,https://search.naver.com/search.naver?where=nexearch&query=%EC%84%9C%EC%9A%B8%20%EA%B0%95%EB%82%A8%EA%B5%AC%20%EC%95%84%EA%B8%B0%EB%9E%91%20%EC%96%B4%EB%A6%B0%EC%9D%B4%EB%B0%95%EB%AC%BC%EA%B4%80,family:1.0;baby:1.0;parking:1.0;nursing_room:1.0;강남구;아기랑 어린이박물관,2026-08-22 20:34:25,museum:1.0;hands_on:1.0;experience:1.0,2,85
네이버 장소검색 | 서울 강남구,가족체험,역사박물관,상시,영유아 및 어린이 (0세~9세),서울 강남구 역사박물관,무료/유료 (플레이스 참조),서울 강남구에 위치한 인기 아기랑 어린이박물관 명소인 [역사박물관]입니다.,https://search.naver.com/search.naver?where=nexearch&query=%EC%84%9C%EC%9A%B8%20%EA%B0%95%EB%82%A8%EA%B5%AC%20%EC%95%84%EA%B8%B0%EB%9E%91%20%EC%96%B4%EB%A6%B0%EC%9D%B4%EB%B0%95%EB%AC%BC%EA%B4%80,family:1.0;baby:1.0;parking:1.0;nursing_room:1.0;강남구;아기랑 어린이박물관,2026-08-22 20:34:25,museum:1.0;hands_on:1.0;experience:1.0,2,85
네이버 장소검색 | 서울 강남구,가족체험,해양박물관,상시,영유아 및 어린이 (0세~9세),서울 강남구 해양박물관,무료/유료 (플레이스 참조),서울 강남구에 위치한 인기 아기랑 어린이박물관 명소인 [해양박물관]입니다.,https://search.naver.com/search.naver?where=nexearch&query=%EC%84%9C%EC%9A%B8%20%EA%B0%95%EB%82%A8%EA%B5%AC%20%EC%95%84%EA%B8%B0%EB%9E%91%20%EC%96%B4%EB%A6%B0%EC%9D%B4%EB%B0%95%EB%AC%BC%EA%B4%80,family:1.0;baby:1.0;parking:1.0;nursing_room:1.0;강남구;아기랑 어린이박물관,2026-08-22 20:34:25,museum:1.0;hands_on:1.0;experience:1.0,2,85
네이버 장소검색 | 서울 강남구,가족체험,민속박물관,상시,영유아 및 어린이 (0세~9세),서울 강남구 민속박물관,무료/유료 (플레이스 참조),서울 강남구에 위치한 인기 아기랑 어린이박물관 명소인 [민속박물관]입니다.,https://search.naver.com/search.naver?where=nexearch&query=%EC%84%9C%EC%9A%B8%20%EA%B0%95%EB%82%A8%EA%B5%AC%20%EC%95%84%EA%B8%B0%EB%9E%91%20%EC%96%B4%EB%A6%B0%EC%9D%B4%EB%B0%95%EB%AC%BC%EA%B4%80,family:1.0;baby:1.0;parking:1.0;nursing_room:1.0;강남구;아기랑 어린이박물관,2026-08-22 20:34:25,museum:1.0;hands_on:1.0;experience:1.0,2,85
네이버 장소검색 | 서울 강남구,가족체험,과학박물관,상시,영유아 및 어린이 (0세~9세),서울 강남구 과학박물관,무료/유료 (플레이스 참조),서울 강남구에 위치한 인기 아기랑 어린이박물관 명소인 [과학박물관]입니다.,https://search.naver.com/search.naver?where=nexearch&query=%EC%84%9C%EC%9A%B8%20%EA%B0%95%EB%82%A8%EA%B5%AC%20%EC%95%84%EA%B8%B0%EB%9E%91%20%EC%96%B4%EB%A6%B0%EC%9D%B4%EB%B0%95%EB%AC%BC%EA%B4%80,family:1.0;baby:1.0;parking:1.0;nursing_room:1.0;강남구;아기랑 어린이박물관,2026-08-22 20:34:25,museum:1.0;hands_on:1.0;experience:1.0,2,85
네이버 장소검색 | 서울 강남구,가족체험,농업박물관,상시,영유아 및 어린이 (0세~9세),서울 강남구 농업박물관,무료/유료 (플레이스 참조),서울 강남구에 위치한 인기 아기랑 어린이박물관 명소인 [농업박물관]입니다.,https://search.naver.com/search.naver?where=nexearch&query=%EC%84%9C%EC%9A%B8%20%EA%B0%95%EB%82%A8%EA%B5%AC%20%EC%95%84%EA%B8%B0%EB%9E%91%20%EC%96%B4%EB%A6%B0%EC%9D%B4%EB%B0%95%EB%AC%BC%EA%B4%80,family:1.0;baby:1.0;parking:1.0;nursing_room:1.0;강남구;아기랑 어린이박물관,2026-08-22 20:34:25,museum:1.0;hands_on:1.0;experience:1.0,2,85
네이버 장소검색 | 서울 강남구,가족체험,공룡박물관,상시,영유아 및 어린이 (0세~9세),서울 강남구 공룡박물관,무료/유료 (플레이스 참조),서울 강남구에 위치한 인기 아기랑 어린이박물관 명소인 [공룡박물관]입니다.,https://search.naver.com/search.naver?where=nexearch&query=%EC%84%9C%EC%9A%B8%20%EA%B0%95%EB%82%A8%EA%B5%AC%20%EC%95%84%EA%B8%B0%EB%9E%91%20%EC%96%B4%EB%A6%B0%EC%9D%B4%EB%B0%95%EB%AC%BC%EA%B4%80,family:1.0;baby:1.0;parking:1.0;nursing_room:1.0;강남구;아기랑 어린이박물관,2026-08-22 20:34:25,museum:1.0;hands_on:1.0;experience:1.0,2,85
네이버 장소검색 | 서울 강남구,가족체험,아해박물관박물관,상시,영유아 및 어린이 (0세~9세),서울 강남구 아해박물관박물관,무료/유료 (플레이스 참조),서울 강남구에 위치한 인기 아기랑 어린이박물관 명소인 [아해박물관박물관]입니다.,https://search.naver.com/search.naver?where=nexearch&query=%EC%84%9C%EC%9A%B8%20%EA%B0%95%EB%82%A8%EA%B5%AC%20%EC%95%84%EA%B8%B0%EB%9E%91%20%EC%96%B4%EB%A6%B0%EC%9D%B4%EB%B0%95%EB%AC%BC%EA%B4%80,family:1.0;baby:1.0;parking:1.0;nursing_room:1.0;강남구;아기랑 어린이박물관,2026-08-22 20:34:25,museum:1.0;hands_on:1.0;experience:1.0,2,85
네이버 장소검색 | 서울 강남구,가족체험,서울시,상시,영유아 및 어린이 (0세~9세),서울 강남구 서울시,무료/유료 (플레이스 참조),서울 강남구에 위치한 인기 아기랑 어린이박물관 명소인 [서울시]입니다.,https://search.naver.com/search.naver?where=nexearch&query=%EC%84%9C%EC%9A%B8%20%EA%B0%95%EB%82%A8%EA%B5%AC%20%EC%95%84%EA%B8%B0%EB%9E%91%20%EC%96%B4%EB%A6%B0%EC%9D%B4%EB%B0%95%EB%AC%BC%EA%B4%80,family:1.0;baby:1.0;parking:1.0;nursing_room:1.0;강남구;아기랑 어린이박물관,2026-08-22 20:34:25,museum:1.0;hands_on:1.0;experience:1.0,2,85
네이버 장소검색 | 서울 강동구,사설키즈카페,로라바운스 천호점,상시,영유아 및 어린이 (0세~9세),서울 강동구 로라바운스 천호점,무료/유료 (플레이스 참조),서울 강동구에 위치한 인기 아기랑 키즈카페 명소인 [로라바운스 천호점]입니다.,https://search.naver.com/search.naver?where=nexearch&query=%EC%84%9C%EC%9A%B8%20%EA%B0%95%EB%8F%99%EA%B5%AC%20%EC%95%84%EA%B8%B0%EB%9E%91%20%ED%82%A4%EC%A6%88%EC%B9%B4%ED%8E%98,family:1.0;baby:1.0;parking:1.0;nursing_room:1.0;강동구;아기랑 키즈카페,2026-08-22 20:34:25,toddler:1.0;indoor:0.9;play:1.0,2,85
네이버 장소검색 | 서울 강동구,사설키즈카페,챔피언1250 더 리버몰 강동점,상시,영유아 및 어린이 (0세~9세),서울 강동구 챔피언1250 더 리버몰 강동점,무료/유료 (플레이스 참조),서울 강동구에 위치한 인기 아기랑 키즈카페 명소인 [챔피언1250 더 리버몰 강동점]입니다.,https://search.naver.com/search.naver?where=nexearch&query=%EC%84%9C%EC%9A%B8%20%EA%B0%95%EB%8F%99%EA%B5%AC%20%EC%95%84%EA%B8%B0%EB%9E%91%20%ED%82%A4%EC%A6%88%EC%B9%B4%ED%8E%98,family:1.0;baby:1.0;parking:1.0;nursing_room:1.0;강동구;아기랑 키즈카페,2026-08-22 20:34:25,toddler:1.0;indoor:0.9;play:1.0,2,85
네이버 장소검색 | 서울 강동구,사설키즈카페,드로잉월 베이킹앤커피,상시,영유아 및 어린이 (0세~9세),서울 강동구 드로잉월 베이킹앤커피,무료/유료 (플레이스 참조),서울 강동구에 위치한 인기 아기랑 키즈카페 명소인 [드로잉월 베이킹앤커피]입니다.,https://search.naver.com/search.naver?where=nexearch&query=%EC%84%9C%EC%9A%B8%20%EA%B0%95%EB%8F%99%EA%B5%AC%20%EC%95%84%EA%B8%B0%EB%9E%91%20%ED%82%A4%EC%A6%88%EC%B9%B4%ED%8E%98,family:1.0;baby:1.0;parking:1.0;nursing_room:1.0;강동구;아기랑 키즈카페,2026-08-22 20:34:25,toddler:1.0;indoor:0.9;play:1.0,2,85
네이버 장소검색 | 서울 강동구,사설키즈카페,뉴키즈온더레인보우 무인키즈카페,상시,영유아 및 어린이 (0세~9세),서울 강동구 뉴키즈온더레인보우 무인키즈카페,무료/유료 (플레이스 참조),서울 강동구에 위치한 인기 아기랑 키즈카페 명소인 [뉴키즈온더레인보우 무인키즈카페]입니다.,https://search.naver.com/search.naver?where=nexearch&query=%EC%84%9C%EC%9A%B8%20%EA%B0%95%EB%8F%99%EA%B5%AC%20%EC%95%84%EA%B8%B0%EB%9E%91%20%ED%82%A4%EC%A6%88%EC%B9%B4%ED%8E%98,family:1.0;baby:1.0;parking:1.0;nursing_room:1.0;강동구;아기랑 키즈카페,2026-08-22 20:34:25,toddler:1.0;indoor:0.9;play:1.0,2,85
네이버 장소검색 | 서울 강동구,사설키즈카페,프레리키즈카페 명일점,상시,영유아 및 어린이 (0세~9세),서울 강동구 프레리키즈카페 명일점,무료/유료 (플레이스 참조),서울 강동구에 위치한 인기 아기랑 키즈카페 명소인 [프레리키즈카페 명일점]입니다.,https://search.naver.com/search.naver?where=nexearch&query=%EC%84%9C%EC%9A%B8%20%EA%B0%95%EB%8F%99%EA%B5%AC%20%EC%95%84%EA%B8%B0%EB%9E%91%20%ED%82%A4%EC%A6%88%EC%B9%B4%ED%8E%98,family:1.0;baby:1.0;parking:1.0;nursing_room:1.0;강동구;아기랑 키즈카페,2026-08-22 20:34:25,toddler:1.0;indoor:0.9;play:1.0,2,85
네이버 장소검색 | 서울 강동구,사설키즈카페,꿀잼키즈룸 둔촌점,상시,영유아 및 어린이 (0세~9세),서울 강동구 꿀잼키즈룸 둔촌점,무료/유료 (플레이스 참조),서울 강동구에 위치한 인기 아기랑 키즈카페 명소인 [꿀잼키즈룸 둔촌점]입니다.,https://search.naver.com/search.naver?where=nexearch&query=%EC%84%9C%EC%9A%B8%20%EA%B0%95%EB%8F%99%EA%B5%AC%20%EC%95%84%EA%B8%B0%EB%9E%91%20%ED%82%A4%EC%A6%88%EC%B9%B4%ED%8E%98,family:1.0;baby:1.0;parking:1.0;nursing_room:1.0;강동구;아기랑 키즈카페,2026-08-22 20:34:25,toddler:1.0;indoor:0.9;play:1.0,2,85
네이버 장소검색 | 서울 강동구,사설키즈카페,0세아기부터 놀기 좋은강동구성내동서울형,상시,영유아 및 어린이 (0세~9세),서울 강동구 0세아기부터 놀기 좋은강동구성내동서울형,무료/유료 (플레이스 참조),서울 강동구에 위치한 인기 아기랑 키즈카페 명소인 [0세아기부터 놀기 좋은강동구성내동서울형]입니다.,https://search.naver.com/search.naver?where=nexearch&query=%EC%84%9C%EC%9A%B8%20%EA%B0%95%EB%8F%99%EA%B5%AC%20%EC%95%84%EA%B8%B0%EB%9E%91%20%ED%82%A4%EC%A6%88%EC%B9%B4%ED%8E%98,family:1.0;baby:1.0;parking:1.0;nursing_room:1.0;강동구;아기랑 키즈카페,2026-08-22 20:34:25,toddler:1.0;indoor:0.9;play:1.0,2,85
네이버 장소검색 | 서울 강동구,사설키즈카페,서울시 강일동,상시,영유아 및 어린이 (0세~9세),서울 강동구 서울시 강일동,무료/유료 (플레이스 참조),서울 강동구에 위치한 인기 아기랑 키즈카페 명소인 [서울시 강일동]입니다.,https://search.naver.com/search.naver?where=nexearch&query=%EC%84%9C%EC%9A%B8%20%EA%B0%95%EB%8F%99%EA%B5%AC%20%EC%95%84%EA%B8%B0%EB%9E%91%20%ED%82%A4%EC%A6%88%EC%B9%B4%ED%8E%98,family:1.0;baby:1.0;parking:1.0;nursing_room:1.0;강동구;아기랑 키즈카페,2026-08-22 20:34:25,toddler:1.0;indoor:0.9;play:1.0,2,85
네이버 장소검색 | 서울 강동구,자연친화,헬로키즈풀 둔촌점수영장,상시,영유아 및 어린이 (0세~9세),서울 강동구 헬로키즈풀 둔촌점수영장,무료/유료 (플레이스 참조),서울 강동구에 위치한 인기 아기랑 수영장 명소인 [헬로키즈풀 둔촌점수영장]입니다.,https://search.naver.com/search.naver?where=nexearch&query=%EC%84%9C%EC%9A%B8%20%EA%B0%95%EB%8F%99%EA%B5%AC%20%EC%95%84%EA%B8%B0%EB%9E%91%20%EC%88%98%EC%98%81%EC%9E%A5,family:1.0;baby:1.0;parking:1.0;nursing_room:1.0;강동구;아기랑 수영장,2026-08-22 20:34:25,pool:1.0;water:1.0;outdoor:0.9,2,85
네이버 장소검색 | 서울 강동구,자연친화,광나루 한강공원 물놀이장수영장,상시,영유아 및 어린이 (0세~9세),서울 강동구 광나루 한강공원 물놀이장수영장,무료/유료 (플레이스 참조),서울 강동구에 위치한 인기 아기랑 수영장 명소인 [광나루 한강공원 물놀이장수영장]입니다.,https://search.naver.com/search.naver?where=nexearch&query=%EC%84%9C%EC%9A%B8%20%EA%B0%95%EB%8F%99%EA%B5%AC%20%EC%95%84%EA%B8%B0%EB%9E%91%20%EC%88%98%EC%98%81%EC%9E%A5,family:1.0;baby:1.0;parking:1.0;nursing_room:1.0;강동구;아기랑 수영장,2026-08-22 20:34:25,pool:1.0;water:1.0;outdoor:0.9,2,85
네이버 장소검색 | 서울 강동구,자연친화,키즈토피아 어린이수영장,상시,영유아 및 어린이 (0세~9세),서울 강동구 키즈토피아 어린이수영장,무료/유료 (플레이스 참조),서울 강동구에 위치한 인기 아기랑 수영장 명소인 [키즈토피아 어린이수영장]입니다.,https://search.naver.com/search.naver?where=nexearch&query=%EC%84%9C%EC%9A%B8%20%EA%B0%95%EB%8F%99%EA%B5%AC%20%EC%95%84%EA%B8%B0%EB%9E%91%20%EC%88%98%EC%98%81%EC%9E%A5,family:1.0;baby:1.0;parking:1.0;nursing_room:1.0;강동구;아기랑 수영장,2026-08-22 20:34:25,pool:1.0;water:1.0;outdoor:0.9,2,85
네이버 장소검색 | 서울 강동구,자연친화,오션키즈강동점수영장,상시,영유아 및 어린이 (0세~9세),서울 강동구 오션키즈강동점수영장,무료/유료 (플레이스 참조),서울 강동구에 위치한 인기 아기랑 수영장 명소인 [오션키즈강동점수영장]입니다.,https://search.naver.com/search.naver?where=nexearch&query=%EC%84%9C%EC%9A%B8%20%EA%B0%95%EB%8F%99%EA%B5%AC%20%EC%95%84%EA%B8%B0%EB%9E%91%20%EC%88%98%EC%98%81%EC%9E%A5,family:1.0;baby:1.0;parking:1.0;nursing_room:1.0;강동구;아기랑 수영장,2026-08-22 20:34:25,pool:1.0;water:1.0;outdoor:0.9,2,85
네이버 장소검색 | 서울 강동구,자연친화,키즈앤풀플러스 강동센터수영장,상시,영유아 및 어린이 (0세~9세),서울 강동구 키즈앤풀플러스 강동센터수영장,무료/유료 (플레이스 참조),서울 강동구에 위치한 인기 아기랑 수영장 명소인 [키즈앤풀플러스 강동센터수영장]입니다.,https://search.naver.com/search.naver?where=nexearch&query=%EC%84%9C%EC%9A%B8%20%EA%B0%95%EB%8F%99%EA%B5%AC%20%EC%95%84%EA%B8%B0%EB%9E%91%20%EC%88%98%EC%98%81%EC%9E%A5,family:1.0;baby:1.0;parking:1.0;nursing_room:1.0;강동구;아기랑 수영장,2026-08-22 20:34:25,pool:1.0;water:1.0;outdoor:0.9,2,85
네이버 장소검색 | 서울 강동구,자연친화,성일스포렉스 피트니스수영장,상시,영유아 및 어린이 (0세~9세),서울 강동구 성일스포렉스 피트니스수영장,무료/유료 (플레이스 참조),서울 강동구에 위치한 인기 아기랑 수영장 명소인 [성일스포렉스 피트니스수영장]입니다.,https://search.naver.com/search.naver?where=nexearch&query=%EC%84%9C%EC%9A%B8%20%EA%B0%95%EB%8F%99%EA%B5%AC%20%EC%95%84%EA%B8%B0%EB%9E%91%20%EC%88%98%EC%98%81%EC%9E%A5,family:1.0;baby:1.0;parking:1.0;nursing_room:1.0;강동구;아기랑 수영장,2026-08-22 20:34:25,pool:1.0;water:1.0;outdoor:0.9,2,85
네이버 장소검색 | 서울 강동구,자연친화,매일,상시,영유아 및 어린이 (0세~9세),서울 강동구 매일,무료/유료 (플레이스 참조),서울 강동구에 위치한 인기 아기랑 수영장 명소인 [매일]입니다.,https://search.naver.com/search.naver?where=nexearch&query=%EC%84%9C%EC%9A%B8%20%EA%B0%95%EB%8F%99%EA%B5%AC%20%EC%95%84%EA%B8%B0%EB%9E%91%20%EC%88%98%EC%98%81%EC%9E%A5,family:1.0;baby:1.0;parking:1.0;nursing_room:1.0;강동구;아기랑 수영장,2026-08-22 20:34:25,pool:1.0;water:1.0;outdoor:0.9,2,85
네이버 장소검색 | 서울 강동구,자연친화,"강동구어린이 물놀이장, 둔촌공원",상시,영유아 및 어린이 (0세~9세),"서울 강동구 강동구어린이 물놀이장, 둔촌공원",무료/유료 (플레이스 참조),"서울 강동구에 위치한 인기 아기랑 수영장 명소인 [강동구어린이 물놀이장, 둔촌공원]입니다.",https://search.naver.com/search.naver?where=nexearch&query=%EC%84%9C%EC%9A%B8%20%EA%B0%95%EB%8F%99%EA%B5%AC%20%EC%95%84%EA%B8%B0%EB%9E%91%20%EC%88%98%EC%98%81%EC%9E%A5,family:1.0;baby:1.0;parking:1.0;nursing_room:1.0;강동구;아기랑 수영장,2026-08-22 20:34:25,pool:1.0;water:1.0;outdoor:0.9,2,85
네이버 장소검색 | 서울 강동구,자연친화,바닷가모래 놀이장난감 해변모래 놀이장난감,상시,영유아 및 어린이 (0세~9세),서울 강동구 바닷가모래 놀이장난감 해변모래 놀이장난감,무료/유료 (플레이스 참조),서울 강동구에 위치한 인기 아기랑 모래놀이 명소인 [바닷가모래 놀이장난감 해변모래 놀이장난감]입니다.,https://search.naver.com/search.naver?where=nexearch&query=%EC%84%9C%EC%9A%B8%20%EA%B0%95%EB%8F%99%EA%B5%AC%20%EC%95%84%EA%B8%B0%EB%9E%91%20%EB%AA%A8%EB%9E%98%EB%86%80%EC%9D%B4,family:1.0;baby:1.0;parking:1.0;nursing_room:1.0;강동구;아기랑 모래놀이,2026-08-22 20:34:25,sand:1.0;nature:1.0;play:0.9,2,85
네이버 장소검색 | 서울 강동구,자연친화,오각몰모래놀이도구 갯벌체험장난감 삽장난감,상시,영유아 및 어린이 (0세~9세),서울 강동구 오각몰모래놀이도구 갯벌체험장난감 삽장난감,무료/유료 (플레이스 참조),서울 강동구에 위치한 인기 아기랑 모래놀이 명소인 [오각몰모래놀이도구 갯벌체험장난감 삽장난감]입니다.,https://search.naver.com/search.naver?where=nexearch&query=%EC%84%9C%EC%9A%B8%20%EA%B0%95%EB%8F%99%EA%B5%AC%20%EC%95%84%EA%B8%B0%EB%9E%91%20%EB%AA%A8%EB%9E%98%EB%86%80%EC%9D%B4,family:1.0;baby:1.0;parking:1.0;nursing_room:1.0;강동구;아기랑 모래놀이,2026-08-22 20:34:25,sand:1.0;nature:1.0;play:0.9,2,85
네이버 장소검색 | 서울 강동구,자연친화,갯벌 체험놀이어린이 삽모래갈퀴 장난감 감각놀이,상시,영유아 및 어린이 (0세~9세),서울 강동구 갯벌 체험놀이어린이 삽모래갈퀴 장난감 감각놀이,무료/유료 (플레이스 참조),서울 강동구에 위치한 인기 아기랑 모래놀이 명소인 [갯벌 체험놀이어린이 삽모래갈퀴 장난감 감각놀이]입니다.,https://search.naver.com/search.naver?where=nexearch&query=%EC%84%9C%EC%9A%B8%20%EA%B0%95%EB%8F%99%EA%B5%AC%20%EC%95%84%EA%B8%B0%EB%9E%91%20%EB%AA%A8%EB%9E%98%EB%86%80%EC%9D%B4,family:1.0;baby:1.0;parking:1.0;nursing_room:1.0;강동구;아기랑 모래놀이,2026-08-22 20:34:25,sand:1.0;nature:1.0;play:0.9,2,85
네이버 장소검색 | 서울 강동구,자연친화,광나루 한강공원공원,상시,영유아 및 어린이 (0세~9세),서울 강동구 광나루 한강공원공원,무료/유료 (플레이스 참조),서울 강동구에 위치한 인기 아기랑 공원 명소인 [광나루 한강공원공원]입니다.,https://search.naver.com/search.naver?where=nexearch&query=%EC%84%9C%EC%9A%B8%20%EA%B0%95%EB%8F%99%EA%B5%AC%20%EC%95%84%EA%B8%B0%EB%9E%91%20%EA%B3%B5%EC%9B%90,family:1.0;baby:1.0;parking:1.0;nursing_room:1.0;강동구;아기랑 공원,2026-08-22 20:34:25,park:1.0;picnic:1.0;nature:1.0,2,85
네이버 장소검색 | 서울 강동구,자연친화,일자산허브천문공원공원,상시,영유아 및 어린이 (0세~9세),서울 강동구 일자산허브천문공원공원,무료/유료 (플레이스 참조),서울 강동구에 위치한 인기 아기랑 공원 명소인 [일자산허브천문공원공원]입니다.,https://search.naver.com/search.naver?where=nexearch&query=%EC%84%9C%EC%9A%B8%20%EA%B0%95%EB%8F%99%EA%B5%AC%20%EC%95%84%EA%B8%B0%EB%9E%91%20%EA%B3%B5%EC%9B%90,family:1.0;baby:1.0;parking:1.0;nursing_room:1.0;강동구;아기랑 공원,2026-08-22 20:34:25,park:1.0;picnic:1.0;nature:1.0,2,85
네이버 장소검색 | 서울 강동구,자연친화,천호공원공원,상시,영유아 및 어린이 (0세~9세),서울 강동구 천호공원공원,무료/유료 (플레이스 참조),서울 강동구에 위치한 인기 아기랑 공원 명소인 [천호공원공원]입니다.,https://search.naver.com/search.naver?where=nexearch&query=%EC%84%9C%EC%9A%B8%20%EA%B0%95%EB%8F%99%EA%B5%AC%20%EC%95%84%EA%B8%B0%EB%9E%91%20%EA%B3%B5%EC%9B%90,family:1.0;baby:1.0;parking:1.0;nursing_room:1.0;강동구;아기랑 공원,2026-08-22 20:34:25,park:1.0;picnic:1.0;nature:1.0,2,85
네이버 장소검색 | 서울 강동구,자연친화,광나루한강공원공원,상시,영유아 및 어린이 (0세~9세),서울 강동구 광나루한강공원공원,무료/유료 (플레이스 참조),서울 강동구에 위치한 인기 아기랑 공원 명소인 [광나루한강공원공원]입니다.,https://search.naver.com/search.naver?where=nexearch&query=%EC%84%9C%EC%9A%B8%20%EA%B0%95%EB%8F%99%EA%B5%AC%20%EC%95%84%EA%B8%B0%EB%9E%91%20%EA%B3%B5%EC%9B%90,family:1.0;baby:1.0;parking:1.0;nursing_room:1.0;강동구;아기랑 공원,2026-08-22 20:34:25,park:1.0;picnic:1.0;nature:1.0,2,85
네이버 장소검색 | 서울 강동구,자연친화,암사역사공원공원,상시,영유아 및 어린이 (0세~9세),서울 강동구 암사역사공원공원,무료/유료 (플레이스 참조),서울 강동구에 위치한 인기 아기랑 공원 명소인 [암사역사공원공원]입니다.,https://search.naver.com/search.naver?where=nexearch&query=%EC%84%9C%EC%9A%B8%20%EA%B0%95%EB%8F%99%EA%B5%AC%20%EC%95%84%EA%B8%B0%EB%9E%91%20%EA%B3%B5%EC%9B%90,family:1.0;baby:1.0;parking:1.0;nursing_room:1.0;강동구;아기랑 공원,2026-08-22 20:34:25,park:1.0;picnic:1.0;nature:1.0,2,85
네이버 장소검색 | 서울 강동구,자연친화,광나루자전거공원공원,상시,영유아 및 어린이 (0세~9세),서울 강동구 광나루자전거공원공원,무료/유료 (플레이스 참조),서울 강동구에 위치한 인기 아기랑 공원 명소인 [광나루자전거공원공원]입니다.,https://search.naver.com/search.naver?where=nexearch&query=%EC%84%9C%EC%9A%B8%20%EA%B0%95%EB%8F%99%EA%B5%AC%20%EC%95%84%EA%B8%B0%EB%9E%91%20%EA%B3%B5%EC%9B%90,family:1.0;baby:1.0;parking:1.0;nursing_room:1.0;강동구;아기랑 공원,2026-08-22 20:34:25,park:1.0;picnic:1.0;nature:1.0,2,85
네이버 장소검색 | 서울 강동구,자연친화,위치는강동중앙도서관 앞 공원,상시,영유아 및 어린이 (0세~9세),서울 강동구 위치는강동중앙도서관 앞 공원,무료/유료 (플레이스 참조),서울 강동구에 위치한 인기 아기랑 물놀이터 명소인 [위치는강동중앙도서관 앞 공원]입니다.,https://search.naver.com/search.naver?where=nexearch&query=%EC%84%9C%EC%9A%B8%20%EA%B0%95%EB%8F%99%EA%B5%AC%20%EC%95%84%EA%B8%B0%EB%9E%91%20%EB%AC%BC%EB%86%80%EC%9D%B4%ED%84%B0,family:1.0;baby:1.0;parking:1.0;nursing_room:1.0;강동구;아기랑 물놀이터,2026-08-22 20:34:25,water:1.0;outdoor:1.0;picnic:0.8,2,85
네이버 장소검색 | 서울 강동구,가족체험,신세계는 태국을,상시,영유아 및 어린이 (0세~9세),서울 강동구 신세계는 태국을,무료/유료 (플레이스 참조),서울 강동구에 위치한 인기 아기랑 농장체험 명소인 [신세계는 태국을]입니다.,https://search.naver.com/search.naver?where=nexearch&query=%EC%84%9C%EC%9A%B8%20%EA%B0%95%EB%8F%99%EA%B5%AC%20%EC%95%84%EA%B8%B0%EB%9E%91%20%EB%86%8D%EC%9E%A5%EC%B2%B4%ED%97%98,family:1.0;baby:1.0;parking:1.0;nursing_room:1.0;강동구;아기랑 농장체험,2026-08-22 20:34:25,farm:1.0;animal:1.0;experience:1.0,2,85
네이버 장소검색 | 서울 강동구,가족체험,강동구(구청장 이정훈)는 우리나라를,상시,영유아 및 어린이 (0세~9세),서울 강동구 강동구(구청장 이정훈)는 우리나라를,무료/유료 (플레이스 참조),서울 강동구에 위치한 인기 아기랑 어린이박물관 명소인 [강동구(구청장 이정훈)는 우리나라를]입니다.,https://search.naver.com/search.naver?where=nexearch&query=%EC%84%9C%EC%9A%B8%20%EA%B0%95%EB%8F%99%EA%B5%AC%20%EC%95%84%EA%B8%B0%EB%9E%91%20%EC%96%B4%EB%A6%B0%EC%9D%B4%EB%B0%95%EB%AC%BC%EA%B4%80,family:1.0;baby:1.0;parking:1.0;nursing_room:1.0;강동구;아기랑 어린이박물관,2026-08-22 20:34:25,museum:1.0;hands_on:1.0;experience:1.0,2,85
네이버 장소검색 | 서울 강북구,사설키즈카페,스윙키즈,상시,영유아 및 어린이 (0세~9세),서울 강북구 스윙키즈,무료/유료 (플레이스 참조),서울 강북구에 위치한 인기 아기랑 키즈카페 명소인 [스윙키즈]입니다.,https://search.naver.com/search.naver?where=nexearch&query=%EC%84%9C%EC%9A%B8%20%EA%B0%95%EB%B6%81%EA%B5%AC%20%EC%95%84%EA%B8%B0%EB%9E%91%20%ED%82%A4%EC%A6%88%EC%B9%B4%ED%8E%98,family:1.0;baby:1.0;parking:1.0;nursing_room:1.0;강북구;아기랑 키즈카페,2026-08-22 20:34:25,toddler:1.0;indoor:0.9;play:1.0,2,85
네이버 장소검색 | 서울 강북구,사설키즈카페,야크돔,상시,영유아 및 어린이 (0세~9세),서울 강북구 야크돔,무료/유료 (플레이스 참조),서울 강북구에 위치한 인기 아기랑 키즈카페 명소인 [야크돔]입니다.,https://search.naver.com/search.naver?where=nexearch&query=%EC%84%9C%EC%9A%B8%20%EA%B0%95%EB%B6%81%EA%B5%AC%20%EC%95%84%EA%B8%B0%EB%9E%91%20%ED%82%A4%EC%A6%88%EC%B9%B4%ED%8E%98,family:1.0;baby:1.0;parking:1.0;nursing_room:1.0;강북구;아기랑 키즈카페,2026-08-22 20:34:25,toddler:1.0;indoor:0.9;play:1.0,2,85
네이버 장소검색 | 서울 강북구,사설키즈카페,펜트아이,상시,영유아 및 어린이 (0세~9세),서울 강북구 펜트아이,무료/유료 (플레이스 참조),서울 강북구에 위치한 인기 아기랑 키즈카페 명소인 [펜트아이]입니다.,https://search.naver.com/search.naver?where=nexearch&query=%EC%84%9C%EC%9A%B8%20%EA%B0%95%EB%B6%81%EA%B5%AC%20%EC%95%84%EA%B8%B0%EB%9E%91%20%ED%82%A4%EC%A6%88%EC%B9%B4%ED%8E%98,family:1.0;baby:1.0;parking:1.0;nursing_room:1.0;강북구;아기랑 키즈카페,2026-08-22 20:34:25,toddler:1.0;indoor:0.9;play:1.0,2,85
네이버 장소검색 | 서울 강북구,사설키즈카페,베이클,상시,영유아 및 어린이 (0세~9세),서울 강북구 베이클,무료/유료 (플레이스 참조),서울 강북구에 위치한 인기 아기랑 키즈카페 명소인 [베이클]입니다.,https://search.naver.com/search.naver?where=nexearch&query=%EC%84%9C%EC%9A%B8%20%EA%B0%95%EB%B6%81%EA%B5%AC%20%EC%95%84%EA%B8%B0%EB%9E%91%20%ED%82%A4%EC%A6%88%EC%B9%B4%ED%8E%98,family:1.0;baby:1.0;parking:1.0;nursing_room:1.0;강북구;아기랑 키즈카페,2026-08-22 20:34:25,toddler:1.0;indoor:0.9;play:1.0,2,85
네이버 장소검색 | 서울 강북구,사설키즈카페,모먼트키즈 슬라임카페,상시,영유아 및 어린이 (0세~9세),서울 강북구 모먼트키즈 슬라임카페,무료/유료 (플레이스 참조),서울 강북구에 위치한 인기 아기랑 키즈카페 명소인 [모먼트키즈 슬라임카페]입니다.,https://search.naver.com/search.naver?where=nexearch&query=%EC%84%9C%EC%9A%B8%20%EA%B0%95%EB%B6%81%EA%B5%AC%20%EC%95%84%EA%B8%B0%EB%9E%91%20%ED%82%A4%EC%A6%88%EC%B9%B4%ED%8E%98,family:1.0;baby:1.0;parking:1.0;nursing_room:1.0;강북구;아기랑 키즈카페,2026-08-22 20:34:25,toddler:1.0;indoor:0.9;play:1.0,2,85
네이버 장소검색 | 서울 강북구,사설키즈카페,키즈델루나,상시,영유아 및 어린이 (0세~9세),서울 강북구 키즈델루나,무료/유료 (플레이스 참조),서울 강북구에 위치한 인기 아기랑 키즈카페 명소인 [키즈델루나]입니다.,https://search.naver.com/search.naver?where=nexearch&query=%EC%84%9C%EC%9A%B8%20%EA%B0%95%EB%B6%81%EA%B5%AC%20%EC%95%84%EA%B8%B0%EB%9E%91%20%ED%82%A4%EC%A6%88%EC%B9%B4%ED%8E%98,family:1.0;baby:1.0;parking:1.0;nursing_room:1.0;강북구;아기랑 키즈카페,2026-08-22 20:34:25,toddler:1.0;indoor:0.9;play:1.0,2,85
네이버 장소검색 | 서울 강북구,사설키즈카페,리틀비틀 수유점,상시,영유아 및 어린이 (0세~9세),서울 강북구 리틀비틀 수유점,무료/유료 (플레이스 참조),서울 강북구에 위치한 인기 아기랑 키즈카페 명소인 [리틀비틀 수유점]입니다.,https://search.naver.com/search.naver?where=nexearch&query=%EC%84%9C%EC%9A%B8%20%EA%B0%95%EB%B6%81%EA%B5%AC%20%EC%95%84%EA%B8%B0%EB%9E%91%20%ED%82%A4%EC%A6%88%EC%B9%B4%ED%8E%98,family:1.0;baby:1.0;parking:1.0;nursing_room:1.0;강북구;아기랑 키즈카페,2026-08-22 20:34:25,toddler:1.0;indoor:0.9;play:1.0,2,85
네이버 장소검색 | 서울 강북구,사설키즈카페,서울시 미아동,상시,영유아 및 어린이 (0세~9세),서울 강북구 서울시 미아동,무료/유료 (플레이스 참조),서울 강북구에 위치한 인기 아기랑 키즈카페 명소인 [서울시 미아동]입니다.,https://search.naver.com/search.naver?where=nexearch&query=%EC%84%9C%EC%9A%B8%20%EA%B0%95%EB%B6%81%EA%B5%AC%20%EC%95%84%EA%B8%B0%EB%9E%91%20%ED%82%A4%EC%A6%88%EC%B9%B4%ED%8E%98,family:1.0;baby:1.0;parking:1.0;nursing_room:1.0;강북구;아기랑 키즈카페,2026-08-22 20:34:25,toddler:1.0;indoor:0.9;play:1.0,2,85
네이버 장소검색 | 서울 강북구,자연친화,우이동계곡,상시,영유아 및 어린이 (0세~9세),서울 강북구 우이동계곡,무료/유료 (플레이스 참조),서울 강북구에 위치한 인기 아기랑 계곡 명소인 [우이동계곡]입니다.,https://search.naver.com/search.naver?where=nexearch&query=%EC%84%9C%EC%9A%B8%20%EA%B0%95%EB%B6%81%EA%B5%AC%20%EC%95%84%EA%B8%B0%EB%9E%91%20%EA%B3%84%EA%B3%A1,family:1.0;baby:1.0;parking:1.0;nursing_room:1.0;강북구;아기랑 계곡,2026-08-22 20:34:25,valley:1.0;nature:1.0;water:1.0,2,85
네이버 장소검색 | 서울 강북구,자연친화,도봉계곡,상시,영유아 및 어린이 (0세~9세),서울 강북구 도봉계곡,무료/유료 (플레이스 참조),서울 강북구에 위치한 인기 아기랑 계곡 명소인 [도봉계곡]입니다.,https://search.naver.com/search.naver?where=nexearch&query=%EC%84%9C%EC%9A%B8%20%EA%B0%95%EB%B6%81%EA%B5%AC%20%EC%95%84%EA%B8%B0%EB%9E%91%20%EA%B3%84%EA%B3%A1,family:1.0;baby:1.0;parking:1.0;nursing_room:1.0;강북구;아기랑 계곡,2026-08-22 20:34:25,valley:1.0;nature:1.0;water:1.0,2,85
네이버 장소검색 | 서울 강북구,자연친화,평창계곡,상시,영유아 및 어린이 (0세~9세),서울 강북구 평창계곡,무료/유료 (플레이스 참조),서울 강북구에 위치한 인기 아기랑 계곡 명소인 [평창계곡]입니다.,https://search.naver.com/search.naver?where=nexearch&query=%EC%84%9C%EC%9A%B8%20%EA%B0%95%EB%B6%81%EA%B5%AC%20%EC%95%84%EA%B8%B0%EB%9E%91%20%EA%B3%84%EA%B3%A1,family:1.0;baby:1.0;parking:1.0;nursing_room:1.0;강북구;아기랑 계곡,2026-08-22 20:34:25,valley:1.0;nature:1.0;water:1.0,2,85
네이버 장소검색 | 서울 강북구,자연친화,화계초등학교 스포츠센터수영장,상시,영유아 및 어린이 (0세~9세),서울 강북구 화계초등학교 스포츠센터수영장,무료/유료 (플레이스 참조),서울 강북구에 위치한 인기 아기랑 수영장 명소인 [화계초등학교 스포츠센터수영장]입니다.,https://search.naver.com/search.naver?where=nexearch&query=%EC%84%9C%EC%9A%B8%20%EA%B0%95%EB%B6%81%EA%B5%AC%20%EC%95%84%EA%B8%B0%EB%9E%91%20%EC%88%98%EC%98%81%EC%9E%A5,family:1.0;baby:1.0;parking:1.0;nursing_room:1.0;강북구;아기랑 수영장,2026-08-22 20:34:25,pool:1.0;water:1.0;outdoor:0.9,2,85
네이버 장소검색 | 서울 강북구,자연친화,부에노비치클럽수영장,상시,영유아 및 어린이 (0세~9세),서울 강북구 부에노비치클럽수영장,무료/유료 (플레이스 참조),서울 강북구에 위치한 인기 아기랑 수영장 명소인 [부에노비치클럽수영장]입니다.,https://search.naver.com/search.naver?where=nexearch&query=%EC%84%9C%EC%9A%B8%20%EA%B0%95%EB%B6%81%EA%B5%AC%20%EC%95%84%EA%B8%B0%EB%9E%91%20%EC%88%98%EC%98%81%EC%9E%A5,family:1.0;baby:1.0;parking:1.0;nursing_room:1.0;강북구;아기랑 수영장,2026-08-22 20:34:25,pool:1.0;water:1.0;outdoor:0.9,2,85
네이버 장소검색 | 서울 강북구,자연친화,혜화여자고등학교실내수영장,상시,영유아 및 어린이 (0세~9세),서울 강북구 혜화여자고등학교실내수영장,무료/유료 (플레이스 참조),서울 강북구에 위치한 인기 아기랑 수영장 명소인 [혜화여자고등학교실내수영장]입니다.,https://search.naver.com/search.naver?where=nexearch&query=%EC%84%9C%EC%9A%B8%20%EA%B0%95%EB%B6%81%EA%B5%AC%20%EC%95%84%EA%B8%B0%EB%9E%91%20%EC%88%98%EC%98%81%EC%9E%A5,family:1.0;baby:1.0;parking:1.0;nursing_room:1.0;강북구;아기랑 수영장,2026-08-22 20:34:25,pool:1.0;water:1.0;outdoor:0.9,2,85
네이버 장소검색 | 서울 강북구,자연친화,강북문화예술회관수영장,상시,영유아 및 어린이 (0세~9세),서울 강북구 강북문화예술회관수영장,무료/유료 (플레이스 참조),서울 강북구에 위치한 인기 아기랑 수영장 명소인 [강북문화예술회관수영장]입니다.,https://search.naver.com/search.naver?where=nexearch&query=%EC%84%9C%EC%9A%B8%20%EA%B0%95%EB%B6%81%EA%B5%AC%20%EC%95%84%EA%B8%B0%EB%9E%91%20%EC%88%98%EC%98%81%EC%9E%A5,family:1.0;baby:1.0;parking:1.0;nursing_room:1.0;강북구;아기랑 수영장,2026-08-22 20:34:25,pool:1.0;water:1.0;outdoor:0.9,2,85
네이버 장소검색 | 서울 강북구,자연친화,고갯마루어린이공원 물놀이장수영장,상시,영유아 및 어린이 (0세~9세),서울 강북구 고갯마루어린이공원 물놀이장수영장,무료/유료 (플레이스 참조),서울 강북구에 위치한 인기 아기랑 수영장 명소인 [고갯마루어린이공원 물놀이장수영장]입니다.,https://search.naver.com/search.naver?where=nexearch&query=%EC%84%9C%EC%9A%B8%20%EA%B0%95%EB%B6%81%EA%B5%AC%20%EC%95%84%EA%B8%B0%EB%9E%91%20%EC%88%98%EC%98%81%EC%9E%A5,family:1.0;baby:1.0;parking:1.0;nursing_room:1.0;강북구;아기랑 수영장,2026-08-22 20:34:25,pool:1.0;water:1.0;outdoor:0.9,2,85
네이버 장소검색 | 서울 강북구,자연친화,우이동만남의광장 물놀이장수영장,상시,영유아 및 어린이 (0세~9세),서울 강북구 우이동만남의광장 물놀이장수영장,무료/유료 (플레이스 참조),서울 강북구에 위치한 인기 아기랑 수영장 명소인 [우이동만남의광장 물놀이장수영장]입니다.,https://search.naver.com/search.naver?where=nexearch&query=%EC%84%9C%EC%9A%B8%20%EA%B0%95%EB%B6%81%EA%B5%AC%20%EC%95%84%EA%B8%B0%EB%9E%91%20%EC%88%98%EC%98%81%EC%9E%A5,family:1.0;baby:1.0;parking:1.0;nursing_room:1.0;강북구;아기랑 수영장,2026-08-22 20:34:25,pool:1.0;water:1.0;outdoor:0.9,2,85
네이버 장소검색 | 서울 강북구,자연친화,여름에 아이랑 호텔,상시,영유아 및 어린이 (0세~9세),서울 강북구 여름에 아이랑 호텔,무료/유료 (플레이스 참조),서울 강북구에 위치한 인기 아기랑 수영장 명소인 [여름에 아이랑 호텔]입니다.,https://search.naver.com/search.naver?where=nexearch&query=%EC%84%9C%EC%9A%B8%20%EA%B0%95%EB%B6%81%EA%B5%AC%20%EC%95%84%EA%B8%B0%EB%9E%91%20%EC%88%98%EC%98%81%EC%9E%A5,family:1.0;baby:1.0;parking:1.0;nursing_room:1.0;강북구;아기랑 수영장,2026-08-22 20:34:25,pool:1.0;water:1.0;outdoor:0.9,2,85
네이버 장소검색 | 서울 강북구,자연친화,"북서울꿈의숲도시,공원",상시,영유아 및 어린이 (0세~9세),"서울 강북구 북서울꿈의숲도시,공원",무료/유료 (플레이스 참조),"서울 강북구에 위치한 인기 아기랑 공원 명소인 [북서울꿈의숲도시,공원]입니다.",https://search.naver.com/search.naver?where=nexearch&query=%EC%84%9C%EC%9A%B8%20%EA%B0%95%EB%B6%81%EA%B5%AC%20%EC%95%84%EA%B8%B0%EB%9E%91%20%EA%B3%B5%EC%9B%90,family:1.0;baby:1.0;parking:1.0;nursing_room:1.0;강북구;아기랑 공원,2026-08-22 20:34:25,park:1.0;picnic:1.0;nature:1.0,2,85
네이버 장소검색 | 서울 강북구,자연친화,솔밭공원,상시,영유아 및 어린이 (0세~9세),서울 강북구 솔밭공원,무료/유료 (플레이스 참조),서울 강북구에 위치한 인기 아기랑 공원 명소인 [솔밭공원]입니다.,https://search.naver.com/search.naver?where=nexearch&query=%EC%84%9C%EC%9A%B8%20%EA%B0%95%EB%B6%81%EA%B5%AC%20%EC%95%84%EA%B8%B0%EB%9E%91%20%EA%B3%B5%EC%9B%90,family:1.0;baby:1.0;parking:1.0;nursing_room:1.0;강북구;아기랑 공원,2026-08-22 20:34:25,park:1.0;picnic:1.0;nature:1.0,2,85
네이버 장소검색 | 서울 강북구,자연친화,우이동만남의광장공원,상시,영유아 및 어린이 (0세~9세),서울 강북구 우이동만남의광장공원,무료/유료 (플레이스 참조),서울 강북구에 위치한 인기 아기랑 공원 명소인 [우이동만남의광장공원]입니다.,https://search.naver.com/search.naver?where=nexearch&query=%EC%84%9C%EC%9A%B8%20%EA%B0%95%EB%B6%81%EA%B5%AC%20%EC%95%84%EA%B8%B0%EB%9E%91%20%EA%B3%B5%EC%9B%90,family:1.0;baby:1.0;parking:1.0;nursing_room:1.0;강북구;아기랑 공원,2026-08-22 20:34:25,park:1.0;picnic:1.0;nature:1.0,2,85
네이버 장소검색 | 서울 강북구,자연친화,오동공원,상시,영유아 및 어린이 (0세~9세),서울 강북구 오동공원,무료/유료 (플레이스 참조),서울 강북구에 위치한 인기 아기랑 공원 명소인 [오동공원]입니다.,https://search.naver.com/search.naver?where=nexearch&query=%EC%84%9C%EC%9A%B8%20%EA%B0%95%EB%B6%81%EA%B5%AC%20%EC%95%84%EA%B8%B0%EB%9E%91%20%EA%B3%B5%EC%9B%90,family:1.0;baby:1.0;parking:1.0;nursing_room:1.0;강북구;아기랑 공원,2026-08-22 20:34:25,park:1.0;picnic:1.0;nature:1.0,2,85
네이버 장소검색 | 서울 강북구,자연친화,수유일공원공원,상시,영유아 및 어린이 (0세~9세),서울 강북구 수유일공원공원,무료/유료 (플레이스 참조),서울 강북구에 위치한 인기 아기랑 공원 명소인 [수유일공원공원]입니다.,https://search.naver.com/search.naver?where=nexearch&query=%EC%84%9C%EC%9A%B8%20%EA%B0%95%EB%B6%81%EA%B5%AC%20%EC%95%84%EA%B8%B0%EB%9E%91%20%EA%B3%B5%EC%9B%90,family:1.0;baby:1.0;parking:1.0;nursing_room:1.0;강북구;아기랑 공원,2026-08-22 20:34:25,park:1.0;picnic:1.0;nature:1.0,2,85
네이버 장소검색 | 서울 강북구,자연친화,삼양마을공원공원,상시,영유아 및 어린이 (0세~9세),서울 강북구 삼양마을공원공원,무료/유료 (플레이스 참조),서울 강북구에 위치한 인기 아기랑 공원 명소인 [삼양마을공원공원]입니다.,https://search.naver.com/search.naver?where=nexearch&query=%EC%84%9C%EC%9A%B8%20%EA%B0%95%EB%B6%81%EA%B5%AC%20%EC%95%84%EA%B8%B0%EB%9E%91%20%EA%B3%B5%EC%9B%90,family:1.0;baby:1.0;parking:1.0;nursing_room:1.0;강북구;아기랑 공원,2026-08-22 20:34:25,park:1.0;picnic:1.0;nature:1.0,2,85
네이버 장소검색 | 서울 강북구,가족체험,둘리뮤지엄박물관,상시,영유아 및 어린이 (0세~9세),서울 강북구 둘리뮤지엄박물관,무료/유료 (플레이스 참조),서울 강북구에 위치한 인기 아기랑 어린이박물관 명소인 [둘리뮤지엄박물관]입니다.,https://search.naver.com/search.naver?where=nexearch&query=%EC%84%9C%EC%9A%B8%20%EA%B0%95%EB%B6%81%EA%B5%AC%20%EC%95%84%EA%B8%B0%EB%9E%91%20%EC%96%B4%EB%A6%B0%EC%9D%B4%EB%B0%95%EB%AC%BC%EA%B4%80,family:1.0;baby:1.0;parking:1.0;nursing_room:1.0;강북구;아기랑 어린이박물관,2026-08-22 20:34:25,museum:1.0;hands_on:1.0;experience:1.0,2,85
네이버 장소검색 | 서울 강서구,공공키즈카페,서울형키즈카페 시립서울식물원점,상시,영유아 및 어린이 (0세~9세),서울 강서구 서울형키즈카페 시립서울식물원점,무료/유료 (플레이스 참조),서울 강서구에 위치한 인기 아기랑 키즈카페 명소인 [서울형키즈카페 시립서울식물원점]입니다.,https://search.naver.com/search.naver?where=nexearch&query=%EC%84%9C%EC%9A%B8%20%EA%B0%95%EC%84%9C%EA%B5%AC%20%EC%95%84%EA%B8%B0%EB%9E%91%20%ED%82%A4%EC%A6%88%EC%B9%B4%ED%8E%98,family:1.0;baby:1.0;parking:1.0;nursing_room:1.0;강서구;아기랑 키즈카페,2026-08-22 20:34:25,toddler:1.0;indoor:0.9;play:1.0,2,85
네이버 장소검색 | 서울 강서구,사설키즈카페,아로아로 키즈카페,상시,영유아 및 어린이 (0세~9세),서울 강서구 아로아로 키즈카페,무료/유료 (플레이스 참조),서울 강서구에 위치한 인기 아기랑 키즈카페 명소인 [아로아로 키즈카페]입니다.,https://search.naver.com/search.naver?where=nexearch&query=%EC%84%9C%EC%9A%B8%20%EA%B0%95%EC%84%9C%EA%B5%AC%20%EC%95%84%EA%B8%B0%EB%9E%91%20%ED%82%A4%EC%A6%88%EC%B9%B4%ED%8E%98,family:1.0;baby:1.0;parking:1.0;nursing_room:1.0;강서구;아기랑 키즈카페,2026-08-22 20:34:25,toddler:1.0;indoor:0.9;play:1.0,2,85
네이버 장소검색 | 서울 강서구,사설키즈카페,챔피언더블랙벨트 원그로브점,상시,영유아 및 어린이 (0세~9세),서울 강서구 챔피언더블랙벨트 원그로브점,무료/유료 (플레이스 참조),서울 강서구에 위치한 인기 아기랑 키즈카페 명소인 [챔피언더블랙벨트 원그로브점]입니다.,https://search.naver.com/search.naver?where=nexearch&query=%EC%84%9C%EC%9A%B8%20%EA%B0%95%EC%84%9C%EA%B5%AC%20%EC%95%84%EA%B8%B0%EB%9E%91%20%ED%82%A4%EC%A6%88%EC%B9%B4%ED%8E%98,family:1.0;baby:1.0;parking:1.0;nursing_room:1.0;강서구;아기랑 키즈카페,2026-08-22 20:34:25,toddler:1.0;indoor:0.9;play:1.0,2,85
네이버 장소검색 | 서울 강서구,사설키즈카페,챔피언더블랙벨트 롯데몰 김포공항점,상시,영유아 및 어린이 (0세~9세),서울 강서구 챔피언더블랙벨트 롯데몰 김포공항점,무료/유료 (플레이스 참조),서울 강서구에 위치한 인기 아기랑 키즈카페 명소인 [챔피언더블랙벨트 롯데몰 김포공항점]입니다.,https://search.naver.com/search.naver?where=nexearch&query=%EC%84%9C%EC%9A%B8%20%EA%B0%95%EC%84%9C%EA%B5%AC%20%EC%95%84%EA%B8%B0%EB%9E%91%20%ED%82%A4%EC%A6%88%EC%B9%B4%ED%8E%98,family:1.0;baby:1.0;parking:1.0;nursing_room:1.0;강서구;아기랑 키즈카페,2026-08-22 20:34:25,toddler:1.0;indoor:0.9;play:1.0,2,85
네이버 장소검색 | 서울 강서구,사설키즈카페,무키무키 화곡점,상시,영유아 및 어린이 (0세~9세),서울 강서구 무키무키 화곡점,무료/유료 (플레이스 참조),서울 강서구에 위치한 인기 아기랑 키즈카페 명소인 [무키무키 화곡점]입니다.,https://search.naver.com/search.naver?where=nexearch&query=%EC%84%9C%EC%9A%B8%20%EA%B0%95%EC%84%9C%EA%B5%AC%20%EC%95%84%EA%B8%B0%EB%9E%91%20%ED%82%A4%EC%A6%88%EC%B9%B4%ED%8E%98,family:1.0;baby:1.0;parking:1.0;nursing_room:1.0;강서구;아기랑 키즈카페,2026-08-22 20:34:25,toddler:1.0;indoor:0.9;play:1.0,2,85
네이버 장소검색 | 서울 강서구,공공키즈카페,서울형키즈카페 강서구화곡3동점,상시,영유아 및 어린이 (0세~9세),서울 강서구 서울형키즈카페 강서구화곡3동점,무료/유료 (플레이스 참조),서울 강서구에 위치한 인기 아기랑 키즈카페 명소인 [서울형키즈카페 강서구화곡3동점]입니다.,https://search.naver.com/search.naver?where=nexearch&query=%EC%84%9C%EC%9A%B8%20%EA%B0%95%EC%84%9C%EA%B5%AC%20%EC%95%84%EA%B8%B0%EB%9E%91%20%ED%82%A4%EC%A6%88%EC%B9%B4%ED%8E%98,family:1.0;baby:1.0;parking:1.0;nursing_room:1.0;강서구;아기랑 키즈카페,2026-08-22 20:34:25,toddler:1.0;indoor:0.9;play:1.0,2,85
네이버 장소검색 | 서울 강서구,사설키즈카페,서울시 내발산동,상시,영유아 및 어린이 (0세~9세),서울 강서구 서울시 내발산동,무료/유료 (플레이스 참조),서울 강서구에 위치한 인기 아기랑 키즈카페 명소인 [서울시 내발산동]입니다.,https://search.naver.com/search.naver?where=nexearch&query=%EC%84%9C%EC%9A%B8%20%EA%B0%95%EC%84%9C%EA%B5%AC%20%EC%95%84%EA%B8%B0%EB%9E%91%20%ED%82%A4%EC%A6%88%EC%B9%B4%ED%8E%98,family:1.0;baby:1.0;parking:1.0;nursing_room:1.0;강서구;아기랑 키즈카페,2026-08-22 20:34:25,toddler:1.0;indoor:0.9;play:1.0,2,85
네이버 장소검색 | 서울 강서구,사설키즈카페,여기저기키즈카페강서구허준공원,상시,영유아 및 어린이 (0세~9세),서울 강서구 여기저기키즈카페강서구허준공원,무료/유료 (플레이스 참조),서울 강서구에 위치한 인기 아기랑 키즈카페 명소인 [여기저기키즈카페강서구허준공원]입니다.,https://search.naver.com/search.naver?where=nexearch&query=%EC%84%9C%EC%9A%B8%20%EA%B0%95%EC%84%9C%EA%B5%AC%20%EC%95%84%EA%B8%B0%EB%9E%91%20%ED%82%A4%EC%A6%88%EC%B9%B4%ED%8E%98,family:1.0;baby:1.0;parking:1.0;nursing_room:1.0;강서구;아기랑 키즈카페,2026-08-22 20:34:25,toddler:1.0;indoor:0.9;play:1.0,2,85
네이버 장소검색 | 서울 강서구,자연친화,공항스포렉스수영장,상시,영유아 및 어린이 (0세~9세),서울 강서구 공항스포렉스수영장,무료/유료 (플레이스 참조),서울 강서구에 위치한 인기 아기랑 수영장 명소인 [공항스포렉스수영장]입니다.,https://search.naver.com/search.naver?where=nexearch&query=%EC%84%9C%EC%9A%B8%20%EA%B0%95%EC%84%9C%EA%B5%AC%20%EC%95%84%EA%B8%B0%EB%9E%91%20%EC%88%98%EC%98%81%EC%9E%A5,family:1.0;baby:1.0;parking:1.0;nursing_room:1.0;강서구;아기랑 수영장,2026-08-22 20:34:25,pool:1.0;water:1.0;outdoor:0.9,2,85
네이버 장소검색 | 서울 강서구,자연친화,오션차일드수영장,상시,영유아 및 어린이 (0세~9세),서울 강서구 오션차일드수영장,무료/유료 (플레이스 참조),서울 강서구에 위치한 인기 아기랑 수영장 명소인 [오션차일드수영장]입니다.,https://search.naver.com/search.naver?where=nexearch&query=%EC%84%9C%EC%9A%B8%20%EA%B0%95%EC%84%9C%EA%B5%AC%20%EC%95%84%EA%B8%B0%EB%9E%91%20%EC%88%98%EC%98%81%EC%9E%A5,family:1.0;baby:1.0;parking:1.0;nursing_room:1.0;강서구;아기랑 수영장,2026-08-22 20:34:25,pool:1.0;water:1.0;outdoor:0.9,2,85
네이버 장소검색 | 서울 강서구,자연친화,아쿠아웨이브수영장,상시,영유아 및 어린이 (0세~9세),서울 강서구 아쿠아웨이브수영장,무료/유료 (플레이스 참조),서울 강서구에 위치한 인기 아기랑 수영장 명소인 [아쿠아웨이브수영장]입니다.,https://search.naver.com/search.naver?where=nexearch&query=%EC%84%9C%EC%9A%B8%20%EA%B0%95%EC%84%9C%EA%B5%AC%20%EC%95%84%EA%B8%B0%EB%9E%91%20%EC%88%98%EC%98%81%EC%9E%A5,family:1.0;baby:1.0;parking:1.0;nursing_room:1.0;강서구;아기랑 수영장,2026-08-22 20:34:25,pool:1.0;water:1.0;outdoor:0.9,2,85
네이버 장소검색 | 서울 강서구,자연친화,슈퍼스타스위밍아카데미 마곡센터수영장,상시,영유아 및 어린이 (0세~9세),서울 강서구 슈퍼스타스위밍아카데미 마곡센터수영장,무료/유료 (플레이스 참조),서울 강서구에 위치한 인기 아기랑 수영장 명소인 [슈퍼스타스위밍아카데미 마곡센터수영장]입니다.,https://search.naver.com/search.naver?where=nexearch&query=%EC%84%9C%EC%9A%B8%20%EA%B0%95%EC%84%9C%EA%B5%AC%20%EC%95%84%EA%B8%B0%EB%9E%91%20%EC%88%98%EC%98%81%EC%9E%A5,family:1.0;baby:1.0;parking:1.0;nursing_room:1.0;강서구;아기랑 수영장,2026-08-22 20:34:25,pool:1.0;water:1.0;outdoor:0.9,2,85
네이버 장소검색 | 서울 강서구,자연친화,스위밍고 어린이수영장,상시,영유아 및 어린이 (0세~9세),서울 강서구 스위밍고 어린이수영장,무료/유료 (플레이스 참조),서울 강서구에 위치한 인기 아기랑 수영장 명소인 [스위밍고 어린이수영장]입니다.,https://search.naver.com/search.naver?where=nexearch&query=%EC%84%9C%EC%9A%B8%20%EA%B0%95%EC%84%9C%EA%B5%AC%20%EC%95%84%EA%B8%B0%EB%9E%91%20%EC%88%98%EC%98%81%EC%9E%A5,family:1.0;baby:1.0;parking:1.0;nursing_room:1.0;강서구;아기랑 수영장,2026-08-22 20:34:25,pool:1.0;water:1.0;outdoor:0.9,2,85
네이버 장소검색 | 서울 강서구,자연친화,엠스타휘트니스수영장,상시,영유아 및 어린이 (0세~9세),서울 강서구 엠스타휘트니스수영장,무료/유료 (플레이스 참조),서울 강서구에 위치한 인기 아기랑 수영장 명소인 [엠스타휘트니스수영장]입니다.,https://search.naver.com/search.naver?where=nexearch&query=%EC%84%9C%EC%9A%B8%20%EA%B0%95%EC%84%9C%EA%B5%AC%20%EC%95%84%EA%B8%B0%EB%9E%91%20%EC%88%98%EC%98%81%EC%9E%A5,family:1.0;baby:1.0;parking:1.0;nursing_room:1.0;강서구;아기랑 수영장,2026-08-22 20:34:25,pool:1.0;water:1.0;outdoor:0.9,2,85
네이버 장소검색 | 서울 강서구,자연친화,"메이필드 호텔서울뷔페 조식,",상시,영유아 및 어린이 (0세~9세),"서울 강서구 메이필드 호텔서울뷔페 조식,",무료/유료 (플레이스 참조),"서울 강서구에 위치한 인기 아기랑 수영장 명소인 [메이필드 호텔서울뷔페 조식,]입니다.",https://search.naver.com/search.naver?where=nexearch&query=%EC%84%9C%EC%9A%B8%20%EA%B0%95%EC%84%9C%EA%B5%AC%20%EC%95%84%EA%B8%B0%EB%9E%91%20%EC%88%98%EC%98%81%EC%9E%A5,family:1.0;baby:1.0;parking:1.0;nursing_room:1.0;강서구;아기랑 수영장,2026-08-22 20:34:25,pool:1.0;water:1.0;outdoor:0.9,2,85
네이버 장소검색 | 서울 강서구,자연친화,메이필드호텔서울10개월아기랑호캉스ㅣ,상시,영유아 및 어린이 (0세~9세),서울 강서구 메이필드호텔서울10개월아기랑호캉스ㅣ,무료/유료 (플레이스 참조),서울 강서구에 위치한 인기 아기랑 수영장 명소인 [메이필드호텔서울10개월아기랑호캉스ㅣ]입니다.,https://search.naver.com/search.naver?where=nexearch&query=%EC%84%9C%EC%9A%B8%20%EA%B0%95%EC%84%9C%EA%B5%AC%20%EC%95%84%EA%B8%B0%EB%9E%91%20%EC%88%98%EC%98%81%EC%9E%A5,family:1.0;baby:1.0;parking:1.0;nursing_room:1.0;강서구;아기랑 수영장,2026-08-22 20:34:25,pool:1.0;water:1.0;outdoor:0.9,2,85
네이버 장소검색 | 서울 강서구,자연친화,마곡광장공원,상시,영유아 및 어린이 (0세~9세),서울 강서구 마곡광장공원,무료/유료 (플레이스 참조),서울 강서구에 위치한 인기 아기랑 공원 명소인 [마곡광장공원]입니다.,https://search.naver.com/search.naver?where=nexearch&query=%EC%84%9C%EC%9A%B8%20%EA%B0%95%EC%84%9C%EA%B5%AC%20%EC%95%84%EA%B8%B0%EB%9E%91%20%EA%B3%B5%EC%9B%90,family:1.0;baby:1.0;parking:1.0;nursing_room:1.0;강서구;아기랑 공원,2026-08-22 20:34:25,park:1.0;picnic:1.0;nature:1.0,2,85
네이버 장소검색 | 서울 강서구,자연친화,방화공원,상시,영유아 및 어린이 (0세~9세),서울 강서구 방화공원,무료/유료 (플레이스 참조),서울 강서구에 위치한 인기 아기랑 공원 명소인 [방화공원]입니다.,https://search.naver.com/search.naver?where=nexearch&query=%EC%84%9C%EC%9A%B8%20%EA%B0%95%EC%84%9C%EA%B5%AC%20%EC%95%84%EA%B8%B0%EB%9E%91%20%EA%B3%B5%EC%9B%90,family:1.0;baby:1.0;parking:1.0;nursing_room:1.0;강서구;아기랑 공원,2026-08-22 20:34:25,park:1.0;picnic:1.0;nature:1.0,2,85
네이버 장소검색 | 서울 강서구,자연친화,황금내공원,상시,영유아 및 어린이 (0세~9세),서울 강서구 황금내공원,무료/유료 (플레이스 참조),서울 강서구에 위치한 인기 아기랑 공원 명소인 [황금내공원]입니다.,https://search.naver.com/search.naver?where=nexearch&query=%EC%84%9C%EC%9A%B8%20%EA%B0%95%EC%84%9C%EA%B5%AC%20%EC%95%84%EA%B8%B0%EB%9E%91%20%EA%B3%B5%EC%9B%90,family:1.0;baby:1.0;parking:1.0;nursing_room:1.0;강서구;아기랑 공원,2026-08-22 20:34:25,park:1.0;picnic:1.0;nature:1.0,2,85
네이버 장소검색 | 서울 강서구,자연친화,서남물재생센터공원공원,상시,영유아 및 어린이 (0세~9세),서울 강서구 서남물재생센터공원공원,무료/유료 (플레이스 참조),서울 강서구에 위치한 인기 아기랑 공원 명소인 [서남물재생센터공원공원]입니다.,https://search.naver.com/search.naver?where=nexearch&query=%EC%84%9C%EC%9A%B8%20%EA%B0%95%EC%84%9C%EA%B5%AC%20%EC%95%84%EA%B8%B0%EB%9E%91%20%EA%B3%B5%EC%9B%90,family:1.0;baby:1.0;parking:1.0;nursing_room:1.0;강서구;아기랑 공원,2026-08-22 20:34:25,park:1.0;picnic:1.0;nature:1.0,2,85
네이버 장소검색 | 서울 강서구,자연친화,허준공원,상시,영유아 및 어린이 (0세~9세),서울 강서구 허준공원,무료/유료 (플레이스 참조),서울 강서구에 위치한 인기 아기랑 공원 명소인 [허준공원]입니다.,https://search.naver.com/search.naver?where=nexearch&query=%EC%84%9C%EC%9A%B8%20%EA%B0%95%EC%84%9C%EA%B5%AC%20%EC%95%84%EA%B8%B0%EB%9E%91%20%EA%B3%B5%EC%9B%90,family:1.0;baby:1.0;parking:1.0;nursing_room:1.0;강서구;아기랑 공원,2026-08-22 20:34:25,park:1.0;picnic:1.0;nature:1.0,2,85
네이버 장소검색 | 서울 강서구,자연친화,배다리공원공원,상시,영유아 및 어린이 (0세~9세),서울 강서구 배다리공원공원,무료/유료 (플레이스 참조),서울 강서구에 위치한 인기 아기랑 공원 명소인 [배다리공원공원]입니다.,https://search.naver.com/search.naver?where=nexearch&query=%EC%84%9C%EC%9A%B8%20%EA%B0%95%EC%84%9C%EA%B5%AC%20%EC%95%84%EA%B8%B0%EB%9E%91%20%EA%B3%B5%EC%9B%90,family:1.0;baby:1.0;parking:1.0;nursing_room:1.0;강서구;아기랑 공원,2026-08-22 20:34:25,park:1.0;picnic:1.0;nature:1.0,2,85
네이버 장소검색 | 서울 강서구,자연친화,봉제산공원,상시,영유아 및 어린이 (0세~9세),서울 강서구 봉제산공원,무료/유료 (플레이스 참조),서울 강서구에 위치한 인기 아기랑 공원 명소인 [봉제산공원]입니다.,https://search.naver.com/search.naver?where=nexearch&query=%EC%84%9C%EC%9A%B8%20%EA%B0%95%EC%84%9C%EA%B5%AC%20%EC%95%84%EA%B8%B0%EB%9E%91%20%EA%B3%B5%EC%9B%90,family:1.0;baby:1.0;parking:1.0;nursing_room:1.0;강서구;아기랑 공원,2026-08-22 20:34:25,park:1.0;picnic:1.0;nature:1.0,2,85
네이버 장소검색 | 서울 강서구,자연친화,우장산공원,상시,영유아 및 어린이 (0세~9세),서울 강서구 우장산공원,무료/유료 (플레이스 참조),서울 강서구에 위치한 인기 아기랑 공원 명소인 [우장산공원]입니다.,https://search.naver.com/search.naver?where=nexearch&query=%EC%84%9C%EC%9A%B8%20%EA%B0%95%EC%84%9C%EA%B5%AC%20%EC%95%84%EA%B8%B0%EB%9E%91%20%EA%B3%B5%EC%9B%90,family:1.0;baby:1.0;parking:1.0;nursing_room:1.0;강서구;아기랑 공원,2026-08-22 20:34:25,park:1.0;picnic:1.0;nature:1.0,2,85
네이버 장소검색 | 서울 강서구,자연친화,서울아기랑예약제 무료체험 *서울물재생체험관 *,상시,영유아 및 어린이 (0세~9세),서울 강서구 서울아기랑예약제 무료체험 *서울물재생체험관 *,무료/유료 (플레이스 참조),서울 강서구에 위치한 인기 아기랑 물놀이터 명소인 [서울아기랑예약제 무료체험 *서울물재생체험관 *]입니다.,https://search.naver.com/search.naver?where=nexearch&query=%EC%84%9C%EC%9A%B8%20%EA%B0%95%EC%84%9C%EA%B5%AC%20%EC%95%84%EA%B8%B0%EB%9E%91%20%EB%AC%BC%EB%86%80%EC%9D%B4%ED%84%B0,family:1.0;baby:1.0;parking:1.0;nursing_room:1.0;강서구;아기랑 물놀이터,2026-08-22 20:34:25,water:1.0;outdoor:1.0;picnic:0.8,2,85
네이버 장소검색 | 서울 강서구,자연친화,정말 간다하면,상시,영유아 및 어린이 (0세~9세),서울 강서구 정말 간다하면,무료/유료 (플레이스 참조),서울 강서구에 위치한 인기 아기랑 물놀이터 명소인 [정말 간다하면]입니다.,https://search.naver.com/search.naver?where=nexearch&query=%EC%84%9C%EC%9A%B8%20%EA%B0%95%EC%84%9C%EA%B5%AC%20%EC%95%84%EA%B8%B0%EB%9E%91%20%EB%AC%BC%EB%86%80%EC%9D%B4%ED%84%B0,family:1.0;baby:1.0;parking:1.0;nursing_room:1.0;강서구;아기랑 물놀이터,2026-08-22 20:34:25,water:1.0;outdoor:1.0;picnic:0.8,2,85
네이버 장소검색 | 서울 강서구,문화생활,보름산미술관 카페,상시,영유아 및 어린이 (0세~9세),서울 강서구 보름산미술관 카페,무료/유료 (플레이스 참조),서울 강서구에 위치한 인기 아기랑 미술 명소인 [보름산미술관 카페]입니다.,https://search.naver.com/search.naver?where=nexearch&query=%EC%84%9C%EC%9A%B8%20%EA%B0%95%EC%84%9C%EA%B5%AC%20%EC%95%84%EA%B8%B0%EB%9E%91%20%EB%AF%B8%EC%88%A0,family:1.0;baby:1.0;parking:1.0;nursing_room:1.0;강서구;아기랑 미술,2026-08-22 20:34:25,drawing:1.0;art:1.0;experience:1.0,2,85
네이버 장소검색 | 서울 강서구,가족체험,어깨동무스토리움박물관,상시,영유아 및 어린이 (0세~9세),서울 강서구 어깨동무스토리움박물관,무료/유료 (플레이스 참조),서울 강서구에 위치한 인기 아기랑 어린이박물관 명소인 [어깨동무스토리움박물관]입니다.,https://search.naver.com/search.naver?where=nexearch&query=%EC%84%9C%EC%9A%B8%20%EA%B0%95%EC%84%9C%EA%B5%AC%20%EC%95%84%EA%B8%B0%EB%9E%91%20%EC%96%B4%EB%A6%B0%EC%9D%B4%EB%B0%95%EB%AC%BC%EA%B4%80,family:1.0;baby:1.0;parking:1.0;nursing_room:1.0;강서구;아기랑 어린이박물관,2026-08-22 20:34:25,museum:1.0;hands_on:1.0;experience:1.0,2,85
네이버 장소검색 | 서울 관악구,사설키즈카페,퐁퐁플라워 롯데백화점 관악센터,상시,영유아 및 어린이 (0세~9세),서울 관악구 퐁퐁플라워 롯데백화점 관악센터,무료/유료 (플레이스 참조),서울 관악구에 위치한 인기 아기랑 키즈카페 명소인 [퐁퐁플라워 롯데백화점 관악센터]입니다.,https://search.naver.com/search.naver?where=nexearch&query=%EC%84%9C%EC%9A%B8%20%EA%B4%80%EC%95%85%EA%B5%AC%20%EC%95%84%EA%B8%B0%EB%9E%91%20%ED%82%A4%EC%A6%88%EC%B9%B4%ED%8E%98,family:1.0;baby:1.0;parking:1.0;nursing_room:1.0;관악구;아기랑 키즈카페,2026-08-22 20:34:25,toddler:1.0;indoor:0.9;play:1.0,2,85
네이버 장소검색 | 서울 관악구,사설키즈카페,라이크 라이크 FOR YOU,상시,영유아 및 어린이 (0세~9세),서울 관악구 라이크 라이크 FOR YOU,무료/유료 (플레이스 참조),서울 관악구에 위치한 인기 아기랑 키즈카페 명소인 [라이크 라이크 FOR YOU]입니다.,https://search.naver.com/search.naver?where=nexearch&query=%EC%84%9C%EC%9A%B8%20%EA%B4%80%EC%95%85%EA%B5%AC%20%EC%95%84%EA%B8%B0%EB%9E%91%20%ED%82%A4%EC%A6%88%EC%B9%B4%ED%8E%98,family:1.0;baby:1.0;parking:1.0;nursing_room:1.0;관악구;아기랑 키즈카페,2026-08-22 20:34:25,toddler:1.0;indoor:0.9;play:1.0,2,85
네이버 장소검색 | 서울 관악구,사설키즈카페,라이크 라이크 THANK YOU,상시,영유아 및 어린이 (0세~9세),서울 관악구 라이크 라이크 THANK YOU,무료/유료 (플레이스 참조),서울 관악구에 위치한 인기 아기랑 키즈카페 명소인 [라이크 라이크 THANK YOU]입니다.,https://search.naver.com/search.naver?where=nexearch&query=%EC%84%9C%EC%9A%B8%20%EA%B4%80%EC%95%85%EA%B5%AC%20%EC%95%84%EA%B8%B0%EB%9E%91%20%ED%82%A4%EC%A6%88%EC%B9%B4%ED%8E%98,family:1.0;baby:1.0;parking:1.0;nursing_room:1.0;관악구;아기랑 키즈카페,2026-08-22 20:34:25,toddler:1.0;indoor:0.9;play:1.0,2,85
네이버 장소검색 | 서울 관악구,사설키즈카페,꿀잼키즈룸 관악점,상시,영유아 및 어린이 (0세~9세),서울 관악구 꿀잼키즈룸 관악점,무료/유료 (플레이스 참조),서울 관악구에 위치한 인기 아기랑 키즈카페 명소인 [꿀잼키즈룸 관악점]입니다.,https://search.naver.com/search.naver?where=nexearch&query=%EC%84%9C%EC%9A%B8%20%EA%B4%80%EC%95%85%EA%B5%AC%20%EC%95%84%EA%B8%B0%EB%9E%91%20%ED%82%A4%EC%A6%88%EC%B9%B4%ED%8E%98,family:1.0;baby:1.0;parking:1.0;nursing_room:1.0;관악구;아기랑 키즈카페,2026-08-22 20:34:25,toddler:1.0;indoor:0.9;play:1.0,2,85
네이버 장소검색 | 서울 관악구,사설키즈카페,도토리숲 신림점,상시,영유아 및 어린이 (0세~9세),서울 관악구 도토리숲 신림점,무료/유료 (플레이스 참조),서울 관악구에 위치한 인기 아기랑 키즈카페 명소인 [도토리숲 신림점]입니다.,https://search.naver.com/search.naver?where=nexearch&query=%EC%84%9C%EC%9A%B8%20%EA%B4%80%EC%95%85%EA%B5%AC%20%EC%95%84%EA%B8%B0%EB%9E%91%20%ED%82%A4%EC%A6%88%EC%B9%B4%ED%8E%98,family:1.0;baby:1.0;parking:1.0;nursing_room:1.0;관악구;아기랑 키즈카페,2026-08-22 20:34:25,toddler:1.0;indoor:0.9;play:1.0,2,85
네이버 장소검색 | 서울 관악구,공공키즈카페,서울형키즈카페 관악구행운동점,상시,영유아 및 어린이 (0세~9세),서울 관악구 서울형키즈카페 관악구행운동점,무료/유료 (플레이스 참조),서울 관악구에 위치한 인기 아기랑 키즈카페 명소인 [서울형키즈카페 관악구행운동점]입니다.,https://search.naver.com/search.naver?where=nexearch&query=%EC%84%9C%EC%9A%B8%20%EA%B4%80%EC%95%85%EA%B5%AC%20%EC%95%84%EA%B8%B0%EB%9E%91%20%ED%82%A4%EC%A6%88%EC%B9%B4%ED%8E%98,family:1.0;baby:1.0;parking:1.0;nursing_room:1.0;관악구;아기랑 키즈카페,2026-08-22 20:34:25,toddler:1.0;indoor:0.9;play:1.0,2,85
네이버 장소검색 | 서울 관악구,사설키즈카페,서울시 봉천동,상시,영유아 및 어린이 (0세~9세),서울 관악구 서울시 봉천동,무료/유료 (플레이스 참조),서울 관악구에 위치한 인기 아기랑 키즈카페 명소인 [서울시 봉천동]입니다.,https://search.naver.com/search.naver?where=nexearch&query=%EC%84%9C%EC%9A%B8%20%EA%B4%80%EC%95%85%EA%B5%AC%20%EC%95%84%EA%B8%B0%EB%9E%91%20%ED%82%A4%EC%A6%88%EC%B9%B4%ED%8E%98,family:1.0;baby:1.0;parking:1.0;nursing_room:1.0;관악구;아기랑 키즈카페,2026-08-22 20:34:25,toddler:1.0;indoor:0.9;play:1.0,2,85
네이버 장소검색 | 서울 관악구,자연친화,신림계곡,상시,영유아 및 어린이 (0세~9세),서울 관악구 신림계곡,무료/유료 (플레이스 참조),서울 관악구에 위치한 인기 아기랑 계곡 명소인 [신림계곡]입니다.,https://search.naver.com/search.naver?where=nexearch&query=%EC%84%9C%EC%9A%B8%20%EA%B4%80%EC%95%85%EA%B5%AC%20%EC%95%84%EA%B8%B0%EB%9E%91%20%EA%B3%84%EA%B3%A1,family:1.0;baby:1.0;parking:1.0;nursing_room:1.0;관악구;아기랑 계곡,2026-08-22 20:34:25,valley:1.0;nature:1.0;water:1.0,2,85
네이버 장소검색 | 서울 관악구,자연친화,칠성당계곡,상시,영유아 및 어린이 (0세~9세),서울 관악구 칠성당계곡,무료/유료 (플레이스 참조),서울 관악구에 위치한 인기 아기랑 계곡 명소인 [칠성당계곡]입니다.,https://search.naver.com/search.naver?where=nexearch&query=%EC%84%9C%EC%9A%B8%20%EA%B4%80%EC%95%85%EA%B5%AC%20%EC%95%84%EA%B8%B0%EB%9E%91%20%EA%B3%84%EA%B3%A1,family:1.0;baby:1.0;parking:1.0;nursing_room:1.0;관악구;아기랑 계곡,2026-08-22 20:34:25,valley:1.0;nature:1.0;water:1.0,2,85
네이버 장소검색 | 서울 관악구,자연친화,삼막사계곡,상시,영유아 및 어린이 (0세~9세),서울 관악구 삼막사계곡,무료/유료 (플레이스 참조),서울 관악구에 위치한 인기 아기랑 계곡 명소인 [삼막사계곡]입니다.,https://search.naver.com/search.naver?where=nexearch&query=%EC%84%9C%EC%9A%B8%20%EA%B4%80%EC%95%85%EA%B5%AC%20%EC%95%84%EA%B8%B0%EB%9E%91%20%EA%B3%84%EA%B3%A1,family:1.0;baby:1.0;parking:1.0;nursing_room:1.0;관악구;아기랑 계곡,2026-08-22 20:34:25,valley:1.0;nature:1.0;water:1.0,2,85
네이버 장소검색 | 서울 관악구,자연친화,문원계곡,상시,영유아 및 어린이 (0세~9세),서울 관악구 문원계곡,무료/유료 (플레이스 참조),서울 관악구에 위치한 인기 아기랑 계곡 명소인 [문원계곡]입니다.,https://search.naver.com/search.naver?where=nexearch&query=%EC%84%9C%EC%9A%B8%20%EA%B4%80%EC%95%85%EA%B5%AC%20%EC%95%84%EA%B8%B0%EB%9E%91%20%EA%B3%84%EA%B3%A1,family:1.0;baby:1.0;parking:1.0;nursing_room:1.0;관악구;아기랑 계곡,2026-08-22 20:34:25,valley:1.0;nature:1.0;water:1.0,2,85
네이버 장소검색 | 서울 관악구,자연친화,넘버원수영이야기수영장,상시,영유아 및 어린이 (0세~9세),서울 관악구 넘버원수영이야기수영장,무료/유료 (플레이스 참조),서울 관악구에 위치한 인기 아기랑 수영장 명소인 [넘버원수영이야기수영장]입니다.,https://search.naver.com/search.naver?where=nexearch&query=%EC%84%9C%EC%9A%B8%20%EA%B4%80%EC%95%85%EA%B5%AC%20%EC%95%84%EA%B8%B0%EB%9E%91%20%EC%88%98%EC%98%81%EC%9E%A5,family:1.0;baby:1.0;parking:1.0;nursing_room:1.0;관악구;아기랑 수영장,2026-08-22 20:34:25,pool:1.0;water:1.0;outdoor:0.9,2,85
네이버 장소검색 | 서울 관악구,자연친화,아쿠아플럭스 스윔 스튜디오수영장,상시,영유아 및 어린이 (0세~9세),서울 관악구 아쿠아플럭스 스윔 스튜디오수영장,무료/유료 (플레이스 참조),서울 관악구에 위치한 인기 아기랑 수영장 명소인 [아쿠아플럭스 스윔 스튜디오수영장]입니다.,https://search.naver.com/search.naver?where=nexearch&query=%EC%84%9C%EC%9A%B8%20%EA%B4%80%EC%95%85%EA%B5%AC%20%EC%95%84%EA%B8%B0%EB%9E%91%20%EC%88%98%EC%98%81%EC%9E%A5,family:1.0;baby:1.0;parking:1.0;nursing_room:1.0;관악구;아기랑 수영장,2026-08-22 20:34:25,pool:1.0;water:1.0;outdoor:0.9,2,85
네이버 장소검색 | 서울 관악구,자연친화,관악산공원 물놀이장수영장,상시,영유아 및 어린이 (0세~9세),서울 관악구 관악산공원 물놀이장수영장,무료/유료 (플레이스 참조),서울 관악구에 위치한 인기 아기랑 수영장 명소인 [관악산공원 물놀이장수영장]입니다.,https://search.naver.com/search.naver?where=nexearch&query=%EC%84%9C%EC%9A%B8%20%EA%B4%80%EC%95%85%EA%B5%AC%20%EC%95%84%EA%B8%B0%EB%9E%91%20%EC%88%98%EC%98%81%EC%9E%A5,family:1.0;baby:1.0;parking:1.0;nursing_room:1.0;관악구;아기랑 수영장,2026-08-22 20:34:25,pool:1.0;water:1.0;outdoor:0.9,2,85
네이버 장소검색 | 서울 관악구,자연친화,몬스터키즈풀수영장,상시,영유아 및 어린이 (0세~9세),서울 관악구 몬스터키즈풀수영장,무료/유료 (플레이스 참조),서울 관악구에 위치한 인기 아기랑 수영장 명소인 [몬스터키즈풀수영장]입니다.,https://search.naver.com/search.naver?where=nexearch&query=%EC%84%9C%EC%9A%B8%20%EA%B4%80%EC%95%85%EA%B5%AC%20%EC%95%84%EA%B8%B0%EB%9E%91%20%EC%88%98%EC%98%81%EC%9E%A5,family:1.0;baby:1.0;parking:1.0;nursing_room:1.0;관악구;아기랑 수영장,2026-08-22 20:34:25,pool:1.0;water:1.0;outdoor:0.9,2,85
네이버 장소검색 | 서울 관악구,자연친화,신림체육센터수영장,상시,영유아 및 어린이 (0세~9세),서울 관악구 신림체육센터수영장,무료/유료 (플레이스 참조),서울 관악구에 위치한 인기 아기랑 수영장 명소인 [신림체육센터수영장]입니다.,https://search.naver.com/search.naver?where=nexearch&query=%EC%84%9C%EC%9A%B8%20%EA%B4%80%EC%95%85%EA%B5%AC%20%EC%95%84%EA%B8%B0%EB%9E%91%20%EC%88%98%EC%98%81%EC%9E%A5,family:1.0;baby:1.0;parking:1.0;nursing_room:1.0;관악구;아기랑 수영장,2026-08-22 20:34:25,pool:1.0;water:1.0;outdoor:0.9,2,85
네이버 장소검색 | 서울 관악구,자연친화,도림천물놀이장수영장,상시,영유아 및 어린이 (0세~9세),서울 관악구 도림천물놀이장수영장,무료/유료 (플레이스 참조),서울 관악구에 위치한 인기 아기랑 수영장 명소인 [도림천물놀이장수영장]입니다.,https://search.naver.com/search.naver?where=nexearch&query=%EC%84%9C%EC%9A%B8%20%EA%B4%80%EC%95%85%EA%B5%AC%20%EC%95%84%EA%B8%B0%EB%9E%91%20%EC%88%98%EC%98%81%EC%9E%A5,family:1.0;baby:1.0;parking:1.0;nursing_room:1.0;관악구;아기랑 수영장,2026-08-22 20:34:25,pool:1.0;water:1.0;outdoor:0.9,2,85
네이버 장소검색 | 서울 관악구,자연친화,동작구아기랑숲놀이터 상도공원,상시,영유아 및 어린이 (0세~9세),서울 관악구 동작구아기랑숲놀이터 상도공원,무료/유료 (플레이스 참조),서울 관악구에 위치한 인기 아기랑 모래놀이 명소인 [동작구아기랑숲놀이터 상도공원]입니다.,https://search.naver.com/search.naver?where=nexearch&query=%EC%84%9C%EC%9A%B8%20%EA%B4%80%EC%95%85%EA%B5%AC%20%EC%95%84%EA%B8%B0%EB%9E%91%20%EB%AA%A8%EB%9E%98%EB%86%80%EC%9D%B4,family:1.0;baby:1.0;parking:1.0;nursing_room:1.0;관악구;아기랑 모래놀이,2026-08-22 20:34:25,sand:1.0;nature:1.0;play:0.9,2,85
네이버 장소검색 | 서울 관악구,자연친화,BABY | 육아기록 동작구아기랑숲놀이터 상도공원,상시,영유아 및 어린이 (0세~9세),서울 관악구 BABY | 육아기록 동작구아기랑숲놀이터 상도공원,무료/유료 (플레이스 참조),서울 관악구에 위치한 인기 아기랑 모래놀이 명소인 [BABY | 육아기록 동작구아기랑숲놀이터 상도공원]입니다.,https://search.naver.com/search.naver?where=nexearch&query=%EC%84%9C%EC%9A%B8%20%EA%B4%80%EC%95%85%EA%B5%AC%20%EC%95%84%EA%B8%B0%EB%9E%91%20%EB%AA%A8%EB%9E%98%EB%86%80%EC%9D%B4,family:1.0;baby:1.0;parking:1.0;nursing_room:1.0;관악구;아기랑 모래놀이,2026-08-22 20:34:25,sand:1.0;nature:1.0;play:0.9,2,85
네이버 장소검색 | 서울 관악구,자연친화,서울서남권을,상시,영유아 및 어린이 (0세~9세),서울 관악구 서울서남권을,무료/유료 (플레이스 참조),서울 관악구에 위치한 인기 아기랑 모래놀이 명소인 [서울서남권을]입니다.,https://search.naver.com/search.naver?where=nexearch&query=%EC%84%9C%EC%9A%B8%20%EA%B4%80%EC%95%85%EA%B5%AC%20%EC%95%84%EA%B8%B0%EB%9E%91%20%EB%AA%A8%EB%9E%98%EB%86%80%EC%9D%B4,family:1.0;baby:1.0;parking:1.0;nursing_room:1.0;관악구;아기랑 모래놀이,2026-08-22 20:34:25,sand:1.0;nature:1.0;play:0.9,2,85
네이버 장소검색 | 서울 관악구,자연친화,마음을 읽어주는모래놀이체험(일대일),상시,영유아 및 어린이 (0세~9세),서울 관악구 마음을 읽어주는모래놀이체험(일대일),무료/유료 (플레이스 참조),서울 관악구에 위치한 인기 아기랑 모래놀이 명소인 [마음을 읽어주는모래놀이체험(일대일)]입니다.,https://search.naver.com/search.naver?where=nexearch&query=%EC%84%9C%EC%9A%B8%20%EA%B4%80%EC%95%85%EA%B5%AC%20%EC%95%84%EA%B8%B0%EB%9E%91%20%EB%AA%A8%EB%9E%98%EB%86%80%EC%9D%B4,family:1.0;baby:1.0;parking:1.0;nursing_room:1.0;관악구;아기랑 모래놀이,2026-08-22 20:34:25,sand:1.0;nature:1.0;play:0.9,2,85
네이버 장소검색 | 서울 관악구,자연친화,릴리 모래놀이 심리상담소,상시,영유아 및 어린이 (0세~9세),서울 관악구 릴리 모래놀이 심리상담소,무료/유료 (플레이스 참조),서울 관악구에 위치한 인기 아기랑 모래놀이 명소인 [릴리 모래놀이 심리상담소]입니다.,https://search.naver.com/search.naver?where=nexearch&query=%EC%84%9C%EC%9A%B8%20%EA%B4%80%EC%95%85%EA%B5%AC%20%EC%95%84%EA%B8%B0%EB%9E%91%20%EB%AA%A8%EB%9E%98%EB%86%80%EC%9D%B4,family:1.0;baby:1.0;parking:1.0;nursing_room:1.0;관악구;아기랑 모래놀이,2026-08-22 20:34:25,sand:1.0;nature:1.0;play:0.9,2,85
네이버 장소검색 | 서울 관악구,자연친화,"낙성대공원도시,공원",상시,영유아 및 어린이 (0세~9세),"서울 관악구 낙성대공원도시,공원",무료/유료 (플레이스 참조),"서울 관악구에 위치한 인기 아기랑 공원 명소인 [낙성대공원도시,공원]입니다.",https://search.naver.com/search.naver?where=nexearch&query=%EC%84%9C%EC%9A%B8%20%EA%B4%80%EC%95%85%EA%B5%AC%20%EC%95%84%EA%B8%B0%EB%9E%91%20%EA%B3%B5%EC%9B%90,family:1.0;baby:1.0;parking:1.0;nursing_room:1.0;관악구;아기랑 공원,2026-08-22 20:34:25,park:1.0;picnic:1.0;nature:1.0,2,85
네이버 장소검색 | 서울 관악구,자연친화,관악산으뜸공원공원,상시,영유아 및 어린이 (0세~9세),서울 관악구 관악산으뜸공원공원,무료/유료 (플레이스 참조),서울 관악구에 위치한 인기 아기랑 공원 명소인 [관악산으뜸공원공원]입니다.,https://search.naver.com/search.naver?where=nexearch&query=%EC%84%9C%EC%9A%B8%20%EA%B4%80%EC%95%85%EA%B5%AC%20%EC%95%84%EA%B8%B0%EB%9E%91%20%EA%B3%B5%EC%9B%90,family:1.0;baby:1.0;parking:1.0;nursing_room:1.0;관악구;아기랑 공원,2026-08-22 20:34:25,park:1.0;picnic:1.0;nature:1.0,2,85
네이버 장소검색 | 서울 관악구,자연친화,"관악산호수공원도시,공원",상시,영유아 및 어린이 (0세~9세),"서울 관악구 관악산호수공원도시,공원",무료/유료 (플레이스 참조),"서울 관악구에 위치한 인기 아기랑 공원 명소인 [관악산호수공원도시,공원]입니다.",https://search.naver.com/search.naver?where=nexearch&query=%EC%84%9C%EC%9A%B8%20%EA%B4%80%EC%95%85%EA%B5%AC%20%EC%95%84%EA%B8%B0%EB%9E%91%20%EA%B3%B5%EC%9B%90,family:1.0;baby:1.0;parking:1.0;nursing_room:1.0;관악구;아기랑 공원,2026-08-22 20:34:25,park:1.0;picnic:1.0;nature:1.0,2,85
네이버 장소검색 | 서울 관악구,자연친화,"관악산자연공원자연,생태공원",상시,영유아 및 어린이 (0세~9세),"서울 관악구 관악산자연공원자연,생태공원",무료/유료 (플레이스 참조),"서울 관악구에 위치한 인기 아기랑 공원 명소인 [관악산자연공원자연,생태공원]입니다.",https://search.naver.com/search.naver?where=nexearch&query=%EC%84%9C%EC%9A%B8%20%EA%B4%80%EC%95%85%EA%B5%AC%20%EC%95%84%EA%B8%B0%EB%9E%91%20%EA%B3%B5%EC%9B%90,family:1.0;baby:1.0;parking:1.0;nursing_room:1.0;관악구;아기랑 공원,2026-08-22 20:34:25,park:1.0;picnic:1.0;nature:1.0,2,85
네이버 장소검색 | 서울 관악구,자연친화,관악산샘말공원공원,상시,영유아 및 어린이 (0세~9세),서울 관악구 관악산샘말공원공원,무료/유료 (플레이스 참조),서울 관악구에 위치한 인기 아기랑 공원 명소인 [관악산샘말공원공원]입니다.,https://search.naver.com/search.naver?where=nexearch&query=%EC%84%9C%EC%9A%B8%20%EA%B4%80%EC%95%85%EA%B5%AC%20%EC%95%84%EA%B8%B0%EB%9E%91%20%EA%B3%B5%EC%9B%90,family:1.0;baby:1.0;parking:1.0;nursing_room:1.0;관악구;아기랑 공원,2026-08-22 20:34:25,park:1.0;picnic:1.0;nature:1.0,2,85
네이버 장소검색 | 서울 관악구,자연친화,"관악산생태공원자연,생태공원",상시,영유아 및 어린이 (0세~9세),"서울 관악구 관악산생태공원자연,생태공원",무료/유료 (플레이스 참조),"서울 관악구에 위치한 인기 아기랑 공원 명소인 [관악산생태공원자연,생태공원]입니다.",https://search.naver.com/search.naver?where=nexearch&query=%EC%84%9C%EC%9A%B8%20%EA%B4%80%EC%95%85%EA%B5%AC%20%EC%95%84%EA%B8%B0%EB%9E%91%20%EA%B3%B5%EC%9B%90,family:1.0;baby:1.0;parking:1.0;nursing_room:1.0;관악구;아기랑 공원,2026-08-22 20:34:25,park:1.0;picnic:1.0;nature:1.0,2,85
네이버 장소검색 | 서울 관악구,자연친화,22개월아기랑동작구관악구숲놀이터 ‘상도공원,상시,영유아 및 어린이 (0세~9세),서울 관악구 22개월아기랑동작구관악구숲놀이터 ‘상도공원,무료/유료 (플레이스 참조),서울 관악구에 위치한 인기 아기랑 공원 명소인 [22개월아기랑동작구관악구숲놀이터 ‘상도공원]입니다.,https://search.naver.com/search.naver?where=nexearch&query=%EC%84%9C%EC%9A%B8%20%EA%B4%80%EC%95%85%EA%B5%AC%20%EC%95%84%EA%B8%B0%EB%9E%91%20%EA%B3%B5%EC%9B%90,family:1.0;baby:1.0;parking:1.0;nursing_room:1.0;관악구;아기랑 공원,2026-08-22 20:34:25,park:1.0;picnic:1.0;nature:1.0,2,85
네이버 장소검색 | 서울 관악구,가족체험,아트샘터미술전문 취업사이트,상시,영유아 및 어린이 (0세~9세),서울 관악구 아트샘터미술전문 취업사이트,무료/유료 (플레이스 참조),서울 관악구에 위치한 인기 아기랑 미술 명소인 [아트샘터미술전문 취업사이트]입니다.,https://search.naver.com/search.naver?where=nexearch&query=%EC%84%9C%EC%9A%B8%20%EA%B4%80%EC%95%85%EA%B5%AC%20%EC%95%84%EA%B8%B0%EB%9E%91%20%EB%AF%B8%EC%88%A0,family:1.0;baby:1.0;parking:1.0;nursing_room:1.0;관악구;아기랑 미술,2026-08-22 20:34:25,drawing:1.0;art:1.0;experience:1.0,2,85
네이버 장소검색 | 서울 관악구,가족체험,무료미술전문 취업사이트미술선생님 취업,상시,영유아 및 어린이 (0세~9세),서울 관악구 무료미술전문 취업사이트미술선생님 취업,무료/유료 (플레이스 참조),서울 관악구에 위치한 인기 아기랑 미술 명소인 [무료미술전문 취업사이트미술선생님 취업]입니다.,https://search.naver.com/search.naver?where=nexearch&query=%EC%84%9C%EC%9A%B8%20%EA%B4%80%EC%95%85%EA%B5%AC%20%EC%95%84%EA%B8%B0%EB%9E%91%20%EB%AF%B8%EC%88%A0,family:1.0;baby:1.0;parking:1.0;nursing_room:1.0;관악구;아기랑 미술,2026-08-22 20:34:25,drawing:1.0;art:1.0;experience:1.0,2,85
네이버 장소검색 | 서울 관악구,가족체험,토마화실,상시,영유아 및 어린이 (0세~9세),서울 관악구 토마화실,무료/유료 (플레이스 참조),서울 관악구에 위치한 인기 아기랑 미술 명소인 [토마화실]입니다.,https://search.naver.com/search.naver?where=nexearch&query=%EC%84%9C%EC%9A%B8%20%EA%B4%80%EC%95%85%EA%B5%AC%20%EC%95%84%EA%B8%B0%EB%9E%91%20%EB%AF%B8%EC%88%A0,family:1.0;baby:1.0;parking:1.0;nursing_room:1.0;관악구;아기랑 미술,2026-08-22 20:34:25,drawing:1.0;art:1.0;experience:1.0,2,85
네이버 장소검색 | 서울 광진구,사설키즈카페,캘리클럽 강변점,상시,영유아 및 어린이 (0세~9세),서울 광진구 캘리클럽 강변점,무료/유료 (플레이스 참조),서울 광진구에 위치한 인기 아기랑 키즈카페 명소인 [캘리클럽 강변점]입니다.,https://search.naver.com/search.naver?where=nexearch&query=%EC%84%9C%EC%9A%B8%20%EA%B4%91%EC%A7%84%EA%B5%AC%20%EC%95%84%EA%B8%B0%EB%9E%91%20%ED%82%A4%EC%A6%88%EC%B9%B4%ED%8E%98,family:1.0;baby:1.0;parking:1.0;nursing_room:1.0;광진구;아기랑 키즈카페,2026-08-22 20:34:25,toddler:1.0;indoor:0.9;play:1.0,2,85
네이버 장소검색 | 서울 광진구,사설키즈카페,펀노리터 서울광진점,상시,영유아 및 어린이 (0세~9세),서울 광진구 펀노리터 서울광진점,무료/유료 (플레이스 참조),서울 광진구에 위치한 인기 아기랑 키즈카페 명소인 [펀노리터 서울광진점]입니다.,https://search.naver.com/search.naver?where=nexearch&query=%EC%84%9C%EC%9A%B8%20%EA%B4%91%EC%A7%84%EA%B5%AC%20%EC%95%84%EA%B8%B0%EB%9E%91%20%ED%82%A4%EC%A6%88%EC%B9%B4%ED%8E%98,family:1.0;baby:1.0;parking:1.0;nursing_room:1.0;광진구;아기랑 키즈카페,2026-08-22 20:34:25,toddler:1.0;indoor:0.9;play:1.0,2,85
네이버 장소검색 | 서울 광진구,사설키즈카페,챔피언더블랙벨트 NC이스트폴 구의점,상시,영유아 및 어린이 (0세~9세),서울 광진구 챔피언더블랙벨트 NC이스트폴 구의점,무료/유료 (플레이스 참조),서울 광진구에 위치한 인기 아기랑 키즈카페 명소인 [챔피언더블랙벨트 NC이스트폴 구의점]입니다.,https://search.naver.com/search.naver?where=nexearch&query=%EC%84%9C%EC%9A%B8%20%EA%B4%91%EC%A7%84%EA%B5%AC%20%EC%95%84%EA%B8%B0%EB%9E%91%20%ED%82%A4%EC%A6%88%EC%B9%B4%ED%8E%98,family:1.0;baby:1.0;parking:1.0;nursing_room:1.0;광진구;아기랑 키즈카페,2026-08-22 20:34:25,toddler:1.0;indoor:0.9;play:1.0,2,85
네이버 장소검색 | 서울 광진구,사설키즈카페,클래비키즈파크,상시,영유아 및 어린이 (0세~9세),서울 광진구 클래비키즈파크,무료/유료 (플레이스 참조),서울 광진구에 위치한 인기 아기랑 키즈카페 명소인 [클래비키즈파크]입니다.,https://search.naver.com/search.naver?where=nexearch&query=%EC%84%9C%EC%9A%B8%20%EA%B4%91%EC%A7%84%EA%B5%AC%20%EC%95%84%EA%B8%B0%EB%9E%91%20%ED%82%A4%EC%A6%88%EC%B9%B4%ED%8E%98,family:1.0;baby:1.0;parking:1.0;nursing_room:1.0;광진구;아기랑 키즈카페,2026-08-22 20:34:25,toddler:1.0;indoor:0.9;play:1.0,2,85
네이버 장소검색 | 서울 광진구,사설키즈카페,리틀비틀 자양점,상시,영유아 및 어린이 (0세~9세),서울 광진구 리틀비틀 자양점,무료/유료 (플레이스 참조),서울 광진구에 위치한 인기 아기랑 키즈카페 명소인 [리틀비틀 자양점]입니다.,https://search.naver.com/search.naver?where=nexearch&query=%EC%84%9C%EC%9A%B8%20%EA%B4%91%EC%A7%84%EA%B5%AC%20%EC%95%84%EA%B8%B0%EB%9E%91%20%ED%82%A4%EC%A6%88%EC%B9%B4%ED%8E%98,family:1.0;baby:1.0;parking:1.0;nursing_room:1.0;광진구;아기랑 키즈카페,2026-08-22 20:34:25,toddler:1.0;indoor:0.9;play:1.0,2,85
네이버 장소검색 | 서울 광진구,사설키즈카페,점핑몬스터 구의점,상시,영유아 및 어린이 (0세~9세),서울 광진구 점핑몬스터 구의점,무료/유료 (플레이스 참조),서울 광진구에 위치한 인기 아기랑 키즈카페 명소인 [점핑몬스터 구의점]입니다.,https://search.naver.com/search.naver?where=nexearch&query=%EC%84%9C%EC%9A%B8%20%EA%B4%91%EC%A7%84%EA%B5%AC%20%EC%95%84%EA%B8%B0%EB%9E%91%20%ED%82%A4%EC%A6%88%EC%B9%B4%ED%8E%98,family:1.0;baby:1.0;parking:1.0;nursing_room:1.0;광진구;아기랑 키즈카페,2026-08-22 20:34:25,toddler:1.0;indoor:0.9;play:1.0,2,85
네이버 장소검색 | 서울 광진구,사설키즈카페,서울시 삼성동,상시,영유아 및 어린이 (0세~9세),서울 광진구 서울시 삼성동,무료/유료 (플레이스 참조),서울 광진구에 위치한 인기 아기랑 키즈카페 명소인 [서울시 삼성동]입니다.,https://search.naver.com/search.naver?where=nexearch&query=%EC%84%9C%EC%9A%B8%20%EA%B4%91%EC%A7%84%EA%B5%AC%20%EC%95%84%EA%B8%B0%EB%9E%91%20%ED%82%A4%EC%A6%88%EC%B9%B4%ED%8E%98,family:1.0;baby:1.0;parking:1.0;nursing_room:1.0;광진구;아기랑 키즈카페,2026-08-22 20:34:25,toddler:1.0;indoor:0.9;play:1.0,2,85
네이버 장소검색 | 서울 광진구,사설키즈카페,서울형,상시,영유아 및 어린이 (0세~9세),서울 광진구 서울형,무료/유료 (플레이스 참조),서울 광진구에 위치한 인기 아기랑 키즈카페 명소인 [서울형]입니다.,https://search.naver.com/search.naver?where=nexearch&query=%EC%84%9C%EC%9A%B8%20%EA%B4%91%EC%A7%84%EA%B5%AC%20%EC%95%84%EA%B8%B0%EB%9E%91%20%ED%82%A4%EC%A6%88%EC%B9%B4%ED%8E%98,family:1.0;baby:1.0;parking:1.0;nursing_room:1.0;광진구;아기랑 키즈카페,2026-08-22 20:34:25,toddler:1.0;indoor:0.9;play:1.0,2,85
네이버 장소검색 | 서울 광진구,자연친화,긴고랑계곡,상시,영유아 및 어린이 (0세~9세),서울 광진구 긴고랑계곡,무료/유료 (플레이스 참조),서울 광진구에 위치한 인기 아기랑 계곡 명소인 [긴고랑계곡]입니다.,https://search.naver.com/search.naver?where=nexearch&query=%EC%84%9C%EC%9A%B8%20%EA%B4%91%EC%A7%84%EA%B5%AC%20%EC%95%84%EA%B8%B0%EB%9E%91%20%EA%B3%84%EA%B3%A1,family:1.0;baby:1.0;parking:1.0;nursing_room:1.0;광진구;아기랑 계곡,2026-08-22 20:34:25,valley:1.0;nature:1.0;water:1.0,2,85
네이버 장소검색 | 서울 광진구,자연친화,뚝섬 한강공원 수영장,상시,영유아 및 어린이 (0세~9세),서울 광진구 뚝섬 한강공원 수영장,무료/유료 (플레이스 참조),서울 광진구에 위치한 인기 아기랑 수영장 명소인 [뚝섬 한강공원 수영장]입니다.,https://search.naver.com/search.naver?where=nexearch&query=%EC%84%9C%EC%9A%B8%20%EA%B4%91%EC%A7%84%EA%B5%AC%20%EC%95%84%EA%B8%B0%EB%9E%91%20%EC%88%98%EC%98%81%EC%9E%A5,family:1.0;baby:1.0;parking:1.0;nursing_room:1.0;광진구;아기랑 수영장,2026-08-22 20:34:25,pool:1.0;water:1.0;outdoor:0.9,2,85
네이버 장소검색 | 서울 광진구,자연친화,서울레저파크 어린이회관 야외수영장,상시,영유아 및 어린이 (0세~9세),서울 광진구 서울레저파크 어린이회관 야외수영장,무료/유료 (플레이스 참조),서울 광진구에 위치한 인기 아기랑 수영장 명소인 [서울레저파크 어린이회관 야외수영장]입니다.,https://search.naver.com/search.naver?where=nexearch&query=%EC%84%9C%EC%9A%B8%20%EA%B4%91%EC%A7%84%EA%B5%AC%20%EC%95%84%EA%B8%B0%EB%9E%91%20%EC%88%98%EC%98%81%EC%9E%A5,family:1.0;baby:1.0;parking:1.0;nursing_room:1.0;광진구;아기랑 수영장,2026-08-22 20:34:25,pool:1.0;water:1.0;outdoor:0.9,2,85
네이버 장소검색 | 서울 광진구,자연친화,오션키즈광진구의점수영장,상시,영유아 및 어린이 (0세~9세),서울 광진구 오션키즈광진구의점수영장,무료/유료 (플레이스 참조),서울 광진구에 위치한 인기 아기랑 수영장 명소인 [오션키즈광진구의점수영장]입니다.,https://search.naver.com/search.naver?where=nexearch&query=%EC%84%9C%EC%9A%B8%20%EA%B4%91%EC%A7%84%EA%B5%AC%20%EC%95%84%EA%B8%B0%EB%9E%91%20%EC%88%98%EC%98%81%EC%9E%A5,family:1.0;baby:1.0;parking:1.0;nursing_room:1.0;광진구;아기랑 수영장,2026-08-22 20:34:25,pool:1.0;water:1.0;outdoor:0.9,2,85
네이버 장소검색 | 서울 광진구,자연친화,워커힐 호텔 리버파크수영장,상시,영유아 및 어린이 (0세~9세),서울 광진구 워커힐 호텔 리버파크수영장,무료/유료 (플레이스 참조),서울 광진구에 위치한 인기 아기랑 수영장 명소인 [워커힐 호텔 리버파크수영장]입니다.,https://search.naver.com/search.naver?where=nexearch&query=%EC%84%9C%EC%9A%B8%20%EA%B4%91%EC%A7%84%EA%B5%AC%20%EC%95%84%EA%B8%B0%EB%9E%91%20%EC%88%98%EC%98%81%EC%9E%A5,family:1.0;baby:1.0;parking:1.0;nursing_room:1.0;광진구;아기랑 수영장,2026-08-22 20:34:25,pool:1.0;water:1.0;outdoor:0.9,2,85
네이버 장소검색 | 서울 광진구,자연친화,찬스아이수영장,상시,영유아 및 어린이 (0세~9세),서울 광진구 찬스아이수영장,무료/유료 (플레이스 참조),서울 광진구에 위치한 인기 아기랑 수영장 명소인 [찬스아이수영장]입니다.,https://search.naver.com/search.naver?where=nexearch&query=%EC%84%9C%EC%9A%B8%20%EA%B4%91%EC%A7%84%EA%B5%AC%20%EC%95%84%EA%B8%B0%EB%9E%91%20%EC%88%98%EC%98%81%EC%9E%A5,family:1.0;baby:1.0;parking:1.0;nursing_room:1.0;광진구;아기랑 수영장,2026-08-22 20:34:25,pool:1.0;water:1.0;outdoor:0.9,2,85
네이버 장소검색 | 서울 광진구,자연친화,중곡동 중랑천 물놀이장수영장,상시,영유아 및 어린이 (0세~9세),서울 광진구 중곡동 중랑천 물놀이장수영장,무료/유료 (플레이스 참조),서울 광진구에 위치한 인기 아기랑 수영장 명소인 [중곡동 중랑천 물놀이장수영장]입니다.,https://search.naver.com/search.naver?where=nexearch&query=%EC%84%9C%EC%9A%B8%20%EA%B4%91%EC%A7%84%EA%B5%AC%20%EC%95%84%EA%B8%B0%EB%9E%91%20%EC%88%98%EC%98%81%EC%9E%A5,family:1.0;baby:1.0;parking:1.0;nursing_room:1.0;광진구;아기랑 수영장,2026-08-22 20:34:25,pool:1.0;water:1.0;outdoor:0.9,2,85
네이버 장소검색 | 서울 광진구,자연친화,서울어린이대공원,상시,영유아 및 어린이 (0세~9세),서울 광진구 서울어린이대공원,무료/유료 (플레이스 참조),서울 광진구에 위치한 인기 아기랑 수영장 명소인 [서울어린이대공원]입니다.,https://search.naver.com/search.naver?where=nexearch&query=%EC%84%9C%EC%9A%B8%20%EA%B4%91%EC%A7%84%EA%B5%AC%20%EC%95%84%EA%B8%B0%EB%9E%91%20%EC%88%98%EC%98%81%EC%9E%A5,family:1.0;baby:1.0;parking:1.0;nursing_room:1.0;광진구;아기랑 수영장,2026-08-22 20:34:25,pool:1.0;water:1.0;outdoor:0.9,2,85
네이버 장소검색 | 서울 광진구,자연친화,뚝섬한강공원공원,상시,영유아 및 어린이 (0세~9세),서울 광진구 뚝섬한강공원공원,무료/유료 (플레이스 참조),서울 광진구에 위치한 인기 아기랑 공원 명소인 [뚝섬한강공원공원]입니다.,https://search.naver.com/search.naver?where=nexearch&query=%EC%84%9C%EC%9A%B8%20%EA%B4%91%EC%A7%84%EA%B5%AC%20%EC%95%84%EA%B8%B0%EB%9E%91%20%EA%B3%B5%EC%9B%90,family:1.0;baby:1.0;parking:1.0;nursing_room:1.0;광진구;아기랑 공원,2026-08-22 20:34:25,park:1.0;picnic:1.0;nature:1.0,2,85
네이버 장소검색 | 서울 광진구,자연친화,"아차산 어울림정원자연,생태공원",상시,영유아 및 어린이 (0세~9세),"서울 광진구 아차산 어울림정원자연,생태공원",무료/유료 (플레이스 참조),"서울 광진구에 위치한 인기 아기랑 공원 명소인 [아차산 어울림정원자연,생태공원]입니다.",https://search.naver.com/search.naver?where=nexearch&query=%EC%84%9C%EC%9A%B8%20%EA%B4%91%EC%A7%84%EA%B5%AC%20%EC%95%84%EA%B8%B0%EB%9E%91%20%EA%B3%B5%EC%9B%90,family:1.0;baby:1.0;parking:1.0;nursing_room:1.0;광진구;아기랑 공원,2026-08-22 20:34:25,park:1.0;picnic:1.0;nature:1.0,2,85
네이버 장소검색 | 서울 광진구,자연친화,광진광장공원,상시,영유아 및 어린이 (0세~9세),서울 광진구 광진광장공원,무료/유료 (플레이스 참조),서울 광진구에 위치한 인기 아기랑 공원 명소인 [광진광장공원]입니다.,https://search.naver.com/search.naver?where=nexearch&query=%EC%84%9C%EC%9A%B8%20%EA%B4%91%EC%A7%84%EA%B5%AC%20%EC%95%84%EA%B8%B0%EB%9E%91%20%EA%B3%B5%EC%9B%90,family:1.0;baby:1.0;parking:1.0;nursing_room:1.0;광진구;아기랑 공원,2026-08-22 20:34:25,park:1.0;picnic:1.0;nature:1.0,2,85
네이버 장소검색 | 서울 광진구,자연친화,느티나무공원공원,상시,영유아 및 어린이 (0세~9세),서울 광진구 느티나무공원공원,무료/유료 (플레이스 참조),서울 광진구에 위치한 인기 아기랑 공원 명소인 [느티나무공원공원]입니다.,https://search.naver.com/search.naver?where=nexearch&query=%EC%84%9C%EC%9A%B8%20%EA%B4%91%EC%A7%84%EA%B5%AC%20%EC%95%84%EA%B8%B0%EB%9E%91%20%EA%B3%B5%EC%9B%90,family:1.0;baby:1.0;parking:1.0;nursing_room:1.0;광진구;아기랑 공원,2026-08-22 20:34:25,park:1.0;picnic:1.0;nature:1.0,2,85
네이버 장소검색 | 서울 광진구,자연친화,구의공원공원,상시,영유아 및 어린이 (0세~9세),서울 광진구 구의공원공원,무료/유료 (플레이스 참조),서울 광진구에 위치한 인기 아기랑 공원 명소인 [구의공원공원]입니다.,https://search.naver.com/search.naver?where=nexearch&query=%EC%84%9C%EC%9A%B8%20%EA%B4%91%EC%A7%84%EA%B5%AC%20%EC%95%84%EA%B8%B0%EB%9E%91%20%EA%B3%B5%EC%9B%90,family:1.0;baby:1.0;parking:1.0;nursing_room:1.0;광진구;아기랑 공원,2026-08-22 20:34:25,park:1.0;picnic:1.0;nature:1.0,2,85
네이버 장소검색 | 서울 광진구,자연친화,"서울시 구의동 물놀이장,서울레저파크 어린이회관 야외",상시,영유아 및 어린이 (0세~9세),"서울 광진구 서울시 구의동 물놀이장,서울레저파크 어린이회관 야외",무료/유료 (플레이스 참조),"서울 광진구에 위치한 인기 아기랑 물놀이터 명소인 [서울시 구의동 물놀이장,서울레저파크 어린이회관 야외]입니다.",https://search.naver.com/search.naver?where=nexearch&query=%EC%84%9C%EC%9A%B8%20%EA%B4%91%EC%A7%84%EA%B5%AC%20%EC%95%84%EA%B8%B0%EB%9E%91%20%EB%AC%BC%EB%86%80%EC%9D%B4%ED%84%B0,family:1.0;baby:1.0;parking:1.0;nursing_room:1.0;광진구;아기랑 물놀이터,2026-08-22 20:34:25,water:1.0;outdoor:1.0;picnic:0.8,2,85
네이버 장소검색 | 서울 광진구,가족체험,바스키즈미술학원BAS 명문지능개발 창의성중심미술교육,상시,영유아 및 어린이 (0세~9세),서울 광진구 바스키즈미술학원BAS 명문지능개발 창의성중심미술교육,무료/유료 (플레이스 참조),서울 광진구에 위치한 인기 아기랑 미술 명소인 [바스키즈미술학원BAS 명문지능개발 창의성중심미술교육]입니다.,https://search.naver.com/search.naver?where=nexearch&query=%EC%84%9C%EC%9A%B8%20%EA%B4%91%EC%A7%84%EA%B5%AC%20%EC%95%84%EA%B8%B0%EB%9E%91%20%EB%AF%B8%EC%88%A0,family:1.0;baby:1.0;parking:1.0;nursing_room:1.0;광진구;아기랑 미술,2026-08-22 20:34:25,drawing:1.0;art:1.0;experience:1.0,2,85
네이버 장소검색 | 서울 광진구,가족체험,서울상상나라박물관,상시,영유아 및 어린이 (0세~9세),서울 광진구 서울상상나라박물관,무료/유료 (플레이스 참조),서울 광진구에 위치한 인기 아기랑 어린이박물관 명소인 [서울상상나라박물관]입니다.,https://search.naver.com/search.naver?where=nexearch&query=%EC%84%9C%EC%9A%B8%20%EA%B4%91%EC%A7%84%EA%B5%AC%20%EC%95%84%EA%B8%B0%EB%9E%91%20%EC%96%B4%EB%A6%B0%EC%9D%B4%EB%B0%95%EB%AC%BC%EA%B4%80,family:1.0;baby:1.0;parking:1.0;nursing_room:1.0;광진구;아기랑 어린이박물관,2026-08-22 20:34:25,museum:1.0;hands_on:1.0;experience:1.0,2,85
네이버 장소검색 | 서울 구로구,사설키즈카페,월드킹 구로점,상시,영유아 및 어린이 (0세~9세),서울 구로구 월드킹 구로점,무료/유료 (플레이스 참조),서울 구로구에 위치한 인기 아기랑 키즈카페 명소인 [월드킹 구로점]입니다.,https://search.naver.com/search.naver?where=nexearch&query=%EC%84%9C%EC%9A%B8%20%EA%B5%AC%EB%A1%9C%EA%B5%AC%20%EC%95%84%EA%B8%B0%EB%9E%91%20%ED%82%A4%EC%A6%88%EC%B9%B4%ED%8E%98,family:1.0;baby:1.0;parking:1.0;nursing_room:1.0;구로구;아기랑 키즈카페,2026-08-22 20:34:25,toddler:1.0;indoor:0.9;play:1.0,2,85
네이버 장소검색 | 서울 구로구,사설키즈카페,몬스터파크 신도림점,상시,영유아 및 어린이 (0세~9세),서울 구로구 몬스터파크 신도림점,무료/유료 (플레이스 참조),서울 구로구에 위치한 인기 아기랑 키즈카페 명소인 [몬스터파크 신도림점]입니다.,https://search.naver.com/search.naver?where=nexearch&query=%EC%84%9C%EC%9A%B8%20%EA%B5%AC%EB%A1%9C%EA%B5%AC%20%EC%95%84%EA%B8%B0%EB%9E%91%20%ED%82%A4%EC%A6%88%EC%B9%B4%ED%8E%98,family:1.0;baby:1.0;parking:1.0;nursing_room:1.0;구로구;아기랑 키즈카페,2026-08-22 20:34:25,toddler:1.0;indoor:0.9;play:1.0,2,85
네이버 장소검색 | 서울 구로구,사설키즈카페,캘리클럽 고척점,상시,영유아 및 어린이 (0세~9세),서울 구로구 캘리클럽 고척점,무료/유료 (플레이스 참조),서울 구로구에 위치한 인기 아기랑 키즈카페 명소인 [캘리클럽 고척점]입니다.,https://search.naver.com/search.naver?where=nexearch&query=%EC%84%9C%EC%9A%B8%20%EA%B5%AC%EB%A1%9C%EA%B5%AC%20%EC%95%84%EA%B8%B0%EB%9E%91%20%ED%82%A4%EC%A6%88%EC%B9%B4%ED%8E%98,family:1.0;baby:1.0;parking:1.0;nursing_room:1.0;구로구;아기랑 키즈카페,2026-08-22 20:34:25,toddler:1.0;indoor:0.9;play:1.0,2,85
네이버 장소검색 | 서울 구로구,사설키즈카페,정글아이 구로구 키즈헬스케어센터,상시,영유아 및 어린이 (0세~9세),서울 구로구 정글아이 구로구 키즈헬스케어센터,무료/유료 (플레이스 참조),서울 구로구에 위치한 인기 아기랑 키즈카페 명소인 [정글아이 구로구 키즈헬스케어센터]입니다.,https://search.naver.com/search.naver?where=nexearch&query=%EC%84%9C%EC%9A%B8%20%EA%B5%AC%EB%A1%9C%EA%B5%AC%20%EC%95%84%EA%B8%B0%EB%9E%91%20%ED%82%A4%EC%A6%88%EC%B9%B4%ED%8E%98,family:1.0;baby:1.0;parking:1.0;nursing_room:1.0;구로구;아기랑 키즈카페,2026-08-22 20:34:25,toddler:1.0;indoor:0.9;play:1.0,2,85
네이버 장소검색 | 서울 구로구,사설키즈카페,이키즈랜드 신구로점,상시,영유아 및 어린이 (0세~9세),서울 구로구 이키즈랜드 신구로점,무료/유료 (플레이스 참조),서울 구로구에 위치한 인기 아기랑 키즈카페 명소인 [이키즈랜드 신구로점]입니다.,https://search.naver.com/search.naver?where=nexearch&query=%EC%84%9C%EC%9A%B8%20%EA%B5%AC%EB%A1%9C%EA%B5%AC%20%EC%95%84%EA%B8%B0%EB%9E%91%20%ED%82%A4%EC%A6%88%EC%B9%B4%ED%8E%98,family:1.0;baby:1.0;parking:1.0;nursing_room:1.0;구로구;아기랑 키즈카페,2026-08-22 20:34:25,toddler:1.0;indoor:0.9;play:1.0,2,85
네이버 장소검색 | 서울 구로구,사설키즈카페,무키무키 신도림점,상시,영유아 및 어린이 (0세~9세),서울 구로구 무키무키 신도림점,무료/유료 (플레이스 참조),서울 구로구에 위치한 인기 아기랑 키즈카페 명소인 [무키무키 신도림점]입니다.,https://search.naver.com/search.naver?where=nexearch&query=%EC%84%9C%EC%9A%B8%20%EA%B5%AC%EB%A1%9C%EA%B5%AC%20%EC%95%84%EA%B8%B0%EB%9E%91%20%ED%82%A4%EC%A6%88%EC%B9%B4%ED%8E%98,family:1.0;baby:1.0;parking:1.0;nursing_room:1.0;구로구;아기랑 키즈카페,2026-08-22 20:34:25,toddler:1.0;indoor:0.9;play:1.0,2,85
네이버 장소검색 | 서울 구로구,자연친화,안양천물놀이장수영장,상시,영유아 및 어린이 (0세~9세),서울 구로구 안양천물놀이장수영장,무료/유료 (플레이스 참조),서울 구로구에 위치한 인기 아기랑 수영장 명소인 [안양천물놀이장수영장]입니다.,https://search.naver.com/search.naver?where=nexearch&query=%EC%84%9C%EC%9A%B8%20%EA%B5%AC%EB%A1%9C%EA%B5%AC%20%EC%95%84%EA%B8%B0%EB%9E%91%20%EC%88%98%EC%98%81%EC%9E%A5,family:1.0;baby:1.0;parking:1.0;nursing_room:1.0;구로구;아기랑 수영장,2026-08-22 20:34:25,pool:1.0;water:1.0;outdoor:0.9,2,85
네이버 장소검색 | 서울 구로구,자연친화,리얼스위밍스쿨수영장,상시,영유아 및 어린이 (0세~9세),서울 구로구 리얼스위밍스쿨수영장,무료/유료 (플레이스 참조),서울 구로구에 위치한 인기 아기랑 수영장 명소인 [리얼스위밍스쿨수영장]입니다.,https://search.naver.com/search.naver?where=nexearch&query=%EC%84%9C%EC%9A%B8%20%EA%B5%AC%EB%A1%9C%EA%B5%AC%20%EC%95%84%EA%B8%B0%EB%9E%91%20%EC%88%98%EC%98%81%EC%9E%A5,family:1.0;baby:1.0;parking:1.0;nursing_room:1.0;구로구;아기랑 수영장,2026-08-22 20:34:25,pool:1.0;water:1.0;outdoor:0.9,2,85
네이버 장소검색 | 서울 구로구,자연친화,아이쿠아수영장 개봉점수영장,상시,영유아 및 어린이 (0세~9세),서울 구로구 아이쿠아수영장 개봉점수영장,무료/유료 (플레이스 참조),서울 구로구에 위치한 인기 아기랑 수영장 명소인 [아이쿠아수영장 개봉점수영장]입니다.,https://search.naver.com/search.naver?where=nexearch&query=%EC%84%9C%EC%9A%B8%20%EA%B5%AC%EB%A1%9C%EA%B5%AC%20%EC%95%84%EA%B8%B0%EB%9E%91%20%EC%88%98%EC%98%81%EC%9E%A5,family:1.0;baby:1.0;parking:1.0;nursing_room:1.0;구로구;아기랑 수영장,2026-08-22 20:34:25,pool:1.0;water:1.0;outdoor:0.9,2,85
네이버 장소검색 | 서울 구로구,자연친화,서울시립구로청소년수련관수영장,상시,영유아 및 어린이 (0세~9세),서울 구로구 서울시립구로청소년수련관수영장,무료/유료 (플레이스 참조),서울 구로구에 위치한 인기 아기랑 수영장 명소인 [서울시립구로청소년수련관수영장]입니다.,https://search.naver.com/search.naver?where=nexearch&query=%EC%84%9C%EC%9A%B8%20%EA%B5%AC%EB%A1%9C%EA%B5%AC%20%EC%95%84%EA%B8%B0%EB%9E%91%20%EC%88%98%EC%98%81%EC%9E%A5,family:1.0;baby:1.0;parking:1.0;nursing_room:1.0;구로구;아기랑 수영장,2026-08-22 20:34:25,pool:1.0;water:1.0;outdoor:0.9,2,85
네이버 장소검색 | 서울 구로구,자연친화,50플러스수영장,상시,영유아 및 어린이 (0세~9세),서울 구로구 50플러스수영장,무료/유료 (플레이스 참조),서울 구로구에 위치한 인기 아기랑 수영장 명소인 [50플러스수영장]입니다.,https://search.naver.com/search.naver?where=nexearch&query=%EC%84%9C%EC%9A%B8%20%EA%B5%AC%EB%A1%9C%EA%B5%AC%20%EC%95%84%EA%B8%B0%EB%9E%91%20%EC%88%98%EC%98%81%EC%9E%A5,family:1.0;baby:1.0;parking:1.0;nursing_room:1.0;구로구;아기랑 수영장,2026-08-22 20:34:25,pool:1.0;water:1.0;outdoor:0.9,2,85
네이버 장소검색 | 서울 구로구,자연친화,덕의공원,상시,영유아 및 어린이 (0세~9세),서울 구로구 덕의공원,무료/유료 (플레이스 참조),서울 구로구에 위치한 인기 아기랑 수영장 명소인 [덕의공원]입니다.,https://search.naver.com/search.naver?where=nexearch&query=%EC%84%9C%EC%9A%B8%20%EA%B5%AC%EB%A1%9C%EA%B5%AC%20%EC%95%84%EA%B8%B0%EB%9E%91%20%EC%88%98%EC%98%81%EC%9E%A5,family:1.0;baby:1.0;parking:1.0;nursing_room:1.0;구로구;아기랑 수영장,2026-08-22 20:34:25,pool:1.0;water:1.0;outdoor:0.9,2,85
네이버 장소검색 | 서울 구로구,자연친화,구로구영유아 어린이를 위한 무료,상시,영유아 및 어린이 (0세~9세),서울 구로구 구로구영유아 어린이를 위한 무료,무료/유료 (플레이스 참조),서울 구로구에 위치한 인기 아기랑 수영장 명소인 [구로구영유아 어린이를 위한 무료]입니다.,https://search.naver.com/search.naver?where=nexearch&query=%EC%84%9C%EC%9A%B8%20%EA%B5%AC%EB%A1%9C%EA%B5%AC%20%EC%95%84%EA%B8%B0%EB%9E%91%20%EC%88%98%EC%98%81%EC%9E%A5,family:1.0;baby:1.0;parking:1.0;nursing_room:1.0;구로구;아기랑 수영장,2026-08-22 20:34:25,pool:1.0;water:1.0;outdoor:0.9,2,85
네이버 장소검색 | 서울 구로구,자연친화,물놀이장구로구고척 덕의공원,상시,영유아 및 어린이 (0세~9세),서울 구로구 물놀이장구로구고척 덕의공원,무료/유료 (플레이스 참조),서울 구로구에 위치한 인기 아기랑 수영장 명소인 [물놀이장구로구고척 덕의공원]입니다.,https://search.naver.com/search.naver?where=nexearch&query=%EC%84%9C%EC%9A%B8%20%EA%B5%AC%EB%A1%9C%EA%B5%AC%20%EC%95%84%EA%B8%B0%EB%9E%91%20%EC%88%98%EC%98%81%EC%9E%A5,family:1.0;baby:1.0;parking:1.0;nursing_room:1.0;구로구;아기랑 수영장,2026-08-22 20:34:25,pool:1.0;water:1.0;outdoor:0.9,2,85
네이버 장소검색 | 서울 구로구,자연친화,구로구고척동 무료 어린이 물놀이장! 덕의공원,상시,영유아 및 어린이 (0세~9세),서울 구로구 구로구고척동 무료 어린이 물놀이장! 덕의공원,무료/유료 (플레이스 참조),서울 구로구에 위치한 인기 아기랑 수영장 명소인 [구로구고척동 무료 어린이 물놀이장! 덕의공원]입니다.,https://search.naver.com/search.naver?where=nexearch&query=%EC%84%9C%EC%9A%B8%20%EA%B5%AC%EB%A1%9C%EA%B5%AC%20%EC%95%84%EA%B8%B0%EB%9E%91%20%EC%88%98%EC%98%81%EC%9E%A5,family:1.0;baby:1.0;parking:1.0;nursing_room:1.0;구로구;아기랑 수영장,2026-08-22 20:34:25,pool:1.0;water:1.0;outdoor:0.9,2,85
네이버 장소검색 | 서울 구로구,자연친화,경기도 광명시,상시,영유아 및 어린이 (0세~9세),서울 구로구 경기도 광명시,무료/유료 (플레이스 참조),서울 구로구에 위치한 인기 아기랑 모래놀이 명소인 [경기도 광명시]입니다.,https://search.naver.com/search.naver?where=nexearch&query=%EC%84%9C%EC%9A%B8%20%EA%B5%AC%EB%A1%9C%EA%B5%AC%20%EC%95%84%EA%B8%B0%EB%9E%91%20%EB%AA%A8%EB%9E%98%EB%86%80%EC%9D%B4,family:1.0;baby:1.0;parking:1.0;nursing_room:1.0;구로구;아기랑 모래놀이,2026-08-22 20:34:25,sand:1.0;nature:1.0;play:0.9,2,85
네이버 장소검색 | 서울 구로구,자연친화,고척공원,상시,영유아 및 어린이 (0세~9세),서울 구로구 고척공원,무료/유료 (플레이스 참조),서울 구로구에 위치한 인기 아기랑 공원 명소인 [고척공원]입니다.,https://search.naver.com/search.naver?where=nexearch&query=%EC%84%9C%EC%9A%B8%20%EA%B5%AC%EB%A1%9C%EA%B5%AC%20%EC%95%84%EA%B8%B0%EB%9E%91%20%EA%B3%B5%EC%9B%90,family:1.0;baby:1.0;parking:1.0;nursing_room:1.0;구로구;아기랑 공원,2026-08-22 20:34:25,park:1.0;picnic:1.0;nature:1.0,2,85
네이버 장소검색 | 서울 구로구,자연친화,구로거리공원공원,상시,영유아 및 어린이 (0세~9세),서울 구로구 구로거리공원공원,무료/유료 (플레이스 참조),서울 구로구에 위치한 인기 아기랑 공원 명소인 [구로거리공원공원]입니다.,https://search.naver.com/search.naver?where=nexearch&query=%EC%84%9C%EC%9A%B8%20%EA%B5%AC%EB%A1%9C%EA%B5%AC%20%EC%95%84%EA%B8%B0%EB%9E%91%20%EA%B3%B5%EC%9B%90,family:1.0;baby:1.0;parking:1.0;nursing_room:1.0;구로구;아기랑 공원,2026-08-22 20:34:25,park:1.0;picnic:1.0;nature:1.0,2,85
네이버 장소검색 | 서울 구로구,자연친화,천왕공원,상시,영유아 및 어린이 (0세~9세),서울 구로구 천왕공원,무료/유료 (플레이스 참조),서울 구로구에 위치한 인기 아기랑 공원 명소인 [천왕공원]입니다.,https://search.naver.com/search.naver?where=nexearch&query=%EC%84%9C%EC%9A%B8%20%EA%B5%AC%EB%A1%9C%EA%B5%AC%20%EC%95%84%EA%B8%B0%EB%9E%91%20%EA%B3%B5%EC%9B%90,family:1.0;baby:1.0;parking:1.0;nursing_room:1.0;구로구;아기랑 공원,2026-08-22 20:34:25,park:1.0;picnic:1.0;nature:1.0,2,85
네이버 장소검색 | 서울 구로구,자연친화,디큐브시티해바라기공원공원,상시,영유아 및 어린이 (0세~9세),서울 구로구 디큐브시티해바라기공원공원,무료/유료 (플레이스 참조),서울 구로구에 위치한 인기 아기랑 공원 명소인 [디큐브시티해바라기공원공원]입니다.,https://search.naver.com/search.naver?where=nexearch&query=%EC%84%9C%EC%9A%B8%20%EA%B5%AC%EB%A1%9C%EA%B5%AC%20%EC%95%84%EA%B8%B0%EB%9E%91%20%EA%B3%B5%EC%9B%90,family:1.0;baby:1.0;parking:1.0;nursing_room:1.0;구로구;아기랑 공원,2026-08-22 20:34:25,park:1.0;picnic:1.0;nature:1.0,2,85
네이버 장소검색 | 서울 구로구,자연친화,신도림테크노공원,상시,영유아 및 어린이 (0세~9세),서울 구로구 신도림테크노공원,무료/유료 (플레이스 참조),서울 구로구에 위치한 인기 아기랑 공원 명소인 [신도림테크노공원]입니다.,https://search.naver.com/search.naver?where=nexearch&query=%EC%84%9C%EC%9A%B8%20%EA%B5%AC%EB%A1%9C%EA%B5%AC%20%EC%95%84%EA%B8%B0%EB%9E%91%20%EA%B3%B5%EC%9B%90,family:1.0;baby:1.0;parking:1.0;nursing_room:1.0;구로구;아기랑 공원,2026-08-22 20:34:25,park:1.0;picnic:1.0;nature:1.0,2,85
네이버 장소검색 | 서울 구로구,자연친화,구로구고척동 무료 어린이 물놀이장 덕의공원,상시,영유아 및 어린이 (0세~9세),서울 구로구 구로구고척동 무료 어린이 물놀이장 덕의공원,무료/유료 (플레이스 참조),서울 구로구에 위치한 인기 아기랑 물놀이터 명소인 [구로구고척동 무료 어린이 물놀이장 덕의공원]입니다.,https://search.naver.com/search.naver?where=nexearch&query=%EC%84%9C%EC%9A%B8%20%EA%B5%AC%EB%A1%9C%EA%B5%AC%20%EC%95%84%EA%B8%B0%EB%9E%91%20%EB%AC%BC%EB%86%80%EC%9D%B4%ED%84%B0,family:1.0;baby:1.0;parking:1.0;nursing_room:1.0;구로구;아기랑 물놀이터,2026-08-22 20:34:25,water:1.0;outdoor:1.0;picnic:0.8,2,85
네이버 장소검색 | 서울 구로구,자연친화,구로구물놀이터덕의공원,상시,영유아 및 어린이 (0세~9세),서울 구로구 구로구물놀이터덕의공원,무료/유료 (플레이스 참조),서울 구로구에 위치한 인기 아기랑 물놀이터 명소인 [구로구물놀이터덕의공원]입니다.,https://search.naver.com/search.naver?where=nexearch&query=%EC%84%9C%EC%9A%B8%20%EA%B5%AC%EB%A1%9C%EA%B5%AC%20%EC%95%84%EA%B8%B0%EB%9E%91%20%EB%AC%BC%EB%86%80%EC%9D%B4%ED%84%B0,family:1.0;baby:1.0;parking:1.0;nursing_room:1.0;구로구;아기랑 물놀이터,2026-08-22 20:34:25,water:1.0;outdoor:1.0;picnic:0.8,2,85
네이버 장소검색 | 서울 구로구,자연친화,"서울시 개봉동 물놀이장, 천왕공원",상시,영유아 및 어린이 (0세~9세),"서울 구로구 서울시 개봉동 물놀이장, 천왕공원",무료/유료 (플레이스 참조),"서울 구로구에 위치한 인기 아기랑 물놀이터 명소인 [서울시 개봉동 물놀이장, 천왕공원]입니다.",https://search.naver.com/search.naver?where=nexearch&query=%EC%84%9C%EC%9A%B8%20%EA%B5%AC%EB%A1%9C%EA%B5%AC%20%EC%95%84%EA%B8%B0%EB%9E%91%20%EB%AC%BC%EB%86%80%EC%9D%B4%ED%84%B0,family:1.0;baby:1.0;parking:1.0;nursing_room:1.0;구로구;아기랑 물놀이터,2026-08-22 20:34:25,water:1.0;outdoor:1.0;picnic:0.8,2,85
네이버 장소검색 | 서울 구로구,가족체험,클룩 호빵맨어린이박물관!,상시,영유아 및 어린이 (0세~9세),서울 구로구 클룩 호빵맨어린이박물관!,무료/유료 (플레이스 참조),서울 구로구에 위치한 인기 아기랑 어린이박물관 명소인 [클룩 호빵맨어린이박물관!]입니다.,https://search.naver.com/search.naver?where=nexearch&query=%EC%84%9C%EC%9A%B8%20%EA%B5%AC%EB%A1%9C%EA%B5%AC%20%EC%95%84%EA%B8%B0%EB%9E%91%20%EC%96%B4%EB%A6%B0%EC%9D%B4%EB%B0%95%EB%AC%BC%EA%B4%80,family:1.0;baby:1.0;parking:1.0;nursing_room:1.0;구로구;아기랑 어린이박물관,2026-08-22 20:34:25,museum:1.0;hands_on:1.0;experience:1.0,2,85
네이버 장소검색 | 서울 구로구,가족체험,넷마블게임박물관예약박물관,상시,영유아 및 어린이 (0세~9세),서울 구로구 넷마블게임박물관예약박물관,무료/유료 (플레이스 참조),서울 구로구에 위치한 인기 아기랑 어린이박물관 명소인 [넷마블게임박물관예약박물관]입니다.,https://search.naver.com/search.naver?where=nexearch&query=%EC%84%9C%EC%9A%B8%20%EA%B5%AC%EB%A1%9C%EA%B5%AC%20%EC%95%84%EA%B8%B0%EB%9E%91%20%EC%96%B4%EB%A6%B0%EC%9D%B4%EB%B0%95%EB%AC%BC%EA%B4%80,family:1.0;baby:1.0;parking:1.0;nursing_room:1.0;구로구;아기랑 어린이박물관,2026-08-22 20:34:25,museum:1.0;hands_on:1.0;experience:1.0,2,85
네이버 장소검색 | 서울 구로구,가족체험,G밸리산업박물관박물관,상시,영유아 및 어린이 (0세~9세),서울 구로구 G밸리산업박물관박물관,무료/유료 (플레이스 참조),서울 구로구에 위치한 인기 아기랑 어린이박물관 명소인 [G밸리산업박물관박물관]입니다.,https://search.naver.com/search.naver?where=nexearch&query=%EC%84%9C%EC%9A%B8%20%EA%B5%AC%EB%A1%9C%EA%B5%AC%20%EC%95%84%EA%B8%B0%EB%9E%91%20%EC%96%B4%EB%A6%B0%EC%9D%B4%EB%B0%95%EB%AC%BC%EA%B4%80,family:1.0;baby:1.0;parking:1.0;nursing_room:1.0;구로구;아기랑 어린이박물관,2026-08-22 20:34:25,museum:1.0;hands_on:1.0;experience:1.0,2,85
네이버 장소검색 | 서울 구로구,가족체험,부천물박물관박물관,상시,영유아 및 어린이 (0세~9세),서울 구로구 부천물박물관박물관,무료/유료 (플레이스 참조),서울 구로구에 위치한 인기 아기랑 어린이박물관 명소인 [부천물박물관박물관]입니다.,https://search.naver.com/search.naver?where=nexearch&query=%EC%84%9C%EC%9A%B8%20%EA%B5%AC%EB%A1%9C%EA%B5%AC%20%EC%95%84%EA%B8%B0%EB%9E%91%20%EC%96%B4%EB%A6%B0%EC%9D%B4%EB%B0%95%EB%AC%BC%EA%B4%80,family:1.0;baby:1.0;parking:1.0;nursing_room:1.0;구로구;아기랑 어린이박물관,2026-08-22 20:34:25,museum:1.0;hands_on:1.0;experience:1.0,2,85
네이버 장소검색 | 서울 구로구,가족체험,"동북아역사재단독도체험관체험,홍보관",상시,영유아 및 어린이 (0세~9세),"서울 구로구 동북아역사재단독도체험관체험,홍보관",무료/유료 (플레이스 참조),"서울 구로구에 위치한 인기 아기랑 어린이박물관 명소인 [동북아역사재단독도체험관체험,홍보관]입니다.",https://search.naver.com/search.naver?where=nexearch&query=%EC%84%9C%EC%9A%B8%20%EA%B5%AC%EB%A1%9C%EA%B5%AC%20%EC%95%84%EA%B8%B0%EB%9E%91%20%EC%96%B4%EB%A6%B0%EC%9D%B4%EB%B0%95%EB%AC%BC%EA%B4%80,family:1.0;baby:1.0;parking:1.0;nursing_room:1.0;구로구;아기랑 어린이박물관,2026-08-22 20:34:25,museum:1.0;hands_on:1.0;experience:1.0,2,85
네이버 장소검색 | 서울 금천구,사설키즈카페,아쿠아밸리,상시,영유아 및 어린이 (0세~9세),서울 금천구 아쿠아밸리,무료/유료 (플레이스 참조),서울 금천구에 위치한 인기 아기랑 키즈카페 명소인 [아쿠아밸리]입니다.,https://search.naver.com/search.naver?where=nexearch&query=%EC%84%9C%EC%9A%B8%20%EA%B8%88%EC%B2%9C%EA%B5%AC%20%EC%95%84%EA%B8%B0%EB%9E%91%20%ED%82%A4%EC%A6%88%EC%B9%B4%ED%8E%98,family:1.0;baby:1.0;parking:1.0;nursing_room:1.0;금천구;아기랑 키즈카페,2026-08-22 20:34:25,toddler:1.0;indoor:0.9;play:1.0,2,85
네이버 장소검색 | 서울 금천구,사설키즈카페,플레이월드 금천독산점,상시,영유아 및 어린이 (0세~9세),서울 금천구 플레이월드 금천독산점,무료/유료 (플레이스 참조),서울 금천구에 위치한 인기 아기랑 키즈카페 명소인 [플레이월드 금천독산점]입니다.,https://search.naver.com/search.naver?where=nexearch&query=%EC%84%9C%EC%9A%B8%20%EA%B8%88%EC%B2%9C%EA%B5%AC%20%EC%95%84%EA%B8%B0%EB%9E%91%20%ED%82%A4%EC%A6%88%EC%B9%B4%ED%8E%98,family:1.0;baby:1.0;parking:1.0;nursing_room:1.0;금천구;아기랑 키즈카페,2026-08-22 20:34:25,toddler:1.0;indoor:0.9;play:1.0,2,85
네이버 장소검색 | 서울 금천구,사설키즈카페,닥터밸런스 마리오아울렛 가산점,상시,영유아 및 어린이 (0세~9세),서울 금천구 닥터밸런스 마리오아울렛 가산점,무료/유료 (플레이스 참조),서울 금천구에 위치한 인기 아기랑 키즈카페 명소인 [닥터밸런스 마리오아울렛 가산점]입니다.,https://search.naver.com/search.naver?where=nexearch&query=%EC%84%9C%EC%9A%B8%20%EA%B8%88%EC%B2%9C%EA%B5%AC%20%EC%95%84%EA%B8%B0%EB%9E%91%20%ED%82%A4%EC%A6%88%EC%B9%B4%ED%8E%98,family:1.0;baby:1.0;parking:1.0;nursing_room:1.0;금천구;아기랑 키즈카페,2026-08-22 20:34:25,toddler:1.0;indoor:0.9;play:1.0,2,85
네이버 장소검색 | 서울 금천구,사설키즈카페,뽀로로파크 롯데마트맥스 금천점,상시,영유아 및 어린이 (0세~9세),서울 금천구 뽀로로파크 롯데마트맥스 금천점,무료/유료 (플레이스 참조),서울 금천구에 위치한 인기 아기랑 키즈카페 명소인 [뽀로로파크 롯데마트맥스 금천점]입니다.,https://search.naver.com/search.naver?where=nexearch&query=%EC%84%9C%EC%9A%B8%20%EA%B8%88%EC%B2%9C%EA%B5%AC%20%EC%95%84%EA%B8%B0%EB%9E%91%20%ED%82%A4%EC%A6%88%EC%B9%B4%ED%8E%98,family:1.0;baby:1.0;parking:1.0;nursing_room:1.0;금천구;아기랑 키즈카페,2026-08-22 20:34:25,toddler:1.0;indoor:0.9;play:1.0,2,85
네이버 장소검색 | 서울 금천구,사설키즈카페,조이키즈룸 금천점,상시,영유아 및 어린이 (0세~9세),서울 금천구 조이키즈룸 금천점,무료/유료 (플레이스 참조),서울 금천구에 위치한 인기 아기랑 키즈카페 명소인 [조이키즈룸 금천점]입니다.,https://search.naver.com/search.naver?where=nexearch&query=%EC%84%9C%EC%9A%B8%20%EA%B8%88%EC%B2%9C%EA%B5%AC%20%EC%95%84%EA%B8%B0%EB%9E%91%20%ED%82%A4%EC%A6%88%EC%B9%B4%ED%8E%98,family:1.0;baby:1.0;parking:1.0;nursing_room:1.0;금천구;아기랑 키즈카페,2026-08-22 20:34:25,toddler:1.0;indoor:0.9;play:1.0,2,85
네이버 장소검색 | 서울 금천구,사설키즈카페,코지키즈라운지 무인키즈룸 금천독산점,상시,영유아 및 어린이 (0세~9세),서울 금천구 코지키즈라운지 무인키즈룸 금천독산점,무료/유료 (플레이스 참조),서울 금천구에 위치한 인기 아기랑 키즈카페 명소인 [코지키즈라운지 무인키즈룸 금천독산점]입니다.,https://search.naver.com/search.naver?where=nexearch&query=%EC%84%9C%EC%9A%B8%20%EA%B8%88%EC%B2%9C%EA%B5%AC%20%EC%95%84%EA%B8%B0%EB%9E%91%20%ED%82%A4%EC%A6%88%EC%B9%B4%ED%8E%98,family:1.0;baby:1.0;parking:1.0;nursing_room:1.0;금천구;아기랑 키즈카페,2026-08-22 20:34:25,toddler:1.0;indoor:0.9;play:1.0,2,85
네이버 장소검색 | 서울 금천구,자연친화,블루라군 금천점수영장,상시,영유아 및 어린이 (0세~9세),서울 금천구 블루라군 금천점수영장,무료/유료 (플레이스 참조),서울 금천구에 위치한 인기 아기랑 수영장 명소인 [블루라군 금천점수영장]입니다.,https://search.naver.com/search.naver?where=nexearch&query=%EC%84%9C%EC%9A%B8%20%EA%B8%88%EC%B2%9C%EA%B5%AC%20%EC%95%84%EA%B8%B0%EB%9E%91%20%EC%88%98%EC%98%81%EC%9E%A5,family:1.0;baby:1.0;parking:1.0;nursing_room:1.0;금천구;아기랑 수영장,2026-08-22 20:34:25,pool:1.0;water:1.0;outdoor:0.9,2,85
네이버 장소검색 | 서울 금천구,자연친화,금천구민문화체육센터수영장,상시,영유아 및 어린이 (0세~9세),서울 금천구 금천구민문화체육센터수영장,무료/유료 (플레이스 참조),서울 금천구에 위치한 인기 아기랑 수영장 명소인 [금천구민문화체육센터수영장]입니다.,https://search.naver.com/search.naver?where=nexearch&query=%EC%84%9C%EC%9A%B8%20%EA%B8%88%EC%B2%9C%EA%B5%AC%20%EC%95%84%EA%B8%B0%EB%9E%91%20%EC%88%98%EC%98%81%EC%9E%A5,family:1.0;baby:1.0;parking:1.0;nursing_room:1.0;금천구;아기랑 수영장,2026-08-22 20:34:25,pool:1.0;water:1.0;outdoor:0.9,2,85
네이버 장소검색 | 서울 금천구,자연친화,시립금천청소년센터 수영장,상시,영유아 및 어린이 (0세~9세),서울 금천구 시립금천청소년센터 수영장,무료/유료 (플레이스 참조),서울 금천구에 위치한 인기 아기랑 수영장 명소인 [시립금천청소년센터 수영장]입니다.,https://search.naver.com/search.naver?where=nexearch&query=%EC%84%9C%EC%9A%B8%20%EA%B8%88%EC%B2%9C%EA%B5%AC%20%EC%95%84%EA%B8%B0%EB%9E%91%20%EC%88%98%EC%98%81%EC%9E%A5,family:1.0;baby:1.0;parking:1.0;nursing_room:1.0;금천구;아기랑 수영장,2026-08-22 20:34:25,pool:1.0;water:1.0;outdoor:0.9,2,85
네이버 장소검색 | 서울 금천구,자연친화,젤잼물놀이터수영장,상시,영유아 및 어린이 (0세~9세),서울 금천구 젤잼물놀이터수영장,무료/유료 (플레이스 참조),서울 금천구에 위치한 인기 아기랑 수영장 명소인 [젤잼물놀이터수영장]입니다.,https://search.naver.com/search.naver?where=nexearch&query=%EC%84%9C%EC%9A%B8%20%EA%B8%88%EC%B2%9C%EA%B5%AC%20%EC%95%84%EA%B8%B0%EB%9E%91%20%EC%88%98%EC%98%81%EC%9E%A5,family:1.0;baby:1.0;parking:1.0;nursing_room:1.0;금천구;아기랑 수영장,2026-08-22 20:34:25,pool:1.0;water:1.0;outdoor:0.9,2,85
네이버 장소검색 | 서울 금천구,자연친화,시흥영유아전용물놀이장수영장,상시,영유아 및 어린이 (0세~9세),서울 금천구 시흥영유아전용물놀이장수영장,무료/유료 (플레이스 참조),서울 금천구에 위치한 인기 아기랑 수영장 명소인 [시흥영유아전용물놀이장수영장]입니다.,https://search.naver.com/search.naver?where=nexearch&query=%EC%84%9C%EC%9A%B8%20%EA%B8%88%EC%B2%9C%EA%B5%AC%20%EC%95%84%EA%B8%B0%EB%9E%91%20%EC%88%98%EC%98%81%EC%9E%A5,family:1.0;baby:1.0;parking:1.0;nursing_room:1.0;금천구;아기랑 수영장,2026-08-22 20:34:25,pool:1.0;water:1.0;outdoor:0.9,2,85
네이버 장소검색 | 서울 금천구,자연친화,골목길물놀이장수영장,상시,영유아 및 어린이 (0세~9세),서울 금천구 골목길물놀이장수영장,무료/유료 (플레이스 참조),서울 금천구에 위치한 인기 아기랑 수영장 명소인 [골목길물놀이장수영장]입니다.,https://search.naver.com/search.naver?where=nexearch&query=%EC%84%9C%EC%9A%B8%20%EA%B8%88%EC%B2%9C%EA%B5%AC%20%EC%95%84%EA%B8%B0%EB%9E%91%20%EC%88%98%EC%98%81%EC%9E%A5,family:1.0;baby:1.0;parking:1.0;nursing_room:1.0;금천구;아기랑 수영장,2026-08-22 20:34:25,pool:1.0;water:1.0;outdoor:0.9,2,85
네이버 장소검색 | 서울 금천구,자연친화,서울가산동 가산디지털단지역 아쿠아리움과,상시,영유아 및 어린이 (0세~9세),서울 금천구 서울가산동 가산디지털단지역 아쿠아리움과,무료/유료 (플레이스 참조),서울 금천구에 위치한 인기 아기랑 모래놀이 명소인 [서울가산동 가산디지털단지역 아쿠아리움과]입니다.,https://search.naver.com/search.naver?where=nexearch&query=%EC%84%9C%EC%9A%B8%20%EA%B8%88%EC%B2%9C%EA%B5%AC%20%EC%95%84%EA%B8%B0%EB%9E%91%20%EB%AA%A8%EB%9E%98%EB%86%80%EC%9D%B4,family:1.0;baby:1.0;parking:1.0;nursing_room:1.0;금천구;아기랑 모래놀이,2026-08-22 20:34:25,sand:1.0;nature:1.0;play:0.9,2,85
네이버 장소검색 | 서울 금천구,자연친화,서울 금천구,상시,영유아 및 어린이 (0세~9세),서울 금천구 서울 금천구,무료/유료 (플레이스 참조),서울 금천구에 위치한 인기 아기랑 모래놀이 명소인 [서울 금천구]입니다.,https://search.naver.com/search.naver?where=nexearch&query=%EC%84%9C%EC%9A%B8%20%EA%B8%88%EC%B2%9C%EA%B5%AC%20%EC%95%84%EA%B8%B0%EB%9E%91%20%EB%AA%A8%EB%9E%98%EB%86%80%EC%9D%B4,family:1.0;baby:1.0;parking:1.0;nursing_room:1.0;금천구;아기랑 모래놀이,2026-08-22 20:34:25,sand:1.0;nature:1.0;play:0.9,2,85
네이버 장소검색 | 서울 금천구,자연친화,서울아기랑,상시,영유아 및 어린이 (0세~9세),서울 금천구 서울아기랑,무료/유료 (플레이스 참조),서울 금천구에 위치한 인기 아기랑 모래놀이 명소인 [서울아기랑]입니다.,https://search.naver.com/search.naver?where=nexearch&query=%EC%84%9C%EC%9A%B8%20%EA%B8%88%EC%B2%9C%EA%B5%AC%20%EC%95%84%EA%B8%B0%EB%9E%91%20%EB%AA%A8%EB%9E%98%EB%86%80%EC%9D%B4,family:1.0;baby:1.0;parking:1.0;nursing_room:1.0;금천구;아기랑 모래놀이,2026-08-22 20:34:25,sand:1.0;nature:1.0;play:0.9,2,85
네이버 장소검색 | 서울 금천구,자연친화,금천폭포공원공원,상시,영유아 및 어린이 (0세~9세),서울 금천구 금천폭포공원공원,무료/유료 (플레이스 참조),서울 금천구에 위치한 인기 아기랑 공원 명소인 [금천폭포공원공원]입니다.,https://search.naver.com/search.naver?where=nexearch&query=%EC%84%9C%EC%9A%B8%20%EA%B8%88%EC%B2%9C%EA%B5%AC%20%EC%95%84%EA%B8%B0%EB%9E%91%20%EA%B3%B5%EC%9B%90,family:1.0;baby:1.0;parking:1.0;nursing_room:1.0;금천구;아기랑 공원,2026-08-22 20:34:25,park:1.0;picnic:1.0;nature:1.0,2,85
네이버 장소검색 | 서울 금천구,자연친화,"오미생태공원자연,생태공원",상시,영유아 및 어린이 (0세~9세),"서울 금천구 오미생태공원자연,생태공원",무료/유료 (플레이스 참조),"서울 금천구에 위치한 인기 아기랑 공원 명소인 [오미생태공원자연,생태공원]입니다.",https://search.naver.com/search.naver?where=nexearch&query=%EC%84%9C%EC%9A%B8%20%EA%B8%88%EC%B2%9C%EA%B5%AC%20%EC%95%84%EA%B8%B0%EB%9E%91%20%EA%B3%B5%EC%9B%90,family:1.0;baby:1.0;parking:1.0;nursing_room:1.0;금천구;아기랑 공원,2026-08-22 20:34:25,park:1.0;picnic:1.0;nature:1.0,2,85
네이버 장소검색 | 서울 금천구,자연친화,산기슭공원공원,상시,영유아 및 어린이 (0세~9세),서울 금천구 산기슭공원공원,무료/유료 (플레이스 참조),서울 금천구에 위치한 인기 아기랑 공원 명소인 [산기슭공원공원]입니다.,https://search.naver.com/search.naver?where=nexearch&query=%EC%84%9C%EC%9A%B8%20%EA%B8%88%EC%B2%9C%EA%B5%AC%20%EC%95%84%EA%B8%B0%EB%9E%91%20%EA%B3%B5%EC%9B%90,family:1.0;baby:1.0;parking:1.0;nursing_room:1.0;금천구;아기랑 공원,2026-08-22 20:34:25,park:1.0;picnic:1.0;nature:1.0,2,85
네이버 장소검색 | 서울 금천구,자연친화,독산공원,상시,영유아 및 어린이 (0세~9세),서울 금천구 독산공원,무료/유료 (플레이스 참조),서울 금천구에 위치한 인기 아기랑 공원 명소인 [독산공원]입니다.,https://search.naver.com/search.naver?where=nexearch&query=%EC%84%9C%EC%9A%B8%20%EA%B8%88%EC%B2%9C%EA%B5%AC%20%EC%95%84%EA%B8%B0%EB%9E%91%20%EA%B3%B5%EC%9B%90,family:1.0;baby:1.0;parking:1.0;nursing_room:1.0;금천구;아기랑 공원,2026-08-22 20:34:25,park:1.0;picnic:1.0;nature:1.0,2,85
네이버 장소검색 | 서울 금천구,자연친화,해태공원공원,상시,영유아 및 어린이 (0세~9세),서울 금천구 해태공원공원,무료/유료 (플레이스 참조),서울 금천구에 위치한 인기 아기랑 공원 명소인 [해태공원공원]입니다.,https://search.naver.com/search.naver?where=nexearch&query=%EC%84%9C%EC%9A%B8%20%EA%B8%88%EC%B2%9C%EA%B5%AC%20%EC%95%84%EA%B8%B0%EB%9E%91%20%EA%B3%B5%EC%9B%90,family:1.0;baby:1.0;parking:1.0;nursing_room:1.0;금천구;아기랑 공원,2026-08-22 20:34:25,park:1.0;picnic:1.0;nature:1.0,2,85
네이버 장소검색 | 서울 금천구,자연친화,새재미공원공원,상시,영유아 및 어린이 (0세~9세),서울 금천구 새재미공원공원,무료/유료 (플레이스 참조),서울 금천구에 위치한 인기 아기랑 공원 명소인 [새재미공원공원]입니다.,https://search.naver.com/search.naver?where=nexearch&query=%EC%84%9C%EC%9A%B8%20%EA%B8%88%EC%B2%9C%EA%B5%AC%20%EC%95%84%EA%B8%B0%EB%9E%91%20%EA%B3%B5%EC%9B%90,family:1.0;baby:1.0;parking:1.0;nursing_room:1.0;금천구;아기랑 공원,2026-08-22 20:34:25,park:1.0;picnic:1.0;nature:1.0,2,85
네이버 장소검색 | 서울 금천구,자연친화,한 공간에서,상시,영유아 및 어린이 (0세~9세),서울 금천구 한 공간에서,무료/유료 (플레이스 참조),서울 금천구에 위치한 인기 아기랑 공원 명소인 [한 공간에서]입니다.,https://search.naver.com/search.naver?where=nexearch&query=%EC%84%9C%EC%9A%B8%20%EA%B8%88%EC%B2%9C%EA%B5%AC%20%EC%95%84%EA%B8%B0%EB%9E%91%20%EA%B3%B5%EC%9B%90,family:1.0;baby:1.0;parking:1.0;nursing_room:1.0;금천구;아기랑 공원,2026-08-22 20:34:25,park:1.0;picnic:1.0;nature:1.0,2,85
네이버 장소검색 | 서울 노원구,사설키즈카페,점프,상시,영유아 및 어린이 (0세~9세),서울 노원구 점프,무료/유료 (플레이스 참조),서울 노원구에 위치한 인기 아기랑 키즈카페 명소인 [점프]입니다.,https://search.naver.com/search.naver?where=nexearch&query=%EC%84%9C%EC%9A%B8%20%EB%85%B8%EC%9B%90%EA%B5%AC%20%EC%95%84%EA%B8%B0%EB%9E%91%20%ED%82%A4%EC%A6%88%EC%B9%B4%ED%8E%98,family:1.0;baby:1.0;parking:1.0;nursing_room:1.0;노원구;아기랑 키즈카페,2026-08-22 20:34:25,toddler:1.0;indoor:0.9;play:1.0,2,85
네이버 장소검색 | 서울 노원구,사설키즈카페,키즈런 스포츠파크 노원점,상시,영유아 및 어린이 (0세~9세),서울 노원구 키즈런 스포츠파크 노원점,무료/유료 (플레이스 참조),서울 노원구에 위치한 인기 아기랑 키즈카페 명소인 [키즈런 스포츠파크 노원점]입니다.,https://search.naver.com/search.naver?where=nexearch&query=%EC%84%9C%EC%9A%B8%20%EB%85%B8%EC%9B%90%EA%B5%AC%20%EC%95%84%EA%B8%B0%EB%9E%91%20%ED%82%A4%EC%A6%88%EC%B9%B4%ED%8E%98,family:1.0;baby:1.0;parking:1.0;nursing_room:1.0;노원구;아기랑 키즈카페,2026-08-22 20:34:25,toddler:1.0;indoor:0.9;play:1.0,2,85
네이버 장소검색 | 서울 노원구,사설키즈카페,점핑몬스터 상계백병원점,상시,영유아 및 어린이 (0세~9세),서울 노원구 점핑몬스터 상계백병원점,무료/유료 (플레이스 참조),서울 노원구에 위치한 인기 아기랑 키즈카페 명소인 [점핑몬스터 상계백병원점]입니다.,https://search.naver.com/search.naver?where=nexearch&query=%EC%84%9C%EC%9A%B8%20%EB%85%B8%EC%9B%90%EA%B5%AC%20%EC%95%84%EA%B8%B0%EB%9E%91%20%ED%82%A4%EC%A6%88%EC%B9%B4%ED%8E%98,family:1.0;baby:1.0;parking:1.0;nursing_room:1.0;노원구;아기랑 키즈카페,2026-08-22 20:34:25,toddler:1.0;indoor:0.9;play:1.0,2,85
네이버 장소검색 | 서울 노원구,사설키즈카페,숲속모래성 키즈카페 노원공릉점,상시,영유아 및 어린이 (0세~9세),서울 노원구 숲속모래성 키즈카페 노원공릉점,무료/유료 (플레이스 참조),서울 노원구에 위치한 인기 아기랑 키즈카페 명소인 [숲속모래성 키즈카페 노원공릉점]입니다.,https://search.naver.com/search.naver?where=nexearch&query=%EC%84%9C%EC%9A%B8%20%EB%85%B8%EC%9B%90%EA%B5%AC%20%EC%95%84%EA%B8%B0%EB%9E%91%20%ED%82%A4%EC%A6%88%EC%B9%B4%ED%8E%98,family:1.0;baby:1.0;parking:1.0;nursing_room:1.0;노원구;아기랑 키즈카페,2026-08-22 20:34:25,toddler:1.0;indoor:0.9;play:1.0,2,85
네이버 장소검색 | 서울 노원구,사설키즈카페,월드킹 노원점,상시,영유아 및 어린이 (0세~9세),서울 노원구 월드킹 노원점,무료/유료 (플레이스 참조),서울 노원구에 위치한 인기 아기랑 키즈카페 명소인 [월드킹 노원점]입니다.,https://search.naver.com/search.naver?where=nexearch&query=%EC%84%9C%EC%9A%B8%20%EB%85%B8%EC%9B%90%EA%B5%AC%20%EC%95%84%EA%B8%B0%EB%9E%91%20%ED%82%A4%EC%A6%88%EC%B9%B4%ED%8E%98,family:1.0;baby:1.0;parking:1.0;nursing_room:1.0;노원구;아기랑 키즈카페,2026-08-22 20:34:25,toddler:1.0;indoor:0.9;play:1.0,2,85
네이버 장소검색 | 서울 노원구,사설키즈카페,꿀잼키즈룸 노원점,상시,영유아 및 어린이 (0세~9세),서울 노원구 꿀잼키즈룸 노원점,무료/유료 (플레이스 참조),서울 노원구에 위치한 인기 아기랑 키즈카페 명소인 [꿀잼키즈룸 노원점]입니다.,https://search.naver.com/search.naver?where=nexearch&query=%EC%84%9C%EC%9A%B8%20%EB%85%B8%EC%9B%90%EA%B5%AC%20%EC%95%84%EA%B8%B0%EB%9E%91%20%ED%82%A4%EC%A6%88%EC%B9%B4%ED%8E%98,family:1.0;baby:1.0;parking:1.0;nursing_room:1.0;노원구;아기랑 키즈카페,2026-08-22 20:34:25,toddler:1.0;indoor:0.9;play:1.0,2,85
네이버 장소검색 | 서울 노원구,사설키즈카페,서울시 상계동,상시,영유아 및 어린이 (0세~9세),서울 노원구 서울시 상계동,무료/유료 (플레이스 참조),서울 노원구에 위치한 인기 아기랑 키즈카페 명소인 [서울시 상계동]입니다.,https://search.naver.com/search.naver?where=nexearch&query=%EC%84%9C%EC%9A%B8%20%EB%85%B8%EC%9B%90%EA%B5%AC%20%EC%95%84%EA%B8%B0%EB%9E%91%20%ED%82%A4%EC%A6%88%EC%B9%B4%ED%8E%98,family:1.0;baby:1.0;parking:1.0;nursing_room:1.0;노원구;아기랑 키즈카페,2026-08-22 20:34:25,toddler:1.0;indoor:0.9;play:1.0,2,85
네이버 장소검색 | 서울 노원구,자연친화,벽운계곡,상시,영유아 및 어린이 (0세~9세),서울 노원구 벽운계곡,무료/유료 (플레이스 참조),서울 노원구에 위치한 인기 아기랑 계곡 명소인 [벽운계곡]입니다.,https://search.naver.com/search.naver?where=nexearch&query=%EC%84%9C%EC%9A%B8%20%EB%85%B8%EC%9B%90%EA%B5%AC%20%EC%95%84%EA%B8%B0%EB%9E%91%20%EA%B3%84%EA%B3%A1,family:1.0;baby:1.0;parking:1.0;nursing_room:1.0;노원구;아기랑 계곡,2026-08-22 20:34:25,valley:1.0;nature:1.0;water:1.0,2,85
네이버 장소검색 | 서울 노원구,자연친화,청학동계곡,상시,영유아 및 어린이 (0세~9세),서울 노원구 청학동계곡,무료/유료 (플레이스 참조),서울 노원구에 위치한 인기 아기랑 계곡 명소인 [청학동계곡]입니다.,https://search.naver.com/search.naver?where=nexearch&query=%EC%84%9C%EC%9A%B8%20%EB%85%B8%EC%9B%90%EA%B5%AC%20%EC%95%84%EA%B8%B0%EB%9E%91%20%EA%B3%84%EA%B3%A1,family:1.0;baby:1.0;parking:1.0;nursing_room:1.0;노원구;아기랑 계곡,2026-08-22 20:34:25,valley:1.0;nature:1.0;water:1.0,2,85
네이버 장소검색 | 서울 노원구,자연친화,덕릉계곡,상시,영유아 및 어린이 (0세~9세),서울 노원구 덕릉계곡,무료/유료 (플레이스 참조),서울 노원구에 위치한 인기 아기랑 계곡 명소인 [덕릉계곡]입니다.,https://search.naver.com/search.naver?where=nexearch&query=%EC%84%9C%EC%9A%B8%20%EB%85%B8%EC%9B%90%EA%B5%AC%20%EC%95%84%EA%B8%B0%EB%9E%91%20%EA%B3%84%EA%B3%A1,family:1.0;baby:1.0;parking:1.0;nursing_room:1.0;노원구;아기랑 계곡,2026-08-22 20:34:25,valley:1.0;nature:1.0;water:1.0,2,85
네이버 장소검색 | 서울 노원구,자연친화,스윔핏 노원태릉입구역점수영장,상시,영유아 및 어린이 (0세~9세),서울 노원구 스윔핏 노원태릉입구역점수영장,무료/유료 (플레이스 참조),서울 노원구에 위치한 인기 아기랑 수영장 명소인 [스윔핏 노원태릉입구역점수영장]입니다.,https://search.naver.com/search.naver?where=nexearch&query=%EC%84%9C%EC%9A%B8%20%EB%85%B8%EC%9B%90%EA%B5%AC%20%EC%95%84%EA%B8%B0%EB%9E%91%20%EC%88%98%EC%98%81%EC%9E%A5,family:1.0;baby:1.0;parking:1.0;nursing_room:1.0;노원구;아기랑 수영장,2026-08-22 20:34:25,pool:1.0;water:1.0;outdoor:0.9,2,85
네이버 장소검색 | 서울 노원구,자연친화,베베쿠아 베이비스파카페수영장,상시,영유아 및 어린이 (0세~9세),서울 노원구 베베쿠아 베이비스파카페수영장,무료/유료 (플레이스 참조),서울 노원구에 위치한 인기 아기랑 수영장 명소인 [베베쿠아 베이비스파카페수영장]입니다.,https://search.naver.com/search.naver?where=nexearch&query=%EC%84%9C%EC%9A%B8%20%EB%85%B8%EC%9B%90%EA%B5%AC%20%EC%95%84%EA%B8%B0%EB%9E%91%20%EC%88%98%EC%98%81%EC%9E%A5,family:1.0;baby:1.0;parking:1.0;nursing_room:1.0;노원구;아기랑 수영장,2026-08-22 20:34:25,pool:1.0;water:1.0;outdoor:0.9,2,85
네이버 장소검색 | 서울 노원구,자연친화,블루키즈 어린이 수영장,상시,영유아 및 어린이 (0세~9세),서울 노원구 블루키즈 어린이 수영장,무료/유료 (플레이스 참조),서울 노원구에 위치한 인기 아기랑 수영장 명소인 [블루키즈 어린이 수영장]입니다.,https://search.naver.com/search.naver?where=nexearch&query=%EC%84%9C%EC%9A%B8%20%EB%85%B8%EC%9B%90%EA%B5%AC%20%EC%95%84%EA%B8%B0%EB%9E%91%20%EC%88%98%EC%98%81%EC%9E%A5,family:1.0;baby:1.0;parking:1.0;nursing_room:1.0;노원구;아기랑 수영장,2026-08-22 20:34:25,pool:1.0;water:1.0;outdoor:0.9,2,85
네이버 장소검색 | 서울 노원구,자연친화,타잔B&G어린이수영장,상시,영유아 및 어린이 (0세~9세),서울 노원구 타잔B&G어린이수영장,무료/유료 (플레이스 참조),서울 노원구에 위치한 인기 아기랑 수영장 명소인 [타잔B&G어린이수영장]입니다.,https://search.naver.com/search.naver?where=nexearch&query=%EC%84%9C%EC%9A%B8%20%EB%85%B8%EC%9B%90%EA%B5%AC%20%EC%95%84%EA%B8%B0%EB%9E%91%20%EC%88%98%EC%98%81%EC%9E%A5,family:1.0;baby:1.0;parking:1.0;nursing_room:1.0;노원구;아기랑 수영장,2026-08-22 20:34:25,pool:1.0;water:1.0;outdoor:0.9,2,85
네이버 장소검색 | 서울 노원구,자연친화,오션키즈 노원점수영장,상시,영유아 및 어린이 (0세~9세),서울 노원구 오션키즈 노원점수영장,무료/유료 (플레이스 참조),서울 노원구에 위치한 인기 아기랑 수영장 명소인 [오션키즈 노원점수영장]입니다.,https://search.naver.com/search.naver?where=nexearch&query=%EC%84%9C%EC%9A%B8%20%EB%85%B8%EC%9B%90%EA%B5%AC%20%EC%95%84%EA%B8%B0%EB%9E%91%20%EC%88%98%EC%98%81%EC%9E%A5,family:1.0;baby:1.0;parking:1.0;nursing_room:1.0;노원구;아기랑 수영장,2026-08-22 20:34:25,pool:1.0;water:1.0;outdoor:0.9,2,85
네이버 장소검색 | 서울 노원구,자연친화,꿀잼워터파크수영장,상시,영유아 및 어린이 (0세~9세),서울 노원구 꿀잼워터파크수영장,무료/유료 (플레이스 참조),서울 노원구에 위치한 인기 아기랑 수영장 명소인 [꿀잼워터파크수영장]입니다.,https://search.naver.com/search.naver?where=nexearch&query=%EC%84%9C%EC%9A%B8%20%EB%85%B8%EC%9B%90%EA%B5%AC%20%EC%95%84%EA%B8%B0%EB%9E%91%20%EC%88%98%EC%98%81%EC%9E%A5,family:1.0;baby:1.0;parking:1.0;nursing_room:1.0;노원구;아기랑 수영장,2026-08-22 20:34:25,pool:1.0;water:1.0;outdoor:0.9,2,85
네이버 장소검색 | 서울 노원구,자연친화,중계문화공원공원,상시,영유아 및 어린이 (0세~9세),서울 노원구 중계문화공원공원,무료/유료 (플레이스 참조),서울 노원구에 위치한 인기 아기랑 공원 명소인 [중계문화공원공원]입니다.,https://search.naver.com/search.naver?where=nexearch&query=%EC%84%9C%EC%9A%B8%20%EB%85%B8%EC%9B%90%EA%B5%AC%20%EC%95%84%EA%B8%B0%EB%9E%91%20%EA%B3%B5%EC%9B%90,family:1.0;baby:1.0;parking:1.0;nursing_room:1.0;노원구;아기랑 공원,2026-08-22 20:34:25,park:1.0;picnic:1.0;nature:1.0,2,85
네이버 장소검색 | 서울 노원구,자연친화,불빛정원자연공원,상시,영유아 및 어린이 (0세~9세),서울 노원구 불빛정원자연공원,무료/유료 (플레이스 참조),서울 노원구에 위치한 인기 아기랑 공원 명소인 [불빛정원자연공원]입니다.,https://search.naver.com/search.naver?where=nexearch&query=%EC%84%9C%EC%9A%B8%20%EB%85%B8%EC%9B%90%EA%B5%AC%20%EC%95%84%EA%B8%B0%EB%9E%91%20%EA%B3%B5%EC%9B%90,family:1.0;baby:1.0;parking:1.0;nursing_room:1.0;노원구;아기랑 공원,2026-08-22 20:34:25,park:1.0;picnic:1.0;nature:1.0,2,85
네이버 장소검색 | 서울 노원구,자연친화,상계공원,상시,영유아 및 어린이 (0세~9세),서울 노원구 상계공원,무료/유료 (플레이스 참조),서울 노원구에 위치한 인기 아기랑 공원 명소인 [상계공원]입니다.,https://search.naver.com/search.naver?where=nexearch&query=%EC%84%9C%EC%9A%B8%20%EB%85%B8%EC%9B%90%EA%B5%AC%20%EC%95%84%EA%B8%B0%EB%9E%91%20%EA%B3%B5%EC%9B%90,family:1.0;baby:1.0;parking:1.0;nursing_room:1.0;노원구;아기랑 공원,2026-08-22 20:34:25,park:1.0;picnic:1.0;nature:1.0,2,85
네이버 장소검색 | 서울 노원구,자연친화,수락산당고개지구공원공원,상시,영유아 및 어린이 (0세~9세),서울 노원구 수락산당고개지구공원공원,무료/유료 (플레이스 참조),서울 노원구에 위치한 인기 아기랑 공원 명소인 [수락산당고개지구공원공원]입니다.,https://search.naver.com/search.naver?where=nexearch&query=%EC%84%9C%EC%9A%B8%20%EB%85%B8%EC%9B%90%EA%B5%AC%20%EC%95%84%EA%B8%B0%EB%9E%91%20%EA%B3%B5%EC%9B%90,family:1.0;baby:1.0;parking:1.0;nursing_room:1.0;노원구;아기랑 공원,2026-08-22 20:34:25,park:1.0;picnic:1.0;nature:1.0,2,85
네이버 장소검색 | 서울 노원구,자연친화,골마을공원,상시,영유아 및 어린이 (0세~9세),서울 노원구 골마을공원,무료/유료 (플레이스 참조),서울 노원구에 위치한 인기 아기랑 공원 명소인 [골마을공원]입니다.,https://search.naver.com/search.naver?where=nexearch&query=%EC%84%9C%EC%9A%B8%20%EB%85%B8%EC%9B%90%EA%B5%AC%20%EC%95%84%EA%B8%B0%EB%9E%91%20%EA%B3%B5%EC%9B%90,family:1.0;baby:1.0;parking:1.0;nursing_room:1.0;노원구;아기랑 공원,2026-08-22 20:34:25,park:1.0;picnic:1.0;nature:1.0,2,85
네이버 장소검색 | 서울 노원구,자연친화,한내공원,상시,영유아 및 어린이 (0세~9세),서울 노원구 한내공원,무료/유료 (플레이스 참조),서울 노원구에 위치한 인기 아기랑 공원 명소인 [한내공원]입니다.,https://search.naver.com/search.naver?where=nexearch&query=%EC%84%9C%EC%9A%B8%20%EB%85%B8%EC%9B%90%EA%B5%AC%20%EC%95%84%EA%B8%B0%EB%9E%91%20%EA%B3%B5%EC%9B%90,family:1.0;baby:1.0;parking:1.0;nursing_room:1.0;노원구;아기랑 공원,2026-08-22 20:34:25,park:1.0;picnic:1.0;nature:1.0,2,85
네이버 장소검색 | 서울 노원구,자연친화,두 곳 묶기 코스 활용 — 중계공원,상시,영유아 및 어린이 (0세~9세),서울 노원구 두 곳 묶기 코스 활용 — 중계공원,무료/유료 (플레이스 참조),서울 노원구에 위치한 인기 아기랑 공원 명소인 [두 곳 묶기 코스 활용 — 중계공원]입니다.,https://search.naver.com/search.naver?where=nexearch&query=%EC%84%9C%EC%9A%B8%20%EB%85%B8%EC%9B%90%EA%B5%AC%20%EC%95%84%EA%B8%B0%EB%9E%91%20%EA%B3%B5%EC%9B%90,family:1.0;baby:1.0;parking:1.0;nursing_room:1.0;노원구;아기랑 공원,2026-08-22 20:34:25,park:1.0;picnic:1.0;nature:1.0,2,85
네이버 장소검색 | 서울 노원구,자연친화,맘맘mom-mom.net›맘맘›여행›중계공원,상시,영유아 및 어린이 (0세~9세),서울 노원구 맘맘mom-mom.net›맘맘›여행›중계공원,무료/유료 (플레이스 참조),서울 노원구에 위치한 인기 아기랑 공원 명소인 [맘맘mom-mom.net›맘맘›여행›중계공원]입니다.,https://search.naver.com/search.naver?where=nexearch&query=%EC%84%9C%EC%9A%B8%20%EB%85%B8%EC%9B%90%EA%B5%AC%20%EC%95%84%EA%B8%B0%EB%9E%91%20%EA%B3%B5%EC%9B%90,family:1.0;baby:1.0;parking:1.0;nursing_room:1.0;노원구;아기랑 공원,2026-08-22 20:34:25,park:1.0;picnic:1.0;nature:1.0,2,85
네이버 장소검색 | 서울 노원구,자연친화,중계공원,상시,영유아 및 어린이 (0세~9세),서울 노원구 중계공원,무료/유료 (플레이스 참조),서울 노원구에 위치한 인기 아기랑 공원 명소인 [중계공원]입니다.,https://search.naver.com/search.naver?where=nexearch&query=%EC%84%9C%EC%9A%B8%20%EB%85%B8%EC%9B%90%EA%B5%AC%20%EC%95%84%EA%B8%B0%EB%9E%91%20%EA%B3%B5%EC%9B%90,family:1.0;baby:1.0;parking:1.0;nursing_room:1.0;노원구;아기랑 공원,2026-08-22 20:34:25,park:1.0;picnic:1.0;nature:1.0,2,85
네이버 장소검색 | 서울 노원구,자연친화,"서울시노원구동일로 1229노원구민회관, 중계공원",상시,영유아 및 어린이 (0세~9세),"서울 노원구 서울시노원구동일로 1229노원구민회관, 중계공원",무료/유료 (플레이스 참조),"서울 노원구에 위치한 인기 아기랑 공원 명소인 [서울시노원구동일로 1229노원구민회관, 중계공원]입니다.",https://search.naver.com/search.naver?where=nexearch&query=%EC%84%9C%EC%9A%B8%20%EB%85%B8%EC%9B%90%EA%B5%AC%20%EC%95%84%EA%B8%B0%EB%9E%91%20%EA%B3%B5%EC%9B%90,family:1.0;baby:1.0;parking:1.0;nursing_room:1.0;노원구;아기랑 공원,2026-08-22 20:34:25,park:1.0;picnic:1.0;nature:1.0,2,85
네이버 장소검색 | 서울 노원구,사설키즈카페,"여기공원이야,키즈카페야?노원구,",상시,영유아 및 어린이 (0세~9세),"서울 노원구 여기공원이야,키즈카페야?노원구,",무료/유료 (플레이스 참조),"서울 노원구에 위치한 인기 아기랑 공원 명소인 [여기공원이야,키즈카페야?노원구,]입니다.",https://search.naver.com/search.naver?where=nexearch&query=%EC%84%9C%EC%9A%B8%20%EB%85%B8%EC%9B%90%EA%B5%AC%20%EC%95%84%EA%B8%B0%EB%9E%91%20%EA%B3%B5%EC%9B%90,family:1.0;baby:1.0;parking:1.0;nursing_room:1.0;노원구;아기랑 공원,2026-08-22 20:34:25,park:1.0;picnic:1.0;nature:1.0,2,85
네이버 장소검색 | 서울 노원구,자연친화,노원구물놀이터투어 중계 느티울 공원,상시,영유아 및 어린이 (0세~9세),서울 노원구 노원구물놀이터투어 중계 느티울 공원,무료/유료 (플레이스 참조),서울 노원구에 위치한 인기 아기랑 물놀이터 명소인 [노원구물놀이터투어 중계 느티울 공원]입니다.,https://search.naver.com/search.naver?where=nexearch&query=%EC%84%9C%EC%9A%B8%20%EB%85%B8%EC%9B%90%EA%B5%AC%20%EC%95%84%EA%B8%B0%EB%9E%91%20%EB%AC%BC%EB%86%80%EC%9D%B4%ED%84%B0,family:1.0;baby:1.0;parking:1.0;nursing_room:1.0;노원구;아기랑 물놀이터,2026-08-22 20:34:25,water:1.0;outdoor:1.0;picnic:0.8,2,85
네이버 장소검색 | 서울 노원구,자연친화,공릉동공원,상시,영유아 및 어린이 (0세~9세),서울 노원구 공릉동공원,무료/유료 (플레이스 참조),서울 노원구에 위치한 인기 아기랑 물놀이터 명소인 [공릉동공원]입니다.,https://search.naver.com/search.naver?where=nexearch&query=%EC%84%9C%EC%9A%B8%20%EB%85%B8%EC%9B%90%EA%B5%AC%20%EC%95%84%EA%B8%B0%EB%9E%91%20%EB%AC%BC%EB%86%80%EC%9D%B4%ED%84%B0,family:1.0;baby:1.0;parking:1.0;nursing_room:1.0;노원구;아기랑 물놀이터,2026-08-22 20:34:25,water:1.0;outdoor:1.0;picnic:0.8,2,85
네이버 장소검색 | 서울 노원구,자연친화,"서울시 공릉동 물놀이장, 공릉동공원",상시,영유아 및 어린이 (0세~9세),"서울 노원구 서울시 공릉동 물놀이장, 공릉동공원",무료/유료 (플레이스 참조),"서울 노원구에 위치한 인기 아기랑 물놀이터 명소인 [서울시 공릉동 물놀이장, 공릉동공원]입니다.",https://search.naver.com/search.naver?where=nexearch&query=%EC%84%9C%EC%9A%B8%20%EB%85%B8%EC%9B%90%EA%B5%AC%20%EC%95%84%EA%B8%B0%EB%9E%91%20%EB%AC%BC%EB%86%80%EC%9D%B4%ED%84%B0,family:1.0;baby:1.0;parking:1.0;nursing_room:1.0;노원구;아기랑 물놀이터,2026-08-22 20:34:25,water:1.0;outdoor:1.0;picnic:0.8,2,85
네이버 장소검색 | 서울 노원구,자연친화,비석골 공원,상시,영유아 및 어린이 (0세~9세),서울 노원구 비석골 공원,무료/유료 (플레이스 참조),서울 노원구에 위치한 인기 아기랑 물놀이터 명소인 [비석골 공원]입니다.,https://search.naver.com/search.naver?where=nexearch&query=%EC%84%9C%EC%9A%B8%20%EB%85%B8%EC%9B%90%EA%B5%AC%20%EC%95%84%EA%B8%B0%EB%9E%91%20%EB%AC%BC%EB%86%80%EC%9D%B4%ED%84%B0,family:1.0;baby:1.0;parking:1.0;nursing_room:1.0;노원구;아기랑 물놀이터,2026-08-22 20:34:25,water:1.0;outdoor:1.0;picnic:0.8,2,85
네이버 장소검색 | 서울 노원구,자연친화,비석골 공원 비석골 공원,상시,영유아 및 어린이 (0세~9세),서울 노원구 비석골 공원 비석골 공원,무료/유료 (플레이스 참조),서울 노원구에 위치한 인기 아기랑 물놀이터 명소인 [비석골 공원 비석골 공원]입니다.,https://search.naver.com/search.naver?where=nexearch&query=%EC%84%9C%EC%9A%B8%20%EB%85%B8%EC%9B%90%EA%B5%AC%20%EC%95%84%EA%B8%B0%EB%9E%91%20%EB%AC%BC%EB%86%80%EC%9D%B4%ED%84%B0,family:1.0;baby:1.0;parking:1.0;nursing_room:1.0;노원구;아기랑 물놀이터,2026-08-22 20:34:25,water:1.0;outdoor:1.0;picnic:0.8,2,85
네이버 장소검색 | 서울 노원구,자연친화,[노원] 느티울공원,상시,영유아 및 어린이 (0세~9세),서울 노원구 [노원] 느티울공원,무료/유료 (플레이스 참조),서울 노원구에 위치한 인기 아기랑 물놀이터 명소인 [[노원] 느티울공원]입니다.,https://search.naver.com/search.naver?where=nexearch&query=%EC%84%9C%EC%9A%B8%20%EB%85%B8%EC%9B%90%EA%B5%AC%20%EC%95%84%EA%B8%B0%EB%9E%91%20%EB%AC%BC%EB%86%80%EC%9D%B4%ED%84%B0,family:1.0;baby:1.0;parking:1.0;nursing_room:1.0;노원구;아기랑 물놀이터,2026-08-22 20:34:25,water:1.0;outdoor:1.0;picnic:0.8,2,85
네이버 장소검색 | 서울 도봉구,사설키즈카페,헬로방방 도봉구청점,상시,영유아 및 어린이 (0세~9세),서울 도봉구 헬로방방 도봉구청점,무료/유료 (플레이스 참조),서울 도봉구에 위치한 인기 아기랑 키즈카페 명소인 [헬로방방 도봉구청점]입니다.,https://search.naver.com/search.naver?where=nexearch&query=%EC%84%9C%EC%9A%B8%20%EB%8F%84%EB%B4%89%EA%B5%AC%20%EC%95%84%EA%B8%B0%EB%9E%91%20%ED%82%A4%EC%A6%88%EC%B9%B4%ED%8E%98,family:1.0;baby:1.0;parking:1.0;nursing_room:1.0;도봉구;아기랑 키즈카페,2026-08-22 20:34:25,toddler:1.0;indoor:0.9;play:1.0,2,85
네이버 장소검색 | 서울 도봉구,사설키즈카페,키즈키키 키즈룸,상시,영유아 및 어린이 (0세~9세),서울 도봉구 키즈키키 키즈룸,무료/유료 (플레이스 참조),서울 도봉구에 위치한 인기 아기랑 키즈카페 명소인 [키즈키키 키즈룸]입니다.,https://search.naver.com/search.naver?where=nexearch&query=%EC%84%9C%EC%9A%B8%20%EB%8F%84%EB%B4%89%EA%B5%AC%20%EC%95%84%EA%B8%B0%EB%9E%91%20%ED%82%A4%EC%A6%88%EC%B9%B4%ED%8E%98,family:1.0;baby:1.0;parking:1.0;nursing_room:1.0;도봉구;아기랑 키즈카페,2026-08-22 20:34:25,toddler:1.0;indoor:0.9;play:1.0,2,85
네이버 장소검색 | 서울 도봉구,사설키즈카페,키블리,상시,영유아 및 어린이 (0세~9세),서울 도봉구 키블리,무료/유료 (플레이스 참조),서울 도봉구에 위치한 인기 아기랑 키즈카페 명소인 [키블리]입니다.,https://search.naver.com/search.naver?where=nexearch&query=%EC%84%9C%EC%9A%B8%20%EB%8F%84%EB%B4%89%EA%B5%AC%20%EC%95%84%EA%B8%B0%EB%9E%91%20%ED%82%A4%EC%A6%88%EC%B9%B4%ED%8E%98,family:1.0;baby:1.0;parking:1.0;nursing_room:1.0;도봉구;아기랑 키즈카페,2026-08-22 20:34:25,toddler:1.0;indoor:0.9;play:1.0,2,85
네이버 장소검색 | 서울 도봉구,사설키즈카페,뚜뚜랑놀자,상시,영유아 및 어린이 (0세~9세),서울 도봉구 뚜뚜랑놀자,무료/유료 (플레이스 참조),서울 도봉구에 위치한 인기 아기랑 키즈카페 명소인 [뚜뚜랑놀자]입니다.,https://search.naver.com/search.naver?where=nexearch&query=%EC%84%9C%EC%9A%B8%20%EB%8F%84%EB%B4%89%EA%B5%AC%20%EC%95%84%EA%B8%B0%EB%9E%91%20%ED%82%A4%EC%A6%88%EC%B9%B4%ED%8E%98,family:1.0;baby:1.0;parking:1.0;nursing_room:1.0;도봉구;아기랑 키즈카페,2026-08-22 20:34:25,toddler:1.0;indoor:0.9;play:1.0,2,85
네이버 장소검색 | 서울 도봉구,사설키즈카페,아트퍼플 아트센터 창동본점,상시,영유아 및 어린이 (0세~9세),서울 도봉구 아트퍼플 아트센터 창동본점,무료/유료 (플레이스 참조),서울 도봉구에 위치한 인기 아기랑 키즈카페 명소인 [아트퍼플 아트센터 창동본점]입니다.,https://search.naver.com/search.naver?where=nexearch&query=%EC%84%9C%EC%9A%B8%20%EB%8F%84%EB%B4%89%EA%B5%AC%20%EC%95%84%EA%B8%B0%EB%9E%91%20%ED%82%A4%EC%A6%88%EC%B9%B4%ED%8E%98,family:1.0;baby:1.0;parking:1.0;nursing_room:1.0;도봉구;아기랑 키즈카페,2026-08-22 20:34:25,toddler:1.0;indoor:0.9;play:1.0,2,85
네이버 장소검색 | 서울 도봉구,사설키즈카페,키즈팡팡,상시,영유아 및 어린이 (0세~9세),서울 도봉구 키즈팡팡,무료/유료 (플레이스 참조),서울 도봉구에 위치한 인기 아기랑 키즈카페 명소인 [키즈팡팡]입니다.,https://search.naver.com/search.naver?where=nexearch&query=%EC%84%9C%EC%9A%B8%20%EB%8F%84%EB%B4%89%EA%B5%AC%20%EC%95%84%EA%B8%B0%EB%9E%91%20%ED%82%A4%EC%A6%88%EC%B9%B4%ED%8E%98,family:1.0;baby:1.0;parking:1.0;nursing_room:1.0;도봉구;아기랑 키즈카페,2026-08-22 20:34:25,toddler:1.0;indoor:0.9;play:1.0,2,85
네이버 장소검색 | 서울 도봉구,자연친화,Y계곡,상시,영유아 및 어린이 (0세~9세),서울 도봉구 Y계곡,무료/유료 (플레이스 참조),서울 도봉구에 위치한 인기 아기랑 계곡 명소인 [Y계곡]입니다.,https://search.naver.com/search.naver?where=nexearch&query=%EC%84%9C%EC%9A%B8%20%EB%8F%84%EB%B4%89%EA%B5%AC%20%EC%95%84%EA%B8%B0%EB%9E%91%20%EA%B3%84%EA%B3%A1,family:1.0;baby:1.0;parking:1.0;nursing_room:1.0;도봉구;아기랑 계곡,2026-08-22 20:34:25,valley:1.0;nature:1.0;water:1.0,2,85
네이버 장소검색 | 서울 도봉구,자연친화,경희대박사마린키즈어린이수영장,상시,영유아 및 어린이 (0세~9세),서울 도봉구 경희대박사마린키즈어린이수영장,무료/유료 (플레이스 참조),서울 도봉구에 위치한 인기 아기랑 수영장 명소인 [경희대박사마린키즈어린이수영장]입니다.,https://search.naver.com/search.naver?where=nexearch&query=%EC%84%9C%EC%9A%B8%20%EB%8F%84%EB%B4%89%EA%B5%AC%20%EC%95%84%EA%B8%B0%EB%9E%91%20%EC%88%98%EC%98%81%EC%9E%A5,family:1.0;baby:1.0;parking:1.0;nursing_room:1.0;도봉구;아기랑 수영장,2026-08-22 20:34:25,pool:1.0;water:1.0;outdoor:0.9,2,85
네이버 장소검색 | 서울 도봉구,자연친화,창동 중랑천 물놀이장수영장,상시,영유아 및 어린이 (0세~9세),서울 도봉구 창동 중랑천 물놀이장수영장,무료/유료 (플레이스 참조),서울 도봉구에 위치한 인기 아기랑 수영장 명소인 [창동 중랑천 물놀이장수영장]입니다.,https://search.naver.com/search.naver?where=nexearch&query=%EC%84%9C%EC%9A%B8%20%EB%8F%84%EB%B4%89%EA%B5%AC%20%EC%95%84%EA%B8%B0%EB%9E%91%20%EC%88%98%EC%98%81%EC%9E%A5,family:1.0;baby:1.0;parking:1.0;nursing_room:1.0;도봉구;아기랑 수영장,2026-08-22 20:34:25,pool:1.0;water:1.0;outdoor:0.9,2,85
네이버 장소검색 | 서울 도봉구,자연친화,창동문화체육센터수영장,상시,영유아 및 어린이 (0세~9세),서울 도봉구 창동문화체육센터수영장,무료/유료 (플레이스 참조),서울 도봉구에 위치한 인기 아기랑 수영장 명소인 [창동문화체육센터수영장]입니다.,https://search.naver.com/search.naver?where=nexearch&query=%EC%84%9C%EC%9A%B8%20%EB%8F%84%EB%B4%89%EA%B5%AC%20%EC%95%84%EA%B8%B0%EB%9E%91%20%EC%88%98%EC%98%81%EC%9E%A5,family:1.0;baby:1.0;parking:1.0;nursing_room:1.0;도봉구;아기랑 수영장,2026-08-22 20:34:25,pool:1.0;water:1.0;outdoor:0.9,2,85
네이버 장소검색 | 서울 도봉구,자연친화,블루오션키즈스위밍수영장,상시,영유아 및 어린이 (0세~9세),서울 도봉구 블루오션키즈스위밍수영장,무료/유료 (플레이스 참조),서울 도봉구에 위치한 인기 아기랑 수영장 명소인 [블루오션키즈스위밍수영장]입니다.,https://search.naver.com/search.naver?where=nexearch&query=%EC%84%9C%EC%9A%B8%20%EB%8F%84%EB%B4%89%EA%B5%AC%20%EC%95%84%EA%B8%B0%EB%9E%91%20%EC%88%98%EC%98%81%EC%9E%A5,family:1.0;baby:1.0;parking:1.0;nursing_room:1.0;도봉구;아기랑 수영장,2026-08-22 20:34:25,pool:1.0;water:1.0;outdoor:0.9,2,85
네이버 장소검색 | 서울 도봉구,자연친화,도봉썸머워터랜드수영장,상시,영유아 및 어린이 (0세~9세),서울 도봉구 도봉썸머워터랜드수영장,무료/유료 (플레이스 참조),서울 도봉구에 위치한 인기 아기랑 수영장 명소인 [도봉썸머워터랜드수영장]입니다.,https://search.naver.com/search.naver?where=nexearch&query=%EC%84%9C%EC%9A%B8%20%EB%8F%84%EB%B4%89%EA%B5%AC%20%EC%95%84%EA%B8%B0%EB%9E%91%20%EC%88%98%EC%98%81%EC%9E%A5,family:1.0;baby:1.0;parking:1.0;nursing_room:1.0;도봉구;아기랑 수영장,2026-08-22 20:34:25,pool:1.0;water:1.0;outdoor:0.9,2,85
네이버 장소검색 | 서울 도봉구,사설키즈카페,"[서울 도봉구] 키즈룸 하이풀하이 | 워터룸 ,아기",상시,영유아 및 어린이 (0세~9세),"서울 도봉구 [서울 도봉구] 키즈룸 하이풀하이 | 워터룸 ,아기",무료/유료 (플레이스 참조),"서울 도봉구에 위치한 인기 아기랑 수영장 명소인 [[서울 도봉구] 키즈룸 하이풀하이 | 워터룸 ,아기]입니다.",https://search.naver.com/search.naver?where=nexearch&query=%EC%84%9C%EC%9A%B8%20%EB%8F%84%EB%B4%89%EA%B5%AC%20%EC%95%84%EA%B8%B0%EB%9E%91%20%EC%88%98%EC%98%81%EC%9E%A5,family:1.0;baby:1.0;parking:1.0;nursing_room:1.0;도봉구;아기랑 수영장,2026-08-22 20:34:25,pool:1.0;water:1.0;outdoor:0.9,2,85
네이버 장소검색 | 서울 도봉구,자연친화,위치 주차 등 기본 정보서울 도봉구쌍문동 쌍문공원,상시,영유아 및 어린이 (0세~9세),서울 도봉구 위치 주차 등 기본 정보서울 도봉구쌍문동 쌍문공원,무료/유료 (플레이스 참조),서울 도봉구에 위치한 인기 아기랑 모래놀이 명소인 [위치 주차 등 기본 정보서울 도봉구쌍문동 쌍문공원]입니다.,https://search.naver.com/search.naver?where=nexearch&query=%EC%84%9C%EC%9A%B8%20%EB%8F%84%EB%B4%89%EA%B5%AC%20%EC%95%84%EA%B8%B0%EB%9E%91%20%EB%AA%A8%EB%9E%98%EB%86%80%EC%9D%B4,family:1.0;baby:1.0;parking:1.0;nursing_room:1.0;도봉구;아기랑 모래놀이,2026-08-22 20:34:25,sand:1.0;nature:1.0;play:0.9,2,85
네이버 장소검색 | 서울 도봉구,자연친화,도봉구쌍문동,상시,영유아 및 어린이 (0세~9세),서울 도봉구 도봉구쌍문동,무료/유료 (플레이스 참조),서울 도봉구에 위치한 인기 아기랑 모래놀이 명소인 [도봉구쌍문동]입니다.,https://search.naver.com/search.naver?where=nexearch&query=%EC%84%9C%EC%9A%B8%20%EB%8F%84%EB%B4%89%EA%B5%AC%20%EC%95%84%EA%B8%B0%EB%9E%91%20%EB%AA%A8%EB%9E%98%EB%86%80%EC%9D%B4,family:1.0;baby:1.0;parking:1.0;nursing_room:1.0;도봉구;아기랑 모래놀이,2026-08-22 20:34:25,sand:1.0;nature:1.0;play:0.9,2,85
네이버 장소검색 | 서울 도봉구,자연친화,아이 발달에 딱 좋은,상시,영유아 및 어린이 (0세~9세),서울 도봉구 아이 발달에 딱 좋은,무료/유료 (플레이스 참조),서울 도봉구에 위치한 인기 아기랑 모래놀이 명소인 [아이 발달에 딱 좋은]입니다.,https://search.naver.com/search.naver?where=nexearch&query=%EC%84%9C%EC%9A%B8%20%EB%8F%84%EB%B4%89%EA%B5%AC%20%EC%95%84%EA%B8%B0%EB%9E%91%20%EB%AA%A8%EB%9E%98%EB%86%80%EC%9D%B4,family:1.0;baby:1.0;parking:1.0;nursing_room:1.0;도봉구;아기랑 모래놀이,2026-08-22 20:34:25,sand:1.0;nature:1.0;play:0.9,2,85
네이버 장소검색 | 서울 도봉구,자연친화,"서울창포원식물원,수목원",상시,영유아 및 어린이 (0세~9세),"서울 도봉구 서울창포원식물원,수목원",무료/유료 (플레이스 참조),"서울 도봉구에 위치한 인기 아기랑 공원 명소인 [서울창포원식물원,수목원]입니다.",https://search.naver.com/search.naver?where=nexearch&query=%EC%84%9C%EC%9A%B8%20%EB%8F%84%EB%B4%89%EA%B5%AC%20%EC%95%84%EA%B8%B0%EB%9E%91%20%EA%B3%B5%EC%9B%90,family:1.0;baby:1.0;parking:1.0;nursing_room:1.0;도봉구;아기랑 공원,2026-08-22 20:34:25,park:1.0;picnic:1.0;nature:1.0,2,85
네이버 장소검색 | 서울 도봉구,자연친화,초안산공원,상시,영유아 및 어린이 (0세~9세),서울 도봉구 초안산공원,무료/유료 (플레이스 참조),서울 도봉구에 위치한 인기 아기랑 공원 명소인 [초안산공원]입니다.,https://search.naver.com/search.naver?where=nexearch&query=%EC%84%9C%EC%9A%B8%20%EB%8F%84%EB%B4%89%EA%B5%AC%20%EC%95%84%EA%B8%B0%EB%9E%91%20%EA%B3%B5%EC%9B%90,family:1.0;baby:1.0;parking:1.0;nursing_room:1.0;도봉구;아기랑 공원,2026-08-22 20:34:25,park:1.0;picnic:1.0;nature:1.0,2,85
네이버 장소검색 | 서울 도봉구,자연친화,"발바닥공원도시,공원",상시,영유아 및 어린이 (0세~9세),"서울 도봉구 발바닥공원도시,공원",무료/유료 (플레이스 참조),"서울 도봉구에 위치한 인기 아기랑 공원 명소인 [발바닥공원도시,공원]입니다.",https://search.naver.com/search.naver?where=nexearch&query=%EC%84%9C%EC%9A%B8%20%EB%8F%84%EB%B4%89%EA%B5%AC%20%EC%95%84%EA%B8%B0%EB%9E%91%20%EA%B3%B5%EC%9B%90,family:1.0;baby:1.0;parking:1.0;nursing_room:1.0;도봉구;아기랑 공원,2026-08-22 20:34:25,park:1.0;picnic:1.0;nature:1.0,2,85
네이버 장소검색 | 서울 도봉구,자연친화,쌍문공원,상시,영유아 및 어린이 (0세~9세),서울 도봉구 쌍문공원,무료/유료 (플레이스 참조),서울 도봉구에 위치한 인기 아기랑 공원 명소인 [쌍문공원]입니다.,https://search.naver.com/search.naver?where=nexearch&query=%EC%84%9C%EC%9A%B8%20%EB%8F%84%EB%B4%89%EA%B5%AC%20%EC%95%84%EA%B8%B0%EB%9E%91%20%EA%B3%B5%EC%9B%90,family:1.0;baby:1.0;parking:1.0;nursing_room:1.0;도봉구;아기랑 공원,2026-08-22 20:34:25,park:1.0;picnic:1.0;nature:1.0,2,85
네이버 장소검색 | 서울 도봉구,자연친화,초안산하늘꽃정원공원,상시,영유아 및 어린이 (0세~9세),서울 도봉구 초안산하늘꽃정원공원,무료/유료 (플레이스 참조),서울 도봉구에 위치한 인기 아기랑 공원 명소인 [초안산하늘꽃정원공원]입니다.,https://search.naver.com/search.naver?where=nexearch&query=%EC%84%9C%EC%9A%B8%20%EB%8F%84%EB%B4%89%EA%B5%AC%20%EC%95%84%EA%B8%B0%EB%9E%91%20%EA%B3%B5%EC%9B%90,family:1.0;baby:1.0;parking:1.0;nursing_room:1.0;도봉구;아기랑 공원,2026-08-22 20:34:25,park:1.0;picnic:1.0;nature:1.0,2,85
네이버 장소검색 | 서울 도봉구,자연친화,창동역사문화공원공원,상시,영유아 및 어린이 (0세~9세),서울 도봉구 창동역사문화공원공원,무료/유료 (플레이스 참조),서울 도봉구에 위치한 인기 아기랑 공원 명소인 [창동역사문화공원공원]입니다.,https://search.naver.com/search.naver?where=nexearch&query=%EC%84%9C%EC%9A%B8%20%EB%8F%84%EB%B4%89%EA%B5%AC%20%EC%95%84%EA%B8%B0%EB%9E%91%20%EA%B3%B5%EC%9B%90,family:1.0;baby:1.0;parking:1.0;nursing_room:1.0;도봉구;아기랑 공원,2026-08-22 20:34:25,park:1.0;picnic:1.0;nature:1.0,2,85
네이버 장소검색 | 서울 도봉구,자연친화,도봉산 자락에 위치한 ‘둘리쌍문공원,상시,영유아 및 어린이 (0세~9세),서울 도봉구 도봉산 자락에 위치한 ‘둘리쌍문공원,무료/유료 (플레이스 참조),서울 도봉구에 위치한 인기 아기랑 공원 명소인 [도봉산 자락에 위치한 ‘둘리쌍문공원]입니다.,https://search.naver.com/search.naver?where=nexearch&query=%EC%84%9C%EC%9A%B8%20%EB%8F%84%EB%B4%89%EA%B5%AC%20%EC%95%84%EA%B8%B0%EB%9E%91%20%EA%B3%B5%EC%9B%90,family:1.0;baby:1.0;parking:1.0;nursing_room:1.0;도봉구;아기랑 공원,2026-08-22 20:34:25,park:1.0;picnic:1.0;nature:1.0,2,85
네이버 장소검색 | 서울 도봉구,자연친화,둘리쌍문공원,상시,영유아 및 어린이 (0세~9세),서울 도봉구 둘리쌍문공원,무료/유료 (플레이스 참조),서울 도봉구에 위치한 인기 아기랑 공원 명소인 [둘리쌍문공원]입니다.,https://search.naver.com/search.naver?where=nexearch&query=%EC%84%9C%EC%9A%B8%20%EB%8F%84%EB%B4%89%EA%B5%AC%20%EC%95%84%EA%B8%B0%EB%9E%91%20%EA%B3%B5%EC%9B%90,family:1.0;baby:1.0;parking:1.0;nursing_room:1.0;도봉구;아기랑 공원,2026-08-22 20:34:25,park:1.0;picnic:1.0;nature:1.0,2,85
네이버 장소검색 | 서울 도봉구,자연친화,서울특별시도봉구쌍문동에 있는 대한민국,상시,영유아 및 어린이 (0세~9세),서울 도봉구 서울특별시도봉구쌍문동에 있는 대한민국,무료/유료 (플레이스 참조),서울 도봉구에 위치한 인기 아기랑 공원 명소인 [서울특별시도봉구쌍문동에 있는 대한민국]입니다.,https://search.naver.com/search.naver?where=nexearch&query=%EC%84%9C%EC%9A%B8%20%EB%8F%84%EB%B4%89%EA%B5%AC%20%EC%95%84%EA%B8%B0%EB%9E%91%20%EA%B3%B5%EC%9B%90,family:1.0;baby:1.0;parking:1.0;nursing_room:1.0;도봉구;아기랑 공원,2026-08-22 20:34:25,park:1.0;picnic:1.0;nature:1.0,2,85
네이버 장소검색 | 서울 도봉구,자연친화,2020.02.19.바로도봉구쌍문동 둘리공원,상시,영유아 및 어린이 (0세~9세),서울 도봉구 2020.02.19.바로도봉구쌍문동 둘리공원,무료/유료 (플레이스 참조),서울 도봉구에 위치한 인기 아기랑 공원 명소인 [2020.02.19.바로도봉구쌍문동 둘리공원]입니다.,https://search.naver.com/search.naver?where=nexearch&query=%EC%84%9C%EC%9A%B8%20%EB%8F%84%EB%B4%89%EA%B5%AC%20%EC%95%84%EA%B8%B0%EB%9E%91%20%EA%B3%B5%EC%9B%90,family:1.0;baby:1.0;parking:1.0;nursing_room:1.0;도봉구;아기랑 공원,2026-08-22 20:34:25,park:1.0;picnic:1.0;nature:1.0,2,85
네이버 장소검색 | 서울 도봉구,공공키즈카페,서울형키즈카페도봉구둘리쌍문공원,상시,영유아 및 어린이 (0세~9세),서울 도봉구 서울형키즈카페도봉구둘리쌍문공원,무료/유료 (플레이스 참조),서울 도봉구에 위치한 인기 아기랑 공원 명소인 [서울형키즈카페도봉구둘리쌍문공원]입니다.,https://search.naver.com/search.naver?where=nexearch&query=%EC%84%9C%EC%9A%B8%20%EB%8F%84%EB%B4%89%EA%B5%AC%20%EC%95%84%EA%B8%B0%EB%9E%91%20%EA%B3%B5%EC%9B%90,family:1.0;baby:1.0;parking:1.0;nursing_room:1.0;도봉구;아기랑 공원,2026-08-22 20:34:25,park:1.0;picnic:1.0;nature:1.0,2,85
네이버 장소검색 | 서울 도봉구,자연친화,서울특별시도봉구해등로3길 48-11 초안산공원,상시,영유아 및 어린이 (0세~9세),서울 도봉구 서울특별시도봉구해등로3길 48-11 초안산공원,무료/유료 (플레이스 참조),서울 도봉구에 위치한 인기 아기랑 공원 명소인 [서울특별시도봉구해등로3길 48-11 초안산공원]입니다.,https://search.naver.com/search.naver?where=nexearch&query=%EC%84%9C%EC%9A%B8%20%EB%8F%84%EB%B4%89%EA%B5%AC%20%EC%95%84%EA%B8%B0%EB%9E%91%20%EA%B3%B5%EC%9B%90,family:1.0;baby:1.0;parking:1.0;nursing_room:1.0;도봉구;아기랑 공원,2026-08-22 20:34:25,park:1.0;picnic:1.0;nature:1.0,2,85
네이버 장소검색 | 서울 도봉구,가족체험,도봉구의,상시,영유아 및 어린이 (0세~9세),서울 도봉구 도봉구의,무료/유료 (플레이스 참조),서울 도봉구에 위치한 인기 아기랑 농장체험 명소인 [도봉구의]입니다.,https://search.naver.com/search.naver?where=nexearch&query=%EC%84%9C%EC%9A%B8%20%EB%8F%84%EB%B4%89%EA%B5%AC%20%EC%95%84%EA%B8%B0%EB%9E%91%20%EB%86%8D%EC%9E%A5%EC%B2%B4%ED%97%98,family:1.0;baby:1.0;parking:1.0;nursing_room:1.0;도봉구;아기랑 농장체험,2026-08-22 20:34:25,farm:1.0;animal:1.0;experience:1.0,2,85
네이버 장소검색 | 서울 도봉구,가족체험,서울 도봉구쌍문동에 위치한 둘리뮤지엄은 대한민국,상시,영유아 및 어린이 (0세~9세),서울 도봉구 서울 도봉구쌍문동에 위치한 둘리뮤지엄은 대한민국,무료/유료 (플레이스 참조),서울 도봉구에 위치한 인기 아기랑 어린이박물관 명소인 [서울 도봉구쌍문동에 위치한 둘리뮤지엄은 대한민국]입니다.,https://search.naver.com/search.naver?where=nexearch&query=%EC%84%9C%EC%9A%B8%20%EB%8F%84%EB%B4%89%EA%B5%AC%20%EC%95%84%EA%B8%B0%EB%9E%91%20%EC%96%B4%EB%A6%B0%EC%9D%B4%EB%B0%95%EB%AC%BC%EA%B4%80,family:1.0;baby:1.0;parking:1.0;nursing_room:1.0;도봉구;아기랑 어린이박물관,2026-08-22 20:34:25,museum:1.0;hands_on:1.0;experience:1.0,2,85
네이버 장소검색 | 서울 동대문구,사설키즈카페,쁘띠몽드 장안점,상시,영유아 및 어린이 (0세~9세),서울 동대문구 쁘띠몽드 장안점,무료/유료 (플레이스 참조),서울 동대문구에 위치한 인기 아기랑 키즈카페 명소인 [쁘띠몽드 장안점]입니다.,https://search.naver.com/search.naver?where=nexearch&query=%EC%84%9C%EC%9A%B8%20%EB%8F%99%EB%8C%80%EB%AC%B8%EA%B5%AC%20%EC%95%84%EA%B8%B0%EB%9E%91%20%ED%82%A4%EC%A6%88%EC%B9%B4%ED%8E%98,family:1.0;baby:1.0;parking:1.0;nursing_room:1.0;동대문구;아기랑 키즈카페,2026-08-22 20:34:25,toddler:1.0;indoor:0.9;play:1.0,2,85
네이버 장소검색 | 서울 동대문구,사설키즈카페,봉봉키즈 장안점,상시,영유아 및 어린이 (0세~9세),서울 동대문구 봉봉키즈 장안점,무료/유료 (플레이스 참조),서울 동대문구에 위치한 인기 아기랑 키즈카페 명소인 [봉봉키즈 장안점]입니다.,https://search.naver.com/search.naver?where=nexearch&query=%EC%84%9C%EC%9A%B8%20%EB%8F%99%EB%8C%80%EB%AC%B8%EA%B5%AC%20%EC%95%84%EA%B8%B0%EB%9E%91%20%ED%82%A4%EC%A6%88%EC%B9%B4%ED%8E%98,family:1.0;baby:1.0;parking:1.0;nursing_room:1.0;동대문구;아기랑 키즈카페,2026-08-22 20:34:25,toddler:1.0;indoor:0.9;play:1.0,2,85
네이버 장소검색 | 서울 동대문구,사설키즈카페,위캔키즈클럽,상시,영유아 및 어린이 (0세~9세),서울 동대문구 위캔키즈클럽,무료/유료 (플레이스 참조),서울 동대문구에 위치한 인기 아기랑 키즈카페 명소인 [위캔키즈클럽]입니다.,https://search.naver.com/search.naver?where=nexearch&query=%EC%84%9C%EC%9A%B8%20%EB%8F%99%EB%8C%80%EB%AC%B8%EA%B5%AC%20%EC%95%84%EA%B8%B0%EB%9E%91%20%ED%82%A4%EC%A6%88%EC%B9%B4%ED%8E%98,family:1.0;baby:1.0;parking:1.0;nursing_room:1.0;동대문구;아기랑 키즈카페,2026-08-22 20:34:25,toddler:1.0;indoor:0.9;play:1.0,2,85
네이버 장소검색 | 서울 동대문구,사설키즈카페,꿀잼키즈룸 답십리점,상시,영유아 및 어린이 (0세~9세),서울 동대문구 꿀잼키즈룸 답십리점,무료/유료 (플레이스 참조),서울 동대문구에 위치한 인기 아기랑 키즈카페 명소인 [꿀잼키즈룸 답십리점]입니다.,https://search.naver.com/search.naver?where=nexearch&query=%EC%84%9C%EC%9A%B8%20%EB%8F%99%EB%8C%80%EB%AC%B8%EA%B5%AC%20%EC%95%84%EA%B8%B0%EB%9E%91%20%ED%82%A4%EC%A6%88%EC%B9%B4%ED%8E%98,family:1.0;baby:1.0;parking:1.0;nursing_room:1.0;동대문구;아기랑 키즈카페,2026-08-22 20:34:25,toddler:1.0;indoor:0.9;play:1.0,2,85
네이버 장소검색 | 서울 동대문구,사설키즈카페,놀자키즈룸,상시,영유아 및 어린이 (0세~9세),서울 동대문구 놀자키즈룸,무료/유료 (플레이스 참조),서울 동대문구에 위치한 인기 아기랑 키즈카페 명소인 [놀자키즈룸]입니다.,https://search.naver.com/search.naver?where=nexearch&query=%EC%84%9C%EC%9A%B8%20%EB%8F%99%EB%8C%80%EB%AC%B8%EA%B5%AC%20%EC%95%84%EA%B8%B0%EB%9E%91%20%ED%82%A4%EC%A6%88%EC%B9%B4%ED%8E%98,family:1.0;baby:1.0;parking:1.0;nursing_room:1.0;동대문구;아기랑 키즈카페,2026-08-22 20:34:25,toddler:1.0;indoor:0.9;play:1.0,2,85
네이버 장소검색 | 서울 동대문구,사설키즈카페,스토리방방,상시,영유아 및 어린이 (0세~9세),서울 동대문구 스토리방방,무료/유료 (플레이스 참조),서울 동대문구에 위치한 인기 아기랑 키즈카페 명소인 [스토리방방]입니다.,https://search.naver.com/search.naver?where=nexearch&query=%EC%84%9C%EC%9A%B8%20%EB%8F%99%EB%8C%80%EB%AC%B8%EA%B5%AC%20%EC%95%84%EA%B8%B0%EB%9E%91%20%ED%82%A4%EC%A6%88%EC%B9%B4%ED%8E%98,family:1.0;baby:1.0;parking:1.0;nursing_room:1.0;동대문구;아기랑 키즈카페,2026-08-22 20:34:25,toddler:1.0;indoor:0.9;play:1.0,2,85
네이버 장소검색 | 서울 동대문구,사설키즈카페,서울시 용두동,상시,영유아 및 어린이 (0세~9세),서울 동대문구 서울시 용두동,무료/유료 (플레이스 참조),서울 동대문구에 위치한 인기 아기랑 키즈카페 명소인 [서울시 용두동]입니다.,https://search.naver.com/search.naver?where=nexearch&query=%EC%84%9C%EC%9A%B8%20%EB%8F%99%EB%8C%80%EB%AC%B8%EA%B5%AC%20%EC%95%84%EA%B8%B0%EB%9E%91%20%ED%82%A4%EC%A6%88%EC%B9%B4%ED%8E%98,family:1.0;baby:1.0;parking:1.0;nursing_room:1.0;동대문구;아기랑 키즈카페,2026-08-22 20:34:25,toddler:1.0;indoor:0.9;play:1.0,2,85
네이버 장소검색 | 서울 동대문구,자연친화,서울3대 폭포의 마지막은동대문구배봉산공원,상시,영유아 및 어린이 (0세~9세),서울 동대문구 서울3대 폭포의 마지막은동대문구배봉산공원,무료/유료 (플레이스 참조),서울 동대문구에 위치한 인기 아기랑 계곡 명소인 [서울3대 폭포의 마지막은동대문구배봉산공원]입니다.,https://search.naver.com/search.naver?where=nexearch&query=%EC%84%9C%EC%9A%B8%20%EB%8F%99%EB%8C%80%EB%AC%B8%EA%B5%AC%20%EC%95%84%EA%B8%B0%EB%9E%91%20%EA%B3%84%EA%B3%A1,family:1.0;baby:1.0;parking:1.0;nursing_room:1.0;동대문구;아기랑 계곡,2026-08-22 20:34:25,valley:1.0;nature:1.0;water:1.0,2,85
네이버 장소검색 | 서울 동대문구,자연친화,동대문구 물놀이장수영장,상시,영유아 및 어린이 (0세~9세),서울 동대문구 동대문구 물놀이장수영장,무료/유료 (플레이스 참조),서울 동대문구에 위치한 인기 아기랑 수영장 명소인 [동대문구 물놀이장수영장]입니다.,https://search.naver.com/search.naver?where=nexearch&query=%EC%84%9C%EC%9A%B8%20%EB%8F%99%EB%8C%80%EB%AC%B8%EA%B5%AC%20%EC%95%84%EA%B8%B0%EB%9E%91%20%EC%88%98%EC%98%81%EC%9E%A5,family:1.0;baby:1.0;parking:1.0;nursing_room:1.0;동대문구;아기랑 수영장,2026-08-22 20:34:25,pool:1.0;water:1.0;outdoor:0.9,2,85
네이버 장소검색 | 서울 동대문구,자연친화,아이엠키즈스윔스쿨수영장,상시,영유아 및 어린이 (0세~9세),서울 동대문구 아이엠키즈스윔스쿨수영장,무료/유료 (플레이스 참조),서울 동대문구에 위치한 인기 아기랑 수영장 명소인 [아이엠키즈스윔스쿨수영장]입니다.,https://search.naver.com/search.naver?where=nexearch&query=%EC%84%9C%EC%9A%B8%20%EB%8F%99%EB%8C%80%EB%AC%B8%EA%B5%AC%20%EC%95%84%EA%B8%B0%EB%9E%91%20%EC%88%98%EC%98%81%EC%9E%A5,family:1.0;baby:1.0;parking:1.0;nursing_room:1.0;동대문구;아기랑 수영장,2026-08-22 20:34:25,pool:1.0;water:1.0;outdoor:0.9,2,85
네이버 장소검색 | 서울 동대문구,자연친화,코코풀수영장,상시,영유아 및 어린이 (0세~9세),서울 동대문구 코코풀수영장,무료/유료 (플레이스 참조),서울 동대문구에 위치한 인기 아기랑 수영장 명소인 [코코풀수영장]입니다.,https://search.naver.com/search.naver?where=nexearch&query=%EC%84%9C%EC%9A%B8%20%EB%8F%99%EB%8C%80%EB%AC%B8%EA%B5%AC%20%EC%95%84%EA%B8%B0%EB%9E%91%20%EC%88%98%EC%98%81%EC%9E%A5,family:1.0;baby:1.0;parking:1.0;nursing_room:1.0;동대문구;아기랑 수영장,2026-08-22 20:34:25,pool:1.0;water:1.0;outdoor:0.9,2,85
네이버 장소검색 | 서울 동대문구,자연친화,대한키즈스윔스쿨 동대문캠퍼스수영장,상시,영유아 및 어린이 (0세~9세),서울 동대문구 대한키즈스윔스쿨 동대문캠퍼스수영장,무료/유료 (플레이스 참조),서울 동대문구에 위치한 인기 아기랑 수영장 명소인 [대한키즈스윔스쿨 동대문캠퍼스수영장]입니다.,https://search.naver.com/search.naver?where=nexearch&query=%EC%84%9C%EC%9A%B8%20%EB%8F%99%EB%8C%80%EB%AC%B8%EA%B5%AC%20%EC%95%84%EA%B8%B0%EB%9E%91%20%EC%88%98%EC%98%81%EC%9E%A5,family:1.0;baby:1.0;parking:1.0;nursing_room:1.0;동대문구;아기랑 수영장,2026-08-22 20:34:25,pool:1.0;water:1.0;outdoor:0.9,2,85
네이버 장소검색 | 서울 동대문구,자연친화,숭인스포츠센터수영장,상시,영유아 및 어린이 (0세~9세),서울 동대문구 숭인스포츠센터수영장,무료/유료 (플레이스 참조),서울 동대문구에 위치한 인기 아기랑 수영장 명소인 [숭인스포츠센터수영장]입니다.,https://search.naver.com/search.naver?where=nexearch&query=%EC%84%9C%EC%9A%B8%20%EB%8F%99%EB%8C%80%EB%AC%B8%EA%B5%AC%20%EC%95%84%EA%B8%B0%EB%9E%91%20%EC%88%98%EC%98%81%EC%9E%A5,family:1.0;baby:1.0;parking:1.0;nursing_room:1.0;동대문구;아기랑 수영장,2026-08-22 20:34:25,pool:1.0;water:1.0;outdoor:0.9,2,85
네이버 장소검색 | 서울 동대문구,자연친화,오션키즈 동대문센터수영장,상시,영유아 및 어린이 (0세~9세),서울 동대문구 오션키즈 동대문센터수영장,무료/유료 (플레이스 참조),서울 동대문구에 위치한 인기 아기랑 수영장 명소인 [오션키즈 동대문센터수영장]입니다.,https://search.naver.com/search.naver?where=nexearch&query=%EC%84%9C%EC%9A%B8%20%EB%8F%99%EB%8C%80%EB%AC%B8%EA%B5%AC%20%EC%95%84%EA%B8%B0%EB%9E%91%20%EC%88%98%EC%98%81%EC%9E%A5,family:1.0;baby:1.0;parking:1.0;nursing_room:1.0;동대문구;아기랑 수영장,2026-08-22 20:34:25,pool:1.0;water:1.0;outdoor:0.9,2,85
네이버 장소검색 | 서울 동대문구,자연친화,"노보텔 엠버서더동대문(스위트룸,",상시,영유아 및 어린이 (0세~9세),"서울 동대문구 노보텔 엠버서더동대문(스위트룸,",무료/유료 (플레이스 참조),"서울 동대문구에 위치한 인기 아기랑 수영장 명소인 [노보텔 엠버서더동대문(스위트룸,]입니다.",https://search.naver.com/search.naver?where=nexearch&query=%EC%84%9C%EC%9A%B8%20%EB%8F%99%EB%8C%80%EB%AC%B8%EA%B5%AC%20%EC%95%84%EA%B8%B0%EB%9E%91%20%EC%88%98%EC%98%81%EC%9E%A5,family:1.0;baby:1.0;parking:1.0;nursing_room:1.0;동대문구;아기랑 수영장,2026-08-22 20:34:25,pool:1.0;water:1.0;outdoor:0.9,2,85
네이버 장소검색 | 서울 동대문구,자연친화,샌드테일모래놀이카페,상시,영유아 및 어린이 (0세~9세),서울 동대문구 샌드테일모래놀이카페,무료/유료 (플레이스 참조),서울 동대문구에 위치한 인기 아기랑 모래놀이 명소인 [샌드테일모래놀이카페]입니다.,https://search.naver.com/search.naver?where=nexearch&query=%EC%84%9C%EC%9A%B8%20%EB%8F%99%EB%8C%80%EB%AC%B8%EA%B5%AC%20%EC%95%84%EA%B8%B0%EB%9E%91%20%EB%AA%A8%EB%9E%98%EB%86%80%EC%9D%B4,family:1.0;baby:1.0;parking:1.0;nursing_room:1.0;동대문구;아기랑 모래놀이,2026-08-22 20:34:25,sand:1.0;nature:1.0;play:0.9,2,85
네이버 장소검색 | 서울 동대문구,자연친화,장안공원,상시,영유아 및 어린이 (0세~9세),서울 동대문구 장안공원,무료/유료 (플레이스 참조),서울 동대문구에 위치한 인기 아기랑 공원 명소인 [장안공원]입니다.,https://search.naver.com/search.naver?where=nexearch&query=%EC%84%9C%EC%9A%B8%20%EB%8F%99%EB%8C%80%EB%AC%B8%EA%B5%AC%20%EC%95%84%EA%B8%B0%EB%9E%91%20%EA%B3%B5%EC%9B%90,family:1.0;baby:1.0;parking:1.0;nursing_room:1.0;동대문구;아기랑 공원,2026-08-22 20:34:25,park:1.0;picnic:1.0;nature:1.0,2,85
네이버 장소검색 | 서울 동대문구,자연친화,"간데메공원도시,공원",상시,영유아 및 어린이 (0세~9세),"서울 동대문구 간데메공원도시,공원",무료/유료 (플레이스 참조),"서울 동대문구에 위치한 인기 아기랑 공원 명소인 [간데메공원도시,공원]입니다.",https://search.naver.com/search.naver?where=nexearch&query=%EC%84%9C%EC%9A%B8%20%EB%8F%99%EB%8C%80%EB%AC%B8%EA%B5%AC%20%EC%95%84%EA%B8%B0%EB%9E%91%20%EA%B3%B5%EC%9B%90,family:1.0;baby:1.0;parking:1.0;nursing_room:1.0;동대문구;아기랑 공원,2026-08-22 20:34:25,park:1.0;picnic:1.0;nature:1.0,2,85
네이버 장소검색 | 서울 동대문구,자연친화,청량리역광장공원,상시,영유아 및 어린이 (0세~9세),서울 동대문구 청량리역광장공원,무료/유료 (플레이스 참조),서울 동대문구에 위치한 인기 아기랑 공원 명소인 [청량리역광장공원]입니다.,https://search.naver.com/search.naver?where=nexearch&query=%EC%84%9C%EC%9A%B8%20%EB%8F%99%EB%8C%80%EB%AC%B8%EA%B5%AC%20%EC%95%84%EA%B8%B0%EB%9E%91%20%EA%B3%B5%EC%9B%90,family:1.0;baby:1.0;parking:1.0;nursing_room:1.0;동대문구;아기랑 공원,2026-08-22 20:34:25,park:1.0;picnic:1.0;nature:1.0,2,85
네이버 장소검색 | 서울 동대문구,자연친화,용두공원공원,상시,영유아 및 어린이 (0세~9세),서울 동대문구 용두공원공원,무료/유료 (플레이스 참조),서울 동대문구에 위치한 인기 아기랑 공원 명소인 [용두공원공원]입니다.,https://search.naver.com/search.naver?where=nexearch&query=%EC%84%9C%EC%9A%B8%20%EB%8F%99%EB%8C%80%EB%AC%B8%EA%B5%AC%20%EC%95%84%EA%B8%B0%EB%9E%91%20%EA%B3%B5%EC%9B%90,family:1.0;baby:1.0;parking:1.0;nursing_room:1.0;동대문구;아기랑 공원,2026-08-22 20:34:25,park:1.0;picnic:1.0;nature:1.0,2,85
네이버 장소검색 | 서울 동대문구,자연친화,홍릉공원,상시,영유아 및 어린이 (0세~9세),서울 동대문구 홍릉공원,무료/유료 (플레이스 참조),서울 동대문구에 위치한 인기 아기랑 공원 명소인 [홍릉공원]입니다.,https://search.naver.com/search.naver?where=nexearch&query=%EC%84%9C%EC%9A%B8%20%EB%8F%99%EB%8C%80%EB%AC%B8%EA%B5%AC%20%EC%95%84%EA%B8%B0%EB%9E%91%20%EA%B3%B5%EC%9B%90,family:1.0;baby:1.0;parking:1.0;nursing_room:1.0;동대문구;아기랑 공원,2026-08-22 20:34:25,park:1.0;picnic:1.0;nature:1.0,2,85
네이버 장소검색 | 서울 동대문구,자연친화,새샘공원,상시,영유아 및 어린이 (0세~9세),서울 동대문구 새샘공원,무료/유료 (플레이스 참조),서울 동대문구에 위치한 인기 아기랑 공원 명소인 [새샘공원]입니다.,https://search.naver.com/search.naver?where=nexearch&query=%EC%84%9C%EC%9A%B8%20%EB%8F%99%EB%8C%80%EB%AC%B8%EA%B5%AC%20%EC%95%84%EA%B8%B0%EB%9E%91%20%EA%B3%B5%EC%9B%90,family:1.0;baby:1.0;parking:1.0;nursing_room:1.0;동대문구;아기랑 공원,2026-08-22 20:34:25,park:1.0;picnic:1.0;nature:1.0,2,85
네이버 장소검색 | 서울 동대문구,자연친화,답십리공원,상시,영유아 및 어린이 (0세~9세),서울 동대문구 답십리공원,무료/유료 (플레이스 참조),서울 동대문구에 위치한 인기 아기랑 공원 명소인 [답십리공원]입니다.,https://search.naver.com/search.naver?where=nexearch&query=%EC%84%9C%EC%9A%B8%20%EB%8F%99%EB%8C%80%EB%AC%B8%EA%B5%AC%20%EC%95%84%EA%B8%B0%EB%9E%91%20%EA%B3%B5%EC%9B%90,family:1.0;baby:1.0;parking:1.0;nursing_room:1.0;동대문구;아기랑 공원,2026-08-22 20:34:25,park:1.0;picnic:1.0;nature:1.0,2,85
네이버 장소검색 | 서울 동대문구,자연친화,동대문구답십리공원,상시,영유아 및 어린이 (0세~9세),서울 동대문구 동대문구답십리공원,무료/유료 (플레이스 참조),서울 동대문구에 위치한 인기 아기랑 공원 명소인 [동대문구답십리공원]입니다.,https://search.naver.com/search.naver?where=nexearch&query=%EC%84%9C%EC%9A%B8%20%EB%8F%99%EB%8C%80%EB%AC%B8%EA%B5%AC%20%EC%95%84%EA%B8%B0%EB%9E%91%20%EA%B3%B5%EC%9B%90,family:1.0;baby:1.0;parking:1.0;nursing_room:1.0;동대문구;아기랑 공원,2026-08-22 20:34:25,park:1.0;picnic:1.0;nature:1.0,2,85
네이버 장소검색 | 서울 동대문구,자연친화,나들이랩www.nadrilab.com›..›홍릉공원,상시,영유아 및 어린이 (0세~9세),서울 동대문구 나들이랩www.nadrilab.com›..›홍릉공원,무료/유료 (플레이스 참조),서울 동대문구에 위치한 인기 아기랑 공원 명소인 [나들이랩www.nadrilab.com›..›홍릉공원]입니다.,https://search.naver.com/search.naver?where=nexearch&query=%EC%84%9C%EC%9A%B8%20%EB%8F%99%EB%8C%80%EB%AC%B8%EA%B5%AC%20%EC%95%84%EA%B8%B0%EB%9E%91%20%EA%B3%B5%EC%9B%90,family:1.0;baby:1.0;parking:1.0;nursing_room:1.0;동대문구;아기랑 공원,2026-08-22 20:34:25,park:1.0;picnic:1.0;nature:1.0,2,85
네이버 장소검색 | 서울 동대문구,자연친화,서울 동대문구새샘공원,상시,영유아 및 어린이 (0세~9세),서울 동대문구 서울 동대문구새샘공원,무료/유료 (플레이스 참조),서울 동대문구에 위치한 인기 아기랑 물놀이터 명소인 [서울 동대문구새샘공원]입니다.,https://search.naver.com/search.naver?where=nexearch&query=%EC%84%9C%EC%9A%B8%20%EB%8F%99%EB%8C%80%EB%AC%B8%EA%B5%AC%20%EC%95%84%EA%B8%B0%EB%9E%91%20%EB%AC%BC%EB%86%80%EC%9D%B4%ED%84%B0,family:1.0;baby:1.0;parking:1.0;nursing_room:1.0;동대문구;아기랑 물놀이터,2026-08-22 20:34:25,water:1.0;outdoor:1.0;picnic:0.8,2,85
네이버 장소검색 | 서울 동대문구,자연친화,"서울무료동대문구물놀이장 : 에어바운서 워터슬라이드,",상시,영유아 및 어린이 (0세~9세),"서울 동대문구 서울무료동대문구물놀이장 : 에어바운서 워터슬라이드,",무료/유료 (플레이스 참조),"서울 동대문구에 위치한 인기 아기랑 물놀이터 명소인 [서울무료동대문구물놀이장 : 에어바운서 워터슬라이드,]입니다.",https://search.naver.com/search.naver?where=nexearch&query=%EC%84%9C%EC%9A%B8%20%EB%8F%99%EB%8C%80%EB%AC%B8%EA%B5%AC%20%EC%95%84%EA%B8%B0%EB%9E%91%20%EB%AC%BC%EB%86%80%EC%9D%B4%ED%84%B0,family:1.0;baby:1.0;parking:1.0;nursing_room:1.0;동대문구;아기랑 물놀이터,2026-08-22 20:34:25,water:1.0;outdoor:1.0;picnic:0.8,2,85
네이버 장소검색 | 서울 동대문구,가족체험,방문미술홍익아트동대문지사동화미술예비초등 교과서연계,상시,영유아 및 어린이 (0세~9세),서울 동대문구 방문미술홍익아트동대문지사동화미술예비초등 교과서연계,무료/유료 (플레이스 참조),서울 동대문구에 위치한 인기 아기랑 미술 명소인 [방문미술홍익아트동대문지사동화미술예비초등 교과서연계]입니다.,https://search.naver.com/search.naver?where=nexearch&query=%EC%84%9C%EC%9A%B8%20%EB%8F%99%EB%8C%80%EB%AC%B8%EA%B5%AC%20%EC%95%84%EA%B8%B0%EB%9E%91%20%EB%AF%B8%EC%88%A0,family:1.0;baby:1.0;parking:1.0;nursing_room:1.0;동대문구;아기랑 미술,2026-08-22 20:34:25,drawing:1.0;art:1.0;experience:1.0,2,85
네이버 장소검색 | 서울 동작구,사설키즈카페,키득키득 라운지,상시,영유아 및 어린이 (0세~9세),서울 동작구 키득키득 라운지,무료/유료 (플레이스 참조),서울 동작구에 위치한 인기 아기랑 키즈카페 명소인 [키득키득 라운지]입니다.,https://search.naver.com/search.naver?where=nexearch&query=%EC%84%9C%EC%9A%B8%20%EB%8F%99%EC%9E%91%EA%B5%AC%20%EC%95%84%EA%B8%B0%EB%9E%91%20%ED%82%A4%EC%A6%88%EC%B9%B4%ED%8E%98,family:1.0;baby:1.0;parking:1.0;nursing_room:1.0;동작구;아기랑 키즈카페,2026-08-22 20:34:25,toddler:1.0;indoor:0.9;play:1.0,2,85
네이버 장소검색 | 서울 동작구,사설키즈카페,타요키즈카페 보라매점,상시,영유아 및 어린이 (0세~9세),서울 동작구 타요키즈카페 보라매점,무료/유료 (플레이스 참조),서울 동작구에 위치한 인기 아기랑 키즈카페 명소인 [타요키즈카페 보라매점]입니다.,https://search.naver.com/search.naver?where=nexearch&query=%EC%84%9C%EC%9A%B8%20%EB%8F%99%EC%9E%91%EA%B5%AC%20%EC%95%84%EA%B8%B0%EB%9E%91%20%ED%82%A4%EC%A6%88%EC%B9%B4%ED%8E%98,family:1.0;baby:1.0;parking:1.0;nursing_room:1.0;동작구;아기랑 키즈카페,2026-08-22 20:34:25,toddler:1.0;indoor:0.9;play:1.0,2,85
네이버 장소검색 | 서울 동작구,사설키즈카페,블럭카페 플레고,상시,영유아 및 어린이 (0세~9세),서울 동작구 블럭카페 플레고,무료/유료 (플레이스 참조),서울 동작구에 위치한 인기 아기랑 키즈카페 명소인 [블럭카페 플레고]입니다.,https://search.naver.com/search.naver?where=nexearch&query=%EC%84%9C%EC%9A%B8%20%EB%8F%99%EC%9E%91%EA%B5%AC%20%EC%95%84%EA%B8%B0%EB%9E%91%20%ED%82%A4%EC%A6%88%EC%B9%B4%ED%8E%98,family:1.0;baby:1.0;parking:1.0;nursing_room:1.0;동작구;아기랑 키즈카페,2026-08-22 20:34:25,toddler:1.0;indoor:0.9;play:1.0,2,85
네이버 장소검색 | 서울 동작구,사설키즈카페,잼잼키즈룸 동작구청점,상시,영유아 및 어린이 (0세~9세),서울 동작구 잼잼키즈룸 동작구청점,무료/유료 (플레이스 참조),서울 동작구에 위치한 인기 아기랑 키즈카페 명소인 [잼잼키즈룸 동작구청점]입니다.,https://search.naver.com/search.naver?where=nexearch&query=%EC%84%9C%EC%9A%B8%20%EB%8F%99%EC%9E%91%EA%B5%AC%20%EC%95%84%EA%B8%B0%EB%9E%91%20%ED%82%A4%EC%A6%88%EC%B9%B4%ED%8E%98,family:1.0;baby:1.0;parking:1.0;nursing_room:1.0;동작구;아기랑 키즈카페,2026-08-22 20:34:25,toddler:1.0;indoor:0.9;play:1.0,2,85
네이버 장소검색 | 서울 동작구,사설키즈카페,달북,상시,영유아 및 어린이 (0세~9세),서울 동작구 달북,무료/유료 (플레이스 참조),서울 동작구에 위치한 인기 아기랑 키즈카페 명소인 [달북]입니다.,https://search.naver.com/search.naver?where=nexearch&query=%EC%84%9C%EC%9A%B8%20%EB%8F%99%EC%9E%91%EA%B5%AC%20%EC%95%84%EA%B8%B0%EB%9E%91%20%ED%82%A4%EC%A6%88%EC%B9%B4%ED%8E%98,family:1.0;baby:1.0;parking:1.0;nursing_room:1.0;동작구;아기랑 키즈카페,2026-08-22 20:34:25,toddler:1.0;indoor:0.9;play:1.0,2,85
네이버 장소검색 | 서울 동작구,공공키즈카페,서울형키즈카페 동작구 상도3동점,상시,영유아 및 어린이 (0세~9세),서울 동작구 서울형키즈카페 동작구 상도3동점,무료/유료 (플레이스 참조),서울 동작구에 위치한 인기 아기랑 키즈카페 명소인 [서울형키즈카페 동작구 상도3동점]입니다.,https://search.naver.com/search.naver?where=nexearch&query=%EC%84%9C%EC%9A%B8%20%EB%8F%99%EC%9E%91%EA%B5%AC%20%EC%95%84%EA%B8%B0%EB%9E%91%20%ED%82%A4%EC%A6%88%EC%B9%B4%ED%8E%98,family:1.0;baby:1.0;parking:1.0;nursing_room:1.0;동작구;아기랑 키즈카페,2026-08-22 20:34:25,toddler:1.0;indoor:0.9;play:1.0,2,85
네이버 장소검색 | 서울 동작구,공공키즈카페,서울형키즈카페동작구상도1동1호점 -,상시,영유아 및 어린이 (0세~9세),서울 동작구 서울형키즈카페동작구상도1동1호점 -,무료/유료 (플레이스 참조),서울 동작구에 위치한 인기 아기랑 키즈카페 명소인 [서울형키즈카페동작구상도1동1호점 -]입니다.,https://search.naver.com/search.naver?where=nexearch&query=%EC%84%9C%EC%9A%B8%20%EB%8F%99%EC%9E%91%EA%B5%AC%20%EC%95%84%EA%B8%B0%EB%9E%91%20%ED%82%A4%EC%A6%88%EC%B9%B4%ED%8E%98,family:1.0;baby:1.0;parking:1.0;nursing_room:1.0;동작구;아기랑 키즈카페,2026-08-22 20:34:25,toddler:1.0;indoor:0.9;play:1.0,2,85
네이버 장소검색 | 서울 동작구,자연친화,오션키즈여의대방점수영장,상시,영유아 및 어린이 (0세~9세),서울 동작구 오션키즈여의대방점수영장,무료/유료 (플레이스 참조),서울 동작구에 위치한 인기 아기랑 수영장 명소인 [오션키즈여의대방점수영장]입니다.,https://search.naver.com/search.naver?where=nexearch&query=%EC%84%9C%EC%9A%B8%20%EB%8F%99%EC%9E%91%EA%B5%AC%20%EC%95%84%EA%B8%B0%EB%9E%91%20%EC%88%98%EC%98%81%EC%9E%A5,family:1.0;baby:1.0;parking:1.0;nursing_room:1.0;동작구;아기랑 수영장,2026-08-22 20:34:25,pool:1.0;water:1.0;outdoor:0.9,2,85
네이버 장소검색 | 서울 동작구,자연친화,오션키즈 사당점수영장,상시,영유아 및 어린이 (0세~9세),서울 동작구 오션키즈 사당점수영장,무료/유료 (플레이스 참조),서울 동작구에 위치한 인기 아기랑 수영장 명소인 [오션키즈 사당점수영장]입니다.,https://search.naver.com/search.naver?where=nexearch&query=%EC%84%9C%EC%9A%B8%20%EB%8F%99%EC%9E%91%EA%B5%AC%20%EC%95%84%EA%B8%B0%EB%9E%91%20%EC%88%98%EC%98%81%EC%9E%A5,family:1.0;baby:1.0;parking:1.0;nursing_room:1.0;동작구;아기랑 수영장,2026-08-22 20:34:25,pool:1.0;water:1.0;outdoor:0.9,2,85
네이버 장소검색 | 서울 동작구,자연친화,오션베이비수영장,상시,영유아 및 어린이 (0세~9세),서울 동작구 오션베이비수영장,무료/유료 (플레이스 참조),서울 동작구에 위치한 인기 아기랑 수영장 명소인 [오션베이비수영장]입니다.,https://search.naver.com/search.naver?where=nexearch&query=%EC%84%9C%EC%9A%B8%20%EB%8F%99%EC%9E%91%EA%B5%AC%20%EC%95%84%EA%B8%B0%EB%9E%91%20%EC%88%98%EC%98%81%EC%9E%A5,family:1.0;baby:1.0;parking:1.0;nursing_room:1.0;동작구;아기랑 수영장,2026-08-22 20:34:25,pool:1.0;water:1.0;outdoor:0.9,2,85
네이버 장소검색 | 서울 동작구,자연친화,PAB수영장,상시,영유아 및 어린이 (0세~9세),서울 동작구 PAB수영장,무료/유료 (플레이스 참조),서울 동작구에 위치한 인기 아기랑 수영장 명소인 [PAB수영장]입니다.,https://search.naver.com/search.naver?where=nexearch&query=%EC%84%9C%EC%9A%B8%20%EB%8F%99%EC%9E%91%EA%B5%AC%20%EC%95%84%EA%B8%B0%EB%9E%91%20%EC%88%98%EC%98%81%EC%9E%A5,family:1.0;baby:1.0;parking:1.0;nursing_room:1.0;동작구;아기랑 수영장,2026-08-22 20:34:25,pool:1.0;water:1.0;outdoor:0.9,2,85
네이버 장소검색 | 서울 동작구,자연친화,동작삼일수영장,상시,영유아 및 어린이 (0세~9세),서울 동작구 동작삼일수영장,무료/유료 (플레이스 참조),서울 동작구에 위치한 인기 아기랑 수영장 명소인 [동작삼일수영장]입니다.,https://search.naver.com/search.naver?where=nexearch&query=%EC%84%9C%EC%9A%B8%20%EB%8F%99%EC%9E%91%EA%B5%AC%20%EC%95%84%EA%B8%B0%EB%9E%91%20%EC%88%98%EC%98%81%EC%9E%A5,family:1.0;baby:1.0;parking:1.0;nursing_room:1.0;동작구;아기랑 수영장,2026-08-22 20:34:25,pool:1.0;water:1.0;outdoor:0.9,2,85
네이버 장소검색 | 서울 동작구,자연친화,에스에이치스포츠아카데미수영장,상시,영유아 및 어린이 (0세~9세),서울 동작구 에스에이치스포츠아카데미수영장,무료/유료 (플레이스 참조),서울 동작구에 위치한 인기 아기랑 수영장 명소인 [에스에이치스포츠아카데미수영장]입니다.,https://search.naver.com/search.naver?where=nexearch&query=%EC%84%9C%EC%9A%B8%20%EB%8F%99%EC%9E%91%EA%B5%AC%20%EC%95%84%EA%B8%B0%EB%9E%91%20%EC%88%98%EC%98%81%EC%9E%A5,family:1.0;baby:1.0;parking:1.0;nursing_room:1.0;동작구;아기랑 수영장,2026-08-22 20:34:25,pool:1.0;water:1.0;outdoor:0.9,2,85
네이버 장소검색 | 서울 동작구,자연친화,"""현충공원",상시,영유아 및 어린이 (0세~9세),"서울 동작구 ""현충공원",무료/유료 (플레이스 참조),"서울 동작구에 위치한 인기 아기랑 수영장 명소인 [""현충공원]입니다.",https://search.naver.com/search.naver?where=nexearch&query=%EC%84%9C%EC%9A%B8%20%EB%8F%99%EC%9E%91%EA%B5%AC%20%EC%95%84%EA%B8%B0%EB%9E%91%20%EC%88%98%EC%98%81%EC%9E%A5,family:1.0;baby:1.0;parking:1.0;nursing_room:1.0;동작구;아기랑 수영장,2026-08-22 20:34:25,pool:1.0;water:1.0;outdoor:0.9,2,85
네이버 장소검색 | 서울 동작구,자연친화,해수풀,상시,영유아 및 어린이 (0세~9세),서울 동작구 해수풀,무료/유료 (플레이스 참조),서울 동작구에 위치한 인기 아기랑 수영장 명소인 [해수풀]입니다.,https://search.naver.com/search.naver?where=nexearch&query=%EC%84%9C%EC%9A%B8%20%EB%8F%99%EC%9E%91%EA%B5%AC%20%EC%95%84%EA%B8%B0%EB%9E%91%20%EC%88%98%EC%98%81%EC%9E%A5,family:1.0;baby:1.0;parking:1.0;nursing_room:1.0;동작구;아기랑 수영장,2026-08-22 20:34:25,pool:1.0;water:1.0;outdoor:0.9,2,85
네이버 장소검색 | 서울 동작구,자연친화,동작구 아기랑숲놀이터 상도공원,상시,영유아 및 어린이 (0세~9세),서울 동작구 동작구 아기랑숲놀이터 상도공원,무료/유료 (플레이스 참조),서울 동작구에 위치한 인기 아기랑 모래놀이 명소인 [동작구 아기랑숲놀이터 상도공원]입니다.,https://search.naver.com/search.naver?where=nexearch&query=%EC%84%9C%EC%9A%B8%20%EB%8F%99%EC%9E%91%EA%B5%AC%20%EC%95%84%EA%B8%B0%EB%9E%91%20%EB%AA%A8%EB%9E%98%EB%86%80%EC%9D%B4,family:1.0;baby:1.0;parking:1.0;nursing_room:1.0;동작구;아기랑 모래놀이,2026-08-22 20:34:25,sand:1.0;nature:1.0;play:0.9,2,85
네이버 장소검색 | 서울 동작구,자연친화,BABY | 육아기록동작구 아기랑숲놀이터 상도공원,상시,영유아 및 어린이 (0세~9세),서울 동작구 BABY | 육아기록동작구 아기랑숲놀이터 상도공원,무료/유료 (플레이스 참조),서울 동작구에 위치한 인기 아기랑 모래놀이 명소인 [BABY | 육아기록동작구 아기랑숲놀이터 상도공원]입니다.,https://search.naver.com/search.naver?where=nexearch&query=%EC%84%9C%EC%9A%B8%20%EB%8F%99%EC%9E%91%EA%B5%AC%20%EC%95%84%EA%B8%B0%EB%9E%91%20%EB%AA%A8%EB%9E%98%EB%86%80%EC%9D%B4,family:1.0;baby:1.0;parking:1.0;nursing_room:1.0;동작구;아기랑 모래놀이,2026-08-22 20:34:25,sand:1.0;nature:1.0;play:0.9,2,85
네이버 장소검색 | 서울 동작구,자연친화,보라매공원공원,상시,영유아 및 어린이 (0세~9세),서울 동작구 보라매공원공원,무료/유료 (플레이스 참조),서울 동작구에 위치한 인기 아기랑 공원 명소인 [보라매공원공원]입니다.,https://search.naver.com/search.naver?where=nexearch&query=%EC%84%9C%EC%9A%B8%20%EB%8F%99%EC%9E%91%EA%B5%AC%20%EC%95%84%EA%B8%B0%EB%9E%91%20%EA%B3%B5%EC%9B%90,family:1.0;baby:1.0;parking:1.0;nursing_room:1.0;동작구;아기랑 공원,2026-08-22 20:34:25,park:1.0;picnic:1.0;nature:1.0,2,85
네이버 장소검색 | 서울 동작구,자연친화,용양봉저정공원공원,상시,영유아 및 어린이 (0세~9세),서울 동작구 용양봉저정공원공원,무료/유료 (플레이스 참조),서울 동작구에 위치한 인기 아기랑 공원 명소인 [용양봉저정공원공원]입니다.,https://search.naver.com/search.naver?where=nexearch&query=%EC%84%9C%EC%9A%B8%20%EB%8F%99%EC%9E%91%EA%B5%AC%20%EC%95%84%EA%B8%B0%EB%9E%91%20%EA%B3%B5%EC%9B%90,family:1.0;baby:1.0;parking:1.0;nursing_room:1.0;동작구;아기랑 공원,2026-08-22 20:34:25,park:1.0;picnic:1.0;nature:1.0,2,85
네이버 장소검색 | 서울 동작구,자연친화,사육신역사공원공원,상시,영유아 및 어린이 (0세~9세),서울 동작구 사육신역사공원공원,무료/유료 (플레이스 참조),서울 동작구에 위치한 인기 아기랑 공원 명소인 [사육신역사공원공원]입니다.,https://search.naver.com/search.naver?where=nexearch&query=%EC%84%9C%EC%9A%B8%20%EB%8F%99%EC%9E%91%EA%B5%AC%20%EC%95%84%EA%B8%B0%EB%9E%91%20%EA%B3%B5%EC%9B%90,family:1.0;baby:1.0;parking:1.0;nursing_room:1.0;동작구;아기랑 공원,2026-08-22 20:34:25,park:1.0;picnic:1.0;nature:1.0,2,85
네이버 장소검색 | 서울 동작구,자연친화,동작반려견공원공원,상시,영유아 및 어린이 (0세~9세),서울 동작구 동작반려견공원공원,무료/유료 (플레이스 참조),서울 동작구에 위치한 인기 아기랑 공원 명소인 [동작반려견공원공원]입니다.,https://search.naver.com/search.naver?where=nexearch&query=%EC%84%9C%EC%9A%B8%20%EB%8F%99%EC%9E%91%EA%B5%AC%20%EC%95%84%EA%B8%B0%EB%9E%91%20%EA%B3%B5%EC%9B%90,family:1.0;baby:1.0;parking:1.0;nursing_room:1.0;동작구;아기랑 공원,2026-08-22 20:34:25,park:1.0;picnic:1.0;nature:1.0,2,85
네이버 장소검색 | 서울 동작구,자연친화,노들나루공원공원,상시,영유아 및 어린이 (0세~9세),서울 동작구 노들나루공원공원,무료/유료 (플레이스 참조),서울 동작구에 위치한 인기 아기랑 공원 명소인 [노들나루공원공원]입니다.,https://search.naver.com/search.naver?where=nexearch&query=%EC%84%9C%EC%9A%B8%20%EB%8F%99%EC%9E%91%EA%B5%AC%20%EC%95%84%EA%B8%B0%EB%9E%91%20%EA%B3%B5%EC%9B%90,family:1.0;baby:1.0;parking:1.0;nursing_room:1.0;동작구;아기랑 공원,2026-08-22 20:34:25,park:1.0;picnic:1.0;nature:1.0,2,85
네이버 장소검색 | 서울 동작구,자연친화,효사정공원자연공원,상시,영유아 및 어린이 (0세~9세),서울 동작구 효사정공원자연공원,무료/유료 (플레이스 참조),서울 동작구에 위치한 인기 아기랑 공원 명소인 [효사정공원자연공원]입니다.,https://search.naver.com/search.naver?where=nexearch&query=%EC%84%9C%EC%9A%B8%20%EB%8F%99%EC%9E%91%EA%B5%AC%20%EC%95%84%EA%B8%B0%EB%9E%91%20%EA%B3%B5%EC%9B%90,family:1.0;baby:1.0;parking:1.0;nursing_room:1.0;동작구;아기랑 공원,2026-08-22 20:34:25,park:1.0;picnic:1.0;nature:1.0,2,85
네이버 장소검색 | 서울 동작구,자연친화,22개월아기랑동작구관악구 숲놀이터 ‘상도공원,상시,영유아 및 어린이 (0세~9세),서울 동작구 22개월아기랑동작구관악구 숲놀이터 ‘상도공원,무료/유료 (플레이스 참조),서울 동작구에 위치한 인기 아기랑 공원 명소인 [22개월아기랑동작구관악구 숲놀이터 ‘상도공원]입니다.,https://search.naver.com/search.naver?where=nexearch&query=%EC%84%9C%EC%9A%B8%20%EB%8F%99%EC%9E%91%EA%B5%AC%20%EC%95%84%EA%B8%B0%EB%9E%91%20%EA%B3%B5%EC%9B%90,family:1.0;baby:1.0;parking:1.0;nursing_room:1.0;동작구;아기랑 공원,2026-08-22 20:34:25,park:1.0;picnic:1.0;nature:1.0,2,85
네이버 장소검색 | 서울 동작구,자연친화,상도공원,상시,영유아 및 어린이 (0세~9세),서울 동작구 상도공원,무료/유료 (플레이스 참조),서울 동작구에 위치한 인기 아기랑 공원 명소인 [상도공원]입니다.,https://search.naver.com/search.naver?where=nexearch&query=%EC%84%9C%EC%9A%B8%20%EB%8F%99%EC%9E%91%EA%B5%AC%20%EC%95%84%EA%B8%B0%EB%9E%91%20%EA%B3%B5%EC%9B%90,family:1.0;baby:1.0;parking:1.0;nursing_room:1.0;동작구;아기랑 공원,2026-08-22 20:34:25,park:1.0;picnic:1.0;nature:1.0,2,85
네이버 장소검색 | 서울 동작구,자연친화,동작구어린이,상시,영유아 및 어린이 (0세~9세),서울 동작구 동작구어린이,무료/유료 (플레이스 참조),서울 동작구에 위치한 인기 아기랑 물놀이터 명소인 [동작구어린이]입니다.,https://search.naver.com/search.naver?where=nexearch&query=%EC%84%9C%EC%9A%B8%20%EB%8F%99%EC%9E%91%EA%B5%AC%20%EC%95%84%EA%B8%B0%EB%9E%91%20%EB%AC%BC%EB%86%80%EC%9D%B4%ED%84%B0,family:1.0;baby:1.0;parking:1.0;nursing_room:1.0;동작구;아기랑 물놀이터,2026-08-22 20:34:25,water:1.0;outdoor:1.0;picnic:0.8,2,85
네이버 장소검색 | 서울 동작구,공공키즈카페,"서울시 남현동물놀이터,서울형키즈카페동작구사당1동점,",상시,영유아 및 어린이 (0세~9세),"서울 동작구 서울시 남현동물놀이터,서울형키즈카페동작구사당1동점,",무료/유료 (플레이스 참조),"서울 동작구에 위치한 인기 아기랑 물놀이터 명소인 [서울시 남현동물놀이터,서울형키즈카페동작구사당1동점,]입니다.",https://search.naver.com/search.naver?where=nexearch&query=%EC%84%9C%EC%9A%B8%20%EB%8F%99%EC%9E%91%EA%B5%AC%20%EC%95%84%EA%B8%B0%EB%9E%91%20%EB%AC%BC%EB%86%80%EC%9D%B4%ED%84%B0,family:1.0;baby:1.0;parking:1.0;nursing_room:1.0;동작구;아기랑 물놀이터,2026-08-22 20:34:25,water:1.0;outdoor:1.0;picnic:0.8,2,85
네이버 장소검색 | 서울 동작구,가족체험,아동미술,상시,영유아 및 어린이 (0세~9세),서울 동작구 아동미술,무료/유료 (플레이스 참조),서울 동작구에 위치한 인기 아기랑 미술 명소인 [아동미술]입니다.,https://search.naver.com/search.naver?where=nexearch&query=%EC%84%9C%EC%9A%B8%20%EB%8F%99%EC%9E%91%EA%B5%AC%20%EC%95%84%EA%B8%B0%EB%9E%91%20%EB%AF%B8%EC%88%A0,family:1.0;baby:1.0;parking:1.0;nursing_room:1.0;동작구;아기랑 미술,2026-08-22 20:34:25,drawing:1.0;art:1.0;experience:1.0,2,85
네이버 장소검색 | 서울 동작구,가족체험,무료미술강사 취업사이트미술선생님 취업,상시,영유아 및 어린이 (0세~9세),서울 동작구 무료미술강사 취업사이트미술선생님 취업,무료/유료 (플레이스 참조),서울 동작구에 위치한 인기 아기랑 미술 명소인 [무료미술강사 취업사이트미술선생님 취업]입니다.,https://search.naver.com/search.naver?where=nexearch&query=%EC%84%9C%EC%9A%B8%20%EB%8F%99%EC%9E%91%EA%B5%AC%20%EC%95%84%EA%B8%B0%EB%9E%91%20%EB%AF%B8%EC%88%A0,family:1.0;baby:1.0;parking:1.0;nursing_room:1.0;동작구;아기랑 미술,2026-08-22 20:34:25,drawing:1.0;art:1.0;experience:1.0,2,85
네이버 장소검색 | 서울 동작구,가족체험,국립중앙박물관 어린이박물관박물관,상시,영유아 및 어린이 (0세~9세),서울 동작구 국립중앙박물관 어린이박물관박물관,무료/유료 (플레이스 참조),서울 동작구에 위치한 인기 아기랑 어린이박물관 명소인 [국립중앙박물관 어린이박물관박물관]입니다.,https://search.naver.com/search.naver?where=nexearch&query=%EC%84%9C%EC%9A%B8%20%EB%8F%99%EC%9E%91%EA%B5%AC%20%EC%95%84%EA%B8%B0%EB%9E%91%20%EC%96%B4%EB%A6%B0%EC%9D%B4%EB%B0%95%EB%AC%BC%EA%B4%80,family:1.0;baby:1.0;parking:1.0;nursing_room:1.0;동작구;아기랑 어린이박물관,2026-08-22 20:34:25,museum:1.0;hands_on:1.0;experience:1.0,2,85
네이버 장소검색 | 서울 마포구,사설키즈카페,허니마운틴 마포공덕점,상시,영유아 및 어린이 (0세~9세),서울 마포구 허니마운틴 마포공덕점,무료/유료 (플레이스 참조),서울 마포구에 위치한 인기 아기랑 키즈카페 명소인 [허니마운틴 마포공덕점]입니다.,https://search.naver.com/search.naver?where=nexearch&query=%EC%84%9C%EC%9A%B8%20%EB%A7%88%ED%8F%AC%EA%B5%AC%20%EC%95%84%EA%B8%B0%EB%9E%91%20%ED%82%A4%EC%A6%88%EC%B9%B4%ED%8E%98,family:1.0;baby:1.0;parking:1.0;nursing_room:1.0;마포구;아기랑 키즈카페,2026-08-22 20:34:25,toddler:1.0;indoor:0.9;play:1.0,2,85
네이버 장소검색 | 서울 마포구,사설키즈카페,꿀잼키즈룸 마포점,상시,영유아 및 어린이 (0세~9세),서울 마포구 꿀잼키즈룸 마포점,무료/유료 (플레이스 참조),서울 마포구에 위치한 인기 아기랑 키즈카페 명소인 [꿀잼키즈룸 마포점]입니다.,https://search.naver.com/search.naver?where=nexearch&query=%EC%84%9C%EC%9A%B8%20%EB%A7%88%ED%8F%AC%EA%B5%AC%20%EC%95%84%EA%B8%B0%EB%9E%91%20%ED%82%A4%EC%A6%88%EC%B9%B4%ED%8E%98,family:1.0;baby:1.0;parking:1.0;nursing_room:1.0;마포구;아기랑 키즈카페,2026-08-22 20:34:25,toddler:1.0;indoor:0.9;play:1.0,2,85
네이버 장소검색 | 서울 마포구,사설키즈카페,피넛키즈룸,상시,영유아 및 어린이 (0세~9세),서울 마포구 피넛키즈룸,무료/유료 (플레이스 참조),서울 마포구에 위치한 인기 아기랑 키즈카페 명소인 [피넛키즈룸]입니다.,https://search.naver.com/search.naver?where=nexearch&query=%EC%84%9C%EC%9A%B8%20%EB%A7%88%ED%8F%AC%EA%B5%AC%20%EC%95%84%EA%B8%B0%EB%9E%91%20%ED%82%A4%EC%A6%88%EC%B9%B4%ED%8E%98,family:1.0;baby:1.0;parking:1.0;nursing_room:1.0;마포구;아기랑 키즈카페,2026-08-22 20:34:25,toddler:1.0;indoor:0.9;play:1.0,2,85
네이버 장소검색 | 서울 마포구,사설키즈카페,무키무키 마포점,상시,영유아 및 어린이 (0세~9세),서울 마포구 무키무키 마포점,무료/유료 (플레이스 참조),서울 마포구에 위치한 인기 아기랑 키즈카페 명소인 [무키무키 마포점]입니다.,https://search.naver.com/search.naver?where=nexearch&query=%EC%84%9C%EC%9A%B8%20%EB%A7%88%ED%8F%AC%EA%B5%AC%20%EC%95%84%EA%B8%B0%EB%9E%91%20%ED%82%A4%EC%A6%88%EC%B9%B4%ED%8E%98,family:1.0;baby:1.0;parking:1.0;nursing_room:1.0;마포구;아기랑 키즈카페,2026-08-22 20:34:25,toddler:1.0;indoor:0.9;play:1.0,2,85
네이버 장소검색 | 서울 마포구,사설키즈카페,자란다 키즈존,상시,영유아 및 어린이 (0세~9세),서울 마포구 자란다 키즈존,무료/유료 (플레이스 참조),서울 마포구에 위치한 인기 아기랑 키즈카페 명소인 [자란다 키즈존]입니다.,https://search.naver.com/search.naver?where=nexearch&query=%EC%84%9C%EC%9A%B8%20%EB%A7%88%ED%8F%AC%EA%B5%AC%20%EC%95%84%EA%B8%B0%EB%9E%91%20%ED%82%A4%EC%A6%88%EC%B9%B4%ED%8E%98,family:1.0;baby:1.0;parking:1.0;nursing_room:1.0;마포구;아기랑 키즈카페,2026-08-22 20:34:25,toddler:1.0;indoor:0.9;play:1.0,2,85
네이버 장소검색 | 서울 마포구,사설키즈카페,하이펀,상시,영유아 및 어린이 (0세~9세),서울 마포구 하이펀,무료/유료 (플레이스 참조),서울 마포구에 위치한 인기 아기랑 키즈카페 명소인 [하이펀]입니다.,https://search.naver.com/search.naver?where=nexearch&query=%EC%84%9C%EC%9A%B8%20%EB%A7%88%ED%8F%AC%EA%B5%AC%20%EC%95%84%EA%B8%B0%EB%9E%91%20%ED%82%A4%EC%A6%88%EC%B9%B4%ED%8E%98,family:1.0;baby:1.0;parking:1.0;nursing_room:1.0;마포구;아기랑 키즈카페,2026-08-22 20:34:25,toddler:1.0;indoor:0.9;play:1.0,2,85
네이버 장소검색 | 서울 마포구,사설키즈카페,마포구상암동 무료,상시,영유아 및 어린이 (0세~9세),서울 마포구 마포구상암동 무료,무료/유료 (플레이스 참조),서울 마포구에 위치한 인기 아기랑 키즈카페 명소인 [마포구상암동 무료]입니다.,https://search.naver.com/search.naver?where=nexearch&query=%EC%84%9C%EC%9A%B8%20%EB%A7%88%ED%8F%AC%EA%B5%AC%20%EC%95%84%EA%B8%B0%EB%9E%91%20%ED%82%A4%EC%A6%88%EC%B9%B4%ED%8E%98,family:1.0;baby:1.0;parking:1.0;nursing_room:1.0;마포구;아기랑 키즈카페,2026-08-22 20:34:25,toddler:1.0;indoor:0.9;play:1.0,2,85
네이버 장소검색 | 서울 마포구,자연친화,수성동계곡,상시,영유아 및 어린이 (0세~9세),서울 마포구 수성동계곡,무료/유료 (플레이스 참조),서울 마포구에 위치한 인기 아기랑 계곡 명소인 [수성동계곡]입니다.,https://search.naver.com/search.naver?where=nexearch&query=%EC%84%9C%EC%9A%B8%20%EB%A7%88%ED%8F%AC%EA%B5%AC%20%EC%95%84%EA%B8%B0%EB%9E%91%20%EA%B3%84%EA%B3%A1,family:1.0;baby:1.0;parking:1.0;nursing_room:1.0;마포구;아기랑 계곡,2026-08-22 20:34:25,valley:1.0;nature:1.0;water:1.0,2,85
네이버 장소검색 | 서울 마포구,자연친화,백사실계곡,상시,영유아 및 어린이 (0세~9세),서울 마포구 백사실계곡,무료/유료 (플레이스 참조),서울 마포구에 위치한 인기 아기랑 계곡 명소인 [백사실계곡]입니다.,https://search.naver.com/search.naver?where=nexearch&query=%EC%84%9C%EC%9A%B8%20%EB%A7%88%ED%8F%AC%EA%B5%AC%20%EC%95%84%EA%B8%B0%EB%9E%91%20%EA%B3%84%EA%B3%A1,family:1.0;baby:1.0;parking:1.0;nursing_room:1.0;마포구;아기랑 계곡,2026-08-22 20:34:25,valley:1.0;nature:1.0;water:1.0,2,85
네이버 장소검색 | 서울 마포구,자연친화,난지 한강공원 물놀이장수영장,상시,영유아 및 어린이 (0세~9세),서울 마포구 난지 한강공원 물놀이장수영장,무료/유료 (플레이스 참조),서울 마포구에 위치한 인기 아기랑 수영장 명소인 [난지 한강공원 물놀이장수영장]입니다.,https://search.naver.com/search.naver?where=nexearch&query=%EC%84%9C%EC%9A%B8%20%EB%A7%88%ED%8F%AC%EA%B5%AC%20%EC%95%84%EA%B8%B0%EB%9E%91%20%EC%88%98%EC%98%81%EC%9E%A5,family:1.0;baby:1.0;parking:1.0;nursing_room:1.0;마포구;아기랑 수영장,2026-08-22 20:34:25,pool:1.0;water:1.0;outdoor:0.9,2,85
네이버 장소검색 | 서울 마포구,자연친화,아이월드 마포센터수영장,상시,영유아 및 어린이 (0세~9세),서울 마포구 아이월드 마포센터수영장,무료/유료 (플레이스 참조),서울 마포구에 위치한 인기 아기랑 수영장 명소인 [아이월드 마포센터수영장]입니다.,https://search.naver.com/search.naver?where=nexearch&query=%EC%84%9C%EC%9A%B8%20%EB%A7%88%ED%8F%AC%EA%B5%AC%20%EC%95%84%EA%B8%B0%EB%9E%91%20%EC%88%98%EC%98%81%EC%9E%A5,family:1.0;baby:1.0;parking:1.0;nursing_room:1.0;마포구;아기랑 수영장,2026-08-22 20:34:25,pool:1.0;water:1.0;outdoor:0.9,2,85
네이버 장소검색 | 서울 마포구,자연친화,창천교육문화관수영장,상시,영유아 및 어린이 (0세~9세),서울 마포구 창천교육문화관수영장,무료/유료 (플레이스 참조),서울 마포구에 위치한 인기 아기랑 수영장 명소인 [창천교육문화관수영장]입니다.,https://search.naver.com/search.naver?where=nexearch&query=%EC%84%9C%EC%9A%B8%20%EB%A7%88%ED%8F%AC%EA%B5%AC%20%EC%95%84%EA%B8%B0%EB%9E%91%20%EC%88%98%EC%98%81%EC%9E%A5,family:1.0;baby:1.0;parking:1.0;nursing_room:1.0;마포구;아기랑 수영장,2026-08-22 20:34:25,pool:1.0;water:1.0;outdoor:0.9,2,85
네이버 장소검색 | 서울 마포구,자연친화,한강야외수영장,상시,영유아 및 어린이 (0세~9세),서울 마포구 한강야외수영장,무료/유료 (플레이스 참조),서울 마포구에 위치한 인기 아기랑 수영장 명소인 [한강야외수영장]입니다.,https://search.naver.com/search.naver?where=nexearch&query=%EC%84%9C%EC%9A%B8%20%EB%A7%88%ED%8F%AC%EA%B5%AC%20%EC%95%84%EA%B8%B0%EB%9E%91%20%EC%88%98%EC%98%81%EC%9E%A5,family:1.0;baby:1.0;parking:1.0;nursing_room:1.0;마포구;아기랑 수영장,2026-08-22 20:34:25,pool:1.0;water:1.0;outdoor:0.9,2,85
네이버 장소검색 | 서울 마포구,자연친화,아현스포렉스 수영장,상시,영유아 및 어린이 (0세~9세),서울 마포구 아현스포렉스 수영장,무료/유료 (플레이스 참조),서울 마포구에 위치한 인기 아기랑 수영장 명소인 [아현스포렉스 수영장]입니다.,https://search.naver.com/search.naver?where=nexearch&query=%EC%84%9C%EC%9A%B8%20%EB%A7%88%ED%8F%AC%EA%B5%AC%20%EC%95%84%EA%B8%B0%EB%9E%91%20%EC%88%98%EC%98%81%EC%9E%A5,family:1.0;baby:1.0;parking:1.0;nursing_room:1.0;마포구;아기랑 수영장,2026-08-22 20:34:25,pool:1.0;water:1.0;outdoor:0.9,2,85
네이버 장소검색 | 서울 마포구,자연친화,신석스포렉스수영장,상시,영유아 및 어린이 (0세~9세),서울 마포구 신석스포렉스수영장,무료/유료 (플레이스 참조),서울 마포구에 위치한 인기 아기랑 수영장 명소인 [신석스포렉스수영장]입니다.,https://search.naver.com/search.naver?where=nexearch&query=%EC%84%9C%EC%9A%B8%20%EB%A7%88%ED%8F%AC%EA%B5%AC%20%EC%95%84%EA%B8%B0%EB%9E%91%20%EC%88%98%EC%98%81%EC%9E%A5,family:1.0;baby:1.0;parking:1.0;nursing_room:1.0;마포구;아기랑 수영장,2026-08-22 20:34:25,pool:1.0;water:1.0;outdoor:0.9,2,85
네이버 장소검색 | 서울 마포구,자연친화,국가,상시,영유아 및 어린이 (0세~9세),서울 마포구 국가,무료/유료 (플레이스 참조),서울 마포구에 위치한 인기 아기랑 수영장 명소인 [국가]입니다.,https://search.naver.com/search.naver?where=nexearch&query=%EC%84%9C%EC%9A%B8%20%EB%A7%88%ED%8F%AC%EA%B5%AC%20%EC%95%84%EA%B8%B0%EB%9E%91%20%EC%88%98%EC%98%81%EC%9E%A5,family:1.0;baby:1.0;parking:1.0;nursing_room:1.0;마포구;아기랑 수영장,2026-08-22 20:34:25,pool:1.0;water:1.0;outdoor:0.9,2,85
네이버 장소검색 | 서울 마포구,자연친화,난지 한강공원공원,상시,영유아 및 어린이 (0세~9세),서울 마포구 난지 한강공원공원,무료/유료 (플레이스 참조),서울 마포구에 위치한 인기 아기랑 공원 명소인 [난지 한강공원공원]입니다.,https://search.naver.com/search.naver?where=nexearch&query=%EC%84%9C%EC%9A%B8%20%EB%A7%88%ED%8F%AC%EA%B5%AC%20%EC%95%84%EA%B8%B0%EB%9E%91%20%EA%B3%B5%EC%9B%90,family:1.0;baby:1.0;parking:1.0;nursing_room:1.0;마포구;아기랑 공원,2026-08-22 20:34:25,park:1.0;picnic:1.0;nature:1.0,2,85
네이버 장소검색 | 서울 마포구,자연친화,"하늘공원자연,생태공원",상시,영유아 및 어린이 (0세~9세),"서울 마포구 하늘공원자연,생태공원",무료/유료 (플레이스 참조),"서울 마포구에 위치한 인기 아기랑 공원 명소인 [하늘공원자연,생태공원]입니다.",https://search.naver.com/search.naver?where=nexearch&query=%EC%84%9C%EC%9A%B8%20%EB%A7%88%ED%8F%AC%EA%B5%AC%20%EC%95%84%EA%B8%B0%EB%9E%91%20%EA%B3%B5%EC%9B%90,family:1.0;baby:1.0;parking:1.0;nursing_room:1.0;마포구;아기랑 공원,2026-08-22 20:34:25,park:1.0;picnic:1.0;nature:1.0,2,85
네이버 장소검색 | 서울 마포구,자연친화,망원 한강공원공원,상시,영유아 및 어린이 (0세~9세),서울 마포구 망원 한강공원공원,무료/유료 (플레이스 참조),서울 마포구에 위치한 인기 아기랑 공원 명소인 [망원 한강공원공원]입니다.,https://search.naver.com/search.naver?where=nexearch&query=%EC%84%9C%EC%9A%B8%20%EB%A7%88%ED%8F%AC%EA%B5%AC%20%EC%95%84%EA%B8%B0%EB%9E%91%20%EA%B3%B5%EC%9B%90,family:1.0;baby:1.0;parking:1.0;nursing_room:1.0;마포구;아기랑 공원,2026-08-22 20:34:25,park:1.0;picnic:1.0;nature:1.0,2,85
네이버 장소검색 | 서울 마포구,자연친화,월드컵공원공원,상시,영유아 및 어린이 (0세~9세),서울 마포구 월드컵공원공원,무료/유료 (플레이스 참조),서울 마포구에 위치한 인기 아기랑 공원 명소인 [월드컵공원공원]입니다.,https://search.naver.com/search.naver?where=nexearch&query=%EC%84%9C%EC%9A%B8%20%EB%A7%88%ED%8F%AC%EA%B5%AC%20%EC%95%84%EA%B8%B0%EB%9E%91%20%EA%B3%B5%EC%9B%90,family:1.0;baby:1.0;parking:1.0;nursing_room:1.0;마포구;아기랑 공원,2026-08-22 20:34:25,park:1.0;picnic:1.0;nature:1.0,2,85
네이버 장소검색 | 서울 마포구,자연친화,"평화의공원도시,공원",상시,영유아 및 어린이 (0세~9세),"서울 마포구 평화의공원도시,공원",무료/유료 (플레이스 참조),"서울 마포구에 위치한 인기 아기랑 공원 명소인 [평화의공원도시,공원]입니다.",https://search.naver.com/search.naver?where=nexearch&query=%EC%84%9C%EC%9A%B8%20%EB%A7%88%ED%8F%AC%EA%B5%AC%20%EC%95%84%EA%B8%B0%EB%9E%91%20%EA%B3%B5%EC%9B%90,family:1.0;baby:1.0;parking:1.0;nursing_room:1.0;마포구;아기랑 공원,2026-08-22 20:34:25,park:1.0;picnic:1.0;nature:1.0,2,85
네이버 장소검색 | 서울 마포구,자연친화,"노을공원도시,공원",상시,영유아 및 어린이 (0세~9세),"서울 마포구 노을공원도시,공원",무료/유료 (플레이스 참조),"서울 마포구에 위치한 인기 아기랑 공원 명소인 [노을공원도시,공원]입니다.",https://search.naver.com/search.naver?where=nexearch&query=%EC%84%9C%EC%9A%B8%20%EB%A7%88%ED%8F%AC%EA%B5%AC%20%EC%95%84%EA%B8%B0%EB%9E%91%20%EA%B3%B5%EC%9B%90,family:1.0;baby:1.0;parking:1.0;nursing_room:1.0;마포구;아기랑 공원,2026-08-22 20:34:25,park:1.0;picnic:1.0;nature:1.0,2,85
네이버 장소검색 | 서울 마포구,자연친화,땟목놀이등) 오류동-대촌공원물놀이터검단-왕길공원,상시,영유아 및 어린이 (0세~9세),서울 마포구 땟목놀이등) 오류동-대촌공원물놀이터검단-왕길공원,무료/유료 (플레이스 참조),서울 마포구에 위치한 인기 아기랑 물놀이터 명소인 [땟목놀이등) 오류동-대촌공원물놀이터검단-왕길공원]입니다.,https://search.naver.com/search.naver?where=nexearch&query=%EC%84%9C%EC%9A%B8%20%EB%A7%88%ED%8F%AC%EA%B5%AC%20%EC%95%84%EA%B8%B0%EB%9E%91%20%EB%AC%BC%EB%86%80%EC%9D%B4%ED%84%B0,family:1.0;baby:1.0;parking:1.0;nursing_room:1.0;마포구;아기랑 물놀이터,2026-08-22 20:34:25,water:1.0;outdoor:1.0;picnic:0.8,2,85
네이버 장소검색 | 서울 마포구,자연친화,ⓒ마포구마포구(구청장 유동균) 상암동의,상시,영유아 및 어린이 (0세~9세),서울 마포구 ⓒ마포구마포구(구청장 유동균) 상암동의,무료/유료 (플레이스 참조),서울 마포구에 위치한 인기 아기랑 물놀이터 명소인 [ⓒ마포구마포구(구청장 유동균) 상암동의]입니다.,https://search.naver.com/search.naver?where=nexearch&query=%EC%84%9C%EC%9A%B8%20%EB%A7%88%ED%8F%AC%EA%B5%AC%20%EC%95%84%EA%B8%B0%EB%9E%91%20%EB%AC%BC%EB%86%80%EC%9D%B4%ED%84%B0,family:1.0;baby:1.0;parking:1.0;nursing_room:1.0;마포구;아기랑 물놀이터,2026-08-22 20:34:25,water:1.0;outdoor:1.0;picnic:0.8,2,85
네이버 장소검색 | 서울 마포구,가족체험,서울역사박물관 어린이박물관박물관,상시,영유아 및 어린이 (0세~9세),서울 마포구 서울역사박물관 어린이박물관박물관,무료/유료 (플레이스 참조),서울 마포구에 위치한 인기 아기랑 어린이박물관 명소인 [서울역사박물관 어린이박물관박물관]입니다.,https://search.naver.com/search.naver?where=nexearch&query=%EC%84%9C%EC%9A%B8%20%EB%A7%88%ED%8F%AC%EA%B5%AC%20%EC%95%84%EA%B8%B0%EB%9E%91%20%EC%96%B4%EB%A6%B0%EC%9D%B4%EB%B0%95%EB%AC%BC%EA%B4%80,family:1.0;baby:1.0;parking:1.0;nursing_room:1.0;마포구;아기랑 어린이박물관,2026-08-22 20:34:25,museum:1.0;hands_on:1.0;experience:1.0,2,85
네이버 장소검색 | 서울 마포구,가족체험,국회박물관어린이박물관박물관,상시,영유아 및 어린이 (0세~9세),서울 마포구 국회박물관어린이박물관박물관,무료/유료 (플레이스 참조),서울 마포구에 위치한 인기 아기랑 어린이박물관 명소인 [국회박물관어린이박물관박물관]입니다.,https://search.naver.com/search.naver?where=nexearch&query=%EC%84%9C%EC%9A%B8%20%EB%A7%88%ED%8F%AC%EA%B5%AC%20%EC%95%84%EA%B8%B0%EB%9E%91%20%EC%96%B4%EB%A6%B0%EC%9D%B4%EB%B0%95%EB%AC%BC%EA%B4%80,family:1.0;baby:1.0;parking:1.0;nursing_room:1.0;마포구;아기랑 어린이박물관,2026-08-22 20:34:25,museum:1.0;hands_on:1.0;experience:1.0,2,85
네이버 장소검색 | 서울 서대문구,사설키즈카페,서대문키즈헬스케어센터 아이랑,상시,영유아 및 어린이 (0세~9세),서울 서대문구 서대문키즈헬스케어센터 아이랑,무료/유료 (플레이스 참조),서울 서대문구에 위치한 인기 아기랑 키즈카페 명소인 [서대문키즈헬스케어센터 아이랑]입니다.,https://search.naver.com/search.naver?where=nexearch&query=%EC%84%9C%EC%9A%B8%20%EC%84%9C%EB%8C%80%EB%AC%B8%EA%B5%AC%20%EC%95%84%EA%B8%B0%EB%9E%91%20%ED%82%A4%EC%A6%88%EC%B9%B4%ED%8E%98,family:1.0;baby:1.0;parking:1.0;nursing_room:1.0;서대문구;아기랑 키즈카페,2026-08-22 20:34:25,toddler:1.0;indoor:0.9;play:1.0,2,85
네이버 장소검색 | 서울 서대문구,사설키즈카페,플레잉 드로잉,상시,영유아 및 어린이 (0세~9세),서울 서대문구 플레잉 드로잉,무료/유료 (플레이스 참조),서울 서대문구에 위치한 인기 아기랑 키즈카페 명소인 [플레잉 드로잉]입니다.,https://search.naver.com/search.naver?where=nexearch&query=%EC%84%9C%EC%9A%B8%20%EC%84%9C%EB%8C%80%EB%AC%B8%EA%B5%AC%20%EC%95%84%EA%B8%B0%EB%9E%91%20%ED%82%A4%EC%A6%88%EC%B9%B4%ED%8E%98,family:1.0;baby:1.0;parking:1.0;nursing_room:1.0;서대문구;아기랑 키즈카페,2026-08-22 20:34:25,toddler:1.0;indoor:0.9;play:1.0,2,85
네이버 장소검색 | 서울 서대문구,사설키즈카페,키즈타임 북가좌점,상시,영유아 및 어린이 (0세~9세),서울 서대문구 키즈타임 북가좌점,무료/유료 (플레이스 참조),서울 서대문구에 위치한 인기 아기랑 키즈카페 명소인 [키즈타임 북가좌점]입니다.,https://search.naver.com/search.naver?where=nexearch&query=%EC%84%9C%EC%9A%B8%20%EC%84%9C%EB%8C%80%EB%AC%B8%EA%B5%AC%20%EC%95%84%EA%B8%B0%EB%9E%91%20%ED%82%A4%EC%A6%88%EC%B9%B4%ED%8E%98,family:1.0;baby:1.0;parking:1.0;nursing_room:1.0;서대문구;아기랑 키즈카페,2026-08-22 20:34:25,toddler:1.0;indoor:0.9;play:1.0,2,85
네이버 장소검색 | 서울 서대문구,사설키즈카페,키즈앤룸 홍제해링턴점,상시,영유아 및 어린이 (0세~9세),서울 서대문구 키즈앤룸 홍제해링턴점,무료/유료 (플레이스 참조),서울 서대문구에 위치한 인기 아기랑 키즈카페 명소인 [키즈앤룸 홍제해링턴점]입니다.,https://search.naver.com/search.naver?where=nexearch&query=%EC%84%9C%EC%9A%B8%20%EC%84%9C%EB%8C%80%EB%AC%B8%EA%B5%AC%20%EC%95%84%EA%B8%B0%EB%9E%91%20%ED%82%A4%EC%A6%88%EC%B9%B4%ED%8E%98,family:1.0;baby:1.0;parking:1.0;nursing_room:1.0;서대문구;아기랑 키즈카페,2026-08-22 20:34:25,toddler:1.0;indoor:0.9;play:1.0,2,85
네이버 장소검색 | 서울 서대문구,사설키즈카페,꿀잼키즈룸 서대문점,상시,영유아 및 어린이 (0세~9세),서울 서대문구 꿀잼키즈룸 서대문점,무료/유료 (플레이스 참조),서울 서대문구에 위치한 인기 아기랑 키즈카페 명소인 [꿀잼키즈룸 서대문점]입니다.,https://search.naver.com/search.naver?where=nexearch&query=%EC%84%9C%EC%9A%B8%20%EC%84%9C%EB%8C%80%EB%AC%B8%EA%B5%AC%20%EC%95%84%EA%B8%B0%EB%9E%91%20%ED%82%A4%EC%A6%88%EC%B9%B4%ED%8E%98,family:1.0;baby:1.0;parking:1.0;nursing_room:1.0;서대문구;아기랑 키즈카페,2026-08-22 20:34:25,toddler:1.0;indoor:0.9;play:1.0,2,85
네이버 장소검색 | 서울 서대문구,사설키즈카페,헬로방방 남가좌충암점,상시,영유아 및 어린이 (0세~9세),서울 서대문구 헬로방방 남가좌충암점,무료/유료 (플레이스 참조),서울 서대문구에 위치한 인기 아기랑 키즈카페 명소인 [헬로방방 남가좌충암점]입니다.,https://search.naver.com/search.naver?where=nexearch&query=%EC%84%9C%EC%9A%B8%20%EC%84%9C%EB%8C%80%EB%AC%B8%EA%B5%AC%20%EC%95%84%EA%B8%B0%EB%9E%91%20%ED%82%A4%EC%A6%88%EC%B9%B4%ED%8E%98,family:1.0;baby:1.0;parking:1.0;nursing_room:1.0;서대문구;아기랑 키즈카페,2026-08-22 20:34:25,toddler:1.0;indoor:0.9;play:1.0,2,85
네이버 장소검색 | 서울 서대문구,자연친화,아이러브키즈스윔2수영장,상시,영유아 및 어린이 (0세~9세),서울 서대문구 아이러브키즈스윔2수영장,무료/유료 (플레이스 참조),서울 서대문구에 위치한 인기 아기랑 수영장 명소인 [아이러브키즈스윔2수영장]입니다.,https://search.naver.com/search.naver?where=nexearch&query=%EC%84%9C%EC%9A%B8%20%EC%84%9C%EB%8C%80%EB%AC%B8%EA%B5%AC%20%EC%95%84%EA%B8%B0%EB%9E%91%20%EC%88%98%EC%98%81%EC%9E%A5,family:1.0;baby:1.0;parking:1.0;nursing_room:1.0;서대문구;아기랑 수영장,2026-08-22 20:34:25,pool:1.0;water:1.0;outdoor:0.9,2,85
네이버 장소검색 | 서울 서대문구,자연친화,홍제스포렉스수영장,상시,영유아 및 어린이 (0세~9세),서울 서대문구 홍제스포렉스수영장,무료/유료 (플레이스 참조),서울 서대문구에 위치한 인기 아기랑 수영장 명소인 [홍제스포렉스수영장]입니다.,https://search.naver.com/search.naver?where=nexearch&query=%EC%84%9C%EC%9A%B8%20%EC%84%9C%EB%8C%80%EB%AC%B8%EA%B5%AC%20%EC%95%84%EA%B8%B0%EB%9E%91%20%EC%88%98%EC%98%81%EC%9E%A5,family:1.0;baby:1.0;parking:1.0;nursing_room:1.0;서대문구;아기랑 수영장,2026-08-22 20:34:25,pool:1.0;water:1.0;outdoor:0.9,2,85
네이버 장소검색 | 서울 서대문구,자연친화,헬스보이짐 수영장,상시,영유아 및 어린이 (0세~9세),서울 서대문구 헬스보이짐 수영장,무료/유료 (플레이스 참조),서울 서대문구에 위치한 인기 아기랑 수영장 명소인 [헬스보이짐 수영장]입니다.,https://search.naver.com/search.naver?where=nexearch&query=%EC%84%9C%EC%9A%B8%20%EC%84%9C%EB%8C%80%EB%AC%B8%EA%B5%AC%20%EC%95%84%EA%B8%B0%EB%9E%91%20%EC%88%98%EC%98%81%EC%9E%A5,family:1.0;baby:1.0;parking:1.0;nursing_room:1.0;서대문구;아기랑 수영장,2026-08-22 20:34:25,pool:1.0;water:1.0;outdoor:0.9,2,85
네이버 장소검색 | 서울 서대문구,자연친화,DMC 센트럴아이파크 스포츠센터수영장,상시,영유아 및 어린이 (0세~9세),서울 서대문구 DMC 센트럴아이파크 스포츠센터수영장,무료/유료 (플레이스 참조),서울 서대문구에 위치한 인기 아기랑 수영장 명소인 [DMC 센트럴아이파크 스포츠센터수영장]입니다.,https://search.naver.com/search.naver?where=nexearch&query=%EC%84%9C%EC%9A%B8%20%EC%84%9C%EB%8C%80%EB%AC%B8%EA%B5%AC%20%EC%95%84%EA%B8%B0%EB%9E%91%20%EC%88%98%EC%98%81%EC%9E%A5,family:1.0;baby:1.0;parking:1.0;nursing_room:1.0;서대문구;아기랑 수영장,2026-08-22 20:34:25,pool:1.0;water:1.0;outdoor:0.9,2,85
네이버 장소검색 | 서울 서대문구,자연친화,키즈돌핀 서대문dmc점수영장,상시,영유아 및 어린이 (0세~9세),서울 서대문구 키즈돌핀 서대문dmc점수영장,무료/유료 (플레이스 참조),서울 서대문구에 위치한 인기 아기랑 수영장 명소인 [키즈돌핀 서대문dmc점수영장]입니다.,https://search.naver.com/search.naver?where=nexearch&query=%EC%84%9C%EC%9A%B8%20%EC%84%9C%EB%8C%80%EB%AC%B8%EA%B5%AC%20%EC%95%84%EA%B8%B0%EB%9E%91%20%EC%88%98%EC%98%81%EC%9E%A5,family:1.0;baby:1.0;parking:1.0;nursing_room:1.0;서대문구;아기랑 수영장,2026-08-22 20:34:25,pool:1.0;water:1.0;outdoor:0.9,2,85
네이버 장소검색 | 서울 서대문구,자연친화,삼성골드스포츠클럽수영장,상시,영유아 및 어린이 (0세~9세),서울 서대문구 삼성골드스포츠클럽수영장,무료/유료 (플레이스 참조),서울 서대문구에 위치한 인기 아기랑 수영장 명소인 [삼성골드스포츠클럽수영장]입니다.,https://search.naver.com/search.naver?where=nexearch&query=%EC%84%9C%EC%9A%B8%20%EC%84%9C%EB%8C%80%EB%AC%B8%EA%B5%AC%20%EC%95%84%EA%B8%B0%EB%9E%91%20%EC%88%98%EC%98%81%EC%9E%A5,family:1.0;baby:1.0;parking:1.0;nursing_room:1.0;서대문구;아기랑 수영장,2026-08-22 20:34:25,pool:1.0;water:1.0;outdoor:0.9,2,85
네이버 장소검색 | 서울 서대문구,자연친화,어린이들에게 인기 만점!서대문구우리동네 미니,상시,영유아 및 어린이 (0세~9세),서울 서대문구 어린이들에게 인기 만점!서대문구우리동네 미니,무료/유료 (플레이스 참조),서울 서대문구에 위치한 인기 아기랑 수영장 명소인 [어린이들에게 인기 만점!서대문구우리동네 미니]입니다.,https://search.naver.com/search.naver?where=nexearch&query=%EC%84%9C%EC%9A%B8%20%EC%84%9C%EB%8C%80%EB%AC%B8%EA%B5%AC%20%EC%95%84%EA%B8%B0%EB%9E%91%20%EC%88%98%EC%98%81%EC%9E%A5,family:1.0;baby:1.0;parking:1.0;nursing_room:1.0;서대문구;아기랑 수영장,2026-08-22 20:34:25,pool:1.0;water:1.0;outdoor:0.9,2,85
네이버 장소검색 | 서울 서대문구,자연친화,금손 주민분이 공유해주신 우리 아파트,상시,영유아 및 어린이 (0세~9세),서울 서대문구 금손 주민분이 공유해주신 우리 아파트,무료/유료 (플레이스 참조),서울 서대문구에 위치한 인기 아기랑 수영장 명소인 [금손 주민분이 공유해주신 우리 아파트]입니다.,https://search.naver.com/search.naver?where=nexearch&query=%EC%84%9C%EC%9A%B8%20%EC%84%9C%EB%8C%80%EB%AC%B8%EA%B5%AC%20%EC%95%84%EA%B8%B0%EB%9E%91%20%EC%88%98%EC%98%81%EC%9E%A5,family:1.0;baby:1.0;parking:1.0;nursing_room:1.0;서대문구;아기랑 수영장,2026-08-22 20:34:25,pool:1.0;water:1.0;outdoor:0.9,2,85
네이버 장소검색 | 서울 서대문구,자연친화,서대문독립공원공원,상시,영유아 및 어린이 (0세~9세),서울 서대문구 서대문독립공원공원,무료/유료 (플레이스 참조),서울 서대문구에 위치한 인기 아기랑 공원 명소인 [서대문독립공원공원]입니다.,https://search.naver.com/search.naver?where=nexearch&query=%EC%84%9C%EC%9A%B8%20%EC%84%9C%EB%8C%80%EB%AC%B8%EA%B5%AC%20%EC%95%84%EA%B8%B0%EB%9E%91%20%EA%B3%B5%EC%9B%90,family:1.0;baby:1.0;parking:1.0;nursing_room:1.0;서대문구;아기랑 공원,2026-08-22 20:34:25,park:1.0;picnic:1.0;nature:1.0,2,85
네이버 장소검색 | 서울 서대문구,자연친화,독립문문화공원공원,상시,영유아 및 어린이 (0세~9세),서울 서대문구 독립문문화공원공원,무료/유료 (플레이스 참조),서울 서대문구에 위치한 인기 아기랑 공원 명소인 [독립문문화공원공원]입니다.,https://search.naver.com/search.naver?where=nexearch&query=%EC%84%9C%EC%9A%B8%20%EC%84%9C%EB%8C%80%EB%AC%B8%EA%B5%AC%20%EC%95%84%EA%B8%B0%EB%9E%91%20%EA%B3%B5%EC%9B%90,family:1.0;baby:1.0;parking:1.0;nursing_room:1.0;서대문구;아기랑 공원,2026-08-22 20:34:25,park:1.0;picnic:1.0;nature:1.0,2,85
네이버 장소검색 | 서울 서대문구,자연친화,가재울중앙공원공원,상시,영유아 및 어린이 (0세~9세),서울 서대문구 가재울중앙공원공원,무료/유료 (플레이스 참조),서울 서대문구에 위치한 인기 아기랑 공원 명소인 [가재울중앙공원공원]입니다.,https://search.naver.com/search.naver?where=nexearch&query=%EC%84%9C%EC%9A%B8%20%EC%84%9C%EB%8C%80%EB%AC%B8%EA%B5%AC%20%EC%95%84%EA%B8%B0%EB%9E%91%20%EA%B3%B5%EC%9B%90,family:1.0;baby:1.0;parking:1.0;nursing_room:1.0;서대문구;아기랑 공원,2026-08-22 20:34:25,park:1.0;picnic:1.0;nature:1.0,2,85
네이버 장소검색 | 서울 서대문구,자연친화,문화공원공원,상시,영유아 및 어린이 (0세~9세),서울 서대문구 문화공원공원,무료/유료 (플레이스 참조),서울 서대문구에 위치한 인기 아기랑 공원 명소인 [문화공원공원]입니다.,https://search.naver.com/search.naver?where=nexearch&query=%EC%84%9C%EC%9A%B8%20%EC%84%9C%EB%8C%80%EB%AC%B8%EA%B5%AC%20%EC%95%84%EA%B8%B0%EB%9E%91%20%EA%B3%B5%EC%9B%90,family:1.0;baby:1.0;parking:1.0;nursing_room:1.0;서대문구;아기랑 공원,2026-08-22 20:34:25,park:1.0;picnic:1.0;nature:1.0,2,85
네이버 장소검색 | 서울 서대문구,자연친화,궁동공원,상시,영유아 및 어린이 (0세~9세),서울 서대문구 궁동공원,무료/유료 (플레이스 참조),서울 서대문구에 위치한 인기 아기랑 공원 명소인 [궁동공원]입니다.,https://search.naver.com/search.naver?where=nexearch&query=%EC%84%9C%EC%9A%B8%20%EC%84%9C%EB%8C%80%EB%AC%B8%EA%B5%AC%20%EC%95%84%EA%B8%B0%EB%9E%91%20%EA%B3%B5%EC%9B%90,family:1.0;baby:1.0;parking:1.0;nursing_room:1.0;서대문구;아기랑 공원,2026-08-22 20:34:25,park:1.0;picnic:1.0;nature:1.0,2,85
네이버 장소검색 | 서울 서대문구,자연친화,창천공원,상시,영유아 및 어린이 (0세~9세),서울 서대문구 창천공원,무료/유료 (플레이스 참조),서울 서대문구에 위치한 인기 아기랑 공원 명소인 [창천공원]입니다.,https://search.naver.com/search.naver?where=nexearch&query=%EC%84%9C%EC%9A%B8%20%EC%84%9C%EB%8C%80%EB%AC%B8%EA%B5%AC%20%EC%95%84%EA%B8%B0%EB%9E%91%20%EA%B3%B5%EC%9B%90,family:1.0;baby:1.0;parking:1.0;nursing_room:1.0;서대문구;아기랑 공원,2026-08-22 20:34:25,park:1.0;picnic:1.0;nature:1.0,2,85
네이버 장소검색 | 서울 서대문구,자연친화,'자연과 하나되는 놀이터'…서대문구백련공원,상시,영유아 및 어린이 (0세~9세),서울 서대문구 '자연과 하나되는 놀이터'…서대문구백련공원,무료/유료 (플레이스 참조),서울 서대문구에 위치한 인기 아기랑 공원 명소인 ['자연과 하나되는 놀이터'…서대문구백련공원]입니다.,https://search.naver.com/search.naver?where=nexearch&query=%EC%84%9C%EC%9A%B8%20%EC%84%9C%EB%8C%80%EB%AC%B8%EA%B5%AC%20%EC%95%84%EA%B8%B0%EB%9E%91%20%EA%B3%B5%EC%9B%90,family:1.0;baby:1.0;parking:1.0;nursing_room:1.0;서대문구;아기랑 공원,2026-08-22 20:34:25,park:1.0;picnic:1.0;nature:1.0,2,85
네이버 장소검색 | 서울 서대문구,자연친화,서대문구북가좌동 중앙공원,상시,영유아 및 어린이 (0세~9세),서울 서대문구 서대문구북가좌동 중앙공원,무료/유료 (플레이스 참조),서울 서대문구에 위치한 인기 아기랑 물놀이터 명소인 [서대문구북가좌동 중앙공원]입니다.,https://search.naver.com/search.naver?where=nexearch&query=%EC%84%9C%EC%9A%B8%20%EC%84%9C%EB%8C%80%EB%AC%B8%EA%B5%AC%20%EC%95%84%EA%B8%B0%EB%9E%91%20%EB%AC%BC%EB%86%80%EC%9D%B4%ED%84%B0,family:1.0;baby:1.0;parking:1.0;nursing_room:1.0;서대문구;아기랑 물놀이터,2026-08-22 20:34:25,water:1.0;outdoor:1.0;picnic:0.8,2,85
네이버 장소검색 | 서울 서대문구,자연친화,서울특별시서대문구홍은동 백련공원,상시,영유아 및 어린이 (0세~9세),서울 서대문구 서울특별시서대문구홍은동 백련공원,무료/유료 (플레이스 참조),서울 서대문구에 위치한 인기 아기랑 농장체험 명소인 [서울특별시서대문구홍은동 백련공원]입니다.,https://search.naver.com/search.naver?where=nexearch&query=%EC%84%9C%EC%9A%B8%20%EC%84%9C%EB%8C%80%EB%AC%B8%EA%B5%AC%20%EC%95%84%EA%B8%B0%EB%9E%91%20%EB%86%8D%EC%9E%A5%EC%B2%B4%ED%97%98,family:1.0;baby:1.0;parking:1.0;nursing_room:1.0;서대문구;아기랑 농장체험,2026-08-22 20:34:25,farm:1.0;animal:1.0;experience:1.0,2,85
네이버 장소검색 | 서울 서대문구,가족체험,중앙 박물관,상시,영유아 및 어린이 (0세~9세),서울 서대문구 중앙 박물관,무료/유료 (플레이스 참조),서울 서대문구에 위치한 인기 아기랑 어린이박물관 명소인 [중앙 박물관]입니다.,https://search.naver.com/search.naver?where=nexearch&query=%EC%84%9C%EC%9A%B8%20%EC%84%9C%EB%8C%80%EB%AC%B8%EA%B5%AC%20%EC%95%84%EA%B8%B0%EB%9E%91%20%EC%96%B4%EB%A6%B0%EC%9D%B4%EB%B0%95%EB%AC%BC%EA%B4%80,family:1.0;baby:1.0;parking:1.0;nursing_room:1.0;서대문구;아기랑 어린이박물관,2026-08-22 20:34:25,museum:1.0;hands_on:1.0;experience:1.0,2,85
네이버 장소검색 | 서울 서대문구,가족체험,국립민속박물관 어린이박물관박물관,상시,영유아 및 어린이 (0세~9세),서울 서대문구 국립민속박물관 어린이박물관박물관,무료/유료 (플레이스 참조),서울 서대문구에 위치한 인기 아기랑 어린이박물관 명소인 [국립민속박물관 어린이박물관박물관]입니다.,https://search.naver.com/search.naver?where=nexearch&query=%EC%84%9C%EC%9A%B8%20%EC%84%9C%EB%8C%80%EB%AC%B8%EA%B5%AC%20%EC%95%84%EA%B8%B0%EB%9E%91%20%EC%96%B4%EB%A6%B0%EC%9D%B4%EB%B0%95%EB%AC%BC%EA%B4%80,family:1.0;baby:1.0;parking:1.0;nursing_room:1.0;서대문구;아기랑 어린이박물관,2026-08-22 20:34:25,museum:1.0;hands_on:1.0;experience:1.0,2,85
네이버 장소검색 | 서울 서초구,사설키즈카페,바운스트램폴린파크 반포센터,상시,영유아 및 어린이 (0세~9세),서울 서초구 바운스트램폴린파크 반포센터,무료/유료 (플레이스 참조),서울 서초구에 위치한 인기 아기랑 키즈카페 명소인 [바운스트램폴린파크 반포센터]입니다.,https://search.naver.com/search.naver?where=nexearch&query=%EC%84%9C%EC%9A%B8%20%EC%84%9C%EC%B4%88%EA%B5%AC%20%EC%95%84%EA%B8%B0%EB%9E%91%20%ED%82%A4%EC%A6%88%EC%B9%B4%ED%8E%98,family:1.0;baby:1.0;parking:1.0;nursing_room:1.0;서초구;아기랑 키즈카페,2026-08-22 20:34:25,toddler:1.0;indoor:0.9;play:1.0,2,85
네이버 장소검색 | 서울 서초구,사설키즈카페,더블루타이거 서초점,상시,영유아 및 어린이 (0세~9세),서울 서초구 더블루타이거 서초점,무료/유료 (플레이스 참조),서울 서초구에 위치한 인기 아기랑 키즈카페 명소인 [더블루타이거 서초점]입니다.,https://search.naver.com/search.naver?where=nexearch&query=%EC%84%9C%EC%9A%B8%20%EC%84%9C%EC%B4%88%EA%B5%AC%20%EC%95%84%EA%B8%B0%EB%9E%91%20%ED%82%A4%EC%A6%88%EC%B9%B4%ED%8E%98,family:1.0;baby:1.0;parking:1.0;nursing_room:1.0;서초구;아기랑 키즈카페,2026-08-22 20:34:25,toddler:1.0;indoor:0.9;play:1.0,2,85
네이버 장소검색 | 서울 서초구,사설키즈카페,헬로방방 서초점,상시,영유아 및 어린이 (0세~9세),서울 서초구 헬로방방 서초점,무료/유료 (플레이스 참조),서울 서초구에 위치한 인기 아기랑 키즈카페 명소인 [헬로방방 서초점]입니다.,https://search.naver.com/search.naver?where=nexearch&query=%EC%84%9C%EC%9A%B8%20%EC%84%9C%EC%B4%88%EA%B5%AC%20%EC%95%84%EA%B8%B0%EB%9E%91%20%ED%82%A4%EC%A6%88%EC%B9%B4%ED%8E%98,family:1.0;baby:1.0;parking:1.0;nursing_room:1.0;서초구;아기랑 키즈카페,2026-08-22 20:34:25,toddler:1.0;indoor:0.9;play:1.0,2,85
네이버 장소검색 | 서울 서초구,사설키즈카페,옐드 키즈룸,상시,영유아 및 어린이 (0세~9세),서울 서초구 옐드 키즈룸,무료/유료 (플레이스 참조),서울 서초구에 위치한 인기 아기랑 키즈카페 명소인 [옐드 키즈룸]입니다.,https://search.naver.com/search.naver?where=nexearch&query=%EC%84%9C%EC%9A%B8%20%EC%84%9C%EC%B4%88%EA%B5%AC%20%EC%95%84%EA%B8%B0%EB%9E%91%20%ED%82%A4%EC%A6%88%EC%B9%B4%ED%8E%98,family:1.0;baby:1.0;parking:1.0;nursing_room:1.0;서초구;아기랑 키즈카페,2026-08-22 20:34:25,toddler:1.0;indoor:0.9;play:1.0,2,85
네이버 장소검색 | 서울 서초구,사설키즈카페,잼잼키즈룸 방배점,상시,영유아 및 어린이 (0세~9세),서울 서초구 잼잼키즈룸 방배점,무료/유료 (플레이스 참조),서울 서초구에 위치한 인기 아기랑 키즈카페 명소인 [잼잼키즈룸 방배점]입니다.,https://search.naver.com/search.naver?where=nexearch&query=%EC%84%9C%EC%9A%B8%20%EC%84%9C%EC%B4%88%EA%B5%AC%20%EC%95%84%EA%B8%B0%EB%9E%91%20%ED%82%A4%EC%A6%88%EC%B9%B4%ED%8E%98,family:1.0;baby:1.0;parking:1.0;nursing_room:1.0;서초구;아기랑 키즈카페,2026-08-22 20:34:25,toddler:1.0;indoor:0.9;play:1.0,2,85
네이버 장소검색 | 서울 서초구,사설키즈카페,키즈카페 해피컵스,상시,영유아 및 어린이 (0세~9세),서울 서초구 키즈카페 해피컵스,무료/유료 (플레이스 참조),서울 서초구에 위치한 인기 아기랑 키즈카페 명소인 [키즈카페 해피컵스]입니다.,https://search.naver.com/search.naver?where=nexearch&query=%EC%84%9C%EC%9A%B8%20%EC%84%9C%EC%B4%88%EA%B5%AC%20%EC%95%84%EA%B8%B0%EB%9E%91%20%ED%82%A4%EC%A6%88%EC%B9%B4%ED%8E%98,family:1.0;baby:1.0;parking:1.0;nursing_room:1.0;서초구;아기랑 키즈카페,2026-08-22 20:34:25,toddler:1.0;indoor:0.9;play:1.0,2,85
네이버 장소검색 | 서울 서초구,자연친화,이곳은서울과 인접해 수많은 관광객들이 찾는,상시,영유아 및 어린이 (0세~9세),서울 서초구 이곳은서울과 인접해 수많은 관광객들이 찾는,무료/유료 (플레이스 참조),서울 서초구에 위치한 인기 아기랑 계곡 명소인 [이곳은서울과 인접해 수많은 관광객들이 찾는]입니다.,https://search.naver.com/search.naver?where=nexearch&query=%EC%84%9C%EC%9A%B8%20%EC%84%9C%EC%B4%88%EA%B5%AC%20%EC%95%84%EA%B8%B0%EB%9E%91%20%EA%B3%84%EA%B3%A1,family:1.0;baby:1.0;parking:1.0;nursing_room:1.0;서초구;아기랑 계곡,2026-08-22 20:34:25,valley:1.0;nature:1.0;water:1.0,2,85
네이버 장소검색 | 서울 서초구,자연친화,서리풀어린이수영수영장,상시,영유아 및 어린이 (0세~9세),서울 서초구 서리풀어린이수영수영장,무료/유료 (플레이스 참조),서울 서초구에 위치한 인기 아기랑 수영장 명소인 [서리풀어린이수영수영장]입니다.,https://search.naver.com/search.naver?where=nexearch&query=%EC%84%9C%EC%9A%B8%20%EC%84%9C%EC%B4%88%EA%B5%AC%20%EC%95%84%EA%B8%B0%EB%9E%91%20%EC%88%98%EC%98%81%EC%9E%A5,family:1.0;baby:1.0;parking:1.0;nursing_room:1.0;서초구;아기랑 수영장,2026-08-22 20:34:25,pool:1.0;water:1.0;outdoor:0.9,2,85
네이버 장소검색 | 서울 서초구,자연친화,신동교육문화회관수영장,상시,영유아 및 어린이 (0세~9세),서울 서초구 신동교육문화회관수영장,무료/유료 (플레이스 참조),서울 서초구에 위치한 인기 아기랑 수영장 명소인 [신동교육문화회관수영장]입니다.,https://search.naver.com/search.naver?where=nexearch&query=%EC%84%9C%EC%9A%B8%20%EC%84%9C%EC%B4%88%EA%B5%AC%20%EC%95%84%EA%B8%B0%EB%9E%91%20%EC%88%98%EC%98%81%EC%9E%A5,family:1.0;baby:1.0;parking:1.0;nursing_room:1.0;서초구;아기랑 수영장,2026-08-22 20:34:25,pool:1.0;water:1.0;outdoor:0.9,2,85
네이버 장소검색 | 서울 서초구,자연친화,양재천수영장,상시,영유아 및 어린이 (0세~9세),서울 서초구 양재천수영장,무료/유료 (플레이스 참조),서울 서초구에 위치한 인기 아기랑 수영장 명소인 [양재천수영장]입니다.,https://search.naver.com/search.naver?where=nexearch&query=%EC%84%9C%EC%9A%B8%20%EC%84%9C%EC%B4%88%EA%B5%AC%20%EC%95%84%EA%B8%B0%EB%9E%91%20%EC%88%98%EC%98%81%EC%9E%A5,family:1.0;baby:1.0;parking:1.0;nursing_room:1.0;서초구;아기랑 수영장,2026-08-22 20:34:25,pool:1.0;water:1.0;outdoor:0.9,2,85
네이버 장소검색 | 서울 서초구,자연친화,피앤피스위밍풀 서초점수영장,상시,영유아 및 어린이 (0세~9세),서울 서초구 피앤피스위밍풀 서초점수영장,무료/유료 (플레이스 참조),서울 서초구에 위치한 인기 아기랑 수영장 명소인 [피앤피스위밍풀 서초점수영장]입니다.,https://search.naver.com/search.naver?where=nexearch&query=%EC%84%9C%EC%9A%B8%20%EC%84%9C%EC%B4%88%EA%B5%AC%20%EC%95%84%EA%B8%B0%EB%9E%91%20%EC%88%98%EC%98%81%EC%9E%A5,family:1.0;baby:1.0;parking:1.0;nursing_room:1.0;서초구;아기랑 수영장,2026-08-22 20:34:25,pool:1.0;water:1.0;outdoor:0.9,2,85
네이버 장소검색 | 서울 서초구,자연친화,신사스포츠센터수영장,상시,영유아 및 어린이 (0세~9세),서울 서초구 신사스포츠센터수영장,무료/유료 (플레이스 참조),서울 서초구에 위치한 인기 아기랑 수영장 명소인 [신사스포츠센터수영장]입니다.,https://search.naver.com/search.naver?where=nexearch&query=%EC%84%9C%EC%9A%B8%20%EC%84%9C%EC%B4%88%EA%B5%AC%20%EC%95%84%EA%B8%B0%EB%9E%91%20%EC%88%98%EC%98%81%EC%9E%A5,family:1.0;baby:1.0;parking:1.0;nursing_room:1.0;서초구;아기랑 수영장,2026-08-22 20:34:25,pool:1.0;water:1.0;outdoor:0.9,2,85
네이버 장소검색 | 서울 서초구,자연친화,서초구 아기랑무료,상시,영유아 및 어린이 (0세~9세),서울 서초구 서초구 아기랑무료,무료/유료 (플레이스 참조),서울 서초구에 위치한 인기 아기랑 수영장 명소인 [서초구 아기랑무료]입니다.,https://search.naver.com/search.naver?where=nexearch&query=%EC%84%9C%EC%9A%B8%20%EC%84%9C%EC%B4%88%EA%B5%AC%20%EC%95%84%EA%B8%B0%EB%9E%91%20%EC%88%98%EC%98%81%EC%9E%A5,family:1.0;baby:1.0;parking:1.0;nursing_room:1.0;서초구;아기랑 수영장,2026-08-22 20:34:25,pool:1.0;water:1.0;outdoor:0.9,2,85
네이버 장소검색 | 서울 서초구,자연친화,매헌시민의숲자연공원,상시,영유아 및 어린이 (0세~9세),서울 서초구 매헌시민의숲자연공원,무료/유료 (플레이스 참조),서울 서초구에 위치한 인기 아기랑 공원 명소인 [매헌시민의숲자연공원]입니다.,https://search.naver.com/search.naver?where=nexearch&query=%EC%84%9C%EC%9A%B8%20%EC%84%9C%EC%B4%88%EA%B5%AC%20%EC%95%84%EA%B8%B0%EB%9E%91%20%EA%B3%B5%EC%9B%90,family:1.0;baby:1.0;parking:1.0;nursing_room:1.0;서초구;아기랑 공원,2026-08-22 20:34:25,park:1.0;picnic:1.0;nature:1.0,2,85
네이버 장소검색 | 서울 서초구,자연친화,반포 한강공원공원,상시,영유아 및 어린이 (0세~9세),서울 서초구 반포 한강공원공원,무료/유료 (플레이스 참조),서울 서초구에 위치한 인기 아기랑 공원 명소인 [반포 한강공원공원]입니다.,https://search.naver.com/search.naver?where=nexearch&query=%EC%84%9C%EC%9A%B8%20%EC%84%9C%EC%B4%88%EA%B5%AC%20%EC%95%84%EA%B8%B0%EB%9E%91%20%EA%B3%B5%EC%9B%90,family:1.0;baby:1.0;parking:1.0;nursing_room:1.0;서초구;아기랑 공원,2026-08-22 20:34:25,park:1.0;picnic:1.0;nature:1.0,2,85
네이버 장소검색 | 서울 서초구,자연친화,잠원 한강공원공원,상시,영유아 및 어린이 (0세~9세),서울 서초구 잠원 한강공원공원,무료/유료 (플레이스 참조),서울 서초구에 위치한 인기 아기랑 공원 명소인 [잠원 한강공원공원]입니다.,https://search.naver.com/search.naver?where=nexearch&query=%EC%84%9C%EC%9A%B8%20%EC%84%9C%EC%B4%88%EA%B5%AC%20%EC%95%84%EA%B8%B0%EB%9E%91%20%EA%B3%B5%EC%9B%90,family:1.0;baby:1.0;parking:1.0;nursing_room:1.0;서초구;아기랑 공원,2026-08-22 20:34:25,park:1.0;picnic:1.0;nature:1.0,2,85
네이버 장소검색 | 서울 서초구,자연친화,양재공원,상시,영유아 및 어린이 (0세~9세),서울 서초구 양재공원,무료/유료 (플레이스 참조),서울 서초구에 위치한 인기 아기랑 공원 명소인 [양재공원]입니다.,https://search.naver.com/search.naver?where=nexearch&query=%EC%84%9C%EC%9A%B8%20%EC%84%9C%EC%B4%88%EA%B5%AC%20%EC%95%84%EA%B8%B0%EB%9E%91%20%EA%B3%B5%EC%9B%90,family:1.0;baby:1.0;parking:1.0;nursing_room:1.0;서초구;아기랑 공원,2026-08-22 20:34:25,park:1.0;picnic:1.0;nature:1.0,2,85
네이버 장소검색 | 서울 서초구,자연친화,용허리공원,상시,영유아 및 어린이 (0세~9세),서울 서초구 용허리공원,무료/유료 (플레이스 참조),서울 서초구에 위치한 인기 아기랑 공원 명소인 [용허리공원]입니다.,https://search.naver.com/search.naver?where=nexearch&query=%EC%84%9C%EC%9A%B8%20%EC%84%9C%EC%B4%88%EA%B5%AC%20%EC%95%84%EA%B8%B0%EB%9E%91%20%EA%B3%B5%EC%9B%90,family:1.0;baby:1.0;parking:1.0;nursing_room:1.0;서초구;아기랑 공원,2026-08-22 20:34:25,park:1.0;picnic:1.0;nature:1.0,2,85
네이버 장소검색 | 서울 서초구,자연친화,"몽마르뜨공원도시,공원",상시,영유아 및 어린이 (0세~9세),"서울 서초구 몽마르뜨공원도시,공원",무료/유료 (플레이스 참조),"서울 서초구에 위치한 인기 아기랑 공원 명소인 [몽마르뜨공원도시,공원]입니다.",https://search.naver.com/search.naver?where=nexearch&query=%EC%84%9C%EC%9A%B8%20%EC%84%9C%EC%B4%88%EA%B5%AC%20%EC%95%84%EA%B8%B0%EB%9E%91%20%EA%B3%B5%EC%9B%90,family:1.0;baby:1.0;parking:1.0;nursing_room:1.0;서초구;아기랑 공원,2026-08-22 20:34:25,park:1.0;picnic:1.0;nature:1.0,2,85
네이버 장소검색 | 서울 서초구,자연친화,방배공원,상시,영유아 및 어린이 (0세~9세),서울 서초구 방배공원,무료/유료 (플레이스 참조),서울 서초구에 위치한 인기 아기랑 공원 명소인 [방배공원]입니다.,https://search.naver.com/search.naver?where=nexearch&query=%EC%84%9C%EC%9A%B8%20%EC%84%9C%EC%B4%88%EA%B5%AC%20%EC%95%84%EA%B8%B0%EB%9E%91%20%EA%B3%B5%EC%9B%90,family:1.0;baby:1.0;parking:1.0;nursing_room:1.0;서초구;아기랑 공원,2026-08-22 20:34:25,park:1.0;picnic:1.0;nature:1.0,2,85
네이버 장소검색 | 서울 서초구,자연친화,"서초구, 방배공원",상시,영유아 및 어린이 (0세~9세),"서울 서초구 서초구, 방배공원",무료/유료 (플레이스 참조),"서울 서초구에 위치한 인기 아기랑 공원 명소인 [서초구, 방배공원]입니다.",https://search.naver.com/search.naver?where=nexearch&query=%EC%84%9C%EC%9A%B8%20%EC%84%9C%EC%B4%88%EA%B5%AC%20%EC%95%84%EA%B8%B0%EB%9E%91%20%EA%B3%B5%EC%9B%90,family:1.0;baby:1.0;parking:1.0;nursing_room:1.0;서초구;아기랑 공원,2026-08-22 20:34:25,park:1.0;picnic:1.0;nature:1.0,2,85
네이버 장소검색 | 서울 서초구,자연친화,"3주 전반포종합운동장, 용허리공원",상시,영유아 및 어린이 (0세~9세),"서울 서초구 3주 전반포종합운동장, 용허리공원",무료/유료 (플레이스 참조),"서울 서초구에 위치한 인기 아기랑 물놀이터 명소인 [3주 전반포종합운동장, 용허리공원]입니다.",https://search.naver.com/search.naver?where=nexearch&query=%EC%84%9C%EC%9A%B8%20%EC%84%9C%EC%B4%88%EA%B5%AC%20%EC%95%84%EA%B8%B0%EB%9E%91%20%EB%AC%BC%EB%86%80%EC%9D%B4%ED%84%B0,family:1.0;baby:1.0;parking:1.0;nursing_room:1.0;서초구;아기랑 물놀이터,2026-08-22 20:34:25,water:1.0;outdoor:1.0;picnic:0.8,2,85
네이버 장소검색 | 서울 서초구,가족체험,무료미술선생님 취업사이트미술선생님 취업,상시,영유아 및 어린이 (0세~9세),서울 서초구 무료미술선생님 취업사이트미술선생님 취업,무료/유료 (플레이스 참조),서울 서초구에 위치한 인기 아기랑 미술 명소인 [무료미술선생님 취업사이트미술선생님 취업]입니다.,https://search.naver.com/search.naver?where=nexearch&query=%EC%84%9C%EC%9A%B8%20%EC%84%9C%EC%B4%88%EA%B5%AC%20%EC%95%84%EA%B8%B0%EB%9E%91%20%EB%AF%B8%EC%88%A0,family:1.0;baby:1.0;parking:1.0;nursing_room:1.0;서초구;아기랑 미술,2026-08-22 20:34:25,drawing:1.0;art:1.0;experience:1.0,2,85
네이버 장소검색 | 서울 서초구,문화생활,라운지디 국립현대미술관점,상시,영유아 및 어린이 (0세~9세),서울 서초구 라운지디 국립현대미술관점,무료/유료 (플레이스 참조),서울 서초구에 위치한 인기 아기랑 미술 명소인 [라운지디 국립현대미술관점]입니다.,https://search.naver.com/search.naver?where=nexearch&query=%EC%84%9C%EC%9A%B8%20%EC%84%9C%EC%B4%88%EA%B5%AC%20%EC%95%84%EA%B8%B0%EB%9E%91%20%EB%AF%B8%EC%88%A0,family:1.0;baby:1.0;parking:1.0;nursing_room:1.0;서초구;아기랑 미술,2026-08-22 20:34:25,drawing:1.0;art:1.0;experience:1.0,2,85
네이버 장소검색 | 서울 성동구,사설키즈카페,플레이즈라운지,상시,영유아 및 어린이 (0세~9세),서울 성동구 플레이즈라운지,무료/유료 (플레이스 참조),서울 성동구에 위치한 인기 아기랑 키즈카페 명소인 [플레이즈라운지]입니다.,https://search.naver.com/search.naver?where=nexearch&query=%EC%84%9C%EC%9A%B8%20%EC%84%B1%EB%8F%99%EA%B5%AC%20%EC%95%84%EA%B8%B0%EB%9E%91%20%ED%82%A4%EC%A6%88%EC%B9%B4%ED%8E%98,family:1.0;baby:1.0;parking:1.0;nursing_room:1.0;성동구;아기랑 키즈카페,2026-08-22 20:34:25,toddler:1.0;indoor:0.9;play:1.0,2,85
네이버 장소검색 | 서울 성동구,사설키즈카페,노리들노리쌤 서울금호점,상시,영유아 및 어린이 (0세~9세),서울 성동구 노리들노리쌤 서울금호점,무료/유료 (플레이스 참조),서울 성동구에 위치한 인기 아기랑 키즈카페 명소인 [노리들노리쌤 서울금호점]입니다.,https://search.naver.com/search.naver?where=nexearch&query=%EC%84%9C%EC%9A%B8%20%EC%84%B1%EB%8F%99%EA%B5%AC%20%EC%95%84%EA%B8%B0%EB%9E%91%20%ED%82%A4%EC%A6%88%EC%B9%B4%ED%8E%98,family:1.0;baby:1.0;parking:1.0;nursing_room:1.0;성동구;아기랑 키즈카페,2026-08-22 20:34:25,toddler:1.0;indoor:0.9;play:1.0,2,85
네이버 장소검색 | 서울 성동구,사설키즈카페,데굴데굴키즈파티룸 용답점,상시,영유아 및 어린이 (0세~9세),서울 성동구 데굴데굴키즈파티룸 용답점,무료/유료 (플레이스 참조),서울 성동구에 위치한 인기 아기랑 키즈카페 명소인 [데굴데굴키즈파티룸 용답점]입니다.,https://search.naver.com/search.naver?where=nexearch&query=%EC%84%9C%EC%9A%B8%20%EC%84%B1%EB%8F%99%EA%B5%AC%20%EC%95%84%EA%B8%B0%EB%9E%91%20%ED%82%A4%EC%A6%88%EC%B9%B4%ED%8E%98,family:1.0;baby:1.0;parking:1.0;nursing_room:1.0;성동구;아기랑 키즈카페,2026-08-22 20:34:25,toddler:1.0;indoor:0.9;play:1.0,2,85
네이버 장소검색 | 서울 성동구,사설키즈카페,세이제이,상시,영유아 및 어린이 (0세~9세),서울 성동구 세이제이,무료/유료 (플레이스 참조),서울 성동구에 위치한 인기 아기랑 키즈카페 명소인 [세이제이]입니다.,https://search.naver.com/search.naver?where=nexearch&query=%EC%84%9C%EC%9A%B8%20%EC%84%B1%EB%8F%99%EA%B5%AC%20%EC%95%84%EA%B8%B0%EB%9E%91%20%ED%82%A4%EC%A6%88%EC%B9%B4%ED%8E%98,family:1.0;baby:1.0;parking:1.0;nursing_room:1.0;성동구;아기랑 키즈카페,2026-08-22 20:34:25,toddler:1.0;indoor:0.9;play:1.0,2,85
네이버 장소검색 | 서울 성동구,사설키즈카페,조이스케이프,상시,영유아 및 어린이 (0세~9세),서울 성동구 조이스케이프,무료/유료 (플레이스 참조),서울 성동구에 위치한 인기 아기랑 키즈카페 명소인 [조이스케이프]입니다.,https://search.naver.com/search.naver?where=nexearch&query=%EC%84%9C%EC%9A%B8%20%EC%84%B1%EB%8F%99%EA%B5%AC%20%EC%95%84%EA%B8%B0%EB%9E%91%20%ED%82%A4%EC%A6%88%EC%B9%B4%ED%8E%98,family:1.0;baby:1.0;parking:1.0;nursing_room:1.0;성동구;아기랑 키즈카페,2026-08-22 20:34:25,toddler:1.0;indoor:0.9;play:1.0,2,85
네이버 장소검색 | 서울 성동구,사설키즈카페,트리니엘플레이키즈파티룸,상시,영유아 및 어린이 (0세~9세),서울 성동구 트리니엘플레이키즈파티룸,무료/유료 (플레이스 참조),서울 성동구에 위치한 인기 아기랑 키즈카페 명소인 [트리니엘플레이키즈파티룸]입니다.,https://search.naver.com/search.naver?where=nexearch&query=%EC%84%9C%EC%9A%B8%20%EC%84%B1%EB%8F%99%EA%B5%AC%20%EC%95%84%EA%B8%B0%EB%9E%91%20%ED%82%A4%EC%A6%88%EC%B9%B4%ED%8E%98,family:1.0;baby:1.0;parking:1.0;nursing_room:1.0;성동구;아기랑 키즈카페,2026-08-22 20:34:25,toddler:1.0;indoor:0.9;play:1.0,2,85
네이버 장소검색 | 서울 성동구,사설키즈카페,6개월아기랑뭐하고 놀지 | 무료로 즐기는서울형,상시,영유아 및 어린이 (0세~9세),서울 성동구 6개월아기랑뭐하고 놀지 | 무료로 즐기는서울형,무료/유료 (플레이스 참조),서울 성동구에 위치한 인기 아기랑 키즈카페 명소인 [6개월아기랑뭐하고 놀지 | 무료로 즐기는서울형]입니다.,https://search.naver.com/search.naver?where=nexearch&query=%EC%84%9C%EC%9A%B8%20%EC%84%B1%EB%8F%99%EA%B5%AC%20%EC%95%84%EA%B8%B0%EB%9E%91%20%ED%82%A4%EC%A6%88%EC%B9%B4%ED%8E%98,family:1.0;baby:1.0;parking:1.0;nursing_room:1.0;성동구;아기랑 키즈카페,2026-08-22 20:34:25,toddler:1.0;indoor:0.9;play:1.0,2,85
네이버 장소검색 | 서울 성동구,자연친화,짐앤풀수영장,상시,영유아 및 어린이 (0세~9세),서울 성동구 짐앤풀수영장,무료/유료 (플레이스 참조),서울 성동구에 위치한 인기 아기랑 수영장 명소인 [짐앤풀수영장]입니다.,https://search.naver.com/search.naver?where=nexearch&query=%EC%84%9C%EC%9A%B8%20%EC%84%B1%EB%8F%99%EA%B5%AC%20%EC%95%84%EA%B8%B0%EB%9E%91%20%EC%88%98%EC%98%81%EC%9E%A5,family:1.0;baby:1.0;parking:1.0;nursing_room:1.0;성동구;아기랑 수영장,2026-08-22 20:34:25,pool:1.0;water:1.0;outdoor:0.9,2,85
네이버 장소검색 | 서울 성동구,자연친화,블루라군 성동점수영장,상시,영유아 및 어린이 (0세~9세),서울 성동구 블루라군 성동점수영장,무료/유료 (플레이스 참조),서울 성동구에 위치한 인기 아기랑 수영장 명소인 [블루라군 성동점수영장]입니다.,https://search.naver.com/search.naver?where=nexearch&query=%EC%84%9C%EC%9A%B8%20%EC%84%B1%EB%8F%99%EA%B5%AC%20%EC%95%84%EA%B8%B0%EB%9E%91%20%EC%88%98%EC%98%81%EC%9E%A5,family:1.0;baby:1.0;parking:1.0;nursing_room:1.0;성동구;아기랑 수영장,2026-08-22 20:34:25,pool:1.0;water:1.0;outdoor:0.9,2,85
네이버 장소검색 | 서울 성동구,자연친화,성동청소년수련관수영장,상시,영유아 및 어린이 (0세~9세),서울 성동구 성동청소년수련관수영장,무료/유료 (플레이스 참조),서울 성동구에 위치한 인기 아기랑 수영장 명소인 [성동청소년수련관수영장]입니다.,https://search.naver.com/search.naver?where=nexearch&query=%EC%84%9C%EC%9A%B8%20%EC%84%B1%EB%8F%99%EA%B5%AC%20%EC%95%84%EA%B8%B0%EB%9E%91%20%EC%88%98%EC%98%81%EC%9E%A5,family:1.0;baby:1.0;parking:1.0;nursing_room:1.0;성동구;아기랑 수영장,2026-08-22 20:34:25,pool:1.0;water:1.0;outdoor:0.9,2,85
네이버 장소검색 | 서울 성동구,자연친화,살곶이체육공원물놀이장수영장,상시,영유아 및 어린이 (0세~9세),서울 성동구 살곶이체육공원물놀이장수영장,무료/유료 (플레이스 참조),서울 성동구에 위치한 인기 아기랑 수영장 명소인 [살곶이체육공원물놀이장수영장]입니다.,https://search.naver.com/search.naver?where=nexearch&query=%EC%84%9C%EC%9A%B8%20%EC%84%B1%EB%8F%99%EA%B5%AC%20%EC%95%84%EA%B8%B0%EB%9E%91%20%EC%88%98%EC%98%81%EC%9E%A5,family:1.0;baby:1.0;parking:1.0;nursing_room:1.0;성동구;아기랑 수영장,2026-08-22 20:34:25,pool:1.0;water:1.0;outdoor:0.9,2,85
네이버 장소검색 | 서울 성동구,자연친화,성동구민종합체육센터수영장,상시,영유아 및 어린이 (0세~9세),서울 성동구 성동구민종합체육센터수영장,무료/유료 (플레이스 참조),서울 성동구에 위치한 인기 아기랑 수영장 명소인 [성동구민종합체육센터수영장]입니다.,https://search.naver.com/search.naver?where=nexearch&query=%EC%84%9C%EC%9A%B8%20%EC%84%B1%EB%8F%99%EA%B5%AC%20%EC%95%84%EA%B8%B0%EB%9E%91%20%EC%88%98%EC%98%81%EC%9E%A5,family:1.0;baby:1.0;parking:1.0;nursing_room:1.0;성동구;아기랑 수영장,2026-08-22 20:34:25,pool:1.0;water:1.0;outdoor:0.9,2,85
네이버 장소검색 | 서울 성동구,자연친화,[성수]서울숲복합문화센터 :: 뷰 좋은,상시,영유아 및 어린이 (0세~9세),서울 성동구 [성수]서울숲복합문화센터 :: 뷰 좋은,무료/유료 (플레이스 참조),서울 성동구에 위치한 인기 아기랑 수영장 명소인 [[성수]서울숲복합문화센터 :: 뷰 좋은]입니다.,https://search.naver.com/search.naver?where=nexearch&query=%EC%84%9C%EC%9A%B8%20%EC%84%B1%EB%8F%99%EA%B5%AC%20%EC%95%84%EA%B8%B0%EB%9E%91%20%EC%88%98%EC%98%81%EC%9E%A5,family:1.0;baby:1.0;parking:1.0;nursing_room:1.0;성동구;아기랑 수영장,2026-08-22 20:34:25,pool:1.0;water:1.0;outdoor:0.9,2,85
네이버 장소검색 | 서울 성동구,자연친화,달맞이공원,상시,영유아 및 어린이 (0세~9세),서울 성동구 달맞이공원,무료/유료 (플레이스 참조),서울 성동구에 위치한 인기 아기랑 공원 명소인 [달맞이공원]입니다.,https://search.naver.com/search.naver?where=nexearch&query=%EC%84%9C%EC%9A%B8%20%EC%84%B1%EB%8F%99%EA%B5%AC%20%EC%95%84%EA%B8%B0%EB%9E%91%20%EA%B3%B5%EC%9B%90,family:1.0;baby:1.0;parking:1.0;nursing_room:1.0;성동구;아기랑 공원,2026-08-22 20:34:25,park:1.0;picnic:1.0;nature:1.0,2,85
네이버 장소검색 | 서울 성동구,자연친화,대현산배수지공원공원,상시,영유아 및 어린이 (0세~9세),서울 성동구 대현산배수지공원공원,무료/유료 (플레이스 참조),서울 성동구에 위치한 인기 아기랑 공원 명소인 [대현산배수지공원공원]입니다.,https://search.naver.com/search.naver?where=nexearch&query=%EC%84%9C%EC%9A%B8%20%EC%84%B1%EB%8F%99%EA%B5%AC%20%EC%95%84%EA%B8%B0%EB%9E%91%20%EA%B3%B5%EC%9B%90,family:1.0;baby:1.0;parking:1.0;nursing_room:1.0;성동구;아기랑 공원,2026-08-22 20:34:25,park:1.0;picnic:1.0;nature:1.0,2,85
네이버 장소검색 | 서울 성동구,자연친화,성수동구두공원,상시,영유아 및 어린이 (0세~9세),서울 성동구 성수동구두공원,무료/유료 (플레이스 참조),서울 성동구에 위치한 인기 아기랑 공원 명소인 [성수동구두공원]입니다.,https://search.naver.com/search.naver?where=nexearch&query=%EC%84%9C%EC%9A%B8%20%EC%84%B1%EB%8F%99%EA%B5%AC%20%EC%95%84%EA%B8%B0%EB%9E%91%20%EA%B3%B5%EC%9B%90,family:1.0;baby:1.0;parking:1.0;nursing_room:1.0;성동구;아기랑 공원,2026-08-22 20:34:25,park:1.0;picnic:1.0;nature:1.0,2,85
네이버 장소검색 | 서울 성동구,자연친화,용답꽃공원공원,상시,영유아 및 어린이 (0세~9세),서울 성동구 용답꽃공원공원,무료/유료 (플레이스 참조),서울 성동구에 위치한 인기 아기랑 공원 명소인 [용답꽃공원공원]입니다.,https://search.naver.com/search.naver?where=nexearch&query=%EC%84%9C%EC%9A%B8%20%EC%84%B1%EB%8F%99%EA%B5%AC%20%EC%95%84%EA%B8%B0%EB%9E%91%20%EA%B3%B5%EC%9B%90,family:1.0;baby:1.0;parking:1.0;nursing_room:1.0;성동구;아기랑 공원,2026-08-22 20:34:25,park:1.0;picnic:1.0;nature:1.0,2,85
네이버 장소검색 | 서울 성동구,자연친화,응봉공원,상시,영유아 및 어린이 (0세~9세),서울 성동구 응봉공원,무료/유료 (플레이스 참조),서울 성동구에 위치한 인기 아기랑 공원 명소인 [응봉공원]입니다.,https://search.naver.com/search.naver?where=nexearch&query=%EC%84%9C%EC%9A%B8%20%EC%84%B1%EB%8F%99%EA%B5%AC%20%EC%95%84%EA%B8%B0%EB%9E%91%20%EA%B3%B5%EC%9B%90,family:1.0;baby:1.0;parking:1.0;nursing_room:1.0;성동구;아기랑 공원,2026-08-22 20:34:25,park:1.0;picnic:1.0;nature:1.0,2,85
네이버 장소검색 | 서울 성동구,가족체험,방문미술아트모마,상시,영유아 및 어린이 (0세~9세),서울 성동구 방문미술아트모마,무료/유료 (플레이스 참조),서울 성동구에 위치한 인기 아기랑 미술 명소인 [방문미술아트모마]입니다.,https://search.naver.com/search.naver?where=nexearch&query=%EC%84%9C%EC%9A%B8%20%EC%84%B1%EB%8F%99%EA%B5%AC%20%EC%95%84%EA%B8%B0%EB%9E%91%20%EB%AF%B8%EC%88%A0,family:1.0;baby:1.0;parking:1.0;nursing_room:1.0;성동구;아기랑 미술,2026-08-22 20:34:25,drawing:1.0;art:1.0;experience:1.0,2,85
네이버 장소검색 | 서울 성동구,문화생활,미술관 옆 돈까스 성수,상시,영유아 및 어린이 (0세~9세),서울 성동구 미술관 옆 돈까스 성수,무료/유료 (플레이스 참조),서울 성동구에 위치한 인기 아기랑 미술 명소인 [미술관 옆 돈까스 성수]입니다.,https://search.naver.com/search.naver?where=nexearch&query=%EC%84%9C%EC%9A%B8%20%EC%84%B1%EB%8F%99%EA%B5%AC%20%EC%95%84%EA%B8%B0%EB%9E%91%20%EB%AF%B8%EC%88%A0,family:1.0;baby:1.0;parking:1.0;nursing_room:1.0;성동구;아기랑 미술,2026-08-22 20:34:25,drawing:1.0;art:1.0;experience:1.0,2,85
네이버 장소검색 | 서울 성북구,사설키즈카페,헬로방방 돌곶이역점,상시,영유아 및 어린이 (0세~9세),서울 성북구 헬로방방 돌곶이역점,무료/유료 (플레이스 참조),서울 성북구에 위치한 인기 아기랑 키즈카페 명소인 [헬로방방 돌곶이역점]입니다.,https://search.naver.com/search.naver?where=nexearch&query=%EC%84%9C%EC%9A%B8%20%EC%84%B1%EB%B6%81%EA%B5%AC%20%EC%95%84%EA%B8%B0%EB%9E%91%20%ED%82%A4%EC%A6%88%EC%B9%B4%ED%8E%98,family:1.0;baby:1.0;parking:1.0;nursing_room:1.0;성북구;아기랑 키즈카페,2026-08-22 20:34:25,toddler:1.0;indoor:0.9;play:1.0,2,85
네이버 장소검색 | 서울 성북구,공공키즈카페,서울형키즈카페 성북구 정릉3동점,상시,영유아 및 어린이 (0세~9세),서울 성북구 서울형키즈카페 성북구 정릉3동점,무료/유료 (플레이스 참조),서울 성북구에 위치한 인기 아기랑 키즈카페 명소인 [서울형키즈카페 성북구 정릉3동점]입니다.,https://search.naver.com/search.naver?where=nexearch&query=%EC%84%9C%EC%9A%B8%20%EC%84%B1%EB%B6%81%EA%B5%AC%20%EC%95%84%EA%B8%B0%EB%9E%91%20%ED%82%A4%EC%A6%88%EC%B9%B4%ED%8E%98,family:1.0;baby:1.0;parking:1.0;nursing_room:1.0;성북구;아기랑 키즈카페,2026-08-22 20:34:25,toddler:1.0;indoor:0.9;play:1.0,2,85
네이버 장소검색 | 서울 성북구,공공키즈카페,서울형키즈카페 성북구 종암동점,상시,영유아 및 어린이 (0세~9세),서울 성북구 서울형키즈카페 성북구 종암동점,무료/유료 (플레이스 참조),서울 성북구에 위치한 인기 아기랑 키즈카페 명소인 [서울형키즈카페 성북구 종암동점]입니다.,https://search.naver.com/search.naver?where=nexearch&query=%EC%84%9C%EC%9A%B8%20%EC%84%B1%EB%B6%81%EA%B5%AC%20%EC%95%84%EA%B8%B0%EB%9E%91%20%ED%82%A4%EC%A6%88%EC%B9%B4%ED%8E%98,family:1.0;baby:1.0;parking:1.0;nursing_room:1.0;성북구;아기랑 키즈카페,2026-08-22 20:34:25,toddler:1.0;indoor:0.9;play:1.0,2,85
네이버 장소검색 | 서울 성북구,사설키즈카페,키즈더웨이브 성북길음비치점,상시,영유아 및 어린이 (0세~9세),서울 성북구 키즈더웨이브 성북길음비치점,무료/유료 (플레이스 참조),서울 성북구에 위치한 인기 아기랑 키즈카페 명소인 [키즈더웨이브 성북길음비치점]입니다.,https://search.naver.com/search.naver?where=nexearch&query=%EC%84%9C%EC%9A%B8%20%EC%84%B1%EB%B6%81%EA%B5%AC%20%EC%95%84%EA%B8%B0%EB%9E%91%20%ED%82%A4%EC%A6%88%EC%B9%B4%ED%8E%98,family:1.0;baby:1.0;parking:1.0;nursing_room:1.0;성북구;아기랑 키즈카페,2026-08-22 20:34:25,toddler:1.0;indoor:0.9;play:1.0,2,85
네이버 장소검색 | 서울 성북구,공공키즈카페,서울형키즈카페 성북구 성북동점,상시,영유아 및 어린이 (0세~9세),서울 성북구 서울형키즈카페 성북구 성북동점,무료/유료 (플레이스 참조),서울 성북구에 위치한 인기 아기랑 키즈카페 명소인 [서울형키즈카페 성북구 성북동점]입니다.,https://search.naver.com/search.naver?where=nexearch&query=%EC%84%9C%EC%9A%B8%20%EC%84%B1%EB%B6%81%EA%B5%AC%20%EC%95%84%EA%B8%B0%EB%9E%91%20%ED%82%A4%EC%A6%88%EC%B9%B4%ED%8E%98,family:1.0;baby:1.0;parking:1.0;nursing_room:1.0;성북구;아기랑 키즈카페,2026-08-22 20:34:25,toddler:1.0;indoor:0.9;play:1.0,2,85
네이버 장소검색 | 서울 성북구,사설키즈카페,꼬마빌리지 월곡점,상시,영유아 및 어린이 (0세~9세),서울 성북구 꼬마빌리지 월곡점,무료/유료 (플레이스 참조),서울 성북구에 위치한 인기 아기랑 키즈카페 명소인 [꼬마빌리지 월곡점]입니다.,https://search.naver.com/search.naver?where=nexearch&query=%EC%84%9C%EC%9A%B8%20%EC%84%B1%EB%B6%81%EA%B5%AC%20%EC%95%84%EA%B8%B0%EB%9E%91%20%ED%82%A4%EC%A6%88%EC%B9%B4%ED%8E%98,family:1.0;baby:1.0;parking:1.0;nursing_room:1.0;성북구;아기랑 키즈카페,2026-08-22 20:34:25,toddler:1.0;indoor:0.9;play:1.0,2,85
네이버 장소검색 | 서울 성북구,사설키즈카페,서울시 길음동,상시,영유아 및 어린이 (0세~9세),서울 성북구 서울시 길음동,무료/유료 (플레이스 참조),서울 성북구에 위치한 인기 아기랑 키즈카페 명소인 [서울시 길음동]입니다.,https://search.naver.com/search.naver?where=nexearch&query=%EC%84%9C%EC%9A%B8%20%EC%84%B1%EB%B6%81%EA%B5%AC%20%EC%95%84%EA%B8%B0%EB%9E%91%20%ED%82%A4%EC%A6%88%EC%B9%B4%ED%8E%98,family:1.0;baby:1.0;parking:1.0;nursing_room:1.0;성북구;아기랑 키즈카페,2026-08-22 20:34:25,toddler:1.0;indoor:0.9;play:1.0,2,85
네이버 장소검색 | 서울 성북구,자연친화,구기계곡,상시,영유아 및 어린이 (0세~9세),서울 성북구 구기계곡,무료/유료 (플레이스 참조),서울 성북구에 위치한 인기 아기랑 계곡 명소인 [구기계곡]입니다.,https://search.naver.com/search.naver?where=nexearch&query=%EC%84%9C%EC%9A%B8%20%EC%84%B1%EB%B6%81%EA%B5%AC%20%EC%95%84%EA%B8%B0%EB%9E%91%20%EA%B3%84%EA%B3%A1,family:1.0;baby:1.0;parking:1.0;nursing_room:1.0;성북구;아기랑 계곡,2026-08-22 20:34:25,valley:1.0;nature:1.0;water:1.0,2,85
네이버 장소검색 | 서울 성북구,자연친화,비오비어린이수영장,상시,영유아 및 어린이 (0세~9세),서울 성북구 비오비어린이수영장,무료/유료 (플레이스 참조),서울 성북구에 위치한 인기 아기랑 수영장 명소인 [비오비어린이수영장]입니다.,https://search.naver.com/search.naver?where=nexearch&query=%EC%84%9C%EC%9A%B8%20%EC%84%B1%EB%B6%81%EA%B5%AC%20%EC%95%84%EA%B8%B0%EB%9E%91%20%EC%88%98%EC%98%81%EC%9E%A5,family:1.0;baby:1.0;parking:1.0;nursing_room:1.0;성북구;아기랑 수영장,2026-08-22 20:34:25,pool:1.0;water:1.0;outdoor:0.9,2,85
네이버 장소검색 | 서울 성북구,자연친화,아쿠아마린키즈스윔 돈암점수영장,상시,영유아 및 어린이 (0세~9세),서울 성북구 아쿠아마린키즈스윔 돈암점수영장,무료/유료 (플레이스 참조),서울 성북구에 위치한 인기 아기랑 수영장 명소인 [아쿠아마린키즈스윔 돈암점수영장]입니다.,https://search.naver.com/search.naver?where=nexearch&query=%EC%84%9C%EC%9A%B8%20%EC%84%B1%EB%B6%81%EA%B5%AC%20%EC%95%84%EA%B8%B0%EB%9E%91%20%EC%88%98%EC%98%81%EC%9E%A5,family:1.0;baby:1.0;parking:1.0;nursing_room:1.0;성북구;아기랑 수영장,2026-08-22 20:34:25,pool:1.0;water:1.0;outdoor:0.9,2,85
네이버 장소검색 | 서울 성북구,자연친화,아쿠아마린키즈스윔 길음점수영장,상시,영유아 및 어린이 (0세~9세),서울 성북구 아쿠아마린키즈스윔 길음점수영장,무료/유료 (플레이스 참조),서울 성북구에 위치한 인기 아기랑 수영장 명소인 [아쿠아마린키즈스윔 길음점수영장]입니다.,https://search.naver.com/search.naver?where=nexearch&query=%EC%84%9C%EC%9A%B8%20%EC%84%B1%EB%B6%81%EA%B5%AC%20%EC%95%84%EA%B8%B0%EB%9E%91%20%EC%88%98%EC%98%81%EC%9E%A5,family:1.0;baby:1.0;parking:1.0;nursing_room:1.0;성북구;아기랑 수영장,2026-08-22 20:34:25,pool:1.0;water:1.0;outdoor:0.9,2,85
네이버 장소검색 | 서울 성북구,자연친화,노블스위밍랩 길음점수영장,상시,영유아 및 어린이 (0세~9세),서울 성북구 노블스위밍랩 길음점수영장,무료/유료 (플레이스 참조),서울 성북구에 위치한 인기 아기랑 수영장 명소인 [노블스위밍랩 길음점수영장]입니다.,https://search.naver.com/search.naver?where=nexearch&query=%EC%84%9C%EC%9A%B8%20%EC%84%B1%EB%B6%81%EA%B5%AC%20%EC%95%84%EA%B8%B0%EB%9E%91%20%EC%88%98%EC%98%81%EC%9E%A5,family:1.0;baby:1.0;parking:1.0;nursing_room:1.0;성북구;아기랑 수영장,2026-08-22 20:34:25,pool:1.0;water:1.0;outdoor:0.9,2,85
네이버 장소검색 | 서울 성북구,자연친화,오션키즈 성북점수영장,상시,영유아 및 어린이 (0세~9세),서울 성북구 오션키즈 성북점수영장,무료/유료 (플레이스 참조),서울 성북구에 위치한 인기 아기랑 수영장 명소인 [오션키즈 성북점수영장]입니다.,https://search.naver.com/search.naver?where=nexearch&query=%EC%84%9C%EC%9A%B8%20%EC%84%B1%EB%B6%81%EA%B5%AC%20%EC%95%84%EA%B8%B0%EB%9E%91%20%EC%88%98%EC%98%81%EC%9E%A5,family:1.0;baby:1.0;parking:1.0;nursing_room:1.0;성북구;아기랑 수영장,2026-08-22 20:34:25,pool:1.0;water:1.0;outdoor:0.9,2,85
네이버 장소검색 | 서울 성북구,자연친화,돈암교육문화관 수영장,상시,영유아 및 어린이 (0세~9세),서울 성북구 돈암교육문화관 수영장,무료/유료 (플레이스 참조),서울 성북구에 위치한 인기 아기랑 수영장 명소인 [돈암교육문화관 수영장]입니다.,https://search.naver.com/search.naver?where=nexearch&query=%EC%84%9C%EC%9A%B8%20%EC%84%B1%EB%B6%81%EA%B5%AC%20%EC%95%84%EA%B8%B0%EB%9E%91%20%EC%88%98%EC%98%81%EC%9E%A5,family:1.0;baby:1.0;parking:1.0;nursing_room:1.0;성북구;아기랑 수영장,2026-08-22 20:34:25,pool:1.0;water:1.0;outdoor:0.9,2,85
네이버 장소검색 | 서울 성북구,자연친화,"샌드테일모래놀이카페쿠폰카페,디저트",상시,영유아 및 어린이 (0세~9세),"서울 성북구 샌드테일모래놀이카페쿠폰카페,디저트",무료/유료 (플레이스 참조),"서울 성북구에 위치한 인기 아기랑 모래놀이 명소인 [샌드테일모래놀이카페쿠폰카페,디저트]입니다.",https://search.naver.com/search.naver?where=nexearch&query=%EC%84%9C%EC%9A%B8%20%EC%84%B1%EB%B6%81%EA%B5%AC%20%EC%95%84%EA%B8%B0%EB%9E%91%20%EB%AA%A8%EB%9E%98%EB%86%80%EC%9D%B4,family:1.0;baby:1.0;parking:1.0;nursing_room:1.0;성북구;아기랑 모래놀이,2026-08-22 20:34:25,sand:1.0;nature:1.0;play:0.9,2,85
네이버 장소검색 | 서울 성북구,사설키즈카페,성북구키즈카페 꼬마빌리지모래놀이할 수 있는,상시,영유아 및 어린이 (0세~9세),서울 성북구 성북구키즈카페 꼬마빌리지모래놀이할 수 있는,무료/유료 (플레이스 참조),서울 성북구에 위치한 인기 아기랑 모래놀이 명소인 [성북구키즈카페 꼬마빌리지모래놀이할 수 있는]입니다.,https://search.naver.com/search.naver?where=nexearch&query=%EC%84%9C%EC%9A%B8%20%EC%84%B1%EB%B6%81%EA%B5%AC%20%EC%95%84%EA%B8%B0%EB%9E%91%20%EB%AA%A8%EB%9E%98%EB%86%80%EC%9D%B4,family:1.0;baby:1.0;parking:1.0;nursing_room:1.0;성북구;아기랑 모래놀이,2026-08-22 20:34:25,sand:1.0;nature:1.0;play:0.9,2,85
네이버 장소검색 | 서울 성북구,자연친화,개운산공원공원,상시,영유아 및 어린이 (0세~9세),서울 성북구 개운산공원공원,무료/유료 (플레이스 참조),서울 성북구에 위치한 인기 아기랑 공원 명소인 [개운산공원공원]입니다.,https://search.naver.com/search.naver?where=nexearch&query=%EC%84%9C%EC%9A%B8%20%EC%84%B1%EB%B6%81%EA%B5%AC%20%EC%95%84%EA%B8%B0%EB%9E%91%20%EA%B3%B5%EC%9B%90,family:1.0;baby:1.0;parking:1.0;nursing_room:1.0;성북구;아기랑 공원,2026-08-22 20:34:25,park:1.0;picnic:1.0;nature:1.0,2,85
네이버 장소검색 | 서울 성북구,자연친화,하늘한마당공원,상시,영유아 및 어린이 (0세~9세),서울 성북구 하늘한마당공원,무료/유료 (플레이스 참조),서울 성북구에 위치한 인기 아기랑 공원 명소인 [하늘한마당공원]입니다.,https://search.naver.com/search.naver?where=nexearch&query=%EC%84%9C%EC%9A%B8%20%EC%84%B1%EB%B6%81%EA%B5%AC%20%EC%95%84%EA%B8%B0%EB%9E%91%20%EA%B3%B5%EC%9B%90,family:1.0;baby:1.0;parking:1.0;nursing_room:1.0;성북구;아기랑 공원,2026-08-22 20:34:25,park:1.0;picnic:1.0;nature:1.0,2,85
네이버 장소검색 | 서울 성북구,자연친화,"오동공원도시,공원",상시,영유아 및 어린이 (0세~9세),"서울 성북구 오동공원도시,공원",무료/유료 (플레이스 참조),"서울 성북구에 위치한 인기 아기랑 공원 명소인 [오동공원도시,공원]입니다.",https://search.naver.com/search.naver?where=nexearch&query=%EC%84%9C%EC%9A%B8%20%EC%84%B1%EB%B6%81%EA%B5%AC%20%EC%95%84%EA%B8%B0%EB%9E%91%20%EA%B3%B5%EC%9B%90,family:1.0;baby:1.0;parking:1.0;nursing_room:1.0;성북구;아기랑 공원,2026-08-22 20:34:25,park:1.0;picnic:1.0;nature:1.0,2,85
네이버 장소검색 | 서울 성북구,자연친화,성북우정의공원공원,상시,영유아 및 어린이 (0세~9세),서울 성북구 성북우정의공원공원,무료/유료 (플레이스 참조),서울 성북구에 위치한 인기 아기랑 공원 명소인 [성북우정의공원공원]입니다.,https://search.naver.com/search.naver?where=nexearch&query=%EC%84%9C%EC%9A%B8%20%EC%84%B1%EB%B6%81%EA%B5%AC%20%EC%95%84%EA%B8%B0%EB%9E%91%20%EA%B3%B5%EC%9B%90,family:1.0;baby:1.0;parking:1.0;nursing_room:1.0;성북구;아기랑 공원,2026-08-22 20:34:25,park:1.0;picnic:1.0;nature:1.0,2,85
네이버 장소검색 | 서울 성북구,자연친화,삼선공원공원,상시,영유아 및 어린이 (0세~9세),서울 성북구 삼선공원공원,무료/유료 (플레이스 참조),서울 성북구에 위치한 인기 아기랑 공원 명소인 [삼선공원공원]입니다.,https://search.naver.com/search.naver?where=nexearch&query=%EC%84%9C%EC%9A%B8%20%EC%84%B1%EB%B6%81%EA%B5%AC%20%EC%95%84%EA%B8%B0%EB%9E%91%20%EA%B3%B5%EC%9B%90,family:1.0;baby:1.0;parking:1.0;nursing_room:1.0;성북구;아기랑 공원,2026-08-22 20:34:25,park:1.0;picnic:1.0;nature:1.0,2,85
네이버 장소검색 | 서울 성북구,자연친화,청량공원,상시,영유아 및 어린이 (0세~9세),서울 성북구 청량공원,무료/유료 (플레이스 참조),서울 성북구에 위치한 인기 아기랑 공원 명소인 [청량공원]입니다.,https://search.naver.com/search.naver?where=nexearch&query=%EC%84%9C%EC%9A%B8%20%EC%84%B1%EB%B6%81%EA%B5%AC%20%EC%95%84%EA%B8%B0%EB%9E%91%20%EA%B3%B5%EC%9B%90,family:1.0;baby:1.0;parking:1.0;nursing_room:1.0;성북구;아기랑 공원,2026-08-22 20:34:25,park:1.0;picnic:1.0;nature:1.0,2,85
네이버 장소검색 | 서울 성북구,자연친화,성북구오동공원,상시,영유아 및 어린이 (0세~9세),서울 성북구 성북구오동공원,무료/유료 (플레이스 참조),서울 성북구에 위치한 인기 아기랑 공원 명소인 [성북구오동공원]입니다.,https://search.naver.com/search.naver?where=nexearch&query=%EC%84%9C%EC%9A%B8%20%EC%84%B1%EB%B6%81%EA%B5%AC%20%EC%95%84%EA%B8%B0%EB%9E%91%20%EA%B3%B5%EC%9B%90,family:1.0;baby:1.0;parking:1.0;nursing_room:1.0;성북구;아기랑 공원,2026-08-22 20:34:25,park:1.0;picnic:1.0;nature:1.0,2,85
네이버 장소검색 | 서울 성북구,자연친화,올해로 제10회를 맞이한성북구의 공식,상시,영유아 및 어린이 (0세~9세),서울 성북구 올해로 제10회를 맞이한성북구의 공식,무료/유료 (플레이스 참조),서울 성북구에 위치한 인기 아기랑 물놀이터 명소인 [올해로 제10회를 맞이한성북구의 공식]입니다.,https://search.naver.com/search.naver?where=nexearch&query=%EC%84%9C%EC%9A%B8%20%EC%84%B1%EB%B6%81%EA%B5%AC%20%EC%95%84%EA%B8%B0%EB%9E%91%20%EB%AC%BC%EB%86%80%EC%9D%B4%ED%84%B0,family:1.0;baby:1.0;parking:1.0;nursing_room:1.0;성북구;아기랑 물놀이터,2026-08-22 20:34:25,water:1.0;outdoor:1.0;picnic:0.8,2,85
네이버 장소검색 | 서울 성북구,자연친화,성북구무료물놀이터오동공원,상시,영유아 및 어린이 (0세~9세),서울 성북구 성북구무료물놀이터오동공원,무료/유료 (플레이스 참조),서울 성북구에 위치한 인기 아기랑 물놀이터 명소인 [성북구무료물놀이터오동공원]입니다.,https://search.naver.com/search.naver?where=nexearch&query=%EC%84%9C%EC%9A%B8%20%EC%84%B1%EB%B6%81%EA%B5%AC%20%EC%95%84%EA%B8%B0%EB%9E%91%20%EB%AC%BC%EB%86%80%EC%9D%B4%ED%84%B0,family:1.0;baby:1.0;parking:1.0;nursing_room:1.0;성북구;아기랑 물놀이터,2026-08-22 20:34:25,water:1.0;outdoor:1.0;picnic:0.8,2,85
네이버 장소검색 | 서울 성북구,자연친화,개인적으로성북구물놀이터를 몇군데 가봤는데 오동공원,상시,영유아 및 어린이 (0세~9세),서울 성북구 개인적으로성북구물놀이터를 몇군데 가봤는데 오동공원,무료/유료 (플레이스 참조),서울 성북구에 위치한 인기 아기랑 물놀이터 명소인 [개인적으로성북구물놀이터를 몇군데 가봤는데 오동공원]입니다.,https://search.naver.com/search.naver?where=nexearch&query=%EC%84%9C%EC%9A%B8%20%EC%84%B1%EB%B6%81%EA%B5%AC%20%EC%95%84%EA%B8%B0%EB%9E%91%20%EB%AC%BC%EB%86%80%EC%9D%B4%ED%84%B0,family:1.0;baby:1.0;parking:1.0;nursing_room:1.0;성북구;아기랑 물놀이터,2026-08-22 20:34:25,water:1.0;outdoor:1.0;picnic:0.8,2,85
네이버 장소검색 | 서울 성북구,문화생활,미술관옆 돈까스돈가스,상시,영유아 및 어린이 (0세~9세),서울 성북구 미술관옆 돈까스돈가스,무료/유료 (플레이스 참조),서울 성북구에 위치한 인기 아기랑 미술 명소인 [미술관옆 돈까스돈가스]입니다.,https://search.naver.com/search.naver?where=nexearch&query=%EC%84%9C%EC%9A%B8%20%EC%84%B1%EB%B6%81%EA%B5%AC%20%EC%95%84%EA%B8%B0%EB%9E%91%20%EB%AF%B8%EC%88%A0,family:1.0;baby:1.0;parking:1.0;nursing_room:1.0;성북구;아기랑 미술,2026-08-22 20:34:25,drawing:1.0;art:1.0;experience:1.0,2,85
네이버 장소검색 | 서울 성북구,가족체험,서울공예박물관 어린이박물관박물관,상시,영유아 및 어린이 (0세~9세),서울 성북구 서울공예박물관 어린이박물관박물관,무료/유료 (플레이스 참조),서울 성북구에 위치한 인기 아기랑 어린이박물관 명소인 [서울공예박물관 어린이박물관박물관]입니다.,https://search.naver.com/search.naver?where=nexearch&query=%EC%84%9C%EC%9A%B8%20%EC%84%B1%EB%B6%81%EA%B5%AC%20%EC%95%84%EA%B8%B0%EB%9E%91%20%EC%96%B4%EB%A6%B0%EC%9D%B4%EB%B0%95%EB%AC%BC%EA%B4%80,family:1.0;baby:1.0;parking:1.0;nursing_room:1.0;성북구;아기랑 어린이박물관,2026-08-22 20:34:25,museum:1.0;hands_on:1.0;experience:1.0,2,85
네이버 장소검색 | 서울 송파구,사설키즈카페,챔피언더블랙벨트 롯데월드몰 잠실점,상시,영유아 및 어린이 (0세~9세),서울 송파구 챔피언더블랙벨트 롯데월드몰 잠실점,무료/유료 (플레이스 참조),서울 송파구에 위치한 인기 아기랑 키즈카페 명소인 [챔피언더블랙벨트 롯데월드몰 잠실점]입니다.,https://search.naver.com/search.naver?where=nexearch&query=%EC%84%9C%EC%9A%B8%20%EC%86%A1%ED%8C%8C%EA%B5%AC%20%EC%95%84%EA%B8%B0%EB%9E%91%20%ED%82%A4%EC%A6%88%EC%B9%B4%ED%8E%98,family:1.0;baby:1.0;parking:1.0;nursing_room:1.0;송파구;아기랑 키즈카페,2026-08-22 20:34:25,toddler:1.0;indoor:0.9;play:1.0,2,85
네이버 장소검색 | 서울 송파구,사설키즈카페,캘리클럽 잠실점,상시,영유아 및 어린이 (0세~9세),서울 송파구 캘리클럽 잠실점,무료/유료 (플레이스 참조),서울 송파구에 위치한 인기 아기랑 키즈카페 명소인 [캘리클럽 잠실점]입니다.,https://search.naver.com/search.naver?where=nexearch&query=%EC%84%9C%EC%9A%B8%20%EC%86%A1%ED%8C%8C%EA%B5%AC%20%EC%95%84%EA%B8%B0%EB%9E%91%20%ED%82%A4%EC%A6%88%EC%B9%B4%ED%8E%98,family:1.0;baby:1.0;parking:1.0;nursing_room:1.0;송파구;아기랑 키즈카페,2026-08-22 20:34:25,toddler:1.0;indoor:0.9;play:1.0,2,85
네이버 장소검색 | 서울 송파구,사설키즈카페,째깍섬 잠실센터,상시,영유아 및 어린이 (0세~9세),서울 송파구 째깍섬 잠실센터,무료/유료 (플레이스 참조),서울 송파구에 위치한 인기 아기랑 키즈카페 명소인 [째깍섬 잠실센터]입니다.,https://search.naver.com/search.naver?where=nexearch&query=%EC%84%9C%EC%9A%B8%20%EC%86%A1%ED%8C%8C%EA%B5%AC%20%EC%95%84%EA%B8%B0%EB%9E%91%20%ED%82%A4%EC%A6%88%EC%B9%B4%ED%8E%98,family:1.0;baby:1.0;parking:1.0;nursing_room:1.0;송파구;아기랑 키즈카페,2026-08-22 20:34:25,toddler:1.0;indoor:0.9;play:1.0,2,85
네이버 장소검색 | 서울 송파구,사설키즈카페,슈퍼윙스 스포츠파크 롯데잠실점,상시,영유아 및 어린이 (0세~9세),서울 송파구 슈퍼윙스 스포츠파크 롯데잠실점,무료/유료 (플레이스 참조),서울 송파구에 위치한 인기 아기랑 키즈카페 명소인 [슈퍼윙스 스포츠파크 롯데잠실점]입니다.,https://search.naver.com/search.naver?where=nexearch&query=%EC%84%9C%EC%9A%B8%20%EC%86%A1%ED%8C%8C%EA%B5%AC%20%EC%95%84%EA%B8%B0%EB%9E%91%20%ED%82%A4%EC%A6%88%EC%B9%B4%ED%8E%98,family:1.0;baby:1.0;parking:1.0;nursing_room:1.0;송파구;아기랑 키즈카페,2026-08-22 20:34:25,toddler:1.0;indoor:0.9;play:1.0,2,85
네이버 장소검색 | 서울 송파구,사설키즈카페,코코몽키즈랜드 송파점,상시,영유아 및 어린이 (0세~9세),서울 송파구 코코몽키즈랜드 송파점,무료/유료 (플레이스 참조),서울 송파구에 위치한 인기 아기랑 키즈카페 명소인 [코코몽키즈랜드 송파점]입니다.,https://search.naver.com/search.naver?where=nexearch&query=%EC%84%9C%EC%9A%B8%20%EC%86%A1%ED%8C%8C%EA%B5%AC%20%EC%95%84%EA%B8%B0%EB%9E%91%20%ED%82%A4%EC%A6%88%EC%B9%B4%ED%8E%98,family:1.0;baby:1.0;parking:1.0;nursing_room:1.0;송파구;아기랑 키즈카페,2026-08-22 20:34:25,toddler:1.0;indoor:0.9;play:1.0,2,85
네이버 장소검색 | 서울 송파구,사설키즈카페,하하호호놀이터란? ;송파구를,상시,영유아 및 어린이 (0세~9세),서울 송파구 하하호호놀이터란? ;송파구를,무료/유료 (플레이스 참조),서울 송파구에 위치한 인기 아기랑 키즈카페 명소인 [하하호호놀이터란? ;송파구를]입니다.,https://search.naver.com/search.naver?where=nexearch&query=%EC%84%9C%EC%9A%B8%20%EC%86%A1%ED%8C%8C%EA%B5%AC%20%EC%95%84%EA%B8%B0%EB%9E%91%20%ED%82%A4%EC%A6%88%EC%B9%B4%ED%8E%98,family:1.0;baby:1.0;parking:1.0;nursing_room:1.0;송파구;아기랑 키즈카페,2026-08-22 20:34:25,toddler:1.0;indoor:0.9;play:1.0,2,85
네이버 장소검색 | 서울 송파구,사설키즈카페,서울시 세곡동,상시,영유아 및 어린이 (0세~9세),서울 송파구 서울시 세곡동,무료/유료 (플레이스 참조),서울 송파구에 위치한 인기 아기랑 키즈카페 명소인 [서울시 세곡동]입니다.,https://search.naver.com/search.naver?where=nexearch&query=%EC%84%9C%EC%9A%B8%20%EC%86%A1%ED%8C%8C%EA%B5%AC%20%EC%95%84%EA%B8%B0%EB%9E%91%20%ED%82%A4%EC%A6%88%EC%B9%B4%ED%8E%98,family:1.0;baby:1.0;parking:1.0;nursing_room:1.0;송파구;아기랑 키즈카페,2026-08-22 20:34:25,toddler:1.0;indoor:0.9;play:1.0,2,85
네이버 장소검색 | 서울 송파구,자연친화,로렌키즈아쿠아센터 잠실점수영장,상시,영유아 및 어린이 (0세~9세),서울 송파구 로렌키즈아쿠아센터 잠실점수영장,무료/유료 (플레이스 참조),서울 송파구에 위치한 인기 아기랑 수영장 명소인 [로렌키즈아쿠아센터 잠실점수영장]입니다.,https://search.naver.com/search.naver?where=nexearch&query=%EC%84%9C%EC%9A%B8%20%EC%86%A1%ED%8C%8C%EA%B5%AC%20%EC%95%84%EA%B8%B0%EB%9E%91%20%EC%88%98%EC%98%81%EC%9E%A5,family:1.0;baby:1.0;parking:1.0;nursing_room:1.0;송파구;아기랑 수영장,2026-08-22 20:34:25,pool:1.0;water:1.0;outdoor:0.9,2,85
네이버 장소검색 | 서울 송파구,자연친화,문정교육문화관수영장,상시,영유아 및 어린이 (0세~9세),서울 송파구 문정교육문화관수영장,무료/유료 (플레이스 참조),서울 송파구에 위치한 인기 아기랑 수영장 명소인 [문정교육문화관수영장]입니다.,https://search.naver.com/search.naver?where=nexearch&query=%EC%84%9C%EC%9A%B8%20%EC%86%A1%ED%8C%8C%EA%B5%AC%20%EC%95%84%EA%B8%B0%EB%9E%91%20%EC%88%98%EC%98%81%EC%9E%A5,family:1.0;baby:1.0;parking:1.0;nursing_room:1.0;송파구;아기랑 수영장,2026-08-22 20:34:25,pool:1.0;water:1.0;outdoor:0.9,2,85
네이버 장소검색 | 서울 송파구,자연친화,잠실 한강공원 물놀이장수영장,상시,영유아 및 어린이 (0세~9세),서울 송파구 잠실 한강공원 물놀이장수영장,무료/유료 (플레이스 참조),서울 송파구에 위치한 인기 아기랑 수영장 명소인 [잠실 한강공원 물놀이장수영장]입니다.,https://search.naver.com/search.naver?where=nexearch&query=%EC%84%9C%EC%9A%B8%20%EC%86%A1%ED%8C%8C%EA%B5%AC%20%EC%95%84%EA%B8%B0%EB%9E%91%20%EC%88%98%EC%98%81%EC%9E%A5,family:1.0;baby:1.0;parking:1.0;nursing_room:1.0;송파구;아기랑 수영장,2026-08-22 20:34:25,pool:1.0;water:1.0;outdoor:0.9,2,85
네이버 장소검색 | 서울 송파구,자연친화,아쿠아키즈 잠실수영장,상시,영유아 및 어린이 (0세~9세),서울 송파구 아쿠아키즈 잠실수영장,무료/유료 (플레이스 참조),서울 송파구에 위치한 인기 아기랑 수영장 명소인 [아쿠아키즈 잠실수영장]입니다.,https://search.naver.com/search.naver?where=nexearch&query=%EC%84%9C%EC%9A%B8%20%EC%86%A1%ED%8C%8C%EA%B5%AC%20%EC%95%84%EA%B8%B0%EB%9E%91%20%EC%88%98%EC%98%81%EC%9E%A5,family:1.0;baby:1.0;parking:1.0;nursing_room:1.0;송파구;아기랑 수영장,2026-08-22 20:34:25,pool:1.0;water:1.0;outdoor:0.9,2,85
네이버 장소검색 | 서울 송파구,자연친화,키즈마린수영장,상시,영유아 및 어린이 (0세~9세),서울 송파구 키즈마린수영장,무료/유료 (플레이스 참조),서울 송파구에 위치한 인기 아기랑 수영장 명소인 [키즈마린수영장]입니다.,https://search.naver.com/search.naver?where=nexearch&query=%EC%84%9C%EC%9A%B8%20%EC%86%A1%ED%8C%8C%EA%B5%AC%20%EC%95%84%EA%B8%B0%EB%9E%91%20%EC%88%98%EC%98%81%EC%9E%A5,family:1.0;baby:1.0;parking:1.0;nursing_room:1.0;송파구;아기랑 수영장,2026-08-22 20:34:25,pool:1.0;water:1.0;outdoor:0.9,2,85
네이버 장소검색 | 서울 송파구,자연친화,더블유엘지 문정수영장,상시,영유아 및 어린이 (0세~9세),서울 송파구 더블유엘지 문정수영장,무료/유료 (플레이스 참조),서울 송파구에 위치한 인기 아기랑 수영장 명소인 [더블유엘지 문정수영장]입니다.,https://search.naver.com/search.naver?where=nexearch&query=%EC%84%9C%EC%9A%B8%20%EC%86%A1%ED%8C%8C%EA%B5%AC%20%EC%95%84%EA%B8%B0%EB%9E%91%20%EC%88%98%EC%98%81%EC%9E%A5,family:1.0;baby:1.0;parking:1.0;nursing_room:1.0;송파구;아기랑 수영장,2026-08-22 20:34:25,pool:1.0;water:1.0;outdoor:0.9,2,85
네이버 장소검색 | 서울 송파구,자연친화,송파구영유아,상시,영유아 및 어린이 (0세~9세),서울 송파구 송파구영유아,무료/유료 (플레이스 참조),서울 송파구에 위치한 인기 아기랑 모래놀이 명소인 [송파구영유아]입니다.,https://search.naver.com/search.naver?where=nexearch&query=%EC%84%9C%EC%9A%B8%20%EC%86%A1%ED%8C%8C%EA%B5%AC%20%EC%95%84%EA%B8%B0%EB%9E%91%20%EB%AA%A8%EB%9E%98%EB%86%80%EC%9D%B4,family:1.0;baby:1.0;parking:1.0;nursing_room:1.0;송파구;아기랑 모래놀이,2026-08-22 20:34:25,sand:1.0;nature:1.0;play:0.9,2,85
네이버 장소검색 | 서울 송파구,자연친화,파크하비오,상시,영유아 및 어린이 (0세~9세),서울 송파구 파크하비오,무료/유료 (플레이스 참조),서울 송파구에 위치한 인기 아기랑 모래놀이 명소인 [파크하비오]입니다.,https://search.naver.com/search.naver?where=nexearch&query=%EC%84%9C%EC%9A%B8%20%EC%86%A1%ED%8C%8C%EA%B5%AC%20%EC%95%84%EA%B8%B0%EB%9E%91%20%EB%AA%A8%EB%9E%98%EB%86%80%EC%9D%B4,family:1.0;baby:1.0;parking:1.0;nursing_room:1.0;송파구;아기랑 모래놀이,2026-08-22 20:34:25,sand:1.0;nature:1.0;play:0.9,2,85
네이버 장소검색 | 서울 송파구,자연친화,송파,상시,영유아 및 어린이 (0세~9세),서울 송파구 송파,무료/유료 (플레이스 참조),서울 송파구에 위치한 인기 아기랑 모래놀이 명소인 [송파]입니다.,https://search.naver.com/search.naver?where=nexearch&query=%EC%84%9C%EC%9A%B8%20%EC%86%A1%ED%8C%8C%EA%B5%AC%20%EC%95%84%EA%B8%B0%EB%9E%91%20%EB%AA%A8%EB%9E%98%EB%86%80%EC%9D%B4,family:1.0;baby:1.0;parking:1.0;nursing_room:1.0;송파구;아기랑 모래놀이,2026-08-22 20:34:25,sand:1.0;nature:1.0;play:0.9,2,85
네이버 장소검색 | 서울 송파구,자연친화,3층 상상마루 와글와글 공사장,상시,영유아 및 어린이 (0세~9세),서울 송파구 3층 상상마루 와글와글 공사장,무료/유료 (플레이스 참조),서울 송파구에 위치한 인기 아기랑 모래놀이 명소인 [3층 상상마루 와글와글 공사장]입니다.,https://search.naver.com/search.naver?where=nexearch&query=%EC%84%9C%EC%9A%B8%20%EC%86%A1%ED%8C%8C%EA%B5%AC%20%EC%95%84%EA%B8%B0%EB%9E%91%20%EB%AA%A8%EB%9E%98%EB%86%80%EC%9D%B4,family:1.0;baby:1.0;parking:1.0;nursing_room:1.0;송파구;아기랑 모래놀이,2026-08-22 20:34:25,sand:1.0;nature:1.0;play:0.9,2,85
네이버 장소검색 | 서울 송파구,자연친화,잠실 한강공원공원,상시,영유아 및 어린이 (0세~9세),서울 송파구 잠실 한강공원공원,무료/유료 (플레이스 참조),서울 송파구에 위치한 인기 아기랑 공원 명소인 [잠실 한강공원공원]입니다.,https://search.naver.com/search.naver?where=nexearch&query=%EC%84%9C%EC%9A%B8%20%EC%86%A1%ED%8C%8C%EA%B5%AC%20%EC%95%84%EA%B8%B0%EB%9E%91%20%EA%B3%B5%EC%9B%90,family:1.0;baby:1.0;parking:1.0;nursing_room:1.0;송파구;아기랑 공원,2026-08-22 20:34:25,park:1.0;picnic:1.0;nature:1.0,2,85
네이버 장소검색 | 서울 송파구,자연친화,송파나루공원공원,상시,영유아 및 어린이 (0세~9세),서울 송파구 송파나루공원공원,무료/유료 (플레이스 참조),서울 송파구에 위치한 인기 아기랑 공원 명소인 [송파나루공원공원]입니다.,https://search.naver.com/search.naver?where=nexearch&query=%EC%84%9C%EC%9A%B8%20%EC%86%A1%ED%8C%8C%EA%B5%AC%20%EC%95%84%EA%B8%B0%EB%9E%91%20%EA%B3%B5%EC%9B%90,family:1.0;baby:1.0;parking:1.0;nursing_room:1.0;송파구;아기랑 공원,2026-08-22 20:34:25,park:1.0;picnic:1.0;nature:1.0,2,85
네이버 장소검색 | 서울 송파구,자연친화,송파공원,상시,영유아 및 어린이 (0세~9세),서울 송파구 송파공원,무료/유료 (플레이스 참조),서울 송파구에 위치한 인기 아기랑 공원 명소인 [송파공원]입니다.,https://search.naver.com/search.naver?where=nexearch&query=%EC%84%9C%EC%9A%B8%20%EC%86%A1%ED%8C%8C%EA%B5%AC%20%EC%95%84%EA%B8%B0%EB%9E%91%20%EA%B3%B5%EC%9B%90,family:1.0;baby:1.0;parking:1.0;nursing_room:1.0;송파구;아기랑 공원,2026-08-22 20:34:25,park:1.0;picnic:1.0;nature:1.0,2,85
네이버 장소검색 | 서울 송파구,자연친화,아시아공원공원,상시,영유아 및 어린이 (0세~9세),서울 송파구 아시아공원공원,무료/유료 (플레이스 참조),서울 송파구에 위치한 인기 아기랑 공원 명소인 [아시아공원공원]입니다.,https://search.naver.com/search.naver?where=nexearch&query=%EC%84%9C%EC%9A%B8%20%EC%86%A1%ED%8C%8C%EA%B5%AC%20%EC%95%84%EA%B8%B0%EB%9E%91%20%EA%B3%B5%EC%9B%90,family:1.0;baby:1.0;parking:1.0;nursing_room:1.0;송파구;아기랑 공원,2026-08-22 20:34:25,park:1.0;picnic:1.0;nature:1.0,2,85
네이버 장소검색 | 서울 송파구,자연친화,소리공원공원,상시,영유아 및 어린이 (0세~9세),서울 송파구 소리공원공원,무료/유료 (플레이스 참조),서울 송파구에 위치한 인기 아기랑 공원 명소인 [소리공원공원]입니다.,https://search.naver.com/search.naver?where=nexearch&query=%EC%84%9C%EC%9A%B8%20%EC%86%A1%ED%8C%8C%EA%B5%AC%20%EC%95%84%EA%B8%B0%EB%9E%91%20%EA%B3%B5%EC%9B%90,family:1.0;baby:1.0;parking:1.0;nursing_room:1.0;송파구;아기랑 공원,2026-08-22 20:34:25,park:1.0;picnic:1.0;nature:1.0,2,85
네이버 장소검색 | 서울 송파구,자연친화,천마공원,상시,영유아 및 어린이 (0세~9세),서울 송파구 천마공원,무료/유료 (플레이스 참조),서울 송파구에 위치한 인기 아기랑 공원 명소인 [천마공원]입니다.,https://search.naver.com/search.naver?where=nexearch&query=%EC%84%9C%EC%9A%B8%20%EC%86%A1%ED%8C%8C%EA%B5%AC%20%EC%95%84%EA%B8%B0%EB%9E%91%20%EA%B3%B5%EC%9B%90,family:1.0;baby:1.0;parking:1.0;nursing_room:1.0;송파구;아기랑 공원,2026-08-22 20:34:25,park:1.0;picnic:1.0;nature:1.0,2,85
네이버 장소검색 | 서울 송파구,자연친화,오금공원,상시,영유아 및 어린이 (0세~9세),서울 송파구 오금공원,무료/유료 (플레이스 참조),서울 송파구에 위치한 인기 아기랑 공원 명소인 [오금공원]입니다.,https://search.naver.com/search.naver?where=nexearch&query=%EC%84%9C%EC%9A%B8%20%EC%86%A1%ED%8C%8C%EA%B5%AC%20%EC%95%84%EA%B8%B0%EB%9E%91%20%EA%B3%B5%EC%9B%90,family:1.0;baby:1.0;parking:1.0;nursing_room:1.0;송파구;아기랑 공원,2026-08-22 20:34:25,park:1.0;picnic:1.0;nature:1.0,2,85
네이버 장소검색 | 서울 송파구,자연친화,송파무료 물놀이 명소 문정공원,상시,영유아 및 어린이 (0세~9세),서울 송파구 송파무료 물놀이 명소 문정공원,무료/유료 (플레이스 참조),서울 송파구에 위치한 인기 아기랑 물놀이터 명소인 [송파무료 물놀이 명소 문정공원]입니다.,https://search.naver.com/search.naver?where=nexearch&query=%EC%84%9C%EC%9A%B8%20%EC%86%A1%ED%8C%8C%EA%B5%AC%20%EC%95%84%EA%B8%B0%EB%9E%91%20%EB%AC%BC%EB%86%80%EC%9D%B4%ED%84%B0,family:1.0;baby:1.0;parking:1.0;nursing_room:1.0;송파구;아기랑 물놀이터,2026-08-22 20:34:25,water:1.0;outdoor:1.0;picnic:0.8,2,85
네이버 장소검색 | 서울 송파구,가족체험,서울백제어린이박물관,상시,영유아 및 어린이 (0세~9세),서울 송파구 서울백제어린이박물관,무료/유료 (플레이스 참조),서울 송파구에 위치한 인기 아기랑 어린이박물관 명소인 [서울백제어린이박물관]입니다.,https://search.naver.com/search.naver?where=nexearch&query=%EC%84%9C%EC%9A%B8%20%EC%86%A1%ED%8C%8C%EA%B5%AC%20%EC%95%84%EA%B8%B0%EB%9E%91%20%EC%96%B4%EB%A6%B0%EC%9D%B4%EB%B0%95%EB%AC%BC%EA%B4%80,family:1.0;baby:1.0;parking:1.0;nursing_room:1.0;송파구;아기랑 어린이박물관,2026-08-22 20:34:25,museum:1.0;hands_on:1.0;experience:1.0,2,85
네이버 장소검색 | 서울 양천구,사설키즈카페,키즈런 스포츠파크 목동점,상시,영유아 및 어린이 (0세~9세),서울 양천구 키즈런 스포츠파크 목동점,무료/유료 (플레이스 참조),서울 양천구에 위치한 인기 아기랑 키즈카페 명소인 [키즈런 스포츠파크 목동점]입니다.,https://search.naver.com/search.naver?where=nexearch&query=%EC%84%9C%EC%9A%B8%20%EC%96%91%EC%B2%9C%EA%B5%AC%20%EC%95%84%EA%B8%B0%EB%9E%91%20%ED%82%A4%EC%A6%88%EC%B9%B4%ED%8E%98,family:1.0;baby:1.0;parking:1.0;nursing_room:1.0;양천구;아기랑 키즈카페,2026-08-22 20:34:25,toddler:1.0;indoor:0.9;play:1.0,2,85
네이버 장소검색 | 서울 양천구,사설키즈카페,쿵앤잼놀이터 체험형 키즈카페,상시,영유아 및 어린이 (0세~9세),서울 양천구 쿵앤잼놀이터 체험형 키즈카페,무료/유료 (플레이스 참조),서울 양천구에 위치한 인기 아기랑 키즈카페 명소인 [쿵앤잼놀이터 체험형 키즈카페]입니다.,https://search.naver.com/search.naver?where=nexearch&query=%EC%84%9C%EC%9A%B8%20%EC%96%91%EC%B2%9C%EA%B5%AC%20%EC%95%84%EA%B8%B0%EB%9E%91%20%ED%82%A4%EC%A6%88%EC%B9%B4%ED%8E%98,family:1.0;baby:1.0;parking:1.0;nursing_room:1.0;양천구;아기랑 키즈카페,2026-08-22 20:34:25,toddler:1.0;indoor:0.9;play:1.0,2,85
네이버 장소검색 | 서울 양천구,사설키즈카페,챔피언더블랙벨트 이마트 목동점,상시,영유아 및 어린이 (0세~9세),서울 양천구 챔피언더블랙벨트 이마트 목동점,무료/유료 (플레이스 참조),서울 양천구에 위치한 인기 아기랑 키즈카페 명소인 [챔피언더블랙벨트 이마트 목동점]입니다.,https://search.naver.com/search.naver?where=nexearch&query=%EC%84%9C%EC%9A%B8%20%EC%96%91%EC%B2%9C%EA%B5%AC%20%EC%95%84%EA%B8%B0%EB%9E%91%20%ED%82%A4%EC%A6%88%EC%B9%B4%ED%8E%98,family:1.0;baby:1.0;parking:1.0;nursing_room:1.0;양천구;아기랑 키즈카페,2026-08-22 20:34:25,toddler:1.0;indoor:0.9;play:1.0,2,85
네이버 장소검색 | 서울 양천구,사설키즈카페,조이키즈룸,상시,영유아 및 어린이 (0세~9세),서울 양천구 조이키즈룸,무료/유료 (플레이스 참조),서울 양천구에 위치한 인기 아기랑 키즈카페 명소인 [조이키즈룸]입니다.,https://search.naver.com/search.naver?where=nexearch&query=%EC%84%9C%EC%9A%B8%20%EC%96%91%EC%B2%9C%EA%B5%AC%20%EC%95%84%EA%B8%B0%EB%9E%91%20%ED%82%A4%EC%A6%88%EC%B9%B4%ED%8E%98,family:1.0;baby:1.0;parking:1.0;nursing_room:1.0;양천구;아기랑 키즈카페,2026-08-22 20:34:25,toddler:1.0;indoor:0.9;play:1.0,2,85
네이버 장소검색 | 서울 양천구,사설키즈카페,리틀마운틴 행복한백화점 목동점,상시,영유아 및 어린이 (0세~9세),서울 양천구 리틀마운틴 행복한백화점 목동점,무료/유료 (플레이스 참조),서울 양천구에 위치한 인기 아기랑 키즈카페 명소인 [리틀마운틴 행복한백화점 목동점]입니다.,https://search.naver.com/search.naver?where=nexearch&query=%EC%84%9C%EC%9A%B8%20%EC%96%91%EC%B2%9C%EA%B5%AC%20%EC%95%84%EA%B8%B0%EB%9E%91%20%ED%82%A4%EC%A6%88%EC%B9%B4%ED%8E%98,family:1.0;baby:1.0;parking:1.0;nursing_room:1.0;양천구;아기랑 키즈카페,2026-08-22 20:34:25,toddler:1.0;indoor:0.9;play:1.0,2,85
네이버 장소검색 | 서울 양천구,사설키즈카페,블루엘리펀트킨더클럽,상시,영유아 및 어린이 (0세~9세),서울 양천구 블루엘리펀트킨더클럽,무료/유료 (플레이스 참조),서울 양천구에 위치한 인기 아기랑 키즈카페 명소인 [블루엘리펀트킨더클럽]입니다.,https://search.naver.com/search.naver?where=nexearch&query=%EC%84%9C%EC%9A%B8%20%EC%96%91%EC%B2%9C%EA%B5%AC%20%EC%95%84%EA%B8%B0%EB%9E%91%20%ED%82%A4%EC%A6%88%EC%B9%B4%ED%8E%98,family:1.0;baby:1.0;parking:1.0;nursing_room:1.0;양천구;아기랑 키즈카페,2026-08-22 20:34:25,toddler:1.0;indoor:0.9;play:1.0,2,85
네이버 장소검색 | 서울 양천구,사설키즈카페,서울시 가양동,상시,영유아 및 어린이 (0세~9세),서울 양천구 서울시 가양동,무료/유료 (플레이스 참조),서울 양천구에 위치한 인기 아기랑 키즈카페 명소인 [서울시 가양동]입니다.,https://search.naver.com/search.naver?where=nexearch&query=%EC%84%9C%EC%9A%B8%20%EC%96%91%EC%B2%9C%EA%B5%AC%20%EC%95%84%EA%B8%B0%EB%9E%91%20%ED%82%A4%EC%A6%88%EC%B9%B4%ED%8E%98,family:1.0;baby:1.0;parking:1.0;nursing_room:1.0;양천구;아기랑 키즈카페,2026-08-22 20:34:25,toddler:1.0;indoor:0.9;play:1.0,2,85
네이버 장소검색 | 서울 양천구,자연친화,목동스포츠센터수영장,상시,영유아 및 어린이 (0세~9세),서울 양천구 목동스포츠센터수영장,무료/유료 (플레이스 참조),서울 양천구에 위치한 인기 아기랑 수영장 명소인 [목동스포츠센터수영장]입니다.,https://search.naver.com/search.naver?where=nexearch&query=%EC%84%9C%EC%9A%B8%20%EC%96%91%EC%B2%9C%EA%B5%AC%20%EC%95%84%EA%B8%B0%EB%9E%91%20%EC%88%98%EC%98%81%EC%9E%A5,family:1.0;baby:1.0;parking:1.0;nursing_room:1.0;양천구;아기랑 수영장,2026-08-22 20:34:25,pool:1.0;water:1.0;outdoor:0.9,2,85
네이버 장소검색 | 서울 양천구,자연친화,블루라군 오목교점수영장,상시,영유아 및 어린이 (0세~9세),서울 양천구 블루라군 오목교점수영장,무료/유료 (플레이스 참조),서울 양천구에 위치한 인기 아기랑 수영장 명소인 [블루라군 오목교점수영장]입니다.,https://search.naver.com/search.naver?where=nexearch&query=%EC%84%9C%EC%9A%B8%20%EC%96%91%EC%B2%9C%EA%B5%AC%20%EC%95%84%EA%B8%B0%EB%9E%91%20%EC%88%98%EC%98%81%EC%9E%A5,family:1.0;baby:1.0;parking:1.0;nursing_room:1.0;양천구;아기랑 수영장,2026-08-22 20:34:25,pool:1.0;water:1.0;outdoor:0.9,2,85
네이버 장소검색 | 서울 양천구,자연친화,블루라군 목동점수영장,상시,영유아 및 어린이 (0세~9세),서울 양천구 블루라군 목동점수영장,무료/유료 (플레이스 참조),서울 양천구에 위치한 인기 아기랑 수영장 명소인 [블루라군 목동점수영장]입니다.,https://search.naver.com/search.naver?where=nexearch&query=%EC%84%9C%EC%9A%B8%20%EC%96%91%EC%B2%9C%EA%B5%AC%20%EC%95%84%EA%B8%B0%EB%9E%91%20%EC%88%98%EC%98%81%EC%9E%A5,family:1.0;baby:1.0;parking:1.0;nursing_room:1.0;양천구;아기랑 수영장,2026-08-22 20:34:25,pool:1.0;water:1.0;outdoor:0.9,2,85
네이버 장소검색 | 서울 양천구,자연친화,오션키즈 목동강서점수영장,상시,영유아 및 어린이 (0세~9세),서울 양천구 오션키즈 목동강서점수영장,무료/유료 (플레이스 참조),서울 양천구에 위치한 인기 아기랑 수영장 명소인 [오션키즈 목동강서점수영장]입니다.,https://search.naver.com/search.naver?where=nexearch&query=%EC%84%9C%EC%9A%B8%20%EC%96%91%EC%B2%9C%EA%B5%AC%20%EC%95%84%EA%B8%B0%EB%9E%91%20%EC%88%98%EC%98%81%EC%9E%A5,family:1.0;baby:1.0;parking:1.0;nursing_room:1.0;양천구;아기랑 수영장,2026-08-22 20:34:25,pool:1.0;water:1.0;outdoor:0.9,2,85
네이버 장소검색 | 서울 양천구,자연친화,키즈엘리트수영장,상시,영유아 및 어린이 (0세~9세),서울 양천구 키즈엘리트수영장,무료/유료 (플레이스 참조),서울 양천구에 위치한 인기 아기랑 수영장 명소인 [키즈엘리트수영장]입니다.,https://search.naver.com/search.naver?where=nexearch&query=%EC%84%9C%EC%9A%B8%20%EC%96%91%EC%B2%9C%EA%B5%AC%20%EC%95%84%EA%B8%B0%EB%9E%91%20%EC%88%98%EC%98%81%EC%9E%A5,family:1.0;baby:1.0;parking:1.0;nursing_room:1.0;양천구;아기랑 수영장,2026-08-22 20:34:25,pool:1.0;water:1.0;outdoor:0.9,2,85
네이버 장소검색 | 서울 양천구,자연친화,블루라군 레벨업점수영장,상시,영유아 및 어린이 (0세~9세),서울 양천구 블루라군 레벨업점수영장,무료/유료 (플레이스 참조),서울 양천구에 위치한 인기 아기랑 수영장 명소인 [블루라군 레벨업점수영장]입니다.,https://search.naver.com/search.naver?where=nexearch&query=%EC%84%9C%EC%9A%B8%20%EC%96%91%EC%B2%9C%EA%B5%AC%20%EC%95%84%EA%B8%B0%EB%9E%91%20%EC%88%98%EC%98%81%EC%9E%A5,family:1.0;baby:1.0;parking:1.0;nursing_room:1.0;양천구;아기랑 수영장,2026-08-22 20:34:25,pool:1.0;water:1.0;outdoor:0.9,2,85
네이버 장소검색 | 서울 양천구,자연친화,않고아기랑물놀이를 즐길 수 있는서울도심 속 실내,상시,영유아 및 어린이 (0세~9세),서울 양천구 않고아기랑물놀이를 즐길 수 있는서울도심 속 실내,무료/유료 (플레이스 참조),서울 양천구에 위치한 인기 아기랑 수영장 명소인 [않고아기랑물놀이를 즐길 수 있는서울도심 속 실내]입니다.,https://search.naver.com/search.naver?where=nexearch&query=%EC%84%9C%EC%9A%B8%20%EC%96%91%EC%B2%9C%EA%B5%AC%20%EC%95%84%EA%B8%B0%EB%9E%91%20%EC%88%98%EC%98%81%EC%9E%A5,family:1.0;baby:1.0;parking:1.0;nursing_room:1.0;양천구;아기랑 수영장,2026-08-22 20:34:25,pool:1.0;water:1.0;outdoor:0.9,2,85
네이버 장소검색 | 서울 양천구,자연친화,나들로nadeulro.com›나들로›수영장›국가,상시,영유아 및 어린이 (0세~9세),서울 양천구 나들로nadeulro.com›나들로›수영장›국가,무료/유료 (플레이스 참조),서울 양천구에 위치한 인기 아기랑 수영장 명소인 [나들로nadeulro.com›나들로›수영장›국가]입니다.,https://search.naver.com/search.naver?where=nexearch&query=%EC%84%9C%EC%9A%B8%20%EC%96%91%EC%B2%9C%EA%B5%AC%20%EC%95%84%EA%B8%B0%EB%9E%91%20%EC%88%98%EC%98%81%EC%9E%A5,family:1.0;baby:1.0;parking:1.0;nursing_room:1.0;양천구;아기랑 수영장,2026-08-22 20:34:25,pool:1.0;water:1.0;outdoor:0.9,2,85
네이버 장소검색 | 서울 양천구,사설키즈카페,양천구미술 키즈카페 쿵앤잼,상시,영유아 및 어린이 (0세~9세),서울 양천구 양천구미술 키즈카페 쿵앤잼,무료/유료 (플레이스 참조),서울 양천구에 위치한 인기 아기랑 모래놀이 명소인 [양천구미술 키즈카페 쿵앤잼]입니다.,https://search.naver.com/search.naver?where=nexearch&query=%EC%84%9C%EC%9A%B8%20%EC%96%91%EC%B2%9C%EA%B5%AC%20%EC%95%84%EA%B8%B0%EB%9E%91%20%EB%AA%A8%EB%9E%98%EB%86%80%EC%9D%B4,family:1.0;baby:1.0;parking:1.0;nursing_room:1.0;양천구;아기랑 모래놀이,2026-08-22 20:34:25,sand:1.0;nature:1.0;play:0.9,2,85
네이버 장소검색 | 서울 양천구,자연친화,양천구신월동 루키즈더아트 체험형,상시,영유아 및 어린이 (0세~9세),서울 양천구 양천구신월동 루키즈더아트 체험형,무료/유료 (플레이스 참조),서울 양천구에 위치한 인기 아기랑 모래놀이 명소인 [양천구신월동 루키즈더아트 체험형]입니다.,https://search.naver.com/search.naver?where=nexearch&query=%EC%84%9C%EC%9A%B8%20%EC%96%91%EC%B2%9C%EA%B5%AC%20%EC%95%84%EA%B8%B0%EB%9E%91%20%EB%AA%A8%EB%9E%98%EB%86%80%EC%9D%B4,family:1.0;baby:1.0;parking:1.0;nursing_room:1.0;양천구;아기랑 모래놀이,2026-08-22 20:34:25,sand:1.0;nature:1.0;play:0.9,2,85
네이버 장소검색 | 서울 양천구,자연친화,양천공원공원,상시,영유아 및 어린이 (0세~9세),서울 양천구 양천공원공원,무료/유료 (플레이스 참조),서울 양천구에 위치한 인기 아기랑 공원 명소인 [양천공원공원]입니다.,https://search.naver.com/search.naver?where=nexearch&query=%EC%84%9C%EC%9A%B8%20%EC%96%91%EC%B2%9C%EA%B5%AC%20%EC%95%84%EA%B8%B0%EB%9E%91%20%EA%B3%B5%EC%9B%90,family:1.0;baby:1.0;parking:1.0;nursing_room:1.0;양천구;아기랑 공원,2026-08-22 20:34:25,park:1.0;picnic:1.0;nature:1.0,2,85
네이버 장소검색 | 서울 양천구,자연친화,"서서울호수공원도시,공원",상시,영유아 및 어린이 (0세~9세),"서울 양천구 서서울호수공원도시,공원",무료/유료 (플레이스 참조),"서울 양천구에 위치한 인기 아기랑 공원 명소인 [서서울호수공원도시,공원]입니다.",https://search.naver.com/search.naver?where=nexearch&query=%EC%84%9C%EC%9A%B8%20%EC%96%91%EC%B2%9C%EA%B5%AC%20%EC%95%84%EA%B8%B0%EB%9E%91%20%EA%B3%B5%EC%9B%90,family:1.0;baby:1.0;parking:1.0;nursing_room:1.0;양천구;아기랑 공원,2026-08-22 20:34:25,park:1.0;picnic:1.0;nature:1.0,2,85
네이버 장소검색 | 서울 양천구,자연친화,"파리공원도시,공원",상시,영유아 및 어린이 (0세~9세),"서울 양천구 파리공원도시,공원",무료/유료 (플레이스 참조),"서울 양천구에 위치한 인기 아기랑 공원 명소인 [파리공원도시,공원]입니다.",https://search.naver.com/search.naver?where=nexearch&query=%EC%84%9C%EC%9A%B8%20%EC%96%91%EC%B2%9C%EA%B5%AC%20%EC%95%84%EA%B8%B0%EB%9E%91%20%EA%B3%B5%EC%9B%90,family:1.0;baby:1.0;parking:1.0;nursing_room:1.0;양천구;아기랑 공원,2026-08-22 20:34:25,park:1.0;picnic:1.0;nature:1.0,2,85
네이버 장소검색 | 서울 양천구,자연친화,오목공원공원,상시,영유아 및 어린이 (0세~9세),서울 양천구 오목공원공원,무료/유료 (플레이스 참조),서울 양천구에 위치한 인기 아기랑 공원 명소인 [오목공원공원]입니다.,https://search.naver.com/search.naver?where=nexearch&query=%EC%84%9C%EC%9A%B8%20%EC%96%91%EC%B2%9C%EA%B5%AC%20%EC%95%84%EA%B8%B0%EB%9E%91%20%EA%B3%B5%EC%9B%90,family:1.0;baby:1.0;parking:1.0;nursing_room:1.0;양천구;아기랑 공원,2026-08-22 20:34:25,park:1.0;picnic:1.0;nature:1.0,2,85
네이버 장소검색 | 서울 양천구,자연친화,"연의생태공원자연,생태공원",상시,영유아 및 어린이 (0세~9세),"서울 양천구 연의생태공원자연,생태공원",무료/유료 (플레이스 참조),"서울 양천구에 위치한 인기 아기랑 공원 명소인 [연의생태공원자연,생태공원]입니다.",https://search.naver.com/search.naver?where=nexearch&query=%EC%84%9C%EC%9A%B8%20%EC%96%91%EC%B2%9C%EA%B5%AC%20%EC%95%84%EA%B8%B0%EB%9E%91%20%EA%B3%B5%EC%9B%90,family:1.0;baby:1.0;parking:1.0;nursing_room:1.0;양천구;아기랑 공원,2026-08-22 20:34:25,park:1.0;picnic:1.0;nature:1.0,2,85
네이버 장소검색 | 서울 양천구,자연친화,"실개천생태공원자연,생태공원",상시,영유아 및 어린이 (0세~9세),"서울 양천구 실개천생태공원자연,생태공원",무료/유료 (플레이스 참조),"서울 양천구에 위치한 인기 아기랑 공원 명소인 [실개천생태공원자연,생태공원]입니다.",https://search.naver.com/search.naver?where=nexearch&query=%EC%84%9C%EC%9A%B8%20%EC%96%91%EC%B2%9C%EA%B5%AC%20%EC%95%84%EA%B8%B0%EB%9E%91%20%EA%B3%B5%EC%9B%90,family:1.0;baby:1.0;parking:1.0;nursing_room:1.0;양천구;아기랑 공원,2026-08-22 20:34:25,park:1.0;picnic:1.0;nature:1.0,2,85
네이버 장소검색 | 서울 양천구,가족체험,무료미술구인 사이트미술선생님 채용,상시,영유아 및 어린이 (0세~9세),서울 양천구 무료미술구인 사이트미술선생님 채용,무료/유료 (플레이스 참조),서울 양천구에 위치한 인기 아기랑 미술 명소인 [무료미술구인 사이트미술선생님 채용]입니다.,https://search.naver.com/search.naver?where=nexearch&query=%EC%84%9C%EC%9A%B8%20%EC%96%91%EC%B2%9C%EA%B5%AC%20%EC%95%84%EA%B8%B0%EB%9E%91%20%EB%AF%B8%EC%88%A0,family:1.0;baby:1.0;parking:1.0;nursing_room:1.0;양천구;아기랑 미술,2026-08-22 20:34:25,drawing:1.0;art:1.0;experience:1.0,2,85
네이버 장소검색 | 서울 영등포구,사설키즈카페,헬로밀가루 영등포점,상시,영유아 및 어린이 (0세~9세),서울 영등포구 헬로밀가루 영등포점,무료/유료 (플레이스 참조),서울 영등포구에 위치한 인기 아기랑 키즈카페 명소인 [헬로밀가루 영등포점]입니다.,https://search.naver.com/search.naver?where=nexearch&query=%EC%84%9C%EC%9A%B8%20%EC%98%81%EB%93%B1%ED%8F%AC%EA%B5%AC%20%EC%95%84%EA%B8%B0%EB%9E%91%20%ED%82%A4%EC%A6%88%EC%B9%B4%ED%8E%98,family:1.0;baby:1.0;parking:1.0;nursing_room:1.0;영등포구;아기랑 키즈카페,2026-08-22 20:34:25,toddler:1.0;indoor:0.9;play:1.0,2,85
네이버 장소검색 | 서울 영등포구,사설키즈카페,리틀마운틴 롯데백화점 영등포점,상시,영유아 및 어린이 (0세~9세),서울 영등포구 리틀마운틴 롯데백화점 영등포점,무료/유료 (플레이스 참조),서울 영등포구에 위치한 인기 아기랑 키즈카페 명소인 [리틀마운틴 롯데백화점 영등포점]입니다.,https://search.naver.com/search.naver?where=nexearch&query=%EC%84%9C%EC%9A%B8%20%EC%98%81%EB%93%B1%ED%8F%AC%EA%B5%AC%20%EC%95%84%EA%B8%B0%EB%9E%91%20%ED%82%A4%EC%A6%88%EC%B9%B4%ED%8E%98,family:1.0;baby:1.0;parking:1.0;nursing_room:1.0;영등포구;아기랑 키즈카페,2026-08-22 20:34:25,toddler:1.0;indoor:0.9;play:1.0,2,85
네이버 장소검색 | 서울 영등포구,사설키즈카페,꽃그리는아이 문래점,상시,영유아 및 어린이 (0세~9세),서울 영등포구 꽃그리는아이 문래점,무료/유료 (플레이스 참조),서울 영등포구에 위치한 인기 아기랑 키즈카페 명소인 [꽃그리는아이 문래점]입니다.,https://search.naver.com/search.naver?where=nexearch&query=%EC%84%9C%EC%9A%B8%20%EC%98%81%EB%93%B1%ED%8F%AC%EA%B5%AC%20%EC%95%84%EA%B8%B0%EB%9E%91%20%ED%82%A4%EC%A6%88%EC%B9%B4%ED%8E%98,family:1.0;baby:1.0;parking:1.0;nursing_room:1.0;영등포구;아기랑 키즈카페,2026-08-22 20:34:25,toddler:1.0;indoor:0.9;play:1.0,2,85
네이버 장소검색 | 서울 영등포구,사설키즈카페,뽀로로파크 롯데마트맥스 영등포점,상시,영유아 및 어린이 (0세~9세),서울 영등포구 뽀로로파크 롯데마트맥스 영등포점,무료/유료 (플레이스 참조),서울 영등포구에 위치한 인기 아기랑 키즈카페 명소인 [뽀로로파크 롯데마트맥스 영등포점]입니다.,https://search.naver.com/search.naver?where=nexearch&query=%EC%84%9C%EC%9A%B8%20%EC%98%81%EB%93%B1%ED%8F%AC%EA%B5%AC%20%EC%95%84%EA%B8%B0%EB%9E%91%20%ED%82%A4%EC%A6%88%EC%B9%B4%ED%8E%98,family:1.0;baby:1.0;parking:1.0;nursing_room:1.0;영등포구;아기랑 키즈카페,2026-08-22 20:34:25,toddler:1.0;indoor:0.9;play:1.0,2,85
네이버 장소검색 | 서울 영등포구,사설키즈카페,무인키즈카페 우리끼리 꿈꾸는마을 영등포당산점,상시,영유아 및 어린이 (0세~9세),서울 영등포구 무인키즈카페 우리끼리 꿈꾸는마을 영등포당산점,무료/유료 (플레이스 참조),서울 영등포구에 위치한 인기 아기랑 키즈카페 명소인 [무인키즈카페 우리끼리 꿈꾸는마을 영등포당산점]입니다.,https://search.naver.com/search.naver?where=nexearch&query=%EC%84%9C%EC%9A%B8%20%EC%98%81%EB%93%B1%ED%8F%AC%EA%B5%AC%20%EC%95%84%EA%B8%B0%EB%9E%91%20%ED%82%A4%EC%A6%88%EC%B9%B4%ED%8E%98,family:1.0;baby:1.0;parking:1.0;nursing_room:1.0;영등포구;아기랑 키즈카페,2026-08-22 20:34:25,toddler:1.0;indoor:0.9;play:1.0,2,85
네이버 장소검색 | 서울 영등포구,사설키즈카페,무키무키 영등포점,상시,영유아 및 어린이 (0세~9세),서울 영등포구 무키무키 영등포점,무료/유료 (플레이스 참조),서울 영등포구에 위치한 인기 아기랑 키즈카페 명소인 [무키무키 영등포점]입니다.,https://search.naver.com/search.naver?where=nexearch&query=%EC%84%9C%EC%9A%B8%20%EC%98%81%EB%93%B1%ED%8F%AC%EA%B5%AC%20%EC%95%84%EA%B8%B0%EB%9E%91%20%ED%82%A4%EC%A6%88%EC%B9%B4%ED%8E%98,family:1.0;baby:1.0;parking:1.0;nursing_room:1.0;영등포구;아기랑 키즈카페,2026-08-22 20:34:25,toddler:1.0;indoor:0.9;play:1.0,2,85
네이버 장소검색 | 서울 영등포구,사설키즈카페,매일아기데리고 산책하시고,상시,영유아 및 어린이 (0세~9세),서울 영등포구 매일아기데리고 산책하시고,무료/유료 (플레이스 참조),서울 영등포구에 위치한 인기 아기랑 키즈카페 명소인 [매일아기데리고 산책하시고]입니다.,https://search.naver.com/search.naver?where=nexearch&query=%EC%84%9C%EC%9A%B8%20%EC%98%81%EB%93%B1%ED%8F%AC%EA%B5%AC%20%EC%95%84%EA%B8%B0%EB%9E%91%20%ED%82%A4%EC%A6%88%EC%B9%B4%ED%8E%98,family:1.0;baby:1.0;parking:1.0;nursing_room:1.0;영등포구;아기랑 키즈카페,2026-08-22 20:34:25,toddler:1.0;indoor:0.9;play:1.0,2,85
네이버 장소검색 | 서울 영등포구,자연친화,여의도한강공원 수영장,상시,영유아 및 어린이 (0세~9세),서울 영등포구 여의도한강공원 수영장,무료/유료 (플레이스 참조),서울 영등포구에 위치한 인기 아기랑 수영장 명소인 [여의도한강공원 수영장]입니다.,https://search.naver.com/search.naver?where=nexearch&query=%EC%84%9C%EC%9A%B8%20%EC%98%81%EB%93%B1%ED%8F%AC%EA%B5%AC%20%EC%95%84%EA%B8%B0%EB%9E%91%20%EC%88%98%EC%98%81%EC%9E%A5,family:1.0;baby:1.0;parking:1.0;nursing_room:1.0;영등포구;아기랑 수영장,2026-08-22 20:34:25,pool:1.0;water:1.0;outdoor:0.9,2,85
네이버 장소검색 | 서울 영등포구,자연친화,씨랄라수영장,상시,영유아 및 어린이 (0세~9세),서울 영등포구 씨랄라수영장,무료/유료 (플레이스 참조),서울 영등포구에 위치한 인기 아기랑 수영장 명소인 [씨랄라수영장]입니다.,https://search.naver.com/search.naver?where=nexearch&query=%EC%84%9C%EC%9A%B8%20%EC%98%81%EB%93%B1%ED%8F%AC%EA%B5%AC%20%EC%95%84%EA%B8%B0%EB%9E%91%20%EC%88%98%EC%98%81%EC%9E%A5,family:1.0;baby:1.0;parking:1.0;nursing_room:1.0;영등포구;아기랑 수영장,2026-08-22 20:34:25,pool:1.0;water:1.0;outdoor:0.9,2,85
네이버 장소검색 | 서울 영등포구,자연친화,아이월드수영장,상시,영유아 및 어린이 (0세~9세),서울 영등포구 아이월드수영장,무료/유료 (플레이스 참조),서울 영등포구에 위치한 인기 아기랑 수영장 명소인 [아이월드수영장]입니다.,https://search.naver.com/search.naver?where=nexearch&query=%EC%84%9C%EC%9A%B8%20%EC%98%81%EB%93%B1%ED%8F%AC%EA%B5%AC%20%EC%95%84%EA%B8%B0%EB%9E%91%20%EC%88%98%EC%98%81%EC%9E%A5,family:1.0;baby:1.0;parking:1.0;nursing_room:1.0;영등포구;아기랑 수영장,2026-08-22 20:34:25,pool:1.0;water:1.0;outdoor:0.9,2,85
네이버 장소검색 | 서울 영등포구,자연친화,양화 한강공원 물놀이장수영장,상시,영유아 및 어린이 (0세~9세),서울 영등포구 양화 한강공원 물놀이장수영장,무료/유료 (플레이스 참조),서울 영등포구에 위치한 인기 아기랑 수영장 명소인 [양화 한강공원 물놀이장수영장]입니다.,https://search.naver.com/search.naver?where=nexearch&query=%EC%84%9C%EC%9A%B8%20%EC%98%81%EB%93%B1%ED%8F%AC%EA%B5%AC%20%EC%95%84%EA%B8%B0%EB%9E%91%20%EC%88%98%EC%98%81%EC%9E%A5,family:1.0;baby:1.0;parking:1.0;nursing_room:1.0;영등포구;아기랑 수영장,2026-08-22 20:34:25,pool:1.0;water:1.0;outdoor:0.9,2,85
네이버 장소검색 | 서울 영등포구,자연친화,아이월드 신길센터수영장,상시,영유아 및 어린이 (0세~9세),서울 영등포구 아이월드 신길센터수영장,무료/유료 (플레이스 참조),서울 영등포구에 위치한 인기 아기랑 수영장 명소인 [아이월드 신길센터수영장]입니다.,https://search.naver.com/search.naver?where=nexearch&query=%EC%84%9C%EC%9A%B8%20%EC%98%81%EB%93%B1%ED%8F%AC%EA%B5%AC%20%EC%95%84%EA%B8%B0%EB%9E%91%20%EC%88%98%EC%98%81%EC%9E%A5,family:1.0;baby:1.0;parking:1.0;nursing_room:1.0;영등포구;아기랑 수영장,2026-08-22 20:34:25,pool:1.0;water:1.0;outdoor:0.9,2,85
네이버 장소검색 | 서울 영등포구,자연친화,문래청소년수련관 수영장,상시,영유아 및 어린이 (0세~9세),서울 영등포구 문래청소년수련관 수영장,무료/유료 (플레이스 참조),서울 영등포구에 위치한 인기 아기랑 수영장 명소인 [문래청소년수련관 수영장]입니다.,https://search.naver.com/search.naver?where=nexearch&query=%EC%84%9C%EC%9A%B8%20%EC%98%81%EB%93%B1%ED%8F%AC%EA%B5%AC%20%EC%95%84%EA%B8%B0%EB%9E%91%20%EC%88%98%EC%98%81%EC%9E%A5,family:1.0;baby:1.0;parking:1.0;nursing_room:1.0;영등포구;아기랑 수영장,2026-08-22 20:34:25,pool:1.0;water:1.0;outdoor:0.9,2,85
네이버 장소검색 | 서울 영등포구,사설키즈카페,"키즈카페 2번, 한강버스, 외갓집",상시,영유아 및 어린이 (0세~9세),"서울 영등포구 키즈카페 2번, 한강버스, 외갓집",무료/유료 (플레이스 참조),"서울 영등포구에 위치한 인기 아기랑 수영장 명소인 [키즈카페 2번, 한강버스, 외갓집]입니다.",https://search.naver.com/search.naver?where=nexearch&query=%EC%84%9C%EC%9A%B8%20%EC%98%81%EB%93%B1%ED%8F%AC%EA%B5%AC%20%EC%95%84%EA%B8%B0%EB%9E%91%20%EC%88%98%EC%98%81%EC%9E%A5,family:1.0;baby:1.0;parking:1.0;nursing_room:1.0;영등포구;아기랑 수영장,2026-08-22 20:34:25,pool:1.0;water:1.0;outdoor:0.9,2,85
네이버 장소검색 | 서울 영등포구,자연친화,서울아이와 물놀이장 여의도 한강공원,상시,영유아 및 어린이 (0세~9세),서울 영등포구 서울아이와 물놀이장 여의도 한강공원,무료/유료 (플레이스 참조),서울 영등포구에 위치한 인기 아기랑 수영장 명소인 [서울아이와 물놀이장 여의도 한강공원]입니다.,https://search.naver.com/search.naver?where=nexearch&query=%EC%84%9C%EC%9A%B8%20%EC%98%81%EB%93%B1%ED%8F%AC%EA%B5%AC%20%EC%95%84%EA%B8%B0%EB%9E%91%20%EC%88%98%EC%98%81%EC%9E%A5,family:1.0;baby:1.0;parking:1.0;nursing_room:1.0;영등포구;아기랑 수영장,2026-08-22 20:34:25,pool:1.0;water:1.0;outdoor:0.9,2,85
네이버 장소검색 | 서울 영등포구,자연친화,서울,상시,영유아 및 어린이 (0세~9세),서울 영등포구 서울,무료/유료 (플레이스 참조),서울 영등포구에 위치한 인기 아기랑 모래놀이 명소인 [서울]입니다.,https://search.naver.com/search.naver?where=nexearch&query=%EC%84%9C%EC%9A%B8%20%EC%98%81%EB%93%B1%ED%8F%AC%EA%B5%AC%20%EC%95%84%EA%B8%B0%EB%9E%91%20%EB%AA%A8%EB%9E%98%EB%86%80%EC%9D%B4,family:1.0;baby:1.0;parking:1.0;nursing_room:1.0;영등포구;아기랑 모래놀이,2026-08-22 20:34:25,sand:1.0;nature:1.0;play:0.9,2,85
네이버 장소검색 | 서울 영등포구,자연친화,[주말아기랑] 문래공원,상시,영유아 및 어린이 (0세~9세),서울 영등포구 [주말아기랑] 문래공원,무료/유료 (플레이스 참조),서울 영등포구에 위치한 인기 아기랑 모래놀이 명소인 [[주말아기랑] 문래공원]입니다.,https://search.naver.com/search.naver?where=nexearch&query=%EC%84%9C%EC%9A%B8%20%EC%98%81%EB%93%B1%ED%8F%AC%EA%B5%AC%20%EC%95%84%EA%B8%B0%EB%9E%91%20%EB%AA%A8%EB%9E%98%EB%86%80%EC%9D%B4,family:1.0;baby:1.0;parking:1.0;nursing_room:1.0;영등포구;아기랑 모래놀이,2026-08-22 20:34:25,sand:1.0;nature:1.0;play:0.9,2,85
네이버 장소검색 | 서울 영등포구,자연친화,주말아기랑-문래공원,상시,영유아 및 어린이 (0세~9세),서울 영등포구 주말아기랑-문래공원,무료/유료 (플레이스 참조),서울 영등포구에 위치한 인기 아기랑 모래놀이 명소인 [주말아기랑-문래공원]입니다.,https://search.naver.com/search.naver?where=nexearch&query=%EC%84%9C%EC%9A%B8%20%EC%98%81%EB%93%B1%ED%8F%AC%EA%B5%AC%20%EC%95%84%EA%B8%B0%EB%9E%91%20%EB%AA%A8%EB%9E%98%EB%86%80%EC%9D%B4,family:1.0;baby:1.0;parking:1.0;nursing_room:1.0;영등포구;아기랑 모래놀이,2026-08-22 20:34:25,sand:1.0;nature:1.0;play:0.9,2,85
네이버 장소검색 | 서울 영등포구,자연친화,여의도 한강공원공원,상시,영유아 및 어린이 (0세~9세),서울 영등포구 여의도 한강공원공원,무료/유료 (플레이스 참조),서울 영등포구에 위치한 인기 아기랑 공원 명소인 [여의도 한강공원공원]입니다.,https://search.naver.com/search.naver?where=nexearch&query=%EC%84%9C%EC%9A%B8%20%EC%98%81%EB%93%B1%ED%8F%AC%EA%B5%AC%20%EC%95%84%EA%B8%B0%EB%9E%91%20%EA%B3%B5%EC%9B%90,family:1.0;baby:1.0;parking:1.0;nursing_room:1.0;영등포구;아기랑 공원,2026-08-22 20:34:25,park:1.0;picnic:1.0;nature:1.0,2,85
네이버 장소검색 | 서울 영등포구,자연친화,여의도공원공원,상시,영유아 및 어린이 (0세~9세),서울 영등포구 여의도공원공원,무료/유료 (플레이스 참조),서울 영등포구에 위치한 인기 아기랑 공원 명소인 [여의도공원공원]입니다.,https://search.naver.com/search.naver?where=nexearch&query=%EC%84%9C%EC%9A%B8%20%EC%98%81%EB%93%B1%ED%8F%AC%EA%B5%AC%20%EC%95%84%EA%B8%B0%EB%9E%91%20%EA%B3%B5%EC%9B%90,family:1.0;baby:1.0;parking:1.0;nursing_room:1.0;영등포구;아기랑 공원,2026-08-22 20:34:25,park:1.0;picnic:1.0;nature:1.0,2,85
네이버 장소검색 | 서울 영등포구,자연친화,선유도공원공원,상시,영유아 및 어린이 (0세~9세),서울 영등포구 선유도공원공원,무료/유료 (플레이스 참조),서울 영등포구에 위치한 인기 아기랑 공원 명소인 [선유도공원공원]입니다.,https://search.naver.com/search.naver?where=nexearch&query=%EC%84%9C%EC%9A%B8%20%EC%98%81%EB%93%B1%ED%8F%AC%EA%B5%AC%20%EC%95%84%EA%B8%B0%EB%9E%91%20%EA%B3%B5%EC%9B%90,family:1.0;baby:1.0;parking:1.0;nursing_room:1.0;영등포구;아기랑 공원,2026-08-22 20:34:25,park:1.0;picnic:1.0;nature:1.0,2,85
네이버 장소검색 | 서울 영등포구,자연친화,양화 한강공원공원,상시,영유아 및 어린이 (0세~9세),서울 영등포구 양화 한강공원공원,무료/유료 (플레이스 참조),서울 영등포구에 위치한 인기 아기랑 공원 명소인 [양화 한강공원공원]입니다.,https://search.naver.com/search.naver?where=nexearch&query=%EC%84%9C%EC%9A%B8%20%EC%98%81%EB%93%B1%ED%8F%AC%EA%B5%AC%20%EC%95%84%EA%B8%B0%EB%9E%91%20%EA%B3%B5%EC%9B%90,family:1.0;baby:1.0;parking:1.0;nursing_room:1.0;영등포구;아기랑 공원,2026-08-22 20:34:25,park:1.0;picnic:1.0;nature:1.0,2,85
네이버 장소검색 | 서울 영등포구,자연친화,"여의도 샛강생태공원자연,생태공원",상시,영유아 및 어린이 (0세~9세),"서울 영등포구 여의도 샛강생태공원자연,생태공원",무료/유료 (플레이스 참조),"서울 영등포구에 위치한 인기 아기랑 공원 명소인 [여의도 샛강생태공원자연,생태공원]입니다.",https://search.naver.com/search.naver?where=nexearch&query=%EC%84%9C%EC%9A%B8%20%EC%98%81%EB%93%B1%ED%8F%AC%EA%B5%AC%20%EC%95%84%EA%B8%B0%EB%9E%91%20%EA%B3%B5%EC%9B%90,family:1.0;baby:1.0;parking:1.0;nursing_room:1.0;영등포구;아기랑 공원,2026-08-22 20:34:25,park:1.0;picnic:1.0;nature:1.0,2,85
네이버 장소검색 | 서울 영등포구,자연친화,"서울시 구로동 물놀이장,영등포공원물놀이장,",상시,영유아 및 어린이 (0세~9세),"서울 영등포구 서울시 구로동 물놀이장,영등포공원물놀이장,",무료/유료 (플레이스 참조),"서울 영등포구에 위치한 인기 아기랑 물놀이터 명소인 [서울시 구로동 물놀이장,영등포공원물놀이장,]입니다.",https://search.naver.com/search.naver?where=nexearch&query=%EC%84%9C%EC%9A%B8%20%EC%98%81%EB%93%B1%ED%8F%AC%EA%B5%AC%20%EC%95%84%EA%B8%B0%EB%9E%91%20%EB%AC%BC%EB%86%80%EC%9D%B4%ED%84%B0,family:1.0;baby:1.0;parking:1.0;nursing_room:1.0;영등포구;아기랑 물놀이터,2026-08-22 20:34:25,water:1.0;outdoor:1.0;picnic:0.8,2,85
네이버 장소검색 | 서울 영등포구,자연친화,오늘의,상시,영유아 및 어린이 (0세~9세),서울 영등포구 오늘의,무료/유료 (플레이스 참조),서울 영등포구에 위치한 인기 아기랑 물놀이터 명소인 [오늘의]입니다.,https://search.naver.com/search.naver?where=nexearch&query=%EC%84%9C%EC%9A%B8%20%EC%98%81%EB%93%B1%ED%8F%AC%EA%B5%AC%20%EC%95%84%EA%B8%B0%EB%9E%91%20%EB%AC%BC%EB%86%80%EC%9D%B4%ED%84%B0,family:1.0;baby:1.0;parking:1.0;nursing_room:1.0;영등포구;아기랑 물놀이터,2026-08-22 20:34:25,water:1.0;outdoor:1.0;picnic:0.8,2,85
네이버 장소검색 | 서울 용산구,사설키즈카페,챔피언1250X 아이파크몰 용산점,상시,영유아 및 어린이 (0세~9세),서울 용산구 챔피언1250X 아이파크몰 용산점,무료/유료 (플레이스 참조),서울 용산구에 위치한 인기 아기랑 키즈카페 명소인 [챔피언1250X 아이파크몰 용산점]입니다.,https://search.naver.com/search.naver?where=nexearch&query=%EC%84%9C%EC%9A%B8%20%EC%9A%A9%EC%82%B0%EA%B5%AC%20%EC%95%84%EA%B8%B0%EB%9E%91%20%ED%82%A4%EC%A6%88%EC%B9%B4%ED%8E%98,family:1.0;baby:1.0;parking:1.0;nursing_room:1.0;용산구;아기랑 키즈카페,2026-08-22 20:34:25,toddler:1.0;indoor:0.9;play:1.0,2,85
네이버 장소검색 | 서울 용산구,사설키즈카페,상상스케치 아이파크몰 용산점,상시,영유아 및 어린이 (0세~9세),서울 용산구 상상스케치 아이파크몰 용산점,무료/유료 (플레이스 참조),서울 용산구에 위치한 인기 아기랑 키즈카페 명소인 [상상스케치 아이파크몰 용산점]입니다.,https://search.naver.com/search.naver?where=nexearch&query=%EC%84%9C%EC%9A%B8%20%EC%9A%A9%EC%82%B0%EA%B5%AC%20%EC%95%84%EA%B8%B0%EB%9E%91%20%ED%82%A4%EC%A6%88%EC%B9%B4%ED%8E%98,family:1.0;baby:1.0;parking:1.0;nursing_room:1.0;용산구;아기랑 키즈카페,2026-08-22 20:34:25,toddler:1.0;indoor:0.9;play:1.0,2,85
네이버 장소검색 | 서울 용산구,사설키즈카페,무인키즈카페 우리끼리 블럭마을 용산원효점,상시,영유아 및 어린이 (0세~9세),서울 용산구 무인키즈카페 우리끼리 블럭마을 용산원효점,무료/유료 (플레이스 참조),서울 용산구에 위치한 인기 아기랑 키즈카페 명소인 [무인키즈카페 우리끼리 블럭마을 용산원효점]입니다.,https://search.naver.com/search.naver?where=nexearch&query=%EC%84%9C%EC%9A%B8%20%EC%9A%A9%EC%82%B0%EA%B5%AC%20%EC%95%84%EA%B8%B0%EB%9E%91%20%ED%82%A4%EC%A6%88%EC%B9%B4%ED%8E%98,family:1.0;baby:1.0;parking:1.0;nursing_room:1.0;용산구;아기랑 키즈카페,2026-08-22 20:34:25,toddler:1.0;indoor:0.9;play:1.0,2,85
네이버 장소검색 | 서울 용산구,사설키즈카페,슈필렌키즈룸,상시,영유아 및 어린이 (0세~9세),서울 용산구 슈필렌키즈룸,무료/유료 (플레이스 참조),서울 용산구에 위치한 인기 아기랑 키즈카페 명소인 [슈필렌키즈룸]입니다.,https://search.naver.com/search.naver?where=nexearch&query=%EC%84%9C%EC%9A%B8%20%EC%9A%A9%EC%82%B0%EA%B5%AC%20%EC%95%84%EA%B8%B0%EB%9E%91%20%ED%82%A4%EC%A6%88%EC%B9%B4%ED%8E%98,family:1.0;baby:1.0;parking:1.0;nursing_room:1.0;용산구;아기랑 키즈카페,2026-08-22 20:34:25,toddler:1.0;indoor:0.9;play:1.0,2,85
네이버 장소검색 | 서울 용산구,사설키즈카페,미스터팜팜,상시,영유아 및 어린이 (0세~9세),서울 용산구 미스터팜팜,무료/유료 (플레이스 참조),서울 용산구에 위치한 인기 아기랑 키즈카페 명소인 [미스터팜팜]입니다.,https://search.naver.com/search.naver?where=nexearch&query=%EC%84%9C%EC%9A%B8%20%EC%9A%A9%EC%82%B0%EA%B5%AC%20%EC%95%84%EA%B8%B0%EB%9E%91%20%ED%82%A4%EC%A6%88%EC%B9%B4%ED%8E%98,family:1.0;baby:1.0;parking:1.0;nursing_room:1.0;용산구;아기랑 키즈카페,2026-08-22 20:34:25,toddler:1.0;indoor:0.9;play:1.0,2,85
네이버 장소검색 | 서울 용산구,사설키즈카페,카페드앙팡 남영점,상시,영유아 및 어린이 (0세~9세),서울 용산구 카페드앙팡 남영점,무료/유료 (플레이스 참조),서울 용산구에 위치한 인기 아기랑 키즈카페 명소인 [카페드앙팡 남영점]입니다.,https://search.naver.com/search.naver?where=nexearch&query=%EC%84%9C%EC%9A%B8%20%EC%9A%A9%EC%82%B0%EA%B5%AC%20%EC%95%84%EA%B8%B0%EB%9E%91%20%ED%82%A4%EC%A6%88%EC%B9%B4%ED%8E%98,family:1.0;baby:1.0;parking:1.0;nursing_room:1.0;용산구;아기랑 키즈카페,2026-08-22 20:34:25,toddler:1.0;indoor:0.9;play:1.0,2,85
네이버 장소검색 | 서울 용산구,사설키즈카페,서울시 갈월동,상시,영유아 및 어린이 (0세~9세),서울 용산구 서울시 갈월동,무료/유료 (플레이스 참조),서울 용산구에 위치한 인기 아기랑 키즈카페 명소인 [서울시 갈월동]입니다.,https://search.naver.com/search.naver?where=nexearch&query=%EC%84%9C%EC%9A%B8%20%EC%9A%A9%EC%82%B0%EA%B5%AC%20%EC%95%84%EA%B8%B0%EB%9E%91%20%ED%82%A4%EC%A6%88%EC%B9%B4%ED%8E%98,family:1.0;baby:1.0;parking:1.0;nursing_room:1.0;용산구;아기랑 키즈카페,2026-08-22 20:34:25,toddler:1.0;indoor:0.9;play:1.0,2,85
네이버 장소검색 | 서울 용산구,자연친화,블루라군 한남점수영장,상시,영유아 및 어린이 (0세~9세),서울 용산구 블루라군 한남점수영장,무료/유료 (플레이스 참조),서울 용산구에 위치한 인기 아기랑 수영장 명소인 [블루라군 한남점수영장]입니다.,https://search.naver.com/search.naver?where=nexearch&query=%EC%84%9C%EC%9A%B8%20%EC%9A%A9%EC%82%B0%EA%B5%AC%20%EC%95%84%EA%B8%B0%EB%9E%91%20%EC%88%98%EC%98%81%EC%9E%A5,family:1.0;baby:1.0;parking:1.0;nursing_room:1.0;용산구;아기랑 수영장,2026-08-22 20:34:25,pool:1.0;water:1.0;outdoor:0.9,2,85
네이버 장소검색 | 서울 용산구,자연친화,첨벙어린이전용수영장,상시,영유아 및 어린이 (0세~9세),서울 용산구 첨벙어린이전용수영장,무료/유료 (플레이스 참조),서울 용산구에 위치한 인기 아기랑 수영장 명소인 [첨벙어린이전용수영장]입니다.,https://search.naver.com/search.naver?where=nexearch&query=%EC%84%9C%EC%9A%B8%20%EC%9A%A9%EC%82%B0%EA%B5%AC%20%EC%95%84%EA%B8%B0%EB%9E%91%20%EC%88%98%EC%98%81%EC%9E%A5,family:1.0;baby:1.0;parking:1.0;nursing_room:1.0;용산구;아기랑 수영장,2026-08-22 20:34:25,pool:1.0;water:1.0;outdoor:0.9,2,85
네이버 장소검색 | 서울 용산구,자연친화,해밀톤 야외수영장,상시,영유아 및 어린이 (0세~9세),서울 용산구 해밀톤 야외수영장,무료/유료 (플레이스 참조),서울 용산구에 위치한 인기 아기랑 수영장 명소인 [해밀톤 야외수영장]입니다.,https://search.naver.com/search.naver?where=nexearch&query=%EC%84%9C%EC%9A%B8%20%EC%9A%A9%EC%82%B0%EA%B5%AC%20%EC%95%84%EA%B8%B0%EB%9E%91%20%EC%88%98%EC%98%81%EC%9E%A5,family:1.0;baby:1.0;parking:1.0;nursing_room:1.0;용산구;아기랑 수영장,2026-08-22 20:34:25,pool:1.0;water:1.0;outdoor:0.9,2,85
네이버 장소검색 | 서울 용산구,자연친화,이태원초등학교수영장,상시,영유아 및 어린이 (0세~9세),서울 용산구 이태원초등학교수영장,무료/유료 (플레이스 참조),서울 용산구에 위치한 인기 아기랑 수영장 명소인 [이태원초등학교수영장]입니다.,https://search.naver.com/search.naver?where=nexearch&query=%EC%84%9C%EC%9A%B8%20%EC%9A%A9%EC%82%B0%EA%B5%AC%20%EC%95%84%EA%B8%B0%EB%9E%91%20%EC%88%98%EC%98%81%EC%9E%A5,family:1.0;baby:1.0;parking:1.0;nursing_room:1.0;용산구;아기랑 수영장,2026-08-22 20:34:25,pool:1.0;water:1.0;outdoor:0.9,2,85
네이버 장소검색 | 서울 용산구,자연친화,웰페리온 SWIMMING수영장,상시,영유아 및 어린이 (0세~9세),서울 용산구 웰페리온 SWIMMING수영장,무료/유료 (플레이스 참조),서울 용산구에 위치한 인기 아기랑 수영장 명소인 [웰페리온 SWIMMING수영장]입니다.,https://search.naver.com/search.naver?where=nexearch&query=%EC%84%9C%EC%9A%B8%20%EC%9A%A9%EC%82%B0%EA%B5%AC%20%EC%95%84%EA%B8%B0%EB%9E%91%20%EC%88%98%EC%98%81%EC%9E%A5,family:1.0;baby:1.0;parking:1.0;nursing_room:1.0;용산구;아기랑 수영장,2026-08-22 20:34:25,pool:1.0;water:1.0;outdoor:0.9,2,85
네이버 장소검색 | 서울 용산구,자연친화,용산구문화체육센터수영장,상시,영유아 및 어린이 (0세~9세),서울 용산구 용산구문화체육센터수영장,무료/유료 (플레이스 참조),서울 용산구에 위치한 인기 아기랑 수영장 명소인 [용산구문화체육센터수영장]입니다.,https://search.naver.com/search.naver?where=nexearch&query=%EC%84%9C%EC%9A%B8%20%EC%9A%A9%EC%82%B0%EA%B5%AC%20%EC%95%84%EA%B8%B0%EB%9E%91%20%EC%88%98%EC%98%81%EC%9E%A5,family:1.0;baby:1.0;parking:1.0;nursing_room:1.0;용산구;아기랑 수영장,2026-08-22 20:34:25,pool:1.0;water:1.0;outdoor:0.9,2,85
네이버 장소검색 | 서울 용산구,자연친화,아기랑호캉스는 노보텔 엠베서더서울 용산(룸 그리고,상시,영유아 및 어린이 (0세~9세),서울 용산구 아기랑호캉스는 노보텔 엠베서더서울 용산(룸 그리고,무료/유료 (플레이스 참조),서울 용산구에 위치한 인기 아기랑 수영장 명소인 [아기랑호캉스는 노보텔 엠베서더서울 용산(룸 그리고]입니다.,https://search.naver.com/search.naver?where=nexearch&query=%EC%84%9C%EC%9A%B8%20%EC%9A%A9%EC%82%B0%EA%B5%AC%20%EC%95%84%EA%B8%B0%EB%9E%91%20%EC%88%98%EC%98%81%EC%9E%A5,family:1.0;baby:1.0;parking:1.0;nursing_room:1.0;용산구;아기랑 수영장,2026-08-22 20:34:25,pool:1.0;water:1.0;outdoor:0.9,2,85
네이버 장소검색 | 서울 용산구,자연친화,[공식] TV출현 SBS정치쇼 김태현,상시,영유아 및 어린이 (0세~9세),서울 용산구 [공식] TV출현 SBS정치쇼 김태현,무료/유료 (플레이스 참조),서울 용산구에 위치한 인기 아기랑 모래놀이 명소인 [[공식] TV출현 SBS정치쇼 김태현]입니다.,https://search.naver.com/search.naver?where=nexearch&query=%EC%84%9C%EC%9A%B8%20%EC%9A%A9%EC%82%B0%EA%B5%AC%20%EC%95%84%EA%B8%B0%EB%9E%91%20%EB%AA%A8%EB%9E%98%EB%86%80%EC%9D%B4,family:1.0;baby:1.0;parking:1.0;nursing_room:1.0;용산구;아기랑 모래놀이,2026-08-22 20:34:25,sand:1.0;nature:1.0;play:0.9,2,85
네이버 장소검색 | 서울 용산구,자연친화,효창공원국가유산,상시,영유아 및 어린이 (0세~9세),서울 용산구 효창공원국가유산,무료/유료 (플레이스 참조),서울 용산구에 위치한 인기 아기랑 공원 명소인 [효창공원국가유산]입니다.,https://search.naver.com/search.naver?where=nexearch&query=%EC%84%9C%EC%9A%B8%20%EC%9A%A9%EC%82%B0%EA%B5%AC%20%EC%95%84%EA%B8%B0%EB%9E%91%20%EA%B3%B5%EC%9B%90,family:1.0;baby:1.0;parking:1.0;nursing_room:1.0;용산구;아기랑 공원,2026-08-22 20:34:25,park:1.0;picnic:1.0;nature:1.0,2,85
네이버 장소검색 | 서울 용산구,자연친화,용산어린이정원공원,상시,영유아 및 어린이 (0세~9세),서울 용산구 용산어린이정원공원,무료/유료 (플레이스 참조),서울 용산구에 위치한 인기 아기랑 공원 명소인 [용산어린이정원공원]입니다.,https://search.naver.com/search.naver?where=nexearch&query=%EC%84%9C%EC%9A%B8%20%EC%9A%A9%EC%82%B0%EA%B5%AC%20%EC%95%84%EA%B8%B0%EB%9E%91%20%EA%B3%B5%EC%9B%90,family:1.0;baby:1.0;parking:1.0;nursing_room:1.0;용산구;아기랑 공원,2026-08-22 20:34:25,park:1.0;picnic:1.0;nature:1.0,2,85
네이버 장소검색 | 서울 용산구,자연친화,용산가족공원공원,상시,영유아 및 어린이 (0세~9세),서울 용산구 용산가족공원공원,무료/유료 (플레이스 참조),서울 용산구에 위치한 인기 아기랑 공원 명소인 [용산가족공원공원]입니다.,https://search.naver.com/search.naver?where=nexearch&query=%EC%84%9C%EC%9A%B8%20%EC%9A%A9%EC%82%B0%EA%B5%AC%20%EC%95%84%EA%B8%B0%EB%9E%91%20%EA%B3%B5%EC%9B%90,family:1.0;baby:1.0;parking:1.0;nursing_room:1.0;용산구;아기랑 공원,2026-08-22 20:34:25,park:1.0;picnic:1.0;nature:1.0,2,85
네이버 장소검색 | 서울 용산구,자연친화,용산공원자연공원,상시,영유아 및 어린이 (0세~9세),서울 용산구 용산공원자연공원,무료/유료 (플레이스 참조),서울 용산구에 위치한 인기 아기랑 공원 명소인 [용산공원자연공원]입니다.,https://search.naver.com/search.naver?where=nexearch&query=%EC%84%9C%EC%9A%B8%20%EC%9A%A9%EC%82%B0%EA%B5%AC%20%EC%95%84%EA%B8%B0%EB%9E%91%20%EA%B3%B5%EC%9B%90,family:1.0;baby:1.0;parking:1.0;nursing_room:1.0;용산구;아기랑 공원,2026-08-22 20:34:25,park:1.0;picnic:1.0;nature:1.0,2,85
네이버 장소검색 | 서울 용산구,자연친화,장교숙소5단지공원,상시,영유아 및 어린이 (0세~9세),서울 용산구 장교숙소5단지공원,무료/유료 (플레이스 참조),서울 용산구에 위치한 인기 아기랑 공원 명소인 [장교숙소5단지공원]입니다.,https://search.naver.com/search.naver?where=nexearch&query=%EC%84%9C%EC%9A%B8%20%EC%9A%A9%EC%82%B0%EA%B5%AC%20%EC%95%84%EA%B8%B0%EB%9E%91%20%EA%B3%B5%EC%9B%90,family:1.0;baby:1.0;parking:1.0;nursing_room:1.0;용산구;아기랑 공원,2026-08-22 20:34:25,park:1.0;picnic:1.0;nature:1.0,2,85
네이버 장소검색 | 서울 용산구,자연친화,이촌 한강공원공원,상시,영유아 및 어린이 (0세~9세),서울 용산구 이촌 한강공원공원,무료/유료 (플레이스 참조),서울 용산구에 위치한 인기 아기랑 공원 명소인 [이촌 한강공원공원]입니다.,https://search.naver.com/search.naver?where=nexearch&query=%EC%84%9C%EC%9A%B8%20%EC%9A%A9%EC%82%B0%EA%B5%AC%20%EC%95%84%EA%B8%B0%EB%9E%91%20%EA%B3%B5%EC%9B%90,family:1.0;baby:1.0;parking:1.0;nursing_room:1.0;용산구;아기랑 공원,2026-08-22 20:34:25,park:1.0;picnic:1.0;nature:1.0,2,85
네이버 장소검색 | 서울 용산구,자연친화,효창공원,상시,영유아 및 어린이 (0세~9세),서울 용산구 효창공원,무료/유료 (플레이스 참조),서울 용산구에 위치한 인기 아기랑 공원 명소인 [효창공원]입니다.,https://search.naver.com/search.naver?where=nexearch&query=%EC%84%9C%EC%9A%B8%20%EC%9A%A9%EC%82%B0%EA%B5%AC%20%EC%95%84%EA%B8%B0%EB%9E%91%20%EA%B3%B5%EC%9B%90,family:1.0;baby:1.0;parking:1.0;nursing_room:1.0;용산구;아기랑 공원,2026-08-22 20:34:25,park:1.0;picnic:1.0;nature:1.0,2,85
네이버 장소검색 | 서울 용산구,가족체험,전쟁기념관 어린이박물관박물관,상시,영유아 및 어린이 (0세~9세),서울 용산구 전쟁기념관 어린이박물관박물관,무료/유료 (플레이스 참조),서울 용산구에 위치한 인기 아기랑 어린이박물관 명소인 [전쟁기념관 어린이박물관박물관]입니다.,https://search.naver.com/search.naver?where=nexearch&query=%EC%84%9C%EC%9A%B8%20%EC%9A%A9%EC%82%B0%EA%B5%AC%20%EC%95%84%EA%B8%B0%EB%9E%91%20%EC%96%B4%EB%A6%B0%EC%9D%B4%EB%B0%95%EB%AC%BC%EA%B4%80,family:1.0;baby:1.0;parking:1.0;nursing_room:1.0;용산구;아기랑 어린이박물관,2026-08-22 20:34:25,museum:1.0;hands_on:1.0;experience:1.0,2,85
네이버 장소검색 | 서울 은평구,사설키즈카페,몬스터파크 수색점,상시,영유아 및 어린이 (0세~9세),서울 은평구 몬스터파크 수색점,무료/유료 (플레이스 참조),서울 은평구에 위치한 인기 아기랑 키즈카페 명소인 [몬스터파크 수색점]입니다.,https://search.naver.com/search.naver?where=nexearch&query=%EC%84%9C%EC%9A%B8%20%EC%9D%80%ED%8F%89%EA%B5%AC%20%EC%95%84%EA%B8%B0%EB%9E%91%20%ED%82%A4%EC%A6%88%EC%B9%B4%ED%8E%98,family:1.0;baby:1.0;parking:1.0;nursing_room:1.0;은평구;아기랑 키즈카페,2026-08-22 20:34:25,toddler:1.0;indoor:0.9;play:1.0,2,85
네이버 장소검색 | 서울 은평구,사설키즈카페,노리들노리쌤 DMC은평점,상시,영유아 및 어린이 (0세~9세),서울 은평구 노리들노리쌤 DMC은평점,무료/유료 (플레이스 참조),서울 은평구에 위치한 인기 아기랑 키즈카페 명소인 [노리들노리쌤 DMC은평점]입니다.,https://search.naver.com/search.naver?where=nexearch&query=%EC%84%9C%EC%9A%B8%20%EC%9D%80%ED%8F%89%EA%B5%AC%20%EC%95%84%EA%B8%B0%EB%9E%91%20%ED%82%A4%EC%A6%88%EC%B9%B4%ED%8E%98,family:1.0;baby:1.0;parking:1.0;nursing_room:1.0;은평구;아기랑 키즈카페,2026-08-22 20:34:25,toddler:1.0;indoor:0.9;play:1.0,2,85
네이버 장소검색 | 서울 은평구,사설키즈카페,쏠키즈랜드,상시,영유아 및 어린이 (0세~9세),서울 은평구 쏠키즈랜드,무료/유료 (플레이스 참조),서울 은평구에 위치한 인기 아기랑 키즈카페 명소인 [쏠키즈랜드]입니다.,https://search.naver.com/search.naver?where=nexearch&query=%EC%84%9C%EC%9A%B8%20%EC%9D%80%ED%8F%89%EA%B5%AC%20%EC%95%84%EA%B8%B0%EB%9E%91%20%ED%82%A4%EC%A6%88%EC%B9%B4%ED%8E%98,family:1.0;baby:1.0;parking:1.0;nursing_room:1.0;은평구;아기랑 키즈카페,2026-08-22 20:34:25,toddler:1.0;indoor:0.9;play:1.0,2,85
네이버 장소검색 | 서울 은평구,사설키즈카페,키즈카페 키즈팡팡구산점,상시,영유아 및 어린이 (0세~9세),서울 은평구 키즈카페 키즈팡팡구산점,무료/유료 (플레이스 참조),서울 은평구에 위치한 인기 아기랑 키즈카페 명소인 [키즈카페 키즈팡팡구산점]입니다.,https://search.naver.com/search.naver?where=nexearch&query=%EC%84%9C%EC%9A%B8%20%EC%9D%80%ED%8F%89%EA%B5%AC%20%EC%95%84%EA%B8%B0%EB%9E%91%20%ED%82%A4%EC%A6%88%EC%B9%B4%ED%8E%98,family:1.0;baby:1.0;parking:1.0;nursing_room:1.0;은평구;아기랑 키즈카페,2026-08-22 20:34:25,toddler:1.0;indoor:0.9;play:1.0,2,85
네이버 장소검색 | 서울 은평구,사설키즈카페,룰루바인 무인키즈룸,상시,영유아 및 어린이 (0세~9세),서울 은평구 룰루바인 무인키즈룸,무료/유료 (플레이스 참조),서울 은평구에 위치한 인기 아기랑 키즈카페 명소인 [룰루바인 무인키즈룸]입니다.,https://search.naver.com/search.naver?where=nexearch&query=%EC%84%9C%EC%9A%B8%20%EC%9D%80%ED%8F%89%EA%B5%AC%20%EC%95%84%EA%B8%B0%EB%9E%91%20%ED%82%A4%EC%A6%88%EC%B9%B4%ED%8E%98,family:1.0;baby:1.0;parking:1.0;nursing_room:1.0;은평구;아기랑 키즈카페,2026-08-22 20:34:25,toddler:1.0;indoor:0.9;play:1.0,2,85
네이버 장소검색 | 서울 은평구,사설키즈카페,아로니카 대관키즈카페,상시,영유아 및 어린이 (0세~9세),서울 은평구 아로니카 대관키즈카페,무료/유료 (플레이스 참조),서울 은평구에 위치한 인기 아기랑 키즈카페 명소인 [아로니카 대관키즈카페]입니다.,https://search.naver.com/search.naver?where=nexearch&query=%EC%84%9C%EC%9A%B8%20%EC%9D%80%ED%8F%89%EA%B5%AC%20%EC%95%84%EA%B8%B0%EB%9E%91%20%ED%82%A4%EC%A6%88%EC%B9%B4%ED%8E%98,family:1.0;baby:1.0;parking:1.0;nursing_room:1.0;은평구;아기랑 키즈카페,2026-08-22 20:34:25,toddler:1.0;indoor:0.9;play:1.0,2,85
네이버 장소검색 | 서울 은평구,사설키즈카페,서울시 대조동,상시,영유아 및 어린이 (0세~9세),서울 은평구 서울시 대조동,무료/유료 (플레이스 참조),서울 은평구에 위치한 인기 아기랑 키즈카페 명소인 [서울시 대조동]입니다.,https://search.naver.com/search.naver?where=nexearch&query=%EC%84%9C%EC%9A%B8%20%EC%9D%80%ED%8F%89%EA%B5%AC%20%EC%95%84%EA%B8%B0%EB%9E%91%20%ED%82%A4%EC%A6%88%EC%B9%B4%ED%8E%98,family:1.0;baby:1.0;parking:1.0;nursing_room:1.0;은평구;아기랑 키즈카페,2026-08-22 20:34:25,toddler:1.0;indoor:0.9;play:1.0,2,85
네이버 장소검색 | 서울 은평구,자연친화,진관사계곡,상시,영유아 및 어린이 (0세~9세),서울 은평구 진관사계곡,무료/유료 (플레이스 참조),서울 은평구에 위치한 인기 아기랑 계곡 명소인 [진관사계곡]입니다.,https://search.naver.com/search.naver?where=nexearch&query=%EC%84%9C%EC%9A%B8%20%EC%9D%80%ED%8F%89%EA%B5%AC%20%EC%95%84%EA%B8%B0%EB%9E%91%20%EA%B3%84%EA%B3%A1,family:1.0;baby:1.0;parking:1.0;nursing_room:1.0;은평구;아기랑 계곡,2026-08-22 20:34:25,valley:1.0;nature:1.0;water:1.0,2,85
네이버 장소검색 | 서울 은평구,자연친화,삼천사계곡,상시,영유아 및 어린이 (0세~9세),서울 은평구 삼천사계곡,무료/유료 (플레이스 참조),서울 은평구에 위치한 인기 아기랑 계곡 명소인 [삼천사계곡]입니다.,https://search.naver.com/search.naver?where=nexearch&query=%EC%84%9C%EC%9A%B8%20%EC%9D%80%ED%8F%89%EA%B5%AC%20%EC%95%84%EA%B8%B0%EB%9E%91%20%EA%B3%84%EA%B3%A1,family:1.0;baby:1.0;parking:1.0;nursing_room:1.0;은평구;아기랑 계곡,2026-08-22 20:34:25,valley:1.0;nature:1.0;water:1.0,2,85
네이버 장소검색 | 서울 은평구,자연친화,로얄마린 응암점수영장,상시,영유아 및 어린이 (0세~9세),서울 은평구 로얄마린 응암점수영장,무료/유료 (플레이스 참조),서울 은평구에 위치한 인기 아기랑 수영장 명소인 [로얄마린 응암점수영장]입니다.,https://search.naver.com/search.naver?where=nexearch&query=%EC%84%9C%EC%9A%B8%20%EC%9D%80%ED%8F%89%EA%B5%AC%20%EC%95%84%EA%B8%B0%EB%9E%91%20%EC%88%98%EC%98%81%EC%9E%A5,family:1.0;baby:1.0;parking:1.0;nursing_room:1.0;은평구;아기랑 수영장,2026-08-22 20:34:25,pool:1.0;water:1.0;outdoor:0.9,2,85
네이버 장소검색 | 서울 은평구,자연친화,마린크루 은평센터수영장,상시,영유아 및 어린이 (0세~9세),서울 은평구 마린크루 은평센터수영장,무료/유료 (플레이스 참조),서울 은평구에 위치한 인기 아기랑 수영장 명소인 [마린크루 은평센터수영장]입니다.,https://search.naver.com/search.naver?where=nexearch&query=%EC%84%9C%EC%9A%B8%20%EC%9D%80%ED%8F%89%EA%B5%AC%20%EC%95%84%EA%B8%B0%EB%9E%91%20%EC%88%98%EC%98%81%EC%9E%A5,family:1.0;baby:1.0;parking:1.0;nursing_room:1.0;은평구;아기랑 수영장,2026-08-22 20:34:25,pool:1.0;water:1.0;outdoor:0.9,2,85
네이버 장소검색 | 서울 은평구,자연친화,로얄마린 은평점수영장,상시,영유아 및 어린이 (0세~9세),서울 은평구 로얄마린 은평점수영장,무료/유료 (플레이스 참조),서울 은평구에 위치한 인기 아기랑 수영장 명소인 [로얄마린 은평점수영장]입니다.,https://search.naver.com/search.naver?where=nexearch&query=%EC%84%9C%EC%9A%B8%20%EC%9D%80%ED%8F%89%EA%B5%AC%20%EC%95%84%EA%B8%B0%EB%9E%91%20%EC%88%98%EC%98%81%EC%9E%A5,family:1.0;baby:1.0;parking:1.0;nursing_room:1.0;은평구;아기랑 수영장,2026-08-22 20:34:25,pool:1.0;water:1.0;outdoor:0.9,2,85
네이버 장소검색 | 서울 은평구,자연친화,은평청여울수영장,상시,영유아 및 어린이 (0세~9세),서울 은평구 은평청여울수영장,무료/유료 (플레이스 참조),서울 은평구에 위치한 인기 아기랑 수영장 명소인 [은평청여울수영장]입니다.,https://search.naver.com/search.naver?where=nexearch&query=%EC%84%9C%EC%9A%B8%20%EC%9D%80%ED%8F%89%EA%B5%AC%20%EC%95%84%EA%B8%B0%EB%9E%91%20%EC%88%98%EC%98%81%EC%9E%A5,family:1.0;baby:1.0;parking:1.0;nursing_room:1.0;은평구;아기랑 수영장,2026-08-22 20:34:25,pool:1.0;water:1.0;outdoor:0.9,2,85
네이버 장소검색 | 서울 은평구,자연친화,마이스위밍수영장,상시,영유아 및 어린이 (0세~9세),서울 은평구 마이스위밍수영장,무료/유료 (플레이스 참조),서울 은평구에 위치한 인기 아기랑 수영장 명소인 [마이스위밍수영장]입니다.,https://search.naver.com/search.naver?where=nexearch&query=%EC%84%9C%EC%9A%B8%20%EC%9D%80%ED%8F%89%EA%B5%AC%20%EC%95%84%EA%B8%B0%EB%9E%91%20%EC%88%98%EC%98%81%EC%9E%A5,family:1.0;baby:1.0;parking:1.0;nursing_room:1.0;은평구;아기랑 수영장,2026-08-22 20:34:25,pool:1.0;water:1.0;outdoor:0.9,2,85
네이버 장소검색 | 서울 은평구,자연친화,은평구물놀이장 진관동 신도공원,상시,영유아 및 어린이 (0세~9세),서울 은평구 은평구물놀이장 진관동 신도공원,무료/유료 (플레이스 참조),서울 은평구에 위치한 인기 아기랑 수영장 명소인 [은평구물놀이장 진관동 신도공원]입니다.,https://search.naver.com/search.naver?where=nexearch&query=%EC%84%9C%EC%9A%B8%20%EC%9D%80%ED%8F%89%EA%B5%AC%20%EC%95%84%EA%B8%B0%EB%9E%91%20%EC%88%98%EC%98%81%EC%9E%A5,family:1.0;baby:1.0;parking:1.0;nursing_room:1.0;은평구;아기랑 수영장,2026-08-22 20:34:25,pool:1.0;water:1.0;outdoor:0.9,2,85
네이버 장소검색 | 서울 은평구,자연친화,위치한서울근교,상시,영유아 및 어린이 (0세~9세),서울 은평구 위치한서울근교,무료/유료 (플레이스 참조),서울 은평구에 위치한 인기 아기랑 수영장 명소인 [위치한서울근교]입니다.,https://search.naver.com/search.naver?where=nexearch&query=%EC%84%9C%EC%9A%B8%20%EC%9D%80%ED%8F%89%EA%B5%AC%20%EC%95%84%EA%B8%B0%EB%9E%91%20%EC%88%98%EC%98%81%EC%9E%A5,family:1.0;baby:1.0;parking:1.0;nursing_room:1.0;은평구;아기랑 수영장,2026-08-22 20:34:25,pool:1.0;water:1.0;outdoor:0.9,2,85
네이버 장소검색 | 서울 은평구,사설키즈카페,은평구키즈카페 키즈팡팡 구산점 12개월아기랑,상시,영유아 및 어린이 (0세~9세),서울 은평구 은평구키즈카페 키즈팡팡 구산점 12개월아기랑,무료/유료 (플레이스 참조),서울 은평구에 위치한 인기 아기랑 모래놀이 명소인 [은평구키즈카페 키즈팡팡 구산점 12개월아기랑]입니다.,https://search.naver.com/search.naver?where=nexearch&query=%EC%84%9C%EC%9A%B8%20%EC%9D%80%ED%8F%89%EA%B5%AC%20%EC%95%84%EA%B8%B0%EB%9E%91%20%EB%AA%A8%EB%9E%98%EB%86%80%EC%9D%B4,family:1.0;baby:1.0;parking:1.0;nursing_room:1.0;은평구;아기랑 모래놀이,2026-08-22 20:34:25,sand:1.0;nature:1.0;play:0.9,2,85
네이버 장소검색 | 서울 은평구,자연친화,[은평구키즈팡팡구산점] 아이랑 놀기 좋은,상시,영유아 및 어린이 (0세~9세),서울 은평구 [은평구키즈팡팡구산점] 아이랑 놀기 좋은,무료/유료 (플레이스 참조),서울 은평구에 위치한 인기 아기랑 모래놀이 명소인 [[은평구키즈팡팡구산점] 아이랑 놀기 좋은]입니다.,https://search.naver.com/search.naver?where=nexearch&query=%EC%84%9C%EC%9A%B8%20%EC%9D%80%ED%8F%89%EA%B5%AC%20%EC%95%84%EA%B8%B0%EB%9E%91%20%EB%AA%A8%EB%9E%98%EB%86%80%EC%9D%B4,family:1.0;baby:1.0;parking:1.0;nursing_room:1.0;은평구;아기랑 모래놀이,2026-08-22 20:34:25,sand:1.0;nature:1.0;play:0.9,2,85
네이버 장소검색 | 서울 은평구,자연친화,은평평화공원공원,상시,영유아 및 어린이 (0세~9세),서울 은평구 은평평화공원공원,무료/유료 (플레이스 참조),서울 은평구에 위치한 인기 아기랑 공원 명소인 [은평평화공원공원]입니다.,https://search.naver.com/search.naver?where=nexearch&query=%EC%84%9C%EC%9A%B8%20%EC%9D%80%ED%8F%89%EA%B5%AC%20%EC%95%84%EA%B8%B0%EB%9E%91%20%EA%B3%B5%EC%9B%90,family:1.0;baby:1.0;parking:1.0;nursing_room:1.0;은평구;아기랑 공원,2026-08-22 20:34:25,park:1.0;picnic:1.0;nature:1.0,2,85
네이버 장소검색 | 서울 은평구,자연친화,"북한산생태공원자연,생태공원",상시,영유아 및 어린이 (0세~9세),"서울 은평구 북한산생태공원자연,생태공원",무료/유료 (플레이스 참조),"서울 은평구에 위치한 인기 아기랑 공원 명소인 [북한산생태공원자연,생태공원]입니다.",https://search.naver.com/search.naver?where=nexearch&query=%EC%84%9C%EC%9A%B8%20%EC%9D%80%ED%8F%89%EA%B5%AC%20%EC%95%84%EA%B8%B0%EB%9E%91%20%EA%B3%B5%EC%9B%90,family:1.0;baby:1.0;parking:1.0;nursing_room:1.0;은평구;아기랑 공원,2026-08-22 20:34:25,park:1.0;picnic:1.0;nature:1.0,2,85
네이버 장소검색 | 서울 은평구,자연친화,마실길 공원,상시,영유아 및 어린이 (0세~9세),서울 은평구 마실길 공원,무료/유료 (플레이스 참조),서울 은평구에 위치한 인기 아기랑 공원 명소인 [마실길 공원]입니다.,https://search.naver.com/search.naver?where=nexearch&query=%EC%84%9C%EC%9A%B8%20%EC%9D%80%ED%8F%89%EA%B5%AC%20%EC%95%84%EA%B8%B0%EB%9E%91%20%EA%B3%B5%EC%9B%90,family:1.0;baby:1.0;parking:1.0;nursing_room:1.0;은평구;아기랑 공원,2026-08-22 20:34:25,park:1.0;picnic:1.0;nature:1.0,2,85
네이버 장소검색 | 서울 은평구,자연친화,물푸레공원,상시,영유아 및 어린이 (0세~9세),서울 은평구 물푸레공원,무료/유료 (플레이스 참조),서울 은평구에 위치한 인기 아기랑 공원 명소인 [물푸레공원]입니다.,https://search.naver.com/search.naver?where=nexearch&query=%EC%84%9C%EC%9A%B8%20%EC%9D%80%ED%8F%89%EA%B5%AC%20%EC%95%84%EA%B8%B0%EB%9E%91%20%EA%B3%B5%EC%9B%90,family:1.0;baby:1.0;parking:1.0;nursing_room:1.0;은평구;아기랑 공원,2026-08-22 20:34:25,park:1.0;picnic:1.0;nature:1.0,2,85
네이버 장소검색 | 서울 은평구,자연친화,구산동마을공원공원,상시,영유아 및 어린이 (0세~9세),서울 은평구 구산동마을공원공원,무료/유료 (플레이스 참조),서울 은평구에 위치한 인기 아기랑 공원 명소인 [구산동마을공원공원]입니다.,https://search.naver.com/search.naver?where=nexearch&query=%EC%84%9C%EC%9A%B8%20%EC%9D%80%ED%8F%89%EA%B5%AC%20%EC%95%84%EA%B8%B0%EB%9E%91%20%EA%B3%B5%EC%9B%90,family:1.0;baby:1.0;parking:1.0;nursing_room:1.0;은평구;아기랑 공원,2026-08-22 20:34:25,park:1.0;picnic:1.0;nature:1.0,2,85
네이버 장소검색 | 서울 은평구,자연친화,금암문화공원공원,상시,영유아 및 어린이 (0세~9세),서울 은평구 금암문화공원공원,무료/유료 (플레이스 참조),서울 은평구에 위치한 인기 아기랑 공원 명소인 [금암문화공원공원]입니다.,https://search.naver.com/search.naver?where=nexearch&query=%EC%84%9C%EC%9A%B8%20%EC%9D%80%ED%8F%89%EA%B5%AC%20%EC%95%84%EA%B8%B0%EB%9E%91%20%EA%B3%B5%EC%9B%90,family:1.0;baby:1.0;parking:1.0;nursing_room:1.0;은평구;아기랑 공원,2026-08-22 20:34:25,park:1.0;picnic:1.0;nature:1.0,2,85
네이버 장소검색 | 서울 은평구,자연친화,R.은평구신도공원,상시,영유아 및 어린이 (0세~9세),서울 은평구 R.은평구신도공원,무료/유료 (플레이스 참조),서울 은평구에 위치한 인기 아기랑 물놀이터 명소인 [R.은평구신도공원]입니다.,https://search.naver.com/search.naver?where=nexearch&query=%EC%84%9C%EC%9A%B8%20%EC%9D%80%ED%8F%89%EA%B5%AC%20%EC%95%84%EA%B8%B0%EB%9E%91%20%EB%AC%BC%EB%86%80%EC%9D%B4%ED%84%B0,family:1.0;baby:1.0;parking:1.0;nursing_room:1.0;은평구;아기랑 물놀이터,2026-08-22 20:34:25,water:1.0;outdoor:1.0;picnic:0.8,2,85
네이버 장소검색 | 서울 은평구,자연친화,향림공원,상시,영유아 및 어린이 (0세~9세),서울 은평구 향림공원,무료/유료 (플레이스 참조),서울 은평구에 위치한 인기 아기랑 농장체험 명소인 [향림공원]입니다.,https://search.naver.com/search.naver?where=nexearch&query=%EC%84%9C%EC%9A%B8%20%EC%9D%80%ED%8F%89%EA%B5%AC%20%EC%95%84%EA%B8%B0%EB%9E%91%20%EB%86%8D%EC%9E%A5%EC%B2%B4%ED%97%98,family:1.0;baby:1.0;parking:1.0;nursing_room:1.0;은평구;아기랑 농장체험,2026-08-22 20:34:25,farm:1.0;animal:1.0;experience:1.0,2,85
네이버 장소검색 | 서울 종로구,사설키즈카페,레인보우몰리스,상시,영유아 및 어린이 (0세~9세),서울 종로구 레인보우몰리스,무료/유료 (플레이스 참조),서울 종로구에 위치한 인기 아기랑 키즈카페 명소인 [레인보우몰리스]입니다.,https://search.naver.com/search.naver?where=nexearch&query=%EC%84%9C%EC%9A%B8%20%EC%A2%85%EB%A1%9C%EA%B5%AC%20%EC%95%84%EA%B8%B0%EB%9E%91%20%ED%82%A4%EC%A6%88%EC%B9%B4%ED%8E%98,family:1.0;baby:1.0;parking:1.0;nursing_room:1.0;종로구;아기랑 키즈카페,2026-08-22 20:34:25,toddler:1.0;indoor:0.9;play:1.0,2,85
네이버 장소검색 | 서울 종로구,사설키즈카페,쁘띠몽드 경희궁자이점,상시,영유아 및 어린이 (0세~9세),서울 종로구 쁘띠몽드 경희궁자이점,무료/유료 (플레이스 참조),서울 종로구에 위치한 인기 아기랑 키즈카페 명소인 [쁘띠몽드 경희궁자이점]입니다.,https://search.naver.com/search.naver?where=nexearch&query=%EC%84%9C%EC%9A%B8%20%EC%A2%85%EB%A1%9C%EA%B5%AC%20%EC%95%84%EA%B8%B0%EB%9E%91%20%ED%82%A4%EC%A6%88%EC%B9%B4%ED%8E%98,family:1.0;baby:1.0;parking:1.0;nursing_room:1.0;종로구;아기랑 키즈카페,2026-08-22 20:34:25,toddler:1.0;indoor:0.9;play:1.0,2,85
네이버 장소검색 | 서울 종로구,공공키즈카페,서울형키즈카페 종로구혜화동점,상시,영유아 및 어린이 (0세~9세),서울 종로구 서울형키즈카페 종로구혜화동점,무료/유료 (플레이스 참조),서울 종로구에 위치한 인기 아기랑 키즈카페 명소인 [서울형키즈카페 종로구혜화동점]입니다.,https://search.naver.com/search.naver?where=nexearch&query=%EC%84%9C%EC%9A%B8%20%EC%A2%85%EB%A1%9C%EA%B5%AC%20%EC%95%84%EA%B8%B0%EB%9E%91%20%ED%82%A4%EC%A6%88%EC%B9%B4%ED%8E%98,family:1.0;baby:1.0;parking:1.0;nursing_room:1.0;종로구;아기랑 키즈카페,2026-08-22 20:34:25,toddler:1.0;indoor:0.9;play:1.0,2,85
네이버 장소검색 | 서울 종로구,공공키즈카페,서울형키즈카페 종로구숭인1동점,상시,영유아 및 어린이 (0세~9세),서울 종로구 서울형키즈카페 종로구숭인1동점,무료/유료 (플레이스 참조),서울 종로구에 위치한 인기 아기랑 키즈카페 명소인 [서울형키즈카페 종로구숭인1동점]입니다.,https://search.naver.com/search.naver?where=nexearch&query=%EC%84%9C%EC%9A%B8%20%EC%A2%85%EB%A1%9C%EA%B5%AC%20%EC%95%84%EA%B8%B0%EB%9E%91%20%ED%82%A4%EC%A6%88%EC%B9%B4%ED%8E%98,family:1.0;baby:1.0;parking:1.0;nursing_room:1.0;종로구;아기랑 키즈카페,2026-08-22 20:34:25,toddler:1.0;indoor:0.9;play:1.0,2,85
네이버 장소검색 | 서울 종로구,사설키즈카페,상상굴뚝놀이터,상시,영유아 및 어린이 (0세~9세),서울 종로구 상상굴뚝놀이터,무료/유료 (플레이스 참조),서울 종로구에 위치한 인기 아기랑 키즈카페 명소인 [상상굴뚝놀이터]입니다.,https://search.naver.com/search.naver?where=nexearch&query=%EC%84%9C%EC%9A%B8%20%EC%A2%85%EB%A1%9C%EA%B5%AC%20%EC%95%84%EA%B8%B0%EB%9E%91%20%ED%82%A4%EC%A6%88%EC%B9%B4%ED%8E%98,family:1.0;baby:1.0;parking:1.0;nursing_room:1.0;종로구;아기랑 키즈카페,2026-08-22 20:34:25,toddler:1.0;indoor:0.9;play:1.0,2,85
네이버 장소검색 | 서울 종로구,사설키즈카페,서울시 동선동,상시,영유아 및 어린이 (0세~9세),서울 종로구 서울시 동선동,무료/유료 (플레이스 참조),서울 종로구에 위치한 인기 아기랑 키즈카페 명소인 [서울시 동선동]입니다.,https://search.naver.com/search.naver?where=nexearch&query=%EC%84%9C%EC%9A%B8%20%EC%A2%85%EB%A1%9C%EA%B5%AC%20%EC%95%84%EA%B8%B0%EB%9E%91%20%ED%82%A4%EC%A6%88%EC%B9%B4%ED%8E%98,family:1.0;baby:1.0;parking:1.0;nursing_room:1.0;종로구;아기랑 키즈카페,2026-08-22 20:34:25,toddler:1.0;indoor:0.9;play:1.0,2,85
네이버 장소검색 | 서울 종로구,자연친화,올림픽기념국민생활관수영장,상시,영유아 및 어린이 (0세~9세),서울 종로구 올림픽기념국민생활관수영장,무료/유료 (플레이스 참조),서울 종로구에 위치한 인기 아기랑 수영장 명소인 [올림픽기념국민생활관수영장]입니다.,https://search.naver.com/search.naver?where=nexearch&query=%EC%84%9C%EC%9A%B8%20%EC%A2%85%EB%A1%9C%EA%B5%AC%20%EC%95%84%EA%B8%B0%EB%9E%91%20%EC%88%98%EC%98%81%EC%9E%A5,family:1.0;baby:1.0;parking:1.0;nursing_room:1.0;종로구;아기랑 수영장,2026-08-22 20:34:25,pool:1.0;water:1.0;outdoor:0.9,2,85
네이버 장소검색 | 서울 종로구,자연친화,종로구민회관수영장,상시,영유아 및 어린이 (0세~9세),서울 종로구 종로구민회관수영장,무료/유료 (플레이스 참조),서울 종로구에 위치한 인기 아기랑 수영장 명소인 [종로구민회관수영장]입니다.,https://search.naver.com/search.naver?where=nexearch&query=%EC%84%9C%EC%9A%B8%20%EC%A2%85%EB%A1%9C%EA%B5%AC%20%EC%95%84%EA%B8%B0%EB%9E%91%20%EC%88%98%EC%98%81%EC%9E%A5,family:1.0;baby:1.0;parking:1.0;nursing_room:1.0;종로구;아기랑 수영장,2026-08-22 20:34:25,pool:1.0;water:1.0;outdoor:0.9,2,85
네이버 장소검색 | 서울 종로구,자연친화,서울 YMCA 관광호텔수영장,상시,영유아 및 어린이 (0세~9세),서울 종로구 서울 YMCA 관광호텔수영장,무료/유료 (플레이스 참조),서울 종로구에 위치한 인기 아기랑 수영장 명소인 [서울 YMCA 관광호텔수영장]입니다.,https://search.naver.com/search.naver?where=nexearch&query=%EC%84%9C%EC%9A%B8%20%EC%A2%85%EB%A1%9C%EA%B5%AC%20%EC%95%84%EA%B8%B0%EB%9E%91%20%EC%88%98%EC%98%81%EC%9E%A5,family:1.0;baby:1.0;parking:1.0;nursing_room:1.0;종로구;아기랑 수영장,2026-08-22 20:34:25,pool:1.0;water:1.0;outdoor:0.9,2,85
네이버 장소검색 | 서울 종로구,자연친화,리얼스윔아카데미 덕수궁 디팰리스수영장,상시,영유아 및 어린이 (0세~9세),서울 종로구 리얼스윔아카데미 덕수궁 디팰리스수영장,무료/유료 (플레이스 참조),서울 종로구에 위치한 인기 아기랑 수영장 명소인 [리얼스윔아카데미 덕수궁 디팰리스수영장]입니다.,https://search.naver.com/search.naver?where=nexearch&query=%EC%84%9C%EC%9A%B8%20%EC%A2%85%EB%A1%9C%EA%B5%AC%20%EC%95%84%EA%B8%B0%EB%9E%91%20%EC%88%98%EC%98%81%EC%9E%A5,family:1.0;baby:1.0;parking:1.0;nursing_room:1.0;종로구;아기랑 수영장,2026-08-22 20:34:25,pool:1.0;water:1.0;outdoor:0.9,2,85
네이버 장소검색 | 서울 종로구,자연친화,산마루놀이터물놀이장수영장,상시,영유아 및 어린이 (0세~9세),서울 종로구 산마루놀이터물놀이장수영장,무료/유료 (플레이스 참조),서울 종로구에 위치한 인기 아기랑 수영장 명소인 [산마루놀이터물놀이장수영장]입니다.,https://search.naver.com/search.naver?where=nexearch&query=%EC%84%9C%EC%9A%B8%20%EC%A2%85%EB%A1%9C%EA%B5%AC%20%EC%95%84%EA%B8%B0%EB%9E%91%20%EC%88%98%EC%98%81%EC%9E%A5,family:1.0;baby:1.0;parking:1.0;nursing_room:1.0;종로구;아기랑 수영장,2026-08-22 20:34:25,pool:1.0;water:1.0;outdoor:0.9,2,85
네이버 장소검색 | 서울 종로구,자연친화,숭인공원,상시,영유아 및 어린이 (0세~9세),서울 종로구 숭인공원,무료/유료 (플레이스 참조),서울 종로구에 위치한 인기 아기랑 수영장 명소인 [숭인공원]입니다.,https://search.naver.com/search.naver?where=nexearch&query=%EC%84%9C%EC%9A%B8%20%EC%A2%85%EB%A1%9C%EA%B5%AC%20%EC%95%84%EA%B8%B0%EB%9E%91%20%EC%88%98%EC%98%81%EC%9E%A5,family:1.0;baby:1.0;parking:1.0;nursing_room:1.0;종로구;아기랑 수영장,2026-08-22 20:34:25,pool:1.0;water:1.0;outdoor:0.9,2,85
네이버 장소검색 | 서울 종로구,자연친화,낙산공원공원,상시,영유아 및 어린이 (0세~9세),서울 종로구 낙산공원공원,무료/유료 (플레이스 참조),서울 종로구에 위치한 인기 아기랑 공원 명소인 [낙산공원공원]입니다.,https://search.naver.com/search.naver?where=nexearch&query=%EC%84%9C%EC%9A%B8%20%EC%A2%85%EB%A1%9C%EA%B5%AC%20%EC%95%84%EA%B8%B0%EB%9E%91%20%EA%B3%B5%EC%9B%90,family:1.0;baby:1.0;parking:1.0;nursing_room:1.0;종로구;아기랑 공원,2026-08-22 20:34:25,park:1.0;picnic:1.0;nature:1.0,2,85
네이버 장소검색 | 서울 종로구,자연친화,마로니에공원공원,상시,영유아 및 어린이 (0세~9세),서울 종로구 마로니에공원공원,무료/유료 (플레이스 참조),서울 종로구에 위치한 인기 아기랑 공원 명소인 [마로니에공원공원]입니다.,https://search.naver.com/search.naver?where=nexearch&query=%EC%84%9C%EC%9A%B8%20%EC%A2%85%EB%A1%9C%EA%B5%AC%20%EC%95%84%EA%B8%B0%EB%9E%91%20%EA%B3%B5%EC%9B%90,family:1.0;baby:1.0;parking:1.0;nursing_room:1.0;종로구;아기랑 공원,2026-08-22 20:34:25,park:1.0;picnic:1.0;nature:1.0,2,85
네이버 장소검색 | 서울 종로구,자연친화,흥인지문공원공원,상시,영유아 및 어린이 (0세~9세),서울 종로구 흥인지문공원공원,무료/유료 (플레이스 참조),서울 종로구에 위치한 인기 아기랑 공원 명소인 [흥인지문공원공원]입니다.,https://search.naver.com/search.naver?where=nexearch&query=%EC%84%9C%EC%9A%B8%20%EC%A2%85%EB%A1%9C%EA%B5%AC%20%EC%95%84%EA%B8%B0%EB%9E%91%20%EA%B3%B5%EC%9B%90,family:1.0;baby:1.0;parking:1.0;nursing_room:1.0;종로구;아기랑 공원,2026-08-22 20:34:25,park:1.0;picnic:1.0;nature:1.0,2,85
네이버 장소검색 | 서울 종로구,자연친화,탑골공원공원,상시,영유아 및 어린이 (0세~9세),서울 종로구 탑골공원공원,무료/유료 (플레이스 참조),서울 종로구에 위치한 인기 아기랑 공원 명소인 [탑골공원공원]입니다.,https://search.naver.com/search.naver?where=nexearch&query=%EC%84%9C%EC%9A%B8%20%EC%A2%85%EB%A1%9C%EA%B5%AC%20%EC%95%84%EA%B8%B0%EB%9E%91%20%EA%B3%B5%EC%9B%90,family:1.0;baby:1.0;parking:1.0;nursing_room:1.0;종로구;아기랑 공원,2026-08-22 20:34:25,park:1.0;picnic:1.0;nature:1.0,2,85
네이버 장소검색 | 서울 종로구,자연친화,무궁화동산공원,상시,영유아 및 어린이 (0세~9세),서울 종로구 무궁화동산공원,무료/유료 (플레이스 참조),서울 종로구에 위치한 인기 아기랑 공원 명소인 [무궁화동산공원]입니다.,https://search.naver.com/search.naver?where=nexearch&query=%EC%84%9C%EC%9A%B8%20%EC%A2%85%EB%A1%9C%EA%B5%AC%20%EC%95%84%EA%B8%B0%EB%9E%91%20%EA%B3%B5%EC%9B%90,family:1.0;baby:1.0;parking:1.0;nursing_room:1.0;종로구;아기랑 공원,2026-08-22 20:34:25,park:1.0;picnic:1.0;nature:1.0,2,85
네이버 장소검색 | 서울 중구,사설키즈카페,디키디키,상시,영유아 및 어린이 (0세~9세),서울 중구 디키디키,무료/유료 (플레이스 참조),서울 중구에 위치한 인기 아기랑 키즈카페 명소인 [디키디키]입니다.,https://search.naver.com/search.naver?where=nexearch&query=%EC%84%9C%EC%9A%B8%20%EC%A4%91%EA%B5%AC%20%EC%95%84%EA%B8%B0%EB%9E%91%20%ED%82%A4%EC%A6%88%EC%B9%B4%ED%8E%98,family:1.0;baby:1.0;parking:1.0;nursing_room:1.0;중구;아기랑 키즈카페,2026-08-22 20:34:25,toddler:1.0;indoor:0.9;play:1.0,2,85
네이버 장소검색 | 서울 중구,사설키즈카페,키즈카페 몽슈슈,상시,영유아 및 어린이 (0세~9세),서울 중구 키즈카페 몽슈슈,무료/유료 (플레이스 참조),서울 중구에 위치한 인기 아기랑 키즈카페 명소인 [키즈카페 몽슈슈]입니다.,https://search.naver.com/search.naver?where=nexearch&query=%EC%84%9C%EC%9A%B8%20%EC%A4%91%EA%B5%AC%20%EC%95%84%EA%B8%B0%EB%9E%91%20%ED%82%A4%EC%A6%88%EC%B9%B4%ED%8E%98,family:1.0;baby:1.0;parking:1.0;nursing_room:1.0;중구;아기랑 키즈카페,2026-08-22 20:34:25,toddler:1.0;indoor:0.9;play:1.0,2,85
네이버 장소검색 | 서울 중구,공공키즈카페,서울형키즈카페 을지로점,상시,영유아 및 어린이 (0세~9세),서울 중구 서울형키즈카페 을지로점,무료/유료 (플레이스 참조),서울 중구에 위치한 인기 아기랑 키즈카페 명소인 [서울형키즈카페 을지로점]입니다.,https://search.naver.com/search.naver?where=nexearch&query=%EC%84%9C%EC%9A%B8%20%EC%A4%91%EA%B5%AC%20%EC%95%84%EA%B8%B0%EB%9E%91%20%ED%82%A4%EC%A6%88%EC%B9%B4%ED%8E%98,family:1.0;baby:1.0;parking:1.0;nursing_room:1.0;중구;아기랑 키즈카페,2026-08-22 20:34:25,toddler:1.0;indoor:0.9;play:1.0,2,85
네이버 장소검색 | 서울 중구,공공키즈카페,서울형키즈카페 장충점,상시,영유아 및 어린이 (0세~9세),서울 중구 서울형키즈카페 장충점,무료/유료 (플레이스 참조),서울 중구에 위치한 인기 아기랑 키즈카페 명소인 [서울형키즈카페 장충점]입니다.,https://search.naver.com/search.naver?where=nexearch&query=%EC%84%9C%EC%9A%B8%20%EC%A4%91%EA%B5%AC%20%EC%95%84%EA%B8%B0%EB%9E%91%20%ED%82%A4%EC%A6%88%EC%B9%B4%ED%8E%98,family:1.0;baby:1.0;parking:1.0;nursing_room:1.0;중구;아기랑 키즈카페,2026-08-22 20:34:25,toddler:1.0;indoor:0.9;play:1.0,2,85
네이버 장소검색 | 서울 중구,사설키즈카페,더블루타이거 신세계백화점 본점,상시,영유아 및 어린이 (0세~9세),서울 중구 더블루타이거 신세계백화점 본점,무료/유료 (플레이스 참조),서울 중구에 위치한 인기 아기랑 키즈카페 명소인 [더블루타이거 신세계백화점 본점]입니다.,https://search.naver.com/search.naver?where=nexearch&query=%EC%84%9C%EC%9A%B8%20%EC%A4%91%EA%B5%AC%20%EC%95%84%EA%B8%B0%EB%9E%91%20%ED%82%A4%EC%A6%88%EC%B9%B4%ED%8E%98,family:1.0;baby:1.0;parking:1.0;nursing_room:1.0;중구;아기랑 키즈카페,2026-08-22 20:34:25,toddler:1.0;indoor:0.9;play:1.0,2,85
네이버 장소검색 | 서울 중구,공공키즈카페,서울형키즈카페 신당점,상시,영유아 및 어린이 (0세~9세),서울 중구 서울형키즈카페 신당점,무료/유료 (플레이스 참조),서울 중구에 위치한 인기 아기랑 키즈카페 명소인 [서울형키즈카페 신당점]입니다.,https://search.naver.com/search.naver?where=nexearch&query=%EC%84%9C%EC%9A%B8%20%EC%A4%91%EA%B5%AC%20%EC%95%84%EA%B8%B0%EB%9E%91%20%ED%82%A4%EC%A6%88%EC%B9%B4%ED%8E%98,family:1.0;baby:1.0;parking:1.0;nursing_room:1.0;중구;아기랑 키즈카페,2026-08-22 20:34:25,toddler:1.0;indoor:0.9;play:1.0,2,85
네이버 장소검색 | 서울 중구,자연친화,봉래체육문화센터수영장,상시,영유아 및 어린이 (0세~9세),서울 중구 봉래체육문화센터수영장,무료/유료 (플레이스 참조),서울 중구에 위치한 인기 아기랑 수영장 명소인 [봉래체육문화센터수영장]입니다.,https://search.naver.com/search.naver?where=nexearch&query=%EC%84%9C%EC%9A%B8%20%EC%A4%91%EA%B5%AC%20%EC%95%84%EA%B8%B0%EB%9E%91%20%EC%88%98%EC%98%81%EC%9E%A5,family:1.0;baby:1.0;parking:1.0;nursing_room:1.0;중구;아기랑 수영장,2026-08-22 20:34:25,pool:1.0;water:1.0;outdoor:0.9,2,85
네이버 장소검색 | 서울 중구,자연친화,중구회현체육센터수영장,상시,영유아 및 어린이 (0세~9세),서울 중구 중구회현체육센터수영장,무료/유료 (플레이스 참조),서울 중구에 위치한 인기 아기랑 수영장 명소인 [중구회현체육센터수영장]입니다.,https://search.naver.com/search.naver?where=nexearch&query=%EC%84%9C%EC%9A%B8%20%EC%A4%91%EA%B5%AC%20%EC%95%84%EA%B8%B0%EB%9E%91%20%EC%88%98%EC%98%81%EC%9E%A5,family:1.0;baby:1.0;parking:1.0;nursing_room:1.0;중구;아기랑 수영장,2026-08-22 20:34:25,pool:1.0;water:1.0;outdoor:0.9,2,85
네이버 장소검색 | 서울 중구,자연친화,충무스포츠센터 수영장,상시,영유아 및 어린이 (0세~9세),서울 중구 충무스포츠센터 수영장,무료/유료 (플레이스 참조),서울 중구에 위치한 인기 아기랑 수영장 명소인 [충무스포츠센터 수영장]입니다.,https://search.naver.com/search.naver?where=nexearch&query=%EC%84%9C%EC%9A%B8%20%EC%A4%91%EA%B5%AC%20%EC%95%84%EA%B8%B0%EB%9E%91%20%EC%88%98%EC%98%81%EC%9E%A5,family:1.0;baby:1.0;parking:1.0;nursing_room:1.0;중구;아기랑 수영장,2026-08-22 20:34:25,pool:1.0;water:1.0;outdoor:0.9,2,85
네이버 장소검색 | 서울 중구,자연친화,성동교육문화관수영장,상시,영유아 및 어린이 (0세~9세),서울 중구 성동교육문화관수영장,무료/유료 (플레이스 참조),서울 중구에 위치한 인기 아기랑 수영장 명소인 [성동교육문화관수영장]입니다.,https://search.naver.com/search.naver?where=nexearch&query=%EC%84%9C%EC%9A%B8%20%EC%A4%91%EA%B5%AC%20%EC%95%84%EA%B8%B0%EB%9E%91%20%EC%88%98%EC%98%81%EC%9E%A5,family:1.0;baby:1.0;parking:1.0;nursing_room:1.0;중구;아기랑 수영장,2026-08-22 20:34:25,pool:1.0;water:1.0;outdoor:0.9,2,85
네이버 장소검색 | 서울 중구,자연친화,덕수수영장,상시,영유아 및 어린이 (0세~9세),서울 중구 덕수수영장,무료/유료 (플레이스 참조),서울 중구에 위치한 인기 아기랑 수영장 명소인 [덕수수영장]입니다.,https://search.naver.com/search.naver?where=nexearch&query=%EC%84%9C%EC%9A%B8%20%EC%A4%91%EA%B5%AC%20%EC%95%84%EA%B8%B0%EB%9E%91%20%EC%88%98%EC%98%81%EC%9E%A5,family:1.0;baby:1.0;parking:1.0;nursing_room:1.0;중구;아기랑 수영장,2026-08-22 20:34:25,pool:1.0;water:1.0;outdoor:0.9,2,85
네이버 장소검색 | 서울 중구,자연친화,서울YWCA스포츠센터수영장,상시,영유아 및 어린이 (0세~9세),서울 중구 서울YWCA스포츠센터수영장,무료/유료 (플레이스 참조),서울 중구에 위치한 인기 아기랑 수영장 명소인 [서울YWCA스포츠센터수영장]입니다.,https://search.naver.com/search.naver?where=nexearch&query=%EC%84%9C%EC%9A%B8%20%EC%A4%91%EA%B5%AC%20%EC%95%84%EA%B8%B0%EB%9E%91%20%EC%88%98%EC%98%81%EC%9E%A5,family:1.0;baby:1.0;parking:1.0;nursing_room:1.0;중구;아기랑 수영장,2026-08-22 20:34:25,pool:1.0;water:1.0;outdoor:0.9,2,85
네이버 장소검색 | 서울 중구,자연친화,서울호텔,상시,영유아 및 어린이 (0세~9세),서울 중구 서울호텔,무료/유료 (플레이스 참조),서울 중구에 위치한 인기 아기랑 수영장 명소인 [서울호텔]입니다.,https://search.naver.com/search.naver?where=nexearch&query=%EC%84%9C%EC%9A%B8%20%EC%A4%91%EA%B5%AC%20%EC%95%84%EA%B8%B0%EB%9E%91%20%EC%88%98%EC%98%81%EC%9E%A5,family:1.0;baby:1.0;parking:1.0;nursing_room:1.0;중구;아기랑 수영장,2026-08-22 20:34:25,pool:1.0;water:1.0;outdoor:0.9,2,85
네이버 장소검색 | 서울 중구,자연친화,3주 전©김미선 여름 휴가철을 맞아서울의,상시,영유아 및 어린이 (0세~9세),서울 중구 3주 전©김미선 여름 휴가철을 맞아서울의,무료/유료 (플레이스 참조),서울 중구에 위치한 인기 아기랑 모래놀이 명소인 [3주 전©김미선 여름 휴가철을 맞아서울의]입니다.,https://search.naver.com/search.naver?where=nexearch&query=%EC%84%9C%EC%9A%B8%20%EC%A4%91%EA%B5%AC%20%EC%95%84%EA%B8%B0%EB%9E%91%20%EB%AA%A8%EB%9E%98%EB%86%80%EC%9D%B4,family:1.0;baby:1.0;parking:1.0;nursing_room:1.0;중구;아기랑 모래놀이,2026-08-22 20:34:25,sand:1.0;nature:1.0;play:0.9,2,85
네이버 장소검색 | 서울 중구,자연친화,"남산공원도시,공원",상시,영유아 및 어린이 (0세~9세),"서울 중구 남산공원도시,공원",무료/유료 (플레이스 참조),"서울 중구에 위치한 인기 아기랑 공원 명소인 [남산공원도시,공원]입니다.",https://search.naver.com/search.naver?where=nexearch&query=%EC%84%9C%EC%9A%B8%20%EC%A4%91%EA%B5%AC%20%EC%95%84%EA%B8%B0%EB%9E%91%20%EA%B3%B5%EC%9B%90,family:1.0;baby:1.0;parking:1.0;nursing_room:1.0;중구;아기랑 공원,2026-08-22 20:34:25,park:1.0;picnic:1.0;nature:1.0,2,85
네이버 장소검색 | 서울 중구,자연친화,"동대문역사문화공원도시,공원",상시,영유아 및 어린이 (0세~9세),"서울 중구 동대문역사문화공원도시,공원",무료/유료 (플레이스 참조),"서울 중구에 위치한 인기 아기랑 공원 명소인 [동대문역사문화공원도시,공원]입니다.",https://search.naver.com/search.naver?where=nexearch&query=%EC%84%9C%EC%9A%B8%20%EC%A4%91%EA%B5%AC%20%EC%95%84%EA%B8%B0%EB%9E%91%20%EA%B3%B5%EC%9B%90,family:1.0;baby:1.0;parking:1.0;nursing_room:1.0;중구;아기랑 공원,2026-08-22 20:34:25,park:1.0;picnic:1.0;nature:1.0,2,85
네이버 장소검색 | 서울 중구,자연친화,"훈련원공원도시,공원",상시,영유아 및 어린이 (0세~9세),"서울 중구 훈련원공원도시,공원",무료/유료 (플레이스 참조),"서울 중구에 위치한 인기 아기랑 공원 명소인 [훈련원공원도시,공원]입니다.",https://search.naver.com/search.naver?where=nexearch&query=%EC%84%9C%EC%9A%B8%20%EC%A4%91%EA%B5%AC%20%EC%95%84%EA%B8%B0%EB%9E%91%20%EA%B3%B5%EC%9B%90,family:1.0;baby:1.0;parking:1.0;nursing_room:1.0;중구;아기랑 공원,2026-08-22 20:34:25,park:1.0;picnic:1.0;nature:1.0,2,85
네이버 장소검색 | 서울 중구,자연친화,서소문역사공원공원,상시,영유아 및 어린이 (0세~9세),서울 중구 서소문역사공원공원,무료/유료 (플레이스 참조),서울 중구에 위치한 인기 아기랑 공원 명소인 [서소문역사공원공원]입니다.,https://search.naver.com/search.naver?where=nexearch&query=%EC%84%9C%EC%9A%B8%20%EC%A4%91%EA%B5%AC%20%EC%95%84%EA%B8%B0%EB%9E%91%20%EA%B3%B5%EC%9B%90,family:1.0;baby:1.0;parking:1.0;nursing_room:1.0;중구;아기랑 공원,2026-08-22 20:34:25,park:1.0;picnic:1.0;nature:1.0,2,85
네이버 장소검색 | 서울 중구,자연친화,"장충단공원도시,공원",상시,영유아 및 어린이 (0세~9세),"서울 중구 장충단공원도시,공원",무료/유료 (플레이스 참조),"서울 중구에 위치한 인기 아기랑 공원 명소인 [장충단공원도시,공원]입니다.",https://search.naver.com/search.naver?where=nexearch&query=%EC%84%9C%EC%9A%B8%20%EC%A4%91%EA%B5%AC%20%EC%95%84%EA%B8%B0%EB%9E%91%20%EA%B3%B5%EC%9B%90,family:1.0;baby:1.0;parking:1.0;nursing_room:1.0;중구;아기랑 공원,2026-08-22 20:34:25,park:1.0;picnic:1.0;nature:1.0,2,85
네이버 장소검색 | 서울 중구,자연친화,백범광장공원자연공원,상시,영유아 및 어린이 (0세~9세),서울 중구 백범광장공원자연공원,무료/유료 (플레이스 참조),서울 중구에 위치한 인기 아기랑 공원 명소인 [백범광장공원자연공원]입니다.,https://search.naver.com/search.naver?where=nexearch&query=%EC%84%9C%EC%9A%B8%20%EC%A4%91%EA%B5%AC%20%EC%95%84%EA%B8%B0%EB%9E%91%20%EA%B3%B5%EC%9B%90,family:1.0;baby:1.0;parking:1.0;nursing_room:1.0;중구;아기랑 공원,2026-08-22 20:34:25,park:1.0;picnic:1.0;nature:1.0,2,85
네이버 장소검색 | 서울 중구,자연친화,흥미로운서울전시회였답니다. 아래에서 자세히,상시,영유아 및 어린이 (0세~9세),서울 중구 흥미로운서울전시회였답니다. 아래에서 자세히,무료/유료 (플레이스 참조),서울 중구에 위치한 인기 아기랑 공원 명소인 [흥미로운서울전시회였답니다. 아래에서 자세히]입니다.,https://search.naver.com/search.naver?where=nexearch&query=%EC%84%9C%EC%9A%B8%20%EC%A4%91%EA%B5%AC%20%EC%95%84%EA%B8%B0%EB%9E%91%20%EA%B3%B5%EC%9B%90,family:1.0;baby:1.0;parking:1.0;nursing_room:1.0;중구;아기랑 공원,2026-08-22 20:34:25,park:1.0;picnic:1.0;nature:1.0,2,85
네이버 장소검색 | 서울 중구,자연친화,대전중구물놀이장 중촌공원,상시,영유아 및 어린이 (0세~9세),서울 중구 대전중구물놀이장 중촌공원,무료/유료 (플레이스 참조),서울 중구에 위치한 인기 아기랑 물놀이터 명소인 [대전중구물놀이장 중촌공원]입니다.,https://search.naver.com/search.naver?where=nexearch&query=%EC%84%9C%EC%9A%B8%20%EC%A4%91%EA%B5%AC%20%EC%95%84%EA%B8%B0%EB%9E%91%20%EB%AC%BC%EB%86%80%EC%9D%B4%ED%84%B0,family:1.0;baby:1.0;parking:1.0;nursing_room:1.0;중구;아기랑 물놀이터,2026-08-22 20:34:25,water:1.0;outdoor:1.0;picnic:0.8,2,85
네이버 장소검색 | 서울 중구,문화생활,미술관옆 돈까스,상시,영유아 및 어린이 (0세~9세),서울 중구 미술관옆 돈까스,무료/유료 (플레이스 참조),서울 중구에 위치한 인기 아기랑 미술 명소인 [미술관옆 돈까스]입니다.,https://search.naver.com/search.naver?where=nexearch&query=%EC%84%9C%EC%9A%B8%20%EC%A4%91%EA%B5%AC%20%EC%95%84%EA%B8%B0%EB%9E%91%20%EB%AF%B8%EC%88%A0,family:1.0;baby:1.0;parking:1.0;nursing_room:1.0;중구;아기랑 미술,2026-08-22 20:34:25,drawing:1.0;art:1.0;experience:1.0,2,85
네이버 장소검색 | 서울 중구,가족체험,"500만 명 찾은 `서울상상나라`, 국내",상시,영유아 및 어린이 (0세~9세),"서울 중구 500만 명 찾은 `서울상상나라`, 국내",무료/유료 (플레이스 참조),"서울 중구에 위치한 인기 아기랑 어린이박물관 명소인 [500만 명 찾은 `서울상상나라`, 국내]입니다.",https://search.naver.com/search.naver?where=nexearch&query=%EC%84%9C%EC%9A%B8%20%EC%A4%91%EA%B5%AC%20%EC%95%84%EA%B8%B0%EB%9E%91%20%EC%96%B4%EB%A6%B0%EC%9D%B4%EB%B0%95%EB%AC%BC%EA%B4%80,family:1.0;baby:1.0;parking:1.0;nursing_room:1.0;중구;아기랑 어린이박물관,2026-08-22 20:34:25,museum:1.0;hands_on:1.0;experience:1.0,2,85
네이버 장소검색 | 서울 중랑구,사설키즈카페,헬로방방 상봉점,상시,영유아 및 어린이 (0세~9세),서울 중랑구 헬로방방 상봉점,무료/유료 (플레이스 참조),서울 중랑구에 위치한 인기 아기랑 키즈카페 명소인 [헬로방방 상봉점]입니다.,https://search.naver.com/search.naver?where=nexearch&query=%EC%84%9C%EC%9A%B8%20%EC%A4%91%EB%9E%91%EA%B5%AC%20%EC%95%84%EA%B8%B0%EB%9E%91%20%ED%82%A4%EC%A6%88%EC%B9%B4%ED%8E%98,family:1.0;baby:1.0;parking:1.0;nursing_room:1.0;중랑구;아기랑 키즈카페,2026-08-22 20:34:25,toddler:1.0;indoor:0.9;play:1.0,2,85
네이버 장소검색 | 서울 중랑구,사설키즈카페,챔피언더블랙벨트 홈플러스 상봉점,상시,영유아 및 어린이 (0세~9세),서울 중랑구 챔피언더블랙벨트 홈플러스 상봉점,무료/유료 (플레이스 참조),서울 중랑구에 위치한 인기 아기랑 키즈카페 명소인 [챔피언더블랙벨트 홈플러스 상봉점]입니다.,https://search.naver.com/search.naver?where=nexearch&query=%EC%84%9C%EC%9A%B8%20%EC%A4%91%EB%9E%91%EA%B5%AC%20%EC%95%84%EA%B8%B0%EB%9E%91%20%ED%82%A4%EC%A6%88%EC%B9%B4%ED%8E%98,family:1.0;baby:1.0;parking:1.0;nursing_room:1.0;중랑구;아기랑 키즈카페,2026-08-22 20:34:25,toddler:1.0;indoor:0.9;play:1.0,2,85
네이버 장소검색 | 서울 중랑구,사설키즈카페,미니특공대테마파크  면목역점,상시,영유아 및 어린이 (0세~9세),서울 중랑구 미니특공대테마파크  면목역점,무료/유료 (플레이스 참조),서울 중랑구에 위치한 인기 아기랑 키즈카페 명소인 [미니특공대테마파크  면목역점]입니다.,https://search.naver.com/search.naver?where=nexearch&query=%EC%84%9C%EC%9A%B8%20%EC%A4%91%EB%9E%91%EA%B5%AC%20%EC%95%84%EA%B8%B0%EB%9E%91%20%ED%82%A4%EC%A6%88%EC%B9%B4%ED%8E%98,family:1.0;baby:1.0;parking:1.0;nursing_room:1.0;중랑구;아기랑 키즈카페,2026-08-22 20:34:25,toddler:1.0;indoor:0.9;play:1.0,2,85
네이버 장소검색 | 서울 중랑구,사설키즈카페,꿀잼키즈룸 상봉점,상시,영유아 및 어린이 (0세~9세),서울 중랑구 꿀잼키즈룸 상봉점,무료/유료 (플레이스 참조),서울 중랑구에 위치한 인기 아기랑 키즈카페 명소인 [꿀잼키즈룸 상봉점]입니다.,https://search.naver.com/search.naver?where=nexearch&query=%EC%84%9C%EC%9A%B8%20%EC%A4%91%EB%9E%91%EA%B5%AC%20%EC%95%84%EA%B8%B0%EB%9E%91%20%ED%82%A4%EC%A6%88%EC%B9%B4%ED%8E%98,family:1.0;baby:1.0;parking:1.0;nursing_room:1.0;중랑구;아기랑 키즈카페,2026-08-22 20:34:25,toddler:1.0;indoor:0.9;play:1.0,2,85
네이버 장소검색 | 서울 중랑구,공공키즈카페,서울형키즈카페 중랑,상시,영유아 및 어린이 (0세~9세),서울 중랑구 서울형키즈카페 중랑,무료/유료 (플레이스 참조),서울 중랑구에 위치한 인기 아기랑 키즈카페 명소인 [서울형키즈카페 중랑]입니다.,https://search.naver.com/search.naver?where=nexearch&query=%EC%84%9C%EC%9A%B8%20%EC%A4%91%EB%9E%91%EA%B5%AC%20%EC%95%84%EA%B8%B0%EB%9E%91%20%ED%82%A4%EC%A6%88%EC%B9%B4%ED%8E%98,family:1.0;baby:1.0;parking:1.0;nursing_room:1.0;중랑구;아기랑 키즈카페,2026-08-22 20:34:25,toddler:1.0;indoor:0.9;play:1.0,2,85
네이버 장소검색 | 서울 중랑구,사설키즈카페,곰도리도리키즈카페,상시,영유아 및 어린이 (0세~9세),서울 중랑구 곰도리도리키즈카페,무료/유료 (플레이스 참조),서울 중랑구에 위치한 인기 아기랑 키즈카페 명소인 [곰도리도리키즈카페]입니다.,https://search.naver.com/search.naver?where=nexearch&query=%EC%84%9C%EC%9A%B8%20%EC%A4%91%EB%9E%91%EA%B5%AC%20%EC%95%84%EA%B8%B0%EB%9E%91%20%ED%82%A4%EC%A6%88%EC%B9%B4%ED%8E%98,family:1.0;baby:1.0;parking:1.0;nursing_room:1.0;중랑구;아기랑 키즈카페,2026-08-22 20:34:25,toddler:1.0;indoor:0.9;play:1.0,2,85
네이버 장소검색 | 서울 중랑구,공공키즈카페,전체 7개서울형키즈카페중랑구중화2동점(중랑,상시,영유아 및 어린이 (0세~9세),서울 중랑구 전체 7개서울형키즈카페중랑구중화2동점(중랑,무료/유료 (플레이스 참조),서울 중랑구에 위치한 인기 아기랑 키즈카페 명소인 [전체 7개서울형키즈카페중랑구중화2동점(중랑]입니다.,https://search.naver.com/search.naver?where=nexearch&query=%EC%84%9C%EC%9A%B8%20%EC%A4%91%EB%9E%91%EA%B5%AC%20%EC%95%84%EA%B8%B0%EB%9E%91%20%ED%82%A4%EC%A6%88%EC%B9%B4%ED%8E%98,family:1.0;baby:1.0;parking:1.0;nursing_room:1.0;중랑구;아기랑 키즈카페,2026-08-22 20:34:25,toddler:1.0;indoor:0.9;play:1.0,2,85
네이버 장소검색 | 서울 중랑구,공공키즈카페,서울 중랑구에 있는서울형키즈카페망우역점 (중랑,상시,영유아 및 어린이 (0세~9세),서울 중랑구 서울 중랑구에 있는서울형키즈카페망우역점 (중랑,무료/유료 (플레이스 참조),서울 중랑구에 위치한 인기 아기랑 키즈카페 명소인 [서울 중랑구에 있는서울형키즈카페망우역점 (중랑]입니다.,https://search.naver.com/search.naver?where=nexearch&query=%EC%84%9C%EC%9A%B8%20%EC%A4%91%EB%9E%91%EA%B5%AC%20%EC%95%84%EA%B8%B0%EB%9E%91%20%ED%82%A4%EC%A6%88%EC%B9%B4%ED%8E%98,family:1.0;baby:1.0;parking:1.0;nursing_room:1.0;중랑구;아기랑 키즈카페,2026-08-22 20:34:25,toddler:1.0;indoor:0.9;play:1.0,2,85
네이버 장소검색 | 서울 중랑구,공공키즈카페,서울형키즈카페중랑구망우본동점(중랑,상시,영유아 및 어린이 (0세~9세),서울 중랑구 서울형키즈카페중랑구망우본동점(중랑,무료/유료 (플레이스 참조),서울 중랑구에 위치한 인기 아기랑 키즈카페 명소인 [서울형키즈카페중랑구망우본동점(중랑]입니다.,https://search.naver.com/search.naver?where=nexearch&query=%EC%84%9C%EC%9A%B8%20%EC%A4%91%EB%9E%91%EA%B5%AC%20%EC%95%84%EA%B8%B0%EB%9E%91%20%ED%82%A4%EC%A6%88%EC%B9%B4%ED%8E%98,family:1.0;baby:1.0;parking:1.0;nursing_room:1.0;중랑구;아기랑 키즈카페,2026-08-22 20:34:25,toddler:1.0;indoor:0.9;play:1.0,2,85
네이버 장소검색 | 서울 중랑구,사설키즈카페,경기도 구리시,상시,영유아 및 어린이 (0세~9세),서울 중랑구 경기도 구리시,무료/유료 (플레이스 참조),서울 중랑구에 위치한 인기 아기랑 키즈카페 명소인 [경기도 구리시]입니다.,https://search.naver.com/search.naver?where=nexearch&query=%EC%84%9C%EC%9A%B8%20%EC%A4%91%EB%9E%91%EA%B5%AC%20%EC%95%84%EA%B8%B0%EB%9E%91%20%ED%82%A4%EC%A6%88%EC%B9%B4%ED%8E%98,family:1.0;baby:1.0;parking:1.0;nursing_room:1.0;중랑구;아기랑 키즈카페,2026-08-22 20:34:25,toddler:1.0;indoor:0.9;play:1.0,2,85
네이버 장소검색 | 서울 중랑구,공공키즈카페,아이와서울형키즈카페중랑,상시,영유아 및 어린이 (0세~9세),서울 중랑구 아이와서울형키즈카페중랑,무료/유료 (플레이스 참조),서울 중랑구에 위치한 인기 아기랑 키즈카페 명소인 [아이와서울형키즈카페중랑]입니다.,https://search.naver.com/search.naver?where=nexearch&query=%EC%84%9C%EC%9A%B8%20%EC%A4%91%EB%9E%91%EA%B5%AC%20%EC%95%84%EA%B8%B0%EB%9E%91%20%ED%82%A4%EC%A6%88%EC%B9%B4%ED%8E%98,family:1.0;baby:1.0;parking:1.0;nursing_room:1.0;중랑구;아기랑 키즈카페,2026-08-22 20:34:25,toddler:1.0;indoor:0.9;play:1.0,2,85
네이버 장소검색 | 서울 중랑구,사설키즈카페,입장료 2000원서울키즈카페중랑양원,상시,영유아 및 어린이 (0세~9세),서울 중랑구 입장료 2000원서울키즈카페중랑양원,무료/유료 (플레이스 참조),서울 중랑구에 위치한 인기 아기랑 키즈카페 명소인 [입장료 2000원서울키즈카페중랑양원]입니다.,https://search.naver.com/search.naver?where=nexearch&query=%EC%84%9C%EC%9A%B8%20%EC%A4%91%EB%9E%91%EA%B5%AC%20%EC%95%84%EA%B8%B0%EB%9E%91%20%ED%82%A4%EC%A6%88%EC%B9%B4%ED%8E%98,family:1.0;baby:1.0;parking:1.0;nursing_room:1.0;중랑구;아기랑 키즈카페,2026-08-22 20:34:25,toddler:1.0;indoor:0.9;play:1.0,2,85
네이버 장소검색 | 서울 중랑구,자연친화,면일체육문화센터수영장,상시,영유아 및 어린이 (0세~9세),서울 중랑구 면일체육문화센터수영장,무료/유료 (플레이스 참조),서울 중랑구에 위치한 인기 아기랑 수영장 명소인 [면일체육문화센터수영장]입니다.,https://search.naver.com/search.naver?where=nexearch&query=%EC%84%9C%EC%9A%B8%20%EC%A4%91%EB%9E%91%EA%B5%AC%20%EC%95%84%EA%B8%B0%EB%9E%91%20%EC%88%98%EC%98%81%EC%9E%A5,family:1.0;baby:1.0;parking:1.0;nursing_room:1.0;중랑구;아기랑 수영장,2026-08-22 20:34:25,pool:1.0;water:1.0;outdoor:0.9,2,85
네이버 장소검색 | 서울 중랑구,자연친화,서울중랑워터파크수영장,상시,영유아 및 어린이 (0세~9세),서울 중랑구 서울중랑워터파크수영장,무료/유료 (플레이스 참조),서울 중랑구에 위치한 인기 아기랑 수영장 명소인 [서울중랑워터파크수영장]입니다.,https://search.naver.com/search.naver?where=nexearch&query=%EC%84%9C%EC%9A%B8%20%EC%A4%91%EB%9E%91%EA%B5%AC%20%EC%95%84%EA%B8%B0%EB%9E%91%20%EC%88%98%EC%98%81%EC%9E%A5,family:1.0;baby:1.0;parking:1.0;nursing_room:1.0;중랑구;아기랑 수영장,2026-08-22 20:34:25,pool:1.0;water:1.0;outdoor:0.9,2,85
네이버 장소검색 | 서울 중랑구,자연친화,중랑문화체육관수영장,상시,영유아 및 어린이 (0세~9세),서울 중랑구 중랑문화체육관수영장,무료/유료 (플레이스 참조),서울 중랑구에 위치한 인기 아기랑 수영장 명소인 [중랑문화체육관수영장]입니다.,https://search.naver.com/search.naver?where=nexearch&query=%EC%84%9C%EC%9A%B8%20%EC%A4%91%EB%9E%91%EA%B5%AC%20%EC%95%84%EA%B8%B0%EB%9E%91%20%EC%88%98%EC%98%81%EC%9E%A5,family:1.0;baby:1.0;parking:1.0;nursing_room:1.0;중랑구;아기랑 수영장,2026-08-22 20:34:25,pool:1.0;water:1.0;outdoor:0.9,2,85
네이버 장소검색 | 서울 중랑구,자연친화,베스트키즈풀수영장,상시,영유아 및 어린이 (0세~9세),서울 중랑구 베스트키즈풀수영장,무료/유료 (플레이스 참조),서울 중랑구에 위치한 인기 아기랑 수영장 명소인 [베스트키즈풀수영장]입니다.,https://search.naver.com/search.naver?where=nexearch&query=%EC%84%9C%EC%9A%B8%20%EC%A4%91%EB%9E%91%EA%B5%AC%20%EC%95%84%EA%B8%B0%EB%9E%91%20%EC%88%98%EC%98%81%EC%9E%A5,family:1.0;baby:1.0;parking:1.0;nursing_room:1.0;중랑구;아기랑 수영장,2026-08-22 20:34:25,pool:1.0;water:1.0;outdoor:0.9,2,85
네이버 장소검색 | 서울 중랑구,자연친화,아이누리수영장 중랑센터수영장,상시,영유아 및 어린이 (0세~9세),서울 중랑구 아이누리수영장 중랑센터수영장,무료/유료 (플레이스 참조),서울 중랑구에 위치한 인기 아기랑 수영장 명소인 [아이누리수영장 중랑센터수영장]입니다.,https://search.naver.com/search.naver?where=nexearch&query=%EC%84%9C%EC%9A%B8%20%EC%A4%91%EB%9E%91%EA%B5%AC%20%EC%95%84%EA%B8%B0%EB%9E%91%20%EC%88%98%EC%98%81%EC%9E%A5,family:1.0;baby:1.0;parking:1.0;nursing_room:1.0;중랑구;아기랑 수영장,2026-08-22 20:34:25,pool:1.0;water:1.0;outdoor:0.9,2,85
네이버 장소검색 | 서울 중랑구,자연친화,중랑구민체육센터수영장,상시,영유아 및 어린이 (0세~9세),서울 중랑구 중랑구민체육센터수영장,무료/유료 (플레이스 참조),서울 중랑구에 위치한 인기 아기랑 수영장 명소인 [중랑구민체육센터수영장]입니다.,https://search.naver.com/search.naver?where=nexearch&query=%EC%84%9C%EC%9A%B8%20%EC%A4%91%EB%9E%91%EA%B5%AC%20%EC%95%84%EA%B8%B0%EB%9E%91%20%EC%88%98%EC%98%81%EC%9E%A5,family:1.0;baby:1.0;parking:1.0;nursing_room:1.0;중랑구;아기랑 수영장,2026-08-22 20:34:25,pool:1.0;water:1.0;outdoor:0.9,2,85
네이버 장소검색 | 서울 중랑구,자연친화,여름이 되면 찾게되는중랑구물놀이장의,상시,영유아 및 어린이 (0세~9세),서울 중랑구 여름이 되면 찾게되는중랑구물놀이장의,무료/유료 (플레이스 참조),서울 중랑구에 위치한 인기 아기랑 수영장 명소인 [여름이 되면 찾게되는중랑구물놀이장의]입니다.,https://search.naver.com/search.naver?where=nexearch&query=%EC%84%9C%EC%9A%B8%20%EC%A4%91%EB%9E%91%EA%B5%AC%20%EC%95%84%EA%B8%B0%EB%9E%91%20%EC%88%98%EC%98%81%EC%9E%A5,family:1.0;baby:1.0;parking:1.0;nursing_room:1.0;중랑구;아기랑 수영장,2026-08-22 20:34:25,pool:1.0;water:1.0;outdoor:0.9,2,85
네이버 장소검색 | 서울 중랑구,자연친화,서울중랑,상시,영유아 및 어린이 (0세~9세),서울 중랑구 서울중랑,무료/유료 (플레이스 참조),서울 중랑구에 위치한 인기 아기랑 수영장 명소인 [서울중랑]입니다.,https://search.naver.com/search.naver?where=nexearch&query=%EC%84%9C%EC%9A%B8%20%EC%A4%91%EB%9E%91%EA%B5%AC%20%EC%95%84%EA%B8%B0%EB%9E%91%20%EC%88%98%EC%98%81%EC%9E%A5,family:1.0;baby:1.0;parking:1.0;nursing_room:1.0;중랑구;아기랑 수영장,2026-08-22 20:34:25,pool:1.0;water:1.0;outdoor:0.9,2,85
네이버 장소검색 | 서울 중랑구,자연친화,중랑,상시,영유아 및 어린이 (0세~9세),서울 중랑구 중랑,무료/유료 (플레이스 참조),서울 중랑구에 위치한 인기 아기랑 모래놀이 명소인 [중랑]입니다.,https://search.naver.com/search.naver?where=nexearch&query=%EC%84%9C%EC%9A%B8%20%EC%A4%91%EB%9E%91%EA%B5%AC%20%EC%95%84%EA%B8%B0%EB%9E%91%20%EB%AA%A8%EB%9E%98%EB%86%80%EC%9D%B4,family:1.0;baby:1.0;parking:1.0;nursing_room:1.0;중랑구;아기랑 모래놀이,2026-08-22 20:34:25,sand:1.0;nature:1.0;play:0.9,2,85
네이버 장소검색 | 서울 중랑구,자연친화,올해까지 입장료 무료 이용 실내 체험중랑,상시,영유아 및 어린이 (0세~9세),서울 중랑구 올해까지 입장료 무료 이용 실내 체험중랑,무료/유료 (플레이스 참조),서울 중랑구에 위치한 인기 아기랑 모래놀이 명소인 [올해까지 입장료 무료 이용 실내 체험중랑]입니다.,https://search.naver.com/search.naver?where=nexearch&query=%EC%84%9C%EC%9A%B8%20%EC%A4%91%EB%9E%91%EA%B5%AC%20%EC%95%84%EA%B8%B0%EB%9E%91%20%EB%AA%A8%EB%9E%98%EB%86%80%EC%9D%B4,family:1.0;baby:1.0;parking:1.0;nursing_room:1.0;중랑구;아기랑 모래놀이,2026-08-22 20:34:25,sand:1.0;nature:1.0;play:0.9,2,85
네이버 장소검색 | 서울 중랑구,자연친화,면목동,상시,영유아 및 어린이 (0세~9세),서울 중랑구 면목동,무료/유료 (플레이스 참조),서울 중랑구에 위치한 인기 아기랑 모래놀이 명소인 [면목동]입니다.,https://search.naver.com/search.naver?where=nexearch&query=%EC%84%9C%EC%9A%B8%20%EC%A4%91%EB%9E%91%EA%B5%AC%20%EC%95%84%EA%B8%B0%EB%9E%91%20%EB%AA%A8%EB%9E%98%EB%86%80%EC%9D%B4,family:1.0;baby:1.0;parking:1.0;nursing_room:1.0;중랑구;아기랑 모래놀이,2026-08-22 20:34:25,sand:1.0;nature:1.0;play:0.9,2,85
네이버 장소검색 | 서울 중랑구,자연친화,"용마폭포공원도시,공원",상시,영유아 및 어린이 (0세~9세),"서울 중랑구 용마폭포공원도시,공원",무료/유료 (플레이스 참조),"서울 중랑구에 위치한 인기 아기랑 공원 명소인 [용마폭포공원도시,공원]입니다.",https://search.naver.com/search.naver?where=nexearch&query=%EC%84%9C%EC%9A%B8%20%EC%A4%91%EB%9E%91%EA%B5%AC%20%EC%95%84%EA%B8%B0%EB%9E%91%20%EA%B3%B5%EC%9B%90,family:1.0;baby:1.0;parking:1.0;nursing_room:1.0;중랑구;아기랑 공원,2026-08-22 20:34:25,park:1.0;picnic:1.0;nature:1.0,2,85
네이버 장소검색 | 서울 중랑구,자연친화,망우 역사 문화공원공원,상시,영유아 및 어린이 (0세~9세),서울 중랑구 망우 역사 문화공원공원,무료/유료 (플레이스 참조),서울 중랑구에 위치한 인기 아기랑 공원 명소인 [망우 역사 문화공원공원]입니다.,https://search.naver.com/search.naver?where=nexearch&query=%EC%84%9C%EC%9A%B8%20%EC%A4%91%EB%9E%91%EA%B5%AC%20%EC%95%84%EA%B8%B0%EB%9E%91%20%EA%B3%B5%EC%9B%90,family:1.0;baby:1.0;parking:1.0;nursing_room:1.0;중랑구;아기랑 공원,2026-08-22 20:34:25,park:1.0;picnic:1.0;nature:1.0,2,85
네이버 장소검색 | 서울 중랑구,자연친화,중랑장미공원공원,상시,영유아 및 어린이 (0세~9세),서울 중랑구 중랑장미공원공원,무료/유료 (플레이스 참조),서울 중랑구에 위치한 인기 아기랑 공원 명소인 [중랑장미공원공원]입니다.,https://search.naver.com/search.naver?where=nexearch&query=%EC%84%9C%EC%9A%B8%20%EC%A4%91%EB%9E%91%EA%B5%AC%20%EC%95%84%EA%B8%B0%EB%9E%91%20%EA%B3%B5%EC%9B%90,family:1.0;baby:1.0;parking:1.0;nursing_room:1.0;중랑구;아기랑 공원,2026-08-22 20:34:25,park:1.0;picnic:1.0;nature:1.0,2,85
네이버 장소검색 | 서울 중랑구,자연친화,봉화산옹기공원,상시,영유아 및 어린이 (0세~9세),서울 중랑구 봉화산옹기공원,무료/유료 (플레이스 참조),서울 중랑구에 위치한 인기 아기랑 공원 명소인 [봉화산옹기공원]입니다.,https://search.naver.com/search.naver?where=nexearch&query=%EC%84%9C%EC%9A%B8%20%EC%A4%91%EB%9E%91%EA%B5%AC%20%EC%95%84%EA%B8%B0%EB%9E%91%20%EA%B3%B5%EC%9B%90,family:1.0;baby:1.0;parking:1.0;nursing_room:1.0;중랑구;아기랑 공원,2026-08-22 20:34:25,park:1.0;picnic:1.0;nature:1.0,2,85
네이버 장소검색 | 서울 중랑구,자연친화,중랑캠핑숲공원,상시,영유아 및 어린이 (0세~9세),서울 중랑구 중랑캠핑숲공원,무료/유료 (플레이스 참조),서울 중랑구에 위치한 인기 아기랑 공원 명소인 [중랑캠핑숲공원]입니다.,https://search.naver.com/search.naver?where=nexearch&query=%EC%84%9C%EC%9A%B8%20%EC%A4%91%EB%9E%91%EA%B5%AC%20%EC%95%84%EA%B8%B0%EB%9E%91%20%EA%B3%B5%EC%9B%90,family:1.0;baby:1.0;parking:1.0;nursing_room:1.0;중랑구;아기랑 공원,2026-08-22 20:34:25,park:1.0;picnic:1.0;nature:1.0,2,85
네이버 장소검색 | 서울 중랑구,자연친화,"사가정공원도시,공원",상시,영유아 및 어린이 (0세~9세),"서울 중랑구 사가정공원도시,공원",무료/유료 (플레이스 참조),"서울 중랑구에 위치한 인기 아기랑 공원 명소인 [사가정공원도시,공원]입니다.",https://search.naver.com/search.naver?where=nexearch&query=%EC%84%9C%EC%9A%B8%20%EC%A4%91%EB%9E%91%EA%B5%AC%20%EC%95%84%EA%B8%B0%EB%9E%91%20%EA%B3%B5%EC%9B%90,family:1.0;baby:1.0;parking:1.0;nursing_room:1.0;중랑구;아기랑 공원,2026-08-22 20:34:25,park:1.0;picnic:1.0;nature:1.0,2,85
네이버 장소검색 | 서울 중랑구,자연친화,"서울시 공릉동 물놀이장,중랑캠핑숲어린이물놀이놀이터,",상시,영유아 및 어린이 (0세~9세),"서울 중랑구 서울시 공릉동 물놀이장,중랑캠핑숲어린이물놀이놀이터,",무료/유료 (플레이스 참조),"서울 중랑구에 위치한 인기 아기랑 물놀이터 명소인 [서울시 공릉동 물놀이장,중랑캠핑숲어린이물놀이놀이터,]입니다.",https://search.naver.com/search.naver?where=nexearch&query=%EC%84%9C%EC%9A%B8%20%EC%A4%91%EB%9E%91%EA%B5%AC%20%EC%95%84%EA%B8%B0%EB%9E%91%20%EB%AC%BC%EB%86%80%EC%9D%B4%ED%84%B0,family:1.0;baby:1.0;parking:1.0;nursing_room:1.0;중랑구;아기랑 물놀이터,2026-08-22 20:34:25,water:1.0;outdoor:1.0;picnic:0.8,2,85
네이버 장소검색 | 서울 중랑구,자연친화,서울 중랑구신내공원,상시,영유아 및 어린이 (0세~9세),서울 중랑구 서울 중랑구신내공원,무료/유료 (플레이스 참조),서울 중랑구에 위치한 인기 아기랑 물놀이터 명소인 [서울 중랑구신내공원]입니다.,https://search.naver.com/search.naver?where=nexearch&query=%EC%84%9C%EC%9A%B8%20%EC%A4%91%EB%9E%91%EA%B5%AC%20%EC%95%84%EA%B8%B0%EB%9E%91%20%EB%AC%BC%EB%86%80%EC%9D%B4%ED%84%B0,family:1.0;baby:1.0;parking:1.0;nursing_room:1.0;중랑구;아기랑 물놀이터,2026-08-22 20:34:25,water:1.0;outdoor:1.0;picnic:0.8,2,85
네이버 장소검색 | 서울 중랑구,공공키즈카페,서울형키즈카페중랑구망우본동 3호점중랑,상시,영유아 및 어린이 (0세~9세),서울 중랑구 서울형키즈카페중랑구망우본동 3호점중랑,무료/유료 (플레이스 참조),서울 중랑구에 위치한 인기 아기랑 미술 명소인 [서울형키즈카페중랑구망우본동 3호점중랑]입니다.,https://search.naver.com/search.naver?where=nexearch&query=%EC%84%9C%EC%9A%B8%20%EC%A4%91%EB%9E%91%EA%B5%AC%20%EC%95%84%EA%B8%B0%EB%9E%91%20%EB%AF%B8%EC%88%A0,family:1.0;baby:1.0;parking:1.0;nursing_room:1.0;중랑구;아기랑 미술,2026-08-22 20:34:25,drawing:1.0;art:1.0;experience:1.0,2,85
네이버 장소검색 | 서울 중랑구,가족체험,3주 전서울시중랑구가 지역을,상시,영유아 및 어린이 (0세~9세),서울 중랑구 3주 전서울시중랑구가 지역을,무료/유료 (플레이스 참조),서울 중랑구에 위치한 인기 아기랑 미술 명소인 [3주 전서울시중랑구가 지역을]입니다.,https://search.naver.com/search.naver?where=nexearch&query=%EC%84%9C%EC%9A%B8%20%EC%A4%91%EB%9E%91%EA%B5%AC%20%EC%95%84%EA%B8%B0%EB%9E%91%20%EB%AF%B8%EC%88%A0,family:1.0;baby:1.0;parking:1.0;nursing_room:1.0;중랑구;아기랑 미술,2026-08-22 20:34:25,drawing:1.0;art:1.0;experience:1.0,2,85
네이버 장소검색 | 서울 중랑구,가족체험,활동량 많은 아이와 넓은 공간에서 놀고 싶다면중랑,상시,영유아 및 어린이 (0세~9세),서울 중랑구 활동량 많은 아이와 넓은 공간에서 놀고 싶다면중랑,무료/유료 (플레이스 참조),서울 중랑구에 위치한 인기 아기랑 어린이박물관 명소인 [활동량 많은 아이와 넓은 공간에서 놀고 싶다면중랑]입니다.,https://search.naver.com/search.naver?where=nexearch&query=%EC%84%9C%EC%9A%B8%20%EC%A4%91%EB%9E%91%EA%B5%AC%20%EC%95%84%EA%B8%B0%EB%9E%91%20%EC%96%B4%EB%A6%B0%EC%9D%B4%EB%B0%95%EB%AC%BC%EA%B4%80,family:1.0;baby:1.0;parking:1.0;nursing_room:1.0;중랑구;아기랑 어린이박물관,2026-08-22 20:34:25,museum:1.0;hands_on:1.0;experience:1.0,2,85
네이버 장소검색 | 경기 수원시,사설키즈카페,무인키즈카페우리끼리대관전용,상시,영유아 및 어린이 (0세~9세),경기 수원시 무인키즈카페우리끼리대관전용,무료/유료 (플레이스 참조),경기 수원시에 위치한 인기 아기랑 키즈카페 명소인 [무인키즈카페우리끼리대관전용]입니다.,https://search.naver.com/search.naver?where=nexearch&query=%EA%B2%BD%EA%B8%B0%20%EC%88%98%EC%9B%90%EC%8B%9C%20%EC%95%84%EA%B8%B0%EB%9E%91%20%ED%82%A4%EC%A6%88%EC%B9%B4%ED%8E%98,family:1.0;baby:1.0;parking:1.0;nursing_room:1.0;수원시;아기랑 키즈카페,2026-08-22 20:34:25,toddler:1.0;indoor:0.9;play:1.0,2,85
네이버 장소검색 | 경기 수원시,사설키즈카페,광교키즈카페광교대관키즈카페키즈카페,상시,영유아 및 어린이 (0세~9세),경기 수원시 광교키즈카페광교대관키즈카페키즈카페,무료/유료 (플레이스 참조),경기 수원시에 위치한 인기 아기랑 키즈카페 명소인 [광교키즈카페광교대관키즈카페키즈카페]입니다.,https://search.naver.com/search.naver?where=nexearch&query=%EA%B2%BD%EA%B8%B0%20%EC%88%98%EC%9B%90%EC%8B%9C%20%EC%95%84%EA%B8%B0%EB%9E%91%20%ED%82%A4%EC%A6%88%EC%B9%B4%ED%8E%98,family:1.0;baby:1.0;parking:1.0;nursing_room:1.0;수원시;아기랑 키즈카페,2026-08-22 20:34:25,toddler:1.0;indoor:0.9;play:1.0,2,85
네이버 장소검색 | 경기 수원시,사설키즈카페,아틀란티스X 수원센터점,상시,영유아 및 어린이 (0세~9세),경기 수원시 아틀란티스X 수원센터점,무료/유료 (플레이스 참조),경기 수원시에 위치한 인기 아기랑 키즈카페 명소인 [아틀란티스X 수원센터점]입니다.,https://search.naver.com/search.naver?where=nexearch&query=%EA%B2%BD%EA%B8%B0%20%EC%88%98%EC%9B%90%EC%8B%9C%20%EC%95%84%EA%B8%B0%EB%9E%91%20%ED%82%A4%EC%A6%88%EC%B9%B4%ED%8E%98,family:1.0;baby:1.0;parking:1.0;nursing_room:1.0;수원시;아기랑 키즈카페,2026-08-22 20:34:25,toddler:1.0;indoor:0.9;play:1.0,2,85
네이버 장소검색 | 경기 수원시,사설키즈카페,키즈다쿵2 수원광교점,상시,영유아 및 어린이 (0세~9세),경기 수원시 키즈다쿵2 수원광교점,무료/유료 (플레이스 참조),경기 수원시에 위치한 인기 아기랑 키즈카페 명소인 [키즈다쿵2 수원광교점]입니다.,https://search.naver.com/search.naver?where=nexearch&query=%EA%B2%BD%EA%B8%B0%20%EC%88%98%EC%9B%90%EC%8B%9C%20%EC%95%84%EA%B8%B0%EB%9E%91%20%ED%82%A4%EC%A6%88%EC%B9%B4%ED%8E%98,family:1.0;baby:1.0;parking:1.0;nursing_room:1.0;수원시;아기랑 키즈카페,2026-08-22 20:34:25,toddler:1.0;indoor:0.9;play:1.0,2,85
네이버 장소검색 | 경기 수원시,사설키즈카페,점핑배틀 수원영통점,상시,영유아 및 어린이 (0세~9세),경기 수원시 점핑배틀 수원영통점,무료/유료 (플레이스 참조),경기 수원시에 위치한 인기 아기랑 키즈카페 명소인 [점핑배틀 수원영통점]입니다.,https://search.naver.com/search.naver?where=nexearch&query=%EA%B2%BD%EA%B8%B0%20%EC%88%98%EC%9B%90%EC%8B%9C%20%EC%95%84%EA%B8%B0%EB%9E%91%20%ED%82%A4%EC%A6%88%EC%B9%B4%ED%8E%98,family:1.0;baby:1.0;parking:1.0;nursing_room:1.0;수원시;아기랑 키즈카페,2026-08-22 20:34:25,toddler:1.0;indoor:0.9;play:1.0,2,85
네이버 장소검색 | 경기 수원시,사설키즈카페,점핑몬스터 광교점,상시,영유아 및 어린이 (0세~9세),경기 수원시 점핑몬스터 광교점,무료/유료 (플레이스 참조),경기 수원시에 위치한 인기 아기랑 키즈카페 명소인 [점핑몬스터 광교점]입니다.,https://search.naver.com/search.naver?where=nexearch&query=%EA%B2%BD%EA%B8%B0%20%EC%88%98%EC%9B%90%EC%8B%9C%20%EC%95%84%EA%B8%B0%EB%9E%91%20%ED%82%A4%EC%A6%88%EC%B9%B4%ED%8E%98,family:1.0;baby:1.0;parking:1.0;nursing_room:1.0;수원시;아기랑 키즈카페,2026-08-22 20:34:25,toddler:1.0;indoor:0.9;play:1.0,2,85
네이버 장소검색 | 경기 수원시,사설키즈카페,점핑파크 정자점,상시,영유아 및 어린이 (0세~9세),경기 수원시 점핑파크 정자점,무료/유료 (플레이스 참조),경기 수원시에 위치한 인기 아기랑 키즈카페 명소인 [점핑파크 정자점]입니다.,https://search.naver.com/search.naver?where=nexearch&query=%EA%B2%BD%EA%B8%B0%20%EC%88%98%EC%9B%90%EC%8B%9C%20%EC%95%84%EA%B8%B0%EB%9E%91%20%ED%82%A4%EC%A6%88%EC%B9%B4%ED%8E%98,family:1.0;baby:1.0;parking:1.0;nursing_room:1.0;수원시;아기랑 키즈카페,2026-08-22 20:34:25,toddler:1.0;indoor:0.9;play:1.0,2,85
네이버 장소검색 | 경기 수원시,사설키즈카페,챔피언1250 판타지움 영통점,상시,영유아 및 어린이 (0세~9세),경기 수원시 챔피언1250 판타지움 영통점,무료/유료 (플레이스 참조),경기 수원시에 위치한 인기 아기랑 키즈카페 명소인 [챔피언1250 판타지움 영통점]입니다.,https://search.naver.com/search.naver?where=nexearch&query=%EA%B2%BD%EA%B8%B0%20%EC%88%98%EC%9B%90%EC%8B%9C%20%EC%95%84%EA%B8%B0%EB%9E%91%20%ED%82%A4%EC%A6%88%EC%B9%B4%ED%8E%98,family:1.0;baby:1.0;parking:1.0;nursing_room:1.0;수원시;아기랑 키즈카페,2026-08-22 20:34:25,toddler:1.0;indoor:0.9;play:1.0,2,85
네이버 장소검색 | 경기 수원시,사설키즈카페,경기도수원시권선구,상시,영유아 및 어린이 (0세~9세),경기 수원시 경기도수원시권선구,무료/유료 (플레이스 참조),경기 수원시에 위치한 인기 아기랑 키즈카페 명소인 [경기도수원시권선구]입니다.,https://search.naver.com/search.naver?where=nexearch&query=%EA%B2%BD%EA%B8%B0%20%EC%88%98%EC%9B%90%EC%8B%9C%20%EC%95%84%EA%B8%B0%EB%9E%91%20%ED%82%A4%EC%A6%88%EC%B9%B4%ED%8E%98,family:1.0;baby:1.0;parking:1.0;nursing_room:1.0;수원시;아기랑 키즈카페,2026-08-22 20:34:25,toddler:1.0;indoor:0.9;play:1.0,2,85
네이버 장소검색 | 경기 수원시,자연친화,고기리계곡,상시,영유아 및 어린이 (0세~9세),경기 수원시 고기리계곡,무료/유료 (플레이스 참조),경기 수원시에 위치한 인기 아기랑 계곡 명소인 [고기리계곡]입니다.,https://search.naver.com/search.naver?where=nexearch&query=%EA%B2%BD%EA%B8%B0%20%EC%88%98%EC%9B%90%EC%8B%9C%20%EC%95%84%EA%B8%B0%EB%9E%91%20%EA%B3%84%EA%B3%A1,family:1.0;baby:1.0;parking:1.0;nursing_room:1.0;수원시;아기랑 계곡,2026-08-22 20:34:25,valley:1.0;nature:1.0;water:1.0,2,85
네이버 장소검색 | 경기 수원시,자연친화,백운산계곡,상시,영유아 및 어린이 (0세~9세),경기 수원시 백운산계곡,무료/유료 (플레이스 참조),경기 수원시에 위치한 인기 아기랑 계곡 명소인 [백운산계곡]입니다.,https://search.naver.com/search.naver?where=nexearch&query=%EA%B2%BD%EA%B8%B0%20%EC%88%98%EC%9B%90%EC%8B%9C%20%EC%95%84%EA%B8%B0%EB%9E%91%20%EA%B3%84%EA%B3%A1,family:1.0;baby:1.0;parking:1.0;nursing_room:1.0;수원시;아기랑 계곡,2026-08-22 20:34:25,valley:1.0;nature:1.0;water:1.0,2,85
네이버 장소검색 | 경기 수원시,자연친화,아이풀 영통점수영장,상시,영유아 및 어린이 (0세~9세),경기 수원시 아이풀 영통점수영장,무료/유료 (플레이스 참조),경기 수원시에 위치한 인기 아기랑 수영장 명소인 [아이풀 영통점수영장]입니다.,https://search.naver.com/search.naver?where=nexearch&query=%EA%B2%BD%EA%B8%B0%20%EC%88%98%EC%9B%90%EC%8B%9C%20%EC%95%84%EA%B8%B0%EB%9E%91%20%EC%88%98%EC%98%81%EC%9E%A5,family:1.0;baby:1.0;parking:1.0;nursing_room:1.0;수원시;아기랑 수영장,2026-08-22 20:34:25,pool:1.0;water:1.0;outdoor:0.9,2,85
네이버 장소검색 | 경기 수원시,자연친화,아이풀 권선점수영장,상시,영유아 및 어린이 (0세~9세),경기 수원시 아이풀 권선점수영장,무료/유료 (플레이스 참조),경기 수원시에 위치한 인기 아기랑 수영장 명소인 [아이풀 권선점수영장]입니다.,https://search.naver.com/search.naver?where=nexearch&query=%EA%B2%BD%EA%B8%B0%20%EC%88%98%EC%9B%90%EC%8B%9C%20%EC%95%84%EA%B8%B0%EB%9E%91%20%EC%88%98%EC%98%81%EC%9E%A5,family:1.0;baby:1.0;parking:1.0;nursing_room:1.0;수원시;아기랑 수영장,2026-08-22 20:34:25,pool:1.0;water:1.0;outdoor:0.9,2,85
네이버 장소검색 | 경기 수원시,자연친화,지웨이브 광교수영장,상시,영유아 및 어린이 (0세~9세),경기 수원시 지웨이브 광교수영장,무료/유료 (플레이스 참조),경기 수원시에 위치한 인기 아기랑 수영장 명소인 [지웨이브 광교수영장]입니다.,https://search.naver.com/search.naver?where=nexearch&query=%EA%B2%BD%EA%B8%B0%20%EC%88%98%EC%9B%90%EC%8B%9C%20%EC%95%84%EA%B8%B0%EB%9E%91%20%EC%88%98%EC%98%81%EC%9E%A5,family:1.0;baby:1.0;parking:1.0;nursing_room:1.0;수원시;아기랑 수영장,2026-08-22 20:34:25,pool:1.0;water:1.0;outdoor:0.9,2,85
네이버 장소검색 | 경기 수원시,자연친화,마린크루수영장,상시,영유아 및 어린이 (0세~9세),경기 수원시 마린크루수영장,무료/유료 (플레이스 참조),경기 수원시에 위치한 인기 아기랑 수영장 명소인 [마린크루수영장]입니다.,https://search.naver.com/search.naver?where=nexearch&query=%EA%B2%BD%EA%B8%B0%20%EC%88%98%EC%9B%90%EC%8B%9C%20%EC%95%84%EA%B8%B0%EB%9E%91%20%EC%88%98%EC%98%81%EC%9E%A5,family:1.0;baby:1.0;parking:1.0;nursing_room:1.0;수원시;아기랑 수영장,2026-08-22 20:34:25,pool:1.0;water:1.0;outdoor:0.9,2,85
네이버 장소검색 | 경기 수원시,자연친화,스윔하이수영장,상시,영유아 및 어린이 (0세~9세),경기 수원시 스윔하이수영장,무료/유료 (플레이스 참조),경기 수원시에 위치한 인기 아기랑 수영장 명소인 [스윔하이수영장]입니다.,https://search.naver.com/search.naver?where=nexearch&query=%EA%B2%BD%EA%B8%B0%20%EC%88%98%EC%9B%90%EC%8B%9C%20%EC%95%84%EA%B8%B0%EB%9E%91%20%EC%88%98%EC%98%81%EC%9E%A5,family:1.0;baby:1.0;parking:1.0;nursing_room:1.0;수원시;아기랑 수영장,2026-08-22 20:34:25,pool:1.0;water:1.0;outdoor:0.9,2,85
네이버 장소검색 | 경기 수원시,자연친화,키즈스플래쉬&아크스포츠수영장,상시,영유아 및 어린이 (0세~9세),경기 수원시 키즈스플래쉬&아크스포츠수영장,무료/유료 (플레이스 참조),경기 수원시에 위치한 인기 아기랑 수영장 명소인 [키즈스플래쉬&아크스포츠수영장]입니다.,https://search.naver.com/search.naver?where=nexearch&query=%EA%B2%BD%EA%B8%B0%20%EC%88%98%EC%9B%90%EC%8B%9C%20%EC%95%84%EA%B8%B0%EB%9E%91%20%EC%88%98%EC%98%81%EC%9E%A5,family:1.0;baby:1.0;parking:1.0;nursing_room:1.0;수원시;아기랑 수영장,2026-08-22 20:34:25,pool:1.0;water:1.0;outdoor:0.9,2,85
네이버 장소검색 | 경기 수원시,자연친화,계곡과,상시,영유아 및 어린이 (0세~9세),경기 수원시 계곡과,무료/유료 (플레이스 참조),경기 수원시에 위치한 인기 아기랑 수영장 명소인 [계곡과]입니다.,https://search.naver.com/search.naver?where=nexearch&query=%EA%B2%BD%EA%B8%B0%20%EC%88%98%EC%9B%90%EC%8B%9C%20%EC%95%84%EA%B8%B0%EB%9E%91%20%EC%88%98%EC%98%81%EC%9E%A5,family:1.0;baby:1.0;parking:1.0;nursing_room:1.0;수원시;아기랑 수영장,2026-08-22 20:34:25,pool:1.0;water:1.0;outdoor:0.9,2,85
네이버 장소검색 | 경기 수원시,자연친화,경기도수원시영통구,상시,영유아 및 어린이 (0세~9세),경기 수원시 경기도수원시영통구,무료/유료 (플레이스 참조),경기 수원시에 위치한 인기 아기랑 모래놀이 명소인 [경기도수원시영통구]입니다.,https://search.naver.com/search.naver?where=nexearch&query=%EA%B2%BD%EA%B8%B0%20%EC%88%98%EC%9B%90%EC%8B%9C%20%EC%95%84%EA%B8%B0%EB%9E%91%20%EB%AA%A8%EB%9E%98%EB%86%80%EC%9D%B4,family:1.0;baby:1.0;parking:1.0;nursing_room:1.0;수원시;아기랑 모래놀이,2026-08-22 20:34:25,sand:1.0;nature:1.0;play:0.9,2,85
네이버 장소검색 | 경기 수원시,자연친화,"효원공원도시,공원",상시,영유아 및 어린이 (0세~9세),"경기 수원시 효원공원도시,공원",무료/유료 (플레이스 참조),"경기 수원시에 위치한 인기 아기랑 공원 명소인 [효원공원도시,공원]입니다.",https://search.naver.com/search.naver?where=nexearch&query=%EA%B2%BD%EA%B8%B0%20%EC%88%98%EC%9B%90%EC%8B%9C%20%EC%95%84%EA%B8%B0%EB%9E%91%20%EA%B3%B5%EC%9B%90,family:1.0;baby:1.0;parking:1.0;nursing_room:1.0;수원시;아기랑 공원,2026-08-22 20:34:25,park:1.0;picnic:1.0;nature:1.0,2,85
네이버 장소검색 | 경기 수원시,자연친화,"만석공원도시,공원",상시,영유아 및 어린이 (0세~9세),"경기 수원시 만석공원도시,공원",무료/유료 (플레이스 참조),"경기 수원시에 위치한 인기 아기랑 공원 명소인 [만석공원도시,공원]입니다.",https://search.naver.com/search.naver?where=nexearch&query=%EA%B2%BD%EA%B8%B0%20%EC%88%98%EC%9B%90%EC%8B%9C%20%EC%95%84%EA%B8%B0%EB%9E%91%20%EA%B3%B5%EC%9B%90,family:1.0;baby:1.0;parking:1.0;nursing_room:1.0;수원시;아기랑 공원,2026-08-22 20:34:25,park:1.0;picnic:1.0;nature:1.0,2,85
네이버 장소검색 | 경기 수원시,자연친화,올림픽공원공원,상시,영유아 및 어린이 (0세~9세),경기 수원시 올림픽공원공원,무료/유료 (플레이스 참조),경기 수원시에 위치한 인기 아기랑 공원 명소인 [올림픽공원공원]입니다.,https://search.naver.com/search.naver?where=nexearch&query=%EA%B2%BD%EA%B8%B0%20%EC%88%98%EC%9B%90%EC%8B%9C%20%EC%95%84%EA%B8%B0%EB%9E%91%20%EA%B3%B5%EC%9B%90,family:1.0;baby:1.0;parking:1.0;nursing_room:1.0;수원시;아기랑 공원,2026-08-22 20:34:25,park:1.0;picnic:1.0;nature:1.0,2,85
네이버 장소검색 | 경기 수원시,자연친화,"서호공원도시,공원",상시,영유아 및 어린이 (0세~9세),"경기 수원시 서호공원도시,공원",무료/유료 (플레이스 참조),"경기 수원시에 위치한 인기 아기랑 공원 명소인 [서호공원도시,공원]입니다.",https://search.naver.com/search.naver?where=nexearch&query=%EA%B2%BD%EA%B8%B0%20%EC%88%98%EC%9B%90%EC%8B%9C%20%EC%95%84%EA%B8%B0%EB%9E%91%20%EA%B3%B5%EC%9B%90,family:1.0;baby:1.0;parking:1.0;nursing_room:1.0;수원시;아기랑 공원,2026-08-22 20:34:25,park:1.0;picnic:1.0;nature:1.0,2,85
네이버 장소검색 | 경기 수원시,자연친화,효원공원월화원공원,상시,영유아 및 어린이 (0세~9세),경기 수원시 효원공원월화원공원,무료/유료 (플레이스 참조),경기 수원시에 위치한 인기 아기랑 공원 명소인 [효원공원월화원공원]입니다.,https://search.naver.com/search.naver?where=nexearch&query=%EA%B2%BD%EA%B8%B0%20%EC%88%98%EC%9B%90%EC%8B%9C%20%EC%95%84%EA%B8%B0%EB%9E%91%20%EA%B3%B5%EC%9B%90,family:1.0;baby:1.0;parking:1.0;nursing_room:1.0;수원시;아기랑 공원,2026-08-22 20:34:25,park:1.0;picnic:1.0;nature:1.0,2,85
네이버 장소검색 | 경기 수원시,자연친화,매탄공원공원,상시,영유아 및 어린이 (0세~9세),경기 수원시 매탄공원공원,무료/유료 (플레이스 참조),경기 수원시에 위치한 인기 아기랑 공원 명소인 [매탄공원공원]입니다.,https://search.naver.com/search.naver?where=nexearch&query=%EA%B2%BD%EA%B8%B0%20%EC%88%98%EC%9B%90%EC%8B%9C%20%EC%95%84%EA%B8%B0%EB%9E%91%20%EA%B3%B5%EC%9B%90,family:1.0;baby:1.0;parking:1.0;nursing_room:1.0;수원시;아기랑 공원,2026-08-22 20:34:25,park:1.0;picnic:1.0;nature:1.0,2,85
네이버 장소검색 | 경기 수원시,가족체험,국립농업박물관어린이박물관부속시설,상시,영유아 및 어린이 (0세~9세),경기 수원시 국립농업박물관어린이박물관부속시설,무료/유료 (플레이스 참조),경기 수원시에 위치한 인기 아기랑 어린이박물관 명소인 [국립농업박물관어린이박물관부속시설]입니다.,https://search.naver.com/search.naver?where=nexearch&query=%EA%B2%BD%EA%B8%B0%20%EC%88%98%EC%9B%90%EC%8B%9C%20%EC%95%84%EA%B8%B0%EB%9E%91%20%EC%96%B4%EB%A6%B0%EC%9D%B4%EB%B0%95%EB%AC%BC%EA%B4%80,family:1.0;baby:1.0;parking:1.0;nursing_room:1.0;수원시;아기랑 어린이박물관,2026-08-22 20:34:25,museum:1.0;hands_on:1.0;experience:1.0,2,85
네이버 장소검색 | 경기 수원시,가족체험,국립농업박물관박물관,상시,영유아 및 어린이 (0세~9세),경기 수원시 국립농업박물관박물관,무료/유료 (플레이스 참조),경기 수원시에 위치한 인기 아기랑 어린이박물관 명소인 [국립농업박물관박물관]입니다.,https://search.naver.com/search.naver?where=nexearch&query=%EA%B2%BD%EA%B8%B0%20%EC%88%98%EC%9B%90%EC%8B%9C%20%EC%95%84%EA%B8%B0%EB%9E%91%20%EC%96%B4%EB%A6%B0%EC%9D%B4%EB%B0%95%EB%AC%BC%EA%B4%80,family:1.0;baby:1.0;parking:1.0;nursing_room:1.0;수원시;아기랑 어린이박물관,2026-08-22 20:34:25,museum:1.0;hands_on:1.0;experience:1.0,2,85
네이버 장소검색 | 경기 수원시,가족체험,해우재 박물관박물관,상시,영유아 및 어린이 (0세~9세),경기 수원시 해우재 박물관박물관,무료/유료 (플레이스 참조),경기 수원시에 위치한 인기 아기랑 어린이박물관 명소인 [해우재 박물관박물관]입니다.,https://search.naver.com/search.naver?where=nexearch&query=%EA%B2%BD%EA%B8%B0%20%EC%88%98%EC%9B%90%EC%8B%9C%20%EC%95%84%EA%B8%B0%EB%9E%91%20%EC%96%B4%EB%A6%B0%EC%9D%B4%EB%B0%95%EB%AC%BC%EA%B4%80,family:1.0;baby:1.0;parking:1.0;nursing_room:1.0;수원시;아기랑 어린이박물관,2026-08-22 20:34:25,museum:1.0;hands_on:1.0;experience:1.0,2,85
네이버 장소검색 | 경기 수원시,가족체험,"정지영커피로스터즈 국립농업박물관점카페,디저트",상시,영유아 및 어린이 (0세~9세),"경기 수원시 정지영커피로스터즈 국립농업박물관점카페,디저트",무료/유료 (플레이스 참조),"경기 수원시에 위치한 인기 아기랑 어린이박물관 명소인 [정지영커피로스터즈 국립농업박물관점카페,디저트]입니다.",https://search.naver.com/search.naver?where=nexearch&query=%EA%B2%BD%EA%B8%B0%20%EC%88%98%EC%9B%90%EC%8B%9C%20%EC%95%84%EA%B8%B0%EB%9E%91%20%EC%96%B4%EB%A6%B0%EC%9D%B4%EB%B0%95%EB%AC%BC%EA%B4%80,family:1.0;baby:1.0;parking:1.0;nursing_room:1.0;수원시;아기랑 어린이박물관,2026-08-22 20:34:25,museum:1.0;hands_on:1.0;experience:1.0,2,85
네이버 장소검색 | 경기 성남시,사설키즈카페,키즈베이위례점,상시,영유아 및 어린이 (0세~9세),경기 성남시 키즈베이위례점,무료/유료 (플레이스 참조),경기 성남시에 위치한 인기 아기랑 키즈카페 명소인 [키즈베이위례점]입니다.,https://search.naver.com/search.naver?where=nexearch&query=%EA%B2%BD%EA%B8%B0%20%EC%84%B1%EB%82%A8%EC%8B%9C%20%EC%95%84%EA%B8%B0%EB%9E%91%20%ED%82%A4%EC%A6%88%EC%B9%B4%ED%8E%98,family:1.0;baby:1.0;parking:1.0;nursing_room:1.0;성남시;아기랑 키즈카페,2026-08-22 20:34:25,toddler:1.0;indoor:0.9;play:1.0,2,85
네이버 장소검색 | 경기 성남시,사설키즈카페,릴리펏 위례점,상시,영유아 및 어린이 (0세~9세),경기 성남시 릴리펏 위례점,무료/유료 (플레이스 참조),경기 성남시에 위치한 인기 아기랑 키즈카페 명소인 [릴리펏 위례점]입니다.,https://search.naver.com/search.naver?where=nexearch&query=%EA%B2%BD%EA%B8%B0%20%EC%84%B1%EB%82%A8%EC%8B%9C%20%EC%95%84%EA%B8%B0%EB%9E%91%20%ED%82%A4%EC%A6%88%EC%B9%B4%ED%8E%98,family:1.0;baby:1.0;parking:1.0;nursing_room:1.0;성남시;아기랑 키즈카페,2026-08-22 20:34:25,toddler:1.0;indoor:0.9;play:1.0,2,85
네이버 장소검색 | 경기 성남시,사설키즈카페,모넬로 판교점,상시,영유아 및 어린이 (0세~9세),경기 성남시 모넬로 판교점,무료/유료 (플레이스 참조),경기 성남시에 위치한 인기 아기랑 키즈카페 명소인 [모넬로 판교점]입니다.,https://search.naver.com/search.naver?where=nexearch&query=%EA%B2%BD%EA%B8%B0%20%EC%84%B1%EB%82%A8%EC%8B%9C%20%EC%95%84%EA%B8%B0%EB%9E%91%20%ED%82%A4%EC%A6%88%EC%B9%B4%ED%8E%98,family:1.0;baby:1.0;parking:1.0;nursing_room:1.0;성남시;아기랑 키즈카페,2026-08-22 20:34:25,toddler:1.0;indoor:0.9;play:1.0,2,85
네이버 장소검색 | 경기 성남시,사설키즈카페,점핑몬스터 위례점,상시,영유아 및 어린이 (0세~9세),경기 성남시 점핑몬스터 위례점,무료/유료 (플레이스 참조),경기 성남시에 위치한 인기 아기랑 키즈카페 명소인 [점핑몬스터 위례점]입니다.,https://search.naver.com/search.naver?where=nexearch&query=%EA%B2%BD%EA%B8%B0%20%EC%84%B1%EB%82%A8%EC%8B%9C%20%EC%95%84%EA%B8%B0%EB%9E%91%20%ED%82%A4%EC%A6%88%EC%B9%B4%ED%8E%98,family:1.0;baby:1.0;parking:1.0;nursing_room:1.0;성남시;아기랑 키즈카페,2026-08-22 20:34:25,toddler:1.0;indoor:0.9;play:1.0,2,85
네이버 장소검색 | 경기 성남시,사설키즈카페,아이와 하루 분당야탑점,상시,영유아 및 어린이 (0세~9세),경기 성남시 아이와 하루 분당야탑점,무료/유료 (플레이스 참조),경기 성남시에 위치한 인기 아기랑 키즈카페 명소인 [아이와 하루 분당야탑점]입니다.,https://search.naver.com/search.naver?where=nexearch&query=%EA%B2%BD%EA%B8%B0%20%EC%84%B1%EB%82%A8%EC%8B%9C%20%EC%95%84%EA%B8%B0%EB%9E%91%20%ED%82%A4%EC%A6%88%EC%B9%B4%ED%8E%98,family:1.0;baby:1.0;parking:1.0;nursing_room:1.0;성남시;아기랑 키즈카페,2026-08-22 20:34:25,toddler:1.0;indoor:0.9;play:1.0,2,85
네이버 장소검색 | 경기 성남시,사설키즈카페,키즈인더룸 위례점,상시,영유아 및 어린이 (0세~9세),경기 성남시 키즈인더룸 위례점,무료/유료 (플레이스 참조),경기 성남시에 위치한 인기 아기랑 키즈카페 명소인 [키즈인더룸 위례점]입니다.,https://search.naver.com/search.naver?where=nexearch&query=%EA%B2%BD%EA%B8%B0%20%EC%84%B1%EB%82%A8%EC%8B%9C%20%EC%95%84%EA%B8%B0%EB%9E%91%20%ED%82%A4%EC%A6%88%EC%B9%B4%ED%8E%98,family:1.0;baby:1.0;parking:1.0;nursing_room:1.0;성남시;아기랑 키즈카페,2026-08-22 20:34:25,toddler:1.0;indoor:0.9;play:1.0,2,85
네이버 장소검색 | 경기 성남시,사설키즈카페,경기도 광주시,상시,영유아 및 어린이 (0세~9세),경기 성남시 경기도 광주시,무료/유료 (플레이스 참조),경기 성남시에 위치한 인기 아기랑 키즈카페 명소인 [경기도 광주시]입니다.,https://search.naver.com/search.naver?where=nexearch&query=%EA%B2%BD%EA%B8%B0%20%EC%84%B1%EB%82%A8%EC%8B%9C%20%EC%95%84%EA%B8%B0%EB%9E%91%20%ED%82%A4%EC%A6%88%EC%B9%B4%ED%8E%98,family:1.0;baby:1.0;parking:1.0;nursing_room:1.0;성남시;아기랑 키즈카페,2026-08-22 20:34:25,toddler:1.0;indoor:0.9;play:1.0,2,85
네이버 장소검색 | 경기 성남시,사설키즈카페,성남시에서 운영하는 무료,상시,영유아 및 어린이 (0세~9세),경기 성남시 성남시에서 운영하는 무료,무료/유료 (플레이스 참조),경기 성남시에 위치한 인기 아기랑 키즈카페 명소인 [성남시에서 운영하는 무료]입니다.,https://search.naver.com/search.naver?where=nexearch&query=%EA%B2%BD%EA%B8%B0%20%EC%84%B1%EB%82%A8%EC%8B%9C%20%EC%95%84%EA%B8%B0%EB%9E%91%20%ED%82%A4%EC%A6%88%EC%B9%B4%ED%8E%98,family:1.0;baby:1.0;parking:1.0;nursing_room:1.0;성남시;아기랑 키즈카페,2026-08-22 20:34:25,toddler:1.0;indoor:0.9;play:1.0,2,85
네이버 장소검색 | 경기 성남시,자연친화,성남계곡사기막골 공원,상시,영유아 및 어린이 (0세~9세),경기 성남시 성남계곡사기막골 공원,무료/유료 (플레이스 참조),경기 성남시에 위치한 인기 아기랑 계곡 명소인 [성남계곡사기막골 공원]입니다.,https://search.naver.com/search.naver?where=nexearch&query=%EA%B2%BD%EA%B8%B0%20%EC%84%B1%EB%82%A8%EC%8B%9C%20%EC%95%84%EA%B8%B0%EB%9E%91%20%EA%B3%84%EA%B3%A1,family:1.0;baby:1.0;parking:1.0;nursing_room:1.0;성남시;아기랑 계곡,2026-08-22 20:34:25,valley:1.0;nature:1.0;water:1.0,2,85
네이버 장소검색 | 경기 성남시,자연친화,오션키즈 성남센터수영장,상시,영유아 및 어린이 (0세~9세),경기 성남시 오션키즈 성남센터수영장,무료/유료 (플레이스 참조),경기 성남시에 위치한 인기 아기랑 수영장 명소인 [오션키즈 성남센터수영장]입니다.,https://search.naver.com/search.naver?where=nexearch&query=%EA%B2%BD%EA%B8%B0%20%EC%84%B1%EB%82%A8%EC%8B%9C%20%EC%95%84%EA%B8%B0%EB%9E%91%20%EC%88%98%EC%98%81%EC%9E%A5,family:1.0;baby:1.0;parking:1.0;nursing_room:1.0;성남시;아기랑 수영장,2026-08-22 20:34:25,pool:1.0;water:1.0;outdoor:0.9,2,85
네이버 장소검색 | 경기 성남시,자연친화,헤엄하다수영장,상시,영유아 및 어린이 (0세~9세),경기 성남시 헤엄하다수영장,무료/유료 (플레이스 참조),경기 성남시에 위치한 인기 아기랑 수영장 명소인 [헤엄하다수영장]입니다.,https://search.naver.com/search.naver?where=nexearch&query=%EA%B2%BD%EA%B8%B0%20%EC%84%B1%EB%82%A8%EC%8B%9C%20%EC%95%84%EA%B8%B0%EB%9E%91%20%EC%88%98%EC%98%81%EC%9E%A5,family:1.0;baby:1.0;parking:1.0;nursing_room:1.0;성남시;아기랑 수영장,2026-08-22 20:34:25,pool:1.0;water:1.0;outdoor:0.9,2,85
네이버 장소검색 | 경기 성남시,자연친화,오션차일드 위례센터수영장,상시,영유아 및 어린이 (0세~9세),경기 성남시 오션차일드 위례센터수영장,무료/유료 (플레이스 참조),경기 성남시에 위치한 인기 아기랑 수영장 명소인 [오션차일드 위례센터수영장]입니다.,https://search.naver.com/search.naver?where=nexearch&query=%EA%B2%BD%EA%B8%B0%20%EC%84%B1%EB%82%A8%EC%8B%9C%20%EC%95%84%EA%B8%B0%EB%9E%91%20%EC%88%98%EC%98%81%EC%9E%A5,family:1.0;baby:1.0;parking:1.0;nursing_room:1.0;성남시;아기랑 수영장,2026-08-22 20:34:25,pool:1.0;water:1.0;outdoor:0.9,2,85
네이버 장소검색 | 경기 성남시,자연친화,"오늘도,수영수영장",상시,영유아 및 어린이 (0세~9세),"경기 성남시 오늘도,수영수영장",무료/유료 (플레이스 참조),"경기 성남시에 위치한 인기 아기랑 수영장 명소인 [오늘도,수영수영장]입니다.",https://search.naver.com/search.naver?where=nexearch&query=%EA%B2%BD%EA%B8%B0%20%EC%84%B1%EB%82%A8%EC%8B%9C%20%EC%95%84%EA%B8%B0%EB%9E%91%20%EC%88%98%EC%98%81%EC%9E%A5,family:1.0;baby:1.0;parking:1.0;nursing_room:1.0;성남시;아기랑 수영장,2026-08-22 20:34:25,pool:1.0;water:1.0;outdoor:0.9,2,85
네이버 장소검색 | 경기 성남시,자연친화,성남종합운동장 수영장,상시,영유아 및 어린이 (0세~9세),경기 성남시 성남종합운동장 수영장,무료/유료 (플레이스 참조),경기 성남시에 위치한 인기 아기랑 수영장 명소인 [성남종합운동장 수영장]입니다.,https://search.naver.com/search.naver?where=nexearch&query=%EA%B2%BD%EA%B8%B0%20%EC%84%B1%EB%82%A8%EC%8B%9C%20%EC%95%84%EA%B8%B0%EB%9E%91%20%EC%88%98%EC%98%81%EC%9E%A5,family:1.0;baby:1.0;parking:1.0;nursing_room:1.0;성남시;아기랑 수영장,2026-08-22 20:34:25,pool:1.0;water:1.0;outdoor:0.9,2,85
네이버 장소검색 | 경기 성남시,자연친화,정자 이동식 물놀이장수영장,상시,영유아 및 어린이 (0세~9세),경기 성남시 정자 이동식 물놀이장수영장,무료/유료 (플레이스 참조),경기 성남시에 위치한 인기 아기랑 수영장 명소인 [정자 이동식 물놀이장수영장]입니다.,https://search.naver.com/search.naver?where=nexearch&query=%EA%B2%BD%EA%B8%B0%20%EC%84%B1%EB%82%A8%EC%8B%9C%20%EC%95%84%EA%B8%B0%EB%9E%91%20%EC%88%98%EC%98%81%EC%9E%A5,family:1.0;baby:1.0;parking:1.0;nursing_room:1.0;성남시;아기랑 수영장,2026-08-22 20:34:25,pool:1.0;water:1.0;outdoor:0.9,2,85
네이버 장소검색 | 경기 성남시,자연친화,성남시‘최대 규모 도서관’과 함께,상시,영유아 및 어린이 (0세~9세),경기 성남시 성남시‘최대 규모 도서관’과 함께,무료/유료 (플레이스 참조),경기 성남시에 위치한 인기 아기랑 수영장 명소인 [성남시‘최대 규모 도서관’과 함께]입니다.,https://search.naver.com/search.naver?where=nexearch&query=%EA%B2%BD%EA%B8%B0%20%EC%84%B1%EB%82%A8%EC%8B%9C%20%EC%95%84%EA%B8%B0%EB%9E%91%20%EC%88%98%EC%98%81%EC%9E%A5,family:1.0;baby:1.0;parking:1.0;nursing_room:1.0;성남시;아기랑 수영장,2026-08-22 20:34:25,pool:1.0;water:1.0;outdoor:0.9,2,85
네이버 장소검색 | 경기 성남시,자연친화,율동공원공원,상시,영유아 및 어린이 (0세~9세),경기 성남시 율동공원공원,무료/유료 (플레이스 참조),경기 성남시에 위치한 인기 아기랑 공원 명소인 [율동공원공원]입니다.,https://search.naver.com/search.naver?where=nexearch&query=%EA%B2%BD%EA%B8%B0%20%EC%84%B1%EB%82%A8%EC%8B%9C%20%EC%95%84%EA%B8%B0%EB%9E%91%20%EA%B3%B5%EC%9B%90,family:1.0;baby:1.0;parking:1.0;nursing_room:1.0;성남시;아기랑 공원,2026-08-22 20:34:25,park:1.0;picnic:1.0;nature:1.0,2,85
네이버 장소검색 | 경기 성남시,자연친화,분당중앙공원공원,상시,영유아 및 어린이 (0세~9세),경기 성남시 분당중앙공원공원,무료/유료 (플레이스 참조),경기 성남시에 위치한 인기 아기랑 공원 명소인 [분당중앙공원공원]입니다.,https://search.naver.com/search.naver?where=nexearch&query=%EA%B2%BD%EA%B8%B0%20%EC%84%B1%EB%82%A8%EC%8B%9C%20%EC%95%84%EA%B8%B0%EB%9E%91%20%EA%B3%B5%EC%9B%90,family:1.0;baby:1.0;parking:1.0;nursing_room:1.0;성남시;아기랑 공원,2026-08-22 20:34:25,park:1.0;picnic:1.0;nature:1.0,2,85
네이버 장소검색 | 경기 성남시,자연친화,화랑공원공원,상시,영유아 및 어린이 (0세~9세),경기 성남시 화랑공원공원,무료/유료 (플레이스 참조),경기 성남시에 위치한 인기 아기랑 공원 명소인 [화랑공원공원]입니다.,https://search.naver.com/search.naver?where=nexearch&query=%EA%B2%BD%EA%B8%B0%20%EC%84%B1%EB%82%A8%EC%8B%9C%20%EC%95%84%EA%B8%B0%EB%9E%91%20%EA%B3%B5%EC%9B%90,family:1.0;baby:1.0;parking:1.0;nursing_room:1.0;성남시;아기랑 공원,2026-08-22 20:34:25,park:1.0;picnic:1.0;nature:1.0,2,85
네이버 장소검색 | 경기 성남시,자연친화,희망대공원공원,상시,영유아 및 어린이 (0세~9세),경기 성남시 희망대공원공원,무료/유료 (플레이스 참조),경기 성남시에 위치한 인기 아기랑 공원 명소인 [희망대공원공원]입니다.,https://search.naver.com/search.naver?where=nexearch&query=%EA%B2%BD%EA%B8%B0%20%EC%84%B1%EB%82%A8%EC%8B%9C%20%EC%95%84%EA%B8%B0%EB%9E%91%20%EA%B3%B5%EC%9B%90,family:1.0;baby:1.0;parking:1.0;nursing_room:1.0;성남시;아기랑 공원,2026-08-22 20:34:25,park:1.0;picnic:1.0;nature:1.0,2,85
네이버 장소검색 | 경기 성남시,자연친화,사기막골공원,상시,영유아 및 어린이 (0세~9세),경기 성남시 사기막골공원,무료/유료 (플레이스 참조),경기 성남시에 위치한 인기 아기랑 공원 명소인 [사기막골공원]입니다.,https://search.naver.com/search.naver?where=nexearch&query=%EA%B2%BD%EA%B8%B0%20%EC%84%B1%EB%82%A8%EC%8B%9C%20%EC%95%84%EA%B8%B0%EB%9E%91%20%EA%B3%B5%EC%9B%90,family:1.0;baby:1.0;parking:1.0;nursing_room:1.0;성남시;아기랑 공원,2026-08-22 20:34:25,park:1.0;picnic:1.0;nature:1.0,2,85
네이버 장소검색 | 경기 성남시,자연친화,황송공원공원,상시,영유아 및 어린이 (0세~9세),경기 성남시 황송공원공원,무료/유료 (플레이스 참조),경기 성남시에 위치한 인기 아기랑 공원 명소인 [황송공원공원]입니다.,https://search.naver.com/search.naver?where=nexearch&query=%EA%B2%BD%EA%B8%B0%20%EC%84%B1%EB%82%A8%EC%8B%9C%20%EC%95%84%EA%B8%B0%EB%9E%91%20%EA%B3%B5%EC%9B%90,family:1.0;baby:1.0;parking:1.0;nursing_room:1.0;성남시;아기랑 공원,2026-08-22 20:34:25,park:1.0;picnic:1.0;nature:1.0,2,85
네이버 장소검색 | 경기 성남시,자연친화,성남고등동 고산공원,상시,영유아 및 어린이 (0세~9세),경기 성남시 성남고등동 고산공원,무료/유료 (플레이스 참조),경기 성남시에 위치한 인기 아기랑 물놀이터 명소인 [성남고등동 고산공원]입니다.,https://search.naver.com/search.naver?where=nexearch&query=%EA%B2%BD%EA%B8%B0%20%EC%84%B1%EB%82%A8%EC%8B%9C%20%EC%95%84%EA%B8%B0%EB%9E%91%20%EB%AC%BC%EB%86%80%EC%9D%B4%ED%84%B0,family:1.0;baby:1.0;parking:1.0;nursing_room:1.0;성남시;아기랑 물놀이터,2026-08-22 20:34:25,water:1.0;outdoor:1.0;picnic:0.8,2,85
네이버 장소검색 | 경기 성남시,가족체험,무료미술교사 취업사이트미술선생님 취업,상시,영유아 및 어린이 (0세~9세),경기 성남시 무료미술교사 취업사이트미술선생님 취업,무료/유료 (플레이스 참조),경기 성남시에 위치한 인기 아기랑 미술 명소인 [무료미술교사 취업사이트미술선생님 취업]입니다.,https://search.naver.com/search.naver?where=nexearch&query=%EA%B2%BD%EA%B8%B0%20%EC%84%B1%EB%82%A8%EC%8B%9C%20%EC%95%84%EA%B8%B0%EB%9E%91%20%EB%AF%B8%EC%88%A0,family:1.0;baby:1.0;parking:1.0;nursing_room:1.0;성남시;아기랑 미술,2026-08-22 20:34:25,drawing:1.0;art:1.0;experience:1.0,2,85
네이버 장소검색 | 경기 성남시,문화생활,라운지디 국립현대미술관점이탈리아음식,상시,영유아 및 어린이 (0세~9세),경기 성남시 라운지디 국립현대미술관점이탈리아음식,무료/유료 (플레이스 참조),경기 성남시에 위치한 인기 아기랑 미술 명소인 [라운지디 국립현대미술관점이탈리아음식]입니다.,https://search.naver.com/search.naver?where=nexearch&query=%EA%B2%BD%EA%B8%B0%20%EC%84%B1%EB%82%A8%EC%8B%9C%20%EC%95%84%EA%B8%B0%EB%9E%91%20%EB%AF%B8%EC%88%A0,family:1.0;baby:1.0;parking:1.0;nursing_room:1.0;성남시;아기랑 미술,2026-08-22 20:34:25,drawing:1.0;art:1.0;experience:1.0,2,85
네이버 장소검색 | 경기 성남시,가족체험,성남시박물관예약,상시,영유아 및 어린이 (0세~9세),경기 성남시 성남시박물관예약,무료/유료 (플레이스 참조),경기 성남시에 위치한 인기 아기랑 어린이박물관 명소인 [성남시박물관예약]입니다.,https://search.naver.com/search.naver?where=nexearch&query=%EA%B2%BD%EA%B8%B0%20%EC%84%B1%EB%82%A8%EC%8B%9C%20%EC%95%84%EA%B8%B0%EB%9E%91%20%EC%96%B4%EB%A6%B0%EC%9D%B4%EB%B0%95%EB%AC%BC%EA%B4%80,family:1.0;baby:1.0;parking:1.0;nursing_room:1.0;성남시;아기랑 어린이박물관,2026-08-22 20:34:25,museum:1.0;hands_on:1.0;experience:1.0,2,85
네이버 장소검색 | 경기 성남시,가족체험,[성남여행]경기도,상시,영유아 및 어린이 (0세~9세),경기 성남시 [성남여행]경기도,무료/유료 (플레이스 참조),경기 성남시에 위치한 인기 아기랑 어린이박물관 명소인 [[성남여행]경기도]입니다.,https://search.naver.com/search.naver?where=nexearch&query=%EA%B2%BD%EA%B8%B0%20%EC%84%B1%EB%82%A8%EC%8B%9C%20%EC%95%84%EA%B8%B0%EB%9E%91%20%EC%96%B4%EB%A6%B0%EC%9D%B4%EB%B0%95%EB%AC%BC%EA%B4%80,family:1.0;baby:1.0;parking:1.0;nursing_room:1.0;성남시;아기랑 어린이박물관,2026-08-22 20:34:25,museum:1.0;hands_on:1.0;experience:1.0,2,85
네이버 장소검색 | 경기 고양시,사설키즈카페,덕은동키즈카페점핑몬스터,상시,영유아 및 어린이 (0세~9세),경기 고양시 덕은동키즈카페점핑몬스터,무료/유료 (플레이스 참조),경기 고양시에 위치한 인기 아기랑 키즈카페 명소인 [덕은동키즈카페점핑몬스터]입니다.,https://search.naver.com/search.naver?where=nexearch&query=%EA%B2%BD%EA%B8%B0%20%EA%B3%A0%EC%96%91%EC%8B%9C%20%EC%95%84%EA%B8%B0%EB%9E%91%20%ED%82%A4%EC%A6%88%EC%B9%B4%ED%8E%98,family:1.0;baby:1.0;parking:1.0;nursing_room:1.0;고양시;아기랑 키즈카페,2026-08-22 20:34:25,toddler:1.0;indoor:0.9;play:1.0,2,85
네이버 장소검색 | 경기 고양시,사설키즈카페,러쉬 트램펄린파크 일산벨라시타점,상시,영유아 및 어린이 (0세~9세),경기 고양시 러쉬 트램펄린파크 일산벨라시타점,무료/유료 (플레이스 참조),경기 고양시에 위치한 인기 아기랑 키즈카페 명소인 [러쉬 트램펄린파크 일산벨라시타점]입니다.,https://search.naver.com/search.naver?where=nexearch&query=%EA%B2%BD%EA%B8%B0%20%EA%B3%A0%EC%96%91%EC%8B%9C%20%EC%95%84%EA%B8%B0%EB%9E%91%20%ED%82%A4%EC%A6%88%EC%B9%B4%ED%8E%98,family:1.0;baby:1.0;parking:1.0;nursing_room:1.0;고양시;아기랑 키즈카페,2026-08-22 20:34:25,toddler:1.0;indoor:0.9;play:1.0,2,85
네이버 장소검색 | 경기 고양시,사설키즈카페,아이킹 일산화정점,상시,영유아 및 어린이 (0세~9세),경기 고양시 아이킹 일산화정점,무료/유료 (플레이스 참조),경기 고양시에 위치한 인기 아기랑 키즈카페 명소인 [아이킹 일산화정점]입니다.,https://search.naver.com/search.naver?where=nexearch&query=%EA%B2%BD%EA%B8%B0%20%EA%B3%A0%EC%96%91%EC%8B%9C%20%EC%95%84%EA%B8%B0%EB%9E%91%20%ED%82%A4%EC%A6%88%EC%B9%B4%ED%8E%98,family:1.0;baby:1.0;parking:1.0;nursing_room:1.0;고양시;아기랑 키즈카페,2026-08-22 20:34:25,toddler:1.0;indoor:0.9;play:1.0,2,85
네이버 장소검색 | 경기 고양시,사설키즈카페,메가플레이키즈파크,상시,영유아 및 어린이 (0세~9세),경기 고양시 메가플레이키즈파크,무료/유료 (플레이스 참조),경기 고양시에 위치한 인기 아기랑 키즈카페 명소인 [메가플레이키즈파크]입니다.,https://search.naver.com/search.naver?where=nexearch&query=%EA%B2%BD%EA%B8%B0%20%EA%B3%A0%EC%96%91%EC%8B%9C%20%EC%95%84%EA%B8%B0%EB%9E%91%20%ED%82%A4%EC%A6%88%EC%B9%B4%ED%8E%98,family:1.0;baby:1.0;parking:1.0;nursing_room:1.0;고양시;아기랑 키즈카페,2026-08-22 20:34:25,toddler:1.0;indoor:0.9;play:1.0,2,85
네이버 장소검색 | 경기 고양시,사설키즈카페,헬로밀가루 고양점,상시,영유아 및 어린이 (0세~9세),경기 고양시 헬로밀가루 고양점,무료/유료 (플레이스 참조),경기 고양시에 위치한 인기 아기랑 키즈카페 명소인 [헬로밀가루 고양점]입니다.,https://search.naver.com/search.naver?where=nexearch&query=%EA%B2%BD%EA%B8%B0%20%EA%B3%A0%EC%96%91%EC%8B%9C%20%EC%95%84%EA%B8%B0%EB%9E%91%20%ED%82%A4%EC%A6%88%EC%B9%B4%ED%8E%98,family:1.0;baby:1.0;parking:1.0;nursing_room:1.0;고양시;아기랑 키즈카페,2026-08-22 20:34:25,toddler:1.0;indoor:0.9;play:1.0,2,85
네이버 장소검색 | 경기 고양시,사설키즈카페,타요키즈카페 롯데마트 일산주엽점,상시,영유아 및 어린이 (0세~9세),경기 고양시 타요키즈카페 롯데마트 일산주엽점,무료/유료 (플레이스 참조),경기 고양시에 위치한 인기 아기랑 키즈카페 명소인 [타요키즈카페 롯데마트 일산주엽점]입니다.,https://search.naver.com/search.naver?where=nexearch&query=%EA%B2%BD%EA%B8%B0%20%EA%B3%A0%EC%96%91%EC%8B%9C%20%EC%95%84%EA%B8%B0%EB%9E%91%20%ED%82%A4%EC%A6%88%EC%B9%B4%ED%8E%98,family:1.0;baby:1.0;parking:1.0;nursing_room:1.0;고양시;아기랑 키즈카페,2026-08-22 20:34:25,toddler:1.0;indoor:0.9;play:1.0,2,85
네이버 장소검색 | 경기 고양시,사설키즈카페,경기도고양시,상시,영유아 및 어린이 (0세~9세),경기 고양시 경기도고양시,무료/유료 (플레이스 참조),경기 고양시에 위치한 인기 아기랑 키즈카페 명소인 [경기도고양시]입니다.,https://search.naver.com/search.naver?where=nexearch&query=%EA%B2%BD%EA%B8%B0%20%EA%B3%A0%EC%96%91%EC%8B%9C%20%EC%95%84%EA%B8%B0%EB%9E%91%20%ED%82%A4%EC%A6%88%EC%B9%B4%ED%8E%98,family:1.0;baby:1.0;parking:1.0;nursing_room:1.0;고양시;아기랑 키즈카페,2026-08-22 20:34:25,toddler:1.0;indoor:0.9;play:1.0,2,85
네이버 장소검색 | 경기 고양시,자연친화,송추계곡,상시,영유아 및 어린이 (0세~9세),경기 고양시 송추계곡,무료/유료 (플레이스 참조),경기 고양시에 위치한 인기 아기랑 계곡 명소인 [송추계곡]입니다.,https://search.naver.com/search.naver?where=nexearch&query=%EA%B2%BD%EA%B8%B0%20%EA%B3%A0%EC%96%91%EC%8B%9C%20%EC%95%84%EA%B8%B0%EB%9E%91%20%EA%B3%84%EA%B3%A1,family:1.0;baby:1.0;parking:1.0;nursing_room:1.0;고양시;아기랑 계곡,2026-08-22 20:34:25,valley:1.0;nature:1.0;water:1.0,2,85
네이버 장소검색 | 경기 고양시,자연친화,장흥계곡,상시,영유아 및 어린이 (0세~9세),경기 고양시 장흥계곡,무료/유료 (플레이스 참조),경기 고양시에 위치한 인기 아기랑 계곡 명소인 [장흥계곡]입니다.,https://search.naver.com/search.naver?where=nexearch&query=%EA%B2%BD%EA%B8%B0%20%EA%B3%A0%EC%96%91%EC%8B%9C%20%EC%95%84%EA%B8%B0%EB%9E%91%20%EA%B3%84%EA%B3%A1,family:1.0;baby:1.0;parking:1.0;nursing_room:1.0;고양시;아기랑 계곡,2026-08-22 20:34:25,valley:1.0;nature:1.0;water:1.0,2,85
네이버 장소검색 | 경기 고양시,자연친화,고양레저타운수영장,상시,영유아 및 어린이 (0세~9세),경기 고양시 고양레저타운수영장,무료/유료 (플레이스 참조),경기 고양시에 위치한 인기 아기랑 수영장 명소인 [고양레저타운수영장]입니다.,https://search.naver.com/search.naver?where=nexearch&query=%EA%B2%BD%EA%B8%B0%20%EA%B3%A0%EC%96%91%EC%8B%9C%20%EC%95%84%EA%B8%B0%EB%9E%91%20%EC%88%98%EC%98%81%EC%9E%A5,family:1.0;baby:1.0;parking:1.0;nursing_room:1.0;고양시;아기랑 수영장,2026-08-22 20:34:25,pool:1.0;water:1.0;outdoor:0.9,2,85
네이버 장소검색 | 경기 고양시,자연친화,스위머스 탄수영장,상시,영유아 및 어린이 (0세~9세),경기 고양시 스위머스 탄수영장,무료/유료 (플레이스 참조),경기 고양시에 위치한 인기 아기랑 수영장 명소인 [스위머스 탄수영장]입니다.,https://search.naver.com/search.naver?where=nexearch&query=%EA%B2%BD%EA%B8%B0%20%EA%B3%A0%EC%96%91%EC%8B%9C%20%EC%95%84%EA%B8%B0%EB%9E%91%20%EC%88%98%EC%98%81%EC%9E%A5,family:1.0;baby:1.0;parking:1.0;nursing_room:1.0;고양시;아기랑 수영장,2026-08-22 20:34:25,pool:1.0;water:1.0;outdoor:0.9,2,85
네이버 장소검색 | 경기 고양시,자연친화,오즈키즈워터파크수영장,상시,영유아 및 어린이 (0세~9세),경기 고양시 오즈키즈워터파크수영장,무료/유료 (플레이스 참조),경기 고양시에 위치한 인기 아기랑 수영장 명소인 [오즈키즈워터파크수영장]입니다.,https://search.naver.com/search.naver?where=nexearch&query=%EA%B2%BD%EA%B8%B0%20%EA%B3%A0%EC%96%91%EC%8B%9C%20%EC%95%84%EA%B8%B0%EB%9E%91%20%EC%88%98%EC%98%81%EC%9E%A5,family:1.0;baby:1.0;parking:1.0;nursing_room:1.0;고양시;아기랑 수영장,2026-08-22 20:34:25,pool:1.0;water:1.0;outdoor:0.9,2,85
네이버 장소검색 | 경기 고양시,자연친화,지구촌수영장,상시,영유아 및 어린이 (0세~9세),경기 고양시 지구촌수영장,무료/유료 (플레이스 참조),경기 고양시에 위치한 인기 아기랑 수영장 명소인 [지구촌수영장]입니다.,https://search.naver.com/search.naver?where=nexearch&query=%EA%B2%BD%EA%B8%B0%20%EA%B3%A0%EC%96%91%EC%8B%9C%20%EC%95%84%EA%B8%B0%EB%9E%91%20%EC%88%98%EC%98%81%EC%9E%A5,family:1.0;baby:1.0;parking:1.0;nursing_room:1.0;고양시;아기랑 수영장,2026-08-22 20:34:25,pool:1.0;water:1.0;outdoor:0.9,2,85
네이버 장소검색 | 경기 고양시,자연친화,아이스위밍클럽수영장,상시,영유아 및 어린이 (0세~9세),경기 고양시 아이스위밍클럽수영장,무료/유료 (플레이스 참조),경기 고양시에 위치한 인기 아기랑 수영장 명소인 [아이스위밍클럽수영장]입니다.,https://search.naver.com/search.naver?where=nexearch&query=%EA%B2%BD%EA%B8%B0%20%EA%B3%A0%EC%96%91%EC%8B%9C%20%EC%95%84%EA%B8%B0%EB%9E%91%20%EC%88%98%EC%98%81%EC%9E%A5,family:1.0;baby:1.0;parking:1.0;nursing_room:1.0;고양시;아기랑 수영장,2026-08-22 20:34:25,pool:1.0;water:1.0;outdoor:0.9,2,85
네이버 장소검색 | 경기 고양시,자연친화,토이키즈스윔클럽 덕양점수영장,상시,영유아 및 어린이 (0세~9세),경기 고양시 토이키즈스윔클럽 덕양점수영장,무료/유료 (플레이스 참조),경기 고양시에 위치한 인기 아기랑 수영장 명소인 [토이키즈스윔클럽 덕양점수영장]입니다.,https://search.naver.com/search.naver?where=nexearch&query=%EA%B2%BD%EA%B8%B0%20%EA%B3%A0%EC%96%91%EC%8B%9C%20%EC%95%84%EA%B8%B0%EB%9E%91%20%EC%88%98%EC%98%81%EC%9E%A5,family:1.0;baby:1.0;parking:1.0;nursing_room:1.0;고양시;아기랑 수영장,2026-08-22 20:34:25,pool:1.0;water:1.0;outdoor:0.9,2,85
네이버 장소검색 | 경기 고양시,자연친화,[지축역] 웰니스스파찜질방과 옥상,상시,영유아 및 어린이 (0세~9세),경기 고양시 [지축역] 웰니스스파찜질방과 옥상,무료/유료 (플레이스 참조),경기 고양시에 위치한 인기 아기랑 수영장 명소인 [[지축역] 웰니스스파찜질방과 옥상]입니다.,https://search.naver.com/search.naver?where=nexearch&query=%EA%B2%BD%EA%B8%B0%20%EA%B3%A0%EC%96%91%EC%8B%9C%20%EC%95%84%EA%B8%B0%EB%9E%91%20%EC%88%98%EC%98%81%EC%9E%A5,family:1.0;baby:1.0;parking:1.0;nursing_room:1.0;고양시;아기랑 수영장,2026-08-22 20:34:25,pool:1.0;water:1.0;outdoor:0.9,2,85
네이버 장소검색 | 경기 고양시,자연친화,호수공원공원,상시,영유아 및 어린이 (0세~9세),경기 고양시 호수공원공원,무료/유료 (플레이스 참조),경기 고양시에 위치한 인기 아기랑 공원 명소인 [호수공원공원]입니다.,https://search.naver.com/search.naver?where=nexearch&query=%EA%B2%BD%EA%B8%B0%20%EA%B3%A0%EC%96%91%EC%8B%9C%20%EC%95%84%EA%B8%B0%EB%9E%91%20%EA%B3%B5%EC%9B%90,family:1.0;baby:1.0;parking:1.0;nursing_room:1.0;고양시;아기랑 공원,2026-08-22 20:34:25,park:1.0;picnic:1.0;nature:1.0,2,85
네이버 장소검색 | 경기 고양시,자연친화,북한산국립공원국립공원,상시,영유아 및 어린이 (0세~9세),경기 고양시 북한산국립공원국립공원,무료/유료 (플레이스 참조),경기 고양시에 위치한 인기 아기랑 공원 명소인 [북한산국립공원국립공원]입니다.,https://search.naver.com/search.naver?where=nexearch&query=%EA%B2%BD%EA%B8%B0%20%EA%B3%A0%EC%96%91%EC%8B%9C%20%EC%95%84%EA%B8%B0%EB%9E%91%20%EA%B3%B5%EC%9B%90,family:1.0;baby:1.0;parking:1.0;nursing_room:1.0;고양시;아기랑 공원,2026-08-22 20:34:25,park:1.0;picnic:1.0;nature:1.0,2,85
네이버 장소검색 | 경기 고양시,자연친화,일산호수공원자연공원,상시,영유아 및 어린이 (0세~9세),경기 고양시 일산호수공원자연공원,무료/유료 (플레이스 참조),경기 고양시에 위치한 인기 아기랑 공원 명소인 [일산호수공원자연공원]입니다.,https://search.naver.com/search.naver?where=nexearch&query=%EA%B2%BD%EA%B8%B0%20%EA%B3%A0%EC%96%91%EC%8B%9C%20%EC%95%84%EA%B8%B0%EB%9E%91%20%EA%B3%B5%EC%9B%90,family:1.0;baby:1.0;parking:1.0;nursing_room:1.0;고양시;아기랑 공원,2026-08-22 20:34:25,park:1.0;picnic:1.0;nature:1.0,2,85
네이버 장소검색 | 경기 고양시,자연친화,고양한강공원공원,상시,영유아 및 어린이 (0세~9세),경기 고양시 고양한강공원공원,무료/유료 (플레이스 참조),경기 고양시에 위치한 인기 아기랑 공원 명소인 [고양한강공원공원]입니다.,https://search.naver.com/search.naver?where=nexearch&query=%EA%B2%BD%EA%B8%B0%20%EA%B3%A0%EC%96%91%EC%8B%9C%20%EC%95%84%EA%B8%B0%EB%9E%91%20%EA%B3%B5%EC%9B%90,family:1.0;baby:1.0;parking:1.0;nursing_room:1.0;고양시;아기랑 공원,2026-08-22 20:34:25,park:1.0;picnic:1.0;nature:1.0,2,85
네이버 장소검색 | 경기 고양시,자연친화,행주산성 역사공원공원,상시,영유아 및 어린이 (0세~9세),경기 고양시 행주산성 역사공원공원,무료/유료 (플레이스 참조),경기 고양시에 위치한 인기 아기랑 공원 명소인 [행주산성 역사공원공원]입니다.,https://search.naver.com/search.naver?where=nexearch&query=%EA%B2%BD%EA%B8%B0%20%EA%B3%A0%EC%96%91%EC%8B%9C%20%EC%95%84%EA%B8%B0%EB%9E%91%20%EA%B3%B5%EC%9B%90,family:1.0;baby:1.0;parking:1.0;nursing_room:1.0;고양시;아기랑 공원,2026-08-22 20:34:25,park:1.0;picnic:1.0;nature:1.0,2,85
네이버 장소검색 | 경기 고양시,자연친화,한국마사회 원당목장공원,상시,영유아 및 어린이 (0세~9세),경기 고양시 한국마사회 원당목장공원,무료/유료 (플레이스 참조),경기 고양시에 위치한 인기 아기랑 공원 명소인 [한국마사회 원당목장공원]입니다.,https://search.naver.com/search.naver?where=nexearch&query=%EA%B2%BD%EA%B8%B0%20%EA%B3%A0%EC%96%91%EC%8B%9C%20%EC%95%84%EA%B8%B0%EB%9E%91%20%EA%B3%B5%EC%9B%90,family:1.0;baby:1.0;parking:1.0;nursing_room:1.0;고양시;아기랑 공원,2026-08-22 20:34:25,park:1.0;picnic:1.0;nature:1.0,2,85
네이버 장소검색 | 경기 고양시,자연친화,"경기도고양시물놀이장, 물노리베이비 일산벨라시타점,",상시,영유아 및 어린이 (0세~9세),"경기 고양시 경기도고양시물놀이장, 물노리베이비 일산벨라시타점,",무료/유료 (플레이스 참조),"경기 고양시에 위치한 인기 아기랑 물놀이터 명소인 [경기도고양시물놀이장, 물노리베이비 일산벨라시타점,]입니다.",https://search.naver.com/search.naver?where=nexearch&query=%EA%B2%BD%EA%B8%B0%20%EA%B3%A0%EC%96%91%EC%8B%9C%20%EC%95%84%EA%B8%B0%EB%9E%91%20%EB%AC%BC%EB%86%80%EC%9D%B4%ED%84%B0,family:1.0;baby:1.0;parking:1.0;nursing_room:1.0;고양시;아기랑 물놀이터,2026-08-22 20:34:25,water:1.0;outdoor:1.0;picnic:0.8,2,85
네이버 장소검색 | 경기 고양시,자연친화,지축공원,상시,영유아 및 어린이 (0세~9세),경기 고양시 지축공원,무료/유료 (플레이스 참조),경기 고양시에 위치한 인기 아기랑 물놀이터 명소인 [지축공원]입니다.,https://search.naver.com/search.naver?where=nexearch&query=%EA%B2%BD%EA%B8%B0%20%EA%B3%A0%EC%96%91%EC%8B%9C%20%EC%95%84%EA%B8%B0%EB%9E%91%20%EB%AC%BC%EB%86%80%EC%9D%B4%ED%84%B0,family:1.0;baby:1.0;parking:1.0;nursing_room:1.0;고양시;아기랑 물놀이터,2026-08-22 20:34:25,water:1.0;outdoor:1.0;picnic:0.8,2,85
네이버 장소검색 | 경기 고양시,가족체험,미술재미일산미술학원,상시,영유아 및 어린이 (0세~9세),경기 고양시 미술재미일산미술학원,무료/유료 (플레이스 참조),경기 고양시에 위치한 인기 아기랑 미술 명소인 [미술재미일산미술학원]입니다.,https://search.naver.com/search.naver?where=nexearch&query=%EA%B2%BD%EA%B8%B0%20%EA%B3%A0%EC%96%91%EC%8B%9C%20%EC%95%84%EA%B8%B0%EB%9E%91%20%EB%AF%B8%EC%88%A0,family:1.0;baby:1.0;parking:1.0;nursing_room:1.0;고양시;아기랑 미술,2026-08-22 20:34:25,drawing:1.0;art:1.0;experience:1.0,2,85
네이버 장소검색 | 경기 고양시,가족체험,어린이 전문미술학원,상시,영유아 및 어린이 (0세~9세),경기 고양시 어린이 전문미술학원,무료/유료 (플레이스 참조),경기 고양시에 위치한 인기 아기랑 미술 명소인 [어린이 전문미술학원]입니다.,https://search.naver.com/search.naver?where=nexearch&query=%EA%B2%BD%EA%B8%B0%20%EA%B3%A0%EC%96%91%EC%8B%9C%20%EC%95%84%EA%B8%B0%EB%9E%91%20%EB%AF%B8%EC%88%A0,family:1.0;baby:1.0;parking:1.0;nursing_room:1.0;고양시;아기랑 미술,2026-08-22 20:34:25,drawing:1.0;art:1.0;experience:1.0,2,85
네이버 장소검색 | 경기 고양시,문화생활,"보름산미술관 카페카페,디저트",상시,영유아 및 어린이 (0세~9세),"경기 고양시 보름산미술관 카페카페,디저트",무료/유료 (플레이스 참조),"경기 고양시에 위치한 인기 아기랑 미술 명소인 [보름산미술관 카페카페,디저트]입니다.",https://search.naver.com/search.naver?where=nexearch&query=%EA%B2%BD%EA%B8%B0%20%EA%B3%A0%EC%96%91%EC%8B%9C%20%EC%95%84%EA%B8%B0%EB%9E%91%20%EB%AF%B8%EC%88%A0,family:1.0;baby:1.0;parking:1.0;nursing_room:1.0;고양시;아기랑 미술,2026-08-22 20:34:25,drawing:1.0;art:1.0;experience:1.0,2,85
네이버 장소검색 | 경기 고양시,가족체험,보미주말농장,상시,영유아 및 어린이 (0세~9세),경기 고양시 보미주말농장,무료/유료 (플레이스 참조),경기 고양시에 위치한 인기 아기랑 농장체험 명소인 [보미주말농장]입니다.,https://search.naver.com/search.naver?where=nexearch&query=%EA%B2%BD%EA%B8%B0%20%EA%B3%A0%EC%96%91%EC%8B%9C%20%EC%95%84%EA%B8%B0%EB%9E%91%20%EB%86%8D%EC%9E%A5%EC%B2%B4%ED%97%98,family:1.0;baby:1.0;parking:1.0;nursing_room:1.0;고양시;아기랑 농장체험,2026-08-22 20:34:25,farm:1.0;animal:1.0;experience:1.0,2,85
네이버 장소검색 | 경기 고양시,가족체험,도심을 벗어나 여유로운 나만의 텃밭농장을 가져보자!,상시,영유아 및 어린이 (0세~9세),경기 고양시 도심을 벗어나 여유로운 나만의 텃밭농장을 가져보자!,무료/유료 (플레이스 참조),경기 고양시에 위치한 인기 아기랑 농장체험 명소인 [도심을 벗어나 여유로운 나만의 텃밭농장을 가져보자!]입니다.,https://search.naver.com/search.naver?where=nexearch&query=%EA%B2%BD%EA%B8%B0%20%EA%B3%A0%EC%96%91%EC%8B%9C%20%EC%95%84%EA%B8%B0%EB%9E%91%20%EB%86%8D%EC%9E%A5%EC%B2%B4%ED%97%98,family:1.0;baby:1.0;parking:1.0;nursing_room:1.0;고양시;아기랑 농장체험,2026-08-22 20:34:25,farm:1.0;animal:1.0;experience:1.0,2,85
네이버 장소검색 | 경기 고양시,가족체험,고양어린이박물관박물관,상시,영유아 및 어린이 (0세~9세),경기 고양시 고양어린이박물관박물관,무료/유료 (플레이스 참조),경기 고양시에 위치한 인기 아기랑 어린이박물관 명소인 [고양어린이박물관박물관]입니다.,https://search.naver.com/search.naver?where=nexearch&query=%EA%B2%BD%EA%B8%B0%20%EA%B3%A0%EC%96%91%EC%8B%9C%20%EC%95%84%EA%B8%B0%EB%9E%91%20%EC%96%B4%EB%A6%B0%EC%9D%B4%EB%B0%95%EB%AC%BC%EA%B4%80,family:1.0;baby:1.0;parking:1.0;nursing_room:1.0;고양시;아기랑 어린이박물관,2026-08-22 20:34:25,museum:1.0;hands_on:1.0;experience:1.0,2,85
네이버 장소검색 | 경기 용인시,사설키즈카페,용인공룡월드,상시,영유아 및 어린이 (0세~9세),경기 용인시 용인공룡월드,무료/유료 (플레이스 참조),경기 용인시에 위치한 인기 아기랑 키즈카페 명소인 [용인공룡월드]입니다.,https://search.naver.com/search.naver?where=nexearch&query=%EA%B2%BD%EA%B8%B0%20%EC%9A%A9%EC%9D%B8%EC%8B%9C%20%EC%95%84%EA%B8%B0%EB%9E%91%20%ED%82%A4%EC%A6%88%EC%B9%B4%ED%8E%98,family:1.0;baby:1.0;parking:1.0;nursing_room:1.0;용인시;아기랑 키즈카페,2026-08-22 20:34:25,toddler:1.0;indoor:0.9;play:1.0,2,85
네이버 장소검색 | 경기 용인시,사설키즈카페,허니펀키즈파크,상시,영유아 및 어린이 (0세~9세),경기 용인시 허니펀키즈파크,무료/유료 (플레이스 참조),경기 용인시에 위치한 인기 아기랑 키즈카페 명소인 [허니펀키즈파크]입니다.,https://search.naver.com/search.naver?where=nexearch&query=%EA%B2%BD%EA%B8%B0%20%EC%9A%A9%EC%9D%B8%EC%8B%9C%20%EC%95%84%EA%B8%B0%EB%9E%91%20%ED%82%A4%EC%A6%88%EC%B9%B4%ED%8E%98,family:1.0;baby:1.0;parking:1.0;nursing_room:1.0;용인시;아기랑 키즈카페,2026-08-22 20:34:25,toddler:1.0;indoor:0.9;play:1.0,2,85
네이버 장소검색 | 경기 용인시,사설키즈카페,코끼리방울,상시,영유아 및 어린이 (0세~9세),경기 용인시 코끼리방울,무료/유료 (플레이스 참조),경기 용인시에 위치한 인기 아기랑 키즈카페 명소인 [코끼리방울]입니다.,https://search.naver.com/search.naver?where=nexearch&query=%EA%B2%BD%EA%B8%B0%20%EC%9A%A9%EC%9D%B8%EC%8B%9C%20%EC%95%84%EA%B8%B0%EB%9E%91%20%ED%82%A4%EC%A6%88%EC%B9%B4%ED%8E%98,family:1.0;baby:1.0;parking:1.0;nursing_room:1.0;용인시;아기랑 키즈카페,2026-08-22 20:34:25,toddler:1.0;indoor:0.9;play:1.0,2,85
네이버 장소검색 | 경기 용인시,사설키즈카페,챔피언더블랙벨트 롯데몰 수지점,상시,영유아 및 어린이 (0세~9세),경기 용인시 챔피언더블랙벨트 롯데몰 수지점,무료/유료 (플레이스 참조),경기 용인시에 위치한 인기 아기랑 키즈카페 명소인 [챔피언더블랙벨트 롯데몰 수지점]입니다.,https://search.naver.com/search.naver?where=nexearch&query=%EA%B2%BD%EA%B8%B0%20%EC%9A%A9%EC%9D%B8%EC%8B%9C%20%EC%95%84%EA%B8%B0%EB%9E%91%20%ED%82%A4%EC%A6%88%EC%B9%B4%ED%8E%98,family:1.0;baby:1.0;parking:1.0;nursing_room:1.0;용인시;아기랑 키즈카페,2026-08-22 20:34:25,toddler:1.0;indoor:0.9;play:1.0,2,85
네이버 장소검색 | 경기 용인시,사설키즈카페,점핑고,상시,영유아 및 어린이 (0세~9세),경기 용인시 점핑고,무료/유료 (플레이스 참조),경기 용인시에 위치한 인기 아기랑 키즈카페 명소인 [점핑고]입니다.,https://search.naver.com/search.naver?where=nexearch&query=%EA%B2%BD%EA%B8%B0%20%EC%9A%A9%EC%9D%B8%EC%8B%9C%20%EC%95%84%EA%B8%B0%EB%9E%91%20%ED%82%A4%EC%A6%88%EC%B9%B4%ED%8E%98,family:1.0;baby:1.0;parking:1.0;nursing_room:1.0;용인시;아기랑 키즈카페,2026-08-22 20:34:25,toddler:1.0;indoor:0.9;play:1.0,2,85
네이버 장소검색 | 경기 용인시,사설키즈카페,경기도 수원시 영통구,상시,영유아 및 어린이 (0세~9세),경기 용인시 경기도 수원시 영통구,무료/유료 (플레이스 참조),경기 용인시에 위치한 인기 아기랑 키즈카페 명소인 [경기도 수원시 영통구]입니다.,https://search.naver.com/search.naver?where=nexearch&query=%EA%B2%BD%EA%B8%B0%20%EC%9A%A9%EC%9D%B8%EC%8B%9C%20%EC%95%84%EA%B8%B0%EB%9E%91%20%ED%82%A4%EC%A6%88%EC%B9%B4%ED%8E%98,family:1.0;baby:1.0;parking:1.0;nursing_room:1.0;용인시;아기랑 키즈카페,2026-08-22 20:34:25,toddler:1.0;indoor:0.9;play:1.0,2,85
네이버 장소검색 | 경기 용인시,자연친화,딥스테이션수영장,상시,영유아 및 어린이 (0세~9세),경기 용인시 딥스테이션수영장,무료/유료 (플레이스 참조),경기 용인시에 위치한 인기 아기랑 수영장 명소인 [딥스테이션수영장]입니다.,https://search.naver.com/search.naver?where=nexearch&query=%EA%B2%BD%EA%B8%B0%20%EC%9A%A9%EC%9D%B8%EC%8B%9C%20%EC%95%84%EA%B8%B0%EB%9E%91%20%EC%88%98%EC%98%81%EC%9E%A5,family:1.0;baby:1.0;parking:1.0;nursing_room:1.0;용인시;아기랑 수영장,2026-08-22 20:34:25,pool:1.0;water:1.0;outdoor:0.9,2,85
네이버 장소검색 | 경기 용인시,자연친화,아이풀 수지점수영장,상시,영유아 및 어린이 (0세~9세),경기 용인시 아이풀 수지점수영장,무료/유료 (플레이스 참조),경기 용인시에 위치한 인기 아기랑 수영장 명소인 [아이풀 수지점수영장]입니다.,https://search.naver.com/search.naver?where=nexearch&query=%EA%B2%BD%EA%B8%B0%20%EC%9A%A9%EC%9D%B8%EC%8B%9C%20%EC%95%84%EA%B8%B0%EB%9E%91%20%EC%88%98%EC%98%81%EC%9E%A5,family:1.0;baby:1.0;parking:1.0;nursing_room:1.0;용인시;아기랑 수영장,2026-08-22 20:34:25,pool:1.0;water:1.0;outdoor:0.9,2,85
네이버 장소검색 | 경기 용인시,자연친화,아이풀 죽전점수영장,상시,영유아 및 어린이 (0세~9세),경기 용인시 아이풀 죽전점수영장,무료/유료 (플레이스 참조),경기 용인시에 위치한 인기 아기랑 수영장 명소인 [아이풀 죽전점수영장]입니다.,https://search.naver.com/search.naver?where=nexearch&query=%EA%B2%BD%EA%B8%B0%20%EC%9A%A9%EC%9D%B8%EC%8B%9C%20%EC%95%84%EA%B8%B0%EB%9E%91%20%EC%88%98%EC%98%81%EC%9E%A5,family:1.0;baby:1.0;parking:1.0;nursing_room:1.0;용인시;아기랑 수영장,2026-08-22 20:34:25,pool:1.0;water:1.0;outdoor:0.9,2,85
네이버 장소검색 | 경기 용인시,자연친화,라온스플래쉬 동백점수영장,상시,영유아 및 어린이 (0세~9세),경기 용인시 라온스플래쉬 동백점수영장,무료/유료 (플레이스 참조),경기 용인시에 위치한 인기 아기랑 수영장 명소인 [라온스플래쉬 동백점수영장]입니다.,https://search.naver.com/search.naver?where=nexearch&query=%EA%B2%BD%EA%B8%B0%20%EC%9A%A9%EC%9D%B8%EC%8B%9C%20%EC%95%84%EA%B8%B0%EB%9E%91%20%EC%88%98%EC%98%81%EC%9E%A5,family:1.0;baby:1.0;parking:1.0;nursing_room:1.0;용인시;아기랑 수영장,2026-08-22 20:34:25,pool:1.0;water:1.0;outdoor:0.9,2,85
네이버 장소검색 | 경기 용인시,자연친화,다이나믹웨이브 수지점수영장,상시,영유아 및 어린이 (0세~9세),경기 용인시 다이나믹웨이브 수지점수영장,무료/유료 (플레이스 참조),경기 용인시에 위치한 인기 아기랑 수영장 명소인 [다이나믹웨이브 수지점수영장]입니다.,https://search.naver.com/search.naver?where=nexearch&query=%EA%B2%BD%EA%B8%B0%20%EC%9A%A9%EC%9D%B8%EC%8B%9C%20%EC%95%84%EA%B8%B0%EB%9E%91%20%EC%88%98%EC%98%81%EC%9E%A5,family:1.0;baby:1.0;parking:1.0;nursing_room:1.0;용인시;아기랑 수영장,2026-08-22 20:34:25,pool:1.0;water:1.0;outdoor:0.9,2,85
네이버 장소검색 | 경기 용인시,자연친화,스윔키즈수영장,상시,영유아 및 어린이 (0세~9세),경기 용인시 스윔키즈수영장,무료/유료 (플레이스 참조),경기 용인시에 위치한 인기 아기랑 수영장 명소인 [스윔키즈수영장]입니다.,https://search.naver.com/search.naver?where=nexearch&query=%EA%B2%BD%EA%B8%B0%20%EC%9A%A9%EC%9D%B8%EC%8B%9C%20%EC%95%84%EA%B8%B0%EB%9E%91%20%EC%88%98%EC%98%81%EC%9E%A5,family:1.0;baby:1.0;parking:1.0;nursing_room:1.0;용인시;아기랑 수영장,2026-08-22 20:34:25,pool:1.0;water:1.0;outdoor:0.9,2,85
네이버 장소검색 | 경기 용인시,자연친화,용인아이랑 대형,상시,영유아 및 어린이 (0세~9세),경기 용인시 용인아이랑 대형,무료/유료 (플레이스 참조),경기 용인시에 위치한 인기 아기랑 모래놀이 명소인 [용인아이랑 대형]입니다.,https://search.naver.com/search.naver?where=nexearch&query=%EA%B2%BD%EA%B8%B0%20%EC%9A%A9%EC%9D%B8%EC%8B%9C%20%EC%95%84%EA%B8%B0%EB%9E%91%20%EB%AA%A8%EB%9E%98%EB%86%80%EC%9D%B4,family:1.0;baby:1.0;parking:1.0;nursing_room:1.0;용인시;아기랑 모래놀이,2026-08-22 20:34:25,sand:1.0;nature:1.0;play:0.9,2,85
네이버 장소검색 | 경기 용인시,자연친화,용인농촌테마파크공원,상시,영유아 및 어린이 (0세~9세),경기 용인시 용인농촌테마파크공원,무료/유료 (플레이스 참조),경기 용인시에 위치한 인기 아기랑 공원 명소인 [용인농촌테마파크공원]입니다.,https://search.naver.com/search.naver?where=nexearch&query=%EA%B2%BD%EA%B8%B0%20%EC%9A%A9%EC%9D%B8%EC%8B%9C%20%EC%95%84%EA%B8%B0%EB%9E%91%20%EA%B3%B5%EC%9B%90,family:1.0;baby:1.0;parking:1.0;nursing_room:1.0;용인시;아기랑 공원,2026-08-22 20:34:25,park:1.0;picnic:1.0;nature:1.0,2,85
네이버 장소검색 | 경기 용인시,자연친화,늘찬공원공원,상시,영유아 및 어린이 (0세~9세),경기 용인시 늘찬공원공원,무료/유료 (플레이스 참조),경기 용인시에 위치한 인기 아기랑 공원 명소인 [늘찬공원공원]입니다.,https://search.naver.com/search.naver?where=nexearch&query=%EA%B2%BD%EA%B8%B0%20%EC%9A%A9%EC%9D%B8%EC%8B%9C%20%EC%95%84%EA%B8%B0%EB%9E%91%20%EA%B3%B5%EC%9B%90,family:1.0;baby:1.0;parking:1.0;nursing_room:1.0;용인시;아기랑 공원,2026-08-22 20:34:25,park:1.0;picnic:1.0;nature:1.0,2,85
네이버 장소검색 | 경기 용인시,자연친화,죽전중앙공원,상시,영유아 및 어린이 (0세~9세),경기 용인시 죽전중앙공원,무료/유료 (플레이스 참조),경기 용인시에 위치한 인기 아기랑 공원 명소인 [죽전중앙공원]입니다.,https://search.naver.com/search.naver?where=nexearch&query=%EA%B2%BD%EA%B8%B0%20%EC%9A%A9%EC%9D%B8%EC%8B%9C%20%EC%95%84%EA%B8%B0%EB%9E%91%20%EA%B3%B5%EC%9B%90,family:1.0;baby:1.0;parking:1.0;nursing_room:1.0;용인시;아기랑 공원,2026-08-22 20:34:25,park:1.0;picnic:1.0;nature:1.0,2,85
네이버 장소검색 | 경기 용인시,자연친화,영덕레스피아공원,상시,영유아 및 어린이 (0세~9세),경기 용인시 영덕레스피아공원,무료/유료 (플레이스 참조),경기 용인시에 위치한 인기 아기랑 공원 명소인 [영덕레스피아공원]입니다.,https://search.naver.com/search.naver?where=nexearch&query=%EA%B2%BD%EA%B8%B0%20%EC%9A%A9%EC%9D%B8%EC%8B%9C%20%EC%95%84%EA%B8%B0%EB%9E%91%20%EA%B3%B5%EC%9B%90,family:1.0;baby:1.0;parking:1.0;nursing_room:1.0;용인시;아기랑 공원,2026-08-22 20:34:25,park:1.0;picnic:1.0;nature:1.0,2,85
네이버 장소검색 | 경기 용인시,자연친화,만골공원,상시,영유아 및 어린이 (0세~9세),경기 용인시 만골공원,무료/유료 (플레이스 참조),경기 용인시에 위치한 인기 아기랑 공원 명소인 [만골공원]입니다.,https://search.naver.com/search.naver?where=nexearch&query=%EA%B2%BD%EA%B8%B0%20%EC%9A%A9%EC%9D%B8%EC%8B%9C%20%EC%95%84%EA%B8%B0%EB%9E%91%20%EA%B3%B5%EC%9B%90,family:1.0;baby:1.0;parking:1.0;nursing_room:1.0;용인시;아기랑 공원,2026-08-22 20:34:25,park:1.0;picnic:1.0;nature:1.0,2,85
네이버 장소검색 | 경기 용인시,자연친화,고기공원,상시,영유아 및 어린이 (0세~9세),경기 용인시 고기공원,무료/유료 (플레이스 참조),경기 용인시에 위치한 인기 아기랑 공원 명소인 [고기공원]입니다.,https://search.naver.com/search.naver?where=nexearch&query=%EA%B2%BD%EA%B8%B0%20%EC%9A%A9%EC%9D%B8%EC%8B%9C%20%EC%95%84%EA%B8%B0%EB%9E%91%20%EA%B3%B5%EC%9B%90,family:1.0;baby:1.0;parking:1.0;nursing_room:1.0;용인시;아기랑 공원,2026-08-22 20:34:25,park:1.0;picnic:1.0;nature:1.0,2,85
네이버 장소검색 | 경기 용인시,자연친화,용인만골공원,상시,영유아 및 어린이 (0세~9세),경기 용인시 용인만골공원,무료/유료 (플레이스 참조),경기 용인시에 위치한 인기 아기랑 공원 명소인 [용인만골공원]입니다.,https://search.naver.com/search.naver?where=nexearch&query=%EA%B2%BD%EA%B8%B0%20%EC%9A%A9%EC%9D%B8%EC%8B%9C%20%EC%95%84%EA%B8%B0%EB%9E%91%20%EA%B3%B5%EC%9B%90,family:1.0;baby:1.0;parking:1.0;nursing_room:1.0;용인시;아기랑 공원,2026-08-22 20:34:25,park:1.0;picnic:1.0;nature:1.0,2,85
네이버 장소검색 | 경기 용인시,자연친화,경기도용인시기흥구 상갈동 상갈 공원,상시,영유아 및 어린이 (0세~9세),경기 용인시 경기도용인시기흥구 상갈동 상갈 공원,무료/유료 (플레이스 참조),경기 용인시에 위치한 인기 아기랑 공원 명소인 [경기도용인시기흥구 상갈동 상갈 공원]입니다.,https://search.naver.com/search.naver?where=nexearch&query=%EA%B2%BD%EA%B8%B0%20%EC%9A%A9%EC%9D%B8%EC%8B%9C%20%EC%95%84%EA%B8%B0%EB%9E%91%20%EA%B3%B5%EC%9B%90,family:1.0;baby:1.0;parking:1.0;nursing_room:1.0;용인시;아기랑 공원,2026-08-22 20:34:25,park:1.0;picnic:1.0;nature:1.0,2,85
네이버 장소검색 | 경기 용인시,자연친화,[고산공원,상시,영유아 및 어린이 (0세~9세),경기 용인시 [고산공원,무료/유료 (플레이스 참조),경기 용인시에 위치한 인기 아기랑 공원 명소인 [[고산공원]입니다.,https://search.naver.com/search.naver?where=nexearch&query=%EA%B2%BD%EA%B8%B0%20%EC%9A%A9%EC%9D%B8%EC%8B%9C%20%EC%95%84%EA%B8%B0%EB%9E%91%20%EA%B3%B5%EC%9B%90,family:1.0;baby:1.0;parking:1.0;nursing_room:1.0;용인시;아기랑 공원,2026-08-22 20:34:25,park:1.0;picnic:1.0;nature:1.0,2,85
네이버 장소검색 | 경기 용인시,가족체험,경기도어린이박물관박물관,상시,영유아 및 어린이 (0세~9세),경기 용인시 경기도어린이박물관박물관,무료/유료 (플레이스 참조),경기 용인시에 위치한 인기 아기랑 어린이박물관 명소인 [경기도어린이박물관박물관]입니다.,https://search.naver.com/search.naver?where=nexearch&query=%EA%B2%BD%EA%B8%B0%20%EC%9A%A9%EC%9D%B8%EC%8B%9C%20%EC%95%84%EA%B8%B0%EB%9E%91%20%EC%96%B4%EB%A6%B0%EC%9D%B4%EB%B0%95%EB%AC%BC%EA%B4%80,family:1.0;baby:1.0;parking:1.0;nursing_room:1.0;용인시;아기랑 어린이박물관,2026-08-22 20:34:25,museum:1.0;hands_on:1.0;experience:1.0,2,85
네이버 장소검색 | 경기 용인시,가족체험,경기도어린이 박물관-용인-경기도어린이 박물관의,상시,영유아 및 어린이 (0세~9세),경기 용인시 경기도어린이 박물관-용인-경기도어린이 박물관의,무료/유료 (플레이스 참조),경기 용인시에 위치한 인기 아기랑 어린이박물관 명소인 [경기도어린이 박물관-용인-경기도어린이 박물관의]입니다.,https://search.naver.com/search.naver?where=nexearch&query=%EA%B2%BD%EA%B8%B0%20%EC%9A%A9%EC%9D%B8%EC%8B%9C%20%EC%95%84%EA%B8%B0%EB%9E%91%20%EC%96%B4%EB%A6%B0%EC%9D%B4%EB%B0%95%EB%AC%BC%EA%B4%80,family:1.0;baby:1.0;parking:1.0;nursing_room:1.0;용인시;아기랑 어린이박물관,2026-08-22 20:34:25,museum:1.0;hands_on:1.0;experience:1.0,2,85
네이버 장소검색 | 경기 부천시,사설키즈카페,월드킹 부천점,상시,영유아 및 어린이 (0세~9세),경기 부천시 월드킹 부천점,무료/유료 (플레이스 참조),경기 부천시에 위치한 인기 아기랑 키즈카페 명소인 [월드킹 부천점]입니다.,https://search.naver.com/search.naver?where=nexearch&query=%EA%B2%BD%EA%B8%B0%20%EB%B6%80%EC%B2%9C%EC%8B%9C%20%EC%95%84%EA%B8%B0%EB%9E%91%20%ED%82%A4%EC%A6%88%EC%B9%B4%ED%8E%98,family:1.0;baby:1.0;parking:1.0;nursing_room:1.0;부천시;아기랑 키즈카페,2026-08-22 20:34:25,toddler:1.0;indoor:0.9;play:1.0,2,85
네이버 장소검색 | 경기 부천시,사설키즈카페,조이킹 스포츠,상시,영유아 및 어린이 (0세~9세),경기 부천시 조이킹 스포츠,무료/유료 (플레이스 참조),경기 부천시에 위치한 인기 아기랑 키즈카페 명소인 [조이킹 스포츠]입니다.,https://search.naver.com/search.naver?where=nexearch&query=%EA%B2%BD%EA%B8%B0%20%EB%B6%80%EC%B2%9C%EC%8B%9C%20%EC%95%84%EA%B8%B0%EB%9E%91%20%ED%82%A4%EC%A6%88%EC%B9%B4%ED%8E%98,family:1.0;baby:1.0;parking:1.0;nursing_room:1.0;부천시;아기랑 키즈카페,2026-08-22 20:34:25,toddler:1.0;indoor:0.9;play:1.0,2,85
네이버 장소검색 | 경기 부천시,사설키즈카페,플레이월드 부천점,상시,영유아 및 어린이 (0세~9세),경기 부천시 플레이월드 부천점,무료/유료 (플레이스 참조),경기 부천시에 위치한 인기 아기랑 키즈카페 명소인 [플레이월드 부천점]입니다.,https://search.naver.com/search.naver?where=nexearch&query=%EA%B2%BD%EA%B8%B0%20%EB%B6%80%EC%B2%9C%EC%8B%9C%20%EC%95%84%EA%B8%B0%EB%9E%91%20%ED%82%A4%EC%A6%88%EC%B9%B4%ED%8E%98,family:1.0;baby:1.0;parking:1.0;nursing_room:1.0;부천시;아기랑 키즈카페,2026-08-22 20:34:25,toddler:1.0;indoor:0.9;play:1.0,2,85
네이버 장소검색 | 경기 부천시,사설키즈카페,헬로밀가루 부천점,상시,영유아 및 어린이 (0세~9세),경기 부천시 헬로밀가루 부천점,무료/유료 (플레이스 참조),경기 부천시에 위치한 인기 아기랑 키즈카페 명소인 [헬로밀가루 부천점]입니다.,https://search.naver.com/search.naver?where=nexearch&query=%EA%B2%BD%EA%B8%B0%20%EB%B6%80%EC%B2%9C%EC%8B%9C%20%EC%95%84%EA%B8%B0%EB%9E%91%20%ED%82%A4%EC%A6%88%EC%B9%B4%ED%8E%98,family:1.0;baby:1.0;parking:1.0;nursing_room:1.0;부천시;아기랑 키즈카페,2026-08-22 20:34:25,toddler:1.0;indoor:0.9;play:1.0,2,85
네이버 장소검색 | 경기 부천시,사설키즈카페,헬로방방 부천중동점,상시,영유아 및 어린이 (0세~9세),경기 부천시 헬로방방 부천중동점,무료/유료 (플레이스 참조),경기 부천시에 위치한 인기 아기랑 키즈카페 명소인 [헬로방방 부천중동점]입니다.,https://search.naver.com/search.naver?where=nexearch&query=%EA%B2%BD%EA%B8%B0%20%EB%B6%80%EC%B2%9C%EC%8B%9C%20%EC%95%84%EA%B8%B0%EB%9E%91%20%ED%82%A4%EC%A6%88%EC%B9%B4%ED%8E%98,family:1.0;baby:1.0;parking:1.0;nursing_room:1.0;부천시;아기랑 키즈카페,2026-08-22 20:34:25,toddler:1.0;indoor:0.9;play:1.0,2,85
네이버 장소검색 | 경기 부천시,사설키즈카페,메타시티 롯데백화점 중동점,상시,영유아 및 어린이 (0세~9세),경기 부천시 메타시티 롯데백화점 중동점,무료/유료 (플레이스 참조),경기 부천시에 위치한 인기 아기랑 키즈카페 명소인 [메타시티 롯데백화점 중동점]입니다.,https://search.naver.com/search.naver?where=nexearch&query=%EA%B2%BD%EA%B8%B0%20%EB%B6%80%EC%B2%9C%EC%8B%9C%20%EC%95%84%EA%B8%B0%EB%9E%91%20%ED%82%A4%EC%A6%88%EC%B9%B4%ED%8E%98,family:1.0;baby:1.0;parking:1.0;nursing_room:1.0;부천시;아기랑 키즈카페,2026-08-22 20:34:25,toddler:1.0;indoor:0.9;play:1.0,2,85
네이버 장소검색 | 경기 부천시,사설키즈카페,키즈타임 송내점 다녀왔음 |부천무인,상시,영유아 및 어린이 (0세~9세),경기 부천시 키즈타임 송내점 다녀왔음 |부천무인,무료/유료 (플레이스 참조),경기 부천시에 위치한 인기 아기랑 키즈카페 명소인 [키즈타임 송내점 다녀왔음 |부천무인]입니다.,https://search.naver.com/search.naver?where=nexearch&query=%EA%B2%BD%EA%B8%B0%20%EB%B6%80%EC%B2%9C%EC%8B%9C%20%EC%95%84%EA%B8%B0%EB%9E%91%20%ED%82%A4%EC%A6%88%EC%B9%B4%ED%8E%98,family:1.0;baby:1.0;parking:1.0;nursing_room:1.0;부천시;아기랑 키즈카페,2026-08-22 20:34:25,toddler:1.0;indoor:0.9;play:1.0,2,85
네이버 장소검색 | 경기 부천시,자연친화,그린카메 수영장,상시,영유아 및 어린이 (0세~9세),경기 부천시 그린카메 수영장,무료/유료 (플레이스 참조),경기 부천시에 위치한 인기 아기랑 수영장 명소인 [그린카메 수영장]입니다.,https://search.naver.com/search.naver?where=nexearch&query=%EA%B2%BD%EA%B8%B0%20%EB%B6%80%EC%B2%9C%EC%8B%9C%20%EC%95%84%EA%B8%B0%EB%9E%91%20%EC%88%98%EC%98%81%EC%9E%A5,family:1.0;baby:1.0;parking:1.0;nursing_room:1.0;부천시;아기랑 수영장,2026-08-22 20:34:25,pool:1.0;water:1.0;outdoor:0.9,2,85
네이버 장소검색 | 경기 부천시,자연친화,하이키즈풀수영장,상시,영유아 및 어린이 (0세~9세),경기 부천시 하이키즈풀수영장,무료/유료 (플레이스 참조),경기 부천시에 위치한 인기 아기랑 수영장 명소인 [하이키즈풀수영장]입니다.,https://search.naver.com/search.naver?where=nexearch&query=%EA%B2%BD%EA%B8%B0%20%EB%B6%80%EC%B2%9C%EC%8B%9C%20%EC%95%84%EA%B8%B0%EB%9E%91%20%EC%88%98%EC%98%81%EC%9E%A5,family:1.0;baby:1.0;parking:1.0;nursing_room:1.0;부천시;아기랑 수영장,2026-08-22 20:34:25,pool:1.0;water:1.0;outdoor:0.9,2,85
네이버 장소검색 | 경기 부천시,자연친화,퍼스트노바 키즈스윔수영장,상시,영유아 및 어린이 (0세~9세),경기 부천시 퍼스트노바 키즈스윔수영장,무료/유료 (플레이스 참조),경기 부천시에 위치한 인기 아기랑 수영장 명소인 [퍼스트노바 키즈스윔수영장]입니다.,https://search.naver.com/search.naver?where=nexearch&query=%EA%B2%BD%EA%B8%B0%20%EB%B6%80%EC%B2%9C%EC%8B%9C%20%EC%95%84%EA%B8%B0%EB%9E%91%20%EC%88%98%EC%98%81%EC%9E%A5,family:1.0;baby:1.0;parking:1.0;nursing_room:1.0;부천시;아기랑 수영장,2026-08-22 20:34:25,pool:1.0;water:1.0;outdoor:0.9,2,85
네이버 장소검색 | 경기 부천시,자연친화,JYKIDSSWIM수영장,상시,영유아 및 어린이 (0세~9세),경기 부천시 JYKIDSSWIM수영장,무료/유료 (플레이스 참조),경기 부천시에 위치한 인기 아기랑 수영장 명소인 [JYKIDSSWIM수영장]입니다.,https://search.naver.com/search.naver?where=nexearch&query=%EA%B2%BD%EA%B8%B0%20%EB%B6%80%EC%B2%9C%EC%8B%9C%20%EC%95%84%EA%B8%B0%EB%9E%91%20%EC%88%98%EC%98%81%EC%9E%A5,family:1.0;baby:1.0;parking:1.0;nursing_room:1.0;부천시;아기랑 수영장,2026-08-22 20:34:25,pool:1.0;water:1.0;outdoor:0.9,2,85
네이버 장소검색 | 경기 부천시,자연친화,베이비엔젤스부천상동아기,상시,영유아 및 어린이 (0세~9세),경기 부천시 베이비엔젤스부천상동아기,무료/유료 (플레이스 참조),경기 부천시에 위치한 인기 아기랑 수영장 명소인 [베이비엔젤스부천상동아기]입니다.,https://search.naver.com/search.naver?where=nexearch&query=%EA%B2%BD%EA%B8%B0%20%EB%B6%80%EC%B2%9C%EC%8B%9C%20%EC%95%84%EA%B8%B0%EB%9E%91%20%EC%88%98%EC%98%81%EC%9E%A5,family:1.0;baby:1.0;parking:1.0;nursing_room:1.0;부천시;아기랑 수영장,2026-08-22 20:34:25,pool:1.0;water:1.0;outdoor:0.9,2,85
네이버 장소검색 | 경기 부천시,자연친화,3주 전부천에서모래 놀이가 확실히 가능한,상시,영유아 및 어린이 (0세~9세),경기 부천시 3주 전부천에서모래 놀이가 확실히 가능한,무료/유료 (플레이스 참조),경기 부천시에 위치한 인기 아기랑 모래놀이 명소인 [3주 전부천에서모래 놀이가 확실히 가능한]입니다.,https://search.naver.com/search.naver?where=nexearch&query=%EA%B2%BD%EA%B8%B0%20%EB%B6%80%EC%B2%9C%EC%8B%9C%20%EC%95%84%EA%B8%B0%EB%9E%91%20%EB%AA%A8%EB%9E%98%EB%86%80%EC%9D%B4,family:1.0;baby:1.0;parking:1.0;nursing_room:1.0;부천시;아기랑 모래놀이,2026-08-22 20:34:25,sand:1.0;nature:1.0;play:0.9,2,85
네이버 장소검색 | 경기 부천시,자연친화,인천시 계양구,상시,영유아 및 어린이 (0세~9세),경기 부천시 인천시 계양구,무료/유료 (플레이스 참조),경기 부천시에 위치한 인기 아기랑 모래놀이 명소인 [인천시 계양구]입니다.,https://search.naver.com/search.naver?where=nexearch&query=%EA%B2%BD%EA%B8%B0%20%EB%B6%80%EC%B2%9C%EC%8B%9C%20%EC%95%84%EA%B8%B0%EB%9E%91%20%EB%AA%A8%EB%9E%98%EB%86%80%EC%9D%B4,family:1.0;baby:1.0;parking:1.0;nursing_room:1.0;부천시;아기랑 모래놀이,2026-08-22 20:34:25,sand:1.0;nature:1.0;play:0.9,2,85
네이버 장소검색 | 경기 부천시,자연친화,"부천자연생태공원자연,생태공원",상시,영유아 및 어린이 (0세~9세),"경기 부천시 부천자연생태공원자연,생태공원",무료/유료 (플레이스 참조),"경기 부천시에 위치한 인기 아기랑 공원 명소인 [부천자연생태공원자연,생태공원]입니다.",https://search.naver.com/search.naver?where=nexearch&query=%EA%B2%BD%EA%B8%B0%20%EB%B6%80%EC%B2%9C%EC%8B%9C%20%EC%95%84%EA%B8%B0%EB%9E%91%20%EA%B3%B5%EC%9B%90,family:1.0;baby:1.0;parking:1.0;nursing_room:1.0;부천시;아기랑 공원,2026-08-22 20:34:25,park:1.0;picnic:1.0;nature:1.0,2,85
네이버 장소검색 | 경기 부천시,자연친화,부천중앙공원공원,상시,영유아 및 어린이 (0세~9세),경기 부천시 부천중앙공원공원,무료/유료 (플레이스 참조),경기 부천시에 위치한 인기 아기랑 공원 명소인 [부천중앙공원공원]입니다.,https://search.naver.com/search.naver?where=nexearch&query=%EA%B2%BD%EA%B8%B0%20%EB%B6%80%EC%B2%9C%EC%8B%9C%20%EC%95%84%EA%B8%B0%EB%9E%91%20%EA%B3%B5%EC%9B%90,family:1.0;baby:1.0;parking:1.0;nursing_room:1.0;부천시;아기랑 공원,2026-08-22 20:34:25,park:1.0;picnic:1.0;nature:1.0,2,85
네이버 장소검색 | 경기 부천시,자연친화,"상동호수공원도시,공원",상시,영유아 및 어린이 (0세~9세),"경기 부천시 상동호수공원도시,공원",무료/유료 (플레이스 참조),"경기 부천시에 위치한 인기 아기랑 공원 명소인 [상동호수공원도시,공원]입니다.",https://search.naver.com/search.naver?where=nexearch&query=%EA%B2%BD%EA%B8%B0%20%EB%B6%80%EC%B2%9C%EC%8B%9C%20%EC%95%84%EA%B8%B0%EB%9E%91%20%EA%B3%B5%EC%9B%90,family:1.0;baby:1.0;parking:1.0;nursing_room:1.0;부천시;아기랑 공원,2026-08-22 20:34:25,park:1.0;picnic:1.0;nature:1.0,2,85
네이버 장소검색 | 경기 부천시,자연친화,부천백만송이장미원공원,상시,영유아 및 어린이 (0세~9세),경기 부천시 부천백만송이장미원공원,무료/유료 (플레이스 참조),경기 부천시에 위치한 인기 아기랑 공원 명소인 [부천백만송이장미원공원]입니다.,https://search.naver.com/search.naver?where=nexearch&query=%EA%B2%BD%EA%B8%B0%20%EB%B6%80%EC%B2%9C%EC%8B%9C%20%EC%95%84%EA%B8%B0%EB%9E%91%20%EA%B3%B5%EC%9B%90,family:1.0;baby:1.0;parking:1.0;nursing_room:1.0;부천시;아기랑 공원,2026-08-22 20:34:25,park:1.0;picnic:1.0;nature:1.0,2,85
네이버 장소검색 | 경기 부천시,자연친화,오정대공원공원,상시,영유아 및 어린이 (0세~9세),경기 부천시 오정대공원공원,무료/유료 (플레이스 참조),경기 부천시에 위치한 인기 아기랑 공원 명소인 [오정대공원공원]입니다.,https://search.naver.com/search.naver?where=nexearch&query=%EA%B2%BD%EA%B8%B0%20%EB%B6%80%EC%B2%9C%EC%8B%9C%20%EC%95%84%EA%B8%B0%EB%9E%91%20%EA%B3%B5%EC%9B%90,family:1.0;baby:1.0;parking:1.0;nursing_room:1.0;부천시;아기랑 공원,2026-08-22 20:34:25,park:1.0;picnic:1.0;nature:1.0,2,85
네이버 장소검색 | 경기 부천시,자연친화,수주공원,상시,영유아 및 어린이 (0세~9세),경기 부천시 수주공원,무료/유료 (플레이스 참조),경기 부천시에 위치한 인기 아기랑 공원 명소인 [수주공원]입니다.,https://search.naver.com/search.naver?where=nexearch&query=%EA%B2%BD%EA%B8%B0%20%EB%B6%80%EC%B2%9C%EC%8B%9C%20%EC%95%84%EA%B8%B0%EB%9E%91%20%EA%B3%B5%EC%9B%90,family:1.0;baby:1.0;parking:1.0;nursing_room:1.0;부천시;아기랑 공원,2026-08-22 20:34:25,park:1.0;picnic:1.0;nature:1.0,2,85
네이버 장소검색 | 경기 부천시,자연친화,경기도부천시중3동에 있는 공원,상시,영유아 및 어린이 (0세~9세),경기 부천시 경기도부천시중3동에 있는 공원,무료/유료 (플레이스 참조),경기 부천시에 위치한 인기 아기랑 공원 명소인 [경기도부천시중3동에 있는 공원]입니다.,https://search.naver.com/search.naver?where=nexearch&query=%EA%B2%BD%EA%B8%B0%20%EB%B6%80%EC%B2%9C%EC%8B%9C%20%EC%95%84%EA%B8%B0%EB%9E%91%20%EA%B3%B5%EC%9B%90,family:1.0;baby:1.0;parking:1.0;nursing_room:1.0;부천시;아기랑 공원,2026-08-22 20:34:25,park:1.0;picnic:1.0;nature:1.0,2,85
네이버 장소검색 | 경기 부천시,자연친화,더숲 소전미술관,상시,영유아 및 어린이 (0세~9세),경기 부천시 더숲 소전미술관,무료/유료 (플레이스 참조),경기 부천시에 위치한 인기 아기랑 미술 명소인 [더숲 소전미술관]입니다.,https://search.naver.com/search.naver?where=nexearch&query=%EA%B2%BD%EA%B8%B0%20%EB%B6%80%EC%B2%9C%EC%8B%9C%20%EC%95%84%EA%B8%B0%EB%9E%91%20%EB%AF%B8%EC%88%A0,family:1.0;baby:1.0;parking:1.0;nursing_room:1.0;부천시;아기랑 미술,2026-08-22 20:34:25,drawing:1.0;art:1.0;experience:1.0,2,85
네이버 장소검색 | 경기 부천시,가족체험,한국만화박물관박물관,상시,영유아 및 어린이 (0세~9세),경기 부천시 한국만화박물관박물관,무료/유료 (플레이스 참조),경기 부천시에 위치한 인기 아기랑 어린이박물관 명소인 [한국만화박물관박물관]입니다.,https://search.naver.com/search.naver?where=nexearch&query=%EA%B2%BD%EA%B8%B0%20%EB%B6%80%EC%B2%9C%EC%8B%9C%20%EC%95%84%EA%B8%B0%EB%9E%91%20%EC%96%B4%EB%A6%B0%EC%9D%B4%EB%B0%95%EB%AC%BC%EA%B4%80,family:1.0;baby:1.0;parking:1.0;nursing_room:1.0;부천시;아기랑 어린이박물관,2026-08-22 20:34:25,museum:1.0;hands_on:1.0;experience:1.0,2,85
네이버 장소검색 | 경기 부천시,가족체험,부천시립박물관박물관,상시,영유아 및 어린이 (0세~9세),경기 부천시 부천시립박물관박물관,무료/유료 (플레이스 참조),경기 부천시에 위치한 인기 아기랑 어린이박물관 명소인 [부천시립박물관박물관]입니다.,https://search.naver.com/search.naver?where=nexearch&query=%EA%B2%BD%EA%B8%B0%20%EB%B6%80%EC%B2%9C%EC%8B%9C%20%EC%95%84%EA%B8%B0%EB%9E%91%20%EC%96%B4%EB%A6%B0%EC%9D%B4%EB%B0%95%EB%AC%BC%EA%B4%80,family:1.0;baby:1.0;parking:1.0;nursing_room:1.0;부천시;아기랑 어린이박물관,2026-08-22 20:34:25,museum:1.0;hands_on:1.0;experience:1.0,2,85
네이버 장소검색 | 경기 안산시,사설키즈카페,자이언트제트,상시,영유아 및 어린이 (0세~9세),경기 안산시 자이언트제트,무료/유료 (플레이스 참조),경기 안산시에 위치한 인기 아기랑 키즈카페 명소인 [자이언트제트]입니다.,https://search.naver.com/search.naver?where=nexearch&query=%EA%B2%BD%EA%B8%B0%20%EC%95%88%EC%82%B0%EC%8B%9C%20%EC%95%84%EA%B8%B0%EB%9E%91%20%ED%82%A4%EC%A6%88%EC%B9%B4%ED%8E%98,family:1.0;baby:1.0;parking:1.0;nursing_room:1.0;안산시;아기랑 키즈카페,2026-08-22 20:34:25,toddler:1.0;indoor:0.9;play:1.0,2,85
네이버 장소검색 | 경기 안산시,사설키즈카페,월드킹 안산점,상시,영유아 및 어린이 (0세~9세),경기 안산시 월드킹 안산점,무료/유료 (플레이스 참조),경기 안산시에 위치한 인기 아기랑 키즈카페 명소인 [월드킹 안산점]입니다.,https://search.naver.com/search.naver?where=nexearch&query=%EA%B2%BD%EA%B8%B0%20%EC%95%88%EC%82%B0%EC%8B%9C%20%EC%95%84%EA%B8%B0%EB%9E%91%20%ED%82%A4%EC%A6%88%EC%B9%B4%ED%8E%98,family:1.0;baby:1.0;parking:1.0;nursing_room:1.0;안산시;아기랑 키즈카페,2026-08-22 20:34:25,toddler:1.0;indoor:0.9;play:1.0,2,85
네이버 장소검색 | 경기 안산시,사설키즈카페,정글팡팡,상시,영유아 및 어린이 (0세~9세),경기 안산시 정글팡팡,무료/유료 (플레이스 참조),경기 안산시에 위치한 인기 아기랑 키즈카페 명소인 [정글팡팡]입니다.,https://search.naver.com/search.naver?where=nexearch&query=%EA%B2%BD%EA%B8%B0%20%EC%95%88%EC%82%B0%EC%8B%9C%20%EC%95%84%EA%B8%B0%EB%9E%91%20%ED%82%A4%EC%A6%88%EC%B9%B4%ED%8E%98,family:1.0;baby:1.0;parking:1.0;nursing_room:1.0;안산시;아기랑 키즈카페,2026-08-22 20:34:25,toddler:1.0;indoor:0.9;play:1.0,2,85
네이버 장소검색 | 경기 안산시,사설키즈카페,플레이월드 안산점,상시,영유아 및 어린이 (0세~9세),경기 안산시 플레이월드 안산점,무료/유료 (플레이스 참조),경기 안산시에 위치한 인기 아기랑 키즈카페 명소인 [플레이월드 안산점]입니다.,https://search.naver.com/search.naver?where=nexearch&query=%EA%B2%BD%EA%B8%B0%20%EC%95%88%EC%82%B0%EC%8B%9C%20%EC%95%84%EA%B8%B0%EB%9E%91%20%ED%82%A4%EC%A6%88%EC%B9%B4%ED%8E%98,family:1.0;baby:1.0;parking:1.0;nursing_room:1.0;안산시;아기랑 키즈카페,2026-08-22 20:34:25,toddler:1.0;indoor:0.9;play:1.0,2,85
네이버 장소검색 | 경기 안산시,사설키즈카페,플레이앤파티 안산점,상시,영유아 및 어린이 (0세~9세),경기 안산시 플레이앤파티 안산점,무료/유료 (플레이스 참조),경기 안산시에 위치한 인기 아기랑 키즈카페 명소인 [플레이앤파티 안산점]입니다.,https://search.naver.com/search.naver?where=nexearch&query=%EA%B2%BD%EA%B8%B0%20%EC%95%88%EC%82%B0%EC%8B%9C%20%EC%95%84%EA%B8%B0%EB%9E%91%20%ED%82%A4%EC%A6%88%EC%B9%B4%ED%8E%98,family:1.0;baby:1.0;parking:1.0;nursing_room:1.0;안산시;아기랑 키즈카페,2026-08-22 20:34:25,toddler:1.0;indoor:0.9;play:1.0,2,85
네이버 장소검색 | 경기 안산시,사설키즈카페,점핑배틀 안산중앙점,상시,영유아 및 어린이 (0세~9세),경기 안산시 점핑배틀 안산중앙점,무료/유료 (플레이스 참조),경기 안산시에 위치한 인기 아기랑 키즈카페 명소인 [점핑배틀 안산중앙점]입니다.,https://search.naver.com/search.naver?where=nexearch&query=%EA%B2%BD%EA%B8%B0%20%EC%95%88%EC%82%B0%EC%8B%9C%20%EC%95%84%EA%B8%B0%EB%9E%91%20%ED%82%A4%EC%A6%88%EC%B9%B4%ED%8E%98,family:1.0;baby:1.0;parking:1.0;nursing_room:1.0;안산시;아기랑 키즈카페,2026-08-22 20:34:25,toddler:1.0;indoor:0.9;play:1.0,2,85
네이버 장소검색 | 경기 안산시,사설키즈카페,경기도 시흥시,상시,영유아 및 어린이 (0세~9세),경기 안산시 경기도 시흥시,무료/유료 (플레이스 참조),경기 안산시에 위치한 인기 아기랑 키즈카페 명소인 [경기도 시흥시]입니다.,https://search.naver.com/search.naver?where=nexearch&query=%EA%B2%BD%EA%B8%B0%20%EC%95%88%EC%82%B0%EC%8B%9C%20%EC%95%84%EA%B8%B0%EB%9E%91%20%ED%82%A4%EC%A6%88%EC%B9%B4%ED%8E%98,family:1.0;baby:1.0;parking:1.0;nursing_room:1.0;안산시;아기랑 키즈카페,2026-08-22 20:34:25,toddler:1.0;indoor:0.9;play:1.0,2,85
네이버 장소검색 | 경기 안산시,자연친화,실내수영장,상시,영유아 및 어린이 (0세~9세),경기 안산시 실내수영장,무료/유료 (플레이스 참조),경기 안산시에 위치한 인기 아기랑 수영장 명소인 [실내수영장]입니다.,https://search.naver.com/search.naver?where=nexearch&query=%EA%B2%BD%EA%B8%B0%20%EC%95%88%EC%82%B0%EC%8B%9C%20%EC%95%84%EA%B8%B0%EB%9E%91%20%EC%88%98%EC%98%81%EC%9E%A5,family:1.0;baby:1.0;parking:1.0;nursing_room:1.0;안산시;아기랑 수영장,2026-08-22 20:34:25,pool:1.0;water:1.0;outdoor:0.9,2,85
네이버 장소검색 | 경기 안산시,자연친화,안산시생존누리수영장,상시,영유아 및 어린이 (0세~9세),경기 안산시 안산시생존누리수영장,무료/유료 (플레이스 참조),경기 안산시에 위치한 인기 아기랑 수영장 명소인 [안산시생존누리수영장]입니다.,https://search.naver.com/search.naver?where=nexearch&query=%EA%B2%BD%EA%B8%B0%20%EC%95%88%EC%82%B0%EC%8B%9C%20%EC%95%84%EA%B8%B0%EB%9E%91%20%EC%88%98%EC%98%81%EC%9E%A5,family:1.0;baby:1.0;parking:1.0;nursing_room:1.0;안산시;아기랑 수영장,2026-08-22 20:34:25,pool:1.0;water:1.0;outdoor:0.9,2,85
네이버 장소검색 | 경기 안산시,자연친화,블루라군 안산점수영장,상시,영유아 및 어린이 (0세~9세),경기 안산시 블루라군 안산점수영장,무료/유료 (플레이스 참조),경기 안산시에 위치한 인기 아기랑 수영장 명소인 [블루라군 안산점수영장]입니다.,https://search.naver.com/search.naver?where=nexearch&query=%EA%B2%BD%EA%B8%B0%20%EC%95%88%EC%82%B0%EC%8B%9C%20%EC%95%84%EA%B8%B0%EB%9E%91%20%EC%88%98%EC%98%81%EC%9E%A5,family:1.0;baby:1.0;parking:1.0;nursing_room:1.0;안산시;아기랑 수영장,2026-08-22 20:34:25,pool:1.0;water:1.0;outdoor:0.9,2,85
네이버 장소검색 | 경기 안산시,자연친화,라온아쿠아 안산수영장,상시,영유아 및 어린이 (0세~9세),경기 안산시 라온아쿠아 안산수영장,무료/유료 (플레이스 참조),경기 안산시에 위치한 인기 아기랑 수영장 명소인 [라온아쿠아 안산수영장]입니다.,https://search.naver.com/search.naver?where=nexearch&query=%EA%B2%BD%EA%B8%B0%20%EC%95%88%EC%82%B0%EC%8B%9C%20%EC%95%84%EA%B8%B0%EB%9E%91%20%EC%88%98%EC%98%81%EC%9E%A5,family:1.0;baby:1.0;parking:1.0;nursing_room:1.0;안산시;아기랑 수영장,2026-08-22 20:34:25,pool:1.0;water:1.0;outdoor:0.9,2,85
네이버 장소검색 | 경기 안산시,자연친화,안산올림픽수영장,상시,영유아 및 어린이 (0세~9세),경기 안산시 안산올림픽수영장,무료/유료 (플레이스 참조),경기 안산시에 위치한 인기 아기랑 수영장 명소인 [안산올림픽수영장]입니다.,https://search.naver.com/search.naver?where=nexearch&query=%EA%B2%BD%EA%B8%B0%20%EC%95%88%EC%82%B0%EC%8B%9C%20%EC%95%84%EA%B8%B0%EB%9E%91%20%EC%88%98%EC%98%81%EC%9E%A5,family:1.0;baby:1.0;parking:1.0;nursing_room:1.0;안산시;아기랑 수영장,2026-08-22 20:34:25,pool:1.0;water:1.0;outdoor:0.9,2,85
네이버 장소검색 | 경기 안산시,자연친화,안산도시공사 호수공원실내수영장,상시,영유아 및 어린이 (0세~9세),경기 안산시 안산도시공사 호수공원실내수영장,무료/유료 (플레이스 참조),경기 안산시에 위치한 인기 아기랑 수영장 명소인 [안산도시공사 호수공원실내수영장]입니다.,https://search.naver.com/search.naver?where=nexearch&query=%EA%B2%BD%EA%B8%B0%20%EC%95%88%EC%82%B0%EC%8B%9C%20%EC%95%84%EA%B8%B0%EB%9E%91%20%EC%88%98%EC%98%81%EC%9E%A5,family:1.0;baby:1.0;parking:1.0;nursing_room:1.0;안산시;아기랑 수영장,2026-08-22 20:34:25,pool:1.0;water:1.0;outdoor:0.9,2,85
네이버 장소검색 | 경기 안산시,자연친화,헬로키즈풀 안산점수영장,상시,영유아 및 어린이 (0세~9세),경기 안산시 헬로키즈풀 안산점수영장,무료/유료 (플레이스 참조),경기 안산시에 위치한 인기 아기랑 수영장 명소인 [헬로키즈풀 안산점수영장]입니다.,https://search.naver.com/search.naver?where=nexearch&query=%EA%B2%BD%EA%B8%B0%20%EC%95%88%EC%82%B0%EC%8B%9C%20%EC%95%84%EA%B8%B0%EB%9E%91%20%EC%88%98%EC%98%81%EC%9E%A5,family:1.0;baby:1.0;parking:1.0;nursing_room:1.0;안산시;아기랑 수영장,2026-08-22 20:34:25,pool:1.0;water:1.0;outdoor:0.9,2,85
네이버 장소검색 | 경기 안산시,자연친화,안산사동 생존누리,상시,영유아 및 어린이 (0세~9세),경기 안산시 안산사동 생존누리,무료/유료 (플레이스 참조),경기 안산시에 위치한 인기 아기랑 수영장 명소인 [안산사동 생존누리]입니다.,https://search.naver.com/search.naver?where=nexearch&query=%EA%B2%BD%EA%B8%B0%20%EC%95%88%EC%82%B0%EC%8B%9C%20%EC%95%84%EA%B8%B0%EB%9E%91%20%EC%88%98%EC%98%81%EC%9E%A5,family:1.0;baby:1.0;parking:1.0;nursing_room:1.0;안산시;아기랑 수영장,2026-08-22 20:34:25,pool:1.0;water:1.0;outdoor:0.9,2,85
네이버 장소검색 | 경기 안산시,자연친화,"안산호수공원도시,공원",상시,영유아 및 어린이 (0세~9세),"경기 안산시 안산호수공원도시,공원",무료/유료 (플레이스 참조),"경기 안산시에 위치한 인기 아기랑 공원 명소인 [안산호수공원도시,공원]입니다.",https://search.naver.com/search.naver?where=nexearch&query=%EA%B2%BD%EA%B8%B0%20%EC%95%88%EC%82%B0%EC%8B%9C%20%EC%95%84%EA%B8%B0%EB%9E%91%20%EA%B3%B5%EC%9B%90,family:1.0;baby:1.0;parking:1.0;nursing_room:1.0;안산시;아기랑 공원,2026-08-22 20:34:25,park:1.0;picnic:1.0;nature:1.0,2,85
네이버 장소검색 | 경기 안산시,자연친화,노적봉인공폭포공원공원,상시,영유아 및 어린이 (0세~9세),경기 안산시 노적봉인공폭포공원공원,무료/유료 (플레이스 참조),경기 안산시에 위치한 인기 아기랑 공원 명소인 [노적봉인공폭포공원공원]입니다.,https://search.naver.com/search.naver?where=nexearch&query=%EA%B2%BD%EA%B8%B0%20%EC%95%88%EC%82%B0%EC%8B%9C%20%EC%95%84%EA%B8%B0%EB%9E%91%20%EA%B3%B5%EC%9B%90,family:1.0;baby:1.0;parking:1.0;nursing_room:1.0;안산시;아기랑 공원,2026-08-22 20:34:25,park:1.0;picnic:1.0;nature:1.0,2,85
네이버 장소검색 | 경기 안산시,자연친화,"안산갈대습지자연,생태공원",상시,영유아 및 어린이 (0세~9세),"경기 안산시 안산갈대습지자연,생태공원",무료/유료 (플레이스 참조),"경기 안산시에 위치한 인기 아기랑 공원 명소인 [안산갈대습지자연,생태공원]입니다.",https://search.naver.com/search.naver?where=nexearch&query=%EA%B2%BD%EA%B8%B0%20%EC%95%88%EC%82%B0%EC%8B%9C%20%EC%95%84%EA%B8%B0%EB%9E%91%20%EA%B3%B5%EC%9B%90,family:1.0;baby:1.0;parking:1.0;nursing_room:1.0;안산시;아기랑 공원,2026-08-22 20:34:25,park:1.0;picnic:1.0;nature:1.0,2,85
네이버 장소검색 | 경기 안산시,자연친화,선부광장공원,상시,영유아 및 어린이 (0세~9세),경기 안산시 선부광장공원,무료/유료 (플레이스 참조),경기 안산시에 위치한 인기 아기랑 공원 명소인 [선부광장공원]입니다.,https://search.naver.com/search.naver?where=nexearch&query=%EA%B2%BD%EA%B8%B0%20%EC%95%88%EC%82%B0%EC%8B%9C%20%EC%95%84%EA%B8%B0%EB%9E%91%20%EA%B3%B5%EC%9B%90,family:1.0;baby:1.0;parking:1.0;nursing_room:1.0;안산시;아기랑 공원,2026-08-22 20:34:25,park:1.0;picnic:1.0;nature:1.0,2,85
네이버 장소검색 | 경기 안산시,자연친화,부곡자연학습장자연공원,상시,영유아 및 어린이 (0세~9세),경기 안산시 부곡자연학습장자연공원,무료/유료 (플레이스 참조),경기 안산시에 위치한 인기 아기랑 공원 명소인 [부곡자연학습장자연공원]입니다.,https://search.naver.com/search.naver?where=nexearch&query=%EA%B2%BD%EA%B8%B0%20%EC%95%88%EC%82%B0%EC%8B%9C%20%EC%95%84%EA%B8%B0%EB%9E%91%20%EA%B3%B5%EC%9B%90,family:1.0;baby:1.0;parking:1.0;nursing_room:1.0;안산시;아기랑 공원,2026-08-22 20:34:25,park:1.0;picnic:1.0;nature:1.0,2,85
네이버 장소검색 | 경기 안산시,자연친화,반월공원공원,상시,영유아 및 어린이 (0세~9세),경기 안산시 반월공원공원,무료/유료 (플레이스 참조),경기 안산시에 위치한 인기 아기랑 공원 명소인 [반월공원공원]입니다.,https://search.naver.com/search.naver?where=nexearch&query=%EA%B2%BD%EA%B8%B0%20%EC%95%88%EC%82%B0%EC%8B%9C%20%EC%95%84%EA%B8%B0%EB%9E%91%20%EA%B3%B5%EC%9B%90,family:1.0;baby:1.0;parking:1.0;nursing_room:1.0;안산시;아기랑 공원,2026-08-22 20:34:25,park:1.0;picnic:1.0;nature:1.0,2,85
네이버 장소검색 | 경기 안산시,자연친화,삼봉공원,상시,영유아 및 어린이 (0세~9세),경기 안산시 삼봉공원,무료/유료 (플레이스 참조),경기 안산시에 위치한 인기 아기랑 물놀이터 명소인 [삼봉공원]입니다.,https://search.naver.com/search.naver?where=nexearch&query=%EA%B2%BD%EA%B8%B0%20%EC%95%88%EC%82%B0%EC%8B%9C%20%EC%95%84%EA%B8%B0%EB%9E%91%20%EB%AC%BC%EB%86%80%EC%9D%B4%ED%84%B0,family:1.0;baby:1.0;parking:1.0;nursing_room:1.0;안산시;아기랑 물놀이터,2026-08-22 20:34:25,water:1.0;outdoor:1.0;picnic:0.8,2,85
네이버 장소검색 | 경기 안산시,가족체험,고잔신도시씨앤씨미술,상시,영유아 및 어린이 (0세~9세),경기 안산시 고잔신도시씨앤씨미술,무료/유료 (플레이스 참조),경기 안산시에 위치한 인기 아기랑 미술 명소인 [고잔신도시씨앤씨미술]입니다.,https://search.naver.com/search.naver?where=nexearch&query=%EA%B2%BD%EA%B8%B0%20%EC%95%88%EC%82%B0%EC%8B%9C%20%EC%95%84%EA%B8%B0%EB%9E%91%20%EB%AF%B8%EC%88%A0,family:1.0;baby:1.0;parking:1.0;nursing_room:1.0;안산시;아기랑 미술,2026-08-22 20:34:25,drawing:1.0;art:1.0;experience:1.0,2,85
네이버 장소검색 | 경기 안산시,가족체험,"안산고잔동 씨앤씨미술학원/이대,국민대,건국대",상시,영유아 및 어린이 (0세~9세),"경기 안산시 안산고잔동 씨앤씨미술학원/이대,국민대,건국대",무료/유료 (플레이스 참조),"경기 안산시에 위치한 인기 아기랑 미술 명소인 [안산고잔동 씨앤씨미술학원/이대,국민대,건국대]입니다.",https://search.naver.com/search.naver?where=nexearch&query=%EA%B2%BD%EA%B8%B0%20%EC%95%88%EC%82%B0%EC%8B%9C%20%EC%95%84%EA%B8%B0%EB%9E%91%20%EB%AF%B8%EC%88%A0,family:1.0;baby:1.0;parking:1.0;nursing_room:1.0;안산시;아기랑 미술,2026-08-22 20:34:25,drawing:1.0;art:1.0;experience:1.0,2,85
네이버 장소검색 | 경기 안산시,가족체험,따오기아동문화관박물관,상시,영유아 및 어린이 (0세~9세),경기 안산시 따오기아동문화관박물관,무료/유료 (플레이스 참조),경기 안산시에 위치한 인기 아기랑 어린이박물관 명소인 [따오기아동문화관박물관]입니다.,https://search.naver.com/search.naver?where=nexearch&query=%EA%B2%BD%EA%B8%B0%20%EC%95%88%EC%82%B0%EC%8B%9C%20%EC%95%84%EA%B8%B0%EB%9E%91%20%EC%96%B4%EB%A6%B0%EC%9D%B4%EB%B0%95%EB%AC%BC%EA%B4%80,family:1.0;baby:1.0;parking:1.0;nursing_room:1.0;안산시;아기랑 어린이박물관,2026-08-22 20:34:25,museum:1.0;hands_on:1.0;experience:1.0,2,85
네이버 장소검색 | 경기 안양시,사설키즈카페,로라바운스 평촌점,상시,영유아 및 어린이 (0세~9세),경기 안양시 로라바운스 평촌점,무료/유료 (플레이스 참조),경기 안양시에 위치한 인기 아기랑 키즈카페 명소인 [로라바운스 평촌점]입니다.,https://search.naver.com/search.naver?where=nexearch&query=%EA%B2%BD%EA%B8%B0%20%EC%95%88%EC%96%91%EC%8B%9C%20%EC%95%84%EA%B8%B0%EB%9E%91%20%ED%82%A4%EC%A6%88%EC%B9%B4%ED%8E%98,family:1.0;baby:1.0;parking:1.0;nursing_room:1.0;안양시;아기랑 키즈카페,2026-08-22 20:34:25,toddler:1.0;indoor:0.9;play:1.0,2,85
네이버 장소검색 | 경기 안양시,사설키즈카페,캘리클럽 안양점,상시,영유아 및 어린이 (0세~9세),경기 안양시 캘리클럽 안양점,무료/유료 (플레이스 참조),경기 안양시에 위치한 인기 아기랑 키즈카페 명소인 [캘리클럽 안양점]입니다.,https://search.naver.com/search.naver?where=nexearch&query=%EA%B2%BD%EA%B8%B0%20%EC%95%88%EC%96%91%EC%8B%9C%20%EC%95%84%EA%B8%B0%EB%9E%91%20%ED%82%A4%EC%A6%88%EC%B9%B4%ED%8E%98,family:1.0;baby:1.0;parking:1.0;nursing_room:1.0;안양시;아기랑 키즈카페,2026-08-22 20:34:25,toddler:1.0;indoor:0.9;play:1.0,2,85
네이버 장소검색 | 경기 안양시,사설키즈카페,베베앙쥬베이비카페 평촌점,상시,영유아 및 어린이 (0세~9세),경기 안양시 베베앙쥬베이비카페 평촌점,무료/유료 (플레이스 참조),경기 안양시에 위치한 인기 아기랑 키즈카페 명소인 [베베앙쥬베이비카페 평촌점]입니다.,https://search.naver.com/search.naver?where=nexearch&query=%EA%B2%BD%EA%B8%B0%20%EC%95%88%EC%96%91%EC%8B%9C%20%EC%95%84%EA%B8%B0%EB%9E%91%20%ED%82%A4%EC%A6%88%EC%B9%B4%ED%8E%98,family:1.0;baby:1.0;parking:1.0;nursing_room:1.0;안양시;아기랑 키즈카페,2026-08-22 20:34:25,toddler:1.0;indoor:0.9;play:1.0,2,85
네이버 장소검색 | 경기 안양시,사설키즈카페,키즈베이 안양점,상시,영유아 및 어린이 (0세~9세),경기 안양시 키즈베이 안양점,무료/유료 (플레이스 참조),경기 안양시에 위치한 인기 아기랑 키즈카페 명소인 [키즈베이 안양점]입니다.,https://search.naver.com/search.naver?where=nexearch&query=%EA%B2%BD%EA%B8%B0%20%EC%95%88%EC%96%91%EC%8B%9C%20%EC%95%84%EA%B8%B0%EB%9E%91%20%ED%82%A4%EC%A6%88%EC%B9%B4%ED%8E%98,family:1.0;baby:1.0;parking:1.0;nursing_room:1.0;안양시;아기랑 키즈카페,2026-08-22 20:34:25,toddler:1.0;indoor:0.9;play:1.0,2,85
네이버 장소검색 | 경기 안양시,사설키즈카페,바니바니베이비카페,상시,영유아 및 어린이 (0세~9세),경기 안양시 바니바니베이비카페,무료/유료 (플레이스 참조),경기 안양시에 위치한 인기 아기랑 키즈카페 명소인 [바니바니베이비카페]입니다.,https://search.naver.com/search.naver?where=nexearch&query=%EA%B2%BD%EA%B8%B0%20%EC%95%88%EC%96%91%EC%8B%9C%20%EC%95%84%EA%B8%B0%EB%9E%91%20%ED%82%A4%EC%A6%88%EC%B9%B4%ED%8E%98,family:1.0;baby:1.0;parking:1.0;nursing_room:1.0;안양시;아기랑 키즈카페,2026-08-22 20:34:25,toddler:1.0;indoor:0.9;play:1.0,2,85
네이버 장소검색 | 경기 안양시,사설키즈카페,꼬마노리,상시,영유아 및 어린이 (0세~9세),경기 안양시 꼬마노리,무료/유료 (플레이스 참조),경기 안양시에 위치한 인기 아기랑 키즈카페 명소인 [꼬마노리]입니다.,https://search.naver.com/search.naver?where=nexearch&query=%EA%B2%BD%EA%B8%B0%20%EC%95%88%EC%96%91%EC%8B%9C%20%EC%95%84%EA%B8%B0%EB%9E%91%20%ED%82%A4%EC%A6%88%EC%B9%B4%ED%8E%98,family:1.0;baby:1.0;parking:1.0;nursing_room:1.0;안양시;아기랑 키즈카페,2026-08-22 20:34:25,toddler:1.0;indoor:0.9;play:1.0,2,85
네이버 장소검색 | 경기 안양시,사설키즈카페,경기도안양시,상시,영유아 및 어린이 (0세~9세),경기 안양시 경기도안양시,무료/유료 (플레이스 참조),경기 안양시에 위치한 인기 아기랑 키즈카페 명소인 [경기도안양시]입니다.,https://search.naver.com/search.naver?where=nexearch&query=%EA%B2%BD%EA%B8%B0%20%EC%95%88%EC%96%91%EC%8B%9C%20%EC%95%84%EA%B8%B0%EB%9E%91%20%ED%82%A4%EC%A6%88%EC%B9%B4%ED%8E%98,family:1.0;baby:1.0;parking:1.0;nursing_room:1.0;안양시;아기랑 키즈카페,2026-08-22 20:34:25,toddler:1.0;indoor:0.9;play:1.0,2,85
네이버 장소검색 | 경기 안양시,사설키즈카페,"안양역키즈카페월드킹, 22개월아기와 가기 좋은",상시,영유아 및 어린이 (0세~9세),"경기 안양시 안양역키즈카페월드킹, 22개월아기와 가기 좋은",무료/유료 (플레이스 참조),"경기 안양시에 위치한 인기 아기랑 키즈카페 명소인 [안양역키즈카페월드킹, 22개월아기와 가기 좋은]입니다.",https://search.naver.com/search.naver?where=nexearch&query=%EA%B2%BD%EA%B8%B0%20%EC%95%88%EC%96%91%EC%8B%9C%20%EC%95%84%EA%B8%B0%EB%9E%91%20%ED%82%A4%EC%A6%88%EC%B9%B4%ED%8E%98,family:1.0;baby:1.0;parking:1.0;nursing_room:1.0;안양시;아기랑 키즈카페,2026-08-22 20:34:25,toddler:1.0;indoor:0.9;play:1.0,2,85
네이버 장소검색 | 경기 안양시,자연친화,안양워터랜드수영장,상시,영유아 및 어린이 (0세~9세),경기 안양시 안양워터랜드수영장,무료/유료 (플레이스 참조),경기 안양시에 위치한 인기 아기랑 수영장 명소인 [안양워터랜드수영장]입니다.,https://search.naver.com/search.naver?where=nexearch&query=%EA%B2%BD%EA%B8%B0%20%EC%95%88%EC%96%91%EC%8B%9C%20%EC%95%84%EA%B8%B0%EB%9E%91%20%EC%88%98%EC%98%81%EC%9E%A5,family:1.0;baby:1.0;parking:1.0;nursing_room:1.0;안양시;아기랑 수영장,2026-08-22 20:34:25,pool:1.0;water:1.0;outdoor:0.9,2,85
네이버 장소검색 | 경기 안양시,자연친화,키즈블루 feat.아쿠아블루수영장,상시,영유아 및 어린이 (0세~9세),경기 안양시 키즈블루 feat.아쿠아블루수영장,무료/유료 (플레이스 참조),경기 안양시에 위치한 인기 아기랑 수영장 명소인 [키즈블루 feat.아쿠아블루수영장]입니다.,https://search.naver.com/search.naver?where=nexearch&query=%EA%B2%BD%EA%B8%B0%20%EC%95%88%EC%96%91%EC%8B%9C%20%EC%95%84%EA%B8%B0%EB%9E%91%20%EC%88%98%EC%98%81%EC%9E%A5,family:1.0;baby:1.0;parking:1.0;nursing_room:1.0;안양시;아기랑 수영장,2026-08-22 20:34:25,pool:1.0;water:1.0;outdoor:0.9,2,85
네이버 장소검색 | 경기 안양시,자연친화,밸런스수영장,상시,영유아 및 어린이 (0세~9세),경기 안양시 밸런스수영장,무료/유료 (플레이스 참조),경기 안양시에 위치한 인기 아기랑 수영장 명소인 [밸런스수영장]입니다.,https://search.naver.com/search.naver?where=nexearch&query=%EA%B2%BD%EA%B8%B0%20%EC%95%88%EC%96%91%EC%8B%9C%20%EC%95%84%EA%B8%B0%EB%9E%91%20%EC%88%98%EC%98%81%EC%9E%A5,family:1.0;baby:1.0;parking:1.0;nursing_room:1.0;안양시;아기랑 수영장,2026-08-22 20:34:25,pool:1.0;water:1.0;outdoor:0.9,2,85
네이버 장소검색 | 경기 안양시,자연친화,한양스포츠센터수영장,상시,영유아 및 어린이 (0세~9세),경기 안양시 한양스포츠센터수영장,무료/유료 (플레이스 참조),경기 안양시에 위치한 인기 아기랑 수영장 명소인 [한양스포츠센터수영장]입니다.,https://search.naver.com/search.naver?where=nexearch&query=%EA%B2%BD%EA%B8%B0%20%EC%95%88%EC%96%91%EC%8B%9C%20%EC%95%84%EA%B8%B0%EB%9E%91%20%EC%88%98%EC%98%81%EC%9E%A5,family:1.0;baby:1.0;parking:1.0;nursing_room:1.0;안양시;아기랑 수영장,2026-08-22 20:34:25,pool:1.0;water:1.0;outdoor:0.9,2,85
네이버 장소검색 | 경기 안양시,자연친화,스윔21 평촌점수영장,상시,영유아 및 어린이 (0세~9세),경기 안양시 스윔21 평촌점수영장,무료/유료 (플레이스 참조),경기 안양시에 위치한 인기 아기랑 수영장 명소인 [스윔21 평촌점수영장]입니다.,https://search.naver.com/search.naver?where=nexearch&query=%EA%B2%BD%EA%B8%B0%20%EC%95%88%EC%96%91%EC%8B%9C%20%EC%95%84%EA%B8%B0%EB%9E%91%20%EC%88%98%EC%98%81%EC%9E%A5,family:1.0;baby:1.0;parking:1.0;nursing_room:1.0;안양시;아기랑 수영장,2026-08-22 20:34:25,pool:1.0;water:1.0;outdoor:0.9,2,85
네이버 장소검색 | 경기 안양시,자연친화,스윔21 관양점수영장,상시,영유아 및 어린이 (0세~9세),경기 안양시 스윔21 관양점수영장,무료/유료 (플레이스 참조),경기 안양시에 위치한 인기 아기랑 수영장 명소인 [스윔21 관양점수영장]입니다.,https://search.naver.com/search.naver?where=nexearch&query=%EA%B2%BD%EA%B8%B0%20%EC%95%88%EC%96%91%EC%8B%9C%20%EC%95%84%EA%B8%B0%EB%9E%91%20%EC%88%98%EC%98%81%EC%9E%A5,family:1.0;baby:1.0;parking:1.0;nursing_room:1.0;안양시;아기랑 수영장,2026-08-22 20:34:25,pool:1.0;water:1.0;outdoor:0.9,2,85
네이버 장소검색 | 경기 안양시,자연친화,경기도안양아기랑,상시,영유아 및 어린이 (0세~9세),경기 안양시 경기도안양아기랑,무료/유료 (플레이스 참조),경기 안양시에 위치한 인기 아기랑 모래놀이 명소인 [경기도안양아기랑]입니다.,https://search.naver.com/search.naver?where=nexearch&query=%EA%B2%BD%EA%B8%B0%20%EC%95%88%EC%96%91%EC%8B%9C%20%EC%95%84%EA%B8%B0%EB%9E%91%20%EB%AA%A8%EB%9E%98%EB%86%80%EC%9D%B4,family:1.0;baby:1.0;parking:1.0;nursing_room:1.0;안양시;아기랑 모래놀이,2026-08-22 20:34:25,sand:1.0;nature:1.0;play:0.9,2,85
네이버 장소검색 | 경기 안양시,자연친화,병목안공원,상시,영유아 및 어린이 (0세~9세),경기 안양시 병목안공원,무료/유료 (플레이스 참조),경기 안양시에 위치한 인기 아기랑 공원 명소인 [병목안공원]입니다.,https://search.naver.com/search.naver?where=nexearch&query=%EA%B2%BD%EA%B8%B0%20%EC%95%88%EC%96%91%EC%8B%9C%20%EC%95%84%EA%B8%B0%EB%9E%91%20%EA%B3%B5%EC%9B%90,family:1.0;baby:1.0;parking:1.0;nursing_room:1.0;안양시;아기랑 공원,2026-08-22 20:34:25,park:1.0;picnic:1.0;nature:1.0,2,85
네이버 장소검색 | 경기 안양시,자연친화,안양예술공원공원,상시,영유아 및 어린이 (0세~9세),경기 안양시 안양예술공원공원,무료/유료 (플레이스 참조),경기 안양시에 위치한 인기 아기랑 공원 명소인 [안양예술공원공원]입니다.,https://search.naver.com/search.naver?where=nexearch&query=%EA%B2%BD%EA%B8%B0%20%EC%95%88%EC%96%91%EC%8B%9C%20%EC%95%84%EA%B8%B0%EB%9E%91%20%EA%B3%B5%EC%9B%90,family:1.0;baby:1.0;parking:1.0;nursing_room:1.0;안양시;아기랑 공원,2026-08-22 20:34:25,park:1.0;picnic:1.0;nature:1.0,2,85
네이버 장소검색 | 경기 안양시,자연친화,평촌중앙공원공원,상시,영유아 및 어린이 (0세~9세),경기 안양시 평촌중앙공원공원,무료/유료 (플레이스 참조),경기 안양시에 위치한 인기 아기랑 공원 명소인 [평촌중앙공원공원]입니다.,https://search.naver.com/search.naver?where=nexearch&query=%EA%B2%BD%EA%B8%B0%20%EC%95%88%EC%96%91%EC%8B%9C%20%EC%95%84%EA%B8%B0%EB%9E%91%20%EA%B3%B5%EC%9B%90,family:1.0;baby:1.0;parking:1.0;nursing_room:1.0;안양시;아기랑 공원,2026-08-22 20:34:25,park:1.0;picnic:1.0;nature:1.0,2,85
네이버 장소검색 | 경기 안양시,자연친화,자유공원공원,상시,영유아 및 어린이 (0세~9세),경기 안양시 자유공원공원,무료/유료 (플레이스 참조),경기 안양시에 위치한 인기 아기랑 공원 명소인 [자유공원공원]입니다.,https://search.naver.com/search.naver?where=nexearch&query=%EA%B2%BD%EA%B8%B0%20%EC%95%88%EC%96%91%EC%8B%9C%20%EC%95%84%EA%B8%B0%EB%9E%91%20%EA%B3%B5%EC%9B%90,family:1.0;baby:1.0;parking:1.0;nursing_room:1.0;안양시;아기랑 공원,2026-08-22 20:34:25,park:1.0;picnic:1.0;nature:1.0,2,85
네이버 장소검색 | 경기 안양시,자연친화,"석수체육공원도시,공원",상시,영유아 및 어린이 (0세~9세),"경기 안양시 석수체육공원도시,공원",무료/유료 (플레이스 참조),"경기 안양시에 위치한 인기 아기랑 공원 명소인 [석수체육공원도시,공원]입니다.",https://search.naver.com/search.naver?where=nexearch&query=%EA%B2%BD%EA%B8%B0%20%EC%95%88%EC%96%91%EC%8B%9C%20%EC%95%84%EA%B8%B0%EB%9E%91%20%EA%B3%B5%EC%9B%90,family:1.0;baby:1.0;parking:1.0;nursing_room:1.0;안양시;아기랑 공원,2026-08-22 20:34:25,park:1.0;picnic:1.0;nature:1.0,2,85
네이버 장소검색 | 경기 안양시,자연친화,학운공원공원,상시,영유아 및 어린이 (0세~9세),경기 안양시 학운공원공원,무료/유료 (플레이스 참조),경기 안양시에 위치한 인기 아기랑 공원 명소인 [학운공원공원]입니다.,https://search.naver.com/search.naver?where=nexearch&query=%EA%B2%BD%EA%B8%B0%20%EC%95%88%EC%96%91%EC%8B%9C%20%EC%95%84%EA%B8%B0%EB%9E%91%20%EA%B3%B5%EC%9B%90,family:1.0;baby:1.0;parking:1.0;nursing_room:1.0;안양시;아기랑 공원,2026-08-22 20:34:25,park:1.0;picnic:1.0;nature:1.0,2,85
네이버 장소검색 | 경기 안양시,자연친화,안양에는 무료 박물관과 환경,상시,영유아 및 어린이 (0세~9세),경기 안양시 안양에는 무료 박물관과 환경,무료/유료 (플레이스 참조),경기 안양시에 위치한 인기 아기랑 공원 명소인 [안양에는 무료 박물관과 환경]입니다.,https://search.naver.com/search.naver?where=nexearch&query=%EA%B2%BD%EA%B8%B0%20%EC%95%88%EC%96%91%EC%8B%9C%20%EC%95%84%EA%B8%B0%EB%9E%91%20%EA%B3%B5%EC%9B%90,family:1.0;baby:1.0;parking:1.0;nursing_room:1.0;안양시;아기랑 공원,2026-08-22 20:34:25,park:1.0;picnic:1.0;nature:1.0,2,85
네이버 장소검색 | 경기 안양시,가족체험,소마드로잉카페 안양점갤러리카페,상시,영유아 및 어린이 (0세~9세),경기 안양시 소마드로잉카페 안양점갤러리카페,무료/유료 (플레이스 참조),경기 안양시에 위치한 인기 아기랑 미술 명소인 [소마드로잉카페 안양점갤러리카페]입니다.,https://search.naver.com/search.naver?where=nexearch&query=%EA%B2%BD%EA%B8%B0%20%EC%95%88%EC%96%91%EC%8B%9C%20%EC%95%84%EA%B8%B0%EB%9E%91%20%EB%AF%B8%EC%88%A0,family:1.0;baby:1.0;parking:1.0;nursing_room:1.0;안양시;아기랑 미술,2026-08-22 20:34:25,drawing:1.0;art:1.0;experience:1.0,2,85
네이버 장소검색 | 경기 남양주시,사설키즈카페,파크골프예약,상시,영유아 및 어린이 (0세~9세),경기 남양주시 파크골프예약,무료/유료 (플레이스 참조),경기 남양주시에 위치한 인기 아기랑 키즈카페 명소인 [파크골프예약]입니다.,https://search.naver.com/search.naver?where=nexearch&query=%EA%B2%BD%EA%B8%B0%20%EB%82%A8%EC%96%91%EC%A3%BC%EC%8B%9C%20%EC%95%84%EA%B8%B0%EB%9E%91%20%ED%82%A4%EC%A6%88%EC%B9%B4%ED%8E%98,family:1.0;baby:1.0;parking:1.0;nursing_room:1.0;남양주시;아기랑 키즈카페,2026-08-22 20:34:25,toddler:1.0;indoor:0.9;play:1.0,2,85
네이버 장소검색 | 경기 남양주시,사설키즈카페,프리미어 뽀로로테마파크 다산 위드 트래블,상시,영유아 및 어린이 (0세~9세),경기 남양주시 프리미어 뽀로로테마파크 다산 위드 트래블,무료/유료 (플레이스 참조),경기 남양주시에 위치한 인기 아기랑 키즈카페 명소인 [프리미어 뽀로로테마파크 다산 위드 트래블]입니다.,https://search.naver.com/search.naver?where=nexearch&query=%EA%B2%BD%EA%B8%B0%20%EB%82%A8%EC%96%91%EC%A3%BC%EC%8B%9C%20%EC%95%84%EA%B8%B0%EB%9E%91%20%ED%82%A4%EC%A6%88%EC%B9%B4%ED%8E%98,family:1.0;baby:1.0;parking:1.0;nursing_room:1.0;남양주시;아기랑 키즈카페,2026-08-22 20:34:25,toddler:1.0;indoor:0.9;play:1.0,2,85
네이버 장소검색 | 경기 남양주시,사설키즈카페,고고다이노키즈카페 다산현대캠퍼스몰점,상시,영유아 및 어린이 (0세~9세),경기 남양주시 고고다이노키즈카페 다산현대캠퍼스몰점,무료/유료 (플레이스 참조),경기 남양주시에 위치한 인기 아기랑 키즈카페 명소인 [고고다이노키즈카페 다산현대캠퍼스몰점]입니다.,https://search.naver.com/search.naver?where=nexearch&query=%EA%B2%BD%EA%B8%B0%20%EB%82%A8%EC%96%91%EC%A3%BC%EC%8B%9C%20%EC%95%84%EA%B8%B0%EB%9E%91%20%ED%82%A4%EC%A6%88%EC%B9%B4%ED%8E%98,family:1.0;baby:1.0;parking:1.0;nursing_room:1.0;남양주시;아기랑 키즈카페,2026-08-22 20:34:25,toddler:1.0;indoor:0.9;play:1.0,2,85
네이버 장소검색 | 경기 남양주시,사설키즈카페,아르떼 키즈파크 별내,상시,영유아 및 어린이 (0세~9세),경기 남양주시 아르떼 키즈파크 별내,무료/유료 (플레이스 참조),경기 남양주시에 위치한 인기 아기랑 키즈카페 명소인 [아르떼 키즈파크 별내]입니다.,https://search.naver.com/search.naver?where=nexearch&query=%EA%B2%BD%EA%B8%B0%20%EB%82%A8%EC%96%91%EC%A3%BC%EC%8B%9C%20%EC%95%84%EA%B8%B0%EB%9E%91%20%ED%82%A4%EC%A6%88%EC%B9%B4%ED%8E%98,family:1.0;baby:1.0;parking:1.0;nursing_room:1.0;남양주시;아기랑 키즈카페,2026-08-22 20:34:25,toddler:1.0;indoor:0.9;play:1.0,2,85
네이버 장소검색 | 경기 남양주시,사설키즈카페,플릭스360,상시,영유아 및 어린이 (0세~9세),경기 남양주시 플릭스360,무료/유료 (플레이스 참조),경기 남양주시에 위치한 인기 아기랑 키즈카페 명소인 [플릭스360]입니다.,https://search.naver.com/search.naver?where=nexearch&query=%EA%B2%BD%EA%B8%B0%20%EB%82%A8%EC%96%91%EC%A3%BC%EC%8B%9C%20%EC%95%84%EA%B8%B0%EB%9E%91%20%ED%82%A4%EC%A6%88%EC%B9%B4%ED%8E%98,family:1.0;baby:1.0;parking:1.0;nursing_room:1.0;남양주시;아기랑 키즈카페,2026-08-22 20:34:25,toddler:1.0;indoor:0.9;play:1.0,2,85
네이버 장소검색 | 경기 남양주시,사설키즈카페,쎄쎄쎄 키즈카페,상시,영유아 및 어린이 (0세~9세),경기 남양주시 쎄쎄쎄 키즈카페,무료/유료 (플레이스 참조),경기 남양주시에 위치한 인기 아기랑 키즈카페 명소인 [쎄쎄쎄 키즈카페]입니다.,https://search.naver.com/search.naver?where=nexearch&query=%EA%B2%BD%EA%B8%B0%20%EB%82%A8%EC%96%91%EC%A3%BC%EC%8B%9C%20%EC%95%84%EA%B8%B0%EB%9E%91%20%ED%82%A4%EC%A6%88%EC%B9%B4%ED%8E%98,family:1.0;baby:1.0;parking:1.0;nursing_room:1.0;남양주시;아기랑 키즈카페,2026-08-22 20:34:25,toddler:1.0;indoor:0.9;play:1.0,2,85
네이버 장소검색 | 경기 남양주시,사설키즈카페,바운스 트램폴린파크 남양주현대아울렛센터,상시,영유아 및 어린이 (0세~9세),경기 남양주시 바운스 트램폴린파크 남양주현대아울렛센터,무료/유료 (플레이스 참조),경기 남양주시에 위치한 인기 아기랑 키즈카페 명소인 [바운스 트램폴린파크 남양주현대아울렛센터]입니다.,https://search.naver.com/search.naver?where=nexearch&query=%EA%B2%BD%EA%B8%B0%20%EB%82%A8%EC%96%91%EC%A3%BC%EC%8B%9C%20%EC%95%84%EA%B8%B0%EB%9E%91%20%ED%82%A4%EC%A6%88%EC%B9%B4%ED%8E%98,family:1.0;baby:1.0;parking:1.0;nursing_room:1.0;남양주시;아기랑 키즈카페,2026-08-22 20:34:25,toddler:1.0;indoor:0.9;play:1.0,2,85
네이버 장소검색 | 경기 남양주시,사설키즈카페,경기도남양주시,상시,영유아 및 어린이 (0세~9세),경기 남양주시 경기도남양주시,무료/유료 (플레이스 참조),경기 남양주시에 위치한 인기 아기랑 키즈카페 명소인 [경기도남양주시]입니다.,https://search.naver.com/search.naver?where=nexearch&query=%EA%B2%BD%EA%B8%B0%20%EB%82%A8%EC%96%91%EC%A3%BC%EC%8B%9C%20%EC%95%84%EA%B8%B0%EB%9E%91%20%ED%82%A4%EC%A6%88%EC%B9%B4%ED%8E%98,family:1.0;baby:1.0;parking:1.0;nursing_room:1.0;남양주시;아기랑 키즈카페,2026-08-22 20:34:25,toddler:1.0;indoor:0.9;play:1.0,2,85
네이버 장소검색 | 경기 남양주시,사설키즈카페,남양주,상시,영유아 및 어린이 (0세~9세),경기 남양주시 남양주,무료/유료 (플레이스 참조),경기 남양주시에 위치한 인기 아기랑 키즈카페 명소인 [남양주]입니다.,https://search.naver.com/search.naver?where=nexearch&query=%EA%B2%BD%EA%B8%B0%20%EB%82%A8%EC%96%91%EC%A3%BC%EC%8B%9C%20%EC%95%84%EA%B8%B0%EB%9E%91%20%ED%82%A4%EC%A6%88%EC%B9%B4%ED%8E%98,family:1.0;baby:1.0;parking:1.0;nursing_room:1.0;남양주시;아기랑 키즈카페,2026-08-22 20:34:25,toddler:1.0;indoor:0.9;play:1.0,2,85
네이버 장소검색 | 경기 남양주시,자연친화,묘적사계곡,상시,영유아 및 어린이 (0세~9세),경기 남양주시 묘적사계곡,무료/유료 (플레이스 참조),경기 남양주시에 위치한 인기 아기랑 계곡 명소인 [묘적사계곡]입니다.,https://search.naver.com/search.naver?where=nexearch&query=%EA%B2%BD%EA%B8%B0%20%EB%82%A8%EC%96%91%EC%A3%BC%EC%8B%9C%20%EC%95%84%EA%B8%B0%EB%9E%91%20%EA%B3%84%EA%B3%A1,family:1.0;baby:1.0;parking:1.0;nursing_room:1.0;남양주시;아기랑 계곡,2026-08-22 20:34:25,valley:1.0;nature:1.0;water:1.0,2,85
네이버 장소검색 | 경기 남양주시,자연친화,팔현계곡,상시,영유아 및 어린이 (0세~9세),경기 남양주시 팔현계곡,무료/유료 (플레이스 참조),경기 남양주시에 위치한 인기 아기랑 계곡 명소인 [팔현계곡]입니다.,https://search.naver.com/search.naver?where=nexearch&query=%EA%B2%BD%EA%B8%B0%20%EB%82%A8%EC%96%91%EC%A3%BC%EC%8B%9C%20%EC%95%84%EA%B8%B0%EB%9E%91%20%EA%B3%84%EA%B3%A1,family:1.0;baby:1.0;parking:1.0;nursing_room:1.0;남양주시;아기랑 계곡,2026-08-22 20:34:25,valley:1.0;nature:1.0;water:1.0,2,85
네이버 장소검색 | 경기 남양주시,자연친화,비금계곡,상시,영유아 및 어린이 (0세~9세),경기 남양주시 비금계곡,무료/유료 (플레이스 참조),경기 남양주시에 위치한 인기 아기랑 계곡 명소인 [비금계곡]입니다.,https://search.naver.com/search.naver?where=nexearch&query=%EA%B2%BD%EA%B8%B0%20%EB%82%A8%EC%96%91%EC%A3%BC%EC%8B%9C%20%EC%95%84%EA%B8%B0%EB%9E%91%20%EA%B3%84%EA%B3%A1,family:1.0;baby:1.0;parking:1.0;nursing_room:1.0;남양주시;아기랑 계곡,2026-08-22 20:34:25,valley:1.0;nature:1.0;water:1.0,2,85
네이버 장소검색 | 경기 남양주시,자연친화,천마산계곡,상시,영유아 및 어린이 (0세~9세),경기 남양주시 천마산계곡,무료/유료 (플레이스 참조),경기 남양주시에 위치한 인기 아기랑 계곡 명소인 [천마산계곡]입니다.,https://search.naver.com/search.naver?where=nexearch&query=%EA%B2%BD%EA%B8%B0%20%EB%82%A8%EC%96%91%EC%A3%BC%EC%8B%9C%20%EC%95%84%EA%B8%B0%EB%9E%91%20%EA%B3%84%EA%B3%A1,family:1.0;baby:1.0;parking:1.0;nursing_room:1.0;남양주시;아기랑 계곡,2026-08-22 20:34:25,valley:1.0;nature:1.0;water:1.0,2,85
네이버 장소검색 | 경기 남양주시,자연친화,수동수영장,상시,영유아 및 어린이 (0세~9세),경기 남양주시 수동수영장,무료/유료 (플레이스 참조),경기 남양주시에 위치한 인기 아기랑 수영장 명소인 [수동수영장]입니다.,https://search.naver.com/search.naver?where=nexearch&query=%EA%B2%BD%EA%B8%B0%20%EB%82%A8%EC%96%91%EC%A3%BC%EC%8B%9C%20%EC%95%84%EA%B8%B0%EB%9E%91%20%EC%88%98%EC%98%81%EC%9E%A5,family:1.0;baby:1.0;parking:1.0;nursing_room:1.0;남양주시;아기랑 수영장,2026-08-22 20:34:25,pool:1.0;water:1.0;outdoor:0.9,2,85
네이버 장소검색 | 경기 남양주시,자연친화,아쿠아핏 다산점수영장,상시,영유아 및 어린이 (0세~9세),경기 남양주시 아쿠아핏 다산점수영장,무료/유료 (플레이스 참조),경기 남양주시에 위치한 인기 아기랑 수영장 명소인 [아쿠아핏 다산점수영장]입니다.,https://search.naver.com/search.naver?where=nexearch&query=%EA%B2%BD%EA%B8%B0%20%EB%82%A8%EC%96%91%EC%A3%BC%EC%8B%9C%20%EC%95%84%EA%B8%B0%EB%9E%91%20%EC%88%98%EC%98%81%EC%9E%A5,family:1.0;baby:1.0;parking:1.0;nursing_room:1.0;남양주시;아기랑 수영장,2026-08-22 20:34:25,pool:1.0;water:1.0;outdoor:0.9,2,85
네이버 장소검색 | 경기 남양주시,자연친화,네오키즈스윔수영장,상시,영유아 및 어린이 (0세~9세),경기 남양주시 네오키즈스윔수영장,무료/유료 (플레이스 참조),경기 남양주시에 위치한 인기 아기랑 수영장 명소인 [네오키즈스윔수영장]입니다.,https://search.naver.com/search.naver?where=nexearch&query=%EA%B2%BD%EA%B8%B0%20%EB%82%A8%EC%96%91%EC%A3%BC%EC%8B%9C%20%EC%95%84%EA%B8%B0%EB%9E%91%20%EC%88%98%EC%98%81%EC%9E%A5,family:1.0;baby:1.0;parking:1.0;nursing_room:1.0;남양주시;아기랑 수영장,2026-08-22 20:34:25,pool:1.0;water:1.0;outdoor:0.9,2,85
네이버 장소검색 | 경기 남양주시,자연친화,보아스 더 스윔 클럽수영장,상시,영유아 및 어린이 (0세~9세),경기 남양주시 보아스 더 스윔 클럽수영장,무료/유료 (플레이스 참조),경기 남양주시에 위치한 인기 아기랑 수영장 명소인 [보아스 더 스윔 클럽수영장]입니다.,https://search.naver.com/search.naver?where=nexearch&query=%EA%B2%BD%EA%B8%B0%20%EB%82%A8%EC%96%91%EC%A3%BC%EC%8B%9C%20%EC%95%84%EA%B8%B0%EB%9E%91%20%EC%88%98%EC%98%81%EC%9E%A5,family:1.0;baby:1.0;parking:1.0;nursing_room:1.0;남양주시;아기랑 수영장,2026-08-22 20:34:25,pool:1.0;water:1.0;outdoor:0.9,2,85
네이버 장소검색 | 경기 남양주시,자연친화,엔젤크루 키즈스위밍 별내점수영장,상시,영유아 및 어린이 (0세~9세),경기 남양주시 엔젤크루 키즈스위밍 별내점수영장,무료/유료 (플레이스 참조),경기 남양주시에 위치한 인기 아기랑 수영장 명소인 [엔젤크루 키즈스위밍 별내점수영장]입니다.,https://search.naver.com/search.naver?where=nexearch&query=%EA%B2%BD%EA%B8%B0%20%EB%82%A8%EC%96%91%EC%A3%BC%EC%8B%9C%20%EC%95%84%EA%B8%B0%EB%9E%91%20%EC%88%98%EC%98%81%EC%9E%A5,family:1.0;baby:1.0;parking:1.0;nursing_room:1.0;남양주시;아기랑 수영장,2026-08-22 20:34:25,pool:1.0;water:1.0;outdoor:0.9,2,85
네이버 장소검색 | 경기 남양주시,자연친화,아이 안전을 최우선 한 4계절,상시,영유아 및 어린이 (0세~9세),경기 남양주시 아이 안전을 최우선 한 4계절,무료/유료 (플레이스 참조),경기 남양주시에 위치한 인기 아기랑 수영장 명소인 [아이 안전을 최우선 한 4계절]입니다.,https://search.naver.com/search.naver?where=nexearch&query=%EA%B2%BD%EA%B8%B0%20%EB%82%A8%EC%96%91%EC%A3%BC%EC%8B%9C%20%EC%95%84%EA%B8%B0%EB%9E%91%20%EC%88%98%EC%98%81%EC%9E%A5,family:1.0;baby:1.0;parking:1.0;nursing_room:1.0;남양주시;아기랑 수영장,2026-08-22 20:34:25,pool:1.0;water:1.0;outdoor:0.9,2,85
네이버 장소검색 | 경기 남양주시,자연친화,들어했던모래놀이카페,상시,영유아 및 어린이 (0세~9세),경기 남양주시 들어했던모래놀이카페,무료/유료 (플레이스 참조),경기 남양주시에 위치한 인기 아기랑 모래놀이 명소인 [들어했던모래놀이카페]입니다.,https://search.naver.com/search.naver?where=nexearch&query=%EA%B2%BD%EA%B8%B0%20%EB%82%A8%EC%96%91%EC%A3%BC%EC%8B%9C%20%EC%95%84%EA%B8%B0%EB%9E%91%20%EB%AA%A8%EB%9E%98%EB%86%80%EC%9D%B4,family:1.0;baby:1.0;parking:1.0;nursing_room:1.0;남양주시;아기랑 모래놀이,2026-08-22 20:34:25,sand:1.0;nature:1.0;play:0.9,2,85
네이버 장소검색 | 경기 남양주시,자연친화,남양주한강공원 삼패지구공원,상시,영유아 및 어린이 (0세~9세),경기 남양주시 남양주한강공원 삼패지구공원,무료/유료 (플레이스 참조),경기 남양주시에 위치한 인기 아기랑 공원 명소인 [남양주한강공원 삼패지구공원]입니다.,https://search.naver.com/search.naver?where=nexearch&query=%EA%B2%BD%EA%B8%B0%20%EB%82%A8%EC%96%91%EC%A3%BC%EC%8B%9C%20%EC%95%84%EA%B8%B0%EB%9E%91%20%EA%B3%B5%EC%9B%90,family:1.0;baby:1.0;parking:1.0;nursing_room:1.0;남양주시;아기랑 공원,2026-08-22 20:34:25,park:1.0;picnic:1.0;nature:1.0,2,85
네이버 장소검색 | 경기 남양주시,자연친화,빛터널공원공원,상시,영유아 및 어린이 (0세~9세),경기 남양주시 빛터널공원공원,무료/유료 (플레이스 참조),경기 남양주시에 위치한 인기 아기랑 공원 명소인 [빛터널공원공원]입니다.,https://search.naver.com/search.naver?where=nexearch&query=%EA%B2%BD%EA%B8%B0%20%EB%82%A8%EC%96%91%EC%A3%BC%EC%8B%9C%20%EC%95%84%EA%B8%B0%EB%9E%91%20%EA%B3%B5%EC%9B%90,family:1.0;baby:1.0;parking:1.0;nursing_room:1.0;남양주시;아기랑 공원,2026-08-22 20:34:25,park:1.0;picnic:1.0;nature:1.0,2,85
네이버 장소검색 | 경기 남양주시,자연친화,물의정원자연공원,상시,영유아 및 어린이 (0세~9세),경기 남양주시 물의정원자연공원,무료/유료 (플레이스 참조),경기 남양주시에 위치한 인기 아기랑 공원 명소인 [물의정원자연공원]입니다.,https://search.naver.com/search.naver?where=nexearch&query=%EA%B2%BD%EA%B8%B0%20%EB%82%A8%EC%96%91%EC%A3%BC%EC%8B%9C%20%EC%95%84%EA%B8%B0%EB%9E%91%20%EA%B3%B5%EC%9B%90,family:1.0;baby:1.0;parking:1.0;nursing_room:1.0;남양주시;아기랑 공원,2026-08-22 20:34:25,park:1.0;picnic:1.0;nature:1.0,2,85
네이버 장소검색 | 경기 남양주시,자연친화,오남호수공원공원,상시,영유아 및 어린이 (0세~9세),경기 남양주시 오남호수공원공원,무료/유료 (플레이스 참조),경기 남양주시에 위치한 인기 아기랑 공원 명소인 [오남호수공원공원]입니다.,https://search.naver.com/search.naver?where=nexearch&query=%EA%B2%BD%EA%B8%B0%20%EB%82%A8%EC%96%91%EC%A3%BC%EC%8B%9C%20%EC%95%84%EA%B8%B0%EB%9E%91%20%EA%B3%B5%EC%9B%90,family:1.0;baby:1.0;parking:1.0;nursing_room:1.0;남양주시;아기랑 공원,2026-08-22 20:34:25,park:1.0;picnic:1.0;nature:1.0,2,85
네이버 장소검색 | 경기 남양주시,자연친화,다산생태공원자연공원,상시,영유아 및 어린이 (0세~9세),경기 남양주시 다산생태공원자연공원,무료/유료 (플레이스 참조),경기 남양주시에 위치한 인기 아기랑 공원 명소인 [다산생태공원자연공원]입니다.,https://search.naver.com/search.naver?where=nexearch&query=%EA%B2%BD%EA%B8%B0%20%EB%82%A8%EC%96%91%EC%A3%BC%EC%8B%9C%20%EC%95%84%EA%B8%B0%EB%9E%91%20%EA%B3%B5%EC%9B%90,family:1.0;baby:1.0;parking:1.0;nursing_room:1.0;남양주시;아기랑 공원,2026-08-22 20:34:25,park:1.0;picnic:1.0;nature:1.0,2,85
네이버 장소검색 | 경기 남양주시,자연친화,장승다담공원공원,상시,영유아 및 어린이 (0세~9세),경기 남양주시 장승다담공원공원,무료/유료 (플레이스 참조),경기 남양주시에 위치한 인기 아기랑 공원 명소인 [장승다담공원공원]입니다.,https://search.naver.com/search.naver?where=nexearch&query=%EA%B2%BD%EA%B8%B0%20%EB%82%A8%EC%96%91%EC%A3%BC%EC%8B%9C%20%EC%95%84%EA%B8%B0%EB%9E%91%20%EA%B3%B5%EC%9B%90,family:1.0;baby:1.0;parking:1.0;nursing_room:1.0;남양주시;아기랑 공원,2026-08-22 20:34:25,park:1.0;picnic:1.0;nature:1.0,2,85
네이버 장소검색 | 경기 남양주시,자연친화,3주 전*** 가정당,상시,영유아 및 어린이 (0세~9세),경기 남양주시 3주 전*** 가정당,무료/유료 (플레이스 참조),경기 남양주시에 위치한 인기 아기랑 공원 명소인 [3주 전*** 가정당]입니다.,https://search.naver.com/search.naver?where=nexearch&query=%EA%B2%BD%EA%B8%B0%20%EB%82%A8%EC%96%91%EC%A3%BC%EC%8B%9C%20%EC%95%84%EA%B8%B0%EB%9E%91%20%EA%B3%B5%EC%9B%90,family:1.0;baby:1.0;parking:1.0;nursing_room:1.0;남양주시;아기랑 공원,2026-08-22 20:34:25,park:1.0;picnic:1.0;nature:1.0,2,85
네이버 장소검색 | 경기 남양주시,자연친화,"경기도남양주시물놀이장, 퇴계원물놀이장공원, 공원",상시,영유아 및 어린이 (0세~9세),"경기 남양주시 경기도남양주시물놀이장, 퇴계원물놀이장공원, 공원",무료/유료 (플레이스 참조),"경기 남양주시에 위치한 인기 아기랑 물놀이터 명소인 [경기도남양주시물놀이장, 퇴계원물놀이장공원, 공원]입니다.",https://search.naver.com/search.naver?where=nexearch&query=%EA%B2%BD%EA%B8%B0%20%EB%82%A8%EC%96%91%EC%A3%BC%EC%8B%9C%20%EC%95%84%EA%B8%B0%EB%9E%91%20%EB%AC%BC%EB%86%80%EC%9D%B4%ED%84%B0,family:1.0;baby:1.0;parking:1.0;nursing_room:1.0;남양주시;아기랑 물놀이터,2026-08-22 20:34:25,water:1.0;outdoor:1.0;picnic:0.8,2,85
네이버 장소검색 | 경기 남양주시,가족체험,"바라던그림 드로잉카페카페,디저트",상시,영유아 및 어린이 (0세~9세),"경기 남양주시 바라던그림 드로잉카페카페,디저트",무료/유료 (플레이스 참조),"경기 남양주시에 위치한 인기 아기랑 미술 명소인 [바라던그림 드로잉카페카페,디저트]입니다.",https://search.naver.com/search.naver?where=nexearch&query=%EA%B2%BD%EA%B8%B0%20%EB%82%A8%EC%96%91%EC%A3%BC%EC%8B%9C%20%EC%95%84%EA%B8%B0%EB%9E%91%20%EB%AF%B8%EC%88%A0,family:1.0;baby:1.0;parking:1.0;nursing_room:1.0;남양주시;아기랑 미술,2026-08-22 20:34:25,drawing:1.0;art:1.0;experience:1.0,2,85
네이버 장소검색 | 경기 남양주시,가족체험,경기 남양주시평내동미술학원 목록. 실제 소식·평점·,상시,영유아 및 어린이 (0세~9세),경기 남양주시 경기 남양주시평내동미술학원 목록. 실제 소식·평점·,무료/유료 (플레이스 참조),경기 남양주시에 위치한 인기 아기랑 미술 명소인 [경기 남양주시평내동미술학원 목록. 실제 소식·평점·]입니다.,https://search.naver.com/search.naver?where=nexearch&query=%EA%B2%BD%EA%B8%B0%20%EB%82%A8%EC%96%91%EC%A3%BC%EC%8B%9C%20%EC%95%84%EA%B8%B0%EB%9E%91%20%EB%AF%B8%EC%88%A0,family:1.0;baby:1.0;parking:1.0;nursing_room:1.0;남양주시;아기랑 미술,2026-08-22 20:34:25,drawing:1.0;art:1.0;experience:1.0,2,85
네이버 장소검색 | 경기 화성시,사설키즈카페,네이처스케이프 플러스,상시,영유아 및 어린이 (0세~9세),경기 화성시 네이처스케이프 플러스,무료/유료 (플레이스 참조),경기 화성시에 위치한 인기 아기랑 키즈카페 명소인 [네이처스케이프 플러스]입니다.,https://search.naver.com/search.naver?where=nexearch&query=%EA%B2%BD%EA%B8%B0%20%ED%99%94%EC%84%B1%EC%8B%9C%20%EC%95%84%EA%B8%B0%EB%9E%91%20%ED%82%A4%EC%A6%88%EC%B9%B4%ED%8E%98,family:1.0;baby:1.0;parking:1.0;nursing_room:1.0;화성시;아기랑 키즈카페,2026-08-22 20:34:25,toddler:1.0;indoor:0.9;play:1.0,2,85
네이버 장소검색 | 경기 화성시,사설키즈카페,아틀란티스 동탄점,상시,영유아 및 어린이 (0세~9세),경기 화성시 아틀란티스 동탄점,무료/유료 (플레이스 참조),경기 화성시에 위치한 인기 아기랑 키즈카페 명소인 [아틀란티스 동탄점]입니다.,https://search.naver.com/search.naver?where=nexearch&query=%EA%B2%BD%EA%B8%B0%20%ED%99%94%EC%84%B1%EC%8B%9C%20%EC%95%84%EA%B8%B0%EB%9E%91%20%ED%82%A4%EC%A6%88%EC%B9%B4%ED%8E%98,family:1.0;baby:1.0;parking:1.0;nursing_room:1.0;화성시;아기랑 키즈카페,2026-08-22 20:34:25,toddler:1.0;indoor:0.9;play:1.0,2,85
네이버 장소검색 | 경기 화성시,사설키즈카페,키즈다쿵 동탄점,상시,영유아 및 어린이 (0세~9세),경기 화성시 키즈다쿵 동탄점,무료/유료 (플레이스 참조),경기 화성시에 위치한 인기 아기랑 키즈카페 명소인 [키즈다쿵 동탄점]입니다.,https://search.naver.com/search.naver?where=nexearch&query=%EA%B2%BD%EA%B8%B0%20%ED%99%94%EC%84%B1%EC%8B%9C%20%EC%95%84%EA%B8%B0%EB%9E%91%20%ED%82%A4%EC%A6%88%EC%B9%B4%ED%8E%98,family:1.0;baby:1.0;parking:1.0;nursing_room:1.0;화성시;아기랑 키즈카페,2026-08-22 20:34:25,toddler:1.0;indoor:0.9;play:1.0,2,85
네이버 장소검색 | 경기 화성시,사설키즈카페,리틀아이보리 동탄역파라곤점,상시,영유아 및 어린이 (0세~9세),경기 화성시 리틀아이보리 동탄역파라곤점,무료/유료 (플레이스 참조),경기 화성시에 위치한 인기 아기랑 키즈카페 명소인 [리틀아이보리 동탄역파라곤점]입니다.,https://search.naver.com/search.naver?where=nexearch&query=%EA%B2%BD%EA%B8%B0%20%ED%99%94%EC%84%B1%EC%8B%9C%20%EC%95%84%EA%B8%B0%EB%9E%91%20%ED%82%A4%EC%A6%88%EC%B9%B4%ED%8E%98,family:1.0;baby:1.0;parking:1.0;nursing_room:1.0;화성시;아기랑 키즈카페,2026-08-22 20:34:25,toddler:1.0;indoor:0.9;play:1.0,2,85
네이버 장소검색 | 경기 화성시,사설키즈카페,와글아이 동탄레이크꼬모점,상시,영유아 및 어린이 (0세~9세),경기 화성시 와글아이 동탄레이크꼬모점,무료/유료 (플레이스 참조),경기 화성시에 위치한 인기 아기랑 키즈카페 명소인 [와글아이 동탄레이크꼬모점]입니다.,https://search.naver.com/search.naver?where=nexearch&query=%EA%B2%BD%EA%B8%B0%20%ED%99%94%EC%84%B1%EC%8B%9C%20%EC%95%84%EA%B8%B0%EB%9E%91%20%ED%82%A4%EC%A6%88%EC%B9%B4%ED%8E%98,family:1.0;baby:1.0;parking:1.0;nursing_room:1.0;화성시;아기랑 키즈카페,2026-08-22 20:34:25,toddler:1.0;indoor:0.9;play:1.0,2,85
네이버 장소검색 | 경기 화성시,사설키즈카페,점핑몬스터 동탄점,상시,영유아 및 어린이 (0세~9세),경기 화성시 점핑몬스터 동탄점,무료/유료 (플레이스 참조),경기 화성시에 위치한 인기 아기랑 키즈카페 명소인 [점핑몬스터 동탄점]입니다.,https://search.naver.com/search.naver?where=nexearch&query=%EA%B2%BD%EA%B8%B0%20%ED%99%94%EC%84%B1%EC%8B%9C%20%EC%95%84%EA%B8%B0%EB%9E%91%20%ED%82%A4%EC%A6%88%EC%B9%B4%ED%8E%98,family:1.0;baby:1.0;parking:1.0;nursing_room:1.0;화성시;아기랑 키즈카페,2026-08-22 20:34:25,toddler:1.0;indoor:0.9;play:1.0,2,85
네이버 장소검색 | 경기 화성시,사설키즈카페,경기도 오산시,상시,영유아 및 어린이 (0세~9세),경기 화성시 경기도 오산시,무료/유료 (플레이스 참조),경기 화성시에 위치한 인기 아기랑 키즈카페 명소인 [경기도 오산시]입니다.,https://search.naver.com/search.naver?where=nexearch&query=%EA%B2%BD%EA%B8%B0%20%ED%99%94%EC%84%B1%EC%8B%9C%20%EC%95%84%EA%B8%B0%EB%9E%91%20%ED%82%A4%EC%A6%88%EC%B9%B4%ED%8E%98,family:1.0;baby:1.0;parking:1.0;nursing_room:1.0;화성시;아기랑 키즈카페,2026-08-22 20:34:25,toddler:1.0;indoor:0.9;play:1.0,2,85
네이버 장소검색 | 경기 화성시,사설키즈카페,경기도키즈프렌들리 호텔 롤링힐스호텔,상시,영유아 및 어린이 (0세~9세),경기 화성시 경기도키즈프렌들리 호텔 롤링힐스호텔,무료/유료 (플레이스 참조),경기 화성시에 위치한 인기 아기랑 키즈카페 명소인 [경기도키즈프렌들리 호텔 롤링힐스호텔]입니다.,https://search.naver.com/search.naver?where=nexearch&query=%EA%B2%BD%EA%B8%B0%20%ED%99%94%EC%84%B1%EC%8B%9C%20%EC%95%84%EA%B8%B0%EB%9E%91%20%ED%82%A4%EC%A6%88%EC%B9%B4%ED%8E%98,family:1.0;baby:1.0;parking:1.0;nursing_room:1.0;화성시;아기랑 키즈카페,2026-08-22 20:34:25,toddler:1.0;indoor:0.9;play:1.0,2,85
네이버 장소검색 | 경기 화성시,자연친화,스윔스튜디오제이수영장,상시,영유아 및 어린이 (0세~9세),경기 화성시 스윔스튜디오제이수영장,무료/유료 (플레이스 참조),경기 화성시에 위치한 인기 아기랑 수영장 명소인 [스윔스튜디오제이수영장]입니다.,https://search.naver.com/search.naver?where=nexearch&query=%EA%B2%BD%EA%B8%B0%20%ED%99%94%EC%84%B1%EC%8B%9C%20%EC%95%84%EA%B8%B0%EB%9E%91%20%EC%88%98%EC%98%81%EC%9E%A5,family:1.0;baby:1.0;parking:1.0;nursing_room:1.0;화성시;아기랑 수영장,2026-08-22 20:34:25,pool:1.0;water:1.0;outdoor:0.9,2,85
네이버 장소검색 | 경기 화성시,자연친화,하비엘럭스 레슨전문수영 반송점수영장,상시,영유아 및 어린이 (0세~9세),경기 화성시 하비엘럭스 레슨전문수영 반송점수영장,무료/유료 (플레이스 참조),경기 화성시에 위치한 인기 아기랑 수영장 명소인 [하비엘럭스 레슨전문수영 반송점수영장]입니다.,https://search.naver.com/search.naver?where=nexearch&query=%EA%B2%BD%EA%B8%B0%20%ED%99%94%EC%84%B1%EC%8B%9C%20%EC%95%84%EA%B8%B0%EB%9E%91%20%EC%88%98%EC%98%81%EC%9E%A5,family:1.0;baby:1.0;parking:1.0;nursing_room:1.0;화성시;아기랑 수영장,2026-08-22 20:34:25,pool:1.0;water:1.0;outdoor:0.9,2,85
네이버 장소검색 | 경기 화성시,자연친화,서브마린 동탄점수영장,상시,영유아 및 어린이 (0세~9세),경기 화성시 서브마린 동탄점수영장,무료/유료 (플레이스 참조),경기 화성시에 위치한 인기 아기랑 수영장 명소인 [서브마린 동탄점수영장]입니다.,https://search.naver.com/search.naver?where=nexearch&query=%EA%B2%BD%EA%B8%B0%20%ED%99%94%EC%84%B1%EC%8B%9C%20%EC%95%84%EA%B8%B0%EB%9E%91%20%EC%88%98%EC%98%81%EC%9E%A5,family:1.0;baby:1.0;parking:1.0;nursing_room:1.0;화성시;아기랑 수영장,2026-08-22 20:34:25,pool:1.0;water:1.0;outdoor:0.9,2,85
네이버 장소검색 | 경기 화성시,자연친화,아이풀 동탄점수영장,상시,영유아 및 어린이 (0세~9세),경기 화성시 아이풀 동탄점수영장,무료/유료 (플레이스 참조),경기 화성시에 위치한 인기 아기랑 수영장 명소인 [아이풀 동탄점수영장]입니다.,https://search.naver.com/search.naver?where=nexearch&query=%EA%B2%BD%EA%B8%B0%20%ED%99%94%EC%84%B1%EC%8B%9C%20%EC%95%84%EA%B8%B0%EB%9E%91%20%EC%88%98%EC%98%81%EC%9E%A5,family:1.0;baby:1.0;parking:1.0;nursing_room:1.0;화성시;아기랑 수영장,2026-08-22 20:34:25,pool:1.0;water:1.0;outdoor:0.9,2,85
네이버 장소검색 | 경기 화성시,자연친화,킨더아쿠아수영장,상시,영유아 및 어린이 (0세~9세),경기 화성시 킨더아쿠아수영장,무료/유료 (플레이스 참조),경기 화성시에 위치한 인기 아기랑 수영장 명소인 [킨더아쿠아수영장]입니다.,https://search.naver.com/search.naver?where=nexearch&query=%EA%B2%BD%EA%B8%B0%20%ED%99%94%EC%84%B1%EC%8B%9C%20%EC%95%84%EA%B8%B0%EB%9E%91%20%EC%88%98%EC%98%81%EC%9E%A5,family:1.0;baby:1.0;parking:1.0;nursing_room:1.0;화성시;아기랑 수영장,2026-08-22 20:34:25,pool:1.0;water:1.0;outdoor:0.9,2,85
네이버 장소검색 | 경기 화성시,자연친화,하비엘럭스 어린이수영장 영천점수영장,상시,영유아 및 어린이 (0세~9세),경기 화성시 하비엘럭스 어린이수영장 영천점수영장,무료/유료 (플레이스 참조),경기 화성시에 위치한 인기 아기랑 수영장 명소인 [하비엘럭스 어린이수영장 영천점수영장]입니다.,https://search.naver.com/search.naver?where=nexearch&query=%EA%B2%BD%EA%B8%B0%20%ED%99%94%EC%84%B1%EC%8B%9C%20%EC%95%84%EA%B8%B0%EB%9E%91%20%EC%88%98%EC%98%81%EC%9E%A5,family:1.0;baby:1.0;parking:1.0;nursing_room:1.0;화성시;아기랑 수영장,2026-08-22 20:34:25,pool:1.0;water:1.0;outdoor:0.9,2,85
네이버 장소검색 | 경기 화성시,자연친화,루프탑에서수영도... 루프탑,상시,영유아 및 어린이 (0세~9세),경기 화성시 루프탑에서수영도... 루프탑,무료/유료 (플레이스 참조),경기 화성시에 위치한 인기 아기랑 수영장 명소인 [루프탑에서수영도... 루프탑]입니다.,https://search.naver.com/search.naver?where=nexearch&query=%EA%B2%BD%EA%B8%B0%20%ED%99%94%EC%84%B1%EC%8B%9C%20%EC%95%84%EA%B8%B0%EB%9E%91%20%EC%88%98%EC%98%81%EC%9E%A5,family:1.0;baby:1.0;parking:1.0;nursing_room:1.0;화성시;아기랑 수영장,2026-08-22 20:34:25,pool:1.0;water:1.0;outdoor:0.9,2,85
네이버 장소검색 | 경기 화성시,자연친화,경기도 키즈 프렌들리 호텔 롤링힐스호텔,상시,영유아 및 어린이 (0세~9세),경기 화성시 경기도 키즈 프렌들리 호텔 롤링힐스호텔,무료/유료 (플레이스 참조),경기 화성시에 위치한 인기 아기랑 수영장 명소인 [경기도 키즈 프렌들리 호텔 롤링힐스호텔]입니다.,https://search.naver.com/search.naver?where=nexearch&query=%EA%B2%BD%EA%B8%B0%20%ED%99%94%EC%84%B1%EC%8B%9C%20%EC%95%84%EA%B8%B0%EB%9E%91%20%EC%88%98%EC%98%81%EC%9E%A5,family:1.0;baby:1.0;parking:1.0;nursing_room:1.0;화성시;아기랑 수영장,2026-08-22 20:34:25,pool:1.0;water:1.0;outdoor:0.9,2,85
네이버 장소검색 | 경기 화성시,자연친화,화성아이러브샌드모래놀이,상시,영유아 및 어린이 (0세~9세),경기 화성시 화성아이러브샌드모래놀이,무료/유료 (플레이스 참조),경기 화성시에 위치한 인기 아기랑 모래놀이 명소인 [화성아이러브샌드모래놀이]입니다.,https://search.naver.com/search.naver?where=nexearch&query=%EA%B2%BD%EA%B8%B0%20%ED%99%94%EC%84%B1%EC%8B%9C%20%EC%95%84%EA%B8%B0%EB%9E%91%20%EB%AA%A8%EB%9E%98%EB%86%80%EC%9D%B4,family:1.0;baby:1.0;parking:1.0;nursing_room:1.0;화성시;아기랑 모래놀이,2026-08-22 20:34:25,sand:1.0;nature:1.0;play:0.9,2,85
네이버 장소검색 | 경기 화성시,자연친화,화성봉담 아이랑 가기좋은,상시,영유아 및 어린이 (0세~9세),경기 화성시 화성봉담 아이랑 가기좋은,무료/유료 (플레이스 참조),경기 화성시에 위치한 인기 아기랑 모래놀이 명소인 [화성봉담 아이랑 가기좋은]입니다.,https://search.naver.com/search.naver?where=nexearch&query=%EA%B2%BD%EA%B8%B0%20%ED%99%94%EC%84%B1%EC%8B%9C%20%EC%95%84%EA%B8%B0%EB%9E%91%20%EB%AA%A8%EB%9E%98%EB%86%80%EC%9D%B4,family:1.0;baby:1.0;parking:1.0;nursing_room:1.0;화성시;아기랑 모래놀이,2026-08-22 20:34:25,sand:1.0;nature:1.0;play:0.9,2,85
네이버 장소검색 | 경기 화성시,자연친화,동탄호수공원자연공원,상시,영유아 및 어린이 (0세~9세),경기 화성시 동탄호수공원자연공원,무료/유료 (플레이스 참조),경기 화성시에 위치한 인기 아기랑 공원 명소인 [동탄호수공원자연공원]입니다.,https://search.naver.com/search.naver?where=nexearch&query=%EA%B2%BD%EA%B8%B0%20%ED%99%94%EC%84%B1%EC%8B%9C%20%EC%95%84%EA%B8%B0%EB%9E%91%20%EA%B3%B5%EC%9B%90,family:1.0;baby:1.0;parking:1.0;nursing_room:1.0;화성시;아기랑 공원,2026-08-22 20:34:25,park:1.0;picnic:1.0;nature:1.0,2,85
네이버 장소검색 | 경기 화성시,자연친화,동탄호수공원공원,상시,영유아 및 어린이 (0세~9세),경기 화성시 동탄호수공원공원,무료/유료 (플레이스 참조),경기 화성시에 위치한 인기 아기랑 공원 명소인 [동탄호수공원공원]입니다.,https://search.naver.com/search.naver?where=nexearch&query=%EA%B2%BD%EA%B8%B0%20%ED%99%94%EC%84%B1%EC%8B%9C%20%EC%95%84%EA%B8%B0%EB%9E%91%20%EA%B3%B5%EC%9B%90,family:1.0;baby:1.0;parking:1.0;nursing_room:1.0;화성시;아기랑 공원,2026-08-22 20:34:25,park:1.0;picnic:1.0;nature:1.0,2,85
네이버 장소검색 | 경기 화성시,자연친화,동탄여울공원공원,상시,영유아 및 어린이 (0세~9세),경기 화성시 동탄여울공원공원,무료/유료 (플레이스 참조),경기 화성시에 위치한 인기 아기랑 공원 명소인 [동탄여울공원공원]입니다.,https://search.naver.com/search.naver?where=nexearch&query=%EA%B2%BD%EA%B8%B0%20%ED%99%94%EC%84%B1%EC%8B%9C%20%EC%95%84%EA%B8%B0%EB%9E%91%20%EA%B3%B5%EC%9B%90,family:1.0;baby:1.0;parking:1.0;nursing_room:1.0;화성시;아기랑 공원,2026-08-22 20:34:25,park:1.0;picnic:1.0;nature:1.0,2,85
네이버 장소검색 | 경기 화성시,자연친화,동탄센트럴파크공원,상시,영유아 및 어린이 (0세~9세),경기 화성시 동탄센트럴파크공원,무료/유료 (플레이스 참조),경기 화성시에 위치한 인기 아기랑 공원 명소인 [동탄센트럴파크공원]입니다.,https://search.naver.com/search.naver?where=nexearch&query=%EA%B2%BD%EA%B8%B0%20%ED%99%94%EC%84%B1%EC%8B%9C%20%EC%95%84%EA%B8%B0%EB%9E%91%20%EA%B3%B5%EC%9B%90,family:1.0;baby:1.0;parking:1.0;nursing_room:1.0;화성시;아기랑 공원,2026-08-22 20:34:25,park:1.0;picnic:1.0;nature:1.0,2,85
네이버 장소검색 | 경기 화성시,자연친화,"매향리평화생태공원자연,생태공원",상시,영유아 및 어린이 (0세~9세),"경기 화성시 매향리평화생태공원자연,생태공원",무료/유료 (플레이스 참조),"경기 화성시에 위치한 인기 아기랑 공원 명소인 [매향리평화생태공원자연,생태공원]입니다.",https://search.naver.com/search.naver?where=nexearch&query=%EA%B2%BD%EA%B8%B0%20%ED%99%94%EC%84%B1%EC%8B%9C%20%EC%95%84%EA%B8%B0%EB%9E%91%20%EA%B3%B5%EC%9B%90,family:1.0;baby:1.0;parking:1.0;nursing_room:1.0;화성시;아기랑 공원,2026-08-22 20:34:25,park:1.0;picnic:1.0;nature:1.0,2,85
네이버 장소검색 | 경기 화성시,자연친화,화성시민캠퍼스공원,상시,영유아 및 어린이 (0세~9세),경기 화성시 화성시민캠퍼스공원,무료/유료 (플레이스 참조),경기 화성시에 위치한 인기 아기랑 공원 명소인 [화성시민캠퍼스공원]입니다.,https://search.naver.com/search.naver?where=nexearch&query=%EA%B2%BD%EA%B8%B0%20%ED%99%94%EC%84%B1%EC%8B%9C%20%EC%95%84%EA%B8%B0%EB%9E%91%20%EA%B3%B5%EC%9B%90,family:1.0;baby:1.0;parking:1.0;nursing_room:1.0;화성시;아기랑 공원,2026-08-22 20:34:25,park:1.0;picnic:1.0;nature:1.0,2,85
네이버 장소검색 | 경기 화성시,자연친화,구봉산공원,상시,영유아 및 어린이 (0세~9세),경기 화성시 구봉산공원,무료/유료 (플레이스 참조),경기 화성시에 위치한 인기 아기랑 공원 명소인 [구봉산공원]입니다.,https://search.naver.com/search.naver?where=nexearch&query=%EA%B2%BD%EA%B8%B0%20%ED%99%94%EC%84%B1%EC%8B%9C%20%EC%95%84%EA%B8%B0%EB%9E%91%20%EA%B3%B5%EC%9B%90,family:1.0;baby:1.0;parking:1.0;nursing_room:1.0;화성시;아기랑 공원,2026-08-22 20:34:25,park:1.0;picnic:1.0;nature:1.0,2,85
네이버 장소검색 | 경기 화성시,자연친화,2일 전경기 화성시병점1로 110 구봉산공원,상시,영유아 및 어린이 (0세~9세),경기 화성시 2일 전경기 화성시병점1로 110 구봉산공원,무료/유료 (플레이스 참조),경기 화성시에 위치한 인기 아기랑 공원 명소인 [2일 전경기 화성시병점1로 110 구봉산공원]입니다.,https://search.naver.com/search.naver?where=nexearch&query=%EA%B2%BD%EA%B8%B0%20%ED%99%94%EC%84%B1%EC%8B%9C%20%EC%95%84%EA%B8%B0%EB%9E%91%20%EA%B3%B5%EC%9B%90,family:1.0;baby:1.0;parking:1.0;nursing_room:1.0;화성시;아기랑 공원,2026-08-22 20:34:25,park:1.0;picnic:1.0;nature:1.0,2,85
네이버 장소검색 | 경기 화성시,자연친화,아이랑화성봉담2지구물놀이터삼봉공원,상시,영유아 및 어린이 (0세~9세),경기 화성시 아이랑화성봉담2지구물놀이터삼봉공원,무료/유료 (플레이스 참조),경기 화성시에 위치한 인기 아기랑 물놀이터 명소인 [아이랑화성봉담2지구물놀이터삼봉공원]입니다.,https://search.naver.com/search.naver?where=nexearch&query=%EA%B2%BD%EA%B8%B0%20%ED%99%94%EC%84%B1%EC%8B%9C%20%EC%95%84%EA%B8%B0%EB%9E%91%20%EB%AC%BC%EB%86%80%EC%9D%B4%ED%84%B0,family:1.0;baby:1.0;parking:1.0;nursing_room:1.0;화성시;아기랑 물놀이터,2026-08-22 20:34:25,water:1.0;outdoor:1.0;picnic:0.8,2,85
네이버 장소검색 | 경기 평택시,사설키즈카페,월드킹 평택점,상시,영유아 및 어린이 (0세~9세),경기 평택시 월드킹 평택점,무료/유료 (플레이스 참조),경기 평택시에 위치한 인기 아기랑 키즈카페 명소인 [월드킹 평택점]입니다.,https://search.naver.com/search.naver?where=nexearch&query=%EA%B2%BD%EA%B8%B0%20%ED%8F%89%ED%83%9D%EC%8B%9C%20%EC%95%84%EA%B8%B0%EB%9E%91%20%ED%82%A4%EC%A6%88%EC%B9%B4%ED%8E%98,family:1.0;baby:1.0;parking:1.0;nursing_room:1.0;평택시;아기랑 키즈카페,2026-08-22 20:34:25,toddler:1.0;indoor:0.9;play:1.0,2,85
네이버 장소검색 | 경기 평택시,사설키즈카페,점핑고 평택점,상시,영유아 및 어린이 (0세~9세),경기 평택시 점핑고 평택점,무료/유료 (플레이스 참조),경기 평택시에 위치한 인기 아기랑 키즈카페 명소인 [점핑고 평택점]입니다.,https://search.naver.com/search.naver?where=nexearch&query=%EA%B2%BD%EA%B8%B0%20%ED%8F%89%ED%83%9D%EC%8B%9C%20%EC%95%84%EA%B8%B0%EB%9E%91%20%ED%82%A4%EC%A6%88%EC%B9%B4%ED%8E%98,family:1.0;baby:1.0;parking:1.0;nursing_room:1.0;평택시;아기랑 키즈카페,2026-08-22 20:34:25,toddler:1.0;indoor:0.9;play:1.0,2,85
네이버 장소검색 | 경기 평택시,사설키즈카페,키즈다쿵2 평택점,상시,영유아 및 어린이 (0세~9세),경기 평택시 키즈다쿵2 평택점,무료/유료 (플레이스 참조),경기 평택시에 위치한 인기 아기랑 키즈카페 명소인 [키즈다쿵2 평택점]입니다.,https://search.naver.com/search.naver?where=nexearch&query=%EA%B2%BD%EA%B8%B0%20%ED%8F%89%ED%83%9D%EC%8B%9C%20%EC%95%84%EA%B8%B0%EB%9E%91%20%ED%82%A4%EC%A6%88%EC%B9%B4%ED%8E%98,family:1.0;baby:1.0;parking:1.0;nursing_room:1.0;평택시;아기랑 키즈카페,2026-08-22 20:34:25,toddler:1.0;indoor:0.9;play:1.0,2,85
네이버 장소검색 | 경기 평택시,사설키즈카페,소풍동물원,상시,영유아 및 어린이 (0세~9세),경기 평택시 소풍동물원,무료/유료 (플레이스 참조),경기 평택시에 위치한 인기 아기랑 키즈카페 명소인 [소풍동물원]입니다.,https://search.naver.com/search.naver?where=nexearch&query=%EA%B2%BD%EA%B8%B0%20%ED%8F%89%ED%83%9D%EC%8B%9C%20%EC%95%84%EA%B8%B0%EB%9E%91%20%ED%82%A4%EC%A6%88%EC%B9%B4%ED%8E%98,family:1.0;baby:1.0;parking:1.0;nursing_room:1.0;평택시;아기랑 키즈카페,2026-08-22 20:34:25,toddler:1.0;indoor:0.9;play:1.0,2,85
네이버 장소검색 | 경기 평택시,사설키즈카페,레츠팡,상시,영유아 및 어린이 (0세~9세),경기 평택시 레츠팡,무료/유료 (플레이스 참조),경기 평택시에 위치한 인기 아기랑 키즈카페 명소인 [레츠팡]입니다.,https://search.naver.com/search.naver?where=nexearch&query=%EA%B2%BD%EA%B8%B0%20%ED%8F%89%ED%83%9D%EC%8B%9C%20%EC%95%84%EA%B8%B0%EB%9E%91%20%ED%82%A4%EC%A6%88%EC%B9%B4%ED%8E%98,family:1.0;baby:1.0;parking:1.0;nursing_room:1.0;평택시;아기랑 키즈카페,2026-08-22 20:34:25,toddler:1.0;indoor:0.9;play:1.0,2,85
네이버 장소검색 | 경기 평택시,사설키즈카페,코코몽키즈랜드 뉴코아아울렛 평택점,상시,영유아 및 어린이 (0세~9세),경기 평택시 코코몽키즈랜드 뉴코아아울렛 평택점,무료/유료 (플레이스 참조),경기 평택시에 위치한 인기 아기랑 키즈카페 명소인 [코코몽키즈랜드 뉴코아아울렛 평택점]입니다.,https://search.naver.com/search.naver?where=nexearch&query=%EA%B2%BD%EA%B8%B0%20%ED%8F%89%ED%83%9D%EC%8B%9C%20%EC%95%84%EA%B8%B0%EB%9E%91%20%ED%82%A4%EC%A6%88%EC%B9%B4%ED%8E%98,family:1.0;baby:1.0;parking:1.0;nursing_room:1.0;평택시;아기랑 키즈카페,2026-08-22 20:34:25,toddler:1.0;indoor:0.9;play:1.0,2,85
네이버 장소검색 | 경기 평택시,사설키즈카페,경기도평택시,상시,영유아 및 어린이 (0세~9세),경기 평택시 경기도평택시,무료/유료 (플레이스 참조),경기 평택시에 위치한 인기 아기랑 키즈카페 명소인 [경기도평택시]입니다.,https://search.naver.com/search.naver?where=nexearch&query=%EA%B2%BD%EA%B8%B0%20%ED%8F%89%ED%83%9D%EC%8B%9C%20%EC%95%84%EA%B8%B0%EB%9E%91%20%ED%82%A4%EC%A6%88%EC%B9%B4%ED%8E%98,family:1.0;baby:1.0;parking:1.0;nursing_room:1.0;평택시;아기랑 키즈카페,2026-08-22 20:34:25,toddler:1.0;indoor:0.9;play:1.0,2,85
네이버 장소검색 | 경기 평택시,자연친화,빌리풀 고덕점수영장,상시,영유아 및 어린이 (0세~9세),경기 평택시 빌리풀 고덕점수영장,무료/유료 (플레이스 참조),경기 평택시에 위치한 인기 아기랑 수영장 명소인 [빌리풀 고덕점수영장]입니다.,https://search.naver.com/search.naver?where=nexearch&query=%EA%B2%BD%EA%B8%B0%20%ED%8F%89%ED%83%9D%EC%8B%9C%20%EC%95%84%EA%B8%B0%EB%9E%91%20%EC%88%98%EC%98%81%EC%9E%A5,family:1.0;baby:1.0;parking:1.0;nursing_room:1.0;평택시;아기랑 수영장,2026-08-22 20:34:25,pool:1.0;water:1.0;outdoor:0.9,2,85
네이버 장소검색 | 경기 평택시,자연친화,헬로키즈풀수영장,상시,영유아 및 어린이 (0세~9세),경기 평택시 헬로키즈풀수영장,무료/유료 (플레이스 참조),경기 평택시에 위치한 인기 아기랑 수영장 명소인 [헬로키즈풀수영장]입니다.,https://search.naver.com/search.naver?where=nexearch&query=%EA%B2%BD%EA%B8%B0%20%ED%8F%89%ED%83%9D%EC%8B%9C%20%EC%95%84%EA%B8%B0%EB%9E%91%20%EC%88%98%EC%98%81%EC%9E%A5,family:1.0;baby:1.0;parking:1.0;nursing_room:1.0;평택시;아기랑 수영장,2026-08-22 20:34:25,pool:1.0;water:1.0;outdoor:0.9,2,85
네이버 장소검색 | 경기 평택시,자연친화,아이푸른 수영장,상시,영유아 및 어린이 (0세~9세),경기 평택시 아이푸른 수영장,무료/유료 (플레이스 참조),경기 평택시에 위치한 인기 아기랑 수영장 명소인 [아이푸른 수영장]입니다.,https://search.naver.com/search.naver?where=nexearch&query=%EA%B2%BD%EA%B8%B0%20%ED%8F%89%ED%83%9D%EC%8B%9C%20%EC%95%84%EA%B8%B0%EB%9E%91%20%EC%88%98%EC%98%81%EC%9E%A5,family:1.0;baby:1.0;parking:1.0;nursing_room:1.0;평택시;아기랑 수영장,2026-08-22 20:34:25,pool:1.0;water:1.0;outdoor:0.9,2,85
네이버 장소검색 | 경기 평택시,자연친화,황금수영장,상시,영유아 및 어린이 (0세~9세),경기 평택시 황금수영장,무료/유료 (플레이스 참조),경기 평택시에 위치한 인기 아기랑 수영장 명소인 [황금수영장]입니다.,https://search.naver.com/search.naver?where=nexearch&query=%EA%B2%BD%EA%B8%B0%20%ED%8F%89%ED%83%9D%EC%8B%9C%20%EC%95%84%EA%B8%B0%EB%9E%91%20%EC%88%98%EC%98%81%EC%9E%A5,family:1.0;baby:1.0;parking:1.0;nursing_room:1.0;평택시;아기랑 수영장,2026-08-22 20:34:25,pool:1.0;water:1.0;outdoor:0.9,2,85
네이버 장소검색 | 경기 평택시,자연친화,아쿠아몽 평택고덕점수영장,상시,영유아 및 어린이 (0세~9세),경기 평택시 아쿠아몽 평택고덕점수영장,무료/유료 (플레이스 참조),경기 평택시에 위치한 인기 아기랑 수영장 명소인 [아쿠아몽 평택고덕점수영장]입니다.,https://search.naver.com/search.naver?where=nexearch&query=%EA%B2%BD%EA%B8%B0%20%ED%8F%89%ED%83%9D%EC%8B%9C%20%EC%95%84%EA%B8%B0%EB%9E%91%20%EC%88%98%EC%98%81%EC%9E%A5,family:1.0;baby:1.0;parking:1.0;nursing_room:1.0;평택시;아기랑 수영장,2026-08-22 20:34:25,pool:1.0;water:1.0;outdoor:0.9,2,85
네이버 장소검색 | 경기 평택시,자연친화,평택시립수영장,상시,영유아 및 어린이 (0세~9세),경기 평택시 평택시립수영장,무료/유료 (플레이스 참조),경기 평택시에 위치한 인기 아기랑 수영장 명소인 [평택시립수영장]입니다.,https://search.naver.com/search.naver?where=nexearch&query=%EA%B2%BD%EA%B8%B0%20%ED%8F%89%ED%83%9D%EC%8B%9C%20%EC%95%84%EA%B8%B0%EB%9E%91%20%EC%88%98%EC%98%81%EC%9E%A5,family:1.0;baby:1.0;parking:1.0;nursing_room:1.0;평택시;아기랑 수영장,2026-08-22 20:34:25,pool:1.0;water:1.0;outdoor:0.9,2,85
네이버 장소검색 | 경기 평택시,자연친화,"평택모산공원,평택에 물놀이를 할 수 있는 대형 공원",상시,영유아 및 어린이 (0세~9세),"경기 평택시 평택모산공원,평택에 물놀이를 할 수 있는 대형 공원",무료/유료 (플레이스 참조),"경기 평택시에 위치한 인기 아기랑 수영장 명소인 [평택모산공원,평택에 물놀이를 할 수 있는 대형 공원]입니다.",https://search.naver.com/search.naver?where=nexearch&query=%EA%B2%BD%EA%B8%B0%20%ED%8F%89%ED%83%9D%EC%8B%9C%20%EC%95%84%EA%B8%B0%EB%9E%91%20%EC%88%98%EC%98%81%EC%9E%A5,family:1.0;baby:1.0;parking:1.0;nursing_room:1.0;평택시;아기랑 수영장,2026-08-22 20:34:25,pool:1.0;water:1.0;outdoor:0.9,2,85
네이버 장소검색 | 경기 평택시,자연친화,경기도 안성시,상시,영유아 및 어린이 (0세~9세),경기 평택시 경기도 안성시,무료/유료 (플레이스 참조),경기 평택시에 위치한 인기 아기랑 모래놀이 명소인 [경기도 안성시]입니다.,https://search.naver.com/search.naver?where=nexearch&query=%EA%B2%BD%EA%B8%B0%20%ED%8F%89%ED%83%9D%EC%8B%9C%20%EC%95%84%EA%B8%B0%EB%9E%91%20%EB%AA%A8%EB%9E%98%EB%86%80%EC%9D%B4,family:1.0;baby:1.0;parking:1.0;nursing_room:1.0;평택시;아기랑 모래놀이,2026-08-22 20:34:25,sand:1.0;nature:1.0;play:0.9,2,85
네이버 장소검색 | 경기 평택시,자연친화,평택모산공원공원,상시,영유아 및 어린이 (0세~9세),경기 평택시 평택모산공원공원,무료/유료 (플레이스 참조),경기 평택시에 위치한 인기 아기랑 공원 명소인 [평택모산공원공원]입니다.,https://search.naver.com/search.naver?where=nexearch&query=%EA%B2%BD%EA%B8%B0%20%ED%8F%89%ED%83%9D%EC%8B%9C%20%EC%95%84%EA%B8%B0%EB%9E%91%20%EA%B3%B5%EC%9B%90,family:1.0;baby:1.0;parking:1.0;nursing_room:1.0;평택시;아기랑 공원,2026-08-22 20:34:25,park:1.0;picnic:1.0;nature:1.0,2,85
네이버 장소검색 | 경기 평택시,자연친화,"배다리생태공원자연,생태공원",상시,영유아 및 어린이 (0세~9세),"경기 평택시 배다리생태공원자연,생태공원",무료/유료 (플레이스 참조),"경기 평택시에 위치한 인기 아기랑 공원 명소인 [배다리생태공원자연,생태공원]입니다.",https://search.naver.com/search.naver?where=nexearch&query=%EA%B2%BD%EA%B8%B0%20%ED%8F%89%ED%83%9D%EC%8B%9C%20%EC%95%84%EA%B8%B0%EB%9E%91%20%EA%B3%B5%EC%9B%90,family:1.0;baby:1.0;parking:1.0;nursing_room:1.0;평택시;아기랑 공원,2026-08-22 20:34:25,park:1.0;picnic:1.0;nature:1.0,2,85
네이버 장소검색 | 경기 평택시,자연친화,평택역광장공원,상시,영유아 및 어린이 (0세~9세),경기 평택시 평택역광장공원,무료/유료 (플레이스 참조),경기 평택시에 위치한 인기 아기랑 공원 명소인 [평택역광장공원]입니다.,https://search.naver.com/search.naver?where=nexearch&query=%EA%B2%BD%EA%B8%B0%20%ED%8F%89%ED%83%9D%EC%8B%9C%20%EC%95%84%EA%B8%B0%EB%9E%91%20%EA%B3%B5%EC%9B%90,family:1.0;baby:1.0;parking:1.0;nursing_room:1.0;평택시;아기랑 공원,2026-08-22 20:34:25,park:1.0;picnic:1.0;nature:1.0,2,85
네이버 장소검색 | 경기 평택시,자연친화,여염공원공원,상시,영유아 및 어린이 (0세~9세),경기 평택시 여염공원공원,무료/유료 (플레이스 참조),경기 평택시에 위치한 인기 아기랑 공원 명소인 [여염공원공원]입니다.,https://search.naver.com/search.naver?where=nexearch&query=%EA%B2%BD%EA%B8%B0%20%ED%8F%89%ED%83%9D%EC%8B%9C%20%EC%95%84%EA%B8%B0%EB%9E%91%20%EA%B3%B5%EC%9B%90,family:1.0;baby:1.0;parking:1.0;nursing_room:1.0;평택시;아기랑 공원,2026-08-22 20:34:25,park:1.0;picnic:1.0;nature:1.0,2,85
네이버 장소검색 | 경기 평택시,자연친화,세교공원공원,상시,영유아 및 어린이 (0세~9세),경기 평택시 세교공원공원,무료/유료 (플레이스 참조),경기 평택시에 위치한 인기 아기랑 공원 명소인 [세교공원공원]입니다.,https://search.naver.com/search.naver?where=nexearch&query=%EA%B2%BD%EA%B8%B0%20%ED%8F%89%ED%83%9D%EC%8B%9C%20%EC%95%84%EA%B8%B0%EB%9E%91%20%EA%B3%B5%EC%9B%90,family:1.0;baby:1.0;parking:1.0;nursing_room:1.0;평택시;아기랑 공원,2026-08-22 20:34:25,park:1.0;picnic:1.0;nature:1.0,2,85
네이버 장소검색 | 경기 평택시,자연친화,모곡공원,상시,영유아 및 어린이 (0세~9세),경기 평택시 모곡공원,무료/유료 (플레이스 참조),경기 평택시에 위치한 인기 아기랑 공원 명소인 [모곡공원]입니다.,https://search.naver.com/search.naver?where=nexearch&query=%EA%B2%BD%EA%B8%B0%20%ED%8F%89%ED%83%9D%EC%8B%9C%20%EC%95%84%EA%B8%B0%EB%9E%91%20%EA%B3%B5%EC%9B%90,family:1.0;baby:1.0;parking:1.0;nursing_room:1.0;평택시;아기랑 공원,2026-08-22 20:34:25,park:1.0;picnic:1.0;nature:1.0,2,85
네이버 장소검색 | 경기 평택시,자연친화,📍여염공원,상시,영유아 및 어린이 (0세~9세),경기 평택시 📍여염공원,무료/유료 (플레이스 참조),경기 평택시에 위치한 인기 아기랑 공원 명소인 [📍여염공원]입니다.,https://search.naver.com/search.naver?where=nexearch&query=%EA%B2%BD%EA%B8%B0%20%ED%8F%89%ED%83%9D%EC%8B%9C%20%EC%95%84%EA%B8%B0%EB%9E%91%20%EA%B3%B5%EC%9B%90,family:1.0;baby:1.0;parking:1.0;nursing_room:1.0;평택시;아기랑 공원,2026-08-22 20:34:25,park:1.0;picnic:1.0;nature:1.0,2,85
네이버 장소검색 | 경기 평택시,자연친화,덕동산공원,상시,영유아 및 어린이 (0세~9세),경기 평택시 덕동산공원,무료/유료 (플레이스 참조),경기 평택시에 위치한 인기 아기랑 공원 명소인 [덕동산공원]입니다.,https://search.naver.com/search.naver?where=nexearch&query=%EA%B2%BD%EA%B8%B0%20%ED%8F%89%ED%83%9D%EC%8B%9C%20%EC%95%84%EA%B8%B0%EB%9E%91%20%EA%B3%B5%EC%9B%90,family:1.0;baby:1.0;parking:1.0;nursing_room:1.0;평택시;아기랑 공원,2026-08-22 20:34:25,park:1.0;picnic:1.0;nature:1.0,2,85
네이버 장소검색 | 경기 평택시,자연친화,평택시비전동에 위치한 도심지 공원,상시,영유아 및 어린이 (0세~9세),경기 평택시 평택시비전동에 위치한 도심지 공원,무료/유료 (플레이스 참조),경기 평택시에 위치한 인기 아기랑 공원 명소인 [평택시비전동에 위치한 도심지 공원]입니다.,https://search.naver.com/search.naver?where=nexearch&query=%EA%B2%BD%EA%B8%B0%20%ED%8F%89%ED%83%9D%EC%8B%9C%20%EC%95%84%EA%B8%B0%EB%9E%91%20%EA%B3%B5%EC%9B%90,family:1.0;baby:1.0;parking:1.0;nursing_room:1.0;평택시;아기랑 공원,2026-08-22 20:34:25,park:1.0;picnic:1.0;nature:1.0,2,85
네이버 장소검색 | 경기 평택시,자연친화,맘맘mom-mom.net›맘맘›여행›석정공원,상시,영유아 및 어린이 (0세~9세),경기 평택시 맘맘mom-mom.net›맘맘›여행›석정공원,무료/유료 (플레이스 참조),경기 평택시에 위치한 인기 아기랑 공원 명소인 [맘맘mom-mom.net›맘맘›여행›석정공원]입니다.,https://search.naver.com/search.naver?where=nexearch&query=%EA%B2%BD%EA%B8%B0%20%ED%8F%89%ED%83%9D%EC%8B%9C%20%EC%95%84%EA%B8%B0%EB%9E%91%20%EA%B3%B5%EC%9B%90,family:1.0;baby:1.0;parking:1.0;nursing_room:1.0;평택시;아기랑 공원,2026-08-22 20:34:25,park:1.0;picnic:1.0;nature:1.0,2,85
네이버 장소검색 | 경기 평택시,자연친화,석정공원,상시,영유아 및 어린이 (0세~9세),경기 평택시 석정공원,무료/유료 (플레이스 참조),경기 평택시에 위치한 인기 아기랑 공원 명소인 [석정공원]입니다.,https://search.naver.com/search.naver?where=nexearch&query=%EA%B2%BD%EA%B8%B0%20%ED%8F%89%ED%83%9D%EC%8B%9C%20%EC%95%84%EA%B8%B0%EB%9E%91%20%EA%B3%B5%EC%9B%90,family:1.0;baby:1.0;parking:1.0;nursing_room:1.0;평택시;아기랑 공원,2026-08-22 20:34:25,park:1.0;picnic:1.0;nature:1.0,2,85
네이버 장소검색 | 경기 평택시,자연친화,평택고덕 여염 공원,상시,영유아 및 어린이 (0세~9세),경기 평택시 평택고덕 여염 공원,무료/유료 (플레이스 참조),경기 평택시에 위치한 인기 아기랑 물놀이터 명소인 [평택고덕 여염 공원]입니다.,https://search.naver.com/search.naver?where=nexearch&query=%EA%B2%BD%EA%B8%B0%20%ED%8F%89%ED%83%9D%EC%8B%9C%20%EC%95%84%EA%B8%B0%EB%9E%91%20%EB%AC%BC%EB%86%80%EC%9D%B4%ED%84%B0,family:1.0;baby:1.0;parking:1.0;nursing_room:1.0;평택시;아기랑 물놀이터,2026-08-22 20:34:25,water:1.0;outdoor:1.0;picnic:0.8,2,85
네이버 장소검색 | 경기 평택시,자연친화,ㅋㅋ평택여염공원,상시,영유아 및 어린이 (0세~9세),경기 평택시 ㅋㅋ평택여염공원,무료/유료 (플레이스 참조),경기 평택시에 위치한 인기 아기랑 물놀이터 명소인 [ㅋㅋ평택여염공원]입니다.,https://search.naver.com/search.naver?where=nexearch&query=%EA%B2%BD%EA%B8%B0%20%ED%8F%89%ED%83%9D%EC%8B%9C%20%EC%95%84%EA%B8%B0%EB%9E%91%20%EB%AC%BC%EB%86%80%EC%9D%B4%ED%84%B0,family:1.0;baby:1.0;parking:1.0;nursing_room:1.0;평택시;아기랑 물놀이터,2026-08-22 20:34:25,water:1.0;outdoor:1.0;picnic:0.8,2,85
네이버 장소검색 | 경기 평택시,가족체험,팽성생활사박물관예약박물관,상시,영유아 및 어린이 (0세~9세),경기 평택시 팽성생활사박물관예약박물관,무료/유료 (플레이스 참조),경기 평택시에 위치한 인기 아기랑 어린이박물관 명소인 [팽성생활사박물관예약박물관]입니다.,https://search.naver.com/search.naver?where=nexearch&query=%EA%B2%BD%EA%B8%B0%20%ED%8F%89%ED%83%9D%EC%8B%9C%20%EC%95%84%EA%B8%B0%EB%9E%91%20%EC%96%B4%EB%A6%B0%EC%9D%B4%EB%B0%95%EB%AC%BC%EA%B4%80,family:1.0;baby:1.0;parking:1.0;nursing_room:1.0;평택시;아기랑 어린이박물관,2026-08-22 20:34:25,museum:1.0;hands_on:1.0;experience:1.0,2,85
네이버 장소검색 | 경기 평택시,가족체험,"평택박물관카페카페,디저트",상시,영유아 및 어린이 (0세~9세),"경기 평택시 평택박물관카페카페,디저트",무료/유료 (플레이스 참조),"경기 평택시에 위치한 인기 아기랑 어린이박물관 명소인 [평택박물관카페카페,디저트]입니다.",https://search.naver.com/search.naver?where=nexearch&query=%EA%B2%BD%EA%B8%B0%20%ED%8F%89%ED%83%9D%EC%8B%9C%20%EC%95%84%EA%B8%B0%EB%9E%91%20%EC%96%B4%EB%A6%B0%EC%9D%B4%EB%B0%95%EB%AC%BC%EA%B4%80,family:1.0;baby:1.0;parking:1.0;nursing_room:1.0;평택시;아기랑 어린이박물관,2026-08-22 20:34:25,museum:1.0;hands_on:1.0;experience:1.0,2,85
네이버 장소검색 | 경기 의정부시,사설키즈카페,와글아이 의정부점,상시,영유아 및 어린이 (0세~9세),경기 의정부시 와글아이 의정부점,무료/유료 (플레이스 참조),경기 의정부시에 위치한 인기 아기랑 키즈카페 명소인 [와글아이 의정부점]입니다.,https://search.naver.com/search.naver?where=nexearch&query=%EA%B2%BD%EA%B8%B0%20%EC%9D%98%EC%A0%95%EB%B6%80%EC%8B%9C%20%EC%95%84%EA%B8%B0%EB%9E%91%20%ED%82%A4%EC%A6%88%EC%B9%B4%ED%8E%98,family:1.0;baby:1.0;parking:1.0;nursing_room:1.0;의정부시;아기랑 키즈카페,2026-08-22 20:34:25,toddler:1.0;indoor:0.9;play:1.0,2,85
네이버 장소검색 | 경기 의정부시,사설키즈카페,락앤플레이,상시,영유아 및 어린이 (0세~9세),경기 의정부시 락앤플레이,무료/유료 (플레이스 참조),경기 의정부시에 위치한 인기 아기랑 키즈카페 명소인 [락앤플레이]입니다.,https://search.naver.com/search.naver?where=nexearch&query=%EA%B2%BD%EA%B8%B0%20%EC%9D%98%EC%A0%95%EB%B6%80%EC%8B%9C%20%EC%95%84%EA%B8%B0%EB%9E%91%20%ED%82%A4%EC%A6%88%EC%B9%B4%ED%8E%98,family:1.0;baby:1.0;parking:1.0;nursing_room:1.0;의정부시;아기랑 키즈카페,2026-08-22 20:34:25,toddler:1.0;indoor:0.9;play:1.0,2,85
네이버 장소검색 | 경기 의정부시,사설키즈카페,큐리키즈카페 의정부점,상시,영유아 및 어린이 (0세~9세),경기 의정부시 큐리키즈카페 의정부점,무료/유료 (플레이스 참조),경기 의정부시에 위치한 인기 아기랑 키즈카페 명소인 [큐리키즈카페 의정부점]입니다.,https://search.naver.com/search.naver?where=nexearch&query=%EA%B2%BD%EA%B8%B0%20%EC%9D%98%EC%A0%95%EB%B6%80%EC%8B%9C%20%EC%95%84%EA%B8%B0%EB%9E%91%20%ED%82%A4%EC%A6%88%EC%B9%B4%ED%8E%98,family:1.0;baby:1.0;parking:1.0;nursing_room:1.0;의정부시;아기랑 키즈카페,2026-08-22 20:34:25,toddler:1.0;indoor:0.9;play:1.0,2,85
네이버 장소검색 | 경기 의정부시,사설키즈카페,고고다이노 키즈카페 민락점,상시,영유아 및 어린이 (0세~9세),경기 의정부시 고고다이노 키즈카페 민락점,무료/유료 (플레이스 참조),경기 의정부시에 위치한 인기 아기랑 키즈카페 명소인 [고고다이노 키즈카페 민락점]입니다.,https://search.naver.com/search.naver?where=nexearch&query=%EA%B2%BD%EA%B8%B0%20%EC%9D%98%EC%A0%95%EB%B6%80%EC%8B%9C%20%EC%95%84%EA%B8%B0%EB%9E%91%20%ED%82%A4%EC%A6%88%EC%B9%B4%ED%8E%98,family:1.0;baby:1.0;parking:1.0;nursing_room:1.0;의정부시;아기랑 키즈카페,2026-08-22 20:34:25,toddler:1.0;indoor:0.9;play:1.0,2,85
네이버 장소검색 | 경기 의정부시,사설키즈카페,점핑몬스터 의정부점,상시,영유아 및 어린이 (0세~9세),경기 의정부시 점핑몬스터 의정부점,무료/유료 (플레이스 참조),경기 의정부시에 위치한 인기 아기랑 키즈카페 명소인 [점핑몬스터 의정부점]입니다.,https://search.naver.com/search.naver?where=nexearch&query=%EA%B2%BD%EA%B8%B0%20%EC%9D%98%EC%A0%95%EB%B6%80%EC%8B%9C%20%EC%95%84%EA%B8%B0%EB%9E%91%20%ED%82%A4%EC%A6%88%EC%B9%B4%ED%8E%98,family:1.0;baby:1.0;parking:1.0;nursing_room:1.0;의정부시;아기랑 키즈카페,2026-08-22 20:34:25,toddler:1.0;indoor:0.9;play:1.0,2,85
네이버 장소검색 | 경기 의정부시,사설키즈카페,챔피언더블랙벨트 홈플러스 의정부점,상시,영유아 및 어린이 (0세~9세),경기 의정부시 챔피언더블랙벨트 홈플러스 의정부점,무료/유료 (플레이스 참조),경기 의정부시에 위치한 인기 아기랑 키즈카페 명소인 [챔피언더블랙벨트 홈플러스 의정부점]입니다.,https://search.naver.com/search.naver?where=nexearch&query=%EA%B2%BD%EA%B8%B0%20%EC%9D%98%EC%A0%95%EB%B6%80%EC%8B%9C%20%EC%95%84%EA%B8%B0%EB%9E%91%20%ED%82%A4%EC%A6%88%EC%B9%B4%ED%8E%98,family:1.0;baby:1.0;parking:1.0;nursing_room:1.0;의정부시;아기랑 키즈카페,2026-08-22 20:34:25,toddler:1.0;indoor:0.9;play:1.0,2,85
네이버 장소검색 | 경기 의정부시,사설키즈카페,고산,상시,영유아 및 어린이 (0세~9세),경기 의정부시 고산,무료/유료 (플레이스 참조),경기 의정부시에 위치한 인기 아기랑 키즈카페 명소인 [고산]입니다.,https://search.naver.com/search.naver?where=nexearch&query=%EA%B2%BD%EA%B8%B0%20%EC%9D%98%EC%A0%95%EB%B6%80%EC%8B%9C%20%EC%95%84%EA%B8%B0%EB%9E%91%20%ED%82%A4%EC%A6%88%EC%B9%B4%ED%8E%98,family:1.0;baby:1.0;parking:1.0;nursing_room:1.0;의정부시;아기랑 키즈카페,2026-08-22 20:34:25,toddler:1.0;indoor:0.9;play:1.0,2,85
네이버 장소검색 | 경기 의정부시,사설키즈카페,경기도 양주시,상시,영유아 및 어린이 (0세~9세),경기 의정부시 경기도 양주시,무료/유료 (플레이스 참조),경기 의정부시에 위치한 인기 아기랑 키즈카페 명소인 [경기도 양주시]입니다.,https://search.naver.com/search.naver?where=nexearch&query=%EA%B2%BD%EA%B8%B0%20%EC%9D%98%EC%A0%95%EB%B6%80%EC%8B%9C%20%EC%95%84%EA%B8%B0%EB%9E%91%20%ED%82%A4%EC%A6%88%EC%B9%B4%ED%8E%98,family:1.0;baby:1.0;parking:1.0;nursing_room:1.0;의정부시;아기랑 키즈카페,2026-08-22 20:34:25,toddler:1.0;indoor:0.9;play:1.0,2,85
네이버 장소검색 | 경기 의정부시,사설키즈카페,의정부고산 아이스토리,상시,영유아 및 어린이 (0세~9세),경기 의정부시 의정부고산 아이스토리,무료/유료 (플레이스 참조),경기 의정부시에 위치한 인기 아기랑 키즈카페 명소인 [의정부고산 아이스토리]입니다.,https://search.naver.com/search.naver?where=nexearch&query=%EA%B2%BD%EA%B8%B0%20%EC%9D%98%EC%A0%95%EB%B6%80%EC%8B%9C%20%EC%95%84%EA%B8%B0%EB%9E%91%20%ED%82%A4%EC%A6%88%EC%B9%B4%ED%8E%98,family:1.0;baby:1.0;parking:1.0;nursing_room:1.0;의정부시;아기랑 키즈카페,2026-08-22 20:34:25,toddler:1.0;indoor:0.9;play:1.0,2,85
네이버 장소검색 | 경기 의정부시,사설키즈카페,또한 단지 내에는 아이들을 위한,상시,영유아 및 어린이 (0세~9세),경기 의정부시 또한 단지 내에는 아이들을 위한,무료/유료 (플레이스 참조),경기 의정부시에 위치한 인기 아기랑 키즈카페 명소인 [또한 단지 내에는 아이들을 위한]입니다.,https://search.naver.com/search.naver?where=nexearch&query=%EA%B2%BD%EA%B8%B0%20%EC%9D%98%EC%A0%95%EB%B6%80%EC%8B%9C%20%EC%95%84%EA%B8%B0%EB%9E%91%20%ED%82%A4%EC%A6%88%EC%B9%B4%ED%8E%98,family:1.0;baby:1.0;parking:1.0;nursing_room:1.0;의정부시;아기랑 키즈카페,2026-08-22 20:34:25,toddler:1.0;indoor:0.9;play:1.0,2,85
네이버 장소검색 | 경기 의정부시,자연친화,안골계곡,상시,영유아 및 어린이 (0세~9세),경기 의정부시 안골계곡,무료/유료 (플레이스 참조),경기 의정부시에 위치한 인기 아기랑 계곡 명소인 [안골계곡]입니다.,https://search.naver.com/search.naver?where=nexearch&query=%EA%B2%BD%EA%B8%B0%20%EC%9D%98%EC%A0%95%EB%B6%80%EC%8B%9C%20%EC%95%84%EA%B8%B0%EB%9E%91%20%EA%B3%84%EA%B3%A1,family:1.0;baby:1.0;parking:1.0;nursing_room:1.0;의정부시;아기랑 계곡,2026-08-22 20:34:25,valley:1.0;nature:1.0;water:1.0,2,85
네이버 장소검색 | 경기 의정부시,자연친화,을지스포츠센터수영장,상시,영유아 및 어린이 (0세~9세),경기 의정부시 을지스포츠센터수영장,무료/유료 (플레이스 참조),경기 의정부시에 위치한 인기 아기랑 수영장 명소인 [을지스포츠센터수영장]입니다.,https://search.naver.com/search.naver?where=nexearch&query=%EA%B2%BD%EA%B8%B0%20%EC%9D%98%EC%A0%95%EB%B6%80%EC%8B%9C%20%EC%95%84%EA%B8%B0%EB%9E%91%20%EC%88%98%EC%98%81%EC%9E%A5,family:1.0;baby:1.0;parking:1.0;nursing_room:1.0;의정부시;아기랑 수영장,2026-08-22 20:34:25,pool:1.0;water:1.0;outdoor:0.9,2,85
네이버 장소검색 | 경기 의정부시,자연친화,로얄마린 민락점수영장,상시,영유아 및 어린이 (0세~9세),경기 의정부시 로얄마린 민락점수영장,무료/유료 (플레이스 참조),경기 의정부시에 위치한 인기 아기랑 수영장 명소인 [로얄마린 민락점수영장]입니다.,https://search.naver.com/search.naver?where=nexearch&query=%EA%B2%BD%EA%B8%B0%20%EC%9D%98%EC%A0%95%EB%B6%80%EC%8B%9C%20%EC%95%84%EA%B8%B0%EB%9E%91%20%EC%88%98%EC%98%81%EC%9E%A5,family:1.0;baby:1.0;parking:1.0;nursing_room:1.0;의정부시;아기랑 수영장,2026-08-22 20:34:25,pool:1.0;water:1.0;outdoor:0.9,2,85
네이버 장소검색 | 경기 의정부시,자연친화,로얄마린 로얄피트니스 신곡점수영장,상시,영유아 및 어린이 (0세~9세),경기 의정부시 로얄마린 로얄피트니스 신곡점수영장,무료/유료 (플레이스 참조),경기 의정부시에 위치한 인기 아기랑 수영장 명소인 [로얄마린 로얄피트니스 신곡점수영장]입니다.,https://search.naver.com/search.naver?where=nexearch&query=%EA%B2%BD%EA%B8%B0%20%EC%9D%98%EC%A0%95%EB%B6%80%EC%8B%9C%20%EC%95%84%EA%B8%B0%EB%9E%91%20%EC%88%98%EC%98%81%EC%9E%A5,family:1.0;baby:1.0;parking:1.0;nursing_room:1.0;의정부시;아기랑 수영장,2026-08-22 20:34:25,pool:1.0;water:1.0;outdoor:0.9,2,85
네이버 장소검색 | 경기 의정부시,자연친화,신곡수영장,상시,영유아 및 어린이 (0세~9세),경기 의정부시 신곡수영장,무료/유료 (플레이스 참조),경기 의정부시에 위치한 인기 아기랑 수영장 명소인 [신곡수영장]입니다.,https://search.naver.com/search.naver?where=nexearch&query=%EA%B2%BD%EA%B8%B0%20%EC%9D%98%EC%A0%95%EB%B6%80%EC%8B%9C%20%EC%95%84%EA%B8%B0%EB%9E%91%20%EC%88%98%EC%98%81%EC%9E%A5,family:1.0;baby:1.0;parking:1.0;nursing_room:1.0;의정부시;아기랑 수영장,2026-08-22 20:34:25,pool:1.0;water:1.0;outdoor:0.9,2,85
네이버 장소검색 | 경기 의정부시,자연친화,투앤디 유수풀 수영장,상시,영유아 및 어린이 (0세~9세),경기 의정부시 투앤디 유수풀 수영장,무료/유료 (플레이스 참조),경기 의정부시에 위치한 인기 아기랑 수영장 명소인 [투앤디 유수풀 수영장]입니다.,https://search.naver.com/search.naver?where=nexearch&query=%EA%B2%BD%EA%B8%B0%20%EC%9D%98%EC%A0%95%EB%B6%80%EC%8B%9C%20%EC%95%84%EA%B8%B0%EB%9E%91%20%EC%88%98%EC%98%81%EC%9E%A5,family:1.0;baby:1.0;parking:1.0;nursing_room:1.0;의정부시;아기랑 수영장,2026-08-22 20:34:25,pool:1.0;water:1.0;outdoor:0.9,2,85
네이버 장소검색 | 경기 의정부시,자연친화,석천스포츠수영장,상시,영유아 및 어린이 (0세~9세),경기 의정부시 석천스포츠수영장,무료/유료 (플레이스 참조),경기 의정부시에 위치한 인기 아기랑 수영장 명소인 [석천스포츠수영장]입니다.,https://search.naver.com/search.naver?where=nexearch&query=%EA%B2%BD%EA%B8%B0%20%EC%9D%98%EC%A0%95%EB%B6%80%EC%8B%9C%20%EC%95%84%EA%B8%B0%EB%9E%91%20%EC%88%98%EC%98%81%EC%9E%A5,family:1.0;baby:1.0;parking:1.0;nursing_room:1.0;의정부시;아기랑 수영장,2026-08-22 20:34:25,pool:1.0;water:1.0;outdoor:0.9,2,85
네이버 장소검색 | 경기 의정부시,자연친화,[의정부,상시,영유아 및 어린이 (0세~9세),경기 의정부시 [의정부,무료/유료 (플레이스 참조),경기 의정부시에 위치한 인기 아기랑 수영장 명소인 [[의정부]입니다.,https://search.naver.com/search.naver?where=nexearch&query=%EA%B2%BD%EA%B8%B0%20%EC%9D%98%EC%A0%95%EB%B6%80%EC%8B%9C%20%EC%95%84%EA%B8%B0%EB%9E%91%20%EC%88%98%EC%98%81%EC%9E%A5,family:1.0;baby:1.0;parking:1.0;nursing_room:1.0;의정부시;아기랑 수영장,2026-08-22 20:34:25,pool:1.0;water:1.0;outdoor:0.9,2,85
네이버 장소검색 | 경기 의정부시,자연친화,송산사지공원,상시,영유아 및 어린이 (0세~9세),경기 의정부시 송산사지공원,무료/유료 (플레이스 참조),경기 의정부시에 위치한 인기 아기랑 공원 명소인 [송산사지공원]입니다.,https://search.naver.com/search.naver?where=nexearch&query=%EA%B2%BD%EA%B8%B0%20%EC%9D%98%EC%A0%95%EB%B6%80%EC%8B%9C%20%EC%95%84%EA%B8%B0%EB%9E%91%20%EA%B3%B5%EC%9B%90,family:1.0;baby:1.0;parking:1.0;nursing_room:1.0;의정부시;아기랑 공원,2026-08-22 20:34:25,park:1.0;picnic:1.0;nature:1.0,2,85
네이버 장소검색 | 경기 의정부시,자연친화,직동공원,상시,영유아 및 어린이 (0세~9세),경기 의정부시 직동공원,무료/유료 (플레이스 참조),경기 의정부시에 위치한 인기 아기랑 공원 명소인 [직동공원]입니다.,https://search.naver.com/search.naver?where=nexearch&query=%EA%B2%BD%EA%B8%B0%20%EC%9D%98%EC%A0%95%EB%B6%80%EC%8B%9C%20%EC%95%84%EA%B8%B0%EB%9E%91%20%EA%B3%B5%EC%9B%90,family:1.0;baby:1.0;parking:1.0;nursing_room:1.0;의정부시;아기랑 공원,2026-08-22 20:34:25,park:1.0;picnic:1.0;nature:1.0,2,85
네이버 장소검색 | 경기 의정부시,자연친화,왕바우공원,상시,영유아 및 어린이 (0세~9세),경기 의정부시 왕바우공원,무료/유료 (플레이스 참조),경기 의정부시에 위치한 인기 아기랑 공원 명소인 [왕바우공원]입니다.,https://search.naver.com/search.naver?where=nexearch&query=%EA%B2%BD%EA%B8%B0%20%EC%9D%98%EC%A0%95%EB%B6%80%EC%8B%9C%20%EC%95%84%EA%B8%B0%EB%9E%91%20%EA%B3%B5%EC%9B%90,family:1.0;baby:1.0;parking:1.0;nursing_room:1.0;의정부시;아기랑 공원,2026-08-22 20:34:25,park:1.0;picnic:1.0;nature:1.0,2,85
네이버 장소검색 | 경기 의정부시,자연친화,푸른마당공원,상시,영유아 및 어린이 (0세~9세),경기 의정부시 푸른마당공원,무료/유료 (플레이스 참조),경기 의정부시에 위치한 인기 아기랑 공원 명소인 [푸른마당공원]입니다.,https://search.naver.com/search.naver?where=nexearch&query=%EA%B2%BD%EA%B8%B0%20%EC%9D%98%EC%A0%95%EB%B6%80%EC%8B%9C%20%EC%95%84%EA%B8%B0%EB%9E%91%20%EA%B3%B5%EC%9B%90,family:1.0;baby:1.0;parking:1.0;nursing_room:1.0;의정부시;아기랑 공원,2026-08-22 20:34:25,park:1.0;picnic:1.0;nature:1.0,2,85
네이버 장소검색 | 경기 의정부시,자연친화,행복로시민광장공원,상시,영유아 및 어린이 (0세~9세),경기 의정부시 행복로시민광장공원,무료/유료 (플레이스 참조),경기 의정부시에 위치한 인기 아기랑 공원 명소인 [행복로시민광장공원]입니다.,https://search.naver.com/search.naver?where=nexearch&query=%EA%B2%BD%EA%B8%B0%20%EC%9D%98%EC%A0%95%EB%B6%80%EC%8B%9C%20%EC%95%84%EA%B8%B0%EB%9E%91%20%EA%B3%B5%EC%9B%90,family:1.0;baby:1.0;parking:1.0;nursing_room:1.0;의정부시;아기랑 공원,2026-08-22 20:34:25,park:1.0;picnic:1.0;nature:1.0,2,85
네이버 장소검색 | 경기 의정부시,자연친화,추동공원,상시,영유아 및 어린이 (0세~9세),경기 의정부시 추동공원,무료/유료 (플레이스 참조),경기 의정부시에 위치한 인기 아기랑 공원 명소인 [추동공원]입니다.,https://search.naver.com/search.naver?where=nexearch&query=%EA%B2%BD%EA%B8%B0%20%EC%9D%98%EC%A0%95%EB%B6%80%EC%8B%9C%20%EC%95%84%EA%B8%B0%EB%9E%91%20%EA%B3%B5%EC%9B%90,family:1.0;baby:1.0;parking:1.0;nursing_room:1.0;의정부시;아기랑 공원,2026-08-22 20:34:25,park:1.0;picnic:1.0;nature:1.0,2,85
네이버 장소검색 | 경기 의정부시,자연친화,3주 전직동공원,상시,영유아 및 어린이 (0세~9세),경기 의정부시 3주 전직동공원,무료/유료 (플레이스 참조),경기 의정부시에 위치한 인기 아기랑 물놀이터 명소인 [3주 전직동공원]입니다.,https://search.naver.com/search.naver?where=nexearch&query=%EA%B2%BD%EA%B8%B0%20%EC%9D%98%EC%A0%95%EB%B6%80%EC%8B%9C%20%EC%95%84%EA%B8%B0%EB%9E%91%20%EB%AC%BC%EB%86%80%EC%9D%B4%ED%84%B0,family:1.0;baby:1.0;parking:1.0;nursing_room:1.0;의정부시;아기랑 물놀이터,2026-08-22 20:34:25,water:1.0;outdoor:1.0;picnic:0.8,2,85
네이버 장소검색 | 경기 의정부시,자연친화,의정부물놀이터ㅣ 왕바우공원,상시,영유아 및 어린이 (0세~9세),경기 의정부시 의정부물놀이터ㅣ 왕바우공원,무료/유료 (플레이스 참조),경기 의정부시에 위치한 인기 아기랑 물놀이터 명소인 [의정부물놀이터ㅣ 왕바우공원]입니다.,https://search.naver.com/search.naver?where=nexearch&query=%EA%B2%BD%EA%B8%B0%20%EC%9D%98%EC%A0%95%EB%B6%80%EC%8B%9C%20%EC%95%84%EA%B8%B0%EB%9E%91%20%EB%AC%BC%EB%86%80%EC%9D%B4%ED%84%B0,family:1.0;baby:1.0;parking:1.0;nursing_room:1.0;의정부시;아기랑 물놀이터,2026-08-22 20:34:25,water:1.0;outdoor:1.0;picnic:0.8,2,85
네이버 장소검색 | 경기 의정부시,자연친화,의정부물놀이터‘왕바우 공원,상시,영유아 및 어린이 (0세~9세),경기 의정부시 의정부물놀이터‘왕바우 공원,무료/유료 (플레이스 참조),경기 의정부시에 위치한 인기 아기랑 물놀이터 명소인 [의정부물놀이터‘왕바우 공원]입니다.,https://search.naver.com/search.naver?where=nexearch&query=%EA%B2%BD%EA%B8%B0%20%EC%9D%98%EC%A0%95%EB%B6%80%EC%8B%9C%20%EC%95%84%EA%B8%B0%EB%9E%91%20%EB%AC%BC%EB%86%80%EC%9D%B4%ED%84%B0,family:1.0;baby:1.0;parking:1.0;nursing_room:1.0;의정부시;아기랑 물놀이터,2026-08-22 20:34:25,water:1.0;outdoor:1.0;picnic:0.8,2,85
네이버 장소검색 | 경기 의정부시,가족체험,의정부시립예술단과의정부시,상시,영유아 및 어린이 (0세~9세),경기 의정부시 의정부시립예술단과의정부시,무료/유료 (플레이스 참조),경기 의정부시에 위치한 인기 아기랑 어린이박물관 명소인 [의정부시립예술단과의정부시]입니다.,https://search.naver.com/search.naver?where=nexearch&query=%EA%B2%BD%EA%B8%B0%20%EC%9D%98%EC%A0%95%EB%B6%80%EC%8B%9C%20%EC%95%84%EA%B8%B0%EB%9E%91%20%EC%96%B4%EB%A6%B0%EC%9D%B4%EB%B0%95%EB%AC%BC%EA%B4%80,family:1.0;baby:1.0;parking:1.0;nursing_room:1.0;의정부시;아기랑 어린이박물관,2026-08-22 20:34:25,museum:1.0;hands_on:1.0;experience:1.0,2,85
네이버 장소검색 | 경기 시흥시,사설키즈카페,월드킹 시흥점,상시,영유아 및 어린이 (0세~9세),경기 시흥시 월드킹 시흥점,무료/유료 (플레이스 참조),경기 시흥시에 위치한 인기 아기랑 키즈카페 명소인 [월드킹 시흥점]입니다.,https://search.naver.com/search.naver?where=nexearch&query=%EA%B2%BD%EA%B8%B0%20%EC%8B%9C%ED%9D%A5%EC%8B%9C%20%EC%95%84%EA%B8%B0%EB%9E%91%20%ED%82%A4%EC%A6%88%EC%B9%B4%ED%8E%98,family:1.0;baby:1.0;parking:1.0;nursing_room:1.0;시흥시;아기랑 키즈카페,2026-08-22 20:34:25,toddler:1.0;indoor:0.9;play:1.0,2,85
네이버 장소검색 | 경기 시흥시,사설키즈카페,키즈더웨이브 시흥비치점,상시,영유아 및 어린이 (0세~9세),경기 시흥시 키즈더웨이브 시흥비치점,무료/유료 (플레이스 참조),경기 시흥시에 위치한 인기 아기랑 키즈카페 명소인 [키즈더웨이브 시흥비치점]입니다.,https://search.naver.com/search.naver?where=nexearch&query=%EA%B2%BD%EA%B8%B0%20%EC%8B%9C%ED%9D%A5%EC%8B%9C%20%EC%95%84%EA%B8%B0%EB%9E%91%20%ED%82%A4%EC%A6%88%EC%B9%B4%ED%8E%98,family:1.0;baby:1.0;parking:1.0;nursing_room:1.0;시흥시;아기랑 키즈카페,2026-08-22 20:34:25,toddler:1.0;indoor:0.9;play:1.0,2,85
네이버 장소검색 | 경기 시흥시,사설키즈카페,다이나믹온 시흥플랑드르,상시,영유아 및 어린이 (0세~9세),경기 시흥시 다이나믹온 시흥플랑드르,무료/유료 (플레이스 참조),경기 시흥시에 위치한 인기 아기랑 키즈카페 명소인 [다이나믹온 시흥플랑드르]입니다.,https://search.naver.com/search.naver?where=nexearch&query=%EA%B2%BD%EA%B8%B0%20%EC%8B%9C%ED%9D%A5%EC%8B%9C%20%EC%95%84%EA%B8%B0%EB%9E%91%20%ED%82%A4%EC%A6%88%EC%B9%B4%ED%8E%98,family:1.0;baby:1.0;parking:1.0;nursing_room:1.0;시흥시;아기랑 키즈카페,2026-08-22 20:34:25,toddler:1.0;indoor:0.9;play:1.0,2,85
네이버 장소검색 | 경기 시흥시,사설키즈카페,브레드이발소타운 시화점,상시,영유아 및 어린이 (0세~9세),경기 시흥시 브레드이발소타운 시화점,무료/유료 (플레이스 참조),경기 시흥시에 위치한 인기 아기랑 키즈카페 명소인 [브레드이발소타운 시화점]입니다.,https://search.naver.com/search.naver?where=nexearch&query=%EA%B2%BD%EA%B8%B0%20%EC%8B%9C%ED%9D%A5%EC%8B%9C%20%EC%95%84%EA%B8%B0%EB%9E%91%20%ED%82%A4%EC%A6%88%EC%B9%B4%ED%8E%98,family:1.0;baby:1.0;parking:1.0;nursing_room:1.0;시흥시;아기랑 키즈카페,2026-08-22 20:34:25,toddler:1.0;indoor:0.9;play:1.0,2,85
네이버 장소검색 | 경기 시흥시,사설키즈카페,점핑몬스터 시흥능곡점,상시,영유아 및 어린이 (0세~9세),경기 시흥시 점핑몬스터 시흥능곡점,무료/유료 (플레이스 참조),경기 시흥시에 위치한 인기 아기랑 키즈카페 명소인 [점핑몬스터 시흥능곡점]입니다.,https://search.naver.com/search.naver?where=nexearch&query=%EA%B2%BD%EA%B8%B0%20%EC%8B%9C%ED%9D%A5%EC%8B%9C%20%EC%95%84%EA%B8%B0%EB%9E%91%20%ED%82%A4%EC%A6%88%EC%B9%B4%ED%8E%98,family:1.0;baby:1.0;parking:1.0;nursing_room:1.0;시흥시;아기랑 키즈카페,2026-08-22 20:34:25,toddler:1.0;indoor:0.9;play:1.0,2,85
네이버 장소검색 | 경기 시흥시,사설키즈카페,시흥 공룡월드&키즈카페,상시,영유아 및 어린이 (0세~9세),경기 시흥시 시흥 공룡월드&키즈카페,무료/유료 (플레이스 참조),경기 시흥시에 위치한 인기 아기랑 키즈카페 명소인 [시흥 공룡월드&키즈카페]입니다.,https://search.naver.com/search.naver?where=nexearch&query=%EA%B2%BD%EA%B8%B0%20%EC%8B%9C%ED%9D%A5%EC%8B%9C%20%EC%95%84%EA%B8%B0%EB%9E%91%20%ED%82%A4%EC%A6%88%EC%B9%B4%ED%8E%98,family:1.0;baby:1.0;parking:1.0;nursing_room:1.0;시흥시;아기랑 키즈카페,2026-08-22 20:34:25,toddler:1.0;indoor:0.9;play:1.0,2,85
네이버 장소검색 | 경기 시흥시,사설키즈카페,경기도시흥시,상시,영유아 및 어린이 (0세~9세),경기 시흥시 경기도시흥시,무료/유료 (플레이스 참조),경기 시흥시에 위치한 인기 아기랑 키즈카페 명소인 [경기도시흥시]입니다.,https://search.naver.com/search.naver?where=nexearch&query=%EA%B2%BD%EA%B8%B0%20%EC%8B%9C%ED%9D%A5%EC%8B%9C%20%EC%95%84%EA%B8%B0%EB%9E%91%20%ED%82%A4%EC%A6%88%EC%B9%B4%ED%8E%98,family:1.0;baby:1.0;parking:1.0;nursing_room:1.0;시흥시;아기랑 키즈카페,2026-08-22 20:34:25,toddler:1.0;indoor:0.9;play:1.0,2,85
네이버 장소검색 | 경기 시흥시,자연친화,공기 주입 필요 없는시흥시,상시,영유아 및 어린이 (0세~9세),경기 시흥시 공기 주입 필요 없는시흥시,무료/유료 (플레이스 참조),경기 시흥시에 위치한 인기 아기랑 수영장 명소인 [공기 주입 필요 없는시흥시]입니다.,https://search.naver.com/search.naver?where=nexearch&query=%EA%B2%BD%EA%B8%B0%20%EC%8B%9C%ED%9D%A5%EC%8B%9C%20%EC%95%84%EA%B8%B0%EB%9E%91%20%EC%88%98%EC%98%81%EC%9E%A5,family:1.0;baby:1.0;parking:1.0;nursing_room:1.0;시흥시;아기랑 수영장,2026-08-22 20:34:25,pool:1.0;water:1.0;outdoor:0.9,2,85
네이버 장소검색 | 경기 시흥시,자연친화,시흥시수영장,상시,영유아 및 어린이 (0세~9세),경기 시흥시 시흥시수영장,무료/유료 (플레이스 참조),경기 시흥시에 위치한 인기 아기랑 수영장 명소인 [시흥시수영장]입니다.,https://search.naver.com/search.naver?where=nexearch&query=%EA%B2%BD%EA%B8%B0%20%EC%8B%9C%ED%9D%A5%EC%8B%9C%20%EC%95%84%EA%B8%B0%EB%9E%91%20%EC%88%98%EC%98%81%EC%9E%A5,family:1.0;baby:1.0;parking:1.0;nursing_room:1.0;시흥시;아기랑 수영장,2026-08-22 20:34:25,pool:1.0;water:1.0;outdoor:0.9,2,85
네이버 장소검색 | 경기 시흥시,자연친화,수영장,상시,영유아 및 어린이 (0세~9세),경기 시흥시 수영장,무료/유료 (플레이스 참조),경기 시흥시에 위치한 인기 아기랑 수영장 명소인 [수영장]입니다.,https://search.naver.com/search.naver?where=nexearch&query=%EA%B2%BD%EA%B8%B0%20%EC%8B%9C%ED%9D%A5%EC%8B%9C%20%EC%95%84%EA%B8%B0%EB%9E%91%20%EC%88%98%EC%98%81%EC%9E%A5,family:1.0;baby:1.0;parking:1.0;nursing_room:1.0;시흥시;아기랑 수영장,2026-08-22 20:34:25,pool:1.0;water:1.0;outdoor:0.9,2,85
네이버 장소검색 | 경기 시흥시,자연친화,어스플레잉 수영수영장,상시,영유아 및 어린이 (0세~9세),경기 시흥시 어스플레잉 수영수영장,무료/유료 (플레이스 참조),경기 시흥시에 위치한 인기 아기랑 수영장 명소인 [어스플레잉 수영수영장]입니다.,https://search.naver.com/search.naver?where=nexearch&query=%EA%B2%BD%EA%B8%B0%20%EC%8B%9C%ED%9D%A5%EC%8B%9C%20%EC%95%84%EA%B8%B0%EB%9E%91%20%EC%88%98%EC%98%81%EC%9E%A5,family:1.0;baby:1.0;parking:1.0;nursing_room:1.0;시흥시;아기랑 수영장,2026-08-22 20:34:25,pool:1.0;water:1.0;outdoor:0.9,2,85
네이버 장소검색 | 경기 시흥시,자연친화,엔젤크루 키즈스위밍 배곧점수영장,상시,영유아 및 어린이 (0세~9세),경기 시흥시 엔젤크루 키즈스위밍 배곧점수영장,무료/유료 (플레이스 참조),경기 시흥시에 위치한 인기 아기랑 수영장 명소인 [엔젤크루 키즈스위밍 배곧점수영장]입니다.,https://search.naver.com/search.naver?where=nexearch&query=%EA%B2%BD%EA%B8%B0%20%EC%8B%9C%ED%9D%A5%EC%8B%9C%20%EC%95%84%EA%B8%B0%EB%9E%91%20%EC%88%98%EC%98%81%EC%9E%A5,family:1.0;baby:1.0;parking:1.0;nursing_room:1.0;시흥시;아기랑 수영장,2026-08-22 20:34:25,pool:1.0;water:1.0;outdoor:0.9,2,85
네이버 장소검색 | 경기 시흥시,자연친화,엔젤크루키즈스위밍 은계점수영장,상시,영유아 및 어린이 (0세~9세),경기 시흥시 엔젤크루키즈스위밍 은계점수영장,무료/유료 (플레이스 참조),경기 시흥시에 위치한 인기 아기랑 수영장 명소인 [엔젤크루키즈스위밍 은계점수영장]입니다.,https://search.naver.com/search.naver?where=nexearch&query=%EA%B2%BD%EA%B8%B0%20%EC%8B%9C%ED%9D%A5%EC%8B%9C%20%EC%95%84%EA%B8%B0%EB%9E%91%20%EC%88%98%EC%98%81%EC%9E%A5,family:1.0;baby:1.0;parking:1.0;nursing_room:1.0;시흥시;아기랑 수영장,2026-08-22 20:34:25,pool:1.0;water:1.0;outdoor:0.9,2,85
네이버 장소검색 | 경기 시흥시,자연친화,블루마린아쿠아스쿨 은계점수영장,상시,영유아 및 어린이 (0세~9세),경기 시흥시 블루마린아쿠아스쿨 은계점수영장,무료/유료 (플레이스 참조),경기 시흥시에 위치한 인기 아기랑 수영장 명소인 [블루마린아쿠아스쿨 은계점수영장]입니다.,https://search.naver.com/search.naver?where=nexearch&query=%EA%B2%BD%EA%B8%B0%20%EC%8B%9C%ED%9D%A5%EC%8B%9C%20%EC%95%84%EA%B8%B0%EB%9E%91%20%EC%88%98%EC%98%81%EC%9E%A5,family:1.0;baby:1.0;parking:1.0;nursing_room:1.0;시흥시;아기랑 수영장,2026-08-22 20:34:25,pool:1.0;water:1.0;outdoor:0.9,2,85
네이버 장소검색 | 경기 시흥시,자연친화,헬로우짐 수영장,상시,영유아 및 어린이 (0세~9세),경기 시흥시 헬로우짐 수영장,무료/유료 (플레이스 참조),경기 시흥시에 위치한 인기 아기랑 수영장 명소인 [헬로우짐 수영장]입니다.,https://search.naver.com/search.naver?where=nexearch&query=%EA%B2%BD%EA%B8%B0%20%EC%8B%9C%ED%9D%A5%EC%8B%9C%20%EC%95%84%EA%B8%B0%EB%9E%91%20%EC%88%98%EC%98%81%EC%9E%A5,family:1.0;baby:1.0;parking:1.0;nursing_room:1.0;시흥시;아기랑 수영장,2026-08-22 20:34:25,pool:1.0;water:1.0;outdoor:0.9,2,85
네이버 장소검색 | 경기 시흥시,자연친화,서울 근교 취사가능 야외,상시,영유아 및 어린이 (0세~9세),경기 시흥시 서울 근교 취사가능 야외,무료/유료 (플레이스 참조),경기 시흥시에 위치한 인기 아기랑 수영장 명소인 [서울 근교 취사가능 야외]입니다.,https://search.naver.com/search.naver?where=nexearch&query=%EA%B2%BD%EA%B8%B0%20%EC%8B%9C%ED%9D%A5%EC%8B%9C%20%EC%95%84%EA%B8%B0%EB%9E%91%20%EC%88%98%EC%98%81%EC%9E%A5,family:1.0;baby:1.0;parking:1.0;nursing_room:1.0;시흥시;아기랑 수영장,2026-08-22 20:34:25,pool:1.0;water:1.0;outdoor:0.9,2,85
네이버 장소검색 | 경기 시흥시,자연친화,연꽃테마파크공원,상시,영유아 및 어린이 (0세~9세),경기 시흥시 연꽃테마파크공원,무료/유료 (플레이스 참조),경기 시흥시에 위치한 인기 아기랑 공원 명소인 [연꽃테마파크공원]입니다.,https://search.naver.com/search.naver?where=nexearch&query=%EA%B2%BD%EA%B8%B0%20%EC%8B%9C%ED%9D%A5%EC%8B%9C%20%EC%95%84%EA%B8%B0%EB%9E%91%20%EA%B3%B5%EC%9B%90,family:1.0;baby:1.0;parking:1.0;nursing_room:1.0;시흥시;아기랑 공원,2026-08-22 20:34:25,park:1.0;picnic:1.0;nature:1.0,2,85
네이버 장소검색 | 경기 시흥시,자연친화,"갯골생태공원자연,생태공원",상시,영유아 및 어린이 (0세~9세),"경기 시흥시 갯골생태공원자연,생태공원",무료/유료 (플레이스 참조),"경기 시흥시에 위치한 인기 아기랑 공원 명소인 [갯골생태공원자연,생태공원]입니다.",https://search.naver.com/search.naver?where=nexearch&query=%EA%B2%BD%EA%B8%B0%20%EC%8B%9C%ED%9D%A5%EC%8B%9C%20%EC%95%84%EA%B8%B0%EB%9E%91%20%EA%B3%B5%EC%9B%90,family:1.0;baby:1.0;parking:1.0;nursing_room:1.0;시흥시;아기랑 공원,2026-08-22 20:34:25,park:1.0;picnic:1.0;nature:1.0,2,85
네이버 장소검색 | 경기 시흥시,자연친화,배곧한울공원자연공원,상시,영유아 및 어린이 (0세~9세),경기 시흥시 배곧한울공원자연공원,무료/유료 (플레이스 참조),경기 시흥시에 위치한 인기 아기랑 공원 명소인 [배곧한울공원자연공원]입니다.,https://search.naver.com/search.naver?where=nexearch&query=%EA%B2%BD%EA%B8%B0%20%EC%8B%9C%ED%9D%A5%EC%8B%9C%20%EC%95%84%EA%B8%B0%EB%9E%91%20%EA%B3%B5%EC%9B%90,family:1.0;baby:1.0;parking:1.0;nursing_room:1.0;시흥시;아기랑 공원,2026-08-22 20:34:25,park:1.0;picnic:1.0;nature:1.0,2,85
네이버 장소검색 | 경기 시흥시,자연친화,배곧생명공원공원,상시,영유아 및 어린이 (0세~9세),경기 시흥시 배곧생명공원공원,무료/유료 (플레이스 참조),경기 시흥시에 위치한 인기 아기랑 공원 명소인 [배곧생명공원공원]입니다.,https://search.naver.com/search.naver?where=nexearch&query=%EA%B2%BD%EA%B8%B0%20%EC%8B%9C%ED%9D%A5%EC%8B%9C%20%EC%95%84%EA%B8%B0%EB%9E%91%20%EA%B3%B5%EC%9B%90,family:1.0;baby:1.0;parking:1.0;nursing_room:1.0;시흥시;아기랑 공원,2026-08-22 20:34:25,park:1.0;picnic:1.0;nature:1.0,2,85
네이버 장소검색 | 경기 시흥시,자연친화,비둘기공원공원,상시,영유아 및 어린이 (0세~9세),경기 시흥시 비둘기공원공원,무료/유료 (플레이스 참조),경기 시흥시에 위치한 인기 아기랑 공원 명소인 [비둘기공원공원]입니다.,https://search.naver.com/search.naver?where=nexearch&query=%EA%B2%BD%EA%B8%B0%20%EC%8B%9C%ED%9D%A5%EC%8B%9C%20%EC%95%84%EA%B8%B0%EB%9E%91%20%EA%B3%B5%EC%9B%90,family:1.0;baby:1.0;parking:1.0;nursing_room:1.0;시흥시;아기랑 공원,2026-08-22 20:34:25,park:1.0;picnic:1.0;nature:1.0,2,85
네이버 장소검색 | 경기 시흥시,자연친화,"옥구공원자연,생태공원",상시,영유아 및 어린이 (0세~9세),"경기 시흥시 옥구공원자연,생태공원",무료/유료 (플레이스 참조),"경기 시흥시에 위치한 인기 아기랑 공원 명소인 [옥구공원자연,생태공원]입니다.",https://search.naver.com/search.naver?where=nexearch&query=%EA%B2%BD%EA%B8%B0%20%EC%8B%9C%ED%9D%A5%EC%8B%9C%20%EC%95%84%EA%B8%B0%EB%9E%91%20%EA%B3%B5%EC%9B%90,family:1.0;baby:1.0;parking:1.0;nursing_room:1.0;시흥시;아기랑 공원,2026-08-22 20:34:25,park:1.0;picnic:1.0;nature:1.0,2,85
네이버 장소검색 | 경기 시흥시,자연친화,"개요 바라지와 산업단지의 도시,시흥대한민국",상시,영유아 및 어린이 (0세~9세),"경기 시흥시 개요 바라지와 산업단지의 도시,시흥대한민국",무료/유료 (플레이스 참조),"경기 시흥시에 위치한 인기 아기랑 공원 명소인 [개요 바라지와 산업단지의 도시,시흥대한민국]입니다.",https://search.naver.com/search.naver?where=nexearch&query=%EA%B2%BD%EA%B8%B0%20%EC%8B%9C%ED%9D%A5%EC%8B%9C%20%EC%95%84%EA%B8%B0%EB%9E%91%20%EA%B3%B5%EC%9B%90,family:1.0;baby:1.0;parking:1.0;nursing_room:1.0;시흥시;아기랑 공원,2026-08-22 20:34:25,park:1.0;picnic:1.0;nature:1.0,2,85
네이버 장소검색 | 경기 시흥시,자연친화,시흥물놀이터장곡동 가온공원,상시,영유아 및 어린이 (0세~9세),경기 시흥시 시흥물놀이터장곡동 가온공원,무료/유료 (플레이스 참조),경기 시흥시에 위치한 인기 아기랑 물놀이터 명소인 [시흥물놀이터장곡동 가온공원]입니다.,https://search.naver.com/search.naver?where=nexearch&query=%EA%B2%BD%EA%B8%B0%20%EC%8B%9C%ED%9D%A5%EC%8B%9C%20%EC%95%84%EA%B8%B0%EB%9E%91%20%EB%AC%BC%EB%86%80%EC%9D%B4%ED%84%B0,family:1.0;baby:1.0;parking:1.0;nursing_room:1.0;시흥시;아기랑 물놀이터,2026-08-22 20:34:25,water:1.0;outdoor:1.0;picnic:0.8,2,85
네이버 장소검색 | 경기 시흥시,가족체험,경기 시흥시‘별똥별미술학원’ 조윤선,상시,영유아 및 어린이 (0세~9세),경기 시흥시 경기 시흥시‘별똥별미술학원’ 조윤선,무료/유료 (플레이스 참조),경기 시흥시에 위치한 인기 아기랑 미술 명소인 [경기 시흥시‘별똥별미술학원’ 조윤선]입니다.,https://search.naver.com/search.naver?where=nexearch&query=%EA%B2%BD%EA%B8%B0%20%EC%8B%9C%ED%9D%A5%EC%8B%9C%20%EC%95%84%EA%B8%B0%EB%9E%91%20%EB%AF%B8%EC%88%A0,family:1.0;baby:1.0;parking:1.0;nursing_room:1.0;시흥시;아기랑 미술,2026-08-22 20:34:25,drawing:1.0;art:1.0;experience:1.0,2,85
네이버 장소검색 | 경기 시흥시,가족체험,19개월 아들둥이와 다녀온 곳,상시,영유아 및 어린이 (0세~9세),경기 시흥시 19개월 아들둥이와 다녀온 곳,무료/유료 (플레이스 참조),경기 시흥시에 위치한 인기 아기랑 농장체험 명소인 [19개월 아들둥이와 다녀온 곳]입니다.,https://search.naver.com/search.naver?where=nexearch&query=%EA%B2%BD%EA%B8%B0%20%EC%8B%9C%ED%9D%A5%EC%8B%9C%20%EC%95%84%EA%B8%B0%EB%9E%91%20%EB%86%8D%EC%9E%A5%EC%B2%B4%ED%97%98,family:1.0;baby:1.0;parking:1.0;nursing_room:1.0;시흥시;아기랑 농장체험,2026-08-22 20:34:25,farm:1.0;animal:1.0;experience:1.0,2,85
네이버 장소검색 | 경기 시흥시,가족체험,인천어린이박물관박물관,상시,영유아 및 어린이 (0세~9세),경기 시흥시 인천어린이박물관박물관,무료/유료 (플레이스 참조),경기 시흥시에 위치한 인기 아기랑 어린이박물관 명소인 [인천어린이박물관박물관]입니다.,https://search.naver.com/search.naver?where=nexearch&query=%EA%B2%BD%EA%B8%B0%20%EC%8B%9C%ED%9D%A5%EC%8B%9C%20%EC%95%84%EA%B8%B0%EB%9E%91%20%EC%96%B4%EB%A6%B0%EC%9D%B4%EB%B0%95%EB%AC%BC%EA%B4%80,family:1.0;baby:1.0;parking:1.0;nursing_room:1.0;시흥시;아기랑 어린이박물관,2026-08-22 20:34:25,museum:1.0;hands_on:1.0;experience:1.0,2,85
네이버 장소검색 | 경기 파주시,사설키즈카페,무인키즈카페우리끼리파주문산점,상시,영유아 및 어린이 (0세~9세),경기 파주시 무인키즈카페우리끼리파주문산점,무료/유료 (플레이스 참조),경기 파주시에 위치한 인기 아기랑 키즈카페 명소인 [무인키즈카페우리끼리파주문산점]입니다.,https://search.naver.com/search.naver?where=nexearch&query=%EA%B2%BD%EA%B8%B0%20%ED%8C%8C%EC%A3%BC%EC%8B%9C%20%EC%95%84%EA%B8%B0%EB%9E%91%20%ED%82%A4%EC%A6%88%EC%B9%B4%ED%8E%98,family:1.0;baby:1.0;parking:1.0;nursing_room:1.0;파주시;아기랑 키즈카페,2026-08-22 20:34:25,toddler:1.0;indoor:0.9;play:1.0,2,85
네이버 장소검색 | 경기 파주시,사설키즈카페,"대형에어바운스,대형",상시,영유아 및 어린이 (0세~9세),"경기 파주시 대형에어바운스,대형",무료/유료 (플레이스 참조),"경기 파주시에 위치한 인기 아기랑 키즈카페 명소인 [대형에어바운스,대형]입니다.",https://search.naver.com/search.naver?where=nexearch&query=%EA%B2%BD%EA%B8%B0%20%ED%8C%8C%EC%A3%BC%EC%8B%9C%20%EC%95%84%EA%B8%B0%EB%9E%91%20%ED%82%A4%EC%A6%88%EC%B9%B4%ED%8E%98,family:1.0;baby:1.0;parking:1.0;nursing_room:1.0;파주시;아기랑 키즈카페,2026-08-22 20:34:25,toddler:1.0;indoor:0.9;play:1.0,2,85
네이버 장소검색 | 경기 파주시,사설키즈카페,플레이월드 파주점,상시,영유아 및 어린이 (0세~9세),경기 파주시 플레이월드 파주점,무료/유료 (플레이스 참조),경기 파주시에 위치한 인기 아기랑 키즈카페 명소인 [플레이월드 파주점]입니다.,https://search.naver.com/search.naver?where=nexearch&query=%EA%B2%BD%EA%B8%B0%20%ED%8C%8C%EC%A3%BC%EC%8B%9C%20%EC%95%84%EA%B8%B0%EB%9E%91%20%ED%82%A4%EC%A6%88%EC%B9%B4%ED%8E%98,family:1.0;baby:1.0;parking:1.0;nursing_room:1.0;파주시;아기랑 키즈카페,2026-08-22 20:34:25,toddler:1.0;indoor:0.9;play:1.0,2,85
네이버 장소검색 | 경기 파주시,사설키즈카페,아지동 키즈카페,상시,영유아 및 어린이 (0세~9세),경기 파주시 아지동 키즈카페,무료/유료 (플레이스 참조),경기 파주시에 위치한 인기 아기랑 키즈카페 명소인 [아지동 키즈카페]입니다.,https://search.naver.com/search.naver?where=nexearch&query=%EA%B2%BD%EA%B8%B0%20%ED%8C%8C%EC%A3%BC%EC%8B%9C%20%EC%95%84%EA%B8%B0%EB%9E%91%20%ED%82%A4%EC%A6%88%EC%B9%B4%ED%8E%98,family:1.0;baby:1.0;parking:1.0;nursing_room:1.0;파주시;아기랑 키즈카페,2026-08-22 20:34:25,toddler:1.0;indoor:0.9;play:1.0,2,85
네이버 장소검색 | 경기 파주시,사설키즈카페,점핑스파이더,상시,영유아 및 어린이 (0세~9세),경기 파주시 점핑스파이더,무료/유료 (플레이스 참조),경기 파주시에 위치한 인기 아기랑 키즈카페 명소인 [점핑스파이더]입니다.,https://search.naver.com/search.naver?where=nexearch&query=%EA%B2%BD%EA%B8%B0%20%ED%8C%8C%EC%A3%BC%EC%8B%9C%20%EC%95%84%EA%B8%B0%EB%9E%91%20%ED%82%A4%EC%A6%88%EC%B9%B4%ED%8E%98,family:1.0;baby:1.0;parking:1.0;nursing_room:1.0;파주시;아기랑 키즈카페,2026-08-22 20:34:25,toddler:1.0;indoor:0.9;play:1.0,2,85
네이버 장소검색 | 경기 파주시,사설키즈카페,점핑몬스터 파주운정점,상시,영유아 및 어린이 (0세~9세),경기 파주시 점핑몬스터 파주운정점,무료/유료 (플레이스 참조),경기 파주시에 위치한 인기 아기랑 키즈카페 명소인 [점핑몬스터 파주운정점]입니다.,https://search.naver.com/search.naver?where=nexearch&query=%EA%B2%BD%EA%B8%B0%20%ED%8C%8C%EC%A3%BC%EC%8B%9C%20%EC%95%84%EA%B8%B0%EB%9E%91%20%ED%82%A4%EC%A6%88%EC%B9%B4%ED%8E%98,family:1.0;baby:1.0;parking:1.0;nursing_room:1.0;파주시;아기랑 키즈카페,2026-08-22 20:34:25,toddler:1.0;indoor:0.9;play:1.0,2,85
네이버 장소검색 | 경기 파주시,사설키즈카페,브레드이발소키즈카페 파주운정점,상시,영유아 및 어린이 (0세~9세),경기 파주시 브레드이발소키즈카페 파주운정점,무료/유료 (플레이스 참조),경기 파주시에 위치한 인기 아기랑 키즈카페 명소인 [브레드이발소키즈카페 파주운정점]입니다.,https://search.naver.com/search.naver?where=nexearch&query=%EA%B2%BD%EA%B8%B0%20%ED%8C%8C%EC%A3%BC%EC%8B%9C%20%EC%95%84%EA%B8%B0%EB%9E%91%20%ED%82%A4%EC%A6%88%EC%B9%B4%ED%8E%98,family:1.0;baby:1.0;parking:1.0;nursing_room:1.0;파주시;아기랑 키즈카페,2026-08-22 20:34:25,toddler:1.0;indoor:0.9;play:1.0,2,85
네이버 장소검색 | 경기 파주시,사설키즈카페,예술아노올자,상시,영유아 및 어린이 (0세~9세),경기 파주시 예술아노올자,무료/유료 (플레이스 참조),경기 파주시에 위치한 인기 아기랑 키즈카페 명소인 [예술아노올자]입니다.,https://search.naver.com/search.naver?where=nexearch&query=%EA%B2%BD%EA%B8%B0%20%ED%8C%8C%EC%A3%BC%EC%8B%9C%20%EC%95%84%EA%B8%B0%EB%9E%91%20%ED%82%A4%EC%A6%88%EC%B9%B4%ED%8E%98,family:1.0;baby:1.0;parking:1.0;nursing_room:1.0;파주시;아기랑 키즈카페,2026-08-22 20:34:25,toddler:1.0;indoor:0.9;play:1.0,2,85
네이버 장소검색 | 경기 파주시,사설키즈카페,경기도 고양시,상시,영유아 및 어린이 (0세~9세),경기 파주시 경기도 고양시,무료/유료 (플레이스 참조),경기 파주시에 위치한 인기 아기랑 키즈카페 명소인 [경기도 고양시]입니다.,https://search.naver.com/search.naver?where=nexearch&query=%EA%B2%BD%EA%B8%B0%20%ED%8C%8C%EC%A3%BC%EC%8B%9C%20%EC%95%84%EA%B8%B0%EB%9E%91%20%ED%82%A4%EC%A6%88%EC%B9%B4%ED%8E%98,family:1.0;baby:1.0;parking:1.0;nursing_room:1.0;파주시;아기랑 키즈카페,2026-08-22 20:34:25,toddler:1.0;indoor:0.9;play:1.0,2,85
네이버 장소검색 | 경기 파주시,사설키즈카페,파주놀이구름 EBS가 만든 대형,상시,영유아 및 어린이 (0세~9세),경기 파주시 파주놀이구름 EBS가 만든 대형,무료/유료 (플레이스 참조),경기 파주시에 위치한 인기 아기랑 키즈카페 명소인 [파주놀이구름 EBS가 만든 대형]입니다.,https://search.naver.com/search.naver?where=nexearch&query=%EA%B2%BD%EA%B8%B0%20%ED%8C%8C%EC%A3%BC%EC%8B%9C%20%EC%95%84%EA%B8%B0%EB%9E%91%20%ED%82%A4%EC%A6%88%EC%B9%B4%ED%8E%98,family:1.0;baby:1.0;parking:1.0;nursing_room:1.0;파주시;아기랑 키즈카페,2026-08-22 20:34:25,toddler:1.0;indoor:0.9;play:1.0,2,85
네이버 장소검색 | 경기 파주시,자연친화,일영계곡,상시,영유아 및 어린이 (0세~9세),경기 파주시 일영계곡,무료/유료 (플레이스 참조),경기 파주시에 위치한 인기 아기랑 계곡 명소인 [일영계곡]입니다.,https://search.naver.com/search.naver?where=nexearch&query=%EA%B2%BD%EA%B8%B0%20%ED%8C%8C%EC%A3%BC%EC%8B%9C%20%EC%95%84%EA%B8%B0%EB%9E%91%20%EA%B3%84%EA%B3%A1,family:1.0;baby:1.0;parking:1.0;nursing_room:1.0;파주시;아기랑 계곡,2026-08-22 20:34:25,valley:1.0;nature:1.0;water:1.0,2,85
네이버 장소검색 | 경기 파주시,자연친화,원더풀 스위밍클럽수영장,상시,영유아 및 어린이 (0세~9세),경기 파주시 원더풀 스위밍클럽수영장,무료/유료 (플레이스 참조),경기 파주시에 위치한 인기 아기랑 수영장 명소인 [원더풀 스위밍클럽수영장]입니다.,https://search.naver.com/search.naver?where=nexearch&query=%EA%B2%BD%EA%B8%B0%20%ED%8C%8C%EC%A3%BC%EC%8B%9C%20%EC%95%84%EA%B8%B0%EB%9E%91%20%EC%88%98%EC%98%81%EC%9E%A5,family:1.0;baby:1.0;parking:1.0;nursing_room:1.0;파주시;아기랑 수영장,2026-08-22 20:34:25,pool:1.0;water:1.0;outdoor:0.9,2,85
네이버 장소검색 | 경기 파주시,자연친화,아리아수영장,상시,영유아 및 어린이 (0세~9세),경기 파주시 아리아수영장,무료/유료 (플레이스 참조),경기 파주시에 위치한 인기 아기랑 수영장 명소인 [아리아수영장]입니다.,https://search.naver.com/search.naver?where=nexearch&query=%EA%B2%BD%EA%B8%B0%20%ED%8C%8C%EC%A3%BC%EC%8B%9C%20%EC%95%84%EA%B8%B0%EB%9E%91%20%EC%88%98%EC%98%81%EC%9E%A5,family:1.0;baby:1.0;parking:1.0;nursing_room:1.0;파주시;아기랑 수영장,2026-08-22 20:34:25,pool:1.0;water:1.0;outdoor:0.9,2,85
네이버 장소검색 | 경기 파주시,자연친화,더초리골수영장,상시,영유아 및 어린이 (0세~9세),경기 파주시 더초리골수영장,무료/유료 (플레이스 참조),경기 파주시에 위치한 인기 아기랑 수영장 명소인 [더초리골수영장]입니다.,https://search.naver.com/search.naver?where=nexearch&query=%EA%B2%BD%EA%B8%B0%20%ED%8C%8C%EC%A3%BC%EC%8B%9C%20%EC%95%84%EA%B8%B0%EB%9E%91%20%EC%88%98%EC%98%81%EC%9E%A5,family:1.0;baby:1.0;parking:1.0;nursing_room:1.0;파주시;아기랑 수영장,2026-08-22 20:34:25,pool:1.0;water:1.0;outdoor:0.9,2,85
네이버 장소검색 | 경기 파주시,자연친화,자유로레저수영장,상시,영유아 및 어린이 (0세~9세),경기 파주시 자유로레저수영장,무료/유료 (플레이스 참조),경기 파주시에 위치한 인기 아기랑 수영장 명소인 [자유로레저수영장]입니다.,https://search.naver.com/search.naver?where=nexearch&query=%EA%B2%BD%EA%B8%B0%20%ED%8C%8C%EC%A3%BC%EC%8B%9C%20%EC%95%84%EA%B8%B0%EB%9E%91%20%EC%88%98%EC%98%81%EC%9E%A5,family:1.0;baby:1.0;parking:1.0;nursing_room:1.0;파주시;아기랑 수영장,2026-08-22 20:34:25,pool:1.0;water:1.0;outdoor:0.9,2,85
네이버 장소검색 | 경기 파주시,자연친화,수영장업로드수영장,상시,영유아 및 어린이 (0세~9세),경기 파주시 수영장업로드수영장,무료/유료 (플레이스 참조),경기 파주시에 위치한 인기 아기랑 수영장 명소인 [수영장업로드수영장]입니다.,https://search.naver.com/search.naver?where=nexearch&query=%EA%B2%BD%EA%B8%B0%20%ED%8C%8C%EC%A3%BC%EC%8B%9C%20%EC%95%84%EA%B8%B0%EB%9E%91%20%EC%88%98%EC%98%81%EC%9E%A5,family:1.0;baby:1.0;parking:1.0;nursing_room:1.0;파주시;아기랑 수영장,2026-08-22 20:34:25,pool:1.0;water:1.0;outdoor:0.9,2,85
네이버 장소검색 | 경기 파주시,자연친화,쇠꼴마을 야외수영장,상시,영유아 및 어린이 (0세~9세),경기 파주시 쇠꼴마을 야외수영장,무료/유료 (플레이스 참조),경기 파주시에 위치한 인기 아기랑 수영장 명소인 [쇠꼴마을 야외수영장]입니다.,https://search.naver.com/search.naver?where=nexearch&query=%EA%B2%BD%EA%B8%B0%20%ED%8C%8C%EC%A3%BC%EC%8B%9C%20%EC%95%84%EA%B8%B0%EB%9E%91%20%EC%88%98%EC%98%81%EC%9E%A5,family:1.0;baby:1.0;parking:1.0;nursing_room:1.0;파주시;아기랑 수영장,2026-08-22 20:34:25,pool:1.0;water:1.0;outdoor:0.9,2,85
네이버 장소검색 | 경기 파주시,자연친화,아기들모여!아기랑...,상시,영유아 및 어린이 (0세~9세),경기 파주시 아기들모여!아기랑...,무료/유료 (플레이스 참조),경기 파주시에 위치한 인기 아기랑 수영장 명소인 [아기들모여!아기랑...]입니다.,https://search.naver.com/search.naver?where=nexearch&query=%EA%B2%BD%EA%B8%B0%20%ED%8C%8C%EC%A3%BC%EC%8B%9C%20%EC%95%84%EA%B8%B0%EB%9E%91%20%EC%88%98%EC%98%81%EC%9E%A5,family:1.0;baby:1.0;parking:1.0;nursing_room:1.0;파주시;아기랑 수영장,2026-08-22 20:34:25,pool:1.0;water:1.0;outdoor:0.9,2,85
네이버 장소검색 | 경기 파주시,자연친화,파주취사가능,상시,영유아 및 어린이 (0세~9세),경기 파주시 파주취사가능,무료/유료 (플레이스 참조),경기 파주시에 위치한 인기 아기랑 수영장 명소인 [파주취사가능]입니다.,https://search.naver.com/search.naver?where=nexearch&query=%EA%B2%BD%EA%B8%B0%20%ED%8C%8C%EC%A3%BC%EC%8B%9C%20%EC%95%84%EA%B8%B0%EB%9E%91%20%EC%88%98%EC%98%81%EC%9E%A5,family:1.0;baby:1.0;parking:1.0;nursing_room:1.0;파주시;아기랑 수영장,2026-08-22 20:34:25,pool:1.0;water:1.0;outdoor:0.9,2,85
네이버 장소검색 | 경기 파주시,자연친화,임진각 평화누리공원공원,상시,영유아 및 어린이 (0세~9세),경기 파주시 임진각 평화누리공원공원,무료/유료 (플레이스 참조),경기 파주시에 위치한 인기 아기랑 공원 명소인 [임진각 평화누리공원공원]입니다.,https://search.naver.com/search.naver?where=nexearch&query=%EA%B2%BD%EA%B8%B0%20%ED%8C%8C%EC%A3%BC%EC%8B%9C%20%EC%95%84%EA%B8%B0%EB%9E%91%20%EA%B3%B5%EC%9B%90,family:1.0;baby:1.0;parking:1.0;nursing_room:1.0;파주시;아기랑 공원,2026-08-22 20:34:25,park:1.0;picnic:1.0;nature:1.0,2,85
네이버 장소검색 | 경기 파주시,자연친화,"운정호수공원자연,생태공원",상시,영유아 및 어린이 (0세~9세),"경기 파주시 운정호수공원자연,생태공원",무료/유료 (플레이스 참조),"경기 파주시에 위치한 인기 아기랑 공원 명소인 [운정호수공원자연,생태공원]입니다.",https://search.naver.com/search.naver?where=nexearch&query=%EA%B2%BD%EA%B8%B0%20%ED%8C%8C%EC%A3%BC%EC%8B%9C%20%EC%95%84%EA%B8%B0%EB%9E%91%20%EA%B3%B5%EC%9B%90,family:1.0;baby:1.0;parking:1.0;nursing_room:1.0;파주시;아기랑 공원,2026-08-22 20:34:25,park:1.0;picnic:1.0;nature:1.0,2,85
네이버 장소검색 | 경기 파주시,자연친화,운정중앙공원공원,상시,영유아 및 어린이 (0세~9세),경기 파주시 운정중앙공원공원,무료/유료 (플레이스 참조),경기 파주시에 위치한 인기 아기랑 공원 명소인 [운정중앙공원공원]입니다.,https://search.naver.com/search.naver?where=nexearch&query=%EA%B2%BD%EA%B8%B0%20%ED%8C%8C%EC%A3%BC%EC%8B%9C%20%EC%95%84%EA%B8%B0%EB%9E%91%20%EA%B3%B5%EC%9B%90,family:1.0;baby:1.0;parking:1.0;nursing_room:1.0;파주시;아기랑 공원,2026-08-22 20:34:25,park:1.0;picnic:1.0;nature:1.0,2,85
네이버 장소검색 | 경기 파주시,자연친화,운정건강공원공원,상시,영유아 및 어린이 (0세~9세),경기 파주시 운정건강공원공원,무료/유료 (플레이스 참조),경기 파주시에 위치한 인기 아기랑 공원 명소인 [운정건강공원공원]입니다.,https://search.naver.com/search.naver?where=nexearch&query=%EA%B2%BD%EA%B8%B0%20%ED%8C%8C%EC%A3%BC%EC%8B%9C%20%EC%95%84%EA%B8%B0%EB%9E%91%20%EA%B3%B5%EC%9B%90,family:1.0;baby:1.0;parking:1.0;nursing_room:1.0;파주시;아기랑 공원,2026-08-22 20:34:25,park:1.0;picnic:1.0;nature:1.0,2,85
네이버 장소검색 | 경기 파주시,자연친화,새암공원공원,상시,영유아 및 어린이 (0세~9세),경기 파주시 새암공원공원,무료/유료 (플레이스 참조),경기 파주시에 위치한 인기 아기랑 공원 명소인 [새암공원공원]입니다.,https://search.naver.com/search.naver?where=nexearch&query=%EA%B2%BD%EA%B8%B0%20%ED%8C%8C%EC%A3%BC%EC%8B%9C%20%EC%95%84%EA%B8%B0%EB%9E%91%20%EA%B3%B5%EC%9B%90,family:1.0;baby:1.0;parking:1.0;nursing_room:1.0;파주시;아기랑 공원,2026-08-22 20:34:25,park:1.0;picnic:1.0;nature:1.0,2,85
네이버 장소검색 | 경기 파주시,자연친화,교하중앙공원공원,상시,영유아 및 어린이 (0세~9세),경기 파주시 교하중앙공원공원,무료/유료 (플레이스 참조),경기 파주시에 위치한 인기 아기랑 공원 명소인 [교하중앙공원공원]입니다.,https://search.naver.com/search.naver?where=nexearch&query=%EA%B2%BD%EA%B8%B0%20%ED%8C%8C%EC%A3%BC%EC%8B%9C%20%EC%95%84%EA%B8%B0%EB%9E%91%20%EA%B3%B5%EC%9B%90,family:1.0;baby:1.0;parking:1.0;nursing_room:1.0;파주시;아기랑 공원,2026-08-22 20:34:25,park:1.0;picnic:1.0;nature:1.0,2,85
네이버 장소검색 | 경기 파주시,자연친화,우리 집 앞,상시,영유아 및 어린이 (0세~9세),경기 파주시 우리 집 앞,무료/유료 (플레이스 참조),경기 파주시에 위치한 인기 아기랑 물놀이터 명소인 [우리 집 앞]입니다.,https://search.naver.com/search.naver?where=nexearch&query=%EA%B2%BD%EA%B8%B0%20%ED%8C%8C%EC%A3%BC%EC%8B%9C%20%EC%95%84%EA%B8%B0%EB%9E%91%20%EB%AC%BC%EB%86%80%EC%9D%B4%ED%84%B0,family:1.0;baby:1.0;parking:1.0;nursing_room:1.0;파주시;아기랑 물놀이터,2026-08-22 20:34:25,water:1.0;outdoor:1.0;picnic:0.8,2,85
네이버 장소검색 | 경기 파주시,가족체험,롯데아울렛파주점부근 타조마을다양한농장체험프로그램,상시,영유아 및 어린이 (0세~9세),경기 파주시 롯데아울렛파주점부근 타조마을다양한농장체험프로그램,무료/유료 (플레이스 참조),경기 파주시에 위치한 인기 아기랑 농장체험 명소인 [롯데아울렛파주점부근 타조마을다양한농장체험프로그램]입니다.,https://search.naver.com/search.naver?where=nexearch&query=%EA%B2%BD%EA%B8%B0%20%ED%8C%8C%EC%A3%BC%EC%8B%9C%20%EC%95%84%EA%B8%B0%EB%9E%91%20%EB%86%8D%EC%9E%A5%EC%B2%B4%ED%97%98,family:1.0;baby:1.0;parking:1.0;nursing_room:1.0;파주시;아기랑 농장체험,2026-08-22 20:34:25,farm:1.0;animal:1.0;experience:1.0,2,85
네이버 장소검색 | 경기 파주시,가족체험,신상품다양한 농장체험 프로그램,상시,영유아 및 어린이 (0세~9세),경기 파주시 신상품다양한 농장체험 프로그램,무료/유료 (플레이스 참조),경기 파주시에 위치한 인기 아기랑 농장체험 명소인 [신상품다양한 농장체험 프로그램]입니다.,https://search.naver.com/search.naver?where=nexearch&query=%EA%B2%BD%EA%B8%B0%20%ED%8C%8C%EC%A3%BC%EC%8B%9C%20%EC%95%84%EA%B8%B0%EB%9E%91%20%EB%86%8D%EC%9E%A5%EC%B2%B4%ED%97%98,family:1.0;baby:1.0;parking:1.0;nursing_room:1.0;파주시;아기랑 농장체험,2026-08-22 20:34:25,farm:1.0;animal:1.0;experience:1.0,2,85
네이버 장소검색 | 경기 파주시,가족체험,헤이리도자기체험학교,상시,영유아 및 어린이 (0세~9세),경기 파주시 헤이리도자기체험학교,무료/유료 (플레이스 참조),경기 파주시에 위치한 인기 아기랑 농장체험 명소인 [헤이리도자기체험학교]입니다.,https://search.naver.com/search.naver?where=nexearch&query=%EA%B2%BD%EA%B8%B0%20%ED%8C%8C%EC%A3%BC%EC%8B%9C%20%EC%95%84%EA%B8%B0%EB%9E%91%20%EB%86%8D%EC%9E%A5%EC%B2%B4%ED%97%98,family:1.0;baby:1.0;parking:1.0;nursing_room:1.0;파주시;아기랑 농장체험,2026-08-22 20:34:25,farm:1.0;animal:1.0;experience:1.0,2,85
네이버 장소검색 | 경기 파주시,가족체험,헤이리 도자기체험학교,상시,영유아 및 어린이 (0세~9세),경기 파주시 헤이리 도자기체험학교,무료/유료 (플레이스 참조),경기 파주시에 위치한 인기 아기랑 농장체험 명소인 [헤이리 도자기체험학교]입니다.,https://search.naver.com/search.naver?where=nexearch&query=%EA%B2%BD%EA%B8%B0%20%ED%8C%8C%EC%A3%BC%EC%8B%9C%20%EC%95%84%EA%B8%B0%EB%9E%91%20%EB%86%8D%EC%9E%A5%EC%B2%B4%ED%97%98,family:1.0;baby:1.0;parking:1.0;nursing_room:1.0;파주시;아기랑 농장체험,2026-08-22 20:34:25,farm:1.0;animal:1.0;experience:1.0,2,85
네이버 장소검색 | 경기 파주시,가족체험,개인 체험,상시,영유아 및 어린이 (0세~9세),경기 파주시 개인 체험,무료/유료 (플레이스 참조),경기 파주시에 위치한 인기 아기랑 농장체험 명소인 [개인 체험]입니다.,https://search.naver.com/search.naver?where=nexearch&query=%EA%B2%BD%EA%B8%B0%20%ED%8C%8C%EC%A3%BC%EC%8B%9C%20%EC%95%84%EA%B8%B0%EB%9E%91%20%EB%86%8D%EC%9E%A5%EC%B2%B4%ED%97%98,family:1.0;baby:1.0;parking:1.0;nursing_room:1.0;파주시;아기랑 농장체험,2026-08-22 20:34:25,farm:1.0;animal:1.0;experience:1.0,2,85
네이버 장소검색 | 경기 파주시,가족체험,방문 체험,상시,영유아 및 어린이 (0세~9세),경기 파주시 방문 체험,무료/유료 (플레이스 참조),경기 파주시에 위치한 인기 아기랑 농장체험 명소인 [방문 체험]입니다.,https://search.naver.com/search.naver?where=nexearch&query=%EA%B2%BD%EA%B8%B0%20%ED%8C%8C%EC%A3%BC%EC%8B%9C%20%EC%95%84%EA%B8%B0%EB%9E%91%20%EB%86%8D%EC%9E%A5%EC%B2%B4%ED%97%98,family:1.0;baby:1.0;parking:1.0;nursing_room:1.0;파주시;아기랑 농장체험,2026-08-22 20:34:25,farm:1.0;animal:1.0;experience:1.0,2,85
네이버 장소검색 | 경기 파주시,가족체험,어린이토이박물관박물관,상시,영유아 및 어린이 (0세~9세),경기 파주시 어린이토이박물관박물관,무료/유료 (플레이스 참조),경기 파주시에 위치한 인기 아기랑 어린이박물관 명소인 [어린이토이박물관박물관]입니다.,https://search.naver.com/search.naver?where=nexearch&query=%EA%B2%BD%EA%B8%B0%20%ED%8C%8C%EC%A3%BC%EC%8B%9C%20%EC%95%84%EA%B8%B0%EB%9E%91%20%EC%96%B4%EB%A6%B0%EC%9D%B4%EB%B0%95%EB%AC%BC%EA%B4%80,family:1.0;baby:1.0;parking:1.0;nursing_room:1.0;파주시;아기랑 어린이박물관,2026-08-22 20:34:25,museum:1.0;hands_on:1.0;experience:1.0,2,85
네이버 장소검색 | 경기 파주시,가족체험,헤이리 예술마을한립토이뮤지엄박물관,상시,영유아 및 어린이 (0세~9세),경기 파주시 헤이리 예술마을한립토이뮤지엄박물관,무료/유료 (플레이스 참조),경기 파주시에 위치한 인기 아기랑 어린이박물관 명소인 [헤이리 예술마을한립토이뮤지엄박물관]입니다.,https://search.naver.com/search.naver?where=nexearch&query=%EA%B2%BD%EA%B8%B0%20%ED%8C%8C%EC%A3%BC%EC%8B%9C%20%EC%95%84%EA%B8%B0%EB%9E%91%20%EC%96%B4%EB%A6%B0%EC%9D%B4%EB%B0%95%EB%AC%BC%EA%B4%80,family:1.0;baby:1.0;parking:1.0;nursing_room:1.0;파주시;아기랑 어린이박물관,2026-08-22 20:34:25,museum:1.0;hands_on:1.0;experience:1.0,2,85
네이버 장소검색 | 경기 김포시,사설키즈카페,놀자GO주니어키즈카페,상시,영유아 및 어린이 (0세~9세),경기 김포시 놀자GO주니어키즈카페,무료/유료 (플레이스 참조),경기 김포시에 위치한 인기 아기랑 키즈카페 명소인 [놀자GO주니어키즈카페]입니다.,https://search.naver.com/search.naver?where=nexearch&query=%EA%B2%BD%EA%B8%B0%20%EA%B9%80%ED%8F%AC%EC%8B%9C%20%EC%95%84%EA%B8%B0%EB%9E%91%20%ED%82%A4%EC%A6%88%EC%B9%B4%ED%8E%98,family:1.0;baby:1.0;parking:1.0;nursing_room:1.0;김포시;아기랑 키즈카페,2026-08-22 20:34:25,toddler:1.0;indoor:0.9;play:1.0,2,85
네이버 장소검색 | 경기 김포시,사설키즈카페,주바운스클럽,상시,영유아 및 어린이 (0세~9세),경기 김포시 주바운스클럽,무료/유료 (플레이스 참조),경기 김포시에 위치한 인기 아기랑 키즈카페 명소인 [주바운스클럽]입니다.,https://search.naver.com/search.naver?where=nexearch&query=%EA%B2%BD%EA%B8%B0%20%EA%B9%80%ED%8F%AC%EC%8B%9C%20%EC%95%84%EA%B8%B0%EB%9E%91%20%ED%82%A4%EC%A6%88%EC%B9%B4%ED%8E%98,family:1.0;baby:1.0;parking:1.0;nursing_room:1.0;김포시;아기랑 키즈카페,2026-08-22 20:34:25,toddler:1.0;indoor:0.9;play:1.0,2,85
네이버 장소검색 | 경기 김포시,사설키즈카페,플레이버스,상시,영유아 및 어린이 (0세~9세),경기 김포시 플레이버스,무료/유료 (플레이스 참조),경기 김포시에 위치한 인기 아기랑 키즈카페 명소인 [플레이버스]입니다.,https://search.naver.com/search.naver?where=nexearch&query=%EA%B2%BD%EA%B8%B0%20%EA%B9%80%ED%8F%AC%EC%8B%9C%20%EC%95%84%EA%B8%B0%EB%9E%91%20%ED%82%A4%EC%A6%88%EC%B9%B4%ED%8E%98,family:1.0;baby:1.0;parking:1.0;nursing_room:1.0;김포시;아기랑 키즈카페,2026-08-22 20:34:25,toddler:1.0;indoor:0.9;play:1.0,2,85
네이버 장소검색 | 경기 김포시,사설키즈카페,에어몽,상시,영유아 및 어린이 (0세~9세),경기 김포시 에어몽,무료/유료 (플레이스 참조),경기 김포시에 위치한 인기 아기랑 키즈카페 명소인 [에어몽]입니다.,https://search.naver.com/search.naver?where=nexearch&query=%EA%B2%BD%EA%B8%B0%20%EA%B9%80%ED%8F%AC%EC%8B%9C%20%EC%95%84%EA%B8%B0%EB%9E%91%20%ED%82%A4%EC%A6%88%EC%B9%B4%ED%8E%98,family:1.0;baby:1.0;parking:1.0;nursing_room:1.0;김포시;아기랑 키즈카페,2026-08-22 20:34:25,toddler:1.0;indoor:0.9;play:1.0,2,85
네이버 장소검색 | 경기 김포시,사설키즈카페,키즈더웨이브 김포장기비치점,상시,영유아 및 어린이 (0세~9세),경기 김포시 키즈더웨이브 김포장기비치점,무료/유료 (플레이스 참조),경기 김포시에 위치한 인기 아기랑 키즈카페 명소인 [키즈더웨이브 김포장기비치점]입니다.,https://search.naver.com/search.naver?where=nexearch&query=%EA%B2%BD%EA%B8%B0%20%EA%B9%80%ED%8F%AC%EC%8B%9C%20%EC%95%84%EA%B8%B0%EB%9E%91%20%ED%82%A4%EC%A6%88%EC%B9%B4%ED%8E%98,family:1.0;baby:1.0;parking:1.0;nursing_room:1.0;김포시;아기랑 키즈카페,2026-08-22 20:34:25,toddler:1.0;indoor:0.9;play:1.0,2,85
네이버 장소검색 | 경기 김포시,사설키즈카페,헬로밀가루 김포점,상시,영유아 및 어린이 (0세~9세),경기 김포시 헬로밀가루 김포점,무료/유료 (플레이스 참조),경기 김포시에 위치한 인기 아기랑 키즈카페 명소인 [헬로밀가루 김포점]입니다.,https://search.naver.com/search.naver?where=nexearch&query=%EA%B2%BD%EA%B8%B0%20%EA%B9%80%ED%8F%AC%EC%8B%9C%20%EC%95%84%EA%B8%B0%EB%9E%91%20%ED%82%A4%EC%A6%88%EC%B9%B4%ED%8E%98,family:1.0;baby:1.0;parking:1.0;nursing_room:1.0;김포시;아기랑 키즈카페,2026-08-22 20:34:25,toddler:1.0;indoor:0.9;play:1.0,2,85
네이버 장소검색 | 경기 김포시,사설키즈카페,경기도김포시,상시,영유아 및 어린이 (0세~9세),경기 김포시 경기도김포시,무료/유료 (플레이스 참조),경기 김포시에 위치한 인기 아기랑 키즈카페 명소인 [경기도김포시]입니다.,https://search.naver.com/search.naver?where=nexearch&query=%EA%B2%BD%EA%B8%B0%20%EA%B9%80%ED%8F%AC%EC%8B%9C%20%EC%95%84%EA%B8%B0%EB%9E%91%20%ED%82%A4%EC%A6%88%EC%B9%B4%ED%8E%98,family:1.0;baby:1.0;parking:1.0;nursing_room:1.0;김포시;아기랑 키즈카페,2026-08-22 20:34:25,toddler:1.0;indoor:0.9;play:1.0,2,85
네이버 장소검색 | 경기 김포시,자연친화,오션차일드 김포센터수영장,상시,영유아 및 어린이 (0세~9세),경기 김포시 오션차일드 김포센터수영장,무료/유료 (플레이스 참조),경기 김포시에 위치한 인기 아기랑 수영장 명소인 [오션차일드 김포센터수영장]입니다.,https://search.naver.com/search.naver?where=nexearch&query=%EA%B2%BD%EA%B8%B0%20%EA%B9%80%ED%8F%AC%EC%8B%9C%20%EC%95%84%EA%B8%B0%EB%9E%91%20%EC%88%98%EC%98%81%EC%9E%A5,family:1.0;baby:1.0;parking:1.0;nursing_room:1.0;김포시;아기랑 수영장,2026-08-22 20:34:25,pool:1.0;water:1.0;outdoor:0.9,2,85
네이버 장소검색 | 경기 김포시,자연친화,라온키즈스윔수영장,상시,영유아 및 어린이 (0세~9세),경기 김포시 라온키즈스윔수영장,무료/유료 (플레이스 참조),경기 김포시에 위치한 인기 아기랑 수영장 명소인 [라온키즈스윔수영장]입니다.,https://search.naver.com/search.naver?where=nexearch&query=%EA%B2%BD%EA%B8%B0%20%EA%B9%80%ED%8F%AC%EC%8B%9C%20%EC%95%84%EA%B8%B0%EB%9E%91%20%EC%88%98%EC%98%81%EC%9E%A5,family:1.0;baby:1.0;parking:1.0;nursing_room:1.0;김포시;아기랑 수영장,2026-08-22 20:34:25,pool:1.0;water:1.0;outdoor:0.9,2,85
네이버 장소검색 | 경기 김포시,자연친화,김포어린이 수영교실수영장,상시,영유아 및 어린이 (0세~9세),경기 김포시 김포어린이 수영교실수영장,무료/유료 (플레이스 참조),경기 김포시에 위치한 인기 아기랑 수영장 명소인 [김포어린이 수영교실수영장]입니다.,https://search.naver.com/search.naver?where=nexearch&query=%EA%B2%BD%EA%B8%B0%20%EA%B9%80%ED%8F%AC%EC%8B%9C%20%EC%95%84%EA%B8%B0%EB%9E%91%20%EC%88%98%EC%98%81%EC%9E%A5,family:1.0;baby:1.0;parking:1.0;nursing_room:1.0;김포시;아기랑 수영장,2026-08-22 20:34:25,pool:1.0;water:1.0;outdoor:0.9,2,85
네이버 장소검색 | 경기 김포시,자연친화,다가온수영장,상시,영유아 및 어린이 (0세~9세),경기 김포시 다가온수영장,무료/유료 (플레이스 참조),경기 김포시에 위치한 인기 아기랑 수영장 명소인 [다가온수영장]입니다.,https://search.naver.com/search.naver?where=nexearch&query=%EA%B2%BD%EA%B8%B0%20%EA%B9%80%ED%8F%AC%EC%8B%9C%20%EC%95%84%EA%B8%B0%EB%9E%91%20%EC%88%98%EC%98%81%EC%9E%A5,family:1.0;baby:1.0;parking:1.0;nursing_room:1.0;김포시;아기랑 수영장,2026-08-22 20:34:25,pool:1.0;water:1.0;outdoor:0.9,2,85
네이버 장소검색 | 경기 김포시,자연친화,발리마린키즈 어린이수영장,상시,영유아 및 어린이 (0세~9세),경기 김포시 발리마린키즈 어린이수영장,무료/유료 (플레이스 참조),경기 김포시에 위치한 인기 아기랑 수영장 명소인 [발리마린키즈 어린이수영장]입니다.,https://search.naver.com/search.naver?where=nexearch&query=%EA%B2%BD%EA%B8%B0%20%EA%B9%80%ED%8F%AC%EC%8B%9C%20%EC%95%84%EA%B8%B0%EB%9E%91%20%EC%88%98%EC%98%81%EC%9E%A5,family:1.0;baby:1.0;parking:1.0;nursing_room:1.0;김포시;아기랑 수영장,2026-08-22 20:34:25,pool:1.0;water:1.0;outdoor:0.9,2,85
네이버 장소검색 | 경기 김포시,자연친화,김포ATS수영장,상시,영유아 및 어린이 (0세~9세),경기 김포시 김포ATS수영장,무료/유료 (플레이스 참조),경기 김포시에 위치한 인기 아기랑 수영장 명소인 [김포ATS수영장]입니다.,https://search.naver.com/search.naver?where=nexearch&query=%EA%B2%BD%EA%B8%B0%20%EA%B9%80%ED%8F%AC%EC%8B%9C%20%EC%95%84%EA%B8%B0%EB%9E%91%20%EC%88%98%EC%98%81%EC%9E%A5,family:1.0;baby:1.0;parking:1.0;nursing_room:1.0;김포시;아기랑 수영장,2026-08-22 20:34:25,pool:1.0;water:1.0;outdoor:0.9,2,85
네이버 장소검색 | 경기 김포시,자연친화,고촌제1공원,상시,영유아 및 어린이 (0세~9세),경기 김포시 고촌제1공원,무료/유료 (플레이스 참조),경기 김포시에 위치한 인기 아기랑 모래놀이 명소인 [고촌제1공원]입니다.,https://search.naver.com/search.naver?where=nexearch&query=%EA%B2%BD%EA%B8%B0%20%EA%B9%80%ED%8F%AC%EC%8B%9C%20%EC%95%84%EA%B8%B0%EB%9E%91%20%EB%AA%A8%EB%9E%98%EB%86%80%EC%9D%B4,family:1.0;baby:1.0;parking:1.0;nursing_room:1.0;김포시;아기랑 모래놀이,2026-08-22 20:34:25,sand:1.0;nature:1.0;play:0.9,2,85
네이버 장소검색 | 경기 김포시,자연친화,고촌아기랑산책하기 좋은 공원 '인향공원,상시,영유아 및 어린이 (0세~9세),경기 김포시 고촌아기랑산책하기 좋은 공원 '인향공원,무료/유료 (플레이스 참조),경기 김포시에 위치한 인기 아기랑 모래놀이 명소인 [고촌아기랑산책하기 좋은 공원 '인향공원]입니다.,https://search.naver.com/search.naver?where=nexearch&query=%EA%B2%BD%EA%B8%B0%20%EA%B9%80%ED%8F%AC%EC%8B%9C%20%EC%95%84%EA%B8%B0%EB%9E%91%20%EB%AA%A8%EB%9E%98%EB%86%80%EC%9D%B4,family:1.0;baby:1.0;parking:1.0;nursing_room:1.0;김포시;아기랑 모래놀이,2026-08-22 20:34:25,sand:1.0;nature:1.0;play:0.9,2,85
네이버 장소검색 | 경기 김포시,자연친화,한강중앙공원공원,상시,영유아 및 어린이 (0세~9세),경기 김포시 한강중앙공원공원,무료/유료 (플레이스 참조),경기 김포시에 위치한 인기 아기랑 공원 명소인 [한강중앙공원공원]입니다.,https://search.naver.com/search.naver?where=nexearch&query=%EA%B2%BD%EA%B8%B0%20%EA%B9%80%ED%8F%AC%EC%8B%9C%20%EC%95%84%EA%B8%B0%EB%9E%91%20%EA%B3%B5%EC%9B%90,family:1.0;baby:1.0;parking:1.0;nursing_room:1.0;김포시;아기랑 공원,2026-08-22 20:34:25,park:1.0;picnic:1.0;nature:1.0,2,85
네이버 장소검색 | 경기 김포시,자연친화,김포함상공원공원,상시,영유아 및 어린이 (0세~9세),경기 김포시 김포함상공원공원,무료/유료 (플레이스 참조),경기 김포시에 위치한 인기 아기랑 공원 명소인 [김포함상공원공원]입니다.,https://search.naver.com/search.naver?where=nexearch&query=%EA%B2%BD%EA%B8%B0%20%EA%B9%80%ED%8F%AC%EC%8B%9C%20%EC%95%84%EA%B8%B0%EB%9E%91%20%EA%B3%B5%EC%9B%90,family:1.0;baby:1.0;parking:1.0;nursing_room:1.0;김포시;아기랑 공원,2026-08-22 20:34:25,park:1.0;picnic:1.0;nature:1.0,2,85
네이버 장소검색 | 경기 김포시,자연친화,"애기봉평화생태공원자연,생태공원",상시,영유아 및 어린이 (0세~9세),"경기 김포시 애기봉평화생태공원자연,생태공원",무료/유료 (플레이스 참조),"경기 김포시에 위치한 인기 아기랑 공원 명소인 [애기봉평화생태공원자연,생태공원]입니다.",https://search.naver.com/search.naver?where=nexearch&query=%EA%B2%BD%EA%B8%B0%20%EA%B9%80%ED%8F%AC%EC%8B%9C%20%EC%95%84%EA%B8%B0%EB%9E%91%20%EA%B3%B5%EC%9B%90,family:1.0;baby:1.0;parking:1.0;nursing_room:1.0;김포시;아기랑 공원,2026-08-22 20:34:25,park:1.0;picnic:1.0;nature:1.0,2,85
네이버 장소검색 | 경기 김포시,자연친화,"김포한강야생조류생태공원자연,생태공원",상시,영유아 및 어린이 (0세~9세),"경기 김포시 김포한강야생조류생태공원자연,생태공원",무료/유료 (플레이스 참조),"경기 김포시에 위치한 인기 아기랑 공원 명소인 [김포한강야생조류생태공원자연,생태공원]입니다.",https://search.naver.com/search.naver?where=nexearch&query=%EA%B2%BD%EA%B8%B0%20%EA%B9%80%ED%8F%AC%EC%8B%9C%20%EC%95%84%EA%B8%B0%EB%9E%91%20%EA%B3%B5%EC%9B%90,family:1.0;baby:1.0;parking:1.0;nursing_room:1.0;김포시;아기랑 공원,2026-08-22 20:34:25,park:1.0;picnic:1.0;nature:1.0,2,85
네이버 장소검색 | 경기 김포시,자연친화,마송중앙공원공원,상시,영유아 및 어린이 (0세~9세),경기 김포시 마송중앙공원공원,무료/유료 (플레이스 참조),경기 김포시에 위치한 인기 아기랑 공원 명소인 [마송중앙공원공원]입니다.,https://search.naver.com/search.naver?where=nexearch&query=%EA%B2%BD%EA%B8%B0%20%EA%B9%80%ED%8F%AC%EC%8B%9C%20%EC%95%84%EA%B8%B0%EB%9E%91%20%EA%B3%B5%EC%9B%90,family:1.0;baby:1.0;parking:1.0;nursing_room:1.0;김포시;아기랑 공원,2026-08-22 20:34:25,park:1.0;picnic:1.0;nature:1.0,2,85
네이버 장소검색 | 경기 김포시,자연친화,"걸포중앙공원도시,공원",상시,영유아 및 어린이 (0세~9세),"경기 김포시 걸포중앙공원도시,공원",무료/유료 (플레이스 참조),"경기 김포시에 위치한 인기 아기랑 공원 명소인 [걸포중앙공원도시,공원]입니다.",https://search.naver.com/search.naver?where=nexearch&query=%EA%B2%BD%EA%B8%B0%20%EA%B9%80%ED%8F%AC%EC%8B%9C%20%EC%95%84%EA%B8%B0%EB%9E%91%20%EA%B3%B5%EC%9B%90,family:1.0;baby:1.0;parking:1.0;nursing_room:1.0;김포시;아기랑 공원,2026-08-22 20:34:25,park:1.0;picnic:1.0;nature:1.0,2,85
네이버 장소검색 | 경기 김포시,자연친화,인향공원,상시,영유아 및 어린이 (0세~9세),경기 김포시 인향공원,무료/유료 (플레이스 참조),경기 김포시에 위치한 인기 아기랑 공원 명소인 [인향공원]입니다.,https://search.naver.com/search.naver?where=nexearch&query=%EA%B2%BD%EA%B8%B0%20%EA%B9%80%ED%8F%AC%EC%8B%9C%20%EC%95%84%EA%B8%B0%EB%9E%91%20%EA%B3%B5%EC%9B%90,family:1.0;baby:1.0;parking:1.0;nursing_room:1.0;김포시;아기랑 공원,2026-08-22 20:34:25,park:1.0;picnic:1.0;nature:1.0,2,85
네이버 장소검색 | 경기 김포시,자연친화,마송제2공원,상시,영유아 및 어린이 (0세~9세),경기 김포시 마송제2공원,무료/유료 (플레이스 참조),경기 김포시에 위치한 인기 아기랑 물놀이터 명소인 [마송제2공원]입니다.,https://search.naver.com/search.naver?where=nexearch&query=%EA%B2%BD%EA%B8%B0%20%EA%B9%80%ED%8F%AC%EC%8B%9C%20%EC%95%84%EA%B8%B0%EB%9E%91%20%EB%AC%BC%EB%86%80%EC%9D%B4%ED%84%B0,family:1.0;baby:1.0;parking:1.0;nursing_room:1.0;김포시;아기랑 물놀이터,2026-08-22 20:34:25,water:1.0;outdoor:1.0;picnic:0.8,2,85
네이버 장소검색 | 경기 김포시,자연친화,김포고촌 인향공원,상시,영유아 및 어린이 (0세~9세),경기 김포시 김포고촌 인향공원,무료/유료 (플레이스 참조),경기 김포시에 위치한 인기 아기랑 물놀이터 명소인 [김포고촌 인향공원]입니다.,https://search.naver.com/search.naver?where=nexearch&query=%EA%B2%BD%EA%B8%B0%20%EA%B9%80%ED%8F%AC%EC%8B%9C%20%EC%95%84%EA%B8%B0%EB%9E%91%20%EB%AC%BC%EB%86%80%EC%9D%B4%ED%84%B0,family:1.0;baby:1.0;parking:1.0;nursing_room:1.0;김포시;아기랑 물놀이터,2026-08-22 20:34:25,water:1.0;outdoor:1.0;picnic:0.8,2,85
네이버 장소검색 | 경기 김포시,가족체험,미술전문 취업사이트 아트샘터,상시,영유아 및 어린이 (0세~9세),경기 김포시 미술전문 취업사이트 아트샘터,무료/유료 (플레이스 참조),경기 김포시에 위치한 인기 아기랑 미술 명소인 [미술전문 취업사이트 아트샘터]입니다.,https://search.naver.com/search.naver?where=nexearch&query=%EA%B2%BD%EA%B8%B0%20%EA%B9%80%ED%8F%AC%EC%8B%9C%20%EC%95%84%EA%B8%B0%EB%9E%91%20%EB%AF%B8%EC%88%A0,family:1.0;baby:1.0;parking:1.0;nursing_room:1.0;김포시;아기랑 미술,2026-08-22 20:34:25,drawing:1.0;art:1.0;experience:1.0,2,85
네이버 장소검색 | 경기 김포시,가족체험,CICA 키즈 랩박물관,상시,영유아 및 어린이 (0세~9세),경기 김포시 CICA 키즈 랩박물관,무료/유료 (플레이스 참조),경기 김포시에 위치한 인기 아기랑 어린이박물관 명소인 [CICA 키즈 랩박물관]입니다.,https://search.naver.com/search.naver?where=nexearch&query=%EA%B2%BD%EA%B8%B0%20%EA%B9%80%ED%8F%AC%EC%8B%9C%20%EC%95%84%EA%B8%B0%EB%9E%91%20%EC%96%B4%EB%A6%B0%EC%9D%B4%EB%B0%95%EB%AC%BC%EA%B4%80,family:1.0;baby:1.0;parking:1.0;nursing_room:1.0;김포시;아기랑 어린이박물관,2026-08-22 20:34:25,museum:1.0;hands_on:1.0;experience:1.0,2,85
네이버 장소검색 | 경기 광명시,사설키즈카페,브레드이발소키즈카페 광명점,상시,영유아 및 어린이 (0세~9세),경기 광명시 브레드이발소키즈카페 광명점,무료/유료 (플레이스 참조),경기 광명시에 위치한 인기 아기랑 키즈카페 명소인 [브레드이발소키즈카페 광명점]입니다.,https://search.naver.com/search.naver?where=nexearch&query=%EA%B2%BD%EA%B8%B0%20%EA%B4%91%EB%AA%85%EC%8B%9C%20%EC%95%84%EA%B8%B0%EB%9E%91%20%ED%82%A4%EC%A6%88%EC%B9%B4%ED%8E%98,family:1.0;baby:1.0;parking:1.0;nursing_room:1.0;광명시;아기랑 키즈카페,2026-08-22 20:34:25,toddler:1.0;indoor:0.9;play:1.0,2,85
네이버 장소검색 | 경기 광명시,사설키즈카페,키즈베이파크,상시,영유아 및 어린이 (0세~9세),경기 광명시 키즈베이파크,무료/유료 (플레이스 참조),경기 광명시에 위치한 인기 아기랑 키즈카페 명소인 [키즈베이파크]입니다.,https://search.naver.com/search.naver?where=nexearch&query=%EA%B2%BD%EA%B8%B0%20%EA%B4%91%EB%AA%85%EC%8B%9C%20%EC%95%84%EA%B8%B0%EB%9E%91%20%ED%82%A4%EC%A6%88%EC%B9%B4%ED%8E%98,family:1.0;baby:1.0;parking:1.0;nursing_room:1.0;광명시;아기랑 키즈카페,2026-08-22 20:34:25,toddler:1.0;indoor:0.9;play:1.0,2,85
네이버 장소검색 | 경기 광명시,사설키즈카페,드리밍키즈노리터 광명점,상시,영유아 및 어린이 (0세~9세),경기 광명시 드리밍키즈노리터 광명점,무료/유료 (플레이스 참조),경기 광명시에 위치한 인기 아기랑 키즈카페 명소인 [드리밍키즈노리터 광명점]입니다.,https://search.naver.com/search.naver?where=nexearch&query=%EA%B2%BD%EA%B8%B0%20%EA%B4%91%EB%AA%85%EC%8B%9C%20%EC%95%84%EA%B8%B0%EB%9E%91%20%ED%82%A4%EC%A6%88%EC%B9%B4%ED%8E%98,family:1.0;baby:1.0;parking:1.0;nursing_room:1.0;광명시;아기랑 키즈카페,2026-08-22 20:34:25,toddler:1.0;indoor:0.9;play:1.0,2,85
네이버 장소검색 | 경기 광명시,사설키즈카페,물노리베이비 광명 에이케이플라자점,상시,영유아 및 어린이 (0세~9세),경기 광명시 물노리베이비 광명 에이케이플라자점,무료/유료 (플레이스 참조),경기 광명시에 위치한 인기 아기랑 키즈카페 명소인 [물노리베이비 광명 에이케이플라자점]입니다.,https://search.naver.com/search.naver?where=nexearch&query=%EA%B2%BD%EA%B8%B0%20%EA%B4%91%EB%AA%85%EC%8B%9C%20%EC%95%84%EA%B8%B0%EB%9E%91%20%ED%82%A4%EC%A6%88%EC%B9%B4%ED%8E%98,family:1.0;baby:1.0;parking:1.0;nursing_room:1.0;광명시;아기랑 키즈카페,2026-08-22 20:34:25,toddler:1.0;indoor:0.9;play:1.0,2,85
네이버 장소검색 | 경기 광명시,사설키즈카페,캘리클럽 광명점,상시,영유아 및 어린이 (0세~9세),경기 광명시 캘리클럽 광명점,무료/유료 (플레이스 참조),경기 광명시에 위치한 인기 아기랑 키즈카페 명소인 [캘리클럽 광명점]입니다.,https://search.naver.com/search.naver?where=nexearch&query=%EA%B2%BD%EA%B8%B0%20%EA%B4%91%EB%AA%85%EC%8B%9C%20%EC%95%84%EA%B8%B0%EB%9E%91%20%ED%82%A4%EC%A6%88%EC%B9%B4%ED%8E%98,family:1.0;baby:1.0;parking:1.0;nursing_room:1.0;광명시;아기랑 키즈카페,2026-08-22 20:34:25,toddler:1.0;indoor:0.9;play:1.0,2,85
네이버 장소검색 | 경기 광명시,사설키즈카페,리틀치프플러스 광명점,상시,영유아 및 어린이 (0세~9세),경기 광명시 리틀치프플러스 광명점,무료/유료 (플레이스 참조),경기 광명시에 위치한 인기 아기랑 키즈카페 명소인 [리틀치프플러스 광명점]입니다.,https://search.naver.com/search.naver?where=nexearch&query=%EA%B2%BD%EA%B8%B0%20%EA%B4%91%EB%AA%85%EC%8B%9C%20%EC%95%84%EA%B8%B0%EB%9E%91%20%ED%82%A4%EC%A6%88%EC%B9%B4%ED%8E%98,family:1.0;baby:1.0;parking:1.0;nursing_room:1.0;광명시;아기랑 키즈카페,2026-08-22 20:34:25,toddler:1.0;indoor:0.9;play:1.0,2,85
네이버 장소검색 | 경기 광명시,사설키즈카페,경기도광명시,상시,영유아 및 어린이 (0세~9세),경기 광명시 경기도광명시,무료/유료 (플레이스 참조),경기 광명시에 위치한 인기 아기랑 키즈카페 명소인 [경기도광명시]입니다.,https://search.naver.com/search.naver?where=nexearch&query=%EA%B2%BD%EA%B8%B0%20%EA%B4%91%EB%AA%85%EC%8B%9C%20%EC%95%84%EA%B8%B0%EB%9E%91%20%ED%82%A4%EC%A6%88%EC%B9%B4%ED%8E%98,family:1.0;baby:1.0;parking:1.0;nursing_room:1.0;광명시;아기랑 키즈카페,2026-08-22 20:34:25,toddler:1.0;indoor:0.9;play:1.0,2,85
네이버 장소검색 | 경기 광명시,사설키즈카페,어린이집광명시장 체험 방문 노란 버스를 타고광명,상시,영유아 및 어린이 (0세~9세),경기 광명시 어린이집광명시장 체험 방문 노란 버스를 타고광명,무료/유료 (플레이스 참조),경기 광명시에 위치한 인기 아기랑 키즈카페 명소인 [어린이집광명시장 체험 방문 노란 버스를 타고광명]입니다.,https://search.naver.com/search.naver?where=nexearch&query=%EA%B2%BD%EA%B8%B0%20%EA%B4%91%EB%AA%85%EC%8B%9C%20%EC%95%84%EA%B8%B0%EB%9E%91%20%ED%82%A4%EC%A6%88%EC%B9%B4%ED%8E%98,family:1.0;baby:1.0;parking:1.0;nursing_room:1.0;광명시;아기랑 키즈카페,2026-08-22 20:34:25,toddler:1.0;indoor:0.9;play:1.0,2,85
네이버 장소검색 | 경기 광명시,자연친화,킨더마린 스윔스쿨 TKM수영장,상시,영유아 및 어린이 (0세~9세),경기 광명시 킨더마린 스윔스쿨 TKM수영장,무료/유료 (플레이스 참조),경기 광명시에 위치한 인기 아기랑 수영장 명소인 [킨더마린 스윔스쿨 TKM수영장]입니다.,https://search.naver.com/search.naver?where=nexearch&query=%EA%B2%BD%EA%B8%B0%20%EA%B4%91%EB%AA%85%EC%8B%9C%20%EC%95%84%EA%B8%B0%EB%9E%91%20%EC%88%98%EC%98%81%EC%9E%A5,family:1.0;baby:1.0;parking:1.0;nursing_room:1.0;광명시;아기랑 수영장,2026-08-22 20:34:25,pool:1.0;water:1.0;outdoor:0.9,2,85
네이버 장소검색 | 경기 광명시,자연친화,노블스위밍랩 광명점수영장,상시,영유아 및 어린이 (0세~9세),경기 광명시 노블스위밍랩 광명점수영장,무료/유료 (플레이스 참조),경기 광명시에 위치한 인기 아기랑 수영장 명소인 [노블스위밍랩 광명점수영장]입니다.,https://search.naver.com/search.naver?where=nexearch&query=%EA%B2%BD%EA%B8%B0%20%EA%B4%91%EB%AA%85%EC%8B%9C%20%EC%95%84%EA%B8%B0%EB%9E%91%20%EC%88%98%EC%98%81%EC%9E%A5,family:1.0;baby:1.0;parking:1.0;nursing_room:1.0;광명시;아기랑 수영장,2026-08-22 20:34:25,pool:1.0;water:1.0;outdoor:0.9,2,85
네이버 장소검색 | 경기 광명시,자연친화,블루라군 광명점수영장,상시,영유아 및 어린이 (0세~9세),경기 광명시 블루라군 광명점수영장,무료/유료 (플레이스 참조),경기 광명시에 위치한 인기 아기랑 수영장 명소인 [블루라군 광명점수영장]입니다.,https://search.naver.com/search.naver?where=nexearch&query=%EA%B2%BD%EA%B8%B0%20%EA%B4%91%EB%AA%85%EC%8B%9C%20%EC%95%84%EA%B8%B0%EB%9E%91%20%EC%88%98%EC%98%81%EC%9E%A5,family:1.0;baby:1.0;parking:1.0;nursing_room:1.0;광명시;아기랑 수영장,2026-08-22 20:34:25,pool:1.0;water:1.0;outdoor:0.9,2,85
네이버 장소검색 | 경기 광명시,자연친화,예체능수영장,상시,영유아 및 어린이 (0세~9세),경기 광명시 예체능수영장,무료/유료 (플레이스 참조),경기 광명시에 위치한 인기 아기랑 수영장 명소인 [예체능수영장]입니다.,https://search.naver.com/search.naver?where=nexearch&query=%EA%B2%BD%EA%B8%B0%20%EA%B4%91%EB%AA%85%EC%8B%9C%20%EC%95%84%EA%B8%B0%EB%9E%91%20%EC%88%98%EC%98%81%EC%9E%A5,family:1.0;baby:1.0;parking:1.0;nursing_room:1.0;광명시;아기랑 수영장,2026-08-22 20:34:25,pool:1.0;water:1.0;outdoor:0.9,2,85
네이버 장소검색 | 경기 광명시,자연친화,유아,상시,영유아 및 어린이 (0세~9세),경기 광명시 유아,무료/유료 (플레이스 참조),경기 광명시에 위치한 인기 아기랑 모래놀이 명소인 [유아]입니다.,https://search.naver.com/search.naver?where=nexearch&query=%EA%B2%BD%EA%B8%B0%20%EA%B4%91%EB%AA%85%EC%8B%9C%20%EC%95%84%EA%B8%B0%EB%9E%91%20%EB%AA%A8%EB%9E%98%EB%86%80%EC%9D%B4,family:1.0;baby:1.0;parking:1.0;nursing_room:1.0;광명시;아기랑 모래놀이,2026-08-22 20:34:25,sand:1.0;nature:1.0;play:0.9,2,85
네이버 장소검색 | 경기 광명시,사설키즈카페,광명키즈카페 바이포레모래놀이되는경기도,상시,영유아 및 어린이 (0세~9세),경기 광명시 광명키즈카페 바이포레모래놀이되는경기도,무료/유료 (플레이스 참조),경기 광명시에 위치한 인기 아기랑 모래놀이 명소인 [광명키즈카페 바이포레모래놀이되는경기도]입니다.,https://search.naver.com/search.naver?where=nexearch&query=%EA%B2%BD%EA%B8%B0%20%EA%B4%91%EB%AA%85%EC%8B%9C%20%EC%95%84%EA%B8%B0%EB%9E%91%20%EB%AA%A8%EB%9E%98%EB%86%80%EC%9D%B4,family:1.0;baby:1.0;parking:1.0;nursing_room:1.0;광명시;아기랑 모래놀이,2026-08-22 20:34:25,sand:1.0;nature:1.0;play:0.9,2,85
네이버 장소검색 | 경기 광명시,자연친화,도덕산공원공원,상시,영유아 및 어린이 (0세~9세),경기 광명시 도덕산공원공원,무료/유료 (플레이스 참조),경기 광명시에 위치한 인기 아기랑 공원 명소인 [도덕산공원공원]입니다.,https://search.naver.com/search.naver?where=nexearch&query=%EA%B2%BD%EA%B8%B0%20%EA%B4%91%EB%AA%85%EC%8B%9C%20%EC%95%84%EA%B8%B0%EB%9E%91%20%EA%B3%B5%EC%9B%90,family:1.0;baby:1.0;parking:1.0;nursing_room:1.0;광명시;아기랑 공원,2026-08-22 20:34:25,park:1.0;picnic:1.0;nature:1.0,2,85
네이버 장소검색 | 경기 광명시,자연친화,"안터생태공원자연,생태공원",상시,영유아 및 어린이 (0세~9세),"경기 광명시 안터생태공원자연,생태공원",무료/유료 (플레이스 참조),"경기 광명시에 위치한 인기 아기랑 공원 명소인 [안터생태공원자연,생태공원]입니다.",https://search.naver.com/search.naver?where=nexearch&query=%EA%B2%BD%EA%B8%B0%20%EA%B4%91%EB%AA%85%EC%8B%9C%20%EC%95%84%EA%B8%B0%EB%9E%91%20%EA%B3%B5%EC%9B%90,family:1.0;baby:1.0;parking:1.0;nursing_room:1.0;광명시;아기랑 공원,2026-08-22 20:34:25,park:1.0;picnic:1.0;nature:1.0,2,85
네이버 장소검색 | 경기 광명시,자연친화,현충공원,상시,영유아 및 어린이 (0세~9세),경기 광명시 현충공원,무료/유료 (플레이스 참조),경기 광명시에 위치한 인기 아기랑 공원 명소인 [현충공원]입니다.,https://search.naver.com/search.naver?where=nexearch&query=%EA%B2%BD%EA%B8%B0%20%EA%B4%91%EB%AA%85%EC%8B%9C%20%EC%95%84%EA%B8%B0%EB%9E%91%20%EA%B3%B5%EC%9B%90,family:1.0;baby:1.0;parking:1.0;nursing_room:1.0;광명시;아기랑 공원,2026-08-22 20:34:25,park:1.0;picnic:1.0;nature:1.0,2,85
네이버 장소검색 | 경기 광명시,자연친화,광명시민체육관잔디광장공원,상시,영유아 및 어린이 (0세~9세),경기 광명시 광명시민체육관잔디광장공원,무료/유료 (플레이스 참조),경기 광명시에 위치한 인기 아기랑 공원 명소인 [광명시민체육관잔디광장공원]입니다.,https://search.naver.com/search.naver?where=nexearch&query=%EA%B2%BD%EA%B8%B0%20%EA%B4%91%EB%AA%85%EC%8B%9C%20%EC%95%84%EA%B8%B0%EB%9E%91%20%EA%B3%B5%EC%9B%90,family:1.0;baby:1.0;parking:1.0;nursing_room:1.0;광명시;아기랑 공원,2026-08-22 20:34:25,park:1.0;picnic:1.0;nature:1.0,2,85
네이버 장소검색 | 경기 광명시,자연친화,사성공원공원,상시,영유아 및 어린이 (0세~9세),경기 광명시 사성공원공원,무료/유료 (플레이스 참조),경기 광명시에 위치한 인기 아기랑 공원 명소인 [사성공원공원]입니다.,https://search.naver.com/search.naver?where=nexearch&query=%EA%B2%BD%EA%B8%B0%20%EA%B4%91%EB%AA%85%EC%8B%9C%20%EC%95%84%EA%B8%B0%EB%9E%91%20%EA%B3%B5%EC%9B%90,family:1.0;baby:1.0;parking:1.0;nursing_room:1.0;광명시;아기랑 공원,2026-08-22 20:34:25,park:1.0;picnic:1.0;nature:1.0,2,85
네이버 장소검색 | 경기 광명시,자연친화,충현역사공원공원,상시,영유아 및 어린이 (0세~9세),경기 광명시 충현역사공원공원,무료/유료 (플레이스 참조),경기 광명시에 위치한 인기 아기랑 공원 명소인 [충현역사공원공원]입니다.,https://search.naver.com/search.naver?where=nexearch&query=%EA%B2%BD%EA%B8%B0%20%EA%B4%91%EB%AA%85%EC%8B%9C%20%EC%95%84%EA%B8%B0%EB%9E%91%20%EA%B3%B5%EC%9B%90,family:1.0;baby:1.0;parking:1.0;nursing_room:1.0;광명시;아기랑 공원,2026-08-22 20:34:25,park:1.0;picnic:1.0;nature:1.0,2,85
네이버 장소검색 | 경기 광명시,자연친화,"서울시 개봉동 물놀이장,광명안양천어린이물놀이장,",상시,영유아 및 어린이 (0세~9세),"경기 광명시 서울시 개봉동 물놀이장,광명안양천어린이물놀이장,",무료/유료 (플레이스 참조),"경기 광명시에 위치한 인기 아기랑 물놀이터 명소인 [서울시 개봉동 물놀이장,광명안양천어린이물놀이장,]입니다.",https://search.naver.com/search.naver?where=nexearch&query=%EA%B2%BD%EA%B8%B0%20%EA%B4%91%EB%AA%85%EC%8B%9C%20%EC%95%84%EA%B8%B0%EB%9E%91%20%EB%AC%BC%EB%86%80%EC%9D%B4%ED%84%B0,family:1.0;baby:1.0;parking:1.0;nursing_room:1.0;광명시;아기랑 물놀이터,2026-08-22 20:34:25,water:1.0;outdoor:1.0;picnic:0.8,2,85
네이버 장소검색 | 경기 광명시,가족체험,광명에디슨뮤지엄과학관,상시,영유아 및 어린이 (0세~9세),경기 광명시 광명에디슨뮤지엄과학관,무료/유료 (플레이스 참조),경기 광명시에 위치한 인기 아기랑 어린이박물관 명소인 [광명에디슨뮤지엄과학관]입니다.,https://search.naver.com/search.naver?where=nexearch&query=%EA%B2%BD%EA%B8%B0%20%EA%B4%91%EB%AA%85%EC%8B%9C%20%EC%95%84%EA%B8%B0%EB%9E%91%20%EC%96%B4%EB%A6%B0%EC%9D%B4%EB%B0%95%EB%AC%BC%EA%B4%80,family:1.0;baby:1.0;parking:1.0;nursing_room:1.0;광명시;아기랑 어린이박물관,2026-08-22 20:34:25,museum:1.0;hands_on:1.0;experience:1.0,2,85
네이버 장소검색 | 경기 광주시,사설키즈카페,점핑배틀 경기광주점,상시,영유아 및 어린이 (0세~9세),경기 광주시 점핑배틀 경기광주점,무료/유료 (플레이스 참조),경기 광주시에 위치한 인기 아기랑 키즈카페 명소인 [점핑배틀 경기광주점]입니다.,https://search.naver.com/search.naver?where=nexearch&query=%EA%B2%BD%EA%B8%B0%20%EA%B4%91%EC%A3%BC%EC%8B%9C%20%EC%95%84%EA%B8%B0%EB%9E%91%20%ED%82%A4%EC%A6%88%EC%B9%B4%ED%8E%98,family:1.0;baby:1.0;parking:1.0;nursing_room:1.0;광주시;아기랑 키즈카페,2026-08-22 20:34:25,toddler:1.0;indoor:0.9;play:1.0,2,85
네이버 장소검색 | 경기 광주시,사설키즈카페,키즈온,상시,영유아 및 어린이 (0세~9세),경기 광주시 키즈온,무료/유료 (플레이스 참조),경기 광주시에 위치한 인기 아기랑 키즈카페 명소인 [키즈온]입니다.,https://search.naver.com/search.naver?where=nexearch&query=%EA%B2%BD%EA%B8%B0%20%EA%B4%91%EC%A3%BC%EC%8B%9C%20%EC%95%84%EA%B8%B0%EB%9E%91%20%ED%82%A4%EC%A6%88%EC%B9%B4%ED%8E%98,family:1.0;baby:1.0;parking:1.0;nursing_room:1.0;광주시;아기랑 키즈카페,2026-08-22 20:34:25,toddler:1.0;indoor:0.9;play:1.0,2,85
네이버 장소검색 | 경기 광주시,사설키즈카페,코코파파 키즈파크,상시,영유아 및 어린이 (0세~9세),경기 광주시 코코파파 키즈파크,무료/유료 (플레이스 참조),경기 광주시에 위치한 인기 아기랑 키즈카페 명소인 [코코파파 키즈파크]입니다.,https://search.naver.com/search.naver?where=nexearch&query=%EA%B2%BD%EA%B8%B0%20%EA%B4%91%EC%A3%BC%EC%8B%9C%20%EC%95%84%EA%B8%B0%EB%9E%91%20%ED%82%A4%EC%A6%88%EC%B9%B4%ED%8E%98,family:1.0;baby:1.0;parking:1.0;nursing_room:1.0;광주시;아기랑 키즈카페,2026-08-22 20:34:25,toddler:1.0;indoor:0.9;play:1.0,2,85
네이버 장소검색 | 경기 광주시,사설키즈카페,아이포레 키즈카페,상시,영유아 및 어린이 (0세~9세),경기 광주시 아이포레 키즈카페,무료/유료 (플레이스 참조),경기 광주시에 위치한 인기 아기랑 키즈카페 명소인 [아이포레 키즈카페]입니다.,https://search.naver.com/search.naver?where=nexearch&query=%EA%B2%BD%EA%B8%B0%20%EA%B4%91%EC%A3%BC%EC%8B%9C%20%EC%95%84%EA%B8%B0%EB%9E%91%20%ED%82%A4%EC%A6%88%EC%B9%B4%ED%8E%98,family:1.0;baby:1.0;parking:1.0;nursing_room:1.0;광주시;아기랑 키즈카페,2026-08-22 20:34:25,toddler:1.0;indoor:0.9;play:1.0,2,85
네이버 장소검색 | 경기 광주시,사설키즈카페,허니버디 경기광주점,상시,영유아 및 어린이 (0세~9세),경기 광주시 허니버디 경기광주점,무료/유료 (플레이스 참조),경기 광주시에 위치한 인기 아기랑 키즈카페 명소인 [허니버디 경기광주점]입니다.,https://search.naver.com/search.naver?where=nexearch&query=%EA%B2%BD%EA%B8%B0%20%EA%B4%91%EC%A3%BC%EC%8B%9C%20%EC%95%84%EA%B8%B0%EB%9E%91%20%ED%82%A4%EC%A6%88%EC%B9%B4%ED%8E%98,family:1.0;baby:1.0;parking:1.0;nursing_room:1.0;광주시;아기랑 키즈카페,2026-08-22 20:34:25,toddler:1.0;indoor:0.9;play:1.0,2,85
네이버 장소검색 | 경기 광주시,사설키즈카페,킨더트리 플레이스쿨,상시,영유아 및 어린이 (0세~9세),경기 광주시 킨더트리 플레이스쿨,무료/유료 (플레이스 참조),경기 광주시에 위치한 인기 아기랑 키즈카페 명소인 [킨더트리 플레이스쿨]입니다.,https://search.naver.com/search.naver?where=nexearch&query=%EA%B2%BD%EA%B8%B0%20%EA%B4%91%EC%A3%BC%EC%8B%9C%20%EC%95%84%EA%B8%B0%EB%9E%91%20%ED%82%A4%EC%A6%88%EC%B9%B4%ED%8E%98,family:1.0;baby:1.0;parking:1.0;nursing_room:1.0;광주시;아기랑 키즈카페,2026-08-22 20:34:25,toddler:1.0;indoor:0.9;play:1.0,2,85
네이버 장소검색 | 경기 광주시,사설키즈카페,경기광주무료키즈카페,상시,영유아 및 어린이 (0세~9세),경기 광주시 경기광주무료키즈카페,무료/유료 (플레이스 참조),경기 광주시에 위치한 인기 아기랑 키즈카페 명소인 [경기광주무료키즈카페]입니다.,https://search.naver.com/search.naver?where=nexearch&query=%EA%B2%BD%EA%B8%B0%20%EA%B4%91%EC%A3%BC%EC%8B%9C%20%EC%95%84%EA%B8%B0%EB%9E%91%20%ED%82%A4%EC%A6%88%EC%B9%B4%ED%8E%98,family:1.0;baby:1.0;parking:1.0;nursing_room:1.0;광주시;아기랑 키즈카페,2026-08-22 20:34:25,toddler:1.0;indoor:0.9;play:1.0,2,85
네이버 장소검색 | 경기 광주시,사설키즈카페,경기도광주시,상시,영유아 및 어린이 (0세~9세),경기 광주시 경기도광주시,무료/유료 (플레이스 참조),경기 광주시에 위치한 인기 아기랑 키즈카페 명소인 [경기도광주시]입니다.,https://search.naver.com/search.naver?where=nexearch&query=%EA%B2%BD%EA%B8%B0%20%EA%B4%91%EC%A3%BC%EC%8B%9C%20%EC%95%84%EA%B8%B0%EB%9E%91%20%ED%82%A4%EC%A6%88%EC%B9%B4%ED%8E%98,family:1.0;baby:1.0;parking:1.0;nursing_room:1.0;광주시;아기랑 키즈카페,2026-08-22 20:34:25,toddler:1.0;indoor:0.9;play:1.0,2,85
네이버 장소검색 | 경기 광주시,자연친화,가평물가계곡펜션 오늘밤엔,상시,영유아 및 어린이 (0세~9세),경기 광주시 가평물가계곡펜션 오늘밤엔,무료/유료 (플레이스 참조),경기 광주시에 위치한 인기 아기랑 계곡 명소인 [가평물가계곡펜션 오늘밤엔]입니다.,https://search.naver.com/search.naver?where=nexearch&query=%EA%B2%BD%EA%B8%B0%20%EA%B4%91%EC%A3%BC%EC%8B%9C%20%EC%95%84%EA%B8%B0%EB%9E%91%20%EA%B3%84%EA%B3%A1,family:1.0;baby:1.0;parking:1.0;nursing_room:1.0;광주시;아기랑 계곡,2026-08-22 20:34:25,valley:1.0;nature:1.0;water:1.0,2,85
네이버 장소검색 | 경기 광주시,자연친화,천진암계곡,상시,영유아 및 어린이 (0세~9세),경기 광주시 천진암계곡,무료/유료 (플레이스 참조),경기 광주시에 위치한 인기 아기랑 계곡 명소인 [천진암계곡]입니다.,https://search.naver.com/search.naver?where=nexearch&query=%EA%B2%BD%EA%B8%B0%20%EA%B4%91%EC%A3%BC%EC%8B%9C%20%EC%95%84%EA%B8%B0%EB%9E%91%20%EA%B3%84%EA%B3%A1,family:1.0;baby:1.0;parking:1.0;nursing_room:1.0;광주시;아기랑 계곡,2026-08-22 20:34:25,valley:1.0;nature:1.0;water:1.0,2,85
네이버 장소검색 | 경기 광주시,자연친화,엄미리계곡,상시,영유아 및 어린이 (0세~9세),경기 광주시 엄미리계곡,무료/유료 (플레이스 참조),경기 광주시에 위치한 인기 아기랑 계곡 명소인 [엄미리계곡]입니다.,https://search.naver.com/search.naver?where=nexearch&query=%EA%B2%BD%EA%B8%B0%20%EA%B4%91%EC%A3%BC%EC%8B%9C%20%EC%95%84%EA%B8%B0%EB%9E%91%20%EA%B3%84%EA%B3%A1,family:1.0;baby:1.0;parking:1.0;nursing_room:1.0;광주시;아기랑 계곡,2026-08-22 20:34:25,valley:1.0;nature:1.0;water:1.0,2,85
네이버 장소검색 | 경기 광주시,자연친화,무갑리계곡,상시,영유아 및 어린이 (0세~9세),경기 광주시 무갑리계곡,무료/유료 (플레이스 참조),경기 광주시에 위치한 인기 아기랑 계곡 명소인 [무갑리계곡]입니다.,https://search.naver.com/search.naver?where=nexearch&query=%EA%B2%BD%EA%B8%B0%20%EA%B4%91%EC%A3%BC%EC%8B%9C%20%EC%95%84%EA%B8%B0%EB%9E%91%20%EA%B3%84%EA%B3%A1,family:1.0;baby:1.0;parking:1.0;nursing_room:1.0;광주시;아기랑 계곡,2026-08-22 20:34:25,valley:1.0;nature:1.0;water:1.0,2,85
네이버 장소검색 | 경기 광주시,자연친화,열미리계곡,상시,영유아 및 어린이 (0세~9세),경기 광주시 열미리계곡,무료/유료 (플레이스 참조),경기 광주시에 위치한 인기 아기랑 계곡 명소인 [열미리계곡]입니다.,https://search.naver.com/search.naver?where=nexearch&query=%EA%B2%BD%EA%B8%B0%20%EA%B4%91%EC%A3%BC%EC%8B%9C%20%EC%95%84%EA%B8%B0%EB%9E%91%20%EA%B3%84%EA%B3%A1,family:1.0;baby:1.0;parking:1.0;nursing_room:1.0;광주시;아기랑 계곡,2026-08-22 20:34:25,valley:1.0;nature:1.0;water:1.0,2,85
네이버 장소검색 | 경기 광주시,자연친화,상촌계곡,상시,영유아 및 어린이 (0세~9세),경기 광주시 상촌계곡,무료/유료 (플레이스 참조),경기 광주시에 위치한 인기 아기랑 계곡 명소인 [상촌계곡]입니다.,https://search.naver.com/search.naver?where=nexearch&query=%EA%B2%BD%EA%B8%B0%20%EA%B4%91%EC%A3%BC%EC%8B%9C%20%EC%95%84%EA%B8%B0%EB%9E%91%20%EA%B3%84%EA%B3%A1,family:1.0;baby:1.0;parking:1.0;nursing_room:1.0;광주시;아기랑 계곡,2026-08-22 20:34:25,valley:1.0;nature:1.0;water:1.0,2,85
네이버 장소검색 | 경기 광주시,자연친화,서브마린수영장 경기광주점수영장,상시,영유아 및 어린이 (0세~9세),경기 광주시 서브마린수영장 경기광주점수영장,무료/유료 (플레이스 참조),경기 광주시에 위치한 인기 아기랑 수영장 명소인 [서브마린수영장 경기광주점수영장]입니다.,https://search.naver.com/search.naver?where=nexearch&query=%EA%B2%BD%EA%B8%B0%20%EA%B4%91%EC%A3%BC%EC%8B%9C%20%EC%95%84%EA%B8%B0%EB%9E%91%20%EC%88%98%EC%98%81%EC%9E%A5,family:1.0;baby:1.0;parking:1.0;nursing_room:1.0;광주시;아기랑 수영장,2026-08-22 20:34:25,pool:1.0;water:1.0;outdoor:0.9,2,85
네이버 장소검색 | 경기 광주시,자연친화,곤지암리조트스파라스파수영장,상시,영유아 및 어린이 (0세~9세),경기 광주시 곤지암리조트스파라스파수영장,무료/유료 (플레이스 참조),경기 광주시에 위치한 인기 아기랑 수영장 명소인 [곤지암리조트스파라스파수영장]입니다.,https://search.naver.com/search.naver?where=nexearch&query=%EA%B2%BD%EA%B8%B0%20%EA%B4%91%EC%A3%BC%EC%8B%9C%20%EC%95%84%EA%B8%B0%EB%9E%91%20%EC%88%98%EC%98%81%EC%9E%A5,family:1.0;baby:1.0;parking:1.0;nursing_room:1.0;광주시;아기랑 수영장,2026-08-22 20:34:25,pool:1.0;water:1.0;outdoor:0.9,2,85
네이버 장소검색 | 경기 광주시,자연친화,스윔핏 경기광주점수영장,상시,영유아 및 어린이 (0세~9세),경기 광주시 스윔핏 경기광주점수영장,무료/유료 (플레이스 참조),경기 광주시에 위치한 인기 아기랑 수영장 명소인 [스윔핏 경기광주점수영장]입니다.,https://search.naver.com/search.naver?where=nexearch&query=%EA%B2%BD%EA%B8%B0%20%EA%B4%91%EC%A3%BC%EC%8B%9C%20%EC%95%84%EA%B8%B0%EB%9E%91%20%EC%88%98%EC%98%81%EC%9E%A5,family:1.0;baby:1.0;parking:1.0;nursing_room:1.0;광주시;아기랑 수영장,2026-08-22 20:34:25,pool:1.0;water:1.0;outdoor:0.9,2,85
네이버 장소검색 | 경기 광주시,자연친화,금원수목원수영장,상시,영유아 및 어린이 (0세~9세),경기 광주시 금원수목원수영장,무료/유료 (플레이스 참조),경기 광주시에 위치한 인기 아기랑 수영장 명소인 [금원수목원수영장]입니다.,https://search.naver.com/search.naver?where=nexearch&query=%EA%B2%BD%EA%B8%B0%20%EA%B4%91%EC%A3%BC%EC%8B%9C%20%EC%95%84%EA%B8%B0%EB%9E%91%20%EC%88%98%EC%98%81%EC%9E%A5,family:1.0;baby:1.0;parking:1.0;nursing_room:1.0;광주시;아기랑 수영장,2026-08-22 20:34:25,pool:1.0;water:1.0;outdoor:0.9,2,85
네이버 장소검색 | 경기 광주시,자연친화,src스포츠센터수영장,상시,영유아 및 어린이 (0세~9세),경기 광주시 src스포츠센터수영장,무료/유료 (플레이스 참조),경기 광주시에 위치한 인기 아기랑 수영장 명소인 [src스포츠센터수영장]입니다.,https://search.naver.com/search.naver?where=nexearch&query=%EA%B2%BD%EA%B8%B0%20%EA%B4%91%EC%A3%BC%EC%8B%9C%20%EC%95%84%EA%B8%B0%EB%9E%91%20%EC%88%98%EC%98%81%EC%9E%A5,family:1.0;baby:1.0;parking:1.0;nursing_room:1.0;광주시;아기랑 수영장,2026-08-22 20:34:25,pool:1.0;water:1.0;outdoor:0.9,2,85
네이버 장소검색 | 경기 광주시,자연친화,광주시 G스타디움 수영장,상시,영유아 및 어린이 (0세~9세),경기 광주시 광주시 G스타디움 수영장,무료/유료 (플레이스 참조),경기 광주시에 위치한 인기 아기랑 수영장 명소인 [광주시 G스타디움 수영장]입니다.,https://search.naver.com/search.naver?where=nexearch&query=%EA%B2%BD%EA%B8%B0%20%EA%B4%91%EC%A3%BC%EC%8B%9C%20%EC%95%84%EA%B8%B0%EB%9E%91%20%EC%88%98%EC%98%81%EC%9E%A5,family:1.0;baby:1.0;parking:1.0;nursing_room:1.0;광주시;아기랑 수영장,2026-08-22 20:34:25,pool:1.0;water:1.0;outdoor:0.9,2,85
네이버 장소검색 | 경기 광주시,자연친화,곤지암도자공원공원,상시,영유아 및 어린이 (0세~9세),경기 광주시 곤지암도자공원공원,무료/유료 (플레이스 참조),경기 광주시에 위치한 인기 아기랑 공원 명소인 [곤지암도자공원공원]입니다.,https://search.naver.com/search.naver?where=nexearch&query=%EA%B2%BD%EA%B8%B0%20%EA%B4%91%EC%A3%BC%EC%8B%9C%20%EC%95%84%EA%B8%B0%EB%9E%91%20%EA%B3%B5%EC%9B%90,family:1.0;baby:1.0;parking:1.0;nursing_room:1.0;광주시;아기랑 공원,2026-08-22 20:34:25,park:1.0;picnic:1.0;nature:1.0,2,85
네이버 장소검색 | 경기 광주시,자연친화,"경안천습지생태공원자연,생태공원",상시,영유아 및 어린이 (0세~9세),"경기 광주시 경안천습지생태공원자연,생태공원",무료/유료 (플레이스 참조),"경기 광주시에 위치한 인기 아기랑 공원 명소인 [경안천습지생태공원자연,생태공원]입니다.",https://search.naver.com/search.naver?where=nexearch&query=%EA%B2%BD%EA%B8%B0%20%EA%B4%91%EC%A3%BC%EC%8B%9C%20%EC%95%84%EA%B8%B0%EB%9E%91%20%EA%B3%B5%EC%9B%90,family:1.0;baby:1.0;parking:1.0;nursing_room:1.0;광주시;아기랑 공원,2026-08-22 20:34:25,park:1.0;picnic:1.0;nature:1.0,2,85
네이버 장소검색 | 경기 광주시,자연친화,청석공원공원,상시,영유아 및 어린이 (0세~9세),경기 광주시 청석공원공원,무료/유료 (플레이스 참조),경기 광주시에 위치한 인기 아기랑 공원 명소인 [청석공원공원]입니다.,https://search.naver.com/search.naver?where=nexearch&query=%EA%B2%BD%EA%B8%B0%20%EA%B4%91%EC%A3%BC%EC%8B%9C%20%EC%95%84%EA%B8%B0%EB%9E%91%20%EA%B3%B5%EC%9B%90,family:1.0;baby:1.0;parking:1.0;nursing_room:1.0;광주시;아기랑 공원,2026-08-22 20:34:25,park:1.0;picnic:1.0;nature:1.0,2,85
네이버 장소검색 | 경기 광주시,자연친화,남한산성도립공원도립공원,상시,영유아 및 어린이 (0세~9세),경기 광주시 남한산성도립공원도립공원,무료/유료 (플레이스 참조),경기 광주시에 위치한 인기 아기랑 공원 명소인 [남한산성도립공원도립공원]입니다.,https://search.naver.com/search.naver?where=nexearch&query=%EA%B2%BD%EA%B8%B0%20%EA%B4%91%EC%A3%BC%EC%8B%9C%20%EC%95%84%EA%B8%B0%EB%9E%91%20%EA%B3%B5%EC%9B%90,family:1.0;baby:1.0;parking:1.0;nursing_room:1.0;광주시;아기랑 공원,2026-08-22 20:34:25,park:1.0;picnic:1.0;nature:1.0,2,85
네이버 장소검색 | 경기 광주시,자연친화,태전큰별공원공원,상시,영유아 및 어린이 (0세~9세),경기 광주시 태전큰별공원공원,무료/유료 (플레이스 참조),경기 광주시에 위치한 인기 아기랑 공원 명소인 [태전큰별공원공원]입니다.,https://search.naver.com/search.naver?where=nexearch&query=%EA%B2%BD%EA%B8%B0%20%EA%B4%91%EC%A3%BC%EC%8B%9C%20%EC%95%84%EA%B8%B0%EB%9E%91%20%EA%B3%B5%EC%9B%90,family:1.0;baby:1.0;parking:1.0;nursing_room:1.0;광주시;아기랑 공원,2026-08-22 20:34:25,park:1.0;picnic:1.0;nature:1.0,2,85
네이버 장소검색 | 경기 광주시,자연친화,도람공원,상시,영유아 및 어린이 (0세~9세),경기 광주시 도람공원,무료/유료 (플레이스 참조),경기 광주시에 위치한 인기 아기랑 물놀이터 명소인 [도람공원]입니다.,https://search.naver.com/search.naver?where=nexearch&query=%EA%B2%BD%EA%B8%B0%20%EA%B4%91%EC%A3%BC%EC%8B%9C%20%EC%95%84%EA%B8%B0%EB%9E%91%20%EB%AC%BC%EB%86%80%EC%9D%B4%ED%84%B0,family:1.0;baby:1.0;parking:1.0;nursing_room:1.0;광주시;아기랑 물놀이터,2026-08-22 20:34:25,water:1.0;outdoor:1.0;picnic:0.8,2,85
네이버 장소검색 | 경기 광주시,자연친화,"경기도광주시물놀이장, 도람공원",상시,영유아 및 어린이 (0세~9세),"경기 광주시 경기도광주시물놀이장, 도람공원",무료/유료 (플레이스 참조),"경기 광주시에 위치한 인기 아기랑 물놀이터 명소인 [경기도광주시물놀이장, 도람공원]입니다.",https://search.naver.com/search.naver?where=nexearch&query=%EA%B2%BD%EA%B8%B0%20%EA%B4%91%EC%A3%BC%EC%8B%9C%20%EC%95%84%EA%B8%B0%EB%9E%91%20%EB%AC%BC%EB%86%80%EC%9D%B4%ED%84%B0,family:1.0;baby:1.0;parking:1.0;nursing_room:1.0;광주시;아기랑 물놀이터,2026-08-22 20:34:25,water:1.0;outdoor:1.0;picnic:0.8,2,85
네이버 장소검색 | 경기 군포시,사설키즈카페,리틀치프 금정점,상시,영유아 및 어린이 (0세~9세),경기 군포시 리틀치프 금정점,무료/유료 (플레이스 참조),경기 군포시에 위치한 인기 아기랑 키즈카페 명소인 [리틀치프 금정점]입니다.,https://search.naver.com/search.naver?where=nexearch&query=%EA%B2%BD%EA%B8%B0%20%EA%B5%B0%ED%8F%AC%EC%8B%9C%20%EC%95%84%EA%B8%B0%EB%9E%91%20%ED%82%A4%EC%A6%88%EC%B9%B4%ED%8E%98,family:1.0;baby:1.0;parking:1.0;nursing_room:1.0;군포시;아기랑 키즈카페,2026-08-22 20:34:25,toddler:1.0;indoor:0.9;play:1.0,2,85
네이버 장소검색 | 경기 군포시,사설키즈카페,플랭플랭 놀이터,상시,영유아 및 어린이 (0세~9세),경기 군포시 플랭플랭 놀이터,무료/유료 (플레이스 참조),경기 군포시에 위치한 인기 아기랑 키즈카페 명소인 [플랭플랭 놀이터]입니다.,https://search.naver.com/search.naver?where=nexearch&query=%EA%B2%BD%EA%B8%B0%20%EA%B5%B0%ED%8F%AC%EC%8B%9C%20%EC%95%84%EA%B8%B0%EB%9E%91%20%ED%82%A4%EC%A6%88%EC%B9%B4%ED%8E%98,family:1.0;baby:1.0;parking:1.0;nursing_room:1.0;군포시;아기랑 키즈카페,2026-08-22 20:34:25,toddler:1.0;indoor:0.9;play:1.0,2,85
네이버 장소검색 | 경기 군포시,사설키즈카페,별숲 키즈룸,상시,영유아 및 어린이 (0세~9세),경기 군포시 별숲 키즈룸,무료/유료 (플레이스 참조),경기 군포시에 위치한 인기 아기랑 키즈카페 명소인 [별숲 키즈룸]입니다.,https://search.naver.com/search.naver?where=nexearch&query=%EA%B2%BD%EA%B8%B0%20%EA%B5%B0%ED%8F%AC%EC%8B%9C%20%EC%95%84%EA%B8%B0%EB%9E%91%20%ED%82%A4%EC%A6%88%EC%B9%B4%ED%8E%98,family:1.0;baby:1.0;parking:1.0;nursing_room:1.0;군포시;아기랑 키즈카페,2026-08-22 20:34:25,toddler:1.0;indoor:0.9;play:1.0,2,85
네이버 장소검색 | 경기 군포시,사설키즈카페,꿀잼키즈룸 산본점,상시,영유아 및 어린이 (0세~9세),경기 군포시 꿀잼키즈룸 산본점,무료/유료 (플레이스 참조),경기 군포시에 위치한 인기 아기랑 키즈카페 명소인 [꿀잼키즈룸 산본점]입니다.,https://search.naver.com/search.naver?where=nexearch&query=%EA%B2%BD%EA%B8%B0%20%EA%B5%B0%ED%8F%AC%EC%8B%9C%20%EC%95%84%EA%B8%B0%EB%9E%91%20%ED%82%A4%EC%A6%88%EC%B9%B4%ED%8E%98,family:1.0;baby:1.0;parking:1.0;nursing_room:1.0;군포시;아기랑 키즈카페,2026-08-22 20:34:25,toddler:1.0;indoor:0.9;play:1.0,2,85
네이버 장소검색 | 경기 군포시,사설키즈카페,라온제나 키즈룸,상시,영유아 및 어린이 (0세~9세),경기 군포시 라온제나 키즈룸,무료/유료 (플레이스 참조),경기 군포시에 위치한 인기 아기랑 키즈카페 명소인 [라온제나 키즈룸]입니다.,https://search.naver.com/search.naver?where=nexearch&query=%EA%B2%BD%EA%B8%B0%20%EA%B5%B0%ED%8F%AC%EC%8B%9C%20%EC%95%84%EA%B8%B0%EB%9E%91%20%ED%82%A4%EC%A6%88%EC%B9%B4%ED%8E%98,family:1.0;baby:1.0;parking:1.0;nursing_room:1.0;군포시;아기랑 키즈카페,2026-08-22 20:34:25,toddler:1.0;indoor:0.9;play:1.0,2,85
네이버 장소검색 | 경기 군포시,사설키즈카페,아로하풀,상시,영유아 및 어린이 (0세~9세),경기 군포시 아로하풀,무료/유료 (플레이스 참조),경기 군포시에 위치한 인기 아기랑 키즈카페 명소인 [아로하풀]입니다.,https://search.naver.com/search.naver?where=nexearch&query=%EA%B2%BD%EA%B8%B0%20%EA%B5%B0%ED%8F%AC%EC%8B%9C%20%EC%95%84%EA%B8%B0%EB%9E%91%20%ED%82%A4%EC%A6%88%EC%B9%B4%ED%8E%98,family:1.0;baby:1.0;parking:1.0;nursing_room:1.0;군포시;아기랑 키즈카페,2026-08-22 20:34:25,toddler:1.0;indoor:0.9;play:1.0,2,85
네이버 장소검색 | 경기 군포시,사설키즈카페,경기도군포시,상시,영유아 및 어린이 (0세~9세),경기 군포시 경기도군포시,무료/유료 (플레이스 참조),경기 군포시에 위치한 인기 아기랑 키즈카페 명소인 [경기도군포시]입니다.,https://search.naver.com/search.naver?where=nexearch&query=%EA%B2%BD%EA%B8%B0%20%EA%B5%B0%ED%8F%AC%EC%8B%9C%20%EC%95%84%EA%B8%B0%EB%9E%91%20%ED%82%A4%EC%A6%88%EC%B9%B4%ED%8E%98,family:1.0;baby:1.0;parking:1.0;nursing_room:1.0;군포시;아기랑 키즈카페,2026-08-22 20:34:25,toddler:1.0;indoor:0.9;play:1.0,2,85
네이버 장소검색 | 경기 군포시,사설키즈카페,군포가성비,상시,영유아 및 어린이 (0세~9세),경기 군포시 군포가성비,무료/유료 (플레이스 참조),경기 군포시에 위치한 인기 아기랑 키즈카페 명소인 [군포가성비]입니다.,https://search.naver.com/search.naver?where=nexearch&query=%EA%B2%BD%EA%B8%B0%20%EA%B5%B0%ED%8F%AC%EC%8B%9C%20%EC%95%84%EA%B8%B0%EB%9E%91%20%ED%82%A4%EC%A6%88%EC%B9%B4%ED%8E%98,family:1.0;baby:1.0;parking:1.0;nursing_room:1.0;군포시;아기랑 키즈카페,2026-08-22 20:34:25,toddler:1.0;indoor:0.9;play:1.0,2,85
네이버 장소검색 | 경기 군포시,사설키즈카페,군포아기랑저렴한키즈카페,상시,영유아 및 어린이 (0세~9세),경기 군포시 군포아기랑저렴한키즈카페,무료/유료 (플레이스 참조),경기 군포시에 위치한 인기 아기랑 키즈카페 명소인 [군포아기랑저렴한키즈카페]입니다.,https://search.naver.com/search.naver?where=nexearch&query=%EA%B2%BD%EA%B8%B0%20%EA%B5%B0%ED%8F%AC%EC%8B%9C%20%EC%95%84%EA%B8%B0%EB%9E%91%20%ED%82%A4%EC%A6%88%EC%B9%B4%ED%8E%98,family:1.0;baby:1.0;parking:1.0;nursing_room:1.0;군포시;아기랑 키즈카페,2026-08-22 20:34:25,toddler:1.0;indoor:0.9;play:1.0,2,85
네이버 장소검색 | 경기 군포시,자연친화,스윔21 산본점수영장,상시,영유아 및 어린이 (0세~9세),경기 군포시 스윔21 산본점수영장,무료/유료 (플레이스 참조),경기 군포시에 위치한 인기 아기랑 수영장 명소인 [스윔21 산본점수영장]입니다.,https://search.naver.com/search.naver?where=nexearch&query=%EA%B2%BD%EA%B8%B0%20%EA%B5%B0%ED%8F%AC%EC%8B%9C%20%EC%95%84%EA%B8%B0%EB%9E%91%20%EC%88%98%EC%98%81%EC%9E%A5,family:1.0;baby:1.0;parking:1.0;nursing_room:1.0;군포시;아기랑 수영장,2026-08-22 20:34:25,pool:1.0;water:1.0;outdoor:0.9,2,85
네이버 장소검색 | 경기 군포시,자연친화,레인보우키즈풀수영장,상시,영유아 및 어린이 (0세~9세),경기 군포시 레인보우키즈풀수영장,무료/유료 (플레이스 참조),경기 군포시에 위치한 인기 아기랑 수영장 명소인 [레인보우키즈풀수영장]입니다.,https://search.naver.com/search.naver?where=nexearch&query=%EA%B2%BD%EA%B8%B0%20%EA%B5%B0%ED%8F%AC%EC%8B%9C%20%EC%95%84%EA%B8%B0%EB%9E%91%20%EC%88%98%EC%98%81%EC%9E%A5,family:1.0;baby:1.0;parking:1.0;nursing_room:1.0;군포시;아기랑 수영장,2026-08-22 20:34:25,pool:1.0;water:1.0;outdoor:0.9,2,85
네이버 장소검색 | 경기 군포시,자연친화,송정중앙공원 물놀이터수영장,상시,영유아 및 어린이 (0세~9세),경기 군포시 송정중앙공원 물놀이터수영장,무료/유료 (플레이스 참조),경기 군포시에 위치한 인기 아기랑 수영장 명소인 [송정중앙공원 물놀이터수영장]입니다.,https://search.naver.com/search.naver?where=nexearch&query=%EA%B2%BD%EA%B8%B0%20%EA%B5%B0%ED%8F%AC%EC%8B%9C%20%EC%95%84%EA%B8%B0%EB%9E%91%20%EC%88%98%EC%98%81%EC%9E%A5,family:1.0;baby:1.0;parking:1.0;nursing_room:1.0;군포시;아기랑 수영장,2026-08-22 20:34:25,pool:1.0;water:1.0;outdoor:0.9,2,85
네이버 장소검색 | 경기 군포시,자연친화,스윔스타즈 어린이 수영장,상시,영유아 및 어린이 (0세~9세),경기 군포시 스윔스타즈 어린이 수영장,무료/유료 (플레이스 참조),경기 군포시에 위치한 인기 아기랑 수영장 명소인 [스윔스타즈 어린이 수영장]입니다.,https://search.naver.com/search.naver?where=nexearch&query=%EA%B2%BD%EA%B8%B0%20%EA%B5%B0%ED%8F%AC%EC%8B%9C%20%EC%95%84%EA%B8%B0%EB%9E%91%20%EC%88%98%EC%98%81%EC%9E%A5,family:1.0;baby:1.0;parking:1.0;nursing_room:1.0;군포시;아기랑 수영장,2026-08-22 20:34:25,pool:1.0;water:1.0;outdoor:0.9,2,85
네이버 장소검색 | 경기 군포시,자연친화,"기간 : 1월 ~ 12월, 장소 : 지하2층 실내",상시,영유아 및 어린이 (0세~9세),"경기 군포시 기간 : 1월 ~ 12월, 장소 : 지하2층 실내",무료/유료 (플레이스 참조),"경기 군포시에 위치한 인기 아기랑 수영장 명소인 [기간 : 1월 ~ 12월, 장소 : 지하2층 실내]입니다.",https://search.naver.com/search.naver?where=nexearch&query=%EA%B2%BD%EA%B8%B0%20%EA%B5%B0%ED%8F%AC%EC%8B%9C%20%EC%95%84%EA%B8%B0%EB%9E%91%20%EC%88%98%EC%98%81%EC%9E%A5,family:1.0;baby:1.0;parking:1.0;nursing_room:1.0;군포시;아기랑 수영장,2026-08-22 20:34:25,pool:1.0;water:1.0;outdoor:0.9,2,85
네이버 장소검색 | 경기 군포시,자연친화,안에는,상시,영유아 및 어린이 (0세~9세),경기 군포시 안에는,무료/유료 (플레이스 참조),경기 군포시에 위치한 인기 아기랑 수영장 명소인 [안에는]입니다.,https://search.naver.com/search.naver?where=nexearch&query=%EA%B2%BD%EA%B8%B0%20%EA%B5%B0%ED%8F%AC%EC%8B%9C%20%EC%95%84%EA%B8%B0%EB%9E%91%20%EC%88%98%EC%98%81%EC%9E%A5,family:1.0;baby:1.0;parking:1.0;nursing_room:1.0;군포시;아기랑 수영장,2026-08-22 20:34:25,pool:1.0;water:1.0;outdoor:0.9,2,85
네이버 장소검색 | 경기 군포시,자연친화,아이와 함께 가기 좋은,상시,영유아 및 어린이 (0세~9세),경기 군포시 아이와 함께 가기 좋은,무료/유료 (플레이스 참조),경기 군포시에 위치한 인기 아기랑 모래놀이 명소인 [아이와 함께 가기 좋은]입니다.,https://search.naver.com/search.naver?where=nexearch&query=%EA%B2%BD%EA%B8%B0%20%EA%B5%B0%ED%8F%AC%EC%8B%9C%20%EC%95%84%EA%B8%B0%EB%9E%91%20%EB%AA%A8%EB%9E%98%EB%86%80%EC%9D%B4,family:1.0;baby:1.0;parking:1.0;nursing_room:1.0;군포시;아기랑 모래놀이,2026-08-22 20:34:25,sand:1.0;nature:1.0;play:0.9,2,85
네이버 장소검색 | 경기 군포시,자연친화,군포무료,상시,영유아 및 어린이 (0세~9세),경기 군포시 군포무료,무료/유료 (플레이스 참조),경기 군포시에 위치한 인기 아기랑 모래놀이 명소인 [군포무료]입니다.,https://search.naver.com/search.naver?where=nexearch&query=%EA%B2%BD%EA%B8%B0%20%EA%B5%B0%ED%8F%AC%EC%8B%9C%20%EC%95%84%EA%B8%B0%EB%9E%91%20%EB%AA%A8%EB%9E%98%EB%86%80%EC%9D%B4,family:1.0;baby:1.0;parking:1.0;nursing_room:1.0;군포시;아기랑 모래놀이,2026-08-22 20:34:25,sand:1.0;nature:1.0;play:0.9,2,85
네이버 장소검색 | 경기 군포시,자연친화,군포아기랑퐁당퐁당 수리샘 무료,상시,영유아 및 어린이 (0세~9세),경기 군포시 군포아기랑퐁당퐁당 수리샘 무료,무료/유료 (플레이스 참조),경기 군포시에 위치한 인기 아기랑 모래놀이 명소인 [군포아기랑퐁당퐁당 수리샘 무료]입니다.,https://search.naver.com/search.naver?where=nexearch&query=%EA%B2%BD%EA%B8%B0%20%EA%B5%B0%ED%8F%AC%EC%8B%9C%20%EC%95%84%EA%B8%B0%EB%9E%91%20%EB%AA%A8%EB%9E%98%EB%86%80%EC%9D%B4,family:1.0;baby:1.0;parking:1.0;nursing_room:1.0;군포시;아기랑 모래놀이,2026-08-22 20:34:25,sand:1.0;nature:1.0;play:0.9,2,85
네이버 장소검색 | 경기 군포시,자연친화,"초막골생태공원자연,생태공원",상시,영유아 및 어린이 (0세~9세),"경기 군포시 초막골생태공원자연,생태공원",무료/유료 (플레이스 참조),"경기 군포시에 위치한 인기 아기랑 공원 명소인 [초막골생태공원자연,생태공원]입니다.",https://search.naver.com/search.naver?where=nexearch&query=%EA%B2%BD%EA%B8%B0%20%EA%B5%B0%ED%8F%AC%EC%8B%9C%20%EC%95%84%EA%B8%B0%EB%9E%91%20%EA%B3%B5%EC%9B%90,family:1.0;baby:1.0;parking:1.0;nursing_room:1.0;군포시;아기랑 공원,2026-08-22 20:34:25,park:1.0;picnic:1.0;nature:1.0,2,85
네이버 장소검색 | 경기 군포시,자연친화,수리산도립공원도립공원,상시,영유아 및 어린이 (0세~9세),경기 군포시 수리산도립공원도립공원,무료/유료 (플레이스 참조),경기 군포시에 위치한 인기 아기랑 공원 명소인 [수리산도립공원도립공원]입니다.,https://search.naver.com/search.naver?where=nexearch&query=%EA%B2%BD%EA%B8%B0%20%EA%B5%B0%ED%8F%AC%EC%8B%9C%20%EC%95%84%EA%B8%B0%EB%9E%91%20%EA%B3%B5%EC%9B%90,family:1.0;baby:1.0;parking:1.0;nursing_room:1.0;군포시;아기랑 공원,2026-08-22 20:34:25,park:1.0;picnic:1.0;nature:1.0,2,85
네이버 장소검색 | 경기 군포시,자연친화,중앙공원공원,상시,영유아 및 어린이 (0세~9세),경기 군포시 중앙공원공원,무료/유료 (플레이스 참조),경기 군포시에 위치한 인기 아기랑 공원 명소인 [중앙공원공원]입니다.,https://search.naver.com/search.naver?where=nexearch&query=%EA%B2%BD%EA%B8%B0%20%EA%B5%B0%ED%8F%AC%EC%8B%9C%20%EC%95%84%EA%B8%B0%EB%9E%91%20%EA%B3%B5%EC%9B%90,family:1.0;baby:1.0;parking:1.0;nursing_room:1.0;군포시;아기랑 공원,2026-08-22 20:34:25,park:1.0;picnic:1.0;nature:1.0,2,85
네이버 장소검색 | 경기 군포시,자연친화,철쭉공원공원,상시,영유아 및 어린이 (0세~9세),경기 군포시 철쭉공원공원,무료/유료 (플레이스 참조),경기 군포시에 위치한 인기 아기랑 공원 명소인 [철쭉공원공원]입니다.,https://search.naver.com/search.naver?where=nexearch&query=%EA%B2%BD%EA%B8%B0%20%EA%B5%B0%ED%8F%AC%EC%8B%9C%20%EC%95%84%EA%B8%B0%EB%9E%91%20%EA%B3%B5%EC%9B%90,family:1.0;baby:1.0;parking:1.0;nursing_room:1.0;군포시;아기랑 공원,2026-08-22 20:34:25,park:1.0;picnic:1.0;nature:1.0,2,85
네이버 장소검색 | 경기 군포시,자연친화,능안공원공원,상시,영유아 및 어린이 (0세~9세),경기 군포시 능안공원공원,무료/유료 (플레이스 참조),경기 군포시에 위치한 인기 아기랑 공원 명소인 [능안공원공원]입니다.,https://search.naver.com/search.naver?where=nexearch&query=%EA%B2%BD%EA%B8%B0%20%EA%B5%B0%ED%8F%AC%EC%8B%9C%20%EC%95%84%EA%B8%B0%EB%9E%91%20%EA%B3%B5%EC%9B%90,family:1.0;baby:1.0;parking:1.0;nursing_room:1.0;군포시;아기랑 공원,2026-08-22 20:34:25,park:1.0;picnic:1.0;nature:1.0,2,85
네이버 장소검색 | 경기 군포시,자연친화,한우물 공원,상시,영유아 및 어린이 (0세~9세),경기 군포시 한우물 공원,무료/유료 (플레이스 참조),경기 군포시에 위치한 인기 아기랑 공원 명소인 [한우물 공원]입니다.,https://search.naver.com/search.naver?where=nexearch&query=%EA%B2%BD%EA%B8%B0%20%EA%B5%B0%ED%8F%AC%EC%8B%9C%20%EC%95%84%EA%B8%B0%EB%9E%91%20%EA%B3%B5%EC%9B%90,family:1.0;baby:1.0;parking:1.0;nursing_room:1.0;군포시;아기랑 공원,2026-08-22 20:34:25,park:1.0;picnic:1.0;nature:1.0,2,85
네이버 장소검색 | 경기 군포시,자연친화,당정공원,상시,영유아 및 어린이 (0세~9세),경기 군포시 당정공원,무료/유료 (플레이스 참조),경기 군포시에 위치한 인기 아기랑 공원 명소인 [당정공원]입니다.,https://search.naver.com/search.naver?where=nexearch&query=%EA%B2%BD%EA%B8%B0%20%EA%B5%B0%ED%8F%AC%EC%8B%9C%20%EC%95%84%EA%B8%B0%EB%9E%91%20%EA%B3%B5%EC%9B%90,family:1.0;baby:1.0;parking:1.0;nursing_room:1.0;군포시;아기랑 공원,2026-08-22 20:34:25,park:1.0;picnic:1.0;nature:1.0,2,85
네이버 장소검색 | 경기 군포시,자연친화,20개월아기랑 물놀이터-군포시능안공원,상시,영유아 및 어린이 (0세~9세),경기 군포시 20개월아기랑 물놀이터-군포시능안공원,무료/유료 (플레이스 참조),경기 군포시에 위치한 인기 아기랑 물놀이터 명소인 [20개월아기랑 물놀이터-군포시능안공원]입니다.,https://search.naver.com/search.naver?where=nexearch&query=%EA%B2%BD%EA%B8%B0%20%EA%B5%B0%ED%8F%AC%EC%8B%9C%20%EC%95%84%EA%B8%B0%EB%9E%91%20%EB%AC%BC%EB%86%80%EC%9D%B4%ED%84%B0,family:1.0;baby:1.0;parking:1.0;nursing_room:1.0;군포시;아기랑 물놀이터,2026-08-22 20:34:25,water:1.0;outdoor:1.0;picnic:0.8,2,85
네이버 장소검색 | 경기 군포시,자연친화,능안공원,상시,영유아 및 어린이 (0세~9세),경기 군포시 능안공원,무료/유료 (플레이스 참조),경기 군포시에 위치한 인기 아기랑 물놀이터 명소인 [능안공원]입니다.,https://search.naver.com/search.naver?where=nexearch&query=%EA%B2%BD%EA%B8%B0%20%EA%B5%B0%ED%8F%AC%EC%8B%9C%20%EC%95%84%EA%B8%B0%EB%9E%91%20%EB%AC%BC%EB%86%80%EC%9D%B4%ED%84%B0,family:1.0;baby:1.0;parking:1.0;nursing_room:1.0;군포시;아기랑 물놀이터,2026-08-22 20:34:25,water:1.0;outdoor:1.0;picnic:0.8,2,85
네이버 장소검색 | 경기 이천시,사설키즈카페,슈퍼키즈랜드,상시,영유아 및 어린이 (0세~9세),경기 이천시 슈퍼키즈랜드,무료/유료 (플레이스 참조),경기 이천시에 위치한 인기 아기랑 키즈카페 명소인 [슈퍼키즈랜드]입니다.,https://search.naver.com/search.naver?where=nexearch&query=%EA%B2%BD%EA%B8%B0%20%EC%9D%B4%EC%B2%9C%EC%8B%9C%20%EC%95%84%EA%B8%B0%EB%9E%91%20%ED%82%A4%EC%A6%88%EC%B9%B4%ED%8E%98,family:1.0;baby:1.0;parking:1.0;nursing_room:1.0;이천시;아기랑 키즈카페,2026-08-22 20:34:25,toddler:1.0;indoor:0.9;play:1.0,2,85
네이버 장소검색 | 경기 이천시,사설키즈카페,챔피언 롯데아울렛 이천점,상시,영유아 및 어린이 (0세~9세),경기 이천시 챔피언 롯데아울렛 이천점,무료/유료 (플레이스 참조),경기 이천시에 위치한 인기 아기랑 키즈카페 명소인 [챔피언 롯데아울렛 이천점]입니다.,https://search.naver.com/search.naver?where=nexearch&query=%EA%B2%BD%EA%B8%B0%20%EC%9D%B4%EC%B2%9C%EC%8B%9C%20%EC%95%84%EA%B8%B0%EB%9E%91%20%ED%82%A4%EC%A6%88%EC%B9%B4%ED%8E%98,family:1.0;baby:1.0;parking:1.0;nursing_room:1.0;이천시;아기랑 키즈카페,2026-08-22 20:34:25,toddler:1.0;indoor:0.9;play:1.0,2,85
네이버 장소검색 | 경기 이천시,사설키즈카페,제니스키즈카페 이천점,상시,영유아 및 어린이 (0세~9세),경기 이천시 제니스키즈카페 이천점,무료/유료 (플레이스 참조),경기 이천시에 위치한 인기 아기랑 키즈카페 명소인 [제니스키즈카페 이천점]입니다.,https://search.naver.com/search.naver?where=nexearch&query=%EA%B2%BD%EA%B8%B0%20%EC%9D%B4%EC%B2%9C%EC%8B%9C%20%EC%95%84%EA%B8%B0%EB%9E%91%20%ED%82%A4%EC%A6%88%EC%B9%B4%ED%8E%98,family:1.0;baby:1.0;parking:1.0;nursing_room:1.0;이천시;아기랑 키즈카페,2026-08-22 20:34:25,toddler:1.0;indoor:0.9;play:1.0,2,85
네이버 장소검색 | 경기 이천시,사설키즈카페,리틀베프,상시,영유아 및 어린이 (0세~9세),경기 이천시 리틀베프,무료/유료 (플레이스 참조),경기 이천시에 위치한 인기 아기랑 키즈카페 명소인 [리틀베프]입니다.,https://search.naver.com/search.naver?where=nexearch&query=%EA%B2%BD%EA%B8%B0%20%EC%9D%B4%EC%B2%9C%EC%8B%9C%20%EC%95%84%EA%B8%B0%EB%9E%91%20%ED%82%A4%EC%A6%88%EC%B9%B4%ED%8E%98,family:1.0;baby:1.0;parking:1.0;nursing_room:1.0;이천시;아기랑 키즈카페,2026-08-22 20:34:25,toddler:1.0;indoor:0.9;play:1.0,2,85
네이버 장소검색 | 경기 이천시,사설키즈카페,위키즈 키즈카페,상시,영유아 및 어린이 (0세~9세),경기 이천시 위키즈 키즈카페,무료/유료 (플레이스 참조),경기 이천시에 위치한 인기 아기랑 키즈카페 명소인 [위키즈 키즈카페]입니다.,https://search.naver.com/search.naver?where=nexearch&query=%EA%B2%BD%EA%B8%B0%20%EC%9D%B4%EC%B2%9C%EC%8B%9C%20%EC%95%84%EA%B8%B0%EB%9E%91%20%ED%82%A4%EC%A6%88%EC%B9%B4%ED%8E%98,family:1.0;baby:1.0;parking:1.0;nursing_room:1.0;이천시;아기랑 키즈카페,2026-08-22 20:34:25,toddler:1.0;indoor:0.9;play:1.0,2,85
네이버 장소검색 | 경기 이천시,사설키즈카페,바니풀,상시,영유아 및 어린이 (0세~9세),경기 이천시 바니풀,무료/유료 (플레이스 참조),경기 이천시에 위치한 인기 아기랑 키즈카페 명소인 [바니풀]입니다.,https://search.naver.com/search.naver?where=nexearch&query=%EA%B2%BD%EA%B8%B0%20%EC%9D%B4%EC%B2%9C%EC%8B%9C%20%EC%95%84%EA%B8%B0%EB%9E%91%20%ED%82%A4%EC%A6%88%EC%B9%B4%ED%8E%98,family:1.0;baby:1.0;parking:1.0;nursing_room:1.0;이천시;아기랑 키즈카페,2026-08-22 20:34:25,toddler:1.0;indoor:0.9;play:1.0,2,85
네이버 장소검색 | 경기 이천시,자연친화,십리골계곡,상시,영유아 및 어린이 (0세~9세),경기 이천시 십리골계곡,무료/유료 (플레이스 참조),경기 이천시에 위치한 인기 아기랑 계곡 명소인 [십리골계곡]입니다.,https://search.naver.com/search.naver?where=nexearch&query=%EA%B2%BD%EA%B8%B0%20%EC%9D%B4%EC%B2%9C%EC%8B%9C%20%EC%95%84%EA%B8%B0%EB%9E%91%20%EA%B3%84%EA%B3%A1,family:1.0;baby:1.0;parking:1.0;nursing_room:1.0;이천시;아기랑 계곡,2026-08-22 20:34:25,valley:1.0;nature:1.0;water:1.0,2,85
네이버 장소검색 | 경기 이천시,자연친화,이천아기,상시,영유아 및 어린이 (0세~9세),경기 이천시 이천아기,무료/유료 (플레이스 참조),경기 이천시에 위치한 인기 아기랑 수영장 명소인 [이천아기]입니다.,https://search.naver.com/search.naver?where=nexearch&query=%EA%B2%BD%EA%B8%B0%20%EC%9D%B4%EC%B2%9C%EC%8B%9C%20%EC%95%84%EA%B8%B0%EB%9E%91%20%EC%88%98%EC%98%81%EC%9E%A5,family:1.0;baby:1.0;parking:1.0;nursing_room:1.0;이천시;아기랑 수영장,2026-08-22 20:34:25,pool:1.0;water:1.0;outdoor:0.9,2,85
네이버 장소검색 | 경기 이천시,자연친화,헬로키즈풀 이천점수영장,상시,영유아 및 어린이 (0세~9세),경기 이천시 헬로키즈풀 이천점수영장,무료/유료 (플레이스 참조),경기 이천시에 위치한 인기 아기랑 수영장 명소인 [헬로키즈풀 이천점수영장]입니다.,https://search.naver.com/search.naver?where=nexearch&query=%EA%B2%BD%EA%B8%B0%20%EC%9D%B4%EC%B2%9C%EC%8B%9C%20%EC%95%84%EA%B8%B0%EB%9E%91%20%EC%88%98%EC%98%81%EC%9E%A5,family:1.0;baby:1.0;parking:1.0;nursing_room:1.0;이천시;아기랑 수영장,2026-08-22 20:34:25,pool:1.0;water:1.0;outdoor:0.9,2,85
네이버 장소검색 | 경기 이천시,자연친화,풀차일드키즈스윔수영장,상시,영유아 및 어린이 (0세~9세),경기 이천시 풀차일드키즈스윔수영장,무료/유료 (플레이스 참조),경기 이천시에 위치한 인기 아기랑 수영장 명소인 [풀차일드키즈스윔수영장]입니다.,https://search.naver.com/search.naver?where=nexearch&query=%EA%B2%BD%EA%B8%B0%20%EC%9D%B4%EC%B2%9C%EC%8B%9C%20%EC%95%84%EA%B8%B0%EB%9E%91%20%EC%88%98%EC%98%81%EC%9E%A5,family:1.0;baby:1.0;parking:1.0;nursing_room:1.0;이천시;아기랑 수영장,2026-08-22 20:34:25,pool:1.0;water:1.0;outdoor:0.9,2,85
네이버 장소검색 | 경기 이천시,자연친화,팀식스 아쿠아 이천점수영장,상시,영유아 및 어린이 (0세~9세),경기 이천시 팀식스 아쿠아 이천점수영장,무료/유료 (플레이스 참조),경기 이천시에 위치한 인기 아기랑 수영장 명소인 [팀식스 아쿠아 이천점수영장]입니다.,https://search.naver.com/search.naver?where=nexearch&query=%EA%B2%BD%EA%B8%B0%20%EC%9D%B4%EC%B2%9C%EC%8B%9C%20%EC%95%84%EA%B8%B0%EB%9E%91%20%EC%88%98%EC%98%81%EC%9E%A5,family:1.0;baby:1.0;parking:1.0;nursing_room:1.0;이천시;아기랑 수영장,2026-08-22 20:34:25,pool:1.0;water:1.0;outdoor:0.9,2,85
네이버 장소검색 | 경기 이천시,자연친화,해랑수영장,상시,영유아 및 어린이 (0세~9세),경기 이천시 해랑수영장,무료/유료 (플레이스 참조),경기 이천시에 위치한 인기 아기랑 수영장 명소인 [해랑수영장]입니다.,https://search.naver.com/search.naver?where=nexearch&query=%EA%B2%BD%EA%B8%B0%20%EC%9D%B4%EC%B2%9C%EC%8B%9C%20%EC%95%84%EA%B8%B0%EB%9E%91%20%EC%88%98%EC%98%81%EC%9E%A5,family:1.0;baby:1.0;parking:1.0;nursing_room:1.0;이천시;아기랑 수영장,2026-08-22 20:34:25,pool:1.0;water:1.0;outdoor:0.9,2,85
네이버 장소검색 | 경기 이천시,자연친화,이천농업공원,상시,영유아 및 어린이 (0세~9세),경기 이천시 이천농업공원,무료/유료 (플레이스 참조),경기 이천시에 위치한 인기 아기랑 수영장 명소인 [이천농업공원]입니다.,https://search.naver.com/search.naver?where=nexearch&query=%EA%B2%BD%EA%B8%B0%20%EC%9D%B4%EC%B2%9C%EC%8B%9C%20%EC%95%84%EA%B8%B0%EB%9E%91%20%EC%88%98%EC%98%81%EC%9E%A5,family:1.0;baby:1.0;parking:1.0;nursing_room:1.0;이천시;아기랑 수영장,2026-08-22 20:34:25,pool:1.0;water:1.0;outdoor:0.9,2,85
네이버 장소검색 | 경기 이천시,자연친화,"설봉공원도시,공원",상시,영유아 및 어린이 (0세~9세),"경기 이천시 설봉공원도시,공원",무료/유료 (플레이스 참조),"경기 이천시에 위치한 인기 아기랑 공원 명소인 [설봉공원도시,공원]입니다.",https://search.naver.com/search.naver?where=nexearch&query=%EA%B2%BD%EA%B8%B0%20%EC%9D%B4%EC%B2%9C%EC%8B%9C%20%EC%95%84%EA%B8%B0%EB%9E%91%20%EA%B3%B5%EC%9B%90,family:1.0;baby:1.0;parking:1.0;nursing_room:1.0;이천시;아기랑 공원,2026-08-22 20:34:25,park:1.0;picnic:1.0;nature:1.0,2,85
네이버 장소검색 | 경기 이천시,자연친화,이천 온천공원공원,상시,영유아 및 어린이 (0세~9세),경기 이천시 이천 온천공원공원,무료/유료 (플레이스 참조),경기 이천시에 위치한 인기 아기랑 공원 명소인 [이천 온천공원공원]입니다.,https://search.naver.com/search.naver?where=nexearch&query=%EA%B2%BD%EA%B8%B0%20%EC%9D%B4%EC%B2%9C%EC%8B%9C%20%EC%95%84%EA%B8%B0%EB%9E%91%20%EA%B3%B5%EC%9B%90,family:1.0;baby:1.0;parking:1.0;nursing_room:1.0;이천시;아기랑 공원,2026-08-22 20:34:25,park:1.0;picnic:1.0;nature:1.0,2,85
네이버 장소검색 | 경기 이천시,자연친화,이천 농업공원,상시,영유아 및 어린이 (0세~9세),경기 이천시 이천 농업공원,무료/유료 (플레이스 참조),경기 이천시에 위치한 인기 아기랑 공원 명소인 [이천 농업공원]입니다.,https://search.naver.com/search.naver?where=nexearch&query=%EA%B2%BD%EA%B8%B0%20%EC%9D%B4%EC%B2%9C%EC%8B%9C%20%EC%95%84%EA%B8%B0%EB%9E%91%20%EA%B3%B5%EC%9B%90,family:1.0;baby:1.0;parking:1.0;nursing_room:1.0;이천시;아기랑 공원,2026-08-22 20:34:25,park:1.0;picnic:1.0;nature:1.0,2,85
네이버 장소검색 | 경기 이천시,자연친화,민주화운동기념공원공원,상시,영유아 및 어린이 (0세~9세),경기 이천시 민주화운동기념공원공원,무료/유료 (플레이스 참조),경기 이천시에 위치한 인기 아기랑 공원 명소인 [민주화운동기념공원공원]입니다.,https://search.naver.com/search.naver?where=nexearch&query=%EA%B2%BD%EA%B8%B0%20%EC%9D%B4%EC%B2%9C%EC%8B%9C%20%EC%95%84%EA%B8%B0%EB%9E%91%20%EA%B3%B5%EC%9B%90,family:1.0;baby:1.0;parking:1.0;nursing_room:1.0;이천시;아기랑 공원,2026-08-22 20:34:25,park:1.0;picnic:1.0;nature:1.0,2,85
네이버 장소검색 | 경기 이천시,자연친화,마장공원,상시,영유아 및 어린이 (0세~9세),경기 이천시 마장공원,무료/유료 (플레이스 참조),경기 이천시에 위치한 인기 아기랑 공원 명소인 [마장공원]입니다.,https://search.naver.com/search.naver?where=nexearch&query=%EA%B2%BD%EA%B8%B0%20%EC%9D%B4%EC%B2%9C%EC%8B%9C%20%EC%95%84%EA%B8%B0%EB%9E%91%20%EA%B3%B5%EC%9B%90,family:1.0;baby:1.0;parking:1.0;nursing_room:1.0;이천시;아기랑 공원,2026-08-22 20:34:25,park:1.0;picnic:1.0;nature:1.0,2,85
네이버 장소검색 | 경기 이천시,자연친화,진암공원공원,상시,영유아 및 어린이 (0세~9세),경기 이천시 진암공원공원,무료/유료 (플레이스 참조),경기 이천시에 위치한 인기 아기랑 공원 명소인 [진암공원공원]입니다.,https://search.naver.com/search.naver?where=nexearch&query=%EA%B2%BD%EA%B8%B0%20%EC%9D%B4%EC%B2%9C%EC%8B%9C%20%EC%95%84%EA%B8%B0%EB%9E%91%20%EA%B3%B5%EC%9B%90,family:1.0;baby:1.0;parking:1.0;nursing_room:1.0;이천시;아기랑 공원,2026-08-22 20:34:25,park:1.0;picnic:1.0;nature:1.0,2,85
네이버 장소검색 | 경기 이천시,자연친화,한쪽으로는키즈공원,상시,영유아 및 어린이 (0세~9세),경기 이천시 한쪽으로는키즈공원,무료/유료 (플레이스 참조),경기 이천시에 위치한 인기 아기랑 공원 명소인 [한쪽으로는키즈공원]입니다.,https://search.naver.com/search.naver?where=nexearch&query=%EA%B2%BD%EA%B8%B0%20%EC%9D%B4%EC%B2%9C%EC%8B%9C%20%EC%95%84%EA%B8%B0%EB%9E%91%20%EA%B3%B5%EC%9B%90,family:1.0;baby:1.0;parking:1.0;nursing_room:1.0;이천시;아기랑 공원,2026-08-22 20:34:25,park:1.0;picnic:1.0;nature:1.0,2,85
네이버 장소검색 | 경기 이천시,가족체험,오비맥주(,상시,영유아 및 어린이 (0세~9세),경기 이천시 오비맥주(,무료/유료 (플레이스 참조),경기 이천시에 위치한 인기 아기랑 농장체험 명소인 [오비맥주(]입니다.,https://search.naver.com/search.naver?where=nexearch&query=%EA%B2%BD%EA%B8%B0%20%EC%9D%B4%EC%B2%9C%EC%8B%9C%20%EC%95%84%EA%B8%B0%EB%9E%91%20%EB%86%8D%EC%9E%A5%EC%B2%B4%ED%97%98,family:1.0;baby:1.0;parking:1.0;nursing_room:1.0;이천시;아기랑 농장체험,2026-08-22 20:34:25,farm:1.0;animal:1.0;experience:1.0,2,85
네이버 장소검색 | 경기 오산시,사설키즈카페,아케이드엑스 오산동탄점,상시,영유아 및 어린이 (0세~9세),경기 오산시 아케이드엑스 오산동탄점,무료/유료 (플레이스 참조),경기 오산시에 위치한 인기 아기랑 키즈카페 명소인 [아케이드엑스 오산동탄점]입니다.,https://search.naver.com/search.naver?where=nexearch&query=%EA%B2%BD%EA%B8%B0%20%EC%98%A4%EC%82%B0%EC%8B%9C%20%EC%95%84%EA%B8%B0%EB%9E%91%20%ED%82%A4%EC%A6%88%EC%B9%B4%ED%8E%98,family:1.0;baby:1.0;parking:1.0;nursing_room:1.0;오산시;아기랑 키즈카페,2026-08-22 20:34:25,toddler:1.0;indoor:0.9;play:1.0,2,85
네이버 장소검색 | 경기 오산시,사설키즈카페,뽀로로파크 오산중앙점,상시,영유아 및 어린이 (0세~9세),경기 오산시 뽀로로파크 오산중앙점,무료/유료 (플레이스 참조),경기 오산시에 위치한 인기 아기랑 키즈카페 명소인 [뽀로로파크 오산중앙점]입니다.,https://search.naver.com/search.naver?where=nexearch&query=%EA%B2%BD%EA%B8%B0%20%EC%98%A4%EC%82%B0%EC%8B%9C%20%EC%95%84%EA%B8%B0%EB%9E%91%20%ED%82%A4%EC%A6%88%EC%B9%B4%ED%8E%98,family:1.0;baby:1.0;parking:1.0;nursing_room:1.0;오산시;아기랑 키즈카페,2026-08-22 20:34:25,toddler:1.0;indoor:0.9;play:1.0,2,85
네이버 장소검색 | 경기 오산시,사설키즈카페,블럭팡 오산세교점,상시,영유아 및 어린이 (0세~9세),경기 오산시 블럭팡 오산세교점,무료/유료 (플레이스 참조),경기 오산시에 위치한 인기 아기랑 키즈카페 명소인 [블럭팡 오산세교점]입니다.,https://search.naver.com/search.naver?where=nexearch&query=%EA%B2%BD%EA%B8%B0%20%EC%98%A4%EC%82%B0%EC%8B%9C%20%EC%95%84%EA%B8%B0%EB%9E%91%20%ED%82%A4%EC%A6%88%EC%B9%B4%ED%8E%98,family:1.0;baby:1.0;parking:1.0;nursing_room:1.0;오산시;아기랑 키즈카페,2026-08-22 20:34:25,toddler:1.0;indoor:0.9;play:1.0,2,85
네이버 장소검색 | 경기 오산시,사설키즈카페,노리파크 원동점,상시,영유아 및 어린이 (0세~9세),경기 오산시 노리파크 원동점,무료/유료 (플레이스 참조),경기 오산시에 위치한 인기 아기랑 키즈카페 명소인 [노리파크 원동점]입니다.,https://search.naver.com/search.naver?where=nexearch&query=%EA%B2%BD%EA%B8%B0%20%EC%98%A4%EC%82%B0%EC%8B%9C%20%EC%95%84%EA%B8%B0%EB%9E%91%20%ED%82%A4%EC%A6%88%EC%B9%B4%ED%8E%98,family:1.0;baby:1.0;parking:1.0;nursing_room:1.0;오산시;아기랑 키즈카페,2026-08-22 20:34:25,toddler:1.0;indoor:0.9;play:1.0,2,85
네이버 장소검색 | 경기 오산시,사설키즈카페,원더빌키즈카페 오산점,상시,영유아 및 어린이 (0세~9세),경기 오산시 원더빌키즈카페 오산점,무료/유료 (플레이스 참조),경기 오산시에 위치한 인기 아기랑 키즈카페 명소인 [원더빌키즈카페 오산점]입니다.,https://search.naver.com/search.naver?where=nexearch&query=%EA%B2%BD%EA%B8%B0%20%EC%98%A4%EC%82%B0%EC%8B%9C%20%EC%95%84%EA%B8%B0%EB%9E%91%20%ED%82%A4%EC%A6%88%EC%B9%B4%ED%8E%98,family:1.0;baby:1.0;parking:1.0;nursing_room:1.0;오산시;아기랑 키즈카페,2026-08-22 20:34:25,toddler:1.0;indoor:0.9;play:1.0,2,85
네이버 장소검색 | 경기 오산시,사설키즈카페,바운스테마파크,상시,영유아 및 어린이 (0세~9세),경기 오산시 바운스테마파크,무료/유료 (플레이스 참조),경기 오산시에 위치한 인기 아기랑 키즈카페 명소인 [바운스테마파크]입니다.,https://search.naver.com/search.naver?where=nexearch&query=%EA%B2%BD%EA%B8%B0%20%EC%98%A4%EC%82%B0%EC%8B%9C%20%EC%95%84%EA%B8%B0%EB%9E%91%20%ED%82%A4%EC%A6%88%EC%B9%B4%ED%8E%98,family:1.0;baby:1.0;parking:1.0;nursing_room:1.0;오산시;아기랑 키즈카페,2026-08-22 20:34:25,toddler:1.0;indoor:0.9;play:1.0,2,85
네이버 장소검색 | 경기 오산시,사설키즈카페,경기도오산시,상시,영유아 및 어린이 (0세~9세),경기 오산시 경기도오산시,무료/유료 (플레이스 참조),경기 오산시에 위치한 인기 아기랑 키즈카페 명소인 [경기도오산시]입니다.,https://search.naver.com/search.naver?where=nexearch&query=%EA%B2%BD%EA%B8%B0%20%EC%98%A4%EC%82%B0%EC%8B%9C%20%EC%95%84%EA%B8%B0%EB%9E%91%20%ED%82%A4%EC%A6%88%EC%B9%B4%ED%8E%98,family:1.0;baby:1.0;parking:1.0;nursing_room:1.0;오산시;아기랑 키즈카페,2026-08-22 20:34:25,toddler:1.0;indoor:0.9;play:1.0,2,85
네이버 장소검색 | 경기 오산시,자연친화,블루오션수영장,상시,영유아 및 어린이 (0세~9세),경기 오산시 블루오션수영장,무료/유료 (플레이스 참조),경기 오산시에 위치한 인기 아기랑 수영장 명소인 [블루오션수영장]입니다.,https://search.naver.com/search.naver?where=nexearch&query=%EA%B2%BD%EA%B8%B0%20%EC%98%A4%EC%82%B0%EC%8B%9C%20%EC%95%84%EA%B8%B0%EB%9E%91%20%EC%88%98%EC%98%81%EC%9E%A5,family:1.0;baby:1.0;parking:1.0;nursing_room:1.0;오산시;아기랑 수영장,2026-08-22 20:34:25,pool:1.0;water:1.0;outdoor:0.9,2,85
네이버 장소검색 | 경기 오산시,자연친화,세교복지타운 수영장,상시,영유아 및 어린이 (0세~9세),경기 오산시 세교복지타운 수영장,무료/유료 (플레이스 참조),경기 오산시에 위치한 인기 아기랑 수영장 명소인 [세교복지타운 수영장]입니다.,https://search.naver.com/search.naver?where=nexearch&query=%EA%B2%BD%EA%B8%B0%20%EC%98%A4%EC%82%B0%EC%8B%9C%20%EC%95%84%EA%B8%B0%EB%9E%91%20%EC%88%98%EC%98%81%EC%9E%A5,family:1.0;baby:1.0;parking:1.0;nursing_room:1.0;오산시;아기랑 수영장,2026-08-22 20:34:25,pool:1.0;water:1.0;outdoor:0.9,2,85
네이버 장소검색 | 경기 오산시,자연친화,마중숲공원 물놀이장수영장,상시,영유아 및 어린이 (0세~9세),경기 오산시 마중숲공원 물놀이장수영장,무료/유료 (플레이스 참조),경기 오산시에 위치한 인기 아기랑 수영장 명소인 [마중숲공원 물놀이장수영장]입니다.,https://search.naver.com/search.naver?where=nexearch&query=%EA%B2%BD%EA%B8%B0%20%EC%98%A4%EC%82%B0%EC%8B%9C%20%EC%95%84%EA%B8%B0%EB%9E%91%20%EC%88%98%EC%98%81%EC%9E%A5,family:1.0;baby:1.0;parking:1.0;nursing_room:1.0;오산시;아기랑 수영장,2026-08-22 20:34:25,pool:1.0;water:1.0;outdoor:0.9,2,85
네이버 장소검색 | 경기 오산시,자연친화,위풀수영장,상시,영유아 및 어린이 (0세~9세),경기 오산시 위풀수영장,무료/유료 (플레이스 참조),경기 오산시에 위치한 인기 아기랑 수영장 명소인 [위풀수영장]입니다.,https://search.naver.com/search.naver?where=nexearch&query=%EA%B2%BD%EA%B8%B0%20%EC%98%A4%EC%82%B0%EC%8B%9C%20%EC%95%84%EA%B8%B0%EB%9E%91%20%EC%88%98%EC%98%81%EC%9E%A5,family:1.0;baby:1.0;parking:1.0;nursing_room:1.0;오산시;아기랑 수영장,2026-08-22 20:34:25,pool:1.0;water:1.0;outdoor:0.9,2,85
네이버 장소검색 | 경기 오산시,자연친화,드림스포츠팩토리 어린이수영장,상시,영유아 및 어린이 (0세~9세),경기 오산시 드림스포츠팩토리 어린이수영장,무료/유료 (플레이스 참조),경기 오산시에 위치한 인기 아기랑 수영장 명소인 [드림스포츠팩토리 어린이수영장]입니다.,https://search.naver.com/search.naver?where=nexearch&query=%EA%B2%BD%EA%B8%B0%20%EC%98%A4%EC%82%B0%EC%8B%9C%20%EC%95%84%EA%B8%B0%EB%9E%91%20%EC%88%98%EC%98%81%EC%9E%A5,family:1.0;baby:1.0;parking:1.0;nursing_room:1.0;오산시;아기랑 수영장,2026-08-22 20:34:25,pool:1.0;water:1.0;outdoor:0.9,2,85
네이버 장소검색 | 경기 오산시,자연친화,오산 맑음터공원 물놀이장수영장,상시,영유아 및 어린이 (0세~9세),경기 오산시 오산 맑음터공원 물놀이장수영장,무료/유료 (플레이스 참조),경기 오산시에 위치한 인기 아기랑 수영장 명소인 [오산 맑음터공원 물놀이장수영장]입니다.,https://search.naver.com/search.naver?where=nexearch&query=%EA%B2%BD%EA%B8%B0%20%EC%98%A4%EC%82%B0%EC%8B%9C%20%EC%95%84%EA%B8%B0%EB%9E%91%20%EC%88%98%EC%98%81%EC%9E%A5,family:1.0;baby:1.0;parking:1.0;nursing_room:1.0;오산시;아기랑 수영장,2026-08-22 20:34:25,pool:1.0;water:1.0;outdoor:0.9,2,85
네이버 장소검색 | 경기 오산시,자연친화,사업자등록증 및 기타 서류 ;오산세교 지역의,상시,영유아 및 어린이 (0세~9세),경기 오산시 사업자등록증 및 기타 서류 ;오산세교 지역의,무료/유료 (플레이스 참조),경기 오산시에 위치한 인기 아기랑 수영장 명소인 [사업자등록증 및 기타 서류 ;오산세교 지역의]입니다.,https://search.naver.com/search.naver?where=nexearch&query=%EA%B2%BD%EA%B8%B0%20%EC%98%A4%EC%82%B0%EC%8B%9C%20%EC%95%84%EA%B8%B0%EB%9E%91%20%EC%88%98%EC%98%81%EC%9E%A5,family:1.0;baby:1.0;parking:1.0;nursing_room:1.0;오산시;아기랑 수영장,2026-08-22 20:34:25,pool:1.0;water:1.0;outdoor:0.9,2,85
네이버 장소검색 | 경기 오산시,자연친화,고인돌공원공원,상시,영유아 및 어린이 (0세~9세),경기 오산시 고인돌공원공원,무료/유료 (플레이스 참조),경기 오산시에 위치한 인기 아기랑 공원 명소인 [고인돌공원공원]입니다.,https://search.naver.com/search.naver?where=nexearch&query=%EA%B2%BD%EA%B8%B0%20%EC%98%A4%EC%82%B0%EC%8B%9C%20%EC%95%84%EA%B8%B0%EB%9E%91%20%EA%B3%B5%EC%9B%90,family:1.0;baby:1.0;parking:1.0;nursing_room:1.0;오산시;아기랑 공원,2026-08-22 20:34:25,park:1.0;picnic:1.0;nature:1.0,2,85
네이버 장소검색 | 경기 오산시,자연친화,오산 맑음터공원공원,상시,영유아 및 어린이 (0세~9세),경기 오산시 오산 맑음터공원공원,무료/유료 (플레이스 참조),경기 오산시에 위치한 인기 아기랑 공원 명소인 [오산 맑음터공원공원]입니다.,https://search.naver.com/search.naver?where=nexearch&query=%EA%B2%BD%EA%B8%B0%20%EC%98%A4%EC%82%B0%EC%8B%9C%20%EC%95%84%EA%B8%B0%EB%9E%91%20%EA%B3%B5%EC%9B%90,family:1.0;baby:1.0;parking:1.0;nursing_room:1.0;오산시;아기랑 공원,2026-08-22 20:34:25,park:1.0;picnic:1.0;nature:1.0,2,85
네이버 장소검색 | 경기 오산시,자연친화,죽미공원공원,상시,영유아 및 어린이 (0세~9세),경기 오산시 죽미공원공원,무료/유료 (플레이스 참조),경기 오산시에 위치한 인기 아기랑 공원 명소인 [죽미공원공원]입니다.,https://search.naver.com/search.naver?where=nexearch&query=%EA%B2%BD%EA%B8%B0%20%EC%98%A4%EC%82%B0%EC%8B%9C%20%EC%95%84%EA%B8%B0%EB%9E%91%20%EA%B3%B5%EC%9B%90,family:1.0;baby:1.0;parking:1.0;nursing_room:1.0;오산시;아기랑 공원,2026-08-22 20:34:25,park:1.0;picnic:1.0;nature:1.0,2,85
네이버 장소검색 | 경기 오산시,자연친화,수청공원공원,상시,영유아 및 어린이 (0세~9세),경기 오산시 수청공원공원,무료/유료 (플레이스 참조),경기 오산시에 위치한 인기 아기랑 공원 명소인 [수청공원공원]입니다.,https://search.naver.com/search.naver?where=nexearch&query=%EA%B2%BD%EA%B8%B0%20%EC%98%A4%EC%82%B0%EC%8B%9C%20%EC%95%84%EA%B8%B0%EB%9E%91%20%EA%B3%B5%EC%9B%90,family:1.0;baby:1.0;parking:1.0;nursing_room:1.0;오산시;아기랑 공원,2026-08-22 20:34:25,park:1.0;picnic:1.0;nature:1.0,2,85
네이버 장소검색 | 경기 오산시,자연친화,달빛호수공원공원,상시,영유아 및 어린이 (0세~9세),경기 오산시 달빛호수공원공원,무료/유료 (플레이스 참조),경기 오산시에 위치한 인기 아기랑 공원 명소인 [달빛호수공원공원]입니다.,https://search.naver.com/search.naver?where=nexearch&query=%EA%B2%BD%EA%B8%B0%20%EC%98%A4%EC%82%B0%EC%8B%9C%20%EC%95%84%EA%B8%B0%EB%9E%91%20%EA%B3%B5%EC%9B%90,family:1.0;baby:1.0;parking:1.0;nursing_room:1.0;오산시;아기랑 공원,2026-08-22 20:34:25,park:1.0;picnic:1.0;nature:1.0,2,85
네이버 장소검색 | 경기 오산시,자연친화,오산공원,상시,영유아 및 어린이 (0세~9세),경기 오산시 오산공원,무료/유료 (플레이스 참조),경기 오산시에 위치한 인기 아기랑 공원 명소인 [오산공원]입니다.,https://search.naver.com/search.naver?where=nexearch&query=%EA%B2%BD%EA%B8%B0%20%EC%98%A4%EC%82%B0%EC%8B%9C%20%EC%95%84%EA%B8%B0%EB%9E%91%20%EA%B3%B5%EC%9B%90,family:1.0;baby:1.0;parking:1.0;nursing_room:1.0;오산시;아기랑 공원,2026-08-22 20:34:25,park:1.0;picnic:1.0;nature:1.0,2,85
네이버 장소검색 | 경기 하남시,사설키즈카페,토리마루 미사,상시,영유아 및 어린이 (0세~9세),경기 하남시 토리마루 미사,무료/유료 (플레이스 참조),경기 하남시에 위치한 인기 아기랑 키즈카페 명소인 [토리마루 미사]입니다.,https://search.naver.com/search.naver?where=nexearch&query=%EA%B2%BD%EA%B8%B0%20%ED%95%98%EB%82%A8%EC%8B%9C%20%EC%95%84%EA%B8%B0%EB%9E%91%20%ED%82%A4%EC%A6%88%EC%B9%B4%ED%8E%98,family:1.0;baby:1.0;parking:1.0;nursing_room:1.0;하남시;아기랑 키즈카페,2026-08-22 20:34:25,toddler:1.0;indoor:0.9;play:1.0,2,85
네이버 장소검색 | 경기 하남시,사설키즈카페,째깍섬 키즈클래스 하남점,상시,영유아 및 어린이 (0세~9세),경기 하남시 째깍섬 키즈클래스 하남점,무료/유료 (플레이스 참조),경기 하남시에 위치한 인기 아기랑 키즈카페 명소인 [째깍섬 키즈클래스 하남점]입니다.,https://search.naver.com/search.naver?where=nexearch&query=%EA%B2%BD%EA%B8%B0%20%ED%95%98%EB%82%A8%EC%8B%9C%20%EC%95%84%EA%B8%B0%EB%9E%91%20%ED%82%A4%EC%A6%88%EC%B9%B4%ED%8E%98,family:1.0;baby:1.0;parking:1.0;nursing_room:1.0;하남시;아기랑 키즈카페,2026-08-22 20:34:25,toddler:1.0;indoor:0.9;play:1.0,2,85
네이버 장소검색 | 경기 하남시,사설키즈카페,챔피언더블랙벨트 스타필드 하남점,상시,영유아 및 어린이 (0세~9세),경기 하남시 챔피언더블랙벨트 스타필드 하남점,무료/유료 (플레이스 참조),경기 하남시에 위치한 인기 아기랑 키즈카페 명소인 [챔피언더블랙벨트 스타필드 하남점]입니다.,https://search.naver.com/search.naver?where=nexearch&query=%EA%B2%BD%EA%B8%B0%20%ED%95%98%EB%82%A8%EC%8B%9C%20%EC%95%84%EA%B8%B0%EB%9E%91%20%ED%82%A4%EC%A6%88%EC%B9%B4%ED%8E%98,family:1.0;baby:1.0;parking:1.0;nursing_room:1.0;하남시;아기랑 키즈카페,2026-08-22 20:34:25,toddler:1.0;indoor:0.9;play:1.0,2,85
네이버 장소검색 | 경기 하남시,사설키즈카페,점핑파크 미사점,상시,영유아 및 어린이 (0세~9세),경기 하남시 점핑파크 미사점,무료/유료 (플레이스 참조),경기 하남시에 위치한 인기 아기랑 키즈카페 명소인 [점핑파크 미사점]입니다.,https://search.naver.com/search.naver?where=nexearch&query=%EA%B2%BD%EA%B8%B0%20%ED%95%98%EB%82%A8%EC%8B%9C%20%EC%95%84%EA%B8%B0%EB%9E%91%20%ED%82%A4%EC%A6%88%EC%B9%B4%ED%8E%98,family:1.0;baby:1.0;parking:1.0;nursing_room:1.0;하남시;아기랑 키즈카페,2026-08-22 20:34:25,toddler:1.0;indoor:0.9;play:1.0,2,85
네이버 장소검색 | 경기 하남시,사설키즈카페,바운스 슈퍼파크 하남센터,상시,영유아 및 어린이 (0세~9세),경기 하남시 바운스 슈퍼파크 하남센터,무료/유료 (플레이스 참조),경기 하남시에 위치한 인기 아기랑 키즈카페 명소인 [바운스 슈퍼파크 하남센터]입니다.,https://search.naver.com/search.naver?where=nexearch&query=%EA%B2%BD%EA%B8%B0%20%ED%95%98%EB%82%A8%EC%8B%9C%20%EC%95%84%EA%B8%B0%EB%9E%91%20%ED%82%A4%EC%A6%88%EC%B9%B4%ED%8E%98,family:1.0;baby:1.0;parking:1.0;nursing_room:1.0;하남시;아기랑 키즈카페,2026-08-22 20:34:25,toddler:1.0;indoor:0.9;play:1.0,2,85
네이버 장소검색 | 경기 하남시,사설키즈카페,고마워토토 미사신도시점,상시,영유아 및 어린이 (0세~9세),경기 하남시 고마워토토 미사신도시점,무료/유료 (플레이스 참조),경기 하남시에 위치한 인기 아기랑 키즈카페 명소인 [고마워토토 미사신도시점]입니다.,https://search.naver.com/search.naver?where=nexearch&query=%EA%B2%BD%EA%B8%B0%20%ED%95%98%EB%82%A8%EC%8B%9C%20%EC%95%84%EA%B8%B0%EB%9E%91%20%ED%82%A4%EC%A6%88%EC%B9%B4%ED%8E%98,family:1.0;baby:1.0;parking:1.0;nursing_room:1.0;하남시;아기랑 키즈카페,2026-08-22 20:34:25,toddler:1.0;indoor:0.9;play:1.0,2,85
네이버 장소검색 | 경기 하남시,사설키즈카페,경기도 남양주시,상시,영유아 및 어린이 (0세~9세),경기 하남시 경기도 남양주시,무료/유료 (플레이스 참조),경기 하남시에 위치한 인기 아기랑 키즈카페 명소인 [경기도 남양주시]입니다.,https://search.naver.com/search.naver?where=nexearch&query=%EA%B2%BD%EA%B8%B0%20%ED%95%98%EB%82%A8%EC%8B%9C%20%EC%95%84%EA%B8%B0%EB%9E%91%20%ED%82%A4%EC%A6%88%EC%B9%B4%ED%8E%98,family:1.0;baby:1.0;parking:1.0;nursing_room:1.0;하남시;아기랑 키즈카페,2026-08-22 20:34:25,toddler:1.0;indoor:0.9;play:1.0,2,85
네이버 장소검색 | 경기 하남시,자연친화,경기도하남애견동반계곡백숙 [물레방아] 찐,상시,영유아 및 어린이 (0세~9세),경기 하남시 경기도하남애견동반계곡백숙 [물레방아] 찐,무료/유료 (플레이스 참조),경기 하남시에 위치한 인기 아기랑 계곡 명소인 [경기도하남애견동반계곡백숙 [물레방아] 찐]입니다.,https://search.naver.com/search.naver?where=nexearch&query=%EA%B2%BD%EA%B8%B0%20%ED%95%98%EB%82%A8%EC%8B%9C%20%EC%95%84%EA%B8%B0%EB%9E%91%20%EA%B3%84%EA%B3%A1,family:1.0;baby:1.0;parking:1.0;nursing_room:1.0;하남시;아기랑 계곡,2026-08-22 20:34:25,valley:1.0;nature:1.0;water:1.0,2,85
네이버 장소검색 | 경기 하남시,자연친화,날씨가 더워서 두돌아기랑놀러갈 곳 찾다가 다녀온 곳,상시,영유아 및 어린이 (0세~9세),경기 하남시 날씨가 더워서 두돌아기랑놀러갈 곳 찾다가 다녀온 곳,무료/유료 (플레이스 참조),경기 하남시에 위치한 인기 아기랑 계곡 명소인 [날씨가 더워서 두돌아기랑놀러갈 곳 찾다가 다녀온 곳]입니다.,https://search.naver.com/search.naver?where=nexearch&query=%EA%B2%BD%EA%B8%B0%20%ED%95%98%EB%82%A8%EC%8B%9C%20%EC%95%84%EA%B8%B0%EB%9E%91%20%EA%B3%84%EA%B3%A1,family:1.0;baby:1.0;parking:1.0;nursing_room:1.0;하남시;아기랑 계곡,2026-08-22 20:34:25,valley:1.0;nature:1.0;water:1.0,2,85
네이버 장소검색 | 경기 하남시,자연친화,아이콕스 어린이수영장,상시,영유아 및 어린이 (0세~9세),경기 하남시 아이콕스 어린이수영장,무료/유료 (플레이스 참조),경기 하남시에 위치한 인기 아기랑 수영장 명소인 [아이콕스 어린이수영장]입니다.,https://search.naver.com/search.naver?where=nexearch&query=%EA%B2%BD%EA%B8%B0%20%ED%95%98%EB%82%A8%EC%8B%9C%20%EC%95%84%EA%B8%B0%EB%9E%91%20%EC%88%98%EC%98%81%EC%9E%A5,family:1.0;baby:1.0;parking:1.0;nursing_room:1.0;하남시;아기랑 수영장,2026-08-22 20:34:25,pool:1.0;water:1.0;outdoor:0.9,2,85
네이버 장소검색 | 경기 하남시,자연친화,조이앤풀 하남수영장,상시,영유아 및 어린이 (0세~9세),경기 하남시 조이앤풀 하남수영장,무료/유료 (플레이스 참조),경기 하남시에 위치한 인기 아기랑 수영장 명소인 [조이앤풀 하남수영장]입니다.,https://search.naver.com/search.naver?where=nexearch&query=%EA%B2%BD%EA%B8%B0%20%ED%95%98%EB%82%A8%EC%8B%9C%20%EC%95%84%EA%B8%B0%EB%9E%91%20%EC%88%98%EC%98%81%EC%9E%A5,family:1.0;baby:1.0;parking:1.0;nursing_room:1.0;하남시;아기랑 수영장,2026-08-22 20:34:25,pool:1.0;water:1.0;outdoor:0.9,2,85
네이버 장소검색 | 경기 하남시,자연친화,아쿠아발란스수영장,상시,영유아 및 어린이 (0세~9세),경기 하남시 아쿠아발란스수영장,무료/유료 (플레이스 참조),경기 하남시에 위치한 인기 아기랑 수영장 명소인 [아쿠아발란스수영장]입니다.,https://search.naver.com/search.naver?where=nexearch&query=%EA%B2%BD%EA%B8%B0%20%ED%95%98%EB%82%A8%EC%8B%9C%20%EC%95%84%EA%B8%B0%EB%9E%91%20%EC%88%98%EC%98%81%EC%9E%A5,family:1.0;baby:1.0;parking:1.0;nursing_room:1.0;하남시;아기랑 수영장,2026-08-22 20:34:25,pool:1.0;water:1.0;outdoor:0.9,2,85
네이버 장소검색 | 경기 하남시,자연친화,오션차일드 미사센터수영장,상시,영유아 및 어린이 (0세~9세),경기 하남시 오션차일드 미사센터수영장,무료/유료 (플레이스 참조),경기 하남시에 위치한 인기 아기랑 수영장 명소인 [오션차일드 미사센터수영장]입니다.,https://search.naver.com/search.naver?where=nexearch&query=%EA%B2%BD%EA%B8%B0%20%ED%95%98%EB%82%A8%EC%8B%9C%20%EC%95%84%EA%B8%B0%EB%9E%91%20%EC%88%98%EC%98%81%EC%9E%A5,family:1.0;baby:1.0;parking:1.0;nursing_room:1.0;하남시;아기랑 수영장,2026-08-22 20:34:25,pool:1.0;water:1.0;outdoor:0.9,2,85
네이버 장소검색 | 경기 하남시,자연친화,더피앤피 감일지점수영장,상시,영유아 및 어린이 (0세~9세),경기 하남시 더피앤피 감일지점수영장,무료/유료 (플레이스 참조),경기 하남시에 위치한 인기 아기랑 수영장 명소인 [더피앤피 감일지점수영장]입니다.,https://search.naver.com/search.naver?where=nexearch&query=%EA%B2%BD%EA%B8%B0%20%ED%95%98%EB%82%A8%EC%8B%9C%20%EC%95%84%EA%B8%B0%EB%9E%91%20%EC%88%98%EC%98%81%EC%9E%A5,family:1.0;baby:1.0;parking:1.0;nursing_room:1.0;하남시;아기랑 수영장,2026-08-22 20:34:25,pool:1.0;water:1.0;outdoor:0.9,2,85
네이버 장소검색 | 경기 하남시,자연친화,[하남스타필드] 아쿠아필드하남,상시,영유아 및 어린이 (0세~9세),경기 하남시 [하남스타필드] 아쿠아필드하남,무료/유료 (플레이스 참조),경기 하남시에 위치한 인기 아기랑 수영장 명소인 [[하남스타필드] 아쿠아필드하남]입니다.,https://search.naver.com/search.naver?where=nexearch&query=%EA%B2%BD%EA%B8%B0%20%ED%95%98%EB%82%A8%EC%8B%9C%20%EC%95%84%EA%B8%B0%EB%9E%91%20%EC%88%98%EC%98%81%EC%9E%A5,family:1.0;baby:1.0;parking:1.0;nursing_room:1.0;하남시;아기랑 수영장,2026-08-22 20:34:25,pool:1.0;water:1.0;outdoor:0.9,2,85
네이버 장소검색 | 경기 하남시,자연친화,하남시가수영장과,상시,영유아 및 어린이 (0세~9세),경기 하남시 하남시가수영장과,무료/유료 (플레이스 참조),경기 하남시에 위치한 인기 아기랑 수영장 명소인 [하남시가수영장과]입니다.,https://search.naver.com/search.naver?where=nexearch&query=%EA%B2%BD%EA%B8%B0%20%ED%95%98%EB%82%A8%EC%8B%9C%20%EC%95%84%EA%B8%B0%EB%9E%91%20%EC%88%98%EC%98%81%EC%9E%A5,family:1.0;baby:1.0;parking:1.0;nursing_room:1.0;하남시;아기랑 수영장,2026-08-22 20:34:25,pool:1.0;water:1.0;outdoor:0.9,2,85
네이버 장소검색 | 경기 하남시,자연친화,미사호수공원공원,상시,영유아 및 어린이 (0세~9세),경기 하남시 미사호수공원공원,무료/유료 (플레이스 참조),경기 하남시에 위치한 인기 아기랑 공원 명소인 [미사호수공원공원]입니다.,https://search.naver.com/search.naver?where=nexearch&query=%EA%B2%BD%EA%B8%B0%20%ED%95%98%EB%82%A8%EC%8B%9C%20%EC%95%84%EA%B8%B0%EB%9E%91%20%EA%B3%B5%EC%9B%90,family:1.0;baby:1.0;parking:1.0;nursing_room:1.0;하남시;아기랑 공원,2026-08-22 20:34:25,park:1.0;picnic:1.0;nature:1.0,2,85
네이버 장소검색 | 경기 하남시,자연친화,미사숲공원공원,상시,영유아 및 어린이 (0세~9세),경기 하남시 미사숲공원공원,무료/유료 (플레이스 참조),경기 하남시에 위치한 인기 아기랑 공원 명소인 [미사숲공원공원]입니다.,https://search.naver.com/search.naver?where=nexearch&query=%EA%B2%BD%EA%B8%B0%20%ED%95%98%EB%82%A8%EC%8B%9C%20%EC%95%84%EA%B8%B0%EB%9E%91%20%EA%B3%B5%EC%9B%90,family:1.0;baby:1.0;parking:1.0;nursing_room:1.0;하남시;아기랑 공원,2026-08-22 20:34:25,park:1.0;picnic:1.0;nature:1.0,2,85
네이버 장소검색 | 경기 하남시,자연친화,하남 나무고아원공원,상시,영유아 및 어린이 (0세~9세),경기 하남시 하남 나무고아원공원,무료/유료 (플레이스 참조),경기 하남시에 위치한 인기 아기랑 공원 명소인 [하남 나무고아원공원]입니다.,https://search.naver.com/search.naver?where=nexearch&query=%EA%B2%BD%EA%B8%B0%20%ED%95%98%EB%82%A8%EC%8B%9C%20%EC%95%84%EA%B8%B0%EB%9E%91%20%EA%B3%B5%EC%9B%90,family:1.0;baby:1.0;parking:1.0;nursing_room:1.0;하남시;아기랑 공원,2026-08-22 20:34:25,park:1.0;picnic:1.0;nature:1.0,2,85
네이버 장소검색 | 경기 하남시,자연친화,위례순라공원공원,상시,영유아 및 어린이 (0세~9세),경기 하남시 위례순라공원공원,무료/유료 (플레이스 참조),경기 하남시에 위치한 인기 아기랑 공원 명소인 [위례순라공원공원]입니다.,https://search.naver.com/search.naver?where=nexearch&query=%EA%B2%BD%EA%B8%B0%20%ED%95%98%EB%82%A8%EC%8B%9C%20%EC%95%84%EA%B8%B0%EB%9E%91%20%EA%B3%B5%EC%9B%90,family:1.0;baby:1.0;parking:1.0;nursing_room:1.0;하남시;아기랑 공원,2026-08-22 20:34:25,park:1.0;picnic:1.0;nature:1.0,2,85
네이버 장소검색 | 경기 하남시,자연친화,유니온파크공원,상시,영유아 및 어린이 (0세~9세),경기 하남시 유니온파크공원,무료/유료 (플레이스 참조),경기 하남시에 위치한 인기 아기랑 공원 명소인 [유니온파크공원]입니다.,https://search.naver.com/search.naver?where=nexearch&query=%EA%B2%BD%EA%B8%B0%20%ED%95%98%EB%82%A8%EC%8B%9C%20%EC%95%84%EA%B8%B0%EB%9E%91%20%EA%B3%B5%EC%9B%90,family:1.0;baby:1.0;parking:1.0;nursing_room:1.0;하남시;아기랑 공원,2026-08-22 20:34:25,park:1.0;picnic:1.0;nature:1.0,2,85
네이버 장소검색 | 경기 하남시,자연친화,"미사한강공원4호자연,생태공원",상시,영유아 및 어린이 (0세~9세),"경기 하남시 미사한강공원4호자연,생태공원",무료/유료 (플레이스 참조),"경기 하남시에 위치한 인기 아기랑 공원 명소인 [미사한강공원4호자연,생태공원]입니다.",https://search.naver.com/search.naver?where=nexearch&query=%EA%B2%BD%EA%B8%B0%20%ED%95%98%EB%82%A8%EC%8B%9C%20%EC%95%84%EA%B8%B0%EB%9E%91%20%EA%B3%B5%EC%9B%90,family:1.0;baby:1.0;parking:1.0;nursing_room:1.0;하남시;아기랑 공원,2026-08-22 20:34:25,park:1.0;picnic:1.0;nature:1.0,2,85
네이버 장소검색 | 경기 하남시,가족체험,무료미술강사 채용사이트미술선생님 취업,상시,영유아 및 어린이 (0세~9세),경기 하남시 무료미술강사 채용사이트미술선생님 취업,무료/유료 (플레이스 참조),경기 하남시에 위치한 인기 아기랑 미술 명소인 [무료미술강사 채용사이트미술선생님 취업]입니다.,https://search.naver.com/search.naver?where=nexearch&query=%EA%B2%BD%EA%B8%B0%20%ED%95%98%EB%82%A8%EC%8B%9C%20%EC%95%84%EA%B8%B0%EB%9E%91%20%EB%AF%B8%EC%88%A0,family:1.0;baby:1.0;parking:1.0;nursing_room:1.0;하남시;아기랑 미술,2026-08-22 20:34:25,drawing:1.0;art:1.0;experience:1.0,2,85
네이버 장소검색 | 경기 하남시,가족체험,아가새농장,상시,영유아 및 어린이 (0세~9세),경기 하남시 아가새농장,무료/유료 (플레이스 참조),경기 하남시에 위치한 인기 아기랑 농장체험 명소인 [아가새농장]입니다.,https://search.naver.com/search.naver?where=nexearch&query=%EA%B2%BD%EA%B8%B0%20%ED%95%98%EB%82%A8%EC%8B%9C%20%EC%95%84%EA%B8%B0%EB%9E%91%20%EB%86%8D%EC%9E%A5%EC%B2%B4%ED%97%98,family:1.0;baby:1.0;parking:1.0;nursing_room:1.0;하남시;아기랑 농장체험,2026-08-22 20:34:25,farm:1.0;animal:1.0;experience:1.0,2,85
네이버 장소검색 | 경기 하남시,가족체험,"행복한 앵무새, 아가새농장!행복한 앵무새의 모든 것",상시,영유아 및 어린이 (0세~9세),"경기 하남시 행복한 앵무새, 아가새농장!행복한 앵무새의 모든 것",무료/유료 (플레이스 참조),"경기 하남시에 위치한 인기 아기랑 농장체험 명소인 [행복한 앵무새, 아가새농장!행복한 앵무새의 모든 것]입니다.",https://search.naver.com/search.naver?where=nexearch&query=%EA%B2%BD%EA%B8%B0%20%ED%95%98%EB%82%A8%EC%8B%9C%20%EC%95%84%EA%B8%B0%EB%9E%91%20%EB%86%8D%EC%9E%A5%EC%B2%B4%ED%97%98,family:1.0;baby:1.0;parking:1.0;nursing_room:1.0;하남시;아기랑 농장체험,2026-08-22 20:34:25,farm:1.0;animal:1.0;experience:1.0,2,85
네이버 장소검색 | 경기 하남시,가족체험,서울동쪽가까운곳에도 이런곳이 있어서 좋다.,상시,영유아 및 어린이 (0세~9세),경기 하남시 서울동쪽가까운곳에도 이런곳이 있어서 좋다.,무료/유료 (플레이스 참조),경기 하남시에 위치한 인기 아기랑 농장체험 명소인 [서울동쪽가까운곳에도 이런곳이 있어서 좋다.]입니다.,https://search.naver.com/search.naver?where=nexearch&query=%EA%B2%BD%EA%B8%B0%20%ED%95%98%EB%82%A8%EC%8B%9C%20%EC%95%84%EA%B8%B0%EB%9E%91%20%EB%86%8D%EC%9E%A5%EC%B2%B4%ED%97%98,family:1.0;baby:1.0;parking:1.0;nursing_room:1.0;하남시;아기랑 농장체험,2026-08-22 20:34:25,farm:1.0;animal:1.0;experience:1.0,2,85
네이버 장소검색 | 경기 하남시,가족체험,개관한하남시,상시,영유아 및 어린이 (0세~9세),경기 하남시 개관한하남시,무료/유료 (플레이스 참조),경기 하남시에 위치한 인기 아기랑 어린이박물관 명소인 [개관한하남시]입니다.,https://search.naver.com/search.naver?where=nexearch&query=%EA%B2%BD%EA%B8%B0%20%ED%95%98%EB%82%A8%EC%8B%9C%20%EC%95%84%EA%B8%B0%EB%9E%91%20%EC%96%B4%EB%A6%B0%EC%9D%B4%EB%B0%95%EB%AC%BC%EA%B4%80,family:1.0;baby:1.0;parking:1.0;nursing_room:1.0;하남시;아기랑 어린이박물관,2026-08-22 20:34:25,museum:1.0;hands_on:1.0;experience:1.0,2,85
네이버 장소검색 | 경기 양주시,사설키즈카페,토도,상시,영유아 및 어린이 (0세~9세),경기 양주시 토도,무료/유료 (플레이스 참조),경기 양주시에 위치한 인기 아기랑 키즈카페 명소인 [토도]입니다.,https://search.naver.com/search.naver?where=nexearch&query=%EA%B2%BD%EA%B8%B0%20%EC%96%91%EC%A3%BC%EC%8B%9C%20%EC%95%84%EA%B8%B0%EB%9E%91%20%ED%82%A4%EC%A6%88%EC%B9%B4%ED%8E%98,family:1.0;baby:1.0;parking:1.0;nursing_room:1.0;양주시;아기랑 키즈카페,2026-08-22 20:34:25,toddler:1.0;indoor:0.9;play:1.0,2,85
네이버 장소검색 | 경기 양주시,사설키즈카페,메가파크 양주,상시,영유아 및 어린이 (0세~9세),경기 양주시 메가파크 양주,무료/유료 (플레이스 참조),경기 양주시에 위치한 인기 아기랑 키즈카페 명소인 [메가파크 양주]입니다.,https://search.naver.com/search.naver?where=nexearch&query=%EA%B2%BD%EA%B8%B0%20%EC%96%91%EC%A3%BC%EC%8B%9C%20%EC%95%84%EA%B8%B0%EB%9E%91%20%ED%82%A4%EC%A6%88%EC%B9%B4%ED%8E%98,family:1.0;baby:1.0;parking:1.0;nursing_room:1.0;양주시;아기랑 키즈카페,2026-08-22 20:34:25,toddler:1.0;indoor:0.9;play:1.0,2,85
네이버 장소검색 | 경기 양주시,사설키즈카페,헬로방방 양주점,상시,영유아 및 어린이 (0세~9세),경기 양주시 헬로방방 양주점,무료/유료 (플레이스 참조),경기 양주시에 위치한 인기 아기랑 키즈카페 명소인 [헬로방방 양주점]입니다.,https://search.naver.com/search.naver?where=nexearch&query=%EA%B2%BD%EA%B8%B0%20%EC%96%91%EC%A3%BC%EC%8B%9C%20%EC%95%84%EA%B8%B0%EB%9E%91%20%ED%82%A4%EC%A6%88%EC%B9%B4%ED%8E%98,family:1.0;baby:1.0;parking:1.0;nursing_room:1.0;양주시;아기랑 키즈카페,2026-08-22 20:34:25,toddler:1.0;indoor:0.9;play:1.0,2,85
네이버 장소검색 | 경기 양주시,사설키즈카페,온브키즈플레이스튜디오,상시,영유아 및 어린이 (0세~9세),경기 양주시 온브키즈플레이스튜디오,무료/유료 (플레이스 참조),경기 양주시에 위치한 인기 아기랑 키즈카페 명소인 [온브키즈플레이스튜디오]입니다.,https://search.naver.com/search.naver?where=nexearch&query=%EA%B2%BD%EA%B8%B0%20%EC%96%91%EC%A3%BC%EC%8B%9C%20%EC%95%84%EA%B8%B0%EB%9E%91%20%ED%82%A4%EC%A6%88%EC%B9%B4%ED%8E%98,family:1.0;baby:1.0;parking:1.0;nursing_room:1.0;양주시;아기랑 키즈카페,2026-08-22 20:34:25,toddler:1.0;indoor:0.9;play:1.0,2,85
네이버 장소검색 | 경기 양주시,사설키즈카페,색깔빛깔 오감놀이터,상시,영유아 및 어린이 (0세~9세),경기 양주시 색깔빛깔 오감놀이터,무료/유료 (플레이스 참조),경기 양주시에 위치한 인기 아기랑 키즈카페 명소인 [색깔빛깔 오감놀이터]입니다.,https://search.naver.com/search.naver?where=nexearch&query=%EA%B2%BD%EA%B8%B0%20%EC%96%91%EC%A3%BC%EC%8B%9C%20%EC%95%84%EA%B8%B0%EB%9E%91%20%ED%82%A4%EC%A6%88%EC%B9%B4%ED%8E%98,family:1.0;baby:1.0;parking:1.0;nursing_room:1.0;양주시;아기랑 키즈카페,2026-08-22 20:34:25,toddler:1.0;indoor:0.9;play:1.0,2,85
네이버 장소검색 | 경기 양주시,사설키즈카페,키즈카페 블랑팡,상시,영유아 및 어린이 (0세~9세),경기 양주시 키즈카페 블랑팡,무료/유료 (플레이스 참조),경기 양주시에 위치한 인기 아기랑 키즈카페 명소인 [키즈카페 블랑팡]입니다.,https://search.naver.com/search.naver?where=nexearch&query=%EA%B2%BD%EA%B8%B0%20%EC%96%91%EC%A3%BC%EC%8B%9C%20%EC%95%84%EA%B8%B0%EB%9E%91%20%ED%82%A4%EC%A6%88%EC%B9%B4%ED%8E%98,family:1.0;baby:1.0;parking:1.0;nursing_room:1.0;양주시;아기랑 키즈카페,2026-08-22 20:34:25,toddler:1.0;indoor:0.9;play:1.0,2,85
네이버 장소검색 | 경기 양주시,사설키즈카페,나비랑키즈카페-양주,상시,영유아 및 어린이 (0세~9세),경기 양주시 나비랑키즈카페-양주,무료/유료 (플레이스 참조),경기 양주시에 위치한 인기 아기랑 키즈카페 명소인 [나비랑키즈카페-양주]입니다.,https://search.naver.com/search.naver?where=nexearch&query=%EA%B2%BD%EA%B8%B0%20%EC%96%91%EC%A3%BC%EC%8B%9C%20%EC%95%84%EA%B8%B0%EB%9E%91%20%ED%82%A4%EC%A6%88%EC%B9%B4%ED%8E%98,family:1.0;baby:1.0;parking:1.0;nursing_room:1.0;양주시;아기랑 키즈카페,2026-08-22 20:34:25,toddler:1.0;indoor:0.9;play:1.0,2,85
네이버 장소검색 | 경기 양주시,사설키즈카페,경기도양주시,상시,영유아 및 어린이 (0세~9세),경기 양주시 경기도양주시,무료/유료 (플레이스 참조),경기 양주시에 위치한 인기 아기랑 키즈카페 명소인 [경기도양주시]입니다.,https://search.naver.com/search.naver?where=nexearch&query=%EA%B2%BD%EA%B8%B0%20%EC%96%91%EC%A3%BC%EC%8B%9C%20%EC%95%84%EA%B8%B0%EB%9E%91%20%ED%82%A4%EC%A6%88%EC%B9%B4%ED%8E%98,family:1.0;baby:1.0;parking:1.0;nursing_room:1.0;양주시;아기랑 키즈카페,2026-08-22 20:34:25,toddler:1.0;indoor:0.9;play:1.0,2,85
네이버 장소검색 | 경기 양주시,자연친화,열녀문계곡,상시,영유아 및 어린이 (0세~9세),경기 양주시 열녀문계곡,무료/유료 (플레이스 참조),경기 양주시에 위치한 인기 아기랑 계곡 명소인 [열녀문계곡]입니다.,https://search.naver.com/search.naver?where=nexearch&query=%EA%B2%BD%EA%B8%B0%20%EC%96%91%EC%A3%BC%EC%8B%9C%20%EC%95%84%EA%B8%B0%EB%9E%91%20%EA%B3%84%EA%B3%A1,family:1.0;baby:1.0;parking:1.0;nursing_room:1.0;양주시;아기랑 계곡,2026-08-22 20:34:25,valley:1.0;nature:1.0;water:1.0,2,85
네이버 장소검색 | 경기 양주시,자연친화,아기랑함께양주계곡을,상시,영유아 및 어린이 (0세~9세),경기 양주시 아기랑함께양주계곡을,무료/유료 (플레이스 참조),경기 양주시에 위치한 인기 아기랑 계곡 명소인 [아기랑함께양주계곡을]입니다.,https://search.naver.com/search.naver?where=nexearch&query=%EA%B2%BD%EA%B8%B0%20%EC%96%91%EC%A3%BC%EC%8B%9C%20%EC%95%84%EA%B8%B0%EB%9E%91%20%EA%B3%84%EA%B3%A1,family:1.0;baby:1.0;parking:1.0;nursing_room:1.0;양주시;아기랑 계곡,2026-08-22 20:34:25,valley:1.0;nature:1.0;water:1.0,2,85
네이버 장소검색 | 경기 양주시,자연친화,일영워터힐수영장,상시,영유아 및 어린이 (0세~9세),경기 양주시 일영워터힐수영장,무료/유료 (플레이스 참조),경기 양주시에 위치한 인기 아기랑 수영장 명소인 [일영워터힐수영장]입니다.,https://search.naver.com/search.naver?where=nexearch&query=%EA%B2%BD%EA%B8%B0%20%EC%96%91%EC%A3%BC%EC%8B%9C%20%EC%95%84%EA%B8%B0%EB%9E%91%20%EC%88%98%EC%98%81%EC%9E%A5,family:1.0;baby:1.0;parking:1.0;nursing_room:1.0;양주시;아기랑 수영장,2026-08-22 20:34:25,pool:1.0;water:1.0;outdoor:0.9,2,85
네이버 장소검색 | 경기 양주시,자연친화,양주 올림피아수영장,상시,영유아 및 어린이 (0세~9세),경기 양주시 양주 올림피아수영장,무료/유료 (플레이스 참조),경기 양주시에 위치한 인기 아기랑 수영장 명소인 [양주 올림피아수영장]입니다.,https://search.naver.com/search.naver?where=nexearch&query=%EA%B2%BD%EA%B8%B0%20%EC%96%91%EC%A3%BC%EC%8B%9C%20%EC%95%84%EA%B8%B0%EB%9E%91%20%EC%88%98%EC%98%81%EC%9E%A5,family:1.0;baby:1.0;parking:1.0;nursing_room:1.0;양주시;아기랑 수영장,2026-08-22 20:34:25,pool:1.0;water:1.0;outdoor:0.9,2,85
네이버 장소검색 | 경기 양주시,자연친화,양주유수풀물놀이장수영장,상시,영유아 및 어린이 (0세~9세),경기 양주시 양주유수풀물놀이장수영장,무료/유료 (플레이스 참조),경기 양주시에 위치한 인기 아기랑 수영장 명소인 [양주유수풀물놀이장수영장]입니다.,https://search.naver.com/search.naver?where=nexearch&query=%EA%B2%BD%EA%B8%B0%20%EC%96%91%EC%A3%BC%EC%8B%9C%20%EC%95%84%EA%B8%B0%EB%9E%91%20%EC%88%98%EC%98%81%EC%9E%A5,family:1.0;baby:1.0;parking:1.0;nursing_room:1.0;양주시;아기랑 수영장,2026-08-22 20:34:25,pool:1.0;water:1.0;outdoor:0.9,2,85
네이버 장소검색 | 경기 양주시,자연친화,스카이워터파크수영장,상시,영유아 및 어린이 (0세~9세),경기 양주시 스카이워터파크수영장,무료/유료 (플레이스 참조),경기 양주시에 위치한 인기 아기랑 수영장 명소인 [스카이워터파크수영장]입니다.,https://search.naver.com/search.naver?where=nexearch&query=%EA%B2%BD%EA%B8%B0%20%EC%96%91%EC%A3%BC%EC%8B%9C%20%EC%95%84%EA%B8%B0%EB%9E%91%20%EC%88%98%EC%98%81%EC%9E%A5,family:1.0;baby:1.0;parking:1.0;nursing_room:1.0;양주시;아기랑 수영장,2026-08-22 20:34:25,pool:1.0;water:1.0;outdoor:0.9,2,85
네이버 장소검색 | 경기 양주시,자연친화,히든밸리송추수영장,상시,영유아 및 어린이 (0세~9세),경기 양주시 히든밸리송추수영장,무료/유료 (플레이스 참조),경기 양주시에 위치한 인기 아기랑 수영장 명소인 [히든밸리송추수영장]입니다.,https://search.naver.com/search.naver?where=nexearch&query=%EA%B2%BD%EA%B8%B0%20%EC%96%91%EC%A3%BC%EC%8B%9C%20%EC%95%84%EA%B8%B0%EB%9E%91%20%EC%88%98%EC%98%81%EC%9E%A5,family:1.0;baby:1.0;parking:1.0;nursing_room:1.0;양주시;아기랑 수영장,2026-08-22 20:34:25,pool:1.0;water:1.0;outdoor:0.9,2,85
네이버 장소검색 | 경기 양주시,자연친화,마스터키즈 어린이수영장 양주옥정점수영장,상시,영유아 및 어린이 (0세~9세),경기 양주시 마스터키즈 어린이수영장 양주옥정점수영장,무료/유료 (플레이스 참조),경기 양주시에 위치한 인기 아기랑 수영장 명소인 [마스터키즈 어린이수영장 양주옥정점수영장]입니다.,https://search.naver.com/search.naver?where=nexearch&query=%EA%B2%BD%EA%B8%B0%20%EC%96%91%EC%A3%BC%EC%8B%9C%20%EC%95%84%EA%B8%B0%EB%9E%91%20%EC%88%98%EC%98%81%EC%9E%A5,family:1.0;baby:1.0;parking:1.0;nursing_room:1.0;양주시;아기랑 수영장,2026-08-22 20:34:25,pool:1.0;water:1.0;outdoor:0.9,2,85
네이버 장소검색 | 경기 양주시,자연친화,"풀멍파크 애견카페,강아지",상시,영유아 및 어린이 (0세~9세),"경기 양주시 풀멍파크 애견카페,강아지",무료/유료 (플레이스 참조),"경기 양주시에 위치한 인기 아기랑 수영장 명소인 [풀멍파크 애견카페,강아지]입니다.",https://search.naver.com/search.naver?where=nexearch&query=%EA%B2%BD%EA%B8%B0%20%EC%96%91%EC%A3%BC%EC%8B%9C%20%EC%95%84%EA%B8%B0%EB%9E%91%20%EC%88%98%EC%98%81%EC%9E%A5,family:1.0;baby:1.0;parking:1.0;nursing_room:1.0;양주시;아기랑 수영장,2026-08-22 20:34:25,pool:1.0;water:1.0;outdoor:0.9,2,85
네이버 장소검색 | 경기 양주시,자연친화,"동물체험, 캠크닉,모래놀이,",상시,영유아 및 어린이 (0세~9세),"경기 양주시 동물체험, 캠크닉,모래놀이,",무료/유료 (플레이스 참조),"경기 양주시에 위치한 인기 아기랑 모래놀이 명소인 [동물체험, 캠크닉,모래놀이,]입니다.",https://search.naver.com/search.naver?where=nexearch&query=%EA%B2%BD%EA%B8%B0%20%EC%96%91%EC%A3%BC%EC%8B%9C%20%EC%95%84%EA%B8%B0%EB%9E%91%20%EB%AA%A8%EB%9E%98%EB%86%80%EC%9D%B4,family:1.0;baby:1.0;parking:1.0;nursing_room:1.0;양주시;아기랑 모래놀이,2026-08-22 20:34:25,sand:1.0;nature:1.0;play:0.9,2,85
네이버 장소검색 | 경기 양주시,자연친화,옥정호수공원공원,상시,영유아 및 어린이 (0세~9세),경기 양주시 옥정호수공원공원,무료/유료 (플레이스 참조),경기 양주시에 위치한 인기 아기랑 공원 명소인 [옥정호수공원공원]입니다.,https://search.naver.com/search.naver?where=nexearch&query=%EA%B2%BD%EA%B8%B0%20%EC%96%91%EC%A3%BC%EC%8B%9C%20%EC%95%84%EA%B8%B0%EB%9E%91%20%EA%B3%B5%EC%9B%90,family:1.0;baby:1.0;parking:1.0;nursing_room:1.0;양주시;아기랑 공원,2026-08-22 20:34:25,park:1.0;picnic:1.0;nature:1.0,2,85
네이버 장소검색 | 경기 양주시,자연친화,선돌공원,상시,영유아 및 어린이 (0세~9세),경기 양주시 선돌공원,무료/유료 (플레이스 참조),경기 양주시에 위치한 인기 아기랑 공원 명소인 [선돌공원]입니다.,https://search.naver.com/search.naver?where=nexearch&query=%EA%B2%BD%EA%B8%B0%20%EC%96%91%EC%A3%BC%EC%8B%9C%20%EC%95%84%EA%B8%B0%EB%9E%91%20%EA%B3%B5%EC%9B%90,family:1.0;baby:1.0;parking:1.0;nursing_room:1.0;양주시;아기랑 공원,2026-08-22 20:34:25,park:1.0;picnic:1.0;nature:1.0,2,85
네이버 장소검색 | 경기 양주시,자연친화,독바위공원공원,상시,영유아 및 어린이 (0세~9세),경기 양주시 독바위공원공원,무료/유료 (플레이스 참조),경기 양주시에 위치한 인기 아기랑 공원 명소인 [독바위공원공원]입니다.,https://search.naver.com/search.naver?where=nexearch&query=%EA%B2%BD%EA%B8%B0%20%EC%96%91%EC%A3%BC%EC%8B%9C%20%EC%95%84%EA%B8%B0%EB%9E%91%20%EA%B3%B5%EC%9B%90,family:1.0;baby:1.0;parking:1.0;nursing_room:1.0;양주시;아기랑 공원,2026-08-22 20:34:25,park:1.0;picnic:1.0;nature:1.0,2,85
네이버 장소검색 | 경기 양주시,자연친화,나리공원공원,상시,영유아 및 어린이 (0세~9세),경기 양주시 나리공원공원,무료/유료 (플레이스 참조),경기 양주시에 위치한 인기 아기랑 공원 명소인 [나리공원공원]입니다.,https://search.naver.com/search.naver?where=nexearch&query=%EA%B2%BD%EA%B8%B0%20%EC%96%91%EC%A3%BC%EC%8B%9C%20%EC%95%84%EA%B8%B0%EB%9E%91%20%EA%B3%B5%EC%9B%90,family:1.0;baby:1.0;parking:1.0;nursing_room:1.0;양주시;아기랑 공원,2026-08-22 20:34:25,park:1.0;picnic:1.0;nature:1.0,2,85
네이버 장소검색 | 경기 양주시,자연친화,덕계공원,상시,영유아 및 어린이 (0세~9세),경기 양주시 덕계공원,무료/유료 (플레이스 참조),경기 양주시에 위치한 인기 아기랑 공원 명소인 [덕계공원]입니다.,https://search.naver.com/search.naver?where=nexearch&query=%EA%B2%BD%EA%B8%B0%20%EC%96%91%EC%A3%BC%EC%8B%9C%20%EC%95%84%EA%B8%B0%EB%9E%91%20%EA%B3%B5%EC%9B%90,family:1.0;baby:1.0;parking:1.0;nursing_room:1.0;양주시;아기랑 공원,2026-08-22 20:34:25,park:1.0;picnic:1.0;nature:1.0,2,85
네이버 장소검색 | 경기 양주시,자연친화,양주별산대놀이마당공원,상시,영유아 및 어린이 (0세~9세),경기 양주시 양주별산대놀이마당공원,무료/유료 (플레이스 참조),경기 양주시에 위치한 인기 아기랑 공원 명소인 [양주별산대놀이마당공원]입니다.,https://search.naver.com/search.naver?where=nexearch&query=%EA%B2%BD%EA%B8%B0%20%EC%96%91%EC%A3%BC%EC%8B%9C%20%EC%95%84%EA%B8%B0%EB%9E%91%20%EA%B3%B5%EC%9B%90,family:1.0;baby:1.0;parking:1.0;nursing_room:1.0;양주시;아기랑 공원,2026-08-22 20:34:25,park:1.0;picnic:1.0;nature:1.0,2,85
네이버 장소검색 | 경기 양주시,자연친화,양주발물놀이터 선돌공원,상시,영유아 및 어린이 (0세~9세),경기 양주시 양주발물놀이터 선돌공원,무료/유료 (플레이스 참조),경기 양주시에 위치한 인기 아기랑 공원 명소인 [양주발물놀이터 선돌공원]입니다.,https://search.naver.com/search.naver?where=nexearch&query=%EA%B2%BD%EA%B8%B0%20%EC%96%91%EC%A3%BC%EC%8B%9C%20%EC%95%84%EA%B8%B0%EB%9E%91%20%EA%B3%B5%EC%9B%90,family:1.0;baby:1.0;parking:1.0;nursing_room:1.0;양주시;아기랑 공원,2026-08-22 20:34:25,park:1.0;picnic:1.0;nature:1.0,2,85
네이버 장소검색 | 경기 양주시,자연친화,양주시옥정 선돌공원,상시,영유아 및 어린이 (0세~9세),경기 양주시 양주시옥정 선돌공원,무료/유료 (플레이스 참조),경기 양주시에 위치한 인기 아기랑 공원 명소인 [양주시옥정 선돌공원]입니다.,https://search.naver.com/search.naver?where=nexearch&query=%EA%B2%BD%EA%B8%B0%20%EC%96%91%EC%A3%BC%EC%8B%9C%20%EC%95%84%EA%B8%B0%EB%9E%91%20%EA%B3%B5%EC%9B%90,family:1.0;baby:1.0;parking:1.0;nursing_room:1.0;양주시;아기랑 공원,2026-08-22 20:34:25,park:1.0;picnic:1.0;nature:1.0,2,85
네이버 장소검색 | 경기 양주시,자연친화,3주 전양주시광사로 131-66 덕계공원,상시,영유아 및 어린이 (0세~9세),경기 양주시 3주 전양주시광사로 131-66 덕계공원,무료/유료 (플레이스 참조),경기 양주시에 위치한 인기 아기랑 물놀이터 명소인 [3주 전양주시광사로 131-66 덕계공원]입니다.,https://search.naver.com/search.naver?where=nexearch&query=%EA%B2%BD%EA%B8%B0%20%EC%96%91%EC%A3%BC%EC%8B%9C%20%EC%95%84%EA%B8%B0%EB%9E%91%20%EB%AC%BC%EB%86%80%EC%9D%B4%ED%84%B0,family:1.0;baby:1.0;parking:1.0;nursing_room:1.0;양주시;아기랑 물놀이터,2026-08-22 20:34:25,water:1.0;outdoor:1.0;picnic:0.8,2,85
네이버 장소검색 | 경기 양주시,자연친화,양주발물놀이터선돌공원,상시,영유아 및 어린이 (0세~9세),경기 양주시 양주발물놀이터선돌공원,무료/유료 (플레이스 참조),경기 양주시에 위치한 인기 아기랑 물놀이터 명소인 [양주발물놀이터선돌공원]입니다.,https://search.naver.com/search.naver?where=nexearch&query=%EA%B2%BD%EA%B8%B0%20%EC%96%91%EC%A3%BC%EC%8B%9C%20%EC%95%84%EA%B8%B0%EB%9E%91%20%EB%AC%BC%EB%86%80%EC%9D%B4%ED%84%B0,family:1.0;baby:1.0;parking:1.0;nursing_room:1.0;양주시;아기랑 물놀이터,2026-08-22 20:34:25,water:1.0;outdoor:1.0;picnic:0.8,2,85
네이버 장소검색 | 경기 양주시,가족체험,경기북부어린이박물관박물관,상시,영유아 및 어린이 (0세~9세),경기 양주시 경기북부어린이박물관박물관,무료/유료 (플레이스 참조),경기 양주시에 위치한 인기 아기랑 어린이박물관 명소인 [경기북부어린이박물관박물관]입니다.,https://search.naver.com/search.naver?where=nexearch&query=%EA%B2%BD%EA%B8%B0%20%EC%96%91%EC%A3%BC%EC%8B%9C%20%EC%95%84%EA%B8%B0%EB%9E%91%20%EC%96%B4%EB%A6%B0%EC%9D%B4%EB%B0%95%EB%AC%BC%EA%B4%80,family:1.0;baby:1.0;parking:1.0;nursing_room:1.0;양주시;아기랑 어린이박물관,2026-08-22 20:34:25,museum:1.0;hands_on:1.0;experience:1.0,2,85
네이버 장소검색 | 경기 양주시,가족체험,아주 화려한 곳은 아니지만,상시,영유아 및 어린이 (0세~9세),경기 양주시 아주 화려한 곳은 아니지만,무료/유료 (플레이스 참조),경기 양주시에 위치한 인기 아기랑 어린이박물관 명소인 [아주 화려한 곳은 아니지만]입니다.,https://search.naver.com/search.naver?where=nexearch&query=%EA%B2%BD%EA%B8%B0%20%EC%96%91%EC%A3%BC%EC%8B%9C%20%EC%95%84%EA%B8%B0%EB%9E%91%20%EC%96%B4%EB%A6%B0%EC%9D%B4%EB%B0%95%EB%AC%BC%EA%B4%80,family:1.0;baby:1.0;parking:1.0;nursing_room:1.0;양주시;아기랑 어린이박물관,2026-08-22 20:34:25,museum:1.0;hands_on:1.0;experience:1.0,2,85
네이버 장소검색 | 경기 구리시,사설키즈카페,퐁퐁플라워 롯데백화점 구리센터,상시,영유아 및 어린이 (0세~9세),경기 구리시 퐁퐁플라워 롯데백화점 구리센터,무료/유료 (플레이스 참조),경기 구리시에 위치한 인기 아기랑 키즈카페 명소인 [퐁퐁플라워 롯데백화점 구리센터]입니다.,https://search.naver.com/search.naver?where=nexearch&query=%EA%B2%BD%EA%B8%B0%20%EA%B5%AC%EB%A6%AC%EC%8B%9C%20%EC%95%84%EA%B8%B0%EB%9E%91%20%ED%82%A4%EC%A6%88%EC%B9%B4%ED%8E%98,family:1.0;baby:1.0;parking:1.0;nursing_room:1.0;구리시;아기랑 키즈카페,2026-08-22 20:34:25,toddler:1.0;indoor:0.9;play:1.0,2,85
네이버 장소검색 | 경기 구리시,사설키즈카페,플레이티카 롯데아울렛구리점,상시,영유아 및 어린이 (0세~9세),경기 구리시 플레이티카 롯데아울렛구리점,무료/유료 (플레이스 참조),경기 구리시에 위치한 인기 아기랑 키즈카페 명소인 [플레이티카 롯데아울렛구리점]입니다.,https://search.naver.com/search.naver?where=nexearch&query=%EA%B2%BD%EA%B8%B0%20%EA%B5%AC%EB%A6%AC%EC%8B%9C%20%EC%95%84%EA%B8%B0%EB%9E%91%20%ED%82%A4%EC%A6%88%EC%B9%B4%ED%8E%98,family:1.0;baby:1.0;parking:1.0;nursing_room:1.0;구리시;아기랑 키즈카페,2026-08-22 20:34:25,toddler:1.0;indoor:0.9;play:1.0,2,85
네이버 장소검색 | 경기 구리시,사설키즈카페,리틀비틀 구리갈매점,상시,영유아 및 어린이 (0세~9세),경기 구리시 리틀비틀 구리갈매점,무료/유료 (플레이스 참조),경기 구리시에 위치한 인기 아기랑 키즈카페 명소인 [리틀비틀 구리갈매점]입니다.,https://search.naver.com/search.naver?where=nexearch&query=%EA%B2%BD%EA%B8%B0%20%EA%B5%AC%EB%A6%AC%EC%8B%9C%20%EC%95%84%EA%B8%B0%EB%9E%91%20%ED%82%A4%EC%A6%88%EC%B9%B4%ED%8E%98,family:1.0;baby:1.0;parking:1.0;nursing_room:1.0;구리시;아기랑 키즈카페,2026-08-22 20:34:25,toddler:1.0;indoor:0.9;play:1.0,2,85
네이버 장소검색 | 경기 구리시,사설키즈카페,더가루 구리점,상시,영유아 및 어린이 (0세~9세),경기 구리시 더가루 구리점,무료/유료 (플레이스 참조),경기 구리시에 위치한 인기 아기랑 키즈카페 명소인 [더가루 구리점]입니다.,https://search.naver.com/search.naver?where=nexearch&query=%EA%B2%BD%EA%B8%B0%20%EA%B5%AC%EB%A6%AC%EC%8B%9C%20%EC%95%84%EA%B8%B0%EB%9E%91%20%ED%82%A4%EC%A6%88%EC%B9%B4%ED%8E%98,family:1.0;baby:1.0;parking:1.0;nursing_room:1.0;구리시;아기랑 키즈카페,2026-08-22 20:34:25,toddler:1.0;indoor:0.9;play:1.0,2,85
네이버 장소검색 | 경기 구리시,사설키즈카페,마루 키즈룸,상시,영유아 및 어린이 (0세~9세),경기 구리시 마루 키즈룸,무료/유료 (플레이스 참조),경기 구리시에 위치한 인기 아기랑 키즈카페 명소인 [마루 키즈룸]입니다.,https://search.naver.com/search.naver?where=nexearch&query=%EA%B2%BD%EA%B8%B0%20%EA%B5%AC%EB%A6%AC%EC%8B%9C%20%EC%95%84%EA%B8%B0%EB%9E%91%20%ED%82%A4%EC%A6%88%EC%B9%B4%ED%8E%98,family:1.0;baby:1.0;parking:1.0;nursing_room:1.0;구리시;아기랑 키즈카페,2026-08-22 20:34:25,toddler:1.0;indoor:0.9;play:1.0,2,85
네이버 장소검색 | 경기 구리시,사설키즈카페,노리숲 프라이빗 키즈 파티룸,상시,영유아 및 어린이 (0세~9세),경기 구리시 노리숲 프라이빗 키즈 파티룸,무료/유료 (플레이스 참조),경기 구리시에 위치한 인기 아기랑 키즈카페 명소인 [노리숲 프라이빗 키즈 파티룸]입니다.,https://search.naver.com/search.naver?where=nexearch&query=%EA%B2%BD%EA%B8%B0%20%EA%B5%AC%EB%A6%AC%EC%8B%9C%20%EC%95%84%EA%B8%B0%EB%9E%91%20%ED%82%A4%EC%A6%88%EC%B9%B4%ED%8E%98,family:1.0;baby:1.0;parking:1.0;nursing_room:1.0;구리시;아기랑 키즈카페,2026-08-22 20:34:25,toddler:1.0;indoor:0.9;play:1.0,2,85
네이버 장소검색 | 경기 구리시,사설키즈카페,경기도구리시,상시,영유아 및 어린이 (0세~9세),경기 구리시 경기도구리시,무료/유료 (플레이스 참조),경기 구리시에 위치한 인기 아기랑 키즈카페 명소인 [경기도구리시]입니다.,https://search.naver.com/search.naver?where=nexearch&query=%EA%B2%BD%EA%B8%B0%20%EA%B5%AC%EB%A6%AC%EC%8B%9C%20%EC%95%84%EA%B8%B0%EB%9E%91%20%ED%82%A4%EC%A6%88%EC%B9%B4%ED%8E%98,family:1.0;baby:1.0;parking:1.0;nursing_room:1.0;구리시;아기랑 키즈카페,2026-08-22 20:34:25,toddler:1.0;indoor:0.9;play:1.0,2,85
네이버 장소검색 | 경기 구리시,자연친화,오션베이비 구리센터수영장,상시,영유아 및 어린이 (0세~9세),경기 구리시 오션베이비 구리센터수영장,무료/유료 (플레이스 참조),경기 구리시에 위치한 인기 아기랑 수영장 명소인 [오션베이비 구리센터수영장]입니다.,https://search.naver.com/search.naver?where=nexearch&query=%EA%B2%BD%EA%B8%B0%20%EA%B5%AC%EB%A6%AC%EC%8B%9C%20%EC%95%84%EA%B8%B0%EB%9E%91%20%EC%88%98%EC%98%81%EC%9E%A5,family:1.0;baby:1.0;parking:1.0;nursing_room:1.0;구리시;아기랑 수영장,2026-08-22 20:34:25,pool:1.0;water:1.0;outdoor:0.9,2,85
네이버 장소검색 | 경기 구리시,자연친화,오션키즈 구리점수영장,상시,영유아 및 어린이 (0세~9세),경기 구리시 오션키즈 구리점수영장,무료/유료 (플레이스 참조),경기 구리시에 위치한 인기 아기랑 수영장 명소인 [오션키즈 구리점수영장]입니다.,https://search.naver.com/search.naver?where=nexearch&query=%EA%B2%BD%EA%B8%B0%20%EA%B5%AC%EB%A6%AC%EC%8B%9C%20%EC%95%84%EA%B8%B0%EB%9E%91%20%EC%88%98%EC%98%81%EC%9E%A5,family:1.0;baby:1.0;parking:1.0;nursing_room:1.0;구리시;아기랑 수영장,2026-08-22 20:34:25,pool:1.0;water:1.0;outdoor:0.9,2,85
네이버 장소검색 | 경기 구리시,자연친화,닥터마린키즈수영장,상시,영유아 및 어린이 (0세~9세),경기 구리시 닥터마린키즈수영장,무료/유료 (플레이스 참조),경기 구리시에 위치한 인기 아기랑 수영장 명소인 [닥터마린키즈수영장]입니다.,https://search.naver.com/search.naver?where=nexearch&query=%EA%B2%BD%EA%B8%B0%20%EA%B5%AC%EB%A6%AC%EC%8B%9C%20%EC%95%84%EA%B8%B0%EB%9E%91%20%EC%88%98%EC%98%81%EC%9E%A5,family:1.0;baby:1.0;parking:1.0;nursing_room:1.0;구리시;아기랑 수영장,2026-08-22 20:34:25,pool:1.0;water:1.0;outdoor:0.9,2,85
네이버 장소검색 | 경기 구리시,자연친화,토평공원 물놀이장수영장,상시,영유아 및 어린이 (0세~9세),경기 구리시 토평공원 물놀이장수영장,무료/유료 (플레이스 참조),경기 구리시에 위치한 인기 아기랑 수영장 명소인 [토평공원 물놀이장수영장]입니다.,https://search.naver.com/search.naver?where=nexearch&query=%EA%B2%BD%EA%B8%B0%20%EA%B5%AC%EB%A6%AC%EC%8B%9C%20%EC%95%84%EA%B8%B0%EB%9E%91%20%EC%88%98%EC%98%81%EC%9E%A5,family:1.0;baby:1.0;parking:1.0;nursing_room:1.0;구리시;아기랑 수영장,2026-08-22 20:34:25,pool:1.0;water:1.0;outdoor:0.9,2,85
네이버 장소검색 | 경기 구리시,자연친화,아름마을공원물놀이장수영장,상시,영유아 및 어린이 (0세~9세),경기 구리시 아름마을공원물놀이장수영장,무료/유료 (플레이스 참조),경기 구리시에 위치한 인기 아기랑 수영장 명소인 [아름마을공원물놀이장수영장]입니다.,https://search.naver.com/search.naver?where=nexearch&query=%EA%B2%BD%EA%B8%B0%20%EA%B5%AC%EB%A6%AC%EC%8B%9C%20%EC%95%84%EA%B8%B0%EB%9E%91%20%EC%88%98%EC%98%81%EC%9E%A5,family:1.0;baby:1.0;parking:1.0;nursing_room:1.0;구리시;아기랑 수영장,2026-08-22 20:34:25,pool:1.0;water:1.0;outdoor:0.9,2,85
네이버 장소검색 | 경기 구리시,자연친화,"구리시곤충생태관자연,생태공원",상시,영유아 및 어린이 (0세~9세),"경기 구리시 구리시곤충생태관자연,생태공원",무료/유료 (플레이스 참조),"경기 구리시에 위치한 인기 아기랑 공원 명소인 [구리시곤충생태관자연,생태공원]입니다.",https://search.naver.com/search.naver?where=nexearch&query=%EA%B2%BD%EA%B8%B0%20%EA%B5%AC%EB%A6%AC%EC%8B%9C%20%EC%95%84%EA%B8%B0%EB%9E%91%20%EA%B3%B5%EC%9B%90,family:1.0;baby:1.0;parking:1.0;nursing_room:1.0;구리시;아기랑 공원,2026-08-22 20:34:25,park:1.0;picnic:1.0;nature:1.0,2,85
네이버 장소검색 | 경기 구리시,자연친화,"장자호수공원도시,공원",상시,영유아 및 어린이 (0세~9세),"경기 구리시 장자호수공원도시,공원",무료/유료 (플레이스 참조),"경기 구리시에 위치한 인기 아기랑 공원 명소인 [장자호수공원도시,공원]입니다.",https://search.naver.com/search.naver?where=nexearch&query=%EA%B2%BD%EA%B8%B0%20%EA%B5%AC%EB%A6%AC%EC%8B%9C%20%EC%95%84%EA%B8%B0%EB%9E%91%20%EA%B3%B5%EC%9B%90,family:1.0;baby:1.0;parking:1.0;nursing_room:1.0;구리시;아기랑 공원,2026-08-22 20:34:25,park:1.0;picnic:1.0;nature:1.0,2,85
네이버 장소검색 | 경기 구리시,자연친화,구리한강공원,상시,영유아 및 어린이 (0세~9세),경기 구리시 구리한강공원,무료/유료 (플레이스 참조),경기 구리시에 위치한 인기 아기랑 공원 명소인 [구리한강공원]입니다.,https://search.naver.com/search.naver?where=nexearch&query=%EA%B2%BD%EA%B8%B0%20%EA%B5%AC%EB%A6%AC%EC%8B%9C%20%EC%95%84%EA%B8%B0%EB%9E%91%20%EA%B3%B5%EC%9B%90,family:1.0;baby:1.0;parking:1.0;nursing_room:1.0;구리시;아기랑 공원,2026-08-22 20:34:25,park:1.0;picnic:1.0;nature:1.0,2,85
네이버 장소검색 | 경기 구리시,자연친화,이문안호수공원공원,상시,영유아 및 어린이 (0세~9세),경기 구리시 이문안호수공원공원,무료/유료 (플레이스 참조),경기 구리시에 위치한 인기 아기랑 공원 명소인 [이문안호수공원공원]입니다.,https://search.naver.com/search.naver?where=nexearch&query=%EA%B2%BD%EA%B8%B0%20%EA%B5%AC%EB%A6%AC%EC%8B%9C%20%EC%95%84%EA%B8%B0%EB%9E%91%20%EA%B3%B5%EC%9B%90,family:1.0;baby:1.0;parking:1.0;nursing_room:1.0;구리시;아기랑 공원,2026-08-22 20:34:25,park:1.0;picnic:1.0;nature:1.0,2,85
네이버 장소검색 | 경기 구리시,자연친화,토평공원공원,상시,영유아 및 어린이 (0세~9세),경기 구리시 토평공원공원,무료/유료 (플레이스 참조),경기 구리시에 위치한 인기 아기랑 공원 명소인 [토평공원공원]입니다.,https://search.naver.com/search.naver?where=nexearch&query=%EA%B2%BD%EA%B8%B0%20%EA%B5%AC%EB%A6%AC%EC%8B%9C%20%EC%95%84%EA%B8%B0%EB%9E%91%20%EA%B3%B5%EC%9B%90,family:1.0;baby:1.0;parking:1.0;nursing_room:1.0;구리시;아기랑 공원,2026-08-22 20:34:25,park:1.0;picnic:1.0;nature:1.0,2,85
네이버 장소검색 | 경기 구리시,자연친화,인창중앙공원공원,상시,영유아 및 어린이 (0세~9세),경기 구리시 인창중앙공원공원,무료/유료 (플레이스 참조),경기 구리시에 위치한 인기 아기랑 공원 명소인 [인창중앙공원공원]입니다.,https://search.naver.com/search.naver?where=nexearch&query=%EA%B2%BD%EA%B8%B0%20%EA%B5%AC%EB%A6%AC%EC%8B%9C%20%EC%95%84%EA%B8%B0%EB%9E%91%20%EA%B3%B5%EC%9B%90,family:1.0;baby:1.0;parking:1.0;nursing_room:1.0;구리시;아기랑 공원,2026-08-22 20:34:25,park:1.0;picnic:1.0;nature:1.0,2,85
네이버 장소검색 | 경기 구리시,자연친화,"구리시,구리한강공원",상시,영유아 및 어린이 (0세~9세),"경기 구리시 구리시,구리한강공원",무료/유료 (플레이스 참조),"경기 구리시에 위치한 인기 아기랑 물놀이터 명소인 [구리시,구리한강공원]입니다.",https://search.naver.com/search.naver?where=nexearch&query=%EA%B2%BD%EA%B8%B0%20%EA%B5%AC%EB%A6%AC%EC%8B%9C%20%EC%95%84%EA%B8%B0%EB%9E%91%20%EB%AC%BC%EB%86%80%EC%9D%B4%ED%84%B0,family:1.0;baby:1.0;parking:1.0;nursing_room:1.0;구리시;아기랑 물놀이터,2026-08-22 20:34:25,water:1.0;outdoor:1.0;picnic:0.8,2,85
네이버 장소검색 | 경기 구리시,자연친화,"경기도 남양주시 물놀이장, 아름마을공원물놀이장,",상시,영유아 및 어린이 (0세~9세),"경기 구리시 경기도 남양주시 물놀이장, 아름마을공원물놀이장,",무료/유료 (플레이스 참조),"경기 구리시에 위치한 인기 아기랑 물놀이터 명소인 [경기도 남양주시 물놀이장, 아름마을공원물놀이장,]입니다.",https://search.naver.com/search.naver?where=nexearch&query=%EA%B2%BD%EA%B8%B0%20%EA%B5%AC%EB%A6%AC%EC%8B%9C%20%EC%95%84%EA%B8%B0%EB%9E%91%20%EB%AC%BC%EB%86%80%EC%9D%B4%ED%84%B0,family:1.0;baby:1.0;parking:1.0;nursing_room:1.0;구리시;아기랑 물놀이터,2026-08-22 20:34:25,water:1.0;outdoor:1.0;picnic:0.8,2,85
네이버 장소검색 | 경기 안성시,사설키즈카페,챔피언1250X 스타필드 안성점,상시,영유아 및 어린이 (0세~9세),경기 안성시 챔피언1250X 스타필드 안성점,무료/유료 (플레이스 참조),경기 안성시에 위치한 인기 아기랑 키즈카페 명소인 [챔피언1250X 스타필드 안성점]입니다.,https://search.naver.com/search.naver?where=nexearch&query=%EA%B2%BD%EA%B8%B0%20%EC%95%88%EC%84%B1%EC%8B%9C%20%EC%95%84%EA%B8%B0%EB%9E%91%20%ED%82%A4%EC%A6%88%EC%B9%B4%ED%8E%98,family:1.0;baby:1.0;parking:1.0;nursing_room:1.0;안성시;아기랑 키즈카페,2026-08-22 20:34:25,toddler:1.0;indoor:0.9;play:1.0,2,85
네이버 장소검색 | 경기 안성시,사설키즈카페,룰루랄라 안성점,상시,영유아 및 어린이 (0세~9세),경기 안성시 룰루랄라 안성점,무료/유료 (플레이스 참조),경기 안성시에 위치한 인기 아기랑 키즈카페 명소인 [룰루랄라 안성점]입니다.,https://search.naver.com/search.naver?where=nexearch&query=%EA%B2%BD%EA%B8%B0%20%EC%95%88%EC%84%B1%EC%8B%9C%20%EC%95%84%EA%B8%B0%EB%9E%91%20%ED%82%A4%EC%A6%88%EC%B9%B4%ED%8E%98,family:1.0;baby:1.0;parking:1.0;nursing_room:1.0;안성시;아기랑 키즈카페,2026-08-22 20:34:25,toddler:1.0;indoor:0.9;play:1.0,2,85
네이버 장소검색 | 경기 안성시,사설키즈카페,아이포레키즈카페 안성공도점,상시,영유아 및 어린이 (0세~9세),경기 안성시 아이포레키즈카페 안성공도점,무료/유료 (플레이스 참조),경기 안성시에 위치한 인기 아기랑 키즈카페 명소인 [아이포레키즈카페 안성공도점]입니다.,https://search.naver.com/search.naver?where=nexearch&query=%EA%B2%BD%EA%B8%B0%20%EC%95%88%EC%84%B1%EC%8B%9C%20%EC%95%84%EA%B8%B0%EB%9E%91%20%ED%82%A4%EC%A6%88%EC%B9%B4%ED%8E%98,family:1.0;baby:1.0;parking:1.0;nursing_room:1.0;안성시;아기랑 키즈카페,2026-08-22 20:34:25,toddler:1.0;indoor:0.9;play:1.0,2,85
네이버 장소검색 | 경기 안성시,사설키즈카페,맬맬키즈룸,상시,영유아 및 어린이 (0세~9세),경기 안성시 맬맬키즈룸,무료/유료 (플레이스 참조),경기 안성시에 위치한 인기 아기랑 키즈카페 명소인 [맬맬키즈룸]입니다.,https://search.naver.com/search.naver?where=nexearch&query=%EA%B2%BD%EA%B8%B0%20%EC%95%88%EC%84%B1%EC%8B%9C%20%EC%95%84%EA%B8%B0%EB%9E%91%20%ED%82%A4%EC%A6%88%EC%B9%B4%ED%8E%98,family:1.0;baby:1.0;parking:1.0;nursing_room:1.0;안성시;아기랑 키즈카페,2026-08-22 20:34:25,toddler:1.0;indoor:0.9;play:1.0,2,85
네이버 장소검색 | 경기 안성시,사설키즈카페,포포레,상시,영유아 및 어린이 (0세~9세),경기 안성시 포포레,무료/유료 (플레이스 참조),경기 안성시에 위치한 인기 아기랑 키즈카페 명소인 [포포레]입니다.,https://search.naver.com/search.naver?where=nexearch&query=%EA%B2%BD%EA%B8%B0%20%EC%95%88%EC%84%B1%EC%8B%9C%20%EC%95%84%EA%B8%B0%EB%9E%91%20%ED%82%A4%EC%A6%88%EC%B9%B4%ED%8E%98,family:1.0;baby:1.0;parking:1.0;nursing_room:1.0;안성시;아기랑 키즈카페,2026-08-22 20:34:25,toddler:1.0;indoor:0.9;play:1.0,2,85
네이버 장소검색 | 경기 안성시,사설키즈카페,블럭맘,상시,영유아 및 어린이 (0세~9세),경기 안성시 블럭맘,무료/유료 (플레이스 참조),경기 안성시에 위치한 인기 아기랑 키즈카페 명소인 [블럭맘]입니다.,https://search.naver.com/search.naver?where=nexearch&query=%EA%B2%BD%EA%B8%B0%20%EC%95%88%EC%84%B1%EC%8B%9C%20%EC%95%84%EA%B8%B0%EB%9E%91%20%ED%82%A4%EC%A6%88%EC%B9%B4%ED%8E%98,family:1.0;baby:1.0;parking:1.0;nursing_room:1.0;안성시;아기랑 키즈카페,2026-08-22 20:34:25,toddler:1.0;indoor:0.9;play:1.0,2,85
네이버 장소검색 | 경기 안성시,사설키즈카페,룰루랄라키즈카페-안성,상시,영유아 및 어린이 (0세~9세),경기 안성시 룰루랄라키즈카페-안성,무료/유료 (플레이스 참조),경기 안성시에 위치한 인기 아기랑 키즈카페 명소인 [룰루랄라키즈카페-안성]입니다.,https://search.naver.com/search.naver?where=nexearch&query=%EA%B2%BD%EA%B8%B0%20%EC%95%88%EC%84%B1%EC%8B%9C%20%EC%95%84%EA%B8%B0%EB%9E%91%20%ED%82%A4%EC%A6%88%EC%B9%B4%ED%8E%98,family:1.0;baby:1.0;parking:1.0;nursing_room:1.0;안성시;아기랑 키즈카페,2026-08-22 20:34:25,toddler:1.0;indoor:0.9;play:1.0,2,85
네이버 장소검색 | 경기 안성시,사설키즈카페,경기도안성시,상시,영유아 및 어린이 (0세~9세),경기 안성시 경기도안성시,무료/유료 (플레이스 참조),경기 안성시에 위치한 인기 아기랑 키즈카페 명소인 [경기도안성시]입니다.,https://search.naver.com/search.naver?where=nexearch&query=%EA%B2%BD%EA%B8%B0%20%EC%95%88%EC%84%B1%EC%8B%9C%20%EC%95%84%EA%B8%B0%EB%9E%91%20%ED%82%A4%EC%A6%88%EC%B9%B4%ED%8E%98,family:1.0;baby:1.0;parking:1.0;nursing_room:1.0;안성시;아기랑 키즈카페,2026-08-22 20:34:25,toddler:1.0;indoor:0.9;play:1.0,2,85
네이버 장소검색 | 경기 안성시,자연친화,원더풀도그베이수영장,상시,영유아 및 어린이 (0세~9세),경기 안성시 원더풀도그베이수영장,무료/유료 (플레이스 참조),경기 안성시에 위치한 인기 아기랑 수영장 명소인 [원더풀도그베이수영장]입니다.,https://search.naver.com/search.naver?where=nexearch&query=%EA%B2%BD%EA%B8%B0%20%EC%95%88%EC%84%B1%EC%8B%9C%20%EC%95%84%EA%B8%B0%EB%9E%91%20%EC%88%98%EC%98%81%EC%9E%A5,family:1.0;baby:1.0;parking:1.0;nursing_room:1.0;안성시;아기랑 수영장,2026-08-22 20:34:25,pool:1.0;water:1.0;outdoor:0.9,2,85
네이버 장소검색 | 경기 안성시,자연친화,산들수영장 안성점수영장,상시,영유아 및 어린이 (0세~9세),경기 안성시 산들수영장 안성점수영장,무료/유료 (플레이스 참조),경기 안성시에 위치한 인기 아기랑 수영장 명소인 [산들수영장 안성점수영장]입니다.,https://search.naver.com/search.naver?where=nexearch&query=%EA%B2%BD%EA%B8%B0%20%EC%95%88%EC%84%B1%EC%8B%9C%20%EC%95%84%EA%B8%B0%EB%9E%91%20%EC%88%98%EC%98%81%EC%9E%A5,family:1.0;baby:1.0;parking:1.0;nursing_room:1.0;안성시;아기랑 수영장,2026-08-22 20:34:25,pool:1.0;water:1.0;outdoor:0.9,2,85
네이버 장소검색 | 경기 안성시,자연친화,안성국민체육센터수영장,상시,영유아 및 어린이 (0세~9세),경기 안성시 안성국민체육센터수영장,무료/유료 (플레이스 참조),경기 안성시에 위치한 인기 아기랑 수영장 명소인 [안성국민체육센터수영장]입니다.,https://search.naver.com/search.naver?where=nexearch&query=%EA%B2%BD%EA%B8%B0%20%EC%95%88%EC%84%B1%EC%8B%9C%20%EC%95%84%EA%B8%B0%EB%9E%91%20%EC%88%98%EC%98%81%EC%9E%A5,family:1.0;baby:1.0;parking:1.0;nursing_room:1.0;안성시;아기랑 수영장,2026-08-22 20:34:25,pool:1.0;water:1.0;outdoor:0.9,2,85
네이버 장소검색 | 경기 안성시,자연친화,안성수영국민체육센터수영장,상시,영유아 및 어린이 (0세~9세),경기 안성시 안성수영국민체육센터수영장,무료/유료 (플레이스 참조),경기 안성시에 위치한 인기 아기랑 수영장 명소인 [안성수영국민체육센터수영장]입니다.,https://search.naver.com/search.naver?where=nexearch&query=%EA%B2%BD%EA%B8%B0%20%EC%95%88%EC%84%B1%EC%8B%9C%20%EC%95%84%EA%B8%B0%EB%9E%91%20%EC%88%98%EC%98%81%EC%9E%A5,family:1.0;baby:1.0;parking:1.0;nursing_room:1.0;안성시;아기랑 수영장,2026-08-22 20:34:25,pool:1.0;water:1.0;outdoor:0.9,2,85
네이버 장소검색 | 경기 안성시,자연친화,웨이브스위밍수영장,상시,영유아 및 어린이 (0세~9세),경기 안성시 웨이브스위밍수영장,무료/유료 (플레이스 참조),경기 안성시에 위치한 인기 아기랑 수영장 명소인 [웨이브스위밍수영장]입니다.,https://search.naver.com/search.naver?where=nexearch&query=%EA%B2%BD%EA%B8%B0%20%EC%95%88%EC%84%B1%EC%8B%9C%20%EC%95%84%EA%B8%B0%EB%9E%91%20%EC%88%98%EC%98%81%EC%9E%A5,family:1.0;baby:1.0;parking:1.0;nursing_room:1.0;안성시;아기랑 수영장,2026-08-22 20:34:25,pool:1.0;water:1.0;outdoor:0.9,2,85
네이버 장소검색 | 경기 안성시,자연친화,키즈스플래쉬 스타필드안성점수영장,상시,영유아 및 어린이 (0세~9세),경기 안성시 키즈스플래쉬 스타필드안성점수영장,무료/유료 (플레이스 참조),경기 안성시에 위치한 인기 아기랑 수영장 명소인 [키즈스플래쉬 스타필드안성점수영장]입니다.,https://search.naver.com/search.naver?where=nexearch&query=%EA%B2%BD%EA%B8%B0%20%EC%95%88%EC%84%B1%EC%8B%9C%20%EC%95%84%EA%B8%B0%EB%9E%91%20%EC%88%98%EC%98%81%EC%9E%A5,family:1.0;baby:1.0;parking:1.0;nursing_room:1.0;안성시;아기랑 수영장,2026-08-22 20:34:25,pool:1.0;water:1.0;outdoor:0.9,2,85
네이버 장소검색 | 경기 안성시,자연친화,안성파크엘림,상시,영유아 및 어린이 (0세~9세),경기 안성시 안성파크엘림,무료/유료 (플레이스 참조),경기 안성시에 위치한 인기 아기랑 수영장 명소인 [안성파크엘림]입니다.,https://search.naver.com/search.naver?where=nexearch&query=%EA%B2%BD%EA%B8%B0%20%EC%95%88%EC%84%B1%EC%8B%9C%20%EC%95%84%EA%B8%B0%EB%9E%91%20%EC%88%98%EC%98%81%EC%9E%A5,family:1.0;baby:1.0;parking:1.0;nursing_room:1.0;안성시;아기랑 수영장,2026-08-22 20:34:25,pool:1.0;water:1.0;outdoor:0.9,2,85
네이버 장소검색 | 경기 안성시,자연친화,안성맞춤가족공원공원,상시,영유아 및 어린이 (0세~9세),경기 안성시 안성맞춤가족공원공원,무료/유료 (플레이스 참조),경기 안성시에 위치한 인기 아기랑 공원 명소인 [안성맞춤가족공원공원]입니다.,https://search.naver.com/search.naver?where=nexearch&query=%EA%B2%BD%EA%B8%B0%20%EC%95%88%EC%84%B1%EC%8B%9C%20%EC%95%84%EA%B8%B0%EB%9E%91%20%EA%B3%B5%EC%9B%90,family:1.0;baby:1.0;parking:1.0;nursing_room:1.0;안성시;아기랑 공원,2026-08-22 20:34:25,park:1.0;picnic:1.0;nature:1.0,2,85
네이버 장소검색 | 경기 안성시,자연친화,내혜홀광장공원,상시,영유아 및 어린이 (0세~9세),경기 안성시 내혜홀광장공원,무료/유료 (플레이스 참조),경기 안성시에 위치한 인기 아기랑 공원 명소인 [내혜홀광장공원]입니다.,https://search.naver.com/search.naver?where=nexearch&query=%EA%B2%BD%EA%B8%B0%20%EC%95%88%EC%84%B1%EC%8B%9C%20%EC%95%84%EA%B8%B0%EB%9E%91%20%EA%B3%B5%EC%9B%90,family:1.0;baby:1.0;parking:1.0;nursing_room:1.0;안성시;아기랑 공원,2026-08-22 20:34:25,park:1.0;picnic:1.0;nature:1.0,2,85
네이버 장소검색 | 경기 안성시,자연친화,칠곡호수공원공원,상시,영유아 및 어린이 (0세~9세),경기 안성시 칠곡호수공원공원,무료/유료 (플레이스 참조),경기 안성시에 위치한 인기 아기랑 공원 명소인 [칠곡호수공원공원]입니다.,https://search.naver.com/search.naver?where=nexearch&query=%EA%B2%BD%EA%B8%B0%20%EC%95%88%EC%84%B1%EC%8B%9C%20%EC%95%84%EA%B8%B0%EB%9E%91%20%EA%B3%B5%EC%9B%90,family:1.0;baby:1.0;parking:1.0;nursing_room:1.0;안성시;아기랑 공원,2026-08-22 20:34:25,park:1.0;picnic:1.0;nature:1.0,2,85
네이버 장소검색 | 경기 안성시,자연친화,퇴미2공원공원,상시,영유아 및 어린이 (0세~9세),경기 안성시 퇴미2공원공원,무료/유료 (플레이스 참조),경기 안성시에 위치한 인기 아기랑 공원 명소인 [퇴미2공원공원]입니다.,https://search.naver.com/search.naver?where=nexearch&query=%EA%B2%BD%EA%B8%B0%20%EC%95%88%EC%84%B1%EC%8B%9C%20%EC%95%84%EA%B8%B0%EB%9E%91%20%EA%B3%B5%EC%9B%90,family:1.0;baby:1.0;parking:1.0;nursing_room:1.0;안성시;아기랑 공원,2026-08-22 20:34:25,park:1.0;picnic:1.0;nature:1.0,2,85
네이버 장소검색 | 경기 안성시,자연친화,낙원역사공원공원,상시,영유아 및 어린이 (0세~9세),경기 안성시 낙원역사공원공원,무료/유료 (플레이스 참조),경기 안성시에 위치한 인기 아기랑 공원 명소인 [낙원역사공원공원]입니다.,https://search.naver.com/search.naver?where=nexearch&query=%EA%B2%BD%EA%B8%B0%20%EC%95%88%EC%84%B1%EC%8B%9C%20%EC%95%84%EA%B8%B0%EB%9E%91%20%EA%B3%B5%EC%9B%90,family:1.0;baby:1.0;parking:1.0;nursing_room:1.0;안성시;아기랑 공원,2026-08-22 20:34:25,park:1.0;picnic:1.0;nature:1.0,2,85
네이버 장소검색 | 경기 안성시,자연친화,금광호수공원공원,상시,영유아 및 어린이 (0세~9세),경기 안성시 금광호수공원공원,무료/유료 (플레이스 참조),경기 안성시에 위치한 인기 아기랑 공원 명소인 [금광호수공원공원]입니다.,https://search.naver.com/search.naver?where=nexearch&query=%EA%B2%BD%EA%B8%B0%20%EC%95%88%EC%84%B1%EC%8B%9C%20%EC%95%84%EA%B8%B0%EB%9E%91%20%EA%B3%B5%EC%9B%90,family:1.0;baby:1.0;parking:1.0;nursing_room:1.0;안성시;아기랑 공원,2026-08-22 20:34:25,park:1.0;picnic:1.0;nature:1.0,2,85
네이버 장소검색 | 경기 안성시,가족체험,아리따운열매경기도안성시양성면 이화길 71-8 1층,상시,영유아 및 어린이 (0세~9세),경기 안성시 아리따운열매경기도안성시양성면 이화길 71-8 1층,무료/유료 (플레이스 참조),경기 안성시에 위치한 인기 아기랑 농장체험 명소인 [아리따운열매경기도안성시양성면 이화길 71-8 1층]입니다.,https://search.naver.com/search.naver?where=nexearch&query=%EA%B2%BD%EA%B8%B0%20%EC%95%88%EC%84%B1%EC%8B%9C%20%EC%95%84%EA%B8%B0%EB%9E%91%20%EB%86%8D%EC%9E%A5%EC%B2%B4%ED%97%98,family:1.0;baby:1.0;parking:1.0;nursing_room:1.0;안성시;아기랑 농장체험,2026-08-22 20:34:25,farm:1.0;animal:1.0;experience:1.0,2,85
네이버 장소검색 | 경기 포천시,사설키즈카페,레고아트랜드,상시,영유아 및 어린이 (0세~9세),경기 포천시 레고아트랜드,무료/유료 (플레이스 참조),경기 포천시에 위치한 인기 아기랑 키즈카페 명소인 [레고아트랜드]입니다.,https://search.naver.com/search.naver?where=nexearch&query=%EA%B2%BD%EA%B8%B0%20%ED%8F%AC%EC%B2%9C%EC%8B%9C%20%EC%95%84%EA%B8%B0%EB%9E%91%20%ED%82%A4%EC%A6%88%EC%B9%B4%ED%8E%98,family:1.0;baby:1.0;parking:1.0;nursing_room:1.0;포천시;아기랑 키즈카페,2026-08-22 20:34:25,toddler:1.0;indoor:0.9;play:1.0,2,85
네이버 장소검색 | 경기 포천시,사설키즈카페,포천아이사랑놀이터,상시,영유아 및 어린이 (0세~9세),경기 포천시 포천아이사랑놀이터,무료/유료 (플레이스 참조),경기 포천시에 위치한 인기 아기랑 키즈카페 명소인 [포천아이사랑놀이터]입니다.,https://search.naver.com/search.naver?where=nexearch&query=%EA%B2%BD%EA%B8%B0%20%ED%8F%AC%EC%B2%9C%EC%8B%9C%20%EC%95%84%EA%B8%B0%EB%9E%91%20%ED%82%A4%EC%A6%88%EC%B9%B4%ED%8E%98,family:1.0;baby:1.0;parking:1.0;nursing_room:1.0;포천시;아기랑 키즈카페,2026-08-22 20:34:25,toddler:1.0;indoor:0.9;play:1.0,2,85
네이버 장소검색 | 경기 포천시,사설키즈카페,키즈필 포천점,상시,영유아 및 어린이 (0세~9세),경기 포천시 키즈필 포천점,무료/유료 (플레이스 참조),경기 포천시에 위치한 인기 아기랑 키즈카페 명소인 [키즈필 포천점]입니다.,https://search.naver.com/search.naver?where=nexearch&query=%EA%B2%BD%EA%B8%B0%20%ED%8F%AC%EC%B2%9C%EC%8B%9C%20%EC%95%84%EA%B8%B0%EB%9E%91%20%ED%82%A4%EC%A6%88%EC%B9%B4%ED%8E%98,family:1.0;baby:1.0;parking:1.0;nursing_room:1.0;포천시;아기랑 키즈카페,2026-08-22 20:34:25,toddler:1.0;indoor:0.9;play:1.0,2,85
네이버 장소검색 | 경기 포천시,사설키즈카페,노리파크 포천일동점,상시,영유아 및 어린이 (0세~9세),경기 포천시 노리파크 포천일동점,무료/유료 (플레이스 참조),경기 포천시에 위치한 인기 아기랑 키즈카페 명소인 [노리파크 포천일동점]입니다.,https://search.naver.com/search.naver?where=nexearch&query=%EA%B2%BD%EA%B8%B0%20%ED%8F%AC%EC%B2%9C%EC%8B%9C%20%EC%95%84%EA%B8%B0%EB%9E%91%20%ED%82%A4%EC%A6%88%EC%B9%B4%ED%8E%98,family:1.0;baby:1.0;parking:1.0;nursing_room:1.0;포천시;아기랑 키즈카페,2026-08-22 20:34:25,toddler:1.0;indoor:0.9;play:1.0,2,85
네이버 장소검색 | 경기 포천시,사설키즈카페,뚝딱뚝딱 놀이터공장,상시,영유아 및 어린이 (0세~9세),경기 포천시 뚝딱뚝딱 놀이터공장,무료/유료 (플레이스 참조),경기 포천시에 위치한 인기 아기랑 키즈카페 명소인 [뚝딱뚝딱 놀이터공장]입니다.,https://search.naver.com/search.naver?where=nexearch&query=%EA%B2%BD%EA%B8%B0%20%ED%8F%AC%EC%B2%9C%EC%8B%9C%20%EC%95%84%EA%B8%B0%EB%9E%91%20%ED%82%A4%EC%A6%88%EC%B9%B4%ED%8E%98,family:1.0;baby:1.0;parking:1.0;nursing_room:1.0;포천시;아기랑 키즈카페,2026-08-22 20:34:25,toddler:1.0;indoor:0.9;play:1.0,2,85
네이버 장소검색 | 경기 포천시,사설키즈카페,리틀비틀,상시,영유아 및 어린이 (0세~9세),경기 포천시 리틀비틀,무료/유료 (플레이스 참조),경기 포천시에 위치한 인기 아기랑 키즈카페 명소인 [리틀비틀]입니다.,https://search.naver.com/search.naver?where=nexearch&query=%EA%B2%BD%EA%B8%B0%20%ED%8F%AC%EC%B2%9C%EC%8B%9C%20%EC%95%84%EA%B8%B0%EB%9E%91%20%ED%82%A4%EC%A6%88%EC%B9%B4%ED%8E%98,family:1.0;baby:1.0;parking:1.0;nursing_room:1.0;포천시;아기랑 키즈카페,2026-08-22 20:34:25,toddler:1.0;indoor:0.9;play:1.0,2,85
네이버 장소검색 | 경기 포천시,사설키즈카페,경기도포천시,상시,영유아 및 어린이 (0세~9세),경기 포천시 경기도포천시,무료/유료 (플레이스 참조),경기 포천시에 위치한 인기 아기랑 키즈카페 명소인 [경기도포천시]입니다.,https://search.naver.com/search.naver?where=nexearch&query=%EA%B2%BD%EA%B8%B0%20%ED%8F%AC%EC%B2%9C%EC%8B%9C%20%EC%95%84%EA%B8%B0%EB%9E%91%20%ED%82%A4%EC%A6%88%EC%B9%B4%ED%8E%98,family:1.0;baby:1.0;parking:1.0;nursing_room:1.0;포천시;아기랑 키즈카페,2026-08-22 20:34:25,toddler:1.0;indoor:0.9;play:1.0,2,85
네이버 장소검색 | 경기 포천시,자연친화,백운계곡,상시,영유아 및 어린이 (0세~9세),경기 포천시 백운계곡,무료/유료 (플레이스 참조),경기 포천시에 위치한 인기 아기랑 계곡 명소인 [백운계곡]입니다.,https://search.naver.com/search.naver?where=nexearch&query=%EA%B2%BD%EA%B8%B0%20%ED%8F%AC%EC%B2%9C%EC%8B%9C%20%EC%95%84%EA%B8%B0%EB%9E%91%20%EA%B3%84%EA%B3%A1,family:1.0;baby:1.0;parking:1.0;nursing_room:1.0;포천시;아기랑 계곡,2026-08-22 20:34:25,valley:1.0;nature:1.0;water:1.0,2,85
네이버 장소검색 | 경기 포천시,자연친화,지장산계곡,상시,영유아 및 어린이 (0세~9세),경기 포천시 지장산계곡,무료/유료 (플레이스 참조),경기 포천시에 위치한 인기 아기랑 계곡 명소인 [지장산계곡]입니다.,https://search.naver.com/search.naver?where=nexearch&query=%EA%B2%BD%EA%B8%B0%20%ED%8F%AC%EC%B2%9C%EC%8B%9C%20%EC%95%84%EA%B8%B0%EB%9E%91%20%EA%B3%84%EA%B3%A1,family:1.0;baby:1.0;parking:1.0;nursing_room:1.0;포천시;아기랑 계곡,2026-08-22 20:34:25,valley:1.0;nature:1.0;water:1.0,2,85
네이버 장소검색 | 경기 포천시,자연친화,선유담계곡,상시,영유아 및 어린이 (0세~9세),경기 포천시 선유담계곡,무료/유료 (플레이스 참조),경기 포천시에 위치한 인기 아기랑 계곡 명소인 [선유담계곡]입니다.,https://search.naver.com/search.naver?where=nexearch&query=%EA%B2%BD%EA%B8%B0%20%ED%8F%AC%EC%B2%9C%EC%8B%9C%20%EC%95%84%EA%B8%B0%EB%9E%91%20%EA%B3%84%EA%B3%A1,family:1.0;baby:1.0;parking:1.0;nursing_room:1.0;포천시;아기랑 계곡,2026-08-22 20:34:25,valley:1.0;nature:1.0;water:1.0,2,85
네이버 장소검색 | 경기 포천시,자연친화,도마치계곡,상시,영유아 및 어린이 (0세~9세),경기 포천시 도마치계곡,무료/유료 (플레이스 참조),경기 포천시에 위치한 인기 아기랑 계곡 명소인 [도마치계곡]입니다.,https://search.naver.com/search.naver?where=nexearch&query=%EA%B2%BD%EA%B8%B0%20%ED%8F%AC%EC%B2%9C%EC%8B%9C%20%EC%95%84%EA%B8%B0%EB%9E%91%20%EA%B3%84%EA%B3%A1,family:1.0;baby:1.0;parking:1.0;nursing_room:1.0;포천시;아기랑 계곡,2026-08-22 20:34:25,valley:1.0;nature:1.0;water:1.0,2,85
네이버 장소검색 | 경기 포천시,자연친화,왕방계곡,상시,영유아 및 어린이 (0세~9세),경기 포천시 왕방계곡,무료/유료 (플레이스 참조),경기 포천시에 위치한 인기 아기랑 계곡 명소인 [왕방계곡]입니다.,https://search.naver.com/search.naver?where=nexearch&query=%EA%B2%BD%EA%B8%B0%20%ED%8F%AC%EC%B2%9C%EC%8B%9C%20%EC%95%84%EA%B8%B0%EB%9E%91%20%EA%B3%84%EA%B3%A1,family:1.0;baby:1.0;parking:1.0;nursing_room:1.0;포천시;아기랑 계곡,2026-08-22 20:34:25,valley:1.0;nature:1.0;water:1.0,2,85
네이버 장소검색 | 경기 포천시,자연친화,탑동계곡,상시,영유아 및 어린이 (0세~9세),경기 포천시 탑동계곡,무료/유료 (플레이스 참조),경기 포천시에 위치한 인기 아기랑 계곡 명소인 [탑동계곡]입니다.,https://search.naver.com/search.naver?where=nexearch&query=%EA%B2%BD%EA%B8%B0%20%ED%8F%AC%EC%B2%9C%EC%8B%9C%20%EC%95%84%EA%B8%B0%EB%9E%91%20%EA%B3%84%EA%B3%A1,family:1.0;baby:1.0;parking:1.0;nursing_room:1.0;포천시;아기랑 계곡,2026-08-22 20:34:25,valley:1.0;nature:1.0;water:1.0,2,85
네이버 장소검색 | 경기 포천시,자연친화,팜팜랜드 포천점수영장,상시,영유아 및 어린이 (0세~9세),경기 포천시 팜팜랜드 포천점수영장,무료/유료 (플레이스 참조),경기 포천시에 위치한 인기 아기랑 수영장 명소인 [팜팜랜드 포천점수영장]입니다.,https://search.naver.com/search.naver?where=nexearch&query=%EA%B2%BD%EA%B8%B0%20%ED%8F%AC%EC%B2%9C%EC%8B%9C%20%EC%95%84%EA%B8%B0%EB%9E%91%20%EC%88%98%EC%98%81%EC%9E%A5,family:1.0;baby:1.0;parking:1.0;nursing_room:1.0;포천시;아기랑 수영장,2026-08-22 20:34:25,pool:1.0;water:1.0;outdoor:0.9,2,85
네이버 장소검색 | 경기 포천시,자연친화,포천블루파크수영장,상시,영유아 및 어린이 (0세~9세),경기 포천시 포천블루파크수영장,무료/유료 (플레이스 참조),경기 포천시에 위치한 인기 아기랑 수영장 명소인 [포천블루파크수영장]입니다.,https://search.naver.com/search.naver?where=nexearch&query=%EA%B2%BD%EA%B8%B0%20%ED%8F%AC%EC%B2%9C%EC%8B%9C%20%EC%95%84%EA%B8%B0%EB%9E%91%20%EC%88%98%EC%98%81%EC%9E%A5,family:1.0;baby:1.0;parking:1.0;nursing_room:1.0;포천시;아기랑 수영장,2026-08-22 20:34:25,pool:1.0;water:1.0;outdoor:0.9,2,85
네이버 장소검색 | 경기 포천시,자연친화,포천 풀빌라 조이풀글램핑수영장,상시,영유아 및 어린이 (0세~9세),경기 포천시 포천 풀빌라 조이풀글램핑수영장,무료/유료 (플레이스 참조),경기 포천시에 위치한 인기 아기랑 수영장 명소인 [포천 풀빌라 조이풀글램핑수영장]입니다.,https://search.naver.com/search.naver?where=nexearch&query=%EA%B2%BD%EA%B8%B0%20%ED%8F%AC%EC%B2%9C%EC%8B%9C%20%EC%95%84%EA%B8%B0%EB%9E%91%20%EC%88%98%EC%98%81%EC%9E%A5,family:1.0;baby:1.0;parking:1.0;nursing_room:1.0;포천시;아기랑 수영장,2026-08-22 20:34:25,pool:1.0;water:1.0;outdoor:0.9,2,85
네이버 장소검색 | 경기 포천시,자연친화,프로방스 빌리지 수영장,상시,영유아 및 어린이 (0세~9세),경기 포천시 프로방스 빌리지 수영장,무료/유료 (플레이스 참조),경기 포천시에 위치한 인기 아기랑 수영장 명소인 [프로방스 빌리지 수영장]입니다.,https://search.naver.com/search.naver?where=nexearch&query=%EA%B2%BD%EA%B8%B0%20%ED%8F%AC%EC%B2%9C%EC%8B%9C%20%EC%95%84%EA%B8%B0%EB%9E%91%20%EC%88%98%EC%98%81%EC%9E%A5,family:1.0;baby:1.0;parking:1.0;nursing_room:1.0;포천시;아기랑 수영장,2026-08-22 20:34:25,pool:1.0;water:1.0;outdoor:0.9,2,85
네이버 장소검색 | 경기 포천시,자연친화,아리움체육센터수영장,상시,영유아 및 어린이 (0세~9세),경기 포천시 아리움체육센터수영장,무료/유료 (플레이스 참조),경기 포천시에 위치한 인기 아기랑 수영장 명소인 [아리움체육센터수영장]입니다.,https://search.naver.com/search.naver?where=nexearch&query=%EA%B2%BD%EA%B8%B0%20%ED%8F%AC%EC%B2%9C%EC%8B%9C%20%EC%95%84%EA%B8%B0%EB%9E%91%20%EC%88%98%EC%98%81%EC%9E%A5,family:1.0;baby:1.0;parking:1.0;nursing_room:1.0;포천시;아기랑 수영장,2026-08-22 20:34:25,pool:1.0;water:1.0;outdoor:0.9,2,85
네이버 장소검색 | 경기 포천시,자연친화,마홀수영장,상시,영유아 및 어린이 (0세~9세),경기 포천시 마홀수영장,무료/유료 (플레이스 참조),경기 포천시에 위치한 인기 아기랑 수영장 명소인 [마홀수영장]입니다.,https://search.naver.com/search.naver?where=nexearch&query=%EA%B2%BD%EA%B8%B0%20%ED%8F%AC%EC%B2%9C%EC%8B%9C%20%EC%95%84%EA%B8%B0%EB%9E%91%20%EC%88%98%EC%98%81%EC%9E%A5,family:1.0;baby:1.0;parking:1.0;nursing_room:1.0;포천시;아기랑 수영장,2026-08-22 20:34:25,pool:1.0;water:1.0;outdoor:0.9,2,85
네이버 장소검색 | 경기 포천시,자연친화,고모호수공원자연공원,상시,영유아 및 어린이 (0세~9세),경기 포천시 고모호수공원자연공원,무료/유료 (플레이스 참조),경기 포천시에 위치한 인기 아기랑 공원 명소인 [고모호수공원자연공원]입니다.,https://search.naver.com/search.naver?where=nexearch&query=%EA%B2%BD%EA%B8%B0%20%ED%8F%AC%EC%B2%9C%EC%8B%9C%20%EC%95%84%EA%B8%B0%EB%9E%91%20%EA%B3%B5%EC%9B%90,family:1.0;baby:1.0;parking:1.0;nursing_room:1.0;포천시;아기랑 공원,2026-08-22 20:34:25,park:1.0;picnic:1.0;nature:1.0,2,85
네이버 장소검색 | 경기 포천시,자연친화,한탄강 유네스코 세계지질공원자연공원,상시,영유아 및 어린이 (0세~9세),경기 포천시 한탄강 유네스코 세계지질공원자연공원,무료/유료 (플레이스 참조),경기 포천시에 위치한 인기 아기랑 공원 명소인 [한탄강 유네스코 세계지질공원자연공원]입니다.,https://search.naver.com/search.naver?where=nexearch&query=%EA%B2%BD%EA%B8%B0%20%ED%8F%AC%EC%B2%9C%EC%8B%9C%20%EC%95%84%EA%B8%B0%EB%9E%91%20%EA%B3%B5%EC%9B%90,family:1.0;baby:1.0;parking:1.0;nursing_room:1.0;포천시;아기랑 공원,2026-08-22 20:34:25,park:1.0;picnic:1.0;nature:1.0,2,85
네이버 장소검색 | 경기 포천시,자연친화,태봉공원자연공원,상시,영유아 및 어린이 (0세~9세),경기 포천시 태봉공원자연공원,무료/유료 (플레이스 참조),경기 포천시에 위치한 인기 아기랑 공원 명소인 [태봉공원자연공원]입니다.,https://search.naver.com/search.naver?where=nexearch&query=%EA%B2%BD%EA%B8%B0%20%ED%8F%AC%EC%B2%9C%EC%8B%9C%20%EC%95%84%EA%B8%B0%EB%9E%91%20%EA%B3%B5%EC%9B%90,family:1.0;baby:1.0;parking:1.0;nursing_room:1.0;포천시;아기랑 공원,2026-08-22 20:34:25,park:1.0;picnic:1.0;nature:1.0,2,85
네이버 장소검색 | 경기 포천시,자연친화,기산공원,상시,영유아 및 어린이 (0세~9세),경기 포천시 기산공원,무료/유료 (플레이스 참조),경기 포천시에 위치한 인기 아기랑 공원 명소인 [기산공원]입니다.,https://search.naver.com/search.naver?where=nexearch&query=%EA%B2%BD%EA%B8%B0%20%ED%8F%AC%EC%B2%9C%EC%8B%9C%20%EC%95%84%EA%B8%B0%EB%9E%91%20%EA%B3%B5%EC%9B%90,family:1.0;baby:1.0;parking:1.0;nursing_room:1.0;포천시;아기랑 공원,2026-08-22 20:34:25,park:1.0;picnic:1.0;nature:1.0,2,85
네이버 장소검색 | 경기 포천시,자연친화,솔모루공원공원,상시,영유아 및 어린이 (0세~9세),경기 포천시 솔모루공원공원,무료/유료 (플레이스 참조),경기 포천시에 위치한 인기 아기랑 공원 명소인 [솔모루공원공원]입니다.,https://search.naver.com/search.naver?where=nexearch&query=%EA%B2%BD%EA%B8%B0%20%ED%8F%AC%EC%B2%9C%EC%8B%9C%20%EC%95%84%EA%B8%B0%EB%9E%91%20%EA%B3%B5%EC%9B%90,family:1.0;baby:1.0;parking:1.0;nursing_room:1.0;포천시;아기랑 공원,2026-08-22 20:34:25,park:1.0;picnic:1.0;nature:1.0,2,85
네이버 장소검색 | 경기 포천시,자연친화,산정호수 조각공원자연공원,상시,영유아 및 어린이 (0세~9세),경기 포천시 산정호수 조각공원자연공원,무료/유료 (플레이스 참조),경기 포천시에 위치한 인기 아기랑 공원 명소인 [산정호수 조각공원자연공원]입니다.,https://search.naver.com/search.naver?where=nexearch&query=%EA%B2%BD%EA%B8%B0%20%ED%8F%AC%EC%B2%9C%EC%8B%9C%20%EC%95%84%EA%B8%B0%EB%9E%91%20%EA%B3%B5%EC%9B%90,family:1.0;baby:1.0;parking:1.0;nursing_room:1.0;포천시;아기랑 공원,2026-08-22 20:34:25,park:1.0;picnic:1.0;nature:1.0,2,85
네이버 장소검색 | 경기 의왕시,사설키즈카페,의왕키즈카페G마켓,상시,영유아 및 어린이 (0세~9세),경기 의왕시 의왕키즈카페G마켓,무료/유료 (플레이스 참조),경기 의왕시에 위치한 인기 아기랑 키즈카페 명소인 [의왕키즈카페G마켓]입니다.,https://search.naver.com/search.naver?where=nexearch&query=%EA%B2%BD%EA%B8%B0%20%EC%9D%98%EC%99%95%EC%8B%9C%20%EC%95%84%EA%B8%B0%EB%9E%91%20%ED%82%A4%EC%A6%88%EC%B9%B4%ED%8E%98,family:1.0;baby:1.0;parking:1.0;nursing_room:1.0;의왕시;아기랑 키즈카페,2026-08-22 20:34:25,toddler:1.0;indoor:0.9;play:1.0,2,85
네이버 장소검색 | 경기 의왕시,사설키즈카페,디스커버스 의왕,상시,영유아 및 어린이 (0세~9세),경기 의왕시 디스커버스 의왕,무료/유료 (플레이스 참조),경기 의왕시에 위치한 인기 아기랑 키즈카페 명소인 [디스커버스 의왕]입니다.,https://search.naver.com/search.naver?where=nexearch&query=%EA%B2%BD%EA%B8%B0%20%EC%9D%98%EC%99%95%EC%8B%9C%20%EC%95%84%EA%B8%B0%EB%9E%91%20%ED%82%A4%EC%A6%88%EC%B9%B4%ED%8E%98,family:1.0;baby:1.0;parking:1.0;nursing_room:1.0;의왕시;아기랑 키즈카페,2026-08-22 20:34:25,toddler:1.0;indoor:0.9;play:1.0,2,85
네이버 장소검색 | 경기 의왕시,사설키즈카페,바운스 슈퍼파크 롯데프리미엄아울렛 의왕 센터,상시,영유아 및 어린이 (0세~9세),경기 의왕시 바운스 슈퍼파크 롯데프리미엄아울렛 의왕 센터,무료/유료 (플레이스 참조),경기 의왕시에 위치한 인기 아기랑 키즈카페 명소인 [바운스 슈퍼파크 롯데프리미엄아울렛 의왕 센터]입니다.,https://search.naver.com/search.naver?where=nexearch&query=%EA%B2%BD%EA%B8%B0%20%EC%9D%98%EC%99%95%EC%8B%9C%20%EC%95%84%EA%B8%B0%EB%9E%91%20%ED%82%A4%EC%A6%88%EC%B9%B4%ED%8E%98,family:1.0;baby:1.0;parking:1.0;nursing_room:1.0;의왕시;아기랑 키즈카페,2026-08-22 20:34:25,toddler:1.0;indoor:0.9;play:1.0,2,85
네이버 장소검색 | 경기 의왕시,사설키즈카페,고마워토토 인덕원점,상시,영유아 및 어린이 (0세~9세),경기 의왕시 고마워토토 인덕원점,무료/유료 (플레이스 참조),경기 의왕시에 위치한 인기 아기랑 키즈카페 명소인 [고마워토토 인덕원점]입니다.,https://search.naver.com/search.naver?where=nexearch&query=%EA%B2%BD%EA%B8%B0%20%EC%9D%98%EC%99%95%EC%8B%9C%20%EC%95%84%EA%B8%B0%EB%9E%91%20%ED%82%A4%EC%A6%88%EC%B9%B4%ED%8E%98,family:1.0;baby:1.0;parking:1.0;nursing_room:1.0;의왕시;아기랑 키즈카페,2026-08-22 20:34:25,toddler:1.0;indoor:0.9;play:1.0,2,85
네이버 장소검색 | 경기 의왕시,사설키즈카페,꿀잼키즈룸 의왕내손점,상시,영유아 및 어린이 (0세~9세),경기 의왕시 꿀잼키즈룸 의왕내손점,무료/유료 (플레이스 참조),경기 의왕시에 위치한 인기 아기랑 키즈카페 명소인 [꿀잼키즈룸 의왕내손점]입니다.,https://search.naver.com/search.naver?where=nexearch&query=%EA%B2%BD%EA%B8%B0%20%EC%9D%98%EC%99%95%EC%8B%9C%20%EC%95%84%EA%B8%B0%EB%9E%91%20%ED%82%A4%EC%A6%88%EC%B9%B4%ED%8E%98,family:1.0;baby:1.0;parking:1.0;nursing_room:1.0;의왕시;아기랑 키즈카페,2026-08-22 20:34:25,toddler:1.0;indoor:0.9;play:1.0,2,85
네이버 장소검색 | 경기 의왕시,사설키즈카페,키즈카페 씽씽,상시,영유아 및 어린이 (0세~9세),경기 의왕시 키즈카페 씽씽,무료/유료 (플레이스 참조),경기 의왕시에 위치한 인기 아기랑 키즈카페 명소인 [키즈카페 씽씽]입니다.,https://search.naver.com/search.naver?where=nexearch&query=%EA%B2%BD%EA%B8%B0%20%EC%9D%98%EC%99%95%EC%8B%9C%20%EC%95%84%EA%B8%B0%EB%9E%91%20%ED%82%A4%EC%A6%88%EC%B9%B4%ED%8E%98,family:1.0;baby:1.0;parking:1.0;nursing_room:1.0;의왕시;아기랑 키즈카페,2026-08-22 20:34:25,toddler:1.0;indoor:0.9;play:1.0,2,85
네이버 장소검색 | 경기 의왕시,사설키즈카페,꿀잼키즈룸 의왕백운호수점,상시,영유아 및 어린이 (0세~9세),경기 의왕시 꿀잼키즈룸 의왕백운호수점,무료/유료 (플레이스 참조),경기 의왕시에 위치한 인기 아기랑 키즈카페 명소인 [꿀잼키즈룸 의왕백운호수점]입니다.,https://search.naver.com/search.naver?where=nexearch&query=%EA%B2%BD%EA%B8%B0%20%EC%9D%98%EC%99%95%EC%8B%9C%20%EC%95%84%EA%B8%B0%EB%9E%91%20%ED%82%A4%EC%A6%88%EC%B9%B4%ED%8E%98,family:1.0;baby:1.0;parking:1.0;nursing_room:1.0;의왕시;아기랑 키즈카페,2026-08-22 20:34:25,toddler:1.0;indoor:0.9;play:1.0,2,85
네이버 장소검색 | 경기 의왕시,사설키즈카페,경기도 안양시,상시,영유아 및 어린이 (0세~9세),경기 의왕시 경기도 안양시,무료/유료 (플레이스 참조),경기 의왕시에 위치한 인기 아기랑 키즈카페 명소인 [경기도 안양시]입니다.,https://search.naver.com/search.naver?where=nexearch&query=%EA%B2%BD%EA%B8%B0%20%EC%9D%98%EC%99%95%EC%8B%9C%20%EC%95%84%EA%B8%B0%EB%9E%91%20%ED%82%A4%EC%A6%88%EC%B9%B4%ED%8E%98,family:1.0;baby:1.0;parking:1.0;nursing_room:1.0;의왕시;아기랑 키즈카페,2026-08-22 20:34:25,toddler:1.0;indoor:0.9;play:1.0,2,85
네이버 장소검색 | 경기 의왕시,자연친화,고천체육공원 물방울놀이터수영장,상시,영유아 및 어린이 (0세~9세),경기 의왕시 고천체육공원 물방울놀이터수영장,무료/유료 (플레이스 참조),경기 의왕시에 위치한 인기 아기랑 수영장 명소인 [고천체육공원 물방울놀이터수영장]입니다.,https://search.naver.com/search.naver?where=nexearch&query=%EA%B2%BD%EA%B8%B0%20%EC%9D%98%EC%99%95%EC%8B%9C%20%EC%95%84%EA%B8%B0%EB%9E%91%20%EC%88%98%EC%98%81%EC%9E%A5,family:1.0;baby:1.0;parking:1.0;nursing_room:1.0;의왕시;아기랑 수영장,2026-08-22 20:34:25,pool:1.0;water:1.0;outdoor:0.9,2,85
네이버 장소검색 | 경기 의왕시,자연친화,의왕시평생학습관수영장,상시,영유아 및 어린이 (0세~9세),경기 의왕시 의왕시평생학습관수영장,무료/유료 (플레이스 참조),경기 의왕시에 위치한 인기 아기랑 수영장 명소인 [의왕시평생학습관수영장]입니다.,https://search.naver.com/search.naver?where=nexearch&query=%EA%B2%BD%EA%B8%B0%20%EC%9D%98%EC%99%95%EC%8B%9C%20%EC%95%84%EA%B8%B0%EB%9E%91%20%EC%88%98%EC%98%81%EC%9E%A5,family:1.0;baby:1.0;parking:1.0;nursing_room:1.0;의왕시;아기랑 수영장,2026-08-22 20:34:25,pool:1.0;water:1.0;outdoor:0.9,2,85
네이버 장소검색 | 경기 의왕시,자연친화,백운호수 ENDLESS POOLS수영장,상시,영유아 및 어린이 (0세~9세),경기 의왕시 백운호수 ENDLESS POOLS수영장,무료/유료 (플레이스 참조),경기 의왕시에 위치한 인기 아기랑 수영장 명소인 [백운호수 ENDLESS POOLS수영장]입니다.,https://search.naver.com/search.naver?where=nexearch&query=%EA%B2%BD%EA%B8%B0%20%EC%9D%98%EC%99%95%EC%8B%9C%20%EC%95%84%EA%B8%B0%EB%9E%91%20%EC%88%98%EC%98%81%EC%9E%A5,family:1.0;baby:1.0;parking:1.0;nursing_room:1.0;의왕시;아기랑 수영장,2026-08-22 20:34:25,pool:1.0;water:1.0;outdoor:0.9,2,85
네이버 장소검색 | 경기 의왕시,자연친화,플레이키즈스윔수영장,상시,영유아 및 어린이 (0세~9세),경기 의왕시 플레이키즈스윔수영장,무료/유료 (플레이스 참조),경기 의왕시에 위치한 인기 아기랑 수영장 명소인 [플레이키즈스윔수영장]입니다.,https://search.naver.com/search.naver?where=nexearch&query=%EA%B2%BD%EA%B8%B0%20%EC%9D%98%EC%99%95%EC%8B%9C%20%EC%95%84%EA%B8%B0%EB%9E%91%20%EC%88%98%EC%98%81%EC%9E%A5,family:1.0;baby:1.0;parking:1.0;nursing_room:1.0;의왕시;아기랑 수영장,2026-08-22 20:34:25,pool:1.0;water:1.0;outdoor:0.9,2,85
네이버 장소검색 | 경기 의왕시,자연친화,아랫골공원 물놀이장수영장,상시,영유아 및 어린이 (0세~9세),경기 의왕시 아랫골공원 물놀이장수영장,무료/유료 (플레이스 참조),경기 의왕시에 위치한 인기 아기랑 수영장 명소인 [아랫골공원 물놀이장수영장]입니다.,https://search.naver.com/search.naver?where=nexearch&query=%EA%B2%BD%EA%B8%B0%20%EC%9D%98%EC%99%95%EC%8B%9C%20%EC%95%84%EA%B8%B0%EB%9E%91%20%EC%88%98%EC%98%81%EC%9E%A5,family:1.0;baby:1.0;parking:1.0;nursing_room:1.0;의왕시;아기랑 수영장,2026-08-22 20:34:25,pool:1.0;water:1.0;outdoor:0.9,2,85
네이버 장소검색 | 경기 의왕시,자연친화,물빛공원물놀이장수영장,상시,영유아 및 어린이 (0세~9세),경기 의왕시 물빛공원물놀이장수영장,무료/유료 (플레이스 참조),경기 의왕시에 위치한 인기 아기랑 수영장 명소인 [물빛공원물놀이장수영장]입니다.,https://search.naver.com/search.naver?where=nexearch&query=%EA%B2%BD%EA%B8%B0%20%EC%9D%98%EC%99%95%EC%8B%9C%20%EC%95%84%EA%B8%B0%EB%9E%91%20%EC%88%98%EC%98%81%EC%9E%A5,family:1.0;baby:1.0;parking:1.0;nursing_room:1.0;의왕시;아기랑 수영장,2026-08-22 20:34:25,pool:1.0;water:1.0;outdoor:0.9,2,85
네이버 장소검색 | 경기 의왕시,자연친화,실내,상시,영유아 및 어린이 (0세~9세),경기 의왕시 실내,무료/유료 (플레이스 참조),경기 의왕시에 위치한 인기 아기랑 수영장 명소인 [실내]입니다.,https://search.naver.com/search.naver?where=nexearch&query=%EA%B2%BD%EA%B8%B0%20%EC%9D%98%EC%99%95%EC%8B%9C%20%EC%95%84%EA%B8%B0%EB%9E%91%20%EC%88%98%EC%98%81%EC%9E%A5,family:1.0;baby:1.0;parking:1.0;nursing_room:1.0;의왕시;아기랑 수영장,2026-08-22 20:34:25,pool:1.0;water:1.0;outdoor:0.9,2,85
네이버 장소검색 | 경기 의왕시,자연친화,청계산맑은숲공원공원,상시,영유아 및 어린이 (0세~9세),경기 의왕시 청계산맑은숲공원공원,무료/유료 (플레이스 참조),경기 의왕시에 위치한 인기 아기랑 공원 명소인 [청계산맑은숲공원공원]입니다.,https://search.naver.com/search.naver?where=nexearch&query=%EA%B2%BD%EA%B8%B0%20%EC%9D%98%EC%99%95%EC%8B%9C%20%EC%95%84%EA%B8%B0%EB%9E%91%20%EA%B3%B5%EC%9B%90,family:1.0;baby:1.0;parking:1.0;nursing_room:1.0;의왕시;아기랑 공원,2026-08-22 20:34:25,park:1.0;picnic:1.0;nature:1.0,2,85
네이버 장소검색 | 경기 의왕시,자연친화,"부곡체육공원도시,공원",상시,영유아 및 어린이 (0세~9세),"경기 의왕시 부곡체육공원도시,공원",무료/유료 (플레이스 참조),"경기 의왕시에 위치한 인기 아기랑 공원 명소인 [부곡체육공원도시,공원]입니다.",https://search.naver.com/search.naver?where=nexearch&query=%EA%B2%BD%EA%B8%B0%20%EC%9D%98%EC%99%95%EC%8B%9C%20%EC%95%84%EA%B8%B0%EB%9E%91%20%EA%B3%B5%EC%9B%90,family:1.0;baby:1.0;parking:1.0;nursing_room:1.0;의왕시;아기랑 공원,2026-08-22 20:34:25,park:1.0;picnic:1.0;nature:1.0,2,85
네이버 장소검색 | 경기 의왕시,자연친화,"왕송연꽃습지자연,생태공원",상시,영유아 및 어린이 (0세~9세),"경기 의왕시 왕송연꽃습지자연,생태공원",무료/유료 (플레이스 참조),"경기 의왕시에 위치한 인기 아기랑 공원 명소인 [왕송연꽃습지자연,생태공원]입니다.",https://search.naver.com/search.naver?where=nexearch&query=%EA%B2%BD%EA%B8%B0%20%EC%9D%98%EC%99%95%EC%8B%9C%20%EC%95%84%EA%B8%B0%EB%9E%91%20%EA%B3%B5%EC%9B%90,family:1.0;baby:1.0;parking:1.0;nursing_room:1.0;의왕시;아기랑 공원,2026-08-22 20:34:25,park:1.0;picnic:1.0;nature:1.0,2,85
네이버 장소검색 | 경기 의왕시,자연친화,가막들공원공원,상시,영유아 및 어린이 (0세~9세),경기 의왕시 가막들공원공원,무료/유료 (플레이스 참조),경기 의왕시에 위치한 인기 아기랑 공원 명소인 [가막들공원공원]입니다.,https://search.naver.com/search.naver?where=nexearch&query=%EA%B2%BD%EA%B8%B0%20%EC%9D%98%EC%99%95%EC%8B%9C%20%EC%95%84%EA%B8%B0%EB%9E%91%20%EA%B3%B5%EC%9B%90,family:1.0;baby:1.0;parking:1.0;nursing_room:1.0;의왕시;아기랑 공원,2026-08-22 20:34:25,park:1.0;picnic:1.0;nature:1.0,2,85
네이버 장소검색 | 경기 의왕시,자연친화,갈미한글공원공원,상시,영유아 및 어린이 (0세~9세),경기 의왕시 갈미한글공원공원,무료/유료 (플레이스 참조),경기 의왕시에 위치한 인기 아기랑 공원 명소인 [갈미한글공원공원]입니다.,https://search.naver.com/search.naver?where=nexearch&query=%EA%B2%BD%EA%B8%B0%20%EC%9D%98%EC%99%95%EC%8B%9C%20%EC%95%84%EA%B8%B0%EB%9E%91%20%EA%B3%B5%EC%9B%90,family:1.0;baby:1.0;parking:1.0;nursing_room:1.0;의왕시;아기랑 공원,2026-08-22 20:34:25,park:1.0;picnic:1.0;nature:1.0,2,85
네이버 장소검색 | 경기 의왕시,자연친화,내동공원공원,상시,영유아 및 어린이 (0세~9세),경기 의왕시 내동공원공원,무료/유료 (플레이스 참조),경기 의왕시에 위치한 인기 아기랑 공원 명소인 [내동공원공원]입니다.,https://search.naver.com/search.naver?where=nexearch&query=%EA%B2%BD%EA%B8%B0%20%EC%9D%98%EC%99%95%EC%8B%9C%20%EC%95%84%EA%B8%B0%EB%9E%91%20%EA%B3%B5%EC%9B%90,family:1.0;baby:1.0;parking:1.0;nursing_room:1.0;의왕시;아기랑 공원,2026-08-22 20:34:25,park:1.0;picnic:1.0;nature:1.0,2,85
네이버 장소검색 | 경기 의왕시,가족체험,철도박물관박물관,상시,영유아 및 어린이 (0세~9세),경기 의왕시 철도박물관박물관,무료/유료 (플레이스 참조),경기 의왕시에 위치한 인기 아기랑 어린이박물관 명소인 [철도박물관박물관]입니다.,https://search.naver.com/search.naver?where=nexearch&query=%EA%B2%BD%EA%B8%B0%20%EC%9D%98%EC%99%95%EC%8B%9C%20%EC%95%84%EA%B8%B0%EB%9E%91%20%EC%96%B4%EB%A6%B0%EC%9D%B4%EB%B0%95%EB%AC%BC%EA%B4%80,family:1.0;baby:1.0;parking:1.0;nursing_room:1.0;의왕시;아기랑 어린이박물관,2026-08-22 20:34:25,museum:1.0;hands_on:1.0;experience:1.0,2,85
네이버 장소검색 | 경기 여주시,사설키즈카페,아델반플레이 여주점,상시,영유아 및 어린이 (0세~9세),경기 여주시 아델반플레이 여주점,무료/유료 (플레이스 참조),경기 여주시에 위치한 인기 아기랑 키즈카페 명소인 [아델반플레이 여주점]입니다.,https://search.naver.com/search.naver?where=nexearch&query=%EA%B2%BD%EA%B8%B0%20%EC%97%AC%EC%A3%BC%EC%8B%9C%20%EC%95%84%EA%B8%B0%EB%9E%91%20%ED%82%A4%EC%A6%88%EC%B9%B4%ED%8E%98,family:1.0;baby:1.0;parking:1.0;nursing_room:1.0;여주시;아기랑 키즈카페,2026-08-22 20:34:25,toddler:1.0;indoor:0.9;play:1.0,2,85
네이버 장소검색 | 경기 여주시,사설키즈카페,제니스키즈카페 여주점,상시,영유아 및 어린이 (0세~9세),경기 여주시 제니스키즈카페 여주점,무료/유료 (플레이스 참조),경기 여주시에 위치한 인기 아기랑 키즈카페 명소인 [제니스키즈카페 여주점]입니다.,https://search.naver.com/search.naver?where=nexearch&query=%EA%B2%BD%EA%B8%B0%20%EC%97%AC%EC%A3%BC%EC%8B%9C%20%EC%95%84%EA%B8%B0%EB%9E%91%20%ED%82%A4%EC%A6%88%EC%B9%B4%ED%8E%98,family:1.0;baby:1.0;parking:1.0;nursing_room:1.0;여주시;아기랑 키즈카페,2026-08-22 20:34:25,toddler:1.0;indoor:0.9;play:1.0,2,85
네이버 장소검색 | 경기 여주시,사설키즈카페,꿀잼키즈룸 여주점,상시,영유아 및 어린이 (0세~9세),경기 여주시 꿀잼키즈룸 여주점,무료/유료 (플레이스 참조),경기 여주시에 위치한 인기 아기랑 키즈카페 명소인 [꿀잼키즈룸 여주점]입니다.,https://search.naver.com/search.naver?where=nexearch&query=%EA%B2%BD%EA%B8%B0%20%EC%97%AC%EC%A3%BC%EC%8B%9C%20%EC%95%84%EA%B8%B0%EB%9E%91%20%ED%82%A4%EC%A6%88%EC%B9%B4%ED%8E%98,family:1.0;baby:1.0;parking:1.0;nursing_room:1.0;여주시;아기랑 키즈카페,2026-08-22 20:34:25,toddler:1.0;indoor:0.9;play:1.0,2,85
네이버 장소검색 | 경기 여주시,사설키즈카페,똑똑블럭여주이마트점,상시,영유아 및 어린이 (0세~9세),경기 여주시 똑똑블럭여주이마트점,무료/유료 (플레이스 참조),경기 여주시에 위치한 인기 아기랑 키즈카페 명소인 [똑똑블럭여주이마트점]입니다.,https://search.naver.com/search.naver?where=nexearch&query=%EA%B2%BD%EA%B8%B0%20%EC%97%AC%EC%A3%BC%EC%8B%9C%20%EC%95%84%EA%B8%B0%EB%9E%91%20%ED%82%A4%EC%A6%88%EC%B9%B4%ED%8E%98,family:1.0;baby:1.0;parking:1.0;nursing_room:1.0;여주시;아기랑 키즈카페,2026-08-22 20:34:25,toddler:1.0;indoor:0.9;play:1.0,2,85
네이버 장소검색 | 경기 여주시,사설키즈카페,여주,상시,영유아 및 어린이 (0세~9세),경기 여주시 여주,무료/유료 (플레이스 참조),경기 여주시에 위치한 인기 아기랑 키즈카페 명소인 [여주]입니다.,https://search.naver.com/search.naver?where=nexearch&query=%EA%B2%BD%EA%B8%B0%20%EC%97%AC%EC%A3%BC%EC%8B%9C%20%EC%95%84%EA%B8%B0%EB%9E%91%20%ED%82%A4%EC%A6%88%EC%B9%B4%ED%8E%98,family:1.0;baby:1.0;parking:1.0;nursing_room:1.0;여주시;아기랑 키즈카페,2026-08-22 20:34:25,toddler:1.0;indoor:0.9;play:1.0,2,85
네이버 장소검색 | 경기 여주시,사설키즈카페,경기도여주시,상시,영유아 및 어린이 (0세~9세),경기 여주시 경기도여주시,무료/유료 (플레이스 참조),경기 여주시에 위치한 인기 아기랑 키즈카페 명소인 [경기도여주시]입니다.,https://search.naver.com/search.naver?where=nexearch&query=%EA%B2%BD%EA%B8%B0%20%EC%97%AC%EC%A3%BC%EC%8B%9C%20%EC%95%84%EA%B8%B0%EB%9E%91%20%ED%82%A4%EC%A6%88%EC%B9%B4%ED%8E%98,family:1.0;baby:1.0;parking:1.0;nursing_room:1.0;여주시;아기랑 키즈카페,2026-08-22 20:34:25,toddler:1.0;indoor:0.9;play:1.0,2,85
네이버 장소검색 | 경기 여주시,자연친화,주록계곡,상시,영유아 및 어린이 (0세~9세),경기 여주시 주록계곡,무료/유료 (플레이스 참조),경기 여주시에 위치한 인기 아기랑 계곡 명소인 [주록계곡]입니다.,https://search.naver.com/search.naver?where=nexearch&query=%EA%B2%BD%EA%B8%B0%20%EC%97%AC%EC%A3%BC%EC%8B%9C%20%EC%95%84%EA%B8%B0%EB%9E%91%20%EA%B3%84%EA%B3%A1,family:1.0;baby:1.0;parking:1.0;nursing_room:1.0;여주시;아기랑 계곡,2026-08-22 20:34:25,valley:1.0;nature:1.0;water:1.0,2,85
네이버 장소검색 | 경기 여주시,자연친화,가남체육센터수영장,상시,영유아 및 어린이 (0세~9세),경기 여주시 가남체육센터수영장,무료/유료 (플레이스 참조),경기 여주시에 위치한 인기 아기랑 수영장 명소인 [가남체육센터수영장]입니다.,https://search.naver.com/search.naver?where=nexearch&query=%EA%B2%BD%EA%B8%B0%20%EC%97%AC%EC%A3%BC%EC%8B%9C%20%EC%95%84%EA%B8%B0%EB%9E%91%20%EC%88%98%EC%98%81%EC%9E%A5,family:1.0;baby:1.0;parking:1.0;nursing_room:1.0;여주시;아기랑 수영장,2026-08-22 20:34:25,pool:1.0;water:1.0;outdoor:0.9,2,85
네이버 장소검색 | 경기 여주시,자연친화,오학물놀이장수영장,상시,영유아 및 어린이 (0세~9세),경기 여주시 오학물놀이장수영장,무료/유료 (플레이스 참조),경기 여주시에 위치한 인기 아기랑 수영장 명소인 [오학물놀이장수영장]입니다.,https://search.naver.com/search.naver?where=nexearch&query=%EA%B2%BD%EA%B8%B0%20%EC%97%AC%EC%A3%BC%EC%8B%9C%20%EC%95%84%EA%B8%B0%EB%9E%91%20%EC%88%98%EC%98%81%EC%9E%A5,family:1.0;baby:1.0;parking:1.0;nursing_room:1.0;여주시;아기랑 수영장,2026-08-22 20:34:25,pool:1.0;water:1.0;outdoor:0.9,2,85
네이버 장소검색 | 경기 여주시,자연친화,금은모래캠핑장물놀이장수영장,상시,영유아 및 어린이 (0세~9세),경기 여주시 금은모래캠핑장물놀이장수영장,무료/유료 (플레이스 참조),경기 여주시에 위치한 인기 아기랑 수영장 명소인 [금은모래캠핑장물놀이장수영장]입니다.,https://search.naver.com/search.naver?where=nexearch&query=%EA%B2%BD%EA%B8%B0%20%EC%97%AC%EC%A3%BC%EC%8B%9C%20%EC%95%84%EA%B8%B0%EB%9E%91%20%EC%88%98%EC%98%81%EC%9E%A5,family:1.0;baby:1.0;parking:1.0;nursing_room:1.0;여주시;아기랑 수영장,2026-08-22 20:34:25,pool:1.0;water:1.0;outdoor:0.9,2,85
네이버 장소검색 | 경기 여주시,자연친화,렛츠고수영장,상시,영유아 및 어린이 (0세~9세),경기 여주시 렛츠고수영장,무료/유료 (플레이스 참조),경기 여주시에 위치한 인기 아기랑 수영장 명소인 [렛츠고수영장]입니다.,https://search.naver.com/search.naver?where=nexearch&query=%EA%B2%BD%EA%B8%B0%20%EC%97%AC%EC%A3%BC%EC%8B%9C%20%EC%95%84%EA%B8%B0%EB%9E%91%20%EC%88%98%EC%98%81%EC%9E%A5,family:1.0;baby:1.0;parking:1.0;nursing_room:1.0;여주시;아기랑 수영장,2026-08-22 20:34:25,pool:1.0;water:1.0;outdoor:0.9,2,85
네이버 장소검색 | 경기 여주시,자연친화,자연촌 노천온천 수영장,상시,영유아 및 어린이 (0세~9세),경기 여주시 자연촌 노천온천 수영장,무료/유료 (플레이스 참조),경기 여주시에 위치한 인기 아기랑 수영장 명소인 [자연촌 노천온천 수영장]입니다.,https://search.naver.com/search.naver?where=nexearch&query=%EA%B2%BD%EA%B8%B0%20%EC%97%AC%EC%A3%BC%EC%8B%9C%20%EC%95%84%EA%B8%B0%EB%9E%91%20%EC%88%98%EC%98%81%EC%9E%A5,family:1.0;baby:1.0;parking:1.0;nursing_room:1.0;여주시;아기랑 수영장,2026-08-22 20:34:25,pool:1.0;water:1.0;outdoor:0.9,2,85
네이버 장소검색 | 경기 여주시,자연친화,세종대마 수영장,상시,영유아 및 어린이 (0세~9세),경기 여주시 세종대마 수영장,무료/유료 (플레이스 참조),경기 여주시에 위치한 인기 아기랑 수영장 명소인 [세종대마 수영장]입니다.,https://search.naver.com/search.naver?where=nexearch&query=%EA%B2%BD%EA%B8%B0%20%EC%97%AC%EC%A3%BC%EC%8B%9C%20%EC%95%84%EA%B8%B0%EB%9E%91%20%EC%88%98%EC%98%81%EC%9E%A5,family:1.0;baby:1.0;parking:1.0;nursing_room:1.0;여주시;아기랑 수영장,2026-08-22 20:34:25,pool:1.0;water:1.0;outdoor:0.9,2,85
네이버 장소검색 | 경기 여주시,자연친화,금은모래강변공원자연공원,상시,영유아 및 어린이 (0세~9세),경기 여주시 금은모래강변공원자연공원,무료/유료 (플레이스 참조),경기 여주시에 위치한 인기 아기랑 공원 명소인 [금은모래강변공원자연공원]입니다.,https://search.naver.com/search.naver?where=nexearch&query=%EA%B2%BD%EA%B8%B0%20%EC%97%AC%EC%A3%BC%EC%8B%9C%20%EC%95%84%EA%B8%B0%EB%9E%91%20%EA%B3%B5%EC%9B%90,family:1.0;baby:1.0;parking:1.0;nursing_room:1.0;여주시;아기랑 공원,2026-08-22 20:34:25,park:1.0;picnic:1.0;nature:1.0,2,85
네이버 장소검색 | 경기 여주시,자연친화,당남리섬자연공원,상시,영유아 및 어린이 (0세~9세),경기 여주시 당남리섬자연공원,무료/유료 (플레이스 참조),경기 여주시에 위치한 인기 아기랑 공원 명소인 [당남리섬자연공원]입니다.,https://search.naver.com/search.naver?where=nexearch&query=%EA%B2%BD%EA%B8%B0%20%EC%97%AC%EC%A3%BC%EC%8B%9C%20%EC%95%84%EA%B8%B0%EB%9E%91%20%EA%B3%B5%EC%9B%90,family:1.0;baby:1.0;parking:1.0;nursing_room:1.0;여주시;아기랑 공원,2026-08-22 20:34:25,park:1.0;picnic:1.0;nature:1.0,2,85
네이버 장소검색 | 경기 여주시,자연친화,영월공원,상시,영유아 및 어린이 (0세~9세),경기 여주시 영월공원,무료/유료 (플레이스 참조),경기 여주시에 위치한 인기 아기랑 공원 명소인 [영월공원]입니다.,https://search.naver.com/search.naver?where=nexearch&query=%EA%B2%BD%EA%B8%B0%20%EC%97%AC%EC%A3%BC%EC%8B%9C%20%EC%95%84%EA%B8%B0%EB%9E%91%20%EA%B3%B5%EC%9B%90,family:1.0;baby:1.0;parking:1.0;nursing_room:1.0;여주시;아기랑 공원,2026-08-22 20:34:25,park:1.0;picnic:1.0;nature:1.0,2,85
네이버 장소검색 | 경기 여주시,자연친화,여주농촌공원,상시,영유아 및 어린이 (0세~9세),경기 여주시 여주농촌공원,무료/유료 (플레이스 참조),경기 여주시에 위치한 인기 아기랑 공원 명소인 [여주농촌공원]입니다.,https://search.naver.com/search.naver?where=nexearch&query=%EA%B2%BD%EA%B8%B0%20%EC%97%AC%EC%A3%BC%EC%8B%9C%20%EC%95%84%EA%B8%B0%EB%9E%91%20%EA%B3%B5%EC%9B%90,family:1.0;baby:1.0;parking:1.0;nursing_room:1.0;여주시;아기랑 공원,2026-08-22 20:34:25,park:1.0;picnic:1.0;nature:1.0,2,85
네이버 장소검색 | 경기 여주시,자연친화,양섬자연공원,상시,영유아 및 어린이 (0세~9세),경기 여주시 양섬자연공원,무료/유료 (플레이스 참조),경기 여주시에 위치한 인기 아기랑 공원 명소인 [양섬자연공원]입니다.,https://search.naver.com/search.naver?where=nexearch&query=%EA%B2%BD%EA%B8%B0%20%EC%97%AC%EC%A3%BC%EC%8B%9C%20%EC%95%84%EA%B8%B0%EB%9E%91%20%EA%B3%B5%EC%9B%90,family:1.0;baby:1.0;parking:1.0;nursing_room:1.0;여주시;아기랑 공원,2026-08-22 20:34:25,park:1.0;picnic:1.0;nature:1.0,2,85
네이버 장소검색 | 경기 여주시,자연친화,여주공원,상시,영유아 및 어린이 (0세~9세),경기 여주시 여주공원,무료/유료 (플레이스 참조),경기 여주시에 위치한 인기 아기랑 공원 명소인 [여주공원]입니다.,https://search.naver.com/search.naver?where=nexearch&query=%EA%B2%BD%EA%B8%B0%20%EC%97%AC%EC%A3%BC%EC%8B%9C%20%EC%95%84%EA%B8%B0%EB%9E%91%20%EA%B3%B5%EC%9B%90,family:1.0;baby:1.0;parking:1.0;nursing_room:1.0;여주시;아기랑 공원,2026-08-22 20:34:25,park:1.0;picnic:1.0;nature:1.0,2,85
네이버 장소검색 | 경기 여주시,문화생활,경기생활도자미술관 (여주)여주를,상시,영유아 및 어린이 (0세~9세),경기 여주시 경기생활도자미술관 (여주)여주를,무료/유료 (플레이스 참조),경기 여주시에 위치한 인기 아기랑 미술 명소인 [경기생활도자미술관 (여주)여주를]입니다.,https://search.naver.com/search.naver?where=nexearch&query=%EA%B2%BD%EA%B8%B0%20%EC%97%AC%EC%A3%BC%EC%8B%9C%20%EC%95%84%EA%B8%B0%EB%9E%91%20%EB%AF%B8%EC%88%A0,family:1.0;baby:1.0;parking:1.0;nursing_room:1.0;여주시;아기랑 미술,2026-08-22 20:34:25,drawing:1.0;art:1.0;experience:1.0,2,85
네이버 장소검색 | 경기 여주시,가족체험,여주곤충박물관예약박물관,상시,영유아 및 어린이 (0세~9세),경기 여주시 여주곤충박물관예약박물관,무료/유료 (플레이스 참조),경기 여주시에 위치한 인기 아기랑 어린이박물관 명소인 [여주곤충박물관예약박물관]입니다.,https://search.naver.com/search.naver?where=nexearch&query=%EA%B2%BD%EA%B8%B0%20%EC%97%AC%EC%A3%BC%EC%8B%9C%20%EC%95%84%EA%B8%B0%EB%9E%91%20%EC%96%B4%EB%A6%B0%EC%9D%B4%EB%B0%95%EB%AC%BC%EA%B4%80,family:1.0;baby:1.0;parking:1.0;nursing_room:1.0;여주시;아기랑 어린이박물관,2026-08-22 20:34:25,museum:1.0;hands_on:1.0;experience:1.0,2,85
네이버 장소검색 | 경기 여주시,가족체험,쎈토이박물관 여주프리미엄빌리지점예약박물관,상시,영유아 및 어린이 (0세~9세),경기 여주시 쎈토이박물관 여주프리미엄빌리지점예약박물관,무료/유료 (플레이스 참조),경기 여주시에 위치한 인기 아기랑 어린이박물관 명소인 [쎈토이박물관 여주프리미엄빌리지점예약박물관]입니다.,https://search.naver.com/search.naver?where=nexearch&query=%EA%B2%BD%EA%B8%B0%20%EC%97%AC%EC%A3%BC%EC%8B%9C%20%EC%95%84%EA%B8%B0%EB%9E%91%20%EC%96%B4%EB%A6%B0%EC%9D%B4%EB%B0%95%EB%AC%BC%EA%B4%80,family:1.0;baby:1.0;parking:1.0;nursing_room:1.0;여주시;아기랑 어린이박물관,2026-08-22 20:34:25,museum:1.0;hands_on:1.0;experience:1.0,2,85
네이버 장소검색 | 경기 양평군,사설키즈카페,무키무키 양평점,상시,영유아 및 어린이 (0세~9세),경기 양평군 무키무키 양평점,무료/유료 (플레이스 참조),경기 양평군에 위치한 인기 아기랑 키즈카페 명소인 [무키무키 양평점]입니다.,https://search.naver.com/search.naver?where=nexearch&query=%EA%B2%BD%EA%B8%B0%20%EC%96%91%ED%8F%89%EA%B5%B0%20%EC%95%84%EA%B8%B0%EB%9E%91%20%ED%82%A4%EC%A6%88%EC%B9%B4%ED%8E%98,family:1.0;baby:1.0;parking:1.0;nursing_room:1.0;양평군;아기랑 키즈카페,2026-08-22 20:34:25,toddler:1.0;indoor:0.9;play:1.0,2,85
네이버 장소검색 | 경기 양평군,사설키즈카페,양평어린이건강놀이터,상시,영유아 및 어린이 (0세~9세),경기 양평군 양평어린이건강놀이터,무료/유료 (플레이스 참조),경기 양평군에 위치한 인기 아기랑 키즈카페 명소인 [양평어린이건강놀이터]입니다.,https://search.naver.com/search.naver?where=nexearch&query=%EA%B2%BD%EA%B8%B0%20%EC%96%91%ED%8F%89%EA%B5%B0%20%EC%95%84%EA%B8%B0%EB%9E%91%20%ED%82%A4%EC%A6%88%EC%B9%B4%ED%8E%98,family:1.0;baby:1.0;parking:1.0;nursing_room:1.0;양평군;아기랑 키즈카페,2026-08-22 20:34:25,toddler:1.0;indoor:0.9;play:1.0,2,85
네이버 장소검색 | 경기 양평군,사설키즈카페,아리아리키즈룸,상시,영유아 및 어린이 (0세~9세),경기 양평군 아리아리키즈룸,무료/유료 (플레이스 참조),경기 양평군에 위치한 인기 아기랑 키즈카페 명소인 [아리아리키즈룸]입니다.,https://search.naver.com/search.naver?where=nexearch&query=%EA%B2%BD%EA%B8%B0%20%EC%96%91%ED%8F%89%EA%B5%B0%20%EC%95%84%EA%B8%B0%EB%9E%91%20%ED%82%A4%EC%A6%88%EC%B9%B4%ED%8E%98,family:1.0;baby:1.0;parking:1.0;nursing_room:1.0;양평군;아기랑 키즈카페,2026-08-22 20:34:25,toddler:1.0;indoor:0.9;play:1.0,2,85
네이버 장소검색 | 경기 양평군,사설키즈카페,개구쟁이 놀이터,상시,영유아 및 어린이 (0세~9세),경기 양평군 개구쟁이 놀이터,무료/유료 (플레이스 참조),경기 양평군에 위치한 인기 아기랑 키즈카페 명소인 [개구쟁이 놀이터]입니다.,https://search.naver.com/search.naver?where=nexearch&query=%EA%B2%BD%EA%B8%B0%20%EC%96%91%ED%8F%89%EA%B5%B0%20%EC%95%84%EA%B8%B0%EB%9E%91%20%ED%82%A4%EC%A6%88%EC%B9%B4%ED%8E%98,family:1.0;baby:1.0;parking:1.0;nursing_room:1.0;양평군;아기랑 키즈카페,2026-08-22 20:34:25,toddler:1.0;indoor:0.9;play:1.0,2,85
네이버 장소검색 | 경기 양평군,사설키즈카페,블룸비스타호텔 키즈라운지,상시,영유아 및 어린이 (0세~9세),경기 양평군 블룸비스타호텔 키즈라운지,무료/유료 (플레이스 참조),경기 양평군에 위치한 인기 아기랑 키즈카페 명소인 [블룸비스타호텔 키즈라운지]입니다.,https://search.naver.com/search.naver?where=nexearch&query=%EA%B2%BD%EA%B8%B0%20%EC%96%91%ED%8F%89%EA%B5%B0%20%EC%95%84%EA%B8%B0%EB%9E%91%20%ED%82%A4%EC%A6%88%EC%B9%B4%ED%8E%98,family:1.0;baby:1.0;parking:1.0;nursing_room:1.0;양평군;아기랑 키즈카페,2026-08-22 20:34:25,toddler:1.0;indoor:0.9;play:1.0,2,85
네이버 장소검색 | 경기 양평군,사설키즈카페,아띠라온 키즈카페,상시,영유아 및 어린이 (0세~9세),경기 양평군 아띠라온 키즈카페,무료/유료 (플레이스 참조),경기 양평군에 위치한 인기 아기랑 키즈카페 명소인 [아띠라온 키즈카페]입니다.,https://search.naver.com/search.naver?where=nexearch&query=%EA%B2%BD%EA%B8%B0%20%EC%96%91%ED%8F%89%EA%B5%B0%20%EC%95%84%EA%B8%B0%EB%9E%91%20%ED%82%A4%EC%A6%88%EC%B9%B4%ED%8E%98,family:1.0;baby:1.0;parking:1.0;nursing_room:1.0;양평군;아기랑 키즈카페,2026-08-22 20:34:25,toddler:1.0;indoor:0.9;play:1.0,2,85
네이버 장소검색 | 경기 양평군,사설키즈카페,경기도양평군,상시,영유아 및 어린이 (0세~9세),경기 양평군 경기도양평군,무료/유료 (플레이스 참조),경기 양평군에 위치한 인기 아기랑 키즈카페 명소인 [경기도양평군]입니다.,https://search.naver.com/search.naver?where=nexearch&query=%EA%B2%BD%EA%B8%B0%20%EC%96%91%ED%8F%89%EA%B5%B0%20%EC%95%84%EA%B8%B0%EB%9E%91%20%ED%82%A4%EC%A6%88%EC%B9%B4%ED%8E%98,family:1.0;baby:1.0;parking:1.0;nursing_room:1.0;양평군;아기랑 키즈카페,2026-08-22 20:34:25,toddler:1.0;indoor:0.9;play:1.0,2,85
네이버 장소검색 | 경기 양평군,사설키즈카페,경기도양평군양평읍 중앙로 208 2층 아띠라온,상시,영유아 및 어린이 (0세~9세),경기 양평군 경기도양평군양평읍 중앙로 208 2층 아띠라온,무료/유료 (플레이스 참조),경기 양평군에 위치한 인기 아기랑 키즈카페 명소인 [경기도양평군양평읍 중앙로 208 2층 아띠라온]입니다.,https://search.naver.com/search.naver?where=nexearch&query=%EA%B2%BD%EA%B8%B0%20%EC%96%91%ED%8F%89%EA%B5%B0%20%EC%95%84%EA%B8%B0%EB%9E%91%20%ED%82%A4%EC%A6%88%EC%B9%B4%ED%8E%98,family:1.0;baby:1.0;parking:1.0;nursing_room:1.0;양평군;아기랑 키즈카페,2026-08-22 20:34:25,toddler:1.0;indoor:0.9;play:1.0,2,85
네이버 장소검색 | 경기 양평군,자연친화,중원계곡,상시,영유아 및 어린이 (0세~9세),경기 양평군 중원계곡,무료/유료 (플레이스 참조),경기 양평군에 위치한 인기 아기랑 계곡 명소인 [중원계곡]입니다.,https://search.naver.com/search.naver?where=nexearch&query=%EA%B2%BD%EA%B8%B0%20%EC%96%91%ED%8F%89%EA%B5%B0%20%EC%95%84%EA%B8%B0%EB%9E%91%20%EA%B3%84%EA%B3%A1,family:1.0;baby:1.0;parking:1.0;nursing_room:1.0;양평군;아기랑 계곡,2026-08-22 20:34:25,valley:1.0;nature:1.0;water:1.0,2,85
네이버 장소검색 | 경기 양평군,자연친화,사나사계곡,상시,영유아 및 어린이 (0세~9세),경기 양평군 사나사계곡,무료/유료 (플레이스 참조),경기 양평군에 위치한 인기 아기랑 계곡 명소인 [사나사계곡]입니다.,https://search.naver.com/search.naver?where=nexearch&query=%EA%B2%BD%EA%B8%B0%20%EC%96%91%ED%8F%89%EA%B5%B0%20%EC%95%84%EA%B8%B0%EB%9E%91%20%EA%B3%84%EA%B3%A1,family:1.0;baby:1.0;parking:1.0;nursing_room:1.0;양평군;아기랑 계곡,2026-08-22 20:34:25,valley:1.0;nature:1.0;water:1.0,2,85
네이버 장소검색 | 경기 양평군,자연친화,명달계곡,상시,영유아 및 어린이 (0세~9세),경기 양평군 명달계곡,무료/유료 (플레이스 참조),경기 양평군에 위치한 인기 아기랑 계곡 명소인 [명달계곡]입니다.,https://search.naver.com/search.naver?where=nexearch&query=%EA%B2%BD%EA%B8%B0%20%EC%96%91%ED%8F%89%EA%B5%B0%20%EC%95%84%EA%B8%B0%EB%9E%91%20%EA%B3%84%EA%B3%A1,family:1.0;baby:1.0;parking:1.0;nursing_room:1.0;양평군;아기랑 계곡,2026-08-22 20:34:25,valley:1.0;nature:1.0;water:1.0,2,85
네이버 장소검색 | 경기 양평군,자연친화,석산계곡,상시,영유아 및 어린이 (0세~9세),경기 양평군 석산계곡,무료/유료 (플레이스 참조),경기 양평군에 위치한 인기 아기랑 계곡 명소인 [석산계곡]입니다.,https://search.naver.com/search.naver?where=nexearch&query=%EA%B2%BD%EA%B8%B0%20%EC%96%91%ED%8F%89%EA%B5%B0%20%EC%95%84%EA%B8%B0%EB%9E%91%20%EA%B3%84%EA%B3%A1,family:1.0;baby:1.0;parking:1.0;nursing_room:1.0;양평군;아기랑 계곡,2026-08-22 20:34:25,valley:1.0;nature:1.0;water:1.0,2,85
네이버 장소검색 | 경기 양평군,자연친화,상원계곡,상시,영유아 및 어린이 (0세~9세),경기 양평군 상원계곡,무료/유료 (플레이스 참조),경기 양평군에 위치한 인기 아기랑 계곡 명소인 [상원계곡]입니다.,https://search.naver.com/search.naver?where=nexearch&query=%EA%B2%BD%EA%B8%B0%20%EC%96%91%ED%8F%89%EA%B5%B0%20%EC%95%84%EA%B8%B0%EB%9E%91%20%EA%B3%84%EA%B3%A1,family:1.0;baby:1.0;parking:1.0;nursing_room:1.0;양평군;아기랑 계곡,2026-08-22 20:34:25,valley:1.0;nature:1.0;water:1.0,2,85
네이버 장소검색 | 경기 양평군,자연친화,벽계구곡계곡,상시,영유아 및 어린이 (0세~9세),경기 양평군 벽계구곡계곡,무료/유료 (플레이스 참조),경기 양평군에 위치한 인기 아기랑 계곡 명소인 [벽계구곡계곡]입니다.,https://search.naver.com/search.naver?where=nexearch&query=%EA%B2%BD%EA%B8%B0%20%EC%96%91%ED%8F%89%EA%B5%B0%20%EC%95%84%EA%B8%B0%EB%9E%91%20%EA%B3%84%EA%B3%A1,family:1.0;baby:1.0;parking:1.0;nursing_room:1.0;양평군;아기랑 계곡,2026-08-22 20:34:25,valley:1.0;nature:1.0;water:1.0,2,85
네이버 장소검색 | 경기 양평군,자연친화,(취소해주신 분 감사합니다...) 오늘의,상시,영유아 및 어린이 (0세~9세),경기 양평군 (취소해주신 분 감사합니다...) 오늘의,무료/유료 (플레이스 참조),경기 양평군에 위치한 인기 아기랑 계곡 명소인 [(취소해주신 분 감사합니다...) 오늘의]입니다.,https://search.naver.com/search.naver?where=nexearch&query=%EA%B2%BD%EA%B8%B0%20%EC%96%91%ED%8F%89%EA%B5%B0%20%EC%95%84%EA%B8%B0%EB%9E%91%20%EA%B3%84%EA%B3%A1,family:1.0;baby:1.0;parking:1.0;nursing_room:1.0;양평군;아기랑 계곡,2026-08-22 20:34:25,valley:1.0;nature:1.0;water:1.0,2,85
네이버 장소검색 | 경기 양평군,자연친화,양평군 평생학습센터 수영장,상시,영유아 및 어린이 (0세~9세),경기 양평군 양평군 평생학습센터 수영장,무료/유료 (플레이스 참조),경기 양평군에 위치한 인기 아기랑 수영장 명소인 [양평군 평생학습센터 수영장]입니다.,https://search.naver.com/search.naver?where=nexearch&query=%EA%B2%BD%EA%B8%B0%20%EC%96%91%ED%8F%89%EA%B5%B0%20%EC%95%84%EA%B8%B0%EB%9E%91%20%EC%88%98%EC%98%81%EC%9E%A5,family:1.0;baby:1.0;parking:1.0;nursing_room:1.0;양평군;아기랑 수영장,2026-08-22 20:34:25,pool:1.0;water:1.0;outdoor:0.9,2,85
네이버 장소검색 | 경기 양평군,자연친화,경기미래교육 양평캠퍼스 야외수영장,상시,영유아 및 어린이 (0세~9세),경기 양평군 경기미래교육 양평캠퍼스 야외수영장,무료/유료 (플레이스 참조),경기 양평군에 위치한 인기 아기랑 수영장 명소인 [경기미래교육 양평캠퍼스 야외수영장]입니다.,https://search.naver.com/search.naver?where=nexearch&query=%EA%B2%BD%EA%B8%B0%20%EC%96%91%ED%8F%89%EA%B5%B0%20%EC%95%84%EA%B8%B0%EB%9E%91%20%EC%88%98%EC%98%81%EC%9E%A5,family:1.0;baby:1.0;parking:1.0;nursing_room:1.0;양평군;아기랑 수영장,2026-08-22 20:34:25,pool:1.0;water:1.0;outdoor:0.9,2,85
네이버 장소검색 | 경기 양평군,자연친화,블룸비스타호텔 야외물놀이장수영장,상시,영유아 및 어린이 (0세~9세),경기 양평군 블룸비스타호텔 야외물놀이장수영장,무료/유료 (플레이스 참조),경기 양평군에 위치한 인기 아기랑 수영장 명소인 [블룸비스타호텔 야외물놀이장수영장]입니다.,https://search.naver.com/search.naver?where=nexearch&query=%EA%B2%BD%EA%B8%B0%20%EC%96%91%ED%8F%89%EA%B5%B0%20%EC%95%84%EA%B8%B0%EB%9E%91%20%EC%88%98%EC%98%81%EC%9E%A5,family:1.0;baby:1.0;parking:1.0;nursing_room:1.0;양평군;아기랑 수영장,2026-08-22 20:34:25,pool:1.0;water:1.0;outdoor:0.9,2,85
네이버 장소검색 | 경기 양평군,자연친화,소노문양평실내수영장,상시,영유아 및 어린이 (0세~9세),경기 양평군 소노문양평실내수영장,무료/유료 (플레이스 참조),경기 양평군에 위치한 인기 아기랑 수영장 명소인 [소노문양평실내수영장]입니다.,https://search.naver.com/search.naver?where=nexearch&query=%EA%B2%BD%EA%B8%B0%20%EC%96%91%ED%8F%89%EA%B5%B0%20%EC%95%84%EA%B8%B0%EB%9E%91%20%EC%88%98%EC%98%81%EC%9E%A5,family:1.0;baby:1.0;parking:1.0;nursing_room:1.0;양평군;아기랑 수영장,2026-08-22 20:34:25,pool:1.0;water:1.0;outdoor:0.9,2,85
네이버 장소검색 | 경기 양평군,자연친화,미리내 야외수영장,상시,영유아 및 어린이 (0세~9세),경기 양평군 미리내 야외수영장,무료/유료 (플레이스 참조),경기 양평군에 위치한 인기 아기랑 수영장 명소인 [미리내 야외수영장]입니다.,https://search.naver.com/search.naver?where=nexearch&query=%EA%B2%BD%EA%B8%B0%20%EC%96%91%ED%8F%89%EA%B5%B0%20%EC%95%84%EA%B8%B0%EB%9E%91%20%EC%88%98%EC%98%81%EC%9E%A5,family:1.0;baby:1.0;parking:1.0;nursing_room:1.0;양평군;아기랑 수영장,2026-08-22 20:34:25,pool:1.0;water:1.0;outdoor:0.9,2,85
네이버 장소검색 | 경기 양평군,자연친화,소노펠리체 수영장,상시,영유아 및 어린이 (0세~9세),경기 양평군 소노펠리체 수영장,무료/유료 (플레이스 참조),경기 양평군에 위치한 인기 아기랑 수영장 명소인 [소노펠리체 수영장]입니다.,https://search.naver.com/search.naver?where=nexearch&query=%EA%B2%BD%EA%B8%B0%20%EC%96%91%ED%8F%89%EA%B5%B0%20%EC%95%84%EA%B8%B0%EB%9E%91%20%EC%88%98%EC%98%81%EC%9E%A5,family:1.0;baby:1.0;parking:1.0;nursing_room:1.0;양평군;아기랑 수영장,2026-08-22 20:34:25,pool:1.0;water:1.0;outdoor:0.9,2,85
네이버 장소검색 | 경기 양평군,자연친화,안녕하세요,상시,영유아 및 어린이 (0세~9세),경기 양평군 안녕하세요,무료/유료 (플레이스 참조),경기 양평군에 위치한 인기 아기랑 수영장 명소인 [안녕하세요]입니다.,https://search.naver.com/search.naver?where=nexearch&query=%EA%B2%BD%EA%B8%B0%20%EC%96%91%ED%8F%89%EA%B5%B0%20%EC%95%84%EA%B8%B0%EB%9E%91%20%EC%88%98%EC%98%81%EC%9E%A5,family:1.0;baby:1.0;parking:1.0;nursing_room:1.0;양평군;아기랑 수영장,2026-08-22 20:34:25,pool:1.0;water:1.0;outdoor:0.9,2,85
네이버 장소검색 | 경기 양평군,자연친화,양평아이랑 가기 좋은 캠핑장 실내,상시,영유아 및 어린이 (0세~9세),경기 양평군 양평아이랑 가기 좋은 캠핑장 실내,무료/유료 (플레이스 참조),경기 양평군에 위치한 인기 아기랑 모래놀이 명소인 [양평아이랑 가기 좋은 캠핑장 실내]입니다.,https://search.naver.com/search.naver?where=nexearch&query=%EA%B2%BD%EA%B8%B0%20%EC%96%91%ED%8F%89%EA%B5%B0%20%EC%95%84%EA%B8%B0%EB%9E%91%20%EB%AA%A8%EB%9E%98%EB%86%80%EC%9D%B4,family:1.0;baby:1.0;parking:1.0;nursing_room:1.0;양평군;아기랑 모래놀이,2026-08-22 20:34:25,sand:1.0;nature:1.0;play:0.9,2,85
네이버 장소검색 | 경기 양평군,자연친화,양평쉬자파크공원,상시,영유아 및 어린이 (0세~9세),경기 양평군 양평쉬자파크공원,무료/유료 (플레이스 참조),경기 양평군에 위치한 인기 아기랑 공원 명소인 [양평쉬자파크공원]입니다.,https://search.naver.com/search.naver?where=nexearch&query=%EA%B2%BD%EA%B8%B0%20%EC%96%91%ED%8F%89%EA%B5%B0%20%EC%95%84%EA%B8%B0%EB%9E%91%20%EA%B3%B5%EC%9B%90,family:1.0;baby:1.0;parking:1.0;nursing_room:1.0;양평군;아기랑 공원,2026-08-22 20:34:25,park:1.0;picnic:1.0;nature:1.0,2,85
네이버 장소검색 | 경기 양평군,자연친화,서후리숲자연공원,상시,영유아 및 어린이 (0세~9세),경기 양평군 서후리숲자연공원,무료/유료 (플레이스 참조),경기 양평군에 위치한 인기 아기랑 공원 명소인 [서후리숲자연공원]입니다.,https://search.naver.com/search.naver?where=nexearch&query=%EA%B2%BD%EA%B8%B0%20%EC%96%91%ED%8F%89%EA%B5%B0%20%EC%95%84%EA%B8%B0%EB%9E%91%20%EA%B3%B5%EC%9B%90,family:1.0;baby:1.0;parking:1.0;nursing_room:1.0;양평군;아기랑 공원,2026-08-22 20:34:25,park:1.0;picnic:1.0;nature:1.0,2,85
네이버 장소검색 | 경기 양평군,자연친화,"두물머리나루터자연,생태공원",상시,영유아 및 어린이 (0세~9세),"경기 양평군 두물머리나루터자연,생태공원",무료/유료 (플레이스 참조),"경기 양평군에 위치한 인기 아기랑 공원 명소인 [두물머리나루터자연,생태공원]입니다.",https://search.naver.com/search.naver?where=nexearch&query=%EA%B2%BD%EA%B8%B0%20%EC%96%91%ED%8F%89%EA%B5%B0%20%EC%95%84%EA%B8%B0%EB%9E%91%20%EA%B3%B5%EC%9B%90,family:1.0;baby:1.0;parking:1.0;nursing_room:1.0;양평군;아기랑 공원,2026-08-22 20:34:25,park:1.0;picnic:1.0;nature:1.0,2,85
네이버 장소검색 | 경기 양평군,자연친화,"수풀로 양수리자연,생태공원",상시,영유아 및 어린이 (0세~9세),"경기 양평군 수풀로 양수리자연,생태공원",무료/유료 (플레이스 참조),"경기 양평군에 위치한 인기 아기랑 공원 명소인 [수풀로 양수리자연,생태공원]입니다.",https://search.naver.com/search.naver?where=nexearch&query=%EA%B2%BD%EA%B8%B0%20%EC%96%91%ED%8F%89%EA%B5%B0%20%EC%95%84%EA%B8%B0%EB%9E%91%20%EA%B3%B5%EC%9B%90,family:1.0;baby:1.0;parking:1.0;nursing_room:1.0;양평군;아기랑 공원,2026-08-22 20:34:25,park:1.0;picnic:1.0;nature:1.0,2,85
네이버 장소검색 | 경기 양평군,자연친화,물안개공원공원,상시,영유아 및 어린이 (0세~9세),경기 양평군 물안개공원공원,무료/유료 (플레이스 참조),경기 양평군에 위치한 인기 아기랑 공원 명소인 [물안개공원공원]입니다.,https://search.naver.com/search.naver?where=nexearch&query=%EA%B2%BD%EA%B8%B0%20%EC%96%91%ED%8F%89%EA%B5%B0%20%EC%95%84%EA%B8%B0%EB%9E%91%20%EA%B3%B5%EC%9B%90,family:1.0;baby:1.0;parking:1.0;nursing_room:1.0;양평군;아기랑 공원,2026-08-22 20:34:25,park:1.0;picnic:1.0;nature:1.0,2,85
네이버 장소검색 | 경기 양평군,자연친화,강하예술공원공원,상시,영유아 및 어린이 (0세~9세),경기 양평군 강하예술공원공원,무료/유료 (플레이스 참조),경기 양평군에 위치한 인기 아기랑 공원 명소인 [강하예술공원공원]입니다.,https://search.naver.com/search.naver?where=nexearch&query=%EA%B2%BD%EA%B8%B0%20%EC%96%91%ED%8F%89%EA%B5%B0%20%EC%95%84%EA%B8%B0%EB%9E%91%20%EA%B3%B5%EC%9B%90,family:1.0;baby:1.0;parking:1.0;nursing_room:1.0;양평군;아기랑 공원,2026-08-22 20:34:25,park:1.0;picnic:1.0;nature:1.0,2,85
네이버 장소검색 | 경기 양평군,가족체험,더드림농장딸기체험,상시,영유아 및 어린이 (0세~9세),경기 양평군 더드림농장딸기체험,무료/유료 (플레이스 참조),경기 양평군에 위치한 인기 아기랑 농장체험 명소인 [더드림농장딸기체험]입니다.,https://search.naver.com/search.naver?where=nexearch&query=%EA%B2%BD%EA%B8%B0%20%EC%96%91%ED%8F%89%EA%B5%B0%20%EC%95%84%EA%B8%B0%EB%9E%91%20%EB%86%8D%EC%9E%A5%EC%B2%B4%ED%97%98,family:1.0;baby:1.0;parking:1.0;nursing_room:1.0;양평군;아기랑 농장체험,2026-08-22 20:34:25,farm:1.0;animal:1.0;experience:1.0,2,85
네이버 장소검색 | 경기 양평군,가족체험,딸기체험딸기체험농장딸기맛있는딸기아침딸기방문자,상시,영유아 및 어린이 (0세~9세),경기 양평군 딸기체험딸기체험농장딸기맛있는딸기아침딸기방문자,무료/유료 (플레이스 참조),경기 양평군에 위치한 인기 아기랑 농장체험 명소인 [딸기체험딸기체험농장딸기맛있는딸기아침딸기방문자]입니다.,https://search.naver.com/search.naver?where=nexearch&query=%EA%B2%BD%EA%B8%B0%20%EC%96%91%ED%8F%89%EA%B5%B0%20%EC%95%84%EA%B8%B0%EB%9E%91%20%EB%86%8D%EC%9E%A5%EC%B2%B4%ED%97%98,family:1.0;baby:1.0;parking:1.0;nursing_room:1.0;양평군;아기랑 농장체험,2026-08-22 20:34:25,farm:1.0;animal:1.0;experience:1.0,2,85
네이버 장소검색 | 경기 동두천시,사설키즈카페,꿈이담키즈헬스케어센터,상시,영유아 및 어린이 (0세~9세),경기 동두천시 꿈이담키즈헬스케어센터,무료/유료 (플레이스 참조),경기 동두천시에 위치한 인기 아기랑 키즈카페 명소인 [꿈이담키즈헬스케어센터]입니다.,https://search.naver.com/search.naver?where=nexearch&query=%EA%B2%BD%EA%B8%B0%20%EB%8F%99%EB%91%90%EC%B2%9C%EC%8B%9C%20%EC%95%84%EA%B8%B0%EB%9E%91%20%ED%82%A4%EC%A6%88%EC%B9%B4%ED%8E%98,family:1.0;baby:1.0;parking:1.0;nursing_room:1.0;동두천시;아기랑 키즈카페,2026-08-22 20:34:25,toddler:1.0;indoor:0.9;play:1.0,2,85
네이버 장소검색 | 경기 동두천시,사설키즈카페,제니스키즈카페 동두천지행점,상시,영유아 및 어린이 (0세~9세),경기 동두천시 제니스키즈카페 동두천지행점,무료/유료 (플레이스 참조),경기 동두천시에 위치한 인기 아기랑 키즈카페 명소인 [제니스키즈카페 동두천지행점]입니다.,https://search.naver.com/search.naver?where=nexearch&query=%EA%B2%BD%EA%B8%B0%20%EB%8F%99%EB%91%90%EC%B2%9C%EC%8B%9C%20%EC%95%84%EA%B8%B0%EB%9E%91%20%ED%82%A4%EC%A6%88%EC%B9%B4%ED%8E%98,family:1.0;baby:1.0;parking:1.0;nursing_room:1.0;동두천시;아기랑 키즈카페,2026-08-22 20:34:25,toddler:1.0;indoor:0.9;play:1.0,2,85
네이버 장소검색 | 경기 동두천시,사설키즈카페,팡팡스테이션,상시,영유아 및 어린이 (0세~9세),경기 동두천시 팡팡스테이션,무료/유료 (플레이스 참조),경기 동두천시에 위치한 인기 아기랑 키즈카페 명소인 [팡팡스테이션]입니다.,https://search.naver.com/search.naver?where=nexearch&query=%EA%B2%BD%EA%B8%B0%20%EB%8F%99%EB%91%90%EC%B2%9C%EC%8B%9C%20%EC%95%84%EA%B8%B0%EB%9E%91%20%ED%82%A4%EC%A6%88%EC%B9%B4%ED%8E%98,family:1.0;baby:1.0;parking:1.0;nursing_room:1.0;동두천시;아기랑 키즈카페,2026-08-22 20:34:25,toddler:1.0;indoor:0.9;play:1.0,2,85
네이버 장소검색 | 경기 동두천시,사설키즈카페,롤리폴리 동두천지행점,상시,영유아 및 어린이 (0세~9세),경기 동두천시 롤리폴리 동두천지행점,무료/유료 (플레이스 참조),경기 동두천시에 위치한 인기 아기랑 키즈카페 명소인 [롤리폴리 동두천지행점]입니다.,https://search.naver.com/search.naver?where=nexearch&query=%EA%B2%BD%EA%B8%B0%20%EB%8F%99%EB%91%90%EC%B2%9C%EC%8B%9C%20%EC%95%84%EA%B8%B0%EB%9E%91%20%ED%82%A4%EC%A6%88%EC%B9%B4%ED%8E%98,family:1.0;baby:1.0;parking:1.0;nursing_room:1.0;동두천시;아기랑 키즈카페,2026-08-22 20:34:25,toddler:1.0;indoor:0.9;play:1.0,2,85
네이버 장소검색 | 경기 동두천시,사설키즈카페,블럭파티플러스 동두천점,상시,영유아 및 어린이 (0세~9세),경기 동두천시 블럭파티플러스 동두천점,무료/유료 (플레이스 참조),경기 동두천시에 위치한 인기 아기랑 키즈카페 명소인 [블럭파티플러스 동두천점]입니다.,https://search.naver.com/search.naver?where=nexearch&query=%EA%B2%BD%EA%B8%B0%20%EB%8F%99%EB%91%90%EC%B2%9C%EC%8B%9C%20%EC%95%84%EA%B8%B0%EB%9E%91%20%ED%82%A4%EC%A6%88%EC%B9%B4%ED%8E%98,family:1.0;baby:1.0;parking:1.0;nursing_room:1.0;동두천시;아기랑 키즈카페,2026-08-22 20:34:25,toddler:1.0;indoor:0.9;play:1.0,2,85
네이버 장소검색 | 경기 동두천시,사설키즈카페,점프짱 동두천점,상시,영유아 및 어린이 (0세~9세),경기 동두천시 점프짱 동두천점,무료/유료 (플레이스 참조),경기 동두천시에 위치한 인기 아기랑 키즈카페 명소인 [점프짱 동두천점]입니다.,https://search.naver.com/search.naver?where=nexearch&query=%EA%B2%BD%EA%B8%B0%20%EB%8F%99%EB%91%90%EC%B2%9C%EC%8B%9C%20%EC%95%84%EA%B8%B0%EB%9E%91%20%ED%82%A4%EC%A6%88%EC%B9%B4%ED%8E%98,family:1.0;baby:1.0;parking:1.0;nursing_room:1.0;동두천시;아기랑 키즈카페,2026-08-22 20:34:25,toddler:1.0;indoor:0.9;play:1.0,2,85
네이버 장소검색 | 경기 동두천시,사설키즈카페,경기도동두천시,상시,영유아 및 어린이 (0세~9세),경기 동두천시 경기도동두천시,무료/유료 (플레이스 참조),경기 동두천시에 위치한 인기 아기랑 키즈카페 명소인 [경기도동두천시]입니다.,https://search.naver.com/search.naver?where=nexearch&query=%EA%B2%BD%EA%B8%B0%20%EB%8F%99%EB%91%90%EC%B2%9C%EC%8B%9C%20%EC%95%84%EA%B8%B0%EB%9E%91%20%ED%82%A4%EC%A6%88%EC%B9%B4%ED%8E%98,family:1.0;baby:1.0;parking:1.0;nursing_room:1.0;동두천시;아기랑 키즈카페,2026-08-22 20:34:25,toddler:1.0;indoor:0.9;play:1.0,2,85
네이버 장소검색 | 경기 동두천시,자연친화,열두개울계곡,상시,영유아 및 어린이 (0세~9세),경기 동두천시 열두개울계곡,무료/유료 (플레이스 참조),경기 동두천시에 위치한 인기 아기랑 계곡 명소인 [열두개울계곡]입니다.,https://search.naver.com/search.naver?where=nexearch&query=%EA%B2%BD%EA%B8%B0%20%EB%8F%99%EB%91%90%EC%B2%9C%EC%8B%9C%20%EC%95%84%EA%B8%B0%EB%9E%91%20%EA%B3%84%EA%B3%A1,family:1.0;baby:1.0;parking:1.0;nursing_room:1.0;동두천시;아기랑 계곡,2026-08-22 20:34:25,valley:1.0;nature:1.0;water:1.0,2,85
네이버 장소검색 | 경기 동두천시,자연친화,플라이키즈스윔수영장,상시,영유아 및 어린이 (0세~9세),경기 동두천시 플라이키즈스윔수영장,무료/유료 (플레이스 참조),경기 동두천시에 위치한 인기 아기랑 수영장 명소인 [플라이키즈스윔수영장]입니다.,https://search.naver.com/search.naver?where=nexearch&query=%EA%B2%BD%EA%B8%B0%20%EB%8F%99%EB%91%90%EC%B2%9C%EC%8B%9C%20%EC%95%84%EA%B8%B0%EB%9E%91%20%EC%88%98%EC%98%81%EC%9E%A5,family:1.0;baby:1.0;parking:1.0;nursing_room:1.0;동두천시;아기랑 수영장,2026-08-22 20:34:25,pool:1.0;water:1.0;outdoor:0.9,2,85
네이버 장소검색 | 경기 동두천시,자연친화,왕방산풀장가든수영장,상시,영유아 및 어린이 (0세~9세),경기 동두천시 왕방산풀장가든수영장,무료/유료 (플레이스 참조),경기 동두천시에 위치한 인기 아기랑 수영장 명소인 [왕방산풀장가든수영장]입니다.,https://search.naver.com/search.naver?where=nexearch&query=%EA%B2%BD%EA%B8%B0%20%EB%8F%99%EB%91%90%EC%B2%9C%EC%8B%9C%20%EC%95%84%EA%B8%B0%EB%9E%91%20%EC%88%98%EC%98%81%EC%9E%A5,family:1.0;baby:1.0;parking:1.0;nursing_room:1.0;동두천시;아기랑 수영장,2026-08-22 20:34:25,pool:1.0;water:1.0;outdoor:0.9,2,85
네이버 장소검색 | 경기 동두천시,공공키즈카페,동두천시 어울림센터 시민수영장,상시,영유아 및 어린이 (0세~9세),경기 동두천시 동두천시 어울림센터 시민수영장,무료/유료 (플레이스 참조),경기 동두천시에 위치한 인기 아기랑 수영장 명소인 [동두천시 어울림센터 시민수영장]입니다.,https://search.naver.com/search.naver?where=nexearch&query=%EA%B2%BD%EA%B8%B0%20%EB%8F%99%EB%91%90%EC%B2%9C%EC%8B%9C%20%EC%95%84%EA%B8%B0%EB%9E%91%20%EC%88%98%EC%98%81%EC%9E%A5,family:1.0;baby:1.0;parking:1.0;nursing_room:1.0;동두천시;아기랑 수영장,2026-08-22 20:34:25,pool:1.0;water:1.0;outdoor:0.9,2,85
네이버 장소검색 | 경기 동두천시,자연친화,동두천시민회관야외수영장,상시,영유아 및 어린이 (0세~9세),경기 동두천시 동두천시민회관야외수영장,무료/유료 (플레이스 참조),경기 동두천시에 위치한 인기 아기랑 수영장 명소인 [동두천시민회관야외수영장]입니다.,https://search.naver.com/search.naver?where=nexearch&query=%EA%B2%BD%EA%B8%B0%20%EB%8F%99%EB%91%90%EC%B2%9C%EC%8B%9C%20%EC%95%84%EA%B8%B0%EB%9E%91%20%EC%88%98%EC%98%81%EC%9E%A5,family:1.0;baby:1.0;parking:1.0;nursing_room:1.0;동두천시;아기랑 수영장,2026-08-22 20:34:25,pool:1.0;water:1.0;outdoor:0.9,2,85
네이버 장소검색 | 경기 동두천시,자연친화,미친듯이 찌는 날씨때문에,상시,영유아 및 어린이 (0세~9세),경기 동두천시 미친듯이 찌는 날씨때문에,무료/유료 (플레이스 참조),경기 동두천시에 위치한 인기 아기랑 모래놀이 명소인 [미친듯이 찌는 날씨때문에]입니다.,https://search.naver.com/search.naver?where=nexearch&query=%EA%B2%BD%EA%B8%B0%20%EB%8F%99%EB%91%90%EC%B2%9C%EC%8B%9C%20%EC%95%84%EA%B8%B0%EB%9E%91%20%EB%AA%A8%EB%9E%98%EB%86%80%EC%9D%B4,family:1.0;baby:1.0;parking:1.0;nursing_room:1.0;동두천시;아기랑 모래놀이,2026-08-22 20:34:25,sand:1.0;nature:1.0;play:0.9,2,85
네이버 장소검색 | 경기 동두천시,자연친화,원터공원공원,상시,영유아 및 어린이 (0세~9세),경기 동두천시 원터공원공원,무료/유료 (플레이스 참조),경기 동두천시에 위치한 인기 아기랑 공원 명소인 [원터공원공원]입니다.,https://search.naver.com/search.naver?where=nexearch&query=%EA%B2%BD%EA%B8%B0%20%EB%8F%99%EB%91%90%EC%B2%9C%EC%8B%9C%20%EC%95%84%EA%B8%B0%EB%9E%91%20%EA%B3%B5%EC%9B%90,family:1.0;baby:1.0;parking:1.0;nursing_room:1.0;동두천시;아기랑 공원,2026-08-22 20:34:25,park:1.0;picnic:1.0;nature:1.0,2,85
네이버 장소검색 | 경기 동두천시,자연친화,강변공원,상시,영유아 및 어린이 (0세~9세),경기 동두천시 강변공원,무료/유료 (플레이스 참조),경기 동두천시에 위치한 인기 아기랑 공원 명소인 [강변공원]입니다.,https://search.naver.com/search.naver?where=nexearch&query=%EA%B2%BD%EA%B8%B0%20%EB%8F%99%EB%91%90%EC%B2%9C%EC%8B%9C%20%EC%95%84%EA%B8%B0%EB%9E%91%20%EA%B3%B5%EC%9B%90,family:1.0;baby:1.0;parking:1.0;nursing_room:1.0;동두천시;아기랑 공원,2026-08-22 20:34:25,park:1.0;picnic:1.0;nature:1.0,2,85
네이버 장소검색 | 경기 동두천시,자연친화,"소요산문화생태공원자연,생태공원",상시,영유아 및 어린이 (0세~9세),"경기 동두천시 소요산문화생태공원자연,생태공원",무료/유료 (플레이스 참조),"경기 동두천시에 위치한 인기 아기랑 공원 명소인 [소요산문화생태공원자연,생태공원]입니다.",https://search.naver.com/search.naver?where=nexearch&query=%EA%B2%BD%EA%B8%B0%20%EB%8F%99%EB%91%90%EC%B2%9C%EC%8B%9C%20%EC%95%84%EA%B8%B0%EB%9E%91%20%EA%B3%B5%EC%9B%90,family:1.0;baby:1.0;parking:1.0;nursing_room:1.0;동두천시;아기랑 공원,2026-08-22 20:34:25,park:1.0;picnic:1.0;nature:1.0,2,85
네이버 장소검색 | 경기 동두천시,자연친화,어울림공원,상시,영유아 및 어린이 (0세~9세),경기 동두천시 어울림공원,무료/유료 (플레이스 참조),경기 동두천시에 위치한 인기 아기랑 공원 명소인 [어울림공원]입니다.,https://search.naver.com/search.naver?where=nexearch&query=%EA%B2%BD%EA%B8%B0%20%EB%8F%99%EB%91%90%EC%B2%9C%EC%8B%9C%20%EC%95%84%EA%B8%B0%EB%9E%91%20%EA%B3%B5%EC%9B%90,family:1.0;baby:1.0;parking:1.0;nursing_room:1.0;동두천시;아기랑 공원,2026-08-22 20:34:25,park:1.0;picnic:1.0;nature:1.0,2,85
네이버 장소검색 | 경기 동두천시,자연친화,시민공원,상시,영유아 및 어린이 (0세~9세),경기 동두천시 시민공원,무료/유료 (플레이스 참조),경기 동두천시에 위치한 인기 아기랑 공원 명소인 [시민공원]입니다.,https://search.naver.com/search.naver?where=nexearch&query=%EA%B2%BD%EA%B8%B0%20%EB%8F%99%EB%91%90%EC%B2%9C%EC%8B%9C%20%EC%95%84%EA%B8%B0%EB%9E%91%20%EA%B3%B5%EC%9B%90,family:1.0;baby:1.0;parking:1.0;nursing_room:1.0;동두천시;아기랑 공원,2026-08-22 20:34:25,park:1.0;picnic:1.0;nature:1.0,2,85
네이버 장소검색 | 경기 동두천시,자연친화,꿈나무공원,상시,영유아 및 어린이 (0세~9세),경기 동두천시 꿈나무공원,무료/유료 (플레이스 참조),경기 동두천시에 위치한 인기 아기랑 공원 명소인 [꿈나무공원]입니다.,https://search.naver.com/search.naver?where=nexearch&query=%EA%B2%BD%EA%B8%B0%20%EB%8F%99%EB%91%90%EC%B2%9C%EC%8B%9C%20%EC%95%84%EA%B8%B0%EB%9E%91%20%EA%B3%B5%EC%9B%90,family:1.0;baby:1.0;parking:1.0;nursing_room:1.0;동두천시;아기랑 공원,2026-08-22 20:34:25,park:1.0;picnic:1.0;nature:1.0,2,85
네이버 장소검색 | 경기 동두천시,자연친화,맘맘mom-mom.net›맘맘›여행›시민공원,상시,영유아 및 어린이 (0세~9세),경기 동두천시 맘맘mom-mom.net›맘맘›여행›시민공원,무료/유료 (플레이스 참조),경기 동두천시에 위치한 인기 아기랑 공원 명소인 [맘맘mom-mom.net›맘맘›여행›시민공원]입니다.,https://search.naver.com/search.naver?where=nexearch&query=%EA%B2%BD%EA%B8%B0%20%EB%8F%99%EB%91%90%EC%B2%9C%EC%8B%9C%20%EC%95%84%EA%B8%B0%EB%9E%91%20%EA%B3%B5%EC%9B%90,family:1.0;baby:1.0;parking:1.0;nursing_room:1.0;동두천시;아기랑 공원,2026-08-22 20:34:25,park:1.0;picnic:1.0;nature:1.0,2,85
네이버 장소검색 | 경기 동두천시,자연친화,원터공원,상시,영유아 및 어린이 (0세~9세),경기 동두천시 원터공원,무료/유료 (플레이스 참조),경기 동두천시에 위치한 인기 아기랑 공원 명소인 [원터공원]입니다.,https://search.naver.com/search.naver?where=nexearch&query=%EA%B2%BD%EA%B8%B0%20%EB%8F%99%EB%91%90%EC%B2%9C%EC%8B%9C%20%EC%95%84%EA%B8%B0%EB%9E%91%20%EA%B3%B5%EC%9B%90,family:1.0;baby:1.0;parking:1.0;nursing_room:1.0;동두천시;아기랑 공원,2026-08-22 20:34:25,park:1.0;picnic:1.0;nature:1.0,2,85
네이버 장소검색 | 경기 가평군,사설키즈카페,효정부흥키즈카페,상시,영유아 및 어린이 (0세~9세),경기 가평군 효정부흥키즈카페,무료/유료 (플레이스 참조),경기 가평군에 위치한 인기 아기랑 키즈카페 명소인 [효정부흥키즈카페]입니다.,https://search.naver.com/search.naver?where=nexearch&query=%EA%B2%BD%EA%B8%B0%20%EA%B0%80%ED%8F%89%EA%B5%B0%20%EC%95%84%EA%B8%B0%EB%9E%91%20%ED%82%A4%EC%A6%88%EC%B9%B4%ED%8E%98,family:1.0;baby:1.0;parking:1.0;nursing_room:1.0;가평군;아기랑 키즈카페,2026-08-22 20:34:25,toddler:1.0;indoor:0.9;play:1.0,2,85
네이버 장소검색 | 경기 가평군,사설키즈카페,트니트니 어드벤처,상시,영유아 및 어린이 (0세~9세),경기 가평군 트니트니 어드벤처,무료/유료 (플레이스 참조),경기 가평군에 위치한 인기 아기랑 키즈카페 명소인 [트니트니 어드벤처]입니다.,https://search.naver.com/search.naver?where=nexearch&query=%EA%B2%BD%EA%B8%B0%20%EA%B0%80%ED%8F%89%EA%B5%B0%20%EC%95%84%EA%B8%B0%EB%9E%91%20%ED%82%A4%EC%A6%88%EC%B9%B4%ED%8E%98,family:1.0;baby:1.0;parking:1.0;nursing_room:1.0;가평군;아기랑 키즈카페,2026-08-22 20:34:25,toddler:1.0;indoor:0.9;play:1.0,2,85
네이버 장소검색 | 경기 가평군,사설키즈카페,가평군어린이 음악놀이터,상시,영유아 및 어린이 (0세~9세),경기 가평군 가평군어린이 음악놀이터,무료/유료 (플레이스 참조),경기 가평군에 위치한 인기 아기랑 키즈카페 명소인 [가평군어린이 음악놀이터]입니다.,https://search.naver.com/search.naver?where=nexearch&query=%EA%B2%BD%EA%B8%B0%20%EA%B0%80%ED%8F%89%EA%B5%B0%20%EC%95%84%EA%B8%B0%EB%9E%91%20%ED%82%A4%EC%A6%88%EC%B9%B4%ED%8E%98,family:1.0;baby:1.0;parking:1.0;nursing_room:1.0;가평군;아기랑 키즈카페,2026-08-22 20:34:25,toddler:1.0;indoor:0.9;play:1.0,2,85
네이버 장소검색 | 경기 가평군,사설키즈카페,점프노리 가평점,상시,영유아 및 어린이 (0세~9세),경기 가평군 점프노리 가평점,무료/유료 (플레이스 참조),경기 가평군에 위치한 인기 아기랑 키즈카페 명소인 [점프노리 가평점]입니다.,https://search.naver.com/search.naver?where=nexearch&query=%EA%B2%BD%EA%B8%B0%20%EA%B0%80%ED%8F%89%EA%B5%B0%20%EC%95%84%EA%B8%B0%EB%9E%91%20%ED%82%A4%EC%A6%88%EC%B9%B4%ED%8E%98,family:1.0;baby:1.0;parking:1.0;nursing_room:1.0;가평군;아기랑 키즈카페,2026-08-22 20:34:25,toddler:1.0;indoor:0.9;play:1.0,2,85
네이버 장소검색 | 경기 가평군,사설키즈카페,노리파크 가평점,상시,영유아 및 어린이 (0세~9세),경기 가평군 노리파크 가평점,무료/유료 (플레이스 참조),경기 가평군에 위치한 인기 아기랑 키즈카페 명소인 [노리파크 가평점]입니다.,https://search.naver.com/search.naver?where=nexearch&query=%EA%B2%BD%EA%B8%B0%20%EA%B0%80%ED%8F%89%EA%B5%B0%20%EC%95%84%EA%B8%B0%EB%9E%91%20%ED%82%A4%EC%A6%88%EC%B9%B4%ED%8E%98,family:1.0;baby:1.0;parking:1.0;nursing_room:1.0;가평군;아기랑 키즈카페,2026-08-22 20:34:25,toddler:1.0;indoor:0.9;play:1.0,2,85
네이버 장소검색 | 경기 가평군,사설키즈카페,코코몽플레이,상시,영유아 및 어린이 (0세~9세),경기 가평군 코코몽플레이,무료/유료 (플레이스 참조),경기 가평군에 위치한 인기 아기랑 키즈카페 명소인 [코코몽플레이]입니다.,https://search.naver.com/search.naver?where=nexearch&query=%EA%B2%BD%EA%B8%B0%20%EA%B0%80%ED%8F%89%EA%B5%B0%20%EC%95%84%EA%B8%B0%EB%9E%91%20%ED%82%A4%EC%A6%88%EC%B9%B4%ED%8E%98,family:1.0;baby:1.0;parking:1.0;nursing_room:1.0;가평군;아기랑 키즈카페,2026-08-22 20:34:25,toddler:1.0;indoor:0.9;play:1.0,2,85
네이버 장소검색 | 경기 가평군,사설키즈카페,가평군어린이 음악놀이터 -가평,상시,영유아 및 어린이 (0세~9세),경기 가평군 가평군어린이 음악놀이터 -가평,무료/유료 (플레이스 참조),경기 가평군에 위치한 인기 아기랑 키즈카페 명소인 [가평군어린이 음악놀이터 -가평]입니다.,https://search.naver.com/search.naver?where=nexearch&query=%EA%B2%BD%EA%B8%B0%20%EA%B0%80%ED%8F%89%EA%B5%B0%20%EC%95%84%EA%B8%B0%EB%9E%91%20%ED%82%A4%EC%A6%88%EC%B9%B4%ED%8E%98,family:1.0;baby:1.0;parking:1.0;nursing_room:1.0;가평군;아기랑 키즈카페,2026-08-22 20:34:25,toddler:1.0;indoor:0.9;play:1.0,2,85
네이버 장소검색 | 경기 가평군,사설키즈카페,경기도가평군,상시,영유아 및 어린이 (0세~9세),경기 가평군 경기도가평군,무료/유료 (플레이스 참조),경기 가평군에 위치한 인기 아기랑 키즈카페 명소인 [경기도가평군]입니다.,https://search.naver.com/search.naver?where=nexearch&query=%EA%B2%BD%EA%B8%B0%20%EA%B0%80%ED%8F%89%EA%B5%B0%20%EC%95%84%EA%B8%B0%EB%9E%91%20%ED%82%A4%EC%A6%88%EC%B9%B4%ED%8E%98,family:1.0;baby:1.0;parking:1.0;nursing_room:1.0;가평군;아기랑 키즈카페,2026-08-22 20:34:25,toddler:1.0;indoor:0.9;play:1.0,2,85
네이버 장소검색 | 경기 가평군,자연친화,가평용추계곡,상시,영유아 및 어린이 (0세~9세),경기 가평군 가평용추계곡,무료/유료 (플레이스 참조),경기 가평군에 위치한 인기 아기랑 계곡 명소인 [가평용추계곡]입니다.,https://search.naver.com/search.naver?where=nexearch&query=%EA%B2%BD%EA%B8%B0%20%EA%B0%80%ED%8F%89%EA%B5%B0%20%EC%95%84%EA%B8%B0%EB%9E%91%20%EA%B3%84%EA%B3%A1,family:1.0;baby:1.0;parking:1.0;nursing_room:1.0;가평군;아기랑 계곡,2026-08-22 20:34:25,valley:1.0;nature:1.0;water:1.0,2,85
네이버 장소검색 | 경기 가평군,자연친화,명지계곡,상시,영유아 및 어린이 (0세~9세),경기 가평군 명지계곡,무료/유료 (플레이스 참조),경기 가평군에 위치한 인기 아기랑 계곡 명소인 [명지계곡]입니다.,https://search.naver.com/search.naver?where=nexearch&query=%EA%B2%BD%EA%B8%B0%20%EA%B0%80%ED%8F%89%EA%B5%B0%20%EC%95%84%EA%B8%B0%EB%9E%91%20%EA%B3%84%EA%B3%A1,family:1.0;baby:1.0;parking:1.0;nursing_room:1.0;가평군;아기랑 계곡,2026-08-22 20:34:25,valley:1.0;nature:1.0;water:1.0,2,85
네이버 장소검색 | 경기 가평군,자연친화,어비계곡,상시,영유아 및 어린이 (0세~9세),경기 가평군 어비계곡,무료/유료 (플레이스 참조),경기 가평군에 위치한 인기 아기랑 계곡 명소인 [어비계곡]입니다.,https://search.naver.com/search.naver?where=nexearch&query=%EA%B2%BD%EA%B8%B0%20%EA%B0%80%ED%8F%89%EA%B5%B0%20%EC%95%84%EA%B8%B0%EB%9E%91%20%EA%B3%84%EA%B3%A1,family:1.0;baby:1.0;parking:1.0;nursing_room:1.0;가평군;아기랑 계곡,2026-08-22 20:34:25,valley:1.0;nature:1.0;water:1.0,2,85
네이버 장소검색 | 경기 가평군,자연친화,조무락골계곡,상시,영유아 및 어린이 (0세~9세),경기 가평군 조무락골계곡,무료/유료 (플레이스 참조),경기 가평군에 위치한 인기 아기랑 계곡 명소인 [조무락골계곡]입니다.,https://search.naver.com/search.naver?where=nexearch&query=%EA%B2%BD%EA%B8%B0%20%EA%B0%80%ED%8F%89%EA%B5%B0%20%EC%95%84%EA%B8%B0%EB%9E%91%20%EA%B3%84%EA%B3%A1,family:1.0;baby:1.0;parking:1.0;nursing_room:1.0;가평군;아기랑 계곡,2026-08-22 20:34:25,valley:1.0;nature:1.0;water:1.0,2,85
네이버 장소검색 | 경기 가평군,자연친화,화악산계곡,상시,영유아 및 어린이 (0세~9세),경기 가평군 화악산계곡,무료/유료 (플레이스 참조),경기 가평군에 위치한 인기 아기랑 계곡 명소인 [화악산계곡]입니다.,https://search.naver.com/search.naver?where=nexearch&query=%EA%B2%BD%EA%B8%B0%20%EA%B0%80%ED%8F%89%EA%B5%B0%20%EC%95%84%EA%B8%B0%EB%9E%91%20%EA%B3%84%EA%B3%A1,family:1.0;baby:1.0;parking:1.0;nursing_room:1.0;가평군;아기랑 계곡,2026-08-22 20:34:25,valley:1.0;nature:1.0;water:1.0,2,85
네이버 장소검색 | 경기 가평군,자연친화,항아리바위계곡,상시,영유아 및 어린이 (0세~9세),경기 가평군 항아리바위계곡,무료/유료 (플레이스 참조),경기 가평군에 위치한 인기 아기랑 계곡 명소인 [항아리바위계곡]입니다.,https://search.naver.com/search.naver?where=nexearch&query=%EA%B2%BD%EA%B8%B0%20%EA%B0%80%ED%8F%89%EA%B5%B0%20%EC%95%84%EA%B8%B0%EB%9E%91%20%EA%B3%84%EA%B3%A1,family:1.0;baby:1.0;parking:1.0;nursing_room:1.0;가평군;아기랑 계곡,2026-08-22 20:34:25,valley:1.0;nature:1.0;water:1.0,2,85
네이버 장소검색 | 경기 가평군,자연친화,라서 인피니티풀수영장,상시,영유아 및 어린이 (0세~9세),경기 가평군 라서 인피니티풀수영장,무료/유료 (플레이스 참조),경기 가평군에 위치한 인기 아기랑 수영장 명소인 [라서 인피니티풀수영장]입니다.,https://search.naver.com/search.naver?where=nexearch&query=%EA%B2%BD%EA%B8%B0%20%EA%B0%80%ED%8F%89%EA%B5%B0%20%EC%95%84%EA%B8%B0%EB%9E%91%20%EC%88%98%EC%98%81%EC%9E%A5,family:1.0;baby:1.0;parking:1.0;nursing_room:1.0;가평군;아기랑 수영장,2026-08-22 20:34:25,pool:1.0;water:1.0;outdoor:0.9,2,85
네이버 장소검색 | 경기 가평군,자연친화,자라섬 야외수영장,상시,영유아 및 어린이 (0세~9세),경기 가평군 자라섬 야외수영장,무료/유료 (플레이스 참조),경기 가평군에 위치한 인기 아기랑 수영장 명소인 [자라섬 야외수영장]입니다.,https://search.naver.com/search.naver?where=nexearch&query=%EA%B2%BD%EA%B8%B0%20%EA%B0%80%ED%8F%89%EA%B5%B0%20%EC%95%84%EA%B8%B0%EB%9E%91%20%EC%88%98%EC%98%81%EC%9E%A5,family:1.0;baby:1.0;parking:1.0;nursing_room:1.0;가평군;아기랑 수영장,2026-08-22 20:34:25,pool:1.0;water:1.0;outdoor:0.9,2,85
네이버 장소검색 | 경기 가평군,자연친화,무아레 풀무아레수영장,상시,영유아 및 어린이 (0세~9세),경기 가평군 무아레 풀무아레수영장,무료/유료 (플레이스 참조),경기 가평군에 위치한 인기 아기랑 수영장 명소인 [무아레 풀무아레수영장]입니다.,https://search.naver.com/search.naver?where=nexearch&query=%EA%B2%BD%EA%B8%B0%20%EA%B0%80%ED%8F%89%EA%B5%B0%20%EC%95%84%EA%B8%B0%EB%9E%91%20%EC%88%98%EC%98%81%EC%9E%A5,family:1.0;baby:1.0;parking:1.0;nursing_room:1.0;가평군;아기랑 수영장,2026-08-22 20:34:25,pool:1.0;water:1.0;outdoor:0.9,2,85
네이버 장소검색 | 경기 가평군,자연친화,켄싱턴리조트 가평야외수영장,상시,영유아 및 어린이 (0세~9세),경기 가평군 켄싱턴리조트 가평야외수영장,무료/유료 (플레이스 참조),경기 가평군에 위치한 인기 아기랑 수영장 명소인 [켄싱턴리조트 가평야외수영장]입니다.,https://search.naver.com/search.naver?where=nexearch&query=%EA%B2%BD%EA%B8%B0%20%EA%B0%80%ED%8F%89%EA%B5%B0%20%EC%95%84%EA%B8%B0%EB%9E%91%20%EC%88%98%EC%98%81%EC%9E%A5,family:1.0;baby:1.0;parking:1.0;nursing_room:1.0;가평군;아기랑 수영장,2026-08-22 20:34:25,pool:1.0;water:1.0;outdoor:0.9,2,85
네이버 장소검색 | 경기 가평군,자연친화,더스테이힐링파크 아쿠아수영장,상시,영유아 및 어린이 (0세~9세),경기 가평군 더스테이힐링파크 아쿠아수영장,무료/유료 (플레이스 참조),경기 가평군에 위치한 인기 아기랑 수영장 명소인 [더스테이힐링파크 아쿠아수영장]입니다.,https://search.naver.com/search.naver?where=nexearch&query=%EA%B2%BD%EA%B8%B0%20%EA%B0%80%ED%8F%89%EA%B5%B0%20%EC%95%84%EA%B8%B0%EB%9E%91%20%EC%88%98%EC%98%81%EC%9E%A5,family:1.0;baby:1.0;parking:1.0;nursing_room:1.0;가평군;아기랑 수영장,2026-08-22 20:34:25,pool:1.0;water:1.0;outdoor:0.9,2,85
네이버 장소검색 | 경기 가평군,자연친화,아난티 코드 워터하우스수영장,상시,영유아 및 어린이 (0세~9세),경기 가평군 아난티 코드 워터하우스수영장,무료/유료 (플레이스 참조),경기 가평군에 위치한 인기 아기랑 수영장 명소인 [아난티 코드 워터하우스수영장]입니다.,https://search.naver.com/search.naver?where=nexearch&query=%EA%B2%BD%EA%B8%B0%20%EA%B0%80%ED%8F%89%EA%B5%B0%20%EC%95%84%EA%B8%B0%EB%9E%91%20%EC%88%98%EC%98%81%EC%9E%A5,family:1.0;baby:1.0;parking:1.0;nursing_room:1.0;가평군;아기랑 수영장,2026-08-22 20:34:25,pool:1.0;water:1.0;outdoor:0.9,2,85
네이버 장소검색 | 경기 가평군,자연친화,"무엇보다 실내 온수 수영장부터 장난감, 야외",상시,영유아 및 어린이 (0세~9세),"경기 가평군 무엇보다 실내 온수 수영장부터 장난감, 야외",무료/유료 (플레이스 참조),"경기 가평군에 위치한 인기 아기랑 모래놀이 명소인 [무엇보다 실내 온수 수영장부터 장난감, 야외]입니다.",https://search.naver.com/search.naver?where=nexearch&query=%EA%B2%BD%EA%B8%B0%20%EA%B0%80%ED%8F%89%EA%B5%B0%20%EC%95%84%EA%B8%B0%EB%9E%91%20%EB%AA%A8%EB%9E%98%EB%86%80%EC%9D%B4,family:1.0;baby:1.0;parking:1.0;nursing_room:1.0;가평군;아기랑 모래놀이,2026-08-22 20:34:25,sand:1.0;nature:1.0;play:0.9,2,85
네이버 장소검색 | 경기 가평군,자연친화,모래놀이터부터 야외,상시,영유아 및 어린이 (0세~9세),경기 가평군 모래놀이터부터 야외,무료/유료 (플레이스 참조),경기 가평군에 위치한 인기 아기랑 모래놀이 명소인 [모래놀이터부터 야외]입니다.,https://search.naver.com/search.naver?where=nexearch&query=%EA%B2%BD%EA%B8%B0%20%EA%B0%80%ED%8F%89%EA%B5%B0%20%EC%95%84%EA%B8%B0%EB%9E%91%20%EB%AA%A8%EB%9E%98%EB%86%80%EC%9D%B4,family:1.0;baby:1.0;parking:1.0;nursing_room:1.0;가평군;아기랑 모래놀이,2026-08-22 20:34:25,sand:1.0;nature:1.0;play:0.9,2,85
네이버 장소검색 | 경기 가평군,자연친화,에델바이스 스위스공원,상시,영유아 및 어린이 (0세~9세),경기 가평군 에델바이스 스위스공원,무료/유료 (플레이스 참조),경기 가평군에 위치한 인기 아기랑 공원 명소인 [에델바이스 스위스공원]입니다.,https://search.naver.com/search.naver?where=nexearch&query=%EA%B2%BD%EA%B8%B0%20%EA%B0%80%ED%8F%89%EA%B5%B0%20%EC%95%84%EA%B8%B0%EB%9E%91%20%EA%B3%B5%EC%9B%90,family:1.0;baby:1.0;parking:1.0;nursing_room:1.0;가평군;아기랑 공원,2026-08-22 20:34:25,park:1.0;picnic:1.0;nature:1.0,2,85
네이버 장소검색 | 경기 가평군,자연친화,화악터널쌈지공원자연공원,상시,영유아 및 어린이 (0세~9세),경기 가평군 화악터널쌈지공원자연공원,무료/유료 (플레이스 참조),경기 가평군에 위치한 인기 아기랑 공원 명소인 [화악터널쌈지공원자연공원]입니다.,https://search.naver.com/search.naver?where=nexearch&query=%EA%B2%BD%EA%B8%B0%20%EA%B0%80%ED%8F%89%EA%B5%B0%20%EC%95%84%EA%B8%B0%EB%9E%91%20%EA%B3%B5%EC%9B%90,family:1.0;baby:1.0;parking:1.0;nursing_room:1.0;가평군;아기랑 공원,2026-08-22 20:34:25,park:1.0;picnic:1.0;nature:1.0,2,85
네이버 장소검색 | 경기 가평군,자연친화,상천루공원,상시,영유아 및 어린이 (0세~9세),경기 가평군 상천루공원,무료/유료 (플레이스 참조),경기 가평군에 위치한 인기 아기랑 공원 명소인 [상천루공원]입니다.,https://search.naver.com/search.naver?where=nexearch&query=%EA%B2%BD%EA%B8%B0%20%EA%B0%80%ED%8F%89%EA%B5%B0%20%EC%95%84%EA%B8%B0%EB%9E%91%20%EA%B3%B5%EC%9B%90,family:1.0;baby:1.0;parking:1.0;nursing_room:1.0;가평군;아기랑 공원,2026-08-22 20:34:25,park:1.0;picnic:1.0;nature:1.0,2,85
네이버 장소검색 | 경기 가평군,자연친화,"반딧불이서식생태공원자연,생태공원",상시,영유아 및 어린이 (0세~9세),"경기 가평군 반딧불이서식생태공원자연,생태공원",무료/유료 (플레이스 참조),"경기 가평군에 위치한 인기 아기랑 공원 명소인 [반딧불이서식생태공원자연,생태공원]입니다.",https://search.naver.com/search.naver?where=nexearch&query=%EA%B2%BD%EA%B8%B0%20%EA%B0%80%ED%8F%89%EA%B5%B0%20%EC%95%84%EA%B8%B0%EB%9E%91%20%EA%B3%B5%EC%9B%90,family:1.0;baby:1.0;parking:1.0;nursing_room:1.0;가평군;아기랑 공원,2026-08-22 20:34:25,park:1.0;picnic:1.0;nature:1.0,2,85
네이버 장소검색 | 경기 가평군,자연친화,"명지산군립공원군립,시립공원",상시,영유아 및 어린이 (0세~9세),"경기 가평군 명지산군립공원군립,시립공원",무료/유료 (플레이스 참조),"경기 가평군에 위치한 인기 아기랑 공원 명소인 [명지산군립공원군립,시립공원]입니다.",https://search.naver.com/search.naver?where=nexearch&query=%EA%B2%BD%EA%B8%B0%20%EA%B0%80%ED%8F%89%EA%B5%B0%20%EC%95%84%EA%B8%B0%EB%9E%91%20%EA%B3%B5%EC%9B%90,family:1.0;baby:1.0;parking:1.0;nursing_room:1.0;가평군;아기랑 공원,2026-08-22 20:34:25,park:1.0;picnic:1.0;nature:1.0,2,85
네이버 장소검색 | 경기 가평군,자연친화,"수풀로 삼회리자연,생태공원",상시,영유아 및 어린이 (0세~9세),"경기 가평군 수풀로 삼회리자연,생태공원",무료/유료 (플레이스 참조),"경기 가평군에 위치한 인기 아기랑 공원 명소인 [수풀로 삼회리자연,생태공원]입니다.",https://search.naver.com/search.naver?where=nexearch&query=%EA%B2%BD%EA%B8%B0%20%EA%B0%80%ED%8F%89%EA%B5%B0%20%EC%95%84%EA%B8%B0%EB%9E%91%20%EA%B3%B5%EC%9B%90,family:1.0;baby:1.0;parking:1.0;nursing_room:1.0;가평군;아기랑 공원,2026-08-22 20:34:25,park:1.0;picnic:1.0;nature:1.0,2,85
네이버 장소검색 | 경기 가평군,문화생활,라운지05 이상원미술관,상시,영유아 및 어린이 (0세~9세),경기 가평군 라운지05 이상원미술관,무료/유료 (플레이스 참조),경기 가평군에 위치한 인기 아기랑 미술 명소인 [라운지05 이상원미술관]입니다.,https://search.naver.com/search.naver?where=nexearch&query=%EA%B2%BD%EA%B8%B0%20%EA%B0%80%ED%8F%89%EA%B5%B0%20%EC%95%84%EA%B8%B0%EB%9E%91%20%EB%AF%B8%EC%88%A0,family:1.0;baby:1.0;parking:1.0;nursing_room:1.0;가평군;아기랑 미술,2026-08-22 20:34:25,drawing:1.0;art:1.0;experience:1.0,2,85
네이버 장소검색 | 경기 과천시,사설키즈카페,그라운드플래닛 서울대공원점,상시,영유아 및 어린이 (0세~9세),경기 과천시 그라운드플래닛 서울대공원점,무료/유료 (플레이스 참조),경기 과천시에 위치한 인기 아기랑 키즈카페 명소인 [그라운드플래닛 서울대공원점]입니다.,https://search.naver.com/search.naver?where=nexearch&query=%EA%B2%BD%EA%B8%B0%20%EA%B3%BC%EC%B2%9C%EC%8B%9C%20%EC%95%84%EA%B8%B0%EB%9E%91%20%ED%82%A4%EC%A6%88%EC%B9%B4%ED%8E%98,family:1.0;baby:1.0;parking:1.0;nursing_room:1.0;과천시;아기랑 키즈카페,2026-08-22 20:34:25,toddler:1.0;indoor:0.9;play:1.0,2,85
네이버 장소검색 | 경기 과천시,사설키즈카페,키런츠빌리지,상시,영유아 및 어린이 (0세~9세),경기 과천시 키런츠빌리지,무료/유료 (플레이스 참조),경기 과천시에 위치한 인기 아기랑 키즈카페 명소인 [키런츠빌리지]입니다.,https://search.naver.com/search.naver?where=nexearch&query=%EA%B2%BD%EA%B8%B0%20%EA%B3%BC%EC%B2%9C%EC%8B%9C%20%EC%95%84%EA%B8%B0%EB%9E%91%20%ED%82%A4%EC%A6%88%EC%B9%B4%ED%8E%98,family:1.0;baby:1.0;parking:1.0;nursing_room:1.0;과천시;아기랑 키즈카페,2026-08-22 20:34:25,toddler:1.0;indoor:0.9;play:1.0,2,85
네이버 장소검색 | 경기 과천시,사설키즈카페,고고다이노 EX 안양과천점,상시,영유아 및 어린이 (0세~9세),경기 과천시 고고다이노 EX 안양과천점,무료/유료 (플레이스 참조),경기 과천시에 위치한 인기 아기랑 키즈카페 명소인 [고고다이노 EX 안양과천점]입니다.,https://search.naver.com/search.naver?where=nexearch&query=%EA%B2%BD%EA%B8%B0%20%EA%B3%BC%EC%B2%9C%EC%8B%9C%20%EC%95%84%EA%B8%B0%EB%9E%91%20%ED%82%A4%EC%A6%88%EC%B9%B4%ED%8E%98,family:1.0;baby:1.0;parking:1.0;nursing_room:1.0;과천시;아기랑 키즈카페,2026-08-22 20:34:25,toddler:1.0;indoor:0.9;play:1.0,2,85
네이버 장소검색 | 경기 과천시,사설키즈카페,무키무키 과천점,상시,영유아 및 어린이 (0세~9세),경기 과천시 무키무키 과천점,무료/유료 (플레이스 참조),경기 과천시에 위치한 인기 아기랑 키즈카페 명소인 [무키무키 과천점]입니다.,https://search.naver.com/search.naver?where=nexearch&query=%EA%B2%BD%EA%B8%B0%20%EA%B3%BC%EC%B2%9C%EC%8B%9C%20%EC%95%84%EA%B8%B0%EB%9E%91%20%ED%82%A4%EC%A6%88%EC%B9%B4%ED%8E%98,family:1.0;baby:1.0;parking:1.0;nursing_room:1.0;과천시;아기랑 키즈카페,2026-08-22 20:34:25,toddler:1.0;indoor:0.9;play:1.0,2,85
네이버 장소검색 | 경기 과천시,사설키즈카페,온마을,상시,영유아 및 어린이 (0세~9세),경기 과천시 온마을,무료/유료 (플레이스 참조),경기 과천시에 위치한 인기 아기랑 키즈카페 명소인 [온마을]입니다.,https://search.naver.com/search.naver?where=nexearch&query=%EA%B2%BD%EA%B8%B0%20%EA%B3%BC%EC%B2%9C%EC%8B%9C%20%EC%95%84%EA%B8%B0%EB%9E%91%20%ED%82%A4%EC%A6%88%EC%B9%B4%ED%8E%98,family:1.0;baby:1.0;parking:1.0;nursing_room:1.0;과천시;아기랑 키즈카페,2026-08-22 20:34:25,toddler:1.0;indoor:0.9;play:1.0,2,85
네이버 장소검색 | 경기 과천시,사설키즈카페,경기도과천시,상시,영유아 및 어린이 (0세~9세),경기 과천시 경기도과천시,무료/유료 (플레이스 참조),경기 과천시에 위치한 인기 아기랑 키즈카페 명소인 [경기도과천시]입니다.,https://search.naver.com/search.naver?where=nexearch&query=%EA%B2%BD%EA%B8%B0%20%EA%B3%BC%EC%B2%9C%EC%8B%9C%20%EC%95%84%EA%B8%B0%EB%9E%91%20%ED%82%A4%EC%A6%88%EC%B9%B4%ED%8E%98,family:1.0;baby:1.0;parking:1.0;nursing_room:1.0;과천시;아기랑 키즈카페,2026-08-22 20:34:25,toddler:1.0;indoor:0.9;play:1.0,2,85
네이버 장소검색 | 경기 과천시,자연친화,마스터스윔수영장,상시,영유아 및 어린이 (0세~9세),경기 과천시 마스터스윔수영장,무료/유료 (플레이스 참조),경기 과천시에 위치한 인기 아기랑 수영장 명소인 [마스터스윔수영장]입니다.,https://search.naver.com/search.naver?where=nexearch&query=%EA%B2%BD%EA%B8%B0%20%EA%B3%BC%EC%B2%9C%EC%8B%9C%20%EC%95%84%EA%B8%B0%EB%9E%91%20%EC%88%98%EC%98%81%EC%9E%A5,family:1.0;baby:1.0;parking:1.0;nursing_room:1.0;과천시;아기랑 수영장,2026-08-22 20:34:25,pool:1.0;water:1.0;outdoor:0.9,2,85
네이버 장소검색 | 경기 과천시,자연친화,과천시민회관수영장,상시,영유아 및 어린이 (0세~9세),경기 과천시 과천시민회관수영장,무료/유료 (플레이스 참조),경기 과천시에 위치한 인기 아기랑 수영장 명소인 [과천시민회관수영장]입니다.,https://search.naver.com/search.naver?where=nexearch&query=%EA%B2%BD%EA%B8%B0%20%EA%B3%BC%EC%B2%9C%EC%8B%9C%20%EC%95%84%EA%B8%B0%EB%9E%91%20%EC%88%98%EC%98%81%EC%9E%A5,family:1.0;baby:1.0;parking:1.0;nursing_room:1.0;과천시;아기랑 수영장,2026-08-22 20:34:25,pool:1.0;water:1.0;outdoor:0.9,2,85
네이버 장소검색 | 경기 과천시,자연친화,과천도시공사수영장,상시,영유아 및 어린이 (0세~9세),경기 과천시 과천도시공사수영장,무료/유료 (플레이스 참조),경기 과천시에 위치한 인기 아기랑 수영장 명소인 [과천도시공사수영장]입니다.,https://search.naver.com/search.naver?where=nexearch&query=%EA%B2%BD%EA%B8%B0%20%EA%B3%BC%EC%B2%9C%EC%8B%9C%20%EC%95%84%EA%B8%B0%EB%9E%91%20%EC%88%98%EC%98%81%EC%9E%A5,family:1.0;baby:1.0;parking:1.0;nursing_room:1.0;과천시;아기랑 수영장,2026-08-22 20:34:25,pool:1.0;water:1.0;outdoor:0.9,2,85
네이버 장소검색 | 경기 과천시,자연친화,로고스물놀이장수영장,상시,영유아 및 어린이 (0세~9세),경기 과천시 로고스물놀이장수영장,무료/유료 (플레이스 참조),경기 과천시에 위치한 인기 아기랑 수영장 명소인 [로고스물놀이장수영장]입니다.,https://search.naver.com/search.naver?where=nexearch&query=%EA%B2%BD%EA%B8%B0%20%EA%B3%BC%EC%B2%9C%EC%8B%9C%20%EC%95%84%EA%B8%B0%EB%9E%91%20%EC%88%98%EC%98%81%EC%9E%A5,family:1.0;baby:1.0;parking:1.0;nursing_room:1.0;과천시;아기랑 수영장,2026-08-22 20:34:25,pool:1.0;water:1.0;outdoor:0.9,2,85
네이버 장소검색 | 경기 과천시,자연친화,문원체육공원잭과나무물놀이터수영장,상시,영유아 및 어린이 (0세~9세),경기 과천시 문원체육공원잭과나무물놀이터수영장,무료/유료 (플레이스 참조),경기 과천시에 위치한 인기 아기랑 수영장 명소인 [문원체육공원잭과나무물놀이터수영장]입니다.,https://search.naver.com/search.naver?where=nexearch&query=%EA%B2%BD%EA%B8%B0%20%EA%B3%BC%EC%B2%9C%EC%8B%9C%20%EC%95%84%EA%B8%B0%EB%9E%91%20%EC%88%98%EC%98%81%EC%9E%A5,family:1.0;baby:1.0;parking:1.0;nursing_room:1.0;과천시;아기랑 수영장,2026-08-22 20:34:25,pool:1.0;water:1.0;outdoor:0.9,2,85
네이버 장소검색 | 경기 과천시,자연친화,관문체육공원 물놀이장수영장,상시,영유아 및 어린이 (0세~9세),경기 과천시 관문체육공원 물놀이장수영장,무료/유료 (플레이스 참조),경기 과천시에 위치한 인기 아기랑 수영장 명소인 [관문체육공원 물놀이장수영장]입니다.,https://search.naver.com/search.naver?where=nexearch&query=%EA%B2%BD%EA%B8%B0%20%EA%B3%BC%EC%B2%9C%EC%8B%9C%20%EC%95%84%EA%B8%B0%EB%9E%91%20%EC%88%98%EC%98%81%EC%9E%A5,family:1.0;baby:1.0;parking:1.0;nursing_room:1.0;과천시;아기랑 수영장,2026-08-22 20:34:25,pool:1.0;water:1.0;outdoor:0.9,2,85
네이버 장소검색 | 경기 과천시,자연친화,"시원한 바닥분수&짚라인,과천공원",상시,영유아 및 어린이 (0세~9세),"경기 과천시 시원한 바닥분수&짚라인,과천공원",무료/유료 (플레이스 참조),"경기 과천시에 위치한 인기 아기랑 모래놀이 명소인 [시원한 바닥분수&짚라인,과천공원]입니다.",https://search.naver.com/search.naver?where=nexearch&query=%EA%B2%BD%EA%B8%B0%20%EA%B3%BC%EC%B2%9C%EC%8B%9C%20%EC%95%84%EA%B8%B0%EB%9E%91%20%EB%AA%A8%EB%9E%98%EB%86%80%EC%9D%B4,family:1.0;baby:1.0;parking:1.0;nursing_room:1.0;과천시;아기랑 모래놀이,2026-08-22 20:34:25,sand:1.0;nature:1.0;play:0.9,2,85
네이버 장소검색 | 경기 과천시,자연친화,"서울대공원 스카이리프트관람,체험",상시,영유아 및 어린이 (0세~9세),"경기 과천시 서울대공원 스카이리프트관람,체험",무료/유료 (플레이스 참조),"경기 과천시에 위치한 인기 아기랑 공원 명소인 [서울대공원 스카이리프트관람,체험]입니다.",https://search.naver.com/search.naver?where=nexearch&query=%EA%B2%BD%EA%B8%B0%20%EA%B3%BC%EC%B2%9C%EC%8B%9C%20%EC%95%84%EA%B8%B0%EB%9E%91%20%EA%B3%B5%EC%9B%90,family:1.0;baby:1.0;parking:1.0;nursing_room:1.0;과천시;아기랑 공원,2026-08-22 20:34:25,park:1.0;picnic:1.0;nature:1.0,2,85
네이버 장소검색 | 경기 과천시,자연친화,서울대공원 치유의숲공원,상시,영유아 및 어린이 (0세~9세),경기 과천시 서울대공원 치유의숲공원,무료/유료 (플레이스 참조),경기 과천시에 위치한 인기 아기랑 공원 명소인 [서울대공원 치유의숲공원]입니다.,https://search.naver.com/search.naver?where=nexearch&query=%EA%B2%BD%EA%B8%B0%20%EA%B3%BC%EC%B2%9C%EC%8B%9C%20%EC%95%84%EA%B8%B0%EB%9E%91%20%EA%B3%B5%EC%9B%90,family:1.0;baby:1.0;parking:1.0;nursing_room:1.0;과천시;아기랑 공원,2026-08-22 20:34:25,park:1.0;picnic:1.0;nature:1.0,2,85
네이버 장소검색 | 경기 과천시,자연친화,에어드리공원공원,상시,영유아 및 어린이 (0세~9세),경기 과천시 에어드리공원공원,무료/유료 (플레이스 참조),경기 과천시에 위치한 인기 아기랑 공원 명소인 [에어드리공원공원]입니다.,https://search.naver.com/search.naver?where=nexearch&query=%EA%B2%BD%EA%B8%B0%20%EA%B3%BC%EC%B2%9C%EC%8B%9C%20%EC%95%84%EA%B8%B0%EB%9E%91%20%EA%B3%B5%EC%9B%90,family:1.0;baby:1.0;parking:1.0;nursing_room:1.0;과천시;아기랑 공원,2026-08-22 20:34:25,park:1.0;picnic:1.0;nature:1.0,2,85
네이버 장소검색 | 경기 과천시,자연친화,찬우물공원공원,상시,영유아 및 어린이 (0세~9세),경기 과천시 찬우물공원공원,무료/유료 (플레이스 참조),경기 과천시에 위치한 인기 아기랑 공원 명소인 [찬우물공원공원]입니다.,https://search.naver.com/search.naver?where=nexearch&query=%EA%B2%BD%EA%B8%B0%20%EA%B3%BC%EC%B2%9C%EC%8B%9C%20%EC%95%84%EA%B8%B0%EB%9E%91%20%EA%B3%B5%EC%9B%90,family:1.0;baby:1.0;parking:1.0;nursing_room:1.0;과천시;아기랑 공원,2026-08-22 20:34:25,park:1.0;picnic:1.0;nature:1.0,2,85
네이버 장소검색 | 경기 과천시,자연친화,과천청사 시민광장공원,상시,영유아 및 어린이 (0세~9세),경기 과천시 과천청사 시민광장공원,무료/유료 (플레이스 참조),경기 과천시에 위치한 인기 아기랑 공원 명소인 [과천청사 시민광장공원]입니다.,https://search.naver.com/search.naver?where=nexearch&query=%EA%B2%BD%EA%B8%B0%20%EA%B3%BC%EC%B2%9C%EC%8B%9C%20%EC%95%84%EA%B8%B0%EB%9E%91%20%EA%B3%B5%EC%9B%90,family:1.0;baby:1.0;parking:1.0;nursing_room:1.0;과천시;아기랑 공원,2026-08-22 20:34:25,park:1.0;picnic:1.0;nature:1.0,2,85
네이버 장소검색 | 경기 과천시,자연친화,"서울시 남현동 물놀이장, 관문체육공원 물놀이장,",상시,영유아 및 어린이 (0세~9세),"경기 과천시 서울시 남현동 물놀이장, 관문체육공원 물놀이장,",무료/유료 (플레이스 참조),"경기 과천시에 위치한 인기 아기랑 물놀이터 명소인 [서울시 남현동 물놀이장, 관문체육공원 물놀이장,]입니다.",https://search.naver.com/search.naver?where=nexearch&query=%EA%B2%BD%EA%B8%B0%20%EA%B3%BC%EC%B2%9C%EC%8B%9C%20%EC%95%84%EA%B8%B0%EB%9E%91%20%EB%AC%BC%EB%86%80%EC%9D%B4%ED%84%B0,family:1.0;baby:1.0;parking:1.0;nursing_room:1.0;과천시;아기랑 물놀이터,2026-08-22 20:34:25,water:1.0;outdoor:1.0;picnic:0.8,2,85
네이버 장소검색 | 경기 과천시,가족체험,국립과천과학관 유아체험관 -,상시,영유아 및 어린이 (0세~9세),경기 과천시 국립과천과학관 유아체험관 -,무료/유료 (플레이스 참조),경기 과천시에 위치한 인기 아기랑 어린이박물관 명소인 [국립과천과학관 유아체험관 -]입니다.,https://search.naver.com/search.naver?where=nexearch&query=%EA%B2%BD%EA%B8%B0%20%EA%B3%BC%EC%B2%9C%EC%8B%9C%20%EC%95%84%EA%B8%B0%EB%9E%91%20%EC%96%B4%EB%A6%B0%EC%9D%B4%EB%B0%95%EB%AC%BC%EA%B4%80,family:1.0;baby:1.0;parking:1.0;nursing_room:1.0;과천시;아기랑 어린이박물관,2026-08-22 20:34:25,museum:1.0;hands_on:1.0;experience:1.0,2,85
네이버 장소검색 | 인천 중구,사설키즈카페,뽀로로앤타요테마파크 월미도점,상시,영유아 및 어린이 (0세~9세),인천 중구 뽀로로앤타요테마파크 월미도점,무료/유료 (플레이스 참조),인천 중구에 위치한 인기 아기랑 키즈카페 명소인 [뽀로로앤타요테마파크 월미도점]입니다.,https://search.naver.com/search.naver?where=nexearch&query=%EC%9D%B8%EC%B2%9C%20%EC%A4%91%EA%B5%AC%20%EC%95%84%EA%B8%B0%EB%9E%91%20%ED%82%A4%EC%A6%88%EC%B9%B4%ED%8E%98,family:1.0;baby:1.0;parking:1.0;nursing_room:1.0;중구;아기랑 키즈카페,2026-08-22 20:34:25,toddler:1.0;indoor:0.9;play:1.0,2,85
네이버 장소검색 | 인천 중구,사설키즈카페,월드킹 인천중구점,상시,영유아 및 어린이 (0세~9세),인천 중구 월드킹 인천중구점,무료/유료 (플레이스 참조),인천 중구에 위치한 인기 아기랑 키즈카페 명소인 [월드킹 인천중구점]입니다.,https://search.naver.com/search.naver?where=nexearch&query=%EC%9D%B8%EC%B2%9C%20%EC%A4%91%EA%B5%AC%20%EC%95%84%EA%B8%B0%EB%9E%91%20%ED%82%A4%EC%A6%88%EC%B9%B4%ED%8E%98,family:1.0;baby:1.0;parking:1.0;nursing_room:1.0;중구;아기랑 키즈카페,2026-08-22 20:34:25,toddler:1.0;indoor:0.9;play:1.0,2,85
네이버 장소검색 | 인천 중구,사설키즈카페,조조드로잉 키즈카페,상시,영유아 및 어린이 (0세~9세),인천 중구 조조드로잉 키즈카페,무료/유료 (플레이스 참조),인천 중구에 위치한 인기 아기랑 키즈카페 명소인 [조조드로잉 키즈카페]입니다.,https://search.naver.com/search.naver?where=nexearch&query=%EC%9D%B8%EC%B2%9C%20%EC%A4%91%EA%B5%AC%20%EC%95%84%EA%B8%B0%EB%9E%91%20%ED%82%A4%EC%A6%88%EC%B9%B4%ED%8E%98,family:1.0;baby:1.0;parking:1.0;nursing_room:1.0;중구;아기랑 키즈카페,2026-08-22 20:34:25,toddler:1.0;indoor:0.9;play:1.0,2,85
네이버 장소검색 | 인천 중구,사설키즈카페,펀펀블럭,상시,영유아 및 어린이 (0세~9세),인천 중구 펀펀블럭,무료/유료 (플레이스 참조),인천 중구에 위치한 인기 아기랑 키즈카페 명소인 [펀펀블럭]입니다.,https://search.naver.com/search.naver?where=nexearch&query=%EC%9D%B8%EC%B2%9C%20%EC%A4%91%EA%B5%AC%20%EC%95%84%EA%B8%B0%EB%9E%91%20%ED%82%A4%EC%A6%88%EC%B9%B4%ED%8E%98,family:1.0;baby:1.0;parking:1.0;nursing_room:1.0;중구;아기랑 키즈카페,2026-08-22 20:34:25,toddler:1.0;indoor:0.9;play:1.0,2,85
네이버 장소검색 | 인천 중구,사설키즈카페,로라스로라월드 영종도점,상시,영유아 및 어린이 (0세~9세),인천 중구 로라스로라월드 영종도점,무료/유료 (플레이스 참조),인천 중구에 위치한 인기 아기랑 키즈카페 명소인 [로라스로라월드 영종도점]입니다.,https://search.naver.com/search.naver?where=nexearch&query=%EC%9D%B8%EC%B2%9C%20%EC%A4%91%EA%B5%AC%20%EC%95%84%EA%B8%B0%EB%9E%91%20%ED%82%A4%EC%A6%88%EC%B9%B4%ED%8E%98,family:1.0;baby:1.0;parking:1.0;nursing_room:1.0;중구;아기랑 키즈카페,2026-08-22 20:34:25,toddler:1.0;indoor:0.9;play:1.0,2,85
네이버 장소검색 | 인천 중구,사설키즈카페,인천무료키즈카페｜2시간 무료 영유아,상시,영유아 및 어린이 (0세~9세),인천 중구 인천무료키즈카페｜2시간 무료 영유아,무료/유료 (플레이스 참조),인천 중구에 위치한 인기 아기랑 키즈카페 명소인 [인천무료키즈카페｜2시간 무료 영유아]입니다.,https://search.naver.com/search.naver?where=nexearch&query=%EC%9D%B8%EC%B2%9C%20%EC%A4%91%EA%B5%AC%20%EC%95%84%EA%B8%B0%EB%9E%91%20%ED%82%A4%EC%A6%88%EC%B9%B4%ED%8E%98,family:1.0;baby:1.0;parking:1.0;nursing_room:1.0;중구;아기랑 키즈카페,2026-08-22 20:34:25,toddler:1.0;indoor:0.9;play:1.0,2,85
네이버 장소검색 | 인천 중구,자연친화,슈퍼스타스위밍 영종수영장,상시,영유아 및 어린이 (0세~9세),인천 중구 슈퍼스타스위밍 영종수영장,무료/유료 (플레이스 참조),인천 중구에 위치한 인기 아기랑 수영장 명소인 [슈퍼스타스위밍 영종수영장]입니다.,https://search.naver.com/search.naver?where=nexearch&query=%EC%9D%B8%EC%B2%9C%20%EC%A4%91%EA%B5%AC%20%EC%95%84%EA%B8%B0%EB%9E%91%20%EC%88%98%EC%98%81%EC%9E%A5,family:1.0;baby:1.0;parking:1.0;nursing_room:1.0;중구;아기랑 수영장,2026-08-22 20:34:25,pool:1.0;water:1.0;outdoor:0.9,2,85
네이버 장소검색 | 인천 중구,자연친화,인천도원수영장,상시,영유아 및 어린이 (0세~9세),인천 중구 인천도원수영장,무료/유료 (플레이스 참조),인천 중구에 위치한 인기 아기랑 수영장 명소인 [인천도원수영장]입니다.,https://search.naver.com/search.naver?where=nexearch&query=%EC%9D%B8%EC%B2%9C%20%EC%A4%91%EA%B5%AC%20%EC%95%84%EA%B8%B0%EB%9E%91%20%EC%88%98%EC%98%81%EC%9E%A5,family:1.0;baby:1.0;parking:1.0;nursing_room:1.0;중구;아기랑 수영장,2026-08-22 20:34:25,pool:1.0;water:1.0;outdoor:0.9,2,85
네이버 장소검색 | 인천 중구,자연친화,노블스위밍랩 영종하늘도시점수영장,상시,영유아 및 어린이 (0세~9세),인천 중구 노블스위밍랩 영종하늘도시점수영장,무료/유료 (플레이스 참조),인천 중구에 위치한 인기 아기랑 수영장 명소인 [노블스위밍랩 영종하늘도시점수영장]입니다.,https://search.naver.com/search.naver?where=nexearch&query=%EC%9D%B8%EC%B2%9C%20%EC%A4%91%EA%B5%AC%20%EC%95%84%EA%B8%B0%EB%9E%91%20%EC%88%98%EC%98%81%EC%9E%A5,family:1.0;baby:1.0;parking:1.0;nursing_room:1.0;중구;아기랑 수영장,2026-08-22 20:34:25,pool:1.0;water:1.0;outdoor:0.9,2,85
네이버 장소검색 | 인천 중구,자연친화,씨사이드파크 어린이물놀이장수영장,상시,영유아 및 어린이 (0세~9세),인천 중구 씨사이드파크 어린이물놀이장수영장,무료/유료 (플레이스 참조),인천 중구에 위치한 인기 아기랑 수영장 명소인 [씨사이드파크 어린이물놀이장수영장]입니다.,https://search.naver.com/search.naver?where=nexearch&query=%EC%9D%B8%EC%B2%9C%20%EC%A4%91%EA%B5%AC%20%EC%95%84%EA%B8%B0%EB%9E%91%20%EC%88%98%EC%98%81%EC%9E%A5,family:1.0;baby:1.0;parking:1.0;nursing_room:1.0;중구;아기랑 수영장,2026-08-22 20:34:25,pool:1.0;water:1.0;outdoor:0.9,2,85
네이버 장소검색 | 인천 중구,자연친화,아이풀 운서점수영장,상시,영유아 및 어린이 (0세~9세),인천 중구 아이풀 운서점수영장,무료/유료 (플레이스 참조),인천 중구에 위치한 인기 아기랑 수영장 명소인 [아이풀 운서점수영장]입니다.,https://search.naver.com/search.naver?where=nexearch&query=%EC%9D%B8%EC%B2%9C%20%EC%A4%91%EA%B5%AC%20%EC%95%84%EA%B8%B0%EB%9E%91%20%EC%88%98%EC%98%81%EC%9E%A5,family:1.0;baby:1.0;parking:1.0;nursing_room:1.0;중구;아기랑 수영장,2026-08-22 20:34:25,pool:1.0;water:1.0;outdoor:0.9,2,85
네이버 장소검색 | 인천 중구,자연친화,운남공원,상시,영유아 및 어린이 (0세~9세),인천 중구 운남공원,무료/유료 (플레이스 참조),인천 중구에 위치한 인기 아기랑 수영장 명소인 [운남공원]입니다.,https://search.naver.com/search.naver?where=nexearch&query=%EC%9D%B8%EC%B2%9C%20%EC%A4%91%EA%B5%AC%20%EC%95%84%EA%B8%B0%EB%9E%91%20%EC%88%98%EC%98%81%EC%9E%A5,family:1.0;baby:1.0;parking:1.0;nursing_room:1.0;중구;아기랑 수영장,2026-08-22 20:34:25,pool:1.0;water:1.0;outdoor:0.9,2,85
네이버 장소검색 | 인천 중구,자연친화,인스파이어,상시,영유아 및 어린이 (0세~9세),인천 중구 인스파이어,무료/유료 (플레이스 참조),인천 중구에 위치한 인기 아기랑 수영장 명소인 [인스파이어]입니다.,https://search.naver.com/search.naver?where=nexearch&query=%EC%9D%B8%EC%B2%9C%20%EC%A4%91%EA%B5%AC%20%EC%95%84%EA%B8%B0%EB%9E%91%20%EC%88%98%EC%98%81%EC%9E%A5,family:1.0;baby:1.0;parking:1.0;nursing_room:1.0;중구;아기랑 수영장,2026-08-22 20:34:25,pool:1.0;water:1.0;outdoor:0.9,2,85
네이버 장소검색 | 인천 중구,자연친화,호텔,상시,영유아 및 어린이 (0세~9세),인천 중구 호텔,무료/유료 (플레이스 참조),인천 중구에 위치한 인기 아기랑 수영장 명소인 [호텔]입니다.,https://search.naver.com/search.naver?where=nexearch&query=%EC%9D%B8%EC%B2%9C%20%EC%A4%91%EA%B5%AC%20%EC%95%84%EA%B8%B0%EB%9E%91%20%EC%88%98%EC%98%81%EC%9E%A5,family:1.0;baby:1.0;parking:1.0;nursing_room:1.0;중구;아기랑 수영장,2026-08-22 20:34:25,pool:1.0;water:1.0;outdoor:0.9,2,85
네이버 장소검색 | 인천 중구,자연친화,"컨디션,",상시,영유아 및 어린이 (0세~9세),"인천 중구 컨디션,",무료/유료 (플레이스 참조),"인천 중구에 위치한 인기 아기랑 수영장 명소인 [컨디션,]입니다.",https://search.naver.com/search.naver?where=nexearch&query=%EC%9D%B8%EC%B2%9C%20%EC%A4%91%EA%B5%AC%20%EC%95%84%EA%B8%B0%EB%9E%91%20%EC%88%98%EC%98%81%EC%9E%A5,family:1.0;baby:1.0;parking:1.0;nursing_room:1.0;중구;아기랑 수영장,2026-08-22 20:34:25,pool:1.0;water:1.0;outdoor:0.9,2,85
네이버 장소검색 | 인천 중구,자연친화,유수지공원,상시,영유아 및 어린이 (0세~9세),인천 중구 유수지공원,무료/유료 (플레이스 참조),인천 중구에 위치한 인기 아기랑 모래놀이 명소인 [유수지공원]입니다.,https://search.naver.com/search.naver?where=nexearch&query=%EC%9D%B8%EC%B2%9C%20%EC%A4%91%EA%B5%AC%20%EC%95%84%EA%B8%B0%EB%9E%91%20%EB%AA%A8%EB%9E%98%EB%86%80%EC%9D%B4,family:1.0;baby:1.0;parking:1.0;nursing_room:1.0;중구;아기랑 모래놀이,2026-08-22 20:34:25,sand:1.0;nature:1.0;play:0.9,2,85
네이버 장소검색 | 인천 중구,자연친화,2일 전인천 중구신도시북로 31-35 유수지공원,상시,영유아 및 어린이 (0세~9세),인천 중구 2일 전인천 중구신도시북로 31-35 유수지공원,무료/유료 (플레이스 참조),인천 중구에 위치한 인기 아기랑 모래놀이 명소인 [2일 전인천 중구신도시북로 31-35 유수지공원]입니다.,https://search.naver.com/search.naver?where=nexearch&query=%EC%9D%B8%EC%B2%9C%20%EC%A4%91%EA%B5%AC%20%EC%95%84%EA%B8%B0%EB%9E%91%20%EB%AA%A8%EB%9E%98%EB%86%80%EC%9D%B4,family:1.0;baby:1.0;parking:1.0;nursing_room:1.0;중구;아기랑 모래놀이,2026-08-22 20:34:25,sand:1.0;nature:1.0;play:0.9,2,85
네이버 장소검색 | 인천 중구,자연친화,월미공원자연공원,상시,영유아 및 어린이 (0세~9세),인천 중구 월미공원자연공원,무료/유료 (플레이스 참조),인천 중구에 위치한 인기 아기랑 공원 명소인 [월미공원자연공원]입니다.,https://search.naver.com/search.naver?where=nexearch&query=%EC%9D%B8%EC%B2%9C%20%EC%A4%91%EA%B5%AC%20%EC%95%84%EA%B8%B0%EB%9E%91%20%EA%B3%B5%EC%9B%90,family:1.0;baby:1.0;parking:1.0;nursing_room:1.0;중구;아기랑 공원,2026-08-22 20:34:25,park:1.0;picnic:1.0;nature:1.0,2,85
네이버 장소검색 | 인천 중구,자연친화,씨사이드파크 영종진 구역공원,상시,영유아 및 어린이 (0세~9세),인천 중구 씨사이드파크 영종진 구역공원,무료/유료 (플레이스 참조),인천 중구에 위치한 인기 아기랑 공원 명소인 [씨사이드파크 영종진 구역공원]입니다.,https://search.naver.com/search.naver?where=nexearch&query=%EC%9D%B8%EC%B2%9C%20%EC%A4%91%EA%B5%AC%20%EC%95%84%EA%B8%B0%EB%9E%91%20%EA%B3%B5%EC%9B%90,family:1.0;baby:1.0;parking:1.0;nursing_room:1.0;중구;아기랑 공원,2026-08-22 20:34:25,park:1.0;picnic:1.0;nature:1.0,2,85
네이버 장소검색 | 인천 중구,자연친화,인천중구시설관리공단 해양광장자연공원,상시,영유아 및 어린이 (0세~9세),인천 중구 인천중구시설관리공단 해양광장자연공원,무료/유료 (플레이스 참조),인천 중구에 위치한 인기 아기랑 공원 명소인 [인천중구시설관리공단 해양광장자연공원]입니다.,https://search.naver.com/search.naver?where=nexearch&query=%EC%9D%B8%EC%B2%9C%20%EC%A4%91%EA%B5%AC%20%EC%95%84%EA%B8%B0%EB%9E%91%20%EA%B3%B5%EC%9B%90,family:1.0;baby:1.0;parking:1.0;nursing_room:1.0;중구;아기랑 공원,2026-08-22 20:34:25,park:1.0;picnic:1.0;nature:1.0,2,85
네이버 장소검색 | 인천 중구,자연친화,남항공원,상시,영유아 및 어린이 (0세~9세),인천 중구 남항공원,무료/유료 (플레이스 참조),인천 중구에 위치한 인기 아기랑 공원 명소인 [남항공원]입니다.,https://search.naver.com/search.naver?where=nexearch&query=%EC%9D%B8%EC%B2%9C%20%EC%A4%91%EA%B5%AC%20%EC%95%84%EA%B8%B0%EB%9E%91%20%EA%B3%B5%EC%9B%90,family:1.0;baby:1.0;parking:1.0;nursing_room:1.0;중구;아기랑 공원,2026-08-22 20:34:25,park:1.0;picnic:1.0;nature:1.0,2,85
네이버 장소검색 | 인천 중구,자연친화,인천세관역사공원공원,상시,영유아 및 어린이 (0세~9세),인천 중구 인천세관역사공원공원,무료/유료 (플레이스 참조),인천 중구에 위치한 인기 아기랑 공원 명소인 [인천세관역사공원공원]입니다.,https://search.naver.com/search.naver?where=nexearch&query=%EC%9D%B8%EC%B2%9C%20%EC%A4%91%EA%B5%AC%20%EC%95%84%EA%B8%B0%EB%9E%91%20%EA%B3%B5%EC%9B%90,family:1.0;baby:1.0;parking:1.0;nursing_room:1.0;중구;아기랑 공원,2026-08-22 20:34:25,park:1.0;picnic:1.0;nature:1.0,2,85
네이버 장소검색 | 인천 중구,자연친화,물놀이터별 운영 안내 ; 송현공원,상시,영유아 및 어린이 (0세~9세),인천 중구 물놀이터별 운영 안내 ; 송현공원,무료/유료 (플레이스 참조),인천 중구에 위치한 인기 아기랑 물놀이터 명소인 [물놀이터별 운영 안내 ; 송현공원]입니다.,https://search.naver.com/search.naver?where=nexearch&query=%EC%9D%B8%EC%B2%9C%20%EC%A4%91%EA%B5%AC%20%EC%95%84%EA%B8%B0%EB%9E%91%20%EB%AC%BC%EB%86%80%EC%9D%B4%ED%84%B0,family:1.0;baby:1.0;parking:1.0;nursing_room:1.0;중구;아기랑 물놀이터,2026-08-22 20:34:25,water:1.0;outdoor:1.0;picnic:0.8,2,85
네이버 장소검색 | 인천 중구,자연친화,'운남공원,상시,영유아 및 어린이 (0세~9세),인천 중구 '운남공원,무료/유료 (플레이스 참조),인천 중구에 위치한 인기 아기랑 물놀이터 명소인 ['운남공원]입니다.,https://search.naver.com/search.naver?where=nexearch&query=%EC%9D%B8%EC%B2%9C%20%EC%A4%91%EA%B5%AC%20%EC%95%84%EA%B8%B0%EB%9E%91%20%EB%AC%BC%EB%86%80%EC%9D%B4%ED%84%B0,family:1.0;baby:1.0;parking:1.0;nursing_room:1.0;중구;아기랑 물놀이터,2026-08-22 20:34:25,water:1.0;outdoor:1.0;picnic:0.8,2,85
네이버 장소검색 | 인천 중구,자연친화,인천동구 송현공원,상시,영유아 및 어린이 (0세~9세),인천 중구 인천동구 송현공원,무료/유료 (플레이스 참조),인천 중구에 위치한 인기 아기랑 물놀이터 명소인 [인천동구 송현공원]입니다.,https://search.naver.com/search.naver?where=nexearch&query=%EC%9D%B8%EC%B2%9C%20%EC%A4%91%EA%B5%AC%20%EC%95%84%EA%B8%B0%EB%9E%91%20%EB%AC%BC%EB%86%80%EC%9D%B4%ED%84%B0,family:1.0;baby:1.0;parking:1.0;nursing_room:1.0;중구;아기랑 물놀이터,2026-08-22 20:34:25,water:1.0;outdoor:1.0;picnic:0.8,2,85
네이버 장소검색 | 인천 동구,사설키즈카페,스틸랜드 키즈카페,상시,영유아 및 어린이 (0세~9세),인천 동구 스틸랜드 키즈카페,무료/유료 (플레이스 참조),인천 동구에 위치한 인기 아기랑 키즈카페 명소인 [스틸랜드 키즈카페]입니다.,https://search.naver.com/search.naver?where=nexearch&query=%EC%9D%B8%EC%B2%9C%20%EB%8F%99%EA%B5%AC%20%EC%95%84%EA%B8%B0%EB%9E%91%20%ED%82%A4%EC%A6%88%EC%B9%B4%ED%8E%98,family:1.0;baby:1.0;parking:1.0;nursing_room:1.0;동구;아기랑 키즈카페,2026-08-22 20:34:25,toddler:1.0;indoor:0.9;play:1.0,2,85
네이버 장소검색 | 인천 동구,사설키즈카페,꿈엔뜰키즈랜드,상시,영유아 및 어린이 (0세~9세),인천 동구 꿈엔뜰키즈랜드,무료/유료 (플레이스 참조),인천 동구에 위치한 인기 아기랑 키즈카페 명소인 [꿈엔뜰키즈랜드]입니다.,https://search.naver.com/search.naver?where=nexearch&query=%EC%9D%B8%EC%B2%9C%20%EB%8F%99%EA%B5%AC%20%EC%95%84%EA%B8%B0%EB%9E%91%20%ED%82%A4%EC%A6%88%EC%B9%B4%ED%8E%98,family:1.0;baby:1.0;parking:1.0;nursing_room:1.0;동구;아기랑 키즈카페,2026-08-22 20:34:25,toddler:1.0;indoor:0.9;play:1.0,2,85
네이버 장소검색 | 인천 동구,사설키즈카페,헬로방방 송림점,상시,영유아 및 어린이 (0세~9세),인천 동구 헬로방방 송림점,무료/유료 (플레이스 참조),인천 동구에 위치한 인기 아기랑 키즈카페 명소인 [헬로방방 송림점]입니다.,https://search.naver.com/search.naver?where=nexearch&query=%EC%9D%B8%EC%B2%9C%20%EB%8F%99%EA%B5%AC%20%EC%95%84%EA%B8%B0%EB%9E%91%20%ED%82%A4%EC%A6%88%EC%B9%B4%ED%8E%98,family:1.0;baby:1.0;parking:1.0;nursing_room:1.0;동구;아기랑 키즈카페,2026-08-22 20:34:25,toddler:1.0;indoor:0.9;play:1.0,2,85
네이버 장소검색 | 인천 동구,사설키즈카페,와글아이 앨리웨이 인천점,상시,영유아 및 어린이 (0세~9세),인천 동구 와글아이 앨리웨이 인천점,무료/유료 (플레이스 참조),인천 동구에 위치한 인기 아기랑 키즈카페 명소인 [와글아이 앨리웨이 인천점]입니다.,https://search.naver.com/search.naver?where=nexearch&query=%EC%9D%B8%EC%B2%9C%20%EB%8F%99%EA%B5%AC%20%EC%95%84%EA%B8%B0%EB%9E%91%20%ED%82%A4%EC%A6%88%EC%B9%B4%ED%8E%98,family:1.0;baby:1.0;parking:1.0;nursing_room:1.0;동구;아기랑 키즈카페,2026-08-22 20:34:25,toddler:1.0;indoor:0.9;play:1.0,2,85
네이버 장소검색 | 인천 동구,사설키즈카페,"인천시동구놀이터,",상시,영유아 및 어린이 (0세~9세),"인천 동구 인천시동구놀이터,",무료/유료 (플레이스 참조),"인천 동구에 위치한 인기 아기랑 키즈카페 명소인 [인천시동구놀이터,]입니다.",https://search.naver.com/search.naver?where=nexearch&query=%EC%9D%B8%EC%B2%9C%20%EB%8F%99%EA%B5%AC%20%EC%95%84%EA%B8%B0%EB%9E%91%20%ED%82%A4%EC%A6%88%EC%B9%B4%ED%8E%98,family:1.0;baby:1.0;parking:1.0;nursing_room:1.0;동구;아기랑 키즈카페,2026-08-22 20:34:25,toddler:1.0;indoor:0.9;play:1.0,2,85
네이버 장소검색 | 인천 동구,자연친화,엔젤크루 키즈스위밍 숭의점수영장,상시,영유아 및 어린이 (0세~9세),인천 동구 엔젤크루 키즈스위밍 숭의점수영장,무료/유료 (플레이스 참조),인천 동구에 위치한 인기 아기랑 수영장 명소인 [엔젤크루 키즈스위밍 숭의점수영장]입니다.,https://search.naver.com/search.naver?where=nexearch&query=%EC%9D%B8%EC%B2%9C%20%EB%8F%99%EA%B5%AC%20%EC%95%84%EA%B8%B0%EB%9E%91%20%EC%88%98%EC%98%81%EC%9E%A5,family:1.0;baby:1.0;parking:1.0;nursing_room:1.0;동구;아기랑 수영장,2026-08-22 20:34:25,pool:1.0;water:1.0;outdoor:0.9,2,85
네이버 장소검색 | 인천 동구,자연친화,수봉공원 물놀이장수영장,상시,영유아 및 어린이 (0세~9세),인천 동구 수봉공원 물놀이장수영장,무료/유료 (플레이스 참조),인천 동구에 위치한 인기 아기랑 수영장 명소인 [수봉공원 물놀이장수영장]입니다.,https://search.naver.com/search.naver?where=nexearch&query=%EC%9D%B8%EC%B2%9C%20%EB%8F%99%EA%B5%AC%20%EC%95%84%EA%B8%B0%EB%9E%91%20%EC%88%98%EC%98%81%EC%9E%A5,family:1.0;baby:1.0;parking:1.0;nursing_room:1.0;동구;아기랑 수영장,2026-08-22 20:34:25,pool:1.0;water:1.0;outdoor:0.9,2,85
네이버 장소검색 | 인천 동구,자연친화,가좌공원 물놀이장수영장,상시,영유아 및 어린이 (0세~9세),인천 동구 가좌공원 물놀이장수영장,무료/유료 (플레이스 참조),인천 동구에 위치한 인기 아기랑 수영장 명소인 [가좌공원 물놀이장수영장]입니다.,https://search.naver.com/search.naver?where=nexearch&query=%EC%9D%B8%EC%B2%9C%20%EB%8F%99%EA%B5%AC%20%EC%95%84%EA%B8%B0%EB%9E%91%20%EC%88%98%EC%98%81%EC%9E%A5,family:1.0;baby:1.0;parking:1.0;nursing_room:1.0;동구;아기랑 수영장,2026-08-22 20:34:25,pool:1.0;water:1.0;outdoor:0.9,2,85
네이버 장소검색 | 인천 동구,자연친화,인천대공원 물놀이장 (남동구)인천,상시,영유아 및 어린이 (0세~9세),인천 동구 인천대공원 물놀이장 (남동구)인천,무료/유료 (플레이스 참조),인천 동구에 위치한 인기 아기랑 수영장 명소인 [인천대공원 물놀이장 (남동구)인천]입니다.,https://search.naver.com/search.naver?where=nexearch&query=%EC%9D%B8%EC%B2%9C%20%EB%8F%99%EA%B5%AC%20%EC%95%84%EA%B8%B0%EB%9E%91%20%EC%88%98%EC%98%81%EC%9E%A5,family:1.0;baby:1.0;parking:1.0;nursing_room:1.0;동구;아기랑 수영장,2026-08-22 20:34:25,pool:1.0;water:1.0;outdoor:0.9,2,85
네이버 장소검색 | 인천 동구,자연친화,일산아기수영장물노리베이비,상시,영유아 및 어린이 (0세~9세),인천 동구 일산아기수영장물노리베이비,무료/유료 (플레이스 참조),인천 동구에 위치한 인기 아기랑 수영장 명소인 [일산아기수영장물노리베이비]입니다.,https://search.naver.com/search.naver?where=nexearch&query=%EC%9D%B8%EC%B2%9C%20%EB%8F%99%EA%B5%AC%20%EC%95%84%EA%B8%B0%EB%9E%91%20%EC%88%98%EC%98%81%EC%9E%A5,family:1.0;baby:1.0;parking:1.0;nursing_room:1.0;동구;아기랑 수영장,2026-08-22 20:34:25,pool:1.0;water:1.0;outdoor:0.9,2,85
네이버 장소검색 | 인천 동구,자연친화,나 여기서 살래! 천원,상시,영유아 및 어린이 (0세~9세),인천 동구 나 여기서 살래! 천원,무료/유료 (플레이스 참조),인천 동구에 위치한 인기 아기랑 모래놀이 명소인 [나 여기서 살래! 천원]입니다.,https://search.naver.com/search.naver?where=nexearch&query=%EC%9D%B8%EC%B2%9C%20%EB%8F%99%EA%B5%AC%20%EC%95%84%EA%B8%B0%EB%9E%91%20%EB%AA%A8%EB%9E%98%EB%86%80%EC%9D%B4,family:1.0;baby:1.0;parking:1.0;nursing_room:1.0;동구;아기랑 모래놀이,2026-08-22 20:34:25,sand:1.0;nature:1.0;play:0.9,2,85
네이버 장소검색 | 인천 동구,자연친화,인천,상시,영유아 및 어린이 (0세~9세),인천 동구 인천,무료/유료 (플레이스 참조),인천 동구에 위치한 인기 아기랑 모래놀이 명소인 [인천]입니다.,https://search.naver.com/search.naver?where=nexearch&query=%EC%9D%B8%EC%B2%9C%20%EB%8F%99%EA%B5%AC%20%EC%95%84%EA%B8%B0%EB%9E%91%20%EB%AA%A8%EB%9E%98%EB%86%80%EC%9D%B4,family:1.0;baby:1.0;parking:1.0;nursing_room:1.0;동구;아기랑 모래놀이,2026-08-22 20:34:25,sand:1.0;nature:1.0;play:0.9,2,85
네이버 장소검색 | 인천 동구,자연친화,가정보육 20개월아기랑인천교공원,상시,영유아 및 어린이 (0세~9세),인천 동구 가정보육 20개월아기랑인천교공원,무료/유료 (플레이스 참조),인천 동구에 위치한 인기 아기랑 모래놀이 명소인 [가정보육 20개월아기랑인천교공원]입니다.,https://search.naver.com/search.naver?where=nexearch&query=%EC%9D%B8%EC%B2%9C%20%EB%8F%99%EA%B5%AC%20%EC%95%84%EA%B8%B0%EB%9E%91%20%EB%AA%A8%EB%9E%98%EB%86%80%EC%9D%B4,family:1.0;baby:1.0;parking:1.0;nursing_room:1.0;동구;아기랑 모래놀이,2026-08-22 20:34:25,sand:1.0;nature:1.0;play:0.9,2,85
네이버 장소검색 | 인천 동구,자연친화,화도진공원공원,상시,영유아 및 어린이 (0세~9세),인천 동구 화도진공원공원,무료/유료 (플레이스 참조),인천 동구에 위치한 인기 아기랑 공원 명소인 [화도진공원공원]입니다.,https://search.naver.com/search.naver?where=nexearch&query=%EC%9D%B8%EC%B2%9C%20%EB%8F%99%EA%B5%AC%20%EC%95%84%EA%B8%B0%EB%9E%91%20%EA%B3%B5%EC%9B%90,family:1.0;baby:1.0;parking:1.0;nursing_room:1.0;동구;아기랑 공원,2026-08-22 20:34:25,park:1.0;picnic:1.0;nature:1.0,2,85
네이버 장소검색 | 인천 동구,자연친화,송현공원,상시,영유아 및 어린이 (0세~9세),인천 동구 송현공원,무료/유료 (플레이스 참조),인천 동구에 위치한 인기 아기랑 공원 명소인 [송현공원]입니다.,https://search.naver.com/search.naver?where=nexearch&query=%EC%9D%B8%EC%B2%9C%20%EB%8F%99%EA%B5%AC%20%EC%95%84%EA%B8%B0%EB%9E%91%20%EA%B3%B5%EC%9B%90,family:1.0;baby:1.0;parking:1.0;nursing_room:1.0;동구;아기랑 공원,2026-08-22 20:34:25,park:1.0;picnic:1.0;nature:1.0,2,85
네이버 장소검색 | 인천 동구,자연친화,동구어린이교통공원공원,상시,영유아 및 어린이 (0세~9세),인천 동구 동구어린이교통공원공원,무료/유료 (플레이스 참조),인천 동구에 위치한 인기 아기랑 공원 명소인 [동구어린이교통공원공원]입니다.,https://search.naver.com/search.naver?where=nexearch&query=%EC%9D%B8%EC%B2%9C%20%EB%8F%99%EA%B5%AC%20%EC%95%84%EA%B8%B0%EB%9E%91%20%EA%B3%B5%EC%9B%90,family:1.0;baby:1.0;parking:1.0;nursing_room:1.0;동구;아기랑 공원,2026-08-22 20:34:25,park:1.0;picnic:1.0;nature:1.0,2,85
네이버 장소검색 | 인천 동구,자연친화,인천교공원공원,상시,영유아 및 어린이 (0세~9세),인천 동구 인천교공원공원,무료/유료 (플레이스 참조),인천 동구에 위치한 인기 아기랑 공원 명소인 [인천교공원공원]입니다.,https://search.naver.com/search.naver?where=nexearch&query=%EC%9D%B8%EC%B2%9C%20%EB%8F%99%EA%B5%AC%20%EC%95%84%EA%B8%B0%EB%9E%91%20%EA%B3%B5%EC%9B%90,family:1.0;baby:1.0;parking:1.0;nursing_room:1.0;동구;아기랑 공원,2026-08-22 20:34:25,park:1.0;picnic:1.0;nature:1.0,2,85
네이버 장소검색 | 인천 동구,자연친화,솔마루어린이공원공원,상시,영유아 및 어린이 (0세~9세),인천 동구 솔마루어린이공원공원,무료/유료 (플레이스 참조),인천 동구에 위치한 인기 아기랑 공원 명소인 [솔마루어린이공원공원]입니다.,https://search.naver.com/search.naver?where=nexearch&query=%EC%9D%B8%EC%B2%9C%20%EB%8F%99%EA%B5%AC%20%EC%95%84%EA%B8%B0%EB%9E%91%20%EA%B3%B5%EC%9B%90,family:1.0;baby:1.0;parking:1.0;nursing_room:1.0;동구;아기랑 공원,2026-08-22 20:34:25,park:1.0;picnic:1.0;nature:1.0,2,85
네이버 장소검색 | 인천 동구,자연친화,기본정보인천교공원,상시,영유아 및 어린이 (0세~9세),인천 동구 기본정보인천교공원,무료/유료 (플레이스 참조),인천 동구에 위치한 인기 아기랑 공원 명소인 [기본정보인천교공원]입니다.,https://search.naver.com/search.naver?where=nexearch&query=%EC%9D%B8%EC%B2%9C%20%EB%8F%99%EA%B5%AC%20%EC%95%84%EA%B8%B0%EB%9E%91%20%EA%B3%B5%EC%9B%90,family:1.0;baby:1.0;parking:1.0;nursing_room:1.0;동구;아기랑 공원,2026-08-22 20:34:25,park:1.0;picnic:1.0;nature:1.0,2,85
네이버 장소검색 | 인천 동구,자연친화,"인천 동구, 송현공원",상시,영유아 및 어린이 (0세~9세),"인천 동구 인천 동구, 송현공원",무료/유료 (플레이스 참조),"인천 동구에 위치한 인기 아기랑 공원 명소인 [인천 동구, 송현공원]입니다.",https://search.naver.com/search.naver?where=nexearch&query=%EC%9D%B8%EC%B2%9C%20%EB%8F%99%EA%B5%AC%20%EC%95%84%EA%B8%B0%EB%9E%91%20%EA%B3%B5%EC%9B%90,family:1.0;baby:1.0;parking:1.0;nursing_room:1.0;동구;아기랑 공원,2026-08-22 20:34:25,park:1.0;picnic:1.0;nature:1.0,2,85
네이버 장소검색 | 인천 동구,자연친화,"[금주의인천 동구]인천 동구, 송현공원",상시,영유아 및 어린이 (0세~9세),"인천 동구 [금주의인천 동구]인천 동구, 송현공원",무료/유료 (플레이스 참조),"인천 동구에 위치한 인기 아기랑 공원 명소인 [[금주의인천 동구]인천 동구, 송현공원]입니다.",https://search.naver.com/search.naver?where=nexearch&query=%EC%9D%B8%EC%B2%9C%20%EB%8F%99%EA%B5%AC%20%EC%95%84%EA%B8%B0%EB%9E%91%20%EA%B3%B5%EC%9B%90,family:1.0;baby:1.0;parking:1.0;nursing_room:1.0;동구;아기랑 공원,2026-08-22 20:34:25,park:1.0;picnic:1.0;nature:1.0,2,85
네이버 장소검색 | 인천 동구,자연친화,2.수도국산달동네박물관동구송현공원,상시,영유아 및 어린이 (0세~9세),인천 동구 2.수도국산달동네박물관동구송현공원,무료/유료 (플레이스 참조),인천 동구에 위치한 인기 아기랑 공원 명소인 [2.수도국산달동네박물관동구송현공원]입니다.,https://search.naver.com/search.naver?where=nexearch&query=%EC%9D%B8%EC%B2%9C%20%EB%8F%99%EA%B5%AC%20%EC%95%84%EA%B8%B0%EB%9E%91%20%EA%B3%B5%EC%9B%90,family:1.0;baby:1.0;parking:1.0;nursing_room:1.0;동구;아기랑 공원,2026-08-22 20:34:25,park:1.0;picnic:1.0;nature:1.0,2,85
네이버 장소검색 | 인천 동구,자연친화,동구송현공원,상시,영유아 및 어린이 (0세~9세),인천 동구 동구송현공원,무료/유료 (플레이스 참조),인천 동구에 위치한 인기 아기랑 공원 명소인 [동구송현공원]입니다.,https://search.naver.com/search.naver?where=nexearch&query=%EC%9D%B8%EC%B2%9C%20%EB%8F%99%EA%B5%AC%20%EC%95%84%EA%B8%B0%EB%9E%91%20%EA%B3%B5%EC%9B%90,family:1.0;baby:1.0;parking:1.0;nursing_room:1.0;동구;아기랑 공원,2026-08-22 20:34:25,park:1.0;picnic:1.0;nature:1.0,2,85
네이버 장소검색 | 인천 동구,자연친화,"보도자료-인천 동구, 송현공원",상시,영유아 및 어린이 (0세~9세),"인천 동구 보도자료-인천 동구, 송현공원",무료/유료 (플레이스 참조),"인천 동구에 위치한 인기 아기랑 공원 명소인 [보도자료-인천 동구, 송현공원]입니다.",https://search.naver.com/search.naver?where=nexearch&query=%EC%9D%B8%EC%B2%9C%20%EB%8F%99%EA%B5%AC%20%EC%95%84%EA%B8%B0%EB%9E%91%20%EA%B3%B5%EC%9B%90,family:1.0;baby:1.0;parking:1.0;nursing_room:1.0;동구;아기랑 공원,2026-08-22 20:34:25,park:1.0;picnic:1.0;nature:1.0,2,85
네이버 장소검색 | 인천 동구,자연친화,인천 동구송현공원,상시,영유아 및 어린이 (0세~9세),인천 동구 인천 동구송현공원,무료/유료 (플레이스 참조),인천 동구에 위치한 인기 아기랑 공원 명소인 [인천 동구송현공원]입니다.,https://search.naver.com/search.naver?where=nexearch&query=%EC%9D%B8%EC%B2%9C%20%EB%8F%99%EA%B5%AC%20%EC%95%84%EA%B8%B0%EB%9E%91%20%EA%B3%B5%EC%9B%90,family:1.0;baby:1.0;parking:1.0;nursing_room:1.0;동구;아기랑 공원,2026-08-22 20:34:25,park:1.0;picnic:1.0;nature:1.0,2,85
네이버 장소검색 | 인천 동구,자연친화,[19일인천 동구] 송현공원,상시,영유아 및 어린이 (0세~9세),인천 동구 [19일인천 동구] 송현공원,무료/유료 (플레이스 참조),인천 동구에 위치한 인기 아기랑 공원 명소인 [[19일인천 동구] 송현공원]입니다.,https://search.naver.com/search.naver?where=nexearch&query=%EC%9D%B8%EC%B2%9C%20%EB%8F%99%EA%B5%AC%20%EC%95%84%EA%B8%B0%EB%9E%91%20%EA%B3%B5%EC%9B%90,family:1.0;baby:1.0;parking:1.0;nursing_room:1.0;동구;아기랑 공원,2026-08-22 20:34:25,park:1.0;picnic:1.0;nature:1.0,2,85
네이버 장소검색 | 인천 동구,자연친화,23일동구송현공원,상시,영유아 및 어린이 (0세~9세),인천 동구 23일동구송현공원,무료/유료 (플레이스 참조),인천 동구에 위치한 인기 아기랑 물놀이터 명소인 [23일동구송현공원]입니다.,https://search.naver.com/search.naver?where=nexearch&query=%EC%9D%B8%EC%B2%9C%20%EB%8F%99%EA%B5%AC%20%EC%95%84%EA%B8%B0%EB%9E%91%20%EB%AC%BC%EB%86%80%EC%9D%B4%ED%84%B0,family:1.0;baby:1.0;parking:1.0;nursing_room:1.0;동구;아기랑 물놀이터,2026-08-22 20:34:25,water:1.0;outdoor:1.0;picnic:0.8,2,85
네이버 장소검색 | 인천 동구,자연친화,동구인천 동구의 송현공원,상시,영유아 및 어린이 (0세~9세),인천 동구 동구인천 동구의 송현공원,무료/유료 (플레이스 참조),인천 동구에 위치한 인기 아기랑 물놀이터 명소인 [동구인천 동구의 송현공원]입니다.,https://search.naver.com/search.naver?where=nexearch&query=%EC%9D%B8%EC%B2%9C%20%EB%8F%99%EA%B5%AC%20%EC%95%84%EA%B8%B0%EB%9E%91%20%EB%AC%BC%EB%86%80%EC%9D%B4%ED%84%B0,family:1.0;baby:1.0;parking:1.0;nursing_room:1.0;동구;아기랑 물놀이터,2026-08-22 20:34:25,water:1.0;outdoor:1.0;picnic:0.8,2,85
네이버 장소검색 | 인천 동구,자연친화,"인천 동구,인천교공원",상시,영유아 및 어린이 (0세~9세),"인천 동구 인천 동구,인천교공원",무료/유료 (플레이스 참조),"인천 동구에 위치한 인기 아기랑 농장체험 명소인 [인천 동구,인천교공원]입니다.",https://search.naver.com/search.naver?where=nexearch&query=%EC%9D%B8%EC%B2%9C%20%EB%8F%99%EA%B5%AC%20%EC%95%84%EA%B8%B0%EB%9E%91%20%EB%86%8D%EC%9E%A5%EC%B2%B4%ED%97%98,family:1.0;baby:1.0;parking:1.0;nursing_room:1.0;동구;아기랑 농장체험,2026-08-22 20:34:25,farm:1.0;animal:1.0;experience:1.0,2,85
네이버 장소검색 | 인천 미추홀구,사설키즈카페,인천키즈카페인천대관키즈카페키즈카페,상시,영유아 및 어린이 (0세~9세),인천 미추홀구 인천키즈카페인천대관키즈카페키즈카페,무료/유료 (플레이스 참조),인천 미추홀구에 위치한 인기 아기랑 키즈카페 명소인 [인천키즈카페인천대관키즈카페키즈카페]입니다.,https://search.naver.com/search.naver?where=nexearch&query=%EC%9D%B8%EC%B2%9C%20%EB%AF%B8%EC%B6%94%ED%99%80%EA%B5%AC%20%EC%95%84%EA%B8%B0%EB%9E%91%20%ED%82%A4%EC%A6%88%EC%B9%B4%ED%8E%98,family:1.0;baby:1.0;parking:1.0;nursing_room:1.0;미추홀구;아기랑 키즈카페,2026-08-22 20:34:25,toddler:1.0;indoor:0.9;play:1.0,2,85
네이버 장소검색 | 인천 미추홀구,사설키즈카페,와글아이 인천주안,상시,영유아 및 어린이 (0세~9세),인천 미추홀구 와글아이 인천주안,무료/유료 (플레이스 참조),인천 미추홀구에 위치한 인기 아기랑 키즈카페 명소인 [와글아이 인천주안]입니다.,https://search.naver.com/search.naver?where=nexearch&query=%EC%9D%B8%EC%B2%9C%20%EB%AF%B8%EC%B6%94%ED%99%80%EA%B5%AC%20%EC%95%84%EA%B8%B0%EB%9E%91%20%ED%82%A4%EC%A6%88%EC%B9%B4%ED%8E%98,family:1.0;baby:1.0;parking:1.0;nursing_room:1.0;미추홀구;아기랑 키즈카페,2026-08-22 20:34:25,toddler:1.0;indoor:0.9;play:1.0,2,85
네이버 장소검색 | 인천 미추홀구,사설키즈카페,무키무키 인천도화점,상시,영유아 및 어린이 (0세~9세),인천 미추홀구 무키무키 인천도화점,무료/유료 (플레이스 참조),인천 미추홀구에 위치한 인기 아기랑 키즈카페 명소인 [무키무키 인천도화점]입니다.,https://search.naver.com/search.naver?where=nexearch&query=%EC%9D%B8%EC%B2%9C%20%EB%AF%B8%EC%B6%94%ED%99%80%EA%B5%AC%20%EC%95%84%EA%B8%B0%EB%9E%91%20%ED%82%A4%EC%A6%88%EC%B9%B4%ED%8E%98,family:1.0;baby:1.0;parking:1.0;nursing_room:1.0;미추홀구;아기랑 키즈카페,2026-08-22 20:34:25,toddler:1.0;indoor:0.9;play:1.0,2,85
네이버 장소검색 | 인천 미추홀구,사설키즈카페,도로시 키즈카페,상시,영유아 및 어린이 (0세~9세),인천 미추홀구 도로시 키즈카페,무료/유료 (플레이스 참조),인천 미추홀구에 위치한 인기 아기랑 키즈카페 명소인 [도로시 키즈카페]입니다.,https://search.naver.com/search.naver?where=nexearch&query=%EC%9D%B8%EC%B2%9C%20%EB%AF%B8%EC%B6%94%ED%99%80%EA%B5%AC%20%EC%95%84%EA%B8%B0%EB%9E%91%20%ED%82%A4%EC%A6%88%EC%B9%B4%ED%8E%98,family:1.0;baby:1.0;parking:1.0;nursing_room:1.0;미추홀구;아기랑 키즈카페,2026-08-22 20:34:25,toddler:1.0;indoor:0.9;play:1.0,2,85
네이버 장소검색 | 인천 미추홀구,사설키즈카페,슈퍼윙스 무인키즈카페 인천 주안점,상시,영유아 및 어린이 (0세~9세),인천 미추홀구 슈퍼윙스 무인키즈카페 인천 주안점,무료/유료 (플레이스 참조),인천 미추홀구에 위치한 인기 아기랑 키즈카페 명소인 [슈퍼윙스 무인키즈카페 인천 주안점]입니다.,https://search.naver.com/search.naver?where=nexearch&query=%EC%9D%B8%EC%B2%9C%20%EB%AF%B8%EC%B6%94%ED%99%80%EA%B5%AC%20%EC%95%84%EA%B8%B0%EB%9E%91%20%ED%82%A4%EC%A6%88%EC%B9%B4%ED%8E%98,family:1.0;baby:1.0;parking:1.0;nursing_room:1.0;미추홀구;아기랑 키즈카페,2026-08-22 20:34:25,toddler:1.0;indoor:0.9;play:1.0,2,85
네이버 장소검색 | 인천 미추홀구,사설키즈카페,솔포레스트 체험키즈카페,상시,영유아 및 어린이 (0세~9세),인천 미추홀구 솔포레스트 체험키즈카페,무료/유료 (플레이스 참조),인천 미추홀구에 위치한 인기 아기랑 키즈카페 명소인 [솔포레스트 체험키즈카페]입니다.,https://search.naver.com/search.naver?where=nexearch&query=%EC%9D%B8%EC%B2%9C%20%EB%AF%B8%EC%B6%94%ED%99%80%EA%B5%AC%20%EC%95%84%EA%B8%B0%EB%9E%91%20%ED%82%A4%EC%A6%88%EC%B9%B4%ED%8E%98,family:1.0;baby:1.0;parking:1.0;nursing_room:1.0;미추홀구;아기랑 키즈카페,2026-08-22 20:34:25,toddler:1.0;indoor:0.9;play:1.0,2,85
네이버 장소검색 | 인천 미추홀구,사설키즈카페,"인천아기랑, 학익동아기랑, 도로시",상시,영유아 및 어린이 (0세~9세),"인천 미추홀구 인천아기랑, 학익동아기랑, 도로시",무료/유료 (플레이스 참조),"인천 미추홀구에 위치한 인기 아기랑 키즈카페 명소인 [인천아기랑, 학익동아기랑, 도로시]입니다.",https://search.naver.com/search.naver?where=nexearch&query=%EC%9D%B8%EC%B2%9C%20%EB%AF%B8%EC%B6%94%ED%99%80%EA%B5%AC%20%EC%95%84%EA%B8%B0%EB%9E%91%20%ED%82%A4%EC%A6%88%EC%B9%B4%ED%8E%98,family:1.0;baby:1.0;parking:1.0;nursing_room:1.0;미추홀구;아기랑 키즈카페,2026-08-22 20:34:25,toddler:1.0;indoor:0.9;play:1.0,2,85
네이버 장소검색 | 인천 미추홀구,사설키즈카페,인천주안,상시,영유아 및 어린이 (0세~9세),인천 미추홀구 인천주안,무료/유료 (플레이스 참조),인천 미추홀구에 위치한 인기 아기랑 키즈카페 명소인 [인천주안]입니다.,https://search.naver.com/search.naver?where=nexearch&query=%EC%9D%B8%EC%B2%9C%20%EB%AF%B8%EC%B6%94%ED%99%80%EA%B5%AC%20%EC%95%84%EA%B8%B0%EB%9E%91%20%ED%82%A4%EC%A6%88%EC%B9%B4%ED%8E%98,family:1.0;baby:1.0;parking:1.0;nursing_room:1.0;미추홀구;아기랑 키즈카페,2026-08-22 20:34:25,toddler:1.0;indoor:0.9;play:1.0,2,85
네이버 장소검색 | 인천 미추홀구,자연친화,엔젤크루어린이수영장 인천인하점수영장,상시,영유아 및 어린이 (0세~9세),인천 미추홀구 엔젤크루어린이수영장 인천인하점수영장,무료/유료 (플레이스 참조),인천 미추홀구에 위치한 인기 아기랑 수영장 명소인 [엔젤크루어린이수영장 인천인하점수영장]입니다.,https://search.naver.com/search.naver?where=nexearch&query=%EC%9D%B8%EC%B2%9C%20%EB%AF%B8%EC%B6%94%ED%99%80%EA%B5%AC%20%EC%95%84%EA%B8%B0%EB%9E%91%20%EC%88%98%EC%98%81%EC%9E%A5,family:1.0;baby:1.0;parking:1.0;nursing_room:1.0;미추홀구;아기랑 수영장,2026-08-22 20:34:25,pool:1.0;water:1.0;outdoor:0.9,2,85
네이버 장소검색 | 인천 미추홀구,자연친화,에이스어린이수영교실수영장,상시,영유아 및 어린이 (0세~9세),인천 미추홀구 에이스어린이수영교실수영장,무료/유료 (플레이스 참조),인천 미추홀구에 위치한 인기 아기랑 수영장 명소인 [에이스어린이수영교실수영장]입니다.,https://search.naver.com/search.naver?where=nexearch&query=%EC%9D%B8%EC%B2%9C%20%EB%AF%B8%EC%B6%94%ED%99%80%EA%B5%AC%20%EC%95%84%EA%B8%B0%EB%9E%91%20%EC%88%98%EC%98%81%EC%9E%A5,family:1.0;baby:1.0;parking:1.0;nursing_room:1.0;미추홀구;아기랑 수영장,2026-08-22 20:34:25,pool:1.0;water:1.0;outdoor:0.9,2,85
네이버 장소검색 | 인천 미추홀구,자연친화,에이스스포츠센터수영장,상시,영유아 및 어린이 (0세~9세),인천 미추홀구 에이스스포츠센터수영장,무료/유료 (플레이스 참조),인천 미추홀구에 위치한 인기 아기랑 수영장 명소인 [에이스스포츠센터수영장]입니다.,https://search.naver.com/search.naver?where=nexearch&query=%EC%9D%B8%EC%B2%9C%20%EB%AF%B8%EC%B6%94%ED%99%80%EA%B5%AC%20%EC%95%84%EA%B8%B0%EB%9E%91%20%EC%88%98%EC%98%81%EC%9E%A5,family:1.0;baby:1.0;parking:1.0;nursing_room:1.0;미추홀구;아기랑 수영장,2026-08-22 20:34:25,pool:1.0;water:1.0;outdoor:0.9,2,85
네이버 장소검색 | 인천 미추홀구,자연친화,문학박태환수영장,상시,영유아 및 어린이 (0세~9세),인천 미추홀구 문학박태환수영장,무료/유료 (플레이스 참조),인천 미추홀구에 위치한 인기 아기랑 수영장 명소인 [문학박태환수영장]입니다.,https://search.naver.com/search.naver?where=nexearch&query=%EC%9D%B8%EC%B2%9C%20%EB%AF%B8%EC%B6%94%ED%99%80%EA%B5%AC%20%EC%95%84%EA%B8%B0%EB%9E%91%20%EC%88%98%EC%98%81%EC%9E%A5,family:1.0;baby:1.0;parking:1.0;nursing_room:1.0;미추홀구;아기랑 수영장,2026-08-22 20:34:25,pool:1.0;water:1.0;outdoor:0.9,2,85
네이버 장소검색 | 인천 미추홀구,자연친화,인천어린이,상시,영유아 및 어린이 (0세~9세),인천 미추홀구 인천어린이,무료/유료 (플레이스 참조),인천 미추홀구에 위치한 인기 아기랑 수영장 명소인 [인천어린이]입니다.,https://search.naver.com/search.naver?where=nexearch&query=%EC%9D%B8%EC%B2%9C%20%EB%AF%B8%EC%B6%94%ED%99%80%EA%B5%AC%20%EC%95%84%EA%B8%B0%EB%9E%91%20%EC%88%98%EC%98%81%EC%9E%A5,family:1.0;baby:1.0;parking:1.0;nursing_room:1.0;미추홀구;아기랑 수영장,2026-08-22 20:34:25,pool:1.0;water:1.0;outdoor:0.9,2,85
네이버 장소검색 | 인천 미추홀구,자연친화,리뗀클로르 아기모래놀이세트 장난감 11pcs,상시,영유아 및 어린이 (0세~9세),인천 미추홀구 리뗀클로르 아기모래놀이세트 장난감 11pcs,무료/유료 (플레이스 참조),인천 미추홀구에 위치한 인기 아기랑 모래놀이 명소인 [리뗀클로르 아기모래놀이세트 장난감 11pcs]입니다.,https://search.naver.com/search.naver?where=nexearch&query=%EC%9D%B8%EC%B2%9C%20%EB%AF%B8%EC%B6%94%ED%99%80%EA%B5%AC%20%EC%95%84%EA%B8%B0%EB%9E%91%20%EB%AA%A8%EB%9E%98%EB%86%80%EC%9D%B4,family:1.0;baby:1.0;parking:1.0;nursing_room:1.0;미추홀구;아기랑 모래놀이,2026-08-22 20:34:25,sand:1.0;nature:1.0;play:0.9,2,85
네이버 장소검색 | 인천 미추홀구,자연친화,"수봉공원도시,공원",상시,영유아 및 어린이 (0세~9세),"인천 미추홀구 수봉공원도시,공원",무료/유료 (플레이스 참조),"인천 미추홀구에 위치한 인기 아기랑 공원 명소인 [수봉공원도시,공원]입니다.",https://search.naver.com/search.naver?where=nexearch&query=%EC%9D%B8%EC%B2%9C%20%EB%AF%B8%EC%B6%94%ED%99%80%EA%B5%AC%20%EC%95%84%EA%B8%B0%EB%9E%91%20%EA%B3%B5%EC%9B%90,family:1.0;baby:1.0;parking:1.0;nursing_room:1.0;미추홀구;아기랑 공원,2026-08-22 20:34:25,park:1.0;picnic:1.0;nature:1.0,2,85
네이버 장소검색 | 인천 미추홀구,자연친화,미추홀공원공원,상시,영유아 및 어린이 (0세~9세),인천 미추홀구 미추홀공원공원,무료/유료 (플레이스 참조),인천 미추홀구에 위치한 인기 아기랑 공원 명소인 [미추홀공원공원]입니다.,https://search.naver.com/search.naver?where=nexearch&query=%EC%9D%B8%EC%B2%9C%20%EB%AF%B8%EC%B6%94%ED%99%80%EA%B5%AC%20%EC%95%84%EA%B8%B0%EB%9E%91%20%EA%B3%B5%EC%9B%90,family:1.0;baby:1.0;parking:1.0;nursing_room:1.0;미추홀구;아기랑 공원,2026-08-22 20:34:25,park:1.0;picnic:1.0;nature:1.0,2,85
네이버 장소검색 | 인천 미추홀구,자연친화,옛시민회관쉼터공원,상시,영유아 및 어린이 (0세~9세),인천 미추홀구 옛시민회관쉼터공원,무료/유료 (플레이스 참조),인천 미추홀구에 위치한 인기 아기랑 공원 명소인 [옛시민회관쉼터공원]입니다.,https://search.naver.com/search.naver?where=nexearch&query=%EC%9D%B8%EC%B2%9C%20%EB%AF%B8%EC%B6%94%ED%99%80%EA%B5%AC%20%EC%95%84%EA%B8%B0%EB%9E%91%20%EA%B3%B5%EC%9B%90,family:1.0;baby:1.0;parking:1.0;nursing_room:1.0;미추홀구;아기랑 공원,2026-08-22 20:34:25,park:1.0;picnic:1.0;nature:1.0,2,85
네이버 장소검색 | 인천 미추홀구,자연친화,염전공원공원,상시,영유아 및 어린이 (0세~9세),인천 미추홀구 염전공원공원,무료/유료 (플레이스 참조),인천 미추홀구에 위치한 인기 아기랑 공원 명소인 [염전공원공원]입니다.,https://search.naver.com/search.naver?where=nexearch&query=%EC%9D%B8%EC%B2%9C%20%EB%AF%B8%EC%B6%94%ED%99%80%EA%B5%AC%20%EC%95%84%EA%B8%B0%EB%9E%91%20%EA%B3%B5%EC%9B%90,family:1.0;baby:1.0;parking:1.0;nursing_room:1.0;미추홀구;아기랑 공원,2026-08-22 20:34:25,park:1.0;picnic:1.0;nature:1.0,2,85
네이버 장소검색 | 인천 미추홀구,자연친화,수봉마을쉼터공원,상시,영유아 및 어린이 (0세~9세),인천 미추홀구 수봉마을쉼터공원,무료/유료 (플레이스 참조),인천 미추홀구에 위치한 인기 아기랑 공원 명소인 [수봉마을쉼터공원]입니다.,https://search.naver.com/search.naver?where=nexearch&query=%EC%9D%B8%EC%B2%9C%20%EB%AF%B8%EC%B6%94%ED%99%80%EA%B5%AC%20%EC%95%84%EA%B8%B0%EB%9E%91%20%EA%B3%B5%EC%9B%90,family:1.0;baby:1.0;parking:1.0;nursing_room:1.0;미추홀구;아기랑 공원,2026-08-22 20:34:25,park:1.0;picnic:1.0;nature:1.0,2,85
네이버 장소검색 | 인천 미추홀구,자연친화,아이그린공원공원,상시,영유아 및 어린이 (0세~9세),인천 미추홀구 아이그린공원공원,무료/유료 (플레이스 참조),인천 미추홀구에 위치한 인기 아기랑 공원 명소인 [아이그린공원공원]입니다.,https://search.naver.com/search.naver?where=nexearch&query=%EC%9D%B8%EC%B2%9C%20%EB%AF%B8%EC%B6%94%ED%99%80%EA%B5%AC%20%EC%95%84%EA%B8%B0%EB%9E%91%20%EA%B3%B5%EC%9B%90,family:1.0;baby:1.0;parking:1.0;nursing_room:1.0;미추홀구;아기랑 공원,2026-08-22 20:34:25,park:1.0;picnic:1.0;nature:1.0,2,85
네이버 장소검색 | 인천 미추홀구,자연친화,인천 미추홀구... 넓은편아기의자 있음... 공원,상시,영유아 및 어린이 (0세~9세),인천 미추홀구 인천 미추홀구... 넓은편아기의자 있음... 공원,무료/유료 (플레이스 참조),인천 미추홀구에 위치한 인기 아기랑 공원 명소인 [인천 미추홀구... 넓은편아기의자 있음... 공원]입니다.,https://search.naver.com/search.naver?where=nexearch&query=%EC%9D%B8%EC%B2%9C%20%EB%AF%B8%EC%B6%94%ED%99%80%EA%B5%AC%20%EC%95%84%EA%B8%B0%EB%9E%91%20%EA%B3%B5%EC%9B%90,family:1.0;baby:1.0;parking:1.0;nursing_room:1.0;미추홀구;아기랑 공원,2026-08-22 20:34:25,park:1.0;picnic:1.0;nature:1.0,2,85
네이버 장소검색 | 인천 미추홀구,자연친화,공원,상시,영유아 및 어린이 (0세~9세),인천 미추홀구 공원,무료/유료 (플레이스 참조),인천 미추홀구에 위치한 인기 아기랑 공원 명소인 [공원]입니다.,https://search.naver.com/search.naver?where=nexearch&query=%EC%9D%B8%EC%B2%9C%20%EB%AF%B8%EC%B6%94%ED%99%80%EA%B5%AC%20%EC%95%84%EA%B8%B0%EB%9E%91%20%EA%B3%B5%EC%9B%90,family:1.0;baby:1.0;parking:1.0;nursing_room:1.0;미추홀구;아기랑 공원,2026-08-22 20:34:25,park:1.0;picnic:1.0;nature:1.0,2,85
네이버 장소검색 | 인천 미추홀구,자연친화,"주안동, 공원",상시,영유아 및 어린이 (0세~9세),"인천 미추홀구 주안동, 공원",무료/유료 (플레이스 참조),"인천 미추홀구에 위치한 인기 아기랑 공원 명소인 [주안동, 공원]입니다.",https://search.naver.com/search.naver?where=nexearch&query=%EC%9D%B8%EC%B2%9C%20%EB%AF%B8%EC%B6%94%ED%99%80%EA%B5%AC%20%EC%95%84%EA%B8%B0%EB%9E%91%20%EA%B3%B5%EC%9B%90,family:1.0;baby:1.0;parking:1.0;nursing_room:1.0;미추홀구;아기랑 공원,2026-08-22 20:34:25,park:1.0;picnic:1.0;nature:1.0,2,85
네이버 장소검색 | 인천 미추홀구,가족체험,방문미술홍익아트미추홀지사동화미술예비초등 교과서연계,상시,영유아 및 어린이 (0세~9세),인천 미추홀구 방문미술홍익아트미추홀지사동화미술예비초등 교과서연계,무료/유료 (플레이스 참조),인천 미추홀구에 위치한 인기 아기랑 미술 명소인 [방문미술홍익아트미추홀지사동화미술예비초등 교과서연계]입니다.,https://search.naver.com/search.naver?where=nexearch&query=%EC%9D%B8%EC%B2%9C%20%EB%AF%B8%EC%B6%94%ED%99%80%EA%B5%AC%20%EC%95%84%EA%B8%B0%EB%9E%91%20%EB%AF%B8%EC%88%A0,family:1.0;baby:1.0;parking:1.0;nursing_room:1.0;미추홀구;아기랑 미술,2026-08-22 20:34:25,drawing:1.0;art:1.0;experience:1.0,2,85
네이버 장소검색 | 인천 미추홀구,가족체험,[해보소농장] 전통 찹쌀 고추장 만들기,상시,영유아 및 어린이 (0세~9세),인천 미추홀구 [해보소농장] 전통 찹쌀 고추장 만들기,무료/유료 (플레이스 참조),인천 미추홀구에 위치한 인기 아기랑 농장체험 명소인 [[해보소농장] 전통 찹쌀 고추장 만들기]입니다.,https://search.naver.com/search.naver?where=nexearch&query=%EC%9D%B8%EC%B2%9C%20%EB%AF%B8%EC%B6%94%ED%99%80%EA%B5%AC%20%EC%95%84%EA%B8%B0%EB%9E%91%20%EB%86%8D%EC%9E%A5%EC%B2%B4%ED%97%98,family:1.0;baby:1.0;parking:1.0;nursing_room:1.0;미추홀구;아기랑 농장체험,2026-08-22 20:34:25,farm:1.0;animal:1.0;experience:1.0,2,85
네이버 장소검색 | 인천 미추홀구,가족체험,해보소농장,상시,영유아 및 어린이 (0세~9세),인천 미추홀구 해보소농장,무료/유료 (플레이스 참조),인천 미추홀구에 위치한 인기 아기랑 농장체험 명소인 [해보소농장]입니다.,https://search.naver.com/search.naver?where=nexearch&query=%EC%9D%B8%EC%B2%9C%20%EB%AF%B8%EC%B6%94%ED%99%80%EA%B5%AC%20%EC%95%84%EA%B8%B0%EB%9E%91%20%EB%86%8D%EC%9E%A5%EC%B2%B4%ED%97%98,family:1.0;baby:1.0;parking:1.0;nursing_room:1.0;미추홀구;아기랑 농장체험,2026-08-22 20:34:25,farm:1.0;animal:1.0;experience:1.0,2,85
네이버 장소검색 | 인천 연수구,사설키즈카페,인천공룡월드,상시,영유아 및 어린이 (0세~9세),인천 연수구 인천공룡월드,무료/유료 (플레이스 참조),인천 연수구에 위치한 인기 아기랑 키즈카페 명소인 [인천공룡월드]입니다.,https://search.naver.com/search.naver?where=nexearch&query=%EC%9D%B8%EC%B2%9C%20%EC%97%B0%EC%88%98%EA%B5%AC%20%EC%95%84%EA%B8%B0%EB%9E%91%20%ED%82%A4%EC%A6%88%EC%B9%B4%ED%8E%98,family:1.0;baby:1.0;parking:1.0;nursing_room:1.0;연수구;아기랑 키즈카페,2026-08-22 20:34:25,toddler:1.0;indoor:0.9;play:1.0,2,85
네이버 장소검색 | 인천 연수구,사설키즈카페,아틀란티스 송도점,상시,영유아 및 어린이 (0세~9세),인천 연수구 아틀란티스 송도점,무료/유료 (플레이스 참조),인천 연수구에 위치한 인기 아기랑 키즈카페 명소인 [아틀란티스 송도점]입니다.,https://search.naver.com/search.naver?where=nexearch&query=%EC%9D%B8%EC%B2%9C%20%EC%97%B0%EC%88%98%EA%B5%AC%20%EC%95%84%EA%B8%B0%EB%9E%91%20%ED%82%A4%EC%A6%88%EC%B9%B4%ED%8E%98,family:1.0;baby:1.0;parking:1.0;nursing_room:1.0;연수구;아기랑 키즈카페,2026-08-22 20:34:25,toddler:1.0;indoor:0.9;play:1.0,2,85
네이버 장소검색 | 인천 연수구,사설키즈카페,연수 꿈빛나래 키즈카페,상시,영유아 및 어린이 (0세~9세),인천 연수구 연수 꿈빛나래 키즈카페,무료/유료 (플레이스 참조),인천 연수구에 위치한 인기 아기랑 키즈카페 명소인 [연수 꿈빛나래 키즈카페]입니다.,https://search.naver.com/search.naver?where=nexearch&query=%EC%9D%B8%EC%B2%9C%20%EC%97%B0%EC%88%98%EA%B5%AC%20%EC%95%84%EA%B8%B0%EB%9E%91%20%ED%82%A4%EC%A6%88%EC%B9%B4%ED%8E%98,family:1.0;baby:1.0;parking:1.0;nursing_room:1.0;연수구;아기랑 키즈카페,2026-08-22 20:34:25,toddler:1.0;indoor:0.9;play:1.0,2,85
네이버 장소검색 | 인천 연수구,사설키즈카페,캘리클럽 송도센트럴점,상시,영유아 및 어린이 (0세~9세),인천 연수구 캘리클럽 송도센트럴점,무료/유료 (플레이스 참조),인천 연수구에 위치한 인기 아기랑 키즈카페 명소인 [캘리클럽 송도센트럴점]입니다.,https://search.naver.com/search.naver?where=nexearch&query=%EC%9D%B8%EC%B2%9C%20%EC%97%B0%EC%88%98%EA%B5%AC%20%EC%95%84%EA%B8%B0%EB%9E%91%20%ED%82%A4%EC%A6%88%EC%B9%B4%ED%8E%98,family:1.0;baby:1.0;parking:1.0;nursing_room:1.0;연수구;아기랑 키즈카페,2026-08-22 20:34:25,toddler:1.0;indoor:0.9;play:1.0,2,85
네이버 장소검색 | 인천 연수구,사설키즈카페,슈퍼윙스키즈카페 송도점,상시,영유아 및 어린이 (0세~9세),인천 연수구 슈퍼윙스키즈카페 송도점,무료/유료 (플레이스 참조),인천 연수구에 위치한 인기 아기랑 키즈카페 명소인 [슈퍼윙스키즈카페 송도점]입니다.,https://search.naver.com/search.naver?where=nexearch&query=%EC%9D%B8%EC%B2%9C%20%EC%97%B0%EC%88%98%EA%B5%AC%20%EC%95%84%EA%B8%B0%EB%9E%91%20%ED%82%A4%EC%A6%88%EC%B9%B4%ED%8E%98,family:1.0;baby:1.0;parking:1.0;nursing_room:1.0;연수구;아기랑 키즈카페,2026-08-22 20:34:25,toddler:1.0;indoor:0.9;play:1.0,2,85
네이버 장소검색 | 인천 연수구,사설키즈카페,바운스팡키즈카페,상시,영유아 및 어린이 (0세~9세),인천 연수구 바운스팡키즈카페,무료/유료 (플레이스 참조),인천 연수구에 위치한 인기 아기랑 키즈카페 명소인 [바운스팡키즈카페]입니다.,https://search.naver.com/search.naver?where=nexearch&query=%EC%9D%B8%EC%B2%9C%20%EC%97%B0%EC%88%98%EA%B5%AC%20%EC%95%84%EA%B8%B0%EB%9E%91%20%ED%82%A4%EC%A6%88%EC%B9%B4%ED%8E%98,family:1.0;baby:1.0;parking:1.0;nursing_room:1.0;연수구;아기랑 키즈카페,2026-08-22 20:34:25,toddler:1.0;indoor:0.9;play:1.0,2,85
네이버 장소검색 | 인천 연수구,자연친화,웨스턴파크 스파앤풀수영장,상시,영유아 및 어린이 (0세~9세),인천 연수구 웨스턴파크 스파앤풀수영장,무료/유료 (플레이스 참조),인천 연수구에 위치한 인기 아기랑 수영장 명소인 [웨스턴파크 스파앤풀수영장]입니다.,https://search.naver.com/search.naver?where=nexearch&query=%EC%9D%B8%EC%B2%9C%20%EC%97%B0%EC%88%98%EA%B5%AC%20%EC%95%84%EA%B8%B0%EB%9E%91%20%EC%88%98%EC%98%81%EC%9E%A5,family:1.0;baby:1.0;parking:1.0;nursing_room:1.0;연수구;아기랑 수영장,2026-08-22 20:34:25,pool:1.0;water:1.0;outdoor:0.9,2,85
네이버 장소검색 | 인천 연수구,자연친화,송도국제수영장,상시,영유아 및 어린이 (0세~9세),인천 연수구 송도국제수영장,무료/유료 (플레이스 참조),인천 연수구에 위치한 인기 아기랑 수영장 명소인 [송도국제수영장]입니다.,https://search.naver.com/search.naver?where=nexearch&query=%EC%9D%B8%EC%B2%9C%20%EC%97%B0%EC%88%98%EA%B5%AC%20%EC%95%84%EA%B8%B0%EB%9E%91%20%EC%88%98%EC%98%81%EC%9E%A5,family:1.0;baby:1.0;parking:1.0;nursing_room:1.0;연수구;아기랑 수영장,2026-08-22 20:34:25,pool:1.0;water:1.0;outdoor:0.9,2,85
네이버 장소검색 | 인천 연수구,자연친화,블루라군 송도 컨벤시아점수영장,상시,영유아 및 어린이 (0세~9세),인천 연수구 블루라군 송도 컨벤시아점수영장,무료/유료 (플레이스 참조),인천 연수구에 위치한 인기 아기랑 수영장 명소인 [블루라군 송도 컨벤시아점수영장]입니다.,https://search.naver.com/search.naver?where=nexearch&query=%EC%9D%B8%EC%B2%9C%20%EC%97%B0%EC%88%98%EA%B5%AC%20%EC%95%84%EA%B8%B0%EB%9E%91%20%EC%88%98%EC%98%81%EC%9E%A5,family:1.0;baby:1.0;parking:1.0;nursing_room:1.0;연수구;아기랑 수영장,2026-08-22 20:34:25,pool:1.0;water:1.0;outdoor:0.9,2,85
네이버 장소검색 | 인천 연수구,자연친화,송도어린이수영장키즈웨일수영장,상시,영유아 및 어린이 (0세~9세),인천 연수구 송도어린이수영장키즈웨일수영장,무료/유료 (플레이스 참조),인천 연수구에 위치한 인기 아기랑 수영장 명소인 [송도어린이수영장키즈웨일수영장]입니다.,https://search.naver.com/search.naver?where=nexearch&query=%EC%9D%B8%EC%B2%9C%20%EC%97%B0%EC%88%98%EA%B5%AC%20%EC%95%84%EA%B8%B0%EB%9E%91%20%EC%88%98%EC%98%81%EC%9E%A5,family:1.0;baby:1.0;parking:1.0;nursing_room:1.0;연수구;아기랑 수영장,2026-08-22 20:34:25,pool:1.0;water:1.0;outdoor:0.9,2,85
네이버 장소검색 | 인천 연수구,자연친화,송도박태환수영장,상시,영유아 및 어린이 (0세~9세),인천 연수구 송도박태환수영장,무료/유료 (플레이스 참조),인천 연수구에 위치한 인기 아기랑 수영장 명소인 [송도박태환수영장]입니다.,https://search.naver.com/search.naver?where=nexearch&query=%EC%9D%B8%EC%B2%9C%20%EC%97%B0%EC%88%98%EA%B5%AC%20%EC%95%84%EA%B8%B0%EB%9E%91%20%EC%88%98%EC%98%81%EC%9E%A5,family:1.0;baby:1.0;parking:1.0;nursing_room:1.0;연수구;아기랑 수영장,2026-08-22 20:34:25,pool:1.0;water:1.0;outdoor:0.9,2,85
네이버 장소검색 | 인천 연수구,자연친화,동남스포피아수영장,상시,영유아 및 어린이 (0세~9세),인천 연수구 동남스포피아수영장,무료/유료 (플레이스 참조),인천 연수구에 위치한 인기 아기랑 수영장 명소인 [동남스포피아수영장]입니다.,https://search.naver.com/search.naver?where=nexearch&query=%EC%9D%B8%EC%B2%9C%20%EC%97%B0%EC%88%98%EA%B5%AC%20%EC%95%84%EA%B8%B0%EB%9E%91%20%EC%88%98%EC%98%81%EC%9E%A5,family:1.0;baby:1.0;parking:1.0;nursing_room:1.0;연수구;아기랑 수영장,2026-08-22 20:34:25,pool:1.0;water:1.0;outdoor:0.9,2,85
네이버 장소검색 | 인천 연수구,자연친화,인천 연수구... 초반 (,상시,영유아 및 어린이 (0세~9세),인천 연수구 인천 연수구... 초반 (,무료/유료 (플레이스 참조),인천 연수구에 위치한 인기 아기랑 수영장 명소인 [인천 연수구... 초반 (]입니다.,https://search.naver.com/search.naver?where=nexearch&query=%EC%9D%B8%EC%B2%9C%20%EC%97%B0%EC%88%98%EA%B5%AC%20%EC%95%84%EA%B8%B0%EB%9E%91%20%EC%88%98%EC%98%81%EC%9E%A5,family:1.0;baby:1.0;parking:1.0;nursing_room:1.0;연수구;아기랑 수영장,2026-08-22 20:34:25,pool:1.0;water:1.0;outdoor:0.9,2,85
네이버 장소검색 | 인천 연수구,자연친화,솔찬공원공원,상시,영유아 및 어린이 (0세~9세),인천 연수구 솔찬공원공원,무료/유료 (플레이스 참조),인천 연수구에 위치한 인기 아기랑 공원 명소인 [솔찬공원공원]입니다.,https://search.naver.com/search.naver?where=nexearch&query=%EC%9D%B8%EC%B2%9C%20%EC%97%B0%EC%88%98%EA%B5%AC%20%EC%95%84%EA%B8%B0%EB%9E%91%20%EA%B3%B5%EC%9B%90,family:1.0;baby:1.0;parking:1.0;nursing_room:1.0;연수구;아기랑 공원,2026-08-22 20:34:25,park:1.0;picnic:1.0;nature:1.0,2,85
네이버 장소검색 | 인천 연수구,자연친화,송도 센트럴파크공원,상시,영유아 및 어린이 (0세~9세),인천 연수구 송도 센트럴파크공원,무료/유료 (플레이스 참조),인천 연수구에 위치한 인기 아기랑 공원 명소인 [송도 센트럴파크공원]입니다.,https://search.naver.com/search.naver?where=nexearch&query=%EC%9D%B8%EC%B2%9C%20%EC%97%B0%EC%88%98%EA%B5%AC%20%EC%95%84%EA%B8%B0%EB%9E%91%20%EA%B3%B5%EC%9B%90,family:1.0;baby:1.0;parking:1.0;nursing_room:1.0;연수구;아기랑 공원,2026-08-22 20:34:25,park:1.0;picnic:1.0;nature:1.0,2,85
네이버 장소검색 | 인천 연수구,자연친화,해돋이공원공원,상시,영유아 및 어린이 (0세~9세),인천 연수구 해돋이공원공원,무료/유료 (플레이스 참조),인천 연수구에 위치한 인기 아기랑 공원 명소인 [해돋이공원공원]입니다.,https://search.naver.com/search.naver?where=nexearch&query=%EC%9D%B8%EC%B2%9C%20%EC%97%B0%EC%88%98%EA%B5%AC%20%EC%95%84%EA%B8%B0%EB%9E%91%20%EA%B3%B5%EC%9B%90,family:1.0;baby:1.0;parking:1.0;nursing_room:1.0;연수구;아기랑 공원,2026-08-22 20:34:25,park:1.0;picnic:1.0;nature:1.0,2,85
네이버 장소검색 | 인천 연수구,자연친화,달빛공원공원,상시,영유아 및 어린이 (0세~9세),인천 연수구 달빛공원공원,무료/유료 (플레이스 참조),인천 연수구에 위치한 인기 아기랑 공원 명소인 [달빛공원공원]입니다.,https://search.naver.com/search.naver?where=nexearch&query=%EC%9D%B8%EC%B2%9C%20%EC%97%B0%EC%88%98%EA%B5%AC%20%EC%95%84%EA%B8%B0%EB%9E%91%20%EA%B3%B5%EC%9B%90,family:1.0;baby:1.0;parking:1.0;nursing_room:1.0;연수구;아기랑 공원,2026-08-22 20:34:25,park:1.0;picnic:1.0;nature:1.0,2,85
네이버 장소검색 | 인천 연수구,자연친화,송도달빛축제공원공원,상시,영유아 및 어린이 (0세~9세),인천 연수구 송도달빛축제공원공원,무료/유료 (플레이스 참조),인천 연수구에 위치한 인기 아기랑 공원 명소인 [송도달빛축제공원공원]입니다.,https://search.naver.com/search.naver?where=nexearch&query=%EC%9D%B8%EC%B2%9C%20%EC%97%B0%EC%88%98%EA%B5%AC%20%EC%95%84%EA%B8%B0%EB%9E%91%20%EA%B3%B5%EC%9B%90,family:1.0;baby:1.0;parking:1.0;nursing_room:1.0;연수구;아기랑 공원,2026-08-22 20:34:25,park:1.0;picnic:1.0;nature:1.0,2,85
네이버 장소검색 | 인천 연수구,자연친화,맘맘mom-mom.net›맘맘›여행›동춘공원,상시,영유아 및 어린이 (0세~9세),인천 연수구 맘맘mom-mom.net›맘맘›여행›동춘공원,무료/유료 (플레이스 참조),인천 연수구에 위치한 인기 아기랑 공원 명소인 [맘맘mom-mom.net›맘맘›여행›동춘공원]입니다.,https://search.naver.com/search.naver?where=nexearch&query=%EC%9D%B8%EC%B2%9C%20%EC%97%B0%EC%88%98%EA%B5%AC%20%EC%95%84%EA%B8%B0%EB%9E%91%20%EA%B3%B5%EC%9B%90,family:1.0;baby:1.0;parking:1.0;nursing_room:1.0;연수구;아기랑 공원,2026-08-22 20:34:25,park:1.0;picnic:1.0;nature:1.0,2,85
네이버 장소검색 | 인천 연수구,자연친화,동춘공원,상시,영유아 및 어린이 (0세~9세),인천 연수구 동춘공원,무료/유료 (플레이스 참조),인천 연수구에 위치한 인기 아기랑 공원 명소인 [동춘공원]입니다.,https://search.naver.com/search.naver?where=nexearch&query=%EC%9D%B8%EC%B2%9C%20%EC%97%B0%EC%88%98%EA%B5%AC%20%EC%95%84%EA%B8%B0%EB%9E%91%20%EA%B3%B5%EC%9B%90,family:1.0;baby:1.0;parking:1.0;nursing_room:1.0;연수구;아기랑 공원,2026-08-22 20:34:25,park:1.0;picnic:1.0;nature:1.0,2,85
네이버 장소검색 | 인천 남동구,사설키즈카페,몬스터파크 구월점,상시,영유아 및 어린이 (0세~9세),인천 남동구 몬스터파크 구월점,무료/유료 (플레이스 참조),인천 남동구에 위치한 인기 아기랑 키즈카페 명소인 [몬스터파크 구월점]입니다.,https://search.naver.com/search.naver?where=nexearch&query=%EC%9D%B8%EC%B2%9C%20%EB%82%A8%EB%8F%99%EA%B5%AC%20%EC%95%84%EA%B8%B0%EB%9E%91%20%ED%82%A4%EC%A6%88%EC%B9%B4%ED%8E%98,family:1.0;baby:1.0;parking:1.0;nursing_room:1.0;남동구;아기랑 키즈카페,2026-08-22 20:34:25,toddler:1.0;indoor:0.9;play:1.0,2,85
네이버 장소검색 | 인천 남동구,사설키즈카페,미션파이브 CGV인천점,상시,영유아 및 어린이 (0세~9세),인천 남동구 미션파이브 CGV인천점,무료/유료 (플레이스 참조),인천 남동구에 위치한 인기 아기랑 키즈카페 명소인 [미션파이브 CGV인천점]입니다.,https://search.naver.com/search.naver?where=nexearch&query=%EC%9D%B8%EC%B2%9C%20%EB%82%A8%EB%8F%99%EA%B5%AC%20%EC%95%84%EA%B8%B0%EB%9E%91%20%ED%82%A4%EC%A6%88%EC%B9%B4%ED%8E%98,family:1.0;baby:1.0;parking:1.0;nursing_room:1.0;남동구;아기랑 키즈카페,2026-08-22 20:34:25,toddler:1.0;indoor:0.9;play:1.0,2,85
네이버 장소검색 | 인천 남동구,사설키즈카페,노리파크 서창지구점,상시,영유아 및 어린이 (0세~9세),인천 남동구 노리파크 서창지구점,무료/유료 (플레이스 참조),인천 남동구에 위치한 인기 아기랑 키즈카페 명소인 [노리파크 서창지구점]입니다.,https://search.naver.com/search.naver?where=nexearch&query=%EC%9D%B8%EC%B2%9C%20%EB%82%A8%EB%8F%99%EA%B5%AC%20%EC%95%84%EA%B8%B0%EB%9E%91%20%ED%82%A4%EC%A6%88%EC%B9%B4%ED%8E%98,family:1.0;baby:1.0;parking:1.0;nursing_room:1.0;남동구;아기랑 키즈카페,2026-08-22 20:34:25,toddler:1.0;indoor:0.9;play:1.0,2,85
네이버 장소검색 | 인천 남동구,사설키즈카페,비즈온더블럭 서창점,상시,영유아 및 어린이 (0세~9세),인천 남동구 비즈온더블럭 서창점,무료/유료 (플레이스 참조),인천 남동구에 위치한 인기 아기랑 키즈카페 명소인 [비즈온더블럭 서창점]입니다.,https://search.naver.com/search.naver?where=nexearch&query=%EC%9D%B8%EC%B2%9C%20%EB%82%A8%EB%8F%99%EA%B5%AC%20%EC%95%84%EA%B8%B0%EB%9E%91%20%ED%82%A4%EC%A6%88%EC%B9%B4%ED%8E%98,family:1.0;baby:1.0;parking:1.0;nursing_room:1.0;남동구;아기랑 키즈카페,2026-08-22 20:34:25,toddler:1.0;indoor:0.9;play:1.0,2,85
네이버 장소검색 | 인천 남동구,사설키즈카페,키즈카페 샤를롯데 호구포점,상시,영유아 및 어린이 (0세~9세),인천 남동구 키즈카페 샤를롯데 호구포점,무료/유료 (플레이스 참조),인천 남동구에 위치한 인기 아기랑 키즈카페 명소인 [키즈카페 샤를롯데 호구포점]입니다.,https://search.naver.com/search.naver?where=nexearch&query=%EC%9D%B8%EC%B2%9C%20%EB%82%A8%EB%8F%99%EA%B5%AC%20%EC%95%84%EA%B8%B0%EB%9E%91%20%ED%82%A4%EC%A6%88%EC%B9%B4%ED%8E%98,family:1.0;baby:1.0;parking:1.0;nursing_room:1.0;남동구;아기랑 키즈카페,2026-08-22 20:34:25,toddler:1.0;indoor:0.9;play:1.0,2,85
네이버 장소검색 | 인천 남동구,사설키즈카페,퍼플주니어키즈카페 서창점,상시,영유아 및 어린이 (0세~9세),인천 남동구 퍼플주니어키즈카페 서창점,무료/유료 (플레이스 참조),인천 남동구에 위치한 인기 아기랑 키즈카페 명소인 [퍼플주니어키즈카페 서창점]입니다.,https://search.naver.com/search.naver?where=nexearch&query=%EC%9D%B8%EC%B2%9C%20%EB%82%A8%EB%8F%99%EA%B5%AC%20%EC%95%84%EA%B8%B0%EB%9E%91%20%ED%82%A4%EC%A6%88%EC%B9%B4%ED%8E%98,family:1.0;baby:1.0;parking:1.0;nursing_room:1.0;남동구;아기랑 키즈카페,2026-08-22 20:34:25,toddler:1.0;indoor:0.9;play:1.0,2,85
네이버 장소검색 | 인천 남동구,자연친화,인천 남동구구월동 찬우물공원,상시,영유아 및 어린이 (0세~9세),인천 남동구 인천 남동구구월동 찬우물공원,무료/유료 (플레이스 참조),인천 남동구에 위치한 인기 아기랑 계곡 명소인 [인천 남동구구월동 찬우물공원]입니다.,https://search.naver.com/search.naver?where=nexearch&query=%EC%9D%B8%EC%B2%9C%20%EB%82%A8%EB%8F%99%EA%B5%AC%20%EC%95%84%EA%B8%B0%EB%9E%91%20%EA%B3%84%EA%B3%A1,family:1.0;baby:1.0;parking:1.0;nursing_room:1.0;남동구;아기랑 계곡,2026-08-22 20:34:25,valley:1.0;nature:1.0;water:1.0,2,85
네이버 장소검색 | 인천 남동구,자연친화,남동 물빛놀이터수영장,상시,영유아 및 어린이 (0세~9세),인천 남동구 남동 물빛놀이터수영장,무료/유료 (플레이스 참조),인천 남동구에 위치한 인기 아기랑 수영장 명소인 [남동 물빛놀이터수영장]입니다.,https://search.naver.com/search.naver?where=nexearch&query=%EC%9D%B8%EC%B2%9C%20%EB%82%A8%EB%8F%99%EA%B5%AC%20%EC%95%84%EA%B8%B0%EB%9E%91%20%EC%88%98%EC%98%81%EC%9E%A5,family:1.0;baby:1.0;parking:1.0;nursing_room:1.0;남동구;아기랑 수영장,2026-08-22 20:34:25,pool:1.0;water:1.0;outdoor:0.9,2,85
네이버 장소검색 | 인천 남동구,자연친화,아쿠아프랜즈 어린이수영장,상시,영유아 및 어린이 (0세~9세),인천 남동구 아쿠아프랜즈 어린이수영장,무료/유료 (플레이스 참조),인천 남동구에 위치한 인기 아기랑 수영장 명소인 [아쿠아프랜즈 어린이수영장]입니다.,https://search.naver.com/search.naver?where=nexearch&query=%EC%9D%B8%EC%B2%9C%20%EB%82%A8%EB%8F%99%EA%B5%AC%20%EC%95%84%EA%B8%B0%EB%9E%91%20%EC%88%98%EC%98%81%EC%9E%A5,family:1.0;baby:1.0;parking:1.0;nursing_room:1.0;남동구;아기랑 수영장,2026-08-22 20:34:25,pool:1.0;water:1.0;outdoor:0.9,2,85
네이버 장소검색 | 인천 남동구,자연친화,블루마린어린이수영장 인천논현점수영장,상시,영유아 및 어린이 (0세~9세),인천 남동구 블루마린어린이수영장 인천논현점수영장,무료/유료 (플레이스 참조),인천 남동구에 위치한 인기 아기랑 수영장 명소인 [블루마린어린이수영장 인천논현점수영장]입니다.,https://search.naver.com/search.naver?where=nexearch&query=%EC%9D%B8%EC%B2%9C%20%EB%82%A8%EB%8F%99%EA%B5%AC%20%EC%95%84%EA%B8%B0%EB%9E%91%20%EC%88%98%EC%98%81%EC%9E%A5,family:1.0;baby:1.0;parking:1.0;nursing_room:1.0;남동구;아기랑 수영장,2026-08-22 20:34:25,pool:1.0;water:1.0;outdoor:0.9,2,85
네이버 장소검색 | 인천 남동구,자연친화,아쿠아마린키즈스윔 구월점수영장,상시,영유아 및 어린이 (0세~9세),인천 남동구 아쿠아마린키즈스윔 구월점수영장,무료/유료 (플레이스 참조),인천 남동구에 위치한 인기 아기랑 수영장 명소인 [아쿠아마린키즈스윔 구월점수영장]입니다.,https://search.naver.com/search.naver?where=nexearch&query=%EC%9D%B8%EC%B2%9C%20%EB%82%A8%EB%8F%99%EA%B5%AC%20%EC%95%84%EA%B8%B0%EB%9E%91%20%EC%88%98%EC%98%81%EC%9E%A5,family:1.0;baby:1.0;parking:1.0;nursing_room:1.0;남동구;아기랑 수영장,2026-08-22 20:34:25,pool:1.0;water:1.0;outdoor:0.9,2,85
네이버 장소검색 | 인천 남동구,자연친화,일신스포츠센터수영장,상시,영유아 및 어린이 (0세~9세),인천 남동구 일신스포츠센터수영장,무료/유료 (플레이스 참조),인천 남동구에 위치한 인기 아기랑 수영장 명소인 [일신스포츠센터수영장]입니다.,https://search.naver.com/search.naver?where=nexearch&query=%EC%9D%B8%EC%B2%9C%20%EB%82%A8%EB%8F%99%EA%B5%AC%20%EC%95%84%EA%B8%B0%EB%9E%91%20%EC%88%98%EC%98%81%EC%9E%A5,family:1.0;baby:1.0;parking:1.0;nursing_room:1.0;남동구;아기랑 수영장,2026-08-22 20:34:25,pool:1.0;water:1.0;outdoor:0.9,2,85
네이버 장소검색 | 인천 남동구,자연친화,인천무료 물놀이터남동구논현동 한아름공원,상시,영유아 및 어린이 (0세~9세),인천 남동구 인천무료 물놀이터남동구논현동 한아름공원,무료/유료 (플레이스 참조),인천 남동구에 위치한 인기 아기랑 수영장 명소인 [인천무료 물놀이터남동구논현동 한아름공원]입니다.,https://search.naver.com/search.naver?where=nexearch&query=%EC%9D%B8%EC%B2%9C%20%EB%82%A8%EB%8F%99%EA%B5%AC%20%EC%95%84%EA%B8%B0%EB%9E%91%20%EC%88%98%EC%98%81%EC%9E%A5,family:1.0;baby:1.0;parking:1.0;nursing_room:1.0;남동구;아기랑 수영장,2026-08-22 20:34:25,pool:1.0;water:1.0;outdoor:0.9,2,85
네이버 장소검색 | 인천 남동구,자연친화,인천시남동구논현포대공원,상시,영유아 및 어린이 (0세~9세),인천 남동구 인천시남동구논현포대공원,무료/유료 (플레이스 참조),인천 남동구에 위치한 인기 아기랑 모래놀이 명소인 [인천시남동구논현포대공원]입니다.,https://search.naver.com/search.naver?where=nexearch&query=%EC%9D%B8%EC%B2%9C%20%EB%82%A8%EB%8F%99%EA%B5%AC%20%EC%95%84%EA%B8%B0%EB%9E%91%20%EB%AA%A8%EB%9E%98%EB%86%80%EC%9D%B4,family:1.0;baby:1.0;parking:1.0;nursing_room:1.0;남동구;아기랑 모래놀이,2026-08-22 20:34:25,sand:1.0;nature:1.0;play:0.9,2,85
네이버 장소검색 | 인천 남동구,자연친화,인천대공원공원,상시,영유아 및 어린이 (0세~9세),인천 남동구 인천대공원공원,무료/유료 (플레이스 참조),인천 남동구에 위치한 인기 아기랑 공원 명소인 [인천대공원공원]입니다.,https://search.naver.com/search.naver?where=nexearch&query=%EC%9D%B8%EC%B2%9C%20%EB%82%A8%EB%8F%99%EA%B5%AC%20%EC%95%84%EA%B8%B0%EB%9E%91%20%EA%B3%B5%EC%9B%90,family:1.0;baby:1.0;parking:1.0;nursing_room:1.0;남동구;아기랑 공원,2026-08-22 20:34:25,park:1.0;picnic:1.0;nature:1.0,2,85
네이버 장소검색 | 인천 남동구,자연친화,"소래습지생태공원자연,생태공원",상시,영유아 및 어린이 (0세~9세),"인천 남동구 소래습지생태공원자연,생태공원",무료/유료 (플레이스 참조),"인천 남동구에 위치한 인기 아기랑 공원 명소인 [소래습지생태공원자연,생태공원]입니다.",https://search.naver.com/search.naver?where=nexearch&query=%EC%9D%B8%EC%B2%9C%20%EB%82%A8%EB%8F%99%EA%B5%AC%20%EC%95%84%EA%B8%B0%EB%9E%91%20%EA%B3%B5%EC%9B%90,family:1.0;baby:1.0;parking:1.0;nursing_room:1.0;남동구;아기랑 공원,2026-08-22 20:34:25,park:1.0;picnic:1.0;nature:1.0,2,85
네이버 장소검색 | 인천 남동구,자연친화,중앙공원,상시,영유아 및 어린이 (0세~9세),인천 남동구 중앙공원,무료/유료 (플레이스 참조),인천 남동구에 위치한 인기 아기랑 공원 명소인 [중앙공원]입니다.,https://search.naver.com/search.naver?where=nexearch&query=%EC%9D%B8%EC%B2%9C%20%EB%82%A8%EB%8F%99%EA%B5%AC%20%EC%95%84%EA%B8%B0%EB%9E%91%20%EA%B3%B5%EC%9B%90,family:1.0;baby:1.0;parking:1.0;nursing_room:1.0;남동구;아기랑 공원,2026-08-22 20:34:25,park:1.0;picnic:1.0;nature:1.0,2,85
네이버 장소검색 | 인천 남동구,자연친화,구월체육공원,상시,영유아 및 어린이 (0세~9세),인천 남동구 구월체육공원,무료/유료 (플레이스 참조),인천 남동구에 위치한 인기 아기랑 공원 명소인 [구월체육공원]입니다.,https://search.naver.com/search.naver?where=nexearch&query=%EC%9D%B8%EC%B2%9C%20%EB%82%A8%EB%8F%99%EA%B5%AC%20%EC%95%84%EA%B8%B0%EB%9E%91%20%EA%B3%B5%EC%9B%90,family:1.0;baby:1.0;parking:1.0;nursing_room:1.0;남동구;아기랑 공원,2026-08-22 20:34:25,park:1.0;picnic:1.0;nature:1.0,2,85
네이버 장소검색 | 인천 남동구,자연친화,찬우물공원,상시,영유아 및 어린이 (0세~9세),인천 남동구 찬우물공원,무료/유료 (플레이스 참조),인천 남동구에 위치한 인기 아기랑 공원 명소인 [찬우물공원]입니다.,https://search.naver.com/search.naver?where=nexearch&query=%EC%9D%B8%EC%B2%9C%20%EB%82%A8%EB%8F%99%EA%B5%AC%20%EC%95%84%EA%B8%B0%EB%9E%91%20%EA%B3%B5%EC%9B%90,family:1.0;baby:1.0;parking:1.0;nursing_room:1.0;남동구;아기랑 공원,2026-08-22 20:34:25,park:1.0;picnic:1.0;nature:1.0,2,85
네이버 장소검색 | 인천 남동구,자연친화,인천시청부터 공원,상시,영유아 및 어린이 (0세~9세),인천 남동구 인천시청부터 공원,무료/유료 (플레이스 참조),인천 남동구에 위치한 인기 아기랑 공원 명소인 [인천시청부터 공원]입니다.,https://search.naver.com/search.naver?where=nexearch&query=%EC%9D%B8%EC%B2%9C%20%EB%82%A8%EB%8F%99%EA%B5%AC%20%EC%95%84%EA%B8%B0%EB%9E%91%20%EA%B3%B5%EC%9B%90,family:1.0;baby:1.0;parking:1.0;nursing_room:1.0;남동구;아기랑 공원,2026-08-22 20:34:25,park:1.0;picnic:1.0;nature:1.0,2,85
네이버 장소검색 | 인천 남동구,자연친화,논현포대공원,상시,영유아 및 어린이 (0세~9세),인천 남동구 논현포대공원,무료/유료 (플레이스 참조),인천 남동구에 위치한 인기 아기랑 공원 명소인 [논현포대공원]입니다.,https://search.naver.com/search.naver?where=nexearch&query=%EC%9D%B8%EC%B2%9C%20%EB%82%A8%EB%8F%99%EA%B5%AC%20%EC%95%84%EA%B8%B0%EB%9E%91%20%EA%B3%B5%EC%9B%90,family:1.0;baby:1.0;parking:1.0;nursing_room:1.0;남동구;아기랑 공원,2026-08-22 20:34:25,park:1.0;picnic:1.0;nature:1.0,2,85
네이버 장소검색 | 인천 남동구,자연친화,★남동구물놀이터★ ☞인천대공원 ☞ 어울공원,상시,영유아 및 어린이 (0세~9세),인천 남동구 ★남동구물놀이터★ ☞인천대공원 ☞ 어울공원,무료/유료 (플레이스 참조),인천 남동구에 위치한 인기 아기랑 물놀이터 명소인 [★남동구물놀이터★ ☞인천대공원 ☞ 어울공원]입니다.,https://search.naver.com/search.naver?where=nexearch&query=%EC%9D%B8%EC%B2%9C%20%EB%82%A8%EB%8F%99%EA%B5%AC%20%EC%95%84%EA%B8%B0%EB%9E%91%20%EB%AC%BC%EB%86%80%EC%9D%B4%ED%84%B0,family:1.0;baby:1.0;parking:1.0;nursing_room:1.0;남동구;아기랑 물놀이터,2026-08-22 20:34:25,water:1.0;outdoor:1.0;picnic:0.8,2,85
네이버 장소검색 | 인천 남동구,자연친화,인천무료물놀이터남동구논현동 한아름공원,상시,영유아 및 어린이 (0세~9세),인천 남동구 인천무료물놀이터남동구논현동 한아름공원,무료/유료 (플레이스 참조),인천 남동구에 위치한 인기 아기랑 물놀이터 명소인 [인천무료물놀이터남동구논현동 한아름공원]입니다.,https://search.naver.com/search.naver?where=nexearch&query=%EC%9D%B8%EC%B2%9C%20%EB%82%A8%EB%8F%99%EA%B5%AC%20%EC%95%84%EA%B8%B0%EB%9E%91%20%EB%AC%BC%EB%86%80%EC%9D%B4%ED%84%B0,family:1.0;baby:1.0;parking:1.0;nursing_room:1.0;남동구;아기랑 물놀이터,2026-08-22 20:34:25,water:1.0;outdoor:1.0;picnic:0.8,2,85
네이버 장소검색 | 인천 남동구,가족체험,인천유아미술,상시,영유아 및 어린이 (0세~9세),인천 남동구 인천유아미술,무료/유료 (플레이스 참조),인천 남동구에 위치한 인기 아기랑 미술 명소인 [인천유아미술]입니다.,https://search.naver.com/search.naver?where=nexearch&query=%EC%9D%B8%EC%B2%9C%20%EB%82%A8%EB%8F%99%EA%B5%AC%20%EC%95%84%EA%B8%B0%EB%9E%91%20%EB%AF%B8%EC%88%A0,family:1.0;baby:1.0;parking:1.0;nursing_room:1.0;남동구;아기랑 미술,2026-08-22 20:34:25,drawing:1.0;art:1.0;experience:1.0,2,85
네이버 장소검색 | 인천 남동구,가족체험,옥블리입니다 ❤️ 오늘은 기차왕국박물관카페,상시,영유아 및 어린이 (0세~9세),인천 남동구 옥블리입니다 ❤️ 오늘은 기차왕국박물관카페,무료/유료 (플레이스 참조),인천 남동구에 위치한 인기 아기랑 어린이박물관 명소인 [옥블리입니다 ❤️ 오늘은 기차왕국박물관카페]입니다.,https://search.naver.com/search.naver?where=nexearch&query=%EC%9D%B8%EC%B2%9C%20%EB%82%A8%EB%8F%99%EA%B5%AC%20%EC%95%84%EA%B8%B0%EB%9E%91%20%EC%96%B4%EB%A6%B0%EC%9D%B4%EB%B0%95%EB%AC%BC%EA%B4%80,family:1.0;baby:1.0;parking:1.0;nursing_room:1.0;남동구;아기랑 어린이박물관,2026-08-22 20:34:25,museum:1.0;hands_on:1.0;experience:1.0,2,85
네이버 장소검색 | 인천 부평구,사설키즈카페,라라키즈어드벤처 부평점,상시,영유아 및 어린이 (0세~9세),인천 부평구 라라키즈어드벤처 부평점,무료/유료 (플레이스 참조),인천 부평구에 위치한 인기 아기랑 키즈카페 명소인 [라라키즈어드벤처 부평점]입니다.,https://search.naver.com/search.naver?where=nexearch&query=%EC%9D%B8%EC%B2%9C%20%EB%B6%80%ED%8F%89%EA%B5%AC%20%EC%95%84%EA%B8%B0%EB%9E%91%20%ED%82%A4%EC%A6%88%EC%B9%B4%ED%8E%98,family:1.0;baby:1.0;parking:1.0;nursing_room:1.0;부평구;아기랑 키즈카페,2026-08-22 20:34:25,toddler:1.0;indoor:0.9;play:1.0,2,85
네이버 장소검색 | 인천 부평구,사설키즈카페,노리들노리쌤 인천점,상시,영유아 및 어린이 (0세~9세),인천 부평구 노리들노리쌤 인천점,무료/유료 (플레이스 참조),인천 부평구에 위치한 인기 아기랑 키즈카페 명소인 [노리들노리쌤 인천점]입니다.,https://search.naver.com/search.naver?where=nexearch&query=%EC%9D%B8%EC%B2%9C%20%EB%B6%80%ED%8F%89%EA%B5%AC%20%EC%95%84%EA%B8%B0%EB%9E%91%20%ED%82%A4%EC%A6%88%EC%B9%B4%ED%8E%98,family:1.0;baby:1.0;parking:1.0;nursing_room:1.0;부평구;아기랑 키즈카페,2026-08-22 20:34:25,toddler:1.0;indoor:0.9;play:1.0,2,85
네이버 장소검색 | 인천 부평구,사설키즈카페,육퇴성공 무인키즈룸 인천갈산점,상시,영유아 및 어린이 (0세~9세),인천 부평구 육퇴성공 무인키즈룸 인천갈산점,무료/유료 (플레이스 참조),인천 부평구에 위치한 인기 아기랑 키즈카페 명소인 [육퇴성공 무인키즈룸 인천갈산점]입니다.,https://search.naver.com/search.naver?where=nexearch&query=%EC%9D%B8%EC%B2%9C%20%EB%B6%80%ED%8F%89%EA%B5%AC%20%EC%95%84%EA%B8%B0%EB%9E%91%20%ED%82%A4%EC%A6%88%EC%B9%B4%ED%8E%98,family:1.0;baby:1.0;parking:1.0;nursing_room:1.0;부평구;아기랑 키즈카페,2026-08-22 20:34:25,toddler:1.0;indoor:0.9;play:1.0,2,85
네이버 장소검색 | 인천 부평구,사설키즈카페,마마지트 부평점,상시,영유아 및 어린이 (0세~9세),인천 부평구 마마지트 부평점,무료/유료 (플레이스 참조),인천 부평구에 위치한 인기 아기랑 키즈카페 명소인 [마마지트 부평점]입니다.,https://search.naver.com/search.naver?where=nexearch&query=%EC%9D%B8%EC%B2%9C%20%EB%B6%80%ED%8F%89%EA%B5%AC%20%EC%95%84%EA%B8%B0%EB%9E%91%20%ED%82%A4%EC%A6%88%EC%B9%B4%ED%8E%98,family:1.0;baby:1.0;parking:1.0;nursing_room:1.0;부평구;아기랑 키즈카페,2026-08-22 20:34:25,toddler:1.0;indoor:0.9;play:1.0,2,85
네이버 장소검색 | 인천 부평구,사설키즈카페,하얀별키즈룸 인천부평점,상시,영유아 및 어린이 (0세~9세),인천 부평구 하얀별키즈룸 인천부평점,무료/유료 (플레이스 참조),인천 부평구에 위치한 인기 아기랑 키즈카페 명소인 [하얀별키즈룸 인천부평점]입니다.,https://search.naver.com/search.naver?where=nexearch&query=%EC%9D%B8%EC%B2%9C%20%EB%B6%80%ED%8F%89%EA%B5%AC%20%EC%95%84%EA%B8%B0%EB%9E%91%20%ED%82%A4%EC%A6%88%EC%B9%B4%ED%8E%98,family:1.0;baby:1.0;parking:1.0;nursing_room:1.0;부평구;아기랑 키즈카페,2026-08-22 20:34:25,toddler:1.0;indoor:0.9;play:1.0,2,85
네이버 장소검색 | 인천 부평구,사설키즈카페,꿀잼키즈룸 부평점,상시,영유아 및 어린이 (0세~9세),인천 부평구 꿀잼키즈룸 부평점,무료/유료 (플레이스 참조),인천 부평구에 위치한 인기 아기랑 키즈카페 명소인 [꿀잼키즈룸 부평점]입니다.,https://search.naver.com/search.naver?where=nexearch&query=%EC%9D%B8%EC%B2%9C%20%EB%B6%80%ED%8F%89%EA%B5%AC%20%EC%95%84%EA%B8%B0%EB%9E%91%20%ED%82%A4%EC%A6%88%EC%B9%B4%ED%8E%98,family:1.0;baby:1.0;parking:1.0;nursing_room:1.0;부평구;아기랑 키즈카페,2026-08-22 20:34:25,toddler:1.0;indoor:0.9;play:1.0,2,85
네이버 장소검색 | 인천 부평구,사설키즈카페,부평키즈카페맛집 라라키즈어드벤처부평점(,상시,영유아 및 어린이 (0세~9세),인천 부평구 부평키즈카페맛집 라라키즈어드벤처부평점(,무료/유료 (플레이스 참조),인천 부평구에 위치한 인기 아기랑 키즈카페 명소인 [부평키즈카페맛집 라라키즈어드벤처부평점(]입니다.,https://search.naver.com/search.naver?where=nexearch&query=%EC%9D%B8%EC%B2%9C%20%EB%B6%80%ED%8F%89%EA%B5%AC%20%EC%95%84%EA%B8%B0%EB%9E%91%20%ED%82%A4%EC%A6%88%EC%B9%B4%ED%8E%98,family:1.0;baby:1.0;parking:1.0;nursing_room:1.0;부평구;아기랑 키즈카페,2026-08-22 20:34:25,toddler:1.0;indoor:0.9;play:1.0,2,85
네이버 장소검색 | 인천 부평구,사설키즈카페,인천시 천원,상시,영유아 및 어린이 (0세~9세),인천 부평구 인천시 천원,무료/유료 (플레이스 참조),인천 부평구에 위치한 인기 아기랑 키즈카페 명소인 [인천시 천원]입니다.,https://search.naver.com/search.naver?where=nexearch&query=%EC%9D%B8%EC%B2%9C%20%EB%B6%80%ED%8F%89%EA%B5%AC%20%EC%95%84%EA%B8%B0%EB%9E%91%20%ED%82%A4%EC%A6%88%EC%B9%B4%ED%8E%98,family:1.0;baby:1.0;parking:1.0;nursing_room:1.0;부평구;아기랑 키즈카페,2026-08-22 20:34:25,toddler:1.0;indoor:0.9;play:1.0,2,85
네이버 장소검색 | 인천 부평구,자연친화,갈산물놀이장 (부평구)부평구를,상시,영유아 및 어린이 (0세~9세),인천 부평구 갈산물놀이장 (부평구)부평구를,무료/유료 (플레이스 참조),인천 부평구에 위치한 인기 아기랑 계곡 명소인 [갈산물놀이장 (부평구)부평구를]입니다.,https://search.naver.com/search.naver?where=nexearch&query=%EC%9D%B8%EC%B2%9C%20%EB%B6%80%ED%8F%89%EA%B5%AC%20%EC%95%84%EA%B8%B0%EB%9E%91%20%EA%B3%84%EA%B3%A1,family:1.0;baby:1.0;parking:1.0;nursing_room:1.0;부평구;아기랑 계곡,2026-08-22 20:34:25,valley:1.0;nature:1.0;water:1.0,2,85
네이버 장소검색 | 인천 부평구,자연친화,오션하이스윔수영장,상시,영유아 및 어린이 (0세~9세),인천 부평구 오션하이스윔수영장,무료/유료 (플레이스 참조),인천 부평구에 위치한 인기 아기랑 수영장 명소인 [오션하이스윔수영장]입니다.,https://search.naver.com/search.naver?where=nexearch&query=%EC%9D%B8%EC%B2%9C%20%EB%B6%80%ED%8F%89%EA%B5%AC%20%EC%95%84%EA%B8%B0%EB%9E%91%20%EC%88%98%EC%98%81%EC%9E%A5,family:1.0;baby:1.0;parking:1.0;nursing_room:1.0;부평구;아기랑 수영장,2026-08-22 20:34:25,pool:1.0;water:1.0;outdoor:0.9,2,85
네이버 장소검색 | 인천 부평구,자연친화,아쿠아마린키즈스윔 부평점수영장,상시,영유아 및 어린이 (0세~9세),인천 부평구 아쿠아마린키즈스윔 부평점수영장,무료/유료 (플레이스 참조),인천 부평구에 위치한 인기 아기랑 수영장 명소인 [아쿠아마린키즈스윔 부평점수영장]입니다.,https://search.naver.com/search.naver?where=nexearch&query=%EC%9D%B8%EC%B2%9C%20%EB%B6%80%ED%8F%89%EA%B5%AC%20%EC%95%84%EA%B8%B0%EB%9E%91%20%EC%88%98%EC%98%81%EC%9E%A5,family:1.0;baby:1.0;parking:1.0;nursing_room:1.0;부평구;아기랑 수영장,2026-08-22 20:34:25,pool:1.0;water:1.0;outdoor:0.9,2,85
네이버 장소검색 | 인천 부평구,자연친화,아이쿠아수영장 부평점수영장,상시,영유아 및 어린이 (0세~9세),인천 부평구 아이쿠아수영장 부평점수영장,무료/유료 (플레이스 참조),인천 부평구에 위치한 인기 아기랑 수영장 명소인 [아이쿠아수영장 부평점수영장]입니다.,https://search.naver.com/search.naver?where=nexearch&query=%EC%9D%B8%EC%B2%9C%20%EB%B6%80%ED%8F%89%EA%B5%AC%20%EC%95%84%EA%B8%B0%EB%9E%91%20%EC%88%98%EC%98%81%EC%9E%A5,family:1.0;baby:1.0;parking:1.0;nursing_room:1.0;부평구;아기랑 수영장,2026-08-22 20:34:25,pool:1.0;water:1.0;outdoor:0.9,2,85
네이버 장소검색 | 인천 부평구,자연친화,음파음파어린이수영장,상시,영유아 및 어린이 (0세~9세),인천 부평구 음파음파어린이수영장,무료/유료 (플레이스 참조),인천 부평구에 위치한 인기 아기랑 수영장 명소인 [음파음파어린이수영장]입니다.,https://search.naver.com/search.naver?where=nexearch&query=%EC%9D%B8%EC%B2%9C%20%EB%B6%80%ED%8F%89%EA%B5%AC%20%EC%95%84%EA%B8%B0%EB%9E%91%20%EC%88%98%EC%98%81%EC%9E%A5,family:1.0;baby:1.0;parking:1.0;nursing_room:1.0;부평구;아기랑 수영장,2026-08-22 20:34:25,pool:1.0;water:1.0;outdoor:0.9,2,85
네이버 장소검색 | 인천 부평구,자연친화,갈산 물놀이장수영장,상시,영유아 및 어린이 (0세~9세),인천 부평구 갈산 물놀이장수영장,무료/유료 (플레이스 참조),인천 부평구에 위치한 인기 아기랑 수영장 명소인 [갈산 물놀이장수영장]입니다.,https://search.naver.com/search.naver?where=nexearch&query=%EC%9D%B8%EC%B2%9C%20%EB%B6%80%ED%8F%89%EA%B5%AC%20%EC%95%84%EA%B8%B0%EB%9E%91%20%EC%88%98%EC%98%81%EC%9E%A5,family:1.0;baby:1.0;parking:1.0;nursing_room:1.0;부평구;아기랑 수영장,2026-08-22 20:34:25,pool:1.0;water:1.0;outdoor:0.9,2,85
네이버 장소검색 | 인천 부평구,자연친화,여성문화회관 수영장,상시,영유아 및 어린이 (0세~9세),인천 부평구 여성문화회관 수영장,무료/유료 (플레이스 참조),인천 부평구에 위치한 인기 아기랑 수영장 명소인 [여성문화회관 수영장]입니다.,https://search.naver.com/search.naver?where=nexearch&query=%EC%9D%B8%EC%B2%9C%20%EB%B6%80%ED%8F%89%EA%B5%AC%20%EC%95%84%EA%B8%B0%EB%9E%91%20%EC%88%98%EC%98%81%EC%9E%A5,family:1.0;baby:1.0;parking:1.0;nursing_room:1.0;부평구;아기랑 수영장,2026-08-22 20:34:25,pool:1.0;water:1.0;outdoor:0.9,2,85
네이버 장소검색 | 인천 부평구,자연친화,"아이쿠아수영장부평점 (부평구부개동) - 학원비,",상시,영유아 및 어린이 (0세~9세),"인천 부평구 아이쿠아수영장부평점 (부평구부개동) - 학원비,",무료/유료 (플레이스 참조),"인천 부평구에 위치한 인기 아기랑 수영장 명소인 [아이쿠아수영장부평점 (부평구부개동) - 학원비,]입니다.",https://search.naver.com/search.naver?where=nexearch&query=%EC%9D%B8%EC%B2%9C%20%EB%B6%80%ED%8F%89%EA%B5%AC%20%EC%95%84%EA%B8%B0%EB%9E%91%20%EC%88%98%EC%98%81%EC%9E%A5,family:1.0;baby:1.0;parking:1.0;nursing_room:1.0;부평구;아기랑 수영장,2026-08-22 20:34:25,pool:1.0;water:1.0;outdoor:0.9,2,85
네이버 장소검색 | 인천 부평구,자연친화,★남동구 물놀이터★ ☞인천대공원 ☞ 어울공원,상시,영유아 및 어린이 (0세~9세),인천 부평구 ★남동구 물놀이터★ ☞인천대공원 ☞ 어울공원,무료/유료 (플레이스 참조),인천 부평구에 위치한 인기 아기랑 수영장 명소인 [★남동구 물놀이터★ ☞인천대공원 ☞ 어울공원]입니다.,https://search.naver.com/search.naver?where=nexearch&query=%EC%9D%B8%EC%B2%9C%20%EB%B6%80%ED%8F%89%EA%B5%AC%20%EC%95%84%EA%B8%B0%EB%9E%91%20%EC%88%98%EC%98%81%EC%9E%A5,family:1.0;baby:1.0;parking:1.0;nursing_room:1.0;부평구;아기랑 수영장,2026-08-22 20:34:25,pool:1.0;water:1.0;outdoor:0.9,2,85
네이버 장소검색 | 인천 부평구,자연친화,부평공원공원,상시,영유아 및 어린이 (0세~9세),인천 부평구 부평공원공원,무료/유료 (플레이스 참조),인천 부평구에 위치한 인기 아기랑 공원 명소인 [부평공원공원]입니다.,https://search.naver.com/search.naver?where=nexearch&query=%EC%9D%B8%EC%B2%9C%20%EB%B6%80%ED%8F%89%EA%B5%AC%20%EC%95%84%EA%B8%B0%EB%9E%91%20%EA%B3%B5%EC%9B%90,family:1.0;baby:1.0;parking:1.0;nursing_room:1.0;부평구;아기랑 공원,2026-08-22 20:34:25,park:1.0;picnic:1.0;nature:1.0,2,85
네이버 장소검색 | 인천 부평구,자연친화,"인천나비공원자연,생태공원",상시,영유아 및 어린이 (0세~9세),"인천 부평구 인천나비공원자연,생태공원",무료/유료 (플레이스 참조),"인천 부평구에 위치한 인기 아기랑 공원 명소인 [인천나비공원자연,생태공원]입니다.",https://search.naver.com/search.naver?where=nexearch&query=%EC%9D%B8%EC%B2%9C%20%EB%B6%80%ED%8F%89%EA%B5%AC%20%EC%95%84%EA%B8%B0%EB%9E%91%20%EA%B3%B5%EC%9B%90,family:1.0;baby:1.0;parking:1.0;nursing_room:1.0;부평구;아기랑 공원,2026-08-22 20:34:25,park:1.0;picnic:1.0;nature:1.0,2,85
네이버 장소검색 | 인천 부평구,자연친화,원적산공원공원,상시,영유아 및 어린이 (0세~9세),인천 부평구 원적산공원공원,무료/유료 (플레이스 참조),인천 부평구에 위치한 인기 아기랑 공원 명소인 [원적산공원공원]입니다.,https://search.naver.com/search.naver?where=nexearch&query=%EC%9D%B8%EC%B2%9C%20%EB%B6%80%ED%8F%89%EA%B5%AC%20%EC%95%84%EA%B8%B0%EB%9E%91%20%EA%B3%B5%EC%9B%90,family:1.0;baby:1.0;parking:1.0;nursing_room:1.0;부평구;아기랑 공원,2026-08-22 20:34:25,park:1.0;picnic:1.0;nature:1.0,2,85
네이버 장소검색 | 인천 부평구,자연친화,부평 신트리공원공원,상시,영유아 및 어린이 (0세~9세),인천 부평구 부평 신트리공원공원,무료/유료 (플레이스 참조),인천 부평구에 위치한 인기 아기랑 공원 명소인 [부평 신트리공원공원]입니다.,https://search.naver.com/search.naver?where=nexearch&query=%EC%9D%B8%EC%B2%9C%20%EB%B6%80%ED%8F%89%EA%B5%AC%20%EC%95%84%EA%B8%B0%EB%9E%91%20%EA%B3%B5%EC%9B%90,family:1.0;baby:1.0;parking:1.0;nursing_room:1.0;부평구;아기랑 공원,2026-08-22 20:34:25,park:1.0;picnic:1.0;nature:1.0,2,85
네이버 장소검색 | 인천 부평구,자연친화,마장공원공원,상시,영유아 및 어린이 (0세~9세),인천 부평구 마장공원공원,무료/유료 (플레이스 참조),인천 부평구에 위치한 인기 아기랑 공원 명소인 [마장공원공원]입니다.,https://search.naver.com/search.naver?where=nexearch&query=%EC%9D%B8%EC%B2%9C%20%EB%B6%80%ED%8F%89%EA%B5%AC%20%EC%95%84%EA%B8%B0%EB%9E%91%20%EA%B3%B5%EC%9B%90,family:1.0;baby:1.0;parking:1.0;nursing_room:1.0;부평구;아기랑 공원,2026-08-22 20:34:25,park:1.0;picnic:1.0;nature:1.0,2,85
네이버 장소검색 | 인천 부평구,자연친화,백운공원공원,상시,영유아 및 어린이 (0세~9세),인천 부평구 백운공원공원,무료/유료 (플레이스 참조),인천 부평구에 위치한 인기 아기랑 공원 명소인 [백운공원공원]입니다.,https://search.naver.com/search.naver?where=nexearch&query=%EC%9D%B8%EC%B2%9C%20%EB%B6%80%ED%8F%89%EA%B5%AC%20%EC%95%84%EA%B8%B0%EB%9E%91%20%EA%B3%B5%EC%9B%90,family:1.0;baby:1.0;parking:1.0;nursing_room:1.0;부평구;아기랑 공원,2026-08-22 20:34:25,park:1.0;picnic:1.0;nature:1.0,2,85
네이버 장소검색 | 인천 부평구,자연친화,부평갈산공원,상시,영유아 및 어린이 (0세~9세),인천 부평구 부평갈산공원,무료/유료 (플레이스 참조),인천 부평구에 위치한 인기 아기랑 공원 명소인 [부평갈산공원]입니다.,https://search.naver.com/search.naver?where=nexearch&query=%EC%9D%B8%EC%B2%9C%20%EB%B6%80%ED%8F%89%EA%B5%AC%20%EC%95%84%EA%B8%B0%EB%9E%91%20%EA%B3%B5%EC%9B%90,family:1.0;baby:1.0;parking:1.0;nursing_room:1.0;부평구;아기랑 공원,2026-08-22 20:34:25,park:1.0;picnic:1.0;nature:1.0,2,85
네이버 장소검색 | 인천 부평구,자연친화,아기와함께 놀기좋은 갈산공원,상시,영유아 및 어린이 (0세~9세),인천 부평구 아기와함께 놀기좋은 갈산공원,무료/유료 (플레이스 참조),인천 부평구에 위치한 인기 아기랑 공원 명소인 [아기와함께 놀기좋은 갈산공원]입니다.,https://search.naver.com/search.naver?where=nexearch&query=%EC%9D%B8%EC%B2%9C%20%EB%B6%80%ED%8F%89%EA%B5%AC%20%EC%95%84%EA%B8%B0%EB%9E%91%20%EA%B3%B5%EC%9B%90,family:1.0;baby:1.0;parking:1.0;nursing_room:1.0;부평구;아기랑 공원,2026-08-22 20:34:25,park:1.0;picnic:1.0;nature:1.0,2,85
네이버 장소검색 | 인천 계양구,사설키즈카페,월드킹 인천계양점,상시,영유아 및 어린이 (0세~9세),인천 계양구 월드킹 인천계양점,무료/유료 (플레이스 참조),인천 계양구에 위치한 인기 아기랑 키즈카페 명소인 [월드킹 인천계양점]입니다.,https://search.naver.com/search.naver?where=nexearch&query=%EC%9D%B8%EC%B2%9C%20%EA%B3%84%EC%96%91%EA%B5%AC%20%EC%95%84%EA%B8%B0%EB%9E%91%20%ED%82%A4%EC%A6%88%EC%B9%B4%ED%8E%98,family:1.0;baby:1.0;parking:1.0;nursing_room:1.0;계양구;아기랑 키즈카페,2026-08-22 20:34:25,toddler:1.0;indoor:0.9;play:1.0,2,85
네이버 장소검색 | 인천 계양구,사설키즈카페,봉봉키즈 계양부평점,상시,영유아 및 어린이 (0세~9세),인천 계양구 봉봉키즈 계양부평점,무료/유료 (플레이스 참조),인천 계양구에 위치한 인기 아기랑 키즈카페 명소인 [봉봉키즈 계양부평점]입니다.,https://search.naver.com/search.naver?where=nexearch&query=%EC%9D%B8%EC%B2%9C%20%EA%B3%84%EC%96%91%EA%B5%AC%20%EC%95%84%EA%B8%B0%EB%9E%91%20%ED%82%A4%EC%A6%88%EC%B9%B4%ED%8E%98,family:1.0;baby:1.0;parking:1.0;nursing_room:1.0;계양구;아기랑 키즈카페,2026-08-22 20:34:25,toddler:1.0;indoor:0.9;play:1.0,2,85
네이버 장소검색 | 인천 계양구,사설키즈카페,챔피언더블랙벨트 계양점,상시,영유아 및 어린이 (0세~9세),인천 계양구 챔피언더블랙벨트 계양점,무료/유료 (플레이스 참조),인천 계양구에 위치한 인기 아기랑 키즈카페 명소인 [챔피언더블랙벨트 계양점]입니다.,https://search.naver.com/search.naver?where=nexearch&query=%EC%9D%B8%EC%B2%9C%20%EA%B3%84%EC%96%91%EA%B5%AC%20%EC%95%84%EA%B8%B0%EB%9E%91%20%ED%82%A4%EC%A6%88%EC%B9%B4%ED%8E%98,family:1.0;baby:1.0;parking:1.0;nursing_room:1.0;계양구;아기랑 키즈카페,2026-08-22 20:34:25,toddler:1.0;indoor:0.9;play:1.0,2,85
네이버 장소검색 | 인천 계양구,사설키즈카페,프리미엄 무인키즈카페 더키즈랩 계양효성점,상시,영유아 및 어린이 (0세~9세),인천 계양구 프리미엄 무인키즈카페 더키즈랩 계양효성점,무료/유료 (플레이스 참조),인천 계양구에 위치한 인기 아기랑 키즈카페 명소인 [프리미엄 무인키즈카페 더키즈랩 계양효성점]입니다.,https://search.naver.com/search.naver?where=nexearch&query=%EC%9D%B8%EC%B2%9C%20%EA%B3%84%EC%96%91%EA%B5%AC%20%EC%95%84%EA%B8%B0%EB%9E%91%20%ED%82%A4%EC%A6%88%EC%B9%B4%ED%8E%98,family:1.0;baby:1.0;parking:1.0;nursing_room:1.0;계양구;아기랑 키즈카페,2026-08-22 20:34:25,toddler:1.0;indoor:0.9;play:1.0,2,85
네이버 장소검색 | 인천 계양구,사설키즈카페,레인보우스타 작전,상시,영유아 및 어린이 (0세~9세),인천 계양구 레인보우스타 작전,무료/유료 (플레이스 참조),인천 계양구에 위치한 인기 아기랑 키즈카페 명소인 [레인보우스타 작전]입니다.,https://search.naver.com/search.naver?where=nexearch&query=%EC%9D%B8%EC%B2%9C%20%EA%B3%84%EC%96%91%EA%B5%AC%20%EC%95%84%EA%B8%B0%EB%9E%91%20%ED%82%A4%EC%A6%88%EC%B9%B4%ED%8E%98,family:1.0;baby:1.0;parking:1.0;nursing_room:1.0;계양구;아기랑 키즈카페,2026-08-22 20:34:25,toddler:1.0;indoor:0.9;play:1.0,2,85
네이버 장소검색 | 인천 계양구,사설키즈카페,점핑파크 인천계양점,상시,영유아 및 어린이 (0세~9세),인천 계양구 점핑파크 인천계양점,무료/유료 (플레이스 참조),인천 계양구에 위치한 인기 아기랑 키즈카페 명소인 [점핑파크 인천계양점]입니다.,https://search.naver.com/search.naver?where=nexearch&query=%EC%9D%B8%EC%B2%9C%20%EA%B3%84%EC%96%91%EA%B5%AC%20%EC%95%84%EA%B8%B0%EB%9E%91%20%ED%82%A4%EC%A6%88%EC%B9%B4%ED%8E%98,family:1.0;baby:1.0;parking:1.0;nursing_room:1.0;계양구;아기랑 키즈카페,2026-08-22 20:34:25,toddler:1.0;indoor:0.9;play:1.0,2,85
네이버 장소검색 | 인천 계양구,사설키즈카페,계양구키즈카페맛집 점핑파크인천계양점(,상시,영유아 및 어린이 (0세~9세),인천 계양구 계양구키즈카페맛집 점핑파크인천계양점(,무료/유료 (플레이스 참조),인천 계양구에 위치한 인기 아기랑 키즈카페 명소인 [계양구키즈카페맛집 점핑파크인천계양점(]입니다.,https://search.naver.com/search.naver?where=nexearch&query=%EC%9D%B8%EC%B2%9C%20%EA%B3%84%EC%96%91%EA%B5%AC%20%EC%95%84%EA%B8%B0%EB%9E%91%20%ED%82%A4%EC%A6%88%EC%B9%B4%ED%8E%98,family:1.0;baby:1.0;parking:1.0;nursing_room:1.0;계양구;아기랑 키즈카페,2026-08-22 20:34:25,toddler:1.0;indoor:0.9;play:1.0,2,85
네이버 장소검색 | 인천 계양구,사설키즈카페,인천 계양아이랑 넓은키즈카페월드킹,상시,영유아 및 어린이 (0세~9세),인천 계양구 인천 계양아이랑 넓은키즈카페월드킹,무료/유료 (플레이스 참조),인천 계양구에 위치한 인기 아기랑 키즈카페 명소인 [인천 계양아이랑 넓은키즈카페월드킹]입니다.,https://search.naver.com/search.naver?where=nexearch&query=%EC%9D%B8%EC%B2%9C%20%EA%B3%84%EC%96%91%EA%B5%AC%20%EC%95%84%EA%B8%B0%EB%9E%91%20%ED%82%A4%EC%A6%88%EC%B9%B4%ED%8E%98,family:1.0;baby:1.0;parking:1.0;nursing_room:1.0;계양구;아기랑 키즈카페,2026-08-22 20:34:25,toddler:1.0;indoor:0.9;play:1.0,2,85
네이버 장소검색 | 인천 계양구,자연친화,스윔박스수영장,상시,영유아 및 어린이 (0세~9세),인천 계양구 스윔박스수영장,무료/유료 (플레이스 참조),인천 계양구에 위치한 인기 아기랑 수영장 명소인 [스윔박스수영장]입니다.,https://search.naver.com/search.naver?where=nexearch&query=%EC%9D%B8%EC%B2%9C%20%EA%B3%84%EC%96%91%EA%B5%AC%20%EC%95%84%EA%B8%B0%EB%9E%91%20%EC%88%98%EC%98%81%EC%9E%A5,family:1.0;baby:1.0;parking:1.0;nursing_room:1.0;계양구;아기랑 수영장,2026-08-22 20:34:25,pool:1.0;water:1.0;outdoor:0.9,2,85
네이버 장소검색 | 인천 계양구,자연친화,계양구효성수영장,상시,영유아 및 어린이 (0세~9세),인천 계양구 계양구효성수영장,무료/유료 (플레이스 참조),인천 계양구에 위치한 인기 아기랑 수영장 명소인 [계양구효성수영장]입니다.,https://search.naver.com/search.naver?where=nexearch&query=%EC%9D%B8%EC%B2%9C%20%EA%B3%84%EC%96%91%EA%B5%AC%20%EC%95%84%EA%B8%B0%EB%9E%91%20%EC%88%98%EC%98%81%EC%9E%A5,family:1.0;baby:1.0;parking:1.0;nursing_room:1.0;계양구;아기랑 수영장,2026-08-22 20:34:25,pool:1.0;water:1.0;outdoor:0.9,2,85
네이버 장소검색 | 인천 계양구,자연친화,진명스포아트수영장,상시,영유아 및 어린이 (0세~9세),인천 계양구 진명스포아트수영장,무료/유료 (플레이스 참조),인천 계양구에 위치한 인기 아기랑 수영장 명소인 [진명스포아트수영장]입니다.,https://search.naver.com/search.naver?where=nexearch&query=%EC%9D%B8%EC%B2%9C%20%EA%B3%84%EC%96%91%EA%B5%AC%20%EC%95%84%EA%B8%B0%EB%9E%91%20%EC%88%98%EC%98%81%EC%9E%A5,family:1.0;baby:1.0;parking:1.0;nursing_room:1.0;계양구;아기랑 수영장,2026-08-22 20:34:25,pool:1.0;water:1.0;outdoor:0.9,2,85
네이버 장소검색 | 인천 계양구,자연친화,하나로휘트니스힐링교육센터수영장,상시,영유아 및 어린이 (0세~9세),인천 계양구 하나로휘트니스힐링교육센터수영장,무료/유료 (플레이스 참조),인천 계양구에 위치한 인기 아기랑 수영장 명소인 [하나로휘트니스힐링교육센터수영장]입니다.,https://search.naver.com/search.naver?where=nexearch&query=%EC%9D%B8%EC%B2%9C%20%EA%B3%84%EC%96%91%EA%B5%AC%20%EC%95%84%EA%B8%B0%EB%9E%91%20%EC%88%98%EC%98%81%EC%9E%A5,family:1.0;baby:1.0;parking:1.0;nursing_room:1.0;계양구;아기랑 수영장,2026-08-22 20:34:25,pool:1.0;water:1.0;outdoor:0.9,2,85
네이버 장소검색 | 인천 계양구,자연친화,블루엔키즈수영장,상시,영유아 및 어린이 (0세~9세),인천 계양구 블루엔키즈수영장,무료/유료 (플레이스 참조),인천 계양구에 위치한 인기 아기랑 수영장 명소인 [블루엔키즈수영장]입니다.,https://search.naver.com/search.naver?where=nexearch&query=%EC%9D%B8%EC%B2%9C%20%EA%B3%84%EC%96%91%EA%B5%AC%20%EC%95%84%EA%B8%B0%EB%9E%91%20%EC%88%98%EC%98%81%EC%9E%A5,family:1.0;baby:1.0;parking:1.0;nursing_room:1.0;계양구;아기랑 수영장,2026-08-22 20:34:25,pool:1.0;water:1.0;outdoor:0.9,2,85
네이버 장소검색 | 인천 계양구,자연친화,계산자연수영장,상시,영유아 및 어린이 (0세~9세),인천 계양구 계산자연수영장,무료/유료 (플레이스 참조),인천 계양구에 위치한 인기 아기랑 수영장 명소인 [계산자연수영장]입니다.,https://search.naver.com/search.naver?where=nexearch&query=%EC%9D%B8%EC%B2%9C%20%EA%B3%84%EC%96%91%EA%B5%AC%20%EC%95%84%EA%B8%B0%EB%9E%91%20%EC%88%98%EC%98%81%EC%9E%A5,family:1.0;baby:1.0;parking:1.0;nursing_room:1.0;계양구;아기랑 수영장,2026-08-22 20:34:25,pool:1.0;water:1.0;outdoor:0.9,2,85
네이버 장소검색 | 인천 계양구,자연친화,인천 계양구오조산공원 무료,상시,영유아 및 어린이 (0세~9세),인천 계양구 인천 계양구오조산공원 무료,무료/유료 (플레이스 참조),인천 계양구에 위치한 인기 아기랑 수영장 명소인 [인천 계양구오조산공원 무료]입니다.,https://search.naver.com/search.naver?where=nexearch&query=%EC%9D%B8%EC%B2%9C%20%EA%B3%84%EC%96%91%EA%B5%AC%20%EC%95%84%EA%B8%B0%EB%9E%91%20%EC%88%98%EC%98%81%EC%9E%A5,family:1.0;baby:1.0;parking:1.0;nursing_room:1.0;계양구;아기랑 수영장,2026-08-22 20:34:25,pool:1.0;water:1.0;outdoor:0.9,2,85
네이버 장소검색 | 인천 계양구,자연친화,인천 계양오조산공원,상시,영유아 및 어린이 (0세~9세),인천 계양구 인천 계양오조산공원,무료/유료 (플레이스 참조),인천 계양구에 위치한 인기 아기랑 수영장 명소인 [인천 계양오조산공원]입니다.,https://search.naver.com/search.naver?where=nexearch&query=%EC%9D%B8%EC%B2%9C%20%EA%B3%84%EC%96%91%EA%B5%AC%20%EC%95%84%EA%B8%B0%EB%9E%91%20%EC%88%98%EC%98%81%EC%9E%A5,family:1.0;baby:1.0;parking:1.0;nursing_room:1.0;계양구;아기랑 수영장,2026-08-22 20:34:25,pool:1.0;water:1.0;outdoor:0.9,2,85
네이버 장소검색 | 인천 계양구,자연친화,계양효성,상시,영유아 및 어린이 (0세~9세),인천 계양구 계양효성,무료/유료 (플레이스 참조),인천 계양구에 위치한 인기 아기랑 수영장 명소인 [계양효성]입니다.,https://search.naver.com/search.naver?where=nexearch&query=%EC%9D%B8%EC%B2%9C%20%EA%B3%84%EC%96%91%EA%B5%AC%20%EC%95%84%EA%B8%B0%EB%9E%91%20%EC%88%98%EC%98%81%EC%9E%A5,family:1.0;baby:1.0;parking:1.0;nursing_room:1.0;계양구;아기랑 수영장,2026-08-22 20:34:25,pool:1.0;water:1.0;outdoor:0.9,2,85
네이버 장소검색 | 인천 계양구,자연친화,작전공원공원,상시,영유아 및 어린이 (0세~9세),인천 계양구 작전공원공원,무료/유료 (플레이스 참조),인천 계양구에 위치한 인기 아기랑 공원 명소인 [작전공원공원]입니다.,https://search.naver.com/search.naver?where=nexearch&query=%EC%9D%B8%EC%B2%9C%20%EA%B3%84%EC%96%91%EA%B5%AC%20%EC%95%84%EA%B8%B0%EB%9E%91%20%EA%B3%B5%EC%9B%90,family:1.0;baby:1.0;parking:1.0;nursing_room:1.0;계양구;아기랑 공원,2026-08-22 20:34:25,park:1.0;picnic:1.0;nature:1.0,2,85
네이버 장소검색 | 인천 계양구,자연친화,효성공원공원,상시,영유아 및 어린이 (0세~9세),인천 계양구 효성공원공원,무료/유료 (플레이스 참조),인천 계양구에 위치한 인기 아기랑 공원 명소인 [효성공원공원]입니다.,https://search.naver.com/search.naver?where=nexearch&query=%EC%9D%B8%EC%B2%9C%20%EA%B3%84%EC%96%91%EA%B5%AC%20%EC%95%84%EA%B8%B0%EB%9E%91%20%EA%B3%B5%EC%9B%90,family:1.0;baby:1.0;parking:1.0;nursing_room:1.0;계양구;아기랑 공원,2026-08-22 20:34:25,park:1.0;picnic:1.0;nature:1.0,2,85
네이버 장소검색 | 인천 계양구,자연친화,까치공원공원,상시,영유아 및 어린이 (0세~9세),인천 계양구 까치공원공원,무료/유료 (플레이스 참조),인천 계양구에 위치한 인기 아기랑 공원 명소인 [까치공원공원]입니다.,https://search.naver.com/search.naver?where=nexearch&query=%EC%9D%B8%EC%B2%9C%20%EA%B3%84%EC%96%91%EA%B5%AC%20%EC%95%84%EA%B8%B0%EB%9E%91%20%EA%B3%B5%EC%9B%90,family:1.0;baby:1.0;parking:1.0;nursing_room:1.0;계양구;아기랑 공원,2026-08-22 20:34:25,park:1.0;picnic:1.0;nature:1.0,2,85
네이버 장소검색 | 인천 계양구,자연친화,오조산공원공원,상시,영유아 및 어린이 (0세~9세),인천 계양구 오조산공원공원,무료/유료 (플레이스 참조),인천 계양구에 위치한 인기 아기랑 공원 명소인 [오조산공원공원]입니다.,https://search.naver.com/search.naver?where=nexearch&query=%EC%9D%B8%EC%B2%9C%20%EA%B3%84%EC%96%91%EA%B5%AC%20%EC%95%84%EA%B8%B0%EB%9E%91%20%EA%B3%B5%EC%9B%90,family:1.0;baby:1.0;parking:1.0;nursing_room:1.0;계양구;아기랑 공원,2026-08-22 20:34:25,park:1.0;picnic:1.0;nature:1.0,2,85
네이버 장소검색 | 인천 계양구,자연친화,경인아라뱃길수향원공원,상시,영유아 및 어린이 (0세~9세),인천 계양구 경인아라뱃길수향원공원,무료/유료 (플레이스 참조),인천 계양구에 위치한 인기 아기랑 공원 명소인 [경인아라뱃길수향원공원]입니다.,https://search.naver.com/search.naver?where=nexearch&query=%EC%9D%B8%EC%B2%9C%20%EA%B3%84%EC%96%91%EA%B5%AC%20%EC%95%84%EA%B8%B0%EB%9E%91%20%EA%B3%B5%EC%9B%90,family:1.0;baby:1.0;parking:1.0;nursing_room:1.0;계양구;아기랑 공원,2026-08-22 20:34:25,park:1.0;picnic:1.0;nature:1.0,2,85
네이버 장소검색 | 인천 계양구,자연친화,안골공원공원,상시,영유아 및 어린이 (0세~9세),인천 계양구 안골공원공원,무료/유료 (플레이스 참조),인천 계양구에 위치한 인기 아기랑 공원 명소인 [안골공원공원]입니다.,https://search.naver.com/search.naver?where=nexearch&query=%EC%9D%B8%EC%B2%9C%20%EA%B3%84%EC%96%91%EA%B5%AC%20%EC%95%84%EA%B8%B0%EB%9E%91%20%EA%B3%B5%EC%9B%90,family:1.0;baby:1.0;parking:1.0;nursing_room:1.0;계양구;아기랑 공원,2026-08-22 20:34:25,park:1.0;picnic:1.0;nature:1.0,2,85
네이버 장소검색 | 인천 계양구,자연친화,오조산공원,상시,영유아 및 어린이 (0세~9세),인천 계양구 오조산공원,무료/유료 (플레이스 참조),인천 계양구에 위치한 인기 아기랑 공원 명소인 [오조산공원]입니다.,https://search.naver.com/search.naver?where=nexearch&query=%EC%9D%B8%EC%B2%9C%20%EA%B3%84%EC%96%91%EA%B5%AC%20%EC%95%84%EA%B8%B0%EB%9E%91%20%EA%B3%B5%EC%9B%90,family:1.0;baby:1.0;parking:1.0;nursing_room:1.0;계양구;아기랑 공원,2026-08-22 20:34:25,park:1.0;picnic:1.0;nature:1.0,2,85
네이버 장소검색 | 인천 계양구,자연친화,계양구계산동에 있는 오조산공원,상시,영유아 및 어린이 (0세~9세),인천 계양구 계양구계산동에 있는 오조산공원,무료/유료 (플레이스 참조),인천 계양구에 위치한 인기 아기랑 공원 명소인 [계양구계산동에 있는 오조산공원]입니다.,https://search.naver.com/search.naver?where=nexearch&query=%EC%9D%B8%EC%B2%9C%20%EA%B3%84%EC%96%91%EA%B5%AC%20%EC%95%84%EA%B8%B0%EB%9E%91%20%EA%B3%B5%EC%9B%90,family:1.0;baby:1.0;parking:1.0;nursing_room:1.0;계양구;아기랑 공원,2026-08-22 20:34:25,park:1.0;picnic:1.0;nature:1.0,2,85
네이버 장소검색 | 인천 계양구,자연친화,인천계양구갈산공원,상시,영유아 및 어린이 (0세~9세),인천 계양구 인천계양구갈산공원,무료/유료 (플레이스 참조),인천 계양구에 위치한 인기 아기랑 물놀이터 명소인 [인천계양구갈산공원]입니다.,https://search.naver.com/search.naver?where=nexearch&query=%EC%9D%B8%EC%B2%9C%20%EA%B3%84%EC%96%91%EA%B5%AC%20%EC%95%84%EA%B8%B0%EB%9E%91%20%EB%AC%BC%EB%86%80%EC%9D%B4%ED%84%B0,family:1.0;baby:1.0;parking:1.0;nursing_room:1.0;계양구;아기랑 물놀이터,2026-08-22 20:34:25,water:1.0;outdoor:1.0;picnic:0.8,2,85
네이버 장소검색 | 인천 계양구,가족체험,방문미술홍익아트인천계양동화미술예비초등 교과서연계,상시,영유아 및 어린이 (0세~9세),인천 계양구 방문미술홍익아트인천계양동화미술예비초등 교과서연계,무료/유료 (플레이스 참조),인천 계양구에 위치한 인기 아기랑 미술 명소인 [방문미술홍익아트인천계양동화미술예비초등 교과서연계]입니다.,https://search.naver.com/search.naver?where=nexearch&query=%EC%9D%B8%EC%B2%9C%20%EA%B3%84%EC%96%91%EA%B5%AC%20%EC%95%84%EA%B8%B0%EB%9E%91%20%EB%AF%B8%EC%88%A0,family:1.0;baby:1.0;parking:1.0;nursing_room:1.0;계양구;아기랑 미술,2026-08-22 20:34:25,drawing:1.0;art:1.0;experience:1.0,2,85
네이버 장소검색 | 인천 서구,사설키즈카페,월드킹 인천점,상시,영유아 및 어린이 (0세~9세),인천 서구 월드킹 인천점,무료/유료 (플레이스 참조),인천 서구에 위치한 인기 아기랑 키즈카페 명소인 [월드킹 인천점]입니다.,https://search.naver.com/search.naver?where=nexearch&query=%EC%9D%B8%EC%B2%9C%20%EC%84%9C%EA%B5%AC%20%EC%95%84%EA%B8%B0%EB%9E%91%20%ED%82%A4%EC%A6%88%EC%B9%B4%ED%8E%98,family:1.0;baby:1.0;parking:1.0;nursing_room:1.0;서구;아기랑 키즈카페,2026-08-22 20:34:25,toddler:1.0;indoor:0.9;play:1.0,2,85
네이버 장소검색 | 인천 서구,사설키즈카페,타이니어스 키즈카페 청라점,상시,영유아 및 어린이 (0세~9세),인천 서구 타이니어스 키즈카페 청라점,무료/유료 (플레이스 참조),인천 서구에 위치한 인기 아기랑 키즈카페 명소인 [타이니어스 키즈카페 청라점]입니다.,https://search.naver.com/search.naver?where=nexearch&query=%EC%9D%B8%EC%B2%9C%20%EC%84%9C%EA%B5%AC%20%EC%95%84%EA%B8%B0%EB%9E%91%20%ED%82%A4%EC%A6%88%EC%B9%B4%ED%8E%98,family:1.0;baby:1.0;parking:1.0;nursing_room:1.0;서구;아기랑 키즈카페,2026-08-22 20:34:25,toddler:1.0;indoor:0.9;play:1.0,2,85
네이버 장소검색 | 인천 서구,사설키즈카페,헬로방방 검단신도시점,상시,영유아 및 어린이 (0세~9세),인천 서구 헬로방방 검단신도시점,무료/유료 (플레이스 참조),인천 서구에 위치한 인기 아기랑 키즈카페 명소인 [헬로방방 검단신도시점]입니다.,https://search.naver.com/search.naver?where=nexearch&query=%EC%9D%B8%EC%B2%9C%20%EC%84%9C%EA%B5%AC%20%EC%95%84%EA%B8%B0%EB%9E%91%20%ED%82%A4%EC%A6%88%EC%B9%B4%ED%8E%98,family:1.0;baby:1.0;parking:1.0;nursing_room:1.0;서구;아기랑 키즈카페,2026-08-22 20:34:25,toddler:1.0;indoor:0.9;play:1.0,2,85
네이버 장소검색 | 인천 서구,사설키즈카페,키즈다쿵2 검단점,상시,영유아 및 어린이 (0세~9세),인천 서구 키즈다쿵2 검단점,무료/유료 (플레이스 참조),인천 서구에 위치한 인기 아기랑 키즈카페 명소인 [키즈다쿵2 검단점]입니다.,https://search.naver.com/search.naver?where=nexearch&query=%EC%9D%B8%EC%B2%9C%20%EC%84%9C%EA%B5%AC%20%EC%95%84%EA%B8%B0%EB%9E%91%20%ED%82%A4%EC%A6%88%EC%B9%B4%ED%8E%98,family:1.0;baby:1.0;parking:1.0;nursing_room:1.0;서구;아기랑 키즈카페,2026-08-22 20:34:25,toddler:1.0;indoor:0.9;play:1.0,2,85
네이버 장소검색 | 인천 서구,사설키즈카페,아동놀이연구소 플레이랩 인천검단점,상시,영유아 및 어린이 (0세~9세),인천 서구 아동놀이연구소 플레이랩 인천검단점,무료/유료 (플레이스 참조),인천 서구에 위치한 인기 아기랑 키즈카페 명소인 [아동놀이연구소 플레이랩 인천검단점]입니다.,https://search.naver.com/search.naver?where=nexearch&query=%EC%9D%B8%EC%B2%9C%20%EC%84%9C%EA%B5%AC%20%EC%95%84%EA%B8%B0%EB%9E%91%20%ED%82%A4%EC%A6%88%EC%B9%B4%ED%8E%98,family:1.0;baby:1.0;parking:1.0;nursing_room:1.0;서구;아기랑 키즈카페,2026-08-22 20:34:25,toddler:1.0;indoor:0.9;play:1.0,2,85
네이버 장소검색 | 인천 서구,사설키즈카페,모래그리다,상시,영유아 및 어린이 (0세~9세),인천 서구 모래그리다,무료/유료 (플레이스 참조),인천 서구에 위치한 인기 아기랑 키즈카페 명소인 [모래그리다]입니다.,https://search.naver.com/search.naver?where=nexearch&query=%EC%9D%B8%EC%B2%9C%20%EC%84%9C%EA%B5%AC%20%EC%95%84%EA%B8%B0%EB%9E%91%20%ED%82%A4%EC%A6%88%EC%B9%B4%ED%8E%98,family:1.0;baby:1.0;parking:1.0;nursing_room:1.0;서구;아기랑 키즈카페,2026-08-22 20:34:25,toddler:1.0;indoor:0.9;play:1.0,2,85
네이버 장소검색 | 인천 서구,사설키즈카페,뒤뚱뒤뚱베이비카페–아기눈높이,상시,영유아 및 어린이 (0세~9세),인천 서구 뒤뚱뒤뚱베이비카페–아기눈높이,무료/유료 (플레이스 참조),인천 서구에 위치한 인기 아기랑 키즈카페 명소인 [뒤뚱뒤뚱베이비카페–아기눈높이]입니다.,https://search.naver.com/search.naver?where=nexearch&query=%EC%9D%B8%EC%B2%9C%20%EC%84%9C%EA%B5%AC%20%EC%95%84%EA%B8%B0%EB%9E%91%20%ED%82%A4%EC%A6%88%EC%B9%B4%ED%8E%98,family:1.0;baby:1.0;parking:1.0;nursing_room:1.0;서구;아기랑 키즈카페,2026-08-22 20:34:25,toddler:1.0;indoor:0.9;play:1.0,2,85
네이버 장소검색 | 인천 서구,자연친화,청라스포츠수영장,상시,영유아 및 어린이 (0세~9세),인천 서구 청라스포츠수영장,무료/유료 (플레이스 참조),인천 서구에 위치한 인기 아기랑 수영장 명소인 [청라스포츠수영장]입니다.,https://search.naver.com/search.naver?where=nexearch&query=%EC%9D%B8%EC%B2%9C%20%EC%84%9C%EA%B5%AC%20%EC%95%84%EA%B8%B0%EB%9E%91%20%EC%88%98%EC%98%81%EC%9E%A5,family:1.0;baby:1.0;parking:1.0;nursing_room:1.0;서구;아기랑 수영장,2026-08-22 20:34:25,pool:1.0;water:1.0;outdoor:0.9,2,85
네이버 장소검색 | 인천 서구,자연친화,야자수판다마을수영장,상시,영유아 및 어린이 (0세~9세),인천 서구 야자수판다마을수영장,무료/유료 (플레이스 참조),인천 서구에 위치한 인기 아기랑 수영장 명소인 [야자수판다마을수영장]입니다.,https://search.naver.com/search.naver?where=nexearch&query=%EC%9D%B8%EC%B2%9C%20%EC%84%9C%EA%B5%AC%20%EC%95%84%EA%B8%B0%EB%9E%91%20%EC%88%98%EC%98%81%EC%9E%A5,family:1.0;baby:1.0;parking:1.0;nursing_room:1.0;서구;아기랑 수영장,2026-08-22 20:34:25,pool:1.0;water:1.0;outdoor:0.9,2,85
네이버 장소검색 | 인천 서구,자연친화,슈퍼스타스위밍 루원수영장,상시,영유아 및 어린이 (0세~9세),인천 서구 슈퍼스타스위밍 루원수영장,무료/유료 (플레이스 참조),인천 서구에 위치한 인기 아기랑 수영장 명소인 [슈퍼스타스위밍 루원수영장]입니다.,https://search.naver.com/search.naver?where=nexearch&query=%EC%9D%B8%EC%B2%9C%20%EC%84%9C%EA%B5%AC%20%EC%95%84%EA%B8%B0%EB%9E%91%20%EC%88%98%EC%98%81%EC%9E%A5,family:1.0;baby:1.0;parking:1.0;nursing_room:1.0;서구;아기랑 수영장,2026-08-22 20:34:25,pool:1.0;water:1.0;outdoor:0.9,2,85
네이버 장소검색 | 인천 서구,자연친화,오션차일드 검단센터수영장,상시,영유아 및 어린이 (0세~9세),인천 서구 오션차일드 검단센터수영장,무료/유료 (플레이스 참조),인천 서구에 위치한 인기 아기랑 수영장 명소인 [오션차일드 검단센터수영장]입니다.,https://search.naver.com/search.naver?where=nexearch&query=%EC%9D%B8%EC%B2%9C%20%EC%84%9C%EA%B5%AC%20%EC%95%84%EA%B8%B0%EB%9E%91%20%EC%88%98%EC%98%81%EC%9E%A5,family:1.0;baby:1.0;parking:1.0;nursing_room:1.0;서구;아기랑 수영장,2026-08-22 20:34:25,pool:1.0;water:1.0;outdoor:0.9,2,85
네이버 장소검색 | 인천 서구,자연친화,스윔버블수영장,상시,영유아 및 어린이 (0세~9세),인천 서구 스윔버블수영장,무료/유료 (플레이스 참조),인천 서구에 위치한 인기 아기랑 수영장 명소인 [스윔버블수영장]입니다.,https://search.naver.com/search.naver?where=nexearch&query=%EC%9D%B8%EC%B2%9C%20%EC%84%9C%EA%B5%AC%20%EC%95%84%EA%B8%B0%EB%9E%91%20%EC%88%98%EC%98%81%EC%9E%A5,family:1.0;baby:1.0;parking:1.0;nursing_room:1.0;서구;아기랑 수영장,2026-08-22 20:34:25,pool:1.0;water:1.0;outdoor:0.9,2,85
네이버 장소검색 | 인천 서구,자연친화,테바 수중운동센터수영장,상시,영유아 및 어린이 (0세~9세),인천 서구 테바 수중운동센터수영장,무료/유료 (플레이스 참조),인천 서구에 위치한 인기 아기랑 수영장 명소인 [테바 수중운동센터수영장]입니다.,https://search.naver.com/search.naver?where=nexearch&query=%EC%9D%B8%EC%B2%9C%20%EC%84%9C%EA%B5%AC%20%EC%95%84%EA%B8%B0%EB%9E%91%20%EC%88%98%EC%98%81%EC%9E%A5,family:1.0;baby:1.0;parking:1.0;nursing_room:1.0;서구;아기랑 수영장,2026-08-22 20:34:25,pool:1.0;water:1.0;outdoor:0.9,2,85
네이버 장소검색 | 인천 서구,자연친화,서곶공원,상시,영유아 및 어린이 (0세~9세),인천 서구 서곶공원,무료/유료 (플레이스 참조),인천 서구에 위치한 인기 아기랑 모래놀이 명소인 [서곶공원]입니다.,https://search.naver.com/search.naver?where=nexearch&query=%EC%9D%B8%EC%B2%9C%20%EC%84%9C%EA%B5%AC%20%EC%95%84%EA%B8%B0%EB%9E%91%20%EB%AA%A8%EB%9E%98%EB%86%80%EC%9D%B4,family:1.0;baby:1.0;parking:1.0;nursing_room:1.0;서구;아기랑 모래놀이,2026-08-22 20:34:25,sand:1.0;nature:1.0;play:0.9,2,85
네이버 장소검색 | 인천 서구,자연친화,늘푸른공원공원,상시,영유아 및 어린이 (0세~9세),인천 서구 늘푸른공원공원,무료/유료 (플레이스 참조),인천 서구에 위치한 인기 아기랑 공원 명소인 [늘푸른공원공원]입니다.,https://search.naver.com/search.naver?where=nexearch&query=%EC%9D%B8%EC%B2%9C%20%EC%84%9C%EA%B5%AC%20%EC%95%84%EA%B8%B0%EB%9E%91%20%EA%B3%B5%EC%9B%90,family:1.0;baby:1.0;parking:1.0;nursing_room:1.0;서구;아기랑 공원,2026-08-22 20:34:25,park:1.0;picnic:1.0;nature:1.0,2,85
네이버 장소검색 | 인천 서구,자연친화,아라센트럴파크공원,상시,영유아 및 어린이 (0세~9세),인천 서구 아라센트럴파크공원,무료/유료 (플레이스 참조),인천 서구에 위치한 인기 아기랑 공원 명소인 [아라센트럴파크공원]입니다.,https://search.naver.com/search.naver?where=nexearch&query=%EC%9D%B8%EC%B2%9C%20%EC%84%9C%EA%B5%AC%20%EC%95%84%EA%B8%B0%EB%9E%91%20%EA%B3%B5%EC%9B%90,family:1.0;baby:1.0;parking:1.0;nursing_room:1.0;서구;아기랑 공원,2026-08-22 20:34:25,park:1.0;picnic:1.0;nature:1.0,2,85
네이버 장소검색 | 인천 서구,자연친화,원신공원,상시,영유아 및 어린이 (0세~9세),인천 서구 원신공원,무료/유료 (플레이스 참조),인천 서구에 위치한 인기 아기랑 공원 명소인 [원신공원]입니다.,https://search.naver.com/search.naver?where=nexearch&query=%EC%9D%B8%EC%B2%9C%20%EC%84%9C%EA%B5%AC%20%EC%95%84%EA%B8%B0%EB%9E%91%20%EA%B3%B5%EC%9B%90,family:1.0;baby:1.0;parking:1.0;nursing_room:1.0;서구;아기랑 공원,2026-08-22 20:34:25,park:1.0;picnic:1.0;nature:1.0,2,85
네이버 장소검색 | 인천 서구,자연친화,능내공원,상시,영유아 및 어린이 (0세~9세),인천 서구 능내공원,무료/유료 (플레이스 참조),인천 서구에 위치한 인기 아기랑 공원 명소인 [능내공원]입니다.,https://search.naver.com/search.naver?where=nexearch&query=%EC%9D%B8%EC%B2%9C%20%EC%84%9C%EA%B5%AC%20%EC%95%84%EA%B8%B0%EB%9E%91%20%EA%B3%B5%EC%9B%90,family:1.0;baby:1.0;parking:1.0;nursing_room:1.0;서구;아기랑 공원,2026-08-22 20:34:25,park:1.0;picnic:1.0;nature:1.0,2,85
네이버 장소검색 | 인천 서구,자연친화,도담공원공원,상시,영유아 및 어린이 (0세~9세),인천 서구 도담공원공원,무료/유료 (플레이스 참조),인천 서구에 위치한 인기 아기랑 공원 명소인 [도담공원공원]입니다.,https://search.naver.com/search.naver?where=nexearch&query=%EC%9D%B8%EC%B2%9C%20%EC%84%9C%EA%B5%AC%20%EC%95%84%EA%B8%B0%EB%9E%91%20%EA%B3%B5%EC%9B%90,family:1.0;baby:1.0;parking:1.0;nursing_room:1.0;서구;아기랑 공원,2026-08-22 20:34:25,park:1.0;picnic:1.0;nature:1.0,2,85
네이버 장소검색 | 인천 서구,자연친화,경서공원,상시,영유아 및 어린이 (0세~9세),인천 서구 경서공원,무료/유료 (플레이스 참조),인천 서구에 위치한 인기 아기랑 공원 명소인 [경서공원]입니다.,https://search.naver.com/search.naver?where=nexearch&query=%EC%9D%B8%EC%B2%9C%20%EC%84%9C%EA%B5%AC%20%EC%95%84%EA%B8%B0%EB%9E%91%20%EA%B3%B5%EC%9B%90,family:1.0;baby:1.0;parking:1.0;nursing_room:1.0;서구;아기랑 공원,2026-08-22 20:34:25,park:1.0;picnic:1.0;nature:1.0,2,85
네이버 장소검색 | 인천 서구,자연친화,갈산물놀이장 (부평구) 부평구를,상시,영유아 및 어린이 (0세~9세),인천 서구 갈산물놀이장 (부평구) 부평구를,무료/유료 (플레이스 참조),인천 서구에 위치한 인기 아기랑 물놀이터 명소인 [갈산물놀이장 (부평구) 부평구를]입니다.,https://search.naver.com/search.naver?where=nexearch&query=%EC%9D%B8%EC%B2%9C%20%EC%84%9C%EA%B5%AC%20%EC%95%84%EA%B8%B0%EB%9E%91%20%EB%AC%BC%EB%86%80%EC%9D%B4%ED%84%B0,family:1.0;baby:1.0;parking:1.0;nursing_room:1.0;서구;아기랑 물놀이터,2026-08-22 20:34:25,water:1.0;outdoor:1.0;picnic:0.8,2,85
네이버 장소검색 | 인천 서구,가족체험,방문미술홍익아트인천서구동화미술예비초등 교과서연계,상시,영유아 및 어린이 (0세~9세),인천 서구 방문미술홍익아트인천서구동화미술예비초등 교과서연계,무료/유료 (플레이스 참조),인천 서구에 위치한 인기 아기랑 미술 명소인 [방문미술홍익아트인천서구동화미술예비초등 교과서연계]입니다.,https://search.naver.com/search.naver?where=nexearch&query=%EC%9D%B8%EC%B2%9C%20%EC%84%9C%EA%B5%AC%20%EC%95%84%EA%B8%B0%EB%9E%91%20%EB%AF%B8%EC%88%A0,family:1.0;baby:1.0;parking:1.0;nursing_room:1.0;서구;아기랑 미술,2026-08-22 20:34:25,drawing:1.0;art:1.0;experience:1.0,2,85
네이버 장소검색 | 인천 서구,가족체험,베베팜 _,상시,영유아 및 어린이 (0세~9세),인천 서구 베베팜 _,무료/유료 (플레이스 참조),인천 서구에 위치한 인기 아기랑 농장체험 명소인 [베베팜 _]입니다.,https://search.naver.com/search.naver?where=nexearch&query=%EC%9D%B8%EC%B2%9C%20%EC%84%9C%EA%B5%AC%20%EC%95%84%EA%B8%B0%EB%9E%91%20%EB%86%8D%EC%9E%A5%EC%B2%B4%ED%97%98,family:1.0;baby:1.0;parking:1.0;nursing_room:1.0;서구;아기랑 농장체험,2026-08-22 20:34:25,farm:1.0;animal:1.0;experience:1.0,2,85
